// Generated by scripts/ugly/gen_font.py from Mansalva-Regular.ttf (SIL OFL 1.1). Do not edit by hand.
#pragma once
#include <EpdFontData.h>

static const uint8_t ugly_38Bitmaps[17299] = {
    0x06, 0x03, 0x81, 0xC0, 0xF0, 0x78, 0x3C, 0x3E, 0x1F, 0x0F, 0x87, 0x83, 0xC1, 0xE0, 0xF0, 0xF0,
    0x78, 0x3C, 0x1E, 0x0E, 0x0F, 0x07, 0x83, 0xC1, 0xC0, 0xC0, 0x00, 0x00, 0x70, 0x3C, 0x1E, 0x07,
    0x00, 0x3D, 0xE7, 0xBC, 0xE7, 0x9C, 0xF3, 0x9E, 0x73, 0x9C, 0x73, 0x8E, 0x73, 0x8C, 0x73, 0x0C,
    0x61, 0x00, 0x00, 0x38, 0x00, 0x00, 0x3C, 0x00, 0x00, 0x3C, 0x60, 0x00, 0x78, 0x70, 0x00, 0x78,
    0x70, 0x00, 0x78, 0xF0, 0x00, 0x70, 0xF0, 0x00, 0xF0, 0xF0, 0x00, 0xF1, 0xFE, 0x07, 0xFF, 0xFC,
    0x7F, 0xFF, 0xE0, 0x7F, 0xF1, 0xE0, 0x01, 0xE1, 0xE0, 0x01, 0xE1, 0xC0, 0x01, 0xC1, 0xF8, 0x01,
    0xFF, 0xFF, 0x3F, 0xFF, 0xFC, 0xFF, 0xFF, 0xC0, 0x7F, 0xC3, 0x80, 0x07, 0x83, 0x80, 0x07, 0x83,
    0x80, 0x07, 0x07, 0x80, 0x07, 0x07, 0x00, 0x0F, 0x07, 0x00, 0x0F, 0x07, 0x00, 0x0E, 0x06, 0x00,
    0x0E, 0x06, 0x00, 0x06, 0x04, 0x00, 0x03, 0x80, 0x01, 0xE0, 0x00, 0xF0, 0x00, 0x78, 0x00, 0x3C,
    0x00, 0x1E, 0x00, 0x07, 0xF0, 0x07, 0xFC, 0x07, 0xFF, 0x0F, 0xFF, 0x1F, 0xF0, 0x0F, 0x38, 0x0F,
    0x1C, 0x07, 0x8E, 0x03, 0xC7, 0xC1, 0xE3, 0xFC, 0x7F, 0xFF, 0x1F, 0xE3, 0xC7, 0xF1, 0xE0, 0x38,
    0xF0, 0x1C, 0x70, 0x0E, 0x78, 0x07, 0xF8, 0x03, 0xF8, 0x1F, 0xF8, 0x0F, 0xF0, 0x01, 0xF8, 0x00,
    0x3C, 0x00, 0x1E, 0x00, 0x0F, 0x00, 0x03, 0x80, 0x01, 0xC0, 0x00, 0xE0, 0x00, 0x70, 0x00, 0x30,
    0x00, 0x01, 0xE0, 0x00, 0x01, 0x3C, 0x00, 0x01, 0x86, 0x00, 0x00, 0xC3, 0x80, 0x00, 0xE1, 0xC0,
    0x00, 0x70, 0xF0, 0x70, 0x18, 0x78, 0xFC, 0x0E, 0x3C, 0xFC, 0x07, 0x3C, 0x7C, 0x01, 0xFC, 0x7C,
    0x00, 0x7C, 0x7E, 0x00, 0x00, 0x7E, 0x00, 0x00, 0x7E, 0x00, 0x00, 0x7E, 0x00, 0x00, 0x7E, 0x00,
    0x00, 0x7E, 0x00, 0x00, 0x7E, 0x00, 0x00, 0x7E, 0x00, 0x00, 0x7E, 0x00, 0x00, 0x7E, 0x04, 0x00,
    0x7E, 0x07, 0xE0, 0x3E, 0x07, 0x38, 0x3E, 0x07, 0x8E, 0x3E, 0x03, 0xC7, 0x3C, 0x01, 0xE3, 0xBC,
    0x00, 0x71, 0xDC, 0x00, 0x3C, 0xFC, 0x00, 0x0F, 0xF0, 0x00, 0x03, 0xE0, 0x0F, 0xE0, 0x00, 0xFF,
    0xC0, 0x07, 0xCF, 0x00, 0x3E, 0x1E, 0x00, 0xF0, 0x78, 0x03, 0xC1, 0xE0, 0x0F, 0x07, 0x80, 0x3C,
    0x3E, 0x00, 0xF0, 0xF0, 0x03, 0xC3, 0xC0, 0x07, 0x9E, 0x00, 0x0F, 0xF0, 0x30, 0x1F, 0xC0, 0xE0,
    0x7E, 0x07, 0x81, 0xFC, 0x1C, 0x0F, 0xF8, 0xF0, 0x7F, 0xF3, 0xC1, 0xE3, 0xFE, 0x07, 0x83, 0xF8,
    0x3C, 0x07, 0xE0, 0xF0, 0x1F, 0xC1, 0xC0, 0xFF, 0xC7, 0x87, 0xCF, 0x1E, 0x3E, 0x1E, 0x3F, 0xF0,
    0x78, 0x7F, 0x80, 0xF0, 0xF8, 0x03, 0xC0, 0x00, 0x0F, 0x00, 0x00, 0x18, 0x77, 0x77, 0x7E, 0xEE,
    0x00, 0x30, 0x03, 0xC0, 0x3E, 0x03, 0xE0, 0x3E, 0x03, 0xE0, 0x1E, 0x01, 0xF0, 0x1F, 0x00, 0xF0,
    0x07, 0x80, 0x78, 0x03, 0xC0, 0x3C, 0x01, 0xE0, 0x0F, 0x00, 0x70, 0x03, 0x80, 0x3C, 0x01, 0xE0,
    0x0F, 0x00, 0x38, 0x01, 0xC0, 0x0F, 0x00, 0x3C, 0x00, 0xF0, 0x03, 0xF0, 0x07, 0xC0, 0x0F, 0x00,
    0xE0, 0x1C, 0x03, 0x80, 0xF0, 0x1E, 0x03, 0xC0, 0x70, 0x1E, 0x07, 0x80, 0xE0, 0x38, 0x0F, 0x03,
    0xC0, 0x70, 0x1C, 0x0F, 0x03, 0xC0, 0xF0, 0x3C, 0x0E, 0x07, 0x81, 0xE0, 0xF0, 0x3C, 0x1E, 0x0F,
    0x83, 0x80, 0x00, 0x00, 0x80, 0x38, 0x71, 0xC7, 0x9E, 0x3E, 0xFB, 0x83, 0xCF, 0xF0, 0x3F, 0xFF,
    0xC3, 0xFF, 0xF8, 0x3F, 0xFC, 0x07, 0xFF, 0x01, 0xFF, 0x80, 0xFF, 0xF8, 0x3F, 0xFF, 0x8F, 0xFF,
    0xF8, 0xFF, 0xF3, 0x81, 0xFE, 0x18, 0x7F, 0xC0, 0x0F, 0xF8, 0x03, 0xEF, 0x00, 0x78, 0xC0, 0x00,
    0x18, 0x00, 0x03, 0x00, 0x00, 0x20, 0x00, 0x00, 0x70, 0x00, 0x01, 0xE0, 0x00, 0x07, 0x80, 0x00,
    0x1F, 0x00, 0x00, 0x7C, 0x00, 0x01, 0xF0, 0x00, 0x07, 0xC0, 0x00, 0x1F, 0xFF, 0x00, 0xFF, 0xF8,
    0x1F, 0xFF, 0xC3, 0xFF, 0xFE, 0x1F, 0xFF, 0x00, 0xFF, 0xF0, 0x03, 0xFF, 0xC0, 0x07, 0x8F, 0x00,
    0x00, 0x78, 0x00, 0x01, 0xE0, 0x00, 0x07, 0x80, 0x00, 0x1C, 0x00, 0x00, 0x70, 0x00, 0x01, 0x80,
    0x00, 0x04, 0x00, 0x00, 0x0F, 0x1F, 0x1E, 0x1E, 0x3E, 0x3C, 0x3C, 0x78, 0x78, 0x70, 0xE0, 0xC0,
    0x01, 0xFF, 0x07, 0xFF, 0xFC, 0xFF, 0xFF, 0xE7, 0xFF, 0xFF, 0x3F, 0x00, 0x00, 0x33, 0xFE, 0xF7,
    0x00, 0x00, 0xE0, 0x07, 0xC0, 0x3E, 0x03, 0xE0, 0x1F, 0x00, 0xF8, 0x07, 0xC0, 0x7C, 0x03, 0xE0,
    0x1F, 0x00, 0xF0, 0x0F, 0x80, 0x7C, 0x03, 0xE0, 0x1E, 0x00, 0xF0, 0x0F, 0x80, 0x7C, 0x03, 0xC0,
    0x1E, 0x01, 0xF0, 0x0F, 0x80, 0x78, 0x03, 0xC0, 0x3E, 0x01, 0xE0, 0x0F, 0x00, 0xF8, 0x07, 0xC0,
    0x3C, 0x01, 0xE0, 0x0F, 0x00, 0xF0, 0x07, 0x80, 0x1C, 0x00, 0x00, 0x3E, 0x00, 0x7F, 0x80, 0x7F,
    0xC0, 0x7F, 0x80, 0x7E, 0x60, 0x7E, 0x10, 0x7E, 0x0C, 0x7E, 0x07, 0x3E, 0x03, 0xBE, 0x03, 0xDF,
    0x01, 0xEF, 0x00, 0xFF, 0x80, 0x7F, 0xC0, 0x3F, 0xC0, 0x3F, 0xE0, 0x1E, 0x70, 0x1F, 0x38, 0x0F,
    0x9C, 0x0F, 0x8F, 0x0F, 0x83, 0x8F, 0xC0, 0xFF, 0xC0, 0x3F, 0xC0, 0x0F, 0x80, 0x00, 0xE0, 0x1F,
    0x03, 0xF0, 0x3F, 0x07, 0xF0, 0xFF, 0x1F, 0x71, 0xE7, 0x3C, 0x77, 0x87, 0xF0, 0x7F, 0x07, 0x60,
    0x70, 0x07, 0x00, 0x70, 0x07, 0x00, 0x70, 0x07, 0x00, 0x70, 0x07, 0x00, 0x70, 0x07, 0x00, 0x70,
    0x07, 0x00, 0x70, 0x07, 0x01, 0xF0, 0x00, 0x7F, 0x80, 0x1F, 0xF8, 0x03, 0xF3, 0xC0, 0x7E, 0x3C,
    0x07, 0xC3, 0xC0, 0xF8, 0x78, 0x07, 0x07, 0x80, 0x20, 0xF0, 0x00, 0x0F, 0x00, 0x01, 0xE0, 0x00,
    0x1E, 0x00, 0x03, 0xC0, 0x00, 0x3C, 0x00, 0x07, 0x80, 0x00, 0xF8, 0x00, 0x0F, 0x00, 0x01, 0xF0,
    0x00, 0x1E, 0x01, 0xF1, 0xE0, 0xFE, 0x3F, 0xFF, 0xC1, 0xFF, 0xE0, 0x03, 0xF8, 0x00, 0x0F, 0x01,
    0xFC, 0x3F, 0xE0, 0x8F, 0x80, 0x78, 0x03, 0xC0, 0x3C, 0x01, 0xE0, 0x1F, 0xE1, 0xFF, 0x8F, 0x9E,
    0xF0, 0xF7, 0x07, 0x80, 0x3C, 0x01, 0xE0, 0x0F, 0x00, 0x78, 0x03, 0xC0, 0x3E, 0x01, 0xE0, 0x1F,
    0x00, 0xF0, 0x0F, 0x80, 0xF8, 0x1F, 0x80, 0x78, 0x00, 0x00, 0x7E, 0x00, 0x3F, 0x80, 0x1F, 0xF0,
    0x0F, 0xFC, 0x07, 0xDE, 0x01, 0xE7, 0x80, 0xF9, 0xE0, 0x3C, 0x78, 0x1E, 0x1E, 0x0F, 0x07, 0x83,
    0xC1, 0xC1, 0xE0, 0x7F, 0x78, 0x3F, 0xDE, 0x1F, 0xEF, 0x3F, 0xC3, 0xFF, 0xF0, 0x7F, 0xF8, 0x0F,
    0x0E, 0x00, 0x03, 0x80, 0x00, 0xE0, 0x00, 0x38, 0x00, 0x0E, 0x00, 0x03, 0x80, 0x00, 0xE0, 0x00,
    0x38, 0x00, 0x0E, 0x00, 0x03, 0x80, 0x00, 0xC0, 0x00, 0x30, 0x00, 0x00, 0x03, 0xFE, 0x01, 0xFF,
    0xFC, 0x07, 0xFF, 0xF0, 0x1F, 0xF8, 0x00, 0x7E, 0x00, 0x01, 0xF8, 0x00, 0x03, 0xE0, 0x00, 0x0F,
    0xC0, 0x00, 0x3F, 0x00, 0x00, 0xFE, 0x00, 0x00, 0x7E, 0x00, 0x00, 0x1E, 0x00, 0x00, 0x1F, 0x00,
    0x00, 0x1F, 0x00, 0x00, 0x1E, 0x00, 0x00, 0x3E, 0x00, 0x00, 0x3C, 0x00, 0x00, 0x78, 0x00, 0x01,
    0xF0, 0x00, 0x03, 0xC0, 0x00, 0x0F, 0x80, 0x00, 0x3E, 0x00, 0x3F, 0xFC, 0x00, 0x3F, 0xF0, 0x00,
    0x1F, 0x80, 0x00, 0x00, 0xE0, 0x01, 0xF8, 0x01, 0xFE, 0x00, 0xF8, 0x00, 0xF8, 0x00, 0xF8, 0x00,
    0x78, 0x00, 0x7C, 0x00, 0x3C, 0x00, 0x3E, 0x00, 0x1E, 0x00, 0x0F, 0x00, 0x07, 0x80, 0x07, 0xC0,
    0x03, 0xE0, 0x01, 0xF0, 0x70, 0x78, 0x7E, 0x3C, 0x7F, 0x8E, 0x79, 0xC7, 0xF8, 0xF1, 0xF8, 0x78,
    0x7C, 0x78, 0x1F, 0xFC, 0x07, 0xFC, 0x00, 0xF8, 0x00, 0x03, 0xFF, 0xBF, 0xFF, 0xFF, 0xFF, 0xFD,
    0xFC, 0x1F, 0x00, 0x03, 0xC0, 0x00, 0xE0, 0x00, 0x78, 0x00, 0x1C, 0x00, 0x0F, 0x00, 0x03, 0x80,
    0x00, 0xE0, 0x00, 0x78, 0x00, 0x1C, 0x00, 0x0F, 0x00, 0x03, 0xC0, 0x00, 0xE0, 0x00, 0x78, 0x00,
    0x1E, 0x00, 0x07, 0x00, 0x03, 0xC0, 0x00, 0xF0, 0x00, 0x78, 0x00, 0x1E, 0x00, 0x07, 0x80, 0x01,
    0xC0, 0x00, 0x03, 0xE0, 0x07, 0xF8, 0x1F, 0xFC, 0x3F, 0x0E, 0x3E, 0x0E, 0x7C, 0x1E, 0x7C, 0x3E,
    0x7C, 0x3E, 0x78, 0xFC, 0x7F, 0xF8, 0x3F, 0xF8, 0x1F, 0x9C, 0x0F, 0x1E, 0x1E, 0x1E, 0x1C, 0x0E,
    0x38, 0x0F, 0x38, 0x0F, 0x78, 0x0F, 0x78, 0x0F, 0x78, 0x1F, 0xF8, 0x1E, 0xF8, 0x3E, 0xF8, 0x3E,
    0x78, 0x3C, 0x78, 0x7C, 0x3C, 0xFC, 0x1F, 0xF8, 0x0F, 0xF0, 0x07, 0xC0, 0x00, 0xF8, 0x03, 0xFE,
    0x0F, 0xFF, 0x1F, 0xCF, 0x1F, 0x02, 0x3E, 0x00, 0x7C, 0x00, 0x78, 0x0C, 0xF8, 0x1E, 0xF0, 0x3E,
    0xF0, 0x7E, 0x71, 0xFE, 0x7F, 0xFE, 0x3F, 0xFC, 0x0F, 0x3C, 0x00, 0x3C, 0x00, 0x3C, 0x00, 0x3C,
    0x00, 0x3C, 0x00, 0x38, 0x00, 0x38, 0x00, 0x38, 0x00, 0x38, 0x00, 0x38, 0x00, 0x3C, 0x00, 0x3C,
    0x00, 0x3C, 0x00, 0x1C, 0x00, 0x1C, 0x00, 0x1C, 0x71, 0xE3, 0xCF, 0x1C, 0x00, 0x00, 0xC3, 0x87,
    0x9F, 0x3C, 0x70, 0x73, 0xDE, 0xF0, 0x00, 0x8E, 0x73, 0x9C, 0xE7, 0x39, 0xCE, 0x73, 0x39, 0x88,
    0x00, 0x00, 0x03, 0xE0, 0x00, 0x3F, 0x80, 0x03, 0xFC, 0x00, 0x3F, 0xC0, 0x03, 0xF8, 0x00, 0x3F,
    0x80, 0x03, 0xF8, 0x00, 0x1F, 0x80, 0x01, 0xF8, 0x00, 0x1F, 0x80, 0x01, 0xF8, 0x00, 0x1F, 0x80,
    0x01, 0xF8, 0x00, 0x1F, 0x80, 0x01, 0xFC, 0x00, 0x0F, 0xC0, 0x00, 0xFF, 0x80, 0x03, 0xFF, 0x80,
    0x07, 0xFF, 0xF8, 0x00, 0xFF, 0xF0, 0x00, 0x7F, 0x80, 0x7F, 0xFF, 0x9F, 0xFF, 0xF3, 0xFF, 0xFF,
    0x1F, 0x00, 0x00, 0x00, 0x00, 0x00, 0x00, 0x00, 0x03, 0xF1, 0xFF, 0xFF, 0x1F, 0xFF, 0xE0, 0xFF,
    0xF8, 0x1C, 0x00, 0x07, 0x00, 0x03, 0xE0, 0x00, 0xF8, 0x00, 0x3E, 0x00, 0x0F, 0x80, 0x03, 0xF0,
    0x00, 0xFC, 0x00, 0x3F, 0x00, 0x0F, 0xC0, 0x0F, 0xE0, 0x3F, 0xF0, 0x7F, 0xF0, 0xFF, 0xC0, 0xFF,
    0x80, 0xFE, 0x00, 0xFE, 0x00, 0x3C, 0x00, 0x00, 0x03, 0xE0, 0x0F, 0xF8, 0x3F, 0xFC, 0x3F, 0xFE,
    0x3E, 0x1E, 0x1C, 0x1F, 0x00, 0x1F, 0x00, 0x3E, 0x00, 0x3E, 0x00, 0x7E, 0x00, 0xFC, 0x01, 0xF8,
    0x01, 0xF8, 0x03, 0xF0, 0x07, 0xE0, 0x0F, 0xC0, 0x1F, 0x80, 0x3F, 0x00, 0x3E, 0x00, 0x7C, 0x00,
    0xF8, 0x00, 0x40, 0x00, 0x00, 0x00, 0x00, 0x00, 0x00, 0x00, 0x00, 0x00, 0x20, 0x00, 0x38, 0x00,
    0x7C, 0x00, 0x7E, 0x00, 0x7C, 0x00, 0x38, 0x00, 0x00, 0x3F, 0x00, 0x00, 0xFF, 0xC0, 0x03, 0xE0,
    0xE0, 0x07, 0x80, 0x70, 0x0F, 0x00, 0x38, 0x1E, 0x00, 0x1C, 0x3C, 0x00, 0x0E, 0x38, 0x3C, 0x0E,
    0x70, 0x7E, 0x0F, 0x70, 0xFF, 0x07, 0xF1, 0xE6, 0x07, 0xE1, 0xC0, 0x07, 0xE1, 0xC7, 0x0F, 0x61,
    0xCF, 0x0F, 0x71, 0xDF, 0x9E, 0x70, 0xFF, 0xFC, 0x38, 0x38, 0xF0, 0x3C, 0x00, 0x00, 0x1C, 0x00,
    0x00, 0x0E, 0x00, 0x00, 0x07, 0x80, 0x00, 0x01, 0xF8, 0x00, 0x00, 0x78, 0x00, 0x00, 0x03, 0xC0,
    0x00, 0x0F, 0xC0, 0x00, 0x7F, 0xC0, 0x01, 0xFF, 0x80, 0x03, 0xFF, 0x80, 0x0F, 0xCF, 0x00, 0x3F,
    0x1E, 0x00, 0x7C, 0x3C, 0x01, 0xF8, 0x78, 0x03, 0xE0, 0xF0, 0x0F, 0x81, 0xE0, 0x1F, 0x03, 0xC0,
    0x7C, 0x07, 0x80, 0xF8, 0x0F, 0x03, 0xE0, 0x1E, 0x07, 0xC1, 0xFE, 0x1F, 0xFF, 0xFC, 0x3F, 0xFF,
    0xF8, 0xFF, 0xF8, 0xF1, 0xFF, 0x81, 0xE7, 0xF8, 0x03, 0xCF, 0xC0, 0x03, 0x9F, 0x00, 0x07, 0xFC,
    0x00, 0x0F, 0xF8, 0x00, 0x1F, 0xE0, 0x00, 0x3C, 0x80, 0x00, 0x78, 0x00, 0x00, 0x70, 0x01, 0xFC,
    0x00, 0x7F, 0xF0, 0x0F, 0xFF, 0x81, 0xF8, 0x78, 0x1F, 0x03, 0xC3, 0xE0, 0x7C, 0x3C, 0x07, 0x87,
    0xC0, 0x78, 0x78, 0x0F, 0x87, 0x81, 0xF0, 0x70, 0x3F, 0x07, 0x07, 0xF0, 0xF0, 0xFF, 0x8F, 0x3F,
    0xFE, 0xF7, 0xF0, 0xFF, 0x7E, 0x0F, 0xF1, 0x80, 0xFF, 0x00, 0x0F, 0xF0, 0x00, 0xFF, 0x00, 0x1F,
    0xF0, 0x01, 0xFF, 0x00, 0x3E, 0xF0, 0x07, 0xEF, 0x80, 0xFC, 0x7C, 0x1F, 0x87, 0xF7, 0xF0, 0x7F,
    0xFE, 0x03, 0x3F, 0x80, 0x01, 0xE0, 0x00, 0x01, 0xF8, 0x00, 0x03, 0xFE, 0x00, 0x0F, 0xFF, 0x00,
    0x1F, 0xFF, 0x00, 0x3F, 0x80, 0x00, 0x3F, 0x00, 0x00, 0x7E, 0x00, 0x00, 0x7C, 0x00, 0x00, 0x7C,
    0x00, 0x00, 0xF8, 0x00, 0x00, 0xF8, 0x00, 0x00, 0xF8, 0x00, 0x00, 0xF8, 0x00, 0x00, 0xF0, 0x00,
    0x00, 0xF0, 0x00, 0x0E, 0xF8, 0x00, 0x1F, 0xF8, 0x00, 0x3E, 0x78, 0x00, 0x7E, 0x78, 0x00, 0xFC,
    0x7C, 0x03, 0xF8, 0x3E, 0x0F, 0xF0, 0x1F, 0xFF, 0xE0, 0x0F, 0xFF, 0x80, 0x01, 0xFE, 0x00, 0x1F,
    0xF8, 0x00, 0x3F, 0xFF, 0x00, 0x1F, 0xFF, 0xC0, 0x0F, 0x3F, 0xF0, 0x0F, 0x03, 0xF8, 0x0F, 0x80,
    0x7C, 0x0F, 0x80, 0x3E, 0x0F, 0x00, 0x1E, 0x1F, 0x00, 0x1F, 0x1F, 0x00, 0x1F, 0x1F, 0x00, 0x1F,
    0x1F, 0x00, 0x1F, 0x1E, 0x00, 0x1E, 0x1E, 0x00, 0x3E, 0x3E, 0x00, 0x3C, 0x3E, 0x00, 0x7C, 0x3C,
    0x00, 0xF8, 0x3C, 0x01, 0xF0, 0x7C, 0x01, 0xE0, 0x7C, 0x03, 0xE0, 0x78, 0x07, 0xC0, 0x78, 0x0F,
    0x80, 0x78, 0x1F, 0x00, 0x78, 0x7E, 0x00, 0xF0, 0xFC, 0x00, 0xF3, 0xF8, 0x00, 0xFF, 0xF0, 0x00,
    0xFF, 0xC0, 0x00, 0x7F, 0x80, 0x00, 0x3E, 0x00, 0x00, 0x00, 0x70, 0x00, 0x00, 0x07, 0xE0, 0x00,
    0x00, 0xFF, 0xFF, 0xFC, 0x07, 0xFF, 0xFF, 0xF0, 0x3F, 0xFF, 0xFF, 0x00, 0xFF, 0xFF, 0x80, 0x07,
    0xC0, 0x00, 0x00, 0x7E, 0x00, 0x00, 0x03, 0xE0, 0x00, 0x00, 0x1F, 0x00, 0x00, 0x01, 0xF8, 0x00,
    0x00, 0x0F, 0xC0, 0x00, 0x00, 0x7C, 0x00, 0x00, 0x07, 0xE0, 0xF0, 0x03, 0xFF, 0xFF, 0xC0, 0x0F,
    0xFF, 0xFC, 0x00, 0x3F, 0xFF, 0xC0, 0x00, 0xFF, 0xC0, 0x00, 0x07, 0xE0, 0x00, 0x00, 0x3E, 0x00,
    0x00, 0x00, 0xF0, 0x00, 0x00, 0x07, 0x80, 0x00, 0x00, 0x3E, 0x00, 0x00, 0x00, 0xF0, 0x00, 0x00,
    0x07, 0xE0, 0x00, 0x00, 0x1F, 0xFF, 0xC0, 0x00, 0x7F, 0xFF, 0x00, 0x00, 0xFF, 0xF8, 0x00, 0x00,
    0xFF, 0x80, 0x00, 0x00, 0x03, 0xE0, 0x00, 0x3F, 0xE0, 0x03, 0xFF, 0xC0, 0x1F, 0xFF, 0x01, 0xFE,
    0x1C, 0x0F, 0xE0, 0x00, 0x7F, 0x00, 0x01, 0xF8, 0x00, 0x0F, 0xC0, 0x00, 0x7E, 0x00, 0x01, 0xF0,
    0x00, 0x0F, 0xC0, 0x00, 0x3E, 0x00, 0x00, 0xF8, 0x00, 0x03, 0xE0, 0x00, 0x1F, 0x00, 0x00, 0x7C,
    0x1F, 0xF1, 0xFF, 0xFF, 0xC7, 0xFF, 0xFF, 0x1F, 0xFF, 0x80, 0x7F, 0xF0, 0x01, 0xFC, 0x00, 0x07,
    0xC0, 0x00, 0x1E, 0x00, 0x00, 0xF8, 0x00, 0x03, 0xE0, 0x00, 0x0F, 0x80, 0x00, 0x1E, 0x00, 0x00,
    0x38, 0x00, 0x00, 0x00, 0x3F, 0xC0, 0x03, 0xFF, 0xE0, 0x1F, 0xFF, 0xC0, 0x7F, 0xFF, 0x01, 0xFC,
    0x00, 0x07, 0xE0, 0x00, 0x1F, 0x80, 0x00, 0x3E, 0x00, 0x00, 0x78, 0x00, 0x01, 0xF0, 0x00, 0x03,
    0xC1, 0xFF, 0xC7, 0x8F, 0xFF, 0xEF, 0x1F, 0xFF, 0xDE, 0x1F, 0xFF, 0xFC, 0x00, 0x1F, 0xF8, 0x00,
    0x3E, 0xF0, 0x00, 0x7D, 0xE0, 0x00, 0xF3, 0xC0, 0x03, 0xE7, 0xC0, 0x0F, 0x87, 0xC0, 0x7E, 0x07,
    0xFF, 0xF8, 0x07, 0xFF, 0xE0, 0x07, 0xFF, 0x00, 0x03, 0xF8, 0x00, 0x01, 0x00, 0x00, 0x01, 0x80,
    0x00, 0x03, 0xC0, 0x00, 0x03, 0xC0, 0x30, 0x03, 0xC0, 0x78, 0x07, 0x80, 0x78, 0x07, 0x80, 0x78,
    0x07, 0x80, 0x78, 0x0F, 0x80, 0xF8, 0x0F, 0xFF, 0xF8, 0x3F, 0xFF, 0xFE, 0x7F, 0xFF, 0xFF, 0xFF,
    0xFF, 0xFF, 0x7F, 0x01, 0xE0, 0x3E, 0x01, 0xE0, 0x3C, 0x03, 0xE0, 0x3C, 0x03, 0xE0, 0x3C, 0x03,
    0xE0, 0x3C, 0x03, 0xC0, 0x3C, 0x03, 0xC0, 0x3C, 0x03, 0xC0, 0x38, 0x03, 0xC0, 0x38, 0x03, 0x80,
    0x30, 0x03, 0x80, 0x00, 0x03, 0x80, 0x00, 0x03, 0x80, 0x00, 0x01, 0x00, 0x01, 0xF8, 0x00, 0x1F,
    0xFE, 0x01, 0xFF, 0xFF, 0x0F, 0xFF, 0xFF, 0x7F, 0xFF, 0xF8, 0xF8, 0xF8, 0x01, 0x81, 0xE0, 0x00,
    0x0F, 0x80, 0x00, 0x3E, 0x00, 0x00, 0xF8, 0x00, 0x03, 0xC0, 0x00, 0x0F, 0x00, 0x00, 0x3C, 0x00,
    0x00, 0xF0, 0x00, 0x07, 0xC0, 0x00, 0x1E, 0x00, 0x00, 0x78, 0x00, 0x01, 0xE0, 0x00, 0x0F, 0xBF,
    0xC0, 0x3F, 0xFF, 0x03, 0xFF, 0xFC, 0x7F, 0xFF, 0x87, 0xFF, 0xC0, 0x3F, 0xF0, 0x00, 0x7F, 0x00,
    0x00, 0x00, 0x0F, 0x80, 0x1F, 0xF0, 0x1F, 0xFC, 0x1F, 0xFF, 0x07, 0xE7, 0xC1, 0xE1, 0xF0, 0x00,
    0x7C, 0x00, 0x1F, 0x00, 0x07, 0xC0, 0x00, 0xF0, 0x00, 0x7C, 0x00, 0x1F, 0x00, 0x07, 0xC0, 0x01,
    0xF0, 0x00, 0x7C, 0x00, 0x1F, 0x00, 0x07, 0xC0, 0x03, 0xE0, 0x00, 0xF8, 0x00, 0x7E, 0x00, 0x1F,
    0x00, 0x0F, 0xCE, 0x0F, 0xE3, 0xFF, 0xF0, 0x7F, 0xF8, 0x07, 0xF0, 0x00, 0x07, 0x80, 0x00, 0x1E,
    0x00, 0x00, 0xF8, 0x03, 0x83, 0xE0, 0x3F, 0x1F, 0x01, 0xF8, 0x7C, 0x0F, 0xC1, 0xF0, 0xFE, 0x07,
    0x87, 0xF0, 0x3E, 0x3F, 0x80, 0xFB, 0xFC, 0x03, 0xFF, 0xC0, 0x0F, 0xFE, 0x00, 0x7F, 0xF0, 0x01,
    0xFF, 0xC0, 0x07, 0xFF, 0x80, 0x1F, 0xFE, 0x00, 0x7F, 0x3C, 0x01, 0xF8, 0x78, 0x0F, 0xC1, 0xE0,
    0x3E, 0x03, 0xC0, 0xF0, 0x07, 0x83, 0xC0, 0x1E, 0x0F, 0x00, 0x3C, 0x3C, 0x00, 0x78, 0x70, 0x00,
    0xF1, 0xC0, 0x01, 0xC7, 0x00, 0x03, 0x9C, 0x00, 0x03, 0x30, 0x00, 0x00, 0x01, 0xE0, 0x03, 0xE0,
    0x03, 0xF0, 0x03, 0xE0, 0x07, 0xE0, 0x07, 0xE0, 0x07, 0xC0, 0x0F, 0xC0, 0x0F, 0xC0, 0x0F, 0x80,
    0x0F, 0x80, 0x1F, 0x80, 0x1F, 0x00, 0x1F, 0x00, 0x3F, 0x00, 0x3E, 0x00, 0x3E, 0x00, 0x3E, 0x00,
    0x7C, 0x00, 0x7C, 0x00, 0x7C, 0x00, 0x7C, 0x00, 0xF8, 0x00, 0xF8, 0x00, 0xF8, 0x00, 0x78, 0x00,
    0x7C, 0x3F, 0x3F, 0xFF, 0x1F, 0xFC, 0x07, 0xF0, 0x00, 0x00, 0x00, 0x07, 0x00, 0x00, 0x00, 0x03,
    0xE0, 0x01, 0xC0, 0x01, 0xFC, 0x00, 0xF8, 0x00, 0x7F, 0x00, 0x7E, 0x00, 0x3F, 0x80, 0x3F, 0xC0,
    0x0F, 0xE0, 0x0F, 0xF0, 0x07, 0xF8, 0x07, 0xFE, 0x03, 0xFE, 0x03, 0xF7, 0x80, 0xFF, 0x81, 0xF9,
    0xE0, 0x7F, 0xE0, 0x7C, 0x3C, 0x1F, 0xF8, 0x3F, 0x0F, 0x0F, 0xBE, 0x1F, 0x81, 0xE3, 0xCF, 0x07,
    0xC0, 0x79, 0xF3, 0xC3, 0xF0, 0x1F, 0xF8, 0xF0, 0xF8, 0x07, 0xFC, 0x7C, 0x7E, 0x00, 0xFF, 0x1F,
    0x1F, 0x00, 0x3F, 0x87, 0xC7, 0xC0, 0x0F, 0xE1, 0xF3, 0xE0, 0x03, 0xF0, 0x7C, 0xF8, 0x00, 0x7C,
    0x1E, 0x1E, 0x00, 0x0E, 0x07, 0x83, 0x00, 0x01, 0x00, 0xE0, 0x00, 0x00, 0x00, 0x38, 0x00, 0x00,
    0x00, 0x06, 0x00, 0x00, 0x00, 0x07, 0x00, 0x00, 0x0F, 0x07, 0x00, 0x0F, 0x0F, 0x80, 0x0F, 0x1F,
    0xC0, 0x1F, 0x1F, 0xC0, 0x1E, 0x1F, 0xE0, 0x1E, 0x1F, 0xF0, 0x3E, 0x1F, 0xF0, 0x3C, 0x1F, 0xF8,
    0x3C, 0x1E, 0xFC, 0x3C, 0x3E, 0x7E, 0x7C, 0x3E, 0x7E, 0x78, 0x3C, 0x3F, 0xF8, 0x3C, 0x1F, 0xF8,
    0x3C, 0x0F, 0xF8, 0x3C, 0x0F, 0xF8, 0x7C, 0x07, 0xF0, 0x7C, 0x03, 0xF0, 0x7C, 0x01, 0xE0, 0x7C,
    0x00, 0x00, 0x7C, 0x00, 0x00, 0x7C, 0x00, 0x00, 0x7C, 0x00, 0x00, 0xFC, 0x00, 0x00, 0xFC, 0x00,
    0x00, 0xF8, 0x00, 0x00, 0x78, 0x00, 0x00, 0x20, 0x00, 0x00, 0x00, 0x3F, 0x80, 0x00, 0x1F, 0xFE,
    0x00, 0x0F, 0xFF, 0xF0, 0x03, 0xFE, 0x1F, 0x00, 0xFC, 0x01, 0xF0, 0x3C, 0x00, 0x1F, 0x04, 0x00,
    0x01, 0xF0, 0x00, 0x00, 0x3E, 0x00, 0x00, 0x07, 0xE0, 0x00, 0x00, 0x7C, 0x00, 0x00, 0x1F, 0xB8,
    0x00, 0x03, 0xF7, 0x80, 0x00, 0xFF, 0xF8, 0x00, 0x1F, 0xBF, 0x00, 0x07, 0xF7, 0xE0, 0x01, 0xFC,
    0xFC, 0x00, 0x7F, 0x1F, 0x80, 0x1F, 0xE3, 0xF0, 0x07, 0xF8, 0x7E, 0x01, 0xFE, 0x07, 0xC0, 0xFF,
    0x80, 0x7C, 0xFF, 0xE0, 0x0F, 0xFF, 0xF8, 0x00, 0xFF, 0xFE, 0x00, 0x07, 0xFF, 0x00, 0x00, 0x3F,
    0x00, 0x00, 0x07, 0xFC, 0x00, 0x3F, 0xFF, 0x80, 0xFF, 0xFF, 0xC3, 0xFF, 0xFF, 0xC7, 0xF0, 0x03,
    0xCF, 0xE0, 0x07, 0xDF, 0x80, 0x0F, 0x8F, 0x00, 0x3F, 0x1E, 0x00, 0xFC, 0x7C, 0x07, 0xF8, 0xF8,
    0x1F, 0xE1, 0xE0, 0x7F, 0x83, 0xC3, 0xFC, 0x0F, 0x8F, 0xF0, 0x1F, 0x1F, 0x80, 0x3C, 0x1C, 0x00,
    0x78, 0x00, 0x00, 0xF0, 0x00, 0x01, 0xE0, 0x00, 0x03, 0xC0, 0x00, 0x07, 0x00, 0x00, 0x1E, 0x00,
    0x00, 0x3C, 0x00, 0x00, 0x78, 0x00, 0x00, 0xF0, 0x00, 0x00, 0xC0, 0x00, 0x00, 0x03, 0xC0, 0x00,
    0x1F, 0xC0, 0x00, 0x7F, 0xE0, 0x01, 0xFF, 0xE0, 0x07, 0xE1, 0xE0, 0x0F, 0x83, 0xC0, 0x3E, 0x03,
    0xC0, 0x78, 0x07, 0x80, 0xF0, 0x0F, 0x81, 0xE0, 0x1F, 0x03, 0xC0, 0x3E, 0x07, 0x80, 0x7C, 0x0F,
    0x01, 0xF8, 0x1E, 0x03, 0xF0, 0x3C, 0x0F, 0xC0, 0x78, 0x3F, 0x80, 0xF0, 0xFE, 0x00, 0xF3, 0xFC,
    0x01, 0xFF, 0xF0, 0x01, 0xFF, 0xC0, 0x01, 0xFF, 0x00, 0x01, 0xF8, 0x00, 0x00, 0xFC, 0x00, 0x0F,
    0xFF, 0xF0, 0x7F, 0xFF, 0xFD, 0xFF, 0xFF, 0xFF, 0xFF, 0x80, 0x03, 0xE0, 0x00, 0x00, 0x00, 0x1F,
    0x80, 0x01, 0xFF, 0x00, 0x0F, 0xFE, 0x00, 0x7F, 0xFC, 0x03, 0xF8, 0xF0, 0x0F, 0xC7, 0xC0, 0x7E,
    0x1F, 0x03, 0xF0, 0x7C, 0x0F, 0x83, 0xE0, 0x7E, 0x0F, 0x01, 0xF0, 0x7C, 0x07, 0xC3, 0xE0, 0x3E,
    0x1F, 0x00, 0xF8, 0x78, 0x03, 0xE3, 0xE0, 0x1F, 0x1F, 0x00, 0x7C, 0xF8, 0x01, 0xF7, 0xC0, 0x0F,
    0xFF, 0x00, 0x3F, 0xFE, 0x00, 0xFB, 0xFE, 0x03, 0xC0, 0x7E, 0x0F, 0x00, 0x7C, 0x3C, 0x00, 0x7E,
    0xF0, 0x00, 0xFF, 0xC0, 0x00, 0xFF, 0x00, 0x00, 0x3C, 0x00, 0x00, 0x60, 0x00, 0x00, 0x00, 0x3F,
    0x00, 0xFF, 0xC1, 0xFF, 0xC1, 0xFC, 0x01, 0xF8, 0x00, 0xF0, 0x00, 0x70, 0x00, 0x38, 0x00, 0x1C,
    0x00, 0x0F, 0x00, 0x07, 0xC0, 0x01, 0xF0, 0x00, 0xFC, 0x00, 0x3F, 0x00, 0x0F, 0xC0, 0x03, 0xF0,
    0x00, 0xFC, 0x00, 0x3E, 0x00, 0x0F, 0x80, 0x03, 0xE0, 0x00, 0xF0, 0x00, 0x7C, 0x00, 0x3E, 0x80,
    0x3F, 0xE0, 0x7F, 0x7F, 0xFF, 0x9F, 0xFF, 0x07, 0xFF, 0x01, 0xFC, 0x00, 0x00, 0xFF, 0xFF, 0xFC,
    0x3F, 0xFF, 0xFF, 0xF7, 0xFF, 0xFF, 0xFE, 0x3F, 0xFF, 0xC0, 0x00, 0x7F, 0x9E, 0x00, 0x00, 0xF0,
    0x78, 0x00, 0x00, 0x01, 0xE0, 0x00, 0x00, 0x07, 0x80, 0x00, 0x00, 0x1E, 0x00, 0x00, 0x00, 0x78,
    0x00, 0x00, 0x01, 0xE0, 0x00, 0x00, 0x07, 0x00, 0x00, 0x00, 0x1C, 0x00, 0x00, 0x00, 0xF0, 0x00,
    0x00, 0x03, 0xC0, 0x00, 0x00, 0x0F, 0x00, 0x00, 0x00, 0x3C, 0x00, 0x00, 0x00, 0xF0, 0x00, 0x00,
    0x03, 0xC0, 0x00, 0x00, 0x0F, 0x00, 0x00, 0x00, 0x3C, 0x00, 0x00, 0x00, 0xE0, 0x00, 0x00, 0x07,
    0x80, 0x00, 0x00, 0x1E, 0x00, 0x00, 0x00, 0x78, 0x00, 0x00, 0x01, 0xC0, 0x00, 0x00, 0x18, 0x00,
    0x08, 0x1E, 0x00, 0x1E, 0x1E, 0x00, 0x1E, 0x3E, 0x00, 0x1F, 0x3E, 0x00, 0x3F, 0x3E, 0x00, 0x3F,
    0x3E, 0x00, 0x7F, 0x7C, 0x00, 0x7F, 0x7C, 0x00, 0x7F, 0x78, 0x00, 0xFF, 0x78, 0x01, 0xFF, 0x78,
    0x01, 0xFE, 0xF8, 0x03, 0xFE, 0xF0, 0x07, 0xFE, 0xF0, 0x07, 0xDE, 0xF0, 0x0F, 0x9E, 0xF0, 0x1F,
    0x9E, 0x70, 0x3F, 0x1E, 0x78, 0x7E, 0x1C, 0x7C, 0xFC, 0x1C, 0x3F, 0xF8, 0x1C, 0x3F, 0xF0, 0x1C,
    0x1F, 0xC0, 0x00, 0x0F, 0x80, 0x00, 0x00, 0x00, 0x07, 0xC0, 0x00, 0x01, 0xFC, 0x00, 0x00, 0x7F,
    0x00, 0x00, 0x0F, 0xC0, 0x00, 0x03, 0xF1, 0x80, 0x00, 0xFC, 0x3C, 0x00, 0x1F, 0x07, 0x80, 0x07,
    0xC0, 0xF0, 0x00, 0xF8, 0x1F, 0x00, 0x3E, 0x01, 0xE0, 0x07, 0xC0, 0x3C, 0x01, 0xF0, 0x07, 0x80,
    0x3E, 0x00, 0x78, 0x0F, 0x80, 0x0F, 0x01, 0xF0, 0x01, 0xE0, 0x7C, 0x00, 0x1C, 0x0F, 0x80, 0x03,
    0xC1, 0xF0, 0x00, 0x78, 0x7C, 0x00, 0x07, 0x0F, 0x80, 0x00, 0xF3, 0xF0, 0x00, 0x0F, 0xFC, 0x00,
    0x00, 0xFF, 0x80, 0x00, 0x0F, 0xE0, 0x00, 0x00, 0xF8, 0x00, 0x00, 0x07, 0x00, 0x00, 0x40, 0x00,
    0x00, 0x0D, 0xE0, 0x00, 0x00, 0x7F, 0xC0, 0x0F, 0x00, 0xFB, 0xC0, 0x3E, 0x03, 0xE7, 0x80, 0x7E,
    0x07, 0xCF, 0x01, 0xFC, 0x1F, 0x0E, 0x07, 0xFC, 0x3C, 0x1E, 0x0F, 0xF8, 0x78, 0x3C, 0x3F, 0xF1,
    0xE0, 0x78, 0x7D, 0xE3, 0xC0, 0xF1, 0xF3, 0xC7, 0x80, 0xF3, 0xE7, 0x9E, 0x01, 0xEF, 0x8F, 0x3C,
    0x03, 0xFF, 0x1E, 0xF8, 0x07, 0xFC, 0x3F, 0xE0, 0x07, 0xF8, 0x3F, 0xC0, 0x0F, 0xE0, 0x7F, 0x80,
    0x1F, 0xC0, 0xFF, 0x00, 0x3F, 0x00, 0xFC, 0x00, 0x3E, 0x00, 0xF8, 0x00, 0x7C, 0x00, 0xF0, 0x00,
    0x70, 0x00, 0xC0, 0x00, 0x00, 0x00, 0x1E, 0x00, 0x00, 0x1F, 0x08, 0x00, 0x3F, 0x0E, 0x00, 0x7F,
    0x0F, 0x00, 0x7F, 0x0F, 0x00, 0xFE, 0x0F, 0x81, 0xFC, 0x0F, 0x83, 0xF8, 0x07, 0x87, 0xF0, 0x07,
    0x8F, 0xE0, 0x03, 0xDF, 0xC0, 0x03, 0xFF, 0x80, 0x01, 0xFF, 0x00, 0x01, 0xFF, 0x00, 0x01, 0xFE,
    0x00, 0x03, 0xFC, 0x00, 0x07, 0xFE, 0x00, 0x0F, 0xFF, 0x80, 0x1F, 0xCF, 0xE0, 0x3F, 0x83, 0xF0,
    0x7E, 0x00, 0xFC, 0xF8, 0x00, 0x3E, 0x60, 0x00, 0x00, 0x00, 0x00, 0x30, 0x00, 0x03, 0xD8, 0x00,
    0x1F, 0xE0, 0x01, 0xFF, 0x80, 0x0F, 0xFC, 0x00, 0x7D, 0xE0, 0x07, 0xCF, 0x80, 0x3E, 0x7C, 0x03,
    0xF1, 0xE0, 0x1F, 0x0F, 0x80, 0xF8, 0x3C, 0x0F, 0x80, 0xF0, 0x7C, 0x07, 0xC7, 0xC0, 0x1F, 0x3E,
    0x00, 0x3F, 0xE0, 0x00, 0xFF, 0x00, 0x01, 0xF0, 0x00, 0x0F, 0x80, 0x00, 0x78, 0x00, 0x03, 0xC0,
    0x00, 0x3C, 0x00, 0x01, 0xC0, 0x00, 0x1E, 0x00, 0x00, 0xE0, 0x00, 0x07, 0x00, 0x00, 0x70, 0x00,
    0x03, 0x00, 0x00, 0x30, 0x00, 0x01, 0x00, 0x00, 0x03, 0xFF, 0xE0, 0x0F, 0xFF, 0xFF, 0x80, 0xFF,
    0xFF, 0xFE, 0x03, 0xF8, 0x0F, 0xE0, 0x00, 0x00, 0xFE, 0x00, 0x00, 0x1F, 0xC0, 0x00, 0x01, 0xF8,
    0x00, 0x00, 0x3F, 0x00, 0x00, 0x07, 0xE0, 0x00, 0x00, 0x7C, 0x00, 0x00, 0x0F, 0x80, 0x00, 0x01,
    0xF8, 0x00, 0x00, 0x1F, 0x00, 0x00, 0x03, 0xE0, 0x00, 0x00, 0x7C, 0x00, 0x00, 0x07, 0x80, 0x00,
    0x00, 0xF0, 0x00, 0x00, 0x1F, 0x00, 0x00, 0x01, 0xE0, 0x00, 0x00, 0x3C, 0x00, 0x00, 0x07, 0xC0,
    0x00, 0x00, 0xF8, 0x00, 0x00, 0x0F, 0x00, 0x00, 0x01, 0xF0, 0x00, 0xFF, 0x3F, 0xFF, 0xFF, 0xF3,
    0xFF, 0xFF, 0xF8, 0x3F, 0xFF, 0x80, 0x03, 0xFE, 0x00, 0x00, 0x00, 0x70, 0x7F, 0x1F, 0xE3, 0xE0,
    0x38, 0x07, 0x80, 0x38, 0x03, 0x80, 0x78, 0x07, 0x80, 0x78, 0x07, 0x80, 0x78, 0x07, 0x80, 0x78,
    0x07, 0x80, 0x78, 0x07, 0x80, 0x78, 0x07, 0x80, 0x78, 0x07, 0x80, 0x78, 0x07, 0x80, 0x70, 0x0F,
    0x00, 0xF0, 0x0F, 0x9C, 0xFF, 0xFF, 0xFE, 0x7E, 0x00, 0x70, 0x07, 0x00, 0xF8, 0x0F, 0x80, 0x78,
    0x07, 0xC0, 0x7C, 0x07, 0xC0, 0x3C, 0x03, 0xE0, 0x3E, 0x03, 0xE0, 0x3F, 0x01, 0xF0, 0x1F, 0x01,
    0xF8, 0x0F, 0x80, 0xFC, 0x07, 0xC0, 0x7C, 0x07, 0xE0, 0x3E, 0x03, 0xE0, 0x1F, 0x01, 0xF0, 0x0F,
    0x00, 0xF0, 0x07, 0x00, 0x20, 0x1F, 0x87, 0xFD, 0xFF, 0x81, 0xF0, 0x1E, 0x03, 0x80, 0x70, 0x1E,
    0x03, 0xC0, 0x78, 0x0F, 0x01, 0xE0, 0x3C, 0x07, 0x80, 0xF0, 0x1E, 0x03, 0xC0, 0x78, 0x0F, 0x01,
    0xE0, 0x3C, 0x07, 0x80, 0xF0, 0x1E, 0x03, 0xC0, 0xF0, 0x3E, 0x7F, 0xCF, 0xE0, 0x0E, 0x00, 0x78,
    0x07, 0xE0, 0x7F, 0x87, 0xDE, 0x3C, 0x7B, 0xC3, 0xEC, 0x0F, 0x00, 0x38, 0x7F, 0xFF, 0xF7, 0xFF,
    0xFF, 0xDF, 0xFF, 0xFE, 0x7F, 0xFF, 0xE0, 0xE0, 0x1E, 0x01, 0xE0, 0x1E, 0x03, 0xE0, 0x3E, 0x03,
    0xE0, 0x3E, 0x03, 0xE0, 0x3C, 0x03, 0x80, 0x0F, 0x80, 0x3F, 0xC0, 0x7F, 0xE0, 0x03, 0xC0, 0x03,
    0xC0, 0xFF, 0x83, 0xFF, 0x0F, 0xFF, 0x3E, 0x3E, 0xF8, 0x3D, 0xE0, 0x7F, 0xC0, 0xFF, 0x03, 0xEF,
    0x1F, 0xDF, 0xFF, 0x9F, 0xE7, 0x0F, 0x80, 0xF0, 0x01, 0xE0, 0x03, 0xC0, 0x07, 0x80, 0x0F, 0x00,
    0x1E, 0x00, 0x3C, 0x00, 0x78, 0x00, 0xF0, 0x01, 0xE0, 0x03, 0xC0, 0x07, 0x9F, 0x0F, 0x7F, 0x9F,
    0xFF, 0xBF, 0x8F, 0x7F, 0x0F, 0xFC, 0x1F, 0xF0, 0x7F, 0xE0, 0xF7, 0xC3, 0xEF, 0x8F, 0x8E, 0x3E,
    0x00, 0xF8, 0x07, 0xE0, 0x1F, 0x00, 0x0F, 0x80, 0x7F, 0x83, 0xFE, 0x1F, 0xC0, 0x7C, 0x03, 0xE0,
    0x0F, 0x80, 0x3E, 0x00, 0xF0, 0x03, 0xC0, 0x07, 0x80, 0xDE, 0x0F, 0x3F, 0xFC, 0x7F, 0xC0, 0xFC,
    0x00, 0x00, 0x70, 0x00, 0xF0, 0x01, 0xE0, 0x03, 0xC0, 0x07, 0xC0, 0x0F, 0x80, 0x1F, 0x00, 0x3E,
    0x00, 0x7C, 0x00, 0xF8, 0x1F, 0xF0, 0xFF, 0xE3, 0xE7, 0xCF, 0x8F, 0x9E, 0x1F, 0x3C, 0x3E, 0xF0,
    0x7D, 0xE0, 0xFB, 0xC3, 0xF7, 0x87, 0xEF, 0x1F, 0xDE, 0x7F, 0x9F, 0xFF, 0x1F, 0xCF, 0x1F, 0x0C,
    0x07, 0xE0, 0x1F, 0xF8, 0x3F, 0x7C, 0x7C, 0x7C, 0xF8, 0x7C, 0xF9, 0xF8, 0xF3, 0xF0, 0xFF, 0xE0,
    0xFF, 0xC0, 0x7F, 0x00, 0x78, 0x03, 0x3C, 0x07, 0x3E, 0x1F, 0x1F, 0xFF, 0x0F, 0xFE, 0x03, 0xF8,
    0x07, 0x80, 0x3F, 0x00, 0xFE, 0x03, 0xF8, 0x0F, 0xC0, 0x3C, 0x00, 0xE0, 0x07, 0x80, 0x1E, 0x00,
    0x78, 0x01, 0xE0, 0x07, 0x80, 0x1F, 0xF9, 0xFF, 0xFF, 0xFE, 0x0F, 0xC0, 0x0F, 0x00, 0x3C, 0x00,
    0xF0, 0x03, 0xC0, 0x07, 0x00, 0x1C, 0x00, 0x78, 0x01, 0xE0, 0x07, 0x80, 0x0E, 0x00, 0x38, 0x00,
    0xF0, 0x03, 0xC0, 0x0F, 0x00, 0x1C, 0x00, 0x00, 0x06, 0x0F, 0x1F, 0x1F, 0xFF, 0x3F, 0xFF, 0x7C,
    0x7E, 0x78, 0x7C, 0xF0, 0x78, 0xF0, 0x78, 0xF0, 0x78, 0xF0, 0x78, 0xF8, 0xF0, 0x7F, 0xF0, 0x7F,
    0xE0, 0x1F, 0xE0, 0x0F, 0xC0, 0x0F, 0x80, 0x0F, 0xC0, 0x0F, 0xF0, 0x03, 0xF8, 0x00, 0x7C, 0x00,
    0x1E, 0x00, 0x1E, 0x00, 0x1E, 0x00, 0x1E, 0xC0, 0x3E, 0x40, 0x7E, 0x73, 0xFC, 0x7F, 0xF8, 0x3F,
    0xF0, 0x0F, 0xC0, 0xE0, 0x01, 0xE0, 0x03, 0xC0, 0x07, 0x80, 0x0F, 0x00, 0x1E, 0x00, 0x3C, 0x00,
    0x78, 0x00, 0xF8, 0x01, 0xF0, 0x03, 0xE0, 0x07, 0xC0, 0x07, 0x80, 0x0F, 0x00, 0x1E, 0x00, 0x3C,
    0x70, 0x7B, 0xF8, 0xFF, 0xF9, 0xFF, 0xF3, 0xF8, 0xF7, 0xE1, 0xEF, 0x83, 0xDF, 0x07, 0xBE, 0x0F,
    0x38, 0x1E, 0x70, 0x3C, 0x00, 0x38, 0x00, 0x30, 0xE3, 0xCF, 0x1C, 0x00, 0x00, 0x00, 0x71, 0xEF,
    0x9E, 0x79, 0xE7, 0x9F, 0x7D, 0xF7, 0xCF, 0x18, 0x03, 0x00, 0x38, 0x01, 0x80, 0x00, 0x00, 0x00,
    0x00, 0x00, 0x00, 0x70, 0x0F, 0x80, 0xF8, 0x0F, 0x80, 0xF8, 0x07, 0x80, 0x78, 0x07, 0x80, 0x78,
    0x07, 0x80, 0x38, 0x03, 0x80, 0x38, 0x03, 0xC0, 0x3C, 0x01, 0xC0, 0x1C, 0x01, 0xE0, 0x1E, 0x01,
    0xE0, 0x0E, 0x00, 0xEC, 0x0F, 0xE0, 0xFE, 0x0F, 0xF0, 0xF7, 0x0F, 0x79, 0xF3, 0xFF, 0x1F, 0xE0,
    0x7C, 0x70, 0x01, 0xF0, 0x03, 0xE0, 0x07, 0xC0, 0x0F, 0x80, 0x1F, 0x00, 0x3E, 0x00, 0x7C, 0x00,
    0xF0, 0x01, 0xE3, 0x03, 0xCF, 0x07, 0xBC, 0x0F, 0xF8, 0x1F, 0xE0, 0x3F, 0x80, 0x7F, 0x00, 0xFF,
    0x01, 0xFF, 0x03, 0xDF, 0x07, 0x9E, 0x0F, 0x1E, 0x1E, 0x1E, 0x3C, 0x1F, 0x78, 0x0F, 0xE0, 0x01,
    0xC0, 0x03, 0x80, 0x02, 0x00, 0x00, 0x70, 0xF8, 0xF8, 0x78, 0x78, 0x78, 0x78, 0x78, 0x78, 0x78,
    0x78, 0x78, 0x78, 0x78, 0x70, 0x70, 0x70, 0x70, 0x70, 0x70, 0x70, 0x70, 0x70, 0x72, 0x77, 0x7F,
    0x7F, 0x1E, 0x00, 0x00, 0xF0, 0x03, 0x87, 0xF3, 0x9F, 0xDF, 0xF7, 0xFF, 0xFF, 0xEF, 0xFF, 0xFB,
    0xDF, 0xCF, 0xC3, 0xFE, 0x1F, 0x87, 0xFC, 0x1E, 0x0F, 0xF0, 0x3C, 0x1F, 0xE0, 0x78, 0x3F, 0xC0,
    0xF0, 0x7F, 0x81, 0xE0, 0xFF, 0x03, 0xC1, 0xFC, 0x07, 0x83, 0xF8, 0x0F, 0x07, 0x80, 0x0C, 0x06,
    0x38, 0x00, 0x7C, 0x00, 0x7F, 0xF0, 0x7F, 0xFC, 0x7F, 0xFC, 0x7F, 0xFE, 0x7E, 0x1E, 0xFC, 0x1E,
    0xF8, 0x0F, 0xF8, 0x0F, 0xF8, 0x0F, 0xF0, 0x0F, 0xF0, 0x0F, 0xF0, 0x0E, 0xF0, 0x00, 0xF0, 0x00,
    0x07, 0x80, 0xFF, 0x87, 0xCF, 0x9F, 0x1F, 0xF8, 0x3F, 0xE0, 0xFF, 0x83, 0xFE, 0x0F, 0xF8, 0x79,
    0xE3, 0xE7, 0x8F, 0x0F, 0xF8, 0x3F, 0xC0, 0x3E, 0x00, 0x03, 0x80, 0x7E, 0x0F, 0xF3, 0xEF, 0xFC,
    0x7F, 0xCF, 0xF8, 0xFF, 0x8F, 0xF9, 0xFF, 0x9E, 0xFB, 0xEF, 0xFC, 0xFF, 0x8F, 0x30, 0xF0, 0x0F,
    0x00, 0xF0, 0x0F, 0x00, 0xF0, 0x0F, 0x00, 0xF0, 0x0F, 0x00, 0xF0, 0x0F, 0x00, 0xF0, 0x0F, 0x00,
    0xF0, 0x0F, 0x00, 0x60, 0x00, 0x01, 0xF8, 0x00, 0xFF, 0x80, 0x7F, 0xFC, 0x1F, 0x03, 0x87, 0x81,
    0x81, 0xE0, 0x70, 0x38, 0x0E, 0x07, 0x03, 0xC0, 0xE0, 0x78, 0x1E, 0x1F, 0x01, 0xFF, 0xE0, 0x1F,
    0xFC, 0x00, 0xF7, 0x80, 0x00, 0xF0, 0x00, 0x1E, 0x00, 0x03, 0xFF, 0x03, 0xFF, 0xE1, 0xFF, 0x00,
    0xFF, 0xE0, 0x3F, 0xBC, 0x01, 0xC7, 0x00, 0x00, 0xE0, 0x00, 0x1C, 0x00, 0x03, 0x80, 0x00, 0x70,
    0x00, 0xF0, 0x01, 0xE0, 0xFF, 0xC7, 0xFF, 0x9F, 0x8F, 0x7E, 0x1E, 0xF0, 0x3F, 0xC0, 0x7F, 0x80,
    0xFE, 0x01, 0xF8, 0x03, 0xF0, 0x07, 0xC0, 0x0F, 0x80, 0x1F, 0x00, 0x3E, 0x00, 0x78, 0x00, 0x70,
    0x00, 0x07, 0xC7, 0xFD, 0xFF, 0xBE, 0x07, 0x80, 0xF0, 0x1E, 0x01, 0xC0, 0x3C, 0x03, 0x80, 0x38,
    0x07, 0x80, 0x78, 0x0F, 0x01, 0xE0, 0x3C, 0x07, 0x81, 0xF3, 0xFC, 0x7F, 0x07, 0xC0, 0x0E, 0x00,
    0x3C, 0x00, 0xF0, 0x03, 0xC0, 0x1F, 0x00, 0x7C, 0x01, 0xF0, 0x07, 0xC0, 0x1E, 0x00, 0x78, 0x01,
    0xE0, 0x1F, 0xC0, 0xFF, 0xF9, 0xFF, 0xF1, 0xFF, 0x07, 0xC0, 0x1E, 0x00, 0x78, 0x01, 0xE0, 0x07,
    0x80, 0x1E, 0x00, 0x78, 0x01, 0xE0, 0x07, 0x80, 0x0E, 0x00, 0x3F, 0xC0, 0x7F, 0x80, 0xF8, 0x70,
    0x01, 0xE0, 0x07, 0x83, 0xFE, 0x0F, 0xF8, 0x3F, 0xE0, 0xFF, 0x87, 0xFE, 0x1F, 0x78, 0x7D, 0xE3,
    0xF7, 0xDF, 0xCF, 0xFF, 0x1F, 0xFC, 0x1E, 0x70, 0x01, 0x80, 0x02, 0x00, 0x04, 0xC0, 0x1F, 0xE0,
    0x73, 0xC1, 0xE7, 0x87, 0xCF, 0x8F, 0x0F, 0x3E, 0x1E, 0x7C, 0x3F, 0xF0, 0x7F, 0xE0, 0x7F, 0x80,
    0xFF, 0x01, 0xFE, 0x01, 0xF8, 0x03, 0xF0, 0x03, 0xC0, 0x03, 0x80, 0x00, 0x00, 0x08, 0x00, 0x00,
    0x70, 0x00, 0x03, 0xD8, 0x18, 0x0F, 0xF0, 0xF0, 0x7D, 0xC3, 0xE1, 0xE7, 0x1F, 0x87, 0x9C, 0x7F,
    0x3E, 0x7B, 0xFC, 0xF0, 0xEF, 0x7F, 0x83, 0xF9, 0xFE, 0x0F, 0xE3, 0xF0, 0x1F, 0x8F, 0x80, 0x7C,
    0x1C, 0x00, 0xF0, 0x00, 0x00, 0x3C, 0x1C, 0x7C, 0xFC, 0x7B, 0xF0, 0x7F, 0xC0, 0xFF, 0x00, 0xFC,
    0x03, 0xF0, 0x0F, 0xE0, 0x3F, 0xE0, 0x7F, 0xE1, 0xFB, 0xC7, 0xE3, 0xC7, 0xC3, 0x8F, 0x00, 0x00,
    0xF0, 0x07, 0xC0, 0x1E, 0x00, 0xF0, 0xE7, 0x8F, 0xBE, 0x7C, 0xFF, 0xE7, 0xFF, 0x1F, 0xF8, 0x7F,
    0xC0, 0x7E, 0x01, 0xF0, 0x07, 0x80, 0x3C, 0x03, 0xE0, 0x1E, 0x00, 0xF0, 0x07, 0x80, 0x3C, 0x01,
    0xE0, 0x0F, 0x00, 0x78, 0x03, 0xC0, 0x1E, 0x00, 0xE0, 0x0F, 0x00, 0x78, 0x07, 0x87, 0xFC, 0x1F,
    0x80, 0x7E, 0x00, 0x7F, 0xE0, 0x1F, 0xF0, 0x01, 0xF0, 0x03, 0xF0, 0x03, 0xE0, 0x0F, 0xC0, 0x1F,
    0x80, 0x3F, 0x00, 0x7E, 0x02, 0xFC, 0x3F, 0xFF, 0xFE, 0x7F, 0xF8, 0x3F, 0xC0, 0x03, 0xC1, 0xFC,
    0x7F, 0x0F, 0x83, 0xC0, 0x78, 0x0F, 0x01, 0xE0, 0x3C, 0x03, 0x80, 0x78, 0x0F, 0x01, 0xE0, 0x3C,
    0x07, 0x80, 0xF0, 0x1E, 0x03, 0xC0, 0xF8, 0x3E, 0x0F, 0xC0, 0xF8, 0x0F, 0x80, 0xF0, 0x1E, 0x03,
    0xC0, 0x38, 0x0F, 0x01, 0xE0, 0x3C, 0x07, 0x80, 0xF0, 0x3E, 0x07, 0xC0, 0x78, 0x0F, 0x01, 0xE0,
    0x1E, 0x01, 0xE0, 0x18, 0x79, 0xF3, 0xF7, 0xE7, 0xCF, 0x9F, 0x3C, 0x78, 0xF1, 0xE3, 0xC7, 0x8F,
    0x1E, 0x3C, 0xF9, 0xF3, 0xE7, 0xCF, 0x9F, 0x3C, 0x78, 0xF1, 0xE3, 0xC7, 0x8F, 0x1C, 0x78, 0xF1,
    0xE3, 0xC3, 0x00, 0xC0, 0x3C, 0x07, 0xC0, 0x78, 0x1E, 0x07, 0xC1, 0xF0, 0x3C, 0x0F, 0x07, 0xC1,
    0xE0, 0x78, 0x1E, 0x07, 0x81, 0xE0, 0x78, 0x1E, 0x07, 0x81, 0xE0, 0x3E, 0x07, 0xC1, 0xF0, 0xF8,
    0x3C, 0x1F, 0x07, 0x81, 0xE0, 0x78, 0x1E, 0x03, 0x80, 0xE0, 0x38, 0x0F, 0x03, 0xC0, 0xF0, 0x3C,
    0x0F, 0x07, 0xC3, 0xE1, 0xF8, 0x78, 0x00, 0x0F, 0x00, 0x00, 0xFE, 0x00, 0x07, 0xFE, 0x00, 0x1F,
    0xFC, 0x1F, 0xF8, 0x7F, 0xFC, 0x00, 0x7F, 0xE0, 0x00, 0x7E, 0x00, 0x01, 0x80, 0x00, 0x03, 0xE0,
    0x00, 0x01, 0xF0, 0x00, 0x00, 0xFC, 0x00, 0x00, 0x7E, 0x00, 0x00, 0x1F, 0x00, 0x00, 0x0F, 0x00,
    0x00, 0x02, 0x00, 0x00, 0x00, 0x00, 0x00, 0x00, 0x00, 0x00, 0x0F, 0x00, 0x00, 0x1F, 0x80, 0x00,
    0x3F, 0xC0, 0x00, 0x7F, 0xC0, 0x00, 0x7F, 0xE0, 0x00, 0xFB, 0xE0, 0x00, 0xF9, 0xF0, 0x01, 0xF1,
    0xF0, 0x01, 0xF0, 0xF0, 0x03, 0xE0, 0xF8, 0x03, 0xE0, 0xF8, 0x03, 0xE0, 0xFC, 0x07, 0xFF, 0xFC,
    0x07, 0xFF, 0xFC, 0x07, 0xFF, 0xFC, 0x0F, 0xFE, 0x7C, 0x0F, 0x80, 0x3C, 0x1F, 0x00, 0x3C, 0x1F,
    0x00, 0x3E, 0x1E, 0x00, 0x3E, 0x3E, 0x00, 0x3E, 0x7C, 0x00, 0x1E, 0xFC, 0x00, 0x1F, 0x70, 0x00,
    0x1F, 0x00, 0x00, 0x1F, 0x00, 0x00, 0x0F, 0x00, 0x0C, 0x00, 0x00, 0x1E, 0x00, 0x00, 0x3F, 0x00,
    0x00, 0xFE, 0x00, 0x01, 0xFC, 0x00, 0x03, 0xE0, 0x00, 0x00, 0x00, 0x00, 0x00, 0x00, 0x00, 0x00,
    0x78, 0x00, 0x01, 0xFC, 0x00, 0x03, 0xFE, 0x00, 0x03, 0xFE, 0x00, 0x07, 0xFE, 0x00, 0x07, 0xFF,
    0x00, 0x0F, 0x9F, 0x00, 0x0F, 0x9F, 0x00, 0x1F, 0x0F, 0x00, 0x1F, 0x0F, 0x80, 0x1F, 0x07, 0x80,
    0x3E, 0x07, 0x80, 0x3E, 0x07, 0x80, 0x3E, 0x03, 0xC0, 0x3F, 0xFF, 0xC0, 0x3F, 0xFF, 0xE0, 0x7F,
    0xFF, 0xF0, 0x7F, 0xFF, 0xF0, 0x7C, 0x19, 0xF0, 0x78, 0x00, 0x78, 0x78, 0x00, 0x78, 0xF8, 0x00,
    0x3C, 0xF0, 0x00, 0x1C, 0x60, 0x00, 0x0E, 0x00, 0x00, 0x06, 0x00, 0x00, 0x03, 0x00, 0x03, 0x80,
    0x00, 0x7C, 0x00, 0x07, 0xF0, 0x00, 0x79, 0x80, 0x03, 0x80, 0x00, 0x00, 0x00, 0x00, 0x00, 0x00,
    0x01, 0xF0, 0x00, 0x1F, 0x80, 0x00, 0xFC, 0x00, 0x0F, 0xF0, 0x00, 0x7F, 0x80, 0x07, 0xFC, 0x00,
    0x7D, 0xE0, 0x03, 0xEF, 0x00, 0x3E, 0x78, 0x01, 0xF3, 0xE0, 0x1F, 0x0F, 0x00, 0xF8, 0x78, 0x0F,
    0x83, 0xC0, 0x7C, 0x1E, 0x07, 0xC0, 0xF0, 0x3C, 0x07, 0xC3, 0xFF, 0xFE, 0x1F, 0xFF, 0xF3, 0xF0,
    0x07, 0xBF, 0x00, 0x3C, 0xF8, 0x01, 0xE7, 0xC0, 0x07, 0xBC, 0x00, 0x3D, 0xE0, 0x01, 0xE0, 0x00,
    0x0F, 0x00, 0x00, 0x78, 0x00, 0x01, 0xC0, 0x00, 0x00, 0x03, 0x00, 0x0F, 0x83, 0xC0, 0x0F, 0xE1,
    0xE0, 0x07, 0xFF, 0xE0, 0x00, 0x07, 0xC0, 0x00, 0x00, 0x00, 0x00, 0x00, 0x00, 0x00, 0x00, 0x00,
    0x00, 0x01, 0xE0, 0x00, 0x01, 0xF8, 0x00, 0x01, 0xFC, 0x00, 0x00, 0xFF, 0x00, 0x00, 0xFF, 0x80,
    0x00, 0xFB, 0xC0, 0x00, 0xF8, 0xE0, 0x00, 0x78, 0x70, 0x00, 0x7C, 0x3C, 0x00, 0x7C, 0x1E, 0x00,
    0x3C, 0x0F, 0x00, 0x3E, 0x07, 0x80, 0x3E, 0x03, 0xC0, 0x1F, 0x01, 0xE0, 0x1F, 0x00, 0xF0, 0x1F,
    0x00, 0x78, 0x0F, 0xFE, 0x3C, 0x0F, 0xFF, 0xFE, 0x07, 0xFF, 0xFF, 0x87, 0xFF, 0xFF, 0xC3, 0xF0,
    0x03, 0xE3, 0xF0, 0x00, 0xF1, 0xF0, 0x00, 0x79, 0xF8, 0x00, 0x3C, 0xF8, 0x00, 0x0E, 0x38, 0x00,
    0x07, 0x80, 0x00, 0x01, 0x80, 0x00, 0x60, 0x00, 0x01, 0xE0, 0x18, 0x00, 0x80, 0x78, 0x00, 0x00,
    0x70, 0x00, 0x78, 0x00, 0x01, 0xF8, 0x00, 0x03, 0xF0, 0x00, 0x0F, 0xE0, 0x00, 0x3F, 0xE0, 0x00,
    0x7F, 0xC0, 0x01, 0xFF, 0x80, 0x03, 0xEF, 0x00, 0x0F, 0x9E, 0x00, 0x1F, 0x3C, 0x00, 0x7C, 0x7C,
    0x00, 0xF8, 0xF8, 0x03, 0xE1, 0xF0, 0x07, 0xC3, 0xE0, 0x1F, 0x03, 0xC0, 0x3E, 0x07, 0x80, 0xF8,
    0x0F, 0x81, 0xF0, 0x1F, 0x07, 0xFF, 0xFE, 0x1F, 0xFF, 0xFC, 0x7F, 0x00, 0xF9, 0xFC, 0x00, 0xF1,
    0xF0, 0x01, 0xE3, 0xE0, 0x03, 0xE7, 0xC0, 0x07, 0xCF, 0x00, 0x07, 0x80, 0x00, 0x0F, 0x00, 0x00,
    0x1E, 0x00, 0x00, 0x3C, 0x00, 0x00, 0xC0, 0x00, 0x07, 0xE0, 0x00, 0x0E, 0x60, 0x00, 0x18, 0x40,
    0x00, 0x31, 0x80, 0x00, 0x7F, 0x00, 0x00, 0xFE, 0x00, 0x00, 0x78, 0x00, 0x03, 0xC0, 0x00, 0x07,
    0xC0, 0x00, 0x1F, 0xC0, 0x00, 0x7F, 0x80, 0x01, 0xFF, 0x00, 0x03, 0xEE, 0x00, 0x0F, 0x9E, 0x00,
    0x3E, 0x3C, 0x00, 0x78, 0x78, 0x01, 0xF0, 0xF0, 0x07, 0xC1, 0xE0, 0x0F, 0x83, 0xC0, 0x3E, 0x07,
    0x80, 0x78, 0x0F, 0x01, 0xF0, 0x1E, 0x07, 0xC0, 0x3C, 0x0F, 0xF0, 0x7C, 0x3F, 0xFF, 0xF8, 0x7F,
    0xFF, 0xF1, 0xFF, 0xFF, 0xE3, 0xE0, 0x03, 0xCF, 0x80, 0x07, 0x9F, 0x00, 0x07, 0x7C, 0x00, 0x0F,
    0x78, 0x00, 0x1E, 0xE0, 0x00, 0x1C, 0x00, 0x00, 0x38, 0x00, 0x00, 0x00, 0xF8, 0x00, 0x00, 0x03,
    0xFF, 0x80, 0x00, 0x7F, 0xFF, 0xF0, 0x00, 0x0F, 0xFF, 0xF8, 0x00, 0x03, 0xFF, 0xF0, 0x00, 0x00,
    0x7F, 0xF0, 0x00, 0x00, 0x1F, 0xF8, 0x00, 0x00, 0x03, 0xFC, 0x00, 0x00, 0x00, 0xFF, 0x80, 0x00,
    0x00, 0x1D, 0xF0, 0x00, 0x00, 0x07, 0x9E, 0x00, 0x00, 0x00, 0xE3, 0xC0, 0x00, 0x00, 0x3C, 0x78,
    0x00, 0x00, 0x07, 0x8F, 0x00, 0x00, 0x01, 0xE1, 0xE0, 0x00, 0x00, 0x3C, 0x3C, 0x00, 0x00, 0x0F,
    0x07, 0xC0, 0x00, 0x01, 0xE0, 0x7F, 0xFF, 0xE0, 0x3C, 0x1F, 0xFF, 0xFC, 0x0F, 0xFF, 0xFF, 0xFC,
    0x01, 0xFF, 0xFF, 0xE0, 0x00, 0x7F, 0xFF, 0xC0, 0x00, 0x0F, 0x80, 0xF0, 0x00, 0x03, 0xE0, 0x1F,
    0x00, 0x00, 0x7C, 0x01, 0xE0, 0x00, 0x0F, 0x80, 0x3C, 0x1F, 0xFB, 0xE0, 0x07, 0xFF, 0xFF, 0xFC,
    0x00, 0x7F, 0xFF, 0xE7, 0x00, 0x0F, 0xFF, 0x80, 0x07, 0xF8, 0x00, 0xFF, 0xF0, 0x0F, 0xFF, 0xC0,
    0x7F, 0xFE, 0x07, 0xE0, 0x20, 0x3E, 0x00, 0x01, 0xE0, 0x00, 0x0E, 0x00, 0x00, 0xF0, 0x00, 0x07,
    0x80, 0x00, 0x3C, 0x00, 0x01, 0xE0, 0x00, 0x0F, 0x00, 0x00, 0x78, 0x00, 0x01, 0xC0, 0x00, 0x0E,
    0x00, 0x00, 0x78, 0x00, 0x03, 0xC0, 0x00, 0x0E, 0x00, 0x00, 0x78, 0x00, 0x01, 0xC0, 0x01, 0x8F,
    0x00, 0x3C, 0x3C, 0x0F, 0xE0, 0xFF, 0xFE, 0x03, 0xFF, 0xC0, 0x0F, 0xF8, 0x00, 0x1F, 0x80, 0x00,
    0x7E, 0x00, 0x01, 0xF0, 0x00, 0x07, 0x80, 0x00, 0x3E, 0x00, 0x01, 0xF0, 0x00, 0x0F, 0x80, 0x00,
    0x7C, 0x00, 0x07, 0xC0, 0x00, 0x7E, 0x00, 0x07, 0xE0, 0x00, 0x1C, 0x00, 0x03, 0x80, 0x00, 0x03,
    0xFE, 0x00, 0x01, 0xFF, 0xE0, 0x00, 0x7F, 0xF8, 0x00, 0x07, 0xF8, 0x00, 0x00, 0x78, 0x00, 0x00,
    0x00, 0x00, 0x00, 0x00, 0x00, 0x03, 0xFC, 0x00, 0x07, 0xFF, 0xF0, 0x07, 0xFF, 0xFC, 0x03, 0xFF,
    0xFE, 0x03, 0xFC, 0x00, 0x00, 0xF0, 0x00, 0x00, 0x00, 0x00, 0x00, 0xE0, 0x00, 0x00, 0x78, 0x00,
    0x00, 0x7E, 0x07, 0x00, 0x3F, 0xFF, 0xE0, 0x1F, 0xFF, 0xF8, 0x0F, 0xFF, 0xFC, 0x07, 0xFF, 0xF0,
    0x03, 0xF0, 0x00, 0x01, 0xF0, 0x00, 0x00, 0x78, 0x00, 0x00, 0x3C, 0x00, 0x00, 0x1E, 0x00, 0x00,
    0x0F, 0x80, 0x00, 0x03, 0xC0, 0x00, 0x31, 0xE0, 0x00, 0x7C, 0x78, 0x01, 0xFE, 0x3C, 0x07, 0xFE,
    0x0F, 0xFF, 0xFE, 0x03, 0xFF, 0xFC, 0x00, 0xFF, 0xF8, 0x00, 0x3F, 0xE0, 0x00, 0x00, 0x0E, 0x00,
    0x00, 0x3C, 0x00, 0x01, 0xF0, 0x00, 0x07, 0xC0, 0x00, 0x1F, 0x00, 0x00, 0xF8, 0x00, 0x03, 0xC0,
    0x00, 0x0F, 0x00, 0x00, 0x18, 0x00, 0x00, 0x00, 0x00, 0x00, 0x00, 0x00, 0x00, 0x00, 0x3F, 0xFF,
    0xF9, 0xFF, 0xFF, 0xFF, 0xFF, 0xFF, 0xBF, 0xE0, 0x00, 0xFC, 0x00, 0x03, 0xE0, 0x00, 0x0F, 0x80,
    0x00, 0x3E, 0x0F, 0xC0, 0xFF, 0xFF, 0x83, 0xFF, 0xFC, 0x0F, 0xFF, 0xE0, 0x3F, 0xFC, 0x00, 0xFF,
    0x80, 0x03, 0xF0, 0x00, 0x0F, 0x80, 0x00, 0x1E, 0x00, 0x00, 0x78, 0x00, 0x01, 0xE0, 0x00, 0x03,
    0x80, 0x03, 0xCE, 0x00, 0x7F, 0x1C, 0x1F, 0xF8, 0x7F, 0xFF, 0xC0, 0xFF, 0xFC, 0x00, 0xFF, 0x00,
    0x00, 0xC0, 0x00, 0x03, 0xE0, 0x00, 0x0F, 0xE0, 0x00, 0x1D, 0xE0, 0x00, 0x31, 0xE0, 0x00, 0x01,
    0xC0, 0x00, 0x00, 0x00, 0x00, 0x00, 0x00, 0x7F, 0xFF, 0xF0, 0xFF, 0xFF, 0xF3, 0xFF, 0xFF, 0xC7,
    0xFF, 0xF8, 0x0F, 0xFC, 0x00, 0x1F, 0x80, 0x00, 0x3F, 0x00, 0x00, 0x7C, 0x00, 0x00, 0xF8, 0x3F,
    0xC1, 0xFF, 0xFF, 0x03, 0xFF, 0xFC, 0x07, 0xFF, 0xC0, 0x0F, 0xFC, 0x00, 0x1F, 0xC0, 0x00, 0x3E,
    0x00, 0x00, 0x3C, 0x00, 0x00, 0x78, 0x00, 0x00, 0xF0, 0x00, 0x00, 0xE0, 0x00, 0x39, 0xC0, 0x07,
    0xF1, 0xC0, 0xFF, 0xE3, 0xFF, 0xFF, 0x83, 0xFF, 0xFC, 0x03, 0xFF, 0xE0, 0x01, 0xFC, 0x00, 0x0E,
    0x00, 0x00, 0x78, 0x1C, 0x03, 0xC0, 0xF0, 0x00, 0x07, 0x80, 0x00, 0x00, 0x00, 0x00, 0x00, 0xFF,
    0xFF, 0x9F, 0xFF, 0xFE, 0xFF, 0xFF, 0xF3, 0xFF, 0xFE, 0x1F, 0x00, 0x00, 0xF0, 0x00, 0x07, 0xC0,
    0x00, 0x3E, 0x00, 0x01, 0xF0, 0x00, 0x0F, 0xFF, 0xFE, 0x7F, 0xFF, 0xFB, 0xFF, 0xFF, 0xCF, 0xFF,
    0xE0, 0x7E, 0x00, 0x03, 0xE0, 0x00, 0x1E, 0x00, 0x00, 0xF0, 0x00, 0x07, 0xC0, 0x00, 0x3E, 0x00,
    0x00, 0xF0, 0x00, 0x07, 0x81, 0xFC, 0x3F, 0xFF, 0xF1, 0xFF, 0xFF, 0x8F, 0xFF, 0xF0, 0x3F, 0xC0,
    0x01, 0xF0, 0x00, 0x07, 0x00, 0x00, 0x30, 0x07, 0xC0, 0xFE, 0x0F, 0xF8, 0x7F, 0xC1, 0xFE, 0x03,
    0xE0, 0x0C, 0x00, 0x00, 0x00, 0x00, 0x00, 0x00, 0x00, 0x00, 0x00, 0x03, 0xC0, 0x3E, 0x03, 0xE0,
    0x3E, 0x03, 0xE0, 0x3E, 0x03, 0xF0, 0x1F, 0x01, 0xF0, 0x1F, 0x01, 0xF0, 0x1F, 0x01, 0xF0, 0x1F,
    0x01, 0xF0, 0x1F, 0x01, 0xF0, 0x0F, 0x00, 0xF0, 0x0F, 0x00, 0xE0, 0x0E, 0x07, 0x87, 0xC7, 0xC7,
    0xE7, 0xE7, 0xE1, 0xC0, 0x00, 0x00, 0x70, 0x3C, 0x1E, 0x0F, 0x07, 0xC3, 0xE1, 0xF0, 0xF8, 0x7C,
    0x3E, 0x1F, 0x0F, 0x87, 0xC3, 0xE1, 0xF0, 0xF8, 0x7C, 0x3E, 0x1F, 0x0F, 0x87, 0xC3, 0xE0, 0xF0,
    0x70, 0x00, 0x01, 0xC0, 0x0F, 0xC0, 0x3F, 0x80, 0xFF, 0x83, 0xE7, 0x8F, 0x8F, 0x3E, 0x0F, 0x78,
    0x0F, 0x20, 0x0E, 0x00, 0x00, 0x1F, 0x00, 0x3E, 0x00, 0x7E, 0x00, 0xFC, 0x01, 0xF8, 0x03, 0xF0,
    0x03, 0xE0, 0x07, 0xC0, 0x0F, 0x80, 0x1F, 0x00, 0x3E, 0x00, 0x7C, 0x00, 0xF0, 0x01, 0xE0, 0x03,
    0xC0, 0x07, 0x80, 0x0F, 0x00, 0x1E, 0x00, 0x3C, 0x00, 0x78, 0x00, 0xF0, 0x01, 0xC0, 0x03, 0x80,
    0x06, 0x00, 0xE0, 0x07, 0x03, 0x98, 0x3E, 0x00, 0x60, 0x00, 0x07, 0x00, 0x3C, 0x01, 0xE0, 0x1F,
    0x00, 0xF8, 0x07, 0xC0, 0x3E, 0x01, 0xF0, 0x0F, 0x80, 0x7C, 0x03, 0xE0, 0x1F, 0x00, 0xF8, 0x03,
    0xC0, 0x1E, 0x00, 0xF0, 0x07, 0x80, 0x3C, 0x01, 0xE0, 0x0F, 0x00, 0x78, 0x03, 0xC0, 0x0E, 0x00,
    0x30, 0x00, 0x0F, 0xFF, 0x00, 0x01, 0xFF, 0xFF, 0x80, 0x1F, 0xFF, 0xFF, 0x00, 0xFF, 0xFF, 0xF8,
    0x0F, 0xC0, 0x7F, 0xC0, 0xF8, 0x00, 0x7E, 0x0F, 0x80, 0x03, 0xF0, 0xF8, 0x00, 0x1F, 0x07, 0x80,
    0x01, 0xF0, 0x78, 0x00, 0x1F, 0x07, 0x80, 0x01, 0xF0, 0x78, 0x00, 0x1E, 0x3F, 0xC0, 0x03, 0xEF,
    0xFF, 0xFC, 0x3C, 0xFF, 0xFF, 0xE7, 0xC7, 0xFF, 0xF8, 0xF8, 0x1F, 0xE0, 0x0F, 0x00, 0x7C, 0x01,
    0xF0, 0x03, 0xC0, 0x3E, 0x00, 0x3C, 0x07, 0xC0, 0x03, 0xC0, 0xF8, 0x00, 0x3C, 0x1F, 0x00, 0x01,
    0xC3, 0xE0, 0x00, 0x08, 0xF8, 0x00, 0x00, 0x1F, 0x00, 0x00, 0x03, 0xE0, 0x00, 0x00, 0x00, 0x38,
    0x00, 0x03, 0xC0, 0xF0, 0x3E, 0x0F, 0xF1, 0xF0, 0xFF, 0xFF, 0x0F, 0xFF, 0xF8, 0x78, 0xFF, 0x87,
    0xC0, 0xF0, 0x3C, 0x00, 0x00, 0xE0, 0x00, 0x00, 0x00, 0x00, 0x00, 0x01, 0xE0, 0x00, 0x0F, 0x00,
    0x00, 0x78, 0x00, 0x03, 0xC1, 0xF0, 0x1E, 0x1F, 0x81, 0xF0, 0xFE, 0x0F, 0x8F, 0xF0, 0x78, 0x7F,
    0xC3, 0xC3, 0xFE, 0x1E, 0x1F, 0xF8, 0xF0, 0xF7, 0xCF, 0x87, 0x9E, 0x7C, 0x3C, 0x7B, 0xE1, 0xE3,
    0xFF, 0x0E, 0x0F, 0xF8, 0x70, 0x7F, 0x87, 0x81, 0xFC, 0x3C, 0x07, 0xE1, 0xE0, 0x3F, 0x0F, 0x00,
    0xF8, 0x78, 0x03, 0x83, 0xC0, 0x00, 0x3C, 0x00, 0x01, 0xE0, 0x00, 0x07, 0x00, 0x00, 0x00, 0x01,
    0xF0, 0x00, 0x01, 0xF8, 0x00, 0x00, 0xFC, 0x00, 0x00, 0x7E, 0x00, 0x00, 0x3E, 0x00, 0x00, 0x1E,
    0x00, 0x00, 0x00, 0x00, 0x00, 0x00, 0x00, 0x0F, 0xFF, 0x80, 0x1F, 0xC7, 0xE0, 0x3F, 0x80, 0xF0,
    0x7F, 0x00, 0x78, 0x7E, 0x00, 0x38, 0x7E, 0x00, 0x3C, 0xFC, 0x00, 0x3C, 0xFC, 0x00, 0x3E, 0xFC,
    0x00, 0x1E, 0xF8, 0x00, 0x3F, 0xF8, 0x00, 0x3E, 0xF8, 0x00, 0x3E, 0xF8, 0x00, 0x3E, 0xF8, 0x00,
    0x7E, 0x78, 0x00, 0x7E, 0x78, 0x00, 0xFC, 0x7C, 0x01, 0xF8, 0x3C, 0x03, 0xF8, 0x3F, 0x0F, 0xF0,
    0x1F, 0xFF, 0xE0, 0x0F, 0xFF, 0x80, 0x03, 0xFF, 0x00, 0x00, 0xFC, 0x00, 0x00, 0x3C, 0x00, 0x07,
    0xC0, 0x00, 0xFC, 0x00, 0x3F, 0x80, 0x07, 0xF0, 0x00, 0x7E, 0x00, 0x07, 0xC0, 0x00, 0x38, 0x00,
    0x00, 0x00, 0x00, 0x3C, 0x00, 0x07, 0xF0, 0x00, 0xFF, 0xC0, 0x1F, 0xFE, 0x03, 0xFC, 0xF0, 0x7E,
    0x07, 0x87, 0xC0, 0x38, 0x78, 0x01, 0xCF, 0x80, 0x1C, 0xF0, 0x00, 0xEF, 0x00, 0x0E, 0xF0, 0x00,
    0xEF, 0x00, 0x0E, 0xF0, 0x00, 0xFF, 0x00, 0x0F, 0xF0, 0x00, 0xE7, 0x00, 0x1E, 0x78, 0x03, 0xE7,
    0xC0, 0x3E, 0x3E, 0x0F, 0xC1, 0xFF, 0xFC, 0x0F, 0xFF, 0x80, 0x7F, 0xE0, 0x00, 0xF8, 0x00, 0x03,
    0xC0, 0x01, 0xF8, 0x00, 0xFF, 0x00, 0x7F, 0xE0, 0x3E, 0x3C, 0x0F, 0x07, 0x03, 0x80, 0xE0, 0x1E,
    0x00, 0x07, 0xF0, 0x03, 0xFE, 0x01, 0xE3, 0xC0, 0xF0, 0x78, 0x78, 0x1E, 0x3E, 0x03, 0xCF, 0x80,
    0x7B, 0xE0, 0x1E, 0xF8, 0x07, 0xBE, 0x01, 0xFF, 0x80, 0x7F, 0xE0, 0x1F, 0xF8, 0x07, 0xDE, 0x01,
    0xF7, 0x80, 0x7D, 0xE0, 0x1F, 0x7C, 0x07, 0x9F, 0x03, 0xE3, 0xC0, 0xF8, 0xF8, 0x7C, 0x1F, 0x3F,
    0x07, 0xFF, 0x80, 0xFF, 0xE0, 0x1F, 0xF0, 0x01, 0xF8, 0x00, 0x00, 0x00, 0x78, 0x0F, 0xC7, 0xC1,
    0xFF, 0xFE, 0x3F, 0xFF, 0xE3, 0xF8, 0x7E, 0x1F, 0x00, 0x00, 0xF0, 0x00, 0x00, 0x00, 0x00, 0x00,
    0x00, 0x00, 0x07, 0xE0, 0x00, 0xFF, 0xC0, 0x0F, 0xC7, 0x80, 0x78, 0x1C, 0x07, 0x80, 0x70, 0x7C,
    0x03, 0xC7, 0xC0, 0x0E, 0x7C, 0x00, 0x7F, 0xE0, 0x03, 0xFE, 0x00, 0x1F, 0xF0, 0x01, 0xFF, 0x80,
    0x0F, 0xF8, 0x00, 0x7B, 0xC0, 0x07, 0xDE, 0x00, 0x3C, 0xF8, 0x03, 0xE3, 0xC0, 0x1E, 0x1E, 0x01,
    0xF0, 0x78, 0x1F, 0x03, 0xE1, 0xF0, 0x0F, 0xFF, 0x00, 0x3F, 0xE0, 0x00, 0x7C, 0x00, 0x1C, 0x0E,
    0x01, 0xE0, 0xF0, 0x0C, 0x07, 0x00, 0x1C, 0x00, 0x07, 0xF0, 0x00, 0xFF, 0x80, 0x1F, 0xFE, 0x03,
    0xFF, 0xF0, 0x3E, 0x07, 0x07, 0xC0, 0x38, 0x78, 0x01, 0xCF, 0x80, 0x1C, 0xF0, 0x00, 0xEF, 0x00,
    0x0E, 0xF0, 0x00, 0xEF, 0x00, 0x0E, 0xF0, 0x00, 0xFF, 0x00, 0x0F, 0xF0, 0x00, 0xEF, 0x00, 0x1E,
    0x70, 0x01, 0xE7, 0x80, 0x3E, 0x7C, 0x07, 0xE3, 0xF8, 0xFC, 0x1F, 0xFF, 0x80, 0xFF, 0xF0, 0x07,
    0xFC, 0x00, 0x0F, 0x00, 0x00, 0x0E, 0x00, 0x0F, 0x00, 0x07, 0x80, 0x03, 0xC0, 0x03, 0xC0, 0x1F,
    0xE0, 0x3F, 0xF0, 0x3F, 0xF8, 0x3C, 0x7E, 0x1C, 0x3F, 0x1C, 0x3F, 0xCE, 0x1F, 0xE7, 0x0F, 0x7B,
    0x87, 0xBF, 0xC7, 0x9F, 0xE3, 0xCF, 0xF1, 0xC7, 0xF9, 0xE3, 0xDC, 0xF1, 0xEE, 0x71, 0xE7, 0xF8,
    0xF1, 0xFC, 0xF8, 0xFE, 0x78, 0x3F, 0xF8, 0x1F, 0xFC, 0x07, 0xF8, 0x03, 0xE0, 0x01, 0xC0, 0x00,
    0xE0, 0x00, 0x60, 0x00, 0x1F, 0x00, 0x01, 0xF0, 0x00, 0x0F, 0x80, 0x00, 0xF8, 0x00, 0x07, 0xC0,
    0x00, 0x7C, 0x00, 0x03, 0xE0, 0x00, 0x1E, 0x38, 0x00, 0x01, 0xC0, 0x00, 0x1E, 0x00, 0x01, 0xE0,
    0x00, 0x1E, 0x20, 0x01, 0xF7, 0x80, 0x0F, 0x78, 0x00, 0xFF, 0x80, 0x0F, 0xF8, 0x00, 0xFF, 0x80,
    0x1F, 0xF8, 0x01, 0xF7, 0x80, 0x1F, 0x78, 0x01, 0xF7, 0x80, 0x3E, 0x7C, 0x03, 0xE3, 0xC0, 0x7C,
    0x1C, 0x0F, 0xC1, 0xE3, 0xF8, 0x07, 0xFF, 0x00, 0x3F, 0xE0, 0x00, 0xF8, 0x00, 0x00, 0x01, 0xE0,
    0x00, 0x03, 0xE0, 0x00, 0x0F, 0xC0, 0x00, 0x1F, 0x80, 0x00, 0x3F, 0x00, 0x00, 0x3E, 0x00, 0x20,
    0x3C, 0x0C, 0x70, 0x00, 0x0E, 0x78, 0x00, 0x0F, 0x78, 0x00, 0x0F, 0x78, 0x00, 0x1F, 0x78, 0x00,
    0x1E, 0x78, 0x00, 0x1E, 0xF8, 0x00, 0x1E, 0xF8, 0x00, 0x3E, 0xF0, 0x00, 0x3E, 0xF0, 0x00, 0x3C,
    0xF0, 0x00, 0x7C, 0xF0, 0x00, 0x7C, 0x70, 0x00, 0xF8, 0x70, 0x01, 0xF8, 0x70, 0x03, 0xF8, 0x38,
    0x07, 0xF0, 0x38, 0x1F, 0xE0, 0x1C, 0x7F, 0xC0, 0x1F, 0xFF, 0x80, 0x0F, 0xFF, 0x00, 0x07, 0xFC,
    0x00, 0x01, 0xE0, 0x00, 0x01, 0xC0, 0x00, 0x3E, 0x00, 0x07, 0xF0, 0x00, 0xFF, 0x80, 0x0F, 0x78,
    0x01, 0xE3, 0xC0, 0x3E, 0x1E, 0x03, 0xC0, 0xE0, 0x00, 0x04, 0xC0, 0x00, 0x0E, 0x00, 0x00, 0xF6,
    0x00, 0x0F, 0xF0, 0x00, 0xFF, 0x80, 0x0F, 0xF8, 0x00, 0xFF, 0x80, 0x0F, 0xF8, 0x00, 0xF7, 0x80,
    0x0F, 0x78, 0x00, 0xF7, 0x80, 0x0F, 0x78, 0x01, 0xF7, 0x80, 0x1F, 0x78, 0x01, 0xF7, 0x80, 0x1F,
    0x3C, 0x01, 0xE3, 0xC0, 0x3E, 0x3C, 0x03, 0xE1, 0xC0, 0x7C, 0x1E, 0x07, 0xC0, 0xE0, 0xF8, 0x07,
    0x1F, 0x80, 0x3F, 0xF0, 0x01, 0xFC, 0x00, 0x07, 0x80, 0x03, 0x00, 0x00, 0x07, 0xC0, 0xE0, 0x03,
    0xC3, 0xF0, 0x01, 0x83, 0xF0, 0x00, 0x01, 0xF0, 0x00, 0x00, 0x60, 0x00, 0x00, 0x04, 0x20, 0x00,
    0x0E, 0x70, 0x00, 0x0E, 0x78, 0x00, 0x0F, 0x78, 0x00, 0x0F, 0x78, 0x00, 0x1F, 0x78, 0x00, 0x1E,
    0x78, 0x00, 0x1E, 0xF8, 0x00, 0x1E, 0xF8, 0x00, 0x3E, 0xF0, 0x00, 0x3E, 0xF0, 0x00, 0x3C, 0xF0,
    0x00, 0x7C, 0xF0, 0x00, 0x7C, 0x70, 0x00, 0xF8, 0x70, 0x01, 0xF8, 0x70, 0x03, 0xF8, 0x38, 0x07,
    0xF0, 0x38, 0x1F, 0xE0, 0x1C, 0xFF, 0xC0, 0x1F, 0xFF, 0x80, 0x0F, 0xFF, 0x00, 0x07, 0xFC, 0x00,
    0x01, 0xE0, 0x00, 0x00, 0x00, 0x20, 0x00, 0x00, 0x70, 0x00, 0x00, 0xF0, 0x00, 0x01, 0xF0, 0x00,
    0x03, 0xE0, 0x00, 0x07, 0xC0, 0x00, 0x0F, 0x00, 0x00, 0x1E, 0x00, 0xF8, 0x3C, 0x00, 0xF8, 0x38,
    0x00, 0x78, 0x00, 0x0E, 0x7C, 0x00, 0x3F, 0x3C, 0x00, 0x3F, 0x3C, 0x00, 0x7E, 0x1E, 0x00, 0x7C,
    0x1E, 0x00, 0xF8, 0x0F, 0x01, 0xF0, 0x0F, 0x01, 0xF0, 0x07, 0x83, 0xE0, 0x03, 0xC3, 0xC0, 0x01,
    0xE7, 0xC0, 0x00, 0xFF, 0x80, 0x00, 0x3F, 0x80, 0x00, 0x1F, 0x00, 0x00, 0x1F, 0x00, 0x00, 0x3E,
    0x00, 0x00, 0x3C, 0x00, 0x00, 0x7C, 0x00, 0x00, 0x78, 0x00, 0x00, 0x78, 0x00, 0x00, 0xF0, 0x00,
    0x00, 0xF0, 0x00, 0x01, 0xE0, 0x00, 0x01, 0xE0, 0x00, 0x03, 0xC0, 0x00, 0x03, 0x80, 0x00, 0x03,
    0x80, 0x00, 0x07, 0x00, 0x00, 0x70, 0x03, 0xC0, 0x0F, 0x00, 0x3C, 0x00, 0xF0, 0x03, 0xC0, 0x0F,
    0x00, 0x3C, 0xFE, 0xFF, 0xFF, 0xFF, 0xFF, 0xE7, 0xFE, 0x0F, 0xF0, 0x3F, 0xC0, 0xFF, 0x07, 0xFC,
    0x1E, 0xF0, 0x7B, 0xC3, 0xEF, 0x1F, 0x3F, 0xF8, 0xFF, 0xC3, 0xC0, 0x0F, 0x00, 0x3C, 0x00, 0xF0,
    0x01, 0xC0, 0x07, 0x00, 0x1C, 0x00, 0x70, 0x01, 0xC0, 0x07, 0x00, 0x1C, 0x00, 0x70, 0x00, 0x03,
    0xC0, 0x00, 0x7F, 0x00, 0x07, 0xF0, 0x00, 0xF7, 0x00, 0x0E, 0x78, 0x01, 0xEF, 0x00, 0x1E, 0xF0,
    0x01, 0xCF, 0x00, 0x3D, 0xF0, 0x03, 0xDF, 0xC0, 0x39, 0xFF, 0x87, 0x8C, 0x0E, 0x78, 0x00, 0x77,
    0x80, 0x07, 0x70, 0x00, 0xF7, 0x00, 0x0F, 0x70, 0x01, 0xF7, 0x00, 0x7E, 0xF0, 0x7F, 0xCF, 0x0F,
    0xF8, 0xF0, 0x7C, 0x0F, 0x00, 0x00, 0xF0, 0x00, 0x0F, 0x00, 0x00, 0xF0, 0x00, 0x07, 0x00, 0x00,
    0x70, 0x00, 0x00, 0x1C, 0x00, 0x3C, 0x00, 0x7C, 0x00, 0x7C, 0x00, 0x3E, 0x00, 0x3F, 0x00, 0x1E,
    0x00, 0x00, 0x00, 0x00, 0x00, 0x00, 0x0F, 0xC0, 0xFF, 0xC1, 0xFF, 0xC1, 0xE3, 0xC0, 0x03, 0x80,
    0x07, 0x01, 0xFE, 0x0F, 0xFC, 0x7F, 0xF9, 0xF1, 0xF7, 0xC1, 0xEF, 0x07, 0xFC, 0x3F, 0xBF, 0xFF,
    0x7F, 0xFE, 0x3F, 0xFC, 0x00, 0x78, 0x00, 0x70, 0x00, 0x60, 0x00, 0x0C, 0x00, 0x7C, 0x01, 0xF8,
    0x03, 0xE0, 0x0F, 0x00, 0x18, 0x00, 0x00, 0x00, 0x00, 0x00, 0xE0, 0x1F, 0xF0, 0x3F, 0xF0, 0x7F,
    0xE0, 0x01, 0xC0, 0x03, 0x80, 0x07, 0x0F, 0x8E, 0x3F, 0xFC, 0xFF, 0xF9, 0xC3, 0xF7, 0x83, 0xEF,
    0x0F, 0xCF, 0xFF, 0x9F, 0xFF, 0x1F, 0xFE, 0x00, 0x3C, 0x00, 0x78, 0x00, 0x70, 0x00, 0x60, 0x00,
    0x78, 0x00, 0x7F, 0x00, 0x7B, 0x80, 0x38, 0xE0, 0x38, 0x70, 0x08, 0x18, 0x00, 0x00, 0x00, 0x00,
    0x00, 0x7E, 0x00, 0xFF, 0x80, 0xFF, 0xE0, 0xFE, 0xF0, 0x3C, 0x78, 0x00, 0x3C, 0x03, 0xFF, 0x07,
    0xFF, 0x07, 0xFF, 0x87, 0xC7, 0xC7, 0x81, 0xE7, 0xC3, 0xF3, 0xC3, 0xFB, 0xC7, 0xFD, 0xFF, 0xFE,
    0x7F, 0xFF, 0x3F, 0xC3, 0x8F, 0x81, 0xC0, 0x07, 0x00, 0x07, 0xE0, 0x03, 0xF8, 0x01, 0xFF, 0xF0,
    0xC7, 0xF8, 0x00, 0xF0, 0x00, 0x00, 0x03, 0x80, 0x0F, 0xF8, 0x0F, 0xFE, 0x07, 0xFF, 0x01, 0x83,
    0xC0, 0x01, 0xE0, 0x3F, 0xF0, 0x7F, 0xF8, 0x7F, 0xFC, 0x7C, 0x3E, 0x3C, 0x0F, 0xBE, 0x03, 0xDE,
    0x03, 0xE7, 0x81, 0xF3, 0xC3, 0xF8, 0xFF, 0xFC, 0x3F, 0xFE, 0x07, 0xC7, 0x00, 0x18, 0x38, 0x3C,
    0x7C, 0x3C, 0x3C, 0x1C, 0x1C, 0x00, 0x00, 0x03, 0xC0, 0x0F, 0xE0, 0x1F, 0xF0, 0x3F, 0xF0, 0x3E,
    0x78, 0x7C, 0x7C, 0x7C, 0x7C, 0x78, 0x7C, 0xF8, 0x7E, 0xF0, 0x7E, 0xF0, 0xFE, 0xF0, 0xFF, 0xF1,
    0xFF, 0x7B, 0xE7, 0x7F, 0xE3, 0x3F, 0xC0, 0x3F, 0x80, 0x01, 0xE0, 0x0F, 0xC0, 0x3F, 0x81, 0xCE,
    0x06, 0x38, 0x1C, 0xE0, 0x7F, 0x80, 0xFC, 0x00, 0xE0, 0xFC, 0x03, 0xFC, 0x0F, 0xF8, 0x07, 0xF0,
    0x01, 0xE0, 0x07, 0x80, 0x0E, 0x07, 0xFC, 0x3F, 0xF3, 0xFF, 0xDF, 0x0F, 0x78, 0x3F, 0xC0, 0xFF,
    0x07, 0xDC, 0x7F, 0x7F, 0xFC, 0xFF, 0xE1, 0xFF, 0x80, 0x06, 0x1F, 0x83, 0xC0, 0x7F, 0x9F, 0xC0,
    0xFF, 0xFF, 0xC0, 0x03, 0xE3, 0xC0, 0x07, 0x87, 0x80, 0x0F, 0x1F, 0x00, 0x1E, 0x7C, 0x07, 0xFF,
    0xF0, 0x3F, 0xFF, 0x80, 0xFD, 0xFC, 0x01, 0xC1, 0xF0, 0x1F, 0x87, 0xE1, 0xFE, 0x0F, 0xFF, 0xCE,
    0x3B, 0xFF, 0x1F, 0xE1, 0xFC, 0x1F, 0x80, 0x00, 0x1E, 0x00, 0x00, 0x03, 0xC0, 0x07, 0xE0, 0x0F,
    0xC0, 0x1F, 0x00, 0x1E, 0x00, 0x3C, 0x00, 0x38, 0x00, 0x38, 0x00, 0x38, 0x00, 0x38, 0x00, 0x18,
    0x00, 0x1C, 0x06, 0x0F, 0xFF, 0x07, 0xFE, 0x03, 0xF8, 0x03, 0xC0, 0x03, 0xC0, 0x03, 0xE0, 0x01,
    0xF0, 0x00, 0xF8, 0x00, 0x78, 0x00, 0xF0, 0x03, 0xE0, 0x0F, 0xE0, 0x3F, 0x80, 0xFE, 0x00, 0xF0,
    0x00, 0x0C, 0x00, 0x1E, 0x00, 0x0F, 0x00, 0x07, 0x80, 0x07, 0xC0, 0x01, 0xC0, 0x00, 0x00, 0x00,
    0x00, 0x07, 0xE0, 0x1F, 0xF8, 0x3F, 0xFE, 0x7C, 0x3E, 0x78, 0x7E, 0x79, 0xF8, 0xFF, 0xF0, 0xFF,
    0xC0, 0xFF, 0x80, 0xFC, 0x00, 0x78, 0x00, 0x78, 0x07, 0x78, 0x1F, 0x3C, 0x3F, 0x3F, 0xFE, 0x1F,
    0xF8, 0x07, 0xE0, 0x01, 0xE0, 0x03, 0xF0, 0x03, 0xF0, 0x03, 0xF0, 0x03, 0xE0, 0x03, 0xE0, 0x01,
    0xC0, 0x00, 0x00, 0x00, 0x07, 0xC0, 0x0F, 0xF8, 0x07, 0x9E, 0x07, 0x8F, 0x87, 0xCF, 0xC3, 0xC7,
    0xC3, 0xE7, 0xE1, 0xE7, 0xE0, 0xF7, 0xE0, 0x7F, 0xE0, 0x3F, 0xE0, 0x4F, 0xC0, 0xF7, 0x80, 0xF9,
    0xC1, 0xF8, 0xF1, 0xF8, 0x3F, 0xF8, 0x07, 0xE0, 0x00, 0x00, 0xC0, 0x00, 0xFC, 0x00, 0x3F, 0x80,
    0x1F, 0xE0, 0x0F, 0x1C, 0x01, 0x83, 0x80, 0x00, 0x00, 0x03, 0x80, 0x03, 0xF8, 0x00, 0xFE, 0x00,
    0x7B, 0xC0, 0x1C, 0xF0, 0x0F, 0x7C, 0x03, 0xFE, 0x00, 0xFF, 0x00, 0x3F, 0xC0, 0x0F, 0xE0, 0x03,
    0xF0, 0x0F, 0xF8, 0x0D, 0xFE, 0x0F, 0x1F, 0x87, 0xC0, 0xFF, 0xE0, 0x0F, 0xE0, 0x01, 0xF0, 0x70,
    0x07, 0xC3, 0xBE, 0x3E, 0x70, 0xF0, 0x03, 0x80, 0x00, 0x00, 0x00, 0xF0, 0x0F, 0xE0, 0xFF, 0x8F,
    0xBE, 0xF9, 0xF7, 0x9F, 0xFF, 0xFB, 0xFF, 0x9F, 0xF8, 0xFF, 0x87, 0xF0, 0x3E, 0x00, 0xF0, 0x37,
    0x87, 0x9F, 0xF8, 0x7F, 0x80, 0xF0, 0xE0, 0x7C, 0x1F, 0x07, 0xC0, 0xF8, 0x1C, 0x00, 0x1C, 0x0F,
    0x07, 0x83, 0xC1, 0xE0, 0xF0, 0x78, 0x3C, 0x1E, 0x0F, 0x07, 0x83, 0xC1, 0xE0, 0x70, 0x38, 0x18,
    0x01, 0x03, 0xC3, 0xE3, 0xE3, 0xE1, 0xF1, 0xF0, 0xF0, 0x78, 0x00, 0x38, 0x1E, 0x0F, 0x07, 0x83,
    0xC1, 0xE0, 0xF0, 0x78, 0x3C, 0x1E, 0x0F, 0x07, 0x83, 0xC0, 0xE0, 0x60, 0x00, 0x01, 0xC0, 0x7E,
    0x0F, 0xE1, 0xFF, 0x3F, 0xFF, 0xCF, 0xF8, 0x77, 0x00, 0x00, 0x00, 0x38, 0x07, 0x80, 0x78, 0x07,
    0xC0, 0x7C, 0x07, 0xC0, 0x7C, 0x07, 0xC0, 0x7C, 0x07, 0xC0, 0x7C, 0x03, 0x80, 0x38, 0x00, 0xE7,
    0x0F, 0xF8, 0xFF, 0x87, 0x00, 0x00, 0x38, 0x07, 0x80, 0x7C, 0x07, 0xC0, 0x7C, 0x07, 0xC0, 0x7C,
    0x07, 0xC0, 0x78, 0x07, 0x80, 0x38, 0x03, 0x80, 0x38, 0x03, 0x80, 0x30, 0x3C, 0x01, 0x9F, 0x83,
    0xC7, 0xE7, 0xC0, 0xFF, 0xC0, 0x3F, 0xC0, 0x3F, 0x80, 0x3F, 0xC0, 0x3F, 0xE0, 0x1C, 0xF8, 0x00,
    0x3C, 0x00, 0x0E, 0x00, 0x07, 0x80, 0x03, 0xC0, 0x01, 0xE0, 0x1F, 0xF0, 0x1F, 0xF8, 0x3F, 0xFC,
    0x3C, 0x7E, 0x1C, 0x1F, 0x1E, 0x07, 0x8F, 0x03, 0xC3, 0xC1, 0xC1, 0xF1, 0xE0, 0x7F, 0xF0, 0x0F,
    0xF0, 0x01, 0xE0, 0x00, 0x00, 0x00, 0x70, 0x7E, 0x0F, 0x0F, 0xF9, 0xE0, 0xFF, 0xFE, 0x00, 0x1F,
    0xC0, 0x00, 0x78, 0x18, 0x00, 0x07, 0xE0, 0x00, 0x7E, 0x00, 0x0F, 0xF0, 0x00, 0x4F, 0x1E, 0x00,
    0xF3, 0xF0, 0x0F, 0x3F, 0x00, 0xF7, 0xF8, 0x0E, 0x73, 0x80, 0xFF, 0x3C, 0x0F, 0xE1, 0xE0, 0x7E,
    0x0F, 0x07, 0xC0, 0x70, 0x7C, 0x00, 0x07, 0xC0, 0x00, 0x78, 0x00, 0x0E, 0x00, 0x3E, 0x00, 0x7F,
    0x00, 0xFE, 0x01, 0xFC, 0x01, 0xF0, 0x03, 0xC1, 0xE3, 0x1F, 0xE0, 0x79, 0xE3, 0xC3, 0x9E, 0x07,
    0xF8, 0x1F, 0xC0, 0x7F, 0x01, 0xFC, 0x0F, 0xF0, 0x3F, 0xC0, 0xF7, 0x07, 0xDE, 0x3E, 0x3F, 0xF0,
    0x7F, 0x80, 0xFC, 0x00, 0x01, 0xF0, 0x3F, 0xC0, 0xFE, 0x03, 0xE0, 0x06, 0x00, 0x00, 0x00, 0x78,
    0x07, 0xF8, 0x1E, 0x78, 0xF0, 0xE7, 0x81, 0xFE, 0x07, 0xF0, 0x1F, 0xC0, 0x7F, 0x03, 0xFC, 0x0F,
    0xF0, 0x3D, 0xC1, 0xF7, 0x8F, 0x8F, 0xFC, 0x1F, 0xE0, 0x3F, 0x00, 0x01, 0xC0, 0x0F, 0xC0, 0x3F,
    0xC0, 0xF3, 0x83, 0xC3, 0x8F, 0x87, 0x9E, 0x07, 0x08, 0x07, 0x1F, 0xC0, 0xFB, 0xC1, 0xE1, 0xE7,
    0xC3, 0xCF, 0x87, 0xDF, 0x0F, 0xBC, 0x1E, 0x78, 0x3C, 0x78, 0xF8, 0xF3, 0xE0, 0xFF, 0x81, 0xFE,
    0x00, 0xF0, 0x00, 0x0F, 0x00, 0x1F, 0x80, 0x1F, 0xC7, 0x18, 0xFF, 0x10, 0x7E, 0x00, 0x3C, 0x07,
    0x80, 0x1F, 0xE0, 0x1E, 0x78, 0x3C, 0x38, 0x78, 0x1C, 0xF8, 0x1C, 0xF0, 0x1E, 0xF0, 0x1E, 0xF0,
    0x3E, 0xF0, 0x3C, 0xF0, 0x3C, 0x78, 0x78, 0x38, 0xF8, 0x3F, 0xF0, 0x1F, 0xE0, 0x07, 0xC0, 0x1E,
    0x1C, 0x3C, 0x78, 0x7C, 0xF8, 0x38, 0x60, 0x38, 0x00, 0x78, 0x01, 0xF8, 0x0F, 0xF8, 0x3C, 0x78,
    0xF0, 0xF1, 0xE0, 0xE7, 0x81, 0xCF, 0x03, 0x9E, 0x0F, 0x3C, 0x1E, 0x78, 0x78, 0x71, 0xF0, 0xFF,
    0xC0, 0xFF, 0x00, 0xF8, 0x00, 0x00, 0x38, 0x1D, 0xE0, 0x7F, 0x8C, 0x7C, 0x79, 0xF1, 0xE7, 0xC7,
    0xBF, 0x9F, 0xFE, 0x7F, 0xB9, 0xFC, 0xF7, 0xE3, 0xCF, 0x8F, 0x3C, 0x39, 0xF1, 0xE7, 0xCF, 0xBF,
    0xFC, 0xFF, 0xE1, 0x8F, 0x00, 0x7C, 0x00, 0x7E, 0x00, 0x3E, 0x00, 0x3E, 0x00, 0x1F, 0x00, 0x0F,
    0x00, 0x07, 0x00, 0x00, 0x00, 0x70, 0x00, 0x78, 0x00, 0x78, 0x00, 0xF8, 0x1C, 0xF8, 0x1E, 0xF8,
    0x3E, 0xF8, 0x3E, 0xF8, 0x3E, 0xF8, 0x7E, 0x78, 0xFE, 0x79, 0xFE, 0x7F, 0xFE, 0x3F, 0xFE, 0x3F,
    0xFE, 0x0F, 0x1E, 0x00, 0x1E, 0x00, 0x0E, 0x00, 0x0F, 0x00, 0x07, 0x00, 0x03, 0x00, 0x1E, 0x00,
    0x78, 0x01, 0xF0, 0x07, 0xC0, 0x1F, 0x00, 0x3C, 0x00, 0x00, 0x00, 0x00, 0x78, 0x1C, 0xF0, 0x79,
    0xE0, 0xF7, 0xC1, 0xEF, 0x83, 0xDE, 0x07, 0xBC, 0x0F, 0x78, 0x3E, 0xF0, 0x7E, 0xF1, 0xFD, 0xFF,
    0xFB, 0xFE, 0xF3, 0xF8, 0xE3, 0xC1, 0xC0, 0x00, 0xF0, 0x00, 0xFC, 0x00, 0xFE, 0x00, 0xFF, 0x80,
    0xFF, 0xC0, 0xF8, 0xE0, 0x78, 0x78, 0x00, 0x1C, 0x00, 0x0E, 0x00, 0x03, 0x00, 0x00, 0x0E, 0x00,
    0x0F, 0x00, 0xE7, 0x80, 0x73, 0xE0, 0x79, 0xF0, 0x3C, 0x78, 0x1E, 0x3C, 0x0F, 0x1E, 0x0F, 0xCF,
    0x07, 0xE7, 0xCF, 0xF1, 0xFF, 0xF8, 0x7F, 0xFC, 0x0F, 0x8F, 0x00, 0x07, 0x80, 0x01, 0x80, 0x38,
    0x00, 0x0F, 0x00, 0x03, 0xE0, 0x70, 0x70, 0x1E, 0x00, 0x07, 0xC0, 0x00, 0xE0, 0x00, 0x00, 0x00,
    0x00, 0x60, 0x00, 0x1E, 0x00, 0x0F, 0x80, 0x03, 0xE0, 0x3C, 0xF8, 0x0F, 0x3E, 0x07, 0xCF, 0x81,
    0xF3, 0xE0, 0xFC, 0xF8, 0x3F, 0x1E, 0x1F, 0xC7, 0x9F, 0xF1, 0xFF, 0xFC, 0x3F, 0xE7, 0x03, 0xE1,
    0xC0, 0x00, 0x30, 0x00, 0x38, 0x03, 0xE0, 0x7F, 0x03, 0xF8, 0x0F, 0xC0, 0x00, 0x00, 0x00, 0x3C,
    0x0F, 0x78, 0x3C, 0xF0, 0xF3, 0xE3, 0xC7, 0x8F, 0x0F, 0x3C, 0x1F, 0xF0, 0x3F, 0x80, 0x7E, 0x00,
    0xF8, 0x01, 0xE0, 0x07, 0x80, 0x1E, 0x00, 0xF0, 0x03, 0xC0, 0x1F, 0x03, 0x78, 0x0F, 0xC0, 0x1E,
    0x00, 0x60, 0x03, 0x80, 0x0E, 0x00, 0x38, 0x00, 0xE0, 0x03, 0x80, 0x0F, 0xF8, 0x3F, 0xF8, 0xFF,
    0xF3, 0xE1, 0xEF, 0x03, 0xFC, 0x07, 0xF0, 0x1F, 0xC0, 0x7F, 0x03, 0xFE, 0x1F, 0xFF, 0xFF, 0xFF,
    0xEF, 0xFF, 0x3F, 0xF0, 0xE0, 0x03, 0x80, 0x0E, 0x00, 0x38, 0x00, 0xE0, 0x03, 0x80, 0x0E, 0x00,
    0x00, 0x00, 0x1C, 0x70, 0x78, 0xF0, 0x61, 0xC0, 0x00, 0x00, 0x00, 0x03, 0x9C, 0x07, 0xFC, 0x0F,
    0x78, 0x3E, 0x78, 0x7C, 0xF8, 0xF0, 0xFB, 0xE0, 0xFF, 0x80, 0xFF, 0x00, 0x7E, 0x00, 0xF8, 0x01,
    0xF0, 0x03, 0xC0, 0x0F, 0x80, 0x1E, 0x00, 0x3C, 0x00, 0x70, 0x01, 0xE0, 0x03, 0xC0, 0x07, 0x00,
    0x00, 0x30, 0x60, 0x00, 0x71, 0xC0, 0x00, 0xF7, 0x00, 0x00, 0xFE, 0x00, 0x00, 0xF8, 0x00, 0x00,
    0x60, 0x00, 0x00, 0x00, 0x00, 0x00, 0x00, 0x00, 0x01, 0xC0, 0x00, 0x0F, 0xE0, 0x00, 0x3F, 0xC0,
    0x00, 0xFF, 0xC0, 0x03, 0xFF, 0x80, 0x0F, 0xCF, 0x00, 0x1F, 0x1E, 0x00, 0x7E, 0x1C, 0x00, 0xF8,
    0x3C, 0x03, 0xE0, 0x78, 0x07, 0xC0, 0xF0, 0x1F, 0x01, 0xE0, 0x3E, 0x03, 0xC0, 0xF8, 0x07, 0x81,
    0xF0, 0x0F, 0x07, 0xC1, 0xFE, 0x0F, 0xFF, 0xFC, 0x3F, 0xFF, 0xF8, 0x7F, 0xFC, 0xF1, 0xFF, 0xC0,
    0xE3, 0xF8, 0x01, 0xEF, 0xC0, 0x03, 0xDF, 0x00, 0x07, 0xFE, 0x00, 0x07, 0xF8, 0x00, 0x0E, 0xF0,
    0x00, 0x1C, 0x80, 0x00, 0x38, 0x00, 0x00, 0x30, 0x20, 0x60, 0x71, 0xC0, 0xE3, 0x00, 0xFE, 0x00,
    0xF8, 0x00, 0xF0, 0x00, 0xC0, 0x00, 0x00, 0x00, 0x00, 0x1F, 0x00, 0x7F, 0x80, 0xFF, 0xC0, 0x07,
    0x80, 0x07, 0x81, 0xFF, 0x07, 0xFE, 0x1F, 0xFE, 0x7C, 0x7D, 0xF0, 0x7B, 0xC0, 0xFF, 0x81, 0xFE,
    0x07, 0xDC, 0x1F, 0xBD, 0xFF, 0x3F, 0xCE, 0x1F, 0x00, 0x0F, 0xFF, 0x00, 0x01, 0xFF, 0xFF, 0x80,
    0x1F, 0xFF, 0xFF, 0x00, 0xFF, 0xFF, 0xF8, 0x0F, 0xC0, 0x7F, 0xC0, 0xF8, 0x00, 0x7E, 0x0F, 0x80,
    0x03, 0xF0, 0xF8, 0x00, 0x1F, 0x07, 0x80, 0x01, 0xF0, 0x78, 0x00, 0x1F, 0x07, 0x80, 0x01, 0xF0,
    0x78, 0x00, 0x1E, 0x3F, 0xC0, 0x03, 0xEF, 0xFF, 0xFC, 0x3C, 0xFF, 0xFF, 0xE7, 0xC7, 0xFF, 0xF8,
    0xF8, 0x1F, 0xE0, 0x0F, 0x00, 0x7C, 0x01, 0xF0, 0x03, 0xC0, 0x3E, 0x00, 0x3C, 0x07, 0xC0, 0x03,
    0xC0, 0xF8, 0x00, 0x3C, 0x1F, 0x00, 0x01, 0xC3, 0xE0, 0x00, 0x08, 0xF8, 0x00, 0x00, 0x1F, 0x00,
    0x00, 0x03, 0xE0, 0x00, 0x00, 0x70, 0x00, 0x78, 0x00, 0x78, 0x03, 0xFE, 0x07, 0xFF, 0x01, 0xFF,
    0x00, 0x78, 0x00, 0x78, 0x00, 0x78, 0x00, 0x78, 0x00, 0x78, 0x00, 0x78, 0x00, 0xF8, 0x0F, 0xF8,
    0x1F, 0xF8, 0x3E, 0x78, 0x7C, 0x78, 0x78, 0x7C, 0xF0, 0x7C, 0xF0, 0x7C, 0xF0, 0x7C, 0xF0, 0xFC,
    0xF0, 0xFC, 0xF1, 0xFC, 0xF1, 0xFE, 0x7F, 0xDE, 0x3F, 0x8E, 0x1E, 0x00, 0x03, 0x80, 0x60, 0x1F,
    0x83, 0x80, 0xF7, 0x3E, 0x01, 0x87, 0xF0, 0x00, 0x07, 0x80, 0x00, 0x00, 0x00, 0x1F, 0x80, 0x01,
    0xFF, 0xE0, 0x1F, 0xFF, 0xF0, 0xFF, 0xFF, 0xF7, 0xFF, 0xFF, 0x8F, 0x8F, 0x80, 0x18, 0x1E, 0x00,
    0x00, 0xF8, 0x00, 0x03, 0xE0, 0x00, 0x0F, 0x80, 0x00, 0x3C, 0x00, 0x00, 0xF0, 0x00, 0x03, 0xC0,
    0x00, 0x0F, 0x00, 0x00, 0x7C, 0x00, 0x01, 0xE0, 0x00, 0x07, 0x80, 0x00, 0x1E, 0x00, 0x00, 0xFB,
    0xFC, 0x03, 0xFF, 0xF0, 0x3F, 0xFF, 0xC7, 0xFF, 0xF8, 0x7F, 0xFC, 0x03, 0xFF, 0x00, 0x07, 0xF0,
    0x00, 0x00, 0x20, 0x6F, 0x1F, 0xFF, 0x87, 0xE0, 0x38, 0x00, 0x00, 0x00, 0x70, 0x0E, 0x03, 0xE0,
    0x3C, 0x07, 0x80, 0xF0, 0x1E, 0x03, 0xC0, 0x78, 0x0F, 0x01, 0xE0, 0x3C, 0x07, 0x80, 0xF0, 0x1E,
    0x03, 0xC0, 0x78, 0x0F, 0x01, 0xC0, 0x18, 0x00, 0x00, 0xE0, 0x00, 0x01, 0xF8, 0x00, 0x03, 0xFC,
    0x38, 0x03, 0x8F, 0xF8, 0x00, 0x07, 0xF0, 0x00, 0x03, 0xE0, 0x00, 0x00, 0x00, 0x18, 0x00, 0x08,
    0x1E, 0x00, 0x1E, 0x1E, 0x00, 0x1E, 0x3E, 0x00, 0x1F, 0x3E, 0x00, 0x3F, 0x3E, 0x00, 0x3F, 0x3E,
    0x00, 0x7F, 0x7C, 0x00, 0x7F, 0x7C, 0x00, 0x7F, 0x78, 0x00, 0xFF, 0x78, 0x01, 0xFF, 0x78, 0x01,
    0xFE, 0xF8, 0x03, 0xFE, 0xF0, 0x07, 0xFE, 0xF0, 0x07, 0xDE, 0xF0, 0x0F, 0x9E, 0xF0, 0x1F, 0x9E,
    0x70, 0x3F, 0x1E, 0x78, 0x7E, 0x1C, 0x7C, 0xFC, 0x1C, 0x3F, 0xF8, 0x1C, 0x3F, 0xF0, 0x1C, 0x1F,
    0xC0, 0x00, 0x0F, 0x80, 0x00, 0x1C, 0x00, 0xF8, 0x07, 0xF1, 0xD8, 0xFF, 0x01, 0xFC, 0x01, 0xC7,
    0x00, 0x1E, 0x00, 0x78, 0x3F, 0xE0, 0xFF, 0x83, 0xFE, 0x0F, 0xF8, 0x7F, 0xE1, 0xF7, 0x87, 0xDE,
    0x3F, 0x7D, 0xFC, 0xFF, 0xF1, 0xFF, 0xC1, 0xE7, 0x00, 0x18, 0x00, 0x20, 0x00, 0x00, 0x01, 0x80,
    0x00, 0x00, 0xC0, 0x1F, 0xC0, 0x60, 0x3F, 0xFC, 0x30, 0x7F, 0xFF, 0x18, 0x7F, 0x83, 0xDC, 0x7E,
    0x00, 0xFE, 0x38, 0x00, 0x7E, 0x00, 0x00, 0x1F, 0x00, 0x00, 0x0F, 0x80, 0x00, 0x03, 0xC0, 0x00,
    0x03, 0xF6, 0x00, 0x01, 0xF3, 0xC0, 0x00, 0xFB, 0xE0, 0x00, 0xFD, 0xF0, 0x00, 0xFC, 0xF8, 0x00,
    0xFE, 0x7C, 0x00, 0xFE, 0x3E, 0x00, 0xFE, 0x1F, 0x80, 0xFE, 0x07, 0xC0, 0xFF, 0x03, 0xE3, 0xFF,
    0x00, 0xFF, 0xFE, 0x00, 0x3F, 0xFE, 0x00, 0x0F, 0xFC, 0x00, 0x00, 0xF8, 0x00, 0x00, 0x00, 0x00,
    0xC0, 0x00, 0x70, 0x00, 0x0C, 0x1F, 0x03, 0x3F, 0xF0, 0xDF, 0x1E, 0x77, 0xC3, 0xFD, 0xF0, 0xFE,
    0x78, 0x3F, 0x3E, 0x0F, 0x07, 0x83, 0xC1, 0xE1, 0xF0, 0x78, 0xF8, 0x0F, 0x7E, 0x03, 0xFF, 0x00,
    0x7F, 0x80, 0x07, 0x80, 0x00, 0x00, 0x00, 0x0C, 0x00, 0x00, 0x30, 0x00, 0x00, 0xC0, 0x00, 0x03,
    0x00, 0x00, 0x0C, 0x00, 0x0E, 0x30, 0x00, 0x3F, 0xCE, 0x00, 0xFE, 0x7C, 0x03, 0xF1, 0xF0, 0x07,
    0x87, 0xC0, 0x1F, 0x1F, 0x00, 0x3C, 0x78, 0x00, 0xF3, 0xE0, 0x03, 0xCF, 0x80, 0x0F, 0x3E, 0x00,
    0x7C, 0xF8, 0x01, 0xF3, 0xE0, 0x07, 0xC7, 0x80, 0x1F, 0x1E, 0x00, 0xF8, 0x7C, 0x03, 0xE0, 0xF0,
    0x1F, 0x01, 0xC0, 0xFC, 0x03, 0x8F, 0xE0, 0x07, 0xFF, 0x00, 0x0F, 0xF8, 0x00, 0x0F, 0x80, 0x00,
    0x00, 0x00, 0xC0, 0x00, 0x30, 0x00, 0x0C, 0x00, 0x03, 0x70, 0x00, 0xDE, 0x07, 0xF7, 0x83, 0xFF,
    0xE0, 0xFC, 0xF8, 0x3C, 0x3E, 0x0F, 0x0F, 0x87, 0xC3, 0xE1, 0xF0, 0x78, 0x7C, 0x1E, 0x3F, 0x07,
    0xDF, 0xC0, 0xFF, 0xF0, 0x1F, 0xFC, 0x01, 0xE7, 0x00, 0x01, 0x80, 0x00, 0x20, 0x00, 0x01, 0xC0,
    0x00, 0x0F, 0xE0, 0x00, 0x3F, 0xC0, 0x00, 0xFF, 0xC0, 0x03, 0xFF, 0x80, 0x0F, 0xCF, 0x00, 0x1F,
    0x1E, 0x00, 0x7E, 0x1C, 0x00, 0xF8, 0x3C, 0x03, 0xE0, 0x78, 0x07, 0xC0, 0xF0, 0x1F, 0x01, 0xE0,
    0x3E, 0x03, 0xC0, 0xF8, 0x07, 0x81, 0xF0, 0x0F, 0x07, 0xC1, 0xFE, 0x0F, 0xFF, 0xFC, 0x3F, 0xFF,
    0xF8, 0x7F, 0xFC, 0xF1, 0xFF, 0x80, 0xE3, 0xF8, 0x01, 0xEF, 0xC0, 0x03, 0xDF, 0x00, 0x07, 0xFE,
    0x00, 0x07, 0xF8, 0x00, 0x0E, 0xF0, 0x00, 0x1C, 0x00, 0x00, 0x38, 0x00, 0x00, 0x30, 0x00, 0x00,
    0x00, 0x03, 0x80, 0x00, 0x0F, 0x80, 0x00, 0x1F, 0x00, 0x00, 0x3C, 0x00, 0x00, 0x20, 0x00, 0x0F,
    0x80, 0x3F, 0xC0, 0x7F, 0xE0, 0x03, 0xC0, 0x03, 0xC0, 0xFF, 0x83, 0xFF, 0x0F, 0xFF, 0x3E, 0x3E,
    0xF8, 0x3D, 0xE0, 0x7F, 0xC0, 0xFF, 0x03, 0xEE, 0x0F, 0xDE, 0xFF, 0x9F, 0xE7, 0x0F, 0x80, 0x00,
    0x00, 0x00, 0x00, 0x0C, 0x00, 0x3C, 0x00, 0xF8, 0x01, 0xE0, 0x01, 0x00, 0x00, 0x00, 0xF0, 0x00,
    0x01, 0xF0, 0x00, 0x00, 0x60, 0x00, 0x00, 0x40, 0x00, 0x03, 0x80, 0x00, 0x0F, 0x00, 0x00, 0x08,
    0x00, 0x00, 0xE0, 0x00, 0x07, 0xF0, 0x00, 0x1F, 0xE0, 0x00, 0x7F, 0xE0, 0x01, 0xFF, 0xC0, 0x07,
    0xE7, 0x80, 0x0F, 0x8F, 0x00, 0x3F, 0x0E, 0x00, 0x7C, 0x1E, 0x01, 0xF0, 0x3C, 0x03, 0xE0, 0x78,
    0x0F, 0x80, 0xF0, 0x1F, 0x01, 0xE0, 0x7C, 0x03, 0xC0, 0xF8, 0x07, 0x83, 0xE0, 0xFF, 0x07, 0xFF,
    0xFE, 0x1F, 0xFF, 0xFC, 0x3F, 0xFE, 0x78, 0xFF, 0xE0, 0x71, 0xFC, 0x00, 0xF7, 0xE0, 0x01, 0xEF,
    0x80, 0x03, 0xDF, 0x00, 0x03, 0xFC, 0x00, 0x07, 0x78, 0x00, 0x0E, 0x40, 0x00, 0x1C, 0x00, 0x00,
    0x18, 0x07, 0x80, 0x0F, 0x80, 0x03, 0x00, 0x02, 0x00, 0x1C, 0x00, 0x78, 0x00, 0xE0, 0x00, 0x00,
    0x00, 0x00, 0x1F, 0x00, 0x7F, 0x80, 0xFF, 0xC0, 0x07, 0x80, 0x07, 0x81, 0xFF, 0x07, 0xFE, 0x1F,
    0xFE, 0x7C, 0x7D, 0xF0, 0x7B, 0xC0, 0xFF, 0x81, 0xFE, 0x07, 0xDC, 0x1F, 0xBD, 0xFF, 0x3F, 0xCE,
    0x1F, 0x00, 0x00, 0x00, 0xE0, 0x00, 0x03, 0xC0, 0x00, 0x0F, 0x00, 0x00, 0x3C, 0x00, 0x01, 0xE0,
    0x00, 0x00, 0x30, 0x00, 0x00, 0xF0, 0x00, 0x01, 0xF0, 0x00, 0x07, 0xE0, 0x00, 0x1E, 0xE0, 0x00,
    0x38, 0xE0, 0x00, 0xE1, 0xC0, 0x01, 0x81, 0xC0, 0x00, 0x39, 0x00, 0x01, 0xFC, 0x00, 0x07, 0xF8,
    0x00, 0x1F, 0xF8, 0x00, 0x7F, 0xF0, 0x01, 0xF9, 0xE0, 0x03, 0xE3, 0xC0, 0x0F, 0xC3, 0x80, 0x1F,
    0x07, 0x80, 0x7C, 0x0F, 0x00, 0xF8, 0x1E, 0x03, 0xE0, 0x3C, 0x07, 0xC0, 0x78, 0x1F, 0x00, 0xF0,
    0x3E, 0x01, 0xE0, 0xF8, 0x3F, 0xC1, 0xFF, 0xFF, 0x87, 0xFF, 0xFF, 0x0F, 0xFF, 0x9E, 0x3F, 0xF0,
    0x1E, 0x7E, 0x00, 0x3D, 0xF8, 0x00, 0x7B, 0xE0, 0x00, 0xFF, 0xC0, 0x00, 0xEF, 0x00, 0x01, 0xCC,
    0x00, 0x03, 0x80, 0x00, 0x07, 0x00, 0xE0, 0x03, 0x80, 0x1F, 0x00, 0xF8, 0x01, 0x80, 0x00, 0x60,
    0x00, 0xE0, 0x03, 0xE0, 0x0F, 0xC0, 0x3D, 0xC0, 0x71, 0xC1, 0xC3, 0xC3, 0x03, 0x80, 0x03, 0x03,
    0xE0, 0x0F, 0xF0, 0x1F, 0xF8, 0x00, 0xF0, 0x00, 0xF0, 0x3F, 0xE0, 0xFF, 0xC3, 0xFF, 0xCF, 0x8F,
    0xBE, 0x0F, 0x78, 0x1F, 0xF0, 0x3F, 0xC0, 0xFB, 0x83, 0xF7, 0xBF, 0xE7, 0xF9, 0xC3, 0xE0, 0x00,
    0x00, 0x00, 0x60, 0x00, 0x00, 0x60, 0x00, 0x00, 0xF0, 0x00, 0x0C, 0xF0, 0x00, 0x3C, 0xE0, 0x00,
    0x7C, 0xC0, 0x01, 0xF8, 0x00, 0x07, 0xB8, 0x00, 0x0E, 0x38, 0x00, 0x18, 0x30, 0x00, 0x07, 0x00,
    0x00, 0x3F, 0x80, 0x00, 0xFF, 0x00, 0x03, 0xFF, 0x00, 0x0F, 0xFE, 0x00, 0x3F, 0x3C, 0x00, 0x7C,
    0x78, 0x01, 0xF8, 0x70, 0x03, 0xE0, 0xF0, 0x0F, 0x81, 0xE0, 0x1F, 0x03, 0xC0, 0x7C, 0x07, 0x80,
    0xF8, 0x0F, 0x03, 0xE0, 0x1E, 0x07, 0xC0, 0x3C, 0x1F, 0x03, 0xF8, 0x3F, 0xFF, 0xF0, 0xFF, 0xFF,
    0xE1, 0xFF, 0xF3, 0xC7, 0xFE, 0x03, 0xCF, 0xC0, 0x07, 0xBF, 0x00, 0x0F, 0x7C, 0x00, 0x1F, 0xF8,
    0x00, 0x1D, 0xE0, 0x00, 0x39, 0x80, 0x00, 0x70, 0x00, 0x00, 0xE0, 0x04, 0x00, 0x18, 0x00, 0x38,
    0x00, 0x70, 0x00, 0xE0, 0x19, 0xC0, 0xF0, 0x03, 0xE0, 0x1F, 0x80, 0xFF, 0x03, 0x9E, 0x1C, 0x38,
    0x60, 0x70, 0x00, 0xC1, 0xF8, 0x0F, 0xF8, 0x3F, 0xF0, 0x01, 0xE0, 0x07, 0xC1, 0xFF, 0x1F, 0xFC,
    0xFF, 0xF7, 0xE3, 0xDF, 0x0F, 0xF8, 0x3F, 0xC0, 0xFF, 0x03, 0xFC, 0x3F, 0x7B, 0xFC, 0xFF, 0x30,
    0xF8, 0x00, 0x00, 0x1E, 0x00, 0x00, 0x3E, 0x00, 0x00, 0x7C, 0x00, 0x00, 0x18, 0x00, 0x00, 0x30,
    0x00, 0x00, 0xE0, 0x00, 0x03, 0xC0, 0x00, 0x06, 0x00, 0x00, 0x01, 0xC0, 0x00, 0x07, 0x80, 0x00,
    0x1F, 0x80, 0x00, 0x7F, 0x80, 0x00, 0xE7, 0x00, 0x03, 0x87, 0x00, 0x04, 0xF6, 0x00, 0x03, 0xF0,
    0x00, 0x1F, 0xF0, 0x00, 0x7F, 0xE0, 0x00, 0xFF, 0xE0, 0x03, 0xF3, 0xC0, 0x0F, 0xC7, 0x80, 0x1F,
    0x0F, 0x00, 0x7E, 0x1E, 0x00, 0xF8, 0x3C, 0x03, 0xE0, 0x78, 0x07, 0xC0, 0xF0, 0x1F, 0x01, 0xE0,
    0x3E, 0x03, 0xC0, 0xF8, 0x07, 0x81, 0xF0, 0x7F, 0x87, 0xFF, 0xFF, 0x0F, 0xFF, 0xFE, 0x3F, 0xFE,
    0x3C, 0x7F, 0xE0, 0x79, 0xFE, 0x00, 0xF3, 0xF0, 0x00, 0xE7, 0xC0, 0x01, 0xFF, 0x00, 0x03, 0xFE,
    0x00, 0x07, 0xF8, 0x00, 0x0F, 0x20, 0x00, 0x1E, 0x00, 0x00, 0x1C, 0x1E, 0x00, 0x7E, 0x00, 0x5C,
    0x00, 0x18, 0x00, 0x30, 0x00, 0xE0, 0x03, 0x80, 0x06, 0x00, 0x01, 0x80, 0x07, 0x80, 0x1F, 0x00,
    0x77, 0x01, 0xC7, 0x07, 0x07, 0x04, 0x07, 0x07, 0xC0, 0x1F, 0xE0, 0x3F, 0xF0, 0x01, 0xE0, 0x01,
    0xE0, 0x7F, 0xC1, 0xFF, 0x87, 0xFF, 0x9F, 0x1F, 0x7C, 0x1E, 0xF0, 0x3F, 0xE0, 0x7F, 0x81, 0xF7,
    0x07, 0xEF, 0x7F, 0xCF, 0xF3, 0x87, 0xC0, 0x00, 0x1C, 0x03, 0x00, 0x3E, 0x07, 0x00, 0x7B, 0x9F,
    0x00, 0x30, 0xFE, 0x00, 0x00, 0x3C, 0x00, 0x01, 0xC0, 0x00, 0x03, 0xC0, 0x00, 0x07, 0xE0, 0x00,
    0x07, 0xF0, 0x00, 0x0E, 0x70, 0x00, 0x1C, 0x38, 0x00, 0x18, 0x1C, 0x00, 0x11, 0xCC, 0x00, 0x07,
    0xF0, 0x00, 0x0F, 0xF0, 0x00, 0x1F, 0xF8, 0x00, 0x3F, 0xF8, 0x00, 0x7E, 0x78, 0x00, 0x7C, 0x78,
    0x00, 0xFC, 0x38, 0x00, 0xF8, 0x3C, 0x01, 0xF0, 0x3C, 0x01, 0xF0, 0x3C, 0x03, 0xE0, 0x3C, 0x03,
    0xE0, 0x3C, 0x07, 0xC0, 0x3C, 0x07, 0xC0, 0x3C, 0x0F, 0x81, 0xFC, 0x0F, 0xFF, 0xFC, 0x1F, 0xFF,
    0xFC, 0x1F, 0xFF, 0x3C, 0x3F, 0xF0, 0x1C, 0x3F, 0x00, 0x1E, 0x7E, 0x00, 0x1E, 0x7C, 0x00, 0x1E,
    0xFC, 0x00, 0x0E, 0x78, 0x00, 0x0E, 0x30, 0x00, 0x0E, 0x00, 0x00, 0x0E, 0x38, 0x00, 0xFC, 0x01,
    0xFC, 0x33, 0x1F, 0xE0, 0x1F, 0x80, 0x1E, 0x00, 0x00, 0x01, 0xC0, 0x07, 0x80, 0x1F, 0x80, 0x7B,
    0x80, 0xE7, 0x83, 0x87, 0x06, 0x07, 0x03, 0xE6, 0x0F, 0xF0, 0x1F, 0xF8, 0x00, 0xF0, 0x00, 0xF0,
    0x3F, 0xE0, 0xFF, 0xC3, 0xFF, 0xCF, 0x8F, 0xBE, 0x0F, 0x78, 0x1F, 0xF0, 0x3F, 0xC0, 0xFB, 0x83,
    0xF7, 0xBF, 0xE7, 0xF9, 0xC3, 0xE0, 0x00, 0x00, 0x00, 0xC0, 0x00, 0x03, 0x80, 0x00, 0x0F, 0x80,
    0x00, 0x3F, 0x80, 0x00, 0x77, 0x00, 0x01, 0xC7, 0x00, 0x07, 0x07, 0x00, 0x0C, 0x07, 0x00, 0x01,
    0xC4, 0x00, 0x0F, 0xE0, 0x00, 0x3F, 0xC0, 0x00, 0xFF, 0xC0, 0x03, 0xFF, 0x80, 0x0F, 0xCF, 0x00,
    0x1F, 0x1E, 0x00, 0x7E, 0x1C, 0x00, 0xF8, 0x3C, 0x03, 0xE0, 0x78, 0x07, 0xC0, 0xF0, 0x1F, 0x01,
    0xE0, 0x3E, 0x03, 0xC0, 0xF8, 0x07, 0x81, 0xF0, 0x0F, 0x07, 0xC0, 0xFE, 0x0F, 0xFF, 0xFC, 0x3F,
    0xFF, 0xF8, 0x7F, 0xFC, 0xF1, 0xFF, 0x80, 0xF3, 0xF0, 0x01, 0xEF, 0xC0, 0x03, 0xDF, 0x00, 0x07,
    0xFE, 0x00, 0x07, 0x78, 0x00, 0x0E, 0x60, 0x00, 0x1C, 0x00, 0x00, 0x38, 0x00, 0x00, 0x00, 0x01,
    0xC0, 0x00, 0x07, 0xC0, 0x00, 0x0F, 0x80, 0x00, 0x1E, 0x00, 0x00, 0x10, 0x00, 0x03, 0x00, 0x0E,
    0x00, 0x3E, 0x00, 0xFE, 0x03, 0xDE, 0x07, 0x1C, 0x1C, 0x1C, 0x30, 0x1C, 0x00, 0x10, 0x1F, 0x00,
    0x7F, 0x80, 0xFF, 0xC0, 0x07, 0x80, 0x07, 0x81, 0xFF, 0x07, 0xFE, 0x1F, 0xFE, 0x7C, 0x7D, 0xF0,
    0x7B, 0xC0, 0xFF, 0x81, 0xFE, 0x07, 0xDC, 0x1F, 0xBD, 0xFF, 0x3F, 0xCE, 0x1F, 0x00, 0x00, 0x00,
    0x00, 0x00, 0x1C, 0x00, 0x7C, 0x00, 0xF0, 0x01, 0xC0, 0x01, 0x00, 0x00, 0x00, 0x18, 0x00, 0x00,
    0x78, 0x00, 0x01, 0xE0, 0x00, 0x0F, 0x80, 0x00, 0x7C, 0x00, 0x00, 0xE0, 0x00, 0x00, 0x02, 0x00,
    0x06, 0x0E, 0x00, 0x0E, 0x3C, 0x00, 0x0F, 0xF0, 0x00, 0x0F, 0xC0, 0x00, 0x02, 0x00, 0x00, 0x00,
    0x00, 0x00, 0x38, 0x00, 0x01, 0xFC, 0x00, 0x07, 0xF8, 0x00, 0x1F, 0xF8, 0x00, 0x7F, 0xF0, 0x01,
    0xF9, 0xE0, 0x03, 0xE3, 0xC0, 0x0F, 0xC3, 0x80, 0x1F, 0x07, 0x80, 0x7C, 0x0F, 0x00, 0xF8, 0x1E,
    0x03, 0xE0, 0x3C, 0x07, 0xC0, 0x78, 0x1F, 0x00, 0xF0, 0x3E, 0x01, 0xE0, 0xF8, 0x1F, 0xC1, 0xFF,
    0xFF, 0x87, 0xFF, 0xFF, 0x0F, 0xFF, 0x9E, 0x3F, 0xF0, 0x1E, 0x7E, 0x00, 0x3D, 0xF8, 0x00, 0x7B,
    0xE0, 0x00, 0xFF, 0xC0, 0x00, 0xEF, 0x00, 0x01, 0xCC, 0x00, 0x03, 0x80, 0x00, 0x07, 0x00, 0x30,
    0x00, 0xF0, 0x01, 0xE0, 0x07, 0xC0, 0x0F, 0x00, 0x3C, 0x00, 0xF0, 0x03, 0xCE, 0x62, 0x1C, 0xE0,
    0x79, 0xE3, 0xF1, 0xFF, 0xC1, 0xFF, 0x00, 0xFC, 0x00, 0x00, 0x00, 0x00, 0x0F, 0x80, 0x3F, 0xC0,
    0x7F, 0xE0, 0x03, 0xC0, 0x03, 0xC0, 0xFF, 0x83, 0xFF, 0x0F, 0xFF, 0x3E, 0x3E, 0xF8, 0x3D, 0xE0,
    0x7F, 0xC0, 0xFF, 0x03, 0xEE, 0x0F, 0xDE, 0xFF, 0x9F, 0xE7, 0x0F, 0x80, 0x00, 0x10, 0x00, 0x00,
    0x30, 0x00, 0x00, 0x70, 0x00, 0x00, 0x70, 0x00, 0x00, 0x70, 0x00, 0x00, 0x76, 0x00, 0x06, 0x0E,
    0x00, 0x0E, 0x3C, 0x00, 0x0F, 0xF0, 0x00, 0x0F, 0xC0, 0x00, 0x06, 0x00, 0x00, 0x00, 0x00, 0x00,
    0x1C, 0x00, 0x00, 0xFE, 0x00, 0x03, 0xFC, 0x00, 0x0F, 0xFC, 0x00, 0x3F, 0x78, 0x00, 0xFC, 0xF0,
    0x01, 0xF0, 0xE0, 0x07, 0xC1, 0xC0, 0x0F, 0x83, 0xC0, 0x3E, 0x07, 0x80, 0x78, 0x0F, 0x01, 0xF0,
    0x1E, 0x03, 0xC0, 0x3C, 0x0F, 0x80, 0x78, 0x1F, 0x01, 0xF0, 0x7C, 0xFF, 0xE0, 0xFF, 0xFF, 0xC3,
    0xFF, 0xFF, 0x87, 0xFF, 0xCF, 0x1F, 0xF8, 0x0E, 0x3F, 0x00, 0x1E, 0xFC, 0x00, 0x3D, 0xF0, 0x00,
    0x7F, 0xE0, 0x00, 0x77, 0x80, 0x00, 0xE6, 0x00, 0x01, 0xC0, 0x00, 0x03, 0x80, 0xC0, 0x00, 0xE0,
    0x01, 0xE0, 0x01, 0xE0, 0x01, 0xE0, 0x01, 0xE0, 0x01, 0xC6, 0x21, 0x9E, 0xE0, 0x7C, 0xF1, 0xF8,
    0xFF, 0xE0, 0xFF, 0x80, 0x7E, 0x00, 0x00, 0x00, 0x00, 0x07, 0xC0, 0x1F, 0xE0, 0x3F, 0xF0, 0x01,
    0xE0, 0x01, 0xE0, 0x7F, 0xC1, 0xFF, 0x87, 0xFF, 0x9F, 0x1F, 0x7C, 0x1E, 0xF0, 0x3F, 0xE0, 0x7F,
    0x81, 0xF7, 0x07, 0xEF, 0x7F, 0xCF, 0xF3, 0x87, 0xC0, 0x00, 0x01, 0xC0, 0x00, 0x03, 0xC0, 0x00,
    0x00, 0x80, 0x00, 0x03, 0x00, 0x00, 0x0E, 0xC0, 0x01, 0x99, 0xC0, 0x03, 0x8F, 0x80, 0x03, 0xFE,
    0x00, 0x03, 0xF8, 0x00, 0x01, 0xC0, 0x00, 0x00, 0x00, 0x00, 0x0E, 0x00, 0x00, 0x7F, 0x00, 0x01,
    0xFE, 0x00, 0x07, 0xFE, 0x00, 0x1F, 0xBC, 0x00, 0x7E, 0x78, 0x00, 0xF8, 0x70, 0x03, 0xE0, 0xE0,
    0x07, 0xC1, 0xE0, 0x1F, 0x03, 0xC0, 0x3C, 0x07, 0x80, 0xF8, 0x0F, 0x01, 0xF0, 0x1E, 0x07, 0xC0,
    0x3C, 0x0F, 0x80, 0xF8, 0x3E, 0x7F, 0xF0, 0x7F, 0xFF, 0xE1, 0xFF, 0xFF, 0xC3, 0xFF, 0xE7, 0x8F,
    0xFC, 0x07, 0x9F, 0x80, 0x0F, 0x7E, 0x00, 0x1E, 0xF8, 0x00, 0x3F, 0xF0, 0x00, 0x3B, 0xC0, 0x00,
    0x73, 0x00, 0x00, 0xE0, 0x00, 0x01, 0xC0, 0x07, 0xC0, 0x0F, 0xC0, 0x01, 0x80, 0x03, 0x00, 0x0E,
    0x00, 0x38, 0x00, 0x67, 0x70, 0x1E, 0x70, 0x7C, 0x7F, 0xF0, 0xFF, 0xE0, 0x7F, 0x80, 0x3C, 0x00,
    0x00, 0x00, 0x00, 0x07, 0xC0, 0x1F, 0xE0, 0x3F, 0xF0, 0x01, 0xE0, 0x01, 0xE0, 0x7F, 0xC1, 0xFF,
    0x87, 0xFF, 0x9F, 0x1F, 0x7C, 0x1E, 0xF0, 0x3F, 0xE0, 0x7F, 0x81, 0xF7, 0x07, 0xEF, 0x7F, 0xCF,
    0xF3, 0x87, 0xC0, 0x00, 0x0E, 0x03, 0x00, 0x1F, 0x87, 0x00, 0x1D, 0xCF, 0x00, 0x0C, 0x7E, 0x00,
    0x00, 0x1C, 0x00, 0x00, 0x04, 0x00, 0x04, 0x0E, 0x00, 0x06, 0x1E, 0x00, 0x03, 0xFE, 0x00, 0x01,
    0xFC, 0x00, 0x00, 0xF8, 0x00, 0x00, 0x00, 0x00, 0x01, 0xC0, 0x00, 0x07, 0xF0, 0x00, 0x0F, 0xF0,
    0x00, 0x1F, 0xF8, 0x00, 0x3F, 0xF8, 0x00, 0x7E, 0x78, 0x00, 0x7C, 0x78, 0x00, 0xFC, 0x38, 0x00,
    0xF8, 0x3C, 0x01, 0xF0, 0x3C, 0x01, 0xF0, 0x3C, 0x03, 0xE0, 0x3C, 0x03, 0xE0, 0x3C, 0x07, 0xC0,
    0x3C, 0x07, 0xC0, 0x3C, 0x0F, 0x83, 0xFC, 0x0F, 0xFF, 0xFC, 0x1F, 0xFF, 0xFC, 0x1F, 0xFF, 0x3C,
    0x3F, 0xF8, 0x1C, 0x3F, 0x80, 0x1E, 0x7E, 0x00, 0x1E, 0x7C, 0x00, 0x1E, 0x7C, 0x00, 0x0E, 0xF8,
    0x00, 0x0E, 0x78, 0x00, 0x0E, 0x30, 0x00, 0x0E, 0x00, 0x00, 0x06, 0x38, 0x00, 0xF8, 0x01, 0xFC,
    0x77, 0x3F, 0xE0, 0x1F, 0x80, 0x1C, 0x00, 0x00, 0x10, 0x0C, 0x30, 0x3C, 0x70, 0xF0, 0x7F, 0xE0,
    0x7F, 0x80, 0x3E, 0x00, 0x00, 0x00, 0x00, 0x07, 0xE0, 0x1F, 0xF0, 0x3F, 0xF0, 0x00, 0xF0, 0x01,
    0xE0, 0x3F, 0xE1, 0xFF, 0xC7, 0xC7, 0x9F, 0x0F, 0x7C, 0x1E, 0xF0, 0x3D, 0xE0, 0xFB, 0xC3, 0xF7,
    0xDF, 0xE7, 0xFF, 0xC7, 0xF1, 0x80, 0x00, 0x00, 0x18, 0x00, 0x18, 0x38, 0x00, 0x1F, 0xE0, 0x00,
    0x1F, 0xC0, 0x00, 0x1E, 0x00, 0x00, 0x00, 0x00, 0x00, 0x00, 0x00, 0x00, 0xE0, 0x00, 0x07, 0xF0,
    0x00, 0x1F, 0xE0, 0x00, 0x7F, 0xE0, 0x01, 0xFF, 0xC0, 0x07, 0xE7, 0x80, 0x0F, 0x8F, 0x00, 0x3F,
    0x0E, 0x00, 0x7C, 0x1E, 0x01, 0xF0, 0x3C, 0x03, 0xE0, 0x78, 0x0F, 0x80, 0xF0, 0x1F, 0x01, 0xE0,
    0x7C, 0x03, 0xC0, 0xF8, 0x07, 0x83, 0xE0, 0x7F, 0x07, 0xFF, 0xFE, 0x1F, 0xFF, 0xFC, 0x3F, 0xFE,
    0x78, 0xFF, 0xC0, 0x71, 0xF8, 0x00, 0xF7, 0xE0, 0x01, 0xEF, 0x80, 0x03, 0xFF, 0x00, 0x03, 0xBC,
    0x00, 0x07, 0x30, 0x00, 0x0E, 0x00, 0x00, 0x1C, 0x00, 0x00, 0x00, 0x00, 0xE0, 0x00, 0x03, 0xE0,
    0x00, 0x07, 0xC0, 0x00, 0x0F, 0x00, 0x00, 0x08, 0x00, 0x00, 0x18, 0x80, 0x7B, 0x81, 0xF3, 0xC7,
    0xE3, 0xFF, 0x83, 0xFE, 0x01, 0xF8, 0x00, 0x00, 0x00, 0x00, 0x1F, 0x00, 0x7F, 0x80, 0xFF, 0xC0,
    0x07, 0x80, 0x07, 0x81, 0xFF, 0x07, 0xFE, 0x1F, 0xFE, 0x7C, 0x7D, 0xF0, 0x7B, 0xC0, 0xFF, 0x81,
    0xFE, 0x07, 0xDC, 0x1F, 0xBD, 0xFF, 0x3F, 0xCE, 0x1F, 0x00, 0x00, 0x00, 0x00, 0x00, 0x00, 0x00,
    0x38, 0x00, 0xF8, 0x01, 0xE0, 0x03, 0x80, 0x02, 0x00, 0x00, 0x70, 0x00, 0x00, 0x07, 0xE0, 0x00,
    0x00, 0xFF, 0xFF, 0xFC, 0x07, 0xFF, 0xFF, 0xF0, 0x1F, 0xFF, 0xFF, 0x80, 0xFF, 0xFF, 0xC0, 0x07,
    0xE0, 0x00, 0x00, 0x3E, 0x00, 0x00, 0x03, 0xF0, 0x00, 0x00, 0x1F, 0x80, 0x00, 0x00, 0xF8, 0x00,
    0x00, 0x0F, 0xC0, 0x00, 0x00, 0x7E, 0x00, 0x00, 0x03, 0xE0, 0xF8, 0x03, 0xFF, 0xFF, 0xC0, 0x0F,
    0xFF, 0xFE, 0x00, 0x3F, 0xFF, 0xC0, 0x00, 0xFF, 0xE0, 0x00, 0x03, 0xE0, 0x00, 0x00, 0x1F, 0x00,
    0x00, 0x00, 0xF8, 0x00, 0x00, 0x07, 0xC0, 0x00, 0x00, 0x1E, 0x00, 0x00, 0x00, 0xF8, 0x00, 0x00,
    0x03, 0xE0, 0x00, 0x00, 0x0F, 0xFF, 0xC0, 0x00, 0x3F, 0xFF, 0x00, 0x00, 0x7F, 0xF8, 0x00, 0x00,
    0xFF, 0x80, 0x00, 0x00, 0x00, 0x00, 0x00, 0x00, 0x00, 0x00, 0x07, 0x80, 0x00, 0x00, 0x7C, 0x00,
    0x00, 0x03, 0xC0, 0x00, 0x00, 0x0C, 0x00, 0x00, 0x07, 0xE0, 0x1F, 0xF8, 0x3F, 0x7C, 0x7C, 0x7C,
    0xF8, 0x7C, 0xF9, 0xF8, 0xF3, 0xF0, 0xFF, 0xE0, 0xFF, 0xC0, 0x7F, 0x00, 0x78, 0x03, 0x3C, 0x07,
    0x3E, 0x1F, 0x1F, 0xFF, 0x0F, 0xFE, 0x03, 0xF8, 0x00, 0x00, 0x00, 0x00, 0x00, 0xE0, 0x01, 0xE0,
    0x01, 0xE0, 0x01, 0xC0, 0x00, 0x80, 0x00, 0x00, 0xF8, 0x00, 0x00, 0x07, 0xC0, 0x00, 0x00, 0x07,
    0x00, 0x00, 0x00, 0x18, 0x00, 0x00, 0x03, 0x80, 0x00, 0x00, 0x3C, 0x00, 0x01, 0xC1, 0xC0, 0x00,
    0x1F, 0x80, 0x00, 0x03, 0xFF, 0xFF, 0xF0, 0x1F, 0xFF, 0xFF, 0xC0, 0x7F, 0xFF, 0xFE, 0x03, 0xFF,
    0xFF, 0x00, 0x1F, 0x80, 0x00, 0x00, 0xF8, 0x00, 0x00, 0x0F, 0xC0, 0x00, 0x00, 0x7E, 0x00, 0x00,
    0x03, 0xE0, 0x00, 0x00, 0x3F, 0x00, 0x00, 0x01, 0xF8, 0x00, 0x00, 0x0F, 0x83, 0xE0, 0x0F, 0xFF,
    0xFF, 0x00, 0x3F, 0xFF, 0xF8, 0x00, 0xFF, 0xFF, 0x00, 0x03, 0xFF, 0x80, 0x00, 0x0F, 0x80, 0x00,
    0x00, 0x7C, 0x00, 0x00, 0x03, 0xE0, 0x00, 0x00, 0x1F, 0x00, 0x00, 0x00, 0x78, 0x00, 0x00, 0x03,
    0xE0, 0x00, 0x00, 0x0F, 0x80, 0x00, 0x00, 0x3F, 0xFF, 0x00, 0x00, 0xFF, 0xFC, 0x00, 0x01, 0xFF,
    0xE0, 0x00, 0x03, 0xFE, 0x00, 0x01, 0xE0, 0x01, 0xF0, 0x01, 0x38, 0x00, 0x18, 0x00, 0x38, 0x00,
    0x70, 0x00, 0xF0, 0x00, 0x40, 0x00, 0x00, 0x00, 0x00, 0x07, 0xE0, 0x1F, 0xF8, 0x3F, 0x7C, 0x7C,
    0x7C, 0xF8, 0x7C, 0xF9, 0xF8, 0xF3, 0xF0, 0xFF, 0xE0, 0xFF, 0xC0, 0x7F, 0x00, 0x78, 0x03, 0x3C,
    0x07, 0x3E, 0x1F, 0x1F, 0xFF, 0x0F, 0xFE, 0x03, 0xF8, 0x00, 0x70, 0x0C, 0x00, 0x07, 0xE0, 0xE0,
    0x00, 0x3B, 0xDF, 0x00, 0x01, 0x87, 0xF0, 0x00, 0x00, 0x0F, 0x00, 0x00, 0x38, 0x00, 0x00, 0x03,
    0xF0, 0x00, 0x00, 0x7F, 0xFF, 0xFE, 0x03, 0xFF, 0xFF, 0xF8, 0x0F, 0xFF, 0xFF, 0xC0, 0x7F, 0xFF,
    0xE0, 0x03, 0xF0, 0x00, 0x00, 0x1F, 0x00, 0x00, 0x01, 0xF8, 0x00, 0x00, 0x0F, 0xC0, 0x00, 0x00,
    0x7C, 0x00, 0x00, 0x07, 0xE0, 0x00, 0x00, 0x3F, 0x00, 0x00, 0x01, 0xF0, 0x7C, 0x01, 0xFF, 0xFF,
    0xE0, 0x07, 0xFF, 0xFF, 0x00, 0x1F, 0xFF, 0xE0, 0x00, 0x7F, 0xF0, 0x00, 0x01, 0xF0, 0x00, 0x00,
    0x0F, 0x80, 0x00, 0x00, 0x7C, 0x00, 0x00, 0x03, 0xE0, 0x00, 0x00, 0x0F, 0x00, 0x00, 0x00, 0x7C,
    0x00, 0x00, 0x01, 0xF0, 0x00, 0x00, 0x07, 0xFF, 0xE0, 0x00, 0x1F, 0xFF, 0x80, 0x00, 0x3F, 0xFC,
    0x00, 0x00, 0x7F, 0xC0, 0x00, 0x0E, 0x00, 0x1F, 0x00, 0x1F, 0x86, 0x39, 0xFF, 0x00, 0x7E, 0x00,
    0x3C, 0x00, 0x00, 0x00, 0x00, 0x0F, 0xE0, 0x3F, 0xF8, 0x7F, 0xFC, 0x7C, 0xFE, 0xF9, 0xFC, 0xFF,
    0xF8, 0xFF, 0xE0, 0xFF, 0xC0, 0xFF, 0x00, 0xF8, 0x00, 0xF0, 0x02, 0xF8, 0x0F, 0x78, 0x1F, 0x7C,
    0x7E, 0x3F, 0xFC, 0x1F, 0xF0, 0x07, 0xC0, 0x00, 0x18, 0x00, 0x00, 0x01, 0xC0, 0x00, 0x00, 0x3C,
    0x00, 0x00, 0x07, 0x80, 0x00, 0x00, 0x30, 0x00, 0x00, 0x00, 0x38, 0x00, 0x00, 0x03, 0xE0, 0x00,
    0x00, 0x3F, 0x80, 0x00, 0x03, 0xCE, 0x00, 0x00, 0x1C, 0x30, 0x00, 0x00, 0x9C, 0xC0, 0x00, 0x01,
    0xF8, 0x00, 0x00, 0x3F, 0xFF, 0xFF, 0x01, 0xFF, 0xFF, 0xFC, 0x0F, 0xFF, 0xFF, 0xC0, 0x3F, 0xFF,
    0xE0, 0x01, 0xF0, 0x00, 0x00, 0x1F, 0x80, 0x00, 0x00, 0xF8, 0x00, 0x00, 0x07, 0xC0, 0x00, 0x00,
    0x7E, 0x00, 0x00, 0x03, 0xF0, 0x00, 0x00, 0x1F, 0x00, 0x00, 0x01, 0xF8, 0x3C, 0x00, 0xFF, 0xFF,
    0xF0, 0x03, 0xFF, 0xFF, 0x00, 0x0F, 0xFF, 0xF0, 0x00, 0x3F, 0xF0, 0x00, 0x01, 0xF8, 0x00, 0x00,
    0x0F, 0x80, 0x00, 0x00, 0x3C, 0x00, 0x00, 0x01, 0xE0, 0x00, 0x00, 0x0F, 0x80, 0x00, 0x00, 0x3C,
    0x00, 0x00, 0x01, 0xF8, 0x00, 0x00, 0x07, 0xFF, 0xF0, 0x00, 0x1F, 0xFF, 0xC0, 0x00, 0x3F, 0xFE,
    0x00, 0x00, 0x3F, 0xE0, 0x00, 0x01, 0xC0, 0x01, 0xC0, 0x03, 0x80, 0x07, 0x00, 0x0E, 0x00, 0x00,
    0x00, 0x03, 0x80, 0x07, 0xC0, 0x07, 0xE0, 0x0E, 0xE0, 0x1C, 0x70, 0x18, 0x38, 0x30, 0x1C, 0x00,
    0x0C, 0x07, 0xE0, 0x1F, 0xF8, 0x3F, 0x7C, 0x7C, 0x7C, 0xF8, 0x7C, 0xF9, 0xF8, 0xF3, 0xF0, 0xFF,
    0xE0, 0xFF, 0xC0, 0x7F, 0x00, 0x78, 0x03, 0x3C, 0x07, 0x3E, 0x1F, 0x1F, 0xFF, 0x0F, 0xFE, 0x03,
    0xF8, 0x00, 0x20, 0x00, 0x00, 0x01, 0xC0, 0x00, 0x00, 0x0F, 0x00, 0x00, 0x00, 0x3C, 0x00, 0x00,
    0x00, 0x78, 0x00, 0x00, 0x18, 0xC0, 0x00, 0x01, 0xE0, 0x00, 0x00, 0x1F, 0x80, 0x00, 0x01, 0xCE,
    0x00, 0x00, 0x1C, 0x38, 0x00, 0x00, 0xC0, 0xE0, 0x00, 0x00, 0xE3, 0x00, 0x00, 0x0F, 0xC0, 0x00,
    0x01, 0xFF, 0xFF, 0xF8, 0x0F, 0xFF, 0xFF, 0xE0, 0x7F, 0xFF, 0xFE, 0x01, 0xFF, 0xFF, 0x00, 0x0F,
    0x80, 0x00, 0x00, 0xFC, 0x00, 0x00, 0x07, 0xC0, 0x00, 0x00, 0x3E, 0x00, 0x00, 0x03, 0xF0, 0x00,
    0x00, 0x1F, 0x80, 0x00, 0x00, 0xF8, 0x00, 0x00, 0x0F, 0xC1, 0xE0, 0x07, 0xFF, 0xFF, 0x80, 0x1F,
    0xFF, 0xF8, 0x00, 0x7F, 0xFF, 0x80, 0x01, 0xFF, 0x80, 0x00, 0x0F, 0xC0, 0x00, 0x00, 0x7C, 0x00,
    0x00, 0x01, 0xE0, 0x00, 0x00, 0x0F, 0x00, 0x00, 0x00, 0x7C, 0x00, 0x00, 0x01, 0xE0, 0x00, 0x00,
    0x0F, 0xC0, 0x00, 0x00, 0x3F, 0xFF, 0x80, 0x00, 0xFF, 0xFE, 0x00, 0x01, 0xFF, 0xF0, 0x00, 0x01,
    0xFF, 0x00, 0x03, 0x00, 0x03, 0x80, 0x01, 0xC0, 0x00, 0xE0, 0x00, 0x70, 0x00, 0x30, 0x03, 0x98,
    0x07, 0xC0, 0x0F, 0xE0, 0x1C, 0x70, 0x18, 0x38, 0x10, 0x1C, 0x00, 0x00, 0x07, 0xE0, 0x1F, 0xF8,
    0x3F, 0x7C, 0x7C, 0x7C, 0xF8, 0x7C, 0xF9, 0xF8, 0xF3, 0xF0, 0xFF, 0xE0, 0xFF, 0xC0, 0x7F, 0x00,
    0x78, 0x03, 0x3C, 0x07, 0x3E, 0x1F, 0x1F, 0xFF, 0x0F, 0xFE, 0x03, 0xF8, 0x00, 0x0F, 0x00, 0x00,
    0x00, 0x7C, 0x00, 0x00, 0x03, 0xE0, 0x00, 0x00, 0x03, 0x00, 0x00, 0x00, 0x18, 0x00, 0x00, 0x01,
    0xC0, 0x00, 0x00, 0x1E, 0x00, 0x00, 0x00, 0xC0, 0x00, 0x00, 0x00, 0xE0, 0x00, 0x00, 0x0F, 0x00,
    0x00, 0x00, 0xFC, 0x00, 0x00, 0x0E, 0x70, 0x00, 0x00, 0x63, 0xC0, 0x00, 0x06, 0x0E, 0x00, 0x00,
    0x20, 0x30, 0x00, 0x0F, 0x00, 0x00, 0x03, 0xFF, 0xFF, 0xF0, 0x1F, 0xFF, 0xFF, 0xC0, 0x7F, 0xFF,
    0xFC, 0x03, 0xFF, 0xFF, 0x00, 0x1F, 0x80, 0x00, 0x00, 0xF8, 0x00, 0x00, 0x0F, 0xC0, 0x00, 0x00,
    0x7C, 0x00, 0x00, 0x03, 0xE0, 0x00, 0x00, 0x3F, 0x00, 0x00, 0x01, 0xF8, 0x00, 0x00, 0x0F, 0x83,
    0xE0, 0x0F, 0xFF, 0xFF, 0x00, 0x3F, 0xFF, 0xF8, 0x00, 0xFF, 0xFF, 0x00, 0x03, 0xFF, 0x80, 0x00,
    0x0F, 0x80, 0x00, 0x00, 0x7C, 0x00, 0x00, 0x03, 0xE0, 0x00, 0x00, 0x1F, 0x00, 0x00, 0x00, 0x78,
    0x00, 0x00, 0x03, 0xE0, 0x00, 0x00, 0x0F, 0x80, 0x00, 0x00, 0x3F, 0xFF, 0x00, 0x00, 0xFF, 0xFC,
    0x00, 0x01, 0xFF, 0xE0, 0x00, 0x03, 0xFE, 0x00, 0x1E, 0x00, 0x3F, 0x00, 0x1F, 0x00, 0x03, 0x00,
    0x03, 0x00, 0x07, 0x00, 0x0E, 0x00, 0x0C, 0x00, 0x00, 0x00, 0x03, 0x80, 0x07, 0xC0, 0x0F, 0xE0,
    0x1C, 0x70, 0x18, 0x38, 0x10, 0x1C, 0x00, 0x00, 0x07, 0xE0, 0x1F, 0xF8, 0x3F, 0x7C, 0x7C, 0x7C,
    0xF8, 0x7C, 0xF9, 0xF8, 0xF3, 0xF0, 0xFF, 0xE0, 0xFF, 0xC0, 0x7F, 0x00, 0x78, 0x03, 0x3C, 0x07,
    0x3E, 0x1F, 0x1F, 0xFF, 0x0F, 0xFE, 0x03, 0xF8, 0x00, 0x03, 0x80, 0x80, 0x00, 0x3E, 0x0E, 0x00,
    0x03, 0xDD, 0xE0, 0x00, 0x0C, 0x7F, 0x00, 0x00, 0x00, 0xE0, 0x00, 0x00, 0x00, 0x00, 0x00, 0x01,
    0xC0, 0x00, 0x00, 0x1F, 0x00, 0x00, 0x00, 0xFC, 0x00, 0x00, 0x0E, 0xE0, 0x00, 0x00, 0xE3, 0x80,
    0x00, 0x0E, 0x0E, 0x00, 0x00, 0x60, 0x38, 0x00, 0x3C, 0x00, 0x80, 0x03, 0xF0, 0x00, 0x00, 0x7F,
    0xFF, 0xFE, 0x03, 0xFF, 0xFF, 0xF8, 0x0F, 0xFF, 0xFF, 0x80, 0x7F, 0xFF, 0xE0, 0x03, 0xF0, 0x00,
    0x00, 0x1F, 0x00, 0x00, 0x01, 0xF8, 0x00, 0x00, 0x0F, 0x80, 0x00, 0x00, 0x7C, 0x00, 0x00, 0x07,
    0xE0, 0x00, 0x00, 0x3F, 0x00, 0x00, 0x01, 0xF0, 0x7C, 0x01, 0xFF, 0xFF, 0xE0, 0x07, 0xFF, 0xFF,
    0x00, 0x1F, 0xFF, 0xE0, 0x00, 0x7F, 0xF0, 0x00, 0x01, 0xF0, 0x00, 0x00, 0x0F, 0x80, 0x00, 0x00,
    0x7C, 0x00, 0x00, 0x03, 0xE0, 0x00, 0x00, 0x0F, 0x00, 0x00, 0x00, 0x7C, 0x00, 0x00, 0x01, 0xF0,
    0x00, 0x00, 0x07, 0xFF, 0xE0, 0x00, 0x1F, 0xFF, 0x80, 0x00, 0x3F, 0xFC, 0x00, 0x00, 0x7F, 0xC0,
    0x00, 0x38, 0x00, 0x7C, 0x00, 0x7F, 0x18, 0xE7, 0xFC, 0x01, 0xF8, 0x00, 0xF0, 0x00, 0x00, 0x00,
    0x00, 0x03, 0x80, 0x07, 0x80, 0x0F, 0xC0, 0x1E, 0xE0, 0x1C, 0x70, 0x38, 0x70, 0x30, 0x38, 0x00,
    0x18, 0x00, 0x00, 0x0F, 0xF0, 0x3F, 0xF8, 0x7E, 0x7C, 0xF8, 0x7C, 0xF8, 0xFC, 0xF1, 0xF8, 0xF3,
    0xF0, 0xFF, 0xE0, 0x7F, 0x80, 0x7C, 0x01, 0x3C, 0x07, 0x3E, 0x0F, 0x1F, 0xFF, 0x0F, 0xFE, 0x03,
    0xF8, 0x00, 0x06, 0x00, 0x00, 0x00, 0x78, 0x00, 0x00, 0x03, 0xE0, 0x00, 0x00, 0x3B, 0x80, 0x00,
    0x03, 0x8E, 0x00, 0x00, 0x38, 0x30, 0x00, 0x01, 0x80, 0xC0, 0x00, 0x00, 0x06, 0x00, 0x00, 0x70,
    0x00, 0x00, 0x1F, 0xFF, 0xFF, 0x80, 0xFF, 0xFF, 0xFE, 0x03, 0xFF, 0xFF, 0xF0, 0x1F, 0xFF, 0xF8,
    0x00, 0xFC, 0x00, 0x00, 0x07, 0xC0, 0x00, 0x00, 0x7E, 0x00, 0x00, 0x03, 0xF0, 0x00, 0x00, 0x1F,
    0x00, 0x00, 0x01, 0xF8, 0x00, 0x00, 0x0F, 0xC0, 0x00, 0x00, 0x7C, 0x1F, 0x00, 0x7F, 0xFF, 0xF8,
    0x01, 0xFF, 0xFF, 0xC0, 0x07, 0xFF, 0xF8, 0x00, 0x1F, 0xFC, 0x00, 0x00, 0x7C, 0x00, 0x00, 0x03,
    0xE0, 0x00, 0x00, 0x1F, 0x00, 0x00, 0x00, 0xF8, 0x00, 0x00, 0x03, 0xC0, 0x00, 0x00, 0x1F, 0x00,
    0x00, 0x00, 0x7C, 0x00, 0x00, 0x01, 0xFF, 0xF8, 0x00, 0x07, 0xFF, 0xE0, 0x00, 0x0F, 0xFF, 0x00,
    0x00, 0x1F, 0xF0, 0x00, 0x00, 0x00, 0x00, 0x00, 0x1E, 0x00, 0x00, 0x01, 0xF0, 0x00, 0x00, 0x0F,
    0x00, 0x00, 0x00, 0x30, 0x00, 0x00, 0x03, 0x00, 0x07, 0x80, 0x07, 0xC0, 0x0F, 0xC0, 0x1E, 0xE0,
    0x1C, 0x70, 0x38, 0x38, 0x30, 0x18, 0x00, 0x08, 0x00, 0x00, 0x07, 0xE0, 0x1F, 0xF8, 0x3F, 0x7C,
    0x7C, 0x7C, 0xF8, 0x7C, 0xF9, 0xF8, 0xF3, 0xF0, 0xFF, 0xE0, 0xFF, 0xC0, 0x7F, 0x00, 0x78, 0x03,
    0x3C, 0x07, 0x3E, 0x1F, 0x1F, 0xFF, 0x0F, 0xFE, 0x03, 0xF8, 0x00, 0x00, 0x00, 0x00, 0x01, 0xC0,
    0x03, 0xE0, 0x03, 0xE0, 0x03, 0xC0, 0x01, 0x00, 0x00, 0x3C, 0x00, 0x00, 0xF8, 0x00, 0x00, 0x60,
    0x00, 0x00, 0x80, 0x00, 0x0E, 0x00, 0x00, 0x78, 0x00, 0x01, 0xC0, 0x00, 0x00, 0x00, 0x01, 0xF8,
    0x00, 0x1F, 0xFE, 0x01, 0xFF, 0xFF, 0x0F, 0xFF, 0xFF, 0x7F, 0xFF, 0xF8, 0xF8, 0xF8, 0x01, 0x81,
    0xE0, 0x00, 0x0F, 0x80, 0x00, 0x3E, 0x00, 0x00, 0xF8, 0x00, 0x03, 0xC0, 0x00, 0x0F, 0x00, 0x00,
    0x3C, 0x00, 0x00, 0xF0, 0x00, 0x07, 0xC0, 0x00, 0x1E, 0x00, 0x00, 0x78, 0x00, 0x01, 0xE0, 0x00,
    0x0F, 0xBF, 0xC0, 0x3F, 0xFF, 0x03, 0xFF, 0xFC, 0x7F, 0xFF, 0x87, 0xFF, 0xC0, 0x3F, 0xF0, 0x00,
    0x7F, 0x00, 0x00, 0x7B, 0xF5, 0xC3, 0x0C, 0xF3, 0x8C, 0x00, 0x06, 0x3C, 0xF3, 0xCF, 0x3C, 0xF3,
    0xCF, 0x3C, 0xF3, 0xCF, 0x3C, 0xF3, 0xC7, 0x1C, 0x70, 0x80, 0x01, 0xF8, 0x00, 0x1F, 0xFE, 0x01,
    0xFF, 0xFF, 0x0F, 0xFF, 0xFF, 0x7F, 0xFF, 0xF8, 0xF8, 0xF8, 0x01, 0x81, 0xE0, 0x00, 0x0F, 0x80,
    0x00, 0x3E, 0x00, 0x00, 0xF8, 0x00, 0x03, 0xC0, 0x00, 0x0F, 0x00, 0x00, 0x3C, 0x00, 0x00, 0xF0,
    0x00, 0x07, 0xC0, 0x00, 0x1E, 0x00, 0x00, 0x78, 0x00, 0x01, 0xE0, 0x00, 0x0F, 0xBF, 0xC0, 0x3F,
    0xFF, 0x03, 0xFF, 0xFC, 0x3F, 0xFF, 0x87, 0xFF, 0xC0, 0x3F, 0xF8, 0x00, 0x7F, 0x00, 0x00, 0x40,
    0x00, 0x00, 0x00, 0x00, 0x00, 0x00, 0x00, 0x00, 0x38, 0x00, 0x01, 0xF0, 0x00, 0x07, 0xC0, 0x00,
    0x1E, 0x00, 0x00, 0x20, 0x00, 0xE1, 0xE3, 0xC3, 0x80, 0x00, 0x00, 0x00, 0x70, 0xF3, 0xE3, 0xC7,
    0x8F, 0x1E, 0x3E, 0x7C, 0xF9, 0xF1, 0xE1, 0x80, 0x00, 0x00, 0x1E, 0x7C, 0xF1, 0xC0, 0x00, 0x7F,
    0x00, 0x00, 0xFF, 0xF0, 0x01, 0xFF, 0xFC, 0x01, 0xFE, 0x0F, 0x01, 0xF8, 0x03, 0xC1, 0xC0, 0x01,
    0xF0, 0x00, 0x00, 0x7C, 0x00, 0x00, 0x3E, 0x00, 0x00, 0x0F, 0x00, 0x00, 0x0F, 0xDC, 0x00, 0x07,
    0xCF, 0x00, 0x07, 0xEF, 0x80, 0x03, 0xF7, 0xC0, 0x03, 0xF3, 0xE0, 0x03, 0xF9, 0xF0, 0x03, 0xF8,
    0xF8, 0x03, 0xF8, 0x7E, 0x03, 0xF8, 0x1F, 0x07, 0xF8, 0x0F, 0x9F, 0xF8, 0x03, 0xFF, 0xF8, 0x00,
    0xFF, 0xF8, 0x00, 0x1F, 0xF0, 0x00, 0x01, 0xC0, 0x00, 0x00, 0x00, 0x00, 0x00, 0x00, 0x00, 0x00,
    0x00, 0x00, 0x00, 0x07, 0x00, 0x00, 0x07, 0xC0, 0x00, 0x03, 0xE0, 0x00, 0x01, 0xE0, 0x00, 0x00,
    0x40, 0x00, 0x07, 0x80, 0xFF, 0x87, 0xCF, 0x9F, 0x1F, 0xF8, 0x3F, 0xE0, 0xFF, 0x83, 0xFE, 0x0F,
    0xF8, 0x79, 0xE3, 0xE7, 0x8F, 0x0F, 0xF8, 0x3F, 0xC0, 0x3E, 0x00, 0x00, 0x00, 0x00, 0x00, 0x00,
    0x0F, 0x00, 0x7C, 0x01, 0xF0, 0x03, 0x00, 0x00, 0x3C, 0x00, 0x00, 0x1F, 0x00, 0x00, 0x01, 0x80,
    0x00, 0x00, 0x60, 0x00, 0x00, 0x70, 0x00, 0x00, 0x70, 0x00, 0x00, 0x78, 0x00, 0x00, 0x10, 0x00,
    0x00, 0x00, 0x00, 0x00, 0x3F, 0x80, 0x00, 0x7F, 0xF0, 0x00, 0xFF, 0xFE, 0x00, 0xFF, 0x07, 0x80,
    0xFC, 0x01, 0xE0, 0x70, 0x00, 0xF8, 0x00, 0x00, 0x3E, 0x00, 0x00, 0x1F, 0x00, 0x00, 0x07, 0x80,
    0x00, 0x07, 0xEC, 0x00, 0x03, 0xE7, 0x80, 0x01, 0xF7, 0xC0, 0x01, 0xFB, 0xE0, 0x01, 0xF9, 0xF0,
    0x01, 0xFC, 0xF8, 0x01, 0xFC, 0x7C, 0x01, 0xFC, 0x3F, 0x01, 0xFC, 0x0F, 0x81, 0xFE, 0x07, 0xC7,
    0xFE, 0x01, 0xFF, 0xFC, 0x00, 0x7F, 0xFC, 0x00, 0x1F, 0xF8, 0x00, 0x01, 0xF0, 0x00, 0x00, 0x07,
    0x80, 0x1F, 0x00, 0x7E, 0x00, 0x18, 0x00, 0x60, 0x07, 0x80, 0x1C, 0x00, 0x60, 0x00, 0x00, 0x00,
    0x00, 0xF8, 0x0F, 0xFC, 0x7C, 0xF9, 0xF1, 0xFF, 0x83, 0xFE, 0x0F, 0xF8, 0x3F, 0xE0, 0xFF, 0x87,
    0x9E, 0x3E, 0x78, 0xF0, 0xFF, 0x83, 0xFC, 0x03, 0xE0, 0x00, 0x06, 0x00, 0x00, 0x07, 0x00, 0x00,
    0x07, 0x80, 0x00, 0x0F, 0x00, 0x00, 0x0E, 0x00, 0x00, 0x00, 0xE0, 0x00, 0x00, 0xF0, 0x00, 0x00,
    0x7C, 0x00, 0x00, 0x7F, 0x00, 0x00, 0x71, 0xC0, 0x00, 0x70, 0x70, 0x00, 0x30, 0x38, 0x00, 0x00,
    0x04, 0x00, 0x01, 0xF0, 0x00, 0x07, 0xFF, 0x00, 0x07, 0xFF, 0xE0, 0x0F, 0xF0, 0xF8, 0x0F, 0xC0,
    0x1E, 0x07, 0x00, 0x0F, 0x80, 0x00, 0x03, 0xE0, 0x00, 0x01, 0xF0, 0x00, 0x00, 0x78, 0x00, 0x00,
    0x7E, 0xC0, 0x00, 0x3E, 0x78, 0x00, 0x1F, 0x7C, 0x00, 0x1F, 0xBE, 0x00, 0x1F, 0x9F, 0x00, 0x1F,
    0xCF, 0x80, 0x1F, 0xC7, 0xC0, 0x1F, 0xC3, 0xF0, 0x1F, 0xE0, 0xF8, 0x1F, 0xE0, 0x7C, 0x3F, 0xE0,
    0x1F, 0xFF, 0xE0, 0x07, 0xFF, 0xC0, 0x01, 0xFF, 0xC0, 0x00, 0x1F, 0x00, 0x00, 0x0C, 0x00, 0x07,
    0x80, 0x31, 0xF0, 0x1C, 0xFE, 0x0F, 0x7B, 0x8F, 0x9C, 0x77, 0x8E, 0x0E, 0x02, 0x01, 0x80, 0x00,
    0x00, 0x01, 0xE0, 0x03, 0xFE, 0x01, 0xF3, 0xE0, 0x7C, 0x7C, 0x3E, 0x0F, 0x0F, 0x83, 0xC3, 0xE0,
    0xF0, 0xF8, 0x3C, 0x3E, 0x1E, 0x07, 0x8F, 0x81, 0xE3, 0xC0, 0x3F, 0xE0, 0x0F, 0xF0, 0x00, 0xF8,
    0x00, 0x00, 0x06, 0x00, 0x00, 0x00, 0xE0, 0x00, 0x00, 0x1E, 0x00, 0x00, 0x00, 0xF0, 0x00, 0x00,
    0x07, 0x00, 0x00, 0x0E, 0x00, 0x00, 0x03, 0xE0, 0x00, 0x00, 0xFC, 0x00, 0x00, 0x3D, 0xC0, 0x00,
    0x07, 0x1C, 0x00, 0x01, 0xC1, 0xC0, 0x00, 0x20, 0x18, 0x00, 0x00, 0x00, 0x00, 0x00, 0x7F, 0x00,
    0x00, 0x3F, 0xFC, 0x00, 0x1F, 0xFF, 0xE0, 0x07, 0xFC, 0x3E, 0x01, 0xF8, 0x03, 0xE0, 0x78, 0x00,
    0x3E, 0x00, 0x00, 0x03, 0xE0, 0x00, 0x00, 0x7E, 0x00, 0x00, 0x07, 0xC0, 0x00, 0x00, 0xF9, 0x00,
    0x00, 0x3F, 0x78, 0x00, 0x07, 0xEF, 0x80, 0x01, 0xFF, 0xF0, 0x00, 0x7F, 0x7E, 0x00, 0x0F, 0xCF,
    0xC0, 0x03, 0xF9, 0xF8, 0x00, 0xFE, 0x3F, 0x00, 0x3F, 0x87, 0xE0, 0x1F, 0xE0, 0x7C, 0x07, 0xF8,
    0x0F, 0xC7, 0xFE, 0x00, 0xFF, 0xFF, 0x80, 0x0F, 0xFF, 0xE0, 0x00, 0x7F, 0xF0, 0x00, 0x03, 0xF0,
    0x00, 0x00, 0x01, 0x00, 0x07, 0x00, 0x0E, 0x00, 0x1C, 0x00, 0x38, 0x00, 0x70, 0x38, 0xC0, 0xF0,
    0x07, 0xE0, 0x3F, 0xC1, 0xE7, 0x07, 0x0E, 0x18, 0x1C, 0x00, 0x30, 0x78, 0x0F, 0xF8, 0x7C, 0xF9,
    0xE1, 0xFF, 0x83, 0xFE, 0x0F, 0xF8, 0x3F, 0xE0, 0xFF, 0x87, 0x9E, 0x3E, 0x78, 0xF0, 0xFF, 0x83,
    0xFC, 0x03, 0xE0, 0x00, 0x1E, 0x00, 0x00, 0x03, 0xE0, 0x00, 0x00, 0x7C, 0x00, 0x00, 0x01, 0x80,
    0x00, 0x00, 0x30, 0x00, 0x00, 0x0E, 0x00, 0x00, 0x03, 0xC0, 0x00, 0x00, 0x60, 0x00, 0x00, 0x01,
    0xC0, 0x00, 0x00, 0x78, 0x00, 0x00, 0x1F, 0x80, 0x00, 0x07, 0xF8, 0x00, 0x00, 0xE7, 0x80, 0x00,
    0x38, 0x70, 0x00, 0x04, 0x06, 0x00, 0x01, 0xFC, 0x00, 0x00, 0xFF, 0xF0, 0x00, 0x7F, 0xFF, 0x80,
    0x1F, 0xF0, 0xF8, 0x07, 0xE0, 0x0F, 0x81, 0xE0, 0x00, 0xF8, 0x20, 0x00, 0x0F, 0x80, 0x00, 0x01,
    0xF0, 0x00, 0x00, 0x3F, 0x00, 0x00, 0x03, 0xE0, 0x00, 0x00, 0xFD, 0xC0, 0x00, 0x1F, 0xBC, 0x00,
    0x07, 0xFF, 0xC0, 0x00, 0xFD, 0xF8, 0x00, 0x3F, 0xBF, 0x00, 0x0F, 0xE7, 0xE0, 0x03, 0xF8, 0xFC,
    0x00, 0xFF, 0x1F, 0x80, 0x3F, 0xC3, 0xF0, 0x0F, 0xF0, 0x3E, 0x07, 0xFC, 0x03, 0xE7, 0xFF, 0x00,
    0x7F, 0xFF, 0xC0, 0x07, 0xFF, 0xF0, 0x00, 0x3F, 0xF8, 0x00, 0x01, 0xF8, 0x00, 0x00, 0x07, 0xC0,
    0x1F, 0x80, 0x06, 0x00, 0x18, 0x00, 0xE0, 0x07, 0x00, 0x18, 0x00, 0x00, 0x00, 0x00, 0x0C, 0x00,
    0x78, 0x03, 0xF0, 0x1F, 0xE0, 0x73, 0x83, 0x87, 0x0C, 0x0E, 0x00, 0x00, 0x3E, 0x03, 0xFF, 0x1F,
    0x3E, 0x78, 0x7F, 0xE0, 0xFF, 0x83, 0xFE, 0x0F, 0xF8, 0x3F, 0xE1, 0xE7, 0x8F, 0x9E, 0x3C, 0x3F,
    0xE0, 0xFF, 0x00, 0xF8, 0x00, 0x01, 0xC0, 0x30, 0x01, 0xF8, 0x3C, 0x00, 0xE7, 0x3C, 0x00, 0x31,
    0xFE, 0x00, 0x00, 0x3C, 0x00, 0x00, 0x60, 0x00, 0x00, 0x78, 0x00, 0x00, 0x7C, 0x00, 0x00, 0x7F,
    0x00, 0x00, 0x79, 0xC0, 0x00, 0x38, 0x70, 0x00, 0x38, 0x38, 0x00, 0x08, 0x0E, 0x00, 0x03, 0xF0,
    0x00, 0x07, 0xFF, 0x00, 0x0F, 0xFF, 0xE0, 0x0F, 0xF0, 0xF8, 0x0F, 0xC0, 0x1E, 0x07, 0x00, 0x0F,
    0x80, 0x00, 0x03, 0xE0, 0x00, 0x01, 0xF0, 0x00, 0x00, 0x78, 0x00, 0x00, 0x7E, 0xC0, 0x00, 0x3E,
    0x78, 0x00, 0x1F, 0x7C, 0x00, 0x1F, 0xBE, 0x00, 0x1F, 0x9F, 0x00, 0x1F, 0xCF, 0x80, 0x1F, 0xC7,
    0xC0, 0x1F, 0xC3, 0xF0, 0x1F, 0xE0, 0xF8, 0x1F, 0xE0, 0x7C, 0x3F, 0xE0, 0x1F, 0xFF, 0xE0, 0x07,
    0xFF, 0xC0, 0x01, 0xFF, 0xC0, 0x00, 0x1F, 0x00, 0x00, 0x1C, 0x00, 0xFC, 0x37, 0xFF, 0xD8, 0xFF,
    0x00, 0xF0, 0x00, 0x00, 0x30, 0x01, 0xE0, 0x0F, 0xC0, 0x7F, 0x03, 0xCE, 0x0E, 0x1C, 0x20, 0x38,
    0x00, 0x60, 0x78, 0x0F, 0xF8, 0x7C, 0xF9, 0xE1, 0xFF, 0x83, 0xFE, 0x0F, 0xF8, 0x3F, 0xE0, 0xFF,
    0x87, 0x9E, 0x3E, 0x78, 0xF0, 0xFF, 0x83, 0xFC, 0x03, 0xE0, 0x00, 0x1C, 0x00, 0x00, 0x1E, 0x00,
    0x00, 0x1F, 0x80, 0x00, 0x1E, 0xE0, 0x00, 0x0E, 0x38, 0x00, 0x0E, 0x1C, 0x00, 0x06, 0x07, 0x00,
    0x00, 0x01, 0x80, 0x00, 0x00, 0x00, 0x00, 0x3F, 0x00, 0x00, 0x7F, 0xF0, 0x00, 0xFF, 0xFE, 0x00,
    0xFF, 0x0F, 0x80, 0xFC, 0x01, 0xE0, 0x70, 0x00, 0xF8, 0x00, 0x00, 0x3E, 0x00, 0x00, 0x1F, 0x00,
    0x00, 0x07, 0x80, 0x00, 0x07, 0xEC, 0x00, 0x03, 0xE7, 0x80, 0x01, 0xF7, 0xC0, 0x01, 0xFB, 0xE0,
    0x01, 0xF9, 0xF0, 0x01, 0xFC, 0xF8, 0x01, 0xFC, 0x7C, 0x01, 0xFC, 0x3F, 0x01, 0xFE, 0x0F, 0x81,
    0xFE, 0x07, 0xC3, 0xFE, 0x01, 0xFF, 0xFE, 0x00, 0x7F, 0xFC, 0x00, 0x1F, 0xFC, 0x00, 0x01, 0xF0,
    0x00, 0x00, 0x00, 0x00, 0x00, 0x00, 0x00, 0x00, 0x07, 0x80, 0x00, 0x07, 0xC0, 0x00, 0x03, 0xC0,
    0x00, 0x00, 0xC0, 0x00, 0x03, 0x00, 0x1E, 0x00, 0x7C, 0x03, 0xF0, 0x1E, 0xE0, 0x73, 0xC3, 0x87,
    0x0C, 0x0E, 0x00, 0x18, 0x1E, 0x03, 0xFF, 0x1F, 0x3E, 0x7C, 0x7F, 0xE0, 0xFF, 0x83, 0xFE, 0x0F,
    0xF8, 0x3F, 0xE1, 0xE7, 0x8F, 0x9E, 0x3C, 0x3F, 0xE0, 0xFF, 0x00, 0xF8, 0x00, 0x00, 0x00, 0x00,
    0x00, 0x00, 0x38, 0x01, 0xF0, 0x07, 0x80, 0x1C, 0x00, 0x00, 0x03, 0x00, 0x00, 0x07, 0x80, 0x00,
    0x07, 0xC0, 0x00, 0x07, 0xE0, 0x00, 0x0F, 0xC0, 0x00, 0x1F, 0x80, 0x00, 0x0F, 0x00, 0x00, 0x00,
    0x00, 0x03, 0x00, 0x00, 0x01, 0x80, 0x3F, 0x80, 0xC0, 0x7F, 0xF8, 0x60, 0xFF, 0xFE, 0x30, 0xFF,
    0x07, 0xB8, 0xFC, 0x01, 0xFC, 0x70, 0x00, 0xFC, 0x00, 0x00, 0x3E, 0x00, 0x00, 0x1F, 0x00, 0x00,
    0x07, 0x80, 0x00, 0x07, 0xEC, 0x00, 0x03, 0xE7, 0x80, 0x01, 0xF7, 0xC0, 0x01, 0xFB, 0xE0, 0x01,
    0xF9, 0xF0, 0x01, 0xFC, 0xF8, 0x01, 0xFC, 0x7C, 0x01, 0xFC, 0x3F, 0x01, 0xFC, 0x0F, 0x81, 0xFE,
    0x07, 0xC7, 0xFE, 0x01, 0xFF, 0xFC, 0x00, 0x7F, 0xFC, 0x00, 0x1F, 0xF8, 0x00, 0x01, 0xF0, 0x00,
    0x00, 0x00, 0x38, 0x00, 0x1E, 0x00, 0x0F, 0x80, 0x0F, 0xC0, 0x0F, 0xC0, 0x07, 0xC0, 0x01, 0xC0,
    0x00, 0x00, 0x03, 0x00, 0x01, 0xC0, 0x00, 0x30, 0x7C, 0x0C, 0xFF, 0xC3, 0x7C, 0x79, 0xDF, 0x0F,
    0xF7, 0xC3, 0xF9, 0xE0, 0xFC, 0xF8, 0x3C, 0x1E, 0x0F, 0x07, 0x87, 0xC1, 0xE3, 0xE0, 0x3D, 0xF8,
    0x0F, 0xFC, 0x01, 0xFE, 0x00, 0x1E, 0x00, 0x01, 0x80, 0x00, 0x00, 0xE0, 0x00, 0x00, 0x78, 0x00,
    0x00, 0x1E, 0x00, 0x00, 0x07, 0x80, 0x00, 0x01, 0xE0, 0x00, 0x00, 0x78, 0x00, 0x00, 0x18, 0x03,
    0x00, 0x00, 0x01, 0x80, 0x3F, 0x80, 0xC0, 0x7F, 0xF8, 0x60, 0xFF, 0xFE, 0x30, 0xFF, 0x07, 0xB8,
    0xFC, 0x01, 0xFC, 0x70, 0x00, 0xFC, 0x00, 0x00, 0x3E, 0x00, 0x00, 0x1F, 0x00, 0x00, 0x07, 0x80,
    0x00, 0x07, 0xEC, 0x00, 0x03, 0xE7, 0x80, 0x01, 0xF7, 0xC0, 0x01, 0xFB, 0xE0, 0x01, 0xF9, 0xF0,
    0x01, 0xFC, 0xF8, 0x01, 0xFC, 0x7C, 0x01, 0xFC, 0x3F, 0x01, 0xFC, 0x0F, 0x81, 0xFE, 0x07, 0xC7,
    0xFE, 0x01, 0xFF, 0xFC, 0x00, 0x7F, 0xFC, 0x00, 0x1F, 0xF8, 0x00, 0x01, 0xF0, 0x00, 0x00, 0x0C,
    0x00, 0x03, 0x80, 0x00, 0xF0, 0x00, 0x1E, 0x00, 0x03, 0xC0, 0x00, 0x78, 0x00, 0x0F, 0x00, 0x01,
    0xC3, 0x00, 0x01, 0xC0, 0x00, 0x30, 0x7C, 0x0C, 0xFF, 0xC3, 0x7C, 0x79, 0xDF, 0x0F, 0xF7, 0xC3,
    0xF9, 0xE0, 0xFC, 0xF8, 0x3C, 0x1E, 0x0F, 0x07, 0x87, 0xC1, 0xE3, 0xE0, 0x3D, 0xF8, 0x0F, 0xFC,
    0x01, 0xFE, 0x00, 0x1E, 0x00, 0x00, 0x3E, 0x00, 0x00, 0x1F, 0x80, 0x00, 0x05, 0xC0, 0x00, 0x00,
    0x60, 0x00, 0x00, 0x30, 0x00, 0x00, 0x78, 0x00, 0x00, 0x38, 0x00, 0x00, 0x18, 0x03, 0x00, 0x00,
    0x01, 0x80, 0x3F, 0x80, 0xC0, 0x7F, 0xF8, 0x60, 0xFF, 0xFE, 0x30, 0xFF, 0x07, 0xB8, 0xFC, 0x01,
    0xFC, 0x70, 0x00, 0xFC, 0x00, 0x00, 0x3E, 0x00, 0x00, 0x1F, 0x00, 0x00, 0x07, 0x80, 0x00, 0x07,
    0xEC, 0x00, 0x03, 0xE7, 0x80, 0x01, 0xF7, 0xC0, 0x01, 0xFB, 0xE0, 0x01, 0xF9, 0xF0, 0x01, 0xFC,
    0xF8, 0x01, 0xFC, 0x7C, 0x01, 0xFC, 0x3F, 0x01, 0xFC, 0x0F, 0x81, 0xFE, 0x07, 0xC7, 0xFE, 0x01,
    0xFF, 0xFC, 0x00, 0x7F, 0xFC, 0x00, 0x1F, 0xF8, 0x00, 0x01, 0xF0, 0x00, 0x00, 0x01, 0xE0, 0x00,
    0xFC, 0x00, 0x17, 0x00, 0x00, 0xC0, 0x00, 0x30, 0x00, 0x3C, 0x00, 0x0E, 0x00, 0x03, 0x00, 0x00,
    0x00, 0x80, 0x00, 0x70, 0x00, 0x0C, 0x1F, 0x03, 0x3F, 0xF0, 0xDF, 0x1E, 0x77, 0xC3, 0xFD, 0xF0,
    0xFE, 0x78, 0x3F, 0x3E, 0x0F, 0x07, 0x83, 0xC1, 0xE1, 0xF0, 0x78, 0xF8, 0x0F, 0x7E, 0x03, 0xFF,
    0x00, 0x7F, 0x80, 0x07, 0x80, 0x00, 0x00, 0xE0, 0x18, 0x01, 0xF8, 0x1C, 0x00, 0xF7, 0x3E, 0x00,
    0x30, 0xFE, 0x00, 0x00, 0x3E, 0x00, 0x00, 0x00, 0x0C, 0x00, 0x00, 0x06, 0x00, 0xFE, 0x03, 0x01,
    0xFF, 0xE1, 0x83, 0xFF, 0xF8, 0xC3, 0xFC, 0x1E, 0xE3, 0xF0, 0x07, 0xF1, 0xC0, 0x03, 0xF0, 0x00,
    0x00, 0xF8, 0x00, 0x00, 0x7C, 0x00, 0x00, 0x1E, 0x00, 0x00, 0x1F, 0xB0, 0x00, 0x0F, 0x9E, 0x00,
    0x07, 0xDF, 0x00, 0x07, 0xEF, 0x80, 0x07, 0xE7, 0xC0, 0x07, 0xF3, 0xE0, 0x07, 0xF1, 0xF0, 0x07,
    0xF0, 0xFC, 0x07, 0xF0, 0x3E, 0x07, 0xF8, 0x1F, 0x1F, 0xF8, 0x07, 0xFF, 0xF0, 0x01, 0xFF, 0xF0,
    0x00, 0x7F, 0xE0, 0x00, 0x07, 0xC0, 0x00, 0x0E, 0x00, 0x07, 0xC0, 0x01, 0xF8, 0x60, 0xE7, 0xFC,
    0x00, 0x7E, 0x00, 0x0F, 0x00, 0x00, 0x0C, 0x00, 0x07, 0x00, 0x00, 0xC1, 0xF0, 0x33, 0xFF, 0x0D,
    0xF1, 0xE7, 0x7C, 0x3F, 0xDF, 0x0F, 0xE7, 0x83, 0xF3, 0xE0, 0xF0, 0x78, 0x3C, 0x1E, 0x1F, 0x07,
    0x8F, 0x80, 0xF7, 0xE0, 0x3F, 0xF0, 0x07, 0xF8, 0x00, 0x78, 0x00, 0x00, 0x00, 0x01, 0x80, 0x00,
    0x00, 0xC0, 0x1F, 0xC0, 0x60, 0x3F, 0xFC, 0x30, 0x7F, 0xFF, 0x18, 0x7F, 0x83, 0xDC, 0x7E, 0x00,
    0xFE, 0x70, 0x00, 0x7E, 0x00, 0x00, 0x1F, 0x00, 0x00, 0x0F, 0x80, 0x00, 0x03, 0xC0, 0x00, 0x03,
    0xF7, 0x00, 0x01, 0xF3, 0xC0, 0x01, 0xFB, 0xE0, 0x00, 0xFD, 0xF0, 0x00, 0xFC, 0xF8, 0x00, 0xFE,
    0x7C, 0x00, 0xFE, 0x3E, 0x00, 0xFE, 0x1F, 0x80, 0xFE, 0x07, 0xC1, 0xFE, 0x03, 0xE7, 0xFE, 0x00,
    0xFF, 0xFE, 0x00, 0x3F, 0xFE, 0x00, 0x07, 0xFC, 0x00, 0x00, 0x70, 0x00, 0x00, 0x00, 0x00, 0x00,
    0x00, 0x00, 0x00, 0x00, 0x00, 0x00, 0x01, 0xC0, 0x00, 0x01, 0xF0, 0x00, 0x00, 0xF8, 0x00, 0x00,
    0x78, 0x00, 0x00, 0x10, 0x00, 0x00, 0x00, 0x00, 0xC0, 0x00, 0x70, 0x00, 0x0C, 0x1F, 0x03, 0x3F,
    0xF0, 0xDF, 0x1E, 0x77, 0xC3, 0xFD, 0xF0, 0xFE, 0x78, 0x3F, 0x3E, 0x0F, 0x07, 0x83, 0xC1, 0xE1,
    0xF0, 0x78, 0xF8, 0x0F, 0x7E, 0x03, 0xFF, 0x00, 0x7F, 0x80, 0x07, 0x80, 0x00, 0x00, 0x00, 0x00,
    0x00, 0x00, 0x00, 0x01, 0xC0, 0x00, 0xF8, 0x00, 0x3C, 0x00, 0x0E, 0x00, 0x01, 0x00, 0x00, 0x18,
    0x00, 0x08, 0x1E, 0x00, 0x1E, 0x1E, 0x00, 0x1E, 0x3E, 0x00, 0x1F, 0x3E, 0x00, 0x3F, 0x3E, 0x00,
    0x3F, 0x3E, 0x00, 0x7F, 0x7C, 0x00, 0x7F, 0x7C, 0x00, 0x7F, 0x78, 0x00, 0xFF, 0x78, 0x01, 0xFF,
    0x78, 0x01, 0xFE, 0xF8, 0x03, 0xFE, 0xF0, 0x07, 0xFE, 0xF0, 0x07, 0xDE, 0xF0, 0x0F, 0x9E, 0xF0,
    0x1F, 0x9E, 0x70, 0x3F, 0x1E, 0x78, 0x7E, 0x1C, 0x7C, 0xFC, 0x1C, 0x3F, 0xF8, 0x1C, 0x3F, 0xF0,
    0x1C, 0x1F, 0xC0, 0x00, 0x0F, 0x80, 0x00, 0x00, 0x00, 0x00, 0x00, 0x00, 0x00, 0x00, 0x00, 0x00,
    0x00, 0x38, 0x00, 0x00, 0x7C, 0x00, 0x00, 0x7C, 0x00, 0x00, 0x78, 0x00, 0x00, 0x20, 0x00, 0x70,
    0x01, 0xE0, 0x07, 0x83, 0xFE, 0x0F, 0xF8, 0x3F, 0xE0, 0xFF, 0x87, 0xFE, 0x1F, 0x78, 0x7D, 0xE3,
    0xF7, 0xDF, 0xCF, 0xFF, 0x1F, 0xFC, 0x1E, 0x70, 0x01, 0x80, 0x02, 0x00, 0x00, 0x00, 0x00, 0x1C,
    0x00, 0xF0, 0x07, 0xC0, 0x0E, 0x00, 0x30, 0x00, 0x00, 0x1C, 0x00, 0x00, 0x3F, 0x00, 0x00, 0x17,
    0x00, 0x00, 0x03, 0x00, 0x18, 0x03, 0x08, 0x1E, 0x0F, 0x1E, 0x1E, 0x0E, 0x1E, 0x3E, 0x0C, 0x1F,
    0x3E, 0x00, 0x3F, 0x3E, 0x00, 0x3F, 0x3E, 0x00, 0x7F, 0x7C, 0x00, 0x7F, 0x7C, 0x00, 0x7F, 0x78,
    0x00, 0xFF, 0x78, 0x01, 0xFF, 0x78, 0x01, 0xFE, 0xF8, 0x03, 0xFE, 0xF0, 0x07, 0xFE, 0xF0, 0x07,
    0xDE, 0xF0, 0x0F, 0x9E, 0xF0, 0x1F, 0x9E, 0x70, 0x3F, 0x1E, 0x78, 0x7E, 0x1C, 0x7C, 0xFC, 0x1C,
    0x3F, 0xF8, 0x1C, 0x3F, 0xF0, 0x1C, 0x1F, 0xC0, 0x00, 0x0F, 0x80, 0x00, 0x07, 0xC0, 0x1F, 0x80,
    0x06, 0x00, 0x18, 0x00, 0xE0, 0x07, 0x80, 0x1C, 0x00, 0x00, 0x70, 0x01, 0xE0, 0x07, 0x83, 0xFE,
    0x0F, 0xF8, 0x3F, 0xE0, 0xFF, 0x87, 0xFE, 0x1F, 0x78, 0x7D, 0xE3, 0xF7, 0xDF, 0xCF, 0xFF, 0x1F,
    0xFC, 0x1E, 0x70, 0x01, 0x80, 0x02, 0x00, 0x03, 0x00, 0x00, 0x3C, 0x00, 0x01, 0xF0, 0x00, 0x0F,
    0xC0, 0x00, 0xFC, 0x00, 0x0F, 0xC0, 0x00, 0x3C, 0x00, 0x00, 0x00, 0x00, 0x00, 0x00, 0x0C, 0x00,
    0x00, 0x30, 0x00, 0x00, 0xC0, 0x00, 0x03, 0x00, 0x00, 0x0C, 0x00, 0x0E, 0x30, 0x00, 0x3F, 0xCE,
    0x00, 0xFE, 0x7C, 0x03, 0xF1, 0xF0, 0x07, 0x87, 0xC0, 0x1F, 0x1F, 0x00, 0x3C, 0x78, 0x00, 0xF3,
    0xE0, 0x03, 0xCF, 0x80, 0x0F, 0x3E, 0x00, 0x7C, 0xF8, 0x01, 0xF3, 0xE0, 0x07, 0xC7, 0x80, 0x1F,
    0x1E, 0x00, 0xF8, 0x7C, 0x03, 0xE0, 0xF0, 0x1F, 0x01, 0xC0, 0xFC, 0x03, 0x8F, 0xE0, 0x07, 0xFF,
    0x00, 0x0F, 0xF8, 0x00, 0x0F, 0x80, 0x00, 0x00, 0x0E, 0x00, 0x07, 0x80, 0x03, 0xE0, 0x03, 0xF0,
    0x03, 0xF8, 0x01, 0xF0, 0x00, 0x70, 0x00, 0x00, 0x00, 0x00, 0x00, 0xC0, 0x00, 0x30, 0x00, 0x0C,
    0x00, 0x03, 0x70, 0x00, 0xDE, 0x07, 0xF7, 0x83, 0xFF, 0xE0, 0xFC, 0xF8, 0x3C, 0x3E, 0x0F, 0x0F,
    0x87, 0xC3, 0xE1, 0xF0, 0x78, 0x7C, 0x1E, 0x3F, 0x07, 0xDF, 0xC0, 0xFF, 0xF0, 0x1F, 0xFC, 0x01,
    0xE7, 0x00, 0x01, 0x80, 0x00, 0x20, 0xC0, 0x00, 0x03, 0x80, 0x00, 0x07, 0x00, 0x00, 0xCF, 0x00,
    0x03, 0x1E, 0x00, 0x0C, 0x3C, 0x00, 0x30, 0x70, 0x00, 0xC1, 0xE0, 0xE7, 0x00, 0x03, 0xFC, 0xE0,
    0x0F, 0xE7, 0xC0, 0x3F, 0x1F, 0x00, 0x78, 0x7C, 0x01, 0xF1, 0xF0, 0x03, 0xC7, 0x80, 0x0F, 0x3E,
    0x00, 0x3C, 0xF8, 0x00, 0xF3, 0xE0, 0x07, 0xCF, 0x80, 0x1F, 0x3E, 0x00, 0x7C, 0x78, 0x01, 0xF1,
    0xE0, 0x0F, 0x87, 0xC0, 0x3E, 0x0F, 0x01, 0xF0, 0x1C, 0x0F, 0xC0, 0x38, 0xFE, 0x00, 0x7F, 0xF0,
    0x00, 0xFF, 0x80, 0x00, 0xF8, 0x00, 0x18, 0x00, 0x07, 0x00, 0x00, 0xE0, 0x00, 0x1C, 0x00, 0x03,
    0x80, 0x00, 0xF0, 0x00, 0x1E, 0x0C, 0x03, 0x83, 0x00, 0x00, 0xC0, 0x00, 0x37, 0x00, 0x0D, 0xE0,
    0x7F, 0x78, 0x3F, 0xFE, 0x0F, 0xCF, 0x83, 0xC3, 0xE0, 0xF0, 0xF8, 0x7C, 0x3E, 0x1F, 0x07, 0x87,
    0xC1, 0xE3, 0xF0, 0x7D, 0xFC, 0x0F, 0xFF, 0x01, 0xFF, 0xC0, 0x1E, 0x70, 0x00, 0x18, 0x00, 0x02,
    0x00, 0x03, 0xE0, 0x00, 0x0F, 0xC0, 0x00, 0x03, 0x00, 0xC0, 0x0C, 0x03, 0x00, 0x70, 0x0C, 0x03,
    0xC0, 0x30, 0x0E, 0x00, 0xC0, 0x00, 0xE3, 0x00, 0x03, 0xFC, 0xE0, 0x0F, 0xE7, 0xC0, 0x3F, 0x1F,
    0x00, 0x78, 0x7C, 0x01, 0xF1, 0xF0, 0x03, 0xC7, 0x80, 0x0F, 0x3E, 0x00, 0x3C, 0xF8, 0x00, 0xF3,
    0xE0, 0x07, 0xCF, 0x80, 0x1F, 0x3E, 0x00, 0x7C, 0x78, 0x01, 0xF1, 0xE0, 0x0F, 0x87, 0xC0, 0x3E,
    0x0F, 0x01, 0xF0, 0x1C, 0x0F, 0xC0, 0x38, 0xFE, 0x00, 0x7F, 0xF0, 0x00, 0xFF, 0x80, 0x00, 0xF8,
    0x00, 0x07, 0xC0, 0x01, 0xF8, 0x00, 0x06, 0x00, 0x01, 0x80, 0x00, 0xE0, 0x00, 0x78, 0x00, 0x1C,
    0x0C, 0x00, 0x03, 0x00, 0x00, 0xC0, 0x00, 0x37, 0x00, 0x0D, 0xE0, 0x7F, 0x78, 0x3F, 0xFE, 0x0F,
    0xCF, 0x83, 0xC3, 0xE0, 0xF0, 0xF8, 0x7C, 0x3E, 0x1F, 0x07, 0x87, 0xC1, 0xE3, 0xF0, 0x7D, 0xFC,
    0x0F, 0xFF, 0x01, 0xFF, 0xC0, 0x1E, 0x70, 0x00, 0x18, 0x00, 0x02, 0x00, 0x38, 0x06, 0x03, 0xF8,
    0x78, 0x3F, 0x3F, 0xC0, 0xD8, 0x3F, 0x03, 0x00, 0x30, 0x0C, 0x00, 0x00, 0x30, 0x00, 0x38, 0xC0,
    0x00, 0xFF, 0x30, 0x03, 0xF9, 0xF0, 0x0F, 0xC7, 0xC0, 0x1E, 0x1F, 0x00, 0x7C, 0x7C, 0x00, 0xF1,
    0xE0, 0x03, 0xCF, 0x80, 0x0F, 0x3E, 0x00, 0x3C, 0xF8, 0x01, 0xF3, 0xE0, 0x07, 0xCF, 0x80, 0x1F,
    0x1E, 0x00, 0x7C, 0x78, 0x03, 0xE1, 0xF0, 0x0F, 0x83, 0xC0, 0x7C, 0x07, 0x03, 0xF0, 0x1E, 0x3F,
    0x80, 0x1F, 0xFC, 0x00, 0x3F, 0xE0, 0x00, 0x3E, 0x00, 0x1C, 0x00, 0x0F, 0x80, 0x07, 0xF0, 0xCD,
    0x8F, 0xF3, 0x01, 0xFC, 0xC0, 0x3C, 0x30, 0x00, 0x0D, 0xC0, 0x03, 0x78, 0x1F, 0xDE, 0x0F, 0xEF,
    0x83, 0xF3, 0xE0, 0xF0, 0xF8, 0x3C, 0x3E, 0x1F, 0x0F, 0x87, 0xC1, 0xE1, 0xF0, 0x78, 0xFC, 0x1F,
    0x7F, 0x03, 0xFF, 0xC0, 0x7F, 0xF0, 0x07, 0x9C, 0x00, 0x06, 0x00, 0x00, 0x80, 0x00, 0x00, 0x0C,
    0x00, 0x00, 0x30, 0x00, 0x00, 0xC0, 0x00, 0x03, 0x00, 0x00, 0x0C, 0x00, 0x0E, 0x30, 0x00, 0x3F,
    0xCE, 0x00, 0xFE, 0x7C, 0x03, 0xF1, 0xF0, 0x07, 0x87, 0xC0, 0x1F, 0x1F, 0x00, 0x3C, 0x78, 0x00,
    0xF3, 0xE0, 0x03, 0xCF, 0x80, 0x0F, 0x3E, 0x00, 0x7C, 0xF8, 0x01, 0xF3, 0xE0, 0x07, 0xC7, 0x80,
    0x1F, 0x1E, 0x00, 0xF8, 0x7C, 0x03, 0xE0, 0xF0, 0x1F, 0x01, 0xC0, 0xFC, 0x03, 0x8F, 0xE0, 0x07,
    0xFF, 0x00, 0x0F, 0xF8, 0x00, 0x0F, 0x80, 0x00, 0x00, 0x00, 0x00, 0x00, 0x00, 0x00, 0xE0, 0x00,
    0x07, 0xC0, 0x00, 0x1F, 0x00, 0x00, 0x78, 0x00, 0x00, 0x80, 0x00, 0x00, 0x00, 0xC0, 0x00, 0x30,
    0x00, 0x0C, 0x00, 0x03, 0x70, 0x00, 0xDE, 0x07, 0xF7, 0x83, 0xFF, 0xE0, 0xFC, 0xF8, 0x3C, 0x3E,
    0x0F, 0x0F, 0x87, 0xC3, 0xE1, 0xF0, 0x78, 0x7C, 0x1E, 0x3F, 0x07, 0xDF, 0xC0, 0xFF, 0xF0, 0x1F,
    0xFC, 0x01, 0xE7, 0x00, 0x01, 0x80, 0x00, 0x20, 0x00, 0x00, 0x00, 0x00, 0x00, 0x38, 0x00, 0x1E,
    0x00, 0x07, 0x80, 0x01, 0xC0, 0x00, 0x60, 0x00, 0x03, 0x00, 0x00, 0x1C, 0x00, 0x00, 0x70, 0x00,
    0x01, 0xC0, 0x00, 0x07, 0x83, 0x00, 0x3C, 0x3D, 0x80, 0xF1, 0xFE, 0x03, 0x9F, 0xF8, 0x00, 0xFF,
    0xC0, 0x07, 0xDE, 0x00, 0x7C, 0xF8, 0x03, 0xE7, 0xC0, 0x3F, 0x1E, 0x01, 0xF0, 0xF8, 0x0F, 0x83,
    0xC0, 0xF8, 0x0F, 0x07, 0xC0, 0x7C, 0x7C, 0x01, 0xF3, 0xE0, 0x03, 0xFE, 0x00, 0x0F, 0xF0, 0x00,
    0x1F, 0x00, 0x00, 0xF8, 0x00, 0x07, 0x80, 0x00, 0x3C, 0x00, 0x03, 0xC0, 0x00, 0x1C, 0x00, 0x01,
    0xE0, 0x00, 0x0E, 0x00, 0x00, 0x70, 0x00, 0x07, 0x00, 0x00, 0x30, 0x00, 0x03, 0x00, 0x00, 0x10,
    0x00, 0x00, 0x30, 0x00, 0x70, 0x00, 0xF0, 0x00, 0xF0, 0x00, 0xF0, 0x00, 0xF0, 0x00, 0xF0, 0x00,
    0xE0, 0x00, 0x00, 0x00, 0x00, 0x00, 0x67, 0x01, 0xEF, 0x03, 0xFF, 0x07, 0xDF, 0x0F, 0x9E, 0x3E,
    0x1E, 0x7C, 0x1F, 0xF0, 0x1F, 0xE0, 0x1F, 0x80, 0x1F, 0x00, 0x3C, 0x00, 0x78, 0x01, 0xE0, 0x03,
    0xC0, 0x07, 0x80, 0x1E, 0x00, 0x3C, 0x00, 0x78, 0x00, 0xE0, 0x01, 0xC0, 0x00, 0x00, 0x00, 0x20,
    0x00, 0x03, 0xB0, 0x00, 0x1F, 0xC0, 0x01, 0xFF, 0x00, 0x0F, 0xFC, 0x00, 0xFF, 0xE0, 0x07, 0xDF,
    0x00, 0x3E, 0x78, 0x03, 0xE3, 0xE0, 0x1F, 0x0F, 0x01, 0xF0, 0x78, 0x0F, 0x81, 0xE0, 0x78, 0x07,
    0x87, 0xC0, 0x3E, 0x3C, 0x00, 0x7F, 0xE0, 0x01, 0xFE, 0x00, 0x03, 0xF0, 0x00, 0x0F, 0x80, 0x00,
    0x78, 0x00, 0x07, 0xC0, 0x00, 0x3C, 0x00, 0x01, 0xC0, 0x00, 0x1E, 0x00, 0x00, 0xE0, 0x00, 0x0E,
    0x00, 0x00, 0x70, 0x00, 0x07, 0x00, 0x00, 0x30, 0x00, 0x01, 0x00, 0x00, 0x00, 0x00, 0x00, 0x00,
    0x00, 0x00, 0x00, 0x00, 0x1C, 0x00, 0x01, 0xF0, 0x00, 0x0F, 0x80, 0x00, 0x78, 0x00, 0x01, 0x00,
    0x00, 0x00, 0x18, 0xC0, 0x7B, 0xC0, 0xFF, 0xC1, 0xF7, 0xC3, 0xE7, 0x8F, 0x87, 0x9F, 0x07, 0xFC,
    0x07, 0xF8, 0x07, 0xE0, 0x07, 0xC0, 0x0F, 0x00, 0x1E, 0x00, 0x7C, 0x00, 0xF0, 0x01, 0xE0, 0x07,
    0x80, 0x0F, 0x00, 0x1E, 0x00, 0x38, 0x00, 0x70, 0x00, 0x00, 0x00, 0x00, 0x03, 0x80, 0x0F, 0x00,
    0x0E, 0x00, 0x00, 0xF0, 0x00, 0x07, 0xC0, 0x00, 0x3E, 0x00, 0x00, 0x30, 0x60, 0x01, 0x87, 0xB0,
    0x1C, 0x3F, 0xC1, 0xE3, 0xFF, 0x0C, 0x1F, 0xF8, 0x00, 0xFB, 0xC0, 0x0F, 0x9F, 0x00, 0x7C, 0xF8,
    0x07, 0xE3, 0xC0, 0x3E, 0x1F, 0x01, 0xF0, 0x78, 0x1F, 0x01, 0xE0, 0xF8, 0x0F, 0x8F, 0x80, 0x3E,
    0x7C, 0x00, 0x7F, 0xC0, 0x01, 0xFE, 0x00, 0x03, 0xE0, 0x00, 0x1F, 0x00, 0x00, 0xF0, 0x00, 0x07,
    0x80, 0x00, 0x78, 0x00, 0x03, 0x80, 0x00, 0x3C, 0x00, 0x01, 0xC0, 0x00, 0x0E, 0x00, 0x00, 0xE0,
    0x00, 0x06, 0x00, 0x00, 0x60, 0x00, 0x02, 0x00, 0x00, 0x01, 0xC0, 0x1F, 0x80, 0x5C, 0x00, 0x60,
    0x03, 0x00, 0x78, 0x03, 0x80, 0x18, 0x70, 0x07, 0xC0, 0x1E, 0x00, 0xF0, 0xE7, 0x8F, 0xBC, 0x7C,
    0xF7, 0xE7, 0xFF, 0x1F, 0xF8, 0x7F, 0xC0, 0x7E, 0x01, 0xF0, 0x07, 0x80, 0x3C, 0x03, 0xE0, 0x1E,
    0x00, 0xF0, 0x07, 0x80, 0x3C, 0x01, 0xE0, 0x0F, 0x00, 0x78, 0x03, 0xC0, 0x1E, 0x01, 0xE0, 0x0F,
    0x00, 0x78, 0x0F, 0x87, 0xF8, 0x0F, 0x80, 0x07, 0x00, 0xC0, 0x7C, 0x0E, 0x07, 0xB9, 0xF0, 0x18,
    0x7F, 0x00, 0x00, 0xF0, 0x00, 0x00, 0x18, 0x00, 0x00, 0xEC, 0x00, 0x0F, 0xF0, 0x00, 0x7F, 0xC0,
    0x07, 0xFE, 0x00, 0x3E, 0xF0, 0x03, 0xF7, 0x80, 0x1F, 0x3E, 0x00, 0xF8, 0xF0, 0x0F, 0x87, 0x80,
    0x7C, 0x1E, 0x07, 0xC0, 0xF8, 0x3E, 0x03, 0xC1, 0xE0, 0x0F, 0x1F, 0x00, 0x3F, 0xF0, 0x00, 0xFF,
    0x80, 0x01, 0xF8, 0x00, 0x07, 0xC0, 0x00, 0x3E, 0x00, 0x01, 0xE0, 0x00, 0x1E, 0x00, 0x00, 0xF0,
    0x00, 0x07, 0x00, 0x00, 0x78, 0x00, 0x03, 0x80, 0x00, 0x38, 0x00, 0x01, 0x80, 0x00, 0x0C, 0x00,
    0x00, 0xC0, 0x00, 0x38, 0x03, 0xE0, 0x3F, 0x8F, 0x8F, 0xF0, 0x1F, 0x30, 0x03, 0xC0, 0x1F, 0x00,
    0x78, 0x33, 0xC3, 0xDE, 0x3E, 0x79, 0xF3, 0xDF, 0x8F, 0xFC, 0x7F, 0xE0, 0xFF, 0x00, 0xF8, 0x03,
    0xC0, 0x1E, 0x00, 0xF0, 0x0F, 0x80, 0x78, 0x03, 0xC0, 0x1E, 0x00, 0xF0, 0x07, 0x80, 0x3C, 0x01,
    0xE0, 0x0F, 0x00, 0x78, 0x03, 0x80, 0x3C, 0x01, 0xE0, 0x1E, 0x1F, 0xF0, 0x7E, 0x00, 0x19, 0xCC,
    0xE7, 0x3B, 0xDE, 0xFF, 0xDE, 0xE0, 0x38, 0xF3, 0xCF, 0x3C, 0xE3, 0x9E, 0x71, 0xC7, 0x38, 0x40,
    0x10, 0x03, 0x80, 0x7C, 0x67, 0x8F, 0xF9, 0xFF, 0x1E, 0xF3, 0xCF, 0x3C, 0x63, 0x86, 0x38, 0x63,
    0x82, 0x38, 0x03, 0x00, 0x10, 0xC3, 0x1C, 0x73, 0x8E, 0x38, 0xE7, 0x1C, 0xF1, 0xDE, 0x3B, 0xC7,
    0x78, 0xFE, 0x3F, 0xC7, 0x79, 0xEE, 0x38, 0x07, 0x00, 0x70, 0x60, 0xCF, 0x87, 0x0E, 0x7C, 0x38,
    0x73, 0x81, 0x83,
};

static const EpdGlyph ugly_38Glyphs[] = {
    {0, 0, 182, 0, 0, 0, 0},
    {9, 29, 208, 2, 28, 33, 0},
    {11, 12, 240, 1, 27, 17, 33},
    {24, 28, 464, 2, 28, 84, 50},
    {17, 35, 336, 2, 29, 75, 134},
    {25, 29, 464, 2, 32, 91, 209},
    {22, 29, 432, 2, 27, 80, 300},
    {4, 8, 128, 2, 26, 4, 380},
    {13, 29, 256, 2, 24, 48, 384},
    {10, 27, 224, 2, 23, 34, 432},
    {19, 22, 384, 2, 21, 53, 466},
    {22, 22, 416, 2, 21, 61, 519},
    {8, 12, 208, 2, 4, 12, 580},
    {20, 5, 384, 2, 13, 13, 592},
    {5, 5, 144, 2, 4, 4, 605},
    {13, 35, 272, 2, 32, 57, 609},
    {17, 24, 336, 2, 23, 51, 666},
    {12, 26, 288, 2, 26, 39, 717},
    {20, 23, 384, 2, 22, 58, 756},
    {13, 26, 272, 2, 24, 43, 814},
    {18, 29, 368, 1, 25, 66, 857},
    {23, 25, 432, 2, 25, 72, 923},
    {17, 25, 336, 2, 25, 54, 995},
    {18, 25, 368, 2, 25, 57, 1049},
    {16, 29, 336, 2, 29, 58, 1106},
    {16, 30, 320, 2, 29, 60, 1164},
    {6, 14, 160, 2, 15, 11, 1224},
    {5, 21, 144, 2, 11, 14, 1235},
    {21, 21, 400, 2, 27, 56, 1249},
    {19, 10, 384, 3, 14, 24, 1305},
    {17, 18, 336, 2, 26, 39, 1329},
    {16, 32, 320, 2, 32, 64, 1368},
    {24, 23, 448, 2, 23, 69, 1432},
    {23, 28, 432, 1, 27, 81, 1501},
    {20, 29, 384, 2, 27, 73, 1582},
    {24, 24, 448, 2, 24, 72, 1655},
    {24, 30, 464, 3, 28, 90, 1727},
    {29, 29, 496, 1, 28, 106, 1817},
    {22, 29, 400, 2, 28, 80, 1923},
    {23, 25, 432, 1, 26, 72, 2003},
    {24, 27, 464, 2, 27, 81, 2075},
    {22, 25, 432, 1, 26, 69, 2156},
    {18, 26, 368, 2, 26, 59, 2225},
    {22, 29, 416, 2, 28, 80, 2284},
    {16, 30, 320, 2, 28, 60, 2364},
    {34, 25, 608, 2, 26, 107, 2424},
    {24, 29, 432, 1, 26, 87, 2531},
    {27, 26, 496, 1, 26, 88, 2618},
    {23, 26, 416, 2, 26, 75, 2706},
    {23, 28, 432, 2, 24, 81, 2781},
    {22, 29, 432, 2, 28, 80, 2862},
    {17, 29, 320, 1, 28, 62, 2942},
    {30, 26, 480, 2, 26, 98, 3004},
    {24, 24, 448, 2, 26, 72, 3102},
    {27, 26, 464, 2, 26, 88, 3174},
    {31, 22, 544, 2, 26, 86, 3262},
    {24, 23, 448, 2, 24, 69, 3348},
    {21, 30, 384, 2, 27, 79, 3417},
    {28, 28, 496, 1, 28, 98, 3496},
    {12, 31, 272, 2, 28, 47, 3594},
    {12, 29, 256, 2, 28, 44, 3641},
    {11, 29, 256, 3, 27, 40, 3685},
    {13, 9, 272, 2, 27, 15, 3725},
    {21, 4, 400, 2, 0, 11, 3740},
    {11, 11, 240, 1, 30, 16, 3751},
    {15, 17, 304, 1, 17, 32, 3767},
    {15, 25, 304, 1, 25, 47, 3799},
    {14, 15, 288, 2, 16, 27, 3846},
    {15, 25, 304, 1, 25, 47, 3873},
    {16, 16, 320, 2, 16, 32, 3920},
    {14, 31, 272, 2, 22, 55, 3952},
    {16, 30, 304, 1, 16, 60, 4007},
    {15, 28, 304, 1, 26, 53, 4067},
    {6, 21, 160, 2, 21, 16, 4120},
    {12, 38, 208, 0, 24, 57, 4136},
    {15, 28, 288, 2, 27, 53, 4193},
    {8, 28, 192, 2, 27, 28, 4246},
    {23, 16, 432, 1, 16, 46, 4274},
    {16, 16, 320, 2, 16, 32, 4320},
    {14, 14, 288, 2, 15, 25, 4352},
    {12, 29, 256, 2, 16, 44, 4377},
    {19, 25, 352, 2, 15, 60, 4421},
    {15, 17, 304, 2, 17, 32, 4481},
    {11, 21, 256, 3, 20, 29, 4513},
    {14, 28, 288, 2, 28, 49, 4542},
    {14, 16, 288, 2, 16, 28, 4591},
    {15, 17, 288, 2, 16, 32, 4619},
    {22, 15, 416, 2, 14, 42, 4651},
    {15, 14, 304, 1, 14, 27, 4693},
    {13, 30, 272, 2, 17, 49, 4720},
    {16, 14, 304, 1, 15, 28, 4769},
    {11, 39, 240, 1, 33, 54, 4797},
    {7, 36, 176, 1, 29, 32, 4851},
    {10, 41, 240, 2, 35, 52, 4883},
    {22, 7, 416, 2, 21, 20, 4935},
    {24, 36, 448, 2, 36, 108, 4955},
    {24, 34, 448, 2, 34, 102, 5063},
    {21, 34, 400, 2, 34, 90, 5165},
    {25, 35, 464, 2, 35, 110, 5255},
    {23, 33, 432, 1, 33, 95, 5365},
    {23, 35, 432, 1, 34, 101, 5460},
    {35, 29, 624, 1, 29, 127, 5561},
    {21, 38, 400, 2, 27, 100, 5688},
    {25, 36, 448, 2, 36, 113, 5788},
    {22, 36, 400, 2, 35, 99, 5901},
    {23, 33, 416, 2, 32, 95, 6000},
    {21, 33, 384, 2, 32, 87, 6095},
    {12, 36, 256, 2, 35, 54, 6182},
    {9, 33, 272, 7, 32, 38, 6236},
    {15, 34, 320, 2, 32, 64, 6274},
    {13, 29, 288, 3, 29, 48, 6338},
    {28, 26, 512, 2, 26, 91, 6386},
    {21, 37, 416, 2, 34, 98, 6477},
    {24, 31, 448, 2, 31, 93, 6575},
    {20, 33, 368, 1, 33, 83, 6668},
    {18, 33, 352, 2, 33, 75, 6751},
    {21, 32, 400, 2, 32, 84, 6826},
    {20, 28, 368, 1, 28, 70, 6910},
    {17, 30, 336, 2, 27, 64, 6980},
    {20, 29, 384, 2, 29, 73, 7044},
    {24, 29, 448, 2, 29, 87, 7117},
    {20, 34, 384, 2, 34, 85, 7204},
    {24, 30, 448, 2, 30, 90, 7289},
    {24, 38, 432, 1, 34, 114, 7379},
    {14, 33, 288, 2, 29, 58, 7493},
    {20, 27, 384, 2, 20, 68, 7551},
    {15, 29, 304, 1, 28, 55, 7619},
    {15, 27, 288, 1, 26, 51, 7674},
    {17, 27, 320, 2, 27, 58, 7725},
    {17, 25, 336, 2, 25, 54, 7783},
    {16, 22, 320, 2, 22, 44, 7837},
    {14, 28, 288, 2, 27, 49, 7881},
    {23, 17, 432, 1, 17, 49, 7930},
    {16, 27, 336, 3, 15, 54, 7979},
    {16, 25, 320, 2, 24, 50, 8033},
    {17, 25, 336, 2, 24, 54, 8083},
    {18, 24, 352, 2, 23, 54, 8137},
    {13, 24, 288, 2, 23, 39, 8191},
    {9, 23, 208, 2, 23, 26, 8230},
    {9, 25, 208, 2, 24, 29, 8256},
    {12, 22, 256, 2, 21, 33, 8285},
    {12, 20, 256, 2, 19, 30, 8318},
    {17, 26, 336, 2, 26, 56, 8348},
    {20, 22, 384, 2, 23, 55, 8404},
    {14, 23, 304, 1, 23, 41, 8459},
    {14, 22, 304, 1, 22, 39, 8500},
    {15, 21, 304, 1, 21, 40, 8539},
    {16, 22, 320, 2, 22, 44, 8579},
    {15, 20, 304, 1, 20, 38, 8623},
    {14, 18, 288, 2, 18, 32, 8661},
    {16, 28, 320, 2, 25, 56, 8693},
    {15, 22, 304, 1, 22, 42, 8749},
    {17, 26, 336, 2, 24, 56, 8791},
    {18, 23, 352, 2, 23, 52, 8847},
    {14, 26, 288, 2, 17, 46, 8899},
    {14, 27, 288, 2, 24, 48, 8945},
    {15, 25, 304, 1, 15, 47, 8993},
    {23, 36, 432, 1, 34, 104, 9040},
    {15, 26, 320, 2, 26, 49, 9144},
    {28, 26, 512, 2, 26, 91, 9193},
    {16, 28, 320, 2, 27, 56, 9284},
    {22, 31, 432, 1, 32, 86, 9340},
    {11, 27, 240, 1, 26, 38, 9426},
    {24, 31, 448, 2, 33, 93, 9464},
    {14, 22, 288, 2, 22, 39, 9557},
    {25, 26, 464, 2, 28, 82, 9596},
    {18, 17, 352, 2, 18, 39, 9678},
    {22, 27, 448, 2, 27, 75, 9717},
    {18, 20, 352, 2, 20, 45, 9792},
    {23, 34, 432, 0, 27, 98, 9837},
    {15, 24, 304, 1, 17, 45, 9935},
    {23, 35, 432, 0, 34, 101, 9980},
    {15, 26, 304, 1, 26, 49, 10081},
    {23, 40, 432, 0, 39, 115, 10130},
    {15, 31, 320, 2, 31, 59, 10245},
    {23, 37, 432, 0, 36, 107, 10304},
    {14, 31, 336, 4, 31, 55, 10411},
    {23, 42, 432, 1, 41, 121, 10466},
    {15, 32, 304, 1, 32, 60, 10587},
    {24, 39, 432, 0, 38, 117, 10647},
    {15, 31, 320, 2, 31, 59, 10764},
    {23, 41, 432, 0, 34, 118, 10823},
    {15, 33, 304, 1, 26, 62, 10941},
    {23, 40, 432, 0, 39, 115, 11003},
    {15, 33, 304, 1, 33, 62, 11118},
    {23, 39, 432, 0, 38, 113, 11180},
    {15, 32, 304, 1, 32, 60, 11293},
    {23, 38, 432, 0, 37, 110, 11353},
    {15, 32, 304, 1, 32, 60, 11463},
    {24, 40, 432, 0, 39, 120, 11523},
    {15, 31, 304, 1, 31, 59, 11643},
    {23, 40, 432, 0, 33, 115, 11702},
    {15, 34, 304, 1, 26, 64, 11817},
    {29, 35, 512, 2, 28, 127, 11881},
    {16, 23, 320, 2, 16, 46, 12008},
    {29, 35, 512, 2, 34, 127, 12054},
    {16, 26, 320, 2, 26, 52, 12181},
    {29, 34, 512, 2, 33, 124, 12233},
    {16, 25, 320, 2, 24, 50, 12357},
    {29, 39, 496, 1, 38, 142, 12407},
    {16, 30, 320, 2, 30, 60, 12549},
    {29, 40, 496, 1, 39, 145, 12609},
    {16, 29, 320, 2, 29, 58, 12754},
    {29, 43, 496, 0, 41, 156, 12812},
    {16, 32, 320, 2, 32, 64, 12968},
    {29, 42, 496, 0, 40, 153, 13032},
    {16, 32, 320, 2, 31, 64, 13185},
    {29, 41, 512, 2, 35, 149, 13249},
    {16, 33, 320, 2, 26, 66, 13398},
    {22, 33, 432, 1, 34, 91, 13464},
    {6, 30, 128, 2, 29, 23, 13555},
    {22, 33, 432, 1, 26, 91, 13578},
    {7, 28, 160, 2, 21, 25, 13669},
    {25, 32, 448, 2, 26, 100, 13694},
    {14, 21, 288, 2, 15, 37, 13794},
    {25, 33, 448, 2, 35, 104, 13831},
    {14, 24, 288, 2, 25, 42, 13935},
    {25, 37, 448, 2, 36, 116, 13977},
    {18, 23, 288, 2, 24, 52, 14093},
    {27, 38, 496, 1, 37, 129, 14145},
    {14, 28, 288, 2, 29, 49, 14274},
    {27, 41, 496, 1, 41, 139, 14323},
    {14, 31, 288, 2, 32, 55, 14462},
    {25, 37, 448, 2, 36, 116, 14517},
    {14, 28, 288, 2, 28, 49, 14633},
    {25, 39, 448, 2, 33, 122, 14682},
    {14, 30, 288, 2, 24, 53, 14804},
    {25, 33, 464, 2, 35, 104, 14857},
    {18, 24, 352, 2, 25, 54, 14961},
    {25, 33, 464, 2, 35, 104, 15015},
    {18, 24, 352, 2, 25, 54, 15119},
    {25, 33, 464, 2, 35, 104, 15173},
    {18, 25, 352, 2, 26, 57, 15277},
    {25, 31, 464, 2, 33, 97, 15334},
    {18, 23, 352, 2, 24, 52, 15431},
    {25, 34, 464, 2, 28, 107, 15483},
    {18, 25, 352, 2, 18, 57, 15590},
    {24, 32, 448, 2, 26, 96, 15647},
    {14, 23, 288, 2, 16, 41, 15743},
    {24, 28, 448, 2, 30, 84, 15784},
    {14, 24, 288, 2, 24, 42, 15868},
    {22, 35, 448, 2, 35, 97, 15910},
    {18, 28, 352, 2, 28, 63, 16007},
    {22, 29, 448, 2, 29, 80, 16070},
    {18, 26, 352, 2, 26, 59, 16150},
    {22, 29, 448, 2, 29, 80, 16209},
    {18, 26, 352, 2, 26, 59, 16289},
    {22, 28, 448, 2, 28, 77, 16348},
    {18, 23, 352, 2, 23, 52, 16425},
    {22, 34, 448, 2, 27, 94, 16477},
    {18, 27, 352, 2, 20, 61, 16571},
    {21, 34, 384, 2, 31, 90, 16632},
    {15, 31, 272, 1, 26, 59, 16722},
    {21, 38, 384, 3, 30, 100, 16781},
    {15, 26, 272, 1, 16, 49, 16881},
    {21, 33, 384, 2, 30, 87, 16930},
    {13, 38, 272, 2, 26, 62, 17017},
    {21, 35, 384, 2, 32, 92, 17079},
    {13, 36, 272, 2, 23, 59, 17171},
    {5, 12, 144, 2, 29, 8, 17230},
    {6, 13, 160, 2, 28, 10, 17238},
    {12, 14, 256, 2, 28, 21, 17248},
    {11, 14, 256, 3, 28, 20, 17269},
    {20, 4, 384, 2, 4, 10, 17289},
};

static const EpdUnicodeInterval ugly_38Intervals[] = {
    {0x20, 0x7E, 0},
    {0xC0, 0xD6, 95},
    {0xD8, 0xF6, 118},
    {0xF8, 0xFF, 149},
    {0x102, 0x103, 157},
    {0x110, 0x111, 159},
    {0x128, 0x129, 161},
    {0x168, 0x169, 163},
    {0x1A0, 0x1A1, 165},
    {0x1AF, 0x1B0, 167},
    {0x1EA0, 0x1EF9, 169},
    {0x2018, 0x2019, 259},
    {0x201C, 0x201D, 261},
    {0x2026, 0x2026, 263},
};

static const EpdFontData ugly_38 = {
    ugly_38Bitmaps, ugly_38Glyphs, ugly_38Intervals, 14, 50, 41, -14, false,
    nullptr, 0, nullptr,  // not compressed
    nullptr, nullptr, nullptr, nullptr, nullptr, nullptr,  // no kerning classes
    nullptr, nullptr, nullptr, nullptr,  // no kerning matrix
    0, 0, 0, 0, nullptr, 0,
};
