// Offline UI ink tuning: scripts/build_ui_ink.py; geometry preserved.
// Chinese UI charset SHA256: 2eecc720df79fa60ea7f57693fc6e5d26e0a0f2c34e6248b8f9fa9968b081531
// Noto Sans SC source SHA256: a3041811a78c361b1de50f953c805e0244951c21c5bd412f7232ef0d899af0da
/**
 * generated by fontconvert.py
 * name: bevietnampro_8_regular
 * size: 8
 * mode: 1-bit
 * Command used: /Users/tuan/Tenor/outputs/260920-v1.0.9-ui/source/lib/EpdFont/scripts/fontconvert.py bevietnampro_8_regular 8 ../builtinFonts/source/BeVietnamPro/BeVietnamPro-Regular.ttf ../builtinFonts/source/NotoSansHebrew/NotoSansHebrew-Regular.ttf ../builtinFonts/source/NotoSansArabic/NotoSansArabic-Regular.ttf /Users/tuan/Tenor/outputs/260921-v1.0.9-stable-work/resume-0921/wifi-inset/evidence/font-generation/generated-baseline/NotoSansSC-UI-400.ttf --additional-intervals 0x05D0,0x05EA --additional-intervals 0x060C,0x060C --additional-intervals 0x061B,0x061B --additional-intervals 0x061F,0x061F --additional-intervals 0x0621,0x0621 --additional-intervals 0x0640,0x0640 --additional-intervals 0x0654,0x0654 --additional-intervals 0x0660,0x0669 --additional-intervals 0x06BA,0x06BA --additional-intervals 0x06D4,0x06D4 --additional-intervals 0x06D5,0x06D5 --additional-intervals 0x06F0,0x06F9 --additional-intervals 0xFB56,0xFB59 --additional-intervals 0xFB66,0xFB69 --additional-intervals 0xFB7A,0xFB7D --additional-intervals 0xFB88,0xFB95 --additional-intervals 0xFB9E,0xFB9F --additional-intervals 0xFBA6,0xFBB1 --additional-intervals 0xFBFC,0xFBFF --additional-intervals 0xFE80,0xFEFC --additional-intervals 12289,12289 --additional-intervals 12290,12290 --additional-intervals 19968,19968 --additional-intervals 19978,19978 --additional-intervals 19979,19979 --additional-intervals 19981,19981 --additional-intervals 19982,19982 --additional-intervals 19988,19988 --additional-intervals 20002,20002 --additional-intervals 20004,20004 --additional-intervals 20010,20010 --additional-intervals 20013,20013 --additional-intervals 20018,20018 --additional-intervals 20026,20026 --additional-intervals 20027,20027 --additional-intervals 20041,20041 --additional-intervals 20043,20043 --additional-intervals 20064,20064 --additional-intervals 20070,20070 --additional-intervals 20108,20108 --additional-intervals 20110,20110 --additional-intervals 20114,20114 --additional-intervals 20132,20132 --additional-intervals 20142,20142 --additional-intervals 20154,20154 --additional-intervals 20165,20165 --additional-intervals 20170,20170 --additional-intervals 20174,20174 --additional-intervals 20182,20182 --additional-intervals 20197,20197 --additional-intervals 20214,20214 --additional-intervals 20219,20219 --additional-intervals 20241,20241 --additional-intervals 20256,20256 --additional-intervals 20272,20272 --additional-intervals 20301,20301 --additional-intervals 20307,20307 --additional-intervals 20313,20313 --additional-intervals 20316,20316 --additional-intervals 20320,20320 --additional-intervals 20351,20351 --additional-intervals 20379,20379 --additional-intervals 20391,20391 --additional-intervals 20415,20415 --additional-intervals 20445,20445 --additional-intervals 20449,20449 --additional-intervals 20462,20462 --additional-intervals 20498,20498 --additional-intervals 20540,20540 --additional-intervals 20542,20542 --additional-intervals 20559,20559 --additional-intervals 20648,20648 --additional-intervals 20803,20803 --additional-intervals 20808,20808 --additional-intervals 20809,20809 --additional-intervals 20837,20837 --additional-intervals 20840,20840 --additional-intervals 20845,20845 --additional-intervals 20851,20851 --additional-intervals 20854,20854 --additional-intervals 20855,20855 --additional-intervals 20856,20856 --additional-intervals 20869,20869 --additional-intervals 20876,20876 --additional-intervals 20877,20877 --additional-intervals 20889,20889 --additional-intervals 20934,20934 --additional-intervals 20945,20945 --additional-intervals 20986,20986 --additional-intervals 20998,20998 --additional-intervals 20999,20999 --additional-intervals 21015,21015 --additional-intervals 21019,21019 --additional-intervals 21021,21021 --additional-intervals 21024,21024 --additional-intervals 21040,21040 --additional-intervals 21046,21046 --additional-intervals 21047,21047 --additional-intervals 21069,21069 --additional-intervals 21097,21097 --additional-intervals 21098,21098 --additional-intervals 21151,21151 --additional-intervals 21152,21152 --additional-intervals 21153,21153 --additional-intervals 21160,21160 --additional-intervals 21247,21247 --additional-intervals 21253,21253 --additional-intervals 21305,21305 --additional-intervals 21306,21306 --additional-intervals 21333,21333 --additional-intervals 21344,21344 --additional-intervals 21345,21345 --additional-intervals 21363,21363 --additional-intervals 21387,21387 --additional-intervals 21407,21407 --additional-intervals 21453,21453 --additional-intervals 21457,21457 --additional-intervals 21462,21462 --additional-intervals 21475,21475 --additional-intervals 21487,21487 --additional-intervals 21491,21491 --additional-intervals 21495,21495 --additional-intervals 21508,21508 --additional-intervals 21516,21516 --additional-intervals 21517,21517 --additional-intervals 21518,21518 --additional-intervals 21521,21521 --additional-intervals 21542,21542 --additional-intervals 21547,21547 --additional-intervals 21551,21551 --additional-intervals 21578,21578 --additional-intervals 21608,21608 --additional-intervals 21629,21629 --additional-intervals 21644,21644 --additional-intervals 21704,21704 --additional-intervals 21796,21796 --additional-intervals 22120,22120 --additional-intervals 22235,22235 --additional-intervals 22238,22238 --additional-intervals 22240,22240 --additional-intervals 22260,22260 --additional-intervals 22266,22266 --additional-intervals 22270,22270 --additional-intervals 22278,22278 --additional-intervals 22312,22312 --additional-intervals 22320,22320 --additional-intervals 22336,22336 --additional-intervals 22343,22343 --additional-intervals 22402,22402 --additional-intervals 22522,22522 --additional-intervals 22686,22686 --additional-intervals 22791,22791 --additional-intervals 22797,22797 --additional-intervals 22810,22810 --additional-intervals 22812,22812 --additional-intervals 22823,22823 --additional-intervals 22825,22825 --additional-intervals 22833,22833 --additional-intervals 22836,22836 --additional-intervals 22841,22841 --additional-intervals 22987,22987 --additional-intervals 23383,23383 --additional-intervals 23384,23384 --additional-intervals 23433,23433 --additional-intervals 23436,23436 --additional-intervals 23450,23450 --additional-intervals 23478,23478 --additional-intervals 23481,23481 --additional-intervals 23485,23485 --additional-intervals 23494,23494 --additional-intervals 23545,23545 --additional-intervals 23553,23553 --additional-intervals 23558,23558 --additional-intervals 23567,23567 --additional-intervals 23569,23569 --additional-intervals 23578,23578 --additional-intervals 23601,23601 --additional-intervals 23616,23616 --additional-intervals 23621,23621 --additional-intervals 23631,23631 --additional-intervals 24037,24037 --additional-intervals 24038,24038 --additional-intervals 24050,24050 --additional-intervals 24067,24067 --additional-intervals 24076,24076 --additional-intervals 24102,24102 --additional-intervals 24149,24149 --additional-intervals 24179,24179 --additional-intervals 24182,24182 --additional-intervals 24207,24207 --additional-intervals 24212,24212 --additional-intervals 24213,24213 --additional-intervals 24230,24230 --additional-intervals 24314,24314 --additional-intervals 24320,24320 --additional-intervals 24335,24335 --additional-intervals 24341,24341 --additional-intervals 24377,24377 --additional-intervals 24403,24403 --additional-intervals 24405,24405 --additional-intervals 24471,24471 --additional-intervals 24536,24536 --additional-intervals 24555,24555 --additional-intervals 24573,24573 --additional-intervals 24577,24577 --additional-intervals 24674,24674 --additional-intervals 24687,24687 --additional-intervals 24773,24773 --additional-intervals 24815,24815 --additional-intervals 24847,24847 --additional-intervals 24930,24930 --additional-intervals 25104,25104 --additional-intervals 25110,25110 --additional-intervals 25130,25130 --additional-intervals 25143,25143 --additional-intervals 25152,25152 --additional-intervals 25163,25163 --additional-intervals 25171,25171 --additional-intervals 25195,25195 --additional-intervals 25214,25214 --additional-intervals 25239,25239 --additional-intervals 25253,25253 --additional-intervals 25300,25300 --additional-intervals 25321,25321 --additional-intervals 25345,25345 --additional-intervals 25351,25351 --additional-intervals 25353,25353 --additional-intervals 25381,25381 --additional-intervals 25442,25442 --additional-intervals 25454,25454 --additional-intervals 25490,25490 --additional-intervals 25509,25509 --additional-intervals 25511,25511 --additional-intervals 25512,25512 --additional-intervals 25551,25551 --additional-intervals 25552,25552 --additional-intervals 25554,25554 --additional-intervals 25628,25628 --additional-intervals 25688,25688 --additional-intervals 25805,25805 --additional-intervals 25910,25910 --additional-intervals 25913,25913 --additional-intervals 25918,25918 --additional-intervals 25928,25928 --additional-intervals 25968,25968 --additional-intervals 25972,25972 --additional-intervals 25991,25991 --additional-intervals 26012,26012 --additional-intervals 26029,26029 --additional-intervals 26032,26032 --additional-intervals 26041,26041 --additional-intervals 26080,26080 --additional-intervals 26085,26085 --additional-intervals 26089,26089 --additional-intervals 26102,26102 --additional-intervals 26126,26126 --additional-intervals 26159,26159 --additional-intervals 26174,26174 --additional-intervals 26224,26224 --additional-intervals 26234,26234 --additional-intervals 26242,26242 --additional-intervals 26356,26356 --additional-intervals 26368,26368 --additional-intervals 26377,26377 --additional-intervals 26381,26381 --additional-intervals 26399,26399 --additional-intervals 26410,26410 --additional-intervals 26411,26411 --additional-intervals 26412,26412 --additional-intervals 26426,26426 --additional-intervals 26465,26465 --additional-intervals 26469,26469 --additional-intervals 26494,26494 --additional-intervals 26512,26512 --additional-intervals 26524,26524 --additional-intervals 26597,26597 --additional-intervals 26631,26631 --additional-intervals 26639,26639 --additional-intervals 26679,26679 --additional-intervals 26681,26681 --additional-intervals 26684,26684 --additional-intervals 26694,26694 --additional-intervals 26723,26723 --additional-intervals 26816,26816 --additional-intervals 27169,27169 --additional-intervals 27178,27178 --additional-intervals 27425,27425 --additional-intervals 27491,27491 --additional-intervals 27492,27492 --additional-intervals 27493,27493 --additional-intervals 27573,27573 --additional-intervals 27599,27599 --additional-intervals 27604,27604 --additional-intervals 27700,27700 --additional-intervals 27785,27785 --additional-intervals 27809,27809 --additional-intervals 27861,27861 --additional-intervals 27880,27880 --additional-intervals 27963,27963 --additional-intervals 27973,27973 --additional-intervals 27983,27983 --additional-intervals 28040,28040 --additional-intervals 28145,28145 --additional-intervals 28155,28155 --additional-intervals 28165,28165 --additional-intervals 28176,28176 --additional-intervals 28201,28201 --additional-intervals 28304,28304 --additional-intervals 28369,28369 --additional-intervals 28388,28388 --additional-intervals 28783,28783 --additional-intervals 28857,28857 --additional-intervals 28909,28909 --additional-intervals 28982,28982 --additional-intervals 29255,29255 --additional-intervals 29256,29256 --additional-intervals 29273,29273 --additional-intervals 29366,29366 --additional-intervals 29483,29483 --additional-intervals 29575,29575 --additional-intervals 29616,29616 --additional-intervals 29702,29702 --additional-intervals 29992,29992 --additional-intervals 30005,30005 --additional-intervals 30011,30011 --additional-intervals 30028,30028 --additional-intervals 30041,30041 --additional-intervals 30053,30053 --additional-intervals 30331,30331 --additional-intervals 30334,30334 --additional-intervals 30340,30340 --additional-intervals 30424,30424 --additional-intervals 30446,30446 --additional-intervals 30452,30452 --additional-intervals 30475,30475 --additional-intervals 30496,30496 --additional-intervals 30528,30528 --additional-intervals 30561,30561 --additional-intervals 30701,30701 --additional-intervals 30721,30721 --additional-intervals 30830,30830 --additional-intervals 31034,31034 --additional-intervals 31105,31105 --additional-intervals 31186,31186 --additional-intervals 31216,31216 --additional-intervals 31227,31227 --additional-intervals 31243,31243 --additional-intervals 31354,31354 --additional-intervals 31435,31435 --additional-intervals 31446,31446 --additional-intervals 31456,31456 --additional-intervals 31471,31471 --additional-intervals 31526,31526 --additional-intervals 31532,31532 --additional-intervals 31614,31614 --additional-intervals 31616,31616 --additional-intervals 31639,31639 --additional-intervals 31649,31649 --additional-intervals 31661,31661 --additional-intervals 31821,31821 --additional-intervals 31895,31895 --additional-intervals 31995,31995 --additional-intervals 32034,32034 --additional-intervals 32039,32039 --additional-intervals 32447,32447 --additional-intervals 32454,32454 --additional-intervals 32456,32456 --additional-intervals 32467,32467 --additional-intervals 32476,32476 --additional-intervals 32479,32479 --additional-intervals 32487,32487 --additional-intervals 32490,32490 --additional-intervals 32493,32493 --additional-intervals 32500,32500 --additional-intervals 32531,32531 --additional-intervals 32534,32534 --additional-intervals 32541,32541 --additional-intervals 32553,32553 --additional-intervals 32593,32593 --additional-intervals 32622,32622 --additional-intervals 32763,32763 --additional-intervals 32773,32773 --additional-intervals 33021,33021 --additional-intervals 33041,33041 --additional-intervals 33050,33050 --additional-intervals 33258,33258 --additional-intervals 33267,33267 --additional-intervals 33394,33394 --additional-intervals 33410,33410 --additional-intervals 33509,33509 --additional-intervals 33521,33521 --additional-intervals 33539,33539 --additional-intervals 33616,33616 --additional-intervals 33719,33719 --additional-intervals 33756,33756 --additional-intervals 33853,33853 --additional-intervals 34013,34013 --additional-intervals 34255,34255 --additional-intervals 34892,34892 --additional-intervals 34920,34920 --additional-intervals 34987,34987 --additional-intervals 35009,35009 --additional-intervals 35013,35013 --additional-intervals 35114,35114 --additional-intervals 35201,35201 --additional-intervals 35265,35265 --additional-intervals 35272,35272 --additional-intervals 35299,35299 --additional-intervals 35302,35302 --additional-intervals 35328,35328 --additional-intervals 35745,35745 --additional-intervals 35748,35748 --additional-intervals 35758,35758 --additional-intervals 35760,35760 --additional-intervals 35774,35774 --additional-intervals 35777,35777 --additional-intervals 35789,35789 --additional-intervals 35797,35797 --additional-intervals 35810,35810 --additional-intervals 35814,35814 --additional-intervals 35821,35821 --additional-intervals 35823,35823 --additional-intervals 35828,35828 --additional-intervals 35831,35831 --additional-intervals 35835,35835 --additional-intervals 35843,35843 --additional-intervals 36133,36133 --additional-intervals 36134,36134 --additional-intervals 36215,36215 --additional-intervals 36229,36229 --additional-intervals 36275,36275 --additional-intervals 36291,36291 --additional-intervals 36305,36305 --additional-intervals 36317,36317 --additional-intervals 36319,36319 --additional-intervals 36339,36339 --additional-intervals 36716,36716 --additional-intervals 36731,36731 --additional-intervals 36733,36733 --additional-intervals 36739,36739 --additional-intervals 36755,36755 --additional-intervals 36793,36793 --additional-intervals 36798,36798 --additional-intervals 36807,36807 --additional-intervals 36817,36817 --additional-intervals 36820,36820 --additional-intervals 36824,36824 --additional-intervals 36825,36825 --additional-intervals 36827,36827 --additional-intervals 36828,36828 --additional-intervals 36830,36830 --additional-intervals 36864,36864 --additional-intervals 36865,36865 --additional-intervals 36866,36866 --additional-intervals 36870,36870 --additional-intervals 36873,36873 --additional-intervals 36879,36879 --additional-intervals 36890,36890 --additional-intervals 36895,36895 --additional-intervals 37096,37096 --additional-intervals 37117,37117 --additional-intervals 37197,37197 --additional-intervals 37266,37266 --additional-intervals 37322,37322 --additional-intervals 37325,37325 --additional-intervals 37327,37327 --additional-intervals 38024,38024 --additional-intervals 38047,38047 --additional-intervals 38142,38142 --additional-intervals 38169,38169 --additional-intervals 38190,38190 --additional-intervals 38191,38191 --additional-intervals 38236,38236 --additional-intervals 38271,38271 --additional-intervals 38381,38381 --additional-intervals 38382,38382 --additional-intervals 38388,38388 --additional-intervals 38405,38405 --additional-intervals 38451,38451 --additional-intervals 38468,38468 --additional-intervals 38500,38500 --additional-intervals 38543,38543 --additional-intervals 38544,38544 --additional-intervals 38656,38656 --additional-intervals 38754,38754 --additional-intervals 39029,39029 --additional-intervals 39030,39030 --additional-intervals 39033,39033 --additional-intervals 39034,39034 --additional-intervals 39044,39044 --additional-intervals 39057,39057 --additional-intervals 39064,39064 --additional-intervals 39304,39304 --additional-intervals 39318,39318 --additional-intervals 39564,39564 --additional-intervals 40479,40479 --additional-intervals 40560,40560 --additional-intervals 40664,40664 --additional-intervals 40784,40784 --additional-intervals 40831,40831 --additional-intervals 65281,65281 --additional-intervals 65288,65288 --additional-intervals 65289,65289 --additional-intervals 65292,65292 --additional-intervals 65306,65306 --additional-intervals 65311,65311
 */
#pragma once
#include "builtin_font_metadata.h"
#include "EpdFontData.h"

static const uint8_t bevietnampro_8_regularBitmaps[26451] = {
    0xFF, 0xFD, 0xB6, 0xC3, 0xF0, 0xFF, 0xBC, 0x06, 0x60, 0x33, 0x03, 0x98, 0x7F, 0xF7, 0xFF, 0x86,
    0x60, 0x73, 0x0F, 0xFE, 0x7F, 0xF0, 0xCE, 0x06, 0x60, 0x73, 0x00, 0x06, 0x00, 0xC0, 0xFE, 0x3F,
    0xE7, 0x7C, 0xCD, 0x9D, 0x81, 0xF8, 0x1F, 0xC0, 0xF9, 0x9B, 0x33, 0x67, 0x7C, 0x7F, 0x07, 0xC0,
    0x30, 0xF8, 0xE7, 0xE6, 0x37, 0x71, 0xF7, 0x07, 0x30, 0x03, 0x80, 0x18, 0x01, 0xDE, 0x0D, 0xF8,
    0xEC, 0xCE, 0x6E, 0x61, 0xE0, 0x3E, 0x0F, 0xC1, 0x9C, 0x33, 0x03, 0xE0, 0xF9, 0xBF, 0x36, 0x76,
    0xC7, 0xDC, 0x73, 0xFF, 0x3F, 0x70, 0xFC, 0x00, 0x1C, 0x79, 0xC3, 0x8E, 0x1C, 0x30, 0x60, 0xC1,
    0x83, 0x06, 0x0E, 0x0C, 0x1C, 0x1E, 0x1C, 0x08, 0x01, 0xC3, 0xE1, 0xC1, 0xC3, 0x83, 0x87, 0x0E,
    0x1C, 0x38, 0x70, 0xE1, 0x87, 0x1E, 0x79, 0xE3, 0x00, 0x18, 0x58, 0xFF, 0x7F, 0x3C, 0x7E, 0x26,
    0x30, 0x63, 0xFF, 0xE3, 0x06, 0x00, 0xFD, 0xE0, 0x01, 0xFF, 0xF8, 0x1F, 0x80, 0x03, 0x01, 0x81,
    0xC0, 0xC0, 0x60, 0x70, 0x30, 0x18, 0x1C, 0x0C, 0x06, 0x07, 0x03, 0x01, 0x81, 0xC0, 0xC0, 0xE0,
    0x00, 0x1F, 0x07, 0xF1, 0xC7, 0x38, 0x76, 0x0E, 0xC1, 0xD8, 0x3B, 0x07, 0x70, 0xEE, 0x38, 0xFF,
    0x0F, 0x80, 0x1B, 0xFE, 0x31, 0x8C, 0x63, 0x18, 0xC6, 0x30, 0x3E, 0x3F, 0xB8, 0xF8, 0x70, 0x38,
    0x1C, 0x1C, 0x1C, 0x3C, 0x3C, 0x3F, 0xFF, 0xF0, 0x3E, 0x3F, 0xF8, 0xFC, 0x30, 0x38, 0xF8, 0x7E,
    0x07, 0xC1, 0xF1, 0xDF, 0xE7, 0xE0, 0x03, 0x80, 0xF0, 0x3E, 0x06, 0xC1, 0xD8, 0x73, 0x1C, 0x63,
    0xFE, 0x7F, 0xEF, 0xFC, 0x06, 0x00, 0xC0, 0x7F, 0x9F, 0xC6, 0x01, 0x80, 0xFF, 0x3F, 0xEE, 0x18,
    0x06, 0xC1, 0xB8, 0xEF, 0xF9, 0xFC, 0x1F, 0x8F, 0xE7, 0x01, 0x80, 0xFF, 0x3F, 0xEE, 0x1B, 0x87,
    0xE1, 0xD8, 0x67, 0xF8, 0xFC, 0x7F, 0xDF, 0xF0, 0x38, 0x0C, 0x07, 0x01, 0x80, 0xC0, 0x30, 0x1C,
    0x06, 0x01, 0x80, 0x60, 0x7E, 0x7F, 0xB8, 0xF8, 0x7F, 0xF3, 0xFB, 0xFD, 0x87, 0xC1, 0xE1, 0xFF,
    0xCF, 0xC0, 0x3F, 0x1F, 0xEE, 0x3B, 0x87, 0xE1, 0xFD, 0xF7, 0xFC, 0xF7, 0x03, 0x81, 0xE7, 0xF1,
    0xF8, 0xFC, 0x00, 0x07, 0xE0, 0xFC, 0x00, 0x1F, 0x6F, 0x00, 0x00, 0x0F, 0x3E, 0xF8, 0xF0, 0x7C,
    0x1E, 0x07, 0x00, 0x7F, 0xFF, 0xC0, 0x00, 0x07, 0xFF, 0xFC, 0x80, 0xE0, 0xF8, 0x1E, 0x0F, 0x3E,
    0xF0, 0xC0, 0x3F, 0x3F, 0xDC, 0xEC, 0x30, 0x38, 0x3C, 0x3C, 0x1C, 0x0C, 0x00, 0x07, 0x01, 0x80,
    0x07, 0xF8, 0x0F, 0xFE, 0x0F, 0x03, 0x86, 0x7E, 0xE7, 0x7F, 0x33, 0x73, 0x99, 0xB8, 0xCE, 0xDC,
    0x66, 0x67, 0xFF, 0x33, 0xEF, 0x9C, 0x63, 0x07, 0x00, 0x01, 0xFF, 0x80, 0x7F, 0xC0, 0x07, 0x80,
    0x07, 0x00, 0xF0, 0x0F, 0x80, 0xF8, 0x1D, 0x81, 0x9C, 0x38, 0xC3, 0xFC, 0x3F, 0xE7, 0xFE, 0x70,
    0x76, 0x07, 0xFF, 0x3F, 0xEE, 0x1B, 0x86, 0xE3, 0xBF, 0xCF, 0xFB, 0x87, 0xE1, 0xF8, 0x7F, 0xFB,
    0xFC, 0x0F, 0xC1, 0xFF, 0x0E, 0x1C, 0xE0, 0x76, 0x00, 0x30, 0x01, 0x80, 0x0C, 0x00, 0x70, 0x31,
    0xC3, 0x8F, 0xF8, 0x1F, 0x80, 0xFF, 0x1F, 0xF3, 0x87, 0x70, 0x6E, 0x0F, 0xC1, 0xF8, 0x3F, 0x07,
    0xE0, 0xDC, 0x3B, 0xFE, 0x7F, 0x80, 0xFF, 0xFF, 0xF8, 0x1C, 0x0E, 0x07, 0xFB, 0xFD, 0xC0, 0xE0,
    0x70, 0x3F, 0xFF, 0xF0, 0xFF, 0xFF, 0xF8, 0x1C, 0x0E, 0x07, 0xFB, 0xFD, 0xC0, 0xE0, 0x70, 0x38,
    0x1C, 0x00, 0x0F, 0xC1, 0xFF, 0x0E, 0x1C, 0xE0, 0x76, 0x00, 0x30, 0x01, 0x87, 0xEC, 0x3F, 0x70,
    0x39, 0xC3, 0x8F, 0xF8, 0x1F, 0x80, 0xE0, 0xF8, 0x3E, 0x0F, 0x83, 0xE0, 0xFF, 0xFF, 0xFF, 0x83,
    0xE0, 0xF8, 0x3E, 0x0F, 0x83, 0xDB, 0x6D, 0xB6, 0xDB, 0x60, 0x0E, 0x1C, 0x38, 0x70, 0xE1, 0xC3,
    0x87, 0x0E, 0x1F, 0xF7, 0xC0, 0xC3, 0xF1, 0xEC, 0xF3, 0x78, 0xFC, 0x3E, 0x0F, 0x83, 0x70, 0xCE,
    0x31, 0xCC, 0x3B, 0x07, 0xC0, 0x60, 0x30, 0x18, 0x0C, 0x06, 0x03, 0x01, 0x80, 0xC0, 0x60, 0x3F,
    0xFF, 0xF0, 0xE0, 0x7F, 0x83, 0xFC, 0x3F, 0xF1, 0xFF, 0x9F, 0xFE, 0xDF, 0xBE, 0xFD, 0xE7, 0xE7,
    0x3F, 0x01, 0xF8, 0x0F, 0xC0, 0x70, 0xE0, 0xDC, 0x1B, 0xC3, 0x7C, 0x6D, 0xCD, 0xB9, 0xB3, 0xB6,
    0x3E, 0xC3, 0xD8, 0x7B, 0x07, 0x60, 0x60, 0x0F, 0xC0, 0xFF, 0xC3, 0x87, 0x9C, 0x0E, 0x70, 0x19,
    0x80, 0x76, 0x01, 0xDC, 0x06, 0x70, 0x38, 0xE1, 0xE3, 0xFF, 0x03, 0xF0, 0xFF, 0x3F, 0xEC, 0x1B,
    0x07, 0xC1, 0xB9, 0xEF, 0xF3, 0xF0, 0xC0, 0x30, 0x0C, 0x03, 0x00, 0x0F, 0xC0, 0xFF, 0xC3, 0x87,
    0x1C, 0x0E, 0x60, 0x19, 0x80, 0x66, 0x01, 0x98, 0x66, 0x71, 0xF8, 0xE3, 0xC3, 0xFF, 0x03, 0xFE,
    0xFF, 0x3F, 0xEC, 0x3B, 0x06, 0xC1, 0xB9, 0xEF, 0xF3, 0xF8, 0xC6, 0x31, 0xCC, 0x3B, 0x06, 0x3F,
    0x1F, 0xE6, 0x1D, 0x83, 0x78, 0x0F, 0xC0, 0xFC, 0x07, 0x60, 0xDC, 0x37, 0xFC, 0xFE, 0xFF, 0xEF,
    0xFC, 0x38, 0x07, 0x00, 0xE0, 0x1C, 0x03, 0x80, 0x70, 0x0E, 0x01, 0xC0, 0x38, 0x07, 0x00, 0xE0,
    0xF8, 0x3E, 0x0F, 0x83, 0xE0, 0xF8, 0x3E, 0x0F, 0x83, 0xE0, 0xF8, 0x77, 0xF8, 0xFC, 0xE0, 0x76,
    0x06, 0x70, 0x67, 0x0E, 0x30, 0xC3, 0x9C, 0x19, 0xC1, 0x98, 0x1F, 0x80, 0xF8, 0x0F, 0x00, 0xF0,
    0xE1, 0xC3, 0xB0, 0xE1, 0xDC, 0x78, 0xCE, 0x7C, 0x63, 0x3E, 0x71, 0x9B, 0xB8, 0xED, 0xD8, 0x7E,
    0x7C, 0x1F, 0x3E, 0x0F, 0x1E, 0x07, 0x8F, 0x03, 0xC3, 0x80, 0x70, 0x73, 0x0E, 0x39, 0xC1, 0xDC,
    0x0F, 0x80, 0xF0, 0x0F, 0x00, 0xF8, 0x1D, 0xC3, 0x9C, 0x30, 0xE7, 0x07, 0xE0, 0xEE, 0x1D, 0xC7,
    0x1C, 0xE1, 0xB8, 0x3E, 0x03, 0xC0, 0x70, 0x0E, 0x01, 0xC0, 0x38, 0x07, 0x00, 0xFF, 0xFF, 0xE0,
    0x38, 0x1C, 0x0E, 0x07, 0x01, 0xC0, 0xE0, 0x70, 0x38, 0x0F, 0xFB, 0xFF, 0x03, 0xFF, 0xB0, 0xC3,
    0x0C, 0x30, 0xC3, 0x0C, 0x30, 0xC3, 0x0C, 0x30, 0xFF, 0xF0, 0xC0, 0xC0, 0xE0, 0x60, 0x60, 0x30,
    0x30, 0x38, 0x18, 0x18, 0x1C, 0x0C, 0x0C, 0x0E, 0x06, 0x06, 0x07, 0x03, 0xFF, 0xC7, 0x1C, 0x71,
    0xC7, 0x1C, 0x71, 0xC7, 0x1C, 0x71, 0xC7, 0xFF, 0xF0, 0x71, 0xED, 0xC0, 0x00, 0xFF, 0xFF, 0xE6,
    0x70, 0x3D, 0xBF, 0xF8, 0xF8, 0x7C, 0x1E, 0x1F, 0x8E, 0xFF, 0x3D, 0x80, 0xE0, 0x38, 0x0E, 0x03,
    0x80, 0xFF, 0x3F, 0xEE, 0x3B, 0x86, 0xE1, 0xB8, 0x6E, 0x3B, 0xFE, 0xFF, 0x00, 0x3E, 0x3F, 0xB8,
    0xF8, 0x2C, 0x06, 0x0B, 0x8E, 0xFE, 0x3E, 0x00, 0x01, 0x80, 0xC0, 0x60, 0x33, 0xDB, 0xFF, 0x8F,
    0x87, 0xC1, 0xE1, 0xF8, 0xEF, 0xF3, 0xD8, 0x3E, 0x3F, 0xB8, 0xD8, 0x6F, 0xFF, 0xFB, 0x8C, 0xFE,
    0x3E, 0x00, 0x1C, 0x78, 0xE1, 0x8F, 0xCF, 0x8C, 0x18, 0x30, 0x60, 0xC1, 0x83, 0x00, 0x7F, 0xBF,
    0xF8, 0xF8, 0x7C, 0x1E, 0x1F, 0x8E, 0xFF, 0x3F, 0xF1, 0xFF, 0xEF, 0xE0, 0xC0, 0xC0, 0xC0, 0xC0,
    0xFE, 0xFF, 0xE7, 0xE3, 0xC3, 0xC3, 0xC3, 0xC3, 0xC3, 0xFC, 0x0D, 0xB6, 0xDB, 0x6C, 0x39, 0xC0,
    0x03, 0x9C, 0xE7, 0x39, 0xCE, 0x73, 0x9F, 0xDE, 0xC0, 0xC0, 0xC0, 0xC0, 0xC7, 0xCE, 0xFC, 0xF8,
    0xF8, 0xF8, 0xDC, 0xCE, 0xC7, 0xFF, 0xFF, 0xFF, 0xC0, 0xFE, 0xF7, 0xFF, 0xF9, 0xCF, 0xCE, 0x3C,
    0x71, 0xE3, 0x8F, 0x1C, 0x78, 0xE3, 0xC7, 0x18, 0xDE, 0xFF, 0xE7, 0xC7, 0xC7, 0xC7, 0xC7, 0xC7,
    0xC7, 0x3E, 0x3F, 0xB8, 0xF8, 0x3C, 0x1E, 0x0F, 0x8E, 0xFE, 0x3E, 0x00, 0xFF, 0x3F, 0xEE, 0x3B,
    0x86, 0xE1, 0xB8, 0x6E, 0x3B, 0xFE, 0xFF, 0x38, 0x0E, 0x03, 0x80, 0x3D, 0xBF, 0xF8, 0xF8, 0x7C,
    0x1E, 0x1F, 0x8E, 0xFF, 0x3D, 0x80, 0xC0, 0x60, 0x30, 0xFF, 0xEE, 0x30, 0xC3, 0x0C, 0x30, 0xC0,
    0x3E, 0x7F, 0x63, 0x78, 0x3E, 0x07, 0x63, 0x7F, 0x3E, 0x30, 0x63, 0xFF, 0xE3, 0x06, 0x0C, 0x18,
    0x30, 0x7C, 0x78, 0xC7, 0xC7, 0xC7, 0xC7, 0xC7, 0xC7, 0xE7, 0xFF, 0x7F, 0xE1, 0x98, 0x67, 0x38,
    0xCC, 0x37, 0x0F, 0xC1, 0xE0, 0x78, 0x1C, 0x00, 0xE3, 0x8C, 0xC7, 0x19, 0x9E, 0x73, 0xBE, 0xC3,
    0x6D, 0x87, 0xDF, 0x0F, 0xBE, 0x0E, 0x38, 0x1C, 0x70, 0x63, 0xB9, 0x8F, 0xC3, 0xC1, 0xE0, 0xF0,
    0xFC, 0xE6, 0x63, 0x80, 0x61, 0xD8, 0x67, 0x38, 0xCC, 0x3B, 0x0F, 0xC1, 0xE0, 0x78, 0x0C, 0x07,
    0x07, 0x83, 0xC0, 0x7F, 0x7F, 0x07, 0x0E, 0x1C, 0x38, 0x70, 0x7F, 0xFF, 0x00, 0x7C, 0xF9, 0x83,
    0x06, 0x0C, 0x18, 0x71, 0xE3, 0xC1, 0x83, 0x06, 0x0C, 0x18, 0x3E, 0x3C, 0xFF, 0xFF, 0xFF, 0xFF,
    0xFF, 0xFF, 0xFF, 0xF0, 0x01, 0xF1, 0xE0, 0xC1, 0x83, 0x06, 0x0C, 0x1C, 0x1C, 0x78, 0xC1, 0x83,
    0x06, 0x0C, 0x79, 0xF0, 0xFF, 0xF0, 0x00, 0xFC, 0x6D, 0xB6, 0xFF, 0xF0, 0x1C, 0x1F, 0x1F, 0xDF,
    0xED, 0xFE, 0xE3, 0x71, 0xBF, 0xFF, 0x3F, 0x8F, 0x83, 0x80, 0x1F, 0x8F, 0xE7, 0x01, 0xC0, 0x70,
    0x0E, 0x07, 0xF1, 0xFC, 0x18, 0x06, 0x07, 0xFD, 0xFF, 0x40, 0x9F, 0xE3, 0xF9, 0x86, 0x61, 0x98,
    0x63, 0xF9, 0xFE, 0x6C, 0x80, 0xE0, 0xEC, 0x19, 0xC7, 0x1C, 0xC1, 0xB8, 0x3E, 0x1F, 0xF3, 0xFE,
    0x7F, 0xCF, 0xF8, 0x38, 0x07, 0x00, 0xFF, 0xFF, 0xFF, 0xE0, 0x0F, 0xFF, 0xFF, 0xF0, 0x00, 0x03,
    0xF0, 0xFF, 0x38, 0x67, 0x0C, 0xE0, 0x0F, 0x81, 0xFE, 0x73, 0xEC, 0x0D, 0x81, 0xBE, 0x73, 0xFC,
    0x0F, 0x80, 0x3B, 0x07, 0x70, 0xE7, 0xF8, 0x7F, 0x03, 0x00, 0x03, 0xBE, 0xC0, 0x00, 0x00, 0x3F,
    0x83, 0xFF, 0x0C, 0x0C, 0x67, 0xD9, 0xBF, 0x67, 0xC7, 0x9E, 0x02, 0x7C, 0x79, 0xBF, 0x67, 0xFF,
    0x8F, 0xFC, 0x1F, 0xE0, 0x0C, 0x00, 0x07, 0xFE, 0xFF, 0xFF, 0xE0, 0x1D, 0xC7, 0x71, 0xDC, 0x33,
    0x07, 0x70, 0x77, 0x07, 0x70, 0xFF, 0xFF, 0xC0, 0x60, 0x30, 0x18, 0x01, 0xFF, 0xF8, 0x00, 0xF9,
    0xFF, 0xDF, 0xAF, 0xDF, 0x0C, 0x03, 0xFF, 0xC0, 0x00, 0xF3, 0xF6, 0x6C, 0xDF, 0x9E, 0x18, 0x38,
    0x70, 0xE7, 0xFF, 0xE7, 0x00, 0x7F, 0xFE, 0x7B, 0xFD, 0xC6, 0x73, 0xFF, 0xC0, 0x7B, 0xFD, 0xCE,
    0x3F, 0xF7, 0x80, 0x37, 0x60, 0xE3, 0x9C, 0x73, 0x8E, 0x71, 0xCE, 0x39, 0xC7, 0x38, 0xE7, 0xFE,
    0xFD, 0xDC, 0x03, 0x80, 0x70, 0x00, 0x00, 0x7F, 0xFF, 0xFF, 0xFF, 0xFF, 0xFF, 0x3F, 0x0F, 0x0F,
    0x0F, 0x0F, 0x0F, 0x1F, 0x80, 0x0C, 0xFF, 0xFC, 0x3F, 0x73, 0x33, 0x30, 0x01, 0xEF, 0xF3, 0xCF,
    0xF7, 0x80, 0x77, 0x07, 0x70, 0x77, 0x06, 0x71, 0xDC, 0x77, 0x1D, 0xC0, 0xE0, 0x61, 0xC1, 0xC1,
    0x83, 0x03, 0x0E, 0x06, 0x38, 0x0C, 0x60, 0x01, 0xC7, 0x03, 0x1E, 0x0E, 0x3C, 0x18, 0xD8, 0x61,
    0xF9, 0xC3, 0xE1, 0x00, 0x80, 0x20, 0x01, 0xC0, 0xC3, 0x83, 0x03, 0x0E, 0x06, 0x18, 0x0C, 0x70,
    0x00, 0xCF, 0x03, 0x1F, 0x0E, 0x3E, 0x18, 0x38, 0x60, 0xE1, 0xC1, 0xF3, 0x03, 0xE0, 0x78, 0x38,
    0x78, 0x30, 0x58, 0x60, 0x38, 0xE0, 0xFC, 0xC0, 0x79, 0xC0, 0x01, 0x8E, 0x03, 0x0E, 0x07, 0x1E,
    0x06, 0x3E, 0x0E, 0x3F, 0x0C, 0x1E, 0x08, 0x00, 0x0C, 0x06, 0x00, 0x01, 0x80, 0xC0, 0xE0, 0xE0,
    0xE0, 0x61, 0xB0, 0xDF, 0xE7, 0xE0, 0xC0, 0x0C, 0x00, 0xC0, 0x06, 0x00, 0x60, 0x00, 0x00, 0x70,
    0x0F, 0x00, 0xF8, 0x0F, 0x81, 0xD8, 0x19, 0xC3, 0x8C, 0x3F, 0xC3, 0xFE, 0x7F, 0xE7, 0x07, 0x60,
    0x70, 0x01, 0x80, 0x38, 0x03, 0x00, 0x60, 0x00, 0x00, 0x70, 0x0F, 0x00, 0xF8, 0x0F, 0x81, 0xD8,
    0x19, 0xC3, 0x8C, 0x3F, 0xC3, 0xFE, 0x7F, 0xE7, 0x07, 0x60, 0x70, 0x07, 0x00, 0xF8, 0x19, 0x80,
    0x00, 0x07, 0x00, 0xF0, 0x0F, 0x80, 0xF8, 0x1D, 0x81, 0x9C, 0x38, 0xC3, 0xFC, 0x3F, 0xE7, 0xFE,
    0x70, 0x76, 0x07, 0x0F, 0x81, 0xF8, 0x01, 0x00, 0x00, 0x07, 0x00, 0xF0, 0x0F, 0x80, 0xF8, 0x1D,
    0x81, 0x9C, 0x38, 0xC3, 0xFC, 0x3F, 0xE7, 0xFE, 0x70, 0x76, 0x07, 0x1D, 0x81, 0xD8, 0x00, 0x00,
    0x00, 0x07, 0x00, 0xF0, 0x0F, 0x80, 0xF8, 0x1D, 0x81, 0x9C, 0x38, 0xC3, 0xFC, 0x3F, 0xE7, 0xFE,
    0x70, 0x76, 0x07, 0x00, 0x00, 0xF0, 0x0F, 0x80, 0xF8, 0x0F, 0x00, 0x60, 0x00, 0x00, 0x70, 0x0F,
    0x00, 0xF8, 0x0F, 0x81, 0xD8, 0x19, 0xC3, 0x8C, 0x3F, 0xC3, 0xFE, 0x7F, 0xE7, 0x07, 0x60, 0x70,
    0x01, 0xFF, 0x81, 0xFF, 0x81, 0xF0, 0x00, 0xF8, 0x00, 0xEC, 0x00, 0x77, 0xF8, 0x73, 0xF8, 0x39,
    0x80, 0x3F, 0xC0, 0x1F, 0xE0, 0x1C, 0x3F, 0xCC, 0x1F, 0xF0, 0x0F, 0xC1, 0xFF, 0x0E, 0x1C, 0xE0,
    0x66, 0x00, 0x30, 0x01, 0x80, 0x0C, 0x00, 0x70, 0x31, 0xC3, 0x8F, 0xF8, 0x1F, 0x80, 0x30, 0x03,
    0xC0, 0x1E, 0x00, 0xF0, 0x03, 0x00, 0x30, 0x0C, 0x06, 0x01, 0x80, 0x07, 0xFF, 0xFF, 0xC0, 0xE0,
    0x70, 0x3F, 0xDF, 0xEE, 0x07, 0x03, 0x81, 0xFF, 0xFF, 0x80, 0x06, 0x03, 0x03, 0x01, 0x80, 0x07,
    0xFF, 0xFF, 0xC0, 0xE0, 0x70, 0x3F, 0xDF, 0xEE, 0x07, 0x03, 0x81, 0xFF, 0xFF, 0x80, 0x1C, 0x1F,
    0x0D, 0xC0, 0x0F, 0xFF, 0xFF, 0x81, 0xC0, 0xE0, 0x7F, 0xBF, 0xDC, 0x0E, 0x07, 0x03, 0xFF, 0xFF,
    0x37, 0x1B, 0x80, 0x00, 0x0F, 0xFF, 0xFF, 0x81, 0xC0, 0xE0, 0x7F, 0xBF, 0xDC, 0x0E, 0x07, 0x03,
    0xFF, 0xFF, 0xCE, 0x66, 0x07, 0x77, 0x77, 0x77, 0x77, 0x77, 0x70, 0x37, 0x64, 0x0E, 0xEE, 0xEE,
    0xEE, 0xEE, 0xEE, 0xE0, 0x38, 0xF1, 0xB7, 0x60, 0x07, 0x0E, 0x1C, 0x38, 0x70, 0xE1, 0xC3, 0x87,
    0x0E, 0x1C, 0x38, 0xEF, 0xDC, 0x00, 0x03, 0x87, 0x0E, 0x1C, 0x38, 0x70, 0xE1, 0xC3, 0x87, 0x0E,
    0x1C, 0x3F, 0xC1, 0xFF, 0x0C, 0x3C, 0x60, 0x63, 0x03, 0xFF, 0x1F, 0xF8, 0xE6, 0x07, 0x30, 0x31,
    0x87, 0x8F, 0xF8, 0x7F, 0x80, 0x1F, 0x07, 0xE0, 0x48, 0x00, 0x0E, 0x0F, 0xE1, 0xFC, 0x3F, 0xC7,
    0xFC, 0xFF, 0xDF, 0xBB, 0xF3, 0xFE, 0x3F, 0xC7, 0xF8, 0x7F, 0x07, 0x0E, 0x00, 0x18, 0x00, 0x30,
    0x00, 0x00, 0x00, 0x00, 0x3F, 0x03, 0xFF, 0x0E, 0x1C, 0x70, 0x39, 0x80, 0x66, 0x01, 0x98, 0x06,
    0x60, 0x19, 0xC0, 0xE3, 0x87, 0x0F, 0xFC, 0x0F, 0xC0, 0x01, 0xC0, 0x06, 0x00, 0x38, 0x00, 0x00,
    0x00, 0x00, 0x3F, 0x03, 0xFF, 0x0E, 0x1E, 0x70, 0x39, 0xC0, 0x66, 0x01, 0xD8, 0x07, 0x70, 0x19,
    0xC0, 0xE3, 0x87, 0x8F, 0xFC, 0x0F, 0xC0, 0x03, 0x00, 0x1E, 0x00, 0xFC, 0x00, 0x00, 0x00, 0x00,
    0x3F, 0x03, 0xFF, 0x0E, 0x1E, 0x70, 0x39, 0xC0, 0x66, 0x01, 0xD8, 0x07, 0x70, 0x19, 0xC0, 0xE3,
    0x87, 0x8F, 0xFC, 0x0F, 0xC0, 0x0F, 0xC0, 0x3F, 0x00, 0x88, 0x00, 0x00, 0x0F, 0xC0, 0xFF, 0xC3,
    0x87, 0x9C, 0x0E, 0x70, 0x19, 0x80, 0x76, 0x01, 0xDC, 0x06, 0x70, 0x38, 0xE1, 0xE3, 0xFF, 0x03,
    0xF0, 0x00, 0x00, 0x3F, 0x00, 0xFC, 0x00, 0x00, 0x00, 0x00, 0x3F, 0x03, 0xFF, 0x0E, 0x1E, 0x70,
    0x39, 0xC0, 0x66, 0x01, 0xD8, 0x07, 0x70, 0x19, 0xC0, 0xE3, 0x87, 0x8F, 0xFC, 0x0F, 0xC0, 0x43,
    0xBF, 0xDE, 0x7F, 0xFC, 0xC0, 0x0F, 0xF0, 0xFF, 0xC3, 0x8F, 0x9C, 0x7E, 0x71, 0xD9, 0x8E, 0x76,
    0x71, 0xDD, 0x86, 0x7E, 0x38, 0xF1, 0xE3, 0xFF, 0x0F, 0xF0, 0x18, 0x03, 0x80, 0x30, 0x00, 0x00,
    0x01, 0xC1, 0xF8, 0x3F, 0x07, 0xE0, 0xFC, 0x1F, 0x83, 0xF0, 0x7E, 0x0F, 0xC1, 0x9C, 0x73, 0xFE,
    0x3F, 0x00, 0x07, 0x00, 0xC0, 0x38, 0x00, 0x00, 0x01, 0xC1, 0xF8, 0x3F, 0x07, 0xE0, 0xFC, 0x1F,
    0x83, 0xF0, 0x7E, 0x0F, 0xC1, 0x9C, 0x73, 0xFE, 0x3F, 0x00, 0x0C, 0x03, 0xC0, 0x6C, 0x19, 0x80,
    0x01, 0xC1, 0xF8, 0x3F, 0x07, 0xE0, 0xFC, 0x1F, 0x83, 0xF0, 0x7E, 0x0F, 0xC1, 0x9C, 0x73, 0xFE,
    0x3F, 0x00, 0x3B, 0x07, 0x60, 0x00, 0x00, 0x0E, 0x0F, 0xC1, 0xF8, 0x3F, 0x07, 0xE0, 0xFC, 0x1F,
    0x83, 0xF0, 0x7E, 0x0C, 0xE3, 0x9F, 0xF1, 0xF8, 0x03, 0x00, 0x60, 0x18, 0x03, 0x00, 0x01, 0xC1,
    0xD8, 0x33, 0x8E, 0x39, 0x83, 0x70, 0x7C, 0x07, 0x80, 0xE0, 0x1C, 0x03, 0x80, 0x70, 0x0E, 0x00,
    0xC0, 0x38, 0x0F, 0xF3, 0xFE, 0xC1, 0xB0, 0x6C, 0x1F, 0x06, 0xE7, 0xBF, 0xCF, 0xC3, 0x00, 0x3F,
    0x1F, 0xEE, 0x3B, 0x06, 0xC7, 0xB7, 0xCD, 0xFB, 0x06, 0xC1, 0xB0, 0x6D, 0xFB, 0x7C, 0x30, 0x0C,
    0x06, 0x00, 0x03, 0xFB, 0xFF, 0x8F, 0x83, 0xC1, 0xE0, 0xF8, 0xEF, 0xF3, 0xF8, 0x06, 0x07, 0x03,
    0x00, 0x03, 0xFB, 0xFF, 0x8F, 0x83, 0xC1, 0xE0, 0xF8, 0xEF, 0xF3, 0xF8, 0x1C, 0x1F, 0x0D, 0x80,
    0x03, 0xFB, 0xFF, 0x8F, 0x83, 0xC1, 0xE0, 0xF8, 0xEF, 0xF3, 0xF8, 0x3F, 0x1F, 0x09, 0x07, 0xF7,
    0xFF, 0x1F, 0x07, 0x83, 0xC1, 0xF1, 0xDF, 0xE7, 0xF0, 0x36, 0x1B, 0x00, 0x07, 0xF7, 0xFF, 0x1F,
    0x07, 0x83, 0xC1, 0xF1, 0xDF, 0xE7, 0xF0, 0x00, 0x0E, 0x0F, 0x87, 0xC3, 0xE0, 0x40, 0xFE, 0xFF,
    0xE3, 0xE0, 0xF0, 0x78, 0x3E, 0x3B, 0xFC, 0xFE, 0x7C, 0xF9, 0xFF, 0xFB, 0x1E, 0x30, 0x38, 0x77,
    0xFF, 0xFF, 0xFF, 0xB1, 0xE3, 0x7F, 0xFE, 0x7C, 0xF8, 0x3E, 0x3F, 0xB8, 0xF8, 0x2C, 0x06, 0x03,
    0x8E, 0xFE, 0x7F, 0x0E, 0x07, 0x83, 0xC1, 0xE0, 0xC0, 0x30, 0x18, 0x06, 0x03, 0x00, 0x01, 0xF1,
    0xFD, 0xC6, 0xC3, 0x7F, 0xFF, 0xDC, 0x67, 0xF1, 0xF0, 0x06, 0x07, 0x03, 0x03, 0x00, 0x01, 0xF1,
    0xFD, 0xC6, 0xC3, 0xFF, 0xFF, 0xDC, 0x67, 0xF1, 0xF0, 0x1C, 0x1F, 0x1D, 0x80, 0x03, 0xE3, 0xFB,
    0x8D, 0x86, 0xFF, 0xFF, 0xB8, 0xCF, 0xE3, 0xE0, 0x76, 0x3B, 0x00, 0x07, 0xC7, 0xF7, 0x1B, 0x0D,
    0xFF, 0xFF, 0x71, 0x9F, 0xC7, 0xC0, 0x63, 0x8C, 0x03, 0x9C, 0xE7, 0x39, 0xCE, 0x73, 0x80, 0x77,
    0x60, 0xEE, 0xEE, 0xEE, 0xEE, 0xE0, 0x38, 0xFB, 0xB0, 0x03, 0x87, 0x0E, 0x1C, 0x38, 0x70, 0xE1,
    0xC3, 0x80, 0xEF, 0xDC, 0x01, 0xC3, 0x87, 0x0E, 0x1C, 0x38, 0x70, 0xE1, 0xC0, 0x6E, 0x7F, 0x1F,
    0x0F, 0xC0, 0x73, 0xFD, 0xFF, 0xC7, 0xC3, 0xE0, 0xF0, 0xFC, 0x77, 0xF1, 0xF0, 0x3E, 0x7E, 0x64,
    0xFE, 0xFF, 0xE3, 0xE3, 0xC3, 0xC3, 0xC3, 0xC3, 0xC3, 0x30, 0x1C, 0x06, 0x01, 0x00, 0x01, 0xF1,
    0xFD, 0xC7, 0xC1, 0xE0, 0xF0, 0x7C, 0x77, 0xF1, 0xF0, 0x06, 0x07, 0x03, 0x01, 0x80, 0x01, 0xF1,
    0xFD, 0xC7, 0xC1, 0xE0, 0xF0, 0x7C, 0x77, 0xF1, 0xF0, 0x1C, 0x1F, 0x0D, 0xC0, 0x03, 0xE3, 0xFB,
    0x8F, 0xC3, 0xC1, 0xF0, 0xF8, 0xEF, 0xE3, 0xE0, 0x3B, 0x1F, 0x0B, 0x80, 0x03, 0xE3, 0xFB, 0x8F,
    0x83, 0xC1, 0xE0, 0xF8, 0xEF, 0xE3, 0xE0, 0x36, 0x1B, 0x80, 0x07, 0xC7, 0xF7, 0x1F, 0x07, 0x83,
    0xC1, 0xF1, 0xDF, 0xC7, 0xC0, 0x18, 0x38, 0x18, 0xFF, 0xFE, 0x00, 0x38, 0x18, 0x03, 0x1F, 0x9F,
    0xDC, 0xFC, 0xDE, 0xEF, 0x67, 0xE7, 0x7F, 0x3F, 0x18, 0x00, 0x30, 0x30, 0x38, 0x18, 0x00, 0xC3,
    0xC3, 0xC3, 0xC3, 0xC3, 0xC3, 0xE7, 0xFF, 0x7F, 0x0E, 0x0C, 0x1C, 0x18, 0x00, 0xC3, 0xC3, 0xC3,
    0xC3, 0xC3, 0xC3, 0xE7, 0xFF, 0x7F, 0x1C, 0x3C, 0x66, 0x00, 0xE3, 0xE3, 0xE3, 0xE3, 0xE3, 0xE3,
    0xE7, 0xFF, 0x7B, 0x7E, 0x7E, 0x00, 0xE3, 0xE3, 0xE3, 0xE3, 0xE3, 0xE7, 0xE7, 0xFF, 0x7F, 0x06,
    0x01, 0x80, 0xE0, 0x30, 0x00, 0x18, 0x66, 0x19, 0xCE, 0x33, 0x0C, 0xC3, 0xF0, 0x78, 0x1E, 0x03,
    0x01, 0xC3, 0xE0, 0xF0, 0x00, 0xE0, 0x38, 0x0E, 0x03, 0x80, 0xFF, 0x3F, 0xEE, 0x3B, 0x86, 0xE1,
    0xB8, 0x6E, 0x3B, 0xFE, 0xFF, 0x38, 0x0E, 0x03, 0x80, 0x37, 0x0F, 0xC0, 0x01, 0x87, 0x61, 0x9C,
    0xE3, 0x30, 0xFC, 0x3F, 0x07, 0x81, 0xE0, 0x30, 0x1C, 0x3E, 0x0F, 0x00, 0x00, 0x01, 0xF8, 0x0F,
    0x80, 0x00, 0x07, 0x00, 0xF0, 0x0F, 0x80, 0xF8, 0x1D, 0x81, 0x9C, 0x38, 0xC3, 0xFC, 0x3F, 0xE7,
    0xFE, 0x70, 0x76, 0x07, 0x00, 0x1F, 0x8F, 0x80, 0x03, 0xFB, 0xFF, 0x8F, 0x83, 0xC1, 0xE0, 0xF8,
    0xEF, 0xF3, 0xF8, 0x1F, 0x80, 0xF8, 0x06, 0x00, 0x00, 0x07, 0x00, 0xF0, 0x0F, 0x80, 0xF8, 0x1D,
    0x81, 0x9C, 0x38, 0xC3, 0xFC, 0x3F, 0xE7, 0xFE, 0x70, 0x76, 0x07, 0x33, 0x1F, 0x0F, 0x81, 0x03,
    0xFB, 0xFF, 0x8F, 0x83, 0xC1, 0xE0, 0xF8, 0xEF, 0xF3, 0xF8, 0x07, 0x00, 0x78, 0x03, 0xE0, 0x1F,
    0x01, 0xD8, 0x0C, 0xE0, 0xE3, 0x07, 0xF8, 0x3F, 0xE3, 0xFF, 0x1C, 0x1C, 0xC0, 0xE0, 0x07, 0x00,
    0x38, 0x01, 0xE0, 0x02, 0x3F, 0x9F, 0xEE, 0x3B, 0x06, 0xC1, 0xB0, 0x6E, 0x39, 0xFE, 0x3F, 0x80,
    0x60, 0x38, 0x0F, 0x00, 0x80, 0x01, 0x80, 0x0C, 0x00, 0xC0, 0x00, 0x00, 0x00, 0x07, 0xE0, 0xFF,
    0x87, 0x0E, 0x70, 0x3B, 0x00, 0x18, 0x00, 0xC0, 0x06, 0x00, 0x38, 0x18, 0xE1, 0xC7, 0xFC, 0x0F,
    0xC0, 0x06, 0x07, 0x03, 0x00, 0x03, 0xE3, 0xFB, 0x8F, 0x82, 0xC0, 0x60, 0xB8, 0xEF, 0xE3, 0xE0,
    0x00, 0x00, 0x18, 0x00, 0xC0, 0x00, 0x00, 0x00, 0x07, 0xE0, 0xFF, 0x87, 0x0E, 0x70, 0x3B, 0x00,
    0x18, 0x00, 0xC0, 0x06, 0x00, 0x38, 0x18, 0xE1, 0xC7, 0xFC, 0x0F, 0xC0, 0x1C, 0x0E, 0x00, 0x00,
    0x03, 0xE3, 0xFB, 0x8F, 0x82, 0xC0, 0x60, 0xB8, 0xEF, 0xE3, 0xE0, 0x0C, 0xC0, 0x7E, 0x01, 0xE0,
    0x06, 0x00, 0x00, 0x07, 0xE0, 0xFF, 0x8F, 0x0E, 0x70, 0x3B, 0x80, 0x98, 0x00, 0xC0, 0x07, 0x01,
    0x38, 0x1D, 0xE1, 0xC7, 0xFC, 0x0F, 0xC0, 0x37, 0x1F, 0x07, 0x00, 0x03, 0xE3, 0xFB, 0x8F, 0x80,
    0xC0, 0x60, 0xF8, 0xEF, 0xE3, 0xE0, 0x36, 0x03, 0xC0, 0x70, 0x00, 0x0F, 0xF1, 0xFF, 0x38, 0x77,
    0x06, 0xE0, 0xFC, 0x0F, 0x81, 0xF0, 0x7E, 0x0D, 0xC3, 0xBF, 0xE7, 0xF8, 0x01, 0xB0, 0x1B, 0x01,
    0xB0, 0x1B, 0x3D, 0x87, 0xF8, 0xE3, 0x8C, 0x18, 0xC1, 0x8C, 0x18, 0xE3, 0x87, 0xF8, 0x3D, 0x80,
    0x3F, 0xC1, 0xFF, 0x0C, 0x3C, 0x60, 0x63, 0x03, 0xFF, 0x1F, 0xF8, 0xE6, 0x07, 0x30, 0x31, 0x87,
    0x8F, 0xF8, 0x7F, 0x80, 0x01, 0x80, 0x30, 0x3F, 0x83, 0xE7, 0xD8, 0xFF, 0x38, 0xE6, 0x0C, 0xC1,
    0x98, 0x33, 0x8E, 0x3F, 0xC3, 0xD8, 0x00, 0x1F, 0x8F, 0x80, 0x0F, 0xFF, 0xFF, 0x81, 0xC0, 0xE0,
    0x7F, 0xBF, 0xDC, 0x0E, 0x07, 0x03, 0xFF, 0xFF, 0x00, 0x3F, 0x0F, 0x80, 0x03, 0xE3, 0xFB, 0x8D,
    0x86, 0xFF, 0xFF, 0xB8, 0xCF, 0xE3, 0xE0, 0x00, 0x0E, 0x07, 0x00, 0x00, 0x07, 0xFF, 0xFF, 0xC0,
    0xE0, 0x70, 0x3F, 0xDF, 0xEE, 0x07, 0x03, 0x81, 0xFF, 0xFF, 0x80, 0x1C, 0x0E, 0x00, 0x07, 0xC7,
    0xF7, 0x1B, 0x0D, 0xFF, 0xFF, 0x71, 0x9F, 0xC7, 0xC0, 0xFF, 0xBF, 0xEE, 0x03, 0x80, 0xE0, 0x3F,
    0xCF, 0xF3, 0x80, 0xE0, 0x38, 0x0F, 0xFB, 0xFE, 0x03, 0x00, 0xE0, 0x3C, 0x02, 0x3E, 0x3F, 0xB8,
    0xD8, 0x6F, 0xFF, 0xFB, 0x0C, 0xEE, 0x7E, 0x0C, 0x0E, 0x03, 0x80, 0x36, 0x0F, 0x03, 0x00, 0x0F,
    0xFF, 0xFF, 0x81, 0xC0, 0xE0, 0x7F, 0xBF, 0xDC, 0x0E, 0x07, 0x03, 0xFF, 0xFF, 0x76, 0x1F, 0x07,
    0x00, 0x03, 0xE3, 0xFB, 0x8D, 0x87, 0xFF, 0xFF, 0xB8, 0xCF, 0xE3, 0xE0, 0x0C, 0xC0, 0x7E, 0x01,
    0xE0, 0x06, 0x00, 0x00, 0x07, 0xE0, 0xFF, 0x87, 0x0E, 0x70, 0x3B, 0x00, 0x18, 0x00, 0xC3, 0xF6,
    0x1F, 0xB8, 0x1C, 0xE1, 0xC7, 0xFC, 0x0F, 0xC0, 0x3F, 0x1F, 0x03, 0x00, 0x03, 0xFB, 0xFF, 0x8F,
    0x83, 0xC1, 0xE0, 0xF8, 0xEF, 0xF3, 0xFF, 0x1D, 0xFE, 0xFE, 0x00, 0x00, 0x18, 0x00, 0xC0, 0x00,
    0x00, 0x00, 0x07, 0xE0, 0xFF, 0x87, 0x0E, 0x70, 0x3B, 0x00, 0x18, 0x00, 0xC3, 0xF6, 0x1F, 0xB8,
    0x1C, 0xE1, 0xC7, 0xFC, 0x0F, 0xC0, 0x1C, 0x0E, 0x00, 0x00, 0x07, 0xDB, 0xFF, 0x8F, 0xC7, 0xC1,
    0xF1, 0xF8, 0xEF, 0xF3, 0xFF, 0x1F, 0xFE, 0xFE, 0x0F, 0xE7, 0xFC, 0xC0, 0x30, 0x06, 0x00, 0xC0,
    0x18, 0xFB, 0x1F, 0x60, 0x6E, 0x0C, 0xFF, 0x8F, 0xF0, 0x00, 0x06, 0x00, 0xC0, 0x30, 0x04, 0x06,
    0x03, 0x07, 0xF7, 0xFB, 0x0D, 0x86, 0xC3, 0x61, 0xB0, 0xDF, 0xE7, 0xF0, 0x18, 0x0D, 0xFC, 0xFE,
    0x30, 0x77, 0xFF, 0xFF, 0xFE, 0x60, 0xE3, 0x07, 0x1F, 0xF8, 0xFF, 0xC6, 0x0E, 0x30, 0x71, 0x83,
    0x8C, 0x1C, 0x60, 0xE0, 0x30, 0x0C, 0x0F, 0xC3, 0xF0, 0x3F, 0x8F, 0xE3, 0x9C, 0xC7, 0x31, 0xCC,
    0x73, 0x1C, 0xC7, 0x31, 0xC0, 0x7D, 0xF9, 0x20, 0x03, 0x87, 0x0E, 0x1C, 0x38, 0x70, 0xE1, 0xC3,
    0x87, 0x0E, 0x1C, 0x7D, 0xF9, 0x21, 0xC3, 0x87, 0x0E, 0x1C, 0x38, 0x70, 0xE1, 0xC0, 0x03, 0xF7,
    0xC0, 0x38, 0xE3, 0x8E, 0x38, 0xE3, 0x8E, 0x38, 0xE3, 0x8E, 0x03, 0xFF, 0xC0, 0x38, 0xE3, 0x8E,
    0x38, 0xE3, 0x8E, 0x38, 0x77, 0x77, 0x77, 0x77, 0x77, 0x77, 0x66, 0x73, 0x77, 0x00, 0x77, 0x77,
    0x77, 0x77, 0x76, 0x67, 0x30, 0x1F, 0x81, 0xFF, 0xFF, 0xFF, 0xFF, 0xE0, 0xFF, 0xFF, 0xFF, 0xE0,
    0xC3, 0xB0, 0xCC, 0x63, 0x30, 0xDC, 0x3E, 0x0F, 0xC3, 0xB8, 0xC6, 0x31, 0xCC, 0x3B, 0x06, 0x00,
    0x06, 0x01, 0x80, 0x60, 0xC0, 0xC0, 0xC0, 0xC7, 0xCE, 0xDC, 0xF8, 0xF8, 0xFC, 0xCE, 0xC6, 0xC7,
    0x00, 0x18, 0x30, 0x30, 0x30, 0x38, 0x18, 0x0C, 0x00, 0x07, 0x03, 0x81, 0xC0, 0xE0, 0x70, 0x38,
    0x1C, 0x0E, 0x07, 0x03, 0x81, 0xFF, 0xFF, 0x80, 0x76, 0xE0, 0xEE, 0xEE, 0xEE, 0xEE, 0xEE, 0xEE,
    0xE0, 0xC0, 0xC0, 0xC0, 0xC0, 0xC0, 0xC0, 0xC0, 0xC0, 0xC0, 0xC0, 0xFE, 0xFF, 0x00, 0x18, 0x18,
    0x10, 0xDB, 0x6D, 0xB6, 0xDB, 0x61, 0xB6, 0x6C, 0x07, 0x00, 0xE0, 0x00, 0x03, 0x80, 0x70, 0x0E,
    0x01, 0xC0, 0x38, 0x07, 0x00, 0xE0, 0x1C, 0x03, 0x80, 0x70, 0x0F, 0xF9, 0xFF, 0xDF, 0x6D, 0xB6,
    0xC3, 0x0C, 0x30, 0xC3, 0x0C, 0x30, 0xC0, 0x70, 0x1C, 0x07, 0x01, 0xC0, 0x7E, 0x3F, 0x8F, 0x03,
    0xC0, 0x70, 0x1C, 0x07, 0xFD, 0xFF, 0x38, 0x70, 0xE1, 0xC3, 0xA7, 0xFF, 0xFC, 0x38, 0x70, 0xE1,
    0xC3, 0x80, 0x03, 0x00, 0xE0, 0x18, 0x02, 0x00, 0x01, 0xC1, 0xFC, 0x3F, 0x87, 0xF8, 0xFF, 0x9F,
    0xB3, 0xF7, 0x7E, 0x7F, 0xC7, 0xF8, 0x7F, 0x0F, 0xE0, 0xE0, 0x0E, 0x0C, 0x1C, 0x00, 0xFE, 0xFF,
    0xE7, 0xE3, 0xE3, 0xE3, 0xE3, 0xE3, 0xE3, 0xE0, 0xFC, 0x3F, 0x0F, 0xE3, 0xDC, 0xF3, 0x3C, 0xEF,
    0x1B, 0xC3, 0xF0, 0xFC, 0x1F, 0x07, 0x00, 0x03, 0x80, 0xC0, 0x30, 0xFE, 0xFF, 0xE3, 0xC3, 0xC3,
    0xC3, 0xC3, 0xC3, 0xC3, 0x00, 0x18, 0x18, 0x18, 0x1B, 0x03, 0xC0, 0x38, 0x00, 0x0E, 0x0F, 0xE1,
    0xFC, 0x3F, 0xC7, 0xFC, 0xFD, 0x9F, 0xBB, 0xF3, 0xFE, 0x3F, 0xC3, 0xF8, 0x7F, 0x07, 0x76, 0x3C,
    0x1C, 0x00, 0xFE, 0xFF, 0xE7, 0xE3, 0xE3, 0xE3, 0xE3, 0xE3, 0xE3, 0xE0, 0xDE, 0x1B, 0xC3, 0x7C,
    0x6D, 0xCD, 0x99, 0xB3, 0xB6, 0x3E, 0xC3, 0xD8, 0x3B, 0x07, 0x60, 0x60, 0x0C, 0x07, 0x81, 0xF0,
    0x10, 0x00, 0xFE, 0xFF, 0xE3, 0xC3, 0xC3, 0xC3, 0xC3, 0xC3, 0xC3, 0x03, 0x03, 0x0F, 0x0F, 0x00,
    0x00, 0x3F, 0x00, 0xFC, 0x00, 0x00, 0x0F, 0xC0, 0xFF, 0xC3, 0x87, 0x1C, 0x0E, 0x60, 0x19, 0x80,
    0x66, 0x01, 0x98, 0x06, 0x70, 0x38, 0xE1, 0xC3, 0xFF, 0x03, 0xF0, 0x00, 0x1F, 0x8F, 0x80, 0x03,
    0xE3, 0xFB, 0x8F, 0x83, 0xC1, 0xE0, 0xF8, 0xEF, 0xE3, 0xE0, 0x07, 0xE0, 0x1B, 0x00, 0x7C, 0x00,
    0x00, 0x00, 0x00, 0x3F, 0x03, 0xFF, 0x0E, 0x1E, 0x70, 0x39, 0xC0, 0x66, 0x01, 0xD8, 0x07, 0x70,
    0x19, 0xC0, 0xE3, 0x87, 0x8F, 0xFC, 0x0F, 0xC0, 0x1F, 0x1F, 0x8D, 0x80, 0x03, 0xE3, 0xFB, 0x8F,
    0xC3, 0xC1, 0xF0, 0xF8, 0xEF, 0xE3, 0xE0, 0x0F, 0xFF, 0x3F, 0xFF, 0x38, 0xC0, 0x70, 0xC0, 0x60,
    0xC0, 0x60, 0xFF, 0x60, 0xFF, 0x60, 0xC0, 0x70, 0xC0, 0x38, 0xC0, 0x3F, 0xFF, 0x0F, 0xFF, 0x3E,
    0x7C, 0x7F, 0xFE, 0xE3, 0xC6, 0xC1, 0xC7, 0xC1, 0xFF, 0xC1, 0xFE, 0xE3, 0xC6, 0x7F, 0xFE, 0x3E,
    0x7C, 0x0C, 0x03, 0x01, 0x80, 0x60, 0x00, 0x3F, 0xCF, 0xFB, 0x86, 0xE1, 0xB8, 0x6E, 0x7B, 0xFC,
    0xFE, 0x39, 0xCE, 0x73, 0x8E, 0xE1, 0xC0, 0x18, 0xE3, 0x00, 0xFF, 0xFE, 0x38, 0xE3, 0x8E, 0x38,
    0xE0, 0xFE, 0x3F, 0xCE, 0x33, 0x8E, 0xE3, 0x3F, 0xCF, 0xE3, 0xB8, 0xE6, 0x39, 0xCE, 0x3B, 0x86,
    0x00, 0x03, 0x01, 0x80, 0x60, 0x03, 0xFF, 0xF8, 0xC3, 0x0C, 0x30, 0xC3, 0x00, 0x30, 0xC2, 0x00,
    0x6C, 0x0F, 0x01, 0x80, 0x00, 0xFF, 0x3F, 0xEE, 0x1B, 0x86, 0xE1, 0xB9, 0xEF, 0xF3, 0xF8, 0xE7,
    0x39, 0xCE, 0x3B, 0x87, 0x6E, 0xF8, 0xE0, 0x07, 0xEF, 0xDC, 0x38, 0x70, 0xE1, 0xC3, 0x87, 0x00,
    0x03, 0x01, 0x80, 0x60, 0x00, 0x00, 0x0F, 0xC7, 0xF9, 0x87, 0x60, 0xDE, 0x03, 0xF0, 0x3F, 0x01,
    0xD8, 0x37, 0x0D, 0xFF, 0x3F, 0x80, 0x06, 0x0E, 0x0C, 0x00, 0x3E, 0x7E, 0x67, 0x78, 0x3E, 0x07,
    0x63, 0x7F, 0x3E, 0x3F, 0x1F, 0xE6, 0x1D, 0x83, 0x78, 0x0F, 0xC0, 0xFC, 0x07, 0x60, 0xDC, 0x37,
    0xFC, 0xFE, 0x0C, 0x07, 0x80, 0xF0, 0x78, 0x0C, 0x00, 0x3E, 0x7F, 0x63, 0x78, 0x3E, 0x0F, 0x63,
    0x77, 0x3E, 0x1C, 0x1E, 0x1E, 0x1E, 0x18, 0x1B, 0x07, 0xC0, 0xE0, 0x00, 0x3F, 0x1F, 0xE6, 0x1D,
    0x80, 0x78, 0x0F, 0xC0, 0xFC, 0x07, 0x60, 0xDC, 0x37, 0xFC, 0x7E, 0x36, 0x1E, 0x08, 0x3E, 0x7F,
    0x67, 0x78, 0x3E, 0x07, 0x63, 0x7F, 0x3E, 0xFF, 0xEF, 0xF8, 0x38, 0x07, 0x00, 0xE0, 0x1C, 0x03,
    0x80, 0x70, 0x0E, 0x01, 0xC0, 0x38, 0x07, 0x00, 0x60, 0x1E, 0x03, 0xC0, 0x78, 0x06, 0x00, 0x30,
    0x63, 0xF7, 0xE3, 0x06, 0x0C, 0x18, 0x30, 0x7C, 0x78, 0xC1, 0xE3, 0xC7, 0x8C, 0x1B, 0x01, 0xE0,
    0x38, 0x00, 0x0F, 0xFE, 0xFF, 0x83, 0x80, 0x70, 0x0E, 0x01, 0xC0, 0x38, 0x07, 0x00, 0xE0, 0x1C,
    0x03, 0x80, 0x70, 0x06, 0x0C, 0xD9, 0x83, 0x1F, 0xBF, 0x18, 0x30, 0x60, 0xC1, 0x83, 0xE3, 0xC0,
    0xFF, 0xEF, 0xFC, 0x38, 0x07, 0x00, 0xE0, 0xFF, 0x9F, 0xF0, 0x70, 0x0E, 0x01, 0xC0, 0x38, 0x07,
    0x00, 0x30, 0x63, 0xFF, 0xE3, 0x1F, 0x9F, 0x18, 0x30, 0x7C, 0x78, 0x1F, 0x07, 0xE0, 0x48, 0x00,
    0x0E, 0x0F, 0xC1, 0xF8, 0x3F, 0x07, 0xE0, 0xFC, 0x1F, 0x83, 0xF0, 0x7E, 0x0D, 0xE3, 0x9F, 0xF1,
    0xFC, 0x00, 0x7E, 0x7C, 0x00, 0xC3, 0xC3, 0xC3, 0xC3, 0xC3, 0xC3, 0xE7, 0xFF, 0x7F, 0x00, 0x07,
    0xE0, 0x7C, 0x00, 0x0E, 0x0F, 0xC1, 0xF8, 0x3F, 0x07, 0xE0, 0xFC, 0x1F, 0x83, 0xF0, 0x7E, 0x0C,
    0xC3, 0x9F, 0xF1, 0xF8, 0x00, 0x7E, 0x7E, 0x00, 0xE3, 0xE3, 0xE3, 0xE3, 0xE3, 0xE3, 0xE7, 0xFF,
    0x7B, 0x31, 0x0F, 0xC1, 0xE0, 0x00, 0xC0, 0xF0, 0x3C, 0x0F, 0x03, 0xC0, 0xF0, 0x3C, 0x0F, 0x03,
    0xC0, 0xF8, 0x77, 0xF8, 0xFC, 0x0C, 0x00, 0x62, 0x7E, 0x3C, 0x00, 0xC3, 0xC3, 0xC3, 0xC3, 0xC3,
    0xC3, 0xC3, 0xEF, 0x7F, 0x10, 0x00, 0x03, 0xC0, 0x7C, 0x0F, 0x81, 0xE0, 0x18, 0x00, 0x07, 0x07,
    0xE0, 0xFC, 0x1F, 0x83, 0xF0, 0x7E, 0x0F, 0xC1, 0xF8, 0x3F, 0x06, 0x61, 0xCF, 0xF8, 0xFC, 0x00,
    0x00, 0x3C, 0x3C, 0x66, 0x3C, 0x3C, 0x18, 0xC3, 0xC3, 0xC3, 0xC3, 0xC3, 0xC3, 0xE7, 0xFF, 0x7F,
    0x1F, 0x83, 0x60, 0x6C, 0x00, 0x00, 0x01, 0xC1, 0xF8, 0x3F, 0x07, 0xE0, 0xFC, 0x1F, 0x83, 0xF0,
    0x7E, 0x0F, 0xC1, 0x9C, 0x73, 0xFE, 0x3F, 0x00, 0x3F, 0x36, 0x3E, 0x00, 0xE3, 0xE3, 0xE3, 0xE3,
    0xE3, 0xE7, 0xE7, 0xFF, 0x7F, 0xE0, 0xFC, 0x1F, 0x83, 0xF0, 0x7E, 0x0F, 0xC1, 0xF8, 0x3F, 0x07,
    0xE0, 0xDC, 0x39, 0xFF, 0x1F, 0xC0, 0xC0, 0x1C, 0x03, 0x80, 0xE3, 0x71, 0xB8, 0xDC, 0x6E, 0x37,
    0x3B, 0x9D, 0xFE, 0x7F, 0x03, 0x81, 0xC0, 0xF0, 0x00, 0x01, 0x80, 0x01, 0xE0, 0x00, 0xF8, 0x00,
    0xCC, 0x00, 0x00, 0x07, 0x0E, 0x1B, 0x87, 0x0C, 0xC7, 0x8E, 0x63, 0xC7, 0x39, 0xF3, 0x0C, 0xD9,
    0x86, 0xED, 0xC3, 0xE7, 0xC1, 0xF1, 0xE0, 0x78, 0xF0, 0x38, 0x78, 0x1C, 0x38, 0x00, 0x03, 0x80,
    0x0F, 0x80, 0x1B, 0x00, 0x00, 0x0E, 0x38, 0xCC, 0x71, 0x99, 0xE7, 0x3B, 0xEC, 0x36, 0xD8, 0x7D,
    0xF0, 0xFB, 0xE0, 0xE3, 0x81, 0xC7, 0x00, 0x06, 0x01, 0xE0, 0x7C, 0x0C, 0xC0, 0x01, 0xC1, 0xD8,
    0x33, 0x8E, 0x39, 0x83, 0x70, 0x7C, 0x07, 0x80, 0xE0, 0x1C, 0x03, 0x80, 0x70, 0x0E, 0x00, 0x1C,
    0x07, 0x83, 0x30, 0x00, 0x61, 0xD8, 0x67, 0x38, 0xCC, 0x3B, 0x0F, 0xC1, 0xE0, 0x78, 0x0C, 0x07,
    0x07, 0x83, 0xC0, 0x1B, 0x83, 0x70, 0x00, 0x00, 0x0E, 0x0E, 0xE1, 0xDC, 0x71, 0xCE, 0x1B, 0x83,
    0xE0, 0x3C, 0x07, 0x00, 0xE0, 0x1C, 0x03, 0x80, 0x70, 0x06, 0x03, 0x80, 0xC0, 0x30, 0x00, 0x3F,
    0xEF, 0xF8, 0x0E, 0x07, 0x03, 0x80, 0xC0, 0x70, 0x38, 0x1C, 0x06, 0x03, 0xFE, 0xFF, 0x80, 0x0E,
    0x0C, 0x1C, 0x00, 0x7F, 0x7F, 0x07, 0x0E, 0x1C, 0x38, 0x70, 0x7F, 0xFF, 0x00, 0x07, 0x01, 0xC0,
    0x00, 0x00, 0x3F, 0xFF, 0xF8, 0x0E, 0x07, 0x03, 0x81, 0xC0, 0x70, 0x38, 0x1C, 0x0E, 0x03, 0xFE,
    0xFF, 0xC0, 0x18, 0x18, 0x00, 0x7F, 0x7F, 0x06, 0x0E, 0x1C, 0x38, 0x70, 0x7F, 0xFF, 0x36, 0x0F,
    0x01, 0xC0, 0x00, 0xFF, 0xBF, 0xE0, 0x38, 0x1C, 0x0E, 0x03, 0x01, 0xC0, 0xE0, 0x70, 0x18, 0x0F,
    0xFB, 0xFE, 0x76, 0x3C, 0x1C, 0x00, 0x7F, 0x7F, 0x07, 0x0E, 0x1C, 0x38, 0x70, 0x7F, 0xFF, 0x00,
    0x38, 0x3F, 0xC1, 0xFF, 0x0E, 0x1C, 0x70, 0x39, 0x80, 0x66, 0x01, 0x98, 0x06, 0x60, 0x19, 0x80,
    0x67, 0x03, 0x8E, 0x1C, 0x1F, 0xF0, 0x3F, 0x00, 0x01, 0x80, 0xCF, 0xEF, 0xEE, 0x3E, 0x0F, 0x07,
    0x83, 0xE3, 0xBF, 0x8F, 0x80, 0x00, 0x38, 0x01, 0xF8, 0x3D, 0xC1, 0xEE, 0x0E, 0x70, 0x73, 0x83,
    0x9C, 0x1C, 0xE0, 0xE7, 0x07, 0x38, 0x30, 0xE3, 0x87, 0xFC, 0x1F, 0x80, 0x00, 0xC0, 0x7C, 0x7F,
    0x1E, 0xC7, 0x31, 0xCC, 0x73, 0x1C, 0xE7, 0x3F, 0xC7, 0xF0, 0x0C, 0xC0, 0x3E, 0x01, 0xE0, 0x06,
    0x00, 0x00, 0x07, 0xE0, 0xFF, 0x87, 0x0E, 0x70, 0x3B, 0x00, 0x18, 0x00, 0xC3, 0xF6, 0x1F, 0xB8,
    0x1C, 0xE1, 0xC7, 0xFC, 0x0F, 0xC0, 0x37, 0x1F, 0x07, 0x00, 0x07, 0xDB, 0xFF, 0x8F, 0xC7, 0xC1,
    0xF1, 0xF8, 0xEF, 0xF3, 0xFF, 0x1F, 0xFE, 0xFE, 0x3F, 0x3F, 0x98, 0x0C, 0x07, 0x01, 0xF0, 0x7C,
    0x07, 0x01, 0x81, 0xDF, 0xCF, 0xC0, 0x00, 0x60, 0x30, 0x30, 0x7E, 0x7E, 0x60, 0x70, 0x3C, 0x0E,
    0x07, 0xFE, 0xFE, 0x00, 0x18, 0x18, 0x10, 0xFF, 0xBF, 0x87, 0x03, 0x81, 0xC0, 0xE0, 0x70, 0x38,
    0x1C, 0x0E, 0x07, 0x03, 0x80, 0x00, 0x60, 0x60, 0x30, 0x21, 0x8F, 0xFE, 0x61, 0x86, 0x18, 0x61,
    0xF3, 0xC0, 0x18, 0x63, 0x00, 0xC6, 0x60, 0x76, 0xE0, 0x71, 0xED, 0xC0, 0xFF, 0xE8, 0x00, 0x03,
    0xFF, 0xC0, 0x87, 0xFF, 0x8C, 0x1F, 0x80, 0x03, 0xFF, 0xC0, 0x0F, 0xF3, 0x60, 0x07, 0xBF, 0xFF,
    0x30, 0x6D, 0xFF, 0x80, 0xDD, 0xE7, 0x00, 0x7B, 0xF0, 0x18, 0xFE, 0x00, 0x1F, 0x80, 0xFF, 0xE0,
    0x0C, 0xFF, 0xFC, 0x0C, 0xEF, 0x60, 0x70, 0xCC, 0x33, 0x8C, 0xF7, 0x3F, 0x99, 0xC6, 0x71, 0x8E,
    0xE1, 0xB8, 0x70, 0x7E, 0x3F, 0x80, 0xC0, 0x60, 0x30, 0x18, 0x0C, 0x06, 0x7F, 0xFF, 0xC0, 0x79,
    0xE1, 0xC7, 0x1C, 0x71, 0xC7, 0xFF, 0xB0, 0x00, 0xFF, 0xBF, 0x81, 0x80, 0xC0, 0x60, 0x30, 0x18,
    0x0C, 0x06, 0x03, 0x00, 0x7F, 0x9F, 0xE0, 0x1C, 0x07, 0x61, 0xD8, 0x76, 0x1D, 0x87, 0x61, 0xD8,
    0x70, 0xF7, 0x33, 0x33, 0x33, 0x33, 0xFB, 0xCC, 0xC6, 0x31, 0xCE, 0x71, 0x80, 0xFF, 0x9F, 0xF7,
    0x0D, 0xC3, 0x70, 0xDC, 0x37, 0x0D, 0xC3, 0x70, 0xDC, 0x30, 0x67, 0x99, 0xE6, 0x1D, 0x83, 0x60,
    0xD8, 0x36, 0x0D, 0xC7, 0x3F, 0x87, 0xC0, 0xF7, 0x33, 0x33, 0xFE, 0x7F, 0x03, 0x03, 0x03, 0x03,
    0x03, 0x03, 0x03, 0x03, 0x03, 0x03, 0x03, 0xFC, 0x7E, 0x07, 0x03, 0x03, 0x03, 0x03, 0x07, 0x7E,
    0xFC, 0xC0, 0x60, 0x30, 0x1F, 0xE7, 0xF0, 0x18, 0x18, 0x0C, 0x06, 0x07, 0x03, 0x01, 0x81, 0xC0,
    0x7F, 0x8F, 0xF9, 0xC3, 0x38, 0x77, 0x0E, 0xE1, 0xDC, 0x3B, 0x87, 0x7F, 0xEF, 0xFC, 0x6F, 0x8F,
    0xF9, 0xE3, 0x18, 0x73, 0x0E, 0x61, 0xDC, 0x3B, 0x06, 0x67, 0xCD, 0xF0, 0xF7, 0x33, 0x33, 0x33,
    0x33, 0x33, 0x30, 0x79, 0xE1, 0x86, 0x18, 0x61, 0x86, 0x7B, 0xE0, 0xFF, 0x9F, 0xF7, 0x0D, 0x83,
    0x60, 0xD8, 0x36, 0x0D, 0xC7, 0x3F, 0x87, 0xC0, 0x00, 0x18, 0x66, 0x19, 0xC6, 0x31, 0x8C, 0x63,
    0x18, 0xEE, 0x3F, 0x0F, 0x8F, 0xC3, 0x00, 0x3F, 0x1F, 0xE6, 0x1B, 0x86, 0x61, 0x9C, 0x73, 0x1C,
    0x07, 0x01, 0xC0, 0x70, 0x1C, 0x07, 0x01, 0xC0, 0x3F, 0x1F, 0xE6, 0x19, 0x86, 0x61, 0xDE, 0x73,
    0x18, 0x0E, 0x7F, 0x1F, 0x80, 0xE3, 0x31, 0x9C, 0xC6, 0xE3, 0x61, 0xF0, 0x70, 0x30, 0x1C, 0x06,
    0x03, 0x01, 0xC0, 0xE0, 0x61, 0xB9, 0xCC, 0xE3, 0x61, 0xF0, 0x70, 0x38, 0x0E, 0x7F, 0x7F, 0x80,
    0xFF, 0xFF, 0xC0, 0xE8, 0x6C, 0x36, 0x3B, 0x19, 0x8C, 0xC6, 0x67, 0x30, 0x18, 0x0C, 0x00, 0xFE,
    0x7E, 0x07, 0x03, 0x03, 0x03, 0x03, 0x03, 0x03, 0x03, 0xCC, 0xD9, 0x9B, 0x33, 0x66, 0x6F, 0xCD,
    0xF1, 0xB8, 0x37, 0x0E, 0x7F, 0x87, 0xE0, 0x7F, 0xCF, 0xF8, 0xC3, 0x18, 0x73, 0x0E, 0x61, 0xCC,
    0x39, 0x87, 0x70, 0xFE, 0x1C, 0x6F, 0xF0, 0x2D, 0xFC, 0x07, 0xE8, 0x00, 0xFF, 0xFE, 0x0C, 0x1C,
    0x1C, 0x1C, 0x18, 0x30, 0x00, 0xC1, 0x80, 0x00, 0x38, 0xF1, 0x83, 0x07, 0xDF, 0xBC, 0x00, 0xFB,
    0xF0, 0x00, 0x6E, 0xDF, 0xC0, 0x0E, 0xE4, 0x4C, 0xE6, 0x66, 0x66, 0x66, 0x67, 0x00, 0x42, 0xC6,
    0xFE, 0x7E, 0x60, 0x60, 0x60, 0x60, 0x60, 0x60, 0x70, 0x70, 0x00, 0x40, 0xF6, 0xDB, 0x6F, 0xF7,
    0xFB, 0x01, 0x80, 0xC0, 0x70, 0x18, 0x0C, 0x06, 0x00, 0x00, 0x08, 0x38, 0x70, 0xE0, 0xC0, 0xF8,
    0x78, 0x70, 0xE0, 0xC0, 0xFE, 0x7E, 0x00, 0x38, 0x7C, 0x66, 0xC6, 0xC6, 0xC6, 0xC6, 0xFE, 0x7C,
    0x00, 0x80, 0xFE, 0x7E, 0x06, 0x06, 0x06, 0x06, 0x06, 0x06, 0x06, 0x06, 0x03, 0x00, 0x40, 0xB0,
    0x66, 0x19, 0x8E, 0x73, 0x0C, 0xC3, 0x60, 0xF8, 0x1E, 0x07, 0x01, 0xC0, 0x30, 0x00, 0x00, 0x0C,
    0x03, 0x01, 0xC0, 0x78, 0x1E, 0x0F, 0x83, 0x70, 0xCC, 0x63, 0x18, 0xEE, 0x1B, 0x06, 0x00, 0x00,
    0x30, 0x7C, 0xEC, 0xCC, 0xCE, 0xFE, 0x7E, 0x06, 0x06, 0x06, 0x06, 0x06, 0x00, 0x00, 0x00, 0x18,
    0x03, 0xB0, 0x3C, 0x07, 0x80, 0xF0, 0x1F, 0x06, 0x7F, 0xC7, 0xE0, 0x7F, 0xC0, 0x30, 0x71, 0xF3,
    0x6C, 0x78, 0xFF, 0x3E, 0x0E, 0xE4, 0x4C, 0xE6, 0x66, 0x66, 0x66, 0x67, 0x00, 0x42, 0xC6, 0xFE,
    0x7E, 0x60, 0x60, 0x60, 0x60, 0x60, 0x60, 0x70, 0x70, 0x00, 0x40, 0xF6, 0xDB, 0x6F, 0xF7, 0xFB,
    0x01, 0x80, 0xC0, 0x70, 0x18, 0x0C, 0x06, 0x00, 0x00, 0x4C, 0xDE, 0xD8, 0x7E, 0x7E, 0x60, 0x60,
    0x60, 0x60, 0x60, 0x60, 0x60, 0x00, 0x38, 0x18, 0x3C, 0x7E, 0x66, 0xC6, 0xC6, 0xC3, 0xD3, 0xFE,
    0x7E, 0x1C, 0x79, 0xC3, 0x06, 0x07, 0xC7, 0x8C, 0x30, 0xE1, 0x83, 0x00, 0x00, 0x40, 0xB0, 0x66,
    0x19, 0x8E, 0x73, 0x0C, 0xC3, 0x60, 0xF8, 0x1E, 0x07, 0x01, 0xC0, 0x30, 0x00, 0x00, 0x0C, 0x03,
    0x01, 0xC0, 0x78, 0x1E, 0x0F, 0x83, 0x70, 0xCC, 0x63, 0x18, 0xEE, 0x1B, 0x06, 0x00, 0x00, 0x30,
    0x7C, 0xEC, 0xCC, 0xCE, 0xFE, 0x7E, 0x06, 0x06, 0x06, 0x06, 0x06, 0x00, 0x07, 0x00, 0xF0, 0x0F,
    0x80, 0xF8, 0x1D, 0x81, 0x9C, 0x38, 0xC3, 0xFC, 0x3F, 0xE7, 0xFE, 0x70, 0x76, 0x07, 0x00, 0x00,
    0x00, 0x07, 0x00, 0x70, 0x3F, 0xBF, 0xF8, 0xF8, 0x3C, 0x1E, 0x0F, 0x8E, 0xFF, 0x3F, 0x80, 0x00,
    0x03, 0x81, 0xC0, 0x00, 0x00, 0x70, 0x0F, 0x80, 0x30, 0x06, 0x00, 0x00, 0x07, 0x00, 0xF0, 0x0F,
    0x80, 0xF8, 0x1D, 0x81, 0x9C, 0x38, 0xC3, 0xFC, 0x3F, 0xE7, 0xFE, 0x70, 0x76, 0x07, 0x00, 0x0F,
    0x0F, 0x81, 0xC0, 0xC0, 0x00, 0xFE, 0xFF, 0xE3, 0xE0, 0xF0, 0x78, 0x3E, 0x3B, 0xFC, 0xFE, 0x00,
    0x60, 0x0E, 0x00, 0xC0, 0x70, 0x0F, 0x81, 0x98, 0x00, 0x00, 0x70, 0x0F, 0x00, 0xF8, 0x0F, 0x81,
    0xD8, 0x19, 0xC3, 0x8C, 0x3F, 0xC3, 0xFE, 0x7F, 0xE7, 0x07, 0x60, 0x70, 0x00, 0xC0, 0x60, 0x18,
    0x7C, 0x3E, 0x0D, 0x80, 0x00, 0xFE, 0x7F, 0xB8, 0xEC, 0x1B, 0x06, 0xC1, 0xB8, 0xE7, 0xF8, 0xFE,
    0x01, 0x80, 0x1C, 0x06, 0xC0, 0xF0, 0x1D, 0x80, 0x00, 0x00, 0x00, 0x70, 0x0F, 0x00, 0xF8, 0x0F,
    0x81, 0xD8, 0x19, 0xC3, 0x8C, 0x3F, 0xC3, 0xFE, 0x7F, 0xE7, 0x07, 0x60, 0x70, 0x07, 0x01, 0x87,
    0x47, 0xC3, 0x60, 0x00, 0xFE, 0xFF, 0xE3, 0xE0, 0xF0, 0x78, 0x3E, 0x3B, 0xFC, 0xFE, 0x00, 0x00,
    0x1E, 0x01, 0xE0, 0x06, 0x06, 0xC0, 0xF0, 0x1D, 0x80, 0x00, 0x07, 0x00, 0xF0, 0x0F, 0x80, 0xF8,
    0x1D, 0x81, 0x9C, 0x38, 0xC3, 0xFC, 0x3F, 0xE7, 0xFE, 0x70, 0x76, 0x07, 0x00, 0x01, 0xE0, 0x78,
    0x06, 0x1F, 0x0F, 0x83, 0x60, 0x00, 0x3F, 0x9F, 0xEE, 0x3B, 0x06, 0xC1, 0xB0, 0x6E, 0x39, 0xFE,
    0x3F, 0x80, 0x0F, 0x81, 0xF8, 0x03, 0x00, 0x70, 0x0F, 0x81, 0x98, 0x00, 0x00, 0x70, 0x0F, 0x00,
    0xF8, 0x0F, 0x81, 0xD8, 0x19, 0xC3, 0x8C, 0x3F, 0xC3, 0xFE, 0x7F, 0xE7, 0x07, 0x60, 0x70, 0x00,
    0x1D, 0x8F, 0x85, 0xC1, 0xC1, 0xF0, 0xD8, 0x00, 0x3F, 0xBF, 0xF8, 0xF8, 0x3C, 0x1E, 0x0F, 0x8E,
    0xFF, 0x3F, 0x80, 0x07, 0x00, 0xF8, 0x19, 0x80, 0x00, 0x07, 0x00, 0xF0, 0x0F, 0x80, 0xF8, 0x1D,
    0x81, 0x9C, 0x38, 0xC3, 0xFC, 0x3F, 0xE7, 0xFE, 0x70, 0x76, 0x07, 0x00, 0x00, 0x00, 0x07, 0x00,
    0x70, 0x1C, 0x1F, 0x0D, 0x80, 0x03, 0xFB, 0xFF, 0x8F, 0x83, 0xC1, 0xE0, 0xF8, 0xEF, 0xF3, 0xF8,
    0x00, 0x00, 0x38, 0x1C, 0x00, 0x01, 0x80, 0x38, 0x03, 0x00, 0x60, 0x1F, 0x80, 0xF8, 0x06, 0x00,
    0x00, 0x07, 0x00, 0xF0, 0x0F, 0x80, 0xF8, 0x1D, 0x81, 0x9C, 0x38, 0xC3, 0xFC, 0x3F, 0xE7, 0xFE,
    0x70, 0x76, 0x07, 0x06, 0x07, 0x03, 0x00, 0x03, 0xF1, 0xF0, 0x30, 0x7F, 0x7F, 0xF1, 0xF0, 0x78,
    0x3C, 0x1F, 0x1D, 0xFE, 0x7F, 0x0C, 0x00, 0xC0, 0x06, 0x00, 0x60, 0x19, 0x80, 0xF8, 0x00, 0x00,
    0x00, 0x07, 0x00, 0xF0, 0x0F, 0x80, 0xF8, 0x1D, 0x81, 0x9C, 0x38, 0xC3, 0xFC, 0x3F, 0xE7, 0xFE,
    0x70, 0x76, 0x07, 0x30, 0x0C, 0x06, 0x00, 0x03, 0x61, 0xF0, 0x00, 0x7F, 0x7F, 0xF1, 0xF0, 0x78,
    0x3C, 0x1F, 0x1D, 0xFE, 0x7F, 0x00, 0x00, 0xF0, 0x0F, 0x80, 0x30, 0x0E, 0x81, 0xF8, 0x0F, 0x80,
    0x60, 0x00, 0x00, 0x70, 0x0F, 0x00, 0xF8, 0x0F, 0x81, 0xD8, 0x19, 0xC3, 0x8C, 0x3F, 0xC3, 0xFE,
    0x7F, 0xE7, 0x07, 0x60, 0x70, 0x00, 0x0E, 0x0F, 0x82, 0xC0, 0xC0, 0x40, 0xFC, 0x7C, 0x1C, 0x1F,
    0xDF, 0xFC, 0x7C, 0x1E, 0x0F, 0x07, 0xC7, 0x7F, 0x9F, 0xC0, 0x0F, 0x81, 0xF8, 0x19, 0x81, 0xF8,
    0x0F, 0x80, 0x60, 0x00, 0x00, 0x70, 0x0F, 0x00, 0xF8, 0x0F, 0x81, 0xD8, 0x19, 0xC3, 0x8C, 0x3F,
    0xC3, 0xFE, 0x7F, 0xE7, 0x07, 0x60, 0x70, 0x00, 0x1D, 0x8F, 0x85, 0xC2, 0x41, 0xF8, 0xF8, 0x18,
    0x3F, 0xBF, 0xF8, 0xF8, 0x3C, 0x1E, 0x0F, 0x8E, 0xFF, 0x3F, 0x80, 0x1F, 0x80, 0xF8, 0x06, 0x00,
    0x00, 0x07, 0x00, 0xF0, 0x0F, 0x80, 0xF8, 0x1D, 0x81, 0x9C, 0x38, 0xC3, 0xFC, 0x3F, 0xE7, 0xFE,
    0x70, 0x76, 0x07, 0x00, 0x00, 0x00, 0x07, 0x00, 0x70, 0x33, 0x1F, 0x0F, 0x81, 0x03, 0xFB, 0xFF,
    0x8F, 0x83, 0xC1, 0xE0, 0xF8, 0xEF, 0xF3, 0xF8, 0x00, 0x00, 0x38, 0x1C, 0x00, 0xFF, 0xFF, 0xF8,
    0x1C, 0x0E, 0x07, 0xFB, 0xFD, 0xC0, 0xE0, 0x70, 0x3F, 0xFF, 0xF0, 0x00, 0x00, 0x70, 0x38, 0x3E,
    0x3F, 0xB8, 0xD8, 0x6F, 0xFF, 0xFB, 0x8C, 0xFE, 0x3E, 0x00, 0x00, 0x03, 0x81, 0xC0, 0x00, 0x0F,
    0x07, 0x81, 0xC0, 0xC0, 0x03, 0xFF, 0xFF, 0xE0, 0x70, 0x38, 0x1F, 0xEF, 0xF7, 0x03, 0x81, 0xC0,
    0xFF, 0xFF, 0xC0, 0x00, 0x0E, 0x0F, 0x81, 0x81, 0x80, 0x00, 0xF8, 0xFE, 0xE3, 0x61, 0xBF, 0xFF,
    0xEE, 0x33, 0xF8, 0xF8, 0x3F, 0x1F, 0x09, 0x00, 0x0F, 0xFF, 0xFF, 0x81, 0xC0, 0xE0, 0x7F, 0xBF,
    0xDC, 0x0E, 0x07, 0x03, 0xFF, 0xFF, 0x00, 0x1F, 0x0F, 0x00, 0x03, 0xE3, 0xFB, 0x8D, 0x86, 0xFF,
    0xFF, 0xB8, 0xCF, 0xE3, 0xE0, 0x01, 0xC0, 0x70, 0xD8, 0x78, 0x3E, 0x0D, 0xC0, 0x03, 0xFE, 0xFF,
    0xB8, 0x0E, 0x03, 0x80, 0xFF, 0x3F, 0xCE, 0x03, 0x80, 0xE0, 0x3F, 0xEF, 0xF8, 0x01, 0x80, 0x60,
    0x38, 0x7C, 0x3E, 0x1D, 0x80, 0x00, 0xF8, 0x7F, 0x38, 0xCC, 0x3B, 0xFE, 0xFF, 0x38, 0xC7, 0xF0,
    0xF8, 0x07, 0x01, 0x83, 0xE3, 0x83, 0xE1, 0x98, 0x01, 0xFF, 0xFF, 0xF0, 0x38, 0x1C, 0x0F, 0xF7,
    0xFB, 0x81, 0xC0, 0xE0, 0x7F, 0xFF, 0xE0, 0x06, 0x01, 0x87, 0xC7, 0x87, 0x60, 0x00, 0xF8, 0xFE,
    0xE3, 0x61, 0xBF, 0xFF, 0xEE, 0x33, 0xF8, 0xF8, 0x00, 0x00, 0xE0, 0x7C, 0x06, 0x1F, 0x07, 0x83,
    0x60, 0x00, 0xFF, 0xBF, 0xEE, 0x03, 0x80, 0xE0, 0x3F, 0xCF, 0xF3, 0x80, 0xE0, 0x38, 0x0F, 0xFB,
    0xFE, 0x00, 0x03, 0xC1, 0xE0, 0x71, 0xF1, 0xF1, 0xD8, 0x00, 0x3E, 0x3F, 0xB8, 0xD8, 0x6F, 0xFF,
    0xFB, 0x8C, 0xFE, 0x3E, 0x00, 0x3F, 0x1F, 0x09, 0x03, 0x83, 0xE1, 0xB8, 0x01, 0xFF, 0xFF, 0xF0,
    0x38, 0x1C, 0x0F, 0xF7, 0xFB, 0x81, 0xC0, 0xE0, 0x7F, 0xFF, 0xE0, 0x00, 0x1F, 0x1F, 0x84, 0x81,
    0xC1, 0xF1, 0xD8, 0x00, 0x3E, 0x3F, 0xB8, 0xD8, 0x6F, 0xFF, 0xFB, 0x8C, 0xFE, 0x3E, 0x00, 0x1C,
    0x1F, 0x0D, 0xC0, 0x0F, 0xFF, 0xFF, 0x81, 0xC0, 0xE0, 0x7F, 0xBF, 0xDC, 0x0E, 0x07, 0x03, 0xFF,
    0xFF, 0x00, 0x00, 0x07, 0x03, 0x80, 0x1C, 0x1F, 0x1D, 0x80, 0x03, 0xE3, 0xFB, 0x8D, 0x86, 0xFF,
    0xFF, 0xB8, 0xCF, 0xE3, 0xE0, 0x00, 0x00, 0x38, 0x1C, 0x00, 0x03, 0xBE, 0x66, 0x01, 0xCE, 0x73,
    0x9C, 0xE7, 0x39, 0xCE, 0x73, 0x80, 0x03, 0xBE, 0x66, 0x01, 0xCE, 0x73, 0x9C, 0xE7, 0x39, 0xC0,
    0xFF, 0xFF, 0xFF, 0xFF, 0xF0, 0x3F, 0xFC, 0x0F, 0xFF, 0xFF, 0xFE, 0x07, 0xE0, 0x0F, 0xC0, 0xFF,
    0xC3, 0x87, 0x9C, 0x0E, 0x70, 0x19, 0x80, 0x76, 0x01, 0xDC, 0x06, 0x70, 0x38, 0xE1, 0xE3, 0xFF,
    0x03, 0xF0, 0x00, 0x00, 0x00, 0x00, 0x30, 0x00, 0xC0, 0x3E, 0x3F, 0xB8, 0xFC, 0x3C, 0x1F, 0x0F,
    0x8E, 0xFE, 0x3E, 0x00, 0x00, 0x03, 0x81, 0xC0, 0x00, 0x00, 0x1E, 0x00, 0x78, 0x01, 0x60, 0x03,
    0x80, 0x0C, 0x00, 0x00, 0x03, 0xF0, 0x3F, 0xF0, 0xE1, 0xC7, 0x03, 0x98, 0x06, 0x60, 0x19, 0x80,
    0x66, 0x01, 0x9C, 0x0E, 0x38, 0x70, 0xFF, 0xC0, 0xFC, 0x00, 0x00, 0x0E, 0x0F, 0x81, 0xC0, 0xC0,
    0x00, 0xF8, 0xFE, 0xE3, 0xE0, 0xF0, 0x78, 0x3E, 0x3B, 0xF8, 0xF8, 0x00, 0x30, 0x01, 0xC0, 0x36,
    0x01, 0xE0, 0x07, 0xC0, 0x33, 0x00, 0x00, 0x03, 0xF0, 0x3F, 0xF0, 0xE1, 0xC7, 0x03, 0x98, 0x06,
    0x60, 0x19, 0x80, 0x66, 0x01, 0x9C, 0x0E, 0x38, 0x70, 0xFF, 0xC0, 0xFC, 0x00, 0x00, 0xC0, 0x60,
    0x38, 0x7C, 0x3E, 0x0D, 0x80, 0x00, 0xF8, 0x7F, 0x38, 0xEC, 0x1B, 0x06, 0xC1, 0xB8, 0xE7, 0xF0,
    0xF8, 0x00, 0xC0, 0x03, 0x80, 0x36, 0x01, 0xE0, 0x0F, 0xC0, 0x33, 0x00, 0x00, 0x03, 0xF0, 0x3F,
    0xF0, 0xE1, 0xE7, 0x03, 0x9C, 0x06, 0x60, 0x1D, 0x80, 0x77, 0x01, 0x9C, 0x0E, 0x38, 0x78, 0xFF,
    0xC0, 0xFC, 0x00, 0x06, 0x01, 0x87, 0x47, 0xC3, 0x60, 0x00, 0xF8, 0xFE, 0xE3, 0xE0, 0xF0, 0x78,
    0x3E, 0x3B, 0xF8, 0xF8, 0x00, 0x00, 0x03, 0xC0, 0x0F, 0x00, 0x0C, 0x03, 0x60, 0x1E, 0x00, 0x7C,
    0x03, 0x30, 0x00, 0x00, 0x3F, 0x03, 0xFF, 0x0E, 0x1C, 0x70, 0x39, 0x80, 0x66, 0x01, 0x98, 0x06,
    0x60, 0x19, 0xC0, 0xE3, 0x87, 0x0F, 0xFC, 0x0F, 0xC0, 0x00, 0x01, 0xE0, 0x78, 0x0E, 0x1F, 0x0F,
    0x83, 0x60, 0x00, 0x3E, 0x1F, 0xCE, 0x3B, 0x06, 0xC1, 0xB0, 0x6E, 0x39, 0xFC, 0x3E, 0x00, 0x0F,
    0xC0, 0x3F, 0x00, 0x10, 0x01, 0xE0, 0x07, 0x80, 0x33, 0x00, 0x00, 0x03, 0xF0, 0x3F, 0xF0, 0xE1,
    0xC7, 0x03, 0x98, 0x06, 0x60, 0x19, 0x80, 0x66, 0x01, 0x9C, 0x0E, 0x38, 0x70, 0xFF, 0xC0, 0xFC,
    0x00, 0x3B, 0x1F, 0x08, 0x03, 0x83, 0xE1, 0xB0, 0x00, 0x7C, 0x7F, 0x71, 0xF0, 0x78, 0x3C, 0x1F,
    0x1D, 0xFC, 0x7C, 0x03, 0x00, 0x1E, 0x00, 0xFC, 0x00, 0x00, 0x00, 0x00, 0x3F, 0x03, 0xFF, 0x0E,
    0x1E, 0x70, 0x39, 0xC0, 0x66, 0x01, 0xD8, 0x07, 0x70, 0x19, 0xC0, 0xE3, 0x87, 0x8F, 0xFC, 0x0F,
    0xC0, 0x00, 0x00, 0x00, 0x00, 0xC0, 0x03, 0x00, 0x1C, 0x1F, 0x0D, 0xC0, 0x03, 0xE3, 0xFB, 0x8F,
    0xC3, 0xC1, 0xF0, 0xF8, 0xEF, 0xE3, 0xE0, 0x00, 0x00, 0x38, 0x1C, 0x00, 0x01, 0xC0, 0x06, 0x00,
    0x38, 0x00, 0xCE, 0x0F, 0xF0, 0x7F, 0xC3, 0x87, 0x1C, 0x0E, 0x60, 0x19, 0x80, 0x66, 0x01, 0x98,
    0x06, 0x60, 0x19, 0xC0, 0xE3, 0x87, 0x07, 0xFC, 0x0F, 0xC0, 0x06, 0x07, 0x03, 0x01, 0xB0, 0x19,
    0xFD, 0xFD, 0xC7, 0xC1, 0xE0, 0xF0, 0x7C, 0x77, 0xF1, 0xF0, 0x06, 0x00, 0x18, 0x00, 0x30, 0x00,
    0xCE, 0x0F, 0xF0, 0x7F, 0xC3, 0x87, 0x1C, 0x0E, 0x60, 0x19, 0x80, 0x66, 0x01, 0x98, 0x06, 0x60,
    0x19, 0xC0, 0xE3, 0x87, 0x07, 0xFC, 0x0F, 0xC0, 0x30, 0x1C, 0x06, 0x03, 0x30, 0x19, 0xFD, 0xFD,
    0xC7, 0xC1, 0xE0, 0xF0, 0x7C, 0x77, 0xF1, 0xF0, 0x00, 0x00, 0x1E, 0x00, 0x78, 0x01, 0x60, 0x03,
    0x80, 0x0C, 0xE0, 0xFF, 0x07, 0xFC, 0x38, 0x71, 0xC0, 0xE6, 0x01, 0x98, 0x06, 0x60, 0x19, 0x80,
    0x66, 0x01, 0x9C, 0x0E, 0x38, 0x70, 0x7F, 0xC0, 0xFC, 0x00, 0x00, 0x0F, 0x0F, 0x81, 0xC0, 0xD8,
    0x0C, 0xFE, 0xFE, 0xE3, 0xE0, 0xF0, 0x78, 0x3E, 0x3B, 0xF8, 0xF8, 0x0F, 0xC0, 0x3F, 0x00, 0x03,
    0x83, 0xFC, 0x1F, 0xF0, 0xE1, 0xC7, 0x03, 0x98, 0x06, 0x60, 0x19, 0x80, 0x66, 0x01, 0x98, 0x06,
    0x70, 0x38, 0xE1, 0xC1, 0xFF, 0x03, 0xF0, 0x00, 0x1F, 0x0F, 0x60, 0x33, 0xFB, 0xFB, 0x8F, 0x83,
    0xC1, 0xE0, 0xF8, 0xEF, 0xE3, 0xE0, 0x00, 0x38, 0x3F, 0xC1, 0xFF, 0x0E, 0x1C, 0x70, 0x39, 0x80,
    0x66, 0x01, 0x98, 0x06, 0x60, 0x19, 0x80, 0x67, 0x03, 0x8E, 0x1C, 0x1F, 0xF0, 0x3F, 0x00, 0x00,
    0x00, 0x00, 0x03, 0x00, 0x0C, 0x00, 0x01, 0x80, 0xCF, 0xEF, 0xEE, 0x3E, 0x0F, 0x07, 0x83, 0xE3,
    0xBF, 0x8F, 0x80, 0x00, 0x00, 0xE0, 0x70, 0xE0, 0xFC, 0x1F, 0x83, 0xF0, 0x7E, 0x0F, 0xC1, 0xF8,
    0x3F, 0x07, 0xE0, 0xCE, 0x39, 0xFF, 0x1F, 0x80, 0x00, 0x00, 0x03, 0x80, 0x70, 0xE3, 0xE3, 0xE3,
    0xE3, 0xE3, 0xE3, 0xE7, 0xFF, 0x7B, 0x00, 0x00, 0x18, 0x18, 0x00, 0x01, 0xC0, 0x7C, 0x03, 0x00,
    0xE0, 0x18, 0x00, 0x07, 0x07, 0xE0, 0xFC, 0x1F, 0x83, 0xF0, 0x7E, 0x0F, 0xC1, 0xF8, 0x3F, 0x06,
    0x61, 0xCF, 0xF8, 0xFC, 0x00, 0x00, 0x3C, 0x3C, 0x0C, 0x18, 0x00, 0xE3, 0xE3, 0xE3, 0xE3, 0xE3,
    0xE3, 0xE7, 0xFF, 0x7B, 0x03, 0x00, 0x30, 0x01, 0x8C, 0x00, 0x70, 0x03, 0xF0, 0x7B, 0x83, 0xDC,
    0x1C, 0xE0, 0xE7, 0x07, 0x38, 0x39, 0xC1, 0xCE, 0x0E, 0x70, 0x61, 0xC7, 0x0F, 0xF8, 0x3F, 0x00,
    0x0C, 0x03, 0x01, 0xC0, 0x63, 0x00, 0xF0, 0xFC, 0x3B, 0x0C, 0xC3, 0x30, 0xCC, 0x33, 0x9C, 0xFF,
    0x1F, 0xC0, 0x18, 0x00, 0x60, 0x03, 0x0C, 0x00, 0x70, 0x03, 0xF0, 0x7B, 0x83, 0xDC, 0x1C, 0xE0,
    0xE7, 0x07, 0x38, 0x39, 0xC1, 0xCE, 0x0E, 0x70, 0x61, 0xC7, 0x0F, 0xF8, 0x3F, 0x00, 0x70, 0x0C,
    0x03, 0x80, 0x63, 0x00, 0xF0, 0xFC, 0x3B, 0x0C, 0xC3, 0x30, 0xCC, 0x33, 0x9C, 0xFF, 0x1F, 0xC0,
    0x00, 0x00, 0x70, 0x07, 0xC0, 0x16, 0x00, 0x60, 0x02, 0x1C, 0x00, 0xDC, 0x1E, 0xE0, 0xE7, 0x07,
    0x38, 0x39, 0xC1, 0xCE, 0x0E, 0x70, 0x73, 0x83, 0x9C, 0x18, 0x61, 0xC3, 0xFE, 0x0F, 0xE0, 0x00,
    0x0F, 0x03, 0xC0, 0x30, 0x18, 0xC0, 0x3E, 0x3F, 0x8E, 0xE3, 0x38, 0xCE, 0x33, 0x8C, 0xE7, 0x3F,
    0xC7, 0xB0, 0x1D, 0x00, 0xF8, 0x04, 0x0E, 0x00, 0x7E, 0x0F, 0x70, 0x7B, 0x83, 0x9C, 0x1C, 0xE0,
    0xE7, 0x07, 0x38, 0x39, 0xC1, 0xCE, 0x0C, 0x38, 0xE1, 0xFF, 0x07, 0xE0, 0x00, 0x1F, 0x87, 0xCC,
    0x03, 0xC3, 0xF0, 0xEC, 0x33, 0x0C, 0xC3, 0x30, 0xCE, 0x73, 0xFC, 0x7F, 0x00, 0x00, 0x38, 0x01,
    0xF8, 0x3D, 0xC1, 0xEE, 0x0E, 0x70, 0x73, 0x83, 0x9C, 0x1C, 0xE0, 0xE7, 0x07, 0x38, 0x30, 0xE3,
    0x87, 0xFC, 0x1F, 0x80, 0x00, 0x00, 0x00, 0x0E, 0x00, 0x70, 0x00, 0x00, 0xC0, 0x3E, 0x3F, 0x8E,
    0xE3, 0x38, 0xCE, 0x33, 0x8C, 0xE7, 0x3F, 0xC7, 0xB0, 0x00, 0x00, 0x06, 0x01, 0x80, 0x18, 0x01,
    0x80, 0x30, 0x03, 0x00, 0x01, 0xC1, 0xD8, 0x33, 0x8E, 0x39, 0x83, 0x70, 0x7C, 0x07, 0x80, 0xE0,
    0x1C, 0x03, 0x80, 0x70, 0x0E, 0x00, 0x38, 0x06, 0x01, 0xC0, 0x30, 0x00, 0x18, 0x66, 0x19, 0xCE,
    0x33, 0x0C, 0xC3, 0xF0, 0x78, 0x1E, 0x03, 0x01, 0xC3, 0xE0, 0xF0, 0x00, 0xE0, 0xEE, 0x1D, 0xC7,
    0x1C, 0xE1, 0xB8, 0x3E, 0x03, 0xC0, 0x70, 0x0E, 0x01, 0xC0, 0x38, 0x07, 0x00, 0x00, 0x00, 0x03,
    0x80, 0x30, 0xE1, 0xDC, 0x67, 0x38, 0xCC, 0x3F, 0x0F, 0xC1, 0xE0, 0x78, 0x0E, 0x07, 0x0F, 0xBB,
    0xCE, 0x03, 0x80, 0x00, 0x01, 0xE0, 0x3C, 0x03, 0x80, 0x60, 0x00, 0x38, 0x3B, 0x87, 0x71, 0xC7,
    0x38, 0x6E, 0x0F, 0x80, 0xF0, 0x1C, 0x03, 0x80, 0x70, 0x0E, 0x01, 0xC0, 0x00, 0x07, 0x81, 0xE0,
    0x38, 0x0C, 0x00, 0x06, 0x1D, 0x86, 0x73, 0x8C, 0xC3, 0xF0, 0xFC, 0x1E, 0x07, 0x80, 0xC0, 0x70,
    0xF8, 0x3C, 0x00, 0x1F, 0x83, 0xF0, 0x40, 0x00, 0x0E, 0x0E, 0xE1, 0xDC, 0x71, 0xCE, 0x1B, 0x83,
    0xE0, 0x3C, 0x07, 0x00, 0xE0, 0x1C, 0x03, 0x80, 0x70, 0x3F, 0x0F, 0xC3, 0x60, 0x00, 0x61, 0xD8,
    0x67, 0x38, 0xCC, 0x3F, 0x0F, 0xC1, 0xE0, 0x78, 0x0C, 0x07, 0x0F, 0x83, 0xC0, 0xFF, 0xFF, 0xFF,
    0xF6, 0xFF, 0x66, 0x66, 0x66, 0x66, 0x21, 0xBF, 0xEE, 0x63, 0x18, 0xC6, 0x31, 0x8C, 0x00, 0x23,
    0x3E, 0xF3, 0x8C, 0x63, 0x18, 0xC6, 0x31, 0x80, 0xFB, 0x80, 0x77, 0xDE, 0x00, 0xFF, 0xFF, 0x00,
    0x1F, 0xFF, 0xFF, 0x80, 0x7B, 0xE0, 0x77, 0x64, 0xFD, 0xE0, 0x6C, 0xDB, 0xF7, 0xE0, 0xFF, 0xF4,
    0xF6, 0xFF, 0xF6, 0xF6, 0x18, 0x18, 0x18, 0xFF, 0xFF, 0x18, 0x18, 0x18, 0x18, 0x18, 0x18, 0xFF,
    0xFF, 0x18, 0xFF, 0xFF, 0x18, 0x18, 0x7B, 0xFF, 0xFF, 0x78, 0x00, 0x1D, 0xDF, 0xBB, 0x80, 0xF8,
    0xC0, 0x1F, 0x98, 0x03, 0x76, 0x00, 0x7D, 0xC0, 0x07, 0x30, 0x00, 0x0E, 0x00, 0x01, 0x80, 0x00,
    0x77, 0x9E, 0x0D, 0xFF, 0xE3, 0x33, 0xCC, 0x67, 0xFF, 0x98, 0x79, 0xE0, 0x1C, 0x71, 0xC3, 0x07,
    0x07, 0x07, 0x00, 0x70, 0x70, 0x70, 0x71, 0xC7, 0x1C, 0x00, 0x01, 0x80, 0x60, 0x38, 0x1C, 0x06,
    0x03, 0x80, 0xC0, 0x60, 0x38, 0x0C, 0x07, 0x03, 0x80, 0xDF, 0x01, 0xFB, 0x64, 0x3C, 0xFD, 0x9B,
    0x36, 0x6F, 0xCF, 0x00, 0x39, 0xE7, 0xB6, 0xFF, 0xF1, 0x80, 0x7D, 0xF7, 0xDF, 0x4D, 0xF7, 0x80,
    0x39, 0xEF, 0xFF, 0xCF, 0xF7, 0x80, 0x7E, 0xF8, 0x70, 0xC3, 0x06, 0x0C, 0x00, 0xFB, 0xED, 0xBE,
    0xFB, 0xEF, 0x80, 0x7B, 0xFC, 0xFF, 0xFD, 0xE7, 0x80, 0x3C, 0xFD, 0x9B, 0x37, 0xE7, 0x80, 0x7F,
    0x33, 0x33, 0x7B, 0xFD, 0xCE, 0xFF, 0xF0, 0x7B, 0xF3, 0x8F, 0xFD, 0xE0, 0x1C, 0x79, 0xB3, 0xF7,
    0xE1, 0x80, 0xFB, 0xEF, 0xF7, 0xF9, 0xE0, 0x7F, 0xFF, 0xF3, 0xFD, 0xE0, 0x7E, 0xF8, 0x61, 0xC3,
    0x06, 0x00, 0xFB, 0xEF, 0xBE, 0xFF, 0xE0, 0x7B, 0xFD, 0xFF, 0x79, 0xE0, 0x00, 0x1F, 0xCF, 0xFD,
    0xE1, 0xBD, 0xB7, 0xB6, 0xF6, 0xDE, 0xDB, 0xD8, 0x7B, 0xFF, 0x7F, 0x00, 0x00, 0x03, 0xF0, 0x7C,
    0xFE, 0x7F, 0x9C, 0xE6, 0x39, 0xCE, 0x7F, 0x8F, 0xE7, 0xFF, 0xFF, 0x07, 0xF0, 0xFF, 0x1C, 0x03,
    0x80, 0xFF, 0xCF, 0xF8, 0xFF, 0xCF, 0xF8, 0x38, 0x01, 0xC0, 0x0F, 0xF0, 0x7F, 0xFF, 0xFC, 0x03,
    0x01, 0x81, 0xC0, 0xC0, 0xE0, 0x60, 0x70, 0x30, 0x38, 0x18, 0x1C, 0x0C, 0x0E, 0x00, 0x00, 0x40,
    0x18, 0x03, 0x00, 0xCF, 0x19, 0xE3, 0x06, 0xC0, 0xD8, 0x0E, 0x01, 0xC0, 0x18, 0x02, 0x00, 0xFF,
    0xF8, 0x00, 0xFF, 0xF8, 0x00, 0x03, 0x03, 0x81, 0x9F, 0xFF, 0xF0, 0xC0, 0xE1, 0xFF, 0xFF, 0x30,
    0x38, 0x00, 0x00, 0x07, 0x3E, 0xF8, 0xF8, 0x3E, 0x0F, 0x00, 0x00, 0xFF, 0x00, 0x00, 0xE0, 0xF8,
    0x1E, 0x1F, 0x7C, 0xF0, 0x00, 0x00, 0xFF, 0x00, 0x61, 0xC3, 0x87, 0x0C, 0x01, 0xE4, 0xF1, 0x4D,
    0xE0, 0x00, 0x7F, 0xFF, 0xFF, 0xFF, 0x7F, 0xFF, 0x01, 0x80, 0x01, 0x80, 0x01, 0x80, 0x01, 0x80,
    0x01, 0x80, 0x01, 0xFE, 0x01, 0xFE, 0x01, 0x80, 0x01, 0x80, 0x01, 0x80, 0x01, 0x80, 0x01, 0x80,
    0x01, 0x80, 0xFF, 0xFF, 0x7F, 0xFF, 0x7F, 0xFF, 0x7F, 0xFF, 0x01, 0x80, 0x01, 0x80, 0x01, 0xC0,
    0x01, 0xF0, 0x01, 0xFC, 0x01, 0x9E, 0x01, 0x86, 0x01, 0x80, 0x01, 0x80, 0x01, 0x80, 0x01, 0x80,
    0x01, 0x80, 0x01, 0x80, 0x7F, 0xFF, 0x7F, 0xFF, 0x01, 0xC0, 0x01, 0xC0, 0x03, 0xE0, 0x07, 0xF8,
    0x1F, 0x9C, 0x3D, 0x8E, 0x79, 0x87, 0x61, 0x83, 0x01, 0x80, 0x01, 0x80, 0x01, 0x80, 0x01, 0x80,
    0x01, 0x80, 0x0C, 0x00, 0x18, 0x00, 0x3F, 0xF8, 0xFF, 0xF1, 0x80, 0x03, 0x00, 0x07, 0xFF, 0x8F,
    0xFF, 0x00, 0x06, 0x00, 0x0D, 0xFF, 0xDB, 0xFF, 0x30, 0x00, 0xC0, 0x11, 0x80, 0x3F, 0x00, 0x18,
    0x00, 0x00, 0x1F, 0xFC, 0x1F, 0xFC, 0x18, 0x0C, 0x18, 0x0C, 0x1F, 0xFC, 0x1F, 0xFC, 0x18, 0x0C,
    0x18, 0x0C, 0x1F, 0xFC, 0x1F, 0xFC, 0x18, 0x0C, 0x18, 0x0C, 0x7F, 0xFF, 0x7F, 0xFF, 0x00, 0xFC,
    0x3F, 0xFC, 0x3F, 0x80, 0x01, 0x80, 0x3F, 0xFE, 0x3F, 0xFE, 0x01, 0x80, 0x7F, 0xFF, 0x7F, 0xFF,
    0x07, 0x00, 0x06, 0x38, 0x0C, 0x1C, 0x18, 0xFC, 0x3F, 0xFE, 0x3E, 0x07, 0x00, 0x00, 0xFF, 0xFF,
    0xFF, 0xFC, 0x33, 0x03, 0xFF, 0xEF, 0xFF, 0xD9, 0x99, 0xB3, 0x33, 0x67, 0x76, 0xDF, 0xFD, 0xB7,
    0xFB, 0xEE, 0x77, 0x98, 0x6C, 0x00, 0xD8, 0x0F, 0xB0, 0x0E, 0x00, 0x00, 0x00, 0x00, 0x60, 0x00,
    0x70, 0x00, 0x7C, 0x00, 0x77, 0x00, 0xF1, 0xC0, 0xF6, 0x79, 0xE3, 0x1E, 0x61, 0x83, 0x00, 0xC0,
    0x00, 0x60, 0x00, 0x30, 0x00, 0x18, 0x00, 0x0C, 0x00, 0x06, 0x00, 0x03, 0x00, 0x01, 0x80, 0x00,
    0x03, 0x00, 0x06, 0x00, 0x0C, 0x07, 0xFF, 0xEF, 0xFF, 0xD8, 0x61, 0xB0, 0xC3, 0x61, 0x86, 0xFF,
    0xFD, 0xFF, 0xFB, 0x0C, 0x30, 0x18, 0x00, 0x30, 0x00, 0x60, 0x00, 0xC0, 0x01, 0x80, 0x03, 0x00,
    0x0C, 0x07, 0xFF, 0xD8, 0xC7, 0x63, 0x1D, 0xFF, 0xF7, 0xFF, 0x9F, 0xFF, 0xFF, 0xFF, 0x8C, 0x3C,
    0x30, 0xFF, 0xFF, 0xFF, 0xFD, 0x0C, 0x10, 0x30, 0x00, 0x40, 0x13, 0x80, 0x1B, 0x80, 0x1F, 0x00,
    0x0B, 0x00, 0x7F, 0xFE, 0x7F, 0xFE, 0x03, 0x06, 0x03, 0xC6, 0x07, 0xE6, 0x06, 0x66, 0x0E, 0x36,
    0x0C, 0x06, 0x18, 0x06, 0x70, 0x3E, 0x60, 0x7C, 0x00, 0x30, 0x03, 0x80, 0x03, 0xC0, 0x00, 0xE0,
    0x7F, 0xFE, 0x7F, 0xFE, 0x01, 0x80, 0x01, 0x80, 0x01, 0x80, 0x3F, 0xFE, 0x3F, 0xFE, 0x01, 0x80,
    0x01, 0x80, 0x01, 0x80, 0x7F, 0xFF, 0x7F, 0xFF, 0x00, 0x00, 0x00, 0xC0, 0x00, 0x61, 0x86, 0x39,
    0xC3, 0x8C, 0xC0, 0xC4, 0xE0, 0x70, 0x60, 0x18, 0x70, 0x06, 0x30, 0x03, 0xB8, 0x00, 0xF8, 0x00,
    0x38, 0x00, 0x7E, 0x00, 0x7B, 0xC1, 0xF0, 0xFD, 0xE0, 0x1E, 0x40, 0x00, 0x00, 0x00, 0x00, 0x00,
    0xC0, 0x00, 0x70, 0x00, 0x18, 0x07, 0xFF, 0xE3, 0xFF, 0xF0, 0x00, 0x70, 0x00, 0x70, 0x00, 0x70,
    0x00, 0x70, 0x00, 0x70, 0x00, 0xF0, 0x01, 0xF0, 0x01, 0xE0, 0x01, 0xFF, 0xFC, 0xC7, 0xFE, 0x00,
    0x00, 0x00, 0x7F, 0xFD, 0xFF, 0xF0, 0x00, 0xC6, 0x03, 0x1E, 0x0C, 0x1C, 0x30, 0x30, 0xC0, 0x1B,
    0x03, 0xEC, 0x7F, 0x37, 0xE0, 0xDC, 0x03, 0x00, 0x5C, 0x03, 0xE0, 0x07, 0x00, 0x03, 0x10, 0x06,
    0x38, 0x1C, 0x3B, 0xFF, 0xF7, 0xFF, 0x80, 0x63, 0x00, 0xC6, 0x7F, 0xFF, 0xFF, 0xFE, 0x06, 0x0C,
    0x0C, 0x18, 0x18, 0x30, 0x37, 0xC0, 0x6F, 0x80, 0xC0, 0x01, 0x00, 0x3F, 0xFE, 0x3F, 0xFE, 0x00,
    0x00, 0x00, 0x00, 0x00, 0x00, 0x00, 0x00, 0x00, 0x00, 0x00, 0x00, 0x00, 0x00, 0x00, 0x00, 0x7F,
    0xFF, 0x7F, 0xFF, 0x3F, 0xFE, 0x3F, 0xFE, 0x01, 0xC0, 0x01, 0xC0, 0x01, 0xC0, 0x7F, 0xFF, 0x7F,
    0xFF, 0x01, 0xC0, 0x01, 0xC0, 0x01, 0xC0, 0x01, 0xC0, 0x01, 0xC0, 0x0F, 0xC0, 0x0F, 0x80, 0x07,
    0x00, 0x00, 0x00, 0x7F, 0xFF, 0x3F, 0xFE, 0x0E, 0x00, 0x0F, 0xF8, 0x0F, 0xF8, 0x0C, 0x18, 0x0C,
    0x18, 0x1C, 0x18, 0x1F, 0xF8, 0x1F, 0xF8, 0x00, 0x30, 0x00, 0x30, 0x7F, 0xFF, 0x7F, 0xFF, 0x00,
    0x00, 0x01, 0x80, 0x01, 0xC0, 0x7F, 0xFF, 0x7F, 0xFF, 0x0E, 0x38, 0x1C, 0x1C, 0x38, 0x0E, 0x76,
    0x37, 0x26, 0x32, 0x07, 0x60, 0x03, 0xE0, 0x01, 0xC0, 0x07, 0xF0, 0x3E, 0x7E, 0x78, 0x1F, 0x60,
    0x00, 0x00, 0x00, 0x01, 0x80, 0x7F, 0xFF, 0x7F, 0xFF, 0x1F, 0xFC, 0x1F, 0xFC, 0x18, 0x0C, 0x1F,
    0xFC, 0x3F, 0xFE, 0x7F, 0xFF, 0x60, 0x03, 0x67, 0xF3, 0x06, 0x30, 0x0C, 0x33, 0x1C, 0x33, 0x78,
    0x3F, 0x60, 0x00, 0x01, 0x80, 0x00, 0xC0, 0x00, 0x60, 0x00, 0x30, 0x00, 0x1C, 0x00, 0x0E, 0x00,
    0x0F, 0x00, 0x07, 0xC0, 0x03, 0x60, 0x03, 0xB8, 0x03, 0x8C, 0x01, 0x87, 0x01, 0xC1, 0xC3, 0xC0,
    0x79, 0xC0, 0x1C, 0x00, 0x00, 0x0C, 0x00, 0x07, 0xFF, 0x07, 0xFF, 0x83, 0x60, 0xC3, 0x98, 0x63,
    0xCC, 0x33, 0xE6, 0x31, 0xB1, 0x98, 0x18, 0xDC, 0x0C, 0x3C, 0x06, 0x1C, 0x03, 0x0F, 0x01, 0x8F,
    0xC0, 0xDE, 0x78, 0x7C, 0x1C, 0x20, 0x00, 0x00, 0x00, 0x00, 0xE0, 0x00, 0xF0, 0x00, 0xFC, 0x00,
    0xE7, 0x80, 0xE8, 0xE1, 0xEF, 0x3C, 0xE1, 0xCE, 0x00, 0x60, 0x1F, 0xFF, 0x0F, 0xFF, 0x00, 0x03,
    0x00, 0x03, 0x80, 0x03, 0x80, 0x03, 0x80, 0x03, 0x80, 0x00, 0x80, 0x00, 0x0C, 0x30, 0x0C, 0x30,
    0x0C, 0x30, 0x0C, 0x30, 0x0C, 0x30, 0x0C, 0x30, 0x1C, 0x30, 0x1E, 0x70, 0x1F, 0x78, 0x1B, 0x78,
    0x39, 0xFC, 0x30, 0xCC, 0x31, 0xCE, 0x71, 0x87, 0x63, 0x83, 0x00, 0x00, 0x0C, 0x30, 0x0F, 0x98,
    0x06, 0xCC, 0x87, 0x67, 0xE3, 0x37, 0xF3, 0x9F, 0xDB, 0xFF, 0xCD, 0xFE, 0x66, 0x33, 0x33, 0x19,
    0x9F, 0x8C, 0xCF, 0x86, 0x66, 0x23, 0x30, 0x31, 0x9F, 0xF8, 0xC7, 0xFC, 0x60, 0xF8, 0x00, 0x08,
    0x62, 0x18, 0x66, 0x18, 0x63, 0x18, 0x63, 0x98, 0x61, 0x98, 0x60, 0x18, 0x60, 0x38, 0x60, 0x30,
    0x62, 0x30, 0x7E, 0x70, 0x7C, 0xF8, 0xF1, 0xDC, 0x43, 0x8E, 0x07, 0x06, 0x00, 0x00, 0x0C, 0x30,
    0x1D, 0xB0, 0x1B, 0xB0, 0x3B, 0xFF, 0x33, 0xFF, 0x77, 0x30, 0xF6, 0x30, 0x70, 0x30, 0x37, 0xFF,
    0x37, 0xFF, 0x30, 0x30, 0x30, 0x30, 0x30, 0x30, 0x30, 0x30, 0x30, 0x30, 0x10, 0x30, 0x0C, 0x06,
    0x0C, 0xFE, 0x1F, 0xF8, 0x1B, 0x30, 0x38, 0x30, 0x78, 0x30, 0xF8, 0x30, 0xDF, 0xFF, 0x1F, 0xFF,
    0x18, 0x30, 0x18, 0x30, 0x18, 0x30, 0x18, 0x30, 0x1F, 0xFF, 0x1F, 0xFF, 0x18, 0x00, 0x0C, 0x60,
    0x06, 0x38, 0x07, 0x1C, 0x03, 0x0E, 0x03, 0xFF, 0xF3, 0xFF, 0xFB, 0xE3, 0xE1, 0xB1, 0xF0, 0x19,
    0xFC, 0x0C, 0xFE, 0x06, 0xDD, 0x83, 0xEE, 0xE1, 0xE7, 0x30, 0xC3, 0x80, 0x61, 0xC0, 0x30, 0x40,
    0x0C, 0x60, 0x1F, 0xFE, 0x1F, 0xFF, 0x3B, 0xFE, 0x30, 0xC0, 0x7F, 0xFF, 0xF7, 0xFF, 0xF1, 0x80,
    0x31, 0xFE, 0x31, 0xFE, 0x30, 0x1C, 0x30, 0xF8, 0x30, 0xF0, 0x30, 0x78, 0x30, 0x18, 0x30, 0x00,
    0x0C, 0x30, 0x1C, 0x30, 0x18, 0x30, 0x3F, 0xFF, 0x37, 0xFF, 0x70, 0x30, 0xF0, 0x30, 0xF0, 0x30,
    0x33, 0xFE, 0x33, 0xFE, 0x33, 0x06, 0x33, 0x06, 0x33, 0x06, 0x33, 0xFE, 0x33, 0xFE, 0x33, 0x02,
    0x00, 0x00, 0x0C, 0x60, 0x0C, 0x70, 0x18, 0x30, 0x1B, 0xFF, 0x3B, 0xFE, 0x79, 0x8E, 0xF9, 0x8C,
    0x79, 0x8C, 0x19, 0xCC, 0x18, 0xCC, 0x18, 0xCC, 0x18, 0xD8, 0x18, 0xD8, 0x1F, 0xFF, 0x1F, 0xFF,
    0x10, 0x00, 0x0C, 0x60, 0x0C, 0x30, 0x06, 0x18, 0x06, 0xFF, 0xE3, 0x7F, 0xF3, 0x87, 0xC3, 0xC3,
    0xE0, 0xE3, 0xF8, 0x31, 0xEC, 0x19, 0xB3, 0x0D, 0xD9, 0xC7, 0xFF, 0xE3, 0x5F, 0xD1, 0x83, 0x00,
    0xC1, 0x80, 0x20, 0x40, 0x00, 0x00, 0x00, 0xE0, 0x00, 0xF0, 0x00, 0xEE, 0x00, 0xE3, 0x81, 0xE0,
    0xF3, 0xFF, 0xFC, 0xDF, 0xF6, 0x01, 0xC0, 0x3F, 0xFF, 0x9F, 0xFF, 0xC1, 0x3A, 0x01, 0xDD, 0xC1,
    0xCE, 0x71, 0xC7, 0x1C, 0xCF, 0x04, 0x07, 0x00, 0x00, 0x0C, 0xC0, 0x06, 0x60, 0x06, 0x7F, 0xC7,
    0x3F, 0xE3, 0xBE, 0x03, 0xFB, 0x03, 0xF9, 0xFC, 0xF4, 0xFE, 0x38, 0x60, 0x1C, 0x30, 0x0E, 0x1F,
    0xC7, 0x0F, 0xE3, 0x86, 0x01, 0xC3, 0x00, 0xE1, 0x80, 0x20, 0xC0, 0x0D, 0x80, 0x1D, 0x80, 0x19,
    0x80, 0x3B, 0xFF, 0x33, 0xFF, 0x77, 0x33, 0xF6, 0x33, 0xF1, 0xBC, 0x31, 0xB6, 0x33, 0xB6, 0x33,
    0x37, 0x37, 0x33, 0x36, 0x33, 0x30, 0x30, 0x30, 0xF0, 0x30, 0xE0, 0x00, 0x00, 0x06, 0x18, 0x03,
    0xFF, 0xC3, 0xFF, 0xE3, 0x83, 0x01, 0x9F, 0xF9, 0xDF, 0xFD, 0xEC, 0x66, 0x56, 0x33, 0x0B, 0xFF,
    0x84, 0xFF, 0x82, 0x6C, 0x01, 0x1E, 0x00, 0x8F, 0x00, 0x4F, 0xF0, 0x3E, 0x3E, 0x14, 0x03, 0x00,
    0x0D, 0x8C, 0x1D, 0x8C, 0x19, 0x8C, 0x3F, 0xFF, 0x37, 0xFF, 0x71, 0x8C, 0xF1, 0x8C, 0xF1, 0x8C,
    0x33, 0xFF, 0x37, 0xFF, 0x30, 0x00, 0x31, 0x8C, 0x31, 0x8E, 0x33, 0x06, 0x36, 0x03, 0x10, 0x00,
    0x18, 0x03, 0x1F, 0xEB, 0x34, 0x7B, 0x35, 0xFB, 0x75, 0xFB, 0x75, 0xFB, 0xF5, 0xFB, 0xF5, 0xFB,
    0x35, 0xFB, 0x35, 0xFB, 0x35, 0x7B, 0x37, 0x6B, 0x33, 0xC3, 0x36, 0x63, 0x3E, 0x6F, 0x20, 0x06,
    0x0C, 0x00, 0x0F, 0xFF, 0x86, 0x0C, 0x07, 0x7F, 0xC3, 0x3F, 0xF3, 0x91, 0x9B, 0xCF, 0xFC, 0xE6,
    0x6E, 0x33, 0xFF, 0x19, 0xFF, 0x8D, 0x98, 0x06, 0x6C, 0x03, 0x1E, 0x01, 0x9F, 0xE0, 0xFC, 0xFC,
    0x28, 0x04, 0x0F, 0xFE, 0x07, 0xFF, 0x06, 0xC1, 0x87, 0x60, 0xC3, 0x30, 0x63, 0x9F, 0xF3, 0xC1,
    0xC1, 0xA0, 0x60, 0x17, 0xFF, 0x0B, 0xFF, 0x84, 0x3E, 0x02, 0x37, 0x81, 0x3B, 0x60, 0xF9, 0x98,
    0x50, 0xC4, 0x20, 0x40, 0x0C, 0x60, 0x18, 0x70, 0x1F, 0xFF, 0x3F, 0xFF, 0x30, 0x00, 0x73, 0xFE,
    0xF3, 0xFE, 0x73, 0xFE, 0x33, 0xFE, 0x30, 0x00, 0x33, 0xFE, 0x33, 0x06, 0x33, 0x06, 0x33, 0xFE,
    0x33, 0xFE, 0x13, 0x06, 0x00, 0x00, 0x0C, 0x30, 0x06, 0x3F, 0x83, 0x1F, 0xE3, 0x1C, 0x61, 0xBB,
    0x61, 0xD8, 0xE1, 0xED, 0xFC, 0xF7, 0xDF, 0x1B, 0x1C, 0x0D, 0xBB, 0x06, 0xD3, 0x83, 0x6F, 0x31,
    0xA6, 0x70, 0xC1, 0xF0, 0x63, 0xE0, 0x31, 0x00, 0x00, 0x18, 0x03, 0x1F, 0xFB, 0x3F, 0xFB, 0x33,
    0xDB, 0x76, 0x7B, 0x7F, 0xFB, 0xF7, 0x3B, 0xF1, 0x9B, 0x37, 0xFB, 0x3F, 0xFB, 0x31, 0x9B, 0x31,
    0xEB, 0x3F, 0xE3, 0x3F, 0x8F, 0x30, 0x1E, 0x30, 0x00, 0x0C, 0x70, 0x1F, 0xFF, 0x1F, 0xFF, 0x38,
    0x60, 0x33, 0xFE, 0x73, 0xFE, 0xF3, 0xFE, 0x73, 0xFE, 0x33, 0x06, 0x33, 0xFE, 0x33, 0x06, 0x33,
    0xFE, 0x33, 0xFE, 0x37, 0xFF, 0x3F, 0xFF, 0x30, 0x00, 0x18, 0x00, 0x1C, 0xFF, 0x36, 0x7E, 0x36,
    0x7E, 0x76, 0x7F, 0x77, 0xE3, 0xF6, 0x7B, 0xF6, 0x7B, 0x36, 0x7B, 0x36, 0x7B, 0x37, 0xFB, 0x3F,
    0x5A, 0x34, 0x3C, 0x30, 0x76, 0x30, 0xE3, 0x30, 0x80, 0x00, 0x00, 0x0C, 0x60, 0x0F, 0xFE, 0x1B,
    0xFF, 0x3B, 0x03, 0x33, 0xFF, 0x73, 0xFF, 0xF3, 0x00, 0x73, 0xFF, 0x37, 0xEB, 0x37, 0xEB, 0x37,
    0xFF, 0x37, 0xFF, 0x37, 0xEB, 0x3F, 0xEB, 0x3D, 0xEF, 0x11, 0x00, 0x00, 0x00, 0x18, 0x33, 0x1E,
    0xFB, 0x37, 0xFE, 0x33, 0x36, 0x70, 0x3C, 0x7F, 0xFF, 0xFE, 0xFF, 0xF6, 0x70, 0x36, 0xFF, 0x37,
    0xFF, 0x36, 0x7F, 0x36, 0xFF, 0x37, 0xE3, 0x37, 0x7F, 0x36, 0x7F, 0x30, 0x62, 0x3F, 0xFE, 0x3F,
    0xFE, 0x00, 0x00, 0x00, 0x00, 0x00, 0x00, 0x7F, 0xFF, 0x7F, 0xFF, 0x06, 0x60, 0x06, 0x60, 0x0C,
    0x60, 0x0C, 0x63, 0x1C, 0x63, 0x38, 0x7F, 0x70, 0x3F, 0x00, 0x00, 0x0D, 0x80, 0x1D, 0x80, 0x1F,
    0xFE, 0x1F, 0xFE, 0x31, 0x80, 0x71, 0x80, 0x21, 0x80, 0x7F, 0xFF, 0x7F, 0xFF, 0x06, 0x70, 0x0E,
    0x70, 0x0C, 0x73, 0x1C, 0x73, 0x38, 0x7F, 0x70, 0x3F, 0x40, 0x00, 0x01, 0x84, 0x31, 0x8E, 0x19,
    0x8C, 0x19, 0x8C, 0x0D, 0x98, 0x09, 0x80, 0x7F, 0xFF, 0x7F, 0xFF, 0x06, 0x60, 0x06, 0x60, 0x0E,
    0x60, 0x0C, 0x63, 0x1C, 0x63, 0x78, 0x73, 0x70, 0x3F, 0x40, 0x1E, 0x04, 0x00, 0x03, 0x80, 0x00,
    0xC0, 0x00, 0x30, 0x00, 0x1C, 0x00, 0x0E, 0x00, 0x07, 0x80, 0x06, 0xC0, 0x03, 0x30, 0x03, 0x98,
    0x03, 0x86, 0x01, 0x83, 0x81, 0xC0, 0xE3, 0xC0, 0x39, 0xC0, 0x0C, 0x00, 0x00, 0x00, 0x00, 0x00,
    0xE0, 0x00, 0xF0, 0x00, 0xFC, 0x00, 0xE7, 0x80, 0xE0, 0xE1, 0xE0, 0x3D, 0xFF, 0xFE, 0x5F, 0xFD,
    0x00, 0xC0, 0x03, 0xFE, 0x03, 0xFF, 0x80, 0x1C, 0x00, 0x0C, 0x01, 0xFF, 0xFC, 0xFF, 0xFE, 0x01,
    0x80, 0x01, 0x80, 0x01, 0xC0, 0x00, 0xC0, 0x7F, 0xFF, 0x7F, 0xFF, 0x00, 0x00, 0x04, 0x30, 0x0E,
    0x30, 0x0C, 0x38, 0x1C, 0x1C, 0x38, 0x0C, 0x38, 0x0E, 0x70, 0x07, 0x60, 0x03, 0x00, 0x00, 0x0C,
    0x18, 0x0C, 0x18, 0x0E, 0x38, 0x3F, 0xFE, 0x3F, 0xFE, 0x01, 0xC0, 0x01, 0xC0, 0x7F, 0xFF, 0x7F,
    0xFF, 0x01, 0xC0, 0x03, 0xE0, 0x07, 0x70, 0x0E, 0x38, 0x7C, 0x1F, 0x78, 0x0F, 0x00, 0x00, 0x0C,
    0x18, 0x0C, 0x18, 0x7F, 0xFF, 0x1C, 0x18, 0x0F, 0xF8, 0x0F, 0xF8, 0x0C, 0x18, 0x0F, 0xF8, 0x0F,
    0xF8, 0x0C, 0x18, 0x7F, 0xFF, 0x7F, 0xFF, 0x0E, 0x30, 0x3E, 0x3E, 0x78, 0x0F, 0x40, 0x00, 0x0F,
    0xF8, 0x0F, 0xFE, 0x06, 0x03, 0x03, 0xFF, 0x81, 0xFF, 0xC0, 0xFF, 0xE0, 0x7F, 0xF0, 0x30, 0x18,
    0x1F, 0xFC, 0x0C, 0x06, 0x1F, 0xFF, 0xCF, 0xFF, 0xE0, 0xE3, 0x81, 0xE0, 0xF1, 0xC0, 0x1C, 0x80,
    0x04, 0x00, 0x00, 0x02, 0x60, 0x02, 0x60, 0x3F, 0xFE, 0x3F, 0xFE, 0x32, 0x66, 0x33, 0x66, 0x3F,
    0xFE, 0x3F, 0xFE, 0x32, 0x66, 0x32, 0x66, 0xFF, 0xFF, 0xFF, 0xFF, 0x0E, 0x38, 0x3C, 0x1E, 0x70,
    0x07, 0x40, 0x00, 0x03, 0x00, 0x06, 0x01, 0xFF, 0xF7, 0xFF, 0xEF, 0xFF, 0xD8, 0x61, 0xB0, 0xE3,
    0x63, 0xE6, 0xC6, 0xED, 0x9C, 0xFB, 0xF0, 0xF7, 0xC0, 0xEC, 0x00, 0xD8, 0x01, 0xB0, 0x0F, 0x60,
    0x1C, 0x3F, 0x7E, 0x3F, 0x7E, 0x33, 0x66, 0x33, 0x66, 0x33, 0x66, 0x7F, 0xFF, 0xFF, 0xFF, 0x33,
    0x66, 0x33, 0x66, 0x33, 0xC6, 0x33, 0xC6, 0x63, 0xC6, 0x63, 0xC6, 0x6F, 0x9C, 0x4C, 0x18, 0x7F,
    0xFF, 0x3F, 0xFF, 0x07, 0xFF, 0x07, 0xFF, 0x83, 0x18, 0xC1, 0x8C, 0x60, 0xFF, 0xF0, 0x63, 0x18,
    0x31, 0x8C, 0x7F, 0xFF, 0x9F, 0xFF, 0xC6, 0x01, 0x83, 0x00, 0xC1, 0x81, 0xE0, 0xC0, 0xE0, 0x00,
    0x01, 0xFF, 0xFF, 0x30, 0x1E, 0xC0, 0x31, 0xFF, 0xC3, 0xFF, 0x06, 0x00, 0x0F, 0xFC, 0x3F, 0xF8,
    0x00, 0x33, 0xFF, 0x67, 0xFE, 0xC0, 0x03, 0x80, 0x06, 0x00, 0x7C, 0x00, 0x60, 0x01, 0xB0, 0x63,
    0xB0, 0x73, 0x18, 0x33, 0xFF, 0x37, 0x38, 0x0F, 0x30, 0x1F, 0xFF, 0x0B, 0xFE, 0x13, 0x30, 0x3B,
    0xFE, 0x33, 0xFF, 0x33, 0x30, 0x63, 0x38, 0x63, 0xFF, 0x63, 0xFF, 0x02, 0x00, 0x00, 0x00, 0x00,
    0x30, 0x19, 0xFF, 0x8E, 0xFF, 0xE3, 0x3F, 0xE1, 0xBF, 0xF0, 0x03, 0x00, 0x1F, 0xFE, 0x03, 0x9C,
    0x0B, 0xFF, 0x0F, 0xFF, 0xC6, 0x7F, 0xC7, 0x3F, 0xE3, 0x0F, 0xC1, 0x8E, 0xF8, 0x9E, 0x0E, 0x00,
    0x00, 0x00, 0x03, 0x01, 0x8C, 0x76, 0x31, 0xD8, 0xC7, 0x63, 0x1D, 0x8E, 0x77, 0xFF, 0xDF, 0xFE,
    0xE3, 0x0F, 0x8C, 0x3E, 0x30, 0xF8, 0xC3, 0xE3, 0x0F, 0xFF, 0xFF, 0xFF, 0xC0, 0x03, 0x06, 0x30,
    0x07, 0x18, 0x03, 0x06, 0x03, 0x83, 0x83, 0x80, 0xE1, 0x80, 0x39, 0xFF, 0xFC, 0xBF, 0xF8, 0x03,
    0x0C, 0x01, 0x86, 0x01, 0x83, 0x00, 0xC3, 0x80, 0xC1, 0x81, 0xE4, 0xC1, 0xC3, 0xE0, 0x00, 0xC0,
    0x30, 0x00, 0x31, 0xFF, 0x31, 0xFF, 0x30, 0x63, 0x3F, 0x63, 0xFE, 0x63, 0xF0, 0x63, 0x30, 0x63,
    0x30, 0x63, 0x32, 0x63, 0x3F, 0xC3, 0x3C, 0xC3, 0x31, 0x86, 0x03, 0x86, 0x07, 0x3E, 0x00, 0x08,
    0x00, 0x03, 0x7F, 0xC3, 0x18, 0x33, 0x18, 0x33, 0x1F, 0xB3, 0x3F, 0xB3, 0x31, 0xB3, 0x61, 0xB3,
    0x7B, 0xB3, 0x1F, 0x33, 0x0F, 0x33, 0x06, 0x13, 0x0C, 0x03, 0x3C, 0x03, 0x70, 0x0F, 0x20, 0x0C,
    0x06, 0x03, 0x0E, 0x03, 0x1F, 0x33, 0x1B, 0xB3, 0x31, 0xF3, 0x60, 0xF3, 0xFF, 0xB3, 0x3F, 0xB3,
    0x31, 0xB3, 0x31, 0xB3, 0x37, 0x33, 0x37, 0x13, 0x30, 0xC3, 0x30, 0xC3, 0x3F, 0x9E, 0x00, 0x1C,
    0x38, 0x00, 0x19, 0xFF, 0x7D, 0xFF, 0x7E, 0x63, 0x7E, 0x63, 0x0C, 0x63, 0x1F, 0x63, 0x3E, 0x67,
    0x7E, 0x67, 0xFE, 0xE7, 0x5A, 0xC6, 0x18, 0xC6, 0x19, 0x86, 0x1B, 0x86, 0x1B, 0x3E, 0x18, 0x18,
    0x7F, 0xE3, 0x7F, 0xEB, 0x6F, 0x7B, 0x6F, 0x7B, 0x6F, 0x7B, 0x6F, 0x7B, 0xFF, 0xFB, 0xFF, 0xFB,
    0x6F, 0x7B, 0x6F, 0x7B, 0x6F, 0x7B, 0x6F, 0x6B, 0x6F, 0x63, 0x6F, 0x63, 0xFF, 0xEF, 0x50, 0x8E,
    0x00, 0x07, 0xFF, 0xCF, 0xFF, 0x99, 0xB3, 0x36, 0x36, 0x7F, 0xFC, 0xDE, 0x79, 0x8C, 0x33, 0x7F,
    0x67, 0xFF, 0xCC, 0x61, 0x98, 0xC3, 0x31, 0xF8, 0x7F, 0xE7, 0xF0, 0x0F, 0x00, 0x3C, 0x03, 0x3C,
    0x1B, 0x7F, 0xDB, 0x7F, 0xDB, 0xEC, 0x1B, 0xFF, 0xDB, 0xFF, 0xDB, 0x0C, 0x1B, 0x7F, 0xDB, 0x7F,
    0xDB, 0x6C, 0xDB, 0x6C, 0xC3, 0x6F, 0xC3, 0x6F, 0xCF, 0x0C, 0x1F, 0x04, 0x0C, 0x00, 0x03, 0x7F,
    0xD3, 0x60, 0xF3, 0x60, 0xF3, 0x7F, 0xF3, 0x7F, 0xF3, 0x66, 0x33, 0x7F, 0xF3, 0x7E, 0xF3, 0x7E,
    0xF3, 0x7E, 0xF3, 0x7E, 0xC3, 0x7F, 0xC3, 0xD7, 0x83, 0xC6, 0x1F, 0x02, 0x0C, 0x00, 0x00, 0x1C,
    0x1C, 0x0C, 0x18, 0x7F, 0xFF, 0x7F, 0xFF, 0x00, 0x00, 0x3F, 0x36, 0x7F, 0x36, 0x73, 0x36, 0x7F,
    0x36, 0x73, 0x36, 0x7F, 0x36, 0x7F, 0x36, 0x73, 0x26, 0x73, 0x06, 0x77, 0x1E, 0x26, 0x1C, 0x0F,
    0xC3, 0x7F, 0x83, 0x06, 0x1B, 0x7F, 0xFB, 0x7F, 0xFB, 0x1F, 0xDB, 0x7F, 0xFB, 0x1F, 0x9B, 0x7F,
    0xFB, 0x7F, 0xFB, 0x0F, 0x1B, 0x1F, 0xDB, 0x3E, 0xE3, 0x76, 0x43, 0x46, 0x1F, 0x04, 0x0C, 0x00,
    0x00, 0x0C, 0x18, 0x7F, 0xFF, 0x7F, 0xFF, 0x3F, 0x26, 0x3F, 0x26, 0x3F, 0x26, 0x33, 0x26, 0x3F,
    0x26, 0x33, 0x1E, 0x33, 0x1C, 0x7F, 0xFE, 0x7F, 0xFE, 0x03, 0x06, 0x1E, 0x0E, 0x7C, 0x7C, 0x60,
    0x38, 0x00, 0x30, 0x00, 0x30, 0xFE, 0x30, 0x7F, 0xFF, 0x19, 0xFF, 0x18, 0x63, 0x18, 0x63, 0x18,
    0x63, 0x18, 0x63, 0x1F, 0x63, 0x7F, 0xC3, 0xF8, 0xC3, 0x01, 0xC7, 0x03, 0x86, 0x07, 0x3E, 0x00,
    0x18, 0x18, 0x00, 0x18, 0x00, 0x18, 0x7F, 0x7F, 0xFF, 0x7F, 0xE3, 0x1B, 0x63, 0x1B, 0x63, 0x1B,
    0x63, 0x33, 0x63, 0x33, 0x63, 0x33, 0x63, 0x33, 0x63, 0x73, 0x7F, 0x6F, 0x7F, 0xEF, 0x63, 0x00,
    0x00, 0x00, 0x00, 0x03, 0x80, 0x01, 0xFF, 0x01, 0xFF, 0xC3, 0xC1, 0xC3, 0xBB, 0xC0, 0x0F, 0x80,
    0xFF, 0xFE, 0x7D, 0x9F, 0x00, 0xC0, 0x0F, 0xFF, 0x87, 0xFF, 0xC0, 0x70, 0xE0, 0x70, 0x60, 0xF0,
    0x30, 0xF0, 0xF8, 0x00, 0x30, 0x00, 0x00, 0x10, 0x7F, 0x30, 0x7F, 0x30, 0x00, 0x7F, 0x00, 0xFF,
    0x7F, 0xB3, 0x7F, 0x33, 0x18, 0x33, 0x32, 0x33, 0x33, 0x33, 0x33, 0x33, 0x7F, 0xE3, 0x7D, 0xE3,
    0x00, 0xC6, 0x00, 0xDE, 0x00, 0x00, 0x0C, 0x00, 0x0C, 0x00, 0x1F, 0xFF, 0x1F, 0xFF, 0x3B, 0x33,
    0x73, 0x33, 0x67, 0x73, 0xE6, 0x67, 0x0E, 0x67, 0x0C, 0xE6, 0x1C, 0xC6, 0x39, 0xC6, 0x71, 0x86,
    0x23, 0xAE, 0x07, 0x3E, 0x00, 0x38, 0x00, 0x00, 0x07, 0x00, 0x03, 0x00, 0x03, 0xFF, 0xC3, 0xFF,
    0xE3, 0x80, 0x33, 0xFF, 0x18, 0xBF, 0xCC, 0x18, 0xE6, 0x0C, 0x73, 0x07, 0xFB, 0x83, 0xFF, 0x81,
    0x83, 0xC0, 0xC0, 0x18, 0x7F, 0xFC, 0x3F, 0xFE, 0xFF, 0xFF, 0xFF, 0xFF, 0x19, 0x86, 0x33, 0x0C,
    0x66, 0x19, 0xCC, 0x33, 0x19, 0xE6, 0x33, 0xDC, 0x7F, 0xF0, 0xFB, 0x40, 0x06, 0x00, 0x0F, 0xFF,
    0xFF, 0xFF, 0xC0, 0x00, 0x01, 0xFF, 0xFF, 0x00, 0x46, 0x41, 0xCD, 0xC3, 0x19, 0xCC, 0x31, 0xF8,
    0x61, 0xE0, 0xC3, 0xC1, 0x8E, 0xC3, 0x38, 0xC6, 0xE0, 0xCD, 0x01, 0x1F, 0xFF, 0xFF, 0xFF, 0x80,
    0x0C, 0x18, 0x0E, 0x18, 0x1F, 0xFC, 0x3F, 0xFE, 0x31, 0x86, 0x3F, 0xFE, 0x3F, 0xFE, 0x31, 0x86,
    0x3F, 0xFE, 0x3F, 0xFE, 0x01, 0x80, 0x7F, 0xFF, 0x7F, 0xFF, 0x01, 0x80, 0x01, 0x80, 0x01, 0x80,
    0x06, 0x00, 0x18, 0x00, 0x60, 0x01, 0xFF, 0x07, 0xFC, 0x18, 0x00, 0x60, 0x3F, 0xFC, 0xFF, 0xFB,
    0x00, 0xEC, 0x03, 0xB0, 0x0E, 0xC0, 0x3B, 0xFF, 0xEF, 0xFF, 0xB0, 0x04, 0x01, 0x80, 0x01, 0x80,
    0x01, 0xFE, 0x01, 0xFC, 0x01, 0x80, 0x01, 0x80, 0xFF, 0xFF, 0x7F, 0xFF, 0x01, 0x80, 0x01, 0xE0,
    0x01, 0xFC, 0x01, 0x9E, 0x01, 0x86, 0x01, 0x80, 0x01, 0x80, 0x01, 0x80, 0x7E, 0x01, 0xFF, 0xFF,
    0x0F, 0xFE, 0x1E, 0x3F, 0xFC, 0x7F, 0xF8, 0xF0, 0xF1, 0xFF, 0xE3, 0xFF, 0xC7, 0x89, 0x8F, 0x33,
    0x7E, 0x36, 0xEF, 0xEC, 0x1F, 0x78, 0x30, 0xB0, 0x00, 0x20, 0x3F, 0xFF, 0x3F, 0xFF, 0x30, 0x00,
    0x30, 0xE0, 0x30, 0xE0, 0x30, 0xE0, 0x3F, 0xFE, 0x3F, 0xFE, 0x60, 0xE0, 0x60, 0xFC, 0x60, 0xEE,
    0x60, 0xE6, 0x60, 0xE0, 0x7F, 0xFF, 0xDF, 0xFF, 0x00, 0x00, 0x10, 0x00, 0x3F, 0xFF, 0x30, 0xE0,
    0x37, 0xFC, 0x37, 0xFE, 0x36, 0x06, 0x37, 0xFE, 0x37, 0xFE, 0x37, 0xFE, 0x37, 0xFE, 0x62, 0x60,
    0x66, 0x6C, 0x6E, 0x6E, 0x7C, 0x67, 0xCB, 0xE3, 0x01, 0xC0, 0x00, 0x7C, 0x3F, 0xFC, 0x3F, 0x80,
    0x30, 0x00, 0x30, 0x00, 0x3F, 0xFC, 0x3F, 0xFC, 0x36, 0x0C, 0x33, 0x18, 0x33, 0xB8, 0x31, 0xF0,
    0x30, 0xE0, 0x31, 0xF0, 0x6F, 0xBE, 0x7E, 0x0F, 0x00, 0x00, 0x00, 0x00, 0x0C, 0xCC, 0x06, 0x67,
    0x03, 0x31, 0xC3, 0xFF, 0xF1, 0xFF, 0xF8, 0x8C, 0x00, 0x0F, 0xF8, 0x07, 0xFC, 0x07, 0x8E, 0x03,
    0xE7, 0x03, 0xB7, 0x03, 0x8F, 0x07, 0x8F, 0x81, 0x9F, 0xF8, 0x1E, 0x1E, 0x0C, 0x03, 0x00, 0x7F,
    0x00, 0x7F, 0xFF, 0x0C, 0xFF, 0xC6, 0x6C, 0x63, 0xF6, 0x61, 0xFB, 0x30, 0xCC, 0xD8, 0x7E, 0x6C,
    0x3F, 0x3C, 0x19, 0x8E, 0x0C, 0xE6, 0x0F, 0xF3, 0x8F, 0xF3, 0xE0, 0x1B, 0x38, 0x0F, 0x0C, 0x04,
    0x00, 0xFF, 0xFF, 0xFF, 0xF0, 0x07, 0x80, 0x3C, 0x01, 0xE0, 0x0F, 0x00, 0x78, 0x03, 0xC0, 0x1E,
    0x00, 0xF0, 0x07, 0xFF, 0xFF, 0xFF, 0xE0, 0x0C, 0x7F, 0xFF, 0x7F, 0xFF, 0x00, 0x0C, 0x1F, 0x8C,
    0x3F, 0xCC, 0x30, 0xCC, 0x30, 0xCC, 0x30, 0xCC, 0x30, 0xCC, 0x3F, 0xCC, 0x30, 0x0C, 0x30, 0x0C,
    0x00, 0x0C, 0x00, 0x7C, 0x00, 0x78, 0x03, 0x00, 0x03, 0x00, 0x03, 0x00, 0x7F, 0xFF, 0x7F, 0xFF,
    0x06, 0x00, 0x0C, 0x00, 0x1F, 0xFE, 0x1F, 0xFE, 0x3C, 0x06, 0x7C, 0x06, 0xEC, 0x06, 0x0C, 0x06,
    0x0F, 0xFE, 0x0F, 0xFE, 0x0C, 0x06, 0x3F, 0xF8, 0x7F, 0xF0, 0xC0, 0x61, 0x80, 0xC3, 0xFF, 0x87,
    0xFF, 0x3F, 0xFF, 0xFF, 0xFF, 0x18, 0x00, 0x7F, 0xF0, 0xFF, 0xE0, 0x00, 0xC0, 0x03, 0x80, 0x06,
    0x00, 0xFC, 0x00, 0xF0, 0x00, 0x00, 0x03, 0x80, 0x01, 0xFE, 0x01, 0xFF, 0x83, 0xC1, 0x83, 0xBB,
    0x81, 0x8F, 0x80, 0x07, 0xC0, 0x1F, 0xFC, 0x7E, 0x0F, 0x9F, 0xFF, 0xC3, 0xFF, 0x81, 0x80, 0xC0,
    0xC0, 0x60, 0x7F, 0xF0, 0x3F, 0xF8, 0x18, 0x08, 0x00, 0x7F, 0xFD, 0xFF, 0xFF, 0x00, 0x1E, 0xFF,
    0xBD, 0xFF, 0x78, 0x00, 0xF3, 0xF9, 0xE7, 0xF3, 0xCC, 0x67, 0x98, 0xCF, 0x3F, 0x9E, 0x7F, 0x3C,
    0xC0, 0x79, 0x00, 0xF0, 0x0F, 0x60, 0x0C, 0x00, 0x00, 0x06, 0x00, 0x1F, 0xF0, 0x7F, 0xE3, 0xC1,
    0xCF, 0x87, 0x0B, 0x9C, 0x03, 0xF0, 0x03, 0xC0, 0x3F, 0xF9, 0xFF, 0xFB, 0x60, 0x70, 0xC0, 0xE1,
    0x81, 0xC3, 0xFF, 0x87, 0xFF, 0x0C, 0x04, 0x00, 0x7E, 0x3F, 0xFE, 0x3F, 0x80, 0x30, 0x00, 0x3F,
    0xFF, 0x3F, 0xFF, 0x30, 0x00, 0x30, 0x00, 0x37, 0xFE, 0x37, 0xFE, 0x36, 0x06, 0x76, 0x06, 0x66,
    0x06, 0x67, 0xFE, 0xE7, 0xFE, 0x46, 0x06, 0x00, 0x00, 0x06, 0x00, 0x1C, 0x03, 0xFF, 0xEF, 0xFF,
    0xFF, 0xFF, 0xF0, 0x03, 0xE7, 0xF7, 0xCF, 0xEF, 0x98, 0xDF, 0x31, 0xBE, 0x7F, 0x7C, 0xFE, 0xF9,
    0x81, 0xF0, 0x03, 0xE0, 0x1E, 0xC0, 0x38, 0x00, 0x00, 0x7F, 0xFF, 0x7F, 0xFE, 0x03, 0x80, 0x07,
    0xB8, 0x1F, 0x9E, 0x79, 0x87, 0x61, 0x83, 0x01, 0x80, 0x1F, 0xFC, 0x1F, 0xFC, 0x18, 0x0C, 0x18,
    0x0C, 0x1F, 0xFC, 0x1F, 0xFC, 0x10, 0x0C, 0x00, 0x00, 0x00, 0xE0, 0x00, 0xF0, 0x00, 0xFC, 0x00,
    0xF3, 0x83, 0xEE, 0xF9, 0xC3, 0x1C, 0xBF, 0xF0, 0x1F, 0xF8, 0x00, 0x18, 0x07, 0xFF, 0x03, 0xFF,
    0x81, 0x80, 0xC0, 0xC0, 0x60, 0x7F, 0xF0, 0x3F, 0xF8, 0x10, 0x0C, 0x00, 0x00, 0x00, 0x03, 0x00,
    0x07, 0x01, 0xFF, 0xF3, 0xFF, 0xE6, 0x00, 0xCF, 0xFF, 0x9F, 0xFF, 0x30, 0x00, 0x6F, 0xFC, 0xFF,
    0xF9, 0xE0, 0x33, 0xC0, 0x6F, 0x80, 0xDB, 0xFF, 0xF7, 0xFF, 0x44, 0x06, 0x39, 0x80, 0x63, 0x00,
    0xFF, 0xF3, 0xFF, 0xEE, 0x18, 0x18, 0x30, 0x3F, 0xFF, 0xFF, 0xFF, 0x00, 0x00, 0x7F, 0xF0, 0xFF,
    0xE1, 0x80, 0xC3, 0x01, 0x87, 0xFF, 0x0F, 0xFE, 0x18, 0x0C, 0x3F, 0xFE, 0x7F, 0xFC, 0xC6, 0x19,
    0xBF, 0xB3, 0xFF, 0x66, 0x30, 0xCF, 0xFF, 0x9F, 0xFF, 0x37, 0xE6, 0x6F, 0xEC, 0xD8, 0xDB, 0xB1,
    0xB6, 0x7F, 0x6C, 0xFE, 0xF9, 0x0F, 0xA0, 0x0E, 0x00, 0x00, 0x00, 0xE0, 0x00, 0xF0, 0x00, 0xEE,
    0x01, 0xE3, 0xC3, 0xFF, 0xF9, 0xDF, 0xDC, 0x00, 0x00, 0x3F, 0x7E, 0x1B, 0xBF, 0x0C, 0xD9, 0x86,
    0x6C, 0xC3, 0xF6, 0x61, 0xF3, 0xF0, 0xC1, 0x80, 0x00, 0xC0, 0x00, 0x40, 0x00, 0x07, 0x00, 0x7F,
    0x7E, 0x7C, 0xFE, 0x0C, 0xC6, 0x0C, 0xC6, 0xFF, 0xC6, 0x1C, 0xC6, 0x1E, 0xC6, 0x3F, 0xC6, 0x3F,
    0xC6, 0x6D, 0xC6, 0xEC, 0xC6, 0xCC, 0xFE, 0x0C, 0xFE, 0x0C, 0x42, 0x08, 0x00, 0x00, 0x60, 0xF8,
    0xE0, 0xF8, 0xF0, 0xD9, 0xF8, 0xDB, 0x9C, 0xDF, 0xFE, 0xDF, 0xFE, 0xD8, 0x00, 0xDB, 0xFC, 0xFB,
    0xFC, 0xFB, 0x0C, 0xC3, 0x0C, 0xC3, 0x0C, 0x03, 0xFC, 0x03, 0xFC, 0x03, 0x0C, 0x00, 0x00, 0x01,
    0x80, 0xF1, 0xF8, 0xFB, 0xF8, 0xDF, 0x30, 0xDF, 0xFC, 0xDF, 0xFC, 0xDE, 0x6C, 0xDE, 0x6C, 0xDE,
    0x6C, 0xDF, 0xFE, 0xFF, 0xFE, 0xF1, 0xF0, 0xC3, 0xB8, 0x07, 0x1C, 0x0E, 0x0E, 0x08, 0x00, 0x3E,
    0x7E, 0x1F, 0xBF, 0x0C, 0xD9, 0x86, 0x6C, 0xC3, 0xF7, 0xE1, 0xFF, 0xF0, 0x0C, 0xF1, 0xFF, 0xFE,
    0x7F, 0xFF, 0x1E, 0x0E, 0x3F, 0xDF, 0xCF, 0xEF, 0xE3, 0x36, 0x61, 0xFB, 0xF0, 0xFD, 0xF8, 0x64,
    0xCC, 0xFF, 0xFD, 0xFF, 0xFF, 0x3B, 0x3E, 0x66, 0x7C, 0xCC, 0xF9, 0x99, 0xF3, 0x33, 0xEE, 0x7F,
    0xF8, 0xFF, 0xE0, 0x1F, 0x00, 0x3F, 0xFF, 0xFF, 0xFF, 0xF8, 0x01, 0xC0, 0xFF, 0xFD, 0xFF, 0xFF,
    0x00, 0x3E, 0x00, 0x3C, 0xFE, 0x79, 0xFC, 0xF3, 0x19, 0xE6, 0x33, 0xCC, 0x67, 0x9F, 0xCF, 0x3F,
    0x9E, 0x00, 0x3C, 0x00, 0x7F, 0xFF, 0xFF, 0xFF, 0xE0, 0x02, 0xFF, 0xFF, 0xFF, 0xFF, 0x04, 0x1E,
    0x18, 0x3C, 0x30, 0x7F, 0xFE, 0xFF, 0xFD, 0xE1, 0x83, 0xC3, 0xC7, 0x8D, 0xCF, 0x39, 0x9E, 0xE1,
    0xBD, 0x81, 0x7F, 0xFF, 0xFF, 0xFF, 0xE0, 0x03, 0xFF, 0xFD, 0xFF, 0xFF, 0x0C, 0x1F, 0xFF, 0xBF,
    0xFF, 0x78, 0x60, 0xF7, 0xFD, 0xE1, 0x83, 0xFF, 0xF7, 0xFF, 0xEF, 0x0C, 0xDE, 0x1F, 0xBC, 0x30,
    0x7F, 0xFF, 0xFF, 0xFF, 0xE0, 0x02, 0x7F, 0xFD, 0xFF, 0xFF, 0x04, 0x1E, 0x18, 0x3D, 0xFF, 0x7F,
    0xFE, 0xF0, 0xC1, 0xE7, 0xF3, 0xCF, 0xE7, 0x90, 0xCF, 0x21, 0x9E, 0x7F, 0x3C, 0x00, 0x7F, 0xFF,
    0xFF, 0xFF, 0xE0, 0x02, 0xFF, 0xFD, 0xFF, 0xFF, 0x18, 0x1E, 0x7F, 0xBD, 0xFF, 0x7F, 0xDC, 0xF5,
    0xF1, 0xEF, 0xFB, 0xFE, 0x7F, 0xCF, 0x8F, 0x33, 0x1E, 0xFF, 0x3C, 0x1E, 0x7F, 0xFF, 0xFF, 0xFF,
    0xE0, 0x02, 0xFF, 0xFF, 0xFF, 0xFF, 0x7F, 0x9E, 0xFF, 0xBD, 0xFF, 0x7B, 0xFC, 0xF7, 0xFD, 0xEF,
    0xFB, 0xDB, 0x37, 0xB6, 0x6F, 0x6E, 0xDE, 0xFF, 0x3F, 0xC7, 0x7F, 0xFF, 0xFF, 0xFF, 0xE0, 0x03,
    0x03, 0x00, 0x03, 0x00, 0x7F, 0xFF, 0x7F, 0xFF, 0x0E, 0x20, 0x0C, 0x30, 0x18, 0x30, 0x3B, 0xFE,
    0x7B, 0xFE, 0xF8, 0x70, 0x58, 0x30, 0x18, 0x30, 0x18, 0x30, 0x1F, 0xFF, 0x1F, 0xFF, 0x18, 0x00,
    0x30, 0x30, 0x18, 0xD8, 0x0C, 0x6C, 0x07, 0x37, 0xEF, 0xDB, 0xF3, 0xEF, 0xD8, 0xDF, 0xCC, 0x6F,
    0x66, 0x31, 0xB3, 0x1E, 0xDF, 0x8F, 0x6F, 0x9F, 0x36, 0x26, 0x18, 0x30, 0x0F, 0xF8, 0x07, 0xFC,
    0x18, 0x38, 0x0C, 0x1C, 0x06, 0x0E, 0x07, 0x37, 0x0F, 0xFB, 0x83, 0xED, 0xF8, 0x66, 0xFC, 0x33,
    0x70, 0x19, 0xB8, 0x0F, 0xDC, 0x1F, 0xEE, 0x1F, 0x37, 0x04, 0x1B, 0x80, 0x3F, 0xF8, 0x1F, 0xFC,
    0x30, 0x60, 0x30, 0xE0, 0x30, 0xFF, 0x31, 0xFF, 0xFF, 0x83, 0x7F, 0x83, 0x32, 0xE3, 0x30, 0x73,
    0x30, 0x33, 0x36, 0x1F, 0x3E, 0x7B, 0x79, 0xE2, 0xE1, 0x86, 0x00, 0x06, 0x00, 0x3E, 0x00, 0x3C,
    0x00, 0xFC, 0x3F, 0xFC, 0x3F, 0x80, 0x3F, 0xFE, 0x7F, 0xFE, 0x1D, 0xDC, 0x19, 0x98, 0x7F, 0xFF,
    0x7F, 0xFF, 0x19, 0x98, 0x7F, 0xFE, 0x7F, 0xFE, 0x01, 0x80, 0x3F, 0xFC, 0x3F, 0xFE, 0x0C, 0x18,
    0x3F, 0xFF, 0x1F, 0xFF, 0xC1, 0xFF, 0x00, 0xFF, 0x80, 0x7F, 0xC0, 0x3F, 0xE0, 0x18, 0x30, 0xFF,
    0xFF, 0x3F, 0xFF, 0x8E, 0x63, 0x9F, 0xFF, 0xE6, 0x1C, 0x31, 0xFF, 0xF0, 0xFF, 0xF8, 0x00, 0x00,
    0x31, 0x8C, 0x30, 0xCC, 0x33, 0xFE, 0x33, 0xFF, 0x7F, 0xBF, 0x7F, 0xFB, 0x33, 0x7B, 0x33, 0xFE,
    0x30, 0x00, 0x31, 0xFE, 0x3D, 0x86, 0x7D, 0xFE, 0x71, 0xFE, 0x01, 0xFE, 0x01, 0xFE, 0x01, 0x04,
    0x00, 0x00, 0x03, 0x80, 0x01, 0xFE, 0x03, 0xFF, 0x03, 0xE3, 0x83, 0xBF, 0x00, 0x1F, 0x80, 0xFF,
    0xFE, 0xFC, 0x1F, 0x3F, 0xFE, 0x0F, 0xFF, 0x07, 0xFF, 0x83, 0xFF, 0xC1, 0xCC, 0x60, 0xFF, 0xF0,
    0x7F, 0xF8, 0x10, 0x0C, 0x00, 0x0C, 0x00, 0x0F, 0xFF, 0x0F, 0xFF, 0x8F, 0xFF, 0x87, 0xFF, 0xC0,
    0xFF, 0xE0, 0x7F, 0xF0, 0x3F, 0xF8, 0x1F, 0xFC, 0x07, 0xFC, 0x07, 0xFF, 0x0F, 0xC7, 0x02, 0x7F,
    0x00, 0xFF, 0xF3, 0xF9, 0xFC, 0xC0, 0x04, 0x00, 0x00, 0x06, 0x00, 0x3F, 0xC0, 0xFF, 0x87, 0x87,
    0x0D, 0xFC, 0x01, 0xF0, 0x0F, 0xF0, 0xFD, 0xFF, 0xC7, 0xFC, 0x3C, 0x71, 0xFD, 0xC1, 0x1F, 0x00,
    0x7C, 0x1F, 0xE0, 0x7F, 0x00, 0x60, 0x00, 0x00, 0x00, 0x00, 0xC0, 0x1F, 0xFF, 0x8F, 0xFF, 0xE0,
    0xC6, 0x00, 0x67, 0x00, 0x63, 0xFC, 0x73, 0xCC, 0x3B, 0xF6, 0x3F, 0xDE, 0x37, 0xB3, 0x03, 0x1F,
    0x01, 0x87, 0x00, 0xC7, 0xC0, 0x6F, 0x78, 0x3F, 0x0E, 0x18, 0x01, 0x00, 0x01, 0x80, 0x01, 0x80,
    0x01, 0x80, 0x01, 0x80, 0x7F, 0xFF, 0x7F, 0xFF, 0x01, 0xC0, 0x03, 0xC0, 0x03, 0x60, 0x03, 0x60,
    0x06, 0x30, 0x0E, 0x38, 0x1C, 0x1C, 0x78, 0x0F, 0x70, 0x07, 0x00, 0x00, 0x7F, 0xFE, 0x3F, 0xFF,
    0x00, 0x60, 0x00, 0x30, 0x00, 0x18, 0x03, 0xFF, 0xF9, 0xFF, 0xFC, 0x03, 0x80, 0x03, 0xE0, 0x03,
    0xB0, 0x01, 0x8C, 0x03, 0x87, 0x07, 0x81, 0xF3, 0x80, 0x38, 0x00, 0x00, 0x19, 0x80, 0x0C, 0xC0,
    0x07, 0xFF, 0x07, 0xFF, 0xC3, 0xFF, 0xC3, 0x8C, 0x01, 0x86, 0x00, 0xFF, 0xFE, 0x7F, 0xFF, 0x01,
    0xE0, 0x00, 0xF8, 0x00, 0xEE, 0x01, 0xE3, 0x83, 0xE0, 0xF9, 0xC0, 0x3C, 0x80, 0x02, 0x00, 0xE0,
    0x1E, 0xE0, 0x0F, 0xE0, 0x03, 0xE0, 0x78, 0xC0, 0x3C, 0xC0, 0x0C, 0xC0, 0x7F, 0xFF, 0x7F, 0xFF,
    0x01, 0xC0, 0x01, 0xE0, 0x03, 0xF8, 0x0F, 0x3C, 0x3E, 0x0F, 0x78, 0x03, 0x00, 0x00, 0x01, 0xC0,
    0x01, 0xC0, 0x7F, 0xFE, 0x7F, 0xFE, 0x19, 0x8C, 0x19, 0x98, 0x1D, 0x98, 0x7F, 0xFF, 0x7F, 0xFF,
    0x7F, 0xFF, 0x03, 0xE0, 0x07, 0x70, 0x0E, 0x38, 0x7C, 0x1F, 0x78, 0x0F, 0x40, 0x00, 0x00, 0x00,
    0x08, 0x18, 0x0C, 0x1C, 0x06, 0x0D, 0x8F, 0xEE, 0xE7, 0xF6, 0x30, 0xDF, 0xFC, 0xCF, 0xFE, 0x6C,
    0x01, 0x36, 0xFF, 0x1F, 0x7F, 0x87, 0xB0, 0x41, 0xD8, 0x21, 0xFC, 0x11, 0xDF, 0xF8, 0xC3, 0xFC,
    0x00, 0x82, 0x00, 0x00, 0x00, 0x06, 0x03, 0xFF, 0xF7, 0xFF, 0xFC, 0x00, 0x7B, 0xFC, 0xF7, 0xFD,
    0x00, 0x70, 0x01, 0xC0, 0x07, 0x03, 0xFF, 0xFF, 0xFF, 0xF0, 0x30, 0x00, 0x60, 0x00, 0xC0, 0x07,
    0x80, 0x0E, 0x00, 0x03, 0x00, 0x03, 0x00, 0x7F, 0xFF, 0x7F, 0xFF, 0x0C, 0x00, 0x0D, 0xFE, 0x19,
    0xFE, 0x38, 0x1C, 0x78, 0x30, 0xFF, 0xFF, 0x5F, 0xFF, 0x18, 0x30, 0x18, 0x30, 0x18, 0x30, 0x19,
    0xF0, 0x10, 0xE0, 0x00, 0x00, 0x06, 0x00, 0x0E, 0x07, 0xFF, 0xFC, 0x60, 0xF8, 0xE1, 0xD1, 0x81,
    0x7F, 0xFF, 0xFF, 0xFE, 0x30, 0xC0, 0xE1, 0x81, 0xFE, 0x00, 0xFC, 0x00, 0xFE, 0x1F, 0x9F, 0x7C,
    0x0E, 0x40, 0x00, 0x00, 0x00, 0x01, 0x80, 0x01, 0xC0, 0x7F, 0xFF, 0x7F, 0xFF, 0x60, 0x03, 0x7F,
    0xFB, 0x00, 0x00, 0x00, 0x00, 0x7F, 0xFF, 0x7F, 0xFF, 0x06, 0x60, 0x06, 0x60, 0x0C, 0x63, 0x3C,
    0x7F, 0x78, 0x3F, 0x40, 0x00, 0x00, 0x00, 0x01, 0x80, 0x3F, 0xFE, 0x7F, 0xFF, 0x60, 0x03, 0x60,
    0x03, 0x7F, 0xFF, 0x1F, 0xF8, 0x09, 0x80, 0x19, 0x80, 0x19, 0xFC, 0x19, 0xFC, 0x3D, 0x80, 0x3F,
    0x80, 0x77, 0xFF, 0xE1, 0xFF, 0x40, 0x00, 0x00, 0x00, 0x03, 0x00, 0xFF, 0xFE, 0xFF, 0xFE, 0xC0,
    0x06, 0xFF, 0xF6, 0x3F, 0xF0, 0x1F, 0x18, 0xFB, 0x38, 0xE7, 0xF0, 0x3D, 0xE0, 0xF3, 0xB0, 0x4F,
    0xB8, 0x3D, 0x9C, 0xF1, 0x8E, 0xCF, 0x86, 0x06, 0x00, 0x00, 0x00, 0x01, 0x80, 0x7F, 0xFF, 0x7F,
    0xFF, 0x66, 0x23, 0x6E, 0x3B, 0x1D, 0xDC, 0x79, 0xCE, 0x27, 0x62, 0x0E, 0x38, 0x3F, 0xFE, 0x7F,
    0xFF, 0x78, 0x19, 0x18, 0x18, 0x1F, 0xF8, 0x1F, 0xF8, 0x08, 0x08, 0x00, 0x00, 0x00, 0xC0, 0x1F,
    0xFF, 0xCF, 0xFF, 0xE6, 0x63, 0x33, 0xFF, 0xF8, 0x7F, 0xF0, 0x0C, 0x60, 0x1F, 0xFC, 0x0F, 0xFE,
    0x06, 0x63, 0x03, 0x39, 0x81, 0xBC, 0xD0, 0xFE, 0x58, 0x7F, 0x8C, 0xF8, 0xFE, 0x60, 0x3C, 0x00,
    0x00, 0x00, 0x01, 0x80, 0x7F, 0xFF, 0x7F, 0xFF, 0x63, 0x93, 0x65, 0xF3, 0x36, 0xEC, 0x37, 0xDE,
    0x67, 0x9B, 0x7F, 0xFB, 0x7B, 0xF0, 0x51, 0x84, 0x31, 0x8C, 0x31, 0x8C, 0x3F, 0xFC, 0x3F, 0xFC,
    0x00, 0x04, 0x00, 0x0C, 0x00, 0x0C, 0x7F, 0x0C, 0x7F, 0x0C, 0x03, 0xFF, 0x07, 0xFF, 0x76, 0x0C,
    0x3E, 0xCC, 0x1E, 0x6C, 0x0E, 0x6C, 0x0F, 0x6C, 0x1B, 0x0C, 0x3B, 0x0C, 0x70, 0x0C, 0x60, 0x3C,
    0x00, 0x38, 0x0C, 0x06, 0x0C, 0x06, 0x7F, 0x06, 0x7F, 0x06, 0x0C, 0xFF, 0x7F, 0x86, 0xFF, 0x86,
    0x0C, 0x66, 0x0C, 0x76, 0x7F, 0x36, 0x7F, 0x36, 0x0C, 0x06, 0x0F, 0x86, 0xFF, 0x86, 0xF0, 0x3E,
    0x00, 0x18, 0x18, 0x30, 0x18, 0xFF, 0x59, 0xFF, 0x7B, 0xCE, 0x38, 0x7C, 0x38, 0x78, 0x1B, 0xEC,
    0x1B, 0x8C, 0x1F, 0xFF, 0x3B, 0xFF, 0xF9, 0x8C, 0x58, 0xCC, 0x18, 0xCC, 0x18, 0x4C, 0x18, 0x3C,
    0x08, 0x38, 0x01, 0x80, 0x00, 0xC0, 0x00, 0x60, 0x00, 0x30, 0x01, 0x98, 0xC0, 0xCC, 0x60, 0xE6,
    0x38, 0x63, 0x0C, 0x31, 0x87, 0x30, 0xC1, 0xB8, 0x60, 0xC8, 0x30, 0x60, 0x18, 0x00, 0x0C, 0x00,
    0x3E, 0x00, 0x0E, 0x00, 0x01, 0x80, 0x01, 0x80, 0x09, 0x88, 0x19, 0x8C, 0x19, 0x8C, 0x31, 0x86,
    0x71, 0x87, 0x61, 0x83, 0x41, 0x88, 0x01, 0x8C, 0x00, 0xB8, 0x00, 0x70, 0x03, 0xE0, 0x3F, 0x80,
    0xFE, 0x00, 0x40, 0x00, 0xC6, 0x1E, 0x31, 0xD9, 0x8C, 0xEC, 0xCF, 0xFF, 0x7F, 0xFF, 0x00, 0x7B,
    0xF3, 0xDF, 0xDE, 0xC6, 0xF6, 0x37, 0xBF, 0xBD, 0xFD, 0xEC, 0x0F, 0x01, 0xF0, 0x0E, 0x00, 0x00,
    0x06, 0x0C, 0x03, 0x07, 0x8F, 0xF3, 0xC7, 0xF1, 0x21, 0xFF, 0xF9, 0xFF, 0xFC, 0xC6, 0x70, 0x7F,
    0x3C, 0x1F, 0x9E, 0x0F, 0xCF, 0x07, 0xED, 0x86, 0xD6, 0xC3, 0x6F, 0x6D, 0x33, 0x34, 0x3B, 0x1E,
    0x18, 0x00, 0x00, 0x1F, 0xFC, 0x3F, 0xFC, 0x30, 0x0C, 0x30, 0x0C, 0x3F, 0xFC, 0x3F, 0xFC, 0x3F,
    0xFE, 0x3F, 0xFF, 0x30, 0x03, 0x37, 0xF6, 0x36, 0x36, 0x66, 0x36, 0x67, 0xF6, 0xE7, 0xF6, 0xC4,
    0x3E, 0x00, 0x1C, 0x1F, 0xFC, 0x3F, 0xFE, 0x30, 0x06, 0x3F, 0xFE, 0x3F, 0xFE, 0x30, 0x60, 0x3F,
    0xFF, 0x3F, 0xFF, 0x30, 0x60, 0x30, 0xE0, 0x37, 0xFE, 0x77, 0xFE, 0x66, 0x06, 0x67, 0xFE, 0xE7,
    0xFE, 0x44, 0x06, 0x3F, 0xFE, 0x3F, 0xFE, 0x30, 0x06, 0x3F, 0xFE, 0x3F, 0xFE, 0x33, 0x0C, 0x33,
    0x18, 0x3F, 0xFF, 0x33, 0x18, 0x33, 0x18, 0x3F, 0xFF, 0x7F, 0xFF, 0x63, 0x18, 0x66, 0x18, 0xEC,
    0x18, 0x48, 0x18, 0x3F, 0xFE, 0x7F, 0xFE, 0x3F, 0xFE, 0x01, 0x80, 0x01, 0x80, 0x01, 0x80, 0x01,
    0x80, 0x01, 0x80, 0x01, 0x80, 0x01, 0x80, 0x01, 0x80, 0x7F, 0xFF, 0xFF, 0xFF, 0x00, 0x00, 0x03,
    0x00, 0x07, 0x00, 0x06, 0x00, 0x7F, 0xFF, 0x7F, 0xFE, 0x06, 0x00, 0x0C, 0x00, 0x0F, 0xFE, 0x1F,
    0xFE, 0x18, 0x60, 0x38, 0x60, 0x30, 0x60, 0x60, 0x60, 0xEF, 0xFF, 0x0F, 0xFF, 0xFF, 0xF9, 0xFF,
    0xF0, 0x00, 0x63, 0x00, 0xC6, 0x01, 0x8F, 0xFF, 0x1F, 0xFE, 0x30, 0x0C, 0x60, 0x00, 0xC0, 0x0D,
    0x80, 0x1B, 0x00, 0x37, 0xFF, 0xE7, 0xFF, 0x80, 0x00, 0x00, 0x03, 0x00, 0x03, 0x00, 0x7F, 0xFF,
    0x7F, 0xFF, 0x0E, 0xC0, 0x0C, 0xC0, 0x1F, 0xFE, 0x3F, 0xFE, 0x7C, 0xC6, 0xF8, 0xC6, 0x58, 0xC6,
    0x18, 0xC6, 0x18, 0xDE, 0x18, 0xDE, 0x00, 0xC0, 0x00, 0xC0, 0x00, 0x00, 0x1C, 0x1C, 0x1F, 0xF8,
    0x07, 0xF0, 0x3F, 0xFC, 0x3F, 0x0C, 0x7F, 0xFF, 0x7F, 0xFF, 0x0E, 0xC0, 0x1F, 0xFE, 0x3F, 0xFE,
    0xFC, 0xC6, 0x7C, 0xC6, 0x1C, 0xC6, 0x1C, 0xDE, 0x08, 0xD8, 0x00, 0xC0, 0x19, 0x9C, 0x19, 0xDC,
    0xFF, 0xFF, 0x19, 0xDC, 0x19, 0x9C, 0x7F, 0xFF, 0x7F, 0xFF, 0x61, 0x83, 0x7F, 0xFF, 0x1F, 0xFC,
    0x19, 0x8C, 0x19, 0x8C, 0x19, 0xBC, 0x19, 0xBC, 0x01, 0x80, 0x01, 0x80, 0x06, 0x30, 0x3F, 0xFF,
    0x83, 0x8C, 0x03, 0xFF, 0x83, 0x80, 0xC1, 0xFF, 0xE0, 0xE0, 0x30, 0x3F, 0xF8, 0x7F, 0xFF, 0x3F,
    0xFF, 0x87, 0x67, 0x0F, 0xFF, 0xE7, 0x98, 0xF0, 0xCC, 0xE0, 0x66, 0xE0, 0x01, 0x00, 0x7F, 0xFE,
    0x7F, 0xFE, 0x19, 0x8C, 0x19, 0x8C, 0x1D, 0x98, 0x0D, 0x98, 0x09, 0x90, 0xFF, 0xFF, 0x7F, 0xFF,
    0x01, 0x80, 0x01, 0x80, 0x01, 0x80, 0x01, 0x80, 0x01, 0x80, 0x01, 0x80, 0x00, 0x00, 0x1C, 0x18,
    0x0C, 0x18, 0x0E, 0x38, 0x7F, 0xFF, 0x7F, 0xFF, 0x0E, 0x30, 0x0E, 0x30, 0x0E, 0x30, 0x7F, 0xFF,
    0x7F, 0xFF, 0x0C, 0x30, 0x0C, 0x30, 0x1C, 0x30, 0x38, 0x30, 0x70, 0x30, 0x60, 0x30, 0x00, 0x00,
    0x00, 0xC0, 0x3F, 0xFE, 0x3F, 0xFF, 0x30, 0x00, 0x3F, 0xFC, 0x37, 0xFC, 0x33, 0xB8, 0x31, 0xE0,
    0x3F, 0xFF, 0x3F, 0xFF, 0x60, 0x66, 0x60, 0x6C, 0x60, 0x60, 0x60, 0x60, 0xC3, 0xE0, 0x43, 0xC0,
    0x00, 0x00, 0x00, 0xC0, 0x00, 0xC0, 0x3F, 0xFF, 0x3F, 0xFF, 0x30, 0xC6, 0x3C, 0xC6, 0x3C, 0xC6,
    0x36, 0xCE, 0x36, 0x6C, 0x76, 0x6C, 0x73, 0x78, 0x62, 0x18, 0x60, 0x30, 0x7F, 0xFF, 0xFF, 0xFF,
    0x40, 0x00, 0x00, 0x00, 0x00, 0xC0, 0x3F, 0xFF, 0x3F, 0xFF, 0x30, 0x0C, 0x37, 0xFE, 0x37, 0xF0,
    0x36, 0x30, 0x36, 0x30, 0x37, 0xFF, 0x77, 0xFF, 0x66, 0x30, 0x66, 0xD8, 0x67, 0xFB, 0x6F, 0xFF,
    0xCF, 0x6F, 0x40, 0x00, 0x00, 0x00, 0x00, 0x60, 0x0F, 0xFF, 0xC7, 0xFF, 0xE3, 0x31, 0x81, 0xFF,
    0xF8, 0xFF, 0xFC, 0x66, 0x30, 0x33, 0xF8, 0x19, 0xFC, 0x0F, 0xFF, 0x0F, 0xFF, 0xC6, 0x31, 0xC3,
    0x0F, 0xC1, 0x9F, 0xF1, 0xFF, 0x7E, 0x48, 0x02, 0x00, 0x00, 0x60, 0x3F, 0xFF, 0x1E, 0xFF, 0x83,
    0xFF, 0xE3, 0x7F, 0xF1, 0xC3, 0x31, 0xFF, 0xF8, 0x98, 0xC0, 0x6F, 0xFE, 0x3D, 0xFF, 0x0F, 0xFF,
    0xC7, 0xFF, 0xE3, 0xC6, 0x03, 0xFF, 0xFB, 0x8F, 0xFC, 0x80, 0x00, 0x7F, 0xFF, 0x7F, 0xFE, 0x0E,
    0x38, 0x0E, 0x38, 0x0E, 0x38, 0x0E, 0x38, 0x7F, 0xFF, 0x7F, 0xFF, 0x0C, 0x38, 0x0C, 0x38, 0x1C,
    0x38, 0x18, 0x38, 0x38, 0x38, 0x70, 0x38, 0x00, 0x10, 0x00, 0x6C, 0x00, 0x37, 0x00, 0x19, 0x8F,
    0xFF, 0xE7, 0xFF, 0xF0, 0x03, 0x00, 0xFF, 0x80, 0xFF, 0x60, 0x0C, 0x30, 0x06, 0x18, 0x03, 0x0C,
    0x01, 0x87, 0x20, 0xFD, 0xB3, 0xFC, 0xF9, 0xE0, 0x3C, 0x00, 0x0C, 0x7F, 0x0F, 0xFC, 0x30, 0x30,
    0xC0, 0xC3, 0x7F, 0x0D, 0xFC, 0x36, 0x00, 0xF8, 0x03, 0xFF, 0x8F, 0xFC, 0x30, 0x30, 0xC0, 0xC3,
    0x03, 0x0C, 0x7C, 0x33, 0xF0, 0xC7, 0x02, 0x7D, 0x86, 0x7C, 0xCC, 0x0C, 0xCC, 0x0D, 0xFF, 0x7F,
    0xFF, 0x7F, 0x33, 0x63, 0xFF, 0x63, 0xB3, 0x7F, 0xFF, 0x7D, 0xFF, 0x0C, 0x30, 0x0F, 0xFF, 0x0F,
    0xFF, 0x0C, 0x30, 0x78, 0x30, 0x30, 0x30, 0x03, 0x09, 0x8C, 0x37, 0x31, 0x8C, 0xC6, 0x1B, 0x30,
    0x0E, 0x47, 0xFF, 0xDF, 0xFF, 0x00, 0x0C, 0xFF, 0xF3, 0xFF, 0xC0, 0x03, 0x00, 0x0D, 0xFF, 0xF7,
    0xFF, 0xC0, 0x03, 0x00, 0x10, 0xFF, 0xF0, 0x00, 0x61, 0xFF, 0xC7, 0xFF, 0x80, 0x03, 0x3F, 0xFF,
    0xFF, 0xFF, 0x73, 0x9C, 0x77, 0x70, 0x6F, 0xC0, 0xFB, 0x07, 0xF3, 0x9C, 0x63, 0xC3, 0xC1, 0x87,
    0x00, 0x1D, 0xFE, 0x3B, 0xFE, 0x73, 0xFE, 0xE3, 0xFE, 0x4F, 0x06, 0x1B, 0xFE, 0x38, 0x00, 0x7F,
    0xFF, 0xFB, 0xFF, 0x5F, 0xFF, 0x1F, 0xFF, 0x19, 0x8C, 0x19, 0xCC, 0x18, 0xCC, 0x18, 0x3C, 0x10,
    0x38, 0x00, 0x00, 0x01, 0x80, 0x7F, 0xFE, 0x7F, 0xFF, 0x3F, 0xFE, 0x18, 0x00, 0x18, 0x00, 0x1F,
    0xFE, 0x1F, 0xFE, 0x01, 0x80, 0x05, 0xC4, 0x3C, 0xE6, 0x7C, 0x47, 0x6C, 0x1B, 0x6F, 0xFB, 0x07,
    0xF8, 0x30, 0x60, 0x18, 0x30, 0x0E, 0xFF, 0x8F, 0xFF, 0xC7, 0xC6, 0x63, 0xB3, 0x33, 0xC1, 0x99,
    0xEF, 0xFE, 0x37, 0xFF, 0x18, 0x38, 0x0C, 0x1E, 0x06, 0x1B, 0x03, 0x1C, 0xC1, 0x9C, 0x78, 0xDC,
    0x1C, 0x20, 0x02, 0x00, 0x00, 0x0C, 0x00, 0x0F, 0xFE, 0x1F, 0xFE, 0x3B, 0x36, 0x77, 0x66, 0x6E,
    0x66, 0x1C, 0xC6, 0x39, 0x8C, 0x13, 0x3C, 0x03, 0xB8, 0x3D, 0xCC, 0x6C, 0xE6, 0x6C, 0x5F, 0x6C,
    0x1B, 0x4F, 0xF8, 0x00, 0x00, 0x00, 0x80, 0x01, 0x80, 0x01, 0x80, 0x7F, 0xFF, 0x7F, 0xFF, 0x03,
    0xE0, 0x07, 0x70, 0x0F, 0x38, 0x3F, 0xDE, 0x78, 0xCF, 0x61, 0x86, 0x3D, 0xCE, 0x3C, 0xE6, 0x6C,
    0x5F, 0x6F, 0xFB, 0x6F, 0xFB, 0x00, 0x00, 0x30, 0xC0, 0x30, 0xC0, 0x3B, 0xFF, 0x7F, 0xFF, 0x7D,
    0x98, 0x75, 0x98, 0x71, 0xFB, 0xF1, 0xFA, 0x33, 0x7E, 0x33, 0xDE, 0x37, 0x38, 0x36, 0x3C, 0x34,
    0x7C, 0x30, 0xE6, 0x31, 0xC3, 0x10, 0x00, 0x00, 0x00, 0x01, 0x80, 0x1F, 0xFC, 0x1F, 0xFC, 0x1F,
    0xFC, 0x1F, 0xFC, 0x18, 0x0C, 0x1F, 0xFC, 0x1F, 0xFC, 0x1F, 0xFC, 0x1F, 0xFC, 0x2D, 0xC4, 0x3C,
    0xC6, 0x6C, 0x5F, 0x6E, 0x1B, 0x4F, 0xF8, 0x00, 0x00, 0x30, 0x70, 0x37, 0xFF, 0x3B, 0xFF, 0x7F,
    0xFE, 0x7F, 0xFE, 0xF7, 0xFF, 0xF7, 0xFF, 0xF3, 0xFE, 0x33, 0xFE, 0x33, 0xFE, 0x33, 0xFE, 0x33,
    0xFE, 0x33, 0xFE, 0x33, 0x06, 0x33, 0x1E, 0x33, 0x0C, 0x31, 0xFE, 0x31, 0xFE, 0x3B, 0xB7, 0x7F,
    0xFF, 0x7D, 0x36, 0x7F, 0xFE, 0x70, 0x00, 0xF3, 0xFE, 0x33, 0x06, 0x33, 0x36, 0x33, 0x36, 0x33,
    0x66, 0x33, 0x7E, 0x31, 0xDE, 0x37, 0x87, 0x14, 0x00, 0x00, 0x00, 0x06, 0x01, 0xFF, 0xF3, 0xFF,
    0xE1, 0xC6, 0x1F, 0xFF, 0xCF, 0xFE, 0x1F, 0xFC, 0x3F, 0xF8, 0x7F, 0xF0, 0xFF, 0xE1, 0xFF, 0xC2,
    0xB9, 0x8D, 0xB5, 0xBB, 0x0B, 0xE7, 0xF2, 0x07, 0xC0, 0x33, 0xFE, 0x19, 0xFF, 0x0E, 0xFF, 0x8F,
    0xE0, 0xC7, 0xFF, 0xE3, 0xFF, 0xFB, 0xDF, 0xFD, 0xED, 0xB6, 0x37, 0xFF, 0x1B, 0xFF, 0x0D, 0xFF,
    0x86, 0x39, 0xC3, 0x0F, 0xC1, 0x9F, 0xF0, 0xDF, 0x7C, 0x2C, 0x06, 0x00, 0x7C, 0x00, 0x6E, 0x3F,
    0xFF, 0x3F, 0xFF, 0x30, 0x60, 0x30, 0x66, 0x3F, 0x66, 0x3F, 0x6E, 0x33, 0x7C, 0x33, 0x3C, 0x73,
    0x38, 0x7F, 0x73, 0x6F, 0xFB, 0x61, 0xDF, 0xE3, 0x8F, 0x40, 0x06, 0x00, 0xF8, 0x00, 0xDC, 0xFF,
    0xFE, 0xFF, 0xFE, 0x00, 0xC0, 0x7E, 0xCC, 0x7E, 0xCC, 0x66, 0xDC, 0x66, 0x78, 0x7E, 0x78, 0x7E,
    0x70, 0x07, 0x62, 0xFF, 0xF6, 0xFB, 0xBE, 0x07, 0x1E, 0x02, 0x0C, 0x0C, 0x3C, 0x7F, 0xBE, 0x7F,
    0xB7, 0x0C, 0x32, 0x7F, 0xFF, 0x7F, 0xFE, 0x36, 0x36, 0x3F, 0xF6, 0x76, 0x36, 0x7F, 0xBC, 0x36,
    0x3C, 0x3F, 0x99, 0x36, 0x3B, 0x3F, 0xFF, 0x3F, 0xEF, 0x00, 0x00, 0x00, 0x00, 0x03, 0x00, 0x07,
    0x00, 0xFF, 0xE3, 0xFF, 0xC7, 0x01, 0x8E, 0x03, 0x1C, 0x06, 0x3F, 0xFC, 0x7F, 0xF8, 0xC0, 0x11,
    0x80, 0x03, 0x00, 0x0E, 0x00, 0x18, 0x00, 0x70, 0x00, 0x40, 0x00, 0x03, 0x06, 0x7F, 0x7F, 0x7C,
    0x78, 0x60, 0x60, 0x7F, 0x60, 0x7F, 0x7F, 0x63, 0x7F, 0x63, 0x6C, 0x7F, 0x6C, 0x7E, 0xEC, 0x60,
    0xCC, 0x60, 0xCC, 0x60, 0xCC, 0x61, 0x8C, 0xC1, 0x8C, 0x00, 0x04, 0x00, 0xFC, 0x3F, 0xFC, 0x3F,
    0xC0, 0x01, 0x80, 0x3F, 0xFE, 0x3F, 0xFE, 0x01, 0xC0, 0x01, 0x80, 0x7F, 0xFF, 0xFF, 0xFF, 0x01,
    0x80, 0x01, 0x80, 0x01, 0x80, 0x01, 0x80, 0x0F, 0x80, 0x0F, 0x00, 0x18, 0x00, 0x0C, 0xFF, 0x86,
    0x7F, 0xDF, 0xC3, 0x8F, 0xE1, 0xC0, 0xC0, 0xE0, 0x60, 0x70, 0x3C, 0x38, 0x7E, 0x1C, 0x7C, 0x0E,
    0x06, 0x07, 0x03, 0x03, 0x81, 0x81, 0xC0, 0xC7, 0xC1, 0xE3, 0xE0, 0x40, 0xE0, 0x18, 0x00, 0x19,
    0xFE, 0x19, 0xFE, 0x7E, 0x06, 0x7E, 0x06, 0x18, 0x06, 0x18, 0xFE, 0x1F, 0xFE, 0x7E, 0x06, 0xF8,
    0x06, 0x18, 0x06, 0x18, 0x06, 0x18, 0x06, 0x19, 0xFE, 0x78, 0x06, 0x30, 0x02, 0x18, 0xF8, 0x0C,
    0x7E, 0x06, 0x1B, 0x9F, 0xCC, 0xEF, 0xFF, 0xF0, 0xDF, 0xF0, 0x61, 0x98, 0x3C, 0xCC, 0xFE, 0x7C,
    0x7C, 0x1E, 0x06, 0x0E, 0x03, 0x0F, 0x21, 0x8F, 0xB0, 0xDE, 0xF9, 0xEC, 0x3C, 0xC0, 0x04, 0x00,
    0x00, 0x0C, 0x30, 0x06, 0x0C, 0x03, 0x3F, 0xEF, 0xFF, 0xF7, 0xFF, 0xF8, 0x63, 0xF0, 0x31, 0xF8,
    0x1E, 0xFC, 0x7F, 0x66, 0x3E, 0x33, 0x03, 0x39, 0x81, 0x98, 0xD0, 0xCC, 0x6C, 0x6E, 0x34, 0xFE,
    0x1E, 0x62, 0x06, 0x00, 0x19, 0xFE, 0x0C, 0xFF, 0x06, 0x61, 0x9F, 0xF0, 0xCF, 0xFB, 0xE0, 0xCD,
    0xE0, 0x67, 0xFC, 0x3F, 0xFE, 0xFF, 0xE6, 0x7C, 0xFB, 0x06, 0x6F, 0x83, 0x37, 0x81, 0x9B, 0xC0,
    0xCF, 0xFB, 0xE7, 0x9C, 0xE3, 0x80, 0x00, 0x00, 0x0C, 0x6E, 0x06, 0x33, 0x83, 0x18, 0xCF, 0xFF,
    0xF7, 0xFF, 0xF8, 0x63, 0x00, 0x31, 0xFC, 0x1E, 0xFE, 0x3F, 0xE3, 0x3E, 0x7B, 0x03, 0x3F, 0x81,
    0x9B, 0xC0, 0xD9, 0xE0, 0x7D, 0xF8, 0xFD, 0xCE, 0x70, 0x01, 0x00, 0x19, 0xFC, 0x0D, 0xFF, 0x06,
    0x31, 0x9F, 0x9D, 0x87, 0xC7, 0x80, 0xC7, 0xE0, 0x6F, 0x3C, 0x3E, 0x66, 0x7D, 0xFE, 0x7C, 0xFF,
    0x06, 0x0C, 0x03, 0x7F, 0xE1, 0xBF, 0xF0, 0xC1, 0x81, 0xC0, 0xC0, 0xC0, 0x60, 0x30, 0x30, 0x30,
    0x30, 0x31, 0xFF, 0xFD, 0xFE, 0xFC, 0x30, 0x33, 0xFF, 0x33, 0xFF, 0x3C, 0x0C, 0x7F, 0xFF, 0xF3,
    0xFF, 0x31, 0x8C, 0x30, 0xCC, 0x30, 0xEC, 0x30, 0x4C, 0x70, 0x3C, 0x60, 0x18, 0x19, 0x80, 0x19,
    0x9E, 0x19, 0xFC, 0xFF, 0xE3, 0xFF, 0x83, 0x19, 0xFF, 0x18, 0xFE, 0x1E, 0x00, 0x7F, 0xFF, 0xF9,
    0x83, 0x19, 0xFF, 0x19, 0xFF, 0x19, 0x83, 0x19, 0xFF, 0x79, 0xFF, 0x71, 0x82, 0x00, 0x00, 0x38,
    0x30, 0x38, 0x30, 0x3B, 0xFF, 0xFF, 0xFF, 0xFF, 0x63, 0x3B, 0x63, 0x3B, 0xFF, 0x3F, 0xFF, 0x3E,
    0xCC, 0xFD, 0x8C, 0xF9, 0xDC, 0x38, 0xF8, 0x38, 0x7C, 0x39, 0xFE, 0x73, 0xC7, 0x62, 0x02, 0x33,
    0xFE, 0x37, 0xFF, 0x36, 0x43, 0xFE, 0x63, 0x7F, 0xFE, 0x33, 0xFE, 0x31, 0xB0, 0x3D, 0xB0, 0x7F,
    0xFE, 0xF3, 0xFE, 0x30, 0x30, 0x37, 0xFF, 0x37, 0xFF, 0x30, 0x30, 0x70, 0x30, 0x60, 0x10, 0x00,
    0x00, 0x18, 0x60, 0x0C, 0x3F, 0x06, 0x3F, 0x8F, 0xF9, 0xC7, 0xFF, 0xF0, 0xCF, 0xF8, 0x66, 0x6C,
    0x3F, 0x36, 0x7F, 0x9B, 0x3D, 0xFF, 0xC6, 0xFF, 0xE3, 0x0F, 0x81, 0x8E, 0xE0, 0xCE, 0x3C, 0xEE,
    0x0E, 0x64, 0x00, 0x00, 0x31, 0xFE, 0x33, 0xFF, 0x33, 0x03, 0xFF, 0x03, 0xFF, 0xFF, 0x33, 0x18,
    0x33, 0xFE, 0x3F, 0xFF, 0x7F, 0x18, 0xF3, 0x18, 0x33, 0xFF, 0x33, 0xC3, 0x36, 0xC3, 0x36, 0xFF,
    0x76, 0xFF, 0x60, 0x83, 0x18, 0x68, 0x0C, 0x36, 0x06, 0x7B, 0xCF, 0xFD, 0xE7, 0xC6, 0xC0, 0xC3,
    0x60, 0x6F, 0xBC, 0x3F, 0xDE, 0x7C, 0x6C, 0x7D, 0xF7, 0x86, 0xFB, 0xC3, 0x0D, 0x81, 0x86, 0xC0,
    0xC3, 0x61, 0xC1, 0xB0, 0x40, 0x90, 0x30, 0x60, 0x19, 0xFF, 0x8C, 0xFF, 0xDF, 0xB1, 0x8F, 0xCC,
    0xC1, 0x9F, 0xF8, 0xDF, 0xFC, 0x78, 0xC0, 0xFF, 0xFF, 0x7B, 0xFF, 0x8C, 0x63, 0x06, 0x7F, 0x83,
    0x0F, 0x81, 0x8F, 0xF1, 0xDF, 0x3C, 0xC4, 0x04, 0x00, 0x00, 0x18, 0x18, 0x0C, 0x0C, 0x06, 0x7F,
    0xEF, 0xF0, 0x33, 0xFB, 0xD8, 0xC3, 0x30, 0x67, 0x0E, 0x3F, 0x03, 0x3E, 0xFF, 0x3C, 0x7F, 0x86,
    0x06, 0x03, 0x03, 0x01, 0x81, 0x80, 0xDF, 0xFC, 0xEF, 0xFE, 0x60, 0x00, 0x00, 0x30, 0xD8, 0x31,
    0xD8, 0x31, 0x98, 0xFF, 0xFF, 0xFF, 0xFF, 0x37, 0x98, 0x37, 0xFF, 0x3D, 0xFF, 0xFD, 0x98, 0xF1,
    0xFF, 0x31, 0xFF, 0x31, 0x98, 0x31, 0x98, 0x31, 0xFF, 0x71, 0xFF, 0x61, 0x80, 0x30, 0xCC, 0x30,
    0xCC, 0x33, 0xFF, 0xFF, 0xFF, 0xFC, 0xCC, 0x30, 0xCC, 0x33, 0xFF, 0x3F, 0xFF, 0xFF, 0x33, 0xF3,
    0xFF, 0x33, 0xFF, 0x33, 0x33, 0x33, 0x33, 0x33, 0xFF, 0x73, 0xFF, 0x61, 0x02, 0x31, 0xFE, 0x19,
    0xFF, 0x0C, 0xFF, 0x9F, 0xFF, 0xCF, 0xF8, 0x61, 0x9F, 0xF0, 0xC0, 0x00, 0x7F, 0xFE, 0xFF, 0xFF,
    0x78, 0xD8, 0x0C, 0xEF, 0x86, 0x77, 0xC3, 0x3B, 0x01, 0xBF, 0xF9, 0xD9, 0xFC, 0xC8, 0x0C, 0x30,
    0x3E, 0x33, 0xFE, 0x31, 0x30, 0x7C, 0x30, 0x7F, 0xFF, 0x30, 0x30, 0x30, 0xFE, 0x3F, 0xFF, 0x7F,
    0x33, 0xF3, 0x33, 0x33, 0xFF, 0x33, 0x33, 0x33, 0x33, 0x33, 0xFF, 0x73, 0xFF, 0x63, 0x02, 0x00,
    0x00, 0x18, 0x38, 0x0C, 0xFF, 0xC6, 0x77, 0xEF, 0xF3, 0x37, 0xFF, 0xF8, 0xCC, 0xCC, 0x67, 0xFE,
    0x3F, 0xFF, 0x3E, 0x18, 0x3C, 0xFF, 0x86, 0x7F, 0xC3, 0x1C, 0xC1, 0x87, 0xC0, 0xC7, 0xF8, 0xEF,
    0xBE, 0x66, 0x02, 0x00, 0x00, 0x00, 0x30, 0x30, 0x33, 0xFF, 0x33, 0xFF, 0xFC, 0xCC, 0xFF, 0xFF,
    0x33, 0xFF, 0x33, 0x33, 0x3F, 0xFF, 0x7F, 0x33, 0xF3, 0xFB, 0x33, 0xFB, 0x33, 0xCB, 0x33, 0xFB,
    0x33, 0xC3, 0x73, 0x0F, 0x62, 0x06, 0x30, 0xFC, 0x18, 0xFE, 0x0C, 0x63, 0x1F, 0xBF, 0x8F, 0xCF,
    0xC1, 0x9F, 0xF8, 0xC9, 0xEC, 0x7C, 0xF6, 0x7F, 0xFF, 0x78, 0x18, 0x0D, 0xFF, 0xC6, 0x7F, 0xE3,
    0x1F, 0xC1, 0xBD, 0xB9, 0xD8, 0xCC, 0x40, 0x40, 0x0C, 0xC0, 0x4C, 0xC0, 0xCC, 0xC0, 0xCD, 0xFE,
    0xCD, 0xFE, 0xCD, 0x8C, 0xCF, 0xCC, 0xCF, 0xD8, 0xCC, 0xF8, 0xDC, 0x78, 0xFC, 0x70, 0xFC, 0x70,
    0x8C, 0xF8, 0x0D, 0xDE, 0x0F, 0x8E, 0x0D, 0x00, 0x00, 0x60, 0x3F, 0xB0, 0x1F, 0xD8, 0x00, 0x6F,
    0xE0, 0x3F, 0xF0, 0x1F, 0x31, 0xFF, 0x98, 0xFF, 0xD8, 0x60, 0x3C, 0x30, 0x1E, 0x18, 0x0E, 0x0D,
    0xE7, 0x07, 0xE7, 0xC3, 0xC7, 0x79, 0x07, 0x1C, 0x02, 0x00, 0x00, 0x00, 0x0C, 0x18, 0x07, 0x1C,
    0x0F, 0xEC, 0x0F, 0xF7, 0xF1, 0x87, 0xF8, 0xC3, 0x98, 0x7F, 0xCC, 0x3F, 0xFC, 0x19, 0xDE, 0x0C,
    0xCF, 0x06, 0x63, 0x03, 0x33, 0xC3, 0xBB, 0xF1, 0x9F, 0xBD, 0xFF, 0x8E, 0x0C, 0x80, 0x00, 0x00,
    0x00, 0x0C, 0x18, 0x03, 0x0C, 0x0F, 0xF6, 0x07, 0xFB, 0xF1, 0xB3, 0xF8, 0xCD, 0x98, 0xCF, 0xCC,
    0xF7, 0xF6, 0x3F, 0x7E, 0x07, 0x0F, 0x01, 0xC3, 0x81, 0xE1, 0xC1, 0xD9, 0xF1, 0xCF, 0x9C, 0xC3,
    0x8E, 0x00, 0x80, 0x00, 0x00, 0x00, 0x36, 0xD8, 0x1B, 0xCC, 0x07, 0xE6, 0x0F, 0xFF, 0xF3, 0xFB,
    0xF8, 0xFD, 0x98, 0xFB, 0xEC, 0x48, 0xFC, 0x3F, 0xDE, 0x1F, 0xC7, 0x06, 0x63, 0x03, 0xE1, 0xC0,
    0xF1, 0xF0, 0xFF, 0x9C, 0xE3, 0x86, 0x00, 0x80, 0x00, 0x0C, 0x30, 0x3F, 0xDF, 0x8F, 0xDF, 0xCF,
    0xFC, 0xC6, 0xDF, 0xE3, 0xF8, 0xE0, 0x7C, 0xF0, 0xFF, 0xFE, 0x6C, 0xE3, 0x1F, 0xFF, 0x0F, 0xFF,
    0x83, 0x3F, 0x81, 0x9F, 0xC3, 0xFF, 0xFB, 0xFF, 0xFC, 0x00, 0x00, 0x00, 0xC0, 0x00, 0x70, 0x0F,
    0xFF, 0xCF, 0xFF, 0xF3, 0xFF, 0xF8, 0x30, 0x60, 0x18, 0x70, 0x06, 0x30, 0x03, 0xB8, 0x00, 0xF8,
    0x00, 0x38, 0x00, 0x3E, 0x00, 0x7B, 0xC1, 0xF0, 0xFD, 0xF0, 0x1E, 0x40, 0x00, 0x00, 0x0C, 0x06,
    0x07, 0x33, 0x07, 0xCD, 0x8E, 0x33, 0xCF, 0xF8, 0x67, 0xFA, 0x30, 0x31, 0xD8, 0xFF, 0x6C, 0x7F,
    0x96, 0x16, 0x87, 0x8F, 0xFF, 0xCD, 0xBE, 0xC6, 0xD8, 0x62, 0x60, 0x30, 0xF0, 0x18, 0x30, 0x0C,
    0x00, 0x00, 0xCC, 0x0E, 0xFF, 0xFC, 0xFF, 0xE0, 0xFE, 0xC0, 0xDE, 0xC0, 0xFF, 0xFE, 0xDC, 0xFE,
    0xDE, 0xCC, 0xFF, 0xCC, 0xFF, 0xCC, 0xEC, 0xCC, 0xCC, 0xCC, 0xFF, 0xCC, 0xFF, 0x8C, 0x01, 0x8C,
    0x00, 0x08, 0x00, 0x00, 0x18, 0x06, 0x7F, 0x7E, 0x7F, 0xF0, 0x33, 0x60, 0x36, 0x60, 0x7F, 0xFF,
    0xFF, 0xFF, 0x0C, 0x66, 0x7F, 0xE6, 0x7F, 0xE6, 0x2F, 0x66, 0x6F, 0xC6, 0x6D, 0xC6, 0x4C, 0xC6,
    0x1C, 0x86, 0x00, 0x04, 0x00, 0x00, 0x01, 0x80, 0x00, 0xC0, 0x3F, 0xFE, 0x7F, 0xFF, 0x06, 0x00,
    0x06, 0x00, 0x07, 0xFC, 0x07, 0xFC, 0x06, 0x0C, 0x06, 0x0C, 0x0C, 0x0C, 0x0C, 0x0C, 0x18, 0x0C,
    0x38, 0x1C, 0x70, 0xF8, 0x40, 0x60, 0x3F, 0xFE, 0x3F, 0xFE, 0x01, 0x80, 0x01, 0x80, 0x01, 0x80,
    0xFF, 0xFF, 0x7F, 0xFF, 0x03, 0xC0, 0x03, 0xC0, 0x07, 0xC0, 0x0E, 0xC3, 0x1C, 0xC3, 0x78, 0xFF,
    0x70, 0x7F, 0x40, 0x00, 0x7F, 0xF7, 0xFF, 0x60, 0x36, 0x03, 0x60, 0x37, 0xFF, 0x7F, 0xF7, 0xFF,
    0x60, 0x36, 0x03, 0x60, 0x37, 0xFF, 0x7F, 0xF6, 0x03, 0x40, 0x00, 0x3F, 0xFC, 0x3F, 0xFC, 0x30,
    0x0C, 0x3F, 0xFC, 0x3F, 0xFC, 0x30, 0x0C, 0x3F, 0xFC, 0x3F, 0xFC, 0x01, 0x80, 0x01, 0x80, 0xFF,
    0xFF, 0x7F, 0xFF, 0x01, 0x80, 0x01, 0x80, 0x01, 0x80, 0x01, 0x80, 0x00, 0x18, 0xFC, 0x18, 0xFC,
    0x18, 0xCF, 0xFE, 0xCF, 0xFE, 0xCC, 0x18, 0xFD, 0x98, 0xFD, 0xD8, 0xCC, 0xD8, 0xCC, 0xF8, 0xCC,
    0x58, 0xFC, 0x18, 0xFC, 0x18, 0xC0, 0xF8, 0x00, 0xF8, 0x00, 0x60, 0x01, 0xFF, 0xFB, 0xFF, 0xF6,
    0x1E, 0x6C, 0x3C, 0xDF, 0xFF, 0xBF, 0xFF, 0x61, 0xE6, 0xC3, 0xCD, 0xFF, 0xFB, 0xFF, 0xFE, 0x1E,
    0x18, 0x3C, 0x30, 0x60, 0xC0, 0xC3, 0x8F, 0x82, 0x0E, 0x1F, 0xFC, 0x1F, 0xFE, 0x0E, 0x03, 0x07,
    0xFF, 0x83, 0x00, 0xC1, 0xFF, 0xE0, 0x7F, 0xF0, 0xFF, 0xFE, 0x7F, 0xFF, 0x0C, 0xE0, 0x06, 0x7F,
    0x83, 0xBF, 0xC3, 0xFC, 0x03, 0xBF, 0xFB, 0x8F, 0xFC, 0x80, 0x00, 0x1F, 0xFC, 0x3F, 0xFC, 0x30,
    0x0C, 0x3F, 0xFC, 0x3F, 0xFC, 0x30, 0x0C, 0x3F, 0xFC, 0x1F, 0xFC, 0x26, 0x66, 0x36, 0x66, 0x1E,
    0x6C, 0x1E, 0x78, 0x0E, 0x68, 0xFF, 0xFF, 0xFF, 0xFF, 0x03, 0x0D, 0xE6, 0x7F, 0xCD, 0xC6, 0xBF,
    0x0D, 0xFE, 0x1A, 0x6F, 0xFC, 0xDF, 0xFB, 0xF6, 0xD7, 0xED, 0xAE, 0xDB, 0xFD, 0xB7, 0xDB, 0x6C,
    0x36, 0xD0, 0x79, 0x80, 0xF3, 0x01, 0x82, 0x00, 0x00, 0x60, 0x00, 0xFD, 0xFB, 0xFB, 0xF6, 0xC6,
    0x7F, 0xFC, 0xC7, 0x99, 0x9F, 0xBF, 0x73, 0x7E, 0xFF, 0xF8, 0x7F, 0xF0, 0xC0, 0x61, 0xFF, 0xC3,
    0x01, 0x87, 0xFF, 0x0F, 0xFE, 0x18, 0x0C, 0x00, 0x00, 0x18, 0x0E, 0x7F, 0xFE, 0x3C, 0x60, 0x7F,
    0x7F, 0x7F, 0xFF, 0x0C, 0x6C, 0x7F, 0xEC, 0x7C, 0xCC, 0x04, 0xCC, 0x1F, 0xFC, 0x18, 0x0C, 0x1F,
    0xFC, 0x1F, 0xFC, 0x1F, 0xFC, 0x1F, 0xFC, 0x10, 0x04, 0x7F, 0xFE, 0x3F, 0xFF, 0x80, 0x70, 0x07,
    0xFF, 0xC3, 0xFF, 0xE1, 0x8E, 0x30, 0xFF, 0xF8, 0x7F, 0xFC, 0x3F, 0xFE, 0x1F, 0xFF, 0x06, 0x60,
    0x03, 0xF0, 0x00, 0xF0, 0x01, 0xFF, 0xF9, 0xE3, 0xFC, 0xC0, 0x0E, 0x1F, 0xFC, 0x0F, 0xFE, 0x07,
    0xFF, 0x03, 0xFF, 0x81, 0xFF, 0xC0, 0xFF, 0xE1, 0xFF, 0xFC, 0xFF, 0xFE, 0x3F, 0xFE, 0x1F, 0xFF,
    0x0F, 0xD9, 0x87, 0xE7, 0x83, 0x7B, 0xC7, 0xFF, 0xF1, 0x8F, 0x9C, 0x06, 0x00, 0x03, 0x00, 0x03,
    0x00, 0x7F, 0xFF, 0x7F, 0xFF, 0x0C, 0x00, 0x0F, 0xFC, 0x1F, 0xFC, 0x3C, 0x0C, 0x7F, 0xFC, 0x6F,
    0xFC, 0x0C, 0x0C, 0x0F, 0xFC, 0x0C, 0x0C, 0x0C, 0x0C, 0x0C, 0x7C, 0x0C, 0x38, 0x3E, 0xFE, 0x3F,
    0x7F, 0x99, 0xB0, 0xCC, 0xD8, 0x67, 0xED, 0xE3, 0xF6, 0x61, 0x9B, 0xFC, 0xCD, 0xFE, 0x7E, 0xF3,
    0x3F, 0x7B, 0x19, 0xB7, 0x8C, 0xDB, 0x86, 0x6D, 0xC3, 0x37, 0xFB, 0x7B, 0xDC, 0x99, 0x82, 0x33,
    0x3E, 0x33, 0x7F, 0x7F, 0xE3, 0x7F, 0xE3, 0x3F, 0x7F, 0x3F, 0x7F, 0x33, 0x63, 0x3F, 0x63, 0x3F,
    0x7F, 0x33, 0x7F, 0xFF, 0xE3, 0x7F, 0xE3, 0x36, 0x63, 0x73, 0xC3, 0x61, 0xCF, 0x40, 0x0C, 0x01,
    0x80, 0x00, 0xC0, 0x0F, 0xFF, 0x87, 0xFF, 0xC0, 0x18, 0x00, 0x0C, 0x01, 0xFF, 0xFC, 0xFF, 0xFE,
    0x7F, 0xFF, 0x03, 0xF0, 0x03, 0xFE, 0x03, 0xB3, 0x87, 0x98, 0xE7, 0x8C, 0x39, 0x06, 0x0C, 0x03,
    0x00, 0x01, 0x80, 0x00, 0xC0, 0x1F, 0xFF, 0xCF, 0xFF, 0xE0, 0x18, 0x00, 0x0C, 0x00, 0x07, 0x00,
    0x7F, 0xFC, 0x3F, 0xFE, 0x03, 0xF0, 0x03, 0xEC, 0x03, 0xB3, 0x87, 0x98, 0xE3, 0x8C, 0x39, 0x06,
    0x00, 0x01, 0x00, 0x01, 0x80, 0x00, 0xC0, 0x00, 0x60, 0x0F, 0xFF, 0xE7, 0xFF, 0xF0, 0x3F, 0x00,
    0x1E, 0xC0, 0x1B, 0x70, 0x1D, 0x98, 0x0C, 0xCE, 0x0E, 0x73, 0x8F, 0xFF, 0xE4, 0xFF, 0xB0, 0x0C,
    0x00, 0x06, 0x00, 0x01, 0x00, 0x18, 0x48, 0x0C, 0x7E, 0x06, 0x3F, 0x0F, 0xF9, 0x8F, 0xFC, 0xC0,
    0xC6, 0x60, 0xF3, 0x30, 0x7D, 0x98, 0x3E, 0xCC, 0x3D, 0xE6, 0x3E, 0x73, 0x1B, 0x31, 0xB1, 0x98,
    0xD8, 0xDC, 0x7C, 0x6C, 0x3C, 0x30, 0x04, 0x00, 0x00, 0x03, 0x80, 0x01, 0xFE, 0x03, 0xFF, 0x03,
    0xE3, 0x83, 0xBF, 0x80, 0x8F, 0x80, 0x7F, 0xFC, 0xFF, 0xBF, 0x30, 0xC1, 0x8F, 0xFF, 0x87, 0xFF,
    0x80, 0xDB, 0x80, 0xEC, 0xE1, 0xE6, 0x38, 0x47, 0x0C, 0x03, 0x00, 0x00, 0x01, 0x80, 0x00, 0xC0,
    0x1F, 0xFF, 0x87, 0xFF, 0xC1, 0x98, 0xC0, 0xEC, 0xC0, 0x36, 0x60, 0xFF, 0xFE, 0x7F, 0xFF, 0x01,
    0xF0, 0x01, 0xFC, 0x03, 0xB7, 0x03, 0x98, 0xE3, 0x8C, 0x39, 0x06, 0x0C, 0x01, 0x00, 0x18, 0x4C,
    0x18, 0xEC, 0x18, 0xCC, 0xFE, 0xCE, 0xFF, 0xC6, 0x19, 0xB7, 0x3F, 0xB3, 0x3F, 0x72, 0x7E, 0x60,
    0x7E, 0x6C, 0xF8, 0xCC, 0xD8, 0xC6, 0x19, 0xDE, 0x1B, 0xFF, 0x19, 0xF3, 0x18, 0x00, 0x18, 0x0E,
    0x18, 0xFE, 0x18, 0xF0, 0x7E, 0xC0, 0x7F, 0xC0, 0x18, 0xFF, 0x3C, 0xFF, 0x3E, 0xCC, 0x3E, 0xCC,
    0x7B, 0xCC, 0xF9, 0x8C, 0xD9, 0x8C, 0x19, 0x8C, 0x19, 0x8C, 0x1B, 0x0C, 0x18, 0x0C, 0x1F, 0xFC,
    0x1F, 0xFF, 0x0C, 0x63, 0x87, 0xFF, 0xC3, 0xFF, 0xE1, 0x8C, 0x70, 0xFF, 0xF8, 0x7F, 0xF8, 0x7F,
    0xFF, 0x3F, 0xFF, 0x81, 0xFC, 0x01, 0xFF, 0x03, 0xD9, 0xC7, 0xCC, 0x79, 0x86, 0x0C, 0x03, 0x00,
    0x01, 0x80, 0x00, 0xC0, 0x1F, 0xFF, 0xCF, 0xFF, 0xE0, 0xFF, 0x80, 0xEC, 0xE1, 0xE6, 0x3C, 0xFF,
    0xF6, 0x1F, 0xF8, 0x0F, 0xFC, 0x07, 0xFE, 0x03, 0xFF, 0x01, 0xFF, 0x83, 0xFF, 0xF9, 0xFF, 0xFC,
    0x18, 0x00, 0x19, 0xFE, 0x18, 0xFE, 0xFE, 0x00, 0xFE, 0x00, 0x39, 0xFF, 0x3D, 0xFF, 0x3E, 0x30,
    0x7E, 0xF6, 0x79, 0xB6, 0xD9, 0xB7, 0x59, 0xB3, 0x1B, 0x33, 0x1B, 0x73, 0x18, 0xF0, 0x18, 0x60,
    0x18, 0xC6, 0x18, 0xCE, 0x18, 0xEC, 0x7F, 0xFE, 0x7F, 0xFF, 0x38, 0x00, 0x3C, 0x00, 0x3E, 0x00,
    0x7F, 0xFE, 0x79, 0xFE, 0xD8, 0x00, 0x58, 0x00, 0x18, 0x00, 0x1B, 0xFF, 0x1B, 0xFF, 0x18, 0x00,
    0x00, 0x00, 0x19, 0x86, 0x19, 0xC6, 0x18, 0xCC, 0x7F, 0xFF, 0x7F, 0xFF, 0x38, 0x30, 0x3D, 0xFE,
    0x3D, 0xFE, 0x7C, 0x30, 0x78, 0x30, 0xDB, 0xFF, 0x5B, 0xFF, 0x18, 0x30, 0x18, 0x30, 0x18, 0x30,
    0x10, 0x30, 0x19, 0xFE, 0x0C, 0xFF, 0x06, 0x61, 0x9F, 0xFF, 0xC7, 0xFF, 0xE0, 0xCC, 0x30, 0xF6,
    0x18, 0x7B, 0xFC, 0x7F, 0xB2, 0x3C, 0xDB, 0xB6, 0x6F, 0x8B, 0x33, 0x01, 0x98, 0xC0, 0xCF, 0xF8,
    0x67, 0x9C, 0x32, 0x00, 0x00, 0x00, 0x0C, 0x30, 0x06, 0x1F, 0x03, 0x1F, 0xC7, 0xFC, 0xE7, 0xFF,
    0x60, 0x6D, 0xF0, 0x78, 0x70, 0x3E, 0xFC, 0x3F, 0xE7, 0x9E, 0xFF, 0xDF, 0x3F, 0xCD, 0x98, 0x60,
    0xCC, 0x30, 0x67, 0xF8, 0x33, 0xFC, 0x18, 0x86, 0x00, 0x00, 0x00, 0x0C, 0x00, 0x06, 0xFF, 0xC3,
    0x7F, 0xCF, 0xFF, 0xF7, 0xFF, 0xF8, 0xEC, 0x60, 0x7E, 0x30, 0x3F, 0xFE, 0x3F, 0x8C, 0x1E, 0xC6,
    0x1B, 0x7F, 0xE5, 0xBF, 0xF0, 0xD8, 0x00, 0x6F, 0xFC, 0x37, 0xFE, 0x10, 0x00, 0x00, 0x18, 0x30,
    0x1B, 0x33, 0x19, 0xB6, 0x7F, 0xB6, 0xFF, 0xBE, 0x38, 0xB4, 0x3F, 0xFF, 0x3F, 0xFF, 0x7E, 0x03,
    0x7F, 0xFF, 0xDB, 0xFF, 0xD8, 0x03, 0x18, 0x07, 0x1B, 0xFF, 0x1B, 0xFF, 0x18, 0x02, 0x00, 0x00,
    0x0C, 0x18, 0x06, 0x1C, 0x03, 0x1F, 0x0F, 0xDD, 0xC3, 0xFC, 0x70, 0xFF, 0xFC, 0x7D, 0xF2, 0x3C,
    0x22, 0x3F, 0x93, 0x1E, 0x6D, 0x9B, 0x37, 0x85, 0x9B, 0xC0, 0xC0, 0x40, 0x7F, 0xFC, 0x3F, 0xFE,
    0x10, 0x00, 0x00, 0x38, 0xCC, 0x1D, 0xFF, 0x8E, 0xFF, 0xDF, 0x99, 0x87, 0xFF, 0xE1, 0xD8, 0x30,
    0xEF, 0xF8, 0x7E, 0x0C, 0x7F, 0xFE, 0x3C, 0xFF, 0x3F, 0xFF, 0xCF, 0xFF, 0xE3, 0x8F, 0x81, 0xCE,
    0x70, 0xFE, 0x1C, 0x24, 0x02, 0x18, 0xCC, 0x0D, 0xFF, 0x86, 0xFF, 0xCF, 0xD9, 0x87, 0xFF, 0xF0,
    0xDF, 0xF8, 0xE7, 0xFC, 0x7F, 0xFE, 0x7F, 0x33, 0x3F, 0xFF, 0xB6, 0xCC, 0xDB, 0x7F, 0xE1, 0x9F,
    0xE0, 0xCE, 0x70, 0x6E, 0x1C, 0x24, 0x02, 0x01, 0x80, 0x30, 0xC0, 0x1C, 0x7F, 0x87, 0x7F, 0xE0,
    0x36, 0x70, 0x3B, 0x30, 0x19, 0x98, 0x0C, 0xC8, 0x18, 0x70, 0x0C, 0x38, 0x0C, 0x3C, 0x0E, 0x3B,
    0x06, 0x39, 0xC2, 0x38, 0x78, 0x38, 0x1C, 0x08, 0x00, 0x7F, 0xFF, 0x7F, 0xFE, 0x00, 0xC0, 0x00,
    0xC0, 0x18, 0xC0, 0x18, 0xFC, 0x18, 0xFE, 0x18, 0xFC, 0x18, 0xC0, 0x18, 0xC0, 0x18, 0xC0, 0x18,
    0xC0, 0x7F, 0xFF, 0x7F, 0xFF, 0x06, 0x70, 0x03, 0x38, 0x01, 0x9C, 0x06, 0xCE, 0x43, 0x67, 0x71,
    0xBF, 0xF0, 0xDF, 0xF0, 0x6C, 0xE0, 0x36, 0x70, 0x1B, 0x38, 0x0D, 0x9C, 0x06, 0xCE, 0x73, 0x7F,
    0x33, 0xFF, 0xFB, 0xF8, 0xFC, 0x00, 0x00, 0x01, 0xC0, 0x19, 0xFC, 0x19, 0xFC, 0x19, 0xC0, 0x19,
    0xC0, 0x7F, 0xFF, 0x7F, 0xFF, 0x0D, 0x84, 0x1D, 0x8C, 0x39, 0x9C, 0x71, 0xB8, 0x21, 0xF0, 0x03,
    0xE0, 0x3F, 0x80, 0x7C, 0x00, 0x00, 0x00, 0x00, 0x00, 0x07, 0x3E, 0x0F, 0x9F, 0x06, 0x0D, 0x83,
    0x04, 0xC1, 0xF6, 0x60, 0xFB, 0x3C, 0x63, 0x0E, 0x3F, 0xFE, 0x1F, 0xFF, 0x0C, 0x31, 0x87, 0xCD,
    0x8F, 0xF7, 0xC7, 0x81, 0xC0, 0xC3, 0xF8, 0x67, 0x8E, 0x01, 0x00, 0x00, 0x00, 0x00, 0x0C, 0x00,
    0x1F, 0xFF, 0x1F, 0xFF, 0x30, 0x00, 0x7F, 0xFC, 0xFF, 0xFC, 0x1B, 0xCC, 0x18, 0xCC, 0xFF, 0xFF,
    0xFF, 0xFF, 0x3B, 0xCC, 0x38, 0xCC, 0x3F, 0xFF, 0x1F, 0xFE, 0x00, 0x78, 0x00, 0x70, 0x60, 0xC0,
    0xC1, 0x81, 0x83, 0x03, 0x06, 0x66, 0x0D, 0xEF, 0xDF, 0x1F, 0xBC, 0x30, 0x60, 0x60, 0xC0, 0xC1,
    0x81, 0x83, 0x1B, 0x06, 0x37, 0xEC, 0x6F, 0xDF, 0xFC, 0x3F, 0x00, 0x00, 0x01, 0x80, 0x00, 0xC0,
    0x00, 0x60, 0x00, 0x30, 0xC7, 0xFC, 0xE3, 0xFE, 0xE0, 0x1F, 0xE0, 0x1B, 0xE0, 0x0D, 0xB0, 0x0E,
    0xDC, 0x06, 0x67, 0x06, 0x31, 0xC7, 0x18, 0x72, 0x0C, 0x18, 0x1E, 0x00, 0x06, 0x00, 0x30, 0x00,
    0x3F, 0xFF, 0x87, 0xFF, 0xC0, 0xC0, 0x64, 0x20, 0x37, 0x8F, 0xE1, 0xE7, 0xF0, 0x23, 0x18, 0x01,
    0x8C, 0x0E, 0xC6, 0x06, 0x63, 0x07, 0x31, 0xB3, 0x38, 0xDB, 0xB8, 0x79, 0x98, 0x3C, 0x08, 0x00,
    0x61, 0xF8, 0x3C, 0xFE, 0x06, 0x63, 0x00, 0x31, 0x80, 0x38, 0xC7, 0xB8, 0x79, 0xF8, 0x08, 0x2F,
    0xFC, 0x07, 0xFE, 0x0D, 0xC6, 0x06, 0x77, 0x07, 0x1F, 0x03, 0x0F, 0x03, 0x1F, 0xF1, 0xBE, 0x3C,
    0x08, 0x04, 0x30, 0x30, 0x38, 0x30, 0x1D, 0xFE, 0x03, 0xFE, 0x40, 0x30, 0x70, 0x30, 0x38, 0x30,
    0x17, 0xFF, 0x03, 0xFF, 0x0C, 0xE0, 0x18, 0xCC, 0x19, 0xCC, 0x31, 0x9E, 0x73, 0xFF, 0x63, 0xC3,
    0x00, 0x00, 0x00, 0x00, 0x18, 0x30, 0x0F, 0x1C, 0x03, 0x86, 0x00, 0x7F, 0xF0, 0x3F, 0xF9, 0xC0,
    0xC0, 0xF0, 0x60, 0x10, 0x30, 0x01, 0xFF, 0x02, 0xFF, 0x83, 0x06, 0x03, 0x83, 0x01, 0x81, 0x81,
    0xDF, 0xFC, 0xCF, 0xFE, 0x00, 0x00, 0x00, 0x30, 0x1E, 0x7B, 0xFE, 0x1B, 0xF0, 0x00, 0x30, 0x03,
    0xFF, 0x77, 0xFF, 0x7F, 0xFF, 0x10, 0x30, 0x01, 0xFE, 0x1B, 0xFE, 0x1B, 0x06, 0x3B, 0x06, 0x33,
    0x06, 0x73, 0xFE, 0x63, 0xFE, 0x03, 0x02, 0x70, 0xD0, 0x38, 0xDC, 0x18, 0xCC, 0x01, 0xFE, 0x47,
    0xFE, 0x76, 0xC0, 0x30, 0xFF, 0x17, 0xFF, 0x07, 0xE3, 0x18, 0x66, 0x18, 0x7E, 0x30, 0x39, 0x30,
    0xF3, 0x67, 0xDB, 0x67, 0x1F, 0x00, 0x06, 0x00, 0x00, 0x23, 0x03, 0x73, 0x9B, 0x3F, 0xFB, 0x1F,
    0xFB, 0x00, 0xDB, 0x64, 0xDB, 0x76, 0xDB, 0x37, 0x9B, 0x03, 0x9B, 0x11, 0x9B, 0x33, 0xDB, 0x33,
    0xDB, 0x76, 0xE3, 0x6E, 0x43, 0x6C, 0x0F, 0x00, 0x0E, 0x00, 0x00, 0x72, 0x33, 0x7B, 0x37, 0x1B,
    0xB6, 0x01, 0xBE, 0x43, 0xFE, 0xF3, 0xFE, 0x3B, 0x06, 0x13, 0xFE, 0x03, 0xFE, 0x1B, 0x06, 0x1B,
    0xFE, 0x3B, 0xFE, 0x33, 0x06, 0x73, 0x06, 0x63, 0x1E, 0x03, 0x0C, 0x73, 0xFE, 0x7F, 0xFF, 0x1E,
    0x03, 0x06, 0xDB, 0x41, 0x9C, 0xF3, 0x8E, 0x77, 0x66, 0x10, 0x60, 0x07, 0xFF, 0x1F, 0xFF, 0x38,
    0xF8, 0x31, 0xFC, 0x77, 0x6E, 0x6E, 0x67, 0x64, 0x62, 0x00, 0x20, 0x70, 0x00, 0x1F, 0xFF, 0x86,
    0x38, 0x00, 0x18, 0x04, 0xFF, 0xF3, 0xFF, 0xF8, 0xC6, 0x70, 0x06, 0x9C, 0x0E, 0x47, 0x0F, 0xAB,
    0x8E, 0xD7, 0x86, 0xCB, 0x63, 0x65, 0xB3, 0x22, 0x09, 0x87, 0x00, 0x03, 0x00, 0x60, 0x60, 0x7F,
    0xFF, 0x1F, 0xFE, 0x07, 0xFE, 0x43, 0xFE, 0xFF, 0xFF, 0x7F, 0xFF, 0x13, 0xFE, 0x03, 0xFE, 0x1B,
    0xFE, 0x1B, 0xFE, 0x33, 0xFE, 0x33, 0xFE, 0x73, 0x06, 0x63, 0x1E, 0x02, 0x1C, 0x63, 0x07, 0x7B,
    0x3F, 0x1F, 0xF8, 0x07, 0xF0, 0x47, 0xB0, 0x77, 0xBF, 0x37, 0xBF, 0x0F, 0xF6, 0x07, 0xF6, 0x11,
    0xB6, 0x33, 0xF6, 0x3F, 0xB6, 0x35, 0xB6, 0x61, 0xE6, 0x61, 0xE6, 0x01, 0x86, 0x33, 0xFC, 0x1D,
    0xFF, 0x06, 0xC1, 0x80, 0x7F, 0xC0, 0x3F, 0xE3, 0x98, 0x30, 0xEF, 0xF8, 0x20, 0x00, 0x07, 0xFE,
    0x0F, 0xFF, 0x07, 0xB5, 0x86, 0xDA, 0xC3, 0x6D, 0x63, 0x7F, 0xF9, 0xBF, 0xFC, 0x00, 0x00, 0x63,
    0xFF, 0x1F, 0xFF, 0x87, 0x8C, 0x00, 0xDF, 0xC4, 0x7F, 0xF3, 0xBC, 0x18, 0xDF, 0xFC, 0x0F, 0xFE,
    0x07, 0xFF, 0x0F, 0xFF, 0x87, 0xAD, 0x86, 0xDE, 0xC3, 0xDB, 0x33, 0x79, 0x99, 0xE1, 0xC0, 0x00,
    0xC0, 0x23, 0xFC, 0x3B, 0xFC, 0x1B, 0xE4, 0x03, 0xE4, 0x03, 0x24, 0x67, 0xFF, 0x7F, 0xFF, 0x17,
    0xFF, 0x03, 0xFE, 0x1B, 0xFE, 0x1B, 0xFE, 0x3B, 0xFE, 0x33, 0xFE, 0x73, 0x06, 0x63, 0x1E, 0x03,
    0x1C, 0x20, 0x60, 0x38, 0x3F, 0x86, 0x18, 0x00, 0xFF, 0xE0, 0x7F, 0xF3, 0x33, 0xD1, 0xDF, 0xE8,
    0x2C, 0xFE, 0x06, 0x7E, 0x0F, 0x10, 0x0F, 0x9D, 0x86, 0xFB, 0xC3, 0xDC, 0xF3, 0x7E, 0x39, 0xB9,
    0xF4, 0x10, 0x00, 0x18, 0x00, 0x0C, 0xFF, 0x86, 0x7F, 0xCF, 0x63, 0x87, 0xE1, 0xC3, 0xF0, 0xE1,
    0xF8, 0x70, 0xB0, 0x38, 0x18, 0x1C, 0x0C, 0x0E, 0x07, 0x07, 0x07, 0xC3, 0x83, 0x71, 0xC3, 0x83,
    0xE1, 0x83, 0xE0, 0x00, 0xE0, 0x01, 0x80, 0x01, 0xFE, 0x01, 0xFF, 0x01, 0x80, 0x01, 0x80, 0x3F,
    0xFC, 0x3F, 0xFC, 0x30, 0x0C, 0x30, 0x0C, 0x3F, 0xFC, 0x1F, 0xFC, 0x32, 0x6C, 0x36, 0x66, 0x77,
    0x77, 0x63, 0x33, 0x42, 0x00, 0x00, 0x00, 0x0C, 0x30, 0x06, 0x18, 0x0F, 0xFF, 0x87, 0xFF, 0xC0,
    0xC3, 0x60, 0x7D, 0xB0, 0xFF, 0xD8, 0x78, 0xFC, 0x0C, 0x7E, 0x86, 0x65, 0xEF, 0x70, 0xE3, 0x00,
    0x61, 0xB3, 0x71, 0xDD, 0x9C, 0xC6, 0x66, 0x42, 0x22, 0x00, 0x00, 0x00, 0x0C, 0x1C, 0x1F, 0x9E,
    0x1F, 0x9B, 0x39, 0xFF, 0x7F, 0xFF, 0xF7, 0x38, 0x7E, 0x38, 0x1E, 0x3C, 0x1C, 0x6C, 0x78, 0xE7,
    0x71, 0x83, 0x11, 0x04, 0x36, 0x66, 0x73, 0x67, 0x63, 0x33, 0x42, 0x00, 0x18, 0x60, 0x18, 0x60,
    0x18, 0x60, 0x18, 0x60, 0x1F, 0xFE, 0x1F, 0xFE, 0x18, 0x00, 0x18, 0x00, 0x3F, 0xF8, 0x3F, 0xF8,
    0x30, 0x18, 0x30, 0x18, 0x70, 0x18, 0x60, 0x18, 0x60, 0x18, 0x00, 0x18, 0x00, 0x00, 0x36, 0x1F,
    0x9B, 0x3F, 0xCD, 0x98, 0x06, 0xCC, 0x03, 0xFF, 0xF1, 0xFF, 0xFC, 0xC1, 0xC6, 0x60, 0xE6, 0x3F,
    0x7B, 0x1F, 0xBD, 0x8C, 0xFB, 0x86, 0x79, 0xC3, 0x3D, 0xE3, 0x9F, 0xFD, 0x8F, 0xCE, 0x47, 0x40,
    0x00, 0x3F, 0xFE, 0x3F, 0xFE, 0x3F, 0xFE, 0x18, 0x30, 0x18, 0x30, 0x38, 0x30, 0x3F, 0xFF, 0x3F,
    0xFF, 0x00, 0xF0, 0x01, 0xF0, 0x07, 0xB0, 0x0E, 0x30, 0x7C, 0x30, 0x70, 0x30, 0x40, 0xF0, 0x00,
    0xE0, 0x00, 0x00, 0x06, 0x32, 0x03, 0x1B, 0x0D, 0x8C, 0xC6, 0xC6, 0x31, 0xE3, 0x80, 0xFF, 0xFC,
    0x1F, 0xFC, 0x0C, 0x70, 0x0E, 0x38, 0x1F, 0x1E, 0x1D, 0x9B, 0x04, 0xCC, 0xC0, 0x6C, 0x70, 0x3E,
    0x1C, 0x1E, 0x06, 0x08, 0x00, 0x00, 0x6C, 0xCC, 0x7C, 0xCC, 0x3F, 0xFF, 0x3B, 0xFF, 0x78, 0xCC,
    0x58, 0xCC, 0x1F, 0xFE, 0x1F, 0xFF, 0x3F, 0x33, 0x7F, 0xFF, 0xEF, 0xFF, 0x0F, 0x33, 0x0F, 0x33,
    0x1B, 0xFF, 0x7B, 0xFF, 0x03, 0x02, 0x00, 0x00, 0x01, 0x80, 0x7F, 0xFF, 0x7F, 0xFF, 0x63, 0x26,
    0x3F, 0xEE, 0x1F, 0xDC, 0x09, 0xE8, 0x3F, 0xFC, 0x77, 0xF7, 0x45, 0x92, 0x7F, 0xFF, 0xFF, 0xFF,
    0x01, 0x80, 0x01, 0x80, 0x01, 0x80, 0x00, 0x80, 0x01, 0xFE, 0x7F, 0xFE, 0x7F, 0x86, 0x19, 0xB6,
    0x19, 0xB6, 0x19, 0xB6, 0x7D, 0xB6, 0x19, 0xB6, 0x19, 0xB6, 0x19, 0xB6, 0x1A, 0x78, 0x3E, 0x79,
    0xFC, 0xDB, 0x41, 0x9B, 0x07, 0x1F, 0x02, 0x00, 0x01, 0xFE, 0x7F, 0xFF, 0x9F, 0xCC, 0xC6, 0x66,
    0x63, 0x3F, 0xF1, 0xD9, 0x99, 0xFC, 0xCC, 0xF7, 0xFE, 0x31, 0xFE, 0x18, 0x18, 0x0D, 0xFF, 0xC7,
    0xFF, 0xEF, 0x83, 0x02, 0x3F, 0xF8, 0x1F, 0xFC, 0x3F, 0xFE, 0x7F, 0xFC, 0xC6, 0x19, 0x8C, 0x33,
    0xFF, 0xE7, 0xFF, 0xCC, 0x61, 0x98, 0xC3, 0x3F, 0xFE, 0x7F, 0xFC, 0xC6, 0x1B, 0x0C, 0x36, 0x18,
    0x7C, 0x37, 0xD0, 0x27, 0x00, 0x06, 0x00, 0x0C, 0x03, 0xFF, 0xE7, 0xFF, 0xCC, 0x61, 0x98, 0xC3,
    0x3F, 0xFE, 0x7F, 0xFC, 0xC6, 0x19, 0xFF, 0xF3, 0xFF, 0xE6, 0x30, 0x60, 0x60, 0xC0, 0xFF, 0x80,
    0xFF, 0x00, 0x00, 0xFF, 0xFF, 0xFF, 0xF8, 0x00, 0x00, 0xFF, 0x8D, 0xFF, 0x7B, 0x66, 0xF7, 0xFD,
    0xEF, 0xFB, 0xDB, 0x37, 0xBF, 0xEF, 0x7F, 0xDE, 0x00, 0x3F, 0xFF, 0xFF, 0xFF, 0xC0, 0x01, 0x00,
    0x3F, 0xFC, 0x1F, 0xFF, 0x0C, 0x63, 0x87, 0xFF, 0xC3, 0xFF, 0xE1, 0x8C, 0x70, 0xFF, 0xF8, 0x7F,
    0xF8, 0x0E, 0x38, 0x3F, 0x1F, 0x9D, 0x8D, 0xC0, 0xC6, 0x00, 0xE3, 0x00, 0xE1, 0x80, 0xE0, 0xC0,
    0x20, 0x60, 0x1E, 0xFC, 0xFB, 0xFD, 0x81, 0xBB, 0x63, 0x36, 0xEC, 0xFF, 0xD9, 0xBF, 0xEF, 0x21,
    0x9C, 0x7F, 0xF8, 0xFF, 0xF1, 0xCC, 0x63, 0xFF, 0xC7, 0x31, 0x8F, 0xFF, 0x1F, 0xFE, 0x10, 0x04,
    0x00, 0x00, 0x00, 0xE0, 0xFC, 0xFC, 0xFD, 0xFE, 0xFF, 0x8C, 0xFF, 0xDC, 0xFE, 0x78, 0xFC, 0x70,
    0xFD, 0xFC, 0xFF, 0xCF, 0xFF, 0xFE, 0xFD, 0xFC, 0xFD, 0x8C, 0xC1, 0x8C, 0xC1, 0xFC, 0x01, 0xFC,
    0x01, 0x04, 0x7F, 0xCC, 0x3F, 0xFE, 0x09, 0xDC, 0xC7, 0xC7, 0xC1, 0xFF, 0xC1, 0xFF, 0xF3, 0xC0,
    0x3D, 0xFF, 0xF6, 0x1F, 0xF8, 0x0C, 0x0C, 0x07, 0xFE, 0x03, 0xFF, 0x00, 0x63, 0x03, 0xFF, 0xF9,
    0xFF, 0xFC, 0x00, 0x01, 0xFF, 0xFF, 0xFF, 0xF0, 0x18, 0x03, 0xFF, 0x87, 0xFF, 0x0C, 0x06, 0x18,
    0x0C, 0x3F, 0xF8, 0x7F, 0xF0, 0xC0, 0x61, 0x80, 0xC3, 0x01, 0x87, 0xFF, 0x0F, 0xFE, 0x10, 0x04,
    0x00, 0x00, 0x71, 0x80, 0xC3, 0x07, 0xE7, 0xFF, 0xFF, 0xF8, 0xF0, 0xF1, 0xE1, 0xE3, 0xE3, 0xFE,
    0xC7, 0xFC, 0xCF, 0x18, 0xDE, 0x31, 0xAC, 0x60, 0xDF, 0xC1, 0xBF, 0x9F, 0x60, 0x3E, 0x00, 0x00,
    0x00, 0x00, 0x01, 0x80, 0x1F, 0xFC, 0x1F, 0xFC, 0x19, 0xCC, 0x7F, 0xFF, 0xFF, 0xFF, 0x1B, 0x0C,
    0x31, 0xCC, 0x70, 0xFC, 0x3F, 0xFC, 0x3F, 0xFC, 0x33, 0x6C, 0x33, 0x6C, 0x7F, 0xFF, 0xFF, 0xFF,
    0xFF, 0xFF, 0xFF, 0xC0, 0x3C, 0x03, 0xFF, 0xFF, 0xFF, 0xC0, 0x3C, 0x03, 0xFF, 0xFC, 0x03, 0xC0,
    0x3C, 0x03, 0xFF, 0xFC, 0x03, 0x40, 0x10, 0x00, 0x00, 0x01, 0x80, 0x7F, 0xFF, 0x7F, 0xFF, 0x1F,
    0xF8, 0x1F, 0xFC, 0x18, 0x0C, 0x1F, 0xFC, 0x1F, 0xFC, 0x1F, 0xFC, 0x1F, 0xFC, 0x18, 0x0C, 0x1F,
    0xFC, 0x18, 0x0C, 0xFF, 0xFF, 0xFF, 0xFF, 0x0F, 0xFC, 0x3F, 0xFC, 0x03, 0x00, 0x3F, 0xFE, 0x07,
    0x00, 0x7F, 0xFF, 0x7F, 0xFF, 0x0F, 0xFC, 0x1F, 0xFC, 0x3F, 0xFC, 0xFF, 0xFC, 0x4F, 0xFC, 0x0F,
    0xFC, 0x0F, 0xFC, 0x0F, 0xFC, 0x0C, 0x04, 0x03, 0xFC, 0xFB, 0xFE, 0xFB, 0x06, 0xDB, 0x06, 0xFB,
    0xFE, 0xFB, 0xFC, 0xDB, 0x30, 0xDB, 0xFC, 0xFB, 0xFE, 0xDB, 0x30, 0xDB, 0x30, 0xFB, 0x30, 0xFB,
    0x1A, 0xC3, 0xFE, 0x07, 0xCE, 0x00, 0x04, 0x00, 0x00, 0x0C, 0x18, 0x0E, 0x38, 0x3F, 0xFE, 0x03,
    0x80, 0x3F, 0xFC, 0x07, 0x00, 0x7F, 0xFF, 0x7F, 0xFE, 0x0F, 0xFC, 0x1F, 0xFC, 0x7F, 0xFC, 0xEC,
    0x0C, 0x4F, 0xFC, 0x0F, 0xFC, 0x0F, 0xFC, 0x0C, 0x04, 0x00, 0xFD, 0xFF, 0xFB, 0xE1, 0x86, 0xDF,
    0xEF, 0xFF, 0xFF, 0x6D, 0xB6, 0xDB, 0x6F, 0xFF, 0xFF, 0xFF, 0xB6, 0xDB, 0x7F, 0xFF, 0xFF, 0xFF,
    0x86, 0x18, 0x7F, 0x81, 0xFF, 0x00, 0x31, 0xFF, 0x71, 0xFF, 0x7E, 0x00, 0x7E, 0xFE, 0x78, 0xFF,
    0x58, 0xC7, 0xFE, 0xC7, 0xFE, 0xFF, 0x18, 0xFF, 0x18, 0xC6, 0x1C, 0xC6, 0x3E, 0x6E, 0x36, 0x6C,
    0x63, 0xFF, 0xE3, 0xFF, 0x00, 0x00, 0x7C, 0x00, 0xFF, 0xFE, 0x30, 0xFE, 0x30, 0xCC, 0x30, 0xCC,
    0x30, 0xCC, 0x7C, 0x8C, 0x7D, 0xFF, 0xE5, 0xFF, 0x64, 0x03, 0x27, 0xFB, 0x27, 0xFF, 0x3C, 0x06,
    0x3C, 0x06, 0x20, 0x1E, 0x00, 0x1C, 0x00, 0x00, 0x7C, 0xE0, 0x7E, 0xFC, 0x39, 0xFC, 0x31, 0x9C,
    0x33, 0xFF, 0x33, 0xFF, 0x7D, 0xB3, 0x7D, 0xFF, 0xFD, 0xFF, 0x7D, 0xB3, 0x3D, 0xFF, 0x3D, 0xFF,
    0x3F, 0xB3, 0x3F, 0x33, 0x27, 0x3F, 0x02, 0x04, 0x3F, 0xFE, 0x3F, 0xFC, 0x00, 0x00, 0x00, 0x00,
    0x7F, 0xFF, 0x7F, 0xFF, 0x01, 0xC0, 0x19, 0xD8, 0x19, 0xDC, 0x39, 0xCE, 0x71, 0xC6, 0x61, 0xC7,
    0x61, 0x83, 0x07, 0x80, 0x07, 0x00, 0x00, 0x00, 0x0C, 0x18, 0x7F, 0xFF, 0x7F, 0xFF, 0x1E, 0x3C,
    0x3F, 0x7E, 0x6D, 0xDF, 0x4C, 0x9B, 0x1F, 0xFC, 0x1F, 0xFC, 0x00, 0x00, 0x7F, 0xFF, 0x09, 0x90,
    0x19, 0x9C, 0x31, 0x8E, 0x67, 0x87, 0x07, 0x00, 0x0E, 0x30, 0x7E, 0x30, 0x78, 0x34, 0x18, 0xF6,
    0x7F, 0xF6, 0xFF, 0xB3, 0x19, 0xB3, 0x3D, 0xB3, 0x3E, 0x36, 0x7E, 0x36, 0xF8, 0x3E, 0xD8, 0x1C,
    0x18, 0x38, 0x19, 0xF0, 0x1B, 0xC0, 0x18, 0x00, 0x0E, 0xC0, 0x7E, 0xC0, 0x78, 0xFF, 0x18, 0xFF,
    0x7F, 0x9E, 0x7F, 0x9E, 0x19, 0xDE, 0x3C, 0xDE, 0x3E, 0xDE, 0x7F, 0x9B, 0x79, 0x9B, 0xDB, 0x9B,
    0x19, 0x1B, 0x18, 0x18, 0x18, 0x70, 0x18, 0x60, 0x0C, 0x30, 0x7C, 0x7E, 0x78, 0xFE, 0x1B, 0xCE,
    0x7F, 0xFC, 0xFE, 0x78, 0x1B, 0xF8, 0x3F, 0xBF, 0x3E, 0x7F, 0x7C, 0xE7, 0x7B, 0xE6, 0xD8, 0x3C,
    0x18, 0x38, 0x18, 0xF0, 0x1B, 0xC0, 0x1B, 0x00, 0x0E, 0xFE, 0x3F, 0xFF, 0x9E, 0x61, 0xC3, 0x30,
    0xE7, 0xFF, 0xF7, 0xFF, 0xF8, 0x60, 0x00, 0x7B, 0xFE, 0x3F, 0xFF, 0x3F, 0x18, 0x3E, 0x7F, 0xDB,
    0x3F, 0xE1, 0x83, 0x00, 0xDF, 0xF8, 0x6F, 0xFC, 0x30, 0x00, 0x00, 0x00, 0x06, 0x00, 0x0E, 0x07,
    0xFF, 0xFF, 0xFF, 0xF9, 0x9C, 0xF7, 0x3D, 0xBC, 0x1E, 0xE0, 0x0C, 0x7F, 0xF0, 0xFF, 0xE0, 0x18,
    0x00, 0x30, 0x00, 0x60, 0x3F, 0xFF, 0xFF, 0xFF, 0x00, 0x00, 0x01, 0x80, 0x01, 0x80, 0x01, 0x80,
    0x7F, 0xFE, 0x7F, 0xFE, 0x0C, 0x18, 0x0C, 0x18, 0x0C, 0x18, 0x0C, 0x30, 0x0E, 0x30, 0x06, 0x30,
    0x06, 0x70, 0x06, 0x60, 0x7F, 0xFF, 0x7F, 0xFF, 0x07, 0xFE, 0x67, 0xFE, 0x66, 0xC6, 0x66, 0xCC,
    0x66, 0x7C, 0x66, 0x78, 0x66, 0xFE, 0x67, 0xCF, 0x05, 0x83, 0x3F, 0xFE, 0x7F, 0xFE, 0x0C, 0x18,
    0x0E, 0x38, 0x7F, 0xFF, 0x7F, 0xFF, 0x00, 0x00, 0x01, 0x80, 0x3F, 0xFE, 0x3F, 0xFE, 0x0E, 0x30,
    0xFF, 0xFF, 0x00, 0x00, 0x3F, 0xFC, 0x30, 0x0C, 0x3F, 0xFC, 0x30, 0x0C, 0x3F, 0xFC, 0x01, 0x80,
    0xFF, 0xFF, 0x7F, 0xFF, 0x01, 0x80, 0x00, 0x80, 0x31, 0x32, 0x19, 0xB3, 0x19, 0xB3, 0xFF, 0xFF,
    0x7F, 0xFF, 0x6C, 0x00, 0x6F, 0xFF, 0x6D, 0xFF, 0x6D, 0xFF, 0x2F, 0xFF, 0x2B, 0x6B, 0x3F, 0x6B,
    0xFF, 0x6B, 0x63, 0x6B, 0x03, 0x6F, 0x01, 0x0E, 0x00, 0x00, 0x30, 0x60, 0x3F, 0x7F, 0x3F, 0xFF,
    0x6D, 0xD8, 0xED, 0x88, 0x0C, 0x0C, 0x1B, 0xFF, 0x3F, 0xFF, 0x78, 0x0C, 0x7B, 0x0C, 0x59, 0x8C,
    0x18, 0xCC, 0x18, 0xCC, 0x18, 0x0C, 0x18, 0x7C, 0x18, 0x38, 0x00, 0x00, 0x18, 0x60, 0x3F, 0xFF,
    0x3F, 0xFF, 0x66, 0xCC, 0x7F, 0xFE, 0x3F, 0xFE, 0x01, 0x86, 0x3F, 0xFE, 0x3F, 0xFE, 0x31, 0x80,
    0x3F, 0xFE, 0x03, 0x86, 0x0F, 0x86, 0x3D, 0xBE, 0x71, 0x9C, 0x21, 0x80, 0x00, 0x00, 0x18, 0x30,
    0x0F, 0xFF, 0xC7, 0xFF, 0xE6, 0xD9, 0xC2, 0x2E, 0x60, 0x1F, 0xC0, 0x3C, 0x78, 0x7F, 0xFF, 0x33,
    0xF9, 0x84, 0x63, 0x03, 0x31, 0x80, 0xCD, 0x80, 0x67, 0xC1, 0xFF, 0xFC, 0xFF, 0xFE, 0x00, 0x00,
    0x18, 0x60, 0x3F, 0xFF, 0x3F, 0xFF, 0x66, 0xCC, 0x76, 0x8C, 0x3F, 0xFE, 0x7F, 0xFE, 0x67, 0xF6,
    0x67, 0xF6, 0x66, 0x36, 0x67, 0xF6, 0x66, 0x36, 0x67, 0xF6, 0x67, 0xF6, 0x60, 0x1E, 0x20, 0x0C,
    0x00, 0x00, 0x30, 0x60, 0x3F, 0xFF, 0x7F, 0xFF, 0xFF, 0xFC, 0x1F, 0xFC, 0x1F, 0xFC, 0x1F, 0xFC,
    0x1F, 0xFC, 0x1F, 0xFC, 0x1F, 0xFC, 0x06, 0x30, 0x7F, 0xFF, 0x7F, 0xFF, 0x1C, 0x30, 0x78, 0x30,
    0x20, 0x30, 0x00, 0x00, 0x30, 0x60, 0x3F, 0x7F, 0x7F, 0xFF, 0x65, 0xCC, 0x7F, 0xFE, 0x7F, 0xFF,
    0x7F, 0xFB, 0x7F, 0xFE, 0x18, 0x0C, 0x1F, 0xFC, 0x18, 0x00, 0x1F, 0xFC, 0x1F, 0xFC, 0x1F, 0xFC,
    0x1F, 0xFC, 0x18, 0x04, 0x00, 0x00, 0x18, 0x60, 0x3F, 0xFF, 0x7F, 0xFF, 0x6E, 0xDC, 0x0C, 0x38,
    0xFF, 0xFF, 0x7F, 0xFF, 0x3F, 0x26, 0x3F, 0x36, 0x3F, 0x36, 0x3F, 0x36, 0x3F, 0x36, 0x3F, 0x36,
    0x33, 0x06, 0x37, 0x1E, 0x26, 0x1C, 0x00, 0x00, 0x18, 0x60, 0x3F, 0x7F, 0x7F, 0xFF, 0x7E, 0xEC,
    0x7E, 0xEC, 0x7F, 0xFF, 0x18, 0x6C, 0x7F, 0xFF, 0x19, 0xFF, 0xFF, 0xFE, 0x1C, 0xFE, 0x3E, 0xFE,
    0x7F, 0xFE, 0xFA, 0xC6, 0x58, 0xFE, 0x18, 0xC6, 0x18, 0xFE, 0x7B, 0xFE, 0x7E, 0xC6, 0x7E, 0xC6,
    0x7E, 0xC6, 0x7E, 0xFE, 0x7F, 0xFE, 0x1C, 0xC6, 0x3C, 0xC6, 0x3E, 0xFE, 0x7E, 0xFE, 0x78, 0xC6,
    0x58, 0xC6, 0x1B, 0xFF, 0x1B, 0xFF, 0x18, 0x00, 0x00, 0xF8, 0xFF, 0xF1, 0xFC, 0x00, 0x63, 0x81,
    0x8E, 0x0F, 0xF8, 0x0F, 0xCC, 0x0F, 0x1C, 0x7F, 0xFC, 0xFF, 0x1C, 0x6E, 0xD1, 0xDD, 0xC7, 0x39,
    0xDC, 0x61, 0xD3, 0xC1, 0x02, 0x00, 0x00, 0x00, 0x06, 0x03, 0xFF, 0xFF, 0xFF, 0xF0, 0x30, 0x1F,
    0xFF, 0xFF, 0xFF, 0xE7, 0x33, 0xBF, 0xE6, 0x7F, 0x60, 0xF9, 0xE7, 0xFF, 0xE7, 0x9A, 0x47, 0x3F,
    0x1C, 0x67, 0x77, 0x87, 0x06, 0x00, 0x1B, 0xFD, 0xB7, 0xFB, 0x66, 0x76, 0xC7, 0xCD, 0x8F, 0x1B,
    0xFF, 0xC7, 0xC7, 0x8E, 0x70, 0x3F, 0xF0, 0x7E, 0x71, 0xFF, 0xF3, 0xFF, 0xF1, 0x9F, 0x0F, 0x37,
    0xBB, 0xE3, 0x83, 0x00, 0x00, 0x00, 0x0C, 0x36, 0x06, 0x1B, 0x83, 0x0C, 0x43, 0x4F, 0xF3, 0xBF,
    0xE1, 0xF0, 0xC0, 0xF8, 0x7E, 0x19, 0xFE, 0x1A, 0xF9, 0x9F, 0x8D, 0xCF, 0x07, 0xC0, 0x61, 0xC1,
    0xF3, 0xC9, 0xE7, 0xFC, 0x87, 0x1E, 0x00, 0x02, 0x00, 0x00, 0x00, 0x0C, 0xFE, 0x19, 0xFF, 0x19,
    0xFF, 0x31, 0xB3, 0x67, 0xB3, 0xFF, 0xB3, 0xFD, 0xB3, 0x19, 0xFF, 0x33, 0xFF, 0x7F, 0xB3, 0x79,
    0xB3, 0x01, 0xB3, 0x3F, 0xFF, 0xFF, 0xFF, 0x41, 0x83, 0x00, 0x00, 0x00, 0x00, 0x0C, 0x30, 0x06,
    0x1F, 0x86, 0x1F, 0xC3, 0x5C, 0x63, 0x3F, 0x63, 0xF4, 0xE1, 0xF0, 0xF0, 0x38, 0xFE, 0x19, 0xE3,
    0x9F, 0xDE, 0x4F, 0x03, 0x80, 0x00, 0x81, 0xFF, 0x83, 0xF1, 0xF0, 0x80, 0x1C, 0x00, 0x00, 0x00,
    0x00, 0x00, 0x18, 0x30, 0x18, 0x30, 0x33, 0xFF, 0x37, 0xFF, 0x66, 0x30, 0xFC, 0x30, 0xFD, 0xFF,
    0x39, 0xFE, 0x36, 0x00, 0x7F, 0xFE, 0x79, 0x86, 0x01, 0x86, 0x3F, 0x86, 0xFF, 0xFE, 0x41, 0xFE,
    0x00, 0x82, 0x00, 0x00, 0x0C, 0x30, 0x06, 0x3F, 0x87, 0x1F, 0xE3, 0x5C, 0x63, 0x3F, 0x63, 0xFD,
    0xE1, 0xF8, 0xF0, 0x39, 0xFF, 0x1F, 0xC3, 0x9F, 0x7F, 0x8E, 0x3F, 0xC0, 0x78, 0x61, 0xFC, 0x33,
    0xE7, 0xF8, 0x83, 0xFC, 0x00, 0x82, 0x00, 0x00, 0x00, 0x18, 0x30, 0x18, 0x30, 0x3B, 0xFF, 0x37,
    0xFF, 0x6E, 0x6C, 0xFC, 0xCE, 0xF9, 0xFE, 0x3B, 0xFF, 0x34, 0xDB, 0x7C, 0xD8, 0x70, 0xD8, 0x04,
    0xD8, 0x3F, 0x99, 0xFB, 0x9B, 0x47, 0x1F, 0x00, 0x00, 0x00, 0x00, 0x19, 0x18, 0x19, 0x5B, 0x31,
    0x7A, 0x35, 0x7E, 0x6F, 0x7C, 0xFD, 0xFF, 0xF9, 0xFF, 0x39, 0x3C, 0x37, 0x3E, 0x7F, 0x7B, 0x71,
    0xDB, 0x01, 0x58, 0x7F, 0x18, 0xF9, 0xFF, 0x01, 0xFF, 0x18, 0x60, 0x18, 0x73, 0x31, 0xFE, 0x34,
    0x7E, 0x66, 0x7C, 0x7F, 0xFF, 0x7B, 0xFF, 0x18, 0xE0, 0x35, 0xFE, 0x7F, 0xC6, 0x70, 0xFE, 0x00,
    0xFE, 0x3E, 0xC6, 0xFC, 0xFE, 0x40, 0xFE, 0x00, 0x82, 0x18, 0x30, 0x19, 0xFE, 0x31, 0xFE, 0x34,
    0x30, 0x6F, 0xFF, 0xFD, 0xFF, 0xF8, 0xF6, 0x39, 0x76, 0x3D, 0xF0, 0x7F, 0xFF, 0x73, 0xFF, 0x0C,
    0x78, 0x7C, 0xFC, 0xF1, 0xCE, 0x03, 0x83, 0x00, 0x00, 0x18, 0x78, 0x18, 0xD8, 0x30, 0xC8, 0x35,
    0xFF, 0x67, 0xFE, 0x7F, 0x98, 0x7B, 0xFF, 0x19, 0xFE, 0x31, 0x98, 0x7D, 0xFF, 0x71, 0xFF, 0x01,
    0x98, 0x3F, 0x98, 0xFD, 0xFF, 0x41, 0xFF, 0x00, 0x80, 0x19, 0xFE, 0x0D, 0xFF, 0x0C, 0x6D, 0x86,
    0xB6, 0xC6, 0xFF, 0xF7, 0xFF, 0xFB, 0xEF, 0xFC, 0x7F, 0xFE, 0x3C, 0xC0, 0x7E, 0xFF, 0x1C, 0x73,
    0x81, 0xBD, 0x87, 0xFF, 0xC7, 0xFB, 0xF1, 0x1F, 0xBC, 0x01, 0x02, 0x00, 0x00, 0x18, 0x30, 0x19,
    0xFE, 0x33, 0xFF, 0x37, 0x83, 0x6F, 0xFF, 0xFF, 0xFF, 0xFB, 0x00, 0x3B, 0xFF, 0x3F, 0xFF, 0x7F,
    0xFF, 0x73, 0xFF, 0x0F, 0xFF, 0x7F, 0xFF, 0xF6, 0xFF, 0x06, 0xFF, 0x00, 0x82, 0x00, 0x00, 0x0D,
    0x18, 0x06, 0x8F, 0x86, 0x6F, 0xC3, 0x3F, 0xE3, 0x68, 0xE3, 0xF3, 0xFD, 0xFF, 0xF6, 0x33, 0xFF,
    0x19, 0x8C, 0x1F, 0xDF, 0x8E, 0x63, 0x00, 0x7F, 0xF3, 0xFC, 0xC3, 0xDF, 0xEC, 0x0C, 0xFE, 0x00,
    0x00, 0x00, 0x00, 0x00, 0x18, 0x30, 0x1B, 0xFF, 0x33, 0xFF, 0x33, 0x03, 0x6F, 0xFF, 0x7D, 0xFF,
    0x79, 0x98, 0x33, 0x7F, 0x37, 0x7F, 0x7F, 0x63, 0x71, 0x7F, 0x0D, 0x7F, 0x7D, 0x63, 0xF1, 0x7F,
    0x41, 0x7F, 0x01, 0x62, 0xFF, 0xFF, 0xFF, 0xFF, 0x18, 0xDF, 0xB9, 0xBF, 0x7B, 0x7B, 0xDC, 0xF3,
    0x39, 0xE7, 0x33, 0xCE, 0xF7, 0xB7, 0xEF, 0xE6, 0x5F, 0x9C, 0x3C, 0x10, 0x78, 0x07, 0xB0, 0x0E,
    0x00, 0x3F, 0xFE, 0x3F, 0xFE, 0x36, 0x66, 0x3F, 0xFE, 0x01, 0x80, 0x7F, 0xFF, 0x0F, 0xF8, 0x1F,
    0xFC, 0x1F, 0xFC, 0x1F, 0xFC, 0x1F, 0xFC, 0x1F, 0xFC, 0x1F, 0xFC, 0x18, 0x0C, 0x7F, 0xFF, 0x7F,
    0x7E, 0x7F, 0xFF, 0x6F, 0x33, 0x2E, 0xFB, 0xFF, 0xFF, 0x1E, 0x77, 0x3F, 0x77, 0x6D, 0x33, 0x7F,
    0x37, 0x7F, 0x77, 0x6F, 0xFF, 0x7F, 0xB3, 0x6F, 0x33, 0x7F, 0x33, 0x7F, 0x77, 0x40, 0x66, 0x03,
    0x02, 0x03, 0x06, 0x3F, 0xFC, 0x3F, 0xF8, 0x03, 0x30, 0x7F, 0xFF, 0x7F, 0xFF, 0x07, 0x80, 0x1F,
    0xFC, 0x7F, 0xFC, 0x6C, 0x0C, 0x0F, 0xFC, 0x0C, 0x0C, 0x0F, 0xFC, 0x0F, 0xFC, 0x0C, 0x0C, 0x00,
    0x00, 0x0C, 0x30, 0x0F, 0x99, 0x86, 0x6F, 0xC7, 0xF7, 0x83, 0xFF, 0x18, 0x01, 0x8C, 0xFE, 0xFE,
    0x63, 0x7E, 0x3F, 0xB1, 0x1F, 0xDB, 0x8C, 0x6F, 0x87, 0xF7, 0x03, 0x1B, 0x09, 0x8D, 0x8C, 0xDE,
    0xFE, 0x26, 0x3E, 0x00, 0x7C, 0x60, 0x7C, 0x30, 0x6F, 0xFF, 0x6F, 0xFF, 0x7C, 0x0C, 0x7F, 0xDB,
    0x6F, 0xFB, 0x6F, 0x7B, 0x7F, 0x33, 0x7F, 0x7B, 0x6F, 0xFF, 0x6F, 0xCF, 0x6F, 0xC3, 0xCF, 0xFF,
    0xDD, 0xFF, 0x48, 0x02, 0x7C, 0x82, 0x7C, 0x9F, 0x6F, 0xFF, 0x6F, 0xFB, 0x7C, 0x9B, 0x7C, 0x9B,
    0x6F, 0xFB, 0x6F, 0xFB, 0x7D, 0x9B, 0x7D, 0xDB, 0x6F, 0x7B, 0x6F, 0x7F, 0x4F, 0xFE, 0xCF, 0x38,
    0xDC, 0x18, 0x10, 0x18, 0x00, 0x00, 0x30, 0x01, 0x81, 0xFF, 0xFF, 0xFF, 0xE0, 0x1F, 0x80, 0xFF,
    0xFF, 0xFF, 0xFE, 0x01, 0xFF, 0xFF, 0xFF, 0xFC, 0x03, 0xE0, 0x1F, 0xFF, 0xFF, 0xFF, 0x40, 0x10,
    0x00, 0x00, 0x7F, 0xFF, 0x3F, 0xFE, 0x0E, 0x30, 0x1C, 0x18, 0x3F, 0xFE, 0x3F, 0xFE, 0x01, 0x82,
    0x01, 0x80, 0x3F, 0xFE, 0x3F, 0xFE, 0x01, 0x80, 0x01, 0x80, 0x7F, 0xFF, 0x7F, 0xFF, 0x00, 0x00,
    0x03, 0x00, 0x03, 0xFC, 0x03, 0xFE, 0x03, 0x86, 0x03, 0xFF, 0xF3, 0xFF, 0xF8, 0xF3, 0x8C, 0x39,
    0xC6, 0x1F, 0xFF, 0x0F, 0xFF, 0x87, 0x00, 0xC3, 0x80, 0x31, 0xC0, 0x18, 0x7F, 0xFC, 0x3F, 0xFE,
    0x00, 0x00, 0x00, 0x0C, 0x30, 0x7F, 0xFE, 0x7F, 0xFF, 0x0E, 0x30, 0x0C, 0x30, 0x00, 0x0C, 0x7F,
    0xFE, 0x03, 0x0E, 0x03, 0x0E, 0x03, 0x0E, 0x03, 0x0E, 0x03, 0x3E, 0x03, 0x3C, 0x03, 0x00, 0x03,
    0x00, 0x02, 0x00, 0x0C, 0x30, 0x7F, 0xFF, 0x7F, 0xFF, 0x0D, 0x30, 0x0F, 0xB0, 0x7F, 0xFF, 0x7F,
    0xFF, 0x06, 0x00, 0x0E, 0x00, 0x1F, 0xFE, 0x3F, 0xFE, 0xFC, 0x06, 0x6C, 0x06, 0x0F, 0xFE, 0x0F,
    0xFE, 0x0C, 0x04, 0x0C, 0x30, 0x3F, 0xFF, 0x9F, 0xFF, 0xC1, 0xB6, 0x00, 0xDB, 0x01, 0xFF, 0xE0,
    0xFF, 0xF8, 0x63, 0x1C, 0x31, 0x8E, 0x3F, 0xFF, 0x9F, 0xFF, 0xC0, 0x7C, 0x00, 0x77, 0x01, 0xF1,
    0xF1, 0xE0, 0x7C, 0x80, 0x06, 0x0C, 0x30, 0x7F, 0xFF, 0x7F, 0xFF, 0x0C, 0x30, 0x34, 0x10, 0x3B,
    0xFE, 0x1F, 0xFE, 0x43, 0x86, 0x7B, 0x86, 0x3B, 0xBE, 0x0F, 0xBC, 0x1F, 0x80, 0x1B, 0x83, 0x33,
    0xFF, 0x61, 0xFF, 0x00, 0x00, 0x0C, 0x30, 0x7F, 0xFF, 0x7F, 0xFF, 0x0F, 0x30, 0x7F, 0xFF, 0x7F,
    0xFF, 0x0C, 0x00, 0x1D, 0xFE, 0x39, 0xFC, 0x78, 0x38, 0xFF, 0xFF, 0x1F, 0xFF, 0x18, 0x30, 0x18,
    0x30, 0x18, 0xF0, 0x18, 0xE0, 0x0E, 0x30, 0x7F, 0xFF, 0x7F, 0xFF, 0x06, 0x30, 0x7E, 0x3C, 0x3C,
    0x3E, 0x78, 0x36, 0x7F, 0xFF, 0x0F, 0xFF, 0x1C, 0x70, 0x7C, 0x78, 0x6C, 0xF8, 0x4C, 0xCC, 0x0D,
    0xCE, 0x3F, 0x87, 0x32, 0x00, 0x06, 0x30, 0x3F, 0xFF, 0x9F, 0xFF, 0xC0, 0x8F, 0x87, 0xFF, 0xE1,
    0xFC, 0x30, 0xC6, 0x38, 0x33, 0x18, 0x19, 0x98, 0x3F, 0xFF, 0x9F, 0xFF, 0xC0, 0xFE, 0x01, 0xFB,
    0x83, 0xCC, 0xF9, 0xC6, 0x1C, 0x01, 0x00, 0x0C, 0x30, 0x3F, 0xFF, 0x9F, 0xFF, 0xC5, 0x9E, 0x03,
    0x9F, 0xE0, 0xFF, 0xF0, 0x1F, 0x70, 0xED, 0xF0, 0x30, 0xFC, 0x03, 0xE7, 0x83, 0xFF, 0xC3, 0x7F,
    0xC3, 0xB0, 0x63, 0x9F, 0xF1, 0x8F, 0xF8, 0x02, 0x0C, 0x0C, 0x30, 0x7F, 0xFF, 0x7F, 0xFF, 0x06,
    0x70, 0x36, 0x60, 0x36, 0x7F, 0x36, 0xD8, 0x37, 0xD8, 0x36, 0x8C, 0x06, 0x0C, 0x3F, 0xFE, 0x33,
    0x66, 0x33, 0x66, 0x7F, 0xFF, 0xFF, 0xFF, 0x06, 0x30, 0x3F, 0xFF, 0x9F, 0xFF, 0xC0, 0x87, 0xC7,
    0xFF, 0xF3, 0xC0, 0xC1, 0xFF, 0xF8, 0xFD, 0x3C, 0x7F, 0xFE, 0x7F, 0x3E, 0x3F, 0xFF, 0x0F, 0xFF,
    0x87, 0xFF, 0xD3, 0xFF, 0xEB, 0x49, 0x9C, 0x20, 0x04, 0x00, 0x00, 0x1C, 0x00, 0x19, 0xFF, 0x71,
    0xFF, 0xE4, 0x00, 0x4E, 0x00, 0x1F, 0xFF, 0x3B, 0xFF, 0x78, 0x0C, 0xF8, 0x0C, 0x58, 0x0C, 0x18,
    0x0C, 0x18, 0x0C, 0x18, 0x0C, 0x18, 0x0C, 0x18, 0x7C, 0x18, 0x78, 0x01, 0x80, 0x3F, 0xFF, 0x1F,
    0xFF, 0x80, 0x38, 0x03, 0xFF, 0xE0, 0x0C, 0x01, 0xFF, 0xFC, 0xFF, 0xFE, 0x07, 0xC6, 0x0F, 0x37,
    0x1F, 0x1F, 0x0F, 0x87, 0x00, 0xDD, 0xC0, 0x7E, 0x78, 0x7C, 0x0C, 0x10, 0x00, 0x30, 0x30, 0x1C,
    0x18, 0x06, 0x7F, 0xDF, 0xBF, 0xE0, 0xDB, 0x30, 0xCD, 0x90, 0x7F, 0xF8, 0x7F, 0xFC, 0x7D, 0xC6,
    0x7F, 0xB3, 0x17, 0xDB, 0x03, 0x67, 0x01, 0xB3, 0x80, 0xF7, 0xF0, 0x7F, 0x1C, 0x20, 0x00, 0x0C,
    0x3C, 0x3F, 0xDF, 0x1F, 0xED, 0xC1, 0x86, 0x47, 0xFF, 0xF3, 0xFF, 0xF8, 0x30, 0xC8, 0xFF, 0xEC,
    0x7F, 0xF6, 0x0E, 0xDE, 0x1F, 0xEF, 0x0F, 0x73, 0x21, 0xFF, 0xB1, 0xF7, 0xF8, 0xE3, 0x3C, 0x00,
    0x04, 0x0C, 0x30, 0x36, 0x18, 0x0F, 0xFF, 0xC3, 0xFF, 0xE1, 0xC3, 0x03, 0xE1, 0x83, 0xB7, 0xFC,
    0x1B, 0xFC, 0x7F, 0xFF, 0x7F, 0xFF, 0x81, 0xF1, 0x87, 0xCF, 0xCF, 0xC3, 0x82, 0x7E, 0xF0, 0x7E,
    0x3C, 0x30, 0x00, 0x30, 0x7E, 0x19, 0xBF, 0x06, 0xD8, 0x8F, 0xBF, 0xC0, 0x87, 0xE0, 0xDB, 0x10,
    0x7F, 0xF8, 0x7B, 0xD2, 0x79, 0xFF, 0x7E, 0xF7, 0x1F, 0x7F, 0x86, 0x3F, 0x63, 0x3E, 0x21, 0xBF,
    0x08, 0xD9, 0xFC, 0x60, 0x00, 0x7F, 0xFF, 0x7F, 0xFF, 0x06, 0x60, 0x3F, 0xFE, 0x3F, 0xFE, 0x36,
    0x66, 0x3F, 0xFE, 0x3F, 0xFE, 0x03, 0x00, 0x7F, 0xFF, 0x7F, 0xFE, 0x1C, 0x30, 0x1F, 0xE0, 0x0F,
    0xFC, 0x7F, 0x1E, 0x60, 0x02, 0x00, 0x00, 0x1F, 0xFC, 0x1F, 0xFC, 0x18, 0x8C, 0x19, 0x8C, 0x19,
    0x8C, 0x19, 0x8C, 0x19, 0x8C, 0x19, 0x8C, 0x19, 0xCC, 0x1B, 0xCC, 0x03, 0xC3, 0x0E, 0xC3, 0x3C,
    0xFF, 0x78, 0x7F, 0x40, 0x00, 0x00, 0x00, 0x19, 0x81, 0xB3, 0xFB, 0x67, 0xF6, 0xDB, 0x0D, 0xF7,
    0x13, 0x46, 0x1F, 0xFC, 0x3F, 0xF8, 0x62, 0x30, 0xCC, 0x61, 0x98, 0xC3, 0x3D, 0x81, 0xF8, 0xCF,
    0x71, 0xFC, 0x7F, 0x40, 0x00, 0x00, 0x00, 0x18, 0x7E, 0x3E, 0xFF, 0x3E, 0x33, 0x66, 0x33, 0x7F,
    0x63, 0xFF, 0xEE, 0x6F, 0xE8, 0x7F, 0x7E, 0x7F, 0x7F, 0x6F, 0xC8, 0x7F, 0xC8, 0x7F, 0xFF, 0x6F,
    0x1C, 0x6F, 0x08, 0xCF, 0x08, 0x42, 0x08, 0x00, 0x00, 0x0C, 0x0C, 0x0F, 0x86, 0x07, 0xC3, 0x07,
    0x6F, 0xF3, 0xFF, 0xFB, 0xFF, 0x6C, 0xDF, 0xB6, 0x7F, 0xDB, 0x3F, 0xFF, 0x9B, 0xFF, 0xCF, 0xE3,
    0xC7, 0xF1, 0xE3, 0x78, 0xF9, 0xBF, 0xFD, 0x9F, 0xE6, 0x40, 0x00, 0x00, 0x00, 0x00, 0x01, 0x80,
    0x01, 0xC0, 0x7F, 0xFF, 0x7F, 0xFF, 0x00, 0x00, 0x1F, 0xFC, 0x00, 0x00, 0x1F, 0xFC, 0x1F, 0xFC,
    0x00, 0x00, 0x1F, 0xFC, 0x1F, 0xFC, 0x18, 0x0C, 0x1F, 0xFC, 0x1F, 0xFC, 0x18, 0x0C, 0x30, 0x30,
    0x38, 0x30, 0x1C, 0x30, 0x0C, 0x30, 0x00, 0x30, 0xFB, 0xFF, 0xFB, 0xFF, 0x18, 0x30, 0x18, 0x30,
    0x18, 0x30, 0x18, 0x30, 0x1E, 0x30, 0x1E, 0x30, 0x3C, 0x30, 0x10, 0x30, 0x00, 0x30, 0x30, 0x30,
    0x1C, 0x18, 0x07, 0x0C, 0x01, 0x06, 0x00, 0x03, 0x07, 0xC1, 0x83, 0xE0, 0xC0, 0x30, 0x60, 0x18,
    0x78, 0x0C, 0x3C, 0x06, 0x1E, 0x03, 0xDD, 0x81, 0xEC, 0xE1, 0xCE, 0x38, 0x4E, 0x0C, 0x02, 0x00,
    0x20, 0x60, 0x19, 0xB3, 0x0E, 0xDD, 0x83, 0x66, 0xC0, 0x38, 0x67, 0xCC, 0x73, 0xE6, 0x30, 0x33,
    0x98, 0x18, 0xD8, 0x0C, 0x7C, 0x06, 0x1C, 0x03, 0xCF, 0x01, 0xEF, 0xC1, 0xDE, 0xF8, 0xDE, 0x1C,
    0x04, 0x02, 0x30, 0x00, 0x1C, 0xFF, 0x07, 0x7F, 0x81, 0x00, 0xC0, 0x00, 0x67, 0xC0, 0x31, 0xE7,
    0xF8, 0x33, 0xFC, 0x19, 0x86, 0x0C, 0xC0, 0x06, 0x60, 0x03, 0xF0, 0x61, 0xF8, 0x30, 0xEF, 0xF8,
    0x47, 0xFC, 0x00, 0x00, 0x30, 0xFC, 0x1C, 0x7E, 0x07, 0x33, 0x01, 0x19, 0x80, 0x18, 0xC7, 0xDC,
    0x7B, 0xEC, 0x1C, 0x37, 0xFC, 0x1B, 0xFE, 0x0C, 0xC7, 0x06, 0x33, 0x03, 0xDF, 0x01, 0xE7, 0x81,
    0xCF, 0xF0, 0xCF, 0x3C, 0x04, 0x06, 0x20, 0x00, 0x19, 0xFF, 0x86, 0xFF, 0xC1, 0x07, 0x00, 0x03,
    0x83, 0xCD, 0xC1, 0xE6, 0xF8, 0x33, 0x7E, 0x19, 0xB8, 0x0C, 0xDC, 0x06, 0x6E, 0x03, 0xF7, 0x01,
    0xDB, 0x81, 0xDF, 0xF8, 0xCF, 0xFC, 0x23, 0xFE, 0x33, 0xFF, 0x38, 0x03, 0x1B, 0xFB, 0x03, 0xFB,
    0xF8, 0x03, 0xF9, 0xF3, 0x19, 0xFB, 0x19, 0x9B, 0x19, 0x9B, 0x19, 0xFB, 0x1F, 0xFB, 0x1F, 0x83,
    0x38, 0x03, 0x30, 0x1F, 0x00, 0x0E, 0x30, 0x1E, 0x1C, 0x0F, 0x06, 0x06, 0xC1, 0xFF, 0xE0, 0x7F,
    0xF7, 0xC0, 0xC1, 0xE0, 0x60, 0x37, 0xF0, 0x1B, 0xF8, 0x0C, 0x6C, 0x06, 0x33, 0x03, 0xDD, 0xA1,
    0xFF, 0xD1, 0xFE, 0x78, 0xC0, 0x1C, 0x00, 0x04, 0x20, 0xC0, 0x31, 0xC0, 0x19, 0xFF, 0x0B, 0xFF,
    0x03, 0x03, 0xFF, 0xFB, 0xFB, 0xFB, 0x19, 0x9B, 0x19, 0xFB, 0x19, 0xFB, 0x19, 0x9B, 0x1F, 0xFB,
    0x1D, 0x87, 0x38, 0x06, 0x30, 0x3E, 0x00, 0x1C, 0x00, 0x00, 0x21, 0xC6, 0x38, 0xC6, 0x18, 0xCC,
    0x0B, 0xFF, 0x03, 0xFF, 0xF8, 0x30, 0xF9, 0xFE, 0x19, 0xFE, 0x18, 0x30, 0x18, 0x30, 0x1B, 0xFF,
    0x1F, 0xFF, 0x1E, 0x30, 0x38, 0x30, 0x30, 0x30, 0x00, 0x30, 0x23, 0xFF, 0x33, 0xFF, 0x38, 0x60,
    0x1B, 0xFE, 0x03, 0xFE, 0xF8, 0xC6, 0x78, 0xCC, 0x1F, 0xFF, 0x18, 0x00, 0x1B, 0xFE, 0x1B, 0xFE,
    0x1F, 0x06, 0x1F, 0x06, 0x3B, 0xFE, 0x13, 0xFE, 0x01, 0x02, 0x21, 0xFE, 0x18, 0xFF, 0x06, 0x61,
    0x83, 0x30, 0xC0, 0x1F, 0xE7, 0xCF, 0xF1, 0xE7, 0xF8, 0x37, 0xFE, 0x18, 0x30, 0x0D, 0xFF, 0x86,
    0xFF, 0xC3, 0xCE, 0x01, 0xEF, 0x81, 0xCE, 0x70, 0x4E, 0x1C, 0x04, 0x02, 0x21, 0x8C, 0x31, 0xCC,
    0x18, 0xDC, 0x0B, 0xFE, 0x03, 0xFE, 0xFB, 0x06, 0xFB, 0x06, 0x1B, 0xFE, 0x1B, 0xFE, 0x18, 0xD8,
    0x1A, 0xD8, 0x1F, 0xD8, 0x3D, 0x9B, 0x3B, 0x9F, 0x37, 0x1F, 0x00, 0x04, 0x20, 0x30, 0x33, 0xFF,
    0x1B, 0xFF, 0x1B, 0xFE, 0x01, 0xFE, 0xFB, 0xFF, 0xFB, 0xFF, 0x19, 0xFE, 0x19, 0xFE, 0x19, 0xFE,
    0x19, 0xFE, 0x1F, 0xFE, 0x1F, 0xFE, 0x39, 0x86, 0x31, 0x9E, 0x01, 0x8C, 0x20, 0x30, 0x31, 0xFE,
    0x1B, 0xFE, 0x08, 0x30, 0x03, 0xFF, 0xFB, 0xFF, 0xF9, 0xF6, 0x1B, 0xF6, 0x1B, 0xB0, 0x1B, 0xFF,
    0x1F, 0xFF, 0x1C, 0x78, 0x1C, 0xFC, 0x39, 0xC6, 0x37, 0x83, 0x02, 0x01, 0x23, 0xFE, 0x33, 0xFF,
    0x1B, 0x33, 0x0B, 0x7B, 0x03, 0xFF, 0xFB, 0x33, 0xFB, 0xFF, 0x1B, 0xFF, 0x1B, 0x7B, 0x1B, 0xFB,
    0x1B, 0xCB, 0x1F, 0xFB, 0x1E, 0xFB, 0x3E, 0xC3, 0x36, 0x0F, 0x00, 0x0E, 0x3E, 0x30, 0x3F, 0x98,
    0x18, 0xD8, 0x0D, 0x6F, 0xE6, 0xB6, 0x63, 0x5E, 0x31, 0xAF, 0x18, 0xD7, 0xC8, 0x7B, 0x6C, 0x3D,
    0x9E, 0x1E, 0xCE, 0x03, 0x83, 0x03, 0x63, 0xC3, 0x9B, 0x71, 0x8F, 0x1C, 0x00, 0x00, 0x7E, 0xC2,
    0x3F, 0x63, 0x19, 0xB3, 0x8F, 0xDB, 0x87, 0xEF, 0x83, 0xF7, 0x81, 0xFF, 0xFC, 0xFF, 0xFE, 0x7E,
    0xD8, 0x3F, 0x6C, 0x1F, 0xB3, 0x03, 0x99, 0x83, 0xCD, 0xE3, 0xB7, 0xFB, 0x8B, 0x8C, 0x01, 0x00,
    0x0C, 0x7E, 0x3F, 0xBF, 0x9F, 0xC1, 0xC1, 0x80, 0xE0, 0xC0, 0x77, 0xFF, 0xF9, 0xFD, 0xF8, 0xD8,
    0xC0, 0x6F, 0x60, 0x37, 0xF1, 0x9B, 0x18, 0xCF, 0x8F, 0xE7, 0xC7, 0xE3, 0xFF, 0xFB, 0x3F, 0xFC,
    0x80, 0x00, 0x18, 0xFF, 0x0C, 0x7F, 0x9F, 0xCC, 0xC3, 0x86, 0x61, 0x86, 0x33, 0xFF, 0x71, 0xFF,
    0x30, 0xD9, 0xFC, 0x6F, 0xFF, 0x37, 0xE1, 0x9B, 0x30, 0xCF, 0x9F, 0xE7, 0xC7, 0xE3, 0xFF, 0xFB,
    0x3F, 0xFC, 0x00, 0x00, 0x1F, 0xFC, 0x1F, 0xFF, 0x0C, 0x01, 0x86, 0x00, 0xC3, 0x00, 0x61, 0xFF,
    0xF0, 0x7F, 0xF0, 0x13, 0x00, 0x19, 0x80, 0x0C, 0xFF, 0x06, 0x7F, 0x87, 0xB0, 0x03, 0xF8, 0x03,
    0xBF, 0x01, 0x87, 0xFC, 0x00, 0x00, 0x7C, 0x0E, 0x3F, 0xFF, 0x19, 0xFE, 0x0C, 0xC6, 0x07, 0xE3,
    0x03, 0xF1, 0x80, 0x67, 0xFC, 0xF3, 0xFE, 0x7E, 0x38, 0x3F, 0x1C, 0x1E, 0x0F, 0x0F, 0x0D, 0x87,
    0xEE, 0xE7, 0xEE, 0x39, 0x8E, 0x0C, 0x02, 0x00, 0x7E, 0xC0, 0x3F, 0x61, 0x19, 0xBF, 0x8C, 0xF0,
    0xC7, 0xFF, 0x63, 0xFF, 0xF0, 0x66, 0x78, 0xF3, 0x3C, 0x7F, 0xFE, 0x3F, 0xFF, 0x1E, 0x67, 0x8F,
    0x31, 0x87, 0xF8, 0x17, 0xEC, 0x19, 0x03, 0xFC, 0x00, 0x00, 0x7E, 0xFE, 0x7E, 0xFF, 0x66, 0xC0,
    0x66, 0xC0, 0x7E, 0xFE, 0x7E, 0xFE, 0x18, 0xC6, 0x78, 0xC6, 0x7F, 0xC6, 0x7E, 0xFE, 0x78, 0xFE,
    0x7A, 0xC0, 0x7F, 0xC0, 0xFC, 0xFF, 0x60, 0xFF, 0x7E, 0xFE, 0x3F, 0xFF, 0x19, 0xE1, 0x8C, 0xFF,
    0xC7, 0xFF, 0xE3, 0xFC, 0x30, 0x66, 0x18, 0xF3, 0xFC, 0x7F, 0xB0, 0x3F, 0xCB, 0x9E, 0x67, 0x8F,
    0x33, 0x87, 0xF8, 0xC7, 0xEF, 0xB9, 0x87, 0x8C, 0x00, 0x00, 0x00, 0x00, 0x1E, 0x3C, 0x1F, 0x9E,
    0x0C, 0xEF, 0x66, 0x7F, 0xB3, 0xFF, 0xF1, 0xFF, 0xF8, 0x30, 0xF8, 0x78, 0x7C, 0x3F, 0x7F, 0x1F,
    0xF7, 0xCF, 0x7B, 0x67, 0xAD, 0x83, 0xF6, 0xCB, 0xE6, 0x64, 0x86, 0x1E, 0x02, 0x00, 0x00, 0x18,
    0x18, 0x18, 0x38, 0xFF, 0xFF, 0x30, 0xFE, 0x38, 0x30, 0x2D, 0xFF, 0x6D, 0xFF, 0x7E, 0x60, 0x7E,
    0xFE, 0x0C, 0xFE, 0x1F, 0x0C, 0xFE, 0x7C, 0x6C, 0x78, 0x0C, 0x1C, 0x0C, 0x0C, 0x08, 0x00, 0x18,
    0xFC, 0x19, 0xFE, 0xFE, 0x0E, 0x7E, 0x0C, 0x38, 0x38, 0x2C, 0x7C, 0x6D, 0xEF, 0x7F, 0x83, 0x7E,
    0xFE, 0x0C, 0xFE, 0x1E, 0x18, 0xFE, 0x18, 0x6C, 0x18, 0x0D, 0xFF, 0x0D, 0xFF, 0x08, 0x00, 0x00,
    0x00, 0x07, 0x1E, 0x1F, 0xEF, 0x87, 0xF6, 0xC7, 0xFF, 0xF3, 0xFF, 0xF8, 0x70, 0xC8, 0xFF, 0xEC,
    0x7F, 0xF6, 0x1B, 0x1B, 0x1F, 0xFF, 0x0F, 0xFB, 0x80, 0x6D, 0x93, 0xFF, 0xC9, 0xF9, 0xFC, 0x0D,
    0xDE, 0x06, 0x42, 0x00, 0x00, 0x00, 0x0C, 0x18, 0x06, 0x06, 0x1F, 0xFF, 0xE7, 0xDF, 0xF1, 0xC3,
    0x30, 0xB3, 0x18, 0xD9, 0x86, 0x7F, 0xC7, 0x3F, 0x36, 0x03, 0x1B, 0x03, 0xC7, 0x0F, 0xE3, 0x83,
    0x63, 0xE0, 0x33, 0xB8, 0x1B, 0x8E, 0x08, 0x00, 0x00, 0x00, 0x00, 0x18, 0x18, 0x0C, 0x1E, 0x1F,
    0xDF, 0x87, 0xFC, 0xF1, 0xDF, 0xF9, 0xE3, 0xF0, 0xF3, 0xF6, 0x7F, 0xFF, 0x3E, 0xFF, 0x86, 0x7F,
    0xC7, 0xFF, 0xEF, 0xDF, 0xF2, 0xC9, 0xF8, 0x64, 0xCC, 0x32, 0xFE, 0x09, 0x64, 0x00, 0x60, 0x60,
    0x38, 0x30, 0x0E, 0x18, 0x03, 0xFF, 0xE0, 0x3F, 0xF3, 0x87, 0x1B, 0xE3, 0x0C, 0x71, 0x8E, 0x38,
    0xC6, 0x1C, 0xC3, 0x0E, 0xE1, 0x87, 0xE7, 0xC3, 0xA3, 0xC7, 0xFF, 0xFB, 0x1F, 0xFC, 0x00, 0xC0,
    0x60, 0x60, 0x38, 0x30, 0x0C, 0x18, 0x03, 0xFF, 0xE0, 0x7F, 0xF0, 0x03, 0x03, 0xE1, 0xC1, 0xF1,
    0xF0, 0x18, 0xDC, 0x0C, 0xE7, 0x06, 0xE1, 0xC3, 0xE0, 0x67, 0xC0, 0x07, 0x7F, 0xF9, 0x0F, 0xFC,
    0x00, 0x00, 0x20, 0x0C, 0x38, 0x06, 0x0E, 0x03, 0x03, 0xFF, 0xE0, 0x3F, 0xF0, 0x08, 0x63, 0xEE,
    0x30, 0xF3, 0x18, 0x18, 0xCC, 0x0C, 0x46, 0x06, 0x03, 0x03, 0x0F, 0x87, 0xC7, 0x87, 0x7F, 0xF9,
    0x0F, 0xFC, 0x60, 0x7F, 0x38, 0xFF, 0x0E, 0x60, 0x03, 0x30, 0x00, 0x18, 0x00, 0x0F, 0xFB, 0xEE,
    0x60, 0xF6, 0x30, 0x1B, 0x18, 0x0D, 0x8C, 0x06, 0xC6, 0x03, 0xC3, 0x03, 0xE1, 0x83, 0x7F, 0xF9,
    0x0F, 0xFC, 0x00, 0x00, 0x20, 0x1E, 0x39, 0xFF, 0x8C, 0xF0, 0x03, 0x60, 0x00, 0x3F, 0xE0, 0x1F,
    0xF3, 0xCF, 0x18, 0xF7, 0xD8, 0x1B, 0x7C, 0x0F, 0x1C, 0x07, 0x9F, 0x03, 0xFC, 0xC3, 0xD8, 0x27,
    0xFF, 0xF9, 0x1F, 0xFC, 0x00, 0x00, 0x60, 0x00, 0x3B, 0xFF, 0x8F, 0xFF, 0xC3, 0x0E, 0x00, 0x06,
    0x03, 0x87, 0xC3, 0xE7, 0xF0, 0x37, 0xDC, 0x1F, 0x67, 0x0F, 0x31, 0x86, 0x18, 0x03, 0x0C, 0x03,
    0x86, 0x03, 0xFC, 0xFB, 0x1F, 0xFC, 0x00, 0xE0, 0x00, 0x00, 0x00, 0x30, 0x18, 0x18, 0x06, 0xFF,
    0xE1, 0xFF, 0xF0, 0x00, 0x60, 0x1C, 0x61, 0xF7, 0x30, 0x78, 0xF0, 0x0C, 0x38, 0x06, 0x3E, 0x03,
    0x7B, 0xC1, 0xF0, 0x61, 0xF0, 0x11, 0xFF, 0xFC, 0xCF, 0xFE, 0x00, 0x00, 0x00, 0x60, 0xCC, 0x38,
    0x66, 0x0E, 0x37, 0x03, 0xFF, 0xE0, 0x3F, 0xF0, 0x06, 0x63, 0xE3, 0x30, 0xFF, 0xFE, 0x1F, 0xFF,
    0x0C, 0xC6, 0x06, 0x63, 0x03, 0x61, 0x83, 0xF0, 0xC7, 0xFF, 0xF9, 0x1F, 0xFC, 0x00, 0x00, 0x00,
    0x00, 0x31, 0xFF, 0x0E, 0xFF, 0x83, 0x00, 0x00, 0x7F, 0xF3, 0xBF, 0xFB, 0xE3, 0x60, 0x33, 0xB0,
    0x19, 0x98, 0x0C, 0xCD, 0x86, 0xE6, 0xC3, 0xE3, 0xE3, 0xE0, 0xE3, 0xFC, 0x79, 0x9F, 0xFC, 0x00,
    0x00, 0x60, 0xC0, 0x3B, 0xFF, 0x8F, 0xFF, 0xC3, 0x36, 0x00, 0x3B, 0x03, 0x9F, 0xF3, 0xEF, 0xF8,
    0x74, 0x60, 0x38, 0x30, 0x1F, 0xFF, 0x8F, 0xFF, 0xC7, 0x06, 0x07, 0x83, 0x07, 0xFF, 0xFB, 0x9F,
    0xFC, 0x81, 0xF0, 0x01, 0xFC, 0x39, 0xFF, 0x0E, 0xC1, 0x83, 0x7F, 0xC0, 0x3F, 0xE0, 0x18, 0x71,
    0xEF, 0xF8, 0xF6, 0x4E, 0x1B, 0x7E, 0x0D, 0x8E, 0x06, 0xFB, 0x03, 0x7C, 0xC3, 0xB0, 0x23, 0xFF,
    0xF9, 0x0F, 0xFC, 0x00, 0x00, 0x61, 0x86, 0x38, 0xC6, 0x0E, 0x37, 0x03, 0x7F, 0xE0, 0x3F, 0xE3,
    0x83, 0x03, 0xFF, 0xFC, 0x3F, 0xFE, 0x18, 0x70, 0x0C, 0x7C, 0x06, 0x77, 0x03, 0x71, 0xC3, 0xF0,
    0x63, 0xFC, 0xFB, 0x1F, 0xFC, 0x00, 0xC0, 0x40, 0x3E, 0x31, 0xFF, 0x0C, 0xFC, 0x03, 0x06, 0x00,
    0x7F, 0xF0, 0x3F, 0xFB, 0xE0, 0xC0, 0x77, 0xFC, 0x1B, 0xFE, 0x0D, 0x83, 0x06, 0xC1, 0x83, 0x7F,
    0xC3, 0x80, 0x03, 0xFF, 0xF9, 0x1F, 0xFC, 0x00, 0x00, 0x00, 0x00, 0x21, 0xC6, 0x18, 0x63, 0x06,
    0xFF, 0xE3, 0xFF, 0xF0, 0x13, 0x90, 0x0D, 0xD9, 0xF6, 0xEC, 0x7B, 0x66, 0x0D, 0xFF, 0x06, 0xFF,
    0x83, 0x0C, 0x01, 0x8C, 0x01, 0xDE, 0x01, 0xFF, 0xFC, 0xCF, 0xFE, 0x00, 0x60, 0x00, 0x61, 0xB0,
    0x38, 0xD8, 0x0E, 0xFF, 0xC3, 0x7F, 0xC0, 0x63, 0x00, 0x3F, 0xF9, 0xFF, 0xFC, 0xF1, 0xB0, 0x18,
    0xD8, 0x0C, 0xCD, 0x86, 0xE6, 0xC3, 0xE3, 0xE3, 0xE0, 0xE3, 0xFF, 0xF9, 0x9F, 0xFC, 0x80, 0xF0,
    0x40, 0x7E, 0x3B, 0xFF, 0x0E, 0x08, 0x03, 0xFF, 0xE0, 0x0F, 0x80, 0x0F, 0xE1, 0xFC, 0x9C, 0xFF,
    0xF6, 0x1B, 0xFE, 0x0C, 0x6F, 0x86, 0x60, 0xC3, 0x73, 0xC3, 0xF1, 0xE3, 0xF8, 0x39, 0x9F, 0xFC,
    0x00, 0xC0, 0x03, 0xFE, 0x31, 0xFF, 0x0C, 0x77, 0x03, 0x1F, 0x00, 0x3F, 0xF0, 0x1F, 0xFB, 0xEF,
    0xFD, 0xF7, 0xFE, 0x1B, 0x33, 0x0D, 0xFF, 0x86, 0xCC, 0xC3, 0x67, 0xE3, 0xB3, 0xE3, 0xFF, 0xF9,
    0x1F, 0xFC, 0x00, 0x00, 0x00, 0x60, 0x3B, 0xFF, 0x8F, 0xFF, 0xC3, 0x0C, 0x00, 0x3F, 0xE0, 0x1F,
    0xF3, 0xED, 0x98, 0xF7, 0xFC, 0x1B, 0xFE, 0x0C, 0x7E, 0x06, 0xFB, 0x83, 0xEC, 0xE3, 0xE6, 0x23,
    0xFF, 0xF9, 0x9F, 0xFC, 0x00, 0x00, 0x00, 0x00, 0x0C, 0x1E, 0x0C, 0x3F, 0x7F, 0xF3, 0x31, 0xB6,
    0x33, 0x36, 0x1B, 0x36, 0x7F, 0xFC, 0x7F, 0xF6, 0x00, 0x33, 0x7F, 0xB3, 0x7F, 0xB3, 0x61, 0xBF,
    0x61, 0xBE, 0x7F, 0xB0, 0x7F, 0xB0, 0x20, 0x30, 0x0C, 0x82, 0x1F, 0xFF, 0x9F, 0xEF, 0xC3, 0xF6,
    0xE0, 0xF3, 0x67, 0xFF, 0xB1, 0xFE, 0xF0, 0x3F, 0x6C, 0x7F, 0xB7, 0x78, 0xD9, 0x9F, 0xEC, 0xC7,
    0xF6, 0xE3, 0x1B, 0xF1, 0xFD, 0xE0, 0xFE, 0xC0, 0x60, 0x60, 0x7F, 0xFF, 0x3F, 0xFF, 0x87, 0x80,
    0xCF, 0xE0, 0x67, 0xF0, 0x33, 0xE8, 0x19, 0xF5, 0xFC, 0xEA, 0xFE, 0x77, 0x63, 0x30, 0xB0, 0x1F,
    0xD8, 0x0F, 0xEC, 0x26, 0x16, 0x13, 0xFB, 0x19, 0x85, 0xFC, 0x80, 0x3C, 0x7F, 0x7E, 0x7F, 0xFF,
    0x87, 0x30, 0xC7, 0xDF, 0xE7, 0xFC, 0x32, 0xFF, 0xF9, 0x7F, 0xF8, 0xFE, 0xF0, 0x77, 0xFF, 0x31,
    0xFF, 0x9F, 0xE6, 0x0F, 0xFF, 0xE4, 0x31, 0x83, 0xFF, 0xF9, 0x8F, 0xFC, 0x80, 0x00, 0x3E, 0xFE,
    0x7F, 0xFF, 0x96, 0xB1, 0x8F, 0xCD, 0xC7, 0xE3, 0xC1, 0xC3, 0xE3, 0xFF, 0xBC, 0x3B, 0x36, 0x3C,
    0xFE, 0x1F, 0xFF, 0x9E, 0x86, 0x1F, 0x3F, 0xE5, 0x9F, 0xF0, 0xC0, 0xC0, 0x60, 0x60, 0x30, 0x20,
    0x1F, 0xFC, 0x3F, 0xFC, 0x01, 0x80, 0x7F, 0xFF, 0x01, 0x80, 0x3F, 0xFE, 0x31, 0x8E, 0x3F, 0xFE,
    0x31, 0x8E, 0x3F, 0xFE, 0x1F, 0xFC, 0x3F, 0xFE, 0x3F, 0xFE, 0x7F, 0xFF, 0xFF, 0xFF, 0x1F, 0xFC,
    0x1F, 0xFC, 0x1F, 0xFC, 0x1F, 0xFC, 0x1F, 0xFC, 0x7F, 0xFF, 0x7F, 0xFF, 0x3F, 0xFE, 0x3F, 0xFE,
    0x3F, 0xFE, 0x3F, 0xFE, 0x1F, 0xFC, 0x3F, 0xFE, 0x7F, 0xFE, 0xFF, 0xFF, 0x30, 0x18, 0x3E, 0x18,
    0x7E, 0x18, 0xFE, 0x18, 0xFC, 0x18, 0x7F, 0xFF, 0x19, 0xFF, 0x18, 0x18, 0x7E, 0x18, 0x7E, 0x18,
    0x18, 0x18, 0x18, 0x18, 0x1F, 0x18, 0x1E, 0x18, 0x18, 0x18, 0x00, 0x18, 0x30, 0x10, 0x30, 0x18,
    0x7E, 0x18, 0x61, 0xFF, 0xFD, 0xFF, 0x7F, 0x9B, 0x19, 0x9B, 0x19, 0x9B, 0x7F, 0xFF, 0x7F, 0xFF,
    0x19, 0x9B, 0x18, 0x18, 0x1E, 0x18, 0x1E, 0x18, 0x38, 0x18, 0x00, 0x10, 0x00, 0x00, 0x19, 0x0C,
    0x1E, 0xCC, 0x0F, 0xFF, 0xEE, 0x13, 0x86, 0x03, 0x41, 0xFD, 0xF0, 0x6F, 0xFE, 0x31, 0x88, 0x3E,
    0xC4, 0x1F, 0x7F, 0xC6, 0x3F, 0xE3, 0x18, 0x81, 0xFC, 0x40, 0xFF, 0xFC, 0x6C, 0xFE, 0x00, 0x00,
    0x00, 0x30, 0x6C, 0x30, 0x6C, 0x7F, 0xFF, 0x7F, 0xFF, 0x7C, 0x6C, 0x7F, 0xFF, 0x19, 0xFF, 0x18,
    0x00, 0x7E, 0xFE, 0x7E, 0xC6, 0x18, 0xFE, 0x18, 0xFE, 0x1E, 0xC6, 0x1E, 0xFE, 0x38, 0xFE, 0x00,
    0x82, 0x00, 0x00, 0x18, 0x0C, 0x0F, 0xFF, 0x8F, 0xF7, 0xC6, 0x1F, 0xF7, 0xCB, 0xF9, 0xFE, 0xF8,
    0x6F, 0xFC, 0x30, 0x98, 0x3F, 0x7F, 0x9F, 0xE6, 0x06, 0x7F, 0xE3, 0x1F, 0xF1, 0xFC, 0xC0, 0xFF,
    0xE0, 0x6C, 0xFE, 0x04, 0x00, 0x00, 0x31, 0xFF, 0x31, 0xFF, 0x7F, 0x83, 0x61, 0xFF, 0xF9, 0xFF,
    0x7D, 0x98, 0x19, 0xFF, 0x19, 0xFF, 0x7F, 0x98, 0x7F, 0x98, 0x19, 0xFF, 0x1B, 0xC3, 0x1F, 0xC3,
    0x1F, 0xFF, 0x3A, 0xFF, 0x00, 0x42, 0x00, 0x00, 0x18, 0x18, 0x0C, 0x7F, 0xCF, 0xFF, 0xC6, 0x06,
    0xC7, 0xEF, 0xF9, 0xFF, 0xFC, 0x33, 0xFC, 0x19, 0x83, 0x3F, 0xFF, 0x9F, 0xE0, 0xC3, 0x3F, 0xE1,
    0x86, 0xC0, 0xF3, 0x68, 0xF3, 0x34, 0x77, 0x1E, 0x02, 0x06, 0x00, 0x0C, 0x0C, 0x06, 0x0E, 0x03,
    0x0E, 0x01, 0x9E, 0x00, 0xDC, 0x00, 0x6C, 0x01, 0xFF, 0xFC, 0xFF, 0xFE, 0x0C, 0xC0, 0x06, 0x70,
    0x03, 0x1C, 0x01, 0x87, 0x00, 0xDD, 0xC0, 0xFE, 0x78, 0x78, 0x1C, 0x00, 0x00, 0x60, 0x04, 0xCF,
    0xFC, 0xC0, 0x1E, 0x06, 0x3C, 0x0C, 0x7B, 0xFE, 0xF7, 0xFD, 0xE0, 0xE3, 0xC3, 0xC7, 0x8D, 0x8F,
    0x73, 0x1F, 0xC6, 0x3C, 0x3C, 0x78, 0x78, 0xF0, 0x07, 0x60, 0x0C, 0x40, 0x04, 0xCF, 0xFC, 0xC0,
    0x3A, 0x80, 0x7C, 0x00, 0xF9, 0xFD, 0xF3, 0xFB, 0xE6, 0x37, 0xCC, 0x6F, 0x98, 0xDF, 0x3F, 0xBE,
    0x7E, 0x7C, 0xC0, 0xF8, 0x01, 0xB0, 0x0F, 0x60, 0x0C, 0x60, 0x04, 0xDF, 0xFC, 0xDF, 0xFA, 0x00,
    0x3C, 0xFC, 0x79, 0xFC, 0xF3, 0x19, 0xE6, 0x33, 0xCF, 0xE7, 0x98, 0xCF, 0x31, 0x9E, 0x7F, 0x3C,
    0xFE, 0x78, 0x00, 0xF0, 0x07, 0x60, 0x04, 0x60, 0x04, 0xDF, 0xFC, 0xC0, 0x1A, 0x63, 0x3C, 0x6C,
    0x7B, 0xFC, 0xF7, 0xF9, 0xEC, 0x33, 0xDF, 0xE7, 0xBF, 0xCF, 0x1E, 0x1E, 0x3C, 0xBD, 0xCF, 0x7B,
    0x1E, 0xF0, 0x07, 0x60, 0x0C, 0xF8, 0x01, 0xFF, 0xFF, 0x3F, 0xFE, 0xD8, 0x7D, 0xB0, 0xFE, 0x61,
    0xF6, 0xFF, 0xE7, 0xFF, 0xCF, 0x0F, 0x9E, 0x1F, 0xFC, 0x3F, 0xD8, 0x7C, 0x3F, 0xF8, 0x7F, 0xF0,
    0xC3, 0xE0, 0x80, 0xF9, 0x8C, 0xF9, 0x8C, 0xDB, 0x0C, 0xDB, 0xFE, 0xF7, 0xFE, 0xF7, 0x0C, 0xFF,
    0x4C, 0xDB, 0xCC, 0xDB, 0x6C, 0xDB, 0x6C, 0xFB, 0x2C, 0xFB, 0x0C, 0xC3, 0x0C, 0xC3, 0x0C, 0xC3,
    0x3C, 0xC2, 0x38, 0x00, 0x00, 0xF8, 0x60, 0xF8, 0xF0, 0xD9, 0xF8, 0xD3, 0x9C, 0xF7, 0x0E, 0xF7,
    0xFE, 0xF9, 0xF8, 0xD8, 0x60, 0xDF, 0xFE, 0xDF, 0xFE, 0xFB, 0x68, 0xF3, 0x6C, 0xC6, 0x66, 0xCE,
    0x66, 0xC1, 0xE0, 0x80, 0xC0, 0x00, 0x00, 0xF0, 0x30, 0xFC, 0xFE, 0xDF, 0xFE, 0xF6, 0x60, 0xF2,
    0xFC, 0xF1, 0xFE, 0xFF, 0xFE, 0xDE, 0x7E, 0xDA, 0x46, 0xDA, 0x7E, 0xFA, 0x66, 0xF2, 0x4E, 0xC7,
    0x4C, 0xCF, 0xFE, 0xC8, 0xFE, 0xC0, 0x00, 0xF9, 0x81, 0xF3, 0xF3, 0x6F, 0xE6, 0xF1, 0x8F, 0x7F,
    0xDE, 0x01, 0xB6, 0xFF, 0x6D, 0xFE, 0xDB, 0xFD, 0xBF, 0xFB, 0xE3, 0x07, 0xBB, 0x6C, 0x73, 0xF9,
    0xA3, 0xF3, 0x7E, 0xE0, 0x78, 0x7F, 0xFC, 0xFF, 0xFB, 0xFF, 0xFF, 0xFF, 0xFF, 0xFF, 0xFF, 0xEF,
    0xCF, 0xFE, 0x01, 0x80, 0xFF, 0xFE, 0x06, 0x01, 0xFF, 0xF3, 0xFF, 0xE6, 0x6C, 0xCC, 0xD9, 0x99,
    0xB7, 0x32, 0x2C, 0x7F, 0xFF, 0x7F, 0xFF, 0x01, 0x80, 0x7F, 0xFE, 0x7F, 0xFE, 0x66, 0x36, 0x67,
    0xF6, 0x67, 0xF6, 0x66, 0x36, 0x67, 0xF6, 0x67, 0xF6, 0x66, 0x36, 0x7F, 0xFE, 0x7F, 0xFE, 0x20,
    0x06, 0x00, 0x00, 0x7F, 0xFF, 0x01, 0x80, 0x01, 0x80, 0x3F, 0xFC, 0x3F, 0xFC, 0x39, 0x8C, 0x39,
    0x8C, 0x39, 0x8C, 0x39, 0x8C, 0x39, 0x8C, 0x31, 0xEC, 0x07, 0x78, 0x1E, 0x1E, 0x7C, 0x07, 0x40,
    0x02, 0x01, 0xFF, 0x7F, 0xFF, 0xBF, 0x8C, 0x03, 0x1F, 0xE1, 0x8F, 0xF0, 0xC6, 0x98, 0x63, 0x6C,
    0x31, 0xB6, 0x18, 0xDB, 0x0C, 0x6D, 0x86, 0x3E, 0xC3, 0x17, 0x61, 0x87, 0xC3, 0xC7, 0x79, 0xEF,
    0x0C, 0x02, 0x00, 0x03, 0xFF, 0x01, 0xFF, 0xBF, 0x0C, 0x0F, 0xBF, 0xC3, 0x9F, 0xE1, 0xCD, 0xB0,
    0xE6, 0xD8, 0x73, 0x6C, 0x39, 0xB6, 0x1F, 0xDB, 0x1F, 0xED, 0x9E, 0x2E, 0xC0, 0x0F, 0xC0, 0x0E,
    0x70, 0x1E, 0x0C, 0x04, 0x00, 0x63, 0xFF, 0x6B, 0xFF, 0x7B, 0x18, 0x7B, 0xFF, 0x7B, 0xFF, 0x7B,
    0xC3, 0x7B, 0xDB, 0x7B, 0xDB, 0x7B, 0xDB, 0x7B, 0xDB, 0x7B, 0xDB, 0x7B, 0xFB, 0x7B, 0x3C, 0xC3,
    0x77, 0xC3, 0xE3, 0x00, 0x80, 0x7E, 0xFF, 0x7F, 0xFF, 0x0E, 0x18, 0x7C, 0xFF, 0x38, 0xFF, 0x1C,
    0xD3, 0xFF, 0xDB, 0xFF, 0xDB, 0x1A, 0xDB, 0x1E, 0xDB, 0x18, 0xDB, 0x18, 0xF3, 0x18, 0x7C, 0x18,
    0xE7, 0x79, 0xC3, 0x70, 0x00, 0x00, 0x00, 0x06, 0x00, 0x0B, 0x3F, 0xC5, 0xE3, 0x02, 0xF7, 0xE1,
    0x63, 0xFB, 0xFF, 0xAC, 0xFE, 0xF6, 0x2D, 0x7B, 0x37, 0xBD, 0x9B, 0xDE, 0xD9, 0xEF, 0x60, 0xE5,
    0xB0, 0x61, 0xE0, 0xE1, 0xD8, 0xE3, 0xC6, 0x40, 0x81, 0x00, 0x3F, 0xFF, 0x3F, 0xFF, 0x9F, 0xC6,
    0x0F, 0xEF, 0xC6, 0x37, 0xF3, 0xFA, 0xD8, 0x01, 0x6D, 0xFF, 0xB6, 0x7F, 0x5B, 0x16, 0x2D, 0x8B,
    0xDF, 0x8F, 0x8F, 0xC7, 0xCE, 0x33, 0xFE, 0x0B, 0x1F, 0xFC, 0x00, 0x00, 0x30, 0x30, 0x18, 0xFF,
    0x0F, 0xCD, 0x8F, 0xFF, 0xC6, 0xDF, 0xE3, 0x7F, 0xFB, 0xCF, 0xFC, 0x63, 0xFC, 0x31, 0xFE, 0x18,
    0xDB, 0x0C, 0x6D, 0x86, 0xB6, 0xC3, 0xD7, 0xE1, 0xC7, 0xF0, 0xCF, 0x1C, 0x04, 0x00, 0x00, 0x00,
    0x0C, 0x18, 0x0E, 0x38, 0x7F, 0xFF, 0x7F, 0xFF, 0x01, 0x80, 0x3F, 0xFC, 0x3F, 0xFC, 0x3F, 0xFC,
    0x3F, 0xFC, 0x38, 0x0C, 0x3F, 0xFC, 0x3F, 0xFC, 0x38, 0x0C, 0x3F, 0xFC, 0x3F, 0xFC, 0x10, 0x0C,
    0x00, 0x00, 0x3E, 0x18, 0x1F, 0x8E, 0x00, 0x8F, 0x86, 0xCE, 0xE3, 0x6E, 0x39, 0xBF, 0xFC, 0xDA,
    0xFA, 0x7E, 0x92, 0x3F, 0x69, 0x81, 0xB7, 0x83, 0xDB, 0xCF, 0xED, 0xE7, 0x30, 0x60, 0x1F, 0xFC,
    0x7B, 0xFE, 0x18, 0x00, 0x00, 0x00, 0x00, 0x01, 0x80, 0x1F, 0xFC, 0x1F, 0xFC, 0x1A, 0x0C, 0x1F,
    0x8C, 0x19, 0xFC, 0x18, 0x38, 0x1F, 0xFE, 0x1F, 0xFF, 0x00, 0x03, 0x7F, 0xF7, 0xFF, 0xF6, 0x00,
    0x06, 0x00, 0x06, 0x00, 0x3E, 0x00, 0x1C, 0x00, 0x00, 0x00, 0xC0, 0x3F, 0xFF, 0x36, 0xD8, 0x37,
    0xFF, 0x3F, 0xFE, 0x3F, 0xFE, 0x36, 0xFE, 0x36, 0xFF, 0x27, 0xFC, 0x6F, 0xFE, 0x6D, 0xFC, 0x6F,
    0xFF, 0x67, 0xFF, 0x7F, 0xFB, 0xC0, 0x1F, 0x00, 0x0E, 0x7F, 0x18, 0x3F, 0x8E, 0x1F, 0xC7, 0x8F,
    0xE3, 0x67, 0xFF, 0xF3, 0xFF, 0xF9, 0xFC, 0x60, 0xFE, 0x30, 0x7F, 0x18, 0x06, 0x9E, 0x1F, 0xEF,
    0x0E, 0x26, 0xC7, 0xD6, 0x63, 0xFF, 0x1B, 0x7B, 0x0C, 0x00, 0x00, 0x00, 0x00, 0x00, 0xC0, 0x1F,
    0xFF, 0xCF, 0xFF, 0xE0, 0xE3, 0x80, 0x3B, 0x80, 0x0F, 0x80, 0x1F, 0xF0, 0x7E, 0x7F, 0x3E, 0x0F,
    0x83, 0x0E, 0x01, 0x87, 0x00, 0xC3, 0x80, 0xE1, 0xC0, 0x60, 0xE0, 0x70, 0x70, 0x00, 0x10, 0x00,
    0x01, 0xC0, 0x19, 0xFC, 0x19, 0xFE, 0x19, 0xC0, 0x7F, 0xFF, 0x7F, 0xFF, 0x30, 0x86, 0x31, 0x86,
    0x31, 0x86, 0x33, 0xC6, 0x37, 0x76, 0x3E, 0x3E, 0x3C, 0x1E, 0x3F, 0xFE, 0x3F, 0xFE, 0x00, 0x02,
    0x00, 0x06, 0x40, 0x07, 0xC0, 0x03, 0xC0, 0x03, 0xC0, 0x03, 0xF8, 0x3F, 0x7F, 0xFE, 0x0F, 0xE0,
    0x03, 0xC0, 0x03, 0xC0, 0x01, 0x80, 0x01, 0x80, 0x40, 0x00, 0x0C, 0x00, 0x00, 0xC0, 0x03, 0x0C,
    0x00, 0x78, 0xF8, 0x7F, 0xE7, 0xFF, 0x9E, 0x0F, 0xC0, 0x00, 0x2C, 0x00, 0x07, 0xC0, 0x00, 0x18,
    0x00, 0x01, 0x80, 0x00, 0x18, 0xC6, 0x31, 0xBD, 0xC0, 0x7B, 0xCC, 0x60, 0x10, 0x30, 0x30, 0xFE,
    0xFE, 0x00, 0x78, 0x78, 0x30, 0x30, 0x01, 0x00, 0x01, 0xC0, 0x01, 0xE0, 0x03, 0xE0, 0x03, 0xC0,
    0x00, 0x06, 0x40, 0x07, 0xC0, 0x03, 0xC0, 0x03, 0xC0, 0x03, 0xF8, 0x3F, 0x7F, 0xFE, 0x0F, 0xE0,
    0x01, 0x00, 0x00, 0x1C, 0x00, 0x01, 0xE0, 0x00, 0x3E, 0x00, 0x03, 0xC0, 0x00, 0x00, 0x00, 0x40,
    0x00, 0x0C, 0x00, 0x00, 0xC0, 0x03, 0x0C, 0x00, 0x78, 0xF8, 0x7F, 0xE7, 0xFF, 0x9E, 0x0F, 0xC0,
    0x00, 0x43, 0x9F, 0xFF, 0x00, 0x0C, 0x71, 0x8C, 0x6F, 0x70, 0x00, 0x20, 0x38, 0x3C, 0x7C, 0x78,
    0x00, 0x00, 0x10, 0x30, 0x30, 0xFE, 0xFE, 0x00, 0xFC, 0x1F, 0xF8, 0x1F, 0x0F, 0x83, 0x80, 0xE0,
    0x3B, 0xC6, 0x78, 0xC6, 0x18, 0xC3, 0x80, 0x38, 0x23, 0xFE, 0x3F, 0x00, 0xFC, 0x07, 0xFE, 0x01,
    0xF0, 0x3F, 0x03, 0x8C, 0x38, 0x7F, 0xBD, 0xF9, 0xE0, 0xC6, 0x06, 0x30, 0x38, 0x00, 0xE0, 0x83,
    0xFE, 0x0F, 0xC0, 0x7C, 0x1F, 0xC0, 0x78, 0x3E, 0xFE, 0x3E, 0x00, 0x00, 0x58, 0x3E, 0x03, 0x00,
    0xC0, 0x7C, 0x07, 0xF0, 0x07, 0x80, 0xF8, 0xFF, 0xEF, 0x8F, 0x00, 0x03, 0x40, 0x3E, 0x01, 0x80,
    0x18, 0x00, 0x30, 0x38, 0x3C, 0x7C, 0x7C, 0x00, 0x08, 0x0C, 0x0E, 0x06, 0x06, 0x07, 0x7E, 0xFE,
    0x00, 0x30, 0x0F, 0x03, 0xC1, 0xF0, 0x7C, 0x00, 0x00, 0x80, 0x30, 0x0E, 0x01, 0x80, 0x60, 0x1C,
    0x7F, 0xFF, 0xF0, 0x00, 0x18, 0x30, 0xF1, 0xE0, 0x01, 0x03, 0x06, 0x0C, 0x18, 0x30, 0xE3, 0x9E,
    0x18, 0x00, 0x18, 0x0C, 0x1F, 0x05, 0x80, 0x00, 0x40, 0x30, 0x18, 0x0E, 0x07, 0x83, 0xE3, 0x83,
    0x87, 0x81, 0x80, 0x30, 0x78, 0xF9, 0xF3, 0xC0, 0x00, 0x04, 0x0C, 0x18, 0x30, 0x60, 0xC3, 0x8E,
    0x78, 0x60, 0x30, 0x1E, 0x0F, 0x07, 0x87, 0xC0, 0x00, 0x00, 0x10, 0x0C, 0x06, 0x03, 0x81, 0xE0,
    0xF8, 0xE0, 0xE1, 0xE0, 0x60, 0x00, 0x00, 0x06, 0x00, 0x3C, 0x01, 0xE0, 0x07, 0x00, 0x0C, 0x00,
    0x1E, 0x10, 0x0E, 0x60, 0x0C, 0xC0, 0x0D, 0x80, 0x1B, 0xE0, 0xF3, 0xFF, 0xC0, 0xFC, 0x00, 0x00,
    0x06, 0x00, 0x07, 0x80, 0x07, 0xC0, 0x03, 0xC0, 0x00, 0xC0, 0x00, 0x38, 0x04, 0x03, 0x03, 0x00,
    0x60, 0xC0, 0x1C, 0x30, 0x03, 0x8F, 0x87, 0xF9, 0xFF, 0xEE, 0x0F, 0xC0, 0x00, 0x06, 0x1E, 0x7C,
    0xF0, 0xE0, 0x70, 0x38, 0x1C, 0x0C, 0x0C, 0xFC, 0xF8, 0x00, 0x06, 0x07, 0x87, 0xC3, 0xC0, 0xE0,
    0x1C, 0x03, 0x80, 0x60, 0x0C, 0x03, 0x8F, 0xFB, 0xEF, 0x00, 0x00, 0x00, 0x0C, 0x00, 0x78, 0x01,
    0xD8, 0x07, 0xF0, 0x0F, 0x80, 0x1C, 0x00, 0x30, 0x00, 0x78, 0x40, 0x39, 0x80, 0x33, 0x00, 0x36,
    0x00, 0x6F, 0x83, 0xCF, 0xFF, 0x03, 0xF0, 0x00, 0x00, 0x0C, 0x00, 0x0F, 0x00, 0x07, 0x60, 0x03,
    0xF8, 0x00, 0xFC, 0x00, 0x3C, 0x00, 0x0C, 0x00, 0x03, 0x80, 0x40, 0x30, 0x30, 0x06, 0x0C, 0x01,
    0xC3, 0x00, 0x38, 0xF8, 0x7F, 0x9F, 0xFE, 0xE0, 0xFC, 0x00, 0x0C, 0x1C, 0x7E, 0xFE, 0xFC, 0xF0,
    0xE0, 0x70, 0x38, 0x1C, 0x0C, 0x0C, 0xFC, 0xF8, 0x00, 0x0C, 0x07, 0x07, 0xE3, 0xF8, 0xFC, 0x3C,
    0x0E, 0x01, 0xC0, 0x38, 0x06, 0x00, 0xC0, 0x38, 0xFF, 0xBE, 0xF0, 0x00, 0x00, 0x00, 0x18, 0x03,
    0xB0, 0x3C, 0x07, 0x80, 0xF0, 0x1F, 0x06, 0x7F, 0xC7, 0xE0, 0x00, 0xC0, 0x07, 0x18, 0x19, 0x80,
    0xFC, 0x07, 0xE0, 0x33, 0x83, 0x0F, 0xF8, 0x3F, 0x80, 0x30, 0x71, 0xF3, 0x6C, 0x78, 0xFF, 0x3E,
    0x38, 0x3E, 0x3B, 0x19, 0xCC, 0x7E, 0x1C, 0x00, 0x67, 0x33, 0x3F, 0xE2, 0x66, 0x00, 0x20, 0x71,
    0xB9, 0xC5, 0xC3, 0xC1, 0xE0, 0x60, 0x10, 0x00, 0x01, 0x80, 0x3C, 0x0F, 0xC1, 0xBC, 0x37, 0x87,
    0xDF, 0xFF, 0xFF, 0xC4, 0x00, 0x07, 0x00, 0xF8, 0x0D, 0x81, 0x98, 0x1B, 0x8F, 0xFE, 0xFF, 0xE1,
    0x8C, 0x1C, 0xC0, 0xF8, 0x07, 0x80, 0x00, 0x1C, 0x0F, 0x0F, 0xC6, 0x73, 0x7D, 0xF7, 0xFF, 0xFF,
    0x81, 0x00, 0x1E, 0x0F, 0x83, 0x61, 0xD8, 0x6E, 0x3F, 0xEF, 0xFD, 0x8C, 0x73, 0x0F, 0xC1, 0xE0,
    0x0C, 0x00, 0x1E, 0x00, 0x3E, 0x00, 0x73, 0x00, 0x60, 0x00, 0xC0, 0x00, 0xF8, 0x1E, 0x7F, 0xFE,
    0x0F, 0xF0, 0x03, 0xCF, 0xFF, 0xF3, 0x00, 0xE0, 0x1F, 0xF1, 0xFC, 0x30, 0x00, 0x70, 0x00, 0x68,
    0x00, 0x78, 0x00, 0x2C, 0x00, 0x1E, 0x00, 0x3E, 0x00, 0x73, 0x00, 0x60, 0x00, 0xC0, 0x00, 0xF8,
    0x1E, 0x7F, 0xFE, 0x0F, 0xF0, 0x30, 0x1C, 0x06, 0x81, 0xE0, 0x23, 0xCF, 0xFF, 0xF3, 0x00, 0xE0,
    0x1F, 0xF1, 0xFC, 0x00, 0xF8, 0x0F, 0x80, 0xE0, 0x06, 0x06, 0x38, 0x60, 0xF3, 0x01, 0xD8, 0x06,
    0xE0, 0x73, 0xFF, 0x0F, 0xE0, 0x60, 0x83, 0x03, 0xEC, 0x07, 0xB0, 0x0C, 0xE0, 0x71, 0xFF, 0x83,
    0xF8, 0x00, 0x18, 0xC6, 0x31, 0xBD, 0xC0, 0x7B, 0xC0, 0x10, 0x30, 0x30, 0xFE, 0xFE, 0x00, 0x78,
    0x78, 0x00, 0x38, 0xF1, 0x83, 0x07, 0xDF, 0xBC, 0x00, 0xFB, 0xF0, 0x0C, 0x30, 0xC3, 0x0C, 0x30,
    0xC3, 0x0C, 0x30, 0xC0, 0xF9, 0xF8, 0x01, 0x83, 0x06, 0x0C, 0x18, 0x30, 0x60, 0xC1, 0x83, 0x07,
    0x87, 0x80, 0x6E, 0xEF, 0x86, 0x66, 0x66, 0x66, 0x66, 0x66, 0x63, 0x8E, 0x3C, 0x81, 0x86, 0x18,
    0x61, 0x86, 0x18, 0x61, 0x86, 0x1E, 0x3C, 0x00, 0x18, 0x70, 0xE1, 0xE2, 0x07, 0x1F, 0x37, 0x66,
    0xFD, 0xF8, 0xF1, 0xDF, 0x1C, 0x00, 0x18, 0x1C, 0x0E, 0x07, 0x82, 0x01, 0xC1, 0xF0, 0xDC, 0x66,
    0x3F, 0xDF, 0xE1, 0xC1, 0xC7, 0xC1, 0xC0, 0x63, 0x18, 0xC6, 0x31, 0x8C, 0x63, 0x18, 0xC0, 0x39,
    0x8E, 0x72, 0x00, 0x61, 0x86, 0x18, 0x61, 0x86, 0x18, 0x61, 0x87, 0x8F, 0x01, 0xC7, 0x1C, 0x71,
    0x00, 0x38, 0x01, 0x87, 0xCE, 0x7C, 0x77, 0x02, 0x30, 0x31, 0xC3, 0x07, 0x98, 0x0E, 0xC0, 0x37,
    0x03, 0x9F, 0xF8, 0x7F, 0x00, 0x38, 0x00, 0xC0, 0x03, 0x80, 0x0E, 0x00, 0x20, 0x01, 0x82, 0x0C,
    0x0F, 0xB0, 0x1E, 0xC0, 0x33, 0x81, 0xC7, 0xFE, 0x0F, 0xE0, 0x6E, 0xDF, 0xC6, 0x73, 0x33, 0xFE,
    0x00, 0x70, 0xC1, 0xC3, 0x84, 0x06, 0x0C, 0x18, 0xFD, 0xFC, 0x00, 0xFF, 0xFF, 0xFF, 0xC6, 0x31,
    0x8C, 0x63, 0x18, 0xC6, 0x3C, 0xF0, 0x00, 0x00, 0x06, 0x40, 0x07, 0xC0, 0x03, 0xC0, 0x03, 0xC0,
    0x03, 0xF8, 0x3F, 0x7F, 0xFE, 0x0F, 0xE0, 0x01, 0x80, 0x01, 0x80, 0x00, 0x00, 0x40, 0x00, 0x0C,
    0x00, 0x00, 0xC0, 0x03, 0x0C, 0x00, 0x78, 0xF8, 0x7F, 0xE7, 0xFF, 0x9E, 0x0F, 0xC0, 0x00, 0x18,
    0x00, 0x01, 0x80, 0x00, 0x00, 0x00, 0x67, 0x33, 0x3F, 0xE0, 0x66, 0x00, 0x30, 0x60, 0xC7, 0xEF,
    0xE0, 0x0C, 0x18, 0x00, 0x00, 0xF9, 0xA0, 0x03, 0x07, 0x1F, 0x36, 0xC7, 0x8F, 0xF3, 0xE0, 0x00,
    0x1E, 0x0F, 0x00, 0x00, 0xC0, 0x60, 0xF8, 0xFC, 0xCE, 0x63, 0x3F, 0x87, 0xF0, 0x78, 0x00, 0x00,
    0x00, 0x03, 0xC0, 0x03, 0xC6, 0x40, 0x07, 0xC0, 0x03, 0xC0, 0x03, 0xC0, 0x03, 0xF8, 0x3F, 0x7F,
    0xFE, 0x0F, 0xE0, 0x00, 0x00, 0x00, 0x3C, 0x00, 0x03, 0xC0, 0x04, 0x00, 0x00, 0xC0, 0x00, 0x0C,
    0x00, 0x30, 0xC0, 0x07, 0x8F, 0x87, 0xFE, 0x7F, 0xF9, 0xE0, 0xFC, 0x00, 0x07, 0xBC, 0x06, 0x38,
    0xC6, 0x37, 0xB8, 0x00, 0x00, 0x7C, 0x68, 0x00, 0x10, 0x30, 0x30, 0xFE, 0xFE, 0x00, 0x01, 0x80,
    0x01, 0x80, 0x03, 0xC0, 0x03, 0xC6, 0x40, 0x07, 0xC0, 0x03, 0xC0, 0x03, 0xC0, 0x03, 0xF8, 0x3F,
    0x7F, 0xFE, 0x0F, 0xE0, 0x01, 0x80, 0x00, 0x18, 0x00, 0x03, 0xC0, 0x00, 0x3C, 0x00, 0x40, 0x00,
    0x0C, 0x00, 0x00, 0xC0, 0x03, 0x0C, 0x00, 0x78, 0xF8, 0x7F, 0xE7, 0xFF, 0x9E, 0x0F, 0xC0, 0x00,
    0x63, 0x3D, 0xE0, 0x31, 0xC6, 0x31, 0xBD, 0xC0, 0x00, 0x30, 0x30, 0x7C, 0x68, 0x00, 0x10, 0x30,
    0x30, 0xFE, 0xFE, 0x00, 0xFC, 0x3F, 0xF0, 0x7C, 0x78, 0x38, 0x1C, 0x0E, 0x03, 0x18, 0xC6, 0x30,
    0x0C, 0x03, 0xC3, 0x7F, 0xC7, 0xE0, 0xFC, 0x0F, 0xFC, 0x07, 0xC1, 0xF0, 0x3B, 0x87, 0x1E, 0xE1,
    0xFC, 0x60, 0xC6, 0x0C, 0x00, 0xC0, 0x0F, 0x0C, 0x7F, 0xC1, 0xF8, 0x7C, 0x1F, 0xC0, 0x78, 0x3E,
    0xFE, 0x3E, 0x00, 0x00, 0x20, 0x0C, 0x00, 0x00, 0x7C, 0x07, 0xF0, 0x07, 0x80, 0xF8, 0xFF, 0xEF,
    0x8F, 0x00, 0x00, 0x80, 0x18, 0x00, 0x00, 0xFC, 0x3F, 0xF0, 0x7C, 0x78, 0x38, 0x1C, 0x0E, 0x03,
    0x00, 0xC0, 0x30, 0x0C, 0x03, 0xC3, 0x7F, 0xC7, 0xE0, 0xFC, 0x0F, 0xFC, 0x07, 0xC1, 0xF0, 0x3B,
    0x87, 0x1E, 0xE1, 0xFC, 0x00, 0xC0, 0x0C, 0x00, 0xC0, 0x0F, 0x0C, 0x7F, 0xC1, 0xF8, 0x7C, 0x1F,
    0xC0, 0x78, 0x3E, 0xFE, 0x3E, 0x00, 0x00, 0x7C, 0x07, 0xF0, 0x07, 0x80, 0xF8, 0xFF, 0xEF, 0x8F,
    0x00, 0x00, 0x00, 0x03, 0x00, 0xC0, 0x00, 0xFC, 0x3F, 0xF0, 0x7C, 0x78, 0x38, 0x1C, 0x0E, 0x03,
    0x00, 0xC0, 0x30, 0x0C, 0x03, 0xC3, 0x7F, 0xC7, 0xE0, 0x00, 0x00, 0xC0, 0x0C, 0x00, 0x00, 0xFC,
    0x0F, 0xFC, 0x07, 0xC1, 0xF0, 0x3B, 0x87, 0x1E, 0xE1, 0xFC, 0x00, 0xC0, 0x0C, 0x00, 0xC0, 0x0F,
    0x0C, 0x7F, 0xC1, 0xF8, 0x00, 0x0C, 0x03, 0x00, 0x00, 0x7C, 0x1F, 0xC0, 0x78, 0x3E, 0xFE, 0x3E,
    0x00, 0x00, 0x00, 0x07, 0x00, 0x20, 0x00, 0x00, 0x7C, 0x07, 0xF0, 0x07, 0x80, 0xF8, 0xFF, 0xEF,
    0x8F, 0x00, 0x00, 0x08, 0x0C, 0x0E, 0x06, 0x06, 0x07, 0x7E, 0xFE, 0x00, 0x08, 0x03, 0x00, 0xE0,
    0x18, 0x06, 0x01, 0xC7, 0xFF, 0xFF, 0x00, 0x00, 0x00, 0x38, 0x10, 0x00, 0x08, 0x0C, 0x0E, 0x06,
    0x06, 0x07, 0x7E, 0xFE, 0x00, 0x00, 0x06, 0x01, 0x80, 0x00, 0x08, 0x03, 0x00, 0xE0, 0x18, 0x06,
    0x01, 0xC7, 0xFF, 0xFF, 0x00, 0x00, 0x08, 0x18, 0x30, 0x60, 0xC1, 0x87, 0x1C, 0xF0, 0xC0, 0x08,
    0x06, 0x03, 0x01, 0xC0, 0xF0, 0x7C, 0x70, 0x70, 0xF0, 0x30, 0x00, 0x00, 0x30, 0x60, 0x00, 0x81,
    0x83, 0x06, 0x0C, 0x18, 0x71, 0xCF, 0x0C, 0x00, 0x00, 0x0C, 0x06, 0x00, 0x00, 0x80, 0x60, 0x30,
    0x1C, 0x0F, 0x07, 0xC7, 0x07, 0x0F, 0x03, 0x00, 0x00, 0x00, 0x60, 0x00, 0x06, 0x00, 0xC2, 0x60,
    0x0E, 0x63, 0x60, 0x66, 0x3C, 0x07, 0xFE, 0xC0, 0x7F, 0xEC, 0x06, 0x00, 0xE0, 0xC0, 0x07, 0xFC,
    0x00, 0x3F, 0x80, 0x00, 0x00, 0x00, 0x60, 0x03, 0x09, 0x80, 0x0E, 0x63, 0x18, 0x19, 0x8C, 0xC0,
    0x7F, 0xFF, 0x01, 0xFF, 0xFC, 0x06, 0x00, 0x38, 0x30, 0x00, 0x7F, 0xC0, 0x00, 0xFE, 0x00, 0x00,
    0x00, 0x30, 0x01, 0x8C, 0x4C, 0x66, 0x73, 0x31, 0xFF, 0xFB, 0xFF, 0xC0, 0x00, 0x00, 0x30, 0x62,
    0x20, 0xCC, 0x61, 0x98, 0xCF, 0xFF, 0xFF, 0xFF, 0xC0, 0x00, 0x00, 0x00, 0x06, 0x00, 0x00, 0x60,
    0x00, 0x1F, 0x00, 0x00, 0xB0, 0x00, 0x00, 0x60, 0x00, 0x06, 0x00, 0xC2, 0x60, 0x0E, 0x63, 0x60,
    0x66, 0x3C, 0x07, 0xFE, 0xC0, 0x7F, 0xEC, 0x06, 0x00, 0xE0, 0xC0, 0x07, 0xFC, 0x00, 0x3F, 0x80,
    0x00, 0x00, 0x06, 0x00, 0x00, 0x18, 0x00, 0x01, 0xF0, 0x00, 0x02, 0xC0, 0x00, 0x00, 0x00, 0x00,
    0x01, 0x80, 0x0C, 0x26, 0x00, 0x39, 0x8C, 0x60, 0x66, 0x33, 0x01, 0xFF, 0xFC, 0x07, 0xFF, 0xF0,
    0x18, 0x00, 0xE0, 0xC0, 0x01, 0xFF, 0x00, 0x03, 0xF8, 0x00, 0x00, 0x03, 0x00, 0x18, 0x01, 0xE0,
    0x0F, 0x00, 0x03, 0x00, 0x18, 0xC4, 0xC6, 0x67, 0x33, 0x1F, 0xFF, 0xBF, 0xFC, 0x00, 0x00, 0x03,
    0x00, 0x06, 0x00, 0x1E, 0x00, 0x3C, 0x00, 0x00, 0x00, 0x06, 0x0C, 0x44, 0x19, 0x8C, 0x33, 0x19,
    0xFF, 0xFF, 0xFF, 0xF8, 0x00, 0x00, 0x00, 0x00, 0x60, 0x00, 0x07, 0xE0, 0x0C, 0x3F, 0x80, 0x39,
    0xC6, 0x60, 0x6C, 0x1B, 0x01, 0xFF, 0xEC, 0x07, 0xFF, 0x30, 0x19, 0xE0, 0xE0, 0xC0, 0x01, 0xFF,
    0x00, 0x03, 0xF8, 0x00, 0x00, 0x00, 0x00, 0x60, 0x00, 0x01, 0xF8, 0x00, 0xC3, 0xF8, 0x00, 0xE7,
    0x18, 0x60, 0x6C, 0x18, 0xC0, 0x7F, 0xFE, 0xC0, 0x7F, 0xFF, 0xC0, 0x67, 0x80, 0xE0, 0xC0, 0x00,
    0x7F, 0xC0, 0x00, 0x3F, 0x80, 0x00, 0x00, 0x10, 0x01, 0xF8, 0xC7, 0xF1, 0x9C, 0x33, 0x70, 0xFF,
    0xC7, 0xBF, 0xFE, 0x03, 0xE0, 0x00, 0x10, 0x00, 0x7E, 0x0C, 0x7F, 0x06, 0x70, 0xC3, 0x70, 0xE7,
    0xF1, 0xFB, 0xFF, 0xFE, 0x0F, 0x80, 0x00, 0x00, 0x00, 0x00, 0x03, 0x80, 0x00, 0x04, 0x00, 0x00,
    0x00, 0x00, 0x00, 0x60, 0x00, 0x07, 0xE0, 0x0C, 0x3F, 0x80, 0x39, 0xC6, 0x60, 0x6C, 0x1B, 0x01,
    0xFF, 0xEC, 0x07, 0xFF, 0x30, 0x19, 0xE0, 0xE0, 0xC0, 0x01, 0xFF, 0x00, 0x03, 0xF8, 0x00, 0x00,
    0x00, 0x00, 0x00, 0x00, 0x00, 0xE0, 0x00, 0x00, 0x40, 0x00, 0x00, 0x00, 0x00, 0x00, 0x60, 0x00,
    0x01, 0xF8, 0x00, 0xC3, 0xF8, 0x00, 0xE7, 0x18, 0x60, 0x6C, 0x18, 0xC0, 0x7F, 0xFE, 0xC0, 0x7F,
    0xFF, 0xC0, 0x67, 0x80, 0xE0, 0xC0, 0x00, 0x7F, 0xC0, 0x00, 0x3F, 0x80, 0x00, 0x00, 0x00, 0x00,
    0x60, 0x00, 0xC0, 0x00, 0x80, 0x0F, 0xC6, 0x3F, 0x8C, 0xE1, 0x9B, 0x87, 0xFE, 0x3D, 0xFF, 0xF0,
    0x1F, 0x00, 0x00, 0x00, 0x00, 0x18, 0x00, 0x0C, 0x00, 0x02, 0x00, 0x0F, 0xC1, 0x8F, 0xE0, 0xCE,
    0x18, 0x6E, 0x1C, 0xFE, 0x3F, 0x7F, 0xFF, 0xC1, 0xF0, 0x00, 0x18, 0x00, 0xC0, 0x06, 0x00, 0x30,
    0x01, 0x80, 0x0C, 0x20, 0x6F, 0xC3, 0xFF, 0x1E, 0x18, 0xE1, 0xFF, 0xFD, 0xFF, 0xC1, 0xF0, 0x00,
    0x18, 0x00, 0x30, 0x00, 0x60, 0x00, 0xC0, 0x01, 0x80, 0x03, 0x08, 0x06, 0xFC, 0x0F, 0xFC, 0x1E,
    0x18, 0x38, 0x73, 0xFF, 0xF7, 0xFF, 0xF1, 0xF0, 0x00, 0x60, 0x0C, 0x01, 0x80, 0x30, 0x06, 0x00,
    0xC2, 0x19, 0xF3, 0xFF, 0x78, 0x6E, 0x1F, 0xFF, 0x7F, 0xC0, 0x00, 0x60, 0x03, 0x00, 0x18, 0x00,
    0xC0, 0x06, 0x00, 0x30, 0x81, 0x9F, 0x0F, 0xFC, 0x78, 0x63, 0x87, 0x3F, 0xFD, 0xFF, 0xF0, 0x00,
    0x00, 0x18, 0x00, 0xC0, 0x06, 0x38, 0x30, 0x81, 0x80, 0x0C, 0x20, 0x6F, 0xC3, 0xFF, 0x1E, 0x18,
    0xE1, 0xFF, 0xFD, 0xFF, 0xC1, 0xF0, 0x00, 0x18, 0x00, 0x30, 0x00, 0x63, 0x00, 0xC4, 0x01, 0x80,
    0x03, 0x08, 0x06, 0xFC, 0x0F, 0xFC, 0x1E, 0x18, 0x38, 0x73, 0xFF, 0xF7, 0xFF, 0xF1, 0xF0, 0x00,
    0x60, 0x0C, 0x01, 0x80, 0x31, 0x86, 0x30, 0xC2, 0x19, 0xF3, 0xFF, 0x78, 0x6E, 0x1F, 0xFF, 0x7F,
    0xC0, 0x00, 0x60, 0x03, 0x00, 0x18, 0x00, 0xC6, 0x06, 0x30, 0x30, 0x81, 0x9F, 0x0F, 0xFC, 0x78,
    0x63, 0x87, 0x3F, 0xFD, 0xFF, 0xF0, 0x00, 0x00, 0x18, 0x1F, 0x0E, 0x03, 0x00, 0xE2, 0x1F, 0x83,
    0xE1, 0xC0, 0xE0, 0x30, 0x0C, 0x03, 0x00, 0xC0, 0x3C, 0x27, 0xFC, 0x7E, 0x3E, 0x1F, 0xC6, 0x31,
    0xD8, 0x3E, 0x0F, 0xE7, 0x7F, 0x80, 0xC0, 0x30, 0x0C, 0x03, 0x86, 0x7F, 0x8F, 0xC0, 0x0C, 0x3E,
    0x70, 0x60, 0x60, 0x73, 0xFF, 0xFC, 0x00, 0x3E, 0x1F, 0xC6, 0x31, 0xD8, 0x3E, 0x3F, 0xEF, 0xFC,
    0x00, 0x00, 0x06, 0x01, 0x80, 0x00, 0x18, 0x1F, 0x0E, 0x03, 0x00, 0xE2, 0x1F, 0x83, 0xE1, 0xC0,
    0xE0, 0x30, 0x0C, 0x03, 0x00, 0xC0, 0x3C, 0x27, 0xFC, 0x7E, 0x00, 0x03, 0x00, 0xC0, 0x00, 0x3E,
    0x1F, 0xC6, 0x31, 0xD8, 0x3E, 0x0F, 0xE7, 0x7F, 0x80, 0xC0, 0x30, 0x0C, 0x03, 0x86, 0x7F, 0x8F,
    0xC0, 0x00, 0x1C, 0x08, 0x00, 0x0C, 0x3E, 0x70, 0x60, 0x60, 0x73, 0xFF, 0xFC, 0x00, 0x00, 0x07,
    0x00, 0x80, 0x00, 0x3E, 0x1F, 0xC6, 0x31, 0xD8, 0x3E, 0x3F, 0xEF, 0xFC, 0x00, 0x00, 0x00, 0x00,
    0x0C, 0x00, 0x0C, 0x00, 0x00, 0x00, 0x0C, 0x00, 0x1E, 0x00, 0x3F, 0x40, 0x33, 0xC0, 0x33, 0xC0,
    0x3F, 0xC0, 0x1F, 0xF8, 0x0F, 0x7F, 0xFE, 0x0F, 0xF8, 0x00, 0x00, 0x00, 0x00, 0x60, 0x00, 0x06,
    0x00, 0x00, 0x00, 0x00, 0x0F, 0x04, 0x00, 0xF8, 0xC0, 0x19, 0x8C, 0x01, 0x98, 0xC0, 0x1D, 0x8F,
    0x83, 0xFE, 0x7F, 0xFF, 0xE0, 0xFE, 0x00, 0x00, 0x30, 0x60, 0x01, 0x87, 0x9F, 0xB3, 0x66, 0xFC,
    0xFF, 0xEF, 0x80, 0x00, 0x00, 0x06, 0x01, 0x80, 0x00, 0x3C, 0x1F, 0x86, 0x61, 0x98, 0x76, 0x3F,
    0xEF, 0xF8, 0x00, 0x00, 0x00, 0x0F, 0x00, 0x78, 0x00, 0x00, 0x0E, 0x00, 0xF8, 0x0E, 0xCC, 0x66,
    0xE3, 0xFE, 0x0F, 0xB0, 0x0D, 0xC0, 0xE7, 0xFE, 0x1F, 0xE0, 0x10, 0x00, 0x00, 0x00, 0x03, 0xE0,
    0x02, 0xC0, 0x00, 0x00, 0x0E, 0x00, 0x3E, 0x00, 0x6C, 0x31, 0x98, 0x63, 0xFD, 0x83, 0xFF, 0x00,
    0xC7, 0x01, 0x87, 0x0E, 0x0F, 0xF8, 0x07, 0xC0, 0x00, 0x00, 0xF8, 0xB0, 0x01, 0x87, 0x9F, 0xB3,
    0x66, 0xFC, 0xFF, 0xEF, 0x80, 0x00, 0x00, 0x0F, 0x03, 0xC0, 0x00, 0x3C, 0x1F, 0x86, 0x61, 0x98,
    0x76, 0x3F, 0xEF, 0xF8, 0x00, 0x00, 0x0C, 0x00, 0x30, 0x00, 0xC0, 0x63, 0x03, 0x8C, 0x0C, 0x34,
    0x18, 0xF0, 0xE3, 0xC3, 0x0F, 0x00, 0x3F, 0x87, 0xDF, 0xFE, 0x0F, 0xC0, 0x00, 0x0C, 0x00, 0x06,
    0x00, 0x03, 0x00, 0x31, 0x80, 0x38, 0xC0, 0x18, 0x61, 0x06, 0x31, 0x87, 0x18, 0xC3, 0x0C, 0x60,
    0x06, 0x3E, 0x1F, 0xCF, 0xFF, 0xE0, 0xFC, 0x00, 0x06, 0x1E, 0x7C, 0xF0, 0xE0, 0x70, 0x38, 0x1C,
    0x0C, 0x0C, 0xFC, 0xF8, 0x00, 0x06, 0x07, 0x87, 0xC3, 0xC0, 0xE0, 0x1C, 0x03, 0x80, 0x60, 0x0C,
    0x03, 0x8F, 0xFB, 0xEF, 0x00, 0x00, 0x00, 0xE0, 0x0C, 0x01, 0x80, 0x30, 0x06, 0x00, 0xC0, 0x18,
    0x03, 0x00, 0x6C, 0x0F, 0x01, 0xE0, 0x3C, 0x0D, 0xC1, 0x9F, 0xE1, 0xF8, 0x00, 0xE0, 0x03, 0x00,
    0x18, 0x00, 0xC0, 0x06, 0x00, 0x30, 0x01, 0x80, 0x0C, 0x00, 0x63, 0x03, 0x30, 0x1F, 0x80, 0xFC,
    0x0E, 0x70, 0x61, 0xFF, 0x07, 0xE0, 0x66, 0x66, 0x77, 0x73, 0x33, 0xFE, 0x00, 0x61, 0x87, 0x1C,
    0x71, 0xC3, 0x0C, 0x30, 0xCF, 0xFF, 0x00, 0x1C, 0x3E, 0x76, 0x63, 0x1F, 0x7F, 0xE6, 0xC0, 0xC0,
    0xC0, 0xC0, 0xC0, 0x60, 0x60, 0x00, 0x03, 0xC0, 0xFC, 0x39, 0x8F, 0x31, 0xFF, 0xB7, 0xF6, 0x30,
    0xC0, 0x18, 0x03, 0x00, 0x70, 0x06, 0x00, 0xC0, 0x00, 0x1E, 0x3F, 0x33, 0x73, 0xFF, 0xFE, 0x00,
    0x00, 0x03, 0xC0, 0xFC, 0x19, 0x87, 0x39, 0xF7, 0xB7, 0xF8, 0x30, 0x00, 0x01, 0xC0, 0x10, 0x00,
    0x00, 0x0C, 0x01, 0xD8, 0x1E, 0x03, 0xC0, 0x78, 0x0F, 0x83, 0x3F, 0xE3, 0xF0, 0x00, 0x00, 0x70,
    0x01, 0x00, 0x00, 0x00, 0x0C, 0x00, 0x71, 0x81, 0x98, 0x0F, 0xC0, 0x7E, 0x03, 0x38, 0x30, 0xFF,
    0x83, 0xF8, 0x00, 0x06, 0x60, 0x67, 0x33, 0x3F, 0xE0, 0x00, 0xE0, 0x80, 0x03, 0x06, 0x0C, 0x7E,
    0xFE, 0x00, 0x30, 0x71, 0xF3, 0x6C, 0x78, 0xFF, 0x3E, 0x0C, 0x06, 0x0F, 0x8F, 0xCC, 0xE6, 0x33,
    0xF8, 0x7F, 0x07, 0x80, 0x00, 0x00, 0x1C, 0x0F, 0x0F, 0xC6, 0x73, 0x7D, 0xF7, 0xFF, 0xFF, 0x81,
    0x00, 0x1E, 0x0F, 0x83, 0x61, 0xD8, 0x6E, 0x3F, 0xEF, 0xFD, 0x8C, 0x73, 0x0F, 0xC1, 0xE0, 0x38,
    0xF9, 0xBB, 0x37, 0xEF, 0xC7, 0x8E, 0xF8, 0xE0, 0x38, 0x3E, 0x1B, 0x8C, 0xC7, 0xFB, 0xFC, 0x38,
    0x38, 0xF8, 0x38, 0x00, 0x00, 0xF8, 0x0F, 0x80, 0xE0, 0x06, 0x06, 0x38, 0x60, 0xF3, 0x01, 0xD8,
    0x06, 0xE0, 0x73, 0xFF, 0x0F, 0xE0, 0x60, 0x83, 0x03, 0xEC, 0x07, 0xB0, 0x0C, 0xE0, 0x71, 0xFF,
    0x83, 0xF8, 0x00, 0x00, 0xF8, 0x0F, 0x80, 0xE0, 0x06, 0x06, 0x38, 0x60, 0xF3, 0x01, 0xD8, 0x06,
    0xE0, 0x73, 0xFF, 0x0F, 0xE0, 0x00, 0x00, 0xF0, 0x07, 0x80, 0x00, 0x00, 0x60, 0x83, 0x03, 0xEC,
    0x07, 0xB0, 0x0C, 0xE0, 0x71, 0xFF, 0x83, 0xF8, 0x00, 0x00, 0x0A, 0x00, 0x7C, 0x00, 0x00, 0x00,
    0x18, 0xC6, 0x31, 0xBD, 0xC0, 0x7B, 0xC0, 0x10, 0x30, 0x30, 0xFE, 0xFE, 0x00, 0x78, 0x78, 0x00,
    0x7C, 0x0F, 0x98, 0x03, 0x08, 0x61, 0xCC, 0x1D, 0x81, 0xF0, 0x1E, 0x01, 0xC0, 0x7C, 0x1D, 0x87,
    0xF0, 0xFC, 0xFC, 0x0F, 0xD8, 0x01, 0x82, 0x18, 0x31, 0x83, 0x98, 0x1D, 0x80, 0xF8, 0x07, 0x80,
    0x38, 0x03, 0x83, 0xFF, 0x3E, 0xF0, 0x00, 0x70, 0x18, 0x07, 0x01, 0xC6, 0x41, 0x88, 0x63, 0x98,
    0x76, 0x0F, 0x81, 0xE0, 0x38, 0x1F, 0x0E, 0xC7, 0xF1, 0xF8, 0x60, 0x1C, 0x03, 0x80, 0x79, 0x88,
    0x30, 0x86, 0x18, 0xC3, 0x98, 0x3B, 0x03, 0xE0, 0x3C, 0x03, 0x80, 0x70, 0xFF, 0xDF, 0x78, 0x00,
    0x03, 0x01, 0x90, 0xCE, 0x63, 0xB0, 0xF8, 0x3C, 0x0E, 0x0F, 0x8E, 0xCF, 0xE7, 0xE0, 0x01, 0x81,
    0xC0, 0xF0, 0x78, 0x20, 0x00, 0x03, 0x00, 0x61, 0x0C, 0x31, 0x87, 0x30, 0x76, 0x07, 0xC0, 0x78,
    0x07, 0x00, 0xE1, 0xFF, 0xBE, 0xF0, 0x00, 0x30, 0x0E, 0x01, 0xA0, 0x3C, 0x06, 0x00, 0x03, 0x01,
    0x90, 0xCE, 0x63, 0xB0, 0xF8, 0x3C, 0x0E, 0x0F, 0x8E, 0xCF, 0xE7, 0xE0, 0x03, 0x00, 0x61, 0x0C,
    0x31, 0x87, 0x30, 0x76, 0x07, 0xC0, 0x78, 0x07, 0x00, 0xE1, 0xFF, 0xBE, 0xF0, 0x00, 0xDB, 0x6D,
    0xB6, 0xC0, 0x7C, 0x00, 0x00, 0xCC, 0xE6, 0x33, 0x18, 0xC6, 0x31, 0xC6, 0x30, 0xC7, 0x18, 0x01,
    0x87, 0x0C, 0x18, 0x61, 0x86, 0x1C, 0x71, 0x86, 0x18, 0xC3, 0x18, 0x40, 0x6F, 0x73, 0xEC, 0x67,
    0x70, 0x00, 0x00, 0x67, 0x70, 0x3C, 0x7F, 0xE7, 0x03, 0x07, 0x0E, 0x1C, 0x18, 0x18, 0x00, 0x10,
    0x18, 0x18, 0x00,
};

static const EpdGlyph bevietnampro_8_regularGlyphs[] = {
    { 0, 0, 0, 0, 0, 0, 0 }, // U+0000
    { 0, 0, 160, 0, 0, 0, 0 }, // U+000D
    { 0, 0, 61, 0, 0, 0, 0 }, // U+0020
    { 3, 12, 75, 1, 12, 5, 0 }, // !
    { 5, 3, 85, 1, 12, 2, 5 }, // "
    { 13, 12, 215, 0, 12, 20, 7 }, // #
    { 11, 16, 172, 0, 14, 22, 27 }, // $
    { 13, 12, 226, 1, 12, 20, 49 }, // %
    { 11, 12, 197, 1, 12, 17, 69 }, // &
    { 2, 3, 48, 1, 12, 1, 86 }, // '
    { 7, 19, 117, 0, 15, 17, 87 }, // (
    { 7, 19, 117, 0, 15, 17, 104 }, // )
    { 8, 7, 133, 0, 12, 7, 121 }, // *
    { 7, 6, 162, 2, 8, 6, 128 }, // +
    { 3, 4, 81, 1, 2, 2, 134 }, // ,
    { 7, 3, 162, 2, 7, 3, 136 }, // -
    { 3, 3, 76, 1, 3, 2, 139 }, // .
    { 9, 17, 134, 0, 15, 20, 141 }, // /
    { 11, 12, 180, 0, 12, 17, 161 }, // 0
    { 5, 12, 103, 0, 12, 8, 178 }, // 1
    { 9, 12, 174, 1, 12, 14, 186 }, // 2
    { 9, 12, 176, 1, 12, 14, 200 }, // 3
    { 11, 12, 189, 0, 12, 17, 214 }, // 4
    { 10, 12, 176, 1, 12, 15, 231 }, // 5
    { 10, 12, 181, 1, 12, 15, 246 }, // 6
    { 10, 12, 158, 0, 12, 15, 261 }, // 7
    { 9, 12, 169, 1, 12, 14, 276 }, // 8
    { 10, 12, 181, 1, 12, 15, 290 }, // 9
    { 3, 9, 76, 1, 9, 4, 305 }, // :
    { 3, 12, 81, 1, 9, 5, 309 }, // ;
    { 8, 8, 148, 1, 10, 8, 314 }, // <
    { 9, 7, 194, 2, 9, 8, 322 }, // =
    { 8, 8, 148, 1, 10, 8, 330 }, // >
    { 9, 12, 153, 0, 12, 14, 338 }, // ?
    { 17, 15, 268, 0, 12, 32, 352 }, // @
    { 12, 12, 196, 0, 12, 18, 384 }, // A
    { 10, 12, 180, 1, 12, 15, 402 }, // B
    { 13, 12, 207, 0, 12, 20, 417 }, // C
    { 11, 12, 194, 1, 12, 17, 437 }, // D
    { 9, 12, 165, 1, 12, 14, 454 }, // E
    { 9, 12, 169, 1, 12, 14, 468 }, // F
    { 13, 12, 209, 0, 12, 20, 482 }, // G
    { 10, 12, 189, 1, 12, 15, 502 }, // H
    { 3, 12, 69, 1, 12, 5, 517 }, // I
    { 7, 12, 124, 0, 12, 11, 522 }, // J
    { 10, 12, 181, 1, 12, 15, 533 }, // K
    { 9, 12, 166, 1, 12, 14, 548 }, // L
    { 13, 12, 228, 1, 12, 20, 562 }, // M
    { 11, 12, 195, 1, 12, 17, 582 }, // N
    { 14, 12, 220, 0, 12, 21, 599 }, // O
    { 10, 12, 172, 1, 12, 15, 620 }, // P
    { 14, 12, 219, 0, 12, 21, 635 }, // Q
    { 10, 12, 178, 1, 12, 15, 656 }, // R
    { 10, 12, 169, 0, 12, 15, 671 }, // S
    { 11, 12, 173, 0, 12, 17, 686 }, // T
    { 10, 12, 193, 1, 12, 15, 703 }, // U
    { 12, 12, 188, 0, 12, 18, 718 }, // V
    { 17, 12, 268, 0, 12, 26, 736 }, // W
    { 12, 12, 192, 0, 12, 18, 762 }, // X
    { 11, 12, 177, 0, 12, 17, 780 }, // Y
    { 10, 12, 176, 1, 12, 15, 797 }, // Z
    { 6, 18, 122, 1, 15, 14, 812 }, // [
    { 8, 17, 129, 0, 15, 17, 826 }, // <backslash>
    { 6, 18, 122, 1, 15, 14, 843 }, // ]
    { 6, 3, 149, 2, 13, 3, 857 }, // ^
    { 8, 3, 187, 2, 1, 3, 860 }, // _
    { 4, 3, 54, 0, 13, 2, 863 }, // `
    { 9, 9, 171, 1, 9, 11, 865 }, // a
    { 10, 13, 174, 1, 13, 17, 876 }, // b
    { 9, 9, 164, 1, 9, 11, 893 }, // c
    { 9, 13, 174, 1, 13, 15, 904 }, // d
    { 9, 9, 160, 1, 9, 11, 919 }, // e
    { 7, 13, 103, 0, 13, 12, 930 }, // f
    { 9, 12, 172, 1, 9, 14, 942 }, // g
    { 8, 13, 156, 1, 13, 13, 956 }, // h
    { 3, 13, 70, 1, 13, 5, 969 }, // i
    { 5, 16, 73, -1, 13, 10, 974 }, // j
    { 8, 13, 148, 1, 13, 13, 984 }, // k
    { 2, 13, 68, 1, 13, 4, 997 }, // l
    { 13, 9, 238, 1, 9, 15, 1001 }, // m
    { 8, 9, 153, 1, 9, 9, 1016 }, // n
    { 9, 9, 171, 1, 9, 11, 1025 }, // o
    { 10, 12, 174, 1, 9, 15, 1036 }, // p
    { 9, 12, 174, 1, 9, 14, 1051 }, // q
    { 6, 9, 105, 1, 9, 7, 1065 }, // r
    { 8, 9, 136, 0, 9, 9, 1072 }, // s
    { 7, 11, 114, 0, 11, 10, 1081 }, // t
    { 8, 9, 151, 1, 9, 9, 1091 }, // u
    { 10, 9, 154, 0, 9, 12, 1100 }, // v
    { 15, 9, 232, 0, 9, 17, 1112 }, // w
    { 9, 9, 149, 0, 9, 11, 1129 }, // x
    { 10, 12, 156, 0, 9, 15, 1140 }, // y
    { 8, 9, 134, 0, 9, 9, 1155 }, // z
    { 7, 18, 114, 0, 15, 16, 1164 }, // {
    { 3, 20, 109, 2, 16, 8, 1180 }, // |
    { 7, 18, 114, 0, 15, 16, 1188 }, // }
    { 6, 3, 125, 1, 7, 3, 1204 }, // ~
    { 0, 0, 61, 0, 0, 0, 1207 }, // U+00A0
    { 3, 12, 75, 1, 9, 5, 1207 }, // U+00A1
    { 9, 12, 164, 1, 11, 14, 1212 }, // U+00A2
    { 10, 12, 162, 0, 12, 15, 1226 }, // U+00A3
    { 10, 9, 158, 0, 11, 12, 1241 }, // U+00A4
    { 11, 12, 177, 0, 12, 17, 1253 }, // U+00A5
    { 3, 20, 109, 2, 16, 8, 1270 }, // U+00A6
    { 11, 20, 185, 0, 15, 28, 1278 }, // U+00A7
    { 6, 3, 71, 0, 13, 3, 1306 }, // U+00A8
    { 14, 14, 220, 0, 13, 25, 1309 }, // U+00A9
    { 5, 7, 113, 1, 14, 5, 1334 }, // U+00AA
    { 11, 7, 172, 0, 9, 10, 1339 }, // U+00AB
    { 9, 5, 175, 1, 9, 6, 1349 }, // U+00AC
    { 7, 3, 160, 2, 7, 3, 1355 }, // U+00AD
    { 7, 8, 116, 0, 13, 7, 1358 }, // U+00AE
    { 6, 3, 91, 0, 13, 3, 1365 }, // U+00AF
    { 7, 8, 127, 1, 14, 7, 1368 }, // U+00B0
    { 7, 9, 173, 2, 9, 8, 1375 }, // U+00B1
    { 6, 7, 116, 1, 14, 6, 1383 }, // U+00B2
    { 6, 7, 118, 1, 14, 6, 1389 }, // U+00B3
    { 4, 3, 54, -1, 13, 2, 1395 }, // U+00B4
    { 11, 12, 161, 0, 9, 17, 1397 }, // U+00B5
    { 8, 13, 134, 0, 13, 13, 1414 }, // U+00B6
    { 3, 3, 68, 1, 8, 2, 1427 }, // U+00B7
    { 4, 6, 62, 0, 1, 3, 1429 }, // U+00B8
    { 4, 7, 84, 0, 14, 4, 1432 }, // U+00B9
    { 6, 7, 122, 1, 14, 6, 1436 }, // U+00BA
    { 11, 7, 172, 0, 9, 10, 1442 }, // U+00BB
    { 15, 13, 208, 0, 12, 25, 1452 }, // U+00BC
    { 15, 13, 213, 0, 12, 25, 1477 }, // U+00BD
    { 16, 13, 213, 0, 12, 26, 1502 }, // U+00BE
    { 9, 13, 153, 0, 9, 15, 1528 }, // U+00BF
    { 12, 17, 196, 0, 17, 26, 1543 }, // U+00C0
    { 12, 17, 196, 0, 17, 26, 1569 }, // U+00C1
    { 12, 16, 196, 0, 16, 24, 1595 }, // U+00C2
    { 12, 16, 196, 0, 16, 24, 1619 }, // U+00C3
    { 12, 16, 196, 0, 16, 24, 1643 }, // U+00C4
    { 12, 19, 196, 0, 19, 29, 1667 }, // U+00C5
    { 17, 12, 272, 0, 12, 26, 1696 }, // U+00C6
    { 13, 17, 207, 0, 12, 28, 1722 }, // U+00C7
    { 9, 17, 168, 1, 17, 20, 1750 }, // U+00C8
    { 9, 17, 168, 1, 17, 20, 1770 }, // U+00C9
    { 9, 16, 168, 1, 16, 18, 1790 }, // U+00CA
    { 9, 16, 168, 1, 16, 18, 1808 }, // U+00CB
    { 4, 17, 74, 0, 17, 9, 1826 }, // U+00CC
    { 4, 17, 74, 1, 17, 9, 1835 }, // U+00CD
    { 7, 17, 74, -1, 17, 15, 1844 }, // U+00CE
    { 7, 16, 74, -1, 16, 14, 1859 }, // U+00CF
    { 13, 12, 210, 0, 12, 20, 1873 }, // U+00D0
    { 11, 16, 201, 1, 16, 22, 1893 }, // U+00D1
    { 14, 17, 220, 0, 17, 30, 1915 }, // U+00D2
    { 14, 17, 220, 0, 17, 30, 1945 }, // U+00D3
    { 14, 17, 220, 0, 17, 30, 1975 }, // U+00D4
    { 14, 16, 220, 0, 16, 28, 2005 }, // U+00D5
    { 14, 17, 220, 0, 17, 30, 2033 }, // U+00D6
    { 6, 7, 154, 2, 9, 6, 2063 }, // U+00D7
    { 14, 12, 220, 0, 12, 21, 2069 }, // U+00D8
    { 11, 17, 199, 1, 17, 24, 2090 }, // U+00D9
    { 11, 17, 199, 1, 17, 24, 2114 }, // U+00DA
    { 11, 17, 199, 1, 17, 24, 2138 }, // U+00DB
    { 11, 16, 199, 1, 16, 22, 2162 }, // U+00DC
    { 11, 17, 177, 0, 17, 24, 2184 }, // U+00DD
    { 10, 12, 172, 1, 12, 15, 2208 }, // U+00DE
    { 10, 12, 180, 1, 12, 15, 2223 }, // U+00DF
    { 9, 13, 174, 1, 13, 15, 2238 }, // U+00E0
    { 9, 13, 174, 1, 13, 15, 2253 }, // U+00E1
    { 9, 13, 174, 1, 13, 15, 2268 }, // U+00E2
    { 9, 12, 174, 1, 12, 14, 2283 }, // U+00E3
    { 9, 12, 174, 1, 12, 14, 2297 }, // U+00E4
    { 9, 15, 174, 1, 15, 17, 2311 }, // U+00E5
    { 15, 9, 258, 1, 9, 17, 2328 }, // U+00E6
    { 9, 14, 166, 1, 9, 16, 2345 }, // U+00E7
    { 9, 14, 162, 1, 14, 16, 2361 }, // U+00E8
    { 9, 14, 162, 1, 14, 16, 2377 }, // U+00E9
    { 9, 13, 162, 1, 13, 15, 2393 }, // U+00EA
    { 9, 12, 162, 1, 12, 14, 2408 }, // U+00EB
    { 5, 13, 74, -1, 13, 9, 2422 }, // U+00EC
    { 4, 13, 74, 1, 13, 7, 2431 }, // U+00ED
    { 7, 13, 74, -1, 13, 12, 2438 }, // U+00EE
    { 7, 12, 74, -1, 12, 11, 2450 }, // U+00EF
    { 9, 14, 171, 1, 14, 16, 2461 }, // U+00F0
    { 8, 12, 160, 1, 12, 12, 2477 }, // U+00F1
    { 9, 14, 174, 1, 14, 16, 2489 }, // U+00F2
    { 9, 14, 174, 1, 14, 16, 2505 }, // U+00F3
    { 9, 13, 174, 1, 13, 15, 2521 }, // U+00F4
    { 9, 13, 174, 1, 13, 15, 2536 }, // U+00F5
    { 9, 12, 174, 1, 12, 14, 2551 }, // U+00F6
    { 8, 8, 177, 2, 9, 8, 2565 }, // U+00F7
    { 9, 11, 171, 1, 10, 13, 2573 }, // U+00F8
    { 8, 14, 158, 1, 14, 14, 2586 }, // U+00F9
    { 8, 14, 158, 1, 14, 14, 2600 }, // U+00FA
    { 8, 13, 158, 1, 13, 13, 2614 }, // U+00FB
    { 8, 12, 158, 1, 12, 12, 2627 }, // U+00FC
    { 10, 17, 156, 0, 14, 22, 2639 }, // U+00FD
    { 10, 16, 174, 1, 13, 20, 2661 }, // U+00FE
    { 10, 15, 156, 0, 12, 19, 2681 }, // U+00FF
    { 12, 16, 196, 0, 16, 24, 2700 }, // U+0100
    { 9, 13, 174, 1, 13, 15, 2724 }, // U+0101
    { 12, 16, 196, 0, 16, 24, 2739 }, // U+0102
    { 9, 13, 174, 1, 13, 15, 2763 }, // U+0103
    { 13, 16, 196, 0, 12, 26, 2778 }, // U+0104
    { 10, 13, 174, 1, 9, 17, 2804 }, // U+0105
    { 13, 17, 207, 0, 17, 28, 2821 }, // U+0106
    { 9, 13, 166, 1, 13, 15, 2849 }, // U+0107
    { 13, 17, 207, 0, 17, 28, 2864 }, // U+010A
    { 9, 13, 166, 1, 13, 15, 2892 }, // U+010B
    { 13, 17, 207, 0, 17, 28, 2907 }, // U+010C
    { 9, 13, 166, 1, 13, 15, 2935 }, // U+010D
    { 11, 16, 197, 1, 16, 22, 2950 }, // U+010E
    { 12, 13, 187, 1, 13, 20, 2972 }, // U+010F
    { 13, 12, 210, 0, 12, 20, 2992 }, // U+0110
    { 11, 13, 177, 1, 13, 18, 3012 }, // U+0111
    { 9, 16, 168, 1, 16, 18, 3030 }, // U+0112
    { 9, 13, 162, 1, 13, 15, 3048 }, // U+0113
    { 9, 17, 168, 1, 17, 20, 3063 }, // U+0116
    { 9, 12, 162, 1, 12, 14, 3083 }, // U+0117
    { 10, 16, 168, 1, 12, 20, 3097 }, // U+0118
    { 9, 12, 162, 1, 9, 14, 3117 }, // U+0119
    { 9, 16, 168, 1, 16, 18, 3131 }, // U+011A
    { 9, 13, 162, 1, 13, 15, 3149 }, // U+011B
    { 13, 17, 209, 0, 17, 28, 3164 }, // U+011E
    { 9, 16, 176, 1, 13, 18, 3192 }, // U+011F
    { 13, 17, 209, 0, 17, 28, 3210 }, // U+0120
    { 9, 16, 176, 1, 13, 18, 3238 }, // U+0121
    { 11, 16, 194, 0, 12, 22, 3256 }, // U+0122
    { 9, 16, 162, 0, 12, 18, 3278 }, // U+0123
    { 13, 12, 207, 0, 12, 20, 3296 }, // U+0126
    { 10, 13, 166, 0, 13, 17, 3316 }, // U+0127
    { 7, 16, 74, -1, 16, 14, 3333 }, // U+0128
    { 7, 12, 74, -1, 12, 11, 3347 }, // U+0129
    { 6, 16, 74, -1, 16, 12, 3358 }, // U+012A
    { 6, 13, 74, -1, 13, 10, 3370 }, // U+012B
    { 4, 16, 74, 0, 12, 8, 3380 }, // U+012E
    { 4, 17, 74, 0, 13, 9, 3388 }, // U+012F
    { 3, 17, 74, 1, 17, 7, 3397 }, // U+0130
    { 3, 9, 74, 1, 9, 4, 3404 }, // U+0131
    { 10, 16, 162, 1, 12, 20, 3408 }, // U+0136
    { 8, 16, 142, 1, 12, 16, 3428 }, // U+0137
    { 9, 17, 169, 1, 17, 20, 3444 }, // U+0139
    { 4, 17, 73, 1, 17, 9, 3464 }, // U+013A
    { 8, 16, 143, 1, 12, 16, 3473 }, // U+013B
    { 3, 16, 67, 1, 12, 6, 3489 }, // U+013C
    { 11, 16, 169, -1, 16, 22, 3495 }, // U+013D
    { 6, 13, 84, 1, 13, 10, 3517 }, // U+013E
    { 10, 12, 173, 0, 12, 15, 3527 }, // U+0141
    { 7, 13, 112, 0, 13, 12, 3542 }, // U+0142
    { 11, 17, 201, 1, 17, 24, 3554 }, // U+0143
    { 8, 13, 160, 1, 13, 13, 3578 }, // U+0144
    { 10, 16, 200, 1, 12, 20, 3591 }, // U+0145
    { 8, 13, 162, 1, 9, 13, 3611 }, // U+0146
    { 11, 16, 201, 1, 16, 22, 3624 }, // U+0147
    { 8, 13, 160, 1, 13, 13, 3646 }, // U+0148
    { 11, 16, 203, 1, 12, 22, 3659 }, // U+014A
    { 8, 14, 165, 1, 10, 14, 3681 }, // U+014B
    { 14, 16, 220, 0, 16, 28, 3695 }, // U+014C
    { 9, 13, 174, 1, 13, 15, 3723 }, // U+014D
    { 14, 17, 220, 0, 17, 30, 3738 }, // U+0150
    { 9, 13, 174, 1, 13, 15, 3768 }, // U+0151
    { 16, 12, 267, 0, 12, 24, 3783 }, // U+0152
    { 16, 9, 273, 1, 9, 18, 3807 }, // U+0153
    { 10, 17, 181, 1, 17, 22, 3825 }, // U+0154
    { 6, 13, 113, 1, 13, 10, 3847 }, // U+0155
    { 10, 16, 166, 1, 12, 20, 3857 }, // U+0156
    { 6, 14, 110, 1, 10, 11, 3877 }, // U+0157
    { 10, 16, 181, 1, 16, 20, 3888 }, // U+0158
    { 7, 13, 113, 0, 13, 12, 3908 }, // U+0159
    { 10, 17, 169, 0, 17, 22, 3920 }, // U+015A
    { 8, 13, 138, 0, 13, 13, 3942 }, // U+015B
    { 10, 17, 169, 0, 12, 22, 3955 }, // U+015E
    { 8, 14, 138, 0, 9, 14, 3977 }, // U+015F
    { 10, 16, 169, 0, 16, 20, 3991 }, // U+0160
    { 8, 12, 138, 0, 12, 12, 4011 }, // U+0161
    { 11, 17, 173, 0, 12, 24, 4023 }, // U+0162
    { 7, 16, 114, 0, 11, 14, 4047 }, // U+0163
    { 11, 16, 173, 0, 16, 22, 4061 }, // U+0164
    { 7, 14, 104, 0, 14, 13, 4083 }, // U+0165
    { 11, 12, 173, 0, 12, 17, 4096 }, // U+0166
    { 7, 11, 114, 0, 11, 10, 4113 }, // U+0167
    { 11, 16, 199, 1, 16, 22, 4123 }, // U+0168
    { 8, 13, 158, 1, 13, 13, 4145 }, // U+0169
    { 11, 16, 199, 1, 16, 22, 4158 }, // U+016A
    { 8, 13, 158, 1, 13, 13, 4180 }, // U+016B
    { 10, 17, 195, 1, 16, 22, 4193 }, // U+016C
    { 8, 14, 165, 1, 13, 14, 4215 }, // U+016D
    { 11, 19, 199, 1, 19, 27, 4229 }, // U+016E
    { 8, 16, 158, 1, 16, 16, 4256 }, // U+016F
    { 11, 17, 199, 1, 17, 24, 4272 }, // U+0170
    { 8, 13, 158, 1, 13, 13, 4296 }, // U+0171
    { 11, 15, 199, 1, 12, 21, 4309 }, // U+0172
    { 9, 13, 158, 1, 9, 15, 4330 }, // U+0173
    { 17, 17, 260, 0, 17, 37, 4345 }, // U+0174
    { 15, 13, 232, 0, 13, 25, 4382 }, // U+0175
    { 11, 17, 177, 0, 17, 24, 4407 }, // U+0176
    { 10, 16, 156, 0, 13, 20, 4431 }, // U+0177
    { 11, 16, 177, 0, 16, 22, 4451 }, // U+0178
    { 10, 17, 176, 1, 17, 22, 4473 }, // U+0179
    { 8, 13, 134, 0, 13, 13, 4495 }, // U+017A
    { 10, 17, 176, 1, 17, 22, 4508 }, // U+017B
    { 8, 12, 134, 0, 12, 12, 4530 }, // U+017C
    { 10, 16, 176, 1, 16, 20, 4542 }, // U+017D
    { 8, 13, 134, 0, 13, 13, 4562 }, // U+017E
    { 14, 14, 220, 0, 14, 25, 4575 }, // U+01A0
    { 9, 11, 171, 1, 11, 13, 4600 }, // U+01A1
    { 13, 14, 199, 1, 14, 23, 4613 }, // U+01AF
    { 10, 11, 154, 1, 11, 14, 4636 }, // U+01B0
    { 13, 17, 209, 0, 17, 28, 4650 }, // U+01E6
    { 9, 16, 176, 1, 13, 18, 4678 }, // U+01E7
    { 9, 16, 148, 0, 12, 18, 4696 }, // U+0218
    { 8, 13, 128, 0, 9, 13, 4714 }, // U+0219
    { 9, 16, 143, 0, 12, 18, 4727 }, // U+021A
    { 6, 15, 99, 0, 11, 12, 4745 }, // U+021B
    { 4, 3, 0, 0, 13, 2, 4757 }, // U+0300
    { 4, 3, 0, 0, 13, 2, 4759 }, // U+0301
    { 6, 3, 0, 0, 13, 3, 4761 }, // U+0302
    { 6, 3, 0, 0, 12, 3, 4764 }, // U+0303
    { 6, 3, 0, 0, 13, 3, 4767 }, // U+0304
    { 6, 4, 0, 0, 13, 3, 4770 }, // U+0306
    { 3, 3, 0, 1, 13, 2, 4773 }, // U+0307
    { 6, 3, 0, 1, 13, 3, 4775 }, // U+0308
    { 4, 5, 0, 0, 15, 3, 4778 }, // U+0309
    { 5, 6, 0, 1, 15, 4, 4781 }, // U+030A
    { 6, 3, 0, 0, 13, 3, 4785 }, // U+030B
    { 6, 3, 0, 0, 13, 3, 4788 }, // U+030C
    { 3, 4, 0, 0, 14, 2, 4791 }, // U+0312
    { 5, 4, 0, 1, 11, 3, 4793 }, // U+031B
    { 3, 3, 0, 0, -1, 2, 4796 }, // U+0323
    { 3, 4, 0, 1, 0, 2, 4798 }, // U+0326
    { 4, 6, 0, 0, 1, 3, 4800 }, // U+0327
    { 4, 5, 0, 0, 1, 3, 4803 }, // U+0328
    { 0, 0, 0, 0, 0, 0, 4806 }, // U+034F
    { 10, 10, 169, 0, 10, 13, 4806 }, // U+05D0
    { 9, 10, 153, 0, 10, 12, 4819 }, // U+05D1
    { 6, 11, 100, 0, 10, 9, 4831 }, // U+05D2
    { 9, 10, 145, 0, 10, 12, 4840 }, // U+05D3
    { 10, 10, 167, 0, 10, 13, 4852 }, // U+05D4
    { 4, 10, 80, 0, 10, 5, 4865 }, // U+05D5
    { 5, 10, 88, 0, 10, 7, 4870 }, // U+05D6
    { 10, 10, 177, 0, 10, 13, 4877 }, // U+05D7
    { 10, 10, 169, 0, 10, 13, 4890 }, // U+05D8
    { 4, 6, 79, 0, 10, 3, 4903 }, // U+05D9
    { 8, 13, 145, 0, 10, 13, 4906 }, // U+05DA
    { 8, 10, 137, 0, 10, 10, 4919 }, // U+05DB
    { 9, 13, 139, 0, 13, 15, 4929 }, // U+05DC
    { 11, 10, 182, 0, 10, 14, 4944 }, // U+05DD
    { 11, 10, 176, 0, 10, 14, 4958 }, // U+05DE
    { 4, 13, 88, 0, 10, 7, 4972 }, // U+05DF
    { 6, 10, 101, 0, 10, 8, 4979 }, // U+05E0
    { 10, 10, 172, 0, 10, 13, 4987 }, // U+05E1
    { 10, 12, 158, 0, 11, 15, 5000 }, // U+05E2
    { 10, 13, 165, 0, 10, 17, 5015 }, // U+05E3
    { 10, 10, 160, 0, 10, 13, 5032 }, // U+05E4
    { 9, 13, 141, 0, 10, 15, 5045 }, // U+05E5
    { 9, 10, 148, 0, 10, 12, 5060 }, // U+05E6
    { 9, 13, 167, 1, 10, 15, 5072 }, // U+05E7
    { 8, 10, 140, 0, 10, 10, 5087 }, // U+05E8
    { 11, 10, 195, 1, 10, 14, 5097 }, // U+05E9
    { 11, 10, 183, 0, 10, 14, 5111 }, // U+05EA
    { 3, 5, 87, 1, 4, 2, 5125 }, // U+060C
    { 3, 10, 92, 1, 9, 4, 5127 }, // U+061B
    { 7, 14, 116, 0, 13, 13, 5131 }, // U+061F
    { 7, 7, 110, 0, 6, 7, 5144 }, // U+0621
    { 6, 3, 72, 0, 2, 3, 5151 }, // U+0640
    { 4, 5, 0, 0, 14, 3, 5154 }, // U+0654
    { 4, 4, 153, 3, 7, 2, 5157 }, // U+0660
    { 4, 13, 153, 3, 12, 7, 5159 }, // U+0661
    { 8, 13, 153, 1, 12, 13, 5166 }, // U+0662
    { 9, 13, 153, 0, 12, 15, 5179 }, // U+0663
    { 8, 13, 153, 1, 12, 13, 5194 }, // U+0664
    { 8, 10, 153, 1, 9, 10, 5207 }, // U+0665
    { 8, 13, 153, 1, 12, 13, 5217 }, // U+0666
    { 10, 13, 153, 0, 12, 17, 5230 }, // U+0667
    { 10, 13, 153, 0, 12, 17, 5247 }, // U+0668
    { 8, 13, 153, 1, 12, 13, 5264 }, // U+0669
    { 11, 10, 183, 0, 6, 14, 5277 }, // U+06BA
    { 5, 2, 80, 0, 2, 2, 5291 }, // U+06D4
    { 7, 8, 108, 0, 8, 7, 5293 }, // U+06D5
    { 4, 4, 153, 3, 7, 2, 5300 }, // U+06F0
    { 4, 13, 153, 3, 12, 7, 5302 }, // U+06F1
    { 8, 13, 153, 1, 12, 13, 5309 }, // U+06F2
    { 9, 13, 153, 0, 12, 15, 5322 }, // U+06F3
    { 8, 12, 153, 1, 12, 12, 5337 }, // U+06F4
    { 8, 12, 153, 1, 12, 12, 5349 }, // U+06F5
    { 7, 13, 153, 1, 12, 12, 5361 }, // U+06F6
    { 10, 13, 153, 0, 12, 17, 5373 }, // U+06F7
    { 10, 13, 153, 0, 12, 17, 5390 }, // U+06F8
    { 8, 13, 153, 1, 12, 13, 5407 }, // U+06F9
    { 12, 16, 196, 0, 12, 24, 5420 }, // U+1EA0
    { 9, 13, 174, 1, 9, 15, 5444 }, // U+1EA1
    { 12, 18, 196, 0, 18, 27, 5459 }, // U+1EA2
    { 9, 15, 174, 1, 15, 17, 5486 }, // U+1EA3
    { 12, 19, 196, 0, 19, 29, 5503 }, // U+1EA4
    { 10, 16, 174, 1, 16, 20, 5532 }, // U+1EA5
    { 12, 19, 196, 0, 19, 29, 5552 }, // U+1EA6
    { 9, 15, 174, 1, 15, 17, 5581 }, // U+1EA7
    { 12, 20, 196, 0, 20, 30, 5598 }, // U+1EA8
    { 10, 17, 174, 1, 17, 22, 5628 }, // U+1EA9
    { 12, 19, 196, 0, 19, 29, 5650 }, // U+1EAA
    { 9, 17, 174, 1, 17, 20, 5679 }, // U+1EAB
    { 12, 20, 196, 0, 16, 30, 5699 }, // U+1EAC
    { 9, 17, 174, 1, 13, 20, 5729 }, // U+1EAD
    { 12, 20, 196, 0, 20, 30, 5749 }, // U+1EAE
    { 9, 16, 174, 1, 16, 18, 5779 }, // U+1EAF
    { 12, 20, 196, 0, 20, 30, 5797 }, // U+1EB0
    { 9, 16, 174, 1, 16, 18, 5827 }, // U+1EB1
    { 12, 21, 196, 0, 21, 32, 5845 }, // U+1EB2
    { 9, 18, 174, 1, 18, 21, 5877 }, // U+1EB3
    { 12, 19, 196, 0, 19, 29, 5898 }, // U+1EB4
    { 9, 17, 174, 1, 17, 20, 5927 }, // U+1EB5
    { 12, 20, 196, 0, 16, 30, 5947 }, // U+1EB6
    { 9, 17, 174, 1, 13, 20, 5977 }, // U+1EB7
    { 9, 16, 168, 1, 12, 18, 5997 }, // U+1EB8
    { 9, 13, 162, 1, 9, 15, 6015 }, // U+1EB9
    { 9, 18, 168, 1, 18, 21, 6030 }, // U+1EBA
    { 9, 15, 162, 1, 15, 17, 6051 }, // U+1EBB
    { 9, 16, 168, 1, 16, 18, 6068 }, // U+1EBC
    { 9, 13, 162, 1, 13, 15, 6086 }, // U+1EBD
    { 10, 19, 168, 1, 19, 24, 6101 }, // U+1EBE
    { 10, 16, 162, 1, 16, 20, 6125 }, // U+1EBF
    { 9, 19, 168, 1, 19, 22, 6145 }, // U+1EC0
    { 9, 15, 162, 1, 15, 17, 6167 }, // U+1EC1
    { 10, 20, 168, 1, 20, 25, 6184 }, // U+1EC2
    { 9, 17, 162, 1, 17, 20, 6209 }, // U+1EC3
    { 9, 19, 168, 1, 19, 22, 6229 }, // U+1EC4
    { 9, 17, 162, 1, 17, 20, 6251 }, // U+1EC5
    { 9, 20, 168, 1, 16, 23, 6271 }, // U+1EC6
    { 9, 17, 162, 1, 13, 20, 6294 }, // U+1EC7
    { 5, 18, 74, 0, 18, 12, 6314 }, // U+1EC8
    { 5, 15, 74, 0, 15, 10, 6326 }, // U+1EC9
    { 3, 16, 74, 1, 12, 6, 6336 }, // U+1ECA
    { 3, 17, 74, 1, 13, 7, 6342 }, // U+1ECB
    { 14, 16, 220, 0, 12, 28, 6349 }, // U+1ECC
    { 9, 13, 174, 1, 9, 15, 6377 }, // U+1ECD
    { 14, 19, 220, 0, 19, 34, 6392 }, // U+1ECE
    { 9, 15, 174, 1, 15, 17, 6426 }, // U+1ECF
    { 14, 19, 220, 0, 19, 34, 6443 }, // U+1ED0
    { 10, 16, 174, 1, 16, 20, 6477 }, // U+1ED1
    { 14, 19, 220, 0, 19, 34, 6497 }, // U+1ED2
    { 9, 15, 174, 1, 15, 17, 6531 }, // U+1ED3
    { 14, 21, 220, 0, 21, 37, 6548 }, // U+1ED4
    { 10, 17, 174, 1, 17, 22, 6585 }, // U+1ED5
    { 14, 19, 220, 0, 19, 34, 6607 }, // U+1ED6
    { 9, 16, 174, 1, 16, 18, 6641 }, // U+1ED7
    { 14, 21, 220, 0, 17, 37, 6659 }, // U+1ED8
    { 9, 17, 174, 1, 13, 20, 6696 }, // U+1ED9
    { 14, 17, 220, 0, 17, 30, 6716 }, // U+1EDA
    { 9, 14, 174, 1, 14, 16, 6746 }, // U+1EDB
    { 14, 17, 220, 0, 17, 30, 6762 }, // U+1EDC
    { 9, 14, 174, 1, 14, 16, 6792 }, // U+1EDD
    { 14, 19, 220, 0, 19, 34, 6808 }, // U+1EDE
    { 9, 15, 174, 1, 15, 17, 6842 }, // U+1EDF
    { 14, 16, 220, 0, 16, 28, 6859 }, // U+1EE0
    { 9, 13, 174, 1, 13, 15, 6887 }, // U+1EE1
    { 14, 18, 220, 0, 14, 32, 6902 }, // U+1EE2
    { 9, 15, 174, 1, 11, 17, 6934 }, // U+1EE3
    { 11, 16, 199, 1, 12, 22, 6951 }, // U+1EE4
    { 8, 13, 158, 1, 9, 13, 6973 }, // U+1EE5
    { 11, 19, 199, 1, 19, 27, 6986 }, // U+1EE6
    { 8, 15, 158, 1, 15, 15, 7013 }, // U+1EE7
    { 13, 17, 199, 1, 17, 28, 7028 }, // U+1EE8
    { 10, 14, 158, 1, 14, 18, 7056 }, // U+1EE9
    { 13, 17, 199, 1, 17, 28, 7074 }, // U+1EEA
    { 10, 14, 158, 1, 14, 18, 7102 }, // U+1EEB
    { 13, 19, 199, 1, 19, 31, 7120 }, // U+1EEC
    { 10, 15, 158, 1, 15, 19, 7151 }, // U+1EED
    { 13, 16, 199, 1, 16, 26, 7170 }, // U+1EEE
    { 10, 13, 158, 1, 13, 17, 7196 }, // U+1EEF
    { 13, 18, 199, 1, 14, 30, 7213 }, // U+1EF0
    { 10, 15, 158, 1, 11, 19, 7243 }, // U+1EF1
    { 11, 17, 177, 0, 17, 24, 7262 }, // U+1EF2
    { 10, 17, 156, 0, 14, 22, 7286 }, // U+1EF3
    { 11, 16, 177, 0, 12, 22, 7308 }, // U+1EF4
    { 10, 13, 156, 0, 9, 17, 7330 }, // U+1EF5
    { 11, 18, 177, 0, 18, 25, 7347 }, // U+1EF6
    { 10, 18, 156, 0, 15, 23, 7372 }, // U+1EF7
    { 11, 16, 177, 0, 16, 22, 7395 }, // U+1EF8
    { 10, 16, 156, 0, 13, 20, 7417 }, // U+1EF9
    { 0, 0, 35, 0, 0, 0, 7437 }, // U+2009
    { 0, 0, 0, 0, 0, 0, 7437 }, // U+200B
    { 2, 12, 0, -1, 11, 3, 7437 }, // U+200C
    { 4, 12, 0, -2, 11, 6, 7440 }, // U+200D
    { 5, 14, 0, -1, 12, 9, 7446 }, // U+200E
    { 5, 14, 0, -4, 12, 9, 7455 }, // U+200F
    { 5, 2, 86, 0, 5, 2, 7464 }, // U+2010
    { 5, 3, 86, 0, 6, 2, 7466 }, // U+2011
    { 8, 3, 182, 2, 7, 3, 7468 }, // U+2013
    { 11, 3, 232, 2, 7, 5, 7471 }, // U+2014
    { 3, 4, 77, 1, 12, 2, 7476 }, // U+2018
    { 4, 4, 58, 0, 12, 2, 7478 }, // U+2019
    { 3, 4, 78, 1, 2, 2, 7480 }, // U+201A
    { 7, 4, 99, -1, 12, 4, 7482 }, // U+201C
    { 6, 4, 109, 1, 12, 3, 7486 }, // U+201D
    { 6, 4, 128, 1, 2, 3, 7489 }, // U+201E
    { 8, 9, 182, 2, 13, 9, 7492 }, // U+2020
    { 8, 9, 182, 2, 13, 9, 7501 }, // U+2021
    { 6, 5, 148, 2, 9, 4, 7510 }, // U+2022
    { 11, 3, 194, 1, 3, 5, 7514 }, // U+2026
    { 0, 0, 35, 0, 0, 0, 7519 }, // U+202F
    { 19, 12, 327, 1, 12, 29, 7519 }, // U+2030
    { 7, 7, 108, 0, 9, 7, 7548 }, // U+2039
    { 7, 7, 108, 0, 9, 7, 7555 }, // U+203A
    { 10, 12, 149, 0, 12, 15, 7562 }, // U+2044
    { 3, 10, 92, 1, 9, 4, 7577 }, // U+204F
    { 7, 7, 117, 0, 14, 7, 7581 }, // U+2070
    { 6, 7, 124, 1, 14, 6, 7588 }, // U+2074
    { 6, 7, 111, 0, 14, 6, 7594 }, // U+2075
    { 6, 7, 125, 1, 14, 6, 7600 }, // U+2076
    { 7, 7, 109, 0, 14, 7, 7606 }, // U+2077
    { 6, 7, 111, 1, 14, 6, 7613 }, // U+2078
    { 6, 7, 125, 1, 14, 6, 7619 }, // U+2079
    { 7, 6, 117, 0, 3, 6, 7625 }, // U+2080
    { 4, 6, 84, 0, 3, 3, 7631 }, // U+2081
    { 6, 6, 116, 1, 3, 5, 7634 }, // U+2082
    { 6, 6, 118, 1, 3, 5, 7639 }, // U+2083
    { 7, 6, 121, 0, 3, 6, 7644 }, // U+2084
    { 6, 6, 114, 1, 3, 5, 7650 }, // U+2085
    { 6, 6, 125, 1, 3, 5, 7655 }, // U+2086
    { 7, 6, 103, 0, 3, 6, 7660 }, // U+2087
    { 6, 6, 111, 1, 3, 5, 7666 }, // U+2088
    { 6, 6, 125, 1, 3, 5, 7671 }, // U+2089
    { 11, 11, 211, 1, 11, 16, 7676 }, // U+20AA
    { 10, 12, 158, 0, 12, 15, 7692 }, // U+20AB
    { 12, 12, 194, 0, 12, 18, 7707 }, // U+20AC
    { 7, 2, 170, 2, 6, 2, 7725 }, // U+2212
    { 9, 13, 129, 0, 13, 15, 7727 }, // U+2215
    { 11, 12, 166, 0, 12, 17, 7742 }, // U+221A
    { 6, 7, 150, 2, 9, 6, 7759 }, // U+2248
    { 9, 11, 194, 2, 11, 13, 7765 }, // U+2260
    { 8, 11, 152, 1, 10, 11, 7778 }, // U+2264
    { 8, 11, 152, 1, 10, 11, 7789 }, // U+2265
    { 6, 5, 267, 0, 4, 4, 7800 }, // U+3001
    { 6, 7, 267, 0, 5, 6, 7804 }, // U+3002
    { 16, 3, 267, 0, 8, 6, 7810 }, // U+4E00
    { 16, 15, 267, 0, 14, 30, 7816 }, // U+4E0A
    { 16, 15, 267, 0, 13, 30, 7846 }, // U+4E0B
    { 16, 15, 267, 0, 13, 30, 7876 }, // U+4E0D
    { 15, 16, 267, 0, 14, 30, 7906 }, // U+4E0E
    { 16, 15, 267, 0, 14, 30, 7936 }, // U+4E14
    { 16, 16, 267, 0, 14, 32, 7966 }, // U+4E22
    { 15, 15, 267, 1, 13, 29, 7998 }, // U+4E24
    { 17, 17, 267, 0, 15, 37, 8027 }, // U+4E2A
    { 15, 16, 267, 1, 14, 30, 8064 }, // U+4E2D
    { 14, 16, 267, 1, 14, 28, 8094 }, // U+4E32
    { 16, 16, 267, 0, 14, 32, 8122 }, // U+4E3A
    { 16, 15, 267, 0, 14, 30, 8154 }, // U+4E3B
    { 17, 17, 267, 0, 15, 37, 8184 }, // U+4E49
    { 17, 17, 267, 0, 15, 37, 8221 }, // U+4E4B
    { 14, 15, 267, 1, 13, 27, 8258 }, // U+4E60
    { 15, 16, 267, 1, 14, 30, 8285 }, // U+4E66
    { 16, 12, 267, 0, 12, 24, 8315 }, // U+4E8C
    { 16, 15, 267, 0, 13, 30, 8339 }, // U+4E8E
    { 16, 15, 267, 0, 14, 30, 8369 }, // U+4E92
    { 16, 17, 267, 0, 15, 34, 8399 }, // U+4EA4
    { 16, 17, 267, 0, 15, 34, 8433 }, // U+4EAE
    { 17, 16, 267, 0, 14, 34, 8467 }, // U+4EBA
    { 17, 16, 267, 0, 14, 34, 8501 }, // U+4EC5
    { 17, 17, 267, 0, 15, 37, 8535 }, // U+4ECA
    { 16, 16, 267, 0, 14, 32, 8572 }, // U+4ECE
    { 17, 16, 267, 0, 14, 34, 8604 }, // U+4ED6
    { 16, 16, 267, 1, 14, 32, 8638 }, // U+4EE5
    { 16, 16, 267, 0, 14, 32, 8670 }, // U+4EF6
    { 16, 16, 267, 0, 14, 32, 8702 }, // U+4EFB
    { 17, 16, 267, 0, 14, 34, 8734 }, // U+4F11
    { 16, 16, 267, 0, 14, 32, 8768 }, // U+4F20
    { 16, 16, 267, 0, 14, 32, 8800 }, // U+4F30
    { 16, 17, 267, 0, 15, 34, 8832 }, // U+4F4D
    { 17, 16, 267, 0, 14, 34, 8866 }, // U+4F53
    { 17, 17, 267, 0, 15, 37, 8900 }, // U+4F59
    { 17, 16, 267, 0, 14, 34, 8937 }, // U+4F5C
    { 16, 16, 267, 0, 14, 32, 8971 }, // U+4F60
    { 17, 17, 267, 0, 15, 37, 9003 }, // U+4F7F
    { 16, 16, 267, 0, 14, 32, 9040 }, // U+4F9B
    { 16, 16, 267, 0, 14, 32, 9072 }, // U+4FA7
    { 17, 16, 267, 0, 14, 34, 9104 }, // U+4FBF
    { 17, 16, 267, 0, 14, 34, 9138 }, // U+4FDD
    { 16, 16, 267, 0, 14, 32, 9172 }, // U+4FE1
    { 17, 17, 267, 0, 15, 37, 9204 }, // U+4FEE
    { 16, 16, 267, 0, 14, 32, 9241 }, // U+5012
    { 16, 16, 267, 0, 14, 32, 9273 }, // U+503C
    { 16, 16, 267, 0, 14, 32, 9305 }, // U+503E
    { 16, 17, 267, 0, 15, 34, 9337 }, // U+504F
    { 16, 17, 267, 0, 15, 34, 9371 }, // U+50A8
    { 16, 15, 267, 0, 13, 30, 9405 }, // U+5143
    { 16, 16, 267, 0, 14, 32, 9435 }, // U+5148
    { 16, 16, 267, 0, 14, 32, 9467 }, // U+5149
    { 17, 16, 267, 0, 14, 34, 9499 }, // U+5165
    { 17, 16, 267, 0, 15, 34, 9533 }, // U+5168
    { 16, 16, 267, 0, 14, 32, 9567 }, // U+516D
    { 16, 16, 267, 0, 14, 32, 9599 }, // U+5173
    { 16, 16, 267, 0, 14, 32, 9631 }, // U+5176
    { 17, 16, 267, 0, 14, 34, 9663 }, // U+5177
    { 16, 17, 267, 0, 15, 34, 9697 }, // U+5178
    { 15, 16, 267, 1, 14, 30, 9731 }, // U+5185
    { 16, 15, 267, 0, 13, 30, 9761 }, // U+518C
    { 17, 15, 267, 0, 13, 32, 9791 }, // U+518D
    { 15, 16, 267, 1, 14, 30, 9823 }, // U+5199
    { 16, 16, 267, 0, 14, 32, 9853 }, // U+51C6
    { 17, 17, 267, 0, 15, 37, 9885 }, // U+51D1
    { 14, 16, 267, 1, 14, 28, 9922 }, // U+51FA
    { 17, 16, 267, 0, 14, 34, 9950 }, // U+5206
    { 16, 16, 267, 0, 14, 32, 9984 }, // U+5207
    { 16, 16, 267, 0, 14, 32, 10016 }, // U+5217
    { 16, 16, 267, 0, 14, 32, 10048 }, // U+521B
    { 16, 16, 267, 0, 14, 32, 10080 }, // U+521D
    { 16, 16, 267, 0, 14, 32, 10112 }, // U+5220
    { 15, 15, 267, 1, 14, 29, 10144 }, // U+5230
    { 16, 16, 267, 0, 14, 32, 10173 }, // U+5236
    { 16, 16, 267, 0, 14, 32, 10205 }, // U+5237
    { 16, 17, 267, 0, 15, 34, 10237 }, // U+524D
    { 16, 16, 267, 0, 14, 32, 10271 }, // U+5269
    { 16, 17, 267, 0, 15, 34, 10303 }, // U+526A
    { 16, 16, 267, 0, 14, 32, 10337 }, // U+529F
    { 16, 16, 267, 0, 14, 32, 10369 }, // U+52A0
    { 17, 17, 267, 0, 15, 37, 10401 }, // U+52A1
    { 16, 16, 267, 0, 14, 32, 10438 }, // U+52A8
    { 16, 16, 267, 0, 14, 32, 10470 }, // U+52FF
    { 17, 16, 267, 0, 15, 34, 10502 }, // U+5305
    { 15, 14, 267, 1, 13, 27, 10536 }, // U+5339
    { 15, 15, 267, 1, 14, 29, 10563 }, // U+533A
    { 16, 16, 267, 0, 14, 32, 10592 }, // U+5355
    { 14, 16, 267, 2, 14, 28, 10624 }, // U+5360
    { 16, 16, 267, 0, 14, 32, 10652 }, // U+5361
    { 15, 16, 267, 1, 14, 30, 10684 }, // U+5373
    { 16, 16, 267, 0, 14, 32, 10714 }, // U+538B
    { 16, 16, 267, 0, 14, 32, 10746 }, // U+539F
    { 16, 16, 267, 0, 14, 32, 10778 }, // U+53CD
    { 17, 17, 267, 0, 15, 37, 10810 }, // U+53D1
    { 17, 16, 267, 0, 14, 34, 10847 }, // U+53D6
    { 13, 14, 267, 2, 13, 23, 10881 }, // U+53E3
    { 16, 15, 267, 0, 13, 30, 10904 }, // U+53EF
    { 16, 16, 267, 0, 14, 32, 10934 }, // U+53F3
    { 15, 16, 267, 1, 14, 30, 10966 }, // U+53F7
    { 17, 17, 267, 0, 15, 37, 10996 }, // U+5404
    { 15, 16, 267, 1, 14, 30, 11033 }, // U+540C
    { 15, 17, 267, 0, 15, 32, 11063 }, // U+540D
    { 16, 16, 267, 0, 14, 32, 11095 }, // U+540E
    { 15, 17, 267, 1, 15, 32, 11127 }, // U+5411
    { 16, 16, 267, 0, 14, 32, 11159 }, // U+5426
    { 17, 17, 267, 0, 15, 37, 11191 }, // U+542B
    { 15, 17, 267, 0, 15, 32, 11228 }, // U+542F
    { 15, 16, 267, 1, 14, 30, 11260 }, // U+544A
    { 15, 16, 267, 0, 14, 30, 11290 }, // U+5468
    { 17, 17, 267, 0, 15, 37, 11320 }, // U+547D
    { 16, 16, 267, 0, 14, 32, 11357 }, // U+548C
    { 16, 16, 267, 1, 14, 32, 11389 }, // U+54C8
    { 16, 17, 267, 1, 15, 34, 11421 }, // U+5524
    { 17, 16, 267, 0, 14, 34, 11455 }, // U+5668
    { 15, 14, 267, 1, 13, 27, 11489 }, // U+56DB
    { 15, 16, 267, 1, 14, 30, 11516 }, // U+56DE
    { 15, 16, 267, 1, 14, 30, 11546 }, // U+56E0
    { 15, 16, 267, 1, 14, 30, 11576 }, // U+56F4
    { 15, 16, 267, 1, 14, 30, 11606 }, // U+56FA
    { 15, 16, 267, 1, 14, 30, 11636 }, // U+56FE
    { 15, 16, 267, 1, 14, 30, 11666 }, // U+5706
    { 16, 16, 267, 0, 14, 32, 11696 }, // U+5728
    { 17, 15, 267, 0, 14, 32, 11728 }, // U+5730
    { 17, 15, 267, 0, 14, 32, 11760 }, // U+5740
    { 16, 16, 267, 0, 14, 32, 11792 }, // U+5747
    { 16, 15, 267, 0, 14, 30, 11824 }, // U+5782
    { 17, 15, 267, 0, 14, 32, 11854 }, // U+57FA
    { 16, 17, 267, 0, 15, 34, 11886 }, // U+589E
    { 17, 17, 267, 0, 15, 37, 11920 }, // U+5907
    { 17, 16, 267, 0, 14, 34, 11957 }, // U+590D
    { 15, 17, 267, 1, 15, 32, 11991 }, // U+591A
    { 17, 17, 267, 0, 15, 37, 12023 }, // U+591C
    { 16, 16, 267, 0, 14, 32, 12060 }, // U+5927
    { 17, 15, 267, 0, 13, 32, 12092 }, // U+5929
    { 17, 16, 267, 0, 14, 34, 12124 }, // U+5931
    { 16, 16, 267, 0, 14, 32, 12158 }, // U+5934
    { 16, 16, 267, 0, 14, 32, 12190 }, // U+5939
    { 17, 17, 267, 0, 15, 37, 12222 }, // U+59CB
    { 15, 17, 267, 1, 15, 32, 12259 }, // U+5B57
    { 16, 16, 267, 0, 14, 32, 12291 }, // U+5B58
    { 15, 17, 267, 1, 15, 32, 12323 }, // U+5B89
    { 16, 17, 267, 0, 15, 34, 12355 }, // U+5B8C
    { 16, 17, 267, 0, 15, 34, 12389 }, // U+5B9A
    { 16, 17, 267, 1, 15, 34, 12423 }, // U+5BB6
    { 16, 17, 267, 0, 15, 34, 12457 }, // U+5BB9
    { 17, 17, 267, 0, 15, 37, 12491 }, // U+5BBD
    { 16, 17, 267, 0, 15, 34, 12528 }, // U+5BC6
    { 16, 16, 267, 0, 14, 32, 12562 }, // U+5BF9
    { 16, 16, 267, 0, 14, 32, 12594 }, // U+5C01
    { 16, 16, 267, 0, 14, 32, 12626 }, // U+5C06
    { 17, 16, 267, 0, 14, 34, 12658 }, // U+5C0F
    { 16, 16, 267, 0, 14, 32, 12692 }, // U+5C11
    { 13, 16, 267, 2, 14, 26, 12724 }, // U+5C1A
    { 17, 17, 267, 0, 15, 37, 12750 }, // U+5C31
    { 16, 16, 267, 0, 14, 32, 12787 }, // U+5C40
    { 16, 16, 267, 0, 14, 32, 12819 }, // U+5C45
    { 16, 16, 267, 0, 14, 32, 12851 }, // U+5C4F
    { 16, 14, 267, 0, 13, 28, 12883 }, // U+5DE5
    { 16, 15, 267, 0, 14, 30, 12911 }, // U+5DE6
    { 15, 14, 267, 1, 13, 27, 12941 }, // U+5DF2
    { 16, 17, 267, 0, 15, 34, 12968 }, // U+5E03
    { 16, 17, 267, 0, 15, 34, 13002 }, // U+5E0C
    { 16, 16, 267, 0, 14, 32, 13036 }, // U+5E26
    { 17, 16, 267, 0, 14, 34, 13068 }, // U+5E55
    { 16, 15, 267, 0, 13, 30, 13102 }, // U+5E73
    { 16, 17, 267, 0, 15, 34, 13132 }, // U+5E76
    { 16, 17, 267, 0, 15, 34, 13166 }, // U+5E8F
    { 16, 17, 267, 0, 15, 34, 13200 }, // U+5E94
    { 16, 17, 267, 0, 15, 34, 13234 }, // U+5E95
    { 17, 17, 267, 0, 15, 37, 13268 }, // U+5EA6
    { 17, 16, 267, 0, 14, 34, 13305 }, // U+5EFA
    { 16, 15, 267, 0, 13, 30, 13339 }, // U+5F00
    { 17, 16, 267, 0, 14, 34, 13369 }, // U+5F0F
    { 14, 16, 267, 1, 14, 28, 13403 }, // U+5F15
    { 16, 16, 267, 0, 14, 32, 13431 }, // U+5F39
    { 14, 16, 267, 1, 14, 28, 13463 }, // U+5F53
    { 15, 16, 267, 1, 14, 30, 13491 }, // U+5F55
    { 16, 16, 267, 0, 14, 32, 13521 }, // U+5F97
    { 16, 16, 267, 0, 15, 32, 13553 }, // U+5FD8
    { 17, 16, 267, 0, 14, 34, 13585 }, // U+5FEB
    { 16, 17, 267, 0, 15, 34, 13619 }, // U+5FFD
    { 16, 16, 267, 0, 15, 32, 13653 }, // U+6001
    { 16, 17, 267, 0, 15, 34, 13685 }, // U+6062
    { 16, 17, 267, 0, 15, 34, 13719 }, // U+606F
    { 16, 16, 267, 0, 14, 32, 13753 }, // U+60C5
    { 16, 16, 267, 0, 14, 32, 13785 }, // U+60EF
    { 15, 17, 267, 1, 15, 32, 13817 }, // U+610F
    { 17, 16, 267, 0, 14, 34, 13849 }, // U+6162
    { 16, 16, 267, 0, 14, 32, 13883 }, // U+6210
    { 16, 16, 267, 1, 14, 32, 13915 }, // U+6216
    { 16, 16, 267, 0, 14, 32, 13947 }, // U+622A
    { 15, 17, 267, 0, 15, 32, 13979 }, // U+6237
    { 16, 16, 267, 0, 14, 32, 14011 }, // U+6240
    { 16, 16, 267, 0, 14, 32, 14043 }, // U+624B
    { 17, 16, 267, 0, 14, 34, 14075 }, // U+6253
    { 16, 16, 267, 0, 14, 32, 14109 }, // U+626B
    { 17, 16, 267, 0, 14, 34, 14141 }, // U+627E
    { 17, 17, 267, 0, 15, 37, 14175 }, // U+6297
    { 17, 16, 267, 0, 14, 34, 14212 }, // U+62A5
    { 17, 17, 267, 0, 15, 37, 14246 }, // U+62D4
    { 17, 16, 267, 0, 14, 34, 14283 }, // U+62E9
    { 16, 16, 267, 0, 14, 32, 14317 }, // U+6301
    { 16, 16, 267, 0, 14, 32, 14349 }, // U+6307
    { 16, 17, 267, 0, 15, 34, 14381 }, // U+6309
    { 16, 16, 267, 0, 14, 32, 14415 }, // U+6325
    { 17, 17, 267, 0, 15, 37, 14447 }, // U+6362
    { 16, 16, 267, 0, 14, 32, 14484 }, // U+636E
    { 17, 16, 267, 0, 14, 34, 14516 }, // U+6392
    { 17, 16, 267, 0, 14, 34, 14550 }, // U+63A5
    { 17, 17, 267, 0, 15, 37, 14584 }, // U+63A7
    { 16, 16, 267, 0, 14, 32, 14621 }, // U+63A8
    { 16, 16, 267, 0, 14, 32, 14653 }, // U+63CF
    { 17, 16, 267, 0, 14, 34, 14685 }, // U+63D0
    { 16, 16, 267, 0, 14, 32, 14719 }, // U+63D2
    { 17, 17, 267, 0, 15, 37, 14751 }, // U+641C
    { 16, 17, 267, 0, 15, 34, 14788 }, // U+6458
    { 17, 16, 267, 0, 14, 34, 14822 }, // U+64CD
    { 16, 16, 267, 1, 14, 32, 14856 }, // U+6536
    { 17, 16, 267, 0, 14, 34, 14888 }, // U+6539
    { 17, 17, 267, 0, 15, 37, 14922 }, // U+653E
    { 17, 17, 267, 0, 15, 37, 14959 }, // U+6548
    { 17, 17, 267, 0, 15, 37, 14996 }, // U+6570
    { 17, 15, 267, 0, 14, 32, 15033 }, // U+6574
    { 17, 17, 267, 0, 15, 37, 15065 }, // U+6587
    { 17, 16, 267, 0, 14, 34, 15102 }, // U+659C
    { 16, 17, 267, 1, 15, 34, 15136 }, // U+65AD
    { 16, 17, 267, 0, 15, 34, 15170 }, // U+65B0
    { 16, 17, 267, 0, 15, 34, 15204 }, // U+65B9
    { 16, 15, 267, 0, 13, 30, 15238 }, // U+65E0
    { 12, 15, 267, 2, 13, 23, 15268 }, // U+65E5
    { 16, 16, 267, 0, 14, 32, 15291 }, // U+65E9
    { 16, 16, 267, 1, 14, 32, 15323 }, // U+65F6
    { 15, 16, 267, 1, 14, 30, 15355 }, // U+660E
    { 17, 16, 267, 0, 14, 34, 15385 }, // U+662F
    { 16, 15, 267, 0, 14, 30, 15419 }, // U+663E
    { 15, 16, 267, 1, 14, 30, 15449 }, // U+6670
    { 15, 17, 267, 0, 15, 32, 15479 }, // U+667A
    { 16, 17, 267, 0, 15, 34, 15511 }, // U+6682
    { 17, 16, 267, 0, 14, 34, 15545 }, // U+66F4
    { 17, 16, 267, 0, 14, 34, 15579 }, // U+6700
    { 16, 16, 267, 0, 14, 32, 15613 }, // U+6709
    { 17, 16, 267, 0, 14, 34, 15645 }, // U+670D
    { 16, 16, 267, 0, 14, 32, 15679 }, // U+671F
    { 17, 16, 267, 0, 14, 34, 15711 }, // U+672A
    { 17, 16, 267, 0, 14, 34, 15745 }, // U+672B
    { 17, 16, 267, 0, 14, 34, 15779 }, // U+672C
    { 17, 16, 267, 0, 14, 34, 15813 }, // U+673A
    { 17, 17, 267, 0, 15, 37, 15847 }, // U+6761
    { 17, 16, 267, 0, 14, 34, 15884 }, // U+6765
    { 16, 16, 267, 0, 14, 32, 15918 }, // U+677E
    { 16, 16, 267, 0, 14, 32, 15950 }, // U+6790
    { 17, 16, 267, 0, 14, 34, 15982 }, // U+679C
    { 17, 15, 267, 0, 14, 32, 16016 }, // U+67E5
    { 16, 16, 267, 0, 14, 32, 16048 }, // U+6807
    { 16, 16, 267, 0, 14, 32, 16080 }, // U+680F
    { 16, 17, 267, 0, 15, 34, 16112 }, // U+6837
    { 17, 16, 267, 0, 14, 34, 16146 }, // U+6839
    { 17, 17, 267, 0, 15, 37, 16180 }, // U+683C
    { 17, 17, 267, 0, 15, 37, 16217 }, // U+6846
    { 16, 16, 267, 0, 14, 32, 16254 }, // U+6863
    { 17, 17, 267, 0, 15, 37, 16286 }, // U+68C0
    { 17, 16, 267, 0, 14, 34, 16323 }, // U+6A21
    { 17, 16, 267, 0, 14, 34, 16357 }, // U+6A2A
    { 17, 16, 267, 0, 14, 34, 16391 }, // U+6B21
    { 16, 14, 267, 0, 13, 28, 16425 }, // U+6B63
    { 17, 16, 267, 0, 14, 34, 16453 }, // U+6B64
    { 16, 16, 267, 0, 14, 32, 16487 }, // U+6B65
    { 17, 17, 267, 0, 15, 37, 16519 }, // U+6BB5
    { 16, 17, 267, 0, 15, 34, 16556 }, // U+6BCF
    { 15, 16, 267, 1, 14, 30, 16590 }, // U+6BD4
    { 17, 16, 267, 0, 14, 34, 16620 }, // U+6C34
    { 17, 16, 267, 0, 14, 34, 16654 }, // U+6C89
    { 17, 16, 267, 0, 14, 34, 16688 }, // U+6CA1
    { 16, 16, 267, 0, 14, 32, 16722 }, // U+6CD5
    { 17, 17, 267, 0, 15, 37, 16754 }, // U+6CE8
    { 16, 16, 267, 0, 14, 32, 16791 }, // U+6D3B
    { 16, 16, 267, 0, 14, 32, 16823 }, // U+6D45
    { 16, 17, 267, 0, 15, 34, 16855 }, // U+6D4F
    { 16, 17, 267, 0, 15, 34, 16889 }, // U+6D88
    { 16, 16, 267, 0, 14, 32, 16923 }, // U+6DF1
    { 17, 16, 267, 0, 14, 34, 16955 }, // U+6DFB
    { 16, 16, 267, 0, 14, 32, 16989 }, // U+6E05
    { 16, 16, 267, 0, 14, 32, 17021 }, // U+6E10
    { 17, 16, 267, 0, 14, 34, 17053 }, // U+6E29
    { 17, 16, 267, 0, 14, 34, 17087 }, // U+6E90
    { 16, 16, 267, 0, 14, 32, 17121 }, // U+6ED1
    { 17, 16, 267, 0, 14, 34, 17153 }, // U+6EE4
    { 17, 16, 267, 0, 14, 34, 17187 }, // U+706F
    { 16, 16, 267, 0, 14, 32, 17221 }, // U+70B9
    { 17, 17, 267, 0, 15, 37, 17253 }, // U+70ED
    { 16, 17, 267, 0, 15, 34, 17290 }, // U+7136
    { 16, 16, 267, 0, 14, 32, 17324 }, // U+7247
    { 17, 17, 267, 0, 15, 37, 17356 }, // U+7248
    { 16, 16, 267, 0, 14, 32, 17393 }, // U+7259
    { 17, 17, 267, 0, 15, 37, 17425 }, // U+72B6
    { 16, 16, 267, 0, 14, 32, 17462 }, // U+732B
    { 16, 17, 267, 0, 15, 34, 17494 }, // U+7387
    { 16, 16, 267, 0, 14, 32, 17528 }, // U+73B0
    { 17, 15, 267, 0, 14, 32, 17560 }, // U+7406
    { 15, 15, 267, 0, 13, 29, 17592 }, // U+7528
    { 15, 16, 267, 2, 14, 30, 17621 }, // U+7535
    { 15, 15, 267, 1, 13, 29, 17651 }, // U+753B
    { 17, 16, 267, 0, 14, 34, 17680 }, // U+754C
    { 15, 16, 267, 1, 14, 30, 17714 }, // U+7559
    { 16, 17, 267, 1, 15, 34, 17744 }, // U+7565
    { 17, 15, 267, 0, 14, 32, 17778 }, // U+767B
    { 15, 16, 267, 1, 14, 30, 17810 }, // U+767E
    { 15, 17, 267, 1, 15, 32, 17840 }, // U+7684
    { 16, 16, 267, 0, 15, 32, 17872 }, // U+76D8
    { 12, 15, 267, 2, 13, 23, 17904 }, // U+76EE
    { 16, 16, 267, 0, 15, 32, 17927 }, // U+76F4
    { 16, 16, 267, 0, 14, 32, 17959 }, // U+770B
    { 16, 16, 267, 1, 14, 32, 17991 }, // U+7720
    { 16, 17, 267, 0, 15, 34, 18023 }, // U+7740
    { 15, 15, 267, 1, 14, 29, 18057 }, // U+7761
    { 16, 16, 267, 0, 14, 32, 18086 }, // U+77ED
    { 16, 16, 267, 0, 14, 32, 18118 }, // U+7801
    { 16, 17, 267, 0, 15, 34, 18150 }, // U+786E
    { 16, 15, 267, 0, 13, 30, 18184 }, // U+793A
    { 16, 17, 267, 0, 15, 34, 18214 }, // U+7981
    { 16, 16, 267, 0, 14, 32, 18248 }, // U+79D2
    { 16, 16, 267, 0, 14, 32, 18280 }, // U+79F0
    { 16, 16, 267, 0, 14, 32, 18312 }, // U+79FB
    { 17, 16, 267, 0, 14, 34, 18344 }, // U+7A0B
    { 15, 16, 267, 1, 15, 30, 18378 }, // U+7A7A
    { 16, 16, 267, 0, 15, 32, 18408 }, // U+7ACB
    { 16, 15, 267, 0, 14, 30, 18440 }, // U+7AD6
    { 16, 17, 267, 0, 15, 34, 18470 }, // U+7AE0
    { 16, 16, 267, 0, 14, 32, 18504 }, // U+7AEF
    { 16, 17, 267, 0, 15, 34, 18536 }, // U+7B26
    { 16, 17, 267, 0, 15, 34, 18570 }, // U+7B2C
    { 17, 16, 267, 0, 15, 34, 18604 }, // U+7B7E
    { 16, 17, 267, 0, 15, 34, 18638 }, // U+7B80
    { 16, 17, 267, 0, 15, 34, 18672 }, // U+7B97
    { 16, 17, 267, 0, 15, 34, 18706 }, // U+7BA1
    { 16, 17, 267, 0, 15, 34, 18740 }, // U+7BAD
    { 16, 17, 267, 0, 15, 34, 18774 }, // U+7C4D
    { 16, 16, 267, 0, 14, 32, 18808 }, // U+7C97
    { 15, 16, 267, 1, 14, 30, 18840 }, // U+7CFB
    { 15, 17, 267, 1, 15, 32, 18870 }, // U+7D22
    { 15, 16, 267, 1, 14, 30, 18902 }, // U+7D27
    { 17, 17, 267, 0, 15, 37, 18932 }, // U+7EBF
    { 16, 17, 267, 0, 15, 34, 18969 }, // U+7EC6
    { 17, 17, 267, 0, 15, 37, 19003 }, // U+7EC8
    { 16, 17, 267, 0, 15, 34, 19040 }, // U+7ED3
    { 17, 17, 267, 0, 15, 37, 19074 }, // U+7EDC
    { 16, 17, 267, 0, 15, 34, 19111 }, // U+7EDF
    { 16, 16, 267, 0, 15, 32, 19145 }, // U+7EE7
    { 16, 16, 267, 0, 14, 32, 19177 }, // U+7EEA
    { 16, 16, 267, 0, 14, 32, 19209 }, // U+7EED
    { 16, 16, 267, 0, 14, 32, 19241 }, // U+7EF4
    { 17, 16, 267, 0, 14, 34, 19273 }, // U+7F13
    { 16, 17, 267, 0, 15, 34, 19307 }, // U+7F16
    { 17, 17, 267, 0, 15, 37, 19341 }, // U+7F1D
    { 16, 17, 267, 0, 15, 34, 19378 }, // U+7F29
    { 15, 15, 267, 1, 13, 29, 19412 }, // U+7F51
    { 16, 15, 267, 0, 14, 30, 19441 }, // U+7F6E
    { 16, 16, 267, 0, 14, 32, 19471 }, // U+7FFB
    { 16, 16, 267, 0, 14, 32, 19503 }, // U+8005
    { 17, 17, 267, 0, 15, 37, 19535 }, // U+80FD
    { 16, 16, 267, 0, 14, 32, 19572 }, // U+8111
    { 16, 16, 267, 0, 14, 32, 19604 }, // U+811A
    { 13, 17, 267, 2, 15, 28, 19636 }, // U+81EA
    { 16, 15, 267, 0, 14, 30, 19664 }, // U+81F3
    { 17, 17, 267, 0, 15, 37, 19694 }, // U+8272
    { 16, 16, 267, 0, 14, 32, 19731 }, // U+8282
    { 16, 16, 267, 0, 14, 32, 19763 }, // U+82E5
    { 17, 16, 267, 0, 14, 34, 19795 }, // U+82F1
    { 16, 16, 267, 0, 14, 32, 19829 }, // U+8303
    { 16, 16, 267, 0, 14, 32, 19861 }, // U+8350
    { 16, 16, 267, 0, 14, 32, 19893 }, // U+83B7
    { 17, 16, 267, 0, 14, 34, 19925 }, // U+83DC
    { 17, 16, 267, 0, 14, 34, 19959 }, // U+843D
    { 16, 15, 267, 0, 14, 30, 19993 }, // U+84DD
    { 17, 16, 267, 0, 14, 34, 20023 }, // U+85CF
    { 16, 17, 267, 0, 15, 34, 20057 }, // U+884C
    { 17, 16, 267, 0, 14, 34, 20091 }, // U+8868
    { 17, 16, 267, 0, 14, 34, 20125 }, // U+88AB
    { 17, 16, 267, 0, 14, 34, 20159 }, // U+88C1
    { 17, 16, 267, 0, 14, 34, 20193 }, // U+88C5
    { 17, 16, 267, 0, 14, 34, 20227 }, // U+892A
    { 16, 16, 267, 0, 14, 32, 20261 }, // U+8981
    { 16, 16, 267, 0, 14, 32, 20293 }, // U+89C1
    { 15, 17, 267, 1, 15, 32, 20325 }, // U+89C8
    { 16, 17, 267, 0, 15, 34, 20357 }, // U+89E3
    { 17, 17, 267, 0, 15, 37, 20391 }, // U+89E6
    { 16, 17, 267, 0, 15, 34, 20428 }, // U+8A00
    { 16, 16, 267, 0, 14, 32, 20462 }, // U+8BA1
    { 17, 16, 267, 0, 14, 34, 20494 }, // U+8BA4
    { 17, 16, 267, 0, 14, 34, 20528 }, // U+8BAE
    { 17, 16, 267, 0, 14, 34, 20562 }, // U+8BB0
    { 17, 16, 267, 0, 14, 34, 20596 }, // U+8BBE
    { 17, 15, 267, 0, 14, 32, 20630 }, // U+8BC1
    { 16, 16, 267, 0, 14, 32, 20662 }, // U+8BCD
    { 17, 16, 267, 0, 14, 34, 20694 }, // U+8BD5
    { 16, 16, 267, 0, 14, 32, 20728 }, // U+8BE2
    { 16, 17, 267, 0, 15, 34, 20760 }, // U+8BE6
    { 16, 16, 267, 0, 14, 32, 20794 }, // U+8BED
    { 17, 16, 267, 0, 14, 34, 20826 }, // U+8BEF
    { 16, 16, 267, 0, 14, 32, 20860 }, // U+8BF4
    { 16, 16, 267, 0, 14, 32, 20892 }, // U+8BF7
    { 16, 16, 267, 0, 14, 32, 20924 }, // U+8BFB
    { 16, 16, 267, 0, 14, 32, 20956 }, // U+8C03
    { 17, 16, 267, 0, 14, 34, 20988 }, // U+8D25
    { 17, 16, 267, 0, 14, 34, 21022 }, // U+8D26
    { 17, 16, 267, 0, 14, 34, 21056 }, // U+8D77
    { 17, 16, 267, 0, 14, 34, 21090 }, // U+8D85
    { 17, 16, 267, 0, 14, 34, 21124 }, // U+8DB3
    { 17, 16, 267, 0, 14, 34, 21158 }, // U+8DC3
    { 17, 16, 267, 0, 14, 34, 21192 }, // U+8DD1
    { 16, 15, 267, 0, 14, 30, 21226 }, // U+8DDD
    { 17, 16, 267, 0, 14, 34, 21256 }, // U+8DDF
    { 17, 17, 267, 0, 15, 37, 21290 }, // U+8DF3
    { 16, 16, 267, 0, 14, 32, 21327 }, // U+8F6C
    { 16, 16, 267, 0, 14, 32, 21359 }, // U+8F7B
    { 17, 17, 267, 0, 15, 37, 21391 }, // U+8F7D
    { 17, 17, 267, 0, 15, 37, 21428 }, // U+8F83
    { 17, 17, 267, 0, 15, 37, 21465 }, // U+8F93
    { 17, 16, 267, 0, 14, 34, 21502 }, // U+8FB9
    { 17, 16, 267, 0, 14, 34, 21536 }, // U+8FBE
    { 17, 15, 267, 0, 14, 32, 21570 }, // U+8FC7
    { 17, 16, 267, 0, 14, 34, 21602 }, // U+8FD1
    { 17, 16, 267, 0, 14, 34, 21636 }, // U+8FD4
    { 17, 16, 267, 0, 14, 34, 21670 }, // U+8FD8
    { 17, 17, 267, 0, 15, 37, 21704 }, // U+8FD9
    { 17, 16, 267, 0, 14, 34, 21741 }, // U+8FDB
    { 17, 16, 267, 0, 14, 34, 21775 }, // U+8FDC
    { 17, 16, 267, 0, 14, 34, 21809 }, // U+8FDE
    { 17, 16, 267, 0, 14, 34, 21843 }, // U+9000
    { 17, 16, 267, 0, 14, 34, 21877 }, // U+9001
    { 17, 16, 267, 0, 14, 34, 21911 }, // U+9002
    { 17, 17, 267, 0, 15, 37, 21945 }, // U+9006
    { 17, 16, 267, 0, 14, 34, 21982 }, // U+9009
    { 17, 16, 267, 0, 14, 34, 22016 }, // U+900F
    { 17, 16, 267, 0, 14, 34, 22050 }, // U+901A
    { 17, 16, 267, 0, 14, 34, 22084 }, // U+901F
    { 16, 17, 267, 0, 15, 34, 22118 }, // U+90E8
    { 17, 16, 267, 0, 14, 34, 22152 }, // U+90FD
    { 17, 16, 267, 0, 14, 34, 22186 }, // U+914D
    { 17, 16, 267, 0, 14, 34, 22220 }, // U+9192
    { 17, 16, 267, 0, 14, 34, 22254 }, // U+91CA
    { 16, 15, 267, 0, 14, 30, 22288 }, // U+91CD
    { 16, 15, 267, 0, 14, 30, 22318 }, // U+91CF
    { 16, 16, 267, 0, 14, 32, 22348 }, // U+9488
    { 16, 16, 267, 0, 14, 32, 22380 }, // U+949F
    { 17, 17, 267, 0, 15, 37, 22412 }, // U+94FE
    { 16, 16, 267, 0, 14, 32, 22449 }, // U+9519
    { 17, 17, 267, 0, 15, 37, 22481 }, // U+952E
    { 16, 16, 267, 0, 14, 32, 22518 }, // U+952F
    { 17, 17, 267, 0, 15, 37, 22550 }, // U+955C
    { 17, 16, 267, 0, 14, 34, 22587 }, // U+957F
    { 15, 16, 267, 1, 14, 30, 22621 }, // U+95ED
    { 15, 16, 267, 1, 14, 30, 22651 }, // U+95EE
    { 15, 16, 267, 1, 14, 30, 22681 }, // U+95F4
    { 15, 16, 267, 1, 14, 30, 22711 }, // U+9605
    { 15, 16, 267, 1, 14, 30, 22741 }, // U+9633
    { 16, 16, 267, 1, 14, 32, 22771 }, // U+9644
    { 16, 17, 267, 1, 15, 34, 22803 }, // U+9664
    { 16, 17, 267, 1, 15, 34, 22837 }, // U+968F
    { 15, 16, 267, 1, 14, 30, 22871 }, // U+9690
    { 15, 16, 267, 1, 14, 30, 22901 }, // U+9700
    { 16, 15, 267, 0, 13, 30, 22931 }, // U+9762
    { 16, 16, 267, 0, 14, 32, 22961 }, // U+9875
    { 17, 16, 267, 0, 14, 34, 22993 }, // U+9876
    { 17, 16, 267, 0, 14, 34, 23027 }, // U+9879
    { 16, 16, 267, 0, 14, 32, 23061 }, // U+987A
    { 16, 16, 267, 0, 14, 32, 23093 }, // U+9884
    { 17, 17, 267, 0, 15, 37, 23125 }, // U+9891
    { 17, 16, 267, 0, 14, 34, 23162 }, // U+9898
    { 17, 16, 267, 0, 14, 34, 23196 }, // U+9988
    { 16, 17, 267, 0, 15, 34, 23230 }, // U+9996
    { 17, 17, 267, 0, 15, 37, 23264 }, // U+9A8C
    { 16, 17, 267, 0, 15, 34, 23301 }, // U+9E1F
    { 16, 17, 267, 0, 15, 34, 23335 }, // U+9E70
    { 17, 16, 267, 0, 14, 34, 23369 }, // U+9ED8
    { 17, 17, 267, 0, 15, 37, 23403 }, // U+9F50
    { 16, 16, 267, 0, 14, 32, 23440 }, // U+9F7F
    { 16, 12, 265, 0, 7, 24, 23472 }, // U+FB56
    { 20, 11, 292, 0, 6, 28, 23496 }, // U+FB57
    { 5, 12, 80, -1, 7, 8, 23524 }, // U+FB58
    { 8, 10, 99, 0, 5, 10, 23532 }, // U+FB59
    { 16, 13, 265, 0, 12, 26, 23542 }, // U+FB66
    { 20, 13, 292, 0, 12, 33, 23568 }, // U+FB67
    { 5, 15, 72, 0, 14, 10, 23601 }, // U+FB68
    { 8, 13, 99, 0, 12, 13, 23611 }, // U+FB69
    { 11, 14, 176, 0, 7, 20, 23624 }, // U+FB7A
    { 13, 14, 192, 0, 7, 23, 23644 }, // U+FB7B
    { 10, 11, 157, 0, 6, 14, 23667 }, // U+FB7C
    { 12, 11, 170, 0, 6, 17, 23681 }, // U+FB7D
    { 8, 15, 127, 0, 14, 15, 23698 }, // U+FB88
    { 10, 15, 142, 0, 14, 19, 23713 }, // U+FB89
    { 7, 15, 98, -1, 11, 14, 23732 }, // U+FB8A
    { 9, 15, 106, -1, 11, 17, 23746 }, // U+FB8B
    { 7, 17, 98, -1, 13, 15, 23763 }, // U+FB8C
    { 9, 17, 106, -1, 13, 20, 23778 }, // U+FB8D
    { 15, 13, 234, 0, 12, 25, 23798 }, // U+FB8E
    { 18, 13, 260, 0, 12, 30, 23823 }, // U+FB8F
    { 8, 13, 110, 0, 12, 13, 23853 }, // U+FB90
    { 10, 13, 136, 0, 12, 17, 23866 }, // U+FB91
    { 15, 15, 234, 0, 14, 29, 23883 }, // U+FB92
    { 18, 15, 260, 0, 14, 34, 23912 }, // U+FB93
    { 8, 15, 110, 0, 14, 15, 23946 }, // U+FB94
    { 10, 15, 136, 0, 14, 19, 23961 }, // U+FB95
    { 11, 10, 183, 0, 6, 14, 23980 }, // U+FB9E
    { 13, 9, 195, 0, 5, 15, 23994 }, // U+FB9F
    { 7, 8, 108, 0, 8, 7, 24009 }, // U+FBA6
    { 9, 7, 128, 0, 6, 8, 24016 }, // U+FBA7
    { 4, 11, 72, 0, 7, 6, 24024 }, // U+FBA8
    { 9, 8, 117, 0, 3, 9, 24030 }, // U+FBA9
    { 11, 10, 179, 0, 9, 14, 24039 }, // U+FBAA
    { 12, 11, 164, 0, 7, 17, 24053 }, // U+FBAB
    { 9, 10, 153, 0, 9, 12, 24070 }, // U+FBAC
    { 10, 11, 135, 0, 7, 14, 24082 }, // U+FBAD
    { 16, 9, 251, 0, 8, 18, 24096 }, // U+FBAE
    { 10, 7, 146, 0, 2, 9, 24114 }, // U+FBAF
    { 16, 13, 251, 0, 12, 26, 24123 }, // U+FBB0
    { 10, 11, 146, 0, 6, 14, 24149 }, // U+FBB1
    { 13, 11, 203, 0, 7, 18, 24163 }, // U+FBFC
    { 14, 7, 196, 0, 3, 13, 24181 }, // U+FBFD
    { 5, 11, 80, -1, 7, 7, 24194 }, // U+FBFE
    { 8, 9, 99, 0, 5, 9, 24201 }, // U+FBFF
    { 7, 7, 110, 0, 6, 7, 24210 }, // U+FE80
    { 6, 14, 63, -1, 14, 11, 24217 }, // U+FE81
    { 7, 16, 78, -1, 15, 14, 24228 }, // U+FE82
    { 4, 16, 63, 0, 16, 8, 24242 }, // U+FE83
    { 6, 18, 78, 0, 17, 14, 24250 }, // U+FE84
    { 7, 15, 119, 0, 11, 14, 24264 }, // U+FE85
    { 9, 15, 126, 0, 11, 17, 24278 }, // U+FE86
    { 5, 18, 63, 0, 12, 12, 24295 }, // U+FE87
    { 6, 18, 78, 0, 12, 14, 24307 }, // U+FE88
    { 13, 12, 203, 0, 8, 20, 24321 }, // U+FE89
    { 14, 12, 196, 0, 8, 21, 24341 }, // U+FE8A
    { 4, 13, 72, 0, 12, 7, 24362 }, // U+FE8B
    { 7, 11, 91, 0, 10, 10, 24369 }, // U+FE8C
    { 2, 12, 63, 1, 12, 3, 24379 }, // U+FE8D
    { 5, 13, 78, 1, 12, 9, 24382 }, // U+FE8E
    { 16, 11, 265, 0, 7, 22, 24391 }, // U+FE8F
    { 20, 10, 292, 0, 6, 25, 24413 }, // U+FE90
    { 4, 11, 72, 0, 7, 6, 24438 }, // U+FE91
    { 7, 9, 91, 0, 5, 8, 24444 }, // U+FE92
    { 7, 12, 108, 0, 12, 11, 24452 }, // U+FE93
    { 9, 14, 130, 0, 13, 16, 24463 }, // U+FE94
    { 16, 10, 265, 0, 9, 20, 24479 }, // U+FE95
    { 20, 10, 292, 0, 9, 25, 24499 }, // U+FE96
    { 5, 12, 72, 0, 11, 8, 24524 }, // U+FE97
    { 8, 10, 99, 0, 9, 10, 24532 }, // U+FE98
    { 16, 11, 265, 0, 10, 22, 24542 }, // U+FE99
    { 20, 11, 292, 0, 10, 28, 24564 }, // U+FE9A
    { 5, 13, 72, 0, 12, 9, 24592 }, // U+FE9B
    { 8, 11, 99, 0, 10, 11, 24601 }, // U+FE9C
    { 10, 14, 170, 0, 7, 18, 24612 }, // U+FE9D
    { 12, 14, 173, 0, 7, 21, 24630 }, // U+FE9E
    { 10, 10, 157, 0, 6, 13, 24651 }, // U+FE9F
    { 12, 10, 170, 0, 6, 15, 24664 }, // U+FEA0
    { 10, 14, 170, 0, 7, 18, 24679 }, // U+FEA1
    { 12, 14, 173, 0, 7, 21, 24697 }, // U+FEA2
    { 10, 7, 157, 0, 6, 9, 24718 }, // U+FEA3
    { 12, 7, 170, 0, 6, 11, 24727 }, // U+FEA4
    { 10, 18, 170, 0, 11, 23, 24738 }, // U+FEA5
    { 12, 18, 173, 0, 11, 27, 24761 }, // U+FEA6
    { 10, 11, 157, 0, 10, 14, 24788 }, // U+FEA7
    { 12, 11, 170, 0, 10, 17, 24802 }, // U+FEA8
    { 8, 9, 127, 0, 8, 9, 24819 }, // U+FEA9
    { 10, 9, 142, 0, 8, 12, 24828 }, // U+FEAA
    { 8, 13, 127, 0, 12, 13, 24840 }, // U+FEAB
    { 10, 13, 142, 0, 12, 17, 24853 }, // U+FEAC
    { 7, 10, 98, -1, 6, 9, 24870 }, // U+FEAD
    { 9, 10, 106, -1, 6, 12, 24879 }, // U+FEAE
    { 7, 14, 98, -1, 10, 13, 24891 }, // U+FEAF
    { 9, 14, 106, -1, 10, 16, 24904 }, // U+FEB0
    { 20, 11, 323, 0, 7, 28, 24920 }, // U+FEB1
    { 22, 10, 339, 0, 6, 28, 24948 }, // U+FEB2
    { 13, 8, 209, 0, 7, 13, 24976 }, // U+FEB3
    { 15, 7, 227, 0, 6, 14, 24989 }, // U+FEB4
    { 20, 15, 323, 0, 11, 38, 25003 }, // U+FEB5
    { 22, 15, 339, 0, 11, 42, 25041 }, // U+FEB6
    { 13, 12, 209, 0, 11, 20, 25083 }, // U+FEB7
    { 15, 12, 227, 0, 11, 23, 25103 }, // U+FEB8
    { 22, 11, 348, 0, 7, 31, 25126 }, // U+FEB9
    { 24, 11, 361, 0, 7, 33, 25157 }, // U+FEBA
    { 15, 8, 241, 0, 7, 15, 25190 }, // U+FEBB
    { 17, 8, 253, 0, 7, 17, 25205 }, // U+FEBC
    { 22, 15, 348, 0, 11, 42, 25222 }, // U+FEBD
    { 24, 15, 361, 0, 11, 45, 25264 }, // U+FEBE
    { 15, 11, 241, 0, 10, 21, 25309 }, // U+FEBF
    { 17, 11, 253, 0, 10, 24, 25330 }, // U+FEC0
    { 13, 13, 210, 0, 12, 22, 25354 }, // U+FEC1
    { 15, 13, 222, 0, 12, 25, 25376 }, // U+FEC2
    { 11, 13, 181, 0, 12, 18, 25401 }, // U+FEC3
    { 13, 13, 189, 0, 12, 22, 25419 }, // U+FEC4
    { 13, 13, 210, 0, 12, 22, 25441 }, // U+FEC5
    { 15, 13, 222, 0, 12, 25, 25463 }, // U+FEC6
    { 11, 13, 181, 0, 12, 18, 25488 }, // U+FEC7
    { 13, 13, 189, 0, 12, 22, 25506 }, // U+FEC8
    { 10, 16, 135, 0, 9, 20, 25528 }, // U+FEC9
    { 10, 14, 142, 0, 7, 18, 25548 }, // U+FECA
    { 8, 9, 134, 0, 8, 9, 25566 }, // U+FECB
    { 10, 8, 139, 0, 7, 10, 25575 }, // U+FECC
    { 10, 20, 135, 0, 13, 25, 25585 }, // U+FECD
    { 10, 18, 142, 0, 11, 23, 25610 }, // U+FECE
    { 8, 13, 134, 0, 12, 13, 25633 }, // U+FECF
    { 10, 12, 139, 0, 11, 15, 25646 }, // U+FED0
    { 16, 14, 262, 0, 13, 28, 25661 }, // U+FED1
    { 20, 12, 293, 0, 11, 30, 25689 }, // U+FED2
    { 7, 14, 119, 0, 13, 13, 25719 }, // U+FED3
    { 10, 12, 132, 0, 11, 15, 25732 }, // U+FED4
    { 13, 15, 206, 0, 11, 25, 25747 }, // U+FED5
    { 15, 15, 216, 0, 10, 29, 25772 }, // U+FED6
    { 7, 14, 119, 0, 13, 13, 25801 }, // U+FED7
    { 10, 12, 132, 0, 11, 15, 25814 }, // U+FED8
    { 14, 13, 235, 0, 12, 23, 25829 }, // U+FED9
    { 17, 13, 246, 0, 12, 28, 25852 }, // U+FEDA
    { 8, 13, 110, 0, 12, 13, 25880 }, // U+FEDB
    { 10, 13, 136, 0, 12, 17, 25893 }, // U+FEDC
    { 11, 16, 185, 0, 12, 22, 25910 }, // U+FEDD
    { 13, 16, 195, 0, 12, 26, 25932 }, // U+FEDE
    { 4, 13, 69, 0, 12, 7, 25958 }, // U+FEDF
    { 6, 13, 80, 0, 12, 10, 25965 }, // U+FEE0
    { 8, 14, 129, 0, 7, 14, 25975 }, // U+FEE1
    { 11, 14, 150, 0, 7, 20, 25989 }, // U+FEE2
    { 8, 7, 140, 0, 6, 7, 26009 }, // U+FEE3
    { 11, 8, 154, 0, 7, 11, 26016 }, // U+FEE4
    { 11, 13, 183, 0, 9, 18, 26027 }, // U+FEE5
    { 13, 13, 195, 0, 9, 22, 26045 }, // U+FEE6
    { 4, 12, 72, 0, 11, 6, 26067 }, // U+FEE7
    { 7, 10, 91, 0, 9, 9, 26073 }, // U+FEE8
    { 7, 8, 108, 0, 8, 7, 26082 }, // U+FEE9
    { 9, 10, 130, 0, 9, 12, 26089 }, // U+FEEA
    { 9, 10, 153, 0, 9, 12, 26101 }, // U+FEEB
    { 10, 11, 135, 0, 7, 14, 26113 }, // U+FEEC
    { 7, 10, 119, 0, 6, 9, 26127 }, // U+FEED
    { 9, 10, 126, 0, 6, 12, 26136 }, // U+FEEE
    { 13, 11, 203, 0, 7, 18, 26148 }, // U+FEEF
    { 14, 7, 196, 0, 3, 13, 26166 }, // U+FEF0
    { 13, 15, 203, 0, 7, 25, 26179 }, // U+FEF1
    { 14, 11, 196, 0, 3, 20, 26204 }, // U+FEF2
    { 5, 11, 80, -1, 7, 7, 26224 }, // U+FEF3
    { 8, 9, 99, 0, 5, 9, 26231 }, // U+FEF4
    { 11, 13, 155, -2, 13, 18, 26240 }, // U+FEF5
    { 12, 14, 160, -1, 13, 21, 26258 }, // U+FEF6
    { 10, 15, 155, -1, 15, 19, 26279 }, // U+FEF7
    { 11, 16, 160, 0, 15, 22, 26298 }, // U+FEF8
    { 9, 18, 155, 0, 12, 21, 26320 }, // U+FEF9
    { 11, 18, 160, 0, 12, 25, 26341 }, // U+FEFA
    { 9, 12, 155, 0, 12, 14, 26366 }, // U+FEFB
    { 11, 13, 160, 0, 12, 18, 26380 }, // U+FEFC
    { 3, 14, 267, 3, 13, 6, 26398 }, // U+FF01
    { 5, 17, 267, 11, 15, 11, 26404 }, // U+FF08
    { 6, 17, 267, 0, 15, 13, 26415 }, // U+FF09
    { 4, 6, 267, 2, 4, 3, 26428 }, // U+FF0C
    { 4, 12, 267, 2, 11, 6, 26431 }, // U+FF1A
    { 8, 14, 267, 0, 13, 14, 26437 }, // U+FF1F
};

static constexpr auto& bevietnampro_8_regularIntervals = builtin_font_metadata::data_c5d1604a19cbeadd;

static constexpr auto& bevietnampro_8_regularKernLeftCodepoints = builtin_font_metadata::data_7fefb6ea7e48f0cb;

static constexpr auto& bevietnampro_8_regularKernLeftClassIds = builtin_font_metadata::data_d220b52e4d998441;

static constexpr auto& bevietnampro_8_regularKernRightCodepoints = builtin_font_metadata::data_35b859de923e6544;

static constexpr auto& bevietnampro_8_regularKernRightClassIds = builtin_font_metadata::data_6e2d59b10cc82b38;

static constexpr auto& bevietnampro_8_regularKernRowOffsets = builtin_font_metadata::data_d11be340c3f2f6a8;

static constexpr auto& bevietnampro_8_regularKernSparseCols = builtin_font_metadata::data_c2a455ae69a5c98b;

static const int8_t bevietnampro_8_regularKernSparseValues[] = {
       8,  -11,   13,  -16,    4,   -5,   -5,   -3,   -5,   -1,   -1,   -3,  -11,  -11,  -19,   -5,
      -8,  -13,  -12,   -5,    8,  -24,  -35,  -13,  -13,  -16,  -16,   21,  -11,   11,   13,   16,
      -8,   -3,   -3,   -3,  -11,   -8,   -5,  -11,  -16,   -4,   -3,   -5,  -11,    5,   -5,    5,
     -21,  -13,  -11,  -13,   -5,   -8,   -5,  -13,  -11,    5,   -5,   -8,  -21,  -13,    3,    3,
     -19,    7,  -27,    5,    8,  -13,  -13,  -13,  -13,  -13,  -13,  -13,  -13,  -13,  -13,  -13,
      -3,    5,  -13,    5,  -11,  -24,  -11,   -5,   -5,  -11,  -11,   -5,  -24,  -24,  -21,  -11,
      -3,   -5,  -16,  -17,   -3,   -3,   -3,   -5,  -11,  -16,  -13,  -21,  -29,  -13,  -13,  -13,
       3,   11,   11,    5,    8,   -5,   -4,    5,    8,   -8,  -16,  -16,  -13,  -11,  -13,  -19,
     -19,  -11,  -19,  -24,  -11,  -43,  -32,  -40,   -8,  -19,  -16,   -5,  -19,  -24,   -8,   -3,
      -3,   -5,  -13,  -13,   -8,   -8,   -8,   -8,  -11,  -13,   -8,   -8,   -5,  -19,  -24,  -13,
     -29,  -24,    5,  -21,   -3,  -35,    3,  -16,  -19,  -27,  -29,  -21,  -24,  -21,  -24,    8,
      -5,  -29,  -19,  -12,  -24,  -29,    5,    5,   -8,  -13,  -11,   -5,  -16,   13,   -8,  -11,
     -11,   -8,  -16,   -5,  -13,  -24,  -27,  -27,  -11,  -21,  -29,    3,    5,   -3,  -19,  -21,
     -13,  -24,   -8,  -35,  -21,   -8,  -11,   -3,   -5,   -5,   -4,   -1,  -11,   -5,  -24,   -9,
     -11,  -21,   -5,   -3,   -5,   -8,   -9,   -3,  -24,  -24,  -16,   -5,   -8,   -5,   -8,  -11,
      -5,  -19,    8,  -16,  -24,  -19,   -3,   -5,   -5,   -8,   -5,  -27,    8,  -12,   -3,   -8,
      -5,  -19,   -5,   -7,  -19,  -11,  -16,  -11,   -5,    3,    5,   11,   -8,    5,    5,   -3,
     -21,   -3,   -5,   -5,   -3,   -5,    3,  -21,  -11,   -3,  -11,  -13,    3,   -5,  -13,  -16,
      -3,    3,    8,    5,   -8,   -7,   -8,  -21,  -11,   -5,   -9,   -3,    5,   -3,  -13,    8,
       8,   -3,   -5,  -21,  -11,   -3,   -8,  -24,  -24,  -16,   -5,   -5,    5,    5,   11,    8,
       3,   11,   16,   21,   -5,   -5,   -5,   19,   19,    8,   11,   11,    8,   16,    8,   21,
      16,   19,   16,   13,   16,   13,   11,   13,   13,   21,   21,   16,   16,   24,   21,   16,
      11,    4,   27,   16,   11,   16,    8,   13,   13,   13,   17,   11,    5,   13,    8,   16,
      20,   16,   21,    8,   17,   17,   13,   -5,  -19,  -13,  -16,    5,   -5,   -2,   -2,   -5,
      -3,   -5,   -3,   -5,   -9,   -9,   -7,    1,   -5,   -9,   -3,   -4,   -6,   -7,  -11,   -5,
      -5,  -13,  -10,   -7,   -3,   -9,  -13,  -10,  -10,   -2,   -4,   -3,   -2,   -5,   -3,   -5,
      -3,   -5,   -5,   -2,   -3,   -6,   -5,   -5,   -3,  -17,   -5,   -2,   -2,   -2,   -8,   -2,
      -2,   -6,   -5,   -5,   -5,   -3,   -4,   -4,   -7,   -7,  -11,   -1,   -5,   -8,   -7,   -5,
     -10,   -4,    5,   -2,   -5,   -3,   -5,   -6,   -7,   -4,   -4,   -7,   -1,   -8,   -1,   -1,
      -8,   -3,   -3,   -2,   -7,   -2,   -5,   -2,   -2,   -7,   -1,   -2,   -3,   -7,   -5,   -5,
      -7,   -9,   -7,  -11,   -5,   -4,   -5,   -2,   -3,   -8,   -3,   -5,   -6,   -6,   -1,   -6,
      -2,   -3,   -2,   -2,  -12,  -13,   -4,   -5,   -1,   -9,  -11,  -11,   -7,   -5,   -8,   -5,
     -11,   -7,   -8,
};

static const EpdFontData bevietnampro_8_regular = {
    bevietnampro_8_regularBitmaps,
    bevietnampro_8_regularGlyphs,
    bevietnampro_8_regularIntervals,
    515,
    21,
    17,
    -5,
    false,
    nullptr,
    0,
    nullptr,
    nullptr,  // kernLeftClasses: built-in fonts use the split arrays below
    nullptr,  // kernRightClasses
    bevietnampro_8_regularKernLeftCodepoints,
    bevietnampro_8_regularKernLeftClassIds,
    bevietnampro_8_regularKernRightCodepoints,
    bevietnampro_8_regularKernRightClassIds,
    nullptr,  // kernMatrix: built-in fonts use the sparse form below
    bevietnampro_8_regularKernRowOffsets,
    bevietnampro_8_regularKernSparseCols,
    bevietnampro_8_regularKernSparseValues,
    322,
    369,
    76,
    80,
    nullptr,
    0,
};
