// Offline UI ink tuning: scripts/build_ui_ink.py; geometry preserved.
// Chinese UI charset SHA256: 25672d69be91c56de4310eb00c30433b9100dd45232cd849e17c8db7fefe6aad
// Noto Sans SC source SHA256: a3041811a78c361b1de50f953c805e0244951c21c5bd412f7232ef0d899af0da
/**
 * generated by fontconvert.py
 * name: bevietnampro_10_bold
 * size: 10
 * mode: 1-bit
 * Command used: lib/EpdFont/scripts/fontconvert.py bevietnampro_10_bold 10 ../builtinFonts/source/BeVietnamPro/BeVietnamPro-Bold.ttf ../builtinFonts/source/NotoSansHebrew/NotoSansHebrew-Bold.ttf ../builtinFonts/source/NotoSansArabic/NotoSansArabic-Bold.ttf <generated>/NotoSansSC-UI-500.ttf --additional-intervals 0x05D0,0x05EA --additional-intervals 0x060C,0x060C --additional-intervals 0x061B,0x061B --additional-intervals 0x061F,0x061F --additional-intervals 0x0621,0x0621 --additional-intervals 0x0640,0x0640 --additional-intervals 0x0654,0x0654 --additional-intervals 0x0660,0x0669 --additional-intervals 0x06BA,0x06BA --additional-intervals 0x06D4,0x06D4 --additional-intervals 0x06D5,0x06D5 --additional-intervals 0x06F0,0x06F9 --additional-intervals 0xFB56,0xFB59 --additional-intervals 0xFB66,0xFB69 --additional-intervals 0xFB7A,0xFB7D --additional-intervals 0xFB88,0xFB95 --additional-intervals 0xFB9E,0xFB9F --additional-intervals 0xFBA6,0xFBB1 --additional-intervals 0xFBFC,0xFBFF --additional-intervals 0xFE80,0xFEFC --additional-intervals 12289,12289 --additional-intervals 12290,12290 --additional-intervals 19968,19968 --additional-intervals 19978,19978 --additional-intervals 19979,19979 --additional-intervals 19981,19981 --additional-intervals 19982,19982 --additional-intervals 19988,19988 --additional-intervals 20002,20002 --additional-intervals 20004,20004 --additional-intervals 20010,20010 --additional-intervals 20013,20013 --additional-intervals 20018,20018 --additional-intervals 20026,20026 --additional-intervals 20027,20027 --additional-intervals 20041,20041 --additional-intervals 20043,20043 --additional-intervals 20064,20064 --additional-intervals 20070,20070 --additional-intervals 20108,20108 --additional-intervals 20110,20110 --additional-intervals 20114,20114 --additional-intervals 20132,20132 --additional-intervals 20142,20142 --additional-intervals 20154,20154 --additional-intervals 20165,20165 --additional-intervals 20170,20170 --additional-intervals 20174,20174 --additional-intervals 20182,20182 --additional-intervals 20197,20197 --additional-intervals 20214,20214 --additional-intervals 20219,20219 --additional-intervals 20241,20241 --additional-intervals 20256,20256 --additional-intervals 20272,20272 --additional-intervals 20301,20301 --additional-intervals 20307,20307 --additional-intervals 20313,20313 --additional-intervals 20316,20316 --additional-intervals 20320,20320 --additional-intervals 20351,20351 --additional-intervals 20379,20379 --additional-intervals 20391,20391 --additional-intervals 20415,20415 --additional-intervals 20445,20445 --additional-intervals 20449,20449 --additional-intervals 20462,20462 --additional-intervals 20498,20498 --additional-intervals 20540,20540 --additional-intervals 20542,20542 --additional-intervals 20559,20559 --additional-intervals 20648,20648 --additional-intervals 20803,20803 --additional-intervals 20808,20808 --additional-intervals 20809,20809 --additional-intervals 20837,20837 --additional-intervals 20840,20840 --additional-intervals 20845,20845 --additional-intervals 20851,20851 --additional-intervals 20854,20854 --additional-intervals 20855,20855 --additional-intervals 20856,20856 --additional-intervals 20869,20869 --additional-intervals 20876,20876 --additional-intervals 20877,20877 --additional-intervals 20889,20889 --additional-intervals 20934,20934 --additional-intervals 20945,20945 --additional-intervals 20986,20986 --additional-intervals 20998,20998 --additional-intervals 20999,20999 --additional-intervals 21015,21015 --additional-intervals 21019,21019 --additional-intervals 21021,21021 --additional-intervals 21024,21024 --additional-intervals 21040,21040 --additional-intervals 21046,21046 --additional-intervals 21047,21047 --additional-intervals 21069,21069 --additional-intervals 21097,21097 --additional-intervals 21098,21098 --additional-intervals 21151,21151 --additional-intervals 21152,21152 --additional-intervals 21153,21153 --additional-intervals 21160,21160 --additional-intervals 21247,21247 --additional-intervals 21253,21253 --additional-intervals 21305,21305 --additional-intervals 21306,21306 --additional-intervals 21333,21333 --additional-intervals 21344,21344 --additional-intervals 21345,21345 --additional-intervals 21363,21363 --additional-intervals 21387,21387 --additional-intervals 21407,21407 --additional-intervals 21453,21453 --additional-intervals 21457,21457 --additional-intervals 21462,21462 --additional-intervals 21475,21475 --additional-intervals 21487,21487 --additional-intervals 21491,21491 --additional-intervals 21495,21495 --additional-intervals 21508,21508 --additional-intervals 21516,21516 --additional-intervals 21517,21517 --additional-intervals 21518,21518 --additional-intervals 21521,21521 --additional-intervals 21542,21542 --additional-intervals 21547,21547 --additional-intervals 21551,21551 --additional-intervals 21578,21578 --additional-intervals 21608,21608 --additional-intervals 21629,21629 --additional-intervals 21644,21644 --additional-intervals 21704,21704 --additional-intervals 21796,21796 --additional-intervals 22120,22120 --additional-intervals 22235,22235 --additional-intervals 22238,22238 --additional-intervals 22240,22240 --additional-intervals 22260,22260 --additional-intervals 22266,22266 --additional-intervals 22270,22270 --additional-intervals 22278,22278 --additional-intervals 22312,22312 --additional-intervals 22320,22320 --additional-intervals 22336,22336 --additional-intervals 22343,22343 --additional-intervals 22402,22402 --additional-intervals 22522,22522 --additional-intervals 22686,22686 --additional-intervals 22791,22791 --additional-intervals 22797,22797 --additional-intervals 22810,22810 --additional-intervals 22812,22812 --additional-intervals 22823,22823 --additional-intervals 22825,22825 --additional-intervals 22833,22833 --additional-intervals 22836,22836 --additional-intervals 22841,22841 --additional-intervals 22987,22987 --additional-intervals 23383,23383 --additional-intervals 23384,23384 --additional-intervals 23433,23433 --additional-intervals 23436,23436 --additional-intervals 23450,23450 --additional-intervals 23478,23478 --additional-intervals 23481,23481 --additional-intervals 23485,23485 --additional-intervals 23494,23494 --additional-intervals 23545,23545 --additional-intervals 23553,23553 --additional-intervals 23558,23558 --additional-intervals 23567,23567 --additional-intervals 23569,23569 --additional-intervals 23578,23578 --additional-intervals 23601,23601 --additional-intervals 23616,23616 --additional-intervals 23621,23621 --additional-intervals 23631,23631 --additional-intervals 24037,24037 --additional-intervals 24038,24038 --additional-intervals 24050,24050 --additional-intervals 24067,24067 --additional-intervals 24076,24076 --additional-intervals 24102,24102 --additional-intervals 24149,24149 --additional-intervals 24179,24179 --additional-intervals 24182,24182 --additional-intervals 24207,24207 --additional-intervals 24212,24212 --additional-intervals 24213,24213 --additional-intervals 24230,24230 --additional-intervals 24314,24314 --additional-intervals 24320,24320 --additional-intervals 24335,24335 --additional-intervals 24341,24341 --additional-intervals 24377,24377 --additional-intervals 24403,24403 --additional-intervals 24405,24405 --additional-intervals 24471,24471 --additional-intervals 24536,24536 --additional-intervals 24555,24555 --additional-intervals 24573,24573 --additional-intervals 24577,24577 --additional-intervals 24674,24674 --additional-intervals 24687,24687 --additional-intervals 24773,24773 --additional-intervals 24815,24815 --additional-intervals 24847,24847 --additional-intervals 24930,24930 --additional-intervals 25104,25104 --additional-intervals 25110,25110 --additional-intervals 25130,25130 --additional-intervals 25143,25143 --additional-intervals 25152,25152 --additional-intervals 25163,25163 --additional-intervals 25171,25171 --additional-intervals 25195,25195 --additional-intervals 25214,25214 --additional-intervals 25239,25239 --additional-intervals 25253,25253 --additional-intervals 25300,25300 --additional-intervals 25321,25321 --additional-intervals 25345,25345 --additional-intervals 25351,25351 --additional-intervals 25353,25353 --additional-intervals 25381,25381 --additional-intervals 25442,25442 --additional-intervals 25454,25454 --additional-intervals 25490,25490 --additional-intervals 25509,25509 --additional-intervals 25511,25511 --additional-intervals 25512,25512 --additional-intervals 25551,25551 --additional-intervals 25552,25552 --additional-intervals 25554,25554 --additional-intervals 25628,25628 --additional-intervals 25688,25688 --additional-intervals 25805,25805 --additional-intervals 25910,25910 --additional-intervals 25913,25913 --additional-intervals 25918,25918 --additional-intervals 25928,25928 --additional-intervals 25968,25968 --additional-intervals 25972,25972 --additional-intervals 25991,25991 --additional-intervals 26012,26012 --additional-intervals 26029,26029 --additional-intervals 26032,26032 --additional-intervals 26041,26041 --additional-intervals 26080,26080 --additional-intervals 26085,26085 --additional-intervals 26089,26089 --additional-intervals 26102,26102 --additional-intervals 26126,26126 --additional-intervals 26159,26159 --additional-intervals 26174,26174 --additional-intervals 26224,26224 --additional-intervals 26234,26234 --additional-intervals 26242,26242 --additional-intervals 26356,26356 --additional-intervals 26368,26368 --additional-intervals 26377,26377 --additional-intervals 26381,26381 --additional-intervals 26399,26399 --additional-intervals 26410,26410 --additional-intervals 26411,26411 --additional-intervals 26412,26412 --additional-intervals 26426,26426 --additional-intervals 26465,26465 --additional-intervals 26469,26469 --additional-intervals 26494,26494 --additional-intervals 26512,26512 --additional-intervals 26524,26524 --additional-intervals 26597,26597 --additional-intervals 26631,26631 --additional-intervals 26639,26639 --additional-intervals 26679,26679 --additional-intervals 26681,26681 --additional-intervals 26684,26684 --additional-intervals 26694,26694 --additional-intervals 26723,26723 --additional-intervals 26816,26816 --additional-intervals 27169,27169 --additional-intervals 27178,27178 --additional-intervals 27425,27425 --additional-intervals 27491,27491 --additional-intervals 27492,27492 --additional-intervals 27493,27493 --additional-intervals 27573,27573 --additional-intervals 27599,27599 --additional-intervals 27604,27604 --additional-intervals 27700,27700 --additional-intervals 27785,27785 --additional-intervals 27809,27809 --additional-intervals 27861,27861 --additional-intervals 27880,27880 --additional-intervals 27963,27963 --additional-intervals 27973,27973 --additional-intervals 27983,27983 --additional-intervals 28040,28040 --additional-intervals 28145,28145 --additional-intervals 28155,28155 --additional-intervals 28165,28165 --additional-intervals 28176,28176 --additional-intervals 28201,28201 --additional-intervals 28304,28304 --additional-intervals 28369,28369 --additional-intervals 28388,28388 --additional-intervals 28783,28783 --additional-intervals 28857,28857 --additional-intervals 28909,28909 --additional-intervals 28982,28982 --additional-intervals 29255,29255 --additional-intervals 29256,29256 --additional-intervals 29273,29273 --additional-intervals 29366,29366 --additional-intervals 29483,29483 --additional-intervals 29575,29575 --additional-intervals 29616,29616 --additional-intervals 29702,29702 --additional-intervals 29992,29992 --additional-intervals 30005,30005 --additional-intervals 30011,30011 --additional-intervals 30028,30028 --additional-intervals 30041,30041 --additional-intervals 30053,30053 --additional-intervals 30331,30331 --additional-intervals 30334,30334 --additional-intervals 30340,30340 --additional-intervals 30424,30424 --additional-intervals 30446,30446 --additional-intervals 30452,30452 --additional-intervals 30475,30475 --additional-intervals 30496,30496 --additional-intervals 30528,30528 --additional-intervals 30561,30561 --additional-intervals 30701,30701 --additional-intervals 30721,30721 --additional-intervals 30830,30830 --additional-intervals 31034,31034 --additional-intervals 31105,31105 --additional-intervals 31186,31186 --additional-intervals 31216,31216 --additional-intervals 31227,31227 --additional-intervals 31243,31243 --additional-intervals 31354,31354 --additional-intervals 31435,31435 --additional-intervals 31446,31446 --additional-intervals 31456,31456 --additional-intervals 31471,31471 --additional-intervals 31526,31526 --additional-intervals 31532,31532 --additional-intervals 31614,31614 --additional-intervals 31616,31616 --additional-intervals 31639,31639 --additional-intervals 31649,31649 --additional-intervals 31661,31661 --additional-intervals 31821,31821 --additional-intervals 31895,31895 --additional-intervals 31995,31995 --additional-intervals 32034,32034 --additional-intervals 32039,32039 --additional-intervals 32447,32447 --additional-intervals 32454,32454 --additional-intervals 32456,32456 --additional-intervals 32467,32467 --additional-intervals 32476,32476 --additional-intervals 32479,32479 --additional-intervals 32487,32487 --additional-intervals 32490,32490 --additional-intervals 32493,32493 --additional-intervals 32500,32500 --additional-intervals 32531,32531 --additional-intervals 32534,32534 --additional-intervals 32541,32541 --additional-intervals 32553,32553 --additional-intervals 32593,32593 --additional-intervals 32622,32622 --additional-intervals 32763,32763 --additional-intervals 32773,32773 --additional-intervals 33021,33021 --additional-intervals 33041,33041 --additional-intervals 33050,33050 --additional-intervals 33258,33258 --additional-intervals 33267,33267 --additional-intervals 33394,33394 --additional-intervals 33410,33410 --additional-intervals 33509,33509 --additional-intervals 33521,33521 --additional-intervals 33539,33539 --additional-intervals 33616,33616 --additional-intervals 33719,33719 --additional-intervals 33756,33756 --additional-intervals 33853,33853 --additional-intervals 34013,34013 --additional-intervals 34255,34255 --additional-intervals 34892,34892 --additional-intervals 34920,34920 --additional-intervals 34987,34987 --additional-intervals 35009,35009 --additional-intervals 35013,35013 --additional-intervals 35114,35114 --additional-intervals 35201,35201 --additional-intervals 35265,35265 --additional-intervals 35272,35272 --additional-intervals 35299,35299 --additional-intervals 35302,35302 --additional-intervals 35328,35328 --additional-intervals 35745,35745 --additional-intervals 35748,35748 --additional-intervals 35758,35758 --additional-intervals 35760,35760 --additional-intervals 35774,35774 --additional-intervals 35777,35777 --additional-intervals 35789,35789 --additional-intervals 35797,35797 --additional-intervals 35810,35810 --additional-intervals 35814,35814 --additional-intervals 35821,35821 --additional-intervals 35823,35823 --additional-intervals 35828,35828 --additional-intervals 35831,35831 --additional-intervals 35835,35835 --additional-intervals 35843,35843 --additional-intervals 36133,36133 --additional-intervals 36134,36134 --additional-intervals 36215,36215 --additional-intervals 36229,36229 --additional-intervals 36275,36275 --additional-intervals 36291,36291 --additional-intervals 36305,36305 --additional-intervals 36317,36317 --additional-intervals 36319,36319 --additional-intervals 36339,36339 --additional-intervals 36716,36716 --additional-intervals 36731,36731 --additional-intervals 36733,36733 --additional-intervals 36739,36739 --additional-intervals 36755,36755 --additional-intervals 36793,36793 --additional-intervals 36798,36798 --additional-intervals 36807,36807 --additional-intervals 36817,36817 --additional-intervals 36820,36820 --additional-intervals 36824,36824 --additional-intervals 36825,36825 --additional-intervals 36827,36827 --additional-intervals 36828,36828 --additional-intervals 36830,36830 --additional-intervals 36864,36864 --additional-intervals 36865,36865 --additional-intervals 36866,36866 --additional-intervals 36870,36870 --additional-intervals 36873,36873 --additional-intervals 36879,36879 --additional-intervals 36890,36890 --additional-intervals 36895,36895 --additional-intervals 37096,37096 --additional-intervals 37117,37117 --additional-intervals 37197,37197 --additional-intervals 37266,37266 --additional-intervals 37322,37322 --additional-intervals 37325,37325 --additional-intervals 37327,37327 --additional-intervals 38024,38024 --additional-intervals 38047,38047 --additional-intervals 38142,38142 --additional-intervals 38169,38169 --additional-intervals 38190,38190 --additional-intervals 38191,38191 --additional-intervals 38236,38236 --additional-intervals 38271,38271 --additional-intervals 38381,38381 --additional-intervals 38382,38382 --additional-intervals 38388,38388 --additional-intervals 38405,38405 --additional-intervals 38451,38451 --additional-intervals 38468,38468 --additional-intervals 38500,38500 --additional-intervals 38543,38543 --additional-intervals 38544,38544 --additional-intervals 38656,38656 --additional-intervals 38754,38754 --additional-intervals 39029,39029 --additional-intervals 39030,39030 --additional-intervals 39033,39033 --additional-intervals 39034,39034 --additional-intervals 39044,39044 --additional-intervals 39057,39057 --additional-intervals 39064,39064 --additional-intervals 39304,39304 --additional-intervals 39318,39318 --additional-intervals 39564,39564 --additional-intervals 40479,40479 --additional-intervals 40560,40560 --additional-intervals 40664,40664 --additional-intervals 40784,40784 --additional-intervals 40831,40831 --additional-intervals 65281,65281 --additional-intervals 65288,65288 --additional-intervals 65289,65289 --additional-intervals 65292,65292 --additional-intervals 65306,65306 --additional-intervals 65311,65311
 */
#pragma once
#include "builtin_font_metadata.h"
#include "EpdFontData.h"

static const uint8_t bevietnampro_10_boldBitmaps[41822] = {
    0xFB, 0xDE, 0xF7, 0x39, 0xCE, 0x73, 0x9C, 0x07, 0x3D, 0xC0, 0xEF, 0xDF, 0xBF, 0xEF, 0xC0, 0x03,
    0x8E, 0x01, 0xCF, 0x01, 0xE7, 0x83, 0xFF, 0xF3, 0xFF, 0xF9, 0xFF, 0xFC, 0x1C, 0xF0, 0x1E, 0x78,
    0x0F, 0x38, 0x3F, 0xFF, 0x9F, 0xFF, 0xCF, 0xFF, 0xE1, 0xE7, 0x80, 0xF3, 0x80, 0x71, 0xC0, 0x03,
    0x00, 0x18, 0x07, 0xF8, 0x7F, 0xE7, 0xFF, 0xBD, 0xBD, 0xED, 0xEF, 0xE0, 0x7F, 0xC1, 0xFF, 0x83,
    0xFE, 0x07, 0xFF, 0xB7, 0xBD, 0xBD, 0xFF, 0xE7, 0xFE, 0x1F, 0xE0, 0x3C, 0x00, 0xC0, 0x7C, 0x1C,
    0x7F, 0x1C, 0x3B, 0x9E, 0x1D, 0xCE, 0x0F, 0xEF, 0x03, 0xE7, 0x00, 0x07, 0x00, 0x07, 0x80, 0x03,
    0xBE, 0x03, 0xFF, 0x81, 0xDD, 0xC1, 0xEE, 0x70, 0xE7, 0x70, 0xE3, 0xF8, 0xF0, 0xF8, 0x0F, 0xC0,
    0x1F, 0xE0, 0x3F, 0xE0, 0x3C, 0xE0, 0x3D, 0xE0, 0x1F, 0xC0, 0x1F, 0x9C, 0x3F, 0x9C, 0x7F, 0xDC,
    0x73, 0xFC, 0x71, 0xF8, 0x78, 0xF8, 0x7F, 0xFC, 0x3F, 0xFE, 0x1F, 0xDE, 0xFE, 0xEE, 0xE0, 0x00,
    0x83, 0xC3, 0xE3, 0xF3, 0xF1, 0xF1, 0xF0, 0xF8, 0x78, 0x3C, 0x1E, 0x1F, 0x0F, 0x83, 0xC1, 0xE0,
    0xF0, 0x7C, 0x1E, 0x0F, 0x83, 0xF0, 0xF8, 0x3C, 0x0E, 0x40, 0x78, 0x3F, 0x1F, 0x83, 0xE0, 0xF8,
    0x3C, 0x1F, 0x0F, 0x83, 0xC1, 0xE0, 0xF0, 0x78, 0x3C, 0x1E, 0x1F, 0x0F, 0x0F, 0x8F, 0x8F, 0xCF,
    0xC7, 0xC3, 0x80, 0x0E, 0x03, 0x87, 0xFD, 0xFF, 0x7F, 0xC7, 0xC3, 0xF8, 0xEE, 0x11, 0x00, 0x1E,
    0x07, 0x81, 0xE3, 0xFF, 0xFF, 0xFF, 0xF1, 0xE0, 0x78, 0x1E, 0x00, 0x73, 0xDE, 0x67, 0x30, 0xFF,
    0xFF, 0xFF, 0xE0, 0x77, 0xDC, 0x00, 0xE0, 0x3C, 0x07, 0x81, 0xE0, 0x3C, 0x07, 0x81, 0xE0, 0x3C,
    0x07, 0x81, 0xE0, 0x3C, 0x07, 0x01, 0xE0, 0x3C, 0x07, 0x01, 0xE0, 0x3C, 0x07, 0x01, 0xE0, 0x3C,
    0x07, 0x00, 0x0F, 0xE0, 0x7F, 0xC3, 0xFF, 0x9F, 0x1F, 0x78, 0x3D, 0xE0, 0xFF, 0x83, 0xFE, 0x0F,
    0xF8, 0x3D, 0xE0, 0xF7, 0x83, 0xDF, 0x1F, 0x3F, 0xF8, 0x7F, 0xC0, 0xFE, 0x00, 0x0F, 0x3F, 0x7F,
    0xFF, 0x7F, 0x0F, 0x0F, 0x0F, 0x0F, 0x0F, 0x0F, 0x0F, 0x0F, 0x0F, 0x0F, 0x1F, 0x87, 0xFE, 0xFF,
    0xEF, 0x9F, 0xF0, 0xFE, 0x0F, 0x01, 0xF0, 0x3E, 0x07, 0xC0, 0xF8, 0x3F, 0x07, 0xE0, 0xFF, 0xFF,
    0xFF, 0xFF, 0xF0, 0x1F, 0xC7, 0xFE, 0x7F, 0xFF, 0x0F, 0xF0, 0xF0, 0x1F, 0x0F, 0xE0, 0xFC, 0x0F,
    0xF0, 0x0F, 0xF0, 0xFF, 0x0F, 0x7F, 0xF7, 0xFE, 0x3F, 0xC0, 0x01, 0xF0, 0x07, 0xE0, 0x1F, 0xC0,
    0x7F, 0x80, 0xFF, 0x03, 0xDE, 0x0F, 0xBC, 0x1E, 0x78, 0x78, 0xF1, 0xFF, 0xFF, 0xFF, 0xFF, 0xFF,
    0xF0, 0x0F, 0x00, 0x1E, 0x00, 0x3C, 0x00, 0x7F, 0xE3, 0xFF, 0x1F, 0xF8, 0xE0, 0x07, 0x78, 0x3F,
    0xF3, 0xFF, 0x9F, 0xBE, 0xF0, 0xF0, 0x03, 0xBC, 0x3D, 0xE1, 0xE7, 0xFF, 0x3F, 0xF0, 0x7F, 0x00,
    0x07, 0xE0, 0xFF, 0x0F, 0xF8, 0xFC, 0x07, 0x80, 0x7F, 0xE3, 0xFF, 0xDF, 0xFE, 0xF8, 0xFF, 0xC3,
    0xFE, 0x1E, 0xF1, 0xF7, 0xFF, 0x1F, 0xF0, 0x7F, 0x00, 0xFF, 0xF7, 0xFF, 0xBF, 0xFC, 0x03, 0xC0,
    0x3E, 0x01, 0xE0, 0x1E, 0x00, 0xF0, 0x0F, 0x00, 0x78, 0x03, 0xC0, 0x3E, 0x01, 0xE0, 0x0F, 0x00,
    0x78, 0x00, 0x3F, 0xC7, 0xFE, 0xFF, 0xFF, 0x9F, 0xF0, 0xFF, 0x9F, 0x7F, 0xE3, 0xFE, 0xFF, 0xFF,
    0x8F, 0xF0, 0xFF, 0x8F, 0xFF, 0xF7, 0xFE, 0x3F, 0xC0, 0x1F, 0xC3, 0xFF, 0x1F, 0xFD, 0xF3, 0xEF,
    0x0F, 0xF8, 0x7F, 0xE7, 0xFF, 0xFF, 0x7F, 0xF8, 0xFF, 0x80, 0x7C, 0x07, 0xC7, 0xFE, 0x3F, 0xE1,
    0xFC, 0x00, 0x77, 0xDC, 0x00, 0x00, 0x00, 0x77, 0xDC, 0x73, 0xDE, 0xE0, 0x00, 0x00, 0x73, 0xDE,
    0x67, 0x30, 0x00, 0x00, 0x70, 0x7C, 0x7F, 0x7F, 0xBF, 0x0F, 0xE1, 0xFE, 0x1F, 0xC0, 0xF0, 0x0C,
    0xFF, 0xFF, 0xFF, 0xFF, 0xF0, 0x00, 0xFF, 0xFF, 0xFF, 0xFF, 0xF0, 0x00, 0x38, 0x0F, 0x83, 0xF8,
    0x3F, 0x83, 0xF1, 0xFD, 0xFE, 0xFE, 0x3C, 0x0C, 0x00, 0x3F, 0x8F, 0xFB, 0xFF, 0xF8, 0xFF, 0x1E,
    0x03, 0xC0, 0xF8, 0x3E, 0x0F, 0x81, 0xE0, 0x38, 0x00, 0x00, 0xE0, 0x3C, 0x03, 0x80, 0x03, 0xFE,
    0x00, 0x3F, 0xFC, 0x03, 0xFF, 0xF0, 0x3E, 0x07, 0xC3, 0xC0, 0x0F, 0x3C, 0x00, 0x39, 0xE7, 0xFD,
    0xEE, 0x7F, 0xE7, 0x73, 0xFF, 0x3B, 0x9C, 0x79, 0xDC, 0xE3, 0xCE, 0xE7, 0xBE, 0xF7, 0x3F, 0xFF,
    0x3C, 0xFF, 0xF8, 0xF3, 0xCF, 0x07, 0xC0, 0x00, 0x1F, 0x87, 0x00, 0x7F, 0xFC, 0x01, 0xFF, 0xE0,
    0x01, 0xF8, 0x00, 0x07, 0xE0, 0x07, 0xE0, 0x07, 0xF0, 0x0F, 0xF0, 0x0F, 0xF0, 0x0F, 0x78, 0x1E,
    0x78, 0x1E, 0x78, 0x1E, 0x3C, 0x3F, 0xFC, 0x3F, 0xFE, 0x7F, 0xFE, 0x78, 0x1E, 0x78, 0x1F, 0xF8,
    0x0F, 0xFF, 0xE7, 0xFF, 0xBF, 0xFF, 0xE1, 0xFF, 0x07, 0xF8, 0x7B, 0xFF, 0x9F, 0xFE, 0xFF, 0xFF,
    0x83, 0xFC, 0x1F, 0xE0, 0xFF, 0xFF, 0xFF, 0xFB, 0xFF, 0x80, 0x07, 0xF0, 0x1F, 0xFC, 0x3F, 0xFE,
    0x3E, 0x3E, 0x7C, 0x1F, 0x78, 0x0F, 0x78, 0x00, 0xF8, 0x00, 0x78, 0x00, 0x78, 0x0E, 0x7C, 0x1F,
    0x3E, 0x3E, 0x3F, 0xFE, 0x1F, 0xFC, 0x07, 0xF0, 0xFF, 0xC3, 0xFF, 0xCF, 0xFF, 0xBC, 0x3E, 0xF0,
    0x7F, 0xC0, 0xFF, 0x03, 0xFC, 0x0F, 0xF0, 0x3F, 0xC0, 0xFF, 0x07, 0xFC, 0x3E, 0xFF, 0xFB, 0xFF,
    0xCF, 0xFC, 0x00, 0xFF, 0xFF, 0xFF, 0xFF, 0xFF, 0x00, 0xF0, 0x0F, 0x00, 0xFF, 0xEF, 0xFE, 0xFF,
    0xEF, 0x00, 0xF0, 0x0F, 0x00, 0xFF, 0xFF, 0xFF, 0xFF, 0xF0, 0xFF, 0xFF, 0xFF, 0xFF, 0xFF, 0x00,
    0xF0, 0x0F, 0x00, 0xFF, 0xEF, 0xFE, 0xFF, 0xEF, 0x00, 0xF0, 0x0F, 0x00, 0xF0, 0x0F, 0x00, 0xF0,
    0x00, 0x07, 0xF8, 0x1F, 0xFC, 0x3F, 0xFE, 0x3E, 0x1F, 0x7C, 0x0F, 0x78, 0x00, 0x78, 0xFF, 0x78,
    0xFF, 0x78, 0xFF, 0x78, 0x0F, 0x7C, 0x0F, 0x3E, 0x1E, 0x3F, 0xFE, 0x1F, 0xFC, 0x07, 0xF0, 0xF0,
    0x7F, 0x83, 0xFC, 0x1F, 0xE0, 0xFF, 0x07, 0xF8, 0x3F, 0xFF, 0xFF, 0xFF, 0xFF, 0xFF, 0x83, 0xFC,
    0x1F, 0xE0, 0xFF, 0x07, 0xF8, 0x3F, 0xC1, 0xE0, 0xFF, 0xFF, 0xFF, 0xFF, 0xFF, 0xFF, 0xFF, 0xF0,
    0x07, 0x83, 0xC1, 0xE0, 0xF0, 0x78, 0x3C, 0x1E, 0x0F, 0x07, 0x83, 0xC1, 0xE0, 0xF7, 0xFF, 0xFB,
    0xF8, 0xF0, 0xFF, 0xC3, 0xEF, 0x1F, 0x3C, 0xF8, 0xF7, 0xC3, 0xFE, 0x0F, 0xF0, 0x3F, 0xC0, 0xFF,
    0x83, 0xFF, 0x0F, 0x7C, 0x3C, 0xF8, 0xF1, 0xF3, 0xC3, 0xEF, 0x0F, 0xC0, 0xF0, 0x0F, 0x00, 0xF0,
    0x0F, 0x00, 0xF0, 0x0F, 0x00, 0xF0, 0x0F, 0x00, 0xF0, 0x0F, 0x00, 0xF0, 0x0F, 0x00, 0xFF, 0xFF,
    0xFF, 0xFF, 0xF0, 0xFC, 0x1F, 0xFE, 0x0F, 0xFF, 0x8F, 0xFF, 0xC7, 0xFF, 0xF7, 0xFF, 0xFB, 0xFF,
    0xFF, 0xFF, 0xEF, 0xEF, 0xF7, 0xF7, 0xFB, 0xF3, 0xFC, 0xF9, 0xFE, 0x78, 0xFF, 0x00, 0x7F, 0x80,
    0x3F, 0xC0, 0x1E, 0xF0, 0x3F, 0xE0, 0xFF, 0xC3, 0xFF, 0x0F, 0xFE, 0x3F, 0xFC, 0xFF, 0xFB, 0xFF,
    0xEF, 0xF7, 0xFF, 0xCF, 0xFF, 0x1F, 0xFC, 0x7F, 0xF0, 0xFF, 0xC1, 0xFF, 0x07, 0xC0, 0x07, 0xF0,
    0x0F, 0xFE, 0x0F, 0xFF, 0x87, 0xC7, 0xE7, 0xC0, 0xF3, 0xC0, 0x7D, 0xE0, 0x3F, 0xF0, 0x0F, 0x78,
    0x0F, 0xBC, 0x07, 0xDF, 0x03, 0xC7, 0xC7, 0xE3, 0xFF, 0xE0, 0xFF, 0xE0, 0x1F, 0xC0, 0xFF, 0xE7,
    0xFF, 0xBF, 0xFF, 0xE1, 0xFF, 0x07, 0xF8, 0x3F, 0xC3, 0xFF, 0xFF, 0xFF, 0xF7, 0xFF, 0x3C, 0x01,
    0xE0, 0x0F, 0x00, 0x78, 0x03, 0xC0, 0x00, 0x07, 0xF0, 0x0F, 0xFE, 0x0F, 0xFF, 0x87, 0xC7, 0xE7,
    0xC0, 0xF3, 0xC0, 0x7D, 0xE0, 0x3F, 0xF0, 0x0F, 0x78, 0xEF, 0xBC, 0x7F, 0xDF, 0x1F, 0xC7, 0xCF,
    0xE3, 0xFF, 0xE0, 0xFF, 0xF8, 0x1F, 0xFE, 0xFF, 0xC7, 0xFF, 0xBF, 0xFD, 0xE1, 0xFF, 0x07, 0xF8,
    0x7F, 0xFF, 0xDF, 0xFE, 0xFF, 0xC7, 0x9E, 0x3C, 0x79, 0xE3, 0xCF, 0x0F, 0x78, 0x7B, 0xC3, 0xE0,
    0x1F, 0xE0, 0xFF, 0xC7, 0xFF, 0x9E, 0x1E, 0x78, 0x79, 0xF8, 0x07, 0xFE, 0x0F, 0xFE, 0x0F, 0xF8,
    0x03, 0xF7, 0x83, 0xDF, 0x1F, 0x7F, 0xF8, 0xFF, 0xC0, 0xFE, 0x00, 0xFF, 0xFF, 0xFF, 0xFF, 0xFF,
    0xC1, 0xF0, 0x07, 0xC0, 0x1F, 0x00, 0x7C, 0x01, 0xF0, 0x07, 0xC0, 0x1F, 0x00, 0x7C, 0x01, 0xF0,
    0x07, 0xC0, 0x1F, 0x00, 0x7C, 0x00, 0xF0, 0x7F, 0xC1, 0xFF, 0x07, 0xFC, 0x1F, 0xF0, 0x7F, 0xC1,
    0xFF, 0x07, 0xFC, 0x1F, 0xF0, 0x7F, 0xC1, 0xEF, 0x87, 0xBE, 0x3E, 0x7F, 0xF8, 0xFF, 0xC1, 0xFC,
    0x00, 0xF8, 0x1F, 0x78, 0x1E, 0x78, 0x1E, 0x78, 0x3E, 0x3C, 0x3C, 0x3C, 0x3C, 0x3C, 0x7C, 0x1E,
    0x78, 0x1E, 0x78, 0x1E, 0xF8, 0x0F, 0xF0, 0x0F, 0xF0, 0x0F, 0xF0, 0x07, 0xE0, 0x07, 0xE0, 0xF0,
    0x7C, 0x3D, 0xE1, 0xF0, 0xF7, 0x87, 0xC3, 0xDE, 0x3F, 0x1E, 0x78, 0xFE, 0x78, 0xF3, 0xF9, 0xE3,
    0xDF, 0xE7, 0x8F, 0x7F, 0xBC, 0x3D, 0xEF, 0xF0, 0x7F, 0xBF, 0xC1, 0xFC, 0xFF, 0x07, 0xF3, 0xF8,
    0x1F, 0xC7, 0xE0, 0x3F, 0x1F, 0x80, 0xF8, 0x7E, 0x00, 0xF8, 0x3C, 0xF0, 0xF9, 0xF3, 0xE1, 0xF7,
    0xC1, 0xFF, 0x03, 0xFC, 0x03, 0xF8, 0x07, 0xE0, 0x0F, 0xE0, 0x3F, 0xC0, 0x7F, 0xC1, 0xF7, 0x87,
    0xCF, 0x8F, 0x0F, 0xBE, 0x0F, 0x00, 0xF8, 0x3E, 0xF0, 0x7D, 0xF1, 0xF1, 0xF3, 0xC1, 0xEF, 0x83,
    0xFE, 0x03, 0xFC, 0x07, 0xF0, 0x07, 0xE0, 0x0F, 0x80, 0x0F, 0x00, 0x1E, 0x00, 0x3C, 0x00, 0x78,
    0x00, 0xF0, 0x00, 0xFF, 0xFF, 0xFF, 0xFF, 0xF0, 0x3F, 0x03, 0xE0, 0x7C, 0x0F, 0x81, 0xF8, 0x1F,
    0x03, 0xE0, 0x7C, 0x07, 0xC0, 0xFF, 0xFF, 0xFF, 0xFF, 0xF0, 0xFF, 0xFF, 0xFF, 0xF0, 0xF0, 0xF0,
    0xF0, 0xF0, 0xF0, 0xF0, 0xF0, 0xF0, 0xF0, 0xF0, 0xF0, 0xF0, 0xF0, 0xF0, 0xF0, 0xFF, 0xFF, 0xFF,
    0xE0, 0x1E, 0x01, 0xC0, 0x3C, 0x07, 0x80, 0x70, 0x0F, 0x01, 0xE0, 0x1C, 0x03, 0xC0, 0x78, 0x07,
    0x00, 0xF0, 0x0E, 0x01, 0xC0, 0x3C, 0x03, 0x80, 0x78, 0x0F, 0x00, 0xE0, 0x1E, 0x7F, 0xBF, 0xDF,
    0xE0, 0xF0, 0x78, 0x3C, 0x1E, 0x0F, 0x07, 0x83, 0xC1, 0xE0, 0xF0, 0x78, 0x3C, 0x1E, 0x0F, 0x07,
    0x83, 0xC1, 0xEF, 0xF7, 0xFB, 0xFC, 0x1E, 0x1F, 0x1F, 0xDE, 0xF0, 0xFF, 0xFF, 0xFF, 0xFF, 0x80,
    0x79, 0xE3, 0x8F, 0x3E, 0xF7, 0xFF, 0xFF, 0xFF, 0x9F, 0xF0, 0xFF, 0x0F, 0xF0, 0xFF, 0x9F, 0xFF,
    0xF7, 0xFF, 0x3F, 0xF0, 0xF0, 0x0F, 0x00, 0xF0, 0x0F, 0x00, 0xFF, 0xCF, 0xFE, 0xFF, 0xFF, 0x8F,
    0xF0, 0xFF, 0x0F, 0xF0, 0xFF, 0x8F, 0xFF, 0xFF, 0xFE, 0xFF, 0xC0, 0x1F, 0x87, 0xFC, 0x7F, 0xEF,
    0x9E, 0xF0, 0xEF, 0x00, 0xF0, 0xEF, 0x9E, 0x7F, 0xE7, 0xFC, 0x1F, 0x80, 0x00, 0xF0, 0x0F, 0x00,
    0xF0, 0x0F, 0x3E, 0xF7, 0xFF, 0xFF, 0xFF, 0x9F, 0xF0, 0xFF, 0x0F, 0xF0, 0xFF, 0x9F, 0xFF, 0xF7,
    0xFF, 0x3F, 0xF0, 0x3F, 0x8F, 0xFB, 0xFF, 0xF8, 0xFF, 0xFF, 0xFF, 0xFC, 0x07, 0xCF, 0xFF, 0xEF,
    0xF8, 0xFE, 0x00, 0x0F, 0x0F, 0xCF, 0xC7, 0x8F, 0xF7, 0xFB, 0xFC, 0x78, 0x3C, 0x1E, 0x0F, 0x07,
    0x83, 0xC1, 0xE0, 0xF0, 0x3F, 0xF7, 0xFF, 0xFF, 0xFF, 0x1F, 0xF0, 0xFF, 0x0F, 0xF0, 0xFF, 0x1F,
    0xFF, 0xF7, 0xFF, 0x3F, 0xFF, 0x0F, 0xFF, 0xE7, 0xFE, 0x3F, 0x80, 0xF0, 0x1E, 0x03, 0xC0, 0x78,
    0x0F, 0x7D, 0xFF, 0xBF, 0xFF, 0xCF, 0xF1, 0xFE, 0x3F, 0xC7, 0xF8, 0xFF, 0x1F, 0xE3, 0xFC, 0x78,
    0xFF, 0xF0, 0xFF, 0xFF, 0xFF, 0xFF, 0xFF, 0xF0, 0x3C, 0x7C, 0xF0, 0x03, 0xC7, 0x8F, 0x1E, 0x3C,
    0x78, 0xF1, 0xE3, 0xC7, 0x8F, 0x1E, 0xFD, 0xFB, 0xE0, 0xF0, 0x0F, 0x00, 0xF0, 0x0F, 0x00, 0xF1,
    0xEF, 0x3E, 0xF7, 0xCF, 0xF8, 0xFF, 0x0F, 0xF0, 0xFF, 0x8F, 0xF8, 0xF7, 0xCF, 0x3E, 0xF1, 0xF0,
    0xFF, 0xFF, 0xFF, 0xFF, 0xFF, 0xFF, 0xFF, 0xF0, 0xFF, 0x9F, 0x7F, 0xFF, 0xFF, 0xFF, 0xFE, 0x7C,
    0xFF, 0x3E, 0x7F, 0x9F, 0x3F, 0xCF, 0x9F, 0xE7, 0xCF, 0xF3, 0xE7, 0xF9, 0xF3, 0xFC, 0xF9, 0xE0,
    0xFF, 0xDF, 0xFB, 0xFF, 0xFD, 0xFF, 0x1F, 0xE3, 0xFC, 0x7F, 0x8F, 0xF1, 0xFE, 0x3F, 0xC7, 0x80,
    0x1F, 0x87, 0xFE, 0x7F, 0xEF, 0x9F, 0xF0, 0xFF, 0x0F, 0xF0, 0xFF, 0x9F, 0x7F, 0xE7, 0xFE, 0x1F,
    0x80, 0xFF, 0xCF, 0xFE, 0xFF, 0xFF, 0x8F, 0xF0, 0xFF, 0x0F, 0xF0, 0xFF, 0x8F, 0xFF, 0xFF, 0xFE,
    0xFF, 0xCF, 0x00, 0xF0, 0x0F, 0x00, 0xF0, 0x00, 0x3E, 0xF7, 0xFF, 0xFF, 0xFF, 0x9F, 0xF0, 0xFF,
    0x0F, 0xF0, 0xFF, 0x9F, 0xFF, 0xF7, 0xFF, 0x3F, 0xF0, 0x0F, 0x00, 0xF0, 0x0F, 0x00, 0xF0, 0xFF,
    0xFF, 0xFF, 0xF8, 0xF0, 0xF0, 0xF0, 0xF0, 0xF0, 0xF0, 0xF0, 0x3F, 0x8F, 0xF9, 0xFF, 0x3C, 0xF7,
    0xF0, 0x7F, 0x83, 0xFB, 0xCF, 0x7F, 0xE7, 0xF8, 0x7E, 0x00, 0x3C, 0x1E, 0x0F, 0x1F, 0xFF, 0xFF,
    0xF8, 0xF0, 0x78, 0x3C, 0x1E, 0x0F, 0x07, 0xF1, 0xF8, 0x7C, 0xF3, 0xFE, 0x7F, 0xCF, 0xF9, 0xFF,
    0x3F, 0xE7, 0xFC, 0xFF, 0x9F, 0xFF, 0xFF, 0xFD, 0xFF, 0x80, 0xF0, 0xF7, 0x8F, 0x78, 0xF7, 0x9E,
    0x3D, 0xE3, 0xDC, 0x1F, 0xC1, 0xFC, 0x1F, 0x80, 0xF8, 0x0F, 0x80, 0xF1, 0xE3, 0xCF, 0x3E, 0x79,
    0xE7, 0xCF, 0x3D, 0xF9, 0xC3, 0xBF, 0xF8, 0x7F, 0xFF, 0x0F, 0xFF, 0xE1, 0xFD, 0xF8, 0x1F, 0xBF,
    0x03, 0xE7, 0xE0, 0x7C, 0x78, 0x00, 0x78, 0xF7, 0xDF, 0x3D, 0xE1, 0xFC, 0x1F, 0xC0, 0xF8, 0x1F,
    0xC1, 0xFC, 0x3D, 0xE7, 0xDF, 0x78, 0xF0, 0xF0, 0xF3, 0xC7, 0x9E, 0x3C, 0xF3, 0xC3, 0xDE, 0x1E,
    0xE0, 0x7F, 0x03, 0xF8, 0x1F, 0x80, 0x7C, 0x03, 0xE0, 0x1E, 0x07, 0xF0, 0x3F, 0x01, 0xF0, 0x00,
    0x7F, 0xEF, 0xFD, 0xFF, 0x83, 0xE0, 0xF8, 0x3E, 0x0F, 0x81, 0xE0, 0x7F, 0xEF, 0xFD, 0xFF, 0x80,
    0x07, 0xC7, 0xF1, 0xFC, 0x78, 0x3E, 0x0F, 0x83, 0xE0, 0xF8, 0x3E, 0x0F, 0x8F, 0xC3, 0xF0, 0xFE,
    0x0F, 0x83, 0xE0, 0xF8, 0x3E, 0x0F, 0x83, 0xE0, 0x7F, 0x1F, 0xC3, 0xF0, 0xFF, 0xFF, 0xFF, 0xFF,
    0xFF, 0xFF, 0xFF, 0xFF, 0xFF, 0xFC, 0x3F, 0x8F, 0xF0, 0x7C, 0x0F, 0x03, 0xC0, 0xF0, 0x3C, 0x0F,
    0x03, 0xC0, 0xFC, 0x1F, 0x0F, 0xC3, 0xC0, 0xF0, 0x3C, 0x0F, 0x03, 0xC1, 0xF3, 0xFC, 0xFE, 0x3F,
    0x00, 0x7B, 0xFF, 0xFF, 0x73, 0xDC, 0x07, 0x39, 0xCE, 0x73, 0x9C, 0xF7, 0xBF, 0xE0, 0x06, 0x00,
    0x60, 0x3F, 0x87, 0xFC, 0xFF, 0xEF, 0x6E, 0xF6, 0x0F, 0x60, 0xF6, 0x0F, 0x6E, 0xFF, 0xE7, 0xFC,
    0x3F, 0xC0, 0x60, 0x06, 0x00, 0x0F, 0xE3, 0xFF, 0x3F, 0xF7, 0xC0, 0x78, 0x07, 0xC0, 0x3C, 0x0F,
    0xFC, 0x7F, 0xC1, 0xE0, 0x1E, 0x03, 0xC0, 0xFF, 0xFF, 0xFF, 0xFF, 0xF0, 0x40, 0x3F, 0xFF, 0xFF,
    0xF7, 0xFE, 0x70, 0xE7, 0x0E, 0x70, 0xE7, 0x0E, 0x7F, 0xE7, 0xFE, 0xFF, 0xFC, 0x03, 0x00, 0x00,
    0xF8, 0x3E, 0xF8, 0x7C, 0xF1, 0xF1, 0xF3, 0xC1, 0xEF, 0x83, 0xFE, 0x0F, 0xFF, 0x1F, 0xFE, 0x07,
    0xE0, 0x7F, 0xF8, 0xFF, 0xF0, 0x1E, 0x00, 0x3C, 0x00, 0x78, 0x00, 0xF0, 0x00, 0xFF, 0xFF, 0xFF,
    0xFF, 0x80, 0x3F, 0xFF, 0xFF, 0xFF, 0x0F, 0xC0, 0x3F, 0xE0, 0xFF, 0xE3, 0xE3, 0xC7, 0x83, 0xCF,
    0x80, 0x0F, 0xF0, 0x1F, 0xFC, 0x3F, 0xFC, 0xFF, 0xF9, 0xE0, 0xFB, 0xC0, 0xF7, 0xF3, 0xCF, 0xFF,
    0x0F, 0xFE, 0x03, 0xFE, 0x00, 0x7C, 0xF0, 0x79, 0xF0, 0xF1, 0xFF, 0xE1, 0xFF, 0x81, 0xFC, 0x00,
    0x73, 0x9F, 0xF7, 0x38, 0x07, 0xF0, 0x0F, 0xFE, 0x0F, 0x8F, 0x87, 0x01, 0xC7, 0x3E, 0x73, 0xBF,
    0xB9, 0xBD, 0xFD, 0xDC, 0x06, 0x6E, 0x07, 0x3F, 0xBF, 0x9D, 0xFD, 0xC7, 0x7D, 0xC3, 0xE3, 0xE0,
    0xFF, 0xE0, 0x1F, 0xC0, 0x10, 0xFB, 0xFF, 0x77, 0xFD, 0xFF, 0xFF, 0x0F, 0xBE, 0x3E, 0xF8, 0xFB,
    0xE3, 0xEF, 0x87, 0x9E, 0x0F, 0xBE, 0x0F, 0xBE, 0x0F, 0xBE, 0x0F, 0xBE, 0xFF, 0xEF, 0xFE, 0xFF,
    0xE0, 0x0E, 0x00, 0xE0, 0x0E, 0xFF, 0xFF, 0xFF, 0xE0, 0x3E, 0x3B, 0x97, 0x5A, 0xFD, 0xDA, 0xF9,
    0xDC, 0x7C, 0xFF, 0xFF, 0x3C, 0x7E, 0xFF, 0xEF, 0xE7, 0xFF, 0xFE, 0x7C, 0x1E, 0x07, 0x81, 0xE3,
    0xFF, 0xFF, 0xFF, 0xF1, 0xE0, 0x78, 0x1E, 0x00, 0x0F, 0xFF, 0xFF, 0x7C, 0xFE, 0xFF, 0xEF, 0x1E,
    0x3C, 0xFE, 0xFF, 0xFF, 0x7E, 0xFF, 0xFF, 0x3E, 0x3E, 0x5F, 0xFF, 0xFF, 0x7E, 0x3D, 0xE7, 0x9C,
    0x79, 0xE3, 0xCF, 0x1E, 0x78, 0xF3, 0xC7, 0x9E, 0x3C, 0xF1, 0xE7, 0x8F, 0x3E, 0x7F, 0xFB, 0xFF,
    0xDF, 0x9E, 0xE0, 0x07, 0x80, 0x3C, 0x01, 0xE0, 0x00, 0x7F, 0xFF, 0xFF, 0xFF, 0xFF, 0xBF, 0xF7,
    0xFE, 0xDF, 0xD9, 0xFB, 0x07, 0x60, 0xEC, 0x1D, 0x83, 0xB0, 0x76, 0x0E, 0xC0, 0x77, 0xDC, 0x31,
    0xE7, 0xDF, 0xFF, 0xE0, 0x1D, 0xFF, 0xCF, 0x3C, 0xF3, 0xCF, 0x3C, 0x18, 0x7E, 0xFE, 0xEF, 0xE7,
    0xFF, 0xFE, 0x7C, 0x79, 0xF0, 0x79, 0xF0, 0x79, 0xF0, 0x79, 0xF0, 0x79, 0xE1, 0xE7, 0xC7, 0x9F,
    0x1E, 0x7C, 0x79, 0xF0, 0x70, 0x1C, 0x1E, 0x03, 0x83, 0xC0, 0xE0, 0x38, 0x3C, 0x07, 0x07, 0x00,
    0xE1, 0xC0, 0x1C, 0x38, 0x00, 0x0E, 0x1E, 0x03, 0xC7, 0xC0, 0x71, 0xF8, 0x1C, 0x3F, 0x03, 0x8F,
    0xF0, 0xE1, 0xFE, 0x3C, 0x03, 0x87, 0x00, 0x60, 0x70, 0x1E, 0x1E, 0x03, 0x83, 0xC0, 0xE0, 0x38,
    0x3C, 0x07, 0x07, 0x00, 0xE1, 0xC0, 0x1C, 0x38, 0x00, 0x0E, 0x3E, 0x03, 0xCF, 0xC0, 0x71, 0xF8,
    0x1C, 0x07, 0x07, 0x83, 0xC0, 0xE0, 0xFE, 0x38, 0x1F, 0xC0, 0x7C, 0x07, 0x07, 0xE0, 0xE0, 0x6E,
    0x0E, 0x01, 0xC1, 0xC0, 0x7E, 0x3C, 0x07, 0xE3, 0x80, 0x7C, 0x70, 0x00, 0x07, 0x1E, 0x00, 0xE1,
    0xE0, 0x1E, 0x3E, 0x01, 0xC3, 0xE0, 0x38, 0x7F, 0x03, 0x87, 0xF0, 0x70, 0x0E, 0x07, 0x00, 0xE0,
    0x0E, 0x01, 0xE0, 0x38, 0x00, 0x00, 0xF0, 0x3C, 0x0F, 0x83, 0xE0, 0xF8, 0x1E, 0x03, 0xC7, 0xF8,
    0xFF, 0xFE, 0xFF, 0x8F, 0xE0, 0x07, 0x00, 0x07, 0x80, 0x03, 0x80, 0x03, 0xC0, 0x00, 0x00, 0x07,
    0xE0, 0x07, 0xE0, 0x07, 0xF0, 0x0F, 0xF0, 0x0F, 0xF0, 0x0F, 0x78, 0x1E, 0x78, 0x1E, 0x78, 0x1E,
    0x3C, 0x3F, 0xFC, 0x3F, 0xFE, 0x7F, 0xFE, 0x78, 0x1E, 0x78, 0x1F, 0xF8, 0x0F, 0x00, 0xF0, 0x00,
    0xE0, 0x01, 0xE0, 0x01, 0xC0, 0x00, 0x00, 0x07, 0xE0, 0x07, 0xE0, 0x07, 0xF0, 0x0F, 0xF0, 0x0F,
    0xF0, 0x0F, 0x78, 0x1E, 0x78, 0x1E, 0x78, 0x1E, 0x3C, 0x3F, 0xFC, 0x3F, 0xFE, 0x7F, 0xFE, 0x78,
    0x1E, 0x78, 0x1F, 0xF8, 0x0F, 0x01, 0xC0, 0x03, 0xE0, 0x07, 0xF0, 0x0E, 0x70, 0x00, 0x00, 0x07,
    0xE0, 0x07, 0xE0, 0x07, 0xF0, 0x0F, 0xF0, 0x0F, 0xF0, 0x0F, 0x78, 0x1E, 0x78, 0x1E, 0x78, 0x1E,
    0x3C, 0x3F, 0xFC, 0x3F, 0xFE, 0x7F, 0xFE, 0x78, 0x1E, 0x78, 0x1F, 0xF8, 0x0F, 0x07, 0xB0, 0x07,
    0xF0, 0x0E, 0xE0, 0x00, 0x00, 0x00, 0x00, 0x07, 0xE0, 0x07, 0xE0, 0x07, 0xF0, 0x0F, 0xF0, 0x0F,
    0xF0, 0x0F, 0x78, 0x1E, 0x78, 0x1E, 0x78, 0x1E, 0x3C, 0x3F, 0xFC, 0x3F, 0xFE, 0x7F, 0xFE, 0x78,
    0x1E, 0x78, 0x1F, 0xF8, 0x0F, 0x0E, 0x70, 0x1F, 0xF8, 0x1F, 0xF8, 0x0E, 0x70, 0x00, 0x00, 0x07,
    0xE0, 0x07, 0xF0, 0x0F, 0xF0, 0x0F, 0xF0, 0x0F, 0xF8, 0x1F, 0x78, 0x1F, 0x78, 0x1E, 0x7C, 0x3E,
    0x3C, 0x3F, 0xFC, 0x3F, 0xFE, 0x7F, 0xFE, 0x78, 0x1E, 0x78, 0x1F, 0xF8, 0x0F, 0x03, 0xC0, 0x03,
    0xE0, 0x07, 0x60, 0x07, 0x60, 0x07, 0xE0, 0x03, 0xC0, 0x00, 0x00, 0x07, 0xE0, 0x07, 0xE0, 0x07,
    0xF0, 0x0F, 0xF0, 0x0F, 0xF0, 0x0F, 0x78, 0x1E, 0x78, 0x1E, 0x78, 0x1E, 0x3C, 0x3F, 0xFC, 0x3F,
    0xFE, 0x7F, 0xFE, 0x78, 0x1E, 0x78, 0x1F, 0xF8, 0x0F, 0x01, 0xFF, 0xF8, 0x1F, 0xFF, 0xC0, 0xFF,
    0xFE, 0x0F, 0xF8, 0x00, 0x7F, 0xC0, 0x03, 0xFE, 0x00, 0x3D, 0xFF, 0xC1, 0xEF, 0xFE, 0x1E, 0x7F,
    0xF0, 0xFF, 0xE0, 0x0F, 0xFF, 0x00, 0x7F, 0xF8, 0x07, 0xC7, 0xFF, 0xBC, 0x3F, 0xFD, 0xE1, 0xFF,
    0xE0, 0x07, 0xF8, 0x1F, 0xFC, 0x3F, 0xFE, 0x3C, 0x1E, 0x78, 0x0F, 0x78, 0x00, 0x78, 0x00, 0xF8,
    0x00, 0x78, 0x00, 0x78, 0x0F, 0x7C, 0x1F, 0x3F, 0x3E, 0x3F, 0xFE, 0x1F, 0xFC, 0x07, 0xF0, 0x03,
    0xC0, 0x03, 0xE0, 0x01, 0x70, 0x00, 0x70, 0x03, 0xE0, 0x03, 0xC0, 0x3C, 0x01, 0xE0, 0x1E, 0x00,
    0xE0, 0x00, 0x0F, 0xFF, 0xFF, 0xFF, 0xFF, 0xF0, 0x0F, 0x00, 0xF0, 0x0F, 0xFE, 0xFF, 0xEF, 0xFE,
    0xF0, 0x0F, 0x00, 0xF0, 0x0F, 0xFF, 0xFF, 0xFF, 0xFF, 0x03, 0xC0, 0x78, 0x07, 0x00, 0x70, 0x00,
    0x0F, 0xFF, 0xFF, 0xFF, 0xFF, 0xF0, 0x0F, 0x00, 0xF0, 0x0F, 0xFE, 0xFF, 0xEF, 0xFE, 0xF0, 0x0F,
    0x00, 0xF0, 0x0F, 0xFF, 0xFF, 0xFF, 0xFF, 0x0F, 0x01, 0xF8, 0x3F, 0xC3, 0x9C, 0x00, 0x0F, 0xFF,
    0xFF, 0xFF, 0xFF, 0xF0, 0x0F, 0x00, 0xF0, 0x0F, 0xFE, 0xFF, 0xEF, 0xFE, 0xF0, 0x0F, 0x00, 0xF0,
    0x0F, 0xFF, 0xFF, 0xFF, 0xFF, 0x39, 0xC7, 0xFE, 0x7F, 0xE3, 0x9C, 0x00, 0x0F, 0xFF, 0xFF, 0xFF,
    0xFF, 0xF0, 0x0F, 0x00, 0xF0, 0x0F, 0xFE, 0xFF, 0xEF, 0xFE, 0xF0, 0x0F, 0x00, 0xF0, 0x0F, 0xFF,
    0xFF, 0xFF, 0xFF, 0x71, 0xE3, 0x8F, 0x00, 0xF3, 0xCF, 0x3C, 0xF3, 0xCF, 0x3C, 0xF3, 0xCF, 0x3C,
    0xF3, 0xCF, 0x3C, 0xE7, 0x9C, 0x03, 0xCF, 0x3C, 0xF3, 0xCF, 0x3C, 0xF3, 0xCF, 0x3C, 0xF3, 0xCF,
    0x3C, 0x3C, 0x3F, 0x3F, 0xDC, 0xE0, 0x01, 0xE0, 0xF0, 0x78, 0x3C, 0x1E, 0x0F, 0x07, 0x83, 0xC1,
    0xE0, 0xF0, 0x78, 0x3C, 0x1E, 0x0F, 0x07, 0x80, 0x73, 0xBF, 0xFF, 0xFD, 0xCE, 0x00, 0x07, 0x81,
    0xE0, 0x78, 0x1E, 0x07, 0x81, 0xE0, 0x78, 0x1E, 0x07, 0x81, 0xE0, 0x78, 0x1E, 0x07, 0x81, 0xE0,
    0x78, 0x3F, 0xF0, 0x3F, 0xF8, 0x3F, 0xFC, 0x3C, 0x3E, 0x3C, 0x1E, 0x3C, 0x1F, 0xFF, 0x8F, 0xFF,
    0x8F, 0xFF, 0x0F, 0x3C, 0x1F, 0x3C, 0x1E, 0x3C, 0x3E, 0x3F, 0xFC, 0x3F, 0xF8, 0x3F, 0xF0, 0x0F,
    0xE0, 0x7F, 0x81, 0xBC, 0x00, 0x00, 0x00, 0x03, 0xC0, 0xFF, 0x83, 0xFF, 0x0F, 0xFC, 0x3F, 0xF8,
    0xFF, 0xF3, 0xFF, 0xEF, 0xFF, 0xBF, 0xDF, 0xFF, 0x3F, 0xFC, 0x7F, 0xF1, 0xFF, 0xC3, 0xFF, 0x07,
    0xFC, 0x1F, 0x07, 0x80, 0x01, 0xC0, 0x00, 0xF0, 0x00, 0x38, 0x00, 0x00, 0x00, 0x00, 0x00, 0x1F,
    0xC0, 0x3F, 0xF8, 0x3F, 0xFE, 0x1F, 0x1F, 0x9F, 0x03, 0xCF, 0x01, 0xF7, 0x80, 0xFF, 0xC0, 0x3D,
    0xE0, 0x3E, 0xF0, 0x1F, 0x7C, 0x0F, 0x1F, 0x1F, 0x8F, 0xFF, 0x83, 0xFF, 0x80, 0x7F, 0x00, 0x00,
    0x70, 0x00, 0x78, 0x00, 0x38, 0x00, 0x3C, 0x00, 0x00, 0x00, 0x00, 0x00, 0x1F, 0xC0, 0x3F, 0xF8,
    0x3F, 0xFE, 0x1F, 0x1F, 0x9F, 0x03, 0xCF, 0x01, 0xF7, 0x80, 0xFF, 0xC0, 0x3D, 0xE0, 0x3E, 0xF0,
    0x1F, 0x7C, 0x0F, 0x1F, 0x1F, 0x8F, 0xFF, 0x83, 0xFF, 0x80, 0x7F, 0x00, 0x03, 0xE0, 0x01, 0xF8,
    0x01, 0xDE, 0x01, 0xE7, 0x00, 0x00, 0x00, 0x3F, 0xC0, 0x7F, 0xF0, 0x7F, 0xFC, 0x7E, 0x3F, 0x3E,
    0x07, 0x9E, 0x03, 0xFF, 0x01, 0xFF, 0x80, 0xFF, 0xC0, 0x7D, 0xE0, 0x3E, 0xF8, 0x1E, 0x7E, 0x3F,
    0x1F, 0xFF, 0x07, 0xFF, 0x00, 0xFF, 0x00, 0x07, 0xF8, 0x03, 0xFC, 0x01, 0xBC, 0x00, 0x00, 0x00,
    0x00, 0x00, 0x3F, 0x80, 0x7F, 0xF0, 0x7F, 0xFC, 0x3E, 0x3F, 0x3E, 0x07, 0x9E, 0x03, 0xEF, 0x01,
    0xFF, 0x80, 0x7B, 0xC0, 0x7D, 0xE0, 0x3E, 0xF8, 0x1E, 0x3E, 0x3F, 0x1F, 0xFF, 0x07, 0xFF, 0x00,
    0xFE, 0x00, 0x0F, 0x78, 0x07, 0xBC, 0x03, 0xDE, 0x01, 0xEF, 0x00, 0x00, 0x00, 0x3F, 0xC0, 0x7F,
    0xF0, 0x7F, 0xFC, 0x7E, 0x3F, 0x3E, 0x07, 0x9E, 0x03, 0xFF, 0x01, 0xFF, 0x80, 0xFF, 0xC0, 0x7D,
    0xE0, 0x3E, 0xF8, 0x1E, 0x7E, 0x3F, 0x1F, 0xFF, 0x07, 0xFF, 0x00, 0xFF, 0x00, 0x23, 0x3B, 0xFF,
    0xEF, 0xE3, 0xE3, 0xFB, 0xFE, 0xEF, 0x23, 0x00, 0x07, 0xFF, 0x0F, 0xFF, 0x0F, 0xFF, 0x87, 0xCF,
    0xE7, 0xC7, 0xF3, 0xC7, 0xFD, 0xE7, 0xBF, 0xF3, 0xCF, 0x7B, 0xCF, 0xBF, 0xC7, 0xDF, 0xE3, 0xCF,
    0xE7, 0xE3, 0xFF, 0xE0, 0xFF, 0xE0, 0xFF, 0xC0, 0x1E, 0x00, 0x38, 0x00, 0xF0, 0x01, 0xC0, 0x00,
    0x00, 0x00, 0x0F, 0x07, 0xFC, 0x1F, 0xF0, 0x7F, 0xC1, 0xFF, 0x07, 0xFC, 0x1F, 0xF0, 0x7F, 0xC1,
    0xFF, 0x07, 0xFC, 0x1E, 0xF8, 0x79, 0xE3, 0xE7, 0xFF, 0x8F, 0xFC, 0x1F, 0xC0, 0x01, 0xC0, 0x0F,
    0x00, 0x38, 0x00, 0xE0, 0x00, 0x00, 0x00, 0x0F, 0x07, 0xFC, 0x1F, 0xF0, 0x7F, 0xC1, 0xFF, 0x07,
    0xFC, 0x1F, 0xF0, 0x7F, 0xC1, 0xFF, 0x07, 0xFC, 0x1E, 0xF8, 0x79, 0xE3, 0xE7, 0xFF, 0x8F, 0xFC,
    0x1F, 0xC0, 0x07, 0x00, 0x3E, 0x00, 0xFC, 0x07, 0x78, 0x1C, 0xE0, 0x00, 0x0F, 0x07, 0xFC, 0x1F,
    0xF0, 0x7F, 0xC1, 0xFF, 0x07, 0xFC, 0x1F, 0xF0, 0x7F, 0xC1, 0xFF, 0x07, 0xFC, 0x1E, 0xF8, 0x79,
    0xE3, 0xE7, 0xFF, 0x8F, 0xFC, 0x1F, 0xC0, 0x1D, 0xE0, 0xFF, 0x81, 0xDE, 0x00, 0x00, 0x00, 0x03,
    0xC0, 0xFF, 0x03, 0xFC, 0x0F, 0xF0, 0x3F, 0xC0, 0xFF, 0x03, 0xFC, 0x0F, 0xF0, 0x3F, 0xC0, 0xFF,
    0x07, 0xBC, 0x1E, 0x78, 0x79, 0xFF, 0xE3, 0xFF, 0x07, 0xF0, 0x00, 0xE0, 0x03, 0xC0, 0x07, 0x00,
    0x1E, 0x00, 0x00, 0x1F, 0x07, 0xDE, 0x0F, 0xBE, 0x3E, 0x3E, 0x78, 0x3D, 0xF0, 0x7F, 0xC0, 0x7F,
    0x80, 0xFE, 0x00, 0xFC, 0x01, 0xF0, 0x01, 0xE0, 0x03, 0xC0, 0x07, 0x80, 0x0F, 0x00, 0x1E, 0x00,
    0xF0, 0x07, 0x80, 0x3F, 0xE1, 0xFF, 0xCF, 0xFF, 0x78, 0x7B, 0xC1, 0xFE, 0x0F, 0xF0, 0x7F, 0x87,
    0xBF, 0xFD, 0xFF, 0xCF, 0xF8, 0x78, 0x03, 0xC0, 0x00, 0x1F, 0xC1, 0xFF, 0x9F, 0xFD, 0xF1, 0xFF,
    0x8F, 0xF8, 0x7F, 0xDF, 0xDE, 0xFC, 0xF7, 0xF7, 0x87, 0xFC, 0x1F, 0xE1, 0xFF, 0x7F, 0xFB, 0xFB,
    0xDF, 0x80, 0x3C, 0x01, 0xE0, 0x0E, 0x00, 0x00, 0x3F, 0xF7, 0xFF, 0xFF, 0xFF, 0x9F, 0xF0, 0xFF,
    0x0F, 0xF0, 0xFF, 0x9F, 0xFF, 0xF7, 0xFF, 0x3F, 0xF0, 0x03, 0xC0, 0x78, 0x07, 0x00, 0x00, 0x3F,
    0xF7, 0xFF, 0xFF, 0xFF, 0x9F, 0xF0, 0xFF, 0x0F, 0xF0, 0xFF, 0x9F, 0xFF, 0xF7, 0xFF, 0x3F, 0xF0,
    0x0F, 0x01, 0xF8, 0x39, 0xC0, 0x00, 0x3F, 0xF7, 0xFF, 0xFF, 0xFF, 0x1F, 0xF0, 0xFF, 0x0F, 0xF0,
    0xFF, 0x1F, 0xFF, 0xF7, 0xFF, 0x3F, 0xF0, 0x1F, 0xC3, 0xFC, 0x3F, 0x80, 0x00, 0x3F, 0xF7, 0xFF,
    0xFF, 0xFF, 0x1F, 0xF0, 0xFF, 0x0F, 0xF0, 0xFF, 0x1F, 0xFF, 0xF7, 0xFF, 0x3F, 0xF0, 0x39, 0xC7,
    0xFE, 0x39, 0xC0, 0x00, 0x3F, 0xF7, 0xFF, 0xFF, 0xFF, 0x9F, 0xF0, 0xFF, 0x0F, 0xF0, 0xFF, 0x9F,
    0xFF, 0xF7, 0xFF, 0x3F, 0xF0, 0x0F, 0x01, 0xF8, 0x1F, 0x81, 0x98, 0x1F, 0x80, 0xF0, 0x00, 0x03,
    0xFF, 0x7F, 0xFF, 0xFF, 0xF9, 0xFF, 0x0F, 0xF0, 0xFF, 0x0F, 0xF9, 0xFF, 0xFF, 0x7F, 0xF3, 0xFF,
    0x1F, 0x9F, 0x87, 0xFF, 0xF9, 0xFF, 0xFF, 0xBC, 0x78, 0xF3, 0xFF, 0xFE, 0xFF, 0xFF, 0xDE, 0x3C,
    0x03, 0xCF, 0x8F, 0x7F, 0xFF, 0xEF, 0xF7, 0xF8, 0xFC, 0x7E, 0x00, 0x1F, 0x87, 0xFC, 0x7F, 0xEF,
    0x1E, 0xF0, 0xEF, 0x00, 0xF0, 0x0F, 0x0E, 0xF9, 0xE7, 0xFE, 0x3F, 0xC0, 0xE0, 0x0F, 0x80, 0xF8,
    0x03, 0x81, 0xF8, 0x0F, 0x00, 0x3C, 0x03, 0xC0, 0x38, 0x00, 0x03, 0xF8, 0xFF, 0xBF, 0xFF, 0x8F,
    0xFF, 0xFF, 0xFF, 0xC0, 0x7C, 0xFF, 0xFE, 0xFF, 0x8F, 0xE0, 0x07, 0x80, 0xF0, 0x3C, 0x00, 0x03,
    0xF8, 0xFF, 0xBF, 0xFF, 0x8F, 0xFF, 0xFF, 0xFF, 0xC0, 0x7C, 0xFF, 0xFE, 0xFF, 0x8F, 0xE0, 0x1F,
    0x07, 0xF0, 0xEF, 0x00, 0x03, 0xF8, 0xFF, 0xBF, 0xFF, 0x8F, 0xFF, 0xFF, 0xFF, 0xC0, 0x7C, 0xFF,
    0xFE, 0xFF, 0x8F, 0xE0, 0x7B, 0xCF, 0x79, 0xEF, 0x00, 0x03, 0xF8, 0xFF, 0xBF, 0xFF, 0x8F, 0xFF,
    0xFF, 0xFF, 0xC0, 0x7C, 0xFF, 0xFE, 0xFF, 0x8F, 0xE0, 0x79, 0xE3, 0xC0, 0x3C, 0xF3, 0xCF, 0x3C,
    0xF3, 0xCF, 0x3C, 0xF3, 0xC0, 0x3D, 0xE7, 0x00, 0xF3, 0xCF, 0x3C, 0xF3, 0xCF, 0x3C, 0xF3, 0xCF,
    0x00, 0x3E, 0x3F, 0x3D, 0xC0, 0x03, 0xC1, 0xE0, 0xF0, 0x78, 0x3C, 0x1E, 0x0F, 0x07, 0x83, 0xC1,
    0xE0, 0xF0, 0x7B, 0xFF, 0xF7, 0xBC, 0x00, 0x1E, 0x07, 0x81, 0xE0, 0x78, 0x1E, 0x07, 0x81, 0xE0,
    0x78, 0x1E, 0x07, 0x81, 0xE0, 0x20, 0x07, 0xB8, 0x7F, 0x83, 0xF0, 0x7F, 0x83, 0x7C, 0x03, 0xE3,
    0xFE, 0x7F, 0xFF, 0xFF, 0xF9, 0xFF, 0x0F, 0xF0, 0xFF, 0x0F, 0xF9, 0xF7, 0xFE, 0x7F, 0xC1, 0xF8,
    0x3D, 0x87, 0xF0, 0xDE, 0x00, 0x0F, 0xF9, 0xFF, 0xBF, 0xFF, 0x8F, 0xF1, 0xFE, 0x3F, 0xC7, 0xF8,
    0xFF, 0x1F, 0xE3, 0xFC, 0x78, 0x3C, 0x01, 0xE0, 0x0E, 0x00, 0x00, 0x1F, 0x87, 0xFE, 0x7F, 0xEF,
    0x9F, 0xF0, 0xFF, 0x0F, 0xF0, 0xFF, 0x9F, 0x7F, 0xE7, 0xFE, 0x1F, 0x80, 0x03, 0xC0, 0x78, 0x07,
    0x00, 0x00, 0x1F, 0x87, 0xFE, 0x7F, 0xEF, 0x9F, 0xF0, 0xFF, 0x0F, 0xF0, 0xFF, 0x9F, 0x7F, 0xE7,
    0xFE, 0x1F, 0x80, 0x0F, 0x01, 0xF8, 0x39, 0xC0, 0x00, 0x1F, 0x87, 0xFE, 0x7F, 0xEF, 0x9F, 0xF0,
    0xFF, 0x0F, 0xF0, 0xFF, 0x9F, 0x7F, 0xE7, 0xFE, 0x1F, 0x80, 0x3F, 0xC3, 0xF8, 0x00, 0x00, 0x00,
    0x1F, 0x87, 0xFE, 0x7F, 0xEF, 0x9F, 0xF0, 0xFF, 0x0F, 0xF0, 0xFF, 0x9F, 0x7F, 0xE7, 0xFE, 0x1F,
    0x80, 0x7B, 0xC7, 0xFE, 0x7B, 0xC0, 0x00, 0x1F, 0x87, 0xFE, 0xFF, 0xEF, 0x9F, 0xF0, 0xFF, 0x0F,
    0xF0, 0xFF, 0x9F, 0xFF, 0xE7, 0xFE, 0x3F, 0x80, 0x0E, 0x03, 0xE0, 0x38, 0x00, 0x0F, 0xFF, 0xFF,
    0xFF, 0xF8, 0x00, 0x0E, 0x03, 0xE0, 0x38, 0x00, 0x00, 0xE1, 0xFC, 0x7F, 0xC7, 0xFE, 0xF3, 0xFF,
    0x7F, 0xFE, 0xFF, 0xEF, 0xFD, 0xF7, 0xFE, 0x7F, 0xE7, 0xF8, 0x70, 0x00, 0x3C, 0x03, 0x80, 0x78,
    0x00, 0x0F, 0x1F, 0xE3, 0xFC, 0x7F, 0x8F, 0xF1, 0xFE, 0x3F, 0xC7, 0xFD, 0xFF, 0xFF, 0xFF, 0xDF,
    0x78, 0x07, 0x80, 0xE0, 0x3C, 0x00, 0x0F, 0x1F, 0xE3, 0xFC, 0x7F, 0x8F, 0xF1, 0xFE, 0x3F, 0xC7,
    0xFD, 0xFF, 0xFF, 0xFF, 0xDF, 0x78, 0x1F, 0x07, 0xF1, 0xEE, 0x00, 0x0F, 0x1F, 0xE3, 0xFC, 0x7F,
    0x8F, 0xF1, 0xFE, 0x3F, 0xC7, 0xF9, 0xFF, 0xFE, 0xFF, 0xDF, 0x78, 0x7B, 0xCF, 0x79, 0xEF, 0x00,
    0x0F, 0x1F, 0xE3, 0xFC, 0x7F, 0x8F, 0xF1, 0xFE, 0x3F, 0xC7, 0xF9, 0xFF, 0xFE, 0xFF, 0xDF, 0x78,
    0x03, 0xC0, 0x1C, 0x01, 0xC0, 0x00, 0x0F, 0x0F, 0x3C, 0x79, 0xE3, 0xCF, 0x3C, 0x3D, 0xE1, 0xEE,
    0x07, 0xF0, 0x3F, 0x81, 0xF8, 0x07, 0xC0, 0x3E, 0x01, 0xE0, 0x7F, 0x03, 0xF0, 0x1F, 0x00, 0xF0,
    0x0F, 0x00, 0xF0, 0x0F, 0x00, 0xFF, 0xCF, 0xFE, 0xFF, 0xFF, 0x8F, 0xF0, 0xFF, 0x0F, 0xF0, 0xFF,
    0x8F, 0xFF, 0xFF, 0xFE, 0xFF, 0xCF, 0x00, 0xF0, 0x0F, 0x00, 0xF0, 0x00, 0x3D, 0xE1, 0xEF, 0x0F,
    0x78, 0x00, 0x0F, 0x0F, 0x3C, 0x79, 0xE3, 0xCF, 0x3C, 0x3D, 0xE1, 0xEE, 0x07, 0xF0, 0x3F, 0x81,
    0xF8, 0x07, 0xC0, 0x3E, 0x01, 0xE0, 0x7F, 0x03, 0xF0, 0x1F, 0x00, 0x0F, 0xF0, 0x0F, 0xF0, 0x00,
    0x00, 0x00, 0x00, 0x07, 0xE0, 0x07, 0xE0, 0x07, 0xF0, 0x0F, 0xF0, 0x0F, 0xF0, 0x0F, 0x78, 0x1E,
    0x78, 0x1E, 0x78, 0x1E, 0x3C, 0x3F, 0xFC, 0x3F, 0xFE, 0x7F, 0xFE, 0x78, 0x1E, 0x78, 0x1F, 0xF8,
    0x0F, 0x3F, 0xC3, 0xFC, 0x00, 0x03, 0xFF, 0x7F, 0xFF, 0xFF, 0xF9, 0xFF, 0x0F, 0xF0, 0xFF, 0x0F,
    0xF9, 0xFF, 0xFF, 0x7F, 0xF3, 0xFF, 0x0E, 0x30, 0x0E, 0x70, 0x07, 0xF0, 0x03, 0xE0, 0x00, 0x00,
    0x07, 0xE0, 0x07, 0xE0, 0x07, 0xF0, 0x0F, 0xF0, 0x0F, 0xF0, 0x0F, 0x78, 0x1E, 0x78, 0x1E, 0x78,
    0x1E, 0x3C, 0x3F, 0xFC, 0x3F, 0xFE, 0x7F, 0xFE, 0x78, 0x1E, 0x78, 0x1F, 0xF8, 0x0F, 0x39, 0xC3,
    0xFC, 0x1F, 0x80, 0x00, 0x3E, 0xF7, 0xFF, 0xFF, 0xFF, 0x9F, 0xF0, 0xFF, 0x0F, 0xF0, 0xFF, 0x9F,
    0xFF, 0xF7, 0xFF, 0x3F, 0xF0, 0x07, 0xE0, 0x03, 0xF0, 0x01, 0xFC, 0x01, 0xFE, 0x00, 0xFF, 0x00,
    0x7B, 0xC0, 0x79, 0xE0, 0x3C, 0xF0, 0x1E, 0x3C, 0x1F, 0xFE, 0x0F, 0xFF, 0x8F, 0xFF, 0xC7, 0x81,
    0xE3, 0xC0, 0xFB, 0xE0, 0x3C, 0x00, 0x0C, 0x00, 0x0E, 0x00, 0x07, 0xC0, 0x01, 0xE0, 0x3F, 0xF3,
    0xFF, 0xBF, 0xFD, 0xF3, 0xEF, 0x0F, 0x78, 0x7B, 0xC3, 0xDF, 0x3E, 0xFF, 0xF3, 0xFF, 0x8F, 0xFC,
    0x01, 0xE0, 0x0E, 0x00, 0x7C, 0x01, 0xE0, 0x00, 0xF0, 0x00, 0xF0, 0x00, 0xE0, 0x01, 0xC0, 0x00,
    0x00, 0x00, 0x00, 0x07, 0xF0, 0x1F, 0xFC, 0x3F, 0xFE, 0x3E, 0x3E, 0x7C, 0x1F, 0x78, 0x0F, 0x78,
    0x00, 0xF8, 0x00, 0x78, 0x00, 0x78, 0x0E, 0x7C, 0x1F, 0x3E, 0x3E, 0x3F, 0xFE, 0x1F, 0xFC, 0x07,
    0xF0, 0x03, 0xC0, 0x78, 0x07, 0x00, 0x00, 0x1F, 0x87, 0xFC, 0x7F, 0xEF, 0x9E, 0xF0, 0xEF, 0x00,
    0xF0, 0xEF, 0x9E, 0x7F, 0xE7, 0xFC, 0x1F, 0x80, 0x01, 0xC0, 0x03, 0xE0, 0x03, 0xE0, 0x01, 0xC0,
    0x00, 0x00, 0x07, 0xF0, 0x1F, 0xFC, 0x3F, 0xFE, 0x3E, 0x3E, 0x7C, 0x1F, 0x78, 0x0F, 0x78, 0x00,
    0xF8, 0x00, 0x78, 0x00, 0x78, 0x0E, 0x7C, 0x1F, 0x3E, 0x3E, 0x3F, 0xFE, 0x1F, 0xFC, 0x07, 0xF0,
    0x0F, 0x00, 0xF0, 0x0F, 0x00, 0x00, 0x1F, 0x87, 0xFC, 0x7F, 0xEF, 0x9E, 0xF0, 0xEF, 0x00, 0xF0,
    0xEF, 0x9E, 0x7F, 0xE7, 0xFC, 0x1F, 0x80, 0x0F, 0x78, 0x07, 0xF0, 0x03, 0xE0, 0x03, 0xE0, 0x00,
    0x00, 0x07, 0xF8, 0x1F, 0xFC, 0x3F, 0xFE, 0x7E, 0x3F, 0x7C, 0x1F, 0x78, 0x00, 0xF8, 0x00, 0xF8,
    0x00, 0xF8, 0x00, 0x78, 0x0F, 0x7C, 0x1F, 0x7E, 0x3E, 0x3F, 0xFE, 0x1F, 0xFC, 0x07, 0xF8, 0x39,
    0xC1, 0xF8, 0x0F, 0x00, 0x00, 0x1F, 0x87, 0xFC, 0x7F, 0xEF, 0x9E, 0xF0, 0xEF, 0x00, 0xF0, 0x0F,
    0x9E, 0x7F, 0xE7, 0xFC, 0x1F, 0x80, 0x3D, 0xE0, 0x3F, 0x80, 0x3E, 0x00, 0x38, 0x00, 0x00, 0x1F,
    0xF8, 0x3F, 0xFC, 0x7F, 0xFC, 0xF0, 0xF9, 0xE0, 0xFB, 0xC0, 0xF7, 0x81, 0xEF, 0x03, 0xDE, 0x07,
    0xBC, 0x0F, 0x78, 0x3E, 0xF0, 0xF9, 0xFF, 0xF3, 0xFF, 0xC7, 0xFE, 0x00, 0x00, 0xF7, 0x00, 0xF7,
    0x00, 0xF7, 0x00, 0xF7, 0x3E, 0xF7, 0x7F, 0xF0, 0xFF, 0xF0, 0xF9, 0xF0, 0xF0, 0xF0, 0xF0, 0xF0,
    0xF0, 0xF0, 0xF9, 0xF0, 0xFF, 0xF0, 0x7F, 0xF0, 0x3E, 0xF0, 0x3F, 0xF0, 0x3F, 0xF8, 0x3F, 0xFC,
    0x3C, 0x3E, 0x3C, 0x1E, 0x3C, 0x1F, 0xFF, 0x8F, 0xFF, 0x8F, 0xFF, 0x0F, 0x3C, 0x1F, 0x3C, 0x1E,
    0x3C, 0x3E, 0x3F, 0xFC, 0x3F, 0xF8, 0x3F, 0xF0, 0x00, 0xF0, 0x1F, 0xF0, 0x7F, 0xC1, 0xFF, 0x3F,
    0xF1, 0xFF, 0xCF, 0xFF, 0x3C, 0x7C, 0xF0, 0xF3, 0xC3, 0xCF, 0x0F, 0x3C, 0x7C, 0xFF, 0xF1, 0xFF,
    0xC3, 0xFF, 0x00, 0x3F, 0xC3, 0xFC, 0x00, 0x00, 0x00, 0xFF, 0xFF, 0xFF, 0xFF, 0xFF, 0x00, 0xF0,
    0x0F, 0x00, 0xFF, 0xEF, 0xFE, 0xFF, 0xEF, 0x00, 0xF0, 0x0F, 0x00, 0xFF, 0xFF, 0xFF, 0xFF, 0xF0,
    0x3F, 0xC7, 0xF8, 0x00, 0x00, 0x03, 0xF8, 0xFF, 0xBF, 0xFF, 0x8F, 0xFF, 0xFF, 0xFF, 0xC0, 0x7C,
    0xFF, 0xFE, 0xFF, 0x8F, 0xE0, 0x0F, 0x00, 0xF0, 0x0F, 0x00, 0xF0, 0x00, 0x0F, 0xFF, 0xFF, 0xFF,
    0xFF, 0xF0, 0x0F, 0x00, 0xF0, 0x0F, 0xFE, 0xFF, 0xEF, 0xFE, 0xF0, 0x0F, 0x00, 0xF0, 0x0F, 0xFF,
    0xFF, 0xFF, 0xFF, 0x0F, 0x03, 0xE0, 0x3C, 0x00, 0x03, 0xF8, 0xFF, 0xBF, 0xFF, 0x8F, 0xFF, 0xFF,
    0xFF, 0xC0, 0x7C, 0xFF, 0xFE, 0xFF, 0x8F, 0xE0, 0xFF, 0xF7, 0xFF, 0xBF, 0xFD, 0xE0, 0x0F, 0x00,
    0x78, 0x03, 0xFF, 0x9F, 0xFC, 0xFF, 0xE7, 0x80, 0x3C, 0x01, 0xE0, 0x0F, 0xFF, 0x7F, 0xFB, 0xFF,
    0xC0, 0x1C, 0x00, 0xE0, 0x07, 0xC0, 0x3E, 0x1F, 0x8F, 0xF9, 0xFF, 0xFC, 0xFF, 0x1F, 0xFF, 0xFF,
    0xFF, 0x80, 0xFB, 0xEF, 0xFC, 0xFF, 0x07, 0x81, 0xC0, 0x3E, 0x03, 0xC0, 0x39, 0xC1, 0xF8, 0x1F,
    0x00, 0xF0, 0x00, 0x0F, 0xFF, 0xFF, 0xFF, 0xFF, 0xF0, 0x0F, 0x00, 0xF0, 0x0F, 0xFE, 0xFF, 0xEF,
    0xFE, 0xF0, 0x0F, 0x00, 0xF0, 0x0F, 0xFF, 0xFF, 0xFF, 0xFF, 0x3B, 0xC3, 0xF0, 0x7C, 0x00, 0x03,
    0xF8, 0xFF, 0xBF, 0xFF, 0x8F, 0xFF, 0xFF, 0xFF, 0xC0, 0x78, 0xFF, 0xFE, 0xFF, 0x8F, 0xE0, 0x07,
    0x38, 0x07, 0xF8, 0x03, 0xF0, 0x00, 0x00, 0x00, 0x00, 0x07, 0xF8, 0x1F, 0xFC, 0x3F, 0xFE, 0x3E,
    0x1F, 0x7C, 0x0F, 0x78, 0x00, 0x78, 0xFF, 0xF8, 0xFF, 0x78, 0xFF, 0x78, 0x0F, 0x7C, 0x1F, 0x3E,
    0x3E, 0x3F, 0xFE, 0x1F, 0xFC, 0x07, 0xF0, 0x39, 0xC3, 0xFC, 0x1F, 0x80, 0x00, 0x3F, 0xF7, 0xFF,
    0xFF, 0xFF, 0x1F, 0xF0, 0xFF, 0x0F, 0xF0, 0xFF, 0x1F, 0xFF, 0xF7, 0xFF, 0x3F, 0xFF, 0x0F, 0xFF,
    0xE7, 0xFE, 0x3F, 0x80, 0x01, 0xC0, 0x01, 0xE0, 0x01, 0xE0, 0x01, 0xC0, 0x00, 0x00, 0x07, 0xF8,
    0x1F, 0xFC, 0x3F, 0xFE, 0x3E, 0x1F, 0x7C, 0x0F, 0x78, 0x00, 0x78, 0xFF, 0x78, 0xFF, 0x78, 0xFF,
    0x78, 0x0F, 0x7C, 0x0F, 0x3E, 0x1E, 0x3F, 0xFE, 0x1F, 0xFC, 0x07, 0xF0, 0x0F, 0x00, 0xF0, 0x0F,
    0x00, 0x00, 0x3F, 0xF7, 0xFF, 0xFF, 0xFF, 0x1F, 0xF0, 0xFF, 0x0F, 0xF0, 0xFF, 0x1F, 0xFF, 0xF7,
    0xFF, 0x3F, 0xFF, 0x0F, 0xFF, 0xE7, 0xFE, 0x3F, 0x80, 0x0F, 0xF1, 0xFF, 0xDF, 0xFC, 0xF0, 0x0F,
    0x80, 0x78, 0x03, 0xCF, 0xFE, 0x7F, 0xF3, 0xFF, 0x83, 0xFC, 0x1E, 0xF0, 0xF7, 0xFF, 0x9F, 0xFC,
    0x7F, 0xE0, 0x00, 0x00, 0x00, 0x3C, 0x01, 0xE0, 0x0E, 0x00, 0x03, 0x80, 0x70, 0x07, 0x00, 0x00,
    0x1F, 0xF3, 0xFF, 0x7F, 0xF7, 0x8F, 0x78, 0xF7, 0x8F, 0x78, 0xF7, 0x8F, 0x78, 0xF7, 0xFF, 0x3F,
    0xF1, 0xFF, 0x00, 0xF4, 0x0F, 0x7F, 0xE7, 0xFE, 0x7F, 0xC0, 0x3C, 0x1E, 0x7F, 0xFF, 0xBF, 0xFF,
    0xFF, 0xFF, 0xF3, 0xC1, 0xE1, 0xE0, 0xF0, 0xFF, 0xF8, 0x7F, 0xFC, 0x3F, 0xFE, 0x1E, 0x0F, 0x0F,
    0x07, 0x87, 0x83, 0xC3, 0xC1, 0xE1, 0xE0, 0xF0, 0xF0, 0x78, 0x3C, 0x07, 0xF8, 0x3F, 0xC1, 0xFE,
    0x03, 0xFE, 0x1F, 0xF8, 0xFF, 0xE7, 0x9F, 0x3C, 0xF9, 0xE7, 0xCF, 0x3E, 0x79, 0xF3, 0xCF, 0x9E,
    0x7C, 0xF3, 0xE0, 0x7B, 0xFF, 0xFF, 0x00, 0x00, 0x3C, 0x3C, 0x3C, 0x3C, 0x3C, 0x3C, 0x3C, 0x3C,
    0x3C, 0x3C, 0x3C, 0x3C, 0x3C, 0x3C, 0x3C, 0x7B, 0xFF, 0xEE, 0x00, 0x3C, 0x3C, 0x3C, 0x3C, 0x3C,
    0x3C, 0x3C, 0x3C, 0x3C, 0x3C, 0x3C, 0xFF, 0xFF, 0x00, 0x00, 0x3C, 0x3C, 0x3C, 0x3C, 0x3C, 0x3C,
    0x3C, 0x3C, 0x3C, 0x3C, 0x3C, 0x3C, 0x3C, 0x3C, 0x3C, 0xFF, 0xFF, 0x00, 0x3C, 0x3C, 0x3C, 0x3C,
    0x3C, 0x3C, 0x3C, 0x3C, 0x3C, 0x3C, 0x3C, 0xF7, 0xBD, 0xEF, 0x7B, 0xDE, 0xF7, 0xBD, 0xEF, 0x7B,
    0xDE, 0xE7, 0xDE, 0xF7, 0xFC, 0x0F, 0x7B, 0xDE, 0xF7, 0xBD, 0xEF, 0x7B, 0xCE, 0xF7, 0xDE, 0xF7,
    0xFD, 0xE0, 0x7B, 0xDE, 0xF7, 0xBD, 0xEF, 0x7B, 0xDE, 0xF7, 0xBD, 0xE0, 0xFF, 0xFF, 0xFF, 0xFF,
    0xFF, 0xF0, 0xF0, 0xFF, 0x87, 0xBC, 0x79, 0xE7, 0x8F, 0x7C, 0x7F, 0xC3, 0xFC, 0x1F, 0xF0, 0xFF,
    0x87, 0xFE, 0x3C, 0xF1, 0xE3, 0xCF, 0x1F, 0x78, 0x7B, 0xC3, 0xE0, 0x00, 0x00, 0x00, 0x78, 0x03,
    0xC0, 0x1C, 0x00, 0xF0, 0x0F, 0x00, 0xF0, 0x0F, 0x00, 0xF1, 0xEF, 0x3E, 0xF7, 0xCF, 0x78, 0xFF,
    0x0F, 0xF0, 0xFF, 0x8F, 0xF8, 0xF3, 0xCF, 0x3E, 0xF1, 0xEF, 0x1F, 0x00, 0x00, 0x00, 0x0E, 0x00,
    0xE0, 0x1C, 0x00, 0x3C, 0x03, 0x80, 0x78, 0x07, 0x00, 0x00, 0x0F, 0x00, 0xF0, 0x0F, 0x00, 0xF0,
    0x0F, 0x00, 0xF0, 0x0F, 0x00, 0xF0, 0x0F, 0x00, 0xF0, 0x0F, 0x00, 0xF0, 0x0F, 0xFF, 0xFF, 0xFF,
    0xFF, 0x3C, 0xE7, 0x9C, 0x00, 0x0F, 0x3C, 0xF3, 0xCF, 0x3C, 0xF3, 0xCF, 0x3C, 0xF3, 0xCF, 0x3C,
    0xF0, 0xF0, 0x1E, 0x03, 0xC0, 0x78, 0x0F, 0x01, 0xE0, 0x3C, 0x07, 0x80, 0xF0, 0x1E, 0x03, 0xC0,
    0x78, 0x0F, 0xFD, 0xFF, 0xBF, 0xF0, 0x00, 0x00, 0x01, 0xC0, 0x38, 0x0E, 0x00, 0xFF, 0xFF, 0xFF,
    0xFF, 0xFF, 0xFF, 0xFF, 0xFF, 0x00, 0xFF, 0xE0, 0xF7, 0x01, 0xFC, 0x03, 0xE0, 0x0F, 0x00, 0x00,
    0x00, 0xF0, 0x03, 0xC0, 0x0F, 0x00, 0x3C, 0x00, 0xF0, 0x03, 0xC0, 0x0F, 0x00, 0x3C, 0x00, 0xF0,
    0x03, 0xC0, 0x0F, 0x00, 0x3C, 0x00, 0xFF, 0xF3, 0xFF, 0xCF, 0xFF, 0xF7, 0xFB, 0xBD, 0xDE, 0xEF,
    0x77, 0x83, 0xC1, 0xE0, 0xF0, 0x78, 0x3C, 0x1E, 0x0F, 0x07, 0x83, 0xC0, 0x3E, 0x00, 0xF8, 0x03,
    0xE0, 0x0F, 0x80, 0x3E, 0x80, 0xFE, 0x03, 0xF8, 0x1F, 0xC0, 0x7E, 0x01, 0xF8, 0x03, 0xE0, 0x0F,
    0x80, 0x3F, 0xFC, 0xFF, 0xF3, 0xFF, 0xC0, 0x3C, 0x1E, 0x0F, 0x07, 0x83, 0xC1, 0xFC, 0xFE, 0xFE,
    0xFC, 0x7E, 0x2F, 0x07, 0x83, 0xC1, 0xE0, 0xF0, 0x01, 0xE0, 0x0F, 0x00, 0x38, 0x00, 0xE0, 0x00,
    0x03, 0xC0, 0xFF, 0x83, 0xFF, 0x0F, 0xFC, 0x3F, 0xF8, 0xFF, 0xF3, 0xFF, 0xCF, 0xFF, 0xBF, 0xDF,
    0xFF, 0x3F, 0xFC, 0x7F, 0xF1, 0xFF, 0xC3, 0xFF, 0x07, 0xFC, 0x0F, 0x07, 0x80, 0xE0, 0x3C, 0x00,
    0x0F, 0x7D, 0xFF, 0xBF, 0xFF, 0xDF, 0xF1, 0xFE, 0x3F, 0xC7, 0xF8, 0xFF, 0x1F, 0xE3, 0xFC, 0x78,
    0xF8, 0x1F, 0xF0, 0x7F, 0xE1, 0xFF, 0x87, 0xFF, 0x1F, 0xFC, 0x7F, 0x79, 0xFD, 0xE7, 0xF3, 0xDF,
    0xCF, 0xFF, 0x1F, 0xFC, 0x7F, 0xF0, 0xFF, 0xC1, 0xFF, 0x07, 0xC0, 0x00, 0x00, 0x00, 0x0E, 0x00,
    0x38, 0x01, 0xC0, 0xEF, 0xCF, 0xFE, 0xFF, 0xEF, 0x9E, 0xF1, 0xEF, 0x0E, 0xF0, 0xEF, 0x0E, 0xF0,
    0xEF, 0x0E, 0xF0, 0xEF, 0x0E, 0x00, 0x00, 0x00, 0x0F, 0x00, 0xE0, 0x0E, 0x00, 0x1C, 0xE0, 0x3F,
    0x00, 0xF8, 0x01, 0xE0, 0x00, 0x03, 0xC0, 0xFF, 0x83, 0xFF, 0x0F, 0xFC, 0x3F, 0xF8, 0xFF, 0xF3,
    0xFF, 0xEF, 0xFF, 0xBF, 0xDF, 0xFF, 0x3F, 0xFC, 0x7F, 0xF1, 0xFF, 0xC3, 0xFF, 0x07, 0xFC, 0x1F,
    0x7B, 0xC7, 0xF0, 0x7C, 0x00, 0x0F, 0x7D, 0xFF, 0xBF, 0xFF, 0xDF, 0xF1, 0xFE, 0x3F, 0xC7, 0xF8,
    0xFF, 0x1F, 0xE3, 0xFC, 0x78, 0x7C, 0x1D, 0xF8, 0x3B, 0xF8, 0x77, 0xF8, 0xEF, 0xF1, 0xDF, 0xF3,
    0xBD, 0xF7, 0x79, 0xEE, 0xF3, 0xFD, 0xE3, 0xFB, 0xC3, 0xF7, 0x87, 0xEF, 0x07, 0xDE, 0x07, 0xBC,
    0x07, 0x00, 0x0E, 0x01, 0xFC, 0x03, 0xF8, 0x07, 0xE0, 0x0F, 0x00, 0xE7, 0x8F, 0xFE, 0xFF, 0xEF,
    0x9E, 0xF0, 0xEF, 0x0F, 0xF0, 0xFF, 0x0F, 0xF0, 0xFF, 0x0F, 0xF0, 0xFF, 0x0F, 0x00, 0xF0, 0x0E,
    0x07, 0xE0, 0x7E, 0x07, 0xC0, 0x07, 0xF8, 0x03, 0xFC, 0x00, 0x00, 0x00, 0x00, 0x00, 0x7F, 0x00,
    0xFF, 0xE0, 0xFF, 0xF8, 0x7C, 0x7E, 0x7C, 0x0F, 0x3C, 0x07, 0xDE, 0x03, 0xFF, 0x00, 0xF7, 0x80,
    0xFB, 0xC0, 0x7D, 0xF0, 0x3C, 0x7C, 0x7E, 0x3F, 0xFE, 0x0F, 0xFE, 0x01, 0xFC, 0x00, 0x3F, 0xC3,
    0xFC, 0x00, 0x00, 0x00, 0x1F, 0x87, 0xFE, 0x7F, 0xEF, 0x9F, 0xF0, 0xFF, 0x0F, 0xF0, 0xFF, 0x9F,
    0x7F, 0xE7, 0xFE, 0x1F, 0x80, 0x03, 0xFC, 0x01, 0xDC, 0x01, 0xFE, 0x00, 0xEE, 0x00, 0x00, 0x00,
    0x00, 0x00, 0x1F, 0xE0, 0x3F, 0xF8, 0x3F, 0xFE, 0x3F, 0x1F, 0x9F, 0x03, 0xCF, 0x01, 0xFF, 0x80,
    0xFF, 0xC0, 0x7F, 0xE0, 0x3E, 0xF0, 0x1F, 0x7C, 0x0F, 0x3F, 0x1F, 0x8F, 0xFF, 0x83, 0xFF, 0x80,
    0x7F, 0x80, 0x1F, 0xE1, 0xDC, 0x3F, 0xC0, 0x00, 0x1F, 0x87, 0xFE, 0xFF, 0xEF, 0x9F, 0xF0, 0xFF,
    0x0F, 0xF0, 0xFF, 0x9F, 0xFF, 0xE7, 0xFE, 0x3F, 0x80, 0x07, 0xFF, 0xF8, 0xFF, 0xFF, 0xCF, 0xFF,
    0xFE, 0x7C, 0x78, 0x07, 0xC3, 0xC0, 0x3C, 0x1E, 0x01, 0xE0, 0xFF, 0xCF, 0x07, 0xFE, 0x78, 0x3F,
    0xF3, 0xC1, 0xE0, 0x1F, 0x0F, 0x00, 0x7C, 0x78, 0x03, 0xFF, 0xFF, 0x8F, 0xFF, 0xFC, 0x1F, 0xFF,
    0xE0, 0x1F, 0x9F, 0x87, 0xFF, 0xFC, 0x7F, 0xFF, 0xEF, 0x1F, 0x0E, 0xF0, 0xFF, 0xEF, 0x0F, 0xFF,
    0xF0, 0xFF, 0xEF, 0x1F, 0x0E, 0x7F, 0xFF, 0xE7, 0xFF, 0xFC, 0x1F, 0x9F, 0x80, 0x07, 0x80, 0x38,
    0x03, 0xC0, 0x1C, 0x00, 0x00, 0x7F, 0xE3, 0xFF, 0xDF, 0xFE, 0xF0, 0xFF, 0x83, 0xFC, 0x3F, 0xFF,
    0xEF, 0xFF, 0x7F, 0xE3, 0xCF, 0x9E, 0x3C, 0xF1, 0xF7, 0x8F, 0xBC, 0x3F, 0xE1, 0xF0, 0x0E, 0x1E,
    0x3C, 0x00, 0xFF, 0xFF, 0xFF, 0xF8, 0xF8, 0xF0, 0xF0, 0xF0, 0xF0, 0xF0, 0xF0, 0x7F, 0x87, 0xFE,
    0x3F, 0xF9, 0xE3, 0xCF, 0x0F, 0x78, 0xF3, 0xFF, 0x9F, 0xF8, 0xFF, 0x87, 0xFC, 0x3C, 0xF1, 0xE3,
    0xCF, 0x1E, 0x78, 0x7B, 0xC1, 0xE0, 0x00, 0x07, 0x00, 0x38, 0x01, 0xC0, 0x1C, 0x00, 0xE7, 0x7F,
    0xBF, 0xDF, 0xEF, 0x87, 0x83, 0xC1, 0xE0, 0xF0, 0x78, 0x3C, 0x1E, 0x00, 0x03, 0x81, 0xC1, 0xC0,
    0xE0, 0x00, 0x73, 0x81, 0xFC, 0x07, 0xC0, 0x3C, 0x00, 0x00, 0x7F, 0xE3, 0xFF, 0xDF, 0xFE, 0xF0,
    0xFF, 0x83, 0xFC, 0x3F, 0xFF, 0xEF, 0xFF, 0x7F, 0xE3, 0xCF, 0x9E, 0x3C, 0xF1, 0xF7, 0x8F, 0xBC,
    0x3F, 0xE1, 0xF0, 0x77, 0x9F, 0x87, 0x80, 0x07, 0xFB, 0xFD, 0xFE, 0xF8, 0x7C, 0x3C, 0x1E, 0x0F,
    0x07, 0x83, 0xC1, 0xE0, 0x01, 0xE0, 0x07, 0x00, 0x3C, 0x00, 0xE0, 0x00, 0x00, 0x00, 0x01, 0xFE,
    0x0F, 0xFC, 0x7F, 0xF9, 0xE1, 0xE7, 0x87, 0x9F, 0x80, 0x7F, 0xE0, 0xFF, 0xE0, 0xFF, 0x80, 0x3F,
    0x78, 0x3D, 0xF1, 0xF7, 0xFF, 0x8F, 0xFC, 0x0F, 0xE0, 0x07, 0x83, 0xC0, 0xE0, 0x00, 0x3F, 0x3F,
    0xEF, 0xFB, 0xCF, 0xFE, 0x1F, 0xE1, 0xFF, 0xCF, 0xFF, 0xDF, 0xE3, 0xF0, 0x1F, 0xE0, 0xFF, 0xC7,
    0xFF, 0x9E, 0x1E, 0x78, 0x79, 0xF8, 0x07, 0xFE, 0x0F, 0xFE, 0x0F, 0xF8, 0x03, 0xF7, 0x83, 0xDF,
    0x1F, 0x7F, 0xF8, 0xFF, 0xE1, 0xFE, 0x01, 0xE0, 0x07, 0xC0, 0x07, 0x00, 0x7C, 0x01, 0xE0, 0x7F,
    0x3F, 0xEF, 0xFB, 0xCE, 0xFE, 0x1F, 0xE3, 0xFF, 0x8F, 0xF3, 0xFF, 0xE7, 0xF0, 0x78, 0x1F, 0x05,
    0xC0, 0x70, 0xFC, 0x3E, 0x00, 0x1C, 0xE0, 0x3F, 0x00, 0xFC, 0x01, 0xE0, 0x00, 0x00, 0x3F, 0x83,
    0xFF, 0x1F, 0xFE, 0x78, 0x79, 0xE0, 0x07, 0xE0, 0x1F, 0xF8, 0x3F, 0xF0, 0x3F, 0xE0, 0x0F, 0xDE,
    0x0F, 0x7C, 0x7D, 0xFF, 0xE3, 0xFF, 0x03, 0xF8, 0x77, 0x8F, 0xC1, 0xE0, 0x00, 0x7F, 0x3F, 0xEF,
    0xFB, 0xCF, 0xFE, 0x1F, 0xE1, 0xFF, 0xCF, 0xFF, 0xDF, 0xF3, 0xF0, 0xFF, 0xFF, 0xFF, 0xF7, 0xFF,
    0xC1, 0xE0, 0x07, 0x80, 0x1E, 0x00, 0x78, 0x01, 0xE0, 0x07, 0x80, 0x1E, 0x00, 0x78, 0x01, 0xE0,
    0x07, 0x80, 0x1E, 0x00, 0x78, 0x00, 0xE0, 0x07, 0xC0, 0x0F, 0x80, 0x0E, 0x01, 0xF8, 0x07, 0x80,
    0x3C, 0x1E, 0x0F, 0x1F, 0xFF, 0xFF, 0xFC, 0xF0, 0x78, 0x3C, 0x1E, 0x0F, 0x07, 0xF1, 0xF8, 0x7C,
    0x7C, 0x3F, 0x0B, 0x8F, 0xC7, 0xC0, 0x1E, 0xF0, 0x3F, 0x80, 0x7C, 0x01, 0xE0, 0x00, 0x03, 0xFF,
    0xFF, 0xFF, 0xFF, 0xFF, 0x07, 0xC0, 0x1F, 0x00, 0x7C, 0x01, 0xF0, 0x07, 0xC0, 0x1F, 0x00, 0x7C,
    0x01, 0xF0, 0x07, 0xC0, 0x1F, 0x00, 0x7C, 0x01, 0xF0, 0x01, 0xC0, 0x70, 0x1C, 0xF6, 0x3F, 0x8F,
    0x0F, 0xF3, 0xFC, 0xFF, 0x0F, 0x03, 0xC0, 0xF0, 0x3C, 0x0F, 0x03, 0xF8, 0x7E, 0x1F, 0x80, 0xFF,
    0xFF, 0xFF, 0xFF, 0xFF, 0xC1, 0xF0, 0x07, 0xC0, 0x1F, 0x07, 0xFF, 0x9F, 0xFE, 0x7F, 0xF8, 0x1F,
    0x00, 0x7C, 0x01, 0xF0, 0x07, 0xC0, 0x1F, 0x00, 0x7C, 0x00, 0x3C, 0x1E, 0x0F, 0x1F, 0xEF, 0xF7,
    0xF9, 0xFD, 0xFE, 0xFF, 0x1E, 0x0F, 0x07, 0xF1, 0xF8, 0xFC, 0x0F, 0xE0, 0x7F, 0x81, 0xBC, 0x00,
    0x00, 0x00, 0x03, 0xC1, 0xFF, 0x07, 0xFC, 0x1F, 0xF0, 0x7F, 0xC1, 0xFF, 0x07, 0xFC, 0x1F, 0xF0,
    0x7F, 0xC1, 0xFF, 0x07, 0xBE, 0x1E, 0x78, 0xF9, 0xFF, 0xE3, 0xFF, 0x07, 0xF0, 0x3F, 0x8F, 0xF0,
    0x00, 0x00, 0x0F, 0x1F, 0xE3, 0xFC, 0x7F, 0x8F, 0xF1, 0xFE, 0x3F, 0xC7, 0xFD, 0xFF, 0xFF, 0xFF,
    0xDF, 0x78, 0x1F, 0xE0, 0x7F, 0x80, 0x00, 0x00, 0x00, 0xF0, 0x7F, 0xC1, 0xFF, 0x07, 0xFC, 0x1F,
    0xF0, 0x7F, 0xC1, 0xFF, 0x07, 0xFC, 0x1F, 0xF0, 0x7F, 0xC1, 0xEF, 0x87, 0x9E, 0x3E, 0x7F, 0xF8,
    0xFF, 0xC1, 0xFC, 0x00, 0x3F, 0x87, 0xF0, 0x00, 0x00, 0x0F, 0x1F, 0xE3, 0xFC, 0x7F, 0x8F, 0xF1,
    0xFE, 0x3F, 0xC7, 0xFD, 0xFF, 0xFF, 0xFF, 0xDF, 0x78, 0x00, 0x00, 0xC7, 0x07, 0xF8, 0x1F, 0x80,
    0x70, 0x00, 0x03, 0xC1, 0xFE, 0x0F, 0xF0, 0x7F, 0x83, 0xFC, 0x1F, 0xE0, 0xFF, 0x07, 0xF8, 0x3F,
    0xC1, 0xFE, 0x0F, 0xF0, 0x7B, 0xC3, 0xDF, 0xFE, 0x7F, 0xE1, 0xFE, 0x01, 0x80, 0x00, 0x03, 0x1C,
    0x3F, 0xC1, 0xF8, 0x0E, 0x0F, 0x0E, 0xF0, 0xEF, 0x0E, 0xF0, 0xEF, 0x0E, 0xF0, 0xEF, 0x0E, 0xF1,
    0xEF, 0x1E, 0xFF, 0xE7, 0xFE, 0x7F, 0xE0, 0x80, 0x07, 0x80, 0x3F, 0x00, 0xCC, 0x03, 0x70, 0x0F,
    0x80, 0x1E, 0x00, 0x00, 0x3C, 0x1F, 0xF0, 0x7F, 0xC1, 0xFF, 0x07, 0xFC, 0x1F, 0xF0, 0x7F, 0xC1,
    0xFF, 0x07, 0xFC, 0x1F, 0xF0, 0x7B, 0xE1, 0xE7, 0x8F, 0x9F, 0xFE, 0x3F, 0xF0, 0x7F, 0x00, 0x1E,
    0x03, 0xE0, 0xEE, 0x1D, 0xC3, 0xF0, 0x3E, 0x00, 0x07, 0x8F, 0xF1, 0xFE, 0x3F, 0xC7, 0xF8, 0xFF,
    0x1F, 0xE3, 0xFE, 0xFF, 0xFF, 0xFF, 0xEF, 0xBC, 0x0F, 0xF0, 0x3B, 0x80, 0xEE, 0x07, 0x70, 0x00,
    0x00, 0x00, 0x0F, 0x07, 0xFC, 0x1F, 0xF0, 0x7F, 0xC1, 0xFF, 0x07, 0xFC, 0x1F, 0xF0, 0x7F, 0xC1,
    0xFF, 0x07, 0xFC, 0x1E, 0xF8, 0x79, 0xE3, 0xE7, 0xFF, 0x8F, 0xFC, 0x1F, 0xC0, 0x1D, 0xC7, 0xF8,
    0xEE, 0x00, 0x0F, 0x1F, 0xE3, 0xFC, 0x7F, 0x8F, 0xF1, 0xFE, 0x3F, 0xC7, 0xFD, 0xFF, 0xFF, 0xFF,
    0xDF, 0x78, 0xF0, 0x7F, 0xC1, 0xFF, 0x07, 0xFC, 0x1F, 0xF0, 0x7F, 0xC1, 0xFF, 0x07, 0xFC, 0x1F,
    0xF0, 0x7F, 0xC1, 0xFF, 0x87, 0xBF, 0x3E, 0x7F, 0xF8, 0xFF, 0xC1, 0xFE, 0x01, 0xC0, 0x0F, 0x00,
    0x3E, 0x00, 0x78, 0x00, 0xF1, 0xEF, 0x1E, 0xF1, 0xEF, 0x1E, 0xF1, 0xEF, 0x1E, 0xF1, 0xEF, 0x3E,
    0xFF, 0xE7, 0xFE, 0x7D, 0xE0, 0x1C, 0x01, 0xC0, 0x1F, 0x00, 0xF0, 0x00, 0x78, 0x00, 0x03, 0xF0,
    0x00, 0x1F, 0xE0, 0x00, 0x73, 0x80, 0x00, 0x00, 0x03, 0xC1, 0xE0, 0xFF, 0x8F, 0xC3, 0xDE, 0x3F,
    0x1E, 0x78, 0xFC, 0x79, 0xE3, 0xF1, 0xE7, 0xDF, 0xE7, 0x8F, 0x7F, 0xBC, 0x3D, 0xFE, 0xF0, 0xF7,
    0xFB, 0xC3, 0xFE, 0xFF, 0x07, 0xF3, 0xF8, 0x1F, 0xCF, 0xE0, 0x7F, 0x3F, 0x81, 0xF8, 0x7E, 0x03,
    0xE1, 0xF0, 0x01, 0xE0, 0x00, 0x7E, 0x00, 0x1E, 0xE0, 0x00, 0x00, 0x0F, 0x1E, 0x3C, 0xF3, 0xE7,
    0x9E, 0x7C, 0xF3, 0xDF, 0x9C, 0x3B, 0xFF, 0x87, 0xFF, 0xF0, 0xFF, 0xFE, 0x1F, 0xDF, 0x81, 0xFB,
    0xF0, 0x3E, 0x7E, 0x07, 0xC7, 0x80, 0x03, 0xC0, 0x0F, 0xC0, 0x3F, 0x80, 0x73, 0x80, 0x00, 0x1F,
    0x07, 0xDE, 0x0F, 0xBE, 0x3E, 0x3E, 0x78, 0x3D, 0xF0, 0x7F, 0xC0, 0x7F, 0x80, 0xFE, 0x00, 0xFC,
    0x01, 0xF0, 0x01, 0xE0, 0x03, 0xC0, 0x07, 0x80, 0x0F, 0x00, 0x1E, 0x00, 0x0F, 0x80, 0xFC, 0x0F,
    0x70, 0x00, 0x0F, 0x0F, 0x3C, 0x79, 0xE3, 0xCF, 0x3C, 0x3D, 0xE1, 0xEE, 0x07, 0xF0, 0x3F, 0x81,
    0xF8, 0x07, 0xC0, 0x3E, 0x01, 0xE0, 0x7F, 0x03, 0xF0, 0x1F, 0x00, 0x1E, 0xF0, 0x3D, 0xE0, 0x7B,
    0xC0, 0x00, 0x0F, 0x83, 0xEF, 0x07, 0x9F, 0x1F, 0x1E, 0x3C, 0x1E, 0xF8, 0x3D, 0xE0, 0x3F, 0x80,
    0x7F, 0x00, 0x7C, 0x00, 0xF8, 0x00, 0xF0, 0x01, 0xE0, 0x03, 0xC0, 0x07, 0x80, 0x0F, 0x00, 0x03,
    0x80, 0x78, 0x07, 0x00, 0xF0, 0x00, 0x0F, 0xFF, 0xFF, 0xFF, 0xFF, 0x03, 0xF0, 0x3E, 0x07, 0xC0,
    0xF8, 0x1F, 0x81, 0xF0, 0x3E, 0x07, 0xC0, 0x7C, 0x0F, 0xFF, 0xFF, 0xFF, 0xFF, 0x07, 0x81, 0xE0,
    0x38, 0x00, 0x07, 0xFE, 0xFF, 0xDF, 0xF8, 0x3E, 0x0F, 0x83, 0xE0, 0xF8, 0x1E, 0x07, 0xFE, 0xFF,
    0xDF, 0xF8, 0x0E, 0x01, 0xF0, 0x1F, 0x00, 0xE0, 0x00, 0x0F, 0xFF, 0xFF, 0xFF, 0xFF, 0x01, 0xE0,
    0x3E, 0x07, 0xC0, 0xF8, 0x0F, 0x01, 0xF0, 0x3E, 0x07, 0xC0, 0x78, 0x0F, 0xFF, 0xFF, 0xFF, 0xFF,
    0x1E, 0x03, 0xE0, 0x78, 0x00, 0x07, 0xFE, 0xFF, 0xDF, 0xF8, 0x3E, 0x0F, 0x83, 0xE0, 0xF8, 0x1E,
    0x07, 0xFE, 0xFF, 0xDF, 0xF8, 0x3B, 0xC3, 0xF8, 0x1F, 0x00, 0xE0, 0x00, 0x0F, 0xFF, 0xFF, 0xFF,
    0xFF, 0x03, 0xF0, 0x3E, 0x07, 0xC0, 0xF8, 0x1F, 0x81, 0xF0, 0x3E, 0x07, 0xC0, 0x7C, 0x0F, 0xFF,
    0xFF, 0xFF, 0xFF, 0x7B, 0x87, 0xE0, 0x78, 0x00, 0x07, 0xFE, 0xFF, 0xDF, 0xF8, 0x3E, 0x0F, 0x83,
    0xE0, 0xF8, 0x1E, 0x07, 0xFE, 0xFF, 0xDF, 0xF8, 0x00, 0x07, 0x80, 0x03, 0xC0, 0x01, 0xC0, 0xFF,
    0xE1, 0xFF, 0xE1, 0xFF, 0xF0, 0xF8, 0xFC, 0xF8, 0x1E, 0x78, 0x0F, 0xBC, 0x07, 0xFE, 0x01, 0xEF,
    0x01, 0xF7, 0x80, 0xFB, 0xE0, 0x78, 0xF8, 0xFC, 0x7F, 0xFC, 0x1F, 0xFC, 0x03, 0xF8, 0x00, 0x00,
    0x70, 0x07, 0x00, 0x71, 0xFF, 0x7F, 0xE7, 0xFE, 0xF9, 0xFF, 0x0F, 0xF0, 0xFF, 0x0F, 0xF9, 0xF7,
    0xFE, 0x7F, 0xC1, 0xF8, 0x00, 0x07, 0x00, 0x07, 0x00, 0x0F, 0xF0, 0x7E, 0xF0, 0x7C, 0xF0, 0x7C,
    0xF0, 0x7C, 0xF0, 0x7C, 0xF0, 0x7C, 0xF0, 0x7C, 0xF0, 0x7C, 0xF0, 0x7C, 0xF0, 0x78, 0xF8, 0x78,
    0x78, 0xF8, 0x7F, 0xF0, 0x3F, 0xF0, 0x1F, 0xC0, 0x00, 0x38, 0x01, 0xFC, 0xFF, 0xE7, 0xEF, 0x3E,
    0x79, 0xF3, 0xCF, 0x9E, 0x7C, 0xF3, 0xE7, 0x9F, 0x3F, 0xF9, 0xFF, 0xC7, 0xFE, 0x00, 0x07, 0x38,
    0x07, 0xF0, 0x03, 0xF0, 0x01, 0xE0, 0x00, 0x00, 0x07, 0xF8, 0x1F, 0xFC, 0x3F, 0xFE, 0x3E, 0x1F,
    0x7C, 0x0F, 0x78, 0x00, 0x78, 0xFF, 0xF8, 0xFF, 0x78, 0xFF, 0x78, 0x0F, 0x7C, 0x1F, 0x3E, 0x3E,
    0x3F, 0xFE, 0x1F, 0xFC, 0x07, 0xF0, 0x39, 0xC1, 0xF8, 0x0F, 0x00, 0x00, 0x3F, 0xF7, 0xFF, 0xFF,
    0xFF, 0x1F, 0xF0, 0xFF, 0x0F, 0xF0, 0xFF, 0x1F, 0xFF, 0xF7, 0xFF, 0x3F, 0xFF, 0x0F, 0xFF, 0xE7,
    0xFE, 0x3F, 0x80, 0x1F, 0xE3, 0xFE, 0x7F, 0xE7, 0x84, 0x78, 0x07, 0xC0, 0x7F, 0x83, 0xFC, 0x0F,
    0xE0, 0x3E, 0x01, 0xE4, 0x1E, 0x7F, 0xE7, 0xFC, 0x7F, 0x80, 0x00, 0x00, 0x00, 0xF0, 0x0E, 0x00,
    0xE0, 0x3F, 0x9F, 0xF7, 0xF9, 0xC2, 0x7C, 0x1F, 0xC1, 0xF8, 0x1F, 0x03, 0xFF, 0xFF, 0xF9, 0xFC,
    0x00, 0x00, 0x00, 0xE0, 0x78, 0x1C, 0x00, 0xFF, 0xFF, 0xFF, 0xFF, 0xF0, 0xF0, 0x0F, 0x00, 0xF0,
    0x0F, 0x00, 0xF0, 0x0F, 0x00, 0xF0, 0x0F, 0x00, 0xF0, 0x0F, 0x00, 0xF0, 0x0F, 0x00, 0x00, 0x00,
    0x00, 0xF0, 0x0E, 0x00, 0xE0, 0x18, 0x1C, 0x0E, 0x0F, 0xEF, 0xF7, 0xF8, 0xE0, 0x70, 0x38, 0x1C,
    0x0E, 0x07, 0x83, 0xF9, 0xFC, 0x7C, 0x00, 0x00, 0x07, 0x07, 0x83, 0x80, 0xF3, 0x9E, 0x70, 0x7B,
    0xDD, 0xE0, 0x1E, 0x1F, 0x9F, 0xCE, 0xF0, 0x7F, 0xFF, 0xFE, 0xFF, 0xFF, 0x63, 0xBB, 0xDF, 0xC7,
    0xC0, 0x7F, 0xFE, 0xF0, 0x77, 0xFF, 0xDD, 0xE0, 0x78, 0xFB, 0xB0, 0xE3, 0x87, 0x00, 0x7B, 0xFF,
    0xF3, 0xFD, 0xE0, 0x7F, 0xBB, 0x9D, 0xDF, 0xC0, 0xE3, 0xBB, 0x8F, 0x87, 0xC0, 0x33, 0x9C, 0xF7,
    0x00, 0x1E, 0x3F, 0xFF, 0xE0, 0xFF, 0xF0, 0x73, 0x9C, 0x66, 0x00, 0x31, 0xE7, 0xDF, 0xFF, 0xE0,
    0x23, 0xB9, 0xF7, 0x80, 0x7C, 0x3C, 0xF0, 0xF3, 0xE3, 0xC7, 0xDE, 0x0F, 0x78, 0xFF, 0xE3, 0xFF,
    0x1E, 0xF8, 0x79, 0xE1, 0xE7, 0xC7, 0x0F, 0x3C, 0x1E, 0xF0, 0x7C, 0x7F, 0x87, 0xFC, 0x7F, 0xC0,
    0x3E, 0x01, 0xE0, 0x1E, 0x01, 0xE0, 0x1E, 0x01, 0xE0, 0x1E, 0xFF, 0xFF, 0xFF, 0xFF, 0xF0, 0x7C,
    0x3F, 0x1F, 0xC1, 0xE0, 0xF0, 0x78, 0x3C, 0x1E, 0x0F, 0x0F, 0xBF, 0xDE, 0xEE, 0x70, 0x00, 0xFF,
    0xFF, 0xFF, 0xFF, 0xE0, 0x3C, 0x03, 0xC0, 0x3C, 0x03, 0xC0, 0x3C, 0x03, 0xC0, 0x3C, 0x03, 0xC0,
    0x3C, 0x03, 0xC0, 0xFF, 0xCF, 0xFE, 0xFF, 0xF0, 0x0F, 0x00, 0xF0, 0x0F, 0xF0, 0xFF, 0x0F, 0xF0,
    0xFF, 0x0F, 0xF0, 0xFF, 0x0F, 0xF0, 0xF0, 0x7D, 0xFF, 0xCF, 0x3C, 0xF3, 0xCF, 0x3C, 0xF3, 0xCF,
    0x3C, 0xFF, 0xFE, 0x7E, 0x3C, 0x38, 0x78, 0x78, 0x78, 0x78, 0x78, 0x3C, 0x3C, 0x3C, 0x7F, 0xF3,
    0xFF, 0xEF, 0xFF, 0x8E, 0x1E, 0x78, 0x79, 0xE1, 0xE7, 0x87, 0x9E, 0x1E, 0x78, 0x79, 0xE1, 0xE7,
    0x87, 0x9E, 0x1E, 0x78, 0x78, 0x73, 0xE3, 0x9F, 0x9C, 0xFE, 0xE0, 0xF7, 0x07, 0xB8, 0x3D, 0xC1,
    0xEF, 0x0F, 0x78, 0x7B, 0xC7, 0xCF, 0xFC, 0x7F, 0xE0, 0xFC, 0x00, 0x7D, 0xFF, 0xCF, 0x3C, 0xF3,
    0xC0, 0x7F, 0x8F, 0xF9, 0xFF, 0x80, 0xF0, 0x1E, 0x03, 0xC0, 0x78, 0x0F, 0x01, 0xE0, 0x3C, 0x07,
    0x80, 0xF0, 0x1E, 0x03, 0xC0, 0x78, 0x0F, 0x01, 0xE0, 0x7F, 0x1F, 0xF3, 0xFF, 0x01, 0xE0, 0x3C,
    0x03, 0xC0, 0x78, 0x0F, 0x03, 0xC0, 0x7B, 0xFF, 0x7F, 0xCF, 0xF0, 0x30, 0x1E, 0x03, 0xC0, 0x78,
    0x0F, 0xFF, 0xFF, 0xFF, 0xF8, 0x0F, 0x03, 0xC0, 0x78, 0x0F, 0x03, 0xC0, 0x78, 0x0F, 0x03, 0xC0,
    0x78, 0x1F, 0x00, 0x7F, 0xF1, 0xFF, 0xE7, 0xFF, 0x8F, 0x0F, 0x3C, 0x3C, 0xF0, 0xF3, 0xC3, 0xCF,
    0x0F, 0x3C, 0x3C, 0xF0, 0xF3, 0xFF, 0xCF, 0xFF, 0x3F, 0xFC, 0xF3, 0xF0, 0xFF, 0xF1, 0xFF, 0xF3,
    0xF1, 0xE3, 0xC3, 0xC7, 0x87, 0x8F, 0x0F, 0x1E, 0x1E, 0x38, 0x3C, 0xF0, 0x79, 0xEF, 0xE3, 0xDF,
    0xC7, 0xBF, 0x00, 0x7D, 0xF7, 0xCF, 0x3C, 0xF3, 0xCF, 0x3C, 0xF3, 0xCF, 0x3C, 0xF3, 0xCF, 0x3C,
    0x7C, 0x7E, 0x7E, 0x1E, 0x0F, 0x0F, 0x0F, 0x0F, 0x0F, 0x0F, 0x7F, 0xFF, 0xFF, 0x7F, 0xE1, 0xFF,
    0xC7, 0xFF, 0x8E, 0x1E, 0x78, 0x3D, 0xE0, 0xF7, 0x83, 0xDE, 0x0F, 0x78, 0x79, 0xF1, 0xE3, 0xFF,
    0x8F, 0xFC, 0x0F, 0xE0, 0x00, 0x03, 0xC3, 0xDE, 0x1E, 0xF0, 0xF3, 0x87, 0x9E, 0x38, 0xF3, 0xC7,
    0x9E, 0x3C, 0xF0, 0xEF, 0x87, 0xF8, 0xFF, 0x8F, 0xF8, 0x7E, 0x01, 0x00, 0x00, 0x1F, 0xC1, 0xFF,
    0x1F, 0xFC, 0xF1, 0xEF, 0x0F, 0x3C, 0x3D, 0xF1, 0xEF, 0x8F, 0x1C, 0x78, 0x03, 0xC0, 0x1E, 0x00,
    0xF0, 0x07, 0x80, 0x3C, 0x01, 0xE0, 0x0F, 0x00, 0x78, 0x1F, 0xC3, 0xFF, 0x1F, 0xFC, 0xF1, 0xEF,
    0x0F, 0x3C, 0x3D, 0xF1, 0xEF, 0x8F, 0x1C, 0xF0, 0x0F, 0x9F, 0xFC, 0xFF, 0xC7, 0xF8, 0x00, 0xF0,
    0xF7, 0x8F, 0x78, 0xF7, 0xCE, 0x3D, 0xE3, 0xDE, 0x1F, 0xC1, 0xFC, 0x1F, 0x80, 0xF0, 0x0F, 0x00,
    0xF0, 0x0F, 0x00, 0x78, 0x07, 0x80, 0x78, 0x07, 0x80, 0xF8, 0xF7, 0xCF, 0x3C, 0xF3, 0xEF, 0x1F,
    0xE1, 0xFE, 0x0F, 0xC0, 0x78, 0x07, 0xC0, 0x3C, 0x7F, 0xEF, 0xFE, 0xFF, 0xE0, 0x7F, 0xF9, 0xFF,
    0xE7, 0xFF, 0x80, 0x1E, 0x00, 0x78, 0x03, 0xC7, 0x8F, 0x1E, 0x3C, 0x79, 0xE1, 0xE7, 0x87, 0x9E,
    0x1E, 0x78, 0x7B, 0xC1, 0xE0, 0x07, 0x80, 0x1E, 0x00, 0x78, 0x00, 0x7F, 0x9F, 0xF7, 0xFC, 0x0F,
    0x03, 0xC0, 0xF0, 0x3C, 0x0F, 0x03, 0xC0, 0xF0, 0x3C, 0x0F, 0x03, 0xC0, 0xF7, 0x9F, 0xEF, 0x3F,
    0xDE, 0x7F, 0xBC, 0xFF, 0x79, 0xFF, 0xE3, 0xFF, 0xC7, 0x7E, 0x1E, 0xF0, 0x3C, 0xF0, 0xF9, 0xFF,
    0xE1, 0xFF, 0x81, 0xFE, 0x00, 0x7F, 0xF1, 0xFF, 0xE7, 0xFF, 0xC7, 0x8F, 0x1E, 0x3C, 0x78, 0xF1,
    0xE3, 0xC7, 0x8F, 0x1C, 0x3C, 0xF0, 0xF7, 0xC3, 0xDF, 0x0F, 0xF8, 0x3C, 0x47, 0xFE, 0xFF, 0x00,
    0x38, 0xE7, 0x9E, 0x7B, 0xEF, 0x80, 0x00, 0x00, 0x1C, 0xFB, 0xEF, 0x8C, 0x00, 0x07, 0xF9, 0xFF,
    0xFF, 0xEF, 0xBD, 0xF0, 0x3F, 0x03, 0xF0, 0x3F, 0x01, 0xE0, 0x3C, 0x00, 0x00, 0xE0, 0x3E, 0x07,
    0xC0, 0x78, 0x06, 0x00, 0x00, 0x0F, 0xC7, 0xE1, 0xF8, 0x78, 0x1E, 0x07, 0xF8, 0xFE, 0xFF, 0xBF,
    0xC7, 0x80, 0x00, 0xFF, 0xFF, 0xFF, 0x00, 0x31, 0xCF, 0x3E, 0xFB, 0xC0, 0x00, 0x31, 0xEF, 0x9E,
    0x30, 0x00, 0x03, 0xCF, 0x1E, 0x79, 0xE7, 0x9E, 0x78, 0xE3, 0x8F, 0x3C, 0xF3, 0xC0, 0x20, 0x38,
    0x7F, 0x1F, 0xFF, 0xFF, 0xBF, 0xE7, 0xE1, 0xE0, 0x78, 0x1E, 0x07, 0x81, 0xE0, 0x78, 0x1E, 0x07,
    0x80, 0x00, 0x00, 0x0F, 0x77, 0xF7, 0x7F, 0xFF, 0x7F, 0xF7, 0xFF, 0x7D, 0xC7, 0x80, 0x78, 0x07,
    0x80, 0x78, 0x03, 0x80, 0x38, 0x03, 0x80, 0x38, 0x00, 0x00, 0x04, 0x07, 0x03, 0xE1, 0xF8, 0xF8,
    0x3C, 0x0F, 0xC1, 0xF8, 0x3E, 0x1F, 0x0F, 0x03, 0xC0, 0xFF, 0x9F, 0xF7, 0xFC, 0x00, 0x00, 0x0F,
    0xC7, 0xF9, 0xFE, 0xF3, 0xFC, 0xFF, 0x3F, 0xCF, 0xF3, 0xFF, 0xF7, 0xF8, 0xFC, 0x40, 0x07, 0xFC,
    0x7F, 0xC7, 0xFC, 0x0F, 0xC0, 0x1C, 0x01, 0xC0, 0x1C, 0x01, 0xC0, 0x1E, 0x01, 0xE0, 0x1E, 0x01,
    0xE0, 0x0E, 0x00, 0xE0, 0x08, 0x20, 0x4F, 0x0F, 0xF0, 0xFF, 0x1E, 0x79, 0xE7, 0x9E, 0x39, 0xC3,
    0xFC, 0x3F, 0xC3, 0xF8, 0x1F, 0x81, 0xF8, 0x1F, 0x00, 0xF0, 0x0F, 0x00, 0x80, 0x03, 0x00, 0xF0,
    0x0F, 0x00, 0xF8, 0x1F, 0x81, 0xF8, 0x1F, 0x83, 0xFC, 0x3F, 0xC3, 0x9C, 0x79, 0xE7, 0x9E, 0xF1,
    0xEF, 0x0F, 0xF0, 0xF2, 0x04, 0x08, 0x0F, 0xC7, 0xF3, 0xFE, 0xF7, 0xBD, 0xEF, 0xFB, 0xFE, 0x7F,
    0x87, 0xF0, 0x3C, 0x0F, 0x03, 0xC0, 0xF0, 0x1C, 0x00, 0x08, 0x00, 0x78, 0x00, 0xF3, 0x80, 0xE7,
    0x01, 0xFE, 0x03, 0xFC, 0x07, 0xF8, 0x0F, 0xF0, 0x3C, 0xFD, 0xF9, 0xFF, 0xE1, 0xFF, 0x81, 0xFE,
    0x00, 0x7E, 0xFC, 0x00, 0x07, 0x03, 0xE0, 0xFC, 0x3F, 0x1F, 0xE7, 0x3B, 0xCE, 0xF3, 0xBF, 0xE7,
    0xF8, 0xFC, 0x00, 0x00, 0x31, 0xEF, 0x9E, 0x30, 0x00, 0x03, 0xCF, 0x1E, 0x79, 0xE7, 0x9E, 0x78,
    0xE3, 0x8F, 0x3C, 0xF3, 0xC0, 0x20, 0x38, 0x7F, 0x1F, 0xFF, 0xFF, 0xBF, 0xE7, 0xE1, 0xE0, 0x78,
    0x1E, 0x07, 0x81, 0xE0, 0x78, 0x1E, 0x07, 0x80, 0x00, 0x00, 0x0F, 0x77, 0xF7, 0x7F, 0xFF, 0x7F,
    0xF7, 0xFF, 0x7D, 0xC7, 0x80, 0x78, 0x07, 0x80, 0x78, 0x03, 0x80, 0x38, 0x03, 0x80, 0x38, 0x00,
    0x00, 0x01, 0xC7, 0x3C, 0x7F, 0xC7, 0xFC, 0x7F, 0xE7, 0xFE, 0x7F, 0xE3, 0xFC, 0x38, 0x03, 0xC0,
    0x3C, 0x03, 0xC0, 0x3C, 0x03, 0xC0, 0x3C, 0x00, 0x00, 0x00, 0x00, 0xE0, 0x1F, 0x00, 0xF0, 0x1F,
    0x81, 0xFC, 0x3F, 0xC7, 0x9E, 0x79, 0xE7, 0x0E, 0xF6, 0xFF, 0x6F, 0xFF, 0xE7, 0xFE, 0x7F, 0xC0,
    0x04, 0x0F, 0xC7, 0xF1, 0xFC, 0x70, 0x1C, 0x07, 0xF9, 0xFE, 0x3F, 0xC7, 0xC3, 0xE1, 0xF0, 0x7C,
    0x3E, 0x0F, 0x00, 0xC0, 0x20, 0x4F, 0x0F, 0xF0, 0xFF, 0x1E, 0x79, 0xE7, 0x9E, 0x39, 0xC3, 0xFC,
    0x3F, 0xC3, 0xF8, 0x1F, 0x81, 0xF8, 0x1F, 0x00, 0xF0, 0x0F, 0x00, 0x80, 0x03, 0x00, 0xF0, 0x0F,
    0x00, 0xF8, 0x1F, 0x81, 0xF8, 0x1F, 0x83, 0xFC, 0x3F, 0xC3, 0x9C, 0x79, 0xE7, 0x9E, 0xF1, 0xEF,
    0x0F, 0xF0, 0xF2, 0x04, 0x08, 0x0F, 0xC7, 0xF3, 0xFE, 0xF7, 0xBD, 0xEF, 0xFB, 0xFE, 0x7F, 0x87,
    0xF0, 0x3C, 0x0F, 0x03, 0xC0, 0xF0, 0x1C, 0x07, 0xE0, 0x07, 0xE0, 0x07, 0xF0, 0x0F, 0xF0, 0x0F,
    0xF0, 0x0F, 0x78, 0x1E, 0x78, 0x1E, 0x78, 0x1E, 0x3C, 0x3F, 0xFC, 0x3F, 0xFE, 0x7F, 0xFE, 0x78,
    0x1E, 0x78, 0x1F, 0xF8, 0x0F, 0x00, 0x00, 0x00, 0x00, 0x01, 0xC0, 0x03, 0xC0, 0x01, 0xC0, 0x3F,
    0xF7, 0xFF, 0xFF, 0xFF, 0x9F, 0xF0, 0xFF, 0x0F, 0xF0, 0xFF, 0x9F, 0xFF, 0xF7, 0xFF, 0x3F, 0xF0,
    0x00, 0x00, 0x00, 0xF0, 0x0F, 0x00, 0xF0, 0x03, 0xE0, 0x07, 0xE0, 0x07, 0xE0, 0x01, 0xE0, 0x01,
    0xC0, 0x00, 0x00, 0x07, 0xE0, 0x07, 0xF0, 0x0F, 0xF0, 0x0F, 0xF0, 0x0F, 0xF8, 0x1F, 0x78, 0x1F,
    0x78, 0x1E, 0x7C, 0x3E, 0x3C, 0x3F, 0xFC, 0x3F, 0xFE, 0x7F, 0xFE, 0x78, 0x1E, 0x78, 0x1F, 0xF8,
    0x0F, 0x0F, 0x01, 0xF8, 0x1F, 0x80, 0x78, 0x07, 0x00, 0x00, 0x3F, 0xF7, 0xFF, 0xFF, 0xFF, 0x9F,
    0xF0, 0xFF, 0x0F, 0xF0, 0xFF, 0x9F, 0xFF, 0xF7, 0xFF, 0x3F, 0xF0, 0x00, 0x0F, 0x00, 0x0E, 0x00,
    0x1E, 0x03, 0xDC, 0x03, 0xE0, 0x07, 0xF0, 0x0E, 0x70, 0x00, 0x00, 0x07, 0xE0, 0x07, 0xE0, 0x07,
    0xF0, 0x0F, 0xF0, 0x0F, 0xF0, 0x0F, 0x78, 0x1E, 0x78, 0x1E, 0x78, 0x1E, 0x3C, 0x3F, 0xFC, 0x3F,
    0xFE, 0x7F, 0xFE, 0x78, 0x1E, 0x78, 0x1F, 0xF8, 0x0F, 0x00, 0x38, 0x01, 0xE0, 0x07, 0x00, 0x3C,
    0x0F, 0x00, 0x7E, 0x03, 0x9C, 0x00, 0x00, 0x3F, 0xF1, 0xFF, 0xCF, 0xFF, 0x3C, 0x7C, 0xF0, 0xF3,
    0xC3, 0xCF, 0x0F, 0x3C, 0x7C, 0xFF, 0xF1, 0xFF, 0xC3, 0xFF, 0x00, 0x00, 0x78, 0x00, 0x38, 0x00,
    0x3C, 0x03, 0xDC, 0x03, 0xE0, 0x07, 0xF0, 0x0E, 0x70, 0x00, 0x00, 0x07, 0xE0, 0x07, 0xE0, 0x07,
    0xF0, 0x0F, 0xF0, 0x0F, 0xF0, 0x0F, 0x78, 0x1E, 0x78, 0x1E, 0x78, 0x1E, 0x3C, 0x3F, 0xFC, 0x3F,
    0xFE, 0x7F, 0xFE, 0x78, 0x1E, 0x78, 0x1F, 0xF8, 0x0F, 0x01, 0xC0, 0x1E, 0x00, 0xE0, 0x0F, 0x0F,
    0x01, 0xF8, 0x39, 0xC0, 0x00, 0x3F, 0xF7, 0xFF, 0xFF, 0xFF, 0x1F, 0xF0, 0xFF, 0x0F, 0xF0, 0xFF,
    0x1F, 0xFF, 0xF7, 0xFF, 0x3F, 0xF0, 0x00, 0x3C, 0x00, 0x7E, 0x00, 0x7E, 0x00, 0x0E, 0x03, 0xDC,
    0x07, 0xF8, 0x07, 0xE0, 0x0E, 0x70, 0x00, 0x00, 0x07, 0xE0, 0x07, 0xE0, 0x07, 0xE0, 0x0F, 0xF0,
    0x0F, 0xF0, 0x0F, 0x78, 0x1E, 0x78, 0x1E, 0x78, 0x1E, 0x3C, 0x3F, 0xFC, 0x3F, 0xFC, 0x7F, 0xFE,
    0x78, 0x1E, 0x78, 0x1E, 0xF8, 0x0F, 0x00, 0xF0, 0x0F, 0xC0, 0x7E, 0x00, 0x70, 0x07, 0x07, 0xB0,
    0x7E, 0x07, 0x38, 0x00, 0x01, 0xFF, 0x9F, 0xFD, 0xFF, 0xEF, 0x1F, 0x78, 0x7B, 0xC3, 0xDE, 0x1E,
    0xF1, 0xF7, 0xFF, 0x9F, 0xFC, 0x7F, 0xE0, 0x07, 0xB0, 0x0F, 0xF0, 0x0F, 0xE0, 0x01, 0xC0, 0x03,
    0xE0, 0x07, 0xF0, 0x0E, 0x70, 0x00, 0x00, 0x07, 0xE0, 0x07, 0xE0, 0x07, 0xF0, 0x0F, 0xF0, 0x0F,
    0xF8, 0x0F, 0x78, 0x1E, 0x78, 0x1E, 0x7C, 0x3E, 0x3C, 0x3F, 0xFC, 0x3F, 0xFE, 0x7F, 0xFE, 0x78,
    0x1E, 0x78, 0x1F, 0xF8, 0x0F, 0x1F, 0xC3, 0xFC, 0x3F, 0x80, 0x00, 0x0F, 0x01, 0xF8, 0x39, 0xC0,
    0x00, 0x3F, 0xF7, 0xFF, 0xFF, 0xFF, 0x9F, 0xF0, 0xFF, 0x0F, 0xF0, 0xFF, 0x9F, 0xFF, 0xF7, 0xFF,
    0x3F, 0xF0, 0x03, 0xC0, 0x07, 0xE0, 0x0F, 0xF0, 0x0E, 0x70, 0x00, 0x00, 0x07, 0xE0, 0x07, 0xF0,
    0x0F, 0xF0, 0x0F, 0xF0, 0x0F, 0xF8, 0x1F, 0x78, 0x1F, 0x78, 0x1E, 0x7C, 0x3E, 0x3C, 0x3F, 0xFC,
    0x3F, 0xFE, 0x7F, 0xFE, 0x78, 0x1E, 0x78, 0x1F, 0xF8, 0x0F, 0x00, 0x00, 0x00, 0x00, 0x03, 0xC0,
    0x03, 0xC0, 0x01, 0xC0, 0x0F, 0x01, 0xF8, 0x39, 0xC0, 0x00, 0x3F, 0xF7, 0xFF, 0xFF, 0xFF, 0x1F,
    0xF0, 0xFF, 0x0F, 0xF0, 0xFF, 0x1F, 0xFF, 0xF7, 0xFF, 0x3F, 0xF0, 0x00, 0x00, 0x00, 0xF0, 0x0F,
    0x00, 0xF0, 0x00, 0xF0, 0x00, 0xE0, 0x01, 0xE0, 0x01, 0xC0, 0x0E, 0x30, 0x0E, 0x70, 0x07, 0xF0,
    0x03, 0xE0, 0x00, 0x00, 0x07, 0xE0, 0x07, 0xE0, 0x07, 0xF0, 0x0F, 0xF0, 0x0F, 0xF8, 0x0F, 0x78,
    0x1E, 0x78, 0x1E, 0x7C, 0x3E, 0x3C, 0x3F, 0xFC, 0x3F, 0xFE, 0x7F, 0xFE, 0x78, 0x1E, 0x78, 0x1F,
    0xF8, 0x0F, 0x03, 0xC0, 0x78, 0x07, 0x80, 0x70, 0x00, 0x03, 0x9C, 0x3F, 0xC1, 0xF8, 0x00, 0x03,
    0xEF, 0x7F, 0xFF, 0xFF, 0xF9, 0xFF, 0x0F, 0xF0, 0xFF, 0x0F, 0xF9, 0xFF, 0xFF, 0x7F, 0xF3, 0xFF,
    0x07, 0x00, 0x07, 0x80, 0x03, 0x80, 0x03, 0x80, 0x0E, 0x30, 0x0E, 0x70, 0x07, 0xF0, 0x07, 0xE0,
    0x00, 0x00, 0x07, 0xE0, 0x07, 0xE0, 0x07, 0xE0, 0x0F, 0xF0, 0x0F, 0xF0, 0x0F, 0x78, 0x1E, 0x78,
    0x1E, 0x78, 0x1E, 0x3C, 0x3F, 0xFC, 0x3F, 0xFC, 0x7F, 0xFE, 0x78, 0x1E, 0x78, 0x1E, 0xF8, 0x0F,
    0x3C, 0x01, 0xE0, 0x0E, 0x00, 0xE0, 0x00, 0x03, 0x9C, 0x3F, 0xC1, 0xF8, 0x00, 0x03, 0xEF, 0x7F,
    0xFF, 0xFF, 0xF9, 0xFF, 0x0F, 0xF0, 0xFF, 0x0F, 0xF9, 0xFF, 0xFF, 0x7F, 0xF3, 0xFF, 0x03, 0xC0,
    0x07, 0xE0, 0x07, 0xE0, 0x01, 0xE0, 0x01, 0xC0, 0x0F, 0xB0, 0x0E, 0x70, 0x07, 0xF0, 0x07, 0xE0,
    0x00, 0x00, 0x07, 0xE0, 0x07, 0xE0, 0x07, 0xE0, 0x0F, 0xF0, 0x0F, 0xF0, 0x0F, 0x78, 0x1E, 0x78,
    0x1E, 0x78, 0x1E, 0x3C, 0x3F, 0xFC, 0x3F, 0xFC, 0x7F, 0xFE, 0x78, 0x1E, 0x78, 0x1E, 0xF8, 0x0F,
    0x0F, 0x01, 0xF8, 0x1F, 0x80, 0x38, 0x07, 0x00, 0x60, 0x39, 0xC3, 0xFC, 0x1F, 0x80, 0x00, 0x3E,
    0xF7, 0xFF, 0xFF, 0xFF, 0x9F, 0xF0, 0xFF, 0x0F, 0xF0, 0xFF, 0x9F, 0xFF, 0xF7, 0xFF, 0x3F, 0xF0,
    0x07, 0x30, 0x0F, 0xF0, 0x0F, 0xF0, 0x0E, 0xE0, 0x0C, 0x30, 0x0E, 0x70, 0x07, 0xF0, 0x07, 0xE0,
    0x00, 0x00, 0x07, 0xE0, 0x07, 0xE0, 0x07, 0xE0, 0x0F, 0xF0, 0x0F, 0xF0, 0x0F, 0x78, 0x1E, 0x78,
    0x1E, 0x78, 0x1E, 0x3C, 0x3F, 0xFC, 0x3F, 0xFC, 0x7F, 0xFE, 0x78, 0x1E, 0x78, 0x1E, 0xF8, 0x0F,
    0x1F, 0xC3, 0xFC, 0x3F, 0x80, 0x00, 0x39, 0xC3, 0xFC, 0x1F, 0x80, 0x00, 0x3F, 0xF7, 0xFF, 0xFF,
    0xFF, 0x1F, 0xF0, 0xFF, 0x0F, 0xF0, 0xFF, 0x0F, 0xFF, 0xF7, 0xFF, 0x3F, 0xF0, 0x0E, 0x30, 0x0F,
    0x70, 0x07, 0xF0, 0x07, 0xE0, 0x00, 0x00, 0x07, 0xE0, 0x07, 0xF0, 0x0F, 0xF0, 0x0F, 0xF0, 0x0F,
    0xF8, 0x1F, 0x78, 0x1F, 0x78, 0x1E, 0x7C, 0x3E, 0x3C, 0x3F, 0xFC, 0x3F, 0xFE, 0x7F, 0xFE, 0x78,
    0x1E, 0x78, 0x1F, 0xF8, 0x0F, 0x00, 0x00, 0x00, 0x00, 0x03, 0xC0, 0x03, 0xC0, 0x01, 0xC0, 0x39,
    0xC3, 0xFC, 0x1F, 0x80, 0x00, 0x3E, 0xF7, 0xFF, 0xFF, 0xFF, 0x9F, 0xF0, 0xFF, 0x0F, 0xF0, 0xFF,
    0x9F, 0xFF, 0xF7, 0xFF, 0x3F, 0xF0, 0x00, 0x00, 0x00, 0xF0, 0x0F, 0x00, 0xF0, 0xFF, 0xFF, 0xFF,
    0xFF, 0xFF, 0x00, 0xF0, 0x0F, 0x00, 0xFF, 0xEF, 0xFE, 0xFF, 0xEF, 0x00, 0xF0, 0x0F, 0x00, 0xFF,
    0xFF, 0xFF, 0xFF, 0xF0, 0x00, 0x00, 0x00, 0xE0, 0x1E, 0x00, 0xE0, 0x3F, 0x8F, 0xFB, 0xFF, 0xF8,
    0xFF, 0xFF, 0xFF, 0xFC, 0x07, 0xCF, 0xFF, 0xEF, 0xF8, 0xFE, 0x00, 0x00, 0x00, 0x1C, 0x03, 0xC0,
    0x70, 0x0F, 0x01, 0xF8, 0x1F, 0x80, 0x78, 0x06, 0x00, 0x00, 0xFF, 0xFF, 0xFF, 0xFF, 0xFF, 0x00,
    0xF0, 0x0F, 0x00, 0xFF, 0xEF, 0xFE, 0xFF, 0xEF, 0x00, 0xF0, 0x0F, 0x00, 0xFF, 0xFF, 0xFF, 0xFF,
    0xF0, 0x1F, 0x03, 0xF0, 0x6E, 0x03, 0x80, 0xE0, 0x00, 0x0F, 0xE3, 0xFE, 0xFF, 0xFE, 0x3F, 0xFF,
    0xFF, 0xFF, 0x01, 0xF3, 0xFF, 0xFB, 0xFE, 0x3F, 0x80, 0x1F, 0xC3, 0xFC, 0x3F, 0x80, 0x00, 0x00,
    0x0F, 0xFF, 0xFF, 0xFF, 0xFF, 0xF0, 0x0F, 0x00, 0xF0, 0x0F, 0xFE, 0xFF, 0xEF, 0xFE, 0xF0, 0x0F,
    0x00, 0xF0, 0x0F, 0xFF, 0xFF, 0xFF, 0xFF, 0x3F, 0xC7, 0xF0, 0x00, 0x00, 0x03, 0xF8, 0xFF, 0xBF,
    0xFF, 0x8F, 0xFF, 0xFF, 0xFF, 0xC0, 0x7C, 0xFF, 0xFE, 0xFF, 0x8F, 0xE0, 0x00, 0x3C, 0x01, 0xE0,
    0x07, 0x03, 0xDC, 0x1F, 0x80, 0xFE, 0x03, 0x9C, 0x00, 0x00, 0xFF, 0xF3, 0xFF, 0xCF, 0xFF, 0x3C,
    0x00, 0xF0, 0x03, 0xC0, 0x0F, 0xFE, 0x3F, 0xF8, 0xFF, 0xE3, 0xC0, 0x0F, 0x00, 0x3C, 0x00, 0xFF,
    0xF3, 0xFF, 0xCF, 0xFF, 0x00, 0x00, 0x78, 0x03, 0xC0, 0x1C, 0x01, 0xC1, 0xF0, 0x1F, 0xC0, 0xEF,
    0x00, 0x00, 0x3F, 0x83, 0xFE, 0x3F, 0xF9, 0xE3, 0xCF, 0xFE, 0x7F, 0xF3, 0xC0, 0x1E, 0x3C, 0xFF,
    0xE3, 0xFE, 0x0F, 0xE0, 0x01, 0xE0, 0x1E, 0x00, 0xF0, 0xFF, 0x1F, 0x83, 0xFC, 0x39, 0xC0, 0x00,
    0xFF, 0xFF, 0xFF, 0xFF, 0xFF, 0x00, 0xF0, 0x0F, 0x00, 0xFF, 0xEF, 0xFE, 0xFF, 0xEF, 0x00, 0xF0,
    0x0F, 0x00, 0xFF, 0xFF, 0xFF, 0xFF, 0xF0, 0x03, 0xC0, 0x1E, 0x00, 0xE0, 0x0F, 0x1F, 0x03, 0xF8,
    0x3B, 0xC0, 0x00, 0x3F, 0x87, 0xFC, 0xFF, 0xEF, 0x1E, 0xFF, 0xEF, 0xFE, 0xF0, 0x0F, 0x9E, 0xFF,
    0xE7, 0xFC, 0x3F, 0x80, 0x00, 0xF0, 0x0F, 0xC0, 0x7E, 0x00, 0x70, 0xF7, 0x0F, 0xF0, 0xFE, 0x07,
    0x38, 0x00, 0x07, 0xFF, 0xBF, 0xFD, 0xFF, 0xEF, 0x00, 0x78, 0x03, 0xC0, 0x1F, 0xFC, 0xFF, 0xE7,
    0xFF, 0x3C, 0x01, 0xE0, 0x0F, 0x00, 0x7F, 0xFB, 0xFF, 0xDF, 0xFE, 0x00, 0xF0, 0x0F, 0xC0, 0x7E,
    0x00, 0xF0, 0x07, 0x0F, 0xF0, 0xFE, 0x07, 0x78, 0x00, 0x01, 0xFC, 0x1F, 0xF1, 0xFF, 0xCF, 0x1E,
    0x7F, 0xF3, 0xFF, 0x9E, 0x00, 0xF1, 0xE7, 0xFF, 0x1F, 0xF0, 0x7F, 0x00, 0x1F, 0xC3, 0xFC, 0x37,
    0x80, 0xF0, 0x1F, 0x01, 0xF8, 0x39, 0xC0, 0x00, 0xFF, 0xFF, 0xFF, 0xFF, 0xEF, 0x00, 0xF0, 0x0F,
    0x00, 0xFF, 0xEF, 0xFE, 0xFF, 0xEF, 0x00, 0xF0, 0x0F, 0x00, 0xFF, 0xFF, 0xFF, 0xFF, 0xF0, 0x3F,
    0xC7, 0xF8, 0xDE, 0x00, 0x01, 0xF0, 0x7F, 0x1E, 0xF0, 0x00, 0x3F, 0x8F, 0xFB, 0xFF, 0xF8, 0xFF,
    0xFF, 0xFF, 0xFC, 0x07, 0xCF, 0xFF, 0xEF, 0xF8, 0xFE, 0x00, 0x0F, 0x01, 0xF8, 0x3F, 0xC3, 0x9C,
    0x00, 0x0F, 0xFF, 0xFF, 0xFF, 0xFF, 0xF0, 0x0F, 0x00, 0xF0, 0x0F, 0xFE, 0xFF, 0xEF, 0xFE, 0xF0,
    0x0F, 0x00, 0xF0, 0x0F, 0xFF, 0xFF, 0xFF, 0xFF, 0x00, 0x00, 0x00, 0x1E, 0x01, 0xE0, 0x0E, 0x00,
    0x1F, 0x07, 0xF0, 0xEF, 0x00, 0x03, 0xF8, 0xFF, 0xBF, 0xFF, 0x8F, 0xFF, 0xFF, 0xFF, 0xC0, 0x7C,
    0xFF, 0xFE, 0xFF, 0x8F, 0xE0, 0x00, 0x00, 0x01, 0xC0, 0x3C, 0x07, 0x00, 0x7F, 0xFF, 0xCF, 0x38,
    0x07, 0x9E, 0x79, 0xE7, 0x9E, 0x79, 0xE7, 0x9E, 0x79, 0xE7, 0x9E, 0x78, 0x7F, 0xFE, 0xCF, 0x38,
    0x07, 0x9E, 0x79, 0xE7, 0x9E, 0x79, 0xE7, 0x9E, 0x78, 0xFF, 0xFF, 0xFF, 0xFF, 0xFF, 0xFF, 0xFF,
    0xF0, 0x0F, 0xFF, 0xF7, 0xBC, 0x0F, 0x7B, 0xDE, 0xF7, 0xBD, 0xEF, 0x7B, 0xC0, 0x07, 0xBD, 0xE0,
    0x07, 0xF0, 0x0F, 0xFE, 0x0F, 0xFF, 0x87, 0xC7, 0xE7, 0xC0, 0xF3, 0xC0, 0x7D, 0xE0, 0x3F, 0xF0,
    0x0F, 0x78, 0x0F, 0xBC, 0x07, 0xDF, 0x03, 0xC7, 0xC7, 0xE3, 0xFF, 0xE0, 0xFF, 0xE0, 0x1F, 0xC0,
    0x00, 0x00, 0x00, 0x00, 0x00, 0xE0, 0x00, 0x78, 0x00, 0x38, 0x00, 0x1F, 0x87, 0xFE, 0x7F, 0xEF,
    0x9F, 0xF0, 0xFF, 0x0F, 0xF0, 0xFF, 0x9F, 0x7F, 0xE7, 0xFE, 0x1F, 0x80, 0x00, 0x00, 0x00, 0xF0,
    0x0F, 0x00, 0xE0, 0x01, 0xE0, 0x01, 0xF8, 0x00, 0xFC, 0x00, 0x1E, 0x00, 0x1E, 0x00, 0x0E, 0x00,
    0x00, 0x00, 0x0F, 0xF0, 0x1F, 0xFC, 0x1F, 0xFF, 0x1F, 0x8F, 0xCF, 0x81, 0xE7, 0x80, 0xFF, 0xC0,
    0x7F, 0xE0, 0x3F, 0xF0, 0x1F, 0x78, 0x0F, 0xBE, 0x07, 0x9F, 0x8F, 0xC7, 0xFF, 0xC1, 0xFF, 0xC0,
    0x3F, 0xC0, 0x0F, 0x01, 0xF8, 0x1F, 0x80, 0x78, 0x06, 0x00, 0x00, 0x1F, 0x87, 0xFE, 0x7F, 0xEF,
    0x9F, 0xF0, 0xFF, 0x0F, 0xF0, 0xFF, 0x9F, 0x7F, 0xE7, 0xFE, 0x1F, 0x80, 0x00, 0x07, 0x80, 0x07,
    0x80, 0x03, 0x80, 0x3F, 0xC0, 0x3E, 0x00, 0x3F, 0x80, 0x3D, 0xE0, 0x00, 0x00, 0x07, 0xF8, 0x0F,
    0xFE, 0x0F, 0xFF, 0x8F, 0xC7, 0xE7, 0xC0, 0xF3, 0xC0, 0x7F, 0xE0, 0x3F, 0xF0, 0x1F, 0xF8, 0x0F,
    0xBC, 0x07, 0xDF, 0x03, 0xCF, 0xC7, 0xE3, 0xFF, 0xE0, 0xFF, 0xE0, 0x1F, 0xE0, 0x00, 0x38, 0x01,
    0xE0, 0x07, 0x00, 0x3C, 0x0F, 0x00, 0x7E, 0x03, 0x9C, 0x00, 0x00, 0x1F, 0x81, 0xFF, 0x87, 0xFE,
    0x3C, 0x7C, 0xF0, 0xF3, 0xC3, 0xCF, 0x0F, 0x3C, 0x7C, 0x7F, 0xE1, 0xFF, 0x81, 0xF8, 0x00, 0x00,
    0x78, 0x00, 0x1E, 0x00, 0x07, 0x00, 0x3F, 0xC0, 0x3E, 0x00, 0x3F, 0x80, 0x3C, 0xE0, 0x00, 0x00,
    0x07, 0xF8, 0x0F, 0xFE, 0x0F, 0xFF, 0x8F, 0xC7, 0xE7, 0xC0, 0xF3, 0xC0, 0x7F, 0xE0, 0x3F, 0xF0,
    0x1F, 0xF8, 0x0F, 0xBC, 0x07, 0xDF, 0x03, 0xCF, 0xC7, 0xE3, 0xFF, 0xE0, 0xFF, 0xE0, 0x1F, 0xE0,
    0x01, 0xE0, 0x1E, 0x00, 0xF0, 0x0F, 0x0F, 0x01, 0xF8, 0x39, 0xC0, 0x00, 0x1F, 0x87, 0xFE, 0xFF,
    0xEF, 0x9F, 0xF0, 0xFF, 0x0F, 0xF0, 0xFF, 0x9F, 0xFF, 0xE7, 0xFE, 0x3F, 0x80, 0x00, 0x1E, 0x00,
    0x1F, 0x80, 0x0D, 0xC0, 0x01, 0xE0, 0x1D, 0xE0, 0x1F, 0x60, 0x1F, 0xC0, 0x0E, 0x70, 0x00, 0x00,
    0x03, 0xFC, 0x07, 0xFF, 0x07, 0xFF, 0xC3, 0xE1, 0xF3, 0xE0, 0x79, 0xE0, 0x3E, 0xF0, 0x0F, 0xF8,
    0x07, 0xBC, 0x03, 0xDE, 0x03, 0xEF, 0x81, 0xE3, 0xE1, 0xF1, 0xFF, 0xF0, 0x7F, 0xF0, 0x0F, 0xF0,
    0x00, 0xF0, 0x0F, 0xC0, 0x7E, 0x00, 0x70, 0x07, 0x8F, 0xB8, 0x7E, 0x07, 0x78, 0x00, 0x00, 0xFC,
    0x1F, 0xF9, 0xFF, 0xCF, 0x9F, 0x78, 0x7B, 0xC3, 0xDE, 0x1E, 0xF9, 0xF7, 0xFF, 0x1F, 0xF8, 0x7F,
    0x00, 0x07, 0xF8, 0x03, 0xFC, 0x01, 0xBC, 0x00, 0x18, 0x00, 0x3E, 0x00, 0x1F, 0x80, 0x1D, 0xE0,
    0x1E, 0x70, 0x00, 0x00, 0x03, 0xFC, 0x07, 0xFF, 0x07, 0xFF, 0xC7, 0xE3, 0xF3, 0xE0, 0x79, 0xE0,
    0x3F, 0xF0, 0x1F, 0xF8, 0x0F, 0xFC, 0x07, 0xDE, 0x03, 0xEF, 0x81, 0xE7, 0xE3, 0xF1, 0xFF, 0xF0,
    0x7F, 0xF0, 0x0F, 0xF0, 0x1F, 0xC3, 0xFC, 0x37, 0x80, 0x00, 0x0F, 0x01, 0xF8, 0x39, 0xC0, 0x00,
    0x1F, 0x87, 0xFE, 0x7F, 0xEF, 0x9F, 0xF0, 0xFF, 0x0F, 0xF0, 0xFF, 0x9F, 0x7F, 0xE7, 0xFE, 0x1F,
    0x80, 0x03, 0xE0, 0x01, 0xF8, 0x01, 0xDE, 0x01, 0xE7, 0x00, 0x00, 0x00, 0x3F, 0xC0, 0x7F, 0xF0,
    0x7F, 0xFC, 0x7E, 0x3F, 0x3E, 0x07, 0x9E, 0x03, 0xFF, 0x01, 0xFF, 0x80, 0xFF, 0xC0, 0x7D, 0xE0,
    0x3E, 0xF8, 0x1E, 0x7E, 0x3F, 0x1F, 0xFF, 0x07, 0xFF, 0x00, 0xFF, 0x00, 0x00, 0x00, 0x00, 0x00,
    0x07, 0x00, 0x03, 0xC0, 0x01, 0xC0, 0x00, 0x0F, 0x01, 0xF8, 0x3B, 0xC0, 0x00, 0x1F, 0x87, 0xFE,
    0xFF, 0xEF, 0x9F, 0xF0, 0xFF, 0x0F, 0xF0, 0xFF, 0x9F, 0xFF, 0xE7, 0xFE, 0x3F, 0x80, 0x00, 0x00,
    0x00, 0xF0, 0x0F, 0x00, 0xF0, 0x00, 0xF0, 0x00, 0x78, 0x00, 0x38, 0x00, 0x38, 0xF0, 0x00, 0x78,
    0x00, 0x38, 0x1F, 0xFC, 0x3F, 0xFC, 0x3F, 0xFE, 0x1F, 0x1F, 0x9F, 0x03, 0xCF, 0x01, 0xF7, 0x80,
    0xFF, 0xC0, 0x3D, 0xE0, 0x3E, 0xF0, 0x1F, 0x7C, 0x0F, 0x1F, 0x1F, 0x8F, 0xFF, 0x83, 0xFF, 0x80,
    0x7F, 0x00, 0x03, 0x80, 0x78, 0x07, 0x70, 0x07, 0x1F, 0xF7, 0xFE, 0x7F, 0xEF, 0x9F, 0xF0, 0xFF,
    0x0F, 0xF0, 0xFF, 0x9F, 0x7F, 0xE7, 0xFC, 0x1F, 0x80, 0x07, 0x80, 0x03, 0xC0, 0x00, 0xF0, 0x00,
    0x38, 0xF0, 0x00, 0x78, 0x00, 0x38, 0x1F, 0xFC, 0x3F, 0xFC, 0x3F, 0xFE, 0x1F, 0x1F, 0x9F, 0x03,
    0xCF, 0x01, 0xF7, 0x80, 0xFF, 0xC0, 0x3D, 0xE0, 0x3E, 0xF0, 0x1F, 0x7C, 0x0F, 0x1F, 0x1F, 0x8F,
    0xFF, 0x83, 0xFF, 0x80, 0x7F, 0x00, 0x3C, 0x01, 0xE0, 0x0E, 0x70, 0x07, 0x1F, 0xF7, 0xFE, 0x7F,
    0xEF, 0x9F, 0xF0, 0xFF, 0x0F, 0xF0, 0xFF, 0x9F, 0x7F, 0xE7, 0xFC, 0x1F, 0x80, 0x01, 0xE0, 0x01,
    0xF0, 0x00, 0xDC, 0x00, 0x1E, 0x00, 0x1E, 0x70, 0x0E, 0x3C, 0x00, 0x1C, 0x0F, 0xFE, 0x1F, 0xFE,
    0x1F, 0xFF, 0x0F, 0x8F, 0xCF, 0x81, 0xE7, 0x80, 0xFB, 0xC0, 0x7F, 0xE0, 0x1E, 0xF0, 0x1F, 0x78,
    0x0F, 0xBE, 0x07, 0x8F, 0x8F, 0xC7, 0xFF, 0xC1, 0xFF, 0xC0, 0x3F, 0x80, 0x0F, 0x01, 0xF8, 0x1B,
    0x80, 0x73, 0x0E, 0x70, 0x07, 0x1F, 0xF7, 0xFE, 0x7F, 0xEF, 0x9F, 0xF0, 0xFF, 0x0F, 0xF0, 0xFF,
    0x9F, 0x7F, 0xE7, 0xFC, 0x1F, 0x80, 0x07, 0xB8, 0x03, 0xF8, 0x01, 0xBD, 0xC0, 0x00, 0xF0, 0x00,
    0x70, 0x3F, 0xF8, 0x7F, 0xF8, 0x7F, 0xFC, 0x3E, 0x3F, 0x3E, 0x07, 0x9E, 0x03, 0xEF, 0x01, 0xFF,
    0x80, 0x7B, 0xC0, 0x7D, 0xE0, 0x3E, 0xF8, 0x1E, 0x3E, 0x3F, 0x1F, 0xFF, 0x07, 0xFF, 0x00, 0xFE,
    0x00, 0x3F, 0x83, 0xF8, 0x00, 0x70, 0x07, 0x1F, 0xF7, 0xFE, 0x7F, 0xEF, 0x9F, 0xF0, 0xFF, 0x0F,
    0xF0, 0xFF, 0x9F, 0x7F, 0xE7, 0xFC, 0x1F, 0x80, 0x00, 0x07, 0x80, 0x03, 0xC0, 0x01, 0xC0, 0xFF,
    0xE1, 0xFF, 0xE1, 0xFF, 0xF0, 0xF8, 0xFC, 0xF8, 0x1E, 0x78, 0x0F, 0xBC, 0x07, 0xFE, 0x01, 0xEF,
    0x01, 0xF7, 0x80, 0xFB, 0xE0, 0x78, 0xF8, 0xFC, 0x7F, 0xFC, 0x1F, 0xFC, 0x03, 0xF8, 0x00, 0x00,
    0x00, 0x00, 0x00, 0x1C, 0x00, 0x0F, 0x00, 0x07, 0x00, 0x00, 0x70, 0x07, 0x00, 0x71, 0xFF, 0x7F,
    0xE7, 0xFE, 0xF9, 0xFF, 0x0F, 0xF0, 0xFF, 0x0F, 0xF9, 0xF7, 0xFE, 0x7F, 0xC1, 0xF8, 0x00, 0x00,
    0x00, 0x07, 0x00, 0x78, 0x07, 0x00, 0xF0, 0x7F, 0xC1, 0xFF, 0x07, 0xFC, 0x1F, 0xF0, 0x7F, 0xC1,
    0xFF, 0x07, 0xFC, 0x1F, 0xF0, 0x7F, 0xC1, 0xEF, 0x87, 0x9E, 0x3E, 0x7F, 0xF8, 0xFF, 0xC1, 0xFC,
    0x00, 0x00, 0x00, 0x00, 0x1C, 0x00, 0x78, 0x01, 0xC0, 0xF1, 0xFE, 0x3F, 0xC7, 0xF8, 0xFF, 0x1F,
    0xE3, 0xFC, 0x7F, 0xDF, 0xFF, 0xFF, 0xFD, 0xF7, 0x80, 0x00, 0x00, 0x1C, 0x07, 0x80, 0x70, 0x07,
    0x80, 0x3F, 0x00, 0xDC, 0x00, 0x70, 0x03, 0x80, 0x0C, 0x00, 0x00, 0x3C, 0x1F, 0xF0, 0x7F, 0xC1,
    0xFF, 0x07, 0xFC, 0x1F, 0xF0, 0x7F, 0xC1, 0xFF, 0x07, 0xFC, 0x1F, 0xF0, 0x7B, 0xE1, 0xE7, 0x8F,
    0x9F, 0xFE, 0x3F, 0xF0, 0x7F, 0x00, 0x1F, 0x03, 0xE0, 0x6E, 0x07, 0x80, 0xE0, 0x00, 0x3C, 0x7F,
    0x8F, 0xF1, 0xFE, 0x3F, 0xC7, 0xF8, 0xFF, 0x1F, 0xE7, 0xFF, 0xFB, 0xFF, 0x7D, 0xE0, 0x01, 0xC0,
    0x03, 0xC0, 0x03, 0x80, 0x03, 0x87, 0x00, 0x07, 0x00, 0x0F, 0xF0, 0x7E, 0xF0, 0x7C, 0xF0, 0x7C,
    0xF0, 0x7C, 0xF0, 0x7C, 0xF0, 0x7C, 0xF0, 0x7C, 0xF0, 0x7C, 0xF0, 0x7C, 0xF0, 0x78, 0xF8, 0x78,
    0x78, 0xF8, 0x7F, 0xF0, 0x3F, 0xF0, 0x1F, 0xC0, 0x07, 0x80, 0x38, 0x03, 0x8E, 0x00, 0x7F, 0x1F,
    0xF8, 0xFF, 0xC7, 0x9E, 0x3C, 0xF1, 0xE7, 0x8F, 0x3C, 0x79, 0xE7, 0xCF, 0xFE, 0x3F, 0xF1, 0xF7,
    0x80, 0x1E, 0x00, 0x0E, 0x00, 0x07, 0x00, 0x07, 0x07, 0x00, 0x07, 0x00, 0x0F, 0xF0, 0x7E, 0xF0,
    0x7C, 0xF0, 0x7C, 0xF0, 0x7C, 0xF0, 0x7C, 0xF0, 0x7C, 0xF0, 0x7C, 0xF0, 0x7C, 0xF0, 0x7C, 0xF0,
    0x78, 0xF8, 0x78, 0x78, 0xF8, 0x7F, 0xF0, 0x3F, 0xF0, 0x1F, 0xC0, 0x3C, 0x00, 0xE0, 0x07, 0x8E,
    0x00, 0x7F, 0x1F, 0xF8, 0xFB, 0xC7, 0x9E, 0x3C, 0xF1, 0xE7, 0x8F, 0x3C, 0x79, 0xE7, 0xCF, 0xFE,
    0x3F, 0xF1, 0xF7, 0x80, 0x07, 0x80, 0x0F, 0xC0, 0x0F, 0xC0, 0x01, 0xC0, 0x03, 0x87, 0x03, 0x07,
    0x00, 0x0F, 0xF0, 0x7E, 0xF0, 0x7C, 0xF0, 0x7C, 0xF0, 0x7C, 0xF0, 0x7C, 0xF0, 0x7C, 0xF0, 0x7C,
    0xF0, 0x7C, 0xF0, 0x7C, 0xF0, 0x78, 0xF8, 0x78, 0x78, 0xF8, 0x7F, 0xF0, 0x3F, 0xF0, 0x1F, 0xC0,
    0x1F, 0x00, 0xF8, 0x0E, 0xC0, 0x1E, 0x00, 0xE3, 0x80, 0x1F, 0xC7, 0xFE, 0x3F, 0xF1, 0xE7, 0x8F,
    0x3C, 0x79, 0xE3, 0xCF, 0x1E, 0x79, 0xF3, 0xFF, 0x8F, 0xFC, 0x7D, 0xE0, 0x0F, 0xE0, 0x1F, 0xE0,
    0x1B, 0xC7, 0x00, 0x07, 0x00, 0x0F, 0xF0, 0x7E, 0xF0, 0x7C, 0xF0, 0x7C, 0xF0, 0x7C, 0xF0, 0x7C,
    0xF0, 0x7C, 0xF0, 0x7C, 0xF0, 0x7C, 0xF0, 0x7C, 0xF0, 0x78, 0xF8, 0x78, 0x78, 0xF8, 0x7F, 0xF0,
    0x3F, 0xF0, 0x1F, 0xC0, 0x3F, 0x83, 0xFC, 0x00, 0x0E, 0x00, 0x7F, 0x1F, 0xF8, 0xFF, 0xC7, 0x9E,
    0x3C, 0xF1, 0xE7, 0x8F, 0x3C, 0x79, 0xE7, 0xCF, 0xFE, 0x3F, 0xF1, 0xF7, 0x80, 0x00, 0x07, 0x00,
    0x07, 0x00, 0x0F, 0xF0, 0x7E, 0xF0, 0x7C, 0xF0, 0x7C, 0xF0, 0x7C, 0xF0, 0x7C, 0xF0, 0x7C, 0xF0,
    0x7C, 0xF0, 0x7C, 0xF0, 0x7C, 0xF0, 0x7C, 0xF8, 0x78, 0x78, 0xF8, 0x7F, 0xF8, 0x3F, 0xF0, 0x1F,
    0xC0, 0x00, 0x00, 0x00, 0x00, 0x07, 0x80, 0x07, 0x80, 0x07, 0x00, 0x00, 0x38, 0x01, 0xFC, 0x7F,
    0xE3, 0xFF, 0x1E, 0x78, 0xF3, 0xC7, 0x9E, 0x3C, 0xF1, 0xE7, 0x9F, 0x3F, 0xF8, 0xFF, 0xC7, 0xDE,
    0x00, 0x00, 0x00, 0x01, 0xC0, 0x1E, 0x00, 0x70, 0x00, 0x0F, 0x00, 0x0E, 0x00, 0x1E, 0x00, 0x1C,
    0x00, 0x00, 0x1F, 0x07, 0xDE, 0x0F, 0xBE, 0x3E, 0x3E, 0x78, 0x3D, 0xF0, 0x7F, 0xC0, 0x7F, 0x80,
    0xFE, 0x00, 0xFC, 0x01, 0xF0, 0x01, 0xE0, 0x03, 0xC0, 0x07, 0x80, 0x0F, 0x00, 0x1E, 0x00, 0x1E,
    0x00, 0x70, 0x03, 0xC0, 0x00, 0x0F, 0x0F, 0x3C, 0x79, 0xE3, 0xCF, 0x3C, 0x3D, 0xE1, 0xEE, 0x07,
    0xF0, 0x3F, 0x81, 0xF8, 0x07, 0xC0, 0x3E, 0x01, 0xE0, 0x7F, 0x03, 0xF0, 0x1F, 0x00, 0xF8, 0x3E,
    0xF0, 0x7D, 0xF1, 0xF1, 0xF3, 0xC1, 0xEF, 0x83, 0xFE, 0x03, 0xFC, 0x07, 0xF0, 0x07, 0xE0, 0x0F,
    0x80, 0x0F, 0x00, 0x1E, 0x00, 0x3C, 0x00, 0x78, 0x00, 0xF0, 0x00, 0x00, 0x00, 0x00, 0x07, 0x00,
    0x0F, 0x00, 0x1C, 0x00, 0xF0, 0xF3, 0xC7, 0x9E, 0x38, 0xF3, 0xC3, 0xDE, 0x1E, 0xE0, 0x7F, 0x03,
    0xF8, 0x1F, 0x80, 0x7C, 0x03, 0xC0, 0x1E, 0x07, 0xF0, 0x7F, 0x79, 0xF3, 0xC0, 0x1E, 0x03, 0xC0,
    0x0F, 0xC0, 0x1B, 0x80, 0x0E, 0x00, 0x38, 0x00, 0x00, 0x3E, 0x0F, 0xBC, 0x1F, 0x7C, 0x7C, 0x7C,
    0xF0, 0x7B, 0xE0, 0xFF, 0x80, 0xFF, 0x01, 0xFC, 0x01, 0xF8, 0x03, 0xE0, 0x03, 0xC0, 0x07, 0x80,
    0x0F, 0x00, 0x1E, 0x00, 0x3C, 0x00, 0x0F, 0x80, 0x7C, 0x07, 0x70, 0x0F, 0x00, 0x70, 0x00, 0x03,
    0xE3, 0xCF, 0x1E, 0x79, 0xF3, 0xEF, 0x0F, 0x78, 0x7F, 0xC3, 0xFC, 0x0F, 0xE0, 0x7E, 0x01, 0xF0,
    0x0F, 0x80, 0x78, 0x1F, 0xC0, 0xFC, 0x07, 0xC0, 0x00, 0x07, 0xF0, 0x1F, 0xE0, 0x37, 0x80, 0x00,
    0x00, 0x00, 0x1F, 0x07, 0xDE, 0x0F, 0xBE, 0x3E, 0x3E, 0x78, 0x3D, 0xF0, 0x7F, 0xC0, 0x7F, 0x80,
    0xFE, 0x00, 0xFC, 0x01, 0xF0, 0x01, 0xE0, 0x03, 0xC0, 0x07, 0x80, 0x0F, 0x00, 0x1E, 0x00, 0x1E,
    0xC0, 0xFE, 0x0E, 0xF0, 0x00, 0x0F, 0x0F, 0x3C, 0x79, 0xE3, 0xCF, 0x3C, 0x3D, 0xE1, 0xEE, 0x0F,
    0xF0, 0x3F, 0x81, 0xF8, 0x07, 0xC0, 0x3E, 0x01, 0xE0, 0x7F, 0x03, 0xF0, 0x1F, 0x00, 0xFF, 0xFF,
    0xFF, 0xFF, 0x49, 0xE3, 0x1E, 0x78, 0xC3, 0x0C, 0x30, 0xC3, 0x0C, 0x30, 0xC3, 0x0C, 0x10, 0x6F,
    0xF6, 0xD3, 0x0C, 0x30, 0xC3, 0x0C, 0x30, 0xC3, 0x0C, 0x30, 0x21, 0x8F, 0xDB, 0x2C, 0x30, 0xC3,
    0x0C, 0x30, 0xC3, 0x0C, 0x30, 0xC3, 0xFD, 0xFB, 0xF0, 0xFD, 0xFB, 0xF0, 0xFF, 0xFF, 0xFF, 0xFF,
    0x80, 0xFF, 0xFF, 0xFF, 0xFF, 0xFF, 0xC0, 0x39, 0x98, 0xEF, 0xB8, 0x77, 0xDE, 0x67, 0x30, 0x73,
    0xDE, 0x67, 0x30, 0x33, 0xB1, 0xB9, 0x9F, 0xEF, 0xFF, 0xB8, 0x7B, 0x9F, 0xF7, 0xB8, 0xCE, 0x73,
    0x19, 0xC0, 0x77, 0x9F, 0xE7, 0xF8, 0xCE, 0x73, 0x19, 0x80, 0x0F, 0x01, 0xE0, 0x3C, 0x7F, 0xFF,
    0xFF, 0xFF, 0xC3, 0xC0, 0x78, 0x0F, 0x01, 0xE0, 0x3C, 0x07, 0x80, 0x0F, 0x01, 0xE3, 0xFF, 0xFF,
    0xFF, 0xFE, 0x1E, 0x03, 0xC7, 0xFF, 0xFF, 0xFF, 0xFC, 0x3C, 0x07, 0x80, 0x3C, 0x7E, 0xFF, 0xFF,
    0xFF, 0x7E, 0x3C, 0x73, 0xCE, 0x7B, 0xCF, 0x73, 0xCE, 0x7C, 0x1C, 0x00, 0x7F, 0x1C, 0x00, 0x3B,
    0x9E, 0x00, 0x1D, 0xCE, 0x00, 0x0F, 0xEF, 0x00, 0x03, 0xE7, 0x00, 0x00, 0x07, 0x00, 0x00, 0x07,
    0x80, 0x00, 0x03, 0xBE, 0x3E, 0x03, 0xFF, 0x9F, 0x81, 0xDD, 0xDD, 0xE1, 0xEE, 0x7E, 0x70, 0xE7,
    0x77, 0x78, 0xE3, 0xFB, 0xF8, 0xF0, 0xF8, 0xF8, 0x0F, 0x8F, 0x8F, 0x8F, 0x87, 0x83, 0xE0, 0xF8,
    0x3E, 0x0F, 0x80, 0x78, 0x1E, 0x07, 0x81, 0xE0, 0x78, 0x7C, 0x7C, 0x78, 0x78, 0x00, 0x00, 0x70,
    0x0F, 0x00, 0xE0, 0x1E, 0x01, 0xC0, 0x38, 0x07, 0x80, 0x70, 0x0E, 0x00, 0xE0, 0x1C, 0x03, 0xC0,
    0x38, 0x07, 0x00, 0x70, 0x00, 0x33, 0xEF, 0xBE, 0x70, 0x00, 0x00, 0x03, 0xEF, 0x9E, 0x79, 0xE3,
    0x8E, 0x3F, 0x1F, 0xE7, 0xF9, 0xCF, 0xF3, 0xDC, 0xF7, 0xF9, 0xFE, 0x3F, 0x00, 0x1E, 0x1F, 0x1F,
    0x8F, 0xCE, 0xE7, 0xFF, 0xFE, 0x1C, 0x0E, 0x00, 0xFF, 0xFF, 0xFE, 0xFE, 0xFF, 0xE7, 0xFF, 0xFE,
    0x7E, 0x3E, 0x7E, 0xFE, 0xFF, 0xFF, 0xF7, 0xFF, 0x7F, 0x7E, 0xFF, 0xFF, 0xFF, 0x0E, 0x1E, 0x1C,
    0x3C, 0x38, 0x38, 0x7C, 0xFE, 0xFF, 0xFE, 0x7E, 0xFF, 0xFF, 0xFF, 0x7E, 0x7E, 0xFF, 0xFF, 0xFF,
    0xFF, 0x7F, 0x7F, 0x7E, 0x7C, 0x3F, 0x1F, 0xE7, 0xF9, 0xCF, 0xF3, 0xDC, 0xF7, 0xF9, 0xFE, 0x3F,
    0x00, 0x1D, 0xFF, 0xCF, 0x3C, 0xF3, 0xCF, 0x3C, 0x7C, 0xFE, 0xFF, 0xEF, 0x1E, 0x3C, 0xFE, 0xFF,
    0xFF, 0x7E, 0xFF, 0xFF, 0x3E, 0x3E, 0x5F, 0xFF, 0xFF, 0x7E, 0x0F, 0x0F, 0x8F, 0xC7, 0xE7, 0x73,
    0xFF, 0xFE, 0x0E, 0x07, 0x00, 0x7F, 0xFF, 0xFE, 0xFE, 0xFF, 0xE7, 0xFF, 0xFF, 0x7E, 0x3E, 0x7E,
    0xFE, 0xFF, 0xFF, 0xF7, 0xFF, 0x7F, 0x7E, 0xFF, 0xFF, 0xFF, 0x0E, 0x1E, 0x1C, 0x3C, 0x38, 0x38,
    0x7C, 0xFE, 0xFF, 0xFE, 0x7E, 0xFF, 0xFF, 0xFF, 0x7E, 0x7E, 0xFE, 0xFF, 0xEF, 0xFF, 0x7F, 0x7F,
    0x7E, 0x7C, 0xFF, 0xCF, 0xFF, 0xEF, 0xFF, 0xEF, 0xF0, 0xEF, 0xF7, 0xEF, 0xF7, 0xEF, 0xF7, 0xEF,
    0xF7, 0xEF, 0xF7, 0xEF, 0xF7, 0x1F, 0xF7, 0xFE, 0xF7, 0xFE, 0xF7, 0xFC, 0x07, 0xF0, 0x7F, 0x01,
    0xC3, 0xFC, 0x7F, 0xC7, 0xFC, 0xF3, 0xCF, 0x1C, 0xFB, 0xC7, 0xFC, 0x7F, 0xC3, 0xDC, 0xFF, 0xFF,
    0xFF, 0x03, 0xFC, 0x1F, 0xF1, 0xFF, 0xC7, 0xC0, 0x3E, 0x03, 0xFF, 0xCF, 0xFF, 0x0F, 0x00, 0xFF,
    0xF3, 0xFF, 0xC3, 0xE0, 0x07, 0xC0, 0x1F, 0xFC, 0x3F, 0xF0, 0x3F, 0xC0, 0xFF, 0xFF, 0xFF, 0xFC,
    0x01, 0xE0, 0x3C, 0x0F, 0x01, 0xE0, 0x78, 0x0F, 0x03, 0xC0, 0x78, 0x0F, 0x03, 0xC0, 0x78, 0x1E,
    0x03, 0xC0, 0xF0, 0x1E, 0x07, 0x80, 0x00, 0x38, 0x01, 0xC0, 0x1E, 0x00, 0xEF, 0x8F, 0x7C, 0x73,
    0xF3, 0x83, 0xBC, 0x0F, 0xC0, 0x7E, 0x01, 0xF0, 0x0F, 0x00, 0x38, 0x01, 0x80, 0x04, 0x00, 0x7B,
    0xFF, 0xBF, 0xC0, 0x00, 0x03, 0xDF, 0xFD, 0xFE, 0x00, 0xE0, 0x1E, 0x01, 0xCF, 0xFF, 0xFF, 0xFF,
    0xFF, 0x07, 0x00, 0xE0, 0xFF, 0xFF, 0xFF, 0xFF, 0xF3, 0x80, 0x78, 0x07, 0x00, 0x00, 0xC1, 0xF3,
    0xFF, 0xFC, 0xFC, 0x3F, 0xE1, 0xFC, 0x1F, 0x00, 0xC0, 0x0F, 0xFF, 0xFF, 0xE0, 0x3E, 0x0F, 0xF0,
    0xFF, 0x07, 0xCF, 0xFF, 0xF3, 0xE0, 0xC0, 0x00, 0x0F, 0xFF, 0xFF, 0x30, 0x78, 0x7C, 0x3E, 0x1F,
    0x0E, 0x00, 0x00, 0x3C, 0x7E, 0xE7, 0xC3, 0x66, 0x7E, 0x18, 0x7F, 0xFF, 0xF7, 0xFF, 0xFF, 0xBF,
    0xFF, 0xFC, 0x01, 0xC0, 0x00, 0x38, 0x00, 0x07, 0x00, 0x00, 0xE0, 0x00, 0x1C, 0x00, 0x03, 0x80,
    0x00, 0x7F, 0xE0, 0x0F, 0xFE, 0x01, 0xFF, 0xC0, 0x38, 0x00, 0x07, 0x00, 0x00, 0xE0, 0x00, 0x1C,
    0x00, 0x03, 0x80, 0x00, 0x70, 0x00, 0x0E, 0x00, 0xFF, 0xFF, 0xFF, 0xFF, 0xFF, 0xFF, 0xFF, 0x80,
    0x00, 0x00, 0x1F, 0xFF, 0xFF, 0xFF, 0xFF, 0x80, 0x60, 0x00, 0x0C, 0x00, 0x01, 0x80, 0x00, 0x3C,
    0x00, 0x07, 0xE0, 0x00, 0xFF, 0x00, 0x19, 0xF0, 0x03, 0x1F, 0x00, 0x60, 0xC0, 0x0C, 0x00, 0x01,
    0x80, 0x00, 0x30, 0x00, 0x06, 0x00, 0x00, 0xC0, 0x00, 0x18, 0x00, 0x03, 0x00, 0x00, 0x3F, 0xFF,
    0xE3, 0xFF, 0xFF, 0x9F, 0xFF, 0xFC, 0x00, 0xF0, 0x00, 0x07, 0x00, 0x00, 0x78, 0x00, 0x07, 0xF0,
    0x00, 0x7F, 0xE0, 0x07, 0xFF, 0x80, 0x7B, 0x9E, 0x0F, 0x9C, 0x78, 0xF8, 0xE1, 0xE7, 0x07, 0x07,
    0x10, 0x38, 0x00, 0x01, 0xC0, 0x00, 0x0E, 0x00, 0x00, 0x70, 0x00, 0x03, 0x80, 0x00, 0x1C, 0x00,
    0x08, 0x00, 0x03, 0x80, 0x00, 0xE0, 0x00, 0x7F, 0xFF, 0x1F, 0xFF, 0xC7, 0x00, 0x01, 0xC0, 0x00,
    0x70, 0x00, 0x3F, 0xFF, 0xCF, 0xFF, 0xF3, 0xFF, 0xFC, 0x00, 0x07, 0xFF, 0xF9, 0xFF, 0xFE, 0x7F,
    0xFF, 0x98, 0x00, 0x0E, 0x00, 0x03, 0x80, 0x1F, 0xE0, 0x07, 0xF0, 0x01, 0xF8, 0x1F, 0xFF, 0x03,
    0xFF, 0xE0, 0x7F, 0xFC, 0x0E, 0x03, 0x81, 0xC0, 0x70, 0x3F, 0xFE, 0x07, 0xFF, 0xC0, 0xFF, 0xF8,
    0x1C, 0x07, 0x03, 0x80, 0xE0, 0x7F, 0xFC, 0x0F, 0xFF, 0x81, 0xFF, 0xF0, 0x38, 0x0E, 0x07, 0x01,
    0xC7, 0xFF, 0xFE, 0xFF, 0xFF, 0xFF, 0xFF, 0xFC, 0x00, 0x03, 0x0F, 0xFF, 0xF1, 0xFF, 0xFE, 0x3F,
    0xF8, 0x00, 0x0E, 0x00, 0x7F, 0xFF, 0x1F, 0xFF, 0xE1, 0xFF, 0xFC, 0x00, 0xE0, 0x0F, 0xFF, 0xFB,
    0xFF, 0xFF, 0xFF, 0xFF, 0xF0, 0x78, 0x40, 0x0E, 0x1C, 0x03, 0x83, 0xC0, 0xF0, 0x3C, 0x7F, 0xFF,
    0x8F, 0xFF, 0xF9, 0xFE, 0x07, 0x80, 0x00, 0x60, 0x7F, 0xFF, 0xDF, 0xFF, 0xFF, 0xFF, 0xFF, 0x83,
    0x8C, 0x00, 0x71, 0x80, 0xFF, 0xFF, 0x9F, 0xFF, 0xF3, 0xFF, 0xFE, 0x67, 0x19, 0xCC, 0xE7, 0xB9,
    0x9E, 0xF7, 0x33, 0xFF, 0xE6, 0xFF, 0x7C, 0xFC, 0xE7, 0x9F, 0x38, 0xF3, 0xC3, 0x0E, 0x60, 0x0F,
    0xCC, 0x01, 0xF9, 0x80, 0x3E, 0x00, 0x00, 0x30, 0x00, 0x03, 0x80, 0x00, 0x3C, 0x00, 0x03, 0xF8,
    0x00, 0x3F, 0xE0, 0x03, 0xC7, 0x80, 0x7C, 0x9F, 0x0F, 0xCE, 0x7E, 0xFC, 0x71, 0xF3, 0x83, 0x83,
    0x80, 0x1C, 0x00, 0x00, 0xE0, 0x00, 0x07, 0x00, 0x00, 0x38, 0x00, 0x01, 0xC0, 0x00, 0x0E, 0x00,
    0x00, 0x70, 0x00, 0x03, 0x80, 0x00, 0x1C, 0x00, 0x00, 0xE0, 0x00, 0x00, 0xE0, 0x00, 0x38, 0x00,
    0x0E, 0x00, 0x03, 0x80, 0x7F, 0xFF, 0xDF, 0xFF, 0xF6, 0x0E, 0x1D, 0x83, 0x87, 0x60, 0xE1, 0xD8,
    0x38, 0x76, 0x0E, 0x1D, 0xFF, 0xFF, 0x7F, 0xFF, 0xDC, 0x38, 0x76, 0x0E, 0x0C, 0x03, 0x80, 0x00,
    0xE0, 0x00, 0x38, 0x00, 0x0E, 0x00, 0x03, 0x80, 0x01, 0xC0, 0x00, 0xE0, 0x1F, 0xFF, 0xCF, 0xFF,
    0xE7, 0xFF, 0xF3, 0x0E, 0x39, 0x87, 0x1C, 0xFF, 0xFE, 0x7F, 0xFF, 0x00, 0xE0, 0x3F, 0xFF, 0xFF,
    0xFF, 0xFE, 0x1C, 0x3F, 0x0E, 0x1F, 0xFF, 0xFF, 0xFF, 0xFF, 0xFF, 0xFF, 0xE0, 0xE0, 0xC0, 0x70,
    0x00, 0x38, 0x00, 0x01, 0xC0, 0x0E, 0x70, 0x03, 0xDC, 0x00, 0x77, 0x00, 0x1D, 0xC0, 0x3F, 0xFF,
    0xFF, 0xFF, 0xFF, 0xFF, 0xFF, 0x03, 0x81, 0xC0, 0xE8, 0x70, 0x3F, 0x1C, 0x1E, 0xE7, 0x07, 0x39,
    0xC3, 0xC7, 0x71, 0xE1, 0x9C, 0xF0, 0x07, 0x7C, 0x03, 0xFE, 0x0F, 0xEF, 0x01, 0xF9, 0x00, 0x7C,
    0x01, 0x80, 0x00, 0x78, 0x00, 0x07, 0x80, 0x00, 0x78, 0x07, 0xFF, 0xFC, 0xFF, 0xFF, 0x9F, 0xFF,
    0xF0, 0x07, 0x00, 0x00, 0xE0, 0x00, 0x1C, 0x00, 0xFF, 0xFE, 0x1F, 0xFF, 0xC3, 0xFF, 0xF8, 0x01,
    0xC0, 0x00, 0x38, 0x00, 0x07, 0x00, 0x00, 0xE0, 0x1F, 0xFF, 0xFF, 0xFF, 0xFF, 0x80, 0x00, 0x00,
    0x00, 0x60, 0x00, 0x07, 0x00, 0x00, 0x1C, 0x38, 0x30, 0xE3, 0xC1, 0xC7, 0x1C, 0x0E, 0x18, 0xE0,
    0x38, 0x0E, 0x01, 0xC0, 0x70, 0x07, 0x07, 0x00, 0x3C, 0x78, 0x00, 0xE7, 0x80, 0x03, 0xB8, 0x00,
    0x1F, 0xC0, 0x00, 0x7C, 0x00, 0x07, 0xF0, 0x00, 0x7F, 0xC0, 0x0F, 0x8F, 0xC3, 0xF8, 0x3F, 0x9F,
    0x00, 0x7C, 0xE0, 0x00, 0xC0, 0x00, 0x60, 0x00, 0x07, 0x80, 0x00, 0x1C, 0x00, 0x00, 0xF0, 0x03,
    0xFF, 0xFC, 0x1F, 0xFF, 0xF0, 0xFF, 0xFF, 0x00, 0x00, 0x70, 0x00, 0x07, 0x80, 0x00, 0x78, 0x00,
    0x07, 0x80, 0x00, 0xF8, 0x00, 0x0F, 0x00, 0x00, 0xF0, 0x00, 0x1F, 0x00, 0x03, 0xF0, 0x00, 0x3F,
    0x80, 0x03, 0xFF, 0xFF, 0x9C, 0x7F, 0xFC, 0x40, 0x7F, 0xC0, 0xFF, 0xFF, 0xFF, 0xFF, 0xFF, 0xFF,
    0xE0, 0x00, 0x71, 0x80, 0x38, 0xF0, 0x1C, 0x3C, 0x0E, 0x0F, 0x07, 0x03, 0xC3, 0x80, 0xC1, 0xC0,
    0x0E, 0xE0, 0x3F, 0x70, 0xFF, 0x3F, 0xFC, 0x1F, 0xF0, 0x0F, 0xC0, 0x07, 0x00, 0x7F, 0x00, 0x3F,
    0x80, 0x0F, 0x80, 0x01, 0xC0, 0x00, 0x38, 0x60, 0x07, 0x1F, 0x00, 0xE0, 0xF7, 0xFF, 0xFE, 0xFF,
    0xFE, 0x00, 0x71, 0xC0, 0x0E, 0x38, 0x01, 0xC7, 0x1F, 0xFF, 0xFF, 0xFF, 0xFF, 0xFF, 0xFF, 0xF0,
    0x1C, 0x0E, 0x03, 0x81, 0xC0, 0x70, 0x38, 0x0E, 0x0F, 0x01, 0xCF, 0xC0, 0x39, 0xF0, 0x07, 0x00,
    0x00, 0xE0, 0x00, 0x3F, 0xFF, 0x87, 0xFF, 0xF0, 0xFF, 0xFE, 0x00, 0x00, 0x00, 0x00, 0x00, 0x00,
    0x00, 0x00, 0x00, 0x00, 0x00, 0x00, 0x00, 0x00, 0x00, 0x00, 0x00, 0x00, 0x00, 0x00, 0x00, 0x0F,
    0xFF, 0xFF, 0xFF, 0xFF, 0xFF, 0xFF, 0xF8, 0x3F, 0xFF, 0x8F, 0xFF, 0xF9, 0xFF, 0xFF, 0x00, 0x70,
    0x00, 0x0E, 0x00, 0x01, 0xC0, 0x00, 0x38, 0x07, 0xFF, 0xFF, 0xFF, 0xFF, 0xFF, 0xFF, 0xFC, 0x03,
    0x80, 0x00, 0x70, 0x00, 0x0E, 0x00, 0x01, 0xC0, 0x00, 0x38, 0x00, 0x07, 0x00, 0x0F, 0xE0, 0x01,
    0xFC, 0x00, 0x1F, 0x00, 0x00, 0xFF, 0xFF, 0xFF, 0xFF, 0xFD, 0xFF, 0xFF, 0x03, 0x80, 0x00, 0xE0,
    0x00, 0x1F, 0xFE, 0x03, 0xFF, 0xC0, 0x7F, 0xF0, 0x0E, 0x06, 0x03, 0x81, 0xC0, 0x70, 0x38, 0x0F,
    0xFF, 0x01, 0xFF, 0xE0, 0x10, 0x1C, 0x00, 0x03, 0x80, 0x00, 0x60, 0xFF, 0xFF, 0xFF, 0xFF, 0xFC,
    0x00, 0x00, 0x00, 0x00, 0x60, 0x00, 0x07, 0x00, 0x00, 0x70, 0x07, 0xFF, 0xFF, 0x7F, 0xFF, 0xF3,
    0xFF, 0xFE, 0x07, 0x07, 0x00, 0xF0, 0x78, 0x1E, 0x01, 0xE7, 0xF0, 0x7F, 0x33, 0x8E, 0x60, 0x38,
    0xE0, 0x01, 0xDC, 0x00, 0x0F, 0xC0, 0x00, 0xF8, 0x00, 0x1F, 0xC0, 0x07, 0xFF, 0x07, 0xF8, 0xFF,
    0x7E, 0x03, 0xF3, 0x00, 0x06, 0x00, 0xC0, 0x00, 0x1C, 0x03, 0xFF, 0xFF, 0xFF, 0xFF, 0xF0, 0x00,
    0x00, 0x3F, 0xFE, 0x07, 0xFF, 0xC0, 0xFF, 0xF8, 0x1F, 0xFF, 0x03, 0xFF, 0xE3, 0xFF, 0xFF, 0xFF,
    0xFF, 0xFE, 0x00, 0x0F, 0xCF, 0xF9, 0xC3, 0xFF, 0x00, 0x70, 0xE2, 0x1E, 0x1C, 0xEF, 0x83, 0xFF,
    0xE0, 0x7F, 0xB0, 0x07, 0xE0, 0x00, 0x70, 0x00, 0x03, 0x80, 0x00, 0x1C, 0x00, 0x00, 0xE0, 0x00,
    0x07, 0x00, 0x00, 0x78, 0x00, 0x03, 0xC0, 0x00, 0x1E, 0x00, 0x00, 0xF8, 0x00, 0x0F, 0xC0, 0x00,
    0x7F, 0x00, 0x03, 0xB8, 0x00, 0x3D, 0xE0, 0x03, 0xC7, 0x00, 0x1C, 0x3C, 0x01, 0xE0, 0xF0, 0x3E,
    0x03, 0xE3, 0xE0, 0x0F, 0x9E, 0x00, 0x3C, 0x40, 0x00, 0x40, 0x06, 0x00, 0x00, 0x38, 0x00, 0x03,
    0xFF, 0xF8, 0x1F, 0xFF, 0xE1, 0xFF, 0xFE, 0x0E, 0x70, 0x70, 0xF3, 0x83, 0x8F, 0x8C, 0x1C, 0xFC,
    0x71, 0xC7, 0xE3, 0x8E, 0x1F, 0x0E, 0xE0, 0x38, 0x77, 0x01, 0xC1, 0xF0, 0x0E, 0x0F, 0x80, 0x70,
    0x7C, 0x03, 0x87, 0xF0, 0x1C, 0x7B, 0xC0, 0xEF, 0x8F, 0x87, 0xF8, 0x3C, 0x3B, 0x00, 0x60, 0x00,
    0x30, 0x00, 0x03, 0x80, 0x00, 0x3E, 0x00, 0x03, 0xF8, 0x00, 0x3D, 0xE0, 0x07, 0xC7, 0xC0, 0x7F,
    0x8F, 0x8F, 0x9E, 0x3E, 0x78, 0x78, 0xF1, 0x01, 0xE1, 0x07, 0xFF, 0xE0, 0x3F, 0xFF, 0x81, 0xFF,
    0xFC, 0x00, 0x03, 0xC0, 0x00, 0x1C, 0x00, 0x01, 0xC0, 0x00, 0x1E, 0x00, 0x01, 0xE0, 0x00, 0x1E,
    0x00, 0x00, 0x60, 0x00, 0x06, 0x06, 0x00, 0x38, 0x38, 0x01, 0xC1, 0xC0, 0x0E, 0x0E, 0x00, 0x70,
    0x70, 0x07, 0x07, 0x00, 0x38, 0x38, 0x01, 0xC1, 0xC0, 0x0F, 0x0E, 0x00, 0x7C, 0x78, 0x03, 0xF3,
    0xC0, 0x1F, 0xBE, 0x01, 0xCF, 0xF8, 0x0E, 0x7F, 0xC0, 0x71, 0xE7, 0x07, 0x07, 0x3C, 0x38, 0x78,
    0xE3, 0xC7, 0x87, 0x9C, 0x38, 0x1C, 0x40, 0x80, 0x40, 0x06, 0x0E, 0x00, 0x70, 0x70, 0x03, 0xB3,
    0x80, 0x3D, 0xDC, 0x01, 0xCE, 0xEF, 0x1E, 0x77, 0xF8, 0xF3, 0xFF, 0xCF, 0x9F, 0xCE, 0xFF, 0xFE,
    0x73, 0xFF, 0x73, 0x97, 0xFB, 0x9C, 0x39, 0xDC, 0xE1, 0xCE, 0xFE, 0x0E, 0x77, 0xF0, 0x73, 0xB8,
    0x03, 0x9C, 0x06, 0x1C, 0xE0, 0x30, 0xE7, 0xFF, 0x87, 0x3F, 0xFC, 0x38, 0xFF, 0xC0, 0x00, 0x03,
    0x83, 0x88, 0x38, 0x3B, 0xC3, 0x83, 0x9C, 0x38, 0x38, 0xE3, 0x83, 0x8F, 0x38, 0x38, 0x73, 0x83,
    0x84, 0x70, 0x38, 0x07, 0x03, 0x80, 0x70, 0x38, 0x07, 0x03, 0xB8, 0xE0, 0x3F, 0xCF, 0x03, 0xF9,
    0xF0, 0x7E, 0x3F, 0x87, 0x87, 0xBC, 0x61, 0xF1, 0xE0, 0x3E, 0x0E, 0x01, 0x80, 0x40, 0x06, 0x0E,
    0x00, 0xE6, 0xE0, 0x0E, 0xEE, 0x00, 0xEE, 0xE0, 0x1C, 0xFF, 0xE3, 0xDF, 0xFE, 0x3D, 0xFF, 0xE7,
    0xFC, 0xE0, 0xFF, 0x8E, 0x07, 0xD0, 0xE0, 0x5F, 0xFF, 0xF1, 0xFF, 0xFF, 0x1F, 0xFF, 0xF1, 0xC0,
    0xE0, 0x1C, 0x0E, 0x01, 0xC0, 0xE0, 0x1C, 0x0E, 0x01, 0xC0, 0xE0, 0x1C, 0x0E, 0x01, 0xC0, 0xE0,
    0x06, 0x00, 0x00, 0x38, 0x1F, 0x03, 0xFF, 0xF8, 0x1F, 0xFF, 0x01, 0xFF, 0xE0, 0x0E, 0x07, 0x00,
    0xF0, 0x38, 0x0F, 0x81, 0xC0, 0xFC, 0x0E, 0x07, 0xFF, 0xFF, 0x97, 0xFF, 0xFC, 0x3B, 0xFF, 0xE1,
    0xC0, 0xE0, 0x0E, 0x07, 0x00, 0x70, 0x38, 0x03, 0x81, 0xC0, 0x1C, 0x0E, 0x00, 0xEF, 0xFF, 0x87,
    0x7F, 0xFC, 0x38, 0x00, 0x00, 0x02, 0x0C, 0x00, 0x38, 0x70, 0x01, 0xC3, 0x80, 0x1C, 0x1C, 0x01,
    0xE0, 0xE0, 0x0F, 0xFF, 0xF8, 0xFF, 0xFF, 0xCF, 0xFF, 0xFE, 0xFC, 0x3F, 0x07, 0xE1, 0xF8, 0x17,
    0x1F, 0xE0, 0x38, 0xFF, 0x81, 0xCE, 0xFC, 0x0E, 0xF7, 0x70, 0x77, 0x3B, 0xC3, 0xF1, 0xCF, 0x1F,
    0x0E, 0x30, 0xE0, 0x70, 0x07, 0x03, 0x80, 0x38, 0x18, 0x00, 0x06, 0x1C, 0x00, 0xE1, 0xC0, 0x0F,
    0xFF, 0xE1, 0xFF, 0xFE, 0x1D, 0xFF, 0xE3, 0xC3, 0x80, 0x3F, 0xFF, 0xF7, 0xFF, 0xFF, 0xFF, 0xFF,
    0xFF, 0xC7, 0x00, 0x5C, 0x7F, 0xC1, 0xCF, 0xFE, 0x1C, 0xFF, 0xE1, 0xC0, 0x3C, 0x1C, 0x37, 0x81,
    0xC7, 0xF0, 0x1C, 0x3E, 0x01, 0xC0, 0xF0, 0x1C, 0x07, 0x81, 0x80, 0x30, 0x06, 0x0E, 0x00, 0x70,
    0x70, 0x03, 0x83, 0x80, 0x3C, 0x1C, 0x01, 0xDF, 0xFF, 0x1F, 0xFF, 0xF8, 0xEF, 0xFF, 0xCF, 0x01,
    0xC0, 0xF8, 0x0E, 0x03, 0xC0, 0x70, 0x16, 0x3F, 0xF8, 0x33, 0xFF, 0xC1, 0x9F, 0xFE, 0x0C, 0xE0,
    0x70, 0x67, 0x03, 0x83, 0x38, 0x1C, 0x19, 0xC0, 0xE0, 0xCF, 0xFF, 0x06, 0x7F, 0xF8, 0x31, 0x81,
    0xC0, 0x06, 0x0C, 0x00, 0x70, 0xC0, 0x0E, 0x0E, 0x00, 0xE0, 0xE0, 0x1D, 0xFF, 0xE1, 0xDF, 0xFE,
    0x3C, 0x00, 0x07, 0xC6, 0x0C, 0x7C, 0x61, 0xC7, 0xC7, 0x1C, 0x5C, 0x71, 0xC1, 0xC7, 0x1C, 0x1C,
    0x71, 0x81, 0xC3, 0x18, 0x1C, 0x33, 0x81, 0xC3, 0x38, 0x1C, 0x03, 0x81, 0xFF, 0xFF, 0x1F, 0xFF,
    0xF1, 0xC0, 0x00, 0x04, 0x0C, 0x00, 0x70, 0x60, 0x03, 0x83, 0x00, 0x38, 0x18, 0x01, 0xFF, 0xFF,
    0x1F, 0xFF, 0xF8, 0xEF, 0xFF, 0xCF, 0x07, 0xE0, 0xF8, 0x3F, 0x03, 0xC3, 0xFC, 0x16, 0x3B, 0x60,
    0x31, 0xDB, 0x81, 0x9C, 0xCE, 0x0D, 0xE6, 0x78, 0x7F, 0xFF, 0xE3, 0xFF, 0xFE, 0x1A, 0x1C, 0x20,
    0xC0, 0x60, 0x06, 0x03, 0x00, 0x30, 0x18, 0x00, 0x00, 0x30, 0x00, 0x03, 0x80, 0x00, 0x3E, 0x00,
    0x07, 0xB8, 0x00, 0x78, 0xF0, 0x0F, 0x83, 0xE1, 0xFF, 0xFF, 0xDF, 0xFF, 0xFF, 0x77, 0xFF, 0x30,
    0x03, 0x80, 0x07, 0xFF, 0xF0, 0x7F, 0xFF, 0xC3, 0xFF, 0xFE, 0x00, 0x38, 0x00, 0x39, 0xDC, 0x03,
    0xCE, 0x78, 0x3C, 0x71, 0xE3, 0xC3, 0x87, 0x9C, 0xFC, 0x18, 0x03, 0xC0, 0x00, 0x06, 0x10, 0x00,
    0x39, 0xC0, 0x03, 0x8E, 0x00, 0x1C, 0xFF, 0xE1, 0xC7, 0xFF, 0x8E, 0x7F, 0xFC, 0xF3, 0xF0, 0x0F,
    0xBB, 0x80, 0xFF, 0xDF, 0xF3, 0xEC, 0xFF, 0x97, 0x07, 0xFC, 0x38, 0x38, 0x01, 0xC1, 0xC0, 0x0E,
    0x0F, 0xF8, 0x70, 0x7F, 0xC3, 0x83, 0x80, 0x1C, 0x1C, 0x00, 0xE0, 0xE0, 0x07, 0x07, 0x00, 0x38,
    0x38, 0x00, 0x06, 0x60, 0x00, 0x73, 0x80, 0x03, 0x98, 0x00, 0x19, 0xC0, 0x01, 0xCF, 0xFF, 0x1C,
    0xFF, 0xF8, 0xE7, 0xFF, 0xCF, 0x71, 0xCE, 0xFB, 0x8E, 0x77, 0xCB, 0x76, 0x16, 0x3B, 0xB0, 0x31,
    0xDD, 0xC1, 0x8E, 0xEE, 0x0C, 0xE7, 0x38, 0x67, 0x39, 0xC3, 0x71, 0xCE, 0x19, 0x8E, 0x30, 0xC1,
    0xF0, 0x06, 0x0F, 0x80, 0x30, 0x78, 0x00, 0x06, 0x0E, 0x00, 0x38, 0x70, 0x03, 0xFF, 0xFC, 0x1F,
    0xFF, 0xE1, 0xDF, 0xFF, 0x1E, 0x07, 0x00, 0xF7, 0xFF, 0xCF, 0xBF, 0xFE, 0xFD, 0xCE, 0x73, 0xEE,
    0x73, 0x97, 0x7F, 0xFC, 0x3B, 0xFF, 0xE1, 0xDF, 0xFE, 0x0E, 0xE6, 0x00, 0x73, 0xF0, 0x03, 0x8F,
    0x80, 0x1C, 0x7E, 0x00, 0xEF, 0xFF, 0x07, 0xF9, 0xFC, 0x3B, 0x01, 0xE0, 0x06, 0x71, 0x80, 0x73,
    0x8C, 0x03, 0x9C, 0x60, 0x3C, 0xE3, 0x01, 0xDF, 0xFF, 0x1E, 0xFF, 0xF8, 0xF7, 0xFF, 0xCF, 0x8E,
    0x30, 0xFC, 0x71, 0x83, 0xE3, 0x8C, 0x17, 0x1C, 0x60, 0x3F, 0xFF, 0xE1, 0xFF, 0xFF, 0x0E, 0xFF,
    0xF8, 0x71, 0xC6, 0x03, 0x8E, 0x38, 0x1C, 0xE1, 0xE0, 0xEF, 0x07, 0x87, 0xF0, 0x1C, 0x3B, 0x00,
    0x40, 0x18, 0x00, 0x31, 0xFF, 0x87, 0x1F, 0xFF, 0x71, 0xBF, 0xFF, 0x3B, 0x7F, 0xF3, 0xBF, 0xFF,
    0x7B, 0xFF, 0xF7, 0xBF, 0xFF, 0xFB, 0xFF, 0xF7, 0xBF, 0xFF, 0x7B, 0xFF, 0xF3, 0xBF, 0xFF, 0x3B,
    0xFF, 0xF3, 0xBF, 0xFF, 0x3B, 0xDF, 0xF3, 0x8F, 0x07, 0x39, 0xF8, 0x73, 0xB9, 0x87, 0x3F, 0x9D,
    0xF3, 0xA0, 0x9E, 0x04, 0x00, 0x00, 0x7F, 0xFF, 0x83, 0xFF, 0xFC, 0x3B, 0xFF, 0xE1, 0xCF, 0xFE,
    0x1E, 0xFF, 0xF8, 0xE7, 0xFF, 0xCF, 0x39, 0xCE, 0xF9, 0xFF, 0xF3, 0xCF, 0xFF, 0x96, 0x73, 0x9C,
    0x33, 0xFF, 0xE1, 0x9F, 0xFF, 0x0C, 0xCE, 0x00, 0x67, 0x70, 0x03, 0x3F, 0x80, 0x18, 0x7E, 0x00,
    0xDF, 0xFF, 0x87, 0xFB, 0xFC, 0x37, 0x01, 0xE0, 0x06, 0x00, 0x00, 0x3F, 0xFF, 0x03, 0xBF, 0xF8,
    0x1D, 0xFF, 0xC1, 0xCC, 0x0E, 0x1E, 0x60, 0x70, 0xF3, 0xFF, 0x8F, 0x9F, 0xFC, 0xFC, 0xFF, 0xE3,
    0xE0, 0x70, 0x17, 0xFF, 0xFC, 0x3F, 0xFF, 0xE1, 0xDF, 0xFF, 0x0E, 0x1F, 0xC0, 0x71, 0xFF, 0x03,
    0x9D, 0xFC, 0x1D, 0xEE, 0xF0, 0xFE, 0x73, 0xC7, 0x43, 0x8C, 0x38, 0x1C, 0x00, 0x04, 0x0C, 0x00,
    0xE1, 0xC0, 0x0E, 0x0E, 0x01, 0xFF, 0xFF, 0x1F, 0xFF, 0xF3, 0xFF, 0xFF, 0x3C, 0xFF, 0xC7, 0xCF,
    0xFE, 0xFC, 0xFF, 0xE7, 0xCF, 0xFC, 0x5C, 0xFF, 0xE1, 0xCF, 0xFE, 0x1C, 0x00, 0x01, 0xDF, 0xFE,
    0x1D, 0xFF, 0xE1, 0xDC, 0x0E, 0x1D, 0xC0, 0xE1, 0xDF, 0xFE, 0x1D, 0xFF, 0xE1, 0xDC, 0x0E, 0x0C,
    0x18, 0x00, 0x70, 0xE0, 0x03, 0x0F, 0xF8, 0x38, 0x7F, 0xE1, 0xC7, 0xFE, 0x1C, 0x7C, 0xF0, 0xEF,
    0x7F, 0x0F, 0x61, 0xF0, 0xFB, 0x3F, 0xE7, 0xDF, 0xEF, 0x96, 0xF9, 0xDC, 0x36, 0x3C, 0x01, 0xB7,
    0xDC, 0x0D, 0x99, 0xC0, 0x6C, 0x7C, 0xC3, 0x67, 0x9E, 0x1B, 0x33, 0xE0, 0xC1, 0xFC, 0x06, 0x1F,
    0x80, 0x30, 0xE0, 0x00, 0x0C, 0x00, 0x00, 0xFF, 0xC7, 0x1F, 0xFF, 0xF1, 0xFF, 0xFF, 0x39, 0xD3,
    0xF3, 0x9B, 0xBF, 0x7B, 0xFF, 0xF7, 0xFF, 0xFF, 0xFB, 0xEF, 0xFF, 0x8E, 0x3F, 0x78, 0xE3, 0xF3,
    0xFF, 0xFF, 0x3F, 0xFF, 0xF3, 0x8E, 0x3F, 0x38, 0xE3, 0xF3, 0x8F, 0xC7, 0x3F, 0xFC, 0x73, 0xFE,
    0x3F, 0x38, 0x03, 0xE3, 0x80, 0x1C, 0x06, 0x0E, 0x00, 0x70, 0x70, 0x03, 0xFF, 0xFC, 0x3F, 0xFF,
    0xE1, 0xDF, 0xFE, 0x1C, 0x7F, 0xE0, 0xE3, 0xFF, 0x8F, 0x1F, 0xFC, 0xF8, 0xFF, 0xE3, 0xC7, 0xFF,
    0x16, 0x3F, 0xF8, 0x31, 0xFF, 0xC1, 0x8F, 0xFE, 0x0C, 0x7F, 0xF0, 0x63, 0xFF, 0x83, 0x1F, 0xFC,
    0x18, 0xC0, 0xE0, 0xDF, 0xFF, 0x86, 0xFF, 0xFC, 0x37, 0xFF, 0xE0, 0x0C, 0x00, 0x00, 0xE1, 0xFF,
    0x87, 0xCF, 0xFC, 0x3E, 0x7F, 0xE3, 0xB0, 0x30, 0x1D, 0x8F, 0xF9, 0xEF, 0xFF, 0xCF, 0x7F, 0x6E,
    0xFB, 0xFB, 0x77, 0xD8, 0xDB, 0x9E, 0xC6, 0xDC, 0x76, 0x36, 0xE3, 0xB7, 0xB7, 0x1D, 0xFD, 0xB8,
    0xEF, 0xFD, 0xC7, 0x70, 0xF0, 0x3A, 0x0F, 0xE1, 0xC0, 0xF7, 0x8E, 0x0F, 0x1C, 0x70, 0x60, 0x60,
    0x06, 0x0C, 0x00, 0x70, 0xE0, 0x0F, 0xFF, 0xE0, 0xFF, 0xFE, 0x1D, 0xFF, 0xE3, 0xDC, 0x06, 0x3D,
    0xFF, 0xE7, 0xDF, 0xFE, 0xFD, 0xFF, 0xE7, 0xDF, 0xFF, 0x5D, 0xFF, 0xF1, 0xDE, 0xDF, 0x1D, 0xED,
    0xF1, 0xDF, 0xFF, 0x1F, 0xFF, 0xF1, 0xFF, 0xFF, 0x1F, 0xED, 0xF1, 0xF6, 0xDF, 0x1F, 0x6D, 0xF1,
    0xD6, 0x06, 0x0C, 0x06, 0x00, 0xE8, 0x31, 0x87, 0xEF, 0xFC, 0x37, 0x7F, 0xC3, 0x9F, 0xFE, 0x1C,
    0x43, 0xE1, 0xE0, 0xFF, 0xCF, 0xFF, 0xFE, 0xFF, 0xBF, 0xF7, 0xCC, 0x70, 0x1E, 0x6F, 0xF8, 0x73,
    0xFF, 0xE3, 0x9F, 0xC7, 0x1C, 0xCF, 0xF8, 0xE6, 0x7F, 0xC7, 0x3F, 0xFE, 0x39, 0xFC, 0x71, 0xDE,
    0xFF, 0x8E, 0xC7, 0xFC, 0x70, 0x38, 0xE0, 0x00, 0x00, 0x00, 0xFF, 0xFE, 0x07, 0xFF, 0xF0, 0x00,
    0x00, 0x00, 0x00, 0x00, 0x00, 0x00, 0x01, 0xFF, 0xFF, 0xCF, 0xFF, 0xFE, 0x7F, 0xFF, 0xF0, 0x1C,
    0xE0, 0x00, 0xC7, 0x00, 0x0E, 0x38, 0x00, 0x71, 0xC0, 0x03, 0x8E, 0x18, 0x38, 0x70, 0xC3, 0xC1,
    0x86, 0x7C, 0x0F, 0xF3, 0xC0, 0x7F, 0x88, 0x01, 0xF8, 0x00, 0x70, 0x00, 0xE7, 0x00, 0x0E, 0x70,
    0x00, 0xFF, 0xFC, 0x1F, 0xFF, 0xC1, 0xFF, 0xFC, 0x38, 0x70, 0x03, 0x87, 0x00, 0x10, 0x70, 0x07,
    0xFF, 0xFF, 0x7F, 0xFF, 0xF7, 0xFF, 0xFE, 0x03, 0x8C, 0x00, 0x78, 0xC0, 0x07, 0x0C, 0x20, 0xF0,
    0xC3, 0x1E, 0x0C, 0x77, 0xE0, 0xFF, 0x7C, 0x0F, 0xF3, 0x00, 0x7E, 0x00, 0x70, 0x00, 0xC3, 0x86,
    0x07, 0x1C, 0x78, 0x38, 0xE3, 0x80, 0xE7, 0x3C, 0x07, 0x39, 0xC0, 0x39, 0xCC, 0x00, 0x0E, 0x00,
    0x7F, 0xFF, 0xF3, 0xFF, 0xFF, 0x9F, 0xFF, 0xFC, 0x07, 0x18, 0x00, 0x38, 0xC0, 0x03, 0x86, 0x00,
    0x1C, 0x30, 0x81, 0xE1, 0x86, 0x1E, 0x0C, 0x33, 0xE0, 0x7F, 0x9E, 0x03, 0xFC, 0xE0, 0x1F, 0xC0,
    0x00, 0x00, 0x00, 0x1C, 0x00, 0x00, 0xF0, 0x00, 0x03, 0xC0, 0x00, 0x0E, 0x00, 0x00, 0x78, 0x00,
    0x01, 0xE0, 0x00, 0x1F, 0x00, 0x00, 0xFC, 0x00, 0x07, 0xE0, 0x00, 0x7F, 0x80, 0x03, 0x9C, 0x00,
    0x3C, 0x70, 0x03, 0xC3, 0xC0, 0x1C, 0x0F, 0x01, 0xE0, 0x7C, 0x3E, 0x01, 0xF3, 0xE0, 0x07, 0x9E,
    0x00, 0x1C, 0x40, 0x00, 0x60, 0x00, 0x70, 0x00, 0x03, 0x80, 0x00, 0x3E, 0x00, 0x03, 0xF8, 0x00,
    0x3D, 0xE0, 0x07, 0xC7, 0xC0, 0xF8, 0x1F, 0x0F, 0x80, 0x3E, 0xFF, 0xFF, 0xF3, 0x7F, 0xFD, 0x80,
    0x1C, 0x00, 0x00, 0xE0, 0x00, 0xFF, 0xF8, 0x07, 0xFF, 0xC0, 0x3F, 0xFE, 0x00, 0x0E, 0x00, 0x00,
    0x70, 0x03, 0xFF, 0xFF, 0x9F, 0xFF, 0xFC, 0x7F, 0xFF, 0xC0, 0x00, 0x60, 0x00, 0x0E, 0x00, 0x00,
    0xF0, 0x00, 0x07, 0x00, 0x00, 0x78, 0x07, 0xFF, 0xFF, 0x7F, 0xFF, 0xF7, 0xFF, 0xFF, 0x00, 0x00,
    0x00, 0x00, 0x00, 0x03, 0x8E, 0x00, 0x78, 0xF0, 0x0F, 0x07, 0x00, 0xE0, 0x38, 0x1E, 0x03, 0xC1,
    0xC0, 0x1C, 0x3C, 0x01, 0xE7, 0x80, 0x0F, 0x70, 0x00, 0x72, 0x00, 0x04, 0x06, 0x03, 0x00, 0x70,
    0x1C, 0x01, 0xC1, 0xE0, 0x0F, 0x0E, 0x01, 0xFF, 0xFE, 0x1F, 0xFF, 0xF0, 0xFF, 0xFF, 0x80, 0x0E,
    0x00, 0x00, 0x70, 0x00, 0x03, 0x80, 0x1F, 0xFF, 0xFC, 0xFF, 0xFF, 0xE0, 0x0F, 0x80, 0x00, 0x7E,
    0x00, 0x07, 0xF8, 0x00, 0xF9, 0xE0, 0x1F, 0x87, 0xC3, 0xF8, 0x1F, 0x9F, 0x00, 0x7C, 0x60, 0x00,
    0xC0, 0x0E, 0x03, 0x00, 0xE0, 0x30, 0x3F, 0xFF, 0xE7, 0xFF, 0xFF, 0x7F, 0xFF, 0xF0, 0xE0, 0x30,
    0x0F, 0xFF, 0x00, 0xFF, 0xF0, 0x0E, 0x03, 0x00, 0xFF, 0xF0, 0x0F, 0xFF, 0x00, 0xFF, 0xF0, 0x0E,
    0x03, 0x07, 0xFF, 0xFF, 0x7F, 0xFF, 0xF7, 0xFF, 0xFF, 0x0F, 0x8F, 0x83, 0xF8, 0xFE, 0x7C, 0x01,
    0xF3, 0x00, 0x06, 0x0F, 0xFF, 0x80, 0x7F, 0xFC, 0x03, 0x80, 0xE0, 0x1F, 0xFF, 0x00, 0xFF, 0xF8,
    0x07, 0x01, 0xC0, 0x3F, 0xFE, 0x01, 0xFF, 0xF0, 0x0E, 0x03, 0x80, 0x7F, 0xFC, 0x03, 0xFF, 0xE0,
    0x1C, 0x07, 0x07, 0xFF, 0xFF, 0x3F, 0xFF, 0xF9, 0xFF, 0xFF, 0xC1, 0xF1, 0xF8, 0x3F, 0x03, 0xF3,
    0xE0, 0x07, 0x9C, 0x00, 0x18, 0x01, 0x9C, 0x00, 0x0C, 0xE0, 0x07, 0xFF, 0xF0, 0x7F, 0xFF, 0xC3,
    0xFF, 0xFE, 0x1C, 0xCE, 0x70, 0xE6, 0x73, 0x87, 0xFF, 0xFC, 0x3F, 0xFF, 0xE1, 0xFF, 0xFF, 0x0E,
    0x67, 0x38, 0x73, 0x39, 0xC3, 0x99, 0xCE, 0x7F, 0xFF, 0xFB, 0xFF, 0xFF, 0xC0, 0x61, 0xC0, 0x0F,
    0x8F, 0x81, 0xF8, 0x1F, 0x1F, 0x00, 0x7C, 0x60, 0x00, 0xC0, 0x00, 0xE0, 0x00, 0x38, 0x00, 0x0E,
    0x00, 0x03, 0x82, 0x7F, 0xFF, 0xDF, 0xFF, 0xF6, 0x0E, 0x0D, 0x83, 0x83, 0x60, 0xE0, 0xD8, 0x7C,
    0x36, 0x1F, 0x8D, 0x8E, 0xF3, 0x67, 0x9E, 0xDB, 0xC3, 0xF7, 0xE0, 0x7D, 0xB0, 0x03, 0x60, 0x00,
    0xD8, 0x03, 0xF6, 0x00, 0xFD, 0x80, 0x1E, 0x1F, 0x9F, 0xC0, 0xFE, 0xFE, 0x07, 0xF7, 0xF0, 0x33,
    0xB9, 0x81, 0x9D, 0xCC, 0x0C, 0xEE, 0x60, 0x67, 0x73, 0x0F, 0xFF, 0xFE, 0xFF, 0xFF, 0xF3, 0xFF,
    0xFF, 0x86, 0x76, 0x30, 0x73, 0xB1, 0x83, 0x9D, 0x8C, 0x1C, 0xFC, 0x60, 0xE7, 0xE3, 0x0E, 0x3F,
    0x18, 0x77, 0xF3, 0xC3, 0x3F, 0xBE, 0x19, 0xE8, 0xE0, 0x7F, 0xFF, 0xF3, 0xFF, 0xFF, 0x9F, 0xFF,
    0xFC, 0x00, 0xE0, 0x01, 0xFF, 0xFC, 0x0F, 0xFF, 0xE0, 0x71, 0xC7, 0x03, 0x8E, 0x38, 0x1F, 0xFF,
    0xC0, 0xFF, 0xFE, 0x07, 0x1C, 0x70, 0x38, 0xE3, 0x8F, 0xFF, 0xFF, 0xFF, 0xFF, 0xFC, 0x70, 0x07,
    0x03, 0x80, 0x38, 0x1C, 0x0F, 0xC0, 0xE0, 0x7E, 0x07, 0x03, 0xE0, 0xFF, 0xFF, 0xFF, 0xFF, 0xFF,
    0xFF, 0xFF, 0xF3, 0x00, 0x7E, 0xFF, 0xEE, 0x1F, 0xFE, 0x03, 0xFF, 0xC0, 0x70, 0x00, 0x1F, 0xFF,
    0x03, 0xFF, 0xF0, 0x7F, 0xFE, 0x00, 0x01, 0xC7, 0xFF, 0xB1, 0xFF, 0xFE, 0x1F, 0xFF, 0xC0, 0x00,
    0x38, 0x00, 0xFF, 0x00, 0x0F, 0xC0, 0x01, 0xF0, 0x00, 0x00, 0x46, 0x06, 0x0E, 0xE0, 0x70, 0xE7,
    0x07, 0x0C, 0x70, 0x39, 0xFF, 0xF3, 0xDF, 0xFF, 0x1B, 0xC7, 0x00, 0x7C, 0x70, 0x0F, 0xFF, 0xF0,
    0xFF, 0xFF, 0x05, 0xC7, 0x01, 0xDC, 0x70, 0x1D, 0xFF, 0xE1, 0xDF, 0xFF, 0x39, 0xC7, 0x03, 0x9C,
    0x70, 0x71, 0xFF, 0xF7, 0x1F, 0xFF, 0x61, 0xFF, 0xF0, 0x1C, 0x00, 0x00, 0x1C, 0x03, 0x00, 0xE0,
    0x1C, 0xFF, 0xF8, 0xE7, 0xFF, 0xC3, 0x83, 0x80, 0x1E, 0xFF, 0xF0, 0x67, 0xFF, 0x80, 0x7F, 0xFC,
    0x07, 0xFF, 0xF0, 0x3F, 0xFF, 0x80, 0x7F, 0xF0, 0x3F, 0xFF, 0xE1, 0xF7, 0xF7, 0x1D, 0x7F, 0xF0,
    0xE7, 0xFF, 0x8E, 0x3F, 0xF8, 0x70, 0x7F, 0x83, 0x8F, 0x3F, 0x18, 0xF0, 0x3C, 0x06, 0x00, 0xC0,
    0x01, 0xC0, 0x00, 0xE0, 0x1C, 0x71, 0xCE, 0x38, 0xE7, 0x1C, 0x73, 0x8E, 0x39, 0xC7, 0x1C, 0xFF,
    0xFE, 0x7F, 0xFF, 0x3F, 0xFF, 0xB0, 0x70, 0x7C, 0x38, 0x7E, 0x1C, 0x3F, 0x0E, 0x1F, 0x87, 0x0F,
    0xC3, 0x87, 0xFF, 0xFF, 0xFF, 0xFF, 0xFF, 0xFF, 0xE0, 0x00, 0x70, 0x00, 0x00, 0x00, 0x1C, 0x70,
    0x01, 0xE3, 0xC0, 0x0E, 0x0E, 0x00, 0xF0, 0x38, 0x0F, 0x01, 0xE0, 0x70, 0x07, 0x87, 0x80, 0x1E,
    0x7F, 0xFF, 0xF3, 0xFF, 0xFF, 0x03, 0xFF, 0xE0, 0x03, 0x87, 0x00, 0x1C, 0x38, 0x01, 0xC1, 0xC0,
    0x0E, 0x0E, 0x00, 0xF0, 0x70, 0x0F, 0x03, 0x81, 0xF1, 0xFC, 0x1F, 0x0F, 0xC0, 0x60, 0x7C, 0x00,
    0x18, 0x00, 0x01, 0x8F, 0xFF, 0x18, 0xFF, 0xF1, 0x81, 0xC7, 0x1F, 0x9C, 0x77, 0xF9, 0xC7, 0xFF,
    0x9C, 0x77, 0x81, 0xC7, 0x18, 0x1C, 0x71, 0x81, 0xC7, 0x18, 0x1C, 0x71, 0x9B, 0x87, 0x1F, 0xB8,
    0x73, 0xF3, 0x87, 0x3C, 0x70, 0x63, 0x0F, 0x0E, 0x01, 0xE7, 0xE0, 0x3C, 0x7E, 0x01, 0x87, 0x80,
    0x00, 0x00, 0x77, 0xFF, 0x07, 0x7F, 0xF6, 0x77, 0xFF, 0x77, 0x1C, 0x07, 0x71, 0xC0, 0x77, 0x1F,
    0xF7, 0x73, 0xFF, 0x77, 0x38, 0x67, 0x77, 0x8E, 0x77, 0x7C, 0xE7, 0x77, 0xEE, 0x77, 0x2F, 0xC7,
    0x70, 0x7C, 0x77, 0x03, 0x86, 0x70, 0x78, 0x07, 0x0F, 0x00, 0x73, 0xE0, 0x3F, 0x7C, 0x03, 0xF3,
    0x00, 0x1E, 0x03, 0x00, 0x60, 0x70, 0x07, 0x07, 0x86, 0x70, 0xFC, 0x67, 0x1F, 0xE6, 0x71, 0xCF,
    0x67, 0x38, 0x76, 0x7F, 0x03, 0xE7, 0x7F, 0xF6, 0x71, 0xFE, 0x67, 0x18, 0xE6, 0x71, 0x8E, 0x67,
    0x18, 0xE6, 0x71, 0xBE, 0x67, 0x1B, 0xC6, 0x71, 0x83, 0x07, 0x18, 0x30, 0x71, 0xFF, 0x3F, 0x1F,
    0xF7, 0xE0, 0xFE, 0x3E, 0x08, 0x00, 0x01, 0xC0, 0x00, 0x0E, 0xFF, 0xF0, 0xEF, 0xFF, 0x7F, 0x9C,
    0x77, 0xF9, 0xC7, 0x07, 0x1C, 0x70, 0x71, 0xC7, 0x0F, 0x9C, 0x71, 0xFD, 0xC6, 0x3F, 0x9C, 0x67,
    0xF1, 0xC6, 0xFF, 0xB8, 0x67, 0xDB, 0x86, 0x1C, 0x38, 0xE1, 0xC7, 0x0E, 0x1C, 0xF0, 0xE1, 0xDE,
    0x7E, 0x1D, 0xE7, 0xC0, 0xCC, 0x7C, 0x00, 0x00, 0x23, 0xEF, 0x87, 0x3E, 0xFB, 0x73, 0x6D, 0xBF,
    0x36, 0xDB, 0xF3, 0x6D, 0xBF, 0x36, 0xDB, 0xF3, 0x6D, 0xBF, 0x7F, 0xFF, 0xFF, 0xFF, 0xFF, 0x7F,
    0xFF, 0xF3, 0x6D, 0xBF, 0x36, 0xDB, 0xF3, 0x6D, 0xBF, 0x36, 0xDB, 0x77, 0x7D, 0x87, 0x77, 0xD8,
    0x77, 0xFF, 0x87, 0x7F, 0xF9, 0xF6, 0xDB, 0x1E, 0x00, 0x00, 0xDF, 0xFC, 0x1F, 0xFF, 0xF3, 0xFF,
    0xF6, 0x73, 0xB8, 0xCE, 0x73, 0x99, 0xDF, 0xFB, 0x3B, 0xFF, 0x67, 0x7F, 0xEC, 0xE1, 0xC1, 0x9C,
    0x38, 0x33, 0xBF, 0xF6, 0x7F, 0xFE, 0xCE, 0x1C, 0x19, 0xC3, 0x83, 0x38, 0x7F, 0x07, 0x7F, 0xE0,
    0xFF, 0xF8, 0xFF, 0xE0, 0x1F, 0x00, 0x01, 0xC0, 0x07, 0x00, 0x73, 0xF0, 0x07, 0x3F, 0x07, 0x73,
    0xFF, 0x77, 0x7F, 0xF7, 0x77, 0xFE, 0x77, 0x67, 0x07, 0x7F, 0xFF, 0xF7, 0xFF, 0xFF, 0x70, 0x70,
    0x77, 0x3F, 0xF7, 0x77, 0xFF, 0x77, 0x7F, 0xF7, 0x77, 0x73, 0x77, 0x77, 0x30, 0x77, 0x73, 0x07,
    0x77, 0xF0, 0x77, 0x7F, 0x3F, 0x07, 0x43, 0xF0, 0x70, 0x1E, 0x00, 0x00, 0x63, 0xFF, 0x07, 0x3F,
    0xF6, 0x73, 0xFF, 0x77, 0x30, 0x37, 0x73, 0xFF, 0x77, 0x3F, 0xF7, 0x73, 0xFF, 0x77, 0x31, 0x87,
    0x73, 0xFF, 0x77, 0x3F, 0xF7, 0x73, 0xDB, 0x77, 0x7D, 0xB7, 0x77, 0xDB, 0x77, 0x7D, 0xB6, 0x77,
    0xDF, 0x07, 0x6D, 0xF0, 0x7E, 0xDE, 0x3F, 0xE1, 0x83, 0xF0, 0x18, 0x3E, 0x0C, 0x07, 0x03, 0x80,
    0xE0, 0x38, 0x38, 0x7F, 0xFF, 0xFF, 0xFF, 0xFF, 0xFF, 0xFF, 0xC0, 0x00, 0x73, 0xFE, 0xEE, 0x7F,
    0xDD, 0xCE, 0x3B, 0xB9, 0xFF, 0x77, 0x3F, 0xEE, 0xE7, 0x1D, 0xDC, 0xFF, 0xBB, 0x9F, 0xF7, 0x73,
    0xFE, 0xEE, 0x71, 0xC1, 0xCE, 0x38, 0xF9, 0xDE, 0x3F, 0x3B, 0xC3, 0xC0, 0x00, 0x70, 0x77, 0xFF,
    0x87, 0x7F, 0xF0, 0x73, 0xB0, 0x37, 0x7F, 0xFF, 0x77, 0xFF, 0xF7, 0x7F, 0xFB, 0x71, 0xF7, 0x37,
    0x7F, 0x7B, 0x77, 0xF7, 0x37, 0x1F, 0x6B, 0x77, 0xF7, 0xF7, 0x7F, 0xFB, 0x70, 0xFC, 0x37, 0x0F,
    0xE3, 0x71, 0xFF, 0x87, 0x3B, 0x38, 0x77, 0xB1, 0x3F, 0x63, 0x03, 0xF0, 0x30, 0x1E, 0x06, 0x07,
    0x00, 0x70, 0x70, 0x7F, 0xFF, 0xF7, 0xFF, 0xFF, 0x00, 0x80, 0xC3, 0xFE, 0xCC, 0x3F, 0xEC, 0xC3,
    0xFE, 0xCC, 0x3F, 0xEC, 0xC3, 0xFE, 0xCC, 0x3F, 0xEC, 0xC3, 0x9C, 0x3C, 0x39, 0xC3, 0xC7, 0xFF,
    0xFE, 0x7F, 0xFF, 0xE0, 0x1C, 0x0E, 0x03, 0xC0, 0xC1, 0xF8, 0x1C, 0x7F, 0x0F, 0xC7, 0xC0, 0xF8,
    0x00, 0x0C, 0x00, 0x00, 0xE0, 0x7F, 0x8E, 0x07, 0xF8, 0xE0, 0x7F, 0x8E, 0x01, 0xC7, 0xFF, 0x1C,
    0x7F, 0xF1, 0xC0, 0xC7, 0x1C, 0x1C, 0x71, 0xC1, 0xC7, 0x1C, 0x1C, 0x71, 0xC1, 0xC7, 0x1F, 0x9C,
    0x77, 0xFF, 0x87, 0xFF, 0x38, 0x77, 0x87, 0x86, 0x00, 0xF0, 0xE0, 0x1E, 0x7E, 0x03, 0xC7, 0xE0,
    0x18, 0x7C, 0x0C, 0x00, 0x01, 0xC0, 0x00, 0x1C, 0x0F, 0xE1, 0xC1, 0xFF, 0x7F, 0xFF, 0xF7, 0xFF,
    0xC7, 0x7F, 0xFC, 0x71, 0xCF, 0xC7, 0x1C, 0xFC, 0x71, 0xCF, 0xC7, 0x1C, 0xFC, 0x71, 0xCF, 0xC7,
    0x1C, 0xFC, 0x73, 0x8D, 0xC7, 0x38, 0xDC, 0x73, 0x8D, 0xC7, 0x71, 0xDF, 0xF7, 0x7D, 0xFF, 0xE7,
    0xDC, 0x76, 0x70, 0xC6, 0x01, 0xC0, 0x00, 0x1E, 0x00, 0x00, 0xFF, 0xF0, 0x1F, 0xFF, 0xC1, 0xFF,
    0xFC, 0x1F, 0xC7, 0xC0, 0xEF, 0xFC, 0x00, 0x3F, 0x80, 0x7F, 0xFF, 0xF3, 0xFC, 0x7F, 0x9E, 0x38,
    0x38, 0x01, 0xC0, 0x03, 0xFF, 0xFE, 0x1F, 0xFF, 0xF0, 0x07, 0x03, 0x00, 0x78, 0x38, 0x0F, 0x81,
    0xC1, 0xF8, 0xFE, 0x1F, 0x07, 0xE0, 0x60, 0x3E, 0x00, 0x00, 0x0C, 0x00, 0x01, 0xC3, 0xFE, 0x38,
    0x7F, 0xC7, 0x00, 0x00, 0xE0, 0x00, 0xFF, 0xC0, 0x1F, 0xFF, 0xFE, 0x67, 0xFF, 0xCC, 0xE7, 0x03,
    0x9C, 0xEC, 0x73, 0x9D, 0xCE, 0x77, 0x39, 0xCE, 0xE7, 0x39, 0xDF, 0xFE, 0x3F, 0xFF, 0xC7, 0xF8,
    0xF8, 0xE8, 0x0F, 0xF8, 0x03, 0x9F, 0x00, 0x33, 0xC0, 0x06, 0x00, 0x00, 0x70, 0x00, 0x0E, 0x00,
    0x00, 0xFF, 0xFF, 0x1F, 0xFF, 0xF1, 0xFF, 0xFF, 0x3D, 0xCE, 0x73, 0x9C, 0xE7, 0x79, 0xCE, 0x7F,
    0x39, 0xC7, 0x63, 0x9C, 0x60, 0x71, 0xC6, 0x0F, 0x38, 0xE1, 0xE3, 0x8E, 0x1C, 0x78, 0xE7, 0xC7,
    0x0E, 0x38, 0xE0, 0xE1, 0x1E, 0xFE, 0x03, 0xCF, 0xC0, 0x08, 0x78, 0x03, 0x00, 0x00, 0x38, 0x00,
    0x01, 0xC0, 0x00, 0x1F, 0xFF, 0xC1, 0xFF, 0xFE, 0x1F, 0xFF, 0xF1, 0xF0, 0x03, 0x8F, 0xFF, 0x1C,
    0x6F, 0xF8, 0xE0, 0x61, 0xC7, 0x03, 0x0E, 0x30, 0x1F, 0xF3, 0x80, 0xFF, 0x9C, 0x07, 0xFF, 0xE0,
    0x30, 0x1E, 0x01, 0x80, 0x06, 0x0E, 0x00, 0x70, 0x7F, 0xFF, 0x83, 0xFF, 0xFC, 0x07, 0xFF, 0x80,
    0x7F, 0xFF, 0xDF, 0xFF, 0xFF, 0xFF, 0xFF, 0xF1, 0xCE, 0x0E, 0x39, 0xC1, 0xC7, 0x38, 0x38, 0xE7,
    0x07, 0x1C, 0xE0, 0xE3, 0x1C, 0xDC, 0xE3, 0x9F, 0x9C, 0x73, 0xF7, 0x0F, 0xFF, 0xE0, 0xFD, 0xD8,
    0x0F, 0x38, 0x00, 0x07, 0xFF, 0xFF, 0xFF, 0xFF, 0xEF, 0xFF, 0xFC, 0x7F, 0xFF, 0xFF, 0xFF, 0xFF,
    0xFF, 0xFF, 0xF0, 0x03, 0x8E, 0x60, 0x71, 0xDE, 0x1C, 0x39, 0xF7, 0x87, 0x0F, 0xE0, 0xE0, 0xF8,
    0x1C, 0x1F, 0x03, 0x87, 0xF0, 0x71, 0xEF, 0x0E, 0xF8, 0xF1, 0xDE, 0x0F, 0x3B, 0x80, 0xC7, 0x00,
    0x00, 0xFF, 0xFF, 0xFF, 0xFF, 0xFD, 0xFF, 0xFF, 0x80, 0x04, 0x04, 0x01, 0xC0, 0xE0, 0x38, 0x38,
    0x03, 0x8F, 0x03, 0xFF, 0xF8, 0x7F, 0xFF, 0x0C, 0x38, 0x61, 0xFF, 0xFC, 0x3F, 0xFF, 0x86, 0x1C,
    0x30, 0xC3, 0x8E, 0x1F, 0xFF, 0xC3, 0xFF, 0xF8, 0x01, 0xC0, 0x3F, 0xFF, 0xFF, 0xFF, 0xFF, 0x7F,
    0xFF, 0xC0, 0x1C, 0x00, 0x03, 0x80, 0x00, 0x70, 0x00, 0x03, 0x80, 0x01, 0xC0, 0x00, 0xE0, 0x00,
    0x70, 0x00, 0x3F, 0xF8, 0x1F, 0xFC, 0x0E, 0x00, 0x07, 0x00, 0x03, 0x80, 0x7F, 0xFE, 0x3F, 0xFF,
    0x9F, 0xFF, 0xCC, 0x00, 0xE6, 0x00, 0x73, 0x00, 0x39, 0x80, 0x1C, 0xFF, 0xFE, 0x7F, 0xFF, 0x3F,
    0xFF, 0x98, 0x01, 0xC0, 0x00, 0xC0, 0x00, 0x38, 0x00, 0x07, 0x00, 0x00, 0xFF, 0xC0, 0x1F, 0xF8,
    0x03, 0x80, 0x00, 0x70, 0x00, 0x0E, 0x00, 0xFF, 0xFF, 0xFF, 0xFF, 0xFC, 0x03, 0x00, 0x00, 0x60,
    0x00, 0x0F, 0xC0, 0x01, 0xFE, 0x00, 0x33, 0xF0, 0x06, 0x1E, 0x00, 0xC0, 0x80, 0x18, 0x00, 0x03,
    0x00, 0x00, 0x60, 0x00, 0x7F, 0xDF, 0xCF, 0xFB, 0xFD, 0xFF, 0x7F, 0xB0, 0xEC, 0x77, 0xFD, 0x8E,
    0xFF, 0xB1, 0xDF, 0xF6, 0x3B, 0x0E, 0xC7, 0x7F, 0xD8, 0xEF, 0xFB, 0x1D, 0xFF, 0x63, 0xB1, 0x8C,
    0x76, 0x71, 0x8E, 0xC7, 0x37, 0x9B, 0xE6, 0xF7, 0xFE, 0xC0, 0xFD, 0xD8, 0x1E, 0x13, 0x00, 0x00,
    0x60, 0x00, 0x3F, 0xFF, 0xF3, 0xFF, 0xFF, 0x3F, 0xFF, 0xF3, 0x81, 0x80, 0x38, 0x18, 0x03, 0x81,
    0x80, 0x38, 0x18, 0x03, 0xFF, 0xFE, 0x3F, 0xFF, 0xE3, 0xFF, 0xFE, 0x30, 0x19, 0x03, 0x01, 0xB8,
    0x30, 0x19, 0xC7, 0x01, 0x8E, 0x70, 0x18, 0x47, 0x03, 0x80, 0x6F, 0xFF, 0xFE, 0xFF, 0xFF, 0x60,
    0x00, 0x00, 0x3F, 0xFF, 0xF3, 0xFF, 0xFF, 0x3F, 0xFF, 0xF3, 0x83, 0x80, 0x3B, 0xFF, 0xE3, 0xBF,
    0xFE, 0x3B, 0x00, 0xE3, 0xBF, 0xFE, 0x3B, 0xFF, 0xE3, 0xB0, 0x0E, 0x3B, 0xFF, 0xE3, 0xBF, 0xFE,
    0x30, 0x18, 0x03, 0x1D, 0xB8, 0x73, 0x99, 0xC7, 0x71, 0x8E, 0x7F, 0x18, 0xFE, 0x6F, 0x87, 0x00,
    0xF8, 0x00, 0x00, 0x03, 0x00, 0x3F, 0xF0, 0xFF, 0xFE, 0x1F, 0xFC, 0x03, 0x80, 0x00, 0x70, 0x00,
    0x0F, 0xFF, 0xE1, 0xFF, 0xFC, 0x3F, 0xFF, 0x87, 0x60, 0x70, 0xEE, 0x1C, 0x1D, 0xE7, 0x83, 0x1C,
    0xE0, 0xE1, 0xFC, 0x1C, 0x3F, 0x03, 0x87, 0xE0, 0x73, 0xFF, 0x1F, 0xF9, 0xFF, 0xBE, 0x0F, 0xA6,
    0x00, 0x60, 0x00, 0x71, 0x00, 0x73, 0x9C, 0x03, 0x9C, 0xF0, 0x39, 0xC3, 0x81, 0xCE, 0x08, 0x1F,
    0xFF, 0xF8, 0xFF, 0xFF, 0xC0, 0x38, 0x00, 0x01, 0xC1, 0x80, 0x0F, 0xFE, 0x00, 0xFF, 0xF0, 0x0F,
    0x87, 0x80, 0x7E, 0x38, 0x07, 0xFB, 0x80, 0x79, 0xFC, 0x07, 0x87, 0xC0, 0xF8, 0x7F, 0x03, 0x9F,
    0xFF, 0x81, 0xF0, 0xFC, 0x0E, 0x00, 0xE0, 0x7F, 0xE0, 0x03, 0xFF, 0xFF, 0x0E, 0x7F, 0xFC, 0x73,
    0x7F, 0xE3, 0xF9, 0xC7, 0x1F, 0xCE, 0x30, 0xFE, 0x33, 0x87, 0x31, 0x9C, 0x39, 0x8E, 0xE1, 0xFC,
    0x7E, 0x0F, 0xE1, 0xF0, 0x73, 0x0F, 0x03, 0x9E, 0x38, 0x1F, 0xF3, 0xC3, 0xFF, 0x9F, 0x0F, 0xB1,
    0xFC, 0x01, 0xBC, 0xF0, 0x0D, 0xC3, 0x80, 0x64, 0x08, 0xFF, 0xFF, 0xFF, 0xFF, 0xFF, 0xFF, 0xFC,
    0x00, 0x7E, 0x00, 0x3F, 0x00, 0x1F, 0x80, 0x0F, 0xC0, 0x07, 0xE0, 0x03, 0xF0, 0x01, 0xF8, 0x00,
    0xFC, 0x00, 0x7E, 0x00, 0x3F, 0xFF, 0xFF, 0xFF, 0xFF, 0xFF, 0xFF, 0xE0, 0x03, 0xF0, 0x01, 0xC0,
    0xFF, 0xFF, 0xFF, 0xFF, 0xFF, 0xFF, 0xFF, 0x80, 0x01, 0xC0, 0x00, 0x38, 0x7F, 0xC7, 0x0F, 0xF8,
    0xE1, 0xFF, 0x1C, 0x38, 0xE3, 0x87, 0x1C, 0x70, 0xE3, 0x8E, 0x1F, 0xF1, 0xC3, 0xFE, 0x38, 0x7F,
    0xC7, 0x0E, 0x00, 0xE1, 0x80, 0x1C, 0x00, 0x3F, 0x80, 0x07, 0xE0, 0x00, 0xFC, 0x00, 0x00, 0xC0,
    0x00, 0x0E, 0x00, 0x01, 0xC0, 0x00, 0x1C, 0x00, 0x7F, 0xFF, 0xF7, 0xFF, 0xFF, 0x3F, 0xFF, 0xE0,
    0x38, 0x00, 0x07, 0x00, 0x00, 0xFF, 0xFC, 0x0F, 0xFF, 0xE1, 0xFF, 0xFE, 0x3F, 0x00, 0xE7, 0xF0,
    0x0E, 0xF7, 0x00, 0xE6, 0x70, 0x0E, 0x07, 0xFF, 0xE0, 0x7F, 0xFE, 0x07, 0xFF, 0xE0, 0x70, 0x0C,
    0x3F, 0xFF, 0x07, 0xFF, 0xF0, 0xE0, 0x0E, 0x1C, 0x01, 0xC3, 0xFF, 0xF8, 0x7F, 0xFF, 0x07, 0xFF,
    0xC7, 0xFF, 0xFF, 0xFF, 0xFF, 0xFF, 0xFF, 0xFC, 0x38, 0x00, 0x0F, 0xFF, 0x81, 0xFF, 0xF0, 0x3F,
    0xFE, 0x00, 0x01, 0xC0, 0x00, 0x38, 0x00, 0xFF, 0x00, 0x1F, 0xC0, 0x03, 0xF0, 0x00, 0x01, 0xC0,
    0x00, 0x1E, 0x00, 0x00, 0xFF, 0xE0, 0x1F, 0xFF, 0x81, 0xFF, 0xF8, 0x1F, 0xC7, 0x81, 0xEF, 0x78,
    0x06, 0x3F, 0x80, 0x01, 0xFC, 0x00, 0x7F, 0xFC, 0x1F, 0xE3, 0xFC, 0xFC, 0x07, 0xE7, 0xFF, 0xFE,
    0x07, 0xFF, 0xC0, 0x38, 0x0E, 0x01, 0xC0, 0x70, 0x0E, 0x03, 0x80, 0x7F, 0xFC, 0x03, 0xFF, 0xE0,
    0x1C, 0x07, 0x00, 0xFF, 0xFF, 0xDF, 0xFF, 0xFF, 0xFF, 0xFF, 0xF0, 0x00, 0x7E, 0xFF, 0xEF, 0xDF,
    0xFD, 0xF8, 0x00, 0x3F, 0x3F, 0xC7, 0xE7, 0xFC, 0xFC, 0xFF, 0x9F, 0x9C, 0x73, 0xF3, 0x8E, 0x7E,
    0x71, 0xCF, 0xCF, 0xF9, 0xF9, 0xFF, 0x3F, 0x38, 0x07, 0xE0, 0x07, 0xFC, 0x00, 0xFB, 0x80, 0x1F,
    0x00, 0x00, 0xE0, 0x00, 0x70, 0x00, 0x3F, 0xF8, 0x1F, 0xFF, 0x1F, 0xFF, 0x9F, 0x81, 0xE7, 0xF0,
    0xF0, 0xDE, 0x78, 0x03, 0xFC, 0x00, 0x7E, 0x00, 0x7F, 0xFC, 0xFF, 0xFF, 0x7F, 0xFF, 0xDF, 0xC0,
    0x70, 0x70, 0x1C, 0x1C, 0x07, 0x07, 0xFF, 0xC1, 0xFF, 0xF0, 0x7F, 0xFC, 0x1C, 0x07, 0x00, 0x01,
    0x80, 0x1F, 0xFC, 0x1F, 0xFF, 0xE1, 0xFF, 0xC0, 0x1C, 0x00, 0x01, 0xC0, 0x00, 0x1F, 0xFF, 0xF1,
    0xFF, 0xFF, 0x1F, 0xFF, 0xF1, 0xC0, 0x00, 0x19, 0xFF, 0xE3, 0xBF, 0xFE, 0x3B, 0xFF, 0xE3, 0xB8,
    0x0E, 0x3B, 0x80, 0xE3, 0xB8, 0x0E, 0x73, 0xFF, 0xE7, 0x3F, 0xFE, 0xF3, 0xFF, 0xE6, 0x38, 0x0E,
    0x01, 0xE0, 0x00, 0x78, 0x00, 0x1C, 0x00, 0x0F, 0x02, 0x7F, 0xFF, 0xDF, 0xFF, 0xF6, 0x00, 0x0D,
    0x80, 0x03, 0x67, 0xFC, 0xD9, 0xFF, 0x36, 0x7F, 0xCD, 0x9C, 0x73, 0x67, 0x1C, 0xD9, 0xFF, 0x36,
    0x7F, 0xCD, 0x9F, 0xF3, 0x67, 0x00, 0xD8, 0x03, 0xF6, 0x00, 0xFD, 0x80, 0x3E, 0x7F, 0xFF, 0xF3,
    0xFF, 0xFF, 0x9F, 0xFF, 0xFC, 0x01, 0xE0, 0x00, 0x1F, 0x60, 0x03, 0xFF, 0xC0, 0x7F, 0xDF, 0x8F,
    0xCE, 0x3E, 0x78, 0x70, 0x71, 0x03, 0x80, 0x07, 0xFF, 0xF0, 0x3F, 0xFF, 0x81, 0xFF, 0xFC, 0x0E,
    0x00, 0xE0, 0x70, 0x07, 0x03, 0x80, 0x38, 0x1F, 0xFF, 0xC0, 0xFF, 0xFE, 0x07, 0x00, 0x70, 0x00,
    0x30, 0x00, 0x03, 0x80, 0x00, 0x3E, 0x00, 0x07, 0xF8, 0x00, 0x7D, 0xF0, 0x0F, 0xF3, 0xE3, 0xFB,
    0xCF, 0xCF, 0x07, 0x1E, 0x2F, 0xFF, 0xA0, 0x7F, 0xFC, 0x03, 0xFF, 0xC0, 0x00, 0x1C, 0x01, 0xFF,
    0xFC, 0x0F, 0xFF, 0xE0, 0x7F, 0xFF, 0x03, 0x80, 0x38, 0x1C, 0x01, 0xC0, 0xFF, 0xFE, 0x07, 0xFF,
    0xF0, 0x38, 0x03, 0x80, 0x00, 0x60, 0x00, 0x0E, 0x00, 0x01, 0xC0, 0x0F, 0xFF, 0xF1, 0xFF, 0xFE,
    0x3F, 0xFF, 0xC7, 0x00, 0x38, 0xFF, 0xFF, 0x1F, 0xFF, 0xE3, 0xFF, 0xFC, 0x60, 0x00, 0x0D, 0xFF,
    0xF1, 0xFF, 0xFE, 0x7F, 0xFF, 0xCF, 0xC0, 0x39, 0xF8, 0x07, 0x77, 0xFF, 0xEE, 0xFF, 0xFD, 0xDF,
    0xFF, 0xB1, 0x80, 0x70, 0x18, 0x60, 0x03, 0x9C, 0x00, 0x73, 0x80, 0x1F, 0xFF, 0xE7, 0xFF, 0xFC,
    0xFF, 0xFF, 0x3C, 0x38, 0x03, 0x07, 0x00, 0xFF, 0xFF, 0xFF, 0xFF, 0xFC, 0x00, 0x00, 0x0F, 0xFF,
    0xC3, 0xFF, 0xF8, 0x7F, 0xFF, 0x0E, 0x00, 0xE1, 0xC0, 0x1C, 0x3F, 0xFF, 0x87, 0xFF, 0xF0, 0xFF,
    0xFE, 0x1C, 0x01, 0xC0, 0x1F, 0xFF, 0xE3, 0xFF, 0xFC, 0x7F, 0xFF, 0x8C, 0x38, 0x71, 0xBF, 0xEE,
    0x37, 0xFD, 0xC6, 0x1C, 0x38, 0xFF, 0xFF, 0x3F, 0xFF, 0xE7, 0x00, 0x1C, 0xEF, 0xFB, 0x9D, 0xFF,
    0x73, 0xBF, 0xEE, 0x77, 0x1D, 0xCC, 0xFF, 0xBB, 0x9F, 0xF7, 0x73, 0xFE, 0xFC, 0x60, 0xFD, 0x80,
    0x1F, 0x00, 0x00, 0x30, 0x00, 0x03, 0x80, 0x00, 0x7E, 0x00, 0x07, 0xFC, 0x00, 0xF9, 0xF8, 0x1F,
    0xFF, 0xF3, 0xFF, 0xFF, 0xCF, 0x7F, 0xDE, 0x00, 0x00, 0x01, 0xFE, 0xFF, 0x0F, 0xF7, 0xF8, 0x73,
    0xB1, 0xC3, 0x9D, 0x8E, 0x1C, 0xEC, 0x70, 0xFF, 0x63, 0x87, 0xFB, 0x7C, 0x3F, 0x9B, 0xC1, 0xC0,
    0xC8, 0x0C, 0x06, 0x00, 0x00, 0x30, 0x00, 0x00, 0x80, 0x01, 0xF8, 0x01, 0xFF, 0x7F, 0xBF, 0x0F,
    0xF0, 0x61, 0xFE, 0x0C, 0x30, 0xDF, 0xFE, 0x1B, 0xFF, 0xC3, 0x7F, 0xF8, 0x61, 0xE3, 0x0C, 0x7E,
    0x61, 0x8F, 0xEC, 0x33, 0xFF, 0x86, 0xED, 0xB0, 0xDD, 0x86, 0x1F, 0x30, 0xFF, 0x46, 0x1F, 0xE0,
    0xC3, 0x1C, 0x18, 0x61, 0x83, 0x00, 0x00, 0x00, 0x0C, 0x00, 0x01, 0xC0, 0xFE, 0x1E, 0x0F, 0xE3,
    0xE0, 0xFE, 0x7F, 0x0E, 0xEF, 0x38, 0xEF, 0xE3, 0xCE, 0xFF, 0xFE, 0xEF, 0xFF, 0xEE, 0xF0, 0x00,
    0xEE, 0x00, 0x0E, 0xEF, 0xF8, 0xFE, 0xFF, 0x8F, 0xEE, 0x18, 0xFC, 0xE1, 0x8E, 0x0E, 0x18, 0x40,
    0xE3, 0x80, 0x0F, 0xF8, 0x00, 0xFF, 0x80, 0x0E, 0x18, 0x00, 0x30, 0x00, 0x07, 0x00, 0xFC, 0x7F,
    0x8F, 0xCF, 0xF8, 0xFD, 0xC7, 0x0C, 0xFF, 0xFC, 0xCF, 0xFF, 0xCC, 0xDF, 0xFC, 0xCD, 0xDD, 0xCC,
    0xDD, 0xDC, 0xCD, 0xDD, 0xCC, 0xDF, 0xFC, 0xCF, 0xFF, 0xEF, 0xFF, 0xFE, 0xFC, 0x3E, 0x0C, 0x07,
    0xE0, 0xC0, 0xE7, 0x80, 0x3C, 0x3E, 0x07, 0x81, 0xE0, 0x30, 0x04, 0x3F, 0xDF, 0xE1, 0xFE, 0xFF,
    0x0E, 0x77, 0x38, 0x73, 0xB9, 0xC3, 0xFD, 0xFE, 0x1F, 0xEF, 0xF0, 0x7F, 0xBF, 0x00, 0x3C, 0xF0,
    0x7F, 0xFF, 0xF3, 0xFF, 0xFF, 0x83, 0xC3, 0xC0, 0x3C, 0x0F, 0x8F, 0xFD, 0xFF, 0x3F, 0xEF, 0xF9,
    0xE7, 0x73, 0x87, 0x3B, 0x9C, 0x3F, 0xDF, 0xE1, 0xFE, 0xFF, 0x0F, 0xF7, 0xF8, 0xFF, 0xFF, 0xDF,
    0xFF, 0xFB, 0xFF, 0xFF, 0x71, 0x9C, 0x6E, 0x33, 0x8D, 0xC6, 0x71, 0xB9, 0xCE, 0x37, 0x39, 0xC6,
    0xE7, 0x38, 0xDD, 0xC7, 0xFB, 0xF8, 0x7F, 0x7E, 0x00, 0x6E, 0x80, 0x0D, 0xFF, 0xFF, 0xBF, 0xFF,
    0xF7, 0xFF, 0xFE, 0xE0, 0x00, 0xC0, 0x00, 0x00, 0xFF, 0xFF, 0xFF, 0xFF, 0xFF, 0xFF, 0xFF, 0xF0,
    0x00, 0x7E, 0x00, 0x0F, 0xCF, 0xF9, 0xF9, 0xFF, 0x3F, 0x38, 0xE7, 0xE7, 0x1C, 0xFC, 0xE3, 0x9F,
    0x9C, 0x73, 0xF3, 0xFE, 0x7E, 0x7F, 0xCF, 0xC0, 0x01, 0xF8, 0x00, 0x3F, 0xFF, 0xFF, 0xFF, 0xFF,
    0xFF, 0xFF, 0xFF, 0x80, 0x03, 0x80, 0xFF, 0xFF, 0xFF, 0xFF, 0xFF, 0x81, 0x83, 0xF0, 0x70, 0x7E,
    0x0E, 0x0F, 0xC1, 0xC1, 0xFF, 0xFF, 0xFF, 0xFF, 0xFF, 0xE0, 0xE0, 0xFC, 0x3C, 0x1F, 0x87, 0xE3,
    0xF1, 0xFE, 0x7E, 0x79, 0xCF, 0xDE, 0x1D, 0xFB, 0x81, 0xBF, 0x60, 0x07, 0xFF, 0xFF, 0xFF, 0xFF,
    0xFF, 0x80, 0x03, 0x80, 0xFF, 0xFF, 0xFF, 0xFF, 0xFF, 0x83, 0x03, 0xF0, 0x70, 0x7F, 0xFF, 0xEF,
    0xFF, 0xFD, 0xF8, 0x38, 0x3F, 0x7F, 0xF7, 0xEF, 0xFE, 0xFC, 0x1C, 0x1F, 0xFF, 0xFF, 0xFF, 0xFF,
    0xFE, 0x0E, 0x6F, 0xC1, 0xFD, 0xF8, 0x3F, 0xBF, 0x06, 0x07, 0xFF, 0xFF, 0xFF, 0xFF, 0xFF, 0x80,
    0x03, 0x80, 0xFF, 0xFF, 0xFF, 0xFF, 0xFF, 0xFF, 0xFF, 0xF0, 0x70, 0x7E, 0x0E, 0x0F, 0xDF, 0xFD,
    0xFB, 0xFF, 0xBF, 0x07, 0x07, 0xE7, 0xFC, 0xFC, 0xFF, 0x9F, 0x9F, 0xF3, 0xF3, 0x06, 0x7E, 0x7F,
    0xCF, 0xCF, 0xF9, 0xF9, 0xFF, 0x3F, 0x00, 0x07, 0xFF, 0xFF, 0xFF, 0xFF, 0xFF, 0x80, 0x03, 0x80,
    0xFF, 0xFF, 0xFF, 0xFF, 0xFF, 0x86, 0x03, 0xF1, 0xC2, 0x7E, 0x7F, 0xEF, 0xDF, 0xFD, 0xFF, 0xEF,
    0x3F, 0x4F, 0xC7, 0xE3, 0xFC, 0xFF, 0xFF, 0xFF, 0xFF, 0x3F, 0xF0, 0xFC, 0x7E, 0x63, 0x0F, 0xCF,
    0xE1, 0xF8, 0xFF, 0x3F, 0x00, 0xE7, 0xFF, 0xFF, 0xFF, 0xFF, 0xFF, 0x80, 0x03, 0x80, 0xFF, 0xFF,
    0xFF, 0xFF, 0xFF, 0x9F, 0xF3, 0xF7, 0xFF, 0x7E, 0xE0, 0xEF, 0xDF, 0xFD, 0xFB, 0xFF, 0xBF, 0x7F,
    0xF7, 0xEF, 0xFE, 0xFD, 0xFF, 0xDF, 0xB3, 0xBB, 0xF6, 0x77, 0x7E, 0xCE, 0xEF, 0xCF, 0xF9, 0xFF,
    0xEF, 0xFF, 0xF0, 0x37, 0xFF, 0xFF, 0xFF, 0xFF, 0xFF, 0x80, 0x03, 0x80, 0x00, 0xC0, 0x00, 0x1C,
    0x00, 0x01, 0xC0, 0x07, 0xFF, 0xFF, 0x7F, 0xFF, 0xF7, 0xFF, 0xFF, 0x07, 0x0E, 0x00, 0xF0, 0xE0,
    0x0E, 0x0E, 0x01, 0xC0, 0xE0, 0x3D, 0xFF, 0xEF, 0xDF, 0xFE, 0x7C, 0x0E, 0x07, 0xC0, 0xE0, 0x1C,
    0x0E, 0x01, 0xC0, 0xE0, 0x1C, 0x0E, 0x01, 0xDF, 0xFF, 0x1D, 0xFF, 0xF1, 0xDF, 0xFF, 0x18, 0x06,
    0x00, 0xE0, 0x30, 0x07, 0x19, 0x80, 0x39, 0xCC, 0x01, 0xCE, 0x6F, 0x7F, 0xF3, 0xFB, 0xFF, 0xFF,
    0xCF, 0xDF, 0xEE, 0x1D, 0xFE, 0x70, 0xEF, 0x33, 0x87, 0x79, 0x9C, 0x39, 0xCC, 0xE1, 0xFE, 0x7E,
    0x1F, 0xF3, 0xF3, 0xFB, 0x9A, 0x0F, 0x1C, 0x06, 0x40, 0xE0, 0x30, 0x03, 0xFF, 0x80, 0x1F, 0xFC,
    0x00, 0x7F, 0x80, 0x1C, 0x07, 0x00, 0xE0, 0x38, 0x07, 0x01, 0xC0, 0x38, 0x0E, 0x01, 0xC0, 0x70,
    0x3F, 0xB3, 0x83, 0xFD, 0x9C, 0x0F, 0xEC, 0xFE, 0x1C, 0x67, 0xF0, 0xE3, 0x3F, 0x87, 0x19, 0xC0,
    0x38, 0xCE, 0x01, 0xFE, 0x70, 0x1F, 0xF3, 0x83, 0xF9, 0x9C, 0x0E, 0x0C, 0xE0, 0x40, 0x67, 0x00,
    0x1F, 0xFF, 0xC0, 0xFF, 0xFE, 0x18, 0x18, 0x01, 0xC1, 0xC0, 0x1C, 0x38, 0x01, 0xC3, 0xFF, 0x1C,
    0x7F, 0xFF, 0xFF, 0xFF, 0xFF, 0xE0, 0x77, 0xFD, 0x07, 0x1C, 0xF8, 0x71, 0xC3, 0xC7, 0x1C, 0x0E,
    0x71, 0xC0, 0x7F, 0x1F, 0x07, 0xF1, 0xF9, 0xF7, 0x7E, 0x7E, 0x6F, 0x8F, 0x86, 0x60, 0xE0, 0xE0,
    0x00, 0xFE, 0x00, 0x0F, 0xE0, 0x00, 0x7C, 0x00, 0x03, 0x07, 0xFF, 0xF1, 0xFF, 0xFE, 0x1F, 0xF0,
    0x00, 0x0E, 0x00, 0xFF, 0xFF, 0x9F, 0xFF, 0xF0, 0xE7, 0x38, 0x1C, 0xE7, 0x1F, 0xFF, 0xFF, 0xFF,
    0xFF, 0x8E, 0x73, 0x81, 0xCE, 0x70, 0xFF, 0xFF, 0x9F, 0xFF, 0xF3, 0xFF, 0xFE, 0x00, 0xE0, 0x07,
    0xFF, 0xF0, 0xFF, 0xFE, 0x1F, 0xFF, 0xC0, 0x06, 0x03, 0x00, 0x30, 0x18, 0x0F, 0xFF, 0xF8, 0x7F,
    0xFF, 0xC0, 0x60, 0x30, 0x03, 0xFF, 0x80, 0x1F, 0xFC, 0x00, 0xFF, 0xE0, 0x07, 0xFF, 0x00, 0x30,
    0x18, 0x1F, 0xFF, 0xFD, 0xFF, 0xFF, 0xE0, 0xE7, 0x38, 0x0F, 0x39, 0xE1, 0xFF, 0xFF, 0xCE, 0xFF,
    0xEE, 0x60, 0x70, 0x21, 0xFF, 0xFF, 0x0F, 0xFF, 0xF8, 0x3F, 0xFF, 0x80, 0x18, 0x20, 0xC1, 0x87,
    0x1C, 0x18, 0x31, 0xC1, 0x9F, 0xFE, 0x19, 0xFF, 0xE7, 0xFE, 0xDE, 0x7F, 0xFD, 0xE7, 0xFF, 0xFE,
    0x19, 0xDF, 0x61, 0x9F, 0xFE, 0x19, 0xFF, 0xE1, 0x87, 0xFC, 0x18, 0xFF, 0xE1, 0xEE, 0x0E, 0x7F,
    0xFF, 0xE7, 0xCF, 0xFE, 0x70, 0xE0, 0xE0, 0x0F, 0xFE, 0x00, 0xFF, 0xE0, 0x0E, 0x0C, 0x01, 0xC0,
    0x00, 0x1E, 0x00, 0x01, 0xFF, 0xE0, 0x1F, 0xFF, 0x03, 0xF0, 0xF0, 0x3F, 0xEF, 0x00, 0xCF, 0xF0,
    0x00, 0x7F, 0xC0, 0x7F, 0xFF, 0xF7, 0xFC, 0x7F, 0x9F, 0xFF, 0xFC, 0x3F, 0xFF, 0x81, 0xFF, 0xFC,
    0x0E, 0x38, 0xE0, 0x7F, 0xFF, 0x03, 0xFF, 0xF8, 0x1C, 0x71, 0xC0, 0xFF, 0xFE, 0x07, 0xFF, 0xF0,
    0x3F, 0xFF, 0x80, 0x06, 0x00, 0x00, 0x70, 0x00, 0x03, 0xFF, 0xF8, 0x3F, 0xFF, 0xC3, 0x80, 0x00,
    0x3F, 0xFF, 0xE1, 0xBF, 0xFF, 0x01, 0xFF, 0xF8, 0x0F, 0xFF, 0xC0, 0x70, 0x0E, 0x03, 0xFF, 0xF0,
    0x1F, 0xFF, 0x80, 0x7F, 0xF8, 0x07, 0xFF, 0xE0, 0xFE, 0x1E, 0x07, 0x7B, 0xE0, 0x11, 0xFC, 0x03,
    0xFF, 0xFF, 0xBF, 0xF7, 0xFC, 0xF8, 0x03, 0xC0, 0x00, 0xC0, 0x00, 0x38, 0x00, 0x1F, 0xFC, 0x07,
    0xFF, 0x83, 0xE0, 0xE0, 0xFE, 0x78, 0x0D, 0xFE, 0x00, 0x1F, 0x80, 0x0F, 0xFC, 0x1F, 0xFF, 0xF9,
    0xF3, 0xFF, 0xB1, 0xFF, 0xF0, 0xFC, 0x3C, 0x3F, 0xCF, 0x07, 0x3F, 0xC0, 0x03, 0xF0, 0x03, 0xFC,
    0x1F, 0xFE, 0x03, 0xFE, 0x00, 0x3E, 0x00, 0x00, 0x00, 0x60, 0x00, 0x03, 0x80, 0x1F, 0xFF, 0xFC,
    0xFF, 0xFF, 0xE7, 0xFF, 0xFF, 0x03, 0x8E, 0x00, 0x38, 0xFF, 0x81, 0xC7, 0xFE, 0x1C, 0x7F, 0xE1,
    0xE7, 0xE7, 0x1F, 0x7B, 0xF1, 0xFF, 0xEF, 0x87, 0xDB, 0xB8, 0x0E, 0x1F, 0xC0, 0x70, 0x7C, 0x03,
    0x83, 0xE0, 0x1C, 0x7F, 0xC0, 0xEF, 0xDF, 0x87, 0xF8, 0x7C, 0x3B, 0x00, 0xC0, 0x00, 0x70, 0x00,
    0x03, 0x80, 0x00, 0x1C, 0x00, 0x00, 0xE0, 0x00, 0x07, 0x00, 0x00, 0x38, 0x01, 0xFF, 0xFF, 0xCF,
    0xFF, 0xFE, 0x7F, 0xFF, 0xF0, 0x07, 0xC0, 0x00, 0x3E, 0x00, 0x03, 0xB8, 0x00, 0x1D, 0xC0, 0x01,
    0xE7, 0x00, 0x1E, 0x3C, 0x01, 0xE0, 0xF0, 0x1E, 0x03, 0xC3, 0xE0, 0x0F, 0x9E, 0x00, 0x3C, 0x60,
    0x00, 0xC0, 0x1F, 0xFF, 0xC1, 0xFF, 0xFF, 0x0F, 0xFF, 0xF8, 0x00, 0xE0, 0x00, 0x07, 0x00, 0x00,
    0x38, 0x00, 0x01, 0xC0, 0x0F, 0xFF, 0xFE, 0x7F, 0xFF, 0xF3, 0xFF, 0xFF, 0x80, 0x3E, 0x00, 0x03,
    0xF0, 0x00, 0x1D, 0xC0, 0x01, 0xEF, 0x00, 0x1E, 0x3C, 0x03, 0xE0, 0xF8, 0x7E, 0x03, 0xF3, 0xC0,
    0x07, 0x88, 0x00, 0x08, 0x0C, 0x70, 0x00, 0x73, 0x80, 0x03, 0x9C, 0x00, 0x3F, 0xFF, 0x81, 0xFF,
    0xFC, 0x1F, 0xFF, 0xE0, 0xE1, 0xC0, 0x0E, 0x0E, 0x00, 0x30, 0x70, 0x03, 0xFF, 0xFF, 0x9F, 0xFF,
    0xFC, 0xFF, 0xFF, 0xE0, 0x0F, 0x80, 0x00, 0xFE, 0x00, 0x0F, 0x78, 0x00, 0xF1, 0xE0, 0x1F, 0x07,
    0xC3, 0xF0, 0x1F, 0x9F, 0x00, 0x7C, 0xE0, 0x00, 0xE0, 0x00, 0x30, 0x03, 0x8E, 0x00, 0x7D, 0xC0,
    0x07, 0xF8, 0x00, 0x37, 0x00, 0xE0, 0xE0, 0x1F, 0x1C, 0x01, 0xF3, 0x80, 0x0E, 0x70, 0x1F, 0xFF,
    0xFF, 0xFF, 0xFF, 0xFF, 0xFF, 0xF0, 0x0E, 0x00, 0x03, 0xE0, 0x00, 0xFF, 0x00, 0x3C, 0xF8, 0x1F,
    0x0F, 0xDF, 0xC0, 0x7F, 0xF0, 0x03, 0xB0, 0x00, 0x20, 0x00, 0x70, 0x00, 0x07, 0x00, 0x00, 0x70,
    0x03, 0xFF, 0xFE, 0x7F, 0xFF, 0xE3, 0xFF, 0xFE, 0x1C, 0x73, 0x80, 0xE7, 0x38, 0x0E, 0x77, 0x00,
    0xE7, 0x70, 0x7F, 0xFF, 0xF7, 0xFF, 0xFF, 0x7F, 0xFF, 0xF0, 0x1F, 0xC0, 0x03, 0xDC, 0x00, 0x78,
    0xF0, 0x0F, 0x8F, 0x87, 0xF0, 0x3F, 0x7C, 0x01, 0xF3, 0x00, 0x06, 0x18, 0x0C, 0x00, 0xE0, 0x70,
    0x06, 0x07, 0x80, 0x30, 0x39, 0x07, 0xF3, 0x9C, 0x7F, 0x9C, 0x71, 0xFD, 0xC3, 0x86, 0x7F, 0xFE,
    0x37, 0xFF, 0xF3, 0xBF, 0xE1, 0x9D, 0xC0, 0x00, 0xEE, 0xFF, 0xC7, 0xE7, 0xFE, 0x0F, 0x38, 0x30,
    0x3D, 0xC1, 0x83, 0xFE, 0x0C, 0x3F, 0xF0, 0x63, 0xCB, 0xFF, 0x1C, 0x1F, 0xF8, 0xC0, 0xE0, 0xC0,
    0x00, 0xC0, 0x00, 0x1C, 0x03, 0xFF, 0xFF, 0xFF, 0xFF, 0xFF, 0xFF, 0xFF, 0xC0, 0x01, 0xFB, 0xFF,
    0xB8, 0xFF, 0xF0, 0x0F, 0xFE, 0x00, 0x0F, 0x00, 0x03, 0xC0, 0x7F, 0xFF, 0xFF, 0xFF, 0xFF, 0xFF,
    0xFF, 0xC0, 0x38, 0x00, 0x07, 0x00, 0x00, 0xE0, 0x00, 0xFC, 0x00, 0x1F, 0x80, 0x03, 0xE0, 0x00,
    0x01, 0xC0, 0x00, 0x1C, 0x00, 0x01, 0xC0, 0x07, 0xFF, 0xFF, 0x7F, 0xFF, 0xF3, 0xFF, 0xFE, 0x07,
    0x00, 0x00, 0xFF, 0xFE, 0x1E, 0xFF, 0xE1, 0xC0, 0x3C, 0x3C, 0x0F, 0x8F, 0xC0, 0xE0, 0xFD, 0xFF,
    0xF5, 0xDF, 0xFF, 0x1D, 0xFF, 0xF1, 0xC0, 0xE0, 0x1C, 0x0E, 0x01, 0xC3, 0xE0, 0x1C, 0x7E, 0x01,
    0xC3, 0xC0, 0x01, 0xC0, 0x00, 0x3C, 0x01, 0xFF, 0xFF, 0x7F, 0xFF, 0xEF, 0xFF, 0xFD, 0xC3, 0x83,
    0xB8, 0x70, 0x73, 0x1C, 0x06, 0xFF, 0xFF, 0xFF, 0xFF, 0xFF, 0xFF, 0xFF, 0x87, 0x0F, 0x01, 0xE1,
    0xC0, 0x3F, 0xF8, 0x03, 0xFE, 0x00, 0x0F, 0xE0, 0x0F, 0xFF, 0x0F, 0xF1, 0xF9, 0xF8, 0x0F, 0x38,
    0x00, 0x40, 0x00, 0x60, 0x00, 0x07, 0x80, 0x1F, 0xFF, 0xF8, 0xFF, 0xFF, 0xE7, 0xFF, 0xFF, 0x38,
    0x00, 0x39, 0xDF, 0xFD, 0xCF, 0xFF, 0xEC, 0x07, 0xFF, 0x00, 0x00, 0x00, 0x1F, 0xFF, 0xFC, 0xFF,
    0xFF, 0xE7, 0xFF, 0xFF, 0x01, 0xCE, 0x00, 0x0E, 0x70, 0x00, 0xE3, 0x86, 0x0F, 0x1C, 0x33, 0xF0,
    0xFF, 0x9F, 0x03, 0xFC, 0xE0, 0x0F, 0xC0, 0x00, 0x60, 0x00, 0x03, 0x80, 0x1F, 0xFF, 0xF8, 0xFF,
    0xFF, 0xE7, 0xFF, 0xFF, 0x38, 0x00, 0x39, 0xDF, 0xFD, 0xCF, 0xFF, 0xFE, 0x0F, 0xFF, 0x80, 0x03,
    0x80, 0x03, 0x9C, 0x00, 0x1C, 0xFF, 0x80, 0xE7, 0xFC, 0x0F, 0x3F, 0xE0, 0x79, 0xC0, 0x03, 0xEE,
    0x00, 0x3F, 0xF0, 0x03, 0xDF, 0xFF, 0x9C, 0x3F, 0xFC, 0xC0, 0x7F, 0xE0, 0x00, 0xC0, 0x00, 0x0E,
    0x00, 0xFF, 0xFF, 0xEF, 0xFF, 0xFE, 0xE0, 0x00, 0xEF, 0xFF, 0xFE, 0xFF, 0xFF, 0xE1, 0xFF, 0xF0,
    0x0F, 0xC3, 0x87, 0xFC, 0x78, 0xFD, 0xFF, 0x06, 0x7F, 0xE0, 0x1F, 0x7E, 0x0F, 0xCF, 0xF0, 0x73,
    0xF7, 0x00, 0xFF, 0x38, 0x7E, 0x73, 0xEF, 0xFF, 0x1E, 0x63, 0xE0, 0x60, 0x3C, 0x00, 0x00, 0x60,
    0x00, 0x03, 0x80, 0x1F, 0xFF, 0xFC, 0xFF, 0xFF, 0xE7, 0x00, 0x07, 0x39, 0xC7, 0x39, 0xDC, 0xBF,
    0x83, 0xCE, 0x78, 0x3C, 0xF9, 0xE1, 0xCF, 0xE6, 0x00, 0xF7, 0x80, 0x1F, 0x1F, 0x03, 0xFF, 0xFE,
    0x3F, 0xFF, 0xF9, 0xFF, 0xFF, 0xC1, 0xC0, 0x70, 0x0E, 0x03, 0x80, 0x7F, 0xFC, 0x03, 0xFF, 0xE0,
    0x1C, 0x07, 0x00, 0x00, 0x70, 0x00, 0x03, 0x80, 0x1F, 0xFF, 0xFC, 0xFF, 0xFF, 0xE7, 0x38, 0xC7,
    0x3F, 0xFF, 0xF9, 0xFF, 0xFF, 0xC1, 0xFF, 0xF0, 0x03, 0x8E, 0x00, 0x7F, 0xFC, 0x03, 0xFF, 0xE0,
    0x18, 0xC7, 0x00, 0xCE, 0x38, 0x06, 0x71, 0xC0, 0x33, 0xEE, 0x01, 0xBF, 0x76, 0x03, 0xF8, 0x30,
    0xFD, 0xFF, 0x9F, 0xC7, 0xFC, 0xF0, 0x3F, 0xC0, 0x00, 0x00, 0x00, 0x00, 0x60, 0x00, 0x03, 0x80,
    0x1F, 0xFF, 0xFC, 0xFF, 0xFF, 0xE7, 0x1C, 0x27, 0x38, 0xFB, 0xB9, 0xED, 0xFB, 0x83, 0x67, 0xB8,
    0x3B, 0x7B, 0xE3, 0x9F, 0x9F, 0x9F, 0xFF, 0xDC, 0xFF, 0xFE, 0x47, 0xCF, 0xC0, 0x3C, 0x38, 0xE0,
    0x71, 0xC7, 0x03, 0x8E, 0x38, 0x1C, 0x71, 0xC0, 0xFF, 0xFE, 0x07, 0xFF, 0xF0, 0x00, 0x03, 0x80,
    0x00, 0x01, 0xC0, 0x00, 0x0E, 0x00, 0x00, 0x70, 0xFF, 0x83, 0x87, 0xFC, 0x1C, 0x00, 0xFF, 0xF8,
    0x07, 0xFF, 0xC6, 0x37, 0xFE, 0x7B, 0x81, 0xC1, 0xFD, 0xCE, 0x07, 0xEE, 0x70, 0x1E, 0x3B, 0x80,
    0x79, 0xDC, 0x07, 0xE6, 0xE0, 0x3F, 0x27, 0x03, 0xBC, 0x38, 0x3C, 0xC1, 0xC3, 0xC0, 0x7E, 0x1C,
    0x03, 0xF0, 0x40, 0x0F, 0x00, 0x0E, 0x00, 0xC0, 0x70, 0x06, 0x03, 0x80, 0x30, 0xFF, 0x81, 0x87,
    0xFC, 0x0C, 0x07, 0x1F, 0xF8, 0x38, 0xFF, 0xCF, 0xFF, 0xFE, 0x7F, 0xE0, 0xC0, 0x70, 0xE6, 0x03,
    0x87, 0x30, 0xFF, 0x9D, 0x87, 0xFE, 0xEC, 0x3F, 0xE3, 0x60, 0x38, 0x03, 0x01, 0xDC, 0x18, 0x7F,
    0xE0, 0xC7, 0xFF, 0x3E, 0x1F, 0x01, 0xF0, 0x00, 0x0F, 0x80, 0x0E, 0x0E, 0x00, 0xE1, 0xE0, 0x0E,
    0x3F, 0xF6, 0xE7, 0xFF, 0x7F, 0xF0, 0xE7, 0xEF, 0xBC, 0x3E, 0x1F, 0x81, 0xE1, 0xF0, 0x0F, 0xFD,
    0xC0, 0xFF, 0x1C, 0x0F, 0xFF, 0xF1, 0xFF, 0xFF, 0x7F, 0xFF, 0xF7, 0xE6, 0x1C, 0x6E, 0x71, 0xC0,
    0xE3, 0x9C, 0x0E, 0x39, 0xC0, 0xE0, 0x1C, 0x0E, 0x0F, 0xC0, 0xE0, 0x78, 0x00, 0x70, 0x00, 0x03,
    0x80, 0x00, 0x1C, 0x00, 0x00, 0xE0, 0x00, 0x07, 0x00, 0x06, 0x38, 0xC0, 0x71, 0xCE, 0x03, 0x8E,
    0x38, 0x1C, 0x71, 0xE1, 0xE3, 0x87, 0x0E, 0x1C, 0x38, 0x70, 0xE0, 0xE7, 0x87, 0x07, 0x38, 0x38,
    0x3D, 0x81, 0xC0, 0xE0, 0x0E, 0x04, 0x00, 0x70, 0x00, 0x3F, 0x80, 0x01, 0xFC, 0x00, 0x07, 0xC0,
    0x00, 0x00, 0x60, 0x00, 0x07, 0x00, 0x00, 0x70, 0x00, 0xC7, 0x10, 0x0E, 0x73, 0x81, 0xC7, 0x1C,
    0x1C, 0x71, 0xC3, 0x87, 0x0E, 0x38, 0x70, 0x77, 0x07, 0x07, 0x70, 0x70, 0x30, 0x07, 0x18, 0x00,
    0x73, 0xC0, 0x06, 0x78, 0x00, 0x0F, 0x00, 0x03, 0xE0, 0x03, 0xF8, 0x07, 0xFF, 0x00, 0x7F, 0x80,
    0x07, 0x80, 0x00, 0x01, 0xC0, 0x70, 0xE1, 0xFC, 0x71, 0xCE, 0x38, 0xE3, 0x9C, 0xE1, 0xCE, 0x63,
    0xFF, 0xFF, 0xFF, 0xFF, 0xFF, 0xFF, 0xF0, 0x01, 0xFB, 0xFE, 0xFD, 0xFF, 0x7E, 0xE3, 0xBF, 0x71,
    0xDF, 0xBF, 0xEF, 0xDF, 0xF7, 0xEF, 0xF3, 0xF7, 0x0F, 0xF8, 0x07, 0xFC, 0x01, 0xE0, 0x0E, 0x07,
    0x00, 0x70, 0x3E, 0x1F, 0xF1, 0xF8, 0xFF, 0xCE, 0xC7, 0xFE, 0x77, 0x00, 0x0F, 0xF8, 0xFF, 0xFF,
    0xC7, 0xFF, 0xFE, 0x31, 0xC7, 0x01, 0xFE, 0x3C, 0x0F, 0xF1, 0xE0, 0x7F, 0x9F, 0x03, 0x7C, 0xF8,
    0x1B, 0xE7, 0xC0, 0xDB, 0xF6, 0x0E, 0xDF, 0xB7, 0x66, 0x79, 0xBB, 0x31, 0xCF, 0xC7, 0x9C, 0x7C,
    0x3C, 0x41, 0xC0, 0x1F, 0xFF, 0xC1, 0xFF, 0xFC, 0x1F, 0xFF, 0xC1, 0x80, 0x1C, 0x1F, 0xFF, 0xC1,
    0xFF, 0xFC, 0x18, 0x00, 0x01, 0xFF, 0xFE, 0x1F, 0xFF, 0xF1, 0xFF, 0xFE, 0x39, 0xFC, 0x63, 0xBF,
    0xE6, 0x3B, 0xFE, 0x63, 0xB8, 0xE6, 0x73, 0xFE, 0xE7, 0x3F, 0xEE, 0xE3, 0xFE, 0xE6, 0x38, 0x7E,
    0x00, 0x07, 0xC0, 0x1F, 0xFF, 0xE1, 0xFF, 0xFE, 0x1F, 0xFF, 0xE1, 0x80, 0x0E, 0x1F, 0xFF, 0xE1,
    0xFF, 0xFE, 0x18, 0x1C, 0x01, 0x81, 0xC0, 0x3F, 0xFF, 0xF3, 0xFF, 0xFF, 0x38, 0x1C, 0x03, 0x9F,
    0xFC, 0x3B, 0xFF, 0xE3, 0xBF, 0xFE, 0x3B, 0x80, 0xE7, 0x38, 0x0E, 0x73, 0xFF, 0xEF, 0x3F, 0xFE,
    0x63, 0x80, 0xE0, 0x3F, 0xFF, 0xE3, 0xFF, 0xFE, 0x38, 0x00, 0xE3, 0xFF, 0xFE, 0x3F, 0xFF, 0xE3,
    0xFF, 0xFE, 0x39, 0xC3, 0x83, 0x8C, 0x38, 0x3F, 0xFF, 0xF3, 0xFF, 0xFF, 0x38, 0xE3, 0x03, 0x8E,
    0x30, 0x3F, 0xFF, 0xF3, 0xFF, 0xFF, 0x31, 0xE3, 0x87, 0x1C, 0x30, 0x73, 0xC3, 0x0E, 0x78, 0x30,
    0x62, 0x03, 0x00, 0x7F, 0xFF, 0xCF, 0xFF, 0xF9, 0xFF, 0xFF, 0x00, 0x70, 0x00, 0x0E, 0x00, 0x01,
    0xC0, 0x00, 0x38, 0x00, 0x07, 0x00, 0x00, 0xE0, 0x00, 0x1C, 0x00, 0x03, 0x80, 0x00, 0x70, 0x00,
    0x0E, 0x00, 0x01, 0xC0, 0x3F, 0xFF, 0xFF, 0xFF, 0xFF, 0xFF, 0xFF, 0xE0, 0x01, 0xC0, 0x00, 0x1C,
    0x00, 0x01, 0xC0, 0x00, 0x18, 0x00, 0x7F, 0xFF, 0xF7, 0xFF, 0xFF, 0x03, 0x80, 0x00, 0x38, 0x00,
    0x07, 0x00, 0x00, 0x7F, 0xFE, 0x0F, 0xFF, 0xE0, 0xFF, 0xFE, 0x1E, 0x1C, 0x01, 0xC1, 0xC0, 0x3C,
    0x1C, 0x07, 0x81, 0xC0, 0xF0, 0x1C, 0x0E, 0x7F, 0xFF, 0x47, 0xFF, 0xF0, 0x7F, 0xFF, 0x7F, 0xFF,
    0x0F, 0xFF, 0xF1, 0xFF, 0xFE, 0x00, 0x01, 0xC3, 0x00, 0x38, 0xE0, 0x07, 0x1C, 0x00, 0xE3, 0xFF,
    0xFC, 0x7F, 0xFF, 0x8F, 0xFF, 0xF1, 0xC0, 0x0E, 0x38, 0x00, 0x07, 0x00, 0x04, 0xE0, 0x01, 0xDC,
    0x00, 0x39, 0xC0, 0x0F, 0x3F, 0xFF, 0xE7, 0xFF, 0xF8, 0x1F, 0xF8, 0x00, 0x00, 0xC0, 0x00, 0x1C,
    0x00, 0x01, 0xC0, 0x07, 0xFF, 0xFF, 0x7F, 0xFF, 0xF7, 0xFF, 0xFF, 0x07, 0x38, 0x00, 0xF3, 0x80,
    0x0E, 0x38, 0xC1, 0xFF, 0xFE, 0x3F, 0xFF, 0xE7, 0xE3, 0x8E, 0xFE, 0x38, 0xE6, 0xE3, 0x8E, 0x0E,
    0x38, 0xE0, 0xE3, 0xBE, 0x0E, 0x3F, 0xE0, 0xE3, 0xBC, 0x00, 0x38, 0x00, 0x03, 0x80, 0x08, 0x01,
    0x81, 0xF8, 0x7C, 0x0F, 0xFF, 0x00, 0x1F, 0xE0, 0x3F, 0xFF, 0x83, 0xFC, 0x7C, 0x19, 0xC0, 0x87,
    0xFF, 0xFF, 0x7F, 0xFF, 0xF0, 0x7B, 0x00, 0x0F, 0x30, 0x01, 0xFF, 0xFC, 0x3F, 0xFF, 0xC7, 0xFF,
    0xFC, 0x7E, 0x30, 0xC0, 0xE3, 0x0C, 0x0E, 0x37, 0xC0, 0xE3, 0x7C, 0x0E, 0x33, 0x80, 0x03, 0x00,
    0x1C, 0xE7, 0x03, 0x9C, 0xE3, 0xFF, 0xFF, 0xFF, 0xFF, 0xFF, 0xFF, 0xFE, 0x39, 0xCE, 0x07, 0x39,
    0xC7, 0xFF, 0xFF, 0xFF, 0xFF, 0xFC, 0x1C, 0x1F, 0x83, 0x83, 0xFF, 0xFF, 0xF3, 0xFF, 0xF8, 0x71,
    0xC7, 0x0E, 0x38, 0xE1, 0xC7, 0x1C, 0x38, 0xEF, 0x87, 0x1D, 0xE0, 0x03, 0x80, 0x00, 0x70, 0x00,
    0x03, 0x0E, 0x03, 0xFF, 0xFF, 0x9F, 0xFF, 0xFC, 0xFF, 0xFF, 0xC1, 0xFF, 0xFC, 0x0F, 0xFF, 0xE0,
    0x7F, 0xFF, 0x03, 0xFF, 0xF8, 0x1C, 0x01, 0xC0, 0xFF, 0xFE, 0x07, 0xFF, 0xF0, 0xFF, 0xFF, 0xE7,
    0xFF, 0xFF, 0x0F, 0x39, 0xC1, 0xFF, 0xFF, 0xDF, 0xFF, 0xFE, 0x6E, 0x73, 0xB0, 0x73, 0xBC, 0x03,
    0x9D, 0xE0, 0x00, 0xE0, 0x00, 0x7F, 0xFF, 0xCF, 0xFF, 0xF9, 0xFF, 0xFF, 0x0C, 0x71, 0x83, 0x8E,
    0x38, 0x39, 0xCE, 0x07, 0x39, 0xC0, 0x67, 0x70, 0x0C, 0xEE, 0x1F, 0xFF, 0xFF, 0xFF, 0xFF, 0xFF,
    0xFF, 0xF0, 0x0E, 0x00, 0x01, 0xC0, 0x00, 0x38, 0x00, 0x07, 0x00, 0x00, 0xE0, 0x00, 0x1C, 0x00,
    0x03, 0x80, 0x00, 0x0C, 0x06, 0x03, 0xC0, 0xE0, 0x38, 0x38, 0x07, 0x87, 0x07, 0xFF, 0xFD, 0xFF,
    0xFF, 0xFF, 0xFF, 0xF8, 0x70, 0x70, 0x0E, 0x0E, 0x01, 0xC1, 0xC3, 0xFF, 0xFF, 0xFF, 0xFF, 0xFF,
    0xFF, 0xFE, 0x1C, 0x1C, 0x03, 0x83, 0x80, 0xE0, 0x70, 0x3C, 0x0E, 0x0F, 0x01, 0xC3, 0xC0, 0x38,
    0x30, 0x07, 0x00, 0x00, 0x30, 0x00, 0x03, 0x80, 0x3F, 0xFF, 0xF3, 0xFF, 0xFF, 0x3F, 0xFF, 0xF3,
    0xBF, 0xF8, 0x3B, 0xFF, 0xC3, 0xBF, 0xFC, 0x38, 0xE7, 0x83, 0x8F, 0xE0, 0x38, 0x3E, 0x03, 0xFF,
    0xFF, 0x3F, 0xFF, 0xF3, 0x01, 0xCE, 0x30, 0x1D, 0xC7, 0x01, 0xDC, 0x70, 0x1C, 0x07, 0x01, 0xC0,
    0xE1, 0xF8, 0x06, 0x0F, 0x80, 0x00, 0x70, 0x00, 0x03, 0x80, 0x00, 0x38, 0x03, 0xFF, 0xFF, 0x3F,
    0xFF, 0xF3, 0x80, 0x00, 0x38, 0x30, 0xE3, 0xF3, 0x0E, 0x3F, 0x38, 0xE3, 0xBB, 0x9C, 0x3B, 0xB9,
    0xC3, 0xB9, 0x9C, 0x39, 0xDF, 0x83, 0x9D, 0xB8, 0x31, 0xC7, 0x07, 0x00, 0x70, 0x70, 0x0E, 0x07,
    0xFF, 0xFF, 0xFF, 0xFF, 0xF6, 0x00, 0x00, 0x00, 0x30, 0x00, 0x01, 0xC0, 0x0F, 0xFF, 0xFC, 0x7F,
    0xFF, 0xE3, 0xFF, 0xFF, 0x1C, 0x0F, 0xE0, 0xEF, 0xFF, 0x87, 0x7F, 0xC0, 0x3B, 0x8E, 0x01, 0xDC,
    0x70, 0x0E, 0xFF, 0xF8, 0x77, 0xFF, 0xE3, 0xBF, 0xFE, 0x19, 0xC3, 0x80, 0xCE, 0xFC, 0x0E, 0x73,
    0xE6, 0x73, 0xFF, 0xB3, 0xBF, 0xFF, 0xB9, 0xF3, 0x7C, 0xC4, 0x11, 0xC0, 0x00, 0x30, 0x00, 0x01,
    0xC0, 0x0F, 0xFF, 0xFC, 0x7F, 0xFF, 0xE3, 0xFF, 0xFF, 0x1C, 0x61, 0xC0, 0xFF, 0xFF, 0xC7, 0xFF,
    0xFE, 0x38, 0xC3, 0x81, 0xC7, 0xFC, 0x0E, 0x3F, 0xE0, 0x71, 0xFF, 0x03, 0xFF, 0xFC, 0x1F, 0xFF,
    0xE0, 0xC7, 0x0F, 0x0E, 0x3E, 0xF0, 0x70, 0x7F, 0x03, 0xFF, 0xFF, 0x3B, 0xFF, 0xFC, 0xCE, 0x03,
    0xC0, 0x00, 0x0C, 0x03, 0xF0, 0xE0, 0x1F, 0xBF, 0xF8, 0xFD, 0xFF, 0xC0, 0xDF, 0xFE, 0x0E, 0xFF,
    0xF8, 0x67, 0xFF, 0xC7, 0xDF, 0xFC, 0x7E, 0xFF, 0xE3, 0xF7, 0xFF, 0x03, 0xBF, 0xF8, 0xFF, 0xFF,
    0xC7, 0xEF, 0xFC, 0x1E, 0xFF, 0xF8, 0xF7, 0xFF, 0xC3, 0x83, 0x80, 0x3F, 0x9C, 0x03, 0xFF, 0xFF,
    0x9C, 0xFF, 0xFC, 0xC0, 0x7F, 0xE0, 0x7F, 0xFF, 0xDF, 0xFF, 0xFF, 0xFF, 0xFF, 0x87, 0x07, 0x00,
    0xE0, 0xE0, 0x1C, 0x1C, 0x03, 0x83, 0x80, 0x70, 0x70, 0xFF, 0xFF, 0xFF, 0xFF, 0xFD, 0xFF, 0xFF,
    0x07, 0x07, 0x00, 0xE0, 0xE0, 0x3C, 0x1C, 0x07, 0x03, 0x81, 0xE0, 0x70, 0x78, 0x0E, 0x1E, 0x01,
    0xC1, 0x80, 0x38, 0x00, 0x00, 0x39, 0x00, 0x03, 0xB8, 0x00, 0x3B, 0xC0, 0x03, 0x8C, 0xFF, 0xFF,
    0xEF, 0xFF, 0xFE, 0x00, 0x38, 0x00, 0x03, 0x80, 0x7F, 0x98, 0x0F, 0xFD, 0xC0, 0x7F, 0xDC, 0x00,
    0xE1, 0xC0, 0x0E, 0x1C, 0x00, 0xE1, 0xC0, 0x0E, 0x0E, 0x60, 0xFE, 0xE7, 0x3F, 0xEF, 0x6F, 0xFC,
    0x7E, 0xF8, 0x03, 0xE0, 0x00, 0x1C, 0x00, 0x01, 0xBF, 0xF0, 0xDF, 0xF8, 0x67, 0xFC, 0x30, 0x0E,
    0x18, 0x07, 0x0D, 0xFF, 0x86, 0xFF, 0xC3, 0x70, 0x01, 0xB8, 0x00, 0xDF, 0xF0, 0x6F, 0xFC, 0x37,
    0xFE, 0x18, 0x07, 0x0C, 0x03, 0x86, 0x01, 0x83, 0x01, 0xC1, 0x8F, 0xE0, 0xC7, 0xF0, 0x61, 0xF0,
    0x30, 0x00, 0x41, 0x8F, 0xEE, 0x1C, 0xFE, 0x73, 0x8F, 0xE7, 0x38, 0x0E, 0xFF, 0xC6, 0xFF, 0xFE,
    0xFF, 0xFF, 0xEF, 0xFD, 0xCE, 0xE1, 0xFF, 0xEE, 0x1F, 0xFE, 0xFD, 0xDC, 0xEF, 0xFF, 0xFE, 0xFD,
    0xFF, 0xE0, 0xC1, 0xC0, 0x0F, 0xFF, 0xE0, 0xFF, 0xFE, 0x1D, 0xFF, 0xEF, 0xC1, 0xC0, 0xFC, 0x1C,
    0x07, 0x81, 0xC0, 0x01, 0xC0, 0x30, 0xE1, 0xF8, 0x71, 0xEE, 0x38, 0xE3, 0x9C, 0x61, 0xCE, 0x70,
    0xC7, 0x30, 0xFF, 0xFE, 0xFF, 0xFF, 0xFF, 0xFF, 0xC0, 0x00, 0xE0, 0x00, 0x77, 0xFF, 0xFB, 0xFF,
    0xFC, 0xFF, 0xFE, 0x00, 0x07, 0x7F, 0xFF, 0xFF, 0xFF, 0xFF, 0xFF, 0xE0, 0x00, 0x70, 0x7F, 0xFF,
    0x8F, 0xFF, 0xF1, 0xFF, 0xFE, 0x0F, 0xFF, 0xC3, 0xFF, 0xF8, 0x7F, 0xFE, 0x00, 0x01, 0xC7, 0xFF,
    0xFF, 0xFF, 0xFF, 0xE6, 0x1C, 0x31, 0xF3, 0x8F, 0x1F, 0x7F, 0xC0, 0xFF, 0xE0, 0x0F, 0xF8, 0x0F,
    0xFF, 0xC7, 0xF7, 0x7E, 0xF8, 0xE3, 0xE8, 0xFC, 0x38, 0x1F, 0x00, 0x00, 0x04, 0x00, 0x00, 0xEF,
    0xFE, 0x1C, 0xFF, 0xE3, 0x8F, 0xFE, 0x70, 0xFF, 0xE6, 0x6F, 0xFE, 0x0E, 0xFF, 0xE1, 0xEF, 0xFE,
    0x3C, 0x00, 0x07, 0xDF, 0xFF, 0xFD, 0xFF, 0xFF, 0xC0, 0x18, 0x5D, 0xFF, 0xF1, 0xFF, 0xFF, 0x1D,
    0xFF, 0xF1, 0xCF, 0x18, 0x1C, 0x71, 0x81, 0xC3, 0x38, 0x1C, 0x0F, 0x81, 0xC0, 0xF8, 0x00, 0x60,
    0x00, 0x07, 0x00, 0x7F, 0xFF, 0xF7, 0xFF, 0xFF, 0x7F, 0xFF, 0xF0, 0xC0, 0x00, 0x0C, 0x00, 0x00,
    0xC0, 0x00, 0x0F, 0xFF, 0xE0, 0xFF, 0xFE, 0x00, 0x60, 0x00, 0x0F, 0x00, 0x07, 0x70, 0xC3, 0xF3,
    0x8E, 0x3F, 0x18, 0xE7, 0x70, 0x3F, 0x77, 0x03, 0xF7, 0x7F, 0xFF, 0x23, 0xFF, 0x00, 0x0F, 0xC0,
    0x1C, 0x0C, 0x00, 0xE0, 0xE0, 0x07, 0x07, 0x00, 0x39, 0xFF, 0xC7, 0xEF, 0xFE, 0x3F, 0xFF, 0xF1,
    0xFC, 0x73, 0x8F, 0xE3, 0x9C, 0xFE, 0x1C, 0xE7, 0xEF, 0xFF, 0x97, 0x7F, 0xFC, 0x3B, 0xFF, 0xE1,
    0xC1, 0xE0, 0x0E, 0x0F, 0x80, 0x70, 0xFE, 0x03, 0x8F, 0x70, 0x1C, 0xF3, 0xE0, 0xEF, 0x0F, 0x87,
    0xF0, 0x3C, 0x3B, 0x00, 0x60, 0x07, 0x00, 0x00, 0x70, 0x00, 0x0F, 0xFF, 0xE1, 0xFF, 0xFE, 0x1F,
    0xFF, 0xE7, 0x9C, 0xEE, 0x73, 0x9C, 0xE2, 0x7B, 0xCE, 0x0F, 0x38, 0xC3, 0xE7, 0x1C, 0x1D, 0xEF,
    0xC0, 0x1C, 0x7C, 0x06, 0xF7, 0x03, 0xF7, 0x1C, 0x37, 0x38, 0xE7, 0x73, 0xBE, 0x77, 0x03, 0x76,
    0x7F, 0xF7, 0x27, 0xFF, 0x00, 0x3F, 0xE0, 0x00, 0x70, 0x00, 0x03, 0x80, 0x00, 0x1C, 0x00, 0xFF,
    0xFF, 0xE7, 0xFF, 0xFF, 0x1F, 0xFF, 0xF0, 0x07, 0xF0, 0x00, 0x7B, 0xC0, 0x07, 0xCF, 0x00, 0xFF,
    0xBF, 0x1F, 0xBE, 0xFC, 0xF8, 0x71, 0xE2, 0x0F, 0x0E, 0x1F, 0xB8, 0xE0, 0xFC, 0xE3, 0x87, 0xE3,
    0x7C, 0x77, 0x03, 0xF3, 0xBF, 0xFB, 0x98, 0xFF, 0xDC, 0x03, 0xFC, 0x00, 0x18, 0x30, 0x00, 0xE1,
    0x80, 0x07, 0x0C, 0x00, 0x3B, 0xFF, 0xE7, 0xFF, 0xFF, 0x3F, 0xFF, 0xF9, 0xFD, 0xCE, 0x0F, 0xEC,
    0x74, 0x7E, 0x6F, 0x77, 0xE7, 0xFB, 0x97, 0x3E, 0xD8, 0x39, 0xB6, 0xC1, 0xDD, 0xFE, 0x0E, 0xEB,
    0xA0, 0x7E, 0x1E, 0x03, 0xF1, 0xF0, 0x1F, 0x1D, 0xC0, 0xE1, 0xE7, 0x87, 0x1E, 0x1C, 0x38, 0xC0,
    0x40, 0x00, 0x70, 0x00, 0x07, 0x00, 0x0F, 0xFF, 0x81, 0xFF, 0xF8, 0x1C, 0x03, 0x81, 0xFF, 0xF8,
    0x1F, 0xFF, 0x81, 0xC0, 0x38, 0x1F, 0xFF, 0x81, 0xFF, 0xF8, 0x1F, 0xFF, 0x81, 0xFF, 0xF8, 0x0F,
    0xFF, 0x81, 0x67, 0x0C, 0x3F, 0x38, 0xE3, 0xF3, 0xBE, 0x77, 0x13, 0xF7, 0x7F, 0xF7, 0x67, 0xFF,
    0x00, 0x1F, 0xE0, 0x18, 0x0C, 0x00, 0xC0, 0x70, 0x06, 0x7F, 0xFC, 0x3F, 0xFF, 0xE7, 0xFF, 0xFE,
    0x3F, 0xFF, 0xF1, 0xF8, 0x30, 0x0F, 0x7F, 0xFE, 0xFB, 0xFF, 0xF7, 0xC7, 0xFF, 0x16, 0x7F, 0xF8,
    0x33, 0x81, 0xC1, 0x9F, 0xFE, 0x0C, 0xFF, 0xF0, 0x67, 0x03, 0x83, 0x3F, 0xFC, 0x19, 0xFF, 0xE0,
    0xCE, 0x07, 0x06, 0x70, 0xF8, 0x33, 0x87, 0x80, 0x1C, 0x00, 0x00, 0xE3, 0xFF, 0x07, 0x1F, 0xF8,
    0x3B, 0xCD, 0xE7, 0xFF, 0xFF, 0x3F, 0xFF, 0xF9, 0xFF, 0xFF, 0x8F, 0xFF, 0xFC, 0x7E, 0xFF, 0xC7,
    0xE7, 0xFF, 0x17, 0x3F, 0xF8, 0x39, 0x89, 0xC1, 0xCC, 0xEE, 0x0E, 0x67, 0x70, 0x73, 0x3B, 0x83,
    0x9B, 0x9C, 0x1C, 0x3F, 0x80, 0xEF, 0xDF, 0x07, 0xFC, 0x3C, 0x3B, 0x80, 0x60, 0x00, 0xE0, 0x0F,
    0xFF, 0xF1, 0xFF, 0xFF, 0x3F, 0xFF, 0xE0, 0xE0, 0xE1, 0xFF, 0xFF, 0xFF, 0xFF, 0xF8, 0xFF, 0xF8,
    0x3F, 0xFF, 0x87, 0x00, 0x70, 0xFF, 0xFE, 0x1F, 0xFF, 0xC3, 0xFF, 0xF8, 0x7F, 0xFE, 0x08, 0xF8,
    0x41, 0xB7, 0x9C, 0x76, 0x2F, 0xDE, 0xFF, 0xDF, 0x9F, 0xF3, 0x81, 0xFE, 0x00, 0x18, 0x00, 0x00,
    0xC7, 0xFF, 0x06, 0x3F, 0xF8, 0x31, 0xFF, 0xC7, 0xEF, 0xFE, 0x3F, 0x7F, 0xF1, 0xFF, 0xFF, 0x8F,
    0x7F, 0xFE, 0x79, 0xFF, 0xF6, 0xCD, 0xDB, 0x96, 0x7F, 0xFC, 0x33, 0xFF, 0xE1, 0x9F, 0xFE, 0x0D,
    0xFF, 0xF0, 0x67, 0xFF, 0x83, 0x0F, 0x78, 0x18, 0x3F, 0x80, 0xCF, 0xFF, 0x06, 0xFF, 0xFC, 0x37,
    0x81, 0xE0, 0x00, 0x19, 0x00, 0x00, 0xFE, 0x00, 0x07, 0x78, 0x3F, 0xFF, 0xE3, 0xFF, 0xFF, 0x1F,
    0xFF, 0xF8, 0xE0, 0x70, 0x07, 0x03, 0x9C, 0x3F, 0xDC, 0xE1, 0xFE, 0xEE, 0x0E, 0x77, 0x70, 0x73,
    0x9F, 0x03, 0x9C, 0xF8, 0x1C, 0xE7, 0x80, 0xE7, 0x3C, 0xC6, 0xFB, 0xE6, 0x77, 0xBF, 0x33, 0x87,
    0xDF, 0xBC, 0x3C, 0xFC, 0xC0, 0xC1, 0xC0, 0x00, 0x3B, 0x00, 0x03, 0xF8, 0x00, 0x3B, 0xCF, 0xFF,
    0xFE, 0xFF, 0xFF, 0xEF, 0xFF, 0xFE, 0x00, 0x38, 0x07, 0xFB, 0x9C, 0x7F, 0xB9, 0xC7, 0x3B, 0xB8,
    0x73, 0x9F, 0x87, 0x39, 0xF8, 0x7F, 0x9F, 0x07, 0xF9, 0xE0, 0x00, 0xDE, 0x61, 0xFF, 0xE6, 0xFF,
    0xFF, 0x6F, 0xEF, 0x7E, 0xC1, 0xE7, 0xE0, 0x0C, 0x3C, 0x07, 0x0C, 0x00, 0x38, 0x7E, 0x0F, 0xFB,
    0xF8, 0x7F, 0xDD, 0xE0, 0x70, 0xE6, 0x3F, 0xFF, 0xF9, 0xFF, 0xFF, 0xC3, 0xF1, 0xC0, 0x1F, 0x8E,
    0x61, 0xFF, 0xF7, 0x1F, 0xFF, 0xB8, 0xFF, 0xCF, 0x87, 0xFF, 0x7C, 0x1C, 0xC3, 0xC0, 0xFF, 0x9E,
    0x87, 0xFC, 0xE6, 0x3F, 0xEF, 0xB1, 0xFF, 0xFF, 0x8F, 0xFF, 0x7C, 0x30, 0x31, 0xC0, 0x00, 0x60,
    0x00, 0x1C, 0x00, 0x07, 0x00, 0x7F, 0xFF, 0x1F, 0xFF, 0xC7, 0xFF, 0xF1, 0xC0, 0x1C, 0x70, 0x07,
    0x1C, 0x01, 0xC7, 0xFF, 0xF1, 0xFF, 0xFC, 0x7F, 0xFF, 0x18, 0x00, 0xCE, 0x00, 0x03, 0x80, 0x00,
    0xE0, 0x00, 0x78, 0x00, 0x1C, 0x00, 0x0F, 0x00, 0x01, 0x80, 0x00, 0x00, 0x00, 0x20, 0x3E, 0x1F,
    0x0F, 0xF7, 0xFC, 0x7E, 0x3F, 0x03, 0x01, 0xC0, 0x1F, 0xEE, 0x00, 0xFF, 0x70, 0x07, 0xFB, 0xFE,
    0x31, 0xDF, 0xF1, 0x8E, 0xFF, 0x8F, 0xF6, 0x30, 0x7F, 0xB1, 0x87, 0xF9, 0x8C, 0x38, 0x1C, 0x61,
    0xC0, 0xE3, 0x0E, 0x07, 0x18, 0x70, 0x70, 0xC3, 0x03, 0x86, 0x38, 0x38, 0x30, 0xC0, 0xC1, 0x80,
    0x00, 0x01, 0x80, 0x1F, 0xFC, 0x3F, 0xFF, 0xC3, 0xFF, 0x00, 0x00, 0x70, 0x00, 0x07, 0x00, 0x3F,
    0xFF, 0xE3, 0xFF, 0xFE, 0x3F, 0xFF, 0xE0, 0x07, 0x00, 0x00, 0x70, 0x07, 0xFF, 0xFF, 0x7F, 0xFF,
    0xF7, 0xFF, 0xFF, 0x00, 0x70, 0x00, 0x07, 0x00, 0x00, 0x70, 0x00, 0x7F, 0x00, 0x07, 0xF0, 0x00,
    0x7E, 0x00, 0x0C, 0x00, 0x00, 0xE0, 0x00, 0x07, 0x3F, 0xFC, 0x39, 0xFF, 0xE7, 0xFF, 0xFF, 0x3F,
    0xC1, 0xC1, 0xFE, 0x0E, 0x03, 0x80, 0x70, 0x1C, 0x03, 0x80, 0xFC, 0x1C, 0x0F, 0xE0, 0xE0, 0xFF,
    0x07, 0x07, 0xC0, 0x38, 0x0E, 0x01, 0xC0, 0x70, 0x0E, 0x03, 0x80, 0x70, 0x1C, 0x03, 0x83, 0xE1,
    0xFC, 0x1F, 0x07, 0xE0, 0x70, 0x3E, 0x00, 0x0C, 0x00, 0x03, 0x80, 0x00, 0x73, 0xFF, 0x8E, 0x7F,
    0xF7, 0xFF, 0xFE, 0xFF, 0x00, 0xDF, 0xC0, 0x18, 0xE0, 0x03, 0x1C, 0x00, 0x63, 0xFF, 0xFC, 0xFF,
    0xFF, 0xFF, 0xC0, 0x37, 0xC0, 0x06, 0x38, 0x00, 0xC7, 0x00, 0x18, 0xE0, 0x03, 0x1C, 0xFF, 0xE7,
    0x9F, 0xFD, 0xF1, 0xFF, 0x9C, 0x00, 0x30, 0x1C, 0x18, 0x00, 0xE0, 0xDC, 0x07, 0x06, 0xF0, 0x38,
    0x33, 0xC7, 0xF1, 0xCC, 0x7F, 0x9F, 0xF9, 0xFF, 0xFF, 0xC3, 0x9F, 0xF8, 0x1C, 0x1C, 0x60, 0xF8,
    0xE7, 0x0F, 0xE7, 0x79, 0xFE, 0x1F, 0x87, 0xC0, 0xF8, 0x0E, 0x07, 0xC0, 0x70, 0x3C, 0xC3, 0x87,
    0xE7, 0x1C, 0x7F, 0xB3, 0xEF, 0x9F, 0x9F, 0x38, 0x7C, 0xF0, 0x01, 0xC0, 0x1C, 0x0C, 0x00, 0xE0,
    0x70, 0x07, 0x03, 0x80, 0x38, 0x1C, 0x07, 0xFF, 0xFF, 0xBF, 0xFF, 0xFD, 0xFC, 0x00, 0x03, 0x87,
    0xF0, 0x1C, 0x7F, 0xC0, 0xFB, 0xFE, 0x0F, 0xDC, 0x71, 0xFE, 0xE3, 0x8F, 0xC7, 0x1C, 0x0E, 0x38,
    0xE0, 0x71, 0xC7, 0x03, 0x8E, 0x3F, 0x1C, 0xE1, 0xFB, 0xEF, 0x0F, 0xDF, 0xF0, 0x7C, 0xF3, 0x01,
    0xE0, 0x1C, 0x00, 0x00, 0xE7, 0xFF, 0x07, 0x3F, 0xF8, 0x39, 0xC1, 0xC7, 0xFE, 0x0E, 0x3F, 0xF3,
    0xF1, 0xFF, 0x9F, 0x83, 0x9C, 0xF0, 0x1C, 0xFF, 0xF0, 0xFF, 0xFF, 0x8F, 0xFF, 0xF9, 0xFF, 0xF9,
    0xC7, 0xCE, 0xEE, 0x0E, 0x77, 0xE0, 0x73, 0x9F, 0x03, 0x9C, 0xF0, 0x1C, 0xE7, 0xC3, 0xE7, 0xFF,
    0x9F, 0x3F, 0x3C, 0xF1, 0xF0, 0x40, 0x1C, 0x39, 0x00, 0xE1, 0xDE, 0x07, 0x0E, 0x78, 0x38, 0x71,
    0xC7, 0xFF, 0xFF, 0x7F, 0xFF, 0xF9, 0xFC, 0xE0, 0x03, 0x87, 0x00, 0x1C, 0x3F, 0xE0, 0xF9, 0xFF,
    0x07, 0xCE, 0x39, 0xFE, 0xF1, 0x87, 0xC7, 0xDC, 0x2E, 0x3E, 0xE0, 0x73, 0xBE, 0x03, 0x9C, 0xF0,
    0x1D, 0xCF, 0xC0, 0xFF, 0xFF, 0x9F, 0xEF, 0x3C, 0xF2, 0x60, 0xE0, 0x1C, 0x00, 0x00, 0xE7, 0xFF,
    0x07, 0x3F, 0xF8, 0x38, 0xFF, 0xC7, 0xF3, 0x9C, 0x3F, 0x8F, 0xC1, 0xFC, 0x7C, 0x03, 0x87, 0xF8,
    0x1D, 0xFB, 0xF0, 0xFF, 0x77, 0x8F, 0xC3, 0x81, 0xFD, 0xFF, 0xC7, 0xCF, 0xFE, 0x0E, 0x07, 0x00,
    0x73, 0xFF, 0xC3, 0xBF, 0xFE, 0x1D, 0xFF, 0xF1, 0xE0, 0x70, 0x1F, 0x03, 0x80, 0xF0, 0x1C, 0x00,
    0x18, 0x06, 0x00, 0xE0, 0x30, 0x07, 0x03, 0x80, 0x39, 0xFF, 0xE7, 0xEF, 0xFE, 0x7F, 0x83, 0x01,
    0xF8, 0x18, 0x03, 0xBF, 0xFE, 0x1D, 0xFF, 0xF0, 0xF0, 0x0E, 0x0F, 0xFF, 0xF9, 0xFF, 0xFF, 0xEF,
    0xDF, 0xFF, 0x0E, 0x30, 0xE0, 0x71, 0xC7, 0x03, 0x87, 0x38, 0x1C, 0x39, 0xC1, 0xE0, 0x8E, 0x1E,
    0x01, 0xF0, 0xF0, 0x0F, 0x00, 0x1C, 0x60, 0x00, 0xE3, 0x06, 0x07, 0x19, 0xF8, 0x38, 0xFF, 0x87,
    0xF7, 0xE2, 0x7F, 0xB0, 0x19, 0xFD, 0x80, 0xC3, 0x8F, 0xFE, 0x1C, 0x7F, 0xE0, 0xF8, 0x00, 0x0F,
    0xDF, 0xF9, 0xFE, 0xFF, 0xC7, 0xC6, 0x06, 0x0E, 0x3F, 0xF0, 0x71, 0xFF, 0x83, 0x8F, 0xFC, 0x1C,
    0x60, 0x60, 0xE3, 0xFF, 0x1F, 0x1F, 0xF8, 0xF0, 0xC0, 0xC0, 0x1C, 0x0E, 0x00, 0xE0, 0x70, 0x07,
    0x03, 0x80, 0x39, 0xFF, 0xE7, 0xFF, 0xFF, 0x7F, 0xE6, 0x39, 0xFF, 0x71, 0xC3, 0x9B, 0x86, 0x1D,
    0xFF, 0xF0, 0xEF, 0xFF, 0x87, 0xFF, 0xFC, 0xFE, 0xE3, 0x8F, 0xE7, 0x1C, 0x3E, 0x7D, 0xC0, 0x71,
    0xFE, 0x03, 0x83, 0xF0, 0x1C, 0x1F, 0xC0, 0xE7, 0xFF, 0x9F, 0x7E, 0x3C, 0xF1, 0xC0, 0x40, 0x18,
    0x00, 0x01, 0x9F, 0xFF, 0x19, 0xFF, 0xF1, 0x9F, 0xFF, 0x7F, 0x9C, 0x77, 0xF9, 0x87, 0x7E, 0xFF,
    0xE1, 0x8F, 0xFE, 0x18, 0x76, 0x01, 0xA7, 0x60, 0x3E, 0xFF, 0xEF, 0xEF, 0xFE, 0x78, 0xFF, 0xE1,
    0x80, 0x60, 0x1B, 0xFF, 0xF1, 0xBF, 0xFF, 0x19, 0xFF, 0xF7, 0x80, 0x60, 0x78, 0x06, 0x07, 0x00,
    0x60, 0x18, 0x18, 0x00, 0xE1, 0xC0, 0x07, 0x0F, 0xF0, 0x38, 0xFF, 0x87, 0xEE, 0x3C, 0x3F, 0xFF,
    0xF1, 0xFF, 0xFF, 0x83, 0x9F, 0xFC, 0x1C, 0xEE, 0xE0, 0xF7, 0x77, 0x0F, 0xFB, 0xB9, 0xFF, 0xFF,
    0xC7, 0xDF, 0xFF, 0x0E, 0xFF, 0xF8, 0x70, 0x7C, 0x03, 0x87, 0xF0, 0x1C, 0x73, 0xC3, 0xCF, 0x0F,
    0x9E, 0xF0, 0x3C, 0xF7, 0x00, 0x60, 0x18, 0x00, 0x01, 0x8F, 0xFF, 0x18, 0xFF, 0xF1, 0x8E, 0x07,
    0x7F, 0xC0, 0x7F, 0xFF, 0xFF, 0x7F, 0xFF, 0xF1, 0x8E, 0x70, 0x18, 0xC7, 0x01, 0xEF, 0xFF, 0x3F,
    0xFF, 0xFF, 0xFC, 0x70, 0xF9, 0xC7, 0x01, 0x9F, 0xFF, 0x19, 0xFF, 0xF1, 0x9F, 0x07, 0x1B, 0xB0,
    0x77, 0xBB, 0xFF, 0x7B, 0xBF, 0xF7, 0x13, 0x07, 0x1C, 0x19, 0x80, 0xE0, 0xDC, 0x07, 0x06, 0xE0,
    0x38, 0xF7, 0xC7, 0xFF, 0xBF, 0x3F, 0xFD, 0xF9, 0xFC, 0x6E, 0x03, 0x83, 0x70, 0x1C, 0xFB, 0xF0,
    0xFF, 0xDF, 0x8F, 0xC6, 0xE1, 0xFE, 0x37, 0x07, 0xCF, 0xBF, 0x0E, 0xFD, 0xF8, 0x73, 0xEF, 0xC3,
    0x83, 0x70, 0x1C, 0x1B, 0x81, 0xE0, 0xDC, 0x1F, 0x06, 0xE0, 0x70, 0x37, 0x00, 0x18, 0x0C, 0x00,
    0xC0, 0x70, 0x06, 0x3F, 0xFC, 0x31, 0xFF, 0xE7, 0xEF, 0xFE, 0x7F, 0x38, 0xE1, 0xF8, 0xEE, 0x03,
    0x3F, 0xFE, 0x19, 0xFF, 0xF0, 0xF0, 0xE0, 0x0F, 0x87, 0x01, 0xFF, 0xFF, 0xFF, 0x9F, 0xFF, 0x0C,
    0x38, 0xE0, 0x63, 0xCE, 0x03, 0x1F, 0xF0, 0x18, 0x1F, 0x83, 0xCF, 0xFF, 0x1E, 0x7E, 0x7C, 0xE3,
    0xC0, 0xC0, 0x18, 0x0C, 0x00, 0xC0, 0x70, 0x06, 0x3F, 0xFC, 0x33, 0xFF, 0xE7, 0xFF, 0xFF, 0x7F,
    0xE8, 0x99, 0xFF, 0xEE, 0xC3, 0x0F, 0x78, 0x18, 0xF0, 0xE0, 0xD7, 0x03, 0x87, 0xBF, 0xF9, 0xFD,
    0xFF, 0xCF, 0xCF, 0xFE, 0x2C, 0x07, 0x00, 0x60, 0x38, 0x03, 0x01, 0xC0, 0x18, 0x0E, 0x03, 0xCF,
    0xFF, 0xDE, 0xFF, 0xFE, 0xE0, 0x00, 0x00, 0x1C, 0x32, 0x01, 0xC3, 0xF0, 0x1C, 0x73, 0x81, 0xC7,
    0x38, 0xFF, 0xFF, 0xFF, 0xFF, 0xFF, 0x7F, 0xE3, 0x01, 0xFE, 0x30, 0x1F, 0xFF, 0xF1, 0xF7, 0xFF,
    0x3F, 0x63, 0x0F, 0xF6, 0x30, 0xFC, 0x7F, 0xF1, 0xC7, 0xFF, 0x1C, 0x7F, 0xE1, 0xC6, 0x30, 0x1C,
    0x7F, 0xF7, 0xC7, 0xFF, 0x78, 0x7F, 0xF7, 0x86, 0x00, 0x18, 0x31, 0xC1, 0x83, 0x1C, 0x18, 0x31,
    0xC1, 0x9F, 0xFF, 0x7F, 0xFF, 0xFF, 0xF3, 0x9C, 0x7E, 0x31, 0xC1, 0x83, 0x1C, 0x18, 0xFF, 0xE1,
    0xAF, 0xFF, 0x3F, 0xFF, 0xFF, 0xEC, 0xE7, 0xF8, 0xFF, 0xF1, 0x8F, 0xFF, 0x18, 0xFF, 0xF1, 0x8C,
    0xE7, 0x18, 0xEE, 0x77, 0x8F, 0xFF, 0x78, 0xFF, 0xF7, 0x0C, 0x06, 0x18, 0x00, 0x00, 0xC7, 0xFF,
    0x06, 0x3F, 0xF8, 0x31, 0xC1, 0xC7, 0xEF, 0xFE, 0x7F, 0xFF, 0xF1, 0xFB, 0xFF, 0x83, 0x1F, 0xFC,
    0x18, 0x00, 0x00, 0xFF, 0xFF, 0x8F, 0xFF, 0xFD, 0xFC, 0x9C, 0x0F, 0x8E, 0xE0, 0x0C, 0x77, 0xF0,
    0x63, 0xBF, 0x83, 0x1D, 0xC0, 0x19, 0xFE, 0x03, 0xDD, 0xFF, 0x9E, 0xE7, 0xFC, 0xE6, 0x0F, 0xE0,
    0x18, 0x00, 0x41, 0x87, 0xFE, 0x18, 0xFF, 0xE1, 0x87, 0xE0, 0x7E, 0x0E, 0x07, 0xFF, 0xFF, 0x7F,
    0xFF, 0xF1, 0x80, 0xE0, 0x18, 0x3E, 0xE1, 0xAF, 0xFF, 0x3E, 0xEF, 0xFF, 0xEC, 0xE7, 0x78, 0xFF,
    0xF1, 0x8F, 0xFF, 0x18, 0xFF, 0xF1, 0x8C, 0xE7, 0x18, 0xCE, 0x73, 0x8F, 0xFF, 0x78, 0xFF, 0xF3,
    0x8C, 0x07, 0x18, 0x0E, 0x00, 0xE1, 0xF0, 0x07, 0x3F, 0xFC, 0x39, 0xDF, 0xE7, 0xEC, 0xE7, 0x7F,
    0x7F, 0xF9, 0xFB, 0xFF, 0xC3, 0x99, 0xCE, 0x1C, 0xFF, 0xF0, 0xF7, 0xFF, 0x8F, 0xC3, 0x81, 0xFD,
    0xFF, 0x87, 0xCF, 0xFE, 0x0E, 0x7F, 0xF0, 0x71, 0xC7, 0x03, 0x87, 0xF0, 0x1C, 0x1F, 0x03, 0xC7,
    0xFF, 0x1E, 0xFE, 0xFC, 0xF3, 0x80, 0xE0, 0x18, 0x0C, 0x01, 0x80, 0xE0, 0x19, 0xFF, 0xF1, 0x9F,
    0xFF, 0x7E, 0x71, 0xCF, 0xE3, 0x18, 0x7F, 0xFF, 0xF1, 0x9F, 0xFF, 0x19, 0xCE, 0x71, 0xBF, 0xFF,
    0x3F, 0xFF, 0xFF, 0xFC, 0xE7, 0xF9, 0xFF, 0x71, 0x9F, 0xFF, 0x19, 0xF3, 0xF1, 0x9F, 0xFF, 0x19,
    0xFF, 0x77, 0x9F, 0x07, 0x79, 0xC1, 0xF7, 0x9C, 0x1E, 0x18, 0x00, 0x00, 0xC3, 0xFE, 0x06, 0x1F,
    0xF0, 0x30, 0xE3, 0x87, 0xE7, 0xFC, 0x3F, 0x3F, 0xE1, 0xFB, 0xEF, 0x83, 0x3F, 0x7E, 0x19, 0xFB,
    0xF0, 0xFC, 0xDB, 0x8F, 0xFE, 0xFD, 0xFF, 0xFF, 0xE7, 0x80, 0xE0, 0x0C, 0xFF, 0xF8, 0x67, 0xFF,
    0xC3, 0x07, 0xF0, 0x18, 0xFF, 0xC1, 0xDF, 0x77, 0x9E, 0xF3, 0x9C, 0x62, 0x1C, 0x00, 0x07, 0x18,
    0x00, 0x73, 0x80, 0x67, 0x38, 0x0E, 0x73, 0x80, 0xE7, 0x3F, 0xEE, 0x77, 0xFE, 0xE7, 0x7F, 0xEE,
    0x7F, 0x1C, 0xE7, 0xF1, 0xCE, 0x7F, 0xB8, 0xE7, 0xDB, 0x8E, 0x71, 0xF8, 0xFF, 0x1F, 0x0F, 0xF0,
    0xF0, 0xFF, 0x0F, 0x0E, 0x71, 0xF8, 0x07, 0x3F, 0xC0, 0x7F, 0x9E, 0x07, 0xF0, 0xE0, 0x76, 0x04,
    0x00, 0x18, 0x07, 0xF1, 0x80, 0xFF, 0x38, 0x0F, 0xF3, 0x80, 0x03, 0x3F, 0xE0, 0x33, 0xFE, 0x03,
    0x71, 0xC7, 0xF7, 0x1C, 0xFF, 0xF9, 0xCF, 0xFF, 0x98, 0xE0, 0xDB, 0x8E, 0x01, 0xF8, 0xE0, 0x1F,
    0x0E, 0x00, 0xF0, 0xE7, 0x0F, 0x0F, 0xF9, 0xF0, 0xFE, 0x3F, 0xCF, 0x8F, 0x9E, 0xC0, 0xF0, 0xE0,
    0x0C, 0x04, 0x0C, 0x0E, 0x00, 0x70, 0x70, 0x03, 0x83, 0x80, 0xFF, 0x98, 0x0F, 0xFD, 0xFF, 0x3F,
    0xEF, 0xFC, 0x60, 0x73, 0x83, 0x07, 0x9C, 0x1F, 0xFC, 0xC0, 0xFF, 0xE6, 0x06, 0x7F, 0xF0, 0x33,
    0x9F, 0x81, 0x9C, 0x78, 0x1C, 0xE3, 0xC0, 0xE7, 0x1E, 0x07, 0x31, 0xF8, 0x71, 0x9F, 0xE3, 0xBF,
    0xE7, 0xBB, 0xFE, 0x1C, 0xCE, 0x40, 0x60, 0x0C, 0x06, 0x00, 0x70, 0x30, 0x01, 0x81, 0x80, 0xFF,
    0xDC, 0x07, 0xFE, 0xFF, 0x3F, 0xE7, 0xF8, 0xE7, 0x73, 0x87, 0x3B, 0x9C, 0x70, 0xFC, 0xE3, 0xDF,
    0xE6, 0x1F, 0xEF, 0xB0, 0x3E, 0x3F, 0x80, 0xF0, 0x78, 0x03, 0x83, 0xC0, 0x3E, 0x1E, 0x03, 0xF8,
    0xF8, 0x3D, 0xCF, 0xE3, 0xC5, 0xE7, 0x9C, 0x1E, 0x1C, 0x00, 0x60, 0x40, 0x06, 0x06, 0x03, 0xB7,
    0x70, 0x0D, 0xB3, 0x80, 0x7F, 0x9C, 0x07, 0xFE, 0xFF, 0x3F, 0xFF, 0xF8, 0x7E, 0x7F, 0xC7, 0xFF,
    0x9C, 0xFE, 0xFE, 0xC3, 0x31, 0xF6, 0x03, 0x8D, 0xF0, 0xFF, 0xCF, 0x87, 0xFC, 0x78, 0x1C, 0xE1,
    0xC0, 0xF7, 0x1E, 0x07, 0xF1, 0xF8, 0x0F, 0xDF, 0xE3, 0xFF, 0xE7, 0x9E, 0x3E, 0x1C, 0xC0, 0x60,
    0x40, 0x06, 0x06, 0x03, 0xFF, 0x70, 0x1F, 0xFB, 0xFC, 0x0C, 0x3F, 0xE7, 0xFF, 0xFF, 0x3F, 0xFF,
    0x61, 0xFF, 0xFF, 0x0F, 0xFC, 0xF0, 0x1F, 0xC7, 0xC3, 0xF7, 0xFF, 0x9D, 0x9F, 0x3C, 0x7F, 0xFF,
    0xC3, 0xFF, 0xFE, 0x1F, 0xFF, 0xF0, 0x31, 0xFE, 0x01, 0x8F, 0xF0, 0x0C, 0x7F, 0x83, 0xFF, 0xFF,
    0x9F, 0xFF, 0xFC, 0xFF, 0xFF, 0xE0, 0x00, 0x60, 0x00, 0x03, 0x80, 0x00, 0x1C, 0x00, 0x00, 0xF0,
    0x07, 0xFF, 0xFF, 0x3F, 0xFF, 0xF8, 0x38, 0x0E, 0x00, 0xE0, 0xF0, 0x07, 0x07, 0x00, 0x3C, 0x78,
    0x00, 0xE3, 0x80, 0x03, 0xB8, 0x00, 0x1F, 0xC0, 0x00, 0x7C, 0x00, 0x07, 0xF0, 0x00, 0x7F, 0xE0,
    0x1F, 0x9F, 0xC3, 0xF8, 0x3F, 0x9F, 0x00, 0x7C, 0xE0, 0x00, 0xC0, 0x03, 0x00, 0xC0, 0x38, 0x07,
    0x03, 0xE3, 0x38, 0x3F, 0x9D, 0xC3, 0xCF, 0x7E, 0x7C, 0x39, 0xF3, 0xFF, 0x83, 0x8F, 0xFB, 0x1C,
    0x06, 0x1E, 0xE3, 0xFF, 0x7F, 0x1F, 0xF9, 0xB8, 0xFF, 0xC1, 0xE3, 0x6C, 0x3F, 0x9F, 0x6F, 0xFC,
    0xDB, 0xFF, 0x8E, 0xCE, 0x1C, 0x66, 0x60, 0xE3, 0x32, 0x07, 0x07, 0x80, 0x38, 0x3C, 0x01, 0xC0,
    0x07, 0x00, 0xCE, 0x70, 0x7E, 0xFF, 0xFF, 0xCF, 0xFF, 0xF0, 0xFF, 0xF8, 0x0F, 0xFB, 0x80, 0xFF,
    0xF8, 0x0F, 0xFF, 0xFE, 0xFF, 0xFF, 0xFE, 0xFB, 0xFE, 0xEF, 0xF9, 0xCF, 0xFF, 0x9C, 0xFF, 0xF9,
    0xCF, 0xF3, 0x9C, 0xE7, 0x39, 0xCE, 0x73, 0x9C, 0xFF, 0xF1, 0xCF, 0xFF, 0x1C, 0x00, 0x71, 0xC0,
    0x02, 0x1C, 0x0E, 0x00, 0x40, 0x70, 0x1F, 0x1F, 0xFF, 0xFC, 0xFF, 0xFE, 0x07, 0xFD, 0xC0, 0x1C,
    0xEE, 0x00, 0x6E, 0x70, 0x0F, 0xFF, 0xFE, 0xFF, 0xFF, 0xF0, 0x30, 0xFF, 0x9F, 0xF7, 0x30, 0xFF,
    0xF9, 0x87, 0xFF, 0xCC, 0x1B, 0xCE, 0x60, 0xDF, 0x63, 0x0E, 0xDF, 0x18, 0x66, 0xF8, 0xC3, 0xF1,
    0xC6, 0x07, 0x8C, 0x30, 0x38, 0x21, 0x80, 0x00, 0x70, 0x00, 0x07, 0x00, 0x00, 0x78, 0x03, 0xFF,
    0xFE, 0x7F, 0xFF, 0xF7, 0xFF, 0xFF, 0x03, 0x80, 0x00, 0x38, 0x00, 0x03, 0xFF, 0xC0, 0x3F, 0xFC,
    0x03, 0xFF, 0xC0, 0x38, 0x1C, 0x07, 0x01, 0xC0, 0x70, 0x1C, 0x0F, 0x01, 0xC0, 0xE0, 0x38, 0x1E,
    0x03, 0x87, 0xC7, 0xF8, 0x78, 0x3F, 0x83, 0x03, 0xE0, 0x3F, 0xFF, 0xE1, 0xFF, 0xFF, 0x0F, 0xFF,
    0xF8, 0x00, 0xC0, 0x00, 0x06, 0x00, 0x00, 0x70, 0x01, 0xFF, 0xFF, 0xCF, 0xFF, 0xFE, 0x7F, 0xFF,
    0xF0, 0x07, 0xC0, 0x00, 0x7E, 0x00, 0x03, 0xF0, 0x00, 0x3F, 0x80, 0x03, 0xDC, 0x18, 0x3C, 0xE0,
    0xC3, 0xE7, 0x0E, 0x7E, 0x3F, 0xF3, 0xC0, 0xFF, 0x8C, 0x03, 0xF0, 0xFF, 0xFF, 0xFF, 0xFF, 0xFF,
    0xFF, 0x00, 0x7E, 0x00, 0xFC, 0x01, 0xF8, 0x03, 0xFF, 0xFF, 0xFF, 0xFF, 0xFF, 0xFF, 0x80, 0x3F,
    0x00, 0x7E, 0x00, 0xFC, 0x01, 0xF8, 0x03, 0xFF, 0xFF, 0xFF, 0xFF, 0xFF, 0xFF, 0x80, 0x38, 0x1F,
    0xFF, 0xC1, 0xFF, 0xFC, 0x1C, 0x01, 0xC1, 0x80, 0x1C, 0x1F, 0xFF, 0xC1, 0xFF, 0xFC, 0x18, 0x01,
    0xC1, 0xFF, 0xFC, 0x1F, 0xFF, 0xC1, 0xFF, 0xFC, 0x00, 0x70, 0x00, 0x07, 0x00, 0x7F, 0xFF, 0xF7,
    0xFF, 0xFF, 0x00, 0x70, 0x00, 0x07, 0x00, 0x00, 0x70, 0x00, 0x07, 0x00, 0x00, 0x70, 0x00, 0x00,
    0x03, 0x80, 0x00, 0x38, 0xFF, 0x03, 0x8F, 0xF0, 0x38, 0xE7, 0xFF, 0xEE, 0x7F, 0xFF, 0xE7, 0xFF,
    0xEE, 0x70, 0x38, 0xFF, 0x63, 0x8F, 0xF7, 0x38, 0xE7, 0x7B, 0x8E, 0x73, 0xB8, 0xE7, 0x1F, 0x8E,
    0x71, 0xB8, 0xFF, 0x03, 0x8F, 0xF0, 0x38, 0xE0, 0x03, 0x8E, 0x03, 0xF8, 0x00, 0x1F, 0x80, 0x01,
    0xF0, 0xFF, 0x7F, 0xFF, 0xEF, 0xFF, 0xFD, 0xFF, 0xF3, 0xB8, 0x7E, 0x77, 0x0F, 0xFE, 0xFF, 0xFF,
    0xDF, 0xFF, 0xFB, 0xFF, 0xE7, 0x70, 0xFC, 0xEE, 0x1F, 0x9D, 0xFF, 0xFF, 0xBF, 0xFF, 0xFF, 0xFF,
    0xFF, 0xC1, 0xF8, 0x38, 0x38, 0x0E, 0x07, 0x03, 0xC7, 0xE0, 0xF0, 0xFC, 0x0C, 0x1F, 0x00, 0x1F,
    0xFF, 0xC0, 0xFF, 0xFE, 0x07, 0x00, 0x70, 0x3F, 0xFF, 0x81, 0xFF, 0xFC, 0x0F, 0xFF, 0xE0, 0x7F,
    0xFF, 0x03, 0xFF, 0xF8, 0x7F, 0xFF, 0xF3, 0xFF, 0xFF, 0x9F, 0xFF, 0xFC, 0x1C, 0xE0, 0x00, 0xE7,
    0xFE, 0x0F, 0x3F, 0xF0, 0x7D, 0xC0, 0x07, 0xFE, 0x00, 0x7B, 0xFF, 0xF7, 0x8F, 0xFF, 0x98, 0x0F,
    0xFC, 0x1F, 0xFF, 0xC0, 0xFF, 0xFE, 0x07, 0x00, 0x70, 0x3F, 0xFF, 0x81, 0xFF, 0xFC, 0x0F, 0xFF,
    0xE0, 0x70, 0x07, 0x03, 0xFF, 0xF8, 0x1F, 0xFF, 0xC0, 0x0C, 0xE0, 0x0E, 0x67, 0x38, 0x73, 0x39,
    0xC1, 0xD9, 0xDC, 0x06, 0xCF, 0xC0, 0x36, 0x7C, 0x00, 0x33, 0x80, 0xFF, 0xFF, 0xF7, 0xFF, 0xFF,
    0x80, 0x00, 0xC0, 0x07, 0x8C, 0x1C, 0xFC, 0xCF, 0xEF, 0xCC, 0xF8, 0xDC, 0xCE, 0x0D, 0xFF, 0xE0,
    0xDF, 0xFE, 0x0F, 0xCC, 0xFE, 0xFD, 0xEF, 0xEF, 0xDF, 0xFC, 0xDD, 0xFF, 0xCD, 0xFF, 0xDC, 0xDF,
    0xCD, 0xCD, 0xFC, 0xDC, 0xFE, 0xCD, 0xCF, 0xED, 0xDC, 0xC0, 0xDD, 0xCC, 0x0D, 0x9C, 0x00, 0xF9,
    0xC0, 0x0D, 0x9C, 0x18, 0x00, 0x07, 0x00, 0x00, 0xFF, 0x7F, 0xBF, 0xEF, 0xF7, 0x61, 0xCE, 0xFF,
    0xF9, 0xDF, 0xFF, 0x38, 0x78, 0xFF, 0x1F, 0xDF, 0xEF, 0xBF, 0xFD, 0xE3, 0x00, 0x1F, 0xFF, 0xE1,
    0xFF, 0xFC, 0x38, 0x03, 0x87, 0xFF, 0xF0, 0xFF, 0xFE, 0x1C, 0x01, 0xC3, 0xFF, 0xF8, 0x7F, 0xFF,
    0x06, 0x00, 0xC0, 0x18, 0x00, 0x5F, 0xFB, 0xFB, 0xFF, 0xFF, 0x7F, 0xFC, 0x07, 0x63, 0x81, 0xFF,
    0xFF, 0xFF, 0xFF, 0xF8, 0x31, 0xDC, 0xFF, 0xF3, 0x9F, 0xFE, 0x72, 0x19, 0xCE, 0x0F, 0xFF, 0xC3,
    0xFF, 0xF8, 0x7F, 0xFF, 0x0F, 0xFF, 0xE1, 0xFF, 0xFC, 0x38, 0x03, 0x87, 0xFF, 0xF0, 0xFF, 0xFE,
    0x1C, 0x01, 0xC0, 0x7F, 0xFF, 0xF3, 0xFF, 0xFF, 0x9F, 0xFF, 0xFC, 0x3F, 0xFF, 0x81, 0xFF, 0xFE,
    0x0F, 0xFF, 0xF0, 0x61, 0xC3, 0x83, 0xFF, 0xFC, 0x1F, 0xFF, 0xE0, 0xC3, 0x87, 0x07, 0xFF, 0xF8,
    0x3F, 0xFF, 0xC0, 0xC7, 0x00, 0x07, 0x70, 0x00, 0x1F, 0x80, 0x00, 0xFC, 0x00, 0x3F, 0xFF, 0xF3,
    0xF3, 0xFF, 0x8E, 0x01, 0xFC, 0x1F, 0xFF, 0xC0, 0xFF, 0xFE, 0x07, 0xFF, 0xF0, 0x3F, 0xFF, 0x81,
    0xC0, 0x1C, 0x0F, 0xFF, 0xE0, 0x7F, 0xFE, 0x0F, 0xFF, 0xFE, 0x7F, 0xFF, 0xF1, 0xC6, 0x00, 0x0F,
    0xFF, 0xFC, 0x7F, 0xFF, 0xC3, 0xFD, 0xCE, 0x1F, 0xE7, 0xE0, 0xFF, 0x3F, 0x0F, 0xFC, 0xF0, 0x7F,
    0xFF, 0xF3, 0xE7, 0xF7, 0x80, 0x36, 0x0C, 0x00, 0xC0, 0x00, 0x1C, 0x00, 0x01, 0xC0, 0x07, 0xFF,
    0xFF, 0x7F, 0xFF, 0xF0, 0x70, 0x00, 0x07, 0x00, 0x00, 0xFF, 0xFC, 0x1F, 0xFF, 0xC1, 0xE0, 0x1C,
    0x7F, 0xFF, 0xC7, 0x7F, 0xFC, 0x67, 0xFF, 0xC0, 0x70, 0x1C, 0x07, 0xFF, 0xC0, 0x7F, 0xFC, 0x06,
    0x01, 0xC0, 0x60, 0xFC, 0x06, 0x0F, 0x80, 0x60, 0xF8, 0x3F, 0xBF, 0xE1, 0xFD, 0xFF, 0x8C, 0xEC,
    0x1C, 0x67, 0x60, 0xE3, 0x3B, 0x3E, 0x1F, 0xD9, 0xF0, 0xFE, 0xC6, 0x06, 0x77, 0xFE, 0x33, 0xBF,
    0xF1, 0x9D, 0xFF, 0x8F, 0xEF, 0x98, 0x7F, 0x6D, 0xC3, 0x3B, 0x7E, 0x39, 0xD9, 0xE1, 0xCE, 0xCF,
    0x0E, 0x76, 0x78, 0x67, 0xBF, 0xF7, 0x7D, 0xF3, 0x9B, 0xCF, 0x0C, 0x18, 0xC0, 0x03, 0x9C, 0xFF,
    0x39, 0xCF, 0xF7, 0xFE, 0xFF, 0x7F, 0xEC, 0x73, 0x9C, 0xC7, 0x3F, 0xCF, 0xF3, 0xFC, 0xFF, 0x39,
    0xCC, 0x73, 0xFC, 0xC7, 0x3F, 0xCC, 0x73, 0xFD, 0xFF, 0x39, 0xDF, 0xFF, 0xFF, 0xC7, 0xFF, 0xFC,
    0x71, 0xF9, 0xC7, 0x39, 0xD8, 0x77, 0x9F, 0x9F, 0x70, 0xF9, 0xF6, 0x01, 0x1E, 0x00, 0x70, 0x00,
    0x03, 0x80, 0x00, 0x1C, 0x00, 0x3F, 0xFF, 0x83, 0xFF, 0xFE, 0x1F, 0xFF, 0xF0, 0x01, 0xC0, 0x00,
    0x0E, 0x00, 0x7F, 0xFF, 0xF3, 0xFF, 0xFF, 0x9F, 0xFF, 0xFC, 0x03, 0xF8, 0x00, 0x3F, 0xC0, 0x03,
    0xFF, 0x80, 0x3D, 0xDE, 0x03, 0xCE, 0x78, 0x7C, 0x71, 0xF3, 0xC3, 0x87, 0x98, 0x1C, 0x08, 0x00,
    0xE0, 0x00, 0x00, 0x70, 0x00, 0x03, 0x80, 0x00, 0x1C, 0x00, 0xFF, 0xFF, 0xE7, 0xFF, 0xFF, 0x3F,
    0xFF, 0xF8, 0x01, 0xC0, 0x00, 0x0E, 0x00, 0x00, 0x70, 0x01, 0xFF, 0xFF, 0x0F, 0xFF, 0xF8, 0x03,
    0xF8, 0x00, 0x3F, 0xE0, 0x03, 0xFF, 0x80, 0x3D, 0xDE, 0x03, 0xCE, 0x7C, 0x7C, 0x71, 0xF3, 0xC3,
    0x87, 0x88, 0x1C, 0x08, 0x00, 0xE0, 0x00, 0x00, 0x70, 0x00, 0x03, 0x80, 0x00, 0x1C, 0x00, 0x00,
    0xE0, 0x07, 0xFF, 0xFF, 0x3F, 0xFF, 0xF9, 0xFF, 0xFF, 0xC0, 0x7F, 0xC0, 0x03, 0xFE, 0x00, 0x3B,
    0xB8, 0x01, 0xDD, 0xC0, 0x1C, 0xE7, 0x01, 0xC7, 0x3C, 0x1E, 0x38, 0xF1, 0xFF, 0xFF, 0xCF, 0xFF,
    0xEE, 0x20, 0x70, 0x20, 0x03, 0x80, 0x00, 0x1C, 0x00, 0x00, 0xE0, 0x00, 0x0E, 0x00, 0x00, 0x71,
    0xFE, 0x03, 0x8F, 0xF0, 0x1C, 0x7F, 0x87, 0xFB, 0x9C, 0x3F, 0xFC, 0xE1, 0xFE, 0xE7, 0x03, 0xC7,
    0x38, 0x1E, 0x39, 0xC0, 0xF9, 0xCE, 0x0F, 0xEE, 0x70, 0x7F, 0x63, 0x87, 0xFB, 0x1C, 0x77, 0x38,
    0xE3, 0xB9, 0xC7, 0x69, 0xCE, 0x3B, 0x0E, 0xE1, 0xD8, 0x77, 0x0F, 0xC3, 0xF0, 0x7E, 0x1D, 0x01,
    0xE0, 0x01, 0xC0, 0x00, 0x1E, 0x00, 0x01, 0xFF, 0xE0, 0x1F, 0xFF, 0x01, 0xF0, 0xF0, 0x3F, 0xEF,
    0x00, 0xE7, 0xF0, 0x00, 0x3F, 0x80, 0x0F, 0xFF, 0xC3, 0xFC, 0x7F, 0x9F, 0x9C, 0x7C, 0x00, 0xE0,
    0x01, 0xFF, 0xFC, 0x0F, 0xFF, 0xE0, 0x19, 0xC8, 0x01, 0xEE, 0xF0, 0x1E, 0x73, 0xC1, 0xE3, 0x8E,
    0x0C, 0x7C, 0x30, 0x03, 0xC0, 0x00, 0x00, 0x70, 0x00, 0x03, 0x80, 0x0F, 0xFF, 0xF8, 0x7F, 0xFF,
    0xC3, 0xFF, 0xFE, 0x0E, 0x38, 0xE0, 0x39, 0xCF, 0x01, 0xCE, 0x70, 0x07, 0x77, 0x03, 0xFF, 0xFF,
    0x9F, 0xFF, 0xFC, 0xFF, 0xFF, 0xE0, 0x1F, 0xC0, 0x01, 0xFF, 0x00, 0x3D, 0xFC, 0x03, 0xCE, 0xF8,
    0x7C, 0x71, 0xF7, 0xC3, 0x87, 0x9C, 0x1C, 0x1C, 0x00, 0xE0, 0x00, 0x0C, 0x00, 0x00, 0xE0, 0xDC,
    0x07, 0x0E, 0x60, 0x38, 0x73, 0x87, 0xF3, 0x9C, 0x7F, 0xF8, 0x71, 0xFF, 0xC3, 0x83, 0x9D, 0xCE,
    0x1E, 0xEE, 0x71, 0xFE, 0x71, 0x0F, 0xC7, 0x00, 0x7F, 0x38, 0x07, 0xD9, 0xD8, 0x3E, 0x1C, 0xE3,
    0xF0, 0xE3, 0x0B, 0x8E, 0x1C, 0x1C, 0x7F, 0xE0, 0xE7, 0xFF, 0x87, 0x3F, 0x9C, 0x18, 0x00, 0x00,
    0x0C, 0x00, 0xC0, 0x60, 0x3F, 0x03, 0x0F, 0xF8, 0x18, 0x7E, 0x07, 0xFB, 0x00, 0x3F, 0xD8, 0x01,
    0xFE, 0xC0, 0x03, 0xC7, 0xFE, 0x1E, 0x3F, 0xF0, 0xF9, 0xFF, 0x8F, 0xEC, 0x70, 0x7F, 0x63, 0x87,
    0xDF, 0x1C, 0x76, 0x38, 0xE3, 0xB1, 0xC7, 0x09, 0x8E, 0x38, 0x0C, 0x61, 0xC0, 0x67, 0x0E, 0x03,
    0x38, 0x70, 0x18, 0x83, 0x80, 0x1F, 0xFF, 0xC0, 0xFF, 0xFE, 0x07, 0x1C, 0x70, 0x3F, 0xFF, 0x81,
    0xFF, 0xFC, 0x0F, 0xFF, 0xE0, 0x71, 0xC7, 0x03, 0xFF, 0xF8, 0x1F, 0xFF, 0xC0, 0x03, 0x80, 0x1F,
    0xFF, 0xFC, 0xFF, 0xFF, 0xE7, 0xFF, 0xFF, 0x01, 0xFF, 0x00, 0x3F, 0xFE, 0x07, 0xCE, 0x7C, 0x7C,
    0x71, 0xF3, 0x83, 0x83, 0x80, 0x1C, 0x00, 0x00, 0x70, 0x00, 0x03, 0x80, 0x00, 0x1C, 0x00, 0xFF,
    0xFF, 0xE7, 0xFF, 0xFF, 0x01, 0xFF, 0x00, 0x1D, 0xFC, 0x03, 0xCE, 0xF8, 0x7C, 0x71, 0xF3, 0xFF,
    0xFF, 0x8B, 0xFF, 0xE8, 0x1C, 0x07, 0x00, 0xFF, 0xF8, 0x07, 0xFF, 0xC0, 0x38, 0x0E, 0x01, 0xFF,
    0xF0, 0x0F, 0xFF, 0x03, 0xFF, 0xFF, 0x9F, 0xFF, 0xFC, 0x7F, 0xFF, 0xC0, 0x0C, 0x00, 0x00, 0x61,
    0xFE, 0x03, 0x1F, 0xF8, 0x18, 0xFF, 0xC7, 0xF8, 0x00, 0x3F, 0xC0, 0x01, 0xFF, 0xFF, 0xC3, 0xDF,
    0xFE, 0x1F, 0xFF, 0xF1, 0xF8, 0x30, 0x0F, 0xE1, 0x80, 0xFA, 0xED, 0xC6, 0xC7, 0x6E, 0x76, 0x33,
    0x31, 0x33, 0x99, 0xC1, 0x9C, 0xCE, 0x0D, 0xC6, 0x30, 0x67, 0xF1, 0x83, 0x0F, 0x80, 0x18, 0x3C,
    0x00, 0x1C, 0x10, 0xC1, 0xC7, 0x0E, 0x1C, 0x39, 0xC1, 0xC3, 0x9C, 0x7F, 0x1B, 0x87, 0xFF, 0xFF,
    0x7F, 0xFF, 0xF1, 0xE0, 0x00, 0x1E, 0x00, 0x03, 0xF0, 0x00, 0x3F, 0xFF, 0xC7, 0xF7, 0xFE, 0x7C,
    0x7F, 0xEF, 0xC0, 0x00, 0x7C, 0x00, 0x05, 0xC0, 0x00, 0x1C, 0xFF, 0xF1, 0xDF, 0xFF, 0x1D, 0xFF,
    0xF1, 0xC0, 0x00, 0x1C, 0x20, 0xE1, 0xC7, 0x0E, 0x1C, 0x78, 0xE1, 0xC3, 0x9C, 0x7F, 0xFF, 0xF7,
    0xFF, 0xFF, 0x7F, 0xFF, 0xE1, 0xC0, 0xE0, 0x1E, 0x7F, 0xE3, 0xF7, 0xFE, 0x3F, 0x7F, 0xE7, 0xF0,
    0xE0, 0x7C, 0x0E, 0x0F, 0xDF, 0xFF, 0x7D, 0xFF, 0xF5, 0xC0, 0xE0, 0x1C, 0x0E, 0x01, 0xC0, 0xE0,
    0x1C, 0x0E, 0x01, 0xC0, 0x60, 0x0C, 0x00, 0x00, 0x63, 0xFF, 0x03, 0x1F, 0xF8, 0x18, 0xC1, 0xC7,
    0xFE, 0x0E, 0x3F, 0xFF, 0xF1, 0xFD, 0xFF, 0x83, 0xCC, 0x1C, 0x1E, 0x60, 0xE1, 0xFB, 0xFF, 0x0F,
    0xFF, 0xF8, 0x7E, 0xDC, 0xC7, 0xC6, 0x6F, 0x76, 0x33, 0xF1, 0xB1, 0x8E, 0x09, 0x8C, 0x70, 0x0C,
    0x6F, 0xC0, 0x67, 0xF7, 0x83, 0x3F, 0x1C, 0x18, 0xC0, 0x40, 0x0C, 0x0C, 0x00, 0x60, 0xE0, 0x03,
    0x07, 0xF0, 0x18, 0x7F, 0xC7, 0xF7, 0xFE, 0x3F, 0xFC, 0xE1, 0xFF, 0xFF, 0x03, 0x9B, 0xF0, 0x1E,
    0x0F, 0x01, 0xF8, 0xFC, 0x0F, 0xFF, 0xFC, 0x7B, 0xF3, 0xF7, 0xDF, 0xFF, 0x76, 0x7F, 0xF3, 0xB1,
    0xC3, 0x89, 0x8E, 0x1C, 0x0C, 0x70, 0xE0, 0x63, 0xFF, 0x03, 0x1F, 0xF8, 0x18, 0xE1, 0xC0, 0x1C,
    0x00, 0x00, 0xE7, 0xFF, 0x87, 0x3F, 0xFC, 0x39, 0xFF, 0xE7, 0xFC, 0x00, 0x7F, 0xFF, 0xF9, 0xFF,
    0xFF, 0xC3, 0x98, 0x60, 0x1E, 0xC3, 0x01, 0xFE, 0xFF, 0x0F, 0xF7, 0xF8, 0xFB, 0x86, 0x07, 0xCC,
    0x30, 0x7E, 0x7F, 0xF9, 0x73, 0xFF, 0xC3, 0x9F, 0xFE, 0x1C, 0xC0, 0x00, 0xE7, 0xFF, 0xC7, 0x3F,
    0xFC, 0x38, 0x00, 0x00, 0x1C, 0x0E, 0x01, 0xC4, 0xE0, 0x1C, 0xEE, 0x71, 0xCE, 0xE6, 0x7F, 0x6E,
    0xE7, 0xFF, 0xEE, 0x7F, 0xFF, 0xC1, 0xC0, 0xE0, 0x1E, 0xFF, 0xF3, 0xFF, 0xFF, 0x3F, 0x80, 0x77,
    0xF8, 0x07, 0x7D, 0xFF, 0xFF, 0xCF, 0xFF, 0xFC, 0x7F, 0xF5, 0xC0, 0x07, 0x1D, 0xFF, 0xF1, 0xDF,
    0xFF, 0x1D, 0xFF, 0xF1, 0xC0, 0x07, 0x1C, 0x0E, 0x00, 0xE0, 0x70, 0x07, 0x07, 0xC0, 0x38, 0x7F,
    0x07, 0xF7, 0xBC, 0x3F, 0xF8, 0xF1, 0xFF, 0xFF, 0xC3, 0xFF, 0xFE, 0x3F, 0xFF, 0x91, 0xF0, 0x00,
    0x0F, 0xF3, 0x18, 0xFD, 0xDD, 0xC7, 0xCE, 0xEE, 0x7E, 0x37, 0x61, 0x71, 0x9F, 0x03, 0x8C, 0x30,
    0x1C, 0x03, 0x80, 0xEF, 0xFF, 0x87, 0x7F, 0xFC, 0x38, 0x00, 0x00, 0x1C, 0x39, 0x80, 0xE1, 0xCC,
    0x07, 0x7F, 0xFC, 0x3B, 0xFF, 0xE7, 0xF3, 0x98, 0x3F, 0xFF, 0xF1, 0xFB, 0xFF, 0x83, 0x9C, 0x1C,
    0x1E, 0xFF, 0xE1, 0xF7, 0xFF, 0x0F, 0xFF, 0xF8, 0xFF, 0xFF, 0xC7, 0xC0, 0xE0, 0x7E, 0xFF, 0xF9,
    0xF7, 0xFF, 0xCB, 0xBF, 0xFE, 0x1C, 0x3F, 0x80, 0xE7, 0xCF, 0x07, 0xFC, 0x3C, 0x3B, 0x80, 0xE0,
    0x1C, 0x39, 0x80, 0xE1, 0xCE, 0x07, 0x3F, 0xFC, 0x39, 0xFF, 0xE7, 0xF3, 0x9C, 0x3F, 0xFF, 0xF9,
    0xFF, 0xFF, 0xE3, 0x9F, 0xFE, 0x1C, 0xFF, 0xF1, 0xF7, 0xFF, 0x8F, 0xF9, 0x9C, 0x7F, 0xFF, 0xE7,
    0xFF, 0xFF, 0x3E, 0x73, 0x3B, 0xF3, 0xFF, 0xCB, 0x9F, 0xFE, 0x1C, 0x39, 0xC0, 0xE7, 0xCF, 0x07,
    0x7C, 0x3C, 0x39, 0x80, 0x60, 0x00, 0x60, 0x00, 0x03, 0x80, 0x1C, 0x38, 0x00, 0xF9, 0xFF, 0xC3,
    0xEF, 0xFF, 0x06, 0xFF, 0xF8, 0x07, 0x73, 0x80, 0x7B, 0x9C, 0x03, 0x9C, 0xE0, 0x1C, 0xEE, 0x03,
    0x07, 0x10, 0x1C, 0x3C, 0x01, 0xC3, 0xE0, 0x1E, 0x1F, 0x80, 0xE1, 0xFC, 0x0F, 0x1E, 0x70, 0x71,
    0xF3, 0xE1, 0x1F, 0x0F, 0x81, 0xF0, 0x3C, 0x06, 0x00, 0x40, 0x7F, 0xFF, 0xDF, 0xFF, 0xFF, 0xFF,
    0xFF, 0x80, 0x30, 0x00, 0x06, 0x00, 0x00, 0xC0, 0x0E, 0x18, 0x01, 0xC3, 0x80, 0x38, 0x7F, 0xC7,
    0x0F, 0xF8, 0xE1, 0x80, 0x1C, 0x30, 0x03, 0x86, 0x00, 0x70, 0xC0, 0x0E, 0x18, 0x01, 0xC7, 0x80,
    0xFF, 0xFF, 0xFF, 0xFF, 0xFC, 0x03, 0x8C, 0x00, 0x1C, 0x70, 0x00, 0xE3, 0x80, 0x07, 0x1C, 0x03,
    0x38, 0xE0, 0x1D, 0xC7, 0x30, 0xEF, 0xBF, 0xC7, 0x7D, 0xFC, 0x3B, 0xEF, 0x81, 0xDC, 0x70, 0x0E,
    0xE3, 0x80, 0x77, 0x1C, 0x03, 0xB8, 0xE0, 0x1D, 0xC7, 0x00, 0xEE, 0x38, 0xC7, 0x75, 0xC7, 0x3F,
    0xEE, 0x33, 0xFF, 0x7F, 0x9F, 0xE3, 0xFC, 0xC0, 0x07, 0x80, 0x00, 0xE0, 0x03, 0x1C, 0x00, 0x73,
    0xFE, 0x0E, 0x7F, 0xC1, 0xCF, 0xF8, 0x39, 0xC0, 0x3F, 0xFF, 0xFF, 0xFF, 0xFF, 0xFF, 0xFF, 0xE1,
    0xDC, 0x20, 0x7B, 0x8F, 0x1E, 0x71, 0xC7, 0x8E, 0x71, 0xE1, 0xFE, 0x18, 0x3F, 0x80, 0x07, 0xE0,
    0x0F, 0xF0, 0x1F, 0xF8, 0x03, 0xFC, 0x00, 0x38, 0x00, 0x00, 0x01, 0x80, 0x00, 0x7E, 0xFE, 0x0F,
    0xE7, 0xF0, 0x78, 0x33, 0x83, 0x81, 0x9C, 0x1F, 0xDC, 0xE0, 0xFE, 0xE7, 0x07, 0xEE, 0x3E, 0x38,
    0x70, 0xF1, 0xFF, 0xFE, 0x0F, 0xFF, 0xF8, 0x7F, 0xFF, 0xC3, 0x83, 0x8C, 0x1F, 0xCE, 0xE3, 0xFE,
    0x7E, 0x1F, 0xF1, 0xF0, 0x78, 0x0F, 0x81, 0xC3, 0xFF, 0x8E, 0x3E, 0x7C, 0x60, 0xC0, 0xC0, 0x06,
    0x00, 0x00, 0x78, 0x00, 0x03, 0xFF, 0xFC, 0x3F, 0xFF, 0xE1, 0xFF, 0xFE, 0x1C, 0x00, 0x01, 0xFF,
    0xFF, 0x0F, 0xFF, 0xF8, 0x2E, 0xF1, 0xC0, 0x73, 0xCE, 0x1F, 0xFF, 0xFD, 0xFF, 0xFF, 0xE7, 0xFF,
    0xFF, 0x0E, 0x78, 0xC0, 0x71, 0xEE, 0x03, 0xFF, 0xFE, 0x1F, 0xFF, 0xF0, 0x00, 0x1C, 0x00, 0x07,
    0xE0, 0x00, 0x3E, 0x00, 0x70, 0x30, 0x0E, 0x06, 0x01, 0xC0, 0xC0, 0x38, 0x18, 0x07, 0x03, 0x0C,
    0xE0, 0x63, 0xDF, 0xEC, 0xF3, 0xFD, 0xFC, 0x7F, 0xBF, 0x0E, 0x07, 0x81, 0xC0, 0xC0, 0x38, 0x18,
    0x07, 0x03, 0x00, 0xE0, 0x61, 0xDC, 0x0C, 0x3B, 0xBD, 0x87, 0x7F, 0xB0, 0xEF, 0xE7, 0xFF, 0xE0,
    0xFF, 0x20, 0x07, 0xC0, 0x00, 0x70, 0x00, 0x03, 0x80, 0x00, 0x1C, 0x00, 0x00, 0xE0, 0x00, 0x07,
    0x0C, 0x3F, 0xB8, 0xF1, 0xFF, 0xCF, 0x0F, 0xFF, 0x70, 0x07, 0x7F, 0x00, 0x3B, 0xF0, 0x01, 0xDF,
    0x80, 0x1C, 0xFC, 0x00, 0xE7, 0x70, 0x0E, 0x39, 0xC0, 0xF1, 0xCF, 0x8F, 0x0E, 0x3E, 0x70, 0x70,
    0xF1, 0x1F, 0x81, 0x00, 0xFC, 0x00, 0x03, 0xC0, 0x00, 0x00, 0x00, 0x01, 0xCF, 0xFF, 0x8F, 0xFF,
    0xFC, 0x3F, 0xFF, 0xE0, 0x5C, 0x07, 0x00, 0xE0, 0x39, 0x80, 0x00, 0x0F, 0x0F, 0xF0, 0x7C, 0x7F,
    0x80, 0xC3, 0x8C, 0x00, 0x1C, 0x60, 0x08, 0xE3, 0x00, 0xE7, 0x18, 0x07, 0x38, 0xC0, 0x71, 0xC6,
    0xC3, 0x9C, 0x37, 0x39, 0xE1, 0xBB, 0xDE, 0x0F, 0xDC, 0xE0, 0x7C, 0x42, 0x01, 0xC0, 0x00, 0x00,
    0x01, 0xC3, 0xFC, 0x0F, 0x9F, 0xE0, 0x3C, 0xE7, 0x00, 0x47, 0x38, 0x00, 0x71, 0xC1, 0x87, 0x8F,
    0xDF, 0x78, 0x3E, 0x7F, 0x80, 0xF0, 0xCF, 0xFF, 0x00, 0x7F, 0xF8, 0x0B, 0xFF, 0xC0, 0xEE, 0x1C,
    0x07, 0x39, 0xC0, 0x71, 0xFE, 0x07, 0x87, 0xE0, 0x38, 0x7F, 0x83, 0xDF, 0xFF, 0x9C, 0xFC, 0xFC,
    0x47, 0x00, 0xC0, 0x10, 0x0E, 0x03, 0xC0, 0xE0, 0x3E, 0x0E, 0x00, 0xEF, 0xFE, 0x04, 0xFF, 0xE0,
    0x0F, 0xFE, 0x60, 0x0E, 0x07, 0x80, 0xE0, 0x7C, 0x0E, 0x01, 0x9F, 0xFF, 0x01, 0xFF, 0xF0, 0x41,
    0xC0, 0x06, 0x38, 0x00, 0xE3, 0xB8, 0x1E, 0x71, 0xC1, 0xC7, 0x1E, 0x38, 0xFF, 0xE7, 0x9F, 0xFF,
    0x70, 0xFE, 0x71, 0x00, 0x02, 0x10, 0x0C, 0x01, 0xE0, 0xE0, 0x0F, 0x83, 0x80, 0x1C, 0x1C, 0x00,
    0x5F, 0xFF, 0x00, 0xFF, 0xF9, 0x87, 0xFF, 0xCF, 0x01, 0xC0, 0x7C, 0x0E, 0x00, 0xE0, 0x70, 0x00,
    0x3F, 0xF8, 0x09, 0xFF, 0xC0, 0xEF, 0xFE, 0x07, 0x07, 0x00, 0x70, 0x38, 0x03, 0x81, 0xC0, 0x38,
    0x0E, 0x03, 0xDF, 0xFF, 0x9C, 0xFF, 0xFE, 0x63, 0xFF, 0xE0, 0x00, 0x00, 0xC1, 0xC0, 0xFF, 0x0F,
    0xFF, 0xF8, 0x3D, 0xFC, 0x00, 0x40, 0xE0, 0x00, 0x07, 0x01, 0x87, 0xFF, 0xCF, 0x7F, 0xFE, 0x7D,
    0xFF, 0xF0, 0xE0, 0x70, 0x00, 0x03, 0x80, 0x09, 0xFF, 0xC0, 0xEF, 0xFE, 0x07, 0x7F, 0xF0, 0x73,
    0x03, 0x87, 0x98, 0x1C, 0x38, 0xC0, 0xE3, 0xC7, 0xFF, 0x1C, 0x3F, 0xF8, 0x41, 0x80, 0xC0, 0x10,
    0x3A, 0x01, 0xC1, 0xFC, 0x0F, 0x8E, 0xF0, 0x1C, 0x73, 0x00, 0x43, 0xFE, 0x01, 0xFF, 0xF1, 0x8F,
    0xFE, 0x0F, 0x37, 0x00, 0x7C, 0x3B, 0xF0, 0xCF, 0xFF, 0x80, 0xFF, 0xF8, 0x17, 0xF8, 0xE0, 0xC1,
    0xCE, 0x0E, 0x0F, 0xF0, 0x70, 0x3E, 0x87, 0x03, 0xE6, 0x38, 0xFF, 0x33, 0x9F, 0xFF, 0x9C, 0xF8,
    0xFC, 0x42, 0x03, 0xC0, 0x00, 0xC0, 0x73, 0x1C, 0x07, 0x78, 0xE3, 0x73, 0xFF, 0xB7, 0x1F, 0xFF,
    0x70, 0x7F, 0xF7, 0x60, 0x33, 0x77, 0x33, 0x37, 0x7B, 0xF3, 0x73, 0xBF, 0x37, 0x01, 0xF3, 0x70,
    0x0E, 0x37, 0x18, 0xE3, 0x71, 0xCF, 0x37, 0x39, 0xFB, 0x73, 0xBF, 0xB7, 0x73, 0xB8, 0x77, 0x71,
    0x07, 0x77, 0x01, 0xF0, 0x20, 0x1E, 0x00, 0x0E, 0x03, 0x9C, 0xE7, 0x3D, 0xCE, 0x71, 0xEE, 0xEE,
    0x04, 0xEE, 0xE0, 0x06, 0xEC, 0x60, 0xFF, 0xE7, 0x9F, 0xFE, 0x3D, 0xFF, 0xE1, 0x9C, 0x06, 0x01,
    0xFF, 0xE0, 0x1F, 0xFE, 0x0D, 0xC0, 0x60, 0xDF, 0xFE, 0x1D, 0xFF, 0xE1, 0xDF, 0xFE, 0x39, 0xC0,
    0x67, 0x9C, 0x3E, 0x71, 0xC3, 0xE2, 0x0C, 0x3C, 0x20, 0x00, 0x03, 0x9F, 0xFF, 0x3F, 0xFF, 0xF1,
    0xFF, 0xFF, 0x03, 0xB3, 0x70, 0x1F, 0x3E, 0x60, 0xF1, 0xC7, 0x9E, 0x0E, 0x7F, 0xCC, 0xE1, 0x98,
    0xC4, 0x03, 0xFF, 0xF0, 0xBF, 0xFF, 0x0D, 0xFF, 0xE1, 0xC3, 0xF0, 0x18, 0x7F, 0x83, 0x8E, 0xDC,
    0x33, 0xCC, 0xF7, 0x78, 0xC7, 0x63, 0x0C, 0x22, 0x00, 0xC0, 0x20, 0x00, 0x01, 0xCF, 0xFF, 0x0F,
    0xFF, 0xFC, 0x3B, 0xFF, 0xC0, 0x01, 0x80, 0x01, 0xFF, 0xF9, 0x8F, 0xFF, 0xCF, 0x7F, 0xFE, 0x38,
    0xF3, 0x80, 0xCF, 0xCF, 0x00, 0xF6, 0x3C, 0x0F, 0x30, 0xE1, 0xBD, 0xEE, 0x0E, 0xEF, 0xF0, 0x67,
    0x6D, 0xC7, 0x73, 0x6E, 0x3B, 0x1B, 0x33, 0x88, 0xC1, 0x1C, 0x3E, 0x00, 0x40, 0xF0, 0x00, 0x00,
    0x0C, 0x03, 0x81, 0xC0, 0x3F, 0xFF, 0xE1, 0xFF, 0xFE, 0x09, 0xFF, 0xE0, 0x1F, 0xFE, 0x60, 0x1C,
    0x07, 0xBF, 0xFF, 0x7F, 0xFF, 0xF1, 0x9F, 0xFC, 0x01, 0xFF, 0xE0, 0x9C, 0x0E, 0x0D, 0xFF, 0xE1,
    0xDF, 0xFE, 0x1D, 0xC0, 0xE3, 0x9F, 0xFE, 0x39, 0xFF, 0xE7, 0x1C, 0x0E, 0x71, 0xC7, 0xC0, 0x1C,
    0x3C, 0x20, 0xC0, 0x21, 0xCE, 0x0F, 0x8F, 0xFF, 0xFC, 0x3F, 0xFF, 0x80, 0x3F, 0xF0, 0x00, 0xC3,
    0x81, 0x87, 0x9C, 0x0F, 0x7C, 0xFE, 0x7F, 0x67, 0xF0, 0xFF, 0xFF, 0x00, 0xFF, 0xF8, 0x06, 0xCD,
    0xC1, 0xC6, 0xEE, 0x0E, 0x7F, 0x70, 0xFF, 0xFB, 0x87, 0x7D, 0xDC, 0x38, 0x6E, 0xE3, 0x83, 0x77,
    0x1C, 0x1B, 0x38, 0x40, 0xD8, 0xC0, 0x10, 0x00, 0x01, 0xE7, 0xFE, 0x0F, 0xFF, 0xF0, 0x1F, 0x81,
    0x80, 0x1F, 0xFC, 0x00, 0xFF, 0xE1, 0x87, 0xFF, 0x0F, 0x3F, 0xF8, 0x7D, 0xFF, 0xC0, 0xC7, 0xFE,
    0x00, 0x00, 0x00, 0x13, 0xFF, 0xC0, 0xDF, 0xFE, 0x0E, 0xDB, 0xB0, 0x76, 0xDD, 0x87, 0x36, 0xEC,
    0x39, 0xB7, 0x63, 0xBF, 0xFF, 0x9D, 0xFF, 0xFE, 0x47, 0xFF, 0xE0, 0x00, 0x00, 0x01, 0xCF, 0xFF,
    0x8F, 0x7F, 0xFC, 0x3B, 0xFF, 0xE0, 0x18, 0x70, 0x00, 0xDF, 0xF1, 0x86, 0xFF, 0xCF, 0x36, 0x0E,
    0x79, 0xBF, 0xF0, 0xCD, 0xFF, 0x80, 0xEC, 0x1C, 0x07, 0x7F, 0xE1, 0xFB, 0xFE, 0x0F, 0xC3, 0xA0,
    0x6E, 0xDF, 0x87, 0x6E, 0xEE, 0x3F, 0x67, 0x73, 0xBF, 0x39, 0x9F, 0x97, 0xC8, 0x4C, 0x3C, 0x00,
    0x00, 0x00, 0x03, 0x8F, 0xFC, 0x3C, 0xFF, 0xC1, 0xEC, 0x1C, 0x04, 0xFD, 0xC0, 0x0F, 0xDC, 0x63,
    0xFF, 0xF7, 0x3F, 0xFF, 0x7F, 0xFF, 0xF1, 0xBF, 0xFF, 0x03, 0xFF, 0xF0, 0x0C, 0x1C, 0x0C, 0xFF,
    0xC0, 0xEF, 0xFC, 0x1C, 0xC0, 0xC1, 0xCF, 0xFC, 0x38, 0xFF, 0xC7, 0x8C, 0x0C, 0x70, 0xC7, 0xC0,
    0x0C, 0x7C, 0x00, 0x1C, 0x01, 0x80, 0xFF, 0x0F, 0x07, 0xF8, 0x38, 0x3F, 0xC0, 0xFF, 0xFF, 0x01,
    0xFF, 0xF9, 0x8E, 0x61, 0xCE, 0x7F, 0xFC, 0x7B, 0xFF, 0x80, 0xDF, 0xC3, 0x00, 0xE7, 0xF8, 0x17,
    0x3F, 0xC1, 0xF8, 0x60, 0x0F, 0x8B, 0x20, 0x6D, 0xED, 0x87, 0x7F, 0x6E, 0x37, 0xD8, 0xF3, 0xBE,
    0xC7, 0x9F, 0xB7, 0xF4, 0x0C, 0x1F, 0x00, 0x0E, 0x00, 0x00, 0x70, 0x00, 0x03, 0x9F, 0xFE, 0x1C,
    0xFF, 0xF2, 0xF8, 0x38, 0x3F, 0xE1, 0xC1, 0xFE, 0x0E, 0x0D, 0xF0, 0x70, 0x6F, 0x03, 0x83, 0x70,
    0x1C, 0x1B, 0x80, 0xE0, 0x18, 0x07, 0x01, 0xE0, 0x38, 0x0F, 0x81, 0xC0, 0x7E, 0x0E, 0x07, 0x78,
    0x70, 0x39, 0x83, 0x83, 0xC1, 0xFC, 0x1C, 0x07, 0xE0, 0x40, 0x3E, 0x00, 0x00, 0x70, 0x00, 0x07,
    0x00, 0x00, 0x7F, 0xE0, 0x07, 0xFE, 0x00, 0x7F, 0xE0, 0x07, 0x00, 0x1F, 0xFF, 0xC1, 0xFF, 0xFC,
    0x1F, 0xFF, 0xC1, 0xC0, 0x1C, 0x1C, 0x01, 0xC1, 0xFF, 0xFC, 0x1F, 0xFF, 0xC1, 0xFF, 0xFC, 0x10,
    0x00, 0xC1, 0xD9, 0xDC, 0x39, 0x9C, 0xE7, 0x9C, 0xEF, 0x71, 0xCE, 0x76, 0x1C, 0xC2, 0x0C, 0x1C,
    0x00, 0x70, 0xE0, 0x03, 0x87, 0x00, 0xFF, 0xFF, 0x87, 0xFF, 0xFC, 0x3F, 0x8E, 0xE0, 0x38, 0x77,
    0x01, 0xFF, 0x38, 0x7F, 0xF9, 0xC3, 0xF3, 0xEE, 0x1B, 0x8F, 0xF0, 0x1C, 0xFF, 0xF3, 0xCF, 0x2F,
    0x9E, 0xF0, 0x78, 0xE3, 0x01, 0x83, 0xB3, 0xB8, 0x39, 0x9C, 0xE1, 0xCE, 0xE7, 0x9C, 0x73, 0x9C,
    0xC3, 0x98, 0x60, 0x06, 0x03, 0x00, 0x70, 0x3E, 0x03, 0xF9, 0xF8, 0x3F, 0xCE, 0xE1, 0xCF, 0xFF,
    0x1F, 0xFF, 0xF9, 0xDF, 0xFF, 0xDF, 0x38, 0xE0, 0x7F, 0x87, 0x80, 0x7C, 0x7C, 0x03, 0xC7, 0xF0,
    0x3C, 0x3B, 0xC7, 0xC7, 0x8F, 0x3C, 0x78, 0x38, 0x81, 0x80, 0x83, 0x33, 0xB8, 0x39, 0x9C, 0xE3,
    0xCE, 0x67, 0x9C, 0x73, 0x9C, 0xC3, 0x18, 0x60, 0x08, 0x1C, 0x03, 0x83, 0x80, 0x70, 0x70, 0x0E,
    0x0E, 0x01, 0xC1, 0xC0, 0x3F, 0xFF, 0xC7, 0xFF, 0xF8, 0xFF, 0xFF, 0x1C, 0x00, 0x03, 0x80, 0x00,
    0x7F, 0xFC, 0x0F, 0xFF, 0x81, 0xFF, 0xF0, 0x38, 0x0E, 0x0E, 0x01, 0xC1, 0xC0, 0x38, 0x78, 0x07,
    0x0E, 0x00, 0xE1, 0xC0, 0x1C, 0x10, 0x03, 0x80, 0x07, 0x00, 0x61, 0xB9, 0xFF, 0x8D, 0xCF, 0xFC,
    0x6E, 0x7C, 0x03, 0x73, 0x00, 0x1B, 0x98, 0x00, 0xFF, 0xFF, 0xC7, 0xFF, 0xFE, 0x30, 0x3F, 0xF1,
    0x81, 0xE3, 0x0F, 0xCF, 0xB8, 0x7E, 0x6D, 0xC7, 0xF7, 0x7E, 0x39, 0xBB, 0xE1, 0xCD, 0xCF, 0x0E,
    0x6E, 0x70, 0x73, 0x77, 0xC3, 0x1F, 0xFF, 0xB8, 0xFF, 0xBC, 0xC6, 0xF0, 0x40, 0x3F, 0xFF, 0xE3,
    0xFF, 0xFE, 0x3F, 0xFF, 0xE0, 0xE0, 0x70, 0x0C, 0x07, 0x01, 0xC0, 0x70, 0x1C, 0x07, 0x01, 0xFF,
    0xFF, 0x1F, 0xFF, 0xF3, 0xFF, 0xFF, 0x00, 0x7F, 0x00, 0x0F, 0x70, 0x01, 0xE7, 0x00, 0x7C, 0x70,
    0x1F, 0x87, 0x07, 0xE0, 0x70, 0x78, 0x7F, 0x02, 0x03, 0xE0, 0x00, 0x3E, 0x00, 0x06, 0x0C, 0x00,
    0x30, 0x6E, 0x01, 0x83, 0x70, 0xCC, 0x19, 0xC7, 0x60, 0xC7, 0x3F, 0x06, 0x30, 0xFF, 0xFF, 0xC3,
    0xFF, 0xFE, 0x07, 0xFF, 0xF0, 0x30, 0xF0, 0x03, 0x87, 0x80, 0x3C, 0x3E, 0x03, 0xE1, 0xF0, 0x7B,
    0x1D, 0xC1, 0x98, 0xEE, 0x00, 0xCE, 0x38, 0x06, 0xF1, 0xE0, 0x3F, 0x07, 0x81, 0xF0, 0x1C, 0x0D,
    0x00, 0x60, 0x00, 0x31, 0x87, 0x63, 0x1C, 0x7F, 0x31, 0xC3, 0xFF, 0xFF, 0x3D, 0xFF, 0xF7, 0xC3,
    0x1C, 0xFE, 0x31, 0xC6, 0xE3, 0x18, 0x0E, 0xFF, 0xE0, 0xEF, 0xFE, 0x1E, 0xFF, 0xE3, 0xEC, 0xE6,
    0x7E, 0xFF, 0xE7, 0x6F, 0xFE, 0x66, 0xFF, 0xE0, 0xEC, 0xE6, 0x0E, 0xCE, 0x67, 0xEF, 0xFE, 0x3C,
    0xFF, 0xE3, 0x8C, 0x06, 0x00, 0xC0, 0x00, 0x1C, 0x03, 0xFF, 0xFF, 0xFF, 0xFF, 0xF0, 0x1D, 0x88,
    0xE7, 0x3B, 0x9F, 0xFE, 0xE1, 0xDF, 0xB8, 0x08, 0xFA, 0x07, 0xFB, 0xF3, 0xFF, 0xFF, 0x7B, 0xFE,
    0xF4, 0x0E, 0xC5, 0xFF, 0xFF, 0xFF, 0xFF, 0xFF, 0xFF, 0xFF, 0x00, 0xE0, 0x00, 0x1C, 0x00, 0x03,
    0x80, 0x00, 0x70, 0x00, 0x7F, 0x7F, 0xE3, 0xFF, 0xFF, 0x1F, 0xD8, 0x38, 0x38, 0xCD, 0xC1, 0xC6,
    0xEE, 0x0E, 0x37, 0x71, 0xFD, 0xBB, 0x8F, 0xED, 0xDC, 0x7F, 0x6E, 0xE0, 0xE3, 0x77, 0x07, 0x1B,
    0xB8, 0x38, 0xDF, 0xC1, 0xD1, 0xF0, 0x0F, 0xCF, 0x91, 0xFE, 0xFC, 0xCF, 0x8F, 0xE6, 0x60, 0xF7,
    0xF0, 0x0F, 0x1F, 0x80, 0x60, 0x78, 0x7F, 0xFF, 0xF7, 0xFF, 0xFF, 0x9F, 0xFB, 0x9C, 0x39, 0xCC,
    0xE1, 0xCF, 0xFF, 0x0E, 0x7F, 0xF9, 0xFB, 0x99, 0xCF, 0xFC, 0xCE, 0x7F, 0xFF, 0xF0, 0xE7, 0xFF,
    0x87, 0x03, 0x80, 0x38, 0x1C, 0x01, 0xFF, 0xFF, 0x0F, 0xFF, 0xFB, 0xFC, 0x38, 0x1F, 0x81, 0xC0,
    0x63, 0xFF, 0xF8, 0x1F, 0xFF, 0xC0, 0x00, 0x00, 0x1F, 0xFF, 0xC3, 0xFF, 0xFC, 0x7F, 0xFF, 0x8E,
    0x38, 0x71, 0xC7, 0x0E, 0x3F, 0xFF, 0xC7, 0xFF, 0xF8, 0xFF, 0xFF, 0x18, 0x70, 0xE3, 0x0E, 0x1C,
    0x7F, 0xFF, 0x9F, 0xFF, 0xF3, 0xFF, 0xFE, 0x70, 0xE1, 0xCE, 0x1C, 0x3B, 0xC3, 0x87, 0x70, 0x77,
    0xFE, 0x0E, 0xFD, 0x81, 0xDF, 0x00, 0x01, 0xC0, 0x00, 0x38, 0x00, 0x07, 0x00, 0x7F, 0xFF, 0x8F,
    0xFF, 0xF9, 0xFF, 0xFF, 0x38, 0x70, 0xE7, 0x0E, 0x1C, 0xFF, 0xFF, 0x9F, 0xFF, 0xF3, 0x87, 0x0E,
    0x70, 0xE1, 0xCF, 0xFF, 0xF9, 0xFF, 0xFF, 0x3F, 0xFF, 0xF7, 0x0E, 0x06, 0x01, 0xC1, 0xC0, 0x3F,
    0xF8, 0x07, 0xFF, 0x00, 0x7F, 0xC0, 0x7F, 0xFF, 0xDF, 0xFF, 0xFF, 0xFF, 0xFF, 0x80, 0x00, 0x00,
    0xFF, 0xE0, 0x1F, 0xFC, 0xBB, 0xFF, 0xBF, 0x67, 0x77, 0xEF, 0xFE, 0xFD, 0xFF, 0xDF, 0xB3, 0xBB,
    0xF6, 0x77, 0x7E, 0xFF, 0xEF, 0xDF, 0xFD, 0xF8, 0x00, 0x3F, 0xFF, 0xFF, 0xFF, 0xFF, 0xFF, 0xFF,
    0xFC, 0x00, 0x03, 0x00, 0x1F, 0xFF, 0xC0, 0xFF, 0xFE, 0x07, 0x1C, 0x70, 0x3F, 0xFF, 0x81, 0xFF,
    0xFC, 0x0F, 0xFF, 0xE0, 0x71, 0xC7, 0x03, 0xFF, 0xF8, 0x1F, 0xFF, 0xC0, 0x3C, 0x78, 0x03, 0xC1,
    0xE0, 0xFF, 0x1F, 0xE7, 0xF8, 0xFF, 0x19, 0xC7, 0x30, 0x0E, 0x38, 0x00, 0xE1, 0xC0, 0x1F, 0x0E,
    0x01, 0xF0, 0x70, 0x06, 0x03, 0x80, 0x03, 0x00, 0x07, 0xFF, 0xFD, 0xFD, 0xFF, 0xB8, 0x3F, 0xF7,
    0x61, 0xCE, 0xEE, 0x39, 0x9D, 0xEE, 0x33, 0xFF, 0xCE, 0xFF, 0xF7, 0xCE, 0x3C, 0xF0, 0x7F, 0xFC,
    0x1F, 0xFF, 0xC3, 0xFF, 0xF8, 0x71, 0xC7, 0x0F, 0xFF, 0xE1, 0xFF, 0xFC, 0x38, 0xE3, 0x87, 0xFF,
    0xF0, 0xFF, 0xFE, 0x1C, 0x01, 0xC0, 0x00, 0x18, 0x0F, 0xF1, 0x80, 0xFF, 0x3F, 0xCF, 0xF7, 0xFC,
    0xDB, 0x7F, 0xCD, 0xBF, 0x3C, 0xDB, 0xFB, 0x8F, 0xF9, 0xF0, 0xFF, 0x1F, 0x0F, 0xF3, 0xF8, 0xDB,
    0xFB, 0xED, 0xBF, 0x1F, 0xDB, 0xFF, 0xEF, 0xF7, 0xFC, 0xFF, 0x60, 0xCF, 0xF6, 0x0C, 0xC0, 0x60,
    0xCC, 0x07, 0xFC, 0x00, 0x7F, 0xC0, 0x06, 0x0C, 0x00, 0x19, 0x01, 0xFF, 0xDC, 0x0F, 0xF7, 0xE0,
    0x23, 0xBE, 0xC3, 0xB8, 0xEF, 0x1F, 0x87, 0xF0, 0x3F, 0xFE, 0x07, 0xFF, 0xFC, 0x7C, 0x01, 0xFF,
    0xFF, 0xFF, 0x9B, 0xFF, 0xE8, 0x1C, 0x07, 0x00, 0xE0, 0x38, 0x07, 0xFF, 0xC0, 0x3F, 0xFE, 0x00,
    0xE0, 0xC0, 0x03, 0x8E, 0x03, 0xFF, 0xFF, 0x9F, 0xFF, 0xFC, 0xFF, 0xFF, 0xE0, 0xFF, 0xFF, 0xFF,
    0xFF, 0xFF, 0xFF, 0xFF, 0x80, 0xF0, 0x00, 0x1C, 0x00, 0x7F, 0xFF, 0x0F, 0xFF, 0xE1, 0xFF, 0xFC,
    0x38, 0x03, 0x87, 0x00, 0x70, 0xFF, 0xFE, 0x1F, 0xFF, 0xC3, 0xFF, 0xF8, 0x70, 0x07, 0x0E, 0x00,
    0xE1, 0xFF, 0xFC, 0x3F, 0xFF, 0x87, 0xFF, 0xF0, 0xE0, 0x0E, 0x00, 0x1C, 0x18, 0x03, 0x83, 0x00,
    0x70, 0xE0, 0x3F, 0x9F, 0xFF, 0xFB, 0xFF, 0xFF, 0xFF, 0xF8, 0xFC, 0x3F, 0x1F, 0x07, 0xE3, 0xD0,
    0xFF, 0xF7, 0x1F, 0xFE, 0x73, 0xFF, 0xCE, 0x7E, 0x38, 0xEF, 0xC7, 0x0D, 0xB8, 0xE0, 0x37, 0xFC,
    0x06, 0xFF, 0x81, 0xDF, 0xE3, 0xFB, 0x80, 0x7E, 0x20, 0x07, 0x80, 0x00, 0x70, 0x00, 0x07, 0x00,
    0x0F, 0xFF, 0xC0, 0xFF, 0xFC, 0x0E, 0xF1, 0xC0, 0xE7, 0x9C, 0x7F, 0xFF, 0xF7, 0xFF, 0xFF, 0x7F,
    0xFF, 0xF1, 0xCF, 0x1C, 0x38, 0x7F, 0xC7, 0x81, 0x78, 0x3F, 0xFF, 0xC1, 0xFF, 0xFC, 0x19, 0xDD,
    0xC1, 0x9D, 0xDC, 0x19, 0xDD, 0xC7, 0xFF, 0xFF, 0x7F, 0xFF, 0xF7, 0xFF, 0xFF, 0xFF, 0xFF, 0xFF,
    0xFF, 0xFF, 0xFF, 0x00, 0x7E, 0x00, 0xFF, 0xFF, 0xFF, 0xFF, 0xFF, 0xFF, 0xE0, 0x0F, 0xC0, 0x1F,
    0xFF, 0xFF, 0xFF, 0xFF, 0xFF, 0xFC, 0x01, 0xF8, 0x03, 0xFF, 0xFF, 0xFF, 0xFF, 0xFF, 0xFF, 0x00,
    0x38, 0x00, 0x70, 0x00, 0x07, 0x00, 0x7F, 0xFF, 0xF7, 0xFF, 0xFF, 0x00, 0xE0, 0x01, 0xFF, 0xFC,
    0x1F, 0xFF, 0xC1, 0xC0, 0x1C, 0x1F, 0xFF, 0xC1, 0xFF, 0xFC, 0x1C, 0x01, 0xC1, 0xFF, 0xFC, 0x1F,
    0xFF, 0xC1, 0xC0, 0x1C, 0x1F, 0xFF, 0xC1, 0xFF, 0xFC, 0x1C, 0x01, 0xC7, 0xFF, 0xFF, 0x7F, 0xFF,
    0xF0, 0x00, 0x00, 0x00, 0x01, 0xC3, 0xFF, 0xFC, 0x3F, 0xFF, 0x80, 0x0E, 0x00, 0x3F, 0xFF, 0xE3,
    0xFF, 0xFE, 0x3F, 0xFF, 0xE7, 0xFF, 0xFF, 0x7F, 0xFF, 0xF0, 0x7F, 0xFC, 0x0F, 0xFF, 0xC1, 0xFF,
    0xFC, 0x3F, 0xFF, 0xCF, 0xFF, 0xFC, 0x77, 0x01, 0xC0, 0x7F, 0xFC, 0x07, 0xFF, 0xC0, 0x7F, 0xFC,
    0x07, 0xFF, 0xC0, 0x70, 0x1C, 0xFF, 0xFF, 0xCF, 0xFF, 0xFE, 0xFF, 0xFF, 0xEE, 0xFC, 0x0E, 0xEF,
    0xFF, 0xEF, 0xFF, 0xFE, 0xFF, 0xFF, 0xCE, 0xFC, 0xE0, 0xEF, 0xCE, 0x0F, 0xFF, 0xFE, 0xFF, 0xFF,
    0xEE, 0xFF, 0xFE, 0xEF, 0xC7, 0x0F, 0xFC, 0x70, 0xFF, 0xC7, 0x6F, 0xFF, 0xF7, 0xE1, 0xFF, 0xE4,
    0x3F, 0xBE, 0x01, 0xC1, 0xC0, 0x07, 0x07, 0x00, 0x70, 0x70, 0x3F, 0xFF, 0xE3, 0xFF, 0xFE, 0x3F,
    0xFF, 0xE1, 0xFF, 0xFC, 0x1F, 0xFF, 0xC0, 0x1C, 0x00, 0x7F, 0xFF, 0xF7, 0xFF, 0xFF, 0x07, 0xFF,
    0xC0, 0xFF, 0xFC, 0x1F, 0xFF, 0xC3, 0xFF, 0xFC, 0xFF, 0xFF, 0xC7, 0x7F, 0xFC, 0x27, 0xFF, 0xC0,
    0x7F, 0xFC, 0x07, 0xFF, 0xC0, 0x70, 0x1C, 0x00, 0x00, 0x9F, 0xBF, 0xFB, 0xF7, 0xFF, 0x7E, 0x7E,
    0x0C, 0xC1, 0xC1, 0xDF, 0xFF, 0xFF, 0xFF, 0xFF, 0xE6, 0xEE, 0xCC, 0xDD, 0x99, 0xFF, 0xFF, 0xFF,
    0xFF, 0xFE, 0xFF, 0xEC, 0xCD, 0xD9, 0x9F, 0xFF, 0xFF, 0xFF, 0xFF, 0xEF, 0xFE, 0xFC, 0x1C, 0x18,
    0x3F, 0xF9, 0x07, 0xFF, 0x00, 0xFF, 0xE0, 0x30, 0x00, 0x01, 0xC3, 0xFF, 0x8C, 0x1F, 0xFC, 0x7F,
    0xFF, 0xE7, 0xF8, 0x00, 0x3F, 0x1F, 0xF3, 0xB8, 0xFF, 0xCD, 0xC6, 0x0E, 0x7F, 0xB0, 0x77, 0xFD,
    0x83, 0x9F, 0xEF, 0xFC, 0x18, 0x7F, 0xC1, 0xE1, 0x8E, 0x0F, 0x9C, 0x70, 0x7C, 0x63, 0x07, 0x73,
    0xB8, 0x39, 0x9D, 0xC3, 0x87, 0xFF, 0x9C, 0x3F, 0xFC, 0x41, 0xFF, 0xE0, 0x7F, 0xFF, 0xC7, 0xFF,
    0xFC, 0x7F, 0x7F, 0xC1, 0x83, 0x1C, 0x38, 0x31, 0xC3, 0x83, 0x1C, 0x3F, 0x31, 0xC7, 0xF7, 0x1C,
    0x7F, 0x7F, 0xFF, 0x37, 0xFF, 0xF3, 0x7F, 0xF7, 0x30, 0x07, 0x33, 0xFF, 0xF3, 0x3F, 0xFF, 0x3F,
    0xFF, 0xE3, 0xF0, 0x0E, 0x3F, 0x03, 0xE3, 0x00, 0x7E, 0x00, 0x03, 0xC0, 0x00, 0x18, 0x07, 0xFB,
    0x80, 0x7F, 0xBF, 0xC7, 0xF7, 0xFC, 0x18, 0x73, 0x83, 0x8F, 0xFE, 0x39, 0xFF, 0xF3, 0xFF, 0xFF,
    0x7F, 0x66, 0x77, 0xF7, 0xFF, 0xFB, 0x7F, 0xF7, 0xB6, 0x67, 0x7B, 0x66, 0x73, 0xB7, 0xFF, 0x3B,
    0x7F, 0xF3, 0xFE, 0x67, 0x3F, 0xE6, 0x73, 0xFC, 0x7F, 0x31, 0xC7, 0xF0, 0x08, 0x0E, 0x1F, 0xFF,
    0xC1, 0xFF, 0xFC, 0x1F, 0xFF, 0xC0, 0x00, 0x00, 0x00, 0x00, 0x03, 0xFF, 0xFE, 0x7F, 0xFF, 0xF7,
    0xFF, 0xFF, 0x00, 0x70, 0x00, 0x87, 0x10, 0x0E, 0x73, 0x81, 0xC7, 0x3C, 0x1C, 0x71, 0xC3, 0x87,
    0x0E, 0x78, 0x70, 0xEF, 0x07, 0x07, 0x63, 0xF0, 0x60, 0x3F, 0x00, 0x03, 0xE0, 0x00, 0x0E, 0x03,
    0x00, 0x70, 0x18, 0x1F, 0xFF, 0xFC, 0xFF, 0xFF, 0xE1, 0xF0, 0xF8, 0x0F, 0xCF, 0xE1, 0xFF, 0xFF,
    0x8F, 0xDF, 0x6E, 0x6E, 0x33, 0x30, 0x7F, 0xFE, 0x07, 0xFF, 0xF0, 0x3F, 0xFF, 0x87, 0xFF, 0xFF,
    0x3F, 0xFF, 0xF9, 0xFF, 0xFF, 0xC1, 0xCE, 0x70, 0x1E, 0x73, 0xC3, 0xE3, 0x8F, 0x1E, 0xFC, 0x3C,
    0x43, 0xC0, 0x80, 0x01, 0x06, 0x00, 0x7C, 0x30, 0x1F, 0xE1, 0x80, 0xF8, 0x0C, 0x80, 0xC3, 0x6E,
    0x06, 0x1B, 0x73, 0xFF, 0xD9, 0x9F, 0xFE, 0xCE, 0x7F, 0x66, 0x70, 0xF7, 0x31, 0x8F, 0xD9, 0x90,
    0x7F, 0x0C, 0xC7, 0xD8, 0x6E, 0x3E, 0x03, 0xF3, 0xB0, 0x0F, 0x09, 0x80, 0xF0, 0x0C, 0x1F, 0x00,
    0x67, 0xF0, 0x03, 0x7E, 0x00, 0x19, 0x80, 0x00, 0x01, 0x18, 0x00, 0xFD, 0xC0, 0x1F, 0xEE, 0x00,
    0xF8, 0x7F, 0xE0, 0xC7, 0xFF, 0x06, 0x3B, 0xB9, 0xFF, 0x9D, 0x8F, 0xFC, 0xEC, 0x7F, 0xF7, 0xC0,
    0xF1, 0xBF, 0x07, 0xCD, 0xF8, 0x7F, 0xEE, 0xC7, 0xD7, 0x77, 0x36, 0x33, 0xBB, 0xB3, 0x9D, 0xC9,
    0x9C, 0xE6, 0x0C, 0x47, 0x00, 0x60, 0xF8, 0x03, 0x07, 0xC0, 0x18, 0x3C, 0x00, 0x02, 0x06, 0x00,
    0xF8, 0x70, 0x1F, 0xC7, 0xF8, 0xF8, 0xFF, 0xC0, 0xCF, 0x1E, 0x06, 0x7F, 0xE1, 0xFE, 0x7E, 0x1F,
    0xF3, 0xE0, 0x7F, 0xFF, 0x00, 0xF7, 0xB9, 0x0F, 0xD3, 0xFC, 0x7F, 0x3F, 0xE7, 0xF7, 0x87, 0x36,
    0x7E, 0x73, 0xB1, 0xBF, 0x09, 0x80, 0xF0, 0x0C, 0x0F, 0x00, 0x63, 0xF0, 0x03, 0x7E, 0x00, 0x19,
    0xC0, 0x00, 0x01, 0x00, 0x00, 0xFB, 0xFF, 0x1F, 0xFF, 0xF8, 0xFC, 0xE0, 0xC0, 0xE7, 0x06, 0x07,
    0x38, 0x31, 0xFF, 0xFF, 0x8F, 0xFF, 0xFC, 0x7F, 0x00, 0x00, 0xF3, 0xFF, 0x8F, 0xFF, 0xFC, 0x7F,
    0xFF, 0xE7, 0xF8, 0x70, 0x3F, 0xBF, 0xF3, 0xB9, 0xFF, 0xC9, 0xCF, 0xFC, 0x0E, 0x07, 0x00, 0x77,
    0xFF, 0x83, 0xBF, 0xFE, 0x19, 0xFF, 0xE0, 0x00, 0xC0, 0x00, 0x3C, 0x01, 0xFF, 0xFF, 0x7F, 0xFF,
    0xFF, 0xFF, 0xFF, 0xC0, 0x01, 0xF9, 0xC7, 0x3F, 0xF9, 0xFF, 0x7E, 0x0F, 0xDF, 0x00, 0x79, 0xFF,
    0xFF, 0x0F, 0xFF, 0x81, 0xFF, 0xF0, 0x01, 0xC0, 0x00, 0x38, 0x00, 0x07, 0x00, 0x00, 0xE0, 0x1F,
    0xFF, 0xFF, 0xFF, 0xFF, 0x80, 0x00, 0x00, 0x00, 0xC0, 0x00, 0x1C, 0x00, 0x03, 0x80, 0x00, 0x70,
    0x07, 0xFF, 0xFC, 0xFF, 0xFF, 0x9F, 0xFF, 0xF0, 0x60, 0x38, 0x1C, 0x0F, 0x01, 0xC1, 0xC0, 0x38,
    0x38, 0x07, 0x07, 0x00, 0xF1, 0xC0, 0x0E, 0x38, 0x01, 0xC7, 0x00, 0x39, 0xC0, 0xFF, 0xFF, 0xFF,
    0xFF, 0xFF, 0xFF, 0xFF, 0x80, 0x00, 0x00, 0x0C, 0xDF, 0xF9, 0x9B, 0xFF, 0x33, 0x31, 0xE6, 0x67,
    0x38, 0xCC, 0x7F, 0x19, 0x8F, 0xC3, 0x30, 0xF0, 0x66, 0x7F, 0x8C, 0xFF, 0xFD, 0x9B, 0x87, 0x80,
    0x70, 0x07, 0xFF, 0xFC, 0xFF, 0xFF, 0x9F, 0xFF, 0xF0, 0x70, 0x70, 0x0E, 0x0E, 0x1F, 0xFF, 0xFF,
    0xFF, 0xFF, 0xFF, 0xFF, 0xF0, 0x00, 0x60, 0x00, 0x07, 0x00, 0x3F, 0xFF, 0xE3, 0xFF, 0xFE, 0x07,
    0x07, 0x07, 0xFF, 0xFF, 0x7F, 0xFF, 0xF0, 0x00, 0x00, 0x1F, 0xFF, 0xC1, 0xFF, 0xFC, 0x1F, 0xFF,
    0xC1, 0xFF, 0xFC, 0x1C, 0x01, 0xC1, 0xFF, 0xFC, 0x1F, 0xFF, 0xC7, 0xFF, 0xFF, 0x7F, 0xFF, 0xF7,
    0xFF, 0xFF, 0x00, 0x70, 0x00, 0x07, 0x00, 0x08, 0x06, 0x01, 0xCE, 0xE7, 0x1C, 0xEE, 0x70, 0xCE,
    0xE7, 0x7F, 0xFF, 0xF7, 0xFF, 0xFF, 0x00, 0xFF, 0xF7, 0x70, 0x00, 0x77, 0xFF, 0xF3, 0x7F, 0xFF,
    0x36, 0x0E, 0x03, 0x6F, 0xFF, 0x36, 0xFF, 0xF3, 0x6D, 0xFF, 0x3F, 0xDF, 0xF7, 0xFD, 0xFF, 0x7F,
    0xDF, 0xF7, 0x0D, 0xFF, 0x00, 0xDF, 0xF0, 0x0D, 0xBF, 0x1C, 0x0C, 0x01, 0xC1, 0xC0, 0x3F, 0xDF,
    0xF3, 0xFF, 0xFF, 0x77, 0x7B, 0x87, 0x77, 0x38, 0x67, 0x21, 0x80, 0xE0, 0x18, 0x0F, 0xFF, 0xF1,
    0xDF, 0xFF, 0x3D, 0xFF, 0xF7, 0xC4, 0x18, 0x7C, 0xE1, 0x86, 0xCF, 0x18, 0x0C, 0x71, 0x80, 0xC3,
    0x98, 0x0C, 0x21, 0x80, 0xC0, 0xF8, 0x0C, 0x1F, 0x80, 0xC0, 0xF8, 0x0C, 0x0E, 0x01, 0xC0, 0xE0,
    0x1F, 0xFF, 0xF3, 0xFF, 0xFF, 0x7B, 0x39, 0xC7, 0x3B, 0x9C, 0x3F, 0xFF, 0xC3, 0xFF, 0xFC, 0x00,
    0x70, 0xC1, 0xFF, 0xFC, 0x1F, 0xFF, 0xC1, 0xFF, 0xFC, 0x1F, 0xFF, 0xE3, 0xFF, 0xFE, 0x3F, 0xFF,
    0xE0, 0x3F, 0x0E, 0x0F, 0xF0, 0xE3, 0xE7, 0x7E, 0x7C, 0x77, 0xC3, 0x07, 0x00, 0x1C, 0x0C, 0x00,
    0xE0, 0xE0, 0x0F, 0xFF, 0xFC, 0x7F, 0xFF, 0xE7, 0x77, 0x38, 0x3B, 0xB8, 0xC1, 0x8B, 0xE6, 0x00,
    0x7B, 0xC0, 0x0F, 0x8F, 0x83, 0xFF, 0xFF, 0x9E, 0xFF, 0xFC, 0xC3, 0xF8, 0x40, 0xC6, 0x1C, 0x06,
    0x39, 0xC0, 0x39, 0xCE, 0x00, 0xE6, 0xE0, 0x06, 0x27, 0x03, 0xFF, 0xFF, 0x9F, 0xFF, 0xFC, 0xFF,
    0xFF, 0xC0, 0x0C, 0x0C, 0x01, 0xC0, 0xE0, 0x1F, 0xFF, 0xF3, 0xFF, 0xFF, 0x7F, 0x3B, 0x87, 0x3B,
    0x1C, 0x3D, 0xFF, 0xE1, 0xFF, 0xFE, 0x3F, 0xFF, 0xE3, 0x40, 0x0E, 0x33, 0xFE, 0xE3, 0x3F, 0xEE,
    0x33, 0xFE, 0xE3, 0x3F, 0xEE, 0x33, 0xFE, 0xE3, 0x3F, 0xEE, 0x33, 0xFE, 0xE3, 0x3F, 0xFE, 0x30,
    0x03, 0xE3, 0x00, 0x3C, 0x1C, 0x0C, 0x01, 0xFD, 0xFE, 0x3F, 0xFF, 0xF7, 0xFF, 0xFF, 0x77, 0x73,
    0x87, 0xFF, 0xFC, 0x1F, 0xFF, 0xC1, 0xFF, 0xFC, 0x1F, 0xFF, 0xC1, 0xFF, 0xFC, 0x1F, 0xFF, 0xC1,
    0xFF, 0xFC, 0x1F, 0xFF, 0xC0, 0x38, 0x70, 0x7F, 0xFF, 0xF7, 0xFF, 0xFF, 0x7F, 0xFF, 0xF1, 0xF0,
    0x70, 0x7C, 0x07, 0x03, 0x80, 0x70, 0x1C, 0x0C, 0x01, 0xC0, 0xC0, 0x3F, 0xFF, 0xF7, 0xFF, 0xFF,
    0x77, 0x79, 0xC6, 0x37, 0x18, 0x7F, 0xFF, 0xF7, 0xFF, 0xFF, 0x77, 0xFF, 0x77, 0xFF, 0xFF, 0x0F,
    0xFF, 0x80, 0xFF, 0xF8, 0x0F, 0xFF, 0x80, 0xFF, 0xF8, 0x0F, 0xFF, 0xC0, 0xFF, 0xFC, 0x0E, 0x01,
    0xC0, 0xFF, 0xFC, 0x0F, 0xFF, 0xC0, 0xFF, 0xFC, 0x0C, 0x0C, 0x01, 0xFD, 0xFE, 0x3F, 0xFF, 0xF3,
    0xFF, 0xFF, 0x73, 0x79, 0x86, 0x73, 0x78, 0x07, 0x07, 0x07, 0xFF, 0xFF, 0x7F, 0xFF, 0xF3, 0xFC,
    0x0E, 0x3F, 0xCC, 0xE3, 0x8C, 0xCE, 0x3F, 0xCC, 0xE3, 0xFC, 0xCE, 0x38, 0xCC, 0xE3, 0xFC, 0xCE,
    0x3F, 0xCC, 0xE3, 0x8C, 0x3E, 0x3B, 0xC3, 0xE3, 0xBC, 0x3C, 0x0C, 0x0C, 0x01, 0xC0, 0xC0, 0x1F,
    0xFF, 0xF3, 0xFF, 0xFF, 0x73, 0x3B, 0x87, 0xF3, 0xDC, 0x7F, 0xBF, 0xF7, 0xFF, 0xFF, 0x0E, 0x1D,
    0xC7, 0xF9, 0xDC, 0x7F, 0xFF, 0xF7, 0xFF, 0xFF, 0x7F, 0xFF, 0xE7, 0xFB, 0xFE, 0x1F, 0x38, 0xE3,
    0xFB, 0xFE, 0x7F, 0xFF, 0xEE, 0xEB, 0xFE, 0x4E, 0x3F, 0xE0, 0xE3, 0xFE, 0x0C, 0x00, 0x01, 0x65,
    0xFF, 0x1B, 0x7F, 0xF8, 0xDB, 0x71, 0xC7, 0xFB, 0x0E, 0x1F, 0xD8, 0x70, 0xFC, 0xFF, 0x8F, 0xF7,
    0xFC, 0x7F, 0xBF, 0xE3, 0xFD, 0x87, 0x07, 0x8C, 0x38, 0x3E, 0x71, 0xC3, 0xFB, 0xFE, 0x1F, 0xDF,
    0xF1, 0xF6, 0xC3, 0x8D, 0x86, 0x1C, 0x6C, 0x30, 0xE0, 0x67, 0xFF, 0x83, 0x3F, 0xFC, 0x19, 0xFF,
    0xE0, 0x00, 0x03, 0x00, 0xFF, 0xF1, 0xFF, 0xFE, 0x3F, 0xF0, 0x00, 0x78, 0xC0, 0x1E, 0x3C, 0x0F,
    0xFF, 0x01, 0xFF, 0xC0, 0x3F, 0xE6, 0x00, 0xF0, 0xE0, 0xFF, 0xFE, 0x3F, 0xFF, 0xE7, 0xFE, 0x0C,
    0x19, 0xCD, 0x87, 0xBB, 0xC1, 0xE7, 0x3C, 0x78, 0xE3, 0xDE, 0xFC, 0x3D, 0x9F, 0x83, 0x01, 0xE0,
    0x00, 0x00, 0xE0, 0x00, 0x1C, 0x03, 0xFF, 0xFF, 0xFF, 0xFF, 0xF0, 0x0E, 0x01, 0xFF, 0xFF, 0xFF,
    0xFF, 0xFF, 0xFF, 0xFF, 0xC7, 0x9C, 0xFB, 0xFF, 0x9C, 0xFF, 0xF8, 0x0F, 0xF3, 0x81, 0xFB, 0xF8,
    0xFF, 0xFF, 0x9F, 0xFC, 0x38, 0x77, 0x76, 0x3C, 0xEF, 0x8F, 0x1C, 0x7B, 0xCF, 0x87, 0xA1, 0xE0,
    0x00, 0x06, 0x00, 0x0D, 0xDF, 0xF9, 0xBB, 0xFF, 0x37, 0x39, 0xC6, 0xE3, 0xF8, 0xDC, 0x7E, 0x1B,
    0x9F, 0xE3, 0x7F, 0xFF, 0x0F, 0xE3, 0xC1, 0xE7, 0x08, 0xFF, 0xF0, 0x1F, 0xFB, 0x01, 0xFC, 0x78,
    0xFF, 0xFF, 0x9F, 0xFF, 0xFB, 0xE7, 0x26, 0x1E, 0xEF, 0x0F, 0x9C, 0xFB, 0xCF, 0x87, 0xB1, 0xE0,
    0x60, 0x0C, 0x0C, 0x00, 0x70, 0x6E, 0x03, 0x83, 0x78, 0x38, 0x18, 0x81, 0xC0, 0xFE, 0x1D, 0xFF,
    0xF1, 0xCF, 0xFC, 0x0F, 0xE1, 0xC0, 0x7E, 0x0F, 0xF0, 0x73, 0xFF, 0x87, 0x3F, 0xE8, 0x7F, 0xDC,
    0xE7, 0xF0, 0x6F, 0x3E, 0x03, 0xF1, 0x00, 0x1F, 0x01, 0xF1, 0xF0, 0x7F, 0xBF, 0xB3, 0xE7, 0xFF,
    0x98, 0x3C, 0x7C, 0x00, 0x81, 0xC0, 0x04, 0x00, 0x00, 0xE7, 0xFF, 0x0E, 0x7F, 0xF1, 0xC7, 0xFF,
    0x1C, 0x66, 0x73, 0x9E, 0x67, 0x73, 0xE6, 0x7F, 0xFE, 0x67, 0x7F, 0x66, 0x70, 0xE7, 0xFF, 0x1C,
    0x7F, 0xF3, 0xFE, 0x67, 0x7F, 0xE6, 0x77, 0xE6, 0x67, 0x40, 0x66, 0x70, 0x3E, 0x67, 0x7F, 0xFF,
    0xFF, 0xFF, 0xFF, 0x70, 0x7F, 0xF0, 0x06, 0x02, 0x0C, 0x0C, 0x00, 0x70, 0xE0, 0x07, 0x0F, 0xF8,
    0x38, 0x7F, 0xC3, 0x87, 0xFE, 0x1D, 0xFC, 0xE1, 0xDF, 0xFF, 0x1F, 0xF9, 0xF0, 0x7E, 0x0F, 0x82,
    0xE1, 0xFF, 0x0F, 0x3E, 0x7E, 0xFF, 0xF9, 0xE7, 0xF4, 0xF2, 0x3F, 0x07, 0xC1, 0x00, 0x0E, 0x00,
    0xF7, 0x00, 0xFF, 0xFF, 0x07, 0xF8, 0xFE, 0x1C, 0x00, 0xF8, 0x00, 0x01, 0x80, 0x0C, 0x07, 0x00,
    0xE0, 0x70, 0x1C, 0x07, 0x01, 0xCF, 0xFF, 0x38, 0xFF, 0xF3, 0xB8, 0x70, 0x77, 0x87, 0x0F, 0xF7,
    0xFE, 0x7E, 0x7F, 0xF1, 0xE7, 0xFF, 0x3C, 0x00, 0x07, 0xFF, 0xFE, 0xFF, 0xFF, 0xE7, 0xE7, 0xFE,
    0x40, 0x70, 0xE0, 0x7F, 0x0E, 0xFF, 0xF0, 0xEF, 0xFF, 0xFE, 0x70, 0x7F, 0xE0, 0x07, 0x0E, 0x0C,
    0x1C, 0x00, 0x70, 0xE0, 0x07, 0x0F, 0xF8, 0x38, 0xFF, 0xE3, 0x87, 0xFE, 0x1D, 0xFC, 0xE1, 0xDF,
    0xFF, 0x1F, 0xFB, 0xF0, 0x7E, 0x1F, 0x82, 0xE3, 0xFF, 0x0F, 0x7E, 0x7C, 0xFF, 0xFF, 0xEF, 0xF7,
    0xFE, 0x3C, 0x3F, 0xF1, 0x05, 0xC3, 0x81, 0xEE, 0x1C, 0x7F, 0x7F, 0xE3, 0xE3, 0xFF, 0x18, 0x1F,
    0xF8, 0x00, 0xE1, 0xC0, 0x0C, 0x0E, 0x00, 0x70, 0x70, 0x07, 0x01, 0xC0, 0x39, 0xFF, 0xE3, 0xAF,
    0xFF, 0x1D, 0xFF, 0xF1, 0xDC, 0xF7, 0x1F, 0xE7, 0x1C, 0x7E, 0xFF, 0xE2, 0xE7, 0xFF, 0x8F, 0x3F,
    0xDC, 0xFE, 0x77, 0x47, 0xF3, 0xB8, 0x3E, 0x1D, 0xC1, 0x04, 0xCE, 0x83, 0xEE, 0x76, 0x7F, 0xF3,
    0xB3, 0xEF, 0x1F, 0x98, 0x78, 0xFC, 0x03, 0x03, 0xC0, 0x0C, 0x03, 0x00, 0xCE, 0x30, 0x1C, 0xFB,
    0x71, 0xCF, 0xB6, 0x38, 0xFF, 0x63, 0xBE, 0xFE, 0x77, 0xEB, 0x4F, 0xEF, 0xFF, 0x7E, 0xFF, 0xF5,
    0xCE, 0x78, 0x18, 0xEF, 0xC3, 0xFE, 0xFE, 0x7F, 0xFF, 0x77, 0xCF, 0xB3, 0x40, 0xF3, 0x00, 0xFE,
    0x30, 0x7F, 0xE3, 0x07, 0xCF, 0xFF, 0x60, 0xFF, 0xF0, 0x0C, 0x0C, 0x00, 0x60, 0x63, 0x07, 0x1F,
    0xFC, 0x38, 0xFF, 0xC3, 0x87, 0xFE, 0x1D, 0x86, 0xE1, 0xDF, 0xFF, 0xDF, 0xFF, 0xFE, 0x7E, 0xFF,
    0xF2, 0xE0, 0xF0, 0x07, 0x1F, 0xF8, 0x7F, 0xFF, 0xC7, 0xFF, 0x86, 0x3E, 0x5F, 0xF1, 0x00, 0xFF,
    0x80, 0xE7, 0xFC, 0x7F, 0xB0, 0x63, 0xF1, 0xFF, 0x18, 0x0F, 0xF8, 0x00, 0x60, 0xC0, 0x0C, 0x0E,
    0x00, 0x60, 0x70, 0x07, 0x1F, 0xF8, 0x38, 0xFF, 0xC3, 0x80, 0xE0, 0x1D, 0xFF, 0xF9, 0xDF, 0xFF,
    0xDF, 0xCF, 0xFC, 0x7E, 0x3F, 0x62, 0xE3, 0xFB, 0x06, 0x3B, 0xC0, 0x7E, 0xEC, 0x07, 0xFF, 0xFF,
    0x3C, 0x7F, 0xF9, 0x0F, 0xFF, 0xC3, 0xE3, 0xF0, 0x7E, 0x3F, 0xC3, 0xC7, 0xC7, 0x10, 0x7C, 0x1C,
    0x01, 0x80, 0x60, 0x0C, 0x19, 0x00, 0x60, 0xD8, 0x07, 0x0E, 0xE0, 0x38, 0x73, 0x03, 0x87, 0xFF,
    0x1D, 0xBF, 0xF9, 0xDF, 0xCE, 0x1F, 0xFE, 0x70, 0x7F, 0xFF, 0xF2, 0xE7, 0xFF, 0x86, 0x1C, 0xE0,
    0x7E, 0xE7, 0x07, 0xF7, 0xFF, 0x3E, 0x3F, 0xF9, 0x01, 0xCE, 0x00, 0xFE, 0x70, 0x7F, 0xFF, 0xF3,
    0xF3, 0xFF, 0x98, 0x1F, 0xFC, 0x00, 0xE0, 0x00, 0x0C, 0x00, 0xE0, 0x77, 0xFF, 0x87, 0x3F, 0xF8,
    0x38, 0xDC, 0xC3, 0x86, 0xEE, 0x1D, 0xB7, 0xE1, 0xDF, 0xFF, 0xDF, 0xFF, 0xFE, 0x7E, 0x38, 0x00,
    0xEF, 0xFF, 0x8E, 0x7F, 0xFC, 0x7E, 0x7F, 0x87, 0xF7, 0xFE, 0x3E, 0x3F, 0xF0, 0x05, 0xE7, 0x01,
    0xFF, 0xF8, 0x7F, 0xEF, 0x87, 0xDE, 0xFF, 0x18, 0xFF, 0xFE, 0x02, 0x60, 0xE0, 0x0C, 0x0E, 0x01,
    0xC0, 0xE0, 0x1C, 0xFF, 0xE1, 0x8F, 0xFF, 0x38, 0xFF, 0xF3, 0x7E, 0x07, 0x77, 0xFF, 0xFF, 0xEF,
    0xFF, 0x7E, 0xE0, 0x05, 0xCF, 0xFF, 0x38, 0xFF, 0xF3, 0xEF, 0x7B, 0x7E, 0xF7, 0xB7, 0x8F, 0xFF,
    0x43, 0xFF, 0xF1, 0xFF, 0xFF, 0x7F, 0xF7, 0xB7, 0xBB, 0x7B, 0x43, 0xB7, 0xF0, 0x13, 0x06, 0x08,
    0x07, 0x00, 0xEC, 0x38, 0x07, 0x63, 0xF8, 0x33, 0xBF, 0xC3, 0x8F, 0xFE, 0x1B, 0xEB, 0xE1, 0xD8,
    0x3F, 0x1F, 0xFF, 0xFE, 0x7F, 0xFF, 0x72, 0xEE, 0xFF, 0x0E, 0x37, 0xF8, 0x7D, 0xBF, 0xC7, 0xED,
    0xFE, 0x3E, 0x61, 0x80, 0x03, 0xFF, 0xC1, 0xFF, 0xFE, 0x7F, 0xE3, 0x03, 0xDF, 0xFF, 0x90, 0xCF,
    0xFC, 0x02, 0x0F, 0xE0, 0x08, 0x0C, 0x00, 0xC0, 0xE0, 0x1D, 0xFF, 0xF1, 0xDF, 0xFF, 0x39, 0xC0,
    0x73, 0xFF, 0x03, 0x77, 0x7F, 0xFF, 0xE7, 0xFF, 0x7E, 0xE3, 0x85, 0xCE, 0xFF, 0x39, 0xFF, 0xF3,
    0xFF, 0xFF, 0x7F, 0xFC, 0x77, 0x8F, 0xFF, 0x42, 0xFF, 0xF1, 0xFF, 0xC7, 0x7F, 0xFC, 0x77, 0x8F,
    0xFF, 0x60, 0xFF, 0xF0, 0x0E, 0xC7, 0xFF, 0xFF, 0xDF, 0xFF, 0xFF, 0xFF, 0xFF, 0xF0, 0xC2, 0x7E,
    0x18, 0xEF, 0xF7, 0xDD, 0xFF, 0xFF, 0xBF, 0x7F, 0xE7, 0xEF, 0x3C, 0xFC, 0xE3, 0x9F, 0x9E, 0x7B,
    0xF3, 0xFF, 0x7E, 0xFF, 0xFF, 0xDD, 0xEF, 0xFF, 0x1C, 0x3F, 0xC7, 0x07, 0xE0, 0x4F, 0xFC, 0x01,
    0xFB, 0x80, 0x1F, 0x00, 0x7F, 0xFF, 0xCF, 0xFF, 0xF9, 0xCC, 0xE7, 0x3F, 0xFF, 0xE7, 0xFF, 0xFD,
    0xFF, 0xFF, 0xBF, 0xFF, 0xF8, 0x0E, 0x00, 0x3F, 0xFF, 0x07, 0xFF, 0xE0, 0xFF, 0xFC, 0x1F, 0xFF,
    0x83, 0xFF, 0xF0, 0x7F, 0xFE, 0x0F, 0xFF, 0xC1, 0xFF, 0xF8, 0xFF, 0xFF, 0xFF, 0xFF, 0xFF, 0xFF,
    0xFF, 0x80, 0x01, 0x80, 0x07, 0xFF, 0xFF, 0x7F, 0xBF, 0xF3, 0x6C, 0x63, 0x37, 0x86, 0x37, 0xFF,
    0x7B, 0x7F, 0xFF, 0xF1, 0xF9, 0xEF, 0x3F, 0xDE, 0xF7, 0xEC, 0xE3, 0xF6, 0x46, 0x77, 0xFC, 0xEF,
    0x7F, 0xDF, 0xF6, 0x6F, 0xFF, 0x7F, 0xF7, 0x37, 0xFC, 0x63, 0x66, 0xC6, 0x37, 0xFC, 0x63, 0x7F,
    0xDE, 0xF6, 0x0D, 0xEE, 0x00, 0xC0, 0x00, 0x0C, 0x0E, 0x1F, 0xFC, 0xE1, 0xFF, 0xFC, 0x1F, 0xFF,
    0x80, 0x0C, 0x70, 0x00, 0xDE, 0x07, 0xFF, 0xFF, 0x7F, 0xFF, 0xF0, 0x1F, 0x00, 0x07, 0xFF, 0x83,
    0xFF, 0xFC, 0xFF, 0xFF, 0xC7, 0x70, 0x1C, 0x07, 0xFF, 0xC0, 0x7F, 0xFC, 0x07, 0x01, 0xC0, 0x7F,
    0xFC, 0x07, 0xFF, 0xC0, 0x70, 0x1C, 0x18, 0x38, 0x03, 0x83, 0x80, 0x3F, 0x3B, 0xC7, 0x3B, 0xFC,
    0xFF, 0xBF, 0x0F, 0xFF, 0x84, 0xF9, 0xF8, 0x67, 0xF3, 0xFE, 0x7F, 0xBF, 0xE7, 0xF9, 0xFC, 0x63,
    0xB8, 0x07, 0xFB, 0x8C, 0x7F, 0xBF, 0xC6, 0x3B, 0xF8, 0x7F, 0xBE, 0x07, 0xFB, 0x86, 0x63, 0xB8,
    0x76, 0x7B, 0xFE, 0x6F, 0xBF, 0xE6, 0x71, 0xFC, 0x00, 0x0C, 0x07, 0xF0, 0xE0, 0x7F, 0x0E, 0x07,
    0x7F, 0xFF, 0x77, 0xFF, 0xF7, 0x7F, 0xFF, 0x7F, 0x43, 0xE7, 0xFF, 0xBF, 0x77, 0xFB, 0x77, 0x7F,
    0xF7, 0x7F, 0xEF, 0x77, 0xFE, 0xF7, 0x7F, 0xEF, 0x77, 0x7F, 0xFF, 0x77, 0xF9, 0xF6, 0x7F, 0x97,
    0x67, 0xF0, 0x76, 0xFF, 0xFF, 0xEF, 0xFF, 0xF4, 0xE0, 0x07, 0x00, 0x30, 0x07, 0xE7, 0x3F, 0x7E,
    0x73, 0xF7, 0x6F, 0xFF, 0x77, 0xFF, 0x37, 0x7F, 0xF3, 0x7E, 0x73, 0x37, 0xE7, 0x33, 0x77, 0xFF,
    0x37, 0x7F, 0xF3, 0x77, 0xFF, 0x37, 0xE6, 0x33, 0x7E, 0xFB, 0x36, 0x6D, 0xB3, 0x66, 0xDF, 0xF6,
    0x7F, 0xFF, 0x67, 0xFF, 0x46, 0x78, 0xF0, 0xFE, 0x03, 0x04, 0xC0, 0x30, 0x03, 0x80, 0x07, 0x00,
    0x1C, 0x07, 0xFF, 0xFF, 0xFF, 0xFC, 0x01, 0xF8, 0x03, 0xFF, 0xFF, 0xFF, 0xFF, 0xFF, 0xFF, 0x80,
    0x3F, 0x00, 0x7F, 0xFF, 0xFF, 0xFF, 0xF8, 0x03, 0xF0, 0x07, 0xFF, 0xFF, 0xFF, 0xFF, 0xFF, 0xFF,
    0x00, 0x30, 0xFF, 0xFF, 0xDF, 0xFF, 0xFF, 0xFF, 0xFF, 0x07, 0x8E, 0x01, 0xE1, 0xE0, 0x78, 0x1F,
    0x1F, 0xFF, 0xF3, 0xFF, 0xFE, 0x30, 0xE0, 0xC0, 0x1C, 0x00, 0xFF, 0xFE, 0x1F, 0xFF, 0xC3, 0xFF,
    0xF8, 0x01, 0xC0, 0x00, 0x38, 0x00, 0x07, 0x00, 0xFF, 0xFF, 0xFF, 0xFF, 0xFC, 0x01, 0x80, 0x00,
    0x1C, 0x00, 0x01, 0xFF, 0x80, 0x1F, 0xFC, 0x01, 0xE1, 0xE0, 0x1E, 0x1E, 0x01, 0xFF, 0xFF, 0x0F,
    0xFF, 0xF8, 0x7F, 0xFF, 0xC0, 0xE3, 0x86, 0x07, 0x1C, 0x30, 0x3F, 0xFF, 0x81, 0xFF, 0xFC, 0x0E,
    0x00, 0xE0, 0x70, 0x00, 0x83, 0x80, 0x06, 0x1C, 0x00, 0x70, 0xFF, 0xFF, 0x83, 0xFF, 0xF8, 0x0F,
    0xFF, 0x80, 0x0E, 0x0C, 0x01, 0xC1, 0xC3, 0xFF, 0xFF, 0xFF, 0xFF, 0xFF, 0xFF, 0xFE, 0x1C, 0x1C,
    0x03, 0x83, 0x83, 0xFF, 0xFC, 0x7F, 0xFF, 0x8F, 0xFF, 0xF0, 0x0E, 0x0E, 0x01, 0xC1, 0xC0, 0x38,
    0x38, 0x07, 0x07, 0x00, 0xE0, 0xE0, 0x1C, 0xFC, 0x03, 0x9F, 0x80, 0x70, 0x00, 0x0E, 0x00, 0x01,
    0xC0, 0x00, 0x07, 0x06, 0x00, 0x70, 0x70, 0x7F, 0xFF, 0xF7, 0xFF, 0xFF, 0x3F, 0xFF, 0xE0, 0x7E,
    0x70, 0x00, 0xE0, 0x07, 0xFF, 0xFF, 0x7F, 0xFF, 0xF7, 0xFF, 0xFF, 0x03, 0x80, 0x00, 0x7F, 0xFC,
    0x0F, 0xFF, 0xC3, 0xFF, 0xFC, 0x7F, 0x00, 0xCF, 0xF0, 0x0C, 0x67, 0x01, 0xC0, 0x7F, 0xFC, 0x07,
    0xFF, 0xC0, 0x70, 0x0C, 0x07, 0x06, 0x00, 0x38, 0x38, 0x1F, 0xFF, 0xFC, 0xFF, 0xFF, 0xE0, 0x70,
    0x70, 0x03, 0xBB, 0x80, 0x01, 0xC0, 0x03, 0xFF, 0xF8, 0x1F, 0xFF, 0xC0, 0xE3, 0x8E, 0x07, 0x1C,
    0x70, 0x38, 0xE3, 0x87, 0xFF, 0xFF, 0x3F, 0xFF, 0xF8, 0x03, 0xE0, 0x00, 0x3F, 0x80, 0x07, 0xDF,
    0x01, 0xF8, 0x3F, 0x9F, 0x80, 0xFC, 0xE0, 0x01, 0xC0, 0x0E, 0x0E, 0x00, 0xE0, 0xE0, 0xFF, 0xFF,
    0xEF, 0xFF, 0xFE, 0x0E, 0x0E, 0x00, 0xE0, 0xE0, 0x71, 0xFF, 0x87, 0xDF, 0xFC, 0x1D, 0xFF, 0xC0,
    0xDC, 0x1C, 0xF1, 0xC1, 0xCF, 0x9C, 0x1C, 0x39, 0xCF, 0xC0, 0xFC, 0xF8, 0x0F, 0xC0, 0x01, 0xDC,
    0x06, 0x39, 0xC0, 0x6F, 0x1F, 0xFE, 0xF0, 0xFF, 0xE6, 0x07, 0xFC, 0x07, 0x07, 0x07, 0xFF, 0xFE,
    0x7F, 0xFF, 0xF7, 0xFF, 0xFF, 0x07, 0xC7, 0x00, 0x3C, 0x20, 0x7F, 0xFF, 0xF7, 0xFF, 0xFF, 0x07,
    0x00, 0x00, 0xEF, 0xFC, 0x1E, 0xFF, 0xE3, 0xC0, 0x38, 0x7C, 0x0F, 0x0F, 0xDF, 0xFF, 0x6D, 0xFF,
    0xF0, 0xDF, 0xFF, 0x0C, 0x0E, 0x00, 0xC0, 0xE0, 0x0C, 0x3E, 0x00, 0xC3, 0xC0, 0x03, 0x06, 0x00,
    0x30, 0x60, 0x7F, 0xFF, 0xF7, 0xFF, 0xFF, 0x03, 0x06, 0x03, 0x30, 0xE8, 0x3F, 0x0F, 0xC1, 0xF0,
    0xEE, 0x3E, 0x0E, 0x67, 0xEF, 0xFF, 0x67, 0xFF, 0xF0, 0xF0, 0xE0, 0x1F, 0x0E, 0x03, 0xF1, 0xF0,
    0x7F, 0x1F, 0x06, 0x73, 0xB8, 0x07, 0x79, 0xC0, 0xEF, 0x1F, 0x3F, 0xE0, 0xF3, 0xCC, 0x02, 0x03,
    0x06, 0x03, 0xFF, 0xFF, 0x9F, 0xFF, 0xFC, 0xFF, 0xFF, 0xE0, 0x30, 0x78, 0x1F, 0xFF, 0xE0, 0xFF,
    0xFF, 0x07, 0xFE, 0x1C, 0x18, 0xE1, 0xE0, 0xE3, 0x8E, 0x07, 0x1C, 0xE0, 0x18, 0xE3, 0x07, 0xFF,
    0xFF, 0x3F, 0xFF, 0xF9, 0xFF, 0xFF, 0xC0, 0xFF, 0xE0, 0x1F, 0x77, 0xC3, 0xF3, 0x9F, 0x9E, 0x1C,
    0x3C, 0x40, 0xE0, 0x40, 0x03, 0x06, 0x03, 0xFF, 0xFF, 0x9F, 0xFF, 0xFC, 0xFF, 0xFF, 0xE0, 0x73,
    0x60, 0x1C, 0x3C, 0x00, 0xF9, 0xFF, 0x81, 0xDF, 0xFC, 0x01, 0xF3, 0xC3, 0x9D, 0xFC, 0x1F, 0x47,
    0xC0, 0x71, 0xFF, 0xC0, 0xBF, 0x1F, 0x03, 0xFF, 0xF8, 0x3B, 0xFF, 0x03, 0x98, 0x18, 0x3C, 0xC0,
    0xC3, 0xC7, 0xFE, 0x1C, 0x3F, 0xF0, 0x41, 0x81, 0x80, 0x03, 0x06, 0x07, 0xFF, 0xFF, 0x7F, 0xFF,
    0xF7, 0xFF, 0xFF, 0x03, 0x0E, 0x01, 0x39, 0xC0, 0x3B, 0x9F, 0xE3, 0xB9, 0xFE, 0x3B, 0xBF, 0xE3,
    0xBF, 0xF8, 0x3B, 0xF3, 0x83, 0xBA, 0x1C, 0x03, 0x81, 0x81, 0xFF, 0xFC, 0x1F, 0xFF, 0xC1, 0x9D,
    0xCC, 0x19, 0xDC, 0xC7, 0xFF, 0xFF, 0x7F, 0xFF, 0xF7, 0xFF, 0xFF, 0x03, 0x06, 0x03, 0xFF, 0xFF,
    0x9F, 0xFF, 0xFC, 0xFF, 0xFF, 0xE0, 0x30, 0xFE, 0x17, 0xFF, 0xF9, 0xFF, 0xFF, 0xCF, 0xFF, 0xFE,
    0x7F, 0xFF, 0x63, 0xFF, 0xFB, 0x1F, 0xFF, 0xF8, 0x5F, 0xFF, 0xCF, 0xF8, 0xFC, 0x7F, 0xFF, 0xE1,
    0xFF, 0xFE, 0x0F, 0xB6, 0x72, 0x6D, 0xFF, 0xBB, 0x6F, 0xFF, 0xBF, 0x67, 0xBC, 0x90, 0x19, 0xE0,
    0x06, 0x00, 0x00, 0xF7, 0xFF, 0x1E, 0x7F, 0xF3, 0xC7, 0xFF, 0x78, 0x00, 0x07, 0x70, 0x00, 0x67,
    0x00, 0x00, 0xEF, 0xFF, 0x1E, 0xFF, 0xF3, 0xCF, 0xFF, 0x7C, 0x03, 0x8F, 0xC0, 0x38, 0x7C, 0x03,
    0x81, 0xC0, 0x38, 0x1C, 0x03, 0x81, 0xC0, 0x38, 0x1C, 0x03, 0x81, 0xC1, 0xF8, 0x1C, 0x1F, 0x81,
    0xC1, 0xF0, 0x00, 0x70, 0x00, 0x03, 0x80, 0x0F, 0xFF, 0xF8, 0x7F, 0xFF, 0xC0, 0x07, 0x00, 0x0F,
    0xFF, 0xE0, 0x7F, 0xFF, 0x00, 0x0E, 0x00, 0x7F, 0xFF, 0xF3, 0xFF, 0xFF, 0x8F, 0xFF, 0xF8, 0x0F,
    0x71, 0xC1, 0xF1, 0xDE, 0x3F, 0x8F, 0xE1, 0xFC, 0x3C, 0x0C, 0xE2, 0xF0, 0x07, 0xFB, 0xE0, 0x7F,
    0xCF, 0x83, 0xF0, 0x3C, 0x0C, 0x00, 0x00, 0x18, 0x06, 0x00, 0xC0, 0x30, 0x07, 0x01, 0x80, 0x19,
    0xFF, 0xEF, 0xFF, 0xFF, 0x7F, 0xFF, 0xF8, 0x1B, 0x99, 0xC1, 0xDC, 0xCC, 0x1D, 0xFF, 0xE0, 0xFF,
    0xFF, 0x0F, 0xFF, 0xF8, 0xFD, 0xF1, 0xCF, 0xFF, 0xCC, 0x3F, 0xFE, 0xE0, 0x73, 0x3E, 0x03, 0xB8,
    0xF0, 0x1D, 0xCF, 0xC0, 0xFF, 0xFF, 0x87, 0xFE, 0x3C, 0x3A, 0x60, 0x60, 0x07, 0x0E, 0x00, 0x38,
    0x7E, 0x0F, 0xFB, 0xF8, 0x7F, 0xDD, 0xE0, 0x70, 0xE6, 0x03, 0x87, 0x01, 0xFF, 0xFF, 0xCF, 0xFF,
    0xFE, 0x07, 0x0E, 0x43, 0xFF, 0xF7, 0x1F, 0xFF, 0xB8, 0xFF, 0xEF, 0xC1, 0xF7, 0x7C, 0x1F, 0xF3,
    0xC1, 0xFF, 0x9E, 0x8F, 0x9E, 0xE6, 0x1F, 0xFF, 0xB0, 0xFD, 0xFF, 0x87, 0x8E, 0x7C, 0x00, 0x21,
    0xC0, 0x07, 0x06, 0x01, 0x38, 0x70, 0x1D, 0xC3, 0x80, 0x7F, 0xFF, 0xE1, 0xFF, 0xFF, 0x03, 0x87,
    0x00, 0x7C, 0x38, 0x0F, 0xEF, 0xFC, 0x77, 0xFF, 0xF2, 0x3F, 0xFF, 0x01, 0x9C, 0x00, 0xFF, 0xFF,
    0xE7, 0xFF, 0xFF, 0x01, 0xFC, 0x70, 0x3E, 0x77, 0x8F, 0xE3, 0xF8, 0x7F, 0x3F, 0x80, 0x3F, 0xBF,
    0x83, 0xFC, 0x7C, 0x1C, 0x00, 0xC0, 0x10, 0x00, 0x01, 0xC4, 0x7F, 0x07, 0x77, 0xF8, 0x39, 0xB8,
    0xC7, 0xEF, 0xFE, 0x3F, 0x3F, 0xF0, 0x38, 0x71, 0x81, 0xBF, 0xFC, 0x1F, 0xFF, 0xE1, 0xFF, 0xFF,
    0x0F, 0xBF, 0xDC, 0xFD, 0xFF, 0xEF, 0xEF, 0xDC, 0x2F, 0x7F, 0xF0, 0x63, 0xFF, 0xC3, 0x1F, 0xCE,
    0x19, 0xF8, 0x20, 0xDF, 0xFF, 0x86, 0xE7, 0xFC, 0x32, 0x0F, 0xE0, 0xFF, 0xFF, 0xFF, 0xFF, 0xFC,
    0x0C, 0xE0, 0x3F, 0xFF, 0xE7, 0xFF, 0xFC, 0xEE, 0x73, 0x9C, 0xCE, 0x73, 0xFF, 0xFE, 0x7F, 0xFF,
    0xC0, 0x70, 0x03, 0xFF, 0xFF, 0xFF, 0xFF, 0xFF, 0xFF, 0xFE, 0x3C, 0x3C, 0x07, 0xFF, 0x00, 0x7F,
    0xE0, 0x3F, 0xFF, 0x9F, 0xF1, 0xF9, 0xF0, 0x06, 0x00, 0x1F, 0xFF, 0xC1, 0xFF, 0xFC, 0x1F, 0xFF,
    0xC1, 0xC0, 0x1C, 0x1C, 0x71, 0xC1, 0xC7, 0x1C, 0x1C, 0x71, 0xC1, 0xC7, 0x1C, 0x1C, 0x61, 0xC1,
    0xCE, 0x1C, 0x1C, 0xF9, 0xC1, 0xCF, 0x9C, 0x1D, 0xF9, 0xC0, 0x1F, 0x83, 0x03, 0xF8, 0x30, 0xFB,
    0x87, 0x7F, 0x3F, 0xF7, 0xC1, 0xFE, 0x70, 0x0F, 0xC0, 0x07, 0x18, 0x0C, 0xE7, 0x01, 0xDC, 0xFF,
    0xBB, 0x9F, 0xF7, 0x77, 0xFC, 0xEE, 0xFE, 0x1D, 0xF9, 0xC3, 0x3B, 0x1C, 0x1F, 0xFF, 0x07, 0xFF,
    0xF0, 0xFF, 0xFE, 0x1C, 0x71, 0xC3, 0x8E, 0x38, 0x71, 0xC7, 0x0E, 0x3C, 0xE0, 0xCF, 0x98, 0x07,
    0xF0, 0x67, 0xE7, 0xFF, 0xF8, 0xFF, 0xB8, 0x0F, 0xE0, 0x1C, 0x00, 0x00, 0xE1, 0xFF, 0x87, 0xEF,
    0xFC, 0x7F, 0x3F, 0xE3, 0xB8, 0xE7, 0x3F, 0xE7, 0x3B, 0xFF, 0x77, 0xCF, 0xFF, 0x3C, 0x36, 0xDF,
    0x81, 0xFE, 0xFC, 0x0F, 0xF7, 0xFC, 0x6D, 0xBF, 0xE3, 0x6F, 0xB8, 0x1F, 0xF9, 0xC0, 0xFF, 0xFF,
    0xCE, 0xDF, 0xFE, 0x76, 0xC3, 0x83, 0xBE, 0x1C, 0x39, 0xF0, 0xE0, 0xC3, 0x07, 0x00, 0x1C, 0x07,
    0x00, 0xE0, 0x38, 0x07, 0xE1, 0xC0, 0x7F, 0x0E, 0x03, 0xBB, 0xFF, 0x3F, 0xFF, 0xFB, 0xFF, 0xED,
    0xCF, 0xFF, 0x6E, 0x36, 0xFB, 0x71, 0xFF, 0xDB, 0x8F, 0xFF, 0xFC, 0x6D, 0xFF, 0xE3, 0x6F, 0xFE,
    0x1F, 0xE3, 0xB1, 0xFF, 0x1F, 0x8E, 0xD8, 0xEE, 0x76, 0xFF, 0xF3, 0x3F, 0xFF, 0x99, 0xFF, 0xCE,
    0xC3, 0x00, 0x60, 0x00, 0xC0, 0x00, 0x3C, 0x00, 0x03, 0x80, 0x7F, 0xFF, 0xFF, 0xFF, 0xFE, 0x00,
    0x00, 0x07, 0xFF, 0xC0, 0xFF, 0xF8, 0x1F, 0xFF, 0x03, 0xFF, 0xE0, 0x7F, 0xFC, 0x0F, 0xFF, 0x80,
    0x00, 0x00, 0x7F, 0xFF, 0x0F, 0xFF, 0xE1, 0xC0, 0x1C, 0x38, 0x03, 0x87, 0xFF, 0xF0, 0xFF, 0xFE,
    0x1C, 0x01, 0x80, 0x00, 0x06, 0x00, 0xC0, 0x70, 0x07, 0x83, 0x80, 0x1C, 0x1C, 0x00, 0x60, 0xE0,
    0x00, 0x07, 0x00, 0x30, 0x38, 0x0F, 0xBF, 0xFE, 0x7D, 0xFF, 0xF0, 0x67, 0xFF, 0x83, 0x03, 0x80,
    0x18, 0x1C, 0x00, 0xC0, 0xE0, 0x06, 0x07, 0x00, 0x3E, 0x38, 0x01, 0xF1, 0xC0, 0x0F, 0x0E, 0x00,
    0xF0, 0x70, 0x07, 0x03, 0x80, 0x10, 0x0C, 0x00, 0x00, 0x0E, 0x00, 0xC0, 0x70, 0x07, 0x83, 0x80,
    0x1C, 0x1C, 0x00, 0x60, 0xE0, 0x00, 0x07, 0x00, 0x30, 0x38, 0x0F, 0xC1, 0xC0, 0x7E, 0x0E, 0x00,
    0x70, 0x70, 0x03, 0x83, 0xC0, 0x1C, 0x1E, 0x00, 0xE1, 0xF0, 0x07, 0x0F, 0xC0, 0x3E, 0xEE, 0x01,
    0xF7, 0x38, 0x0F, 0x71, 0xE0, 0xF7, 0x87, 0x86, 0x38, 0x1C, 0x01, 0x80, 0x40, 0x00, 0x00, 0x01,
    0xC0, 0xE2, 0x0E, 0x77, 0x18, 0x3B, 0x9D, 0xC0, 0xCC, 0xEE, 0x00, 0x73, 0x70, 0x63, 0x83, 0x0F,
    0x9C, 0x38, 0x7C, 0x71, 0xC0, 0xE3, 0x8E, 0x07, 0x0C, 0xE0, 0x38, 0x77, 0x01, 0xC3, 0xF0, 0x0E,
    0x0F, 0x80, 0x7C, 0x78, 0x03, 0xF7, 0xE0, 0x1F, 0x7F, 0xC0, 0xFF, 0x9F, 0x86, 0xF8, 0x3C, 0x03,
    0x00, 0xE0, 0x00, 0x00, 0x01, 0xC3, 0xFF, 0x0F, 0x3F, 0xF8, 0x3D, 0xFF, 0xC0, 0xE0, 0x0E, 0x02,
    0x00, 0x71, 0xF0, 0x03, 0x9F, 0x80, 0x1C, 0x7C, 0x7F, 0xE0, 0x63, 0xFF, 0x03, 0x1F, 0xF8, 0x18,
    0xE1, 0xC0, 0xC7, 0x00, 0x06, 0x38, 0x00, 0x3D, 0xC0, 0xC1, 0xFE, 0x06, 0x0F, 0x70, 0x30, 0xF3,
    0xFF, 0x87, 0x1F, 0xFC, 0x10, 0x7F, 0xC0, 0x00, 0x00, 0x01, 0xC1, 0xFC, 0x0F, 0x0F, 0xE0, 0x3C,
    0x63, 0x00, 0xE7, 0x18, 0x00, 0x38, 0xC1, 0xE3, 0xC7, 0xDF, 0xBC, 0x3E, 0xFD, 0xC0, 0xF0, 0xE7,
    0xFF, 0x07, 0x3F, 0xF8, 0x39, 0xFF, 0xC1, 0xC7, 0x1C, 0x0E, 0x3D, 0xE0, 0x7C, 0xFE, 0x03, 0xE3,
    0xE0, 0x1F, 0x3F, 0x81, 0xEF, 0xFF, 0x86, 0x7C, 0x7C, 0x23, 0x80, 0xC0, 0x00, 0x00, 0x01, 0xC7,
    0xFF, 0x8F, 0x3F, 0xFC, 0x3D, 0xFF, 0xE0, 0xE0, 0x70, 0x00, 0x03, 0x81, 0xE0, 0x1C, 0x0F, 0x8C,
    0xE0, 0x7C, 0x67, 0xE0, 0xE3, 0x3F, 0x87, 0x19, 0xFC, 0x38, 0xCE, 0x01, 0xC6, 0x70, 0x0E, 0xB3,
    0x80, 0x7D, 0x9C, 0x03, 0xEC, 0xE0, 0x1E, 0x67, 0x01, 0xEF, 0xFF, 0x8E, 0x7F, 0xFC, 0x00, 0x00,
    0x00, 0x00, 0x00, 0x03, 0x9F, 0xFF, 0x3D, 0xFF, 0xF1, 0xEF, 0xFF, 0x0E, 0x00, 0x70, 0x4F, 0xF7,
    0x78, 0xFF, 0x7F, 0xC0, 0x07, 0x7C, 0x7E, 0x71, 0xCF, 0xF7, 0x1C, 0xFF, 0x71, 0xCE, 0x77, 0x1C,
    0xE7, 0x71, 0xCF, 0xF7, 0x1F, 0xFF, 0x71, 0xFF, 0xE7, 0x1F, 0x60, 0x73, 0xC0, 0x3F, 0x18, 0x03,
    0xF0, 0x00, 0x3E, 0x00, 0x06, 0x87, 0x00, 0xFC, 0x78, 0x06, 0xE3, 0xC0, 0x6E, 0x1F, 0xFF, 0xE0,
    0x3F, 0xFE, 0x13, 0xFF, 0xEF, 0x80, 0x60, 0xF8, 0x06, 0x03, 0x9F, 0xF0, 0x39, 0xFF, 0x03, 0x8E,
    0x70, 0x38, 0xE7, 0x03, 0x8E, 0x70, 0x3A, 0xE7, 0x63, 0xEF, 0xB7, 0x3F, 0xFB, 0xE3, 0xFE, 0x3E,
    0x31, 0x01, 0xE0, 0x00, 0x0C, 0x00, 0x30, 0x03, 0x87, 0x80, 0x3C, 0x70, 0x01, 0xC7, 0xFF, 0x0C,
    0xFF, 0xF0, 0x1F, 0xFF, 0x7B, 0xC0, 0x7F, 0xFF, 0xF7, 0xFC, 0xFF, 0x71, 0xCE, 0x77, 0x1C, 0xFF,
    0x71, 0xCF, 0xF7, 0x1C, 0xFF, 0x71, 0xCF, 0xF7, 0x1F, 0xFF, 0x71, 0xFF, 0xF6, 0x1E, 0xE0, 0xE3,
    0xC0, 0x7E, 0x18, 0x07, 0xE0, 0x00, 0x7C, 0x00, 0x30, 0xE3, 0x87, 0x0E, 0x3C, 0x38, 0xE1, 0xE3,
    0x9C, 0x0E, 0xFF, 0xF0, 0x0F, 0xFF, 0x7C, 0xFF, 0xFF, 0xC0, 0x60, 0xFC, 0x7F, 0xE1, 0xC7, 0xFE,
    0x1C, 0x7F, 0xE1, 0xC0, 0x60, 0x1C, 0x07, 0x01, 0xDF, 0xFF, 0x1F, 0xFF, 0xF1, 0xF0, 0x60, 0x1F,
    0x06, 0x01, 0xE0, 0x60, 0x18, 0x06, 0x01, 0x00, 0x60, 0x00, 0x00, 0x01, 0x8F, 0xFF, 0x8F, 0x7F,
    0xFC, 0x38, 0x38, 0x00, 0xCF, 0xFC, 0x00, 0x7F, 0xE1, 0xE3, 0xFF, 0x1F, 0x87, 0x18, 0xFC, 0x39,
    0xC0, 0xFF, 0xFF, 0x87, 0xFF, 0xFC, 0x38, 0x00, 0x01, 0xCF, 0xFE, 0x0E, 0x7F, 0xF0, 0x77, 0x83,
    0x83, 0xFC, 0x1C, 0x1F, 0xE0, 0xE1, 0xF7, 0xFF, 0x06, 0x3F, 0xF8, 0x01, 0xC1, 0xC0, 0x00, 0x00,
    0x01, 0xC7, 0xFF, 0x0F, 0x3F, 0xF8, 0x3D, 0xC1, 0xC0, 0xEE, 0x0E, 0x02, 0x7F, 0xF1, 0xE3, 0xFF,
    0x9F, 0x8F, 0xFC, 0xFC, 0xFF, 0xE0, 0xE7, 0xFF, 0x87, 0x3F, 0xFC, 0x38, 0x1C, 0x01, 0xDF, 0xFF,
    0x0E, 0xFF, 0xF8, 0x77, 0xFF, 0xC3, 0xE3, 0xE0, 0x1F, 0x3B, 0x80, 0xF7, 0xCF, 0x06, 0x7C, 0x3C,
    0x01, 0x80, 0xE0, 0x00, 0x61, 0x81, 0xC3, 0x8E, 0x0F, 0x1C, 0x70, 0x3C, 0x77, 0x00, 0xEF, 0xFE,
    0x02, 0x7F, 0xF1, 0xE3, 0xFF, 0x9F, 0x98, 0x1C, 0xFC, 0xC0, 0xE0, 0xE7, 0xFF, 0x07, 0x3F, 0xF8,
    0x39, 0xFF, 0xC1, 0xC3, 0xB0, 0x0E, 0x9D, 0x80, 0x7F, 0xCC, 0x03, 0xFE, 0x66, 0x1E, 0xF3, 0x31,
    0xEF, 0x1F, 0x86, 0xF0, 0xFC, 0x03, 0x03, 0xC0, 0x00, 0x0E, 0x01, 0xC0, 0x70, 0x0F, 0x3F, 0xFC,
    0x3D, 0xFF, 0xE0, 0xCF, 0xFE, 0x00, 0x7F, 0xF0, 0x60, 0x38, 0x1F, 0xBF, 0xFE, 0xFD, 0xFF, 0xF0,
    0xE3, 0xFF, 0x07, 0x3F, 0xF8, 0x39, 0xC1, 0xC1, 0xCF, 0xFE, 0x0E, 0x7F, 0xF0, 0x7F, 0x83, 0x83,
    0xFF, 0xFC, 0x1F, 0xFF, 0xE1, 0xE7, 0x07, 0x06, 0x38, 0xF8, 0x21, 0xC7, 0x80, 0x00, 0x0E, 0x01,
    0xC0, 0x70, 0x0F, 0x3F, 0xF8, 0x3D, 0xFF, 0xC0, 0xC0, 0xE0, 0x00, 0xFF, 0xF9, 0xE7, 0xFF, 0xDF,
    0x9F, 0xFE, 0xFC, 0x76, 0x60, 0xE5, 0xF7, 0x07, 0x7F, 0x80, 0x39, 0xEC, 0x01, 0xDF, 0xFF, 0x0E,
    0xFF, 0xF8, 0x7F, 0xFF, 0xC3, 0xE3, 0xF0, 0x1E, 0x7B, 0xC0, 0xE7, 0xC7, 0x8E, 0x78, 0x1C, 0x23,
    0x80, 0x60, 0x00, 0x00, 0x03, 0x8F, 0xFF, 0x3D, 0xFF, 0xF1, 0xFC, 0x67, 0x0D, 0xCE, 0x70, 0x1F,
    0xFF, 0x19, 0xFF, 0xFF, 0xDC, 0xE7, 0xFD, 0xFF, 0xF1, 0xDF, 0xFF, 0x1D, 0xC0, 0x71, 0xDF, 0xFF,
    0x1D, 0xFF, 0xF1, 0xDF, 0xBF, 0x1F, 0xFB, 0xF1, 0xFB, 0xFF, 0x1F, 0xBF, 0x73, 0xF9, 0x07, 0x3B,
    0x01, 0xF0, 0x30, 0x1E, 0x00, 0x04, 0x03, 0xFE, 0x70, 0x1F, 0xF3, 0x80, 0xFF, 0x98, 0x07, 0xFD,
    0xFF, 0x3F, 0xEF, 0xF9, 0xFF, 0x63, 0x8F, 0xFF, 0x1C, 0x7F, 0xF8, 0xE3, 0xFF, 0xE6, 0x1F, 0xFF,
    0x70, 0xFF, 0x9B, 0x87, 0xFC, 0xF8, 0x3F, 0xE3, 0xC0, 0xB4, 0x1E, 0x03, 0xF0, 0xF0, 0x1F, 0x8F,
    0xC3, 0xCE, 0xFF, 0x9C, 0x3F, 0x1C, 0xC0, 0x20, 0x60, 0x00, 0x10, 0x03, 0xFD, 0xC3, 0x1F, 0xEE,
    0x38, 0xE3, 0x73, 0xC7, 0xDB, 0x9C, 0x3E, 0xDD, 0xC1, 0xF6, 0xFC, 0x0F, 0xB7, 0x40, 0x7D, 0xFF,
    0xF3, 0xEF, 0xFF, 0x9F, 0x7F, 0xFC, 0xFB, 0x76, 0x07, 0xDB, 0xB8, 0x3E, 0xDC, 0xC0, 0xFC, 0xE7,
    0x03, 0xE7, 0x38, 0x3B, 0x3F, 0xE3, 0x9D, 0xFB, 0x9C, 0x7F, 0x1C, 0x80, 0x60, 0x00, 0x0E, 0x00,
    0x00, 0x70, 0xFF, 0x1F, 0xF7, 0xF8, 0xFF, 0x9F, 0xC7, 0xFC, 0x06, 0x07, 0x00, 0x31, 0xFF, 0xBF,
    0x8F, 0xFF, 0xFC, 0x7F, 0xFF, 0xE0, 0x38, 0xE3, 0x1D, 0xC7, 0x00, 0xEF, 0xF8, 0x47, 0x7F, 0xC3,
    0x3B, 0x8E, 0x19, 0xFC, 0x7F, 0xCF, 0xE3, 0xFE, 0x7F, 0x01, 0x83, 0x7F, 0xFF, 0xB9, 0xFF, 0xFD,
    0xC0, 0xFF, 0xE0, 0x0E, 0x00, 0x00, 0x71, 0xFF, 0x9F, 0xFF, 0xFC, 0xFF, 0x9C, 0xE7, 0xFC, 0xE7,
    0x07, 0x06, 0x39, 0xFF, 0x7F, 0x8F, 0xFF, 0x7C, 0x7F, 0xF1, 0xC0, 0x30, 0xFF, 0x1D, 0x8F, 0xF8,
    0xEF, 0xF0, 0xC7, 0x7F, 0x86, 0x3B, 0x1C, 0x31, 0xF8, 0xFF, 0x8F, 0xC3, 0xFC, 0x7E, 0x00, 0x03,
    0x7F, 0xFF, 0xB9, 0xFF, 0xFC, 0xC0, 0xFF, 0xE0, 0x1F, 0xFF, 0xC0, 0xFF, 0xFE, 0x07, 0xFF, 0xF0,
    0x38, 0x03, 0x81, 0xC0, 0x1C, 0x0F, 0xFF, 0xE0, 0x7F, 0xFF, 0x03, 0xFF, 0xF8, 0x00, 0x70, 0x00,
    0x73, 0x80, 0x03, 0x9F, 0xF8, 0x1C, 0xFF, 0xC1, 0xE7, 0xFE, 0x0F, 0x38, 0x00, 0x7D, 0xC0, 0x07,
    0x7E, 0x00, 0x79, 0xFF, 0xF3, 0x87, 0xFF, 0x88, 0x07, 0xFC, 0x00, 0x00, 0x43, 0xF8, 0x3F, 0x1F,
    0xFF, 0xF8, 0xE7, 0xFE, 0x07, 0x38, 0x70, 0x39, 0xC3, 0x81, 0xFE, 0x1C, 0x0F, 0xF0, 0xE0, 0x0C,
    0x7F, 0xF1, 0x63, 0xFF, 0x9F, 0xE1, 0xC0, 0xFF, 0x0E, 0x07, 0xF0, 0xF8, 0x3E, 0x07, 0xC1, 0xF0,
    0x3E, 0x0F, 0xF3, 0xB8, 0x7F, 0xB8, 0xE7, 0xF3, 0xC7, 0x9C, 0x3C, 0x1C, 0x00, 0xC0, 0x60, 0x00,
    0x18, 0x03, 0xFD, 0xC0, 0x1F, 0xEF, 0xF8, 0xE7, 0xFF, 0xC7, 0x3F, 0xFE, 0x39, 0xF0, 0x31, 0xFF,
    0xFD, 0x8F, 0xFF, 0xEC, 0x0E, 0x7F, 0x63, 0x73, 0xBB, 0x1F, 0xFD, 0xD8, 0xFF, 0xFE, 0xC7, 0xF7,
    0xFE, 0x3F, 0x39, 0xF1, 0xF9, 0xCF, 0x0F, 0xFE, 0x06, 0x7F, 0xF0, 0x3F, 0xF3, 0xFF, 0x9C, 0x0F,
    0xFC, 0x00, 0x3F, 0xC0, 0x7F, 0xBF, 0xF3, 0xFF, 0xFF, 0x9C, 0x7F, 0xFC, 0xE3, 0xE0, 0x07, 0x1F,
    0x00, 0x3F, 0xFF, 0xF1, 0xFF, 0xFF, 0x81, 0xCE, 0x1C, 0x2E, 0x70, 0xE3, 0xFF, 0x87, 0x1F, 0xFC,
    0x38, 0xFF, 0xFF, 0xC7, 0xE7, 0xFE, 0x3F, 0x38, 0x01, 0xFF, 0xC0, 0x0F, 0xFE, 0x00, 0xFE, 0x7F,
    0xF3, 0x81, 0xFF, 0x80, 0x7F, 0xFF, 0xE3, 0xFF, 0xFF, 0x1C, 0x7C, 0x18, 0xE3, 0xE0, 0xC7, 0x1F,
    0xFE, 0x3F, 0xFF, 0xF1, 0xFF, 0xC1, 0x81, 0xCE, 0x0C, 0x6E, 0x7F, 0xE3, 0xFF, 0xFF, 0x1F, 0xFD,
    0x8C, 0xFF, 0xEE, 0xE7, 0xE7, 0x3E, 0x3F, 0x39, 0xE1, 0xFF, 0xC7, 0x0F, 0xFF, 0xFC, 0xFF, 0x7E,
    0xF3, 0x83, 0xF3, 0x80, 0x18, 0x08, 0x00, 0x1B, 0x83, 0xF8, 0xDC, 0x1F, 0xC6, 0xE0, 0xFF, 0xB7,
    0x67, 0x3F, 0xBF, 0x39, 0xFD, 0xF9, 0xFD, 0xEF, 0x8F, 0xEF, 0x78, 0x0C, 0x1B, 0xC1, 0x60, 0xDC,
    0x1F, 0xCE, 0xF0, 0xFE, 0xF7, 0xC7, 0xDF, 0xBF, 0x3E, 0xFD, 0xD9, 0xF2, 0xEE, 0x0F, 0xF6, 0x76,
    0x7F, 0xF3, 0xBF, 0xE7, 0x9F, 0x98, 0x78, 0xFC, 0x01, 0x83, 0xC0, 0x0C, 0x07, 0x00, 0x60, 0x38,
    0x1F, 0xEF, 0xF9, 0xFF, 0xFF, 0xE7, 0xFF, 0xFF, 0x0C, 0x07, 0x00, 0xF9, 0xFF, 0xC7, 0xCF, 0xFE,
    0x76, 0x7F, 0xF3, 0xFC, 0xE0, 0x1F, 0xE7, 0xF8, 0x0C, 0x7F, 0xE0, 0x63, 0xFE, 0x07, 0xE0, 0xE3,
    0xFF, 0x6E, 0x0F, 0xC3, 0xF0, 0x46, 0x0F, 0x00, 0x30, 0x3E, 0x01, 0x80, 0x70, 0x0C, 0x01, 0x80,
    0x0C, 0x00, 0x01, 0xC7, 0xFE, 0x7F, 0xFF, 0xE7, 0xFB, 0xFE, 0x7F, 0x81, 0xC3, 0x80, 0x38, 0x3E,
    0x0F, 0x83, 0x61, 0xFC, 0x76, 0x7D, 0xF7, 0xFF, 0x87, 0x7F, 0xE0, 0x20, 0x67, 0xFE, 0x06, 0x7F,
    0xE0, 0xF8, 0x70, 0xFF, 0x87, 0x07, 0xE0, 0x70, 0x46, 0x07, 0x00, 0x6F, 0xFF, 0x06, 0xFF, 0xF0,
    0x67, 0xFF, 0x0E, 0x1C, 0x00, 0xE1, 0xF8, 0x7F, 0xFD, 0xC7, 0xFF, 0xCE, 0x0E, 0x1C, 0x8F, 0xFF,
    0xFE, 0xFF, 0xFF, 0xE1, 0xC1, 0xC8, 0xFF, 0xFC, 0xCF, 0xFE, 0xDC, 0x7F, 0x0D, 0xC7, 0x70, 0xF8,
    0xFF, 0xEF, 0x87, 0xFE, 0xF0, 0x07, 0x0F, 0x47, 0xFE, 0xE6, 0xFF, 0xFF, 0x6F, 0xF3, 0xFE, 0x07,
    0x7B, 0xE0, 0x73, 0x1C, 0x1C, 0x06, 0x00, 0xE0, 0x38, 0x1F, 0xC1, 0xC1, 0xFF, 0xFF, 0xE7, 0xFF,
    0xFF, 0x1C, 0x3F, 0xF8, 0xF8, 0x73, 0x86, 0xC7, 0x1C, 0x76, 0x78, 0x73, 0xFF, 0xC7, 0x9F, 0xFE,
    0x7C, 0x8C, 0x3B, 0x80, 0x60, 0xF8, 0x07, 0xC7, 0xC3, 0xFE, 0x1C, 0x0F, 0xF1, 0xF0, 0x46, 0x1F,
    0xC0, 0x33, 0xEF, 0x81, 0xBE, 0x3C, 0x0C, 0xC0, 0x40, 0x18, 0x06, 0x00, 0xC0, 0x78, 0x1F, 0xC7,
    0xC1, 0xFE, 0x7F, 0x87, 0xFF, 0x9F, 0x18, 0xFF, 0xFC, 0xF3, 0xFF, 0xCF, 0xC0, 0x00, 0x7E, 0xFF,
    0xF3, 0xFF, 0xFF, 0x9F, 0xFB, 0xFC, 0xDD, 0xFF, 0xE0, 0xEF, 0xFF, 0x0F, 0xF7, 0xF9, 0xFF, 0xFF,
    0xCF, 0xDF, 0xFE, 0x4E, 0xEF, 0xF0, 0x77, 0x73, 0x83, 0xBF, 0xFC, 0x19, 0xF9, 0xC0, 0x10, 0x1C,
    0x03, 0xC0, 0xE0, 0x0F, 0x07, 0x00, 0x38, 0x38, 0x00, 0xDF, 0xFF, 0x04, 0xFF, 0xF8, 0x00, 0x71,
    0xDF, 0x87, 0x0E, 0xFC, 0x38, 0x73, 0xE1, 0xC3, 0x87, 0x0E, 0x18, 0x38, 0xE1, 0xC1, 0xCF, 0x0E,
    0x0E, 0x70, 0x70, 0x7F, 0x3F, 0x87, 0xB8, 0xF8, 0x7F, 0x07, 0x87, 0xFF, 0xFF, 0xF8, 0xFF, 0xFC,
    0xC1, 0xFF, 0xE0, 0x00, 0x0C, 0x03, 0x80, 0x60, 0x0E, 0x07, 0x00, 0x78, 0x38, 0x01, 0xFF, 0xFF,
    0x0D, 0xFF, 0xF8, 0x07, 0xFF, 0xC0, 0x03, 0x80, 0xFC, 0x1E, 0x07, 0xE1, 0xF8, 0x07, 0x0F, 0xE0,
    0x38, 0xF7, 0x81, 0xCF, 0x1E, 0x0E, 0xF0, 0x70, 0x7F, 0x83, 0xC7, 0xB0, 0x0C, 0x7F, 0x00, 0x07,
    0xBF, 0xFF, 0x98, 0x7F, 0xFC, 0x40, 0x7F, 0xC0, 0x00, 0x01, 0x81, 0x80, 0x1C, 0x1E, 0x00, 0xE0,
    0x78, 0x07, 0x01, 0xDF, 0xFF, 0x04, 0xFF, 0xF8, 0x00, 0x0E, 0x00, 0x18, 0x70, 0x7C, 0xE3, 0x83,
    0xE7, 0x9C, 0x07, 0x1C, 0xE0, 0x38, 0x77, 0x01, 0xC2, 0x38, 0x0E, 0x01, 0xC0, 0x70, 0x7E, 0x07,
    0xC3, 0xF0, 0x7F, 0x80, 0x37, 0xBF, 0xFF, 0x98, 0x7F, 0xFC, 0x00, 0x3C, 0x00, 0x00, 0x00, 0xC3,
    0x87, 0xFF, 0x8E, 0x3F, 0xF8, 0x79, 0xF0, 0x01, 0xCE, 0x00, 0x04, 0x70, 0x00, 0x03, 0xFF, 0xC7,
    0x1F, 0xFE, 0x7C, 0xFF, 0xF3, 0xE7, 0x1C, 0x07, 0x38, 0xE0, 0x39, 0xC7, 0x01, 0xDC, 0x38, 0x0E,
    0xE1, 0xC0, 0x7F, 0x0E, 0x03, 0xF0, 0x70, 0x7F, 0x83, 0x07, 0xBF, 0xFF, 0x98, 0xFF, 0xFC, 0x40,
    0x7F, 0x80, 0x00, 0x00, 0x41, 0x87, 0xFF, 0x1E, 0x3F, 0xFC, 0x79, 0xFC, 0x01, 0xCC, 0x00, 0x04,
    0x7F, 0xF0, 0x03, 0xFF, 0x80, 0x3F, 0xFC, 0x7D, 0xD0, 0xC3, 0xEF, 0xEE, 0x07, 0x77, 0xF0, 0x3B,
    0x9F, 0x01, 0xDC, 0xF8, 0x0F, 0xCF, 0xE0, 0x7F, 0xF7, 0x83, 0xEF, 0x1C, 0x7F, 0x20, 0x07, 0xFF,
    0xFF, 0x98, 0xFF, 0xFC, 0x80, 0xFF, 0xC0, 0x10, 0x00, 0x03, 0xCF, 0xFF, 0x8F, 0xFF, 0xFC, 0x3F,
    0xFF, 0xE0, 0xC0, 0xE0, 0x04, 0x0E, 0x00, 0x00, 0xF0, 0x1F, 0x87, 0xF0, 0xFC, 0x7F, 0xC3, 0xE7,
    0xEF, 0x07, 0xFF, 0x3C, 0x3F, 0xB8, 0xE1, 0xF1, 0xC6, 0x0E, 0x0E, 0x00, 0x70, 0x70, 0x07, 0x83,
    0x80, 0x7F, 0x1C, 0x07, 0xFF, 0xFF, 0xF8, 0xFF, 0xFC, 0xC1, 0xFF, 0xE0, 0x00, 0x18, 0x01, 0x00,
    0xE0, 0x1C, 0x07, 0x00, 0x77, 0xFF, 0xE1, 0xFF, 0xFF, 0x0D, 0xFF, 0xF8, 0x06, 0x0E, 0x00, 0x3C,
    0x70, 0x7C, 0xF7, 0x03, 0xE3, 0xF8, 0x1F, 0x0F, 0x80, 0x38, 0x3E, 0x01, 0xC7, 0xF8, 0x0E, 0xF9,
    0xE0, 0x7F, 0x87, 0x83, 0xF0, 0x1C, 0x7F, 0x00, 0x07, 0xFF, 0xFF, 0x9C, 0xFF, 0xFC, 0xC0, 0xFF,
    0xC0, 0x00, 0x00, 0x03, 0x83, 0x9C, 0x1E, 0x1C, 0xE0, 0x78, 0xE7, 0x01, 0xDF, 0xFF, 0x04, 0xFF,
    0xF8, 0x01, 0xCE, 0x00, 0x0E, 0x70, 0x7C, 0x73, 0x83, 0xEF, 0xFF, 0x87, 0x7F, 0xFC, 0x3B, 0xFF,
    0xE1, 0xC7, 0x38, 0x0E, 0x71, 0xC0, 0x77, 0x8E, 0x03, 0xB8, 0x70, 0x7F, 0x81, 0x87, 0xBF, 0xFF,
    0x98, 0xFF, 0xFC, 0xC0, 0x7F, 0xC0, 0x20, 0xFF, 0xE3, 0xC7, 0xFF, 0x0F, 0x3F, 0xF8, 0x38, 0x00,
    0x00, 0x80, 0x00, 0x01, 0xFF, 0xF9, 0xFF, 0xFF, 0xDF, 0xBF, 0xFC, 0x7C, 0x77, 0x00, 0xE3, 0xB8,
    0x07, 0x1D, 0xC0, 0x39, 0xCE, 0x61, 0xDE, 0x73, 0x0F, 0xE1, 0xF8, 0x7E, 0x0F, 0x87, 0xE0, 0x00,
    0x7F, 0xFF, 0xF3, 0x9F, 0xFF, 0x98, 0x1F, 0xFC, 0x10, 0x38, 0x03, 0x81, 0xC0, 0x0E, 0x7F, 0xFC,
    0x3F, 0xFF, 0xE1, 0xDF, 0xFE, 0x04, 0x77, 0x00, 0x03, 0xB8, 0x0F, 0xBF, 0xFC, 0xFD, 0xFF, 0xE3,
    0xEF, 0xFF, 0x07, 0x03, 0x80, 0x3F, 0xFF, 0xE1, 0xFF, 0xFF, 0x0F, 0xFF, 0xF8, 0x70, 0x38, 0x07,
    0x81, 0xC0, 0x7F, 0x0E, 0x07, 0xFF, 0xFF, 0xF8, 0xFF, 0xFC, 0xC1, 0xFF, 0xE0, 0x30, 0xFF, 0xC3,
    0xC7, 0xFE, 0x0F, 0x38, 0x30, 0x39, 0xFF, 0x80, 0x8F, 0xFC, 0x00, 0x70, 0x61, 0xE3, 0xFF, 0x0F,
    0x9F, 0xF8, 0x7C, 0xFF, 0xE0, 0xE7, 0x77, 0x87, 0x3B, 0xF0, 0x39, 0xCF, 0x01, 0xCF, 0xDC, 0x0E,
    0xFE, 0x70, 0x77, 0xC1, 0x87, 0xE0, 0x00, 0x7F, 0xFF, 0xF3, 0x0F, 0xFF, 0x90, 0x0F, 0xF8, 0x10,
    0x60, 0xC3, 0x87, 0x0E, 0x0E, 0x1C, 0x70, 0x38, 0xE7, 0x01, 0xDF, 0xFE, 0x04, 0xFF, 0xF0, 0x00,
    0x30, 0x0F, 0x81, 0x80, 0x7F, 0xFF, 0xF3, 0xFF, 0xFF, 0x87, 0xFF, 0xFC, 0x38, 0x3E, 0x01, 0xC3,
    0xF8, 0x0E, 0x3D, 0xE0, 0x77, 0xC7, 0x87, 0xBC, 0x1C, 0x7F, 0x80, 0x47, 0xFF, 0xFF, 0xF8, 0xFF,
    0xFC, 0x81, 0xFF, 0xE0, 0x00, 0x00, 0xC3, 0x87, 0xFF, 0x1E, 0x7F, 0xF8, 0x79, 0xFC, 0x01, 0xC0,
    0xE0, 0x05, 0xFF, 0xF8, 0x0F, 0xFF, 0xCF, 0x3F, 0xFE, 0xFC, 0x0E, 0x07, 0xE7, 0xFF, 0x07, 0x3F,
    0xF8, 0x39, 0xC1, 0xC1, 0xCC, 0x0E, 0x0E, 0x60, 0x70, 0x73, 0xFF, 0x83, 0x9F, 0xFC, 0x3F, 0x00,
    0x07, 0xFF, 0xFF, 0x98, 0x7F, 0xFC, 0x80, 0x7F, 0x80, 0x00, 0xE1, 0xC3, 0x87, 0x0E, 0x1E, 0x1C,
    0xF0, 0x77, 0xFF, 0xE1, 0xFF, 0xFF, 0x0D, 0xFF, 0xF8, 0x07, 0x31, 0x8F, 0x39, 0x9C, 0x7D, 0xCC,
    0xE3, 0xEE, 0x67, 0x07, 0x7F, 0xF8, 0x3B, 0xFF, 0xC1, 0xDF, 0xFE, 0x0E, 0x0E, 0x00, 0x70, 0xE0,
    0x03, 0x9F, 0x00, 0x3F, 0xF0, 0x03, 0xFF, 0xFF, 0x9C, 0xFF, 0xFC, 0xC0, 0xFF, 0xE0, 0x00, 0x0E,
    0x03, 0x87, 0x70, 0x1E, 0x3B, 0x80, 0x79, 0xFF, 0xC1, 0xDF, 0xFE, 0x05, 0xE7, 0x00, 0x06, 0x38,
    0x00, 0x7F, 0xFE, 0x7F, 0xFF, 0xF3, 0xFF, 0xFF, 0x9F, 0x0C, 0xC0, 0x38, 0xE6, 0x01, 0xC7, 0x33,
    0x0E, 0x71, 0x98, 0x7F, 0x8F, 0xC3, 0xF8, 0x7E, 0x3F, 0x00, 0xC3, 0xFF, 0xFF, 0x9C, 0xFF, 0xFC,
    0xC0, 0xFF, 0xE0, 0x00, 0x00, 0x43, 0x8F, 0xFF, 0x1E, 0x7F, 0xF0, 0x78, 0x18, 0x01, 0xFF, 0xFF,
    0x05, 0xFF, 0xF8, 0x00, 0xFE, 0x00, 0x1F, 0xF8, 0x7F, 0xEC, 0xF3, 0xFF, 0xFB, 0x9F, 0x3F, 0xC0,
    0x38, 0x77, 0xE1, 0xC3, 0x3F, 0x0E, 0x38, 0x30, 0x77, 0x81, 0x83, 0xF8, 0x7C, 0x3F, 0x83, 0xC3,
    0xFF, 0xFF, 0x9C, 0xFF, 0xFC, 0xC0, 0xFF, 0xE0, 0x21, 0xFF, 0xE3, 0xCF, 0xFF, 0x0F, 0x1E, 0xF0,
    0x38, 0xFF, 0x00, 0xDF, 0xFE, 0x00, 0xFF, 0xF8, 0x07, 0x39, 0xDF, 0xBF, 0xFE, 0xFD, 0xFF, 0xF3,
    0xEE, 0x73, 0x87, 0x7F, 0xFC, 0x3B, 0xFF, 0xE1, 0xDF, 0xFF, 0x0E, 0xE7, 0x38, 0x77, 0x3F, 0x87,
    0xF9, 0xBC, 0x77, 0xFF, 0xF3, 0x1F, 0xFF, 0x90, 0x1F, 0xF8, 0x00, 0x0C, 0x01, 0x80, 0x60, 0x1E,
    0xFF, 0xFC, 0x7F, 0xFF, 0xE1, 0xC0, 0xC0, 0x04, 0xFF, 0xF0, 0x07, 0xFF, 0x8F, 0x39, 0x9C, 0x7D,
    0xCC, 0x63, 0xEF, 0xFF, 0x07, 0x7F, 0xF8, 0x38, 0x7E, 0x01, 0xC7, 0xFC, 0x0E, 0x7E, 0xF0, 0x7F,
    0xB3, 0xC3, 0xF1, 0x8C, 0x3F, 0x0C, 0x03, 0xFF, 0xFF, 0x98, 0xFF, 0xFC, 0xC0, 0xFF, 0xC0, 0x06,
    0x00, 0x00, 0x70, 0x7E, 0x3F, 0xE7, 0xF7, 0xFF, 0x7F, 0x7F, 0xF6, 0x61, 0x8E, 0x6E, 0x1C, 0xC6,
    0xE1, 0xDC, 0x6C, 0x7F, 0xF7, 0xC7, 0xFF, 0x6E, 0x7F, 0xF6, 0x60, 0x00, 0x67, 0x3F, 0xE6, 0x73,
    0xFE, 0x67, 0x30, 0x66, 0x73, 0x06, 0x7F, 0x30, 0x67, 0xE3, 0xFE, 0x60, 0x3F, 0xE6, 0x03, 0x06,
    0x60, 0x06, 0x00, 0x00, 0x71, 0xFF, 0x0F, 0xFF, 0xFC, 0xFF, 0xFF, 0xE3, 0xFE, 0xE7, 0x07, 0x77,
    0x71, 0xFF, 0xFB, 0x9F, 0xFF, 0xD8, 0x7F, 0xFF, 0xC0, 0x78, 0x7F, 0x0F, 0xFB, 0xB8, 0xFF, 0xDC,
    0xEF, 0x8E, 0xE7, 0x3F, 0xF7, 0x18, 0x7F, 0xB9, 0xC3, 0x1D, 0xFE, 0x18, 0xEF, 0xE0, 0xFF, 0x70,
    0x07, 0xFB, 0x80, 0x30, 0xDC, 0x00, 0xFF, 0xFF, 0xEF, 0xFF, 0xFE, 0x3E, 0x3F, 0xE1, 0xE0, 0x0E,
    0xFF, 0x80, 0xEF, 0xF8, 0x0E, 0xDF, 0xBF, 0xED, 0xFB, 0xFE, 0xDF, 0xBF, 0xEF, 0x7B, 0x8E, 0xF7,
    0xB8, 0x0E, 0x1B, 0x80, 0xFF, 0xB8, 0x0F, 0xFB, 0x86, 0xC1, 0xB8, 0x7F, 0xFB, 0x86, 0xFF, 0xBF,
    0xEF, 0xFB, 0xFE, 0xC1, 0x9F, 0xC0, 0xFF, 0xFF, 0xEF, 0xFF, 0xFE, 0x36, 0x70, 0xE3, 0x67, 0xFE,
    0xFF, 0xFF, 0xEF, 0xFF, 0x0E, 0xFD, 0xFF, 0xEF, 0xDB, 0xFC, 0xFD, 0xB6, 0x0F, 0x7B, 0xFE, 0xF7,
    0xFF, 0xEC, 0x1F, 0xFE, 0xFF, 0xE6, 0x0F, 0xFB, 0xFE, 0xC1, 0xBF, 0xCF, 0xF8, 0x60, 0xFF, 0xFF,
    0xEF, 0xFF, 0xFF, 0xC1, 0xFF, 0xE0, 0x01, 0x00, 0x03, 0xFF, 0xFF, 0x9F, 0xFF, 0xFC, 0xD9, 0x7F,
    0xC6, 0xD9, 0xDE, 0x3E, 0xC7, 0xE0, 0xFC, 0x3E, 0x05, 0x83, 0xF8, 0x7F, 0xFD, 0xFB, 0xFF, 0xBB,
    0x87, 0x81, 0xC0, 0x3E, 0xFF, 0xC3, 0xFF, 0xFE, 0x3E, 0xC3, 0x83, 0xF1, 0xFF, 0xCD, 0x8F, 0xFE,
    0x4C, 0x7F, 0xF0, 0x60, 0x38, 0x03, 0x01, 0xC0, 0x18, 0x0E, 0x00, 0x00, 0x07, 0x07, 0xFF, 0xF0,
    0xFF, 0xFC, 0x00, 0x70, 0x0F, 0xFF, 0xFF, 0xFF, 0xFF, 0xCF, 0xFF, 0xE1, 0xFF, 0xFC, 0x38, 0xE3,
    0x87, 0xFF, 0xF0, 0xFF, 0xFE, 0x1C, 0x71, 0xC3, 0xFF, 0xF8, 0x7F, 0xFF, 0x1F, 0xFF, 0xF3, 0xFF,
    0xFE, 0x00, 0xE0, 0x1F, 0xFF, 0xFF, 0xFF, 0xFF, 0xFF, 0xFF, 0xE0, 0x1F, 0xFF, 0xC1, 0xFF, 0xFC,
    0x1F, 0xFF, 0xC1, 0xFF, 0xFC, 0x1F, 0xFF, 0xC1, 0xFF, 0xF8, 0x7F, 0xFF, 0xF7, 0xFF, 0xFF, 0x1F,
    0xFF, 0xC1, 0xFF, 0xFC, 0x1F, 0xFF, 0xC1, 0xFF, 0xFC, 0x1F, 0xFF, 0xC1, 0xFF, 0xFC, 0x3F, 0xFF,
    0xC3, 0xFF, 0xFC, 0x7F, 0xFF, 0xF7, 0xFF, 0xFF, 0x7F, 0xFF, 0xF0, 0x18, 0x07, 0x01, 0xC0, 0x70,
    0x3F, 0x87, 0x03, 0xF8, 0x70, 0x7F, 0x87, 0x0F, 0x00, 0x70, 0x7F, 0x87, 0x03, 0xFF, 0xFF, 0x3F,
    0xFF, 0xF0, 0xC7, 0xFF, 0x7F, 0x87, 0x07, 0xF8, 0x70, 0x7F, 0x87, 0x00, 0xC0, 0x70, 0x0C, 0x07,
    0x00, 0xD8, 0x70, 0x0F, 0xC7, 0x01, 0xF8, 0x70, 0x1E, 0x07, 0x00, 0x80, 0x70, 0x18, 0x07, 0x01,
    0xC0, 0x70, 0x3F, 0x87, 0x03, 0xF8, 0x70, 0x7F, 0xFF, 0xFF, 0x07, 0xFF, 0x7F, 0xFF, 0xF3, 0xFF,
    0x77, 0x3F, 0x77, 0x70, 0xC7, 0x77, 0x7F, 0xF7, 0x77, 0xFF, 0xFF, 0x7F, 0xFF, 0xF0, 0xC7, 0x77,
    0x0C, 0x67, 0x30, 0xD8, 0x70, 0x0F, 0x87, 0x01, 0xF8, 0x70, 0x1E, 0x07, 0x01, 0x80, 0x70, 0x30,
    0x07, 0x01, 0xCE, 0x38, 0x0F, 0xF7, 0xFC, 0xFD, 0xFF, 0xE7, 0xEF, 0xFF, 0x70, 0x67, 0xC1, 0xF8,
    0x3E, 0x0F, 0xFF, 0xFE, 0x3F, 0xFF, 0xF0, 0xCF, 0xFF, 0x9F, 0xB8, 0xE0, 0xFF, 0xFF, 0xE7, 0xEF,
    0xFF, 0x0C, 0x7F, 0xF8, 0x63, 0x8E, 0x03, 0xDC, 0x70, 0x1F, 0xF1, 0x81, 0xFF, 0xFF, 0xCE, 0xE7,
    0xFC, 0x22, 0x0F, 0xE0, 0x18, 0x19, 0xC0, 0xC0, 0xCE, 0x0F, 0xC6, 0x70, 0x7F, 0xFF, 0xE7, 0xFF,
    0xFF, 0x70, 0x0C, 0xE1, 0xFC, 0x67, 0x07, 0xFF, 0xFE, 0x3F, 0xFF, 0xF0, 0x60, 0x00, 0x1F, 0xEF,
    0xF8, 0xFF, 0x7F, 0xC7, 0xFB, 0x0E, 0x06, 0x1F, 0xF0, 0x30, 0xFF, 0x81, 0xB7, 0xFC, 0x1F, 0xB0,
    0xE0, 0xF9, 0xFF, 0x07, 0x0F, 0xF8, 0x30, 0x61, 0xC0, 0x18, 0x03, 0x01, 0xCF, 0x98, 0x0F, 0xFF,
    0xF8, 0xFF, 0xFF, 0xC7, 0xE6, 0xFF, 0x70, 0x7F, 0xFD, 0xFB, 0x3F, 0xCF, 0xFF, 0xFC, 0x3F, 0xFF,
    0xE0, 0xCF, 0x98, 0x1F, 0x9F, 0xF8, 0xFF, 0xFF, 0xE7, 0xFE, 0x30, 0x0C, 0x7F, 0xF8, 0x63, 0xFF,
    0xC3, 0xDC, 0x60, 0x1F, 0xF3, 0x01, 0xEF, 0xFF, 0x8E, 0xE7, 0xFC, 0x26, 0x07, 0xE0, 0x18, 0x00,
    0x01, 0xC7, 0xFF, 0x3F, 0x7F, 0xF3, 0xF6, 0x07, 0x7F, 0x60, 0x7E, 0x07, 0xFF, 0x7F, 0x7F, 0xF3,
    0xF6, 0x30, 0x3E, 0x63, 0x00, 0xC7, 0xFF, 0x7F, 0x7F, 0xF7, 0xF6, 0x30, 0x7F, 0xE3, 0x00, 0xCF,
    0xFF, 0x0C, 0xFF, 0xF0, 0xFF, 0x87, 0x1F, 0xF8, 0x71, 0xFF, 0xFF, 0x1D, 0xFF, 0xF1, 0x09, 0x87,
    0x18, 0x06, 0x00, 0xC3, 0xFF, 0x0F, 0xDF, 0xFC, 0x7E, 0xFF, 0xE7, 0xF1, 0x9C, 0x70, 0x7F, 0xF9,
    0xFF, 0xFF, 0xC7, 0xEF, 0xFE, 0x3F, 0x7F, 0xE0, 0xE3, 0xFF, 0x1F, 0xDF, 0xF8, 0xFF, 0xFF, 0xC7,
    0xFF, 0x06, 0x0E, 0x3F, 0xF0, 0x70, 0xFF, 0x83, 0xF3, 0xF0, 0x1F, 0xBB, 0xB1, 0xF3, 0xCD, 0xC7,
    0x7C, 0x7C, 0x21, 0xC3, 0xE0, 0x0C, 0x00, 0x01, 0xC0, 0x38, 0x1C, 0x0F, 0x81, 0xC1, 0xF0, 0x1C,
    0x7C, 0x01, 0xDF, 0x80, 0x1C, 0xE0, 0x01, 0xC4, 0x00, 0xFF, 0xFF, 0xEF, 0xFF, 0xFE, 0xFF, 0xFF,
    0xE1, 0xC7, 0x00, 0x1C, 0x38, 0x01, 0xC3, 0xC0, 0x1C, 0x1E, 0x01, 0xC6, 0xF0, 0x1F, 0xE7, 0xE1,
    0xFE, 0x3E, 0x1F, 0x81, 0xE1, 0x80, 0x00, 0x20, 0x00, 0x0E, 0x7F, 0xF9, 0xEF, 0xFF, 0x9D, 0xFF,
    0xF1, 0x03, 0x8F, 0xC0, 0x71, 0xF8, 0x0E, 0x3F, 0x7F, 0xFF, 0xEF, 0xFF, 0xFD, 0xFF, 0xDF, 0x83,
    0xE3, 0xF0, 0xFC, 0x7E, 0x3B, 0x8F, 0xDE, 0x71, 0xFF, 0x8E, 0x3F, 0x61, 0xC7, 0xE1, 0xF8, 0xFC,
    0x1E, 0x7F, 0x80, 0x0F, 0x70, 0x01, 0xE0, 0x20, 0x00, 0x0E, 0x7F, 0xF9, 0xEF, 0xFF, 0x9F, 0xFF,
    0xF1, 0xC0, 0x0F, 0xC0, 0x01, 0xF8, 0xFE, 0x3F, 0x3F, 0xE7, 0xE7, 0xFC, 0xFC, 0xE3, 0x9F, 0x9C,
    0x73, 0xF3, 0x8E, 0x7E, 0x7F, 0xCF, 0xCF, 0xF9, 0xF9, 0xFE, 0x3F, 0x38, 0x07, 0xE0, 0x00, 0xFC,
    0x00, 0xFB, 0x80, 0x1F, 0x70, 0x03, 0xC0, 0x20, 0x00, 0x0E, 0x7F, 0xFD, 0xEF, 0xFF, 0x9D, 0xFF,
    0xF1, 0x80, 0x0F, 0xC0, 0x01, 0xF9, 0xFF, 0x3F, 0x3F, 0xE7, 0xE7, 0x1C, 0xFC, 0xE3, 0x9F, 0x9F,
    0xF3, 0xF3, 0xFE, 0x7E, 0x71, 0xCF, 0xCE, 0x39, 0xF9, 0xFF, 0x3F, 0x3F, 0xE7, 0xE0, 0x00, 0xFC,
    0x00, 0x7F, 0x80, 0x0F, 0xF0, 0x01, 0xE0, 0x20, 0x00, 0x0E, 0x7F, 0xF9, 0xEF, 0xFF, 0x9D, 0xFF,
    0xF1, 0x71, 0xCF, 0xCE, 0x31, 0xF8, 0xEE, 0x3F, 0x7F, 0xE7, 0xEF, 0xFC, 0xFD, 0xC1, 0x9F, 0xB8,
    0x33, 0xF7, 0xFE, 0x7E, 0xFF, 0xCF, 0xC7, 0x61, 0xF8, 0xEC, 0x3F, 0x39, 0xBF, 0xEF, 0x3F, 0xFF,
    0xC7, 0xDB, 0xA0, 0x0F, 0x70, 0x01, 0xE0, 0xFF, 0xFF, 0xDF, 0xFF, 0xFB, 0xBB, 0xFF, 0x77, 0x70,
    0x6E, 0xEE, 0x0D, 0xF9, 0xC1, 0xBF, 0x38, 0x37, 0x77, 0xFE, 0xEE, 0xFF, 0xDC, 0xFF, 0xFB, 0x9F,
    0x83, 0x73, 0xF0, 0x6F, 0xFE, 0x0D, 0xFD, 0xC1, 0xB8, 0x38, 0x37, 0x07, 0xFE, 0xE0, 0xFF, 0xDC,
    0x1C, 0x1B, 0x83, 0x83, 0x00, 0x00, 0x60, 0x8F, 0xE7, 0x1C, 0xFE, 0x61, 0xCE, 0xEE, 0x1C, 0xEC,
    0xE1, 0xCF, 0xDF, 0xFF, 0xFD, 0xFF, 0xFF, 0xBC, 0x1C, 0xFF, 0xC1, 0xCE, 0xFD, 0x9C, 0xEE, 0xDD,
    0xCE, 0xEC, 0xDC, 0xEE, 0xCF, 0xCF, 0xEC, 0xFC, 0xFC, 0xC1, 0xCF, 0x8C, 0x1C, 0xE0, 0xC1, 0xCE,
    0x0C, 0x7C, 0xE0, 0xC7, 0xCE, 0x0C, 0x78, 0x00, 0x0C, 0x0F, 0xE1, 0xC0, 0xFE, 0x3E, 0x0E, 0xE7,
    0xF0, 0xEC, 0xF3, 0xCF, 0xDE, 0x1E, 0xFF, 0xFF, 0xEF, 0x9F, 0xFE, 0xFC, 0xFF, 0x8E, 0xC0, 0xC0,
    0xEF, 0xFF, 0xEE, 0xFF, 0xFE, 0xEF, 0xFF, 0xEF, 0xEC, 0xD8, 0xFC, 0xED, 0xCE, 0x1C, 0xCE, 0xE3,
    0x8C, 0xEE, 0x3B, 0xC6, 0xE1, 0x7C, 0x4E, 0x03, 0xC0, 0x00, 0x06, 0x0F, 0xC0, 0xE0, 0xFF, 0x7F,
    0xEE, 0xFF, 0xFE, 0xFD, 0xFF, 0xEF, 0xD9, 0xC8, 0xF8, 0x3F, 0xEF, 0x87, 0xFE, 0xFF, 0xFF, 0xEF,
    0xFF, 0xFE, 0xED, 0xDF, 0xEE, 0xDD, 0xFE, 0xED, 0xDF, 0xEF, 0xDD, 0xFE, 0xFD, 0xD8, 0xEF, 0x9D,
    0x9C, 0xE3, 0xF9, 0xCE, 0x77, 0xFE, 0xE6, 0x3F, 0xEE, 0x20, 0xFE, 0x00, 0x30, 0x0F, 0xE7, 0x00,
    0xFE, 0xFF, 0x8E, 0xEF, 0xF0, 0xEF, 0xC7, 0x0E, 0xDF, 0xFC, 0xFD, 0xFF, 0xCF, 0x80, 0x0C, 0xFC,
    0xFF, 0xCE, 0xEF, 0xFC, 0xEE, 0x00, 0xCE, 0xFF, 0xFC, 0xEF, 0xFF, 0xCF, 0xE3, 0x80, 0xFD, 0x7D,
    0xCE, 0x3E, 0xFC, 0xE3, 0x67, 0xEE, 0x77, 0xFE, 0xE7, 0x7F, 0x6E, 0x07, 0xF0, 0x7F, 0xFF, 0x8F,
    0xFF, 0xF3, 0xFF, 0xFF, 0x7F, 0xFF, 0xFE, 0x0E, 0x0F, 0xFF, 0xFF, 0xFF, 0xFF, 0xF9, 0xFF, 0xFC,
    0x3F, 0xFF, 0x1F, 0xFF, 0xFF, 0xFF, 0xFF, 0x80, 0x70, 0x03, 0xFF, 0xFC, 0xFF, 0xFF, 0x9C, 0xE6,
    0x73, 0x9C, 0xCE, 0x73, 0x99, 0xCE, 0x73, 0xF8, 0xCC, 0x6E, 0x00, 0xFF, 0xFF, 0xFF, 0xFF, 0xFF,
    0xFF, 0xFF, 0x80, 0xE0, 0x07, 0xFF, 0xFC, 0xFF, 0xFF, 0x9F, 0xFF, 0xF3, 0x38, 0xCE, 0x67, 0xF9,
    0xCC, 0xFF, 0x39, 0x9F, 0xE7, 0x33, 0x8C, 0xE6, 0x7F, 0x9C, 0xCF, 0xF3, 0x99, 0xC6, 0x73, 0xFF,
    0xFE, 0x7F, 0xFF, 0xCF, 0xFF, 0xF9, 0x80, 0x07, 0x00, 0x7F, 0xFF, 0xF7, 0xFF, 0xFF, 0x7F, 0xFF,
    0xF0, 0x0E, 0x00, 0x1F, 0xFF, 0xC1, 0xFF, 0xFC, 0x1F, 0xFF, 0xC1, 0xC7, 0x1C, 0x1C, 0x71, 0xC1,
    0xC7, 0x1C, 0x1C, 0x71, 0xC1, 0xC7, 0x1C, 0x1C, 0x71, 0xC1, 0xCF, 0x9C, 0x19, 0xFF, 0xC0, 0x7C,
    0xFC, 0x3F, 0x83, 0xE7, 0xE0, 0x0F, 0x38, 0x00, 0x60, 0x7F, 0xFF, 0xF7, 0xFF, 0xFF, 0x9F, 0xE1,
    0xC0, 0x18, 0x7F, 0xC0, 0xC7, 0xFF, 0x06, 0x3F, 0xF8, 0x31, 0xC9, 0xC1, 0x8E, 0xEE, 0x0C, 0x77,
    0x70, 0x63, 0xBB, 0x83, 0x1D, 0xDC, 0x18, 0xEE, 0xE0, 0xC7, 0x77, 0x06, 0x3B, 0x38, 0x30, 0x3E,
    0x01, 0x83, 0xFC, 0x7C, 0x7C, 0xF3, 0xE7, 0x83, 0x80, 0x18, 0x0C, 0x00, 0xFF, 0xF3, 0xFF, 0xFF,
    0xBF, 0xC3, 0x80, 0xFE, 0x1C, 0x01, 0xCF, 0xFE, 0x0E, 0x7F, 0xF0, 0x73, 0x9B, 0x83, 0x9D, 0xDC,
    0x1C, 0xEE, 0xE0, 0xE7, 0x77, 0x07, 0x3B, 0xB8, 0x3F, 0xDD, 0xC7, 0xFE, 0xEE, 0x7F, 0x77, 0x71,
    0xC0, 0x76, 0x00, 0x07, 0xF8, 0x00, 0xF8, 0xF0, 0x1F, 0x03, 0x80, 0x60, 0x0C, 0x71, 0xFF, 0xF7,
    0xDF, 0xFF, 0x7F, 0xC7, 0x07, 0xFD, 0xFE, 0x7F, 0xFF, 0xF7, 0xFF, 0xFF, 0x7F, 0xF8, 0x77, 0xFF,
    0xB7, 0x7F, 0xFB, 0x77, 0xFF, 0xB7, 0x7F, 0xFB, 0x77, 0xFF, 0xB7, 0x7F, 0xFF, 0x77, 0xFF, 0xF7,
    0x6F, 0xC7, 0x86, 0xFC, 0xFE, 0xE1, 0xFC, 0xFE, 0x1F, 0xC7, 0x40, 0xB0, 0x20, 0x7F, 0xFF, 0xF3,
    0xFF, 0xFF, 0x81, 0xE1, 0xC0, 0x6E, 0x3F, 0xC3, 0xE3, 0xFF, 0x1F, 0x1F, 0xF8, 0x3C, 0xE9, 0xDF,
    0xFF, 0xEE, 0xFF, 0xFF, 0x70, 0x6F, 0xFB, 0x83, 0x6F, 0xDC, 0x1F, 0x7E, 0xE0, 0xC3, 0xF7, 0x06,
    0x1B, 0xB8, 0x30, 0x3E, 0x01, 0x83, 0xFC, 0x3C, 0x7C, 0xF3, 0xE7, 0xC3, 0x8E, 0x18, 0x0C, 0x06,
    0x00, 0x00, 0x38, 0xFF, 0x8D, 0xFF, 0xFC, 0x6F, 0xBF, 0xE3, 0x7C, 0x30, 0x1B, 0x8F, 0xF9, 0xFF,
    0x7F, 0xDF, 0xFF, 0x2E, 0xFF, 0xFB, 0x71, 0x30, 0xDB, 0x8D, 0xBE, 0xDC, 0x6D, 0xB6, 0xE7, 0x7D,
    0xB7, 0x33, 0xED, 0xB9, 0x9E, 0x6D, 0xC0, 0xF3, 0xF4, 0x0F, 0x07, 0xC1, 0xF0, 0xF7, 0x9E, 0x1F,
    0x1C, 0xE0, 0x60, 0x60, 0x3F, 0xFF, 0xF1, 0xFF, 0xFF, 0x8C, 0x71, 0xC0, 0x7F, 0xBF, 0xC3, 0xFD,
    0xFF, 0x1F, 0xEF, 0xF8, 0xFF, 0x6D, 0xC0, 0x03, 0x6E, 0x7F, 0xFB, 0x73, 0xFF, 0xDB, 0x8D, 0x86,
    0xDC, 0x6F, 0xBE, 0xE3, 0x7D, 0xFE, 0x1B, 0xE7, 0xF1, 0xF8, 0xF3, 0xCF, 0xCF, 0x0E, 0x6F, 0xFF,
    0xF7, 0x3F, 0xFF, 0x98, 0x3F, 0xFC, 0x18, 0x0E, 0x01, 0xC3, 0xFF, 0x0E, 0x3F, 0xF8, 0x7F, 0xDC,
    0xC3, 0xFF, 0xFE, 0x3F, 0xFF, 0xF1, 0xDC, 0x38, 0x0C, 0xFF, 0xFE, 0xF9, 0xFF, 0xF2, 0xC7, 0xFF,
    0x06, 0x3F, 0xF8, 0x31, 0xFF, 0xC1, 0x8E, 0xEE, 0x0C, 0x77, 0x70, 0x6B, 0xBB, 0x83, 0xFD, 0xDC,
    0x1F, 0x5F, 0xC1, 0xE3, 0xFF, 0x0E, 0x7C, 0x3C, 0x21, 0xC0, 0x40, 0x0C, 0x06, 0x03, 0xC1, 0xE0,
    0x38, 0x38, 0x7F, 0xFF, 0xFF, 0xFF, 0xFE, 0x01, 0xC0, 0x0F, 0xFF, 0xE1, 0xFF, 0xFC, 0x3F, 0xFF,
    0x87, 0x00, 0x70, 0xFF, 0xFE, 0x1F, 0xFF, 0xC3, 0x80, 0x38, 0x7F, 0xFF, 0x0F, 0xFF, 0xE1, 0xC0,
    0x1C, 0x38, 0x03, 0x87, 0xFF, 0xF0, 0xFF, 0xFE, 0x1C, 0x01, 0xC0, 0x00, 0x06, 0x03, 0xF8, 0x38,
    0x1F, 0xC3, 0xC0, 0x06, 0x3F, 0x03, 0x33, 0xFC, 0x1B, 0xBC, 0xF0, 0xDF, 0xFF, 0xCE, 0xFF, 0xFE,
    0x77, 0xDF, 0xD3, 0xB8, 0x00, 0x1F, 0xED, 0x9C, 0xFF, 0x6E, 0xE0, 0x1B, 0x76, 0x07, 0xDD, 0xF3,
    0xFE, 0xEF, 0x9F, 0xF2, 0x18, 0x43, 0x81, 0xC0, 0x1B, 0xFF, 0x87, 0xDF, 0xFC, 0x3C, 0x00, 0x00,
    0x00, 0x60, 0x00, 0x0E, 0x00, 0x1F, 0xFF, 0x81, 0xFF, 0xF8, 0x1C, 0x01, 0x81, 0xDC, 0x18, 0x1D,
    0xF3, 0x81, 0xC7, 0xF8, 0x1C, 0x2F, 0x81, 0xC0, 0x60, 0x1F, 0xFF, 0xF1, 0xFF, 0xFF, 0x00, 0x00,
    0x70, 0x00, 0x06, 0x7F, 0xFF, 0x67, 0xFF, 0xE6, 0x00, 0x00, 0xE0, 0x00, 0x0E, 0x00, 0x07, 0xE0,
    0x00, 0x7C, 0x00, 0x70, 0x03, 0xFF, 0xFF, 0x3F, 0xFF, 0xF3, 0x9B, 0xF0, 0x3B, 0xBF, 0xE3, 0xF7,
    0xFE, 0x3F, 0xFF, 0xE3, 0xFF, 0xFE, 0x3B, 0x3F, 0xE3, 0xB3, 0xFF, 0x3B, 0x7F, 0xF3, 0xBF, 0xFC,
    0x33, 0xFF, 0xC3, 0x37, 0xBC, 0x73, 0xFF, 0xE7, 0x3F, 0xFF, 0x7F, 0xFF, 0x77, 0xFF, 0xFF, 0xE0,
    0x03, 0xF6, 0x00, 0x3E, 0x00, 0x03, 0x03, 0xFF, 0x1E, 0x1F, 0xF8, 0xF0, 0xFF, 0xC7, 0xC7, 0xFE,
    0x37, 0x3F, 0xF1, 0x91, 0xFF, 0xFF, 0xCF, 0xFF, 0xFE, 0x7F, 0xFF, 0xF0, 0x30, 0x3C, 0x1F, 0xF9,
    0xE0, 0xFF, 0x8F, 0x00, 0x7E, 0x78, 0x3F, 0xF7, 0xE1, 0xFF, 0xBB, 0x07, 0xF9, 0xDC, 0x7F, 0xDC,
    0xE3, 0x7B, 0xC3, 0x9B, 0xCE, 0x0C, 0xD0, 0x20, 0x60, 0x00, 0x60, 0x00, 0x03, 0x80, 0x1F, 0xFF,
    0xFC, 0xFF, 0xFF, 0xE7, 0xFF, 0xFE, 0x03, 0xC7, 0x80, 0x0F, 0xF8, 0x00, 0x3F, 0x80, 0x07, 0xFF,
    0x83, 0xFF, 0xFF, 0x9F, 0xC1, 0xFC, 0x6E, 0x0E, 0x40, 0x70, 0x70, 0x03, 0x83, 0x80, 0x1C, 0x1C,
    0x00, 0xC0, 0xE0, 0x0E, 0x07, 0x00, 0xF0, 0x38, 0x0F, 0x01, 0xC0, 0x30, 0x0E, 0x00, 0x00, 0xE0,
    0x03, 0x9C, 0x00, 0x73, 0xFE, 0x0E, 0x7F, 0xC1, 0xCE, 0x00, 0x39, 0xC0, 0x3F, 0xFF, 0xFF, 0xFF,
    0xFF, 0x7F, 0xFF, 0xCE, 0x1C, 0x39, 0xC3, 0x87, 0x38, 0xF0, 0xE7, 0x1F, 0x1C, 0xE7, 0xFB, 0x9D,
    0xC7, 0xF3, 0xF8, 0x7E, 0x74, 0x05, 0xCF, 0xFF, 0xF9, 0xFF, 0xFF, 0x00, 0x00, 0xE0, 0x00, 0x00,
    0x00, 0x00, 0x07, 0x9C, 0x00, 0x3C, 0xE0, 0x00, 0xEF, 0x00, 0x07, 0xF8, 0x00, 0x3F, 0xE0, 0x03,
    0xEF, 0xFF, 0xFE, 0x7F, 0xFF, 0xF1, 0xFF, 0xFE, 0x01, 0xFF, 0x80, 0x00, 0x00, 0x00, 0x1D, 0x80,
    0x00, 0xFC, 0x00, 0x03, 0xE0, 0x00, 0x0E, 0x00, 0x00, 0x70, 0x00, 0x00, 0x00, 0x00, 0x00, 0x00,
    0x00, 0x1C, 0x00, 0x00, 0x07, 0x00, 0x01, 0x83, 0xC0, 0x00, 0xF0, 0xF0, 0x00, 0x7C, 0x3E, 0x00,
    0x7F, 0x07, 0xFF, 0xFF, 0xF9, 0xFF, 0xFF, 0xFF, 0x3F, 0xFF, 0x8F, 0xC1, 0xFE, 0x00, 0x00, 0x00,
    0x00, 0x00, 0x07, 0xE0, 0x00, 0x01, 0xF8, 0x00, 0x00, 0x3E, 0x00, 0x00, 0x07, 0x00, 0x00, 0x01,
    0xC0, 0x00, 0x00, 0x00, 0x00, 0x00, 0x3C, 0x78, 0xF0, 0xE1, 0xE3, 0xC7, 0xFE, 0xFD, 0xF0, 0x00,
    0x0F, 0xDF, 0x9F, 0x1C, 0x38, 0x00, 0x00, 0x03, 0xC0, 0x70, 0x0E, 0x03, 0xE1, 0xFF, 0xBF, 0xFF,
    0xBE, 0x00, 0x00, 0x01, 0xF8, 0x3F, 0x03, 0xC0, 0x70, 0x0E, 0x00, 0x00, 0x00, 0xC0, 0x00, 0x06,
    0x00, 0x00, 0x3E, 0x00, 0x01, 0xF8, 0x00, 0x0F, 0xC0, 0x00, 0xFC, 0x00, 0x01, 0x80, 0x00, 0x00,
    0x1E, 0x70, 0x00, 0xF3, 0x80, 0x03, 0xBC, 0x00, 0x1F, 0xE0, 0x00, 0xFF, 0x80, 0x0F, 0xBF, 0xFF,
    0xF9, 0xFF, 0xFF, 0xC7, 0xFF, 0xF8, 0x07, 0xFE, 0x00, 0x00, 0x40, 0x00, 0x00, 0x18, 0x00, 0x00,
    0x07, 0xC0, 0x00, 0x01, 0xF0, 0x00, 0x00, 0xFC, 0x00, 0x00, 0x3F, 0x00, 0x00, 0x07, 0x00, 0x00,
    0x00, 0x00, 0x00, 0x70, 0x00, 0x00, 0x1C, 0x00, 0x06, 0x0F, 0x00, 0x03, 0xC3, 0xC0, 0x01, 0xF0,
    0xF8, 0x01, 0xFC, 0x1F, 0xFF, 0xFF, 0xE7, 0xFF, 0xFF, 0xFC, 0xFF, 0xFE, 0x3F, 0x07, 0xF8, 0x00,
    0x00, 0x61, 0x87, 0xDF, 0xFF, 0xF7, 0x00, 0x39, 0xE3, 0xCF, 0x3C, 0xF3, 0xFF, 0xFB, 0xC0, 0x00,
    0x10, 0x03, 0x00, 0x7C, 0x0F, 0x83, 0xF0, 0x7E, 0x07, 0x00, 0x00, 0x00, 0x03, 0xC0, 0x70, 0x0E,
    0x03, 0xE1, 0xFF, 0xBF, 0xFF, 0xBE, 0x00, 0x00, 0x7C, 0x01, 0xFF, 0x01, 0xFF, 0xE3, 0xFF, 0xE0,
    0x1F, 0xC0, 0xFF, 0x87, 0xF8, 0x1F, 0x80, 0x7C, 0x00, 0xF0, 0x03, 0xCF, 0x87, 0x9F, 0x0F, 0x1C,
    0x1E, 0x38, 0x3C, 0x00, 0x7E, 0x06, 0x7F, 0xFC, 0x7F, 0xF8, 0x7F, 0xF0, 0x0E, 0x00, 0x7C, 0x00,
    0x3F, 0xE0, 0x07, 0xFF, 0x81, 0xFF, 0xF0, 0x01, 0xFC, 0x01, 0xFF, 0x01, 0xFF, 0x80, 0xFC, 0xF0,
    0x7C, 0x3F, 0x9E, 0x07, 0xFF, 0x3E, 0xFF, 0xCF, 0x80, 0xF1, 0xC0, 0x3C, 0x70, 0x0F, 0x00, 0x03,
    0xF0, 0x30, 0x7F, 0xFC, 0x0F, 0xFF, 0x01, 0xFF, 0xC0, 0x07, 0x00, 0x00, 0x03, 0xF8, 0x1F, 0xF0,
    0xFF, 0xF0, 0x3F, 0x80, 0xFC, 0x3F, 0xFF, 0xF8, 0xFF, 0x07, 0xE0, 0x00, 0x00, 0x00, 0x01, 0xF8,
    0x0F, 0xC0, 0x3E, 0x00, 0xE0, 0x07, 0x00, 0x00, 0x00, 0x00, 0x00, 0x7F, 0x00, 0x7F, 0xC0, 0x7F,
    0xF8, 0x03, 0xF8, 0x01, 0xF8, 0x0F, 0xF8, 0xFF, 0xFE, 0xFF, 0x7F, 0xFC, 0x3E, 0x00, 0x00, 0x00,
    0x00, 0x1F, 0x80, 0x1F, 0x80, 0x0F, 0x00, 0x0E, 0x00, 0x0E, 0x00, 0x00, 0x00, 0x10, 0x0E, 0x03,
    0xF0, 0xFC, 0x3F, 0x0F, 0x81, 0x80, 0x00, 0x02, 0x03, 0xC0, 0xF8, 0x1E, 0x03, 0xC0, 0xF0, 0x3D,
    0x8F, 0x7F, 0xDF, 0xF7, 0xF8, 0x00, 0x10, 0x00, 0xE0, 0x03, 0xF0, 0x0F, 0xC0, 0x3F, 0x00, 0xF8,
    0x01, 0x80, 0x00, 0x00, 0x02, 0x00, 0x3C, 0x00, 0xF8, 0x01, 0xE0, 0x07, 0xC0, 0x0F, 0x00, 0x3C,
    0x18, 0xF8, 0x7F, 0xFD, 0xFF, 0xF7, 0xFF, 0xC0, 0x00, 0x06, 0x07, 0x81, 0x83, 0xF1, 0xF8, 0xFC,
    0x00, 0x00, 0x06, 0x07, 0x83, 0xC0, 0xE0, 0x78, 0x3C, 0x1C, 0x1E, 0x1F, 0x3F, 0x3F, 0x1F, 0x06,
    0x00, 0x06, 0x00, 0x70, 0x03, 0x80, 0x37, 0x03, 0xF8, 0x0D, 0x80, 0x00, 0x00, 0x00, 0x06, 0x00,
    0x78, 0x03, 0xC0, 0x0E, 0x00, 0x78, 0x03, 0xF8, 0x1F, 0xC1, 0xFE, 0x1F, 0x03, 0xF0, 0x3F, 0x01,
    0xF0, 0x06, 0x00, 0x00, 0x08, 0x06, 0x03, 0xE1, 0xF1, 0xF8, 0xFC, 0x38, 0x00, 0x00, 0x03, 0x03,
    0xC1, 0xE0, 0x70, 0x3C, 0x1E, 0x0E, 0x0F, 0x0F, 0x9F, 0x9F, 0x8F, 0x83, 0x00, 0x08, 0x00, 0xC0,
    0x07, 0xC0, 0x3F, 0x01, 0xF8, 0x1F, 0x80, 0x30, 0x00, 0x00, 0x00, 0x00, 0x30, 0x03, 0xC0, 0x1E,
    0x00, 0x70, 0x03, 0xC0, 0x1F, 0xC0, 0xFE, 0x0F, 0xF0, 0xF8, 0x1F, 0x81, 0xF8, 0x0F, 0x80, 0x30,
    0x00, 0x00, 0x00, 0xC0, 0x00, 0x3E, 0x00, 0x0F, 0xE0, 0x01, 0xFC, 0x00, 0x3F, 0x00, 0x03, 0xC0,
    0x00, 0x3E, 0x07, 0x01, 0xF0, 0x70, 0x0F, 0x8F, 0x00, 0x78, 0xF0, 0x03, 0xCF, 0x80, 0x3C, 0x7F,
    0xFF, 0xC7, 0xFF, 0xF8, 0x3F, 0xFF, 0x00, 0x7F, 0x80, 0x00, 0x00, 0xC0, 0x00, 0x0F, 0x80, 0x00,
    0xFE, 0x00, 0x07, 0xF0, 0x00, 0x3F, 0x00, 0x01, 0xF0, 0x00, 0x03, 0xC0, 0x1C, 0x0F, 0x80, 0x70,
    0x1F, 0x03, 0xC0, 0x3E, 0x0F, 0x00, 0x7C, 0x3E, 0x00, 0xF8, 0x7F, 0xFF, 0xF9, 0xFF, 0xFF, 0xF3,
    0xFF, 0xF7, 0xC1, 0xFF, 0x00, 0x01, 0x81, 0xE1, 0xFD, 0xFE, 0xFC, 0x3E, 0x0F, 0xC1, 0xF8, 0x3E,
    0x07, 0xC0, 0xF0, 0x3C, 0xFF, 0x3F, 0xCF, 0xE0, 0x00, 0x01, 0x80, 0x3C, 0x07, 0xF0, 0xFF, 0x0F,
    0xE0, 0x7C, 0x03, 0xE0, 0x0F, 0x80, 0x3E, 0x00, 0xF8, 0x03, 0xC0, 0x1F, 0x8F, 0xFF, 0x7F, 0xFF,
    0xFB, 0xC0, 0x00, 0x00, 0x00, 0x00, 0x00, 0x38, 0x00, 0x07, 0x80, 0x01, 0xF8, 0x00, 0x7E, 0xC0,
    0x07, 0xBE, 0x00, 0x2F, 0xE0, 0x01, 0xFC, 0x00, 0x3F, 0x00, 0x03, 0xC0, 0x00, 0x3E, 0x07, 0x01,
    0xF0, 0x70, 0x0F, 0x8F, 0x00, 0x78, 0xF0, 0x03, 0xCF, 0x80, 0x3C, 0x7F, 0xFF, 0xC7, 0xFF, 0xF8,
    0x3F, 0xFF, 0x00, 0x7F, 0x80, 0x00, 0x00, 0x00, 0x00, 0x0E, 0x00, 0x00, 0xF8, 0x00, 0x07, 0xC0,
    0x00, 0x7C, 0xC0, 0x01, 0xCF, 0x80, 0x02, 0xFE, 0x00, 0x07, 0xF0, 0x00, 0x3F, 0x00, 0x01, 0xF0,
    0x00, 0x03, 0xC0, 0x1C, 0x0F, 0x80, 0x70, 0x1F, 0x03, 0xC0, 0x3E, 0x0F, 0x00, 0x7C, 0x3E, 0x00,
    0xF8, 0x7F, 0xFF, 0xF9, 0xFF, 0xFF, 0xF3, 0xFF, 0xF7, 0xC1, 0xFF, 0x00, 0x00, 0x00, 0x70, 0x3E,
    0x1F, 0x87, 0xCC, 0xE7, 0x93, 0xF9, 0xFE, 0x7E, 0x0F, 0x81, 0xF8, 0x1F, 0x81, 0xF0, 0x1F, 0x01,
    0xE0, 0x3C, 0x7F, 0x8F, 0xF1, 0xFC, 0x00, 0x00, 0x00, 0x00, 0x0E, 0x00, 0xF8, 0x0F, 0xC0, 0x7C,
    0xC1, 0xCF, 0x04, 0xFE, 0x0F, 0xF0, 0x7F, 0x01, 0xF0, 0x07, 0xC0, 0x0F, 0x80, 0x1F, 0x00, 0x3E,
    0x00, 0x78, 0x01, 0xF8, 0x7F, 0xF9, 0xFF, 0xF7, 0xF7, 0x80, 0x00, 0x00, 0x08, 0x00, 0x78, 0x00,
    0xF3, 0x80, 0xE7, 0x01, 0xFE, 0x03, 0xFC, 0x07, 0xF8, 0x0F, 0xF0, 0x3C, 0xFD, 0xF9, 0xFF, 0xE1,
    0xFF, 0x81, 0xFE, 0x00, 0x00, 0x00, 0x00, 0x07, 0x80, 0x00, 0xF0, 0x38, 0x0E, 0x07, 0x01, 0xE1,
    0xE0, 0x3F, 0xBC, 0x07, 0xFF, 0x80, 0xFF, 0xF0, 0x3C, 0x0F, 0xDF, 0x81, 0xFF, 0xE0, 0x1F, 0xFC,
    0x01, 0xFE, 0x00, 0x00, 0x07, 0x03, 0xE0, 0xFC, 0x3F, 0x1F, 0xE7, 0x3B, 0xCE, 0xF3, 0xBF, 0xE7,
    0xF8, 0xFC, 0x00, 0x00, 0x06, 0x00, 0xFE, 0x07, 0xF8, 0x1F, 0xF0, 0xF3, 0xC3, 0xC7, 0x8F, 0x1F,
    0xFC, 0x3F, 0x70, 0x7C, 0x00, 0x00, 0x39, 0xE3, 0xCF, 0x3C, 0xF3, 0xFF, 0xFB, 0xC3, 0x1C, 0x71,
    0xC0, 0x30, 0x03, 0xC0, 0x3E, 0x3D, 0xF3, 0xFF, 0xBF, 0x9F, 0xE0, 0xFE, 0x03, 0xF0, 0x1F, 0x00,
    0x78, 0x01, 0x00, 0x03, 0x00, 0x03, 0x80, 0x07, 0xC0, 0x07, 0xF0, 0x0F, 0xF8, 0x0E, 0xFC, 0x0E,
    0xFE, 0x0E, 0xFE, 0x0F, 0xEF, 0xFF, 0xFF, 0xFF, 0xFE, 0xFF, 0xFC, 0x10, 0x30, 0x01, 0xE0, 0x03,
    0xF0, 0x07, 0xF8, 0x07, 0xF8, 0x0F, 0x78, 0x0F, 0x70, 0x0E, 0xF0, 0xFF, 0xFF, 0xFF, 0xFF, 0xFF,
    0xFF, 0x0F, 0x3C, 0x0F, 0xFC, 0x07, 0xF8, 0x07, 0xF8, 0x01, 0xF0, 0x08, 0x00, 0xE0, 0x0F, 0xC0,
    0x7F, 0x03, 0xFC, 0x3F, 0xF1, 0xCF, 0xCF, 0xFF, 0x7F, 0x7F, 0xFF, 0xFF, 0xFF, 0xFF, 0xE0, 0x08,
    0x00, 0x07, 0x80, 0x7F, 0x01, 0xFC, 0x0F, 0x70, 0x3D, 0xC1, 0xE7, 0x07, 0xFC, 0x3F, 0xFF, 0xFF,
    0xFF, 0xFF, 0xF7, 0x8E, 0x0F, 0xF8, 0x3F, 0xE0, 0x7F, 0x80, 0x78, 0x00, 0x03, 0x80, 0x00, 0x7C,
    0x00, 0x0F, 0xE0, 0x01, 0xFE, 0x00, 0x3C, 0xF0, 0x07, 0xCE, 0x00, 0xF8, 0x00, 0x0F, 0x00, 0x00,
    0xFF, 0xFF, 0xE7, 0xFF, 0xFE, 0x3F, 0xFF, 0xE0, 0x7F, 0xF0, 0x07, 0xF8, 0xFF, 0xF7, 0xFF, 0xBF,
    0xF8, 0xF0, 0x03, 0xC0, 0x0F, 0xFF, 0xBF, 0xFE, 0x7F, 0xF8, 0x0F, 0x00, 0x18, 0x00, 0x03, 0xC0,
    0x00, 0x38, 0x00, 0x03, 0xC0, 0x00, 0x3E, 0x00, 0x03, 0xC0, 0x00, 0x03, 0x80, 0x00, 0x7C, 0x00,
    0x0F, 0xE0, 0x01, 0xFE, 0x00, 0x3C, 0xF0, 0x07, 0xCE, 0x00, 0xF8, 0x00, 0x0F, 0x00, 0x00, 0xFF,
    0xFF, 0xE7, 0xFF, 0xFE, 0x3F, 0xFF, 0xE0, 0x7F, 0xF0, 0x18, 0x00, 0xE0, 0x07, 0x80, 0x1F, 0x00,
    0x7C, 0x01, 0xE0, 0x00, 0x7F, 0x8F, 0xFF, 0x7F, 0xFB, 0xFF, 0x8F, 0x00, 0x3C, 0x00, 0xFF, 0xFB,
    0xFF, 0xE7, 0xFF, 0x80, 0xF0, 0x00, 0x1F, 0x80, 0x1F, 0xC0, 0x1F, 0xC0, 0x1F, 0x20, 0x0E, 0x03,
    0x87, 0x01, 0xC3, 0xE1, 0xE1, 0xFC, 0xF0, 0x3F, 0x78, 0x07, 0xBC, 0x03, 0xCF, 0xDF, 0xE7, 0xFF,
    0xE1, 0xFF, 0xE0, 0x3F, 0xC0, 0x00, 0x00, 0x0E, 0x00, 0x01, 0xC0, 0xF8, 0x78, 0x1F, 0xEF, 0x03,
    0xFF, 0xE0, 0x1F, 0xBC, 0x03, 0xC3, 0xFB, 0xF8, 0x7F, 0xFE, 0x07, 0xFF, 0x80, 0x3F, 0xC0, 0x00,
    0x3C, 0x78, 0xF0, 0xE1, 0xE3, 0xC7, 0xFE, 0xFD, 0xF0, 0x00, 0x0E, 0xFF, 0xFB, 0x80, 0x00, 0x03,
    0xC0, 0x70, 0x0E, 0x03, 0xE1, 0xFF, 0xBF, 0xFF, 0xBE, 0x00, 0x00, 0x01, 0xF8, 0x7F, 0x87, 0xE0,
    0x00, 0x0F, 0xC7, 0xE1, 0xF8, 0x78, 0x1E, 0x07, 0xF8, 0xFE, 0xFF, 0xBF, 0xC7, 0x80, 0x00, 0x00,
    0x3F, 0x9F, 0xC0, 0xC0, 0x00, 0xE0, 0x78, 0x3C, 0x1E, 0x0F, 0x07, 0x83, 0xC1, 0xE0, 0xF0, 0x78,
    0x3C, 0x1E, 0x0F, 0x07, 0x80, 0x00, 0x3F, 0x8F, 0xE0, 0x30, 0x38, 0x0F, 0x03, 0xC0, 0xF0, 0x3C,
    0x0F, 0x03, 0xC0, 0xF0, 0x3C, 0x0F, 0x03, 0xC0, 0xF0, 0x3C, 0x0F, 0xE1, 0xFC, 0x3E, 0x00, 0x00,
    0x37, 0xBD, 0xEF, 0xF8, 0x0E, 0x7B, 0xDE, 0xF7, 0xBD, 0xEF, 0x7B, 0xDE, 0xF7, 0x80, 0x30, 0x78,
    0x3C, 0x1F, 0x0F, 0x87, 0x81, 0xC0, 0xF0, 0x78, 0x3C, 0x1E, 0x0F, 0x07, 0x83, 0xC1, 0xE0, 0xF0,
    0x78, 0x3C, 0x1E, 0x0F, 0xE3, 0xF8, 0xF8, 0x00, 0x0C, 0x07, 0x81, 0xC0, 0x78, 0x1E, 0x07, 0x80,
    0xE0, 0xFC, 0x3F, 0x9F, 0xE7, 0x3D, 0xCF, 0x7F, 0xDF, 0xF3, 0xFC, 0x3E, 0x7F, 0xBF, 0xC7, 0xE1,
    0xE0, 0x0C, 0x00, 0xF0, 0x07, 0x00, 0x3C, 0x01, 0xE0, 0x0F, 0x00, 0x00, 0x01, 0xC0, 0x3F, 0x01,
    0xFC, 0x1F, 0xE0, 0xE7, 0x87, 0x3C, 0x3F, 0xFD, 0xFF, 0xE7, 0xFF, 0x0F, 0x83, 0xFC, 0x3F, 0xC0,
    0xFC, 0x07, 0x80, 0x00, 0xE7, 0xBD, 0xEF, 0x7B, 0xDE, 0xF7, 0xBD, 0xEF, 0x7B, 0xDE, 0x37, 0xBD,
    0xFF, 0xF8, 0x00, 0xE0, 0xF0, 0xF0, 0xF0, 0xF0, 0xF0, 0xF0, 0xF0, 0xF0, 0xF0, 0xF0, 0xF0, 0xF0,
    0xFE, 0x7F, 0x3E, 0x30, 0x70, 0xF0, 0xF8, 0xF8, 0xF0, 0x00, 0x0C, 0x00, 0x1E, 0x00, 0x0F, 0x07,
    0xE7, 0xC7, 0xF3, 0xE7, 0xF1, 0xE7, 0xC8, 0x03, 0x80, 0xE1, 0xC0, 0x70, 0xF8, 0x78, 0x7F, 0x3C,
    0x0F, 0xDE, 0x01, 0xEF, 0x00, 0xF3, 0xF7, 0xF9, 0xFF, 0xF8, 0x7F, 0xF8, 0x0F, 0xF0, 0x00, 0x0C,
    0x00, 0x07, 0x80, 0x00, 0xF0, 0x00, 0x1F, 0x00, 0x03, 0xE0, 0x00, 0x78, 0x00, 0x00, 0x00, 0x03,
    0x80, 0x00, 0x70, 0x3E, 0x1E, 0x07, 0xFB, 0xC0, 0xFF, 0xF8, 0x07, 0xEF, 0x00, 0xF0, 0xFE, 0xFE,
    0x1F, 0xFF, 0x81, 0xFF, 0xE0, 0x0F, 0xF0, 0x00, 0x31, 0xCF, 0x3E, 0xFB, 0xC0, 0x0E, 0x78, 0xF3,
    0xCF, 0x3C, 0xFF, 0xFE, 0xF0, 0x00, 0x18, 0x0F, 0x07, 0x80, 0xF0, 0x3C, 0x0F, 0x00, 0x00, 0x00,
    0x1C, 0x0F, 0x03, 0xC0, 0xF0, 0xFF, 0xFF, 0xFF, 0xFC, 0x00, 0xEF, 0xFF, 0xFF, 0xFF, 0xFF, 0xFF,
    0xFF, 0xFF, 0xE0, 0xF0, 0xF0, 0xF0, 0xF0, 0xF0, 0xF0, 0xF0, 0xF0, 0xF0, 0xF0, 0xF0, 0xF0, 0xFE,
    0x7F, 0x3E, 0x00, 0x00, 0x00, 0x00, 0x00, 0x07, 0x9C, 0x00, 0x3C, 0xE0, 0x00, 0xEF, 0x00, 0x07,
    0xF8, 0x00, 0x3F, 0xE0, 0x03, 0xEF, 0xFF, 0xFE, 0x7F, 0xFF, 0xF1, 0xFF, 0xFE, 0x01, 0xFF, 0x80,
    0x00, 0x00, 0x00, 0x07, 0x00, 0x00, 0x38, 0x00, 0x01, 0xC0, 0x00, 0x00, 0x00, 0x00, 0x1C, 0x00,
    0x00, 0x07, 0x00, 0x01, 0x83, 0xC0, 0x00, 0xF0, 0xF0, 0x00, 0x7C, 0x3E, 0x00, 0x7F, 0x07, 0xFF,
    0xFF, 0xF9, 0xFF, 0xFF, 0xFF, 0x3F, 0xFF, 0x8F, 0xC1, 0xFE, 0x00, 0x00, 0x00, 0x00, 0x00, 0x01,
    0xC0, 0x00, 0x00, 0x70, 0x00, 0x00, 0x1C, 0x00, 0x00, 0x39, 0xE3, 0xCF, 0x3C, 0xF3, 0xFF, 0xFB,
    0xC0, 0x00, 0x71, 0xC7, 0x00, 0x00, 0x07, 0x03, 0xC0, 0xF0, 0x3C, 0x3F, 0xFF, 0xFF, 0xFF, 0x00,
    0x00, 0x03, 0x80, 0xF0, 0x38, 0x00, 0x02, 0x1F, 0xC7, 0xF0, 0xDC, 0x00, 0x00, 0x01, 0xC0, 0xF8,
    0x3F, 0x0F, 0xC7, 0xF9, 0xCE, 0xF3, 0xBC, 0xEF, 0xF9, 0xFE, 0x3F, 0x00, 0x00, 0x09, 0x00, 0x7E,
    0x03, 0xFC, 0x06, 0x60, 0x00, 0x00, 0x0E, 0x00, 0x3C, 0x01, 0xF0, 0x1F, 0xC1, 0xFF, 0x07, 0xFC,
    0x3C, 0xF0, 0xF3, 0xC3, 0xFF, 0x07, 0xFC, 0x1F, 0xFE, 0x1F, 0xFC, 0x03, 0xE0, 0x00, 0x00, 0x00,
    0x88, 0x00, 0x0E, 0xE0, 0x00, 0x7F, 0x00, 0x03, 0xB8, 0x00, 0x00, 0x0F, 0x38, 0x00, 0x79, 0xC0,
    0x01, 0xDE, 0x00, 0x0F, 0xF0, 0x00, 0x7F, 0xC0, 0x07, 0xDF, 0xFF, 0xFC, 0xFF, 0xFF, 0xE3, 0xFF,
    0xFC, 0x03, 0xFF, 0x00, 0x00, 0x48, 0x00, 0x00, 0x7F, 0x00, 0x00, 0x1F, 0xC0, 0x00, 0x03, 0x70,
    0x00, 0x00, 0x00, 0x00, 0x1C, 0x00, 0x00, 0x07, 0x00, 0x01, 0x83, 0xC0, 0x00, 0xF0, 0xF0, 0x00,
    0x7C, 0x3E, 0x00, 0x7F, 0x07, 0xFF, 0xFF, 0xF9, 0xFF, 0xFF, 0xFF, 0x3F, 0xFF, 0x8F, 0xC1, 0xFE,
    0x00, 0x00, 0x24, 0x7E, 0xFF, 0x66, 0x00, 0x1C, 0x3C, 0x1E, 0x1E, 0x1E, 0x1E, 0x1E, 0x7E, 0x7C,
    0x78, 0x00, 0x12, 0x0F, 0xE1, 0xFC, 0x1B, 0x80, 0x00, 0x00, 0x07, 0x80, 0xE0, 0x1C, 0x07, 0xC3,
    0xFF, 0x7F, 0xFF, 0x7C, 0x00, 0x00, 0x00, 0x70, 0x00, 0x03, 0x80, 0x00, 0x1C, 0x00, 0x01, 0xB8,
    0x00, 0x1F, 0xC0, 0x00, 0x6C, 0x00, 0x00, 0x03, 0xCE, 0x00, 0x1E, 0x70, 0x00, 0x77, 0x80, 0x03,
    0xFC, 0x00, 0x1F, 0xF0, 0x01, 0xF7, 0xFF, 0xFF, 0x3F, 0xFF, 0xF8, 0xFF, 0xFF, 0x00, 0xFF, 0xC0,
    0x00, 0x30, 0x00, 0x00, 0x1E, 0x00, 0x00, 0x03, 0x00, 0x00, 0x03, 0xF0, 0x00, 0x00, 0xFC, 0x00,
    0x00, 0x3F, 0x00, 0x00, 0x00, 0x00, 0x01, 0xC0, 0x00, 0x00, 0x70, 0x00, 0x18, 0x3C, 0x00, 0x0F,
    0x0F, 0x00, 0x07, 0xC3, 0xE0, 0x07, 0xF0, 0x7F, 0xFF, 0xFF, 0x9F, 0xFF, 0xFF, 0xF3, 0xFF, 0xF8,
    0xFC, 0x1F, 0xE0, 0x00, 0x30, 0xE3, 0xBF, 0xFF, 0xB0, 0x0E, 0x78, 0xF3, 0xCF, 0x3C, 0xFF, 0xFE,
    0xF0, 0x00, 0x0C, 0x03, 0xC0, 0x30, 0x1F, 0x83, 0xF0, 0x7E, 0x00, 0x00, 0x00, 0x1E, 0x03, 0x80,
    0x70, 0x1F, 0x0F, 0xFD, 0xFF, 0xFD, 0xF0, 0x00, 0x7C, 0x03, 0xFE, 0x07, 0xFF, 0x9F, 0xFE, 0x01,
    0xF8, 0x1F, 0xE1, 0xFC, 0x0F, 0xC0, 0x7C, 0x01, 0xE0, 0x0F, 0x1C, 0x3C, 0x70, 0xF1, 0xC3, 0xC7,
    0x0F, 0x00, 0x3F, 0x06, 0x7F, 0xFC, 0xFF, 0xF1, 0xFF, 0x80, 0x60, 0x7C, 0x00, 0x3F, 0xE0, 0x07,
    0xFF, 0x81, 0xFF, 0xE0, 0x01, 0xF8, 0x01, 0xFE, 0x01, 0xFF, 0x00, 0xFD, 0xE0, 0x7C, 0x3F, 0x9E,
    0x0F, 0xEF, 0x1D, 0xFB, 0xC7, 0x00, 0xF1, 0xC0, 0x3C, 0x70, 0x0F, 0x00, 0x03, 0xF0, 0x60, 0x7F,
    0xFC, 0x0F, 0xFF, 0x01, 0xFF, 0x80, 0x06, 0x00, 0x00, 0x03, 0xF8, 0x1F, 0xF0, 0xFF, 0xF0, 0x3F,
    0x80, 0xFC, 0x3F, 0xFF, 0xF8, 0xFF, 0x07, 0xE0, 0x00, 0x00, 0x00, 0x00, 0x70, 0x07, 0x80, 0x1C,
    0x00, 0x00, 0x00, 0x7F, 0x00, 0x7F, 0xC0, 0x7F, 0xF8, 0x03, 0xF8, 0x01, 0xF8, 0x0F, 0xF8, 0xFF,
    0xFE, 0xFF, 0x7F, 0xFC, 0x3E, 0x00, 0x00, 0x00, 0x00, 0x0E, 0x00, 0x0F, 0x00, 0x0E, 0x00, 0x7C,
    0x03, 0xFE, 0x07, 0xFF, 0x9F, 0xFE, 0x01, 0xF8, 0x1F, 0xE1, 0xFC, 0x0F, 0xC0, 0x7C, 0x01, 0xE0,
    0x0F, 0x00, 0x3C, 0x00, 0xF0, 0x03, 0xC0, 0x0F, 0x00, 0x3F, 0x06, 0x7F, 0xFC, 0xFF, 0xF1, 0xFF,
    0x80, 0x60, 0x7C, 0x00, 0x3F, 0xE0, 0x07, 0xFF, 0x81, 0xFF, 0xE0, 0x01, 0xF8, 0x01, 0xFE, 0x01,
    0xFF, 0x00, 0xFD, 0xE0, 0x7C, 0x3F, 0x9E, 0x0F, 0xEF, 0x01, 0xFB, 0xC0, 0x00, 0xF0, 0x00, 0x3C,
    0x00, 0x0F, 0x00, 0x03, 0xF0, 0x60, 0x7F, 0xFC, 0x0F, 0xFF, 0x01, 0xFF, 0x80, 0x06, 0x00, 0x00,
    0x03, 0xF8, 0x1F, 0xF0, 0xFF, 0xF0, 0x3F, 0x80, 0xFC, 0x3F, 0xFF, 0xF8, 0xFF, 0x07, 0xE0, 0x00,
    0x00, 0x00, 0x00, 0x7F, 0x00, 0x7F, 0xC0, 0x7F, 0xF8, 0x03, 0xF8, 0x01, 0xF8, 0x0F, 0xF8, 0xFF,
    0xFE, 0xFF, 0x7F, 0xFC, 0x3E, 0x00, 0x00, 0x03, 0x00, 0x1E, 0x00, 0x78, 0x00, 0xC0, 0x00, 0x01,
    0xF0, 0x0F, 0xF8, 0x1F, 0xFE, 0x7F, 0xF8, 0x07, 0xE0, 0x7F, 0x87, 0xF0, 0x3F, 0x01, 0xF0, 0x07,
    0x80, 0x3C, 0x00, 0xF0, 0x03, 0xC0, 0x0F, 0x00, 0x3C, 0x00, 0xFC, 0x19, 0xFF, 0xF3, 0xFF, 0xC7,
    0xFE, 0x01, 0x80, 0x03, 0x00, 0x01, 0xE0, 0x00, 0x78, 0x00, 0x0C, 0x00, 0x00, 0x00, 0x1F, 0x00,
    0x0F, 0xF8, 0x01, 0xFF, 0xE0, 0x7F, 0xF8, 0x00, 0x7E, 0x00, 0x7F, 0x80, 0x7F, 0xC0, 0x3F, 0x78,
    0x1F, 0x0F, 0xE7, 0x83, 0xFB, 0xC0, 0x7E, 0xF0, 0x00, 0x3C, 0x00, 0x0F, 0x00, 0x03, 0xC0, 0x00,
    0xFC, 0x18, 0x1F, 0xFF, 0x03, 0xFF, 0xC0, 0x7F, 0xE0, 0x01, 0x80, 0x00, 0x18, 0x01, 0xC0, 0x0E,
    0x00, 0x70, 0x00, 0x00, 0x00, 0x01, 0xFC, 0x0F, 0xF8, 0x7F, 0xF8, 0x1F, 0xC0, 0x7E, 0x1F, 0xFF,
    0xFC, 0x7F, 0x83, 0xF0, 0x00, 0x00, 0x10, 0x00, 0x38, 0x00, 0x38, 0x00, 0x38, 0x00, 0x00, 0x00,
    0x00, 0x00, 0x7F, 0x00, 0x7F, 0xC0, 0x7F, 0xF8, 0x03, 0xF8, 0x01, 0xF8, 0x0F, 0xF8, 0xFF, 0xFE,
    0xFF, 0x7F, 0xFC, 0x3E, 0x00, 0x00, 0x02, 0x03, 0xC0, 0xF8, 0x1E, 0x03, 0xC0, 0xF0, 0x3D, 0x8F,
    0x7F, 0xDF, 0xF7, 0xF8, 0x00, 0x02, 0x00, 0x3C, 0x00, 0xF8, 0x01, 0xE0, 0x07, 0xC0, 0x0F, 0x00,
    0x3C, 0x18, 0xF8, 0x7F, 0xFD, 0xFF, 0xF7, 0xFF, 0xC0, 0x00, 0x0C, 0x07, 0x01, 0xC0, 0x70, 0x00,
    0x00, 0x80, 0xF0, 0x3E, 0x07, 0x80, 0xF0, 0x3C, 0x0F, 0x63, 0xDF, 0xF7, 0xFD, 0xFE, 0x00, 0x00,
    0x0C, 0x00, 0x70, 0x01, 0xC0, 0x07, 0x00, 0x00, 0x00, 0x08, 0x00, 0xF0, 0x03, 0xE0, 0x07, 0x80,
    0x1F, 0x00, 0x3C, 0x00, 0xF0, 0x63, 0xE1, 0xFF, 0xF7, 0xFF, 0xDF, 0xFF, 0x00, 0x00, 0x06, 0x07,
    0x83, 0xC0, 0xE0, 0x78, 0x3C, 0x1C, 0x1E, 0x1F, 0x3F, 0x3F, 0x1F, 0x06, 0x00, 0x06, 0x00, 0x78,
    0x03, 0xC0, 0x0E, 0x00, 0x78, 0x03, 0xF8, 0x1F, 0xC1, 0xFE, 0x1F, 0x03, 0xF0, 0x3F, 0x01, 0xF0,
    0x06, 0x00, 0x00, 0x06, 0x07, 0x83, 0xC0, 0xC0, 0x00, 0x00, 0x18, 0x1E, 0x0F, 0x03, 0x81, 0xE0,
    0xF0, 0x70, 0x78, 0x7C, 0xFC, 0xFC, 0x7C, 0x18, 0x00, 0x04, 0x00, 0x70, 0x03, 0x80, 0x1C, 0x00,
    0x00, 0x00, 0x00, 0x18, 0x01, 0xE0, 0x0F, 0x00, 0x38, 0x01, 0xE0, 0x0F, 0xE0, 0x7F, 0x07, 0xF8,
    0x7C, 0x0F, 0xC0, 0xFC, 0x07, 0xC0, 0x18, 0x00, 0x00, 0x00, 0x00, 0xE0, 0x00, 0x00, 0x1E, 0x00,
    0x00, 0x01, 0xE0, 0x03, 0xC3, 0x8F, 0x00, 0x3C, 0x38, 0xF7, 0x01, 0xC3, 0x8F, 0x70, 0x1E, 0x78,
    0xFF, 0x01, 0xFF, 0xFF, 0xF0, 0x1F, 0xFF, 0xEF, 0x01, 0xFE, 0xFC, 0xF0, 0x3C, 0x00, 0x07, 0xCF,
    0xC0, 0x00, 0x7F, 0xF8, 0x00, 0x03, 0xFF, 0x80, 0x00, 0x1F, 0xE0, 0x00, 0x00, 0x00, 0x00, 0x00,
    0xE0, 0x00, 0x00, 0x00, 0xE0, 0x00, 0x3C, 0x38, 0xF0, 0x00, 0x3C, 0x38, 0xF0, 0x70, 0x1C, 0x38,
    0xF0, 0x70, 0x1E, 0x78, 0xF8, 0xF0, 0x1F, 0xFF, 0xFF, 0xF0, 0x1F, 0xFF, 0xFF, 0xF0, 0x1F, 0xEF,
    0xDF, 0xF0, 0x3C, 0x00, 0x00, 0x7C, 0xFC, 0x00, 0x00, 0x7F, 0xF8, 0x00, 0x00, 0x3F, 0xF8, 0x00,
    0x00, 0x1F, 0xE0, 0x00, 0x00, 0x00, 0x01, 0xC0, 0x00, 0x78, 0x00, 0x07, 0x8E, 0x3C, 0xF3, 0xC7,
    0x9E, 0x78, 0xE3, 0xCF, 0x3E, 0x7F, 0xFF, 0xFF, 0xFF, 0xFF, 0xDF, 0xFB, 0xF0, 0x00, 0x00, 0x00,
    0x00, 0x01, 0xE0, 0x00, 0x03, 0xC0, 0x71, 0xE7, 0x81, 0xE3, 0xCF, 0x03, 0xC7, 0x1E, 0x07, 0x9F,
    0x3E, 0x3F, 0xFF, 0xFF, 0xFF, 0xFF, 0xFF, 0xFF, 0xDF, 0xBE, 0x00, 0x00, 0x00, 0x00, 0x00, 0x70,
    0x00, 0x00, 0x07, 0x00, 0x00, 0x00, 0x70, 0x00, 0x00, 0x1D, 0x80, 0x00, 0x01, 0xFC, 0x00, 0x00,
    0x0D, 0x80, 0x00, 0x00, 0x00, 0xE0, 0x00, 0x00, 0x1E, 0x00, 0x00, 0x01, 0xE0, 0x03, 0xC3, 0x8F,
    0x00, 0x3C, 0x38, 0xF7, 0x01, 0xC3, 0x8F, 0x70, 0x1E, 0x78, 0xFF, 0x01, 0xFF, 0xFF, 0xF0, 0x1F,
    0xFF, 0xEF, 0x01, 0xFE, 0xFC, 0xF0, 0x3C, 0x00, 0x07, 0xCF, 0xC0, 0x00, 0x7F, 0xF8, 0x00, 0x03,
    0xFF, 0x80, 0x00, 0x1F, 0xE0, 0x00, 0x00, 0x00, 0x00, 0x70, 0x00, 0x00, 0x00, 0x70, 0x00, 0x00,
    0x00, 0x70, 0x00, 0x00, 0x01, 0xD8, 0x00, 0x00, 0x01, 0xFC, 0x00, 0x00, 0x00, 0xD8, 0x00, 0x00,
    0x00, 0x00, 0x00, 0x00, 0x00, 0x00, 0xE0, 0x00, 0x00, 0x00, 0xE0, 0x00, 0x3C, 0x38, 0xF0, 0x00,
    0x3C, 0x38, 0xF0, 0x70, 0x1C, 0x38, 0xF0, 0x70, 0x1E, 0x78, 0xF8, 0xF0, 0x1F, 0xFF, 0xFF, 0xF0,
    0x1F, 0xFF, 0xFF, 0xF0, 0x1F, 0xEF, 0xDF, 0xF0, 0x3C, 0x00, 0x00, 0x7C, 0xFC, 0x00, 0x00, 0x7F,
    0xF8, 0x00, 0x00, 0x3F, 0xF8, 0x00, 0x00, 0x1F, 0xE0, 0x00, 0x00, 0x00, 0x30, 0x00, 0x0F, 0x00,
    0x00, 0xC0, 0x00, 0x7E, 0x00, 0x0F, 0xC0, 0x01, 0xB8, 0x00, 0x00, 0x70, 0x00, 0x1E, 0x00, 0x01,
    0xE3, 0x8F, 0x3C, 0xF1, 0xE7, 0x9E, 0x38, 0xF3, 0xCF, 0x9F, 0xFF, 0xFF, 0xFF, 0xFF, 0xF7, 0xFE,
    0xFC, 0x00, 0x00, 0x00, 0x00, 0x70, 0x00, 0x00, 0xE0, 0x00, 0x01, 0xC0, 0x00, 0x06, 0xE0, 0x00,
    0x1F, 0xC0, 0x00, 0x1B, 0x00, 0x00, 0x00, 0x00, 0x00, 0x00, 0xF0, 0x00, 0x01, 0xE0, 0x38, 0xF3,
    0xC0, 0xF1, 0xE7, 0x81, 0xE3, 0x8F, 0x03, 0xCF, 0x9F, 0x1F, 0xFF, 0xFF, 0xFF, 0xFF, 0xFF, 0xFF,
    0xEF, 0xDF, 0x00, 0x00, 0x00, 0x00, 0x00, 0x00, 0x80, 0x00, 0x00, 0x3F, 0x80, 0x00, 0x07, 0xFC,
    0x00, 0x78, 0x7F, 0xF0, 0x03, 0xC7, 0xE7, 0xB8, 0x0E, 0x7C, 0x3D, 0xC0, 0x7B, 0xC3, 0xFE, 0x03,
    0xFF, 0xFF, 0xF0, 0x1F, 0xFF, 0xF7, 0x80, 0xFF, 0xFE, 0x3C, 0x0F, 0x0F, 0x80, 0xFD, 0xF8, 0x00,
    0x07, 0xFF, 0x80, 0x00, 0x1F, 0xFC, 0x00, 0x00, 0x3F, 0x80, 0x00, 0x00, 0x00, 0x00, 0x00, 0x80,
    0x00, 0x00, 0x07, 0xF0, 0x00, 0x00, 0x1F, 0xF0, 0x00, 0x3C, 0x3F, 0xF8, 0x00, 0x3C, 0x7E, 0x78,
    0x70, 0x1C, 0xF8, 0x78, 0x70, 0x1E, 0xF0, 0xF8, 0xF0, 0x1F, 0xFF, 0xFF, 0xF0, 0x1F, 0xFF, 0xFF,
    0xF0, 0x1F, 0xFF, 0xFF, 0xF0, 0x3C, 0x3E, 0x00, 0x7E, 0xFC, 0x00, 0x00, 0x7F, 0xF8, 0x00, 0x00,
    0x3F, 0xF8, 0x00, 0x00, 0x0F, 0xE0, 0x00, 0x00, 0x00, 0x00, 0x00, 0x00, 0xFC, 0x00, 0x3F, 0xE3,
    0xC7, 0xFF, 0x3C, 0xFC, 0xF3, 0x9F, 0x0F, 0x7F, 0xE1, 0xFF, 0xFF, 0xFE, 0xFF, 0xFF, 0xEE, 0xFF,
    0xF8, 0x01, 0xFC, 0x00, 0x00, 0x00, 0x00, 0x00, 0x1F, 0x80, 0x00, 0xFF, 0x81, 0xE3, 0xFF, 0x83,
    0xCF, 0xCF, 0x07, 0x3E, 0x1E, 0x1F, 0xF8, 0x7C, 0x7F, 0xFF, 0xFF, 0xFF, 0xFF, 0xFF, 0xDF, 0xFF,
    0xFC, 0x07, 0xF0, 0x00, 0x00, 0x00, 0x01, 0x80, 0x00, 0x00, 0x1C, 0x00, 0x00, 0x00, 0xE0, 0x00,
    0x00, 0x07, 0x00, 0x00, 0x00, 0x00, 0x00, 0x00, 0x00, 0x40, 0x00, 0x00, 0x1F, 0xC0, 0x00, 0x03,
    0xFE, 0x00, 0x3C, 0x3F, 0xF8, 0x01, 0xE3, 0xF3, 0xDC, 0x07, 0x3E, 0x1E, 0xE0, 0x3D, 0xE1, 0xFF,
    0x01, 0xFF, 0xFF, 0xF8, 0x0F, 0xFF, 0xFB, 0xC0, 0x7F, 0xFF, 0x1E, 0x07, 0x87, 0xC0, 0x7E, 0xFC,
    0x00, 0x03, 0xFF, 0xC0, 0x00, 0x0F, 0xFE, 0x00, 0x00, 0x1F, 0xC0, 0x00, 0x00, 0x00, 0x00, 0x01,
    0x80, 0x00, 0x00, 0x03, 0x80, 0x00, 0x00, 0x03, 0x80, 0x00, 0x00, 0x03, 0x80, 0x00, 0x00, 0x00,
    0x00, 0x00, 0x00, 0x00, 0x80, 0x00, 0x00, 0x07, 0xF0, 0x00, 0x00, 0x1F, 0xF0, 0x00, 0x3C, 0x3F,
    0xF8, 0x00, 0x3C, 0x7E, 0x78, 0x70, 0x1C, 0xF8, 0x78, 0x70, 0x1E, 0xF0, 0xF8, 0xF0, 0x1F, 0xFF,
    0xFF, 0xF0, 0x1F, 0xFF, 0xFF, 0xF0, 0x1F, 0xFF, 0xFF, 0xF0, 0x3C, 0x3E, 0x00, 0x7E, 0xFC, 0x00,
    0x00, 0x7F, 0xF8, 0x00, 0x00, 0x3F, 0xF8, 0x00, 0x00, 0x0F, 0xE0, 0x00, 0x00, 0x00, 0x02, 0x00,
    0x00, 0x70, 0x00, 0x07, 0x00, 0x00, 0x70, 0x00, 0x00, 0x00, 0x00, 0x00, 0x00, 0x0F, 0xC0, 0x03,
    0xFE, 0x3C, 0x7F, 0xF3, 0xCF, 0xCF, 0x39, 0xF0, 0xF7, 0xFE, 0x1F, 0xFF, 0xFF, 0xEF, 0xFF, 0xFE,
    0xEF, 0xFF, 0x80, 0x1F, 0xC0, 0x00, 0x02, 0x00, 0x00, 0x0E, 0x00, 0x00, 0x1C, 0x00, 0x00, 0x38,
    0x00, 0x00, 0x00, 0x00, 0x00, 0x00, 0x00, 0x03, 0xF0, 0x00, 0x1F, 0xF0, 0x3C, 0x7F, 0xF0, 0x79,
    0xF9, 0xE0, 0xE7, 0xC3, 0xC3, 0xFF, 0x0F, 0x8F, 0xFF, 0xFF, 0xFF, 0xFF, 0xFF, 0xFB, 0xFF, 0xFF,
    0x80, 0xFE, 0x00, 0x0E, 0x00, 0x07, 0x00, 0x03, 0x80, 0x01, 0xC0, 0x00, 0xE0, 0x00, 0x70, 0x00,
    0x3C, 0x20, 0x1E, 0xFC, 0x0F, 0xFF, 0x07, 0xFF, 0xC3, 0xF9, 0xE1, 0xF0, 0xF0, 0xF0, 0xFF, 0xFF,
    0xFB, 0xFF, 0xFD, 0xFF, 0xF8, 0x1F, 0xE0, 0x00, 0x0E, 0x00, 0x00, 0xE0, 0x00, 0x0E, 0x00, 0x00,
    0xE0, 0x00, 0x0E, 0x00, 0x00, 0xE0, 0x00, 0x0F, 0x08, 0x00, 0xF7, 0xE0, 0x0F, 0xFF, 0x00, 0xFF,
    0xF8, 0x0F, 0xE7, 0x80, 0xF8, 0x78, 0x0F, 0x0F, 0x8F, 0xFF, 0xFF, 0xFF, 0xFF, 0xFF, 0xFF, 0xFF,
    0x1F, 0xE0, 0x00, 0x38, 0x00, 0xF0, 0x01, 0xE0, 0x03, 0xC0, 0x07, 0x80, 0x07, 0x00, 0x0E, 0x1C,
    0x1D, 0xFC, 0x3F, 0xFC, 0x7F, 0xFC, 0xFC, 0x79, 0xF0, 0xF7, 0xC7, 0xFF, 0xFF, 0xBF, 0xFE, 0x7F,
    0xF8, 0x00, 0x00, 0x38, 0x00, 0x1E, 0x00, 0x07, 0x80, 0x01, 0xE0, 0x00, 0x78, 0x00, 0x0E, 0x00,
    0x03, 0x87, 0x00, 0xEF, 0xE0, 0x3F, 0xFC, 0x0F, 0xFF, 0x83, 0xF1, 0xE0, 0xF8, 0x78, 0x7C, 0x7E,
    0x3F, 0xFF, 0xFF, 0xFF, 0xFF, 0xFF, 0xFF, 0x00, 0x00, 0x00, 0x0E, 0x00, 0x07, 0x0C, 0x03, 0x87,
    0x01, 0xC3, 0x80, 0xE1, 0xC0, 0x70, 0x00, 0x3C, 0x20, 0x1E, 0xFC, 0x0F, 0xFF, 0x07, 0xFF, 0xC3,
    0xF9, 0xE1, 0xF0, 0xF0, 0xF0, 0xFF, 0xFF, 0xFB, 0xFF, 0xFD, 0xFF, 0xF8, 0x1F, 0xE0, 0x00, 0x0E,
    0x00, 0x00, 0xE1, 0x80, 0x0E, 0x3C, 0x00, 0xE3, 0xC0, 0x0E, 0x18, 0x00, 0xE0, 0x00, 0x0F, 0x08,
    0x00, 0xF7, 0xE0, 0x0F, 0xFF, 0x00, 0xFF, 0xF8, 0x0F, 0xE7, 0x80, 0xF8, 0x78, 0x0F, 0x0F, 0x8F,
    0xFF, 0xFF, 0xFF, 0xFF, 0xFF, 0xFF, 0xFF, 0x1F, 0xE0, 0x00, 0x38, 0x00, 0xF0, 0x81, 0xE3, 0x83,
    0xC7, 0x07, 0x8E, 0x07, 0x00, 0x0E, 0x1C, 0x1D, 0xFC, 0x3F, 0xFC, 0x7F, 0xFC, 0xFC, 0x79, 0xF0,
    0xF7, 0xC7, 0xFF, 0xFF, 0xBF, 0xFE, 0x7F, 0xF8, 0x00, 0x00, 0x38, 0x00, 0x1E, 0x10, 0x07, 0x8E,
    0x01, 0xE3, 0x80, 0x78, 0xE0, 0x0E, 0x00, 0x03, 0x87, 0x00, 0xEF, 0xE0, 0x3F, 0xFC, 0x0F, 0xFF,
    0x83, 0xF1, 0xE0, 0xF8, 0x78, 0x7C, 0x7E, 0x3F, 0xFF, 0xFF, 0xFF, 0xFF, 0xFF, 0xFF, 0x00, 0x00,
    0x00, 0x1F, 0x00, 0xFE, 0x07, 0xF0, 0x1F, 0xC0, 0x70, 0x01, 0xC1, 0x07, 0xFC, 0x1F, 0xF8, 0x3F,
    0xE0, 0xFC, 0x07, 0xC0, 0x3E, 0x00, 0xF0, 0x03, 0xC0, 0x0F, 0x00, 0x3C, 0x00, 0xF8, 0x19, 0xFF,
    0xE3, 0xFF, 0xC7, 0xFE, 0x03, 0x80, 0x0F, 0xC0, 0xFF, 0x83, 0xFE, 0x1E, 0x78, 0x3D, 0xE0, 0xFF,
    0x81, 0xFC, 0x03, 0xFF, 0x3F, 0xFD, 0xFF, 0xF7, 0x80, 0x3C, 0x00, 0xF0, 0x03, 0xC0, 0x0F, 0x83,
    0x3F, 0xFC, 0x7F, 0xF0, 0xFF, 0x80, 0x70, 0x00, 0x07, 0x03, 0xF0, 0xFE, 0x3F, 0xC7, 0x80, 0xF0,
    0x1E, 0x31, 0xFF, 0xFF, 0xFF, 0xFB, 0xFC, 0x00, 0x00, 0x07, 0xC0, 0x3F, 0xC0, 0xFF, 0xC1, 0xE7,
    0x83, 0xEF, 0x03, 0xFC, 0x03, 0xF8, 0x3F, 0xFE, 0x7F, 0xFE, 0xFB, 0xF8, 0x00, 0x00, 0x06, 0x00,
    0x3C, 0x00, 0xF0, 0x01, 0x80, 0x00, 0x00, 0x7C, 0x03, 0xF8, 0x1F, 0xC0, 0x7F, 0x01, 0xC0, 0x07,
    0x04, 0x1F, 0xF0, 0x7F, 0xE0, 0xFF, 0x83, 0xF0, 0x1F, 0x00, 0xF8, 0x03, 0xC0, 0x0F, 0x00, 0x3C,
    0x00, 0xF0, 0x03, 0xE0, 0x67, 0xFF, 0x8F, 0xFF, 0x1F, 0xF8, 0x0E, 0x00, 0x03, 0x00, 0x1C, 0x00,
    0x78, 0x01, 0xC0, 0x00, 0x00, 0x3F, 0x03, 0xFE, 0x0F, 0xF8, 0x79, 0xE0, 0xF7, 0x83, 0xFE, 0x07,
    0xF0, 0x0F, 0xFC, 0xFF, 0xF7, 0xFF, 0xDE, 0x00, 0xF0, 0x03, 0xC0, 0x0F, 0x00, 0x3E, 0x0C, 0xFF,
    0xF1, 0xFF, 0xC3, 0xFE, 0x01, 0xC0, 0x06, 0x01, 0xC0, 0x3C, 0x07, 0x00, 0x00, 0x0E, 0x07, 0xE1,
    0xFC, 0x7F, 0x8F, 0x01, 0xE0, 0x3C, 0x63, 0xFF, 0xFF, 0xFF, 0xF7, 0xF8, 0x00, 0x00, 0x03, 0x00,
    0x0F, 0x00, 0x1E, 0x00, 0x1C, 0x00, 0x00, 0x00, 0xF8, 0x07, 0xF8, 0x1F, 0xF8, 0x3C, 0xF0, 0x7D,
    0xE0, 0x7F, 0x80, 0x7F, 0x07, 0xFF, 0xCF, 0xFF, 0xDF, 0x7F, 0x00, 0x00, 0x00, 0x01, 0x80, 0x00,
    0x0E, 0x00, 0x00, 0xF0, 0x00, 0x03, 0x80, 0x00, 0x00, 0x00, 0x00, 0x00, 0x00, 0x0F, 0x80, 0x00,
    0xFE, 0x00, 0x0F, 0xF0, 0x00, 0x7B, 0xDC, 0x03, 0x9E, 0xE0, 0x1F, 0xFF, 0x00, 0xFF, 0xF8, 0x07,
    0xFF, 0xE0, 0x07, 0xEF, 0xFF, 0xFE, 0x7F, 0xFF, 0xF1, 0xFF, 0xFF, 0x01, 0xFF, 0x80, 0x00, 0x00,
    0x60, 0x00, 0x00, 0x78, 0x00, 0x00, 0x3C, 0x00, 0x00, 0x0C, 0x00, 0x00, 0x00, 0x00, 0x00, 0x00,
    0x00, 0x00, 0x07, 0xC0, 0x00, 0x07, 0xF0, 0x70, 0x03, 0xFC, 0x38, 0x03, 0xDE, 0x3C, 0x01, 0xE7,
    0x1E, 0x00, 0xF7, 0x8F, 0x80, 0x3F, 0xC3, 0xFF, 0xFF, 0xFD, 0xFF, 0xFF, 0xFE, 0x7F, 0xFF, 0xFF,
    0x07, 0xFC, 0x00, 0x00, 0x04, 0x03, 0x80, 0xE0, 0x38, 0x00, 0x00, 0x01, 0xF0, 0xFE, 0x7F, 0x9E,
    0xF7, 0xBD, 0xFF, 0x7F, 0xCF, 0xF0, 0xFF, 0xFE, 0xFF, 0xBF, 0x80, 0x00, 0x06, 0x00, 0x70, 0x03,
    0xC0, 0x1C, 0x00, 0x00, 0x00, 0x00, 0x7C, 0x07, 0xF0, 0x7F, 0xC3, 0xDE, 0x1E, 0xF0, 0xF7, 0x83,
    0xFC, 0x7F, 0xFF, 0xFF, 0xFF, 0xFF, 0x00, 0x00, 0x00, 0x22, 0x00, 0x3B, 0x80, 0x1F, 0xC0, 0x0E,
    0xC0, 0x00, 0x00, 0x00, 0xE0, 0x01, 0xF8, 0x00, 0xFE, 0x00, 0xFF, 0x38, 0x73, 0xDC, 0x3D, 0xFE,
    0x1F, 0xFF, 0x0F, 0xFF, 0x83, 0xFF, 0xC0, 0x3D, 0xF8, 0x7E, 0x7F, 0xFE, 0x1F, 0xFE, 0x07, 0xFC,
    0x00, 0x00, 0x20, 0x00, 0x07, 0xF0, 0x00, 0x7F, 0x00, 0x07, 0x60, 0x00, 0x00, 0x00, 0x00, 0x00,
    0x00, 0x3E, 0x00, 0x07, 0xF0, 0x00, 0xFF, 0x00, 0x0F, 0x78, 0x70, 0xE7, 0x87, 0x0F, 0xFE, 0xF0,
    0xFF, 0xFF, 0x07, 0xFF, 0xF0, 0x0F, 0x8F, 0x80, 0xF0, 0x7F, 0xFE, 0x07, 0xFF, 0xE0, 0x3F, 0xF8,
    0x00, 0xFE, 0x00, 0x11, 0x0E, 0xE3, 0xF8, 0xEE, 0x00, 0x00, 0x01, 0xF0, 0xFE, 0x7F, 0x9E, 0xF7,
    0xBD, 0xFF, 0x7F, 0xCF, 0xF0, 0xFF, 0xFE, 0xFF, 0xBF, 0x80, 0x00, 0x11, 0x01, 0xDC, 0x0F, 0xE0,
    0x37, 0x00, 0x00, 0x00, 0x00, 0x7C, 0x07, 0xF0, 0x7F, 0xC3, 0xDE, 0x1E, 0xF0, 0xF7, 0x83, 0xFC,
    0x7F, 0xFF, 0xFF, 0xFF, 0xFF, 0x00, 0x00, 0x00, 0x01, 0xC0, 0x00, 0x38, 0x00, 0x07, 0x00, 0x18,
    0xE0, 0x07, 0x1C, 0x01, 0xE3, 0x80, 0x38, 0x78, 0x07, 0x8F, 0x70, 0x71, 0xEE, 0x3E, 0x3F, 0xC7,
    0x87, 0xF8, 0x40, 0xFF, 0x80, 0x3E, 0xFF, 0xFF, 0x9F, 0xFF, 0xF1, 0xFF, 0xFC, 0x07, 0xFC, 0x00,
    0x00, 0x01, 0xC0, 0x00, 0x07, 0x00, 0x00, 0x1C, 0x00, 0x0C, 0x70, 0x00, 0x71, 0xC0, 0x03, 0xC7,
    0x00, 0x0E, 0x1E, 0x00, 0x3C, 0x78, 0x70, 0x71, 0xE1, 0xC7, 0xC7, 0x8F, 0x1E, 0x1E, 0x3C, 0x20,
    0x78, 0xF8, 0x03, 0xE1, 0xFF, 0xFF, 0xF7, 0xFF, 0xFF, 0xCF, 0xFF, 0xFF, 0x07, 0xFC, 0x00, 0x01,
    0x81, 0xE1, 0xFD, 0xFE, 0xFC, 0x3E, 0x0F, 0xC1, 0xF8, 0x3E, 0x07, 0xC0, 0xF0, 0x3C, 0xFF, 0x3F,
    0xCF, 0xE0, 0x00, 0x01, 0x80, 0x3C, 0x07, 0xF0, 0xFF, 0x0F, 0xE0, 0x7C, 0x03, 0xE0, 0x0F, 0x80,
    0x3E, 0x00, 0xF8, 0x03, 0xC0, 0x1F, 0x8F, 0xFF, 0x7F, 0xFF, 0xFB, 0xC0, 0x00, 0x00, 0x1C, 0x00,
    0x38, 0x00, 0x70, 0x00, 0xE0, 0x01, 0xC0, 0x03, 0x80, 0x07, 0x80, 0x0F, 0x00, 0x1E, 0x00, 0x3C,
    0x00, 0x7B, 0x80, 0xF7, 0x01, 0xFE, 0x03, 0xFC, 0x07, 0xF8, 0x0E, 0xF0, 0x3C, 0xF8, 0xF9, 0xFF,
    0xE1, 0xFF, 0x80, 0xFE, 0x00, 0x00, 0x1C, 0x00, 0x03, 0x80, 0x00, 0x70, 0x00, 0x0E, 0x00, 0x01,
    0xC0, 0x00, 0x38, 0x00, 0x07, 0x00, 0x00, 0xE0, 0x00, 0x1E, 0x00, 0x03, 0xC0, 0x00, 0x78, 0x38,
    0x0F, 0x07, 0x01, 0xE1, 0xE0, 0x3F, 0xBC, 0x07, 0xF7, 0x80, 0xFE, 0xF0, 0x3C, 0x0F, 0x8F, 0x81,
    0xFF, 0xE0, 0x1F, 0xF8, 0x00, 0xFE, 0x00, 0x39, 0xE7, 0x9E, 0x38, 0xE3, 0x8E, 0x38, 0xE3, 0x8E,
    0x3B, 0xEF, 0xBC, 0x00, 0x38, 0x3C, 0x1E, 0x07, 0x03, 0x81, 0xC0, 0xE0, 0x70, 0x38, 0x1C, 0x0E,
    0x07, 0x83, 0xC7, 0xFF, 0xFF, 0xFF, 0x00, 0x00, 0x06, 0x03, 0xF0, 0xFF, 0x3F, 0xE7, 0x9E, 0x23,
    0xC7, 0xF9, 0xFF, 0x7F, 0xFF, 0x3B, 0xC0, 0x78, 0x0F, 0x01, 0xE0, 0x3C, 0x07, 0x80, 0x70, 0x0E,
    0x00, 0x00, 0x00, 0x03, 0xC0, 0x0F, 0xE0, 0x1F, 0xE0, 0x3F, 0xF0, 0x7C, 0x70, 0x7E, 0x78, 0xFF,
    0xFE, 0xFF, 0xFF, 0xF7, 0xFF, 0xF1, 0xC0, 0xF0, 0x00, 0xF0, 0x00, 0xF0, 0x00, 0xF0, 0x00, 0x70,
    0x00, 0x78, 0x00, 0x78, 0x00, 0x00, 0x00, 0x07, 0x80, 0xFC, 0x1F, 0xE3, 0xFE, 0x3C, 0xE7, 0xCE,
    0xFF, 0xEF, 0xFE, 0xEF, 0xC0, 0x00, 0x07, 0x80, 0x3F, 0x80, 0x7F, 0x01, 0xFF, 0x03, 0x9E, 0x0F,
    0x9E, 0x3F, 0xFF, 0xFF, 0xFF, 0xEF, 0xFE, 0x07, 0x00, 0x03, 0x00, 0x07, 0x00, 0x1E, 0x00, 0x1C,
    0x00, 0x00, 0x80, 0x07, 0x80, 0x0F, 0x38, 0x0E, 0x70, 0x1F, 0xE0, 0x3F, 0xC0, 0x7F, 0x80, 0xFF,
    0x03, 0xCF, 0xDF, 0x9F, 0xFE, 0x1F, 0xF8, 0x1F, 0xE0, 0x03, 0x00, 0x00, 0x70, 0x00, 0x1E, 0x00,
    0x01, 0xC0, 0x00, 0x00, 0x00, 0x00, 0x78, 0x00, 0x0F, 0x03, 0x80, 0xE0, 0x70, 0x1E, 0x1E, 0x03,
    0xFB, 0xC0, 0x7F, 0xF8, 0x0F, 0xFF, 0x03, 0xC0, 0xFD, 0xF8, 0x1F, 0xFE, 0x01, 0xFF, 0xC0, 0x1F,
    0xE0, 0x00, 0x31, 0xE7, 0x8C, 0x00, 0xE7, 0x8F, 0x3C, 0xF3, 0xCF, 0xFF, 0xEF, 0x00, 0x18, 0x0F,
    0x03, 0xC0, 0x70, 0x00, 0x00, 0x01, 0xC0, 0xF0, 0x3C, 0x0F, 0x0F, 0xFF, 0xFF, 0xFF, 0xC0, 0x00,
    0x00, 0x07, 0x03, 0xE0, 0xFC, 0x3F, 0x1F, 0xE7, 0x3B, 0xCE, 0xF3, 0xBF, 0xE7, 0xF8, 0xFC, 0x00,
    0x00, 0x03, 0x80, 0x0F, 0x00, 0x7C, 0x07, 0xF0, 0x7F, 0xC1, 0xFF, 0x0F, 0x3C, 0x3C, 0xF0, 0xFF,
    0xC1, 0xFF, 0x07, 0xFF, 0x87, 0xFF, 0x00, 0xF8, 0x00, 0x00, 0x08, 0x00, 0xE0, 0x0F, 0xC0, 0x7F,
    0x03, 0xFC, 0x3F, 0xF1, 0xCF, 0xCF, 0xFF, 0x7F, 0x7F, 0xFF, 0xFF, 0xFF, 0xFF, 0xE0, 0x08, 0x00,
    0x07, 0x80, 0x7F, 0x01, 0xFC, 0x0F, 0x70, 0x3D, 0xC1, 0xE7, 0x07, 0xFC, 0x3F, 0xFF, 0xFF, 0xFF,
    0xFF, 0xF7, 0x8E, 0x0F, 0xF8, 0x3F, 0xE0, 0x7F, 0x80, 0x78, 0x00, 0x0E, 0x0F, 0xC3, 0xF9, 0xFE,
    0x73, 0xDC, 0xF7, 0xFD, 0xFF, 0x3F, 0xC3, 0xE7, 0xFB, 0xFC, 0x7E, 0x1E, 0x00, 0x0E, 0x01, 0xF8,
    0x0F, 0xE0, 0xFF, 0x07, 0x3C, 0x39, 0xE1, 0xFF, 0xEF, 0xFF, 0x3F, 0xF8, 0x7C, 0x1F, 0xE1, 0xFE,
    0x07, 0xE0, 0x3C, 0x00, 0x00, 0x1F, 0x80, 0x1F, 0xC0, 0x1F, 0xC0, 0x1F, 0x20, 0x0E, 0x03, 0x87,
    0x01, 0xC3, 0xE1, 0xE1, 0xFC, 0xF0, 0x3F, 0x78, 0x07, 0xBC, 0x03, 0xCF, 0xDF, 0xE7, 0xFF, 0xE1,
    0xFF, 0xE0, 0x3F, 0xC0, 0x00, 0x00, 0x0E, 0x00, 0x01, 0xC0, 0xF8, 0x78, 0x1F, 0xEF, 0x03, 0xFF,
    0xE0, 0x1F, 0xBC, 0x03, 0xC3, 0xFB, 0xF8, 0x7F, 0xFE, 0x07, 0xFF, 0x80, 0x3F, 0xC0, 0x00, 0x00,
    0x1F, 0x80, 0x1F, 0xC0, 0x1F, 0xC0, 0x1F, 0x20, 0x0E, 0x03, 0x87, 0x01, 0xC3, 0xE1, 0xE1, 0xFC,
    0xF0, 0x3F, 0x78, 0x07, 0xBC, 0x03, 0xCF, 0xDF, 0xE7, 0xFF, 0xE1, 0xFF, 0xE0, 0x3F, 0xC0, 0x00,
    0x00, 0x00, 0x00, 0x07, 0x70, 0x03, 0xF8, 0x01, 0xDC, 0x00, 0x00, 0x00, 0x0E, 0x00, 0x01, 0xC0,
    0xF8, 0x78, 0x1F, 0xEF, 0x03, 0xFF, 0xE0, 0x1F, 0xBC, 0x03, 0xC3, 0xFB, 0xF8, 0x7F, 0xFE, 0x07,
    0xFF, 0x80, 0x3F, 0xC0, 0x00, 0x00, 0x00, 0x00, 0x00, 0x0F, 0xC0, 0x03, 0xFC, 0x00, 0x3F, 0x00,
    0x3C, 0x78, 0xF0, 0xE1, 0xE3, 0xC7, 0xFE, 0xFD, 0xF0, 0x00, 0x0E, 0xFF, 0xFB, 0x80, 0x00, 0x03,
    0xC0, 0x70, 0x0E, 0x03, 0xE1, 0xFF, 0xBF, 0xFF, 0xBE, 0x00, 0x00, 0x01, 0xF8, 0x7F, 0x87, 0xE0,
    0x00, 0x00, 0xFE, 0x31, 0xFD, 0xE0, 0x31, 0xC0, 0xC3, 0x83, 0xC7, 0x07, 0xCE, 0x07, 0xFC, 0x07,
    0xF8, 0x03, 0xF0, 0x03, 0xE0, 0x0F, 0xE0, 0x3F, 0xC0, 0xFB, 0x83, 0xFF, 0x07, 0xFE, 0x0F, 0xF8,
    0x00, 0x00, 0x7F, 0x00, 0xFF, 0x70, 0x0E, 0xF0, 0x00, 0xF0, 0x20, 0x70, 0x70, 0x70, 0x78, 0x70,
    0x7C, 0x70, 0x3E, 0x70, 0x1F, 0x70, 0x0F, 0xF0, 0x07, 0xF0, 0x03, 0xF8, 0x07, 0xF8, 0x7F, 0xFF,
    0x7F, 0xFF, 0x7F, 0x3F, 0x00, 0x00, 0x70, 0x07, 0x80, 0x3C, 0x01, 0xE0, 0xCF, 0x9E, 0x78, 0x70,
    0xC3, 0x8F, 0x1C, 0x7C, 0xE1, 0xFF, 0x07, 0xF8, 0x0F, 0xC0, 0x3E, 0x03, 0xF8, 0x3F, 0xC3, 0xEE,
    0x3F, 0xF1, 0xFF, 0x8F, 0xF8, 0x18, 0x00, 0x3C, 0x00, 0x38, 0x00, 0x3C, 0x00, 0x3E, 0x70, 0x3C,
    0xF0, 0x00, 0xF0, 0x20, 0x70, 0x70, 0x70, 0x78, 0x70, 0x7C, 0x70, 0x3E, 0x70, 0x1F, 0x70, 0x0F,
    0xF0, 0x07, 0xF0, 0x03, 0xF8, 0x07, 0xF8, 0x7F, 0xFF, 0x7F, 0xFF, 0x7F, 0x3F, 0x00, 0x00, 0x00,
    0x60, 0x0F, 0x00, 0x38, 0x61, 0xC7, 0x8E, 0x3E, 0x70, 0xFF, 0x83, 0xFC, 0x07, 0xE0, 0x1F, 0x01,
    0xFC, 0x1F, 0xE1, 0xF7, 0x1F, 0xF8, 0xFF, 0xC7, 0xFC, 0x0C, 0x00, 0xE0, 0x0F, 0x00, 0x7C, 0x03,
    0xE0, 0x1E, 0x00, 0x00, 0x00, 0x00, 0x70, 0x00, 0xF0, 0x00, 0xF0, 0x20, 0x70, 0x70, 0x70, 0x78,
    0x70, 0x7C, 0x70, 0x3E, 0x70, 0x1F, 0x70, 0x0F, 0xF0, 0x07, 0xF0, 0x03, 0xF8, 0x07, 0xF8, 0x7F,
    0xFF, 0x7F, 0xFF, 0x7F, 0x3F, 0x1C, 0x00, 0x1C, 0x00, 0x3C, 0x00, 0x3E, 0x00, 0x3E, 0x00, 0x3C,
    0x00, 0x00, 0x00, 0x00, 0x60, 0x0F, 0x00, 0x38, 0x61, 0xC7, 0x8E, 0x3E, 0x70, 0xFF, 0x83, 0xFC,
    0x07, 0xE0, 0x1F, 0x01, 0xFC, 0x1F, 0xE1, 0xF7, 0x1F, 0xF8, 0xFF, 0xC7, 0xFC, 0x00, 0x70, 0x00,
    0xF0, 0x00, 0xF0, 0x20, 0x70, 0x70, 0x70, 0x78, 0x70, 0x7C, 0x70, 0x3E, 0x70, 0x1F, 0x70, 0x0F,
    0xF0, 0x07, 0xF0, 0x03, 0xF8, 0x07, 0xF8, 0x7F, 0xFF, 0x7F, 0xFF, 0x7F, 0x3F, 0x00, 0x00, 0xFF,
    0xFF, 0x77, 0x77, 0x77, 0x60, 0x07, 0xFF, 0x00, 0x1C, 0x73, 0x9C, 0x73, 0x8E, 0x38, 0xE3, 0x8C,
    0x38, 0xE3, 0x8E, 0x1C, 0x70, 0xE3, 0xC7, 0x00, 0x60, 0xE0, 0xE1, 0xC1, 0xC1, 0x83, 0x87, 0x0E,
    0x1C, 0x38, 0x70, 0xE1, 0xC3, 0x0E, 0x1C, 0x71, 0xC3, 0x80, 0x00, 0x77, 0xFE, 0xF3, 0x3B, 0x98,
    0x6F, 0xFF, 0x00, 0x00, 0x00, 0x6F, 0xFF, 0x00, 0x1F, 0x1F, 0xE7, 0xFD, 0x87, 0x01, 0xC0, 0xF0,
    0x78, 0x3C, 0x0E, 0x07, 0x81, 0xC0, 0x00, 0x00, 0x07, 0x81, 0xE0, 0x78, 0x00, 0x00,
};

static const EpdGlyph bevietnampro_10_boldGlyphs[] = {
    { 0, 0, 0, 0, 0, 0, 0 }, // U+0000
    { 0, 0, 200, 0, 0, 0, 0 }, // U+000D
    { 0, 0, 77, 0, 0, 0, 0 }, // U+0020
    { 5, 15, 114, 1, 15, 10, 0 }, // !
    { 7, 5, 130, 1, 15, 5, 10 }, // "
    { 17, 15, 282, 0, 15, 32, 15 }, // #
    { 13, 19, 216, 0, 17, 31, 47 }, // $
    { 17, 15, 290, 1, 15, 32, 78 }, // %
    { 16, 15, 254, 0, 15, 30, 110 }, // &
    { 4, 5, 74, 1, 15, 3, 140 }, // '
    { 9, 23, 151, 0, 18, 26, 143 }, // (
    { 9, 23, 151, 0, 18, 26, 169 }, // )
    { 10, 9, 171, 0, 15, 12, 195 }, // *
    { 10, 9, 217, 2, 11, 12, 207 }, // +
    { 5, 6, 115, 1, 3, 4, 219 }, // ,
    { 9, 3, 202, 2, 8, 4, 223 }, // -
    { 5, 3, 112, 1, 3, 2, 227 }, // .
    { 11, 21, 180, 0, 17, 29, 229 }, // /
    { 14, 15, 233, 0, 15, 27, 258 }, // 0
    { 8, 15, 144, 0, 15, 15, 285 }, // 1
    { 12, 15, 221, 1, 15, 23, 300 }, // 2
    { 12, 15, 227, 1, 15, 23, 323 }, // 3
    { 15, 15, 240, 0, 15, 29, 346 }, // 4
    { 13, 15, 227, 1, 15, 25, 375 }, // 5
    { 13, 15, 233, 1, 15, 25, 400 }, // 6
    { 13, 15, 199, 0, 15, 25, 425 }, // 7
    { 12, 15, 223, 1, 15, 23, 450 }, // 8
    { 13, 15, 233, 1, 15, 25, 473 }, // 9
    { 5, 11, 112, 1, 11, 7, 498 }, // :
    { 5, 14, 115, 1, 11, 9, 505 }, // ;
    { 10, 11, 191, 1, 13, 14, 514 }, // <
    { 12, 7, 251, 2, 10, 11, 528 }, // =
    { 10, 11, 191, 1, 13, 14, 539 }, // >
    { 11, 15, 207, 1, 15, 21, 553 }, // ?
    { 21, 20, 339, 0, 15, 53, 574 }, // @
    { 16, 15, 256, 0, 15, 30, 627 }, // A
    { 13, 15, 236, 1, 15, 25, 657 }, // B
    { 16, 15, 260, 0, 15, 30, 682 }, // C
    { 14, 15, 250, 1, 15, 27, 712 }, // D
    { 12, 15, 214, 1, 15, 23, 739 }, // E
    { 12, 15, 215, 1, 15, 23, 762 }, // F
    { 16, 15, 263, 0, 15, 30, 785 }, // G
    { 13, 15, 244, 1, 15, 25, 815 }, // H
    { 4, 15, 97, 1, 15, 8, 840 }, // I
    { 9, 15, 164, 0, 15, 17, 848 }, // J
    { 14, 15, 239, 1, 15, 27, 865 }, // K
    { 12, 15, 214, 1, 15, 23, 892 }, // L
    { 17, 15, 296, 1, 15, 32, 915 }, // M
    { 14, 15, 250, 1, 15, 27, 947 }, // N
    { 17, 15, 276, 0, 15, 32, 974 }, // O
    { 13, 15, 226, 1, 15, 25, 1006 }, // P
    { 17, 15, 275, 0, 15, 32, 1031 }, // Q
    { 13, 15, 237, 1, 15, 25, 1063 }, // R
    { 14, 15, 222, 0, 15, 27, 1088 }, // S
    { 14, 15, 229, 0, 15, 27, 1115 }, // T
    { 14, 15, 246, 1, 15, 27, 1142 }, // U
    { 16, 15, 248, 0, 15, 30, 1169 }, // V
    { 22, 15, 352, 0, 15, 42, 1199 }, // W
    { 15, 15, 256, 1, 15, 29, 1241 }, // X
    { 15, 15, 239, 0, 15, 29, 1270 }, // Y
    { 12, 15, 222, 1, 15, 23, 1299 }, // Z
    { 8, 22, 168, 1, 18, 22, 1322 }, // [
    { 11, 21, 177, 0, 17, 29, 1344 }, // <backslash>
    { 9, 22, 168, 1, 18, 25, 1373 }, // ]
    { 9, 4, 204, 2, 15, 5, 1398 }, // ^
    { 11, 3, 245, 2, 1, 5, 1403 }, // _
    { 6, 4, 96, 0, 16, 3, 1408 }, // `
    { 12, 11, 219, 1, 11, 17, 1411 }, // a
    { 12, 15, 223, 1, 15, 23, 1428 }, // b
    { 12, 11, 210, 1, 11, 17, 1451 }, // c
    { 12, 15, 223, 1, 15, 23, 1468 }, // d
    { 11, 11, 206, 1, 11, 16, 1491 }, // e
    { 9, 15, 136, 0, 15, 17, 1507 }, // f
    { 12, 15, 220, 1, 11, 23, 1524 }, // g
    { 11, 15, 203, 1, 15, 21, 1547 }, // h
    { 4, 15, 99, 1, 15, 8, 1568 }, // i
    { 7, 19, 100, -1, 15, 17, 1576 }, // j
    { 12, 15, 200, 1, 15, 23, 1593 }, // k
    { 4, 15, 96, 1, 15, 8, 1616 }, // l
    { 17, 11, 299, 1, 11, 24, 1624 }, // m
    { 11, 11, 199, 1, 11, 16, 1648 }, // n
    { 12, 11, 219, 1, 11, 17, 1664 }, // o
    { 12, 15, 223, 1, 11, 23, 1681 }, // p
    { 12, 15, 223, 1, 11, 23, 1704 }, // q
    { 8, 11, 143, 1, 11, 11, 1727 }, // r
    { 11, 11, 179, 0, 11, 16, 1738 }, // s
    { 9, 14, 146, 0, 14, 16, 1754 }, // t
    { 11, 11, 196, 1, 11, 16, 1770 }, // u
    { 12, 11, 198, 0, 11, 17, 1786 }, // v
    { 19, 11, 295, 0, 11, 27, 1803 }, // w
    { 12, 11, 203, 0, 11, 17, 1830 }, // x
    { 13, 15, 199, 0, 11, 25, 1847 }, // y
    { 11, 11, 174, 0, 11, 16, 1872 }, // z
    { 10, 22, 160, 0, 18, 28, 1888 }, // {
    { 3, 24, 145, 3, 19, 9, 1916 }, // |
    { 10, 22, 160, 0, 18, 28, 1925 }, // }
    { 8, 3, 163, 1, 9, 3, 1953 }, // ~
    { 0, 0, 77, 0, 0, 0, 1956 }, // U+00A0
    { 5, 15, 114, 1, 11, 10, 1956 }, // U+00A1
    { 12, 15, 210, 1, 13, 23, 1966 }, // U+00A2
    { 12, 15, 223, 1, 15, 23, 1989 }, // U+00A3
    { 12, 13, 222, 1, 14, 20, 2012 }, // U+00A4
    { 15, 15, 239, 0, 15, 29, 2032 }, // U+00A5
    { 3, 24, 145, 3, 19, 9, 2061 }, // U+00A6
    { 15, 22, 237, 0, 18, 42, 2070 }, // U+00A7
    { 10, 3, 150, 0, 15, 4, 2112 }, // U+00A8
    { 17, 15, 268, 0, 15, 32, 2116 }, // U+00A9
    { 7, 8, 143, 1, 17, 7, 2148 }, // U+00AA
    { 15, 9, 246, 0, 11, 17, 2155 }, // U+00AB
    { 12, 6, 218, 1, 11, 9, 2172 }, // U+00AC
    { 9, 3, 200, 2, 8, 4, 2181 }, // U+00AD
    { 9, 8, 144, 0, 16, 9, 2185 }, // U+00AE
    { 8, 2, 125, 0, 15, 2, 2194 }, // U+00AF
    { 8, 8, 157, 1, 16, 8, 2196 }, // U+00B0
    { 10, 12, 223, 2, 12, 15, 2204 }, // U+00B1
    { 8, 9, 152, 1, 18, 9, 2219 }, // U+00B2
    { 8, 9, 157, 1, 18, 9, 2228 }, // U+00B3
    { 6, 4, 96, 0, 16, 3, 2237 }, // U+00B4
    { 13, 15, 213, 0, 11, 25, 2240 }, // U+00B5
    { 11, 14, 189, 0, 14, 20, 2265 }, // U+00B6
    { 5, 3, 102, 1, 9, 2, 2285 }, // U+00B7
    { 6, 6, 85, -1, 1, 5, 2287 }, // U+00B8
    { 6, 9, 112, 0, 18, 7, 2292 }, // U+00B9
    { 8, 8, 152, 1, 17, 8, 2299 }, // U+00BA
    { 15, 9, 246, 0, 11, 17, 2307 }, // U+00BB
    { 19, 15, 269, 0, 14, 36, 2324 }, // U+00BC
    { 19, 14, 267, 0, 14, 34, 2360 }, // U+00BD
    { 20, 15, 275, 0, 14, 38, 2394 }, // U+00BE
    { 11, 15, 207, 1, 11, 21, 2432 }, // U+00BF
    { 16, 20, 256, 0, 20, 40, 2453 }, // U+00C0
    { 16, 20, 256, 0, 20, 40, 2493 }, // U+00C1
    { 16, 20, 256, 0, 20, 40, 2533 }, // U+00C2
    { 16, 20, 256, 0, 20, 40, 2573 }, // U+00C3
    { 16, 20, 256, 0, 20, 40, 2613 }, // U+00C4
    { 16, 22, 256, 0, 22, 44, 2653 }, // U+00C5
    { 21, 15, 347, 0, 15, 40, 2697 }, // U+00C6
    { 16, 21, 260, 0, 15, 42, 2737 }, // U+00C7
    { 12, 20, 215, 1, 20, 30, 2779 }, // U+00C8
    { 12, 20, 215, 1, 20, 30, 2809 }, // U+00C9
    { 12, 20, 215, 1, 20, 30, 2839 }, // U+00CA
    { 12, 20, 215, 1, 20, 30, 2869 }, // U+00CB
    { 6, 20, 99, -1, 20, 15, 2899 }, // U+00CC
    { 6, 20, 99, 1, 20, 15, 2914 }, // U+00CD
    { 9, 20, 99, -1, 20, 23, 2929 }, // U+00CE
    { 10, 20, 99, -2, 20, 25, 2952 }, // U+00CF
    { 16, 15, 261, 0, 15, 30, 2977 }, // U+00D0
    { 14, 20, 252, 1, 20, 35, 3007 }, // U+00D1
    { 17, 21, 276, 0, 21, 45, 3042 }, // U+00D2
    { 17, 21, 276, 0, 21, 45, 3087 }, // U+00D3
    { 17, 20, 276, 0, 20, 43, 3132 }, // U+00D4
    { 17, 20, 276, 0, 20, 43, 3175 }, // U+00D5
    { 17, 20, 276, 0, 20, 43, 3218 }, // U+00D6
    { 9, 9, 209, 2, 11, 11, 3261 }, // U+00D7
    { 17, 15, 276, 0, 15, 32, 3272 }, // U+00D8
    { 14, 21, 249, 1, 21, 37, 3304 }, // U+00D9
    { 14, 21, 249, 1, 21, 37, 3341 }, // U+00DA
    { 14, 21, 249, 1, 21, 37, 3378 }, // U+00DB
    { 14, 20, 249, 1, 20, 35, 3415 }, // U+00DC
    { 15, 20, 239, 0, 20, 38, 3450 }, // U+00DD
    { 13, 15, 226, 1, 15, 25, 3488 }, // U+00DE
    { 13, 15, 238, 1, 15, 25, 3513 }, // U+00DF
    { 12, 15, 221, 1, 15, 23, 3538 }, // U+00E0
    { 12, 15, 221, 1, 15, 23, 3561 }, // U+00E1
    { 12, 15, 221, 1, 15, 23, 3584 }, // U+00E2
    { 12, 15, 221, 1, 15, 23, 3607 }, // U+00E3
    { 12, 15, 221, 1, 15, 23, 3630 }, // U+00E4
    { 12, 18, 221, 1, 18, 27, 3653 }, // U+00E5
    { 19, 11, 319, 0, 11, 27, 3680 }, // U+00E6
    { 12, 17, 210, 1, 11, 26, 3707 }, // U+00E7
    { 11, 15, 206, 1, 15, 21, 3733 }, // U+00E8
    { 11, 15, 206, 1, 15, 21, 3754 }, // U+00E9
    { 11, 15, 206, 1, 15, 21, 3775 }, // U+00EA
    { 11, 15, 206, 1, 15, 21, 3796 }, // U+00EB
    { 6, 15, 101, -1, 15, 12, 3817 }, // U+00EC
    { 6, 15, 101, 1, 15, 12, 3829 }, // U+00ED
    { 9, 15, 101, -1, 15, 17, 3841 }, // U+00EE
    { 10, 15, 101, -2, 15, 19, 3858 }, // U+00EF
    { 12, 18, 220, 1, 18, 27, 3877 }, // U+00F0
    { 11, 15, 204, 1, 15, 21, 3904 }, // U+00F1
    { 12, 15, 219, 1, 15, 23, 3925 }, // U+00F2
    { 12, 15, 219, 1, 15, 23, 3948 }, // U+00F3
    { 12, 15, 219, 1, 15, 23, 3971 }, // U+00F4
    { 12, 15, 219, 1, 15, 23, 3994 }, // U+00F5
    { 12, 15, 219, 1, 15, 23, 4017 }, // U+00F6
    { 11, 11, 238, 2, 12, 16, 4040 }, // U+00F7
    { 12, 13, 219, 1, 12, 20, 4056 }, // U+00F8
    { 11, 15, 200, 1, 15, 21, 4076 }, // U+00F9
    { 11, 15, 200, 1, 15, 21, 4097 }, // U+00FA
    { 11, 15, 200, 1, 15, 21, 4118 }, // U+00FB
    { 11, 15, 200, 1, 15, 21, 4139 }, // U+00FC
    { 13, 19, 199, 0, 15, 31, 4160 }, // U+00FD
    { 12, 19, 223, 1, 15, 29, 4191 }, // U+00FE
    { 13, 19, 199, 0, 15, 31, 4220 }, // U+00FF
    { 16, 19, 256, 0, 19, 38, 4251 }, // U+0100
    { 12, 14, 221, 1, 14, 21, 4289 }, // U+0101
    { 16, 20, 256, 0, 20, 40, 4310 }, // U+0102
    { 12, 15, 221, 1, 15, 23, 4350 }, // U+0103
    { 17, 19, 256, 0, 15, 41, 4373 }, // U+0104
    { 13, 15, 221, 1, 11, 25, 4414 }, // U+0105
    { 16, 21, 260, 0, 21, 42, 4439 }, // U+0106
    { 12, 15, 210, 1, 15, 23, 4481 }, // U+0107
    { 16, 20, 260, 0, 20, 40, 4504 }, // U+010A
    { 12, 15, 210, 1, 15, 23, 4544 }, // U+010B
    { 16, 20, 260, 0, 20, 40, 4567 }, // U+010C
    { 12, 15, 210, 1, 15, 23, 4607 }, // U+010D
    { 15, 20, 252, 1, 20, 38, 4630 }, // U+010E
    { 16, 15, 251, 1, 15, 30, 4668 }, // U+010F
    { 16, 15, 261, 0, 15, 30, 4698 }, // U+0110
    { 14, 15, 228, 1, 15, 27, 4728 }, // U+0111
    { 12, 19, 215, 1, 19, 29, 4755 }, // U+0112
    { 11, 15, 206, 1, 15, 21, 4784 }, // U+0113
    { 12, 20, 215, 1, 20, 30, 4805 }, // U+0116
    { 11, 15, 206, 1, 15, 21, 4835 }, // U+0117
    { 13, 19, 215, 1, 15, 31, 4856 }, // U+0118
    { 11, 15, 206, 1, 11, 21, 4887 }, // U+0119
    { 12, 20, 215, 1, 20, 30, 4908 }, // U+011A
    { 11, 15, 206, 1, 15, 21, 4938 }, // U+011B
    { 16, 20, 263, 0, 20, 40, 4959 }, // U+011E
    { 12, 19, 221, 1, 15, 29, 4999 }, // U+011F
    { 16, 20, 263, 0, 20, 40, 5028 }, // U+0120
    { 12, 19, 221, 1, 15, 29, 5068 }, // U+0121
    { 13, 20, 245, 1, 15, 33, 5097 }, // U+0122
    { 12, 21, 209, 0, 16, 32, 5130 }, // U+0123
    { 17, 15, 262, 0, 15, 32, 5162 }, // U+0126
    { 13, 15, 213, 0, 15, 25, 5194 }, // U+0127
    { 8, 20, 99, -1, 20, 20, 5219 }, // U+0128
    { 8, 15, 101, -1, 15, 15, 5239 }, // U+0129
    { 8, 19, 99, -1, 19, 19, 5254 }, // U+012A
    { 8, 14, 101, -1, 14, 14, 5273 }, // U+012B
    { 5, 19, 99, 1, 15, 12, 5287 }, // U+012E
    { 5, 19, 101, 1, 15, 12, 5299 }, // U+012F
    { 5, 20, 99, 1, 20, 13, 5311 }, // U+0130
    { 4, 11, 101, 1, 11, 6, 5324 }, // U+0131
    { 13, 20, 218, 1, 15, 33, 5330 }, // U+0136
    { 12, 21, 203, 1, 16, 32, 5363 }, // U+0137
    { 12, 20, 216, 1, 20, 30, 5395 }, // U+0139
    { 6, 21, 99, 1, 21, 16, 5425 }, // U+013A
    { 11, 20, 188, 1, 15, 28, 5441 }, // U+013B
    { 4, 21, 98, 1, 16, 11, 5469 }, // U+013C
    { 14, 20, 216, -1, 20, 35, 5480 }, // U+013D
    { 9, 15, 126, 1, 15, 17, 5515 }, // U+013E
    { 14, 15, 220, -1, 15, 27, 5532 }, // U+0141
    { 9, 15, 138, 0, 15, 17, 5559 }, // U+0142
    { 14, 20, 252, 1, 20, 35, 5576 }, // U+0143
    { 11, 15, 204, 1, 15, 21, 5611 }, // U+0144
    { 14, 20, 267, 1, 15, 35, 5632 }, // U+0145
    { 12, 17, 215, 1, 12, 26, 5667 }, // U+0146
    { 14, 20, 252, 1, 20, 35, 5693 }, // U+0147
    { 11, 15, 204, 1, 15, 21, 5728 }, // U+0148
    { 15, 20, 271, 1, 15, 38, 5749 }, // U+014A
    { 12, 17, 219, 1, 12, 26, 5787 }, // U+014B
    { 17, 19, 276, 0, 19, 41, 5813 }, // U+014C
    { 12, 15, 219, 1, 15, 23, 5854 }, // U+014D
    { 17, 21, 276, 0, 21, 45, 5877 }, // U+0150
    { 12, 15, 219, 1, 15, 23, 5922 }, // U+0151
    { 21, 15, 347, 0, 15, 40, 5945 }, // U+0152
    { 20, 11, 338, 1, 11, 28, 5985 }, // U+0153
    { 13, 20, 239, 1, 20, 33, 6013 }, // U+0154
    { 8, 15, 149, 1, 15, 15, 6046 }, // U+0155
    { 13, 20, 220, 1, 15, 33, 6061 }, // U+0156
    { 9, 17, 151, 1, 12, 20, 6094 }, // U+0157
    { 13, 20, 239, 1, 20, 33, 6114 }, // U+0158
    { 9, 15, 149, 0, 15, 17, 6147 }, // U+0159
    { 14, 21, 222, 0, 21, 37, 6164 }, // U+015A
    { 10, 15, 180, 1, 15, 19, 6201 }, // U+015B
    { 14, 20, 222, 0, 15, 35, 6220 }, // U+015E
    { 10, 17, 180, 1, 11, 22, 6255 }, // U+015F
    { 14, 20, 222, 0, 20, 35, 6277 }, // U+0160
    { 10, 15, 180, 1, 15, 19, 6312 }, // U+0161
    { 14, 21, 229, 0, 15, 37, 6331 }, // U+0162
    { 9, 19, 146, 0, 14, 22, 6368 }, // U+0163
    { 14, 20, 229, 0, 20, 35, 6390 }, // U+0164
    { 10, 17, 148, 0, 17, 22, 6425 }, // U+0165
    { 14, 15, 229, 0, 15, 27, 6447 }, // U+0166
    { 9, 14, 146, 0, 14, 16, 6474 }, // U+0167
    { 14, 20, 249, 1, 20, 35, 6490 }, // U+0168
    { 11, 15, 200, 1, 15, 21, 6525 }, // U+0169
    { 14, 19, 249, 1, 19, 34, 6546 }, // U+016A
    { 11, 15, 200, 1, 15, 21, 6580 }, // U+016B
    { 13, 22, 252, 1, 21, 36, 6601 }, // U+016C
    { 12, 18, 219, 1, 17, 27, 6637 }, // U+016D
    { 14, 22, 249, 1, 22, 39, 6664 }, // U+016E
    { 11, 18, 200, 1, 18, 25, 6703 }, // U+016F
    { 14, 21, 249, 1, 21, 37, 6728 }, // U+0170
    { 11, 15, 200, 1, 15, 21, 6765 }, // U+0171
    { 14, 19, 249, 1, 15, 34, 6786 }, // U+0172
    { 12, 15, 200, 1, 11, 23, 6820 }, // U+0173
    { 22, 20, 344, 0, 20, 55, 6843 }, // U+0174
    { 19, 15, 295, 0, 15, 36, 6898 }, // U+0175
    { 15, 20, 239, 0, 20, 38, 6934 }, // U+0176
    { 13, 19, 199, 0, 15, 31, 6972 }, // U+0177
    { 15, 19, 239, 0, 19, 36, 7003 }, // U+0178
    { 12, 20, 222, 1, 20, 30, 7039 }, // U+0179
    { 11, 15, 174, 0, 15, 21, 7069 }, // U+017A
    { 12, 20, 222, 1, 20, 30, 7090 }, // U+017B
    { 11, 15, 174, 0, 15, 21, 7120 }, // U+017C
    { 12, 20, 222, 1, 20, 30, 7141 }, // U+017D
    { 11, 15, 174, 0, 15, 21, 7171 }, // U+017E
    { 17, 18, 276, 0, 18, 39, 7192 }, // U+01A0
    { 12, 14, 223, 1, 14, 21, 7231 }, // U+01A1
    { 16, 18, 249, 1, 18, 36, 7252 }, // U+01AF
    { 13, 13, 197, 1, 13, 22, 7288 }, // U+01B0
    { 16, 20, 263, 0, 20, 40, 7310 }, // U+01E6
    { 12, 19, 221, 1, 15, 29, 7350 }, // U+01E7
    { 12, 20, 190, 0, 15, 30, 7379 }, // U+0218
    { 10, 17, 167, 0, 12, 22, 7409 }, // U+0219
    { 12, 20, 190, 0, 15, 30, 7431 }, // U+021A
    { 9, 20, 142, 0, 15, 23, 7461 }, // U+021B
    { 5, 4, 0, 0, 16, 3, 7484 }, // U+0300
    { 5, 4, 0, 0, 16, 3, 7487 }, // U+0301
    { 9, 4, 0, 0, 16, 5, 7490 }, // U+0302
    { 8, 3, 0, 0, 16, 3, 7495 }, // U+0303
    { 8, 2, 0, 1, 15, 2, 7498 }, // U+0304
    { 9, 4, 0, -1, 16, 5, 7500 }, // U+0306
    { 5, 4, 0, 1, 16, 3, 7505 }, // U+0307
    { 9, 3, 0, 1, 15, 4, 7508 }, // U+0308
    { 7, 6, 0, 0, 17, 6, 7512 }, // U+0309
    { 6, 6, 0, 1, 18, 5, 7518 }, // U+030A
    { 9, 4, 0, 0, 16, 5, 7523 }, // U+030B
    { 9, 4, 0, 0, 16, 5, 7528 }, // U+030C
    { 5, 5, 0, 0, 17, 4, 7533 }, // U+0312
    { 7, 4, 0, 2, 13, 4, 7537 }, // U+031B
    { 4, 3, 0, 0, -2, 2, 7541 }, // U+0323
    { 5, 5, 0, 0, 0, 4, 7543 }, // U+0326
    { 6, 6, 0, -1, 1, 5, 7547 }, // U+0327
    { 5, 5, 0, 0, 1, 4, 7552 }, // U+0328
    { 0, 0, 0, 0, 0, 0, 7556 }, // U+034F
    { 14, 13, 225, 0, 13, 23, 7556 }, // U+05D0
    { 12, 13, 198, 0, 13, 20, 7579 }, // U+05D1
    { 9, 14, 137, 0, 13, 16, 7599 }, // U+05D2
    { 12, 13, 190, 0, 13, 20, 7615 }, // U+05D3
    { 12, 13, 219, 1, 13, 20, 7635 }, // U+05D4
    { 6, 13, 113, 0, 13, 10, 7655 }, // U+05D5
    { 8, 13, 124, 0, 13, 13, 7665 }, // U+05D6
    { 14, 13, 229, 0, 13, 23, 7678 }, // U+05D7
    { 13, 13, 220, 0, 13, 22, 7701 }, // U+05D8
    { 6, 8, 111, 0, 13, 6, 7723 }, // U+05D9
    { 11, 17, 190, 0, 13, 24, 7729 }, // U+05DA
    { 11, 13, 176, 0, 13, 18, 7753 }, // U+05DB
    { 11, 17, 185, 0, 17, 24, 7771 }, // U+05DC
    { 14, 13, 234, 0, 13, 23, 7795 }, // U+05DD
    { 15, 13, 234, 0, 13, 25, 7818 }, // U+05DE
    { 6, 17, 118, 0, 13, 13, 7843 }, // U+05DF
    { 8, 13, 135, 0, 13, 13, 7856 }, // U+05E0
    { 14, 13, 227, 0, 13, 23, 7869 }, // U+05E1
    { 13, 15, 210, 0, 14, 25, 7892 }, // U+05E2
    { 13, 17, 218, 0, 13, 28, 7917 }, // U+05E3
    { 13, 13, 209, 0, 13, 22, 7945 }, // U+05E4
    { 12, 17, 196, 0, 13, 26, 7967 }, // U+05E5
    { 12, 13, 197, 0, 13, 20, 7993 }, // U+05E6
    { 14, 17, 218, 0, 13, 30, 8013 }, // U+05E7
    { 10, 13, 181, 0, 13, 17, 8043 }, // U+05E8
    { 15, 13, 262, 1, 13, 25, 8060 }, // U+05E9
    { 14, 13, 241, 0, 13, 23, 8085 }, // U+05EA
    { 4, 7, 108, 1, 6, 4, 8108 }, // U+060C
    { 6, 16, 113, 0, 15, 12, 8112 }, // U+061B
    { 11, 17, 171, 0, 16, 24, 8124 }, // U+061F
    { 10, 12, 157, 0, 10, 15, 8148 }, // U+0621
    { 8, 4, 96, 0, 3, 4, 8163 }, // U+0640
    { 6, 7, 0, 0, 18, 6, 8167 }, // U+0654
    { 6, 6, 191, 3, 9, 5, 8173 }, // U+0660
    { 6, 16, 191, 3, 15, 12, 8178 }, // U+0661
    { 10, 16, 191, 1, 15, 20, 8190 }, // U+0662
    { 12, 16, 191, 0, 15, 24, 8210 }, // U+0663
    { 10, 16, 191, 1, 15, 20, 8234 }, // U+0664
    { 10, 12, 191, 1, 12, 15, 8254 }, // U+0665
    { 12, 16, 191, 0, 15, 24, 8269 }, // U+0666
    { 12, 16, 191, 0, 15, 24, 8293 }, // U+0667
    { 12, 16, 191, 0, 15, 24, 8317 }, // U+0668
    { 10, 15, 191, 1, 15, 19, 8341 }, // U+0669
    { 15, 13, 247, 0, 8, 25, 8360 }, // U+06BA
    { 7, 2, 108, 0, 2, 2, 8385 }, // U+06D4
    { 10, 13, 157, 0, 12, 17, 8387 }, // U+06D5
    { 6, 6, 191, 3, 9, 5, 8404 }, // U+06F0
    { 6, 16, 191, 3, 15, 12, 8409 }, // U+06F1
    { 10, 16, 191, 1, 15, 20, 8421 }, // U+06F2
    { 12, 16, 191, 0, 15, 24, 8441 }, // U+06F3
    { 12, 16, 191, 0, 15, 24, 8465 }, // U+06F4
    { 12, 15, 191, 0, 15, 23, 8489 }, // U+06F5
    { 10, 16, 191, 1, 15, 20, 8512 }, // U+06F6
    { 12, 16, 191, 0, 15, 24, 8532 }, // U+06F7
    { 12, 16, 191, 0, 15, 24, 8556 }, // U+06F8
    { 10, 15, 191, 1, 15, 19, 8580 }, // U+06F9
    { 16, 20, 256, 0, 15, 40, 8599 }, // U+1EA0
    { 12, 16, 221, 1, 11, 24, 8639 }, // U+1EA1
    { 16, 21, 256, 0, 21, 42, 8663 }, // U+1EA2
    { 12, 17, 221, 1, 17, 26, 8705 }, // U+1EA3
    { 16, 23, 256, 0, 23, 46, 8731 }, // U+1EA4
    { 14, 19, 221, 1, 19, 34, 8777 }, // U+1EA5
    { 16, 23, 256, 0, 23, 46, 8811 }, // U+1EA6
    { 12, 19, 221, 1, 19, 29, 8857 }, // U+1EA7
    { 16, 24, 256, 0, 24, 48, 8886 }, // U+1EA8
    { 13, 20, 221, 1, 20, 33, 8934 }, // U+1EA9
    { 16, 23, 256, 0, 23, 46, 8967 }, // U+1EAA
    { 12, 19, 221, 1, 19, 29, 9013 }, // U+1EAB
    { 16, 25, 256, 0, 20, 50, 9042 }, // U+1EAC
    { 12, 20, 221, 1, 15, 30, 9092 }, // U+1EAD
    { 16, 24, 256, 0, 24, 48, 9122 }, // U+1EAE
    { 12, 20, 221, 1, 20, 30, 9170 }, // U+1EAF
    { 16, 24, 256, 0, 24, 48, 9200 }, // U+1EB0
    { 12, 20, 221, 1, 20, 30, 9248 }, // U+1EB1
    { 16, 25, 256, 0, 25, 50, 9278 }, // U+1EB2
    { 12, 21, 221, 1, 21, 32, 9328 }, // U+1EB3
    { 16, 24, 256, 0, 24, 48, 9360 }, // U+1EB4
    { 12, 19, 221, 1, 19, 29, 9408 }, // U+1EB5
    { 16, 25, 256, 0, 20, 50, 9437 }, // U+1EB6
    { 12, 20, 221, 1, 15, 30, 9487 }, // U+1EB7
    { 12, 20, 215, 1, 15, 30, 9517 }, // U+1EB8
    { 11, 16, 206, 1, 11, 22, 9547 }, // U+1EB9
    { 12, 21, 215, 1, 21, 32, 9569 }, // U+1EBA
    { 11, 17, 206, 1, 17, 24, 9601 }, // U+1EBB
    { 12, 20, 215, 1, 20, 30, 9625 }, // U+1EBC
    { 11, 15, 206, 1, 15, 21, 9655 }, // U+1EBD
    { 14, 23, 215, 1, 23, 41, 9676 }, // U+1EBE
    { 13, 19, 206, 1, 19, 31, 9717 }, // U+1EBF
    { 12, 23, 215, 1, 23, 35, 9748 }, // U+1EC0
    { 12, 19, 206, 1, 19, 29, 9783 }, // U+1EC1
    { 13, 24, 215, 1, 24, 39, 9812 }, // U+1EC2
    { 13, 20, 206, 1, 20, 33, 9851 }, // U+1EC3
    { 12, 23, 215, 1, 23, 35, 9884 }, // U+1EC4
    { 11, 19, 206, 1, 19, 27, 9919 }, // U+1EC5
    { 12, 25, 215, 1, 20, 38, 9946 }, // U+1EC6
    { 11, 20, 206, 1, 15, 28, 9984 }, // U+1EC7
    { 6, 21, 99, 0, 21, 16, 10012 }, // U+1EC8
    { 6, 17, 101, 0, 17, 13, 10028 }, // U+1EC9
    { 4, 20, 99, 1, 15, 10, 10041 }, // U+1ECA
    { 5, 20, 101, 1, 15, 13, 10051 }, // U+1ECB
    { 17, 20, 276, 0, 15, 43, 10064 }, // U+1ECC
    { 12, 16, 219, 1, 11, 24, 10107 }, // U+1ECD
    { 17, 22, 276, 0, 22, 47, 10131 }, // U+1ECE
    { 12, 17, 219, 1, 17, 26, 10178 }, // U+1ECF
    { 17, 23, 276, 0, 23, 49, 10204 }, // U+1ED0
    { 14, 19, 219, 1, 19, 34, 10253 }, // U+1ED1
    { 17, 23, 276, 0, 23, 49, 10287 }, // U+1ED2
    { 12, 19, 219, 1, 19, 29, 10336 }, // U+1ED3
    { 17, 24, 276, 0, 24, 51, 10365 }, // U+1ED4
    { 13, 20, 219, 1, 20, 33, 10416 }, // U+1ED5
    { 17, 24, 276, 0, 24, 51, 10449 }, // U+1ED6
    { 12, 19, 219, 1, 19, 29, 10500 }, // U+1ED7
    { 17, 25, 276, 0, 20, 54, 10529 }, // U+1ED8
    { 12, 20, 219, 1, 15, 30, 10583 }, // U+1ED9
    { 17, 21, 276, 0, 21, 45, 10613 }, // U+1EDA
    { 12, 15, 219, 1, 15, 23, 10658 }, // U+1EDB
    { 17, 21, 276, 0, 21, 45, 10681 }, // U+1EDC
    { 12, 15, 219, 1, 15, 23, 10726 }, // U+1EDD
    { 17, 22, 276, 0, 22, 47, 10749 }, // U+1EDE
    { 12, 17, 219, 1, 17, 26, 10796 }, // U+1EDF
    { 17, 20, 276, 0, 20, 43, 10822 }, // U+1EE0
    { 12, 15, 217, 1, 15, 23, 10865 }, // U+1EE1
    { 17, 23, 276, 0, 18, 49, 10888 }, // U+1EE2
    { 12, 19, 219, 1, 14, 29, 10937 }, // U+1EE3
    { 14, 20, 249, 1, 15, 35, 10966 }, // U+1EE4
    { 11, 16, 200, 1, 11, 22, 11001 }, // U+1EE5
    { 14, 22, 249, 1, 22, 39, 11023 }, // U+1EE6
    { 11, 17, 200, 1, 17, 24, 11062 }, // U+1EE7
    { 16, 21, 249, 1, 21, 42, 11086 }, // U+1EE8
    { 13, 15, 200, 1, 15, 25, 11128 }, // U+1EE9
    { 16, 21, 249, 1, 21, 42, 11153 }, // U+1EEA
    { 13, 15, 200, 1, 15, 25, 11195 }, // U+1EEB
    { 16, 22, 249, 1, 22, 44, 11220 }, // U+1EEC
    { 13, 17, 200, 1, 17, 28, 11264 }, // U+1EED
    { 16, 20, 249, 1, 20, 40, 11292 }, // U+1EEE
    { 13, 15, 200, 1, 15, 25, 11332 }, // U+1EEF
    { 16, 23, 249, 1, 18, 46, 11357 }, // U+1EF0
    { 13, 18, 200, 1, 13, 30, 11403 }, // U+1EF1
    { 15, 20, 239, 0, 20, 38, 11433 }, // U+1EF2
    { 13, 19, 199, 0, 15, 31, 11471 }, // U+1EF3
    { 15, 20, 239, 0, 15, 38, 11502 }, // U+1EF4
    { 13, 16, 199, 0, 11, 26, 11540 }, // U+1EF5
    { 15, 21, 239, 0, 21, 40, 11566 }, // U+1EF6
    { 13, 21, 199, 0, 17, 35, 11606 }, // U+1EF7
    { 15, 20, 239, 0, 20, 38, 11641 }, // U+1EF8
    { 13, 19, 199, 0, 15, 31, 11679 }, // U+1EF9
    { 0, 0, 43, 0, 0, 0, 11710 }, // U+2009
    { 0, 0, 0, 0, 0, 0, 11710 }, // U+200B
    { 2, 16, 0, -1, 15, 4, 11710 }, // U+200C
    { 6, 16, 0, -3, 15, 12, 11714 }, // U+200D
    { 6, 16, 0, -1, 15, 12, 11726 }, // U+200E
    { 6, 16, 0, -5, 15, 12, 11738 }, // U+200F
    { 7, 3, 106, 0, 8, 3, 11750 }, // U+2010
    { 7, 3, 107, 0, 7, 3, 11753 }, // U+2011
    { 11, 3, 235, 2, 8, 5, 11756 }, // U+2013
    { 14, 3, 290, 2, 8, 6, 11761 }, // U+2014
    { 5, 6, 87, 0, 15, 4, 11767 }, // U+2018
    { 5, 6, 78, 0, 15, 4, 11771 }, // U+2019
    { 5, 6, 101, 1, 3, 4, 11775 }, // U+201A
    { 9, 6, 148, 0, 15, 7, 11779 }, // U+201C
    { 10, 6, 152, 0, 15, 8, 11786 }, // U+201D
    { 10, 6, 188, 1, 3, 8, 11794 }, // U+201E
    { 11, 12, 241, 2, 16, 17, 11802 }, // U+2020
    { 11, 12, 241, 2, 16, 17, 11819 }, // U+2021
    { 8, 7, 190, 2, 11, 7, 11836 }, // U+2022
    { 16, 3, 288, 1, 3, 6, 11843 }, // U+2026
    { 0, 0, 43, 0, 0, 0, 11849 }, // U+202F
    { 25, 15, 419, 1, 15, 47, 11849 }, // U+2030
    { 9, 9, 149, 0, 11, 11, 11896 }, // U+2039
    { 9, 9, 149, 0, 11, 11, 11907 }, // U+203A
    { 12, 15, 194, 0, 15, 23, 11918 }, // U+2044
    { 6, 16, 113, 0, 15, 12, 11941 }, // U+204F
    { 10, 9, 157, 0, 18, 12, 11953 }, // U+2070
    { 9, 9, 162, 1, 18, 11, 11965 }, // U+2074
    { 8, 9, 152, 1, 18, 9, 11976 }, // U+2075
    { 8, 9, 160, 1, 18, 9, 11985 }, // U+2076
    { 8, 9, 136, 0, 18, 9, 11994 }, // U+2077
    { 8, 9, 151, 1, 18, 9, 12003 }, // U+2078
    { 8, 9, 160, 1, 18, 9, 12012 }, // U+2079
    { 10, 9, 157, 0, 5, 12, 12021 }, // U+2080
    { 6, 9, 112, 0, 5, 7, 12033 }, // U+2081
    { 8, 9, 152, 1, 5, 9, 12040 }, // U+2082
    { 8, 9, 157, 1, 5, 9, 12049 }, // U+2083
    { 9, 9, 159, 0, 5, 11, 12058 }, // U+2084
    { 8, 9, 154, 1, 5, 9, 12069 }, // U+2085
    { 8, 9, 160, 1, 5, 9, 12078 }, // U+2086
    { 8, 9, 134, 0, 5, 9, 12087 }, // U+2087
    { 8, 9, 151, 1, 5, 9, 12096 }, // U+2088
    { 8, 9, 160, 1, 5, 9, 12105 }, // U+2089
    { 16, 13, 288, 1, 13, 26, 12114 }, // U+20AA
    { 12, 14, 212, 1, 14, 21, 12140 }, // U+20AB
    { 14, 15, 229, 0, 15, 27, 12161 }, // U+20AC
    { 10, 3, 220, 2, 8, 4, 12188 }, // U+2212
    { 11, 16, 177, 0, 16, 22, 12192 }, // U+2215
    { 13, 15, 211, 0, 15, 25, 12214 }, // U+221A
    { 9, 8, 198, 2, 11, 9, 12239 }, // U+2248
    { 12, 14, 251, 2, 14, 21, 12248 }, // U+2260
    { 10, 12, 195, 1, 12, 15, 12269 }, // U+2264
    { 10, 12, 195, 1, 12, 15, 12284 }, // U+2265
    { 8, 7, 333, 0, 5, 7, 12299 }, // U+3001
    { 8, 8, 333, 0, 6, 8, 12306 }, // U+3002
    { 21, 3, 333, 0, 10, 8, 12314 }, // U+4E00
    { 19, 19, 333, 1, 18, 46, 12322 }, // U+4E0A
    { 19, 19, 333, 1, 17, 46, 12368 }, // U+4E0B
    { 21, 19, 333, 0, 17, 50, 12414 }, // U+4E0D
    { 18, 20, 333, 1, 18, 45, 12464 }, // U+4E0E
    { 19, 18, 333, 1, 17, 43, 12509 }, // U+4E14
    { 19, 20, 333, 1, 18, 48, 12552 }, // U+4E22
    { 19, 19, 333, 1, 17, 46, 12600 }, // U+4E24
    { 21, 20, 333, 0, 18, 53, 12646 }, // U+4E2A
    { 18, 20, 333, 1, 18, 45, 12699 }, // U+4E2D
    { 17, 20, 333, 2, 18, 43, 12744 }, // U+4E32
    { 18, 20, 333, 1, 18, 45, 12787 }, // U+4E3A
    { 19, 20, 333, 1, 18, 48, 12832 }, // U+4E3B
    { 21, 20, 333, 0, 18, 53, 12880 }, // U+4E49
    { 21, 20, 333, 0, 18, 53, 12933 }, // U+4E4B
    { 17, 19, 333, 2, 17, 41, 12986 }, // U+4E60
    { 19, 20, 333, 1, 18, 48, 13027 }, // U+4E66
    { 19, 15, 333, 1, 15, 36, 13075 }, // U+4E8C
    { 19, 19, 333, 1, 17, 46, 13111 }, // U+4E8E
    { 19, 19, 333, 1, 17, 46, 13157 }, // U+4E92
    { 20, 20, 333, 0, 18, 50, 13203 }, // U+4EA4
    { 19, 20, 333, 1, 18, 48, 13253 }, // U+4EAE
    { 21, 20, 333, 0, 18, 53, 13301 }, // U+4EBA
    { 21, 20, 333, 0, 18, 53, 13354 }, // U+4EC5
    { 21, 20, 333, 0, 18, 53, 13407 }, // U+4ECA
    { 21, 20, 333, 0, 18, 53, 13460 }, // U+4ECE
    { 21, 20, 333, 0, 18, 53, 13513 }, // U+4ED6
    { 20, 19, 333, 1, 17, 48, 13566 }, // U+4EE5
    { 20, 20, 333, 0, 18, 50, 13614 }, // U+4EF6
    { 21, 20, 333, 0, 18, 53, 13664 }, // U+4EFB
    { 21, 20, 333, 0, 18, 53, 13717 }, // U+4F11
    { 20, 20, 333, 0, 18, 50, 13770 }, // U+4F20
    { 21, 20, 333, 0, 18, 53, 13820 }, // U+4F30
    { 20, 20, 333, 0, 18, 50, 13873 }, // U+4F4D
    { 21, 20, 333, 0, 18, 53, 13923 }, // U+4F53
    { 21, 20, 333, 0, 18, 53, 13976 }, // U+4F59
    { 21, 20, 333, 0, 18, 53, 14029 }, // U+4F5C
    { 21, 20, 333, 0, 18, 53, 14082 }, // U+4F60
    { 21, 20, 333, 0, 18, 53, 14135 }, // U+4F7F
    { 21, 20, 333, 0, 18, 53, 14188 }, // U+4F9B
    { 20, 20, 333, 0, 18, 50, 14241 }, // U+4FA7
    { 21, 20, 333, 0, 18, 53, 14291 }, // U+4FBF
    { 21, 20, 333, 0, 18, 53, 14344 }, // U+4FDD
    { 20, 20, 333, 0, 18, 50, 14397 }, // U+4FE1
    { 21, 20, 333, 0, 18, 53, 14447 }, // U+4FEE
    { 20, 20, 333, 0, 18, 50, 14500 }, // U+5012
    { 21, 20, 333, 0, 18, 53, 14550 }, // U+503C
    { 21, 20, 333, 0, 18, 53, 14603 }, // U+503E
    { 20, 20, 333, 0, 18, 50, 14656 }, // U+504F
    { 21, 20, 333, 0, 18, 53, 14706 }, // U+50A8
    { 21, 19, 333, 0, 17, 50, 14759 }, // U+5143
    { 20, 20, 333, 0, 18, 50, 14809 }, // U+5148
    { 21, 20, 333, 0, 18, 53, 14859 }, // U+5149
    { 21, 20, 333, 0, 18, 53, 14912 }, // U+5165
    { 21, 20, 333, 0, 18, 53, 14965 }, // U+5168
    { 20, 20, 333, 0, 18, 50, 15018 }, // U+516D
    { 21, 20, 333, 0, 18, 53, 15068 }, // U+5173
    { 20, 20, 333, 0, 18, 50, 15121 }, // U+5176
    { 21, 19, 333, 0, 17, 50, 15171 }, // U+5177
    { 21, 20, 333, 0, 18, 53, 15221 }, // U+5178
    { 18, 20, 333, 1, 18, 45, 15274 }, // U+5185
    { 21, 19, 333, 0, 17, 50, 15319 }, // U+518C
    { 21, 19, 333, 0, 17, 50, 15369 }, // U+518D
    { 19, 19, 333, 1, 17, 46, 15419 }, // U+5199
    { 20, 20, 333, 0, 18, 50, 15465 }, // U+51C6
    { 21, 20, 333, 0, 18, 53, 15515 }, // U+51D1
    { 17, 20, 333, 2, 18, 43, 15568 }, // U+51FA
    { 21, 20, 333, 0, 18, 53, 15611 }, // U+5206
    { 20, 19, 333, 0, 17, 48, 15664 }, // U+5207
    { 20, 20, 333, 0, 18, 50, 15712 }, // U+5217
    { 20, 20, 333, 0, 18, 50, 15762 }, // U+521B
    { 20, 20, 333, 0, 18, 50, 15812 }, // U+521D
    { 20, 20, 333, 0, 18, 50, 15862 }, // U+5220
    { 19, 20, 333, 1, 18, 48, 15912 }, // U+5230
    { 20, 20, 333, 0, 18, 50, 15960 }, // U+5236
    { 20, 20, 333, 0, 18, 50, 16010 }, // U+5237
    { 19, 20, 333, 1, 18, 48, 16060 }, // U+524D
    { 20, 20, 333, 0, 18, 50, 16108 }, // U+5269
    { 20, 20, 333, 0, 18, 50, 16158 }, // U+526A
    { 20, 20, 333, 0, 18, 50, 16208 }, // U+529F
    { 20, 20, 333, 0, 18, 50, 16258 }, // U+52A0
    { 21, 20, 333, 0, 18, 53, 16308 }, // U+52A1
    { 19, 20, 333, 1, 18, 48, 16361 }, // U+52A8
    { 20, 20, 333, 0, 18, 50, 16409 }, // U+52FF
    { 21, 20, 333, 0, 18, 53, 16459 }, // U+5305
    { 19, 18, 333, 1, 17, 43, 16512 }, // U+5339
    { 19, 19, 333, 1, 17, 46, 16555 }, // U+533A
    { 19, 20, 333, 1, 18, 48, 16601 }, // U+5355
    { 17, 20, 333, 3, 18, 43, 16649 }, // U+5360
    { 19, 20, 333, 1, 18, 48, 16692 }, // U+5361
    { 19, 19, 333, 1, 17, 46, 16740 }, // U+5373
    { 20, 19, 333, 0, 17, 48, 16786 }, // U+538B
    { 20, 19, 333, 0, 17, 48, 16834 }, // U+539F
    { 19, 20, 333, 1, 18, 48, 16882 }, // U+53CD
    { 21, 20, 333, 0, 18, 53, 16930 }, // U+53D1
    { 21, 19, 333, 0, 17, 50, 16983 }, // U+53D6
    { 17, 18, 333, 2, 16, 39, 17033 }, // U+53E3
    { 19, 19, 333, 1, 17, 46, 17072 }, // U+53EF
    { 20, 20, 333, 0, 18, 50, 17118 }, // U+53F3
    { 19, 19, 333, 1, 17, 46, 17168 }, // U+53F7
    { 21, 20, 333, 0, 18, 53, 17214 }, // U+5404
    { 19, 19, 333, 1, 17, 46, 17267 }, // U+540C
    { 18, 20, 333, 0, 18, 45, 17313 }, // U+540D
    { 20, 20, 333, 0, 18, 50, 17358 }, // U+540E
    { 18, 20, 333, 1, 18, 45, 17408 }, // U+5411
    { 21, 19, 333, 0, 17, 50, 17453 }, // U+5426
    { 21, 20, 333, 0, 18, 53, 17503 }, // U+542B
    { 19, 20, 333, 0, 18, 48, 17556 }, // U+542F
    { 19, 20, 333, 1, 18, 48, 17604 }, // U+544A
    { 19, 19, 333, 0, 17, 46, 17652 }, // U+5468
    { 21, 20, 333, 0, 18, 53, 17698 }, // U+547D
    { 19, 20, 333, 0, 18, 48, 17751 }, // U+548C
    { 20, 20, 333, 1, 18, 50, 17799 }, // U+54C8
    { 20, 20, 333, 1, 18, 50, 17849 }, // U+5524
    { 21, 19, 333, 0, 17, 50, 17899 }, // U+5668
    { 19, 18, 333, 1, 16, 43, 17949 }, // U+56DB
    { 19, 19, 333, 1, 17, 46, 17992 }, // U+56DE
    { 19, 19, 333, 1, 17, 46, 18038 }, // U+56E0
    { 19, 19, 333, 1, 17, 46, 18084 }, // U+56F4
    { 19, 19, 333, 1, 17, 46, 18130 }, // U+56FA
    { 19, 19, 333, 1, 17, 46, 18176 }, // U+56FE
    { 19, 19, 333, 1, 17, 46, 18222 }, // U+5706
    { 20, 20, 333, 0, 18, 50, 18268 }, // U+5728
    { 21, 20, 333, 0, 18, 53, 18318 }, // U+5730
    { 21, 19, 333, 0, 18, 50, 18371 }, // U+5740
    { 20, 20, 333, 0, 18, 50, 18421 }, // U+5747
    { 19, 20, 333, 1, 18, 48, 18471 }, // U+5782
    { 21, 20, 333, 0, 18, 53, 18519 }, // U+57FA
    { 20, 20, 333, 0, 18, 50, 18572 }, // U+589E
    { 21, 20, 333, 0, 18, 53, 18622 }, // U+5907
    { 21, 20, 333, 0, 18, 53, 18675 }, // U+590D
    { 19, 20, 333, 1, 18, 48, 18728 }, // U+591A
    { 21, 20, 333, 0, 18, 53, 18776 }, // U+591C
    { 21, 20, 333, 0, 18, 53, 18829 }, // U+5927
    { 21, 19, 333, 0, 17, 50, 18882 }, // U+5929
    { 21, 20, 333, 0, 18, 53, 18932 }, // U+5931
    { 19, 20, 333, 1, 18, 48, 18985 }, // U+5934
    { 20, 20, 333, 0, 18, 50, 19033 }, // U+5939
    { 21, 20, 333, 0, 18, 53, 19083 }, // U+59CB
    { 19, 20, 333, 1, 18, 48, 19136 }, // U+5B57
    { 20, 20, 333, 0, 18, 50, 19184 }, // U+5B58
    { 19, 20, 333, 1, 18, 48, 19234 }, // U+5B89
    { 21, 20, 333, 0, 18, 53, 19282 }, // U+5B8C
    { 21, 20, 333, 0, 18, 53, 19335 }, // U+5B9A
    { 20, 20, 333, 1, 18, 50, 19388 }, // U+5BB6
    { 21, 20, 333, 0, 18, 53, 19438 }, // U+5BB9
    { 21, 21, 333, 0, 18, 56, 19491 }, // U+5BBD
    { 21, 20, 333, 0, 18, 53, 19547 }, // U+5BC6
    { 21, 20, 333, 0, 18, 53, 19600 }, // U+5BF9
    { 21, 20, 333, 0, 18, 53, 19653 }, // U+5C01
    { 20, 20, 333, 0, 18, 50, 19706 }, // U+5C06
    { 21, 20, 333, 0, 18, 53, 19756 }, // U+5C0F
    { 20, 20, 333, 0, 18, 50, 19809 }, // U+5C11
    { 17, 20, 333, 2, 18, 43, 19859 }, // U+5C1A
    { 21, 20, 333, 0, 18, 53, 19902 }, // U+5C31
    { 20, 19, 333, 0, 17, 48, 19955 }, // U+5C40
    { 20, 19, 333, 0, 17, 48, 20003 }, // U+5C45
    { 20, 19, 333, 0, 17, 48, 20051 }, // U+5C4F
    { 19, 17, 333, 1, 16, 41, 20099 }, // U+5DE5
    { 20, 20, 333, 0, 18, 50, 20140 }, // U+5DE6
    { 19, 19, 333, 1, 17, 46, 20190 }, // U+5DF2
    { 20, 20, 333, 0, 18, 50, 20236 }, // U+5E03
    { 20, 20, 333, 0, 18, 50, 20286 }, // U+5E0C
    { 19, 20, 333, 1, 18, 48, 20336 }, // U+5E26
    { 21, 20, 333, 0, 18, 53, 20384 }, // U+5E55
    { 19, 19, 333, 1, 17, 46, 20437 }, // U+5E73
    { 19, 20, 333, 1, 18, 48, 20483 }, // U+5E76
    { 20, 20, 333, 0, 18, 50, 20531 }, // U+5E8F
    { 20, 20, 333, 0, 18, 50, 20581 }, // U+5E94
    { 21, 20, 333, 0, 18, 53, 20631 }, // U+5E95
    { 21, 20, 333, 0, 18, 53, 20684 }, // U+5EA6
    { 21, 20, 333, 0, 18, 53, 20737 }, // U+5EFA
    { 19, 19, 333, 1, 17, 46, 20790 }, // U+5F00
    { 20, 20, 333, 1, 18, 50, 20836 }, // U+5F0F
    { 17, 20, 333, 1, 18, 43, 20886 }, // U+5F15
    { 20, 20, 333, 1, 18, 50, 20929 }, // U+5F39
    { 17, 20, 333, 2, 18, 43, 20979 }, // U+5F53
    { 19, 19, 333, 1, 17, 46, 21022 }, // U+5F55
    { 20, 20, 333, 0, 18, 50, 21068 }, // U+5F97
    { 20, 20, 333, 0, 18, 50, 21118 }, // U+5FD8
    { 21, 20, 333, 0, 18, 53, 21168 }, // U+5FEB
    { 20, 20, 333, 0, 18, 50, 21221 }, // U+5FFD
    { 21, 20, 333, 0, 18, 53, 21271 }, // U+6001
    { 21, 20, 333, 0, 18, 53, 21324 }, // U+6062
    { 20, 20, 333, 0, 18, 50, 21377 }, // U+606F
    { 21, 20, 333, 0, 18, 53, 21427 }, // U+60C5
    { 21, 20, 333, 0, 18, 53, 21480 }, // U+60EF
    { 19, 20, 333, 1, 18, 48, 21533 }, // U+610F
    { 21, 20, 333, 0, 18, 53, 21581 }, // U+6162
    { 21, 20, 333, 0, 18, 53, 21634 }, // U+6210
    { 20, 20, 333, 1, 18, 50, 21687 }, // U+6216
    { 21, 20, 333, 0, 18, 53, 21737 }, // U+622A
    { 18, 20, 333, 0, 18, 45, 21790 }, // U+6237
    { 21, 20, 333, 0, 18, 53, 21835 }, // U+6240
    { 20, 20, 333, 0, 18, 50, 21888 }, // U+624B
    { 21, 20, 333, 0, 18, 53, 21938 }, // U+6253
    { 19, 20, 333, 0, 18, 48, 21991 }, // U+626B
    { 21, 20, 333, 0, 18, 53, 22039 }, // U+627E
    { 21, 20, 333, 0, 18, 53, 22092 }, // U+6297
    { 21, 20, 333, 0, 18, 53, 22145 }, // U+62A5
    { 21, 20, 333, 0, 18, 53, 22198 }, // U+62D4
    { 21, 20, 333, 0, 18, 53, 22251 }, // U+62E9
    { 21, 20, 333, 0, 18, 53, 22304 }, // U+6301
    { 21, 20, 333, 0, 18, 53, 22357 }, // U+6307
    { 21, 20, 333, 0, 18, 53, 22410 }, // U+6309
    { 20, 20, 333, 0, 18, 50, 22463 }, // U+6325
    { 21, 20, 333, 0, 18, 53, 22513 }, // U+6362
    { 20, 20, 333, 0, 18, 50, 22566 }, // U+636E
    { 21, 20, 333, 0, 18, 53, 22616 }, // U+6392
    { 21, 20, 333, 0, 18, 53, 22669 }, // U+63A5
    { 21, 20, 333, 0, 18, 53, 22722 }, // U+63A7
    { 20, 20, 333, 0, 18, 50, 22775 }, // U+63A8
    { 20, 20, 333, 0, 18, 50, 22825 }, // U+63CF
    { 21, 20, 333, 0, 18, 53, 22875 }, // U+63D0
    { 20, 20, 333, 0, 18, 50, 22928 }, // U+63D2
    { 21, 20, 333, 0, 18, 53, 22978 }, // U+641C
    { 20, 20, 333, 0, 18, 50, 23031 }, // U+6458
    { 21, 20, 333, 0, 18, 53, 23081 }, // U+64CD
    { 20, 20, 333, 1, 18, 50, 23134 }, // U+6536
    { 20, 20, 333, 1, 18, 50, 23184 }, // U+6539
    { 21, 20, 333, 0, 18, 53, 23234 }, // U+653E
    { 21, 20, 333, 0, 18, 53, 23287 }, // U+6548
    { 21, 20, 333, 0, 18, 53, 23340 }, // U+6570
    { 21, 20, 333, 0, 18, 53, 23393 }, // U+6574
    { 21, 20, 333, 0, 18, 53, 23446 }, // U+6587
    { 21, 20, 333, 0, 18, 53, 23499 }, // U+659C
    { 20, 20, 333, 1, 18, 50, 23552 }, // U+65AD
    { 21, 20, 333, 0, 18, 53, 23602 }, // U+65B0
    { 20, 20, 333, 0, 18, 50, 23655 }, // U+65B9
    { 21, 19, 333, 0, 17, 50, 23705 }, // U+65E0
    { 15, 19, 333, 3, 17, 36, 23755 }, // U+65E5
    { 20, 19, 333, 0, 17, 48, 23791 }, // U+65E9
    { 20, 20, 333, 1, 18, 50, 23839 }, // U+65F6
    { 19, 19, 333, 1, 17, 46, 23889 }, // U+660E
    { 21, 19, 333, 0, 17, 50, 23935 }, // U+662F
    { 21, 18, 333, 0, 17, 48, 23985 }, // U+663E
    { 20, 20, 333, 1, 18, 50, 24033 }, // U+6670
    { 19, 20, 333, 0, 18, 48, 24083 }, // U+667A
    { 19, 20, 333, 1, 18, 48, 24131 }, // U+6682
    { 21, 19, 333, 0, 17, 50, 24179 }, // U+66F4
    { 21, 19, 333, 0, 17, 50, 24229 }, // U+6700
    { 20, 20, 333, 0, 18, 50, 24279 }, // U+6709
    { 21, 19, 333, 0, 17, 50, 24329 }, // U+670D
    { 20, 20, 333, 0, 18, 50, 24379 }, // U+671F
    { 21, 20, 333, 0, 18, 53, 24429 }, // U+672A
    { 21, 20, 333, 0, 18, 53, 24482 }, // U+672B
    { 21, 20, 333, 0, 18, 53, 24535 }, // U+672C
    { 21, 20, 333, 0, 18, 53, 24588 }, // U+673A
    { 21, 20, 333, 0, 18, 53, 24641 }, // U+6761
    { 21, 20, 333, 0, 18, 53, 24694 }, // U+6765
    { 21, 20, 333, 0, 18, 53, 24747 }, // U+677E
    { 21, 20, 333, 0, 18, 53, 24800 }, // U+6790
    { 21, 19, 333, 0, 17, 50, 24853 }, // U+679C
    { 21, 20, 333, 0, 18, 53, 24903 }, // U+67E5
    { 21, 20, 333, 0, 18, 53, 24956 }, // U+6807
    { 20, 20, 333, 0, 18, 50, 25009 }, // U+680F
    { 20, 20, 333, 0, 18, 50, 25059 }, // U+6837
    { 21, 20, 333, 0, 18, 53, 25109 }, // U+6839
    { 21, 20, 333, 0, 18, 53, 25162 }, // U+683C
    { 21, 20, 333, 0, 18, 53, 25215 }, // U+6846
    { 20, 20, 333, 0, 18, 50, 25268 }, // U+6863
    { 21, 20, 333, 0, 18, 53, 25318 }, // U+68C0
    { 21, 20, 333, 0, 18, 53, 25371 }, // U+6A21
    { 21, 20, 333, 0, 18, 53, 25424 }, // U+6A2A
    { 21, 20, 333, 0, 18, 53, 25477 }, // U+6B21
    { 19, 18, 333, 1, 17, 43, 25530 }, // U+6B63
    { 21, 20, 333, 0, 18, 53, 25573 }, // U+6B64
    { 19, 20, 333, 1, 18, 48, 25626 }, // U+6B65
    { 21, 20, 333, 0, 18, 53, 25674 }, // U+6BB5
    { 21, 20, 333, 0, 18, 53, 25727 }, // U+6BCF
    { 19, 20, 333, 1, 18, 48, 25780 }, // U+6BD4
    { 21, 20, 333, 0, 18, 53, 25828 }, // U+6C34
    { 21, 20, 333, 0, 18, 53, 25881 }, // U+6C89
    { 21, 20, 333, 0, 18, 53, 25934 }, // U+6CA1
    { 20, 20, 333, 0, 18, 50, 25987 }, // U+6CD5
    { 21, 20, 333, 0, 18, 53, 26037 }, // U+6CE8
    { 21, 20, 333, 0, 18, 53, 26090 }, // U+6D3B
    { 21, 20, 333, 0, 18, 53, 26143 }, // U+6D45
    { 20, 20, 333, 0, 18, 50, 26196 }, // U+6D4F
    { 20, 20, 333, 0, 18, 50, 26246 }, // U+6D88
    { 20, 20, 333, 0, 18, 50, 26296 }, // U+6DF1
    { 21, 20, 333, 0, 18, 53, 26346 }, // U+6DFB
    { 20, 20, 333, 0, 18, 50, 26399 }, // U+6E05
    { 21, 20, 333, 0, 18, 53, 26449 }, // U+6E10
    { 21, 20, 333, 0, 18, 53, 26502 }, // U+6E29
    { 21, 20, 333, 0, 18, 53, 26555 }, // U+6E90
    { 20, 20, 333, 0, 18, 50, 26608 }, // U+6ED1
    { 21, 20, 333, 0, 18, 53, 26658 }, // U+6EE4
    { 21, 20, 333, 0, 18, 53, 26711 }, // U+706F
    { 20, 20, 333, 0, 18, 50, 26764 }, // U+70B9
    { 21, 20, 333, 0, 18, 53, 26814 }, // U+70ED
    { 21, 20, 333, 0, 18, 53, 26867 }, // U+7136
    { 19, 20, 333, 0, 18, 48, 26920 }, // U+7247
    { 21, 20, 333, 0, 18, 53, 26968 }, // U+7248
    { 20, 19, 333, 0, 17, 48, 27021 }, // U+7259
    { 21, 20, 333, 0, 18, 53, 27069 }, // U+72B6
    { 20, 20, 333, 0, 18, 50, 27122 }, // U+732B
    { 19, 20, 333, 1, 18, 48, 27172 }, // U+7387
    { 21, 19, 333, 0, 17, 50, 27220 }, // U+73B0
    { 21, 19, 333, 0, 17, 50, 27270 }, // U+7406
    { 19, 19, 333, 0, 17, 46, 27320 }, // U+7528
    { 19, 20, 333, 2, 18, 48, 27366 }, // U+7535
    { 19, 19, 333, 1, 17, 46, 27414 }, // U+753B
    { 21, 19, 333, 0, 17, 50, 27460 }, // U+754C
    { 19, 20, 333, 1, 18, 48, 27510 }, // U+7559
    { 20, 20, 333, 1, 18, 50, 27558 }, // U+7565
    { 21, 20, 333, 0, 18, 53, 27608 }, // U+767B
    { 19, 19, 333, 1, 17, 46, 27661 }, // U+767E
    { 19, 20, 333, 1, 18, 48, 27707 }, // U+7684
    { 20, 20, 333, 0, 18, 50, 27755 }, // U+76D8
    { 15, 19, 333, 3, 17, 36, 27805 }, // U+76EE
    { 20, 20, 333, 0, 18, 50, 27841 }, // U+76F4
    { 20, 20, 333, 0, 18, 50, 27891 }, // U+770B
    { 20, 19, 333, 1, 17, 48, 27941 }, // U+7720
    { 20, 20, 333, 0, 18, 50, 27989 }, // U+7740
    { 19, 20, 333, 1, 18, 48, 28039 }, // U+7761
    { 21, 20, 333, 0, 18, 53, 28087 }, // U+77ED
    { 20, 19, 333, 0, 17, 48, 28140 }, // U+7801
    { 20, 20, 333, 0, 18, 50, 28188 }, // U+786E
    { 20, 19, 333, 0, 17, 48, 28238 }, // U+793A
    { 21, 20, 333, 0, 18, 53, 28286 }, // U+7981
    { 21, 20, 333, 0, 18, 53, 28339 }, // U+79D2
    { 21, 20, 333, 0, 18, 53, 28392 }, // U+79F0
    { 21, 20, 333, 0, 18, 53, 28445 }, // U+79FB
    { 21, 20, 333, 0, 18, 53, 28498 }, // U+7A0B
    { 19, 20, 333, 1, 18, 48, 28551 }, // U+7A7A
    { 19, 19, 333, 1, 18, 46, 28599 }, // U+7ACB
    { 19, 20, 333, 1, 18, 48, 28645 }, // U+7AD6
    { 20, 20, 333, 0, 18, 50, 28693 }, // U+7AE0
    { 20, 20, 333, 0, 18, 50, 28743 }, // U+7AEF
    { 20, 20, 333, 0, 18, 50, 28793 }, // U+7B26
    { 20, 20, 333, 0, 18, 50, 28843 }, // U+7B2C
    { 21, 20, 333, 0, 18, 53, 28893 }, // U+7B7E
    { 20, 20, 333, 0, 18, 50, 28946 }, // U+7B80
    { 20, 20, 333, 0, 18, 50, 28996 }, // U+7B97
    { 20, 20, 333, 0, 18, 50, 29046 }, // U+7BA1
    { 20, 20, 333, 0, 18, 50, 29096 }, // U+7BAD
    { 20, 20, 333, 0, 18, 50, 29146 }, // U+7C4D
    { 21, 20, 333, 0, 18, 53, 29196 }, // U+7C97
    { 19, 20, 333, 1, 18, 48, 29249 }, // U+7CFB
    { 19, 20, 333, 1, 18, 48, 29297 }, // U+7D22
    { 19, 20, 333, 1, 18, 48, 29345 }, // U+7D27
    { 21, 20, 333, 0, 18, 53, 29393 }, // U+7EBF
    { 20, 20, 333, 0, 18, 50, 29446 }, // U+7EC6
    { 21, 20, 333, 0, 18, 53, 29496 }, // U+7EC8
    { 20, 20, 333, 0, 18, 50, 29549 }, // U+7ED3
    { 21, 20, 333, 0, 18, 53, 29599 }, // U+7EDC
    { 21, 20, 333, 0, 18, 53, 29652 }, // U+7EDF
    { 20, 19, 333, 0, 18, 48, 29705 }, // U+7EE7
    { 21, 20, 333, 0, 18, 53, 29753 }, // U+7EEA
    { 21, 20, 333, 0, 18, 53, 29806 }, // U+7EED
    { 21, 20, 333, 0, 18, 53, 29859 }, // U+7EF4
    { 21, 20, 333, 0, 18, 53, 29912 }, // U+7F13
    { 20, 20, 333, 0, 18, 50, 29965 }, // U+7F16
    { 21, 20, 333, 0, 18, 53, 30015 }, // U+7F1D
    { 20, 20, 333, 0, 18, 50, 30068 }, // U+7F29
    { 19, 19, 333, 1, 17, 46, 30118 }, // U+7F51
    { 19, 19, 333, 1, 17, 46, 30164 }, // U+7F6E
    { 20, 20, 333, 0, 18, 50, 30210 }, // U+7FFB
    { 20, 20, 333, 0, 18, 50, 30260 }, // U+8005
    { 20, 20, 333, 1, 18, 50, 30310 }, // U+80FD
    { 20, 20, 333, 0, 18, 50, 30360 }, // U+8111
    { 20, 20, 333, 0, 18, 50, 30410 }, // U+811A
    { 15, 20, 333, 3, 18, 38, 30460 }, // U+81EA
    { 19, 18, 333, 1, 17, 43, 30498 }, // U+81F3
    { 21, 20, 333, 0, 18, 53, 30541 }, // U+8272
    { 19, 20, 333, 1, 18, 48, 30594 }, // U+8282
    { 20, 20, 333, 0, 18, 50, 30642 }, // U+82E5
    { 21, 20, 333, 0, 18, 53, 30692 }, // U+82F1
    { 20, 20, 333, 1, 18, 50, 30745 }, // U+8303
    { 20, 20, 333, 0, 18, 50, 30795 }, // U+8350
    { 20, 20, 333, 0, 18, 50, 30845 }, // U+83B7
    { 21, 20, 333, 0, 18, 53, 30895 }, // U+83DC
    { 21, 20, 333, 0, 18, 53, 30948 }, // U+843D
    { 20, 20, 333, 0, 18, 50, 31001 }, // U+84DD
    { 21, 20, 333, 0, 18, 53, 31051 }, // U+85CF
    { 20, 20, 333, 0, 18, 50, 31104 }, // U+884C
    { 21, 20, 333, 0, 18, 53, 31154 }, // U+8868
    { 21, 20, 333, 0, 18, 53, 31207 }, // U+88AB
    { 21, 20, 333, 0, 18, 53, 31260 }, // U+88C1
    { 21, 20, 333, 0, 18, 53, 31313 }, // U+88C5
    { 21, 20, 333, 0, 18, 53, 31366 }, // U+892A
    { 19, 19, 333, 1, 17, 46, 31419 }, // U+8981
    { 20, 19, 333, 0, 17, 48, 31465 }, // U+89C1
    { 19, 20, 333, 1, 18, 48, 31513 }, // U+89C8
    { 21, 20, 333, 0, 18, 53, 31561 }, // U+89E3
    { 21, 20, 333, 0, 18, 53, 31614 }, // U+89E6
    { 19, 20, 333, 1, 18, 48, 31667 }, // U+8A00
    { 21, 20, 333, 0, 18, 53, 31715 }, // U+8BA1
    { 21, 20, 333, 0, 18, 53, 31768 }, // U+8BA4
    { 21, 20, 333, 0, 18, 53, 31821 }, // U+8BAE
    { 21, 20, 333, 0, 18, 53, 31874 }, // U+8BB0
    { 21, 20, 333, 0, 18, 53, 31927 }, // U+8BBE
    { 21, 20, 333, 0, 18, 53, 31980 }, // U+8BC1
    { 20, 20, 333, 0, 18, 50, 32033 }, // U+8BCD
    { 20, 20, 333, 1, 18, 50, 32083 }, // U+8BD5
    { 20, 20, 333, 0, 18, 50, 32133 }, // U+8BE2
    { 20, 20, 333, 0, 18, 50, 32183 }, // U+8BE6
    { 21, 20, 333, 0, 18, 53, 32233 }, // U+8BED
    { 21, 20, 333, 0, 18, 53, 32286 }, // U+8BEF
    { 21, 20, 333, 0, 18, 53, 32339 }, // U+8BF4
    { 21, 20, 333, 0, 18, 53, 32392 }, // U+8BF7
    { 21, 20, 333, 0, 18, 53, 32445 }, // U+8BFB
    { 20, 20, 333, 0, 18, 50, 32498 }, // U+8C03
    { 21, 20, 333, 0, 18, 53, 32548 }, // U+8D25
    { 21, 20, 333, 0, 18, 53, 32601 }, // U+8D26
    { 21, 20, 333, 0, 18, 53, 32654 }, // U+8D77
    { 21, 20, 333, 0, 18, 53, 32707 }, // U+8D85
    { 21, 19, 333, 0, 17, 50, 32760 }, // U+8DB3
    { 21, 20, 333, 0, 18, 53, 32810 }, // U+8DC3
    { 21, 20, 333, 0, 18, 53, 32863 }, // U+8DD1
    { 21, 18, 333, 0, 17, 48, 32916 }, // U+8DDD
    { 21, 19, 333, 0, 17, 50, 32964 }, // U+8DDF
    { 21, 20, 333, 0, 18, 53, 33014 }, // U+8DF3
    { 21, 20, 333, 0, 18, 53, 33067 }, // U+8F6C
    { 20, 20, 333, 0, 18, 50, 33120 }, // U+8F7B
    { 20, 20, 333, 1, 18, 50, 33170 }, // U+8F7D
    { 21, 20, 333, 0, 18, 53, 33220 }, // U+8F83
    { 21, 20, 333, 0, 18, 53, 33273 }, // U+8F93
    { 21, 20, 333, 0, 18, 53, 33326 }, // U+8FB9
    { 21, 20, 333, 0, 18, 53, 33379 }, // U+8FBE
    { 21, 20, 333, 0, 18, 53, 33432 }, // U+8FC7
    { 21, 20, 333, 0, 18, 53, 33485 }, // U+8FD1
    { 21, 20, 333, 0, 18, 53, 33538 }, // U+8FD4
    { 21, 20, 333, 0, 18, 53, 33591 }, // U+8FD8
    { 21, 20, 333, 0, 18, 53, 33644 }, // U+8FD9
    { 21, 20, 333, 0, 18, 53, 33697 }, // U+8FDB
    { 21, 19, 333, 0, 17, 50, 33750 }, // U+8FDC
    { 21, 20, 333, 0, 18, 53, 33800 }, // U+8FDE
    { 21, 19, 333, 0, 17, 50, 33853 }, // U+9000
    { 21, 20, 333, 0, 18, 53, 33903 }, // U+9001
    { 21, 20, 333, 0, 18, 53, 33956 }, // U+9002
    { 21, 20, 333, 0, 18, 53, 34009 }, // U+9006
    { 21, 20, 333, 0, 18, 53, 34062 }, // U+9009
    { 21, 20, 333, 0, 18, 53, 34115 }, // U+900F
    { 21, 19, 333, 0, 17, 50, 34168 }, // U+901A
    { 21, 20, 333, 0, 18, 53, 34218 }, // U+901F
    { 20, 20, 333, 0, 18, 50, 34271 }, // U+90E8
    { 21, 20, 333, 0, 18, 53, 34321 }, // U+90FD
    { 20, 19, 333, 1, 17, 48, 34374 }, // U+914D
    { 20, 19, 333, 1, 17, 48, 34422 }, // U+9192
    { 21, 20, 333, 0, 18, 53, 34470 }, // U+91CA
    { 19, 20, 333, 1, 18, 48, 34523 }, // U+91CD
    { 20, 19, 333, 0, 17, 48, 34571 }, // U+91CF
    { 20, 20, 333, 0, 18, 50, 34619 }, // U+9488
    { 20, 20, 333, 0, 18, 50, 34669 }, // U+949F
    { 21, 20, 333, 0, 18, 53, 34719 }, // U+94FE
    { 21, 20, 333, 0, 18, 53, 34772 }, // U+9519
    { 21, 20, 333, 0, 18, 53, 34825 }, // U+952E
    { 20, 20, 333, 0, 18, 50, 34878 }, // U+952F
    { 21, 20, 333, 0, 18, 53, 34928 }, // U+955C
    { 20, 20, 333, 1, 18, 50, 34981 }, // U+957F
    { 19, 20, 333, 1, 18, 48, 35031 }, // U+95ED
    { 19, 20, 333, 1, 18, 48, 35079 }, // U+95EE
    { 19, 20, 333, 1, 18, 48, 35127 }, // U+95F4
    { 19, 20, 333, 1, 18, 48, 35175 }, // U+9605
    { 19, 19, 333, 1, 17, 46, 35223 }, // U+9633
    { 20, 20, 333, 1, 18, 50, 35269 }, // U+9644
    { 20, 20, 333, 1, 18, 50, 35319 }, // U+9664
    { 20, 20, 333, 1, 18, 50, 35369 }, // U+968F
    { 20, 20, 333, 1, 18, 50, 35419 }, // U+9690
    { 19, 19, 333, 1, 17, 46, 35469 }, // U+9700
    { 19, 19, 333, 1, 17, 46, 35515 }, // U+9762
    { 20, 19, 333, 0, 17, 48, 35561 }, // U+9875
    { 21, 19, 333, 0, 17, 50, 35609 }, // U+9876
    { 21, 19, 333, 0, 17, 50, 35659 }, // U+9879
    { 20, 19, 333, 0, 17, 48, 35709 }, // U+987A
    { 21, 19, 333, 0, 17, 50, 35757 }, // U+9884
    { 21, 20, 333, 0, 18, 53, 35807 }, // U+9891
    { 21, 19, 333, 0, 17, 50, 35860 }, // U+9898
    { 21, 20, 333, 0, 18, 53, 35910 }, // U+9988
    { 19, 20, 333, 1, 18, 48, 35963 }, // U+9996
    { 21, 20, 333, 0, 18, 53, 36011 }, // U+9A8C
    { 20, 20, 333, 0, 18, 50, 36064 }, // U+9E1F
    { 20, 20, 333, 0, 18, 50, 36114 }, // U+9E70
    { 21, 20, 333, 0, 18, 53, 36164 }, // U+9ED8
    { 21, 20, 333, 0, 18, 53, 36217 }, // U+9F50
    { 19, 20, 333, 1, 18, 48, 36270 }, // U+9F7F
    { 21, 18, 341, 0, 10, 48, 36318 }, // U+FB56
    { 26, 17, 381, 0, 9, 56, 36366 }, // U+FB57
    { 7, 18, 120, 0, 10, 16, 36422 }, // U+FB58
    { 11, 16, 136, 0, 8, 22, 36438 }, // U+FB59
    { 21, 17, 341, 0, 16, 45, 36460 }, // U+FB66
    { 26, 17, 381, 0, 16, 56, 36505 }, // U+FB67
    { 6, 19, 106, 0, 18, 15, 36561 }, // U+FB68
    { 11, 17, 136, 0, 16, 24, 36576 }, // U+FB69
    { 15, 20, 229, 0, 11, 38, 36600 }, // U+FB7A
    { 18, 20, 253, 0, 11, 45, 36638 }, // U+FB7B
    { 13, 18, 210, 0, 10, 30, 36683 }, // U+FB7C
    { 16, 18, 218, 0, 10, 36, 36713 }, // U+FB7D
    { 10, 20, 172, 0, 19, 25, 36749 }, // U+FB88
    { 14, 20, 190, 0, 19, 35, 36774 }, // U+FB89
    { 9, 21, 136, -1, 16, 24, 36809 }, // U+FB8A
    { 13, 21, 150, -1, 16, 35, 36833 }, // U+FB8B
    { 9, 22, 136, -1, 17, 25, 36868 }, // U+FB8C
    { 13, 22, 150, -1, 17, 36, 36893 }, // U+FB8D
    { 20, 16, 303, 0, 15, 40, 36929 }, // U+FB8E
    { 22, 16, 317, 0, 15, 44, 36969 }, // U+FB8F
    { 10, 16, 151, 0, 15, 20, 37013 }, // U+FB90
    { 13, 16, 169, 0, 15, 26, 37033 }, // U+FB91
    { 20, 20, 303, 0, 19, 50, 37059 }, // U+FB92
    { 22, 20, 317, 0, 19, 55, 37109 }, // U+FB93
    { 11, 20, 151, -1, 19, 28, 37164 }, // U+FB94
    { 14, 20, 169, -1, 19, 35, 37192 }, // U+FB95
    { 15, 13, 247, 0, 8, 25, 37227 }, // U+FB9E
    { 19, 13, 268, 0, 8, 31, 37252 }, // U+FB9F
    { 10, 13, 157, 0, 12, 17, 37283 }, // U+FBA6
    { 14, 10, 195, 0, 9, 18, 37300 }, // U+FBA7
    { 6, 14, 106, 0, 10, 11, 37318 }, // U+FBA8
    { 13, 11, 172, 0, 5, 18, 37329 }, // U+FBA9
    { 16, 13, 257, 0, 12, 26, 37347 }, // U+FBAA
    { 16, 15, 228, 0, 10, 30, 37373 }, // U+FBAB
    { 13, 13, 214, 0, 12, 22, 37403 }, // U+FBAC
    { 14, 15, 190, 0, 10, 27, 37425 }, // U+FBAD
    { 20, 12, 314, 0, 11, 30, 37452 }, // U+FBAE
    { 14, 10, 187, 0, 3, 18, 37482 }, // U+FBAF
    { 20, 18, 314, 0, 17, 45, 37500 }, // U+FBB0
    { 14, 16, 187, 0, 9, 28, 37545 }, // U+FBB1
    { 17, 15, 274, 0, 10, 32, 37573 }, // U+FBFC
    { 19, 11, 267, 0, 6, 27, 37605 }, // U+FBFD
    { 7, 15, 120, 0, 10, 14, 37632 }, // U+FBFE
    { 11, 13, 136, 0, 8, 18, 37646 }, // U+FBFF
    { 10, 12, 157, 0, 10, 15, 37664 }, // U+FE80
    { 9, 19, 90, -2, 19, 22, 37679 }, // U+FE81
    { 10, 21, 106, -1, 20, 27, 37701 }, // U+FE82
    { 5, 21, 90, 0, 21, 14, 37728 }, // U+FE83
    { 9, 23, 106, 0, 22, 26, 37742 }, // U+FE84
    { 10, 20, 166, 0, 15, 25, 37768 }, // U+FE85
    { 13, 21, 175, 0, 16, 35, 37793 }, // U+FE86
    { 5, 23, 91, 1, 16, 15, 37828 }, // U+FE87
    { 8, 23, 106, 1, 16, 23, 37843 }, // U+FE88
    { 17, 17, 274, 0, 12, 37, 37866 }, // U+FE89
    { 19, 17, 267, 0, 12, 41, 37903 }, // U+FE8A
    { 6, 18, 106, 0, 17, 14, 37944 }, // U+FE8B
    { 10, 16, 128, 0, 15, 20, 37958 }, // U+FE8C
    { 4, 16, 91, 1, 16, 8, 37978 }, // U+FE8D
    { 8, 17, 106, 1, 16, 17, 37986 }, // U+FE8E
    { 21, 15, 341, 0, 10, 40, 38003 }, // U+FE8F
    { 26, 14, 381, 0, 9, 46, 38043 }, // U+FE90
    { 6, 15, 106, 0, 10, 12, 38089 }, // U+FE91
    { 10, 13, 128, 0, 8, 17, 38101 }, // U+FE92
    { 10, 18, 157, 0, 17, 23, 38118 }, // U+FE93
    { 14, 19, 185, 0, 18, 34, 38141 }, // U+FE94
    { 21, 14, 341, 0, 13, 37, 38175 }, // U+FE95
    { 26, 14, 381, 0, 13, 46, 38212 }, // U+FE96
    { 8, 16, 106, -1, 15, 16, 38258 }, // U+FE97
    { 11, 14, 136, 0, 13, 20, 38274 }, // U+FE98
    { 21, 16, 341, 0, 15, 42, 38294 }, // U+FE99
    { 26, 16, 381, 0, 15, 52, 38336 }, // U+FE9A
    { 6, 18, 106, 0, 17, 14, 38388 }, // U+FE9B
    { 11, 16, 136, 0, 15, 22, 38402 }, // U+FE9C
    { 14, 20, 229, 0, 11, 35, 38424 }, // U+FE9D
    { 18, 20, 246, 0, 11, 45, 38459 }, // U+FE9E
    { 13, 15, 210, 0, 10, 25, 38504 }, // U+FE9F
    { 16, 15, 218, 0, 10, 30, 38529 }, // U+FEA0
    { 14, 20, 229, 0, 11, 35, 38559 }, // U+FEA1
    { 18, 20, 246, 0, 11, 45, 38594 }, // U+FEA2
    { 13, 11, 210, 0, 10, 18, 38639 }, // U+FEA3
    { 16, 11, 218, 0, 10, 22, 38657 }, // U+FEA4
    { 14, 25, 229, 0, 16, 44, 38679 }, // U+FEA5
    { 18, 25, 246, 0, 16, 57, 38723 }, // U+FEA6
    { 13, 16, 210, 0, 15, 26, 38780 }, // U+FEA7
    { 16, 16, 218, 0, 15, 32, 38806 }, // U+FEA8
    { 10, 12, 172, 0, 11, 15, 38838 }, // U+FEA9
    { 14, 12, 190, 0, 11, 21, 38853 }, // U+FEAA
    { 10, 17, 172, 0, 16, 22, 38874 }, // U+FEAB
    { 14, 17, 190, 0, 16, 30, 38896 }, // U+FEAC
    { 9, 13, 136, -1, 8, 15, 38926 }, // U+FEAD
    { 13, 13, 150, -1, 8, 22, 38941 }, // U+FEAE
    { 9, 19, 136, -1, 14, 22, 38963 }, // U+FEAF
    { 13, 19, 150, -1, 14, 31, 38985 }, // U+FEB0
    { 28, 15, 457, 0, 10, 53, 39016 }, // U+FEB1
    { 32, 14, 480, 0, 9, 56, 39069 }, // U+FEB2
    { 19, 11, 317, 0, 10, 27, 39125 }, // U+FEB3
    { 23, 10, 340, 0, 9, 29, 39152 }, // U+FEB4
    { 28, 21, 457, 0, 16, 74, 39181 }, // U+FEB5
    { 32, 21, 480, 0, 16, 84, 39255 }, // U+FEB6
    { 19, 17, 317, 0, 16, 41, 39339 }, // U+FEB7
    { 23, 17, 340, 0, 16, 49, 39380 }, // U+FEB8
    { 29, 15, 474, 0, 10, 55, 39429 }, // U+FEB9
    { 32, 15, 481, 0, 10, 60, 39484 }, // U+FEBA
    { 20, 11, 325, 0, 10, 28, 39544 }, // U+FEBB
    { 23, 11, 335, 0, 10, 32, 39572 }, // U+FEBC
    { 29, 20, 474, 0, 15, 73, 39604 }, // U+FEBD
    { 32, 20, 481, 0, 15, 80, 39677 }, // U+FEBE
    { 20, 16, 325, 0, 15, 40, 39757 }, // U+FEBF
    { 23, 16, 335, 0, 15, 46, 39797 }, // U+FEC0
    { 17, 17, 281, 0, 16, 37, 39843 }, // U+FEC1
    { 20, 17, 287, 0, 16, 43, 39880 }, // U+FEC2
    { 15, 17, 246, 0, 16, 32, 39923 }, // U+FEC3
    { 18, 17, 254, 0, 16, 39, 39955 }, // U+FEC4
    { 17, 17, 281, 0, 16, 37, 39994 }, // U+FEC5
    { 20, 17, 287, 0, 16, 43, 40031 }, // U+FEC6
    { 15, 17, 246, 0, 16, 32, 40074 }, // U+FEC7
    { 18, 17, 254, 0, 16, 39, 40106 }, // U+FEC8
    { 14, 21, 190, 0, 12, 37, 40145 }, // U+FEC9
    { 14, 19, 190, 0, 10, 34, 40182 }, // U+FECA
    { 11, 12, 186, 0, 11, 17, 40216 }, // U+FECB
    { 15, 11, 184, -1, 10, 21, 40233 }, // U+FECC
    { 14, 26, 190, 0, 17, 46, 40254 }, // U+FECD
    { 14, 24, 190, 0, 15, 42, 40300 }, // U+FECE
    { 11, 17, 186, 0, 16, 24, 40342 }, // U+FECF
    { 15, 16, 184, -1, 15, 30, 40366 }, // U+FED0
    { 21, 19, 341, 0, 18, 50, 40396 }, // U+FED1
    { 25, 17, 372, 0, 16, 54, 40446 }, // U+FED2
    { 10, 19, 168, 0, 18, 24, 40500 }, // U+FED3
    { 13, 17, 176, 0, 16, 28, 40524 }, // U+FED4
    { 17, 19, 277, 0, 15, 41, 40552 }, // U+FED5
    { 20, 20, 285, 0, 14, 50, 40593 }, // U+FED6
    { 10, 19, 168, 0, 18, 24, 40643 }, // U+FED7
    { 13, 17, 176, 0, 16, 28, 40667 }, // U+FED8
    { 19, 17, 310, 0, 16, 41, 40695 }, // U+FED9
    { 22, 17, 325, 0, 16, 47, 40736 }, // U+FEDA
    { 10, 16, 151, 0, 15, 20, 40783 }, // U+FEDB
    { 13, 16, 169, 0, 15, 26, 40803 }, // U+FEDC
    { 15, 21, 247, 0, 16, 40, 40829 }, // U+FEDD
    { 19, 21, 264, 0, 16, 50, 40869 }, // U+FEDE
    { 6, 17, 99, 0, 16, 13, 40919 }, // U+FEDF
    { 9, 17, 115, 0, 16, 20, 40932 }, // U+FEE0
    { 11, 19, 183, 0, 10, 27, 40952 }, // U+FEE1
    { 16, 18, 220, 0, 9, 36, 40979 }, // U+FEE2
    { 12, 10, 194, 0, 9, 15, 41015 }, // U+FEE3
    { 15, 10, 208, 0, 9, 19, 41030 }, // U+FEE4
    { 15, 17, 247, 0, 12, 32, 41049 }, // U+FEE5
    { 19, 17, 268, 0, 12, 41, 41081 }, // U+FEE6
    { 6, 16, 106, 0, 15, 12, 41122 }, // U+FEE7
    { 10, 14, 128, 0, 13, 18, 41134 }, // U+FEE8
    { 10, 13, 157, 0, 12, 17, 41152 }, // U+FEE9
    { 14, 14, 185, 0, 13, 25, 41169 }, // U+FEEA
    { 13, 13, 214, 0, 12, 22, 41194 }, // U+FEEB
    { 14, 15, 190, 0, 10, 27, 41216 }, // U+FEEC
    { 10, 14, 166, 0, 9, 18, 41243 }, // U+FEED
    { 13, 14, 175, 0, 9, 23, 41261 }, // U+FEEE
    { 17, 15, 274, 0, 10, 32, 41284 }, // U+FEEF
    { 19, 11, 267, 0, 6, 27, 41316 }, // U+FEF0
    { 17, 20, 274, 0, 10, 43, 41343 }, // U+FEF1
    { 19, 16, 267, 0, 6, 38, 41386 }, // U+FEF2
    { 7, 15, 120, 0, 10, 14, 41424 }, // U+FEF3
    { 11, 13, 136, 0, 8, 18, 41438 }, // U+FEF4
    { 15, 17, 211, -2, 17, 32, 41456 }, // U+FEF5
    { 16, 19, 227, 0, 18, 38, 41488 }, // U+FEF6
    { 13, 19, 211, 0, 19, 31, 41526 }, // U+FEF7
    { 16, 21, 227, 0, 20, 42, 41557 }, // U+FEF8
    { 13, 23, 211, 0, 16, 38, 41599 }, // U+FEF9
    { 16, 23, 227, 0, 16, 46, 41637 }, // U+FEFA
    { 13, 16, 211, 0, 16, 26, 41683 }, // U+FEFB
    { 16, 17, 227, 0, 16, 34, 41709 }, // U+FEFC
    { 4, 17, 333, 3, 16, 9, 41743 }, // U+FF01
    { 6, 21, 333, 14, 18, 16, 41752 }, // U+FF08
    { 7, 21, 333, 0, 18, 19, 41768 }, // U+FF09
    { 5, 8, 333, 3, 5, 5, 41787 }, // U+FF0C
    { 4, 15, 333, 3, 14, 8, 41792 }, // U+FF1A
    { 10, 17, 333, 0, 16, 22, 41800 }, // U+FF1F
};

static constexpr auto& bevietnampro_10_boldIntervals = builtin_font_metadata::data_c5d1604a19cbeadd;

static const uint16_t bevietnampro_10_boldKernLeftCodepoints[] = {
    0x0022, 0x0023, 0x0024, 0x0025, 0x0027, 0x0029, 0x002C, 0x002E, 0x002F, 0x0030, 0x0032, 0x0033,
    0x0034, 0x0035, 0x0036, 0x0037, 0x0038, 0x0039, 0x003E, 0x0041, 0x0042, 0x0043, 0x0044, 0x0045,
    0x0046, 0x0048, 0x0049, 0x004A, 0x004B, 0x004C, 0x004D, 0x004E, 0x004F, 0x0050, 0x0052, 0x0053,
    0x0054, 0x0055, 0x0056, 0x0057, 0x0058, 0x0059, 0x005A, 0x005C, 0x0061, 0x0062, 0x0063, 0x0064,
    0x0065, 0x0066, 0x0067, 0x0068, 0x0069, 0x006A, 0x006B, 0x006C, 0x006D, 0x006E, 0x006F, 0x0070,
    0x0071, 0x0072, 0x0073, 0x0074, 0x0075, 0x0076, 0x0077, 0x0078, 0x0079, 0x007A, 0x00A3, 0x00A5,
    0x00A7, 0x00B5, 0x00C0, 0x00C1, 0x00C2, 0x00C3, 0x00C4, 0x00C5, 0x00C6, 0x00C7, 0x00C8, 0x00C9,
    0x00CA, 0x00CB, 0x00CC, 0x00CD, 0x00CE, 0x00CF, 0x00D0, 0x00D1, 0x00D2, 0x00D3, 0x00D4, 0x00D5,
    0x00D6, 0x00D8, 0x00D9, 0x00DA, 0x00DB, 0x00DC, 0x00DD, 0x00DF, 0x00E0, 0x00E1, 0x00E2, 0x00E3,
    0x00E4, 0x00E5, 0x00E6, 0x00E7, 0x00E8, 0x00E9, 0x00EA, 0x00EB, 0x00EC, 0x00ED, 0x00EE, 0x00EF,
    0x00F0, 0x00F1, 0x00F2, 0x00F3, 0x00F4, 0x00F5, 0x00F6, 0x00F9, 0x00FA, 0x00FB, 0x00FC, 0x00FD,
    0x00FE, 0x00FF, 0x0100, 0x0101, 0x0102, 0x0103, 0x0104, 0x0105, 0x0106, 0x0107, 0x010A, 0x010B,
    0x010C, 0x010D, 0x010E, 0x0110, 0x0111, 0x0112, 0x0113, 0x0116, 0x0117, 0x0118, 0x0119, 0x011A,
    0x011B, 0x011F, 0x0121, 0x0127, 0x0128, 0x0129, 0x012A, 0x012B, 0x012E, 0x012F, 0x0130, 0x0131,
    0x0136, 0x0139, 0x013A, 0x013B, 0x013D, 0x0141, 0x0143, 0x0144, 0x0147, 0x0148, 0x014C, 0x0150,
    0x0152, 0x0153, 0x0154, 0x0155, 0x0158, 0x0159, 0x015A, 0x015B, 0x015E, 0x015F, 0x0160, 0x0161,
    0x0162, 0x0163, 0x0164, 0x0165, 0x0166, 0x0167, 0x0168, 0x0169, 0x016A, 0x016B, 0x016E, 0x016F,
    0x0170, 0x0171, 0x0172, 0x0173, 0x0174, 0x0175, 0x0176, 0x0177, 0x0178, 0x0179, 0x017A, 0x017B,
    0x017C, 0x017D, 0x017E, 0x01A0, 0x01A1, 0x01AF, 0x01B0, 0x01E7, 0x021A, 0x05D0, 0x05D1, 0x05D2,
    0x05D3, 0x05D5, 0x05D6, 0x05D8, 0x05D9, 0x05DB, 0x05DC, 0x05DE, 0x05E0, 0x05E1, 0x05E2, 0x05E4,
    0x05E6, 0x05E8, 0x05E9, 0x05EA, 0x1EA0, 0x1EA1, 0x1EA2, 0x1EA3, 0x1EA4, 0x1EA5, 0x1EA6, 0x1EA7,
    0x1EA8, 0x1EA9, 0x1EAA, 0x1EAB, 0x1EAC, 0x1EAD, 0x1EAE, 0x1EAF, 0x1EB0, 0x1EB1, 0x1EB2, 0x1EB3,
    0x1EB4, 0x1EB5, 0x1EB6, 0x1EB7, 0x1EB8, 0x1EB9, 0x1EBA, 0x1EBB, 0x1EBC, 0x1EBD, 0x1EBE, 0x1EBF,
    0x1EC0, 0x1EC1, 0x1EC2, 0x1EC3, 0x1EC4, 0x1EC5, 0x1EC6, 0x1EC7, 0x1EC8, 0x1EC9, 0x1ECA, 0x1ECB,
    0x1ECC, 0x1ECD, 0x1ECE, 0x1ECF, 0x1ED0, 0x1ED1, 0x1ED2, 0x1ED3, 0x1ED4, 0x1ED5, 0x1ED6, 0x1ED7,
    0x1ED8, 0x1ED9, 0x1EDA, 0x1EDB, 0x1EDC, 0x1EDD, 0x1EDE, 0x1EDF, 0x1EE0, 0x1EE1, 0x1EE2, 0x1EE3,
    0x1EE4, 0x1EE5, 0x1EE6, 0x1EE7, 0x1EE8, 0x1EE9, 0x1EEA, 0x1EEB, 0x1EEC, 0x1EED, 0x1EEE, 0x1EEF,
    0x1EF0, 0x1EF1, 0x1EF2, 0x1EF3, 0x1EF4, 0x1EF5, 0x1EF6, 0x1EF7, 0x1EF8, 0x1EF9, 0x2019, 0xFB8C,
    0xFEAD, 0xFEAE, 0xFEAF,
};

static const uint8_t bevietnampro_10_boldKernLeftClassIds[] = {
      1,   2,   3,   4,   1,   4,   5,   5,   6,   7,   8,   9,  10,  11,  12,  13,
     14,  15,  16,  17,   9,  18,   4,  19,  20,  21,  21,  22,  23,  24,  21,  21,
      4,  25,  26,   3,  27,  22,  28,  28,  29,  30,  31,  32,  33,  34,  35,  21,
     34,  36,  37,  38,  39,  40,  41,  21,  38,  38,  34,  34,  42,  43,  44,  45,
     46,  47,  47,  48,  49,  50,   3,  30,   3,  51,  17,  17,  17,  17,  17,  17,
     19,   4,  19,  19,  19,  19,  21,  21,  21,  21,   4,  21,   4,   4,   4,   4,
      4,   4,  22,  22,  22,  22,  30,   9,  33,  33,  33,  33,  33,  33,  34,  52,
     34,  34,  34,  34,  39,  39,  39,  39,  53,  38,  34,  34,  34,  34,  34,  46,
     46,  46,  46,  49,  34,  49,  17,  33,  17,  33,  17,  33,   4,  52,   4,  52,
      4,  52,   4,   4,  53,  19,  34,  19,  34,  19,  34,  19,  34,  37,  37,  38,
     21,  39,  21,  39,  21,  39,  21,  39,  54,  24,  21,  55,  24,  24,  21,  38,
     21,  38,   4,   4,  19,  34,  26,  43,  26,  43,   3,  44,   3,  44,   3,  44,
     27,  51,  27,  51,  27,  51,  22,  46,  22,  46,  22,  46,  22,  46,  22,  46,
     28,  47,  30,  49,  30,  31,  50,  31,  50,  31,  50,   4,  56,  57,  58,  37,
     59,  60,  61,  62,  63,  64,  65,  66,  67,  68,  69,  70,  71,  72,  73,  74,
     75,  76,  77,  78,  17,  33,  17,  33,  17,  33,  17,  33,  17,  33,  17,  33,
     17,  33,  17,  33,  17,  33,  17,  33,  17,  33,  17,  33,  19,  34,  19,  34,
     19,  34,  19,  34,  19,  34,  19,  34,  19,  34,  19,  34,  21,  39,  21,  39,
      4,  34,   4,  34,   4,  34,   4,  34,   4,  34,   4,  34,   4,  34,   4,  56,
      4,  56,   4,  56,   4,  56,   4,  56,  22,  46,  22,  46,  57,  58,  57,  58,
     57,  58,  57,  58,  57,  58,  30,  49,  30,  49,  30,  49,  30,  49,  79,  80,
     80,  80,  80,
};

static const uint16_t bevietnampro_10_boldKernRightCodepoints[] = {
    0x0021, 0x0022, 0x0023, 0x0024, 0x0025, 0x0027, 0x0028, 0x0029, 0x002A, 0x002C, 0x002E, 0x002F,
    0x0030, 0x0031, 0x0032, 0x0033, 0x0034, 0x0035, 0x0036, 0x0037, 0x0038, 0x0039, 0x003E, 0x003F,
    0x0041, 0x0042, 0x0043, 0x0044, 0x0045, 0x0046, 0x0047, 0x0048, 0x0049, 0x004A, 0x004B, 0x004C,
    0x004D, 0x004E, 0x004F, 0x0050, 0x0051, 0x0052, 0x0053, 0x0054, 0x0055, 0x0056, 0x0057, 0x0058,
    0x0059, 0x005A, 0x005C, 0x0061, 0x0062, 0x0063, 0x0064, 0x0065, 0x0066, 0x0067, 0x0068, 0x0069,
    0x006A, 0x006B, 0x006C, 0x006D, 0x006E, 0x006F, 0x0070, 0x0071, 0x0072, 0x0073, 0x0074, 0x0075,
    0x0076, 0x0077, 0x0078, 0x0079, 0x007A, 0x007D, 0x00A3, 0x00A5, 0x00A7, 0x00B5, 0x00C0, 0x00C1,
    0x00C2, 0x00C3, 0x00C4, 0x00C5, 0x00C6, 0x00C7, 0x00C8, 0x00C9, 0x00CA, 0x00CB, 0x00CC, 0x00CD,
    0x00CE, 0x00CF, 0x00D1, 0x00D2, 0x00D3, 0x00D4, 0x00D5, 0x00D6, 0x00D8, 0x00D9, 0x00DA, 0x00DB,
    0x00DC, 0x00DD, 0x00DE, 0x00DF, 0x00E0, 0x00E1, 0x00E2, 0x00E3, 0x00E4, 0x00E5, 0x00E6, 0x00E7,
    0x00E8, 0x00E9, 0x00EA, 0x00EB, 0x00EC, 0x00ED, 0x00EE, 0x00EF, 0x00F0, 0x00F1, 0x00F2, 0x00F3,
    0x00F4, 0x00F5, 0x00F6, 0x00F9, 0x00FA, 0x00FB, 0x00FC, 0x00FD, 0x00FE, 0x00FF, 0x0100, 0x0101,
    0x0102, 0x0103, 0x0104, 0x0105, 0x0106, 0x0107, 0x010A, 0x010B, 0x010C, 0x010D, 0x010E, 0x010F,
    0x0111, 0x0112, 0x0113, 0x0116, 0x0117, 0x0118, 0x0119, 0x011A, 0x011B, 0x011E, 0x011F, 0x0120,
    0x0121, 0x0122, 0x0123, 0x0128, 0x0129, 0x012A, 0x012B, 0x012E, 0x012F, 0x0130, 0x0131, 0x0139,
    0x013A, 0x013D, 0x013E, 0x0143, 0x0144, 0x0146, 0x0147, 0x0148, 0x014C, 0x0150, 0x0152, 0x0153,
    0x0154, 0x0155, 0x0158, 0x0159, 0x015A, 0x015B, 0x015E, 0x015F, 0x0160, 0x0161, 0x0162, 0x0163,
    0x0164, 0x0165, 0x0166, 0x0167, 0x0168, 0x0169, 0x016A, 0x016B, 0x016E, 0x016F, 0x0170, 0x0171,
    0x0172, 0x0173, 0x0174, 0x0175, 0x0176, 0x0177, 0x0178, 0x0179, 0x017A, 0x017B, 0x017C, 0x017D,
    0x017E, 0x01A0, 0x01A1, 0x01AF, 0x01B0, 0x01E6, 0x01E7, 0x0219, 0x021A, 0x05D0, 0x05D1, 0x05D2,
    0x05D3, 0x05D4, 0x05D6, 0x05D7, 0x05D8, 0x05D9, 0x05DA, 0x05DB, 0x05DC, 0x05DD, 0x05DE, 0x05E1,
    0x05E2, 0x05E3, 0x05E4, 0x05E5, 0x05E7, 0x05E8, 0x05E9, 0x05EA, 0x06D5, 0x1EA0, 0x1EA1, 0x1EA2,
    0x1EA3, 0x1EA4, 0x1EA5, 0x1EA6, 0x1EA7, 0x1EA8, 0x1EA9, 0x1EAA, 0x1EAB, 0x1EAC, 0x1EAD, 0x1EAE,
    0x1EAF, 0x1EB0, 0x1EB1, 0x1EB2, 0x1EB3, 0x1EB4, 0x1EB5, 0x1EB6, 0x1EB7, 0x1EB8, 0x1EB9, 0x1EBA,
    0x1EBB, 0x1EBC, 0x1EBD, 0x1EBE, 0x1EBF, 0x1EC0, 0x1EC1, 0x1EC2, 0x1EC3, 0x1EC4, 0x1EC5, 0x1EC6,
    0x1EC7, 0x1EC8, 0x1EC9, 0x1ECA, 0x1ECB, 0x1ECC, 0x1ECD, 0x1ECE, 0x1ECF, 0x1ED0, 0x1ED1, 0x1ED2,
    0x1ED3, 0x1ED4, 0x1ED5, 0x1ED6, 0x1ED7, 0x1ED8, 0x1ED9, 0x1EDA, 0x1EDB, 0x1EDC, 0x1EDD, 0x1EDE,
    0x1EDF, 0x1EE0, 0x1EE1, 0x1EE2, 0x1EE3, 0x1EE4, 0x1EE5, 0x1EE6, 0x1EE7, 0x1EE8, 0x1EE9, 0x1EEA,
    0x1EEB, 0x1EEC, 0x1EED, 0x1EEE, 0x1EEF, 0x1EF0, 0x1EF1, 0x1EF2, 0x1EF3, 0x1EF4, 0x1EF5, 0x1EF6,
    0x1EF7, 0x1EF8, 0x1EF9, 0xFB8E, 0xFBA6, 0xFBAA, 0xFE8D, 0xFEA3, 0xFEA9, 0xFEB1, 0xFEB3, 0xFEB9,
    0xFEBB, 0xFEC1, 0xFEC3, 0xFEC9, 0xFECB, 0xFECD, 0xFEDB, 0xFEDF, 0xFEE1, 0xFEE3, 0xFEEB,
};

static const uint8_t bevietnampro_10_boldKernRightClassIds[] = {
      1,   2,   3,   4,   5,   6,   5,   7,   8,   9,   9,  10,  11,  12,  13,  14,
     15,  16,  17,  18,  19,  20,  21,  22,  23,  24,   5,  25,  24,  24,   5,  24,
     24,  26,  24,  24,  24,  24,   5,  24,   5,  24,   4,  27,  28,  29,  29,  30,
     31,  32,  33,  17,  24,  17,  17,  17,  34,  17,  24,  35,  36,  24,  24,  37,
     37,  17,  37,  17,  38,  39,  40,  41,  42,  42,  43,  44,  45,  46,   4,  31,
      4,  41,  23,  23,  23,  23,  23,  23,  23,   5,  24,  24,  24,  24,  24,  24,
     24,  24,  24,   5,   5,   5,   5,   5,   5,  28,  28,  28,  28,  31,  24,  24,
     17,  17,  17,  17,  17,  17,  47,  17,  17,  17,  17,  17,  48,  35,  35,  35,
     17,  35,  17,  17,  17,  17,  17,  41,  41,  41,  41,  44,  24,  44,  23,  17,
     23,  17,  23,  17,   5,  17,   5,  17,   5,  17,  25,  17,  17,  24,  17,  24,
     17,  24,  17,  24,  17,   5,  17,   5,  17,  49,  50,  24,  51,  24,  35,  24,
     35,  24,  35,  24,  24,  24,  24,  24,  35,  52,  24,  35,   5,   5,   5,  17,
     24,  38,  24,  38,   4,  39,   4,  39,   4,  39,  27,  40,  27,  40,  27,  40,
     28,  41,  28,  41,  28,  41,  28,  41,  28,  41,  29,  42,  31,  44,  31,  53,
     45,  53,  45,  53,  45,   5,  17,  28,  41,   5,  17,  54,  55,  56,  57,  58,
     59,  60,  61,  62,  63,  64,  65,  66,  67,  68,  69,  70,  71,  72,  73,  74,
     75,  76,  77,  78,  79,  23,  17,  23,  17,  23,  17,  23,  17,  23,  17,  23,
     17,  23,  17,  23,  17,  23,  17,  23,  17,  23,  17,  23,  17,  24,  17,  24,
     17,  24,  17,  24,  17,  24,  17,  24,  17,  24,  17,  24,  17,  24,  35,  24,
     35,   5,  17,   5,  17,   5,  17,   5,  17,   5,  17,   5,  17,   5,  17,   5,
     17,   5,  17,   5,  17,   5,  17,   5,  17,  28,  41,  28,  41,  28,  41,  28,
     41,  28,  41,  28,  41,  28,  41,  31,  44,  31,  44,  31,  44,  31,  44,  79,
     79,  79,  80,  79,  81,  81,  81,  81,  81,  81,  81,  82,  80,  82,  79,  80,
     79,  79,  79,
};

static const uint16_t bevietnampro_10_boldKernRowOffsets[] = {
        0,     3,     4,    16,    24,    27,    37,    45,    47,    58,    67,    68,    70,    96,    97,   102,
      104,   121,   129,   133,   144,   151,   155,   165,   175,   181,   194,   216,   232,   238,   258,   259,
      260,   275,   293,   300,   304,   308,   317,   318,   322,   329,   332,   346,   353,   361,   364,   378,
      382,   386,   390,   397,   403,   412,   413,   415,   418,   438,   469,   474,   480,   485,   492,   503,
      509,   510,   519,   530,   536,   546,   551,   554,   561,   563,   570,   577,   587,   594,   604,   606,
      610,
};

static const uint8_t bevietnampro_10_boldKernSparseCols[] = {
     17,  22,  30,  22,   3,   4,  10,  17,  18,  22,  24,  26,  28,  30,  42,  43,
     17,  22,  25,  26,  28,  29,  30,  35,   8,  20,  26,   9,  12,  13,  14,  16,
     17,  18,  26,  28,  30,  17,  22,  25,  26,  28,  29,  30,  35,  14,  17,   4,
      9,  10,  22,  26,  28,  29,  30,  35,  42,  43,  12,  17,  18,  22,  23,  26,
     28,  29,  30,  19,  17,  19,   4,   9,  10,  11,  12,  13,  14,  16,  17,  19,
     22,  24,  25,  26,  30,  34,  37,  38,  40,  41,  42,  43,  44,  46,  47,  50,
     17,  17,  22,  24,  37,  39,   8,  25,   1,   2,   3,   4,   5,  10,  16,  19,
     26,  28,  30,  33,  39,  40,  41,  43,  46,  17,  22,  25,  26,  28,  29,  30,
     35,   3,   4,  10,  16,   4,  10,  12,  14,  16,  22,  25,  30,  37,  44,  46,
     12,  13,  14,  16,  18,  19,  35,  22,  24,  28,  30,   3,   4,  10,  14,  16,
     39,  40,  41,  43,  46,   4,  10,  14,  16,  26,  28,  30,  40,  41,  43,  16,
     22,  25,  26,  35,  46,   3,   4,  10,  14,  16,  17,  26,  27,  28,  30,  40,
     41,  43,   3,   4,   8,   9,  10,  14,  16,  17,  22,  24,  25,  30,  36,  37,
     38,  40,  41,  42,  43,  44,  46,  50,   4,   9,  10,  14,  16,  22,  24,  25,
     28,  30,  36,  38,  40,  43,  46,  47,   4,  10,  14,  16,  40,  43,   3,   4,
      9,  10,  14,  16,  19,  22,  24,  25,  26,  28,  34,  35,  36,  40,  41,  46,
     47,  50,  40,  32,  16,  23,  26,  28,  30,  33,  34,  35,  36,  39,  40,  41,
     43,  47,  50,   4,  10,  16,  17,  22,  23,  26,  28,  29,  30,  33,  35,  36,
     39,  41,  42,  43,  46,  16,  26,  30,  35,  41,  43,  46,  16,  39,  40,  46,
     16,  24,  30,  35,  16,  17,  24,  26,  30,  35,  39,  41,  43,  24,  16,  24,
     30,  35,  16,  22,  26,  28,  30,  38,  46,  24,  30,  35,  16,  24,  25,  26,
     30,  33,  34,  39,  41,  42,  43,  46,  47,  50,  16,  23,  30,  38,  39,  41,
     43,   4,  10,  16,  24,  30,  33,  39,  43,  24,  30,  41,  16,  17,  22,  24,
     25,  30,  33,  38,  39,  41,  42,  43,  44,  46,  16,  26,  30,  46,  16,  38,
     39,  41,  16,  30,  35,  41,   4,  10,  16,  30,  33,  39,  43,  16,  26,  30,
     35,  41,  46,   7,  16,  23,  28,  33,  34,  46,  47,  50,  48,  48,  54,  34,
     47,  50,   1,   5,   6,  11,  12,  17,  23,  24,  26,  27,  28,  29,  30,  31,
     34,  35,  39,  45,  47,  50,   0,   1,   3,   4,   5,   6,   7,  10,  15,  16,
     21,  23,  24,  26,  27,  28,  31,  33,  34,  36,  38,  39,  40,  41,  42,  43,
     44,  46,  47,  50,  52,  48,  49,  51,  53,  54,  63,  65,  66,  72,  74,  76,
     58,  64,  69,  72,  75,  56,  62,  63,  65,  66,  68,  72,  56,  59,  62,  64,
     65,  67,  68,  69,  71,  72,  75,  56,  62,  67,  69,  72,  75,  56,  58,  62,
     64,  65,  71,  72,  73,  74,  75,  56,  59,  61,  62,  65,  67,  68,  69,  72,
     75,  77,  62,  65,  68,  69,  71,  72,  56,  57,  62,  64,  65,  69,  71,  72,
     76,  77,  65,  67,  68,  69,  72,  62,  63,  65,  62,  64,  66,  69,  71,  72,
     75,  62,  69,  64,  65,  66,  69,  71,  72,  76,  55,  56,  58,  63,  67,  69,
     72,  56,  62,  64,  65,  68,  69,  71,  72,  75,  77,  56,  62,  65,  67,  69,
     72,  75,  58,  60,  63,  65,  66,  68,  69,  70,  72,  76,  16,  38,  78,  79,
     80,  81,
};

static const int8_t bevietnampro_10_boldKernSparseValues[] = {
      10,  -13,   11,  -18,    4,    4,    4,    4,    4,   -9,    2,   -7,   -5,  -11,   -2,   -2,
      -1,  -13,  -17,  -15,   -7,  -14,  -15,  -12,  -11,    8,  -36,  -47,   -7,   -7,   -8,   -8,
      21,   -5,   13,   17,   16,   -1,  -13,  -17,  -29,   -7,  -14,  -15,  -12,   -4,    1,   -4,
      -9,   -4,   -3,   -9,  -12,  -11,  -17,  -12,   -6,   -5,   -3,  -11,    3,   -3,    5,  -21,
     -19,  -17,  -19,   -3,   -4,   -7,   -7,  -17,   -7,    3,   -3,   -4,  -25,  -21,    9,    4,
     -21,    7,  -33,    7,    8,   -7,  -17,  -17,  -17,   -7,   -7,  -17,   -7,  -21,   -7,   -7,
       1,    5,   -7,    5,    4,   10,  -13,  -26,  -13,   -3,   -8,  -11,  -13,  -11,   -5,   -4,
     -34,  -28,  -33,  -15,   -1,   -5,  -20,  -18,   -1,   -1,  -13,  -17,  -15,   -5,  -14,  -15,
     -12,   -1,   -4,   -4,   -3,  -11,  -11,  -11,  -18,  -19,  -29,  -39,    8,  -15,  -17,  -17,
       1,    5,    5,   -2,    3,    4,   -3,   -8,    2,    3,    4,  -12,  -20,  -20,  -18,  -15,
     -15,  -17,   -9,  -21,   -7,  -15,  -15,  -16,   -9,  -53,  -36,  -52,   -4,  -28,  -16,   -9,
     -25,  -32,   -6,   -1,   -6,   -5,  -11,  -11,  -15,  -17,   -8,  -12,   -8,  -12,  -13,  -19,
      -4,   -4,   -9,  -15,  -36,  -23,  -29,  -31,  -34,    7,  -33,   -1,  -43,    1,  -20,  -17,
     -12,  -23,  -35,  -33,  -24,  -33,  -26,    4,   -7,  -45,   -7,  -21,  -20,  -26,    6,  -37,
       5,    7,  -10,  -21,  -13,   -7,  -22,   13,  -14,  -14,  -17,  -13,  -12,   -8,  -11,   -7,
     -36,   -7,  -39,  -35,  -13,  -33,   -4,  -43,    1,    7,   -4,   -1,  -23,  -33,  -19,  -28,
      -4,   -4,   -4,  -47,    2,    1,  -11,  -10,  -15,   -3,    1,    4,    1,   -3,    2,   -7,
      -4,    1,    1,   -1,   -1,   -2,   -3,   -3,   -2,  -30,  -19,  -13,  -33,   -4,   -3,   -2,
      -3,   -9,  -10,  -10,   -1,   -2,  -30,  -30,  -16,   -9,   -8,   -7,   -6,   -1,    5,   -7,
      -3,    3,  -21,    4,   -2,   -8,    2,  -12,  -29,   -1,   -3,   -7,   -7,    2,   -3,    3,
     -33,    4,  -13,   -1,   -6,   -7,  -25,  -11,   -9,    2,  -25,   16,   -7,    5,  -22,  -13,
     -13,    1,    5,    2,    2,    5,    2,   -4,    5,    5,   -1,   -2,  -31,   -2,   -3,   -7,
     -11,   -1,   -1,   -3,    1,  -29,  -10,   -1,   -5,    2,  -23,    6,   -9,   -6,  -12,    4,
     -15,  -18,    8,   -7,    7,   12,    3,    2,   -4,   -9,  -12,  -33,  -15,   -5,  -11,   -7,
       5,    2,   -1,  -23,    4,   10,   -1,   -1,   -3,  -29,  -10,   -1,   -4,   -2,  -30,  -30,
     -16,   -9,   -7,    7,    3,    9,    8,    1,    9,   -4,   16,   18,   -7,   -7,   -7,    3,
       3,    3,   23,   23,   16,    8,    8,   23,   17,   18,   24,   16,   31,   22,   25,   24,
      20,   20,   13,   19,   20,   20,   27,   31,   24,   24,   32,   35,   28,   24,    5,    7,
      33,   24,   21,    8,   16,    7,    7,   23,   25,   17,    7,   22,   18,   24,   27,   26,
      23,   11,   25,   25,    7,   -7,  -23,  -17,  -20,    7,   -7,   -4,   -1,   -7,   -3,   -7,
      -2,   -2,   -8,   -8,   -3,    3,   -2,   -8,   -2,   -4,   -5,   -3,  -13,   -7,   -2,  -17,
     -11,   -3,   -2,   -8,  -17,  -11,  -11,   -4,   -4,   -3,   -5,   -7,   -7,   -2,   -2,   -7,
     -12,   -1,   -7,   -5,   -2,   -2,   -2,  -20,   -7,   -5,   -5,   -5,  -10,   -5,   -5,   -7,
      -7,   -7,   -2,   -2,   -4,   -4,   -7,   -7,  -13,   -2,   -2,  -10,   -7,   -2,  -15,   -4,
       3,   -1,   -7,   -2,   -7,   -8,   -9,   -4,   -6,   -3,   -2,  -10,   -2,   -2,   -4,   -2,
      -7,   -5,   -3,   -5,   -7,   -5,   -5,  -12,   -2,   -5,   -2,   -3,   -2,   -7,   -3,   -8,
      -7,  -13,   -7,  -10,   -2,   -5,   -7,  -10,   -7,   -7,   -8,   -9,   -2,   -9,   -5,   -7,
      -5,   -5,  -16,  -17,   -6,   -2,   -2,  -12,  -13,  -13,   -3,   -7,  -16,  -13,  -13,   -8,
     -10,   17,
};

static const EpdFontData bevietnampro_10_bold = {
    bevietnampro_10_boldBitmaps,
    bevietnampro_10_boldGlyphs,
    bevietnampro_10_boldIntervals,
    515,
    26,
    21,
    -6,
    false,
    nullptr,
    0,
    nullptr,
    nullptr,  // kernLeftClasses: built-in fonts use the split arrays below
    nullptr,  // kernRightClasses
    bevietnampro_10_boldKernLeftCodepoints,
    bevietnampro_10_boldKernLeftClassIds,
    bevietnampro_10_boldKernRightCodepoints,
    bevietnampro_10_boldKernRightClassIds,
    nullptr,  // kernMatrix: built-in fonts use the sparse form below
    bevietnampro_10_boldKernRowOffsets,
    bevietnampro_10_boldKernSparseCols,
    bevietnampro_10_boldKernSparseValues,
    339,
    371,
    80,
    82,
    nullptr,
    0,
};
