// Offline UI ink tuning: scripts/build_ui_ink.py; geometry preserved.
// Chinese UI charset SHA256: 3af59c8991e13a28ecfcf818705d335b2a2f885b99dad5d2f2f18c3685cc5456
// Noto Sans SC source SHA256: a3041811a78c361b1de50f953c805e0244951c21c5bd412f7232ef0d899af0da
/**
 * generated by fontconvert.py
 * name: bevietnampro_10_regular
 * size: 10
 * mode: 1-bit
 * Command used: lib/EpdFont/scripts/fontconvert.py bevietnampro_10_regular 10 ../builtinFonts/source/BeVietnamPro/BeVietnamPro-Regular.ttf ../builtinFonts/source/NotoSansHebrew/NotoSansHebrew-Regular.ttf ../builtinFonts/source/NotoSansArabic/NotoSansArabic-Regular.ttf <generated>/NotoSansSC-UI-400.ttf --additional-intervals 0x05D0,0x05EA --additional-intervals 0x060C,0x060C --additional-intervals 0x061B,0x061B --additional-intervals 0x061F,0x061F --additional-intervals 0x0621,0x0621 --additional-intervals 0x0640,0x0640 --additional-intervals 0x0654,0x0654 --additional-intervals 0x0660,0x0669 --additional-intervals 0x06BA,0x06BA --additional-intervals 0x06D4,0x06D4 --additional-intervals 0x06D5,0x06D5 --additional-intervals 0x06F0,0x06F9 --additional-intervals 0xFB56,0xFB59 --additional-intervals 0xFB66,0xFB69 --additional-intervals 0xFB7A,0xFB7D --additional-intervals 0xFB88,0xFB95 --additional-intervals 0xFB9E,0xFB9F --additional-intervals 0xFBA6,0xFBB1 --additional-intervals 0xFBFC,0xFBFF --additional-intervals 0xFE80,0xFEFC --additional-intervals 12289,12289 --additional-intervals 12290,12290 --additional-intervals 19968,19968 --additional-intervals 19978,19978 --additional-intervals 19979,19979 --additional-intervals 19981,19981 --additional-intervals 19982,19982 --additional-intervals 19988,19988 --additional-intervals 20002,20002 --additional-intervals 20004,20004 --additional-intervals 20010,20010 --additional-intervals 20013,20013 --additional-intervals 20018,20018 --additional-intervals 20026,20026 --additional-intervals 20027,20027 --additional-intervals 20041,20041 --additional-intervals 20043,20043 --additional-intervals 20064,20064 --additional-intervals 20070,20070 --additional-intervals 20108,20108 --additional-intervals 20110,20110 --additional-intervals 20114,20114 --additional-intervals 20132,20132 --additional-intervals 20142,20142 --additional-intervals 20154,20154 --additional-intervals 20165,20165 --additional-intervals 20170,20170 --additional-intervals 20174,20174 --additional-intervals 20182,20182 --additional-intervals 20197,20197 --additional-intervals 20214,20214 --additional-intervals 20219,20219 --additional-intervals 20241,20241 --additional-intervals 20256,20256 --additional-intervals 20272,20272 --additional-intervals 20301,20301 --additional-intervals 20307,20307 --additional-intervals 20313,20313 --additional-intervals 20316,20316 --additional-intervals 20320,20320 --additional-intervals 20351,20351 --additional-intervals 20379,20379 --additional-intervals 20391,20391 --additional-intervals 20415,20415 --additional-intervals 20445,20445 --additional-intervals 20449,20449 --additional-intervals 20462,20462 --additional-intervals 20498,20498 --additional-intervals 20540,20540 --additional-intervals 20542,20542 --additional-intervals 20559,20559 --additional-intervals 20648,20648 --additional-intervals 20803,20803 --additional-intervals 20808,20808 --additional-intervals 20809,20809 --additional-intervals 20837,20837 --additional-intervals 20840,20840 --additional-intervals 20845,20845 --additional-intervals 20851,20851 --additional-intervals 20854,20854 --additional-intervals 20855,20855 --additional-intervals 20856,20856 --additional-intervals 20869,20869 --additional-intervals 20876,20876 --additional-intervals 20877,20877 --additional-intervals 20889,20889 --additional-intervals 20934,20934 --additional-intervals 20945,20945 --additional-intervals 20986,20986 --additional-intervals 20998,20998 --additional-intervals 20999,20999 --additional-intervals 21015,21015 --additional-intervals 21019,21019 --additional-intervals 21021,21021 --additional-intervals 21024,21024 --additional-intervals 21040,21040 --additional-intervals 21046,21046 --additional-intervals 21047,21047 --additional-intervals 21069,21069 --additional-intervals 21097,21097 --additional-intervals 21098,21098 --additional-intervals 21151,21151 --additional-intervals 21152,21152 --additional-intervals 21153,21153 --additional-intervals 21160,21160 --additional-intervals 21247,21247 --additional-intervals 21253,21253 --additional-intervals 21305,21305 --additional-intervals 21306,21306 --additional-intervals 21333,21333 --additional-intervals 21344,21344 --additional-intervals 21345,21345 --additional-intervals 21363,21363 --additional-intervals 21387,21387 --additional-intervals 21407,21407 --additional-intervals 21453,21453 --additional-intervals 21457,21457 --additional-intervals 21462,21462 --additional-intervals 21475,21475 --additional-intervals 21487,21487 --additional-intervals 21491,21491 --additional-intervals 21495,21495 --additional-intervals 21508,21508 --additional-intervals 21516,21516 --additional-intervals 21517,21517 --additional-intervals 21518,21518 --additional-intervals 21521,21521 --additional-intervals 21542,21542 --additional-intervals 21547,21547 --additional-intervals 21551,21551 --additional-intervals 21578,21578 --additional-intervals 21608,21608 --additional-intervals 21629,21629 --additional-intervals 21644,21644 --additional-intervals 21704,21704 --additional-intervals 21796,21796 --additional-intervals 22120,22120 --additional-intervals 22235,22235 --additional-intervals 22238,22238 --additional-intervals 22240,22240 --additional-intervals 22260,22260 --additional-intervals 22266,22266 --additional-intervals 22270,22270 --additional-intervals 22278,22278 --additional-intervals 22312,22312 --additional-intervals 22320,22320 --additional-intervals 22336,22336 --additional-intervals 22343,22343 --additional-intervals 22402,22402 --additional-intervals 22522,22522 --additional-intervals 22686,22686 --additional-intervals 22791,22791 --additional-intervals 22797,22797 --additional-intervals 22810,22810 --additional-intervals 22812,22812 --additional-intervals 22823,22823 --additional-intervals 22825,22825 --additional-intervals 22833,22833 --additional-intervals 22836,22836 --additional-intervals 22841,22841 --additional-intervals 22987,22987 --additional-intervals 23383,23383 --additional-intervals 23384,23384 --additional-intervals 23433,23433 --additional-intervals 23436,23436 --additional-intervals 23450,23450 --additional-intervals 23478,23478 --additional-intervals 23481,23481 --additional-intervals 23485,23485 --additional-intervals 23494,23494 --additional-intervals 23545,23545 --additional-intervals 23553,23553 --additional-intervals 23558,23558 --additional-intervals 23567,23567 --additional-intervals 23569,23569 --additional-intervals 23578,23578 --additional-intervals 23601,23601 --additional-intervals 23616,23616 --additional-intervals 23621,23621 --additional-intervals 23631,23631 --additional-intervals 24037,24037 --additional-intervals 24038,24038 --additional-intervals 24050,24050 --additional-intervals 24067,24067 --additional-intervals 24076,24076 --additional-intervals 24102,24102 --additional-intervals 24149,24149 --additional-intervals 24179,24179 --additional-intervals 24182,24182 --additional-intervals 24207,24207 --additional-intervals 24212,24212 --additional-intervals 24213,24213 --additional-intervals 24230,24230 --additional-intervals 24314,24314 --additional-intervals 24320,24320 --additional-intervals 24335,24335 --additional-intervals 24341,24341 --additional-intervals 24377,24377 --additional-intervals 24403,24403 --additional-intervals 24405,24405 --additional-intervals 24471,24471 --additional-intervals 24536,24536 --additional-intervals 24555,24555 --additional-intervals 24573,24573 --additional-intervals 24577,24577 --additional-intervals 24674,24674 --additional-intervals 24687,24687 --additional-intervals 24773,24773 --additional-intervals 24815,24815 --additional-intervals 24847,24847 --additional-intervals 24930,24930 --additional-intervals 25104,25104 --additional-intervals 25110,25110 --additional-intervals 25130,25130 --additional-intervals 25143,25143 --additional-intervals 25152,25152 --additional-intervals 25163,25163 --additional-intervals 25171,25171 --additional-intervals 25195,25195 --additional-intervals 25214,25214 --additional-intervals 25239,25239 --additional-intervals 25253,25253 --additional-intervals 25300,25300 --additional-intervals 25321,25321 --additional-intervals 25345,25345 --additional-intervals 25351,25351 --additional-intervals 25353,25353 --additional-intervals 25381,25381 --additional-intervals 25442,25442 --additional-intervals 25454,25454 --additional-intervals 25490,25490 --additional-intervals 25509,25509 --additional-intervals 25511,25511 --additional-intervals 25512,25512 --additional-intervals 25551,25551 --additional-intervals 25552,25552 --additional-intervals 25554,25554 --additional-intervals 25628,25628 --additional-intervals 25688,25688 --additional-intervals 25805,25805 --additional-intervals 25910,25910 --additional-intervals 25913,25913 --additional-intervals 25918,25918 --additional-intervals 25928,25928 --additional-intervals 25968,25968 --additional-intervals 25972,25972 --additional-intervals 25991,25991 --additional-intervals 26012,26012 --additional-intervals 26029,26029 --additional-intervals 26032,26032 --additional-intervals 26041,26041 --additional-intervals 26080,26080 --additional-intervals 26085,26085 --additional-intervals 26089,26089 --additional-intervals 26102,26102 --additional-intervals 26126,26126 --additional-intervals 26159,26159 --additional-intervals 26174,26174 --additional-intervals 26224,26224 --additional-intervals 26234,26234 --additional-intervals 26242,26242 --additional-intervals 26356,26356 --additional-intervals 26368,26368 --additional-intervals 26377,26377 --additional-intervals 26381,26381 --additional-intervals 26399,26399 --additional-intervals 26410,26410 --additional-intervals 26411,26411 --additional-intervals 26412,26412 --additional-intervals 26426,26426 --additional-intervals 26465,26465 --additional-intervals 26469,26469 --additional-intervals 26494,26494 --additional-intervals 26512,26512 --additional-intervals 26524,26524 --additional-intervals 26597,26597 --additional-intervals 26631,26631 --additional-intervals 26639,26639 --additional-intervals 26679,26679 --additional-intervals 26681,26681 --additional-intervals 26684,26684 --additional-intervals 26694,26694 --additional-intervals 26723,26723 --additional-intervals 26816,26816 --additional-intervals 27169,27169 --additional-intervals 27178,27178 --additional-intervals 27425,27425 --additional-intervals 27491,27491 --additional-intervals 27492,27492 --additional-intervals 27493,27493 --additional-intervals 27573,27573 --additional-intervals 27599,27599 --additional-intervals 27604,27604 --additional-intervals 27700,27700 --additional-intervals 27785,27785 --additional-intervals 27809,27809 --additional-intervals 27861,27861 --additional-intervals 27880,27880 --additional-intervals 27963,27963 --additional-intervals 27973,27973 --additional-intervals 27983,27983 --additional-intervals 28040,28040 --additional-intervals 28145,28145 --additional-intervals 28155,28155 --additional-intervals 28165,28165 --additional-intervals 28176,28176 --additional-intervals 28201,28201 --additional-intervals 28304,28304 --additional-intervals 28369,28369 --additional-intervals 28388,28388 --additional-intervals 28783,28783 --additional-intervals 28857,28857 --additional-intervals 28909,28909 --additional-intervals 28982,28982 --additional-intervals 29255,29255 --additional-intervals 29256,29256 --additional-intervals 29273,29273 --additional-intervals 29366,29366 --additional-intervals 29483,29483 --additional-intervals 29575,29575 --additional-intervals 29616,29616 --additional-intervals 29702,29702 --additional-intervals 29992,29992 --additional-intervals 30005,30005 --additional-intervals 30011,30011 --additional-intervals 30028,30028 --additional-intervals 30041,30041 --additional-intervals 30053,30053 --additional-intervals 30331,30331 --additional-intervals 30334,30334 --additional-intervals 30340,30340 --additional-intervals 30424,30424 --additional-intervals 30446,30446 --additional-intervals 30452,30452 --additional-intervals 30475,30475 --additional-intervals 30496,30496 --additional-intervals 30528,30528 --additional-intervals 30561,30561 --additional-intervals 30701,30701 --additional-intervals 30721,30721 --additional-intervals 30830,30830 --additional-intervals 31034,31034 --additional-intervals 31105,31105 --additional-intervals 31186,31186 --additional-intervals 31216,31216 --additional-intervals 31227,31227 --additional-intervals 31243,31243 --additional-intervals 31354,31354 --additional-intervals 31435,31435 --additional-intervals 31446,31446 --additional-intervals 31456,31456 --additional-intervals 31471,31471 --additional-intervals 31526,31526 --additional-intervals 31532,31532 --additional-intervals 31614,31614 --additional-intervals 31616,31616 --additional-intervals 31639,31639 --additional-intervals 31649,31649 --additional-intervals 31661,31661 --additional-intervals 31821,31821 --additional-intervals 31895,31895 --additional-intervals 31995,31995 --additional-intervals 32034,32034 --additional-intervals 32039,32039 --additional-intervals 32447,32447 --additional-intervals 32454,32454 --additional-intervals 32456,32456 --additional-intervals 32467,32467 --additional-intervals 32476,32476 --additional-intervals 32479,32479 --additional-intervals 32487,32487 --additional-intervals 32490,32490 --additional-intervals 32493,32493 --additional-intervals 32500,32500 --additional-intervals 32531,32531 --additional-intervals 32534,32534 --additional-intervals 32541,32541 --additional-intervals 32553,32553 --additional-intervals 32593,32593 --additional-intervals 32622,32622 --additional-intervals 32763,32763 --additional-intervals 32773,32773 --additional-intervals 33021,33021 --additional-intervals 33041,33041 --additional-intervals 33050,33050 --additional-intervals 33258,33258 --additional-intervals 33267,33267 --additional-intervals 33394,33394 --additional-intervals 33410,33410 --additional-intervals 33509,33509 --additional-intervals 33521,33521 --additional-intervals 33539,33539 --additional-intervals 33616,33616 --additional-intervals 33719,33719 --additional-intervals 33756,33756 --additional-intervals 33853,33853 --additional-intervals 34013,34013 --additional-intervals 34255,34255 --additional-intervals 34892,34892 --additional-intervals 34920,34920 --additional-intervals 34987,34987 --additional-intervals 35009,35009 --additional-intervals 35013,35013 --additional-intervals 35114,35114 --additional-intervals 35201,35201 --additional-intervals 35265,35265 --additional-intervals 35272,35272 --additional-intervals 35299,35299 --additional-intervals 35302,35302 --additional-intervals 35328,35328 --additional-intervals 35745,35745 --additional-intervals 35748,35748 --additional-intervals 35758,35758 --additional-intervals 35760,35760 --additional-intervals 35774,35774 --additional-intervals 35777,35777 --additional-intervals 35789,35789 --additional-intervals 35797,35797 --additional-intervals 35810,35810 --additional-intervals 35814,35814 --additional-intervals 35821,35821 --additional-intervals 35823,35823 --additional-intervals 35828,35828 --additional-intervals 35831,35831 --additional-intervals 35835,35835 --additional-intervals 35843,35843 --additional-intervals 36133,36133 --additional-intervals 36134,36134 --additional-intervals 36215,36215 --additional-intervals 36229,36229 --additional-intervals 36275,36275 --additional-intervals 36291,36291 --additional-intervals 36305,36305 --additional-intervals 36317,36317 --additional-intervals 36319,36319 --additional-intervals 36339,36339 --additional-intervals 36716,36716 --additional-intervals 36731,36731 --additional-intervals 36733,36733 --additional-intervals 36739,36739 --additional-intervals 36755,36755 --additional-intervals 36793,36793 --additional-intervals 36798,36798 --additional-intervals 36807,36807 --additional-intervals 36817,36817 --additional-intervals 36820,36820 --additional-intervals 36824,36824 --additional-intervals 36825,36825 --additional-intervals 36827,36827 --additional-intervals 36828,36828 --additional-intervals 36830,36830 --additional-intervals 36864,36864 --additional-intervals 36865,36865 --additional-intervals 36866,36866 --additional-intervals 36870,36870 --additional-intervals 36873,36873 --additional-intervals 36879,36879 --additional-intervals 36890,36890 --additional-intervals 36895,36895 --additional-intervals 37096,37096 --additional-intervals 37117,37117 --additional-intervals 37197,37197 --additional-intervals 37266,37266 --additional-intervals 37322,37322 --additional-intervals 37325,37325 --additional-intervals 37327,37327 --additional-intervals 38024,38024 --additional-intervals 38047,38047 --additional-intervals 38142,38142 --additional-intervals 38169,38169 --additional-intervals 38190,38190 --additional-intervals 38191,38191 --additional-intervals 38236,38236 --additional-intervals 38271,38271 --additional-intervals 38381,38381 --additional-intervals 38382,38382 --additional-intervals 38388,38388 --additional-intervals 38405,38405 --additional-intervals 38451,38451 --additional-intervals 38468,38468 --additional-intervals 38500,38500 --additional-intervals 38543,38543 --additional-intervals 38544,38544 --additional-intervals 38656,38656 --additional-intervals 38754,38754 --additional-intervals 39029,39029 --additional-intervals 39030,39030 --additional-intervals 39033,39033 --additional-intervals 39034,39034 --additional-intervals 39044,39044 --additional-intervals 39057,39057 --additional-intervals 39064,39064 --additional-intervals 39304,39304 --additional-intervals 39318,39318 --additional-intervals 39564,39564 --additional-intervals 40479,40479 --additional-intervals 40560,40560 --additional-intervals 40664,40664 --additional-intervals 40784,40784 --additional-intervals 40831,40831 --additional-intervals 65281,65281 --additional-intervals 65288,65288 --additional-intervals 65289,65289 --additional-intervals 65292,65292 --additional-intervals 65306,65306 --additional-intervals 65311,65311
 */
#pragma once
#include "builtin_font_metadata.h"
#include "EpdFontData.h"

static const uint8_t bevietnampro_10_regularBitmaps[39639] = {
    0x66, 0x66, 0x66, 0x66, 0x66, 0x60, 0x6F, 0x60, 0xFF, 0xFD, 0xB6, 0x07, 0x38, 0x0E, 0x70, 0x18,
    0xE0, 0x71, 0x87, 0xFF, 0xEF, 0xFF, 0xC3, 0x9C, 0x06, 0x38, 0x1C, 0x61, 0xFF, 0xFB, 0xFF, 0xF0,
    0xE7, 0x01, 0x8E, 0x07, 0x18, 0x0E, 0x70, 0x00, 0x06, 0x00, 0x60, 0x3F, 0xC7, 0xFE, 0xF6, 0xEE,
    0x6F, 0xE6, 0x6F, 0xE0, 0x7F, 0x03, 0xFC, 0x07, 0xE0, 0x6F, 0xE6, 0x7E, 0x67, 0xF6, 0xF7, 0xFE,
    0x3F, 0xC0, 0x60, 0x06, 0x00, 0x7C, 0x38, 0xFE, 0x38, 0xC6, 0x70, 0xEE, 0x60, 0xFE, 0xE0, 0x7C,
    0xC0, 0x01, 0xC0, 0x01, 0x80, 0x03, 0x80, 0x07, 0x3E, 0x07, 0x7F, 0x0E, 0x67, 0x0E, 0x63, 0x1C,
    0x77, 0x18, 0x3E, 0x1F, 0x00, 0xFE, 0x03, 0xBC, 0x1C, 0x70, 0x3B, 0x80, 0xFE, 0x03, 0xE3, 0x9F,
    0xCE, 0xF7, 0xBB, 0x8E, 0xEE, 0x1F, 0x38, 0x3C, 0xF1, 0xF1, 0xFF, 0xE3, 0xFB, 0xC0, 0xFF, 0x60,
    0x03, 0x0F, 0x1F, 0x3C, 0x78, 0x70, 0x70, 0xE0, 0xE0, 0xE0, 0xE0, 0xE0, 0xE0, 0xE0, 0xE0, 0xE0,
    0x70, 0x70, 0x38, 0x3C, 0x1F, 0x0F, 0x00, 0x40, 0x38, 0x1E, 0x07, 0x81, 0xE0, 0x70, 0x1C, 0x0E,
    0x07, 0x03, 0x80, 0xC0, 0x70, 0x30, 0x38, 0x1C, 0x0E, 0x07, 0x07, 0x07, 0x87, 0x87, 0x83, 0x80,
    0x00, 0x0C, 0x03, 0x07, 0xFD, 0xFF, 0x3F, 0x07, 0xC3, 0xB0, 0xCE, 0x00, 0x00, 0x1C, 0x0E, 0x07,
    0x1F, 0xFF, 0xF8, 0xE0, 0x70, 0x38, 0x77, 0x76, 0x40, 0xFF, 0xFF, 0xC0, 0x6F, 0x70, 0x00, 0xC0,
    0x38, 0x07, 0x01, 0xC0, 0x38, 0x07, 0x01, 0xC0, 0x38, 0x07, 0x01, 0xC0, 0x38, 0x06, 0x01, 0xC0,
    0x38, 0x0E, 0x01, 0xC0, 0x38, 0x0E, 0x01, 0xC0, 0x38, 0x00, 0x1F, 0x81, 0xFE, 0x1E, 0x78, 0xE0,
    0xEE, 0x07, 0x70, 0x3B, 0x81, 0xDC, 0x07, 0xE0, 0x77, 0x03, 0xB8, 0x1C, 0xE0, 0xE7, 0x9E, 0x1F,
    0xE0, 0x7E, 0x00, 0x0C, 0xF7, 0xDF, 0x1C, 0x71, 0xC7, 0x1C, 0x71, 0xC7, 0x1C, 0x71, 0xC0, 0x1F,
    0x83, 0xFC, 0x79, 0xEF, 0x0E, 0xE0, 0xE0, 0x0E, 0x00, 0xE0, 0x1C, 0x03, 0xC0, 0x78, 0x0F, 0x03,
    0xC0, 0x78, 0x0F, 0xFF, 0xFF, 0xF0, 0x1F, 0x87, 0xFE, 0x79, 0xEF, 0x0E, 0x60, 0xE0, 0x1E, 0x0F,
    0xC0, 0xFC, 0x01, 0xE0, 0x0F, 0xE0, 0x7E, 0x0F, 0x79, 0xE7, 0xFE, 0x1F, 0x80, 0x03, 0xC0, 0x1E,
    0x01, 0xF0, 0x1F, 0x80, 0xFC, 0x0E, 0xE0, 0xE7, 0x0F, 0x38, 0x71, 0xC7, 0x0E, 0x3F, 0xFF, 0xFF,
    0xF0, 0x1C, 0x00, 0xE0, 0x07, 0x00, 0x3F, 0xE7, 0xFE, 0x70, 0x07, 0x00, 0x6F, 0x87, 0xFC, 0x79,
    0xEE, 0x0E, 0x00, 0x70, 0x07, 0xE0, 0x7E, 0x06, 0x70, 0xE7, 0xFC, 0x3F, 0x80, 0x07, 0xE1, 0xFE,
    0x3E, 0x07, 0x80, 0x70, 0x07, 0xFC, 0xFF, 0xEF, 0x8F, 0xF0, 0x7F, 0x07, 0xF0, 0x77, 0x07, 0x78,
    0xF3, 0xFE, 0x1F, 0xC0, 0xFF, 0xFF, 0xFC, 0x07, 0x00, 0xE0, 0x38, 0x0E, 0x01, 0xC0, 0x70, 0x0E,
    0x01, 0x80, 0x70, 0x0E, 0x01, 0xC0, 0x30, 0x0E, 0x00, 0x3F, 0x87, 0xFC, 0x79, 0xEE, 0x0E, 0xE0,
    0xE7, 0x9E, 0x7F, 0xC3, 0xFC, 0x79, 0xEE, 0x0E, 0xE0, 0x7E, 0x0F, 0xF9, 0xE7, 0xFE, 0x3F, 0x80,
    0x1F, 0x83, 0xFC, 0x79, 0xEE, 0x0F, 0xE0, 0x7E, 0x07, 0xE0, 0xF7, 0x9F, 0x3F, 0xF1, 0xF7, 0x00,
    0xE0, 0x0E, 0x03, 0xC7, 0xF8, 0x7F, 0x00, 0x7F, 0x60, 0x00, 0x00, 0x6F, 0x70, 0x7F, 0x70, 0x00,
    0x00, 0x77, 0x73, 0x64, 0x00, 0x81, 0xC3, 0xE7, 0xCF, 0x87, 0xC0, 0xFC, 0x1F, 0x03, 0x80, 0x40,
    0xFF, 0xFF, 0xFC, 0x00, 0x00, 0x0F, 0xFF, 0xFF, 0xC0, 0xC0, 0x78, 0x1F, 0x07, 0xE0, 0x78, 0x7C,
    0xFD, 0xF8, 0xF0, 0x60, 0x00, 0x3F, 0x1F, 0xEE, 0x1F, 0x87, 0xC0, 0xC0, 0x70, 0x38, 0x1C, 0x0E,
    0x07, 0x01, 0xC0, 0x00, 0x0C, 0x07, 0x01, 0xC0, 0x07, 0xFC, 0x01, 0xFF, 0xE0, 0xFC, 0x3E, 0x1C,
    0x01, 0xE7, 0x3F, 0xDF, 0xCF, 0xF9, 0xF9, 0xCF, 0x1F, 0x38, 0xE3, 0xE6, 0x1C, 0x7C, 0xE3, 0x8F,
    0x9C, 0xFB, 0xF3, 0xFF, 0xFE, 0x3E, 0x7C, 0xE0, 0x00, 0x0E, 0x00, 0x01, 0xF8, 0x70, 0x0F, 0xFF,
    0x00, 0xFF, 0x80, 0x03, 0xC0, 0x0F, 0x80, 0x1F, 0x00, 0x3F, 0x00, 0xEE, 0x01, 0xCC, 0x03, 0x1C,
    0x0E, 0x38, 0x1C, 0x38, 0x3F, 0xF0, 0xFF, 0xE1, 0xC0, 0xE7, 0x01, 0xCE, 0x03, 0x9C, 0x03, 0x80,
    0xFF, 0xCF, 0xFE, 0xE0, 0xFE, 0x07, 0xE0, 0x7E, 0x0E, 0xFF, 0xEF, 0xFE, 0xE0, 0xFE, 0x07, 0xE0,
    0x3E, 0x07, 0xE0, 0x7F, 0xFE, 0xFF, 0xC0, 0x0F, 0xE0, 0x7F, 0xF1, 0xF1, 0xE3, 0x80, 0xEF, 0x01,
    0xDC, 0x00, 0x38, 0x00, 0x70, 0x00, 0xE0, 0x01, 0xC0, 0x03, 0xC0, 0x73, 0x80, 0xE7, 0xC7, 0x87,
    0xFF, 0x03, 0xF8, 0x00, 0xFF, 0x83, 0xFF, 0x8E, 0x1F, 0x38, 0x1E, 0xE0, 0x3B, 0x80, 0xEE, 0x01,
    0xF8, 0x07, 0xE0, 0x1F, 0x80, 0xEE, 0x03, 0xB8, 0x1E, 0xE1, 0xF3, 0xFF, 0x8F, 0xF8, 0x00, 0xFF,
    0xFF, 0xFF, 0x80, 0x70, 0x0E, 0x01, 0xC0, 0x3F, 0xF7, 0xFE, 0xE0, 0x1C, 0x03, 0x80, 0x70, 0x0E,
    0x01, 0xFF, 0xFF, 0xF8, 0xFF, 0xFF, 0xFF, 0x80, 0x70, 0x0E, 0x01, 0xC0, 0x38, 0x07, 0xFE, 0xFF,
    0xDC, 0x03, 0x80, 0x70, 0x0E, 0x01, 0xC0, 0x38, 0x00, 0x0F, 0xE0, 0x7F, 0xF1, 0xF1, 0xF3, 0x80,
    0xEF, 0x01, 0xDC, 0x00, 0x38, 0x00, 0x70, 0xFF, 0xE1, 0xFF, 0xC0, 0x1F, 0xC0, 0x73, 0x80, 0xE7,
    0xC7, 0x87, 0xFF, 0x03, 0xF8, 0x00, 0xE0, 0x3F, 0x01, 0xF8, 0x0F, 0xC0, 0x7E, 0x03, 0xF0, 0x1F,
    0xFF, 0xFF, 0xFF, 0xE0, 0x3F, 0x01, 0xF8, 0x0F, 0xC0, 0x7E, 0x03, 0xF0, 0x1F, 0x80, 0xE0, 0xFF,
    0xFF, 0xFF, 0xFF, 0xFF, 0xF8, 0x03, 0x01, 0x80, 0xC0, 0x60, 0x30, 0x18, 0x0C, 0x06, 0x03, 0x01,
    0x80, 0xC0, 0xE0, 0xF7, 0xF3, 0xF0, 0xE0, 0xFF, 0x0F, 0xB8, 0x79, 0xC7, 0x8E, 0x78, 0x77, 0x83,
    0xF8, 0x1F, 0x80, 0xFE, 0x07, 0x78, 0x39, 0xE1, 0xC7, 0x8E, 0x1E, 0x70, 0x7B, 0x81, 0xE0, 0xE0,
    0x1C, 0x03, 0x80, 0x70, 0x0E, 0x01, 0xC0, 0x38, 0x07, 0x00, 0xE0, 0x1C, 0x03, 0x80, 0x70, 0x0E,
    0x01, 0xFF, 0xFF, 0xF8, 0xF0, 0x0F, 0xF8, 0x1F, 0xF8, 0x1F, 0xFC, 0x3F, 0xFC, 0x3F, 0xEE, 0x7F,
    0xEE, 0x77, 0xE7, 0xE7, 0xE7, 0xE7, 0xE3, 0xC7, 0xE3, 0xC7, 0xE1, 0x87, 0xE0, 0x07, 0xE0, 0x07,
    0xE0, 0x07, 0xE0, 0x3F, 0x81, 0xFE, 0x0F, 0xF8, 0x7F, 0xC3, 0xFF, 0x1F, 0xBC, 0xFC, 0xE7, 0xE3,
    0xBF, 0x1F, 0xF8, 0x7F, 0xC1, 0xFE, 0x07, 0xF0, 0x3F, 0x80, 0xE0, 0x0F, 0xE0, 0x3F, 0xF8, 0x3C,
    0x3C, 0x70, 0x1C, 0xE0, 0x0E, 0xE0, 0x0E, 0xE0, 0x06, 0xE0, 0x07, 0xE0, 0x06, 0xE0, 0x0E, 0xE0,
    0x0E, 0x70, 0x1C, 0x3C, 0x3C, 0x3F, 0xF8, 0x0F, 0xE0, 0xFF, 0xCF, 0xFE, 0xE0, 0xFE, 0x07, 0xE0,
    0x7E, 0x07, 0xE0, 0x7E, 0x1F, 0xFF, 0xEF, 0xFC, 0xE0, 0x0E, 0x00, 0xE0, 0x0E, 0x00, 0xE0, 0x00,
    0x0F, 0xE0, 0x3F, 0xF8, 0x3C, 0x3C, 0x70, 0x1C, 0xE0, 0x0E, 0xE0, 0x0E, 0xE0, 0x06, 0xE0, 0x07,
    0xE0, 0x06, 0xE0, 0xCE, 0xE0, 0xEE, 0x70, 0x7E, 0x3C, 0x3C, 0x3F, 0xFE, 0x0F, 0xEF, 0xFF, 0x8F,
    0xFE, 0xE0, 0xEE, 0x0F, 0xE0, 0x7E, 0x0F, 0xE1, 0xEF, 0xFE, 0xFF, 0x8E, 0x38, 0xE3, 0xCE, 0x1C,
    0xE0, 0xEE, 0x0E, 0xE0, 0x70, 0x3F, 0x87, 0xFC, 0xF9, 0xEE, 0x0E, 0xE0, 0x6F, 0x80, 0x7F, 0x83,
    0xFE, 0x07, 0xE0, 0x0F, 0xE0, 0x7E, 0x07, 0xF9, 0xF7, 0xFE, 0x3F, 0xC0, 0x7F, 0xFB, 0xFF, 0xC1,
    0xC0, 0x0E, 0x00, 0x70, 0x03, 0x80, 0x1C, 0x00, 0xE0, 0x07, 0x00, 0x38, 0x01, 0xC0, 0x0E, 0x00,
    0x70, 0x03, 0x80, 0x1C, 0x00, 0xE0, 0x3F, 0x01, 0xF8, 0x0F, 0xC0, 0x7E, 0x03, 0xF0, 0x1F, 0x80,
    0xFC, 0x07, 0xE0, 0x3F, 0x01, 0xF8, 0x0E, 0xE0, 0xF7, 0x8F, 0x1F, 0xF0, 0x7F, 0x00, 0xF0, 0x0E,
    0xE0, 0x39, 0xC0, 0x71, 0xC1, 0xE3, 0x83, 0x87, 0x07, 0x07, 0x1C, 0x0E, 0x38, 0x1C, 0x70, 0x1D,
    0xC0, 0x3B, 0x80, 0x7F, 0x00, 0x7C, 0x00, 0xF8, 0x00, 0xF0, 0x00, 0x70, 0x70, 0x3B, 0x83, 0xC3,
    0xDC, 0x1E, 0x1C, 0xE1, 0xF0, 0xE3, 0x8F, 0xC7, 0x1C, 0x7E, 0x78, 0xE7, 0x73, 0x87, 0xBB, 0x9C,
    0x1D, 0xCE, 0xE0, 0xEE, 0x7E, 0x07, 0xE3, 0xF0, 0x1F, 0x1F, 0x80, 0xF8, 0x7C, 0x07, 0x83, 0xC0,
    0x3C, 0x1E, 0x00, 0xF0, 0x3B, 0x83, 0xDE, 0x1C, 0x79, 0xC1, 0xDE, 0x0F, 0xE0, 0x3E, 0x00, 0xF0,
    0x0F, 0x80, 0xFE, 0x07, 0x78, 0x79, 0xC7, 0x8F, 0x38, 0x3F, 0xC0, 0xE0, 0xF0, 0x1D, 0xC0, 0xE3,
    0x87, 0x8E, 0x1C, 0x1C, 0xF0, 0x73, 0x80, 0xFE, 0x03, 0xF0, 0x07, 0x80, 0x1E, 0x00, 0x38, 0x00,
    0xE0, 0x03, 0x80, 0x0E, 0x00, 0x38, 0x00, 0xFF, 0xFF, 0xFF, 0x00, 0xE0, 0x1E, 0x03, 0xC0, 0x38,
    0x07, 0x00, 0xF0, 0x1E, 0x01, 0xC0, 0x38, 0x07, 0x80, 0x70, 0x0F, 0xFF, 0xFF, 0xF0, 0xFF, 0xFF,
    0x87, 0x0E, 0x1C, 0x38, 0x70, 0xE1, 0xC3, 0x87, 0x0E, 0x1C, 0x38, 0x70, 0xE1, 0xC3, 0x87, 0xFF,
    0xE0, 0xE0, 0x38, 0x07, 0x01, 0xC0, 0x70, 0x0E, 0x03, 0x80, 0x70, 0x1C, 0x07, 0x00, 0xE0, 0x38,
    0x0E, 0x01, 0xC0, 0x70, 0x1C, 0x03, 0x80, 0xE0, 0x1C, 0x07, 0xFF, 0xFC, 0x18, 0x30, 0x60, 0xC1,
    0x83, 0x06, 0x0C, 0x18, 0x30, 0x60, 0xC1, 0x83, 0x06, 0x0C, 0x1F, 0xFF, 0xE0, 0x18, 0x3C, 0x7E,
    0xE7, 0xFF, 0xFF, 0xFC, 0xE3, 0x8C, 0x70, 0x3F, 0x67, 0xFE, 0x71, 0xEE, 0x0E, 0xE0, 0xEE, 0x06,
    0xE0, 0xEE, 0x0E, 0x71, 0xE7, 0xFE, 0x3F, 0x60, 0xE0, 0x0E, 0x00, 0xE0, 0x0E, 0x00, 0xEF, 0x8F,
    0xFC, 0xF9, 0xEF, 0x0F, 0xE0, 0x7E, 0x07, 0xE0, 0x7F, 0x0F, 0xF9, 0xEF, 0xFC, 0xEF, 0x80, 0x1F,
    0x8F, 0xF9, 0xE7, 0xF0, 0x7E, 0x01, 0xC0, 0x38, 0x07, 0x07, 0x79, 0xEF, 0xF8, 0x7E, 0x00, 0x00,
    0x60, 0x06, 0x00, 0x60, 0x06, 0x3F, 0x67, 0xFE, 0x71, 0xEE, 0x0E, 0xE0, 0xEE, 0x06, 0xE0, 0xEE,
    0x0E, 0x71, 0xE7, 0xFE, 0x3F, 0x60, 0x3F, 0x8F, 0xF9, 0xEF, 0x70, 0x7F, 0xFF, 0xFF, 0xF8, 0x07,
    0x87, 0x79, 0xCF, 0xF8, 0xFE, 0x00, 0x1F, 0x1F, 0x3C, 0x38, 0xFF, 0x7F, 0x38, 0x38, 0x38, 0x38,
    0x38, 0x38, 0x38, 0x38, 0x38, 0x3F, 0x67, 0xFE, 0x71, 0xEE, 0x0E, 0xE0, 0xEE, 0x06, 0xE0, 0xEE,
    0x0E, 0x71, 0xE7, 0xFE, 0x3F, 0x66, 0x0E, 0x70, 0xE7, 0xFC, 0x3F, 0x80, 0xE0, 0x38, 0x0E, 0x03,
    0x80, 0xEF, 0xBF, 0xFF, 0x3F, 0xC7, 0xE1, 0xF8, 0x7E, 0x1F, 0x87, 0xE1, 0xF8, 0x7E, 0x1C, 0xEF,
    0xE0, 0xEE, 0xEE, 0xEE, 0xEE, 0xEE, 0xE0, 0x18, 0xF1, 0x80, 0x18, 0x61, 0x86, 0x18, 0x61, 0x86,
    0x18, 0x61, 0x86, 0x3B, 0xEF, 0x00, 0xE0, 0x38, 0x0E, 0x03, 0x80, 0xE3, 0xF9, 0xEE, 0xF3, 0xF8,
    0xFC, 0x3F, 0x0F, 0xE3, 0xBC, 0xE7, 0xB8, 0xEE, 0x1C, 0xFF, 0xFF, 0xFF, 0xFF, 0xFF, 0xF8, 0xFF,
    0x3E, 0x7F, 0xFF, 0xBC, 0xF9, 0xFC, 0x38, 0xFE, 0x1C, 0x3F, 0x0E, 0x1F, 0x87, 0x0F, 0xC3, 0x87,
    0xE1, 0xC3, 0xF0, 0xE1, 0xF8, 0x70, 0xE0, 0xFF, 0x3F, 0xEF, 0x3F, 0x87, 0xE1, 0xF8, 0x7E, 0x1F,
    0x87, 0xE1, 0xF8, 0x7E, 0x1C, 0x1F, 0x87, 0xFC, 0x79, 0xEE, 0x0E, 0xE0, 0x7E, 0x07, 0xE0, 0x7E,
    0x0E, 0x79, 0xE7, 0xFC, 0x1F, 0x80, 0xEF, 0x8F, 0xFC, 0xF9, 0xEF, 0x0F, 0xE0, 0x7E, 0x07, 0xE0,
    0x7F, 0x0F, 0xF9, 0xEF, 0xFC, 0xEF, 0x8E, 0x00, 0xE0, 0x0E, 0x00, 0xE0, 0x00, 0x3F, 0x67, 0xFE,
    0x71, 0xEE, 0x0E, 0xE0, 0xEE, 0x06, 0xE0, 0xEE, 0x0E, 0x71, 0xE7, 0xFE, 0x3F, 0x60, 0x06, 0x00,
    0x60, 0x06, 0x00, 0x60, 0xFF, 0xFF, 0xE7, 0x0E, 0x1C, 0x38, 0x70, 0xE1, 0xC3, 0x80, 0x7E, 0x7F,
    0xB9, 0xDC, 0x2F, 0xC3, 0xF8, 0x3F, 0x87, 0xE3, 0xFF, 0x9F, 0xC0, 0x38, 0x38, 0x38, 0xFF, 0xFF,
    0x38, 0x38, 0x38, 0x38, 0x38, 0x38, 0x3C, 0x1F, 0x0F, 0xE1, 0xF8, 0x7E, 0x1F, 0x87, 0xE1, 0xF8,
    0x7E, 0x1F, 0x87, 0xF3, 0xDF, 0xF7, 0xFC, 0x70, 0x77, 0x0E, 0x70, 0xE3, 0x8C, 0x39, 0xC3, 0x9C,
    0x1F, 0x81, 0xF8, 0x0F, 0x80, 0xF0, 0x0F, 0x00, 0x60, 0xE1, 0xDC, 0x78, 0x67, 0x1E, 0x38, 0xC7,
    0xCE, 0x3B, 0xF3, 0x8E, 0xED, 0xC3, 0xB3, 0xF0, 0x7C, 0xFC, 0x1F, 0x1E, 0x07, 0x87, 0x80, 0xE1,
    0xE0, 0x70, 0xEF, 0x3C, 0xE7, 0x0F, 0xC1, 0xF8, 0x1E, 0x07, 0xE0, 0xFC, 0x39, 0xC7, 0x3D, 0xC3,
    0x80, 0x70, 0x77, 0x0E, 0x70, 0xE3, 0x8E, 0x39, 0xC1, 0xDC, 0x1D, 0x81, 0xF8, 0x0F, 0x80, 0xF0,
    0x0F, 0x00, 0xF0, 0x1E, 0x0F, 0xC0, 0xF8, 0x00, 0x7F, 0xDF, 0xF0, 0x3C, 0x0E, 0x07, 0x03, 0x81,
    0xC0, 0xE0, 0x78, 0x1F, 0xF7, 0xFC, 0x1F, 0x0F, 0x8E, 0x07, 0x03, 0x81, 0xC0, 0xE0, 0x70, 0x38,
    0x7C, 0x3C, 0x07, 0x03, 0x81, 0xC0, 0xE0, 0x70, 0x38, 0x1C, 0x0E, 0x03, 0xE1, 0xF0, 0xFF, 0xFF,
    0xFF, 0xFF, 0xFF, 0xFF, 0xFF, 0xFF, 0xFF, 0xFC, 0x7F, 0x07, 0x81, 0xC0, 0xE0, 0x70, 0x38, 0x1C,
    0x0E, 0x07, 0xC3, 0xE1, 0xC0, 0xE0, 0x70, 0x38, 0x1C, 0x0E, 0x07, 0x07, 0x9F, 0x8F, 0xC0, 0x00,
    0x7F, 0xDE, 0xC4, 0x6F, 0x60, 0x66, 0x66, 0x66, 0x66, 0x66, 0x60, 0x0E, 0x01, 0xE0, 0xFF, 0x3F,
    0xEF, 0xEF, 0xDD, 0xFB, 0x87, 0x70, 0xEE, 0xFF, 0xDD, 0xFF, 0x1F, 0xE0, 0xF0, 0x1C, 0x00, 0x1F,
    0xE7, 0xFD, 0xF1, 0x38, 0x07, 0x00, 0xE0, 0x1E, 0x07, 0xFC, 0xFF, 0x83, 0x80, 0x70, 0x1C, 0x07,
    0x81, 0xFF, 0xFF, 0xF8, 0x00, 0x5B, 0xDF, 0xFF, 0x3D, 0xC6, 0x1C, 0xC1, 0x98, 0x33, 0x8E, 0x7F,
    0xDF, 0xFF, 0x01, 0x00, 0xE0, 0x1D, 0xC0, 0xE3, 0x87, 0x0E, 0x1C, 0x1C, 0xE0, 0x73, 0x80, 0xFC,
    0x0F, 0xFC, 0x3F, 0xF0, 0x1E, 0x03, 0xFF, 0x0F, 0xFC, 0x03, 0x00, 0x0C, 0x00, 0x30, 0x00, 0xFF,
    0xFF, 0xFF, 0xFF, 0x80, 0x3F, 0xFF, 0xFF, 0xFF, 0x1F, 0x81, 0xFF, 0x1E, 0x38, 0xE0, 0xE7, 0x07,
    0x38, 0x01, 0xF8, 0x07, 0xFC, 0x7F, 0xF7, 0x07, 0xF8, 0x0F, 0xC0, 0x7F, 0x87, 0x3F, 0xF8, 0x7F,
    0x80, 0x3E, 0x00, 0x77, 0x01, 0xDC, 0x1C, 0xF1, 0xE3, 0xFE, 0x0F, 0xE0, 0x66, 0xFF, 0x66, 0x07,
    0xE0, 0x1F, 0xF8, 0x3C, 0x7C, 0x77, 0xFC, 0xEF, 0xEE, 0xCC, 0x76, 0xDC, 0x36, 0xDC, 0x07, 0xDC,
    0x36, 0xCC, 0x76, 0xEF, 0xE6, 0x77, 0xEE, 0x78, 0x3C, 0x3F, 0xF8, 0x0F, 0xE0, 0x7D, 0xFF, 0x3B,
    0xFC, 0xFF, 0xFF, 0x80, 0x0F, 0x78, 0xF7, 0x8F, 0x78, 0xF7, 0x87, 0x38, 0x3D, 0xE0, 0xF7, 0x83,
    0xDE, 0x0F, 0x78, 0xFF, 0xEF, 0xFE, 0x00, 0x60, 0x06, 0x00, 0x60, 0x06, 0xFF, 0xFF, 0xC0, 0x3E,
    0x3F, 0x95, 0xFB, 0xB5, 0x5B, 0xB8, 0xF8, 0xFF, 0xFC, 0x3C, 0x7E, 0xE7, 0xC3, 0xC3, 0xE7, 0x7E,
    0x3C, 0x0C, 0x03, 0x00, 0xC1, 0xFE, 0x7F, 0x83, 0x00, 0xC0, 0x30, 0x00, 0x3F, 0xFF, 0xFC, 0x7D,
    0xFF, 0xB8, 0x71, 0xCF, 0x3F, 0xFF, 0x7D, 0xFF, 0xB9, 0xF3, 0xFD, 0xFF, 0xBE, 0x39, 0x9C, 0xC0,
    0x60, 0xC3, 0x06, 0x18, 0x30, 0xC1, 0x86, 0x0C, 0x30, 0x61, 0x87, 0x0C, 0x38, 0x71, 0xE3, 0xFF,
    0xDF, 0xDE, 0xC0, 0x06, 0x00, 0x30, 0x01, 0x80, 0x00, 0x7F, 0xFF, 0xFF, 0xEF, 0xFB, 0xFE, 0xFF,
    0xB7, 0xEC, 0xFB, 0x06, 0xC1, 0xB0, 0x6C, 0x1B, 0x06, 0xC1, 0xB0, 0x77, 0x70, 0x07, 0x3D, 0xF3,
    0xF8, 0x3B, 0xDE, 0x73, 0x9C, 0xE7, 0x7C, 0xFE, 0xE7, 0xE7, 0xE7, 0xFE, 0x7C, 0x73, 0xC1, 0xCF,
    0x07, 0x3C, 0x1C, 0xF0, 0x73, 0x87, 0x3C, 0x73, 0xC7, 0x3C, 0x73, 0xC0, 0x70, 0x1C, 0x3C, 0x06,
    0x0F, 0x03, 0x81, 0xC1, 0xC0, 0x70, 0x60, 0x1C, 0x38, 0x07, 0x1C, 0x00, 0x87, 0x0C, 0x03, 0x87,
    0x80, 0xC1, 0xE0, 0x70, 0xF8, 0x38, 0x7E, 0x0E, 0x1F, 0xC7, 0x07, 0xF1, 0x80, 0x38, 0x20, 0x00,
    0x3C, 0x07, 0x0F, 0x03, 0x81, 0xC0, 0xC0, 0x70, 0x70, 0x1C, 0x38, 0x07, 0x0E, 0x01, 0xC7, 0x00,
    0x01, 0x87, 0x80, 0xE3, 0xF0, 0x70, 0xCC, 0x18, 0x07, 0x0E, 0x07, 0x87, 0x03, 0xF1, 0x80, 0xFC,
    0x00, 0x00, 0x07, 0xC0, 0x70, 0x7E, 0x0E, 0x06, 0xE0, 0xE0, 0x3C, 0x1C, 0x01, 0xE3, 0x80, 0x7E,
    0x38, 0x07, 0xC7, 0x00, 0x18, 0x70, 0xE0, 0x0E, 0x1E, 0x01, 0xC3, 0xE0, 0x1C, 0x3E, 0x03, 0x87,
    0xE0, 0x38, 0x7F, 0x07, 0x07, 0xF0, 0x60, 0x0E, 0x0E, 0x03, 0x80, 0xC0, 0x00, 0x0E, 0x03, 0x81,
    0xC0, 0xF0, 0x78, 0x3C, 0x0E, 0x03, 0x83, 0xE1, 0xFC, 0xF7, 0xF8, 0xFC, 0x06, 0x00, 0x0E, 0x00,
    0x1C, 0x00, 0x1C, 0x00, 0x18, 0x00, 0x00, 0x00, 0xF0, 0x03, 0xE0, 0x07, 0xC0, 0x0F, 0xC0, 0x3B,
    0x80, 0x73, 0x00, 0xC7, 0x03, 0x8E, 0x07, 0x0E, 0x0F, 0xFC, 0x3F, 0xF8, 0x70, 0x39, 0xC0, 0x73,
    0x80, 0xE7, 0x00, 0xE0, 0x00, 0xE0, 0x01, 0xC0, 0x07, 0x00, 0x0E, 0x00, 0x18, 0x00, 0x00, 0x00,
    0xF0, 0x03, 0xE0, 0x07, 0xC0, 0x0F, 0xC0, 0x3B, 0x80, 0x73, 0x00, 0xC7, 0x03, 0x8E, 0x07, 0x0E,
    0x0F, 0xFC, 0x3F, 0xF8, 0x70, 0x39, 0xC0, 0x73, 0x80, 0xE7, 0x00, 0xE0, 0x03, 0x80, 0x07, 0x80,
    0x1B, 0x80, 0x73, 0x00, 0x00, 0x00, 0x78, 0x01, 0xF0, 0x03, 0xE0, 0x07, 0xE0, 0x1D, 0xC0, 0x39,
    0x80, 0x63, 0x81, 0xC7, 0x03, 0x87, 0x07, 0xFE, 0x1F, 0xFC, 0x38, 0x1C, 0xE0, 0x39, 0xC0, 0x73,
    0x80, 0x70, 0x00, 0x20, 0x0F, 0xC0, 0x3F, 0x80, 0x66, 0x00, 0x00, 0x00, 0x78, 0x01, 0xF0, 0x03,
    0xE0, 0x07, 0xE0, 0x1D, 0xC0, 0x39, 0x80, 0x63, 0x81, 0xC7, 0x03, 0x87, 0x07, 0xFE, 0x1F, 0xFC,
    0x38, 0x1C, 0xE0, 0x39, 0xC0, 0x73, 0x80, 0x70, 0x0E, 0xE0, 0x1D, 0xC0, 0x3B, 0x80, 0x00, 0x00,
    0x3C, 0x00, 0xF8, 0x01, 0xF0, 0x03, 0xF0, 0x0E, 0xE0, 0x1C, 0xC0, 0x31, 0xC0, 0xE3, 0x81, 0xC3,
    0x83, 0xFF, 0x0F, 0xFE, 0x1C, 0x0E, 0x70, 0x1C, 0xE0, 0x39, 0xC0, 0x38, 0x03, 0xC0, 0x0F, 0x80,
    0x1B, 0x80, 0x37, 0x00, 0x7C, 0x00, 0x70, 0x00, 0x00, 0x01, 0xE0, 0x07, 0xC0, 0x0F, 0x80, 0x1F,
    0x80, 0x77, 0x00, 0xE6, 0x01, 0x8E, 0x07, 0x1C, 0x0E, 0x1C, 0x1F, 0xF8, 0x7F, 0xF0, 0xE0, 0x73,
    0x80, 0xE7, 0x01, 0xCE, 0x01, 0xC0, 0x00, 0xFF, 0xF0, 0x07, 0xFF, 0x80, 0x7E, 0x00, 0x03, 0xF0,
    0x00, 0x3B, 0x80, 0x01, 0xDC, 0x00, 0x1C, 0xFF, 0x80, 0xC7, 0xFC, 0x0E, 0x38, 0x00, 0xFF, 0xC0,
    0x07, 0xFE, 0x00, 0x70, 0x70, 0x03, 0x83, 0x80, 0x38, 0x1F, 0xF9, 0xC0, 0xFF, 0xC0, 0x0F, 0xE0,
    0x7F, 0xF1, 0xF1, 0xE3, 0x80, 0xEF, 0x01, 0xDC, 0x00, 0x38, 0x00, 0x70, 0x00, 0xE0, 0x01, 0xC0,
    0x03, 0xC0, 0x73, 0x80, 0xE7, 0xC7, 0xC7, 0xFF, 0x03, 0xF8, 0x01, 0x80, 0x07, 0xC0, 0x05, 0x80,
    0x03, 0x00, 0x3E, 0x00, 0x1C, 0x03, 0x80, 0x30, 0x07, 0x00, 0x60, 0x00, 0x1F, 0xFB, 0xFF, 0x60,
    0x0C, 0x01, 0x80, 0x30, 0x07, 0xFC, 0xFF, 0x98, 0x03, 0x00, 0x60, 0x0C, 0x01, 0x80, 0x3F, 0xF7,
    0xFE, 0x01, 0x80, 0x70, 0x0C, 0x03, 0x80, 0x60, 0x00, 0x1F, 0xFB, 0xFF, 0x60, 0x0C, 0x01, 0x80,
    0x30, 0x07, 0xFC, 0xFF, 0x98, 0x03, 0x00, 0x60, 0x0C, 0x01, 0x80, 0x3F, 0xF7, 0xFE, 0x06, 0x01,
    0xE0, 0x7E, 0x0C, 0xC0, 0x00, 0xFF, 0xDF, 0xFB, 0x00, 0x60, 0x0C, 0x01, 0x80, 0x3F, 0xE7, 0xFC,
    0xC0, 0x18, 0x03, 0x00, 0x60, 0x0C, 0x01, 0xFF, 0xBF, 0xF0, 0x19, 0x87, 0xF8, 0x66, 0x00, 0x07,
    0xFE, 0xFF, 0xD8, 0x03, 0x00, 0x60, 0x0C, 0x01, 0xFF, 0x3F, 0xE6, 0x00, 0xC0, 0x18, 0x03, 0x00,
    0x60, 0x0F, 0xFD, 0xFF, 0x80, 0xCE, 0x67, 0x30, 0x33, 0x33, 0x33, 0x33, 0x33, 0x33, 0x33, 0x30,
    0x39, 0xCC, 0xE6, 0x01, 0x8C, 0x63, 0x18, 0xC6, 0x31, 0x8C, 0x63, 0x18, 0xC6, 0x00, 0x3C, 0x3C,
    0x6E, 0xE6, 0x00, 0x18, 0x18, 0x18, 0x18, 0x18, 0x18, 0x18, 0x18, 0x18, 0x18, 0x18, 0x18, 0x18,
    0x18, 0x18, 0x66, 0xFF, 0x66, 0x00, 0x18, 0x18, 0x18, 0x18, 0x18, 0x18, 0x18, 0x18, 0x18, 0x18,
    0x18, 0x18, 0x18, 0x18, 0x18, 0x1F, 0xF0, 0x1F, 0xF8, 0x18, 0x3C, 0x18, 0x1E, 0x18, 0x0E, 0x18,
    0x06, 0x7F, 0x87, 0xFF, 0x87, 0x18, 0x07, 0x18, 0x06, 0x18, 0x0E, 0x18, 0x1E, 0x18, 0x3C, 0x1F,
    0xF8, 0x1F, 0xF0, 0x00, 0x40, 0x7E, 0x07, 0xF0, 0x33, 0x00, 0x00, 0x38, 0x1D, 0xC0, 0xEF, 0x07,
    0x7C, 0x3B, 0xE1, 0xDB, 0x8E, 0xCE, 0x76, 0x73, 0xB1, 0xDD, 0x87, 0xEC, 0x3F, 0x60, 0xFB, 0x03,
    0xD8, 0x0E, 0xC0, 0x70, 0x06, 0x00, 0x07, 0x00, 0x03, 0x00, 0x03, 0x80, 0x00, 0x00, 0x00, 0x00,
    0x0F, 0xE0, 0x3F, 0xF8, 0x3C, 0x3C, 0x70, 0x1C, 0xE0, 0x0E, 0xE0, 0x0E, 0xE0, 0x06, 0xE0, 0x07,
    0xE0, 0x06, 0xE0, 0x0E, 0xE0, 0x0E, 0x70, 0x1C, 0x3C, 0x3C, 0x3F, 0xF8, 0x0F, 0xE0, 0x00, 0xE0,
    0x00, 0xC0, 0x01, 0xC0, 0x01, 0x80, 0x00, 0x00, 0x00, 0x00, 0x0F, 0xE0, 0x3F, 0xF8, 0x3C, 0x3C,
    0x70, 0x1C, 0xE0, 0x0E, 0xE0, 0x0E, 0xE0, 0x06, 0xE0, 0x07, 0xE0, 0x06, 0xE0, 0x0E, 0xE0, 0x0E,
    0x70, 0x1C, 0x3C, 0x3C, 0x3F, 0xF8, 0x0F, 0xE0, 0x03, 0x80, 0x07, 0xC0, 0x0E, 0xE0, 0x00, 0x00,
    0x00, 0x00, 0x0F, 0xE0, 0x3F, 0xF8, 0x3C, 0x3C, 0x70, 0x1C, 0xE0, 0x0E, 0xE0, 0x0E, 0xE0, 0x06,
    0xE0, 0x07, 0xE0, 0x06, 0xE0, 0x0E, 0xE0, 0x0E, 0x70, 0x1C, 0x3C, 0x3C, 0x3F, 0xF8, 0x0F, 0xE0,
    0x00, 0x00, 0x07, 0xE0, 0x0F, 0xE0, 0x0C, 0xC0, 0x00, 0x00, 0x00, 0x00, 0x0F, 0xE0, 0x3F, 0xF8,
    0x7E, 0x7C, 0x78, 0x1E, 0xF0, 0x0E, 0xE0, 0x0E, 0xE0, 0x0F, 0xE0, 0x0F, 0xE0, 0x0F, 0xE0, 0x0E,
    0xF0, 0x0E, 0x78, 0x1E, 0x7E, 0x7C, 0x3F, 0xF8, 0x0F, 0xE0, 0x0E, 0xE0, 0x0E, 0xF0, 0x0E, 0xE0,
    0x00, 0x00, 0x00, 0x00, 0x0F, 0xE0, 0x3F, 0xF8, 0x7E, 0x7C, 0x78, 0x1E, 0xF0, 0x0E, 0xE0, 0x0E,
    0xE0, 0x0F, 0xE0, 0x0F, 0xE0, 0x0F, 0xE0, 0x0E, 0xF0, 0x0E, 0x78, 0x1E, 0x7E, 0x7C, 0x3F, 0xF8,
    0x0F, 0xE0, 0x00, 0x67, 0xFF, 0x7E, 0x3C, 0x7E, 0xFF, 0x67, 0x00, 0x0F, 0xFC, 0x1F, 0xF8, 0x3C,
    0x7C, 0x70, 0x7E, 0xF0, 0xEE, 0xE1, 0xEE, 0xE1, 0xCF, 0xE3, 0x8F, 0xE7, 0x8F, 0xE7, 0x0E, 0xFE,
    0x0E, 0x7E, 0x1E, 0x7C, 0x7C, 0x3F, 0xF8, 0x7F, 0xE0, 0x0C, 0x00, 0x70, 0x01, 0x80, 0x0E, 0x00,
    0x00, 0x00, 0x01, 0x80, 0xEC, 0x07, 0x60, 0x3B, 0x01, 0xD8, 0x0E, 0xC0, 0x76, 0x03, 0xB0, 0x1D,
    0x80, 0xEC, 0x07, 0x60, 0x3B, 0x81, 0xDE, 0x1C, 0x7F, 0xE1, 0xFC, 0x00, 0x01, 0xC0, 0x0E, 0x00,
    0xE0, 0x06, 0x00, 0x00, 0x00, 0x01, 0x80, 0xEC, 0x07, 0x60, 0x3B, 0x01, 0xD8, 0x0E, 0xC0, 0x76,
    0x03, 0xB0, 0x1D, 0x80, 0xEC, 0x07, 0x60, 0x3B, 0x81, 0xDE, 0x1C, 0x7F, 0xE1, 0xFC, 0x00, 0x07,
    0x00, 0x7C, 0x07, 0x70, 0x00, 0x00, 0x00, 0x30, 0x1D, 0x80, 0xEC, 0x07, 0x60, 0x3B, 0x01, 0xD8,
    0x0E, 0xC0, 0x76, 0x03, 0xB0, 0x1D, 0x80, 0xEC, 0x07, 0x70, 0x3B, 0xC3, 0x8F, 0xFC, 0x3F, 0x80,
    0x1D, 0xC0, 0xEE, 0x07, 0x70, 0x00, 0x00, 0x00, 0x30, 0x1D, 0x80, 0xEC, 0x07, 0x60, 0x3B, 0x01,
    0xD8, 0x0E, 0xC0, 0x76, 0x03, 0xB0, 0x1D, 0x80, 0xEC, 0x07, 0x70, 0x3B, 0xC3, 0x8F, 0xFC, 0x3F,
    0x80, 0x00, 0xC0, 0x07, 0x00, 0x18, 0x00, 0xE0, 0x03, 0x00, 0x00, 0x0E, 0x01, 0xDC, 0x0E, 0x38,
    0x70, 0xE1, 0xC1, 0xCE, 0x07, 0x38, 0x0F, 0xC0, 0x3F, 0x00, 0x78, 0x01, 0xE0, 0x03, 0x00, 0x0C,
    0x00, 0x30, 0x00, 0xC0, 0x03, 0x00, 0xE0, 0x0E, 0x00, 0xFF, 0x8F, 0xFC, 0xE1, 0xEE, 0x07, 0xE0,
    0x7E, 0x07, 0xE0, 0x7E, 0x07, 0xE1, 0xEF, 0xFC, 0xFF, 0x8E, 0x00, 0xE0, 0x00, 0x1F, 0x83, 0xFE,
    0x79, 0xE7, 0x0F, 0xF0, 0xFE, 0x1E, 0xEF, 0xCE, 0xFE, 0xE1, 0xFE, 0x07, 0xE0, 0x7E, 0x07, 0xE1,
    0xFE, 0xFE, 0xEF, 0xC0, 0x1C, 0x01, 0xC0, 0x0E, 0x00, 0x60, 0x00, 0x03, 0xF6, 0x7F, 0xE7, 0x1E,
    0xE0, 0xEE, 0x06, 0xE0, 0x6E, 0x06, 0xE0, 0xE7, 0x1E, 0x7F, 0xE3, 0xF6, 0x03, 0x80, 0x30, 0x07,
    0x00, 0x60, 0x00, 0x03, 0xF6, 0x7F, 0xE7, 0x1E, 0xE0, 0xEE, 0x06, 0xE0, 0x6E, 0x06, 0xE0, 0xE7,
    0x1E, 0x7F, 0xE3, 0xF6, 0x0F, 0x01, 0xF8, 0x39, 0x80, 0x00, 0x3F, 0x67, 0xFE, 0x71, 0xEE, 0x0E,
    0xE0, 0x6E, 0x06, 0xE0, 0x6E, 0x0E, 0x71, 0xE7, 0xFE, 0x3F, 0x60, 0x1F, 0x83, 0xF8, 0x37, 0x80,
    0x00, 0x3F, 0x67, 0xFE, 0x71, 0xEE, 0x0E, 0xE0, 0x6E, 0x06, 0xE0, 0x6E, 0x0E, 0x71, 0xE7, 0xFE,
    0x3F, 0x60, 0x3B, 0x83, 0xF8, 0x19, 0x80, 0x00, 0x3F, 0x67, 0xFE, 0x71, 0xEE, 0x0E, 0xE0, 0x6E,
    0x06, 0xE0, 0x6E, 0x0E, 0x71, 0xE7, 0xFE, 0x3F, 0x60, 0x0F, 0x01, 0xF0, 0x1B, 0x81, 0x98, 0x1F,
    0x80, 0xF0, 0x00, 0x03, 0xF6, 0x7F, 0xE7, 0x1E, 0xE0, 0xEE, 0x06, 0xE0, 0x6E, 0x06, 0xE0, 0xE7,
    0x1E, 0x7F, 0xE3, 0xF6, 0x3F, 0x3F, 0x0F, 0xFF, 0xF3, 0xCF, 0xCF, 0x20, 0xE0, 0xE3, 0xFF, 0xFD,
    0xFF, 0xFF, 0xBC, 0x70, 0x07, 0x0F, 0x0E, 0xF3, 0xF3, 0xDF, 0xEF, 0xF1, 0xF8, 0xFC, 0x00, 0x1F,
    0x87, 0xF9, 0xE7, 0xF8, 0x7E, 0x01, 0xC0, 0x38, 0x07, 0x07, 0x71, 0xEF, 0xF8, 0x7E, 0x07, 0x00,
    0xF0, 0x1F, 0x00, 0xE0, 0x78, 0x18, 0x03, 0x80, 0x70, 0x06, 0x00, 0xE0, 0x00, 0x07, 0xC3, 0xFE,
    0x71, 0xDC, 0x1F, 0xFF, 0xFF, 0xFE, 0x01, 0xC1, 0x9C, 0x73, 0xFE, 0x1F, 0x80, 0x03, 0x80, 0x60,
    0x1C, 0x03, 0x00, 0x60, 0x00, 0x07, 0xC3, 0xFE, 0x71, 0xDC, 0x1F, 0xFF, 0xFF, 0xFE, 0x01, 0xC1,
    0x9C, 0x73, 0xFE, 0x1F, 0x80, 0x0E, 0x03, 0xE0, 0xEE, 0x00, 0x01, 0xF0, 0xFF, 0x9C, 0x77, 0x07,
    0xFF, 0xFF, 0xFF, 0x80, 0x70, 0x77, 0x9C, 0xFF, 0x87, 0xE0, 0x3B, 0x87, 0x70, 0xEE, 0x00, 0x01,
    0xF0, 0xFF, 0x9C, 0x77, 0x07, 0xFF, 0xFF, 0xFF, 0x80, 0x70, 0x77, 0x9C, 0xFF, 0x87, 0xE0, 0x73,
    0x8E, 0x30, 0x0C, 0x63, 0x18, 0xC6, 0x31, 0x8C, 0x63, 0x39, 0xDC, 0xC0, 0x31, 0x8C, 0x63, 0x18,
    0xC6, 0x31, 0x8C, 0x3C, 0x7E, 0xE6, 0x00, 0x18, 0x18, 0x18, 0x18, 0x18, 0x18, 0x18, 0x18, 0x18,
    0x18, 0x18, 0x66, 0xFF, 0x66, 0x00, 0x18, 0x18, 0x18, 0x18, 0x18, 0x18, 0x18, 0x18, 0x18, 0x18,
    0x18, 0x00, 0x07, 0x30, 0x7F, 0x03, 0xE0, 0x7F, 0x02, 0x78, 0x03, 0xC3, 0xFE, 0x7F, 0xE7, 0x9E,
    0xF0, 0xFE, 0x0F, 0xE0, 0x7E, 0x0F, 0xF0, 0xE7, 0x9E, 0x7F, 0xC1, 0xF8, 0x1D, 0x8F, 0xE3, 0x70,
    0x00, 0xEF, 0xBF, 0xFF, 0x3F, 0xC7, 0xE1, 0xF8, 0x7E, 0x1F, 0x87, 0xE1, 0xF8, 0x7E, 0x1C, 0x18,
    0x01, 0xC0, 0x0C, 0x00, 0xE0, 0x06, 0x00, 0x00, 0x1F, 0x87, 0xFC, 0x71, 0xEE, 0x0E, 0xE0, 0x7E,
    0x07, 0xE0, 0x7E, 0x0E, 0x71, 0xE7, 0xFC, 0x1F, 0x80, 0x03, 0x80, 0x38, 0x07, 0x00, 0x70, 0x06,
    0x00, 0x00, 0x1F, 0x87, 0xFC, 0x71, 0xEE, 0x0E, 0xE0, 0x7E, 0x07, 0xE0, 0x7E, 0x0E, 0x71, 0xE7,
    0xFC, 0x1F, 0x80, 0x0F, 0x01, 0xF8, 0x39, 0x80, 0x00, 0x1F, 0x87, 0xFC, 0x79, 0xEF, 0x0E, 0xE0,
    0x7E, 0x07, 0xE0, 0x7F, 0x0E, 0x79, 0xE7, 0xFC, 0x1F, 0x80, 0x1F, 0x83, 0xF8, 0x37, 0x80, 0x00,
    0x1F, 0x87, 0xFC, 0x71, 0xEE, 0x0E, 0xE0, 0x7E, 0x07, 0xE0, 0x7E, 0x0E, 0x71, 0xE7, 0xFC, 0x1F,
    0x80, 0x3B, 0x83, 0xB8, 0x19, 0x80, 0x00, 0x1F, 0x87, 0xFC, 0x71, 0xEE, 0x0E, 0xE0, 0x7E, 0x07,
    0xE0, 0x7E, 0x0E, 0x71, 0xE7, 0xFC, 0x1F, 0x80, 0x0E, 0x07, 0x80, 0xE0, 0x00, 0xFF, 0xFF, 0xF0,
    0x00, 0x38, 0x1E, 0x03, 0x80, 0x00, 0xC1, 0xFC, 0x7F, 0xC7, 0xBE, 0xE3, 0xEE, 0x7F, 0xE6, 0x7E,
    0xC7, 0xFC, 0xE7, 0x9E, 0x7F, 0xC3, 0xF8, 0x60, 0x00, 0x38, 0x0E, 0x01, 0xC0, 0x30, 0x0C, 0x00,
    0x0E, 0x1F, 0x87, 0xE1, 0xF8, 0x7E, 0x1F, 0x87, 0xE1, 0xF8, 0x77, 0x3D, 0xFF, 0x3F, 0xC0, 0x03,
    0x01, 0xC0, 0x70, 0x38, 0x0C, 0x00, 0x0E, 0x1F, 0x87, 0xE1, 0xF8, 0x7E, 0x1F, 0x87, 0xE1, 0xF8,
    0x77, 0x3D, 0xFF, 0x3F, 0xC0, 0x1E, 0x0F, 0xC3, 0x38, 0x00, 0xE1, 0xF8, 0x7E, 0x1F, 0x87, 0xE1,
    0xF8, 0x7E, 0x1F, 0xC7, 0xF3, 0xDF, 0xF3, 0xFC, 0x3B, 0x9E, 0xE3, 0x38, 0x00, 0xE1, 0xF8, 0x7E,
    0x1F, 0x87, 0xE1, 0xF8, 0x7E, 0x1F, 0x87, 0x73, 0xDF, 0xF3, 0xFC, 0x03, 0x80, 0x38, 0x07, 0x00,
    0x70, 0x00, 0x07, 0x07, 0x70, 0xE7, 0x0E, 0x38, 0xE3, 0x9C, 0x1D, 0xC1, 0xD8, 0x1F, 0x80, 0xF8,
    0x0F, 0x00, 0xF0, 0x0F, 0x01, 0xE0, 0xFC, 0x0F, 0x80, 0xE0, 0x0E, 0x00, 0xE0, 0x0E, 0x00, 0xEF,
    0x8F, 0xFC, 0xF9, 0xEF, 0x0F, 0xE0, 0x7E, 0x07, 0xE0, 0x7F, 0x0F, 0xF9, 0xEF, 0xFC, 0xEF, 0x8E,
    0x00, 0xE0, 0x0E, 0x00, 0xE0, 0x00, 0x19, 0xC3, 0xFC, 0x19, 0x80, 0x00, 0x70, 0x77, 0x0E, 0x70,
    0xE3, 0x8E, 0x39, 0xC1, 0xDC, 0x1D, 0x81, 0xF8, 0x0F, 0x80, 0xF0, 0x0F, 0x00, 0xF0, 0x1E, 0x0F,
    0xC0, 0xF8, 0x00, 0x0F, 0xE0, 0x1F, 0xC0, 0x00, 0x00, 0x00, 0x00, 0x3C, 0x00, 0xF8, 0x01, 0xF0,
    0x03, 0xF0, 0x0E, 0xE0, 0x1C, 0xC0, 0x31, 0xC0, 0xE3, 0x81, 0xC3, 0x83, 0xFF, 0x0F, 0xFE, 0x1C,
    0x0E, 0x70, 0x1C, 0xE0, 0x39, 0xC0, 0x38, 0x3F, 0x83, 0xF8, 0x00, 0x03, 0xF6, 0x7F, 0xE7, 0x1E,
    0xE0, 0xEE, 0x06, 0xE0, 0x6E, 0x06, 0xE0, 0xE7, 0x1E, 0x7F, 0xE3, 0xF6, 0x0C, 0x60, 0x1D, 0xC0,
    0x1F, 0x80, 0x1E, 0x00, 0x00, 0x00, 0x78, 0x01, 0xF0, 0x03, 0xE0, 0x07, 0xE0, 0x1D, 0xC0, 0x39,
    0x80, 0x63, 0x81, 0xC7, 0x03, 0x87, 0x07, 0xFE, 0x1F, 0xFC, 0x38, 0x1C, 0xE0, 0x39, 0xC0, 0x73,
    0x80, 0x70, 0x39, 0xC1, 0xF8, 0x1F, 0x00, 0x00, 0x3F, 0x67, 0xFE, 0x71, 0xEE, 0x0E, 0xE0, 0x6E,
    0x06, 0xE0, 0x6E, 0x0E, 0x71, 0xE7, 0xFE, 0x3F, 0x60, 0x03, 0xC0, 0x07, 0xC0, 0x07, 0xC0, 0x07,
    0xE0, 0x0E, 0xE0, 0x0E, 0x60, 0x0C, 0x70, 0x1C, 0x70, 0x1C, 0x38, 0x1F, 0xF8, 0x3F, 0xF8, 0x38,
    0x1C, 0x70, 0x1C, 0x70, 0x1C, 0x70, 0x0E, 0x00, 0x0C, 0x00, 0x1C, 0x00, 0x0F, 0x00, 0x0F, 0x3F,
    0x67, 0xFE, 0x71, 0xEE, 0x0E, 0xE0, 0x6E, 0x06, 0xE0, 0x6E, 0x0E, 0x71, 0xE7, 0xFE, 0x3F, 0x60,
    0x0E, 0x00, 0xE0, 0x0F, 0x00, 0x70, 0x00, 0xE0, 0x03, 0x80, 0x07, 0x00, 0x1C, 0x00, 0x00, 0x00,
    0x00, 0x03, 0xF8, 0x1F, 0xFC, 0x7C, 0x78, 0xE0, 0x3B, 0xC0, 0x77, 0x00, 0x0E, 0x00, 0x1C, 0x00,
    0x38, 0x00, 0x70, 0x00, 0xF0, 0x1C, 0xE0, 0x39, 0xF1, 0xE1, 0xFF, 0xC0, 0xFE, 0x00, 0x03, 0x80,
    0x70, 0x1C, 0x03, 0x80, 0x00, 0x3F, 0x1F, 0xF3, 0xCF, 0xF0, 0xFC, 0x03, 0x80, 0x70, 0x0F, 0x0E,
    0xF3, 0xDF, 0xF0, 0xFC, 0x03, 0x80, 0x07, 0x00, 0x0E, 0x00, 0x00, 0x00, 0x00, 0x01, 0xFC, 0x0F,
    0xFE, 0x3E, 0x3C, 0x70, 0x1D, 0xE0, 0x3B, 0x80, 0x07, 0x00, 0x0E, 0x00, 0x1C, 0x00, 0x38, 0x00,
    0x78, 0x0E, 0x70, 0x1C, 0xF8, 0xF0, 0xFF, 0xE0, 0x7F, 0x00, 0x0E, 0x01, 0xE0, 0x38, 0x00, 0x01,
    0xF8, 0xFF, 0x9E, 0x7F, 0x87, 0xE0, 0x1C, 0x03, 0x80, 0x78, 0x77, 0x9E, 0xFF, 0x87, 0xE0, 0x0E,
    0xE0, 0x0F, 0x80, 0x0F, 0x00, 0x1C, 0x00, 0x00, 0x01, 0xFC, 0x0F, 0xFE, 0x3C, 0x1C, 0x70, 0x1D,
    0xC0, 0x1B, 0x80, 0x07, 0x00, 0x0E, 0x00, 0x1C, 0x00, 0x38, 0x00, 0x70, 0x06, 0x70, 0x1C, 0xF0,
    0x70, 0xFF, 0xE0, 0x7F, 0x00, 0x39, 0xC3, 0xF0, 0x3C, 0x00, 0x01, 0xF8, 0xFF, 0x9E, 0x7F, 0x87,
    0xE0, 0x1C, 0x03, 0x80, 0x78, 0x77, 0x9E, 0xFF, 0x87, 0xE0, 0x19, 0xC0, 0x7E, 0x00, 0xF0, 0x01,
    0x80, 0x00, 0x01, 0xFF, 0x07, 0xFE, 0x18, 0x3C, 0x60, 0x79, 0x80, 0xE6, 0x01, 0xD8, 0x07, 0x60,
    0x1D, 0x80, 0x76, 0x01, 0xD8, 0x0E, 0x60, 0x79, 0x83, 0xC7, 0xFE, 0x1F, 0xF0, 0x00, 0x6E, 0x00,
    0xDC, 0x01, 0xB0, 0x03, 0x63, 0xF6, 0x0F, 0xFC, 0x1C, 0x78, 0x70, 0x70, 0xE0, 0xE1, 0xC0, 0xC3,
    0x83, 0x87, 0x07, 0x07, 0x1E, 0x0F, 0xFC, 0x0F, 0xD8, 0x00, 0x1F, 0xF0, 0x1F, 0xF8, 0x18, 0x3C,
    0x18, 0x1E, 0x18, 0x0E, 0x18, 0x06, 0x7F, 0x87, 0xFF, 0x87, 0x18, 0x07, 0x18, 0x06, 0x18, 0x0E,
    0x18, 0x1E, 0x18, 0x3C, 0x1F, 0xF8, 0x1F, 0xF0, 0x00, 0x60, 0x1F, 0xC0, 0xFE, 0x00, 0xC3, 0xF6,
    0x3F, 0xF1, 0xC7, 0x9C, 0x1C, 0xE0, 0xE7, 0x03, 0x38, 0x39, 0xC1, 0xC7, 0x1E, 0x3F, 0xF0, 0xFD,
    0x80, 0x3F, 0xC7, 0xF8, 0x00, 0x00, 0x07, 0xFE, 0xFF, 0xD8, 0x03, 0x00, 0x60, 0x0C, 0x01, 0xFF,
    0x3F, 0xE6, 0x00, 0xC0, 0x18, 0x03, 0x00, 0x60, 0x0F, 0xFD, 0xFF, 0x80, 0x3F, 0x87, 0xF0, 0x00,
    0x00, 0x01, 0xF0, 0xFF, 0x9C, 0x77, 0x07, 0xFF, 0xFF, 0xFF, 0x80, 0x70, 0x77, 0x9C, 0xFF, 0x87,
    0xE0, 0x06, 0x01, 0xE0, 0x18, 0x00, 0x00, 0x00, 0xFF, 0xDF, 0xFB, 0x00, 0x60, 0x0C, 0x01, 0x80,
    0x3F, 0xE7, 0xFC, 0xC0, 0x18, 0x03, 0x00, 0x60, 0x0C, 0x01, 0xFF, 0xBF, 0xF0, 0x0E, 0x01, 0xC0,
    0x38, 0x00, 0x01, 0xF0, 0xFF, 0x9C, 0x77, 0x07, 0xFF, 0xFF, 0xFF, 0x80, 0x70, 0x77, 0x9C, 0xFF,
    0x87, 0xE0, 0x7F, 0xE7, 0xFE, 0x60, 0x06, 0x00, 0x60, 0x06, 0x00, 0x7F, 0xC7, 0xFC, 0x60, 0x06,
    0x00, 0x60, 0x06, 0x00, 0x60, 0x07, 0xFE, 0x7F, 0xE0, 0x0E, 0x00, 0xC0, 0x0F, 0x00, 0x70, 0x1F,
    0x07, 0xF1, 0xEF, 0x70, 0x6E, 0x0F, 0xFF, 0xFF, 0xFF, 0x00, 0x70, 0xEF, 0xF8, 0xFE, 0x0F, 0x81,
    0xC0, 0x3E, 0x03, 0xC0, 0x19, 0xC3, 0xF0, 0x3C, 0x03, 0x00, 0x00, 0xFF, 0xDF, 0xFB, 0x00, 0x60,
    0x0C, 0x01, 0x80, 0x3F, 0xE7, 0xFC, 0xC0, 0x18, 0x03, 0x00, 0x60, 0x0C, 0x01, 0xFF, 0xBF, 0xF0,
    0x3B, 0x83, 0xE0, 0x38, 0x00, 0x01, 0xF0, 0xFF, 0x9E, 0x77, 0x07, 0xFF, 0xFF, 0xFF, 0x80, 0x70,
    0x77, 0x9C, 0xFF, 0x87, 0xE0, 0x0C, 0x60, 0x1D, 0xC0, 0x1F, 0x80, 0x3E, 0x00, 0x00, 0x01, 0xFC,
    0x0F, 0xFE, 0x3F, 0x7E, 0x78, 0x1D, 0xE0, 0x3B, 0x80, 0x07, 0x00, 0x0E, 0x1F, 0xFC, 0x3F, 0xF8,
    0x03, 0xF8, 0x0E, 0x78, 0x1C, 0xFD, 0xF0, 0xFF, 0xE0, 0x7F, 0x00, 0x39, 0xC1, 0xF8, 0x0F, 0x00,
    0x00, 0x3F, 0x77, 0xFF, 0x71, 0xFE, 0x0F, 0xE0, 0x7E, 0x07, 0xE0, 0x7E, 0x0F, 0x71, 0xF7, 0xFF,
    0x3F, 0x66, 0x06, 0x70, 0xE7, 0xFC, 0x3F, 0x80, 0x03, 0x80, 0x07, 0x00, 0x0E, 0x00, 0x00, 0x00,
    0x00, 0x01, 0xFC, 0x0F, 0xFE, 0x3E, 0x3E, 0x70, 0x1D, 0xE0, 0x3B, 0x80, 0x07, 0x00, 0x0E, 0x1F,
    0xFC, 0x3F, 0xF8, 0x03, 0xF8, 0x0E, 0x70, 0x1C, 0xF8, 0xF0, 0xFF, 0xE0, 0x7F, 0x00, 0x0E, 0x00,
    0xF0, 0x06, 0x00, 0x00, 0x3F, 0x77, 0xFF, 0x71, 0xFE, 0x0F, 0xE0, 0x7E, 0x07, 0xE0, 0x7E, 0x0F,
    0x71, 0xF7, 0xFF, 0x3F, 0x66, 0x06, 0x70, 0xE7, 0xFC, 0x3F, 0x80, 0x0F, 0xF0, 0xFF, 0x8E, 0x04,
    0xE0, 0x06, 0x00, 0x70, 0x03, 0x80, 0x1C, 0x3E, 0xE3, 0xFF, 0x0F, 0xF8, 0x0F, 0xC0, 0x77, 0x03,
    0xBC, 0x1C, 0xFF, 0xE1, 0xFE, 0x00, 0x00, 0x1C, 0x00, 0xC0, 0x06, 0x00, 0x30, 0x00, 0x06, 0x03,
    0x80, 0xC0, 0x00, 0x3E, 0xDF, 0xFE, 0x1F, 0x83, 0xC0, 0xF0, 0x3C, 0x0F, 0x03, 0xE0, 0xF8, 0x77,
    0xFC, 0xFB, 0x00, 0xC0, 0x70, 0x1F, 0xFE, 0xFF, 0x00, 0x38, 0x0E, 0xFF, 0xFF, 0xFF, 0xFF, 0x38,
    0x0E, 0x38, 0x0E, 0x38, 0x0E, 0x3F, 0xFE, 0x3F, 0xFE, 0x38, 0x0E, 0x38, 0x0E, 0x38, 0x0E, 0x38,
    0x0E, 0x38, 0x0E, 0x38, 0x0E, 0x38, 0x0E, 0x38, 0x0F, 0xF0, 0xFF, 0x03, 0x80, 0x3F, 0xE3, 0xFE,
    0x3C, 0xF3, 0x87, 0x38, 0x73, 0x87, 0x38, 0x73, 0x87, 0x38, 0x73, 0x87, 0x38, 0x70, 0x02, 0x7F,
    0xFE, 0x4C, 0x00, 0x18, 0x18, 0x18, 0x18, 0x18, 0x18, 0x18, 0x18, 0x18, 0x18, 0x18, 0x18, 0x18,
    0x18, 0x18, 0x7E, 0xFE, 0xCE, 0x00, 0x18, 0x18, 0x18, 0x18, 0x18, 0x18, 0x18, 0x18, 0x18, 0x18,
    0x18, 0xFF, 0xFF, 0x00, 0x00, 0x18, 0x18, 0x18, 0x18, 0x18, 0x18, 0x18, 0x18, 0x18, 0x18, 0x18,
    0x18, 0x18, 0x18, 0x18, 0xFF, 0xFF, 0x00, 0x18, 0x18, 0x18, 0x18, 0x18, 0x18, 0x18, 0x18, 0x18,
    0x18, 0x18, 0x66, 0x66, 0x66, 0x66, 0x66, 0x66, 0x66, 0x6E, 0xCF, 0x70, 0x6F, 0x60, 0x66, 0x66,
    0x66, 0x66, 0x66, 0x6E, 0xEF, 0x70, 0x6F, 0x60, 0x06, 0x66, 0x66, 0x66, 0x66, 0x66, 0x66, 0x66,
    0x6D, 0xB6, 0xDB, 0x6D, 0x80, 0x60, 0x76, 0x0E, 0x61, 0xC6, 0x38, 0x67, 0x06, 0xF0, 0x6E, 0x07,
    0xE0, 0x7E, 0x07, 0x70, 0x63, 0x86, 0x38, 0x61, 0xC6, 0x1C, 0x60, 0xE6, 0x07, 0x00, 0x00, 0x60,
    0x0E, 0x00, 0xC0, 0x0C, 0x00, 0xE0, 0x1C, 0x03, 0x80, 0x70, 0x0E, 0x1D, 0xC7, 0x39, 0xC7, 0x70,
    0xEE, 0x1F, 0x83, 0xF8, 0x7B, 0x8E, 0x71, 0xC7, 0x38, 0x77, 0x0E, 0x00, 0x01, 0x80, 0x70, 0x0C,
    0x01, 0x80, 0x18, 0x07, 0x00, 0xC0, 0x38, 0x06, 0x00, 0x00, 0x18, 0x03, 0x00, 0x60, 0x0C, 0x01,
    0x80, 0x30, 0x06, 0x00, 0xC0, 0x18, 0x03, 0x00, 0x60, 0x0C, 0x01, 0x80, 0x3F, 0xF7, 0xFE, 0x39,
    0xDC, 0xC0, 0x01, 0x8C, 0x63, 0x18, 0xC6, 0x31, 0x8C, 0x63, 0x18, 0xC6, 0x00, 0x60, 0x18, 0x06,
    0x01, 0x80, 0x60, 0x18, 0x06, 0x01, 0x80, 0x60, 0x18, 0x06, 0x01, 0x80, 0x60, 0x18, 0x07, 0xFD,
    0xFF, 0x00, 0x03, 0x80, 0xC0, 0x30, 0x0C, 0x00, 0xFF, 0xFF, 0xFF, 0xFF, 0xFF, 0xFF, 0x0D, 0xFC,
    0x67, 0x03, 0xF0, 0x0F, 0x00, 0x30, 0x00, 0x00, 0x0C, 0x00, 0x60, 0x03, 0x00, 0x18, 0x00, 0xC0,
    0x06, 0x00, 0x30, 0x01, 0x80, 0x0C, 0x00, 0x60, 0x03, 0x00, 0x18, 0x00, 0xE0, 0x07, 0xFE, 0x3F,
    0xF0, 0xE7, 0xDF, 0xBF, 0x7E, 0x1C, 0x38, 0x70, 0xE1, 0xC3, 0x87, 0x0E, 0x1C, 0x38, 0x00, 0x38,
    0x01, 0xC0, 0x0E, 0x00, 0x70, 0x03, 0x80, 0x1F, 0x80, 0xFC, 0x1F, 0xC0, 0xF8, 0x01, 0xC0, 0x0E,
    0x00, 0x70, 0x03, 0x80, 0x1F, 0xFC, 0xFF, 0xE0, 0x1C, 0x0E, 0x07, 0x03, 0x81, 0xC0, 0xE8, 0x7E,
    0xFE, 0xFC, 0x6E, 0x07, 0x03, 0x81, 0xC0, 0xE0, 0x70, 0x01, 0xC0, 0x0E, 0x00, 0x60, 0x07, 0x00,
    0x30, 0x00, 0x01, 0xC0, 0xEE, 0x07, 0x78, 0x3B, 0xE1, 0xDF, 0x0E, 0xDC, 0x76, 0x73, 0xB3, 0x9D,
    0x8E, 0xEC, 0x3F, 0x61, 0xFB, 0x07, 0xD8, 0x1E, 0xC0, 0x76, 0x03, 0x80, 0x03, 0x81, 0xC0, 0x60,
    0x38, 0x00, 0x3B, 0xEF, 0xFF, 0xCF, 0xF1, 0xF8, 0x7E, 0x1F, 0x87, 0xE1, 0xF8, 0x7E, 0x1F, 0x87,
    0x70, 0x1B, 0x80, 0xDE, 0x06, 0xF8, 0x37, 0xC1, 0xB7, 0x0D, 0xB8, 0x6C, 0xE3, 0x63, 0x9B, 0x1C,
    0xD8, 0x76, 0xC3, 0xB6, 0x0F, 0xB0, 0x3D, 0x81, 0xEC, 0x07, 0x00, 0x00, 0x18, 0x00, 0xC0, 0x06,
    0x00, 0x60, 0x00, 0xFF, 0x9F, 0xFB, 0xC7, 0x70, 0x6E, 0x0D, 0xC1, 0xB8, 0x37, 0x06, 0xE0, 0xDC,
    0x1B, 0x83, 0x70, 0x60, 0x00, 0x1C, 0x03, 0x80, 0x60, 0x0C, 0x00, 0x1C, 0xC0, 0x7E, 0x01, 0xE0,
    0x06, 0x00, 0x00, 0x38, 0x1D, 0xC0, 0xEF, 0x07, 0x7C, 0x3B, 0xE1, 0xDF, 0x8E, 0xDE, 0x76, 0x7B,
    0xB1, 0xDD, 0x87, 0xEC, 0x3F, 0x60, 0xFB, 0x03, 0xD8, 0x1E, 0xC0, 0x70, 0x3B, 0x87, 0xC0, 0xE0,
    0x00, 0xEF, 0xBF, 0xFF, 0x3F, 0xC7, 0xE1, 0xF8, 0x7E, 0x1F, 0x87, 0xE1, 0xF8, 0x7E, 0x1C, 0xE0,
    0x3F, 0x03, 0xF0, 0x3F, 0x83, 0xFC, 0x3D, 0xC3, 0xCE, 0x3C, 0x73, 0xC7, 0x3C, 0x3B, 0xC1, 0xFC,
    0x1F, 0xC0, 0xFC, 0x07, 0xC0, 0x70, 0x03, 0x00, 0x70, 0x3F, 0x03, 0xE0, 0x47, 0x1F, 0xFB, 0xFF,
    0x78, 0x6E, 0x0F, 0xC1, 0xF8, 0x3F, 0x07, 0xE0, 0xFC, 0x1F, 0x83, 0xF0, 0x70, 0x0E, 0x01, 0xC0,
    0x38, 0x3E, 0x07, 0xC0, 0x0F, 0xE0, 0x0F, 0xE0, 0x00, 0x00, 0x00, 0x00, 0x0F, 0xE0, 0x3F, 0xF8,
    0x7E, 0x7C, 0x78, 0x1E, 0xF0, 0x0E, 0xE0, 0x0E, 0xE0, 0x0F, 0xE0, 0x0F, 0xE0, 0x0F, 0xE0, 0x0E,
    0xF0, 0x0E, 0x78, 0x1E, 0x7E, 0x7C, 0x3F, 0xF8, 0x0F, 0xE0, 0x3F, 0x83, 0xFC, 0x00, 0x00, 0x00,
    0x1F, 0x87, 0xFC, 0x79, 0xEF, 0x0E, 0xE0, 0x7E, 0x07, 0xE0, 0x7F, 0x0E, 0x79, 0xE7, 0xFC, 0x1F,
    0x80, 0x03, 0x70, 0x07, 0x60, 0x07, 0xE0, 0x06, 0xE0, 0x00, 0x00, 0x00, 0x00, 0x0F, 0xE0, 0x3F,
    0xF8, 0x3C, 0x3C, 0x70, 0x1C, 0xE0, 0x0E, 0xE0, 0x0E, 0xE0, 0x06, 0xE0, 0x07, 0xE0, 0x06, 0xE0,
    0x0E, 0xE0, 0x0E, 0x70, 0x1C, 0x3C, 0x3C, 0x3F, 0xF8, 0x0F, 0xE0, 0x0D, 0xC1, 0xDC, 0x1D, 0x81,
    0xB8, 0x00, 0x01, 0xF8, 0x7F, 0xC7, 0x1E, 0xE0, 0xEE, 0x07, 0xE0, 0x7E, 0x07, 0xE0, 0xE7, 0x1E,
    0x7F, 0xC1, 0xF8, 0x0F, 0xFF, 0xE7, 0xFF, 0xFC, 0xF3, 0x80, 0x38, 0x70, 0x0E, 0x0E, 0x01, 0xC1,
    0xC0, 0x38, 0x3F, 0xF7, 0x07, 0xFE, 0xE0, 0xE0, 0x1C, 0x1C, 0x03, 0x83, 0x80, 0x38, 0x70, 0x07,
    0xCE, 0x00, 0x7F, 0xFF, 0xC3, 0xFF, 0xF8, 0x1F, 0x9F, 0x87, 0xFF, 0xFC, 0x79, 0xF9, 0xEF, 0x0F,
    0x0E, 0xE0, 0xFF, 0xFE, 0x07, 0xFF, 0xE0, 0xF0, 0x0F, 0x0F, 0x0E, 0x79, 0xFD, 0xE7, 0xFF, 0xFC,
    0x1F, 0x9F, 0x80, 0x07, 0x00, 0x70, 0x0E, 0x00, 0xE0, 0x0C, 0x00, 0x00, 0x7F, 0xC7, 0xFE, 0x60,
    0xE6, 0x07, 0x60, 0x76, 0x07, 0x61, 0xE7, 0xFC, 0x7F, 0x86, 0x38, 0x63, 0xC6, 0x1C, 0x60, 0xE6,
    0x0E, 0x60, 0x70, 0x0E, 0x38, 0x60, 0xC0, 0x0F, 0xDF, 0xB8, 0x70, 0xC1, 0x83, 0x06, 0x0C, 0x18,
    0x30, 0xFF, 0x1F, 0xF3, 0x0F, 0x60, 0xEC, 0x1D, 0x83, 0xB0, 0xE7, 0xFC, 0xFE, 0x18, 0xE3, 0x1C,
    0x61, 0xCC, 0x1D, 0x83, 0xB0, 0x38, 0x00, 0x0C, 0x01, 0x80, 0x70, 0x0C, 0x00, 0x46, 0xFF, 0xFE,
    0xF0, 0xE0, 0xE0, 0xE0, 0xE0, 0xE0, 0xE0, 0xE0, 0xE0, 0x00, 0x60, 0x60, 0xC0, 0xC0, 0x73, 0x03,
    0xF0, 0x1E, 0x01, 0xC0, 0x00, 0x07, 0xFC, 0x7F, 0xE6, 0x0E, 0x60, 0x76, 0x07, 0x60, 0x76, 0x1E,
    0x7F, 0xC7, 0xF8, 0x63, 0x86, 0x3C, 0x61, 0xC6, 0x0E, 0x60, 0xE6, 0x07, 0xEE, 0xF8, 0xE0, 0x07,
    0xEF, 0xDC, 0x38, 0x60, 0xC1, 0x83, 0x06, 0x0C, 0x18, 0x00, 0x03, 0x80, 0x38, 0x07, 0x00, 0x60,
    0x00, 0x00, 0x00, 0x3F, 0x87, 0xFC, 0xF9, 0xEE, 0x0E, 0xE0, 0x6F, 0x80, 0x7F, 0x83, 0xFE, 0x07,
    0xE0, 0x0F, 0xE0, 0x7E, 0x07, 0xF9, 0xF7, 0xFE, 0x3F, 0xC0, 0x07, 0x03, 0x03, 0x81, 0x80, 0x03,
    0xF3, 0xFD, 0xC7, 0xE0, 0x7E, 0x1F, 0xC1, 0xFE, 0x3F, 0x1D, 0xFE, 0x7E, 0x3F, 0x87, 0xFC, 0xF1,
    0xEE, 0x0E, 0xE0, 0x0F, 0x80, 0x7F, 0x03, 0xFC, 0x07, 0xE0, 0x0F, 0xE0, 0x7E, 0x07, 0xF9, 0xE7,
    0xFE, 0x3F, 0xC0, 0xC0, 0x0F, 0x00, 0xB0, 0x03, 0x01, 0xF0, 0x7E, 0x3F, 0xB8, 0xFC, 0x2F, 0xC3,
    0xF8, 0x3F, 0x87, 0xE3, 0xFF, 0xDF, 0xC3, 0x01, 0xE0, 0xF8, 0x18, 0x3C, 0x39, 0x81, 0xF8, 0x1F,
    0x00, 0xE0, 0x00, 0x03, 0xF8, 0x7F, 0xCF, 0x9E, 0xE0, 0xEE, 0x00, 0xF8, 0x07, 0xF8, 0x3F, 0xE0,
    0x7E, 0x00, 0xFE, 0x07, 0xE0, 0x7F, 0x9F, 0x7F, 0xE3, 0xFC, 0x77, 0x1F, 0x87, 0x80, 0x07, 0xE7,
    0xFB, 0xDF, 0xC0, 0xFC, 0x3F, 0x83, 0xFC, 0x7F, 0x3B, 0xFC, 0xFC, 0x7F, 0xFB, 0xFF, 0xC1, 0xC0,
    0x0E, 0x00, 0x70, 0x03, 0x80, 0x1C, 0x00, 0xE0, 0x07, 0x00, 0x38, 0x01, 0xC0, 0x0E, 0x00, 0x70,
    0x03, 0x80, 0x1C, 0x00, 0x60, 0x07, 0xC0, 0x16, 0x00, 0x30, 0x0F, 0x80, 0x38, 0x1C, 0x0E, 0x1F,
    0xEF, 0xF1, 0xC0, 0xE0, 0x70, 0x38, 0x1C, 0x0E, 0x07, 0x01, 0xF0, 0xF8, 0x30, 0x1E, 0x0B, 0x81,
    0xC3, 0xC0, 0x1C, 0xE0, 0x7E, 0x01, 0xE0, 0x06, 0x00, 0x00, 0x3F, 0xFD, 0xFF, 0xE0, 0xE0, 0x07,
    0x00, 0x38, 0x01, 0xC0, 0x0E, 0x00, 0x70, 0x03, 0x80, 0x1C, 0x00, 0xE0, 0x07, 0x00, 0x38, 0x01,
    0xC0, 0x0E, 0x00, 0x03, 0x81, 0xC0, 0xC7, 0x63, 0x81, 0xC3, 0xFD, 0xFE, 0x38, 0x1C, 0x0E, 0x07,
    0x03, 0x81, 0xC0, 0x70, 0x3E, 0x0F, 0x00, 0x7F, 0xFB, 0xFF, 0xC1, 0xC0, 0x0E, 0x00, 0x70, 0x03,
    0x81, 0xFF, 0xCF, 0xFE, 0x07, 0x00, 0x38, 0x01, 0xC0, 0x0E, 0x00, 0x70, 0x03, 0x80, 0x1C, 0x00,
    0x38, 0x38, 0x38, 0xFF, 0xFF, 0x38, 0x7E, 0x7E, 0x38, 0x38, 0x38, 0x38, 0x1F, 0x0F, 0x00, 0x40,
    0x76, 0x07, 0xF0, 0x37, 0x81, 0x98, 0x00, 0x01, 0x80, 0xEC, 0x07, 0x60, 0x3B, 0x01, 0xD8, 0x0E,
    0xC0, 0x76, 0x03, 0xB0, 0x1D, 0x80, 0xEC, 0x07, 0x60, 0x3B, 0x81, 0xDE, 0x1C, 0x7F, 0xE1, 0xFC,
    0x00, 0x3D, 0x8F, 0xE3, 0x70, 0x00, 0xE1, 0xF8, 0x7E, 0x1F, 0x87, 0xE1, 0xF8, 0x7E, 0x1F, 0x87,
    0x73, 0xDF, 0xF3, 0xFC, 0x1F, 0xC0, 0xFE, 0x00, 0x00, 0x00, 0x06, 0x03, 0xB0, 0x1D, 0x80, 0xEC,
    0x07, 0x60, 0x3B, 0x01, 0xD8, 0x0E, 0xC0, 0x76, 0x03, 0xB0, 0x1D, 0x80, 0xEE, 0x07, 0x78, 0x71,
    0xFF, 0x87, 0xF0, 0x3F, 0x8F, 0xE0, 0x00, 0x00, 0xE1, 0xF8, 0x7E, 0x1F, 0x87, 0xE1, 0xF8, 0x7E,
    0x1F, 0xC7, 0xF3, 0xDF, 0xF3, 0xFC, 0x18, 0xC0, 0xEE, 0x03, 0xE0, 0x0E, 0x00, 0x00, 0x30, 0x1F,
    0x80, 0xFC, 0x07, 0xE0, 0x3F, 0x01, 0xF8, 0x0F, 0xC0, 0x7E, 0x03, 0xF0, 0x1F, 0x80, 0xEC, 0x07,
    0x60, 0x33, 0x83, 0x8F, 0xF8, 0x3F, 0x80, 0x70, 0x00, 0x31, 0x87, 0x70, 0x7C, 0x07, 0x04, 0x05,
    0xC1, 0xB8, 0x37, 0x06, 0xE0, 0xDC, 0x1B, 0x83, 0x70, 0x6E, 0x0D, 0xC3, 0x9F, 0xF3, 0xFE, 0x0C,
    0x00, 0x07, 0x80, 0x7C, 0x03, 0x70, 0x1B, 0x80, 0xF8, 0x03, 0x80, 0x00, 0x0C, 0x07, 0x60, 0x3B,
    0x01, 0xD8, 0x0E, 0xC0, 0x76, 0x03, 0xB0, 0x1D, 0x80, 0xEC, 0x07, 0x60, 0x3B, 0x01, 0xDC, 0x0E,
    0xF0, 0xE3, 0xFF, 0x0F, 0xE0, 0x1E, 0x07, 0xC3, 0xB0, 0xEC, 0x1F, 0x07, 0x80, 0x03, 0x87, 0xE1,
    0xF8, 0x7E, 0x1F, 0x87, 0xE1, 0xF8, 0x7E, 0x1D, 0xCF, 0x7F, 0xCF, 0xF0, 0x06, 0xE0, 0x76, 0x03,
    0xB0, 0x1B, 0x80, 0x00, 0x00, 0x01, 0x80, 0xEC, 0x07, 0x60, 0x3B, 0x01, 0xD8, 0x0E, 0xC0, 0x76,
    0x03, 0xB0, 0x1D, 0x80, 0xEC, 0x07, 0x60, 0x3B, 0x81, 0xDE, 0x1C, 0x7F, 0xE1, 0xFC, 0x00, 0x1D,
    0xC7, 0xE3, 0xB8, 0xEE, 0x00, 0x38, 0x7E, 0x1F, 0x87, 0xE1, 0xF8, 0x7E, 0x1F, 0x87, 0xF1, 0xFC,
    0xF7, 0xFC, 0xFF, 0x60, 0x3B, 0x01, 0xD8, 0x0E, 0xC0, 0x76, 0x03, 0xB0, 0x1D, 0x80, 0xEC, 0x07,
    0x60, 0x3B, 0x01, 0xD8, 0x0E, 0xE0, 0x77, 0x07, 0x9F, 0xF8, 0xFF, 0x81, 0xF0, 0x06, 0x00, 0x3C,
    0x01, 0xE0, 0xE1, 0xDC, 0x3B, 0x87, 0x70, 0xEE, 0x1D, 0xC3, 0xB8, 0x77, 0x0E, 0x73, 0xCF, 0xF8,
    0xFF, 0x00, 0xC0, 0x18, 0x03, 0xC0, 0x78, 0x00, 0x70, 0x00, 0x0F, 0x80, 0x01, 0xD8, 0x00, 0x19,
    0xC0, 0x00, 0x00, 0x0E, 0x07, 0x07, 0x60, 0xF0, 0x77, 0x0F, 0x07, 0x70, 0xF8, 0x67, 0x0F, 0x8E,
    0x31, 0xF8, 0xE3, 0x9D, 0x8E, 0x39, 0xDD, 0xC3, 0xB9, 0xDC, 0x1F, 0x8D, 0xC1, 0xF8, 0xF8, 0x1F,
    0x0F, 0x80, 0xF0, 0xF8, 0x0F, 0x07, 0x80, 0xF0, 0x70, 0x01, 0xE0, 0x00, 0xFC, 0x00, 0x33, 0x80,
    0x00, 0x00, 0x70, 0xE1, 0xDC, 0x78, 0x77, 0x1E, 0x39, 0xC7, 0xCE, 0x3B, 0xF3, 0x8E, 0xED, 0xC3,
    0xBB, 0xF0, 0x7C, 0xFC, 0x1F, 0x3E, 0x07, 0xC7, 0x80, 0xE1, 0xE0, 0x07, 0x80, 0x1E, 0x00, 0xFC,
    0x03, 0x38, 0x00, 0x03, 0x80, 0x77, 0x03, 0x8E, 0x1C, 0x38, 0x70, 0x73, 0x81, 0xCE, 0x03, 0xF0,
    0x0F, 0xC0, 0x1E, 0x00, 0x78, 0x00, 0xC0, 0x03, 0x00, 0x0C, 0x00, 0x30, 0x00, 0xC0, 0x0F, 0x01,
    0xF8, 0x19, 0xC0, 0x00, 0x70, 0x77, 0x0E, 0x70, 0xE3, 0x8E, 0x39, 0xC1, 0xDC, 0x1D, 0x81, 0xF8,
    0x0F, 0x80, 0xF0, 0x0F, 0x00, 0xF0, 0x1E, 0x0F, 0xC0, 0xF8, 0x00, 0x0C, 0xC0, 0x7F, 0x80, 0xCC,
    0x00, 0x00, 0xE0, 0x1D, 0xC0, 0xE3, 0x87, 0x0E, 0x1C, 0x1C, 0xE0, 0x73, 0x80, 0xFC, 0x03, 0xF0,
    0x07, 0x80, 0x1E, 0x00, 0x30, 0x00, 0xC0, 0x03, 0x00, 0x0C, 0x00, 0x30, 0x00, 0x03, 0x80, 0x38,
    0x07, 0x00, 0x70, 0x06, 0x00, 0x00, 0xFF, 0xFF, 0xFF, 0x00, 0xE0, 0x1C, 0x03, 0xC0, 0x38, 0x07,
    0x00, 0xF0, 0x0E, 0x01, 0xC0, 0x38, 0x07, 0x80, 0x70, 0x0F, 0xFF, 0xFF, 0xF0, 0x07, 0x01, 0xC0,
    0x60, 0x38, 0x00, 0x1F, 0xF7, 0xFC, 0x0F, 0x07, 0x81, 0xC0, 0xE0, 0x70, 0x38, 0x1E, 0x07, 0xFD,
    0xFF, 0x0E, 0x00, 0xE0, 0x0E, 0x00, 0x00, 0x00, 0x0F, 0xFF, 0xFF, 0xF0, 0x0E, 0x01, 0xE0, 0x3C,
    0x03, 0x80, 0x70, 0x0F, 0x01, 0xE0, 0x1C, 0x03, 0x80, 0x78, 0x07, 0x00, 0xFF, 0xFF, 0xFF, 0x0E,
    0x03, 0x80, 0xC0, 0x00, 0x7F, 0xDF, 0xF0, 0x3C, 0x0E, 0x07, 0x03, 0x81, 0xC0, 0xE0, 0x78, 0x1F,
    0xF7, 0xFC, 0x39, 0x81, 0xF0, 0x0F, 0x00, 0x60, 0x00, 0x0F, 0xFF, 0xFF, 0xF0, 0x0E, 0x01, 0xE0,
    0x3C, 0x03, 0x80, 0x70, 0x0F, 0x01, 0xE0, 0x1C, 0x03, 0x80, 0x78, 0x07, 0x00, 0xFF, 0xFF, 0xFF,
    0x33, 0x87, 0xC0, 0xE0, 0x00, 0x7F, 0xDF, 0xF0, 0x3C, 0x0E, 0x07, 0x03, 0x81, 0xC0, 0xE0, 0x78,
    0x1F, 0xF7, 0xFC, 0x00, 0x0C, 0x00, 0x0C, 0x0F, 0xFC, 0x3F, 0xF8, 0x3C, 0x3C, 0x70, 0x1E, 0xE0,
    0x0E, 0xE0, 0x0E, 0xE0, 0x06, 0xE0, 0x07, 0xE0, 0x06, 0xE0, 0x0E, 0xE0, 0x0E, 0x70, 0x1C, 0x3C,
    0x3C, 0x3F, 0xF8, 0x0F, 0xE0, 0x00, 0x70, 0x07, 0x1F, 0xE7, 0xFC, 0x71, 0xEE, 0x0E, 0xE0, 0x7E,
    0x07, 0xE0, 0x6E, 0x0E, 0x71, 0xE7, 0xFC, 0x1F, 0x80, 0x00, 0x06, 0x00, 0x07, 0x00, 0x07, 0x60,
    0x3E, 0x60, 0x3E, 0x60, 0x38, 0x60, 0x38, 0x60, 0x38, 0x60, 0x38, 0x60, 0x38, 0x60, 0x38, 0x60,
    0x38, 0x60, 0x38, 0x70, 0x38, 0x70, 0x38, 0x78, 0xF0, 0x3F, 0xF0, 0x0F, 0xC0, 0x00, 0x30, 0x07,
    0xE1, 0xFE, 0x1C, 0xE1, 0xCE, 0x1C, 0xE1, 0xCE, 0x1C, 0xE1, 0xCE, 0x1C, 0xF3, 0xC7, 0xFC, 0x7F,
    0xC0, 0x0E, 0x60, 0x0F, 0xC0, 0x0F, 0x00, 0x1C, 0x00, 0x00, 0x01, 0xFC, 0x0F, 0xFE, 0x3F, 0x7E,
    0x78, 0x1D, 0xE0, 0x3B, 0x80, 0x07, 0x00, 0x0E, 0x1F, 0xFC, 0x3F, 0xF8, 0x03, 0xF8, 0x0E, 0x78,
    0x1C, 0xFD, 0xF0, 0xFF, 0xE0, 0x7F, 0x00, 0x39, 0x81, 0xF0, 0x0F, 0x00, 0x00, 0x3F, 0x77, 0xFF,
    0x71, 0xFE, 0x0F, 0xE0, 0x7E, 0x07, 0xE0, 0x7E, 0x0F, 0x71, 0xF7, 0xFF, 0x3F, 0x66, 0x06, 0x70,
    0xE7, 0xFC, 0x3F, 0x80, 0x3F, 0x9F, 0xFE, 0x0B, 0x80, 0xE0, 0x38, 0x0F, 0x81, 0xF8, 0x1F, 0x81,
    0xF0, 0x1C, 0x07, 0x01, 0xE0, 0x7F, 0xFB, 0xFC, 0x00, 0x03, 0x00, 0xC0, 0x30, 0x18, 0x00, 0x3F,
    0x9F, 0xE6, 0x01, 0x80, 0x78, 0x0F, 0x80, 0xF8, 0x0E, 0x01, 0x80, 0x6F, 0xF9, 0xFC, 0x00, 0x03,
    0x00, 0xC0, 0x30, 0x18, 0x00, 0xFF, 0xFF, 0xFC, 0x38, 0x07, 0x00, 0xE0, 0x1C, 0x03, 0x80, 0x70,
    0x0E, 0x01, 0xC0, 0x38, 0x07, 0x00, 0xE0, 0x1C, 0x03, 0x80, 0x70, 0x00, 0x00, 0xC0, 0x18, 0x07,
    0x00, 0xC0, 0x30, 0x30, 0x30, 0xFE, 0xFE, 0x30, 0x30, 0x30, 0x30, 0x30, 0x30, 0x30, 0x30, 0x3E,
    0x1E, 0x00, 0x0C, 0x1C, 0x18, 0x18, 0xE7, 0x1C, 0x60, 0x3B, 0x99, 0xC0, 0x38, 0x79, 0xF7, 0x70,
    0x01, 0xFF, 0xFE, 0x60, 0xFF, 0xFC, 0xC7, 0xFD, 0xF0, 0x6F, 0x70, 0x66, 0xFF, 0x66, 0xFE, 0xCE,
    0xE2, 0x00, 0x7B, 0xFF, 0xF3, 0xFD, 0xE0, 0x77, 0x76, 0x6E, 0x6E, 0xE6, 0xDD, 0xF1, 0xE0, 0x66,
    0xFE, 0x0C, 0x31, 0xFF, 0x70, 0x7F, 0x70, 0x7F, 0x66, 0x07, 0x3D, 0xF3, 0xF8, 0x2E, 0xCF, 0x70,
    0x70, 0x39, 0xC1, 0xC7, 0x0C, 0x1C, 0xE1, 0xF7, 0x1F, 0xF1, 0xCF, 0x0E, 0x38, 0x70, 0xC3, 0x07,
    0x18, 0x1D, 0xC0, 0xE0, 0x7F, 0x87, 0xF8, 0x01, 0xC0, 0x1C, 0x01, 0xC0, 0x1C, 0x01, 0xC0, 0x1C,
    0x01, 0xC0, 0x1C, 0x7F, 0xEF, 0xFE, 0x7C, 0x7E, 0x0E, 0x0E, 0x0E, 0x0E, 0x0E, 0x0E, 0x0E, 0x1E,
    0xF6, 0xE7, 0x00, 0xFF, 0xEF, 0xFC, 0x0E, 0x01, 0xC0, 0x38, 0x07, 0x00, 0xE0, 0x1C, 0x03, 0x80,
    0x70, 0x0E, 0x01, 0xC0, 0xFF, 0xDF, 0xF8, 0x03, 0x80, 0x70, 0x0F, 0xC1, 0xF8, 0x3F, 0x07, 0xE0,
    0xFC, 0x1F, 0x83, 0xF0, 0x70, 0x7B, 0xCE, 0x73, 0x9C, 0xE7, 0x39, 0xCE, 0x70, 0xFE, 0xF8, 0xE1,
    0x87, 0x0E, 0x1C, 0x18, 0x30, 0x70, 0xE1, 0xC0, 0x7F, 0xE3, 0xFF, 0x8C, 0x0C, 0x60, 0x73, 0x03,
    0x98, 0x1C, 0xC0, 0xE6, 0x07, 0x30, 0x39, 0x81, 0xCC, 0x0E, 0x60, 0x70, 0xC7, 0xCC, 0x7E, 0xC0,
    0xEC, 0x06, 0xC0, 0x6C, 0x06, 0xE0, 0x6E, 0x06, 0xE0, 0xE7, 0x1E, 0x7F, 0xC3, 0xF8, 0x7B, 0xCE,
    0x73, 0x9C, 0xE0, 0x7F, 0x9F, 0xF0, 0x1C, 0x03, 0x00, 0xC0, 0x30, 0x0C, 0x03, 0x00, 0xC0, 0x30,
    0x0C, 0x03, 0x00, 0xC0, 0x30, 0x0C, 0x03, 0x7F, 0x1F, 0xE0, 0x38, 0x07, 0x01, 0xC0, 0x70, 0x1C,
    0x07, 0x01, 0xC0, 0xE7, 0xF9, 0xFC, 0x60, 0x1C, 0x03, 0x80, 0x70, 0x0F, 0xFD, 0xFF, 0x80, 0x70,
    0x0E, 0x03, 0x80, 0x70, 0x0C, 0x03, 0x80, 0x70, 0x0C, 0x03, 0x80, 0x70, 0xFF, 0xEF, 0xFF, 0x70,
    0x77, 0x07, 0x70, 0x77, 0x07, 0x70, 0x77, 0x07, 0x70, 0x77, 0x07, 0x7F, 0xF7, 0xFF, 0x67, 0xE3,
    0xBF, 0x9F, 0x1E, 0x70, 0x73, 0x81, 0x9C, 0x0C, 0xE0, 0x66, 0x07, 0x30, 0x3B, 0x83, 0xDD, 0xFC,
    0xEF, 0xC0, 0x7B, 0xCE, 0x73, 0x9C, 0xE7, 0x39, 0xCE, 0x73, 0x9C, 0xE7, 0xFB, 0xE1, 0xC7, 0x1C,
    0x71, 0xC7, 0x1C, 0x7F, 0xFF, 0x7F, 0xE3, 0xFF, 0x8E, 0x1C, 0x60, 0x77, 0x03, 0xB8, 0x1D, 0xC0,
    0xEE, 0x07, 0x30, 0x71, 0xC3, 0x8F, 0xF8, 0x1F, 0x80, 0x00, 0x07, 0x07, 0x70, 0x73, 0x07, 0x30,
    0x73, 0x86, 0x38, 0x61, 0x8E, 0x18, 0xE1, 0xCC, 0x1D, 0xC1, 0xF8, 0x7F, 0x0F, 0x80, 0x00, 0x00,
    0x3F, 0x0F, 0xF3, 0x87, 0x60, 0x6C, 0x0F, 0xC1, 0xFC, 0x3B, 0xC7, 0x00, 0xE0, 0x1C, 0x03, 0x80,
    0x70, 0x0E, 0x01, 0xC0, 0x38, 0x07, 0x3F, 0x0F, 0xF3, 0x87, 0x60, 0x6C, 0x0F, 0xC1, 0xFE, 0x39,
    0xC7, 0x00, 0xC0, 0x7B, 0xFE, 0x7F, 0x80, 0xE0, 0xCE, 0x19, 0xC7, 0x1C, 0xE3, 0x9C, 0x37, 0x07,
    0xE0, 0xF0, 0x0C, 0x01, 0xC0, 0x38, 0x03, 0x00, 0x70, 0x0E, 0x01, 0xC0, 0x18, 0x70, 0xEF, 0x1C,
    0xE3, 0x8E, 0x61, 0xDC, 0x1F, 0x81, 0xE0, 0x38, 0x03, 0x80, 0x39, 0xFF, 0x3F, 0xE0, 0xFF, 0xFF,
    0xFE, 0x00, 0xE0, 0x0E, 0x60, 0xE6, 0x0C, 0x61, 0xC6, 0x1C, 0x61, 0x86, 0x38, 0x63, 0x86, 0x30,
    0x60, 0x06, 0x00, 0x60, 0x06, 0x00, 0x7F, 0x1F, 0xE0, 0x1C, 0x07, 0x01, 0xC0, 0x70, 0x1C, 0x07,
    0x01, 0xC0, 0x70, 0x1C, 0x07, 0xE7, 0x1F, 0x38, 0xF9, 0xC7, 0xCE, 0x3E, 0xE1, 0xFF, 0x0F, 0xF0,
    0xFC, 0x07, 0x60, 0x3B, 0x83, 0x8F, 0xF8, 0x3F, 0x80, 0x7F, 0xF3, 0xFF, 0xC6, 0x0E, 0x30, 0x71,
    0x83, 0x8C, 0x1C, 0x60, 0xE3, 0x07, 0x18, 0x38, 0xC1, 0xDE, 0x0F, 0xE0, 0x70, 0x27, 0x67, 0x70,
    0x33, 0x77, 0x6E, 0x00, 0x6E, 0xE4, 0x00, 0x3F, 0xBF, 0xFC, 0x2C, 0x07, 0x03, 0x80, 0xE0, 0x38,
    0x0E, 0x03, 0x01, 0x80, 0x00, 0x60, 0x78, 0x3C, 0x0C, 0x00, 0x1C, 0x3E, 0x7C, 0x60, 0x60, 0x73,
    0x3F, 0xFE, 0xF8, 0x00, 0xFF, 0xFC, 0x00, 0x77, 0x30, 0xFF, 0x00, 0x6F, 0xF2, 0x0C, 0xEE, 0x66,
    0x67, 0x77, 0x77, 0x73, 0x30, 0x00, 0x18, 0x76, 0x19, 0xFE, 0x7F, 0x1F, 0x07, 0x00, 0xC0, 0x30,
    0x0C, 0x03, 0x00, 0xC0, 0x38, 0x0E, 0x03, 0x80, 0x00, 0x00, 0x06, 0x36, 0x67, 0x67, 0x77, 0x7F,
    0xE7, 0xFE, 0x70, 0x03, 0x00, 0x30, 0x03, 0x00, 0x30, 0x03, 0x00, 0x38, 0x03, 0x80, 0x38, 0x00,
    0x00, 0x00, 0x07, 0x03, 0xE1, 0xE0, 0x60, 0x38, 0x0F, 0xC1, 0xF0, 0x3C, 0x1C, 0x06, 0x03, 0x80,
    0xE0, 0x1F, 0xE3, 0xF8, 0x00, 0x1E, 0x0F, 0xC7, 0x39, 0x86, 0x61, 0xB8, 0x7E, 0x1D, 0x86, 0x61,
    0x9F, 0xE3, 0xF0, 0x00, 0x00, 0x3F, 0xCF, 0xF0, 0x2C, 0x03, 0x00, 0xE0, 0x38, 0x0E, 0x03, 0x80,
    0xE0, 0x18, 0x06, 0x01, 0x80, 0x70, 0x1C, 0x00, 0x40, 0x0E, 0x07, 0xE0, 0x67, 0x0E, 0x70, 0xE3,
    0x0C, 0x39, 0xC3, 0x98, 0x19, 0x81, 0xF8, 0x1F, 0x00, 0xF0, 0x0F, 0x00, 0xE0, 0x06, 0x00, 0x00,
    0x02, 0x00, 0x60, 0x07, 0x00, 0xF0, 0x0F, 0x00, 0xF8, 0x1F, 0x81, 0x98, 0x39, 0xC3, 0x9C, 0x30,
    0xC7, 0x0E, 0x70, 0xEE, 0x06, 0xE0, 0x70, 0x00, 0x08, 0x0F, 0x87, 0xF1, 0x9C, 0xE3, 0x38, 0xC7,
    0xF1, 0xFC, 0x1F, 0x80, 0xE0, 0x38, 0x06, 0x01, 0x80, 0x60, 0x18, 0x00, 0x00, 0x10, 0x00, 0xE0,
    0x03, 0x98, 0x06, 0x60, 0x1B, 0x80, 0x7E, 0x01, 0xF8, 0x06, 0xE0, 0x39, 0xE3, 0xC3, 0xFF, 0x07,
    0xF0, 0x7D, 0xF0, 0x18, 0x1C, 0x3E, 0x7E, 0x67, 0xE3, 0xE3, 0xE3, 0x7F, 0x7E, 0x6F, 0xF2, 0x0C,
    0xEE, 0x66, 0x67, 0x77, 0x77, 0x73, 0x30, 0x00, 0x18, 0x76, 0x19, 0xFE, 0x7F, 0x1F, 0x07, 0x00,
    0xC0, 0x30, 0x0C, 0x03, 0x00, 0xC0, 0x38, 0x0E, 0x03, 0x80, 0x00, 0x00, 0x06, 0x36, 0x67, 0x67,
    0x77, 0x7F, 0xE7, 0xFE, 0x70, 0x03, 0x00, 0x30, 0x03, 0x00, 0x30, 0x03, 0x00, 0x38, 0x03, 0x80,
    0x38, 0x00, 0x00, 0x00, 0x39, 0xE6, 0xF1, 0xB0, 0x7F, 0x9F, 0xE7, 0xE1, 0xC0, 0x30, 0x0C, 0x03,
    0x00, 0xC0, 0x30, 0x0C, 0x03, 0x00, 0x00, 0x07, 0x01, 0xE0, 0x78, 0x1F, 0x0E, 0xC3, 0x39, 0xC6,
    0x61, 0xB8, 0x6E, 0x1F, 0x87, 0xED, 0xDF, 0xE7, 0xF8, 0x00, 0x3E, 0x7E, 0x60, 0x60, 0x60, 0x73,
    0x3F, 0x1E, 0x1C, 0x38, 0x70, 0x60, 0xE0, 0xC0, 0x00, 0x40, 0x0E, 0x07, 0xE0, 0x67, 0x0E, 0x70,
    0xE3, 0x0C, 0x39, 0xC3, 0x98, 0x19, 0x81, 0xF8, 0x1F, 0x00, 0xF0, 0x0F, 0x00, 0xE0, 0x06, 0x00,
    0x00, 0x02, 0x00, 0x60, 0x07, 0x00, 0xF0, 0x0F, 0x00, 0xF8, 0x1F, 0x81, 0x98, 0x39, 0xC3, 0x9C,
    0x30, 0xC7, 0x0E, 0x70, 0xEE, 0x06, 0xE0, 0x70, 0x00, 0x08, 0x0F, 0x87, 0xF1, 0x9C, 0xE3, 0x38,
    0xC7, 0xF1, 0xFC, 0x1F, 0x80, 0xE0, 0x38, 0x06, 0x01, 0x80, 0x60, 0x18, 0x00, 0x03, 0xC0, 0x0F,
    0x80, 0x1F, 0x00, 0x3F, 0x00, 0xEE, 0x01, 0xCC, 0x03, 0x1C, 0x0E, 0x38, 0x1C, 0x38, 0x3F, 0xF0,
    0xFF, 0xE1, 0xC0, 0xE7, 0x01, 0xCE, 0x03, 0x9C, 0x03, 0x80, 0x00, 0x00, 0x00, 0x07, 0x00, 0x0E,
    0x00, 0x1C, 0x00, 0x3F, 0x67, 0xFE, 0x71, 0xEE, 0x0E, 0xE0, 0x6E, 0x06, 0xE0, 0x6E, 0x0E, 0x71,
    0xE7, 0xFE, 0x3F, 0x60, 0x00, 0x00, 0x00, 0xE0, 0x0F, 0x00, 0x60, 0x03, 0xC0, 0x0D, 0x80, 0x03,
    0x00, 0x0E, 0x00, 0x18, 0x00, 0x00, 0x00, 0xF0, 0x03, 0xE0, 0x07, 0xC0, 0x0F, 0xC0, 0x3B, 0x80,
    0x73, 0x00, 0xC7, 0x03, 0x8E, 0x07, 0x0E, 0x0F, 0xFC, 0x3F, 0xF8, 0x70, 0x39, 0xC0, 0x73, 0x80,
    0xE7, 0x00, 0xE0, 0x0F, 0x01, 0xF8, 0x03, 0x80, 0x70, 0x06, 0x00, 0x00, 0x3F, 0x67, 0xFE, 0x71,
    0xEE, 0x0E, 0xE0, 0x6E, 0x06, 0xE0, 0x6E, 0x0E, 0x71, 0xE7, 0xFE, 0x3F, 0x60, 0x00, 0x1C, 0x00,
    0x38, 0x00, 0xE0, 0x1D, 0x80, 0x3C, 0x00, 0xFC, 0x03, 0x98, 0x00, 0x00, 0x03, 0xC0, 0x0F, 0x80,
    0x1F, 0x00, 0x3F, 0x00, 0xEE, 0x01, 0xCC, 0x03, 0x1C, 0x0E, 0x38, 0x1C, 0x38, 0x3F, 0xF0, 0xFF,
    0xE1, 0xC0, 0xE7, 0x01, 0xCE, 0x03, 0x9C, 0x03, 0x80, 0x00, 0x30, 0x03, 0x80, 0x18, 0x01, 0xC0,
    0xFC, 0x0F, 0xC0, 0xE6, 0x00, 0x00, 0x3F, 0x63, 0xFF, 0x1C, 0x79, 0xC1, 0xCE, 0x06, 0x70, 0x33,
    0x81, 0x9C, 0x1C, 0x71, 0xE3, 0xFF, 0x0F, 0xD8, 0x00, 0xE0, 0x00, 0xE0, 0x00, 0xC0, 0x1D, 0x80,
    0x7C, 0x01, 0xDC, 0x00, 0x00, 0x00, 0x00, 0x03, 0xC0, 0x0F, 0x80, 0x1F, 0x00, 0x3F, 0x00, 0xEE,
    0x01, 0xCC, 0x03, 0x1C, 0x0E, 0x38, 0x1C, 0x38, 0x3F, 0xF0, 0xFF, 0xE1, 0xC0, 0xE7, 0x01, 0xCE,
    0x03, 0x9C, 0x03, 0x80, 0x03, 0x80, 0x1C, 0x00, 0xC0, 0xFE, 0x1F, 0x03, 0x98, 0x00, 0x03, 0xF6,
    0x7F, 0xE7, 0x1E, 0xE0, 0xEE, 0x06, 0xE0, 0x6E, 0x06, 0xE0, 0xE7, 0x1E, 0x7F, 0xE3, 0xF6, 0x00,
    0x78, 0x01, 0xF8, 0x00, 0x70, 0x0D, 0xC0, 0x3E, 0x00, 0xFC, 0x03, 0x98, 0x00, 0x00, 0x03, 0xC0,
    0x0F, 0x80, 0x1F, 0x00, 0x3F, 0x00, 0xEE, 0x01, 0xCC, 0x03, 0x1C, 0x0E, 0x38, 0x1C, 0x38, 0x3F,
    0xF0, 0xFF, 0xE1, 0xC0, 0xE7, 0x01, 0xCE, 0x03, 0x9C, 0x03, 0x80, 0x01, 0xE0, 0x1B, 0x00, 0x70,
    0x0E, 0x0F, 0xC1, 0xF8, 0x39, 0x80, 0x00, 0x3F, 0x67, 0xFE, 0x71, 0xEE, 0x0E, 0xE0, 0x6E, 0x06,
    0xE0, 0x6E, 0x0E, 0x71, 0xE7, 0xFE, 0x3F, 0x60, 0x00, 0x20, 0x0F, 0xC0, 0x3F, 0x80, 0x66, 0x00,
    0x38, 0x00, 0xF8, 0x01, 0xB8, 0x06, 0x30, 0x00, 0x00, 0x07, 0x80, 0x1F, 0x00, 0x3E, 0x00, 0x7E,
    0x01, 0xDC, 0x03, 0x98, 0x06, 0x38, 0x1C, 0x70, 0x38, 0x70, 0x7F, 0xE1, 0xFF, 0xC3, 0x81, 0xCE,
    0x03, 0x9C, 0x07, 0x38, 0x07, 0x1D, 0x83, 0xF8, 0x37, 0x80, 0x00, 0x0F, 0x01, 0xF8, 0x39, 0x80,
    0x00, 0x3F, 0x67, 0xFE, 0x71, 0xEE, 0x0E, 0xE0, 0x6E, 0x06, 0xE0, 0x6E, 0x0E, 0x71, 0xE7, 0xFE,
    0x3F, 0x60, 0x03, 0x80, 0x07, 0x80, 0x1B, 0x80, 0x73, 0x00, 0x00, 0x00, 0x78, 0x01, 0xF0, 0x03,
    0xE0, 0x07, 0xE0, 0x1D, 0xC0, 0x39, 0x80, 0x63, 0x81, 0xC7, 0x03, 0x87, 0x07, 0xFE, 0x1F, 0xFC,
    0x38, 0x1C, 0xE0, 0x39, 0xC0, 0x73, 0x80, 0x70, 0x00, 0x00, 0x00, 0x00, 0xE0, 0x01, 0xC0, 0x03,
    0x80, 0x0F, 0x01, 0xF8, 0x39, 0x80, 0x00, 0x3F, 0x67, 0xFE, 0x71, 0xEE, 0x0E, 0xE0, 0x6E, 0x06,
    0xE0, 0x6E, 0x0E, 0x71, 0xE7, 0xFE, 0x3F, 0x60, 0x00, 0x00, 0x00, 0xE0, 0x0F, 0x00, 0x60, 0x00,
    0xE0, 0x01, 0x80, 0x07, 0x00, 0x0C, 0x00, 0xC6, 0x01, 0xDC, 0x01, 0xF8, 0x01, 0xE0, 0x00, 0x00,
    0x07, 0x80, 0x1F, 0x00, 0x3E, 0x00, 0x7E, 0x01, 0xDC, 0x03, 0x98, 0x06, 0x38, 0x1C, 0x70, 0x38,
    0x70, 0x7F, 0xE1, 0xFF, 0xC3, 0x81, 0xCE, 0x03, 0x9C, 0x07, 0x38, 0x07, 0x03, 0x80, 0x38, 0x07,
    0x00, 0x60, 0x00, 0x03, 0x9C, 0x1F, 0x81, 0xF0, 0x00, 0x03, 0xF6, 0x7F, 0xE7, 0x1E, 0xE0, 0xEE,
    0x06, 0xE0, 0x6E, 0x06, 0xE0, 0xE7, 0x1E, 0x7F, 0xE3, 0xF6, 0x06, 0x00, 0x0E, 0x00, 0x0C, 0x00,
    0x1C, 0x00, 0xC6, 0x01, 0xDC, 0x01, 0xF8, 0x00, 0xC0, 0x00, 0x00, 0x07, 0x80, 0x1F, 0x00, 0x3E,
    0x00, 0x7E, 0x01, 0xDC, 0x03, 0x98, 0x06, 0x38, 0x1C, 0x70, 0x38, 0x70, 0x7F, 0xE1, 0xFF, 0xC3,
    0x81, 0xCE, 0x03, 0x9C, 0x07, 0x38, 0x07, 0x18, 0x01, 0xC0, 0x0C, 0x00, 0xE0, 0x00, 0x03, 0x98,
    0x1F, 0x80, 0x60, 0x00, 0x03, 0xF6, 0x7F, 0xE7, 0x1E, 0xE0, 0xEE, 0x06, 0xE0, 0x6E, 0x06, 0xE0,
    0xE7, 0x1E, 0x7F, 0xE3, 0xF6, 0x03, 0xC0, 0x0D, 0x80, 0x07, 0x00, 0x0C, 0x00, 0xC6, 0x01, 0xDC,
    0x01, 0xF8, 0x01, 0xE0, 0x00, 0x00, 0x07, 0x80, 0x1F, 0x00, 0x3E, 0x00, 0x7E, 0x01, 0xDC, 0x03,
    0x98, 0x06, 0x38, 0x1C, 0x70, 0x38, 0x70, 0x7F, 0xE1, 0xFF, 0xC3, 0x81, 0xCE, 0x03, 0x9C, 0x07,
    0x38, 0x07, 0x0F, 0x01, 0xF8, 0x03, 0x80, 0x70, 0x06, 0x03, 0x98, 0x1F, 0x81, 0xF0, 0x00, 0x03,
    0xF6, 0x7F, 0xE7, 0x1E, 0xE0, 0xEE, 0x06, 0xE0, 0x6E, 0x06, 0xE0, 0xE7, 0x1E, 0x7F, 0xE3, 0xF6,
    0x00, 0x20, 0x0F, 0xC0, 0x3F, 0x80, 0x66, 0x00, 0xC6, 0x01, 0xDC, 0x01, 0xF8, 0x01, 0xE0, 0x00,
    0x00, 0x07, 0x80, 0x1F, 0x00, 0x3E, 0x00, 0x7E, 0x01, 0xDC, 0x03, 0x98, 0x06, 0x38, 0x1C, 0x70,
    0x38, 0x70, 0x7F, 0xE1, 0xFF, 0xC3, 0x81, 0xCE, 0x03, 0x9C, 0x07, 0x38, 0x07, 0x1D, 0x83, 0xF8,
    0x37, 0x80, 0x00, 0x39, 0xC1, 0xF8, 0x1F, 0x00, 0x00, 0x3F, 0x67, 0xFE, 0x71, 0xEE, 0x0E, 0xE0,
    0x6E, 0x06, 0xE0, 0x6E, 0x0E, 0x71, 0xE7, 0xFE, 0x3F, 0x60, 0x0C, 0x60, 0x1D, 0xC0, 0x1F, 0x80,
    0x1E, 0x00, 0x00, 0x00, 0x78, 0x01, 0xF0, 0x03, 0xE0, 0x07, 0xE0, 0x1D, 0xC0, 0x39, 0x80, 0x63,
    0x81, 0xC7, 0x03, 0x87, 0x07, 0xFE, 0x1F, 0xFC, 0x38, 0x1C, 0xE0, 0x39, 0xC0, 0x73, 0x80, 0x70,
    0x00, 0x00, 0x00, 0x00, 0xE0, 0x01, 0xC0, 0x03, 0x80, 0x39, 0xC1, 0xF8, 0x1F, 0x00, 0x00, 0x3F,
    0x67, 0xFE, 0x71, 0xEE, 0x0E, 0xE0, 0x6E, 0x06, 0xE0, 0x6E, 0x0E, 0x71, 0xE7, 0xFE, 0x3F, 0x60,
    0x00, 0x00, 0x00, 0xE0, 0x0F, 0x00, 0x60, 0x7F, 0xEF, 0xFD, 0x80, 0x30, 0x06, 0x00, 0xC0, 0x1F,
    0xF3, 0xFE, 0x60, 0x0C, 0x01, 0x80, 0x30, 0x06, 0x00, 0xFF, 0xDF, 0xF8, 0x00, 0x00, 0x00, 0xC0,
    0x3C, 0x03, 0x00, 0x1F, 0x0F, 0xF9, 0xC7, 0x70, 0x7F, 0xFF, 0xFF, 0xF8, 0x07, 0x07, 0x79, 0xCF,
    0xF8, 0x7E, 0x00, 0x00, 0x00, 0x1C, 0x03, 0x80, 0x70, 0x0F, 0x01, 0xF0, 0x0E, 0x03, 0x80, 0x60,
    0x00, 0x1F, 0xFB, 0xFF, 0x60, 0x0C, 0x01, 0x80, 0x30, 0x07, 0xFC, 0xFF, 0x98, 0x03, 0x00, 0x60,
    0x0C, 0x01, 0x80, 0x3F, 0xF7, 0xFE, 0x0F, 0x03, 0xE0, 0x0C, 0x03, 0x80, 0x60, 0x00, 0x07, 0xC3,
    0xFE, 0x71, 0xDC, 0x1F, 0xFF, 0xFF, 0xFE, 0x01, 0xC1, 0xDE, 0x73, 0xFE, 0x1F, 0x80, 0x00, 0x83,
    0xF8, 0xFE, 0x09, 0x80, 0x00, 0xFF, 0xDF, 0xFB, 0x00, 0x60, 0x0C, 0x01, 0x80, 0x3F, 0xE7, 0xFC,
    0xC0, 0x18, 0x03, 0x00, 0x60, 0x0C, 0x01, 0xFF, 0xBF, 0xF0, 0x3F, 0x87, 0xF0, 0xDC, 0x00, 0x01,
    0xF0, 0xFF, 0x9C, 0x77, 0x07, 0xFF, 0xFF, 0xFF, 0x80, 0x70, 0x67, 0x1C, 0xFF, 0x87, 0xE0, 0x00,
    0x38, 0x03, 0x80, 0x18, 0x0D, 0xC0, 0xF0, 0x0F, 0xC0, 0x66, 0x00, 0x00, 0x7F, 0xE3, 0xFF, 0x18,
    0x00, 0xC0, 0x06, 0x00, 0x30, 0x01, 0xFF, 0x0F, 0xF8, 0x60, 0x03, 0x00, 0x18, 0x00, 0xC0, 0x06,
    0x00, 0x3F, 0xF1, 0xFF, 0x80, 0x00, 0x70, 0x06, 0x00, 0xE0, 0x0C, 0x0E, 0xC1, 0xF0, 0x3B, 0x80,
    0x00, 0x1F, 0x07, 0xFC, 0x71, 0xCE, 0x0E, 0xFF, 0xEF, 0xFE, 0xE0, 0x0E, 0x0C, 0x71, 0xC7, 0xFC,
    0x1F, 0x80, 0x01, 0x80, 0x38, 0x03, 0x07, 0xB0, 0xF8, 0x33, 0x00, 0x00, 0x00, 0x7F, 0xEF, 0xFD,
    0x80, 0x30, 0x06, 0x00, 0xC0, 0x1F, 0xF3, 0xFE, 0x60, 0x0C, 0x01, 0x80, 0x30, 0x06, 0x00, 0xFF,
    0xDF, 0xF8, 0x03, 0x80, 0x30, 0x07, 0x00, 0x60, 0xFC, 0x77, 0x00, 0x00, 0x00, 0x1F, 0x0F, 0xF9,
    0xC7, 0x70, 0x7F, 0xFF, 0xFF, 0xF8, 0x07, 0x06, 0x71, 0xCF, 0xF8, 0x7E, 0x00, 0x01, 0xF0, 0x1B,
    0x00, 0x70, 0x6E, 0x0F, 0x41, 0xF8, 0x19, 0x80, 0x00, 0x7F, 0xE7, 0xFE, 0x60, 0x06, 0x00, 0x60,
    0x06, 0x00, 0x7F, 0xC7, 0xFC, 0x60, 0x06, 0x00, 0x60, 0x06, 0x00, 0x60, 0x07, 0xFE, 0x7F, 0xE0,
    0x01, 0xE0, 0x1F, 0x00, 0x70, 0x0E, 0x0E, 0xC1, 0xF0, 0x3B, 0x80, 0x00, 0x1F, 0x07, 0xFC, 0x71,
    0xCE, 0x0E, 0xFF, 0xEF, 0xFE, 0xE0, 0x0E, 0x0E, 0x79, 0xC7, 0xFC, 0x1F, 0x80, 0x00, 0x83, 0xF8,
    0xFE, 0x08, 0x80, 0xF0, 0x1E, 0x07, 0xE0, 0xCC, 0x00, 0x0F, 0xFD, 0xFF, 0xB0, 0x06, 0x00, 0xC0,
    0x18, 0x03, 0xFE, 0x7F, 0xCC, 0x01, 0x80, 0x30, 0x06, 0x00, 0xC0, 0x1F, 0xFB, 0xFF, 0x00, 0x07,
    0xF0, 0xFE, 0x1B, 0xC0, 0x00, 0x1C, 0x07, 0xC1, 0xDC, 0x00, 0x07, 0xF1, 0xFF, 0x3D, 0xEE, 0x0F,
    0xFF, 0xFF, 0xFF, 0x00, 0xF0, 0xEF, 0x39, 0xFF, 0x0F, 0xC0, 0x06, 0x01, 0xE0, 0x7E, 0x0C, 0xC0,
    0x00, 0xFF, 0xDF, 0xFB, 0x00, 0x60, 0x0C, 0x01, 0x80, 0x3F, 0xE7, 0xFC, 0xC0, 0x18, 0x03, 0x00,
    0x60, 0x0C, 0x01, 0xFF, 0xBF, 0xF0, 0x00, 0x00, 0x01, 0x80, 0x78, 0x06, 0x00, 0x0E, 0x03, 0xE0,
    0xEE, 0x00, 0x01, 0xF0, 0xFF, 0x9C, 0x77, 0x07, 0xFF, 0xFF, 0xFF, 0x80, 0x70, 0x77, 0x9C, 0xFF,
    0x87, 0xE0, 0x00, 0x00, 0x01, 0xC0, 0x38, 0x07, 0x00, 0x7B, 0xF1, 0xCE, 0x30, 0x03, 0x0C, 0x30,
    0xC3, 0x0C, 0x30, 0xC3, 0x0C, 0x30, 0xC3, 0x0C, 0x30, 0x7B, 0xF1, 0xCE, 0x30, 0x03, 0x0C, 0x30,
    0xC3, 0x0C, 0x30, 0xC3, 0x0C, 0x30, 0x66, 0x66, 0x66, 0x66, 0x66, 0x66, 0x66, 0x60, 0x0E, 0xF6,
    0x6F, 0x60, 0x66, 0x66, 0x66, 0x66, 0x66, 0x60, 0x0E, 0xF6, 0x0F, 0xE0, 0x3F, 0xF8, 0x3C, 0x3C,
    0x70, 0x1C, 0xE0, 0x0E, 0xE0, 0x0E, 0xE0, 0x06, 0xE0, 0x07, 0xE0, 0x06, 0xE0, 0x0E, 0xE0, 0x0E,
    0x70, 0x1C, 0x3C, 0x3C, 0x3F, 0xF8, 0x0F, 0xE0, 0x00, 0x00, 0x00, 0x00, 0x03, 0x80, 0x03, 0x80,
    0x03, 0x80, 0x1F, 0x87, 0xFC, 0x79, 0xEF, 0x0E, 0xE0, 0x7E, 0x07, 0xE0, 0x7F, 0x0E, 0x79, 0xE7,
    0xFC, 0x1F, 0x80, 0x00, 0x00, 0x00, 0xE0, 0x0F, 0x00, 0xE0, 0x03, 0xC0, 0x06, 0xC0, 0x00, 0xC0,
    0x01, 0xC0, 0x01, 0x80, 0x00, 0x00, 0x0F, 0xE0, 0x3F, 0xF8, 0x3C, 0x3C, 0x70, 0x1C, 0xE0, 0x0E,
    0xE0, 0x0E, 0xE0, 0x06, 0xE0, 0x07, 0xE0, 0x06, 0xE0, 0x0E, 0xE0, 0x0E, 0x70, 0x1C, 0x3C, 0x3C,
    0x3F, 0xF8, 0x0F, 0xE0, 0x0F, 0x01, 0xF8, 0x03, 0x80, 0x70, 0x06, 0x00, 0x00, 0x1F, 0x87, 0xFC,
    0x79, 0xEF, 0x0E, 0xE0, 0x7E, 0x07, 0xE0, 0x7F, 0x0E, 0x79, 0xE7, 0xFC, 0x1F, 0x80, 0x00, 0x1C,
    0x00, 0x1C, 0x00, 0x18, 0x00, 0x38, 0x03, 0xB0, 0x07, 0xC0, 0x0E, 0xE0, 0x00, 0x00, 0x00, 0x00,
    0x0F, 0xE0, 0x3F, 0xF8, 0x3C, 0x3C, 0x70, 0x1C, 0xE0, 0x0E, 0xE0, 0x0E, 0xE0, 0x06, 0xE0, 0x07,
    0xE0, 0x06, 0xE0, 0x0E, 0xE0, 0x0E, 0x70, 0x1C, 0x3C, 0x3C, 0x3F, 0xF8, 0x0F, 0xE0, 0x00, 0x70,
    0x03, 0x80, 0x18, 0x01, 0xC0, 0xFC, 0x0F, 0xC0, 0xE6, 0x00, 0x00, 0x1F, 0x83, 0xFE, 0x1C, 0x79,
    0xC1, 0xCE, 0x07, 0x70, 0x3B, 0x81, 0xDC, 0x1C, 0x71, 0xE3, 0xFE, 0x07, 0xE0, 0x00, 0xE0, 0x00,
    0x70, 0x00, 0x30, 0x03, 0xB0, 0x07, 0xC0, 0x0E, 0xE0, 0x00, 0x00, 0x00, 0x00, 0x0F, 0xE0, 0x3F,
    0xF8, 0x3C, 0x3C, 0x70, 0x1C, 0xE0, 0x0E, 0xE0, 0x0E, 0xE0, 0x06, 0xE0, 0x07, 0xE0, 0x06, 0xE0,
    0x0E, 0xE0, 0x0E, 0x70, 0x1C, 0x3C, 0x3C, 0x3F, 0xF8, 0x0F, 0xE0, 0x03, 0x80, 0x1C, 0x01, 0xC0,
    0x0C, 0x0F, 0x41, 0xB8, 0x00, 0x00, 0x00, 0x1F, 0x87, 0xFC, 0x71, 0xEE, 0x0E, 0xE0, 0x7E, 0x07,
    0xE0, 0x7E, 0x0E, 0x71, 0xE7, 0xFC, 0x1F, 0x80, 0x00, 0x78, 0x00, 0x7C, 0x00, 0x1C, 0x00, 0x38,
    0x03, 0xB0, 0x07, 0xC0, 0x0E, 0xE0, 0x0C, 0x60, 0x00, 0x00, 0x0F, 0xE0, 0x3F, 0xF8, 0x7E, 0x7C,
    0x78, 0x1E, 0xF0, 0x0E, 0xE0, 0x0E, 0xE0, 0x0F, 0xE0, 0x0F, 0xE0, 0x0F, 0xE0, 0x0E, 0xF0, 0x0E,
    0x78, 0x1E, 0x7E, 0x7C, 0x3F, 0xF8, 0x0F, 0xE0, 0x01, 0xF0, 0x1F, 0x00, 0x70, 0x0E, 0x0F, 0xC1,
    0xF8, 0x39, 0x80, 0x00, 0x1F, 0x87, 0xFC, 0x79, 0xEF, 0x0E, 0xE0, 0x7E, 0x07, 0xE0, 0x7F, 0x0E,
    0x79, 0xE7, 0xFC, 0x1F, 0x80, 0x00, 0x00, 0x0F, 0xE0, 0x0F, 0xE0, 0x0C, 0xC0, 0x03, 0x80, 0x07,
    0xC0, 0x0E, 0xE0, 0x0C, 0x60, 0x00, 0x00, 0x0F, 0xE0, 0x3F, 0xF8, 0x3C, 0x3C, 0x70, 0x1C, 0xE0,
    0x0E, 0xE0, 0x0E, 0xE0, 0x06, 0xE0, 0x07, 0xE0, 0x06, 0xE0, 0x0E, 0xE0, 0x0E, 0x70, 0x1C, 0x3C,
    0x3C, 0x3F, 0xF8, 0x0F, 0xE0, 0x00, 0x01, 0xFC, 0x3F, 0x83, 0x38, 0x00, 0x00, 0xF0, 0x1F, 0x83,
    0x98, 0x00, 0x01, 0xF8, 0x7F, 0xC7, 0x9E, 0xF0, 0xEE, 0x07, 0xE0, 0x7E, 0x07, 0xF0, 0xE7, 0x9E,
    0x7F, 0xC1, 0xF8, 0x03, 0xC0, 0x07, 0xC0, 0x0E, 0xE0, 0x00, 0x00, 0x00, 0x00, 0x0F, 0xE0, 0x3F,
    0xF8, 0x7E, 0x7C, 0x78, 0x1E, 0xF0, 0x0E, 0xE0, 0x0E, 0xE0, 0x0F, 0xE0, 0x0F, 0xE0, 0x0F, 0xE0,
    0x0E, 0xF0, 0x0E, 0x78, 0x1E, 0x7E, 0x7C, 0x3F, 0xF8, 0x0F, 0xE0, 0x00, 0x00, 0x00, 0x00, 0x03,
    0x80, 0x03, 0x80, 0x03, 0x80, 0x0F, 0x01, 0xF8, 0x39, 0x80, 0x00, 0x1F, 0x87, 0xFC, 0x79, 0xEF,
    0x0E, 0xE0, 0x7E, 0x07, 0xE0, 0x7F, 0x0E, 0x79, 0xE7, 0xFC, 0x1F, 0x80, 0x00, 0x00, 0x00, 0xE0,
    0x0F, 0x00, 0xE0, 0x00, 0xE0, 0x00, 0xE0, 0x01, 0xC0, 0x01, 0x80, 0x01, 0x8C, 0x00, 0x0C, 0x0F,
    0xFC, 0x3F, 0xF8, 0x3C, 0x3C, 0x70, 0x1E, 0xE0, 0x0E, 0xE0, 0x0E, 0xE0, 0x06, 0xE0, 0x07, 0xE0,
    0x06, 0xE0, 0x0E, 0xE0, 0x0E, 0x70, 0x1C, 0x3C, 0x3C, 0x3F, 0xF8, 0x0F, 0xE0, 0x03, 0x80, 0x38,
    0x03, 0x00, 0x70, 0x06, 0x70, 0x07, 0x1F, 0xE7, 0xFC, 0x71, 0xEE, 0x0E, 0xE0, 0x7E, 0x07, 0xE0,
    0x7E, 0x0E, 0x71, 0xE7, 0xFC, 0x1F, 0x80, 0x06, 0x00, 0x07, 0x00, 0x07, 0x00, 0x03, 0x80, 0x03,
    0x8C, 0x00, 0x0C, 0x0F, 0xFC, 0x3F, 0xF8, 0x3C, 0x3C, 0x70, 0x1E, 0xE0, 0x0E, 0xE0, 0x0E, 0xE0,
    0x06, 0xE0, 0x07, 0xE0, 0x06, 0xE0, 0x0E, 0xE0, 0x0E, 0x70, 0x1C, 0x3C, 0x3C, 0x3F, 0xF8, 0x0F,
    0xE0, 0x18, 0x01, 0xC0, 0x0C, 0x00, 0xE0, 0x06, 0x70, 0x07, 0x1F, 0xE7, 0xFC, 0x71, 0xEE, 0x0E,
    0xE0, 0x7E, 0x07, 0xE0, 0x7E, 0x0E, 0x71, 0xE7, 0xFC, 0x1F, 0x80, 0x03, 0xC0, 0x06, 0xC0, 0x00,
    0xC0, 0x01, 0xC0, 0x01, 0x8C, 0x00, 0x0C, 0x0F, 0xFC, 0x3F, 0xF8, 0x3C, 0x3C, 0x70, 0x1E, 0xE0,
    0x0E, 0xE0, 0x0E, 0xE0, 0x06, 0xE0, 0x07, 0xE0, 0x06, 0xE0, 0x0E, 0xE0, 0x0E, 0x70, 0x1C, 0x3C,
    0x3C, 0x3F, 0xF8, 0x0F, 0xE0, 0x0F, 0x01, 0xF8, 0x03, 0x80, 0x70, 0x06, 0x70, 0x07, 0x1F, 0xE7,
    0xFC, 0x71, 0xEE, 0x0E, 0xE0, 0x7E, 0x07, 0xE0, 0x7E, 0x0E, 0x71, 0xE7, 0xFC, 0x1F, 0x80, 0x00,
    0x00, 0x07, 0x60, 0x0F, 0xE0, 0x0D, 0xE0, 0x0C, 0xCC, 0x00, 0x0C, 0x0F, 0xFC, 0x3F, 0xF8, 0x3C,
    0x3C, 0x70, 0x1E, 0xE0, 0x0E, 0xE0, 0x0E, 0xE0, 0x06, 0xE0, 0x07, 0xE0, 0x06, 0xE0, 0x0E, 0xE0,
    0x0E, 0x70, 0x1C, 0x3C, 0x3C, 0x3F, 0xF8, 0x0F, 0xE0, 0x1F, 0x83, 0xF8, 0x37, 0xF0, 0x07, 0x1F,
    0xF7, 0xFE, 0x79, 0xEF, 0x0E, 0xE0, 0x7E, 0x07, 0xE0, 0x7F, 0x0E, 0x79, 0xE7, 0xFC, 0x1F, 0x80,
    0x00, 0x0C, 0x00, 0x0C, 0x0F, 0xFC, 0x3F, 0xF8, 0x3C, 0x3C, 0x70, 0x1E, 0xE0, 0x0E, 0xE0, 0x0E,
    0xE0, 0x06, 0xE0, 0x07, 0xE0, 0x06, 0xE0, 0x0E, 0xE0, 0x0E, 0x70, 0x1C, 0x3C, 0x3C, 0x3F, 0xF8,
    0x0F, 0xE0, 0x00, 0x00, 0x00, 0x00, 0x03, 0x80, 0x03, 0x80, 0x03, 0x80, 0x00, 0x70, 0x07, 0x1F,
    0xE7, 0xFC, 0x71, 0xEE, 0x0E, 0xE0, 0x7E, 0x07, 0xE0, 0x7E, 0x0E, 0x71, 0xE7, 0xFC, 0x1F, 0x80,
    0x00, 0x00, 0x00, 0xE0, 0x0F, 0x00, 0x60, 0x60, 0x3B, 0x01, 0xD8, 0x0E, 0xC0, 0x76, 0x03, 0xB0,
    0x1D, 0x80, 0xEC, 0x07, 0x60, 0x3B, 0x01, 0xD8, 0x0E, 0xE0, 0x77, 0x87, 0x1F, 0xF8, 0x7F, 0x00,
    0x00, 0x00, 0x00, 0x38, 0x01, 0xC0, 0x0E, 0x00, 0xE1, 0xF8, 0x7E, 0x1F, 0x87, 0xE1, 0xF8, 0x7E,
    0x1F, 0xC7, 0xF3, 0xDF, 0xF3, 0xFC, 0x00, 0x00, 0x03, 0x81, 0xE0, 0x38, 0x07, 0x80, 0x6C, 0x00,
    0x60, 0x07, 0x00, 0x30, 0x00, 0x01, 0x80, 0xEC, 0x07, 0x60, 0x3B, 0x01, 0xD8, 0x0E, 0xC0, 0x76,
    0x03, 0xB0, 0x1D, 0x80, 0xEC, 0x07, 0x60, 0x3B, 0x81, 0xDE, 0x1C, 0x7F, 0xE1, 0xFC, 0x00, 0x1E,
    0x06, 0xC0, 0x70, 0x38, 0x0C, 0x00, 0x0E, 0x1F, 0x87, 0xE1, 0xF8, 0x7E, 0x1F, 0x87, 0xE1, 0xF8,
    0x77, 0x3D, 0xFF, 0x3F, 0xC0, 0x00, 0xC0, 0x01, 0xC0, 0x01, 0x80, 0x03, 0x86, 0x00, 0x07, 0x00,
    0x07, 0x60, 0x3E, 0x60, 0x3E, 0x60, 0x38, 0x60, 0x38, 0x60, 0x38, 0x60, 0x38, 0x60, 0x38, 0x60,
    0x38, 0x60, 0x38, 0x60, 0x38, 0x60, 0x38, 0x70, 0x38, 0x78, 0x70, 0x3F, 0xF0, 0x1F, 0xC0, 0x03,
    0x00, 0x38, 0x01, 0x80, 0x1C, 0x00, 0xC3, 0x00, 0x1B, 0x87, 0xDC, 0x3E, 0xE1, 0xC7, 0x0E, 0x38,
    0x71, 0xC3, 0x8E, 0x1C, 0x70, 0xE1, 0xCF, 0x0F, 0xF8, 0x3F, 0xC0, 0x0E, 0x00, 0x0E, 0x00, 0x07,
    0x00, 0x03, 0x06, 0x00, 0x07, 0x00, 0x07, 0x60, 0x3E, 0x60, 0x3E, 0x60, 0x38, 0x60, 0x38, 0x60,
    0x38, 0x60, 0x38, 0x60, 0x38, 0x60, 0x38, 0x60, 0x38, 0x60, 0x38, 0x70, 0x38, 0x70, 0x38, 0x78,
    0xF0, 0x3F, 0xF0, 0x0F, 0xC0, 0x38, 0x01, 0xC0, 0x06, 0x00, 0x38, 0x00, 0xC3, 0x00, 0x1B, 0x87,
    0xDC, 0x3E, 0xE1, 0xC7, 0x0E, 0x38, 0x71, 0xC3, 0x8E, 0x1C, 0x70, 0xE1, 0xCF, 0x0F, 0xF8, 0x3F,
    0xC0, 0x07, 0x80, 0x0F, 0xC0, 0x01, 0xC0, 0x03, 0x80, 0x03, 0x07, 0x00, 0x07, 0x60, 0x3E, 0x60,
    0x3E, 0x60, 0x38, 0x60, 0x38, 0x60, 0x38, 0x60, 0x38, 0x60, 0x38, 0x60, 0x38, 0x60, 0x38, 0x60,
    0x38, 0x70, 0x38, 0x70, 0x38, 0x78, 0xF0, 0x3F, 0xF0, 0x0F, 0xC0, 0x1E, 0x00, 0xF8, 0x01, 0xC0,
    0x1C, 0x20, 0xC3, 0x00, 0x1B, 0x87, 0xDC, 0x3E, 0xE1, 0xC7, 0x0E, 0x38, 0x71, 0xC3, 0x8E, 0x1C,
    0x70, 0xE1, 0xCF, 0x0F, 0xF8, 0x3F, 0xC0, 0x00, 0x40, 0x0E, 0x60, 0x0F, 0xE0, 0x1D, 0xC0, 0x08,
    0x87, 0x00, 0x07, 0x60, 0x3E, 0x60, 0x3E, 0x60, 0x38, 0x60, 0x38, 0x60, 0x38, 0x60, 0x38, 0x60,
    0x38, 0x60, 0x38, 0x60, 0x38, 0x60, 0x38, 0x60, 0x38, 0x70, 0x38, 0x78, 0x70, 0x3F, 0xF0, 0x1F,
    0xC0, 0x3F, 0x81, 0xF8, 0x19, 0xCC, 0x00, 0x6E, 0x1F, 0x70, 0xFB, 0x87, 0x1C, 0x38, 0xE1, 0xC7,
    0x0E, 0x38, 0x71, 0xC3, 0x87, 0x3C, 0x3F, 0xE0, 0xFF, 0x00, 0x00, 0x06, 0x00, 0x07, 0x00, 0x07,
    0x60, 0x3E, 0x60, 0x3E, 0x60, 0x38, 0x60, 0x38, 0x60, 0x38, 0x60, 0x38, 0x60, 0x38, 0x60, 0x38,
    0x60, 0x38, 0x60, 0x38, 0x70, 0x38, 0x70, 0x38, 0x78, 0xF0, 0x3F, 0xF0, 0x0F, 0xC0, 0x00, 0x00,
    0x00, 0x00, 0x03, 0x00, 0x07, 0x80, 0x03, 0x00, 0x00, 0x30, 0x01, 0xB8, 0x7D, 0xC3, 0xEE, 0x1C,
    0x70, 0xE3, 0x87, 0x1C, 0x38, 0xE1, 0xC7, 0x0E, 0x1C, 0xF0, 0xFF, 0x83, 0xFC, 0x00, 0x00, 0x00,
    0x01, 0x80, 0x1E, 0x00, 0x60, 0x00, 0x0E, 0x00, 0x38, 0x00, 0x60, 0x01, 0xC0, 0x03, 0x00, 0x00,
    0x0E, 0x01, 0xDC, 0x0E, 0x38, 0x70, 0xE1, 0xC1, 0xCE, 0x07, 0x38, 0x0F, 0xC0, 0x3F, 0x00, 0x78,
    0x01, 0xE0, 0x03, 0x00, 0x0C, 0x00, 0x30, 0x00, 0xC0, 0x03, 0x00, 0x1C, 0x00, 0xC0, 0x0E, 0x00,
    0x60, 0x00, 0x07, 0x07, 0x70, 0xE7, 0x0E, 0x38, 0xE3, 0x9C, 0x1D, 0xC1, 0xD8, 0x1F, 0x80, 0xF8,
    0x0F, 0x00, 0xF0, 0x0F, 0x01, 0xE0, 0xFC, 0x0F, 0x80, 0xF0, 0x1D, 0xC0, 0xE3, 0x87, 0x8E, 0x1C,
    0x1C, 0xF0, 0x73, 0x80, 0xFE, 0x03, 0xF0, 0x07, 0x80, 0x1E, 0x00, 0x38, 0x00, 0xE0, 0x03, 0x80,
    0x0E, 0x00, 0x38, 0x00, 0x00, 0x00, 0x00, 0x0E, 0x00, 0x78, 0x00, 0xE0, 0x70, 0x77, 0x0E, 0x70,
    0xE3, 0x8E, 0x39, 0xC1, 0xDC, 0x1D, 0x81, 0xF8, 0x0F, 0x80, 0xF0, 0x0F, 0x00, 0xF0, 0x1E, 0x0F,
    0xCE, 0xF8, 0xE0, 0x0E, 0x07, 0x80, 0x1F, 0x00, 0x1C, 0x00, 0xE0, 0x03, 0x00, 0x00, 0x0F, 0x01,
    0xDC, 0x0E, 0x38, 0x78, 0xE1, 0xC1, 0xCF, 0x07, 0x38, 0x0F, 0xE0, 0x3F, 0x00, 0x78, 0x01, 0xE0,
    0x03, 0x80, 0x0E, 0x00, 0x38, 0x00, 0xE0, 0x03, 0x80, 0x0F, 0x00, 0xF8, 0x03, 0x80, 0x70, 0x06,
    0x00, 0x00, 0x70, 0x77, 0x0E, 0x70, 0xE3, 0x8E, 0x39, 0xC1, 0xDC, 0x1D, 0x81, 0xF8, 0x0F, 0x80,
    0xF0, 0x0F, 0x00, 0xF0, 0x1E, 0x0F, 0xC0, 0xF8, 0x00, 0x00, 0x00, 0x3F, 0x80, 0xFC, 0x02, 0x20,
    0x00, 0x03, 0x80, 0x77, 0x03, 0x8E, 0x1C, 0x38, 0x70, 0x73, 0x81, 0xCE, 0x03, 0xF0, 0x0F, 0xC0,
    0x1E, 0x00, 0x78, 0x00, 0xC0, 0x03, 0x00, 0x0C, 0x00, 0x30, 0x00, 0xC0, 0x1F, 0xC3, 0xF8, 0x33,
    0x80, 0x00, 0x70, 0x77, 0x0E, 0x70, 0xE3, 0x8E, 0x39, 0xC1, 0x9C, 0x1D, 0x81, 0xF8, 0x0F, 0x80,
    0xF0, 0x07, 0x00, 0x60, 0x0E, 0x0F, 0xC0, 0xF8, 0x00, 0xFF, 0xFF, 0xFF, 0xFF, 0x49, 0xE3, 0x1E,
    0x78, 0xC3, 0x0C, 0x30, 0xC3, 0x0C, 0x30, 0xC3, 0x0C, 0x00, 0x47, 0xBF, 0xFB, 0x4C, 0x30, 0xC3,
    0x0C, 0x30, 0xC3, 0x0C, 0x30, 0xC0, 0x00, 0x00, 0x87, 0xBF, 0x7C, 0xB0, 0xC3, 0x0C, 0x30, 0xC3,
    0x0C, 0x30, 0xC3, 0x0C, 0x00, 0x7F, 0xF7, 0xC0, 0x7F, 0xF7, 0xC0, 0xFF, 0xFF, 0xF0, 0xFF, 0xFF,
    0xFF, 0xF0, 0x26, 0xEE, 0xE0, 0xEE, 0x66, 0xC0, 0x77, 0x76, 0x40, 0x36, 0x66, 0xEE, 0xFE, 0xEE,
    0x7E, 0xFF, 0x76, 0x66, 0xCC, 0x77, 0x7F, 0x76, 0x66, 0x4C, 0x0C, 0x03, 0x00, 0xC3, 0xFF, 0xFF,
    0xC3, 0x00, 0xC0, 0x30, 0x0C, 0x03, 0x00, 0xC0, 0x0C, 0x03, 0x00, 0xC3, 0xFF, 0xFF, 0xC3, 0x0F,
    0xFF, 0xFF, 0x0C, 0x03, 0x00, 0xC0, 0x7C, 0x7E, 0xFE, 0xFE, 0x7E, 0x7C, 0xE3, 0x1B, 0x9E, 0xFE,
    0x71, 0x80, 0x7C, 0x38, 0x00, 0xFE, 0x38, 0x00, 0xC6, 0x70, 0x00, 0xEE, 0x60, 0x00, 0xFE, 0xE0,
    0x00, 0x7C, 0xC0, 0x00, 0x01, 0xC0, 0x00, 0x01, 0x80, 0x00, 0x03, 0x80, 0x00, 0x07, 0x3E, 0x3E,
    0x07, 0x7F, 0x7E, 0x0E, 0x67, 0x67, 0x0E, 0x63, 0x67, 0x1C, 0x77, 0x76, 0x18, 0x3E, 0x3E, 0x0F,
    0x1E, 0x3C, 0x78, 0x70, 0x78, 0x3C, 0x1E, 0x0F, 0x70, 0x38, 0x1C, 0x0E, 0x07, 0x0E, 0x1C, 0x38,
    0x70, 0x00, 0x70, 0x0E, 0x00, 0xE0, 0x1C, 0x01, 0xC0, 0x38, 0x07, 0x00, 0x70, 0x0E, 0x00, 0xC0,
    0x1C, 0x03, 0x80, 0x38, 0x07, 0x00, 0x60, 0x00, 0x6E, 0xE4, 0x00, 0xE6, 0x77, 0x31, 0x7C, 0xFE,
    0xE6, 0xC7, 0xC7, 0xE6, 0xFE, 0x7C, 0x1E, 0x3E, 0x3E, 0x7E, 0xEE, 0xFF, 0xFF, 0x0E, 0xFD, 0xFB,
    0xF7, 0xFE, 0xF9, 0xFF, 0x3E, 0x3E, 0x7E, 0x7E, 0xFF, 0xE7, 0xE7, 0x7E, 0x3E, 0xFF, 0xFC, 0x70,
    0xC3, 0x86, 0x1C, 0x38, 0x7D, 0xFB, 0xBB, 0xEF, 0xD9, 0xFF, 0xBE, 0x7C, 0x7E, 0xE6, 0xEF, 0x7F,
    0x3E, 0x7E, 0x7C, 0x7C, 0xFE, 0xE6, 0xC7, 0xC7, 0xE6, 0xFE, 0x7C, 0x3B, 0xDE, 0x73, 0x9C, 0xE7,
    0x7C, 0xFF, 0xB8, 0x71, 0xC7, 0x3F, 0xFF, 0x7D, 0xFF, 0xB9, 0xF3, 0xFD, 0xFF, 0xBE, 0x1C, 0x3C,
    0x7C, 0x6C, 0xEC, 0xFF, 0xFE, 0x0C, 0x7E, 0xFF, 0xF7, 0xFE, 0xFD, 0xFF, 0xBE, 0x3E, 0x7E, 0x7E,
    0xFF, 0xE7, 0xE7, 0x7E, 0x3E, 0xFF, 0xFC, 0x70, 0xC3, 0x86, 0x1C, 0x38, 0x7D, 0xFB, 0xBB, 0xEF,
    0xD9, 0xFF, 0xBE, 0x7C, 0x7E, 0xE6, 0xEF, 0x7F, 0x3E, 0x7E, 0x7C, 0xFF, 0x8F, 0xFF, 0x3E, 0x0C,
    0xF9, 0x33, 0xEE, 0xCF, 0xBB, 0x3E, 0xEC, 0xFB, 0xB3, 0xEE, 0xCF, 0xB8, 0x7E, 0xE1, 0xFB, 0xFE,
    0xEF, 0xF8, 0x00, 0xC0, 0x0C, 0x03, 0xF0, 0x3F, 0x1F, 0xC3, 0xFC, 0x71, 0xC7, 0x0C, 0x70, 0xC7,
    0x1C, 0x3F, 0xC1, 0xFC, 0x00, 0x07, 0xFF, 0x7F, 0xF0, 0x01, 0xFC, 0x0F, 0xFC, 0x3C, 0x00, 0xF0,
    0x01, 0xC0, 0x1F, 0xFE, 0x1F, 0xFC, 0x1C, 0x00, 0xFF, 0xF0, 0xFF, 0xE0, 0x70, 0x00, 0xF0, 0x00,
    0xF0, 0x00, 0xFF, 0xC0, 0x7F, 0x00, 0xFF, 0xFF, 0xC0, 0x00, 0xC0, 0x70, 0x1C, 0x0E, 0x03, 0x81,
    0xC0, 0x70, 0x38, 0x0E, 0x07, 0x01, 0xC0, 0xE0, 0x38, 0x0C, 0x07, 0x01, 0x80, 0x00, 0x18, 0x01,
    0xC0, 0x0C, 0x00, 0x60, 0x07, 0x78, 0x33, 0xE3, 0x83, 0x18, 0x0C, 0xC0, 0x6E, 0x03, 0xE0, 0x0F,
    0x00, 0x70, 0x01, 0x80, 0x0C, 0x00, 0x00, 0x73, 0xFF, 0xDE, 0x44, 0x00, 0x7F, 0xDE, 0x44, 0x00,
    0xC0, 0x38, 0x07, 0x01, 0xCF, 0xFF, 0xFF, 0xC1, 0x80, 0x70, 0xFF, 0xFF, 0xFC, 0xE0, 0x18, 0x07,
    0x00, 0x00, 0x00, 0x70, 0xFC, 0xFC, 0xF8, 0x1F, 0x03, 0xF8, 0x1F, 0x00, 0xC0, 0x00, 0x03, 0xFF,
    0x7F, 0x80, 0x00, 0x38, 0x07, 0xC0, 0xFE, 0x07, 0xC3, 0xF7, 0xF3, 0xE0, 0x60, 0x00, 0x00, 0x03,
    0xFF, 0x7F, 0x80, 0x41, 0xC1, 0xC1, 0xC1, 0xC3, 0x80, 0x00, 0x00, 0x3C, 0x7E, 0x43, 0x43, 0x66,
    0x7E, 0x18, 0x7F, 0xFF, 0xF7, 0xFF, 0xFF, 0x00, 0x80, 0x00, 0x18, 0x00, 0x03, 0x00, 0x00, 0x60,
    0x00, 0x0C, 0x00, 0x01, 0x80, 0x00, 0x30, 0x00, 0x07, 0xFE, 0x00, 0xFF, 0xC0, 0x18, 0x00, 0x03,
    0x00, 0x00, 0x60, 0x00, 0x0C, 0x00, 0x01, 0x80, 0x00, 0x30, 0x00, 0x06, 0x00, 0x00, 0xC0, 0x1F,
    0xFF, 0xFF, 0xFF, 0xFF, 0x80, 0xFF, 0xFF, 0xFF, 0xFF, 0xFC, 0x03, 0x00, 0x00, 0x60, 0x00, 0x0C,
    0x00, 0x01, 0xE0, 0x00, 0x3F, 0x00, 0x07, 0xF0, 0x00, 0xCF, 0x80, 0x18, 0x78, 0x03, 0x06, 0x00,
    0x60, 0x00, 0x0C, 0x00, 0x01, 0x80, 0x00, 0x30, 0x00, 0x06, 0x00, 0x00, 0xC0, 0x00, 0x18, 0x00,
    0x00, 0x00, 0x07, 0xFF, 0xFF, 0x7F, 0xFF, 0xF0, 0x03, 0x80, 0x00, 0x70, 0x00, 0x0F, 0x00, 0x01,
    0xFC, 0x00, 0x3F, 0xF0, 0x07, 0xF7, 0x80, 0xF7, 0x3C, 0x3E, 0x71, 0xE7, 0x87, 0x07, 0x70, 0x70,
    0x30, 0x07, 0x00, 0x00, 0x70, 0x00, 0x07, 0x00, 0x00, 0x70, 0x00, 0x07, 0x00, 0x00, 0x70, 0x00,
    0x00, 0x00, 0x03, 0x00, 0x00, 0xC0, 0x00, 0x3F, 0xFF, 0x1F, 0xFF, 0xC7, 0x00, 0x01, 0x80, 0x00,
    0x60, 0x00, 0x3F, 0xFF, 0xCF, 0xFF, 0xF1, 0xFF, 0xFC, 0x00, 0x07, 0x00, 0x01, 0xFF, 0xFF, 0x6F,
    0xFF, 0x98, 0x00, 0x06, 0x00, 0x03, 0x80, 0x1F, 0xE0, 0x07, 0xF0, 0x01, 0xF8, 0x1F, 0xFF, 0x03,
    0xFF, 0xE0, 0x7F, 0xFC, 0x0C, 0x01, 0x81, 0x80, 0x30, 0x3F, 0xFE, 0x07, 0xFF, 0xC0, 0xFF, 0xF8,
    0x18, 0x03, 0x03, 0x00, 0x60, 0x70, 0x0C, 0x0F, 0xFF, 0x81, 0xFF, 0xF0, 0x30, 0x06, 0x06, 0x00,
    0xC0, 0xC0, 0x18, 0xFF, 0xFF, 0xFF, 0xFF, 0xFC, 0x00, 0x03, 0x01, 0xFF, 0xF1, 0xFF, 0xFE, 0x3F,
    0xF0, 0x00, 0x0E, 0x00, 0x7F, 0xFF, 0x0F, 0xFF, 0xE1, 0xFF, 0xFC, 0x00, 0xE0, 0x00, 0x1C, 0x03,
    0xFF, 0xFF, 0xFF, 0xFF, 0xF0, 0x38, 0x40, 0x0E, 0x1C, 0x03, 0x81, 0xC0, 0xE0, 0x3C, 0x3F, 0xFF,
    0x8F, 0xFF, 0xF9, 0xFC, 0x07, 0x00, 0x00, 0x60, 0x00, 0x00, 0x1F, 0xFF, 0xFF, 0xFF, 0xFF, 0x83,
    0x8C, 0x00, 0x71, 0x80, 0xFF, 0xFF, 0x9F, 0xFF, 0xF3, 0x38, 0xC6, 0x67, 0x18, 0xCC, 0xE7, 0x99,
    0x9E, 0xF3, 0x33, 0xFF, 0x66, 0xEF, 0x7C, 0xF8, 0xE7, 0x9F, 0x38, 0xB3, 0xC2, 0x06, 0x60, 0x00,
    0xCC, 0x01, 0xF9, 0x80, 0x3E, 0x00, 0x00, 0x20, 0x00, 0x03, 0x80, 0x00, 0x1C, 0x00, 0x01, 0xF0,
    0x00, 0x1D, 0xC0, 0x03, 0xC7, 0x80, 0x3D, 0x9E, 0x07, 0xCE, 0x7C, 0x7C, 0x71, 0xF3, 0x83, 0x83,
    0x80, 0x1C, 0x00, 0x00, 0xE0, 0x00, 0x07, 0x00, 0x00, 0x38, 0x00, 0x01, 0xC0, 0x00, 0x0E, 0x00,
    0x00, 0x70, 0x00, 0x03, 0x80, 0x00, 0x1C, 0x00, 0x00, 0xE0, 0x00, 0x01, 0x80, 0x00, 0xE0, 0x00,
    0x70, 0x00, 0x38, 0x0F, 0xFF, 0xFF, 0xFF, 0xFF, 0x07, 0x07, 0x83, 0x83, 0xC1, 0xC1, 0xE0, 0xE0,
    0xF0, 0x70, 0x7F, 0xFF, 0xFF, 0xFF, 0xFE, 0x0E, 0x0E, 0x07, 0x00, 0x03, 0x80, 0x01, 0xC0, 0x00,
    0xE0, 0x00, 0x70, 0x00, 0x38, 0x00, 0x01, 0x80, 0x00, 0xE0, 0x00, 0x70, 0x0F, 0xFF, 0xE7, 0xFF,
    0xF3, 0x0E, 0x19, 0x87, 0x0C, 0xFF, 0xFE, 0x7F, 0xFF, 0x00, 0xE0, 0x3F, 0xFF, 0xFF, 0xFF, 0xFC,
    0x1C, 0x1E, 0x0E, 0x0F, 0xFF, 0xFF, 0xFF, 0xFF, 0xFF, 0xFF, 0x80, 0xE0, 0x00, 0x70, 0x00, 0x38,
    0x00, 0x01, 0x80, 0x0E, 0x70, 0x03, 0x9C, 0x00, 0x77, 0x00, 0x0D, 0xC0, 0x3F, 0xFF, 0xFF, 0xFF,
    0xFD, 0xFF, 0xFF, 0x01, 0x80, 0xC0, 0xE8, 0x70, 0x3F, 0x1C, 0x0C, 0xE7, 0x07, 0x39, 0xC3, 0x87,
    0x70, 0xE0, 0x9C, 0x70, 0x07, 0x38, 0x01, 0xBC, 0x07, 0xEE, 0x01, 0xF9, 0x00, 0x7C, 0x00, 0x80,
    0x00, 0x38, 0x00, 0x07, 0x80, 0x00, 0x38, 0x07, 0xFF, 0xFC, 0xFF, 0xFF, 0x9F, 0xFF, 0xF0, 0x07,
    0x00, 0x00, 0xE0, 0x00, 0x1C, 0x00, 0xFF, 0xFE, 0x1F, 0xFF, 0xC3, 0xFF, 0xF8, 0x01, 0xC0, 0x00,
    0x38, 0x00, 0x07, 0x00, 0x00, 0xE0, 0x1F, 0xFF, 0xFF, 0xFF, 0xFF, 0x80, 0x00, 0x40, 0x00, 0x07,
    0x00, 0x00, 0x18, 0x30, 0x30, 0xE1, 0x81, 0xC3, 0x1C, 0x06, 0x18, 0xC0, 0x38, 0x0E, 0x00, 0xC0,
    0x60, 0x07, 0x07, 0x00, 0x18, 0x70, 0x00, 0xE3, 0x80, 0x03, 0xB8, 0x00, 0x0F, 0x80, 0x00, 0x38,
    0x00, 0x07, 0xE0, 0x00, 0x7B, 0xC0, 0x0F, 0x8F, 0x81, 0xF0, 0x1F, 0x1E, 0x00, 0x7C, 0xC0, 0x00,
    0x40, 0x00, 0xC0, 0x00, 0x1C, 0x00, 0x00, 0xE0, 0x00, 0x07, 0x00, 0x7F, 0xFF, 0x87, 0xFF, 0xF8,
    0x7F, 0xFF, 0x80, 0x00, 0x70, 0x00, 0x0E, 0x00, 0x01, 0xC0, 0x00, 0x38, 0x00, 0x07, 0x00, 0x00,
    0xE0, 0x00, 0x3C, 0x00, 0x07, 0x80, 0x03, 0xE0, 0x00, 0x7E, 0x00, 0x0E, 0x7F, 0xFE, 0xC3, 0xFF,
    0xE0, 0x00, 0x00, 0xFF, 0xFF, 0xFF, 0xFF, 0xC0, 0x00, 0xE3, 0x00, 0x71, 0xC0, 0x38, 0x78, 0x1C,
    0x1E, 0x0E, 0x07, 0x07, 0x00, 0x83, 0x80, 0x1D, 0xC0, 0x7E, 0xE1, 0xFC, 0x77, 0xF0, 0x3F, 0xE0,
    0x1B, 0x80, 0x0C, 0x00, 0x4E, 0x00, 0x3F, 0x00, 0x1F, 0x00, 0x01, 0xC0, 0x00, 0x38, 0x60, 0x07,
    0x0F, 0x00, 0xE0, 0xF7, 0xFF, 0xFE, 0xFF, 0xFE, 0x00, 0x70, 0xC0, 0x0E, 0x18, 0x01, 0xC3, 0x1F,
    0xFF, 0xFF, 0xFF, 0xFF, 0xFF, 0xFF, 0xF0, 0x1C, 0x0E, 0x03, 0x81, 0xC0, 0x70, 0x38, 0x0E, 0x06,
    0x01, 0xCF, 0xC0, 0x39, 0xF0, 0x07, 0x00, 0x00, 0xE0, 0x00, 0x3F, 0xFF, 0x87, 0xFF, 0xF0, 0xFF,
    0xFE, 0x00, 0x00, 0x00, 0x00, 0x00, 0x00, 0x00, 0x00, 0x00, 0x00, 0x00, 0x00, 0x00, 0x00, 0x00,
    0x00, 0x00, 0x00, 0x00, 0x00, 0x00, 0x0F, 0xFF, 0xFF, 0xFF, 0xFF, 0xFF, 0xFF, 0xF8, 0x00, 0x00,
    0x0F, 0xFF, 0xF9, 0xFF, 0xFF, 0x00, 0x70, 0x00, 0x0E, 0x00, 0x01, 0xC0, 0x00, 0x38, 0x07, 0xFF,
    0xFF, 0xFF, 0xFF, 0xFF, 0xFF, 0xFC, 0x03, 0x80, 0x00, 0x70, 0x00, 0x0E, 0x00, 0x01, 0xC0, 0x00,
    0x38, 0x00, 0x07, 0x00, 0x07, 0xE0, 0x01, 0xFC, 0x00, 0x1F, 0x00, 0x00, 0x7F, 0xFF, 0xDF, 0xFF,
    0xFD, 0xFF, 0xFF, 0x03, 0x00, 0x00, 0x60, 0x00, 0x1F, 0xFC, 0x03, 0xFF, 0x80, 0x70, 0x30, 0x0C,
    0x06, 0x01, 0x80, 0xC0, 0x70, 0x38, 0x0F, 0xFF, 0x01, 0xFF, 0xE0, 0x00, 0x1C, 0x00, 0x03, 0x00,
    0x00, 0x60, 0xFF, 0xFF, 0xFF, 0xFF, 0xFC, 0x00, 0x60, 0x00, 0x06, 0x00, 0x00, 0x70, 0x07, 0xFF,
    0xFF, 0x7F, 0xFF, 0xF0, 0x20, 0x20, 0x07, 0x07, 0x00, 0xE0, 0x38, 0x1C, 0x01, 0xC7, 0xB0, 0x6E,
    0x33, 0x0E, 0x60, 0x38, 0xE0, 0x01, 0xDC, 0x00, 0x0F, 0x80, 0x00, 0x78, 0x00, 0x0F, 0x80, 0x07,
    0xDF, 0x03, 0xF8, 0xFE, 0x7E, 0x03, 0xF3, 0x00, 0x06, 0x00, 0xC0, 0x00, 0x1C, 0x03, 0xFF, 0xFF,
    0xFF, 0xFF, 0xF0, 0x00, 0x00, 0x3F, 0xFE, 0x06, 0x01, 0xC0, 0xC0, 0x38, 0x1F, 0xFF, 0x00, 0x00,
    0x03, 0xFF, 0xFF, 0xFF, 0xFF, 0xFE, 0x00, 0x0F, 0xCF, 0xF9, 0xC1, 0xFF, 0x00, 0x70, 0xE0, 0x0E,
    0x1C, 0x67, 0x83, 0x9F, 0xE0, 0x3F, 0x30, 0x03, 0xC0, 0x00, 0x60, 0x00, 0x03, 0x80, 0x00, 0x1C,
    0x00, 0x00, 0xE0, 0x00, 0x07, 0x00, 0x00, 0x38, 0x00, 0x01, 0xC0, 0x00, 0x1E, 0x00, 0x00, 0xF8,
    0x00, 0x07, 0xC0, 0x00, 0x76, 0x00, 0x03, 0xB8, 0x00, 0x38, 0xC0, 0x01, 0xC7, 0x00, 0x1C, 0x1C,
    0x01, 0xC0, 0xF0, 0x1E, 0x03, 0xC3, 0xE0, 0x0F, 0x9E, 0x00, 0x1C, 0x40, 0x00, 0x40, 0x02, 0x00,
    0x00, 0x38, 0x00, 0x01, 0xFF, 0xF0, 0x1F, 0xFF, 0xC0, 0xCF, 0xFE, 0x0E, 0x70, 0x30, 0xF1, 0x83,
    0x87, 0x8C, 0x18, 0x7C, 0x70, 0xC7, 0xE1, 0x8E, 0x17, 0x0C, 0x60, 0x38, 0x77, 0x01, 0xC1, 0xF0,
    0x0E, 0x07, 0x00, 0x70, 0x38, 0x03, 0x87, 0xE0, 0x1C, 0x7B, 0xC0, 0xEF, 0x8F, 0x87, 0xF0, 0x3C,
    0x1A, 0x00, 0x40, 0x00, 0x20, 0x00, 0x03, 0x80, 0x00, 0x3E, 0x00, 0x03, 0xF8, 0x00, 0x38, 0xE0,
    0x03, 0x83, 0xC0, 0x7B, 0x8F, 0x0F, 0x9E, 0x3E, 0x70, 0x38, 0x71, 0x00, 0xC1, 0x07, 0xFF, 0xE0,
    0x3F, 0xFF, 0x81, 0xFF, 0xF8, 0x00, 0x01, 0xC0, 0x00, 0x1C, 0x00, 0x01, 0xC0, 0x00, 0x1C, 0x00,
    0x01, 0xE0, 0x00, 0x0E, 0x00, 0x00, 0x60, 0x00, 0x00, 0x00, 0x00, 0x70, 0x70, 0x07, 0x07, 0x00,
    0x60, 0x60, 0x06, 0x06, 0x00, 0x60, 0x60, 0x06, 0x0E, 0x00, 0xE0, 0xE0, 0x0F, 0x0E, 0x00, 0xF8,
    0xE0, 0x0F, 0x8F, 0x00, 0xDD, 0xF0, 0x1C, 0xFF, 0x01, 0xCF, 0xF8, 0x1C, 0x79, 0xC3, 0x83, 0x9C,
    0x38, 0x70, 0xE7, 0x0F, 0x0F, 0x70, 0xE0, 0x72, 0x04, 0x02, 0x06, 0x06, 0x00, 0x30, 0x70, 0x03,
    0xB3, 0x80, 0x19, 0x9C, 0x01, 0xCC, 0xEF, 0x1C, 0x67, 0xF8, 0xE3, 0x7F, 0xCF, 0x1F, 0xCE, 0xFB,
    0xFE, 0x77, 0xFE, 0x73, 0x96, 0xB3, 0x98, 0x31, 0x9C, 0xC1, 0x8C, 0xFE, 0x0C, 0x67, 0xF0, 0x63,
    0x38, 0x03, 0x18, 0x06, 0x18, 0xC0, 0x30, 0xC7, 0xFF, 0x86, 0x3F, 0xFC, 0x30, 0x7F, 0xC0, 0x00,
    0x03, 0x0C, 0x60, 0xE1, 0x8C, 0x1C, 0x31, 0xC3, 0x86, 0x1C, 0x70, 0xC1, 0x8C, 0x18, 0x31, 0x83,
    0x00, 0x30, 0x60, 0x0E, 0x0C, 0x01, 0xC1, 0x80, 0x30, 0x30, 0x8E, 0x06, 0xF1, 0xC0, 0xFE, 0x7C,
    0x3E, 0x1D, 0xC7, 0x07, 0x9C, 0xC3, 0xE1, 0xC0, 0xF0, 0x18, 0x0C, 0x02, 0x00, 0x06, 0x04, 0x00,
    0x64, 0xE0, 0x0E, 0xEE, 0x00, 0xCC, 0xE0, 0x1C, 0xFF, 0xE1, 0x8F, 0xFE, 0x39, 0xFF, 0xE7, 0x98,
    0xE0, 0x7B, 0x8E, 0x07, 0x90, 0xE0, 0x58, 0x0E, 0x01, 0xBF, 0xFF, 0x1B, 0xFF, 0xF1, 0x80, 0xE0,
    0x18, 0x0E, 0x01, 0x80, 0xE0, 0x18, 0x0E, 0x01, 0x80, 0xE0, 0x18, 0x0E, 0x01, 0x80, 0xC0, 0x02,
    0x00, 0x00, 0x70, 0x1E, 0x06, 0x3F, 0xE0, 0xFF, 0xF8, 0x0D, 0xEE, 0x01, 0xC0, 0xE0, 0x3C, 0x0E,
    0x07, 0xC0, 0xE0, 0xFC, 0x0E, 0x0F, 0xFF, 0xFF, 0x5F, 0xFF, 0xF1, 0xC0, 0xE0, 0x1C, 0x0E, 0x01,
    0xC0, 0xE0, 0x1C, 0x0E, 0x01, 0xC0, 0xE0, 0x1C, 0x0E, 0x01, 0xDF, 0xFF, 0x1D, 0xFF, 0xF0, 0xC0,
    0x00, 0x02, 0x0C, 0x00, 0x38, 0x60, 0x01, 0xC3, 0x00, 0x1C, 0x18, 0x00, 0xE0, 0xC0, 0x0F, 0xFF,
    0xF8, 0xFF, 0xFF, 0xCF, 0xFF, 0xFE, 0xFC, 0x3F, 0x07, 0xE1, 0xF8, 0x17, 0x1F, 0xE0, 0x38, 0xFB,
    0x01, 0xCE, 0xDC, 0x0E, 0xE6, 0x70, 0x77, 0x31, 0xC3, 0xF1, 0x8F, 0x1F, 0x0C, 0x30, 0xE0, 0x60,
    0x07, 0x03, 0x00, 0x38, 0x18, 0x00, 0x04, 0x08, 0x00, 0x61, 0xC0, 0x0E, 0x1C, 0x00, 0xDF, 0xFE,
    0x1D, 0xFF, 0xE1, 0x83, 0x80, 0x3B, 0xFF, 0xF7, 0xBF, 0xFF, 0xFB, 0xFF, 0xFF, 0x87, 0x00, 0x18,
    0x7F, 0xC1, 0x8F, 0xFE, 0x18, 0xFF, 0xC1, 0x80, 0x38, 0x18, 0x33, 0x81, 0x83, 0xF0, 0x18, 0x1E,
    0x01, 0x80, 0xF0, 0x18, 0x07, 0x81, 0x80, 0x10, 0x06, 0x0C, 0x00, 0x60, 0xE0, 0x0E, 0x0E, 0x00,
    0xC0, 0xE0, 0x1C, 0x0E, 0x03, 0xBF, 0xFF, 0x3B, 0xFF, 0xF7, 0x80, 0xE0, 0xF8, 0x0E, 0x0F, 0x80,
    0xE0, 0x58, 0xFF, 0xE1, 0x8F, 0xFE, 0x18, 0xFF, 0xE1, 0x8C, 0x06, 0x18, 0xC0, 0x61, 0x8C, 0x06,
    0x18, 0xC0, 0x61, 0x8F, 0xFE, 0x18, 0xFF, 0xE1, 0x8C, 0x06, 0x02, 0x0C, 0x00, 0x70, 0xC0, 0x06,
    0x0C, 0x00, 0xE0, 0xE0, 0x0D, 0xFF, 0xE1, 0xDF, 0xFE, 0x3C, 0x00, 0x03, 0xC6, 0x0C, 0x7C, 0x60,
    0xC7, 0xC6, 0x1C, 0x5C, 0x71, 0xC1, 0xC7, 0x18, 0x1C, 0x31, 0x81, 0xC3, 0x18, 0x1C, 0x33, 0x81,
    0xC3, 0x30, 0x1C, 0x23, 0x01, 0xFF, 0xFF, 0x1F, 0xFF, 0xF1, 0xC0, 0x00, 0x04, 0x0C, 0x00, 0x70,
    0x60, 0x03, 0x03, 0x00, 0x18, 0x18, 0x01, 0xFF, 0xFF, 0x0D, 0xFF, 0xF8, 0xE7, 0xFF, 0xCF, 0x07,
    0xE0, 0xF8, 0x3F, 0x03, 0xC3, 0xFC, 0x06, 0x1B, 0x60, 0x31, 0xDB, 0x81, 0x9C, 0xCC, 0x0C, 0xC6,
    0x70, 0x6F, 0xFF, 0xC3, 0xFF, 0xF6, 0x18, 0x0C, 0x00, 0xC0, 0x60, 0x06, 0x03, 0x00, 0x30, 0x18,
    0x00, 0x00, 0x30, 0x00, 0x03, 0x80, 0x00, 0x3E, 0x00, 0x03, 0xB8, 0x00, 0x78, 0xF0, 0x07, 0x83,
    0xC0, 0xFF, 0xFF, 0x9F, 0xFF, 0xFE, 0x67, 0xFF, 0x30, 0x03, 0x80, 0x00, 0x1C, 0x00, 0x7F, 0xFF,
    0xC3, 0xFF, 0xFE, 0x00, 0x39, 0x00, 0x19, 0xDC, 0x01, 0xCE, 0x70, 0x3C, 0x71, 0xC3, 0xC3, 0x87,
    0x18, 0xFC, 0x18, 0x03, 0xC0, 0x00, 0x02, 0x00, 0x00, 0x39, 0xC0, 0x01, 0x8C, 0x00, 0x1C, 0xE0,
    0x00, 0xC7, 0xFF, 0x0E, 0x7F, 0xF8, 0xF3, 0x30, 0x0F, 0xB9, 0x80, 0x7F, 0x8F, 0xF3, 0xE8, 0x7F,
    0x97, 0x03, 0x00, 0x38, 0x18, 0x01, 0xC0, 0xC0, 0x0E, 0x07, 0xF8, 0x70, 0x3F, 0xC3, 0x81, 0x80,
    0x1C, 0x0C, 0x00, 0xE0, 0x60, 0x07, 0x03, 0x00, 0x38, 0x18, 0x00, 0x04, 0x20, 0x00, 0x67, 0x00,
    0x0E, 0x60, 0x00, 0xCE, 0x00, 0x1C, 0xFF, 0xF3, 0x8F, 0xFF, 0x39, 0xCE, 0x37, 0x98, 0xE3, 0xFB,
    0x8E, 0x7F, 0x96, 0xEC, 0x18, 0x6E, 0xC1, 0x8E, 0xEE, 0x18, 0xCE, 0x61, 0x8C, 0xE6, 0x19, 0xCE,
    0x71, 0xB8, 0xE3, 0x19, 0x8E, 0x31, 0x80, 0xE0, 0x18, 0x3E, 0x01, 0x83, 0xC0, 0x06, 0x0C, 0x00,
    0x30, 0x60, 0x03, 0xFF, 0xFC, 0x1F, 0xFF, 0xE1, 0xDF, 0xFF, 0x0E, 0x06, 0x00, 0xE7, 0xFF, 0xCF,
    0x3F, 0xFE, 0xF9, 0x8C, 0x72, 0xCC, 0x63, 0x86, 0x7F, 0xFC, 0x33, 0xFF, 0xE1, 0x98, 0xC0, 0x0C,
    0xE6, 0x00, 0x63, 0xF0, 0x03, 0x0F, 0x00, 0x18, 0x3C, 0x00, 0xC7, 0xFE, 0x06, 0xF9, 0xFC, 0x37,
    0x01, 0xE0, 0x06, 0x61, 0x80, 0x67, 0x18, 0x0E, 0x71, 0x80, 0xC7, 0x18, 0x1D, 0xFF, 0xF3, 0x9F,
    0xFF, 0x39, 0xFF, 0xF7, 0x87, 0x18, 0xF8, 0x71, 0x8F, 0x87, 0x18, 0x58, 0x71, 0x81, 0xBF, 0xFF,
    0x1B, 0xFF, 0xF1, 0x9F, 0xFF, 0x18, 0x31, 0x81, 0x87, 0x1C, 0x18, 0xE0, 0xE1, 0x9C, 0x0E, 0x1B,
    0x80, 0x71, 0x90, 0x02, 0x08, 0x00, 0x20, 0xFF, 0x83, 0x1B, 0xFD, 0x31, 0xB1, 0xF3, 0x1B, 0x5F,
    0x33, 0xB7, 0xF3, 0x3B, 0x7F, 0x37, 0xB7, 0xF3, 0x7B, 0x7F, 0x3F, 0xB7, 0xF3, 0x5B, 0x7F, 0x31,
    0xB7, 0xF3, 0x1B, 0x7F, 0x31, 0xBD, 0xF3, 0x1B, 0xCF, 0x31, 0x8F, 0x03, 0x19, 0xF0, 0x31, 0x99,
    0x83, 0x1F, 0x0D, 0xF1, 0xA0, 0x9E, 0x04, 0x00, 0x00, 0x3F, 0xFF, 0x83, 0xFF, 0xFC, 0x18, 0x1C,
    0x01, 0xCF, 0xFE, 0x0C, 0xFF, 0xF0, 0xE6, 0x39, 0x8F, 0x31, 0x8C, 0x79, 0xFF, 0xE3, 0xCF, 0xFF,
    0x06, 0x63, 0x18, 0x33, 0xFF, 0xC1, 0x9F, 0xFE, 0x0C, 0xC6, 0x00, 0x67, 0x70, 0x03, 0x1F, 0x00,
    0x18, 0x78, 0x00, 0xC7, 0xFE, 0x06, 0xF1, 0xFC, 0x36, 0x01, 0xE0, 0x06, 0x00, 0x00, 0x37, 0xFF,
    0x01, 0xBF, 0xF8, 0x1D, 0x80, 0xC1, 0xCC, 0x06, 0x0E, 0x60, 0x30, 0xE3, 0xFF, 0x8F, 0x1F, 0xFC,
    0xF8, 0xFF, 0xC3, 0xC0, 0x60, 0x06, 0xFF, 0xFC, 0x37, 0xFF, 0xE1, 0x9F, 0xFF, 0x0C, 0x1F, 0x80,
    0x61, 0xFE, 0x03, 0x1D, 0xB8, 0x19, 0xCC, 0xE0, 0xFC, 0x63, 0xC6, 0xC3, 0x0C, 0x30, 0x18, 0x00,
    0x04, 0x08, 0x00, 0x61, 0xC0, 0x0E, 0x0C, 0x00, 0xC0, 0xE0, 0x1F, 0xFF, 0xF1, 0x9F, 0xFF, 0x38,
    0x00, 0x07, 0x8F, 0xFC, 0x78, 0xFF, 0xC7, 0x80, 0x00, 0x18, 0xFF, 0xC1, 0x8F, 0xFC, 0x18, 0x00,
    0x01, 0x9F, 0xFE, 0x19, 0xFF, 0xE1, 0x9C, 0x06, 0x19, 0xC0, 0x61, 0x9F, 0xFE, 0x19, 0xFF, 0xE1,
    0x98, 0x06, 0x04, 0x18, 0x00, 0x70, 0xC0, 0x03, 0x0F, 0xF8, 0x38, 0x7F, 0xE1, 0x87, 0x0E, 0x1C,
    0x7C, 0x60, 0xEF, 0x7F, 0x0F, 0x61, 0xF0, 0xFB, 0x3F, 0xC7, 0xDF, 0xCF, 0x96, 0xF9, 0xCC, 0x36,
    0x3C, 0x01, 0xB7, 0xDC, 0x0D, 0x91, 0xC0, 0x6C, 0x7C, 0xC3, 0x67, 0x9E, 0x1B, 0x23, 0xE0, 0xC0,
    0xFC, 0x06, 0x1F, 0x80, 0x30, 0xE0, 0x00, 0x0C, 0x00, 0x00, 0xC0, 0x07, 0x0F, 0xFF, 0x71, 0xFF,
    0xFF, 0x19, 0xD3, 0xF3, 0x99, 0xBF, 0x3B, 0xBF, 0xF7, 0xBF, 0xFF, 0xFB, 0xCF, 0xFF, 0x8E, 0x3F,
    0x58, 0xE3, 0xF1, 0xFF, 0xFF, 0x1F, 0xFF, 0xF1, 0x8E, 0x3F, 0x18, 0xE3, 0x71, 0x8F, 0xC7, 0x1F,
    0xFC, 0x71, 0xFC, 0x1F, 0x18, 0x03, 0xE1, 0x80, 0x1C, 0x06, 0x0C, 0x00, 0x60, 0xC0, 0x0F, 0xFF,
    0xF0, 0xFF, 0xFF, 0x1C, 0x1C, 0x01, 0x81, 0xC0, 0x38, 0xFF, 0xC7, 0x8F, 0xFC, 0x78, 0xC0, 0xC7,
    0x8F, 0xFC, 0x18, 0xC0, 0xC1, 0x8C, 0x0C, 0x18, 0xFF, 0xC1, 0x8C, 0x0C, 0x18, 0xFF, 0xC1, 0x8F,
    0xFC, 0x18, 0xC0, 0xC1, 0xBF, 0xFF, 0x1B, 0xFF, 0xF1, 0x80, 0x00, 0x0C, 0x00, 0x00, 0xC3, 0xFF,
    0x1F, 0x3F, 0xF1, 0xB3, 0xFF, 0x3B, 0x03, 0x03, 0xB1, 0xFE, 0x7B, 0xFF, 0xE7, 0xBF, 0xB6, 0xFB,
    0xDB, 0x6F, 0xB1, 0xB6, 0x5B, 0x1B, 0x61, 0xB1, 0xB6, 0x1B, 0x1B, 0x61, 0xBF, 0xB6, 0x1B, 0xDB,
    0x61, 0xB0, 0x78, 0x1A, 0x0F, 0xC1, 0x81, 0xEE, 0x18, 0x3C, 0x71, 0x83, 0x03, 0x02, 0x0C, 0x00,
    0x60, 0xC0, 0x0E, 0xFF, 0xE0, 0xFF, 0xFE, 0x1D, 0xC0, 0x61, 0xD8, 0x06, 0x39, 0xFF, 0xE7, 0x9F,
    0xFE, 0xF9, 0x80, 0x07, 0x9F, 0xFF, 0x19, 0xFF, 0xF1, 0x9E, 0xDB, 0x19, 0xED, 0xB1, 0x9F, 0xFF,
    0x19, 0xFF, 0xF1, 0xBE, 0xDB, 0x1B, 0x6D, 0xB1, 0xB6, 0xDB, 0x1F, 0x6D, 0xF1, 0x86, 0x06, 0x0C,
    0x06, 0x00, 0xC0, 0x63, 0x1F, 0x1F, 0xF1, 0x9B, 0xFE, 0x19, 0xFF, 0xE3, 0x88, 0x6C, 0x38, 0x3F,
    0xF7, 0xFF, 0xFF, 0xFF, 0xBF, 0xFF, 0x98, 0xE0, 0x19, 0x9F, 0xE1, 0x9F, 0xFE, 0x19, 0xFC, 0x61,
    0x99, 0xFE, 0x19, 0x9F, 0xE1, 0x9F, 0xC6, 0x19, 0xFC, 0x61, 0xBD, 0xFE, 0x19, 0x1F, 0xE1, 0x81,
    0x86, 0x3F, 0xFF, 0x87, 0xFF, 0xF0, 0x00, 0x00, 0x00, 0x00, 0x00, 0x00, 0x00, 0xFF, 0xFF, 0xBF,
    0xFF, 0xFF, 0xFF, 0xFF, 0x06, 0x18, 0x00, 0xC3, 0x00, 0x18, 0x60, 0x07, 0x0C, 0x00, 0xE1, 0x86,
    0x38, 0x30, 0xCF, 0x06, 0x1B, 0xC0, 0xFF, 0xF0, 0x1F, 0xF8, 0x01, 0xF8, 0x00, 0x60, 0x00, 0x67,
    0x00, 0x0E, 0x70, 0x00, 0xFF, 0xFC, 0x1F, 0xFF, 0xC1, 0xFF, 0xFC, 0x38, 0x70, 0x03, 0x87, 0x00,
    0x10, 0x70, 0x07, 0xFF, 0xFF, 0x7F, 0xFF, 0xF0, 0x38, 0xC0, 0x03, 0x0C, 0x00, 0x30, 0xC0, 0x07,
    0x0C, 0x00, 0x70, 0xC3, 0x0E, 0x0C, 0x33, 0xC0, 0xFF, 0x78, 0x0F, 0xF3, 0x00, 0x7C, 0x00, 0x70,
    0x01, 0x87, 0x0C, 0x18, 0x70, 0xC1, 0xC7, 0x1C, 0x0C, 0x71, 0x80, 0xE7, 0x38, 0x06, 0x73, 0x00,
    0x07, 0x00, 0x7F, 0xFF, 0xF7, 0xFF, 0xFF, 0x03, 0x8C, 0x00, 0x38, 0xC0, 0x03, 0x0C, 0x00, 0x30,
    0xC0, 0x07, 0x0C, 0x20, 0x70, 0xC3, 0x1E, 0x0C, 0x33, 0xC0, 0xC3, 0x78, 0x0F, 0xF6, 0x00, 0x7E,
    0x00, 0x00, 0x00, 0x18, 0x00, 0x00, 0xE0, 0x00, 0x03, 0x80, 0x00, 0x0E, 0x00, 0x00, 0x38, 0x00,
    0x01, 0xC0, 0x00, 0x0F, 0x00, 0x00, 0xF8, 0x00, 0x07, 0xE0, 0x00, 0x73, 0x00, 0x03, 0x9C, 0x00,
    0x38, 0x70, 0x01, 0xC3, 0x80, 0x1C, 0x0E, 0x01, 0xC0, 0x38, 0x1E, 0x01, 0xE3, 0xE0, 0x07, 0x9C,
    0x00, 0x1C, 0x40, 0x00, 0x00, 0x00, 0x30, 0x00, 0x03, 0x80, 0x00, 0x3E, 0x00, 0x03, 0xB8, 0x00,
    0x38, 0xE0, 0x07, 0x83, 0x80, 0x78, 0x0F, 0x0F, 0x80, 0x3E, 0xFF, 0xFF, 0xF3, 0x7F, 0xFD, 0x80,
    0x1C, 0x00, 0x00, 0xE0, 0x00, 0xFF, 0xF8, 0x07, 0xFF, 0xC0, 0x3F, 0xFE, 0x00, 0x0E, 0x00, 0x00,
    0x70, 0x03, 0xFF, 0xFF, 0x9F, 0xFF, 0xFC, 0x7F, 0xFF, 0xC0, 0x00, 0x60, 0x00, 0x0E, 0x00, 0x00,
    0x70, 0x00, 0x07, 0x00, 0x00, 0x70, 0x00, 0x03, 0x00, 0x7F, 0xFF, 0xF7, 0xFF, 0xFF, 0x00, 0x00,
    0x00, 0x00, 0x00, 0x03, 0x0E, 0x00, 0x70, 0x70, 0x07, 0x07, 0x00, 0xE0, 0x38, 0x1E, 0x01, 0xC1,
    0xC0, 0x1C, 0x38, 0x00, 0xE7, 0x80, 0x0F, 0x70, 0x00, 0x72, 0x00, 0x02, 0x00, 0x02, 0x01, 0x80,
    0xE0, 0x38, 0x38, 0x03, 0x07, 0x00, 0x61, 0xC0, 0xFF, 0xFF, 0x9F, 0xFF, 0xF0, 0x07, 0x00, 0x00,
    0xE0, 0x00, 0x1C, 0x03, 0xFF, 0xFF, 0xFF, 0xFF, 0xF0, 0x0F, 0x00, 0x03, 0xE0, 0x00, 0xEE, 0x00,
    0x3C, 0xF0, 0x1F, 0x0F, 0x0F, 0x80, 0xFF, 0xE0, 0x07, 0xB0, 0x00, 0x20, 0x06, 0x03, 0x00, 0x60,
    0x30, 0x0E, 0x03, 0x07, 0xFF, 0xFF, 0x3F, 0xFF, 0xE0, 0x60, 0x30, 0x07, 0xFF, 0x00, 0x7F, 0xF0,
    0x06, 0x03, 0x00, 0x60, 0x30, 0x07, 0xFF, 0x00, 0x7F, 0xF0, 0x06, 0x03, 0x07, 0xFF, 0xFF, 0x7F,
    0xFF, 0xF7, 0xFF, 0xFE, 0x07, 0x8F, 0x03, 0xF0, 0x7C, 0x7C, 0x01, 0xF2, 0x00, 0x06, 0x0F, 0xFF,
    0x80, 0x7F, 0xFC, 0x03, 0x00, 0x60, 0x1F, 0xFF, 0x00, 0xFF, 0xF8, 0x06, 0x00, 0xC0, 0x3F, 0xFE,
    0x01, 0xFF, 0xF0, 0x0C, 0x01, 0x80, 0x7F, 0xFC, 0x03, 0xFF, 0xE0, 0x18, 0x03, 0x07, 0xFF, 0xFF,
    0x3F, 0xFF, 0xF8, 0x0C, 0x1C, 0x01, 0xE0, 0xF0, 0x3E, 0x03, 0xE3, 0xC0, 0x07, 0x98, 0x00, 0x08,
    0x01, 0x8C, 0x00, 0x18, 0xC0, 0x01, 0x8C, 0x01, 0xFF, 0xFC, 0x1F, 0xFF, 0xC1, 0x98, 0xCC, 0x19,
    0x8C, 0xC1, 0x98, 0xCC, 0x1F, 0xFF, 0xC1, 0xFF, 0xFC, 0x19, 0x8C, 0xC1, 0x98, 0xCC, 0x19, 0x8C,
    0xCF, 0xFF, 0xFF, 0xFF, 0xFF, 0xF0, 0x30, 0x60, 0x0F, 0x8F, 0x81, 0xE0, 0x3E, 0x78, 0x00, 0xF3,
    0x00, 0x06, 0x01, 0xC0, 0x00, 0xE0, 0x00, 0x70, 0x00, 0x38, 0x0F, 0xFF, 0xFF, 0xFF, 0xFF, 0x07,
    0x07, 0x83, 0x03, 0xC1, 0x81, 0xE1, 0xF0, 0xF0, 0xFC, 0x78, 0xEF, 0x3C, 0xE3, 0xDE, 0xF0, 0xFF,
    0xE0, 0x3F, 0xA0, 0x03, 0xC0, 0x01, 0xE0, 0x00, 0xF0, 0x07, 0xF8, 0x01, 0xE0, 0x0F, 0x8F, 0x81,
    0xFD, 0xFC, 0x1F, 0xDF, 0xC1, 0x9D, 0x8C, 0x19, 0xD8, 0xC1, 0x9D, 0x8C, 0x19, 0xD8, 0xC7, 0xFF,
    0xFF, 0x7F, 0xFF, 0xF7, 0xFF, 0xFF, 0x19, 0xD8, 0xC1, 0x9D, 0x8C, 0x39, 0xD8, 0xC3, 0x9F, 0x8C,
    0x31, 0xF8, 0xC3, 0x1F, 0x0C, 0x71, 0xF0, 0xC6, 0x7F, 0x7C, 0x67, 0xA3, 0x80, 0x3F, 0xFF, 0xE3,
    0xFF, 0xFF, 0x8F, 0xFF, 0xF8, 0x00, 0xE0, 0x01, 0xFF, 0xFC, 0x0F, 0xFF, 0xE0, 0x61, 0xC3, 0x03,
    0x0E, 0x18, 0x1F, 0xFF, 0xC0, 0xFF, 0xFE, 0x06, 0x1C, 0x30, 0x30, 0xE1, 0x8F, 0xFF, 0xFF, 0x3F,
    0xFF, 0xF8, 0x60, 0x03, 0x03, 0x00, 0x18, 0x18, 0x01, 0xC0, 0xC0, 0x7E, 0x06, 0x01, 0xE0, 0xFF,
    0xFF, 0xDF, 0xFF, 0xFF, 0xFF, 0xFF, 0xF3, 0x00, 0x7E, 0xE0, 0x0E, 0x1F, 0xFE, 0x03, 0xFF, 0xC0,
    0x60, 0x00, 0x0C, 0x00, 0x03, 0xFF, 0xF0, 0x7F, 0xFC, 0x00, 0x01, 0x87, 0xFF, 0xB0, 0xFF, 0xF6,
    0x00, 0x00, 0xC0, 0x00, 0x38, 0x00, 0x46, 0x00, 0x0F, 0xC0, 0x01, 0xF0, 0x00, 0x00, 0x88, 0x18,
    0x3B, 0x83, 0x87, 0x38, 0x70, 0xC7, 0x07, 0x3F, 0xFE, 0x67, 0xFF, 0xCD, 0xE3, 0x80, 0x7C, 0x70,
    0x1F, 0xFF, 0xC3, 0xFF, 0xF8, 0x0E, 0x38, 0x1D, 0xC7, 0x03, 0xBF, 0xFC, 0x67, 0xFF, 0x9C, 0xE3,
    0x83, 0x9C, 0x70, 0xE3, 0xFF, 0xFC, 0x7F, 0xFF, 0x0F, 0xFF, 0x81, 0x80, 0x00, 0x00, 0x18, 0x03,
    0x00, 0xE0, 0x1C, 0xFF, 0xF8, 0xE7, 0xFF, 0xC3, 0x81, 0x80, 0x0C, 0xFF, 0xF0, 0x67, 0xFF, 0x80,
    0x0E, 0x00, 0x07, 0xFF, 0xF0, 0x3F, 0xFF, 0x80, 0x7F, 0xF0, 0x3F, 0xFF, 0xE1, 0xF3, 0xE7, 0x1C,
    0x0E, 0x00, 0xE7, 0xFF, 0x86, 0x1F, 0xF8, 0x70, 0x7F, 0x83, 0x0F, 0x3F, 0x08, 0xF0, 0x38, 0x06,
    0x00, 0x40, 0x01, 0x80, 0x00, 0xE0, 0x18, 0x70, 0xCC, 0x38, 0x66, 0x1C, 0x33, 0x0E, 0x19, 0x87,
    0x0C, 0xC3, 0x86, 0x7F, 0xFF, 0x3F, 0xFF, 0x80, 0x70, 0x18, 0x38, 0x7C, 0x1C, 0x3E, 0x0E, 0x1F,
    0x07, 0x0F, 0x83, 0x87, 0xFF, 0xFF, 0xFF, 0xFF, 0xFF, 0xFF, 0xE0, 0x00, 0x30, 0x00, 0x00, 0x00,
    0x1C, 0x70, 0x00, 0xC1, 0x80, 0x0E, 0x0E, 0x00, 0xE0, 0x38, 0x07, 0x00, 0xE0, 0x70, 0x07, 0x07,
    0x00, 0x1C, 0x7F, 0xFF, 0xF3, 0xFF, 0xFD, 0x00, 0x70, 0x60, 0x03, 0x83, 0x00, 0x18, 0x18, 0x00,
    0xC0, 0xC0, 0x0E, 0x0E, 0x00, 0xE0, 0x70, 0x0F, 0x03, 0x81, 0xF1, 0xF8, 0x1E, 0x0F, 0xC0, 0x60,
    0x3C, 0x00, 0x18, 0x00, 0x01, 0x8F, 0xFF, 0x18, 0xFF, 0xF1, 0x80, 0xC7, 0x1B, 0x8C, 0x77, 0xF8,
    0xC7, 0xFF, 0x1C, 0x77, 0x81, 0xC7, 0x18, 0x1C, 0x71, 0x81, 0xC7, 0x18, 0x18, 0x71, 0x99, 0x87,
    0x1F, 0xB8, 0x61, 0xF3, 0x06, 0x3C, 0x70, 0x61, 0x0E, 0x06, 0x01, 0xE7, 0xE0, 0x3C, 0x7E, 0x01,
    0x87, 0x80, 0x00, 0x00, 0xFF, 0xFC, 0x1F, 0xFF, 0x93, 0xFF, 0xF6, 0x71, 0x80, 0xCE, 0x70, 0x19,
    0xCF, 0xFB, 0x39, 0xFE, 0x67, 0x70, 0xCC, 0xEC, 0x19, 0x9F, 0xC7, 0x33, 0xEE, 0xC6, 0x71, 0xF8,
    0xCE, 0x1F, 0x19, 0xC1, 0xC3, 0x38, 0x70, 0x07, 0x1E, 0x00, 0xEF, 0x80, 0x1F, 0xC0, 0x1F, 0xB0,
    0x01, 0xE0, 0x03, 0x00, 0x20, 0x30, 0x06, 0x07, 0x80, 0x60, 0xFC, 0x66, 0x0C, 0xC6, 0x61, 0xCE,
    0x66, 0x38, 0x76, 0x67, 0x03, 0xE6, 0x7F, 0xF6, 0x61, 0xFE, 0x66, 0x18, 0x66, 0x61, 0x8E, 0x66,
    0x18, 0xE6, 0x61, 0xBC, 0x66, 0x1B, 0xC6, 0x61, 0x83, 0x06, 0x18, 0x30, 0x61, 0x87, 0x06, 0x1F,
    0xF3, 0xE0, 0xFE, 0x3C, 0x08, 0x00, 0x01, 0xC0, 0x00, 0x0C, 0xFF, 0xF0, 0xEF, 0xFF, 0x7F, 0x0C,
    0x77, 0xF0, 0xC7, 0x07, 0x0C, 0x60, 0x61, 0xC6, 0x0F, 0x9C, 0x61, 0xD9, 0xC6, 0x1F, 0x18, 0x67,
    0xF1, 0x86, 0x7F, 0x98, 0x66, 0xDB, 0x86, 0x0C, 0x30, 0x60, 0xC7, 0x06, 0x0C, 0x60, 0xE0, 0xCE,
    0x0E, 0x0D, 0xC7, 0xC0, 0xC8, 0x78, 0x00, 0x00, 0x23, 0xEF, 0x87, 0x3E, 0xF9, 0x73, 0x6D, 0xB7,
    0x36, 0xDB, 0x73, 0x6D, 0xB7, 0x36, 0xDB, 0x73, 0x6D, 0xB7, 0x7F, 0xFF, 0x7F, 0xFF, 0xF7, 0x7F,
    0xFF, 0x73, 0x6D, 0xB7, 0x36, 0xDB, 0x73, 0x6D, 0xB7, 0x36, 0xDB, 0x77, 0x7D, 0x87, 0x77, 0xD8,
    0x76, 0x79, 0x87, 0x7F, 0xF9, 0xF6, 0xDB, 0x1E, 0x00, 0x00, 0x5F, 0xF8, 0x3F, 0xFF, 0xCF, 0xFF,
    0xB3, 0x19, 0x8C, 0xCE, 0x73, 0x37, 0x3C, 0xCD, 0xFF, 0xB3, 0x7E, 0x6C, 0xC1, 0x83, 0x30, 0x60,
    0xCD, 0xFF, 0xB3, 0x7F, 0xEC, 0xC1, 0x83, 0x30, 0x60, 0xCC, 0x1F, 0x83, 0x3F, 0xE0, 0xFF, 0xE1,
    0xFF, 0x00, 0x7C, 0x00, 0x0C, 0x03, 0x00, 0x23, 0xB0, 0x07, 0x33, 0x03, 0x73, 0xFF, 0x37, 0x7F,
    0xF3, 0x76, 0x30, 0x37, 0x63, 0x03, 0x77, 0xFF, 0xB7, 0x7F, 0xFB, 0x70, 0x30, 0x37, 0x3F, 0xF3,
    0x73, 0xFF, 0x37, 0x3F, 0xF3, 0x73, 0x33, 0x37, 0x33, 0x30, 0x73, 0x33, 0x07, 0x33, 0xF0, 0x73,
    0x3F, 0x07, 0x03, 0x03, 0xE0, 0x30, 0x1C, 0x00, 0x00, 0x03, 0xFF, 0x07, 0x3F, 0xF6, 0x73, 0x03,
    0x67, 0x30, 0x36, 0x73, 0xFF, 0x67, 0x3F, 0xF6, 0x73, 0xFF, 0x67, 0x31, 0x86, 0x73, 0xFF, 0x67,
    0x3F, 0xF6, 0x73, 0xDB, 0x67, 0x3D, 0xB6, 0x73, 0xDB, 0x67, 0x7D, 0xB6, 0x76, 0xDB, 0x07, 0x6D,
    0xF0, 0x76, 0x9E, 0x07, 0xE1, 0x83, 0xE0, 0x18, 0x1E, 0x08, 0x07, 0x03, 0x80, 0xE0, 0x38, 0x38,
    0x7F, 0xFF, 0xFF, 0xFF, 0xFF, 0xFF, 0xFF, 0xC0, 0x00, 0x33, 0xFC, 0xCE, 0x7F, 0x9D, 0xCC, 0x33,
    0xB9, 0xFE, 0x77, 0x3F, 0xCE, 0xE6, 0x19, 0xDC, 0xFF, 0x3B, 0x9F, 0xE7, 0x73, 0xFC, 0xCE, 0x61,
    0x81, 0xCC, 0x30, 0x39, 0x9E, 0x3F, 0x33, 0xC3, 0xC0, 0x00, 0x30, 0x23, 0xFF, 0x87, 0x3F, 0xE0,
    0x70, 0x30, 0x37, 0x7F, 0xFF, 0x77, 0xFF, 0xF7, 0x0F, 0x63, 0x70, 0xF6, 0xB7, 0x7F, 0x7B, 0x73,
    0xF7, 0x37, 0x1F, 0x6B, 0x77, 0xF6, 0xF7, 0x6F, 0x7B, 0x70, 0x7C, 0x37, 0x0F, 0xE3, 0x71, 0xF7,
    0x87, 0x3B, 0x38, 0x77, 0x30, 0x87, 0x63, 0x03, 0xE0, 0x30, 0x1E, 0x0C, 0x06, 0x01, 0xC1, 0xC3,
    0xFF, 0xFF, 0xFF, 0xFF, 0xF0, 0x00, 0x18, 0xFF, 0x33, 0x1C, 0x66, 0x63, 0xFC, 0xCC, 0x7F, 0x99,
    0x8F, 0xF3, 0x31, 0xFE, 0x66, 0x39, 0xC3, 0xC2, 0x30, 0x71, 0xFF, 0xFF, 0xBF, 0xFF, 0xF0, 0x0C,
    0x0C, 0x03, 0x81, 0x83, 0xE0, 0x33, 0xF0, 0x7E, 0x78, 0x0F, 0x80, 0x00, 0x04, 0x00, 0x00, 0xC0,
    0x00, 0x0C, 0x07, 0xF8, 0xC0, 0x7F, 0x8C, 0x00, 0xC7, 0xFF, 0x0C, 0x7F, 0xF0, 0xC0, 0xC7, 0x0C,
    0x0C, 0x70, 0xC0, 0xC7, 0x0C, 0x1C, 0x70, 0xC1, 0xC7, 0x0F, 0x98, 0x73, 0xF9, 0x87, 0x7E, 0x38,
    0x67, 0x07, 0x06, 0x00, 0xF0, 0x60, 0x1E, 0x6E, 0x03, 0xC7, 0xE0, 0x10, 0x78, 0x08, 0x00, 0x00,
    0xC0, 0x00, 0x0C, 0x00, 0x00, 0xC0, 0xFE, 0x7F, 0xCF, 0xE7, 0xFE, 0xC6, 0x1C, 0xEC, 0x61, 0xCE,
    0xC6, 0x1C, 0xEC, 0x61, 0xCC, 0xC6, 0x1C, 0xCC, 0x61, 0x8C, 0xC6, 0x18, 0xCC, 0x61, 0x8C, 0xC6,
    0x38, 0xCC, 0x63, 0x8C, 0xC6, 0x30, 0xCF, 0xE7, 0x7C, 0xFE, 0xE7, 0xCC, 0x64, 0x70, 0xC2, 0x01,
    0xC0, 0x00, 0x0E, 0x00, 0x00, 0xFF, 0xF0, 0x0F, 0xFF, 0x81, 0xF0, 0x3C, 0x1F, 0xC3, 0xC0, 0xEF,
    0xF8, 0x00, 0x3F, 0x80, 0x3F, 0xFF, 0xF3, 0xFC, 0x7F, 0x9C, 0x18, 0x18, 0x01, 0xC0, 0x03, 0xFF,
    0xFE, 0x1F, 0xFF, 0xE0, 0x07, 0x03, 0x00, 0x70, 0x18, 0x07, 0x81, 0xC1, 0xF8, 0x0E, 0x1F, 0x07,
    0xE0, 0x60, 0x3E, 0x00, 0x00, 0x04, 0x00, 0x01, 0xC3, 0xFE, 0x38, 0x3F, 0xC7, 0x00, 0x00, 0xC0,
    0x00, 0xFF, 0xC0, 0x1F, 0xFF, 0xFE, 0x63, 0xFF, 0xCC, 0x67, 0x01, 0x9C, 0xEC, 0x33, 0x99, 0x8E,
    0x77, 0x39, 0xCE, 0xE3, 0x39, 0xDF, 0xF6, 0x3F, 0xFF, 0xC7, 0xF8, 0xF0, 0xC0, 0x0F, 0xF8, 0x03,
    0xBF, 0x00, 0x23, 0xC0, 0x06, 0x00, 0x00, 0x60, 0x00, 0x06, 0x00, 0x00, 0xFF, 0xFE, 0x0F, 0xFF,
    0xF1, 0xFF, 0xFF, 0x18, 0xC6, 0x73, 0x9C, 0xE7, 0x71, 0x8C, 0x67, 0x38, 0xC6, 0x63, 0x1C, 0x60,
    0x71, 0xC6, 0x06, 0x18, 0x60, 0xE3, 0x86, 0x1C, 0x30, 0x63, 0x87, 0x0E, 0x30, 0xE0, 0xE0, 0x1C,
    0x5C, 0x01, 0xCF, 0xC0, 0x08, 0x78, 0x03, 0x00, 0x00, 0x38, 0x00, 0x01, 0xC0, 0x00, 0x1F, 0xFF,
    0xC1, 0xFF, 0xFE, 0x1E, 0x00, 0x71, 0xE0, 0x03, 0x8F, 0xFF, 0x1C, 0x6F, 0xF8, 0xC0, 0x60, 0xC6,
    0x03, 0x06, 0x30, 0x1F, 0xF1, 0x80, 0xFF, 0x8C, 0x07, 0xFF, 0xE0, 0x30, 0x1E, 0x01, 0x80, 0x06,
    0x0C, 0x00, 0x30, 0x7F, 0xFF, 0x83, 0xFF, 0xFC, 0x07, 0xFF, 0x80, 0x7F, 0xFF, 0xCF, 0xFF, 0xFD,
    0xFF, 0xFF, 0xB1, 0xCE, 0x06, 0x39, 0xC0, 0xC7, 0x38, 0x18, 0xC7, 0x03, 0x18, 0xE0, 0x63, 0x1C,
    0x4C, 0xE3, 0x9D, 0x9C, 0x73, 0xB7, 0x0F, 0xE7, 0xE0, 0xFC, 0xD8, 0x0F, 0x18, 0x00, 0x03, 0xFF,
    0xFF, 0x7F, 0xFF, 0xEF, 0xFF, 0xFC, 0xFF, 0xFF, 0xBF, 0xFF, 0xFF, 0xFF, 0xFB, 0x00, 0x18, 0xCC,
    0x0E, 0x33, 0x87, 0x0C, 0x71, 0x83, 0x0F, 0xE0, 0xC1, 0xF0, 0x30, 0x3C, 0x0C, 0x1F, 0x83, 0x1E,
    0xF0, 0xCF, 0x1E, 0x37, 0x83, 0xCD, 0x80, 0x63, 0x00, 0x00, 0xFF, 0xFF, 0xFF, 0xFF, 0xF0, 0x00,
    0x00, 0x04, 0x06, 0x01, 0xC0, 0xE0, 0x38, 0x38, 0x03, 0x86, 0x03, 0xFF, 0xF8, 0x7F, 0xFF, 0x0C,
    0x38, 0x61, 0xFF, 0xFC, 0x3F, 0xFF, 0x86, 0x1C, 0x30, 0xC3, 0x86, 0x1F, 0xFF, 0xC3, 0xFF, 0xF8,
    0x01, 0xC0, 0x3F, 0xFF, 0xFF, 0xFF, 0xFF, 0x00, 0xE0, 0x00, 0x1C, 0x00, 0x03, 0x80, 0x00, 0x70,
    0x00, 0x03, 0x00, 0x01, 0x80, 0x00, 0xC0, 0x00, 0x60, 0x00, 0x3F, 0xF8, 0x1F, 0xFC, 0x0C, 0x00,
    0x06, 0x00, 0x03, 0x00, 0x01, 0x80, 0x3F, 0xFF, 0x9F, 0xFF, 0xCC, 0x00, 0xE6, 0x00, 0x73, 0x00,
    0x39, 0x80, 0x1C, 0xFF, 0xFE, 0x7F, 0xFF, 0x3F, 0xFF, 0x98, 0x00, 0xC0, 0x00, 0xC0, 0x00, 0x18,
    0x00, 0x03, 0x00, 0x00, 0x7F, 0xC0, 0x0F, 0xF8, 0x01, 0x80, 0x00, 0x30, 0x00, 0x06, 0x00, 0xFF,
    0xFF, 0xFF, 0xFF, 0xFC, 0x03, 0x00, 0x00, 0x60, 0x00, 0x0F, 0x80, 0x01, 0xFE, 0x00, 0x33, 0xF0,
    0x06, 0x1E, 0x00, 0xC0, 0x00, 0x18, 0x00, 0x03, 0x00, 0x00, 0x60, 0x00, 0x7F, 0x9F, 0xCF, 0xFB,
    0xF9, 0x87, 0x7F, 0x30, 0xEC, 0x67, 0xFD, 0x8C, 0xFF, 0xB1, 0x9F, 0xF6, 0x33, 0x0E, 0xC6, 0x61,
    0xD8, 0xCF, 0xFB, 0x19, 0xFE, 0x63, 0x31, 0x0C, 0x66, 0x71, 0x8C, 0xC7, 0x37, 0x99, 0xE6, 0xF3,
    0xFE, 0xC0, 0xFD, 0xD8, 0x1C, 0x13, 0x00, 0x00, 0x60, 0x00, 0x3F, 0xFF, 0xF3, 0xFF, 0xFF, 0x30,
    0x00, 0x03, 0x01, 0x80, 0x30, 0x18, 0x03, 0x01, 0x80, 0x30, 0x18, 0x03, 0x7F, 0xFE, 0x37, 0xFF,
    0xE3, 0x01, 0x80, 0x30, 0x19, 0x03, 0x01, 0xB8, 0x30, 0x19, 0xC3, 0x01, 0x8E, 0x70, 0x18, 0x46,
    0x01, 0x80, 0x6F, 0xFF, 0xFE, 0xFF, 0xFF, 0x40, 0x00, 0x00, 0x3F, 0xFF, 0xF3, 0xFF, 0xFF, 0x3F,
    0xFF, 0xF3, 0x83, 0x80, 0x3B, 0xFF, 0xC3, 0xBF, 0xFC, 0x3B, 0x00, 0xC3, 0xBF, 0xFC, 0x3B, 0xFF,
    0xC3, 0xB0, 0x0C, 0x3B, 0xFF, 0xC3, 0x3F, 0xFC, 0x30, 0x18, 0x03, 0x19, 0xB8, 0x73, 0x99, 0xC7,
    0x71, 0x8E, 0x6E, 0x18, 0x76, 0x4F, 0x87, 0x00, 0xF8, 0x00, 0x00, 0x01, 0x00, 0x1F, 0xF0, 0xFF,
    0xFC, 0x1F, 0xE0, 0x03, 0x80, 0x00, 0x70, 0x00, 0x0F, 0xFF, 0xC1, 0xFF, 0xFC, 0x3F, 0xFF, 0x86,
    0x60, 0x60, 0xCC, 0x1C, 0x18, 0xC3, 0x03, 0x1C, 0xE0, 0x61, 0xF8, 0x0C, 0x1E, 0x03, 0x83, 0xC0,
    0x61, 0xFE, 0x0D, 0xF9, 0xFB, 0xFC, 0x0F, 0xA6, 0x00, 0x60, 0x00, 0x60, 0x00, 0x73, 0x98, 0x03,
    0x18, 0xE0, 0x38, 0xC3, 0x81, 0xCE, 0x08, 0x1F, 0xFF, 0xF8, 0xFF, 0xFF, 0xC0, 0x38, 0x00, 0x01,
    0xC0, 0x00, 0x0F, 0xFE, 0x00, 0xFF, 0xF0, 0x07, 0x83, 0x00, 0x7E, 0x38, 0x07, 0x33, 0x80, 0x71,
    0xF8, 0x07, 0x87, 0x80, 0x78, 0x7F, 0x03, 0x1F, 0xBF, 0x01, 0xF0, 0x7C, 0x0E, 0x00, 0xE0, 0x7F,
    0xE0, 0x03, 0xFF, 0xFF, 0x0C, 0x6F, 0xFC, 0x63, 0x7F, 0xE3, 0xF9, 0xC6, 0x1F, 0xC6, 0x30, 0xFE,
    0x31, 0x86, 0x31, 0x9C, 0x31, 0x8E, 0xC1, 0xFC, 0x36, 0x0F, 0xE1, 0xF0, 0x63, 0x0F, 0x03, 0x1E,
    0x38, 0x1F, 0xF3, 0xC1, 0xFF, 0x9F, 0x0F, 0xB1, 0xFC, 0x01, 0x9C, 0xF0, 0x0D, 0xC3, 0x80, 0x64,
    0x08, 0xFF, 0xFF, 0xFF, 0xFF, 0xFF, 0xFF, 0xFC, 0x00, 0x7E, 0x00, 0x3F, 0x00, 0x1F, 0x80, 0x0F,
    0xC0, 0x07, 0xE0, 0x03, 0xF0, 0x01, 0xF8, 0x00, 0xFC, 0x00, 0x7E, 0x00, 0x3F, 0xFF, 0xFF, 0xFF,
    0xFF, 0xFF, 0xFF, 0xE0, 0x03, 0xA0, 0x00, 0x80, 0x00, 0x00, 0x1F, 0xFF, 0xFF, 0xFF, 0xFF, 0x80,
    0x01, 0xC0, 0x00, 0x38, 0x7F, 0xC7, 0x0F, 0xF8, 0xE1, 0x83, 0x1C, 0x30, 0x63, 0x86, 0x0C, 0x70,
    0xC1, 0x8E, 0x18, 0x31, 0xC3, 0xFE, 0x38, 0x7F, 0xC7, 0x0C, 0x00, 0xE0, 0x00, 0x1C, 0x00, 0x03,
    0x80, 0x07, 0xE0, 0x00, 0xFC, 0x00, 0x00, 0xC0, 0x00, 0x0C, 0x00, 0x00, 0xC0, 0x00, 0x1C, 0x00,
    0x7F, 0xFF, 0xF7, 0xFF, 0xFF, 0x03, 0x80, 0x00, 0x30, 0x00, 0x07, 0x00, 0x00, 0x70, 0x00, 0x0F,
    0xFF, 0xC1, 0xFF, 0xFC, 0x3F, 0x00, 0xC7, 0xF0, 0x0C, 0x77, 0x00, 0xC4, 0x70, 0x0C, 0x07, 0x00,
    0xC0, 0x7F, 0xFC, 0x07, 0xFF, 0xC0, 0x70, 0x0C, 0x1F, 0xFF, 0x07, 0xFF, 0xE0, 0xE0, 0x0C, 0x1C,
    0x01, 0x83, 0xFF, 0xF0, 0x7F, 0xFE, 0x00, 0x00, 0x03, 0xFF, 0xFE, 0xFF, 0xFF, 0xFF, 0xFF, 0xFC,
    0x30, 0x00, 0x0F, 0xFF, 0x81, 0xFF, 0xF0, 0x18, 0x0E, 0x00, 0x01, 0xC0, 0x00, 0x38, 0x00, 0x06,
    0x00, 0x1F, 0xC0, 0x03, 0xF0, 0x00, 0x01, 0x80, 0x00, 0x0C, 0x00, 0x00, 0xFF, 0xE0, 0x0F, 0xFF,
    0x00, 0xF0, 0x78, 0x1F, 0x83, 0x81, 0xEF, 0x78, 0x06, 0x3F, 0x80, 0x00, 0xF8, 0x00, 0x3F, 0xF8,
    0x0F, 0xE3, 0xF8, 0xFC, 0x07, 0xE7, 0xFF, 0xFF, 0x07, 0xFF, 0xC0, 0x30, 0x0E, 0x01, 0x80, 0x70,
    0x0C, 0x03, 0x80, 0x7F, 0xFC, 0x03, 0xFF, 0xE0, 0x18, 0x03, 0x00, 0x7F, 0xFF, 0xDF, 0xFF, 0xFB,
    0xFF, 0xFF, 0x70, 0x00, 0x6E, 0xFF, 0xED, 0xDF, 0xFD, 0xB8, 0x00, 0x37, 0x1F, 0xC6, 0xE7, 0xFC,
    0xDC, 0xFF, 0x9B, 0x98, 0x33, 0x73, 0x06, 0x6E, 0x60, 0xCD, 0xCF, 0xF9, 0xB9, 0xFF, 0x37, 0x30,
    0x06, 0xE0, 0x00, 0xDC, 0x00, 0xF9, 0x80, 0x1F, 0x00, 0x00, 0xC0, 0x00, 0x70, 0x00, 0x3F, 0xF8,
    0x1F, 0xFF, 0x0F, 0x03, 0x8F, 0x00, 0xE7, 0xB0, 0x70, 0x8E, 0x78, 0x01, 0xFC, 0x00, 0x3C, 0x00,
    0x3E, 0x00, 0x7F, 0xFF, 0x7F, 0xFF, 0xDD, 0x80, 0x30, 0x60, 0x0C, 0x18, 0x03, 0x06, 0x00, 0xC1,
    0xFF, 0xF0, 0x7F, 0xFC, 0x18, 0x03, 0x00, 0x00, 0x80, 0x07, 0xFC, 0x1F, 0xFF, 0xC1, 0xFF, 0x00,
    0x18, 0x00, 0x01, 0x80, 0x00, 0x1F, 0xFF, 0xF1, 0xFF, 0xFF, 0x18, 0x00, 0x01, 0x80, 0x00, 0x19,
    0xFF, 0xC1, 0xBF, 0xFE, 0x3B, 0xFF, 0xE3, 0xB8, 0x0E, 0x3B, 0x80, 0xE3, 0x38, 0x0E, 0x73, 0x80,
    0xE7, 0x3F, 0xFE, 0x63, 0xFF, 0xE6, 0x38, 0x0E, 0x01, 0x80, 0x01, 0xC0, 0x00, 0xE0, 0x00, 0x60,
    0x0F, 0xFF, 0xFF, 0xFF, 0xFF, 0x00, 0x07, 0x80, 0x03, 0xCF, 0xF9, 0xE7, 0xFC, 0xF3, 0x0E, 0x79,
    0x87, 0x3C, 0xC3, 0x9E, 0x7F, 0xCF, 0x3F, 0xE7, 0x9F, 0xF3, 0xCC, 0x01, 0xE0, 0x00, 0xF0, 0x07,
    0xF8, 0x01, 0xE0, 0x7F, 0xFF, 0xF7, 0xFF, 0xFF, 0x3F, 0xFF, 0xE0, 0x07, 0x00, 0x01, 0xF6, 0x00,
    0x7F, 0xF8, 0x1F, 0x73, 0xC7, 0xE7, 0x0F, 0x78, 0x70, 0x72, 0x07, 0x00, 0x0F, 0xFF, 0x81, 0xFF,
    0xFC, 0x1F, 0xFF, 0xC1, 0xC0, 0x1C, 0x1C, 0x01, 0xC1, 0xC0, 0x1C, 0x1F, 0xFF, 0xC1, 0xFF, 0xFC,
    0x1C, 0x01, 0xC0, 0x00, 0x20, 0x00, 0x03, 0x80, 0x00, 0x3E, 0x00, 0x03, 0xF8, 0x00, 0x78, 0xF0,
    0x0F, 0xF3, 0xE1, 0xF9, 0xCF, 0xCF, 0x07, 0x1E, 0x6F, 0xFF, 0xA0, 0x7F, 0xFC, 0x00, 0x01, 0xC0,
    0x00, 0x1C, 0x01, 0xFF, 0xF8, 0x0F, 0xFF, 0xE0, 0x70, 0x07, 0x03, 0x80, 0x38, 0x1C, 0x01, 0xC0,
    0xFF, 0xFE, 0x07, 0xFF, 0xF0, 0x38, 0x03, 0x00, 0x00, 0x60, 0x00, 0x0E, 0x00, 0x01, 0xC0, 0x0F,
    0xFF, 0xE1, 0xFF, 0xFE, 0x30, 0x01, 0xC6, 0x00, 0x38, 0xFF, 0xFF, 0x1F, 0xFF, 0xE3, 0xFF, 0xF8,
    0x60, 0x00, 0x0D, 0xFF, 0xF1, 0xFF, 0xFE, 0x7E, 0x01, 0xCF, 0xC0, 0x39, 0xB8, 0x07, 0x37, 0xFF,
    0xEE, 0xFF, 0xFD, 0x9F, 0xFF, 0x91, 0x80, 0x30, 0x08, 0x60, 0x03, 0x8C, 0x00, 0x71, 0x80, 0x1F,
    0xFF, 0xC3, 0xFF, 0xF8, 0xE0, 0xC0, 0x38, 0x18, 0x03, 0x03, 0x00, 0xFF, 0xFF, 0xFF, 0xFF, 0xFC,
    0x00, 0x00, 0x0F, 0xFF, 0x83, 0xFF, 0xF8, 0x7F, 0xFF, 0x0E, 0x00, 0xE1, 0xC0, 0x1C, 0x38, 0x03,
    0x87, 0xFF, 0xF0, 0xFF, 0xFE, 0x0C, 0x01, 0xC0, 0x1F, 0xFF, 0xE3, 0xFF, 0xFC, 0x61, 0xC3, 0x8C,
    0x38, 0x71, 0xBF, 0xFE, 0x37, 0xFD, 0xC6, 0x1C, 0x38, 0xFF, 0xFF, 0x1F, 0xFF, 0xE3, 0x00, 0x1C,
    0x6F, 0xFB, 0x9D, 0xFF, 0x73, 0xB0, 0x6E, 0x66, 0x0D, 0xCC, 0xFF, 0xB9, 0x9F, 0xF7, 0x73, 0x00,
    0xEC, 0x20, 0xFD, 0x80, 0x1F, 0x00, 0x00, 0x20, 0x00, 0x03, 0x80, 0x00, 0x3E, 0x00, 0x03, 0xB8,
    0x00, 0x78, 0xF0, 0x0F, 0x83, 0xE1, 0xFF, 0xFF, 0xCE, 0x7F, 0xDE, 0x00, 0x00, 0x01, 0xFC, 0xFF,
    0x0F, 0xE7, 0xF8, 0x73, 0x31, 0xC3, 0x99, 0x8E, 0x1C, 0xCC, 0x70, 0xFE, 0x63, 0x87, 0xF3, 0x7C,
    0x3F, 0x9B, 0xC1, 0xC0, 0xC0, 0x00, 0x06, 0x00, 0x00, 0x30, 0x00, 0x00, 0x00, 0x00, 0xF8, 0x01,
    0xFF, 0x7F, 0xBF, 0x0F, 0xF0, 0x61, 0x86, 0x0C, 0x30, 0xDF, 0xF6, 0x1B, 0xFF, 0xC3, 0x7F, 0xD8,
    0x61, 0xE3, 0x0C, 0x7E, 0x61, 0x8F, 0xEC, 0x33, 0xED, 0x86, 0x6D, 0xB0, 0xD9, 0x86, 0x1F, 0x30,
    0xFF, 0x46, 0x1F, 0xE0, 0xC3, 0x0C, 0x18, 0x61, 0x83, 0x00, 0x00, 0x00, 0x08, 0x00, 0x01, 0xC0,
    0xFC, 0x1C, 0x0F, 0xC3, 0xE0, 0xCC, 0x37, 0x0C, 0xC7, 0x38, 0xCC, 0xE1, 0xCC, 0xFF, 0xFE, 0xCF,
    0xFF, 0x6C, 0xC0, 0x00, 0xCC, 0x00, 0x0C, 0xCF, 0xF8, 0xFC, 0xFF, 0x8F, 0xCC, 0x18, 0xFC, 0xC1,
    0x8C, 0x0C, 0x18, 0x40, 0xC1, 0x80, 0x0F, 0xF8, 0x00, 0xFF, 0x80, 0x0C, 0x18, 0x00, 0x30, 0x00,
    0x07, 0x00, 0x78, 0x7F, 0x8F, 0xCF, 0xF8, 0xFD, 0xC7, 0x0C, 0xFF, 0xF8, 0xCF, 0xFF, 0xCC, 0xDD,
    0xDC, 0xCD, 0x9D, 0xCC, 0xD9, 0xDC, 0xCD, 0x9D, 0xCC, 0xDD, 0xDC, 0xCF, 0xFF, 0xEF, 0xFF, 0xFE,
    0xFC, 0x3C, 0x0C, 0x07, 0x60, 0xC0, 0xE7, 0x00, 0x3C, 0x3C, 0x07, 0x81, 0xE0, 0x20, 0x04, 0x3F,
    0x9F, 0xE1, 0xFE, 0xFF, 0x0E, 0x76, 0x38, 0x73, 0xB1, 0xC3, 0xFD, 0xFE, 0x1F, 0xEF, 0xF0, 0x7F,
    0xBF, 0x00, 0x18, 0xF0, 0x7F, 0xFF, 0xF3, 0xFF, 0xFF, 0x83, 0xC3, 0xC0, 0x3C, 0x0F, 0x87, 0xFD,
    0xFF, 0x3F, 0xEF, 0xF8, 0xE7, 0x73, 0x87, 0x3B, 0x9C, 0x3F, 0xDF, 0xE1, 0xFE, 0xFF, 0x0F, 0xE7,
    0xF8, 0x7F, 0xFF, 0xFF, 0xFF, 0xFE, 0x33, 0x8F, 0x8C, 0xE3, 0xE3, 0x38, 0xF8, 0xCE, 0x3E, 0x33,
    0x8F, 0x9C, 0xE3, 0xE6, 0x38, 0xFB, 0x8F, 0xFF, 0xC1, 0xFF, 0xF0, 0x03, 0xE0, 0x00, 0xFF, 0xFF,
    0xFF, 0xFF, 0xFF, 0xFF, 0xFF, 0xE0, 0x00, 0xC0, 0xFF, 0xFF, 0xFF, 0xFF, 0xFF, 0x80, 0x03, 0xF0,
    0x00, 0x7E, 0x00, 0x0F, 0xCF, 0xF9, 0xF9, 0xFF, 0x3F, 0x30, 0xE7, 0xE6, 0x1C, 0xFC, 0xC3, 0x9F,
    0x98, 0x73, 0xF3, 0xFE, 0x7E, 0x7F, 0xCF, 0xC0, 0x01, 0xF8, 0x00, 0x3F, 0x00, 0x07, 0xFF, 0xFF,
    0xFF, 0xFF, 0xFF, 0x80, 0x03, 0x80, 0xFF, 0xFF, 0xDF, 0xFF, 0xFF, 0x81, 0x03, 0xF0, 0x70, 0x7E,
    0x0E, 0x0F, 0xC1, 0xC1, 0xFF, 0xFF, 0xFF, 0xFF, 0xFF, 0xE0, 0xC0, 0xFC, 0x1C, 0x1F, 0x87, 0xC3,
    0xF0, 0xDC, 0x7E, 0x39, 0xCF, 0xDE, 0x1D, 0xFF, 0x81, 0xFF, 0x40, 0x17, 0xFF, 0xFF, 0xFF, 0xFF,
    0xFF, 0x00, 0x03, 0x00, 0xFF, 0xFF, 0xFF, 0xFF, 0xFF, 0x83, 0x03, 0xF0, 0x70, 0x7F, 0xFF, 0xFF,
    0xFF, 0xFD, 0xF8, 0x30, 0x3F, 0x7F, 0xF7, 0xEF, 0xFE, 0xFC, 0x18, 0x1F, 0xFF, 0xFF, 0xFF, 0xFF,
    0xFE, 0x0C, 0x6F, 0xC1, 0xBD, 0xF8, 0x37, 0xBF, 0x06, 0x07, 0xFF, 0xFF, 0xFF, 0xFF, 0xFF, 0x80,
    0x03, 0x80, 0x7F, 0xFF, 0xDF, 0xFF, 0xFB, 0x83, 0x03, 0x70, 0x70, 0x6E, 0x0E, 0x0D, 0xFF, 0xFF,
    0xBF, 0xFF, 0xF7, 0x07, 0x06, 0xE0, 0xE0, 0xDC, 0xFF, 0x9B, 0x9F, 0xF3, 0x73, 0x06, 0x6E, 0x60,
    0xCD, 0xCF, 0xF9, 0xB9, 0xFF, 0x37, 0x00, 0x06, 0xFF, 0xFF, 0xDF, 0xFF, 0xFB, 0x80, 0x03, 0x00,
    0xFF, 0xFF, 0xDF, 0xFF, 0xFB, 0x86, 0x03, 0x71, 0xC0, 0x6E, 0x7F, 0xED, 0xDF, 0xF9, 0xBF, 0xEE,
    0x37, 0x4F, 0x86, 0xE3, 0xF8, 0xDF, 0xF7, 0xFB, 0xF7, 0x1F, 0x70, 0xF8, 0x6E, 0x43, 0x0D, 0xCF,
    0xE1, 0xB8, 0x7F, 0x37, 0x00, 0xE6, 0xFF, 0xFF, 0xDF, 0xFF, 0xFB, 0x80, 0x03, 0x00, 0xFF, 0xFF,
    0xDF, 0xFF, 0xFF, 0x9F, 0xF3, 0xF7, 0xFF, 0x7E, 0xC0, 0xEF, 0xDF, 0xFD, 0xFB, 0xFF, 0x3F, 0x7F,
    0xF7, 0xEF, 0xFE, 0xFD, 0x88, 0xDF, 0xB3, 0x9B, 0xF6, 0x73, 0x7E, 0xCE, 0x6F, 0xD7, 0xF9, 0xFF,
    0xE7, 0xBF, 0xF0, 0x3F, 0xFF, 0xFF, 0xFF, 0xFF, 0xFF, 0x80, 0x03, 0x00, 0x00, 0xC0, 0x00, 0x1C,
    0x00, 0x01, 0xC0, 0x07, 0xFF, 0xFF, 0x7F, 0xFF, 0xF7, 0xFF, 0xFF, 0x07, 0x0C, 0x00, 0xE0, 0xE0,
    0x0E, 0x0E, 0x01, 0xC0, 0xE0, 0x3D, 0xFF, 0xE7, 0xDF, 0xFE, 0x7C, 0x0E, 0x04, 0xC0, 0xE0, 0x0C,
    0x0E, 0x00, 0xC0, 0xE0, 0x0C, 0x0E, 0x00, 0xDF, 0xFF, 0x0D, 0xFF, 0xF0, 0xDF, 0xFE, 0x18, 0x06,
    0x00, 0xE0, 0x30, 0x07, 0x19, 0x80, 0x38, 0xCC, 0x01, 0xC6, 0x6F, 0x3F, 0xB3, 0xFB, 0xFD, 0xBF,
    0xC3, 0x8F, 0xCE, 0x1D, 0xFE, 0x70, 0xEF, 0x33, 0x87, 0x79, 0x98, 0x38, 0xCC, 0xC1, 0xF6, 0x7E,
    0x0F, 0xB3, 0xF1, 0xF9, 0x98, 0x0E, 0x0C, 0x06, 0x40, 0x60, 0x30, 0x03, 0xFF, 0x80, 0x1F, 0xFC,
    0x00, 0x3F, 0x80, 0x08, 0x07, 0x00, 0xE0, 0x38, 0x07, 0x01, 0xC0, 0x38, 0x0E, 0x01, 0xC0, 0x70,
    0x3F, 0xB3, 0x81, 0xFD, 0x9C, 0x03, 0x8C, 0xFE, 0x1C, 0x67, 0xF0, 0xE3, 0x3F, 0x87, 0x19, 0xC0,
    0x38, 0xCE, 0x01, 0xF6, 0x70, 0x1F, 0xB3, 0x83, 0xF1, 0x9C, 0x0E, 0x0C, 0xE0, 0x00, 0x67, 0x00,
    0x1F, 0xFF, 0x80, 0xFF, 0xFC, 0x18, 0x18, 0x01, 0x81, 0xC0, 0x18, 0x18, 0x01, 0x83, 0xFE, 0x18,
    0x7F, 0xF7, 0xF7, 0xFF, 0xFF, 0xE0, 0x71, 0xDD, 0x07, 0x18, 0xB8, 0x71, 0x81, 0xC7, 0x18, 0x0E,
    0x71, 0x80, 0x7F, 0x1B, 0x07, 0xE1, 0xF8, 0xF6, 0x3E, 0x3C, 0x6F, 0x8F, 0x86, 0x60, 0xE0, 0x60,
    0x00, 0x0E, 0x00, 0x0F, 0xE0, 0x00, 0x7C, 0x00, 0x01, 0x01, 0xFF, 0xF1, 0xFF, 0xFE, 0x1F, 0xF0,
    0x00, 0x0E, 0x00, 0xFF, 0xFF, 0x9F, 0xFF, 0xF0, 0xE7, 0x38, 0x1C, 0xE7, 0x1F, 0xFF, 0xFF, 0xFF,
    0xFF, 0x8E, 0x73, 0x81, 0xCE, 0x70, 0xFF, 0xFF, 0x9F, 0xFF, 0xF3, 0xFF, 0xFE, 0x00, 0xE0, 0x07,
    0xFF, 0xF0, 0xFF, 0xFE, 0x1F, 0xFF, 0x80, 0x06, 0x03, 0x00, 0x30, 0x18, 0x0F, 0xFF, 0xF8, 0x7F,
    0xFF, 0xC0, 0x60, 0x30, 0x03, 0xFF, 0x80, 0x1F, 0xFC, 0x00, 0xFF, 0xE0, 0x07, 0xFF, 0x00, 0x30,
    0x18, 0x1F, 0xFF, 0xFC, 0xFF, 0xFF, 0xE0, 0xE6, 0x38, 0x0E, 0x38, 0xE1, 0xFF, 0xFF, 0xCE, 0xFF,
    0xEE, 0x60, 0x70, 0x01, 0xFF, 0xFF, 0x0F, 0xFF, 0xF8, 0x3F, 0xFF, 0x80, 0x18, 0x20, 0x83, 0x0E,
    0x38, 0x60, 0xC6, 0x0C, 0x7F, 0xF1, 0x9F, 0xFE, 0xFF, 0xD9, 0xDF, 0xEF, 0x78, 0xCD, 0xFB, 0x19,
    0x9F, 0x63, 0x3F, 0xFC, 0x63, 0xFF, 0x8C, 0x3F, 0xE1, 0x8F, 0xFC, 0x3D, 0xC1, 0x8F, 0xBF, 0xF3,
    0xE7, 0xFE, 0x60, 0xE0, 0xC0, 0x1F, 0xF8, 0x03, 0xFF, 0x00, 0x30, 0x60, 0x01, 0x80, 0x00, 0x0C,
    0x00, 0x00, 0xFF, 0xE0, 0x1F, 0xFF, 0x01, 0xF0, 0x70, 0x1F, 0xCF, 0x00, 0xC7, 0xF0, 0x00, 0x3F,
    0x80, 0x1F, 0xFF, 0xE3, 0xF8, 0x3F, 0x9F, 0xFF, 0xFC, 0x3F, 0xFF, 0x81, 0xC7, 0x1C, 0x0E, 0x38,
    0xE0, 0x7F, 0xFF, 0x03, 0xFF, 0xF8, 0x1C, 0x71, 0xC0, 0xFF, 0xFE, 0x07, 0xFF, 0xF0, 0x38, 0x03,
    0x80, 0x06, 0x00, 0x00, 0x70, 0x00, 0x03, 0xFF, 0xF8, 0x3F, 0xFF, 0xC3, 0x80, 0x00, 0x3F, 0xFF,
    0xE1, 0xBF, 0xFF, 0x01, 0xFF, 0xF8, 0x0F, 0xFF, 0xC0, 0x70, 0x0E, 0x03, 0xFF, 0xF0, 0x1F, 0xFF,
    0x80, 0x7F, 0xF8, 0x07, 0xFF, 0xC0, 0xFC, 0x1E, 0x07, 0x7B, 0xC0, 0x11, 0xFC, 0x00, 0xFF, 0xFF,
    0x3F, 0xF3, 0xFC, 0xF0, 0x01, 0xE0, 0x00, 0xC0, 0x00, 0x38, 0x00, 0x0F, 0xFC, 0x03, 0xFF, 0x81,
    0xE0, 0xE0, 0xFC, 0x38, 0x0D, 0xFE, 0x00, 0x0F, 0xC0, 0x07, 0xDC, 0x07, 0xE7, 0xF9, 0xF3, 0xFF,
    0xB0, 0xF0, 0xE0, 0x78, 0x1C, 0x3F, 0xC7, 0x07, 0x1F, 0xC0, 0x01, 0xF0, 0x00, 0xF8, 0x03, 0xFC,
    0x03, 0xFE, 0x00, 0x3C, 0x00, 0x00, 0x00, 0x60, 0x00, 0x03, 0x80, 0x1F, 0xFF, 0xF8, 0xFF, 0xFF,
    0xE7, 0xFF, 0xFF, 0x03, 0x8C, 0x00, 0x38, 0xFF, 0x81, 0xC7, 0xFC, 0x1C, 0x78, 0x61, 0xE7, 0x67,
    0x0F, 0x7B, 0xB1, 0xFF, 0xEF, 0x86, 0xD3, 0x18, 0x06, 0x1D, 0x80, 0x30, 0x7C, 0x01, 0x83, 0xC0,
    0x0C, 0x3F, 0x80, 0x67, 0x9F, 0x03, 0xF8, 0x3C, 0x1B, 0x00, 0x60, 0x00, 0x70, 0x00, 0x07, 0x00,
    0x00, 0x70, 0x00, 0x07, 0x00, 0x00, 0x70, 0x00, 0x06, 0x00, 0x7F, 0xFF, 0xF7, 0xFF, 0xFF, 0x00,
    0xF8, 0x00, 0x0F, 0x80, 0x00, 0xF8, 0x00, 0x1D, 0xC0, 0x01, 0xDC, 0x00, 0x38, 0xE0, 0x03, 0x87,
    0x00, 0x70, 0x78, 0x1E, 0x03, 0xC3, 0xC0, 0x1F, 0x78, 0x00, 0xF2, 0x00, 0x02, 0x3F, 0xFF, 0xE1,
    0xFF, 0xFF, 0x00, 0x1C, 0x00, 0x00, 0xE0, 0x00, 0x07, 0x00, 0x00, 0x30, 0x01, 0xFF, 0xFF, 0xCF,
    0xFF, 0xFE, 0x7F, 0xFF, 0xE0, 0x07, 0xC0, 0x00, 0x3E, 0x00, 0x03, 0xB8, 0x00, 0x38, 0xE0, 0x03,
    0xC7, 0x80, 0x7C, 0x1E, 0x0F, 0xC0, 0x7E, 0x78, 0x00, 0xF3, 0x00, 0x01, 0x00, 0x00, 0x60, 0x00,
    0x73, 0x80, 0x03, 0x1C, 0x00, 0x18, 0xE0, 0x01, 0xFF, 0xFC, 0x0F, 0xFF, 0xE0, 0xE1, 0xC0, 0x0E,
    0x0E, 0x00, 0x70, 0x60, 0x03, 0xFF, 0xFF, 0x1F, 0xFF, 0xFC, 0xFF, 0xFF, 0xE0, 0x0F, 0x80, 0x00,
    0xEC, 0x00, 0x07, 0x70, 0x00, 0x71, 0xC0, 0x0F, 0x07, 0x81, 0xF0, 0x1F, 0x1E, 0x00, 0x7C, 0xC0,
    0x00, 0x60, 0x00, 0x30, 0x03, 0x06, 0x00, 0x78, 0xC0, 0x07, 0xD8, 0x00, 0x3B, 0x00, 0xE0, 0x60,
    0x1F, 0x0C, 0x00, 0xF3, 0x80, 0x06, 0x70, 0x00, 0x0E, 0x03, 0xFF, 0xFF, 0xFF, 0xFF, 0xF0, 0x0E,
    0x00, 0x01, 0xE0, 0x00, 0x7F, 0x00, 0x1C, 0xF8, 0x0F, 0x07, 0x87, 0xC0, 0x3B, 0xE0, 0x03, 0xB0,
    0x00, 0x20, 0x00, 0x70, 0x00, 0x07, 0x00, 0x00, 0x70, 0x03, 0xFF, 0xFE, 0x7F, 0xFF, 0xE3, 0xFF,
    0xFE, 0x1C, 0x73, 0x80, 0xE7, 0x38, 0x0E, 0x77, 0x00, 0x66, 0x60, 0x7F, 0xFF, 0xF7, 0xFF, 0xFF,
    0x00, 0xF8, 0x00, 0x1F, 0x80, 0x01, 0xDC, 0x00, 0x38, 0xE0, 0x0F, 0x07, 0x83, 0xE0, 0x3E, 0x7C,
    0x01, 0xF3, 0x00, 0x06, 0x18, 0x04, 0x00, 0xC0, 0x70, 0x06, 0x03, 0x00, 0x30, 0x39, 0x07, 0xF1,
    0x9C, 0x3F, 0x9C, 0x71, 0xFD, 0xC1, 0x86, 0x6F, 0xFE, 0x33, 0xFF, 0xF1, 0x9B, 0x81, 0x9D, 0xC0,
    0x00, 0xEC, 0xFF, 0xC3, 0xE7, 0xFE, 0x0F, 0x38, 0x30, 0x39, 0xC1, 0x83, 0xEE, 0x0C, 0x1B, 0xF0,
    0x63, 0xCB, 0xFF, 0x1C, 0x1F, 0xF8, 0xC0, 0xC0, 0xC0, 0x00, 0xC0, 0x00, 0x1C, 0x03, 0xFF, 0xFF,
    0x7F, 0xFF, 0xFF, 0xFF, 0xFF, 0xC0, 0x01, 0xFB, 0xFF, 0xB8, 0xFF, 0xF0, 0x0F, 0xFC, 0x00, 0x0F,
    0x00, 0x03, 0xC0, 0x7F, 0xFF, 0xEF, 0xFF, 0xFF, 0xFF, 0xFF, 0xC0, 0x38, 0x00, 0x07, 0x00, 0x00,
    0xE0, 0x00, 0x1C, 0x00, 0x1F, 0x80, 0x03, 0xE0, 0x00, 0x00, 0xC0, 0x00, 0x1C, 0x00, 0x01, 0xC0,
    0x07, 0xFF, 0xFF, 0x7F, 0xFF, 0xF0, 0x30, 0x00, 0x07, 0x00, 0x00, 0xEF, 0xFE, 0x0E, 0xFF, 0xE1,
    0xC0, 0x38, 0x3C, 0x07, 0x07, 0xC0, 0xE0, 0xFD, 0xFF, 0xF5, 0xDF, 0xFF, 0x1C, 0x0E, 0x01, 0xC0,
    0xE0, 0x1C, 0x0E, 0x01, 0xC0, 0xE0, 0x1C, 0x7E, 0x00, 0xC7, 0xC0, 0x00, 0xC0, 0x00, 0x18, 0x00,
    0x03, 0x80, 0x3F, 0xFF, 0xE7, 0xFF, 0xFC, 0xC3, 0x81, 0x98, 0x60, 0x32, 0x1C, 0x00, 0xFF, 0xFF,
    0xFF, 0xFF, 0xFD, 0xFF, 0xFF, 0x07, 0x06, 0x01, 0xC1, 0xC0, 0x3F, 0x70, 0x01, 0xFC, 0x00, 0x07,
    0xE0, 0x03, 0xFF, 0x07, 0xF1, 0xF9, 0xF8, 0x0F, 0x38, 0x00, 0x40, 0x00, 0x60, 0x00, 0x06, 0x00,
    0x00, 0x70, 0x07, 0xFF, 0xFE, 0x7F, 0xFF, 0xE7, 0x00, 0x06, 0x77, 0xFF, 0x67, 0xFF, 0xF6, 0x00,
    0x00, 0x00, 0x00, 0x00, 0x7F, 0xFF, 0xF7, 0xFF, 0xFF, 0x03, 0x8C, 0x00, 0x38, 0xC0, 0x03, 0x0C,
    0x00, 0x30, 0xC3, 0x07, 0x0C, 0x31, 0xE0, 0xC7, 0x7C, 0x0F, 0xF7, 0x00, 0x7E, 0x00, 0x60, 0x00,
    0x06, 0x00, 0x3F, 0xFF, 0xE7, 0xFF, 0xFF, 0x7F, 0xFF, 0xF7, 0x00, 0x07, 0x70, 0x00, 0x72, 0xFF,
    0xFE, 0x0F, 0xFF, 0x80, 0x07, 0x00, 0x0E, 0x70, 0x00, 0xC7, 0xF8, 0x0C, 0x7F, 0xC0, 0xC7, 0xFC,
    0x1E, 0x70, 0x01, 0xF7, 0x00, 0x3B, 0xF0, 0x07, 0x1F, 0xFF, 0x70, 0xFF, 0xF6, 0x01, 0xFF, 0x00,
    0xC0, 0x00, 0x0C, 0x00, 0xFF, 0xFF, 0xEF, 0xFF, 0xFE, 0xE0, 0x00, 0xEF, 0xFF, 0xEE, 0xFF, 0xFF,
    0xE0, 0xFF, 0xE0, 0x07, 0x83, 0x83, 0xFC, 0x78, 0x79, 0xEE, 0x04, 0x3F, 0xC0, 0x1F, 0x7C, 0x07,
    0xCF, 0x60, 0x71, 0xF7, 0x00, 0x7B, 0x38, 0x3E, 0x33, 0xCF, 0x87, 0x1E, 0x63, 0xE0, 0x60, 0x3C,
    0x00, 0x00, 0x60, 0x00, 0x07, 0x00, 0x7F, 0xFF, 0xE7, 0xFF, 0xFF, 0x70, 0x00, 0x77, 0x30, 0xE7,
    0x27, 0x27, 0x21, 0xE7, 0x3C, 0x3C, 0xF0, 0xE3, 0x1F, 0xC6, 0x03, 0x8E, 0x00, 0x70, 0x78, 0x1F,
    0xFF, 0xE7, 0xFF, 0xFF, 0x7E, 0x03, 0xB0, 0xC0, 0x38, 0x0C, 0x03, 0x80, 0xFF, 0xF8, 0x0F, 0xFF,
    0x80, 0xC0, 0x38, 0x00, 0x60, 0x00, 0x03, 0x80, 0x1F, 0xFF, 0xFC, 0xFF, 0xFF, 0xE6, 0x18, 0xC7,
    0x37, 0xFF, 0xF8, 0xFF, 0xFF, 0x80, 0x71, 0x80, 0x01, 0x8C, 0x00, 0x7F, 0xFC, 0x03, 0xFF, 0xE0,
    0x18, 0xC3, 0x00, 0xC6, 0x18, 0x06, 0x30, 0xC0, 0x31, 0xE6, 0x01, 0x9F, 0x36, 0x03, 0xD8, 0x30,
    0x7C, 0xC1, 0x9F, 0x87, 0xFC, 0xF0, 0x1F, 0xC0, 0x00, 0x60, 0x00, 0x07, 0x00, 0x7F, 0xFF, 0xF7,
    0xFF, 0xFF, 0x71, 0xC0, 0x77, 0x0E, 0x77, 0x7B, 0x7E, 0xA1, 0xB1, 0xDC, 0x3B, 0x7A, 0xE7, 0x3E,
    0x37, 0x67, 0xFF, 0x37, 0xFF, 0xF0, 0x78, 0x78, 0x00, 0x07, 0x0C, 0x18, 0x70, 0xC1, 0x87, 0x0C,
    0x18, 0x70, 0xC1, 0xFF, 0xFC, 0x1F, 0xFF, 0xC0, 0x00, 0x0C, 0x00, 0x00, 0xC0, 0x00, 0x1C, 0x00,
    0x01, 0xC7, 0xFC, 0x1C, 0x7F, 0xC1, 0xC0, 0x1F, 0xFF, 0x01, 0xFF, 0xF3, 0x18, 0x1C, 0x39, 0x81,
    0xC3, 0xFB, 0x1C, 0x1F, 0xB9, 0xC0, 0xF1, 0xDC, 0x07, 0x1D, 0xC0, 0x78, 0xDC, 0x0F, 0xC9, 0xC1,
    0xCE, 0x1C, 0x3C, 0xC1, 0xC7, 0x80, 0x7C, 0x70, 0x0F, 0xC2, 0x00, 0x78, 0x06, 0x00, 0xC0, 0x60,
    0x0C, 0x06, 0x00, 0xC7, 0xFC, 0x0C, 0x7F, 0xC0, 0xC0, 0x63, 0xFF, 0x06, 0x3F, 0xF7, 0xFE, 0x0C,
    0x7F, 0xE0, 0xC0, 0x61, 0xCC, 0x06, 0x0C, 0xC3, 0xFC, 0xEC, 0x7F, 0xEE, 0xC7, 0xFC, 0x6C, 0x06,
    0x00, 0xC0, 0x66, 0x0C, 0x3F, 0xE0, 0xCF, 0xFE, 0x0C, 0x7C, 0x07, 0xC0, 0x00, 0x78, 0x0E, 0x0C,
    0x00, 0xE0, 0xE0, 0x0E, 0x3F, 0xF6, 0xE7, 0xFE, 0x7F, 0xF0, 0xE7, 0xEF, 0x9C, 0x3E, 0x1F, 0x81,
    0xE1, 0xF0, 0x0E, 0xFD, 0xC0, 0xFF, 0x1C, 0x0F, 0xFF, 0xF1, 0xFF, 0xFF, 0x3F, 0xFF, 0xF7, 0xE6,
    0x1C, 0x6E, 0x71, 0xC0, 0xE3, 0x9C, 0x0E, 0x19, 0xC0, 0xE0, 0x1C, 0x0E, 0x0F, 0xC0, 0xE0, 0x78,
    0x00, 0x20, 0x00, 0x03, 0x80, 0x00, 0x1C, 0x00, 0x00, 0xE0, 0x00, 0x07, 0x00, 0x04, 0x38, 0xC0,
    0x31, 0xCE, 0x03, 0x8E, 0x38, 0x1C, 0x71, 0xC0, 0xC3, 0x87, 0x0E, 0x1C, 0x38, 0x70, 0xE0, 0xE7,
    0x07, 0x07, 0x38, 0x38, 0x19, 0x81, 0xC0, 0xE0, 0x0E, 0x04, 0x00, 0x70, 0x00, 0x03, 0x80, 0x01,
    0xFC, 0x00, 0x07, 0xC0, 0x00, 0x00, 0x60, 0x00, 0x06, 0x00, 0x00, 0x60, 0x00, 0x06, 0x00, 0x0C,
    0x63, 0x80, 0xC6, 0x1C, 0x1C, 0x60, 0xC1, 0x86, 0x0E, 0x38, 0x60, 0x67, 0x06, 0x07, 0x60, 0x60,
    0x30, 0x06, 0x18, 0x00, 0x63, 0x80, 0x06, 0x78, 0x00, 0x0F, 0x00, 0x03, 0xC0, 0x01, 0xF8, 0x03,
    0xFE, 0x00, 0x7F, 0x80, 0x07, 0x80, 0x00, 0x01, 0x80, 0x30, 0xE1, 0x98, 0x71, 0xCE, 0x38, 0xE3,
    0x9C, 0xE0, 0xCE, 0x63, 0xFF, 0xFF, 0xFF, 0xFF, 0xE0, 0x03, 0xF0, 0x01, 0xFB, 0xFE, 0xFD, 0xFF,
    0x7E, 0xE3, 0xBF, 0x71, 0xDF, 0xBF, 0xEF, 0xDF, 0xF7, 0xEE, 0x03, 0xF6, 0x01, 0xF8, 0x07, 0xF8,
    0x01, 0xE0, 0x08, 0x0C, 0x00, 0xC0, 0xF8, 0x0C, 0x0F, 0x8F, 0xFC, 0xEC, 0xFF, 0xCE, 0xC0, 0x00,
    0xE4, 0x7F, 0xFF, 0xE7, 0xFB, 0xFE, 0x61, 0x8C, 0x06, 0x18, 0xF0, 0x7F, 0x8F, 0x07, 0xF8, 0xF0,
    0x2F, 0x1F, 0x06, 0xD9, 0xB0, 0x6D, 0x9B, 0x0E, 0xCF, 0xB2, 0xCC, 0x33, 0x3C, 0xC7, 0x36, 0x3C,
    0xE3, 0xE1, 0xC4, 0x1C, 0x1F, 0xFF, 0xC1, 0xFF, 0xFC, 0x18, 0x00, 0xC1, 0x80, 0x0C, 0x1F, 0xFF,
    0xC1, 0xFF, 0xFC, 0x18, 0x00, 0x01, 0xFF, 0xFE, 0x1F, 0xFF, 0xE1, 0xFF, 0xFE, 0x39, 0xFC, 0x63,
    0xBF, 0xE6, 0x33, 0x0E, 0x63, 0x30, 0x66, 0x33, 0x0E, 0x67, 0x3F, 0xE6, 0x63, 0xFC, 0xE6, 0x30,
    0x7C, 0x00, 0x07, 0xC0, 0x1F, 0xFF, 0xE1, 0xFF, 0xFE, 0x1F, 0xFF, 0xE1, 0x80, 0x0E, 0x1F, 0xFF,
    0xE1, 0xFF, 0xFE, 0x18, 0x18, 0x01, 0x81, 0x80, 0x1F, 0xFF, 0xF3, 0xFF, 0xFF, 0x38, 0x18, 0x03,
    0x81, 0x80, 0x3B, 0xFF, 0xC3, 0xBF, 0xFC, 0x33, 0x00, 0xC7, 0x30, 0x0C, 0x73, 0xFF, 0xCE, 0x3F,
    0xFC, 0x63, 0x00, 0xC0, 0x3F, 0xFF, 0xE3, 0xFF, 0xFE, 0x38, 0x00, 0xE3, 0x80, 0x0E, 0x3F, 0xFF,
    0xE3, 0xFF, 0xFE, 0x39, 0xC3, 0x83, 0x8C, 0x38, 0x3F, 0xFF, 0xF3, 0xFF, 0xFE, 0x38, 0xE3, 0x03,
    0x8E, 0x30, 0x3F, 0xFF, 0xF3, 0xFF, 0xFF, 0x30, 0xC3, 0x07, 0x1C, 0x30, 0x73, 0x83, 0x0E, 0xF0,
    0x30, 0x66, 0x03, 0x00, 0x7F, 0xFF, 0x8F, 0xFF, 0xF9, 0xFF, 0xFF, 0x00, 0x70, 0x00, 0x0E, 0x00,
    0x01, 0xC0, 0x00, 0x38, 0x00, 0x07, 0x00, 0x00, 0xE0, 0x00, 0x1C, 0x00, 0x03, 0x80, 0x00, 0x70,
    0x00, 0x0E, 0x00, 0x01, 0xC0, 0x3F, 0xFF, 0xFF, 0xFF, 0xFF, 0x00, 0x00, 0x00, 0x01, 0xC0, 0x00,
    0x1C, 0x00, 0x01, 0x80, 0x00, 0x18, 0x00, 0x7F, 0xFF, 0xF7, 0xFF, 0xFF, 0x03, 0x80, 0x00, 0x30,
    0x00, 0x07, 0x00, 0x00, 0x7F, 0xFE, 0x07, 0xFF, 0xE0, 0xFF, 0xFE, 0x0C, 0x1C, 0x01, 0xC1, 0xC0,
    0x38, 0x1C, 0x03, 0x81, 0xC0, 0x70, 0x1C, 0x0E, 0x7F, 0xFF, 0x47, 0xFF, 0xF0, 0x7F, 0xFE, 0x7F,
    0xFF, 0x0F, 0xFF, 0xF1, 0xFF, 0xFE, 0x00, 0x01, 0xC3, 0x00, 0x38, 0x60, 0x07, 0x0C, 0x00, 0xE1,
    0xFF, 0xFC, 0x3F, 0xFF, 0x87, 0xFF, 0xF0, 0xC0, 0x0C, 0x18, 0x00, 0x03, 0x00, 0x04, 0x60, 0x00,
    0xCC, 0x00, 0x39, 0x80, 0x07, 0x3F, 0xFF, 0xC3, 0xFF, 0xF8, 0x00, 0x00, 0x00, 0x00, 0xC0, 0x00,
    0x0C, 0x00, 0x01, 0xC0, 0x07, 0xFF, 0xFF, 0x7F, 0xFF, 0xF7, 0xFF, 0xFF, 0x07, 0x38, 0x00, 0x63,
    0x80, 0x0E, 0x38, 0x01, 0xFF, 0xFE, 0x3F, 0xFF, 0xE7, 0xE3, 0x8E, 0x7E, 0x38, 0xE4, 0xE3, 0x8E,
    0x0E, 0x38, 0xE0, 0xE3, 0x8E, 0x0E, 0x3F, 0xE0, 0xE3, 0xBC, 0x00, 0x38, 0x00, 0x03, 0x80, 0x00,
    0x01, 0x81, 0xF0, 0x78, 0x0F, 0xFF, 0x00, 0x1F, 0xC0, 0x0F, 0xFF, 0x83, 0xFC, 0x7C, 0x19, 0xC0,
    0x87, 0xFF, 0xFF, 0x7F, 0xFF, 0xF0, 0x73, 0x00, 0x07, 0x30, 0x00, 0xFF, 0xFC, 0x3F, 0xFF, 0xC7,
    0xE3, 0x0C, 0x7E, 0x30, 0xC0, 0xE3, 0x0C, 0x0E, 0x30, 0xC0, 0xE3, 0x7C, 0x06, 0x33, 0x80, 0x03,
    0x00, 0x18, 0xC3, 0x03, 0x1C, 0xE0, 0x73, 0x9C, 0x7F, 0xFF, 0xFF, 0xFF, 0xFE, 0x31, 0xCE, 0x06,
    0x30, 0xC7, 0xFF, 0xFE, 0xFF, 0xFF, 0xFC, 0x1C, 0x1F, 0x83, 0x83, 0xFF, 0xFF, 0xF1, 0xFF, 0xF8,
    0x31, 0xC7, 0x06, 0x38, 0xE0, 0xC7, 0x1C, 0x18, 0xEF, 0x83, 0x1D, 0xE0, 0x03, 0x80, 0x00, 0x60,
    0x00, 0x03, 0x06, 0x03, 0xFF, 0xFF, 0x9F, 0xFF, 0xFC, 0x7F, 0xFF, 0xC1, 0xFF, 0xFC, 0x0F, 0xFF,
    0xE0, 0x7F, 0xFF, 0x03, 0xFF, 0xF8, 0x1C, 0x01, 0xC0, 0xFF, 0xFE, 0x07, 0xFF, 0xF0, 0xFF, 0xFF,
    0xE7, 0xFF, 0xFF, 0x07, 0x39, 0xC0, 0xFF, 0xFF, 0xCF, 0xFF, 0xFE, 0x6C, 0x71, 0xB0, 0x63, 0xBC,
    0x03, 0x1D, 0xE0, 0x00, 0xE0, 0x00, 0x00, 0x00, 0x0F, 0xFF, 0xF9, 0xFF, 0xFF, 0x08, 0x71, 0x83,
    0x8E, 0x38, 0x31, 0xCE, 0x07, 0x39, 0xC0, 0x67, 0x30, 0x0C, 0xE4, 0x1F, 0xFF, 0xFF, 0xFF, 0xFF,
    0xFF, 0xFF, 0xF0, 0x0E, 0x00, 0x01, 0xC0, 0x00, 0x38, 0x00, 0x07, 0x00, 0x00, 0xE0, 0x00, 0x1C,
    0x00, 0x03, 0x80, 0x00, 0x0C, 0x06, 0x03, 0x80, 0xE0, 0x38, 0x38, 0x03, 0x07, 0x07, 0xFF, 0xFD,
    0xFF, 0xFF, 0xDF, 0xFF, 0xF0, 0x70, 0x60, 0x0E, 0x0C, 0x01, 0xC1, 0x83, 0xFF, 0xFF, 0xFF, 0xFF,
    0xFF, 0xFF, 0xFE, 0x1C, 0x18, 0x03, 0x83, 0x00, 0xE0, 0x60, 0x3C, 0x0C, 0x0F, 0x01, 0x83, 0xC0,
    0x30, 0x30, 0x06, 0x00, 0x00, 0x30, 0x00, 0x03, 0x00, 0x1F, 0xFF, 0xF3, 0xFF, 0xFF, 0x3F, 0xFF,
    0xF3, 0x3F, 0xF8, 0x33, 0xFF, 0xC3, 0x00, 0x38, 0x30, 0xE7, 0x03, 0x0F, 0xE0, 0x30, 0x3E, 0x03,
    0xFF, 0xFF, 0x37, 0xFF, 0xE3, 0x01, 0x8E, 0x30, 0x19, 0xC7, 0x01, 0x98, 0x70, 0x18, 0x06, 0x01,
    0x80, 0xE1, 0xF8, 0x04, 0x0F, 0x80, 0x00, 0x30, 0x00, 0x03, 0x00, 0x00, 0x38, 0x03, 0xFF, 0xFF,
    0x3F, 0xFF, 0xF3, 0x00, 0x00, 0x30, 0x30, 0x63, 0x63, 0x0E, 0x37, 0x30, 0xE3, 0x33, 0x8C, 0x33,
    0x19, 0xC3, 0x39, 0x98, 0x31, 0x99, 0x83, 0x19, 0xB8, 0x31, 0x83, 0x03, 0x00, 0x70, 0x70, 0x06,
    0x06, 0xFF, 0xFF, 0x6F, 0xFF, 0xF6, 0x00, 0x00, 0x00, 0x30, 0x00, 0x03, 0x00, 0x3F, 0xFF, 0xF3,
    0xFF, 0xFF, 0x38, 0x00, 0x03, 0x81, 0xFC, 0x3B, 0xFF, 0xC3, 0xBF, 0xC0, 0x33, 0x0C, 0x03, 0x30,
    0xE0, 0x33, 0xFF, 0xE3, 0x3F, 0xFF, 0x33, 0x06, 0x03, 0x30, 0x60, 0x33, 0x17, 0x07, 0x31, 0xB3,
    0x73, 0x7B, 0xB6, 0x3E, 0xDF, 0xE7, 0x8D, 0xF6, 0x20, 0x06, 0x00, 0x30, 0x00, 0x01, 0x80, 0x0F,
    0xFF, 0xFC, 0x7F, 0xFF, 0xE3, 0x8C, 0x30, 0x1C, 0x61, 0xC0, 0xFF, 0xFF, 0xC7, 0xFF, 0xFE, 0x38,
    0xC3, 0x81, 0xC6, 0x1C, 0x0E, 0x3F, 0xE0, 0x61, 0xFE, 0x03, 0x7F, 0xFC, 0x1B, 0xFF, 0xE0, 0xC7,
    0x0E, 0x06, 0x1C, 0xF0, 0x70, 0x7E, 0x03, 0x0F, 0xFC, 0x1B, 0xF9, 0xFC, 0xDC, 0x01, 0xE0, 0x00,
    0x0C, 0x03, 0xF0, 0x60, 0x1F, 0xBF, 0xF8, 0xFD, 0xFF, 0xC0, 0xC0, 0xCE, 0x0E, 0xFF, 0xF8, 0x67,
    0xFF, 0xC7, 0xC1, 0x9C, 0x7E, 0xFF, 0xE3, 0xF7, 0xFE, 0x01, 0xBF, 0xF8, 0xCD, 0xFF, 0xC3, 0xE0,
    0xC0, 0x1E, 0xFF, 0xF8, 0x77, 0xFF, 0xC3, 0x81, 0x80, 0x3F, 0x0C, 0x03, 0xBF, 0xFF, 0x9C, 0x7F,
    0xFC, 0xC0, 0x0F, 0xC0, 0x7F, 0xFF, 0xDF, 0xFF, 0xFD, 0xFF, 0xFF, 0x03, 0x07, 0x00, 0x60, 0xE0,
    0x0C, 0x1C, 0x01, 0x83, 0x80, 0x30, 0x70, 0xFF, 0xFF, 0xFF, 0xFF, 0xFC, 0x38, 0x38, 0x07, 0x07,
    0x00, 0xE0, 0xE0, 0x38, 0x1C, 0x07, 0x03, 0x81, 0xC0, 0x70, 0x78, 0x0E, 0x1E, 0x01, 0xC1, 0x00,
    0x38, 0x00, 0x00, 0x3A, 0x00, 0x03, 0xB8, 0x00, 0x3B, 0xC0, 0x03, 0x8C, 0xFF, 0xFF, 0xEF, 0xFF,
    0xFE, 0x00, 0x18, 0x00, 0x01, 0x80, 0x00, 0x18, 0x0F, 0xFD, 0x80, 0x7F, 0xDC, 0x00, 0xE1, 0xC0,
    0x0E, 0x1C, 0x00, 0xE0, 0xC0, 0x0E, 0x0E, 0x60, 0xEE, 0xE7, 0x1F, 0xE6, 0x6F, 0xFC, 0x7E, 0xF8,
    0x03, 0xE0, 0x00, 0x1C, 0x00, 0x01, 0xBF, 0xF0, 0xDF, 0xF8, 0x60, 0x1C, 0x30, 0x0E, 0x18, 0x07,
    0x0C, 0xFF, 0x86, 0xFF, 0xC3, 0x70, 0x01, 0xB0, 0x00, 0xDF, 0xF0, 0x6F, 0xFC, 0x37, 0xFE, 0x18,
    0x07, 0x0C, 0x03, 0x06, 0x01, 0x83, 0x00, 0xC1, 0x84, 0xE0, 0xC7, 0xF0, 0x61, 0xF0, 0x30, 0x00,
    0x41, 0x9F, 0x9C, 0x3B, 0xF1, 0xCE, 0x06, 0x39, 0x80, 0xC3, 0x70, 0x1B, 0xFF, 0xFF, 0x7F, 0xFF,
    0xEE, 0x67, 0xC1, 0xFF, 0xF8, 0x3F, 0xFF, 0xF7, 0x33, 0xFE, 0xFF, 0xFF, 0xDF, 0xFE, 0x18, 0x18,
    0x03, 0xFF, 0xF8, 0x7F, 0xFF, 0x0C, 0x0C, 0x03, 0x81, 0x83, 0xF0, 0x30, 0x3C, 0x06, 0x00, 0x01,
    0xC0, 0x20, 0xE1, 0xB8, 0x70, 0xCE, 0x38, 0xE3, 0x1C, 0x61, 0xCE, 0x70, 0x67, 0x30, 0xFF, 0xFE,
    0xFF, 0xFF, 0xBF, 0xFF, 0xC0, 0x00, 0xE0, 0x00, 0x77, 0xFF, 0xFB, 0xFF, 0xFC, 0x00, 0x0E, 0x00,
    0x07, 0x00, 0x03, 0xFF, 0xFF, 0xFF, 0xFF, 0xE0, 0x00, 0x60, 0x3F, 0xFF, 0x0F, 0xFF, 0xE0, 0xFF,
    0xFC, 0x00, 0x01, 0x83, 0xFF, 0xF0, 0x7F, 0xFE, 0x00, 0x00, 0xC7, 0xFF, 0xFF, 0xFF, 0xFF, 0xE6,
    0x1C, 0x30, 0xE3, 0x8E, 0x0F, 0x7B, 0x80, 0xEF, 0xE0, 0x0F, 0xF8, 0x07, 0xFB, 0x87, 0xE7, 0x3C,
    0xF0, 0xE3, 0xE8, 0xFC, 0x18, 0x0F, 0x00, 0x00, 0x04, 0x00, 0x00, 0xEF, 0xFE, 0x1C, 0xFF, 0xE3,
    0x8E, 0x0E, 0x70, 0xFF, 0xE6, 0x6F, 0xFE, 0x0E, 0xFF, 0xE1, 0xCF, 0xFE, 0x1C, 0x00, 0x07, 0xDF,
    0xFF, 0xFD, 0xFF, 0xF7, 0xC0, 0x18, 0x1D, 0xFF, 0xF1, 0xFF, 0xFF, 0x1C, 0x41, 0x81, 0xCE, 0x18,
    0x1C, 0x71, 0x81, 0xC3, 0x18, 0x1C, 0x0F, 0x81, 0xC0, 0xF0, 0x00, 0x60, 0x00, 0x07, 0x00, 0x3F,
    0xFF, 0xE7, 0xFF, 0xFF, 0x7F, 0xFF, 0xE0, 0xC0, 0x00, 0x0C, 0x00, 0x00, 0xC0, 0x00, 0x0F, 0xFF,
    0xE0, 0xFF, 0xFE, 0x00, 0x40, 0x00, 0x06, 0x00, 0x02, 0x70, 0xC1, 0xF3, 0x8C, 0x3F, 0x18, 0xE3,
    0x70, 0x37, 0x77, 0x03, 0xF6, 0x7F, 0xF3, 0x03, 0xFF, 0x00, 0x00, 0x00, 0x18, 0x0C, 0x00, 0xC0,
    0x60, 0x06, 0x03, 0x00, 0x31, 0xFF, 0x87, 0xEF, 0xFE, 0x3F, 0x7F, 0xF1, 0xFC, 0x33, 0x8F, 0x61,
    0x9C, 0x78, 0x0C, 0xE6, 0xC0, 0x67, 0x16, 0x7F, 0xFC, 0x33, 0xFF, 0xE1, 0x81, 0xE0, 0x0C, 0x0F,
    0x80, 0x60, 0xEC, 0x03, 0x06, 0x70, 0x18, 0x71, 0xC0, 0xCF, 0x07, 0x06, 0xF0, 0x1C, 0x32, 0x00,
    0x60, 0x02, 0x00, 0x00, 0x70, 0x00, 0x07, 0xFF, 0xC0, 0xFF, 0xFE, 0x1F, 0xFF, 0xE3, 0x9C, 0xCE,
    0x73, 0x9C, 0xC2, 0x71, 0x8C, 0x0E, 0x38, 0xC1, 0xC7, 0x0C, 0x18, 0xE7, 0xC0, 0x1C, 0xF8, 0x00,
    0x67, 0x03, 0x67, 0x0C, 0x36, 0x38, 0xE3, 0x61, 0xB6, 0x76, 0x03, 0x76, 0x70, 0x33, 0x67, 0xFF,
    0x00, 0x3F, 0xE0, 0x00, 0x70, 0x00, 0x07, 0x00, 0x00, 0x60, 0x07, 0xFF, 0xFF, 0x7F, 0xFF, 0xF0,
    0x0F, 0x80, 0x00, 0xDC, 0x00, 0x1C, 0xE0, 0x03, 0xCF, 0x00, 0xFE, 0x7C, 0x7E, 0x7B, 0xF7, 0x83,
    0x8F, 0x20, 0xE0, 0xA1, 0xF7, 0x1C, 0x3F, 0x38, 0xE3, 0x71, 0xBE, 0x37, 0x03, 0xE7, 0x7F, 0xF7,
    0x63, 0xFF, 0x30, 0x1F, 0xE0, 0x18, 0x30, 0x01, 0x83, 0x00, 0x18, 0x30, 0x01, 0x9F, 0xFF, 0x3F,
    0xFF, 0xF7, 0xE7, 0x30, 0x7B, 0x73, 0x07, 0xB6, 0x30, 0x7A, 0x6F, 0x37, 0x86, 0xF6, 0x18, 0xFB,
    0x61, 0x8D, 0xB6, 0x19, 0xDF, 0xC1, 0x99, 0x70, 0x1B, 0x87, 0x81, 0xB0, 0xF8, 0x1B, 0x1D, 0xC1,
    0x83, 0x8E, 0x18, 0x70, 0x71, 0x86, 0x02, 0x00, 0x70, 0x00, 0x06, 0x00, 0x0F, 0xFF, 0x80, 0xFF,
    0xF8, 0x0C, 0x01, 0x80, 0xFF, 0xF8, 0x0F, 0xFF, 0x80, 0xC0, 0x18, 0x0F, 0xFF, 0x80, 0xFF, 0xF8,
    0x0C, 0x01, 0x80, 0xFF, 0xF8, 0x0F, 0xFF, 0x80, 0x27, 0x0C, 0x3F, 0x38, 0xC3, 0x71, 0xBE, 0x77,
    0x03, 0x76, 0x7F, 0xF7, 0x67, 0xFF, 0x00, 0x1F, 0xC0, 0x18, 0x0C, 0x01, 0x80, 0xC0, 0x19, 0xFF,
    0xF1, 0xDF, 0xFF, 0x7F, 0xFF, 0xE7, 0xFF, 0xFE, 0x7E, 0x0C, 0x07, 0xBF, 0xFF, 0xFB, 0xFF, 0xFD,
    0x8F, 0xFE, 0x59, 0xFF, 0xE1, 0x9C, 0x0E, 0x19, 0xFF, 0xE1, 0x9F, 0xFE, 0x19, 0xC0, 0xE1, 0x9F,
    0xFE, 0x19, 0xFF, 0xE1, 0x9C, 0x0E, 0x19, 0xC3, 0xE1, 0x8C, 0x3C, 0x18, 0x00, 0x01, 0x87, 0xFE,
    0x18, 0x7F, 0xE1, 0x86, 0x66, 0x3F, 0xFF, 0xF7, 0xFF, 0xFF, 0x7F, 0xFF, 0xE7, 0xBF, 0xFC, 0x7A,
    0x00, 0x07, 0x8F, 0xFE, 0x58, 0xFF, 0xE1, 0x8C, 0x4E, 0x18, 0xCC, 0xE1, 0x8C, 0xCE, 0x18, 0xCC,
    0xE1, 0x8C, 0xCE, 0x18, 0x1F, 0x81, 0x8F, 0xBE, 0x1B, 0xE0, 0xF1, 0xB8, 0x03, 0x00, 0xC0, 0x00,
    0x1C, 0x01, 0xFF, 0xFF, 0x3F, 0xFF, 0xC0, 0x60, 0xC1, 0xFF, 0xFF, 0xFF, 0xFF, 0xF8, 0xFF, 0xF8,
    0x1F, 0xFF, 0x03, 0x00, 0x60, 0x7F, 0xFC, 0x0F, 0xFF, 0x81, 0xFF, 0xF0, 0x3F, 0xFE, 0x00, 0x78,
    0x41, 0xB7, 0x9C, 0x76, 0x3D, 0xDC, 0xC1, 0x9F, 0x9F, 0xF3, 0x01, 0xFC, 0x00, 0x18, 0x00, 0x00,
    0xC7, 0xFF, 0x06, 0x3F, 0xF8, 0x31, 0xFF, 0xC7, 0xEF, 0xFE, 0x3F, 0x7F, 0xF1, 0xEF, 0xFF, 0x8F,
    0x7F, 0xFE, 0x79, 0xFF, 0xF6, 0xCD, 0x99, 0x86, 0x7F, 0xFC, 0x33, 0xFF, 0xE1, 0x9F, 0xFC, 0x0D,
    0xFF, 0xF0, 0x63, 0x83, 0x03, 0x0F, 0x78, 0x18, 0x3F, 0x00, 0xC3, 0xFE, 0x06, 0xFE, 0xFC, 0x37,
    0x00, 0xE0, 0x00, 0x19, 0x00, 0x01, 0xB8, 0x00, 0x19, 0xE0, 0x01, 0xCE, 0x3F, 0xFF, 0xF3, 0xFF,
    0xFF, 0x38, 0x1C, 0x03, 0x81, 0xCE, 0x3F, 0xDC, 0xE3, 0xFC, 0xCC, 0x38, 0xCD, 0xC3, 0x8C, 0xD8,
    0x38, 0xCF, 0x83, 0x0C, 0xF0, 0x31, 0xCE, 0x33, 0x7D, 0xF3, 0x77, 0xBF, 0x37, 0x07, 0xBF, 0x60,
    0xF1, 0xF6, 0x04, 0x0E, 0x00, 0x32, 0x00, 0x03, 0xF8, 0x00, 0x39, 0xC7, 0xFF, 0xFC, 0xFF, 0xFF,
    0xEF, 0xFF, 0xFE, 0x00, 0x38, 0x07, 0xFB, 0x9C, 0x7F, 0x99, 0xC6, 0x19, 0x98, 0x61, 0x9B, 0x86,
    0x19, 0xF0, 0x7F, 0x9F, 0x07, 0xF8, 0xE0, 0x00, 0x0E, 0x60, 0xFD, 0xE6, 0xFF, 0xFE, 0x6F, 0xCF,
    0x7E, 0x01, 0xE3, 0xE0, 0x08, 0x1C, 0x07, 0x0C, 0x00, 0x70, 0xDC, 0x3F, 0xED, 0xE3, 0xFE, 0xCE,
    0x07, 0x0E, 0x67, 0xFF, 0xFF, 0x7F, 0xFF, 0xF1, 0xF0, 0xE0, 0x19, 0x8E, 0x63, 0xFF, 0xEE, 0x3F,
    0xF6, 0xE7, 0xFE, 0x6C, 0x7F, 0xF7, 0xC3, 0x98, 0x78, 0x3F, 0xE7, 0xA3, 0xFE, 0x73, 0x3F, 0xEF,
    0xB3, 0xFF, 0xFF, 0x3F, 0xFD, 0xF1, 0x01, 0x0E, 0x00, 0x60, 0x00, 0x1C, 0x00, 0x07, 0x00, 0x7F,
    0xFF, 0x1F, 0xFF, 0xC7, 0xFF, 0xF1, 0xC0, 0x0C, 0x70, 0x03, 0x1C, 0x00, 0xC7, 0xFF, 0xF1, 0xFF,
    0xFC, 0x60, 0x03, 0x18, 0x00, 0x86, 0x00, 0x03, 0x80, 0x00, 0xE0, 0x00, 0x30, 0x00, 0x1C, 0x00,
    0x06, 0x00, 0x01, 0x80, 0x00, 0x00, 0x00, 0x00, 0x3C, 0x1E, 0x3F, 0xDF, 0xF3, 0xE1, 0xF0, 0x30,
    0x18, 0x03, 0xF9, 0x80, 0x3F, 0xD8, 0x03, 0xFD, 0xFF, 0x31, 0xDF, 0xF3, 0x1D, 0xFF, 0x3F, 0xD8,
    0xC3, 0xFD, 0x8C, 0x30, 0x18, 0xC7, 0x03, 0x8C, 0x70, 0x38, 0xC7, 0x03, 0x0C, 0x60, 0x70, 0xC6,
    0x07, 0x0C, 0xE0, 0xE0, 0xC4, 0x04, 0x0C, 0x00, 0x03, 0x00, 0x3F, 0xF1, 0xFF, 0xFC, 0x3F, 0xF0,
    0x00, 0x0E, 0x00, 0x01, 0xC0, 0x1F, 0xFF, 0xF3, 0xFF, 0xFE, 0x00, 0xE0, 0x00, 0x1C, 0x00, 0x03,
    0x80, 0x7F, 0xFF, 0xFF, 0xFF, 0xFE, 0x01, 0xC0, 0x00, 0x38, 0x00, 0x07, 0x00, 0x00, 0xE0, 0x00,
    0x1C, 0x00, 0x3F, 0x80, 0x07, 0xE0, 0x00, 0x0C, 0x00, 0x00, 0x60, 0x00, 0x03, 0x3F, 0xFC, 0x19,
    0xFF, 0xE7, 0xF8, 0x38, 0x3F, 0xC1, 0xC1, 0xFE, 0x0E, 0x01, 0x80, 0x70, 0x0C, 0x03, 0x80, 0x6C,
    0x1C, 0x07, 0xE0, 0xE0, 0xFE, 0x07, 0x07, 0xC0, 0x38, 0x06, 0x01, 0xC0, 0x30, 0x0E, 0x01, 0x80,
    0x70, 0x0C, 0x03, 0x81, 0xE1, 0xFC, 0x1F, 0x07, 0xE0, 0x70, 0x3E, 0x00, 0x0C, 0x00, 0x01, 0x80,
    0x00, 0x33, 0xFF, 0x86, 0x7F, 0xF7, 0xF8, 0x06, 0xFF, 0x00, 0xDF, 0xC0, 0x18, 0x60, 0x03, 0x0C,
    0x00, 0x61, 0xBF, 0xFC, 0x7F, 0xFF, 0xBF, 0x80, 0x37, 0xC0, 0x06, 0x18, 0x00, 0xC3, 0x00, 0x18,
    0x60, 0x03, 0x0C, 0xFF, 0xE1, 0x9F, 0xFD, 0xF1, 0xFF, 0x9C, 0x00, 0x30, 0x0C, 0x18, 0x00, 0x60,
    0xD8, 0x03, 0x06, 0xE0, 0x18, 0x33, 0x87, 0xF1, 0x8C, 0x3F, 0x8F, 0xF9, 0xFF, 0xFF, 0xC1, 0x9F,
    0xE0, 0x0C, 0x1C, 0x40, 0x68, 0xE7, 0x07, 0xC3, 0x30, 0xFE, 0x1B, 0x87, 0xC0, 0xF8, 0x06, 0x07,
    0x80, 0x30, 0x38, 0xC1, 0x83, 0xE6, 0x0C, 0x7F, 0x30, 0xE7, 0x9F, 0x9F, 0x30, 0x7C, 0x70, 0x01,
    0xC0, 0x1C, 0x0C, 0x00, 0xE0, 0x60, 0x07, 0x03, 0x80, 0x38, 0x1C, 0x07, 0xFF, 0xFF, 0x3F, 0xFF,
    0xF9, 0xFC, 0x00, 0x03, 0x87, 0xF0, 0x1C, 0x3F, 0x80, 0xE9, 0xFC, 0x07, 0xCC, 0x61, 0xFE, 0x63,
    0x0F, 0xC3, 0x18, 0x0E, 0x38, 0xC0, 0x71, 0xC6, 0x03, 0x8C, 0x37, 0x1C, 0xE1, 0xB8, 0xEF, 0x0F,
    0x9F, 0xF0, 0x7C, 0xF3, 0x01, 0xE0, 0x0C, 0x00, 0x00, 0x67, 0xFF, 0x03, 0x3F, 0xF8, 0x19, 0xC0,
    0xC7, 0xFE, 0x0E, 0x3F, 0xF3, 0xF1, 0xFF, 0xBF, 0x01, 0x9C, 0x00, 0x0C, 0xFF, 0xE0, 0x6F, 0xFF,
    0x07, 0xFE, 0x19, 0xFF, 0xF9, 0xC7, 0xCE, 0xCC, 0x06, 0x77, 0xE0, 0x33, 0x9E, 0x01, 0x9C, 0x70,
    0x0C, 0xE7, 0xC0, 0x67, 0x7F, 0x1F, 0x3F, 0x1C, 0xF0, 0xF0, 0x40, 0x0C, 0x31, 0x00, 0x61, 0xDC,
    0x03, 0x0E, 0x78, 0x18, 0x70, 0xC7, 0xFF, 0xFF, 0x3F, 0xFF, 0xF8, 0x70, 0xC0, 0x01, 0x86, 0x00,
    0x0C, 0x3F, 0xE0, 0x69, 0xFF, 0x07, 0xCC, 0x38, 0xFE, 0xF1, 0x87, 0xC7, 0x9C, 0x26, 0x36, 0xC0,
    0x31, 0xBE, 0x01, 0x9C, 0xE0, 0x0D, 0xCF, 0x80, 0x6C, 0xFF, 0x1F, 0xEE, 0x3C, 0x72, 0x60, 0x60,
    0x18, 0x00, 0x00, 0xE7, 0xFF, 0x07, 0x3F, 0xF8, 0x38, 0xE1, 0x87, 0xF3, 0x9C, 0x3F, 0x8F, 0xC1,
    0xF8, 0x3C, 0x03, 0x87, 0xF8, 0x1D, 0xF9, 0xF0, 0xFF, 0x33, 0x8F, 0xC3, 0x80, 0xFD, 0xFF, 0xC7,
    0xCF, 0xFE, 0x0E, 0x07, 0x00, 0x73, 0xFF, 0xC3, 0xBF, 0xFE, 0x1C, 0xFF, 0xF0, 0xE0, 0x70, 0x1E,
    0x03, 0x80, 0x70, 0x0C, 0x00, 0x18, 0x06, 0x01, 0x80, 0x60, 0x18, 0x06, 0x01, 0x8F, 0xFE, 0x7E,
    0xFF, 0xEF, 0xF0, 0x60, 0x7E, 0x06, 0x01, 0x9F, 0xFF, 0x19, 0xFF, 0xF1, 0xE0, 0x1C, 0x1F, 0x01,
    0xCF, 0xFF, 0xFF, 0xF9, 0xFF, 0xF1, 0x86, 0x1C, 0x18, 0x71, 0xC1, 0x83, 0x9C, 0x18, 0x19, 0xC1,
    0x81, 0x1C, 0x78, 0x07, 0xC7, 0x80, 0x78, 0x0C, 0x60, 0x01, 0xC6, 0x00, 0x1C, 0x63, 0xE1, 0xC7,
    0xFC, 0x7F, 0x7E, 0x07, 0xF6, 0x03, 0x7F, 0x60, 0x31, 0xC7, 0xFF, 0x1C, 0x7F, 0xE1, 0xD0, 0x00,
    0x1F, 0x7F, 0xEF, 0xF7, 0xFE, 0x7C, 0x60, 0x61, 0xC6, 0x06, 0x1C, 0x7F, 0xE1, 0xC7, 0xFE, 0x1C,
    0x60, 0x61, 0xC7, 0xFE, 0x7C, 0x7F, 0xE7, 0x86, 0x06, 0x1C, 0x0C, 0x01, 0xC0, 0xE0, 0x1C, 0x0E,
    0x01, 0xCF, 0xFF, 0x7F, 0xFF, 0xFF, 0xFC, 0xC3, 0x7F, 0xDC, 0x31, 0xCD, 0xC3, 0x1D, 0xFF, 0xF1,
    0xDF, 0xFF, 0x1F, 0xFF, 0xF7, 0xF7, 0x1C, 0xFC, 0x71, 0xC7, 0xCF, 0x38, 0x1C, 0x7F, 0x81, 0xC1,
    0xF0, 0x1C, 0x1F, 0xC1, 0xC7, 0xDE, 0x7D, 0xF8, 0xF7, 0x8C, 0x02, 0x18, 0x00, 0x01, 0x9F, 0xFE,
    0x19, 0xFF, 0xF1, 0x98, 0x07, 0x7F, 0x98, 0x77, 0xF9, 0x87, 0x7C, 0xFF, 0xE1, 0x8F, 0xFE, 0x18,
    0x76, 0x01, 0x86, 0x60, 0x1E, 0xFF, 0xEF, 0xEF, 0xFE, 0x78, 0xFF, 0xE1, 0x80, 0x60, 0x19, 0xFF,
    0xF1, 0xBF, 0xFF, 0x18, 0x06, 0x01, 0x80, 0x60, 0x78, 0x06, 0x07, 0x00, 0x60, 0x18, 0x18, 0x00,
    0xC1, 0xC0, 0x06, 0x0F, 0xF0, 0x30, 0xFF, 0x87, 0xEE, 0x18, 0x3F, 0xFF, 0xE1, 0xFF, 0xFF, 0x83,
    0x1D, 0xDC, 0x18, 0xCE, 0xE0, 0xD6, 0x77, 0x07, 0xB3, 0xB8, 0xFD, 0x9D, 0xC7, 0x9F, 0xFF, 0x0C,
    0xFF, 0xF8, 0x60, 0x78, 0x03, 0x07, 0x60, 0x18, 0x73, 0xC0, 0xCF, 0x0F, 0x1E, 0xF0, 0x1C, 0xE6,
    0x00, 0x60, 0x18, 0x00, 0x01, 0x8F, 0xFF, 0x18, 0xFF, 0xF1, 0x8C, 0x07, 0x7E, 0xC0, 0x7F, 0xFF,
    0xFF, 0x7E, 0xFF, 0xF1, 0x8C, 0x70, 0x18, 0xC7, 0x01, 0xAF, 0xFF, 0x1F, 0xFF, 0xFF, 0xEC, 0x70,
    0xF8, 0xC7, 0x01, 0x9F, 0xFF, 0x19, 0xFF, 0xF1, 0x9B, 0x07, 0x19, 0xB0, 0x71, 0xBB, 0xFF, 0x7B,
    0x3F, 0xF7, 0x33, 0x03, 0x1C, 0x19, 0x80, 0xE0, 0xDC, 0x07, 0x06, 0xE0, 0x38, 0x37, 0x07, 0xFF,
    0xBF, 0x3F, 0xFD, 0xF9, 0xFC, 0x6E, 0x03, 0x83, 0x70, 0x1C, 0xFB, 0xF0, 0xEF, 0xDF, 0x87, 0xC6,
    0xE0, 0xFE, 0x37, 0x07, 0xCF, 0xBF, 0x0E, 0xFD, 0xF8, 0x73, 0xEF, 0xC3, 0x83, 0x70, 0x1C, 0x1B,
    0x80, 0xE0, 0xDC, 0x1F, 0x06, 0xE0, 0x70, 0x33, 0x00, 0x18, 0x08, 0x00, 0xC0, 0x60, 0x06, 0x3F,
    0xF8, 0x31, 0xFF, 0xE7, 0xE6, 0x1C, 0x7F, 0x18, 0xC1, 0xF8, 0xCE, 0x03, 0x3F, 0xFE, 0x19, 0xFF,
    0xF0, 0xC0, 0xE0, 0x07, 0x86, 0x01, 0xFF, 0xFF, 0xEF, 0x9F, 0xFF, 0x0C, 0x38, 0xE0, 0x63, 0xC6,
    0x03, 0x1F, 0xF0, 0x18, 0x1F, 0x80, 0xC3, 0xFF, 0x1E, 0x7E, 0x3C, 0xE3, 0x80, 0xC0, 0x18, 0x0C,
    0x00, 0xC0, 0x70, 0x06, 0x03, 0x80, 0x33, 0xFF, 0xE7, 0xFF, 0xFF, 0x3F, 0xE0, 0x18, 0x66, 0x6E,
    0xC3, 0x0E, 0x38, 0x18, 0xF0, 0xE0, 0xC6, 0x03, 0x87, 0xB0, 0x08, 0xFD, 0xFF, 0xCF, 0x8F, 0xFE,
    0x2C, 0x07, 0x00, 0x60, 0x38, 0x03, 0x01, 0xC0, 0x18, 0x0E, 0x00, 0xCF, 0xFF, 0x9E, 0x7F, 0xFC,
    0xE0, 0x00, 0x00, 0x18, 0x22, 0x01, 0x83, 0x70, 0x18, 0x73, 0x01, 0x86, 0x38, 0x7E, 0x7F, 0xFF,
    0xFF, 0xFF, 0x7F, 0xE3, 0x01, 0x9E, 0x30, 0x1B, 0xFF, 0xE1, 0xB7, 0xFE, 0x1F, 0x63, 0x0F, 0xE6,
    0x30, 0x78, 0x7F, 0xE1, 0x87, 0xFE, 0x18, 0x63, 0x01, 0x86, 0x30, 0x18, 0x7F, 0xF1, 0x87, 0xFF,
    0x78, 0x7F, 0xF7, 0x06, 0x00, 0x18, 0x31, 0x81, 0x83, 0x1C, 0x18, 0x31, 0xC1, 0x9F, 0xFF, 0x7F,
    0xFF, 0xF7, 0xE3, 0x1C, 0x7E, 0x31, 0xC1, 0x83, 0x18, 0x18, 0xFF, 0xE1, 0xAF, 0xFE, 0x1E, 0xCE,
    0x6F, 0xEC, 0x66, 0x78, 0xFF, 0xE1, 0x8F, 0xFE, 0x18, 0xFF, 0xE1, 0x8C, 0x66, 0x18, 0xC6, 0x61,
    0x8F, 0xFE, 0x78, 0xFF, 0xE7, 0x0C, 0x06, 0x18, 0x00, 0x00, 0xC7, 0xFF, 0x06, 0x3F, 0xF8, 0x31,
    0x80, 0xC7, 0xEF, 0xFE, 0x7F, 0xFF, 0xF1, 0xFB, 0xFF, 0x83, 0x1F, 0xFC, 0x18, 0x00, 0x00, 0xDF,
    0xFF, 0x87, 0xFF, 0xFD, 0xFC, 0x9C, 0x0F, 0x8E, 0xE0, 0x0C, 0x77, 0xF0, 0x63, 0x3F, 0x83, 0x1D,
    0xC0, 0x19, 0xFE, 0x00, 0xCD, 0xF0, 0x1E, 0xC7, 0xFC, 0xE6, 0x07, 0xE0, 0x18, 0x00, 0x41, 0x83,
    0xFE, 0x18, 0xFF, 0xC1, 0x86, 0x60, 0x7E, 0x06, 0x07, 0xFF, 0xFF, 0x7F, 0xFF, 0xF1, 0x80, 0x60,
    0x18, 0x36, 0x01, 0x8F, 0x7E, 0x1E, 0xE7, 0xE7, 0xEC, 0x66, 0x78, 0xC6, 0x61, 0x8F, 0x7E, 0x18,
    0xF7, 0xE1, 0x8C, 0x66, 0x18, 0xC6, 0x61, 0x8F, 0xFE, 0x78, 0xFF, 0xE3, 0x8C, 0x06, 0x18, 0x0E,
    0x00, 0xC1, 0xF0, 0x06, 0x3F, 0xF8, 0x31, 0xDF, 0xE7, 0xEC, 0xE7, 0x3F, 0x7F, 0xF9, 0xFB, 0xFF,
    0xC3, 0x19, 0xCE, 0x18, 0xFF, 0xF0, 0xF7, 0xFF, 0x0F, 0xC3, 0x80, 0xF8, 0x1C, 0x87, 0x8F, 0xFE,
    0x0C, 0x7F, 0xF0, 0x61, 0xC7, 0x03, 0x07, 0x70, 0x18, 0x1F, 0x00, 0xC7, 0xFE, 0x1E, 0xFE, 0xFC,
    0xF3, 0x80, 0xE0, 0x18, 0x0C, 0x01, 0x80, 0xC0, 0x19, 0xFF, 0xF1, 0x9F, 0xFF, 0x7E, 0x71, 0x87,
    0xE3, 0x18, 0x7F, 0xFF, 0xE1, 0x9F, 0xFF, 0x19, 0x8C, 0x71, 0x9F, 0xFF, 0x1F, 0xFF, 0xFF, 0xF8,
    0xC7, 0xF9, 0xBF, 0xF1, 0x9B, 0xFF, 0x19, 0xB1, 0xF1, 0x9B, 0xFF, 0x19, 0xBF, 0xF1, 0x9B, 0x07,
    0x79, 0x81, 0xE7, 0x18, 0x1E, 0x18, 0x00, 0x00, 0xC3, 0xFE, 0x06, 0x1F, 0xF0, 0x30, 0xC3, 0x87,
    0xE7, 0xFC, 0x3F, 0x3F, 0xE1, 0xFB, 0xCF, 0x83, 0x3F, 0x7E, 0x19, 0x9B, 0x30, 0xDC, 0xD9, 0x87,
    0xFE, 0xFC, 0xFB, 0xFF, 0xE7, 0x80, 0xE0, 0x0C, 0xFF, 0xF8, 0x67, 0xFF, 0xC3, 0x07, 0xF0, 0x18,
    0xFF, 0xC0, 0xDF, 0x77, 0x9E, 0xE3, 0x9C, 0x60, 0x18, 0x00, 0x02, 0x18, 0x00, 0x73, 0x80, 0x47,
    0x38, 0x06, 0x73, 0x00, 0x67, 0x3F, 0xE6, 0x77, 0xFE, 0x67, 0x71, 0xC6, 0x77, 0x18, 0x67, 0xF1,
    0x86, 0x7F, 0x98, 0x67, 0xDB, 0x86, 0x71, 0xB0, 0x6F, 0x0F, 0x07, 0xF0, 0xE0, 0xFF, 0x0E, 0x0E,
    0x71, 0xF0, 0x07, 0x3F, 0x80, 0x77, 0x9E, 0x07, 0xE0, 0xE0, 0x74, 0x04, 0x00, 0x18, 0x00, 0x01,
    0x80, 0xFF, 0x18, 0x0F, 0xF3, 0x80, 0x03, 0x3F, 0xE0, 0x33, 0xFE, 0x03, 0x71, 0xC6, 0x37, 0x1C,
    0xFF, 0xF9, 0x8F, 0xFF, 0x98, 0xE0, 0xDB, 0x8E, 0x01, 0xF0, 0xE0, 0x0F, 0x0E, 0x00, 0xF0, 0xE3,
    0x0E, 0x0F, 0xF1, 0xF0, 0xFE, 0x3F, 0x8F, 0x0F, 0x9E, 0xC0, 0xE0, 0xE0, 0x0C, 0x04, 0x0C, 0x0E,
    0x00, 0x70, 0x70, 0x03, 0x83, 0x00, 0xFF, 0x98, 0x07, 0xFF, 0xFF, 0x3F, 0xEF, 0xF8, 0x60, 0x73,
    0x83, 0x07, 0x9C, 0x1F, 0xFC, 0xC0, 0xFF, 0xE6, 0x06, 0x7B, 0xF0, 0x33, 0x9F, 0x81, 0x9C, 0x78,
    0x0C, 0xC3, 0xC0, 0xE6, 0x1E, 0x07, 0x31, 0xF0, 0x71, 0x9F, 0xC3, 0x8D, 0xE7, 0xBB, 0xFE, 0x1C,
    0x8E, 0xC0, 0x60, 0x04, 0x06, 0x00, 0x70, 0x30, 0x01, 0x81, 0x80, 0xFF, 0xDC, 0x07, 0xFE, 0xFF,
    0x0C, 0xC7, 0xF8, 0x66, 0x71, 0x87, 0x1B, 0x9C, 0x70, 0xFC, 0xE3, 0x1F, 0xE6, 0x1E, 0xEF, 0xB0,
    0x3E, 0x0F, 0x80, 0xF0, 0x78, 0x03, 0x83, 0xC0, 0x3E, 0x0E, 0x03, 0xB8, 0xF0, 0x39, 0xCF, 0xC3,
    0x85, 0xE7, 0x98, 0x1E, 0x1C, 0x00, 0x40, 0x40, 0x06, 0x04, 0x01, 0xB7, 0x30, 0x0D, 0xB3, 0x80,
    0x6D, 0x98, 0x07, 0xFE, 0xFF, 0x3F, 0xF7, 0xF8, 0x3E, 0x73, 0x87, 0xFF, 0x98, 0x76, 0x7C, 0xC3,
    0x31, 0xF6, 0x03, 0x0D, 0xF0, 0xFF, 0x8F, 0x07, 0xFC, 0x38, 0x0C, 0x61, 0xC0, 0xF6, 0x0E, 0x03,
    0xF0, 0xF8, 0x0F, 0x8E, 0xE1, 0xFF, 0xE7, 0x9E, 0x1E, 0x1C, 0xC0, 0x40, 0x00, 0x06, 0x06, 0x03,
    0xFF, 0x30, 0x1F, 0xFB, 0xFC, 0x0C, 0x1F, 0xE7, 0xFF, 0xFF, 0x3B, 0x7E, 0x61, 0xFF, 0xDF, 0x0F,
    0xF8, 0xF0, 0x1F, 0x87, 0x81, 0xF6, 0x7F, 0x1D, 0x9F, 0x3C, 0xFF, 0xFF, 0xE3, 0xFF, 0xFE, 0x1F,
    0xFF, 0xE0, 0x31, 0xFE, 0x01, 0x8F, 0xF8, 0x0C, 0x70, 0x03, 0xFF, 0xFF, 0x9F, 0xFF, 0xFC, 0x00,
    0x00, 0x00, 0x00, 0x60, 0x00, 0x03, 0x80, 0x00, 0x1C, 0x00, 0x00, 0x60, 0x07, 0xFF, 0xFF, 0x3F,
    0xFF, 0xF8, 0x38, 0x0E, 0x00, 0xC0, 0x60, 0x07, 0x07, 0x00, 0x18, 0x70, 0x00, 0xE3, 0x80, 0x03,
    0xB8, 0x00, 0x0F, 0x80, 0x00, 0x38, 0x00, 0x03, 0xE0, 0x00, 0x7F, 0xC0, 0x0F, 0x8F, 0x83, 0xF0,
    0x3F, 0x9F, 0x00, 0x7C, 0xC0, 0x00, 0x40, 0x02, 0x00, 0xC0, 0x38, 0x07, 0x03, 0xE3, 0x38, 0x3F,
    0x9D, 0xC3, 0xCE, 0x7E, 0x3C, 0x39, 0xF3, 0xFF, 0x83, 0x8F, 0xFB, 0x1C, 0x06, 0x1C, 0xE3, 0xFF,
    0x77, 0x1F, 0xF9, 0xB8, 0xFF, 0xC1, 0xE3, 0x6C, 0x3F, 0x9B, 0x6F, 0xF8, 0xDB, 0xFF, 0x8E, 0xCE,
    0x1C, 0x66, 0x60, 0xE3, 0x32, 0x07, 0x07, 0x80, 0x38, 0x3C, 0x01, 0x80, 0x06, 0x00, 0x4C, 0x60,
    0x3E, 0xFE, 0xDF, 0xCF, 0xEF, 0xC0, 0xFF, 0xB8, 0x0F, 0xFB, 0x80, 0xFF, 0xF8, 0x0F, 0xFF, 0xFE,
    0xFF, 0xFF, 0xEE, 0xFB, 0x98, 0xEF, 0xB9, 0x8F, 0xEF, 0x98, 0xFE, 0xF9, 0x8F, 0x63, 0x98, 0xE6,
    0x31, 0x8E, 0x63, 0x18, 0xFF, 0xF1, 0x8F, 0xFF, 0x18, 0x00, 0x61, 0x80, 0x02, 0x18, 0x0C, 0x00,
    0x00, 0xE0, 0x1E, 0x7F, 0xFF, 0xE7, 0xFF, 0xE0, 0x31, 0xD8, 0x01, 0x99, 0x80, 0x19, 0x98, 0x07,
    0xFF, 0xFF, 0x7F, 0xFF, 0xF0, 0x61, 0x8C, 0x06, 0x18, 0xC7, 0xFF, 0x8C, 0x7F, 0xF8, 0xC3, 0x79,
    0x8C, 0x36, 0xD8, 0xC7, 0x6F, 0x8C, 0x66, 0x78, 0xC0, 0x63, 0x0C, 0x1E, 0x70, 0xC0, 0xC2, 0x0C,
    0x00, 0x60, 0x00, 0x07, 0x00, 0x00, 0x70, 0x00, 0x03, 0x00, 0x7F, 0xFF, 0xF7, 0xFF, 0xFF, 0x01,
    0x80, 0x00, 0x38, 0x00, 0x03, 0x80, 0x00, 0x3F, 0xFC, 0x03, 0xFF, 0xC0, 0x30, 0x1C, 0x03, 0x01,
    0xC0, 0x70, 0x18, 0x06, 0x01, 0x80, 0xE0, 0x18, 0x1C, 0x01, 0x83, 0xC3, 0x38, 0x78, 0x3F, 0x02,
    0x03, 0xE0, 0x1F, 0xFF, 0xC3, 0xFF, 0xFE, 0x3F, 0xFF, 0xE0, 0x06, 0x00, 0x00, 0x60, 0x00, 0x06,
    0x00, 0x00, 0xE0, 0x07, 0xFF, 0xFF, 0x7F, 0xFF, 0xF0, 0x0F, 0x80, 0x00, 0xF8, 0x00, 0x1F, 0x80,
    0x03, 0xB8, 0x00, 0x3B, 0x83, 0x07, 0x38, 0x31, 0xE3, 0x83, 0x3C, 0x3F, 0xF7, 0x81, 0xFF, 0x60,
    0x0F, 0xC0, 0x00, 0x01, 0xFF, 0xFF, 0xFF, 0xFF, 0x00, 0x7E, 0x00, 0xFC, 0x01, 0xF8, 0x03, 0xF0,
    0x07, 0xFF, 0xFF, 0xFF, 0xFF, 0x80, 0x3F, 0x00, 0x7E, 0x00, 0xFC, 0x01, 0xF8, 0x03, 0xFF, 0xFF,
    0xFF, 0xFF, 0xC0, 0x1F, 0x80, 0x10, 0x1F, 0xFF, 0xC1, 0xFF, 0xFC, 0x18, 0x00, 0xC1, 0x80, 0x0C,
    0x1F, 0xFF, 0xC1, 0xFF, 0xFC, 0x18, 0x00, 0xC1, 0xFF, 0xFC, 0x1F, 0xFF, 0xC1, 0xFF, 0xF8, 0x00,
    0x70, 0x00, 0x07, 0x00, 0x7F, 0xFF, 0xF7, 0xFF, 0xFF, 0x00, 0x70, 0x00, 0x07, 0x00, 0x00, 0x70,
    0x00, 0x07, 0x00, 0x00, 0x60, 0x00, 0x00, 0x01, 0x80, 0x00, 0x18, 0xFF, 0x01, 0x8F, 0xF0, 0x18,
    0xE7, 0xFF, 0xEE, 0x7F, 0xFE, 0xE7, 0xFF, 0xEE, 0x70, 0x18, 0xFF, 0x61, 0x8F, 0xF7, 0x18, 0xE7,
    0x31, 0x8E, 0x73, 0x98, 0xE7, 0x1D, 0x8E, 0x71, 0x98, 0xFF, 0x01, 0x8F, 0xF0, 0x18, 0xE0, 0x01,
    0x8C, 0x01, 0xF8, 0x00, 0x1F, 0x80, 0x01, 0xE0, 0x7F, 0x7F, 0xFF, 0xEF, 0xFF, 0xFD, 0x83, 0xF1,
    0xB0, 0x7E, 0x36, 0x0F, 0xC6, 0xFF, 0xFF, 0xDF, 0xFF, 0xFB, 0x07, 0xE3, 0x60, 0xFC, 0x6C, 0x1F,
    0x8D, 0xFF, 0xFF, 0xBF, 0xFF, 0xFE, 0x0F, 0xFD, 0xC1, 0xF8, 0x30, 0x3A, 0x0E, 0x07, 0x03, 0x80,
    0xE0, 0xF0, 0xFC, 0x0C, 0x1F, 0x00, 0x1F, 0xFF, 0xC0, 0xFF, 0xFE, 0x06, 0x00, 0x70, 0x3F, 0xFF,
    0x81, 0xFF, 0xFC, 0x0C, 0x00, 0xE0, 0x7F, 0xFF, 0x03, 0xFF, 0xF0, 0x7F, 0xFF, 0xF3, 0xFF, 0xFF,
    0x8F, 0xFF, 0xF8, 0x1C, 0xE0, 0x00, 0xC7, 0xFE, 0x0F, 0x3F, 0xF0, 0x79, 0xC0, 0x07, 0xFE, 0x00,
    0x7B, 0xFF, 0xF3, 0x8F, 0xFF, 0x98, 0x07, 0xFC, 0x1F, 0xFF, 0xC1, 0xFF, 0xFC, 0x1C, 0x01, 0xC1,
    0xC0, 0x1C, 0x1F, 0xFF, 0xC1, 0xFF, 0xFC, 0x1C, 0x01, 0xC1, 0xFF, 0xFC, 0x1F, 0xFF, 0xC0, 0x18,
    0xC0, 0x11, 0x9C, 0xC1, 0x99, 0xCC, 0x1D, 0x9D, 0xC0, 0xD9, 0xF8, 0x0D, 0x9F, 0x00, 0x19, 0xC0,
    0xFF, 0xFF, 0xF7, 0xFF, 0xFF, 0x00, 0xC0, 0x00, 0x18, 0x3F, 0xF3, 0x3F, 0x7E, 0x67, 0x8C, 0xCC,
    0xC1, 0x9F, 0xF8, 0x33, 0xFF, 0x06, 0x66, 0x7F, 0xFD, 0xEF, 0xFF, 0xBD, 0xBB, 0x37, 0xF7, 0x67,
    0xFE, 0xEC, 0xFC, 0xDD, 0x9F, 0x9B, 0xBF, 0xB3, 0x77, 0xE6, 0x6E, 0xC0, 0xD9, 0xC8, 0x1B, 0x38,
    0x03, 0x67, 0x00, 0x68, 0x60, 0x18, 0x00, 0x07, 0x00, 0x00, 0xFF, 0x7F, 0xBF, 0xEF, 0xF6, 0x61,
    0x86, 0xFF, 0xF0, 0xDF, 0xFE, 0x18, 0x78, 0xC3, 0x1F, 0xDF, 0xE7, 0xBB, 0xFD, 0xC3, 0x00, 0x37,
    0xFF, 0xC0, 0xFF, 0xF8, 0x18, 0x03, 0x03, 0xFF, 0xE0, 0x7F, 0xFC, 0x0C, 0x01, 0x81, 0xFF, 0xF0,
    0x3F, 0xFE, 0x06, 0x00, 0xC0, 0x18, 0x00, 0x03, 0x83, 0xFB, 0xFF, 0xFF, 0x3F, 0xDC, 0x07, 0x63,
    0x81, 0xFF, 0xFF, 0xFF, 0xFF, 0xF8, 0x31, 0x8C, 0xFF, 0xF1, 0x9F, 0xFE, 0x30, 0x19, 0x86, 0x0F,
    0xFF, 0xC3, 0xFF, 0xF8, 0x70, 0x07, 0x0F, 0xFF, 0xE1, 0xFF, 0xFC, 0x38, 0x03, 0x87, 0xFF, 0xF0,
    0xFF, 0xFE, 0x18, 0x01, 0xC0, 0x7F, 0xFF, 0xF3, 0xFF, 0xFF, 0x80, 0x1C, 0x00, 0x3F, 0xFF, 0x81,
    0xFF, 0xFE, 0x0C, 0x38, 0x70, 0x61, 0xC3, 0x83, 0xFF, 0xFC, 0x1F, 0xFF, 0xE0, 0xC3, 0x87, 0x07,
    0xFF, 0xF8, 0x3F, 0xFF, 0xC0, 0xC6, 0x00, 0x07, 0x70, 0x00, 0x1F, 0x00, 0x00, 0x78, 0x00, 0x1F,
    0xFF, 0x03, 0xF1, 0xFF, 0x9C, 0x00, 0xFC, 0x1F, 0xFF, 0xC0, 0xFF, 0xFE, 0x07, 0xFF, 0xF0, 0x3F,
    0xFF, 0x81, 0xC0, 0x1C, 0x0F, 0xFF, 0xE0, 0x7F, 0xFE, 0x0F, 0xFF, 0xFE, 0x7F, 0xFF, 0xF0, 0xC6,
    0x00, 0x07, 0xFF, 0xF8, 0x3F, 0xFF, 0xC1, 0xFD, 0xCE, 0x0F, 0xE7, 0xE0, 0x63, 0x1F, 0x07, 0xFC,
    0xF0, 0x7F, 0xFF, 0xE3, 0xC7, 0xE7, 0x80, 0x34, 0x0C, 0x00, 0xC0, 0x00, 0x1C, 0x00, 0x01, 0xC0,
    0x07, 0xFF, 0xFF, 0x7F, 0xFF, 0xF0, 0x30, 0x00, 0x07, 0x00, 0x00, 0xFF, 0xFC, 0x0F, 0xFF, 0xC1,
    0xE0, 0x1C, 0x3F, 0xFF, 0xC7, 0x7F, 0xFC, 0x66, 0x01, 0xC0, 0x60, 0x1C, 0x07, 0xFF, 0xC0, 0x7F,
    0xFC, 0x06, 0x01, 0xC0, 0x60, 0x1C, 0x06, 0x0F, 0x80, 0x60, 0xF8, 0x3F, 0xBF, 0xE1, 0xFD, 0xFF,
    0x0C, 0xEC, 0x18, 0x67, 0x60, 0xC3, 0x3B, 0x3E, 0x1F, 0xD9, 0xF0, 0xFE, 0xC0, 0x06, 0x77, 0xFE,
    0x33, 0xBF, 0xF1, 0x9D, 0xE3, 0x8F, 0xEF, 0x98, 0x7F, 0x6D, 0xC3, 0x3B, 0x7C, 0x19, 0xD9, 0xE1,
    0xCE, 0xCE, 0x0C, 0x76, 0x78, 0x63, 0xBF, 0xE7, 0x7D, 0xF3, 0x93, 0xCE, 0x0C, 0x10, 0x80, 0x03,
    0x8C, 0xFF, 0x38, 0xCF, 0xF7, 0xFE, 0xC7, 0x7F, 0xEC, 0x73, 0x8C, 0xC7, 0x3F, 0xCF, 0xF3, 0xFC,
    0xFF, 0x38, 0xCC, 0x73, 0xFC, 0xC7, 0x3F, 0xCC, 0x73, 0x9C, 0xFF, 0x38, 0xCF, 0xFF, 0xFF, 0xC7,
    0x7F, 0xFC, 0x71, 0x99, 0x87, 0x39, 0xD8, 0x73, 0x0F, 0x87, 0x70, 0xF9, 0xF6, 0x01, 0x1E, 0x00,
    0x60, 0x00, 0x03, 0x80, 0x00, 0x1C, 0x00, 0x3F, 0xFF, 0x83, 0xFF, 0xFE, 0x0F, 0xFF, 0xE0, 0x01,
    0xC0, 0x00, 0x0E, 0x00, 0x00, 0x70, 0x03, 0xFF, 0xFF, 0x9F, 0xFF, 0xFC, 0x01, 0xF0, 0x00, 0x1F,
    0xC0, 0x01, 0xFF, 0x00, 0x3D, 0xDC, 0x03, 0xCE, 0x78, 0x7C, 0x71, 0xF3, 0x83, 0x83, 0x88, 0x1C,
    0x08, 0x00, 0xE0, 0x00, 0x00, 0x70, 0x00, 0x03, 0x80, 0x00, 0x1C, 0x00, 0x00, 0xE0, 0x07, 0xFF,
    0xFF, 0x3F, 0xFF, 0xF8, 0x01, 0xC0, 0x00, 0x0E, 0x00, 0x00, 0x70, 0x01, 0xFF, 0xFF, 0x0F, 0xFF,
    0xF8, 0x03, 0xF0, 0x00, 0x1F, 0xC0, 0x03, 0xFF, 0x00, 0x3D, 0xDE, 0x03, 0xCE, 0x78, 0x7C, 0x71,
    0xF3, 0x83, 0x83, 0x98, 0x1C, 0x08, 0x00, 0xE0, 0x00, 0x00, 0x60, 0x00, 0x03, 0x80, 0x00, 0x1C,
    0x00, 0x00, 0xE0, 0x03, 0xFF, 0xFE, 0x3F, 0xFF, 0xF9, 0xFF, 0xFF, 0xC0, 0x3F, 0x80, 0x03, 0xFE,
    0x00, 0x3B, 0xB0, 0x01, 0xDD, 0xC0, 0x1C, 0xE7, 0x01, 0xC7, 0x3C, 0x1C, 0x38, 0xF1, 0xFF, 0xFF,
    0xCF, 0xFF, 0xEE, 0x00, 0x70, 0x00, 0x03, 0x80, 0x00, 0x1C, 0x00, 0x00, 0xE0, 0x00, 0x0C, 0x00,
    0x00, 0x61, 0xFC, 0x03, 0x0F, 0xF0, 0x18, 0x7F, 0x80, 0xC3, 0x1C, 0x3F, 0xF8, 0xE1, 0xFE, 0xC7,
    0x01, 0x86, 0x38, 0x1E, 0x31, 0xC0, 0xF9, 0x8E, 0x0F, 0xEC, 0x70, 0x7B, 0x63, 0x87, 0xDB, 0x1C,
    0x36, 0x18, 0xE3, 0xB1, 0xC7, 0x69, 0x8C, 0x3B, 0x0C, 0xE1, 0xD8, 0x66, 0x0E, 0xC3, 0x70, 0x3C,
    0x19, 0x01, 0xE0, 0x01, 0xC0, 0x00, 0x0E, 0x00, 0x00, 0xFF, 0xC0, 0x0F, 0xFF, 0x01, 0xF0, 0x70,
    0x1F, 0xEF, 0x00, 0xE7, 0xF0, 0x00, 0x3F, 0x80, 0x0F, 0xFF, 0x83, 0xFD, 0x7F, 0x9F, 0x1C, 0x7C,
    0x00, 0xE0, 0x01, 0xFF, 0xFC, 0x0F, 0xFF, 0xE0, 0x19, 0xD8, 0x01, 0xCE, 0xE0, 0x1E, 0x73, 0x81,
    0xC3, 0x8E, 0x0C, 0x7C, 0x30, 0x03, 0xC0, 0x00, 0x00, 0x60, 0x00, 0x03, 0x80, 0x00, 0x1C, 0x00,
    0x7F, 0xFF, 0xC3, 0xFF, 0xFE, 0x06, 0x38, 0xE0, 0x39, 0xC6, 0x01, 0xCE, 0x70, 0x06, 0x73, 0x03,
    0xFF, 0xFF, 0x9F, 0xFF, 0xFC, 0xFF, 0xFF, 0xE0, 0x1F, 0xC0, 0x01, 0xFF, 0x00, 0x1D, 0xDC, 0x03,
    0xCE, 0x70, 0x3C, 0x71, 0xE3, 0xC3, 0x87, 0x98, 0x1C, 0x0C, 0x00, 0xE0, 0x00, 0x0C, 0x00, 0x00,
    0xC1, 0x98, 0x0C, 0x19, 0x80, 0xC3, 0x9C, 0x7F, 0x31, 0xC7, 0xFB, 0x0C, 0x7F, 0x70, 0xE1, 0xC6,
    0xE7, 0x1E, 0xEE, 0x71, 0xFC, 0xC2, 0x3F, 0x0C, 0x03, 0xF9, 0xC0, 0x7D, 0x19, 0x86, 0xC3, 0x9C,
    0xEC, 0x38, 0xC4, 0xC7, 0x0E, 0x0C, 0x7F, 0xE0, 0xCF, 0xFF, 0x0C, 0xFC, 0x70, 0xC0, 0x00, 0x0C,
    0x00, 0x00, 0xC0, 0x3E, 0x0C, 0x3F, 0xC0, 0xC3, 0xE0, 0x0C, 0x30, 0x07, 0xFB, 0x00, 0x7F, 0xB0,
    0x01, 0xC3, 0xFF, 0x1E, 0x3F, 0xF1, 0xF3, 0xFF, 0x3F, 0x31, 0x83, 0xDB, 0x18, 0x7D, 0x31, 0x86,
    0xC7, 0x18, 0xEC, 0x71, 0x84, 0xC6, 0x18, 0x0C, 0x61, 0x80, 0xCE, 0x18, 0x0C, 0xC1, 0x80, 0xC4,
    0x18, 0x1F, 0xFF, 0xC0, 0xFF, 0xFE, 0x06, 0x1C, 0x70, 0x30, 0xE3, 0x81, 0xFF, 0xFC, 0x0F, 0xFF,
    0xE0, 0x61, 0xC7, 0x03, 0xFF, 0xF8, 0x1F, 0xFF, 0xC0, 0x03, 0x80, 0x1F, 0xFF, 0xFC, 0xFF, 0xFF,
    0xE0, 0x1F, 0xC0, 0x01, 0xFF, 0x00, 0x1D, 0xDE, 0x03, 0xCE, 0x7C, 0x7C, 0x70, 0xF3, 0x83, 0x83,
    0x80, 0x1C, 0x00, 0x00, 0x70, 0x00, 0x03, 0x80, 0x00, 0x1C, 0x00, 0xFF, 0xFF, 0xE7, 0xFF, 0xFF,
    0x01, 0xFF, 0x00, 0x1D, 0xFC, 0x03, 0xCE, 0x78, 0x7C, 0x71, 0xF3, 0xFF, 0xFF, 0x9B, 0xFF, 0xE0,
    0x1C, 0x07, 0x00, 0xFF, 0xF8, 0x07, 0xFF, 0xC0, 0x38, 0x0E, 0x01, 0xFF, 0xF0, 0x0F, 0xFF, 0x03,
    0xFF, 0xFF, 0x9F, 0xFF, 0xFC, 0x0C, 0x00, 0x00, 0xC0, 0x00, 0x0C, 0x7F, 0xE0, 0xC7, 0xFE, 0x7F,
    0x00, 0x07, 0xF8, 0x00, 0x7F, 0x80, 0x01, 0xEF, 0xFF, 0x1E, 0x7F, 0xF3, 0xF0, 0x60, 0x3F, 0x86,
    0x07, 0xD3, 0x6C, 0x6C, 0x76, 0xEE, 0xC6, 0x66, 0x4C, 0x66, 0x70, 0xCC, 0x67, 0x0D, 0xC6, 0x30,
    0xC8, 0x63, 0x0C, 0x3E, 0x00, 0xC1, 0xC0, 0x0C, 0x00, 0x00, 0xC3, 0x0C, 0x0C, 0x38, 0xC0, 0xC1,
    0x98, 0x7F, 0x1B, 0x87, 0xFF, 0xFE, 0x1C, 0xFF, 0xE1, 0xE0, 0x00, 0x1E, 0x00, 0x01, 0xF0, 0x00,
    0x3F, 0x00, 0x03, 0xD7, 0xFE, 0x6C, 0x7F, 0xC6, 0xC0, 0x00, 0x4C, 0x00, 0x00, 0xC0, 0x00, 0x0C,
    0x00, 0x00, 0xDF, 0xFF, 0x0C, 0xFF, 0xF0, 0xC0, 0x00, 0x0C, 0x20, 0x41, 0xC7, 0x0E, 0x1C, 0x30,
    0xC1, 0xC3, 0x9C, 0x7F, 0xFF, 0xF7, 0xFF, 0xFF, 0x1C, 0x06, 0x01, 0xC0, 0x60, 0x1E, 0x7F, 0xC3,
    0xE7, 0xFE, 0x3F, 0x7F, 0xE3, 0xF0, 0x60, 0x7C, 0x06, 0x07, 0xDF, 0xFF, 0x5D, 0xFF, 0xF1, 0xC0,
    0x60, 0x1C, 0x06, 0x01, 0xC0, 0x60, 0x1C, 0x06, 0x01, 0xC0, 0x60, 0x0C, 0x00, 0x00, 0x63, 0xFF,
    0x03, 0x1F, 0xF8, 0x18, 0xC1, 0xC7, 0xF6, 0x0E, 0x3F, 0xFF, 0xF0, 0x31, 0xFF, 0x83, 0x8C, 0x1C,
    0x1E, 0x60, 0xE0, 0xFB, 0xFF, 0x0F, 0xDF, 0xF8, 0x7A, 0xDC, 0x46, 0xC6, 0x6F, 0x36, 0x33, 0xF1,
    0xB1, 0x8E, 0x01, 0x8C, 0x70, 0x0C, 0x65, 0xC0, 0x63, 0xF7, 0x83, 0x3F, 0x1C, 0x18, 0x80, 0x40,
    0x0C, 0x0C, 0x00, 0x60, 0xE0, 0x03, 0x07, 0xF0, 0x18, 0x7F, 0xC0, 0xC7, 0x0C, 0x3F, 0xFC, 0xE1,
    0xFF, 0xF6, 0x03, 0x99, 0xF0, 0x1E, 0x0F, 0x00, 0xF8, 0xFC, 0x0F, 0xEF, 0x78, 0x7B, 0xE1, 0xE7,
    0xDF, 0xFF, 0x36, 0x3F, 0xF3, 0xB1, 0x81, 0x89, 0x8C, 0x0C, 0x0C, 0x60, 0x60, 0x63, 0xFF, 0x03,
    0x1F, 0xF8, 0x18, 0xC0, 0xC0, 0x0C, 0x00, 0x00, 0x67, 0xFF, 0x83, 0x3F, 0xFC, 0x19, 0xFF, 0xE7,
    0xFC, 0x00, 0x3F, 0xFF, 0xF9, 0xFF, 0x7F, 0x83, 0x98, 0x60, 0x1E, 0xC3, 0x01, 0xFE, 0xFF, 0x0F,
    0xF7, 0xF8, 0xFB, 0x86, 0x06, 0xCC, 0x30, 0x76, 0x6F, 0xF1, 0x33, 0xFF, 0xC1, 0x9B, 0xFC, 0x0C,
    0xC0, 0x00, 0x67, 0xFF, 0x83, 0x3F, 0xFC, 0x18, 0x00, 0x00, 0x0C, 0x06, 0x00, 0xC0, 0x60, 0x0C,
    0xC6, 0x60, 0xCE, 0x66, 0x0C, 0x66, 0xE7, 0xFE, 0x6C, 0x7F, 0x36, 0xC1, 0xC0, 0x68, 0x1E, 0xFF,
    0xE1, 0xFF, 0xFE, 0x3F, 0x00, 0x63, 0xF0, 0x06, 0x6C, 0xFF, 0xE6, 0xCF, 0xFE, 0xEC, 0x00, 0x64,
    0xC0, 0x06, 0x0C, 0xFF, 0xE0, 0xDF, 0xFE, 0x0C, 0xFF, 0xE0, 0xC0, 0x06, 0x18, 0x0C, 0x00, 0xE0,
    0x70, 0x07, 0x07, 0x80, 0x38, 0x7E, 0x07, 0xE7, 0x38, 0x3F, 0xB8, 0xE0, 0x77, 0x83, 0xC3, 0xFF,
    0xFE, 0x3F, 0x3F, 0x91, 0xF0, 0x00, 0x0F, 0xF3, 0x18, 0xFD, 0x98, 0xC7, 0xC6, 0xEC, 0x7E, 0x33,
    0x61, 0x71, 0x9E, 0x03, 0x8C, 0x30, 0x1C, 0x03, 0x80, 0xEF, 0xFF, 0x87, 0x7F, 0xFC, 0x30, 0x00,
    0x00, 0x18, 0x31, 0x80, 0xE1, 0xCC, 0x07, 0x7F, 0xFC, 0x3B, 0xFF, 0xE7, 0xF3, 0x98, 0x3F, 0xFF,
    0xF0, 0x73, 0xFF, 0x83, 0x98, 0x0C, 0x1E, 0xFF, 0xE1, 0xF7, 0xFF, 0x0F, 0xFF, 0xF8, 0xFF, 0xFF,
    0xC7, 0xC0, 0xE0, 0x7E, 0xFF, 0xF9, 0xF7, 0xFF, 0xCB, 0x9F, 0xFC, 0x1C, 0x3B, 0x80, 0xE7, 0xCF,
    0x07, 0xF8, 0x3C, 0x3B, 0x00, 0x60, 0x0C, 0x39, 0x80, 0xE1, 0xCC, 0x07, 0x3F, 0xFC, 0x39, 0xFF,
    0xE1, 0xC3, 0x98, 0x3F, 0xFF, 0xF9, 0xFF, 0xFF, 0xC3, 0x9F, 0xFE, 0x1C, 0xFF, 0xE1, 0xF7, 0xFF,
    0x8F, 0xF9, 0x9C, 0x7F, 0xFF, 0xE7, 0xFF, 0xFF, 0x3E, 0x73, 0x3B, 0xF3, 0xFF, 0xCB, 0x9F, 0xFE,
    0x1C, 0x39, 0xC0, 0xE3, 0xCF, 0x07, 0x78, 0x1C, 0x19, 0x80, 0x60, 0x00, 0x60, 0x00, 0x03, 0x00,
    0x1C, 0x18, 0x00, 0xF1, 0xC0, 0x01, 0xCF, 0xFF, 0x06, 0x7F, 0xF8, 0x07, 0x31, 0x80, 0x33, 0x9C,
    0x03, 0x9C, 0xC0, 0x18, 0xE6, 0x03, 0x07, 0x00, 0x1C, 0x3C, 0x01, 0xC1, 0xE0, 0x0C, 0x1F, 0x00,
    0xE0, 0xDC, 0x0E, 0x0E, 0x70, 0x70, 0xE1, 0xC1, 0x1E, 0x0F, 0x81, 0xE0, 0x1C, 0x04, 0x00, 0x40,
    0xFF, 0xFF, 0xCF, 0xFF, 0xF8, 0x01, 0x80, 0x00, 0x30, 0x00, 0x06, 0x00, 0x30, 0xC0, 0x06, 0x18,
    0x00, 0xC3, 0xFE, 0x18, 0x7F, 0xC3, 0x0C, 0x00, 0x61, 0x80, 0x0C, 0x30, 0x01, 0x86, 0x00, 0x30,
    0xC0, 0x06, 0x18, 0x07, 0xFF, 0xFF, 0xFF, 0xFF, 0xE0, 0x03, 0x0C, 0x00, 0x1C, 0x60, 0x00, 0xE3,
    0x00, 0x07, 0x18, 0x01, 0x38, 0xC0, 0x1D, 0xC6, 0x30, 0xEE, 0x33, 0xC7, 0x7D, 0xF8, 0x3B, 0xEF,
    0x81, 0xDC, 0x70, 0x0E, 0xE3, 0x00, 0x77, 0x18, 0x03, 0xB8, 0xC0, 0x1D, 0xC6, 0x00, 0xEE, 0x30,
    0xC7, 0x71, 0x86, 0x3B, 0xEC, 0x33, 0xFF, 0x7F, 0x9F, 0xC3, 0xFC, 0xC0, 0x00, 0x00, 0x00, 0x60,
    0x00, 0x1C, 0x00, 0x63, 0xFE, 0x0C, 0x7F, 0xC1, 0x8F, 0xF8, 0x31, 0xC0, 0x3F, 0xFF, 0xFF, 0xFF,
    0xFF, 0xFF, 0xFF, 0xE1, 0xDC, 0x20, 0x3B, 0x8E, 0x0E, 0x71, 0xC3, 0x8E, 0x70, 0xE1, 0xDC, 0x18,
    0x3F, 0x00, 0x07, 0xC0, 0x07, 0xF0, 0x1F, 0xF8, 0x03, 0xF8, 0x00, 0x38, 0x00, 0x00, 0x01, 0x80,
    0x00, 0x7C, 0xFC, 0x0F, 0xC7, 0xE0, 0x70, 0x33, 0x03, 0x01, 0x98, 0x1F, 0xCC, 0xC0, 0xFE, 0xE6,
    0x06, 0x06, 0x3E, 0x30, 0x70, 0xF1, 0xFB, 0x00, 0x0F, 0xFF, 0xF8, 0x7F, 0x7F, 0x83, 0x03, 0x8C,
    0x18, 0xCC, 0xE1, 0xFE, 0x3E, 0x1F, 0xE1, 0xE0, 0x70, 0x0F, 0x81, 0x81, 0xFF, 0x0C, 0x3E, 0x3C,
    0x61, 0xC0, 0x60, 0x06, 0x00, 0x00, 0x60, 0x00, 0x0F, 0xFF, 0xF1, 0xFF, 0xFF, 0x1C, 0x00, 0x03,
    0x80, 0x00, 0x7F, 0xFF, 0xC7, 0xFF, 0xFC, 0x2C, 0xF1, 0xC0, 0xC7, 0x98, 0x7F, 0xFF, 0xFF, 0xFF,
    0xFF, 0x7F, 0xFF, 0xF1, 0xCF, 0x18, 0x1C, 0x79, 0x81, 0xFF, 0xFF, 0x1F, 0xFF, 0xF0, 0x00, 0x38,
    0x00, 0x1F, 0x80, 0x01, 0xF0, 0x20, 0x30, 0x0E, 0x06, 0x01, 0xC0, 0xC0, 0x38, 0x18, 0x07, 0x03,
    0x0C, 0xE0, 0x63, 0xDC, 0x0C, 0xF3, 0xFD, 0xBC, 0x7F, 0xBE, 0x0E, 0x07, 0x81, 0xC0, 0xC0, 0x38,
    0x18, 0x07, 0x03, 0x00, 0xE0, 0x60, 0xDC, 0x0C, 0x1B, 0x9D, 0x87, 0x7F, 0xB0, 0xEF, 0xE7, 0xF9,
    0xE0, 0xFF, 0x20, 0x03, 0x00, 0x00, 0x70, 0x00, 0x03, 0x80, 0x00, 0x1C, 0x00, 0x00, 0xE0, 0x00,
    0x07, 0x0C, 0x1F, 0xB8, 0x71, 0xFF, 0xC7, 0x0F, 0xFF, 0x70, 0x03, 0x7F, 0x00, 0x3B, 0xF0, 0x01,
    0xDF, 0x80, 0x0C, 0xEC, 0x00, 0xE7, 0x70, 0x0E, 0x39, 0xC0, 0xF1, 0xC7, 0x0F, 0x0E, 0x1E, 0x70,
    0x70, 0x71, 0x03, 0x81, 0x00, 0xFC, 0x00, 0x03, 0xC0, 0x00, 0x00, 0x00, 0x01, 0xCF, 0xFF, 0x8F,
    0x7F, 0xFC, 0x1F, 0xFF, 0xE0, 0x58, 0x07, 0x00, 0xC0, 0x39, 0x80, 0x04, 0x0F, 0x0F, 0xF0, 0x3C,
    0x7F, 0x80, 0x43, 0x8C, 0x00, 0x1C, 0x60, 0x08, 0xE3, 0x00, 0xE7, 0x18, 0x07, 0x30, 0xC0, 0x71,
    0x86, 0xC3, 0x9C, 0x37, 0x38, 0xE1, 0xBB, 0x8E, 0x0F, 0x9C, 0xE0, 0x7C, 0x46, 0x01, 0xC0, 0x00,
    0x00, 0x01, 0xC3, 0xFC, 0x0F, 0x1F, 0xE0, 0x1C, 0xC7, 0x00, 0x06, 0x38, 0x00, 0x31, 0xC1, 0x83,
    0x87, 0xCE, 0x38, 0x3E, 0x3F, 0x80, 0xE0, 0xCF, 0xFE, 0x00, 0x7F, 0xF8, 0x03, 0xFF, 0x80, 0xCE,
    0x1C, 0x06, 0x39, 0xC0, 0x70, 0xFC, 0x03, 0x07, 0xC0, 0x38, 0x3F, 0x03, 0x8F, 0xFF, 0x1D, 0xF8,
    0x7C, 0x46, 0x00, 0xE0, 0x00, 0x0C, 0x03, 0x80, 0xC0, 0x3E, 0x0C, 0x00, 0xE0, 0xE0, 0x00, 0xFF,
    0xE0, 0x0F, 0xFE, 0x60, 0x0C, 0x07, 0x80, 0xC0, 0x3C, 0x0C, 0x00, 0x9F, 0xFF, 0x01, 0xFF, 0xF0,
    0x01, 0xC0, 0x06, 0x38, 0x00, 0xE3, 0x98, 0x0C, 0x71, 0xC1, 0xC6, 0x0C, 0x38, 0xFF, 0xE3, 0x9F,
    0xFE, 0x30, 0xF8, 0x70, 0x00, 0x02, 0x00, 0x0C, 0x01, 0xC0, 0xE0, 0x0F, 0x83, 0x80, 0x1C, 0x1C,
    0x00, 0x1F, 0xFF, 0x00, 0xFF, 0xF9, 0x80, 0x38, 0x0F, 0x01, 0xC0, 0x7C, 0x0E, 0x00, 0xC0, 0x70,
    0x00, 0x3F, 0xF8, 0x0B, 0xFF, 0xC0, 0x6F, 0xFE, 0x07, 0x07, 0x00, 0x70, 0x38, 0x03, 0x81, 0xC0,
    0x38, 0x0E, 0x01, 0xDF, 0xFF, 0x9C, 0xFF, 0xFC, 0x40, 0x00, 0x00, 0x00, 0x00, 0x43, 0x80, 0xFE,
    0x3F, 0xFF, 0xC0, 0xEF, 0xE0, 0x00, 0x0E, 0x00, 0x00, 0xE0, 0x63, 0xFF, 0xF7, 0xBF, 0xFF, 0x3D,
    0xFF, 0xF1, 0x80, 0xE0, 0x00, 0x0E, 0x00, 0x4F, 0xFE, 0x0E, 0xFF, 0xE0, 0xEF, 0xFE, 0x1C, 0xC0,
    0x61, 0x8C, 0x06, 0x38, 0xC0, 0x67, 0x0F, 0xFE, 0x70, 0xFF, 0xE2, 0x0C, 0x06, 0x00, 0x30, 0x03,
    0x83, 0xF0, 0x3C, 0x3B, 0x80, 0xE3, 0x9C, 0x00, 0x3F, 0xE0, 0x3F, 0xFE, 0x63, 0xFF, 0x07, 0x93,
    0x80, 0x3C, 0x19, 0xF1, 0x8F, 0xFF, 0x03, 0xFF, 0xE0, 0xBF, 0xC7, 0x0C, 0x1C, 0xE1, 0xC0, 0xDC,
    0x1C, 0x0F, 0xA3, 0x81, 0xF3, 0x38, 0x7F, 0x37, 0x3F, 0xFF, 0x73, 0xC3, 0xF2, 0x10, 0x1E, 0x00,
    0x00, 0x63, 0x0C, 0x07, 0x38, 0xE3, 0x71, 0xC6, 0x37, 0x0F, 0xFF, 0x70, 0x3F, 0xF7, 0x00, 0x33,
    0x77, 0x33, 0x37, 0x3B, 0xB3, 0x71, 0x9F, 0x37, 0x01, 0xE3, 0x70, 0x0E, 0x37, 0x18, 0xE3, 0x71,
    0x8F, 0x37, 0x19, 0xF3, 0x73, 0x9B, 0x87, 0x33, 0x98, 0x77, 0x70, 0x07, 0x66, 0x01, 0xE0, 0x00,
    0x1E, 0x00, 0x0C, 0x03, 0x98, 0xE7, 0x3D, 0xCE, 0x60, 0xCE, 0xEE, 0x00, 0x6E, 0xC0, 0x04, 0xEC,
    0x60, 0xFF, 0xE7, 0x8F, 0xFE, 0x3C, 0xC0, 0x61, 0x8C, 0x06, 0x00, 0xFF, 0xE0, 0x0F, 0xFE, 0x0C,
    0xC0, 0x60, 0xCF, 0xFE, 0x1C, 0xFF, 0xE1, 0x8F, 0xFE, 0x38, 0xC0, 0x63, 0x0C, 0x06, 0x70, 0xC3,
    0xE2, 0x0C, 0x3C, 0x00, 0x00, 0x03, 0x9F, 0xFE, 0x3F, 0xFF, 0xF0, 0xF8, 0x07, 0x03, 0xB3, 0x70,
    0x17, 0x3A, 0x60, 0xE1, 0xC7, 0x1C, 0x0E, 0x39, 0x8C, 0x61, 0x90, 0xC0, 0x03, 0xFF, 0xE0, 0xBF,
    0xFF, 0x0C, 0x3E, 0x01, 0xC3, 0xF0, 0x18, 0x7F, 0x83, 0x8E, 0xDC, 0x33, 0xCC, 0xE7, 0x78, 0xC7,
    0x62, 0x0C, 0x20, 0x00, 0xC0, 0x00, 0x00, 0x01, 0xCF, 0xFF, 0x0F, 0xFF, 0xFC, 0x1B, 0xFF, 0xC0,
    0x01, 0x80, 0x00, 0x1C, 0x01, 0x9F, 0xFF, 0xCF, 0x7F, 0xFE, 0x38, 0x63, 0x80, 0x47, 0xCE, 0x00,
    0xF6, 0x3C, 0x0F, 0x31, 0xE0, 0xAD, 0xEC, 0x0E, 0x6F, 0x70, 0x66, 0x6D, 0xC7, 0x73, 0x66, 0x33,
    0x1B, 0x33, 0x80, 0xC0, 0x18, 0x3E, 0x00, 0x40, 0xE0, 0x00, 0x00, 0x0C, 0x03, 0x80, 0xC0, 0x3F,
    0xFF, 0xE1, 0xFF, 0xFE, 0x01, 0xFF, 0xE0, 0x1F, 0xFE, 0x60, 0x0C, 0x07, 0x3F, 0xFF, 0x3B, 0xFF,
    0xF1, 0x9F, 0xFC, 0x01, 0xFF, 0xC0, 0x9C, 0x0C, 0x0D, 0xFF, 0xC1, 0xDF, 0xFC, 0x1D, 0xC0, 0xC3,
    0x9F, 0xFC, 0x39, 0xFF, 0xC7, 0x1C, 0x0C, 0x71, 0xC3, 0xC2, 0x18, 0x3C, 0x00, 0xC0, 0x03, 0x8C,
    0x0F, 0x3D, 0xC7, 0xE0, 0xFF, 0xF0, 0x03, 0xFE, 0x00, 0x18, 0x60, 0x61, 0xE6, 0x07, 0xB6, 0x7F,
    0x3B, 0x67, 0xF0, 0xBF, 0xE6, 0x03, 0xFE, 0x60, 0x06, 0x66, 0x0C, 0x66, 0x61, 0x8F, 0xE6, 0x1F,
    0xFE, 0x63, 0xFE, 0xE6, 0x30, 0x6C, 0x67, 0x06, 0xC6, 0x60, 0x7C, 0x62, 0x06, 0x86, 0x00, 0x00,
    0x01, 0xC7, 0xFE, 0x0F, 0xFF, 0xF0, 0x1F, 0x81, 0x80, 0x1F, 0xFC, 0x00, 0xFF, 0xE1, 0x87, 0x03,
    0x0F, 0x38, 0x18, 0x3D, 0xFF, 0xC0, 0xC7, 0xFE, 0x00, 0x00, 0x00, 0x03, 0xFF, 0xC0, 0xDF, 0xFE,
    0x06, 0xDB, 0xB0, 0x76, 0xDD, 0x87, 0x36, 0xEC, 0x39, 0xB7, 0x63, 0xBF, 0xFF, 0x9D, 0xFF, 0xFC,
    0x00, 0x00, 0x00, 0x00, 0x00, 0x01, 0xCF, 0xFF, 0x8F, 0x7F, 0xFC, 0x1B, 0x0C, 0x00, 0x18, 0x60,
    0x00, 0xFF, 0xF1, 0x87, 0xFF, 0x8E, 0x3E, 0x0C, 0x39, 0xFF, 0xE0, 0xCF, 0xFF, 0x00, 0x7C, 0x18,
    0x07, 0xFF, 0xC0, 0xFF, 0xFE, 0x0F, 0x83, 0x20, 0x6C, 0xDB, 0x87, 0x6E, 0xCC, 0x37, 0xE6, 0x73,
    0xB6, 0x31, 0x9B, 0x97, 0x80, 0x48, 0x3C, 0x00, 0x00, 0x00, 0x03, 0x8F, 0xFC, 0x3C, 0xFF, 0xC0,
    0xEC, 0x0C, 0x04, 0xFC, 0xC0, 0x0C, 0xCC, 0x60, 0xCC, 0xC7, 0x3F, 0xFF, 0x3B, 0xFF, 0xF1, 0xBF,
    0xFF, 0x03, 0xFF, 0xF0, 0x0C, 0x0C, 0x0C, 0xFF, 0xC0, 0xCF, 0xFC, 0x1C, 0xC0, 0xC1, 0x8F, 0xFC,
    0x38, 0xFF, 0xC3, 0x0C, 0x0C, 0x70, 0xC7, 0xC0, 0x0C, 0x3C, 0x00, 0x1C, 0x01, 0x80, 0xFF, 0x0F,
    0x07, 0xF8, 0x38, 0x3F, 0xC0, 0xFF, 0xFF, 0x01, 0xFF, 0xF9, 0x8E, 0x61, 0xCE, 0x77, 0xFC, 0x3B,
    0xFF, 0x80, 0xDE, 0xC3, 0x00, 0xE7, 0xF8, 0x07, 0x3F, 0xC0, 0xF0, 0x40, 0x0F, 0x8B, 0x20, 0x6D,
    0xED, 0x87, 0x6F, 0x6E, 0x37, 0xD8, 0xF3, 0xB6, 0xC7, 0x99, 0xA7, 0xF4, 0x0C, 0x1F, 0x00, 0x0C,
    0x00, 0x00, 0x70, 0x00, 0x03, 0x9F, 0xFC, 0x1C, 0xFF, 0xE2, 0xF8, 0x38, 0x1F, 0xC1, 0xC1, 0xFE,
    0x0E, 0x0D, 0xF0, 0x70, 0x6F, 0x03, 0x83, 0x60, 0x1C, 0x0B, 0x00, 0xE0, 0x18, 0x07, 0x00, 0xE0,
    0x38, 0x0F, 0x81, 0xC0, 0x7E, 0x0E, 0x03, 0x70, 0x70, 0x39, 0x83, 0x83, 0x80, 0xFC, 0x1C, 0x07,
    0xE0, 0x40, 0x3E, 0x00, 0x00, 0x60, 0x00, 0x07, 0x00, 0x00, 0x7F, 0xE0, 0x07, 0xFE, 0x00, 0x7F,
    0xE0, 0x07, 0x00, 0x1F, 0xFF, 0x81, 0xFF, 0xFC, 0x1F, 0xFF, 0xC1, 0x80, 0x1C, 0x18, 0x01, 0xC1,
    0xC0, 0x1C, 0x1F, 0xFF, 0xC1, 0xFF, 0xFC, 0x00, 0x00, 0x81, 0x99, 0xDC, 0x39, 0x9C, 0xE3, 0x98,
    0xC7, 0x71, 0xCE, 0x76, 0x18, 0xC2, 0x0C, 0x1C, 0x00, 0x60, 0xE0, 0x03, 0x07, 0x00, 0xFF, 0xFF,
    0x87, 0xFF, 0xFC, 0x06, 0x0E, 0x60, 0x30, 0x63, 0x01, 0xFB, 0x18, 0x7F, 0xF8, 0xC3, 0xE1, 0xE6,
    0x1B, 0x0F, 0xB0, 0x18, 0xEF, 0xA0, 0xCF, 0x2F, 0x1E, 0x70, 0x78, 0xE2, 0x01, 0xC3, 0x33, 0x18,
    0x39, 0x9C, 0xE1, 0x8C, 0x63, 0x1C, 0x63, 0x1C, 0xC3, 0x18, 0x60, 0x06, 0x02, 0x00, 0x60, 0x7C,
    0x0F, 0xE7, 0xE0, 0xFE, 0x77, 0x1C, 0xE7, 0x23, 0xFF, 0xFF, 0x77, 0xFF, 0xF7, 0x1C, 0x70, 0x7F,
    0x87, 0x00, 0xF0, 0xF8, 0x07, 0x0D, 0xC1, 0xE1, 0xCC, 0x3C, 0x78, 0xE7, 0x0F, 0x07, 0x20, 0x40,
    0x21, 0x99, 0x8C, 0x39, 0x9C, 0xE3, 0x18, 0xC6, 0x71, 0x8C, 0x76, 0x18, 0xC3, 0x00, 0x18, 0x03,
    0x83, 0x00, 0x70, 0x60, 0x0E, 0x0C, 0x01, 0xC1, 0x80, 0x3F, 0xFF, 0x87, 0xFF, 0xF8, 0xFF, 0xFF,
    0x1C, 0x00, 0x03, 0x80, 0x00, 0x7F, 0xF8, 0x0F, 0xFF, 0x81, 0xFF, 0xF0, 0x30, 0x06, 0x06, 0x00,
    0xC1, 0xC0, 0x18, 0x30, 0x03, 0x0E, 0x00, 0x61, 0x80, 0x0C, 0x10, 0x01, 0x80, 0x03, 0x00, 0x21,
    0xB9, 0xFF, 0x8D, 0xCF, 0xF8, 0x6E, 0x60, 0x03, 0x73, 0x00, 0x1B, 0x98, 0x00, 0xFE, 0xFF, 0x87,
    0xF7, 0xFE, 0x30, 0x3C, 0x61, 0x81, 0xE3, 0x0F, 0xCF, 0x18, 0x7E, 0x6D, 0xC3, 0xF3, 0x6C, 0x19,
    0xBB, 0xE1, 0xCD, 0xCE, 0x0E, 0x6C, 0x70, 0x63, 0x67, 0xC3, 0x1B, 0x77, 0x38, 0xFF, 0x1C, 0x86,
    0xB0, 0x40, 0x3F, 0xFF, 0xE3, 0xFF, 0xFE, 0x1F, 0xFF, 0xE0, 0xC0, 0x60, 0x0C, 0x06, 0x01, 0xC0,
    0x60, 0x1C, 0x06, 0x01, 0xFF, 0xFF, 0x1F, 0xFF, 0xF1, 0xFF, 0xFF, 0x00, 0x7E, 0x00, 0x0F, 0x60,
    0x01, 0xE6, 0x00, 0x7C, 0x60, 0x0F, 0x06, 0x07, 0xE0, 0x60, 0x78, 0x06, 0x02, 0x03, 0xE0, 0x00,
    0x3C, 0x00, 0x06, 0x0C, 0x00, 0x30, 0x6E, 0x01, 0x83, 0x70, 0xCC, 0x19, 0xC7, 0x60, 0xC6, 0x1F,
    0x06, 0x30, 0xFF, 0xFF, 0xC3, 0xFF, 0xFE, 0x07, 0xFF, 0xF0, 0x30, 0x70, 0x03, 0x87, 0x80, 0x3C,
    0x3E, 0x03, 0xE1, 0xF0, 0x3B, 0x1D, 0x81, 0x98, 0xEE, 0x00, 0xCE, 0x38, 0x06, 0xF1, 0xE0, 0x3F,
    0x07, 0x81, 0xF0, 0x1C, 0x0F, 0x00, 0x60, 0x00, 0x31, 0x87, 0x63, 0x18, 0x3E, 0x31, 0x83, 0xFF,
    0xFF, 0x1D, 0xFF, 0xF3, 0xC3, 0x18, 0x7E, 0x31, 0x86, 0xE3, 0x18, 0x0E, 0xFF, 0xE0, 0xEF, 0xFE,
    0x1E, 0xCE, 0x63, 0xEC, 0xE6, 0x76, 0xFF, 0xE6, 0x6F, 0xFE, 0x06, 0xFF, 0xE0, 0x6C, 0xE6, 0x0E,
    0xCE, 0x63, 0xEF, 0xFE, 0x3C, 0xFF, 0xE3, 0x8C, 0x06, 0x00, 0xC0, 0x00, 0x1C, 0x03, 0xFF, 0xFF,
    0xFF, 0xFF, 0xF0, 0x1D, 0x88, 0xE7, 0x33, 0x8F, 0xFC, 0xE0, 0xDF, 0xB8, 0x00, 0xF2, 0x03, 0xB3,
    0xE3, 0xFF, 0xFF, 0x73, 0xFE, 0xE0, 0x0E, 0x05, 0xFF, 0xFF, 0xFF, 0xFF, 0xFF, 0xFF, 0xFF, 0x00,
    0xE0, 0x00, 0x1C, 0x00, 0x03, 0x80, 0x00, 0x70, 0x00, 0x7F, 0x7F, 0xE7, 0xF7, 0xFE, 0x7F, 0x60,
    0xE1, 0xC6, 0x6E, 0x1C, 0x6E, 0xE1, 0xC6, 0xEE, 0x3E, 0x6E, 0xE7, 0xF6, 0xEE, 0x7F, 0x6E, 0xE1,
    0xC6, 0xEE, 0x1C, 0x6E, 0xE1, 0xC6, 0xF6, 0x1C, 0x0F, 0x01, 0xF9, 0xF3, 0x7F, 0xBF, 0x37, 0xC7,
    0x73, 0x60, 0xF7, 0xF0, 0x1E, 0x3F, 0x01, 0x81, 0xC0, 0x00, 0xFF, 0xE3, 0xFF, 0xFF, 0x9F, 0xF1,
    0x9C, 0x31, 0x8C, 0xE1, 0x8F, 0xFF, 0x0C, 0x7F, 0xF8, 0x63, 0x19, 0xCF, 0xF8, 0xCE, 0x7E, 0xFF,
    0xF0, 0xC7, 0xFF, 0x06, 0x01, 0x80, 0x30, 0x0C, 0x01, 0x8F, 0xFF, 0x0F, 0xFF, 0xF9, 0xFC, 0x18,
    0x1F, 0x00, 0xC0, 0x43, 0xFF, 0xF0, 0x1F, 0xFF, 0xC0, 0x00, 0x00, 0x03, 0xFF, 0xFC, 0x7F, 0xFF,
    0x8C, 0x38, 0x71, 0x87, 0x0E, 0x3F, 0xFF, 0xC7, 0xFF, 0xF8, 0xFF, 0xFF, 0x18, 0x70, 0xE3, 0x0E,
    0x1C, 0x7F, 0xFF, 0x8F, 0xFF, 0xF1, 0xFF, 0xFE, 0x70, 0xE1, 0xCE, 0x1C, 0x39, 0x83, 0x87, 0x70,
    0x70, 0xEC, 0x0E, 0xFD, 0x80, 0xDF, 0x00, 0x01, 0x80, 0x00, 0x30, 0x00, 0x06, 0x00, 0x7F, 0xFF,
    0x8F, 0xFF, 0xF1, 0xC3, 0x86, 0x38, 0x60, 0xC7, 0x0C, 0x18, 0xFF, 0xFF, 0x1F, 0xFF, 0xE3, 0x86,
    0x0C, 0x70, 0xC1, 0x8F, 0xFF, 0xF1, 0xFF, 0xFE, 0x38, 0x60, 0x32, 0x0C, 0x06, 0x01, 0x80, 0xC0,
    0x3F, 0xF8, 0x07, 0xFF, 0x00, 0x3F, 0x80, 0x7F, 0xFF, 0xFF, 0xFF, 0xF7, 0xFF, 0xFC, 0x00, 0x00,
    0x0F, 0xFC, 0x03, 0xFF, 0x8E, 0xCE, 0xEF, 0xB3, 0x1B, 0xEF, 0xFE, 0xFB, 0xFF, 0xBE, 0xCC, 0x6F,
    0xB3, 0x1B, 0xEF, 0xFE, 0xFB, 0xFF, 0xBE, 0x00, 0x0F, 0x80, 0x03, 0xFF, 0xFF, 0xDF, 0xFF, 0xF0,
    0x00, 0x0C, 0x1F, 0xFF, 0xC0, 0xFF, 0xFE, 0x06, 0x1C, 0x30, 0x3F, 0xFF, 0x81, 0xFF, 0xFC, 0x0C,
    0x38, 0xE0, 0x61, 0xC3, 0x03, 0xFF, 0xF8, 0x1F, 0xFF, 0xC0, 0x1C, 0x70, 0x03, 0xC1, 0xE0, 0x7E,
    0x0F, 0xC7, 0xB8, 0x6F, 0x11, 0x83, 0x10, 0x0C, 0x18, 0x00, 0xE0, 0xC0, 0x0E, 0x06, 0x01, 0xE0,
    0x30, 0x06, 0x01, 0x80, 0x03, 0x00, 0x03, 0xEF, 0xF9, 0xF9, 0xFF, 0x38, 0x0E, 0x66, 0x61, 0xCC,
    0xCE, 0x31, 0x98, 0xC6, 0x33, 0xFD, 0xC6, 0xFF, 0xF7, 0xCC, 0x1C, 0xF0, 0x01, 0x00, 0x1F, 0xFF,
    0xC3, 0xFF, 0xF8, 0x71, 0xC7, 0x0F, 0xFF, 0xE1, 0xFF, 0xFC, 0x38, 0xE3, 0x87, 0xFF, 0xF0, 0xFF,
    0xFE, 0x18, 0x00, 0xC0, 0x00, 0x18, 0x07, 0xE1, 0x80, 0xFF, 0x3F, 0xCF, 0xF3, 0xFC, 0xDB, 0x71,
    0xCD, 0xBF, 0x18, 0xDB, 0xFB, 0x8F, 0xF9, 0xF0, 0xFF, 0x0E, 0x0D, 0xB3, 0xF8, 0xDB, 0x7B, 0xCD,
    0xBE, 0x1F, 0xDB, 0xFF, 0xED, 0xB7, 0xFC, 0xFF, 0x60, 0xCF, 0xF6, 0x0C, 0xC0, 0x60, 0xC4, 0x07,
    0xFC, 0x00, 0x7F, 0xC0, 0x06, 0x0C, 0x00, 0x10, 0x01, 0xFF, 0xCC, 0x0F, 0xF7, 0xE0, 0x63, 0x3C,
    0xC3, 0xB8, 0xEE, 0x0F, 0x83, 0xE0, 0x3F, 0xFE, 0x03, 0xFF, 0xF8, 0x78, 0x00, 0xF7, 0xFF, 0xFF,
    0x93, 0xFF, 0xE0, 0x18, 0x07, 0x00, 0xC0, 0x38, 0x07, 0xFF, 0xC0, 0x3F, 0xFE, 0x00, 0x60, 0xC0,
    0x03, 0x8E, 0x03, 0xFF, 0xFF, 0x1F, 0xFF, 0xFC, 0xFF, 0xFF, 0xC0, 0xFF, 0xFF, 0xFF, 0xFF, 0xFF,
    0xFF, 0xFF, 0x00, 0x60, 0x00, 0x0C, 0x00, 0x7F, 0xFF, 0x0F, 0xFF, 0xE1, 0xC0, 0x1C, 0x38, 0x03,
    0x87, 0x00, 0x70, 0xFF, 0xFE, 0x1F, 0xFF, 0xC3, 0x80, 0x38, 0x70, 0x07, 0x0E, 0x00, 0xE1, 0xFF,
    0xFC, 0x3F, 0xFF, 0x87, 0xFF, 0xF0, 0xE0, 0x0E, 0x00, 0x0C, 0x18, 0x03, 0x83, 0x00, 0x70, 0xE0,
    0x3F, 0x9F, 0xEF, 0xF3, 0xFF, 0xFE, 0xFF, 0xF8, 0xD8, 0x3F, 0x1F, 0x07, 0xE3, 0xD0, 0xFF, 0xE7,
    0x1F, 0xFC, 0x73, 0x71, 0x86, 0x6E, 0x30, 0xED, 0xC6, 0x0D, 0xB8, 0xC0, 0x37, 0x18, 0x06, 0xFF,
    0x00, 0xDF, 0xE1, 0xFB, 0x80, 0x3E, 0x00, 0x07, 0x80, 0x00, 0x60, 0x00, 0x06, 0x00, 0x0F, 0xFF,
    0x80, 0xFF, 0xF8, 0x0C, 0xE1, 0x80, 0xC7, 0x18, 0x7F, 0xFF, 0xF7, 0xFF, 0xFF, 0x0C, 0xC1, 0x81,
    0xCF, 0x18, 0x38, 0x37, 0x87, 0x00, 0x78, 0x3F, 0xFF, 0xC1, 0xFF, 0xFC, 0x19, 0x9C, 0xC1, 0x99,
    0xCC, 0x19, 0x9C, 0xC7, 0xFF, 0xFF, 0x7F, 0xFF, 0xF0, 0x00, 0x00, 0xFF, 0xFF, 0xFF, 0xFF, 0xFF,
    0xFE, 0x00, 0x7C, 0x00, 0xFF, 0xFF, 0xFF, 0xFF, 0xFF, 0xFF, 0xC0, 0x0F, 0x80, 0x1F, 0xFF, 0xFF,
    0xFF, 0xFF, 0xFF, 0xF8, 0x01, 0xF0, 0x03, 0xFF, 0xFF, 0xFF, 0xFF, 0xFF, 0xFF, 0x00, 0x38, 0x00,
    0x60, 0x00, 0x07, 0x00, 0x7F, 0xFF, 0xF7, 0xFF, 0xFF, 0x00, 0x60, 0x00, 0xFF, 0xF8, 0x0F, 0xFF,
    0x80, 0xC0, 0x18, 0x0F, 0xFF, 0x80, 0xFF, 0xF8, 0x0C, 0x01, 0x80, 0xFF, 0xF8, 0x0F, 0xFF, 0x80,
    0xC0, 0x18, 0x0F, 0xFF, 0x80, 0xFF, 0xF8, 0x0C, 0x01, 0x87, 0xFF, 0xFF, 0x7F, 0xFF, 0xF0, 0x00,
    0x00, 0x83, 0xFF, 0xFC, 0x3F, 0xFF, 0x00, 0x0C, 0x00, 0x3F, 0xFF, 0xE1, 0xFF, 0xFE, 0x01, 0x80,
    0x07, 0xFF, 0xFF, 0x7F, 0xFF, 0xF0, 0x7F, 0xF8, 0x0F, 0xFF, 0xC1, 0xE0, 0x1C, 0x3F, 0xFF, 0xC7,
    0x7F, 0xFC, 0x66, 0x01, 0xC0, 0x7F, 0xFC, 0x07, 0x01, 0xC0, 0x7F, 0xFC, 0x07, 0xFF, 0xC0, 0x60,
    0x0C, 0x7C, 0xFF, 0xCF, 0xFF, 0xFC, 0xFF, 0xC0, 0xCC, 0xFC, 0x0C, 0xCF, 0xFF, 0xCF, 0xFF, 0xFC,
    0xFF, 0xFF, 0xCC, 0xFC, 0xE0, 0xCF, 0xCE, 0x0F, 0xFF, 0xFE, 0xFF, 0xFF, 0xEC, 0xFC, 0x60, 0xCF,
    0xC6, 0x0F, 0xFC, 0x60, 0xFF, 0xC7, 0x2F, 0xDC, 0xB6, 0xC1, 0xFF, 0xE0, 0x1F, 0x9E, 0x01, 0x80,
    0xC0, 0x06, 0x03, 0x00, 0x70, 0x70, 0x1F, 0xFF, 0xC3, 0xFF, 0xFE, 0x1F, 0xFF, 0xC1, 0xFF, 0xFC,
    0x1F, 0xFF, 0xC0, 0x1C, 0x00, 0x7F, 0xFF, 0xF7, 0xFF, 0xFF, 0x07, 0xFF, 0x80, 0xFF, 0xFC, 0x1F,
    0x01, 0xC3, 0xFF, 0xFC, 0x7F, 0xFF, 0xC6, 0x7F, 0xFC, 0x07, 0xFF, 0xC0, 0x7F, 0xFC, 0x07, 0xFF,
    0xC0, 0x70, 0x0C, 0x00, 0x00, 0x8F, 0xBF, 0xFB, 0xF7, 0xFE, 0x7E, 0x06, 0x0C, 0xC0, 0xC1, 0x9F,
    0xFF, 0xFF, 0xFF, 0xFF, 0xE6, 0x6C, 0xCC, 0xCD, 0x99, 0xFF, 0xFF, 0xFF, 0xFF, 0xFE, 0x66, 0xCC,
    0xCC, 0xD9, 0x9F, 0xFF, 0xFF, 0xFF, 0xFF, 0xE0, 0x60, 0xFC, 0x0C, 0x18, 0x3F, 0xF8, 0x07, 0xFF,
    0x00, 0x7F, 0xC0, 0x30, 0x00, 0x03, 0x07, 0xFF, 0x30, 0x7F, 0xF3, 0xF8, 0x00, 0x7F, 0x80, 0x06,
    0xC3, 0xFE, 0x6C, 0x3F, 0xE6, 0xC3, 0x06, 0x7F, 0xB0, 0x67, 0xFB, 0x06, 0x7F, 0xBF, 0xE0, 0xC3,
    0xFE, 0x0E, 0x10, 0xC1, 0xE3, 0x8E, 0x1F, 0x18, 0xC1, 0xB9, 0x9C, 0x39, 0x9D, 0x87, 0x0F, 0xFF,
    0x60, 0xFF, 0xF0, 0x00, 0x00, 0x7F, 0x7F, 0xC7, 0xFF, 0xFC, 0x7F, 0x7F, 0xC1, 0x83, 0x0C, 0x18,
    0x30, 0xC3, 0x83, 0x1C, 0x30, 0x31, 0xC3, 0xF7, 0x1C, 0x7F, 0x7F, 0xFF, 0x37, 0xFF, 0xF3, 0x20,
    0x77, 0x30, 0x07, 0x33, 0xFF, 0xF3, 0x3F, 0xFF, 0x3F, 0x7F, 0x63, 0xF0, 0x06, 0x30, 0x00, 0xE3,
    0x00, 0x7E, 0x00, 0x03, 0xC0, 0x00, 0x18, 0x07, 0xF1, 0x80, 0x7F, 0xBF, 0xC1, 0x83, 0xFC, 0x18,
    0x73, 0x81, 0x8F, 0xFE, 0x39, 0xFF, 0xF3, 0x1F, 0xFF, 0x3F, 0x66, 0x77, 0xF7, 0xFF, 0x73, 0x7F,
    0xF7, 0x36, 0x67, 0x73, 0x66, 0x73, 0x37, 0xFF, 0x33, 0x7F, 0xF3, 0xFE, 0x67, 0x3F, 0xC6, 0x73,
    0x0C, 0x67, 0x31, 0xC7, 0xF0, 0x18, 0x0E, 0x1F, 0xFF, 0xC1, 0xFF, 0xFC, 0x00, 0x00, 0x00, 0x00,
    0x00, 0x00, 0x00, 0x07, 0xFF, 0xFF, 0x7F, 0xFF, 0xF0, 0x07, 0x00, 0x00, 0x71, 0x00, 0xE7, 0x38,
    0x1C, 0x71, 0xC1, 0xC7, 0x1C, 0x38, 0x70, 0xE7, 0x87, 0x0E, 0x70, 0x70, 0x76, 0x27, 0x06, 0x03,
    0xF0, 0x00, 0x3E, 0x00, 0x06, 0x03, 0x00, 0x60, 0x30, 0x7F, 0xFF, 0xE7, 0xFF, 0xFF, 0x0F, 0x07,
    0x81, 0xF8, 0xFC, 0x3F, 0xDF, 0xE7, 0x6F, 0xB7, 0x66, 0x33, 0x30, 0x60, 0x30, 0x1F, 0xFF, 0xC0,
    0xFF, 0xF8, 0x00, 0x00, 0x07, 0xFF, 0xFF, 0x7F, 0xFF, 0xF0, 0xE7, 0x30, 0x1C, 0x73, 0xC3, 0x87,
    0x1E, 0x73, 0xF0, 0x62, 0x1E, 0x00, 0x01, 0x06, 0x00, 0xF8, 0x60, 0x7F, 0x86, 0x07, 0xC0, 0x64,
    0x0C, 0x36, 0xC0, 0xC3, 0x6E, 0x7F, 0xF6, 0x6F, 0xFF, 0x67, 0x1E, 0x66, 0x31, 0xE6, 0x63, 0x1F,
    0x66, 0x43, 0xF8, 0x66, 0x7D, 0x86, 0xE6, 0xC0, 0x7C, 0xEC, 0x03, 0xC4, 0xC0, 0x78, 0x0C, 0x1F,
    0x00, 0xCF, 0xE0, 0x0D, 0xF8, 0x00, 0xCC, 0x00, 0x01, 0x18, 0x01, 0xFB, 0x80, 0x7F, 0x38, 0x07,
    0xC3, 0xFF, 0x0C, 0x3F, 0xF0, 0xC7, 0x77, 0x7F, 0xE7, 0x67, 0xFE, 0x76, 0x1C, 0xF7, 0xC1, 0xE3,
    0x7E, 0x1F, 0x37, 0xE3, 0xFF, 0x76, 0x3D, 0x77, 0x76, 0xC6, 0x77, 0xEC, 0xE7, 0x34, 0xCC, 0x73,
    0x0C, 0x47, 0x00, 0xC0, 0x70, 0x0C, 0x1E, 0x00, 0xC1, 0xE0, 0x00, 0x06, 0x01, 0xF0, 0xE0, 0x7F,
    0x1F, 0xE7, 0xC3, 0xFE, 0x0C, 0xF0, 0xC0, 0xCF, 0x9C, 0x7F, 0x1F, 0x87, 0xF9, 0xF0, 0x1C, 0xFF,
    0x01, 0xEF, 0x70, 0x3F, 0x0F, 0xF3, 0xF1, 0xFF, 0x3D, 0x78, 0x66, 0xCF, 0xCE, 0xEC, 0x4F, 0xC4,
    0xC0, 0x78, 0x0C, 0x0F, 0x00, 0xC3, 0xE0, 0x0C, 0xF8, 0x00, 0xCE, 0x00, 0x00, 0x00, 0x00, 0x7F,
    0xFF, 0x1F, 0xDF, 0xF8, 0xF8, 0xE0, 0xC0, 0xC7, 0x06, 0x06, 0x38, 0x31, 0xFF, 0xFF, 0x8F, 0xFF,
    0xFC, 0x1C, 0x00, 0x00, 0xF3, 0xFF, 0x87, 0xFF, 0xFC, 0x7F, 0xFF, 0xE7, 0xD8, 0x60, 0x36, 0x3F,
    0xF3, 0xB1, 0xFF, 0xC9, 0x80, 0xE0, 0x0C, 0x06, 0x00, 0x67, 0xFF, 0x83, 0x3F, 0xFC, 0x19, 0xFF,
    0xE0, 0x00, 0xC0, 0x00, 0x1C, 0x00, 0x03, 0x80, 0x7F, 0xFF, 0xFF, 0xFF, 0xFF, 0xC0, 0x01, 0xF9,
    0xC7, 0x3F, 0x78, 0xFA, 0x3E, 0x07, 0xCF, 0x00, 0x39, 0xFF, 0xFF, 0x1F, 0xFF, 0xC1, 0xFF, 0xF0,
    0x01, 0xC0, 0x00, 0x38, 0x00, 0x07, 0x00, 0x00, 0xE0, 0x1F, 0xFF, 0xFF, 0xFF, 0xFF, 0x80, 0x00,
    0xC0, 0x00, 0x18, 0x00, 0x03, 0x80, 0x00, 0x70, 0x07, 0xFF, 0xFC, 0xFF, 0xFF, 0x80, 0x00, 0x00,
    0x60, 0x30, 0x0C, 0x06, 0x01, 0xC1, 0xC0, 0x38, 0x38, 0x03, 0x06, 0x00, 0x60, 0xC0, 0x0C, 0x38,
    0x01, 0xC6, 0x00, 0x38, 0xC0, 0x02, 0x38, 0x1F, 0xFF, 0xFF, 0xFF, 0xFF, 0x80, 0x00, 0x00, 0x0C,
    0xDF, 0xF9, 0x9B, 0xFF, 0x33, 0x30, 0xC6, 0x67, 0x38, 0xCC, 0x6E, 0x19, 0x8F, 0xC3, 0x30, 0xF0,
    0x66, 0x7F, 0x0C, 0xFE, 0xFD, 0x9B, 0x87, 0x80, 0x70, 0x07, 0xFF, 0xFC, 0xFF, 0xFF, 0x83, 0x83,
    0x80, 0x70, 0x70, 0x06, 0x0C, 0x1F, 0xFF, 0xFF, 0xFF, 0xFF, 0xFF, 0xFF, 0xF0, 0x00, 0x60, 0x00,
    0x07, 0x00, 0x3F, 0xFF, 0xE3, 0xFF, 0xFE, 0x07, 0x07, 0x07, 0xFF, 0xFF, 0x7F, 0xFF, 0xF0, 0x00,
    0x00, 0x1F, 0xFF, 0xC1, 0xFF, 0xFC, 0x1F, 0xFF, 0xC1, 0xFF, 0xFC, 0x18, 0x01, 0xC1, 0xFF, 0xFC,
    0x1F, 0xFF, 0xC7, 0xFF, 0xFE, 0x7F, 0xFF, 0xF7, 0xFF, 0xFF, 0x00, 0x70, 0x00, 0x07, 0x00, 0x08,
    0x06, 0x01, 0x8E, 0x67, 0x1C, 0xE6, 0x70, 0xCE, 0x67, 0x7F, 0xE6, 0x77, 0xFF, 0xFF, 0x02, 0xFF,
    0xF6, 0x70, 0x00, 0x77, 0xFF, 0xF3, 0x7F, 0xFF, 0x36, 0x0E, 0x03, 0x6F, 0xFF, 0x36, 0xFF, 0xF3,
    0x6D, 0xBB, 0x3F, 0xDB, 0xB7, 0xFD, 0xBB, 0x7E, 0xDB, 0xB6, 0x0D, 0xBB, 0x00, 0xDB, 0xF0, 0x0D,
    0x9E, 0x18, 0x0C, 0x01, 0x81, 0xC0, 0x1F, 0xDF, 0xF3, 0xFF, 0xFF, 0x76, 0x33, 0x06, 0x77, 0x38,
    0x67, 0x21, 0x80, 0xE0, 0x18, 0x0E, 0x01, 0x81, 0xDF, 0xFF, 0x3D, 0xFF, 0xF7, 0xC4, 0x18, 0x7C,
    0xE1, 0x86, 0xC6, 0x18, 0x0C, 0x71, 0x80, 0xC3, 0x18, 0x0C, 0x01, 0x80, 0xC0, 0x18, 0x0C, 0x1F,
    0x80, 0xC0, 0xF0, 0x0C, 0x0C, 0x00, 0xC0, 0xC0, 0x1F, 0xFF, 0xF3, 0xFF, 0xFF, 0x73, 0x39, 0x87,
    0x33, 0x18, 0x3F, 0xFF, 0xC3, 0xFF, 0xFC, 0x00, 0x60, 0xC1, 0xFF, 0xFC, 0x1F, 0xFF, 0xC1, 0x87,
    0x00, 0x18, 0x70, 0x41, 0xFF, 0xFE, 0x1F, 0xFF, 0xE0, 0x3E, 0x0E, 0x07, 0x60, 0xE1, 0xE6, 0x7C,
    0x7C, 0x67, 0xC3, 0x06, 0x00, 0x1C, 0x0C, 0x00, 0xE0, 0xE0, 0x07, 0xFF, 0xFC, 0x7F, 0xFF, 0xE7,
    0x77, 0x38, 0x3B, 0xB8, 0xC1, 0x8B, 0xE6, 0x00, 0x7B, 0xC0, 0x0F, 0x8F, 0x81, 0xFF, 0xFF, 0x9E,
    0xFF, 0xBC, 0xC0, 0x00, 0x40, 0xC6, 0x18, 0x06, 0x38, 0xC0, 0x39, 0xCE, 0x00, 0xC6, 0xE0, 0x06,
    0x27, 0x03, 0xFF, 0xFF, 0x9F, 0xFF, 0xFC, 0x7F, 0xFF, 0xC0, 0x18, 0x18, 0x07, 0x03, 0x00, 0xFF,
    0xFF, 0xBF, 0xFF, 0xFE, 0x67, 0x71, 0xCC, 0xC6, 0x0C, 0xFF, 0xF1, 0xDF, 0xFE, 0x7F, 0xFF, 0xCD,
    0x00, 0x19, 0x9F, 0xF3, 0x33, 0xFE, 0x66, 0x71, 0xCC, 0xCF, 0xF9, 0x99, 0xC7, 0x33, 0x38, 0xE6,
    0x67, 0xFC, 0xCC, 0x7F, 0x19, 0x80, 0x1F, 0x30, 0x03, 0xC0, 0x18, 0x0C, 0x01, 0x81, 0xC0, 0x3F,
    0xFF, 0xF7, 0xFF, 0xFF, 0x67, 0x73, 0x87, 0xFF, 0xFC, 0x1F, 0xFF, 0xC1, 0xFF, 0xFC, 0x1F, 0xFF,
    0xC1, 0xFF, 0xFC, 0x1F, 0xFF, 0xC1, 0xC0, 0x1C, 0x1F, 0xFF, 0xC0, 0x38, 0x60, 0x7F, 0xFF, 0xE7,
    0xFF, 0xFF, 0x3F, 0xFF, 0xE1, 0xE0, 0x60, 0x7C, 0x06, 0x03, 0x00, 0x60, 0x18, 0x0C, 0x01, 0x80,
    0xC0, 0x3F, 0xDF, 0xF3, 0xFF, 0xFF, 0x73, 0x31, 0x86, 0x36, 0x18, 0x3F, 0xFF, 0xE3, 0xFF, 0xFE,
    0x37, 0xFF, 0x63, 0xFF, 0xFE, 0x0C, 0x01, 0x80, 0xFF, 0xF8, 0x0F, 0xFF, 0x80, 0xC0, 0x00, 0x0F,
    0xFF, 0xC0, 0xFF, 0xFC, 0x0C, 0x00, 0xC0, 0xFF, 0xFC, 0x0F, 0xFF, 0xC0, 0xC0, 0x0C, 0x0C, 0x0C,
    0x01, 0xC1, 0xC0, 0x1F, 0xFF, 0xF3, 0xFF, 0xFF, 0x73, 0x71, 0x86, 0x63, 0x78, 0x07, 0x07, 0x07,
    0xFF, 0xFF, 0x7F, 0xFF, 0xF3, 0xFC, 0x0E, 0x3F, 0xCC, 0xE3, 0x8C, 0xCE, 0x3F, 0xCC, 0xE3, 0xFC,
    0xCE, 0x38, 0xCC, 0xE3, 0xFC, 0xCE, 0x3F, 0xCC, 0xE3, 0x8C, 0x0E, 0x3B, 0xC3, 0xE3, 0xBC, 0x3C,
    0x0C, 0x0C, 0x01, 0xC0, 0xC0, 0x1F, 0xDF, 0xF3, 0xFF, 0xFF, 0x73, 0x3B, 0x86, 0xF3, 0xDC, 0x7F,
    0xBF, 0xE7, 0xFF, 0xFF, 0x0C, 0x1C, 0xC3, 0xF9, 0xCC, 0x3F, 0xFF, 0xF7, 0xFF, 0xFF, 0x7F, 0xBF,
    0xE1, 0xE3, 0xFE, 0x1F, 0x38, 0x63, 0xFB, 0xFE, 0x7D, 0xFF, 0xE6, 0xC3, 0x86, 0x4C, 0x3F, 0xE0,
    0xC3, 0x86, 0x0C, 0x00, 0x02, 0xCB, 0xFE, 0x6D, 0xFF, 0xE6, 0xDB, 0x0E, 0x3D, 0xB0, 0xE3, 0xFB,
    0x0E, 0x3F, 0x3F, 0xE7, 0xFB, 0xFE, 0x7F, 0xBF, 0xE1, 0xE3, 0x0E, 0x1E, 0x30, 0xE1, 0xF3, 0x0E,
    0x3F, 0xBF, 0xE3, 0xDB, 0xFE, 0x7D, 0xB0, 0xE6, 0xC3, 0x0E, 0x6C, 0x30, 0xE0, 0xCF, 0xFF, 0x0C,
    0xFF, 0xF0, 0xCF, 0xFF, 0x00, 0x01, 0x00, 0x3F, 0xF1, 0xFF, 0xFC, 0x3F, 0xE0, 0x00, 0x38, 0x40,
    0x1E, 0x3C, 0x07, 0xFF, 0x01, 0xFF, 0x80, 0x3F, 0xE6, 0x00, 0xF0, 0xE0, 0x7F, 0xFE, 0x3F, 0xFF,
    0xE7, 0xFE, 0x0C, 0x19, 0xD8, 0x87, 0x3B, 0xC1, 0xE7, 0x3C, 0x78, 0xE1, 0xDE, 0x1C, 0x1D, 0x0F,
    0x81, 0x01, 0xE0, 0x00, 0x00, 0xE0, 0x00, 0x1C, 0x03, 0xFF, 0xFF, 0xFF, 0xFF, 0xF0, 0x0E, 0x01,
    0xFF, 0xFF, 0xFF, 0xFF, 0xFE, 0x0E, 0x07, 0xC7, 0x8C, 0x7B, 0xFF, 0x8C, 0xFF, 0xD8, 0x0F, 0xE3,
    0x81, 0xF1, 0xF8, 0xFF, 0xFF, 0x9F, 0xF8, 0x30, 0x63, 0x70, 0x1C, 0x67, 0x8F, 0x0C, 0x7B, 0xCF,
    0x83, 0x81, 0xE0, 0x00, 0x04, 0x00, 0x0D, 0xDF, 0xF9, 0xBB, 0xFF, 0x37, 0x39, 0xC6, 0xE3, 0xF0,
    0xDC, 0x7E, 0x1B, 0x8F, 0xC3, 0x7F, 0xFF, 0x0F, 0xE3, 0xC1, 0xE3, 0x00, 0xFF, 0xF0, 0x0F, 0xFB,
    0x01, 0xFC, 0x70, 0xFF, 0xFF, 0x9F, 0xFF, 0xF3, 0xE7, 0x26, 0x1E, 0xEF, 0x0F, 0x9C, 0xFB, 0xCF,
    0x87, 0x21, 0xE0, 0x60, 0x04, 0x0C, 0x00, 0x70, 0x6E, 0x03, 0x03, 0x78, 0x38, 0x18, 0x81, 0x80,
    0xFE, 0x1D, 0xFF, 0xF0, 0xCD, 0xF8, 0x0F, 0xE1, 0xC0, 0x7E, 0x0F, 0xF0, 0x63, 0xFF, 0x87, 0x3F,
    0xC0, 0x7E, 0xCC, 0xE7, 0xF0, 0x6E, 0x3E, 0x03, 0xF0, 0x00, 0x1F, 0x00, 0xF0, 0xF0, 0x7F, 0x1F,
    0xB3, 0xE7, 0xFF, 0x98, 0x3C, 0x7C, 0x00, 0x81, 0xC0, 0x04, 0x00, 0x00, 0xE7, 0xFF, 0x0C, 0x7F,
    0xF1, 0xC7, 0xFF, 0x18, 0x66, 0x73, 0x9E, 0x67, 0x73, 0xE6, 0x7F, 0xF6, 0x67, 0x7E, 0x66, 0x70,
    0xE7, 0xFF, 0x1C, 0x7F, 0xF3, 0xFE, 0x67, 0x7F, 0xE6, 0x77, 0xE6, 0x67, 0x00, 0x66, 0x70, 0x3E,
    0x67, 0x7F, 0xFF, 0xFF, 0xF7, 0xFF, 0x60, 0x60, 0x70, 0x06, 0x02, 0x0C, 0x0C, 0x00, 0x60, 0xE0,
    0x07, 0x07, 0xF0, 0x38, 0x7F, 0xC3, 0x87, 0x8E, 0x19, 0xFC, 0xE1, 0xDF, 0x7E, 0x1F, 0xC1, 0xE0,
    0x7E, 0x0F, 0x00, 0xE1, 0xFE, 0x06, 0x3E, 0x7C, 0x7F, 0xD8, 0xE7, 0xF4, 0xF0, 0x3F, 0x03, 0xC0,
    0x00, 0x06, 0x00, 0x67, 0x00, 0x7F, 0xFE, 0x07, 0xF0, 0x7E, 0x18, 0x00, 0xF8, 0x00, 0x00, 0x80,
    0x08, 0x06, 0x00, 0xC0, 0x60, 0x1C, 0x06, 0x01, 0xCF, 0xFF, 0x38, 0xFF, 0xF3, 0x30, 0x60, 0x73,
    0x06, 0x0F, 0xF0, 0x60, 0x7E, 0x7F, 0xF1, 0xC7, 0xFF, 0x18, 0x00, 0x03, 0xFB, 0xFE, 0x7F, 0xFF,
    0xE7, 0xC7, 0xFE, 0x00, 0x70, 0x60, 0x3F, 0x06, 0x7F, 0xF0, 0x6F, 0xF7, 0xFE, 0x60, 0x7F, 0xE0,
    0x07, 0x06, 0x00, 0x18, 0x00, 0x60, 0xC0, 0x03, 0x0F, 0xF8, 0x38, 0x7F, 0xC1, 0x87, 0x0E, 0x1D,
    0xFC, 0x61, 0xCF, 0x77, 0x0F, 0xF1, 0xF0, 0x7E, 0x0F, 0x00, 0x61, 0xFE, 0x06, 0x3E, 0x7C, 0x7F,
    0xFF, 0xE7, 0xF7, 0xFE, 0x3C, 0x3F, 0xF0, 0x01, 0xC1, 0x80, 0xEE, 0x0C, 0x7F, 0x70, 0x63, 0xE3,
    0xFF, 0x10, 0x1F, 0xF8, 0x00, 0xC0, 0xC0, 0x0C, 0x04, 0x00, 0xE0, 0xE0, 0x0C, 0x06, 0x01, 0xCF,
    0xFF, 0x18, 0xFF, 0xF3, 0xB1, 0xC0, 0x77, 0x19, 0xCF, 0xE3, 0x8C, 0x7E, 0x7F, 0xE1, 0xCF, 0xFF,
    0x18, 0xFB, 0x33, 0xF3, 0xB8, 0x7F, 0x33, 0x87, 0x83, 0x38, 0x00, 0x33, 0x80, 0xF7, 0x3B, 0x7F,
    0x73, 0xB7, 0x8E, 0x3F, 0x41, 0xC3, 0xF0, 0x18, 0x0E, 0x08, 0x03, 0x00, 0xCC, 0x30, 0x1C, 0xDB,
    0x31, 0x8D, 0xB6, 0x18, 0xDB, 0x63, 0x3C, 0xFC, 0x77, 0xCB, 0x07, 0xEF, 0xFF, 0x7E, 0xFF, 0xF1,
    0xCC, 0x78, 0x18, 0xC7, 0xC3, 0xFC, 0xFE, 0x7F, 0xDF, 0x77, 0xCF, 0xB3, 0x00, 0xD3, 0x00, 0x7C,
    0x30, 0x7F, 0xC3, 0x07, 0xCF, 0xFF, 0x40, 0xFF, 0xF0, 0x08, 0x0C, 0x00, 0xC0, 0xC2, 0x0C, 0x0C,
    0x71, 0x87, 0xFE, 0x18, 0x7F, 0xE3, 0x30, 0xDC, 0x73, 0x0F, 0x87, 0xFF, 0xFF, 0x7E, 0xFF, 0xF0,
    0xC1, 0xC0, 0x18, 0x3F, 0xE3, 0xFF, 0xFE, 0x7F, 0xF0, 0x67, 0xCB, 0x06, 0x00, 0x3F, 0xE0, 0x73,
    0xFE, 0x7F, 0x30, 0x67, 0xC3, 0xFE, 0x40, 0x3F, 0xE0, 0x03, 0x06, 0x04, 0x06, 0x00, 0xC0, 0x60,
    0x0C, 0x7F, 0xE1, 0xC7, 0xFE, 0x18, 0x06, 0x03, 0x3F, 0xFE, 0x37, 0xFF, 0xF7, 0xE0, 0x26, 0x7E,
    0x36, 0x61, 0xC1, 0xE6, 0x18, 0xEE, 0x03, 0xF7, 0x60, 0x7F, 0xFF, 0xF7, 0x8F, 0xFF, 0x03, 0xFF,
    0xE0, 0xF1, 0xF8, 0x7E, 0x39, 0xC7, 0x07, 0x8E, 0x01, 0xE0, 0x70, 0x0C, 0x03, 0x08, 0x10, 0x00,
    0xC1, 0xB0, 0x0C, 0x3B, 0x81, 0x83, 0x18, 0x18, 0x7F, 0xF3, 0x37, 0xFF, 0x77, 0xF3, 0x07, 0xFF,
    0x30, 0x7E, 0xFF, 0xE0, 0xC7, 0xFE, 0x18, 0x73, 0x03, 0xF7, 0x30, 0x7F, 0x7F, 0xE7, 0xC7, 0xFF,
    0x00, 0x73, 0x00, 0x77, 0x30, 0x7F, 0x7F, 0xF7, 0xC7, 0xFF, 0x40, 0x7F, 0xF0, 0x07, 0x00, 0x0C,
    0x00, 0x60, 0x67, 0xFF, 0x07, 0x3F, 0xF0, 0x38, 0xD8, 0xC3, 0x86, 0xEE, 0x19, 0xB3, 0x61, 0xDF,
    0xFF, 0xDF, 0xDF, 0xFE, 0x7E, 0x38, 0x00, 0xEF, 0xFF, 0x86, 0x7F, 0xFC, 0x7E, 0x7F, 0x87, 0xF7,
    0xFE, 0x3E, 0x3F, 0xE0, 0x01, 0xE7, 0x01, 0xFF, 0xF0, 0x7F, 0xCF, 0x87, 0xCE, 0xFF, 0x10, 0xFF,
    0x7C, 0x02, 0xE0, 0xE0, 0x08, 0x06, 0x00, 0xC0, 0x60, 0x1C, 0x7F, 0xE1, 0x8F, 0xFF, 0x38, 0xE0,
    0x73, 0x3E, 0x07, 0x76, 0xFF, 0xF7, 0xEF, 0xFE, 0x7C, 0xC0, 0x01, 0xCF, 0xFF, 0x18, 0xFF, 0xF3,
    0xEF, 0x5B, 0x7E, 0xF5, 0xB7, 0x8F, 0xFF, 0x02, 0xFF, 0xF1, 0xFF, 0x7B, 0x7F, 0xB5, 0xB7, 0x1B,
    0x5B, 0x43, 0xB5, 0xF0, 0x03, 0x06, 0x08, 0x06, 0x00, 0x6C, 0x30, 0x07, 0x63, 0xF8, 0x33, 0xBF,
    0xC3, 0x8F, 0xEC, 0x1B, 0x6B, 0xE1, 0xD8, 0x1E, 0x0F, 0xC7, 0xFE, 0x7F, 0xFF, 0x70, 0xEE, 0xFF,
    0x06, 0x37, 0xF8, 0x6D, 0x9F, 0x87, 0xED, 0xFE, 0x3C, 0x61, 0x80, 0x03, 0xFF, 0xC1, 0xFF, 0xFE,
    0x7F, 0xE3, 0x03, 0xDF, 0xFB, 0x90, 0xC7, 0xFC, 0x02, 0x0F, 0xC0, 0x08, 0x0C, 0x00, 0xC0, 0xE0,
    0x1D, 0xFF, 0xF1, 0xDF, 0xFF, 0x19, 0xC0, 0x33, 0x3E, 0x03, 0x77, 0x7F, 0xF7, 0xE7, 0xFF, 0x7C,
    0xE3, 0x01, 0xCE, 0xFE, 0x19, 0xFF, 0xF3, 0xFF, 0xC7, 0x7F, 0xFC, 0x77, 0x8F, 0xFF, 0x02, 0xFF,
    0xF0, 0xFF, 0xC7, 0x7E, 0xFC, 0x77, 0x8F, 0xFF, 0x40, 0xFF, 0xF0, 0x0F, 0xC7, 0x7F, 0xFF, 0xDF,
    0xFF, 0xFB, 0xFF, 0xFF, 0x70, 0xC2, 0x6E, 0x18, 0x6D, 0xF3, 0xCD, 0xBF, 0xFF, 0xB7, 0x79, 0xE6,
    0xE7, 0x1C, 0xDC, 0xE3, 0x9B, 0x9E, 0x73, 0x73, 0xCF, 0x6E, 0xFF, 0xFD, 0xD9, 0x67, 0xBE, 0x18,
    0x37, 0xC7, 0x06, 0xE0, 0x00, 0xDC, 0x00, 0xF9, 0x80, 0x1F, 0x00, 0x7F, 0xFF, 0xCF, 0xFF, 0xF9,
    0x8C, 0x63, 0x3F, 0xFF, 0xE7, 0xFF, 0xFD, 0xFF, 0xFF, 0xBF, 0xFF, 0xF8, 0x06, 0x00, 0x3F, 0xFF,
    0x07, 0xFF, 0xE0, 0xFF, 0xFC, 0x1F, 0xFF, 0x83, 0xFF, 0xF0, 0x7F, 0xFE, 0x0F, 0xFF, 0xC1, 0xFF,
    0xF8, 0xFF, 0xFF, 0xFF, 0xFF, 0xFC, 0x00, 0x00, 0x00, 0x00, 0x80, 0x07, 0xFF, 0xFF, 0x7F, 0xBF,
    0xF3, 0x6C, 0x63, 0x37, 0x86, 0x37, 0xFF, 0x7B, 0x7F, 0xDF, 0xB1, 0xF1, 0xEF, 0x3F, 0xDE, 0xF7,
    0x6E, 0xE3, 0x66, 0x46, 0x77, 0xFC, 0xEF, 0x7F, 0xDF, 0xF6, 0x6F, 0xFB, 0x7F, 0xF7, 0x37, 0xFC,
    0x63, 0x66, 0xC6, 0x37, 0xFC, 0x63, 0x7F, 0xDE, 0xF6, 0x0D, 0xCE, 0x00, 0xC0, 0x00, 0x0C, 0x06,
    0x00, 0xC0, 0xE1, 0xFF, 0xFC, 0x1F, 0xFF, 0x80, 0x0C, 0x70, 0x00, 0xDE, 0x07, 0xFF, 0xFF, 0x7F,
    0xFF, 0xF0, 0x1E, 0x00, 0x07, 0xFF, 0x81, 0xFF, 0xFC, 0x7F, 0xFF, 0xC7, 0x70, 0x1C, 0x07, 0xFF,
    0xC0, 0x7F, 0xFC, 0x07, 0x01, 0xC0, 0x7F, 0xFC, 0x07, 0xFF, 0xC0, 0x70, 0x1C, 0x18, 0x30, 0x03,
    0x83, 0x80, 0x3F, 0x39, 0xC7, 0x3B, 0xFC, 0xFF, 0xBF, 0x0F, 0xFF, 0x80, 0xF1, 0xF8, 0x60, 0x13,
    0x86, 0x7F, 0xBF, 0xE7, 0xF9, 0xFC, 0x63, 0xB8, 0x07, 0xFB, 0x8C, 0x7F, 0xBB, 0xC6, 0x3B, 0xF8,
    0x7F, 0xBE, 0x07, 0xFB, 0x86, 0x63, 0xB8, 0x66, 0x3B, 0x86, 0x6F, 0xBF, 0xE6, 0x71, 0xFC, 0x00,
    0x0C, 0x03, 0xF0, 0xC0, 0x7F, 0x0E, 0x07, 0x3F, 0xFF, 0x73, 0xFF, 0xF7, 0x3F, 0xFF, 0x7F, 0x41,
    0xA7, 0xFF, 0xB6, 0x73, 0xDB, 0x67, 0x3C, 0xF6, 0x73, 0xCE, 0x67, 0xFC, 0x66, 0x7F, 0xCF, 0x66,
    0x3D, 0xFE, 0x63, 0xF9, 0xE6, 0x3F, 0x16, 0x63, 0xC0, 0x66, 0x3F, 0xFE, 0xEF, 0xFF, 0xE4, 0xE0,
    0x06, 0x00, 0x20, 0x07, 0xE3, 0x3E, 0x7E, 0x33, 0xF6, 0x6F, 0xBF, 0x67, 0xFF, 0x36, 0x6F, 0xF3,
    0x7E, 0x33, 0x37, 0xE3, 0x33, 0x67, 0xFF, 0x36, 0x7F, 0xF3, 0x66, 0xFF, 0x37, 0xE6, 0x33, 0x7E,
    0x7B, 0x36, 0x6D, 0xB3, 0x66, 0xCF, 0xF6, 0x7F, 0xFF, 0x67, 0xFF, 0x06, 0x78, 0xF0, 0xDE, 0x03,
    0x04, 0xC0, 0x30, 0x03, 0x00, 0x06, 0x00, 0x0C, 0x07, 0xFF, 0xFF, 0xFF, 0xF8, 0x00, 0xF0, 0x01,
    0xF0, 0x03, 0xFF, 0xFF, 0xFF, 0xFF, 0x00, 0x1E, 0x00, 0x3F, 0xFF, 0xFF, 0xFF, 0xF0, 0x01, 0xE0,
    0x03, 0xC0, 0x07, 0xFF, 0xFF, 0xFF, 0xFE, 0x00, 0x30, 0xFF, 0xFF, 0xDF, 0xFF, 0xFD, 0xFF, 0xFF,
    0x07, 0x8E, 0x00, 0xE1, 0xE0, 0x78, 0x0E, 0x1F, 0xFF, 0xE3, 0xFF, 0xFE, 0x20, 0xE0, 0xC0, 0x1C,
    0x00, 0x03, 0x80, 0x1F, 0xFF, 0xC3, 0xFF, 0xF8, 0x01, 0xC0, 0x00, 0x38, 0x00, 0x07, 0x00, 0xFF,
    0xFF, 0xFF, 0xFF, 0xFC, 0x01, 0x80, 0x00, 0x1C, 0x00, 0x01, 0xFF, 0x80, 0x0F, 0xFC, 0x00, 0xE1,
    0xC0, 0x0E, 0x1C, 0x01, 0xFF, 0xFF, 0x0F, 0xFF, 0xF8, 0x7C, 0x70, 0xC0, 0xE3, 0x86, 0x07, 0x1C,
    0x30, 0x3F, 0xFF, 0x81, 0xFF, 0xFC, 0x0E, 0x00, 0x60, 0x70, 0x00, 0x83, 0x80, 0x06, 0x1C, 0x00,
    0x30, 0xFF, 0xFF, 0x83, 0xFF, 0xF8, 0x0F, 0xFF, 0x80, 0x06, 0x0C, 0x00, 0xC1, 0x83, 0xFF, 0xFF,
    0xFF, 0xFF, 0xFF, 0xFF, 0xFE, 0x0C, 0x18, 0x01, 0x83, 0x03, 0xFF, 0xF8, 0x7F, 0xFF, 0x8F, 0xFF,
    0xF0, 0x0E, 0x06, 0x01, 0xC0, 0xC0, 0x38, 0x18, 0x07, 0x03, 0x00, 0xE0, 0x60, 0x1C, 0xFC, 0x03,
    0x9F, 0x80, 0x70, 0x00, 0x0E, 0x00, 0x01, 0xC0, 0x00, 0x03, 0x06, 0x00, 0x70, 0x60, 0x7F, 0xFF,
    0xF7, 0xFF, 0xFF, 0x07, 0x06, 0x00, 0x7E, 0x60, 0x00, 0xE0, 0x07, 0xFF, 0xFF, 0x7F, 0xFF, 0xF7,
    0xFF, 0xFF, 0x03, 0x80, 0x00, 0x7F, 0xFC, 0x0F, 0xFF, 0xC1, 0xFF, 0xFC, 0x7E, 0x00, 0xC7, 0x60,
    0x0C, 0x66, 0x00, 0xC0, 0x7F, 0xFC, 0x07, 0xFF, 0xC0, 0x60, 0x0C, 0x07, 0x06, 0x00, 0x38, 0x30,
    0x1F, 0xFF, 0xFC, 0xFF, 0xFF, 0xE0, 0x70, 0x60, 0x03, 0xBB, 0x00, 0x01, 0xC0, 0x03, 0xFF, 0xF8,
    0x1F, 0xFF, 0xC0, 0xC3, 0x86, 0x06, 0x1C, 0x30, 0x30, 0xE1, 0x87, 0xFF, 0xFF, 0x3F, 0xFF, 0xF8,
    0x03, 0xE0, 0x00, 0x3B, 0x80, 0x07, 0x8F, 0x01, 0xF8, 0x3F, 0x1F, 0x80, 0xFC, 0xE0, 0x00, 0xE0,
    0x06, 0x0C, 0x00, 0xC1, 0x83, 0xFF, 0xFF, 0xFF, 0xFF, 0xF0, 0x60, 0xC0, 0x0C, 0x18, 0x1C, 0x3F,
    0xE1, 0xEF, 0xFE, 0x1D, 0xFF, 0xC0, 0x38, 0x3B, 0x87, 0x07, 0x7C, 0xE0, 0xE3, 0x9C, 0xF8, 0x0B,
    0x9F, 0x03, 0xF0, 0x00, 0xEE, 0x03, 0x39, 0xC0, 0x6E, 0x3F, 0xFF, 0x83, 0xFF, 0xA0, 0x3F, 0xC0,
    0x07, 0x06, 0x00, 0x70, 0x60, 0x7F, 0xFF, 0xF7, 0xFF, 0xFF, 0x07, 0xC6, 0x00, 0x3C, 0x60, 0x7F,
    0xFF, 0xF7, 0xFF, 0xFF, 0x07, 0x00, 0x00, 0xEF, 0xFC, 0x1E, 0xFF, 0xC3, 0xC0, 0x78, 0x7C, 0x0F,
    0x0F, 0xDF, 0xFF, 0x4D, 0xFF, 0xF0, 0xC0, 0xE0, 0x0C, 0x0E, 0x00, 0xC0, 0xE0, 0x0C, 0x3E, 0x00,
    0xC3, 0xC0, 0x03, 0x06, 0x00, 0x30, 0x60, 0x7F, 0xFF, 0xF7, 0xFF, 0xFF, 0x03, 0x06, 0x03, 0x30,
    0x60, 0x3F, 0x0F, 0xC1, 0xE0, 0xEE, 0x3E, 0x0E, 0x67, 0xEF, 0xFF, 0x66, 0xFF, 0xF0, 0x70, 0xE0,
    0x0F, 0x0E, 0x03, 0xF1, 0xF0, 0x77, 0x1F, 0x06, 0x73, 0xB8, 0x06, 0x71, 0xC0, 0x6F, 0x0E, 0x3F,
    0xE0, 0x73, 0xC8, 0x02, 0x03, 0x06, 0x00, 0x18, 0x30, 0x1F, 0xFF, 0xFC, 0xFF, 0xFF, 0xE0, 0x30,
    0x78, 0x07, 0xFF, 0xE0, 0xFF, 0xFE, 0x07, 0xF8, 0x18, 0x18, 0x60, 0xC0, 0xE3, 0x0E, 0x03, 0x18,
    0xE0, 0x18, 0xE2, 0x07, 0xFF, 0xFF, 0x3F, 0xFF, 0xF8, 0x07, 0xF0, 0x00, 0xFF, 0xC0, 0x1F, 0x77,
    0xC3, 0xE3, 0x8F, 0x9E, 0x1C, 0x3C, 0x00, 0xE0, 0x00, 0x03, 0x06, 0x00, 0x18, 0x30, 0x1F, 0xFF,
    0xFC, 0xFF, 0xFF, 0xE0, 0x33, 0x60, 0x1D, 0x18, 0x00, 0x79, 0xFF, 0x81, 0xDF, 0xF8, 0x01, 0xF3,
    0xC3, 0x9D, 0xFC, 0x1E, 0x47, 0xC0, 0x30, 0xFF, 0x80, 0x3F, 0x1F, 0x03, 0xFF, 0xF8, 0x3B, 0xFF,
    0x03, 0x98, 0x18, 0x38, 0xC0, 0xC1, 0xC7, 0xFE, 0x1C, 0x3F, 0xF0, 0x41, 0x81, 0x80, 0x03, 0x06,
    0x00, 0x30, 0x60, 0x7F, 0xFF, 0xF7, 0xFF, 0xFF, 0x03, 0x0E, 0x00, 0x31, 0xC0, 0x3B, 0x9F, 0xE3,
    0xB9, 0xFE, 0x3B, 0xBA, 0x03, 0xBB, 0x30, 0x3B, 0xF3, 0x83, 0xBA, 0x18, 0x03, 0x01, 0x81, 0xFF,
    0xFC, 0x1F, 0xFF, 0xC1, 0x98, 0xCC, 0x19, 0x8C, 0xC7, 0xFF, 0xFF, 0x7F, 0xFF, 0xF0, 0x00, 0x00,
    0x03, 0x06, 0x00, 0x18, 0x70, 0x1F, 0xFF, 0xFC, 0xFF, 0xFF, 0xE0, 0x30, 0x6E, 0x13, 0xFF, 0xF9,
    0xBF, 0xFF, 0xCD, 0xC0, 0xE0, 0x6D, 0xFF, 0x63, 0xEF, 0xFB, 0x1F, 0x7E, 0xF8, 0x1B, 0xFF, 0x87,
    0xD8, 0xFC, 0x3E, 0xFF, 0xE0, 0xF7, 0xFE, 0x05, 0xB6, 0x70, 0x6D, 0xFF, 0x93, 0x6F, 0xFF, 0x9F,
    0x67, 0x3C, 0x90, 0x10, 0xE0, 0x06, 0x00, 0x00, 0xE7, 0xFE, 0x1E, 0x7F, 0xF3, 0xC7, 0xFF, 0x78,
    0x00, 0x06, 0x30, 0x00, 0x47, 0x00, 0x00, 0xEF, 0xFF, 0x1C, 0xFF, 0xF3, 0xC7, 0xFF, 0x7C, 0x01,
    0x8F, 0xC0, 0x18, 0x6C, 0x01, 0x80, 0xC0, 0x18, 0x0C, 0x01, 0x80, 0xC0, 0x18, 0x0C, 0x01, 0x80,
    0xC0, 0x18, 0x0C, 0x1F, 0x80, 0xC1, 0xF0, 0x00, 0x60, 0x00, 0x03, 0x80, 0x0F, 0xFF, 0xF8, 0x7F,
    0xFF, 0xC0, 0x07, 0x00, 0x0F, 0xFF, 0xE0, 0x7F, 0xFF, 0x00, 0x0E, 0x00, 0x7F, 0xFF, 0xF3, 0xFF,
    0xFF, 0x80, 0x7C, 0x00, 0x07, 0x31, 0xC0, 0xF1, 0xDC, 0x1F, 0x07, 0xC1, 0xF8, 0x3C, 0x0C, 0xC0,
    0xF0, 0x06, 0x7B, 0xC0, 0x3F, 0x8F, 0x83, 0xF0, 0x1C, 0x08, 0x00, 0x00, 0x10, 0x06, 0x00, 0xC0,
    0x30, 0x07, 0x01, 0x80, 0x18, 0xFF, 0xEF, 0xFF, 0xFF, 0x3F, 0xF3, 0x38, 0x1B, 0x99, 0x81, 0xDC,
    0xCC, 0x0D, 0xFF, 0xE0, 0xFF, 0xFF, 0x0F, 0xBC, 0x18, 0xFD, 0xF1, 0xCF, 0xFD, 0x8C, 0x2F, 0xE6,
    0xE0, 0x73, 0x3E, 0x03, 0x98, 0xE0, 0x1D, 0xCF, 0x80, 0xED, 0xEF, 0x07, 0xFE, 0x3C, 0x32, 0xC0,
    0x60, 0x03, 0x0C, 0x00, 0x18, 0x6C, 0x0F, 0xFB, 0x70, 0x7F, 0xFD, 0xC0, 0x30, 0xE6, 0x01, 0x87,
    0x01, 0xFF, 0xFF, 0xCF, 0xFF, 0xFE, 0x03, 0x06, 0x41, 0xFF, 0x33, 0x1F, 0xFD, 0xB8, 0x7F, 0xED,
    0x80, 0xF7, 0x7C, 0x1F, 0xF3, 0xC1, 0xF7, 0x1E, 0x0D, 0x9E, 0xE6, 0x0F, 0xBF, 0xB0, 0xFC, 0xEF,
    0x87, 0x0E, 0x7C, 0x00, 0x60, 0xC0, 0x06, 0x06, 0x01, 0x38, 0x30, 0x1D, 0xC1, 0x80, 0x7F, 0xFF,
    0xE1, 0xFF, 0xFF, 0x03, 0x83, 0x00, 0x7C, 0x18, 0x0F, 0xE1, 0xC0, 0x77, 0xFF, 0xF0, 0x3F, 0xFF,
    0x01, 0x9C, 0x00, 0xFF, 0xFF, 0xE7, 0xFF, 0xFF, 0x01, 0xFC, 0x60, 0x3E, 0x77, 0x8F, 0xC1, 0xF0,
    0x7E, 0x1F, 0x00, 0x3F, 0x9F, 0x03, 0xFC, 0x7C, 0x1C, 0x00, 0x60, 0x10, 0x00, 0x01, 0xC0, 0x7F,
    0x06, 0x77, 0xF8, 0x19, 0xB8, 0xC7, 0xEF, 0xFE, 0x3F, 0x3F, 0xF0, 0x38, 0x71, 0x81, 0xBB, 0x8C,
    0x1F, 0xFF, 0xE0, 0xF7, 0xFF, 0x0F, 0xBF, 0xCC, 0xFD, 0xFF, 0xCF, 0xEF, 0xDC, 0x2D, 0x7E, 0xF0,
    0x63, 0xFD, 0x83, 0x1F, 0xCE, 0x18, 0xF0, 0x00, 0xCF, 0xE1, 0x86, 0xE7, 0xFC, 0x32, 0x0F, 0xE0,
    0xFF, 0xFF, 0xFF, 0xFF, 0xFC, 0x0C, 0x60, 0x3F, 0xFF, 0xE7, 0xFF, 0xFC, 0xC6, 0x33, 0x98, 0xC6,
    0x73, 0xFF, 0xFE, 0x7F, 0xFF, 0xC0, 0x70, 0x03, 0xFF, 0xFF, 0xFF, 0xFF, 0xFF, 0xFF, 0xFE, 0x18,
    0x38, 0x07, 0xFF, 0x00, 0x7F, 0xC0, 0x0F, 0xFF, 0x9F, 0xF1, 0xF9, 0xE0, 0x06, 0x00, 0x0F, 0xFF,
    0x81, 0xFF, 0xFC, 0x1F, 0xFF, 0xC1, 0xC0, 0x1C, 0x1C, 0x61, 0xC1, 0xC6, 0x1C, 0x1C, 0x61, 0xC1,
    0xC6, 0x1C, 0x1C, 0x61, 0xC1, 0xC6, 0x1C, 0x1C, 0xF1, 0xC1, 0xCF, 0x9C, 0x1C, 0xF9, 0x80, 0x1F,
    0x82, 0x03, 0xB8, 0x30, 0x7B, 0x83, 0x3F, 0x3F, 0xF7, 0xC1, 0xFE, 0x70, 0x03, 0x80, 0x02, 0x18,
    0x0C, 0xE3, 0x01, 0x9C, 0xFF, 0xB3, 0x9F, 0xF6, 0x77, 0x40, 0xCE, 0xDC, 0x19, 0xF9, 0xC3, 0x3A,
    0x1C, 0x1F, 0xFF, 0x03, 0xFF, 0xE0, 0x7F, 0xFC, 0x0C, 0x61, 0x81, 0x8E, 0x30, 0x31, 0x86, 0x06,
    0x3C, 0xC0, 0xCF, 0x98, 0x07, 0xB0, 0x63, 0xE6, 0x0F, 0xF0, 0xFF, 0x38, 0x0F, 0xE0, 0x08, 0x00,
    0x01, 0xC3, 0xFF, 0x1F, 0xBF, 0xF1, 0xF8, 0x63, 0x33, 0x86, 0x77, 0xFC, 0xE7, 0x7F, 0xDD, 0xE7,
    0x6F, 0x9E, 0x36, 0xDD, 0x83, 0xFC, 0xF8, 0x3F, 0xDF, 0xF3, 0x6D, 0xFF, 0x36, 0xFB, 0x83, 0xFF,
    0x38, 0x3F, 0xFF, 0xF3, 0x6F, 0xFF, 0x76, 0xC3, 0x86, 0x6C, 0x38, 0x67, 0xC3, 0x84, 0x18, 0x18,
    0x08, 0x03, 0x00, 0xE0, 0x18, 0x07, 0xE0, 0xC0, 0x3F, 0x06, 0x03, 0x3B, 0xFE, 0x3F, 0xFF, 0xF1,
    0xFF, 0xCD, 0x8E, 0xDE, 0x6C, 0x36, 0xF3, 0x61, 0xFF, 0x9B, 0x0F, 0xFC, 0xD8, 0x6D, 0xFF, 0xC3,
    0x6F, 0xFE, 0x1F, 0xE1, 0xA0, 0xFF, 0x0F, 0x86, 0xD8, 0x6C, 0x66, 0xC7, 0xF3, 0x37, 0xFF, 0x99,
    0xFF, 0x8C, 0x83, 0x00, 0x60, 0x00, 0xC0, 0x00, 0x1C, 0x00, 0x03, 0x80, 0x7F, 0xFF, 0xFF, 0xFF,
    0xFE, 0x00, 0x00, 0x07, 0xFF, 0xC0, 0xFF, 0xF8, 0x00, 0x00, 0x03, 0xFF, 0xE0, 0x7F, 0xFC, 0x0F,
    0xFF, 0x80, 0x00, 0x00, 0x3F, 0xFE, 0x07, 0xFF, 0xC0, 0xC0, 0x18, 0x18, 0x03, 0x03, 0xFF, 0xE0,
    0x7F, 0xFC, 0x0C, 0x01, 0x80, 0x00, 0x06, 0x01, 0x80, 0x60, 0x1C, 0x06, 0x00, 0xE0, 0x60, 0x06,
    0x06, 0x00, 0x00, 0x60, 0x00, 0x06, 0x07, 0xDF, 0xFF, 0x7D, 0xFF, 0xF0, 0xC0, 0x60, 0x0C, 0x06,
    0x00, 0xC0, 0x60, 0x0C, 0x06, 0x00, 0xC0, 0x60, 0x0D, 0x86, 0x00, 0xF8, 0x60, 0x0F, 0x06, 0x01,
    0xE0, 0x60, 0x1C, 0x06, 0x00, 0x00, 0x60, 0x00, 0x06, 0x00, 0xC0, 0x30, 0x07, 0x01, 0x80, 0x1C,
    0x0C, 0x00, 0x60, 0x60, 0x00, 0x07, 0x00, 0x00, 0x38, 0x0F, 0x81, 0xC0, 0x7C, 0x0E, 0x00, 0x60,
    0x70, 0x03, 0x03, 0x80, 0x18, 0x1E, 0x00, 0xC0, 0xF0, 0x06, 0x0F, 0xC0, 0x36, 0x66, 0x01, 0xF7,
    0x38, 0x0F, 0x70, 0xC0, 0xE3, 0x87, 0x02, 0x38, 0x1C, 0x01, 0x80, 0x60, 0x00, 0x00, 0x01, 0x80,
    0xC0, 0x0E, 0x77, 0x18, 0x39, 0x98, 0xC0, 0xCC, 0xEE, 0x00, 0x63, 0x70, 0x03, 0x83, 0x0F, 0x8C,
    0x18, 0x7C, 0x61, 0xC0, 0xE3, 0x8C, 0x07, 0x0C, 0xE0, 0x38, 0x76, 0x01, 0xC1, 0xF0, 0x0E, 0x0F,
    0x00, 0x74, 0x38, 0x03, 0xF3, 0xE0, 0x1F, 0x7B, 0x80, 0xE7, 0x8F, 0x06, 0xF8, 0x3C, 0x03, 0x00,
    0x60, 0x18, 0x00, 0x01, 0xE7, 0xFF, 0x03, 0xBF, 0xF8, 0x1C, 0x00, 0xC0, 0x40, 0x06, 0x00, 0x00,
    0x31, 0xF0, 0x01, 0x8F, 0x8F, 0xFC, 0x0C, 0x7F, 0xE0, 0x63, 0xFF, 0x03, 0x18, 0x18, 0x18, 0xC0,
    0x00, 0xC6, 0x00, 0x06, 0xB0, 0x18, 0x3F, 0x80, 0xC1, 0xEC, 0x06, 0x1E, 0x7F, 0xF0, 0xE3, 0xFF,
    0x80, 0x0F, 0xF0, 0x00, 0x00, 0x01, 0xC1, 0xFC, 0x07, 0x0F, 0xE0, 0x1C, 0x63, 0x00, 0x63, 0x18,
    0x00, 0x38, 0xC0, 0x01, 0x87, 0xCF, 0xBC, 0x3E, 0x7D, 0xC0, 0xF0, 0xE7, 0xFE, 0x07, 0x3F, 0xF8,
    0x39, 0xFF, 0xC1, 0xC6, 0x0C, 0x0E, 0x18, 0xE0, 0x74, 0xEE, 0x03, 0xE3, 0xE0, 0x1E, 0x1F, 0x00,
    0xE7, 0xFF, 0x06, 0x7C, 0x7C, 0x03, 0x80, 0xC0, 0x60, 0x00, 0x07, 0x1F, 0xFE, 0x39, 0xFF, 0xE1,
    0x80, 0xE0, 0x00, 0x0E, 0x00, 0x00, 0xE0, 0xF8, 0xCE, 0x0F, 0x8C, 0xE0, 0x18, 0xCF, 0xE1, 0x8C,
    0xFC, 0x18, 0xCE, 0x01, 0x8C, 0xE0, 0x18, 0xCE, 0x01, 0xEC, 0xE0, 0x1E, 0xCE, 0x03, 0xCC, 0xE0,
    0x3B, 0xFF, 0xE3, 0x3F, 0xFE, 0x00, 0x00, 0x00, 0x31, 0xFF, 0xF3, 0x9F, 0xFF, 0x1C, 0x00, 0x70,
    0xE0, 0x07, 0x04, 0xFF, 0xF0, 0x0F, 0xF7, 0x7C, 0x00, 0x77, 0xC7, 0xE7, 0x0C, 0x7F, 0x70, 0xC6,
    0x77, 0x0C, 0x67, 0x70, 0xC6, 0x77, 0x0C, 0x7F, 0x70, 0xD7, 0xF7, 0x0F, 0x7E, 0x71, 0xF6, 0x07,
    0x1C, 0x00, 0x71, 0x80, 0x3E, 0x00, 0x03, 0xE0, 0x00, 0x06, 0x07, 0x00, 0x7C, 0x38, 0x06, 0xC1,
    0xC0, 0x6E, 0x0F, 0xFF, 0xE0, 0x3F, 0xFE, 0x03, 0xFF, 0xEF, 0x80, 0x60, 0xF8, 0x06, 0x03, 0x9F,
    0xE0, 0x39, 0xFF, 0x03, 0x86, 0x70, 0x38, 0x67, 0x03, 0x86, 0x70, 0x3A, 0x63, 0x63, 0xE7, 0xB6,
    0x3F, 0xFB, 0xE3, 0xFE, 0x3E, 0x31, 0x01, 0xE0, 0x00, 0x0C, 0x00, 0x30, 0x03, 0x83, 0x00, 0x1C,
    0x70, 0x01, 0xC7, 0xFF, 0x0C, 0xFF, 0xF0, 0x0E, 0x03, 0x01, 0xC0, 0x37, 0xFF, 0xF3, 0x7D, 0x7F,
    0x31, 0xC6, 0x37, 0x1C, 0x7F, 0x71, 0xC7, 0xF7, 0x1C, 0x63, 0x71, 0xC6, 0x37, 0x1F, 0x7F, 0x61,
    0xF7, 0xF6, 0x1E, 0x60, 0x61, 0xC0, 0x0E, 0x10, 0x07, 0xE0, 0x00, 0x7C, 0x00, 0x20, 0x63, 0x87,
    0x0E, 0x3C, 0x38, 0xE1, 0xE3, 0x9C, 0x0E, 0xFF, 0xF0, 0x0F, 0xFF, 0x00, 0x06, 0x0F, 0xC0, 0x60,
    0xFC, 0x7F, 0xE0, 0xC7, 0xFE, 0x0C, 0x7F, 0xE0, 0xC0, 0x60, 0x0C, 0x06, 0x00, 0xDF, 0xFF, 0x0D,
    0xFF, 0xF0, 0xF0, 0x60, 0x1F, 0x06, 0x01, 0xE0, 0x60, 0x18, 0x06, 0x00, 0x00, 0x60, 0x31, 0xFF,
    0xF3, 0x9F, 0xFF, 0x1C, 0x1C, 0x00, 0xC1, 0x80, 0x00, 0xFF, 0xC0, 0x0F, 0xFC, 0x7C, 0x38, 0xC7,
    0xC3, 0x0C, 0x1F, 0xFF, 0xF1, 0xFF, 0xFF, 0x1C, 0x00, 0x01, 0xCF, 0xFE, 0x1C, 0xFF, 0xE1, 0xDC,
    0x0E, 0x1F, 0xC0, 0xE1, 0xFC, 0x0E, 0x1C, 0xFF, 0xE1, 0x8F, 0xFE, 0x00, 0xC0, 0x60, 0x30, 0x7F,
    0xE1, 0xC3, 0xFF, 0x07, 0x18, 0x18, 0x1C, 0xC0, 0xC0, 0x07, 0xFE, 0x00, 0x3F, 0xF1, 0xF0, 0x00,
    0x0F, 0x80, 0x00, 0x1C, 0xFF, 0xF0, 0xE7, 0xFF, 0x07, 0x03, 0x80, 0x39, 0xFF, 0xE1, 0xDF, 0xFF,
    0x0E, 0x87, 0x00, 0x7C, 0x7C, 0x03, 0xE7, 0x70, 0x1E, 0x71, 0xE0, 0xCF, 0x07, 0x80, 0x60, 0x0C,
    0x00, 0x60, 0x83, 0x86, 0x1C, 0x3C, 0x71, 0x81, 0xE3, 0x18, 0x0E, 0xFF, 0xC0, 0x0F, 0xFE, 0x00,
    0xC0, 0xE7, 0xCC, 0x0E, 0x7C, 0xC0, 0xE0, 0xCC, 0x0E, 0x0C, 0xFF, 0xE0, 0xCF, 0xFC, 0x0C, 0x33,
    0x00, 0xC3, 0x30, 0x0F, 0xB3, 0x00, 0xF7, 0x33, 0x1E, 0x63, 0x31, 0xDE, 0x33, 0x1B, 0xC3, 0xF0,
    0x10, 0x1E, 0x00, 0x06, 0x03, 0x00, 0xE0, 0x38, 0xFF, 0xF1, 0xCF, 0xFE, 0x0C, 0xFF, 0xE0, 0x0F,
    0xFE, 0x00, 0x0E, 0x07, 0xDF, 0xFF, 0x7D, 0xFF, 0xF0, 0xC7, 0xFC, 0x0C, 0xFF, 0xE0, 0xCE, 0x0E,
    0x0C, 0xFF, 0xE0, 0xCF, 0xFE, 0x0D, 0xE0, 0xE0, 0xFF, 0xFE, 0x1F, 0xFF, 0xE1, 0xCE, 0x0E, 0x18,
    0xE3, 0xE0, 0x06, 0x3C, 0x00, 0x0E, 0x03, 0x00, 0xE0, 0x38, 0xFF, 0xE1, 0xCF, 0xFE, 0x0E, 0x0E,
    0x00, 0x1F, 0xFE, 0x01, 0xFF, 0xFF, 0xC0, 0x66, 0x7C, 0x76, 0x60, 0xCB, 0xE6, 0x0C, 0xEE, 0x00,
    0xC7, 0x60, 0x0D, 0xFF, 0xF0, 0xDF, 0xFF, 0x0F, 0xFF, 0xE0, 0xF1, 0xF8, 0x1E, 0x39, 0xC1, 0xCF,
    0x0E, 0x19, 0xE0, 0x70, 0x18, 0x03, 0x00, 0x00, 0x03, 0x0F, 0xFF, 0x3C, 0xFF, 0xF1, 0xCC, 0x67,
    0x0C, 0xCE, 0x70, 0x0F, 0xFF, 0x00, 0xFF, 0xFF, 0xCC, 0xE7, 0x7C, 0xFF, 0xF1, 0xCF, 0xFF, 0x1D,
    0xC0, 0x71, 0xDF, 0xFF, 0x1D, 0xFF, 0xF1, 0xDF, 0x1F, 0x1F, 0xB1, 0xF1, 0xFB, 0xFF, 0x1F, 0xBF,
    0x73, 0xF9, 0x07, 0x1B, 0x01, 0xF0, 0x30, 0x1E, 0x00, 0x04, 0x01, 0xFE, 0x70, 0x1F, 0xF3, 0x00,
    0xE1, 0x98, 0x07, 0x6D, 0xFF, 0x3F, 0x6F, 0xF9, 0xFB, 0x63, 0x8F, 0xDF, 0x18, 0x7E, 0xF8, 0xC3,
    0xF7, 0xC6, 0x1F, 0xB3, 0x30, 0xFD, 0x9B, 0x07, 0xCC, 0xF8, 0x3E, 0x63, 0xC0, 0xB2, 0x1C, 0x03,
    0xE0, 0xF0, 0x1B, 0x8F, 0xC1, 0xCE, 0xE7, 0x1C, 0x3E, 0x1C, 0xC0, 0x60, 0x60, 0x00, 0x00, 0x01,
    0xFD, 0xC3, 0x1F, 0xEE, 0x38, 0xC3, 0x71, 0x86, 0xDB, 0x9C, 0x36, 0xDD, 0xC1, 0xB6, 0xFC, 0x0D,
    0xB7, 0xC0, 0x6D, 0xFF, 0xF3, 0x6F, 0xFF, 0x9B, 0x6E, 0xC0, 0xDB, 0x76, 0x06, 0xDB, 0xB8, 0x36,
    0xDC, 0xC0, 0xF4, 0xE7, 0x03, 0xC7, 0x18, 0x1B, 0x3F, 0xE1, 0x9D, 0xFB, 0x98, 0x6F, 0x0C, 0x80,
    0x60, 0x00, 0x06, 0x00, 0x00, 0x30, 0xFF, 0x0F, 0xF7, 0xF8, 0xFF, 0x80, 0xC7, 0xFC, 0x06, 0x03,
    0x00, 0x31, 0xFF, 0x01, 0x8F, 0xFF, 0xFC, 0x7F, 0xFF, 0xE0, 0x30, 0xC3, 0x0D, 0x86, 0x00, 0x6F,
    0xF0, 0x07, 0x7F, 0x83, 0x3B, 0x0C, 0x19, 0xF8, 0x7F, 0xCF, 0xC3, 0xFE, 0x7E, 0x07, 0xC3, 0x7F,
    0xFF, 0xB9, 0xFF, 0xFC, 0xC0, 0x7F, 0xC0, 0x0E, 0x00, 0x00, 0x71, 0xFF, 0x83, 0x8F, 0xFC, 0xFF,
    0x9C, 0xE7, 0xFC, 0xE7, 0x07, 0x06, 0x38, 0xFF, 0x77, 0x8F, 0xFF, 0x7C, 0x7F, 0xF1, 0xC0, 0x30,
    0xFF, 0x0D, 0x87, 0xF8, 0xEF, 0xB0, 0xC7, 0x7D, 0x86, 0x3B, 0x0C, 0x31, 0xD8, 0x7F, 0x8F, 0xC3,
    0xFC, 0x7E, 0x00, 0x03, 0x7F, 0xFF, 0xB9, 0xFF, 0xFC, 0x80, 0x7F, 0xC0, 0x1F, 0xFF, 0xC0, 0xFF,
    0xFE, 0x07, 0x00, 0x30, 0x38, 0x01, 0x81, 0xC0, 0x0C, 0x0E, 0x00, 0x60, 0x7F, 0xFF, 0x03, 0xFF,
    0xF8, 0x00, 0x70, 0x00, 0x73, 0x80, 0x03, 0x9F, 0xF0, 0x18, 0xFF, 0xC0, 0xE7, 0xFC, 0x0F, 0x38,
    0x00, 0x7D, 0xC0, 0x07, 0x7E, 0x00, 0x31, 0xFF, 0xF3, 0x87, 0xFF, 0x88, 0x07, 0xFC, 0x00, 0x00,
    0x41, 0xF8, 0x1F, 0x1F, 0xDF, 0xF8, 0xE6, 0xFE, 0x07, 0x30, 0x70, 0x39, 0x83, 0x81, 0xFC, 0x1C,
    0x0F, 0xE0, 0xC0, 0x0C, 0x7F, 0xF0, 0x63, 0xFF, 0x9B, 0xC1, 0xC0, 0xDF, 0x0E, 0x06, 0xF0, 0x70,
    0x36, 0x07, 0xC1, 0xB0, 0x36, 0x0D, 0xF3, 0xB8, 0x7F, 0xB8, 0xE7, 0xF3, 0x87, 0x98, 0x38, 0x1C,
    0x00, 0x80, 0x60, 0x00, 0x10, 0x01, 0xF9, 0xC0, 0x1F, 0xEF, 0xF0, 0xE7, 0x7F, 0xC7, 0x3F, 0xFE,
    0x39, 0xF0, 0x31, 0xFF, 0xFD, 0x8F, 0xFF, 0xEC, 0x0C, 0x73, 0x61, 0x63, 0x9B, 0x1B, 0xDC, 0xD8,
    0xDF, 0xFE, 0xC6, 0xC7, 0xF6, 0x36, 0x39, 0xF1, 0xB1, 0xCF, 0x0D, 0xFE, 0x00, 0x7F, 0xF0, 0x37,
    0xF3, 0x81, 0x98, 0x0F, 0xFC, 0x00, 0x3F, 0xC0, 0x3F, 0xBF, 0xF7, 0xFB, 0xFF, 0x71, 0xBF, 0xE7,
    0x1B, 0x00, 0x71, 0xB0, 0x07, 0xFB, 0xFE, 0x7F, 0xBF, 0xE0, 0xE3, 0x06, 0x2E, 0x30, 0x67, 0xFB,
    0x06, 0x7F, 0xB0, 0x67, 0xFB, 0xFE, 0x7E, 0x3F, 0xE7, 0xE3, 0x00, 0x7F, 0xB0, 0x07, 0xFB, 0x00,
    0xFE, 0x3F, 0xF6, 0x03, 0xFF, 0x3F, 0xFF, 0xE3, 0xFF, 0xFF, 0x1C, 0x78, 0x18, 0xE3, 0xC0, 0xC7,
    0x1F, 0xFE, 0x3F, 0xFF, 0xF1, 0xFF, 0x81, 0x81, 0xCC, 0x0C, 0x2E, 0x7F, 0xE3, 0x7F, 0xFF, 0x1B,
    0xF9, 0x8C, 0xDC, 0xCC, 0xE6, 0xE6, 0x3E, 0x37, 0x31, 0xC1, 0xBF, 0x86, 0x0F, 0xFC, 0x78, 0xFE,
    0x7E, 0xF3, 0x03, 0xE3, 0x80, 0x18, 0x0C, 0x00, 0x1B, 0x01, 0xF8, 0xD8, 0x1F, 0xC6, 0xC0, 0xE7,
    0xB6, 0x67, 0x3D, 0xB7, 0x39, 0xBD, 0xB1, 0xFD, 0xEF, 0x8F, 0xEF, 0x78, 0x0C, 0x1B, 0xC1, 0x60,
    0xD8, 0x1B, 0xC6, 0xF0, 0xDE, 0xF7, 0xC6, 0xCF, 0xB7, 0x36, 0xED, 0x99, 0xB2, 0xEC, 0x0D, 0xF6,
    0x62, 0x7F, 0xF3, 0x3F, 0xE7, 0x1D, 0x90, 0x78, 0xFC, 0x01, 0x03, 0xC0, 0x0C, 0x03, 0x00, 0xC0,
    0x70, 0x7F, 0x3F, 0xE7, 0xFF, 0xFF, 0x7F, 0xFF, 0xF1, 0x80, 0xE0, 0x3E, 0x7F, 0xF3, 0x6F, 0xFF,
    0x36, 0x7F, 0xF7, 0xF9, 0xC0, 0x7F, 0x9F, 0xE0, 0x63, 0xFE, 0x06, 0x1F, 0xE0, 0xFC, 0x1C, 0x7F,
    0xDB, 0x87, 0xE1, 0xF8, 0x06, 0x0F, 0x00, 0x60, 0x3C, 0x06, 0x01, 0xC0, 0x60, 0x0C, 0x08, 0x00,
    0x01, 0xC3, 0xFC, 0x1C, 0x7F, 0xE7, 0xF8, 0x1E, 0x7F, 0x81, 0xC1, 0x80, 0x38, 0x3E, 0x07, 0x03,
    0x61, 0xFC, 0x36, 0x7D, 0xF7, 0xFF, 0x07, 0x7F, 0x80, 0x00, 0x63, 0xFE, 0x06, 0x3F, 0xE0, 0x78,
    0x70, 0x7F, 0x87, 0x07, 0xE0, 0x70, 0x06, 0x07, 0x00, 0x67, 0xFF, 0x06, 0xFF, 0xF0, 0x60, 0x00,
    0x06, 0x18, 0x00, 0x61, 0xF8, 0x7F, 0xFD, 0xC7, 0xFF, 0xCC, 0x06, 0x1C, 0x0F, 0xFF, 0xFE, 0xFF,
    0xFF, 0xE1, 0xC0, 0xCC, 0xFF, 0xEC, 0xCF, 0xFE, 0xDC, 0x33, 0x0D, 0x87, 0x30, 0xD8, 0x7F, 0xEF,
    0x87, 0xFE, 0xF0, 0x03, 0x07, 0x01, 0xFF, 0xE6, 0xFF, 0xFF, 0x6F, 0xB3, 0xFE, 0x03, 0x7B, 0xE0,
    0x32, 0x1C, 0x08, 0x06, 0x00, 0xE0, 0x30, 0x07, 0x01, 0xC0, 0xFF, 0xFF, 0xE7, 0xFF, 0xFF, 0x0C,
    0x04, 0x60, 0xF8, 0x63, 0x06, 0xC7, 0x1C, 0x36, 0x30, 0x73, 0xFF, 0xC7, 0x9F, 0xFE, 0x3C, 0x0C,
    0x3B, 0x80, 0x60, 0xD8, 0x03, 0xC7, 0xC1, 0xFE, 0x1C, 0x0F, 0xC1, 0xF0, 0x06, 0x1F, 0xC0, 0x31,
    0xEF, 0x01, 0x9C, 0x1C, 0x0C, 0xC0, 0x40, 0x18, 0x06, 0x00, 0xC0, 0x70, 0x06, 0x03, 0xC0, 0xFE,
    0x77, 0x07, 0xF7, 0x1E, 0x18, 0xFF, 0xF8, 0xF7, 0xFF, 0xC7, 0x80, 0x00, 0x6C, 0xFD, 0xB3, 0xFF,
    0xED, 0x9F, 0xF3, 0x6C, 0x19, 0xFB, 0x60, 0xCF, 0xDB, 0x07, 0xE6, 0xD9, 0xFF, 0xF6, 0xCF, 0x9F,
    0xB6, 0x0C, 0xCD, 0x30, 0x66, 0x61, 0x83, 0x37, 0x78, 0x19, 0xB9, 0xC0, 0x00, 0x18, 0x01, 0x80,
    0xE0, 0x0E, 0x07, 0x00, 0x38, 0x38, 0x00, 0xDF, 0xFF, 0x00, 0xFF, 0xF8, 0x00, 0x61, 0xCF, 0x83,
    0x0E, 0xFC, 0x38, 0x63, 0xE1, 0xC3, 0x07, 0x0C, 0x18, 0x38, 0xE0, 0xC1, 0xC7, 0x06, 0x0E, 0x70,
    0x70, 0x77, 0x1F, 0x83, 0xB0, 0xF8, 0x7E, 0x07, 0x87, 0xBF, 0xFF, 0xF8, 0xFF, 0xFC, 0x81, 0xFF,
    0xE0, 0x00, 0x0C, 0x01, 0x80, 0x60, 0x0E, 0x03, 0x00, 0x30, 0x18, 0x01, 0xDF, 0xFF, 0x05, 0xFF,
    0xF8, 0x07, 0xFF, 0x80, 0x03, 0x80, 0x7C, 0x1E, 0x03, 0xE0, 0xF8, 0x07, 0x0F, 0xE0, 0x38, 0x67,
    0x01, 0xC7, 0x1C, 0x0E, 0x70, 0x70, 0x77, 0x01, 0xC3, 0xB0, 0x04, 0x3F, 0x00, 0x03, 0xBF, 0xFF,
    0x98, 0x7F, 0xFC, 0x00, 0x00, 0x00, 0x00, 0x01, 0x81, 0x80, 0x0C, 0x0E, 0x00, 0x60, 0x38, 0x03,
    0x01, 0xDF, 0xFF, 0x04, 0xFF, 0xF8, 0x00, 0x06, 0x00, 0x18, 0x30, 0x7C, 0xE1, 0x83, 0xE3, 0x0C,
    0x07, 0x1C, 0x60, 0x38, 0x63, 0x01, 0xC0, 0x18, 0x0E, 0x00, 0xC0, 0x70, 0x7E, 0x03, 0x83, 0xE0,
    0x7F, 0x00, 0x03, 0x9F, 0xFF, 0x98, 0x7F, 0xFC, 0x00, 0x00, 0x00, 0x00, 0x00, 0xE3, 0x87, 0xFF,
    0x0E, 0x3F, 0xF0, 0x39, 0xC0, 0x00, 0xCE, 0x00, 0x04, 0x70, 0x00, 0x03, 0xFF, 0xC0, 0x1F, 0xFE,
    0x7C, 0xFF, 0xF3, 0xE7, 0x18, 0x07, 0x30, 0xC0, 0x39, 0x86, 0x01, 0xCC, 0x30, 0x0E, 0xE1, 0x80,
    0x76, 0x0C, 0x03, 0xF0, 0x60, 0x3F, 0x03, 0x03, 0xBF, 0xFF, 0x98, 0x7F, 0xFC, 0x00, 0x18, 0x00,
    0x00, 0x00, 0x01, 0x81, 0xFF, 0x1E, 0x3F, 0xF8, 0x71, 0xF0, 0x01, 0xCC, 0x00, 0x04, 0x7F, 0xE0,
    0x03, 0xFF, 0x80, 0x1F, 0xFC, 0x7C, 0xD0, 0xC3, 0xEF, 0xCE, 0x07, 0x77, 0xE0, 0x3B, 0x9F, 0x01,
    0xD8, 0x78, 0x0F, 0xCF, 0xE0, 0x7F, 0xF7, 0x83, 0xEE, 0x1C, 0x3E, 0x00, 0x03, 0xBF, 0xFF, 0x98,
    0xFF, 0xFC, 0x00, 0x00, 0x00, 0x00, 0x00, 0x01, 0x80, 0x00, 0x0E, 0xFF, 0xFC, 0x3B, 0xFF, 0xE0,
    0xC0, 0xE0, 0x00, 0x0E, 0x00, 0x00, 0x70, 0x0F, 0x07, 0xE0, 0x7C, 0x7F, 0x83, 0xE7, 0x6E, 0x07,
    0x73, 0x38, 0x3F, 0x18, 0xE1, 0xF0, 0xC2, 0x0E, 0x06, 0x00, 0x70, 0x30, 0x03, 0x81, 0x80, 0x3E,
    0x0C, 0x03, 0xBF, 0xFF, 0xB8, 0xFF, 0xFC, 0x80, 0xFF, 0xE0, 0x00, 0x18, 0x01, 0x00, 0xE0, 0x1C,
    0x07, 0x00, 0x77, 0xFF, 0xE1, 0xFF, 0xFF, 0x05, 0xFF, 0xF8, 0x06, 0x0E, 0x00, 0x38, 0x70, 0x7C,
    0xF7, 0x03, 0xE3, 0xF8, 0x07, 0x0F, 0x80, 0x38, 0x3E, 0x01, 0xC3, 0xF8, 0x0E, 0x79, 0xE0, 0x7F,
    0x87, 0x83, 0xF0, 0x0C, 0x3F, 0x00, 0x03, 0xFF, 0xFF, 0x98, 0xFF, 0xFC, 0x80, 0xFF, 0xC0, 0x00,
    0x00, 0x01, 0x81, 0x8C, 0x0E, 0x0C, 0x60, 0x38, 0x63, 0x00, 0xDF, 0xFF, 0x00, 0xFF, 0xF8, 0x00,
    0xC6, 0x00, 0x06, 0x30, 0x7C, 0x31, 0x83, 0xEF, 0xFF, 0x87, 0x7F, 0xFC, 0x38, 0xE7, 0x01, 0xC6,
    0x18, 0x0E, 0x70, 0xC0, 0x73, 0x86, 0x03, 0xB8, 0x30, 0x3E, 0x81, 0x83, 0xBF, 0xFF, 0x98, 0x7F,
    0xFC, 0x00, 0x00, 0x00, 0x20, 0xFF, 0xC3, 0x87, 0xFF, 0x0F, 0x3F, 0xF8, 0x38, 0x00, 0x00, 0x80,
    0x00, 0x01, 0xFF, 0xF9, 0xEF, 0xFF, 0xDF, 0x86, 0x60, 0x7C, 0x73, 0x00, 0xE3, 0x98, 0x07, 0x1C,
    0xC0, 0x38, 0xC6, 0x61, 0xCE, 0x33, 0x0F, 0xE1, 0xF8, 0x7E, 0x0F, 0x87, 0xE0, 0x00, 0x7F, 0xFF,
    0xF3, 0x1F, 0xFF, 0x98, 0x1F, 0xFC, 0x00, 0x10, 0x01, 0x81, 0xC0, 0x0E, 0x7F, 0xF8, 0x3F, 0xFF,
    0xE0, 0xC7, 0x00, 0x00, 0x33, 0x00, 0x03, 0x98, 0x0F, 0x3F, 0xFC, 0x7D, 0xFF, 0xE0, 0xEF, 0xFE,
    0x07, 0x01, 0x80, 0x38, 0x1C, 0x01, 0xFF, 0xFF, 0x0F, 0xFF, 0xF8, 0x70, 0x18, 0x03, 0x80, 0xC0,
    0x3E, 0x06, 0x03, 0xBF, 0xFF, 0x98, 0xFF, 0xFC, 0x80, 0xFF, 0xE0, 0x30, 0xFF, 0xC1, 0xC7, 0xFE,
    0x0F, 0x30, 0x30, 0x39, 0xFF, 0x80, 0x8F, 0xFC, 0x00, 0x60, 0x60, 0x03, 0xFF, 0x0F, 0x9F, 0xF8,
    0x7C, 0xFF, 0xE0, 0xE6, 0x67, 0x07, 0x33, 0xF0, 0x39, 0x87, 0x01, 0xCD, 0xDC, 0x0E, 0xFE, 0x70,
    0x77, 0x81, 0x87, 0xC0, 0x00, 0x77, 0xFF, 0xF3, 0x0F, 0xFF, 0x80, 0x00, 0x00, 0x00, 0x40, 0x81,
    0x87, 0x06, 0x0E, 0x1C, 0x70, 0x38, 0x63, 0x00, 0xDF, 0xFE, 0x00, 0xFF, 0xF0, 0x00, 0x30, 0x0F,
    0x01, 0x80, 0x7D, 0xFF, 0xE0, 0xFF, 0xFF, 0x87, 0x7F, 0xFC, 0x38, 0x3C, 0x01, 0xC1, 0xF0, 0x0E,
    0x1D, 0xE0, 0x73, 0xC7, 0x83, 0xBC, 0x1C, 0x3F, 0x80, 0x43, 0xBF, 0xFF, 0xB8, 0xFF, 0xFC, 0x80,
    0xFF, 0xE0, 0x00, 0x00, 0x41, 0x01, 0xFF, 0x1C, 0x7F, 0xF0, 0x71, 0xF8, 0x01, 0xC0, 0xC0, 0x05,
    0xFF, 0xF8, 0x0F, 0xFF, 0xC0, 0x01, 0xC0, 0xFC, 0x0C, 0x03, 0xE7, 0xFF, 0x07, 0x3F, 0xF8, 0x39,
    0x81, 0xC1, 0xCC, 0x0E, 0x0E, 0x60, 0x70, 0x73, 0xFF, 0x83, 0x9F, 0xFC, 0x3E, 0x00, 0x03, 0xBF,
    0xFF, 0x98, 0x7F, 0xFC, 0x00, 0x00, 0x00, 0x00, 0x40, 0x81, 0x07, 0x0E, 0x1C, 0x1C, 0x60, 0x70,
    0xE7, 0x01, 0xFF, 0xFF, 0x05, 0xFF, 0xF8, 0x06, 0x31, 0x80, 0x31, 0x8C, 0x7D, 0x8C, 0x63, 0xEC,
    0x63, 0x07, 0x7F, 0xF8, 0x3B, 0xFF, 0xC1, 0xDF, 0xFE, 0x0E, 0x0E, 0x00, 0x70, 0xE0, 0x03, 0x8E,
    0x00, 0x3E, 0xE0, 0x03, 0xFF, 0x9F, 0x98, 0xFF, 0xFC, 0x80, 0xFF, 0xC0, 0x00, 0x0C, 0x01, 0x03,
    0x70, 0x1C, 0x3B, 0x80, 0x71, 0xFF, 0xC1, 0xDF, 0xFE, 0x04, 0xC7, 0x00, 0x06, 0x38, 0x00, 0x3F,
    0xFE, 0x7B, 0xFF, 0xF3, 0xEF, 0xFF, 0x87, 0x0C, 0xC0, 0x38, 0xE6, 0x01, 0xC7, 0x33, 0x0E, 0x71,
    0x98, 0x7F, 0x0F, 0xC3, 0xF0, 0x7E, 0x1E, 0x00, 0x03, 0xFF, 0x9F, 0x9C, 0x7F, 0xFC, 0x40, 0xFF,
    0xE0, 0x00, 0x00, 0x01, 0x0F, 0xFF, 0x1C, 0x7F, 0xF0, 0x70, 0x18, 0x01, 0xFF, 0xFF, 0x05, 0xFF,
    0xF8, 0x00, 0xFC, 0x00, 0x1F, 0xB8, 0x7F, 0xCC, 0xF3, 0xFF, 0xFB, 0x87, 0x3F, 0xC0, 0x38, 0x67,
    0xC1, 0xC3, 0x3E, 0x0E, 0x38, 0x30, 0x73, 0x81, 0x83, 0xF8, 0x7C, 0x1F, 0x83, 0xC3, 0xFF, 0x9F,
    0x9C, 0x7F, 0xFC, 0x40, 0xFF, 0xE0, 0x21, 0xFF, 0xE3, 0x8F, 0xFF, 0x0E, 0x0C, 0xF0, 0x38, 0x7E,
    0x00, 0xCF, 0xFE, 0x00, 0xFF, 0xF0, 0x07, 0x31, 0x8F, 0xBF, 0xFC, 0x7D, 0xFF, 0xE0, 0xEE, 0x63,
    0x07, 0x7F, 0xF8, 0x3B, 0xFF, 0xC1, 0xDC, 0xC6, 0x0E, 0xE6, 0x30, 0x77, 0x37, 0x87, 0xF1, 0xBC,
    0x77, 0xFF, 0xF3, 0x0F, 0xFF, 0x80, 0x07, 0xC0, 0x00, 0x0C, 0x01, 0x00, 0x60, 0x1C, 0xFF, 0xFC,
    0x77, 0xFF, 0xE1, 0xC0, 0xC0, 0x06, 0xFF, 0xF0, 0x07, 0xFF, 0x80, 0x31, 0x8C, 0x7D, 0x8C, 0x63,
    0xEF, 0xFF, 0x03, 0x7F, 0xF8, 0x18, 0x7E, 0x00, 0xC7, 0xF8, 0x06, 0x7E, 0xF0, 0x37, 0xB3, 0xC3,
    0xF1, 0x8C, 0x3F, 0x0C, 0x03, 0xFF, 0xFF, 0x98, 0x7F, 0xFC, 0x80, 0x7F, 0xC0, 0x0C, 0x00, 0x01,
    0x81, 0xF8, 0x38, 0x3F, 0xFF, 0xF6, 0x7F, 0xFE, 0xCC, 0x63, 0x99, 0x8E, 0x63, 0x61, 0xCC, 0x6C,
    0xFF, 0xEF, 0x9F, 0xFD, 0xB0, 0x00, 0x33, 0x00, 0x06, 0x77, 0xFC, 0xCE, 0xFF, 0x98, 0xD8, 0x33,
    0x3B, 0x06, 0x7E, 0x60, 0xCF, 0xCF, 0xF9, 0x81, 0xFF, 0x30, 0x30, 0x66, 0x00, 0x06, 0x00, 0x00,
    0x31, 0xFF, 0x01, 0x8F, 0xFC, 0xFF, 0xDF, 0xE3, 0xFE, 0xC6, 0x03, 0x66, 0x31, 0xFF, 0xF3, 0x8F,
    0xFF, 0x98, 0x7F, 0xFD, 0xC0, 0x70, 0x66, 0x07, 0xFB, 0x18, 0xFF, 0xD8, 0xEF, 0x86, 0xC3, 0x2F,
    0xF6, 0x18, 0x7F, 0xB0, 0xC3, 0x0D, 0xBE, 0x18, 0x6D, 0xE0, 0xFF, 0x60, 0x07, 0xFB, 0x00, 0x30,
    0xD8, 0x00, 0xFF, 0xFF, 0xEF, 0xFF, 0xFE, 0x1E, 0x00, 0xE1, 0xE0, 0x0E, 0xFF, 0x80, 0xEF, 0xF8,
    0x0E, 0xDF, 0x90, 0xED, 0xFB, 0xFE, 0xDF, 0xBF, 0xEF, 0x7B, 0x8E, 0xF7, 0xB8, 0x0C, 0x1B, 0x80,
    0xFF, 0xB8, 0x0F, 0xFB, 0x86, 0xC1, 0xB8, 0x7F, 0xFB, 0x86, 0xFF, 0xBF, 0xEF, 0xFB, 0xFE, 0xC1,
    0x9F, 0xC0, 0xFF, 0xBF, 0xCF, 0xFF, 0xFC, 0x36, 0x70, 0xC3, 0x67, 0xFC, 0xFF, 0xFF, 0xCF, 0xFF,
    0x0C, 0xF5, 0xFF, 0xCF, 0x5B, 0xFC, 0xF5, 0xB6, 0x0F, 0x7B, 0xFC, 0xE7, 0xFF, 0xEC, 0x1F, 0xFC,
    0xFF, 0xC6, 0x0F, 0xFB, 0xFC, 0xC1, 0xBF, 0xCF, 0xF8, 0x60, 0xFF, 0xFF, 0xEF, 0xFF, 0xFE, 0xC1,
    0xFF, 0xE0, 0x00, 0x00, 0x03, 0xFD, 0xFF, 0x1F, 0xDF, 0xFC, 0x19, 0x71, 0xC6, 0xD9, 0xCC, 0x1E,
    0xC7, 0xE0, 0xFC, 0x1E, 0x01, 0x83, 0xF8, 0x7F, 0xFD, 0xF3, 0xFF, 0xB3, 0x87, 0x81, 0xC0, 0x3E,
    0x7F, 0xC3, 0xFB, 0xFE, 0x1E, 0xC3, 0x81, 0xB0, 0x1C, 0x0D, 0x8F, 0xFE, 0x4C, 0x7F, 0xF0, 0x60,
    0x38, 0x03, 0x01, 0xC0, 0x18, 0x0E, 0x00, 0x00, 0x03, 0x07, 0xFF, 0xF0, 0xFF, 0xF8, 0x00, 0x70,
    0x0F, 0xFF, 0xFF, 0xFF, 0xFF, 0xCF, 0xFF, 0xE1, 0xFF, 0xFC, 0x30, 0xE1, 0x87, 0xFF, 0xF0, 0xFF,
    0xFE, 0x18, 0x70, 0xC3, 0xFF, 0xF8, 0x7F, 0xFF, 0x1F, 0xFF, 0xF3, 0xFF, 0xFE, 0x00, 0xE0, 0x1F,
    0xFF, 0xFF, 0xFF, 0xFF, 0x80, 0x1F, 0xFF, 0x81, 0xC0, 0x1C, 0x1F, 0xFF, 0xC1, 0xFF, 0xFC, 0x1F,
    0xFF, 0xC0, 0xFF, 0xF8, 0x7F, 0xFF, 0xF7, 0xFF, 0xFF, 0x1F, 0xFF, 0xC1, 0xFF, 0xFC, 0x1F, 0xFF,
    0xC1, 0xFF, 0xFC, 0x1F, 0xFF, 0xC1, 0xFF, 0xFC, 0x1F, 0xFF, 0xC3, 0xFF, 0xFE, 0x00, 0x70, 0x07,
    0xFF, 0xFF, 0x7F, 0xFF, 0xF0, 0x18, 0x03, 0x01, 0xC0, 0x70, 0x3F, 0x87, 0x03, 0xF8, 0x70, 0x7F,
    0x87, 0x0E, 0x00, 0x70, 0x7F, 0x07, 0x03, 0xFF, 0xFF, 0x0C, 0xFF, 0xF0, 0xC0, 0x70, 0x7F, 0x87,
    0x07, 0xF8, 0x70, 0x7F, 0x87, 0x00, 0xC0, 0x70, 0x0C, 0x07, 0x00, 0xC8, 0x70, 0x0F, 0xC7, 0x01,
    0xF8, 0x70, 0x1E, 0x07, 0x00, 0x80, 0x70, 0x08, 0x06, 0x01, 0x80, 0x70, 0x1F, 0x07, 0x03, 0xF8,
    0x70, 0x7F, 0xBF, 0xE6, 0x07, 0xFF, 0x7F, 0x7F, 0xF3, 0xFE, 0x73, 0x0C, 0x67, 0x30, 0xC6, 0x73,
    0x3F, 0x67, 0x37, 0xFF, 0xFF, 0x7F, 0xFF, 0xF0, 0xC6, 0x73, 0x0C, 0x27, 0x00, 0xC8, 0x70, 0x0F,
    0x87, 0x01, 0xF0, 0x70, 0x1C, 0x07, 0x00, 0x80, 0x60, 0x10, 0x02, 0x01, 0x8C, 0x38, 0x0F, 0xF1,
    0x80, 0xFD, 0xFF, 0xE7, 0xEF, 0xFF, 0x70, 0x26, 0xC1, 0xF8, 0x3E, 0x0F, 0xC3, 0xFC, 0x3F, 0xFF,
    0xF0, 0xCF, 0xFF, 0x06, 0x38, 0xE0, 0xFD, 0xC7, 0x07, 0xEF, 0xFF, 0x0C, 0x7F, 0xF8, 0x63, 0x8E,
    0x03, 0x5C, 0x70, 0x1F, 0xF1, 0x80, 0xFF, 0xFF, 0x8E, 0xE7, 0xFC, 0x22, 0x07, 0xC0, 0x18, 0x19,
    0x81, 0x81, 0x98, 0x38, 0x19, 0x83, 0xFF, 0xFF, 0x7F, 0xFF, 0xF6, 0x01, 0x98, 0x7F, 0x19, 0x83,
    0xFF, 0xFF, 0x0C, 0xFF, 0xF0, 0xC0, 0x00, 0x3F, 0x3F, 0xE7, 0xFB, 0xFE, 0x7F, 0xB0, 0x60, 0xC3,
    0x06, 0x0C, 0x3F, 0xE0, 0xD3, 0xFE, 0x0F, 0xB0, 0x61, 0xF3, 0xFE, 0x1C, 0x3F, 0xE0, 0x03, 0x06,
    0x18, 0x03, 0x00, 0xCF, 0x18, 0x0F, 0xFF, 0xF8, 0x7D, 0xFF, 0xC7, 0xE6, 0x36, 0x70, 0x3F, 0xF9,
    0xFB, 0x3F, 0xCF, 0xDD, 0xFC, 0x19, 0xFF, 0xE0, 0xCF, 0x98, 0x1F, 0x8F, 0xF8, 0xFF, 0xDF, 0xE7,
    0xFE, 0x30, 0x0C, 0x7F, 0xF8, 0x63, 0xFF, 0xC3, 0x5C, 0x60, 0x1F, 0xF3, 0x00, 0xED, 0xF8, 0x0E,
    0xE7, 0xFC, 0x26, 0x07, 0xE0, 0x18, 0x00, 0x01, 0x87, 0xFF, 0x3F, 0x7F, 0xF3, 0xF6, 0x07, 0x7F,
    0x60, 0x7E, 0x07, 0xFF, 0x7F, 0x7F, 0xF3, 0xF6, 0x30, 0x1E, 0x63, 0x00, 0xC7, 0xFF, 0x7F, 0x7F,
    0xF7, 0xF6, 0x30, 0x7F, 0x63, 0x00, 0xCF, 0xFF, 0x0C, 0xFF, 0xF0, 0xFF, 0x87, 0x0F, 0xF8, 0x71,
    0xFF, 0xFF, 0x1D, 0xBF, 0xF1, 0x0B, 0x87, 0x18, 0x06, 0x00, 0xC0, 0x38, 0x0F, 0xDF, 0xFC, 0x7E,
    0xFF, 0xC7, 0xF1, 0x8C, 0x30, 0x3F, 0xF9, 0xFF, 0xFF, 0xC7, 0xE0, 0x00, 0x1C, 0x7F, 0xE0, 0x63,
    0xFF, 0x1F, 0xDF, 0xF8, 0xFF, 0xFF, 0xC7, 0xF7, 0x06, 0x06, 0x3F, 0xF0, 0x30, 0xFF, 0x81, 0xE3,
    0x30, 0x0F, 0x99, 0xB0, 0xF3, 0xCD, 0x87, 0x7C, 0x7C, 0x21, 0x81, 0xC0, 0x0C, 0x00, 0x00, 0xC0,
    0x38, 0x0C, 0x07, 0x00, 0xC1, 0xE0, 0x0C, 0x3C, 0x00, 0xCF, 0x80, 0x0D, 0xE0, 0x00, 0xC8, 0x00,
    0xFF, 0xFF, 0xEF, 0xFF, 0xFE, 0xFF, 0xFF, 0xE0, 0xC7, 0x00, 0x0C, 0x30, 0x00, 0xC3, 0x80, 0x0C,
    0x1C, 0x00, 0xC0, 0xF0, 0x0D, 0xE7, 0xC1, 0xFE, 0x3E, 0x1F, 0x00, 0xE1, 0x80, 0x00, 0x00, 0x00,
    0x0E, 0x7F, 0xF8, 0xEF, 0xFF, 0x0C, 0x00, 0x61, 0x83, 0x8C, 0xC0, 0x71, 0xB8, 0x0E, 0x37, 0x7F,
    0xFE, 0xEF, 0xFF, 0xDC, 0x0F, 0x1B, 0x83, 0xE3, 0x70, 0xFC, 0x6E, 0x3B, 0x8D, 0xCE, 0x71, 0xBF,
    0x8E, 0x37, 0xC1, 0xC6, 0xE1, 0xF8, 0xDC, 0x1E, 0x1B, 0x80, 0x0F, 0x30, 0x01, 0xC0, 0x00, 0x00,
    0x1C, 0xFF, 0xF3, 0x3F, 0xFC, 0x67, 0xFF, 0x1C, 0x00, 0xD8, 0x00, 0x36, 0x3F, 0x8D, 0x9F, 0xE3,
    0x67, 0xF8, 0xD9, 0xC6, 0x36, 0x71, 0x8D, 0x9C, 0x63, 0x67, 0x18, 0xD9, 0xFE, 0x36, 0x7F, 0x8D,
    0x98, 0x03, 0x60, 0x00, 0xD8, 0x00, 0x36, 0x00, 0x7D, 0x80, 0x1E, 0x00, 0x00, 0x0E, 0x7F, 0xF8,
    0xEF, 0xFF, 0x1D, 0xFF, 0xE1, 0x00, 0x0C, 0xC0, 0x01, 0xB9, 0xFF, 0x37, 0x3F, 0xE6, 0xE6, 0x1C,
    0xDC, 0xC3, 0x9B, 0x9F, 0xF3, 0x73, 0xFE, 0x6E, 0x61, 0xCD, 0xCC, 0x39, 0xB9, 0xFF, 0x37, 0x3F,
    0xE6, 0xE0, 0x00, 0xDC, 0x00, 0x1B, 0x80, 0x0F, 0x30, 0x01, 0xE0, 0x00, 0x00, 0x1C, 0xFF, 0xF3,
    0xBF, 0xFC, 0x60, 0x03, 0x17, 0x18, 0xD8, 0xC6, 0x36, 0x3B, 0x8D, 0x9F, 0xF3, 0x6F, 0xFC, 0xDB,
    0x83, 0x36, 0xE0, 0xCD, 0xBF, 0xF3, 0x67, 0xFC, 0xD8, 0x6C, 0x36, 0x33, 0x0D, 0x8C, 0xCF, 0x6E,
    0x3F, 0xDF, 0x0F, 0xB6, 0x00, 0x3D, 0x80, 0x0E, 0xFF, 0x7F, 0xFF, 0xFF, 0xFE, 0x6F, 0xFF, 0xBB,
    0x83, 0xEC, 0xE0, 0xFF, 0x38, 0x3F, 0xCE, 0x0F, 0xBB, 0xFF, 0xE6, 0xFF, 0xF9, 0xFF, 0xFE, 0x7E,
    0x0F, 0x9F, 0x83, 0xFE, 0xE0, 0xFF, 0xB8, 0x3E, 0x0E, 0x0F, 0x83, 0xFF, 0xE0, 0xFF, 0xF8, 0x38,
    0x3E, 0x0E, 0x0C, 0x00, 0x60, 0x8F, 0xE7, 0x1C, 0xFE, 0x61, 0xCE, 0xCE, 0x1C, 0xEC, 0xC1, 0xCF,
    0xDF, 0xFE, 0xF9, 0xFF, 0xEF, 0xBC, 0x1C, 0xFF, 0xC1, 0xCE, 0xED, 0x9C, 0xEC, 0xDD, 0xCE, 0xEC,
    0xDC, 0xEE, 0xCD, 0xCF, 0xEC, 0xFC, 0xFC, 0xC1, 0xCF, 0x8C, 0x1C, 0xE0, 0xC1, 0xCE, 0x0C, 0x1C,
    0xE0, 0xC7, 0xCE, 0x0C, 0x78, 0x00, 0x0C, 0x0F, 0xE0, 0xC0, 0xFE, 0x1E, 0x0C, 0xC3, 0xF0, 0xCC,
    0x73, 0x8D, 0x9E, 0x1E, 0xDB, 0xC0, 0xED, 0x9F, 0xFA, 0xDC, 0x7F, 0x8C, 0xC0, 0xC0, 0xCF, 0xFF,
    0xEC, 0x7F, 0xFE, 0xCF, 0xFF, 0xEF, 0xCC, 0xD8, 0xFC, 0xCD, 0xCC, 0x1C, 0xCC, 0xC3, 0x8C, 0xEC,
    0x30, 0xC6, 0xC1, 0x7C, 0x0C, 0x07, 0x80, 0x00, 0x06, 0x0F, 0xC0, 0xE0, 0xFE, 0x3F, 0xEC, 0xF7,
    0xFE, 0xDD, 0xFF, 0xED, 0x99, 0x80, 0xD8, 0x3F, 0xCD, 0x87, 0xFC, 0xDF, 0xF8, 0xCC, 0xF9, 0xFC,
    0xCD, 0x98, 0xCC, 0xD9, 0x8C, 0xCD, 0x9F, 0xCF, 0xD9, 0x8C, 0xFD, 0x98, 0xCC, 0x19, 0x9C, 0xC3,
    0xD9, 0xCC, 0x77, 0xFE, 0xC6, 0x3F, 0xEC, 0x00, 0x7C, 0x00, 0x20, 0x1F, 0xCE, 0x03, 0xF9, 0xFC,
    0x67, 0x7F, 0x8C, 0xDC, 0x61, 0x9F, 0xFF, 0xB6, 0x7F, 0xF6, 0xC0, 0x06, 0xDC, 0xFF, 0xD9, 0x9F,
    0xFB, 0x18, 0x03, 0x63, 0xFF, 0xEC, 0x7F, 0xFD, 0xFC, 0x70, 0x37, 0x5F, 0x66, 0x1F, 0x76, 0xC3,
    0x65, 0xF8, 0x6C, 0x7F, 0x19, 0xFD, 0xE0, 0x3F, 0x80, 0x7F, 0xFF, 0x87, 0xFF, 0xF1, 0xFF, 0xFF,
    0x7F, 0xFF, 0xFC, 0x0C, 0x0F, 0xBF, 0xBF, 0xF7, 0xB7, 0xB9, 0xFE, 0xFC, 0x3F, 0xDF, 0x1F, 0xFF,
    0xFF, 0xFF, 0xFF, 0x80, 0x60, 0x03, 0xFF, 0xFC, 0x7F, 0xFF, 0x8C, 0xC6, 0x71, 0x98, 0xCE, 0x33,
    0x19, 0xC6, 0x63, 0x78, 0xCC, 0x6E, 0x00, 0x7F, 0xFF, 0xDF, 0xFF, 0xFF, 0xFF, 0xFF, 0x80, 0x60,
    0x00, 0x1C, 0x00, 0xFF, 0xFF, 0x9F, 0xFF, 0xF3, 0x38, 0xC6, 0x67, 0xF8, 0xCC, 0xFF, 0x19, 0x9C,
    0x63, 0x33, 0x8C, 0x66, 0x7F, 0x8C, 0xCF, 0xF1, 0x99, 0xC6, 0x33, 0x38, 0xC6, 0x7F, 0xFF, 0xCF,
    0xFF, 0xF9, 0x80, 0x03, 0x00, 0xFF, 0xFF, 0xFF, 0xFF, 0xFC, 0x03, 0x80, 0x00, 0xE0, 0x03, 0xFF,
    0xF8, 0x7F, 0xFF, 0x0E, 0x00, 0xE1, 0xC7, 0x1C, 0x38, 0xE3, 0x87, 0x1C, 0x70, 0xE3, 0x8E, 0x1C,
    0x71, 0xC3, 0x8E, 0x38, 0x71, 0xA7, 0x0C, 0x7F, 0x60, 0x3C, 0xF8, 0x3F, 0x07, 0xDF, 0x80, 0x3F,
    0x80, 0x03, 0x00, 0x00, 0x7F, 0xF3, 0xFF, 0xFF, 0x9F, 0xE1, 0x80, 0x18, 0x1C, 0x00, 0xC7, 0xFF,
    0x06, 0x3F, 0xF8, 0x31, 0xC9, 0xC1, 0x8E, 0xEE, 0x0C, 0x77, 0x70, 0x63, 0xBB, 0x83, 0x1D, 0xDC,
    0x18, 0xEE, 0xE0, 0xC7, 0x77, 0x06, 0x1B, 0x38, 0x30, 0x3E, 0x01, 0x83, 0xF8, 0x7C, 0x7C, 0xF3,
    0xE7, 0x83, 0x80, 0x18, 0x0C, 0x00, 0xFF, 0xF0, 0x07, 0xFF, 0x9F, 0xC3, 0x80, 0xFE, 0x18, 0x01,
    0xCF, 0xFE, 0x0E, 0x7F, 0xF0, 0x73, 0x99, 0x83, 0x9D, 0xCC, 0x1C, 0xEE, 0x60, 0xE7, 0x73, 0x07,
    0x3B, 0x98, 0x3F, 0xDC, 0xC3, 0xFE, 0xE6, 0x7E, 0x76, 0x31, 0x80, 0x7E, 0x00, 0x07, 0x78, 0x00,
    0xF0, 0xE0, 0x0F, 0x03, 0x80, 0x60, 0x0C, 0x31, 0xBF, 0xF7, 0x5B, 0xFF, 0x7D, 0x87, 0x07, 0xD8,
    0x70, 0x7D, 0xBF, 0xF7, 0xDB, 0xFF, 0x7D, 0xB8, 0x77, 0xDB, 0xB7, 0x7D, 0xBB, 0x77, 0xDB, 0xB7,
    0x7D, 0xBB, 0x77, 0xDB, 0xB7, 0x7D, 0xBB, 0x76, 0xDB, 0x76, 0x6D, 0x87, 0x86, 0xD8, 0xFC, 0x61,
    0x9C, 0xEE, 0x1F, 0x87, 0x40, 0x30, 0x20, 0x7F, 0xFF, 0xF7, 0xFF, 0xFF, 0x03, 0x83, 0x03, 0x70,
    0x70, 0x3E, 0x3F, 0xF1, 0xE3, 0xFF, 0x0F, 0x33, 0x7F, 0xFF, 0x37, 0xFF, 0xF3, 0x70, 0xDB, 0x37,
    0x0D, 0xB3, 0x70, 0xDB, 0x37, 0x0C, 0x37, 0x70, 0xC3, 0x66, 0x0C, 0x07, 0x80, 0xC0, 0xFC, 0x0C,
    0x3C, 0xE7, 0xCF, 0x07, 0x38, 0x60, 0x30, 0x06, 0x00, 0x00, 0x30, 0xFF, 0x8D, 0x8F, 0xFC, 0x6F,
    0xBF, 0xE3, 0x7C, 0x30, 0x1B, 0x0F, 0xF9, 0xFF, 0x7F, 0xDF, 0xFF, 0x6E, 0x7F, 0xFB, 0x70, 0x30,
    0xDB, 0x8D, 0xBE, 0xDC, 0x6D, 0xB6, 0xE7, 0x6D, 0xB7, 0x33, 0xED, 0xB9, 0x9E, 0x6D, 0xC0, 0xE0,
    0xF0, 0x0F, 0x07, 0xC1, 0xF0, 0xF7, 0x1E, 0x1F, 0x1C, 0xC0, 0x60, 0x60, 0x3F, 0xFF, 0xF1, 0xFF,
    0xFF, 0x8C, 0x30, 0xC0, 0x7F, 0xBF, 0xC3, 0xFD, 0xFE, 0x1F, 0xEC, 0x30, 0xFF, 0x6D, 0x80, 0x03,
    0x6C, 0x7F, 0xFB, 0x63, 0xFF, 0xDB, 0x0D, 0x86, 0xD8, 0x6C, 0x3E, 0xC3, 0x7D, 0xFE, 0x1B, 0xE7,
    0xE0, 0xF8, 0x73, 0x87, 0xCF, 0x06, 0x6F, 0xF0, 0x33, 0x1F, 0xFF, 0x90, 0x0F, 0xF8, 0x18, 0x06,
    0x00, 0xC0, 0x70, 0x0E, 0x3F, 0xF8, 0x7F, 0x8C, 0xC3, 0xFF, 0xFE, 0x19, 0xFF, 0xF1, 0xDC, 0x18,
    0x0C, 0xFF, 0xFE, 0xFB, 0xFF, 0xF2, 0xC3, 0xFF, 0x06, 0x3F, 0xF8, 0x31, 0xC1, 0xC1, 0x8E, 0xEE,
    0x0C, 0x77, 0x70, 0x63, 0xBB, 0x83, 0xFD, 0x9C, 0x1E, 0x5F, 0xC0, 0xE3, 0xDE, 0x0E, 0x7C, 0x3C,
    0x21, 0x80, 0x40, 0x0C, 0x06, 0x01, 0xC1, 0xC0, 0x38, 0x38, 0x7F, 0xFF, 0xFF, 0xFF, 0xFE, 0x01,
    0xC0, 0x0F, 0xFF, 0xC1, 0xFF, 0xFC, 0x3F, 0xFF, 0x87, 0x00, 0x70, 0xFF, 0xFE, 0x1F, 0xFF, 0xC3,
    0x80, 0x38, 0x7F, 0xFF, 0x0F, 0xFF, 0xE1, 0xC0, 0x1C, 0x38, 0x03, 0x87, 0xFF, 0xF0, 0xFF, 0xFE,
    0x18, 0x01, 0xC0, 0x00, 0x06, 0x03, 0xF8, 0x30, 0x1F, 0xC3, 0xC0, 0x06, 0x1F, 0x03, 0x31, 0x9C,
    0x19, 0x9C, 0x70, 0xCD, 0xC3, 0xC6, 0x7F, 0xFE, 0x37, 0xDF, 0x93, 0xB0, 0x10, 0x1F, 0xE9, 0x8C,
    0xFF, 0x6C, 0xC0, 0x1B, 0x36, 0x02, 0xD9, 0xF1, 0xFE, 0x6F, 0x1F, 0x72, 0x18, 0x03, 0x01, 0x80,
    0x1B, 0xFF, 0x87, 0xDF, 0xFC, 0x3C, 0x00, 0x00, 0x00, 0xC0, 0x00, 0x38, 0x00, 0x7F, 0xFC, 0x1F,
    0xFF, 0x83, 0x80, 0x30, 0x77, 0x06, 0x0E, 0xF8, 0xC1, 0xC7, 0xF8, 0x38, 0x1E, 0x07, 0x01, 0x00,
    0xFF, 0xFF, 0x9F, 0xFF, 0xE0, 0x00, 0x0C, 0x00, 0x01, 0xBF, 0xFF, 0x37, 0xFF, 0xE6, 0x00, 0x00,
    0xC0, 0x00, 0x38, 0x00, 0x3E, 0x00, 0x07, 0x80, 0x00, 0x30, 0x01, 0xFF, 0xFE, 0x3F, 0xFF, 0xF3,
    0x9B, 0xF0, 0x33, 0xBF, 0xE3, 0x77, 0xFE, 0x3F, 0xFF, 0xE3, 0xFF, 0xFE, 0x33, 0x3F, 0xE3, 0x33,
    0xFF, 0x33, 0xFF, 0xF3, 0x3F, 0xFC, 0x33, 0xFF, 0xC3, 0x37, 0xBC, 0x33, 0xFF, 0xE7, 0x3F, 0xFF,
    0x7F, 0xFF, 0x36, 0xFF, 0xFF, 0xE0, 0x03, 0xE4, 0x00, 0x3E, 0x00, 0x03, 0x01, 0xFE, 0x1C, 0x1F,
    0xF8, 0xF0, 0xFF, 0xC7, 0xC7, 0xFE, 0x36, 0x3F, 0xF1, 0x91, 0xBF, 0xFF, 0xCF, 0xFF, 0xFE, 0x3F,
    0xC3, 0x00, 0x30, 0x18, 0x1F, 0xF1, 0xE0, 0x7F, 0x8F, 0x00, 0x6C, 0x78, 0x3F, 0xF3, 0xC1, 0xFE,
    0x3B, 0x07, 0xF9, 0x98, 0x6F, 0xDC, 0x63, 0x7B, 0xC3, 0x9B, 0x4E, 0x0E, 0x00, 0x20, 0x20, 0x00,
    0x60, 0x00, 0x03, 0x80, 0x1F, 0xFF, 0xFC, 0xFF, 0xFF, 0xE0, 0x70, 0x70, 0x01, 0xC7, 0x00, 0x07,
    0x70, 0x00, 0x1F, 0x00, 0x03, 0xFE, 0x03, 0xFE, 0xFF, 0x9F, 0x80, 0xFC, 0x4E, 0x0E, 0x00, 0x70,
    0x70, 0x03, 0x03, 0x80, 0x18, 0x1C, 0x00, 0xC0, 0xE0, 0x0E, 0x07, 0x00, 0xF0, 0x38, 0x0F, 0x01,
    0xC0, 0x30, 0x0E, 0x00, 0x00, 0x60, 0x03, 0x1C, 0x00, 0x63, 0xFE, 0x0C, 0x7F, 0xC1, 0x8E, 0x00,
    0x31, 0xC0, 0x3F, 0xFF, 0xFF, 0xFF, 0xFF, 0x60, 0x60, 0xCE, 0x1C, 0x19, 0xC3, 0x03, 0x38, 0x70,
    0x67, 0x1F, 0x0C, 0xE7, 0x71, 0x9D, 0xC7, 0xB3, 0xF0, 0x7E, 0x7C, 0x02, 0xCF, 0xFF, 0xF9, 0xFF,
    0xFF, 0x00, 0x00, 0x60, 0x00, 0x00, 0x20, 0x00, 0x06, 0x60, 0x00, 0x7E, 0x00, 0x07, 0xE0, 0x00,
    0x3E, 0x00, 0x03, 0xE0, 0x00, 0x77, 0xFF, 0xFE, 0x3F, 0xFF, 0xC0, 0xFF, 0xC0, 0x00, 0x00, 0x00,
    0x01, 0x00, 0x01, 0xF8, 0x00, 0x0F, 0x80, 0x00, 0x60, 0x00, 0x06, 0x00, 0x00, 0x00, 0x00, 0x00,
    0x00, 0x00, 0x60, 0x00, 0x00, 0xE0, 0x00, 0x00, 0xE0, 0x00, 0x30, 0xE0, 0x00, 0x78, 0xE0, 0x01,
    0xF8, 0x7F, 0xFF, 0xFF, 0x3F, 0xFF, 0x1F, 0x0F, 0xF0, 0x00, 0x00, 0x00, 0x00, 0x00, 0x00, 0x00,
    0x01, 0xF0, 0x00, 0x01, 0xB0, 0x00, 0x00, 0xE0, 0x00, 0x00, 0xE0, 0x00, 0x00, 0x40, 0x00, 0x08,
    0x71, 0xC3, 0x0C, 0x30, 0xDF, 0x78, 0x00, 0x1F, 0x6C, 0xE3, 0x84, 0x1C, 0x0C, 0x06, 0x07, 0x0F,
    0xFF, 0xFC, 0x00, 0x00, 0x7C, 0x3E, 0x06, 0x07, 0x00, 0x00, 0x00, 0x00, 0x00, 0x0C, 0x00, 0x00,
    0xF8, 0x00, 0x0F, 0x80, 0x00, 0xF8, 0x00, 0x1F, 0x80, 0x00, 0xF0, 0x20, 0x00, 0x06, 0x60, 0x00,
    0x7E, 0x00, 0x07, 0xE0, 0x00, 0x3E, 0x00, 0x03, 0xE0, 0x00, 0x77, 0xFF, 0xFE, 0x3F, 0xFF, 0xC0,
    0xFF, 0xC0, 0x00, 0x00, 0x00, 0x00, 0xC0, 0x00, 0x00, 0xF8, 0x00, 0x00, 0xF8, 0x00, 0x00, 0xFC,
    0x00, 0x01, 0xF8, 0x00, 0x00, 0xF0, 0x00, 0x00, 0x00, 0x00, 0x60, 0x00, 0x00, 0xE0, 0x00, 0x00,
    0xE0, 0x00, 0x30, 0xE0, 0x00, 0x78, 0xE0, 0x01, 0xF8, 0x7F, 0xFF, 0xFF, 0x3F, 0xFF, 0x1F, 0x0F,
    0xF0, 0x00, 0x01, 0x87, 0x9F, 0x6F, 0xFF, 0x00, 0x10, 0xC3, 0x0E, 0x38, 0x63, 0xBC, 0xF0, 0x00,
    0x00, 0x18, 0x0F, 0x07, 0xC3, 0xE3, 0xF0, 0xF0, 0x00, 0x00, 0x0E, 0x06, 0x03, 0x03, 0x87, 0xFF,
    0xFE, 0x00, 0x7E, 0x07, 0xFE, 0x13, 0xFE, 0x07, 0xF0, 0xFC, 0x0F, 0x00, 0xE0, 0x0E, 0x00, 0x67,
    0xC7, 0x36, 0x30, 0xC1, 0x87, 0x0C, 0x00, 0x70, 0x01, 0xE0, 0x07, 0xFF, 0x1F, 0xF8, 0x0C, 0x00,
    0x7E, 0x00, 0x7F, 0xE0, 0x13, 0xFE, 0x00, 0x7F, 0x00, 0xFF, 0x00, 0xF3, 0x80, 0xE0, 0xE0, 0xE0,
    0x7E, 0x67, 0xDF, 0x73, 0x60, 0x30, 0xC0, 0x18, 0x70, 0x0C, 0x00, 0x07, 0x00, 0x01, 0xE0, 0x00,
    0x7F, 0xF0, 0x1F, 0xF8, 0x00, 0xC0, 0x00, 0x38, 0x07, 0xF0, 0x7F, 0x80, 0x1F, 0x03, 0xF0, 0xF8,
    0xFE, 0x0F, 0x80, 0x00, 0x00, 0x80, 0x1F, 0x81, 0xF0, 0x06, 0x00, 0xE0, 0x00, 0x00, 0x38, 0x00,
    0xFE, 0x01, 0xFE, 0x00, 0x0F, 0x80, 0x3F, 0x01, 0xFC, 0x3F, 0x9F, 0x7C, 0x1F, 0x00, 0x00, 0x00,
    0x00, 0x6C, 0x00, 0xD8, 0x00, 0xE0, 0x01, 0xC0, 0x01, 0x00, 0x00, 0x00, 0x0C, 0x07, 0x83, 0xE1,
    0xB1, 0xF0, 0xF0, 0x00, 0x00, 0x03, 0x03, 0x80, 0xE0, 0x30, 0x1C, 0x06, 0x03, 0x41, 0xBF, 0xDF,
    0xC0, 0x00, 0x00, 0x00, 0xC0, 0x07, 0x80, 0x3E, 0x01, 0xB0, 0x1F, 0x80, 0xF0, 0x00, 0x00, 0x00,
    0x00, 0x30, 0x03, 0x80, 0x0E, 0x00, 0x30, 0x01, 0xC0, 0x06, 0x00, 0x38, 0x41, 0xC3, 0xFF, 0x9F,
    0xDC, 0x00, 0x00, 0x00, 0x1C, 0x1C, 0x36, 0x3E, 0x12, 0x00, 0x00, 0x0C, 0x0E, 0x06, 0x07, 0x07,
    0x07, 0x06, 0x0E, 0x1C, 0x7C, 0xF0, 0x60, 0x00, 0x03, 0x80, 0x70, 0x1B, 0x03, 0xE0, 0x08, 0x00,
    0x00, 0x00, 0x0C, 0x01, 0xC0, 0x18, 0x03, 0x80, 0x70, 0x0F, 0x81, 0xF8, 0x70, 0x1C, 0x0F, 0x83,
    0xE0, 0x30, 0x00, 0x00, 0x18, 0x1E, 0x1F, 0x1B, 0x3F, 0x3C, 0x00, 0x00, 0x0C, 0x0E, 0x06, 0x07,
    0x07, 0x07, 0x06, 0x0E, 0x1C, 0x7C, 0xF0, 0x60, 0x00, 0x06, 0x00, 0x78, 0x0F, 0x83, 0xB0, 0x7C,
    0x0F, 0x00, 0x00, 0x00, 0x01, 0x80, 0x38, 0x03, 0x00, 0x70, 0x0E, 0x01, 0xF0, 0x3F, 0x0E, 0x03,
    0x81, 0xF0, 0x7C, 0x06, 0x00, 0x00, 0x00, 0x40, 0x00, 0x3C, 0x00, 0x1F, 0x00, 0x0F, 0x80, 0x03,
    0xC0, 0x00, 0x70, 0x00, 0x0F, 0x00, 0x00, 0xF0, 0x60, 0x07, 0x1C, 0x00, 0x73, 0x80, 0x06, 0x70,
    0x00, 0xCE, 0x00, 0x18, 0xFF, 0xFF, 0x0F, 0xFF, 0xC0, 0x7F, 0xC0, 0x00, 0x00, 0x40, 0x00, 0x07,
    0x80, 0x00, 0x7C, 0x00, 0x07, 0xC0, 0x00, 0x3C, 0x00, 0x00, 0xE0, 0x00, 0x03, 0xC0, 0x00, 0x07,
    0x80, 0x60, 0x0F, 0x03, 0x80, 0x1E, 0x0E, 0x00, 0x38, 0x38, 0x00, 0x70, 0xE0, 0x01, 0xE1, 0xFF,
    0xFF, 0xE3, 0xFF, 0xF7, 0xC3, 0xFE, 0x00, 0x01, 0x83, 0xC7, 0xCF, 0x87, 0x07, 0x01, 0xC0, 0x70,
    0x1C, 0x07, 0x01, 0x80, 0xE0, 0x77, 0xF3, 0xF0, 0x00, 0x01, 0x80, 0x78, 0x1F, 0x07, 0xC0, 0x70,
    0x0E, 0x00, 0x70, 0x03, 0x80, 0x1C, 0x00, 0xE0, 0x06, 0x00, 0x70, 0x07, 0x8F, 0xFF, 0xFC, 0xF0,
    0x00, 0x00, 0x00, 0x00, 0x00, 0x30, 0x00, 0x1E, 0x00, 0x0F, 0xA0, 0x03, 0xDE, 0x00, 0x6F, 0x80,
    0x07, 0xC0, 0x01, 0xE0, 0x00, 0x38, 0x00, 0x07, 0x80, 0x00, 0x78, 0x30, 0x03, 0x8E, 0x00, 0x39,
    0xC0, 0x03, 0x38, 0x00, 0x67, 0x00, 0x0C, 0x7F, 0xFF, 0x87, 0xFF, 0xE0, 0x3F, 0xE0, 0x00, 0x00,
    0x00, 0x00, 0x00, 0x06, 0x00, 0x00, 0x78, 0x00, 0x07, 0xD0, 0x00, 0x3D, 0xE0, 0x00, 0xDF, 0x00,
    0x01, 0xF0, 0x00, 0x0F, 0x00, 0x00, 0x38, 0x00, 0x00, 0xF0, 0x00, 0x01, 0xE0, 0x18, 0x03, 0xC0,
    0xE0, 0x07, 0x83, 0x80, 0x0E, 0x0E, 0x00, 0x1C, 0x38, 0x00, 0x78, 0x7F, 0xFF, 0xF8, 0xFF, 0xFD,
    0xF0, 0xFF, 0x80, 0x00, 0x00, 0x03, 0x87, 0xC7, 0xBF, 0x7E, 0xF9, 0xF0, 0xE0, 0xE0, 0x38, 0x0E,
    0x03, 0x80, 0xE0, 0x30, 0x1C, 0x0E, 0xFE, 0x7E, 0x00, 0x00, 0x00, 0x00, 0x70, 0x1F, 0x03, 0xD8,
    0xF7, 0x8D, 0xF0, 0x7C, 0x07, 0x00, 0xE0, 0x07, 0x00, 0x38, 0x01, 0xC0, 0x0E, 0x00, 0x60, 0x07,
    0x00, 0x78, 0xFF, 0xFF, 0xCF, 0x00, 0x00, 0x00, 0x10, 0x00, 0xE0, 0x03, 0x98, 0x06, 0x60, 0x1B,
    0x80, 0x7E, 0x01, 0xF8, 0x06, 0xE0, 0x39, 0xE3, 0xC3, 0xFF, 0x07, 0xF0, 0x00, 0x38, 0x00, 0x1C,
    0x18, 0x06, 0x0C, 0x03, 0x8E, 0x01, 0xF7, 0x00, 0xFF, 0x80, 0x61, 0xC0, 0x70, 0x78, 0x78, 0x1F,
    0xF8, 0x07, 0xF0, 0x00, 0x18, 0x1C, 0x3E, 0x7E, 0x67, 0xE3, 0xE3, 0xE3, 0x7F, 0x7E, 0x3E, 0x07,
    0xE0, 0xE6, 0x0E, 0x70, 0xE3, 0x0E, 0x3E, 0x61, 0xE0, 0x00, 0x11, 0x8C, 0x73, 0x8C, 0xFE, 0xF1,
    0x08, 0xE7, 0x00, 0x00, 0x06, 0x03, 0xC7, 0x79, 0xE3, 0x78, 0x7C, 0x07, 0x80, 0xF0, 0x0E, 0x00,
    0x80, 0x00, 0x00, 0x1C, 0x00, 0x78, 0x03, 0xF0, 0x0D, 0xE0, 0x73, 0xC1, 0xCF, 0x83, 0x76, 0x0F,
    0x9B, 0xFF, 0xEF, 0xFF, 0x8C, 0x18, 0x01, 0xC0, 0x0F, 0x80, 0x7E, 0x03, 0x98, 0x0E, 0x60, 0x33,
    0x80, 0xDC, 0x3F, 0xFF, 0xFF, 0xFC, 0x30, 0xC0, 0xE3, 0x03, 0xFC, 0x07, 0xF0, 0x07, 0x00, 0x00,
    0x01, 0xC0, 0x1E, 0x03, 0xF0, 0x37, 0x87, 0x3C, 0x73, 0xE3, 0x76, 0x3E, 0x6F, 0xFE, 0xFF, 0xE0,
    0x18, 0x07, 0x01, 0xF0, 0x1F, 0x83, 0xB8, 0x33, 0x83, 0x38, 0x77, 0x0F, 0xFF, 0xFF, 0xF7, 0x1C,
    0x30, 0xC3, 0xFC, 0x1F, 0x80, 0xF0, 0x06, 0x00, 0x01, 0xE0, 0x00, 0x7E, 0x00, 0x0F, 0xC0, 0x03,
    0x98, 0x00, 0xE0, 0x00, 0x38, 0x00, 0x07, 0x00, 0x00, 0x7F, 0xFF, 0xE7, 0xFF, 0xFC, 0x1F, 0xFC,
    0x00, 0x07, 0xF9, 0xFF, 0xFF, 0xF9, 0xC0, 0x0C, 0x00, 0x7C, 0x01, 0xFF, 0xE1, 0xFF, 0x38, 0x00,
    0x07, 0x00, 0x00, 0xC0, 0x00, 0x1E, 0x00, 0x03, 0x80, 0x00, 0x0C, 0x00, 0x03, 0xC0, 0x00, 0xFC,
    0x00, 0x1F, 0x80, 0x07, 0x30, 0x01, 0xC0, 0x00, 0x70, 0x00, 0x0E, 0x00, 0x00, 0xFF, 0xFF, 0xCF,
    0xFF, 0xF8, 0x3F, 0xF8, 0x38, 0x01, 0xC0, 0x0C, 0x00, 0x78, 0x03, 0x80, 0x03, 0xFC, 0xFF, 0xFF,
    0xFC, 0xE0, 0x06, 0x00, 0x3E, 0x00, 0xFF, 0xF0, 0xFF, 0x80, 0x00, 0x1E, 0x00, 0x7F, 0x00, 0x72,
    0x00, 0xE0, 0x00, 0xC0, 0x60, 0xE0, 0x60, 0xF8, 0xE0, 0x7E, 0xE0, 0x0E, 0xE0, 0x0E, 0xE0, 0x1E,
    0x78, 0x7C, 0x3F, 0xF8, 0x1F, 0xE0, 0x60, 0x00, 0x30, 0x1C, 0x38, 0x0F, 0xDC, 0x03, 0xFE, 0x00,
    0x67, 0x00, 0x71, 0xE0, 0xF0, 0x7F, 0xF0, 0x1F, 0xE0, 0x00, 0x08, 0x71, 0xC3, 0x0C, 0x30, 0xDF,
    0x78, 0x00, 0x1B, 0x6C, 0x1C, 0x0C, 0x06, 0x07, 0x0F, 0xFF, 0xFC, 0x00, 0x00, 0x7E, 0x3E, 0x00,
    0x1C, 0x3E, 0x7C, 0x60, 0x60, 0x73, 0x3F, 0xFE, 0xF8, 0x00, 0x78, 0x7F, 0x0E, 0x00, 0x18, 0x1C,
    0x1C, 0x1C, 0x1C, 0x1C, 0x1C, 0x1C, 0x1C, 0x1C, 0x1C, 0x1C, 0x1C, 0x1C, 0x78, 0x1F, 0xC0, 0xE0,
    0x00, 0x1C, 0x07, 0x01, 0xC0, 0x70, 0x1C, 0x07, 0x01, 0xC0, 0x70, 0x1C, 0x07, 0x00, 0xC0, 0x30,
    0x0C, 0x03, 0xE0, 0x78, 0x00, 0xF7, 0x31, 0xFE, 0x01, 0x8E, 0x73, 0x9C, 0xE7, 0x39, 0xCE, 0x73,
    0x9C, 0xE0, 0xF0, 0xE0, 0xC0, 0xF8, 0xE0, 0x00, 0x70, 0x70, 0x70, 0x70, 0x70, 0x70, 0x70, 0x70,
    0x70, 0x70, 0x30, 0x30, 0x30, 0x3E, 0x1E, 0x00, 0x1C, 0x1E, 0x0E, 0x03, 0xC3, 0xC0, 0x00, 0x78,
    0x7E, 0x77, 0x31, 0x98, 0xEF, 0xF3, 0xF0, 0x78, 0x1C, 0x7C, 0x7C, 0x38, 0x00, 0x1C, 0x07, 0x80,
    0xE0, 0x0F, 0x03, 0xC0, 0x00, 0x07, 0x81, 0xF8, 0x77, 0x0C, 0x61, 0x8E, 0x3F, 0xF3, 0xFE, 0x0E,
    0x01, 0xC1, 0xF0, 0x7C, 0x0E, 0x00, 0xE7, 0x39, 0xCE, 0x73, 0x9C, 0xE7, 0x39, 0xCE, 0x31, 0x80,
    0xF7, 0x31, 0xEE, 0x00, 0xE1, 0xC3, 0x87, 0x0E, 0x1C, 0x38, 0x70, 0xE1, 0xC1, 0x83, 0x06, 0x0F,
    0x8F, 0x00, 0xF1, 0xC3, 0x07, 0x8E, 0x00, 0x1C, 0x1E, 0x38, 0x7F, 0x30, 0x72, 0x3E, 0xE0, 0x3C,
    0xC0, 0x60, 0xE0, 0x60, 0xF8, 0xE0, 0x7E, 0xE0, 0x0E, 0xE0, 0x0E, 0xE0, 0x1E, 0x78, 0x7C, 0x3F,
    0xF8, 0x1F, 0xE0, 0x1C, 0x00, 0x1C, 0x00, 0x0C, 0x00, 0x07, 0xC0, 0x03, 0xC0, 0x03, 0x00, 0x01,
    0x80, 0xE1, 0xC0, 0x7E, 0xE0, 0x1F, 0xF0, 0x03, 0x38, 0x03, 0x8F, 0x07, 0x83, 0xFF, 0x80, 0xFF,
    0x00, 0x77, 0x30, 0xFF, 0x00, 0x46, 0x31, 0xCE, 0x33, 0xFB, 0xC0, 0x78, 0x38, 0x18, 0x0F, 0x07,
    0x00, 0x00, 0x60, 0x30, 0x38, 0x1C, 0x3F, 0xDD, 0xE0, 0x00, 0xFF, 0xFF, 0xFF, 0xFF, 0xFE, 0xD8,
    0xE1, 0xC3, 0x87, 0x0E, 0x1C, 0x38, 0x70, 0xE1, 0xC1, 0x83, 0x06, 0x0F, 0x8F, 0x00, 0x00, 0x00,
    0x20, 0x00, 0x06, 0x60, 0x00, 0x7E, 0x00, 0x07, 0xE0, 0x00, 0x3E, 0x00, 0x03, 0xE0, 0x00, 0x77,
    0xFF, 0xFE, 0x3F, 0xFF, 0xC0, 0xFF, 0xC0, 0x00, 0x00, 0x00, 0x06, 0x00, 0x00, 0x60, 0x00, 0x00,
    0x00, 0x00, 0x60, 0x00, 0x00, 0xE0, 0x00, 0x00, 0xE0, 0x00, 0x30, 0xE0, 0x00, 0x78, 0xE0, 0x01,
    0xF8, 0x7F, 0xFF, 0xFF, 0x3F, 0xFF, 0x1F, 0x0F, 0xF0, 0x00, 0x00, 0x00, 0x00, 0x00, 0xE0, 0x00,
    0x00, 0xE0, 0x00, 0x11, 0x8C, 0x73, 0x8C, 0xFE, 0xF0, 0x00, 0xE6, 0x00, 0x18, 0x0C, 0x0E, 0x07,
    0x0F, 0xF7, 0x78, 0x00, 0x00, 0x38, 0x1C, 0x00, 0x36, 0x3E, 0x04, 0x00, 0x18, 0x1C, 0x3E, 0x7E,
    0x67, 0xE3, 0xE3, 0xE3, 0x7F, 0x7E, 0x1F, 0x03, 0xF0, 0x12, 0x00, 0x00, 0x03, 0x00, 0x70, 0x1F,
    0x03, 0xF0, 0x73, 0x0E, 0x30, 0xE3, 0x07, 0xF0, 0x7F, 0x80, 0xFE, 0x01, 0xE0, 0x00, 0x00, 0xF8,
    0x00, 0x1F, 0x80, 0x00, 0x90, 0x20, 0x00, 0x06, 0x60, 0x00, 0x7E, 0x00, 0x07, 0xE0, 0x00, 0x3E,
    0x00, 0x03, 0xE0, 0x00, 0x77, 0xFF, 0xFE, 0x3F, 0xFF, 0xC0, 0xFF, 0xC0, 0x00, 0xF8, 0x00, 0x01,
    0xF8, 0x00, 0x00, 0x90, 0x00, 0x00, 0x00, 0x00, 0x60, 0x00, 0x00, 0xE0, 0x00, 0x00, 0xE0, 0x00,
    0x30, 0xE0, 0x00, 0x78, 0xE0, 0x01, 0xF8, 0x7F, 0xFF, 0xFF, 0x3F, 0xFF, 0x1F, 0x0F, 0xF0, 0x00,
    0xDB, 0xE4, 0x00, 0x10, 0xC3, 0x0E, 0x38, 0x63, 0xBC, 0xF0, 0x00, 0x3E, 0x3F, 0x09, 0x00, 0x01,
    0xC0, 0xC0, 0x60, 0x70, 0xFF, 0xFF, 0xC0, 0x00, 0x00, 0x00, 0x00, 0x06, 0x00, 0x00, 0x60, 0x00,
    0x0F, 0x80, 0x01, 0xF8, 0x00, 0x09, 0x02, 0x00, 0x00, 0x66, 0x00, 0x07, 0xE0, 0x00, 0x7E, 0x00,
    0x03, 0xE0, 0x00, 0x3E, 0x00, 0x07, 0x7F, 0xFF, 0xE3, 0xFF, 0xFC, 0x0F, 0xFC, 0x00, 0x00, 0x00,
    0x00, 0x00, 0x70, 0x00, 0x00, 0x60, 0x00, 0x00, 0xF8, 0x00, 0x01, 0xF8, 0x00, 0x00, 0x90, 0x00,
    0x00, 0x00, 0x00, 0x60, 0x00, 0x00, 0xE0, 0x00, 0x00, 0xE0, 0x00, 0x30, 0xE0, 0x00, 0x78, 0xE0,
    0x01, 0xF8, 0x7F, 0xFF, 0xFF, 0x3F, 0xFF, 0x1F, 0x0F, 0xF0, 0x00, 0x01, 0xC7, 0x36, 0xF9, 0x00,
    0x04, 0x30, 0xC3, 0x8E, 0x18, 0xEF, 0x3C, 0x00, 0x00, 0x0C, 0x06, 0x07, 0xC7, 0xE1, 0x20, 0x00,
    0x38, 0x18, 0x0C, 0x0E, 0x1F, 0xFF, 0xF8, 0x00, 0x7C, 0x07, 0xFC, 0x13, 0xFC, 0x07, 0xE0, 0xF8,
    0x0F, 0x00, 0xE0, 0x0E, 0x00, 0xE0, 0x07, 0x1C, 0x30, 0xE1, 0x80, 0x0C, 0x00, 0x70, 0x01, 0xC0,
    0x4F, 0xFF, 0x1F, 0xF0, 0x1C, 0x00, 0x7C, 0x01, 0xFF, 0x01, 0x3F, 0xC0, 0x1F, 0x80, 0xFC, 0x03,
    0xD8, 0x0E, 0x38, 0x38, 0x3F, 0xE0, 0x3F, 0xC7, 0x03, 0x0E, 0x06, 0x00, 0x0C, 0x00, 0x1C, 0x00,
    0x1C, 0x04, 0x3F, 0xFC, 0x1F, 0xF0, 0x07, 0x00, 0x38, 0x07, 0xF0, 0x7F, 0x80, 0x1F, 0x03, 0xF0,
    0xF8, 0xFE, 0x0F, 0x80, 0x00, 0x00, 0x00, 0x06, 0x00, 0x60, 0x38, 0x00, 0xFE, 0x01, 0xFE, 0x00,
    0x0F, 0x80, 0x3F, 0x01, 0xFC, 0x3F, 0x9F, 0x7C, 0x1F, 0x00, 0x00, 0x00, 0x00, 0x38, 0x00, 0x70,
    0x00, 0x7C, 0x07, 0xFC, 0x13, 0xFC, 0x07, 0xE0, 0xF8, 0x0F, 0x00, 0xE0, 0x0E, 0x00, 0xE0, 0x07,
    0x00, 0x30, 0x01, 0x80, 0x0C, 0x00, 0x70, 0x01, 0xC0, 0x4F, 0xFF, 0x1F, 0xF0, 0x1C, 0x00, 0x7C,
    0x01, 0xFF, 0x01, 0x3F, 0xC0, 0x1F, 0x80, 0xFC, 0x03, 0xD8, 0x0E, 0x38, 0x38, 0x3F, 0xE0, 0x3F,
    0xC0, 0x03, 0x00, 0x06, 0x00, 0x0C, 0x00, 0x1C, 0x00, 0x1C, 0x04, 0x3F, 0xFC, 0x1F, 0xF0, 0x07,
    0x00, 0x38, 0x07, 0xF0, 0x7F, 0x80, 0x1F, 0x03, 0xF0, 0xF8, 0xFE, 0x0F, 0x80, 0x00, 0x00, 0x38,
    0x00, 0xFE, 0x01, 0xFE, 0x00, 0x0F, 0x80, 0x3F, 0x01, 0xFC, 0x3F, 0x9F, 0x7C, 0x1F, 0x00, 0x00,
    0x07, 0x00, 0x38, 0x00, 0x80, 0x00, 0x07, 0xC0, 0x7F, 0xC1, 0x3F, 0xC0, 0x7E, 0x0F, 0x80, 0xF0,
    0x0E, 0x00, 0xE0, 0x0E, 0x00, 0x70, 0x03, 0x00, 0x18, 0x00, 0xC0, 0x07, 0x00, 0x1C, 0x04, 0xFF,
    0xF1, 0xFF, 0x01, 0xC0, 0x07, 0x00, 0x0E, 0x00, 0x08, 0x00, 0x00, 0x07, 0xC0, 0x1F, 0xF0, 0x13,
    0xFC, 0x01, 0xF8, 0x0F, 0xC0, 0x3D, 0x80, 0xE3, 0x83, 0x83, 0xFE, 0x03, 0xFC, 0x00, 0x30, 0x00,
    0x60, 0x00, 0xC0, 0x01, 0xC0, 0x01, 0xC0, 0x43, 0xFF, 0xC1, 0xFF, 0x00, 0x70, 0x00, 0x38, 0x03,
    0x80, 0x10, 0x00, 0x00, 0x38, 0x07, 0xF0, 0x7F, 0x80, 0x1F, 0x03, 0xF0, 0xF8, 0xFE, 0x0F, 0x80,
    0x00, 0x00, 0x30, 0x00, 0x70, 0x00, 0x40, 0x00, 0x00, 0x03, 0x80, 0x0F, 0xE0, 0x1F, 0xE0, 0x00,
    0xF8, 0x03, 0xF0, 0x1F, 0xC3, 0xF9, 0xF7, 0xC1, 0xF0, 0x00, 0x00, 0x06, 0x07, 0x01, 0xC0, 0x60,
    0x38, 0x0C, 0x06, 0x83, 0x7F, 0xBF, 0x80, 0x00, 0x06, 0x00, 0x70, 0x01, 0xC0, 0x06, 0x00, 0x38,
    0x00, 0xC0, 0x07, 0x08, 0x38, 0x7F, 0xF3, 0xFB, 0x80, 0x00, 0x1C, 0x0E, 0x02, 0x00, 0x00, 0x60,
    0x70, 0x1C, 0x06, 0x03, 0x80, 0xC0, 0x68, 0x37, 0xFB, 0xF8, 0x00, 0x1C, 0x00, 0xE0, 0x02, 0x00,
    0x00, 0x00, 0x60, 0x07, 0x00, 0x1C, 0x00, 0x60, 0x03, 0x80, 0x0C, 0x00, 0x70, 0x83, 0x87, 0xFF,
    0x3F, 0xB8, 0x00, 0x00, 0x00, 0x0C, 0x0E, 0x06, 0x07, 0x07, 0x07, 0x06, 0x0E, 0x1C, 0x7C, 0xF0,
    0x60, 0x00, 0x01, 0x80, 0x38, 0x03, 0x00, 0x70, 0x0E, 0x01, 0xF0, 0x3F, 0x0E, 0x03, 0x81, 0xF0,
    0x7C, 0x06, 0x00, 0x0C, 0x1C, 0x08, 0x00, 0x00, 0x0C, 0x0E, 0x06, 0x07, 0x07, 0x07, 0x06, 0x0E,
    0x1C, 0x7C, 0xF0, 0x60, 0x1C, 0x03, 0x80, 0x20, 0x00, 0x00, 0x00, 0x18, 0x03, 0x80, 0x30, 0x07,
    0x00, 0xE0, 0x1F, 0x03, 0xF0, 0xE0, 0x38, 0x1F, 0x07, 0xC0, 0x60, 0x00, 0x00, 0x00, 0x02, 0x00,
    0x00, 0x03, 0x80, 0x00, 0x01, 0xC0, 0x07, 0x0C, 0x60, 0x03, 0x86, 0x33, 0x00, 0xC3, 0x1D, 0x80,
    0x73, 0x8D, 0xC0, 0x3F, 0xFE, 0xE0, 0x1F, 0xFE, 0x70, 0x0C, 0x00, 0x38, 0x0E, 0x00, 0x0F, 0x0F,
    0x00, 0x03, 0xFF, 0x00, 0x00, 0xFE, 0x00, 0x00, 0x00, 0x00, 0x00, 0x00, 0x00, 0x00, 0x30, 0x00,
    0x38, 0x63, 0x00, 0x03, 0x86, 0x30, 0x60, 0x18, 0x63, 0x86, 0x01, 0xCE, 0x38, 0xE0, 0x1F, 0xFF,
    0xFE, 0x01, 0xFF, 0xEF, 0xE0, 0x18, 0x00, 0x0E, 0x03, 0x80, 0x00, 0x78, 0x78, 0x00, 0x03, 0xFF,
    0x00, 0x00, 0x1F, 0xC0, 0x00, 0x00, 0x00, 0x04, 0x00, 0x0E, 0x00, 0x06, 0x18, 0xC6, 0x38, 0xC7,
    0x38, 0xC7, 0x39, 0xC7, 0xFF, 0xFE, 0xFF, 0xFC, 0x00, 0x00, 0x00, 0x02, 0x00, 0x00, 0xC0, 0x63,
    0x18, 0x1C, 0x63, 0x83, 0x8C, 0x70, 0x73, 0x8E, 0x3F, 0xFF, 0xFF, 0xFF, 0xEF, 0x00, 0x00, 0x00,
    0x00, 0x00, 0x00, 0x00, 0x00, 0x60, 0x00, 0x00, 0x30, 0x00, 0x00, 0x3E, 0x00, 0x00, 0x3F, 0x00,
    0x00, 0x09, 0x10, 0x00, 0x00, 0x1C, 0x00, 0x00, 0x0E, 0x00, 0x38, 0x63, 0x00, 0x1C, 0x31, 0x98,
    0x06, 0x18, 0xEC, 0x03, 0x9C, 0x6E, 0x01, 0xFF, 0xF7, 0x00, 0xFF, 0xF3, 0x80, 0x60, 0x01, 0xC0,
    0x70, 0x00, 0x78, 0x78, 0x00, 0x1F, 0xF8, 0x00, 0x07, 0xF0, 0x00, 0x00, 0x00, 0x00, 0x00, 0x00,
    0x00, 0x0C, 0x00, 0x00, 0x00, 0xC0, 0x00, 0x00, 0x1F, 0x00, 0x00, 0x03, 0xF0, 0x00, 0x00, 0x12,
    0x00, 0x00, 0x00, 0x00, 0x00, 0x00, 0x00, 0x30, 0x00, 0x38, 0x63, 0x00, 0x03, 0x86, 0x30, 0x60,
    0x18, 0x63, 0x86, 0x01, 0xCE, 0x38, 0xE0, 0x1F, 0xFF, 0xFE, 0x01, 0xFF, 0xEF, 0xE0, 0x18, 0x00,
    0x0E, 0x03, 0x80, 0x00, 0x78, 0x78, 0x00, 0x03, 0xFF, 0x00, 0x00, 0x1F, 0xC0, 0x00, 0x00, 0x00,
    0x00, 0x00, 0xC0, 0x00, 0xC0, 0x03, 0xF0, 0x03, 0xF0, 0x01, 0x24, 0x00, 0x0E, 0x00, 0x06, 0x18,
    0xC6, 0x38, 0xC7, 0x38, 0xC7, 0x39, 0xC7, 0xFF, 0xFE, 0xFF, 0xFC, 0x00, 0x00, 0x00, 0x00, 0x00,
    0x18, 0x00, 0x03, 0x00, 0x01, 0xF8, 0x00, 0x3F, 0x00, 0x02, 0x40, 0x00, 0x00, 0x80, 0x00, 0x30,
    0x18, 0xC6, 0x07, 0x18, 0xE0, 0xE3, 0x1C, 0x1C, 0xE3, 0x8F, 0xFF, 0xFF, 0xFF, 0xFB, 0xC0, 0x00,
    0x00, 0x00, 0x00, 0x0F, 0x80, 0x00, 0x07, 0xF8, 0x00, 0xE1, 0xE7, 0x00, 0x1C, 0x70, 0x76, 0x01,
    0x9C, 0x0E, 0xC0, 0x3F, 0x03, 0xB8, 0x07, 0xFF, 0xF7, 0x00, 0xFF, 0xF8, 0xE0, 0x18, 0xF8, 0x1C,
    0x07, 0x00, 0x01, 0xE1, 0xE0, 0x00, 0x1F, 0xF8, 0x00, 0x01, 0xFC, 0x00, 0x00, 0x00, 0x00, 0x0F,
    0x80, 0x00, 0x00, 0xFF, 0x00, 0x03, 0x87, 0x9C, 0x00, 0x0E, 0x38, 0x38, 0x60, 0x19, 0xC0, 0xE1,
    0x80, 0x7E, 0x07, 0x0E, 0x01, 0xFF, 0xFF, 0xB8, 0x07, 0xFF, 0xFE, 0xE0, 0x18, 0xF8, 0x03, 0x80,
    0xE0, 0x00, 0x07, 0x87, 0x80, 0x00, 0x0F, 0xFC, 0x00, 0x00, 0x1F, 0xC0, 0x00, 0x00, 0x00, 0x0F,
    0x00, 0x0F, 0xE1, 0x87, 0x9C, 0x63, 0x83, 0x39, 0xC0, 0xCE, 0xE0, 0x7F, 0xFF, 0xFB, 0xBF, 0xFC,
    0x03, 0xF8, 0x00, 0x00, 0x0F, 0x00, 0x01, 0xFC, 0x06, 0x1E, 0x70, 0x31, 0xC1, 0x83, 0x9C, 0x0C,
    0x1D, 0xC0, 0xE3, 0xFF, 0xFF, 0xFD, 0xFF, 0xFF, 0x03, 0xF8, 0x00, 0x00, 0x00, 0x06, 0x00, 0x00,
    0x00, 0xC0, 0x00, 0x00, 0x00, 0x00, 0x00, 0x00, 0x00, 0x00, 0x00, 0xF8, 0x00, 0x00, 0x7F, 0x80,
    0x0E, 0x1E, 0x70, 0x01, 0xC7, 0x07, 0x60, 0x19, 0xC0, 0xEC, 0x03, 0xF0, 0x3B, 0x80, 0x7F, 0xFF,
    0x70, 0x0F, 0xFF, 0x8E, 0x01, 0x8F, 0x81, 0xC0, 0x70, 0x00, 0x1E, 0x1E, 0x00, 0x01, 0xFF, 0x80,
    0x00, 0x1F, 0xC0, 0x00, 0x00, 0x00, 0x00, 0x06, 0x00, 0x00, 0x00, 0x18, 0x00, 0x00, 0x00, 0x00,
    0x00, 0x00, 0x00, 0x00, 0x00, 0x00, 0x0F, 0x80, 0x00, 0x00, 0xFF, 0x00, 0x03, 0x87, 0x9C, 0x00,
    0x0E, 0x38, 0x38, 0x60, 0x19, 0xC0, 0xE1, 0x80, 0x7E, 0x07, 0x0E, 0x01, 0xFF, 0xFF, 0xB8, 0x07,
    0xFF, 0xFE, 0xE0, 0x18, 0xF8, 0x03, 0x80, 0xE0, 0x00, 0x07, 0x87, 0x80, 0x00, 0x0F, 0xFC, 0x00,
    0x00, 0x1F, 0xC0, 0x00, 0x00, 0x00, 0x0E, 0x00, 0x03, 0x80, 0x00, 0x40, 0x00, 0x00, 0x00, 0x0F,
    0x00, 0x0F, 0xE1, 0x87, 0x9C, 0x63, 0x83, 0x39, 0xC0, 0xCE, 0xE0, 0x7F, 0xFF, 0xFB, 0xBF, 0xFC,
    0x03, 0xF8, 0x00, 0x00, 0x0E, 0x00, 0x00, 0x70, 0x00, 0x01, 0x00, 0x00, 0x00, 0x00, 0x00, 0xF0,
    0x00, 0x1F, 0xC0, 0x61, 0xE7, 0x03, 0x1C, 0x18, 0x39, 0xC0, 0xC1, 0xDC, 0x0E, 0x3F, 0xFF, 0xFF,
    0xDF, 0xFF, 0xF0, 0x3F, 0x80, 0x00, 0x0C, 0x00, 0x0C, 0x00, 0x0C, 0x00, 0x0C, 0x00, 0x0C, 0x00,
    0x0C, 0x00, 0x0C, 0x00, 0x0C, 0x7C, 0x0D, 0xFE, 0x0F, 0xC7, 0x0F, 0x87, 0x0F, 0x07, 0x0E, 0x0E,
    0xFF, 0xFE, 0xFF, 0xF8, 0x1F, 0xC0, 0x0C, 0x00, 0x01, 0x80, 0x00, 0x30, 0x00, 0x06, 0x00, 0x00,
    0xC0, 0x00, 0x18, 0x00, 0x03, 0x00, 0x00, 0x63, 0xE0, 0x0D, 0xFE, 0x01, 0xF8, 0xE0, 0x3E, 0x1C,
    0x07, 0x83, 0x80, 0xE0, 0xE1, 0xFF, 0xFF, 0xBF, 0xFF, 0xF8, 0xFE, 0x00, 0x70, 0x01, 0xC0, 0x07,
    0x00, 0x1C, 0x00, 0x70, 0x01, 0xC0, 0x07, 0x00, 0x1C, 0x7C, 0x77, 0xF9, 0xFE, 0xE3, 0xE1, 0xCE,
    0x06, 0x70, 0x3B, 0xFF, 0xCF, 0xFE, 0x00, 0x00, 0x70, 0x00, 0x70, 0x00, 0x70, 0x00, 0x70, 0x00,
    0x70, 0x00, 0x70, 0x00, 0x70, 0x00, 0x71, 0xF0, 0x77, 0xF8, 0x7F, 0xB8, 0x3E, 0x1C, 0x38, 0x18,
    0x70, 0x38, 0xFF, 0xFF, 0xFF, 0xFF, 0x00, 0x00, 0x0C, 0x00, 0x0C, 0x00, 0x0C, 0x00, 0x0C, 0x18,
    0x0C, 0x38, 0x0C, 0x10, 0x0C, 0x00, 0x0C, 0x7C, 0x0D, 0xFE, 0x0F, 0xC7, 0x0F, 0x87, 0x0F, 0x07,
    0x0E, 0x0E, 0xFF, 0xFE, 0xFF, 0xF8, 0x1F, 0xC0, 0x0C, 0x00, 0x01, 0x80, 0x00, 0x30, 0x00, 0x06,
    0x18, 0x00, 0xC7, 0x00, 0x18, 0x40, 0x03, 0x00, 0x00, 0x63, 0xE0, 0x0D, 0xFE, 0x01, 0xF8, 0xE0,
    0x3E, 0x1C, 0x07, 0x83, 0x80, 0xE0, 0xE1, 0xFF, 0xFF, 0xBF, 0xFF, 0xF8, 0xFE, 0x00, 0x70, 0x01,
    0xC0, 0x07, 0x00, 0x1C, 0x70, 0x71, 0xC1, 0xC2, 0x07, 0x00, 0x1C, 0x7C, 0x77, 0xF9, 0xFE, 0xE3,
    0xE1, 0xCE, 0x06, 0x70, 0x3B, 0xFF, 0xCF, 0xFE, 0x00, 0x00, 0x70, 0x00, 0x70, 0x00, 0x70, 0x00,
    0x71, 0xC0, 0x71, 0xC0, 0x70, 0x80, 0x70, 0x00, 0x71, 0xF0, 0x77, 0xF8, 0x7F, 0xB8, 0x3E, 0x1C,
    0x38, 0x18, 0x70, 0x38, 0xFF, 0xFF, 0xFF, 0xFF, 0x00, 0x00, 0x1E, 0x01, 0xF0, 0x1F, 0x80, 0xC0,
    0x0E, 0x00, 0x30, 0xC1, 0xFE, 0x07, 0xF0, 0x3C, 0x03, 0x80, 0x18, 0x01, 0xC0, 0x0C, 0x00, 0x60,
    0x03, 0x00, 0x1C, 0x00, 0x70, 0x03, 0xFF, 0x87, 0xFC, 0x06, 0x00, 0x0F, 0x01, 0xFC, 0x1F, 0xF0,
    0xE3, 0x83, 0x98, 0x0F, 0xC0, 0x3C, 0x03, 0xFE, 0x3B, 0xF3, 0x80, 0x38, 0x01, 0x80, 0x0C, 0x00,
    0x70, 0x03, 0x80, 0x8F, 0xFE, 0x3F, 0xE0, 0x30, 0x00, 0x00, 0x07, 0xC3, 0xF1, 0xC0, 0x70, 0x1C,
    0x03, 0x80, 0xFF, 0xFF, 0xFF, 0x80, 0x00, 0x0F, 0x03, 0xF8, 0x7F, 0xC7, 0x1C, 0x79, 0x81, 0xF8,
    0x1F, 0x0F, 0xFF, 0xFB, 0xF0, 0x00, 0x0C, 0x00, 0x60, 0x00, 0x00, 0x00, 0x01, 0xE0, 0x1F, 0x01,
    0xF8, 0x0C, 0x00, 0xE0, 0x03, 0x0C, 0x1F, 0xE0, 0x7F, 0x03, 0xC0, 0x38, 0x01, 0x80, 0x1C, 0x00,
    0xC0, 0x06, 0x00, 0x30, 0x01, 0xC0, 0x07, 0x00, 0x3F, 0xF8, 0x7F, 0xC0, 0x60, 0x06, 0x00, 0x30,
    0x00, 0x80, 0x00, 0x00, 0xF0, 0x1F, 0xC1, 0xFF, 0x0E, 0x38, 0x39, 0x80, 0xFC, 0x03, 0xC0, 0x3F,
    0xE3, 0xBF, 0x38, 0x03, 0x80, 0x18, 0x00, 0xC0, 0x07, 0x00, 0x38, 0x08, 0xFF, 0xE3, 0xFE, 0x03,
    0x00, 0x0E, 0x03, 0x80, 0x40, 0x00, 0x00, 0x07, 0xC3, 0xF1, 0xC0, 0x70, 0x1C, 0x03, 0x80, 0xFF,
    0xFF, 0xFF, 0x80, 0x00, 0x06, 0x00, 0xE0, 0x04, 0x00, 0x00, 0x0F, 0x03, 0xF8, 0x7F, 0xC7, 0x1C,
    0x79, 0x81, 0xF8, 0x1F, 0x0F, 0xFF, 0xFB, 0xF0, 0x00, 0x00, 0x01, 0x80, 0x00, 0x38, 0x00, 0x01,
    0x00, 0x00, 0x00, 0x00, 0x01, 0xC0, 0x00, 0x3E, 0x00, 0x07, 0xE0, 0x00, 0x67, 0x60, 0x0E, 0x7E,
    0x00, 0xE7, 0xE0, 0x07, 0xFE, 0x00, 0x3F, 0xE0, 0x00, 0x77, 0xFF, 0xFE, 0x3F, 0xFF, 0xE0, 0xFF,
    0xF0, 0x00, 0x00, 0x60, 0x00, 0x00, 0xE0, 0x00, 0x00, 0x40, 0x00, 0x00, 0x00, 0x00, 0x00, 0xF0,
    0x00, 0x01, 0xF8, 0x60, 0x03, 0xF8, 0xE0, 0x03, 0x9C, 0xE0, 0x03, 0x1C, 0xE0, 0x03, 0x98, 0xE0,
    0x01, 0xF8, 0x7F, 0xFF, 0xFF, 0x3F, 0xFF, 0xFF, 0x0F, 0xFC, 0x00, 0x1C, 0x0E, 0x02, 0x00, 0x00,
    0xC1, 0xF8, 0xFC, 0xE6, 0x73, 0xB9, 0xCF, 0xE3, 0xF0, 0x77, 0xF3, 0xF0, 0x00, 0x0C, 0x00, 0xC0,
    0x04, 0x00, 0x00, 0x0E, 0x03, 0xF0, 0x3B, 0x87, 0x38, 0x71, 0x83, 0x38, 0x3F, 0x0F, 0xFE, 0xFF,
    0xF0, 0x00, 0x00, 0x6C, 0x00, 0x6C, 0x00, 0x00, 0x00, 0x00, 0x00, 0x3C, 0x00, 0x7E, 0x00, 0x6E,
    0x00, 0xE6, 0x60, 0xC7, 0x60, 0xFF, 0xE0, 0xFF, 0xE0, 0x3E, 0xE0, 0x06, 0xE0, 0x0E, 0x78, 0x3C,
    0x3F, 0xF8, 0x1F, 0xE0, 0x00, 0x7C, 0x00, 0x1F, 0x80, 0x02, 0x40, 0x00, 0x00, 0x00, 0x3C, 0x00,
    0x1F, 0x80, 0x0E, 0xE0, 0x03, 0x18, 0x70, 0xC7, 0x18, 0x3F, 0xFE, 0x07, 0xFF, 0x80, 0x18, 0xE0,
    0x0E, 0x1C, 0x07, 0x87, 0xCF, 0xC0, 0xFF, 0xE0, 0x0F, 0xE0, 0x00, 0x36, 0x1F, 0x04, 0x00, 0x00,
    0xC1, 0xF8, 0xFC, 0xE6, 0x73, 0xB9, 0xCF, 0xE3, 0xF0, 0x77, 0xF3, 0xF0, 0x00, 0x1F, 0x03, 0xF0,
    0x12, 0x00, 0x00, 0x0E, 0x03, 0xF0, 0x3B, 0x87, 0x38, 0x71, 0x83, 0x38, 0x3F, 0x0F, 0xFE, 0xFF,
    0xF0, 0x00, 0x00, 0x01, 0x80, 0x00, 0x60, 0x00, 0x18, 0x00, 0x06, 0x00, 0x61, 0x80, 0x38, 0x60,
    0x0C, 0x18, 0x03, 0x86, 0x60, 0x61, 0xB8, 0x78, 0x6E, 0x18, 0x1B, 0x80, 0x06, 0xE0, 0x03, 0x9F,
    0xFF, 0xE3, 0xFF, 0xF0, 0x3F, 0xE0, 0x00, 0x01, 0x80, 0x00, 0x0C, 0x00, 0x00, 0x60, 0x00, 0x03,
    0x00, 0x06, 0x18, 0x00, 0x70, 0xC0, 0x03, 0x06, 0x00, 0x1C, 0x30, 0x60, 0x61, 0x87, 0x0F, 0x0C,
    0x38, 0x60, 0x61, 0xC0, 0x03, 0x8E, 0x00, 0x3C, 0x3F, 0xFF, 0xF8, 0xFF, 0xFD, 0xE1, 0xFF, 0x00,
    0x01, 0x83, 0xC7, 0xCF, 0x87, 0x07, 0x01, 0xC0, 0x70, 0x1C, 0x07, 0x01, 0x80, 0xE0, 0x77, 0xF3,
    0xF0, 0x00, 0x01, 0x80, 0x78, 0x1F, 0x07, 0xC0, 0x70, 0x0E, 0x00, 0x70, 0x03, 0x80, 0x1C, 0x00,
    0xE0, 0x06, 0x00, 0x70, 0x07, 0x8F, 0xFF, 0xFC, 0xF0, 0x00, 0x00, 0x18, 0x00, 0x60, 0x01, 0x80,
    0x06, 0x00, 0x18, 0x00, 0x60, 0x01, 0x80, 0x06, 0x00, 0x18, 0x00, 0x60, 0x01, 0x98, 0x07, 0x60,
    0x1B, 0x80, 0x6E, 0x01, 0xB8, 0x06, 0xE0, 0x39, 0xE3, 0xC3, 0xFE, 0x07, 0xF0, 0x00, 0x18, 0x00,
    0x0C, 0x00, 0x06, 0x00, 0x03, 0x00, 0x01, 0x80, 0x00, 0xC0, 0x00, 0x60, 0x00, 0x30, 0x00, 0x18,
    0x00, 0x0C, 0x00, 0x06, 0x0C, 0x03, 0x86, 0x01, 0xC7, 0x00, 0xFB, 0x80, 0x7F, 0xC0, 0x30, 0xE0,
    0x38, 0x3C, 0x78, 0x0F, 0xF8, 0x03, 0xF8, 0x00, 0x31, 0x8C, 0x63, 0x18, 0xC6, 0x31, 0x8E, 0x73,
    0x7B, 0x80, 0x30, 0x30, 0x30, 0x30, 0x30, 0x30, 0x30, 0x30, 0x30, 0x30, 0x38, 0x38, 0x38, 0xFE,
    0xEF, 0x00, 0x1F, 0x0F, 0xE7, 0x39, 0x86, 0x01, 0xCF, 0xF7, 0xFB, 0x86, 0xE0, 0x38, 0x0E, 0x03,
    0x80, 0xE0, 0x18, 0x06, 0x01, 0x80, 0x00, 0x00, 0x07, 0x00, 0x7C, 0x0F, 0xE0, 0x73, 0x87, 0x8C,
    0x7E, 0x73, 0xFF, 0xF9, 0xFF, 0xC3, 0x06, 0x00, 0x30, 0x01, 0xC0, 0x0E, 0x00, 0x30, 0x01, 0x80,
    0x0E, 0x00, 0x00, 0x00, 0x07, 0x03, 0xE1, 0xFC, 0xE7, 0x30, 0xDE, 0x3F, 0xFF, 0xBE, 0x00, 0x00,
    0x07, 0x00, 0x3E, 0x01, 0xF8, 0x0E, 0x70, 0x38, 0xC1, 0xE3, 0x8F, 0xFF, 0xBB, 0xFE, 0x03, 0x00,
    0x03, 0x00, 0x0C, 0x00, 0x00, 0x00, 0x00, 0x00, 0x10, 0x00, 0xE0, 0x03, 0x98, 0x06, 0x60, 0x1B,
    0x80, 0x7E, 0x01, 0xF8, 0x06, 0xE0, 0x39, 0xE3, 0xC3, 0xFF, 0x07, 0xF0, 0x03, 0x00, 0x01, 0x80,
    0x00, 0x00, 0x00, 0x00, 0x00, 0x00, 0x00, 0x01, 0xC0, 0x00, 0xE0, 0xC0, 0x30, 0x60, 0x1C, 0x70,
    0x0F, 0xB8, 0x07, 0xFC, 0x03, 0x0E, 0x03, 0x83, 0xC3, 0xC0, 0xFF, 0xC0, 0x3F, 0x80, 0x73, 0x88,
    0x01, 0x18, 0xC7, 0x38, 0xCF, 0xEF, 0x00, 0x30, 0x1C, 0x04, 0x00, 0x01, 0x80, 0xC0, 0xE0, 0x70,
    0xFF, 0x77, 0x80, 0x00, 0x18, 0x1C, 0x3E, 0x7E, 0x67, 0xE3, 0xE3, 0xE3, 0x7F, 0x7E, 0x03, 0x00,
    0x70, 0x1F, 0x03, 0xF0, 0x73, 0x0E, 0x30, 0xE3, 0x07, 0xF0, 0x7F, 0x80, 0xFE, 0x01, 0xE0, 0x00,
    0x00, 0x01, 0xC0, 0x1E, 0x03, 0xF0, 0x37, 0x87, 0x3C, 0x73, 0xE3, 0x76, 0x3E, 0x6F, 0xFE, 0xFF,
    0xE0, 0x18, 0x07, 0x01, 0xF0, 0x1F, 0x83, 0xB8, 0x33, 0x83, 0x38, 0x77, 0x0F, 0xFF, 0xFF, 0xF7,
    0x1C, 0x30, 0xC3, 0xFC, 0x1F, 0x80, 0xF0, 0x00, 0x0F, 0x0F, 0xCE, 0xE6, 0x33, 0x1D, 0xFE, 0x7E,
    0x0F, 0x03, 0x8F, 0x8F, 0x87, 0x00, 0x00, 0x03, 0xC0, 0xFC, 0x3B, 0x86, 0x30, 0xC7, 0x1F, 0xF9,
    0xFF, 0x07, 0x00, 0xE0, 0xF8, 0x3E, 0x07, 0x00, 0x00, 0x1E, 0x00, 0x7F, 0x00, 0x72, 0x00, 0xE0,
    0x00, 0xC0, 0x60, 0xE0, 0x60, 0xF8, 0xE0, 0x7E, 0xE0, 0x0E, 0xE0, 0x0E, 0xE0, 0x1E, 0x78, 0x7C,
    0x3F, 0xF8, 0x1F, 0xE0, 0x60, 0x00, 0x30, 0x1C, 0x38, 0x0F, 0xDC, 0x03, 0xFE, 0x00, 0x67, 0x00,
    0x71, 0xE0, 0xF0, 0x7F, 0xF0, 0x1F, 0xE0, 0x00, 0x00, 0x1E, 0x00, 0x7F, 0x00, 0x72, 0x00, 0xE0,
    0x00, 0xC0, 0x60, 0xE0, 0x60, 0xF8, 0xE0, 0x7E, 0xE0, 0x0E, 0xE0, 0x0E, 0xE0, 0x1E, 0x78, 0x7C,
    0x3F, 0xF8, 0x1F, 0xE0, 0x00, 0x00, 0x00, 0x00, 0x06, 0xC0, 0x06, 0xC0, 0x60, 0x00, 0x30, 0x1C,
    0x38, 0x0F, 0xDC, 0x03, 0xFE, 0x00, 0x67, 0x00, 0x71, 0xE0, 0xF0, 0x7F, 0xF0, 0x1F, 0xE0, 0x00,
    0x00, 0x00, 0x00, 0x01, 0xF8, 0x00, 0xFC, 0x00, 0x08, 0x71, 0xC3, 0x0C, 0x30, 0xDF, 0x78, 0x00,
    0x1B, 0x6C, 0x1C, 0x0C, 0x06, 0x07, 0x0F, 0xFF, 0xFC, 0x00, 0x00, 0x7E, 0x3E, 0x00, 0x72, 0x07,
    0xF9, 0x83, 0x8C, 0x00, 0x61, 0x83, 0x0F, 0x18, 0x3C, 0xC0, 0xFE, 0x01, 0xF0, 0x07, 0x00, 0x3C,
    0x03, 0xF0, 0x39, 0x83, 0x8C, 0x3F, 0xE1, 0xFE, 0x38, 0x00, 0x7F, 0x30, 0x06, 0x30, 0x00, 0x30,
    0x18, 0x30, 0x1C, 0x30, 0x1E, 0x30, 0x0F, 0x30, 0x07, 0x30, 0x03, 0xB0, 0x01, 0xF0, 0x00, 0xF0,
    0x00, 0x70, 0x00, 0xF8, 0x1F, 0xFF, 0x1F, 0x9F, 0x00, 0x00, 0x70, 0x07, 0x00, 0x60, 0x07, 0x86,
    0x70, 0x60, 0x06, 0x30, 0x63, 0xC6, 0x1E, 0x60, 0xFE, 0x03, 0xE0, 0x1C, 0x01, 0xE0, 0x3F, 0x07,
    0x30, 0xE3, 0x1F, 0xF1, 0xFE, 0x70, 0x03, 0x80, 0x0C, 0x00, 0x3E, 0x30, 0xF0, 0xC0, 0x03, 0x06,
    0x0C, 0x1C, 0x30, 0x78, 0xC0, 0xF3, 0x01, 0xCC, 0x03, 0xB0, 0x07, 0xC0, 0x0F, 0x00, 0x1C, 0x00,
    0xF8, 0x7F, 0xFD, 0xF9, 0xF0, 0x00, 0x00, 0x00, 0xC0, 0x18, 0x03, 0x30, 0x67, 0x8C, 0x79, 0x87,
    0xF0, 0x3E, 0x03, 0x80, 0x78, 0x1F, 0x87, 0x31, 0xC6, 0x7F, 0xCF, 0xF0, 0x00, 0x38, 0x0F, 0x01,
    0x80, 0x1E, 0x07, 0x80, 0x00, 0xC0, 0x03, 0x00, 0x0C, 0x18, 0x30, 0x70, 0xC1, 0xE3, 0x03, 0xCC,
    0x07, 0x30, 0x0E, 0xC0, 0x1F, 0x00, 0x3C, 0x00, 0x70, 0x03, 0xE1, 0xFF, 0xF7, 0xE7, 0xC0, 0x00,
    0x1C, 0x00, 0x70, 0x01, 0x80, 0x07, 0x80, 0x1C, 0x00, 0x00, 0xC0, 0x18, 0x03, 0x30, 0x67, 0x8C,
    0x79, 0x87, 0xF0, 0x3E, 0x03, 0x80, 0x78, 0x1F, 0x87, 0x31, 0xC6, 0x7F, 0xCF, 0xF0, 0x00, 0xC0,
    0x03, 0x00, 0x0C, 0x18, 0x30, 0x70, 0xC1, 0xE3, 0x03, 0xCC, 0x07, 0x30, 0x0E, 0xC0, 0x1F, 0x00,
    0x3C, 0x00, 0x70, 0x03, 0xE1, 0xFF, 0xF7, 0xE7, 0xC0, 0x00, 0x77, 0x77, 0x77, 0x76, 0x66, 0x60,
    0x06, 0x77, 0x00, 0x0C, 0x73, 0x8C, 0x71, 0x8E, 0x38, 0xC3, 0x0C, 0x30, 0xE3, 0x86, 0x1C, 0x30,
    0xE1, 0xC3, 0x60, 0xE0, 0xE0, 0xC1, 0xC1, 0x83, 0x07, 0x0E, 0x1C, 0x38, 0x70, 0xE1, 0x83, 0x0E,
    0x18, 0x71, 0xC3, 0x00, 0x3B, 0xDE, 0x31, 0xBD, 0xC8, 0x6F, 0xF7, 0x00, 0x00, 0x00, 0x2F, 0xF7,
    0x00, 0x1F, 0x1F, 0xE7, 0x3D, 0x07, 0x01, 0xC0, 0x70, 0x38, 0x1C, 0x0E, 0x03, 0x00, 0xC0, 0x00,
    0x00, 0x03, 0x01, 0xE0, 0x70, 0x00, 0x00,
};

static const EpdGlyph bevietnampro_10_regularGlyphs[] = {
    { 0, 0, 0, 0, 0, 0, 0 }, // U+0000
    { 0, 0, 200, 0, 0, 0, 0 }, // U+000D
    { 0, 0, 77, 0, 0, 0, 0 }, // U+0020
    { 4, 15, 93, 1, 15, 8, 0 }, // !
    { 6, 4, 106, 1, 15, 3, 8 }, // "
    { 15, 15, 269, 1, 15, 29, 11 }, // #
    { 12, 19, 215, 1, 17, 29, 40 }, // $
    { 16, 15, 283, 1, 15, 30, 69 }, // %
    { 14, 15, 247, 1, 15, 27, 99 }, // &
    { 3, 4, 60, 1, 15, 2, 126 }, // '
    { 8, 23, 146, 1, 18, 23, 128 }, // (
    { 9, 23, 146, 0, 18, 26, 151 }, // )
    { 10, 9, 166, 0, 15, 12, 177 }, // *
    { 9, 8, 203, 2, 11, 9, 189 }, // +
    { 4, 5, 101, 1, 3, 3, 198 }, // ,
    { 9, 2, 203, 2, 8, 3, 201 }, // -
    { 4, 3, 95, 1, 3, 2, 204 }, // .
    { 11, 20, 168, 0, 17, 28, 206 }, // /
    { 13, 15, 225, 1, 15, 25, 234 }, // 0
    { 6, 15, 128, 0, 15, 12, 259 }, // 1
    { 12, 15, 217, 1, 15, 23, 271 }, // 2
    { 12, 15, 220, 1, 15, 23, 294 }, // 3
    { 13, 15, 237, 1, 15, 25, 317 }, // 4
    { 12, 15, 220, 1, 15, 23, 342 }, // 5
    { 12, 15, 227, 1, 15, 23, 365 }, // 6
    { 11, 15, 198, 1, 15, 21, 388 }, // 7
    { 12, 15, 211, 1, 15, 23, 409 }, // 8
    { 12, 15, 227, 1, 15, 23, 432 }, // 9
    { 4, 11, 95, 1, 11, 6, 455 }, // :
    { 4, 14, 101, 1, 11, 7, 461 }, // ;
    { 9, 10, 185, 1, 12, 12, 468 }, // <
    { 11, 6, 242, 2, 9, 9, 480 }, // =
    { 9, 10, 185, 1, 12, 12, 489 }, // >
    { 10, 15, 191, 1, 15, 19, 501 }, // ?
    { 19, 18, 335, 1, 15, 43, 520 }, // @
    { 15, 15, 245, 0, 15, 29, 563 }, // A
    { 12, 15, 225, 1, 15, 23, 592 }, // B
    { 15, 15, 258, 1, 15, 29, 615 }, // C
    { 14, 15, 243, 1, 15, 27, 644 }, // D
    { 11, 15, 207, 1, 15, 21, 671 }, // E
    { 11, 15, 211, 1, 15, 21, 692 }, // F
    { 15, 15, 261, 1, 15, 29, 713 }, // G
    { 13, 15, 236, 1, 15, 25, 742 }, // H
    { 3, 15, 86, 1, 15, 6, 767 }, // I
    { 9, 15, 155, 0, 15, 17, 773 }, // J
    { 13, 15, 226, 1, 15, 25, 790 }, // K
    { 11, 15, 208, 1, 15, 21, 815 }, // L
    { 16, 15, 284, 1, 15, 30, 836 }, // M
    { 13, 15, 244, 1, 15, 25, 866 }, // N
    { 16, 15, 275, 1, 15, 30, 891 }, // O
    { 12, 15, 215, 1, 15, 23, 921 }, // P
    { 16, 15, 274, 1, 15, 30, 944 }, // Q
    { 12, 15, 223, 1, 15, 23, 974 }, // R
    { 12, 15, 212, 1, 15, 23, 997 }, // S
    { 13, 15, 217, 0, 15, 25, 1020 }, // T
    { 13, 15, 242, 1, 15, 25, 1045 }, // U
    { 15, 15, 235, 0, 15, 29, 1070 }, // V
    { 21, 15, 335, 0, 15, 40, 1099 }, // W
    { 13, 15, 240, 1, 15, 25, 1139 }, // X
    { 14, 15, 222, 0, 15, 27, 1164 }, // Y
    { 12, 15, 220, 1, 15, 23, 1191 }, // Z
    { 7, 21, 153, 1, 17, 19, 1214 }, // [
    { 10, 20, 162, 0, 17, 25, 1233 }, // <backslash>
    { 7, 21, 153, 1, 17, 19, 1258 }, // ]
    { 8, 4, 186, 2, 16, 4, 1277 }, // ^
    { 11, 2, 234, 2, 0, 3, 1281 }, // _
    { 5, 4, 67, 0, 16, 3, 1284 }, // `
    { 12, 11, 214, 1, 11, 17, 1287 }, // a
    { 12, 15, 217, 1, 15, 23, 1304 }, // b
    { 11, 11, 204, 1, 11, 16, 1327 }, // c
    { 12, 15, 217, 1, 15, 23, 1343 }, // d
    { 11, 11, 200, 1, 11, 16, 1366 }, // e
    { 8, 15, 129, 0, 15, 15, 1382 }, // f
    { 12, 15, 214, 1, 11, 23, 1397 }, // g
    { 10, 15, 194, 1, 15, 19, 1420 }, // h
    { 4, 15, 88, 1, 15, 8, 1439 }, // i
    { 6, 19, 91, -1, 15, 15, 1447 }, // j
    { 10, 15, 185, 1, 15, 19, 1462 }, // k
    { 3, 15, 85, 1, 15, 6, 1481 }, // l
    { 17, 11, 298, 1, 11, 24, 1487 }, // m
    { 10, 11, 191, 1, 11, 14, 1511 }, // n
    { 12, 11, 214, 1, 11, 17, 1525 }, // o
    { 12, 15, 217, 1, 11, 23, 1542 }, // p
    { 12, 15, 217, 1, 11, 23, 1565 }, // q
    { 7, 11, 131, 1, 11, 10, 1588 }, // r
    { 9, 11, 169, 1, 11, 13, 1598 }, // s
    { 8, 14, 143, 0, 14, 14, 1611 }, // t
    { 10, 11, 189, 1, 11, 14, 1625 }, // u
    { 12, 11, 192, 0, 11, 17, 1639 }, // v
    { 18, 11, 290, 0, 11, 25, 1656 }, // w
    { 11, 11, 186, 0, 11, 16, 1681 }, // x
    { 12, 15, 194, 0, 11, 23, 1697 }, // y
    { 10, 11, 167, 0, 11, 14, 1720 }, // z
    { 9, 21, 142, 0, 17, 24, 1734 }, // {
    { 3, 24, 136, 3, 19, 9, 1758 }, // |
    { 9, 21, 142, 0, 17, 24, 1767 }, // }
    { 8, 4, 156, 1, 10, 4, 1791 }, // ~
    { 0, 0, 77, 0, 0, 0, 1795 }, // U+00A0
    { 4, 15, 93, 1, 11, 8, 1795 }, // U+00A1
    { 11, 14, 204, 1, 12, 20, 1803 }, // U+00A2
    { 11, 15, 202, 1, 15, 21, 1823 }, // U+00A3
    { 11, 11, 198, 1, 13, 16, 1844 }, // U+00A4
    { 14, 15, 222, 0, 15, 27, 1860 }, // U+00A5
    { 3, 24, 136, 3, 19, 9, 1887 }, // U+00A6
    { 13, 22, 231, 1, 17, 36, 1896 }, // U+00A7
    { 8, 3, 88, 0, 15, 3, 1932 }, // U+00A8
    { 16, 15, 275, 1, 15, 30, 1935 }, // U+00A9
    { 7, 7, 141, 1, 16, 7, 1965 }, // U+00AA
    { 13, 9, 215, 0, 11, 15, 1972 }, // U+00AB
    { 12, 6, 218, 1, 11, 9, 1987 }, // U+00AC
    { 9, 2, 200, 2, 8, 3, 1996 }, // U+00AD
    { 9, 7, 145, 0, 15, 8, 1999 }, // U+00AE
    { 7, 2, 113, 0, 15, 2, 2007 }, // U+00AF
    { 8, 8, 158, 1, 16, 8, 2009 }, // U+00B0
    { 10, 11, 216, 2, 11, 14, 2017 }, // U+00B1
    { 7, 8, 145, 1, 17, 7, 2031 }, // U+00B2
    { 7, 8, 148, 1, 17, 7, 2038 }, // U+00B3
    { 5, 4, 67, -1, 16, 3, 2045 }, // U+00B4
    { 13, 15, 201, 0, 11, 25, 2048 }, // U+00B5
    { 10, 14, 168, 0, 14, 18, 2073 }, // U+00B6
    { 4, 3, 85, 1, 10, 2, 2091 }, // U+00B7
    { 5, 6, 78, 0, 1, 4, 2093 }, // U+00B8
    { 5, 8, 105, 0, 17, 5, 2097 }, // U+00B9
    { 8, 7, 152, 1, 16, 7, 2102 }, // U+00BA
    { 13, 9, 215, 0, 11, 15, 2109 }, // U+00BB
    { 18, 15, 260, 0, 15, 34, 2124 }, // U+00BC
    { 18, 15, 267, 0, 15, 34, 2158 }, // U+00BD
    { 20, 16, 266, 0, 16, 40, 2192 }, // U+00BE
    { 10, 16, 191, 1, 11, 20, 2232 }, // U+00BF
    { 15, 21, 245, 0, 21, 40, 2252 }, // U+00C0
    { 15, 21, 245, 0, 21, 40, 2292 }, // U+00C1
    { 15, 20, 245, 0, 20, 38, 2332 }, // U+00C2
    { 15, 20, 245, 0, 20, 38, 2370 }, // U+00C3
    { 15, 19, 245, 0, 19, 36, 2408 }, // U+00C4
    { 15, 22, 245, 0, 22, 42, 2444 }, // U+00C5
    { 21, 15, 340, 0, 15, 40, 2486 }, // U+00C6
    { 15, 20, 258, 1, 15, 38, 2526 }, // U+00C7
    { 11, 21, 210, 1, 21, 29, 2564 }, // U+00C8
    { 11, 21, 210, 1, 21, 29, 2593 }, // U+00C9
    { 11, 20, 210, 1, 20, 28, 2622 }, // U+00CA
    { 11, 19, 210, 1, 19, 27, 2650 }, // U+00CB
    { 4, 21, 93, 0, 21, 11, 2677 }, // U+00CC
    { 5, 21, 93, 1, 21, 14, 2688 }, // U+00CD
    { 8, 20, 93, -1, 20, 20, 2702 }, // U+00CE
    { 8, 19, 93, -1, 19, 19, 2722 }, // U+00CF
    { 16, 15, 263, 0, 15, 30, 2741 }, // U+00D0
    { 13, 20, 251, 1, 20, 33, 2771 }, // U+00D1
    { 16, 21, 275, 1, 21, 42, 2804 }, // U+00D2
    { 16, 21, 275, 1, 21, 42, 2846 }, // U+00D3
    { 16, 20, 275, 1, 20, 40, 2888 }, // U+00D4
    { 16, 21, 275, 1, 21, 42, 2928 }, // U+00D5
    { 16, 20, 275, 1, 20, 40, 2970 }, // U+00D6
    { 8, 9, 193, 2, 11, 9, 3010 }, // U+00D7
    { 16, 15, 275, 1, 15, 30, 3019 }, // U+00D8
    { 13, 21, 248, 1, 21, 35, 3049 }, // U+00D9
    { 13, 21, 248, 1, 21, 35, 3084 }, // U+00DA
    { 13, 20, 248, 1, 20, 33, 3119 }, // U+00DB
    { 13, 20, 248, 1, 20, 33, 3152 }, // U+00DC
    { 14, 21, 222, 0, 21, 37, 3185 }, // U+00DD
    { 12, 15, 215, 1, 15, 23, 3222 }, // U+00DE
    { 12, 15, 225, 1, 15, 23, 3245 }, // U+00DF
    { 12, 16, 218, 1, 16, 24, 3268 }, // U+00E0
    { 12, 16, 218, 1, 16, 24, 3292 }, // U+00E1
    { 12, 15, 218, 1, 15, 23, 3316 }, // U+00E2
    { 12, 15, 218, 1, 15, 23, 3339 }, // U+00E3
    { 12, 15, 218, 1, 15, 23, 3362 }, // U+00E4
    { 12, 18, 218, 1, 18, 27, 3385 }, // U+00E5
    { 19, 11, 322, 1, 11, 27, 3412 }, // U+00E6
    { 11, 16, 208, 1, 11, 22, 3439 }, // U+00E7
    { 11, 17, 203, 1, 17, 24, 3461 }, // U+00E8
    { 11, 17, 203, 1, 17, 24, 3485 }, // U+00E9
    { 11, 15, 203, 1, 15, 21, 3509 }, // U+00EA
    { 11, 15, 203, 1, 15, 21, 3530 }, // U+00EB
    { 5, 16, 92, -1, 16, 10, 3551 }, // U+00EC
    { 5, 16, 92, 1, 16, 10, 3561 }, // U+00ED
    { 8, 15, 92, -1, 15, 15, 3571 }, // U+00EE
    { 8, 15, 92, -1, 15, 15, 3586 }, // U+00EF
    { 12, 18, 213, 1, 18, 27, 3601 }, // U+00F0
    { 10, 15, 199, 1, 15, 19, 3628 }, // U+00F1
    { 12, 17, 217, 1, 17, 26, 3647 }, // U+00F2
    { 12, 17, 217, 1, 17, 26, 3673 }, // U+00F3
    { 12, 15, 217, 1, 15, 23, 3699 }, // U+00F4
    { 12, 15, 217, 1, 15, 23, 3722 }, // U+00F5
    { 12, 15, 217, 1, 15, 23, 3745 }, // U+00F6
    { 10, 10, 221, 2, 11, 13, 3768 }, // U+00F7
    { 12, 13, 214, 1, 12, 20, 3781 }, // U+00F8
    { 10, 17, 197, 1, 17, 22, 3801 }, // U+00F9
    { 10, 17, 197, 1, 17, 22, 3823 }, // U+00FA
    { 10, 15, 197, 1, 15, 19, 3845 }, // U+00FB
    { 10, 15, 197, 1, 15, 19, 3864 }, // U+00FC
    { 12, 20, 194, 0, 16, 30, 3883 }, // U+00FD
    { 12, 19, 217, 1, 15, 29, 3913 }, // U+00FE
    { 12, 19, 194, 0, 15, 29, 3942 }, // U+00FF
    { 15, 19, 245, 0, 19, 36, 3971 }, // U+0100
    { 12, 14, 218, 1, 14, 21, 4007 }, // U+0101
    { 15, 20, 245, 0, 20, 38, 4028 }, // U+0102
    { 12, 15, 218, 1, 15, 23, 4066 }, // U+0103
    { 16, 19, 245, 0, 15, 38, 4089 }, // U+0104
    { 12, 15, 218, 1, 11, 23, 4127 }, // U+0105
    { 15, 21, 258, 1, 21, 40, 4150 }, // U+0106
    { 11, 16, 208, 1, 16, 22, 4190 }, // U+0107
    { 15, 20, 258, 1, 20, 38, 4212 }, // U+010A
    { 11, 15, 208, 1, 15, 21, 4250 }, // U+010B
    { 15, 20, 258, 1, 20, 38, 4271 }, // U+010C
    { 11, 15, 208, 1, 15, 21, 4309 }, // U+010D
    { 14, 20, 246, 1, 20, 35, 4330 }, // U+010E
    { 15, 15, 234, 1, 15, 29, 4365 }, // U+010F
    { 16, 15, 263, 0, 15, 30, 4394 }, // U+0110
    { 13, 15, 221, 1, 15, 25, 4424 }, // U+0111
    { 11, 19, 210, 1, 19, 27, 4449 }, // U+0112
    { 11, 15, 203, 1, 15, 21, 4476 }, // U+0113
    { 11, 20, 210, 1, 20, 28, 4497 }, // U+0116
    { 11, 15, 203, 1, 15, 21, 4525 }, // U+0117
    { 12, 19, 210, 1, 15, 29, 4546 }, // U+0118
    { 11, 15, 203, 1, 11, 21, 4575 }, // U+0119
    { 11, 20, 210, 1, 20, 28, 4596 }, // U+011A
    { 11, 15, 203, 1, 15, 21, 4624 }, // U+011B
    { 15, 20, 261, 1, 20, 38, 4645 }, // U+011E
    { 12, 19, 219, 1, 15, 29, 4683 }, // U+011F
    { 15, 20, 261, 1, 20, 38, 4712 }, // U+0120
    { 12, 19, 219, 1, 15, 29, 4750 }, // U+0121
    { 13, 21, 243, 1, 16, 35, 4779 }, // U+0122
    { 10, 21, 202, 1, 16, 27, 4814 }, // U+0123
    { 16, 15, 258, 0, 15, 30, 4841 }, // U+0126
    { 12, 15, 207, 0, 15, 23, 4871 }, // U+0127
    { 8, 20, 93, -1, 20, 20, 4894 }, // U+0128
    { 8, 15, 92, -1, 15, 15, 4914 }, // U+0129
    { 8, 19, 93, -1, 19, 19, 4929 }, // U+012A
    { 8, 14, 92, -1, 14, 14, 4948 }, // U+012B
    { 4, 19, 93, 1, 15, 10, 4962 }, // U+012E
    { 4, 19, 92, 1, 15, 10, 4972 }, // U+012F
    { 4, 20, 93, 1, 20, 10, 4982 }, // U+0130
    { 3, 11, 92, 1, 11, 5, 4992 }, // U+0131
    { 12, 21, 202, 1, 16, 32, 4997 }, // U+0136
    { 11, 21, 177, 1, 16, 29, 5029 }, // U+0137
    { 11, 21, 211, 1, 21, 29, 5058 }, // U+0139
    { 5, 21, 92, 1, 21, 14, 5087 }, // U+013A
    { 10, 21, 178, 1, 16, 27, 5101 }, // U+013B
    { 3, 21, 84, 1, 16, 8, 5128 }, // U+013C
    { 13, 20, 211, -1, 20, 33, 5136 }, // U+013D
    { 7, 15, 105, 1, 15, 14, 5169 }, // U+013E
    { 13, 15, 216, 0, 15, 25, 5183 }, // U+0141
    { 9, 15, 140, 0, 15, 17, 5208 }, // U+0142
    { 13, 21, 251, 1, 21, 35, 5225 }, // U+0143
    { 10, 16, 199, 1, 16, 20, 5260 }, // U+0144
    { 13, 21, 250, 1, 16, 35, 5280 }, // U+0145
    { 11, 17, 203, 1, 12, 24, 5315 }, // U+0146
    { 13, 20, 251, 1, 20, 33, 5339 }, // U+0147
    { 10, 15, 199, 1, 15, 19, 5372 }, // U+0148
    { 12, 19, 253, 2, 15, 29, 5391 }, // U+014A
    { 11, 17, 206, 1, 12, 24, 5420 }, // U+014B
    { 16, 19, 275, 1, 19, 38, 5444 }, // U+014C
    { 12, 15, 217, 1, 15, 23, 5482 }, // U+014D
    { 16, 21, 275, 1, 21, 42, 5505 }, // U+0150
    { 12, 16, 217, 1, 16, 24, 5547 }, // U+0151
    { 19, 15, 333, 1, 15, 36, 5571 }, // U+0152
    { 20, 11, 342, 1, 11, 28, 5607 }, // U+0153
    { 12, 21, 226, 1, 21, 32, 5635 }, // U+0154
    { 7, 16, 141, 1, 16, 14, 5667 }, // U+0155
    { 11, 20, 207, 2, 15, 28, 5681 }, // U+0156
    { 8, 17, 138, 1, 12, 17, 5709 }, // U+0157
    { 12, 20, 226, 1, 20, 30, 5726 }, // U+0158
    { 7, 15, 141, 1, 15, 14, 5756 }, // U+0159
    { 12, 21, 212, 1, 21, 32, 5770 }, // U+015A
    { 9, 16, 173, 1, 16, 18, 5802 }, // U+015B
    { 12, 20, 212, 1, 15, 30, 5820 }, // U+015E
    { 9, 16, 173, 1, 11, 18, 5850 }, // U+015F
    { 12, 20, 212, 1, 20, 30, 5868 }, // U+0160
    { 9, 15, 173, 1, 15, 17, 5898 }, // U+0161
    { 13, 20, 217, 0, 15, 33, 5915 }, // U+0162
    { 9, 19, 143, 0, 14, 22, 5948 }, // U+0163
    { 13, 20, 217, 0, 20, 33, 5970 }, // U+0164
    { 9, 17, 130, 0, 17, 20, 6003 }, // U+0165
    { 13, 15, 217, 0, 15, 25, 6023 }, // U+0166
    { 8, 14, 143, 0, 14, 14, 6048 }, // U+0167
    { 13, 21, 248, 1, 21, 35, 6062 }, // U+0168
    { 10, 15, 197, 1, 15, 19, 6097 }, // U+0169
    { 13, 19, 248, 1, 19, 31, 6116 }, // U+016A
    { 10, 15, 197, 1, 15, 19, 6147 }, // U+016B
    { 13, 21, 244, 1, 20, 35, 6166 }, // U+016C
    { 11, 17, 206, 1, 16, 24, 6201 }, // U+016D
    { 13, 22, 248, 1, 22, 36, 6225 }, // U+016E
    { 10, 18, 197, 1, 18, 23, 6261 }, // U+016F
    { 13, 21, 248, 1, 21, 35, 6284 }, // U+0170
    { 10, 16, 197, 1, 16, 20, 6319 }, // U+0171
    { 13, 19, 248, 1, 15, 31, 6339 }, // U+0172
    { 11, 15, 197, 1, 11, 21, 6370 }, // U+0173
    { 20, 20, 325, 0, 20, 50, 6391 }, // U+0174
    { 18, 15, 290, 0, 15, 34, 6441 }, // U+0175
    { 14, 20, 222, 0, 20, 35, 6475 }, // U+0176
    { 12, 19, 194, 0, 15, 29, 6510 }, // U+0177
    { 14, 19, 222, 0, 19, 34, 6539 }, // U+0178
    { 12, 21, 220, 1, 21, 32, 6573 }, // U+0179
    { 10, 16, 167, 0, 16, 20, 6605 }, // U+017A
    { 12, 20, 220, 1, 20, 30, 6625 }, // U+017B
    { 10, 15, 167, 0, 15, 19, 6655 }, // U+017C
    { 12, 20, 220, 1, 20, 30, 6674 }, // U+017D
    { 10, 15, 167, 0, 15, 19, 6704 }, // U+017E
    { 16, 17, 275, 1, 17, 34, 6723 }, // U+01A0
    { 12, 13, 214, 1, 13, 20, 6757 }, // U+01A1
    { 16, 18, 248, 1, 18, 36, 6777 }, // U+01AF
    { 12, 13, 192, 1, 13, 20, 6813 }, // U+01B0
    { 15, 20, 261, 1, 20, 38, 6833 }, // U+01E6
    { 12, 19, 219, 1, 15, 29, 6871 }, // U+01E7
    { 10, 21, 185, 1, 16, 27, 6900 }, // U+0218
    { 10, 17, 160, 0, 12, 22, 6927 }, // U+0219
    { 11, 21, 179, 0, 16, 29, 6949 }, // U+021A
    { 8, 20, 124, 0, 15, 20, 6978 }, // U+021B
    { 5, 4, 0, 0, 16, 3, 6998 }, // U+0300
    { 5, 4, 0, 0, 16, 3, 7001 }, // U+0301
    { 7, 4, 0, 0, 16, 4, 7004 }, // U+0302
    { 7, 4, 0, 0, 16, 4, 7008 }, // U+0303
    { 7, 2, 0, 0, 15, 2, 7012 }, // U+0304
    { 7, 3, 0, 0, 15, 3, 7014 }, // U+0306
    { 4, 3, 0, 1, 16, 2, 7017 }, // U+0307
    { 8, 3, 0, 1, 15, 3, 7019 }, // U+0308
    { 5, 5, 0, 0, 17, 4, 7022 }, // U+0309
    { 6, 6, 0, 1, 18, 5, 7026 }, // U+030A
    { 8, 4, 0, 0, 16, 4, 7031 }, // U+030B
    { 7, 4, 0, 0, 16, 4, 7035 }, // U+030C
    { 4, 4, 0, 0, 16, 2, 7039 }, // U+0312
    { 6, 5, 0, 1, 14, 4, 7041 }, // U+031B
    { 4, 3, 0, 0, -2, 2, 7045 }, // U+0323
    { 4, 4, 0, 1, -1, 2, 7047 }, // U+0326
    { 5, 6, 0, 0, 1, 4, 7049 }, // U+0327
    { 4, 5, 0, 0, 1, 3, 7053 }, // U+0328
    { 0, 0, 0, 0, 0, 0, 7056 }, // U+034F
    { 13, 12, 211, 0, 12, 20, 7056 }, // U+05D0
    { 12, 12, 191, 0, 12, 18, 7076 }, // U+05D1
    { 8, 13, 125, 0, 12, 13, 7094 }, // U+05D2
    { 11, 12, 181, 0, 12, 17, 7107 }, // U+05D3
    { 11, 12, 209, 1, 12, 17, 7124 }, // U+05D4
    { 5, 12, 100, 0, 12, 8, 7141 }, // U+05D5
    { 7, 12, 110, 0, 12, 11, 7149 }, // U+05D6
    { 13, 12, 221, 0, 12, 20, 7160 }, // U+05D7
    { 12, 12, 211, 1, 12, 18, 7180 }, // U+05D8
    { 5, 8, 98, 0, 12, 5, 7198 }, // U+05D9
    { 10, 16, 182, 0, 12, 20, 7203 }, // U+05DA
    { 10, 12, 172, 0, 12, 15, 7223 }, // U+05DB
    { 11, 16, 174, 0, 16, 22, 7238 }, // U+05DC
    { 12, 12, 228, 1, 12, 18, 7260 }, // U+05DD
    { 13, 12, 220, 0, 12, 20, 7278 }, // U+05DE
    { 5, 16, 110, 0, 12, 10, 7298 }, // U+05DF
    { 6, 12, 126, 1, 12, 9, 7308 }, // U+05E0
    { 13, 12, 214, 0, 12, 20, 7317 }, // U+05E1
    { 12, 15, 198, 0, 13, 23, 7337 }, // U+05E2
    { 11, 16, 207, 1, 12, 22, 7360 }, // U+05E3
    { 11, 12, 200, 1, 12, 17, 7382 }, // U+05E4
    { 11, 16, 176, 0, 12, 22, 7399 }, // U+05E5
    { 11, 12, 185, 0, 12, 17, 7421 }, // U+05E6
    { 12, 16, 209, 1, 12, 24, 7438 }, // U+05E7
    { 10, 12, 174, 0, 12, 15, 7462 }, // U+05E8
    { 13, 12, 243, 1, 12, 20, 7477 }, // U+05E9
    { 13, 12, 228, 0, 12, 20, 7497 }, // U+05EA
    { 4, 6, 109, 1, 5, 3, 7517 }, // U+060C
    { 4, 12, 115, 1, 11, 6, 7520 }, // U+061B
    { 9, 17, 145, 0, 16, 20, 7526 }, // U+061F
    { 8, 10, 137, 0, 8, 10, 7546 }, // U+0621
    { 7, 3, 90, 0, 2, 3, 7556 }, // U+0640
    { 5, 5, 0, 0, 17, 4, 7559 }, // U+0654
    { 4, 4, 191, 4, 8, 2, 7563 }, // U+0660
    { 4, 16, 191, 4, 15, 8, 7565 }, // U+0661
    { 10, 16, 191, 1, 15, 20, 7573 }, // U+0662
    { 12, 16, 191, 0, 15, 24, 7593 }, // U+0663
    { 10, 16, 191, 1, 15, 20, 7617 }, // U+0664
    { 10, 12, 191, 1, 11, 15, 7637 }, // U+0665
    { 10, 16, 191, 1, 15, 20, 7652 }, // U+0666
    { 12, 16, 191, 0, 15, 24, 7672 }, // U+0667
    { 12, 16, 191, 0, 15, 24, 7696 }, // U+0668
    { 10, 16, 191, 1, 15, 20, 7720 }, // U+0669
    { 14, 12, 228, 0, 7, 21, 7740 }, // U+06BA
    { 6, 2, 100, 0, 2, 2, 7761 }, // U+06D4
    { 8, 10, 135, 0, 10, 10, 7763 }, // U+06D5
    { 4, 4, 191, 4, 8, 2, 7773 }, // U+06F0
    { 4, 16, 191, 4, 15, 8, 7775 }, // U+06F1
    { 10, 16, 191, 1, 15, 20, 7783 }, // U+06F2
    { 12, 16, 191, 0, 15, 24, 7803 }, // U+06F3
    { 10, 15, 191, 1, 15, 19, 7827 }, // U+06F4
    { 10, 15, 191, 1, 15, 19, 7846 }, // U+06F5
    { 8, 16, 191, 2, 15, 16, 7865 }, // U+06F6
    { 12, 16, 191, 0, 15, 24, 7881 }, // U+06F7
    { 12, 16, 191, 0, 15, 24, 7905 }, // U+06F8
    { 10, 16, 191, 1, 15, 20, 7929 }, // U+06F9
    { 15, 20, 245, 0, 15, 38, 7949 }, // U+1EA0
    { 12, 16, 218, 1, 11, 24, 7987 }, // U+1EA1
    { 15, 21, 245, 0, 21, 40, 8011 }, // U+1EA2
    { 12, 17, 218, 1, 17, 26, 8051 }, // U+1EA3
    { 15, 23, 245, 0, 23, 44, 8077 }, // U+1EA4
    { 13, 19, 218, 1, 19, 31, 8121 }, // U+1EA5
    { 15, 23, 245, 0, 23, 44, 8152 }, // U+1EA6
    { 12, 18, 218, 1, 18, 27, 8196 }, // U+1EA7
    { 15, 23, 245, 0, 23, 44, 8223 }, // U+1EA8
    { 12, 19, 218, 1, 19, 29, 8267 }, // U+1EA9
    { 15, 24, 245, 0, 24, 45, 8296 }, // U+1EAA
    { 12, 19, 218, 1, 19, 29, 8341 }, // U+1EAB
    { 15, 25, 245, 0, 20, 47, 8370 }, // U+1EAC
    { 12, 20, 218, 1, 15, 30, 8417 }, // U+1EAD
    { 15, 24, 245, 0, 24, 45, 8447 }, // U+1EAE
    { 12, 20, 218, 1, 20, 30, 8492 }, // U+1EAF
    { 15, 24, 245, 0, 24, 45, 8522 }, // U+1EB0
    { 12, 20, 218, 1, 20, 30, 8567 }, // U+1EB1
    { 15, 24, 245, 0, 24, 45, 8597 }, // U+1EB2
    { 12, 20, 218, 1, 20, 30, 8642 }, // U+1EB3
    { 15, 24, 245, 0, 24, 45, 8672 }, // U+1EB4
    { 12, 19, 218, 1, 19, 29, 8717 }, // U+1EB5
    { 15, 25, 245, 0, 20, 47, 8746 }, // U+1EB6
    { 12, 20, 218, 1, 15, 30, 8793 }, // U+1EB7
    { 11, 20, 210, 1, 15, 28, 8823 }, // U+1EB8
    { 11, 16, 203, 1, 11, 22, 8851 }, // U+1EB9
    { 11, 21, 210, 1, 21, 29, 8873 }, // U+1EBA
    { 11, 17, 203, 1, 17, 24, 8902 }, // U+1EBB
    { 11, 20, 210, 1, 20, 28, 8926 }, // U+1EBC
    { 11, 15, 203, 1, 15, 21, 8954 }, // U+1EBD
    { 13, 23, 210, 1, 23, 38, 8975 }, // U+1EBE
    { 12, 19, 203, 1, 19, 29, 9013 }, // U+1EBF
    { 11, 23, 210, 1, 23, 32, 9042 }, // U+1EC0
    { 11, 19, 203, 1, 19, 27, 9074 }, // U+1EC1
    { 12, 23, 210, 1, 23, 35, 9101 }, // U+1EC2
    { 12, 19, 203, 1, 19, 29, 9136 }, // U+1EC3
    { 11, 24, 210, 1, 24, 33, 9165 }, // U+1EC4
    { 11, 20, 203, 1, 20, 28, 9198 }, // U+1EC5
    { 11, 25, 210, 1, 20, 35, 9226 }, // U+1EC6
    { 11, 20, 203, 1, 15, 28, 9261 }, // U+1EC7
    { 6, 21, 93, 0, 21, 16, 9289 }, // U+1EC8
    { 6, 17, 92, 0, 17, 13, 9305 }, // U+1EC9
    { 4, 20, 93, 1, 15, 10, 9318 }, // U+1ECA
    { 4, 20, 92, 1, 15, 10, 9328 }, // U+1ECB
    { 16, 20, 275, 1, 15, 40, 9338 }, // U+1ECC
    { 12, 16, 217, 1, 11, 24, 9378 }, // U+1ECD
    { 16, 21, 275, 1, 21, 42, 9402 }, // U+1ECE
    { 12, 17, 217, 1, 17, 26, 9444 }, // U+1ECF
    { 16, 24, 275, 1, 24, 48, 9470 }, // U+1ED0
    { 13, 19, 217, 1, 19, 31, 9518 }, // U+1ED1
    { 16, 23, 275, 1, 23, 46, 9549 }, // U+1ED2
    { 12, 19, 217, 1, 19, 29, 9595 }, // U+1ED3
    { 16, 24, 275, 1, 24, 48, 9624 }, // U+1ED4
    { 12, 19, 217, 1, 19, 29, 9672 }, // U+1ED5
    { 16, 24, 275, 1, 24, 48, 9701 }, // U+1ED6
    { 12, 20, 217, 1, 20, 30, 9749 }, // U+1ED7
    { 16, 25, 275, 1, 20, 50, 9779 }, // U+1ED8
    { 12, 20, 217, 1, 15, 30, 9829 }, // U+1ED9
    { 16, 21, 275, 1, 21, 42, 9859 }, // U+1EDA
    { 12, 17, 217, 1, 17, 26, 9901 }, // U+1EDB
    { 16, 21, 275, 1, 21, 42, 9927 }, // U+1EDC
    { 12, 17, 217, 1, 17, 26, 9969 }, // U+1EDD
    { 16, 21, 275, 1, 21, 42, 9995 }, // U+1EDE
    { 12, 17, 217, 1, 17, 26, 10037 }, // U+1EDF
    { 16, 21, 275, 1, 21, 42, 10063 }, // U+1EE0
    { 12, 15, 217, 1, 15, 23, 10105 }, // U+1EE1
    { 16, 22, 275, 1, 17, 44, 10128 }, // U+1EE2
    { 12, 18, 217, 1, 13, 27, 10172 }, // U+1EE3
    { 13, 20, 248, 1, 15, 33, 10199 }, // U+1EE4
    { 10, 16, 197, 1, 11, 20, 10232 }, // U+1EE5
    { 13, 21, 248, 1, 21, 35, 10252 }, // U+1EE6
    { 10, 17, 197, 1, 17, 22, 10287 }, // U+1EE7
    { 16, 21, 248, 1, 21, 42, 10309 }, // U+1EE8
    { 13, 17, 197, 1, 17, 28, 10351 }, // U+1EE9
    { 16, 21, 248, 1, 21, 42, 10379 }, // U+1EEA
    { 13, 17, 197, 1, 17, 28, 10421 }, // U+1EEB
    { 16, 21, 248, 1, 21, 42, 10449 }, // U+1EEC
    { 13, 17, 197, 1, 17, 28, 10491 }, // U+1EED
    { 16, 21, 248, 1, 21, 42, 10519 }, // U+1EEE
    { 13, 15, 197, 1, 15, 25, 10561 }, // U+1EEF
    { 16, 23, 248, 1, 18, 46, 10586 }, // U+1EF0
    { 13, 18, 197, 1, 13, 30, 10632 }, // U+1EF1
    { 14, 21, 222, 0, 21, 37, 10662 }, // U+1EF2
    { 12, 20, 194, 0, 16, 30, 10699 }, // U+1EF3
    { 14, 20, 222, 0, 15, 35, 10729 }, // U+1EF4
    { 12, 16, 194, 0, 11, 24, 10764 }, // U+1EF5
    { 14, 21, 222, 0, 21, 37, 10788 }, // U+1EF6
    { 12, 21, 194, 0, 17, 32, 10825 }, // U+1EF7
    { 14, 20, 222, 0, 20, 35, 10857 }, // U+1EF8
    { 12, 19, 194, 0, 15, 29, 10892 }, // U+1EF9
    { 0, 0, 43, 0, 0, 0, 10921 }, // U+2009
    { 0, 0, 0, 0, 0, 0, 10921 }, // U+200B
    { 2, 16, 0, -1, 15, 4, 10921 }, // U+200C
    { 6, 16, 0, -3, 15, 12, 10925 }, // U+200D
    { 6, 18, 0, -1, 16, 14, 10937 }, // U+200E
    { 6, 18, 0, -5, 16, 14, 10951 }, // U+200F
    { 6, 3, 107, 0, 8, 3, 10965 }, // U+2010
    { 6, 3, 107, 0, 7, 3, 10968 }, // U+2011
    { 10, 2, 227, 2, 8, 3, 10971 }, // U+2013
    { 14, 2, 289, 2, 8, 4, 10974 }, // U+2014
    { 4, 5, 96, 1, 15, 3, 10978 }, // U+2018
    { 4, 5, 72, 1, 15, 3, 10981 }, // U+2019
    { 4, 5, 98, 1, 3, 3, 10984 }, // U+201A
    { 8, 5, 123, -1, 15, 5, 10987 }, // U+201C
    { 8, 5, 136, 1, 15, 5, 10992 }, // U+201D
    { 8, 5, 160, 1, 3, 5, 10997 }, // U+201E
    { 10, 11, 227, 2, 16, 14, 11002 }, // U+2020
    { 10, 11, 227, 2, 16, 14, 11016 }, // U+2021
    { 8, 6, 184, 2, 11, 6, 11030 }, // U+2022
    { 14, 3, 242, 1, 3, 6, 11036 }, // U+2026
    { 0, 0, 43, 0, 0, 0, 11042 }, // U+202F
    { 24, 15, 408, 1, 15, 45, 11042 }, // U+2030
    { 8, 9, 134, 0, 11, 9, 11087 }, // U+2039
    { 8, 9, 134, 0, 11, 9, 11096 }, // U+203A
    { 12, 15, 186, 0, 15, 23, 11105 }, // U+2044
    { 4, 12, 115, 1, 11, 6, 11128 }, // U+204F
    { 8, 8, 147, 1, 17, 8, 11134 }, // U+2070
    { 8, 8, 154, 1, 17, 8, 11142 }, // U+2074
    { 7, 8, 139, 1, 17, 7, 11150 }, // U+2075
    { 8, 8, 157, 1, 17, 8, 11157 }, // U+2076
    { 7, 8, 136, 1, 17, 7, 11165 }, // U+2077
    { 7, 8, 138, 1, 17, 7, 11172 }, // U+2078
    { 8, 8, 157, 1, 17, 8, 11179 }, // U+2079
    { 8, 8, 147, 1, 4, 8, 11187 }, // U+2080
    { 5, 8, 105, 0, 4, 5, 11195 }, // U+2081
    { 7, 8, 145, 1, 4, 7, 11200 }, // U+2082
    { 7, 8, 148, 1, 4, 7, 11207 }, // U+2083
    { 8, 8, 151, 1, 4, 8, 11214 }, // U+2084
    { 7, 8, 142, 1, 4, 7, 11222 }, // U+2085
    { 8, 8, 157, 1, 4, 8, 11229 }, // U+2086
    { 7, 8, 129, 1, 4, 7, 11237 }, // U+2087
    { 7, 8, 138, 1, 4, 7, 11244 }, // U+2088
    { 8, 8, 157, 1, 4, 8, 11251 }, // U+2089
    { 14, 13, 264, 1, 13, 23, 11259 }, // U+20AA
    { 12, 15, 197, 0, 15, 23, 11282 }, // U+20AB
    { 15, 15, 243, 0, 15, 29, 11305 }, // U+20AC
    { 9, 2, 212, 2, 8, 3, 11334 }, // U+2212
    { 10, 16, 162, 0, 16, 20, 11337 }, // U+2215
    { 13, 15, 207, 0, 15, 25, 11357 }, // U+221A
    { 8, 9, 188, 2, 12, 9, 11382 }, // U+2248
    { 11, 13, 242, 2, 13, 18, 11391 }, // U+2260
    { 10, 13, 190, 1, 12, 17, 11409 }, // U+2264
    { 10, 13, 190, 1, 12, 17, 11426 }, // U+2265
    { 7, 7, 333, 1, 5, 7, 11443 }, // U+3001
    { 8, 8, 333, 0, 6, 8, 11450 }, // U+3002
    { 20, 2, 333, 0, 9, 5, 11458 }, // U+4E00
    { 19, 19, 333, 1, 18, 46, 11463 }, // U+4E0A
    { 19, 18, 333, 1, 16, 43, 11509 }, // U+4E0B
    { 20, 19, 333, 0, 17, 48, 11552 }, // U+4E0D
    { 18, 20, 333, 1, 18, 45, 11600 }, // U+4E0E
    { 19, 18, 333, 1, 17, 43, 11645 }, // U+4E14
    { 19, 20, 333, 1, 18, 48, 11688 }, // U+4E22
    { 19, 19, 333, 1, 17, 46, 11736 }, // U+4E24
    { 21, 20, 333, 0, 18, 53, 11782 }, // U+4E2A
    { 17, 20, 333, 2, 18, 43, 11835 }, // U+4E2D
    { 17, 20, 333, 2, 18, 43, 11878 }, // U+4E32
    { 18, 20, 333, 1, 18, 45, 11921 }, // U+4E3A
    { 19, 19, 333, 1, 18, 46, 11966 }, // U+4E3B
    { 21, 20, 333, 0, 18, 53, 12012 }, // U+4E49
    { 20, 20, 333, 1, 18, 50, 12065 }, // U+4E4B
    { 17, 18, 333, 2, 16, 39, 12115 }, // U+4E60
    { 19, 20, 333, 1, 18, 48, 12154 }, // U+4E66
    { 19, 15, 333, 1, 15, 36, 12202 }, // U+4E8C
    { 19, 19, 333, 1, 17, 46, 12238 }, // U+4E8E
    { 19, 18, 333, 1, 17, 43, 12284 }, // U+4E92
    { 20, 20, 333, 0, 18, 50, 12327 }, // U+4EA4
    { 19, 20, 333, 1, 18, 48, 12377 }, // U+4EAE
    { 21, 20, 333, 0, 18, 53, 12425 }, // U+4EBA
    { 21, 20, 333, 0, 18, 53, 12478 }, // U+4EC5
    { 21, 20, 333, 0, 18, 53, 12531 }, // U+4ECA
    { 20, 20, 333, 0, 18, 50, 12584 }, // U+4ECE
    { 21, 20, 333, 0, 18, 53, 12634 }, // U+4ED6
    { 19, 19, 333, 2, 17, 46, 12687 }, // U+4EE5
    { 20, 20, 333, 0, 18, 50, 12733 }, // U+4EF6
    { 20, 20, 333, 0, 18, 50, 12783 }, // U+4EFB
    { 21, 20, 333, 0, 18, 53, 12833 }, // U+4F11
    { 20, 20, 333, 0, 18, 50, 12886 }, // U+4F20
    { 20, 20, 333, 0, 18, 50, 12936 }, // U+4F30
    { 20, 20, 333, 0, 18, 50, 12986 }, // U+4F4D
    { 21, 20, 333, 0, 18, 53, 13036 }, // U+4F53
    { 21, 20, 333, 0, 18, 53, 13089 }, // U+4F59
    { 21, 20, 333, 0, 18, 53, 13142 }, // U+4F5C
    { 20, 20, 333, 0, 18, 50, 13195 }, // U+4F60
    { 21, 20, 333, 0, 18, 53, 13245 }, // U+4F7F
    { 20, 20, 333, 0, 18, 50, 13298 }, // U+4F9B
    { 20, 20, 333, 0, 18, 50, 13348 }, // U+4FA7
    { 21, 20, 333, 0, 18, 53, 13398 }, // U+4FBF
    { 21, 20, 333, 0, 18, 53, 13451 }, // U+4FDD
    { 20, 20, 333, 0, 18, 50, 13504 }, // U+4FE1
    { 21, 20, 333, 0, 18, 53, 13554 }, // U+4FEE
    { 20, 20, 333, 0, 18, 50, 13607 }, // U+5012
    { 20, 20, 333, 0, 18, 50, 13657 }, // U+503C
    { 20, 20, 333, 0, 18, 50, 13707 }, // U+503E
    { 20, 20, 333, 0, 18, 50, 13757 }, // U+504F
    { 20, 20, 333, 0, 18, 50, 13807 }, // U+50A8
    { 19, 18, 333, 1, 16, 43, 13857 }, // U+5143
    { 20, 20, 333, 0, 18, 50, 13900 }, // U+5148
    { 20, 20, 333, 0, 18, 50, 13950 }, // U+5149
    { 21, 20, 333, 0, 18, 53, 14000 }, // U+5165
    { 21, 20, 333, 0, 18, 53, 14053 }, // U+5168
    { 20, 20, 333, 0, 18, 50, 14106 }, // U+516D
    { 19, 20, 333, 1, 18, 48, 14156 }, // U+5173
    { 20, 20, 333, 0, 18, 50, 14204 }, // U+5176
    { 21, 19, 333, 0, 17, 50, 14254 }, // U+5177
    { 20, 20, 333, 0, 18, 50, 14304 }, // U+5178
    { 17, 20, 333, 2, 18, 43, 14354 }, // U+5185
    { 20, 19, 333, 0, 17, 48, 14397 }, // U+518C
    { 21, 19, 333, 0, 17, 50, 14445 }, // U+518D
    { 19, 19, 333, 1, 17, 46, 14495 }, // U+5199
    { 19, 20, 333, 1, 18, 48, 14541 }, // U+51C6
    { 21, 20, 333, 0, 18, 53, 14589 }, // U+51D1
    { 17, 20, 333, 2, 18, 43, 14642 }, // U+51FA
    { 21, 20, 333, 0, 18, 53, 14685 }, // U+5206
    { 20, 19, 333, 0, 17, 48, 14738 }, // U+5207
    { 19, 20, 333, 1, 18, 48, 14786 }, // U+5217
    { 20, 20, 333, 0, 18, 50, 14834 }, // U+521B
    { 20, 20, 333, 0, 18, 50, 14884 }, // U+521D
    { 20, 20, 333, 0, 18, 50, 14934 }, // U+5220
    { 18, 20, 333, 1, 18, 45, 14984 }, // U+5230
    { 20, 20, 333, 0, 18, 50, 15029 }, // U+5236
    { 20, 20, 333, 0, 18, 50, 15079 }, // U+5237
    { 19, 20, 333, 1, 18, 48, 15129 }, // U+524D
    { 20, 20, 333, 0, 18, 50, 15177 }, // U+5269
    { 19, 20, 333, 1, 18, 48, 15227 }, // U+526A
    { 20, 20, 333, 0, 18, 50, 15275 }, // U+529F
    { 20, 20, 333, 0, 18, 50, 15325 }, // U+52A0
    { 21, 20, 333, 0, 18, 53, 15375 }, // U+52A1
    { 19, 20, 333, 1, 18, 48, 15428 }, // U+52A8
    { 20, 20, 333, 0, 18, 50, 15476 }, // U+52FF
    { 21, 20, 333, 0, 18, 53, 15526 }, // U+5305
    { 19, 18, 333, 1, 17, 43, 15579 }, // U+5339
    { 18, 19, 333, 2, 17, 43, 15622 }, // U+533A
    { 19, 20, 333, 1, 18, 48, 15665 }, // U+5355
    { 17, 20, 333, 3, 18, 43, 15713 }, // U+5360
    { 19, 20, 333, 1, 18, 48, 15756 }, // U+5361
    { 19, 19, 333, 1, 17, 46, 15804 }, // U+5373
    { 20, 19, 333, 0, 17, 48, 15850 }, // U+538B
    { 20, 19, 333, 0, 17, 48, 15898 }, // U+539F
    { 19, 20, 333, 1, 18, 48, 15946 }, // U+53CD
    { 21, 20, 333, 0, 18, 53, 15994 }, // U+53D1
    { 21, 19, 333, 0, 17, 50, 16047 }, // U+53D6
    { 17, 18, 333, 2, 16, 39, 16097 }, // U+53E3
    { 19, 19, 333, 1, 17, 46, 16136 }, // U+53EF
    { 20, 20, 333, 0, 18, 50, 16182 }, // U+53F3
    { 19, 19, 333, 1, 17, 46, 16232 }, // U+53F7
    { 21, 20, 333, 0, 18, 53, 16278 }, // U+5404
    { 19, 19, 333, 1, 17, 46, 16331 }, // U+540C
    { 18, 20, 333, 0, 18, 45, 16377 }, // U+540D
    { 20, 20, 333, 0, 18, 50, 16422 }, // U+540E
    { 17, 20, 333, 2, 18, 43, 16472 }, // U+5411
    { 20, 19, 333, 0, 17, 48, 16515 }, // U+5426
    { 21, 20, 333, 0, 18, 53, 16563 }, // U+542B
    { 19, 20, 333, 0, 18, 48, 16616 }, // U+542F
    { 19, 20, 333, 1, 18, 48, 16664 }, // U+544A
    { 19, 19, 333, 0, 17, 46, 16712 }, // U+5468
    { 21, 20, 333, 0, 18, 53, 16758 }, // U+547D
    { 19, 20, 333, 0, 18, 48, 16811 }, // U+548C
    { 20, 20, 333, 1, 18, 50, 16859 }, // U+54C8
    { 20, 20, 333, 1, 18, 50, 16909 }, // U+5524
    { 21, 19, 333, 0, 17, 50, 16959 }, // U+5668
    { 18, 17, 333, 1, 16, 39, 17009 }, // U+56DB
    { 19, 19, 333, 1, 17, 46, 17048 }, // U+56DE
    { 19, 19, 333, 1, 17, 46, 17094 }, // U+56E0
    { 19, 19, 333, 1, 17, 46, 17140 }, // U+56F4
    { 19, 19, 333, 1, 17, 46, 17186 }, // U+56FA
    { 19, 19, 333, 1, 17, 46, 17232 }, // U+56FE
    { 19, 19, 333, 1, 17, 46, 17278 }, // U+5706
    { 20, 20, 333, 0, 18, 50, 17324 }, // U+5728
    { 21, 20, 333, 0, 18, 53, 17374 }, // U+5730
    { 21, 19, 333, 0, 18, 50, 17427 }, // U+5740
    { 20, 20, 333, 0, 18, 50, 17477 }, // U+5747
    { 19, 20, 333, 1, 18, 48, 17527 }, // U+5782
    { 21, 20, 333, 0, 18, 53, 17575 }, // U+57FA
    { 19, 20, 333, 0, 18, 48, 17628 }, // U+589E
    { 21, 20, 333, 0, 18, 53, 17676 }, // U+5907
    { 21, 20, 333, 0, 18, 53, 17729 }, // U+590D
    { 19, 20, 333, 1, 18, 48, 17782 }, // U+591A
    { 21, 20, 333, 0, 18, 53, 17830 }, // U+591C
    { 20, 20, 333, 0, 18, 50, 17883 }, // U+5927
    { 21, 18, 333, 0, 16, 48, 17933 }, // U+5929
    { 21, 20, 333, 0, 18, 53, 17981 }, // U+5931
    { 19, 20, 333, 1, 18, 48, 18034 }, // U+5934
    { 20, 20, 333, 0, 18, 50, 18082 }, // U+5939
    { 21, 20, 333, 0, 18, 53, 18132 }, // U+59CB
    { 19, 20, 333, 1, 18, 48, 18185 }, // U+5B57
    { 20, 20, 333, 0, 18, 50, 18233 }, // U+5B58
    { 19, 20, 333, 1, 18, 48, 18283 }, // U+5B89
    { 20, 20, 333, 0, 18, 50, 18331 }, // U+5B8C
    { 20, 20, 333, 0, 18, 50, 18381 }, // U+5B9A
    { 20, 20, 333, 1, 18, 50, 18431 }, // U+5BB6
    { 20, 20, 333, 0, 18, 50, 18481 }, // U+5BB9
    { 21, 20, 333, 0, 18, 53, 18531 }, // U+5BBD
    { 20, 20, 333, 0, 18, 50, 18584 }, // U+5BC6
    { 20, 20, 333, 0, 18, 50, 18634 }, // U+5BF9
    { 20, 20, 333, 0, 18, 50, 18684 }, // U+5C01
    { 20, 20, 333, 0, 18, 50, 18734 }, // U+5C06
    { 21, 20, 333, 0, 18, 53, 18784 }, // U+5C0F
    { 20, 20, 333, 0, 18, 50, 18837 }, // U+5C11
    { 17, 20, 333, 2, 18, 43, 18887 }, // U+5C1A
    { 20, 20, 333, 1, 18, 50, 18930 }, // U+5C31
    { 20, 19, 333, 0, 17, 48, 18980 }, // U+5C40
    { 20, 19, 333, 0, 17, 48, 19028 }, // U+5C45
    { 20, 19, 333, 0, 17, 48, 19076 }, // U+5C4F
    { 19, 17, 333, 1, 16, 41, 19124 }, // U+5DE5
    { 20, 20, 333, 0, 18, 50, 19165 }, // U+5DE6
    { 19, 19, 333, 1, 17, 46, 19215 }, // U+5DF2
    { 20, 20, 333, 0, 18, 50, 19261 }, // U+5E03
    { 20, 20, 333, 0, 18, 50, 19311 }, // U+5E0C
    { 19, 20, 333, 1, 18, 48, 19361 }, // U+5E26
    { 21, 20, 333, 0, 18, 53, 19409 }, // U+5E55
    { 19, 19, 333, 1, 17, 46, 19462 }, // U+5E73
    { 19, 20, 333, 1, 18, 48, 19508 }, // U+5E76
    { 20, 20, 333, 0, 18, 50, 19556 }, // U+5E8F
    { 20, 20, 333, 0, 18, 50, 19606 }, // U+5E94
    { 20, 20, 333, 0, 18, 50, 19656 }, // U+5E95
    { 21, 20, 333, 0, 18, 53, 19706 }, // U+5EA6
    { 21, 20, 333, 0, 18, 53, 19759 }, // U+5EFA
    { 19, 19, 333, 1, 17, 46, 19812 }, // U+5F00
    { 20, 20, 333, 1, 18, 50, 19858 }, // U+5F0F
    { 17, 20, 333, 1, 18, 43, 19908 }, // U+5F15
    { 19, 20, 333, 1, 18, 48, 19951 }, // U+5F39
    { 17, 20, 333, 2, 18, 43, 19999 }, // U+5F53
    { 19, 19, 333, 1, 17, 46, 20042 }, // U+5F55
    { 20, 20, 333, 0, 18, 50, 20088 }, // U+5F97
    { 20, 20, 333, 0, 18, 50, 20138 }, // U+5FD8
    { 21, 20, 333, 0, 18, 53, 20188 }, // U+5FEB
    { 20, 20, 333, 0, 18, 50, 20241 }, // U+5FFD
    { 20, 20, 333, 0, 18, 50, 20291 }, // U+6001
    { 20, 20, 333, 0, 18, 50, 20341 }, // U+6062
    { 20, 20, 333, 0, 18, 50, 20391 }, // U+606F
    { 20, 20, 333, 0, 18, 50, 20441 }, // U+60C5
    { 20, 20, 333, 0, 18, 50, 20491 }, // U+60EF
    { 19, 20, 333, 1, 18, 48, 20541 }, // U+610F
    { 21, 20, 333, 0, 18, 53, 20589 }, // U+6162
    { 20, 20, 333, 0, 18, 50, 20642 }, // U+6210
    { 20, 20, 333, 1, 18, 50, 20692 }, // U+6216
    { 20, 20, 333, 0, 18, 50, 20742 }, // U+622A
    { 18, 20, 333, 0, 18, 45, 20792 }, // U+6237
    { 20, 20, 333, 0, 18, 50, 20837 }, // U+6240
    { 19, 20, 333, 1, 18, 48, 20887 }, // U+624B
    { 21, 20, 333, 0, 18, 53, 20935 }, // U+6253
    { 19, 20, 333, 0, 18, 48, 20988 }, // U+626B
    { 21, 20, 333, 0, 18, 53, 21036 }, // U+627E
    { 21, 20, 333, 0, 18, 53, 21089 }, // U+6297
    { 21, 20, 333, 0, 18, 53, 21142 }, // U+62A5
    { 21, 20, 333, 0, 18, 53, 21195 }, // U+62D4
    { 21, 20, 333, 0, 18, 53, 21248 }, // U+62E9
    { 20, 20, 333, 0, 18, 50, 21301 }, // U+6301
    { 20, 20, 333, 0, 18, 50, 21351 }, // U+6307
    { 20, 20, 333, 0, 18, 50, 21401 }, // U+6309
    { 20, 20, 333, 0, 18, 50, 21451 }, // U+6325
    { 21, 20, 333, 0, 18, 53, 21501 }, // U+6362
    { 20, 20, 333, 0, 18, 50, 21554 }, // U+636E
    { 21, 20, 333, 0, 18, 53, 21604 }, // U+6392
    { 21, 20, 333, 0, 18, 53, 21657 }, // U+63A5
    { 21, 20, 333, 0, 18, 53, 21710 }, // U+63A7
    { 20, 20, 333, 0, 18, 50, 21763 }, // U+63A8
    { 20, 20, 333, 0, 18, 50, 21813 }, // U+63CF
    { 21, 20, 333, 0, 18, 53, 21863 }, // U+63D0
    { 20, 20, 333, 0, 18, 50, 21916 }, // U+63D2
    { 21, 20, 333, 0, 18, 53, 21966 }, // U+641C
    { 20, 20, 333, 0, 18, 50, 22019 }, // U+6458
    { 21, 20, 333, 0, 18, 53, 22069 }, // U+64CD
    { 20, 20, 333, 1, 18, 50, 22122 }, // U+6536
    { 20, 20, 333, 1, 18, 50, 22172 }, // U+6539
    { 21, 20, 333, 0, 18, 53, 22222 }, // U+653E
    { 21, 20, 333, 0, 18, 53, 22275 }, // U+6548
    { 21, 20, 333, 0, 18, 53, 22328 }, // U+6570
    { 21, 20, 333, 0, 18, 53, 22381 }, // U+6574
    { 21, 20, 333, 0, 18, 53, 22434 }, // U+6587
    { 21, 20, 333, 0, 18, 53, 22487 }, // U+659C
    { 20, 20, 333, 1, 18, 50, 22540 }, // U+65AD
    { 20, 20, 333, 0, 18, 50, 22590 }, // U+65B0
    { 20, 20, 333, 0, 18, 50, 22640 }, // U+65B9
    { 20, 19, 333, 0, 17, 48, 22690 }, // U+65E0
    { 15, 19, 333, 3, 17, 36, 22738 }, // U+65E5
    { 20, 19, 333, 0, 17, 48, 22774 }, // U+65E9
    { 20, 20, 333, 1, 18, 50, 22822 }, // U+65F6
    { 19, 19, 333, 1, 17, 46, 22872 }, // U+660E
    { 21, 19, 333, 0, 17, 50, 22918 }, // U+662F
    { 20, 18, 333, 0, 17, 45, 22968 }, // U+663E
    { 19, 20, 333, 1, 18, 48, 23013 }, // U+6670
    { 19, 20, 333, 0, 18, 48, 23061 }, // U+667A
    { 19, 20, 333, 1, 18, 48, 23109 }, // U+6682
    { 21, 19, 333, 0, 17, 50, 23157 }, // U+66F4
    { 21, 19, 333, 0, 17, 50, 23207 }, // U+6700
    { 20, 20, 333, 0, 18, 50, 23257 }, // U+6709
    { 21, 19, 333, 0, 17, 50, 23307 }, // U+670D
    { 20, 20, 333, 0, 18, 50, 23357 }, // U+671F
    { 21, 20, 333, 0, 18, 53, 23407 }, // U+672A
    { 21, 20, 333, 0, 18, 53, 23460 }, // U+672B
    { 21, 20, 333, 0, 18, 53, 23513 }, // U+672C
    { 21, 20, 333, 0, 18, 53, 23566 }, // U+673A
    { 21, 20, 333, 0, 18, 53, 23619 }, // U+6761
    { 21, 20, 333, 0, 18, 53, 23672 }, // U+6765
    { 20, 20, 333, 0, 18, 50, 23725 }, // U+677E
    { 20, 20, 333, 0, 18, 50, 23775 }, // U+6790
    { 21, 19, 333, 0, 17, 50, 23825 }, // U+679C
    { 21, 19, 333, 0, 18, 50, 23875 }, // U+67E5
    { 20, 20, 333, 0, 18, 50, 23925 }, // U+6807
    { 20, 20, 333, 0, 18, 50, 23975 }, // U+680F
    { 20, 20, 333, 0, 18, 50, 24025 }, // U+6837
    { 21, 20, 333, 0, 18, 53, 24075 }, // U+6839
    { 21, 20, 333, 0, 18, 53, 24128 }, // U+683C
    { 21, 20, 333, 0, 18, 53, 24181 }, // U+6846
    { 20, 20, 333, 0, 18, 50, 24234 }, // U+6863
    { 21, 20, 333, 0, 18, 53, 24284 }, // U+68C0
    { 21, 20, 333, 0, 18, 53, 24337 }, // U+6A21
    { 21, 20, 333, 0, 18, 53, 24390 }, // U+6A2A
    { 21, 20, 333, 0, 18, 53, 24443 }, // U+6B21
    { 19, 17, 333, 1, 16, 41, 24496 }, // U+6B63
    { 21, 20, 333, 0, 18, 53, 24537 }, // U+6B64
    { 19, 20, 333, 1, 18, 48, 24590 }, // U+6B65
    { 21, 20, 333, 0, 18, 53, 24638 }, // U+6BB5
    { 20, 20, 333, 0, 18, 50, 24691 }, // U+6BCF
    { 19, 20, 333, 1, 18, 48, 24741 }, // U+6BD4
    { 21, 20, 333, 0, 18, 53, 24789 }, // U+6C34
    { 21, 20, 333, 0, 18, 53, 24842 }, // U+6C89
    { 21, 20, 333, 0, 18, 53, 24895 }, // U+6CA1
    { 20, 20, 333, 0, 18, 50, 24948 }, // U+6CD5
    { 21, 20, 333, 0, 18, 53, 24998 }, // U+6CE8
    { 20, 20, 333, 0, 18, 50, 25051 }, // U+6D3B
    { 20, 20, 333, 0, 18, 50, 25101 }, // U+6D45
    { 20, 20, 333, 0, 18, 50, 25151 }, // U+6D4F
    { 20, 20, 333, 0, 18, 50, 25201 }, // U+6D88
    { 20, 20, 333, 0, 18, 50, 25251 }, // U+6DF1
    { 21, 20, 333, 0, 18, 53, 25301 }, // U+6DFB
    { 20, 20, 333, 0, 18, 50, 25354 }, // U+6E05
    { 20, 20, 333, 0, 18, 50, 25404 }, // U+6E10
    { 21, 20, 333, 0, 18, 53, 25454 }, // U+6E29
    { 21, 20, 333, 0, 18, 53, 25507 }, // U+6E90
    { 20, 20, 333, 0, 18, 50, 25560 }, // U+6ED1
    { 21, 20, 333, 0, 18, 53, 25610 }, // U+6EE4
    { 21, 20, 333, 0, 18, 53, 25663 }, // U+706F
    { 20, 20, 333, 0, 18, 50, 25716 }, // U+70B9
    { 21, 20, 333, 0, 18, 53, 25766 }, // U+70ED
    { 20, 20, 333, 0, 18, 50, 25819 }, // U+7136
    { 19, 20, 333, 0, 18, 48, 25869 }, // U+7247
    { 21, 20, 333, 0, 18, 53, 25917 }, // U+7248
    { 20, 19, 333, 0, 17, 48, 25970 }, // U+7259
    { 21, 20, 333, 0, 18, 53, 26018 }, // U+72B6
    { 20, 20, 333, 0, 18, 50, 26071 }, // U+732B
    { 19, 20, 333, 1, 18, 48, 26121 }, // U+7387
    { 20, 19, 333, 0, 17, 48, 26169 }, // U+73B0
    { 21, 18, 333, 0, 17, 48, 26217 }, // U+7406
    { 19, 19, 333, 0, 17, 46, 26265 }, // U+7528
    { 19, 20, 333, 2, 18, 48, 26311 }, // U+7535
    { 18, 19, 333, 1, 17, 43, 26359 }, // U+753B
    { 21, 19, 333, 0, 17, 50, 26402 }, // U+754C
    { 19, 20, 333, 1, 18, 48, 26452 }, // U+7559
    { 20, 20, 333, 1, 18, 50, 26500 }, // U+7565
    { 21, 20, 333, 0, 18, 53, 26550 }, // U+767B
    { 19, 19, 333, 1, 17, 46, 26603 }, // U+767E
    { 19, 20, 333, 1, 18, 48, 26649 }, // U+7684
    { 20, 20, 333, 0, 18, 50, 26697 }, // U+76D8
    { 15, 19, 333, 3, 17, 36, 26747 }, // U+76EE
    { 20, 19, 333, 0, 18, 48, 26783 }, // U+76F4
    { 20, 20, 333, 0, 18, 50, 26831 }, // U+770B
    { 20, 19, 333, 1, 17, 48, 26881 }, // U+7720
    { 20, 20, 333, 0, 18, 50, 26929 }, // U+7740
    { 19, 20, 333, 1, 18, 48, 26979 }, // U+7761
    { 20, 20, 333, 0, 18, 50, 27027 }, // U+77ED
    { 20, 19, 333, 0, 17, 48, 27077 }, // U+7801
    { 20, 20, 333, 0, 18, 50, 27125 }, // U+786E
    { 20, 18, 333, 0, 16, 45, 27175 }, // U+793A
    { 20, 20, 333, 0, 18, 50, 27220 }, // U+7981
    { 20, 20, 333, 0, 18, 50, 27270 }, // U+79D2
    { 20, 20, 333, 0, 18, 50, 27320 }, // U+79F0
    { 20, 20, 333, 0, 18, 50, 27370 }, // U+79FB
    { 21, 20, 333, 0, 18, 53, 27420 }, // U+7A0B
    { 19, 19, 333, 1, 18, 46, 27473 }, // U+7A7A
    { 19, 19, 333, 1, 18, 46, 27519 }, // U+7ACB
    { 19, 20, 333, 1, 18, 48, 27565 }, // U+7AD6
    { 20, 20, 333, 0, 18, 50, 27613 }, // U+7AE0
    { 20, 20, 333, 0, 18, 50, 27663 }, // U+7AEF
    { 20, 20, 333, 0, 18, 50, 27713 }, // U+7B26
    { 20, 20, 333, 0, 18, 50, 27763 }, // U+7B2C
    { 21, 20, 333, 0, 18, 53, 27813 }, // U+7B7E
    { 19, 20, 333, 1, 18, 48, 27866 }, // U+7B80
    { 20, 20, 333, 0, 18, 50, 27914 }, // U+7B97
    { 20, 20, 333, 0, 18, 50, 27964 }, // U+7BA1
    { 20, 20, 333, 0, 18, 50, 28014 }, // U+7BAD
    { 20, 20, 333, 0, 18, 50, 28064 }, // U+7C4D
    { 20, 20, 333, 0, 18, 50, 28114 }, // U+7C97
    { 19, 20, 333, 1, 18, 48, 28164 }, // U+7CFB
    { 19, 20, 333, 1, 18, 48, 28212 }, // U+7D22
    { 19, 20, 333, 1, 18, 48, 28260 }, // U+7D27
    { 21, 20, 333, 0, 18, 53, 28308 }, // U+7EBF
    { 20, 20, 333, 0, 18, 50, 28361 }, // U+7EC6
    { 21, 20, 333, 0, 18, 53, 28411 }, // U+7EC8
    { 20, 20, 333, 0, 18, 50, 28464 }, // U+7ED3
    { 21, 20, 333, 0, 18, 53, 28514 }, // U+7EDC
    { 20, 20, 333, 0, 18, 50, 28567 }, // U+7EDF
    { 20, 19, 333, 0, 18, 48, 28617 }, // U+7EE7
    { 20, 20, 333, 0, 18, 50, 28665 }, // U+7EEA
    { 20, 20, 333, 0, 18, 50, 28715 }, // U+7EED
    { 20, 20, 333, 0, 18, 50, 28765 }, // U+7EF4
    { 21, 20, 333, 0, 18, 53, 28815 }, // U+7F13
    { 20, 20, 333, 0, 18, 50, 28868 }, // U+7F16
    { 21, 20, 333, 0, 18, 53, 28918 }, // U+7F1D
    { 20, 20, 333, 0, 18, 50, 28971 }, // U+7F29
    { 19, 19, 333, 1, 17, 46, 29021 }, // U+7F51
    { 19, 19, 333, 1, 17, 46, 29067 }, // U+7F6E
    { 20, 20, 333, 0, 18, 50, 29113 }, // U+7FFB
    { 20, 20, 333, 0, 18, 50, 29163 }, // U+8005
    { 20, 20, 333, 1, 18, 50, 29213 }, // U+80FD
    { 20, 20, 333, 0, 18, 50, 29263 }, // U+8111
    { 20, 20, 333, 0, 18, 50, 29313 }, // U+811A
    { 15, 20, 333, 3, 18, 38, 29363 }, // U+81EA
    { 19, 18, 333, 1, 17, 43, 29401 }, // U+81F3
    { 21, 20, 333, 0, 18, 53, 29444 }, // U+8272
    { 19, 20, 333, 1, 18, 48, 29497 }, // U+8282
    { 20, 20, 333, 0, 18, 50, 29545 }, // U+82E5
    { 21, 20, 333, 0, 18, 53, 29595 }, // U+82F1
    { 19, 20, 333, 1, 18, 48, 29648 }, // U+8303
    { 20, 20, 333, 0, 18, 50, 29696 }, // U+8350
    { 20, 20, 333, 0, 18, 50, 29746 }, // U+83B7
    { 21, 20, 333, 0, 18, 53, 29796 }, // U+83DC
    { 21, 20, 333, 0, 18, 53, 29849 }, // U+843D
    { 20, 20, 333, 0, 18, 50, 29902 }, // U+84DD
    { 21, 20, 333, 0, 18, 53, 29952 }, // U+85CF
    { 20, 20, 333, 0, 18, 50, 30005 }, // U+884C
    { 21, 20, 333, 0, 18, 53, 30055 }, // U+8868
    { 21, 20, 333, 0, 18, 53, 30108 }, // U+88AB
    { 21, 20, 333, 0, 18, 53, 30161 }, // U+88C1
    { 21, 20, 333, 0, 18, 53, 30214 }, // U+88C5
    { 21, 20, 333, 0, 18, 53, 30267 }, // U+892A
    { 19, 19, 333, 1, 17, 46, 30320 }, // U+8981
    { 20, 19, 333, 0, 17, 48, 30366 }, // U+89C1
    { 19, 20, 333, 1, 18, 48, 30414 }, // U+89C8
    { 20, 20, 333, 0, 18, 50, 30462 }, // U+89E3
    { 21, 20, 333, 0, 18, 53, 30512 }, // U+89E6
    { 19, 20, 333, 1, 18, 48, 30565 }, // U+8A00
    { 20, 20, 333, 0, 18, 50, 30613 }, // U+8BA1
    { 21, 20, 333, 0, 18, 53, 30663 }, // U+8BA4
    { 21, 20, 333, 0, 18, 53, 30716 }, // U+8BAE
    { 21, 19, 333, 0, 17, 50, 30769 }, // U+8BB0
    { 21, 20, 333, 0, 18, 53, 30819 }, // U+8BBE
    { 20, 19, 333, 1, 17, 48, 30872 }, // U+8BC1
    { 20, 19, 333, 0, 17, 48, 30920 }, // U+8BCD
    { 20, 20, 333, 1, 18, 50, 30968 }, // U+8BD5
    { 20, 20, 333, 0, 18, 50, 31018 }, // U+8BE2
    { 20, 20, 333, 0, 18, 50, 31068 }, // U+8BE6
    { 20, 19, 333, 0, 17, 48, 31118 }, // U+8BED
    { 21, 19, 333, 0, 17, 50, 31166 }, // U+8BEF
    { 20, 20, 333, 0, 18, 50, 31216 }, // U+8BF4
    { 20, 20, 333, 0, 18, 50, 31266 }, // U+8BF7
    { 20, 20, 333, 0, 18, 50, 31316 }, // U+8BFB
    { 20, 20, 333, 0, 18, 50, 31366 }, // U+8C03
    { 21, 20, 333, 0, 18, 53, 31416 }, // U+8D25
    { 21, 20, 333, 0, 18, 53, 31469 }, // U+8D26
    { 21, 20, 333, 0, 18, 53, 31522 }, // U+8D77
    { 21, 20, 333, 0, 18, 53, 31575 }, // U+8D85
    { 21, 19, 333, 0, 17, 50, 31628 }, // U+8DB3
    { 21, 20, 333, 0, 18, 53, 31678 }, // U+8DC3
    { 21, 20, 333, 0, 18, 53, 31731 }, // U+8DD1
    { 20, 18, 333, 0, 17, 45, 31784 }, // U+8DDD
    { 21, 19, 333, 0, 17, 50, 31829 }, // U+8DDF
    { 21, 20, 333, 0, 18, 53, 31879 }, // U+8DF3
    { 20, 20, 333, 0, 18, 50, 31932 }, // U+8F6C
    { 20, 20, 333, 0, 18, 50, 31982 }, // U+8F7B
    { 20, 20, 333, 1, 18, 50, 32032 }, // U+8F7D
    { 21, 20, 333, 0, 18, 53, 32082 }, // U+8F83
    { 21, 20, 333, 0, 18, 53, 32135 }, // U+8F93
    { 21, 20, 333, 0, 18, 53, 32188 }, // U+8FB9
    { 21, 20, 333, 0, 18, 53, 32241 }, // U+8FBE
    { 21, 20, 333, 0, 18, 53, 32294 }, // U+8FC7
    { 21, 20, 333, 0, 18, 53, 32347 }, // U+8FD1
    { 21, 20, 333, 0, 18, 53, 32400 }, // U+8FD4
    { 21, 20, 333, 0, 18, 53, 32453 }, // U+8FD8
    { 21, 20, 333, 0, 18, 53, 32506 }, // U+8FD9
    { 21, 20, 333, 0, 18, 53, 32559 }, // U+8FDB
    { 21, 19, 333, 0, 17, 50, 32612 }, // U+8FDC
    { 21, 20, 333, 0, 18, 53, 32662 }, // U+8FDE
    { 21, 19, 333, 0, 17, 50, 32715 }, // U+9000
    { 21, 20, 333, 0, 18, 53, 32765 }, // U+9001
    { 21, 20, 333, 0, 18, 53, 32818 }, // U+9002
    { 21, 20, 333, 0, 18, 53, 32871 }, // U+9006
    { 21, 20, 333, 0, 18, 53, 32924 }, // U+9009
    { 21, 20, 333, 0, 18, 53, 32977 }, // U+900F
    { 21, 19, 333, 0, 17, 50, 33030 }, // U+901A
    { 21, 20, 333, 0, 18, 53, 33080 }, // U+901F
    { 19, 20, 333, 1, 18, 48, 33133 }, // U+90E8
    { 21, 20, 333, 0, 18, 53, 33181 }, // U+90FD
    { 20, 19, 333, 1, 17, 48, 33234 }, // U+914D
    { 20, 19, 333, 1, 17, 48, 33282 }, // U+9192
    { 21, 20, 333, 0, 18, 53, 33330 }, // U+91CA
    { 19, 19, 333, 1, 18, 46, 33383 }, // U+91CD
    { 20, 19, 333, 0, 17, 48, 33429 }, // U+91CF
    { 20, 20, 333, 0, 18, 50, 33477 }, // U+9488
    { 20, 20, 333, 0, 18, 50, 33527 }, // U+949F
    { 21, 20, 333, 0, 18, 53, 33577 }, // U+94FE
    { 20, 20, 333, 0, 18, 50, 33630 }, // U+9519
    { 21, 20, 333, 0, 18, 53, 33680 }, // U+952E
    { 20, 20, 333, 0, 18, 50, 33733 }, // U+952F
    { 21, 20, 333, 0, 18, 53, 33783 }, // U+955C
    { 20, 20, 333, 1, 18, 50, 33836 }, // U+957F
    { 19, 20, 333, 1, 18, 48, 33886 }, // U+95ED
    { 18, 20, 333, 1, 18, 45, 33934 }, // U+95EE
    { 19, 20, 333, 1, 18, 48, 33979 }, // U+95F4
    { 18, 20, 333, 1, 18, 45, 34027 }, // U+9605
    { 18, 19, 333, 1, 17, 43, 34072 }, // U+9633
    { 20, 20, 333, 1, 18, 50, 34115 }, // U+9644
    { 20, 20, 333, 1, 18, 50, 34165 }, // U+9664
    { 20, 20, 333, 1, 18, 50, 34215 }, // U+968F
    { 19, 20, 333, 1, 18, 48, 34265 }, // U+9690
    { 19, 19, 333, 1, 17, 46, 34313 }, // U+9700
    { 19, 19, 333, 1, 17, 46, 34359 }, // U+9762
    { 19, 19, 333, 1, 17, 46, 34405 }, // U+9875
    { 21, 19, 333, 0, 17, 50, 34451 }, // U+9876
    { 21, 19, 333, 0, 17, 50, 34501 }, // U+9879
    { 20, 19, 333, 0, 17, 48, 34551 }, // U+987A
    { 20, 19, 333, 0, 17, 48, 34599 }, // U+9884
    { 21, 20, 333, 0, 18, 53, 34647 }, // U+9891
    { 21, 19, 333, 0, 17, 50, 34700 }, // U+9898
    { 21, 20, 333, 0, 18, 53, 34750 }, // U+9988
    { 19, 20, 333, 1, 18, 48, 34803 }, // U+9996
    { 21, 20, 333, 0, 18, 53, 34851 }, // U+9A8C
    { 19, 20, 333, 1, 18, 48, 34904 }, // U+9E1F
    { 20, 20, 333, 0, 18, 50, 34952 }, // U+9E70
    { 21, 20, 333, 0, 18, 53, 35002 }, // U+9ED8
    { 21, 20, 333, 0, 18, 53, 35055 }, // U+9F50
    { 19, 20, 333, 1, 18, 48, 35108 }, // U+9F7F
    { 20, 17, 331, 0, 9, 43, 35156 }, // U+FB56
    { 24, 16, 364, 0, 8, 48, 35199 }, // U+FB57
    { 6, 16, 100, -1, 9, 12, 35247 }, // U+FB58
    { 9, 13, 124, 0, 6, 15, 35259 }, // U+FB59
    { 20, 16, 331, 0, 15, 40, 35274 }, // U+FB66
    { 24, 16, 364, 0, 15, 48, 35314 }, // U+FB67
    { 6, 18, 90, 0, 17, 14, 35362 }, // U+FB68
    { 9, 16, 124, 0, 15, 18, 35376 }, // U+FB69
    { 13, 18, 220, 0, 9, 30, 35394 }, // U+FB7A
    { 17, 18, 240, 0, 9, 39, 35424 }, // U+FB7B
    { 12, 15, 196, 0, 8, 23, 35463 }, // U+FB7C
    { 15, 15, 212, 0, 8, 29, 35486 }, // U+FB7D
    { 9, 20, 159, 0, 19, 23, 35515 }, // U+FB88
    { 13, 20, 177, 0, 19, 33, 35538 }, // U+FB89
    { 8, 20, 122, -1, 15, 20, 35571 }, // U+FB8A
    { 11, 20, 132, -1, 15, 28, 35591 }, // U+FB8B
    { 8, 21, 122, -1, 16, 21, 35619 }, // U+FB8C
    { 11, 21, 132, -1, 16, 29, 35640 }, // U+FB8D
    { 19, 16, 292, 0, 15, 38, 35669 }, // U+FB8E
    { 22, 16, 325, 0, 15, 44, 35707 }, // U+FB8F
    { 9, 16, 137, 0, 15, 18, 35751 }, // U+FB90
    { 12, 16, 169, 0, 15, 24, 35769 }, // U+FB91
    { 19, 19, 292, 0, 18, 46, 35793 }, // U+FB92
    { 22, 19, 325, 0, 18, 53, 35839 }, // U+FB93
    { 9, 19, 137, 0, 18, 22, 35892 }, // U+FB94
    { 12, 19, 169, 0, 18, 29, 35914 }, // U+FB95
    { 14, 12, 228, 0, 7, 21, 35943 }, // U+FB9E
    { 17, 11, 243, 0, 6, 24, 35964 }, // U+FB9F
    { 8, 10, 135, 0, 10, 10, 35988 }, // U+FBA6
    { 12, 8, 160, 0, 7, 12, 35998 }, // U+FBA7
    { 5, 13, 90, 0, 9, 9, 36010 }, // U+FBA8
    { 11, 10, 146, 0, 4, 14, 36019 }, // U+FBA9
    { 14, 12, 224, 0, 11, 21, 36033 }, // U+FBAA
    { 14, 14, 205, 0, 9, 25, 36054 }, // U+FBAB
    { 12, 12, 191, 0, 11, 18, 36079 }, // U+FBAC
    { 12, 14, 169, 0, 9, 21, 36097 }, // U+FBAD
    { 19, 11, 314, 0, 10, 27, 36118 }, // U+FBAE
    { 13, 8, 183, 0, 2, 13, 36145 }, // U+FBAF
    { 19, 16, 314, 0, 15, 38, 36158 }, // U+FBB0
    { 13, 13, 183, 0, 7, 22, 36196 }, // U+FBB1
    { 16, 14, 253, 0, 9, 28, 36218 }, // U+FBFC
    { 17, 9, 245, 0, 4, 20, 36246 }, // U+FBFD
    { 6, 13, 100, -1, 9, 10, 36266 }, // U+FBFE
    { 9, 10, 124, 0, 6, 12, 36276 }, // U+FBFF
    { 8, 10, 137, 0, 8, 10, 36288 }, // U+FE80
    { 8, 18, 78, -2, 18, 18, 36298 }, // U+FE81
    { 10, 20, 97, -2, 19, 25, 36316 }, // U+FE82
    { 5, 20, 78, 0, 20, 13, 36341 }, // U+FE83
    { 8, 22, 97, 0, 21, 22, 36354 }, // U+FE84
    { 9, 18, 149, 0, 13, 21, 36376 }, // U+FE85
    { 11, 18, 157, 0, 13, 25, 36397 }, // U+FE86
    { 5, 21, 79, 1, 15, 14, 36422 }, // U+FE87
    { 7, 21, 97, 1, 15, 19, 36436 }, // U+FE88
    { 16, 14, 253, 0, 9, 28, 36455 }, // U+FE89
    { 17, 14, 245, 0, 9, 30, 36483 }, // U+FE8A
    { 5, 16, 90, 0, 15, 10, 36513 }, // U+FE8B
    { 9, 13, 114, 0, 12, 15, 36523 }, // U+FE8C
    { 3, 15, 79, 1, 15, 6, 36538 }, // U+FE8D
    { 7, 16, 97, 1, 15, 14, 36544 }, // U+FE8E
    { 20, 13, 331, 0, 9, 33, 36558 }, // U+FE8F
    { 24, 12, 364, 0, 8, 36, 36591 }, // U+FE90
    { 5, 13, 90, 0, 9, 9, 36627 }, // U+FE91
    { 9, 10, 114, 0, 6, 12, 36636 }, // U+FE92
    { 8, 14, 135, 0, 14, 14, 36648 }, // U+FE93
    { 12, 16, 162, 0, 15, 24, 36662 }, // U+FE94
    { 20, 12, 331, 0, 11, 30, 36686 }, // U+FE95
    { 24, 12, 364, 0, 11, 36, 36716 }, // U+FE96
    { 6, 14, 90, 0, 13, 11, 36752 }, // U+FE97
    { 9, 11, 124, 0, 10, 13, 36763 }, // U+FE98
    { 20, 15, 331, 0, 14, 38, 36776 }, // U+FE99
    { 24, 15, 364, 0, 14, 45, 36814 }, // U+FE9A
    { 6, 17, 90, 0, 16, 13, 36859 }, // U+FE9B
    { 9, 14, 124, 0, 13, 16, 36872 }, // U+FE9C
    { 13, 18, 213, 0, 9, 30, 36888 }, // U+FE9D
    { 15, 18, 216, 0, 9, 34, 36918 }, // U+FE9E
    { 12, 12, 196, 0, 8, 18, 36952 }, // U+FE9F
    { 15, 12, 212, 0, 8, 23, 36970 }, // U+FEA0
    { 13, 18, 213, 0, 9, 30, 36993 }, // U+FEA1
    { 15, 18, 216, 0, 9, 34, 37023 }, // U+FEA2
    { 12, 9, 196, 0, 8, 14, 37057 }, // U+FEA3
    { 15, 9, 212, 0, 8, 17, 37071 }, // U+FEA4
    { 13, 22, 213, 0, 13, 36, 37088 }, // U+FEA5
    { 15, 22, 216, 0, 13, 42, 37124 }, // U+FEA6
    { 12, 13, 196, 0, 12, 20, 37166 }, // U+FEA7
    { 15, 13, 212, 0, 12, 25, 37186 }, // U+FEA8
    { 9, 11, 159, 0, 10, 13, 37211 }, // U+FEA9
    { 13, 11, 177, 0, 10, 18, 37224 }, // U+FEAA
    { 9, 15, 159, 0, 14, 17, 37242 }, // U+FEAB
    { 13, 15, 177, 0, 14, 25, 37259 }, // U+FEAC
    { 8, 13, 122, -1, 8, 13, 37284 }, // U+FEAD
    { 11, 13, 132, -1, 8, 18, 37297 }, // U+FEAE
    { 8, 17, 122, -1, 12, 17, 37315 }, // U+FEAF
    { 11, 17, 132, -1, 12, 24, 37332 }, // U+FEB0
    { 25, 14, 403, 0, 9, 44, 37356 }, // U+FEB1
    { 28, 13, 423, 0, 8, 46, 37400 }, // U+FEB2
    { 16, 10, 261, 0, 9, 20, 37446 }, // U+FEB3
    { 19, 9, 283, 0, 8, 22, 37466 }, // U+FEB4
    { 25, 19, 403, 0, 14, 60, 37488 }, // U+FEB5
    { 28, 19, 423, 0, 14, 67, 37548 }, // U+FEB6
    { 16, 15, 261, 0, 14, 30, 37615 }, // U+FEB7
    { 19, 15, 283, 0, 14, 36, 37645 }, // U+FEB8
    { 27, 13, 435, 0, 8, 44, 37681 }, // U+FEB9
    { 30, 13, 451, 0, 8, 49, 37725 }, // U+FEBA
    { 18, 9, 301, 0, 8, 21, 37774 }, // U+FEBB
    { 21, 9, 316, 0, 8, 24, 37795 }, // U+FEBC
    { 27, 17, 435, 0, 12, 58, 37819 }, // U+FEBD
    { 30, 17, 451, 0, 12, 64, 37877 }, // U+FEBE
    { 18, 13, 301, 0, 12, 30, 37941 }, // U+FEBF
    { 21, 13, 316, 0, 12, 35, 37971 }, // U+FEC0
    { 16, 16, 263, 0, 15, 32, 38006 }, // U+FEC1
    { 19, 16, 277, 0, 15, 38, 38038 }, // U+FEC2
    { 14, 16, 226, 0, 15, 28, 38076 }, // U+FEC3
    { 16, 16, 237, 0, 15, 32, 38104 }, // U+FEC4
    { 16, 16, 263, 0, 15, 32, 38136 }, // U+FEC5
    { 19, 16, 277, 0, 15, 38, 38168 }, // U+FEC6
    { 14, 16, 226, 0, 15, 28, 38206 }, // U+FEC7
    { 16, 16, 237, 0, 15, 32, 38234 }, // U+FEC8
    { 13, 20, 169, 0, 11, 33, 38266 }, // U+FEC9
    { 13, 18, 177, 0, 9, 30, 38299 }, // U+FECA
    { 10, 11, 168, 0, 10, 14, 38329 }, // U+FECB
    { 12, 10, 174, 0, 9, 15, 38343 }, // U+FECC
    { 13, 24, 169, 0, 15, 39, 38358 }, // U+FECD
    { 13, 22, 177, 0, 13, 36, 38397 }, // U+FECE
    { 10, 15, 168, 0, 14, 19, 38433 }, // U+FECF
    { 12, 14, 174, 0, 13, 21, 38452 }, // U+FED0
    { 20, 16, 328, 0, 15, 40, 38473 }, // U+FED1
    { 24, 14, 366, 0, 13, 42, 38513 }, // U+FED2
    { 9, 16, 149, 0, 15, 18, 38555 }, // U+FED3
    { 12, 14, 165, 0, 13, 21, 38573 }, // U+FED4
    { 16, 17, 258, 0, 13, 34, 38594 }, // U+FED5
    { 18, 17, 269, 0, 11, 39, 38628 }, // U+FED6
    { 9, 16, 149, 0, 15, 18, 38667 }, // U+FED7
    { 12, 14, 165, 0, 13, 21, 38685 }, // U+FED8
    { 18, 16, 294, 0, 15, 36, 38706 }, // U+FED9
    { 21, 16, 307, 0, 15, 42, 38742 }, // U+FEDA
    { 9, 16, 137, 0, 15, 18, 38784 }, // U+FEDB
    { 12, 16, 169, 0, 15, 24, 38802 }, // U+FEDC
    { 14, 20, 232, 0, 15, 35, 38826 }, // U+FEDD
    { 17, 20, 243, 0, 15, 43, 38861 }, // U+FEDE
    { 5, 16, 87, 0, 15, 10, 38904 }, // U+FEDF
    { 8, 16, 100, 0, 15, 16, 38914 }, // U+FEE0
    { 10, 17, 161, 0, 8, 22, 38930 }, // U+FEE1
    { 13, 17, 187, 0, 8, 28, 38952 }, // U+FEE2
    { 10, 9, 175, 0, 8, 12, 38980 }, // U+FEE3
    { 14, 9, 193, 0, 8, 16, 38992 }, // U+FEE4
    { 14, 16, 228, 0, 11, 28, 39008 }, // U+FEE5
    { 17, 16, 243, 0, 11, 34, 39036 }, // U+FEE6
    { 5, 14, 90, 0, 13, 9, 39070 }, // U+FEE7
    { 9, 11, 114, 0, 10, 13, 39079 }, // U+FEE8
    { 8, 10, 135, 0, 10, 10, 39092 }, // U+FEE9
    { 12, 12, 162, 0, 11, 18, 39102 }, // U+FEEA
    { 12, 12, 191, 0, 11, 18, 39120 }, // U+FEEB
    { 12, 14, 169, 0, 9, 21, 39138 }, // U+FEEC
    { 9, 13, 149, 0, 8, 15, 39159 }, // U+FEED
    { 11, 13, 157, 0, 8, 18, 39174 }, // U+FEEE
    { 16, 14, 253, 0, 9, 28, 39192 }, // U+FEEF
    { 17, 9, 245, 0, 4, 20, 39220 }, // U+FEF0
    { 16, 18, 253, 0, 9, 36, 39240 }, // U+FEF1
    { 17, 13, 245, 0, 4, 28, 39276 }, // U+FEF2
    { 6, 13, 100, -1, 9, 10, 39304 }, // U+FEF3
    { 9, 10, 124, 0, 6, 12, 39314 }, // U+FEF4
    { 13, 16, 194, -2, 16, 26, 39326 }, // U+FEF5
    { 16, 17, 200, -2, 16, 34, 39352 }, // U+FEF6
    { 12, 18, 194, -1, 18, 27, 39386 }, // U+FEF7
    { 14, 19, 200, 0, 18, 34, 39413 }, // U+FEF8
    { 11, 21, 194, 0, 15, 29, 39447 }, // U+FEF9
    { 14, 21, 200, 0, 15, 37, 39476 }, // U+FEFA
    { 11, 15, 194, 0, 15, 21, 39513 }, // U+FEFB
    { 14, 16, 200, 0, 15, 28, 39534 }, // U+FEFC
    { 4, 17, 333, 3, 16, 9, 39562 }, // U+FF01
    { 6, 20, 333, 14, 18, 15, 39571 }, // U+FF08
    { 7, 20, 333, 0, 18, 18, 39586 }, // U+FF09
    { 5, 8, 333, 2, 5, 5, 39604 }, // U+FF0C
    { 4, 15, 333, 3, 14, 8, 39609 }, // U+FF1A
    { 10, 17, 333, 0, 16, 22, 39617 }, // U+FF1F
};

static constexpr auto& bevietnampro_10_regularIntervals = builtin_font_metadata::data_c5d1604a19cbeadd;

static constexpr auto& bevietnampro_10_regularKernLeftCodepoints = builtin_font_metadata::data_7fefb6ea7e48f0cb;

static constexpr auto& bevietnampro_10_regularKernLeftClassIds = builtin_font_metadata::data_d220b52e4d998441;

static constexpr auto& bevietnampro_10_regularKernRightCodepoints = builtin_font_metadata::data_35b859de923e6544;

static constexpr auto& bevietnampro_10_regularKernRightClassIds = builtin_font_metadata::data_6e2d59b10cc82b38;

static constexpr auto& bevietnampro_10_regularKernRowOffsets = builtin_font_metadata::data_d11be340c3f2f6a8;

static constexpr auto& bevietnampro_10_regularKernSparseCols = builtin_font_metadata::data_c2a455ae69a5c98b;

static const int8_t bevietnampro_10_regularKernSparseValues[] = {
      10,  -13,   17,  -20,    5,   -7,   -7,   -3,   -7,   -2,   -2,   -3,  -13,  -13,  -23,   -7,
     -10,  -17,  -15,   -7,   10,  -30,  -43,  -17,  -17,  -20,  -20,   27,  -13,   13,   17,   20,
     -10,   -3,   -3,   -3,  -13,  -10,   -7,  -13,  -20,   -5,   -3,   -7,  -13,    7,   -7,    7,
     -27,  -17,  -13,  -17,   -7,  -10,   -7,  -17,  -13,    7,   -7,  -10,  -27,  -17,    3,    3,
     -23,    8,  -33,    7,   10,  -17,  -17,  -17,  -17,  -17,  -17,  -17,  -17,  -17,  -17,  -17,
      -3,    7,  -17,    7,  -13,  -30,  -13,   -7,   -7,  -13,  -13,   -7,  -30,  -30,  -27,  -13,
      -3,   -7,  -20,  -22,   -3,   -3,   -3,   -7,  -13,  -20,  -17,  -27,  -37,  -17,  -17,  -17,
       3,   13,   13,    7,   10,   -7,   -5,    7,   10,  -10,  -20,  -20,  -17,  -13,  -17,  -23,
     -23,  -13,  -23,  -30,  -13,  -53,  -40,  -50,  -10,  -23,  -20,   -7,  -23,  -30,  -10,   -3,
      -3,   -7,  -17,  -17,  -10,  -10,  -10,  -10,  -13,  -17,  -10,  -10,   -7,  -23,  -30,  -17,
     -37,  -30,    7,  -27,   -3,  -43,    3,  -20,  -23,  -33,  -37,  -27,  -30,  -27,  -30,   10,
      -7,  -37,  -23,  -15,  -30,  -37,    7,    7,  -10,  -17,  -13,   -7,  -20,   17,  -10,  -13,
     -13,  -10,  -20,   -7,  -17,  -30,  -33,  -33,  -13,  -27,  -37,    3,    7,   -3,  -23,  -27,
     -17,  -30,  -10,  -43,  -27,  -10,  -13,   -3,   -7,   -7,   -5,   -2,  -13,   -7,  -30,  -12,
     -13,  -27,   -7,   -3,   -7,  -10,  -12,   -3,  -30,  -30,  -20,   -7,  -10,   -7,  -10,  -13,
      -7,  -23,   10,  -20,  -30,  -23,   -3,   -7,   -7,  -10,   -7,  -33,   10,  -15,   -3,  -10,
      -7,  -23,   -7,   -8,  -23,  -13,  -20,  -13,   -7,    3,    7,   13,  -10,    7,    7,   -3,
     -27,   -3,   -7,   -7,   -3,   -7,    3,  -27,  -13,   -3,  -13,  -17,    3,   -7,  -17,  -20,
      -3,    3,   10,    7,  -10,   -8,  -10,  -27,  -13,   -7,  -12,   -3,    7,   -3,  -17,   10,
      10,   -3,   -7,  -27,  -13,   -3,  -10,  -30,  -30,  -20,   -7,   -7,    7,    7,   13,   10,
       3,   13,   20,   27,   -7,   -7,   -7,   23,   23,   10,   13,   13,   10,   20,   10,   27,
      20,   23,   20,   17,   20,   17,   13,   17,   17,   27,   27,   20,   20,   30,   27,   20,
      13,    5,   33,   20,   13,   20,   10,   17,   17,   17,   22,   13,    7,   17,   10,   20,
      25,   20,   27,   10,   22,   22,   17,   -7,  -23,  -17,  -20,    7,   -7,   -2,   -2,   -7,
      -3,   -7,   -4,   -6,  -11,  -11,   -8,    1,   -6,  -11,   -4,   -5,   -7,   -8,  -13,   -7,
      -6,  -17,  -12,   -8,   -4,  -11,  -17,  -12,  -12,   -2,   -5,   -3,   -2,   -7,   -4,   -6,
      -4,   -7,   -6,   -2,   -4,   -7,   -6,   -6,   -4,  -21,   -7,   -2,   -2,   -2,  -10,   -2,
      -2,   -8,   -7,   -7,   -6,   -4,   -5,   -5,   -9,   -9,  -13,   -1,   -6,  -10,   -9,   -6,
     -12,   -5,    6,   -2,   -7,   -4,   -7,   -7,   -9,   -5,   -5,   -8,   -1,  -10,   -1,   -1,
     -10,   -4,   -4,   -2,   -8,   -2,   -7,   -2,   -2,   -9,   -1,   -2,   -4,   -8,   -6,   -7,
      -8,  -11,   -9,  -13,   -7,   -5,   -6,   -2,   -4,  -10,   -4,   -7,   -7,   -8,   -1,   -8,
      -2,   -4,   -2,   -2,  -15,  -17,   -5,   -6,   -1,  -11,  -13,  -13,   -8,   -7,  -10,   -7,
     -13,   -8,  -10,
};

static const EpdFontData bevietnampro_10_regular = {
    bevietnampro_10_regularBitmaps,
    bevietnampro_10_regularGlyphs,
    bevietnampro_10_regularIntervals,
    515,
    26,
    21,
    -6,
    false,
    nullptr,
    0,
    nullptr,
    nullptr,  // kernLeftClasses: built-in fonts use the split arrays below
    nullptr,  // kernRightClasses
    bevietnampro_10_regularKernLeftCodepoints,
    bevietnampro_10_regularKernLeftClassIds,
    bevietnampro_10_regularKernRightCodepoints,
    bevietnampro_10_regularKernRightClassIds,
    nullptr,  // kernMatrix: built-in fonts use the sparse form below
    bevietnampro_10_regularKernRowOffsets,
    bevietnampro_10_regularKernSparseCols,
    bevietnampro_10_regularKernSparseValues,
    322,
    369,
    76,
    80,
    nullptr,
    0,
};
