/**
 * Generated by scripts/build_ui_tiers.py; see ui-tier-fonts.json.
 * name: geist_14_regular
 * size: 14
 * mode: 2-bit  compressed: true
 * Command used: /Users/tuan/Tenor/outputs/260920-v1.0.8/source/lib/EpdFont/scripts/fontconvert.py geist_14_regular 14 /Users/tuan/Tenor/outputs/260920-v1.0.8/source/lib/EpdFont/builtinFonts/source/Geist/Geist-Regular.ttf /Users/tuan/Tenor/outputs/260920-v1.0.8/source/lib/EpdFont/builtinFonts/source/NotoSansHebrew/NotoSansHebrew-Regular.ttf /Users/tuan/Tenor/outputs/260920-v1.0.8/source/lib/EpdFont/builtinFonts/source/NotoSansArabic/NotoSansArabic-Regular.ttf /Users/tuan/Tenor/outputs/260920-v1.0.8/research/ui-size-ink/generated-ink/NotoSansSC-UI-400.ttf --additional-intervals 0x05D0,0x05EA --additional-intervals 0x060C,0x060C --additional-intervals 0x061B,0x061B --additional-intervals 0x061F,0x061F --additional-intervals 0x0621,0x0621 --additional-intervals 0x0640,0x0640 --additional-intervals 0x0654,0x0654 --additional-intervals 0x0660,0x0669 --additional-intervals 0x06BA,0x06BA --additional-intervals 0x06D4,0x06D4 --additional-intervals 0x06D5,0x06D5 --additional-intervals 0x06F0,0x06F9 --additional-intervals 0xFB56,0xFB59 --additional-intervals 0xFB66,0xFB69 --additional-intervals 0xFB7A,0xFB7D --additional-intervals 0xFB88,0xFB95 --additional-intervals 0xFB9E,0xFB9F --additional-intervals 0xFBA6,0xFBB1 --additional-intervals 0xFBFC,0xFBFF --additional-intervals 0xFE80,0xFEFC --additional-intervals 12289,12289 --additional-intervals 12290,12290 --additional-intervals 19968,19968 --additional-intervals 19978,19978 --additional-intervals 19979,19979 --additional-intervals 19981,19981 --additional-intervals 19982,19982 --additional-intervals 19988,19988 --additional-intervals 20002,20002 --additional-intervals 20004,20004 --additional-intervals 20010,20010 --additional-intervals 20013,20013 --additional-intervals 20018,20018 --additional-intervals 20026,20026 --additional-intervals 20027,20027 --additional-intervals 20041,20041 --additional-intervals 20043,20043 --additional-intervals 20063,20063 --additional-intervals 20064,20064 --additional-intervals 20070,20070 --additional-intervals 20108,20108 --additional-intervals 20110,20110 --additional-intervals 20114,20114 --additional-intervals 20132,20132 --additional-intervals 20142,20142 --additional-intervals 20154,20154 --additional-intervals 20165,20165 --additional-intervals 20170,20170 --additional-intervals 20174,20174 --additional-intervals 20182,20182 --additional-intervals 20197,20197 --additional-intervals 20214,20214 --additional-intervals 20219,20219 --additional-intervals 20241,20241 --additional-intervals 20256,20256 --additional-intervals 20272,20272 --additional-intervals 20301,20301 --additional-intervals 20307,20307 --additional-intervals 20313,20313 --additional-intervals 20316,20316 --additional-intervals 20320,20320 --additional-intervals 20351,20351 --additional-intervals 20379,20379 --additional-intervals 20391,20391 --additional-intervals 20415,20415 --additional-intervals 20445,20445 --additional-intervals 20449,20449 --additional-intervals 20462,20462 --additional-intervals 20498,20498 --additional-intervals 20540,20540 --additional-intervals 20542,20542 --additional-intervals 20559,20559 --additional-intervals 20648,20648 --additional-intervals 20803,20803 --additional-intervals 20808,20808 --additional-intervals 20809,20809 --additional-intervals 20837,20837 --additional-intervals 20840,20840 --additional-intervals 20845,20845 --additional-intervals 20851,20851 --additional-intervals 20854,20854 --additional-intervals 20855,20855 --additional-intervals 20856,20856 --additional-intervals 20869,20869 --additional-intervals 20876,20876 --additional-intervals 20877,20877 --additional-intervals 20889,20889 --additional-intervals 20934,20934 --additional-intervals 20945,20945 --additional-intervals 20986,20986 --additional-intervals 20998,20998 --additional-intervals 20999,20999 --additional-intervals 21015,21015 --additional-intervals 21019,21019 --additional-intervals 21021,21021 --additional-intervals 21024,21024 --additional-intervals 21040,21040 --additional-intervals 21046,21046 --additional-intervals 21047,21047 --additional-intervals 21069,21069 --additional-intervals 21097,21097 --additional-intervals 21098,21098 --additional-intervals 21151,21151 --additional-intervals 21152,21152 --additional-intervals 21153,21153 --additional-intervals 21160,21160 --additional-intervals 21247,21247 --additional-intervals 21253,21253 --additional-intervals 21305,21305 --additional-intervals 21306,21306 --additional-intervals 21333,21333 --additional-intervals 21344,21344 --additional-intervals 21345,21345 --additional-intervals 21363,21363 --additional-intervals 21387,21387 --additional-intervals 21407,21407 --additional-intervals 21453,21453 --additional-intervals 21457,21457 --additional-intervals 21462,21462 --additional-intervals 21475,21475 --additional-intervals 21487,21487 --additional-intervals 21491,21491 --additional-intervals 21495,21495 --additional-intervals 21508,21508 --additional-intervals 21516,21516 --additional-intervals 21517,21517 --additional-intervals 21518,21518 --additional-intervals 21521,21521 --additional-intervals 21542,21542 --additional-intervals 21547,21547 --additional-intervals 21551,21551 --additional-intervals 21578,21578 --additional-intervals 21608,21608 --additional-intervals 21629,21629 --additional-intervals 21644,21644 --additional-intervals 21704,21704 --additional-intervals 21796,21796 --additional-intervals 22120,22120 --additional-intervals 22235,22235 --additional-intervals 22238,22238 --additional-intervals 22240,22240 --additional-intervals 22260,22260 --additional-intervals 22266,22266 --additional-intervals 22270,22270 --additional-intervals 22278,22278 --additional-intervals 22312,22312 --additional-intervals 22320,22320 --additional-intervals 22336,22336 --additional-intervals 22343,22343 --additional-intervals 22402,22402 --additional-intervals 22522,22522 --additional-intervals 22686,22686 --additional-intervals 22791,22791 --additional-intervals 22797,22797 --additional-intervals 22810,22810 --additional-intervals 22812,22812 --additional-intervals 22823,22823 --additional-intervals 22825,22825 --additional-intervals 22833,22833 --additional-intervals 22836,22836 --additional-intervals 22841,22841 --additional-intervals 22987,22987 --additional-intervals 23383,23383 --additional-intervals 23384,23384 --additional-intervals 23433,23433 --additional-intervals 23436,23436 --additional-intervals 23450,23450 --additional-intervals 23478,23478 --additional-intervals 23481,23481 --additional-intervals 23485,23485 --additional-intervals 23494,23494 --additional-intervals 23545,23545 --additional-intervals 23553,23553 --additional-intervals 23558,23558 --additional-intervals 23567,23567 --additional-intervals 23569,23569 --additional-intervals 23578,23578 --additional-intervals 23601,23601 --additional-intervals 23616,23616 --additional-intervals 23621,23621 --additional-intervals 23631,23631 --additional-intervals 24037,24037 --additional-intervals 24038,24038 --additional-intervals 24050,24050 --additional-intervals 24067,24067 --additional-intervals 24076,24076 --additional-intervals 24102,24102 --additional-intervals 24149,24149 --additional-intervals 24179,24179 --additional-intervals 24182,24182 --additional-intervals 24207,24207 --additional-intervals 24212,24212 --additional-intervals 24213,24213 --additional-intervals 24230,24230 --additional-intervals 24314,24314 --additional-intervals 24320,24320 --additional-intervals 24335,24335 --additional-intervals 24341,24341 --additional-intervals 24377,24377 --additional-intervals 24403,24403 --additional-intervals 24405,24405 --additional-intervals 24471,24471 --additional-intervals 24536,24536 --additional-intervals 24555,24555 --additional-intervals 24573,24573 --additional-intervals 24577,24577 --additional-intervals 24674,24674 --additional-intervals 24687,24687 --additional-intervals 24773,24773 --additional-intervals 24815,24815 --additional-intervals 24847,24847 --additional-intervals 24930,24930 --additional-intervals 25104,25104 --additional-intervals 25110,25110 --additional-intervals 25130,25130 --additional-intervals 25143,25143 --additional-intervals 25152,25152 --additional-intervals 25163,25163 --additional-intervals 25171,25171 --additional-intervals 25195,25195 --additional-intervals 25214,25214 --additional-intervals 25239,25239 --additional-intervals 25253,25253 --additional-intervals 25300,25300 --additional-intervals 25321,25321 --additional-intervals 25345,25345 --additional-intervals 25351,25351 --additional-intervals 25353,25353 --additional-intervals 25381,25381 --additional-intervals 25442,25442 --additional-intervals 25454,25454 --additional-intervals 25490,25490 --additional-intervals 25509,25509 --additional-intervals 25511,25511 --additional-intervals 25512,25512 --additional-intervals 25551,25551 --additional-intervals 25552,25552 --additional-intervals 25554,25554 --additional-intervals 25628,25628 --additional-intervals 25688,25688 --additional-intervals 25805,25805 --additional-intervals 25910,25910 --additional-intervals 25913,25913 --additional-intervals 25918,25918 --additional-intervals 25928,25928 --additional-intervals 25968,25968 --additional-intervals 25972,25972 --additional-intervals 25991,25991 --additional-intervals 26012,26012 --additional-intervals 26029,26029 --additional-intervals 26032,26032 --additional-intervals 26041,26041 --additional-intervals 26080,26080 --additional-intervals 26085,26085 --additional-intervals 26089,26089 --additional-intervals 26102,26102 --additional-intervals 26126,26126 --additional-intervals 26159,26159 --additional-intervals 26174,26174 --additional-intervals 26224,26224 --additional-intervals 26234,26234 --additional-intervals 26242,26242 --additional-intervals 26356,26356 --additional-intervals 26368,26368 --additional-intervals 26377,26377 --additional-intervals 26381,26381 --additional-intervals 26399,26399 --additional-intervals 26410,26410 --additional-intervals 26411,26411 --additional-intervals 26412,26412 --additional-intervals 26426,26426 --additional-intervals 26465,26465 --additional-intervals 26469,26469 --additional-intervals 26494,26494 --additional-intervals 26512,26512 --additional-intervals 26524,26524 --additional-intervals 26597,26597 --additional-intervals 26631,26631 --additional-intervals 26639,26639 --additional-intervals 26679,26679 --additional-intervals 26681,26681 --additional-intervals 26684,26684 --additional-intervals 26694,26694 --additional-intervals 26723,26723 --additional-intervals 26816,26816 --additional-intervals 27169,27169 --additional-intervals 27178,27178 --additional-intervals 27425,27425 --additional-intervals 27491,27491 --additional-intervals 27492,27492 --additional-intervals 27493,27493 --additional-intervals 27573,27573 --additional-intervals 27599,27599 --additional-intervals 27604,27604 --additional-intervals 27700,27700 --additional-intervals 27785,27785 --additional-intervals 27809,27809 --additional-intervals 27861,27861 --additional-intervals 27880,27880 --additional-intervals 27963,27963 --additional-intervals 27973,27973 --additional-intervals 27983,27983 --additional-intervals 28040,28040 --additional-intervals 28145,28145 --additional-intervals 28155,28155 --additional-intervals 28165,28165 --additional-intervals 28176,28176 --additional-intervals 28201,28201 --additional-intervals 28304,28304 --additional-intervals 28369,28369 --additional-intervals 28388,28388 --additional-intervals 28783,28783 --additional-intervals 28857,28857 --additional-intervals 28909,28909 --additional-intervals 28982,28982 --additional-intervals 29255,29255 --additional-intervals 29256,29256 --additional-intervals 29273,29273 --additional-intervals 29366,29366 --additional-intervals 29483,29483 --additional-intervals 29575,29575 --additional-intervals 29616,29616 --additional-intervals 29702,29702 --additional-intervals 29992,29992 --additional-intervals 30005,30005 --additional-intervals 30011,30011 --additional-intervals 30028,30028 --additional-intervals 30041,30041 --additional-intervals 30053,30053 --additional-intervals 30331,30331 --additional-intervals 30334,30334 --additional-intervals 30340,30340 --additional-intervals 30424,30424 --additional-intervals 30446,30446 --additional-intervals 30452,30452 --additional-intervals 30475,30475 --additional-intervals 30496,30496 --additional-intervals 30528,30528 --additional-intervals 30561,30561 --additional-intervals 30701,30701 --additional-intervals 30721,30721 --additional-intervals 30830,30830 --additional-intervals 31034,31034 --additional-intervals 31105,31105 --additional-intervals 31186,31186 --additional-intervals 31216,31216 --additional-intervals 31227,31227 --additional-intervals 31243,31243 --additional-intervals 31354,31354 --additional-intervals 31435,31435 --additional-intervals 31446,31446 --additional-intervals 31456,31456 --additional-intervals 31471,31471 --additional-intervals 31526,31526 --additional-intervals 31532,31532 --additional-intervals 31614,31614 --additional-intervals 31616,31616 --additional-intervals 31639,31639 --additional-intervals 31649,31649 --additional-intervals 31661,31661 --additional-intervals 31821,31821 --additional-intervals 31895,31895 --additional-intervals 31995,31995 --additional-intervals 32034,32034 --additional-intervals 32039,32039 --additional-intervals 32447,32447 --additional-intervals 32454,32454 --additional-intervals 32456,32456 --additional-intervals 32467,32467 --additional-intervals 32476,32476 --additional-intervals 32479,32479 --additional-intervals 32487,32487 --additional-intervals 32490,32490 --additional-intervals 32493,32493 --additional-intervals 32500,32500 --additional-intervals 32531,32531 --additional-intervals 32534,32534 --additional-intervals 32541,32541 --additional-intervals 32553,32553 --additional-intervals 32593,32593 --additional-intervals 32622,32622 --additional-intervals 32763,32763 --additional-intervals 32773,32773 --additional-intervals 32791,32791 --additional-intervals 33021,33021 --additional-intervals 33041,33041 --additional-intervals 33050,33050 --additional-intervals 33258,33258 --additional-intervals 33267,33267 --additional-intervals 33394,33394 --additional-intervals 33410,33410 --additional-intervals 33509,33509 --additional-intervals 33521,33521 --additional-intervals 33539,33539 --additional-intervals 33616,33616 --additional-intervals 33719,33719 --additional-intervals 33756,33756 --additional-intervals 33853,33853 --additional-intervals 34013,34013 --additional-intervals 34255,34255 --additional-intervals 34892,34892 --additional-intervals 34920,34920 --additional-intervals 34987,34987 --additional-intervals 35009,35009 --additional-intervals 35013,35013 --additional-intervals 35114,35114 --additional-intervals 35201,35201 --additional-intervals 35265,35265 --additional-intervals 35272,35272 --additional-intervals 35299,35299 --additional-intervals 35302,35302 --additional-intervals 35328,35328 --additional-intervals 35745,35745 --additional-intervals 35748,35748 --additional-intervals 35758,35758 --additional-intervals 35760,35760 --additional-intervals 35774,35774 --additional-intervals 35777,35777 --additional-intervals 35789,35789 --additional-intervals 35797,35797 --additional-intervals 35810,35810 --additional-intervals 35814,35814 --additional-intervals 35821,35821 --additional-intervals 35823,35823 --additional-intervals 35828,35828 --additional-intervals 35831,35831 --additional-intervals 35835,35835 --additional-intervals 35843,35843 --additional-intervals 36133,36133 --additional-intervals 36134,36134 --additional-intervals 36215,36215 --additional-intervals 36229,36229 --additional-intervals 36275,36275 --additional-intervals 36291,36291 --additional-intervals 36305,36305 --additional-intervals 36317,36317 --additional-intervals 36319,36319 --additional-intervals 36339,36339 --additional-intervals 36716,36716 --additional-intervals 36731,36731 --additional-intervals 36733,36733 --additional-intervals 36739,36739 --additional-intervals 36755,36755 --additional-intervals 36793,36793 --additional-intervals 36798,36798 --additional-intervals 36807,36807 --additional-intervals 36817,36817 --additional-intervals 36820,36820 --additional-intervals 36824,36824 --additional-intervals 36825,36825 --additional-intervals 36827,36827 --additional-intervals 36828,36828 --additional-intervals 36830,36830 --additional-intervals 36864,36864 --additional-intervals 36865,36865 --additional-intervals 36866,36866 --additional-intervals 36870,36870 --additional-intervals 36873,36873 --additional-intervals 36879,36879 --additional-intervals 36890,36890 --additional-intervals 36895,36895 --additional-intervals 37096,37096 --additional-intervals 37117,37117 --additional-intervals 37197,37197 --additional-intervals 37266,37266 --additional-intervals 37322,37322 --additional-intervals 37324,37324 --additional-intervals 37325,37325 --additional-intervals 37327,37327 --additional-intervals 38024,38024 --additional-intervals 38047,38047 --additional-intervals 38142,38142 --additional-intervals 38169,38169 --additional-intervals 38190,38190 --additional-intervals 38191,38191 --additional-intervals 38236,38236 --additional-intervals 38271,38271 --additional-intervals 38381,38381 --additional-intervals 38382,38382 --additional-intervals 38388,38388 --additional-intervals 38405,38405 --additional-intervals 38451,38451 --additional-intervals 38468,38468 --additional-intervals 38500,38500 --additional-intervals 38543,38543 --additional-intervals 38544,38544 --additional-intervals 38656,38656 --additional-intervals 38754,38754 --additional-intervals 39029,39029 --additional-intervals 39030,39030 --additional-intervals 39033,39033 --additional-intervals 39034,39034 --additional-intervals 39044,39044 --additional-intervals 39057,39057 --additional-intervals 39064,39064 --additional-intervals 39304,39304 --additional-intervals 39318,39318 --additional-intervals 39564,39564 --additional-intervals 40479,40479 --additional-intervals 40560,40560 --additional-intervals 40664,40664 --additional-intervals 40784,40784 --additional-intervals 40831,40831 --additional-intervals 65281,65281 --additional-intervals 65288,65288 --additional-intervals 65289,65289 --additional-intervals 65292,65292 --additional-intervals 65306,65306 --additional-intervals 65311,65311 --2bit --mono-coverage --compress --max-group-bytes 2048
 */
#pragma once
#include "EpdFontData.h"

static const uint8_t geist_14_regularBitmaps[46480] = {
    0x8D, 0x55, 0x6D, 0x0A, 0x2B, 0x21, 0x0C, 0x0C, 0x78, 0x00, 0x2F, 0x54, 0xC8, 0xD5, 0x85, 0x1E,
    0xA0, 0x57, 0x09, 0xF4, 0xAF, 0x90, 0x37, 0x33, 0xD1, 0xAD, 0xFB, 0x5A, 0x1E, 0x4F, 0x9B, 0x74,
    0x77, 0x8D, 0xF9, 0x98, 0xC4, 0xE8, 0x7E, 0x1B, 0x66, 0x89, 0x31, 0xFD, 0x3E, 0xCD, 0x5B, 0x1C,
    0x34, 0xEC, 0xD1, 0x47, 0x87, 0xD8, 0x26, 0x9B, 0x7D, 0x80, 0xCC, 0xC2, 0xAD, 0x2D, 0xF2, 0xCC,
    0x80, 0xAA, 0xE0, 0x7F, 0x1B, 0xD3, 0xFA, 0x49, 0xCF, 0x30, 0x08, 0x7D, 0x28, 0xD3, 0xA0, 0x27,
    0x48, 0xFE, 0x86, 0xF9, 0xE7, 0x3B, 0xFD, 0x19, 0x9B, 0xA0, 0x2B, 0xB8, 0x6E, 0x2D, 0xF5, 0x30,
    0xF9, 0x80, 0x7D, 0x99, 0xA4, 0x67, 0xB8, 0xE4, 0xDE, 0xEF, 0x84, 0x4C, 0x36, 0xFA, 0x93, 0x39,
    0x2E, 0xDD, 0x18, 0x3D, 0xCD, 0x26, 0xB4, 0x0C, 0xBC, 0x63, 0xA9, 0x07, 0x1D, 0xA6, 0xCB, 0x74,
    0x94, 0x9C, 0xEB, 0x74, 0xD2, 0x64, 0x0E, 0x92, 0xAF, 0xE0, 0x2E, 0x88, 0x28, 0x16, 0x8E, 0xEC,
    0x58, 0xB6, 0xE9, 0x69, 0xB2, 0x3C, 0xAC, 0x07, 0xA3, 0x46, 0x38, 0xE0, 0x5E, 0x08, 0x2C, 0x9E,
    0x32, 0x04, 0x49, 0xAE, 0x53, 0x29, 0x3D, 0x81, 0xC7, 0x8A, 0x01, 0x1F, 0xFD, 0xC6, 0x68, 0xBC,
    0xBD, 0x27, 0x45, 0x24, 0x37, 0x28, 0x37, 0xE8, 0x04, 0x96, 0xFD, 0x05, 0xF3, 0xD9, 0x90, 0x02,
    0xA8, 0x25, 0x73, 0x18, 0xA1, 0x52, 0x28, 0xA7, 0x89, 0x64, 0x58, 0x42, 0x86, 0x22, 0x6B, 0x30,
    0xA2, 0x16, 0x8C, 0xD0, 0xA9, 0x02, 0x33, 0xE9, 0xDB, 0x31, 0xD3, 0xEA, 0x3B, 0x65, 0x28, 0x8B,
    0xAD, 0xD7, 0x7B, 0x8F, 0x56, 0xF3, 0xB6, 0xA5, 0x71, 0x52, 0x6B, 0xE9, 0x65, 0xC4, 0x70, 0xD6,
    0x3A, 0xDE, 0x5E, 0xA3, 0xA5, 0x29, 0xDB, 0x13, 0x3F, 0x6C, 0x03, 0xDC, 0xF8, 0xD8, 0x89, 0x1E,
    0xC2, 0x18, 0x5F, 0x94, 0xAB, 0x34, 0x48, 0xBF, 0xD6, 0x97, 0x8C, 0x3F, 0x1E, 0x21, 0xA9, 0xFA,
    0x29, 0x87, 0xF5, 0x83, 0xC3, 0xF5, 0x53, 0x02, 0x4C, 0x09, 0x58, 0xBF, 0xFF, 0x16, 0x31, 0x65,
    0x92, 0x1E, 0xA8, 0x62, 0x3A, 0xE3, 0xA5, 0xDD, 0x12, 0x22, 0x1B, 0x4A, 0x96, 0xD8, 0xBC, 0xB3,
    0xCF, 0x82, 0xE4, 0x6A, 0xC7, 0x50, 0x4E, 0x14, 0x7E, 0x55, 0x68, 0x94, 0x0D, 0x7B, 0x10, 0xBD,
    0xD4, 0xB4, 0x7F, 0x4F, 0xAF, 0x12, 0xD7, 0xB1, 0x82, 0x26, 0xAA, 0x14, 0xA1, 0x84, 0x4C, 0x04,
    0xED, 0xAC, 0x80, 0xA6, 0x63, 0x80, 0x95, 0xFD, 0x68, 0xAA, 0x33, 0x8F, 0x05, 0x1F, 0xC1, 0xCB,
    0x1A, 0xC7, 0xD1, 0x9A, 0x1E, 0x1D, 0x3A, 0x59, 0x4C, 0xD4, 0x43, 0xEA, 0xF4, 0xB6, 0x74, 0x75,
    0xF9, 0xAB, 0x32, 0xB4, 0x65, 0x2F, 0x4D, 0x07, 0x29, 0xB5, 0xAF, 0x8E, 0x7A, 0xE8, 0xAB, 0xAC,
    0x49, 0xB8, 0x58, 0x6A, 0xDB, 0x66, 0x9D, 0xC5, 0xEC, 0xCF, 0xCD, 0x50, 0xBD, 0xD6, 0x54, 0x16,
    0xD1, 0x2E, 0x9C, 0x5B, 0xD5, 0xED, 0xF8, 0xB0, 0x72, 0xE8, 0xCE, 0xCE, 0x1E, 0xC3, 0x6A, 0xEA,
    0xBB, 0x3E, 0x5E, 0xDA, 0xCE, 0x8D, 0xE1, 0x73, 0x07, 0x65, 0x97, 0xE3, 0x24, 0xBE, 0x0B, 0x3C,
    0x18, 0xA4, 0xE3, 0x4D, 0xA1, 0xA4, 0xCE, 0x95, 0xD5, 0x3B, 0x76, 0x0A, 0xE4, 0x29, 0x9D, 0x3C,
    0x54, 0x90, 0x51, 0x61, 0xA2, 0xE9, 0xE1, 0x0C, 0xCF, 0xAC, 0x63, 0x7B, 0x23, 0xD9, 0x02, 0x20,
    0xA7, 0xCE, 0x3C, 0xC6, 0x02, 0x36, 0x0E, 0x6F, 0x4D, 0x05, 0xB7, 0x31, 0x67, 0x4F, 0xDA, 0xCB,
    0xFD, 0x77, 0xF1, 0x6B, 0xCB, 0xAF, 0xC4, 0x6D, 0xC2, 0xDC, 0xF6, 0xF7, 0xFA, 0xDF, 0x7E, 0x8A,
    0xB0, 0xFB, 0x48, 0x9C, 0x0A, 0xA6, 0x6F, 0xDC, 0x06, 0x3B, 0x8F, 0x62, 0xFC, 0x22, 0x07, 0xAA,
    0xBE, 0x7B, 0x7B, 0xBE, 0x2F, 0xE7, 0x59, 0xE0, 0x28, 0x77, 0xF6, 0xF4, 0x51, 0xFD, 0x58, 0x98,
    0xD9, 0x1A, 0x1B, 0x80, 0xEB, 0xAD, 0xE3, 0x08, 0xE3, 0x29, 0x54, 0x9A, 0xAC, 0x54, 0xB6, 0xE0,
    0x55, 0x43, 0x2C, 0x37, 0x25, 0x6A, 0x94, 0xB3, 0x7D, 0x9F, 0x17, 0xB5, 0x41, 0xBF, 0x9A, 0xF7,
    0xAD, 0x59, 0x1C, 0xE3, 0xFC, 0x1E, 0x3B, 0xE9, 0xB3, 0xD2, 0xAB, 0x07, 0x35, 0xD1, 0x5C, 0x60,
    0x7B, 0xC8, 0x80, 0x30, 0x15, 0x0C, 0xB2, 0x3B, 0x2F, 0x65, 0xC2, 0xA5, 0xB0, 0x29, 0x5C, 0x44,
    0xF3, 0xBA, 0x44, 0xA8, 0x83, 0x77, 0xCA, 0x3A, 0x69, 0x67, 0x7A, 0xFB, 0xE1, 0xD4, 0x99, 0x43,
    0x93, 0xC3, 0x3D, 0xAB, 0xE6, 0x84, 0x3E, 0x9A, 0x50, 0x14, 0x92, 0x54, 0xC0, 0xDB, 0x02, 0x37,
    0x1B, 0x2E, 0x5D, 0xA6, 0xC3, 0x05, 0xFB, 0x83, 0xDD, 0x17, 0xC9, 0x1D, 0x1F, 0xEE, 0x5F, 0x9C,
    0x3D, 0xFA, 0x01, 0x15, 0xC8, 0x0C, 0xAF, 0xBB, 0xE4, 0x15, 0x11, 0xF4, 0x5C, 0x77, 0x9D, 0x50,
    0x6A, 0xF5, 0x9A, 0xAB, 0x0B, 0xA5, 0xFC, 0xC1, 0xE3, 0x1F, 0xAD, 0x95, 0x6B, 0x8A, 0x23, 0x31,
    0x0C, 0x84, 0x05, 0x7D, 0x00, 0x5F, 0x68, 0x41, 0x57, 0x17, 0xCC, 0x01, 0xE6, 0x2A, 0x82, 0xFD,
    0x6B, 0xF0, 0x56, 0x95, 0xD4, 0x8F, 0x6C, 0x6F, 0x32, 0x93, 0x65, 0x42, 0xF4, 0x91, 0xB4, 0x65,
    0x59, 0x56, 0xEB, 0x61, 0xDB, 0x32, 0xB3, 0x46, 0x98, 0x0D, 0xE1, 0x53, 0x48, 0x33, 0xFF, 0x20,
    0x36, 0x61, 0x9A, 0x2D, 0x03, 0x66, 0x61, 0x61, 0xC3, 0x2A, 0xC4, 0x10, 0xD2, 0x46, 0x8C, 0xB0,
    0x91, 0xDE, 0xD8, 0xD2, 0x61, 0x76, 0xD2, 0xF8, 0xA4, 0x2E, 0x24, 0x21, 0x78, 0xA0, 0x87, 0xEB,
    0x14, 0xFE, 0x1F, 0xB3, 0xD7, 0x77, 0x9D, 0x7D, 0xDD, 0x5B, 0xFA, 0x34, 0x7D, 0xA8, 0x8B, 0x53,
    0x56, 0xF2, 0xF1, 0xE1, 0x85, 0xAD, 0xF0, 0x34, 0x2F, 0x07, 0xB0, 0x5E, 0x67, 0xDB, 0x2B, 0x40,
    0x85, 0x7A, 0xE5, 0x32, 0xF7, 0xCA, 0x8A, 0xEC, 0xC9, 0x32, 0x4E, 0x4E, 0xFC, 0x98, 0x3A, 0x47,
    0x8F, 0x78, 0xF5, 0x41, 0xE0, 0xCB, 0xF5, 0x78, 0xC0, 0x78, 0x86, 0xBF, 0xF4, 0x56, 0x5B, 0x91,
    0xBD, 0xE3, 0xB0, 0x4B, 0x04, 0x72, 0xB5, 0x97, 0x37, 0x79, 0x57, 0xE7, 0x7B, 0xFA, 0xF1, 0xA5,
    0xCE, 0x45, 0x14, 0x15, 0x85, 0x45, 0x49, 0x80, 0x57, 0xEF, 0xE1, 0xE7, 0xAB, 0x47, 0x58, 0x65,
    0x86, 0x99, 0x72, 0x00, 0x5B, 0x4E, 0xAC, 0x56, 0x51, 0x8A, 0xF4, 0x36, 0x58, 0x59, 0x49, 0x7B,
    0x0C, 0x78, 0xC2, 0xE4, 0x8A, 0xBC, 0x07, 0xEE, 0x15, 0xFA, 0x1A, 0x3B, 0xDE, 0xDD, 0x7B, 0xFB,
    0xD0, 0xBF, 0x77, 0xE5, 0x97, 0xEE, 0x74, 0x11, 0x14, 0x06, 0xEA, 0x23, 0x2A, 0x9D, 0xAB, 0x6E,
    0x08, 0xA5, 0x11, 0x6E, 0x8A, 0x94, 0x63, 0x32, 0x20, 0x01, 0x58, 0x85, 0x6B, 0x30, 0xD3, 0x9C,
    0xC1, 0x45, 0x4C, 0x8C, 0x89, 0xC1, 0x60, 0x1C, 0xE0, 0xEA, 0xC7, 0x9E, 0x7A, 0xD8, 0x1B, 0xBB,
    0x01, 0x65, 0xE4, 0x76, 0x98, 0x37, 0x5D, 0xDF, 0x7E, 0x44, 0xAE, 0xF9, 0x13, 0x8A, 0x55, 0xC8,
    0x7E, 0x31, 0x9B, 0x68, 0x1F, 0x4A, 0x87, 0x93, 0x83, 0xEF, 0x81, 0xCD, 0x04, 0x74, 0xD0, 0x8B,
    0xE1, 0xA8, 0x87, 0xFD, 0x3B, 0xC9, 0x24, 0xB7, 0xDF, 0xC5, 0x24, 0x17, 0x69, 0xCD, 0x38, 0x18,
    0x2C, 0xA5, 0x3C, 0x30, 0x0F, 0x2C, 0xC2, 0x85, 0x90, 0x5D, 0x99, 0xA5, 0xA5, 0xB9, 0xC3, 0x78,
    0xA0, 0xB9, 0x00, 0x37, 0xE4, 0x97, 0x5C, 0x94, 0xB7, 0x05, 0x6B, 0xFC, 0xA3, 0xB1, 0xB0, 0x39,
    0x0C, 0xB6, 0x89, 0x6E, 0x18, 0xCC, 0x8D, 0x55, 0xE1, 0x79, 0x8A, 0x6E, 0x2C, 0x00, 0xF7, 0xCA,
    0xCA, 0xAD, 0xB1, 0xBC, 0xEA, 0x8A, 0x97, 0xEE, 0x58, 0x1D, 0x2F, 0xA5, 0xFF, 0x55, 0x6D, 0x8E,
    0xC7, 0xDA, 0x9C, 0x97, 0xDA, 0xBC, 0x76, 0xE4, 0xF9, 0x0C, 0x5A, 0x75, 0x76, 0x7C, 0x6C, 0x54,
    0x02, 0x7F, 0xE6, 0x98, 0x5B, 0x75, 0x45, 0xDB, 0x9D, 0xAF, 0xA3, 0x82, 0xC8, 0xEF, 0x5D, 0xE3,
    0xD6, 0xE0, 0x9F, 0xE8, 0x55, 0xD3, 0xD7, 0x8E, 0x9A, 0x2D, 0x70, 0x01, 0xBE, 0xC8, 0x29, 0x94,
    0x05, 0xD6, 0x58, 0x1A, 0x9C, 0x08, 0xA3, 0xFA, 0x32, 0xEE, 0xC5, 0x1F, 0x63, 0x0F, 0xBD, 0xB7,
    0x8E, 0xB3, 0x32, 0xB0, 0x1F, 0xBE, 0x2F, 0xB5, 0x93, 0x87, 0xDA, 0x46, 0xF1, 0xFD, 0x84, 0xE0,
    0x60, 0xFF, 0x1F, 0x39, 0x87, 0x1A, 0xEB, 0x1D, 0x29, 0x5A, 0x7E, 0x32, 0x39, 0x6A, 0x2E, 0xE9,
    0x4D, 0xD5, 0x3B, 0x53, 0x77, 0xEC, 0x16, 0x39, 0x62, 0x63, 0xB7, 0x25, 0x58, 0xEF, 0x5E, 0xB3,
    0xB8, 0xA6, 0xB2, 0xE6, 0xB3, 0x26, 0x75, 0xCD, 0x6C, 0x4E, 0x6F, 0xCD, 0xF1, 0x9A, 0xE8, 0xAC,
    0xD8, 0xAD, 0xD0, 0x43, 0xFF, 0x0F, 0xA5, 0x95, 0x5B, 0x8A, 0xC3, 0x30, 0x0C, 0x45, 0x05, 0x5E,
    0x80, 0x37, 0x34, 0xE0, 0xAD, 0x1B, 0xBA, 0x80, 0x6E, 0xC5, 0xD0, 0x5F, 0x81, 0x46, 0xE7, 0xDA,
    0xCD, 0xA4, 0x21, 0x9D, 0x06, 0x9A, 0x44, 0x56, 0xB0, 0xAF, 0x64, 0x59, 0x2F, 0xBB, 0x15, 0xB7,
    0x3A, 0x42, 0xAC, 0x87, 0x55, 0x58, 0x83, 0x35, 0x58, 0xC0, 0x3A, 0x8C, 0x1F, 0x58, 0xAE, 0x36,
    0x0B, 0xB1, 0xEE, 0x1B, 0x1B, 0x51, 0x93, 0x95, 0xE1, 0xF5, 0x36, 0xD9, 0x63, 0x6C, 0x2C, 0xBC,
    0x24, 0xB3, 0x18, 0x25, 0x16, 0xEB, 0x1B, 0x6B, 0xC3, 0xC4, 0xFA, 0xC6, 0x8C, 0x8F, 0x4D, 0xB5,
    0x17, 0x3B, 0x0D, 0x4B, 0x95, 0x9E, 0xF6, 0x99, 0x57, 0x14, 0x54, 0x90, 0x82, 0x27, 0x12, 0x4B,
    0x0D, 0xE3, 0xD7, 0x9F, 0xE6, 0xB4, 0x2A, 0x1C, 0x12, 0x92, 0x95, 0x16, 0xE9, 0x43, 0x73, 0x7F,
    0xEE, 0x51, 0x47, 0x5A, 0x50, 0x47, 0xAE, 0xB6, 0x5E, 0x7C, 0x0E, 0x98, 0x50, 0x34, 0xA4, 0xC2,
    0x76, 0x1F, 0x6B, 0xA8, 0x28, 0x2D, 0x73, 0xC8, 0x3D, 0x4C, 0x83, 0x5F, 0x1A, 0x5A, 0x84, 0x3F,
    0x29, 0xC5, 0x51, 0x36, 0x74, 0xDA, 0x3C, 0xA3, 0x14, 0x95, 0xC3, 0x74, 0xFC, 0x4D, 0xD7, 0x3D,
    0x3A, 0xE5, 0x63, 0x51, 0xFE, 0xC3, 0xEC, 0xDA, 0x1B, 0x0B, 0xFD, 0xF4, 0xAF, 0x4D, 0x37, 0xE0,
    0x91, 0x8A, 0x03, 0xD8, 0xBD, 0xB8, 0x36, 0xFC, 0x08, 0xB2, 0x05, 0x9A, 0x0F, 0x99, 0x71, 0xE5,
    0x9D, 0x68, 0xF6, 0x08, 0xD2, 0x2A, 0xBD, 0x59, 0xEF, 0xBD, 0xE5, 0x97, 0xB9, 0x93, 0x99, 0x52,
    0x38, 0xD4, 0xD8, 0x68, 0xA6, 0x5D, 0xCF, 0xDC, 0x49, 0x64, 0x20, 0xDD, 0x99, 0x21, 0x1B, 0x7E,
    0x64, 0x09, 0xF9, 0x13, 0xA3, 0x81, 0x75, 0xD2, 0x17, 0x6A, 0x49, 0x92, 0x4F, 0xE7, 0x3C, 0xBC,
    0xC6, 0xCD, 0x7D, 0x05, 0xE1, 0x85, 0x42, 0xEE, 0x80, 0x7A, 0x2C, 0x9D, 0xCA, 0xD9, 0x13, 0x92,
    0x5E, 0x30, 0x60, 0x53, 0xC6, 0xE5, 0xC2, 0x69, 0x53, 0x95, 0x4D, 0x99, 0x40, 0xC2, 0x81, 0x7F,
    0xDD, 0x87, 0x39, 0xD6, 0xC0, 0x80, 0x45, 0x06, 0xD9, 0x19, 0xE9, 0x03, 0xC5, 0x03, 0x8C, 0xCE,
    0x03, 0x7E, 0x9E, 0xE7, 0xCC, 0x9E, 0x69, 0x93, 0xF6, 0x4D, 0x2C, 0x32, 0x25, 0x65, 0x0F, 0x36,
    0x51, 0xB9, 0x13, 0xBF, 0xF3, 0xE9, 0xD3, 0xAE, 0x53, 0x9B, 0x54, 0x9C, 0x7C, 0x8A, 0xB3, 0x24,
    0xF8, 0x66, 0xD8, 0x3F, 0x7E, 0x67, 0xE6, 0x9F, 0x99, 0xDE, 0x54, 0x6F, 0x3B, 0xB3, 0xDB, 0x72,
    0x91, 0xE9, 0x38, 0x98, 0xD3, 0x31, 0x67, 0xA5, 0xFF, 0x2B, 0xB5, 0x2D, 0x6C, 0x36, 0xC3, 0xA6,
    0xD0, 0x5D, 0x26, 0x27, 0x19, 0xFC, 0xF0, 0xD8, 0x98, 0x8D, 0xC5, 0xD4, 0x24, 0xFE, 0x7F, 0x31,
    0x3C, 0xFA, 0x69, 0x46, 0x65, 0xE6, 0xA5, 0x71, 0x1D, 0xC3, 0x51, 0x47, 0xD3, 0xF1, 0xAC, 0x1B,
    0xC7, 0xB9, 0xA2, 0x3C, 0x55, 0xB6, 0x90, 0x20, 0xD0, 0x45, 0xE5, 0x88, 0x0C, 0xA4, 0xDE, 0x79,
    0xA9, 0x80, 0x95, 0xAB, 0x9E, 0xFE, 0xC5, 0x0D, 0x3E, 0x1D, 0x41, 0x56, 0x6E, 0xCE, 0xA0, 0x01,
    0xD3, 0x32, 0xBF, 0x1A, 0x83, 0xE0, 0x2F, 0x47, 0x5B, 0x53, 0xB7, 0x74, 0xAD, 0x5E, 0xA3, 0xF7,
    0xB5, 0x51, 0x7C, 0x4F, 0xEF, 0x6A, 0xE3, 0xDB, 0xDA, 0x3C, 0x46, 0xA6, 0x7C, 0x5B, 0x57, 0x87,
    0x3A, 0xF5, 0xD5, 0xF3, 0xDE, 0x45, 0x89, 0x1B, 0x6E, 0xF5, 0xAB, 0x79, 0x63, 0xEA, 0x32, 0xD5,
    0x35, 0x97, 0xF3, 0xB4, 0xAD, 0xD0, 0x45, 0xB2, 0x22, 0xAF, 0xB8, 0xAD, 0xC4, 0xE7, 0x9E, 0xB4,
    0xB2, 0x2B, 0xAA, 0x2B, 0x45, 0x58, 0x56, 0x27, 0x4C, 0xF4, 0xF8, 0x05, 0x8D, 0x52, 0x81, 0x0D,
    0xC3, 0x30, 0x08, 0x43, 0xCA, 0x01, 0x9C, 0xC4, 0xEB, 0x9C, 0xC4, 0x01, 0x48, 0x9E, 0x4D, 0x16,
    0x75, 0xAB, 0x3A, 0x69, 0x6D, 0x4C, 0x53, 0x30, 0x0E, 0x24, 0x69, 0xF3, 0xEC, 0xBF, 0x10, 0x03,
    0x18, 0x32, 0xB0, 0xE1, 0x70, 0xFE, 0x5B, 0x87, 0xAD, 0x8E, 0x5C, 0x25, 0x78, 0x7A, 0xF1, 0x9D,
    0xD9, 0x78, 0x18, 0xB5, 0x01, 0x99, 0x68, 0xB3, 0x38, 0x28, 0x33, 0x2F, 0xC3, 0x98, 0x60, 0x96,
    0x34, 0xB6, 0x8D, 0x5E, 0xED, 0xB2, 0x54, 0x8A, 0x96, 0x1E, 0xC0, 0x48, 0xF5, 0xB6, 0x41, 0xE5,
    0xEE, 0xA0, 0x36, 0x3A, 0x90, 0x86, 0x72, 0x69, 0x7F, 0xD8, 0xA0, 0x0C, 0x2D, 0x69, 0x63, 0x62,
    0x6A, 0x8A, 0xD1, 0x5E, 0x53, 0x07, 0xAE, 0x1A, 0xF4, 0x55, 0x5D, 0xF4, 0x31, 0x96, 0x7E, 0xD8,
    0x9C, 0x61, 0xB3, 0xFF, 0xEC, 0x2F, 0x1E, 0xFB, 0xE3, 0xD6, 0xD9, 0xC2, 0x81, 0x96, 0x41, 0x09,
    0xDC, 0x3F, 0x2D, 0x9E, 0xF4, 0x98, 0xA9, 0x5A, 0x71, 0x95, 0xF3, 0xE6, 0xF9, 0x71, 0xE5, 0x95,
    0x23, 0xC8, 0x49, 0x1A, 0x6A, 0xA9, 0x5E, 0x5B, 0xF5, 0x35, 0x14, 0x4C, 0x49, 0x60, 0x84, 0xBC,
    0xEE, 0x04, 0x0D, 0x35, 0x2B, 0x05, 0xEA, 0xF4, 0xCF, 0x67, 0xF6, 0x55, 0x0D, 0xA9, 0x10, 0x3C,
    0x8D, 0x38, 0xFA, 0xB1, 0x17, 0xBD, 0x13, 0xB8, 0x0E, 0xD3, 0x25, 0x22, 0xA2, 0xCE, 0x93, 0xB7,
    0x45, 0x37, 0x86, 0x67, 0xD6, 0x3C, 0xA5, 0x66, 0x07, 0x2F, 0xC5, 0x55, 0x5B, 0x8A, 0xE4, 0x30,
    0x0C, 0x14, 0xF8, 0x77, 0x41, 0x57, 0x99, 0x03, 0x18, 0x74, 0x75, 0x41, 0x1F, 0xA0, 0xAF, 0x62,
    0x98, 0x5F, 0x83, 0xB6, 0xAA, 0xE4, 0x64, 0xBA, 0x87, 0x85, 0x59, 0xD8, 0x8F, 0x4D, 0xBA, 0x44,
    0x62, 0x2B, 0x7A, 0x96, 0xD5, 0x55, 0x65, 0x66, 0x73, 0xC6, 0xEB, 0x65, 0x23, 0xCD, 0x1C, 0xA8,
    0x65, 0x0E, 0x05, 0x20, 0xE3, 0xF9, 0x5C, 0xE1, 0x8F, 0x55, 0xC0, 0xC6, 0x5E, 0xC3, 0x1A, 0x31,
    0x56, 0x01, 0x51, 0x0E, 0x54, 0xF2, 0x9B, 0x51, 0xDB, 0x2C, 0x60, 0x23, 0xEC, 0xA0, 0xD2, 0xAA,
    0xD6, 0xA8, 0xDA, 0x63, 0x0F, 0x68, 0x1A, 0x31, 0x01, 0x23, 0x06, 0xD4, 0x0B, 0xDF, 0x5D, 0x30,
    0xBC, 0x13, 0xE3, 0x80, 0x3A, 0x34, 0x57, 0x2F, 0xD7, 0x34, 0xFB, 0x45, 0x2F, 0x15, 0xBB, 0xE0,
    0x77, 0xC3, 0xEF, 0x72, 0xDE, 0x39, 0x16, 0xC2, 0x5A, 0x27, 0xBC, 0x7E, 0xE7, 0x8D, 0x7D, 0xEA,
    0x51, 0x9F, 0xDF, 0x7D, 0xE0, 0x7B, 0xD8, 0x44, 0xD0, 0xC8, 0x13, 0xFB, 0x70, 0x00, 0x57, 0x12,
    0x08, 0xA0, 0x86, 0x04, 0x15, 0x9F, 0x74, 0x5E, 0x8C, 0x14, 0x49, 0x20, 0x03, 0xA5, 0xD1, 0x22,
    0x3B, 0x4A, 0x3E, 0x7D, 0x6D, 0x74, 0xF4, 0xEF, 0x62, 0xDF, 0x97, 0x69, 0xE5, 0xEB, 0x15, 0xB1,
    0xB0, 0x62, 0xAC, 0x5C, 0x64, 0xAC, 0x48, 0x04, 0x84, 0x88, 0x83, 0x59, 0x9F, 0x0E, 0xF4, 0x1E,
    0xD6, 0x6D, 0xF4, 0x5E, 0x67, 0x43, 0x97, 0x1D, 0x94, 0xC5, 0x2A, 0x26, 0x42, 0x1D, 0xEE, 0x5E,
    0x7B, 0xB0, 0xBD, 0x83, 0x77, 0x37, 0x44, 0x86, 0x54, 0xC4, 0x85, 0x05, 0xF3, 0xCD, 0xBC, 0x13,
    0xF6, 0x1F, 0xB5, 0xE1, 0x1B, 0x9F, 0x39, 0x24, 0x9A, 0x9C, 0x7C, 0x45, 0xA7, 0xC3, 0x5C, 0x12,
    0x7E, 0x6F, 0xA9, 0x15, 0xEE, 0xB6, 0xE6, 0xF9, 0x4A, 0x16, 0xDA, 0x5A, 0x5B, 0x6E, 0x2F, 0xC7,
    0xA3, 0xBC, 0x3B, 0x13, 0x49, 0x28, 0x4F, 0x46, 0x8F, 0x56, 0xE0, 0x73, 0x98, 0x5A, 0x6C, 0xCB,
    0xE7, 0x1A, 0x9B, 0x95, 0x67, 0x16, 0x8C, 0x67, 0x8B, 0x1E, 0x17, 0xD3, 0xF8, 0xCC, 0x35, 0xEE,
    0x51, 0x87, 0xBA, 0x2C, 0xF9, 0x85, 0xA6, 0xEB, 0x37, 0x44, 0xA9, 0x31, 0x79, 0x7A, 0xCB, 0x2E,
    0x4C, 0x56, 0x62, 0x83, 0xA7, 0xB6, 0xA7, 0xBB, 0xAD, 0x19, 0x10, 0x01, 0x92, 0x20, 0x0A, 0xAE,
    0x61, 0x37, 0x70, 0x16, 0x20, 0xBA, 0x34, 0xAB, 0x0D, 0xC8, 0x94, 0x88, 0x99, 0x2C, 0xEC, 0x66,
    0x1A, 0xCA, 0x64, 0xED, 0xC1, 0x1F, 0x1E, 0x44, 0x2D, 0x30, 0xFF, 0x85, 0xF0, 0xEF, 0x60, 0x35,
    0x2E, 0xFC, 0xB4, 0xEF, 0x08, 0x71, 0x33, 0xAC, 0x40, 0xE6, 0x2C, 0x10, 0x42, 0x27, 0xE1, 0x9D,
    0x9E, 0x71, 0x66, 0xF0, 0x43, 0x7A, 0x3C, 0x17, 0xE4, 0xA8, 0xE7, 0x07, 0xFA, 0xE5, 0xD9, 0xFE,
    0x9D, 0x24, 0x82, 0x3E, 0xE2, 0xCF, 0xBF, 0x43, 0x08, 0x65, 0xAF, 0x25, 0xE5, 0xFA, 0x7D, 0x06,
    0x85, 0xC1, 0xB8, 0xFA, 0x00, 0x21, 0xC6, 0xCF, 0x3F, 0x22, 0x00, 0x07, 0x06, 0x60, 0xE3, 0x67,
    0xC0, 0xD7, 0x48, 0x4F, 0xA4, 0xB5, 0xF7, 0x44, 0xC6, 0x6B, 0x2C, 0x9E, 0x54, 0x38, 0xD0, 0xD3,
    0xD7, 0x7D, 0x31, 0xE7, 0xD4, 0xFB, 0xAE, 0x7A, 0xA7, 0xFC, 0xC6, 0x8E, 0xD5, 0xEC, 0xC0, 0xA2,
    0x20, 0x56, 0xAD, 0x77, 0x56, 0x0D, 0x1D, 0xD0, 0xA1, 0x07, 0xD7, 0x8F, 0xC7, 0x2C, 0xAD, 0x1B,
    0x83, 0xC5, 0x92, 0xE4, 0xB9, 0x5E, 0xD4, 0x65, 0x4C, 0x92, 0x39, 0x79, 0xFE, 0xF4, 0xAD, 0x06,
    0x83, 0x6D, 0x8D, 0xA7, 0xE5, 0x1A, 0x50, 0x31, 0xD9, 0x8B, 0x39, 0xD9, 0xCE, 0x3D, 0x4D, 0x3D,
    0xCB, 0x96, 0xB4, 0x32, 0xC5, 0xCB, 0xF9, 0x0F, 0xDE, 0x69, 0x27, 0x06, 0x6B, 0xC3, 0x29, 0xCC,
    0xE1, 0x96, 0xEB, 0xCD, 0x10, 0x59, 0x21, 0x62, 0xD4, 0x71, 0x21, 0x16, 0x68, 0x1F, 0xCD, 0x4B,
    0x49, 0xCE, 0x33, 0xF1, 0x39, 0x48, 0x24, 0x9E, 0x09, 0x57, 0x78, 0x21, 0x4B, 0xAD, 0x5F, 0x22,
    0x25, 0x98, 0x64, 0xF6, 0x21, 0x26, 0x6C, 0xF8, 0x23, 0xC1, 0x1E, 0x9C, 0x30, 0x3C, 0xED, 0x1A,
    0xEC, 0x1A, 0x25, 0x43, 0x23, 0x90, 0x12, 0x21, 0x3E, 0x35, 0x4D, 0xE9, 0x29, 0x43, 0xF9, 0x50,
    0x8A, 0xA2, 0xCC, 0xA7, 0xC3, 0xBB, 0x71, 0x5D, 0xFE, 0xB2, 0xC6, 0x0A, 0x50, 0x9F, 0x51, 0xAE,
    0x3E, 0x1B, 0x65, 0x9D, 0x8C, 0xAA, 0xCE, 0x3E, 0x92, 0xE0, 0xF7, 0xBF, 0xCC, 0xF9, 0xFB, 0x50,
    0xB2, 0x2D, 0x7A, 0xE2, 0xDE, 0x17, 0xCD, 0x5D, 0x22, 0xCF, 0xB0, 0x64, 0x9C, 0x10, 0x74, 0xC0,
    0x3A, 0x86, 0xF2, 0xD7, 0x3F, 0x90, 0x26, 0x75, 0x8B, 0xD2, 0x54, 0xEF, 0xD1, 0xEE, 0x12, 0x2C,
    0xB0, 0x2B, 0xC3, 0x23, 0x48, 0x06, 0xCD, 0x23, 0x3B, 0xE9, 0x9D, 0xC4, 0xE2, 0xFF, 0x85, 0xF1,
    0x1B, 0xC5, 0x54, 0xD1, 0x6D, 0xC4, 0x30, 0x08, 0x45, 0xF2, 0x00, 0xAC, 0xD2, 0x01, 0x2A, 0x79,
    0x75, 0x4B, 0x1D, 0x20, 0xAB, 0x58, 0xEA, 0x2F, 0x12, 0xE5, 0x3D, 0x70, 0x92, 0xEA, 0x74, 0xEA,
    0x9D, 0xDA, 0xF4, 0x92, 0xFA, 0xD1, 0x8B, 0xE1, 0x81, 0x31, 0x20, 0xE2, 0x22, 0xD2, 0x00, 0xBA,
    0x8D, 0x80, 0x8F, 0x29, 0xA7, 0xA7, 0xF9, 0x01, 0xD8, 0x25, 0x50, 0x6F, 0x0B, 0xBD, 0x0E, 0xE5,
    0xDE, 0x08, 0x26, 0xC1, 0x14, 0x60, 0x09, 0x1E, 0x06, 0x9E, 0x30, 0x94, 0x30, 0x45, 0x87, 0x0E,
    0xD1, 0xD9, 0x0B, 0xDA, 0xEC, 0x41, 0x6B, 0x20, 0x0F, 0x13, 0x09, 0x16, 0x35, 0x50, 0x79, 0xC0,
    0x7B, 0xEC, 0xBF, 0x22, 0x0C, 0x1E, 0xFF, 0x80, 0x17, 0x44, 0x70, 0x72, 0x04, 0xFA, 0xB6, 0xAD,
    0x9F, 0xF2, 0xF6, 0x47, 0x61, 0xC8, 0x8F, 0x61, 0xC0, 0x18, 0x9A, 0x26, 0xD4, 0x2D, 0x01, 0xDA,
    0x8D, 0xD7, 0xD2, 0x95, 0xC2, 0x53, 0x18, 0x45, 0x2B, 0x31, 0x29, 0x74, 0x2A, 0x0C, 0x74, 0x50,
    0xF4, 0x12, 0x8E, 0x70, 0xC5, 0xCF, 0x22, 0x5C, 0xC1, 0xA0, 0x4D, 0x0A, 0x4D, 0x81, 0x88, 0xC2,
    0x6D, 0x09, 0xA7, 0x7B, 0xCB, 0xC2, 0xC0, 0x3F, 0x79, 0x88, 0xF8, 0x30, 0x8E, 0xD0, 0x11, 0xF5,
    0x64, 0x9A, 0xEC, 0x1E, 0x2C, 0x95, 0x56, 0x87, 0x85, 0x2D, 0x59, 0xC8, 0x47, 0xE6, 0xF4, 0xB1,
    0xAB, 0x4B, 0x06, 0xA5, 0x2B, 0xD3, 0x6D, 0xD5, 0x2A, 0x64, 0xAF, 0xED, 0x7A, 0x90, 0xA0, 0x7D,
    0x95, 0xCA, 0xCD, 0x7A, 0x52, 0x27, 0x2F, 0x62, 0x32, 0x2F, 0x97, 0xFB, 0xEA, 0xC8, 0x6E, 0x2C,
    0xB3, 0x95, 0xC9, 0xCB, 0x7C, 0x81, 0x7F, 0xAD, 0x2B, 0xFD, 0x38, 0x2A, 0x6F, 0x64, 0xE2, 0xE2,
    0xAE, 0x1F, 0x7E, 0x51, 0x58, 0x3D, 0xA3, 0x7A, 0xF8, 0x45, 0x21, 0x87, 0x3F, 0x1F, 0x7D, 0x5D,
    0x54, 0x7C, 0xF9, 0xCD, 0x9F, 0x75, 0xBC, 0x4F, 0x86, 0x8E, 0x9E, 0x62, 0xB3, 0xAC, 0x1E, 0xCF,
    0x46, 0x8F, 0x2D, 0x34, 0xE8, 0x19, 0xC4, 0xA0, 0x66, 0x28, 0xFD, 0x04, 0x7E, 0xBB, 0xD5, 0xA3,
    0xED, 0x1A, 0x5D, 0xC5, 0x8C, 0x49, 0x30, 0x00, 0x9F, 0xE4, 0x89, 0xF3, 0xDA, 0xB7, 0x79, 0x8D,
    0x20, 0x06, 0xDB, 0x3F, 0xC1, 0x76, 0x70, 0x40, 0x27, 0xC4, 0xBD, 0x78, 0x90, 0x17, 0x60, 0x7C,
    0x24, 0x60, 0xAC, 0x14, 0xC4, 0xB8, 0x71, 0x8C, 0x37, 0x8C, 0xAC, 0x81, 0xE1, 0xB5, 0x40, 0x0A,
    0xD8, 0x18, 0xEC, 0x92, 0x84, 0xEC, 0xDC, 0xFD, 0xD1, 0x9C, 0x18, 0xFB, 0xF4, 0x8D, 0xFA, 0x8E,
    0x2A, 0x57, 0x04, 0xDB, 0x10, 0x76, 0x0E, 0x3B, 0xCF, 0xB2, 0xB9, 0x0B, 0xD0, 0xA3, 0x05, 0x6D,
    0xC9, 0x42, 0x3E, 0x32, 0xD7, 0xC4, 0x60, 0x1C, 0xCC, 0x41, 0xDF, 0x67, 0xC7, 0xBF, 0x87, 0xF1,
    0x05, 0xC5, 0x55, 0x51, 0x6A, 0x2B, 0x31, 0x0C, 0x14, 0xF8, 0xB7, 0xA0, 0xAB, 0xBC, 0x03, 0x14,
    0x74, 0x75, 0x43, 0x0E, 0xD0, 0xAB, 0x18, 0xF2, 0x2B, 0x50, 0x67, 0xC6, 0x72, 0xD2, 0xF6, 0xC1,
    0x2B, 0xB4, 0x69, 0xDF, 0x2E, 0xD2, 0x6E, 0xBC, 0xF2, 0x48, 0x96, 0x46, 0x8A, 0x59, 0x99, 0xD9,
    0xA8, 0x69, 0xE6, 0xB5, 0xA0, 0x2E, 0x50, 0xF7, 0x4B, 0x6B, 0x55, 0x05, 0x8B, 0xAA, 0xE9, 0x65,
    0xB5, 0x62, 0x99, 0x67, 0x4C, 0x1B, 0x59, 0x52, 0xDC, 0x4D, 0x8C, 0x7F, 0x28, 0xDA, 0x69, 0x87,
    0xF6, 0x0A, 0x45, 0x78, 0x42, 0xB6, 0x90, 0xDF, 0x95, 0x78, 0xCB, 0xEC, 0x9F, 0xCF, 0xFE, 0x7F,
    0xC2, 0x88, 0x8B, 0x54, 0xB6, 0xFA, 0xFD, 0x08, 0xFE, 0xD8, 0x93, 0xA5, 0x05, 0xAA, 0x52, 0x0A,
    0x81, 0x7E, 0x55, 0x1D, 0xEE, 0x85, 0xF0, 0x37, 0xD7, 0xF9, 0x9D, 0x76, 0xB4, 0xC7, 0xE2, 0x35,
    0x09, 0xB1, 0xDE, 0x05, 0x57, 0x74, 0x55, 0x08, 0x6E, 0x5C, 0x11, 0x9C, 0x5F, 0xE1, 0xC2, 0x27,
    0x54, 0x30, 0x1A, 0xDC, 0x35, 0xB8, 0x69, 0xC0, 0xB0, 0x9C, 0x0A, 0x86, 0x19, 0xC5, 0xE0, 0xF2,
    0x04, 0xE7, 0x1B, 0x8F, 0x9B, 0x4A, 0x09, 0xC0, 0x29, 0x82, 0x54, 0x69, 0xE9, 0x4B, 0xA5, 0xFB,
    0x82, 0xD4, 0x16, 0x9E, 0xBD, 0x62, 0x0D, 0xF8, 0xAC, 0x1C, 0x3B, 0x1D, 0xB6, 0x9D, 0xC1, 0x0A,
    0x01, 0x4A, 0x7E, 0xD2, 0x17, 0xD9, 0x46, 0x2B, 0xBE, 0x67, 0xDC, 0x7C, 0xD5, 0x7D, 0xDF, 0x57,
    0xA4, 0x7D, 0xF9, 0xF1, 0xB5, 0x1A, 0x7F, 0xDE, 0xE4, 0x47, 0xF3, 0xA7, 0x02, 0xC9, 0x49, 0xB4,
    0x93, 0xFB, 0x85, 0x65, 0x17, 0x81, 0x17, 0x8E, 0x1E, 0x28, 0xFC, 0x56, 0x04, 0x1A, 0x52, 0x84,
    0x7F, 0x59, 0xAD, 0x9C, 0x04, 0x1C, 0x5B, 0x75, 0x5E, 0x1A, 0xEF, 0x53, 0x75, 0x0A, 0x79, 0x93,
    0x12, 0x53, 0x27, 0xD9, 0x0A, 0x3E, 0xAE, 0x52, 0xE7, 0x7C, 0x94, 0x58, 0xFA, 0x2E, 0xBB, 0xFC,
    0x0B, 0x63, 0x20, 0x93, 0xBE, 0x39, 0x89, 0xA3, 0xC5, 0x04, 0x5D, 0xDF, 0x48, 0x18, 0x59, 0x4C,
    0x12, 0xEB, 0x89, 0xC6, 0x49, 0x4D, 0x97, 0xF1, 0x41, 0xB0, 0x16, 0xF8, 0x06, 0x8C, 0x84, 0x0F,
    0x1E, 0x78, 0xD3, 0xFB, 0x24, 0x6D, 0x5F, 0xA3, 0xF2, 0xF8, 0x9A, 0x81, 0x9B, 0x31, 0x3F, 0x93,
    0x2F, 0x43, 0xDD, 0xB6, 0xD8, 0x17, 0x95, 0xDE, 0x67, 0x41, 0xDC, 0xA6, 0xB8, 0x01, 0x7D, 0x45,
    0x39, 0x2E, 0x1B, 0x78, 0xAC, 0x4D, 0x31, 0x7F, 0x20, 0x6E, 0xB0, 0x1D, 0x21, 0xC9, 0xD3, 0xD4,
    0xE3, 0x70, 0xCD, 0x61, 0x1A, 0xC0, 0x00, 0xCE, 0x4B, 0xBE, 0xC1, 0x7D, 0x9F, 0xF3, 0x3A, 0x33,
    0x00, 0xB4, 0x20, 0xE5, 0xE4, 0x6F, 0xB9, 0xD6, 0x59, 0x87, 0xA2, 0x8D, 0x70, 0x4B, 0xB8, 0x8C,
    0xF1, 0xC8, 0xE3, 0x72, 0x30, 0x77, 0x0E, 0x56, 0xE7, 0xA2, 0xEB, 0xF6, 0xED, 0x58, 0xF9, 0xE0,
    0xA8, 0x2D, 0x4E, 0x64, 0xAC, 0x92, 0x84, 0x08, 0x50, 0x53, 0x13, 0xA3, 0x51, 0x1C, 0x51, 0xDF,
    0xD0, 0xA6, 0x27, 0xE4, 0xC6, 0x15, 0x65, 0x53, 0x7F, 0x5E, 0x65, 0xE7, 0x91, 0x8A, 0xA1, 0x87,
    0x6E, 0xEE, 0x69, 0x0A, 0x67, 0x3C, 0xFC, 0x54, 0x6B, 0x75, 0x1E, 0x5C, 0x79, 0x40, 0x5F, 0x76,
    0xA6, 0xB2, 0xFB, 0xE8, 0x08, 0xD7, 0xF8, 0x8D, 0x36, 0xBE, 0xDD, 0x6A, 0x2F, 0x4A, 0x66, 0xE2,
    0x03, 0x79, 0xC6, 0x5D, 0xCA, 0xC5, 0xB2, 0x57, 0xB5, 0x54, 0x41, 0x8A, 0xC3, 0x30, 0x0C, 0x14,
    0xF8, 0x01, 0xFA, 0xD0, 0x82, 0xBE, 0x6E, 0xE8, 0x03, 0xF6, 0x2B, 0x82, 0x5E, 0x05, 0xDA, 0x91,
    0x6C, 0x27, 0x4E, 0x37, 0xA1, 0x29, 0xB8, 0x49, 0xA6, 0x14, 0x5B, 0x1A, 0xC9, 0xE3, 0xB1, 0xC9,
    0x88, 0xC8, 0x01, 0x01, 0xB8, 0xD2, 0xF6, 0xB8, 0x11, 0xBB, 0x07, 0xAA, 0x54, 0xAE, 0x42, 0xAC,
    0x46, 0x45, 0xDD, 0x7D, 0x43, 0xA4, 0x5A, 0xA6, 0x16, 0x45, 0x8C, 0x46, 0x6C, 0xE4, 0x44, 0x6E,
    0xCE, 0x14, 0x6D, 0x58, 0xC9, 0x2B, 0xE0, 0x12, 0x70, 0x5A, 0x64, 0xD9, 0x32, 0xDE, 0xD2, 0xA2,
    0x13, 0xAB, 0x38, 0x0D, 0xA3, 0xD2, 0x17, 0xCF, 0xF5, 0xDD, 0x2B, 0xE0, 0x6F, 0xEB, 0xB1, 0x37,
    0x2F, 0xE7, 0x27, 0x08, 0x1F, 0xC2, 0x42, 0xE4, 0x8F, 0x3E, 0xCB, 0xE7, 0x4E, 0x5F, 0xD9, 0x92,
    0x57, 0x23, 0x4F, 0x31, 0x94, 0xC4, 0x6B, 0x02, 0x5A, 0x60, 0x2C, 0xD6, 0xAB, 0x82, 0x39, 0x51,
    0x36, 0xA8, 0x77, 0x09, 0xCC, 0x47, 0x5C, 0xEA, 0xD3, 0xFC, 0xF1, 0x83, 0x45, 0x00, 0x41, 0x0B,
    0xAA, 0xF1, 0x98, 0x6B, 0x96, 0x82, 0xB6, 0xB0, 0xA5, 0x04, 0x50, 0x9C, 0x6F, 0x83, 0xEE, 0xF9,
    0x59, 0xA5, 0xEF, 0x36, 0xF6, 0xD3, 0x66, 0xC4, 0xD8, 0xA7, 0x7E, 0x2E, 0x33, 0x6F, 0x4D, 0xDE,
    0x73, 0x0D, 0x26, 0xDE, 0xB2, 0xF9, 0x19, 0x7C, 0x62, 0xDD, 0xCF, 0xF2, 0xDA, 0x6F, 0x4D, 0x5E,
    0x15, 0xC5, 0xBF, 0x6B, 0x7D, 0x31, 0x17, 0x31, 0x23, 0xBE, 0xF5, 0xCB, 0xE8, 0x8B, 0x5B, 0x6F,
    0xBF, 0xB6, 0x4C, 0x87, 0xB9, 0xF2, 0xA9, 0x06, 0xE8, 0x23, 0x72, 0x2E, 0x35, 0x88, 0x9A, 0xBD,
    0xD7, 0x72, 0x38, 0xD3, 0x13, 0x06, 0xED, 0x74, 0xCE, 0xB6, 0xC1, 0xFF, 0xB1, 0xC3, 0x87, 0x93,
    0x56, 0x6E, 0x5E, 0x02, 0x4F, 0x73, 0x7E, 0x98, 0x4B, 0x00, 0xF5, 0x2D, 0xB0, 0x6B, 0x25, 0x09,
    0x6B, 0xDB, 0xBA, 0x1F, 0xE4, 0xDD, 0x8B, 0xB7, 0x7D, 0x27, 0x09, 0x38, 0xB6, 0x73, 0x46, 0x2F,
    0x30, 0x09, 0x77, 0xAF, 0x64, 0xAF, 0x0B, 0x79, 0x21, 0x5B, 0xC1, 0x36, 0x97, 0xA7, 0x12, 0x3F,
    0x74, 0x19, 0x6F, 0x70, 0x0D, 0x2C, 0xEB, 0x95, 0x5E, 0xCE, 0xCE, 0xD8, 0x5B, 0x0C, 0x4A, 0xFA,
    0xA1, 0xE4, 0x99, 0xE1, 0xF0, 0x19, 0x7E, 0x4B, 0x02, 0x23, 0x98, 0xA5, 0x81, 0xF4, 0xC8, 0x80,
    0xD2, 0xD0, 0x35, 0x35, 0x48, 0x6C, 0x55, 0x8E, 0x18, 0xF7, 0x08, 0x7A, 0x09, 0xB7, 0x7B, 0xBF,
    0xBF, 0xCF, 0x10, 0x73, 0x19, 0x13, 0xB1, 0xC8, 0xB1, 0xBC, 0xBF, 0x8F, 0x7C, 0x34, 0xF7, 0xF4,
    0xA5, 0x75, 0xFC, 0x01, 0xC5, 0x55, 0x51, 0xAE, 0xC2, 0x30, 0x0C, 0x8B, 0xD4, 0x03, 0xF4, 0x42,
    0x4F, 0xEA, 0xD5, 0x2B, 0x71, 0x00, 0xAE, 0x52, 0xA9, 0xBF, 0x91, 0xF2, 0x6C, 0xA7, 0x63, 0x1B,
    0xF0, 0xDE, 0x0F, 0x08, 0x06, 0xB1, 0xC6, 0x96, 0xBA, 0x76, 0xD3, 0x06, 0xAB, 0x31, 0xCC, 0xDA,
    0x0D, 0xF6, 0xAB, 0xC4, 0x0E, 0xDD, 0xAC, 0x0A, 0xAE, 0x02, 0x26, 0x5F, 0x08, 0x45, 0xE0, 0x66,
    0x61, 0x00, 0x4F, 0x08, 0x0C, 0x88, 0x84, 0x5E, 0x05, 0xC3, 0x6A, 0xAF, 0xDD, 0xEA, 0x68, 0x0B,
    0xCA, 0x68, 0xA0, 0x75, 0x92, 0x7B, 0xC9, 0x5C, 0xC5, 0x3E, 0xB7, 0x63, 0xC2, 0x80, 0xA4, 0xE8,
    0x0D, 0x9F, 0xC0, 0xB0, 0x1F, 0x04, 0x5E, 0x0C, 0xE4, 0x0D, 0x3C, 0x1F, 0xE1, 0x75, 0xF0, 0x39,
    0xB2, 0x10, 0xF8, 0x1D, 0xE1, 0x2D, 0xA6, 0xD7, 0xB8, 0x78, 0x2A, 0x93, 0x35, 0xE9, 0x2E, 0x61,
    0x5F, 0xB1, 0xD6, 0x9B, 0x6E, 0x69, 0xC7, 0x0E, 0xAB, 0xFB, 0xB2, 0xBD, 0x4F, 0x19, 0xA0, 0x58,
    0xCA, 0x2E, 0x02, 0xF0, 0x63, 0xAA, 0x0D, 0x4A, 0xBC, 0x6C, 0x43, 0xBC, 0xAA, 0x54, 0x4F, 0x52,
    0x06, 0x6D, 0x35, 0x4E, 0x95, 0x60, 0x9B, 0x8E, 0xDB, 0xA5, 0xB2, 0x1E, 0x5C, 0x18, 0x66, 0x1F,
    0xA0, 0x97, 0x01, 0xAC, 0x44, 0x6A, 0xB7, 0xFF, 0x00, 0x29, 0xCC, 0x4B, 0xCB, 0x1C, 0x2B, 0x16,
    0xF1, 0x89, 0x79, 0x9D, 0x85, 0x3B, 0x85, 0xDB, 0xB5, 0x6C, 0x57, 0xD9, 0x06, 0x01, 0x12, 0x20,
    0x66, 0xF8, 0x52, 0xBA, 0x45, 0x68, 0x29, 0x11, 0xC8, 0xA9, 0xB9, 0xDE, 0x1A, 0x7B, 0x2C, 0x1C,
    0x6B, 0xA6, 0x72, 0x7D, 0xC1, 0x1E, 0xD7, 0x17, 0x6F, 0xCD, 0x7D, 0x89, 0x7F, 0x93, 0xBD, 0x2C,
    0x97, 0x3F, 0x16, 0xAE, 0xA5, 0x33, 0xCF, 0x3D, 0x58, 0x71, 0x4A, 0xFB, 0xBE, 0xE9, 0x28, 0x7B,
    0x84, 0x3D, 0x0E, 0xDF, 0x61, 0x4B, 0x29, 0x6B, 0x9B, 0x72, 0xAC, 0x58, 0xC4, 0x27, 0xE6, 0x9C,
    0x43, 0xDB, 0xA9, 0xBF, 0xB7, 0x68, 0xAA, 0x92, 0xEA, 0x55, 0x9E, 0x74, 0x94, 0x4F, 0x15, 0x4D,
    0x82, 0xDD, 0xB3, 0x70, 0xED, 0x7D, 0xF6, 0x74, 0xE8, 0x45, 0x2C, 0xE6, 0x84, 0x9D, 0x5C, 0xFD,
    0x6B, 0x09, 0x61, 0x13, 0xA9, 0x04, 0x7C, 0x75, 0x54, 0x4F, 0x50, 0xFF, 0x82, 0xBB, 0xBC, 0x58,
    0x2C, 0xE2, 0xBB, 0x59, 0xB4, 0x94, 0x7C, 0x04, 0x9E, 0xBF, 0x39, 0x2C, 0xE6, 0xA4, 0xE0, 0xC9,
    0xA6, 0x32, 0x25, 0x9F, 0x04, 0x43, 0x86, 0xCC, 0x9F, 0x40, 0x24, 0x20, 0x45, 0xC9, 0xEC, 0x45,
    0x5C, 0x1D, 0x36, 0xA7, 0xA9, 0xBB, 0x4E, 0xD0, 0xAA, 0xA9, 0x0B, 0x66, 0x2B, 0x1C, 0xEC, 0x5E,
    0x7E, 0x02, 0x73, 0xA6, 0x39, 0xF5, 0x25, 0xE8, 0xD9, 0x63, 0x9E, 0xC6, 0x6E, 0x5D, 0x75, 0x31,
    0xAF, 0xDE, 0x79, 0xFA, 0x8B, 0xA3, 0x2C, 0x79, 0x51, 0x7F, 0xA4, 0xB8, 0xEC, 0x8F, 0xF4, 0x7B,
    0x8E, 0x50, 0x54, 0xE5, 0x30, 0x97, 0x63, 0xA8, 0xFE, 0x17, 0xC5, 0x54, 0x41, 0x8A, 0xC3, 0x30,
    0x0C, 0x34, 0xE8, 0x01, 0xFA, 0xD0, 0x82, 0xBE, 0xEE, 0x1F, 0xEC, 0x57, 0x04, 0x7B, 0x35, 0x68,
    0x67, 0x24, 0xBB, 0x75, 0x4B, 0x0E, 0x2D, 0x9B, 0x74, 0x0D, 0x23, 0x12, 0x5B, 0xD2, 0xCC, 0xD8,
    0x89, 0x25, 0x46, 0x93, 0x88, 0xC4, 0x1A, 0x11, 0xE1, 0x37, 0xF0, 0xFD, 0x08, 0x6F, 0xE6, 0xC8,
    0x01, 0x4F, 0xC3, 0x9C, 0xE2, 0x1D, 0xE8, 0xD6, 0xB5, 0x5B, 0x53, 0x47, 0x96, 0xEF, 0x75, 0x03,
    0x69, 0x84, 0x61, 0x1E, 0x39, 0xCE, 0x5C, 0xD6, 0xB0, 0xB6, 0x69, 0xC7, 0xC2, 0xC4, 0x85, 0xDA,
    0x93, 0x67, 0xE1, 0x24, 0xED, 0x97, 0xE8, 0x04, 0xCF, 0xB6, 0x29, 0xA3, 0xA0, 0xE3, 0x6F, 0x5A,
    0xA3, 0x56, 0x64, 0xB6, 0x97, 0xB8, 0x41, 0xA8, 0x6A, 0x60, 0x8D, 0xD4, 0xE6, 0xD7, 0x7E, 0x3F,
    0x54, 0x48, 0x2E, 0xF2, 0xD8, 0x79, 0xE7, 0x90, 0x5E, 0x2A, 0xE8, 0x37, 0x77, 0x4D, 0xEE, 0x3E,
    0x58, 0x42, 0x6B, 0x51, 0xDF, 0x2E, 0x48, 0x1C, 0xD4, 0x20, 0x57, 0xAF, 0xD0, 0x6A, 0x0B, 0xAA,
    0xFB, 0x0A, 0x46, 0xC2, 0x15, 0x62, 0xA6, 0x08, 0x93, 0x67, 0x19, 0xBA, 0xF0, 0x7F, 0xE0, 0x81,
    0x01, 0x68, 0x19, 0xDD, 0xD3, 0x12, 0xB9, 0x06, 0xC5, 0x8F, 0xCD, 0xDE, 0x0F, 0xE5, 0xBA, 0x11,
    0x90, 0x1E, 0xD3, 0xDE, 0x8E, 0xC8, 0xEE, 0x68, 0xEE, 0x91, 0xB9, 0x82, 0x1A, 0xFA, 0xB0, 0x35,
    0x5F, 0x76, 0x7B, 0xDA, 0x4D, 0x7F, 0xE9, 0x4A, 0x31, 0x53, 0xC6, 0x3F, 0x6F, 0x57, 0x70, 0x4E,
    0xBC, 0x11, 0x4A, 0x92, 0x5F, 0x67, 0xF7, 0x41, 0xEA, 0xBF, 0x1C, 0xEC, 0xE1, 0xDD, 0x71, 0xF6,
    0xA1, 0x7E, 0xCA, 0x4C, 0x8D, 0xA7, 0x3D, 0xFD, 0x5A, 0x4F, 0xF9, 0xEB, 0xC8, 0xF2, 0xDB, 0xEE,
    0x77, 0xB3, 0x5D, 0xE8, 0x5D, 0xC9, 0x9C, 0xC1, 0x8C, 0x3A, 0xF6, 0x7D, 0xE6, 0x2D, 0x62, 0xFD,
    0xE5, 0x80, 0xB1, 0x87, 0x77, 0x6A, 0x29, 0x40, 0xA3, 0x34, 0xC4, 0x26, 0x41, 0xC6, 0x11, 0x72,
    0x63, 0x47, 0xA1, 0x05, 0xE6, 0x16, 0xEC, 0x15, 0xFC, 0x02, 0xAD, 0x55, 0x5B, 0x8E, 0xC3, 0x20,
    0x0C, 0xB4, 0xC4, 0x01, 0x7C, 0xA1, 0x48, 0xBE, 0xBA, 0xA5, 0x3D, 0x40, 0xAF, 0x62, 0xA9, 0xBF,
    0x48, 0xEC, 0x8C, 0x81, 0x34, 0xC9, 0xA6, 0x6A, 0xBA, 0x2D, 0x30, 0x53, 0xA5, 0x10, 0xBF, 0xB0,
    0x1D, 0x0D, 0x29, 0x21, 0x9A, 0xDC, 0x38, 0x3A, 0x7B, 0x67, 0xDD, 0xEC, 0xEE, 0x18, 0x9B, 0x07,
    0x7E, 0x76, 0xF2, 0x15, 0x43, 0x9F, 0x0B, 0x25, 0x0C, 0x29, 0xA2, 0x77, 0xE8, 0xC5, 0x43, 0xA2,
    0x96, 0xAA, 0x41, 0xC8, 0x65, 0x88, 0x84, 0xDD, 0x03, 0x52, 0x03, 0x82, 0x73, 0x94, 0xFA, 0xD1,
    0x82, 0x40, 0x8D, 0xB0, 0x16, 0x8B, 0x0D, 0x81, 0x54, 0xF2, 0xCE, 0x6A, 0x3D, 0xB2, 0x18, 0x1A,
    0x57, 0xA7, 0xF1, 0x0E, 0xB8, 0x86, 0x0F, 0xF1, 0xDE, 0xBA, 0xAE, 0x48, 0xDD, 0x04, 0x33, 0xAC,
    0x6A, 0x55, 0xE7, 0x4C, 0x43, 0xFD, 0xC5, 0xC4, 0x3B, 0x8B, 0xB4, 0x68, 0x61, 0x91, 0xBE, 0xB5,
    0xB3, 0x51, 0x0F, 0x83, 0x31, 0x30, 0xFF, 0x1A, 0xC3, 0xCF, 0x1D, 0x4B, 0xC3, 0x75, 0x81, 0x19,
    0x72, 0xCE, 0xC6, 0x5F, 0x63, 0x6E, 0x21, 0x4B, 0x5D, 0x6A, 0x89, 0xBE, 0xC6, 0x25, 0xCE, 0xC7,
    0x8B, 0x8B, 0x61, 0x35, 0xC8, 0xC2, 0x72, 0xE9, 0x89, 0xA1, 0x69, 0x88, 0x91, 0x74, 0xE6, 0xC6,
    0xBC, 0xAE, 0x4F, 0x68, 0x49, 0x5D, 0x07, 0x62, 0x35, 0x2A, 0x13, 0xA2, 0x64, 0x2E, 0xC1, 0x39,
    0x1A, 0xA1, 0xF4, 0xED, 0xA1, 0xFE, 0x1F, 0xF9, 0xBD, 0xFA, 0xD4, 0x20, 0x99, 0xC4, 0xA8, 0x29,
    0x83, 0xC6, 0x9D, 0xDC, 0x28, 0xBC, 0x60, 0x85, 0xC2, 0x66, 0xAC, 0x58, 0xD6, 0x41, 0x66, 0x26,
    0x6B, 0x76, 0x12, 0x77, 0x7F, 0x78, 0x4E, 0x92, 0xCC, 0xA7, 0x00, 0xAD, 0x53, 0x68, 0xE9, 0x7B,
    0xC3, 0x54, 0x16, 0xFB, 0x86, 0xD2, 0xF7, 0x74, 0x83, 0x54, 0xE5, 0x0C, 0x16, 0x10, 0xE3, 0x14,
    0x85, 0xC6, 0xD0, 0xCB, 0x1D, 0x7A, 0x6A, 0xA6, 0xDF, 0xE8, 0x24, 0x37, 0xA8, 0x64, 0x2F, 0xE3,
    0x7E, 0x66, 0x82, 0x11, 0x78, 0x47, 0xFB, 0xB5, 0xDB, 0x01, 0x4B, 0x17, 0xCE, 0x5D, 0xBA, 0x95,
    0xD8, 0x5C, 0x64, 0xFB, 0x16, 0x10, 0xA5, 0x09, 0x54, 0x9C, 0xDB, 0xF0, 0xE8, 0xF5, 0x44, 0x13,
    0xF0, 0x9E, 0xF1, 0xDF, 0xB6, 0xA3, 0xC7, 0xC3, 0x1F, 0x50, 0x5F, 0xE3, 0x72, 0xDD, 0x32, 0x1E,
    0x87, 0x3F, 0xB3, 0x23, 0x40, 0xC8, 0x5F, 0xB0, 0x26, 0x27, 0xDE, 0xB7, 0xB3, 0xDA, 0x98, 0x73,
    0x3C, 0xB5, 0x25, 0xBF, 0x1F, 0xA7, 0x60, 0xE9, 0x4C, 0x88, 0x64, 0xC6, 0x0E, 0x9C, 0x9E, 0x87,
    0xDA, 0x15, 0xFB, 0xBE, 0x87, 0x2E, 0x69, 0x95, 0xDA, 0x6E, 0x87, 0x7F, 0xD9, 0x10, 0xF2, 0x03,
    0x61, 0xE3, 0x0B, 0x31, 0x68, 0xCD, 0x24, 0x67, 0x28, 0x62, 0xA5, 0xBA, 0x52, 0xC6, 0xC8, 0x92,
    0x20, 0x2B, 0x15, 0x36, 0xF6, 0x65, 0xE4, 0xF0, 0x24, 0x54, 0x9F, 0x67, 0x95, 0x83, 0x6E, 0x0C,
    0x6A, 0x12, 0xCC, 0x40, 0x4D, 0x4D, 0x92, 0x41, 0xBF, 0xBD, 0x55, 0x5B, 0x6E, 0x03, 0x21, 0x0C,
    0xB4, 0xC4, 0x01, 0xB8, 0x50, 0x24, 0x5F, 0x9D, 0x1B, 0xEC, 0x55, 0x90, 0xFA, 0x6B, 0xC9, 0xF5,
    0x8C, 0x81, 0x7D, 0x24, 0x55, 0x12, 0x55, 0xC9, 0x36, 0x1E, 0x36, 0x01, 0x3C, 0x1E, 0xDB, 0x50,
    0x29, 0x5D, 0xA4, 0xB6, 0x34, 0x95, 0xF5, 0x98, 0x77, 0x71, 0xB7, 0x30, 0x17, 0x8F, 0x89, 0xB0,
    0x66, 0xB1, 0xE8, 0x55, 0xF3, 0x06, 0xE8, 0x0B, 0x6C, 0x81, 0x03, 0x94, 0xD0, 0x02, 0x2A, 0xA1,
    0x07, 0x14, 0x9B, 0x20, 0x0E, 0x50, 0xC2, 0x16, 0x50, 0x09, 0x1E, 0x50, 0x16, 0xC8, 0x80, 0x0C,
    0xB7, 0xD8, 0x09, 0xA4, 0xE3, 0x8D, 0xD0, 0xFE, 0xAF, 0x85, 0x0C, 0x7A, 0xB1, 0x1B, 0x92, 0x84,
    0x77, 0x26, 0x6F, 0x03, 0xF8, 0xA2, 0x9F, 0xCF, 0xD7, 0xB2, 0x80, 0x40, 0xCB, 0x4F, 0xCF, 0x84,
    0xCC, 0xA4, 0x20, 0x42, 0xED, 0x21, 0xDF, 0x53, 0x7A, 0x53, 0xB8, 0x6A, 0xA4, 0x7E, 0xD5, 0xBE,
    0x58, 0x46, 0x76, 0xA0, 0x13, 0x90, 0x57, 0x1B, 0x75, 0xF3, 0x59, 0xB7, 0xF6, 0x7E, 0xDD, 0xC2,
    0x82, 0x8F, 0x0E, 0xC3, 0x5F, 0xBC, 0x77, 0x78, 0x9F, 0xB0, 0x3F, 0x9C, 0x00, 0x4D, 0x09, 0x68,
    0x51, 0x48, 0xEF, 0x91, 0xB8, 0x6A, 0xDA, 0xA2, 0xA0, 0x4E, 0x10, 0xCC, 0xA1, 0xA4, 0x7F, 0x03,
    0xD6, 0x71, 0x07, 0xF7, 0xD2, 0x0B, 0xFD, 0xD1, 0x33, 0x29, 0x4B, 0x52, 0x0C, 0x57, 0xB3, 0x49,
    0x8C, 0xDF, 0xAB, 0xA3, 0x40, 0xB5, 0x6B, 0x2B, 0xDD, 0xC9, 0x78, 0x6F, 0x1A, 0x4D, 0x8D, 0x35,
    0x58, 0x4B, 0x1F, 0x8E, 0x76, 0x33, 0x43, 0x70, 0x00, 0x74, 0x40, 0xD9, 0xDA, 0x51, 0x9A, 0x9E,
    0xA5, 0x99, 0x68, 0x78, 0x10, 0xD0, 0x0C, 0x55, 0x00, 0xBA, 0x78, 0x0C, 0x3E, 0x00, 0xE4, 0xA9,
    0x2F, 0xE8, 0xE1, 0xE5, 0x22, 0x2D, 0x13, 0xAD, 0x59, 0x3D, 0xB3, 0x93, 0xBC, 0x7A, 0x94, 0x27,
    0x94, 0xD7, 0x43, 0xB4, 0x1D, 0x0D, 0xBF, 0x1D, 0xE5, 0xD5, 0x29, 0x2F, 0x9C, 0x4F, 0x26, 0x4F,
    0xD9, 0x1C, 0x6B, 0x67, 0x49, 0x05, 0x01, 0x8D, 0x91, 0x67, 0xCF, 0x65, 0x8D, 0x3C, 0x9F, 0x47,
    0xC3, 0xBE, 0xCB, 0xB8, 0xCF, 0xED, 0x63, 0x39, 0xFA, 0x9B, 0xFE, 0x27, 0xDF, 0xE4, 0x9F, 0xF1,
    0xEC, 0xF1, 0xC5, 0x05, 0xC3, 0x0A, 0x0F, 0xB5, 0xF8, 0x31, 0x72, 0x0D, 0xD5, 0x8A, 0x96, 0xAA,
    0xAC, 0x6A, 0x0E, 0x31, 0x77, 0x3F, 0x24, 0xFB, 0x20, 0xE5, 0x86, 0xB1, 0xBD, 0x2E, 0xE5, 0x23,
    0x29, 0x85, 0xDD, 0x6B, 0x19, 0x29, 0x2F, 0xF0, 0xBD, 0x9B, 0xC7, 0x81, 0x41, 0x4C, 0xA3, 0x6D,
    0xD8, 0x9E, 0x17, 0xAB, 0x36, 0xD6, 0x3C, 0x59, 0x47, 0x53, 0xB1, 0x62, 0xA5, 0xE7, 0x45, 0x68,
    0xA9, 0x3B, 0xD8, 0x1F, 0xFF, 0x7D, 0x84, 0x5F, 0xB2, 0x00, 0xCB, 0xA0, 0xB9, 0xE4, 0xF9, 0xD6,
    0x48, 0xAF, 0xF3, 0xD3, 0xB0, 0xF0, 0xE9, 0x47, 0xCE, 0x5F, 0x6F, 0xA3, 0x3B, 0x34, 0x9B, 0x96,
    0xB7, 0xC4, 0x67, 0x93, 0x19, 0xF7, 0x61, 0x1C, 0x93, 0x6A, 0xFB, 0xBF, 0x8A, 0x77, 0x25, 0xFC,
    0x02, 0xB5, 0x55, 0x41, 0x8A, 0xC3, 0x30, 0x0C, 0x34, 0xF8, 0x01, 0xFA, 0x90, 0x41, 0x5F, 0x17,
    0xF4, 0x01, 0xFB, 0x15, 0x43, 0xAF, 0x02, 0xED, 0x8C, 0x1C, 0x3B, 0xD9, 0x2D, 0x0B, 0xE9, 0x36,
    0x09, 0x9A, 0xB4, 0x8D, 0x65, 0x79, 0x34, 0x1E, 0xA7, 0xA5, 0x44, 0x29, 0xC5, 0x4B, 0xA9, 0x7D,
    0x60, 0x5E, 0x11, 0x45, 0x22, 0x0C, 0xE8, 0x6A, 0xD5, 0x15, 0x49, 0x40, 0x00, 0xAA, 0x86, 0x1B,
    0xA6, 0x49, 0x38, 0xF3, 0xAC, 0x54, 0x7E, 0x91, 0x18, 0xB3, 0x30, 0x3E, 0x72, 0x54, 0x7B, 0x09,
    0xCC, 0xF7, 0x8A, 0x1A, 0x98, 0x60, 0x59, 0x5F, 0x6C, 0x40, 0xF7, 0xA5, 0x2A, 0x86, 0x91, 0x87,
    0x14, 0xA0, 0xA8, 0x29, 0x12, 0x38, 0xAC, 0x4C, 0xC7, 0x58, 0x8D, 0x5C, 0xCC, 0x1C, 0x63, 0x8E,
    0xB1, 0x60, 0xCE, 0xE0, 0xB6, 0x2D, 0x8D, 0x44, 0xC5, 0xA7, 0xFB, 0x60, 0x79, 0x67, 0x0F, 0x08,
    0xA2, 0x3E, 0xC1, 0x19, 0x6C, 0x2E, 0xEB, 0xE1, 0x16, 0xBD, 0x31, 0xB1, 0x92, 0x23, 0x32, 0x9A,
    0x6E, 0x45, 0xFC, 0x73, 0xAE, 0x99, 0x6C, 0xE9, 0x97, 0xFA, 0xE8, 0x59, 0x2F, 0x75, 0x49, 0xD6,
    0x3E, 0xF6, 0x42, 0xEE, 0xF5, 0x12, 0xB5, 0xE7, 0x1E, 0xCC, 0xFD, 0xB8, 0x6A, 0x1F, 0xE2, 0x70,
    0x65, 0x0F, 0x97, 0xC0, 0x52, 0xF7, 0x3C, 0x67, 0xDE, 0xC0, 0xD7, 0x93, 0x10, 0xE4, 0x93, 0x19,
    0x68, 0x8B, 0xEA, 0x80, 0xC8, 0xE1, 0xE1, 0xAF, 0xA0, 0xDC, 0x61, 0xEC, 0x10, 0x41, 0xB9, 0x58,
    0x59, 0x10, 0x7C, 0x38, 0x34, 0xD5, 0x57, 0xF5, 0x6F, 0xE9, 0x28, 0x3B, 0x41, 0x48, 0xEF, 0xF2,
    0x64, 0xBC, 0xCB, 0xFF, 0x0C, 0x2B, 0xEE, 0xB5, 0x6C, 0x38, 0xC3, 0xEA, 0x55, 0x4F, 0x4E, 0xFE,
    0xFB, 0x49, 0xF2, 0xE9, 0x9B, 0x9E, 0x3C, 0x2C, 0xF1, 0x65, 0xF4, 0x47, 0x7D, 0xC4, 0x52, 0xCF,
    0x77, 0x4D, 0xFF, 0x85, 0xA0, 0xCF, 0xE1, 0xF9, 0xD5, 0x07, 0xFD, 0x57, 0x1A, 0xEC, 0x00, 0x07,
    0xE2, 0x67, 0xD3, 0x7E, 0x58, 0x4B, 0xEC, 0x1C, 0x34, 0x11, 0x30, 0x3E, 0xBD, 0x3B, 0xFC, 0x0B,
    0x93, 0xB1, 0xF6, 0xC4, 0x87, 0xFC, 0x63, 0xE3, 0x9E, 0xFC, 0x7B, 0xF2, 0xE7, 0xD9, 0xB3, 0x71,
    0x96, 0x7D, 0x61, 0xB9, 0x2C, 0xF9, 0xBC, 0x83, 0xC9, 0x9D, 0x9A, 0x83, 0x7B, 0x07, 0xF2, 0xAD,
    0x10, 0x83, 0xC1, 0xAA, 0xBB, 0xB8, 0xBC, 0x8B, 0xD8, 0xF9, 0x8B, 0x63, 0x2D, 0x9F, 0xFA, 0x0B,
    0x95, 0x8E, 0xC3, 0x7B, 0xEB, 0x2A, 0xFD, 0xE7, 0xFF, 0x50, 0x6B, 0x3F, 0x4E, 0xE1, 0x1D, 0x1E,
    0xFA, 0x06, 0xC5, 0x54, 0x5B, 0x8A, 0xC3, 0x30, 0x0C, 0x14, 0xF8, 0x00, 0xBA, 0xD0, 0x82, 0xAE,
    0x6E, 0xE8, 0x01, 0xF6, 0x2A, 0x82, 0xFE, 0x0A, 0x66, 0x35, 0x52, 0x9C, 0x7A, 0xFB, 0x55, 0xB6,
    0x0D, 0x9B, 0x32, 0x9A, 0xD4, 0xB6, 0xEC, 0xD1, 0xC3, 0x11, 0x88, 0x0C, 0x4C, 0x19, 0xB7, 0xC4,
    0x7D, 0x8A, 0xE4, 0x3B, 0x9F, 0x10, 0x9D, 0xAF, 0xC1, 0x0A, 0x48, 0x47, 0x43, 0x43, 0xA1, 0x53,
    0x14, 0x2E, 0xFA, 0x3D, 0xC5, 0x8C, 0x90, 0xF5, 0x84, 0x88, 0xFD, 0x05, 0x68, 0x80, 0x30, 0x1F,
    0xA1, 0x40, 0x8C, 0x3C, 0xAB, 0x47, 0x12, 0x91, 0xAB, 0xF2, 0xC8, 0x71, 0xF7, 0xED, 0xAC, 0xF7,
    0x62, 0xB8, 0x44, 0x2B, 0x33, 0x30, 0xFC, 0x00, 0x4E, 0xBC, 0x9D, 0x6F, 0x61, 0x8E, 0xBF, 0x7A,
    0xFF, 0x2A, 0x62, 0x26, 0xA3, 0x78, 0x44, 0x25, 0x43, 0x9B, 0x8E, 0x52, 0x98, 0x4E, 0x79, 0x7A,
    0x82, 0x2B, 0xD5, 0x51, 0x94, 0xFB, 0x2B, 0xC9, 0x48, 0x46, 0x02, 0x69, 0x92, 0xF8, 0x42, 0xCA,
    0x59, 0x13, 0x14, 0x95, 0xB4, 0x26, 0xAF, 0xC4, 0x0D, 0x0F, 0xBD, 0x35, 0x65, 0x41, 0x16, 0x65,
    0x1A, 0x58, 0x1E, 0xF8, 0xC0, 0x41, 0xF3, 0x24, 0xF3, 0x52, 0x9B, 0xDD, 0xB2, 0xA8, 0x54, 0x57,
    0x35, 0xAD, 0xB4, 0x57, 0xF6, 0x24, 0xEC, 0xB7, 0x6C, 0x70, 0x0D, 0x52, 0x59, 0x26, 0x7A, 0x59,
    0x8B, 0x4C, 0x3A, 0xAD, 0xAB, 0x5B, 0x68, 0x5A, 0x20, 0x67, 0x3C, 0xDA, 0x66, 0xF0, 0x23, 0x22,
    0xE5, 0xA6, 0x20, 0x63, 0x59, 0x5C, 0x59, 0xAA, 0xCD, 0xB2, 0x6A, 0x14, 0x41, 0x5B, 0xF9, 0x63,
    0x95, 0xAA, 0x9D, 0x9F, 0x32, 0x67, 0x94, 0x98, 0x62, 0x35, 0x4F, 0x16, 0x2B, 0x43, 0x07, 0xF6,
    0x23, 0xFD, 0xC0, 0x2A, 0x1B, 0x83, 0x30, 0xFA, 0x6A, 0xD5, 0x03, 0x6B, 0xBF, 0x2A, 0xD5, 0xAB,
    0xA6, 0x36, 0x89, 0xEE, 0xF3, 0x2D, 0x07, 0xA8, 0x7F, 0x0C, 0x7A, 0x38, 0x41, 0x21, 0xF9, 0xAB,
    0xB7, 0x1A, 0xE1, 0xDA, 0x05, 0xEC, 0x5D, 0xEA, 0xBD, 0x67, 0x86, 0x53, 0xF7, 0xBF, 0xB0, 0x3A,
    0xA3, 0x25, 0xAB, 0xFF, 0x4B, 0xA4, 0xF2, 0x74, 0x4B, 0x96, 0x00, 0xB0, 0x5A, 0x8D, 0x9E, 0xA8,
    0xD3, 0x8E, 0xCE, 0x47, 0x17, 0x6A, 0x1F, 0xC6, 0x63, 0x58, 0xF7, 0xD5, 0xE9, 0x8F, 0x03, 0x0F,
    0x9F, 0xD9, 0x58, 0x59, 0x05, 0x9C, 0xC8, 0xB5, 0x8F, 0xCD, 0xD6, 0x46, 0xD6, 0x17, 0x8B, 0x81,
    0x69, 0x6C, 0xC7, 0x1D, 0x3E, 0xC4, 0xA9, 0x43, 0x2F, 0xD6, 0x6F, 0x53, 0x4E, 0x7C, 0x4A, 0x3B,
    0x3B, 0x85, 0x9F, 0x09, 0x8B, 0xCB, 0xF5, 0xE7, 0x65, 0xCC, 0xF9, 0xFE, 0x72, 0x7F, 0x32, 0x86,
    0x1F, 0xAD, 0x55, 0x41, 0x6A, 0x03, 0x31, 0x0C, 0x14, 0xF8, 0x01, 0xFA, 0x50, 0x40, 0x5F, 0x37,
    0xE4, 0x01, 0xFD, 0x8A, 0x20, 0x57, 0x83, 0x3A, 0x33, 0xF2, 0x76, 0x77, 0x5B, 0x4A, 0x7B, 0x48,
    0x58, 0x0D, 0x89, 0xD7, 0x96, 0x46, 0xD2, 0xC8, 0x31, 0xB3, 0x31, 0x0D, 0x90, 0x37, 0xF0, 0xB4,
    0xA8, 0x9A, 0x56, 0x55, 0x36, 0x00, 0xD3, 0x97, 0x45, 0xC6, 0xC4, 0x0B, 0xC0, 0x58, 0x65, 0x0D,
    0xB6, 0xD6, 0x6F, 0x50, 0x1B, 0xC6, 0x0A, 0x01, 0xCF, 0xCA, 0x8B, 0xFC, 0xC9, 0x33, 0x62, 0x30,
    0x98, 0xE5, 0xB6, 0xD5, 0x06, 0x06, 0x55, 0xE9, 0xD8, 0x00, 0x9B, 0x31, 0x11, 0x13, 0x6B, 0x20,
    0x92, 0x0B, 0x8E, 0xAE, 0xC6, 0x35, 0xBE, 0xE3, 0x1E, 0xEE, 0xE5, 0x19, 0x2B, 0xBA, 0x69, 0x87,
    0xF2, 0x78, 0x02, 0x0F, 0x81, 0x00, 0xC1, 0xDE, 0x03, 0x0C, 0x67, 0x31, 0xC7, 0x22, 0xD5, 0x6C,
    0x30, 0x92, 0xC0, 0xE7, 0x71, 0x66, 0xC4, 0xEF, 0x0C, 0xEE, 0xB4, 0xF9, 0xB7, 0x85, 0xAC, 0x0C,
    0xD9, 0x57, 0x9B, 0x97, 0xA3, 0x80, 0x4F, 0x78, 0xF7, 0x0F, 0xF4, 0x6B, 0x28, 0x44, 0xC7, 0x39,
    0x3E, 0x5A, 0xDB, 0x80, 0x2D, 0x2E, 0xF8, 0x10, 0xE0, 0x58, 0xF0, 0x6C, 0x0C, 0xC1, 0xE2, 0xD1,
    0x45, 0x66, 0x82, 0x6E, 0xF1, 0xEE, 0xB3, 0x00, 0x99, 0x4C, 0xDF, 0xCD, 0xEE, 0x8E, 0x67, 0x7C,
    0x75, 0x9C, 0xAD, 0x50, 0x8F, 0x99, 0x6B, 0xE4, 0x25, 0xBE, 0xAA, 0x20, 0xE1, 0xC4, 0x24, 0x7D,
    0xCF, 0x07, 0x95, 0x34, 0x8A, 0x3D, 0x4F, 0xAC, 0x67, 0x2D, 0x4F, 0xAE, 0x63, 0x17, 0x0C, 0xBF,
    0xAB, 0x56, 0xD4, 0x6B, 0x79, 0x3D, 0x79, 0x58, 0xC5, 0x5B, 0x4D, 0x87, 0x12, 0x9C, 0x71, 0x92,
    0x30, 0x69, 0xE0, 0x5B, 0x4F, 0x21, 0xA0, 0x13, 0x28, 0x36, 0xEC, 0x43, 0x9C, 0x06, 0x16, 0x4E,
    0x5E, 0xE4, 0x4F, 0x9E, 0x5B, 0x71, 0xF5, 0xA2, 0x5A, 0x44, 0x88, 0xCA, 0x91, 0xB2, 0x5C, 0x4C,
    0xDA, 0x14, 0x89, 0x21, 0x61, 0x29, 0x25, 0x22, 0x81, 0x57, 0xB2, 0x7C, 0x52, 0x1B, 0xD7, 0xBB,
    0x56, 0x53, 0x6A, 0x53, 0x59, 0xCF, 0xBE, 0x8C, 0x7B, 0x5F, 0xE2, 0x1D, 0x69, 0xED, 0xDC, 0x8E,
    0x63, 0xF0, 0xA2, 0xA2, 0x96, 0x46, 0x85, 0xC3, 0x3A, 0x93, 0xE3, 0x71, 0xF6, 0x65, 0x9E, 0x04,
    0x7E, 0xA4, 0xEB, 0x1C, 0xA4, 0x9B, 0xD5, 0x91, 0xD6, 0x3F, 0xD2, 0xD5, 0x40, 0xF7, 0x90, 0x87,
    0x20, 0xAF, 0xD9, 0x52, 0x47, 0x04, 0xCA, 0x8A, 0x2C, 0xF9, 0x9A, 0x42, 0xB6, 0x62, 0x59, 0xCA,
    0xC9, 0x8F, 0x27, 0x8A, 0x0C, 0xE9, 0xD1, 0xF6, 0xCC, 0xEC, 0x22, 0x59, 0x3D, 0x35, 0x54, 0x7B,
    0xB2, 0x0E, 0x07, 0xBE, 0x0E, 0xA7, 0xA3, 0xDF, 0xCD, 0x05, 0x81, 0x5A, 0x90, 0x0A, 0x7D, 0x36,
    0xB4, 0x0E, 0xF3, 0x77, 0xA8, 0x39, 0x90, 0x1B, 0xBE, 0x0D, 0x66, 0x4D, 0x6D, 0xB6, 0xBA, 0x59,
    0xDE, 0xD7, 0x6A, 0x0D, 0xB3, 0x4F, 0x04, 0x5D, 0x74, 0x2E, 0xC8, 0xE3, 0x84, 0x09, 0xE8, 0x40,
    0xDC, 0xFA, 0x86, 0x52, 0x71, 0xA7, 0xCA, 0x42, 0x83, 0xFA, 0xC0, 0x8B, 0xE4, 0x8A, 0x53, 0xB8,
    0x3A, 0x4D, 0x79, 0x76, 0x76, 0x5A, 0x17, 0xDF, 0xDE, 0x13, 0x4C, 0x8E, 0xD2, 0xE3, 0x80, 0xB0,
    0x8B, 0x5F, 0x19, 0xDC, 0x8C, 0x43, 0x4C, 0x17, 0x79, 0x0C, 0x18, 0xAE, 0x1E, 0xA8, 0x08, 0x8B,
    0xB1, 0x1B, 0xC0, 0xD9, 0x11, 0x6F, 0x8C, 0x7D, 0xDF, 0x1F, 0x3E, 0x59, 0xBF, 0xDD, 0xB8, 0x0E,
    0x2F, 0x35, 0x5A, 0x8B, 0x83, 0xE6, 0xFB, 0xF7, 0x83, 0xA4, 0xCE, 0x0F, 0xFB, 0xF6, 0x16, 0x33,
    0xBB, 0xFF, 0xBE, 0xE6, 0x92, 0x5C, 0xE9, 0x87, 0xF7, 0x82, 0x1E, 0xBF, 0x2C, 0x7E, 0x7B, 0xC6,
    0xBE, 0x46, 0xD2, 0xFA, 0x2F, 0xA3, 0x8E, 0x27, 0x34, 0x34, 0x69, 0x9F, 0x85, 0x8E, 0xCB, 0x09,
    0x43, 0x31, 0x0C, 0x04, 0x05, 0x2E, 0xC0, 0x0D, 0x19, 0xB6, 0x75, 0x75, 0x90, 0x56, 0x04, 0xB9,
    0x0A, 0x36, 0x23, 0x3F, 0x48, 0x8E, 0xB1, 0xFC, 0x91, 0xD6, 0xD6, 0x78, 0x1D, 0x4A, 0xE5, 0x26,
    0x38, 0xA3, 0x63, 0x77, 0xC8, 0x21, 0xD2, 0x9D, 0x11, 0xA5, 0x77, 0xD9, 0x59, 0x4E, 0x3B, 0x3C,
    0x7B, 0xA2, 0x93, 0xF3, 0x86, 0x97, 0xCD, 0xD0, 0x04, 0x97, 0xF9, 0x1A, 0x0A, 0x34, 0x57, 0x95,
    0x4B, 0x74, 0x6F, 0x27, 0x20, 0x2E, 0xBB, 0x07, 0xF7, 0xE4, 0xB4, 0x6D, 0xB5, 0xED, 0x95, 0xAB,
    0x26, 0x36, 0xF4, 0x8B, 0x42, 0xD3, 0xE9, 0x35, 0x98, 0xA9, 0x8F, 0x5B, 0x05, 0x04, 0x5B, 0x63,
    0xCC, 0x03, 0xC5, 0xCC, 0x77, 0xFA, 0x5A, 0xF2, 0x75, 0x35, 0x7B, 0x9C, 0x85, 0x95, 0x61, 0xF1,
    0x75, 0xAC, 0xDB, 0xFA, 0x2C, 0x51, 0x37, 0x52, 0xFF, 0x64, 0xFD, 0x95, 0xE3, 0x03, 0xB5, 0x54,
    0x8B, 0xAD, 0x23, 0x31, 0x08, 0xB4, 0xE4, 0x02, 0xDC, 0xD0, 0x93, 0x68, 0xDD, 0xD2, 0x15, 0x90,
    0x56, 0x5C, 0x00, 0x12, 0x37, 0x33, 0xE0, 0xFD, 0x24, 0x7A, 0xBA, 0xE4, 0xA4, 0x64, 0xC3, 0xA0,
    0x5D, 0x0F, 0xD8, 0x60, 0xA0, 0x79, 0x6B, 0x2D, 0x20, 0x06, 0x19, 0xB3, 0xED, 0x5F, 0x44, 0xAC,
    0x43, 0x8A, 0xF2, 0x22, 0x1F, 0x72, 0x3A, 0x58, 0x5B, 0xBE, 0xB9, 0x0F, 0x24, 0xF4, 0xE5, 0xC0,
    0x8A, 0xEC, 0x8E, 0xFA, 0xFE, 0x08, 0x24, 0x60, 0x88, 0x34, 0x62, 0xC6, 0x6C, 0xC3, 0x49, 0xE0,
    0x7F, 0x9D, 0xD8, 0x2F, 0x78, 0xFD, 0x6E, 0x64, 0x46, 0x24, 0xCA, 0xE7, 0x6A, 0xA4, 0x71, 0x59,
    0xFB, 0x58, 0xFB, 0x2C, 0xD2, 0x0F, 0x05, 0x67, 0x5E, 0xF2, 0xDC, 0x3A, 0x60, 0xE2, 0xEC, 0xB1,
    0x0C, 0x27, 0x5B, 0x3C, 0x98, 0xE3, 0x5C, 0xDD, 0x41, 0x13, 0x88, 0x36, 0xAF, 0xD0, 0xD2, 0x49,
    0x4F, 0x9E, 0x2C, 0x64, 0x3B, 0x02, 0x5E, 0xFA, 0x26, 0x22, 0x86, 0xDC, 0x83, 0x59, 0x9A, 0x10,
    0xF8, 0x06, 0xBB, 0x35, 0x4A, 0x40, 0xCC, 0x18, 0xA7, 0xF2, 0xE7, 0xE4, 0xC1, 0x59, 0xE6, 0x54,
    0x5B, 0x72, 0x3D, 0x39, 0x06, 0xE7, 0x01, 0x7B, 0x87, 0xEB, 0x05, 0x83, 0x19, 0xBF, 0xFD, 0x2C,
    0x43, 0x5B, 0xEF, 0x3E, 0x99, 0xF2, 0xCF, 0xE4, 0x07, 0x62, 0x57, 0x99, 0x0C, 0x3C, 0x66, 0x57,
    0xD1, 0x78, 0x5E, 0xD7, 0xBE, 0xB6, 0x9B, 0xD6, 0xDD, 0x9E, 0xDA, 0x5F, 0xB5, 0x98, 0x5E, 0x55,
    0x95, 0x7A, 0xE6, 0x3A, 0xFC, 0x4B, 0x8F, 0x75, 0xD7, 0xFD, 0xD4, 0xAB, 0xBE, 0xDF, 0xB4, 0xE9,
    0x56, 0xE9, 0xA7, 0xB4, 0x2A, 0x8F, 0xFB, 0x30, 0xC1, 0x33, 0x2F, 0xF2, 0xBF, 0x75, 0xDD, 0xB4,
    0x22, 0x4C, 0xED, 0xD2, 0x48, 0x46, 0xF1, 0xB6, 0xB6, 0xAD, 0xE7, 0xFD, 0xBD, 0xD6, 0x8B, 0xCF,
    0xF3, 0xA5, 0xF6, 0x9B, 0xFF, 0x37, 0x7A, 0xB2, 0xBD, 0xF4, 0x64, 0x54, 0x4F, 0xAE, 0xCC, 0xCF,
    0x73, 0x37, 0xBE, 0x89, 0x59, 0xE8, 0x67, 0x6F, 0xEE, 0x9E, 0x64, 0xDF, 0xA8, 0x3F, 0xC6, 0x0A,
    0x45, 0x85, 0x87, 0x51, 0xB0, 0x93, 0x58, 0xAF, 0x8C, 0xED, 0x28, 0x88, 0x96, 0xEF, 0xAA, 0x63,
    0x4F, 0x1E, 0x6E, 0x14, 0x76, 0x2B, 0xED, 0xD5, 0x67, 0x91, 0x3D, 0xAF, 0xE4, 0x2A, 0x9E, 0x7E,
    0x6E, 0x97, 0xF9, 0xA6, 0x89, 0xA0, 0x1F, 0x30, 0x0E, 0xB0, 0x07, 0x81, 0xC3, 0x29, 0x08, 0x0E,
    0xE8, 0x04, 0x54, 0x67, 0x01, 0x2A, 0x15, 0x90, 0x13, 0x07, 0xE0, 0x07, 0xAC, 0x03, 0x34, 0xBF,
    0x8C, 0x1B, 0x1B, 0x83, 0x45, 0xAF, 0x55, 0x3F, 0x5E, 0x8F, 0x91, 0x43, 0x42, 0x30, 0x59, 0x62,
    0x09, 0x9D, 0x57, 0x26, 0x40, 0x80, 0x5E, 0x90, 0xAE, 0x1E, 0xCC, 0x9D, 0x20, 0xFD, 0x01, 0xFA,
    0x1E, 0x22, 0xAC, 0xF3, 0xCA, 0x70, 0x08, 0xD8, 0x64, 0x64, 0xA8, 0x2E, 0xBE, 0x03, 0x2C, 0x8D,
    0x13, 0x32, 0xCF, 0xCF, 0x10, 0x27, 0xEC, 0x33, 0x8F, 0xC7, 0xAC, 0x38, 0xEC, 0xCF, 0xDA, 0xB1,
    0x29, 0x54, 0xC6, 0xE0, 0x09, 0x39, 0x50, 0x6B, 0xAA, 0x0A, 0x98, 0xD8, 0x31, 0x2F, 0x59, 0xE3,
    0xDC, 0xA8, 0xD1, 0xEA, 0xFF, 0x9C, 0xED, 0xEC, 0x88, 0x5C, 0x87, 0x81, 0x79, 0xD6, 0x5D, 0x7B,
    0x92, 0xE1, 0x5A, 0x4F, 0xDE, 0x93, 0x4D, 0xD6, 0xD6, 0x29, 0xAA, 0xD9, 0xEB, 0xBE, 0x57, 0x9F,
    0x56, 0x52, 0x11, 0x64, 0x4B, 0x33, 0x8A, 0xBF, 0xBD, 0x95, 0x6B, 0x6E, 0x2B, 0x21, 0x0C, 0x85,
    0x91, 0x58, 0x00, 0x4B, 0x62, 0xEB, 0x48, 0x5D, 0x40, 0xB6, 0x82, 0xD4, 0xBF, 0x48, 0xEE, 0xF9,
    0x8E, 0xA1, 0xE9, 0x23, 0xE9, 0x4D, 0xAE, 0xAA, 0x4E, 0x32, 0xDF, 0x3C, 0x30, 0xB6, 0x39, 0x80,
    0x27, 0x22, 0x66, 0x9C, 0xB3, 0x94, 0xF2, 0x1B, 0x67, 0xE9, 0x72, 0xF6, 0x85, 0xA5, 0xFE, 0xC0,
    0xB8, 0xC3, 0x75, 0x9B, 0xF5, 0x03, 0x83, 0x63, 0x7C, 0xE4, 0x22, 0x81, 0x1B, 0x8C, 0x47, 0x46,
    0xFA, 0xA4, 0x4D, 0x1F, 0xCA, 0xA2, 0x8F, 0x7D, 0x69, 0x53, 0x17, 0x65, 0xBE, 0xF8, 0xC9, 0xB0,
    0xAE, 0xC6, 0x10, 0x5F, 0x56, 0x1F, 0xA5, 0x34, 0x5D, 0xD4, 0xBB, 0xBD, 0x2E, 0x9C, 0xD4, 0x08,
    0xB2, 0x2A, 0x16, 0x07, 0x91, 0xC6, 0xF5, 0x69, 0xB7, 0x6D, 0xCB, 0xDD, 0xBD, 0xCB, 0xD9, 0x38,
    0x3E, 0x77, 0x84, 0x1D, 0x6F, 0x47, 0x27, 0x30, 0xAF, 0x22, 0x4A, 0x23, 0x35, 0x79, 0xE1, 0x15,
    0x89, 0xAC, 0x6B, 0xF6, 0xB2, 0xD4, 0x23, 0x81, 0x72, 0x5E, 0x96, 0xDF, 0xED, 0x76, 0xEC, 0x74,
    0xB3, 0x42, 0x1E, 0xE9, 0xDF, 0xD2, 0x8E, 0x46, 0xFC, 0x97, 0x38, 0xA8, 0xA0, 0xBD, 0xA3, 0x5F,
    0x40, 0x13, 0x02, 0x28, 0x53, 0xF2, 0x14, 0xA6, 0xD0, 0x80, 0xC4, 0xD9, 0x50, 0x97, 0xA1, 0x40,
    0x07, 0xF3, 0x1D, 0x43, 0x28, 0x1E, 0xA4, 0xD1, 0xC9, 0xA8, 0x59, 0xA4, 0x73, 0xFC, 0x59, 0x1A,
    0x78, 0x46, 0x3B, 0x19, 0xCD, 0x70, 0x4C, 0xFD, 0x2A, 0x6E, 0x25, 0x5D, 0x97, 0x24, 0x9A, 0x11,
    0x84, 0x3A, 0x82, 0xF9, 0x99, 0xF7, 0xB4, 0x57, 0x5B, 0x93, 0xC9, 0xCC, 0xFE, 0xF8, 0x61, 0x9A,
    0x52, 0xCC, 0x03, 0xAF, 0xDE, 0x07, 0xE1, 0xA5, 0xCE, 0x92, 0xBF, 0x89, 0x6E, 0x8C, 0x03, 0x96,
    0x52, 0x67, 0x1C, 0x24, 0x91, 0x9C, 0x9B, 0xE8, 0xB5, 0x3E, 0x11, 0xDD, 0x94, 0xE5, 0x05, 0x22,
    0x5F, 0x4F, 0x0E, 0x54, 0x3C, 0xFF, 0x65, 0xF5, 0x2C, 0xE4, 0x6B, 0x12, 0x29, 0x6B, 0x4C, 0x2B,
    0x9D, 0x1C, 0x57, 0xE6, 0x1C, 0x3D, 0x86, 0xB3, 0x6B, 0x37, 0x9E, 0xE9, 0xAB, 0xD4, 0xA7, 0x37,
    0x23, 0x73, 0xA5, 0xC8, 0xA4, 0x22, 0x25, 0x1A, 0xBB, 0x45, 0x8A, 0x8F, 0x94, 0x9D, 0x79, 0xCC,
    0x39, 0xBA, 0x03, 0xEC, 0xDC, 0xC3, 0x7D, 0xED, 0xC5, 0xFE, 0xEC, 0x59, 0x73, 0x96, 0x15, 0xE6,
    0x7F, 0x93, 0x7C, 0x56, 0x8D, 0x53, 0x5C, 0xD6, 0x59, 0x35, 0xDF, 0x4F, 0xBD, 0xA7, 0x3D, 0xED,
    0xFE, 0x5D, 0x8A, 0xBF, 0xAB, 0x34, 0x34, 0xD2, 0xCE, 0x52, 0x69, 0xF3, 0xA8, 0xB4, 0x6D, 0xEF,
    0x60, 0xAB, 0xE9, 0x1E, 0xEE, 0x6B, 0x2F, 0x37, 0x54, 0xDA, 0x07, 0x1B, 0xAA, 0xFC, 0xC6, 0x29,
    0xD7, 0x8A, 0xC8, 0x2D, 0xB1, 0xB5, 0xB8, 0xF4, 0xB9, 0x50, 0xF5, 0xF3, 0x37, 0xC3, 0xD5, 0x4E,
    0xDB, 0xCF, 0x95, 0x76, 0xF9, 0x53, 0x62, 0xB8, 0x74, 0x5C, 0xE8, 0x1F, 0x86, 0xEB, 0x29, 0x70,
    0x25, 0x01, 0x98, 0xD5, 0x30, 0xC6, 0x46, 0x46, 0xDC, 0xF4, 0x3E, 0x65, 0x74, 0xAE, 0xA3, 0x81,
    0x5E, 0x4A, 0x40, 0x79, 0x28, 0x03, 0x76, 0xF4, 0xA8, 0x93, 0x11, 0x52, 0x59, 0xBF, 0xD2, 0xAD,
    0xAB, 0xDB, 0x86, 0x2A, 0x83, 0x54, 0xED, 0x25, 0xB5, 0xF2, 0xEC, 0x51, 0x30, 0x6A, 0x56, 0xFE,
    0x6B, 0x44, 0x4F, 0x7E, 0xF7, 0xE0, 0x18, 0x73, 0xF3, 0x9E, 0xCF, 0x71, 0xF1, 0xFD, 0x88, 0xAC,
    0x86, 0x9F, 0x4A, 0xA2, 0x47, 0xE3, 0x3B, 0xBF, 0x73, 0x6B, 0x64, 0xE9, 0xCC, 0xAF, 0x43, 0x7A,
    0xB1, 0x3F, 0x3C, 0xE7, 0x02, 0x7B, 0x03, 0xC5, 0x55, 0x51, 0x6A, 0x2B, 0x31, 0x0C, 0x14, 0xF8,
    0x00, 0xBA, 0xD0, 0x03, 0x5F, 0xDD, 0xD0, 0x03, 0xE4, 0x2A, 0x86, 0xF7, 0x2B, 0x50, 0x67, 0x46,
    0xDA, 0x64, 0xF3, 0x92, 0x94, 0x96, 0xF2, 0xDA, 0x65, 0x35, 0xCE, 0x7A, 0xA5, 0xB1, 0x3C, 0xD2,
    0x3A, 0x69, 0x36, 0x57, 0xFE, 0x17, 0xC0, 0x15, 0x37, 0x30, 0xB3, 0xF1, 0x2F, 0x7C, 0x89, 0x6F,
    0x0A, 0xD6, 0xC8, 0x35, 0xC1, 0xB7, 0x9C, 0x60, 0x99, 0x73, 0x19, 0x5F, 0x7C, 0x0C, 0x69, 0xBE,
    0xE1, 0xFB, 0x33, 0xF8, 0x78, 0x69, 0xDE, 0x7E, 0x6B, 0xD0, 0xB5, 0xEF, 0x07, 0xE3, 0x35, 0x9E,
    0x0F, 0xD4, 0xD5, 0xEC, 0x8C, 0x25, 0xE3, 0x33, 0xC4, 0xDE, 0x84, 0x5B, 0x18, 0x9C, 0x1F, 0xAA,
    0x96, 0x15, 0x7E, 0x7C, 0xA7, 0xA2, 0xF2, 0x1A, 0xAB, 0x8A, 0x76, 0xC1, 0x3E, 0x81, 0x88, 0x51,
    0x9B, 0x2D, 0xE1, 0xE6, 0xFC, 0x0C, 0xE2, 0x10, 0x5A, 0xBE, 0xC0, 0x9B, 0x0F, 0x28, 0xAE, 0xB1,
    0xC8, 0xA3, 0x98, 0x5F, 0x5A, 0x4A, 0x4C, 0xF9, 0x43, 0x5B, 0x74, 0xEF, 0x60, 0xEE, 0x4F, 0xCC,
    0xA3, 0xDB, 0x7E, 0xF7, 0xEE, 0x16, 0x5D, 0xC3, 0x5C, 0x8B, 0x84, 0x31, 0x63, 0x9B, 0x20, 0x41,
    0x85, 0x04, 0x7F, 0x6E, 0xDF, 0x85, 0xB7, 0x63, 0x43, 0x7F, 0x26, 0x82, 0x76, 0x56, 0xAC, 0x93,
    0x45, 0x7C, 0xD6, 0xDA, 0x51, 0xBA, 0xC1, 0x9F, 0xC9, 0x48, 0x3E, 0xA9, 0x2E, 0xEA, 0x03, 0x38,
    0x83, 0x7A, 0xD4, 0xC0, 0x29, 0x16, 0x7B, 0x5A, 0xFA, 0xDD, 0x90, 0x3D, 0xAC, 0xF3, 0xD3, 0xBD,
    0x4B, 0xC7, 0x1D, 0x2C, 0xC5, 0xD9, 0x2B, 0x1C, 0xEB, 0xF5, 0xEA, 0xCA, 0x85, 0x82, 0x61, 0xEB,
    0xC9, 0x4C, 0xE7, 0xB6, 0xC9, 0xDC, 0xF9, 0x21, 0x5F, 0x8D, 0xCF, 0x98, 0xF7, 0xF6, 0xB1, 0x2A,
    0xC3, 0x24, 0x1B, 0x0D, 0xF4, 0xD3, 0x77, 0x99, 0x7C, 0x61, 0xA3, 0xB4, 0x51, 0xBB, 0xF0, 0x44,
    0x48, 0x09, 0x08, 0x8F, 0x91, 0x7B, 0xB0, 0x96, 0xD4, 0x3D, 0x28, 0x16, 0x8D, 0x32, 0xAB, 0x0E,
    0x31, 0xF3, 0x6F, 0x78, 0xBE, 0x21, 0x2B, 0x5F, 0x20, 0x58, 0xAA, 0x14, 0x32, 0xAE, 0xAD, 0x51,
    0xC2, 0xB8, 0xD5, 0xB8, 0x79, 0xB1, 0x8D, 0x1D, 0x27, 0xE3, 0xF3, 0x54, 0x0D, 0x9C, 0xC7, 0x10,
    0x2B, 0x80, 0x3D, 0x86, 0x6A, 0x70, 0x8D, 0x55, 0x1F, 0x1D, 0xA6, 0x7E, 0x39, 0xBD, 0xF3, 0xE6,
    0xF5, 0xDD, 0xBD, 0xD4, 0xEF, 0xA3, 0x6E, 0x64, 0xF7, 0x99, 0x5B, 0xC9, 0x9E, 0xC1, 0x1E, 0x21,
    0x5E, 0x00, 0x6A, 0x18, 0xFA, 0xEE, 0x74, 0x44, 0x37, 0x98, 0x12, 0x03, 0x4C, 0xC9, 0xD3, 0x12,
    0xBB, 0x24, 0xE6, 0xA4, 0xD7, 0xF6, 0xAB, 0xA5, 0x65, 0xCC, 0x42, 0x99, 0x50, 0x92, 0xE5, 0xDB,
    0x4F, 0x72, 0x30, 0x06, 0x33, 0x8C, 0xD4, 0x08, 0x9F, 0x10, 0x7F, 0x3A, 0xF5, 0x9F, 0x97, 0x0B,
    0x34, 0x57, 0x9F, 0xD4, 0x37, 0xD4, 0x58, 0x33, 0xF5, 0x56, 0x9E, 0x15, 0x25, 0x86, 0x55, 0x9C,
    0x14, 0x70, 0xA0, 0xCC, 0x5B, 0x67, 0x8F, 0xA4, 0xC3, 0x6A, 0xC1, 0x9C, 0x75, 0xA2, 0xD4, 0xFA,
    0x1A, 0x8D, 0x64, 0xAE, 0x77, 0xEA, 0xA9, 0xD4, 0x3F, 0x87, 0xFA, 0xF2, 0xAE, 0x3C, 0xA3, 0xCD,
    0x69, 0x97, 0x95, 0x93, 0x86, 0x98, 0x68, 0xDB, 0x6D, 0xCB, 0x8F, 0xF2, 0xAD, 0x62, 0x0D, 0x76,
    0x5C, 0x2D, 0xD3, 0xD7, 0x77, 0x79, 0x43, 0x7B, 0x49, 0x0B, 0xF4, 0x3D, 0x3A, 0x98, 0x27, 0x95,
    0xC5, 0xB1, 0xA5, 0xDD, 0xC6, 0x32, 0xD6, 0x29, 0x56, 0x3E, 0xF4, 0x65, 0x0C, 0x62, 0xDF, 0x01,
    0xAD, 0x95, 0x51, 0x6E, 0x03, 0x21, 0x0C, 0x44, 0x2D, 0x71, 0x00, 0x8E, 0xC4, 0xD5, 0x91, 0x7A,
    0x21, 0xA4, 0xFE, 0x5A, 0x72, 0x67, 0xC6, 0x90, 0xB0, 0x09, 0x49, 0x1B, 0xA9, 0x9B, 0x3C, 0xB2,
    0x0B, 0x5E, 0x63, 0x8C, 0x99, 0x58, 0x84, 0x97, 0x85, 0x9B, 0x97, 0x71, 0xA6, 0x6E, 0x44, 0x9F,
    0x98, 0x08, 0xD1, 0x49, 0x49, 0x06, 0xA9, 0xC2, 0xBD, 0x91, 0xE6, 0x01, 0xD6, 0xA7, 0x92, 0x21,
    0xC2, 0x6A, 0x3F, 0x02, 0x4F, 0x37, 0x5E, 0xD9, 0x00, 0x0B, 0x37, 0xCC, 0x44, 0x7A, 0xEB, 0x70,
    0x68, 0x65, 0x04, 0x70, 0x2B, 0xBE, 0xC3, 0x3E, 0x8E, 0xD1, 0x86, 0xB6, 0x55, 0x51, 0xBB, 0xFD,
    0x75, 0x9E, 0x57, 0x78, 0xFA, 0x48, 0x3F, 0x88, 0x00, 0x7D, 0x9C, 0xFB, 0x08, 0xC7, 0x64, 0x93,
    0xF3, 0x19, 0xDF, 0x75, 0xB3, 0x0B, 0xAF, 0xD7, 0x73, 0xB5, 0x7B, 0xB3, 0x9E, 0xB1, 0xB0, 0xD6,
    0xED, 0x53, 0xB8, 0xA7, 0xF0, 0xEB, 0xAD, 0xD3, 0x77, 0x19, 0x95, 0xFE, 0xD1, 0x16, 0x81, 0x1E,
    0x8C, 0xDA, 0x02, 0xF3, 0x59, 0x5B, 0x0C, 0xC3, 0xF2, 0x8C, 0x5B, 0x52, 0x62, 0x61, 0x6B, 0x55,
    0x87, 0x06, 0x05, 0x07, 0x8B, 0x0C, 0x3D, 0xE0, 0x99, 0x55, 0x81, 0x5A, 0xC3, 0x4E, 0x21, 0x2B,
    0x4C, 0x4C, 0x3C, 0x34, 0x1A, 0x08, 0x9A, 0xC8, 0x58, 0xAF, 0xC9, 0x81, 0x5C, 0x9D, 0xE6, 0x50,
    0xB8, 0x5A, 0x40, 0x1B, 0x5A, 0xD2, 0x2A, 0xD7, 0x15, 0x30, 0x7F, 0xF9, 0x2E, 0xFA, 0x30, 0xD6,
    0xEB, 0xB2, 0xC6, 0x1D, 0x0A, 0x19, 0x51, 0x60, 0x83, 0x3F, 0x64, 0x26, 0xDF, 0xE3, 0x1E, 0x94,
    0x78, 0xFF, 0x1E, 0x8A, 0xE2, 0x0B, 0x1B, 0x9E, 0xD9, 0xC0, 0x82, 0x90, 0x45, 0xBB, 0x72, 0xCA,
    0xC8, 0x47, 0xCD, 0xC3, 0xA5, 0x3E, 0xFB, 0xAF, 0x56, 0x2E, 0xBB, 0xDA, 0x91, 0x2D, 0xB7, 0xA0,
    0x5C, 0xDA, 0x58, 0xC9, 0x7E, 0xAA, 0xE5, 0xB9, 0x85, 0xF7, 0xA0, 0xEE, 0xAC, 0x7E, 0xD8, 0xEC,
    0xC5, 0xB6, 0xC3, 0xEA, 0x81, 0x09, 0x08, 0x3C, 0x43, 0x6E, 0x36, 0xD8, 0x97, 0x63, 0x94, 0x1A,
    0x1E, 0x9B, 0x03, 0x08, 0x76, 0x1E, 0x61, 0x3C, 0xF3, 0x08, 0x6F, 0xAC, 0x7E, 0xD8, 0x14, 0xC0,
    0x63, 0xD6, 0x24, 0x15, 0x8D, 0x3B, 0x37, 0xB4, 0xBA, 0x26, 0x07, 0x89, 0x8E, 0x6A, 0xD5, 0x51,
    0x6F, 0xB0, 0x99, 0x3B, 0xAA, 0x77, 0x19, 0x8F, 0x51, 0x68, 0x3B, 0x6B, 0x77, 0x40, 0xFD, 0x50,
    0x61, 0x38, 0x72, 0xD9, 0xA4, 0x8A, 0xDE, 0x9A, 0x3C, 0x5E, 0x1A, 0xAD, 0x6A, 0x68, 0x4C, 0x59,
    0x4D, 0x07, 0x74, 0xC5, 0x9B, 0x36, 0x79, 0x92, 0xA6, 0x5E, 0x6F, 0xD5, 0x24, 0x51, 0x76, 0x1D,
    0xE4, 0xCE, 0x0F, 0xAA, 0x3B, 0xA5, 0xD3, 0x67, 0x02, 0x30, 0x95, 0x8A, 0x6C, 0x5D, 0x57, 0x09,
    0xEA, 0x6D, 0x4A, 0xDA, 0x2E, 0x2D, 0x6B, 0xEB, 0x4E, 0x12, 0xB4, 0xC4, 0x8E, 0xFC, 0x97, 0x4F,
    0x66, 0x3A, 0xB6, 0x34, 0x4B, 0x69, 0xBE, 0x35, 0x9E, 0x7F, 0x34, 0x50, 0x05, 0xA6, 0xA8, 0x3E,
    0xFC, 0x55, 0xBD, 0x03, 0x7B, 0x75, 0xD5, 0x2F, 0xE4, 0x00, 0x09, 0x6F, 0x53, 0x3F, 0x52, 0xA2,
    0xF2, 0xEB, 0xEA, 0xFB, 0xF5, 0x7B, 0x16, 0xEF, 0x55, 0xE0, 0x19, 0xF9, 0x3B, 0xF1, 0xDE, 0x2A,
    0xCC, 0x54, 0x3D, 0xC6, 0x4C, 0x4D, 0x6D, 0x55, 0x05, 0x06, 0x6F, 0xA4, 0x17, 0xD2, 0x9A, 0x4B,
    0x85, 0x51, 0x36, 0x19, 0xC7, 0xC3, 0xF5, 0x03, 0xA5, 0x55, 0x5B, 0x8E, 0x23, 0x21, 0x0C, 0x44,
    0xE2, 0x00, 0x1C, 0x89, 0xAB, 0x23, 0xE5, 0x00, 0x73, 0x15, 0x4B, 0xF3, 0x6B, 0xC9, 0x53, 0x55,
    0x36, 0xFD, 0xC8, 0xB4, 0xB2, 0xBB, 0xDA, 0x74, 0xAA, 0x48, 0x83, 0x1F, 0xE0, 0x07, 0x71, 0xE7,
    0xA7, 0xE1, 0x33, 0xD6, 0xE7, 0xA7, 0x59, 0xF7, 0x2E, 0x49, 0x8E, 0x9F, 0x9F, 0x69, 0x61, 0xB1,
    0x5A, 0x04, 0xE5, 0xFB, 0x7D, 0xF0, 0xA6, 0xC1, 0xDE, 0x86, 0x08, 0xCB, 0xC1, 0x73, 0x88, 0x5C,
    0x9B, 0x6B, 0x3C, 0x0D, 0x32, 0x1E, 0xAD, 0x7C, 0x44, 0x93, 0x7A, 0xE0, 0x0C, 0xED, 0x4F, 0x1C,
    0xD2, 0xE3, 0x67, 0x89, 0x8D, 0xF3, 0x3D, 0xD9, 0x2F, 0xCC, 0x99, 0x5C, 0xA5, 0x24, 0xB9, 0xC1,
    0x77, 0xFA, 0x29, 0xF0, 0x7D, 0x7C, 0xC7, 0xA2, 0x9C, 0x80, 0x93, 0x0F, 0x23, 0xDA, 0x5F, 0x83,
    0xA7, 0xD4, 0xC6, 0x88, 0xD9, 0x8E, 0x0F, 0x0F, 0xC9, 0x83, 0x31, 0xE4, 0x12, 0x9C, 0xAB, 0x39,
    0xCF, 0x89, 0x70, 0x85, 0x15, 0xF0, 0x9B, 0x73, 0x5A, 0xA3, 0x8C, 0x62, 0x1B, 0xD2, 0x55, 0xA6,
    0x36, 0x2E, 0x76, 0x83, 0xC1, 0x13, 0x70, 0xAA, 0x5E, 0x18, 0xC4, 0xD7, 0x8A, 0x49, 0x8C, 0x15,
    0x5E, 0xB0, 0x02, 0xB2, 0xCF, 0x98, 0x64, 0x5C, 0x26, 0x1D, 0xA6, 0xF3, 0x69, 0x17, 0xBB, 0x9C,
    0x45, 0xE6, 0x29, 0x01, 0xA0, 0x62, 0x0C, 0x8F, 0x7E, 0x69, 0xC6, 0x4B, 0xEF, 0xD0, 0xDD, 0xE0,
    0xF9, 0x33, 0x06, 0xD8, 0x4A, 0x21, 0xB3, 0xF5, 0xCF, 0xC8, 0x9C, 0x0A, 0x3A, 0xF3, 0x15, 0xA2,
    0xC8, 0xD4, 0x6D, 0x3A, 0x17, 0xDA, 0xD4, 0x9E, 0xA4, 0xC8, 0x8A, 0x9A, 0x6D, 0x90, 0x18, 0x2E,
    0x0A, 0xFC, 0x26, 0x2E, 0x60, 0x9F, 0x29, 0x4C, 0x5B, 0xD4, 0x65, 0x2E, 0x37, 0x54, 0x97, 0x5A,
    0xB4, 0x76, 0x9D, 0xEF, 0x7C, 0xA7, 0x2C, 0x94, 0x3A, 0x4B, 0x86, 0x79, 0xDB, 0x80, 0x82, 0xE6,
    0x43, 0x45, 0x15, 0x2A, 0xBB, 0x93, 0x9D, 0xCD, 0xD3, 0xAB, 0x0E, 0x15, 0x38, 0x35, 0x02, 0x6B,
    0x90, 0xFD, 0xAB, 0xF6, 0xC2, 0x36, 0xF6, 0x39, 0x93, 0x11, 0xF8, 0x2F, 0x56, 0xD9, 0x7C, 0x39,
    0x14, 0x8B, 0x15, 0xAE, 0x2C, 0x84, 0xCD, 0x78, 0x8E, 0x37, 0xAC, 0x51, 0xF7, 0x24, 0x78, 0x64,
    0x0A, 0x59, 0x54, 0x41, 0xEF, 0x33, 0x56, 0xB6, 0x82, 0x9A, 0xBA, 0x6B, 0x77, 0x86, 0xCC, 0x8E,
    0x55, 0x04, 0x43, 0x28, 0xA0, 0xC9, 0xB2, 0x0C, 0x9D, 0x6D, 0xD6, 0x86, 0x24, 0xCC, 0x2E, 0x9E,
    0xD8, 0x05, 0xB7, 0xC2, 0x1B, 0x81, 0x5B, 0xF6, 0xAC, 0x66, 0x88, 0x81, 0xE2, 0xE5, 0xF1, 0x82,
    0x69, 0xE7, 0xA9, 0x82, 0x85, 0x92, 0x22, 0x4D, 0x15, 0x96, 0x84, 0xEA, 0x42, 0x74, 0x4D, 0xF6,
    0x64, 0xB9, 0x7C, 0xB8, 0x3A, 0x96, 0x80, 0x0B, 0xDC, 0x42, 0x03, 0x6A, 0x70, 0x11, 0x44, 0x24,
    0x7A, 0xE4, 0x1C, 0xD6, 0x28, 0xB3, 0xE5, 0x5B, 0x5E, 0x25, 0x0A, 0x03, 0x0C, 0x91, 0x3B, 0xAD,
    0x30, 0xEC, 0xC3, 0xCE, 0x6F, 0xA7, 0x5F, 0xF1, 0x2A, 0x86, 0x9A, 0xC2, 0x7E, 0x61, 0x46, 0xFA,
    0xCE, 0x83, 0xDB, 0xBB, 0x31, 0x8B, 0xFD, 0xE4, 0x7B, 0x17, 0xF9, 0x63, 0x17, 0xED, 0xEE, 0x53,
    0xDB, 0x3F, 0x74, 0x51, 0x5E, 0x25, 0x76, 0x85, 0xEE, 0xB8, 0x8D, 0xF4, 0xF1, 0xDF, 0xD0, 0xB5,
    0x92, 0xF9, 0xAA, 0xAF, 0x1F, 0x53, 0x1F, 0xBF, 0x7D, 0x97, 0x40, 0x91, 0xE5, 0xE5, 0xFF, 0x4C,
    0x4A, 0xEA, 0x49, 0x9F, 0x85, 0xDF, 0xE8, 0xB8, 0x93, 0xB3, 0x7A, 0x6F, 0x31, 0xD9, 0xAD, 0x49,
    0xBC, 0xAF, 0x6D, 0xE8, 0x06, 0x65, 0x21, 0xF4, 0xFC, 0xD7, 0xE9, 0x2C, 0x8D, 0xFC, 0x73, 0x83,
    0x01, 0xDD, 0xF1, 0x4C, 0x2B, 0x73, 0x3F, 0x5E, 0xCC, 0x08, 0xBA, 0x50, 0x45, 0x5A, 0x7F, 0x73,
    0xEA, 0x8E, 0x56, 0x9D, 0xB2, 0xDF, 0x6A, 0xAD, 0x24, 0x4B, 0x7D, 0xC2, 0xD8, 0xDA, 0x36, 0xCB,
    0x43, 0xFA, 0xF3, 0xF4, 0xAE, 0x5A, 0x65, 0xF7, 0xEF, 0xC0, 0x3F, 0x0C, 0x3F, 0x9D, 0x55, 0x8B,
    0xAD, 0x23, 0x21, 0x0C, 0xB4, 0x44, 0x01, 0x94, 0xE4, 0xD6, 0x91, 0x5E, 0x01, 0xAF, 0x15, 0x0A,
    0xB0, 0xE4, 0x9B, 0x19, 0x03, 0x9B, 0x6C, 0x92, 0x7B, 0xEF, 0x0E, 0x69, 0x26, 0x1B, 0x30, 0xB6,
    0xD7, 0xBF, 0xF5, 0xD1, 0x47, 0x9F, 0xC0, 0x70, 0xFD, 0xBA, 0xB5, 0xE8, 0x23, 0xCD, 0xB2, 0x7F,
    0x85, 0x99, 0x7F, 0x7F, 0x4F, 0xB3, 0x9E, 0x39, 0xCC, 0x5A, 0x62, 0x7B, 0x71, 0xED, 0xD4, 0xA9,
    0x24, 0xEB, 0x96, 0x34, 0x84, 0x53, 0x27, 0xC4, 0xFA, 0x68, 0x94, 0x85, 0xDC, 0x23, 0x27, 0x54,
    0x18, 0x28, 0x8C, 0xF2, 0x20, 0x1F, 0xC6, 0x0D, 0x4B, 0x6C, 0x41, 0x19, 0x35, 0x62, 0xCB, 0x64,
    0x27, 0x83, 0x34, 0xCF, 0x93, 0xF6, 0x74, 0x2A, 0x39, 0xDD, 0xD0, 0xDD, 0xD2, 0xD2, 0x73, 0x50,
    0xBD, 0xFC, 0x1F, 0x74, 0xF3, 0x4E, 0x01, 0x39, 0x1A, 0x0E, 0xDC, 0x0C, 0xA8, 0x80, 0xAF, 0x16,
    0x59, 0xDA, 0x69, 0x46, 0xC0, 0x33, 0xF7, 0x74, 0x46, 0x99, 0x96, 0x13, 0x77, 0x02, 0x77, 0x71,
    0xD2, 0x0E, 0x20, 0xE2, 0xE3, 0xD7, 0x84, 0xF5, 0x48, 0x3F, 0xDE, 0x88, 0x8B, 0xAC, 0x2C, 0x3E,
    0x11, 0xA3, 0xFB, 0x16, 0x65, 0xA1, 0xF0, 0x7A, 0x1E, 0x1B, 0x50, 0x72, 0x80, 0xF7, 0xEC, 0xD3,
    0x27, 0xB3, 0x37, 0x61, 0xBD, 0x45, 0x91, 0x52, 0xB2, 0xF3, 0xE2, 0xCC, 0xB4, 0x57, 0x31, 0xA8,
    0x16, 0x44, 0x4C, 0xA8, 0x28, 0x7E, 0x45, 0x0A, 0xAA, 0x0C, 0xB2, 0x5C, 0xDA, 0x54, 0xE9, 0xCD,
    0x7A, 0x6A, 0x93, 0xE1, 0xF6, 0x92, 0x60, 0x0A, 0x7C, 0x83, 0x36, 0x37, 0xC6, 0x13, 0x9C, 0xBB,
    0xF4, 0x7E, 0xC8, 0x71, 0x52, 0xD5, 0x95, 0xF2, 0xBB, 0x1C, 0xEF, 0x72, 0x7C, 0x1C, 0xC7, 0x55,
    0xC2, 0xF9, 0x40, 0xFF, 0xE5, 0x78, 0x7B, 0x72, 0xBC, 0x6D, 0xC7, 0x77, 0xC2, 0x00, 0x74, 0xC0,
    0xF4, 0xCC, 0x20, 0xEE, 0x8E, 0x2B, 0xCB, 0xCE, 0x17, 0xD0, 0x1F, 0x16, 0x19, 0x1C, 0xA7, 0xBB,
    0xA1, 0xBA, 0xA6, 0x98, 0xAB, 0xC3, 0xD4, 0x6C, 0x27, 0xEF, 0x7A, 0xD2, 0x9E, 0x4E, 0x25, 0xC7,
    0x1B, 0xBA, 0x2B, 0x2D, 0xD4, 0xC7, 0x90, 0xFC, 0xA5, 0x74, 0x10, 0xA3, 0xA9, 0x66, 0xA7, 0xE3,
    0xD3, 0xAB, 0x92, 0x73, 0x45, 0x7A, 0x43, 0x4D, 0x10, 0x55, 0x68, 0xB3, 0x1A, 0xDA, 0xD5, 0xD4,
    0x4A, 0xBA, 0x6F, 0xA4, 0xA9, 0xAE, 0x7E, 0x24, 0x5F, 0x94, 0xC3, 0x11, 0x14, 0x2A, 0x4A, 0x0C,
    0x87, 0x44, 0x5A, 0x7C, 0xF6, 0xB7, 0x9D, 0xBA, 0xDF, 0xF6, 0xA2, 0x97, 0xBC, 0x84, 0x1A, 0xFA,
    0x13, 0xD0, 0x46, 0x5F, 0x30, 0x97, 0xB2, 0x36, 0x2A, 0x56, 0x07, 0x61, 0xB7, 0x1E, 0xB8, 0x4A,
    0xF9, 0x33, 0x31, 0xE6, 0xC9, 0x6C, 0xB2, 0x85, 0x39, 0x2A, 0xD2, 0xFE, 0x6D, 0x06, 0x2C, 0xB2,
    0x17, 0xB8, 0x74, 0x16, 0x06, 0x65, 0x7C, 0x7C, 0x6C, 0xF0, 0xF7, 0x4D, 0xFF, 0xBA, 0xE2, 0xDD,
    0xAA, 0x26, 0xE0, 0x3B, 0xA8, 0xF4, 0x11, 0x03, 0x66, 0x04, 0x49, 0xD0, 0x0C, 0xB8, 0xCF, 0x18,
    0x6A, 0x79, 0xA0, 0x35, 0xF4, 0x1A, 0x07, 0x46, 0x3B, 0x53, 0x03, 0x09, 0xA4, 0x96, 0x6A, 0x25,
    0x6A, 0x96, 0x0D, 0xCC, 0x4C, 0x76, 0x80, 0x31, 0xFE, 0x5E, 0x6E, 0x42, 0x7D, 0x13, 0x20, 0x79,
    0x81, 0xC5, 0x78, 0x4A, 0x4C, 0xB9, 0x5A, 0xD3, 0xB8, 0x1C, 0xDD, 0x74, 0xD6, 0x0E, 0x62, 0x6E,
    0xD2, 0xB8, 0xEF, 0x87, 0xD0, 0xEA, 0x20, 0x1A, 0x4C, 0x12, 0x3F, 0x4B, 0xFA, 0x36, 0xB1, 0x55,
    0x93, 0x3D, 0xCB, 0x3A, 0x5E, 0xA4, 0xD8, 0xC5, 0xA1, 0x79, 0x48, 0x23, 0x85, 0x9B, 0x0B, 0x97,
    0xF1, 0x9D, 0x1C, 0x98, 0x6A, 0x0B, 0x34, 0xDB, 0x61, 0x95, 0x96, 0x69, 0x38, 0x16, 0xE6, 0xC2,
    0xB8, 0x12, 0x05, 0x65, 0xEC, 0xAD, 0x35, 0x79, 0x60, 0x82, 0xCD, 0x0A, 0x8B, 0x15, 0xD1, 0x1C,
    0x15, 0xE0, 0xF5, 0x99, 0xBB, 0xAF, 0x75, 0xD0, 0x32, 0xC7, 0xC9, 0x01, 0xEF, 0x4A, 0x8B, 0xF4,
    0x49, 0x33, 0x42, 0x3E, 0xED, 0x0F, 0x4D, 0x8F, 0x8D, 0x0D, 0x44, 0x21, 0x08, 0x83, 0x9B, 0x30,
    0x80, 0x23, 0xB1, 0x3A, 0x1B, 0xDC, 0x2A, 0x0C, 0x60, 0xD2, 0x6B, 0xF1, 0xBD, 0xF3, 0x34, 0xFD,
    0xFC, 0x01, 0x8A, 0x82, 0x1B, 0x41, 0x62, 0x91, 0x95, 0xB5, 0x3A, 0x11, 0x4D, 0xC4, 0x26, 0x79,
    0xE5, 0xB3, 0x34, 0xF1, 0x5E, 0xED, 0x5C, 0xD7, 0x40, 0xB5, 0x48, 0xF6, 0x3F, 0x7E, 0x43, 0x61,
    0x65, 0xD7, 0x03, 0x55, 0x22, 0x0F, 0x62, 0xC3, 0x66, 0x4E, 0xA0, 0x96, 0x83, 0x0C, 0x1B, 0x7C,
    0x84, 0x35, 0x60, 0x3D, 0x08, 0x3E, 0x66, 0x80, 0xD2, 0x5C, 0xA7, 0xAB, 0x41, 0x1B, 0xE5, 0x20,
    0xAF, 0x6E, 0xF3, 0x9D, 0xF3, 0xE2, 0x68, 0xCB, 0xFD, 0x35, 0x67, 0x37, 0x37, 0x8A, 0xE2, 0xD5,
    0xFC, 0xE2, 0x95, 0x9B, 0x5B, 0x35, 0xE6, 0x47, 0xC0, 0x17, 0xAD, 0x55, 0x5B, 0x6A, 0x03, 0x31,
    0x0C, 0x14, 0xE8, 0xB7, 0xE0, 0x0B, 0x15, 0x74, 0x75, 0x43, 0x2F, 0x64, 0xE8, 0xAF, 0x41, 0x9D,
    0x19, 0xD9, 0xC9, 0x76, 0xBB, 0x6D, 0x93, 0xD2, 0x38, 0x33, 0x79, 0xAC, 0xA4, 0xD5, 0x7B, 0xA3,
    0x5B, 0xF4, 0x18, 0x16, 0xD6, 0x48, 0x3E, 0x41, 0x96, 0xA2, 0x9E, 0xE6, 0xD9, 0xA7, 0xB5, 0x7C,
    0x07, 0xBD, 0x25, 0xAE, 0xF7, 0x84, 0x38, 0x2F, 0x82, 0x3A, 0xC4, 0xA0, 0x93, 0xD4, 0x99, 0x45,
    0xF8, 0x31, 0x75, 0x8D, 0xB2, 0x99, 0x82, 0x51, 0xF2, 0x41, 0x64, 0xE6, 0xDC, 0x68, 0xB0, 0x9E,
    0x1D, 0x6F, 0x6B, 0xDF, 0xBF, 0xE9, 0xC4, 0x88, 0xF7, 0x91, 0x6F, 0x23, 0x7D, 0xE0, 0x5E, 0xD0,
    0x1C, 0x1B, 0x46, 0x67, 0xFE, 0x00, 0xE8, 0xD2, 0x93, 0x01, 0xEF, 0x8F, 0x17, 0x18, 0x4A, 0xC6,
    0x83, 0x80, 0x07, 0x38, 0xED, 0x87, 0x93, 0xA9, 0x28, 0x47, 0xEB, 0xF1, 0xE9, 0xB4, 0x7D, 0x2A,
    0x06, 0x0A, 0x91, 0x52, 0xE1, 0x16, 0x85, 0x6A, 0xF6, 0x37, 0x4A, 0x87, 0x63, 0x8E, 0x14, 0x13,
    0x74, 0x14, 0x79, 0xBF, 0x42, 0x14, 0x92, 0x19, 0x8E, 0xE1, 0x28, 0x47, 0x0E, 0x2F, 0x87, 0xEC,
    0x2A, 0xB8, 0xE5, 0xA6, 0x50, 0xE5, 0x6C, 0xFF, 0x06, 0xD4, 0xC3, 0xEA, 0xD6, 0xBB, 0x0E, 0x71,
    0x68, 0xAB, 0xA3, 0xEC, 0xAD, 0x95, 0x24, 0x57, 0x3E, 0x11, 0xBD, 0x34, 0xCE, 0xA8, 0x22, 0x0B,
    0xC6, 0x5E, 0xFE, 0x6C, 0x67, 0xD7, 0xBC, 0xEA, 0xEF, 0x1B, 0x5B, 0xB4, 0xC4, 0xEF, 0xF5, 0x09,
    0xF6, 0x8D, 0x7A, 0x52, 0xBD, 0xF9, 0x1C, 0x49, 0xF7, 0x46, 0x2C, 0x92, 0x45, 0x83, 0xE5, 0xD0,
    0x18, 0xBD, 0xD2, 0xE8, 0x24, 0x0D, 0x0A, 0x9F, 0xE8, 0x66, 0x25, 0x16, 0xA9, 0xD4, 0x50, 0xF3,
    0x14, 0xC1, 0x3F, 0x8E, 0x51, 0x55, 0xCD, 0x1F, 0x3C, 0x31, 0x23, 0x23, 0x35, 0xEC, 0x5F, 0x4E,
    0xEE, 0xD7, 0x3D, 0xFC, 0xA9, 0x5C, 0x1C, 0xDB, 0xD3, 0xAE, 0x49, 0x57, 0xF7, 0xF2, 0x70, 0x2E,
    0x17, 0xE8, 0xAA, 0xB1, 0x60, 0x17, 0x59, 0xAF, 0xD2, 0x4C, 0xA1, 0x17, 0x9A, 0xE0, 0x05, 0xE8,
    0x78, 0xA1, 0x8E, 0xFE, 0xA1, 0x94, 0x9C, 0x81, 0x8D, 0x2A, 0x37, 0x4D, 0xD1, 0x1A, 0xA3, 0xC7,
    0x2D, 0x7A, 0x10, 0xB8, 0x23, 0xB7, 0xD5, 0x14, 0x8C, 0xED, 0x2F, 0x04, 0x56, 0x57, 0xE3, 0xFA,
    0x1A, 0xCF, 0x2D, 0x8A, 0x83, 0xED, 0xB1, 0x6D, 0xE7, 0xD1, 0x6E, 0x2F, 0xDB, 0xB5, 0x1A, 0x77,
    0xFF, 0xB4, 0x11, 0xA5, 0x23, 0x5F, 0xB1, 0x71, 0x47, 0x74, 0xC7, 0x16, 0x00, 0x86, 0x6B, 0x94,
    0xF4, 0x4D, 0x51, 0x6B, 0xF8, 0xD6, 0x90, 0xCE, 0x53, 0xC7, 0xAF, 0x16, 0xF4, 0x8D, 0x65, 0xFE,
    0xB0, 0xAE, 0x72, 0xD9, 0x66, 0xDB, 0xB4, 0xB2, 0x59, 0x76, 0x39, 0xD4, 0x7B, 0xD0, 0xDB, 0xBC,
    0xEB, 0xAF, 0xD1, 0x5A, 0xFB, 0x4F, 0x88, 0x4D, 0xAA, 0xBA, 0x2D, 0x99, 0x22, 0x36, 0xA4, 0xC8,
    0x45, 0x63, 0x53, 0x1B, 0x35, 0x03, 0x8B, 0x4E, 0xED, 0x90, 0x15, 0xC3, 0xF7, 0xB4, 0x27, 0xBD,
    0xEE, 0x97, 0x57, 0x73, 0xFB, 0x2B, 0x92, 0x59, 0xBF, 0x24, 0xDF, 0x14, 0xDC, 0x6A, 0x68, 0x39,
    0x92, 0xA9, 0x85, 0x98, 0x29, 0x63, 0x29, 0x8C, 0xD9, 0x62, 0x34, 0xBB, 0xC5, 0x4D, 0x4F, 0xB4,
    0xD3, 0xA8, 0xEF, 0x80, 0xDB, 0x73, 0x94, 0x77, 0xE2, 0xB8, 0xBE, 0x58, 0xD3, 0x50, 0xA1, 0x5C,
    0xCC, 0x8F, 0xB9, 0x96, 0x3F, 0x73, 0xA5, 0xFF, 0xAC, 0x5E, 0xAF, 0xFA, 0x9E, 0xF8, 0xC4, 0x0B,
    0x7B, 0x01, 0x0E, 0xA8, 0x1E, 0x2F, 0x53, 0xC5, 0xD6, 0x43, 0x97, 0xD9, 0x83, 0xDB, 0xAE, 0xC7,
    0x30, 0x7F, 0xAF, 0xA7, 0xA4, 0x0C, 0x34, 0xAB, 0xB1, 0x94, 0x90, 0x7D, 0x00, 0xED, 0x54, 0x5B,
    0x8A, 0x24, 0x41, 0x08, 0x14, 0xFC, 0x6D, 0xF0, 0x2A, 0x7B, 0x80, 0x06, 0xAF, 0x2E, 0xEC, 0x85,
    0x84, 0xFE, 0x15, 0x9C, 0x08, 0x33, 0xAB, 0xBA, 0x66, 0x76, 0x9E, 0xBF, 0xC3, 0x56, 0x66, 0x48,
    0x51, 0x66, 0x6A, 0xF8, 0x2A, 0x71, 0xD1, 0x0E, 0xC3, 0x4E, 0xF1, 0x10, 0x17, 0x4A, 0x8B, 0xBB,
    0x75, 0x69, 0x57, 0x77, 0x74, 0xC9, 0x5D, 0x84, 0x2F, 0x9D, 0xB3, 0xA1, 0xF5, 0x28, 0x29, 0xF1,
    0xC2, 0x0A, 0x11, 0xC3, 0x15, 0x4F, 0x4B, 0x0D, 0x97, 0xBD, 0xC2, 0xAE, 0x8B, 0xBA, 0x57, 0x4B,
    0x70, 0xDB, 0x64, 0x2C, 0xF1, 0xF4, 0xA3, 0xC5, 0xE1, 0xC6, 0x1B, 0x14, 0x7A, 0x08, 0x40, 0xF3,
    0x09, 0xF2, 0x09, 0xDD, 0xE0, 0x53, 0x22, 0x59, 0x9A, 0x45, 0xB4, 0x46, 0xB9, 0x65, 0x79, 0x37,
    0x91, 0x60, 0xCA, 0xD8, 0xC6, 0xF6, 0x97, 0xF6, 0x37, 0xE6, 0xE1, 0x25, 0x70, 0x32, 0xF2, 0xCA,
    0x75, 0xB7, 0x97, 0xAF, 0x41, 0xF3, 0xFB, 0xD6, 0x5B, 0x6D, 0xFB, 0x17, 0xFD, 0x3A, 0xC3, 0xF8,
    0x98, 0x64, 0x1E, 0xDA, 0x76, 0x1B, 0x59, 0x46, 0xBC, 0xC6, 0xB8, 0xA3, 0x27, 0x6B, 0x94, 0xB5,
    0x10, 0x17, 0xAC, 0xC5, 0xBC, 0xE3, 0xAC, 0xE2, 0x8E, 0xDC, 0xC8, 0xA1, 0x60, 0x77, 0x01, 0x75,
    0x7A, 0xE3, 0xF1, 0xF4, 0xBC, 0xE1, 0x1F, 0xE1, 0x6D, 0xB4, 0x73, 0x8D, 0x4C, 0xC6, 0x29, 0x19,
    0x05, 0x4B, 0xB5, 0x84, 0x42, 0xB0, 0x78, 0x53, 0x41, 0x2D, 0x7C, 0x1D, 0x21, 0xD3, 0x04, 0x3D,
    0x89, 0x1A, 0xA3, 0xE3, 0xB1, 0x0E, 0x61, 0x23, 0xF2, 0x10, 0x53, 0x2C, 0x95, 0xF3, 0x2D, 0xCF,
    0x23, 0x4F, 0xD1, 0xA7, 0x15, 0x3F, 0xC4, 0xF8, 0x38, 0x5D, 0x2A, 0x3A, 0x6A, 0xD1, 0x00, 0xA1,
    0xCD, 0x6F, 0x98, 0x2E, 0xCE, 0x67, 0x08, 0x37, 0xE6, 0x4A, 0xA7, 0x3C, 0xB1, 0xDA, 0x0B, 0x57,
    0x8A, 0xD8, 0x8B, 0x69, 0x64, 0xEB, 0xD9, 0xBB, 0x69, 0xFC, 0x28, 0x6D, 0xCF, 0x67, 0x12, 0x77,
    0x89, 0x2B, 0xA1, 0xD6, 0x5A, 0x84, 0xFF, 0x11, 0xA3, 0xC0, 0x11, 0x54, 0x3E, 0xD1, 0x4B, 0xD3,
    0x10, 0x0D, 0xB7, 0xF4, 0xEB, 0x20, 0x88, 0x71, 0xC3, 0x92, 0x3F, 0xE3, 0x9C, 0x8A, 0x40, 0xB5,
    0xED, 0x2F, 0x6C, 0xD6, 0xAB, 0xCD, 0x8E, 0x4E, 0x0E, 0xED, 0x2F, 0x9E, 0xBB, 0x42, 0x59, 0x0B,
    0xDD, 0xD0, 0xE8, 0x21, 0x36, 0x80, 0xBB, 0xCE, 0x0C, 0x70, 0x8E, 0x86, 0xF3, 0x37, 0x6D, 0x9D,
    0x3C, 0xEF, 0xD7, 0x71, 0x60, 0xBF, 0xE6, 0xCC, 0x92, 0x3E, 0xD8, 0x3E, 0x44, 0x1F, 0x39, 0xDC,
    0x33, 0xB8, 0xBE, 0x0E, 0xEE, 0xC6, 0xA0, 0x62, 0xCF, 0xF1, 0xE4, 0x0C, 0x3F, 0x03, 0xF4, 0x0B,
    0x26, 0x18, 0xC9, 0xB0, 0x38, 0x76, 0xDE, 0xB4, 0x9A, 0xFF, 0x04, 0x1F, 0x86, 0x3D, 0x65, 0xE4,
    0xD4, 0x50, 0xBB, 0xFF, 0xAE, 0xF2, 0x7F, 0xD4, 0x7E, 0x34, 0x6A, 0x2F, 0xC5, 0x94, 0x51, 0x8A,
    0xC5, 0x30, 0x08, 0x45, 0x05, 0x17, 0x90, 0x0D, 0x15, 0xDC, 0x7A, 0xA0, 0x0B, 0x98, 0xAD, 0x08,
    0xF3, 0x2B, 0xDC, 0xB9, 0x9A, 0xA4, 0xED, 0x83, 0xF9, 0x9B, 0x4E, 0xDB, 0x92, 0xFB, 0x68, 0x5E,
    0x34, 0x39, 0x6A, 0x14, 0x85, 0x88, 0x4C, 0xE9, 0x22, 0xAD, 0xE4, 0xAB, 0xC4, 0x45, 0x6C, 0x4F,
    0xD1, 0x92, 0x10, 0x81, 0x50, 0x62, 0x08, 0x68, 0x80, 0x21, 0xBD, 0x95, 0xB8, 0xB4, 0xDE, 0xBA,
    0x34, 0xB7, 0x29, 0xEA, 0x46, 0xB7, 0x91, 0xCE, 0x69, 0x52, 0x4F, 0x5C, 0x45, 0x11, 0xDC, 0x10,
    0x62, 0xB4, 0x36, 0xBE, 0xA0, 0xD9, 0xC6, 0xC1, 0x3F, 0x9C, 0x7E, 0x9D, 0xF3, 0x8E, 0x68, 0x9E,
    0xF3, 0x5C, 0xC5, 0xC1, 0x6F, 0x20, 0x0C, 0xDF, 0xD1, 0xB0, 0x0F, 0x9F, 0xDC, 0xE7, 0x18, 0x27,
    0x8C, 0xB4, 0x43, 0x36, 0xB9, 0x3E, 0x8F, 0xF1, 0xE6, 0x79, 0x40, 0x47, 0xE9, 0x4C, 0xD3, 0x7F,
    0xBF, 0x9C, 0xC1, 0x17, 0xB7, 0x98, 0x14, 0xF7, 0x58, 0xC0, 0x23, 0x69, 0xC6, 0x22, 0x87, 0xB7,
    0x9A, 0x67, 0x84, 0xF8, 0xCB, 0x35, 0xC5, 0x8D, 0xC5, 0x9D, 0xDE, 0x69, 0x3B, 0x83, 0x89, 0x58,
    0x38, 0x45, 0x92, 0x5B, 0x3E, 0x0B, 0x9B, 0x49, 0x5B, 0x10, 0x86, 0x02, 0xCF, 0xE4, 0xAA, 0xC7,
    0x4D, 0xC0, 0xFA, 0x51, 0x38, 0x02, 0x7B, 0x1B, 0xD8, 0x66, 0xFC, 0x13, 0x98, 0x1B, 0xFC, 0x0F,
    0x70, 0x8B, 0xA3, 0x80, 0x53, 0xAA, 0x9C, 0x5E, 0xA5, 0x4E, 0xCF, 0xE8, 0x97, 0x54, 0x17, 0xB9,
    0x14, 0x39, 0xE6, 0x59, 0xFE, 0x7C, 0xA7, 0xB3, 0x94, 0x3C, 0x8F, 0x9B, 0xAE, 0x37, 0x3B, 0xEE,
    0xCD, 0x09, 0xF8, 0x5A, 0x95, 0x73, 0xAD, 0x0D, 0xC4, 0xD9, 0x7D, 0xD6, 0x35, 0xD7, 0xC8, 0x10,
    0x6C, 0x37, 0x25, 0xFF, 0x00, 0x1A, 0x18, 0xBB, 0xBF, 0xD2, 0xC1, 0x7E, 0xE9, 0xD8, 0x4C, 0xD8,
    0x28, 0xC3, 0x38, 0x33, 0x7E, 0x53, 0xD6, 0x3F, 0x3B, 0xF9, 0x68, 0x97, 0xB6, 0x2A, 0xBF, 0x80,
    0x1A, 0x7C, 0xE2, 0x2A, 0x1E, 0x0F, 0x86, 0x9E, 0x0D, 0x4E, 0xFB, 0x36, 0x2E, 0x7B, 0xB6, 0x5D,
    0xF8, 0x2D, 0x39, 0xFF, 0x01, 0xCD, 0x55, 0x5B, 0x6A, 0xC3, 0x40, 0x0C, 0x14, 0xF8, 0x00, 0x3A,
    0x4C, 0x7F, 0x0D, 0xBA, 0xBA, 0xC0, 0x07, 0xC8, 0x55, 0x04, 0xFD, 0x15, 0xA8, 0xA3, 0x87, 0x8D,
    0x21, 0x4D, 0x49, 0x9A, 0x26, 0x74, 0xC3, 0x28, 0xF6, 0xAE, 0x5E, 0x23, 0xAD, 0x12, 0x5A, 0x8C,
    0x88, 0x4A, 0x90, 0x03, 0x92, 0x8F, 0x1C, 0x25, 0x14, 0x07, 0x41, 0xB3, 0xEA, 0x69, 0x84, 0xCE,
    0x29, 0x5F, 0x4A, 0x40, 0x59, 0x36, 0x1B, 0x5B, 0x59, 0xE0, 0x26, 0xD2, 0x97, 0xB7, 0x08, 0x18,
    0x44, 0x0B, 0xE5, 0x12, 0x46, 0xAC, 0xAC, 0xC4, 0x26, 0x23, 0x16, 0x13, 0xB8, 0xF5, 0xA0, 0x31,
    0x22, 0x69, 0x2C, 0xBA, 0xC2, 0xCE, 0x0B, 0x14, 0x36, 0x79, 0xC0, 0x1C, 0xFE, 0x24, 0x41, 0xA2,
    0x01, 0x67, 0x94, 0x40, 0x5A, 0x88, 0xA1, 0x92, 0x30, 0xAE, 0x7D, 0xA7, 0xFC, 0x86, 0x4E, 0x84,
    0x63, 0xDF, 0x39, 0x36, 0x3F, 0x11, 0x21, 0xA6, 0x3D, 0xD6, 0xC7, 0x0D, 0xD6, 0xEF, 0xA5, 0x8E,
    0x77, 0x12, 0x4B, 0xDE, 0xCD, 0x68, 0x7B, 0x01, 0x7D, 0xB6, 0x64, 0xE9, 0x99, 0x6E, 0xBA, 0x5C,
    0xD3, 0xBC, 0xD6, 0x3F, 0xE8, 0xBC, 0x40, 0x17, 0xB8, 0x20, 0xCB, 0x6D, 0xE8, 0xBE, 0xE2, 0x06,
    0xDC, 0x64, 0xFA, 0x5E, 0xBA, 0xBD, 0xFC, 0x2C, 0x16, 0x95, 0x3A, 0x3E, 0xD3, 0xED, 0x9C, 0x7C,
    0xA7, 0xAC, 0xA2, 0x45, 0xD9, 0x56, 0x20, 0x6B, 0x81, 0x78, 0x86, 0x7D, 0x03, 0x39, 0xCB, 0x7D,
    0x68, 0x01, 0x78, 0x2F, 0xCA, 0x9F, 0x4D, 0xB9, 0x1A, 0xAC, 0x07, 0x22, 0xEA, 0xBC, 0x41, 0x49,
    0xE3, 0x1B, 0x3C, 0xA8, 0x53, 0x31, 0xA6, 0x13, 0x85, 0xC9, 0x99, 0x2B, 0x67, 0x06, 0x33, 0x36,
    0x34, 0xD2, 0xCE, 0x36, 0xBE, 0xFF, 0xEA, 0x64, 0x65, 0x50, 0x2F, 0xEE, 0xD2, 0x95, 0xED, 0x95,
    0xBF, 0x7D, 0x3A, 0x72, 0x56, 0xAB, 0x83, 0x7A, 0xD4, 0xE7, 0xC1, 0x5C, 0xF5, 0x2E, 0x3E, 0x3F,
    0xC4, 0x7B, 0x9A, 0x9B, 0x33, 0x5A, 0xC7, 0xB8, 0x52, 0xF0, 0xB1, 0xF9, 0x6F, 0x79, 0xDC, 0xD9,
    0x97, 0x8E, 0xB5, 0x64, 0xBE, 0x17, 0xFF, 0x3B, 0x0E, 0x47, 0x51, 0x00, 0x89, 0xBE, 0xAF, 0x9E,
    0x1E, 0xD6, 0xD7, 0xF5, 0x84, 0x72, 0xE8, 0x2A, 0x2E, 0xFA, 0x83, 0xC9, 0x14, 0xEF, 0x98, 0x2E,
    0xD7, 0x9C, 0x4C, 0x66, 0x1E, 0x30, 0x51, 0x98, 0x85, 0x03, 0x87, 0x6F, 0x8C, 0x24, 0x3E, 0xD0,
    0x2D, 0x5E, 0xCD, 0x69, 0xFE, 0x79, 0x8A, 0x13, 0x86, 0xFE, 0x2D, 0x9C, 0x64, 0x86, 0xB3, 0xEA,
    0x78, 0x15, 0xF3, 0xD9, 0x3E, 0x7D, 0x01, 0xC5, 0x55, 0x5B, 0x6E, 0xC4, 0x30, 0x08, 0x44, 0xE2,
    0x00, 0x3E, 0x4C, 0x7F, 0x57, 0xF2, 0xD5, 0x2D, 0xED, 0x01, 0x7A, 0x15, 0x0E, 0x80, 0x44, 0x67,
    0x70, 0x9C, 0x47, 0x9B, 0x68, 0x93, 0x6E, 0x95, 0xDA, 0x02, 0x6D, 0x6C, 0x0C, 0xCC, 0x80, 0xBD,
    0x22, 0x21, 0x22, 0xD1, 0x44, 0x4A, 0x97, 0x8A, 0xEF, 0x30, 0x11, 0x77, 0x51, 0x7B, 0x08, 0x47,
    0x44, 0xD8, 0x2C, 0xFC, 0xDE, 0x93, 0xC5, 0xA6, 0x9D, 0xB0, 0x31, 0x39, 0x11, 0x57, 0xC2, 0xA5,
    0x44, 0x50, 0x5A, 0x6D, 0xA5, 0x55, 0x29, 0xC6, 0xDD, 0xB5, 0x1F, 0x87, 0x19, 0xA5, 0x62, 0x1D,
    0x36, 0x46, 0x5B, 0x9E, 0xE1, 0x59, 0xF8, 0x15, 0x0D, 0xEC, 0xE0, 0xB7, 0x3E, 0xBD, 0xFB, 0xAC,
    0xED, 0x26, 0x7C, 0x05, 0x0B, 0x8C, 0x1F, 0xAB, 0xD8, 0xF6, 0xF7, 0x18, 0x37, 0x3E, 0x43, 0xC6,
    0xB8, 0x88, 0xC9, 0xCE, 0x61, 0x92, 0xB9, 0x5C, 0x29, 0xE4, 0xB2, 0x8E, 0xD8, 0x2E, 0x4B, 0xF0,
    0x77, 0xEB, 0xB6, 0x8D, 0x03, 0xC6, 0x9B, 0x9A, 0x36, 0x7E, 0x32, 0xE8, 0xD9, 0x19, 0x38, 0x59,
    0x38, 0x3B, 0xF9, 0x2F, 0x66, 0xEC, 0x0D, 0xAE, 0x3A, 0xE0, 0x01, 0xE2, 0x76, 0x70, 0x01, 0x00,
    0x2D, 0x19, 0x62, 0x95, 0x99, 0x3E, 0x0A, 0x01, 0x3A, 0x8A, 0x83, 0x17, 0xF5, 0x48, 0x25, 0xD9,
    0x01, 0xB4, 0x3A, 0x54, 0xB4, 0xCB, 0x13, 0x79, 0x36, 0xBD, 0xA4, 0xBF, 0xF4, 0x8C, 0x7B, 0x61,
    0x33, 0xAD, 0x1B, 0xC5, 0xA6, 0x5E, 0x48, 0x06, 0x89, 0x2C, 0x3F, 0x23, 0xFE, 0x94, 0x35, 0xC9,
    0x7A, 0x40, 0x32, 0x9C, 0xC9, 0xA4, 0xA4, 0xCC, 0xEA, 0x21, 0xEB, 0x51, 0xB7, 0x78, 0x1D, 0xC5,
    0x47, 0xE2, 0x8C, 0x3D, 0x41, 0xA5, 0x62, 0x37, 0x1C, 0xA8, 0x98, 0x14, 0x33, 0xEA, 0xA0, 0x91,
    0x13, 0xBD, 0x7C, 0xC7, 0x3B, 0x1A, 0xEB, 0x03, 0xA2, 0xD6, 0xF3, 0xDB, 0x6F, 0x2E, 0xAB, 0xD9,
    0xF6, 0x6C, 0x3F, 0xF5, 0xB5, 0x70, 0xED, 0xA0, 0xB9, 0xD2, 0x5B, 0x4D, 0x35, 0x55, 0x41, 0xF3,
    0x21, 0xCA, 0x5B, 0xFB, 0x1C, 0x74, 0xDF, 0x57, 0x5C, 0xF5, 0x09, 0xA5, 0x61, 0x01, 0x2F, 0xA1,
    0xF7, 0x1B, 0x45, 0x92, 0x16, 0xC0, 0x2D, 0x01, 0x23, 0x05, 0x12, 0x7F, 0x54, 0x68, 0xEE, 0xD1,
    0x66, 0xD8, 0x77, 0xC0, 0x9A, 0xA8, 0x67, 0x15, 0x75, 0x00, 0xFE, 0xA4, 0x52, 0xBB, 0xBB, 0xBA,
    0x49, 0x7B, 0x1D, 0xCF, 0x7E, 0x7B, 0xF1, 0x24, 0xFE, 0xA2, 0xC2, 0x09, 0xB8, 0xB7, 0x72, 0x1D,
    0x8A, 0x1B, 0xFF, 0x5B, 0xE6, 0xCB, 0x7F, 0x78, 0x97, 0x91, 0x7F, 0x01, 0xC5, 0x94, 0x51, 0x6A,
    0x03, 0x31, 0x0C, 0x44, 0x05, 0x3E, 0x80, 0x2F, 0x14, 0xD0, 0xD5, 0x0D, 0x7B, 0x80, 0x5C, 0xC5,
    0x90, 0x5F, 0x81, 0x3A, 0x33, 0x72, 0xB2, 0x49, 0x69, 0x4A, 0x4B, 0x96, 0x64, 0x61, 0x44, 0x5A,
    0x59, 0xF6, 0x3C, 0x69, 0xD7, 0x66, 0x7C, 0x7A, 0x84, 0x99, 0xE7, 0x44, 0xF0, 0x69, 0xEB, 0x49,
    0xA8, 0xE5, 0x40, 0x96, 0x89, 0xBE, 0x5D, 0x13, 0xFA, 0x33, 0x33, 0x91, 0xCC, 0x1C, 0x3D, 0x2D,
    0x27, 0x8A, 0x7A, 0xF8, 0xB0, 0x16, 0xA9, 0xC0, 0x42, 0x96, 0xFF, 0x12, 0xB8, 0x4E, 0x15, 0xAA,
    0xD5, 0x2E, 0xDA, 0x4F, 0x3B, 0x97, 0x17, 0xEB, 0x58, 0xD8, 0xB5, 0x55, 0xDB, 0xA2, 0x0E, 0xA7,
    0x3D, 0xE6, 0x60, 0xB8, 0xCD, 0xD3, 0x32, 0x1A, 0xF0, 0x94, 0xD4, 0xF0, 0xD1, 0xA7, 0x23, 0x83,
    0x8A, 0x89, 0x15, 0x71, 0x2F, 0xFE, 0x8F, 0x39, 0xAE, 0xE9, 0x72, 0x9E, 0xAA, 0x7D, 0x4E, 0xFA,
    0x66, 0xDC, 0x5B, 0xD7, 0xF7, 0x40, 0x5C, 0x8F, 0x85, 0xEB, 0xBB, 0xA9, 0x42, 0x1E, 0x42, 0x86,
    0x1D, 0xFC, 0x22, 0xDE, 0xCF, 0x42, 0x8E, 0x6B, 0xAE, 0xEB, 0x0B, 0x99, 0x60, 0x63, 0x57, 0x05,
    0xDF, 0x10, 0xBD, 0xB1, 0xBD, 0x0C, 0xA6, 0xD0, 0x27, 0xEC, 0x2D, 0xA3, 0xD5, 0x82, 0x80, 0x2D,
    0xB0, 0xF4, 0xE9, 0x57, 0x7A, 0x06, 0x7A, 0x7C, 0x12, 0x72, 0x05, 0xD0, 0x5B, 0xF5, 0x01, 0x13,
    0xE0, 0x2E, 0xDF, 0x5B, 0xD0, 0x82, 0x87, 0xA2, 0x43, 0x83, 0x52, 0xAD, 0x5C, 0x64, 0xCE, 0x97,
    0x26, 0xDC, 0x8B, 0xA6, 0xD1, 0xEF, 0xE7, 0xF0, 0x5A, 0x01, 0xE1, 0x40, 0xE9, 0x38, 0xBC, 0x56,
    0x2F, 0xB0, 0x86, 0xDA, 0x38, 0x51, 0x92, 0x9D, 0x3E, 0x33, 0x42, 0x64, 0xF4, 0x81, 0x72, 0x8C,
    0xED, 0xE0, 0x31, 0x9A, 0xF1, 0xF3, 0x8C, 0xCB, 0xC0, 0x51, 0x97, 0x69, 0x27, 0xDF, 0x3E, 0x82,
    0x68, 0xBC, 0x93, 0xF4, 0x41, 0xCD, 0x7E, 0x8E, 0x23, 0xF1, 0x38, 0x3C, 0xDB, 0xE7, 0xF6, 0x7E,
    0x32, 0x3D, 0xF1, 0x18, 0xD8, 0x74, 0xE9, 0x48, 0xD2, 0x87, 0xEB, 0x27, 0xEA, 0x92, 0xFB, 0xB7,
    0xB2, 0xA4, 0x5D, 0x01, 0x83, 0x6B, 0x35, 0xA3, 0x15, 0xD1, 0x3A, 0x63, 0xDE, 0x14, 0x7A, 0x13,
    0xFF, 0x22, 0x97, 0x70, 0x43, 0x0F, 0xF6, 0xDD, 0xE5, 0x5B, 0xD7, 0x23, 0x4E, 0xBB, 0x53, 0x5F,
    0x57, 0xB3, 0xDA, 0x32, 0xD7, 0xB0, 0x6E, 0x0D, 0xF4, 0x57, 0x24, 0x9E, 0x21, 0x1E, 0xBD, 0x65,
    0xE4, 0xF9, 0x02, 0xC5, 0x54, 0x01, 0x6A, 0x03, 0x31, 0x0C, 0x13, 0xE4, 0x01, 0xF9, 0xD0, 0x81,
    0xBF, 0x7E, 0xB0, 0x07, 0xDC, 0x57, 0xF2, 0x00, 0x83, 0x27, 0xD9, 0x49, 0x5B, 0x28, 0x8C, 0x8D,
    0x65, 0xBB, 0x14, 0xE9, 0x5A, 0xA7, 0x89, 0x25, 0x3B, 0x39, 0x04, 0x80, 0x38, 0x81, 0x8B, 0xE8,
    0x84, 0xE1, 0x31, 0x9C, 0x81, 0xEF, 0xC1, 0x12, 0xC1, 0x8D, 0x2C, 0x0A, 0x3D, 0xB4, 0x59, 0xD4,
    0x36, 0x03, 0x6D, 0xF0, 0x91, 0x94, 0x01, 0xA0, 0x39, 0xD9, 0x86, 0x08, 0x7B, 0x28, 0x94, 0xCE,
    0xCE, 0x46, 0x45, 0x11, 0xA3, 0x08, 0x21, 0x05, 0x7D, 0xC8, 0xDA, 0x51, 0x2A, 0x33, 0xFB, 0x51,
    0x02, 0xBA, 0xFF, 0xCA, 0x5E, 0xBA, 0x63, 0xBD, 0x86, 0x0A, 0xE7, 0x45, 0xFF, 0x6F, 0x8F, 0x55,
    0x65, 0x3A, 0x5A, 0x72, 0xEC, 0xB5, 0xA7, 0xB2, 0xC1, 0x7C, 0xB5, 0x10, 0x77, 0xB6, 0xF0, 0x79,
    0x4A, 0x8F, 0x92, 0xBC, 0xD1, 0x27, 0x9A, 0x4E, 0xEA, 0x75, 0x8E, 0xC6, 0x54, 0xDE, 0x3E, 0xE2,
    0x1E, 0x8B, 0x74, 0xD3, 0xFD, 0x38, 0x7A, 0xB8, 0x5B, 0xA6, 0xDC, 0x65, 0x4F, 0x9D, 0x9B, 0x7E,
    0x6E, 0x72, 0xA6, 0xA1, 0x22, 0xD7, 0x91, 0x4A, 0x4A, 0x77, 0xA9, 0x64, 0xAB, 0xD3, 0x7C, 0x7D,
    0x2D, 0xF4, 0x47, 0xCA, 0xF6, 0xAC, 0xC0, 0x1A, 0xA6, 0x29, 0xE3, 0x29, 0x3F, 0xF9, 0x0F, 0x4B,
    0xD2, 0x35, 0xA2, 0x5E, 0xE7, 0x03, 0xA1, 0x25, 0xA6, 0xC5, 0x96, 0x6F, 0x46, 0x1D, 0xBE, 0x26,
    0x33, 0x2D, 0xDE, 0x8B, 0xF9, 0x35, 0xC5, 0x8B, 0x9C, 0xA9, 0x12, 0x15, 0x76, 0xA5, 0x64, 0xC9,
    0x86, 0x20, 0x21, 0xFC, 0xE4, 0xB7, 0x8C, 0x70, 0x16, 0x0B, 0xE1, 0x75, 0x15, 0x13, 0x63, 0xBD,
    0xD2, 0x28, 0x66, 0x81, 0x61, 0xDD, 0x58, 0xCE, 0x69, 0x97, 0xEA, 0x43, 0x92, 0xDA, 0xD2, 0x92,
    0xB4, 0xF4, 0x1A, 0x93, 0xA6, 0xA1, 0xE5, 0x0A, 0x3F, 0x72, 0x85, 0xB7, 0xD8, 0x1E, 0x33, 0xD7,
    0x59, 0xD0, 0x0F, 0x5F, 0xB5, 0x6E, 0xB6, 0xFA, 0x7A, 0x57, 0x03, 0xA5, 0x51, 0xC0, 0x44, 0x9D,
    0xA6, 0x3F, 0x69, 0xE2, 0x27, 0x95, 0x8E, 0xD1, 0x0D, 0x44, 0x21, 0x08, 0x04, 0x27, 0xA1, 0x00,
    0x4A, 0xA2, 0x75, 0x92, 0x2B, 0xC0, 0x56, 0x28, 0xC0, 0x84, 0x5B, 0xBC, 0xF8, 0xDE, 0xF7, 0x69,
    0x76, 0x34, 0xC2, 0xCA, 0x02, 0x05, 0x51, 0x83, 0x16, 0x76, 0x27, 0xEF, 0x0A, 0xF0, 0x8A, 0xC4,
    0xD3, 0x8B, 0x38, 0xC0, 0x36, 0xAD, 0x3E, 0x1D, 0xB4, 0x8D, 0xCD, 0x07, 0x4B, 0x36, 0x1F, 0xAF,
    0xA9, 0xF8, 0x03, 0xFB, 0x1F, 0x58, 0xD2, 0x2B, 0xAD, 0x1B, 0xFB, 0xF4, 0x13, 0x60, 0x26, 0xCD,
    0xC8, 0x48, 0xAB, 0xD1, 0x04, 0xD1, 0x3E, 0xB7, 0xF3, 0xA2, 0x2A, 0x57, 0xAD, 0x8F, 0xE2, 0xAA,
    0x26, 0xBA, 0x94, 0x0A, 0x73, 0x05, 0x5F, 0xAD, 0x52, 0x51, 0xAA, 0xC4, 0x30, 0x08, 0x1C, 0xF0,
    0x00, 0x5E, 0x28, 0xE0, 0xD5, 0x85, 0x1E, 0xA0, 0x57, 0x11, 0xF6, 0x77, 0xC0, 0xA7, 0x49, 0xBA,
    0x2C, 0xFB, 0x96, 0x2E, 0x3C, 0x9E, 0xC6, 0x4E, 0xC8, 0x4C, 0x8C, 0x8D, 0x89, 0xF8, 0x60, 0xC0,
    0x18, 0x46, 0x0D, 0x0D, 0xA3, 0x51, 0xFC, 0xCE, 0x81, 0x8A, 0x48, 0x06, 0x1F, 0xF1, 0xF0, 0xC0,
    0x9D, 0x0B, 0xD4, 0x0D, 0x96, 0xA6, 0x7A, 0xCA, 0x09, 0xBD, 0x73, 0x4B, 0xAF, 0x91, 0x6D, 0x7C,
    0x8B, 0x32, 0x2C, 0xF0, 0x0D, 0x6A, 0x63, 0x13, 0x69, 0x63, 0xC4, 0x06, 0x55, 0x1F, 0x8A, 0x1E,
    0x06, 0x0E, 0xA4, 0xF9, 0xDB, 0xB0, 0x8B, 0x8D, 0x17, 0xF6, 0x75, 0x11, 0x86, 0x5F, 0xB1, 0x8F,
    0x9D, 0xF1, 0x89, 0xFF, 0x4B, 0x7C, 0xCB, 0xF9, 0x8D, 0xB7, 0x6A, 0xC0, 0xF2, 0x9A, 0xD9, 0xC1,
    0x2B, 0x34, 0x01, 0xB6, 0x24, 0x5D, 0xAA, 0xAB, 0xE8, 0xAB, 0x6A, 0xA4, 0xBA, 0x7A, 0xA3, 0x44,
    0x67, 0x68, 0xCC, 0x85, 0xDE, 0xF2, 0xBA, 0x8C, 0xA3, 0x65, 0xB5, 0xEF, 0x9C, 0xA8, 0x39, 0xE5,
    0xD8, 0xF2, 0x56, 0x28, 0x91, 0xC5, 0xD1, 0x52, 0x92, 0x45, 0x64, 0x1E, 0xD5, 0x16, 0x0D, 0xEA,
    0x51, 0x22, 0x75, 0xEA, 0xD9, 0xBD, 0xC6, 0x42, 0x62, 0xAD, 0xD7, 0xA6, 0xD6, 0x55, 0x31, 0x73,
    0x5F, 0x65, 0x9D, 0x79, 0xCC, 0x2C, 0x49, 0x36, 0x18, 0x7B, 0x46, 0x66, 0x48, 0x4A, 0xBD, 0xC1,
    0xEA, 0x89, 0x57, 0xBB, 0x51, 0xCF, 0xA1, 0x6A, 0x17, 0x4A, 0x9D, 0xB2, 0x66, 0xBD, 0x58, 0x07,
    0x3C, 0x55, 0x5D, 0xAF, 0xEF, 0x3B, 0x99, 0x7F, 0x2D, 0xF3, 0xD3, 0x3F, 0xA0, 0xFF, 0x49, 0x62,
    0x9D, 0x9C, 0xB8, 0x6C, 0xD5, 0x61, 0x5D, 0x56, 0xB9, 0xF8, 0x0F, 0xD5, 0x90, 0xC1, 0x09, 0x03,
    0x31, 0x0C, 0x04, 0x17, 0x54, 0x80, 0x5A, 0x49, 0x01, 0x01, 0xB5, 0x2E, 0x48, 0x01, 0x69, 0x45,
    0x70, 0x5F, 0xC1, 0x66, 0x75, 0xBE, 0x5C, 0x2E, 0x9F, 0xFC, 0x83, 0x07, 0x63, 0x5B, 0xF6, 0x58,
    0x92, 0x37, 0x82, 0xE8, 0xC8, 0x81, 0x59, 0x5B, 0x6D, 0x5B, 0xF1, 0x91, 0xB4, 0xA4, 0xA7, 0x42,
    0xDE, 0x40, 0x00, 0x1C, 0x4C, 0x5B, 0x11, 0x88, 0xD0, 0x13, 0x90, 0x29, 0x26, 0x1A, 0x23, 0x11,
    0x77, 0x40, 0xD7, 0xD9, 0x0A, 0x81, 0x91, 0xF0, 0x41, 0x66, 0x6D, 0xA3, 0x47, 0x35, 0xD7, 0x74,
    0x72, 0xDE, 0xD1, 0xFA, 0xCD, 0xFA, 0xEB, 0xE3, 0x5C, 0xAE, 0x82, 0x2D, 0x0E, 0xD9, 0xCE, 0xFC,
    0x95, 0xF2, 0x0C, 0xCF, 0x74, 0x0E, 0xE1, 0x15, 0x56, 0x33, 0xB3, 0xE6, 0x64, 0xD5, 0xE5, 0x28,
    0xCF, 0xDA, 0xFD, 0xD2, 0xEA, 0xD5, 0x9E, 0x0F, 0xAE, 0xF9, 0xFC, 0xAE, 0xDD, 0xCA, 0xCA, 0x8B,
    0x1A, 0xF6, 0x35, 0xBC, 0x83, 0x1D, 0xF2, 0x4B, 0xA6, 0x75, 0xC9, 0x23, 0x2B, 0xB9, 0x9C, 0x77,
    0x17, 0x53, 0x85, 0xF5, 0x34, 0x4D, 0x9F, 0xDE, 0x8E, 0x1A, 0x95, 0xEA, 0x5F, 0xF6, 0x33, 0x76,
    0xFF, 0x29, 0xBF, 0x34, 0xF3, 0x48, 0xE6, 0x05, 0xA5, 0x91, 0xDB, 0xA9, 0x04, 0x31, 0x0C, 0x43,
    0x05, 0x2E, 0x20, 0x0D, 0x2D, 0xA4, 0x75, 0xC3, 0x36, 0xE4, 0x02, 0x02, 0x5A, 0xCB, 0x79, 0xCD,
    0xE5, 0xB2, 0x5F, 0x3B, 0x1F, 0x87, 0x44, 0x63, 0xF9, 0x15, 0x72, 0x58, 0x90, 0x2C, 0xBC, 0x83,
    0x68, 0x89, 0xFE, 0x33, 0x90, 0xF9, 0x3A, 0x59, 0x70, 0x01, 0x00, 0x07, 0xD0, 0x74, 0x92, 0x86,
    0xEE, 0x2D, 0x40, 0xD8, 0xB0, 0x31, 0x81, 0x41, 0xE9, 0x17, 0x16, 0x32, 0xC9, 0x70, 0x51, 0x71,
    0x90, 0xA3, 0xBC, 0x33, 0x4B, 0xE5, 0xB3, 0x5D, 0xC3, 0xD6, 0xAD, 0x4E, 0x54, 0x16, 0xCA, 0xCB,
    0x51, 0xE8, 0x07, 0x57, 0xAB, 0x10, 0x8B, 0xC6, 0x63, 0x8B, 0x44, 0x56, 0xAA, 0x0E, 0xBE, 0x22,
    0xEB, 0xBA, 0xDA, 0x8A, 0x69, 0xAB, 0x71, 0x9A, 0x6F, 0xA8, 0x99, 0xAA, 0xEB, 0x17, 0xC0, 0x9C,
    0xE8, 0xA9, 0x35, 0xA9, 0x89, 0xD7, 0xF2, 0x86, 0x51, 0x5B, 0x5A, 0x6D, 0x64, 0x8D, 0xDA, 0xD7,
    0xF9, 0x52, 0x76, 0xC5, 0xFF, 0xD1, 0x54, 0x3B, 0x57, 0xB1, 0x72, 0x42, 0xEE, 0xEE, 0x53, 0xD5,
    0xC2, 0xAA, 0x9B, 0x9E, 0x97, 0xA6, 0x99, 0x6A, 0x4D, 0x7E, 0x16, 0xA4, 0x13, 0xC3, 0xD4, 0xBF,
    0x5E, 0x22, 0xF6, 0x73, 0x3C, 0xB0, 0xFE, 0xEE, 0xE0, 0xE5, 0x55, 0xE2, 0x99, 0xFD, 0xFF, 0x13,
    0x3D, 0xF0, 0x01, 0xA5, 0x54, 0x5B, 0x6A, 0x03, 0x31, 0x0C, 0x14, 0xF8, 0xB7, 0xE0, 0xAB, 0xE4,
    0x00, 0x0B, 0xBA, 0xBA, 0x61, 0x2F, 0x64, 0xC8, 0xAF, 0x40, 0x9D, 0x19, 0x79, 0x37, 0x9B, 0xB4,
    0x85, 0x85, 0x86, 0x54, 0x34, 0xB6, 0x1E, 0x33, 0x23, 0xC9, 0x66, 0x39, 0xCC, 0xAC, 0x25, 0x8C,
    0xF5, 0xA0, 0xF5, 0x49, 0xFB, 0xF3, 0x38, 0xF1, 0x19, 0x79, 0xB1, 0xE5, 0x58, 0xB7, 0xE5, 0x59,
    0x51, 0xF6, 0xE7, 0xC5, 0x83, 0x26, 0x8E, 0xD3, 0xCE, 0x43, 0x4F, 0x38, 0x67, 0x06, 0x8E, 0x32,
    0xAD, 0xCF, 0x40, 0xDE, 0x11, 0x3E, 0xD3, 0x02, 0x3F, 0x2C, 0x5A, 0x4C, 0x44, 0xC4, 0x80, 0xD9,
    0x2A, 0xF6, 0x8E, 0x71, 0x95, 0xEB, 0xC2, 0xD1, 0xA2, 0x10, 0xD8, 0x2F, 0x17, 0x22, 0x65, 0x57,
    0x52, 0x1F, 0xAC, 0xCB, 0xB3, 0xA2, 0xF2, 0x95, 0xED, 0x7A, 0x7C, 0x0F, 0x93, 0x08, 0x88, 0x8A,
    0x48, 0x89, 0x9E, 0x88, 0x8A, 0xB2, 0xC8, 0x4B, 0x86, 0x12, 0x44, 0xD2, 0x14, 0x8E, 0x38, 0x85,
    0x03, 0xC4, 0x42, 0xC7, 0xBA, 0x80, 0x47, 0x10, 0x90, 0x9A, 0x88, 0xE8, 0x9E, 0x15, 0xE0, 0x43,
    0xC8, 0x91, 0x5D, 0x84, 0x22, 0xDF, 0x3E, 0x6A, 0x4D, 0x0F, 0xB9, 0xF8, 0x54, 0x00, 0x62, 0xF1,
    0xE5, 0xBF, 0xB8, 0xE4, 0x05, 0xFE, 0xE8, 0x86, 0x13, 0xC9, 0x91, 0x7B, 0x49, 0xC7, 0xCF, 0x3C,
    0x14, 0xE8, 0x2A, 0xA5, 0xB2, 0xC0, 0xDB, 0x88, 0xBC, 0xA3, 0x96, 0xF9, 0x33, 0x7C, 0xE4, 0x0E,
    0x72, 0xD9, 0x40, 0x13, 0x5F, 0x8B, 0xD9, 0xD8, 0x3B, 0x85, 0x9D, 0x66, 0xF0, 0x8C, 0x17, 0x74,
    0x81, 0x1C, 0x0D, 0x90, 0x7C, 0xA7, 0x1C, 0xCF, 0x7B, 0x72, 0xC0, 0x63, 0x2E, 0x7A, 0xA1, 0x11,
    0xA2, 0x0A, 0xF0, 0x40, 0xB4, 0x21, 0x8D, 0x91, 0x62, 0x20, 0x24, 0x40, 0x82, 0x7C, 0x80, 0x2F,
    0x38, 0x64, 0x18, 0xA2, 0xFC, 0x32, 0xCE, 0x12, 0xD3, 0x66, 0xF2, 0xCF, 0x55, 0x8E, 0x94, 0x5C,
    0x65, 0xE1, 0xE6, 0x70, 0x77, 0x84, 0x39, 0xC2, 0x9D, 0x92, 0x53, 0x14, 0xA4, 0x25, 0x65, 0x3A,
    0x6D, 0xDB, 0x6A, 0xCA, 0x56, 0x83, 0xB1, 0xF1, 0x9C, 0xF7, 0xF4, 0xA3, 0x3F, 0xE3, 0x14, 0xCF,
    0x3C, 0xCC, 0x27, 0x74, 0xAE, 0x3A, 0xBE, 0x6A, 0x76, 0xD5, 0xB5, 0x07, 0x07, 0x9B, 0xD8, 0x0A,
    0x23, 0xB1, 0x02, 0x33, 0xB1, 0x93, 0x03, 0xB9, 0xB0, 0x45, 0xB9, 0x38, 0x6A, 0x5D, 0x16, 0x6F,
    0x6A, 0xBF, 0x66, 0x15, 0xC5, 0x92, 0x1D, 0x73, 0x68, 0x15, 0x7D, 0x47, 0x44, 0x99, 0x54, 0x6F,
    0xC7, 0x6A, 0x30, 0x03, 0xBC, 0x9A, 0xA5, 0xD2, 0x08, 0x63, 0xF8, 0x28, 0x83, 0xFD, 0x63, 0x5F,
    0xFA, 0xC0, 0x64, 0xB9, 0x76, 0x43, 0xA5, 0xA4, 0x75, 0x8D, 0x7C, 0x4D, 0xFF, 0x19, 0x59, 0x3B,
    0x4B, 0xA3, 0xA4, 0xFE, 0x39, 0xF5, 0xCE, 0xA9, 0x57, 0xB2, 0xB5, 0x6B, 0x72, 0x56, 0x7B, 0xC7,
    0x31, 0x48, 0xF3, 0x58, 0x24, 0x3F, 0xE6, 0x5C, 0x85, 0xE6, 0x7A, 0x72, 0xC6, 0xB9, 0x9B, 0x44,
    0x05, 0x7C, 0x34, 0x26, 0xF3, 0x38, 0x81, 0xDF, 0x31, 0x4D, 0xDB, 0x3B, 0x2A, 0xF7, 0xC1, 0x6D,
    0x65, 0xA6, 0xF8, 0x40, 0xDA, 0xB8, 0x9F, 0x8D, 0x98, 0xDB, 0xFD, 0xA7, 0xE6, 0xBE, 0x51, 0xD2,
    0x4A, 0x3F, 0x2D, 0xDF, 0x11, 0xAC, 0xF1, 0x16, 0xED, 0x02, 0x29, 0xFA, 0xA3, 0xB4, 0x5F, 0x8D,
    0x6E, 0xFF, 0x30, 0x59, 0xBB, 0x3A, 0x6A, 0x06, 0xEB, 0x75, 0x7B, 0x55, 0xAB, 0xCF, 0x3D, 0x25,
    0x1F, 0x47, 0x03, 0xD4, 0x8A, 0xFE, 0xA3, 0x47, 0x2B, 0xAF, 0xDA, 0xA8, 0x86, 0x2E, 0xFA, 0xF8,
    0x1D, 0xBC, 0x09, 0xFA, 0x84, 0x64, 0x27, 0xAF, 0x32, 0x7E, 0x5E, 0xC8, 0x8F, 0x71, 0xB1, 0x50,
    0x31, 0x86, 0xB5, 0x6C, 0xD2, 0x64, 0xE3, 0xC3, 0xB6, 0x73, 0xF7, 0x9F, 0x65, 0x74, 0xB6, 0x72,
    0xCF, 0xD3, 0x59, 0xBC, 0xDA, 0xE5, 0xB5, 0xF7, 0x1A, 0x5D, 0xA9, 0xCC, 0x85, 0xE2, 0x0B, 0x39,
    0x8F, 0xE7, 0x52, 0x6F, 0x27, 0xD6, 0xA4, 0xAF, 0x2F, 0x6A, 0xC0, 0x6A, 0x15, 0xE8, 0x79, 0xC7,
    0x4A, 0xDB, 0x8B, 0xFD, 0x06, 0xBD, 0x92, 0xDB, 0x6D, 0x44, 0x31, 0x08, 0x44, 0x91, 0x5C, 0x00,
    0x0D, 0x45, 0xA2, 0x75, 0x4B, 0x29, 0xE0, 0xB6, 0x42, 0x01, 0x48, 0x93, 0x19, 0x6C, 0xEB, 0x3A,
    0x51, 0xF2, 0x1B, 0xAF, 0x39, 0xBB, 0x36, 0x8F, 0xC5, 0x80, 0x99, 0x99, 0x17, 0x05, 0x66, 0x03,
    0xB9, 0x0E, 0x83, 0x62, 0xB1, 0x04, 0xCF, 0x74, 0x60, 0x46, 0x52, 0x2C, 0x66, 0x99, 0xFF, 0x2A,
    0xD4, 0x51, 0x0B, 0xC6, 0xA9, 0x15, 0xA7, 0x63, 0x0C, 0x1C, 0x38, 0x26, 0xF1, 0x10, 0xD1, 0x70,
    0x9A, 0xC4, 0x20, 0x20, 0xC3, 0xE2, 0x67, 0x34, 0xD2, 0x20, 0x84, 0xD1, 0x20, 0xA6, 0x4F, 0x85,
    0x6E, 0xD0, 0x3B, 0x89, 0x91, 0xE0, 0xAA, 0xEF, 0x98, 0x2F, 0x46, 0xD2, 0xFB, 0x7F, 0x11, 0x2B,
    0x8B, 0x96, 0xD0, 0xDB, 0xF4, 0xD2, 0x5D, 0x81, 0xAE, 0x82, 0xDE, 0x7F, 0x14, 0x12, 0xAC, 0x3B,
    0xE9, 0x64, 0xE7, 0x47, 0x75, 0xC5, 0xD9, 0xEF, 0x69, 0x39, 0x8D, 0x41, 0x6D, 0xC8, 0xB8, 0xDB,
    0xF3, 0x13, 0x75, 0xE3, 0x43, 0x80, 0xD0, 0x75, 0x7E, 0xE1, 0x9F, 0xC2, 0x93, 0xBB, 0x1F, 0x8D,
    0x81, 0x17, 0xA7, 0x65, 0xF6, 0xA2, 0x17, 0x5B, 0x18, 0x60, 0x96, 0xA9, 0xBC, 0x1E, 0x80, 0x23,
    0x61, 0x48, 0x27, 0x83, 0x65, 0x3F, 0xEC, 0x1B, 0xAD, 0x5C, 0x96, 0xCB, 0x4B, 0x8F, 0xE5, 0x64,
    0x85, 0x3A, 0xFB, 0x6E, 0x74, 0xA2, 0xBF, 0xED, 0xD1, 0xA3, 0x70, 0x6F, 0xBA, 0x32, 0x3D, 0x7A,
    0x30, 0xF4, 0xC9, 0x88, 0x3F, 0x3D, 0x39, 0x1B, 0xE5, 0x2C, 0x14, 0x25, 0x30, 0x8B, 0x83, 0x5C,
    0x4C, 0xFF, 0xAF, 0x7B, 0x33, 0x75, 0x66, 0xC9, 0x2E, 0xB0, 0xD2, 0xCD, 0xEE, 0x82, 0xEF, 0x91,
    0xBF, 0xEF, 0x6B, 0x55, 0x73, 0xBB, 0xD8, 0x22, 0x93, 0x71, 0xE4, 0x60, 0x26, 0xEA, 0x8F, 0xBA,
    0xD3, 0x3D, 0xD5, 0x37, 0xCF, 0xBA, 0x97, 0xBE, 0xED, 0xF8, 0x87, 0x71, 0xC5, 0xD3, 0x85, 0xCA,
    0xBC, 0x4C, 0xD4, 0x9C, 0x3E, 0x65, 0x8F, 0x82, 0xFA, 0x1C, 0x2A, 0x59, 0xB5, 0x5E, 0x1A, 0xD9,
    0xDF, 0xFE, 0x5F, 0xB5, 0x94, 0x4B, 0x6A, 0x03, 0x31, 0x0C, 0x86, 0x05, 0xDE, 0x06, 0x74, 0x95,
    0x42, 0xB7, 0x01, 0x5D, 0x5D, 0xD0, 0x03, 0xE4, 0x2A, 0x82, 0x6C, 0x05, 0xAA, 0x1E, 0x76, 0x32,
    0x9E, 0x47, 0x1A, 0x26, 0xD4, 0x19, 0xFC, 0x4D, 0xC6, 0xB6, 0xFC, 0x5B, 0x96, 0x74, 0x01, 0x20,
    0x00, 0x63, 0x20, 0x81, 0xA6, 0xFE, 0xE6, 0xFF, 0x39, 0x1E, 0x04, 0x6F, 0x68, 0x40, 0xC6, 0x8A,
    0x2C, 0xCD, 0x1F, 0xF1, 0xDE, 0xDF, 0xC9, 0x00, 0x15, 0x2C, 0x9B, 0xCE, 0x80, 0xD1, 0x9A, 0x9C,
    0x84, 0x5B, 0xE1, 0x3D, 0x7C, 0x62, 0x73, 0x81, 0x5D, 0xD5, 0xB4, 0x7F, 0x94, 0x56, 0xC7, 0x79,
    0x89, 0x90, 0x17, 0xD0, 0x2E, 0x9E, 0x73, 0xCC, 0x24, 0x81, 0xA9, 0x5A, 0x73, 0x92, 0x2F, 0xA0,
    0x02, 0xC2, 0x7B, 0xA6, 0x5F, 0x00, 0xC2, 0x7E, 0xA9, 0x16, 0x5A, 0x9E, 0x21, 0xBF, 0xA7, 0xA4,
    0xB8, 0xC8, 0x27, 0xFA, 0x3A, 0x2C, 0x90, 0x26, 0xBB, 0x57, 0x2D, 0xE5, 0xA2, 0x6A, 0x8C, 0x92,
    0xB8, 0xDC, 0x38, 0x96, 0x5F, 0x30, 0x93, 0x82, 0xCB, 0x8D, 0x61, 0x75, 0x0B, 0x1E, 0x26, 0x3E,
    0x41, 0xAE, 0x89, 0x68, 0xE7, 0x80, 0x25, 0x6F, 0x05, 0xCB, 0x9B, 0xA6, 0x19, 0xB5, 0x6A, 0x46,
    0x37, 0x65, 0x35, 0x65, 0xC6, 0xB1, 0x79, 0x4E, 0x1F, 0x75, 0x50, 0x6E, 0x20, 0xBB, 0xE6, 0xD3,
    0x5D, 0x54, 0xD7, 0xD9, 0x81, 0x26, 0x8F, 0xB0, 0xA6, 0x8A, 0x8C, 0x15, 0x4A, 0xD6, 0x3E, 0xFE,
    0x7B, 0x41, 0xBF, 0xF7, 0x83, 0x34, 0xF4, 0x76, 0xE9, 0xFE, 0x2D, 0x1F, 0x1B, 0x63, 0xC5, 0x09,
    0x3E, 0xA6, 0x2D, 0xD0, 0x72, 0xCA, 0x0A, 0xBB, 0xD7, 0x78, 0xB0, 0x6D, 0x8F, 0x3D, 0x82, 0x56,
    0xCE, 0x1C, 0x21, 0x1F, 0x01, 0x56, 0xF5, 0x25, 0xBE, 0x64, 0x99, 0xA1, 0x95, 0x24, 0xE3, 0x16,
    0x9B, 0xE1, 0x94, 0xB3, 0x63, 0xA3, 0x4D, 0x6E, 0x6A, 0x89, 0x59, 0x62, 0x32, 0x26, 0x03, 0x1E,
    0xC8, 0xDA, 0x16, 0x68, 0x09, 0x1B, 0x30, 0xC7, 0x8F, 0xF9, 0x2F, 0x60, 0x76, 0x77, 0xDC, 0xFD,
    0xAF, 0xE0, 0x8D, 0x8D, 0xC3, 0x0A, 0x13, 0x04, 0x5C, 0xF0, 0xB7, 0x60, 0xEC, 0x13, 0xEB, 0x52,
    0x60, 0x02, 0x13, 0x3E, 0x6D, 0xE0, 0x91, 0x65, 0x5F, 0xDB, 0xB8, 0x72, 0x8F, 0xF6, 0x68, 0x4F,
    0x37, 0xD1, 0x2D, 0x0F, 0x69, 0x99, 0x9C, 0x2D, 0x12, 0x2E, 0xF2, 0x2F, 0x1E, 0x88, 0x9A, 0x1B,
    0xEE, 0x81, 0x28, 0x1E, 0x16, 0xDB, 0x92, 0xFA, 0x70, 0x64, 0x63, 0xE5, 0x9F, 0xC0, 0x87, 0x69,
    0xF8, 0x0E, 0xFE, 0xAC, 0xA6, 0x75, 0x39, 0xBD, 0xA8, 0xF2, 0x40, 0x8C, 0x51, 0x01, 0xDF, 0xC2,
    0xBC, 0x7C, 0x61, 0x05, 0xF9, 0x5A, 0x38, 0x5F, 0xF5, 0xAB, 0x02, 0x3C, 0x7B, 0x7C, 0x16, 0xCD,
    0xD1, 0xFB, 0xF7, 0x36, 0xF7, 0x9B, 0x39, 0x4B, 0x0B, 0xB6, 0x69, 0x1A, 0xDF, 0xA7, 0xFE, 0x68,
    0xCE, 0x56, 0x4F, 0xF5, 0xBF, 0xB5, 0x95, 0x5D, 0x8A, 0xEB, 0x30, 0x0C, 0x85, 0x03, 0x7E, 0x2D,
    0x78, 0x2B, 0x77, 0x01, 0x05, 0x6D, 0xDD, 0xD0, 0x05, 0x74, 0x2B, 0x82, 0x79, 0x15, 0xE8, 0x4A,
    0xE7, 0x28, 0x69, 0x34, 0xCD, 0x94, 0x3B, 0x0F, 0x37, 0xB4, 0xF9, 0x1A, 0x3B, 0xAE, 0xA5, 0xA3,
    0x1F, 0x6F, 0xDB, 0x58, 0x5B, 0x5C, 0x3A, 0x35, 0x61, 0x84, 0x13, 0xF2, 0x04, 0x26, 0x71, 0xC3,
    0xA0, 0x78, 0x5E, 0xDA, 0x11, 0xEF, 0xAC, 0x6D, 0x76, 0xAC, 0x5C, 0x4F, 0xC8, 0x02, 0xA6, 0x26,
    0x7C, 0x00, 0x36, 0x2C, 0x30, 0x2C, 0xF6, 0xC2, 0x9A, 0x7B, 0x40, 0x16, 0x96, 0x16, 0x3C, 0x77,
    0x5B, 0xD3, 0x00, 0xD1, 0x6D, 0xB8, 0xE7, 0x54, 0x62, 0xA6, 0x8D, 0x39, 0x51, 0xD7, 0x20, 0x68,
    0xF5, 0x36, 0x39, 0x33, 0x9C, 0xA3, 0xBE, 0x38, 0x9A, 0xFF, 0x0A, 0x73, 0x17, 0xA1, 0xF5, 0x94,
    0x6E, 0xF3, 0xCD, 0x9F, 0x81, 0x37, 0x73, 0xEB, 0x13, 0xFE, 0x65, 0x5D, 0x03, 0x96, 0xB9, 0x15,
    0x28, 0x5D, 0x8E, 0xD3, 0xBE, 0xA1, 0x3B, 0x6E, 0x5C, 0x20, 0x2B, 0x7E, 0x07, 0x72, 0x28, 0x3C,
    0xC7, 0x50, 0x8A, 0x92, 0x88, 0x65, 0xF1, 0x2B, 0xD4, 0xCB, 0xF1, 0x71, 0x12, 0x5E, 0xE1, 0x67,
    0x8C, 0xA4, 0x88, 0xA9, 0x2E, 0xAC, 0xA7, 0x15, 0xF2, 0x20, 0x9C, 0x51, 0xA5, 0x2E, 0xA5, 0x52,
    0x3D, 0xD5, 0x9C, 0x3F, 0x9D, 0x3A, 0xE6, 0x63, 0x7C, 0xC5, 0xF3, 0x13, 0xEF, 0x2A, 0x0C, 0x0E,
    0xE3, 0x29, 0xF7, 0x9F, 0x23, 0x02, 0xDA, 0x7C, 0x28, 0xA7, 0x2B, 0x00, 0xF2, 0x02, 0x25, 0xEF,
    0x71, 0x38, 0x2F, 0xA9, 0x08, 0x4A, 0xA1, 0x59, 0x68, 0xE7, 0xA9, 0x6E, 0xFC, 0xC5, 0x58, 0x73,
    0x52, 0xB0, 0xCB, 0xDD, 0x1F, 0x54, 0x1E, 0x49, 0x6C, 0x77, 0x44, 0x44, 0x2B, 0x35, 0x76, 0xCC,
    0xF5, 0x03, 0x20, 0xED, 0x7C, 0x38, 0xE0, 0x80, 0xFB, 0x97, 0xA6, 0x2F, 0x36, 0x80, 0x88, 0x57,
    0xA4, 0xC6, 0x0C, 0x48, 0xF8, 0xF6, 0xC2, 0x1D, 0xCB, 0xD7, 0xF6, 0x86, 0xA7, 0x17, 0xB0, 0xC3,
    0x23, 0xE4, 0xC4, 0x8C, 0xD0, 0x92, 0x8E, 0x12, 0xCD, 0x98, 0x7D, 0xC6, 0x6C, 0x5A, 0xA7, 0x8C,
    0xB2, 0x23, 0x9F, 0xF6, 0xA4, 0x33, 0x44, 0x85, 0x39, 0x60, 0x50, 0xC7, 0xA0, 0xA2, 0x41, 0x23,
    0x83, 0x60, 0x06, 0x95, 0x0D, 0x25, 0x64, 0x88, 0x20, 0xEA, 0x2D, 0xEF, 0xD3, 0x15, 0xBB, 0x45,
    0xA9, 0x66, 0x95, 0x18, 0xB4, 0x32, 0xEC, 0x60, 0x7E, 0x84, 0x0C, 0x77, 0xA6, 0x0D, 0xEF, 0x25,
    0x79, 0x4F, 0x69, 0x25, 0xBC, 0x50, 0x29, 0x6A, 0x4C, 0x00, 0xC2, 0x74, 0xEE, 0x0E, 0x20, 0xEF,
    0x3F, 0xA1, 0x57, 0x92, 0xEF, 0x9E, 0xE7, 0x7E, 0xC4, 0xE8, 0xD0, 0x77, 0xC0, 0x58, 0x84, 0x28,
    0x31, 0xBD, 0x99, 0x7B, 0x60, 0x5C, 0x16, 0xFE, 0x2B, 0x6D, 0xFF, 0xEF, 0x75, 0xD9, 0x30, 0x5A,
    0xED, 0xAC, 0x5F, 0xF4, 0xB0, 0x0F, 0xBD, 0xE8, 0x50, 0xF0, 0x97, 0xFF, 0xF2, 0x0D, 0xC3, 0x2F,
    0x50, 0xBD, 0xE7, 0xF2, 0xD8, 0xA8, 0xAA, 0x7F, 0x13, 0x7E, 0x54, 0xAB, 0xD0, 0x37, 0xF4, 0xF3,
    0xA5, 0x83, 0x15, 0x2C, 0xD4, 0xA3, 0xE3, 0x68, 0x26, 0xE7, 0x66, 0x44, 0x7C, 0xC8, 0xA5, 0x53,
    0x2B, 0x3B, 0x75, 0xB4, 0xE6, 0xC3, 0xAB, 0x8D, 0x2F, 0xF4, 0xED, 0x61, 0x3C, 0xBE, 0x14, 0x8D,
    0x2A, 0x2D, 0x63, 0xB5, 0x65, 0xFD, 0xC6, 0x4B, 0x37, 0x51, 0x89, 0x9E, 0x91, 0x47, 0x61, 0x34,
    0x63, 0x61, 0xC2, 0xFA, 0x86, 0x63, 0xB1, 0x7A, 0x74, 0xF5, 0x2D, 0xA5, 0x84, 0xBD, 0x47, 0x6B,
    0x65, 0x05, 0xAC, 0x18, 0xD9, 0x83, 0xD0, 0x9C, 0xD5, 0xD1, 0x9C, 0x0D, 0xBD, 0x51, 0xF4, 0x46,
    0x5B, 0xFF, 0x02, 0x9D, 0x95, 0x5D, 0xAA, 0xE3, 0x30, 0x0C, 0x85, 0x0D, 0x7A, 0x0D, 0x68, 0x2B,
    0x17, 0xE6, 0xB5, 0xA0, 0xAD, 0x1B, 0xB2, 0x80, 0x6E, 0xC5, 0x90, 0x57, 0x81, 0x46, 0xE7, 0xC8,
    0x6E, 0x92, 0xF6, 0x0E, 0x03, 0x0D, 0xB4, 0x5F, 0xFE, 0x2C, 0xEB, 0xE7, 0x48, 0x69, 0xAD, 0x8D,
    0xC6, 0xC3, 0x0B, 0x81, 0x1F, 0x0F, 0x9F, 0x68, 0xF3, 0xB0, 0xBC, 0x18, 0xF5, 0xD0, 0x4F, 0xD4,
    0xCA, 0xFB, 0x4D, 0x7B, 0x5F, 0x96, 0x0B, 0x17, 0x70, 0x4B, 0x5E, 0x90, 0xBC, 0x27, 0xE3, 0x01,
    0xA4, 0x1F, 0x32, 0x68, 0x6F, 0x42, 0x01, 0x6F, 0xD6, 0x01, 0x89, 0x9E, 0x96, 0xDC, 0x02, 0x06,
    0x87, 0x0D, 0x62, 0x5B, 0x7B, 0x2C, 0xE7, 0xFF, 0x0F, 0xB9, 0x23, 0xFE, 0x0D, 0xCD, 0x1D, 0x81,
    0xE7, 0x04, 0xD3, 0x64, 0x7B, 0xA1, 0xD6, 0x07, 0x8D, 0xE6, 0x79, 0x14, 0xD2, 0x55, 0x78, 0x0D,
    0xE4, 0x4F, 0x07, 0xD3, 0x93, 0xE6, 0x68, 0x31, 0xBA, 0xE1, 0x6D, 0x73, 0xDA, 0x55, 0x67, 0x0A,
    0x56, 0xF2, 0xF3, 0xE8, 0xF7, 0x50, 0x64, 0xF1, 0xA8, 0xB4, 0xEB, 0xCC, 0xAD, 0x3E, 0x67, 0x8E,
    0xD3, 0x13, 0xF1, 0xF2, 0x41, 0xC6, 0x8B, 0x32, 0xA9, 0xD1, 0xAC, 0x29, 0x72, 0x76, 0x61, 0x3A,
    0x65, 0xB8, 0xCA, 0xAD, 0xB7, 0xC9, 0xBC, 0x2B, 0xC3, 0x8B, 0x47, 0xB1, 0x61, 0xBB, 0x2B, 0x11,
    0x0F, 0xAF, 0x8B, 0x12, 0xF5, 0x9E, 0x1D, 0x41, 0x46, 0xC7, 0x03, 0xC3, 0x8E, 0xF0, 0xCB, 0xE8,
    0x44, 0xB2, 0xD7, 0xE2, 0x57, 0x80, 0x3F, 0xA7, 0xC0, 0xDE, 0x93, 0x6C, 0xDC, 0xAA, 0xC5, 0xEE,
    0xF5, 0x88, 0xE5, 0xCF, 0x7C, 0x22, 0xAE, 0xBD, 0xE7, 0x99, 0x06, 0xD4, 0xD0, 0xC3, 0x91, 0x65,
    0x64, 0x30, 0x3A, 0x33, 0x98, 0x77, 0xB1, 0x52, 0x7A, 0x5B, 0xE2, 0x13, 0xEA, 0x6C, 0xA1, 0x9D,
    0x0A, 0xD6, 0x4A, 0xB5, 0x56, 0x9E, 0xAD, 0x5F, 0x9D, 0xB9, 0xBF, 0x31, 0x3E, 0xDF, 0x68, 0xDB,
    0x5C, 0xCB, 0x12, 0x77, 0x46, 0xF5, 0x2D, 0xAC, 0xE4, 0xBD, 0x50, 0xEA, 0xC9, 0xFA, 0x30, 0x8B,
    0x06, 0xA1, 0xB7, 0xD0, 0x1D, 0x70, 0x3D, 0x8E, 0x74, 0x26, 0xC5, 0x3F, 0xD1, 0xAB, 0xB6, 0x05,
    0xEB, 0x51, 0x3D, 0x62, 0x5D, 0x7B, 0x86, 0xA0, 0xC3, 0x08, 0xE7, 0x6D, 0xF1, 0x07, 0x63, 0x7D,
    0x09, 0x4C, 0xD2, 0x81, 0xEA, 0xBA, 0xCA, 0xC1, 0xA2, 0xEE, 0xE3, 0x46, 0x93, 0x81, 0x0D, 0x5A,
    0xF6, 0xA5, 0x3E, 0x1D, 0xDB, 0x0E, 0x45, 0x5E, 0x93, 0xD9, 0x80, 0x69, 0x3E, 0x15, 0xE9, 0x64,
    0xC0, 0x1F, 0xCB, 0x9E, 0x04, 0x73, 0x5C, 0x38, 0xD6, 0x3D, 0x3C, 0x6A, 0xBD, 0xFF, 0x99, 0x94,
    0x4F, 0xC6, 0xE2, 0x28, 0xA2, 0xC7, 0xF8, 0xBC, 0x91, 0x54, 0xCD, 0x27, 0xAB, 0xA2, 0xDE, 0x16,
    0x8D, 0xA5, 0x7D, 0xB4, 0x76, 0x19, 0x03, 0x54, 0x02, 0x72, 0xB1, 0x15, 0x6C, 0xA2, 0x13, 0x3A,
    0x98, 0x27, 0x99, 0x80, 0xE9, 0x4C, 0xD5, 0x1D, 0x6D, 0x42, 0x27, 0xFA, 0x2F, 0x60, 0x77, 0x1B,
    0xBC, 0xD2, 0x23, 0x55, 0xC9, 0xEE, 0x44, 0xFD, 0x32, 0x20, 0xC9, 0x98, 0xB2, 0x98, 0x7A, 0x50,
    0xBE, 0xA8, 0x11, 0x3A, 0x26, 0x4F, 0x36, 0x94, 0x9A, 0x33, 0x61, 0x2C, 0x1B, 0x88, 0xAC, 0x66,
    0x58, 0xBA, 0xAD, 0x55, 0x13, 0x0A, 0x65, 0x78, 0xE9, 0xE5, 0x8A, 0x6C, 0x78, 0x20, 0x84, 0x8A,
    0x2E, 0x88, 0x63, 0x2C, 0xB8, 0x3A, 0x7B, 0x39, 0x3B, 0x02, 0xC8, 0x8A, 0xB4, 0x2B, 0x98, 0xBD,
    0xAD, 0xD0, 0x9C, 0x73, 0xF8, 0x1D, 0xF3, 0xD9, 0x97, 0x78, 0xCC, 0x2E, 0x3F, 0x3F, 0x24, 0xC2,
    0xD9, 0x84, 0x41, 0x01, 0xD1, 0x40, 0x35, 0xE7, 0xF0, 0x42, 0x28, 0x4F, 0x2E, 0x88, 0x76, 0x81,
    0x14, 0xB4, 0x60, 0x85, 0xA8, 0x01, 0x62, 0xF5, 0xF1, 0xD8, 0x0A, 0x6B, 0xAA, 0x7C, 0x0D, 0x2D,
    0x2B, 0x17, 0xF8, 0x6B, 0x4C, 0x9D, 0x53, 0xD8, 0xE6, 0x64, 0x98, 0x9F, 0xAA, 0xA2, 0x2E, 0x56,
    0x2B, 0x73, 0xA2, 0xB6, 0xD3, 0x74, 0x3A, 0x3C, 0xA7, 0x4F, 0x51, 0x71, 0xDA, 0x19, 0x8E, 0xF0,
    0xDB, 0x69, 0x45, 0x4C, 0x61, 0x6A, 0x77, 0x12, 0xD3, 0xD4, 0xCA, 0xC5, 0x98, 0x74, 0x43, 0x37,
    0x64, 0x33, 0x1A, 0xC5, 0x92, 0x72, 0x13, 0x4E, 0xD7, 0xAC, 0x30, 0xBF, 0x81, 0x1C, 0xBC, 0xA8,
    0x6E, 0x55, 0xF9, 0x27, 0xFF, 0xB7, 0xD3, 0x8F, 0x5F, 0x88, 0x3E, 0xF9, 0x0B, 0x8D, 0x95, 0x5B,
    0x8A, 0x64, 0x31, 0x08, 0x86, 0x05, 0x5F, 0x07, 0xDC, 0x4A, 0x2D, 0x20, 0xE0, 0xD6, 0x03, 0xB5,
    0x80, 0xD9, 0x4A, 0xA0, 0x5E, 0x05, 0xC7, 0x5F, 0xCD, 0xB9, 0x75, 0xF7, 0xCC, 0x14, 0x4D, 0x7F,
    0xA7, 0x4E, 0x4C, 0xE2, 0xE5, 0xD7, 0x22, 0x9A, 0xF4, 0x22, 0x22, 0x5E, 0x64, 0x27, 0xE4, 0xED,
    0xEE, 0x8B, 0xE4, 0x77, 0xC0, 0x48, 0x25, 0xE1, 0x58, 0xA5, 0x58, 0x07, 0xD8, 0x48, 0x66, 0x18,
    0x9A, 0xE3, 0xD3, 0xD0, 0x02, 0xB6, 0x84, 0xE1, 0x28, 0x10, 0x76, 0xC6, 0x2D, 0x01, 0x9C, 0x79,
    0x80, 0x48, 0x67, 0x81, 0x12, 0x86, 0x3F, 0x79, 0x17, 0xC2, 0x02, 0x17, 0xF9, 0xCC, 0xF7, 0x0D,
    0xC9, 0x97, 0xB8, 0x7A, 0x6F, 0x18, 0xB4, 0x3F, 0x5A, 0xCE, 0x5F, 0x10, 0xEE, 0x5D, 0xA0, 0x65,
    0xE2, 0x08, 0xC5, 0xC9, 0x14, 0xE0, 0x82, 0x58, 0xAE, 0x35, 0xF4, 0x86, 0x51, 0xA0, 0x0D, 0xCE,
    0xE8, 0x9E, 0x48, 0xBF, 0xFE, 0x05, 0xFE, 0x6E, 0x5F, 0xBC, 0x1C, 0x1C, 0xD1, 0xC5, 0x13, 0xFE,
    0xC1, 0x79, 0xB6, 0xF2, 0xFA, 0x82, 0xCE, 0x50, 0xD6, 0x61, 0x95, 0xF3, 0x8B, 0x37, 0x32, 0xFC,
    0x70, 0xFE, 0x15, 0x66, 0x6A, 0x19, 0x7C, 0x1C, 0x0E, 0x58, 0xDC, 0x71, 0x02, 0x6E, 0x54, 0x92,
    0x1B, 0xA3, 0xA0, 0x77, 0x94, 0xC3, 0xDF, 0x82, 0xE0, 0xA9, 0x55, 0x81, 0x37, 0x2A, 0xFB, 0x0D,
    0xEE, 0x8A, 0x84, 0x79, 0x32, 0xDC, 0xBF, 0x51, 0x37, 0xDB, 0xAE, 0xD4, 0xD2, 0x67, 0x86, 0xBC,
    0x0E, 0x56, 0xE5, 0xA5, 0x85, 0xA0, 0x27, 0x15, 0x05, 0x19, 0x4D, 0x04, 0x32, 0xF4, 0x4A, 0x5E,
    0x03, 0xAA, 0x34, 0x09, 0xC2, 0x65, 0x99, 0x23, 0xD5, 0xA2, 0xD3, 0x93, 0xFB, 0x3E, 0x3C, 0x20,
    0x23, 0xAF, 0xF0, 0xE3, 0xD7, 0xA9, 0xA4, 0x9F, 0x38, 0x0E, 0xA5, 0xC9, 0x96, 0xDB, 0x2C, 0x7A,
    0x91, 0xE1, 0x1E, 0x96, 0x3F, 0xD6, 0xAF, 0x73, 0x81, 0x9D, 0x14, 0x0B, 0x8A, 0x80, 0xDA, 0x1A,
    0x6D, 0xD5, 0x71, 0xEB, 0x27, 0xFE, 0x7F, 0x82, 0xD9, 0x6D, 0xBA, 0x65, 0xFC, 0x85, 0xDC, 0x4D,
    0xF5, 0xE4, 0x61, 0xC7, 0x2B, 0x2B, 0x14, 0x0D, 0xA2, 0x5C, 0x8D, 0xA5, 0x94, 0xF7, 0x41, 0x12,
    0x13, 0xF9, 0x54, 0x34, 0x8F, 0x40, 0x14, 0xD9, 0xB8, 0xEA, 0xAD, 0x28, 0xEF, 0xB0, 0xD6, 0xAE,
    0x5F, 0x7D, 0x43, 0x12, 0x61, 0xD6, 0xA8, 0x9B, 0xD2, 0xD6, 0xE9, 0x22, 0x61, 0xDE, 0xC8, 0xB8,
    0xC5, 0xB2, 0x7B, 0xD5, 0x14, 0x70, 0xF3, 0x58, 0x5C, 0x6E, 0xB0, 0xB1, 0x61, 0x2F, 0xE0, 0x65,
    0xD9, 0xBD, 0xF4, 0x13, 0x4A, 0x52, 0x0F, 0xFC, 0x6D, 0xC3, 0x05, 0xAB, 0x1B, 0x68, 0x4B, 0x50,
    0x2B, 0x94, 0xC2, 0xF4, 0xAA, 0x5A, 0x27, 0x2D, 0xE1, 0x5C, 0xB3, 0x80, 0x6B, 0x16, 0x48, 0xCD,
    0x02, 0x84, 0xAB, 0x11, 0x43, 0x03, 0xC6, 0xE1, 0x7E, 0x60, 0x84, 0xE4, 0x4C, 0xB3, 0x23, 0x0F,
    0xE4, 0xB8, 0x2C, 0x70, 0xE6, 0x1E, 0xC0, 0x2B, 0x69, 0x64, 0x21, 0xEA, 0x30, 0xCA, 0xC3, 0x94,
    0x1E, 0x13, 0x25, 0xD4, 0x70, 0x62, 0xD4, 0x88, 0xA5, 0xD9, 0x85, 0x5F, 0x77, 0x4A, 0xEB, 0x77,
    0x53, 0x9B, 0xDE, 0x42, 0x68, 0xB2, 0xD7, 0xC0, 0x96, 0x9E, 0x76, 0xDA, 0x8C, 0xF0, 0xD2, 0x1F,
    0xD5, 0xE2, 0x68, 0xD6, 0x60, 0x79, 0x12, 0x0E, 0x72, 0xD7, 0xBE, 0xD3, 0x18, 0x81, 0x76, 0x02,
    0xB7, 0xFA, 0xB4, 0x29, 0xFB, 0x7B, 0x36, 0x42, 0xEC, 0xCF, 0x07, 0x75, 0x24, 0x37, 0x18, 0x42,
    0x42, 0x7C, 0x23, 0x7A, 0x0D, 0xFD, 0xC6, 0x53, 0xE0, 0x28, 0x72, 0x75, 0x22, 0x13, 0x7F, 0xA0,
    0x72, 0xF5, 0x9C, 0xD7, 0x5D, 0xA3, 0x5C, 0x6B, 0xE8, 0x0D, 0xA3, 0x40, 0x0F, 0xE8, 0xE5, 0x94,
    0x03, 0x7B, 0x74, 0x9D, 0x96, 0x59, 0xD4, 0x1C, 0xBA, 0x9C, 0xBF, 0x72, 0x51, 0xC6, 0x1C, 0xDB,
    0xE8, 0x03, 0xEC, 0xCB, 0x10, 0x7B, 0x12, 0xF4, 0x60, 0xD0, 0x06, 0xF2, 0x35, 0x30, 0x60, 0x2C,
    0xC4, 0x82, 0x89, 0x7B, 0x20, 0x72, 0x66, 0x5F, 0x20, 0x37, 0xE8, 0x0D, 0xA3, 0x40, 0xFF, 0x85,
    0x75, 0x05, 0x86, 0x4C, 0x02, 0x73, 0x76, 0xC9, 0x1B, 0x63, 0x38, 0x65, 0x19, 0x80, 0xFF, 0xF1,
    0xB3, 0x10, 0xCF, 0x62, 0xD9, 0x28, 0x32, 0xFF, 0x00, 0x8D, 0x94, 0x5B, 0x6A, 0x2C, 0x31, 0x0C,
    0x44, 0x05, 0xFE, 0x0D, 0x78, 0x2B, 0xBD, 0x00, 0x83, 0xB6, 0xDE, 0x90, 0x05, 0xCC, 0x56, 0x0C,
    0xF3, 0x2B, 0xD0, 0xAD, 0x2A, 0xA9, 0xE7, 0x95, 0x5C, 0x48, 0x33, 0xE4, 0xC4, 0x92, 0x2D, 0xCB,
    0x7A, 0xD9, 0x97, 0xE9, 0x9B, 0xA7, 0xE0, 0x89, 0x2F, 0x2E, 0x24, 0xB9, 0x2D, 0x8C, 0xBF, 0x11,
    0x5A, 0x8D, 0x2D, 0xCC, 0x07, 0x2C, 0x20, 0x2A, 0x64, 0x09, 0x1B, 0x2D, 0x1C, 0x9F, 0x78, 0xB1,
    0x32, 0xF6, 0x97, 0x4C, 0xEF, 0x1C, 0x82, 0x7F, 0x6F, 0x62, 0xA6, 0x30, 0xF2, 0x24, 0x2C, 0x53,
    0x3A, 0x1D, 0xB8, 0xC3, 0x7C, 0x06, 0x60, 0x06, 0x07, 0x77, 0x79, 0x6D, 0x0D, 0x88, 0x53, 0x47,
    0xEF, 0x72, 0xDF, 0xE6, 0x45, 0x9A, 0x05, 0xFD, 0xE2, 0x28, 0x66, 0x71, 0x34, 0x67, 0x0E, 0xED,
    0xBF, 0xE8, 0xE2, 0x36, 0x77, 0x1C, 0x81, 0xF9, 0xD5, 0x84, 0x80, 0xF1, 0xF9, 0x85, 0x30, 0xB5,
    0xA9, 0x87, 0x89, 0x78, 0xA3, 0xD3, 0x06, 0x98, 0xCE, 0x40, 0xFB, 0x0C, 0xFC, 0x78, 0x6E, 0xFB,
    0xE0, 0xB9, 0x3C, 0xA1, 0x3A, 0xCD, 0x17, 0x8F, 0xE8, 0x12, 0xDD, 0xB3, 0x9A, 0xC3, 0xEC, 0x30,
    0x85, 0x22, 0x2A, 0x55, 0x0D, 0xD9, 0x6C, 0x94, 0x0B, 0x59, 0x50, 0xAA, 0x14, 0x53, 0x1E, 0x0B,
    0x3D, 0x63, 0x16, 0xBC, 0xB1, 0xA4, 0x5B, 0xAB, 0x9E, 0xF8, 0x81, 0x0A, 0xE7, 0x85, 0x59, 0xC2,
    0x0B, 0x27, 0x1D, 0xF9, 0x0F, 0xDE, 0x77, 0xB6, 0x4D, 0xBC, 0x78, 0xF3, 0x0D, 0xDB, 0x9E, 0xDE,
    0x83, 0x43, 0x6B, 0xC6, 0x8C, 0x41, 0x63, 0xAC, 0x18, 0x2C, 0x67, 0xF1, 0xA9, 0xE2, 0x52, 0x3B,
    0xE0, 0x2E, 0xAA, 0x8C, 0xD5, 0xB7, 0x03, 0x6F, 0x45, 0xE4, 0x4E, 0x47, 0xC8, 0x66, 0x2C, 0x53,
    0x08, 0xC1, 0x44, 0xE8, 0x32, 0x56, 0xE2, 0xF1, 0xB6, 0xF0, 0xF4, 0x13, 0x31, 0x3D, 0xB0, 0x9F,
    0x25, 0x67, 0xD0, 0x3B, 0xCB, 0x23, 0xF0, 0xB6, 0x21, 0xFA, 0x66, 0x0E, 0x62, 0x4D, 0x4B, 0xAD,
    0x65, 0x47, 0xFA, 0x53, 0xFB, 0x11, 0xA8, 0x10, 0x4F, 0xAF, 0x32, 0x51, 0x1D, 0xB2, 0x4C, 0xB4,
    0x4F, 0xD7, 0x89, 0xF2, 0x3F, 0x94, 0x1A, 0xB3, 0xD7, 0x3E, 0x8A, 0x7A, 0x43, 0xF5, 0x51, 0xD4,
    0x0A, 0x08, 0x26, 0x10, 0x98, 0xDF, 0x67, 0xE0, 0x0E, 0x54, 0x25, 0x81, 0xB6, 0x88, 0x98, 0xA1,
    0x2D, 0x04, 0xE8, 0xC1, 0x3C, 0x05, 0x4D, 0x7C, 0x45, 0x2C, 0x5A, 0x8A, 0x38, 0x0A, 0x16, 0x6D,
    0xEC, 0x1D, 0xAD, 0x7B, 0x42, 0x7F, 0x58, 0x0A, 0xDC, 0x92, 0xFA, 0x5F, 0xAD, 0x5C, 0xC1, 0x52,
    0x0E, 0x1A, 0x78, 0xE5, 0xEE, 0xFE, 0xA9, 0x5A, 0x82, 0x9B, 0xC4, 0x6C, 0x64, 0x37, 0x85, 0x2A,
    0xCB, 0x67, 0x4D, 0x06, 0x05, 0xE6, 0x31, 0x19, 0x54, 0x36, 0xCF, 0x3A, 0xDB, 0x6C, 0xD7, 0x07,
    0x28, 0x5C, 0x05, 0x2B, 0xE1, 0x13, 0x2D, 0xFC, 0x83, 0xEE, 0x6D, 0x4B, 0xF9, 0xF2, 0x01, 0xFB,
    0x91, 0x87, 0xAE, 0x2A, 0x78, 0xAD, 0x5A, 0xB4, 0x54, 0x7D, 0x33, 0xE5, 0x4C, 0x27, 0x40, 0x73,
    0x2A, 0x20, 0xE4, 0x81, 0x3A, 0x24, 0x40, 0x29, 0x73, 0x60, 0x6F, 0xE2, 0x0E, 0xA0, 0xB6, 0x06,
    0xB0, 0x0A, 0x47, 0xC1, 0x3E, 0x31, 0x05, 0x9D, 0x23, 0xEE, 0x44, 0x9E, 0x02, 0x2F, 0xC3, 0x95,
    0x07, 0x9C, 0x51, 0xF5, 0xFB, 0x6D, 0xD7, 0xF8, 0x61, 0x02, 0x26, 0xA3, 0x19, 0xD5, 0xCE, 0x6A,
    0x13, 0xCD, 0xB3, 0x55, 0x79, 0xC8, 0x67, 0x3A, 0x46, 0xE7, 0xE1, 0x56, 0xB3, 0xA9, 0xA1, 0x52,
    0xB6, 0x7C, 0xC5, 0x48, 0xE5, 0x68, 0x16, 0x5C, 0x42, 0xCC, 0x07, 0xAD, 0x56, 0xE7, 0xEF, 0x81,
    0x58, 0x6B, 0xFD, 0x40, 0xE9, 0xFC, 0x1D, 0xA5, 0x6B, 0xAC, 0x42, 0x3C, 0xE0, 0x21, 0x21, 0xB0,
    0x6A, 0x6E, 0xCC, 0xCA, 0x81, 0x13, 0x3C, 0x00, 0x78, 0x4D, 0x54, 0x86, 0xE7, 0x26, 0xF0, 0x2D,
    0x4C, 0xEA, 0x89, 0x56, 0x60, 0xAF, 0xCF, 0x9B, 0x5A, 0x1E, 0x51, 0xC2, 0xE4, 0xE6, 0xBD, 0xFE,
    0x00, 0x7D, 0x42, 0xE3, 0xD2, 0xE6, 0x02, 0xD8, 0x82, 0x7B, 0xCA, 0xD8, 0x9E, 0xB3, 0xE0, 0xBD,
    0x62, 0x50, 0xB1, 0xA5, 0x51, 0xC2, 0xC6, 0x2A, 0xA1, 0x0A, 0x9F, 0x1D, 0x26, 0x9C, 0xD2, 0x79,
    0x6D, 0xA9, 0xBE, 0xD9, 0x1C, 0xB8, 0xC7, 0xA8, 0xC2, 0x7A, 0xC7, 0xDF, 0x3F, 0xED, 0xCF, 0x68,
    0x94, 0x61, 0xBB, 0x30, 0x1A, 0xFB, 0x17, 0xCC, 0xAD, 0xA9, 0xA2, 0x49, 0x19, 0x9C, 0x5E, 0x82,
    0x4E, 0x0E, 0x35, 0x5E, 0x70, 0x62, 0xD1, 0xF4, 0x16, 0x34, 0xFF, 0xB3, 0x7B, 0xD8, 0xFE, 0x01,
    0xAD, 0x95, 0x4D, 0x8A, 0xE4, 0x30, 0x0C, 0x85, 0x0D, 0xDE, 0x16, 0xE8, 0x2A, 0x39, 0xC0, 0x80,
    0xAE, 0x6E, 0xE8, 0x03, 0xF4, 0x55, 0x0C, 0xB3, 0x35, 0x68, 0xF4, 0x9E, 0xE4, 0xC4, 0x4E, 0x55,
    0x16, 0x05, 0x93, 0xA2, 0xFA, 0x4B, 0xC5, 0xCE, 0xD3, 0x7F, 0xBB, 0x94, 0x32, 0x8A, 0x5F, 0xD2,
    0x08, 0x4D, 0x94, 0x15, 0x86, 0xAB, 0x25, 0x2A, 0x51, 0x6A, 0xE7, 0x9A, 0x24, 0x1A, 0x51, 0x53,
    0x2C, 0xC0, 0x8D, 0x36, 0x12, 0x4A, 0x74, 0x2C, 0x71, 0xEB, 0x8E, 0x7E, 0xA1, 0x87, 0xE8, 0x70,
    0x5F, 0x08, 0xE3, 0x2B, 0x32, 0x20, 0x38, 0x20, 0xE0, 0x2A, 0xBE, 0x54, 0xD4, 0xFA, 0xAB, 0xCC,
    0x4B, 0x27, 0xE8, 0x82, 0x86, 0x84, 0xC2, 0x2F, 0xC5, 0xC7, 0xD1, 0x70, 0xE3, 0x0F, 0x4E, 0x0C,
    0xD8, 0xD3, 0x0A, 0xF8, 0xAF, 0x3E, 0x55, 0xC2, 0x4F, 0xDB, 0x51, 0x28, 0x53, 0xEE, 0xB0, 0xC0,
    0x58, 0x51, 0x81, 0x3F, 0x08, 0x45, 0xC3, 0x0F, 0xC0, 0xE8, 0x87, 0x84, 0x8E, 0x0E, 0x5A, 0x11,
    0xC6, 0x30, 0x10, 0x43, 0x45, 0x58, 0xFD, 0xCA, 0x1C, 0xA5, 0x23, 0xA0, 0x46, 0x48, 0x2C, 0xD6,
    0xF1, 0x61, 0x4F, 0x9D, 0x68, 0x0B, 0xE4, 0x6F, 0x0F, 0xEC, 0xC5, 0xB5, 0xDD, 0xF9, 0x46, 0x49,
    0x49, 0x74, 0xDA, 0x81, 0x0D, 0x2C, 0x58, 0xE8, 0x5B, 0x43, 0xE6, 0x8B, 0x76, 0x85, 0xA0, 0x0C,
    0xCA, 0xD7, 0x11, 0xF9, 0x3E, 0xCE, 0xFC, 0x17, 0x29, 0x9B, 0xC3, 0x25, 0xDC, 0x88, 0xC8, 0x2E,
    0x47, 0xA6, 0x0B, 0x69, 0x9C, 0x66, 0x43, 0x3E, 0xC2, 0xC0, 0x5B, 0xFE, 0x06, 0x12, 0x85, 0x3F,
    0x99, 0xFD, 0xA6, 0xBC, 0x41, 0xDD, 0xC0, 0xD7, 0x52, 0xF0, 0x1B, 0x25, 0x8A, 0xF5, 0xC6, 0xA7,
    0xFD, 0x49, 0x89, 0x16, 0x7D, 0xA3, 0x5F, 0x19, 0xC6, 0x96, 0xFF, 0xBA, 0xD7, 0xC8, 0x36, 0xC5,
    0xE3, 0xAD, 0xF3, 0xED, 0x52, 0xDB, 0xAF, 0x57, 0x68, 0xD9, 0xEC, 0x1A, 0xE6, 0x1F, 0x79, 0xF1,
    0x8A, 0xA0, 0x1A, 0x7E, 0x0B, 0xC3, 0x16, 0x16, 0x99, 0x9F, 0xB0, 0xAD, 0x8D, 0x0D, 0x91, 0x10,
    0x8E, 0x83, 0xC3, 0xCA, 0x52, 0x9B, 0xBE, 0x18, 0xAA, 0xE1, 0x1E, 0xC4, 0x52, 0xDA, 0xBF, 0x2C,
    0x7B, 0x9F, 0x4D, 0x80, 0xE5, 0x48, 0xB6, 0x6C, 0xB8, 0xE2, 0x1B, 0x4F, 0xD0, 0x75, 0xC0, 0xAF,
    0x39, 0x9F, 0x9D, 0xB8, 0x35, 0xA4, 0xFE, 0x8C, 0x68, 0x59, 0x3C, 0xF5, 0xD2, 0xA3, 0xAB, 0xA2,
    0xE0, 0xEA, 0x4F, 0xAA, 0x27, 0x8B, 0x8A, 0x23, 0xBA, 0xE3, 0x1C, 0x70, 0xC1, 0x90, 0xD2, 0xF9,
    0x8C, 0xA1, 0xF6, 0x2C, 0x52, 0x4B, 0x7B, 0xD3, 0xEC, 0xB6, 0x85, 0x7B, 0xDE, 0xF1, 0xED, 0x16,
    0x65, 0xCE, 0xEE, 0xD5, 0x3C, 0x58, 0xEA, 0xAC, 0x9F, 0xCF, 0x34, 0xFB, 0xA6, 0xE1, 0xCB, 0x18,
    0x6C, 0xC6, 0x70, 0x2B, 0xBA, 0xC6, 0xDB, 0x13, 0x91, 0xC3, 0x89, 0xFF, 0xB3, 0xF6, 0x61, 0xCB,
    0xDD, 0xF9, 0x1E, 0xED, 0xB6, 0x16, 0x80, 0x43, 0x67, 0x9D, 0xCE, 0x9F, 0x73, 0x7E, 0xCC, 0x9E,
    0xD6, 0x08, 0xE4, 0x03, 0xEA, 0x7A, 0x2E, 0x34, 0xFC, 0x4B, 0xF5, 0x7E, 0x24, 0xE4, 0x13, 0xB4,
    0x7D, 0xF9, 0x82, 0xB4, 0x87, 0x71, 0x3A, 0x63, 0xB0, 0x8C, 0x61, 0x30, 0x86, 0x9A, 0x05, 0xD0,
    0x7E, 0x2F, 0xC0, 0x9C, 0xE2, 0x47, 0xE8, 0xDA, 0x52, 0x27, 0xD8, 0x6C, 0x4F, 0x80, 0x51, 0xC0,
    0xE2, 0x68, 0xF1, 0xB9, 0x01, 0xA4, 0xF3, 0x84, 0xA9, 0xC3, 0x81, 0x0E, 0x71, 0x78, 0xA2, 0xF5,
    0xB7, 0xA1, 0xCB, 0x05, 0x70, 0x8B, 0xFE, 0xF0, 0x28, 0x71, 0x16, 0x3D, 0x40, 0x2D, 0xE1, 0x07,
    0x0A, 0x67, 0xF6, 0x1F, 0x95, 0x94, 0x5B, 0x8A, 0x2B, 0x21, 0x10, 0x86, 0x05, 0x5F, 0x03, 0x6E,
    0x25, 0x0B, 0x68, 0x70, 0xEB, 0x42, 0x16, 0x90, 0xAD, 0x08, 0xF3, 0x5A, 0xE0, 0xF9, 0x2F, 0xDA,
    0xB7, 0x99, 0x33, 0x64, 0x4C, 0xBA, 0x3F, 0x92, 0x2A, 0x4B, 0xEB, 0x9A, 0xC7, 0xC8, 0x63, 0x24,
    0x3C, 0xE5, 0x84, 0x5E, 0x4B, 0xAF, 0x7F, 0xC0, 0xD0, 0x8A, 0x2B, 0x28, 0x6B, 0x56, 0xF9, 0x06,
    0x3C, 0x57, 0xD4, 0x89, 0xA4, 0xCF, 0xC4, 0xC0, 0x2B, 0xCA, 0xC0, 0x77, 0xE1, 0x99, 0x52, 0x2A,
    0x1D, 0x12, 0xAE, 0x7E, 0x05, 0x44, 0x91, 0xB4, 0x88, 0xAC, 0x3F, 0xEF, 0xE8, 0x90, 0xD5, 0x1D,
    0x1F, 0xA8, 0x18, 0xFF, 0xF1, 0x0F, 0xC7, 0x48, 0xE5, 0x67, 0xD8, 0x58, 0x1A, 0x21, 0xD4, 0x3E,
    0xAD, 0xB4, 0x2B, 0xA2, 0x34, 0xB8, 0x74, 0x43, 0x2A, 0x76, 0xA8, 0x4E, 0xD8, 0xAD, 0x1B, 0x2C,
    0x1B, 0x17, 0xD0, 0xF1, 0x1D, 0xD4, 0x78, 0xF9, 0xD8, 0x03, 0x27, 0x15, 0x9E, 0xB5, 0xA3, 0x55,
    0x01, 0x97, 0x16, 0x66, 0x24, 0xE7, 0x7A, 0x78, 0x57, 0x65, 0x68, 0x05, 0xD5, 0x48, 0x4B, 0xB5,
    0x95, 0xC6, 0xDB, 0x36, 0xDD, 0xB7, 0x28, 0x13, 0x88, 0xCB, 0x0C, 0x0F, 0xD2, 0x07, 0x9B, 0x2F,
    0xA3, 0x18, 0xD5, 0x17, 0x9D, 0x28, 0xBB, 0x83, 0x94, 0x75, 0x23, 0x84, 0x1C, 0x92, 0xE5, 0x7E,
    0x46, 0xB1, 0x0A, 0x6B, 0x46, 0xA7, 0x1B, 0xB2, 0x16, 0xC3, 0xD8, 0x8C, 0x7B, 0xB4, 0x4E, 0x61,
    0x61, 0x79, 0x28, 0x31, 0x0E, 0x5A, 0x55, 0x26, 0xBA, 0xDC, 0x50, 0x71, 0x11, 0x59, 0x49, 0x6E,
    0x13, 0xA9, 0x2D, 0x33, 0x8A, 0x4E, 0x91, 0x7F, 0x0B, 0xD8, 0xE2, 0xA4, 0x37, 0x4A, 0xE5, 0x7B,
    0xCF, 0x2C, 0x92, 0x77, 0xE4, 0x2F, 0x88, 0x32, 0x0B, 0x85, 0x1A, 0x0E, 0x0F, 0xE2, 0x25, 0x54,
    0xC5, 0x8C, 0x76, 0x87, 0x7C, 0x80, 0xBF, 0x01, 0x03, 0x15, 0x7B, 0xDB, 0x86, 0x87, 0x05, 0xB3,
    0x6E, 0x3A, 0x97, 0x13, 0x75, 0xBC, 0xD9, 0x31, 0xCC, 0xC6, 0xC7, 0xEF, 0xA3, 0x5B, 0x7A, 0x99,
    0x05, 0x43, 0x3B, 0xC1, 0xF7, 0xF8, 0xFC, 0xFD, 0x7D, 0x1D, 0xB1, 0x49, 0x1B, 0xED, 0x6D, 0x8C,
    0x74, 0xE8, 0x1F, 0xD6, 0x61, 0xDA, 0xE3, 0xCA, 0x28, 0xF7, 0xE4, 0xFC, 0x6A, 0xC7, 0x04, 0x0B,
    0x2A, 0x14, 0x44, 0x8A, 0xA1, 0x73, 0x6E, 0xB5, 0xE8, 0x0F, 0xE1, 0xA9, 0x8D, 0x56, 0x33, 0xD2,
    0x19, 0xD3, 0x44, 0x08, 0x79, 0x62, 0x85, 0xDE, 0x19, 0x6F, 0x04, 0x2B, 0x91, 0x25, 0x18, 0x06,
    0x9B, 0xAD, 0xB9, 0xC2, 0x7D, 0xFD, 0x74, 0x1E, 0x24, 0xF2, 0x6E, 0x47, 0x35, 0x34, 0x13, 0xD0,
    0xAA, 0x1E, 0x0D, 0x44, 0x5D, 0xE0, 0xC5, 0x46, 0x95, 0x4A, 0xA4, 0xDF, 0xA1, 0xD9, 0x12, 0xE5,
    0x25, 0x0C, 0x01, 0xE3, 0x17, 0xC8, 0xAA, 0x46, 0xC0, 0x7E, 0x76, 0x06, 0xE8, 0x70, 0xA9, 0x60,
    0x0E, 0x6A, 0x9E, 0x08, 0x25, 0xB1, 0x56, 0xCE, 0x6B, 0xD5, 0xF9, 0x9C, 0x66, 0x44, 0x71, 0xEE,
    0xAB, 0x73, 0x51, 0x75, 0xF0, 0x19, 0x88, 0x2D, 0x90, 0xAF, 0x80, 0x14, 0x50, 0xDD, 0xB0, 0xD7,
    0x8D, 0xA7, 0xC0, 0x6B, 0x02, 0xDB, 0x78, 0x37, 0xD9, 0x1C, 0x02, 0xEF, 0xEB, 0xBE, 0xD2, 0x2F,
    0xD4, 0x8A, 0xA1, 0x98, 0x77, 0x81, 0x57, 0xE5, 0x09, 0x9E, 0x26, 0x14, 0xC9, 0x55, 0xEC, 0xE9,
    0x8F, 0x15, 0xF6, 0xE7, 0x91, 0x81, 0x58, 0xC0, 0x8E, 0xCC, 0x32, 0x65, 0xF7, 0x00, 0xEF, 0xAE,
    0xD8, 0xBF, 0x94, 0x02, 0xB4, 0x31, 0x80, 0x73, 0xEA, 0x1B, 0xE3, 0x13, 0x47, 0x01, 0x4C, 0x2A,
    0x41, 0xDF, 0x5B, 0xA0, 0x7A, 0xAC, 0x69, 0x44, 0xFA, 0x05, 0x53, 0x65, 0xE8, 0x84, 0xD0, 0x38,
    0x72, 0x7F, 0xDC, 0xA1, 0xB9, 0x20, 0xA0, 0xD9, 0x59, 0x18, 0x79, 0xCE, 0xDF, 0x91, 0xFE, 0x01,
    0x95, 0xD5, 0x5B, 0x8A, 0xE4, 0x30, 0x0C, 0x05, 0x50, 0x81, 0x7E, 0x0B, 0xBC, 0x95, 0x5A, 0x40,
    0x81, 0xB6, 0x6E, 0xC8, 0xEF, 0x40, 0x6D, 0xC5, 0x90, 0x5F, 0x81, 0x46, 0xF7, 0x5A, 0x79, 0xD5,
    0x63, 0x7A, 0x3A, 0xDD, 0xD4, 0xE9, 0x4E, 0x54, 0x89, 0x2C, 0xCB, 0xB1, 0xDC, 0x85, 0x87, 0x5F,
    0x30, 0x8D, 0x88, 0x51, 0xE4, 0xAF, 0xBA, 0x26, 0xF9, 0xB1, 0x23, 0xF8, 0x48, 0x5A, 0xD1, 0x89,
    0xFD, 0x21, 0x61, 0x13, 0x46, 0x6A, 0x30, 0xA4, 0xC5, 0x40, 0x90, 0x85, 0x83, 0xF0, 0x00, 0xEE,
    0x0F, 0x70, 0xF7, 0x9B, 0xE5, 0x0D, 0xF3, 0xE9, 0x45, 0xE4, 0x0D, 0x13, 0x27, 0x3A, 0x69, 0x83,
    0x58, 0xB7, 0x00, 0x62, 0x21, 0xF2, 0x10, 0x9C, 0xAB, 0xA3, 0xC5, 0x33, 0x3A, 0x1E, 0x74, 0xB0,
    0x8E, 0xD6, 0x9E, 0xCB, 0xF2, 0x1B, 0x2C, 0x87, 0xBC, 0xAE, 0x39, 0x4C, 0xB8, 0xF1, 0x8B, 0xAF,
    0x27, 0x7D, 0x01, 0x8A, 0xD1, 0x6E, 0x04, 0x78, 0x4C, 0x3C, 0x6F, 0xD9, 0x23, 0x79, 0x58, 0x32,
    0xEB, 0x2D, 0xE7, 0x43, 0x99, 0x44, 0x61, 0x3B, 0x39, 0x1D, 0x02, 0xB2, 0x80, 0xA8, 0x6F, 0x16,
    0x84, 0x65, 0x56, 0x37, 0x8C, 0x36, 0x8A, 0x98, 0x98, 0x71, 0x8E, 0x6E, 0x13, 0x39, 0xA8, 0xC8,
    0x97, 0x5B, 0x5F, 0x42, 0x0E, 0x90, 0x44, 0xD6, 0x35, 0xCE, 0x29, 0xB9, 0xE4, 0x8C, 0x5A, 0xE6,
    0xAD, 0x33, 0x79, 0xCD, 0xE9, 0x50, 0xFC, 0x35, 0xDA, 0x82, 0xB3, 0x7E, 0xA2, 0x2D, 0x8E, 0x94,
    0x12, 0xBB, 0x10, 0xCA, 0x6B, 0x3E, 0x41, 0x8D, 0x9F, 0xAF, 0xC8, 0xBC, 0x56, 0x7C, 0xBC, 0x0B,
    0xF2, 0xFF, 0x88, 0xE8, 0x1B, 0x48, 0x3E, 0x59, 0x1D, 0x59, 0x63, 0x6C, 0x13, 0xD9, 0xA8, 0xD2,
    0x3B, 0x3A, 0xBE, 0x4F, 0x96, 0x4E, 0x9E, 0x9D, 0x69, 0x9E, 0xA8, 0x93, 0x57, 0x46, 0xCB, 0x56,
    0xDC, 0x41, 0x82, 0xEF, 0x91, 0x4D, 0x0F, 0xDA, 0x37, 0xD0, 0xEA, 0x45, 0xF6, 0x0D, 0x5A, 0xDD,
    0x9A, 0x81, 0x5B, 0x43, 0x82, 0x26, 0x49, 0xF8, 0x6D, 0x22, 0xC0, 0xF8, 0x29, 0x83, 0x7F, 0xA9,
    0x73, 0x4D, 0xE4, 0x6A, 0x91, 0xB9, 0x62, 0x38, 0x9B, 0x5D, 0xD8, 0xC9, 0xE1, 0x85, 0x91, 0xB1,
    0xAF, 0x9C, 0x7C, 0x4E, 0xEB, 0xC0, 0x0F, 0xF2, 0xE7, 0xC4, 0xF5, 0xDA, 0x7F, 0x84, 0x1C, 0xD7,
    0xE4, 0x8D, 0x25, 0x32, 0xAC, 0x10, 0x15, 0x9F, 0x0D, 0x24, 0x37, 0x0E, 0xE2, 0xDA, 0x6E, 0xEC,
    0xAE, 0x86, 0x10, 0xB4, 0x15, 0xE1, 0x9A, 0xDC, 0x91, 0xBB, 0x0F, 0x5C, 0xF3, 0x28, 0xD6, 0x25,
    0xD7, 0x5F, 0x0E, 0xF4, 0x20, 0x4F, 0x7A, 0x85, 0xCC, 0x93, 0x63, 0x05, 0x08, 0x1D, 0xF7, 0x20,
    0x78, 0x9D, 0x20, 0xA4, 0xCD, 0xBB, 0x58, 0x7D, 0xC1, 0x83, 0x2F, 0xBA, 0x7C, 0xEB, 0x64, 0x2E,
    0xC3, 0xB1, 0x7C, 0x73, 0x74, 0xA8, 0xE9, 0x43, 0xB8, 0x10, 0xEE, 0x78, 0x65, 0xA2, 0x90, 0xB3,
    0x89, 0x72, 0x1E, 0x72, 0xE6, 0x38, 0x01, 0x7B, 0xE5, 0xED, 0x53, 0xE5, 0x95, 0x25, 0x17, 0x65,
    0xB1, 0xFE, 0x4D, 0xD7, 0x4F, 0x27, 0x33, 0xA3, 0xD8, 0xE0, 0x31, 0xEA, 0x41, 0xBD, 0x68, 0x93,
    0x3D, 0x19, 0xEB, 0xCC, 0x2E, 0xD8, 0x25, 0xE6, 0x00, 0x97, 0xB3, 0xCC, 0xF8, 0x27, 0x5B, 0xE9,
    0x21, 0x0C, 0x3A, 0x1D, 0xC7, 0xA6, 0x80, 0x65, 0x8F, 0xA8, 0x8C, 0x3E, 0xC0, 0x80, 0x7D, 0x5B,
    0x34, 0xFE, 0x8A, 0xF0, 0x05, 0xBE, 0xA3, 0xC5, 0xD0, 0x62, 0xEC, 0xE8, 0xDC, 0x2D, 0x82, 0x7B,
    0x49, 0x70, 0x63, 0x40, 0xA1, 0xB8, 0x4D, 0x70, 0x47, 0x08, 0x3C, 0x4A, 0xF9, 0x56, 0x21, 0xCD,
    0xD9, 0xDF, 0x36, 0xB0, 0x15, 0x48, 0x70, 0x47, 0x90, 0xB9, 0x23, 0x5C, 0x0F, 0xFB, 0x42, 0xF0,
    0xC6, 0x32, 0xA7, 0xC3, 0x0B, 0xC7, 0xC2, 0x23, 0x79, 0xED, 0x67, 0xB4, 0x18, 0x1C, 0xD8, 0x77,
    0xB4, 0x18, 0x3B, 0x51, 0x7B, 0x60, 0x3E, 0x76, 0x09, 0xA2, 0x68, 0xAA, 0x8D, 0xCA, 0xFD, 0x2F,
    0x9D, 0x95, 0x5B, 0xAA, 0xDC, 0x30, 0x0C, 0x86, 0x05, 0x7E, 0x2D, 0x78, 0x2B, 0x5D, 0xC0, 0x80,
    0xB7, 0x6E, 0xE8, 0x02, 0xBA, 0x15, 0xC3, 0xBC, 0x1A, 0xD4, 0xFF, 0x62, 0x27, 0x93, 0x99, 0xD3,
    0xD0, 0xD3, 0x0C, 0x93, 0xCF, 0xF8, 0x22, 0xFF, 0x92, 0x65, 0x25, 0xA2, 0x86, 0x9E, 0x66, 0xA4,
    0xDE, 0x25, 0xF1, 0x44, 0x54, 0xA3, 0x09, 0x25, 0x47, 0x94, 0x89, 0xBE, 0x19, 0x6D, 0x44, 0x1D,
    0x59, 0xB2, 0x47, 0xC1, 0xE0, 0xE4, 0x8A, 0x8A, 0xD1, 0x3D, 0x13, 0xFF, 0x5F, 0x99, 0xB3, 0x61,
    0x1C, 0xDD, 0x8D, 0xAB, 0xE2, 0x27, 0x8C, 0x8E, 0x6D, 0x39, 0x6D, 0x39, 0xFB, 0x02, 0x96, 0x77,
    0x09, 0x68, 0x46, 0x4A, 0x0E, 0x97, 0x01, 0xD8, 0x2C, 0xB8, 0x00, 0xB3, 0xB0, 0x73, 0x6E, 0x01,
    0x94, 0xF3, 0x23, 0xDE, 0x9F, 0xC6, 0x2D, 0x53, 0x76, 0x60, 0xF7, 0xC4, 0x1A, 0x3B, 0x1D, 0x45,
    0xFF, 0x5C, 0x90, 0xE8, 0x9C, 0xF8, 0x43, 0xEB, 0x46, 0x68, 0xF3, 0x13, 0x0F, 0xA2, 0x60, 0x64,
    0x21, 0x89, 0xDA, 0x67, 0x99, 0xB5, 0x13, 0x68, 0x27, 0x01, 0x63, 0xCF, 0x85, 0x01, 0x4C, 0xC8,
    0xE4, 0x74, 0x38, 0x28, 0xF7, 0xDB, 0x6F, 0xC5, 0x29, 0xE5, 0x4E, 0x3C, 0x0C, 0x3F, 0x6E, 0x95,
    0x69, 0x0C, 0xA1, 0x2E, 0x78, 0x4C, 0xD1, 0x9A, 0x0E, 0xF2, 0x81, 0x5C, 0x32, 0xB6, 0x1A, 0x8A,
    0xAF, 0x68, 0x03, 0x0D, 0x9E, 0x13, 0x21, 0xB9, 0x95, 0x2F, 0xFA, 0x33, 0xF5, 0xC3, 0x0A, 0xA2,
    0x42, 0x1E, 0xD1, 0x2B, 0xD1, 0xE0, 0x0B, 0xBA, 0x19, 0xC0, 0x32, 0xD0, 0xC0, 0xD9, 0x0D, 0x0C,
    0xE0, 0xF0, 0x47, 0xE1, 0x00, 0x65, 0x61, 0x07, 0xFA, 0xD0, 0x46, 0xF3, 0xC1, 0xD5, 0x3C, 0xF4,
    0x2F, 0xD5, 0x5F, 0x8A, 0x6F, 0x3E, 0xE9, 0x7C, 0x85, 0x9C, 0xD5, 0xD6, 0x44, 0x53, 0x46, 0x74,
    0x27, 0x46, 0x7F, 0x18, 0xD2, 0xD6, 0xAE, 0x88, 0x0D, 0x4E, 0xB9, 0x80, 0xD9, 0xCA, 0x13, 0x33,
    0xAA, 0x9C, 0x0D, 0x7B, 0x2C, 0xA4, 0xF1, 0x1A, 0xC1, 0xE1, 0x94, 0xD4, 0xB6, 0x1F, 0xC0, 0xC2,
    0xE2, 0x88, 0xFD, 0x07, 0x0A, 0x53, 0x04, 0xE8, 0x1B, 0x88, 0x35, 0xB2, 0x05, 0xC7, 0x12, 0x34,
    0x9D, 0x0B, 0x14, 0xCE, 0xFC, 0xB2, 0xB4, 0x57, 0x58, 0xC4, 0xF8, 0x0A, 0x1F, 0x3A, 0x11, 0x75,
    0xAF, 0xE3, 0x39, 0x22, 0x6C, 0x8C, 0x1C, 0x9A, 0x0C, 0x99, 0x0E, 0x54, 0xCE, 0x4B, 0x59, 0x7B,
    0x0E, 0x05, 0x30, 0x85, 0xE2, 0x7B, 0x15, 0x46, 0x71, 0x67, 0x7D, 0x6A, 0x26, 0xCC, 0x03, 0x45,
    0xD7, 0x69, 0xB6, 0x29, 0xD3, 0x68, 0x32, 0x6F, 0x78, 0x89, 0xC6, 0xAD, 0x5C, 0xDF, 0xAA, 0x41,
    0x59, 0x2B, 0x0B, 0x9C, 0x3C, 0x4A, 0x0B, 0x34, 0x95, 0x16, 0x53, 0xF7, 0x3C, 0x57, 0x7D, 0xB9,
    0x40, 0xE9, 0x78, 0xE0, 0xBB, 0x53, 0x76, 0x32, 0x5C, 0x42, 0x9A, 0xC7, 0x45, 0x4F, 0xDF, 0xFE,
    0xAB, 0xFE, 0x1B, 0xB4, 0xFB, 0xB7, 0xAC, 0x5D, 0xDE, 0x37, 0xF3, 0x8F, 0x1A, 0xB9, 0x8F, 0xAF,
    0xFB, 0x16, 0xFC, 0xCB, 0xFB, 0x75, 0xD5, 0xFB, 0xDA, 0x72, 0xDE, 0xBC, 0x5D, 0x44, 0xAE, 0x70,
    0x40, 0xDE, 0x30, 0xFF, 0xB6, 0xE0, 0x1A, 0xAC, 0x23, 0x66, 0xEF, 0x33, 0xBB, 0x4D, 0xCF, 0xB5,
    0x83, 0x4A, 0xFC, 0x5C, 0xA6, 0x95, 0x4D, 0xAC, 0x22, 0x5D, 0x28, 0xFD, 0x6E, 0x3F, 0x25, 0x94,
    0x6A, 0x1C, 0x32, 0x68, 0x6C, 0xA0, 0x0C, 0x2D, 0xA8, 0xC0, 0x19, 0xE8, 0xF9, 0xC4, 0x75, 0xCA,
    0xED, 0xCC, 0x70, 0xED, 0x7E, 0xAC, 0x12, 0x6E, 0xE0, 0x76, 0xA4, 0xCB, 0x66, 0xBA, 0x96, 0xEB,
    0xEB, 0x34, 0x7C, 0xA4, 0x46, 0x11, 0x7A, 0x74, 0x7F, 0xCF, 0xE2, 0x94, 0xFD, 0x07, 0xB5, 0x95,
    0x41, 0x8E, 0x23, 0x31, 0x08, 0x45, 0x91, 0xBC, 0x6D, 0x89, 0x0B, 0x45, 0xE2, 0xEA, 0x96, 0x72,
    0x80, 0xB9, 0x0A, 0x52, 0xB6, 0x48, 0x1E, 0xFE, 0xC7, 0x4E, 0xD9, 0x49, 0xBA, 0xA7, 0x37, 0x53,
    0x4A, 0xEA, 0xA5, 0xCA, 0x18, 0xF0, 0x37, 0x26, 0xE2, 0x82, 0xAB, 0x0D, 0x5E, 0x0B, 0xF3, 0xA5,
    0xE3, 0xF3, 0x3B, 0x60, 0x9A, 0xB7, 0x07, 0x10, 0x0B, 0xEF, 0x96, 0x51, 0x18, 0xD2, 0x7A, 0xC2,
    0x3A, 0xA1, 0x5D, 0x01, 0xFC, 0xC0, 0x70, 0x3D, 0x89, 0x4C, 0x98, 0x31, 0xA5, 0x05, 0xD9, 0x2F,
    0xE5, 0xBB, 0x38, 0x00, 0x2F, 0xF9, 0xC1, 0xD7, 0x80, 0x3B, 0x5E, 0xF6, 0x27, 0xE0, 0xF1, 0xC2,
    0x39, 0xF6, 0x6F, 0x93, 0xE5, 0xDA, 0xB4, 0x7B, 0x8E, 0x0E, 0xBD, 0x87, 0x98, 0x84, 0xF6, 0x21,
    0xD6, 0x12, 0x96, 0x23, 0x58, 0x8F, 0x47, 0x4E, 0xED, 0xB9, 0x5E, 0xD3, 0x91, 0xB8, 0xA5, 0xBE,
    0x9D, 0x8A, 0xC6, 0x91, 0xBF, 0xD8, 0xC0, 0x37, 0x2F, 0x11, 0xE6, 0x4E, 0x60, 0x60, 0xDA, 0x7D,
    0xC4, 0xB8, 0x26, 0x3C, 0xD1, 0x22, 0x30, 0xDE, 0xC2, 0x08, 0x37, 0x84, 0x82, 0xA2, 0xD4, 0x1B,
    0x19, 0x51, 0x61, 0xA3, 0xD0, 0x31, 0xB8, 0x1D, 0x23, 0x08, 0x8B, 0x12, 0x8B, 0x68, 0x70, 0x99,
    0xEB, 0x88, 0x1C, 0x44, 0xEE, 0x3A, 0xDC, 0x90, 0xE4, 0xF0, 0x9B, 0x62, 0x4F, 0x7C, 0xCB, 0xBD,
    0xB6, 0xA0, 0x1B, 0xF3, 0x82, 0x04, 0xA0, 0x41, 0x0A, 0x8E, 0x0E, 0xEA, 0x8F, 0x51, 0x68, 0x16,
    0x95, 0xFD, 0x2C, 0xB0, 0x27, 0x2B, 0xFD, 0xA8, 0x62, 0x2B, 0x87, 0x7E, 0xED, 0x6D, 0x97, 0x92,
    0x67, 0x67, 0xDE, 0x18, 0x39, 0xC5, 0x1A, 0x74, 0x18, 0x14, 0x55, 0xBD, 0xAA, 0x36, 0x77, 0xE0,
    0x8F, 0xD3, 0x4C, 0x61, 0xDE, 0x10, 0x0A, 0xAF, 0x33, 0x0B, 0x3C, 0x1B, 0x56, 0x88, 0x95, 0xA6,
    0x3F, 0x85, 0xDE, 0x0D, 0x7E, 0x06, 0x0D, 0xD3, 0x22, 0x2D, 0x11, 0xE3, 0x0B, 0xD1, 0x7A, 0x49,
    0xED, 0x4B, 0x71, 0x54, 0x16, 0xAA, 0x70, 0x43, 0x15, 0x6D, 0x01, 0xA7, 0xE6, 0x42, 0x67, 0x55,
    0x7C, 0x40, 0xD6, 0x45, 0x86, 0x33, 0x93, 0x85, 0x7C, 0x89, 0xE4, 0x12, 0x3A, 0xE1, 0x80, 0x03,
    0x88, 0x12, 0x4C, 0xC2, 0x00, 0x43, 0xA6, 0x8E, 0x4A, 0xA3, 0xB2, 0x8A, 0xC1, 0xF4, 0xD1, 0x21,
    0x80, 0xA9, 0x88, 0xCF, 0x4D, 0x29, 0x4D, 0x8F, 0x3B, 0xCB, 0xE7, 0xBF, 0xDC, 0xDF, 0x63, 0x6D,
    0x11, 0xE3, 0xB2, 0x19, 0x2F, 0x90, 0x1F, 0xCA, 0x1C, 0xD5, 0xF1, 0x0E, 0x67, 0x31, 0xFD, 0x88,
    0x6F, 0xE6, 0xC9, 0x05, 0xF1, 0x97, 0x78, 0xAD, 0x52, 0xD1, 0xB1, 0x3F, 0xB1, 0x66, 0xCA, 0xF6,
    0x79, 0x68, 0xAF, 0xA6, 0xB8, 0x81, 0xD5, 0x5A, 0x8D, 0x67, 0xE8, 0xAA, 0x69, 0xEB, 0xDB, 0x01,
    0x39, 0x17, 0xB7, 0x7C, 0xB1, 0x9D, 0xD4, 0x44, 0xAF, 0x0E, 0x50, 0xE7, 0x51, 0x1D, 0x05, 0x99,
    0xD0, 0x07, 0x61, 0xF7, 0x02, 0x1B, 0xA2, 0x7F, 0x15, 0x64, 0xA1, 0xE6, 0xBD, 0x60, 0x1E, 0x53,
    0xD4, 0x76, 0x97, 0x29, 0xF5, 0x89, 0xA8, 0x74, 0x4E, 0x7C, 0xB4, 0x3C, 0xAE, 0x73, 0xFF, 0xAA,
    0x1F, 0x3B, 0x0F, 0x37, 0xCF, 0xFF, 0x6C, 0x68, 0x9C, 0x77, 0x62, 0x5B, 0x77, 0x7C, 0xA7, 0xA1,
    0xD4, 0x81, 0x5B, 0xB0, 0xD8, 0x9C, 0x3E, 0x39, 0x85, 0x95, 0xD5, 0x32, 0x4A, 0xEE, 0x92, 0xB1,
    0x26, 0x31, 0x40, 0x3E, 0xB0, 0x59, 0xE5, 0x31, 0xE1, 0x5F, 0x40, 0x8A, 0xC9, 0x56, 0xB1, 0x76,
    0x97, 0x87, 0x7E, 0x66, 0x5B, 0x8F, 0x8F, 0x31, 0xE7, 0x19, 0xB7, 0x83, 0x62, 0xB2, 0x39, 0xE3,
    0xA6, 0xF4, 0x7F, 0xBB, 0xE2, 0x20, 0x9D, 0x5F, 0xF1, 0x25, 0xBF, 0x7D, 0x7E, 0xBA, 0xFB, 0x0B,
    0x8D, 0x95, 0x5D, 0x6E, 0xEC, 0x20, 0x0C, 0x85, 0x91, 0x78, 0x1D, 0x89, 0xAD, 0x74, 0x01, 0x91,
    0xBC, 0x75, 0xA4, 0x2C, 0xA0, 0x5B, 0x41, 0xCA, 0x2B, 0x92, 0x7B, 0x7C, 0xEC, 0x90, 0x40, 0x33,
    0x9D, 0x46, 0xBD, 0x7C, 0xBD, 0xD8, 0x80, 0x7F, 0x0E, 0x54, 0xD5, 0xBE, 0xAA, 0x13, 0x7A, 0xC2,
    0x57, 0x06, 0x04, 0x73, 0x17, 0x66, 0x5B, 0xA0, 0xA8, 0xF6, 0x1B, 0x6A, 0xFA, 0x88, 0x79, 0xC1,
    0x58, 0x67, 0x9B, 0xE5, 0xBA, 0x9C, 0x50, 0x34, 0x90, 0x36, 0x20, 0x37, 0x1A, 0xD2, 0x18, 0x85,
    0x23, 0xA2, 0xEB, 0x29, 0x5B, 0xFC, 0x49, 0xF8, 0xBB, 0xD6, 0x94, 0xB1, 0x33, 0xBC, 0x9A, 0xB4,
    0x0A, 0xAF, 0xB2, 0x63, 0x32, 0xBD, 0xB2, 0xE6, 0x4E, 0xFF, 0xE6, 0x5B, 0xFB, 0xCE, 0xD8, 0x97,
    0x13, 0xAC, 0x80, 0xE8, 0xF5, 0xC9, 0x37, 0x3C, 0x84, 0x47, 0x3D, 0x8E, 0x3C, 0x71, 0x1A, 0x6F,
    0x56, 0xFB, 0x32, 0x47, 0xB1, 0x70, 0xCC, 0xDE, 0xFC, 0x08, 0x9E, 0x64, 0x67, 0x33, 0xCF, 0x15,
    0x7E, 0xF4, 0x82, 0x47, 0x4F, 0xB6, 0xA5, 0xCD, 0xC8, 0x03, 0x56, 0xAD, 0xDC, 0x1E, 0x50, 0x02,
    0x95, 0x9E, 0x32, 0x23, 0xD1, 0xF6, 0x72, 0x9C, 0x55, 0x46, 0x19, 0xD3, 0x55, 0xF3, 0x28, 0xBA,
    0xA7, 0xE8, 0xE5, 0xAA, 0x33, 0x36, 0x77, 0x5E, 0x90, 0xD9, 0xE9, 0xAD, 0xCC, 0xA0, 0x26, 0xFE,
    0xC6, 0xBA, 0xAE, 0xB9, 0x8D, 0x7B, 0xD6, 0xE5, 0x20, 0xD1, 0x00, 0xF5, 0x22, 0x2D, 0x02, 0xEC,
    0x13, 0xD8, 0x6C, 0x6F, 0x90, 0x97, 0x52, 0x3A, 0xB7, 0xD0, 0x6E, 0x6D, 0x29, 0x70, 0xC3, 0xB4,
    0xB6, 0x9E, 0x2D, 0x23, 0xE8, 0x4F, 0x3A, 0x34, 0x05, 0x85, 0x75, 0x64, 0x0E, 0x4B, 0x5B, 0x3A,
    0x71, 0x35, 0xF5, 0x86, 0xEE, 0x67, 0xFC, 0x85, 0xB7, 0x0B, 0x18, 0xCC, 0x16, 0x72, 0xF0, 0x38,
    0x1D, 0x2E, 0x59, 0xE4, 0xC4, 0x7E, 0xE8, 0xCE, 0xAB, 0x41, 0xB9, 0x27, 0x3D, 0x1A, 0xA2, 0x2E,
    0x98, 0x83, 0x98, 0x79, 0x05, 0x98, 0x4D, 0x81, 0x7D, 0x63, 0x53, 0xBE, 0x52, 0xA4, 0x7E, 0x56,
    0x60, 0x34, 0xF2, 0x56, 0x0A, 0x16, 0x69, 0x45, 0xF7, 0x44, 0x1F, 0xF1, 0xD6, 0x93, 0xE1, 0xB7,
    0x47, 0x81, 0x33, 0x1F, 0xC6, 0xB4, 0xC0, 0x6F, 0xF7, 0x82, 0xB7, 0x9E, 0xF1, 0x1C, 0x5C, 0x38,
    0xDC, 0x76, 0x82, 0xF2, 0x2D, 0x81, 0xFD, 0x01, 0x92, 0x5D, 0xB4, 0x0E, 0x75, 0x6C, 0x21, 0x7B,
    0x53, 0x16, 0xFE, 0xBD, 0x42, 0xE6, 0xD5, 0x91, 0xEE, 0xB8, 0xF7, 0xEF, 0x8C, 0x0C, 0x37, 0x45,
    0xBC, 0xB2, 0xE2, 0x57, 0x44, 0xFC, 0x19, 0x90, 0x71, 0xB3, 0xBB, 0x4E, 0x8A, 0x4C, 0xF3, 0x77,
    0xAB, 0xE7, 0xFF, 0xB4, 0xF4, 0x49, 0x7C, 0xDD, 0x5B, 0x81, 0x54, 0xF4, 0xF6, 0x04, 0xE1, 0xB9,
    0x40, 0x48, 0xF9, 0x17, 0x60, 0xDA, 0x2F, 0xFC, 0xB2, 0x1D, 0xBE, 0xFC, 0x18, 0xFF, 0xEB, 0x5E,
    0xFE, 0x13, 0x62, 0xEB, 0x72, 0x00, 0x8F, 0x49, 0x79, 0x80, 0xD9, 0x4A, 0xA0, 0x12, 0x2C, 0xAE,
    0x39, 0x6C, 0xD0, 0x6F, 0x13, 0x7F, 0x8F, 0x5F, 0xE3, 0x76, 0x96, 0x28, 0x4D, 0xA8, 0x35, 0xF9,
    0x1D, 0x88, 0x37, 0x1B, 0xE6, 0xA3, 0xC7, 0xF4, 0xF9, 0x9E, 0x0B, 0xD3, 0xB7, 0xBF, 0x08, 0x35,
    0xAE, 0xBF, 0xCD, 0x61, 0xFC, 0xB6, 0x17, 0x5A, 0xAE, 0xE7, 0xD4, 0x0B, 0x5E, 0xAD, 0x1C, 0x68,
    0xDF, 0x3E, 0xB1, 0x31, 0xDA, 0xCF, 0xF4, 0x54, 0xC9, 0x23, 0xD6, 0x37, 0xAE, 0xC7, 0x8F, 0x26,
    0xA7, 0x9D, 0x53, 0x4F, 0x99, 0x0E, 0xF2, 0x76, 0xFC, 0x00, 0x9D, 0x95, 0x5D, 0x8A, 0xC3, 0x30,
    0x0C, 0x84, 0x05, 0x7E, 0x5D, 0xF0, 0x55, 0xF6, 0x00, 0x01, 0x5D, 0xDD, 0xB0, 0x07, 0xE8, 0x55,
    0x04, 0x79, 0x35, 0x68, 0x67, 0x24, 0xA7, 0x6E, 0xD2, 0x36, 0x9B, 0x6E, 0x49, 0xFB, 0xB5, 0xB6,
    0x2C, 0x8D, 0x7E, 0x92, 0x8A, 0x8C, 0x97, 0x1A, 0x3F, 0xDD, 0x89, 0xEA, 0xFE, 0xE3, 0xDE, 0xAB,
    0x5B, 0x01, 0xA4, 0xDC, 0x61, 0x72, 0x80, 0x3A, 0x4F, 0x3C, 0x60, 0xE5, 0x5E, 0x4D, 0x13, 0xED,
    0x09, 0x0F, 0xC0, 0x67, 0x82, 0x26, 0x65, 0x5D, 0x89, 0xBA, 0x5A, 0xE0, 0xC7, 0xB8, 0xA7, 0xC3,
    0x67, 0xC6, 0x5B, 0xCA, 0x69, 0xF4, 0x10, 0x5D, 0xDA, 0x26, 0x3F, 0x7F, 0x63, 0x27, 0x96, 0x3B,
    0x33, 0x91, 0xE2, 0x81, 0x9A, 0xD0, 0x5B, 0x83, 0x6F, 0xD1, 0xCA, 0x10, 0xE2, 0xB0, 0x41, 0x24,
    0xE8, 0x01, 0xB0, 0xA4, 0x2D, 0x92, 0x70, 0x0B, 0xAC, 0xC0, 0xA2, 0x6E, 0x58, 0x4C, 0xB7, 0x1B,
    0x42, 0x0A, 0x0E, 0xC0, 0x06, 0x3E, 0x37, 0x98, 0xDC, 0xC1, 0xE4, 0x27, 0x2C, 0x11, 0x15, 0x7D,
    0x81, 0xDC, 0x43, 0x12, 0x4B, 0x74, 0x60, 0x34, 0x62, 0x66, 0xE2, 0x2C, 0x17, 0xDE, 0xBD, 0x24,
    0xA2, 0xAE, 0xB6, 0x68, 0xAB, 0x0D, 0x70, 0x2E, 0x06, 0x9C, 0x8B, 0x89, 0x5A, 0x4C, 0xAF, 0x21,
    0xB2, 0x1D, 0xF0, 0x3E, 0x20, 0xB5, 0x47, 0x58, 0xF5, 0x28, 0xA9, 0x2B, 0x02, 0xA1, 0x9C, 0x50,
    0xCA, 0x54, 0x4A, 0x88, 0x6A, 0xBC, 0x58, 0x54, 0x8C, 0x0C, 0xFB, 0x30, 0x7A, 0x11, 0xD3, 0xD3,
    0x70, 0xA1, 0xEE, 0xA4, 0x4D, 0x5A, 0x6D, 0x1C, 0x85, 0x27, 0x1E, 0xED, 0x28, 0x21, 0x06, 0x50,
    0x18, 0x91, 0xA5, 0x31, 0xEA, 0x61, 0xB9, 0x98, 0x9D, 0x1E, 0xC8, 0x3E, 0x6B, 0xCB, 0x42, 0xD6,
    0x21, 0xAD, 0x84, 0x36, 0xFA, 0x0B, 0xBB, 0x60, 0xFE, 0xEE, 0x9F, 0xE8, 0x08, 0x8A, 0x95, 0x86,
    0x4B, 0x32, 0x5C, 0xDB, 0x03, 0x63, 0x50, 0xD1, 0x87, 0x53, 0x30, 0xC0, 0x13, 0xEA, 0x40, 0xA3,
    0xAC, 0xAE, 0x2D, 0xD5, 0x65, 0x50, 0x26, 0x81, 0x3D, 0x4B, 0xC8, 0x23, 0xDE, 0x88, 0x98, 0x26,
    0x45, 0xFE, 0x34, 0x79, 0x02, 0x2B, 0x4E, 0x2D, 0xBC, 0xD9, 0x27, 0x5A, 0xB9, 0x8A, 0xDD, 0xB9,
    0x93, 0x40, 0x17, 0x94, 0x9D, 0x9B, 0xA0, 0x4B, 0xEF, 0x40, 0xC3, 0xDB, 0x11, 0x9B, 0x49, 0x1D,
    0xE8, 0x09, 0x0F, 0xA8, 0x47, 0x8F, 0x94, 0x9D, 0xE8, 0x7C, 0x12, 0x30, 0x07, 0x7C, 0x01, 0x30,
    0xD2, 0x4A, 0x2F, 0x18, 0x22, 0x00, 0xB7, 0x65, 0x79, 0x23, 0x70, 0x57, 0xF9, 0x77, 0xE2, 0x77,
    0x3A, 0xF5, 0x4C, 0xE7, 0x34, 0x99, 0xB8, 0x96, 0x66, 0x0D, 0xAC, 0x9A, 0xC8, 0x73, 0xEB, 0x3C,
    0x7E, 0xA1, 0xF2, 0x79, 0x3B, 0xC9, 0x07, 0x95, 0xDF, 0xA7, 0xA2, 0xAF, 0x52, 0x29, 0xFB, 0x91,
    0xDA, 0x26, 0x4B, 0x5E, 0x60, 0x67, 0x52, 0x1E, 0x67, 0xE9, 0xFF, 0x63, 0xF3, 0x95, 0x26, 0x9A,
    0xB8, 0xBB, 0xF6, 0x0C, 0x44, 0xE0, 0xBF, 0xAD, 0x47, 0x59, 0x63, 0x0A, 0xBE, 0xB7, 0x99, 0xF0,
    0x29, 0xDE, 0xE3, 0x01, 0x1F, 0x4F, 0x0E, 0xFA, 0x34, 0xED, 0x72, 0x8B, 0x21, 0x0A, 0x4B, 0xD1,
    0xB8, 0x8B, 0x3D, 0x22, 0xD0, 0x2E, 0x8F, 0xA7, 0xF8, 0x7A, 0x2D, 0x87, 0x5F, 0x95, 0x95, 0x4D,
    0x8A, 0xC3, 0x30, 0x0C, 0x85, 0x05, 0xDE, 0x06, 0x7C, 0x95, 0x1C, 0x20, 0xA0, 0xAB, 0x1B, 0xBA,
    0x1D, 0xC8, 0x55, 0x0C, 0xDD, 0x0A, 0x34, 0x7A, 0x92, 0x9C, 0xDA, 0x69, 0x07, 0xA6, 0x9D, 0x49,
    0x3F, 0xE2, 0x1F, 0xE9, 0x49, 0x96, 0x5C, 0x55, 0x7C, 0x9A, 0x2E, 0x10, 0xB2, 0x4F, 0x6D, 0x52,
    0xED, 0x65, 0x02, 0x11, 0xBF, 0x0F, 0xAA, 0x4A, 0xBD, 0x36, 0x70, 0x0C, 0x0E, 0x50, 0xC7, 0x06,
    0x2E, 0x7F, 0xE3, 0xA8, 0x5A, 0xB1, 0x5D, 0x19, 0x56, 0x54, 0x8A, 0x9E, 0x26, 0xA2, 0x11, 0x9F,
    0x4D, 0xCC, 0x68, 0x39, 0x6F, 0xCA, 0x66, 0x81, 0xA5, 0x99, 0x4F, 0xA2, 0x70, 0xED, 0xE0, 0x84,
    0x7F, 0xF9, 0xCA, 0x1E, 0x1B, 0x24, 0x91, 0x83, 0x54, 0x3A, 0xC1, 0x44, 0x0D, 0xD8, 0xB6, 0x09,
    0x4A, 0x40, 0x11, 0x47, 0xF5, 0x38, 0x3B, 0x07, 0xD4, 0xE1, 0xCA, 0xEC, 0x7F, 0x0F, 0xD0, 0x7F,
    0xE0, 0xDE, 0xEF, 0x08, 0xED, 0x47, 0xCA, 0x7F, 0xA7, 0xBC, 0xF3, 0x08, 0x3E, 0xC4, 0xE2, 0x13,
    0x53, 0xB3, 0x52, 0xA1, 0xEC, 0xA0, 0x48, 0xD0, 0x51, 0x92, 0xAC, 0x35, 0x18, 0x07, 0x75, 0x6C,
    0x49, 0x5A, 0xC9, 0x66, 0xE7, 0x7C, 0xB1, 0x68, 0x37, 0x76, 0xB3, 0x8B, 0xF9, 0x2D, 0xB3, 0x53,
    0x21, 0x4F, 0x32, 0xEF, 0x92, 0xA9, 0x46, 0x38, 0x23, 0xE5, 0x7E, 0x1A, 0x88, 0x8E, 0x36, 0x42,
    0x9A, 0x7D, 0xC9, 0x37, 0x44, 0x1C, 0x41, 0x95, 0xF9, 0xDD, 0xE6, 0xAD, 0x3A, 0xF4, 0x33, 0xC7,
    0xFC, 0xC2, 0x2D, 0x19, 0x76, 0x28, 0xED, 0x55, 0x8B, 0xCB, 0xED, 0x4A, 0xAC, 0x43, 0x5C, 0xA0,
    0xC9, 0x8D, 0x75, 0x17, 0x39, 0xE3, 0xBA, 0xB1, 0x7B, 0xE1, 0x59, 0x7D, 0x60, 0x95, 0xA1, 0x26,
    0x62, 0x90, 0x13, 0xF0, 0x26, 0x14, 0xA5, 0xF7, 0xCC, 0x0A, 0x44, 0xDD, 0x25, 0x8A, 0xF0, 0x8F,
    0xA3, 0x72, 0x03, 0xCC, 0x8A, 0xA3, 0x88, 0x83, 0x34, 0xC0, 0xC0, 0x4E, 0xDB, 0xB3, 0x17, 0x4B,
    0xA9, 0x49, 0x07, 0x14, 0x6F, 0xBD, 0xDA, 0x12, 0x3B, 0x1B, 0x1B, 0xEA, 0x18, 0x86, 0xE9, 0x10,
    0xE5, 0xFA, 0x6A, 0x9F, 0xFA, 0x02, 0x0D, 0xE5, 0xFA, 0xA3, 0x3B, 0xB2, 0xEE, 0x36, 0xEF, 0x21,
    0x8B, 0xA8, 0x78, 0x53, 0x04, 0x3A, 0x90, 0x0B, 0x26, 0xD4, 0xE8, 0x9B, 0x05, 0x6D, 0x64, 0x3A,
    0xF0, 0xB1, 0xDF, 0xD6, 0x25, 0x1F, 0x37, 0x8C, 0x96, 0x5C, 0xFC, 0x25, 0x66, 0x65, 0x17, 0x10,
    0x94, 0xB7, 0x7E, 0x44, 0x19, 0x58, 0x8D, 0x0D, 0x81, 0x63, 0x49, 0x38, 0x18, 0xF8, 0x38, 0x38,
    0xCF, 0xAD, 0x31, 0x5C, 0xA1, 0x34, 0x17, 0x6F, 0xED, 0x60, 0x4F, 0x7A, 0x70, 0x7F, 0xA7, 0xE8,
    0x69, 0x78, 0x48, 0xB4, 0xC6, 0xBE, 0xE4, 0xAC, 0xAD, 0xB0, 0xEA, 0xD9, 0xAD, 0x85, 0xFC, 0xFE,
    0x61, 0xC0, 0x4E, 0x10, 0x60, 0x3F, 0x3A, 0x57, 0x51, 0x3C, 0x8A, 0x01, 0x7B, 0x0E, 0xE1, 0x80,
    0xBF, 0xB1, 0x3C, 0x31, 0x57, 0x35, 0xF1, 0xB8, 0x6D, 0xB8, 0xAC, 0x78, 0x16, 0xAD, 0x7E, 0xE0,
    0x76, 0xC0, 0x56, 0x5B, 0x8C, 0x09, 0xD6, 0x87, 0x5F, 0xA9, 0xE2, 0x73, 0x21, 0xA3, 0xED, 0x80,
    0xD7, 0xB2, 0xCB, 0xBD, 0x90, 0x83, 0xDD, 0x3B, 0x3F, 0xAF, 0xDB, 0x8B, 0x79, 0xEF, 0x8E, 0x8B,
    0xA0, 0x8C, 0x86, 0xE9, 0x7E, 0x8D, 0x92, 0xCA, 0xC8, 0x78, 0x0B, 0x5B, 0x1C, 0xF7, 0x04, 0xEE,
    0x18, 0xCA, 0x4E, 0xA3, 0x91, 0xB1, 0xE6, 0x6F, 0xF1, 0x20, 0xDD, 0x9A, 0x67, 0x2B, 0xD9, 0x80,
    0x6D, 0x22, 0xFE, 0x66, 0xDE, 0xE7, 0xBF, 0x5C, 0x77, 0x50, 0x5C, 0x6C, 0x25, 0xC3, 0xC9, 0x1C,
    0xBE, 0xC2, 0x9C, 0x75, 0x48, 0x84, 0x6B, 0x1A, 0xAB, 0x4C, 0xD3, 0xA8, 0xBA, 0x33, 0xB8, 0xD5,
    0xA8, 0xD2, 0x11, 0xD7, 0x8B, 0x2D, 0x52, 0xF6, 0xD7, 0x3C, 0x69, 0xFA, 0x0F, 0x37, 0x31, 0x9E,
    0x0E, 0xF0, 0xD3, 0xA4, 0xE3, 0xD2, 0x61, 0xCF, 0x27, 0xA1, 0xB8, 0x72, 0x83, 0x5C, 0x42, 0x3C,
    0x8F, 0xF8, 0xBD, 0xBC, 0xF2, 0x98, 0xBF, 0x95, 0xF4, 0x0B, 0xAD, 0x95, 0x5B, 0x8A, 0xEC, 0x30,
    0x0C, 0x44, 0x0D, 0xFA, 0x6D, 0xF0, 0x56, 0x7A, 0x01, 0x01, 0x6D, 0xDD, 0xD0, 0x0B, 0xC8, 0x56,
    0x0C, 0xF9, 0x35, 0xE8, 0x96, 0xAA, 0xEC, 0x4C, 0xD2, 0xF3, 0xB8, 0x0C, 0x4C, 0x86, 0x9E, 0x93,
    0xC4, 0x89, 0xAC, 0x47, 0x49, 0x29, 0xC5, 0x5A, 0xC9, 0xA3, 0x76, 0xC2, 0x75, 0x15, 0x11, 0x38,
    0xA9, 0x82, 0xF7, 0xBC, 0x6D, 0x81, 0xDB, 0xB8, 0x88, 0x6E, 0x03, 0x4B, 0xAF, 0xE1, 0x5D, 0x4F,
    0xF2, 0x0D, 0x1F, 0x09, 0x8B, 0x63, 0xF0, 0x5E, 0x5A, 0x8B, 0xE8, 0x8E, 0xD5, 0x18, 0x69, 0xAD,
    0xFB, 0xB2, 0x86, 0x1F, 0xAC, 0x55, 0x59, 0x8B, 0x83, 0xD6, 0xC2, 0x46, 0xBE, 0xF1, 0x3C, 0xAD,
    0x85, 0xBC, 0xF8, 0xD8, 0xC1, 0x82, 0x17, 0x30, 0xA1, 0x5B, 0x5C, 0xDF, 0xCA, 0x3A, 0xD6, 0x59,
    0x4C, 0x3A, 0x43, 0x0A, 0x1E, 0xB0, 0x76, 0x67, 0x29, 0xA3, 0xA4, 0x9B, 0xC5, 0xB8, 0x39, 0xC9,
    0x9D, 0x6A, 0xC3, 0x2B, 0xE3, 0x83, 0x8E, 0x3F, 0xBA, 0x57, 0x62, 0xC3, 0x13, 0x06, 0x37, 0x03,
    0xAC, 0x51, 0x87, 0xEF, 0x08, 0x23, 0x3C, 0xAA, 0xE8, 0x2F, 0xEC, 0xE8, 0xFE, 0xA8, 0x2D, 0xB8,
    0xBB, 0xF5, 0x21, 0xD2, 0x6B, 0x67, 0xD4, 0x57, 0x5A, 0x68, 0xDD, 0x0F, 0x3E, 0x6F, 0xD1, 0x3C,
    0xF7, 0xC3, 0xBF, 0x4C, 0x8C, 0x67, 0x15, 0xC0, 0xFA, 0xC0, 0x62, 0xFE, 0xE4, 0xEE, 0x6F, 0xA1,
    0x78, 0xBB, 0x30, 0x26, 0x0A, 0x0B, 0x59, 0x2E, 0x68, 0xCA, 0x95, 0xB0, 0x33, 0x11, 0xFE, 0x12,
    0x94, 0x9E, 0xA0, 0x35, 0x9C, 0x87, 0x90, 0xDE, 0xA1, 0x5C, 0xAC, 0x71, 0xCB, 0x1B, 0x69, 0x6A,
    0x86, 0x00, 0x21, 0x30, 0x64, 0x64, 0x48, 0x99, 0x9D, 0x05, 0x51, 0x2D, 0xDA, 0x1D, 0x7F, 0x1C,
    0xCA, 0x19, 0x43, 0xBB, 0xC4, 0x10, 0x8C, 0x01, 0x4F, 0x04, 0xBD, 0xA2, 0xF3, 0x29, 0xE8, 0xCE,
    0xC8, 0x2D, 0xA4, 0xB5, 0x90, 0xD7, 0xFE, 0xE6, 0xF5, 0x72, 0xC2, 0xBF, 0x42, 0x4C, 0x50, 0x53,
    0xA6, 0x88, 0x26, 0x90, 0x9A, 0x41, 0x3D, 0xC9, 0xF9, 0x09, 0x19, 0x7B, 0x08, 0xD2, 0xE2, 0xB8,
    0xE3, 0xF7, 0xA1, 0xC0, 0xED, 0x2A, 0xD1, 0x40, 0x6A, 0x14, 0x15, 0xD2, 0xD3, 0xB8, 0xFE, 0xA4,
    0xA5, 0xA7, 0xFC, 0x28, 0x0B, 0xDE, 0x88, 0x18, 0x04, 0xA4, 0xCC, 0xB5, 0xD0, 0x46, 0x35, 0xAF,
    0x30, 0x10, 0x12, 0x69, 0x96, 0x8D, 0xA7, 0x17, 0xBC, 0x13, 0x26, 0x94, 0xC6, 0x3C, 0xAA, 0x2A,
    0xEF, 0x31, 0xAC, 0x2E, 0x54, 0xFD, 0x6C, 0xE2, 0x50, 0x8B, 0x51, 0xF0, 0xF0, 0x22, 0xF3, 0x8D,
    0x50, 0x28, 0xF7, 0x6C, 0xB1, 0x56, 0x35, 0x6A, 0x5C, 0x22, 0xD3, 0x70, 0x79, 0xAF, 0xC3, 0x57,
    0x98, 0x5A, 0xBA, 0x29, 0xA4, 0x73, 0xAD, 0xA9, 0xD1, 0xD9, 0xC0, 0x23, 0x6B, 0xEA, 0x27, 0x18,
    0x60, 0x5B, 0xF0, 0x6F, 0xCB, 0xF1, 0x56, 0x87, 0xFD, 0xDE, 0x16, 0x77, 0x49, 0xB1, 0x0E, 0xED,
    0x53, 0x1D, 0xCE, 0x18, 0xBA, 0xC6, 0x54, 0x67, 0x7E, 0xD2, 0x8F, 0x41, 0xD8, 0x44, 0x27, 0x6A,
    0xCF, 0x71, 0x89, 0x24, 0x7B, 0x49, 0xA1, 0x23, 0xCD, 0x89, 0x9C, 0x48, 0x0D, 0x2B, 0xB5, 0xD7,
    0xD7, 0x91, 0x9E, 0x2D, 0xD8, 0x91, 0x13, 0xD6, 0x29, 0xD8, 0x4D, 0x28, 0x8E, 0x21, 0x94, 0x99,
    0xD8, 0x09, 0xB8, 0x94, 0x40, 0x19, 0x47, 0xDA, 0x5F, 0xE8, 0xC2, 0x48, 0x98, 0x80, 0xAD, 0x13,
    0xF0, 0x9A, 0x45, 0x65, 0x4E, 0xFA, 0x96, 0x6E, 0x9A, 0xF2, 0x69, 0x12, 0xC7, 0xE5, 0x6B, 0x61,
    0xFD, 0x54, 0x72, 0xBB, 0x63, 0x48, 0x70, 0x17, 0x60, 0x36, 0x32, 0xAF, 0x3B, 0xED, 0xC7, 0x94,
    0xCF, 0xD5, 0x9A, 0x72, 0xBD, 0x7A, 0xFA, 0x5B, 0xD3, 0x67, 0x7F, 0xFE, 0x1F, 0x55, 0x5F, 0x10,
    0x9B, 0x98, 0xAA, 0xB9, 0xC7, 0xB0, 0xD0, 0xCE, 0x31, 0x13, 0x77, 0x2C, 0x3D, 0x2F, 0x21, 0x0F,
    0x3A, 0x51, 0x3B, 0x75, 0xE6, 0x6D, 0x82, 0x6D, 0xCE, 0x36, 0x64, 0x04, 0xB3, 0x29, 0xBD, 0x71,
    0xBE, 0x24, 0x9C, 0x42, 0xDD, 0xDC, 0xF5, 0x2D, 0xAA, 0x82, 0xBE, 0xB8, 0x3F, 0xC3, 0x63, 0x82,
    0x43, 0x04, 0x96, 0xCB, 0x3F, 0xAD, 0x55, 0x5B, 0x8A, 0xE3, 0x40, 0x0C, 0x6C, 0xE8, 0xDF, 0x85,
    0xBE, 0x8A, 0x0F, 0x60, 0xD0, 0xD5, 0x1B, 0x7C, 0x80, 0x5C, 0x45, 0x90, 0x5F, 0x81, 0xB6, 0xAA,
    0xD4, 0x76, 0x12, 0xEF, 0x0C, 0x33, 0x1F, 0x6B, 0x48, 0x8A, 0xB8, 0xA5, 0xD6, 0xA3, 0x4A, 0x4A,
    0x6B, 0x7D, 0x36, 0x3E, 0x63, 0x81, 0xE3, 0xCB, 0x92, 0x4F, 0xD3, 0x77, 0xCE, 0x05, 0x51, 0x56,
    0x41, 0x4B, 0x82, 0x2D, 0x28, 0xD7, 0x94, 0x77, 0x93, 0x51, 0x39, 0xF8, 0x02, 0x5E, 0xC9, 0x53,
    0xD8, 0xF3, 0xD4, 0xCA, 0x28, 0x5B, 0x47, 0xA4, 0x9E, 0x71, 0x06, 0x9C, 0xE5, 0x59, 0x49, 0xA4,
    0xAF, 0x7B, 0xF4, 0xE3, 0xE0, 0x25, 0x89, 0x50, 0x4C, 0x69, 0xC2, 0x69, 0x9A, 0xD7, 0x4D, 0xE7,
    0xD3, 0xBD, 0x20, 0x5E, 0x59, 0x54, 0x0D, 0x7E, 0x83, 0x32, 0xBE, 0x01, 0x0F, 0x9F, 0x27, 0x20,
    0xD2, 0x4A, 0xE6, 0xED, 0xA9, 0x52, 0xE2, 0x13, 0x10, 0xA7, 0x02, 0x7E, 0x40, 0x5F, 0xE0, 0x00,
    0xF4, 0xAA, 0xC0, 0x26, 0x61, 0xA0, 0x68, 0xBA, 0x07, 0x2F, 0x0C, 0xD6, 0x80, 0x94, 0xF6, 0x2B,
    0xC8, 0x7F, 0xA8, 0xE1, 0x0F, 0x21, 0xA6, 0x1C, 0xFD, 0xE2, 0x63, 0x81, 0xDD, 0x40, 0xED, 0x5D,
    0x90, 0x27, 0x14, 0x81, 0x22, 0xBB, 0xA7, 0x0B, 0x9E, 0x11, 0x62, 0x3E, 0x95, 0xD2, 0x54, 0x88,
    0x54, 0x9B, 0x78, 0x80, 0x9F, 0xB1, 0xFD, 0xBE, 0x86, 0x9F, 0x92, 0xF7, 0xB9, 0x34, 0xC8, 0x2C,
    0xDA, 0x4E, 0x7F, 0xCA, 0x07, 0x8A, 0x88, 0x81, 0x3E, 0xA2, 0xB9, 0xE8, 0xDB, 0x60, 0x12, 0xCA,
    0xD0, 0xA4, 0xAC, 0x18, 0x0F, 0x88, 0x11, 0x4A, 0x05, 0xC0, 0x24, 0x1F, 0x30, 0x81, 0xE3, 0x11,
    0x34, 0xA1, 0x48, 0x69, 0x32, 0x73, 0xC2, 0x04, 0xAE, 0x6E, 0x24, 0x64, 0x84, 0x51, 0x50, 0x4D,
    0x87, 0x8A, 0x67, 0xF3, 0xAD, 0x59, 0x17, 0xE4, 0xF7, 0x3C, 0x78, 0xDB, 0x90, 0x3C, 0x8A, 0x4D,
    0x00, 0x55, 0x7E, 0x38, 0x2E, 0xD9, 0x47, 0xA8, 0x9F, 0x1D, 0x59, 0x23, 0x17, 0x94, 0x31, 0x5C,
    0x81, 0x7B, 0xB3, 0x87, 0x77, 0x5E, 0xD9, 0xA5, 0xEB, 0x60, 0x85, 0x8D, 0xE5, 0x04, 0x75, 0xF1,
    0x1A, 0xB5, 0x12, 0xD8, 0x33, 0x76, 0x63, 0x77, 0xB6, 0x66, 0x25, 0xF0, 0x1B, 0x14, 0xC5, 0x37,
    0x38, 0x47, 0xC1, 0x7F, 0xAA, 0xA1, 0xD8, 0xA2, 0x16, 0xE2, 0x82, 0x7D, 0x0D, 0xEC, 0x52, 0xB7,
    0x5E, 0x5E, 0xB0, 0x22, 0xAC, 0xB3, 0x73, 0x00, 0x10, 0x68, 0xCD, 0xC1, 0x17, 0x20, 0x19, 0x9D,
    0x80, 0x16, 0x04, 0xE9, 0x7C, 0x90, 0x55, 0xB2, 0x02, 0x1B, 0x4C, 0x3F, 0xC0, 0x48, 0x8C, 0xC6,
    0xA2, 0x5F, 0x99, 0xFD, 0xCB, 0xC3, 0x57, 0x5A, 0x1A, 0x25, 0x22, 0x90, 0x49, 0x00, 0xA3, 0x07,
    0x59, 0x49, 0xD0, 0xD1, 0x30, 0xCF, 0x08, 0xD7, 0x9F, 0x3E, 0x1C, 0x3C, 0x3C, 0x1D, 0x3B, 0x63,
    0xDA, 0x81, 0x23, 0xEC, 0x25, 0x7C, 0x20, 0xEA, 0x5D, 0xA4, 0xC4, 0x50, 0xE3, 0xB7, 0xDA, 0x78,
    0x2D, 0x55, 0x0F, 0x75, 0x57, 0x43, 0xCC, 0xD9, 0xFD, 0x06, 0xCA, 0xE3, 0x13, 0x4A, 0x47, 0xBF,
    0x01, 0x6D, 0xBC, 0x3B, 0xE0, 0xC0, 0xD4, 0xD7, 0x77, 0xE8, 0x3C, 0x30, 0xCE, 0x9F, 0x80, 0x33,
    0x89, 0xE8, 0x41, 0xF9, 0x36, 0x75, 0x90, 0xC7, 0x28, 0x93, 0x8B, 0xD8, 0x35, 0x53, 0x83, 0x53,
    0xC2, 0xC5, 0xD9, 0x08, 0x10, 0x39, 0x5F, 0x9A, 0x29, 0x42, 0x42, 0xA7, 0x74, 0xEF, 0x53, 0x97,
    0x75, 0xE5, 0x32, 0x65, 0x95, 0x05, 0x7B, 0xFB, 0x98, 0x08, 0x2E, 0xF7, 0x51, 0xA0, 0x8D, 0xFF,
    0x06, 0x95, 0xF5, 0x0D, 0x70, 0x46, 0x36, 0x3F, 0x41, 0xDA, 0xB1, 0xF9, 0x02, 0xD0, 0x43, 0xCB,
    0xBE, 0x20, 0xEA, 0xCE, 0xA8, 0x5B, 0x0A, 0xB0, 0x16, 0xF4, 0xCB, 0xEA, 0x6C, 0x7F, 0x8F, 0xBE,
    0x09, 0x6E, 0x77, 0xB2, 0x22, 0x75, 0xAD, 0x78, 0x58, 0x20, 0x9F, 0xD6, 0xB6, 0x6A, 0xBE, 0x26,
    0x81, 0x6C, 0xA9, 0x7C, 0xB8, 0x6E, 0x5A, 0x80, 0x1E, 0x1C, 0x63, 0x48, 0x05, 0x1D, 0x57, 0x29,
    0x58, 0x28, 0x5C, 0x3A, 0xFA, 0xDB, 0xE9, 0xA4, 0x97, 0xD2, 0xE7, 0x0B, 0xB8, 0xE3, 0x4F, 0x4B,
    0xFD, 0x4C, 0x75, 0x5E, 0xFD, 0x14, 0x53, 0x30, 0x4D, 0x41, 0x2F, 0xA8, 0xDD, 0xD4, 0x24, 0x47,
    0x80, 0x49, 0x36, 0x8C, 0x57, 0x84, 0xDA, 0x5C, 0xBC, 0x16, 0xD4, 0xCB, 0xB6, 0xA0, 0x56, 0xB3,
    0x78, 0x18, 0xAA, 0xF9, 0x2F, 0xBD, 0x95, 0x5B, 0x6A, 0xC4, 0x30, 0x0C, 0x45, 0x05, 0xFE, 0x0D,
    0x78, 0x2B, 0xB3, 0x80, 0x01, 0x6D, 0xDD, 0x90, 0x05, 0x64, 0x2B, 0x82, 0xFE, 0x0A, 0xD4, 0xAB,
    0x87, 0xF3, 0x6A, 0xDA, 0xD2, 0x9F, 0x4E, 0x18, 0x9F, 0x89, 0x2D, 0x5B, 0xD2, 0xB5, 0xEC, 0x21,
    0xDA, 0x3F, 0xFC, 0x27, 0x2E, 0xE0, 0xE2, 0x6F, 0x83, 0xC9, 0xA2, 0x97, 0x63, 0x24, 0x38, 0x08,
    0x7D, 0x4C, 0x7D, 0x52, 0x88, 0x14, 0x6C, 0x42, 0x2D, 0xA8, 0x49, 0x74, 0xA2, 0x8B, 0xDD, 0xA8,
    0x17, 0x31, 0x95, 0x29, 0x97, 0x70, 0x8E, 0x4E, 0xC9, 0xF4, 0xBB, 0xFC, 0x10, 0x97, 0xD9, 0x95,
    0x31, 0xE7, 0x34, 0xFE, 0x3D, 0x3A, 0x52, 0x78, 0x27, 0x6C, 0x4F, 0x84, 0x33, 0x7E, 0xCD, 0xF0,
    0x33, 0xFA, 0x08, 0xB6, 0x69, 0xC6, 0xAA, 0x3D, 0x43, 0x2C, 0x34, 0x2A, 0x41, 0x4A, 0x07, 0x4A,
    0x59, 0x30, 0xA0, 0xE1, 0xC9, 0x35, 0xF0, 0xE8, 0x22, 0xAA, 0x9E, 0x31, 0x9A, 0x66, 0xC0, 0xC3,
    0x7B, 0xE2, 0x85, 0x33, 0x7A, 0x4E, 0xB3, 0x65, 0x6E, 0x8D, 0x0B, 0xF9, 0xF6, 0x56, 0xA0, 0xD4,
    0x68, 0x0A, 0x5D, 0x46, 0x93, 0x8E, 0xB6, 0x0B, 0x9E, 0xC1, 0xE8, 0xF3, 0xF0, 0x09, 0xBF, 0xB5,
    0xEC, 0xCD, 0x3F, 0x7A, 0x6E, 0xC3, 0xDB, 0x6C, 0xE1, 0x70, 0xEC, 0x2D, 0x16, 0x7A, 0x6C, 0xCF,
    0x36, 0x65, 0x19, 0x73, 0xE7, 0x3A, 0x76, 0x6A, 0xE1, 0xBD, 0xA7, 0x67, 0x4E, 0xE0, 0xEB, 0x79,
    0x3A, 0xB6, 0x01, 0xFF, 0x32, 0xB1, 0x4A, 0xE6, 0x54, 0xF0, 0xDC, 0x37, 0x84, 0x77, 0x60, 0xC4,
    0x5A, 0x7D, 0x87, 0x50, 0x74, 0xDE, 0xE1, 0x73, 0xDF, 0x28, 0xA9, 0xCD, 0x48, 0xD1, 0xB9, 0x6D,
    0xE3, 0x84, 0xBE, 0xAE, 0x82, 0x7D, 0xEA, 0xEB, 0x87, 0xC8, 0x1B, 0xD8, 0x86, 0x70, 0xA4, 0x25,
    0xFC, 0xF2, 0x95, 0x15, 0xFB, 0x33, 0xCC, 0xB7, 0x00, 0x79, 0x11, 0x56, 0x7B, 0xE1, 0xA1, 0x92,
    0x6D, 0x4C, 0x94, 0x98, 0x57, 0x5C, 0x4D, 0x4E, 0x96, 0x2E, 0xCB, 0x2C, 0x42, 0x17, 0xFC, 0x86,
    0x54, 0x1E, 0x9E, 0xB1, 0xC9, 0xDA, 0x84, 0x5D, 0xD1, 0x03, 0x58, 0x79, 0xA2, 0x3B, 0x56, 0xDF,
    0x51, 0xB3, 0x55, 0xB8, 0xE0, 0xBA, 0xBA, 0x01, 0x0A, 0xC1, 0xC4, 0x4B, 0xA3, 0x65, 0x95, 0x34,
    0x2B, 0x7F, 0x72, 0x83, 0xFB, 0x6B, 0x3B, 0xBE, 0x31, 0x89, 0xF2, 0x2C, 0x44, 0xA7, 0xDD, 0x90,
    0x63, 0x6D, 0x82, 0x3D, 0xDB, 0x26, 0x31, 0x7D, 0x87, 0x7A, 0x7D, 0x17, 0x7A, 0x61, 0x04, 0x78,
    0x84, 0xC9, 0x04, 0xA5, 0x5B, 0x3F, 0x6E, 0x6D, 0x5C, 0x62, 0xB9, 0xA8, 0xD4, 0x76, 0x3C, 0x08,
    0x29, 0xF3, 0xE8, 0xF9, 0x41, 0x44, 0xEE, 0x9A, 0x39, 0xA6, 0x49, 0xBB, 0x02, 0xEB, 0xB4, 0xB8,
    0x64, 0xCE, 0xF8, 0x88, 0xC1, 0x34, 0xB1, 0xF9, 0x86, 0xF0, 0x31, 0xE6, 0x07, 0x2A, 0xE0, 0x27,
    0x0A, 0x57, 0x88, 0x05, 0x50, 0xC6, 0x8E, 0xBC, 0xBE, 0x88, 0xA0, 0x7A, 0xD4, 0xA0, 0x2B, 0x91,
    0x90, 0xC2, 0x51, 0x00, 0xFF, 0x03, 0x4E, 0xB7, 0x76, 0x3A, 0xE5, 0xA6, 0x74, 0xBE, 0x35, 0x7E,
    0x44, 0x46, 0xAD, 0x09, 0x2B, 0x1C, 0x17, 0xEA, 0x83, 0xD7, 0xBA, 0xCC, 0x5A, 0x3A, 0x2A, 0xF4,
    0x42, 0x1E, 0x02, 0x2E, 0xE4, 0x14, 0x0B, 0xF8, 0x34, 0x8D, 0x2A, 0x24, 0xA5, 0xFA, 0x3B, 0x88,
    0x0B, 0xDA, 0x91, 0x1B, 0xB1, 0x24, 0xA8, 0xB6, 0xE5, 0xA9, 0x58, 0x29, 0x0B, 0xB9, 0xE0, 0x19,
    0xFC, 0x86, 0x9C, 0x77, 0xC3, 0x61, 0xF2, 0xAC, 0x8A, 0x5F, 0xAC, 0x5F, 0xE0, 0x75, 0x1D, 0xC9,
    0xD5, 0xBE, 0xB7, 0xA9, 0x55, 0xAC, 0xF9, 0x09, 0x95, 0x95, 0x5D, 0x6A, 0xEC, 0x30, 0x0C, 0x85,
    0x05, 0x7E, 0x1D, 0xD0, 0x56, 0xBA, 0x80, 0x01, 0x6D, 0xDD, 0x30, 0x0B, 0xE8, 0x56, 0x04, 0x79,
    0x35, 0xF8, 0x4A, 0xE7, 0x28, 0x19, 0x27, 0xD3, 0xF4, 0x52, 0xB7, 0xF0, 0xE1, 0xF1, 0x9F, 0xA4,
    0x23, 0x29, 0x22, 0xAD, 0x4B, 0x8E, 0xE6, 0x2B, 0xB4, 0xBF, 0x61, 0x13, 0xA3, 0x20, 0x32, 0xB1,
    0x24, 0x03, 0x07, 0xDB, 0x50, 0xC7, 0x31, 0x40, 0x09, 0x6C, 0x75, 0xC1, 0x7E, 0x6F, 0x84, 0xCE,
    0xAE, 0xDE, 0xDC, 0x0A, 0x0A, 0x3C, 0x08, 0xB9, 0xC3, 0x36, 0x57, 0x38, 0x5E, 0xD6, 0xB2, 0xB0,
    0xEC, 0xA5, 0xA1, 0x22, 0x5F, 0x61, 0x58, 0x0F, 0x73, 0x02, 0x53, 0x2C, 0xA0, 0xF1, 0x6A, 0x2E,
    0xEA, 0x1C, 0xB9, 0x8E, 0x59, 0xD8, 0xB2, 0xC5, 0x34, 0x96, 0xBA, 0xCE, 0xB4, 0xBD, 0xC3, 0x1B,
    0xEB, 0xDC, 0x10, 0x63, 0x14, 0xE8, 0xAD, 0x87, 0x63, 0xC6, 0x40, 0x00, 0x56, 0x11, 0xC8, 0xD1,
    0x95, 0xB0, 0x78, 0x2E, 0x6E, 0x98, 0xC4, 0xD3, 0x00, 0xF9, 0x40, 0xBC, 0xB7, 0x02, 0x36, 0x19,
    0x4D, 0xE7, 0xD5, 0x32, 0xC4, 0x81, 0x76, 0xA0, 0x8C, 0x38, 0x5B, 0x76, 0xDE, 0xB2, 0xA3, 0x6E,
    0xE2, 0x81, 0x0B, 0x42, 0x2B, 0xFA, 0x01, 0xF0, 0xC7, 0xC7, 0x5C, 0x34, 0xCA, 0x95, 0xBC, 0xF7,
    0x16, 0xC6, 0x2D, 0x19, 0xD6, 0x00, 0x8D, 0x1F, 0x95, 0x06, 0x2B, 0x46, 0x25, 0x0E, 0xA9, 0x95,
    0x31, 0x67, 0x8E, 0xF7, 0x3E, 0xD8, 0xD2, 0xF7, 0x78, 0x32, 0xB3, 0x74, 0x9D, 0xFF, 0xE7, 0xF7,
    0x3A, 0xBF, 0x67, 0xE6, 0x95, 0x62, 0x6E, 0x6D, 0xCA, 0xB1, 0x5F, 0xAF, 0xFB, 0x52, 0x55, 0x33,
    0xAA, 0x6B, 0x54, 0x59, 0xE7, 0x85, 0xFE, 0x96, 0x48, 0x4F, 0xBA, 0xEB, 0x6E, 0x85, 0x54, 0x38,
    0xF2, 0x6F, 0xC7, 0x24, 0x76, 0x8D, 0x3A, 0xA0, 0x7D, 0x20, 0x2C, 0x44, 0x56, 0xD0, 0xAE, 0xD8,
    0xF8, 0x39, 0xF9, 0x7E, 0x0E, 0xF2, 0x5F, 0xD1, 0x58, 0x25, 0x91, 0x86, 0x34, 0x02, 0xA5, 0xA3,
    0x8E, 0x88, 0x66, 0x92, 0xD1, 0x05, 0xBB, 0xC9, 0x1E, 0x6C, 0x61, 0x63, 0xF8, 0x15, 0xFD, 0xA6,
    0x80, 0xD4, 0x2B, 0xB4, 0x2B, 0x8C, 0x40, 0x2D, 0x48, 0x23, 0x14, 0xF1, 0x0A, 0xCD, 0x88, 0x0E,
    0x3C, 0xF2, 0xCC, 0x47, 0x47, 0x62, 0xF5, 0xB3, 0xB1, 0xCC, 0x0B, 0xF6, 0x36, 0x96, 0xEF, 0x07,
    0xA0, 0xD1, 0x01, 0x3C, 0xD6, 0xA2, 0xB9, 0x68, 0x96, 0x42, 0x43, 0x4B, 0xC8, 0x1A, 0x80, 0x0B,
    0x9A, 0xB3, 0xED, 0x74, 0x19, 0x66, 0xA9, 0x5D, 0x1B, 0x79, 0x0A, 0xDD, 0x4E, 0x13, 0xD6, 0x35,
    0x9B, 0x8D, 0x8A, 0xB2, 0xE7, 0x14, 0xAC, 0x10, 0x77, 0xC1, 0x8D, 0x96, 0x78, 0xC0, 0xC3, 0x1C,
    0xCF, 0xA5, 0xDE, 0xDF, 0x38, 0x2A, 0x65, 0x5C, 0x70, 0x78, 0xFC, 0x10, 0x65, 0xE4, 0xE2, 0xF5,
    0x57, 0xE4, 0x6A, 0xF4, 0xC2, 0x97, 0x17, 0x22, 0x47, 0x0B, 0x4C, 0xAC, 0x42, 0x56, 0xD8, 0x54,
    0x4F, 0x58, 0xDB, 0x0A, 0x8E, 0x4C, 0x47, 0x6B, 0x7D, 0x5E, 0x15, 0x89, 0x7F, 0xA3, 0x7E, 0xC4,
    0x28, 0xC8, 0x65, 0xB4, 0x3F, 0xEA, 0x90, 0x69, 0x55, 0x02, 0x38, 0x91, 0xAA, 0x64, 0x37, 0x6A,
    0x8E, 0xAC, 0xBB, 0xA2, 0x42, 0x7E, 0x06, 0x1A, 0xC6, 0x82, 0x57, 0x26, 0xD6, 0x68, 0x89, 0xA8,
    0xAD, 0xCD, 0x35, 0x9D, 0xF6, 0x11, 0x80, 0x07, 0xD1, 0x8E, 0xD3, 0x81, 0xA8, 0xFE, 0x1E, 0x5E,
    0x59, 0x34, 0xD6, 0xA7, 0x2E, 0x9E, 0x7C, 0xEA, 0x70, 0x23, 0x80, 0x76, 0x7E, 0x87, 0x80, 0xEF,
    0xFA, 0x8E, 0xFD, 0xB2, 0x25, 0x9B, 0xC2, 0x27, 0x18, 0xA9, 0x6F, 0xF6, 0xC0, 0x42, 0xC7, 0x87,
    0x34, 0xC5, 0x6B, 0x03, 0xC2, 0x9A, 0x23, 0x5F, 0x26, 0xE4, 0x98, 0x48, 0x22, 0x34, 0xCB, 0x81,
    0x5A, 0x1A, 0xE8, 0xBD, 0xB3, 0x7C, 0xF0, 0x7F, 0x8D, 0x94, 0x5D, 0x8A, 0xEB, 0x30, 0x0C, 0x85,
    0x05, 0x7E, 0x0D, 0x68, 0x43, 0x06, 0x6D, 0xDD, 0xD0, 0x05, 0xCC, 0x56, 0x0C, 0x7D, 0x15, 0xE8,
    0xEA, 0x1C, 0x39, 0x8D, 0xD3, 0x69, 0x2F, 0x13, 0x06, 0x7F, 0x9D, 0xC8, 0x91, 0xE5, 0xA3, 0x1F,
    0x11, 0x91, 0x29, 0x7C, 0x12, 0x16, 0x03, 0x88, 0xF8, 0x89, 0x88, 0x61, 0xA1, 0x80, 0x58, 0xDA,
    0x74, 0x88, 0x4B, 0x23, 0xF2, 0x5D, 0x78, 0x9B, 0x0B, 0xB4, 0x69, 0x0C, 0xD8, 0xEC, 0xFC, 0x8E,
    0x10, 0xA5, 0xB3, 0x85, 0xAE, 0x70, 0x36, 0xCD, 0x08, 0x35, 0x9E, 0xA7, 0x21, 0xF0, 0xA0, 0xCB,
    0xA7, 0x5B, 0x81, 0xB6, 0x56, 0xB1, 0x68, 0x38, 0x23, 0x7B, 0x70, 0x4B, 0x08, 0xB7, 0x38, 0x62,
    0x4C, 0x43, 0x3D, 0x78, 0x05, 0xD7, 0x37, 0xC0, 0xB1, 0x0D, 0xF9, 0x3B, 0xEA, 0x3B, 0x46, 0x72,
    0xE1, 0x6D, 0xA7, 0x2E, 0x8C, 0x1D, 0xB6, 0xC0, 0x5F, 0x12, 0x04, 0xEE, 0x90, 0xD0, 0x79, 0x99,
    0xA9, 0x23, 0x70, 0x40, 0x13, 0x06, 0xDE, 0xE6, 0x82, 0x17, 0xA2, 0x80, 0xED, 0xD0, 0x7A, 0x12,
    0x6D, 0xBC, 0x85, 0x24, 0xF4, 0x8E, 0xE7, 0x17, 0xAC, 0xB4, 0xB9, 0x43, 0x98, 0x3B, 0x22, 0x0A,
    0xF6, 0x11, 0xA3, 0x27, 0x22, 0xB3, 0x98, 0x9A, 0x27, 0x7A, 0xCB, 0xD3, 0xDA, 0xEC, 0xE9, 0x25,
    0x0F, 0x74, 0x83, 0x8B, 0xF0, 0x4E, 0xC1, 0x2B, 0x6E, 0x1D, 0x04, 0x76, 0x4C, 0xF1, 0x7D, 0xE5,
    0xD5, 0x3E, 0xAC, 0x4A, 0xAB, 0xEE, 0xFB, 0x19, 0xF9, 0x87, 0x95, 0xD6, 0xF8, 0x83, 0x4F, 0x66,
    0xC5, 0xD7, 0x2D, 0x51, 0x76, 0xE7, 0x6A, 0x01, 0x4D, 0x5A, 0x06, 0xC9, 0xA0, 0x53, 0xF7, 0x2C,
    0x6F, 0xC7, 0x1D, 0xB3, 0x44, 0xF3, 0xD6, 0x0B, 0xF9, 0x42, 0x87, 0x5F, 0x78, 0xF0, 0xD0, 0x82,
    0xC5, 0x89, 0x69, 0xED, 0x44, 0x17, 0x28, 0xB3, 0xA1, 0x6C, 0x0B, 0xFB, 0x77, 0x2F, 0x67, 0x77,
    0xAD, 0x2B, 0x8D, 0x27, 0x6E, 0x36, 0xAB, 0xBF, 0xD8, 0xA1, 0x55, 0x5C, 0xA7, 0xDE, 0xB9, 0x8E,
    0xE0, 0x6D, 0x33, 0x51, 0x23, 0x7B, 0x26, 0xE3, 0x46, 0xF3, 0xE9, 0x8B, 0x6C, 0xC5, 0xBC, 0x7B,
    0xDE, 0x54, 0x24, 0xFF, 0xEF, 0x55, 0xDB, 0xD5, 0x19, 0x6E, 0xF1, 0x6A, 0x9D, 0x0F, 0x6B, 0x45,
    0xB5, 0xAF, 0xDF, 0x76, 0x6E, 0x45, 0x79, 0x7B, 0xDF, 0x56, 0xE3, 0xDC, 0x70, 0x6E, 0xF8, 0x9F,
    0xAD, 0xB0, 0xDA, 0xF0, 0x0E, 0x41, 0x3E, 0x0F, 0xD4, 0x7D, 0x0E, 0x80, 0xD1, 0x42, 0xA2, 0x41,
    0x9B, 0x19, 0x3F, 0x4C, 0x3F, 0xF2, 0x2D, 0x2D, 0x87, 0x0E, 0x7A, 0x03, 0x43, 0x02, 0xDA, 0x79,
    0x56, 0xA9, 0xC6, 0x74, 0x65, 0x25, 0x64, 0x58, 0xE8, 0xAB, 0xFC, 0xED, 0x87, 0x54, 0x5F, 0xCB,
    0x3A, 0x9B, 0xED, 0x26, 0xAD, 0x02, 0x80, 0xB3, 0x40, 0x97, 0x13, 0xC1, 0xA1, 0x97, 0xC7, 0x7A,
    0xF5, 0x23, 0x55, 0x1C, 0x05, 0x74, 0x6D, 0x9B, 0x87, 0x12, 0xAC, 0xAA, 0xFD, 0x3B, 0xBA, 0x2C,
    0x28, 0xC7, 0x68, 0xD8, 0x42, 0xA5, 0xB9, 0x9F, 0xD9, 0xE6, 0x0D, 0xDF, 0x81, 0x38, 0x61, 0x8E,
    0x82, 0x0D, 0x42, 0x0B, 0x6D, 0xDC, 0xAB, 0xC4, 0xAB, 0x4A, 0xA6, 0x5C, 0xA3, 0x7C, 0x13, 0xF5,
    0xF3, 0x70, 0xFC, 0x36, 0x40, 0x36, 0x70, 0xE7, 0x78, 0xC3, 0xF9, 0x9C, 0x93, 0xAB, 0x06, 0x17,
    0xEA, 0x51, 0xDA, 0x33, 0xA5, 0xC9, 0x62, 0x7C, 0x54, 0x2D, 0x3E, 0x72, 0x70, 0xE9, 0x4C, 0xD0,
    0xD0, 0x00, 0x0F, 0x60, 0x3A, 0x4B, 0x64, 0xFA, 0xD1, 0x96, 0xCB, 0x60, 0xE2, 0xFA, 0xEA, 0x53,
    0x5B, 0xD5, 0xFE, 0x95, 0xAB, 0xA7, 0xEC, 0xF9, 0xC6, 0xD4, 0xAC, 0x5D, 0x34, 0xEB, 0x8B, 0xE9,
    0x37, 0x09, 0xC1, 0x9D, 0x64, 0x1A, 0x5E, 0xCA, 0x5F, 0xCC, 0x40, 0x86, 0xEC, 0xCC, 0x92, 0x29,
    0x3E, 0x8B, 0xFA, 0xF4, 0xE2, 0x60, 0x85, 0x31, 0x31, 0x2B, 0x4B, 0x98, 0xF3, 0x8A, 0x9E, 0x86,
    0xBF, 0xC9, 0xCC, 0xAF, 0x44, 0x4B, 0x3F, 0x38, 0x7B, 0xFE, 0x01, 0xAD, 0x95, 0x5B, 0x8A, 0x1C,
    0x31, 0x0C, 0x45, 0x0D, 0xFE, 0x6D, 0xF0, 0x56, 0xB2, 0x00, 0x83, 0xB7, 0x2E, 0xF0, 0x02, 0x6A,
    0x2B, 0x02, 0xFF, 0x0A, 0x94, 0x7B, 0x25, 0xBB, 0xAB, 0x7A, 0x32, 0x21, 0x21, 0xA4, 0x7B, 0x98,
    0x53, 0x2E, 0xBF, 0xF4, 0xB8, 0x52, 0x97, 0x2A, 0x85, 0x9F, 0xAA, 0x81, 0x96, 0xA3, 0xE1, 0xF8,
    0xC8, 0x81, 0x07, 0xAA, 0x35, 0xC1, 0x5F, 0xD3, 0x41, 0x0C, 0xF1, 0xAA, 0x40, 0x31, 0xE2, 0xD5,
    0xF8, 0x8C, 0x0D, 0x98, 0x1C, 0xA5, 0x38, 0xBE, 0xA3, 0x54, 0xAB, 0x46, 0x28, 0xB6, 0x38, 0x0F,
    0x95, 0x40, 0x2B, 0xC3, 0x78, 0x07, 0xFF, 0xB5, 0x4B, 0xB8, 0x12, 0x18, 0x1B, 0x82, 0x73, 0x70,
    0xC9, 0xC4, 0x9E, 0x26, 0xB5, 0x2E, 0x75, 0x98, 0x54, 0x97, 0x59, 0xA3, 0x0D, 0xD6, 0x2B, 0x81,
    0x37, 0x40, 0x39, 0xA7, 0x7C, 0x8B, 0x30, 0xDA, 0xED, 0x13, 0xF0, 0xD3, 0xC3, 0x43, 0x5C, 0x15,
    0x7E, 0xCE, 0x70, 0x7B, 0xD4, 0xD8, 0x48, 0xB3, 0x31, 0xE5, 0x3A, 0x94, 0xFB, 0x71, 0x25, 0x06,
    0xC5, 0xAB, 0x2B, 0x76, 0xC2, 0x7A, 0x83, 0x87, 0x57, 0x44, 0x0A, 0xEB, 0x5F, 0x3C, 0x2A, 0xDC,
    0xF4, 0x63, 0x7C, 0xE3, 0xF7, 0x92, 0x3A, 0xAF, 0x00, 0x8C, 0x1F, 0x61, 0xBC, 0x0E, 0x9A, 0xBB,
    0xB6, 0xF1, 0x16, 0xB6, 0xE1, 0x22, 0xC5, 0xAE, 0x08, 0xFC, 0xEF, 0xE1, 0xCC, 0x80, 0x8D, 0x34,
    0x7E, 0xC4, 0xDE, 0x32, 0x96, 0x18, 0xE7, 0x97, 0xDE, 0x10, 0x57, 0xD1, 0xA5, 0xEA, 0x5A, 0xD7,
    0xE2, 0x13, 0x30, 0xB5, 0x1E, 0xB4, 0x79, 0x4D, 0x01, 0xAE, 0x0B, 0x66, 0xE9, 0xB8, 0x1A, 0xBD,
    0x18, 0xB5, 0x4D, 0x00, 0x2E, 0x28, 0x60, 0x81, 0xA5, 0xC5, 0x0C, 0x23, 0xAD, 0xC6, 0xC4, 0x15,
    0x26, 0x9B, 0x97, 0x20, 0xEB, 0x38, 0xCC, 0x99, 0x52, 0x65, 0x74, 0x0D, 0xC6, 0xCB, 0x37, 0x91,
    0xDF, 0x71, 0xCC, 0x50, 0x6F, 0x58, 0xCE, 0x6E, 0xFC, 0x9F, 0xB9, 0x23, 0x57, 0xDC, 0xD7, 0x4A,
    0xBD, 0x45, 0x94, 0x09, 0x78, 0xA8, 0x27, 0x13, 0x60, 0x4E, 0xF5, 0xE8, 0x57, 0xF5, 0xE0, 0xA0,
    0xF1, 0x40, 0x8B, 0xB3, 0x23, 0xDA, 0x76, 0x46, 0x2C, 0x02, 0x4A, 0xE2, 0xF2, 0xD0, 0x43, 0xE6,
    0xC1, 0x22, 0x3B, 0x6F, 0x44, 0x7A, 0x36, 0x7A, 0xC6, 0xA1, 0x1B, 0xAF, 0x40, 0xA8, 0x0E, 0x18,
    0xE2, 0x1B, 0xFF, 0x3A, 0xA7, 0xC5, 0x1F, 0x10, 0x5A, 0x9E, 0x71, 0x00, 0xA2, 0x52, 0xB5, 0x7E,
    0x42, 0x7B, 0xDD, 0xE5, 0x7B, 0x8B, 0x28, 0xD0, 0xD7, 0x64, 0x15, 0xF7, 0xB5, 0xB8, 0xB2, 0xAF,
    0xA8, 0x70, 0xD3, 0xC9, 0xC0, 0x58, 0x6C, 0x2F, 0xAA, 0x2D, 0x4F, 0x39, 0x10, 0x76, 0x07, 0x8D,
    0x26, 0xF0, 0x07, 0xCC, 0x44, 0x5D, 0x12, 0x2A, 0x67, 0xC6, 0x70, 0x26, 0x4B, 0x6F, 0xE1, 0xB9,
    0x41, 0x3D, 0xAC, 0x42, 0xE0, 0x47, 0xF9, 0x45, 0x44, 0x19, 0x64, 0xF9, 0x44, 0x14, 0x84, 0x9C,
    0xBA, 0xF8, 0x74, 0x25, 0x97, 0xE8, 0x17, 0x85, 0x7C, 0x8A, 0xE8, 0x2F, 0x5E, 0x8E, 0x38, 0xA4,
    0xC8, 0xF2, 0xD2, 0x59, 0x08, 0xAC, 0x6A, 0xA0, 0x5D, 0xEC, 0x46, 0x5A, 0xDB, 0xA5, 0x6C, 0x16,
    0xAD, 0x66, 0x31, 0x17, 0x7D, 0x95, 0xD3, 0x82, 0x32, 0xE3, 0xC7, 0x93, 0xCC, 0xDC, 0x83, 0x91,
    0xBB, 0xF7, 0xD8, 0x67, 0xB0, 0xF9, 0x8A, 0xF7, 0xCD, 0x56, 0x8E, 0x37, 0x87, 0x65, 0x28, 0x86,
    0xA5, 0x59, 0x7D, 0xEB, 0x10, 0x9C, 0xA2, 0xFD, 0xCD, 0xA3, 0xCF, 0x9B, 0xE7, 0xFE, 0xED, 0xC7,
    0x96, 0x71, 0xCE, 0x73, 0xCC, 0x96, 0x1C, 0x41, 0x47, 0xE7, 0x0E, 0xFF, 0x9B, 0x67, 0x1C, 0x2A,
    0xA7, 0x6F, 0x7B, 0xD1, 0xA8, 0xE8, 0x17, 0x54, 0xCE, 0xE6, 0x57, 0x3A, 0x1D, 0x7B, 0x45, 0xAD,
    0x49, 0x76, 0xCE, 0xA5, 0x09, 0xCF, 0x9F, 0x0D, 0x1E, 0xCA, 0x1E, 0xBF, 0x53, 0x65, 0x5F, 0x10,
    0xA9, 0x2B, 0x4F, 0xC4, 0xCA, 0x79, 0x30, 0x36, 0x0A, 0x9B, 0xA7, 0x79, 0xC2, 0x02, 0xBE, 0xA1,
    0x4F, 0x0C, 0xAA, 0x70, 0xC0, 0x99, 0xDE, 0x2E, 0x2A, 0xAA, 0x8F, 0x86, 0xE2, 0x16, 0xA3, 0x2C,
    0x2E, 0x65, 0xD7, 0xC2, 0x5B, 0xF6, 0x30, 0x38, 0xAC, 0x16, 0x82, 0xD1, 0x3B, 0x4B, 0xE8, 0x94,
    0x81, 0x65, 0x39, 0xF2, 0x34, 0x3E, 0x96, 0xA0, 0xC1, 0xC9, 0xF8, 0xA6, 0x56, 0xF4, 0xD1, 0x6E,
    0xB0, 0xE4, 0x69, 0x7C, 0x34, 0x7C, 0xDC, 0xBD, 0x51, 0x9E, 0xB8, 0x7D, 0x80, 0x7E, 0x23, 0xE3,
    0x50, 0x54, 0x1E, 0x13, 0x21, 0x43, 0x0D, 0x50, 0x68, 0x88, 0xB6, 0xF4, 0x08, 0x16, 0x5C, 0xE1,
    0x95, 0xCA, 0xC8, 0xFB, 0x34, 0xFB, 0xC1, 0x42, 0x89, 0x9F, 0xAC, 0xB7, 0x0F, 0x4D, 0x7E, 0x02,
    0x7D, 0x95, 0x5B, 0x8A, 0x04, 0x31, 0x08, 0x45, 0x85, 0xFC, 0x36, 0xB8, 0x95, 0x5E, 0x40, 0x81,
    0x5B, 0x0F, 0xCC, 0x02, 0x66, 0x2B, 0xC2, 0xFC, 0x0A, 0x8E, 0x5E, 0xAD, 0x77, 0x75, 0x87, 0x19,
    0x0E, 0x95, 0xC4, 0x47, 0xCC, 0x35, 0x4D, 0x43, 0xC9, 0x88, 0x28, 0xB1, 0x14, 0x9C, 0xC4, 0xDD,
    0x4C, 0x26, 0xC0, 0x8A, 0xC9, 0x51, 0xA0, 0xE9, 0x18, 0x76, 0x06, 0x99, 0xA5, 0x97, 0xA1, 0x81,
    0x31, 0x47, 0xCC, 0x08, 0x2B, 0xC7, 0x8A, 0x30, 0xBC, 0x24, 0xE6, 0x42, 0x22, 0x94, 0xBB, 0x03,
    0x98, 0x74, 0x1A, 0x39, 0x69, 0xB0, 0xCB, 0x38, 0x31, 0xC9, 0xFA, 0x06, 0xE6, 0x82, 0x35, 0x5D,
    0xF2, 0xCB, 0xD5, 0x06, 0xA2, 0x01, 0xEA, 0x3A, 0x26, 0x85, 0x47, 0xA5, 0x6D, 0x2C, 0x05, 0x39,
    0x81, 0xE7, 0x0E, 0xC9, 0x3C, 0xE7, 0x86, 0x9A, 0xFE, 0x06, 0x6F, 0x94, 0xC1, 0x8A, 0x9A, 0xB4,
    0x1D, 0x31, 0x4E, 0x18, 0x0D, 0x3D, 0x82, 0xF5, 0x98, 0x8F, 0xCC, 0x63, 0x92, 0xD7, 0x11, 0x9B,
    0xC2, 0x07, 0x7B, 0x96, 0x2F, 0xFE, 0xFE, 0xB2, 0x18, 0x79, 0xEE, 0xAA, 0x90, 0xD2, 0x06, 0xF7,
    0x9F, 0x3B, 0x94, 0x7F, 0x22, 0xD1, 0x3B, 0x94, 0x27, 0xB6, 0xDC, 0x10, 0xD1, 0x9E, 0xC0, 0x8D,
    0xB9, 0x21, 0xB2, 0x96, 0x04, 0x45, 0x11, 0x00, 0xDB, 0x11, 0x69, 0xBF, 0xD7, 0xD3, 0xE1, 0x26,
    0xE2, 0x9A, 0xF2, 0x3F, 0x46, 0x66, 0x96, 0x95, 0xE3, 0x54, 0xC9, 0xBD, 0x5C, 0x55, 0xCA, 0xAA,
    0x6E, 0x41, 0x1B, 0x8F, 0x3B, 0x1B, 0xCF, 0x1A, 0xFC, 0x62, 0x70, 0x01, 0xD7, 0x2D, 0xB1, 0x37,
    0xB4, 0x72, 0x3E, 0x2A, 0xE9, 0x62, 0x35, 0x4A, 0xE5, 0x0D, 0xAA, 0xB0, 0x29, 0x5C, 0x3A, 0xA3,
    0xBA, 0xE0, 0x13, 0x1C, 0x70, 0x3F, 0xD9, 0x61, 0xCD, 0xBF, 0xDA, 0x3D, 0x23, 0xF3, 0x96, 0x03,
    0xE6, 0xA6, 0xB8, 0xCF, 0x67, 0xD0, 0x33, 0xBC, 0xE2, 0x9E, 0xB1, 0xBD, 0x07, 0x17, 0x94, 0x9D,
    0x01, 0xA8, 0xFA, 0x6E, 0x87, 0x2D, 0xFE, 0xC1, 0xEE, 0x09, 0xC7, 0x24, 0x64, 0x05, 0xD6, 0x18,
    0xA7, 0xC8, 0x36, 0xAC, 0xE6, 0x49, 0x6A, 0xD3, 0x9B, 0xB2, 0x72, 0x16, 0xA3, 0x25, 0x24, 0x7A,
    0xC4, 0x06, 0xFA, 0x3C, 0x13, 0xAD, 0x46, 0xCF, 0xC4, 0xA4, 0xEE, 0x2C, 0x69, 0xDD, 0x76, 0xF1,
    0x8A, 0x15, 0x33, 0x42, 0xBC, 0x42, 0x2B, 0x3D, 0xBB, 0x3F, 0x76, 0x49, 0x6A, 0x3D, 0x4D, 0x85,
    0x8A, 0x56, 0x76, 0x2B, 0x59, 0xFB, 0x7B, 0x32, 0xE2, 0x87, 0x66, 0x33, 0xDF, 0x90, 0x13, 0xBE,
    0xA3, 0x67, 0x05, 0xF1, 0x08, 0xF2, 0x0F, 0xAD, 0x85, 0x13, 0x86, 0xD0, 0x6D, 0xEF, 0x73, 0xE9,
    0x6B, 0x42, 0x43, 0xB5, 0xBF, 0x95, 0xB3, 0xE3, 0x80, 0xE8, 0xA3, 0xED, 0x3C, 0x3B, 0xED, 0xF4,
    0xD6, 0x21, 0xBE, 0x3F, 0x71, 0x41, 0x9B, 0x46, 0xF2, 0xA0, 0xF8, 0xCA, 0xD9, 0xA4, 0x5E, 0x8F,
    0xB0, 0x4D, 0xDA, 0xF8, 0x6A, 0xE2, 0x7C, 0x56, 0x1C, 0xCD, 0x2C, 0x3A, 0x47, 0x10, 0xD1, 0x3A,
    0x5F, 0xBE, 0x13, 0xA1, 0x6C, 0x7A, 0x5D, 0xF3, 0xEA, 0xFA, 0xDF, 0x68, 0x78, 0x2C, 0x41, 0xDC,
    0xDF, 0x46, 0x28, 0xBA, 0x99, 0xEB, 0x90, 0xB6, 0xB4, 0x8E, 0x6F, 0x7E, 0xAC, 0xD8, 0x9D, 0x89,
    0xDF, 0x2C, 0x94, 0x7C, 0x9A, 0xC3, 0x1F, 0xE5, 0x6F, 0x11, 0xEC, 0xE5, 0x77, 0x9E, 0xFC, 0x71,
    0xD5, 0xC9, 0xC6, 0x85, 0xD2, 0x71, 0xFD, 0xD7, 0x21, 0x0B, 0x1F, 0xC5, 0xF4, 0x1F, 0xAE, 0x2C,
    0xAF, 0xE5, 0x1F, 0x7D, 0x95, 0x61, 0x6A, 0x2B, 0x31, 0x0C, 0x84, 0x05, 0xFE, 0x5B, 0xF0, 0x55,
    0x7A, 0x80, 0x05, 0x5D, 0xDD, 0x90, 0x03, 0xE4, 0x2A, 0x86, 0xFC, 0x35, 0xE8, 0xCD, 0x8C, 0xE4,
    0xCD, 0x6E, 0xDA, 0xBE, 0x14, 0xFA, 0x25, 0x5E, 0xC9, 0x92, 0x47, 0x92, 0xD7, 0xDC, 0xDA, 0xF8,
    0x36, 0x33, 0xB7, 0x3E, 0x63, 0x73, 0x88, 0xA3, 0xAF, 0x64, 0x23, 0x5B, 0xE0, 0x63, 0x1E, 0xF1,
    0xC1, 0xD5, 0x61, 0x9D, 0x76, 0x1F, 0x8C, 0x98, 0x17, 0x1E, 0x45, 0xD8, 0xB7, 0x49, 0x3F, 0x9F,
    0xE2, 0xF0, 0x09, 0x0F, 0x0F, 0x3D, 0xB1, 0x2F, 0x07, 0x5D, 0xFE, 0xCB, 0x33, 0x9F, 0xC5, 0x34,
    0x10, 0x7F, 0x73, 0x26, 0xFB, 0x74, 0xE5, 0xE9, 0x8F, 0xF0, 0xC5, 0x20, 0x7D, 0xF5, 0x00, 0x0F,
    0xEC, 0x12, 0x86, 0xAD, 0xF1, 0xF9, 0x32, 0xA3, 0xAD, 0xBD, 0x01, 0x3B, 0x64, 0x21, 0x0C, 0x2C,
    0x22, 0x2A, 0x81, 0xA0, 0x86, 0xF5, 0x3E, 0x16, 0xD1, 0x60, 0x21, 0x0C, 0xFA, 0xF1, 0x17, 0x4D,
    0x70, 0x58, 0xFA, 0x3D, 0x62, 0x21, 0x33, 0xFC, 0xA6, 0xE9, 0x40, 0x56, 0x7C, 0x8E, 0x84, 0x03,
    0x4F, 0xB0, 0x10, 0x8B, 0x3A, 0x8D, 0x95, 0x30, 0x09, 0x68, 0x27, 0x18, 0x96, 0xEE, 0x37, 0x5C,
    0x4D, 0xBC, 0x20, 0xE1, 0xAC, 0x5B, 0x3E, 0x3B, 0x4C, 0xA2, 0xFE, 0x01, 0xED, 0x92, 0xF0, 0x98,
    0x05, 0x93, 0xA6, 0x33, 0x4D, 0xB2, 0x74, 0x2C, 0xC0, 0x05, 0x26, 0x7F, 0x46, 0xA2, 0x60, 0x42,
    0x15, 0xD5, 0x43, 0x0E, 0xBE, 0xCA, 0x0F, 0x79, 0xC0, 0xE4, 0xC8, 0xD2, 0x1E, 0xEC, 0x0B, 0x61,
    0x0A, 0xED, 0x82, 0xA5, 0x3D, 0x59, 0x9E, 0x1E, 0x05, 0x25, 0xD0, 0x74, 0x9C, 0x23, 0xDB, 0x22,
    0x36, 0x18, 0xDD, 0x22, 0xE5, 0x93, 0x58, 0xAA, 0x01, 0x3B, 0x03, 0xFF, 0x0F, 0x82, 0xD5, 0x0D,
    0x76, 0x83, 0xEB, 0x8F, 0xD5, 0x52, 0xE3, 0x25, 0x96, 0xB4, 0xE1, 0x66, 0x51, 0x70, 0x9D, 0x7D,
    0xA5, 0x04, 0x25, 0x08, 0x93, 0xA2, 0x65, 0x21, 0xD2, 0xEF, 0x8E, 0x9F, 0x26, 0x3D, 0xDD, 0x3B,
    0x3B, 0xC4, 0x16, 0xF2, 0x47, 0xF2, 0x2A, 0x73, 0xB6, 0xE6, 0x89, 0x91, 0x75, 0x1A, 0xEF, 0xF9,
    0x48, 0xE9, 0xB6, 0x90, 0x31, 0x0F, 0x9E, 0x01, 0x65, 0x61, 0xCE, 0x6D, 0x66, 0xAB, 0x49, 0x28,
    0x0C, 0x5E, 0xF6, 0x71, 0xFA, 0x15, 0x96, 0xD4, 0x0D, 0x41, 0x67, 0xF7, 0xE1, 0x91, 0xE7, 0x47,
    0x4A, 0x43, 0xA1, 0x53, 0x19, 0x88, 0x9B, 0xCD, 0x92, 0x53, 0x26, 0x15, 0xB0, 0x67, 0x09, 0x89,
    0x16, 0xF5, 0xE8, 0x6C, 0xE2, 0xBE, 0x18, 0x67, 0xF5, 0xD9, 0x6E, 0x83, 0x70, 0x99, 0x87, 0xF5,
    0x86, 0x3A, 0x1E, 0x50, 0x01, 0xE2, 0x71, 0xC5, 0x2B, 0x27, 0xA7, 0x25, 0xAC, 0xE0, 0xE9, 0x92,
    0x98, 0xDA, 0x20, 0x84, 0x74, 0x58, 0xD9, 0x4B, 0x93, 0x7D, 0x9D, 0x96, 0x37, 0x48, 0xA7, 0x13,
    0x29, 0xC1, 0xCD, 0xA4, 0xFC, 0x7A, 0x76, 0x29, 0xE7, 0xA1, 0x0D, 0xB6, 0x53, 0x75, 0x55, 0xC1,
    0x0B, 0xA1, 0xB9, 0x0F, 0xA1, 0xB1, 0x74, 0x11, 0x4F, 0x7D, 0xD1, 0x67, 0x14, 0xD0, 0xAA, 0x85,
    0x19, 0xFD, 0x13, 0x70, 0x58, 0x27, 0xA2, 0xC0, 0x8E, 0x62, 0x57, 0x0A, 0x6D, 0x03, 0x5A, 0x67,
    0x12, 0xA1, 0x94, 0xFC, 0x39, 0x15, 0x1D, 0xF1, 0x2A, 0x7A, 0x9B, 0x98, 0x2E, 0x9F, 0xFE, 0x82,
    0x41, 0xC7, 0x75, 0x87, 0xB3, 0x34, 0x54, 0x74, 0xDC, 0x0A, 0xD0, 0x52, 0xF9, 0x0F, 0xE8, 0xCA,
    0x49, 0xB8, 0xAE, 0xCD, 0xD4, 0x28, 0x36, 0x2E, 0x96, 0x32, 0xDA, 0x90, 0x82, 0x52, 0x3E, 0x6C,
    0xF7, 0xE0, 0x2B, 0xEF, 0x59, 0x99, 0xF8, 0xD5, 0xF2, 0x52, 0xF7, 0x67, 0x61, 0xD8, 0x1B, 0xDE,
    0x0B, 0x0C, 0xBB, 0xA2, 0x6B, 0x1E, 0xE8, 0xB1, 0x9A, 0xAE, 0xA6, 0x83, 0x97, 0xE3, 0x50, 0xA6,
    0xED, 0xF5, 0x27, 0x3A, 0xB2, 0x91, 0x7E, 0x57, 0xCC, 0xDF, 0x2C, 0x1B, 0x9F, 0x95, 0x03, 0xCF,
    0x20, 0xC8, 0x32, 0x36, 0x64, 0x19, 0x65, 0xF2, 0x81, 0xFF, 0x25, 0x21, 0x78, 0x61, 0xE6, 0xA2,
    0xED, 0xE4, 0xF9, 0x96, 0x10, 0xC3, 0xDE, 0x57, 0xF5, 0x56, 0xE8, 0x93, 0xB8, 0x53, 0xBD, 0xEE,
    0xD6, 0xAE, 0x69, 0x2C, 0x4A, 0x8B, 0xB5, 0x27, 0x2A, 0x7E, 0xE1, 0xCC, 0x92, 0xC7, 0xCC, 0xB1,
    0x3F, 0xDF, 0x9F, 0xBE, 0x07, 0xBF, 0xEC, 0x38, 0xEA, 0xEA, 0xFF, 0xA8, 0xF7, 0x02, 0x1A, 0x37,
    0x19, 0xCB, 0xCE, 0x17, 0x92, 0xF2, 0xDD, 0xEB, 0xBC, 0x35, 0x79, 0xE9, 0xE3, 0xBA, 0xD2, 0x4B,
    0x10, 0x8B, 0x7D, 0xF0, 0x54, 0xDF, 0xF6, 0x0F, 0x8D, 0x95, 0x61, 0x6A, 0xEC, 0x30, 0x0C, 0x84,
    0x05, 0xFE, 0x5B, 0xF0, 0x55, 0xF6, 0x00, 0x01, 0x5D, 0xDD, 0x90, 0x03, 0xE4, 0x2A, 0x86, 0xFD,
    0x2B, 0xD0, 0xD3, 0x8C, 0xE4, 0xC4, 0xDD, 0xB6, 0xF0, 0xB6, 0xA5, 0x5F, 0x37, 0xB6, 0xEC, 0xB1,
    0x35, 0x52, 0xC4, 0x44, 0xBA, 0xC4, 0x27, 0xA8, 0x8B, 0x23, 0xD9, 0xC9, 0xEE, 0xF1, 0xB9, 0xA9,
    0xEE, 0x03, 0x33, 0x37, 0x9E, 0xD3, 0x14, 0xF3, 0xFB, 0x74, 0xC6, 0xE9, 0xC0, 0x02, 0x26, 0x1E,
    0x4F, 0x82, 0xCD, 0x24, 0x7E, 0xC5, 0xDE, 0xF1, 0xE5, 0x10, 0xF1, 0x89, 0x55, 0xA5, 0xFB, 0x8C,
    0xE5, 0x66, 0xC4, 0x4B, 0xD2, 0x92, 0xC7, 0xB6, 0xFF, 0xFF, 0x51, 0x53, 0x57, 0xB1, 0x2F, 0xBD,
    0xEB, 0x73, 0x24, 0x42, 0xDE, 0x39, 0x37, 0x28, 0x35, 0xC5, 0x01, 0x88, 0x88, 0x88, 0x78, 0x43,
    0x24, 0x97, 0x21, 0xAC, 0x61, 0x66, 0x4F, 0x68, 0x02, 0x43, 0x96, 0x7B, 0x46, 0x94, 0x15, 0x30,
    0xA6, 0x3E, 0x13, 0x42, 0xE4, 0x9A, 0xF2, 0x89, 0x5C, 0xE5, 0x03, 0x14, 0x9C, 0xC8, 0x38, 0xEF,
    0x98, 0xCB, 0x04, 0x1C, 0x25, 0x7E, 0xE8, 0x5F, 0xC8, 0xF3, 0x26, 0x6E, 0xF1, 0x13, 0x63, 0x85,
    0x1F, 0x71, 0xA9, 0xA5, 0xA5, 0xF8, 0x77, 0x21, 0xA6, 0xC6, 0xB1, 0x0A, 0x8D, 0xA8, 0x29, 0x9F,
    0xC0, 0xD8, 0x0F, 0x6C, 0x53, 0x2A, 0xAE, 0x2E, 0x2E, 0xCC, 0xC5, 0xC4, 0x9B, 0xAC, 0x44, 0x30,
    0xCF, 0xBF, 0x30, 0x7C, 0xF2, 0x7C, 0xD7, 0xDB, 0x1F, 0x93, 0xCF, 0x17, 0x7F, 0x89, 0x5B, 0xEB,
    0x16, 0x3D, 0xF3, 0x9F, 0x37, 0x81, 0x38, 0xFA, 0x1A, 0x79, 0x21, 0x2D, 0x29, 0xCC, 0xE2, 0xDC,
    0xD8, 0x1E, 0x4A, 0xFA, 0xBE, 0x78, 0xD1, 0x4D, 0xA6, 0x67, 0xFA, 0x8C, 0x86, 0x0D, 0x9F, 0x19,
    0xBC, 0x7F, 0xDB, 0x0C, 0xD2, 0x0A, 0xDD, 0x47, 0x9B, 0xB8, 0x82, 0x04, 0x64, 0x73, 0x4D, 0x8C,
    0x29, 0x84, 0x8D, 0xC4, 0x85, 0x5B, 0x4A, 0x99, 0xB8, 0x46, 0x2F, 0xC7, 0xE5, 0xCC, 0x2F, 0xA2,
    0x21, 0x95, 0x6D, 0x5E, 0x84, 0x5F, 0x83, 0xB7, 0x12, 0x68, 0x33, 0xEE, 0x97, 0x98, 0x04, 0xC2,
    0x39, 0x73, 0xA1, 0x1E, 0x7E, 0x07, 0x2E, 0xAC, 0xA0, 0x37, 0x46, 0x6C, 0xF3, 0x25, 0x4D, 0x90,
    0xA6, 0xAC, 0xD0, 0xD8, 0xBD, 0x25, 0x42, 0xBB, 0x20, 0xC0, 0x18, 0x37, 0x8F, 0x5C, 0xFA, 0x68,
    0x14, 0x91, 0xF0, 0xC3, 0x17, 0x62, 0xCC, 0x8E, 0xB6, 0xA6, 0xD0, 0x18, 0xCF, 0xB6, 0x3C, 0x6D,
    0x80, 0x8E, 0xC6, 0xBD, 0xB1, 0x15, 0x60, 0x6C, 0xF8, 0xAE, 0x0C, 0x77, 0x86, 0x16, 0x82, 0xDD,
    0xE3, 0x07, 0x99, 0x3F, 0x99, 0xF8, 0x68, 0x18, 0x54, 0xE6, 0x83, 0xCA, 0x90, 0x8A, 0xD8, 0xF8,
    0x0C, 0xBB, 0x4D, 0xB6, 0x8F, 0x2E, 0xAF, 0x38, 0xC3, 0x0B, 0x3E, 0x38, 0x9E, 0x76, 0xB6, 0xB0,
    0x17, 0x09, 0xCB, 0xBE, 0xCB, 0xF7, 0x22, 0xC9, 0xCA, 0xB1, 0x9C, 0xB2, 0x61, 0x74, 0x21, 0xD0,
    0x28, 0xAA, 0xFA, 0x99, 0x39, 0xB4, 0x00, 0x8C, 0xA9, 0x73, 0x8A, 0xC2, 0x26, 0x66, 0xF2, 0x60,
    0x1C, 0x3B, 0x3E, 0xC6, 0xB8, 0xE6, 0x39, 0x18, 0x37, 0x20, 0x1E, 0xC0, 0x9F, 0x16, 0x18, 0x8F,
    0x97, 0xD2, 0x3D, 0x3C, 0xED, 0x03, 0xC8, 0x2F, 0xE0, 0xF6, 0xDC, 0x37, 0x64, 0x9C, 0x86, 0xC2,
    0x99, 0x88, 0x14, 0x68, 0xBB, 0xC6, 0x0D, 0xF7, 0x02, 0xC6, 0x9C, 0x98, 0x55, 0x46, 0x05, 0xC4,
    0xD1, 0x8A, 0x05, 0xF8, 0xB9, 0x2A, 0x30, 0x3D, 0x01, 0x11, 0x61, 0xFF, 0xC8, 0xD1, 0x3B, 0x8A,
    0xB2, 0x9B, 0xBE, 0x9D, 0x55, 0x33, 0xA1, 0xE9, 0xB5, 0xF5, 0x5C, 0x1E, 0x03, 0xFD, 0x9F, 0x40,
    0x65, 0x48, 0x39, 0x7C, 0xA1, 0x17, 0x70, 0x9F, 0x37, 0xB4, 0x30, 0x78, 0xEB, 0xBE, 0x10, 0xAF,
    0x15, 0x81, 0x65, 0x71, 0xEC, 0x37, 0x61, 0x33, 0x21, 0x66, 0x37, 0xA2, 0x73, 0x2A, 0xB4, 0xDE,
    0x88, 0x2D, 0x74, 0xE6, 0x37, 0xF4, 0x0C, 0xA3, 0x16, 0x16, 0x2E, 0xA4, 0xE3, 0x45, 0xA5, 0x51,
    0x06, 0x2C, 0xCB, 0x8E, 0x77, 0x81, 0x51, 0xB7, 0xBD, 0x64, 0x3B, 0x43, 0xFA, 0x88, 0xCE, 0x01,
    0x28, 0x3E, 0x11, 0xFF, 0x34, 0xB6, 0x21, 0x85, 0xF8, 0x0D, 0x03, 0x2F, 0x4F, 0xC5, 0x19, 0xE2,
    0x09, 0x8F, 0xC2, 0x7A, 0x2B, 0xC8, 0x42, 0x6C, 0x60, 0x9A, 0x16, 0x35, 0xC2, 0x13, 0x5A, 0x98,
    0xB4, 0x2A, 0xCE, 0x20, 0xCE, 0x6F, 0x78, 0x5F, 0xA2, 0xF3, 0xF0, 0x0C, 0xEC, 0x43, 0x71, 0x33,
    0x91, 0x95, 0xA9, 0x76, 0x44, 0x71, 0x48, 0xB7, 0x54, 0x0B, 0x6D, 0x70, 0xC3, 0x3F, 0x75, 0x95,
    0x59, 0x6A, 0x6C, 0x31, 0x0C, 0x44, 0x0D, 0xFE, 0x0D, 0x68, 0x2B, 0xBD, 0x80, 0x06, 0x6D, 0xDD,
    0xD0, 0x0B, 0xF0, 0x56, 0x0C, 0xFE, 0x15, 0xE8, 0x55, 0x95, 0x7C, 0x7B, 0x7A, 0x49, 0x48, 0x72,
    0xEE, 0x60, 0xCB, 0xA5, 0xF1, 0x36, 0x6B, 0xCD, 0x1B, 0x7E, 0x6C, 0x7C, 0xB2, 0xAF, 0x0F, 0x7A,
    0xE6, 0xCA, 0x62, 0x64, 0x66, 0xDD, 0x83, 0x2D, 0x5A, 0x0F, 0xAC, 0x79, 0xA3, 0x89, 0x99, 0xF3,
    0x30, 0x13, 0x36, 0x49, 0x27, 0xC3, 0xE6, 0xE1, 0x30, 0x1A, 0xFC, 0x85, 0x3D, 0x5E, 0xEC, 0x0B,
    0xCF, 0x2F, 0x66, 0xD1, 0x73, 0x40, 0xA6, 0x3D, 0xD2, 0xA0, 0x6D, 0x38, 0xCE, 0x81, 0x1E, 0x83,
    0xA0, 0x26, 0xFA, 0xF1, 0xE8, 0xA7, 0x9D, 0xFF, 0xD2, 0x7F, 0x50, 0xDE, 0x95, 0x93, 0x59, 0x3E,
    0x09, 0xF2, 0x8A, 0xE8, 0xE3, 0xDE, 0x88, 0xE5, 0x3D, 0x6C, 0xD9, 0xF2, 0x07, 0x4F, 0xC6, 0x69,
    0x3C, 0x18, 0x12, 0x08, 0x2E, 0xB0, 0x11, 0x03, 0xC0, 0xF5, 0x0A, 0x07, 0x7A, 0xC6, 0x8F, 0xD3,
    0x28, 0x34, 0xC1, 0xA8, 0x03, 0x90, 0x0D, 0x85, 0x54, 0x8F, 0x4B, 0x53, 0x2C, 0x84, 0x48, 0x3E,
    0xE8, 0xE1, 0x83, 0x81, 0x5C, 0xF6, 0xE0, 0xD5, 0xE0, 0x95, 0xE4, 0xC0, 0xEF, 0x3B, 0xC0, 0x50,
    0xB6, 0x76, 0xE3, 0x2F, 0xE4, 0x82, 0x06, 0x0D, 0x5E, 0xC0, 0x7B, 0x9B, 0x13, 0x4A, 0x5B, 0x9F,
    0x93, 0xEB, 0x0E, 0x52, 0x7E, 0xC4, 0x01, 0x4E, 0xE9, 0x44, 0x66, 0x57, 0x74, 0x27, 0x55, 0xFB,
    0x7C, 0x00, 0x0D, 0x39, 0xA1, 0xEA, 0xBB, 0x35, 0x77, 0xC5, 0x86, 0x40, 0x52, 0x87, 0xDF, 0x95,
    0x5B, 0xA8, 0xE6, 0x1D, 0xC0, 0x88, 0x23, 0x91, 0x88, 0x04, 0x6B, 0xC1, 0xB0, 0x89, 0x1E, 0xC9,
    0x7A, 0xE3, 0x65, 0x2A, 0x92, 0xF4, 0x01, 0xA1, 0x47, 0xC4, 0x82, 0x79, 0x80, 0x0F, 0xFE, 0xEE,
    0x83, 0x42, 0x7E, 0xFF, 0x23, 0xF2, 0x78, 0x48, 0x9D, 0x38, 0x6F, 0x17, 0xA4, 0x13, 0xF9, 0x85,
    0x4D, 0xA2, 0x94, 0x2D, 0xCF, 0x4B, 0x99, 0x02, 0x09, 0x65, 0x10, 0xC8, 0x08, 0xCE, 0x39, 0xD3,
    0x03, 0x1E, 0x61, 0x5F, 0xDC, 0x99, 0xAD, 0xB6, 0x8C, 0x75, 0x07, 0xFD, 0x1F, 0x80, 0x02, 0xEA,
    0x69, 0x4A, 0xE0, 0xFF, 0xE0, 0x3B, 0x2D, 0x54, 0x04, 0xDF, 0x80, 0xE7, 0x4B, 0xC5, 0xA4, 0xCA,
    0x6C, 0xE5, 0x55, 0x93, 0x7F, 0x65, 0xEE, 0xAF, 0x7D, 0xAE, 0xFE, 0x61, 0xD5, 0x11, 0xD0, 0xC5,
    0xF4, 0xB3, 0x26, 0x46, 0x35, 0xD6, 0x90, 0xC9, 0x2C, 0x5B, 0x25, 0xAD, 0x8E, 0xF0, 0xA9, 0x03,
    0x0D, 0x9A, 0x79, 0xEC, 0x07, 0x50, 0x83, 0xDA, 0x30, 0x53, 0x37, 0x7A, 0xCA, 0xB3, 0x18, 0x1E,
    0x9C, 0x80, 0xD3, 0xE5, 0x48, 0xD0, 0xBA, 0xCE, 0x3D, 0x3F, 0xB7, 0x73, 0x17, 0x45, 0x1C, 0x74,
    0x93, 0xAA, 0x6C, 0x29, 0x91, 0xC9, 0x5A, 0xC7, 0x46, 0x14, 0xCB, 0x5E, 0xD2, 0xD5, 0x93, 0x79,
    0x87, 0x17, 0x7B, 0xA9, 0xF1, 0xA5, 0x99, 0x7D, 0x06, 0xDE, 0x90, 0xAD, 0x25, 0x3B, 0xAB, 0x67,
    0xB1, 0x71, 0x3F, 0xD7, 0xD9, 0x59, 0xDF, 0x1F, 0xAF, 0x7D, 0xF5, 0x97, 0xAD, 0xEF, 0x3D, 0x10,
    0xAD, 0x01, 0x6A, 0x80, 0xF4, 0xBD, 0x36, 0x4D, 0xA2, 0xAA, 0x93, 0x76, 0xC0, 0x38, 0xB6, 0x54,
    0x70, 0xDE, 0x51, 0xED, 0xE0, 0xCF, 0x65, 0x23, 0xBF, 0xC8, 0xE8, 0xF7, 0x71, 0xEC, 0x8F, 0x9A,
    0x39, 0x2B, 0x1E, 0x1B, 0x63, 0x62, 0xE5, 0xDE, 0x3C, 0x23, 0xF6, 0x66, 0xB0, 0x62, 0xE7, 0xE4,
    0xE4, 0xA9, 0x81, 0x74, 0x81, 0xF5, 0x5D, 0xF9, 0x1B, 0x57, 0x1A, 0x29, 0x6C, 0x02, 0x28, 0x27,
    0x13, 0xB0, 0x32, 0x1A, 0x2A, 0x53, 0xC0, 0x3B, 0x61, 0x13, 0x38, 0x41, 0xE0, 0x78, 0x60, 0xC4,
    0x84, 0xB8, 0x30, 0xF4, 0x50, 0x12, 0xBE, 0xA0, 0x3C, 0xBC, 0xA3, 0xB1, 0x3D, 0xFC, 0x55, 0x50,
    0x2C, 0x96, 0xA1, 0xA4, 0xA8, 0x2D, 0x50, 0xE8, 0x00, 0x1F, 0x20, 0xEC, 0x7C, 0xEB, 0x15, 0x8F,
    0x83, 0x7B, 0xE1, 0x9A, 0xB8, 0xFB, 0xAD, 0x06, 0xAB, 0xB9, 0x08, 0x4D, 0x0F, 0x81, 0x4B, 0x0E,
    0x46, 0x3D, 0x04, 0x6C, 0x72, 0x28, 0x70, 0xB0, 0x08, 0x1C, 0x30, 0x68, 0x3C, 0x7B, 0x10, 0x81,
    0x36, 0x14, 0x46, 0x36, 0x6D, 0x70, 0xB5, 0xF1, 0x50, 0x89, 0x27, 0xA4, 0x1F, 0xE5, 0xD6, 0xAE,
    0x7E, 0xFF, 0xAD, 0x49, 0x0E, 0xBC, 0x82, 0x5C, 0x08, 0xBF, 0x7A, 0x2C, 0x3F, 0xD6, 0x7F, 0x75,
    0x9A, 0xBE, 0x35, 0x5F, 0x50, 0xD3, 0xAA, 0x27, 0xB3, 0xD2, 0x1F, 0x4F, 0xD8, 0xC1, 0xA8, 0x55,
    0x85, 0xDA, 0xA3, 0xAF, 0x4A, 0x68, 0x40, 0x1B, 0x27, 0x15, 0x63, 0xAC, 0xCF, 0x43, 0x75, 0x57,
    0x75, 0xD8, 0x6F, 0xC3, 0xE3, 0x29, 0xE6, 0xCC, 0x82, 0x3F, 0xF1, 0x39, 0x04, 0x9E, 0xFE, 0x9D,
    0x66, 0xB6, 0xF9, 0x0E, 0x7D, 0x0B, 0x9F, 0x08, 0x81, 0xD3, 0x9A, 0xDF, 0xD1, 0x25, 0x38, 0xE7,
    0x19, 0x3F, 0x71, 0x04, 0x3F, 0x24, 0x34, 0xBD, 0x08, 0xE6, 0xB3, 0xE7, 0x53, 0xF6, 0x3F, 0xAD,
    0x95, 0x6D, 0xAA, 0xEB, 0x40, 0x08, 0x86, 0x85, 0xF9, 0x7B, 0x60, 0xB6, 0x72, 0x16, 0x10, 0x70,
    0xEB, 0x42, 0x17, 0x90, 0xAD, 0x08, 0xF9, 0x2B, 0x78, 0x7D, 0x75, 0x26, 0x4D, 0x42, 0x1A, 0x7A,
    0xE1, 0x0C, 0x6D, 0x1F, 0x12, 0xE7, 0x43, 0x9D, 0x57, 0xEB, 0x7E, 0x1A, 0x46, 0x44, 0xFC, 0xFC,
    0xE3, 0x7F, 0xB1, 0xA2, 0x96, 0x11, 0x46, 0xCB, 0x97, 0x57, 0x68, 0xDA, 0x27, 0xBE, 0x98, 0x72,
    0x37, 0x33, 0x86, 0xE5, 0x19, 0x37, 0x18, 0xBE, 0x9C, 0xF1, 0xB4, 0xE0, 0x13, 0x0E, 0xCF, 0xEC,
    0x02, 0xB8, 0xEB, 0x01, 0xD6, 0x06, 0xB6, 0x38, 0x41, 0x2D, 0x5D, 0xB3, 0xFD, 0xE9, 0x38, 0x05,
    0x2F, 0x4E, 0xF0, 0xB2, 0xB1, 0x24, 0xFA, 0x80, 0x26, 0xDA, 0x1B, 0xE7, 0xF3, 0xE6, 0xB1, 0xE5,
    0xD2, 0x1B, 0x3D, 0xC3, 0x9B, 0x68, 0x98, 0xB5, 0x8F, 0xB8, 0x22, 0xC1, 0x79, 0x27, 0x18, 0xC5,
    0x89, 0xED, 0x1E, 0xFE, 0xBF, 0x0B, 0x6E, 0xD7, 0xE1, 0xA5, 0xFB, 0xA6, 0xB0, 0xE1, 0x06, 0x77,
    0xE0, 0x8B, 0x0F, 0x71, 0x21, 0xAE, 0x32, 0xD0, 0x62, 0x3E, 0x32, 0xAC, 0x05, 0xC2, 0xDC, 0x47,
    0x69, 0x7C, 0x6D, 0xA3, 0x5D, 0x2F, 0xF4, 0x51, 0x1A, 0x5C, 0xB9, 0xDC, 0x81, 0x18, 0xC2, 0xB1,
    0x03, 0x9A, 0x8B, 0x55, 0x6A, 0x81, 0xBE, 0x95, 0xC8, 0xA5, 0x76, 0xC9, 0x32, 0x30, 0xCB, 0xDD,
    0xED, 0x97, 0x4E, 0xE3, 0xEC, 0xC4, 0x28, 0x8D, 0x81, 0xB3, 0xED, 0xCB, 0x29, 0x69, 0xC8, 0x48,
    0x25, 0xD0, 0x23, 0x79, 0x80, 0x84, 0x94, 0xE2, 0x13, 0x79, 0x4C, 0x10, 0x10, 0x33, 0x99, 0x5B,
    0x5C, 0xC1, 0x44, 0xAD, 0xFB, 0x50, 0x1D, 0x4D, 0xAA, 0x64, 0x71, 0x2B, 0x6E, 0x0D, 0x11, 0x03,
    0x1C, 0xF1, 0x03, 0x4A, 0xBA, 0x34, 0x59, 0x08, 0xD0, 0x84, 0xFB, 0x11, 0x65, 0xB3, 0xAE, 0x1C,
    0x12, 0xD8, 0x61, 0x0B, 0xC7, 0x4B, 0x4E, 0x2C, 0xEC, 0x76, 0x80, 0xAF, 0x89, 0x4D, 0x00, 0x4E,
    0x84, 0x5E, 0x0A, 0xAF, 0x44, 0x1C, 0x1B, 0xA1, 0x84, 0x0E, 0x5E, 0x6F, 0xD0, 0x8E, 0x55, 0xEA,
    0xA9, 0x20, 0xF4, 0x53, 0xD7, 0x4F, 0x07, 0x84, 0x02, 0xA4, 0xC7, 0x6E, 0x21, 0x47, 0x1E, 0x88,
    0x44, 0x45, 0xAA, 0xAC, 0xE0, 0x38, 0xF0, 0x0A, 0x62, 0x85, 0x2D, 0xBC, 0x88, 0xE5, 0x1A, 0xF9,
    0xCC, 0x75, 0x0A, 0xA9, 0x52, 0xE8, 0x00, 0x5B, 0x2F, 0x23, 0x65, 0x03, 0xA3, 0xB5, 0x0C, 0x9C,
    0x6D, 0xDF, 0x4F, 0x59, 0xCA, 0xC6, 0xA3, 0x6A, 0x71, 0x5A, 0xBA, 0xE4, 0x13, 0x50, 0x19, 0x6E,
    0xB1, 0x6F, 0x8A, 0x10, 0xFB, 0x2B, 0xC1, 0x69, 0xB3, 0x6A, 0xC4, 0xB6, 0xA0, 0x6B, 0x30, 0x82,
    0x4F, 0x31, 0x20, 0xA2, 0x54, 0xB3, 0x27, 0x22, 0x88, 0xB4, 0x31, 0x25, 0xFA, 0x14, 0x98, 0x7D,
    0xD0, 0xE0, 0x93, 0x3E, 0x6F, 0x6D, 0xC8, 0xFC, 0x32, 0xFE, 0x14, 0xA6, 0x4B, 0x94, 0x25, 0x3E,
    0x7B, 0x69, 0x15, 0xA5, 0x5C, 0xA0, 0x84, 0x76, 0x31, 0x71, 0xB5, 0xF9, 0xC1, 0x76, 0x37, 0x25,
    0x8E, 0xCC, 0xBA, 0xF5, 0x56, 0xE5, 0xBB, 0x6A, 0x35, 0xC3, 0xEA, 0x23, 0x85, 0x9E, 0x2D, 0xA0,
    0x4F, 0xCD, 0x4B, 0x3A, 0x98, 0xC5, 0x60, 0x3F, 0xE9, 0xDC, 0xEF, 0x25, 0x13, 0x4F, 0x65, 0x78,
    0xFB, 0xF2, 0xA1, 0xBF, 0xB4, 0x52, 0x4F, 0xB9, 0xAB, 0x6F, 0xAC, 0x80, 0xC6, 0x45, 0x66, 0x44,
    0x62, 0x03, 0xF8, 0xC7, 0x8B, 0x9B, 0x42, 0xBF, 0xE4, 0xA8, 0xA4, 0xEC, 0x2A, 0x8C, 0xE6, 0x8F,
    0x9B, 0x16, 0x48, 0x1A, 0x8F, 0xD4, 0x57, 0x41, 0xC0, 0xB9, 0xF5, 0x3F, 0x8D, 0x95, 0x5B, 0x8A,
    0xC3, 0x30, 0x0C, 0x45, 0x0D, 0xFE, 0x1D, 0xD0, 0x56, 0xBA, 0x80, 0x82, 0xB6, 0x6E, 0xE8, 0x02,
    0xB2, 0x15, 0x43, 0x7F, 0x05, 0x9A, 0x7B, 0x25, 0x25, 0xAD, 0xFB, 0xEE, 0x30, 0x39, 0x8D, 0x23,
    0x3B, 0x57, 0xCF, 0xB6, 0x26, 0x2D, 0x3E, 0x32, 0x02, 0x5A, 0x88, 0x8B, 0xF3, 0x63, 0x9E, 0xA8,
    0xBB, 0xD6, 0x67, 0x58, 0x14, 0x24, 0xD6, 0xC2, 0x14, 0xF0, 0x02, 0x0E, 0x81, 0x61, 0x42, 0x72,
    0xD1, 0xB7, 0x44, 0x6E, 0x38, 0x4B, 0x3C, 0x6B, 0x3B, 0x72, 0xDF, 0x03, 0x56, 0x93, 0x03, 0xBE,
    0x00, 0x82, 0xBB, 0xF3, 0x54, 0x7B, 0xE6, 0x54, 0x18, 0xBC, 0x61, 0xD9, 0xDD, 0x38, 0x93, 0xE1,
    0x9A, 0x1E, 0xFB, 0x21, 0x65, 0xBD, 0x6F, 0x75, 0x7E, 0x71, 0x1B, 0xC5, 0xCB, 0x84, 0x1A, 0x95,
    0xCB, 0xB5, 0x08, 0xE7, 0xC9, 0x71, 0xB0, 0x2D, 0xF7, 0x17, 0xBC, 0x4F, 0x1B, 0xCE, 0xBB, 0x1A,
    0xAF, 0xE2, 0x30, 0x50, 0x31, 0x31, 0x86, 0xBE, 0x4F, 0x24, 0xE5, 0xAF, 0xF5, 0xD1, 0x23, 0xD2,
    0x23, 0x55, 0x01, 0xEE, 0xB3, 0xC0, 0x10, 0xCD, 0xF6, 0x00, 0x3E, 0x2B, 0xD0, 0xD2, 0xFD, 0x1E,
    0xB7, 0x67, 0x04, 0x16, 0x17, 0x5C, 0xD2, 0xE4, 0x0E, 0x4C, 0x5B, 0x1E, 0x5D, 0xB8, 0xD2, 0x72,
    0x5A, 0x0F, 0x30, 0x92, 0x53, 0xA6, 0x6E, 0x80, 0x0E, 0x21, 0x10, 0x28, 0x6F, 0x3E, 0x59, 0x0D,
    0x40, 0x54, 0xC7, 0xF9, 0xA8, 0xA5, 0xAF, 0xF4, 0x7C, 0xD1, 0x13, 0xBF, 0xEC, 0x93, 0xAC, 0xCE,
    0xAA, 0xD5, 0x1B, 0x11, 0x2F, 0xDF, 0x2B, 0xD4, 0x5A, 0x55, 0x73, 0xBE, 0x48, 0xA3, 0xC6, 0xBB,
    0xA9, 0xD0, 0x00, 0x3E, 0x74, 0x1A, 0xF8, 0x50, 0xD6, 0x2D, 0x5C, 0x40, 0x5A, 0x90, 0x1B, 0x26,
    0x02, 0x59, 0xE6, 0x57, 0x3C, 0x64, 0x97, 0xE8, 0x1B, 0x7F, 0xEC, 0x0B, 0x5E, 0xB7, 0xD1, 0x87,
    0x0D, 0xE9, 0xD3, 0x58, 0xC1, 0xE5, 0x91, 0x7E, 0xCC, 0x8C, 0x97, 0x85, 0x17, 0xE6, 0xE1, 0x84,
    0xD1, 0x29, 0x1D, 0x2C, 0x20, 0xB8, 0x60, 0xF8, 0xC7, 0x37, 0xB4, 0xDB, 0x84, 0x35, 0x5C, 0x31,
    0x8F, 0xC2, 0xB7, 0x73, 0xBC, 0x61, 0xFE, 0xA0, 0xFA, 0x93, 0x2B, 0xFA, 0xE0, 0xCA, 0x2E, 0xC9,
    0xC2, 0xD4, 0xAC, 0x94, 0x69, 0xF4, 0x52, 0x40, 0xA0, 0xAC, 0x04, 0x32, 0xB7, 0x10, 0x48, 0x35,
    0x14, 0x58, 0x3A, 0x47, 0x1E, 0x36, 0x2B, 0x4A, 0xCE, 0xDB, 0x6B, 0xC9, 0x3D, 0xFD, 0x22, 0xB0,
    0xE6, 0xD7, 0x1D, 0x25, 0xA3, 0xF6, 0x4C, 0xF6, 0x13, 0xCE, 0xDF, 0x5E, 0x11, 0x12, 0xE5, 0x25,
    0x7D, 0x16, 0xAD, 0xE8, 0xC1, 0x5E, 0xFB, 0xFA, 0xB6, 0x05, 0x31, 0x08, 0xF2, 0xFC, 0xFD, 0x3D,
    0x68, 0x76, 0x6A, 0x3A, 0x07, 0xB7, 0xB1, 0x93, 0x11, 0x59, 0xC9, 0x01, 0xC2, 0xE1, 0xB0, 0x15,
    0x2F, 0x83, 0xF5, 0x77, 0xF8, 0xB3, 0xCF, 0xE9, 0xAA, 0xBA, 0xAC, 0xE5, 0x9E, 0x3D, 0x22, 0x09,
    0xD6, 0x2A, 0x15, 0xC5, 0x0C, 0x11, 0x73, 0x14, 0x01, 0xD6, 0x34, 0x06, 0xE5, 0x5E, 0x3D, 0x12,
    0xA9, 0xEA, 0x51, 0x51, 0xB8, 0xD6, 0x70, 0x30, 0x34, 0x49, 0x15, 0xCA, 0x29, 0xE3, 0xD9, 0xB3,
    0x8D, 0x56, 0x30, 0xD6, 0x7F, 0x95, 0xD4, 0x91, 0x49, 0x7D, 0xCA, 0x66, 0x9C, 0x02, 0xCF, 0xD1,
    0x40, 0x94, 0x2E, 0xB6, 0x64, 0xE5, 0x63, 0x2F, 0xF7, 0xFD, 0x17, 0x66, 0x21, 0x1D, 0x8B, 0xBF,
    0x18, 0xA0, 0x07, 0x3D, 0x07, 0x75, 0x8A, 0x45, 0x0F, 0xCF, 0x1B, 0xF5, 0xF7, 0x99, 0xA0, 0x35,
    0x7C, 0x34, 0x04, 0x8A, 0xE5, 0x2C, 0x40, 0xD0, 0xE2, 0xFC, 0x9A, 0x05, 0x31, 0x94, 0x79, 0xE1,
    0x2C, 0xE8, 0xEF, 0x67, 0xC1, 0x3F, 0x8D, 0x95, 0x4D, 0x8A, 0xE4, 0x30, 0x0C, 0x85, 0x05, 0xDE,
    0x06, 0x7C, 0x95, 0x3A, 0x80, 0x41, 0x57, 0x37, 0x64, 0x3B, 0x50, 0x57, 0x11, 0x64, 0x2B, 0xD0,
    0x3C, 0xFD, 0xA4, 0x12, 0x67, 0xBA, 0xA7, 0xBB, 0x36, 0x5F, 0x95, 0x2D, 0x5B, 0x96, 0xFC, 0x9E,
    0x8B, 0x98, 0xE2, 0xC3, 0xD4, 0x84, 0xBF, 0x45, 0x97, 0x3E, 0xD9, 0xAC, 0xCF, 0x13, 0x02, 0xF8,
    0x2C, 0xE6, 0x00, 0x25, 0x9E, 0xC6, 0x53, 0xC9, 0x76, 0xC5, 0x37, 0xB2, 0x43, 0x7C, 0xDC, 0x14,
    0xD8, 0x9A, 0x61, 0x80, 0xA8, 0x21, 0x5E, 0x89, 0xFA, 0x89, 0xCD, 0xB7, 0xE6, 0xC8, 0x30, 0x39,
    0x33, 0x0C, 0x00, 0x5B, 0x6F, 0x18, 0x9F, 0xB5, 0x35, 0xAB, 0xEF, 0x63, 0xB6, 0x00, 0x19, 0x98,
    0x84, 0x68, 0x50, 0xCF, 0xC3, 0xF7, 0xF9, 0x01, 0x4F, 0x47, 0x37, 0xF1, 0xAD, 0x10, 0x1A, 0x10,
    0x9F, 0xF3, 0x59, 0x8C, 0xBC, 0x3D, 0x68, 0x01, 0xD6, 0xF4, 0x02, 0x52, 0x10, 0x4B, 0xC0, 0x0A,
    0x8A, 0x92, 0x71, 0x78, 0xBB, 0xE3, 0xFD, 0x76, 0xF4, 0xF7, 0x9F, 0x38, 0xA2, 0x7F, 0xFF, 0x60,
    0x24, 0xB6, 0x04, 0xD2, 0x5A, 0x42, 0xEF, 0xD8, 0xE5, 0x8E, 0xE8, 0x7E, 0x7D, 0x90, 0xC1, 0xB3,
    0x9E, 0x10, 0xD2, 0xB8, 0x84, 0xC4, 0x3A, 0xF7, 0xEB, 0x10, 0x7C, 0x34, 0x77, 0x77, 0xC4, 0x98,
    0x69, 0xC1, 0x9B, 0x20, 0x14, 0xC3, 0x3E, 0xD9, 0x54, 0x3D, 0xBE, 0x8B, 0x32, 0x46, 0x6D, 0x6A,
    0x37, 0xF4, 0x0C, 0xEB, 0x4C, 0x2C, 0x32, 0xE0, 0x7A, 0x81, 0x26, 0xAF, 0x65, 0xCF, 0xFF, 0x61,
    0xCD, 0xC7, 0x01, 0x79, 0xE4, 0xE3, 0x4F, 0xBE, 0x86, 0x7C, 0x7A, 0xCF, 0x67, 0xBE, 0xE2, 0xD0,
    0x17, 0xE7, 0x32, 0x34, 0xAA, 0xDD, 0x50, 0x83, 0x3F, 0xCF, 0x95, 0xC8, 0x33, 0x3B, 0xAF, 0x67,
    0xE9, 0xA7, 0x03, 0x0A, 0xDD, 0x07, 0xD9, 0x83, 0xF5, 0x42, 0x2D, 0xFF, 0x17, 0x2E, 0xFD, 0x10,
    0x4A, 0x41, 0x12, 0xEA, 0x32, 0x74, 0xE9, 0x07, 0x38, 0x45, 0xD9, 0x7B, 0xDF, 0x21, 0x32, 0x68,
    0x65, 0x17, 0xE6, 0x0B, 0x53, 0x21, 0x7D, 0xBD, 0x40, 0xDC, 0x24, 0x04, 0x74, 0x62, 0xA6, 0x9C,
    0xF6, 0x3E, 0xB7, 0xB8, 0xE5, 0x49, 0x27, 0x70, 0xF8, 0x59, 0x87, 0x6F, 0x71, 0xF8, 0x74, 0x8E,
    0xFB, 0xA8, 0x7C, 0x9B, 0x2E, 0x0E, 0x68, 0x94, 0x43, 0x62, 0xD5, 0x09, 0x5C, 0xAF, 0xA6, 0xAB,
    0x66, 0xC0, 0xD2, 0x47, 0xD5, 0xB0, 0xB8, 0x21, 0x64, 0x29, 0x70, 0x62, 0x60, 0x29, 0xAC, 0xB1,
    0x25, 0x7C, 0x23, 0xAF, 0x21, 0x1A, 0x91, 0x18, 0x89, 0x8D, 0xD7, 0xB6, 0x86, 0x18, 0x9F, 0x78,
    0x74, 0x7E, 0xF3, 0x62, 0x98, 0xAE, 0x87, 0xA5, 0x4A, 0x99, 0xB7, 0x52, 0x26, 0xD3, 0x72, 0x7F,
    0xA8, 0x41, 0xEA, 0x65, 0x88, 0x07, 0xC0, 0x0A, 0x33, 0xE1, 0x73, 0xD2, 0x32, 0xA4, 0xC5, 0x1A,
    0xFC, 0x1A, 0x79, 0x1D, 0x11, 0xD9, 0x73, 0x1D, 0xB3, 0xDB, 0xDD, 0x0A, 0xE3, 0x3A, 0x60, 0x3C,
    0x2A, 0x3F, 0x63, 0xA4, 0x91, 0xC7, 0x29, 0x7C, 0xF3, 0xB7, 0x47, 0xDB, 0x0A, 0x7F, 0x94, 0x0A,
    0xA9, 0xBC, 0x99, 0xB6, 0x00, 0x8E, 0x7B, 0x88, 0x05, 0x9A, 0xED, 0x05, 0x9F, 0x6B, 0x19, 0xD2,
    0xC3, 0x49, 0xC0, 0x21, 0x83, 0x26, 0x63, 0x01, 0x44, 0x12, 0x80, 0x69, 0x81, 0x0E, 0x13, 0x05,
    0x48, 0x00, 0x37, 0x82, 0x43, 0x03, 0xDE, 0x1B, 0x6D, 0x47, 0x78, 0xD8, 0x7B, 0x01, 0xA3, 0x41,
    0x00, 0xEE, 0x37, 0x0F, 0x10, 0x1A, 0x2D, 0x9F, 0x51, 0xA2, 0x57, 0x5D, 0x8B, 0xAE, 0x6C, 0x96,
    0xCA, 0xEB, 0xE5, 0xB7, 0x74, 0x0A, 0xBA, 0x16, 0x57, 0xE4, 0x25, 0x9D, 0xE4, 0xB8, 0x72, 0x49,
    0x77, 0x4F, 0x9C, 0x33, 0x65, 0xE5, 0x2E, 0x0F, 0xC6, 0x6F, 0xEF, 0x4B, 0x28, 0xAB, 0xBB, 0xFD,
    0xC1, 0x50, 0x14, 0x6C, 0x12, 0xBD, 0x3F, 0xC9, 0xDC, 0x38, 0xF2, 0x94, 0x22, 0xC6, 0x83, 0xF4,
    0x05, 0xEB, 0x7C, 0x2B, 0xBB, 0x57, 0x22, 0xD7, 0x63, 0xFB, 0x61, 0xDE, 0xF5, 0x17, 0x94, 0xF2,
    0xF9, 0x11, 0xFA, 0x7A, 0xD0, 0xE7, 0x23, 0x02, 0xD7, 0x94, 0x3C, 0x8A, 0xAE, 0x36, 0xAF, 0x27,
    0xE3, 0x50, 0x57, 0x10, 0xFF, 0x7C, 0x31, 0xDF, 0x2D, 0xD7, 0x31, 0xAF, 0x84, 0xE6, 0x22, 0x6E,
    0x3C, 0xF2, 0xDF, 0xF8, 0xCD, 0x39, 0xD7, 0x7A, 0xFE, 0x02, 0x85, 0x95, 0x59, 0x8A, 0x24, 0x31,
    0x0C, 0x44, 0x05, 0xFE, 0x2D, 0xF0, 0x55, 0x1A, 0xE6, 0xD7, 0xA0, 0xAB, 0x1B, 0xFA, 0x00, 0x7D,
    0x15, 0x43, 0xFD, 0x0A, 0x34, 0x8A, 0x08, 0x3B, 0x6B, 0xE9, 0x9E, 0xE9, 0x84, 0xE2, 0x65, 0x79,
    0x55, 0x68, 0x4B, 0x73, 0xB3, 0x6E, 0x66, 0xC0, 0x04, 0x56, 0x9F, 0x61, 0xDE, 0x04, 0x8B, 0x83,
    0xCF, 0xE5, 0x19, 0x4E, 0x64, 0x61, 0x12, 0x5F, 0xB3, 0xE6, 0x7A, 0xFF, 0x32, 0xCB, 0xC9, 0xED,
    0xF9, 0x99, 0x99, 0x61, 0x79, 0x17, 0xF0, 0x44, 0xAB, 0x37, 0xB3, 0x82, 0x03, 0x3D, 0x6F, 0x42,
    0xC3, 0x9C, 0xFB, 0x06, 0xD6, 0xC6, 0xC0, 0x0A, 0x3B, 0xB0, 0x83, 0xCE, 0xC3, 0x0E, 0x9A, 0xA0,
    0x39, 0x58, 0x5E, 0xCF, 0x90, 0x06, 0x8C, 0xFA, 0x1B, 0xCB, 0x30, 0xB0, 0xE5, 0x22, 0xFB, 0xBD,
    0x8C, 0x81, 0x92, 0x99, 0x64, 0x9A, 0xC3, 0xEC, 0x56, 0x47, 0xD5, 0x44, 0xE2, 0x8E, 0x9A, 0xC8,
    0x52, 0x07, 0x73, 0x13, 0x2F, 0x7D, 0x6F, 0x36, 0x72, 0xD8, 0x2A, 0xE6, 0x72, 0xDC, 0x9E, 0x7F,
    0x8A, 0xAB, 0x68, 0xAB, 0x3C, 0x66, 0x0E, 0x47, 0xB5, 0x29, 0x96, 0x3B, 0x4A, 0xC8, 0x80, 0x8F,
    0x8A, 0xDE, 0x9D, 0xF7, 0x0F, 0x13, 0x69, 0x33, 0x09, 0xE7, 0xF8, 0xBE, 0xF7, 0xA2, 0x5D, 0xBA,
    0x36, 0xDB, 0xD4, 0xBE, 0x2E, 0xCA, 0x09, 0x3F, 0xEC, 0xE3, 0x7C, 0xE9, 0x3A, 0xAC, 0xE1, 0xB2,
    0x8B, 0xF1, 0x58, 0xD0, 0x79, 0x58, 0x22, 0xD6, 0x0E, 0x17, 0xA8, 0xF9, 0x96, 0x77, 0x8E, 0x37,
    0xFE, 0x81, 0xAE, 0xE4, 0x78, 0xCF, 0x0F, 0x71, 0xFB, 0xD5, 0x2F, 0xEA, 0xDE, 0xF1, 0x64, 0xF7,
    0xF6, 0xB3, 0x82, 0x5E, 0xF6, 0xAC, 0x94, 0xBD, 0xD3, 0x61, 0xAF, 0x27, 0x9C, 0x55, 0xF6, 0xE2,
    0xD2, 0xD2, 0x85, 0x5C, 0xB8, 0x71, 0xFD, 0x54, 0x12, 0x1E, 0x9D, 0xED, 0xA1, 0x33, 0x9F, 0xA8,
    0xF1, 0xD2, 0xB5, 0x59, 0x42, 0xC4, 0x6F, 0xFE, 0x43, 0x36, 0xE2, 0x0A, 0x71, 0xCA, 0x5F, 0xB9,
    0xC8, 0x32, 0xAE, 0xD2, 0x7B, 0x5C, 0xEC, 0x39, 0x38, 0x7E, 0xE8, 0xAC, 0x82, 0x71, 0x71, 0x28,
    0x3D, 0x2F, 0xD2, 0x8E, 0xDB, 0xD6, 0xE7, 0xAC, 0x9A, 0x9C, 0x5D, 0xF1, 0xA8, 0x43, 0xB7, 0x3E,
    0x18, 0xD6, 0xA4, 0xCF, 0x4C, 0x09, 0xC4, 0x60, 0xDF, 0xAC, 0xC9, 0x37, 0x8D, 0xAE, 0x5A, 0x44,
    0x8F, 0x4E, 0x17, 0xA7, 0x30, 0x04, 0x24, 0x27, 0xA6, 0x51, 0x8E, 0x0A, 0x1B, 0xE4, 0x04, 0xD1,
    0x82, 0xDA, 0x6D, 0xB5, 0x70, 0x66, 0xC8, 0x3E, 0x34, 0xA8, 0xBB, 0x87, 0xEA, 0xA3, 0x8C, 0x69,
    0x42, 0x1D, 0xE0, 0x5F, 0xAC, 0xD2, 0xC4, 0xEB, 0x6C, 0x48, 0x02, 0x2C, 0xAC, 0xF9, 0x92, 0x5A,
    0xEF, 0xF3, 0x56, 0x61, 0x32, 0xDF, 0xCB, 0x43, 0xF6, 0xD5, 0x0F, 0x1E, 0x3C, 0xB9, 0xE0, 0x2F,
    0xB0, 0x2B, 0x55, 0xFF, 0x8D, 0x78, 0x47, 0xD6, 0x25, 0xDF, 0xF0, 0xE3, 0xCA, 0x5F, 0xB0, 0x8D,
    0x50, 0xF0, 0x63, 0xC3, 0xCE, 0x13, 0x74, 0xF6, 0xEF, 0x40, 0x83, 0x3B, 0x50, 0xD7, 0x8B, 0x5E,
    0xC8, 0x88, 0x24, 0x2A, 0x9F, 0x88, 0xE0, 0x12, 0xF6, 0xB9, 0x6F, 0xFB, 0xFE, 0x8B, 0x21, 0xF8,
    0x85, 0x3A, 0x1A, 0x0D, 0x90, 0x90, 0xE5, 0xA1, 0x6E, 0xB9, 0xD0, 0xAC, 0x9C, 0x1D, 0x6B, 0x57,
    0x7E, 0xAA, 0xFA, 0x53, 0xDE, 0xDC, 0xB9, 0xFD, 0x86, 0x3D, 0xF7, 0x80, 0xBF, 0x38, 0xE4, 0x11,
    0x2A, 0x6A, 0x6E, 0x2B, 0x54, 0x1E, 0x84, 0x43, 0x12, 0xAE, 0x41, 0x16, 0x34, 0x4A, 0x47, 0xA2,
    0x44, 0xA5, 0x43, 0x25, 0x4A, 0x94, 0x29, 0x95, 0xC1, 0xDB, 0xA9, 0x6A, 0x82, 0x9D, 0xE6, 0xED,
    0xF2, 0x4E, 0x75, 0x57, 0xCD, 0xF8, 0xC3, 0xF7, 0x7C, 0x76, 0x6F, 0x6E, 0x68, 0x32, 0xD8, 0x2E,
    0x56, 0x0F, 0x6D, 0xA9, 0xAC, 0x64, 0xFE, 0xB2, 0x13, 0x3D, 0x73, 0xD7, 0xF4, 0x13, 0xAB, 0x97,
    0xB1, 0x0C, 0x7C, 0xA2, 0xBC, 0x98, 0xB4, 0xE4, 0xD0, 0xF1, 0x28, 0x99, 0x09, 0xBA, 0x7A, 0xD8,
    0x26, 0x14, 0x74, 0xB5, 0x33, 0x96, 0xCB, 0x6A, 0x9F, 0xA8, 0xD5, 0x9A, 0x9F, 0xA1, 0x9E, 0x51,
    0xDF, 0x30, 0x19, 0xCF, 0xD6, 0xB4, 0xA4, 0x80, 0x6D, 0x31, 0x49, 0x67, 0xAF, 0x28, 0x73, 0xD7,
    0xB9, 0x57, 0x2E, 0xFC, 0x90, 0xBC, 0xF9, 0x0C, 0xDF, 0x90, 0xAF, 0xF3, 0x19, 0x4D, 0x7E, 0xE9,
    0xEB, 0xB1, 0x22, 0xF4, 0x85, 0xB9, 0x70, 0x43, 0xC3, 0x08, 0xF6, 0x39, 0x82, 0x71, 0xF1, 0x9D,
    0x78, 0xAF, 0xE9, 0x1D, 0x88, 0x0B, 0x3E, 0xA0, 0xCC, 0x30, 0x44, 0x8F, 0x81, 0xC3, 0x86, 0xB6,
    0xEF, 0x7B, 0x81, 0x62, 0x7E, 0xBE, 0x5E, 0xC4, 0x14, 0xCC, 0xFE, 0x02, 0x95, 0x95, 0x6B, 0x6A,
    0x24, 0x31, 0x0C, 0x84, 0x05, 0xFE, 0xDB, 0xA0, 0xAB, 0xF4, 0x01, 0x06, 0x74, 0x75, 0x43, 0x0E,
    0xB0, 0x57, 0x11, 0xEC, 0x5F, 0x81, 0xB6, 0xAA, 0xD4, 0x33, 0xD3, 0x13, 0x76, 0x21, 0xDB, 0x79,
    0x7C, 0x13, 0xB7, 0x2D, 0x95, 0x5E, 0x8E, 0x9B, 0x85, 0xE1, 0x67, 0xFF, 0x0C, 0x3E, 0x88, 0x2D,
    0xF4, 0x8E, 0xEE, 0xF0, 0x36, 0x22, 0x52, 0xE8, 0xAD, 0x2D, 0x35, 0x07, 0xF2, 0x07, 0x36, 0x57,
    0x7E, 0x47, 0x08, 0x30, 0x66, 0x7E, 0x01, 0x8E, 0xE8, 0x6B, 0x77, 0x9A, 0x03, 0x38, 0xBB, 0x1A,
    0x2E, 0x5E, 0x4F, 0xFD, 0x07, 0x1C, 0xBF, 0x77, 0x31, 0x86, 0xAE, 0x36, 0x8A, 0xAF, 0x5E, 0x25,
    0xFC, 0x82, 0xDE, 0x55, 0x70, 0x00, 0x64, 0xB7, 0x09, 0x3C, 0xE8, 0x59, 0xC2, 0xAE, 0x96, 0xEC,
    0x82, 0x56, 0x88, 0x2D, 0xC7, 0x81, 0x06, 0x0A, 0xC7, 0xAC, 0x56, 0x63, 0x23, 0x3C, 0x40, 0x20,
    0x11, 0x05, 0x43, 0xF0, 0x57, 0x21, 0xEF, 0x75, 0x18, 0x6D, 0x9D, 0x66, 0x97, 0xF4, 0x0B, 0x34,
    0xF5, 0x7C, 0x7C, 0x3E, 0x2B, 0xEC, 0x86, 0x3D, 0xC1, 0x2E, 0x1C, 0x31, 0x61, 0xDC, 0x71, 0xDA,
    0x03, 0x48, 0xA8, 0xD2, 0xC6, 0x14, 0x20, 0x87, 0xA0, 0x24, 0x93, 0xC7, 0x9A, 0xE8, 0xEF, 0xF0,
    0x01, 0x42, 0x19, 0x5B, 0x42, 0x0F, 0x6A, 0x41, 0x7E, 0xAC, 0x81, 0xA7, 0x0B, 0x2C, 0x79, 0x45,
    0x6C, 0xC4, 0xD4, 0x78, 0x49, 0x8F, 0xE5, 0x3A, 0x9B, 0xF6, 0xF1, 0x20, 0x86, 0x86, 0x90, 0xB8,
    0xB4, 0xB4, 0x40, 0xD3, 0xD0, 0x03, 0xB5, 0x02, 0xB4, 0x0D, 0x12, 0x38, 0x11, 0xEF, 0xAA, 0x47,
    0xEB, 0x48, 0x75, 0x8E, 0x07, 0xA6, 0x3F, 0xB0, 0x6B, 0x92, 0xA4, 0x84, 0x30, 0xE7, 0x77, 0x3C,
    0xA0, 0x0C, 0x59, 0x08, 0xE8, 0xA4, 0x9C, 0xB1, 0x89, 0xD8, 0xB1, 0xAC, 0x82, 0x02, 0xEC, 0x97,
    0xCD, 0xAA, 0x40, 0x07, 0x94, 0x2D, 0x6A, 0x41, 0x0C, 0x78, 0x12, 0x31, 0x20, 0xC3, 0xE5, 0x0C,
    0x05, 0x19, 0x33, 0xA6, 0xFE, 0xBC, 0x3A, 0x85, 0x75, 0xA8, 0x59, 0x2E, 0xF6, 0xDA, 0x56, 0xE6,
    0x62, 0xE0, 0x3E, 0x22, 0x88, 0x1C, 0xEC, 0xF3, 0xA3, 0x34, 0x5C, 0xBE, 0x1D, 0x67, 0x30, 0x58,
    0x3A, 0xA7, 0x8C, 0x76, 0x81, 0xE2, 0x58, 0x07, 0x17, 0xB6, 0x4A, 0xCF, 0xD1, 0x52, 0x4B, 0x85,
    0xEA, 0xC0, 0x60, 0x26, 0x55, 0x9C, 0x08, 0x7C, 0xF5, 0x46, 0x39, 0x24, 0x7E, 0xCB, 0x26, 0x46,
    0xA3, 0x91, 0x3B, 0xB7, 0xE3, 0xDD, 0xE1, 0x93, 0x2F, 0xC5, 0x40, 0x0F, 0xD3, 0x9B, 0xF7, 0x18,
    0x5A, 0x6E, 0xD5, 0x38, 0xD6, 0xA3, 0xA5, 0x6F, 0xCA, 0x3E, 0x63, 0x88, 0x67, 0x0C, 0x63, 0x3F,
    0x2F, 0x37, 0xB7, 0xD8, 0x73, 0x12, 0x92, 0xCF, 0xF4, 0x4C, 0xB7, 0xD3, 0x4B, 0x8D, 0xA5, 0xF7,
    0xF1, 0x75, 0xE5, 0xE5, 0x32, 0xAD, 0x3A, 0xC0, 0x1F, 0xD1, 0xFE, 0x14, 0xF1, 0x7E, 0x96, 0xEA,
    0xC0, 0xA0, 0x59, 0x4D, 0x04, 0xDA, 0x3E, 0x6A, 0x7D, 0x86, 0xF2, 0xDF, 0x93, 0x3E, 0x36, 0x31,
    0x7F, 0xE3, 0xA1, 0x84, 0x67, 0x0C, 0xE7, 0xDF, 0xCE, 0x1D, 0x53, 0xD4, 0xF8, 0x40, 0xC3, 0x3F,
    0xBE, 0x4B, 0x58, 0x29, 0xF8, 0x85, 0x2D, 0xC4, 0xD6, 0xCE, 0x98, 0x2E, 0x70, 0x9B, 0x03, 0xCA,
    0xFD, 0xD4, 0x53, 0x9F, 0x83, 0xCB, 0x88, 0x81, 0x8D, 0x89, 0xDA, 0xAE, 0x7A, 0x95, 0xF8, 0x40,
    0x16, 0x1E, 0xDA, 0xA9, 0x7C, 0xAA, 0x31, 0x4F, 0x9B, 0xA9, 0x37, 0x75, 0x59, 0x5F, 0x16, 0x4B,
    0x4A, 0xD4, 0xD0, 0x78, 0x79, 0xBE, 0x0B, 0xA7, 0x64, 0xB3, 0x0B, 0x50, 0xD1, 0xA5, 0x61, 0x9D,
    0xBB, 0x94, 0x75, 0x9F, 0xA2, 0xF3, 0x2E, 0xA0, 0xF1, 0x3C, 0x17, 0x05, 0x6C, 0xC6, 0x13, 0x02,
    0x2F, 0x53, 0x15, 0xC0, 0x8B, 0x40, 0x86, 0xF3, 0x60, 0x63, 0x74, 0xDE, 0xAF, 0x23, 0x58, 0x9D,
    0x6E, 0x8A, 0x2D, 0x38, 0x5B, 0xF1, 0x2B, 0x79, 0x41, 0x00, 0xD4, 0xF0, 0xFB, 0x8B, 0x86, 0xEF,
    0xE0, 0x58, 0x7E, 0xE5, 0x63, 0xD0, 0x98, 0x5F, 0x80, 0xF7, 0x26, 0xE0, 0xB8, 0x53, 0x79, 0x7C,
    0x07, 0xC1, 0xD0, 0x06, 0x32, 0xB6, 0xC7, 0x26, 0x8A, 0x25, 0x0F, 0x7A, 0x07, 0x8F, 0x2D, 0x04,
    0x81, 0xA4, 0x4F, 0x31, 0x8A, 0xE0, 0x35, 0x45, 0xB0, 0xA7, 0x08, 0x66, 0x2C, 0x8F, 0x65, 0xAF,
    0x18, 0xC2, 0x5E, 0x33, 0xCD, 0xEB, 0x2A, 0x03, 0x43, 0x43, 0xEB, 0xA8, 0x2D, 0xB3, 0x89, 0xCB,
    0x82, 0xE9, 0x38, 0x96, 0x00, 0x13, 0xEA, 0x7F, 0xFC, 0x83, 0x70, 0xDE, 0x4B, 0x2C, 0x6A, 0x4F,
    0x97, 0xB7, 0x2A, 0x9D, 0xAE, 0x66, 0xA0, 0x32, 0x8D, 0xD7, 0xA9, 0xBF, 0xBE, 0xCD, 0xC3, 0x63,
    0x16, 0x63, 0xB6, 0xF4, 0xA0, 0xF4, 0x6E, 0x5D, 0x50, 0x13, 0xA5, 0x7A, 0x89, 0x9F, 0xDF, 0xD9,
    0x75, 0xCE, 0xF4, 0x5E, 0xD3, 0x4B, 0x4B, 0xD7, 0x0C, 0xA7, 0xEE, 0x0F, 0x6D, 0x95, 0x5D, 0x8A,
    0x2C, 0x31, 0x08, 0x85, 0x85, 0xBC, 0x36, 0xB8, 0x95, 0x5A, 0x40, 0xC0, 0xAD, 0x07, 0x6A, 0x01,
    0xB5, 0x15, 0xA1, 0x5E, 0x85, 0xDC, 0x73, 0x34, 0xE9, 0xAE, 0xEE, 0xB9, 0x61, 0x66, 0x3E, 0x2A,
    0x3F, 0x46, 0x3D, 0x9A, 0x11, 0xC9, 0xA1, 0x23, 0x61, 0x3E, 0x31, 0x5C, 0x67, 0x42, 0x22, 0x44,
    0x9A, 0xCB, 0xAB, 0x20, 0x61, 0x7A, 0x02, 0x7D, 0xAA, 0x03, 0x2D, 0x24, 0x64, 0x8A, 0x3A, 0xFE,
    0xCC, 0x61, 0x43, 0x6C, 0x58, 0x4C, 0x09, 0xF5, 0xE6, 0x5D, 0xA2, 0x0D, 0x39, 0x70, 0x84, 0x56,
    0xCB, 0xD8, 0xC2, 0xB1, 0x4C, 0x8B, 0xCE, 0xC1, 0x75, 0x03, 0x60, 0x9C, 0x73, 0xCD, 0x5B, 0x4C,
    0x2C, 0xB8, 0x3A, 0x0C, 0x29, 0x6C, 0x06, 0x6C, 0x9E, 0xB4, 0x19, 0xC6, 0xEB, 0x5A, 0x98, 0xF0,
    0xA8, 0xBF, 0x64, 0x99, 0x16, 0x7C, 0xEF, 0xF1, 0x1D, 0x43, 0xDB, 0x31, 0x58, 0xE2, 0xB5, 0x97,
    0x1F, 0x38, 0x72, 0x4F, 0xCC, 0x85, 0x3B, 0x01, 0xF7, 0x71, 0x0F, 0x7C, 0xC9, 0xC0, 0x60, 0xEE,
    0x62, 0x6C, 0x32, 0x75, 0x60, 0x42, 0x43, 0x07, 0x16, 0xF5, 0x86, 0x73, 0x21, 0xF7, 0x75, 0x5D,
    0x58, 0x0B, 0xBD, 0x2E, 0x4C, 0xBB, 0xE9, 0x75, 0xFA, 0x02, 0x22, 0xD0, 0x73, 0xE0, 0x17, 0x3F,
    0x1E, 0x86, 0x89, 0x73, 0x74, 0xAB, 0x6B, 0x4D, 0x1A, 0x43, 0xEF, 0x85, 0x4C, 0x64, 0x0E, 0xA6,
    0x58, 0x0B, 0x5B, 0x87, 0x58, 0x31, 0x14, 0x7A, 0xAE, 0x61, 0x15, 0x5F, 0x63, 0xE1, 0xA8, 0x03,
    0xB3, 0xCC, 0xCC, 0x33, 0x63, 0xB0, 0x0A, 0xA5, 0xAD, 0xDC, 0x8C, 0xE7, 0x01, 0xDE, 0x0F, 0xA9,
    0xE4, 0x28, 0x6F, 0xA2, 0x26, 0xDF, 0xE0, 0x24, 0x62, 0x58, 0xE0, 0xA4, 0x2E, 0x8C, 0x9C, 0xB4,
    0x05, 0x58, 0x81, 0x80, 0x9A, 0x90, 0x8C, 0x89, 0x97, 0x69, 0xA5, 0x56, 0x29, 0xA9, 0xB9, 0x22,
    0xC2, 0x68, 0x53, 0x53, 0xE3, 0x55, 0x04, 0xB4, 0x95, 0x31, 0xD0, 0x0D, 0x26, 0x01, 0x38, 0xA4,
    0xF3, 0x46, 0x94, 0x11, 0xAE, 0x8A, 0xE9, 0x09, 0xF5, 0x9B, 0x68, 0x37, 0x40, 0x7B, 0x38, 0xF7,
    0x40, 0xCB, 0xC9, 0x51, 0x40, 0xA0, 0x33, 0xC1, 0xB5, 0xE6, 0xB9, 0xA5, 0xDD, 0x48, 0x03, 0x3C,
    0x39, 0xA7, 0x77, 0x3A, 0xD4, 0x20, 0x08, 0x9C, 0x2F, 0xC8, 0xC6, 0xED, 0x3A, 0x7A, 0x21, 0x4B,
    0xA9, 0x8D, 0x77, 0x2D, 0xB1, 0x07, 0xA8, 0x37, 0xD1, 0xE6, 0x95, 0x6E, 0x9B, 0x96, 0x42, 0x05,
    0xD1, 0x8A, 0xE5, 0x89, 0x29, 0xB9, 0x06, 0xE9, 0x88, 0x7D, 0xBC, 0xC0, 0x7E, 0x78, 0x8E, 0x4A,
    0xF9, 0xAB, 0x60, 0x85, 0xD9, 0xD1, 0x63, 0x08, 0x25, 0xD1, 0x16, 0x3C, 0xA1, 0x0B, 0x23, 0x61,
    0x5A, 0x4A, 0x17, 0x5E, 0x85, 0xB7, 0xF3, 0xAF, 0x4F, 0x23, 0x44, 0x35, 0x02, 0x5A, 0x35, 0xD2,
    0x69, 0x34, 0x73, 0x66, 0x7E, 0x83, 0xB2, 0x1C, 0x85, 0xC9, 0x86, 0x47, 0xFE, 0x46, 0x54, 0xFD,
    0xE7, 0x64, 0x2B, 0xAC, 0x9D, 0x52, 0x5B, 0xF6, 0xD7, 0x11, 0xEB, 0x9D, 0xB0, 0xF5, 0x5C, 0x64,
    0xFD, 0xC2, 0x2B, 0x0A, 0xE0, 0x84, 0xDE, 0x48, 0x35, 0x8C, 0x9D, 0x37, 0x10, 0xC6, 0xD6, 0xE0,
    0x3B, 0x72, 0x0D, 0xC2, 0x4E, 0x16, 0x4F, 0x5F, 0x35, 0xF4, 0xE9, 0x84, 0x87, 0x00, 0xBE, 0x04,
    0xA8, 0x0C, 0x52, 0x66, 0xD6, 0x9F, 0x4E, 0x56, 0xAA, 0x6C, 0x8C, 0x0F, 0xFA, 0x6A, 0xE6, 0xEF,
    0x46, 0xA0, 0xE3, 0x88, 0xB8, 0xBE, 0xA4, 0xAD, 0x64, 0x95, 0xB1, 0x5E, 0xB0, 0x7D, 0x43, 0x22,
    0x72, 0x72, 0x09, 0xD7, 0xFC, 0xE9, 0x4B, 0x96, 0x37, 0xCA, 0x77, 0x21, 0x3D, 0xA5, 0xD6, 0x23,
    0x83, 0x00, 0xE2, 0xB7, 0x99, 0xB3, 0x6C, 0xD1, 0xCC, 0x89, 0xC6, 0x68, 0xA0, 0xF4, 0x6E, 0xE6,
    0xE5, 0xCB, 0x02, 0xEF, 0x8D, 0x4E, 0xA4, 0x0E, 0x73, 0x22, 0x8B, 0x3E, 0xEB, 0x71, 0x0C, 0x8A,
    0x21, 0x23, 0xD7, 0xB8, 0xB3, 0xE4, 0x48, 0x63, 0x47, 0x25, 0x0E, 0x02, 0xF4, 0x82, 0x35, 0x1C,
    0xF0, 0x79, 0x5D, 0xD0, 0xE1, 0x9E, 0xCC, 0xFA, 0x79, 0xCF, 0xD3, 0x89, 0x6B, 0x5C, 0xD0, 0x01,
    0x2B, 0x4A, 0x1D, 0x00, 0xD4, 0xD3, 0x05, 0x63, 0xFD, 0x95, 0xFD, 0x0A, 0x9F, 0x57, 0x79, 0xFE,
    0x20, 0x1D, 0xFC, 0x05, 0x25, 0x53, 0xB4, 0x05, 0x3C, 0x32, 0xB3, 0x2F, 0xF4, 0x42, 0x96, 0x4B,
    0x37, 0x7F, 0x80, 0x6A, 0x65, 0x62, 0xBE, 0x30, 0xBF, 0x31, 0x0A, 0x79, 0x80, 0x6E, 0x11, 0x4E,
    0x2D, 0xA0, 0x43, 0xDE, 0xC0, 0x2A, 0xE7, 0x0D, 0x03, 0x65, 0x90, 0x4F, 0xB5, 0xE6, 0x13, 0x59,
    0xFF, 0x57, 0x64, 0xB7, 0xF2, 0xAA, 0xA8, 0x6F, 0x54, 0x25, 0xFF, 0xE0, 0xEF, 0xCE, 0xEA, 0x9C,
    0x5F, 0xF8, 0xE7, 0xB9, 0xFB, 0x83, 0xFF, 0x1D, 0xD8, 0x63, 0xEF, 0xB4, 0xE6, 0x1B, 0x7C, 0x5B,
    0x51, 0x63, 0xCE, 0x47, 0x95, 0x8F, 0x98, 0x10, 0x91, 0xD8, 0x7E, 0xC8, 0x3F, 0x95, 0x95, 0x5D,
    0x8A, 0xEB, 0x30, 0x0C, 0x85, 0x05, 0x7A, 0x2D, 0x68, 0x2B, 0xB3, 0x00, 0x83, 0xB7, 0x2E, 0xE8,
    0x02, 0xBA, 0x15, 0x43, 0x5E, 0x0D, 0xBA, 0xE7, 0x1C, 0x3B, 0xD3, 0x64, 0xA6, 0xF3, 0x70, 0xDB,
    0x26, 0x5F, 0xEB, 0x58, 0xB2, 0xFE, 0x6B, 0xDD, 0x7C, 0x98, 0xD9, 0x27, 0xF4, 0xE2, 0xCB, 0x6A,
    0x61, 0xFF, 0xD2, 0xB3, 0xFE, 0x46, 0x5B, 0x98, 0x05, 0x04, 0x36, 0x64, 0x87, 0xC0, 0x58, 0xB0,
    0x8E, 0x45, 0x7C, 0x7A, 0x49, 0x00, 0x1A, 0x1A, 0x50, 0xD1, 0xF1, 0x3D, 0xA6, 0xF7, 0x1E, 0x15,
    0xC3, 0x62, 0xE2, 0x9D, 0x80, 0xF1, 0xE5, 0xE9, 0x43, 0x3A, 0x71, 0xE1, 0x93, 0x41, 0xE0, 0x06,
    0x85, 0x93, 0xCB, 0xC4, 0x2C, 0xC2, 0xE6, 0x43, 0x12, 0x43, 0xC6, 0xA6, 0x11, 0x7E, 0x40, 0x51,
    0x9A, 0x17, 0xD4, 0xD6, 0xF4, 0x63, 0xE2, 0x50, 0x88, 0x4D, 0x89, 0x8D, 0x06, 0x21, 0x3A, 0xE1,
    0x75, 0x08, 0xBA, 0x57, 0x64, 0x1F, 0x10, 0xED, 0x23, 0x12, 0x36, 0x44, 0x75, 0x02, 0x72, 0xB2,
    0x28, 0xA8, 0x01, 0xAA, 0x21, 0x48, 0x1F, 0x86, 0xD1, 0xD4, 0x4A, 0x9F, 0x31, 0x82, 0xFE, 0x39,
    0x3D, 0x28, 0x2C, 0x79, 0x42, 0xB9, 0x35, 0xD8, 0xF3, 0x45, 0xA3, 0x66, 0x68, 0x27, 0x2E, 0xEC,
    0x84, 0x03, 0x39, 0x25, 0x42, 0x2F, 0x70, 0x0C, 0xA3, 0x83, 0x70, 0x01, 0xDD, 0xED, 0x7C, 0x41,
    0x03, 0xE4, 0x2C, 0xC6, 0x7F, 0x41, 0x2E, 0x8C, 0x1B, 0x64, 0x89, 0x8C, 0xF8, 0x84, 0xB5, 0x63,
    0xC3, 0x37, 0xA0, 0x29, 0x7E, 0x22, 0x36, 0x52, 0xE8, 0x1B, 0x26, 0xD4, 0x42, 0x5B, 0xB0, 0x13,
    0x67, 0x0A, 0xC1, 0x9A, 0x24, 0x2B, 0x62, 0x33, 0xC5, 0x5C, 0xCF, 0x3F, 0xB3, 0xEA, 0x75, 0xB2,
    0x28, 0x7F, 0x52, 0xC5, 0x71, 0x67, 0x91, 0x05, 0xBD, 0x4C, 0x3F, 0x18, 0xBE, 0xF9, 0x04, 0xB3,
    0x45, 0xBC, 0x68, 0x79, 0xEB, 0x5E, 0x77, 0xD2, 0xF2, 0x2B, 0x9D, 0xB4, 0x06, 0x45, 0xF4, 0xAD,
    0xCD, 0x7A, 0xB1, 0x56, 0x1A, 0x6B, 0x04, 0xDE, 0xF5, 0x03, 0x75, 0x61, 0x0F, 0x6B, 0x5F, 0x89,
    0x7B, 0xAC, 0xE8, 0x6E, 0xF8, 0x8E, 0x75, 0x33, 0x05, 0xA5, 0x2F, 0xCC, 0xBF, 0xA1, 0x96, 0xB2,
    0x15, 0x72, 0x14, 0xE5, 0x15, 0xEA, 0xB9, 0x5A, 0xE9, 0xE9, 0x0A, 0xE1, 0x14, 0xD8, 0x3F, 0x5C,
    0x4B, 0x85, 0xBD, 0xA4, 0xAC, 0x68, 0x92, 0x2D, 0x7B, 0x19, 0x65, 0x9D, 0x9C, 0x42, 0x63, 0x5A,
    0xA5, 0x65, 0x2B, 0xEB, 0x54, 0xEC, 0x12, 0x58, 0xF4, 0xCD, 0xC8, 0x6F, 0x86, 0xD6, 0x71, 0x3D,
    0x49, 0x54, 0x15, 0xC9, 0xE8, 0xCA, 0xF7, 0x2F, 0xF5, 0x52, 0x3F, 0x0B, 0x87, 0xEA, 0x8F, 0x4D,
    0x3F, 0x39, 0x54, 0x0E, 0x22, 0xD3, 0x17, 0x9B, 0x7D, 0x93, 0x65, 0x39, 0xB8, 0x7D, 0x50, 0x25,
    0x63, 0xCA, 0x86, 0xE4, 0x79, 0x21, 0xB2, 0x3B, 0x4A, 0xF2, 0x68, 0x72, 0xD9, 0x55, 0x16, 0x27,
    0x29, 0x78, 0x30, 0xD5, 0x52, 0x60, 0x26, 0x2E, 0x6F, 0x3D, 0xCF, 0xCE, 0x61, 0x23, 0xB9, 0xA9,
    0xAD, 0x60, 0xBD, 0x7E, 0x95, 0x60, 0x2C, 0x20, 0x8E, 0xB0, 0xB8, 0x00, 0xA1, 0x53, 0xE7, 0x6D,
    0xBC, 0x84, 0xC7, 0xEA, 0x4A, 0x1C, 0xA8, 0x74, 0x04, 0x9D, 0x44, 0x25, 0x9C, 0x18, 0x8C, 0x48,
    0x09, 0x7E, 0x08, 0x71, 0xE8, 0x59, 0x7F, 0x0A, 0xE1, 0x6B, 0xA7, 0xAF, 0x9D, 0x1B, 0x30, 0x66,
    0x41, 0x5B, 0xEA, 0x0A, 0x2F, 0x96, 0xC3, 0x5C, 0x55, 0xB1, 0xA6, 0xD8, 0xAD, 0x49, 0xED, 0x1C,
    0xBF, 0xF3, 0x86, 0x11, 0xB0, 0x10, 0xB3, 0x05, 0x33, 0xEA, 0x39, 0x39, 0xA8, 0x3A, 0x66, 0xAD,
    0x52, 0xF3, 0xE4, 0xF4, 0xA9, 0x5A, 0xEA, 0xA6, 0xF2, 0x40, 0x4B, 0xF9, 0x2C, 0xE9, 0xC2, 0x84,
    0x0E, 0x7C, 0x4B, 0x06, 0x00, 0x83, 0x90, 0x26, 0x8F, 0xFB, 0x6C, 0x58, 0xF9, 0x9D, 0x75, 0x3B,
    0xEF, 0xAF, 0x29, 0xF2, 0x11, 0xEF, 0x2A, 0xC9, 0x37, 0x06, 0x93, 0x89, 0xE1, 0xBB, 0xD1, 0x16,
    0xFA, 0x4F, 0xF4, 0x7A, 0x2E, 0x1C, 0x17, 0x5C, 0x04, 0xE6, 0x6F, 0xD8, 0xA8, 0x67, 0x6A, 0x0E,
    0xC0, 0xDD, 0x39, 0x05, 0x06, 0x18, 0x6D, 0x0D, 0xBC, 0xB2, 0xF1, 0x1F, 0x08, 0x4D, 0xCE, 0xF1,
    0x1C, 0xA9, 0x61, 0x2E, 0x60, 0xD2, 0x97, 0x7A, 0x51, 0x15, 0xF5, 0xD8, 0xD3, 0x97, 0xA6, 0x2E,
    0xAB, 0x2F, 0xE0, 0x9F, 0x0F, 0x07, 0xF7, 0x0D, 0x5C, 0xBF, 0xA3, 0xD7, 0x8B, 0xCF, 0xEA, 0x1B,
    0xBF, 0xB7, 0xF8, 0x1E, 0x02, 0x3F, 0x10, 0xBF, 0x67, 0x41, 0xAD, 0x86, 0xDB, 0xAD, 0xBD, 0x8B,
    0x7D, 0x8F, 0x76, 0xBB, 0x62, 0xFE, 0x03, 0xAD, 0x94, 0x5B, 0x8A, 0x23, 0x31, 0x0C, 0x45, 0x05,
    0xFE, 0x0D, 0x78, 0x2B, 0xB3, 0x80, 0x80, 0xB6, 0x6E, 0xC8, 0x02, 0x66, 0x2B, 0x82, 0xFE, 0x15,
    0x68, 0xEE, 0x95, 0xEC, 0xEA, 0x72, 0xA5, 0x7A, 0xBA, 0x07, 0x26, 0x84, 0x1C, 0x62, 0x49, 0xB6,
    0xDE, 0x12, 0xFC, 0x98, 0xEC, 0x70, 0x51, 0x69, 0x5F, 0xE0, 0x7F, 0x1A, 0x40, 0xFA, 0x8E, 0x3E,
    0x31, 0x12, 0x0A, 0xF4, 0x30, 0x15, 0xD1, 0x16, 0xF6, 0x10, 0x91, 0xE6, 0xF8, 0x81, 0x54, 0xEE,
    0xA1, 0xA7, 0x77, 0x7C, 0xC1, 0x21, 0x6B, 0x05, 0xD9, 0xD0, 0xFC, 0xA2, 0x79, 0x32, 0x90, 0x2B,
    0x6E, 0x34, 0xAD, 0x64, 0x7D, 0x3C, 0x0B, 0x72, 0x05, 0x74, 0x26, 0xE8, 0xFA, 0x61, 0x17, 0x63,
    0x87, 0xEC, 0x9F, 0x4E, 0xC5, 0x8A, 0x45, 0xE4, 0x49, 0xF4, 0xE1, 0x8A, 0x6C, 0xBC, 0x63, 0xCA,
    0x76, 0x7C, 0xAF, 0x52, 0xF9, 0x9A, 0xF8, 0xDA, 0xA5, 0x23, 0xB3, 0x2D, 0x0F, 0xE5, 0x82, 0xBD,
    0xD6, 0xFF, 0xAA, 0x22, 0x13, 0x2C, 0x02, 0x1F, 0x41, 0xE1, 0x0D, 0x87, 0xC8, 0x5C, 0xE0, 0x0B,
    0xFD, 0xB0, 0x30, 0x40, 0x5D, 0xE1, 0x29, 0xA2, 0xA1, 0xA6, 0x32, 0x8F, 0x76, 0x46, 0x2F, 0x04,
    0x1B, 0x86, 0xA6, 0x04, 0x9B, 0x84, 0x87, 0xA3, 0x20, 0xBF, 0x2A, 0x8C, 0x8A, 0x37, 0x9C, 0xF1,
    0x69, 0x48, 0x82, 0xCA, 0x1D, 0x18, 0xEC, 0x39, 0x65, 0x1B, 0x7E, 0x42, 0x3C, 0xD1, 0xA1, 0x00,
    0x44, 0xE8, 0xA8, 0x64, 0xE1, 0x95, 0x30, 0x9C, 0x06, 0x2E, 0x86, 0x86, 0xAF, 0xBA, 0xB5, 0x6A,
    0x8D, 0x05, 0xCB, 0xB0, 0x17, 0x76, 0xD9, 0xCF, 0x55, 0x58, 0x02, 0xCB, 0xDB, 0xAB, 0x18, 0x8D,
    0x49, 0x0A, 0xCE, 0x49, 0x22, 0x18, 0x87, 0xC1, 0xB9, 0x61, 0x66, 0x91, 0xF8, 0x08, 0x44, 0xCD,
    0x3F, 0x23, 0x12, 0x2F, 0x27, 0x5E, 0x39, 0x16, 0x1F, 0x0D, 0x89, 0xCA, 0x09, 0x49, 0x60, 0xA8,
    0x20, 0x33, 0xA6, 0xDB, 0x52, 0x67, 0xD0, 0x40, 0xD4, 0xF3, 0xAE, 0xB0, 0x03, 0x56, 0xAD, 0x61,
    0x9E, 0xFD, 0x72, 0x06, 0xFC, 0x38, 0x41, 0xB2, 0xAC, 0xEF, 0x30, 0xE9, 0xE9, 0xFD, 0xA8, 0x34,
    0xFD, 0xCE, 0xC4, 0xC3, 0x1D, 0x8B, 0x62, 0x36, 0x3C, 0xD3, 0x6B, 0xCF, 0x1C, 0x7B, 0x65, 0x3E,
    0x1C, 0x9E, 0xBC, 0x58, 0x4A, 0xDC, 0xBC, 0xE6, 0x28, 0xD6, 0x90, 0xF3, 0x6E, 0xD6, 0xC4, 0xAA,
    0xAE, 0x28, 0x06, 0xDB, 0x07, 0x97, 0x71, 0x63, 0x20, 0x73, 0x2A, 0x8F, 0xE4, 0x6C, 0xE3, 0x5B,
    0x2E, 0xF9, 0x85, 0x2B, 0x12, 0xA4, 0x71, 0x51, 0xA7, 0x38, 0xB2, 0x31, 0xAB, 0x73, 0x77, 0xFA,
    0x06, 0x9B, 0x9B, 0xEA, 0x13, 0x59, 0xC3, 0xBD, 0xF3, 0x27, 0x72, 0xD6, 0xFF, 0x82, 0x5B, 0x83,
    0x6F, 0xEC, 0x7E, 0xF0, 0xD0, 0xB3, 0x3A, 0x2A, 0xCA, 0x35, 0xE7, 0x20, 0x1D, 0x91, 0x5B, 0xA2,
    0xA2, 0x19, 0x3B, 0xB0, 0x0F, 0xD9, 0x95, 0x09, 0xAE, 0x90, 0xB0, 0x33, 0x72, 0x54, 0xA0, 0xD9,
    0x2D, 0xD1, 0x0A, 0x3C, 0xE6, 0x1E, 0x8D, 0x82, 0x16, 0x7A, 0xE1, 0x51, 0x90, 0x03, 0x59, 0x04,
    0x95, 0x13, 0xE0, 0x7C, 0xC6, 0xEC, 0x0B, 0x52, 0x51, 0x2C, 0x68, 0x15, 0xEE, 0x82, 0x1C, 0x2A,
    0x3C, 0x96, 0x56, 0xB8, 0x48, 0x56, 0xE9, 0xAC, 0x0A, 0xE7, 0xB1, 0xD6, 0x7D, 0xE3, 0x7E, 0x87,
    0x93, 0x39, 0x85, 0xDE, 0xA2, 0xB2, 0x81, 0xCD, 0xC3, 0x9E, 0xEA, 0x04, 0x37, 0x89, 0xCD, 0x0E,
    0x78, 0xDB, 0x71, 0xDC, 0xB4, 0xF7, 0xD8, 0x1F, 0x9A, 0xF8, 0x03, 0x9D, 0x95, 0x5D, 0x8A, 0xC3,
    0x30, 0x0C, 0x84, 0x05, 0x7E, 0x5D, 0xF0, 0x55, 0xF6, 0x00, 0x01, 0x5D, 0xDD, 0x90, 0x03, 0xF4,
    0x2A, 0x82, 0xBC, 0x1A, 0xBC, 0x1A, 0x8D, 0xDC, 0xC6, 0xE9, 0x0F, 0x65, 0x03, 0xF5, 0xD7, 0xD8,
    0xB2, 0x24, 0x8F, 0x94, 0x64, 0x0C, 0xBF, 0xDA, 0x38, 0x8D, 0x5D, 0x44, 0xEA, 0x8B, 0x71, 0x7C,
    0x69, 0xA9, 0x5F, 0x59, 0x3E, 0xDB, 0x9C, 0x2D, 0x37, 0x8C, 0xFE, 0x13, 0xDC, 0xAE, 0xD0, 0xB0,
    0xB3, 0x84, 0x48, 0xB1, 0x58, 0x22, 0x30, 0xD7, 0xAF, 0xE8, 0xDC, 0xF9, 0xDF, 0xB5, 0x97, 0x26,
    0xCB, 0x5A, 0xA4, 0x32, 0xFA, 0x0A, 0x66, 0x85, 0x1F, 0x8E, 0x55, 0x32, 0x5D, 0x8C, 0x6B, 0xBA,
    0xC3, 0xCE, 0x6B, 0x38, 0x51, 0x6D, 0x38, 0x3D, 0xDD, 0xF0, 0x98, 0x23, 0xEF, 0xA4, 0xA4, 0xDB,
    0x90, 0x8A, 0x36, 0x8D, 0x8A, 0x34, 0xE1, 0x56, 0x3A, 0x6B, 0x7A, 0x10, 0x7B, 0x4C, 0xD6, 0xDC,
    0x70, 0x01, 0x63, 0x7D, 0x5A, 0x8B, 0x10, 0x5E, 0x99, 0xDB, 0x8A, 0x86, 0x32, 0xD6, 0x17, 0x78,
    0xB6, 0x54, 0x17, 0xA8, 0xBE, 0x00, 0x4D, 0x6C, 0xC5, 0xC9, 0xC4, 0x83, 0x27, 0xE0, 0xE5, 0x0E,
    0xB7, 0xF4, 0x33, 0x5A, 0xEF, 0x52, 0x6F, 0x87, 0x99, 0x63, 0x1C, 0x38, 0xB8, 0xBA, 0x0F, 0xC0,
    0xBC, 0xFD, 0x44, 0x7E, 0xD8, 0x2E, 0x16, 0xC7, 0x70, 0xCD, 0x0A, 0xEB, 0x54, 0x4D, 0xCA, 0x22,
    0xF9, 0x54, 0x3E, 0x1B, 0x6C, 0xA4, 0x90, 0x0B, 0xDE, 0x97, 0xA3, 0xD3, 0x9B, 0x5C, 0xEA, 0xA0,
    0xFD, 0x54, 0x87, 0x3A, 0xCB, 0x11, 0x93, 0xBA, 0xC7, 0xDD, 0xCF, 0x14, 0xB9, 0xBF, 0x2F, 0x80,
    0xCC, 0x46, 0x98, 0x97, 0x07, 0x62, 0x7C, 0x89, 0xF8, 0x68, 0x97, 0x48, 0xDB, 0x74, 0xC5, 0xA0,
    0x9E, 0x09, 0x65, 0x1D, 0x4A, 0xEB, 0x9B, 0xAF, 0xAD, 0x58, 0x2D, 0x63, 0xF2, 0x6A, 0x19, 0xDB,
    0xAF, 0x96, 0xF9, 0x38, 0x30, 0x9E, 0x24, 0x2A, 0x1B, 0x5B, 0x99, 0x7C, 0x20, 0xD3, 0x8F, 0xDA,
    0x8D, 0x7E, 0x01, 0x1F, 0x10, 0x5D, 0xA1, 0xD8, 0x68, 0xFD, 0x01, 0x2F, 0xE0, 0x46, 0x08, 0x81,
    0x1A, 0x9C, 0xD1, 0x35, 0xA4, 0x90, 0x15, 0x35, 0x82, 0x7A, 0x02, 0x80, 0xB9, 0xEE, 0xAD, 0x1C,
    0x1E, 0x19, 0x5B, 0x7A, 0x71, 0xA5, 0xBC, 0x5F, 0xFD, 0x9F, 0xB7, 0xCA, 0x2F, 0x30, 0x22, 0xF9,
    0x9E, 0xD8, 0xA2, 0x02, 0xF0, 0xAB, 0x28, 0x1C, 0x51, 0x63, 0xA2, 0x09, 0xDF, 0x4E, 0x68, 0xA5,
    0x76, 0x85, 0xA7, 0x78, 0x02, 0x36, 0x78, 0xC2, 0x13, 0x86, 0xED, 0x43, 0xAF, 0x88, 0x33, 0x07,
    0x22, 0x1F, 0xC2, 0x83, 0xDF, 0x31, 0x38, 0x79, 0x42, 0xE9, 0xF1, 0xEA, 0x28, 0x16, 0xAD, 0x1D,
    0xBD, 0xEB, 0x68, 0x8F, 0xB7, 0x64, 0x91, 0xA9, 0xBA, 0x50, 0x6E, 0xE1, 0x69, 0xD0, 0x6D, 0x01,
    0x73, 0xBB, 0x0E, 0x07, 0xF0, 0x04, 0x3F, 0x78, 0x2C, 0x0C, 0x67, 0x87, 0x52, 0x44, 0xF5, 0x0E,
    0xF0, 0x29, 0x03, 0x34, 0xB1, 0x5B, 0x94, 0xFF, 0x0E, 0x4C, 0x26, 0x94, 0xA8, 0xFB, 0x11, 0xDB,
    0x57, 0x8C, 0x83, 0xCE, 0x12, 0xAE, 0x69, 0x41, 0x04, 0x42, 0x21, 0x80, 0x40, 0x22, 0xB5, 0x6C,
    0xF4, 0x92, 0xAF, 0xBA, 0x05, 0x9F, 0x2E, 0x7D, 0xF3, 0xFA, 0x7D, 0xFE, 0x76, 0x78, 0x9C, 0x90,
    0x0F, 0x40, 0x0F, 0x53, 0x09, 0x0C, 0xA9, 0x8B, 0xFA, 0xC9, 0xA3, 0x9E, 0x1A, 0x65, 0xB5, 0x68,
    0xF2, 0x32, 0xB1, 0x89, 0x7F, 0x9E, 0x0A, 0x1E, 0x51, 0xFA, 0x9C, 0xC0, 0xF0, 0x07, 0x8D, 0x95,
    0xD1, 0xAA, 0xE3, 0x30, 0x0C, 0x44, 0x0D, 0x7E, 0x5D, 0xD0, 0xAF, 0xF4, 0x03, 0x02, 0xFE, 0x75,
    0x83, 0x5F, 0x17, 0xF2, 0x2B, 0x86, 0xBE, 0x0A, 0xB4, 0x33, 0x23, 0x3B, 0x6D, 0xDA, 0xE5, 0xEE,
    0x96, 0x5E, 0x4E, 0x9A, 0x38, 0xD2, 0x48, 0x1A, 0xFB, 0x16, 0x2B, 0xC5, 0x3A, 0xFE, 0xDE, 0xD1,
    0x22, 0xF0, 0x9D, 0xF8, 0x8B, 0x04, 0x7F, 0x15, 0x7C, 0x9B, 0x97, 0x1A, 0x51, 0xF0, 0xB5, 0x68,
    0x23, 0xA2, 0xB7, 0xD3, 0xEC, 0x3C, 0x67, 0x58, 0x09, 0x1B, 0xEE, 0x56, 0x0E, 0xEB, 0xFE, 0x58,
    0xC1, 0xF4, 0xFA, 0x27, 0xF2, 0xF3, 0x0A, 0x8D, 0x8F, 0x2F, 0xE0, 0xBE, 0xEB, 0x61, 0x71, 0x9B,
    0x78, 0xA1, 0x78, 0x45, 0x3E, 0xC7, 0x4D, 0xE4, 0x9B, 0x40, 0xEB, 0xAD, 0x63, 0x99, 0xCD, 0x56,
    0x80, 0x8A, 0x35, 0xAD, 0xAF, 0x80, 0xCC, 0xC7, 0x65, 0x5D, 0x02, 0x55, 0x83, 0x13, 0x16, 0x3D,
    0x0B, 0xEB, 0x66, 0x83, 0x97, 0x76, 0x8E, 0xB9, 0xC0, 0xC2, 0x20, 0x97, 0xD9, 0x2F, 0x04, 0x93,
    0x58, 0x6F, 0xA5, 0x4D, 0x27, 0x82, 0x38, 0x90, 0xCE, 0xAF, 0xD0, 0x2E, 0x0C, 0x47, 0xE1, 0xC0,
    0xB4, 0x13, 0x61, 0xCF, 0xD9, 0x98, 0x45, 0xEF, 0x52, 0xC7, 0xC1, 0xD5, 0x9E, 0xCD, 0x9C, 0x44,
    0x0D, 0x89, 0x50, 0x07, 0xEC, 0x44, 0x2B, 0x81, 0xA1, 0x76, 0xD8, 0xEE, 0x49, 0x65, 0x09, 0x35,
    0x58, 0x16, 0x32, 0x10, 0x16, 0x53, 0xDA, 0xA3, 0x5B, 0x28, 0xF5, 0x42, 0x5B, 0xA8, 0x10, 0x87,
    0xEE, 0x01, 0xB8, 0xE3, 0xF5, 0x39, 0x05, 0xB5, 0x65, 0xD6, 0x89, 0xD4, 0xDD, 0xC6, 0x93, 0x83,
    0x4B, 0x38, 0x81, 0xD0, 0x10, 0xCD, 0x1A, 0xF4, 0xFA, 0xF9, 0x3B, 0xC1, 0x60, 0xEA, 0x46, 0x9D,
    0x6D, 0xE1, 0xC0, 0x3A, 0x00, 0x89, 0x1E, 0x12, 0xD3, 0xCB, 0x0D, 0x35, 0xF2, 0x57, 0xA4, 0x6D,
    0x7C, 0xCD, 0x81, 0x35, 0x70, 0x52, 0x50, 0xCD, 0xB9, 0x61, 0x0E, 0x4C, 0x39, 0x8D, 0x96, 0xA1,
    0x83, 0x8A, 0xBC, 0xD4, 0x6A, 0x0E, 0x09, 0x41, 0x20, 0x32, 0x1C, 0x5E, 0xE2, 0x03, 0x1A, 0x8C,
    0x60, 0xCC, 0xA6, 0x11, 0x96, 0x18, 0xF1, 0xA4, 0x19, 0x54, 0x2A, 0xC7, 0x8E, 0xE7, 0x95, 0x57,
    0x44, 0xA3, 0x3B, 0x2C, 0x0E, 0xF4, 0xD8, 0x0D, 0xC1, 0xA4, 0xBE, 0x78, 0x18, 0x81, 0x95, 0xFD,
    0x68, 0x6C, 0x26, 0x83, 0x15, 0x73, 0x81, 0xAA, 0x19, 0x9A, 0x3E, 0x53, 0x09, 0xD2, 0x22, 0xE5,
    0xDB, 0x4B, 0xF9, 0x51, 0x4F, 0x39, 0x09, 0xB1, 0x85, 0x2F, 0xC2, 0x14, 0x45, 0x93, 0xFD, 0x2B,
    0xE9, 0xA9, 0xCD, 0x5C, 0x9F, 0xBC, 0x9C, 0xBA, 0x19, 0x73, 0x6D, 0x0B, 0x17, 0x6B, 0xC4, 0x66,
    0xFA, 0x95, 0xE6, 0x12, 0x7B, 0x36, 0x4C, 0x53, 0xF7, 0x8B, 0x34, 0x98, 0x3C, 0xFF, 0xC5, 0x91,
    0x71, 0xBF, 0x78, 0xB3, 0x59, 0xE1, 0x86, 0xD2, 0xAF, 0x05, 0x8E, 0x2F, 0x25, 0xF4, 0x05, 0xCF,
    0x6D, 0x75, 0x01, 0xBD, 0x05, 0x0C, 0xED, 0xE6, 0x66, 0xD1, 0x71, 0xC0, 0xC6, 0xA1, 0xAD, 0x18,
    0x1A, 0x2E, 0x3B, 0x87, 0x86, 0xF2, 0x0E, 0xC5, 0xCB, 0x82, 0xE6, 0xC6, 0x2B, 0xD1, 0x7F, 0xE2,
    0xAE, 0x65, 0x01, 0xF7, 0x6F, 0x2B, 0xB7, 0xE9, 0xEE, 0x38, 0x3E, 0xCF, 0x97, 0x69, 0xD7, 0xEB,
    0x10, 0xF6, 0xEE, 0x64, 0x9B, 0x57, 0xE3, 0x16, 0xEA, 0xDC, 0x68, 0xE5, 0x13, 0xC5, 0x33, 0xC5,
    0x07, 0x52, 0xCC, 0x82, 0x42, 0xA6, 0x5C, 0x8F, 0xEB, 0x58, 0x5B, 0xA2, 0xB5, 0x6D, 0x07, 0xD1,
    0x5F, 0x68, 0xDA, 0xA6, 0x84, 0x4E, 0x93, 0xAE, 0x25, 0x36, 0x9D, 0xA0, 0x41, 0x81, 0xB2, 0xD1,
    0xF5, 0x2C, 0xFC, 0x15, 0xE5, 0x89, 0xE6, 0xB8, 0x55, 0x2E, 0x47, 0x62, 0x40, 0x1D, 0x62, 0x4E,
    0x7B, 0xAF, 0x7D, 0xE3, 0xAA, 0xF6, 0x55, 0xE6, 0x55, 0xED, 0x5D, 0x75, 0xDC, 0xCF, 0xE4, 0xF7,
    0x98, 0xFD, 0x0E, 0x06, 0xFB, 0x77, 0x14, 0x75, 0x20, 0xDE, 0xBC, 0x9E, 0x43, 0x6C, 0x9F, 0x37,
    0x7F, 0x78, 0x76, 0xD7, 0xF2, 0x93, 0xCE, 0x2F, 0x50, 0x99, 0x0E, 0x46, 0x5A, 0x1D, 0x87, 0x04,
    0xAE, 0xEF, 0x38, 0x84, 0x0C, 0xB6, 0x91, 0x82, 0xE7, 0xAF, 0xDC, 0x31, 0x2D, 0x07, 0xDC, 0xEA,
    0xA9, 0x7F, 0x59, 0x09, 0xE3, 0x01, 0x88, 0xBE, 0x6C, 0x0C, 0xF5, 0xFA, 0xCC, 0x67, 0xA7, 0x2D,
    0xE0, 0xD8, 0xDD, 0x80, 0x33, 0x09, 0x18, 0x93, 0x88, 0x05, 0x1D, 0xD0, 0xFE, 0x28, 0xB9, 0x84,
    0x88, 0x85, 0xA9, 0x0D, 0x5B, 0xFB, 0x1F, 0x9D, 0x95, 0x5D, 0x8A, 0xE4, 0x30, 0x0C, 0x84, 0x05,
    0x7E, 0x6D, 0xF0, 0x55, 0xFA, 0x00, 0x01, 0x5D, 0xDD, 0x90, 0x03, 0xE4, 0x2A, 0x82, 0x7E, 0x35,
    0x68, 0xAB, 0x54, 0x4E, 0xB6, 0xD3, 0x6C, 0xEF, 0x2E, 0x93, 0x61, 0xF2, 0x4D, 0xFC, 0x23, 0x59,
    0x2A, 0x59, 0x63, 0x61, 0x2D, 0xCC, 0x6C, 0x16, 0x9A, 0xBE, 0x5A, 0xE6, 0x91, 0x39, 0xFB, 0x05,
    0x3C, 0xE1, 0x7D, 0x24, 0x26, 0xB3, 0xBD, 0x26, 0x80, 0xDF, 0x30, 0x2C, 0xED, 0x83, 0x7B, 0xCD,
    0x17, 0xCA, 0x92, 0xA5, 0x63, 0xC3, 0x6C, 0x33, 0x85, 0xFA, 0xEA, 0xB3, 0xE6, 0x7C, 0xB6, 0x01,
    0xE0, 0x1B, 0x36, 0x6C, 0x2B, 0x53, 0x1C, 0x9F, 0x42, 0x0A, 0x2E, 0x3C, 0x04, 0xBB, 0xA1, 0xE5,
    0x42, 0xC8, 0x17, 0xC6, 0xB7, 0x8F, 0x55, 0x6D, 0x56, 0x0C, 0x2F, 0x7A, 0xAF, 0xC3, 0xCF, 0xBE,
    0x47, 0xDF, 0x61, 0x77, 0x0F, 0x1F, 0xE5, 0xC5, 0xB1, 0x49, 0x81, 0x2D, 0x0C, 0xAD, 0x1C, 0x65,
    0xA0, 0x5F, 0xB8, 0xCD, 0x09, 0xA6, 0x33, 0xDB, 0x6D, 0x30, 0x16, 0x90, 0x03, 0x6D, 0xCF, 0x42,
    0x9F, 0x05, 0x0F, 0xA2, 0xD1, 0x6F, 0x0E, 0x2C, 0x40, 0x4E, 0x39, 0x4C, 0x2B, 0x0F, 0x1D, 0xFA,
    0x14, 0xE0, 0xD2, 0xA1, 0xDF, 0x74, 0x60, 0x0C, 0x7E, 0x8C, 0xC4, 0xA8, 0xF7, 0xD8, 0xB0, 0x0C,
    0x5A, 0x30, 0x59, 0xB3, 0xBD, 0x2A, 0x67, 0xE6, 0xF4, 0x0D, 0xB7, 0x3B, 0x13, 0x82, 0x64, 0xE3,
    0x93, 0x29, 0x82, 0xA3, 0xD4, 0x76, 0xA6, 0x23, 0x1D, 0x81, 0xE3, 0x6F, 0x93, 0x0F, 0xE6, 0x4D,
    0xC1, 0xA4, 0x04, 0xF0, 0xFA, 0x86, 0x9A, 0xDE, 0x4A, 0x5B, 0x67, 0x24, 0x7D, 0x6C, 0x94, 0xD7,
    0x4A, 0x5E, 0x5F, 0xC6, 0xD6, 0x91, 0x04, 0x6E, 0x8D, 0x2F, 0x02, 0xF4, 0x4B, 0x00, 0x24, 0x1F,
    0x02, 0x4C, 0xB7, 0x25, 0x00, 0xE4, 0x47, 0x0D, 0xD9, 0xD3, 0x54, 0x21, 0xA1, 0xB2, 0x89, 0x5E,
    0x46, 0xA3, 0x1F, 0x8C, 0x23, 0x50, 0x74, 0xAC, 0x95, 0x4F, 0x60, 0xEF, 0xBF, 0xE6, 0xFE, 0xB8,
    0x64, 0xD9, 0xC4, 0x3B, 0x07, 0xD1, 0x04, 0x9E, 0x3E, 0x6E, 0x02, 0xDC, 0x33, 0xBF, 0x82, 0xD6,
    0x0D, 0x40, 0x8A, 0x98, 0xC0, 0xA7, 0x8A, 0xC1, 0x16, 0xA6, 0xF2, 0xF3, 0xD3, 0x41, 0x16, 0xBD,
    0x8A, 0xEE, 0x9C, 0xBA, 0x92, 0xBC, 0xC0, 0x8A, 0xE0, 0xFD, 0x42, 0x89, 0x96, 0x0E, 0x65, 0x84,
    0x55, 0xE2, 0x55, 0x44, 0xD6, 0x4B, 0xD2, 0xA5, 0xAC, 0x49, 0x80, 0x9D, 0x2A, 0x5E, 0x3A, 0x30,
    0x22, 0x08, 0x4B, 0x1D, 0xCE, 0xEA, 0xB1, 0xE0, 0x6B, 0xDD, 0xF0, 0x0F, 0x50, 0xF1, 0x26, 0x39,
    0x5E, 0x27, 0xEA, 0x04, 0xF2, 0x59, 0x58, 0x25, 0xBF, 0x60, 0x67, 0x95, 0x14, 0x14, 0xD8, 0x89,
    0x55, 0x3E, 0x6F, 0x55, 0xF4, 0x65, 0xC9, 0xDF, 0x6E, 0xF1, 0x92, 0x03, 0xB5, 0xC4, 0x1B, 0x60,
    0x15, 0xC3, 0xD6, 0xC7, 0x83, 0x69, 0x60, 0x7A, 0xC6, 0x97, 0xD4, 0xE9, 0xE9, 0xBC, 0xDE, 0x7D,
    0x10, 0x13, 0xC0, 0xCF, 0x1B, 0xD6, 0xE0, 0xFF, 0xCD, 0xD9, 0x1B, 0x50, 0x41, 0x59, 0xC0, 0xF5,
    0x6E, 0x2C, 0xA9, 0x51, 0x5A, 0x6C, 0xB7, 0x80, 0x79, 0x04, 0x9D, 0x47, 0xA1, 0x20, 0xFF, 0xA8,
    0x47, 0x64, 0xFE, 0xC8, 0x8E, 0xAB, 0xE0, 0x07, 0xFA, 0x23, 0x1A, 0x04, 0x7B, 0x42, 0x39, 0xE2,
    0xB3, 0x60, 0xD7, 0xE0, 0x82, 0x2B, 0x21, 0xAE, 0x39, 0xC2, 0xD5, 0xB7, 0x80, 0x9D, 0x42, 0x38,
    0x9B, 0x51, 0xA8, 0xD5, 0x42, 0xEA, 0x24, 0x9A, 0xE6, 0xFA, 0x71, 0x10, 0x7E, 0xEC, 0x3B, 0x06,
    0x71, 0xBD, 0x39, 0xB7, 0xB1, 0x35, 0xB1, 0x57, 0x5C, 0xE0, 0xBE, 0x4B, 0x4D, 0x5A, 0xDF, 0xBC,
    0x0B, 0x4E, 0xE0, 0xED, 0x74, 0xED, 0x1B, 0xD1, 0x4F, 0x4C, 0x21, 0xBC, 0x5A, 0xDE, 0x93, 0x2B,
    0xD7, 0xE1, 0xDE, 0x50, 0x4D, 0xD5, 0x84, 0xE1, 0xE5, 0x33, 0x04, 0x5E, 0x33, 0xC4, 0x27, 0x9C,
    0x8E, 0xCA, 0x34, 0x76, 0x11, 0x53, 0x08, 0xE1, 0x29, 0xA0, 0x1F, 0x96, 0xC4, 0x77, 0x6C, 0x76,
    0x3D, 0x21, 0xE9, 0x43, 0x55, 0x3E, 0xDF, 0x8A, 0x4E, 0x4D, 0x2D, 0xEB, 0xDD, 0xEA, 0xE2, 0xA1,
    0x88, 0x5A, 0xD6, 0x58, 0x57, 0xF1, 0xE5, 0x10, 0xD4, 0xEE, 0x75, 0x27, 0x70, 0xAC, 0x51, 0x2D,
    0x96, 0x55, 0xC7, 0xA0, 0x96, 0xCD, 0x5C, 0x80, 0x24, 0xEC, 0xDF, 0xC3, 0x1E, 0x2D, 0x1E, 0xCD,
    0xF8, 0x4F, 0xA7, 0x6C, 0xE2, 0xE6, 0xA1, 0xC7, 0xA0, 0x7B, 0xD4, 0xD6, 0x46, 0x4F, 0x28, 0x1A,
    0x56, 0x6D, 0x56, 0xA7, 0x1E, 0x1B, 0xD1, 0xB8, 0x34, 0x7E, 0x1F, 0xFF, 0x17, 0x7D, 0x55, 0x41,
    0x6A, 0xED, 0x40, 0x0C, 0x33, 0x78, 0xFB, 0xC1, 0x57, 0x79, 0xD0, 0x6D, 0xC0, 0x57, 0x1F, 0xC8,
    0x01, 0xDE, 0x55, 0x0C, 0xD9, 0x1A, 0xA6, 0x92, 0x9C, 0xB4, 0xAF, 0x9B, 0x1F, 0x78, 0x55, 0x9A,
    0x78, 0x3C, 0xB2, 0xA5, 0x71, 0xCC, 0xAC, 0x4D, 0xD7, 0x07, 0xE4, 0xE6, 0x55, 0x37, 0xFC, 0xE7,
    0x5D, 0xDF, 0x70, 0x58, 0x20, 0x0C, 0xB0, 0x57, 0x02, 0xA2, 0x7D, 0x03, 0xF8, 0xC6, 0xCA, 0x00,
    0xE7, 0x32, 0x40, 0x33, 0xC8, 0xF7, 0x72, 0xE4, 0x49, 0x84, 0x6C, 0x0B, 0x2D, 0x5F, 0x03, 0x15,
    0x6D, 0x69, 0x5E, 0x16, 0x2B, 0x03, 0x0B, 0x12, 0xD0, 0x88, 0xB7, 0xE4, 0xAF, 0x0D, 0x7F, 0x2A,
    0x17, 0x52, 0x46, 0x05, 0xFF, 0x37, 0xC4, 0x84, 0x78, 0x79, 0x6D, 0x26, 0x3B, 0x2F, 0x25, 0x7B,
    0xA0, 0x12, 0xE9, 0x00, 0xB1, 0xF8, 0xAE, 0xFC, 0x6A, 0x01, 0x0A, 0x02, 0x80, 0x29, 0x21, 0x99,
    0x0E, 0x0B, 0x2E, 0x3C, 0x75, 0xDC, 0x27, 0x18, 0xEE, 0xF5, 0x02, 0x09, 0x6F, 0xD2, 0x34, 0xD5,
    0x20, 0xA8, 0x81, 0x8F, 0x1A, 0xC4, 0xFA, 0xB3, 0x86, 0xF6, 0x0A, 0x5F, 0xE9, 0x60, 0x16, 0x95,
    0x93, 0x8B, 0x35, 0x04, 0xA8, 0xF3, 0xB6, 0xF2, 0x87, 0x3C, 0x76, 0x40, 0x81, 0x24, 0xFF, 0xCF,
    0x8C, 0xA9, 0x13, 0xFD, 0x6B, 0x01, 0x72, 0xA2, 0x56, 0x6B, 0xBC, 0xC6, 0x83, 0x76, 0xED, 0x85,
    0xD4, 0x5C, 0xC2, 0x2E, 0xAD, 0x69, 0xD6, 0xC9, 0x5D, 0xD1, 0x9B, 0x2A, 0x51, 0x51, 0xB0, 0x20,
    0x3B, 0x95, 0xA5, 0x8D, 0x3D, 0x26, 0x55, 0xB6, 0x1A, 0x3B, 0x7E, 0x35, 0xC4, 0x09, 0x56, 0xE9,
    0xCD, 0x7A, 0x32, 0x48, 0xC8, 0x32, 0xD7, 0x01, 0x02, 0x20, 0xC9, 0x0B, 0x74, 0xF9, 0x4B, 0xF5,
    0x03, 0xCD, 0x82, 0x8A, 0x2B, 0x09, 0x15, 0x7B, 0xF5, 0xF1, 0x62, 0x1C, 0x5B, 0xE2, 0x4B, 0xCD,
    0x32, 0xDD, 0xF9, 0x9A, 0xB5, 0xF3, 0x60, 0x18, 0xA2, 0xBC, 0x01, 0xF5, 0x09, 0x15, 0x75, 0xD0,
    0x1C, 0x02, 0xF4, 0x89, 0xC0, 0xFD, 0x09, 0xE7, 0x26, 0x40, 0x8B, 0x81, 0x12, 0x44, 0x7D, 0x66,
    0xD9, 0xCA, 0xE2, 0xB3, 0x3C, 0xF6, 0xBD, 0xE0, 0x86, 0x25, 0xB0, 0xD9, 0xE1, 0x01, 0xED, 0x00,
    0xBB, 0xDE, 0x91, 0xBC, 0x10, 0x29, 0x90, 0x93, 0x73, 0x0C, 0x7D, 0xD0, 0x43, 0xC7, 0xD0, 0x1E,
    0x9F, 0xE7, 0x83, 0xE8, 0x00, 0x55, 0x97, 0xC4, 0x94, 0x80, 0x48, 0x63, 0xA0, 0x70, 0x54, 0xEA,
    0x30, 0x0F, 0xFC, 0xC8, 0x6A, 0xBB, 0xB9, 0xDF, 0xB9, 0x8B, 0x7D, 0x4E, 0x76, 0xB6, 0x6F, 0x2C,
    0xB5, 0x57, 0x92, 0xD2, 0x8C, 0xCD, 0x7C, 0x70, 0x32, 0x7A, 0x89, 0xF5, 0xB4, 0x11, 0x8D, 0xC3,
    0xE5, 0x62, 0x6A, 0x7C, 0xCD, 0x75, 0xD4, 0x82, 0xFC, 0x6C, 0x34, 0x91, 0x49, 0xF0, 0x24, 0xD4,
    0x66, 0xD6, 0x31, 0x07, 0x91, 0x8E, 0x05, 0x82, 0x03, 0x9D, 0xA0, 0x77, 0xA3, 0xC0, 0xA3, 0xC4,
    0x73, 0x71, 0x61, 0x2C, 0x9B, 0x53, 0x35, 0x30, 0x0F, 0xA7, 0xAD, 0xA4, 0x34, 0xDD, 0x15, 0xE0,
    0xE0, 0x28, 0x78, 0x13, 0xF2, 0xDD, 0x02, 0xB2, 0x12, 0xE8, 0xBC, 0x4B, 0xE2, 0x16, 0x6B, 0xFA,
    0x6C, 0x7C, 0xD0, 0x3A, 0x8D, 0x41, 0x7E, 0x9A, 0x0C, 0x03, 0x0A, 0x39, 0xC6, 0xE0, 0xF6, 0x80,
    0xD4, 0xB2, 0x91, 0x82, 0x91, 0x58, 0x9C, 0xF4, 0xD9, 0x66, 0x27, 0x73, 0xCE, 0x1C, 0x1F, 0x9A,
    0x8E, 0x78, 0xB1, 0xFE, 0xFE, 0xAB, 0x91, 0xD7, 0x68, 0x34, 0xDA, 0xFC, 0x6A, 0xA4, 0xC5, 0xAC,
    0x84, 0x11, 0xD2, 0x88, 0xB5, 0x14, 0x33, 0x93, 0xFE, 0x8F, 0x46, 0xEB, 0x8F, 0x46, 0x54, 0x62,
    0x34, 0xDA, 0xAD, 0x7C, 0x3E, 0x1A, 0xED, 0x39, 0x8C, 0x73, 0xC6, 0x59, 0x0A, 0xD9, 0x4A, 0xDF,
    0x41, 0x9B, 0x89, 0x05, 0x81, 0x06, 0x7D, 0x0B, 0x7D, 0x0F, 0xA6, 0x06, 0xE5, 0xDF, 0xF8, 0x99,
    0x24, 0xCF, 0xBA, 0x51, 0x96, 0x45, 0xC6, 0x94, 0x97, 0xF6, 0x2B, 0x95, 0xDD, 0x30, 0x1A, 0xF9,
    0xC0, 0xEB, 0xD1, 0x68, 0x53, 0xE6, 0x66, 0xD7, 0xE3, 0xE4, 0xE4, 0x59, 0xAA, 0x35, 0xC6, 0x96,
    0x98, 0x35, 0x79, 0x8E, 0x46, 0xFE, 0x48, 0xBC, 0x1A, 0x07, 0x1F, 0xD2, 0xE1, 0xC7, 0x53, 0xD1,
    0x73, 0x38, 0x08, 0x46, 0x38, 0x4C, 0x00, 0x4A, 0x02, 0x28, 0x82, 0x73, 0xE5, 0x5B, 0x43, 0x83,
    0x27, 0x87, 0x50, 0xF2, 0xC8, 0xC1, 0xA6, 0xB1, 0x33, 0xE4, 0xDB, 0x8F, 0xC9, 0x5E, 0x1A, 0x05,
    0xD8, 0x6F, 0x11, 0xDA, 0x2F, 0x5F, 0x8B, 0xAC, 0xCF, 0x85, 0xD1, 0xE5, 0xD7, 0x79, 0xDE, 0xB0,
    0x62, 0xF9, 0x75, 0xBD, 0x01, 0x57, 0x5D, 0x6F, 0xC4, 0x0F, 0x04, 0xC7, 0x36, 0xD4, 0x11, 0x6B,
    0x7A, 0x1B, 0xD0, 0x28, 0x54, 0x5F, 0x16, 0x2F, 0xCD, 0x4C, 0xEA, 0x89, 0xA2, 0xBF, 0x6A, 0xBF,
    0x51, 0xED, 0x75, 0x5D, 0x27, 0x16, 0x0C, 0x68, 0xA3, 0xE6, 0xF7, 0xC2, 0x17, 0x99, 0x14, 0x49,
    0x20, 0xB5, 0xF3, 0x74, 0x08, 0x10, 0xA9, 0xD4, 0xA5, 0xD4, 0x12, 0x09, 0xED, 0x79, 0x7D, 0xDA,
    0x52, 0x03, 0x17, 0x76, 0x9B, 0x81, 0x3B, 0x2D, 0x27, 0x6B, 0x8D, 0xD1, 0xD2, 0x4C, 0x8E, 0x85,
    0xE7, 0xFC, 0x26, 0x15, 0xE7, 0x75, 0xCA, 0x19, 0xA0, 0xFB, 0x1E, 0xD0, 0x57, 0xA0, 0x39, 0x39,
    0x94, 0x8C, 0xC3, 0x54, 0x36, 0x80, 0x32, 0xCA, 0xF2, 0x7C, 0x53, 0x25, 0x09, 0x3E, 0x5B, 0x68,
    0x29, 0xE0, 0xF8, 0xB1, 0x45, 0xCE, 0x84, 0x21, 0xA8, 0xF3, 0xFC, 0xB2, 0x95, 0x60, 0x1C, 0xD4,
    0xBF, 0x91, 0xE3, 0x9F, 0x40, 0xCF, 0xBF, 0x01, 0xA5, 0x95, 0x41, 0x8A, 0x23, 0x31, 0x0C, 0x45,
    0x0D, 0xDE, 0x06, 0x74, 0x95, 0x1C, 0xA0, 0x40, 0x57, 0x37, 0xD4, 0x76, 0xA0, 0xAE, 0x22, 0xA8,
    0xAD, 0x40, 0xF3, 0xFF, 0x97, 0x2B, 0xDD, 0x3D, 0xF4, 0x6E, 0x92, 0x4E, 0x5E, 0x97, 0x2D, 0xD9,
    0xD6, 0x97, 0xAC, 0x8C, 0xF7, 0x18, 0x3E, 0xF4, 0x21, 0xAA, 0x91, 0xB3, 0xAA, 0xD6, 0xC6, 0x0C,
    0x0D, 0x6E, 0xD8, 0x79, 0x63, 0x30, 0x8C, 0x53, 0x95, 0x6E, 0x17, 0x9F, 0x68, 0x6C, 0x13, 0x18,
    0xEE, 0x33, 0x32, 0x87, 0x97, 0xD1, 0xFD, 0xAC, 0x09, 0x77, 0x4C, 0xC0, 0xEF, 0x8A, 0xE4, 0x26,
    0x15, 0x07, 0x50, 0xD5, 0x7E, 0x61, 0x5C, 0xE5, 0x3D, 0x04, 0x6E, 0x91, 0x3C, 0x44, 0xCC, 0x0A,
    0x58, 0x2E, 0xBB, 0x6B, 0x60, 0xD8, 0x97, 0xAF, 0x1A, 0xB3, 0x86, 0x05, 0x2C, 0x61, 0x06, 0x23,
    0x2C, 0x4F, 0xDB, 0x09, 0xF3, 0x37, 0xDE, 0x24, 0x4E, 0x67, 0x97, 0x86, 0xED, 0x8C, 0x07, 0xB0,
    0xF5, 0xA1, 0x95, 0x1D, 0xFB, 0xCD, 0x58, 0xDC, 0xC8, 0x56, 0xEA, 0xF0, 0xF3, 0x4E, 0x4E, 0x58,
    0x11, 0x38, 0x52, 0x83, 0x67, 0x89, 0x6C, 0xC0, 0xB5, 0xE4, 0x37, 0x38, 0x87, 0xFD, 0xE5, 0x80,
    0x69, 0x59, 0x86, 0x62, 0x68, 0x93, 0x63, 0x08, 0x12, 0x0F, 0xDF, 0x33, 0x89, 0x59, 0xF9, 0x65,
    0x99, 0x6D, 0x09, 0x75, 0x84, 0xA1, 0x00, 0xC6, 0x83, 0xD7, 0x50, 0x28, 0x0C, 0x4C, 0x93, 0x7E,
    0xB6, 0x91, 0x43, 0xE8, 0x58, 0xCC, 0x4C, 0x32, 0x10, 0xFC, 0xE1, 0xDC, 0x8A, 0xEB, 0x30, 0x12,
    0x72, 0x1A, 0x7C, 0x8C, 0x81, 0x41, 0x7F, 0x3B, 0x9B, 0xDE, 0x5B, 0x4A, 0xC5, 0x45, 0x6D, 0xFC,
    0xD2, 0x38, 0xA3, 0x15, 0xB3, 0x09, 0x7F, 0xCD, 0x43, 0x03, 0x2B, 0xA9, 0x9E, 0xDE, 0x84, 0xEC,
    0x58, 0x1F, 0x61, 0x79, 0xC8, 0xE2, 0xA0, 0x6E, 0x30, 0xCC, 0x2C, 0x56, 0x03, 0x8C, 0x9C, 0xC7,
    0xAB, 0x2B, 0x8C, 0x0C, 0xE4, 0xA8, 0x68, 0x5F, 0x8E, 0x37, 0xED, 0x1D, 0x69, 0xDC, 0x91, 0xBD,
    0x14, 0xDA, 0xD1, 0x05, 0x56, 0x1D, 0xF2, 0xA7, 0xCE, 0xA0, 0xEE, 0x77, 0xD8, 0xA9, 0xB0, 0x50,
    0x67, 0x84, 0x9B, 0xCA, 0xCD, 0x25, 0x07, 0x42, 0xDA, 0xA0, 0xC4, 0x43, 0x69, 0x1B, 0x31, 0xB5,
    0x0A, 0xFE, 0x57, 0x11, 0xD9, 0x79, 0xE5, 0x91, 0x08, 0x42, 0xA8, 0x8D, 0x34, 0x22, 0x9F, 0x3A,
    0xBB, 0x84, 0xAA, 0x43, 0x96, 0x02, 0xE2, 0x16, 0x46, 0x12, 0x41, 0x50, 0xFE, 0xE3, 0x40, 0x1C,
    0xA3, 0xCF, 0xCE, 0x30, 0xA6, 0xC4, 0x9C, 0xA3, 0x45, 0x35, 0x2C, 0xC8, 0x6B, 0x61, 0xCB, 0x69,
    0x9C, 0x26, 0x0D, 0x10, 0xD6, 0x5D, 0x0A, 0x02, 0x07, 0x43, 0x45, 0xCE, 0x88, 0xFB, 0xE2, 0x15,
    0x60, 0x3D, 0x6E, 0x22, 0x2F, 0xFC, 0x4C, 0xDC, 0x03, 0x56, 0x66, 0x65, 0xF0, 0xEE, 0xF8, 0xBD,
    0xF2, 0x45, 0x75, 0x6E, 0xE5, 0x7E, 0x13, 0x4B, 0xE9, 0x62, 0x60, 0xAF, 0xE8, 0xDC, 0x3C, 0xEC,
    0x71, 0x9C, 0xAD, 0xED, 0x55, 0x58, 0xDC, 0x20, 0xDB, 0x8F, 0x5F, 0x9D, 0xA3, 0x1A, 0x9D, 0x23,
    0x43, 0x59, 0xC3, 0x9E, 0x45, 0xA5, 0x1C, 0x71, 0xEF, 0xF1, 0x79, 0xED, 0x1C, 0x79, 0x97, 0xE4,
    0x6E, 0x09, 0xA9, 0xE3, 0x6D, 0x20, 0x21, 0x1B, 0x9C, 0x41, 0xB1, 0x29, 0xEA, 0x33, 0xBA, 0x17,
    0xE8, 0x72, 0x21, 0x39, 0xF7, 0xCE, 0x11, 0xC4, 0x62, 0xD1, 0xE8, 0xAE, 0xB2, 0x30, 0x91, 0x62,
    0xE6, 0x11, 0xF5, 0xE4, 0x90, 0x80, 0x4B, 0x11, 0x55, 0xB7, 0x10, 0x93, 0x73, 0xB8, 0xCB, 0xA7,
    0x44, 0x3C, 0x05, 0xD7, 0x9C, 0xD5, 0x29, 0x13, 0x74, 0x14, 0xA2, 0x4D, 0xE2, 0xB1, 0xD4, 0x20,
    0xB1, 0xB8, 0x18, 0x5F, 0xEB, 0x27, 0x24, 0x0D, 0x2E, 0x3D, 0x3B, 0xC4, 0x17, 0xC2, 0xDF, 0x3C,
    0x72, 0x3A, 0x4F, 0x9E, 0x79, 0x38, 0x81, 0x07, 0xB6, 0x07, 0xE3, 0x9B, 0x98, 0x04, 0x22, 0x11,
    0xF6, 0x53, 0xCD, 0xE2, 0xDC, 0xC6, 0x85, 0x17, 0xFC, 0x70, 0x44, 0xA0, 0xA6, 0xCF, 0x6B, 0x49,
    0x76, 0x2C, 0x0D, 0x37, 0x6E, 0x8B, 0x63, 0x69, 0xF7, 0x7D, 0x08, 0x26, 0x44, 0x30, 0x65, 0x05,
    0x5D, 0x45, 0x65, 0x89, 0x73, 0xFE, 0x83, 0x85, 0x8B, 0x6E, 0xEB, 0xD7, 0xB9, 0xDD, 0x35, 0x5C,
    0x4F, 0xB1, 0xD1, 0x3D, 0xBA, 0x8B, 0x20, 0x3F, 0xD8, 0x8D, 0xE6, 0xFF, 0x06, 0xF7, 0x0E, 0xAD,
    0x67, 0x6E, 0x74, 0xFB, 0x65, 0x99, 0x5D, 0xE9, 0x9C, 0xBB, 0x58, 0x05, 0x75, 0x19, 0xAF, 0x21,
    0x5A, 0x31, 0xFA, 0x15, 0xC0, 0xFE, 0x6B, 0xAC, 0xF2, 0x37, 0xFD, 0x2E, 0xCF, 0xC6, 0x21, 0xD4,
    0x91, 0xBC, 0xC6, 0xE5, 0xBC, 0xC3, 0xD0, 0x93, 0x96, 0x37, 0x50, 0x76, 0xD2, 0x1D, 0x02, 0x0B,
    0x4C, 0xE5, 0x64, 0x05, 0x9E, 0x98, 0x73, 0xFA, 0x31, 0x69, 0xDC, 0x47, 0x65, 0xE9, 0x41, 0xFC,
    0x71, 0x15, 0x29, 0x1D, 0xD8, 0x12, 0xBF, 0x61, 0x0F, 0xD2, 0x1D, 0x7E, 0xEC, 0x91, 0xCE, 0x7E,
    0x3D, 0x96, 0x8D, 0x47, 0x33, 0x61, 0x09, 0xB3, 0x85, 0xB4, 0x18, 0x5B, 0xEB, 0xEE, 0xA8, 0x1C,
    0xE4, 0x2F, 0x0F, 0x7B, 0x53, 0x08, 0xBE, 0x76, 0xE2, 0xB2, 0xE5, 0xA9, 0x8D, 0x31, 0xBA, 0xF1,
    0x0D, 0xCF, 0xD6, 0x47, 0x3B, 0x78, 0xF7, 0xDB, 0x4F, 0x7B, 0xE6, 0xED, 0xF2, 0x5B, 0x78, 0xCD,
    0xC7, 0xED, 0x07, 0x7E, 0xFC, 0xEE, 0xFE, 0x6A, 0xC2, 0xB2, 0xB7, 0xF1, 0x17, 0x95, 0x94, 0x41,
    0x8E, 0xC3, 0x30, 0x08, 0x45, 0x2D, 0xB1, 0xAD, 0xE4, 0xAB, 0xF4, 0x00, 0x91, 0xB8, 0xBA, 0xA5,
    0x1C, 0x20, 0x57, 0x41, 0xCA, 0x16, 0xC9, 0xF3, 0xE1, 0x93, 0x36, 0x69, 0xD3, 0xC5, 0x8C, 0x34,
    0x79, 0x4D, 0xFC, 0xC1, 0x60, 0xC0, 0xAD, 0x8F, 0xD6, 0x1A, 0xFE, 0x83, 0xDD, 0xC8, 0x69, 0x4D,
    0xE7, 0x1C, 0x3A, 0x47, 0x70, 0xC3, 0x6B, 0x10, 0x5F, 0x5A, 0xAC, 0xEB, 0x46, 0xD2, 0x64, 0x4E,
    0xD0, 0x93, 0x3A, 0x93, 0x90, 0x7A, 0xEA, 0xF0, 0x89, 0x1C, 0x69, 0x3F, 0xFA, 0x27, 0x43, 0xA0,
    0x06, 0x80, 0xD3, 0x63, 0x8B, 0x26, 0x61, 0x4F, 0xBF, 0x9E, 0xFE, 0xB7, 0x8D, 0xFA, 0x6D, 0x85,
    0xAB, 0xDE, 0x34, 0xF7, 0xED, 0x63, 0x21, 0x19, 0x47, 0xD8, 0x9F, 0x28, 0xDC, 0xBF, 0xE5, 0xDF,
    0xD2, 0x24, 0x7E, 0xC1, 0x33, 0xB2, 0x68, 0xEE, 0x01, 0x31, 0x40, 0x47, 0x37, 0x95, 0x7D, 0x1A,
    0x22, 0x5C, 0x33, 0xFA, 0xB9, 0x32, 0xE1, 0x3D, 0xF3, 0x15, 0x00, 0x7E, 0x64, 0x05, 0xE0, 0x59,
    0x88, 0x35, 0xE2, 0x4A, 0x58, 0x67, 0x6E, 0xC0, 0x6A, 0x19, 0xF0, 0x0B, 0xDD, 0xF2, 0x63, 0x4A,
    0xC2, 0x75, 0x1A, 0x58, 0xC2, 0x0F, 0xE5, 0x93, 0x76, 0xCB, 0x05, 0xDE, 0x85, 0x3B, 0xC8, 0x94,
    0xD8, 0x21, 0x63, 0xAE, 0x34, 0x60, 0x67, 0x2D, 0x12, 0x44, 0x76, 0x5A, 0x88, 0x33, 0x88, 0xC2,
    0x38, 0x31, 0x2F, 0xF0, 0x90, 0x40, 0x0A, 0xEC, 0xC3, 0x23, 0xEA, 0x69, 0x9E, 0x4A, 0xC2, 0xC1,
    0x13, 0x74, 0x38, 0x0F, 0x3D, 0xA1, 0x46, 0x50, 0xE9, 0xB4, 0xC3, 0x6B, 0x9A, 0x03, 0x0D, 0xF5,
    0x7B, 0xB8, 0xB6, 0xD8, 0x22, 0x10, 0xFB, 0x1D, 0xD0, 0x3D, 0xB0, 0xF4, 0x3C, 0xF0, 0x47, 0x86,
    0xEF, 0xD1, 0x09, 0x2D, 0x73, 0xD0, 0x03, 0x88, 0xB3, 0xB0, 0x16, 0x60, 0xE5, 0xFA, 0xC2, 0x9E,
    0x08, 0xC9, 0x17, 0xDE, 0xCA, 0x79, 0xC2, 0x61, 0xE0, 0x54, 0xBA, 0xBD, 0xB1, 0x9A, 0x05, 0x50,
    0x53, 0x2F, 0x60, 0x3F, 0x14, 0xDF, 0x61, 0x28, 0x11, 0xB5, 0x05, 0x14, 0x47, 0x2A, 0x7B, 0x5B,
    0x00, 0xB5, 0x08, 0x7A, 0xC1, 0x09, 0x47, 0xEC, 0x8F, 0x4A, 0x41, 0x33, 0x19, 0x3E, 0xE7, 0x2B,
    0x31, 0xCE, 0xC6, 0x3C, 0x3D, 0x33, 0xDD, 0xCB, 0x93, 0xA3, 0x70, 0xD6, 0xCC, 0x2F, 0x8D, 0x7F,
    0x6B, 0x7E, 0x79, 0xFB, 0xA1, 0x41, 0x97, 0xA0, 0xDD, 0x33, 0x1E, 0x64, 0x74, 0x41, 0x13, 0x6F,
    0xB9, 0x9C, 0x4D, 0x14, 0xA3, 0x1E, 0xB9, 0x45, 0x07, 0x61, 0x29, 0xBB, 0x3F, 0x1A, 0x33, 0x5C,
    0x09, 0x0D, 0x24, 0xC6, 0x9E, 0x35, 0x6C, 0x72, 0xA4, 0x5A, 0xA0, 0xA4, 0x50, 0x06, 0x1F, 0x92,
    0x5B, 0xA4, 0x10, 0x87, 0x4E, 0x30, 0x32, 0x7C, 0x7F, 0xDE, 0xE8, 0x85, 0x2E, 0x79, 0x39, 0x20,
    0x4E, 0xF1, 0xD7, 0x14, 0xE3, 0x67, 0xE7, 0xA8, 0xC5, 0xE2, 0xBC, 0x60, 0x89, 0xA1, 0x45, 0x81,
    0x6E, 0x51, 0x71, 0x5E, 0x61, 0xAC, 0x68, 0x4D, 0x9A, 0xF1, 0x61, 0x0C, 0xA4, 0xE0, 0x44, 0x85,
    0x5B, 0xE7, 0xD9, 0x79, 0x23, 0x22, 0x20, 0xE5, 0xB1, 0xBE, 0x71, 0x4D, 0xB3, 0x70, 0xAB, 0x2C,
    0x54, 0x2A, 0x7A, 0x41, 0x3F, 0x8E, 0x55, 0xD9, 0x72, 0xFF, 0x41, 0xD9, 0x1D, 0xB0, 0x57, 0xD7,
    0xDE, 0xC3, 0x79, 0x5D, 0x9E, 0xC1, 0xDD, 0x27, 0x63, 0x99, 0xF5, 0xF6, 0x96, 0xE4, 0xE5, 0x8C,
    0xE9, 0xCF, 0xCB, 0x35, 0xAF, 0x29, 0xBD, 0x18, 0xE8, 0x61, 0xA0, 0xE3, 0x34, 0x2D, 0xA7, 0xDA,
    0xCE, 0xDA, 0xC2, 0x68, 0x78, 0xB4, 0x5B, 0x27, 0x74, 0xE7, 0x9B, 0xB0, 0x07, 0xA5, 0x5A, 0xF8,
    0x8A, 0x5A, 0x8B, 0x8E, 0xB8, 0xAF, 0xC3, 0x8F, 0x41, 0xC0, 0x4D, 0x90, 0x12, 0x02, 0xF7, 0xDD,
    0x7D, 0x5F, 0x87, 0x93, 0x68, 0x9B, 0x5B, 0x94, 0xB3, 0x8F, 0x12, 0xC3, 0x32, 0xD3, 0xED, 0x84,
    0x6E, 0x96, 0x4E, 0x25, 0xCB, 0xE0, 0x2D, 0xBB, 0x26, 0x12, 0x1E, 0x71, 0x32, 0x12, 0xB7, 0x6C,
    0x2E, 0x2C, 0x19, 0xC0, 0xF3, 0x0F, 0x9D, 0x95, 0xCD, 0xAA, 0x23, 0x3B, 0x0C, 0x84, 0x05, 0xDE,
    0x06, 0xF4, 0x2A, 0x07, 0x66, 0xDB, 0xA0, 0x57, 0x37, 0xF4, 0x76, 0xA0, 0x5F, 0xC5, 0xD0, 0x5B,
    0x81, 0xA7, 0xAA, 0xE4, 0x4E, 0xD2, 0xB9, 0xE1, 0xC2, 0x4C, 0x42, 0xF2, 0x91, 0xB6, 0x2C, 0xCB,
    0xA5, 0x9F, 0x58, 0x1B, 0x16, 0x66, 0x76, 0xC3, 0xD4, 0x2B, 0x17, 0x42, 0x18, 0x77, 0x93, 0xD6,
    0x8D, 0x2F, 0xCF, 0x86, 0xB5, 0xDE, 0xE6, 0x4E, 0x58, 0x14, 0x1C, 0x36, 0xDE, 0x65, 0xEA, 0x3D,
    0x7A, 0x21, 0x05, 0x2F, 0x18, 0x10, 0xB0, 0x6C, 0x3B, 0x00, 0x37, 0xE7, 0xF0, 0x01, 0xEC, 0x83,
    0x4E, 0x83, 0x48, 0x9B, 0x8D, 0x68, 0x29, 0xF8, 0x68, 0x8A, 0xA5, 0x13, 0xC3, 0x15, 0xA3, 0x8C,
    0xF5, 0xCA, 0x8A, 0x27, 0xE9, 0xD9, 0x2B, 0xEC, 0xB8, 0x61, 0xAD, 0x61, 0x5B, 0x17, 0xE0, 0xC7,
    0x3E, 0x2C, 0xFD, 0x65, 0x69, 0x75, 0x4D, 0x5D, 0x70, 0xE8, 0xA0, 0xE8, 0xBA, 0xD8, 0xA4, 0x07,
    0x6B, 0x8C, 0x18, 0xFE, 0x08, 0xDC, 0x59, 0x3B, 0x33, 0x42, 0x0E, 0xEC, 0x02, 0xD6, 0x78, 0xCE,
    0x77, 0x70, 0xEB, 0x05, 0x37, 0x5E, 0xFD, 0xAE, 0xEE, 0x92, 0xFC, 0x9E, 0x87, 0xBB, 0x89, 0xDB,
    0xB0, 0xAD, 0x24, 0x4B, 0x2C, 0x21, 0xC6, 0x9C, 0xBC, 0x9E, 0x49, 0x23, 0x2A, 0xD6, 0xA9, 0x6C,
    0x36, 0x9B, 0x87, 0xB6, 0x6F, 0x5E, 0x5E, 0xBC, 0xAE, 0x11, 0xEB, 0x36, 0x42, 0x63, 0x0A, 0x71,
    0x95, 0x53, 0x98, 0xAD, 0x23, 0x21, 0xB6, 0x01, 0xCC, 0x04, 0x1C, 0x51, 0x13, 0xEF, 0x93, 0xA6,
    0xBE, 0xA7, 0xC5, 0xF0, 0x19, 0x48, 0x63, 0x02, 0xC8, 0xE1, 0x68, 0xFD, 0x71, 0xE5, 0x41, 0xEA,
    0x2E, 0x5E, 0x8A, 0x5E, 0x39, 0x78, 0x2A, 0xFC, 0x6E, 0x37, 0x95, 0xF1, 0x2A, 0x9B, 0xB5, 0xAC,
    0x14, 0xB7, 0x2B, 0xB1, 0xAA, 0x85, 0x94, 0x48, 0x94, 0x95, 0x1B, 0x43, 0xEF, 0x8A, 0xAC, 0x24,
    0x8C, 0x95, 0xB5, 0xB8, 0xBC, 0x7D, 0x3F, 0x37, 0xF4, 0x0D, 0x47, 0x11, 0x5D, 0xD5, 0x1B, 0xCE,
    0x7D, 0x73, 0x84, 0xAE, 0x4F, 0xFF, 0xFC, 0xA2, 0xC0, 0xD0, 0xD0, 0xE5, 0x6F, 0x7B, 0xFA, 0xFD,
    0x96, 0xA3, 0x7B, 0x93, 0x5C, 0x39, 0x6A, 0xA8, 0x6E, 0xE6, 0xA8, 0xEC, 0x71, 0xC7, 0xAA, 0x9E,
    0xD5, 0x24, 0x38, 0x33, 0x14, 0x0C, 0x82, 0xDF, 0x10, 0xCB, 0x81, 0x5A, 0xEF, 0xD0, 0x72, 0xF0,
    0x64, 0x06, 0x42, 0x03, 0xF8, 0x32, 0xC8, 0xBC, 0x93, 0xF8, 0x44, 0xDA, 0xA3, 0x4E, 0x50, 0x81,
    0xC1, 0x59, 0x21, 0x59, 0xF1, 0xBD, 0x15, 0x7C, 0x08, 0xD1, 0xB5, 0x16, 0x76, 0xA1, 0x33, 0xDB,
    0x6C, 0x11, 0xFF, 0xDF, 0x46, 0xFF, 0x4F, 0x9D, 0x35, 0xA9, 0xA5, 0x06, 0xF4, 0x7E, 0xC1, 0xD9,
    0x7F, 0x2F, 0xEC, 0x3C, 0x11, 0x3A, 0x0A, 0xD3, 0xD9, 0xDC, 0x89, 0xA6, 0x25, 0x36, 0xF5, 0x65,
    0x5E, 0x1D, 0x65, 0x3F, 0xCA, 0xEC, 0x9C, 0x4F, 0x40, 0xF6, 0x11, 0xDF, 0xF1, 0x3D, 0xB2, 0xBF,
    0x29, 0xB0, 0x63, 0x14, 0x4F, 0x7C, 0x56, 0x65, 0xF9, 0xF1, 0xC9, 0xAE, 0xFA, 0xF2, 0x03, 0x0F,
    0x06, 0x42, 0x9F, 0x4F, 0x7A, 0x3B, 0xEB, 0xF7, 0x49, 0x62, 0x43, 0x9E, 0x32, 0x44, 0x2C, 0x2C,
    0x94, 0xC3, 0xB6, 0xA2, 0x7E, 0x73, 0x3F, 0xBB, 0xEF, 0x8D, 0xAE, 0x96, 0x39, 0x78, 0x30, 0x1A,
    0x5C, 0xC9, 0x42, 0x7E, 0x02, 0x95, 0x7A, 0x1C, 0x86, 0x59, 0xC1, 0xFC, 0xD9, 0xB6, 0x51, 0x5D,
    0x6C, 0x78, 0x50, 0x9C, 0x7C, 0x4D, 0xD5, 0xB7, 0xD9, 0x93, 0x35, 0x7B, 0x68, 0x86, 0x6B, 0xA6,
    0xAF, 0x3A, 0x1F, 0xAB, 0xDC, 0xF5, 0xF3, 0xD1, 0xEE, 0x33, 0xEB, 0x2C, 0x55, 0x76, 0x61, 0x4A,
    0xED, 0x36, 0xDF, 0x07, 0x4F, 0x2C, 0xA8, 0x0C, 0xED, 0x51, 0xB0, 0x7F, 0x01, 0xD5, 0x0E, 0x55,
    0xA8, 0x1E, 0xAC, 0xE4, 0xD8, 0x07, 0x4A, 0xFF, 0xB1, 0x70, 0x5F, 0xBB, 0xD7, 0x84, 0x5D, 0x19,
    0xD4, 0xDA, 0x9A, 0x83, 0x71, 0xEF, 0xB1, 0x0A, 0x1F, 0xA6, 0xCE, 0x61, 0xEE, 0x9C, 0x74, 0x03,
    0x3D, 0xDC, 0x06, 0x86, 0x3B, 0x07, 0x19, 0xDA, 0x89, 0x0D, 0x82, 0x67, 0x87, 0x2A, 0xFF, 0x87,
    0x0D, 0xA0, 0xE2, 0x9D, 0x9A, 0xD9, 0x14, 0x65, 0x08, 0x91, 0xF2, 0xD5, 0x56, 0x59, 0xFD, 0xD8,
    0xE3, 0xAA, 0xD4, 0x7A, 0x90, 0x1F, 0x8C, 0x27, 0x43, 0x99, 0xA9, 0x11, 0xCD, 0x66, 0x5D, 0x1C,
    0x0C, 0x86, 0x89, 0x00, 0xF3, 0x45, 0x36, 0x8A, 0xF8, 0x3B, 0x6B, 0x7F, 0xD4, 0x45, 0xB4, 0x4F,
    0xD3, 0x7B, 0xEA, 0x5F, 0x12, 0x1C, 0xEC, 0xBE, 0x8B, 0x91, 0x74, 0x60, 0x5B, 0x6C, 0x23, 0xA9,
    0x6D, 0xFC, 0x1A, 0x95, 0x33, 0xB4, 0x48, 0x16, 0x55, 0x10, 0xC1, 0x3F, 0xD6, 0x22, 0xAF, 0x8E,
    0x8D, 0x47, 0xD2, 0x20, 0x22, 0xD4, 0xC4, 0xB1, 0x31, 0x47, 0x6B, 0x96, 0x99, 0xFD, 0x01, 0x8D,
    0x95, 0x5B, 0x8A, 0xE3, 0x40, 0x0C, 0x45, 0x05, 0xFA, 0x6D, 0xA8, 0xAD, 0x64, 0x01, 0x06, 0x6D,
    0xBD, 0xC0, 0x0B, 0xC8, 0x56, 0x04, 0xFE, 0x15, 0x68, 0xEE, 0x95, 0xCA, 0x4E, 0x9C, 0x99, 0xEE,
    0x69, 0x13, 0xFA, 0x74, 0x4A, 0xB2, 0xDE, 0xAA, 0x88, 0xBA, 0x84, 0x88, 0x10, 0x5B, 0x23, 0x65,
    0x64, 0x46, 0xD8, 0x34, 0x62, 0x78, 0x7D, 0x83, 0x80, 0x32, 0x9D, 0xD2, 0x2F, 0x64, 0x3D, 0x71,
    0x07, 0x65, 0xD6, 0xC6, 0x4C, 0x1D, 0xAF, 0xA7, 0x8D, 0x85, 0x59, 0xB0, 0x29, 0x36, 0x1F, 0x06,
    0x9D, 0xF4, 0xB0, 0x76, 0x34, 0x42, 0x2C, 0xD2, 0x81, 0x0C, 0xF3, 0xE1, 0x8F, 0x2D, 0x14, 0xFF,
    0x6C, 0x12, 0x81, 0xE3, 0x8D, 0xA7, 0xF4, 0x4F, 0x61, 0x02, 0x30, 0x00, 0x47, 0xB0, 0x23, 0xE6,
    0xB2, 0x1E, 0x9D, 0xED, 0xB6, 0x60, 0x0B, 0x7B, 0x61, 0x1C, 0x4F, 0x46, 0xA6, 0x0D, 0xD9, 0x1B,
    0xEB, 0x05, 0x6B, 0x95, 0x2C, 0xE4, 0x82, 0xEE, 0x50, 0x71, 0x6F, 0x40, 0xD3, 0xDB, 0x43, 0xB4,
    0x2B, 0xE2, 0x23, 0x69, 0x41, 0x22, 0x0A, 0x95, 0x44, 0x92, 0x13, 0x89, 0xE9, 0x81, 0x20, 0x73,
    0x2A, 0xDE, 0xA6, 0x4D, 0x7C, 0x36, 0x48, 0x2C, 0xE8, 0x29, 0x95, 0x5E, 0x92, 0xB9, 0x0A, 0x4F,
    0x34, 0xE4, 0x4B, 0xDE, 0x1F, 0x94, 0x0E, 0x72, 0xFC, 0x41, 0xA9, 0xDB, 0xF8, 0x58, 0x54, 0x0F,
    0x78, 0x47, 0xB0, 0x45, 0xE8, 0x04, 0xCF, 0x4F, 0xCA, 0x98, 0xC2, 0xF3, 0x17, 0x47, 0x14, 0x2D,
    0x5B, 0x1E, 0x8B, 0xD0, 0xA7, 0x4F, 0xC4, 0x11, 0xE1, 0x46, 0x7B, 0xA8, 0x33, 0xED, 0x80, 0xA8,
    0x28, 0xED, 0x05, 0x6C, 0x6C, 0x41, 0x32, 0x0E, 0xBC, 0x99, 0x8B, 0x41, 0x3B, 0x4C, 0x6A, 0x63,
    0x7C, 0xE1, 0xF2, 0x00, 0x47, 0x76, 0x61, 0xEC, 0x99, 0x92, 0xA4, 0xA2, 0x2A, 0xC2, 0x69, 0xB2,
    0x62, 0xE7, 0x65, 0x55, 0x2C, 0xBF, 0x43, 0x64, 0xD3, 0x2A, 0x6F, 0x61, 0xD4, 0xE1, 0x3C, 0x31,
    0x53, 0x7D, 0x00, 0xDB, 0x0D, 0x7D, 0x78, 0xD3, 0xAC, 0x3E, 0x96, 0x0F, 0xF9, 0xAB, 0x39, 0xB6,
    0x7A, 0x84, 0x4C, 0xAC, 0x15, 0xB3, 0x74, 0xF6, 0xE8, 0x98, 0xCA, 0xFB, 0x28, 0x23, 0x65, 0x8D,
    0x67, 0xB0, 0xEB, 0xD5, 0x02, 0x9B, 0x67, 0x6F, 0x56, 0xA3, 0xEF, 0x88, 0x1E, 0x87, 0x0B, 0xF1,
    0x5F, 0xE8, 0x1D, 0x7E, 0x43, 0xCE, 0x37, 0x8C, 0x82, 0x8C, 0x67, 0x65, 0x66, 0x00, 0xE2, 0xC9,
    0xEA, 0xAD, 0x46, 0x01, 0xAB, 0x32, 0x4B, 0x0F, 0x71, 0x7B, 0xD6, 0x2A, 0x39, 0xFA, 0x87, 0xE2,
    0x5F, 0x51, 0xCB, 0x26, 0x95, 0x5F, 0x54, 0x75, 0xE7, 0x05, 0x2E, 0xDD, 0x8C, 0x71, 0x01, 0x96,
    0x82, 0x2E, 0x08, 0x14, 0x0A, 0x48, 0x84, 0x08, 0xD4, 0xC0, 0x31, 0x10, 0xEB, 0x1C, 0x1F, 0xDF,
    0x56, 0xE2, 0xA7, 0xDC, 0x3F, 0x13, 0xDB, 0xAE, 0x8C, 0xB4, 0x33, 0x62, 0x1C, 0xBC, 0x2E, 0x2A,
    0x15, 0x6C, 0x05, 0x02, 0xF4, 0xAF, 0x2B, 0x85, 0x57, 0x6B, 0x69, 0xAC, 0x86, 0x0B, 0xFD, 0x6B,
    0xF4, 0x5C, 0x60, 0x8A, 0x4F, 0x60, 0x64, 0x73, 0x9A, 0xB0, 0xEF, 0x9E, 0x85, 0x23, 0x2C, 0xC6,
    0x71, 0xB0, 0x38, 0x7A, 0x1C, 0x07, 0x2E, 0x14, 0x80, 0x3B, 0x40, 0x2F, 0x0B, 0x30, 0xA6, 0x3B,
    0x74, 0x4E, 0x04, 0xC0, 0x70, 0x21, 0x3B, 0x16, 0x28, 0x6B, 0x8C, 0xD6, 0x04, 0xD8, 0xB8, 0x13,
    0x5A, 0x30, 0x2E, 0x3D, 0xC0, 0x79, 0x5B, 0x9B, 0xBD, 0xD5, 0xA7, 0xC6, 0xDC, 0x16, 0xCF, 0xEF,
    0x48, 0xE1, 0x9D, 0xCC, 0x60, 0x71, 0xF4, 0xCC, 0xE6, 0xB3, 0x08, 0x6F, 0xBB, 0x47, 0xAD, 0x50,
    0x71, 0xDF, 0x8B, 0xFA, 0xC9, 0x25, 0xBF, 0xB8, 0xEF, 0x7D, 0xD9, 0xBD, 0xE8, 0x65, 0x1F, 0x19,
    0xAB, 0xCF, 0x26, 0xC2, 0x66, 0x0A, 0x4D, 0xCA, 0xA3, 0x79, 0x14, 0x99, 0x28, 0x72, 0xDB, 0x7B,
    0x35, 0xB4, 0x96, 0x0E, 0xE4, 0x54, 0x8E, 0xF7, 0x8B, 0xCB, 0xAF, 0xBB, 0xEB, 0xBC, 0x23, 0x99,
    0xD6, 0x6B, 0xED, 0x3F, 0x6F, 0xCC, 0xDB, 0x63, 0xB7, 0x59, 0xFA, 0x49, 0x66, 0xFF, 0x52, 0xF9,
    0xD5, 0x6E, 0x8A, 0x7C, 0xA7, 0xB2, 0x5D, 0x43, 0xB6, 0xDA, 0x63, 0x75, 0x2B, 0xD7, 0xC4, 0xA5,
    0xBC, 0xFD, 0x4C, 0xF0, 0x66, 0xAD, 0x5F, 0x99, 0x6B, 0x1A, 0x5F, 0xC8, 0x7E, 0x01, 0x53, 0xD1,
    0x69, 0x76, 0xA0, 0x36, 0x1A, 0xCB, 0xCA, 0x2F, 0xF0, 0xD5, 0xD8, 0x1A, 0xD9, 0x41, 0x44, 0xA3,
    0xBC, 0x6B, 0x5E, 0xCB, 0x68, 0x5D, 0xF7, 0x57, 0x10, 0x7F, 0x00, 0x85, 0x95, 0x5B, 0x6A, 0xEB,
    0x30, 0x10, 0x86, 0x07, 0xF4, 0x1A, 0xD0, 0x56, 0x0A, 0x7D, 0x0D, 0x68, 0xEB, 0x82, 0x2C, 0xA0,
    0x5B, 0x11, 0xF8, 0x75, 0x60, 0xFA, 0x5F, 0xE4, 0xC6, 0x49, 0xCB, 0x39, 0x24, 0xE6, 0xB3, 0xAD,
    0xD1, 0x68, 0xEE, 0x8E, 0x88, 0x18, 0xB8, 0x96, 0xD0, 0xD2, 0x4F, 0x65, 0x8C, 0x29, 0x74, 0xA3,
    0xF9, 0x65, 0x5C, 0x51, 0x29, 0xE1, 0xAA, 0x2B, 0xB4, 0xF0, 0x8A, 0x79, 0x41, 0xDB, 0x38, 0xD6,
    0x13, 0xB7, 0x2E, 0x54, 0x9F, 0xB4, 0xA0, 0xC6, 0xA4, 0x05, 0x6B, 0x78, 0x53, 0xC1, 0x90, 0x96,
    0xB0, 0xAD, 0xAF, 0x58, 0xB8, 0x68, 0x65, 0x83, 0x8E, 0xB4, 0x19, 0xBC, 0x6F, 0xD8, 0xDD, 0x57,
    0x6F, 0x8B, 0xBF, 0xF1, 0xC8, 0xBE, 0x5A, 0x42, 0x17, 0x84, 0xA1, 0x12, 0xFF, 0xB8, 0xF7, 0x39,
    0x80, 0xD8, 0x80, 0x3C, 0xCE, 0x48, 0x22, 0x9E, 0x48, 0xDA, 0x9B, 0xFA, 0x05, 0xEF, 0x85, 0xD1,
    0x8C, 0xC7, 0x22, 0xFA, 0x97, 0x51, 0x3A, 0xBF, 0x9D, 0x80, 0x15, 0x99, 0x42, 0xA5, 0xD6, 0x6A,
    0x0D, 0xC5, 0xE6, 0x81, 0x1F, 0xD6, 0x3B, 0xD4, 0xC1, 0xB2, 0xC2, 0x41, 0x15, 0x74, 0x8E, 0x4A,
    0xEF, 0x10, 0xFF, 0xA0, 0x23, 0x8C, 0xF1, 0x6A, 0x55, 0x45, 0x37, 0x89, 0x28, 0x63, 0xC8, 0xE2,
    0xE8, 0x4E, 0x42, 0x5C, 0x41, 0xED, 0x44, 0x5D, 0x01, 0x63, 0xBD, 0xEF, 0x0D, 0xE9, 0x35, 0x05,
    0xEC, 0x6F, 0x0C, 0x3B, 0x59, 0xF6, 0x7C, 0xE3, 0xD8, 0x71, 0x80, 0x16, 0x05, 0xA7, 0x60, 0x3F,
    0x3D, 0x80, 0x2B, 0x53, 0xB2, 0x7D, 0x09, 0x6D, 0xEF, 0x44, 0xA2, 0x18, 0xB3, 0x31, 0x85, 0xEE,
    0x27, 0x47, 0x74, 0xC3, 0x7A, 0xB2, 0x72, 0x60, 0x27, 0x01, 0xE7, 0xF0, 0xFE, 0x26, 0xA7, 0x10,
    0x39, 0x9A, 0xFB, 0x06, 0xA5, 0x4A, 0x9B, 0xC7, 0xB6, 0x06, 0xF8, 0x40, 0x8E, 0x81, 0xD5, 0x61,
    0x11, 0x95, 0x3A, 0xE4, 0x04, 0x2E, 0x9B, 0xC4, 0xED, 0x2C, 0x86, 0xE2, 0xFA, 0xC4, 0x79, 0x38,
    0x28, 0x6E, 0x0A, 0x79, 0xEC, 0x90, 0x53, 0x24, 0xBB, 0x24, 0xA1, 0x42, 0x50, 0xE9, 0xBB, 0x5A,
    0x87, 0x43, 0xFD, 0x44, 0xE5, 0x46, 0xCB, 0x27, 0x82, 0x80, 0x15, 0xBF, 0xB1, 0xD7, 0x7E, 0xE3,
    0x53, 0xA8, 0x7A, 0xC1, 0x41, 0xB4, 0x92, 0x08, 0x75, 0xD0, 0xA4, 0x25, 0xC4, 0xF4, 0x93, 0x4B,
    0xBD, 0xEB, 0x09, 0x6D, 0x20, 0x28, 0x7B, 0x88, 0x50, 0x19, 0xC3, 0x40, 0x79, 0xD6, 0x71, 0xA2,
    0x2C, 0xF2, 0x44, 0x55, 0xA3, 0x81, 0x55, 0x8F, 0x0B, 0x56, 0xFF, 0x2F, 0x2C, 0x79, 0x08, 0xAC,
    0x04, 0x1E, 0x7B, 0x18, 0xEA, 0xA8, 0x6D, 0x0B, 0xCF, 0x6F, 0x58, 0x9E, 0x46, 0x78, 0x9C, 0xB8,
    0x3C, 0x59, 0xEC, 0xFD, 0x8B, 0x65, 0x03, 0x4C, 0x6E, 0xA0, 0xEA, 0xE2, 0x9A, 0xD2, 0xDB, 0xE7,
    0x8A, 0x9B, 0x9D, 0x8E, 0x2B, 0x78, 0xC3, 0x5E, 0x4E, 0x3B, 0x6B, 0xC4, 0x89, 0x2E, 0x67, 0x4F,
    0xA0, 0xA4, 0xFF, 0x85, 0x54, 0xF5, 0x44, 0xDE, 0xA1, 0x66, 0x64, 0x0E, 0x15, 0x37, 0x9F, 0xE0,
    0x92, 0xAA, 0x80, 0x85, 0xD9, 0x16, 0x0A, 0x05, 0x2D, 0x31, 0x55, 0x26, 0x2E, 0x17, 0xDE, 0xDF,
    0x3D, 0x6D, 0x86, 0x5F, 0x2B, 0xDA, 0x69, 0xEF, 0xCA, 0xDD, 0xA1, 0x8E, 0x4B, 0x4C, 0x1B, 0x1B,
    0xDF, 0x3D, 0xA5, 0x94, 0x75, 0x78, 0x81, 0x2E, 0x35, 0x26, 0x4B, 0x9F, 0x50, 0x74, 0x37, 0x1E,
    0xBF, 0xB3, 0xF2, 0x57, 0x72, 0x3E, 0x9D, 0x80, 0xE3, 0x05, 0x0F, 0xE6, 0x01, 0xF3, 0x67, 0x72,
    0x90, 0x78, 0x32, 0x30, 0xD6, 0xA3, 0x54, 0xBC, 0x63, 0x27, 0x60, 0x7B, 0xD2, 0x38, 0xCA, 0x39,
    0x12, 0xE4, 0x43, 0x67, 0x1E, 0x86, 0x0A, 0x9B, 0xD3, 0x31, 0xF4, 0x8A, 0xAD, 0x72, 0xFA, 0x60,
    0x34, 0x07, 0xE8, 0x67, 0xEA, 0x3F, 0x21, 0x3B, 0x6B, 0xFD, 0x20, 0xDC, 0xB7, 0x7B, 0xED, 0x15,
    0x56, 0x76, 0xA2, 0xDC, 0x71, 0xE9, 0x6F, 0x8E, 0x03, 0x5A, 0xF3, 0xF2, 0x21, 0x6A, 0xFE, 0x2C,
    0xC5, 0xBC, 0x7E, 0x73, 0x5A, 0xB8, 0x03, 0xDE, 0x1B, 0x81, 0xC2, 0xF4, 0x81, 0x50, 0x02, 0xC2,
    0xC6, 0x9F, 0xE0, 0xBC, 0x9A, 0xC3, 0xC7, 0xFD, 0xE0, 0x34, 0xE2, 0x0D, 0x3E, 0xEC, 0xC4, 0x9F,
    0x73, 0x09, 0x17, 0xD2, 0x5B, 0xAF, 0xF8, 0x9A, 0x8A, 0xA7, 0x44, 0xDA, 0xB2, 0xE4, 0x34, 0xF4,
    0x99, 0x9A, 0xDF, 0x7D, 0x95, 0x61, 0x6A, 0x2B, 0x31, 0x0C, 0x84, 0x05, 0xFA, 0x1B, 0xF0, 0x55,
    0x72, 0x80, 0x05, 0x5D, 0xDD, 0x90, 0x03, 0xF4, 0x2A, 0x82, 0xFD, 0x2B, 0xD0, 0x1B, 0x8D, 0xEC,
    0x6D, 0xBA, 0x69, 0x5F, 0x48, 0xFA, 0x35, 0x96, 0xD7, 0xD6, 0x8C, 0x64, 0x47, 0x45, 0x32, 0x73,
    0x0E, 0x57, 0xC0, 0x47, 0x10, 0x9A, 0xEA, 0x32, 0x5C, 0x16, 0x8E, 0x86, 0x30, 0xB6, 0x90, 0x9C,
    0x39, 0x33, 0xA4, 0x5E, 0x0B, 0x12, 0x83, 0x53, 0x6E, 0x10, 0xB1, 0x8A, 0xF1, 0x2D, 0x61, 0x18,
    0x8C, 0x3B, 0x9E, 0x9A, 0x13, 0xCB, 0xF8, 0xC2, 0x38, 0xB1, 0x4F, 0x4E, 0x7B, 0x25, 0x76, 0xD3,
    0xC4, 0x88, 0xB8, 0x85, 0xE0, 0x3D, 0x6D, 0x8A, 0x62, 0x9D, 0x07, 0x96, 0x7A, 0xF2, 0x73, 0x88,
    0x4E, 0x24, 0x68, 0x95, 0x62, 0x48, 0x56, 0x34, 0x6B, 0xA7, 0xC4, 0x10, 0xB7, 0x36, 0x44, 0x65,
    0x54, 0x2E, 0x58, 0xFB, 0x1D, 0x19, 0x63, 0xCA, 0xB8, 0x41, 0x2E, 0x70, 0xE6, 0x0D, 0x62, 0x08,
    0xDD, 0x71, 0x10, 0x19, 0x0B, 0x58, 0xE0, 0x89, 0xE4, 0x81, 0xA3, 0x8C, 0x2C, 0x84, 0xF9, 0xF0,
    0xD0, 0x99, 0x53, 0x93, 0x3E, 0x68, 0x19, 0xF9, 0x94, 0xF5, 0x3A, 0x60, 0x6A, 0xB9, 0x88, 0xBC,
    0x9C, 0x9E, 0xE9, 0xB2, 0x2E, 0x1B, 0xC6, 0x98, 0x3C, 0xDE, 0x0B, 0x20, 0xFD, 0x40, 0xC6, 0x02,
    0x8D, 0xCC, 0xED, 0xE7, 0x2A, 0x87, 0x76, 0xD6, 0x1B, 0x4E, 0x61, 0x1B, 0xBF, 0xC5, 0x4E, 0x22,
    0x93, 0x83, 0x79, 0x36, 0x5E, 0x35, 0xA8, 0x3D, 0x45, 0x5D, 0x59, 0xA4, 0xD9, 0x90, 0xFA, 0xDE,
    0x7B, 0xE1, 0xFF, 0xB9, 0x34, 0x34, 0x5A, 0x83, 0x2E, 0x0D, 0xD9, 0x1B, 0x2D, 0x29, 0x62, 0xAD,
    0xE1, 0x2D, 0x6B, 0x2F, 0x29, 0x43, 0x9D, 0x5D, 0xA1, 0xAC, 0x65, 0xB2, 0x0E, 0x23, 0xB5, 0x70,
    0x26, 0x15, 0x45, 0xF7, 0x52, 0xE3, 0xB7, 0x5E, 0x2A, 0xF7, 0xBA, 0x97, 0xD8, 0x44, 0x6E, 0xF5,
    0x20, 0x5A, 0xA8, 0xCC, 0x47, 0x4A, 0x48, 0x8F, 0x7B, 0x40, 0x4F, 0xF5, 0x92, 0xEC, 0x5E, 0x52,
    0xF6, 0x84, 0x7F, 0x14, 0x60, 0x1E, 0xE2, 0x55, 0xE7, 0xC2, 0x68, 0xC8, 0xF8, 0xCA, 0x68, 0xB8,
    0x57, 0xDB, 0x60, 0xF0, 0x1B, 0x59, 0xB1, 0x0B, 0xD6, 0xC0, 0x0E, 0x4E, 0x29, 0xFE, 0x01, 0x1B,
    0xF2, 0x86, 0x24, 0xA0, 0xBC, 0x62, 0xB5, 0x5A, 0x03, 0x8F, 0x6B, 0x54, 0x55, 0xB7, 0x2A, 0x79,
    0x35, 0xE8, 0x25, 0xFF, 0xAE, 0x6E, 0x0A, 0x9A, 0xFA, 0x0E, 0x19, 0x0B, 0xA8, 0x40, 0x98, 0xDD,
    0x30, 0xE6, 0x98, 0xDF, 0xB0, 0x0B, 0x02, 0xE0, 0x04, 0x16, 0xCC, 0x09, 0x6D, 0xA0, 0xDF, 0x1B,
    0x41, 0xD8, 0x82, 0x13, 0x55, 0xFB, 0xE8, 0xDB, 0xA2, 0xFA, 0xD6, 0xD1, 0x1F, 0x3C, 0xB6, 0xC3,
    0x4D, 0x03, 0xCB, 0x4D, 0xFB, 0xC2, 0x59, 0x40, 0x11, 0xAA, 0x18, 0x28, 0x82, 0xC9, 0xEE, 0x55,
    0x0C, 0xF9, 0x60, 0x63, 0x40, 0x2D, 0xB6, 0x2A, 0x20, 0x97, 0xF2, 0x0E, 0x4F, 0x1D, 0x05, 0x21,
    0x82, 0xD0, 0x06, 0x36, 0x2A, 0xA0, 0x90, 0xFC, 0x26, 0x85, 0x2A, 0x9C, 0x1D, 0xD5, 0xC2, 0x71,
    0x01, 0xB1, 0x35, 0xA5, 0xA1, 0x7E, 0x21, 0x16, 0x8E, 0xD1, 0xB7, 0x46, 0xA3, 0x0C, 0x10, 0x78,
    0x0D, 0x9B, 0x60, 0x09, 0xEA, 0xF0, 0xE5, 0x36, 0xD1, 0x61, 0xAF, 0x48, 0x39, 0x20, 0x28, 0xFA,
    0x56, 0x7B, 0x6E, 0xE3, 0xAB, 0xF7, 0x7F, 0xB2, 0xFC, 0xAD, 0x9E, 0x3A, 0x17, 0xCB, 0x99, 0x8B,
    0x3D, 0xEF, 0x93, 0x56, 0xC7, 0x21, 0x3F, 0x29, 0x3C, 0x10, 0x9B, 0x30, 0xEB, 0xB5, 0x99, 0xBE,
    0x88, 0x8C, 0x1E, 0x8B, 0x63, 0xC5, 0xC1, 0xB3, 0x68, 0x24, 0x9C, 0x28, 0x93, 0xA5, 0xF3, 0xF1,
    0xFE, 0x58, 0xDB, 0x6F, 0x83, 0x67, 0x1E, 0x33, 0x37, 0x95, 0x7C, 0xEC, 0x2B, 0x6A, 0xCC, 0xCD,
    0xC1, 0x7C, 0x6E, 0x2C, 0x5D, 0xB0, 0xE9, 0x62, 0xCD, 0xE7, 0xF5, 0xFB, 0xC6, 0x68, 0x7D, 0x67,
    0xB4, 0x2E, 0x14, 0xC9, 0x49, 0x1E, 0x43, 0xDC, 0x23, 0xB4, 0xED, 0xE5, 0xED, 0xDB, 0xC5, 0xA4,
    0x82, 0x4F, 0x3A, 0x9D, 0x80, 0xAE, 0x8B, 0x4B, 0xD7, 0x66, 0xEB, 0xFA, 0x43, 0xDF, 0xB1, 0xF4,
    0xDD, 0x5F, 0x1D, 0xDD, 0x88, 0x3E, 0x5C, 0xFF, 0xC3, 0xCF, 0x07, 0x72, 0x2F, 0x1A, 0xD7, 0x61,
    0x94, 0xD6, 0xFF, 0x86, 0x75, 0x0F, 0xF6, 0xDD, 0xBA, 0xC1, 0x58, 0x96, 0x73, 0xF5, 0xDB, 0x40,
    0x9C, 0x3C, 0xF0, 0xA3, 0x7F, 0x63, 0x71, 0x06, 0x78, 0x55, 0x32, 0x6F, 0x9C, 0x40, 0x76, 0xC6,
    0x4A, 0xFA, 0x1F, 0x6D, 0x95, 0x51, 0x8A, 0xE4, 0x30, 0x0C, 0x44, 0x05, 0xFE, 0x1D, 0xF0, 0x55,
    0x72, 0x00, 0x83, 0xAE, 0x6E, 0xC8, 0x01, 0xFA, 0x2A, 0x82, 0xFE, 0x35, 0x68, 0xAB, 0x4A, 0x76,
    0x4F, 0xA6, 0xD9, 0x5E, 0x76, 0x5E, 0x27, 0xB1, 0x9C, 0x92, 0x54, 0x72, 0x9B, 0xE9, 0xE3, 0x19,
    0x66, 0x39, 0x3D, 0x97, 0x65, 0x06, 0x90, 0x99, 0xE6, 0x06, 0x4C, 0xE2, 0xEA, 0x82, 0x3D, 0x90,
    0xFF, 0x81, 0x79, 0x43, 0xDC, 0xDA, 0x18, 0x6E, 0x84, 0x7B, 0x98, 0x63, 0x89, 0xAF, 0x0F, 0x70,
    0xC3, 0xED, 0x20, 0x0B, 0x6B, 0x11, 0x4D, 0x58, 0x2D, 0x9C, 0x7B, 0xF6, 0xF0, 0xC9, 0x1D, 0x66,
    0x9F, 0x14, 0x66, 0x7D, 0xF1, 0x3F, 0x16, 0x99, 0x35, 0xE8, 0x05, 0x6C, 0x96, 0xFE, 0x5E, 0x39,
    0x48, 0x03, 0xE2, 0x0A, 0x0E, 0xF5, 0x90, 0xEB, 0xCC, 0x88, 0xA9, 0x08, 0x08, 0x07, 0xF0, 0x52,
    0x20, 0x0F, 0x32, 0xEF, 0x4A, 0xFA, 0x0E, 0x26, 0xD8, 0x3F, 0xF0, 0x83, 0x28, 0xAC, 0x0D, 0x05,
    0x30, 0xBF, 0xD7, 0xE4, 0x92, 0x96, 0x4F, 0x98, 0x72, 0x80, 0xBA, 0x0B, 0x7B, 0x02, 0x23, 0x37,
    0x98, 0x03, 0x84, 0x50, 0x5C, 0x2E, 0x29, 0x86, 0x64, 0x7D, 0xDB, 0x72, 0xD7, 0x81, 0x8D, 0x52,
    0x8D, 0x1A, 0xE2, 0xD9, 0x5F, 0xEC, 0xC4, 0xFE, 0x00, 0x0F, 0xBD, 0xBA, 0x43, 0x8C, 0x02, 0x44,
    0x14, 0xF2, 0x20, 0x25, 0xF0, 0x0B, 0xDC, 0xF3, 0x20, 0xEB, 0x0D, 0x82, 0x74, 0x00, 0x4B, 0x72,
    0xFF, 0xA8, 0x5E, 0xBF, 0x6F, 0xCF, 0x8F, 0x5F, 0x28, 0xB7, 0xAA, 0xFB, 0x85, 0xE7, 0x92, 0xAC,
    0x06, 0x14, 0x64, 0x26, 0x41, 0xCF, 0x0E, 0x6A, 0x25, 0x5F, 0x81, 0x0A, 0xB2, 0x9D, 0xE8, 0x21,
    0xFB, 0xF0, 0x2A, 0x68, 0x25, 0x6A, 0x6D, 0x02, 0x6B, 0x9D, 0x2A, 0x79, 0xAA, 0xBE, 0xAC, 0x75,
    0xD2, 0x36, 0xF8, 0x46, 0xBF, 0xC0, 0x8A, 0xF4, 0x0B, 0x2B, 0x1F, 0xBF, 0x7E, 0x69, 0x77, 0xC8,
    0x36, 0x6C, 0x34, 0x7A, 0xF0, 0x80, 0xBD, 0x5F, 0x77, 0xD0, 0x21, 0x00, 0x04, 0xBC, 0xF3, 0x7E,
    0x6F, 0x84, 0xB7, 0xC8, 0x9B, 0x49, 0x3F, 0x80, 0xB6, 0x62, 0x97, 0x0D, 0x84, 0x13, 0x94, 0x14,
    0xBC, 0x09, 0x38, 0x57, 0x3A, 0xC2, 0xA1, 0x7A, 0x74, 0x6D, 0x36, 0x5C, 0x5B, 0x8F, 0x8E, 0x80,
    0x0B, 0x01, 0xCE, 0x0A, 0xA0, 0x55, 0x2D, 0xE8, 0x17, 0x2F, 0x5F, 0x72, 0x04, 0x32, 0x1A, 0xD2,
    0x5C, 0x78, 0x1A, 0x8D, 0x95, 0x47, 0x7F, 0xCB, 0x2C, 0xFC, 0x0C, 0x5D, 0xDB, 0xFA, 0x06, 0x66,
    0x2C, 0xF5, 0x89, 0x0D, 0x4E, 0x8A, 0xD7, 0xC0, 0x20, 0xA6, 0xBD, 0x6A, 0xF1, 0xEB, 0xE6, 0x6C,
    0x1E, 0x74, 0xC1, 0xFB, 0xE4, 0x2A, 0x7C, 0x55, 0x0C, 0xEA, 0x87, 0x16, 0x63, 0xF4, 0x3B, 0xE7,
    0xE4, 0x03, 0xBD, 0xA2, 0xD3, 0x0E, 0xF8, 0x4B, 0x3F, 0x2B, 0xE0, 0x4D, 0x60, 0x49, 0x94, 0xCC,
    0x29, 0x78, 0x5D, 0xB5, 0xAD, 0x2E, 0x0B, 0x5E, 0xE3, 0x6A, 0xD5, 0x10, 0xAB, 0x39, 0xB6, 0xBD,
    0x51, 0x14, 0xD0, 0x3F, 0xB9, 0x95, 0xC7, 0x10, 0x02, 0xA8, 0x07, 0xE1, 0x04, 0x36, 0xEB, 0x2F,
    0x6D, 0x4D, 0xA4, 0x40, 0x1D, 0x10, 0x8F, 0x94, 0x35, 0xCC, 0xB3, 0x2F, 0x1D, 0x43, 0x46, 0x9F,
    0x71, 0x67, 0xE4, 0xE0, 0x25, 0x3E, 0x0B, 0x75, 0x95, 0x75, 0x74, 0x09, 0x59, 0x27, 0x18, 0x47,
    0x09, 0xE0, 0x79, 0xD7, 0x2B, 0x07, 0x41, 0xE5, 0xF9, 0xC6, 0x76, 0x52, 0xB0, 0xAC, 0xC4, 0x1A,
    0x2C, 0xC8, 0xE2, 0x19, 0x45, 0xF8, 0x14, 0x7A, 0xE8, 0x59, 0x9B, 0x44, 0xDA, 0x6E, 0xCE, 0xDA,
    0xA8, 0x99, 0x55, 0x4D, 0xBC, 0x51, 0x56, 0x56, 0xFF, 0xD3, 0xFB, 0xDC, 0x68, 0xB1, 0xEC, 0x40,
    0x25, 0x5F, 0x05, 0xB8, 0xFB, 0x80, 0xB5, 0xEB, 0xB1, 0x71, 0xF1, 0x6E, 0x8F, 0xA1, 0x70, 0x21,
    0x74, 0x16, 0x63, 0x54, 0x58, 0x0D, 0x08, 0x2A, 0x4C, 0x76, 0x67, 0xB4, 0xDD, 0x87, 0x9F, 0xEA,
    0x83, 0xDB, 0x31, 0xD1, 0xB6, 0x54, 0x49, 0x5D, 0x1B, 0x2E, 0x57, 0xC1, 0x9B, 0xD6, 0xE6, 0x0F,
    0x2B, 0xCF, 0xF9, 0x66, 0x03, 0xF8, 0x4F, 0x08, 0x0A, 0xD7, 0x84, 0x87, 0xCE, 0x3A, 0xC4, 0x4D,
    0xE7, 0x71, 0x01, 0x8C, 0xAB, 0x2B, 0xC0, 0x2A, 0x1B, 0x6E, 0xCF, 0x73, 0x11, 0x09, 0xA8, 0x1B,
    0xC9, 0xA6, 0xEA, 0xE7, 0xA3, 0xFA, 0x80, 0xAB, 0x6B, 0x5B, 0xBE, 0xB3, 0xA5, 0xEC, 0x05, 0x06,
    0x2A, 0x34, 0x6F, 0x4C, 0x7E, 0xB2, 0xC5, 0xE8, 0xC3, 0xFC, 0xCD, 0xE1, 0x61, 0xF6, 0x14, 0x70,
    0x24, 0xF3, 0x17, 0xAD, 0xCB, 0x9F, 0x01, 0x43, 0xF1, 0xE5, 0x7C, 0x53, 0xD5, 0x17, 0x16, 0x77,
    0x4D, 0x80, 0xFF, 0xD0, 0x08, 0xFC, 0x21, 0xD2, 0x39, 0xC8, 0x79, 0x0B, 0x61, 0x21, 0xE3, 0xF7,
    0xC6, 0x04, 0xAE, 0xBA, 0x69, 0x5F, 0xD0, 0x33, 0x3F, 0x2B, 0xEF, 0xC2, 0x59, 0x32, 0x57, 0x14,
    0xEC, 0x01, 0x9C, 0x66, 0xC4, 0x4D, 0x8C, 0x76, 0x23, 0x89, 0x7F, 0x75, 0x95, 0x6B, 0xAA, 0xEB,
    0x30, 0x0C, 0x84, 0x05, 0xFE, 0x5B, 0xD0, 0x56, 0xBA, 0x80, 0x80, 0xB6, 0x6E, 0x38, 0x0B, 0xE8,
    0x56, 0xBC, 0x00, 0x83, 0xAE, 0x66, 0x46, 0x69, 0xD3, 0x9C, 0x73, 0x03, 0xED, 0xD7, 0x24, 0xB6,
    0xF5, 0x1C, 0xD5, 0xCC, 0x6C, 0xD5, 0x67, 0x4C, 0xB3, 0x5D, 0xF4, 0x25, 0x8E, 0x2D, 0x5A, 0xF2,
    0xA7, 0x59, 0xBC, 0x32, 0xB3, 0x7E, 0xB9, 0x8B, 0x76, 0x12, 0xEF, 0xC5, 0x55, 0x8C, 0xFC, 0x9B,
    0x16, 0x38, 0x5A, 0x9C, 0x62, 0xBC, 0x39, 0x48, 0x59, 0x8A, 0xFA, 0xAA, 0x1D, 0x16, 0xDE, 0x8C,
    0xE5, 0x59, 0xCC, 0x98, 0x9E, 0xD3, 0x46, 0xBE, 0xCA, 0x32, 0xAC, 0xD3, 0xA6, 0xC5, 0x4F, 0xE2,
    0x9A, 0x69, 0x24, 0x8E, 0x27, 0x1F, 0xF6, 0xB9, 0xE0, 0xB5, 0x10, 0x8A, 0xB2, 0x83, 0xAC, 0xE3,
    0x61, 0x11, 0x06, 0x71, 0xD8, 0x4E, 0x46, 0xB4, 0x04, 0x6B, 0xD0, 0x89, 0x46, 0x6A, 0x65, 0x01,
    0x2E, 0x10, 0x3C, 0x30, 0x5E, 0x3C, 0x30, 0x94, 0xB4, 0x72, 0xA5, 0x50, 0xBF, 0x11, 0xA0, 0x0B,
    0xB1, 0x18, 0x3E, 0x02, 0xA8, 0x37, 0x47, 0x9D, 0xC7, 0x68, 0x10, 0x00, 0x8D, 0x3C, 0x72, 0xD0,
    0x1E, 0x12, 0x56, 0x78, 0x1A, 0x6E, 0x57, 0x7B, 0xEF, 0x02, 0x9C, 0xC7, 0xDD, 0x22, 0xE4, 0x72,
    0xAD, 0xE3, 0x06, 0x45, 0xBF, 0xED, 0x79, 0x7A, 0xDD, 0xD5, 0xEB, 0xA2, 0x22, 0xD3, 0xB9, 0x59,
    0x80, 0xDC, 0xA3, 0xC1, 0xB2, 0xC1, 0x5D, 0x22, 0xBE, 0x60, 0x5F, 0x18, 0x49, 0x20, 0xE7, 0xA3,
    0xAA, 0x54, 0x8E, 0x45, 0xB2, 0x68, 0xC8, 0xBC, 0xC5, 0xBE, 0x3B, 0x6F, 0x6F, 0xE7, 0x7D, 0x96,
    0xF3, 0xF5, 0x76, 0x55, 0x91, 0xF1, 0xD0, 0xD7, 0x48, 0x66, 0x51, 0x59, 0x4D, 0x21, 0x84, 0xE7,
    0x25, 0xD5, 0xC6, 0x6D, 0xB0, 0x4B, 0x94, 0xBB, 0x42, 0x1D, 0xB0, 0xAC, 0x51, 0xD9, 0x9D, 0xFF,
    0x47, 0x34, 0x78, 0xDC, 0x4E, 0x55, 0x9B, 0x3D, 0xC5, 0x38, 0x56, 0x67, 0xFE, 0x78, 0x3B, 0x4F,
    0x1C, 0xA7, 0x59, 0x5D, 0x83, 0x5E, 0xD6, 0x96, 0xA9, 0xC7, 0xF4, 0x5F, 0x55, 0xCC, 0x6B, 0x04,
    0x67, 0x08, 0xF6, 0x68, 0xBE, 0x0B, 0xF8, 0xE6, 0x92, 0x4D, 0xD8, 0x9F, 0x60, 0x4E, 0xF1, 0xB5,
    0x02, 0xFB, 0xFD, 0x27, 0xC5, 0x19, 0x5B, 0x64, 0xA1, 0x41, 0xDE, 0x97, 0x3E, 0x92, 0xF4, 0x44,
    0x23, 0x54, 0xD2, 0x17, 0x16, 0x14, 0x51, 0x89, 0x3A, 0xAD, 0x9A, 0x6A, 0xDE, 0x65, 0x01, 0x75,
    0x9D, 0x72, 0xB8, 0x86, 0x45, 0xB9, 0xB3, 0x3E, 0x4B, 0xED, 0x33, 0x76, 0x74, 0xD7, 0x37, 0xCB,
    0x06, 0xFB, 0xCD, 0xA1, 0x4C, 0x5D, 0xF9, 0x91, 0x93, 0x64, 0xFF, 0x44, 0xF7, 0x9A, 0xEF, 0x4D,
    0x96, 0x27, 0x64, 0x6E, 0xFA, 0x57, 0xB9, 0xA6, 0x7F, 0xBE, 0x36, 0x65, 0x9D, 0x13, 0xAD, 0x86,
    0x05, 0x68, 0x32, 0x8B, 0xA3, 0xF8, 0xE0, 0xE1, 0x1A, 0x2F, 0x37, 0x66, 0x8F, 0xA1, 0x9C, 0xEA,
    0xE0, 0xEE, 0xA7, 0x53, 0xEE, 0x67, 0x5C, 0x47, 0xCB, 0xFD, 0x72, 0x75, 0x68, 0x34, 0xAE, 0x5E,
    0x8A, 0x49, 0xB5, 0x78, 0xCB, 0xBD, 0xA5, 0xD2, 0x98, 0x79, 0x51, 0x1A, 0xB6, 0xB0, 0x80, 0x6C,
    0x9E, 0x6A, 0x33, 0xC4, 0x80, 0xDE, 0xAB, 0x52, 0x25, 0x87, 0x99, 0x74, 0xD0, 0xD2, 0xEB, 0x3B,
    0xCE, 0x80, 0x7C, 0x41, 0x23, 0x23, 0xF1, 0x74, 0xE3, 0xF8, 0xDA, 0x01, 0x71, 0x94, 0xD8, 0x36,
    0x75, 0x20, 0x27, 0x4F, 0xB9, 0xBF, 0x68, 0x3D, 0xCF, 0xA6, 0xF3, 0x4B, 0x75, 0x98, 0x72, 0xCA,
    0x3D, 0x24, 0xF7, 0x90, 0xDC, 0x29, 0x4D, 0xD6, 0x67, 0xD9, 0x21, 0x58, 0x43, 0xEF, 0xBE, 0x90,
    0xFB, 0x8A, 0xE8, 0xE1, 0x76, 0x42, 0xFB, 0xB6, 0xF5, 0x0C, 0x10, 0x34, 0xA8, 0x35, 0x26, 0xA0,
    0x9F, 0x0F, 0x3C, 0x1D, 0x7F, 0x13, 0x72, 0xDE, 0xFE, 0x9C, 0x55, 0x1A, 0xBC, 0x13, 0x53, 0xBA,
    0xE0, 0x8B, 0x18, 0xF9, 0xD5, 0x32, 0xE7, 0xD5, 0x29, 0x57, 0x0A, 0x34, 0x6F, 0xE1, 0xA7, 0x92,
    0x7C, 0x38, 0xF3, 0xB9, 0xFF, 0x8F, 0xB1, 0xBC, 0x9A, 0xE9, 0x44, 0x59, 0x04, 0xCA, 0x26, 0x8B,
    0x8A, 0xF1, 0x44, 0x6D, 0xE2, 0xC1, 0xEA, 0x7F, 0x2E, 0x14, 0xF1, 0xCF, 0x5C, 0x9F, 0xFD, 0x52,
    0x5F, 0x94, 0x9B, 0x2F, 0xF1, 0xB7, 0x1E, 0x9A, 0xFE, 0x96, 0x03, 0x7D, 0xF9, 0x10, 0xDE, 0xA0,
    0x1E, 0xCE, 0xD8, 0xEE, 0xC4, 0x2E, 0xAE, 0xFB, 0x45, 0xF5, 0xF1, 0x6F, 0xDE, 0xD6, 0xA5, 0x08,
    0x3D, 0x80, 0x88, 0x95, 0xF6, 0x6E, 0x7A, 0xF0, 0x9B, 0x1E, 0xFE, 0x01, 0x7D, 0x95, 0x61, 0x6A,
    0x2B, 0x31, 0x0C, 0x84, 0x05, 0xFE, 0x1B, 0xF0, 0x55, 0xF6, 0x00, 0x01, 0x5D, 0xDD, 0x90, 0x03,
    0xF4, 0x2A, 0x86, 0xFE, 0x15, 0xE8, 0xCD, 0x8C, 0xEC, 0xED, 0x6E, 0x48, 0x5E, 0x4B, 0xFB, 0x25,
    0x5E, 0x5B, 0x1E, 0x49, 0x63, 0xAF, 0x59, 0xCB, 0x4C, 0x73, 0xEB, 0x44, 0x1F, 0x42, 0x9B, 0x7D,
    0x60, 0xC8, 0xA2, 0x90, 0x1A, 0xB4, 0xA3, 0x60, 0x35, 0x58, 0xF0, 0x9A, 0x99, 0xA1, 0x67, 0x0B,
    0x5A, 0xD7, 0x26, 0xF0, 0x8A, 0x4E, 0x8C, 0xCC, 0x41, 0x78, 0xE8, 0x19, 0xC6, 0x88, 0x5F, 0x7D,
    0xCB, 0xC9, 0x8D, 0x3C, 0x19, 0x28, 0x7C, 0x62, 0x5D, 0xCB, 0x07, 0xC2, 0x0F, 0x0C, 0x01, 0x96,
    0xD4, 0x97, 0x11, 0xE6, 0xC4, 0x21, 0xB9, 0x58, 0x68, 0xF8, 0x24, 0x0D, 0xC1, 0x7F, 0x88, 0x48,
    0xF1, 0xD6, 0x82, 0x9A, 0xB8, 0xCA, 0x7C, 0x90, 0xCE, 0xE9, 0x88, 0xD3, 0xFB, 0x5A, 0xB6, 0x69,
    0x9A, 0xB6, 0xE9, 0xF9, 0x4E, 0xEE, 0xC6, 0x2F, 0xEF, 0x44, 0xE8, 0xA1, 0x45, 0x4D, 0xF2, 0x40,
    0xA6, 0xC1, 0xFA, 0xCD, 0x14, 0xB1, 0xEF, 0xD0, 0xBE, 0x14, 0x65, 0x89, 0x94, 0x21, 0xAA, 0xE5,
    0x0F, 0x06, 0x27, 0x76, 0x5F, 0x7B, 0xBF, 0x18, 0x2E, 0x21, 0x51, 0xB4, 0xA7, 0x74, 0xA5, 0xDD,
    0x7E, 0x9A, 0x3D, 0x24, 0x78, 0x54, 0x73, 0x10, 0xD7, 0xA9, 0xBD, 0x4F, 0x45, 0x69, 0xAC, 0x9E,
    0xE9, 0x4F, 0x31, 0xB3, 0x12, 0xBB, 0x43, 0xCF, 0x32, 0xAE, 0x30, 0xF5, 0x68, 0xFC, 0x61, 0xA8,
    0x8A, 0x9F, 0x71, 0x9F, 0x49, 0xB4, 0x12, 0xF9, 0xA5, 0x39, 0x56, 0xD5, 0x6E, 0x03, 0x19, 0x3D,
    0x58, 0x00, 0x76, 0x03, 0x4A, 0xD9, 0x0E, 0x6C, 0x1E, 0x6A, 0x14, 0x9C, 0xD1, 0xA2, 0x04, 0x2E,
    0xCC, 0xAB, 0x5C, 0x16, 0x31, 0x30, 0xA7, 0x90, 0x71, 0x85, 0x5D, 0x40, 0x67, 0xB9, 0xF6, 0xDB,
    0x50, 0x4D, 0x88, 0x29, 0xF4, 0x02, 0xDB, 0x81, 0x45, 0xD4, 0xDD, 0xB2, 0x2F, 0x0F, 0xA8, 0x77,
    0x3F, 0xDA, 0x36, 0xAB, 0x58, 0xCF, 0x8B, 0x35, 0xEA, 0x07, 0x9F, 0xD1, 0x80, 0x19, 0xEA, 0xB2,
    0x30, 0x84, 0x3E, 0x65, 0xAA, 0xA6, 0x82, 0x9C, 0xBB, 0x1F, 0x6E, 0x2B, 0x03, 0xE1, 0x71, 0xE9,
    0x8A, 0x57, 0x7E, 0x19, 0x0B, 0xE6, 0x28, 0xAE, 0xBD, 0x23, 0x4E, 0x3C, 0x99, 0xA3, 0xC0, 0xE3,
    0xC5, 0x2A, 0xA1, 0xEC, 0x84, 0x11, 0xD4, 0x9E, 0x38, 0xA7, 0xB3, 0xFA, 0x90, 0x48, 0xED, 0x7B,
    0x0E, 0x52, 0x42, 0x19, 0x30, 0x91, 0x9F, 0x26, 0x9A, 0xAA, 0x8D, 0x4C, 0x74, 0xEB, 0xC3, 0xB1,
    0xFB, 0xE0, 0x32, 0xB9, 0xAD, 0x23, 0x13, 0x10, 0x80, 0x3D, 0x66, 0x38, 0xE7, 0x41, 0x61, 0xA5,
    0x32, 0x43, 0x9E, 0x50, 0x24, 0x6F, 0x6A, 0x80, 0xF7, 0x2B, 0xD4, 0x89, 0x68, 0x05, 0xD7, 0xA6,
    0x41, 0xE5, 0xC8, 0x86, 0xA9, 0x5C, 0x72, 0xF8, 0xDA, 0x87, 0xC7, 0x52, 0x2D, 0x4C, 0x89, 0x4F,
    0xDE, 0x1F, 0x3C, 0x5F, 0xF4, 0x95, 0xBC, 0xCE, 0x33, 0x62, 0xF6, 0xAC, 0x76, 0xD4, 0xCC, 0x3F,
    0xDC, 0x4D, 0xC4, 0xC1, 0x3C, 0x6D, 0x73, 0xB7, 0xD4, 0xCD, 0x4B, 0x9F, 0xA7, 0x40, 0x3F, 0x4E,
    0x9F, 0xF0, 0x7E, 0x02, 0x96, 0xF8, 0xF6, 0xD1, 0x44, 0x16, 0x75, 0xAF, 0xC8, 0x44, 0x9A, 0xD9,
    0xCB, 0x13, 0x67, 0x03, 0xCA, 0xFA, 0x47, 0x1D, 0xB5, 0xFF, 0xE7, 0xF0, 0x49, 0x6E, 0x95, 0x20,
    0xEA, 0x5C, 0xAE, 0xBA, 0x20, 0x78, 0xE8, 0x32, 0x9E, 0x2C, 0x3E, 0x2A, 0xAF, 0x23, 0x83, 0xFE,
    0x19, 0x0C, 0x7C, 0x70, 0x3F, 0x36, 0x80, 0x6E, 0x7A, 0xDD, 0x1B, 0x70, 0xCB, 0xA1, 0x8F, 0x1B,
    0x50, 0xFA, 0x54, 0x43, 0x5D, 0x65, 0x8C, 0x0D, 0x5C, 0xDB, 0xF8, 0xDD, 0xE8, 0x83, 0x06, 0xF6,
    0xBA, 0x4A, 0xBC, 0xEB, 0xBA, 0xF7, 0x6A, 0xA2, 0xD7, 0x9D, 0xB7, 0x51, 0x71, 0xBD, 0xCD, 0x85,
    0x5E, 0xC1, 0x04, 0xD9, 0x4B, 0x18, 0x76, 0xA2, 0x15, 0xD6, 0xFB, 0x82, 0x26, 0xC2, 0x14, 0x99,
    0x06, 0x53, 0x4E, 0x68, 0x81, 0x61, 0x63, 0x5C, 0x44, 0xBA, 0x8F, 0xEA, 0x46, 0x9D, 0x7D, 0x53,
    0xAF, 0xB9, 0xD4, 0x35, 0x2F, 0xC3, 0xF9, 0xA6, 0x8E, 0xC5, 0x8C, 0xE2, 0x2F, 0x32, 0x22, 0x93,
    0x99, 0x95, 0x51, 0x37, 0xF9, 0xDE, 0xDB, 0x09, 0xB0, 0x2A, 0x24, 0xAE, 0x1A, 0x65, 0xA2, 0x1C,
    0x62, 0x89, 0x41, 0x53, 0x82, 0x6A, 0xFC, 0xE4, 0x43, 0xE3, 0x5E, 0xF3, 0xAE, 0xE4, 0x73, 0xBE,
    0x82, 0xC4, 0xA8, 0x71, 0x5F, 0xF1, 0xD6, 0x79, 0xF4, 0x75, 0xC7, 0x88, 0xB3, 0x5C, 0xF5, 0x0F,
    0x85, 0x95, 0xDD, 0xA9, 0xE4, 0x30, 0x0C, 0x85, 0x05, 0x7E, 0x5D, 0x70, 0x2B, 0xB7, 0x80, 0x80,
    0x5A, 0x17, 0xA4, 0x80, 0xB4, 0x62, 0xC8, 0xAB, 0x40, 0x7B, 0xA4, 0xE3, 0xCC, 0xC4, 0xB3, 0x99,
    0xBD, 0x86, 0xF0, 0x81, 0x25, 0xEB, 0xDF, 0x4E, 0x44, 0x9C, 0x11, 0x23, 0x0A, 0x3E, 0x21, 0x3E,
    0x1A, 0x21, 0xD2, 0x2E, 0x68, 0x84, 0xDD, 0xA0, 0xE7, 0x05, 0x68, 0x02, 0xFB, 0x0D, 0x41, 0x8C,
    0xD8, 0x47, 0x23, 0x64, 0xA8, 0x29, 0x20, 0x2A, 0xAD, 0x10, 0xF1, 0x0F, 0x36, 0xCA, 0x94, 0x08,
    0x6E, 0xA6, 0x3F, 0xDA, 0x24, 0xA4, 0xC1, 0xDF, 0xD8, 0xA4, 0x16, 0xC2, 0x3D, 0x18, 0xFC, 0x0D,
    0x72, 0x5A, 0x97, 0x56, 0x30, 0x02, 0x9B, 0x4A, 0x59, 0x02, 0xB2, 0x89, 0xED, 0x3C, 0x72, 0xF3,
    0x8D, 0x7D, 0x37, 0x99, 0xD0, 0x33, 0x8E, 0xC4, 0x9E, 0xE7, 0xE0, 0x16, 0x46, 0xC2, 0x37, 0xE9,
    0xDE, 0x2C, 0xC3, 0x9D, 0x88, 0xB7, 0x69, 0xC8, 0x26, 0x8C, 0x32, 0x7B, 0xA9, 0x38, 0x11, 0x1B,
    0xAD, 0xFC, 0xC8, 0xBA, 0x34, 0x26, 0x6A, 0x81, 0x69, 0xD2, 0x45, 0xFA, 0x8E, 0xF0, 0x5D, 0x7A,
    0x3F, 0x50, 0xC6, 0x01, 0xF3, 0x87, 0x79, 0xB7, 0x74, 0x93, 0x35, 0x12, 0x74, 0x08, 0xE1, 0x80,
    0x87, 0x17, 0xE1, 0x58, 0xB2, 0x37, 0x38, 0xAC, 0xF0, 0x58, 0xF6, 0xD0, 0x46, 0x6C, 0xD8, 0x86,
    0x94, 0xE1, 0x60, 0x64, 0x59, 0x50, 0x35, 0xEF, 0x65, 0x3F, 0xA2, 0xFC, 0xB4, 0x8A, 0xDF, 0xD3,
    0x7E, 0xC9, 0xFB, 0x61, 0x45, 0xED, 0xA6, 0x15, 0x4F, 0xB7, 0x8A, 0x6B, 0x9B, 0x4C, 0x3F, 0x65,
    0xE7, 0x2B, 0x11, 0x93, 0x55, 0x7C, 0xA9, 0x4E, 0xD8, 0x85, 0xCC, 0x48, 0x3F, 0xB1, 0xAA, 0x3C,
    0x6A, 0x3E, 0xA9, 0xC0, 0x97, 0xB3, 0x84, 0x37, 0x74, 0x76, 0x65, 0xC1, 0xB3, 0x26, 0xEB, 0xED,
    0x2B, 0x16, 0xE9, 0x3D, 0x07, 0xFF, 0xF5, 0x5C, 0x7E, 0x4B, 0xD2, 0xC2, 0xE0, 0x5F, 0x78, 0x94,
    0xC5, 0xA7, 0xA3, 0x88, 0x35, 0x15, 0xEB, 0x4F, 0x49, 0x3F, 0x07, 0x31, 0x43, 0x99, 0x98, 0x41,
    0xFD, 0xBE, 0xA9, 0x5F, 0x8D, 0xC5, 0x73, 0x80, 0xFF, 0xCB, 0x61, 0xA9, 0xC4, 0xDA, 0xB1, 0x2F,
    0x8E, 0x70, 0x9B, 0x6B, 0xE0, 0x08, 0x2F, 0x34, 0x9A, 0x6F, 0x9C, 0x84, 0x4E, 0xA8, 0x95, 0xEC,
    0x82, 0x14, 0xFA, 0x4B, 0xB3, 0x5C, 0xD0, 0xAC, 0xCC, 0x61, 0xE5, 0x4C, 0x4E, 0x15, 0x9D, 0x56,
    0x88, 0x6B, 0x5E, 0x9F, 0xB1, 0x53, 0x85, 0x9A, 0x3A, 0xE1, 0x25, 0x8B, 0x71, 0x0F, 0x97, 0x41,
    0x88, 0x71, 0xEE, 0x57, 0x43, 0x79, 0xAB, 0x70, 0x61, 0x09, 0x25, 0xA2, 0x8A, 0xEE, 0xBE, 0x00,
    0x32, 0x5C, 0x6D, 0xDC, 0xCB, 0x02, 0x74, 0x0A, 0xBA, 0x80, 0x9B, 0x9F, 0x3D, 0x12, 0x36, 0xF0,
    0xE3, 0x40, 0x3A, 0x12, 0xFD, 0x43, 0x54, 0x15, 0x24, 0x26, 0x06, 0x23, 0xA3, 0x0A, 0xE3, 0x14,
    0x5E, 0x5A, 0x61, 0x59, 0xF1, 0x35, 0x23, 0xBB, 0xF5, 0x51, 0x9D, 0x3C, 0xAB, 0x96, 0x71, 0x2E,
    0x84, 0x1B, 0xCF, 0x1E, 0xE0, 0x33, 0x94, 0x26, 0xDB, 0x28, 0x99, 0x10, 0x1E, 0xB0, 0x62, 0x9F,
    0x3F, 0x93, 0x3E, 0x3B, 0x53, 0x6F, 0x39, 0x47, 0xD0, 0xE7, 0x18, 0x16, 0xA1, 0x7F, 0xF1, 0x7A,
    0x00, 0xA7, 0xBE, 0x5C, 0x5C, 0xF4, 0xF1, 0x3F, 0x22, 0x61, 0xFE, 0xBA, 0x0B, 0x96, 0x33, 0x14,
    0x7A, 0xD4, 0xAC, 0xB9, 0xB6, 0x3A, 0x87, 0xC7, 0x58, 0x39, 0x90, 0x5C, 0xC8, 0x1B, 0x7A, 0x39,
    0x0F, 0xE6, 0x1F, 0xE8, 0x55, 0xD2, 0xEC, 0x43, 0xA1, 0x6C, 0x8E, 0xCC, 0xC1, 0xCA, 0x55, 0x55,
    0x35, 0x9C, 0x9A, 0xAC, 0xBC, 0xF3, 0x51, 0xF8, 0x7C, 0x56, 0x72, 0xB8, 0xB4, 0x5E, 0xFC, 0x0B,
    0x92, 0x03, 0xDE, 0x6E, 0x98, 0x9B, 0xC4, 0x56, 0xC8, 0x5F, 0x4B, 0x7B, 0xC3, 0x6A, 0x44, 0xA7,
    0x4A, 0x0E, 0x7A, 0x35, 0x29, 0xEB, 0xFB, 0x17, 0x95, 0x95, 0x5D, 0x6A, 0x2B, 0x31, 0x0C, 0x85,
    0x05, 0x7E, 0xBD, 0xA0, 0xAD, 0x64, 0x01, 0x01, 0x6F, 0xDD, 0x90, 0x05, 0x64, 0x2B, 0x86, 0xBC,
    0x0A, 0x74, 0xCF, 0x39, 0xD2, 0x24, 0x99, 0x36, 0x94, 0x76, 0x68, 0xF9, 0xE2, 0xB1, 0xFE, 0xA5,
    0x28, 0xB6, 0xCD, 0x8C, 0xFF, 0xD1, 0xDC, 0x9E, 0x99, 0xDB, 0x46, 0xF2, 0x09, 0x71, 0x82, 0x9E,
    0x7B, 0xDA, 0x0E, 0x9B, 0xCB, 0xAE, 0x78, 0x65, 0x13, 0x1A, 0xE0, 0xBA, 0x42, 0x43, 0xE7, 0x7C,
    0x6C, 0xDE, 0x7B, 0x3E, 0x24, 0x6F, 0xE1, 0xD2, 0x27, 0xEB, 0x6C, 0x4E, 0xFB, 0x9E, 0xCB, 0x79,
    0x9E, 0x34, 0x5B, 0xEC, 0xFB, 0x91, 0x15, 0xC7, 0x88, 0xD2, 0x23, 0x93, 0x7A, 0x4D, 0x18, 0xE7,
    0x3D, 0xEC, 0x17, 0x11, 0xA5, 0xE8, 0x37, 0x84, 0x6B, 0x90, 0x36, 0xC9, 0x29, 0x06, 0xD0, 0x2E,
    0xA6, 0xA7, 0x71, 0x35, 0xB9, 0x8B, 0x42, 0x06, 0x31, 0x32, 0x10, 0xFE, 0xD5, 0x1B, 0xC8, 0x0C,
    0x40, 0x62, 0xBC, 0x6B, 0xF0, 0x6E, 0xB0, 0x1A, 0x02, 0xB2, 0x6E, 0xCC, 0xAA, 0x41, 0xBE, 0x20,
    0x83, 0xDB, 0x1A, 0x78, 0xD9, 0x50, 0x15, 0x5E, 0x58, 0x0C, 0x61, 0x3E, 0x84, 0x3C, 0xE3, 0xA6,
    0xC8, 0x5C, 0x88, 0x02, 0xF2, 0x62, 0x54, 0x8B, 0x86, 0xAC, 0xEC, 0x11, 0xCC, 0x1D, 0x0D, 0x29,
    0xB0, 0x3C, 0x7B, 0xE2, 0xD3, 0x82, 0x79, 0x14, 0x18, 0xA8, 0xB6, 0x45, 0x03, 0x0E, 0x52, 0xA9,
    0x6C, 0x55, 0x22, 0xA4, 0xFE, 0x42, 0xD0, 0x62, 0x9D, 0xB2, 0x8C, 0x35, 0xCE, 0x77, 0x2F, 0x8C,
    0xCD, 0xF6, 0x84, 0x00, 0xB3, 0x0B, 0xD5, 0x43, 0x00, 0x2B, 0xE6, 0xC8, 0x95, 0x86, 0x42, 0xC1,
    0x23, 0x2E, 0x6C, 0xF9, 0x26, 0xD0, 0x77, 0x3E, 0x28, 0xEF, 0x81, 0x6B, 0x41, 0xC1, 0xA2, 0x71,
    0xC2, 0xDC, 0x02, 0xEA, 0x03, 0x78, 0x48, 0x52, 0x01, 0xFB, 0x3D, 0xA5, 0x77, 0x8B, 0x52, 0x5F,
    0x2F, 0x63, 0x59, 0x33, 0xDA, 0x50, 0xE6, 0x66, 0x2F, 0x48, 0xC8, 0x19, 0x05, 0x31, 0xCA, 0xA6,
    0x35, 0xCA, 0x51, 0xBB, 0x9D, 0x74, 0x88, 0xA9, 0x19, 0xA9, 0x06, 0xDA, 0x64, 0x3B, 0xF0, 0x46,
    0xE3, 0xFE, 0x1C, 0xA1, 0xE3, 0x99, 0x8D, 0x45, 0xB7, 0x30, 0x2F, 0x68, 0x5A, 0x61, 0x74, 0x1F,
    0xD1, 0xD1, 0x7F, 0x7C, 0x04, 0x67, 0xE7, 0xFE, 0x15, 0xC8, 0x46, 0x22, 0xA3, 0xE0, 0x85, 0x79,
    0x17, 0x52, 0x7A, 0x1E, 0x02, 0x3B, 0x4D, 0x94, 0xB1, 0x6B, 0x9B, 0xF6, 0x3C, 0xC3, 0xE4, 0x8F,
    0xE6, 0x0A, 0xCA, 0xDB, 0xD6, 0xAF, 0x72, 0xE8, 0x12, 0x5D, 0x84, 0x2E, 0xFB, 0x81, 0xC1, 0x99,
    0xFB, 0x86, 0x3D, 0x7E, 0x8B, 0x2F, 0x7A, 0x65, 0x73, 0x7F, 0x70, 0x64, 0xDA, 0x15, 0xC4, 0xCC,
    0x3E, 0x71, 0x70, 0xFE, 0xDC, 0x87, 0xCF, 0xC1, 0xC7, 0x1B, 0x30, 0xD3, 0xDF, 0x71, 0x16, 0xF9,
    0x8B, 0xE4, 0xFE, 0x94, 0xCA, 0xB3, 0x0F, 0x4B, 0x39, 0xEC, 0x9F, 0x73, 0xE8, 0xE0, 0x37, 0xFE,
    0xF8, 0x0D, 0xA9, 0xD2, 0x71, 0xA1, 0x08, 0xD5, 0xF0, 0x39, 0x69, 0xDA, 0xCB, 0xED, 0x01, 0xB3,
    0x0F, 0x38, 0x8B, 0x14, 0x5A, 0xDD, 0xE2, 0xC0, 0x60, 0xF0, 0x00, 0x46, 0xD1, 0xB1, 0x4D, 0x80,
    0x5C, 0x02, 0x04, 0x30, 0x7E, 0x71, 0x79, 0x9F, 0xA5, 0xCE, 0x81, 0x75, 0xD6, 0xD7, 0x90, 0xFB,
    0x65, 0x35, 0xC2, 0x1B, 0xB7, 0x4D, 0xD3, 0xB3, 0x31, 0xDE, 0x11, 0x27, 0xF4, 0x4B, 0x6E, 0xBC,
    0x7C, 0x62, 0x3C, 0x1A, 0xBA, 0x3B, 0x21, 0xB3, 0x51, 0xA6, 0xB3, 0xD4, 0xED, 0x80, 0xF4, 0xBE,
    0xE2, 0x24, 0x72, 0x7C, 0x0D, 0x2E, 0xF6, 0xCF, 0xEA, 0x37, 0xC1, 0x24, 0x45, 0xE8, 0xA4, 0x90,
    0xDE, 0xC0, 0x45, 0x81, 0x8D, 0x87, 0x55, 0x94, 0x3B, 0x62, 0x0A, 0x3B, 0x1B, 0xBA, 0xCB, 0x02,
    0x96, 0x38, 0xD7, 0xEF, 0xBC, 0xDF, 0xF0, 0x6B, 0x19, 0xEE, 0x0D, 0x56, 0x11, 0xDA, 0x07, 0xAE,
    0x65, 0x73, 0xD2, 0x9F, 0xF3, 0xC4, 0x96, 0x50, 0xDD, 0x7E, 0xC6, 0x4C, 0xC1, 0xB5, 0x97, 0xB9,
    0xDE, 0xFE, 0x03, 0xA5, 0x95, 0x4B, 0x8A, 0xEB, 0x40, 0x0C, 0x45, 0x05, 0x35, 0x0D, 0xD4, 0x56,
    0x02, 0x6F, 0x6A, 0xD0, 0xD6, 0x05, 0x5E, 0x40, 0xB6, 0x22, 0xC8, 0x54, 0xA0, 0xBE, 0x57, 0xB2,
    0x63, 0x3B, 0xE9, 0x37, 0x68, 0xE2, 0x10, 0x8E, 0x5D, 0x1F, 0xFD, 0x4B, 0x25, 0x22, 0xB2, 0x88,
    0x64, 0x8A, 0x04, 0x61, 0xA3, 0x31, 0x39, 0xA0, 0xA2, 0x69, 0x44, 0x4E, 0x97, 0x58, 0x46, 0x8C,
    0x94, 0x08, 0xBC, 0xA7, 0x45, 0x60, 0x66, 0x46, 0x78, 0xE2, 0xF1, 0xF4, 0x7F, 0x99, 0x81, 0xC1,
    0x01, 0x70, 0x03, 0x85, 0xED, 0x98, 0x1B, 0x6A, 0xE5, 0x0B, 0xD6, 0xFA, 0xC4, 0x62, 0x01, 0x86,
    0x47, 0x48, 0xFA, 0x74, 0x6C, 0x0A, 0x99, 0x86, 0xF9, 0x10, 0xBC, 0x62, 0x40, 0xA0, 0x13, 0xD3,
    0xC2, 0x1F, 0x70, 0xCF, 0x28, 0x79, 0x8A, 0xBF, 0x03, 0x26, 0xF5, 0x40, 0x17, 0x27, 0xB4, 0x5D,
    0x29, 0x78, 0x29, 0xD2, 0x28, 0x2C, 0xAD, 0x36, 0x74, 0x60, 0x13, 0x7C, 0x68, 0xDC, 0x60, 0x8D,
    0xA5, 0xC3, 0xCD, 0x02, 0x0C, 0xB0, 0x5A, 0x5E, 0x78, 0x62, 0x30, 0x34, 0xD7, 0xC2, 0x5C, 0x39,
    0x78, 0x60, 0x1B, 0x3C, 0x90, 0x59, 0x73, 0x19, 0xBD, 0x44, 0x00, 0xCC, 0x49, 0x16, 0x06, 0x6D,
    0xA3, 0x37, 0x9B, 0xEF, 0x4A, 0x0C, 0x1B, 0x84, 0x9C, 0x1F, 0x18, 0xAF, 0x05, 0xC8, 0x33, 0x00,
    0x92, 0x11, 0xF9, 0xD9, 0xD0, 0x69, 0x0C, 0x9B, 0x26, 0xBD, 0x8E, 0x05, 0x42, 0x2A, 0x1D, 0x49,
    0x23, 0x76, 0x60, 0xF3, 0xEC, 0x3C, 0x94, 0x65, 0x67, 0x60, 0x6F, 0x47, 0xB6, 0x91, 0x3D, 0xF8,
    0xC8, 0x56, 0xC6, 0x61, 0xC8, 0x9B, 0x15, 0x97, 0xE5, 0x59, 0x79, 0x08, 0xD7, 0xC6, 0x8D, 0x1E,
    0x05, 0x03, 0x54, 0xA9, 0x78, 0x12, 0x08, 0x10, 0x5E, 0xAD, 0x2C, 0x6B, 0xE3, 0xA9, 0x14, 0x22,
    0x1A, 0xB6, 0x7D, 0x49, 0x65, 0x8B, 0x11, 0xA6, 0xEF, 0x3B, 0x38, 0x38, 0xF0, 0x85, 0x32, 0xCA,
    0x17, 0x6A, 0x25, 0x94, 0xE0, 0x8B, 0xB5, 0xD1, 0x38, 0x6F, 0x8F, 0x2B, 0xB6, 0xB9, 0x8B, 0xBE,
    0x17, 0x20, 0x0E, 0x79, 0xF8, 0x3F, 0xF2, 0x05, 0x2B, 0x39, 0xD9, 0x32, 0xAF, 0x80, 0xF0, 0xF6,
    0x8D, 0xE5, 0xB2, 0x63, 0xB6, 0x0F, 0x6F, 0x60, 0x80, 0xE6, 0x01, 0x6C, 0xFE, 0xC4, 0x5F, 0x97,
    0xFC, 0xAE, 0x88, 0x26, 0xF8, 0x2C, 0x73, 0xEC, 0xB7, 0xB8, 0xF8, 0xD5, 0x5C, 0xD9, 0xF2, 0x70,
    0x45, 0xF4, 0x99, 0xE1, 0xA1, 0xFA, 0x06, 0x23, 0x98, 0x36, 0x9F, 0xCF, 0x4A, 0x34, 0xCA, 0xD5,
    0x19, 0x1F, 0xA4, 0x4B, 0x58, 0xF2, 0xA3, 0xCB, 0x58, 0xD4, 0xD5, 0xCB, 0x9C, 0x5B, 0x99, 0x65,
    0x6D, 0x54, 0xBC, 0x87, 0xBC, 0x44, 0xF2, 0xDF, 0xE0, 0x21, 0xF9, 0xC0, 0x42, 0xA7, 0x00, 0x1C,
    0xAF, 0xAF, 0xD0, 0x52, 0x50, 0x00, 0xA5, 0xCF, 0x4F, 0x9D, 0x63, 0xBA, 0x1A, 0x4D, 0x31, 0xBC,
    0xB0, 0xE1, 0x8D, 0xD0, 0x6A, 0x8A, 0x5B, 0x91, 0xDF, 0xB7, 0x82, 0xDB, 0x0B, 0x0F, 0xEE, 0x3E,
    0x8B, 0x5A, 0x9B, 0xA4, 0x59, 0xD1, 0x90, 0x4E, 0x86, 0x7E, 0x30, 0x2A, 0x33, 0x6C, 0x6F, 0xEB,
    0x5F, 0x78, 0xDB, 0x18, 0x45, 0x04, 0x38, 0x94, 0xDE, 0xB0, 0xC9, 0xD1, 0x9D, 0x6A, 0xBC, 0xDE,
    0xFD, 0x63, 0xE9, 0xFC, 0xB3, 0x49, 0xCB, 0x11, 0xFF, 0xEE, 0xEE, 0xCC, 0x8E, 0x64, 0x55, 0x51,
    0x87, 0xBA, 0x1F, 0x34, 0x17, 0xF6, 0x82, 0x1D, 0x8F, 0xC7, 0x06, 0x9C, 0x13, 0x39, 0xB0, 0xB2,
    0x4E, 0x6B, 0xEE, 0x0C, 0xB4, 0xA3, 0x82, 0x15, 0x56, 0xFF, 0x06, 0xEB, 0x1A, 0x04, 0x6F, 0x20,
    0x9D, 0x0F, 0x54, 0xB8, 0xE9, 0x78, 0x18, 0x6E, 0x20, 0xA4, 0x66, 0x4D, 0x64, 0x03, 0x11, 0x0F,
    0x7A, 0x38, 0xE1, 0x1C, 0xCD, 0xEF, 0xA2, 0xBA, 0xEB, 0x2F, 0xA7, 0x97, 0x57, 0x49, 0x1D, 0x03,
    0x60, 0xC2, 0xB3, 0x6A, 0x36, 0x55, 0x4A, 0xA3, 0x81, 0x9B, 0x4C, 0x6B, 0xDE, 0x75, 0xAC, 0x75,
    0x97, 0xCD, 0x33, 0xD8, 0xEF, 0x11, 0xD5, 0x0B, 0x96, 0x46, 0x34, 0xE4, 0x0D, 0xCC, 0x04, 0xEF,
    0xA1, 0xA5, 0x2F, 0xBD, 0x3A, 0x69, 0xAC, 0x20, 0xCE, 0xF9, 0x51, 0x51, 0xB1, 0xDF, 0x8C, 0x7C,
    0x7E, 0x00, 0x8D, 0x95, 0x5D, 0xAA, 0xE4, 0x40, 0x08, 0x85, 0x85, 0x7A, 0x1D, 0x70, 0x2B, 0xBD,
    0x80, 0x80, 0x5B, 0x2F, 0xC8, 0xEB, 0x40, 0xB6, 0x22, 0xE4, 0x55, 0x70, 0xCE, 0xD1, 0x4A, 0x3A,
    0xDD, 0x33, 0x03, 0x37, 0xB7, 0xBB, 0x3F, 0xAE, 0xF5, 0xA3, 0xE5, 0xB1, 0x8C, 0xE8, 0x14, 0x3E,
    0x37, 0x34, 0x33, 0xF4, 0x58, 0xC8, 0xA3, 0x31, 0x87, 0x0B, 0x8C, 0x32, 0x26, 0x31, 0x32, 0xBD,
    0xA7, 0x78, 0xE2, 0xC1, 0x20, 0xB1, 0x9F, 0x17, 0xB8, 0x0B, 0xA0, 0x0B, 0xC7, 0x9E, 0x85, 0xE3,
    0x00, 0x4C, 0xDF, 0xD8, 0x3D, 0x34, 0x75, 0xE1, 0xD8, 0xB1, 0x2E, 0x0A, 0x23, 0x44, 0x5D, 0xF8,
    0xB5, 0x14, 0xC9, 0x29, 0x69, 0x70, 0x06, 0xB3, 0x7A, 0xBA, 0xA4, 0x8F, 0x30, 0xD8, 0x44, 0xE2,
    0x25, 0x82, 0x8F, 0x20, 0x9E, 0x1D, 0x9E, 0xC9, 0xFC, 0xA0, 0xF3, 0xAF, 0xC6, 0x2F, 0x9E, 0x38,
    0x0F, 0xED, 0x37, 0x5D, 0xA2, 0xEC, 0xEE, 0xC5, 0x9D, 0xE4, 0x96, 0x4F, 0x1A, 0x36, 0x7B, 0xB2,
    0x17, 0x62, 0xFE, 0x79, 0x31, 0xCF, 0x9B, 0xBF, 0x8B, 0xAE, 0x08, 0x9B, 0xBB, 0x1B, 0x4E, 0x31,
    0x18, 0x35, 0x0F, 0x95, 0x6E, 0x81, 0xC0, 0x41, 0xA4, 0xDB, 0x44, 0xE1, 0x70, 0xE2, 0x88, 0x26,
    0x1D, 0xAF, 0x75, 0xE4, 0x72, 0x3F, 0x4C, 0x02, 0x19, 0x8B, 0xCE, 0x89, 0xD8, 0xEF, 0xCD, 0x50,
    0xE1, 0xFE, 0xB9, 0x18, 0x65, 0xD7, 0x79, 0xB3, 0xD6, 0x29, 0x53, 0x0B, 0xDA, 0x58, 0x7E, 0x62,
    0x2F, 0x6E, 0xB1, 0xFC, 0x44, 0xEF, 0xF7, 0x20, 0x93, 0x53, 0xD4, 0x45, 0xFB, 0x27, 0x5F, 0x8B,
    0xD1, 0xCC, 0x70, 0x64, 0x92, 0x92, 0x8D, 0x3A, 0x06, 0x5C, 0x51, 0x31, 0x08, 0x97, 0x53, 0xE1,
    0xCC, 0xF9, 0x43, 0xA7, 0xA3, 0xFD, 0x02, 0xA8, 0x28, 0x81, 0x9A, 0x4B, 0x6F, 0x56, 0x21, 0x12,
    0x45, 0x79, 0xEB, 0x89, 0x4F, 0x74, 0x2A, 0xA4, 0xE6, 0x70, 0xFB, 0x87, 0xDA, 0x37, 0x38, 0x62,
    0x37, 0xFE, 0x1E, 0xCB, 0xFF, 0x8C, 0xFD, 0x60, 0xF9, 0xC7, 0x14, 0x8A, 0x23, 0x5B, 0x47, 0x83,
    0xA8, 0x35, 0xBB, 0x68, 0x8D, 0x9C, 0x4D, 0xF3, 0x95, 0xDC, 0x68, 0x46, 0x72, 0x6E, 0x0C, 0x37,
    0xDE, 0x24, 0x54, 0xB3, 0xB6, 0x56, 0xC8, 0x16, 0x58, 0xBB, 0x4F, 0x9D, 0x67, 0x79, 0xD1, 0xE9,
    0x10, 0x49, 0xC9, 0xBE, 0x98, 0xBC, 0x17, 0xE5, 0x27, 0x75, 0x4C, 0x5B, 0xAC, 0x50, 0x30, 0xF4,
    0xC5, 0xD2, 0x20, 0x07, 0x89, 0x9A, 0xC5, 0xF5, 0x44, 0xB5, 0x41, 0x21, 0x6C, 0x8E, 0x88, 0x6D,
    0x15, 0x93, 0xD5, 0x07, 0x71, 0x75, 0xCD, 0xE5, 0x45, 0x97, 0xCF, 0x67, 0xC4, 0x07, 0xFC, 0xCA,
    0x7C, 0x7C, 0x63, 0xC9, 0x13, 0xB6, 0xE0, 0x85, 0x91, 0x63, 0x55, 0x56, 0xE1, 0x57, 0x83, 0x12,
    0x2F, 0x2D, 0x5B, 0x46, 0xFF, 0xC2, 0xDB, 0x97, 0x74, 0x7B, 0xC9, 0x6F, 0x7C, 0xB6, 0xAD, 0x07,
    0x2C, 0x0B, 0xDA, 0x17, 0x49, 0x6B, 0xA2, 0xCA, 0x3D, 0x61, 0x75, 0x87, 0x0B, 0x5E, 0xE9, 0x82,
    0x26, 0x95, 0x61, 0x37, 0x24, 0x0C, 0x0A, 0x85, 0xB1, 0x67, 0x94, 0x14, 0xDE, 0x33, 0x81, 0x38,
    0x88, 0x08, 0xAD, 0x7E, 0xD2, 0x57, 0x8E, 0xBD, 0xAB, 0x16, 0x64, 0x81, 0x0D, 0x6B, 0x05, 0x3C,
    0x2F, 0x40, 0x61, 0x2F, 0x68, 0xE9, 0x5B, 0xD9, 0x5A, 0x72, 0xAF, 0x80, 0xB5, 0x6C, 0x1B, 0x7D,
    0x13, 0xB4, 0xCD, 0xA8, 0xDA, 0xEA, 0xD2, 0x91, 0x3E, 0x51, 0xF5, 0x03, 0x26, 0xA7, 0xC9, 0x56,
    0x22, 0x25, 0x3A, 0x86, 0xF5, 0xC4, 0xFF, 0x6C, 0xBD, 0xB4, 0x7B, 0x7C, 0xF1, 0xC5, 0xFA, 0x0C,
    0xE6, 0x4C, 0xF7, 0xD6, 0x59, 0x57, 0x8F, 0xEC, 0xE8, 0x3B, 0xD9, 0x25, 0xF1, 0x62, 0xD9, 0x9B,
    0x7E, 0xDB, 0xEB, 0x70, 0x67, 0x30, 0xB3, 0x56, 0x2F, 0x86, 0x8B, 0xB3, 0xFB, 0x0B, 0x8E, 0x33,
    0x8E, 0xCD, 0xAD, 0xDE, 0x16, 0x9B, 0x73, 0x63, 0xD5, 0x2D, 0xD9, 0x4E, 0x0C, 0x74, 0x36, 0x04,
    0xDD, 0xD8, 0xFB, 0xE6, 0xC6, 0xD2, 0xBE, 0x64, 0xB9, 0xBB, 0x9D, 0xC8, 0xBB, 0x2A, 0x4A, 0xC9,
    0xE7, 0xED, 0xB7, 0x55, 0x1A, 0x7C, 0x2F, 0x74, 0x9F, 0x28, 0x85, 0xB3, 0x2B, 0xD3, 0xBA, 0x68,
    0x34, 0x57, 0x0D, 0xC4, 0xB5, 0x5E, 0xFA, 0x8B, 0x5D, 0x26, 0x3B, 0xA4, 0x31, 0xD8, 0x59, 0xAD,
    0x86, 0xD9, 0xFF, 0x01, 0x6C, 0xA1, 0xCB, 0x27, 0xDB, 0x1E, 0x85, 0xCA, 0x28, 0x8C, 0x3D, 0xF9,
    0x0F, 0x55, 0xCE, 0x8B, 0x09, 0xC0, 0x30, 0x08, 0x04, 0xD0, 0x83, 0x0C, 0xE0, 0x2A, 0x1D, 0xA0,
    0x90, 0xD5, 0x85, 0x0E, 0xE0, 0x2A, 0x1D, 0x40, 0xB8, 0xAA, 0x31, 0xB4, 0x15, 0xF4, 0x61, 0x62,
    0x3E, 0x00, 0x1C, 0x15, 0xC5, 0xDC, 0x90, 0x6C, 0xF4, 0xED, 0xFE, 0x23, 0x09, 0x2B, 0xBC, 0x89,
    0x85, 0x23, 0x52, 0x14, 0x67, 0x94, 0xC0, 0xBF, 0x8C, 0x86, 0x85, 0x30, 0x8B, 0x4E, 0xF3, 0x84,
    0x60, 0x70, 0x39, 0xA6, 0xA9, 0xD8, 0x8D, 0xDC, 0x35, 0xC5, 0xB0, 0x3C, 0x9E, 0x37, 0x4A, 0xBD,
    0xB0, 0xA9, 0x0F, 0xCB, 0x62, 0xE8, 0x03, 0x63, 0xF8, 0xFF, 0xF9, 0x03, 0x33, 0x18, 0x1F, 0xFE,
    0xC0, 0xFF, 0x81, 0x81, 0x01, 0x84, 0xFF, 0x03, 0xF9, 0x20, 0x6C, 0x0F, 0x16, 0x63, 0x26, 0x19,
    0x33, 0xFC, 0xFF, 0xF0, 0x87, 0x81, 0x19, 0x42, 0x1C, 0xF8, 0x03, 0x32, 0x12, 0x4A, 0xFC, 0x07,
    0x89, 0x81, 0x09, 0x7B, 0x54, 0x09, 0x12, 0x88, 0xFF, 0x07, 0x60, 0x84, 0xFD, 0x01, 0x00, 0xBD,
    0x94, 0x5B, 0x6A, 0xEC, 0x30, 0x0C, 0x86, 0x0D, 0x7E, 0x2D, 0x68, 0x2B, 0xB3, 0x00, 0x83, 0xB7,
    0x2E, 0xC8, 0x02, 0xBA, 0x15, 0xC1, 0xBC, 0x0A, 0x54, 0xE9, 0x97, 0x9C, 0x5B, 0x67, 0xA0, 0x85,
    0x9E, 0xE3, 0x64, 0x6C, 0x8D, 0xE3, 0xE4, 0xFF, 0x74, 0xB1, 0x5B, 0x8B, 0x26, 0xE8, 0x9B, 0xCE,
    0x17, 0xC3, 0x7C, 0x3D, 0x70, 0x2E, 0x51, 0xEF, 0x4D, 0xC9, 0xA2, 0x49, 0xC7, 0xD0, 0x1A, 0xA1,
    0xBF, 0xB7, 0xBE, 0xE1, 0x1D, 0x32, 0x39, 0x0D, 0xFD, 0x93, 0xF3, 0x83, 0xB9, 0xA6, 0x5E, 0x1B,
    0xC7, 0xCC, 0x7B, 0x83, 0x96, 0xE1, 0x2C, 0x30, 0xBA, 0x71, 0x03, 0xD7, 0x0C, 0x43, 0x63, 0x34,
    0xE3, 0x64, 0xA3, 0xA2, 0xF3, 0x5E, 0x82, 0xCF, 0xC5, 0x7B, 0x7B, 0xD5, 0xFA, 0x9A, 0xA6, 0x22,
    0x3B, 0x8C, 0xBE, 0x3B, 0xA5, 0xEF, 0x8C, 0xE1, 0x86, 0x39, 0xCD, 0x7E, 0x4D, 0x9B, 0x3A, 0xE5,
    0x11, 0x8F, 0xC6, 0xF4, 0x36, 0xB4, 0x4B, 0x5C, 0xED, 0x51, 0x7E, 0xE8, 0xF1, 0xEB, 0xFE, 0x8B,
    0xC8, 0x05, 0xB5, 0x7D, 0x1A, 0x73, 0xFB, 0x48, 0x00, 0x8A, 0x70, 0x31, 0x40, 0x68, 0x1E, 0x6B,
    0x2B, 0x6D, 0x95, 0xBC, 0x1A, 0x32, 0xAC, 0xFB, 0x00, 0xAE, 0xFE, 0xD4, 0x4B, 0xE4, 0x79, 0x51,
    0xFF, 0xAB, 0xBC, 0xCB, 0x4D, 0x60, 0xE7, 0x59, 0x44, 0x27, 0xA3, 0xE0, 0x76, 0xBC, 0x0B, 0xE0,
    0xB5, 0xFD, 0x87, 0x92, 0x40, 0xD2, 0xD4, 0xB3, 0x66, 0x71, 0xEF, 0x8C, 0x4C, 0x52, 0x79, 0xD3,
    0xBC, 0x4C, 0xFC, 0xF2, 0x0C, 0xF5, 0x78, 0x4B, 0x52, 0x28, 0xBE, 0x83, 0x6F, 0x3D, 0x05, 0xCE,
    0x7C, 0xF3, 0xE3, 0xA7, 0x39, 0x4F, 0x60, 0x01, 0x2D, 0x03, 0x59, 0x6A, 0xC2, 0x4A, 0xA2, 0x65,
    0x02, 0xB8, 0x0A, 0x81, 0x24, 0x7D, 0xF6, 0xAE, 0xBB, 0x78, 0xB8, 0xD6, 0x34, 0x2C, 0x0D, 0xBD,
    0x28, 0xC9, 0xB4, 0x6C, 0x0F, 0xD5, 0x94, 0x0C, 0x34, 0x21, 0x06, 0x12, 0x22, 0x92, 0x59, 0x02,
    0x33, 0xC4, 0x52, 0x7E, 0xE9, 0xD7, 0x5C, 0xC6, 0x09, 0x79, 0x9E, 0xA8, 0x14, 0x63, 0x17, 0x76,
    0x0A, 0x67, 0x20, 0xF8, 0x1D, 0x7F, 0x4D, 0x03, 0xC4, 0x14, 0x24, 0x0C, 0x94, 0x24, 0x48, 0x98,
    0xB2, 0xED, 0x94, 0xBA, 0xB9, 0x6A, 0x93, 0xC2, 0xC3, 0xF2, 0x38, 0x15, 0xA5, 0xBC, 0x04, 0x00,
    0x45, 0x4E, 0x08, 0x60, 0x3E, 0x81, 0x57, 0xCA, 0x8A, 0x70, 0x23, 0x63, 0x78, 0x88, 0xD4, 0x9D,
    0xE2, 0x3F, 0x06, 0xE0, 0x57, 0x37, 0xF6, 0xB0, 0xA1, 0xEB, 0x2B, 0x92, 0xE5, 0x25, 0x54, 0x96,
    0x4C, 0xEA, 0xA4, 0xD0, 0xD2, 0x84, 0x8C, 0xFA, 0xE0, 0x4B, 0x7C, 0xCA, 0x0D, 0x7F, 0x1C, 0x8B,
    0x3F, 0x2E, 0x82, 0x4D, 0xF5, 0xE8, 0x27, 0x66, 0x88, 0x6F, 0xBD, 0x6B, 0xC7, 0x6D, 0xDC, 0x51,
    0x8A, 0xB4, 0xC9, 0x8C, 0x12, 0x3D, 0xD5, 0x0D, 0x21, 0xB9, 0xBE, 0x38, 0x62, 0x83, 0x48, 0xC6,
    0x6D, 0x08, 0xDD, 0x7C, 0x34, 0x54, 0xB3, 0x47, 0xDC, 0xC9, 0x25, 0x3D, 0xE1, 0x3C, 0x58, 0xF7,
    0x82, 0xDC, 0xB2, 0x18, 0xE9, 0x7E, 0x2A, 0x53, 0x95, 0x4D, 0x70, 0xD0, 0xAA, 0xE4, 0x55, 0x9D,
    0x56, 0xB9, 0x99, 0x5E, 0xB7, 0x5E, 0x9C, 0xE1, 0xAE, 0xC5, 0xAE, 0x78, 0x1A, 0xB6, 0xF5, 0x28,
    0x02, 0x17, 0x0A, 0x6A, 0x67, 0xDF, 0xF8, 0x2D, 0xF2, 0xED, 0x26, 0xEC, 0x4A, 0x6B, 0xA4, 0x91,
    0x5D, 0x27, 0x1B, 0x75, 0xE8, 0x5B, 0xED, 0x8A, 0x75, 0xDA, 0xC5, 0xAE, 0xDA, 0xF8, 0x07, 0xD0,
    0x05, 0x7E, 0xD9, 0x86, 0x9C, 0x7B, 0x3F, 0x4A, 0x43, 0xB3, 0x8C, 0x22, 0x9D, 0xA3, 0xCE, 0xA5,
    0x2C, 0xF7, 0xB8, 0xBD, 0x3C, 0xFD, 0x24, 0x93, 0xFB, 0x76, 0xFD, 0xBD, 0x0B, 0xBF, 0x3A, 0x0C,
    0xFE, 0xC8, 0x95, 0x2F, 0xCD, 0x54, 0x4B, 0xAA, 0x23, 0x31, 0x0C, 0x34, 0x78, 0x3B, 0xE0, 0xAB,
    0xE4, 0x00, 0x01, 0x5F, 0x5D, 0x90, 0xED, 0x40, 0xAE, 0x62, 0xE8, 0xAD, 0x40, 0x53, 0x55, 0x92,
    0x9D, 0xE4, 0xF1, 0x96, 0x8F, 0xE1, 0xF5, 0x47, 0xEA, 0xB6, 0x2D, 0xA9, 0x24, 0x95, 0xDD, 0x1A,
    0x2F, 0x93, 0x1C, 0x4B, 0x2A, 0xA4, 0x46, 0x68, 0x30, 0x9C, 0xB2, 0xE7, 0xCF, 0xF0, 0xF7, 0x75,
    0xF5, 0xD7, 0xA3, 0xA5, 0x99, 0xB5, 0x09, 0x35, 0x97, 0x54, 0x77, 0xA9, 0x56, 0x2A, 0x52, 0xCD,
    0xA3, 0x2C, 0x95, 0x33, 0x10, 0x1E, 0x5C, 0x0E, 0x4F, 0xB8, 0x16, 0x47, 0x12, 0xC2, 0x0B, 0xD9,
    0x0E, 0x59, 0xD8, 0x36, 0xB8, 0x42, 0xB7, 0xE1, 0x6D, 0x44, 0x6D, 0x7C, 0xB1, 0xEA, 0x35, 0xDE,
    0x42, 0x51, 0x9B, 0xC2, 0xCF, 0x5A, 0x50, 0x68, 0x37, 0xCE, 0x8D, 0xB0, 0xB4, 0x15, 0xD4, 0x55,
    0x58, 0xC3, 0x12, 0x6C, 0xAC, 0x44, 0x8B, 0x89, 0x03, 0x77, 0xA4, 0x03, 0x82, 0x53, 0x36, 0x26,
    0x9B, 0x1D, 0x8B, 0x9A, 0xF1, 0x04, 0x26, 0xDE, 0x07, 0xEA, 0x45, 0xAD, 0x38, 0x49, 0x6F, 0xF9,
    0xE6, 0xB2, 0xF4, 0xAB, 0x4F, 0xA5, 0xCD, 0x9C, 0x95, 0x30, 0x9D, 0xEF, 0x42, 0x9E, 0xAF, 0x75,
    0xCA, 0x10, 0x67, 0x50, 0xE5, 0x50, 0x2D, 0xB2, 0x10, 0x5E, 0x5D, 0x63, 0x02, 0x10, 0xCF, 0xB0,
    0x08, 0xFC, 0x63, 0xF8, 0x4F, 0x7B, 0x05, 0x3C, 0xD1, 0xA3, 0x2A, 0x6F, 0x32, 0x93, 0x9F, 0xB9,
    0x94, 0xF2, 0x78, 0xFE, 0x0A, 0x92, 0x8C, 0xF6, 0x8E, 0x77, 0x03, 0x2E, 0xC4, 0x1B, 0xF2, 0xC6,
    0x7C, 0x40, 0xFF, 0x32, 0xF2, 0xAC, 0x44, 0x80, 0x21, 0x00, 0x26, 0xD8, 0xC6, 0xC6, 0xF8, 0x8F,
    0x12, 0xE9, 0x90, 0x83, 0x34, 0x61, 0x18, 0xC5, 0x51, 0xA0, 0xE6, 0xFF, 0x81, 0x57, 0x9F, 0x36,
    0x29, 0x26, 0xAD, 0x19, 0xE8, 0x1B, 0xA1, 0x09, 0x2C, 0x31, 0x58, 0x00, 0x41, 0x96, 0x8F, 0x0C,
    0x60, 0x35, 0xAA, 0x6D, 0xD9, 0xA3, 0xF5, 0x21, 0xE7, 0xA6, 0x56, 0x11, 0x2C, 0x96, 0xA4, 0xBF,
    0x64, 0xCE, 0xAE, 0x26, 0xD7, 0x6A, 0x90, 0x5A, 0x01, 0x9F, 0xEC, 0x0C, 0x13, 0x54, 0x5B, 0x6E,
    0x4A, 0x8A, 0x21, 0xAD, 0xC7, 0x1A, 0x0F, 0xF8, 0xF1, 0x8F, 0x07, 0xDE, 0xD8, 0x4C, 0x23, 0xB1,
    0x07, 0x4C, 0x68, 0x36, 0x1F, 0x80, 0x0A, 0xBB, 0xBC, 0x43, 0x0C, 0xC6, 0x1B, 0xF7, 0x64, 0xE6,
    0xAD, 0xDB, 0x58, 0x5D, 0xF7, 0x5E, 0x14, 0xA0, 0x66, 0x18, 0x62, 0xDB, 0x40, 0x81, 0x86, 0x75,
    0xDC, 0x99, 0x0E, 0xDC, 0x61, 0x6E, 0x6A, 0x45, 0xC7, 0x9A, 0x7E, 0x81, 0x1F, 0x57, 0x4E, 0x34,
    0x35, 0xAB, 0xDE, 0xB1, 0x0F, 0xCB, 0x2C, 0x6B, 0x6C, 0x62, 0x13, 0x14, 0x62, 0xB3, 0x60, 0x1C,
    0x9C, 0x22, 0x53, 0x27, 0x4A, 0xBA, 0x99, 0xCF, 0xCB, 0xB1, 0xE4, 0xE1, 0xF7, 0x09, 0x21, 0x4E,
    0x52, 0x18, 0x9C, 0xDC, 0x77, 0x6D, 0xD5, 0xFA, 0x24, 0x07, 0xC5, 0x22, 0x93, 0x25, 0x6C, 0x8B,
    0x29, 0xC1, 0x3A, 0x8A, 0xDC, 0xE7, 0x62, 0xEE, 0x37, 0xCC, 0xA2, 0xE7, 0x43, 0x22, 0xA6, 0xEA,
    0xBB, 0xF7, 0x1E, 0x69, 0x70, 0x2B, 0x46, 0xE9, 0x64, 0x5B, 0x8A, 0xC1, 0x15, 0xC3, 0xD0, 0x6C,
    0x43, 0xC9, 0x2D, 0x1C, 0x31, 0x7C, 0x5C, 0x0E, 0x2A, 0xAD, 0x59, 0x00, 0x3D, 0x2E, 0x7A, 0xD8,
    0x1B, 0x3F, 0x39, 0x2D, 0x37, 0xF1, 0x85, 0x3A, 0x25, 0xE0, 0x07, 0xE2, 0xE1, 0x87, 0x9C, 0x41,
    0x72, 0xE2, 0xEB, 0x69, 0xE3, 0x6F, 0x63, 0x3F, 0x9A, 0x1A, 0xD2, 0x83, 0xE9, 0x86, 0x2A, 0x1B,
    0x87, 0x52, 0x1F, 0x07, 0x44, 0xA9, 0x59, 0xC7, 0xA2, 0x76, 0x42, 0xF7, 0xE4, 0x75, 0xAA, 0xB9,
    0xFA, 0xD9, 0x23, 0xB5, 0x89, 0x5E, 0x4A, 0xE4, 0x72, 0x9D, 0x03, 0xE1, 0x3A, 0x06, 0x94, 0x76,
    0x1D, 0x03, 0xE4, 0x63, 0xE4, 0xF1, 0xC0, 0x64, 0x43, 0x75, 0x69, 0x67, 0x77, 0xE5, 0xEF, 0xAC,
    0xF3, 0x4F, 0x7C, 0xAB, 0x6D, 0xF0, 0x0F, 0xB5, 0x55, 0xDB, 0x6D, 0xC3, 0x30, 0x0C, 0x24, 0xA0,
    0xDF, 0x00, 0x5A, 0x25, 0x03, 0x18, 0xE0, 0xEA, 0x04, 0x3A, 0x40, 0x57, 0xD1, 0x00, 0x04, 0x58,
    0xDE, 0x51, 0xB2, 0xDD, 0x26, 0x69, 0x9B, 0x3E, 0xF4, 0x74, 0x22, 0x89, 0x3A, 0x1E, 0x79, 0xB6,
    0xB8, 0xA0, 0xB4, 0x9A, 0xBA, 0x9D, 0xA7, 0x16, 0xF5, 0x2B, 0xEC, 0xB4, 0x45, 0x64, 0xEE, 0xF1,
    0xF3, 0xA4, 0xB5, 0x35, 0xD4, 0xB8, 0x93, 0x06, 0x7A, 0x4D, 0x3A, 0x1A, 0x77, 0xD4, 0x31, 0x95,
    0x77, 0x13, 0x8E, 0xA9, 0xF7, 0x40, 0xF1, 0xC6, 0x69, 0x48, 0xE3, 0x28, 0xBE, 0x2E, 0x2D, 0x6B,
    0xB6, 0x10, 0x35, 0xE0, 0x59, 0x68, 0xD2, 0x6C, 0x9E, 0x1E, 0x3C, 0xA2, 0x39, 0x08, 0xC1, 0x72,
    0x91, 0x03, 0x7F, 0x2A, 0xCC, 0x75, 0x5A, 0xCD, 0x3D, 0x26, 0xAB, 0x6C, 0xE5, 0xE5, 0x58, 0x5B,
    0xA4, 0x16, 0xE3, 0x70, 0xB7, 0x8D, 0x35, 0x2A, 0x2F, 0x4F, 0xDC, 0x30, 0x42, 0xE4, 0x4A, 0x28,
    0x4A, 0x10, 0x4A, 0x84, 0xF3, 0xD9, 0x60, 0x42, 0x73, 0x9B, 0xCF, 0x4B, 0x81, 0x6E, 0xBF, 0xE3,
    0xE4, 0x7F, 0x8E, 0x9D, 0xD6, 0x7A, 0x82, 0xC7, 0xE8, 0xB4, 0xC0, 0xB1, 0x8F, 0x69, 0xD3, 0x68,
    0x13, 0xA6, 0x68, 0xCD, 0x69, 0xCD, 0xB8, 0x9B, 0x2E, 0x38, 0x2E, 0x3B, 0xAA, 0x46, 0x9E, 0x1F,
    0xD7, 0x5C, 0xBA, 0x5C, 0x34, 0xCB, 0xB6, 0xC9, 0x75, 0x5E, 0xE8, 0x47, 0x87, 0x77, 0x64, 0x2B,
    0x4D, 0xC5, 0x6B, 0x98, 0xC9, 0xA5, 0x42, 0x9E, 0xB1, 0xEA, 0xAF, 0x56, 0xBD, 0x4B, 0xB9, 0x6D,
    0x99, 0x01, 0xC0, 0x69, 0x74, 0x3C, 0x17, 0x6C, 0xEB, 0x88, 0x96, 0xE3, 0xB0, 0x83, 0xC5, 0x0C,
    0x4E, 0x3A, 0x07, 0x57, 0xFB, 0xF2, 0xD0, 0x7F, 0xD8, 0xD2, 0x54, 0xFC, 0xD2, 0x54, 0xB0, 0x25,
    0x65, 0x0A, 0xCA, 0x92, 0x08, 0xB5, 0xB0, 0x21, 0x23, 0x43, 0x97, 0x75, 0x66, 0xF8, 0x77, 0x6A,
    0xFA, 0x9A, 0x4C, 0x67, 0xD0, 0x06, 0xC3, 0x8E, 0xB6, 0x30, 0x75, 0x7B, 0xB2, 0x0D, 0xB4, 0xE4,
    0xB2, 0x95, 0xA1, 0x54, 0x91, 0x23, 0x0A, 0xB5, 0xCA, 0xFF, 0x6D, 0x57, 0x58, 0x03, 0x6E, 0x43,
    0x52, 0x34, 0x36, 0xF1, 0x10, 0xD7, 0x17, 0xD7, 0x70, 0x44, 0x3D, 0x68, 0x4B, 0x71, 0x04, 0x21,
    0x2C, 0x54, 0x33, 0xA8, 0x90, 0x09, 0x3A, 0x44, 0xC2, 0xEE, 0x7B, 0xB6, 0x33, 0x81, 0x21, 0xE6,
    0x8E, 0x14, 0x6E, 0xE8, 0x49, 0x11, 0xF3, 0x07, 0x54, 0x51, 0x3F, 0x90, 0x22, 0x44, 0x42, 0xC0,
    0x88, 0x35, 0x6C, 0x20, 0x79, 0x01, 0x99, 0x39, 0xFC, 0xED, 0x2A, 0x53, 0x0C, 0x0E, 0xEB, 0x20,
    0xDE, 0x98, 0x85, 0xCF, 0x35, 0x2B, 0x81, 0x03, 0x36, 0xBD, 0x99, 0xD4, 0xAB, 0xCD, 0x50, 0xA7,
    0xCA, 0x40, 0x48, 0x49, 0x3A, 0x20, 0x87, 0x74, 0x32, 0x29, 0x6E, 0x4C, 0xC8, 0x06, 0xEC, 0xA4,
    0x09, 0xCE, 0xBF, 0x90, 0xA2, 0x7F, 0x50, 0x74, 0x1C, 0x2F, 0xCB, 0x66, 0xA7, 0x31, 0xEC, 0x18,
    0x4F, 0x61, 0xF8, 0x2B, 0xED, 0xF7, 0x9D, 0xDC, 0x3C, 0x35, 0xEF, 0xED, 0xA3, 0xB1, 0x8A, 0x57,
    0x65, 0xC6, 0xDB, 0x4A, 0xBF, 0x22, 0x35, 0x5F, 0xD9, 0xD0, 0xC6, 0xF8, 0x28, 0xAF, 0xC6, 0x16,
    0x90, 0x75, 0x04, 0xF2, 0xE4, 0xEA, 0x77, 0x8B, 0x7C, 0x5E, 0x03, 0x54, 0x65, 0xAA, 0x26, 0xE6,
    0x7A, 0xA7, 0xC8, 0xBC, 0xC9, 0xF5, 0xCE, 0xA4, 0xF7, 0x27, 0xAB, 0x2D, 0x60, 0x2D, 0xE6, 0xE7,
    0x61, 0xD4, 0xE7, 0xA1, 0x5E, 0xE4, 0x72, 0x5B, 0x36, 0x59, 0x49, 0x70, 0x9A, 0xB6, 0xE3, 0x5B,
    0xF3, 0xF8, 0xA1, 0xEF, 0x31, 0xB1, 0x7A, 0x40, 0xCC, 0xB4, 0x3E, 0x1C, 0x06, 0xAE, 0xA0, 0x0E,
    0xE8, 0xB1, 0x88, 0x29, 0x20, 0x03, 0x42, 0xA6, 0x5A, 0x2A, 0x2B, 0x6F, 0xCB, 0xF5, 0x44, 0xF0,
    0xDD, 0x87, 0xC7, 0xE1, 0x02, 0x26, 0xA4, 0x5D, 0xFF, 0x22, 0x40, 0xC5, 0x6E, 0xFD, 0x9F, 0x0F,
    0x6F, 0xCD, 0x55, 0x5B, 0x8A, 0xC3, 0x30, 0x0C, 0x14, 0xF8, 0xB7, 0xE0, 0xAB, 0xF4, 0x00, 0x06,
    0x5F, 0x5D, 0xD0, 0x03, 0xF4, 0x2A, 0x86, 0xFE, 0x1A, 0xB4, 0x1A, 0x8D, 0x9C, 0x26, 0xBB, 0x85,
    0xC2, 0x52, 0xDA, 0x3A, 0xB1, 0xA3, 0xF8, 0xA1, 0x19, 0x69, 0x62, 0xA7, 0x5C, 0xB4, 0xDA, 0xF0,
    0xBB, 0x5C, 0x54, 0x58, 0xCE, 0x22, 0x53, 0xC4, 0xA4, 0x98, 0x16, 0x1F, 0xBA, 0x8C, 0x2E, 0xF3,
    0x70, 0x9B, 0xDF, 0xC3, 0x47, 0x65, 0x0C, 0x9F, 0x34, 0xA3, 0xC2, 0x3E, 0x96, 0xC9, 0x5A, 0xE1,
    0x6B, 0x4A, 0x45, 0x1D, 0x53, 0x7C, 0xFD, 0xBD, 0xAA, 0x57, 0x33, 0x1F, 0x33, 0x9F, 0x03, 0x27,
    0xDD, 0x8D, 0x6A, 0x5C, 0x9F, 0x84, 0xCA, 0x6D, 0xEC, 0x1F, 0xDE, 0x99, 0x40, 0x4E, 0xE5, 0xEF,
    0xA3, 0x3F, 0x7E, 0x28, 0xA7, 0x80, 0x92, 0x4D, 0x87, 0xF3, 0xE2, 0x01, 0xA0, 0x00, 0xCF, 0x6C,
    0x87, 0xB7, 0x41, 0xED, 0x8D, 0x2D, 0x37, 0x2C, 0xFD, 0x99, 0x51, 0x97, 0xE1, 0xC8, 0x61, 0x20,
    0x5B, 0xC1, 0xA2, 0xC3, 0x88, 0x48, 0xCD, 0x94, 0x4C, 0x6A, 0x72, 0xF1, 0x76, 0x80, 0x8D, 0x83,
    0x16, 0x69, 0x6D, 0x7A, 0x69, 0x2D, 0x16, 0x6B, 0x1D, 0x25, 0x2E, 0x4F, 0x5A, 0x5C, 0x36, 0xFC,
    0x52, 0x0D, 0x62, 0xF5, 0xCA, 0x7A, 0x20, 0x79, 0x4E, 0x2A, 0xF3, 0x5E, 0x0B, 0x84, 0xF0, 0x50,
    0x01, 0x6C, 0x57, 0xAC, 0x3E, 0x61, 0x66, 0xE3, 0x02, 0xDB, 0xD3, 0x2F, 0xD7, 0xF7, 0xA6, 0x7E,
    0x91, 0x78, 0x90, 0xD0, 0xA4, 0xF2, 0x25, 0xAA, 0x40, 0x89, 0xAA, 0xDD, 0x95, 0xB1, 0xA7, 0xDA,
    0x44, 0x50, 0x96, 0xB9, 0xB7, 0xD4, 0xC9, 0xFE, 0xA9, 0xD3, 0x22, 0x19, 0xFB, 0x85, 0x34, 0xB3,
    0x03, 0x56, 0x8D, 0x37, 0x30, 0x04, 0x1E, 0x1C, 0xF8, 0x5E, 0x63, 0x9C, 0x19, 0xB2, 0x81, 0x0D,
    0x76, 0xDD, 0x6A, 0x1A, 0xF1, 0xA8, 0xBB, 0xC9, 0x9A, 0xEC, 0x9B, 0xAF, 0x2B, 0xE2, 0x1E, 0x81,
    0x2F, 0x08, 0x3E, 0xC0, 0x09, 0x46, 0xF8, 0x85, 0x9F, 0x7D, 0x61, 0x57, 0x0B, 0xC0, 0x5B, 0x90,
    0x28, 0x0C, 0x63, 0x06, 0x0D, 0xB3, 0xC8, 0xB7, 0x69, 0xC7, 0x2C, 0x05, 0x93, 0x13, 0x59, 0x6C,
    0x6D, 0xCB, 0xE8, 0xD7, 0x67, 0x68, 0xB2, 0x11, 0x22, 0x23, 0x21, 0x25, 0x72, 0x22, 0xA9, 0x88,
    0xB2, 0xC3, 0xC2, 0xD1, 0x02, 0x85, 0xC8, 0x48, 0xF2, 0x04, 0xE1, 0x51, 0xA2, 0x3C, 0x57, 0x62,
    0x10, 0x86, 0xEC, 0x72, 0x5F, 0x74, 0xE5, 0x29, 0x1A, 0xBC, 0x86, 0x53, 0x7A, 0xA5, 0xDB, 0xE5,
    0x97, 0x8E, 0xF3, 0x6C, 0x4A, 0x90, 0xF0, 0xEB, 0x1F, 0x02, 0xBC, 0x7B, 0x57, 0x1C, 0x72, 0xE1,
    0xFF, 0xB4, 0x21, 0xF0, 0xB3, 0xD3, 0x7B, 0x1B, 0x98, 0x2F, 0x50, 0x73, 0x25, 0xEC, 0x57, 0xF3,
    0x01, 0x35, 0x25, 0xD4, 0xDC, 0x18, 0x1C, 0xDA, 0xF7, 0xA8, 0xF9, 0x3A, 0xD1, 0xC6, 0xF2, 0x46,
    0x97, 0xC7, 0x3F, 0xDA, 0x27, 0x45, 0xFB, 0x01, 0xD5, 0x54, 0x41, 0x6E, 0xC4, 0x20, 0x0C, 0xB4,
    0xC4, 0xB5, 0x12, 0x5F, 0xD9, 0x07, 0x20, 0xF9, 0xEB, 0x7E, 0x12, 0xD2, 0x5E, 0x91, 0xE8, 0x8C,
    0x4D, 0x20, 0x24, 0xDB, 0x4A, 0xAB, 0xF6, 0xB2, 0x24, 0x71, 0x26, 0x09, 0xF6, 0x8C, 0x1D, 0x83,
    0x48, 0x15, 0x8C, 0xD4, 0x96, 0x8D, 0x37, 0xE7, 0x61, 0x34, 0xDA, 0xCD, 0x6D, 0x0F, 0x3B, 0x9E,
    0x68, 0x1D, 0xE7, 0x4E, 0x37, 0x7D, 0xC2, 0xA6, 0xCE, 0x40, 0xB8, 0x60, 0x73, 0xC5, 0x67, 0x51,
    0xE3, 0x54, 0xE5, 0x2C, 0xA3, 0xFF, 0x97, 0x04, 0xD3, 0xDD, 0xF6, 0x93, 0x55, 0xE7, 0xCD, 0xEE,
    0x9E, 0xC0, 0x58, 0x49, 0x45, 0xAE, 0xE4, 0x5C, 0xF5, 0x50, 0x1C, 0xB2, 0x77, 0xD5, 0xFE, 0x4E,
    0x39, 0x2F, 0x77, 0xCA, 0x38, 0xF4, 0x46, 0xC0, 0x40, 0x10, 0x83, 0x80, 0x6D, 0x24, 0x40, 0x10,
    0x99, 0x86, 0x4D, 0x75, 0xD9, 0x7B, 0x49, 0x82, 0xD3, 0x09, 0x82, 0xE1, 0xA0, 0x08, 0x8E, 0x20,
    0x39, 0xF8, 0x9C, 0xA2, 0xE1, 0x86, 0x29, 0x78, 0x05, 0x80, 0xCF, 0xE6, 0x75, 0x90, 0xEC, 0x79,
    0x66, 0x63, 0xA5, 0x48, 0xD6, 0xFC, 0x84, 0x1F, 0xAA, 0xA5, 0x0F, 0x26, 0x8C, 0xD1, 0x48, 0x54,
    0x7D, 0xB2, 0x57, 0x25, 0x9B, 0x57, 0xD6, 0x1D, 0x5C, 0x49, 0x1B, 0x45, 0x53, 0xBF, 0xE0, 0x66,
    0xF4, 0xA2, 0xAB, 0xF6, 0x67, 0x97, 0x51, 0xAE, 0x88, 0x3D, 0x73, 0x79, 0x8B, 0xFA, 0x31, 0x58,
    0xDA, 0xA5, 0x1A, 0x7F, 0x91, 0x74, 0x11, 0x70, 0x39, 0xF1, 0x1E, 0x5F, 0xBB, 0x64, 0xD4, 0x0D,
    0x5D, 0x64, 0x52, 0x7E, 0xA2, 0x1B, 0x94, 0xA9, 0x9B, 0xB7, 0x06, 0xAF, 0x6C, 0xEE, 0x4D, 0x05,
    0x99, 0x49, 0xB1, 0x77, 0xF0, 0xC8, 0x10, 0x34, 0xDD, 0xCF, 0xB2, 0xE7, 0xF1, 0xAE, 0x96, 0x72,
    0x2A, 0x49, 0xB9, 0xF4, 0xC7, 0x7F, 0xE8, 0x1C, 0x9D, 0x66, 0x47, 0xC8, 0x3B, 0xA8, 0xD1, 0xA1,
    0x2D, 0x5D, 0x40, 0x02, 0x50, 0x92, 0x01, 0x6E, 0xC0, 0x7F, 0xEA, 0x04, 0x16, 0x00, 0x2D, 0xA9,
    0x91, 0x86, 0x11, 0x44, 0xCB, 0xAB, 0x45, 0x78, 0xD1, 0x3A, 0x17, 0xE2, 0xE8, 0xF0, 0xE4, 0x8B,
    0x66, 0xED, 0x09, 0x2F, 0x46, 0xAA, 0x3B, 0x9A, 0xDA, 0x36, 0x44, 0x59, 0x32, 0xE5, 0x4D, 0xD4,
    0xE4, 0x10, 0xB8, 0xA4, 0xA2, 0x0F, 0x87, 0xD6, 0xDC, 0xA6, 0xD8, 0xA5, 0x76, 0xC9, 0x5D, 0x7A,
    0x97, 0x60, 0xDF, 0x3D, 0xE4, 0x85, 0xE4, 0x7C, 0xDE, 0x67, 0x68, 0x0D, 0x16, 0xFB, 0x56, 0x76,
    0x91, 0xAF, 0x0E, 0xD7, 0x62, 0xC3, 0x2A, 0x4B, 0x67, 0x7E, 0xC8, 0xF5, 0x87, 0x19, 0x6F, 0x2D,
    0x72, 0x8D, 0xF4, 0x22, 0xC0, 0x76, 0x6B, 0x63, 0x91, 0xD5, 0xB1, 0xD6, 0x3C, 0x62, 0xAE, 0x76,
    0x0A, 0x9A, 0xB6, 0x9F, 0xBD, 0x01, 0x1D, 0x7F, 0x41, 0x66, 0x72, 0x13, 0x94, 0xF2, 0x79, 0xFD,
    0x33, 0x85, 0xAE, 0x0C, 0x4F, 0x68, 0x26, 0xBB, 0x92, 0x3C, 0xA1, 0x52, 0xE4, 0xD7, 0xF1, 0x01,
    0xFD, 0xF8, 0x0D, 0xDD, 0x95, 0x4B, 0x8E, 0xC3, 0x30, 0x08, 0x86, 0x91, 0x7C, 0x00, 0x8E, 0xC4,
    0xD5, 0x91, 0xE6, 0x00, 0xB9, 0x8A, 0xA5, 0x6E, 0x91, 0x18, 0x5E, 0x76, 0x48, 0x94, 0x8E, 0x34,
    0x8B, 0x2E, 0x66, 0x1C, 0x09, 0x68, 0xDD, 0xFE, 0x7C, 0x60, 0x92, 0x00, 0x8C, 0x09, 0xB6, 0xBA,
    0x45, 0x71, 0x4B, 0x74, 0x5A, 0x44, 0x88, 0x95, 0x8E, 0x38, 0x62, 0xB7, 0x6C, 0x56, 0x40, 0x70,
    0x82, 0x8C, 0xF9, 0x74, 0xA9, 0x2F, 0x2E, 0x4B, 0x76, 0x01, 0xC7, 0xB5, 0x72, 0xDD, 0x5C, 0xA6,
    0xAE, 0xAC, 0xCB, 0xAD, 0xEC, 0xB7, 0x35, 0x02, 0x83, 0xDD, 0x89, 0xA7, 0x87, 0x64, 0x80, 0x4C,
    0x7C, 0x71, 0x02, 0x41, 0xA0, 0x89, 0xA3, 0x12, 0x24, 0x38, 0x79, 0xC3, 0xF8, 0x52, 0xA9, 0x00,
    0x55, 0x2B, 0x22, 0xA3, 0x4E, 0x38, 0x65, 0xCA, 0xC8, 0xB4, 0x30, 0x23, 0x2B, 0x1A, 0xD9, 0x08,
    0x87, 0xD8, 0x56, 0x44, 0x20, 0xEA, 0xDD, 0xF1, 0xC8, 0x24, 0xAC, 0xD6, 0x8C, 0x2C, 0xE1, 0x8E,
    0x18, 0xE2, 0x1F, 0xA8, 0x86, 0x4B, 0xBB, 0x6C, 0x17, 0xA8, 0x68, 0x56, 0x7B, 0x9D, 0x42, 0x33,
    0x1A, 0xBA, 0xD1, 0x48, 0xF9, 0xD2, 0x83, 0xBD, 0xD1, 0xA0, 0x17, 0x75, 0xC3, 0x6E, 0xDC, 0x0B,
    0x1C, 0x4E, 0x72, 0x38, 0xD1, 0x61, 0xB3, 0x9F, 0xF0, 0xA6, 0xB6, 0xC2, 0x43, 0xF9, 0xC4, 0x6F,
    0xFC, 0xAD, 0x80, 0x56, 0x41, 0x2B, 0xA1, 0xD7, 0x70, 0x2B, 0x82, 0xA4, 0xF6, 0x37, 0xBA, 0x24,
    0xB6, 0x0C, 0x35, 0xB8, 0x21, 0x81, 0x6B, 0xD4, 0x1C, 0x9F, 0xC8, 0x93, 0x99, 0xAE, 0x89, 0x27,
    0x9D, 0xFD, 0xDA, 0xF3, 0xCC, 0x40, 0x94, 0xAE, 0xB9, 0x44, 0xAB, 0x21, 0x25, 0x5B, 0xBA, 0x50,
    0xC2, 0x50, 0xCA, 0x50, 0xD2, 0x90, 0xDA, 0x35, 0xB3, 0xEE, 0x5D, 0xFD, 0xE5, 0x02, 0x2E, 0x3F,
    0x76, 0xBF, 0xCF, 0x02, 0x1E, 0xA2, 0xE7, 0x89, 0x85, 0x3F, 0x3C, 0x69, 0xAD, 0x22, 0x7A, 0x0C,
    0x7F, 0x2E, 0xF9, 0x7F, 0xCC, 0x2A, 0x42, 0x7B, 0x00, 0xEE, 0xF6, 0x3D, 0x15, 0xFB, 0x89, 0xA9,
    0x5E, 0x89, 0x16, 0xF2, 0x46, 0x7F, 0xD3, 0xF0, 0x8F, 0xDE, 0x05, 0xD4, 0xCE, 0xFF, 0x62, 0xF9,
    0xD9, 0xE2, 0xC5, 0xDA, 0xC4, 0x02, 0x7E, 0x39, 0x10, 0x1E, 0x61, 0x35, 0x4E, 0x5A, 0xFD, 0x90,
    0xEC, 0x1D, 0xE0, 0xD6, 0x1F, 0xDD, 0x90, 0xF3, 0xEE, 0x28, 0x49, 0x12, 0xCD, 0x99, 0xAB, 0x27,
    0x74, 0x19, 0xC2, 0x9B, 0xE3, 0xF7, 0x0E, 0x6F, 0xCE, 0x69, 0x0A, 0xA7, 0x78, 0x0A, 0xA8, 0x88,
    0x0A, 0xA9, 0x98, 0xA0, 0x06, 0xB1, 0x37, 0x28, 0x5E, 0x2C, 0x2F, 0x23, 0x4B, 0xB0, 0x50, 0xFE,
    0xA5, 0x41, 0x3F, 0x0F, 0x13, 0x74, 0x8E, 0x89, 0x87, 0xF8, 0xE4, 0xDA, 0xB8, 0xD8, 0xD7, 0x66,
    0xA4, 0x0E, 0x6A, 0xEE, 0xD7, 0x29, 0x44, 0x23, 0x62, 0x3A, 0xBF, 0x01, 0xCD, 0x55, 0x5B, 0x6A,
    0x03, 0x31, 0x0C, 0x14, 0xE8, 0xB7, 0xE0, 0x0B, 0x05, 0x7C, 0x75, 0x43, 0x0E, 0x90, 0xAB, 0x18,
    0xF2, 0x6B, 0x50, 0x35, 0x23, 0xD9, 0xEB, 0xBC, 0x5A, 0x08, 0x2D, 0xAD, 0xB3, 0x19, 0xED, 0x6E,
    0xD6, 0xD2, 0x78, 0x46, 0xDE, 0x94, 0x26, 0x3E, 0xCA, 0x9B, 0x58, 0x0C, 0x68, 0xD6, 0xA4, 0x9C,
    0xCD, 0xBA, 0x94, 0xCB, 0xD0, 0x21, 0xC5, 0xAF, 0x81, 0x02, 0x1C, 0x82, 0x3B, 0x1D, 0x87, 0x61,
    0xF4, 0x85, 0xDD, 0x3F, 0xC8, 0xD3, 0xA4, 0x22, 0xDB, 0x33, 0x6C, 0xFE, 0xA3, 0xA3, 0xF6, 0x03,
    0xA5, 0xDF, 0x93, 0xA8, 0x20, 0x71, 0x26, 0x89, 0x0B, 0xD1, 0x3A, 0xEA, 0x99, 0xF8, 0x04, 0x94,
    0x67, 0x6D, 0x47, 0x9F, 0xCB, 0x87, 0x9D, 0x1E, 0x39, 0x90, 0x8F, 0x67, 0x33, 0x1B, 0xAB, 0xE2,
    0x8B, 0xD0, 0x4A, 0x84, 0xDA, 0xF6, 0x50, 0x0E, 0x16, 0x47, 0x00, 0x9B, 0xA4, 0x93, 0x7C, 0x92,
    0x50, 0x32, 0x4A, 0x4A, 0xC9, 0x29, 0x48, 0x09, 0x59, 0x25, 0xAD, 0x50, 0xE8, 0x6A, 0x3D, 0x89,
    0x31, 0xF3, 0x03, 0x28, 0xE6, 0x61, 0x99, 0x01, 0xBC, 0x3C, 0x7E, 0xF5, 0x52, 0xB4, 0x85, 0xAE,
    0xD0, 0x14, 0x7A, 0x42, 0x4B, 0xE8, 0x08, 0x0D, 0x41, 0x9D, 0x36, 0x95, 0xF0, 0x72, 0xED, 0x4B,
    0xAF, 0xB5, 0x49, 0x54, 0x5B, 0x18, 0x77, 0x7E, 0xA3, 0x1F, 0x3C, 0xBD, 0x1A, 0x25, 0x0B, 0x89,
    0xD2, 0x89, 0x0D, 0x20, 0x7E, 0xBD, 0xD2, 0x6D, 0x07, 0x85, 0x52, 0x4A, 0xE5, 0xBB, 0xEC, 0x33,
    0x70, 0x4B, 0xC6, 0x2B, 0x30, 0x99, 0x0F, 0x3B, 0x39, 0x4F, 0x09, 0x3D, 0xC4, 0x22, 0x21, 0x1A,
    0xCF, 0x90, 0x74, 0xD6, 0xF0, 0xD5, 0x39, 0x74, 0xC0, 0x28, 0x78, 0x02, 0x05, 0xE8, 0x76, 0x45,
    0x32, 0xC8, 0xA8, 0x98, 0x5B, 0x7A, 0x35, 0x74, 0x88, 0x7E, 0xC3, 0x20, 0x8A, 0x0F, 0xA5, 0xF5,
    0x9C, 0x3B, 0xB6, 0x7C, 0x7E, 0x81, 0x45, 0x95, 0xEC, 0xF6, 0xF5, 0x85, 0x32, 0x43, 0x9A, 0x4E,
    0xC9, 0x68, 0x1E, 0xB7, 0x09, 0x28, 0xEC, 0x7C, 0x2B, 0xF8, 0xD6, 0x45, 0x5A, 0x47, 0xCD, 0x47,
    0x22, 0xFF, 0xDC, 0x00, 0xCD, 0xC0, 0xD7, 0xEF, 0x7E, 0x78, 0xF6, 0xA5, 0x47, 0x88, 0x22, 0x37,
    0xE3, 0x9F, 0xB8, 0xC2, 0xB5, 0x62, 0xEB, 0x04, 0x48, 0xBF, 0x25, 0xF9, 0x47, 0x9E, 0xE9, 0x66,
    0x92, 0xB6, 0x8D, 0xCF, 0x9B, 0x5E, 0x32, 0x07, 0x65, 0x23, 0xEC, 0x29, 0x7F, 0xC2, 0x69, 0x8C,
    0x53, 0xE6, 0xBA, 0x09, 0x27, 0x79, 0x32, 0x6A, 0x50, 0xB2, 0x1E, 0x81, 0x52, 0x94, 0x6B, 0x84,
    0xC6, 0x6A, 0xBE, 0xE9, 0x6B, 0xBC, 0x1A, 0xB7, 0xE0, 0xE4, 0xB6, 0xE0, 0x1C, 0x22, 0xCF, 0xA0,
    0xF6, 0x78, 0x25, 0x71, 0xE7, 0x6B, 0x04, 0x2A, 0x3A, 0xB2, 0xE0, 0xF4, 0x54, 0x1F, 0x4E, 0xEE,
    0xEC, 0x7E, 0x3A, 0x8A, 0xAD, 0x66, 0xC8, 0xFF, 0x16, 0xE4, 0xE7, 0x09, 0x5E, 0x7C, 0x71, 0xA2,
    0x2F, 0x4F, 0xAC, 0xF4, 0xEC, 0x55, 0x4C, 0xCF, 0x3E, 0x69, 0xC1, 0x76, 0xF1, 0x9D, 0x8C, 0x9D,
    0x1A, 0x05, 0xAD, 0xF3, 0x58, 0x8A, 0xE1, 0x49, 0xCF, 0xE9, 0x7D, 0x57, 0xF3, 0xE8, 0xD5, 0x67,
    0xF8, 0x74, 0x76, 0xCC, 0xF0, 0xD5, 0xD2, 0x74, 0x99, 0x5B, 0xAD, 0xB4, 0x50, 0xBA, 0xC8, 0xC3,
    0xBE, 0x53, 0xB6, 0x90, 0x77, 0x5D, 0xAF, 0xF8, 0x8B, 0x69, 0xF9, 0xE5, 0xB5, 0x86, 0xBD, 0x23,
    0x69, 0xD1, 0xE1, 0x4F, 0x95, 0x55, 0x51, 0xAE, 0xE3, 0x20, 0x0C, 0xB4, 0xC4, 0x6F, 0x25, 0x2E,
    0x14, 0x89, 0xAB, 0x5B, 0x7A, 0x07, 0xE8, 0x55, 0x90, 0xF6, 0xD7, 0x92, 0x77, 0xC6, 0x36, 0x34,
    0xC9, 0xEB, 0xDB, 0xEE, 0x4B, 0x61, 0xDC, 0x90, 0x60, 0x0F, 0x66, 0x70, 0x44, 0xE4, 0x38, 0x04,
    0x97, 0xFB, 0x0B, 0x73, 0xE4, 0x72, 0x29, 0xA1, 0x1B, 0x71, 0xD4, 0x9B, 0x1C, 0xB2, 0x5E, 0xD8,
    0xB5, 0xCD, 0x3E, 0x87, 0x36, 0x6B, 0x73, 0xF0, 0xE9, 0x0B, 0x87, 0xEB, 0xE0, 0xE4, 0x13, 0x0E,
    0x1D, 0x2A, 0xCD, 0xA5, 0xBB, 0xB8, 0x01, 0xF1, 0x22, 0xDF, 0xA6, 0xE3, 0x1E, 0x7E, 0x61, 0x7B,
    0x98, 0x31, 0xCE, 0xA6, 0x06, 0xAF, 0x57, 0x33, 0x79, 0xD1, 0x2A, 0x5E, 0x62, 0x23, 0x0D, 0xF8,
    0x75, 0x21, 0x35, 0x21, 0xC3, 0x36, 0x11, 0xBA, 0x31, 0x50, 0xB0, 0x0B, 0x62, 0x23, 0x8D, 0xE4,
    0x20, 0x5E, 0x93, 0x64, 0xC8, 0x26, 0xF0, 0x39, 0x26, 0x69, 0x06, 0x49, 0x04, 0xE2, 0x64, 0x8D,
    0x68, 0x11, 0x55, 0xB5, 0xFD, 0x99, 0x68, 0x82, 0x96, 0x17, 0x66, 0xF9, 0x6C, 0x8E, 0x34, 0x20,
    0xF6, 0xA8, 0x36, 0x07, 0xA6, 0x37, 0x46, 0x80, 0x27, 0x83, 0x23, 0x2C, 0x18, 0x77, 0x74, 0x34,
    0x31, 0xD1, 0x2C, 0xFB, 0x9C, 0xD7, 0x95, 0x21, 0x34, 0x3C, 0x31, 0xA6, 0xC0, 0x05, 0x73, 0xA7,
    0xD5, 0xE3, 0x9E, 0xE3, 0x1E, 0xCE, 0xF2, 0xD2, 0x3D, 0xEF, 0x93, 0x79, 0xA4, 0xC9, 0x15, 0x23,
    0x7F, 0x61, 0xE6, 0xD9, 0x08, 0x07, 0x99, 0x9D, 0xF8, 0x35, 0x0F, 0xD3, 0x73, 0x30, 0x52, 0x34,
    0xD2, 0xD9, 0x32, 0x9A, 0xEE, 0x8C, 0x89, 0x8A, 0x5C, 0x25, 0xEF, 0x20, 0xD5, 0x63, 0x7B, 0xCF,
    0x24, 0x3E, 0xD8, 0xA2, 0x57, 0xFC, 0x16, 0xC1, 0x4D, 0x6D, 0xD9, 0xE0, 0xB8, 0x48, 0x2E, 0x96,
    0x8B, 0xE6, 0xE2, 0xB9, 0x18, 0x96, 0xD5, 0xA2, 0xAA, 0xC5, 0xB5, 0xC8, 0x82, 0x67, 0xB2, 0xC5,
    0x83, 0x4D, 0xB7, 0x07, 0x85, 0x50, 0x64, 0xAC, 0x26, 0xE7, 0x70, 0x7E, 0x29, 0x04, 0xBB, 0x50,
    0xF2, 0xF3, 0xF3, 0x40, 0x75, 0xB1, 0x78, 0x48, 0x6F, 0xD9, 0xF3, 0xB5, 0xF4, 0x2B, 0x5B, 0xEB,
    0xA9, 0x2A, 0x3A, 0xB5, 0x72, 0xB2, 0xA9, 0x86, 0x02, 0xD6, 0xB1, 0xF3, 0x3D, 0x18, 0x67, 0x8E,
    0x91, 0x4A, 0xFA, 0x84, 0xE6, 0x21, 0x68, 0x0A, 0xE2, 0x89, 0x55, 0x40, 0x6C, 0x1C, 0x7E, 0x54,
    0xBA, 0xFE, 0x0F, 0xEC, 0x02, 0xF2, 0x16, 0xC6, 0x37, 0x68, 0x01, 0xF3, 0x04, 0x4A, 0xA5, 0x62,
    0xC1, 0xCA, 0xD4, 0x52, 0x05, 0x16, 0x45, 0x60, 0x73, 0xF9, 0x0D, 0xDA, 0x7B, 0x94, 0x77, 0x38,
    0x6E, 0x18, 0xD5, 0x07, 0xF9, 0xDD, 0x98, 0xC2, 0x89, 0x22, 0xC0, 0xFC, 0x05, 0xC7, 0xD8, 0x7F,
    0x29, 0x96, 0x49, 0x93, 0x75, 0xE2, 0xD3, 0x0F, 0xE7, 0x57, 0x79, 0x80, 0xE1, 0xEC, 0xD7, 0x2D,
    0x34, 0xC1, 0xD6, 0xA7, 0xD2, 0x85, 0xC4, 0xDE, 0xB7, 0xCC, 0x55, 0x9D, 0x72, 0xEE, 0x71, 0x76,
    0x8C, 0x31, 0x91, 0xBA, 0xEB, 0x54, 0xAD, 0x78, 0x75, 0x2F, 0xC1, 0xDC, 0x3B, 0x67, 0x3F, 0x76,
    0x7E, 0x58, 0xC2, 0xA2, 0x36, 0x36, 0x7F, 0x62, 0xCD, 0xC6, 0x82, 0x18, 0xE5, 0xD0, 0x08, 0x1E,
    0x9C, 0xBE, 0x5C, 0x0D, 0x51, 0x50, 0xB8, 0x08, 0x74, 0x7C, 0xDB, 0x7D, 0xDF, 0x47, 0xF4, 0x0E,
    0x2F, 0x59, 0xCA, 0xDA, 0x3C, 0x46, 0x64, 0x3A, 0x1D, 0x0F, 0xAD, 0xEF, 0xC4, 0xF1, 0x9F, 0xC7,
    0xFA, 0x11, 0xAD, 0xFB, 0xA9, 0x84, 0xC7, 0x4D, 0x6C, 0x80, 0xD3, 0x15, 0x29, 0x46, 0xC5, 0x06,
    0xE0, 0x1B, 0x61, 0x45, 0x71, 0x3A, 0x28, 0x1A, 0x66, 0x3E, 0xAD, 0x08, 0x1D, 0x57, 0x92, 0xF7,
    0x6F, 0xD7, 0xE9, 0xB4, 0x24, 0x2C, 0xCD, 0xFE, 0x4B, 0xCC, 0xD4, 0xC7, 0x7B, 0x09, 0x1F, 0xDF,
    0x84, 0x77, 0xC8, 0x0F, 0xD7, 0x4D, 0xCE, 0x63, 0x55, 0xB2, 0xF6, 0x83, 0x3C, 0x53, 0xB6, 0x67,
    0x79, 0xC6, 0xB7, 0x27, 0x77, 0xCD, 0x33, 0x3B, 0xAC, 0x2D, 0x21, 0x8F, 0x96, 0xE7, 0x49, 0x57,
    0x66, 0x31, 0x39, 0x7E, 0x1E, 0xD2, 0x54, 0xF9, 0x0B, 0xC5, 0x55, 0x4B, 0xAA, 0x23, 0x31, 0x0C,
    0x14, 0x68, 0x1B, 0xF0, 0x55, 0xDE, 0x01, 0x02, 0xBE, 0xBA, 0xA0, 0xB7, 0x0F, 0x72, 0x15, 0x43,
    0xB6, 0x06, 0x4D, 0x55, 0xC9, 0x76, 0x4F, 0x86, 0x59, 0xCE, 0xC7, 0x6D, 0x15, 0x9D, 0xB6, 0xAD,
    0x4F, 0x49, 0x56, 0x2C, 0xCC, 0x07, 0xA7, 0x61, 0x9E, 0x31, 0xD7, 0x74, 0xCD, 0xCC, 0x99, 0x18,
    0x2D, 0xC3, 0xBE, 0xF0, 0x70, 0x29, 0xCD, 0x33, 0x3C, 0x47, 0xBB, 0x46, 0xB7, 0xF9, 0x31, 0x13,
    0x73, 0x60, 0xF5, 0x68, 0xA2, 0x34, 0x9E, 0x99, 0xD6, 0x28, 0x63, 0x1A, 0xF6, 0xDD, 0x12, 0x90,
    0x4C, 0xAC, 0xA5, 0xD1, 0x94, 0xE1, 0x17, 0x0E, 0xA4, 0x8E, 0xC3, 0x9A, 0xF1, 0x8D, 0xEA, 0x12,
    0x7E, 0x62, 0xD9, 0xB9, 0x37, 0x32, 0x20, 0x03, 0x32, 0x5B, 0xCC, 0xD9, 0xDE, 0x33, 0xE1, 0x0D,
    0xD4, 0x0C, 0x7A, 0x3A, 0xF3, 0x4D, 0x3D, 0x6D, 0x45, 0x43, 0xE3, 0x52, 0x6A, 0x34, 0x41, 0x2F,
    0x11, 0x15, 0x61, 0x6C, 0x80, 0x1E, 0xC0, 0x45, 0x27, 0x31, 0x04, 0xA1, 0xB7, 0x57, 0xB4, 0x6F,
    0x78, 0x2C, 0x8A, 0x08, 0xD9, 0x07, 0xF7, 0xC4, 0xD2, 0x47, 0xDE, 0x9C, 0xAE, 0x47, 0x83, 0x75,
    0xD7, 0xB4, 0x99, 0x30, 0x71, 0x91, 0x08, 0x86, 0x0B, 0xAF, 0xDB, 0x40, 0x90, 0x4E, 0x8D, 0xFC,
    0x95, 0x3A, 0xC2, 0x33, 0x10, 0xAC, 0x38, 0xA5, 0xA8, 0x48, 0x13, 0x15, 0x8C, 0x03, 0x67, 0xB9,
    0xC8, 0x4D, 0xB0, 0xD1, 0x83, 0x7C, 0xCB, 0xFD, 0x1C, 0xC5, 0x08, 0xC7, 0x93, 0xE0, 0xFC, 0x82,
    0x9D, 0xC3, 0x96, 0x67, 0xB5, 0xEC, 0xD3, 0x96, 0x83, 0x85, 0x5D, 0x56, 0xBB, 0x14, 0x74, 0xB9,
    0xCF, 0xE0, 0x33, 0x3A, 0x0F, 0x0B, 0xDB, 0x7E, 0x27, 0xD7, 0x86, 0x40, 0x3B, 0x13, 0x96, 0xA2,
    0x5D, 0xC4, 0x95, 0x0D, 0x8D, 0xBE, 0xB1, 0x49, 0x1B, 0xA3, 0x27, 0x4E, 0x69, 0x10, 0xB6, 0xB1,
    0x74, 0x86, 0x74, 0x52, 0x95, 0xB4, 0x29, 0x81, 0x74, 0x93, 0xE4, 0xFC, 0xE7, 0x28, 0xF6, 0x08,
    0xDA, 0xF3, 0xF7, 0xF8, 0x05, 0xFF, 0x78, 0xA4, 0x67, 0xB8, 0xAB, 0x2E, 0x5F, 0x71, 0xD0, 0xAF,
    0x10, 0x15, 0x2C, 0x82, 0x7E, 0x3F, 0x3D, 0x61, 0x63, 0xF0, 0x16, 0x3C, 0x1E, 0x1D, 0xE3, 0xF9,
    0xD4, 0x95, 0xE8, 0xF7, 0xCD, 0xA2, 0x78, 0x15, 0xAE, 0xA9, 0x6C, 0x5F, 0x89, 0x70, 0x1E, 0xC7,
    0x0C, 0xD5, 0x4B, 0x9A, 0x42, 0x60, 0xFC, 0xB8, 0x32, 0x02, 0xF8, 0xDC, 0xE4, 0x41, 0xC0, 0x30,
    0x20, 0x05, 0xFC, 0xD6, 0xB8, 0xEA, 0xC9, 0xD5, 0x15, 0x81, 0x55, 0xD5, 0x56, 0x5A, 0x74, 0xBB,
    0x95, 0xB1, 0x46, 0xA2, 0xFA, 0x45, 0x72, 0x91, 0x1E, 0xD5, 0xEC, 0x86, 0xD2, 0x4D, 0xBA, 0x99,
    0xAE, 0x2C, 0x92, 0x6E, 0x3A, 0x0B, 0x5D, 0xA4, 0xAA, 0xFC, 0x95, 0xAE, 0x3B, 0x8D, 0xDA, 0xAF,
    0x6B, 0x8A, 0x05, 0x61, 0x17, 0x56, 0x63, 0x28, 0xF4, 0x85, 0x0A, 0x22, 0xE9, 0x31, 0xA2, 0x27,
    0x36, 0x36, 0xA7, 0xC9, 0x05, 0x10, 0xE1, 0x26, 0x4F, 0x7A, 0xEC, 0x5A, 0x13, 0x20, 0x4F, 0x73,
    0x41, 0x88, 0x47, 0xB6, 0x3B, 0xBE, 0x81, 0xA4, 0xC9, 0x96, 0x41, 0x4E, 0x83, 0xDD, 0x68, 0xCC,
    0x9D, 0xC2, 0xAA, 0xD1, 0x61, 0x9B, 0xC9, 0xBB, 0xAF, 0xEC, 0x96, 0xD2, 0x2B, 0xD8, 0x3C, 0x30,
    0xCB, 0xAE, 0x5C, 0x9C, 0xBB, 0x21, 0x62, 0x1B, 0x02, 0x4F, 0x41, 0x15, 0xF7, 0x86, 0x2E, 0x08,
    0x72, 0xA9, 0x7E, 0x33, 0xB9, 0x90, 0xBE, 0x48, 0x2E, 0xBA, 0xAB, 0x38, 0x73, 0x7C, 0x38, 0x24,
    0x5F, 0x68, 0x0D, 0xCD, 0x0F, 0xFD, 0x63, 0xB0, 0x0B, 0xB3, 0x16, 0x43, 0x3D, 0x94, 0x04, 0xDC,
    0xF2, 0x54, 0xBF, 0xAB, 0x1E, 0xCA, 0x4C, 0x2B, 0xD1, 0xA9, 0x7E, 0xB4, 0x38, 0xCD, 0x62, 0x95,
    0x29, 0xA6, 0x49, 0xD8, 0x66, 0x7E, 0x99, 0xD9, 0x25, 0xB1, 0x2B, 0x59, 0xDD, 0x69, 0x14, 0xA7,
    0xCF, 0xE5, 0x87, 0xE4, 0xDE, 0x11, 0xBF, 0x85, 0x79, 0x2A, 0xAE, 0xAB, 0xE2, 0x06, 0x2B, 0x6E,
    0xAA, 0xE2, 0x08, 0x9D, 0xB7, 0x42, 0x57, 0x63, 0x15, 0xDB, 0x61, 0x31, 0x47, 0xD5, 0x5E, 0xA2,
    0xC9, 0xA3, 0xA5, 0x5E, 0x6C, 0xF9, 0xE4, 0x92, 0xF7, 0xB8, 0x2C, 0x9E, 0x62, 0xF5, 0x38, 0x70,
    0x94, 0xF8, 0x4F, 0x77, 0xF1, 0x6F, 0xD0, 0xF2, 0x2F, 0xC3, 0xC5, 0xCB, 0xC7, 0xD3, 0x3F, 0x9E,
    0xDD, 0xBF, 0x70, 0x8C, 0x7F, 0x6F, 0xF6, 0x03, 0x75, 0x4D, 0x41, 0x0A, 0xC0, 0x30, 0x08, 0x0B,
    0x78, 0x1D, 0xF8, 0xA1, 0x81, 0x5F, 0xF7, 0x49, 0x3E, 0x40, 0xE8, 0x12, 0x77, 0xE8, 0x18, 0x9B,
    0x21, 0xD0, 0xC4, 0xD4, 0x20, 0xB0, 0xAC, 0xAD, 0xBC, 0x3C, 0x03, 0x14, 0xE8, 0x0F, 0x2C, 0x6E,
    0x22, 0x3D, 0xBD, 0xAC, 0x4C, 0xF2, 0x3C, 0xE5, 0xD1, 0xA1, 0xAE, 0x89, 0xC4, 0x0F, 0xB8, 0x53,
    0x86, 0xD7, 0x93, 0xDF, 0xC0, 0x9E, 0x16, 0x6C, 0x7C, 0xAF, 0x60, 0x2B, 0xD4, 0x9B, 0x82, 0xDE,
    0xEF, 0x51, 0xD3, 0x6C, 0x25, 0x3C, 0x61, 0xAB, 0xE1, 0x8B, 0xD9, 0x52, 0xDE, 0xEB, 0x20, 0xB1,
    0x99, 0xBC, 0xA6, 0x10, 0xC0, 0x8A, 0xB1, 0x42, 0x16, 0x6E, 0x3E, 0x67, 0xBC, 0xDC, 0xE4, 0x5C,
};

static const EpdGlyph geist_14_regularGlyphs[] = {
    { 0, 0, 0, 0, 0, 0, 0 }, // U+0000
    { 0, 0, 121, 0, 0, 0, 0 }, // U+000D
    { 0, 0, 117, 0, 0, 0, 0 }, // U+0020
    { 4, 21, 99, 1, 21, 21, 0 }, // !
    { 8, 8, 161, 1, 21, 16, 21 }, // "
    { 15, 21, 223, -1, 21, 79, 37 }, // #
    { 16, 27, 294, 1, 24, 108, 116 }, // $
    { 21, 21, 374, 1, 21, 111, 224 }, // %
    { 17, 21, 289, 1, 21, 90, 335 }, // &
    { 3, 8, 83, 1, 21, 6, 425 }, // '
    { 7, 26, 128, 1, 23, 46, 431 }, // (
    { 7, 26, 128, 0, 23, 46, 477 }, // )
    { 11, 12, 201, 1, 22, 33, 523 }, // *
    { 15, 14, 260, 1, 16, 53, 556 }, // +
    { 4, 7, 94, 1, 3, 7, 609 }, // ,
    { 10, 3, 196, 1, 10, 8, 616 }, // -
    { 4, 3, 94, 1, 3, 3, 624 }, // .
    { 12, 26, 224, 1, 23, 78, 627 }, // /
    { 17, 21, 309, 1, 21, 90, 705 }, // 0
    { 7, 21, 179, 1, 21, 37, 795 }, // 1
    { 16, 21, 289, 1, 21, 84, 832 }, // 2
    { 16, 21, 286, 1, 21, 84, 916 }, // 3
    { 17, 21, 287, 0, 21, 90, 1000 }, // 4
    { 16, 21, 292, 1, 21, 84, 1090 }, // 5
    { 16, 21, 277, 1, 21, 84, 1174 }, // 6
    { 16, 21, 245, 0, 21, 84, 1258 }, // 7
    { 16, 21, 282, 1, 21, 84, 1342 }, // 8
    { 15, 21, 277, 1, 21, 79, 1426 }, // 9
    { 4, 14, 139, 2, 14, 14, 1505 }, // :
    { 4, 18, 139, 2, 14, 18, 1519 }, // ;
    { 14, 16, 254, 1, 16, 56, 1537 }, // <
    { 14, 9, 252, 1, 14, 32, 1593 }, // =
    { 14, 16, 254, 1, 16, 56, 1625 }, // >
    { 14, 21, 261, 1, 21, 74, 1681 }, // ?
    { 24, 25, 423, 1, 21, 150, 1755 }, // @
    { 19, 21, 312, 0, 21, 100, 0 }, // A
    { 16, 21, 317, 2, 21, 84, 100 }, // B
    { 19, 21, 328, 1, 21, 100, 184 }, // C
    { 17, 21, 324, 2, 21, 90, 284 }, // D
    { 14, 21, 281, 2, 21, 74, 374 }, // E
    { 14, 21, 275, 2, 21, 74, 448 }, // F
    { 18, 21, 327, 1, 21, 95, 522 }, // G
    { 17, 21, 333, 2, 21, 90, 617 }, // H
    { 4, 21, 126, 2, 21, 21, 707 }, // I
    { 15, 21, 279, 1, 21, 79, 728 }, // J
    { 17, 21, 299, 2, 21, 90, 807 }, // K
    { 14, 21, 271, 2, 21, 74, 897 }, // L
    { 21, 21, 409, 2, 21, 111, 971 }, // M
    { 17, 21, 347, 2, 21, 90, 1082 }, // N
    { 20, 21, 345, 1, 21, 105, 1172 }, // O
    { 16, 21, 303, 2, 21, 84, 1277 }, // P
    { 19, 23, 342, 1, 21, 110, 1361 }, // Q
    { 16, 21, 314, 2, 21, 84, 1471 }, // R
    { 16, 21, 299, 1, 21, 84, 1555 }, // S
    { 16, 21, 258, 0, 21, 84, 1639 }, // T
    { 16, 21, 322, 2, 21, 84, 1723 }, // U
    { 19, 21, 311, 0, 21, 100, 1807 }, // V
    { 26, 21, 441, 1, 21, 137, 0 }, // W
    { 18, 21, 283, 0, 21, 95, 137 }, // X
    { 18, 21, 269, -1, 21, 95, 232 }, // Y
    { 15, 21, 254, 0, 21, 79, 327 }, // Z
    { 8, 26, 162, 2, 23, 52, 406 }, // [
    { 12, 26, 212, 1, 23, 78, 458 }, // <backslash>
    { 8, 26, 162, 0, 23, 52, 536 }, // ]
    { 11, 9, 199, 1, 20, 25, 588 }, // ^
    { 14, 3, 260, 1, 1, 11, 613 }, // _
    { 5, 4, 116, 1, 22, 5, 624 }, // `
    { 15, 16, 257, 1, 16, 60, 629 }, // a
    { 14, 21, 278, 2, 21, 74, 689 }, // b
    { 14, 16, 255, 1, 16, 56, 763 }, // c
    { 14, 21, 278, 1, 21, 74, 819 }, // d
    { 14, 16, 262, 1, 16, 56, 893 }, // e
    { 10, 21, 184, 1, 21, 53, 949 }, // f
    { 14, 20, 277, 1, 16, 70, 1002 }, // g
    { 13, 21, 271, 2, 21, 69, 1072 }, // h
    { 3, 21, 114, 2, 21, 16, 1141 }, // i
    { 7, 25, 121, -1, 21, 44, 1157 }, // j
    { 14, 21, 275, 2, 21, 74, 1201 }, // k
    { 6, 21, 125, 2, 21, 32, 1275 }, // l
    { 22, 16, 409, 2, 16, 88, 1307 }, // m
    { 13, 16, 271, 2, 16, 52, 1395 }, // n
    { 15, 16, 267, 1, 16, 60, 1447 }, // o
    { 14, 20, 278, 2, 16, 70, 1507 }, // p
    { 14, 20, 278, 1, 16, 70, 1577 }, // q
    { 8, 16, 177, 2, 16, 32, 1647 }, // r
    { 13, 16, 243, 1, 16, 52, 1679 }, // s
    { 10, 20, 183, 1, 20, 50, 1731 }, // t
    { 13, 16, 268, 2, 16, 52, 0 }, // u
    { 15, 16, 250, 0, 16, 60, 52 }, // v
    { 24, 16, 382, 0, 16, 96, 112 }, // w
    { 15, 16, 273, 1, 16, 60, 208 }, // x
    { 15, 20, 251, 0, 16, 75, 268 }, // y
    { 14, 16, 251, 1, 16, 56, 343 }, // z
    { 10, 26, 182, 1, 23, 65, 399 }, // {
    { 3, 26, 123, 2, 23, 20, 464 }, // |
    { 10, 26, 182, 0, 23, 65, 484 }, // }
    { 13, 6, 244, 1, 13, 20, 549 }, // ~
    { 0, 0, 117, 0, 0, 0, 0 }, // U+00A0
    { 4, 21, 99, 1, 17, 21, 0 }, // U+00A1
    { 14, 21, 255, 1, 21, 74, 21 }, // U+00A2
    { 16, 21, 285, 1, 21, 84, 95 }, // U+00A3
    { 16, 17, 291, 1, 18, 68, 179 }, // U+00A4
    { 18, 21, 269, -1, 21, 95, 247 }, // U+00A5
    { 3, 25, 123, 2, 22, 19, 342 }, // U+00A6
    { 14, 24, 256, 1, 21, 84, 361 }, // U+00A7
    { 8, 3, 163, 1, 21, 6, 445 }, // U+00A8
    { 22, 22, 386, 1, 22, 121, 451 }, // U+00A9
    { 10, 10, 187, 1, 21, 25, 572 }, // U+00AA
    { 14, 12, 249, 1, 14, 42, 597 }, // U+00AB
    { 13, 8, 233, 1, 10, 26, 639 }, // U+00AC
    { 17, 16, 296, 1, 21, 68, 665 }, // U+00AE
    { 9, 3, 166, 1, 21, 7, 733 }, // U+00AF
    { 10, 10, 189, 1, 22, 25, 740 }, // U+00B0
    { 14, 17, 251, 1, 17, 60, 765 }, // U+00B1
    { 8, 12, 162, 1, 21, 24, 825 }, // U+00B2
    { 9, 12, 155, 0, 21, 27, 849 }, // U+00B3
    { 5, 4, 116, 1, 22, 5, 876 }, // U+00B4
    { 13, 20, 268, 2, 16, 65, 881 }, // U+00B5
    { 14, 21, 278, 1, 21, 74, 946 }, // U+00B6
    { 4, 3, 94, 1, 10, 3, 1020 }, // U+00B7
    { 7, 7, 148, 1, 1, 13, 1023 }, // U+00B8
    { 6, 12, 113, 0, 21, 18, 1036 }, // U+00B9
    { 10, 10, 196, 1, 21, 25, 1054 }, // U+00BA
    { 14, 12, 251, 1, 14, 42, 1079 }, // U+00BB
    { 21, 21, 342, 0, 21, 111, 1121 }, // U+00BC
    { 23, 21, 373, 0, 21, 121, 1232 }, // U+00BD
    { 23, 21, 365, 0, 21, 121, 1353 }, // U+00BE
    { 14, 21, 261, 1, 17, 74, 1474 }, // U+00BF
    { 19, 27, 312, 0, 27, 129, 1548 }, // U+00C0
    { 19, 27, 312, 0, 27, 129, 1677 }, // U+00C1
    { 19, 27, 312, 0, 27, 129, 0 }, // U+00C2
    { 19, 27, 312, 0, 27, 129, 129 }, // U+00C3
    { 19, 26, 312, 0, 26, 124, 258 }, // U+00C4
    { 19, 27, 312, 0, 27, 129, 382 }, // U+00C5
    { 27, 21, 454, 0, 21, 142, 511 }, // U+00C6
    { 19, 27, 328, 1, 21, 129, 653 }, // U+00C7
    { 14, 27, 281, 2, 27, 95, 782 }, // U+00C8
    { 14, 27, 281, 2, 27, 95, 877 }, // U+00C9
    { 14, 27, 281, 2, 27, 95, 972 }, // U+00CA
    { 14, 26, 281, 2, 26, 91, 1067 }, // U+00CB
    { 6, 27, 126, 0, 27, 41, 1158 }, // U+00CC
    { 6, 27, 126, 2, 27, 41, 1199 }, // U+00CD
    { 9, 27, 126, -1, 27, 61, 1240 }, // U+00CE
    { 8, 26, 126, 0, 26, 52, 1301 }, // U+00CF
    { 19, 21, 324, 0, 21, 100, 1353 }, // U+00D0
    { 17, 27, 347, 2, 27, 115, 1453 }, // U+00D1
    { 20, 27, 345, 1, 27, 135, 1568 }, // U+00D2
    { 20, 27, 345, 1, 27, 135, 1703 }, // U+00D3
    { 20, 27, 345, 1, 27, 135, 0 }, // U+00D4
    { 20, 27, 345, 1, 27, 135, 135 }, // U+00D5
    { 20, 26, 345, 1, 26, 130, 270 }, // U+00D6
    { 13, 13, 234, 1, 15, 43, 400 }, // U+00D7
    { 20, 21, 345, 1, 21, 105, 443 }, // U+00D8
    { 16, 27, 322, 2, 27, 108, 548 }, // U+00D9
    { 16, 27, 322, 2, 27, 108, 656 }, // U+00DA
    { 16, 27, 322, 2, 27, 108, 764 }, // U+00DB
    { 16, 26, 322, 2, 26, 104, 872 }, // U+00DC
    { 18, 27, 269, -1, 27, 122, 976 }, // U+00DD
    { 15, 21, 289, 2, 21, 79, 1098 }, // U+00DE
    { 14, 21, 274, 2, 21, 74, 1177 }, // U+00DF
    { 15, 22, 257, 1, 22, 83, 1251 }, // U+00E0
    { 15, 22, 257, 1, 22, 83, 1334 }, // U+00E1
    { 15, 22, 257, 1, 22, 83, 1417 }, // U+00E2
    { 15, 22, 257, 1, 22, 83, 1500 }, // U+00E3
    { 15, 21, 257, 1, 21, 79, 1583 }, // U+00E4
    { 15, 22, 257, 1, 22, 83, 1662 }, // U+00E5
    { 25, 16, 429, 1, 16, 100, 1745 }, // U+00E6
    { 14, 22, 255, 1, 16, 77, 1845 }, // U+00E7
    { 14, 22, 262, 1, 22, 77, 0 }, // U+00E8
    { 14, 22, 262, 1, 22, 77, 77 }, // U+00E9
    { 14, 22, 262, 1, 22, 77, 154 }, // U+00EA
    { 14, 21, 262, 1, 21, 74, 231 }, // U+00EB
    { 5, 22, 114, 0, 22, 28, 305 }, // U+00EC
    { 6, 22, 114, 2, 22, 33, 333 }, // U+00ED
    { 9, 22, 114, -1, 22, 50, 366 }, // U+00EE
    { 7, 21, 114, 0, 21, 37, 416 }, // U+00EF
    { 15, 22, 267, 1, 22, 83, 453 }, // U+00F0
    { 13, 22, 271, 2, 22, 72, 536 }, // U+00F1
    { 15, 22, 267, 1, 22, 83, 608 }, // U+00F2
    { 15, 22, 267, 1, 22, 83, 691 }, // U+00F3
    { 15, 22, 267, 1, 22, 83, 774 }, // U+00F4
    { 15, 22, 267, 1, 22, 83, 857 }, // U+00F5
    { 15, 21, 267, 1, 21, 79, 940 }, // U+00F6
    { 14, 15, 252, 1, 16, 53, 1019 }, // U+00F7
    { 15, 17, 267, 1, 17, 64, 1072 }, // U+00F8
    { 13, 22, 268, 2, 22, 72, 1136 }, // U+00F9
    { 13, 22, 268, 2, 22, 72, 1208 }, // U+00FA
    { 13, 22, 268, 2, 22, 72, 1280 }, // U+00FB
    { 13, 21, 268, 2, 21, 69, 1352 }, // U+00FC
    { 15, 26, 251, 0, 22, 98, 1421 }, // U+00FD
    { 14, 25, 278, 2, 21, 88, 1519 }, // U+00FE
    { 15, 25, 251, 0, 21, 94, 1607 }, // U+00FF
    { 19, 26, 312, 0, 26, 124, 0 }, // U+0100
    { 15, 21, 257, 1, 21, 79, 124 }, // U+0101
    { 19, 27, 312, 0, 27, 129, 203 }, // U+0102
    { 15, 22, 257, 1, 22, 83, 332 }, // U+0103
    { 20, 27, 312, 0, 21, 135, 415 }, // U+0104
    { 16, 22, 257, 1, 16, 88, 550 }, // U+0105
    { 19, 27, 328, 1, 27, 129, 638 }, // U+0106
    { 14, 22, 255, 1, 22, 77, 767 }, // U+0107
    { 19, 27, 328, 1, 27, 129, 844 }, // U+0108
    { 14, 22, 255, 1, 22, 77, 973 }, // U+0109
    { 19, 26, 328, 1, 26, 124, 1050 }, // U+010A
    { 14, 21, 255, 1, 21, 74, 1174 }, // U+010B
    { 19, 27, 328, 1, 27, 129, 1248 }, // U+010C
    { 14, 22, 255, 1, 22, 77, 1377 }, // U+010D
    { 17, 27, 324, 2, 27, 115, 1454 }, // U+010E
    { 19, 21, 309, 1, 21, 100, 1569 }, // U+010F
    { 19, 21, 324, 0, 21, 100, 1669 }, // U+0110
    { 16, 21, 278, 1, 21, 84, 1769 }, // U+0111
    { 14, 26, 281, 2, 26, 91, 0 }, // U+0112
    { 14, 21, 262, 1, 21, 74, 91 }, // U+0113
    { 14, 26, 281, 2, 26, 91, 165 }, // U+0116
    { 14, 21, 262, 1, 21, 74, 256 }, // U+0117
    { 15, 27, 281, 2, 21, 102, 330 }, // U+0118
    { 14, 22, 262, 1, 16, 77, 432 }, // U+0119
    { 14, 27, 281, 2, 27, 95, 509 }, // U+011A
    { 14, 22, 262, 1, 22, 77, 604 }, // U+011B
    { 18, 27, 327, 1, 27, 122, 681 }, // U+011C
    { 14, 26, 277, 1, 22, 91, 803 }, // U+011D
    { 18, 27, 327, 1, 27, 122, 894 }, // U+011E
    { 14, 26, 277, 1, 22, 91, 1016 }, // U+011F
    { 18, 26, 327, 1, 26, 117, 1107 }, // U+0120
    { 14, 25, 277, 1, 21, 88, 1224 }, // U+0121
    { 18, 28, 327, 1, 21, 126, 1312 }, // U+0122
    { 14, 28, 277, 1, 24, 98, 1438 }, // U+0123
    { 17, 27, 333, 2, 27, 115, 1536 }, // U+0124
    { 16, 27, 271, -1, 27, 108, 1651 }, // U+0125
    { 21, 21, 333, 0, 21, 111, 0 }, // U+0126
    { 15, 21, 271, 0, 21, 79, 111 }, // U+0127
    { 10, 27, 126, -1, 27, 68, 190 }, // U+0128
    { 11, 22, 114, -2, 22, 61, 258 }, // U+0129
    { 8, 26, 126, 0, 26, 52, 319 }, // U+012A
    { 9, 21, 114, -1, 21, 48, 371 }, // U+012B
    { 7, 27, 126, 0, 21, 48, 419 }, // U+012E
    { 6, 27, 114, 0, 21, 41, 467 }, // U+012F
    { 4, 26, 126, 2, 26, 26, 508 }, // U+0130
    { 3, 16, 114, 2, 16, 12, 534 }, // U+0131
    { 21, 21, 395, 2, 21, 111, 546 }, // U+0132
    { 11, 25, 231, 2, 21, 69, 657 }, // U+0133
    { 17, 27, 279, 1, 27, 115, 726 }, // U+0134
    { 9, 26, 121, -1, 22, 59, 841 }, // U+0135
    { 17, 28, 299, 2, 21, 119, 900 }, // U+0136
    { 14, 28, 275, 2, 21, 98, 1019 }, // U+0137
    { 14, 27, 271, 2, 27, 95, 1117 }, // U+0139
    { 6, 26, 125, 2, 26, 39, 1212 }, // U+013A
    { 14, 28, 271, 2, 21, 98, 1251 }, // U+013B
    { 6, 28, 125, 2, 21, 42, 1349 }, // U+013C
    { 14, 21, 271, 2, 21, 74, 1391 }, // U+013D
    { 8, 21, 148, 2, 21, 42, 1465 }, // U+013E
    { 16, 21, 271, 0, 21, 84, 1507 }, // U+0141
    { 8, 21, 125, 0, 21, 42, 1591 }, // U+0142
    { 17, 27, 347, 2, 27, 115, 1633 }, // U+0143
    { 13, 22, 271, 2, 22, 72, 0 }, // U+0144
    { 17, 28, 347, 2, 21, 119, 72 }, // U+0145
    { 13, 23, 271, 2, 16, 75, 191 }, // U+0146
    { 17, 27, 347, 2, 27, 115, 266 }, // U+0147
    { 13, 22, 271, 2, 22, 72, 381 }, // U+0148
    { 17, 25, 347, 2, 21, 107, 453 }, // U+014A
    { 13, 20, 271, 2, 16, 65, 560 }, // U+014B
    { 20, 26, 345, 1, 26, 130, 625 }, // U+014C
    { 15, 21, 267, 1, 21, 79, 755 }, // U+014D
    { 20, 27, 345, 1, 27, 135, 834 }, // U+0150
    { 15, 22, 267, 1, 22, 83, 969 }, // U+0151
    { 29, 21, 508, 1, 21, 153, 1052 }, // U+0152
    { 26, 16, 447, 1, 16, 104, 1205 }, // U+0153
    { 16, 27, 314, 2, 27, 108, 1309 }, // U+0154
    { 8, 22, 177, 2, 22, 44, 1417 }, // U+0155
    { 16, 28, 314, 2, 21, 112, 1461 }, // U+0156
    { 9, 23, 177, 1, 16, 52, 1573 }, // U+0157
    { 16, 27, 314, 2, 27, 108, 1625 }, // U+0158
    { 9, 22, 177, 1, 22, 50, 1733 }, // U+0159
    { 16, 27, 299, 1, 27, 108, 0 }, // U+015A
    { 13, 22, 243, 1, 22, 72, 108 }, // U+015B
    { 16, 27, 299, 1, 27, 108, 180 }, // U+015C
    { 13, 22, 243, 1, 22, 72, 288 }, // U+015D
    { 16, 27, 299, 1, 21, 108, 360 }, // U+015E
    { 13, 22, 243, 1, 16, 72, 468 }, // U+015F
    { 16, 27, 299, 1, 27, 108, 540 }, // U+0160
    { 13, 22, 243, 1, 22, 72, 648 }, // U+0161
    { 16, 27, 258, 0, 21, 108, 720 }, // U+0162
    { 10, 26, 183, 1, 20, 65, 828 }, // U+0163
    { 16, 27, 258, 0, 27, 108, 893 }, // U+0164
    { 11, 22, 186, 1, 22, 61, 1001 }, // U+0165
    { 16, 21, 258, 0, 21, 84, 1062 }, // U+0166
    { 10, 20, 183, 1, 20, 50, 1146 }, // U+0167
    { 16, 27, 322, 2, 27, 108, 1196 }, // U+0168
    { 13, 22, 268, 2, 22, 72, 1304 }, // U+0169
    { 16, 26, 322, 2, 26, 104, 1376 }, // U+016A
    { 13, 21, 268, 2, 21, 69, 1480 }, // U+016B
    { 16, 27, 322, 2, 27, 108, 1549 }, // U+016C
    { 13, 22, 268, 2, 22, 72, 1657 }, // U+016D
    { 16, 27, 322, 2, 27, 108, 1729 }, // U+016E
    { 13, 22, 268, 2, 22, 72, 0 }, // U+016F
    { 16, 27, 322, 2, 27, 108, 72 }, // U+0170
    { 13, 22, 268, 2, 22, 72, 180 }, // U+0171
    { 16, 27, 322, 2, 21, 108, 252 }, // U+0172
    { 14, 22, 268, 2, 16, 77, 360 }, // U+0173
    { 26, 27, 441, 1, 27, 176, 437 }, // U+0174
    { 24, 22, 382, 0, 22, 132, 613 }, // U+0175
    { 18, 27, 269, -1, 27, 122, 745 }, // U+0176
    { 15, 26, 251, 0, 22, 98, 867 }, // U+0177
    { 18, 26, 269, -1, 26, 117, 965 }, // U+0178
    { 15, 27, 254, 0, 27, 102, 1082 }, // U+0179
    { 14, 22, 251, 1, 22, 77, 1184 }, // U+017A
    { 15, 26, 254, 0, 26, 98, 1261 }, // U+017B
    { 14, 21, 251, 1, 21, 74, 1359 }, // U+017C
    { 15, 27, 254, 0, 27, 102, 1433 }, // U+017D
    { 14, 22, 251, 1, 22, 77, 1535 }, // U+017E
    { 20, 26, 345, 1, 26, 130, 0 }, // U+01A0
    { 15, 21, 267, 1, 21, 79, 130 }, // U+01A1
    { 19, 26, 322, 2, 26, 124, 209 }, // U+01AF
    { 16, 21, 270, 2, 21, 84, 333 }, // U+01B0
    { 19, 27, 312, 0, 27, 129, 417 }, // U+01CD
    { 15, 22, 257, 1, 22, 83, 546 }, // U+01CE
    { 20, 21, 347, 1, 21, 105, 629 }, // U+01E4
    { 16, 20, 291, 1, 16, 80, 734 }, // U+01E5
    { 18, 27, 327, 1, 27, 122, 814 }, // U+01E6
    { 14, 26, 277, 1, 22, 91, 936 }, // U+01E7
    { 17, 27, 299, 2, 27, 115, 1027 }, // U+01E8
    { 17, 26, 275, -1, 26, 111, 1142 }, // U+01E9
    { 16, 28, 299, 1, 21, 112, 1253 }, // U+0218
    { 13, 23, 243, 1, 16, 75, 1365 }, // U+0219
    { 16, 28, 258, 0, 21, 112, 1440 }, // U+021A
    { 10, 27, 183, 1, 20, 68, 1552 }, // U+021B
    { 5, 4, 0, 1, 22, 5, 0 }, // U+0300
    { 5, 4, 0, 1, 22, 5, 5 }, // U+0301
    { 9, 4, 0, 1, 22, 9, 10 }, // U+0302
    { 10, 4, 0, 1, 22, 10, 19 }, // U+0303
    { 9, 3, 0, 1, 21, 7, 29 }, // U+0304
    { 9, 4, 0, 1, 22, 9, 36 }, // U+0306
    { 3, 3, 0, 1, 21, 3, 45 }, // U+0307
    { 8, 3, 0, 1, 21, 6, 48 }, // U+0308
    { 5, 5, 0, 1, 23, 7, 54 }, // U+0309
    { 6, 6, 0, 1, 22, 9, 61 }, // U+030A
    { 9, 4, 0, 1, 22, 9, 70 }, // U+030B
    { 9, 4, 0, 1, 22, 9, 79 }, // U+030C
    { 4, 6, 0, 1, 24, 6, 88 }, // U+0312
    { 6, 7, 0, 1, 21, 11, 94 }, // U+031B
    { 3, 3, 0, 1, -1, 3, 105 }, // U+0323
    { 4, 6, 0, 1, -1, 6, 108 }, // U+0326
    { 7, 7, 0, 1, 1, 13, 114 }, // U+0327
    { 6, 8, 0, 1, 2, 12, 127 }, // U+0328
    { 10, 3, 0, 3, 12, 8, 139 }, // U+0335
    { 21, 3, 0, 0, 19, 16, 147 }, // U+0336
    { 7, 6, 0, 1, 14, 11, 163 }, // U+0337
    { 14, 17, 0, 1, 17, 60, 174 }, // U+0338
    { 0, 0, 0, 0, 0, 0, 234 }, // U+034F
    { 14, 27, 281, 2, 27, 95, 0 }, // U+0400
    { 14, 26, 281, 2, 26, 91, 95 }, // U+0401
    { 22, 21, 376, 0, 21, 116, 186 }, // U+0402
    { 14, 27, 252, 2, 27, 95, 302 }, // U+0403
    { 19, 21, 332, 1, 21, 100, 397 }, // U+0404
    { 16, 21, 299, 1, 21, 84, 497 }, // U+0405
    { 4, 21, 126, 2, 21, 21, 581 }, // U+0406
    { 8, 26, 126, 0, 26, 52, 602 }, // U+0407
    { 15, 21, 279, 1, 21, 79, 654 }, // U+0408
    { 30, 21, 527, 1, 21, 158, 733 }, // U+0409
    { 29, 21, 515, 2, 21, 153, 891 }, // U+040A
    { 22, 21, 380, 0, 21, 116, 1044 }, // U+040B
    { 16, 27, 293, 2, 27, 108, 1160 }, // U+040C
    { 17, 27, 344, 2, 27, 115, 1268 }, // U+040D
    { 18, 27, 293, 0, 27, 122, 1383 }, // U+040E
    { 17, 25, 333, 2, 21, 107, 1505 }, // U+040F
    { 19, 21, 312, 0, 21, 100, 1612 }, // U+0410
    { 16, 21, 308, 2, 21, 84, 1712 }, // U+0411
    { 16, 21, 317, 2, 21, 84, 1796 }, // U+0412
    { 14, 21, 252, 2, 21, 74, 0 }, // U+0413
    { 21, 25, 364, 1, 21, 132, 74 }, // U+0414
    { 14, 21, 281, 2, 21, 74, 206 }, // U+0415
    { 26, 21, 419, 0, 21, 137, 280 }, // U+0416
    { 16, 21, 287, 1, 21, 84, 417 }, // U+0417
    { 17, 21, 347, 2, 21, 90, 501 }, // U+0418
    { 17, 27, 347, 2, 27, 115, 591 }, // U+0419
    { 16, 21, 293, 2, 21, 84, 706 }, // U+041A
    { 18, 21, 343, 1, 21, 95, 790 }, // U+041B
    { 21, 21, 409, 2, 21, 111, 885 }, // U+041C
    { 17, 21, 333, 2, 21, 90, 996 }, // U+041D
    { 20, 21, 345, 1, 21, 105, 1086 }, // U+041E
    { 17, 21, 333, 2, 21, 90, 1191 }, // U+041F
    { 16, 21, 303, 2, 21, 84, 1281 }, // U+0420
    { 19, 21, 328, 1, 21, 100, 1365 }, // U+0421
    { 16, 21, 264, 0, 21, 84, 1465 }, // U+0422
    { 18, 21, 293, 0, 21, 95, 1549 }, // U+0423
    { 23, 21, 399, 1, 21, 121, 1644 }, // U+0424
    { 18, 21, 283, 0, 21, 95, 1765 }, // U+0425
    { 19, 25, 354, 2, 21, 119, 0 }, // U+0426
    { 17, 21, 324, 1, 21, 90, 119 }, // U+0427
    { 24, 21, 447, 2, 21, 126, 209 }, // U+0428
    { 26, 25, 468, 2, 21, 163, 335 }, // U+0429
    { 21, 21, 369, 1, 21, 111, 498 }, // U+042A
    { 21, 21, 401, 2, 21, 111, 609 }, // U+042B
    { 16, 21, 308, 2, 21, 84, 720 }, // U+042C
    { 19, 21, 332, 1, 21, 100, 804 }, // U+042D
    { 25, 21, 442, 2, 21, 132, 904 }, // U+042E
    { 16, 21, 310, 1, 21, 84, 1036 }, // U+042F
    { 15, 16, 257, 1, 16, 60, 1120 }, // U+0430
    { 14, 21, 260, 1, 21, 74, 1180 }, // U+0431
    { 14, 16, 275, 2, 16, 56, 1254 }, // U+0432
    { 11, 16, 215, 2, 16, 44, 1310 }, // U+0433
    { 17, 19, 286, 0, 16, 81, 1354 }, // U+0434
    { 14, 16, 262, 1, 16, 56, 1435 }, // U+0435
    { 23, 16, 400, 1, 16, 92, 1491 }, // U+0436
    { 13, 16, 241, 1, 16, 52, 1583 }, // U+0437
    { 13, 16, 271, 2, 16, 52, 1635 }, // U+0438
    { 13, 22, 271, 2, 22, 72, 1687 }, // U+0439
    { 14, 16, 268, 2, 16, 56, 1759 }, // U+043A
    { 15, 16, 289, 1, 16, 60, 0 }, // U+043B
    { 16, 16, 327, 2, 16, 64, 60 }, // U+043C
    { 13, 16, 271, 2, 16, 52, 124 }, // U+043D
    { 15, 16, 267, 1, 16, 60, 176 }, // U+043E
    { 13, 16, 271, 2, 16, 52, 236 }, // U+043F
    { 14, 20, 278, 2, 16, 70, 288 }, // U+0440
    { 14, 16, 255, 1, 16, 56, 358 }, // U+0441
    { 14, 16, 258, 1, 16, 56, 414 }, // U+0442
    { 15, 20, 251, 0, 16, 75, 470 }, // U+0443
    { 20, 25, 348, 1, 21, 125, 545 }, // U+0444
    { 15, 16, 273, 1, 16, 60, 670 }, // U+0445
    { 15, 19, 282, 2, 16, 72, 730 }, // U+0446
    { 13, 16, 274, 2, 16, 52, 802 }, // U+0447
    { 20, 16, 379, 2, 16, 80, 854 }, // U+0448
    { 22, 19, 390, 2, 16, 105, 934 }, // U+0449
    { 16, 16, 285, 1, 16, 64, 1039 }, // U+044A
    { 16, 16, 327, 2, 16, 64, 1103 }, // U+044B
    { 13, 16, 252, 2, 16, 52, 1167 }, // U+044C
    { 14, 16, 260, 1, 16, 56, 1219 }, // U+044D
    { 20, 16, 365, 2, 16, 80, 1275 }, // U+044E
    { 13, 16, 273, 2, 16, 52, 1355 }, // U+044F
    { 14, 22, 262, 1, 22, 77, 1407 }, // U+0450
    { 14, 21, 262, 1, 21, 74, 1484 }, // U+0451
    { 15, 25, 271, 0, 21, 94, 1558 }, // U+0452
    { 11, 22, 215, 2, 22, 61, 1652 }, // U+0453
    { 14, 16, 260, 1, 16, 56, 1713 }, // U+0454
    { 13, 16, 243, 1, 16, 52, 1769 }, // U+0455
    { 3, 21, 114, 2, 21, 16, 1821 }, // U+0456
    { 7, 21, 114, 0, 21, 37, 0 }, // U+0457
    { 7, 25, 121, -1, 21, 44, 37 }, // U+0458
    { 25, 16, 428, 1, 16, 100, 81 }, // U+0459
    { 23, 16, 409, 2, 16, 92, 181 }, // U+045A
    { 15, 21, 271, 0, 21, 79, 273 }, // U+045B
    { 14, 22, 268, 2, 22, 77, 352 }, // U+045C
    { 13, 22, 271, 2, 22, 72, 429 }, // U+045D
    { 15, 26, 251, 0, 22, 98, 501 }, // U+045E
    { 13, 19, 271, 2, 16, 62, 599 }, // U+045F
    { 20, 21, 364, 1, 21, 105, 661 }, // U+0462
    { 15, 19, 260, 0, 19, 72, 766 }, // U+0463
    { 21, 21, 338, 0, 21, 111, 838 }, // U+046A
    { 19, 16, 330, 1, 16, 76, 949 }, // U+046B
    { 20, 21, 345, 1, 21, 105, 1025 }, // U+0472
    { 15, 16, 267, 1, 16, 60, 1130 }, // U+0473
    { 21, 21, 331, 0, 21, 111, 1190 }, // U+0474
    { 16, 16, 253, 0, 16, 64, 1301 }, // U+0475
    { 14, 26, 252, 2, 26, 91, 1365 }, // U+0490
    { 11, 19, 215, 2, 19, 53, 1456 }, // U+0491
    { 17, 21, 280, 1, 21, 90, 1509 }, // U+0492
    { 14, 16, 257, 1, 16, 56, 1599 }, // U+0493
    { 27, 25, 431, 0, 21, 169, 1655 }, // U+0496
    { 24, 19, 399, 1, 16, 114, 0 }, // U+0497
    { 17, 25, 306, 2, 21, 107, 114 }, // U+049A
    { 15, 19, 265, 2, 16, 72, 221 }, // U+049B
    { 19, 25, 364, 2, 21, 119, 293 }, // U+04A2
    { 15, 19, 282, 2, 16, 72, 412 }, // U+04A3
    { 18, 21, 269, -1, 21, 95, 484 }, // U+04AE
    { 16, 20, 254, 0, 16, 80, 579 }, // U+04AF
    { 18, 21, 269, -1, 21, 95, 659 }, // U+04B0
    { 16, 20, 254, 0, 16, 80, 754 }, // U+04B1
    { 19, 25, 299, 0, 21, 119, 834 }, // U+04B2
    { 16, 19, 275, 1, 16, 76, 953 }, // U+04B3
    { 19, 25, 345, 1, 21, 119, 1029 }, // U+04B6
    { 15, 19, 285, 2, 16, 72, 1148 }, // U+04B7
    { 17, 21, 324, 2, 21, 90, 1220 }, // U+04BA
    { 13, 21, 271, 2, 21, 69, 1310 }, // U+04BB
    { 4, 21, 126, 2, 21, 21, 1379 }, // U+04C0
    { 4, 21, 125, 2, 21, 21, 1400 }, // U+04CF
    { 19, 21, 333, 1, 21, 100, 1421 }, // U+04D8
    { 14, 16, 262, 1, 16, 56, 1521 }, // U+04D9
    { 17, 26, 347, 2, 26, 111, 1577 }, // U+04E2
    { 13, 21, 271, 2, 21, 69, 1688 }, // U+04E3
    { 20, 21, 345, 1, 21, 105, 1757 }, // U+04E8
    { 15, 16, 267, 1, 16, 60, 0 }, // U+04E9
    { 18, 26, 293, 0, 26, 117, 60 }, // U+04EE
    { 15, 25, 251, 0, 21, 94, 177 }, // U+04EF
    { 17, 17, 295, 1, 17, 73, 0 }, // U+05D0
    { 15, 17, 267, 1, 17, 64, 73 }, // U+05D1
    { 11, 18, 175, 0, 17, 50, 137 }, // U+05D2
    { 14, 17, 253, 1, 17, 60, 187 }, // U+05D3
    { 16, 17, 293, 1, 17, 68, 247 }, // U+05D4
    { 6, 17, 140, 1, 17, 26, 315 }, // U+05D5
    { 8, 17, 154, 1, 17, 34, 341 }, // U+05D6
    { 17, 17, 309, 1, 17, 73, 375 }, // U+05D7
    { 16, 17, 296, 1, 17, 68, 448 }, // U+05D8
    { 6, 10, 138, 1, 17, 15, 516 }, // U+05D9
    { 13, 23, 254, 1, 17, 75, 531 }, // U+05DA
    { 13, 17, 240, 1, 17, 56, 606 }, // U+05DB
    { 15, 22, 244, 0, 22, 83, 662 }, // U+05DC
    { 17, 17, 319, 1, 17, 73, 745 }, // U+05DD
    { 18, 17, 308, 1, 17, 77, 818 }, // U+05DE
    { 6, 23, 154, 1, 17, 35, 895 }, // U+05DF
    { 8, 17, 177, 1, 17, 34, 930 }, // U+05E0
    { 17, 17, 300, 1, 17, 73, 964 }, // U+05E1
    { 15, 20, 277, 1, 18, 75, 1037 }, // U+05E2
    { 15, 23, 289, 1, 17, 87, 1112 }, // U+05E3
    { 16, 17, 281, 1, 17, 68, 1199 }, // U+05E4
    { 15, 23, 247, 0, 17, 87, 1267 }, // U+05E5
    { 14, 17, 260, 1, 17, 60, 1354 }, // U+05E6
    { 17, 23, 293, 1, 17, 98, 1414 }, // U+05E7
    { 13, 17, 244, 1, 17, 56, 1512 }, // U+05E8
    { 19, 17, 341, 1, 17, 81, 1568 }, // U+05E9
    { 17, 17, 320, 1, 17, 73, 1649 }, // U+05EA
    { 5, 8, 153, 2, 7, 10, 1722 }, // U+060C
    { 5, 16, 161, 2, 15, 20, 1732 }, // U+061B
    { 12, 23, 203, 0, 22, 69, 1752 }, // U+061F
    { 11, 13, 192, 0, 11, 36, 0 }, // U+0621
    { 10, 4, 126, 0, 3, 10, 36 }, // U+0640
    { 7, 8, 0, 0, 24, 14, 46 }, // U+0654
    { 6, 5, 267, 5, 11, 8, 60 }, // U+0660
    { 6, 21, 267, 5, 20, 32, 68 }, // U+0661
    { 13, 21, 267, 2, 20, 69, 100 }, // U+0662
    { 15, 21, 267, 1, 20, 79, 169 }, // U+0663
    { 13, 21, 267, 2, 20, 69, 248 }, // U+0664
    { 13, 17, 267, 2, 16, 56, 317 }, // U+0665
    { 13, 21, 267, 2, 20, 69, 373 }, // U+0666
    { 17, 22, 267, 0, 21, 94, 442 }, // U+0667
    { 17, 21, 267, 0, 20, 90, 536 }, // U+0668
    { 13, 21, 267, 2, 20, 69, 626 }, // U+0669
    { 19, 17, 320, 0, 10, 81, 695 }, // U+06BA
    { 8, 3, 140, 1, 3, 6, 776 }, // U+06D4
    { 11, 14, 189, 0, 14, 39, 782 }, // U+06D5
    { 6, 5, 267, 5, 11, 8, 821 }, // U+06F0
    { 6, 21, 267, 5, 20, 32, 829 }, // U+06F1
    { 13, 21, 267, 2, 20, 69, 861 }, // U+06F2
    { 15, 21, 267, 1, 20, 79, 930 }, // U+06F3
    { 13, 20, 267, 2, 20, 65, 1009 }, // U+06F4
    { 13, 20, 267, 2, 20, 65, 1074 }, // U+06F5
    { 12, 21, 267, 2, 20, 63, 1139 }, // U+06F6
    { 17, 22, 267, 0, 21, 94, 1202 }, // U+06F7
    { 17, 21, 267, 0, 20, 90, 1296 }, // U+06F8
    { 13, 21, 267, 2, 20, 69, 1386 }, // U+06F9
    { 19, 25, 312, 0, 21, 119, 0 }, // U+1EA0
    { 15, 20, 257, 1, 16, 75, 119 }, // U+1EA1
    { 19, 28, 312, 0, 28, 133, 194 }, // U+1EA2
    { 15, 23, 257, 1, 23, 87, 327 }, // U+1EA3
    { 19, 29, 312, 0, 29, 138, 414 }, // U+1EA4
    { 15, 24, 257, 1, 24, 90, 552 }, // U+1EA5
    { 19, 29, 312, 0, 29, 138, 642 }, // U+1EA6
    { 15, 24, 257, 1, 24, 90, 780 }, // U+1EA7
    { 19, 30, 312, 0, 30, 143, 870 }, // U+1EA8
    { 15, 25, 257, 1, 25, 94, 1013 }, // U+1EA9
    { 19, 31, 312, 0, 31, 148, 1107 }, // U+1EAA
    { 15, 26, 257, 1, 26, 98, 1255 }, // U+1EAB
    { 19, 31, 312, 0, 27, 148, 1353 }, // U+1EAC
    { 15, 26, 257, 1, 22, 98, 1501 }, // U+1EAD
    { 19, 29, 312, 0, 29, 138, 1599 }, // U+1EAE
    { 15, 24, 257, 1, 24, 90, 1737 }, // U+1EAF
    { 19, 29, 312, 0, 29, 138, 0 }, // U+1EB0
    { 15, 24, 257, 1, 24, 90, 138 }, // U+1EB1
    { 19, 31, 312, 0, 31, 148, 228 }, // U+1EB2
    { 15, 25, 257, 1, 25, 94, 376 }, // U+1EB3
    { 19, 31, 312, 0, 31, 148, 470 }, // U+1EB4
    { 15, 26, 257, 1, 26, 98, 618 }, // U+1EB5
    { 19, 31, 312, 0, 27, 148, 716 }, // U+1EB6
    { 15, 26, 257, 1, 22, 98, 864 }, // U+1EB7
    { 14, 25, 281, 2, 21, 88, 962 }, // U+1EB8
    { 14, 20, 262, 1, 16, 70, 1050 }, // U+1EB9
    { 14, 28, 281, 2, 28, 98, 1120 }, // U+1EBA
    { 14, 23, 262, 1, 23, 81, 1218 }, // U+1EBB
    { 14, 27, 281, 2, 27, 95, 1299 }, // U+1EBC
    { 14, 22, 262, 1, 22, 77, 1394 }, // U+1EBD
    { 14, 29, 281, 2, 29, 102, 1471 }, // U+1EBE
    { 15, 24, 262, 1, 24, 90, 1573 }, // U+1EBF
    { 14, 29, 281, 2, 29, 102, 1663 }, // U+1EC0
    { 14, 24, 262, 1, 24, 84, 1765 }, // U+1EC1
    { 14, 30, 281, 2, 30, 105, 0 }, // U+1EC2
    { 14, 25, 262, 1, 25, 88, 105 }, // U+1EC3
    { 14, 31, 281, 2, 31, 109, 193 }, // U+1EC4
    { 14, 26, 262, 1, 26, 91, 302 }, // U+1EC5
    { 14, 31, 281, 2, 27, 109, 393 }, // U+1EC6
    { 14, 26, 262, 1, 22, 91, 502 }, // U+1EC7
    { 6, 28, 126, 1, 28, 42, 593 }, // U+1EC8
    { 5, 23, 114, 1, 23, 29, 635 }, // U+1EC9
    { 4, 25, 126, 2, 21, 25, 664 }, // U+1ECA
    { 3, 25, 114, 2, 21, 19, 689 }, // U+1ECB
    { 20, 25, 345, 1, 21, 125, 708 }, // U+1ECC
    { 15, 20, 267, 1, 16, 75, 833 }, // U+1ECD
    { 20, 28, 345, 1, 28, 140, 908 }, // U+1ECE
    { 15, 23, 267, 1, 23, 87, 1048 }, // U+1ECF
    { 20, 29, 345, 1, 29, 145, 1135 }, // U+1ED0
    { 15, 24, 267, 1, 24, 90, 1280 }, // U+1ED1
    { 20, 29, 345, 1, 29, 145, 1370 }, // U+1ED2
    { 15, 24, 267, 1, 24, 90, 1515 }, // U+1ED3
    { 20, 30, 345, 1, 30, 150, 1605 }, // U+1ED4
    { 15, 25, 267, 1, 25, 94, 1755 }, // U+1ED5
    { 20, 31, 345, 1, 31, 155, 0 }, // U+1ED6
    { 15, 26, 267, 1, 26, 98, 155 }, // U+1ED7
    { 20, 31, 345, 1, 27, 155, 253 }, // U+1ED8
    { 15, 26, 267, 1, 22, 98, 408 }, // U+1ED9
    { 20, 27, 345, 1, 27, 135, 506 }, // U+1EDA
    { 15, 22, 267, 1, 22, 83, 641 }, // U+1EDB
    { 20, 27, 345, 1, 27, 135, 724 }, // U+1EDC
    { 15, 22, 267, 1, 22, 83, 859 }, // U+1EDD
    { 20, 28, 345, 1, 28, 140, 942 }, // U+1EDE
    { 15, 23, 267, 1, 23, 87, 1082 }, // U+1EDF
    { 20, 27, 345, 1, 27, 135, 1169 }, // U+1EE0
    { 15, 22, 267, 1, 22, 83, 1304 }, // U+1EE1
    { 20, 30, 345, 1, 26, 150, 1387 }, // U+1EE2
    { 15, 25, 267, 1, 21, 94, 1537 }, // U+1EE3
    { 16, 25, 322, 2, 21, 100, 1631 }, // U+1EE4
    { 13, 20, 268, 2, 16, 65, 1731 }, // U+1EE5
    { 16, 28, 322, 2, 28, 112, 1796 }, // U+1EE6
    { 13, 23, 268, 2, 23, 75, 0 }, // U+1EE7
    { 19, 27, 322, 2, 27, 129, 75 }, // U+1EE8
    { 16, 22, 270, 2, 22, 88, 204 }, // U+1EE9
    { 19, 27, 322, 2, 27, 129, 292 }, // U+1EEA
    { 16, 22, 270, 2, 22, 88, 421 }, // U+1EEB
    { 19, 28, 322, 2, 28, 133, 509 }, // U+1EEC
    { 16, 23, 270, 2, 23, 92, 642 }, // U+1EED
    { 19, 27, 322, 2, 27, 129, 734 }, // U+1EEE
    { 16, 22, 270, 2, 22, 88, 863 }, // U+1EEF
    { 19, 30, 322, 2, 26, 143, 951 }, // U+1EF0
    { 16, 25, 270, 2, 21, 100, 1094 }, // U+1EF1
    { 18, 27, 269, -1, 27, 122, 1194 }, // U+1EF2
    { 15, 26, 251, 0, 22, 98, 1316 }, // U+1EF3
    { 18, 25, 269, -1, 21, 113, 1414 }, // U+1EF4
    { 15, 20, 251, 0, 16, 75, 1527 }, // U+1EF5
    { 18, 28, 269, -1, 28, 126, 1602 }, // U+1EF6
    { 15, 27, 251, 0, 23, 102, 1728 }, // U+1EF7
    { 18, 27, 269, -1, 27, 122, 0 }, // U+1EF8
    { 15, 26, 251, 0, 22, 98, 122 }, // U+1EF9
    { 0, 0, 61, 0, 0, 0, 0 }, // U+2009
    { 0, 0, 0, 0, 0, 0, 0 }, // U+200B
    { 2, 21, 0, -1, 20, 11, 0 }, // U+200C
    { 8, 22, 0, -4, 21, 44, 11 }, // U+200D
    { 8, 22, 0, -1, 20, 44, 55 }, // U+200E
    { 8, 22, 0, -7, 20, 44, 99 }, // U+200F
    { 9, 2, 150, 0, 9, 5, 143 }, // U+2010
    { 8, 3, 150, 1, 9, 6, 148 }, // U+2011
    { 15, 3, 276, 1, 10, 12, 154 }, // U+2013
    { 25, 3, 423, 1, 10, 19, 166 }, // U+2014
    { 4, 8, 95, 1, 21, 8, 185 }, // U+2018
    { 4, 7, 95, 1, 20, 7, 193 }, // U+2019
    { 4, 7, 94, 1, 3, 7, 200 }, // U+201A
    { 9, 8, 172, 1, 21, 18, 207 }, // U+201C
    { 9, 7, 172, 1, 20, 16, 225 }, // U+201D
    { 9, 7, 171, 1, 3, 16, 241 }, // U+201E
    { 13, 21, 273, 2, 21, 69, 257 }, // U+2020
    { 13, 21, 273, 2, 21, 69, 326 }, // U+2021
    { 7, 6, 146, 1, 12, 11, 395 }, // U+2022
    { 15, 3, 267, 1, 3, 12, 406 }, // U+2026
    { 0, 0, 280, 0, 0, 0, 418 }, // U+2028
    { 0, 0, 280, 0, 0, 0, 418 }, // U+2029
    { 0, 0, 61, 0, 0, 0, 418 }, // U+202F
    { 32, 21, 546, 1, 21, 168, 418 }, // U+2030
    { 4, 7, 98, 1, 21, 7, 586 }, // U+2032
    { 8, 7, 155, 1, 21, 14, 593 }, // U+2033
    { 8, 12, 154, 1, 14, 24, 607 }, // U+2039
    { 8, 12, 154, 1, 14, 24, 631 }, // U+203A
    { 17, 21, 79, -6, 21, 90, 655 }, // U+2044
    { 5, 16, 161, 2, 15, 20, 745 }, // U+204F
    { 10, 12, 183, 1, 21, 30, 0 }, // U+2070
    { 9, 12, 154, 0, 21, 27, 30 }, // U+2074
    { 9, 12, 161, 1, 21, 27, 57 }, // U+2075
    { 9, 12, 173, 1, 21, 27, 84 }, // U+2076
    { 9, 12, 140, 0, 21, 27, 111 }, // U+2077
    { 10, 12, 163, 0, 21, 30, 138 }, // U+2078
    { 9, 12, 173, 1, 21, 27, 168 }, // U+2079
    { 10, 12, 183, 1, 9, 30, 195 }, // U+2080
    { 6, 12, 113, 0, 9, 18, 225 }, // U+2081
    { 8, 12, 162, 1, 9, 24, 243 }, // U+2082
    { 9, 12, 155, 0, 9, 27, 267 }, // U+2083
    { 9, 12, 154, 0, 9, 27, 294 }, // U+2084
    { 9, 12, 161, 1, 9, 27, 321 }, // U+2085
    { 9, 12, 173, 1, 9, 27, 348 }, // U+2086
    { 9, 12, 140, 0, 9, 27, 375 }, // U+2087
    { 10, 12, 163, 0, 9, 30, 402 }, // U+2088
    { 9, 11, 173, 1, 8, 25, 432 }, // U+2089
    { 18, 21, 361, 2, 21, 95, 0 }, // U+20AA
    { 19, 21, 339, 1, 21, 100, 95 }, // U+20AC
    { 19, 21, 317, 0, 21, 100, 195 }, // U+20B1
    { 17, 21, 310, 1, 21, 90, 295 }, // U+20B4
    { 16, 21, 317, 2, 21, 84, 385 }, // U+20B9
    { 19, 21, 333, 1, 21, 100, 469 }, // U+20BD
    { 21, 18, 373, 1, 19, 95, 0 }, // U+2190
    { 19, 21, 332, 1, 21, 100, 95 }, // U+2191
    { 21, 18, 373, 1, 19, 95, 195 }, // U+2192
    { 19, 21, 332, 1, 21, 100, 290 }, // U+2193
    { 28, 18, 484, 1, 19, 126, 390 }, // U+2194
    { 19, 29, 332, 1, 25, 138, 516 }, // U+2195
    { 16, 17, 290, 1, 19, 68, 654 }, // U+2196
    { 16, 17, 290, 1, 19, 68, 722 }, // U+2197
    { 16, 16, 290, 1, 19, 64, 790 }, // U+2198
    { 16, 16, 290, 1, 19, 64, 854 }, // U+2199
    { 17, 9, 304, 1, 14, 39, 918 }, // U+219D
    { 17, 16, 306, 1, 19, 68, 957 }, // U+21A9
    { 17, 16, 306, 1, 19, 68, 1025 }, // U+21AA
    { 17, 18, 309, 1, 18, 77, 1093 }, // U+21B0
    { 17, 18, 309, 1, 18, 77, 1170 }, // U+21B1
    { 17, 18, 309, 1, 21, 77, 1247 }, // U+21B3
    { 18, 22, 311, 1, 21, 99, 1324 }, // U+21B4
    { 17, 18, 309, 1, 21, 77, 1423 }, // U+21B5
    { 18, 12, 313, 1, 16, 54, 1500 }, // U+21E4
    { 18, 12, 313, 1, 16, 54, 1554 }, // U+21E5
    { 23, 21, 372, 0, 21, 121, 1608 }, // U+21E7
    { 13, 22, 246, 1, 22, 72, 0 }, // U+2202
    { 19, 21, 303, 0, 21, 100, 72 }, // U+2206
    { 17, 26, 275, 0, 21, 111, 172 }, // U+220F
    { 15, 21, 248, 0, 21, 79, 283 }, // U+2211
    { 13, 3, 243, 1, 10, 10, 362 }, // U+2212
    { 19, 26, 308, 0, 21, 124, 372 }, // U+221A
    { 22, 11, 386, 1, 14, 61, 496 }, // U+221E
    { 11, 25, 176, 0, 21, 69, 557 }, // U+222B
    { 4, 14, 139, 2, 17, 14, 626 }, // U+2236
    { 13, 12, 244, 1, 16, 39, 640 }, // U+2248
    { 14, 16, 252, 1, 17, 56, 679 }, // U+2260
    { 14, 16, 254, 1, 16, 56, 735 }, // U+2264
    { 14, 16, 254, 1, 16, 56, 791 }, // U+2265
    { 9, 9, 467, 1, 7, 21, 0 }, // U+3001
    { 10, 10, 467, 1, 8, 25, 21 }, // U+3002
    { 27, 3, 467, 1, 13, 21, 46 }, // U+4E00
    { 27, 26, 467, 1, 25, 176, 67 }, // U+4E0A
    { 27, 26, 467, 1, 23, 176, 243 }, // U+4E0B
    { 27, 26, 467, 1, 23, 176, 419 }, // U+4E0D
    { 25, 27, 467, 1, 24, 169, 595 }, // U+4E0E
    { 27, 25, 467, 1, 23, 169, 764 }, // U+4E14
    { 27, 28, 467, 1, 25, 189, 933 }, // U+4E22
    { 27, 26, 467, 1, 23, 176, 1122 }, // U+4E24
    { 28, 28, 467, 1, 25, 196, 1298 }, // U+4E2A
    { 25, 28, 467, 2, 25, 175, 1494 }, // U+4E2D
    { 24, 28, 467, 3, 25, 168, 1669 }, // U+4E32
    { 26, 28, 467, 1, 25, 182, 0 }, // U+4E3A
    { 27, 27, 467, 1, 25, 183, 182 }, // U+4E3B
    { 28, 28, 467, 1, 25, 196, 365 }, // U+4E49
    { 28, 27, 467, 1, 25, 189, 561 }, // U+4E4B
    { 28, 27, 467, 0, 25, 189, 750 }, // U+4E5F
    { 23, 26, 467, 3, 23, 150, 939 }, // U+4E60
    { 27, 28, 467, 1, 25, 189, 1089 }, // U+4E66
    { 27, 21, 467, 1, 21, 142, 1278 }, // U+4E8C
    { 27, 26, 467, 1, 23, 176, 1420 }, // U+4E8E
    { 27, 25, 467, 1, 23, 169, 1596 }, // U+4E92
    { 27, 28, 467, 1, 25, 189, 1765 }, // U+4EA4
    { 27, 28, 467, 1, 25, 189, 0 }, // U+4EAE
    { 28, 28, 467, 1, 25, 196, 189 }, // U+4EBA
    { 29, 28, 467, 0, 25, 203, 385 }, // U+4EC5
    { 28, 28, 467, 1, 25, 196, 588 }, // U+4ECA
    { 27, 27, 467, 1, 24, 183, 784 }, // U+4ECE
    { 29, 28, 467, 0, 25, 203, 967 }, // U+4ED6
    { 27, 27, 467, 2, 24, 183, 1170 }, // U+4EE5
    { 28, 28, 467, 0, 25, 196, 1353 }, // U+4EF6
    { 28, 28, 467, 0, 25, 196, 1549 }, // U+4EFB
    { 29, 28, 467, 0, 25, 203, 1745 }, // U+4F11
    { 28, 28, 467, 0, 25, 196, 0 }, // U+4F20
    { 28, 28, 467, 0, 25, 196, 196 }, // U+4F30
    { 27, 28, 467, 1, 25, 189, 392 }, // U+4F4D
    { 29, 28, 467, 0, 25, 203, 581 }, // U+4F53
    { 29, 28, 467, 0, 25, 203, 784 }, // U+4F59
    { 28, 28, 467, 1, 25, 196, 987 }, // U+4F5C
    { 28, 28, 467, 0, 25, 196, 1183 }, // U+4F60
    { 29, 28, 467, 0, 25, 203, 1379 }, // U+4F7F
    { 28, 28, 467, 0, 25, 196, 1582 }, // U+4F9B
    { 27, 28, 467, 0, 25, 189, 1778 }, // U+4FA7
    { 28, 28, 467, 1, 25, 196, 0 }, // U+4FBF
    { 29, 28, 467, 0, 25, 203, 196 }, // U+4FDD
    { 28, 28, 467, 0, 25, 196, 399 }, // U+4FE1
    { 29, 28, 467, 0, 25, 203, 595 }, // U+4FEE
    { 27, 28, 467, 0, 25, 189, 798 }, // U+5012
    { 28, 28, 467, 0, 25, 196, 987 }, // U+503C
    { 28, 28, 467, 0, 25, 196, 1183 }, // U+503E
    { 28, 28, 467, 0, 25, 196, 1379 }, // U+504F
    { 28, 28, 467, 0, 25, 196, 1575 }, // U+50A8
    { 27, 26, 467, 1, 23, 176, 1771 }, // U+5143
    { 27, 28, 467, 1, 25, 189, 0 }, // U+5148
    { 28, 28, 467, 0, 25, 196, 189 }, // U+5149
    { 28, 27, 467, 1, 24, 189, 385 }, // U+5165
    { 29, 27, 467, 0, 25, 196, 574 }, // U+5168
    { 27, 28, 467, 1, 25, 189, 770 }, // U+516D
    { 27, 28, 467, 1, 25, 189, 959 }, // U+5173
    { 27, 28, 467, 1, 25, 189, 1148 }, // U+5176
    { 28, 27, 467, 1, 24, 189, 1337 }, // U+5177
    { 27, 28, 467, 1, 25, 189, 1526 }, // U+5178
    { 25, 28, 467, 2, 25, 175, 1715 }, // U+5185
    { 27, 26, 467, 1, 23, 176, 0 }, // U+518C
    { 28, 26, 467, 1, 23, 182, 176 }, // U+518D
    { 25, 26, 467, 2, 23, 163, 358 }, // U+5199
    { 27, 28, 467, 1, 25, 189, 521 }, // U+51C6
    { 28, 28, 467, 1, 25, 196, 710 }, // U+51D1
    { 24, 28, 467, 3, 25, 168, 906 }, // U+51FA
    { 28, 27, 467, 1, 24, 189, 1074 }, // U+5206
    { 28, 27, 467, 0, 24, 189, 1263 }, // U+5207
    { 26, 28, 467, 1, 25, 182, 1452 }, // U+5217
    { 27, 28, 467, 0, 25, 189, 1634 }, // U+521B
    { 26, 28, 467, 1, 25, 182, 0 }, // U+521D
    { 26, 28, 467, 1, 25, 182, 182 }, // U+5220
    { 26, 27, 467, 1, 25, 176, 364 }, // U+5230
    { 27, 28, 467, 1, 25, 189, 540 }, // U+5236
    { 27, 27, 467, 0, 24, 183, 729 }, // U+5237
    { 27, 28, 467, 1, 25, 189, 912 }, // U+524D
    { 26, 28, 467, 1, 25, 182, 1101 }, // U+5269
    { 27, 28, 467, 1, 25, 189, 1283 }, // U+526A
    { 27, 28, 467, 1, 25, 189, 1472 }, // U+529F
    { 27, 28, 467, 0, 25, 189, 1661 }, // U+52A0
    { 28, 28, 467, 1, 25, 196, 0 }, // U+52A1
    { 27, 28, 467, 1, 25, 189, 196 }, // U+52A8
    { 28, 28, 467, 0, 25, 196, 385 }, // U+52FF
    { 28, 27, 467, 1, 25, 189, 581 }, // U+5305
    { 26, 24, 467, 2, 23, 156, 770 }, // U+5339
    { 26, 25, 467, 2, 23, 163, 926 }, // U+533A
    { 27, 28, 467, 1, 25, 189, 1089 }, // U+5355
    { 24, 28, 467, 4, 25, 168, 1278 }, // U+5360
    { 27, 28, 467, 1, 25, 189, 1446 }, // U+5361
    { 26, 26, 467, 1, 23, 169, 1635 }, // U+5373
    { 28, 27, 467, 0, 24, 189, 0 }, // U+538B
    { 27, 26, 467, 1, 23, 176, 189 }, // U+539F
    { 27, 28, 467, 1, 25, 189, 365 }, // U+53CD
    { 29, 28, 467, 0, 25, 203, 554 }, // U+53D1
    { 28, 27, 467, 1, 24, 189, 757 }, // U+53D6
    { 23, 24, 467, 3, 22, 138, 946 }, // U+53E3
    { 27, 26, 467, 1, 23, 176, 1084 }, // U+53EF
    { 28, 28, 467, 0, 25, 196, 1260 }, // U+53F3
    { 27, 27, 467, 1, 24, 183, 1456 }, // U+53F7
    { 29, 28, 467, 0, 25, 203, 1639 }, // U+5404
    { 25, 26, 467, 2, 23, 163, 0 }, // U+540C
    { 24, 28, 467, 1, 25, 168, 163 }, // U+540D
    { 28, 28, 467, 0, 25, 196, 331 }, // U+540E
    { 25, 28, 467, 2, 25, 175, 527 }, // U+5411
    { 27, 26, 467, 1, 23, 176, 702 }, // U+5426
    { 28, 28, 467, 1, 25, 196, 878 }, // U+542B
    { 25, 28, 467, 1, 25, 175, 1074 }, // U+542F
    { 27, 28, 467, 1, 25, 189, 1249 }, // U+544A
    { 26, 27, 467, 0, 24, 176, 1438 }, // U+5468
    { 29, 28, 467, 0, 25, 203, 1614 }, // U+547D
    { 27, 28, 467, 0, 25, 189, 0 }, // U+548C
    { 27, 28, 467, 2, 25, 189, 189 }, // U+54C8
    { 27, 28, 467, 2, 25, 189, 378 }, // U+5524
    { 29, 27, 467, 0, 24, 196, 567 }, // U+5668
    { 25, 24, 467, 2, 22, 150, 763 }, // U+56DB
    { 25, 27, 467, 2, 24, 169, 913 }, // U+56DE
    { 25, 27, 467, 2, 24, 169, 1082 }, // U+56E0
    { 25, 27, 467, 2, 24, 169, 1251 }, // U+56F4
    { 25, 27, 467, 2, 24, 169, 1420 }, // U+56FA
    { 25, 27, 467, 2, 24, 169, 1589 }, // U+56FE
    { 25, 27, 467, 2, 24, 169, 0 }, // U+5706
    { 27, 28, 467, 1, 25, 189, 169 }, // U+5728
    { 29, 27, 467, 0, 25, 196, 358 }, // U+5730
    { 29, 27, 467, 0, 25, 196, 554 }, // U+5740
    { 27, 28, 467, 1, 25, 189, 750 }, // U+5747
    { 27, 27, 467, 1, 25, 183, 939 }, // U+5782
    { 28, 27, 467, 1, 25, 189, 1122 }, // U+57FA
    { 26, 28, 467, 1, 25, 182, 1311 }, // U+589E
    { 29, 28, 467, 0, 25, 203, 1493 }, // U+5907
    { 29, 28, 467, 0, 25, 203, 1696 }, // U+590D
    { 26, 28, 467, 2, 25, 182, 0 }, // U+591A
    { 29, 28, 467, 0, 25, 203, 182 }, // U+591C
    { 27, 28, 467, 1, 25, 189, 385 }, // U+5927
    { 28, 26, 467, 1, 23, 182, 574 }, // U+5929
    { 28, 28, 467, 1, 25, 196, 756 }, // U+5931
    { 27, 28, 467, 1, 25, 189, 952 }, // U+5934
    { 27, 28, 467, 1, 25, 189, 1141 }, // U+5939
    { 28, 28, 467, 1, 25, 196, 1330 }, // U+59CB
    { 26, 28, 467, 2, 25, 182, 1526 }, // U+5B57
    { 28, 28, 467, 0, 25, 196, 1708 }, // U+5B58
    { 26, 28, 467, 2, 25, 182, 0 }, // U+5B89
    { 27, 28, 467, 1, 25, 189, 182 }, // U+5B8C
    { 27, 28, 467, 1, 25, 189, 371 }, // U+5B9A
    { 28, 28, 467, 1, 25, 196, 560 }, // U+5BB6
    { 27, 28, 467, 1, 25, 189, 756 }, // U+5BB9
    { 28, 28, 467, 1, 25, 196, 945 }, // U+5BBD
    { 27, 28, 467, 1, 25, 189, 1141 }, // U+5BC6
    { 27, 28, 467, 1, 25, 189, 1330 }, // U+5BF9
    { 27, 28, 467, 1, 25, 189, 1519 }, // U+5C01
    { 27, 28, 467, 1, 25, 189, 1708 }, // U+5C06
    { 29, 28, 467, 0, 25, 203, 0 }, // U+5C0F
    { 28, 28, 467, 0, 25, 196, 203 }, // U+5C11
    { 23, 28, 467, 3, 25, 161, 399 }, // U+5C1A
    { 28, 28, 467, 1, 25, 196, 560 }, // U+5C31
    { 27, 26, 467, 0, 23, 176, 756 }, // U+5C40
    { 28, 26, 467, 0, 23, 182, 932 }, // U+5C45
    { 28, 27, 467, 0, 24, 189, 1114 }, // U+5C4F
    { 27, 23, 467, 1, 22, 156, 1303 }, // U+5DE5
    { 28, 27, 467, 0, 25, 189, 1459 }, // U+5DE6
    { 26, 25, 467, 2, 23, 163, 1648 }, // U+5DF2
    { 28, 28, 467, 0, 25, 196, 0 }, // U+5E03
    { 27, 28, 467, 1, 25, 189, 196 }, // U+5E0C
    { 27, 28, 467, 1, 25, 189, 385 }, // U+5E26
    { 29, 28, 467, 0, 25, 203, 574 }, // U+5E55
    { 27, 26, 467, 1, 23, 176, 777 }, // U+5E73
    { 27, 28, 467, 1, 25, 189, 953 }, // U+5E76
    { 28, 28, 467, 0, 25, 196, 1142 }, // U+5E8F
    { 27, 28, 467, 1, 25, 189, 1338 }, // U+5E94
    { 28, 28, 467, 0, 25, 196, 1527 }, // U+5E95
    { 28, 28, 467, 1, 25, 196, 1723 }, // U+5EA6
    { 28, 28, 467, 1, 25, 196, 0 }, // U+5EFA
    { 27, 26, 467, 1, 23, 176, 196 }, // U+5F00
    { 28, 28, 467, 1, 25, 196, 372 }, // U+5F0F
    { 23, 28, 467, 2, 25, 161, 568 }, // U+5F15
    { 27, 28, 467, 1, 25, 189, 729 }, // U+5F39
    { 23, 28, 467, 3, 25, 161, 918 }, // U+5F53
    { 27, 26, 467, 1, 23, 176, 1079 }, // U+5F55
    { 28, 28, 467, 0, 25, 196, 1255 }, // U+5F97
    { 27, 27, 467, 1, 25, 183, 1451 }, // U+5FD8
    { 29, 28, 467, 0, 25, 203, 1634 }, // U+5FEB
    { 27, 27, 467, 1, 25, 183, 0 }, // U+5FFD
    { 27, 27, 467, 1, 25, 183, 183 }, // U+6001
    { 27, 28, 467, 1, 25, 189, 366 }, // U+6062
    { 27, 27, 467, 1, 25, 183, 555 }, // U+606F
    { 28, 28, 467, 0, 25, 196, 738 }, // U+60C5
    { 27, 28, 467, 1, 25, 189, 934 }, // U+60EF
    { 27, 28, 467, 1, 25, 189, 1123 }, // U+610F
    { 29, 28, 467, 0, 25, 203, 1312 }, // U+6162
    { 27, 28, 467, 1, 25, 189, 1515 }, // U+6210
    { 28, 28, 467, 1, 25, 196, 1704 }, // U+6216
    { 27, 28, 467, 1, 25, 189, 0 }, // U+622A
    { 25, 28, 467, 0, 25, 175, 189 }, // U+6237
    { 28, 28, 467, 0, 25, 196, 364 }, // U+6240
    { 27, 28, 467, 1, 25, 189, 560 }, // U+624B
    { 28, 28, 467, 1, 25, 196, 749 }, // U+6253
    { 26, 28, 467, 1, 25, 182, 945 }, // U+626B
    { 29, 28, 467, 0, 25, 203, 1127 }, // U+627E
    { 29, 28, 467, 0, 25, 203, 1330 }, // U+6297
    { 29, 28, 467, 0, 25, 203, 1533 }, // U+62A5
    { 29, 28, 467, 0, 25, 203, 0 }, // U+62D4
    { 28, 28, 467, 1, 25, 196, 203 }, // U+62E9
    { 28, 28, 467, 0, 25, 196, 399 }, // U+6301
    { 28, 28, 467, 0, 25, 196, 595 }, // U+6307
    { 28, 28, 467, 0, 25, 196, 791 }, // U+6309
    { 28, 28, 467, 0, 25, 196, 987 }, // U+6325
    { 28, 28, 467, 1, 25, 196, 1183 }, // U+6362
    { 28, 28, 467, 0, 25, 196, 1379 }, // U+636E
    { 28, 28, 467, 1, 25, 196, 1575 }, // U+6392
    { 29, 28, 467, 0, 25, 203, 1771 }, // U+63A5
    { 29, 28, 467, 0, 25, 203, 0 }, // U+63A7
    { 28, 28, 467, 0, 25, 196, 203 }, // U+63A8
    { 28, 28, 467, 0, 25, 196, 399 }, // U+63CF
    { 29, 28, 467, 0, 25, 203, 595 }, // U+63D0
    { 27, 28, 467, 1, 25, 189, 798 }, // U+63D2
    { 28, 28, 467, 1, 25, 196, 987 }, // U+641C
    { 28, 28, 467, 0, 25, 196, 1183 }, // U+6458
    { 28, 28, 467, 1, 25, 196, 1379 }, // U+64CD
    { 28, 28, 467, 1, 25, 196, 1575 }, // U+6536
    { 28, 28, 467, 1, 25, 196, 1771 }, // U+6539
    { 29, 28, 467, 0, 25, 203, 0 }, // U+653E
    { 28, 28, 467, 1, 25, 196, 203 }, // U+6548
    { 28, 28, 467, 1, 25, 196, 399 }, // U+6570
    { 28, 27, 467, 1, 25, 189, 595 }, // U+6574
    { 28, 28, 467, 1, 25, 196, 784 }, // U+6587
    { 29, 28, 467, 0, 25, 203, 980 }, // U+659C
    { 27, 28, 467, 2, 25, 189, 1183 }, // U+65AD
    { 27, 28, 467, 1, 25, 189, 1372 }, // U+65B0
    { 27, 28, 467, 1, 25, 189, 1561 }, // U+65B9
    { 27, 26, 467, 1, 23, 176, 1750 }, // U+65E0
    { 20, 26, 467, 5, 23, 130, 0 }, // U+65E5
    { 27, 27, 467, 1, 24, 183, 130 }, // U+65E9
    { 27, 28, 467, 2, 25, 189, 313 }, // U+65F6
    { 26, 27, 467, 2, 24, 176, 502 }, // U+660E
    { 28, 27, 467, 1, 24, 189, 678 }, // U+662F
    { 27, 25, 467, 1, 24, 169, 867 }, // U+663E
    { 26, 28, 467, 2, 25, 182, 1036 }, // U+6670
    { 26, 28, 467, 1, 25, 182, 1218 }, // U+667A
    { 27, 28, 467, 1, 25, 189, 1400 }, // U+6682
    { 28, 26, 467, 1, 23, 182, 1589 }, // U+66F4
    { 28, 27, 467, 1, 24, 189, 1771 }, // U+6700
    { 27, 28, 467, 1, 25, 189, 0 }, // U+6709
    { 29, 27, 467, 0, 24, 196, 189 }, // U+670D
    { 27, 28, 467, 1, 25, 189, 385 }, // U+671F
    { 29, 28, 467, 0, 25, 203, 574 }, // U+672A
    { 28, 28, 467, 1, 25, 196, 777 }, // U+672B
    { 28, 28, 467, 1, 25, 196, 973 }, // U+672C
    { 29, 28, 467, 0, 25, 203, 1169 }, // U+673A
    { 28, 28, 467, 1, 25, 196, 1372 }, // U+6761
    { 29, 28, 467, 0, 25, 203, 1568 }, // U+6765
    { 28, 28, 467, 0, 25, 196, 0 }, // U+677E
    { 28, 28, 467, 0, 25, 196, 196 }, // U+6790
    { 28, 27, 467, 1, 24, 189, 392 }, // U+679C
    { 28, 27, 467, 1, 25, 189, 581 }, // U+67E5
    { 28, 28, 467, 0, 25, 196, 770 }, // U+6807
    { 28, 28, 467, 0, 25, 196, 966 }, // U+680F
    { 28, 28, 467, 0, 25, 196, 1162 }, // U+6837
    { 28, 28, 467, 1, 25, 196, 1358 }, // U+6839
    { 29, 28, 467, 0, 25, 203, 1554 }, // U+683C
    { 29, 28, 467, 0, 25, 203, 1757 }, // U+6846
    { 27, 28, 467, 0, 25, 189, 0 }, // U+6863
    { 29, 28, 467, 0, 25, 203, 189 }, // U+68C0
    { 29, 28, 467, 0, 25, 203, 392 }, // U+6A21
    { 29, 28, 467, 0, 25, 203, 595 }, // U+6A2A
    { 28, 28, 467, 1, 25, 196, 798 }, // U+6B21
    { 27, 25, 467, 1, 23, 169, 994 }, // U+6B63
    { 28, 27, 467, 1, 25, 189, 1163 }, // U+6B64
    { 27, 28, 467, 1, 25, 189, 1352 }, // U+6B65
    { 29, 28, 467, 0, 25, 203, 1541 }, // U+6BB5
    { 27, 28, 467, 1, 25, 189, 1744 }, // U+6BCF
    { 26, 28, 467, 2, 25, 182, 0 }, // U+6BD4
    { 28, 28, 467, 1, 25, 196, 182 }, // U+6C34
    { 28, 28, 467, 1, 25, 196, 378 }, // U+6C89
    { 28, 28, 467, 1, 25, 196, 574 }, // U+6CA1
    { 27, 28, 467, 1, 25, 189, 770 }, // U+6CD5
    { 28, 28, 467, 1, 25, 196, 959 }, // U+6CE8
    { 27, 28, 467, 1, 25, 189, 1155 }, // U+6D3B
    { 27, 28, 467, 1, 25, 189, 1344 }, // U+6D45
    { 26, 28, 467, 1, 25, 182, 1533 }, // U+6D4F
    { 27, 28, 467, 1, 25, 189, 1715 }, // U+6D88
    { 27, 28, 467, 1, 25, 189, 0 }, // U+6DF1
    { 28, 28, 467, 1, 25, 196, 189 }, // U+6DFB
    { 27, 28, 467, 1, 25, 189, 385 }, // U+6E05
    { 27, 28, 467, 1, 25, 189, 574 }, // U+6E10
    { 28, 27, 467, 1, 25, 189, 763 }, // U+6E29
    { 28, 28, 467, 1, 25, 196, 952 }, // U+6E90
    { 27, 28, 467, 1, 25, 189, 1148 }, // U+6ED1
    { 28, 28, 467, 1, 25, 196, 1337 }, // U+6EE4
    { 28, 28, 467, 1, 25, 196, 1533 }, // U+706F
    { 27, 28, 467, 1, 25, 189, 1729 }, // U+70B9
    { 28, 28, 467, 1, 25, 196, 0 }, // U+70ED
    { 28, 28, 467, 0, 25, 196, 196 }, // U+7136
    { 26, 28, 467, 1, 25, 182, 392 }, // U+7247
    { 29, 28, 467, 0, 25, 203, 574 }, // U+7248
    { 27, 26, 467, 1, 23, 176, 777 }, // U+7259
    { 29, 28, 467, 0, 25, 203, 953 }, // U+72B6
    { 28, 28, 467, 0, 25, 196, 1156 }, // U+732B
    { 27, 28, 467, 1, 25, 189, 1352 }, // U+7387
    { 27, 27, 467, 1, 24, 183, 1541 }, // U+73B0
    { 28, 26, 467, 1, 24, 182, 1724 }, // U+7406
    { 26, 26, 467, 0, 23, 169, 0 }, // U+7528
    { 26, 27, 467, 3, 25, 176, 169 }, // U+7535
    { 25, 26, 467, 2, 23, 163, 345 }, // U+753B
    { 28, 27, 467, 1, 24, 189, 508 }, // U+754C
    { 25, 28, 467, 2, 25, 175, 697 }, // U+7559
    { 27, 28, 467, 2, 25, 189, 872 }, // U+7565
    { 29, 27, 467, 0, 25, 196, 1061 }, // U+767B
    { 27, 26, 467, 1, 23, 176, 1257 }, // U+767E
    { 26, 27, 467, 2, 25, 176, 1433 }, // U+7684
    { 27, 27, 467, 1, 25, 183, 1609 }, // U+76D8
    { 21, 26, 467, 4, 23, 137, 0 }, // U+76EE
    { 27, 27, 467, 1, 25, 183, 137 }, // U+76F4
    { 28, 28, 467, 0, 25, 196, 320 }, // U+770B
    { 27, 27, 467, 2, 24, 183, 516 }, // U+7720
    { 28, 28, 467, 0, 25, 196, 699 }, // U+7740
    { 26, 27, 467, 2, 25, 176, 895 }, // U+7761
    { 27, 27, 467, 1, 25, 183, 1071 }, // U+77ED
    { 28, 26, 467, 0, 23, 182, 1254 }, // U+7801
    { 27, 28, 467, 1, 25, 189, 1436 }, // U+786E
    { 27, 26, 467, 1, 23, 176, 1625 }, // U+793A
    { 27, 28, 467, 1, 25, 189, 0 }, // U+7981
    { 28, 28, 467, 0, 25, 196, 189 }, // U+79D2
    { 28, 28, 467, 0, 25, 196, 385 }, // U+79F0
    { 28, 28, 467, 0, 25, 196, 581 }, // U+79FB
    { 29, 28, 467, 0, 25, 203, 777 }, // U+7A0B
    { 26, 27, 467, 2, 25, 176, 980 }, // U+7A7A
    { 27, 27, 467, 1, 25, 183, 1156 }, // U+7ACB
    { 27, 26, 467, 1, 24, 176, 1339 }, // U+7AD6
    { 27, 28, 467, 1, 25, 189, 1515 }, // U+7AE0
    { 27, 28, 467, 1, 25, 189, 1704 }, // U+7AEF
    { 27, 28, 467, 1, 25, 189, 0 }, // U+7B26
    { 27, 28, 467, 1, 25, 189, 189 }, // U+7B2C
    { 28, 27, 467, 1, 25, 189, 378 }, // U+7B7E
    { 27, 28, 467, 1, 25, 189, 567 }, // U+7B80
    { 27, 28, 467, 1, 25, 189, 756 }, // U+7B97
    { 27, 28, 467, 1, 25, 189, 945 }, // U+7BA1
    { 27, 28, 467, 1, 25, 189, 1134 }, // U+7BAD
    { 28, 28, 467, 0, 25, 196, 1323 }, // U+7C4D
    { 27, 28, 467, 1, 25, 189, 1519 }, // U+7C97
    { 26, 28, 467, 2, 25, 182, 1708 }, // U+7CFB
    { 27, 28, 467, 1, 25, 189, 0 }, // U+7D22
    { 27, 27, 467, 1, 24, 183, 189 }, // U+7D27
    { 28, 28, 467, 1, 25, 196, 372 }, // U+7EBF
    { 28, 27, 467, 0, 25, 189, 568 }, // U+7EC6
    { 29, 28, 467, 0, 25, 203, 757 }, // U+7EC8
    { 28, 28, 467, 0, 25, 196, 960 }, // U+7ED3
    { 29, 28, 467, 0, 25, 203, 1156 }, // U+7EDC
    { 28, 28, 467, 0, 25, 196, 1359 }, // U+7EDF
    { 27, 26, 467, 1, 25, 176, 1555 }, // U+7EE7
    { 27, 28, 467, 1, 25, 189, 1731 }, // U+7EEA
    { 27, 28, 467, 1, 25, 189, 0 }, // U+7EED
    { 27, 28, 467, 1, 25, 189, 189 }, // U+7EF4
    { 29, 28, 467, 0, 25, 203, 378 }, // U+7F13
    { 27, 28, 467, 1, 25, 189, 581 }, // U+7F16
    { 29, 28, 467, 0, 25, 203, 770 }, // U+7F1D
    { 27, 28, 467, 1, 25, 189, 973 }, // U+7F29
    { 25, 26, 467, 2, 23, 163, 1162 }, // U+7F51
    { 27, 26, 467, 1, 24, 176, 1325 }, // U+7F6E
    { 27, 28, 467, 1, 25, 189, 1501 }, // U+7FFB
    { 28, 28, 467, 0, 25, 196, 1690 }, // U+8005
    { 29, 28, 467, 0, 25, 203, 0 }, // U+8017
    { 28, 28, 467, 1, 25, 196, 203 }, // U+80FD
    { 28, 28, 467, 0, 25, 196, 399 }, // U+8111
    { 28, 28, 467, 0, 25, 196, 595 }, // U+811A
    { 21, 28, 467, 4, 25, 147, 791 }, // U+81EA
    { 27, 25, 467, 1, 23, 169, 938 }, // U+81F3
    { 28, 27, 467, 1, 25, 189, 1107 }, // U+8272
    { 27, 28, 467, 1, 25, 189, 1296 }, // U+8282
    { 28, 28, 467, 0, 25, 196, 1485 }, // U+82E5
    { 28, 28, 467, 1, 25, 196, 1681 }, // U+82F1
    { 27, 28, 467, 1, 25, 189, 0 }, // U+8303
    { 28, 28, 467, 0, 25, 196, 189 }, // U+8350
    { 27, 28, 467, 1, 25, 189, 385 }, // U+83B7
    { 29, 28, 467, 0, 25, 203, 574 }, // U+83DC
    { 28, 28, 467, 1, 25, 196, 777 }, // U+843D
    { 27, 27, 467, 1, 25, 183, 973 }, // U+84DD
    { 29, 28, 467, 0, 25, 203, 1156 }, // U+85CF
    { 28, 28, 467, 0, 25, 196, 1359 }, // U+884C
    { 28, 28, 467, 1, 25, 196, 1555 }, // U+8868
    { 29, 28, 467, 0, 25, 203, 1751 }, // U+88AB
    { 28, 28, 467, 1, 25, 196, 0 }, // U+88C1
    { 28, 28, 467, 1, 25, 196, 196 }, // U+88C5
    { 29, 28, 467, 0, 25, 203, 392 }, // U+892A
    { 27, 27, 467, 1, 24, 183, 595 }, // U+8981
    { 27, 26, 467, 1, 23, 176, 778 }, // U+89C1
    { 27, 28, 467, 1, 25, 189, 954 }, // U+89C8
    { 28, 28, 467, 0, 25, 196, 1143 }, // U+89E3
    { 29, 28, 467, 0, 25, 203, 1339 }, // U+89E6
    { 27, 28, 467, 1, 25, 189, 1542 }, // U+8A00
    { 27, 28, 467, 1, 25, 189, 1731 }, // U+8BA1
    { 28, 28, 467, 1, 25, 196, 0 }, // U+8BA4
    { 28, 27, 467, 1, 24, 189, 196 }, // U+8BAE
    { 28, 26, 467, 1, 24, 182, 385 }, // U+8BB0
    { 28, 27, 467, 1, 24, 189, 567 }, // U+8BBE
    { 28, 26, 467, 1, 24, 182, 756 }, // U+8BC1
    { 26, 27, 467, 1, 24, 176, 938 }, // U+8BCD
    { 28, 28, 467, 1, 25, 196, 1114 }, // U+8BD5
    { 27, 28, 467, 1, 25, 189, 1310 }, // U+8BE2
    { 27, 28, 467, 1, 25, 189, 1499 }, // U+8BE6
    { 27, 27, 467, 1, 24, 183, 1688 }, // U+8BED
    { 28, 27, 467, 1, 24, 189, 0 }, // U+8BEF
    { 27, 28, 467, 1, 25, 189, 189 }, // U+8BF4
    { 27, 28, 467, 1, 25, 189, 378 }, // U+8BF7
    { 27, 28, 467, 1, 25, 189, 567 }, // U+8BFB
    { 26, 27, 467, 1, 24, 176, 756 }, // U+8C03
    { 28, 28, 467, 1, 25, 196, 932 }, // U+8D25
    { 28, 27, 467, 1, 24, 189, 1128 }, // U+8D26
    { 29, 28, 467, 0, 25, 203, 1317 }, // U+8D77
    { 29, 28, 467, 0, 25, 203, 1520 }, // U+8D85
    { 28, 27, 467, 1, 24, 189, 1723 }, // U+8DB3
    { 28, 28, 467, 1, 25, 196, 0 }, // U+8DC3
    { 28, 27, 467, 1, 25, 189, 196 }, // U+8DD1
    { 27, 26, 467, 1, 24, 176, 385 }, // U+8DDD
    { 28, 27, 467, 1, 24, 189, 561 }, // U+8DDF
    { 28, 28, 467, 1, 25, 196, 750 }, // U+8DF3
    { 27, 28, 467, 1, 25, 189, 946 }, // U+8F6C
    { 27, 28, 467, 1, 25, 189, 1135 }, // U+8F7B
    { 28, 28, 467, 1, 25, 196, 1324 }, // U+8F7D
    { 28, 28, 467, 1, 25, 196, 1520 }, // U+8F83
    { 28, 28, 467, 1, 25, 196, 1716 }, // U+8F93
    { 29, 28, 467, 0, 25, 203, 0 }, // U+8FB9
    { 28, 27, 467, 1, 25, 189, 203 }, // U+8FBE
    { 28, 27, 467, 1, 25, 189, 392 }, // U+8FC7
    { 28, 27, 467, 1, 25, 189, 581 }, // U+8FD1
    { 29, 27, 467, 0, 25, 196, 770 }, // U+8FD4
    { 29, 28, 467, 0, 25, 203, 966 }, // U+8FD8
    { 28, 28, 467, 1, 25, 196, 1169 }, // U+8FD9
    { 28, 26, 467, 1, 24, 182, 1365 }, // U+8FDB
    { 28, 26, 467, 1, 23, 182, 1547 }, // U+8FDC
    { 29, 28, 467, 0, 25, 203, 1729 }, // U+8FDE
    { 28, 26, 467, 1, 24, 182, 0 }, // U+9000
    { 29, 28, 467, 0, 25, 203, 182 }, // U+9001
    { 28, 27, 467, 1, 25, 189, 385 }, // U+9002
    { 28, 28, 467, 1, 25, 196, 574 }, // U+9006
    { 28, 28, 467, 1, 25, 196, 770 }, // U+9009
    { 28, 28, 467, 1, 25, 196, 966 }, // U+900F
    { 28, 27, 467, 1, 24, 189, 1162 }, // U+901A
    { 28, 28, 467, 1, 25, 196, 1351 }, // U+901F
    { 27, 28, 467, 1, 25, 189, 1547 }, // U+90E8
    { 29, 28, 467, 0, 25, 203, 1736 }, // U+90FD
    { 28, 27, 467, 1, 24, 189, 0 }, // U+914D
    { 28, 27, 467, 1, 24, 189, 189 }, // U+9192
    { 29, 28, 467, 0, 25, 203, 378 }, // U+91CA
    { 27, 26, 467, 1, 24, 176, 581 }, // U+91CC
    { 27, 27, 467, 1, 25, 183, 757 }, // U+91CD
    { 27, 26, 467, 1, 24, 176, 940 }, // U+91CF
    { 28, 28, 467, 0, 25, 196, 1116 }, // U+9488
    { 27, 28, 467, 1, 25, 189, 1312 }, // U+949F
    { 29, 28, 467, 0, 25, 203, 1501 }, // U+94FE
    { 27, 28, 467, 1, 25, 189, 1704 }, // U+9519
    { 29, 28, 467, 0, 25, 203, 0 }, // U+952E
    { 28, 28, 467, 0, 25, 196, 203 }, // U+952F
    { 28, 28, 467, 1, 25, 196, 399 }, // U+955C
    { 28, 28, 467, 1, 25, 196, 595 }, // U+957F
    { 25, 28, 467, 2, 25, 175, 791 }, // U+95ED
    { 25, 28, 467, 2, 25, 175, 966 }, // U+95EE
    { 25, 28, 467, 2, 25, 175, 1141 }, // U+95F4
    { 25, 28, 467, 2, 25, 175, 1316 }, // U+9605
    { 25, 27, 467, 2, 24, 169, 1491 }, // U+9633
    { 27, 28, 467, 2, 25, 189, 1660 }, // U+9644
    { 27, 28, 467, 2, 25, 189, 0 }, // U+9664
    { 27, 28, 467, 2, 25, 189, 189 }, // U+968F
    { 26, 28, 467, 2, 25, 182, 378 }, // U+9690
    { 27, 27, 467, 1, 24, 183, 560 }, // U+9700
    { 27, 26, 467, 1, 23, 176, 743 }, // U+9762
    { 27, 26, 467, 1, 23, 176, 919 }, // U+9875
    { 28, 27, 467, 1, 24, 189, 1095 }, // U+9876
    { 29, 27, 467, 0, 24, 196, 1284 }, // U+9879
    { 28, 27, 467, 0, 24, 189, 1480 }, // U+987A
    { 27, 27, 467, 1, 24, 183, 1669 }, // U+9884
    { 28, 28, 467, 1, 25, 196, 0 }, // U+9891
    { 29, 27, 467, 0, 24, 196, 196 }, // U+9898
    { 29, 28, 467, 0, 25, 203, 392 }, // U+9988
    { 27, 28, 467, 1, 25, 189, 595 }, // U+9996
    { 29, 28, 467, 0, 25, 203, 784 }, // U+9A8C
    { 26, 28, 467, 1, 25, 182, 987 }, // U+9E1F
    { 28, 28, 467, 0, 25, 196, 1169 }, // U+9E70
    { 29, 28, 467, 0, 25, 203, 1365 }, // U+9ED8
    { 28, 28, 467, 1, 25, 196, 1568 }, // U+9F50
    { 27, 28, 467, 1, 25, 189, 0 }, // U+9F7F
    { 15, 21, 280, 1, 21, 79, 0 }, // U+FB01
    { 17, 21, 300, 1, 21, 90, 79 }, // U+FB02
    { 28, 22, 463, 0, 12, 154, 0 }, // U+FB56
    { 34, 20, 510, 0, 10, 170, 154 }, // U+FB57
    { 8, 21, 140, -1, 12, 42, 324 }, // U+FB58
    { 13, 18, 174, 0, 9, 59, 366 }, // U+FB59
    { 28, 21, 463, 0, 20, 147, 425 }, // U+FB66
    { 34, 21, 510, 0, 20, 179, 572 }, // U+FB67
    { 8, 24, 126, 0, 23, 48, 751 }, // U+FB68
    { 13, 21, 174, 0, 20, 69, 799 }, // U+FB69
    { 19, 25, 308, 0, 13, 119, 868 }, // U+FB7A
    { 23, 25, 336, 0, 13, 144, 987 }, // U+FB7B
    { 17, 20, 275, 0, 11, 85, 1131 }, // U+FB7C
    { 21, 20, 297, 0, 11, 105, 1216 }, // U+FB7D
    { 12, 26, 223, 1, 25, 78, 1321 }, // U+FB88
    { 16, 26, 248, 1, 25, 104, 1399 }, // U+FB89
    { 10, 27, 171, -1, 20, 68, 1503 }, // U+FB8A
    { 15, 27, 185, -1, 20, 102, 1571 }, // U+FB8B
    { 11, 29, 171, -1, 22, 80, 1673 }, // U+FB8C
    { 15, 29, 185, -1, 22, 109, 1753 }, // U+FB8D
    { 26, 22, 409, 0, 21, 143, 0 }, // U+FB8E
    { 30, 22, 455, 0, 21, 165, 143 }, // U+FB8F
    { 13, 22, 192, 0, 21, 72, 308 }, // U+FB90
    { 17, 22, 237, 0, 21, 94, 380 }, // U+FB91
    { 26, 25, 409, 0, 24, 163, 474 }, // U+FB92
    { 30, 25, 455, 0, 24, 188, 637 }, // U+FB93
    { 13, 25, 192, 0, 24, 82, 825 }, // U+FB94
    { 17, 25, 237, 0, 24, 107, 907 }, // U+FB95
    { 19, 17, 320, 0, 10, 81, 1014 }, // U+FB9E
    { 23, 16, 341, 0, 9, 92, 1095 }, // U+FB9F
    { 11, 14, 189, 0, 14, 39, 1187 }, // U+FBA6
    { 16, 11, 224, 0, 10, 44, 1226 }, // U+FBA7
    { 7, 18, 126, 0, 12, 32, 1270 }, // U+FBA8
    { 15, 13, 204, 0, 5, 49, 1302 }, // U+FBA9
    { 19, 16, 314, 0, 15, 76, 1351 }, // U+FBAA
    { 20, 20, 287, 0, 13, 100, 1427 }, // U+FBAB
    { 16, 16, 268, 0, 15, 64, 1527 }, // U+FBAC
    { 17, 20, 237, 0, 13, 85, 1591 }, // U+FBAD
    { 27, 15, 440, 0, 14, 102, 1676 }, // U+FBAE
    { 18, 12, 256, 0, 3, 54, 1778 }, // U+FBAF
    { 27, 22, 440, 0, 21, 149, 0 }, // U+FBB0
    { 18, 19, 256, 0, 10, 86, 149 }, // U+FBB1
    { 22, 20, 355, 0, 13, 110, 235 }, // U+FBFC
    { 23, 13, 344, 0, 6, 75, 345 }, // U+FBFD
    { 8, 18, 140, -1, 12, 36, 420 }, // U+FBFE
    { 13, 15, 174, 0, 9, 49, 456 }, // U+FBFF
    { 11, 13, 192, 0, 11, 36, 505 }, // U+FE80
    { 10, 25, 110, -2, 25, 63, 541 }, // U+FE81
    { 12, 28, 136, -2, 27, 84, 604 }, // U+FE82
    { 6, 28, 110, 0, 28, 42, 688 }, // U+FE83
    { 10, 31, 136, 0, 30, 78, 730 }, // U+FE84
    { 11, 26, 209, 1, 19, 72, 808 }, // U+FE85
    { 15, 26, 220, 1, 19, 98, 880 }, // U+FE86
    { 7, 31, 111, 1, 21, 55, 978 }, // U+FE87
    { 9, 31, 136, 1, 21, 70, 1033 }, // U+FE88
    { 22, 20, 355, 0, 13, 110, 1103 }, // U+FE89
    { 23, 20, 344, 0, 13, 115, 1213 }, // U+FE8A
    { 7, 22, 126, 0, 21, 39, 1328 }, // U+FE8B
    { 12, 18, 160, 0, 17, 54, 1367 }, // U+FE8C
    { 4, 21, 111, 2, 21, 21, 1421 }, // U+FE8D
    { 8, 22, 136, 2, 21, 44, 1442 }, // U+FE8E
    { 28, 19, 463, 0, 12, 133, 1486 }, // U+FE8F
    { 34, 17, 510, 0, 10, 145, 1619 }, // U+FE90
    { 7, 18, 126, 0, 12, 32, 1764 }, // U+FE91
    { 12, 15, 160, 0, 9, 45, 1796 }, // U+FE92
    { 11, 20, 189, 0, 20, 55, 0 }, // U+FE93
    { 16, 23, 227, 0, 22, 92, 55 }, // U+FE94
    { 28, 16, 463, 0, 15, 112, 147 }, // U+FE95
    { 34, 16, 510, 0, 15, 136, 259 }, // U+FE96
    { 8, 19, 126, 0, 18, 38, 395 }, // U+FE97
    { 13, 16, 174, 0, 15, 52, 433 }, // U+FE98
    { 28, 19, 463, 0, 18, 133, 485 }, // U+FE99
    { 34, 19, 510, 0, 18, 162, 618 }, // U+FE9A
    { 8, 22, 126, 0, 21, 44, 780 }, // U+FE9B
    { 13, 19, 174, 0, 18, 62, 824 }, // U+FE9C
    { 18, 25, 298, 0, 13, 113, 886 }, // U+FE9D
    { 21, 25, 303, 0, 13, 132, 999 }, // U+FE9E
    { 17, 17, 275, 0, 11, 73, 1131 }, // U+FE9F
    { 21, 17, 297, 0, 11, 90, 1204 }, // U+FEA0
    { 18, 25, 298, 0, 13, 113, 1294 }, // U+FEA1
    { 21, 25, 303, 0, 13, 132, 1407 }, // U+FEA2
    { 17, 12, 275, 0, 11, 51, 1539 }, // U+FEA3
    { 21, 12, 297, 0, 11, 63, 1590 }, // U+FEA4
    { 18, 31, 298, 0, 19, 140, 1653 }, // U+FEA5
    { 21, 31, 303, 0, 19, 163, 0 }, // U+FEA6
    { 17, 18, 275, 0, 17, 77, 163 }, // U+FEA7
    { 21, 18, 297, 0, 17, 95, 240 }, // U+FEA8
    { 12, 15, 223, 1, 14, 45, 335 }, // U+FEA9
    { 16, 15, 248, 1, 14, 60, 380 }, // U+FEAA
    { 12, 21, 223, 1, 20, 63, 440 }, // U+FEAB
    { 16, 21, 248, 1, 20, 84, 503 }, // U+FEAC
    { 10, 17, 171, -1, 10, 43, 587 }, // U+FEAD
    { 15, 17, 185, -1, 10, 64, 630 }, // U+FEAE
    { 10, 24, 171, -1, 17, 60, 694 }, // U+FEAF
    { 15, 24, 185, -1, 17, 90, 754 }, // U+FEB0
    { 34, 19, 564, 0, 12, 162, 844 }, // U+FEB1
    { 39, 18, 592, 0, 11, 176, 1006 }, // U+FEB2
    { 22, 13, 366, 0, 12, 72, 1182 }, // U+FEB3
    { 27, 12, 397, 0, 11, 81, 1254 }, // U+FEB4
    { 34, 26, 564, 0, 19, 221, 1335 }, // U+FEB5
    { 39, 26, 592, 0, 19, 254, 1556 }, // U+FEB6
    { 22, 20, 366, 0, 19, 110, 0 }, // U+FEB7
    { 27, 20, 397, 0, 19, 135, 110 }, // U+FEB8
    { 37, 18, 610, 0, 11, 167, 245 }, // U+FEB9
    { 41, 18, 631, 0, 11, 185, 412 }, // U+FEBA
    { 26, 12, 421, 0, 11, 78, 597 }, // U+FEBB
    { 30, 12, 443, 0, 11, 90, 675 }, // U+FEBC
    { 37, 24, 610, 0, 17, 222, 765 }, // U+FEBD
    { 41, 24, 631, 0, 17, 246, 987 }, // U+FEBE
    { 26, 18, 421, 0, 17, 117, 1233 }, // U+FEBF
    { 30, 18, 443, 0, 17, 135, 1350 }, // U+FEC0
    { 22, 22, 368, 0, 21, 121, 1485 }, // U+FEC1
    { 26, 22, 388, 0, 21, 143, 1606 }, // U+FEC2
    { 19, 22, 316, 0, 21, 105, 1749 }, // U+FEC3
    { 23, 22, 331, 0, 21, 127, 0 }, // U+FEC4
    { 22, 22, 368, 0, 21, 121, 127 }, // U+FEC5
    { 26, 22, 388, 0, 21, 143, 248 }, // U+FEC6
    { 19, 22, 316, 0, 21, 105, 391 }, // U+FEC7
    { 23, 22, 331, 0, 21, 127, 496 }, // U+FEC8
    { 17, 27, 237, 0, 15, 115, 623 }, // U+FEC9
    { 17, 24, 248, 0, 12, 102, 738 }, // U+FECA
    { 14, 14, 235, 0, 13, 49, 840 }, // U+FECB
    { 17, 13, 243, 0, 12, 56, 889 }, // U+FECC
    { 17, 33, 237, 0, 21, 141, 945 }, // U+FECD
    { 17, 30, 248, 0, 18, 128, 1086 }, // U+FECE
    { 14, 20, 235, 0, 19, 70, 1214 }, // U+FECF
    { 17, 19, 243, 0, 18, 81, 1284 }, // U+FED0
    { 28, 22, 459, 0, 21, 154, 1365 }, // U+FED1
    { 34, 20, 512, 0, 19, 170, 1519 }, // U+FED2
    { 12, 22, 209, 0, 21, 66, 1689 }, // U+FED3
    { 16, 20, 231, 0, 19, 80, 1755 }, // U+FED4
    { 22, 25, 361, 0, 19, 138, 0 }, // U+FED5
    { 26, 24, 377, 0, 16, 156, 138 }, // U+FED6
    { 12, 22, 209, 0, 21, 66, 294 }, // U+FED7
    { 16, 20, 231, 0, 19, 80, 360 }, // U+FED8
    { 25, 22, 412, 0, 21, 138, 440 }, // U+FED9
    { 29, 22, 430, 0, 21, 160, 578 }, // U+FEDA
    { 13, 22, 192, 0, 21, 72, 738 }, // U+FEDB
    { 17, 22, 237, 0, 21, 94, 810 }, // U+FEDC
    { 19, 28, 324, 0, 21, 133, 904 }, // U+FEDD
    { 23, 28, 341, 0, 21, 161, 1037 }, // U+FEDE
    { 6, 22, 121, 0, 21, 33, 1198 }, // U+FEDF
    { 11, 22, 140, 0, 21, 61, 1231 }, // U+FEE0
    { 13, 24, 226, 0, 12, 78, 1292 }, // U+FEE1
    { 18, 23, 262, 0, 11, 104, 1370 }, // U+FEE2
    { 14, 12, 245, 0, 11, 42, 1474 }, // U+FEE3
    { 19, 12, 270, 0, 11, 57, 1516 }, // U+FEE4
    { 19, 22, 320, 0, 15, 105, 1573 }, // U+FEE5
    { 23, 22, 341, 0, 15, 127, 1678 }, // U+FEE6
    { 7, 19, 126, 0, 18, 34, 1805 }, // U+FEE7
    { 12, 16, 160, 0, 15, 48, 0 }, // U+FEE8
    { 11, 14, 189, 0, 14, 39, 48 }, // U+FEE9
    { 16, 17, 227, 0, 16, 68, 87 }, // U+FEEA
    { 16, 16, 268, 0, 15, 64, 155 }, // U+FEEB
    { 17, 20, 237, 0, 13, 85, 219 }, // U+FEEC
    { 11, 17, 209, 1, 10, 47, 304 }, // U+FEED
    { 15, 17, 220, 1, 10, 64, 351 }, // U+FEEE
    { 22, 20, 355, 0, 13, 110, 415 }, // U+FEEF
    { 23, 13, 344, 0, 6, 75, 525 }, // U+FEF0
    { 22, 26, 355, 0, 13, 143, 600 }, // U+FEF1
    { 23, 19, 344, 0, 6, 110, 743 }, // U+FEF2
    { 8, 18, 140, -1, 12, 36, 853 }, // U+FEF3
    { 13, 15, 174, 0, 9, 49, 889 }, // U+FEF4
    { 19, 22, 272, -3, 22, 105, 938 }, // U+FEF5
    { 21, 23, 280, -2, 22, 121, 1043 }, // U+FEF6
    { 17, 25, 272, -1, 25, 107, 1164 }, // U+FEF7
    { 19, 26, 280, 0, 25, 124, 1271 }, // U+FEF8
    { 15, 31, 272, 1, 21, 117, 1395 }, // U+FEF9
    { 18, 31, 280, 1, 21, 140, 1512 }, // U+FEFA
    { 15, 21, 272, 1, 21, 79, 1652 }, // U+FEFB
    { 18, 22, 280, 1, 21, 99, 1731 }, // U+FEFC
    { 5, 23, 467, 5, 22, 29, 1830 }, // U+FF01
    { 8, 28, 467, 20, 25, 56, 0 }, // U+FF08
    { 8, 28, 467, 1, 25, 56, 56 }, // U+FF09
    { 7, 11, 467, 3, 7, 20, 112 }, // U+FF0C
    { 5, 20, 467, 5, 19, 25, 132 }, // U+FF1A
    { 14, 24, 467, 0, 23, 84, 157 }, // U+FF1F
};

static const EpdUnicodeInterval geist_14_regularIntervals[] = {
    { 0x0, 0x0, 0x0 },
    { 0xD, 0xD, 0x1 },
    { 0x20, 0x7E, 0x2 },
    { 0xA0, 0xAC, 0x61 },
    { 0xAE, 0x113, 0x6E },
    { 0x116, 0x12B, 0xD4 },
    { 0x12E, 0x137, 0xEA },
    { 0x139, 0x13E, 0xF4 },
    { 0x141, 0x148, 0xFA },
    { 0x14A, 0x14D, 0x102 },
    { 0x150, 0x17E, 0x106 },
    { 0x1A0, 0x1A1, 0x135 },
    { 0x1AF, 0x1B0, 0x137 },
    { 0x1CD, 0x1CE, 0x139 },
    { 0x1E4, 0x1E9, 0x13B },
    { 0x218, 0x21B, 0x141 },
    { 0x300, 0x304, 0x145 },
    { 0x306, 0x30C, 0x14A },
    { 0x312, 0x312, 0x151 },
    { 0x31B, 0x31B, 0x152 },
    { 0x323, 0x323, 0x153 },
    { 0x326, 0x328, 0x154 },
    { 0x335, 0x338, 0x157 },
    { 0x34F, 0x34F, 0x15B },
    { 0x400, 0x45F, 0x15C },
    { 0x462, 0x463, 0x1BC },
    { 0x46A, 0x46B, 0x1BE },
    { 0x472, 0x475, 0x1C0 },
    { 0x490, 0x493, 0x1C4 },
    { 0x496, 0x497, 0x1C8 },
    { 0x49A, 0x49B, 0x1CA },
    { 0x4A2, 0x4A3, 0x1CC },
    { 0x4AE, 0x4B3, 0x1CE },
    { 0x4B6, 0x4B7, 0x1D4 },
    { 0x4BA, 0x4BB, 0x1D6 },
    { 0x4C0, 0x4C0, 0x1D8 },
    { 0x4CF, 0x4CF, 0x1D9 },
    { 0x4D8, 0x4D9, 0x1DA },
    { 0x4E2, 0x4E3, 0x1DC },
    { 0x4E8, 0x4E9, 0x1DE },
    { 0x4EE, 0x4EF, 0x1E0 },
    { 0x5D0, 0x5EA, 0x1E2 },
    { 0x60C, 0x60C, 0x1FD },
    { 0x61B, 0x61B, 0x1FE },
    { 0x61F, 0x61F, 0x1FF },
    { 0x621, 0x621, 0x200 },
    { 0x640, 0x640, 0x201 },
    { 0x654, 0x654, 0x202 },
    { 0x660, 0x669, 0x203 },
    { 0x6BA, 0x6BA, 0x20D },
    { 0x6D4, 0x6D5, 0x20E },
    { 0x6F0, 0x6F9, 0x210 },
    { 0x1EA0, 0x1EF9, 0x21A },
    { 0x2009, 0x2009, 0x274 },
    { 0x200B, 0x2011, 0x275 },
    { 0x2013, 0x2014, 0x27C },
    { 0x2018, 0x201A, 0x27E },
    { 0x201C, 0x201E, 0x281 },
    { 0x2020, 0x2022, 0x284 },
    { 0x2026, 0x2026, 0x287 },
    { 0x2028, 0x2029, 0x288 },
    { 0x202F, 0x2030, 0x28A },
    { 0x2032, 0x2033, 0x28C },
    { 0x2039, 0x203A, 0x28E },
    { 0x2044, 0x2044, 0x290 },
    { 0x204F, 0x204F, 0x291 },
    { 0x2070, 0x2070, 0x292 },
    { 0x2074, 0x2079, 0x293 },
    { 0x2080, 0x2089, 0x299 },
    { 0x20AA, 0x20AA, 0x2A3 },
    { 0x20AC, 0x20AC, 0x2A4 },
    { 0x20B1, 0x20B1, 0x2A5 },
    { 0x20B4, 0x20B4, 0x2A6 },
    { 0x20B9, 0x20B9, 0x2A7 },
    { 0x20BD, 0x20BD, 0x2A8 },
    { 0x2190, 0x2199, 0x2A9 },
    { 0x219D, 0x219D, 0x2B3 },
    { 0x21A9, 0x21AA, 0x2B4 },
    { 0x21B0, 0x21B1, 0x2B6 },
    { 0x21B3, 0x21B5, 0x2B8 },
    { 0x21E4, 0x21E5, 0x2BB },
    { 0x21E7, 0x21E7, 0x2BD },
    { 0x2202, 0x2202, 0x2BE },
    { 0x2206, 0x2206, 0x2BF },
    { 0x220F, 0x220F, 0x2C0 },
    { 0x2211, 0x2212, 0x2C1 },
    { 0x221A, 0x221A, 0x2C3 },
    { 0x221E, 0x221E, 0x2C4 },
    { 0x222B, 0x222B, 0x2C5 },
    { 0x2236, 0x2236, 0x2C6 },
    { 0x2248, 0x2248, 0x2C7 },
    { 0x2260, 0x2260, 0x2C8 },
    { 0x2264, 0x2265, 0x2C9 },
    { 0x3001, 0x3002, 0x2CB },
    { 0x4E00, 0x4E00, 0x2CD },
    { 0x4E0A, 0x4E0B, 0x2CE },
    { 0x4E0D, 0x4E0E, 0x2D0 },
    { 0x4E14, 0x4E14, 0x2D2 },
    { 0x4E22, 0x4E22, 0x2D3 },
    { 0x4E24, 0x4E24, 0x2D4 },
    { 0x4E2A, 0x4E2A, 0x2D5 },
    { 0x4E2D, 0x4E2D, 0x2D6 },
    { 0x4E32, 0x4E32, 0x2D7 },
    { 0x4E3A, 0x4E3B, 0x2D8 },
    { 0x4E49, 0x4E49, 0x2DA },
    { 0x4E4B, 0x4E4B, 0x2DB },
    { 0x4E5F, 0x4E60, 0x2DC },
    { 0x4E66, 0x4E66, 0x2DE },
    { 0x4E8C, 0x4E8C, 0x2DF },
    { 0x4E8E, 0x4E8E, 0x2E0 },
    { 0x4E92, 0x4E92, 0x2E1 },
    { 0x4EA4, 0x4EA4, 0x2E2 },
    { 0x4EAE, 0x4EAE, 0x2E3 },
    { 0x4EBA, 0x4EBA, 0x2E4 },
    { 0x4EC5, 0x4EC5, 0x2E5 },
    { 0x4ECA, 0x4ECA, 0x2E6 },
    { 0x4ECE, 0x4ECE, 0x2E7 },
    { 0x4ED6, 0x4ED6, 0x2E8 },
    { 0x4EE5, 0x4EE5, 0x2E9 },
    { 0x4EF6, 0x4EF6, 0x2EA },
    { 0x4EFB, 0x4EFB, 0x2EB },
    { 0x4F11, 0x4F11, 0x2EC },
    { 0x4F20, 0x4F20, 0x2ED },
    { 0x4F30, 0x4F30, 0x2EE },
    { 0x4F4D, 0x4F4D, 0x2EF },
    { 0x4F53, 0x4F53, 0x2F0 },
    { 0x4F59, 0x4F59, 0x2F1 },
    { 0x4F5C, 0x4F5C, 0x2F2 },
    { 0x4F60, 0x4F60, 0x2F3 },
    { 0x4F7F, 0x4F7F, 0x2F4 },
    { 0x4F9B, 0x4F9B, 0x2F5 },
    { 0x4FA7, 0x4FA7, 0x2F6 },
    { 0x4FBF, 0x4FBF, 0x2F7 },
    { 0x4FDD, 0x4FDD, 0x2F8 },
    { 0x4FE1, 0x4FE1, 0x2F9 },
    { 0x4FEE, 0x4FEE, 0x2FA },
    { 0x5012, 0x5012, 0x2FB },
    { 0x503C, 0x503C, 0x2FC },
    { 0x503E, 0x503E, 0x2FD },
    { 0x504F, 0x504F, 0x2FE },
    { 0x50A8, 0x50A8, 0x2FF },
    { 0x5143, 0x5143, 0x300 },
    { 0x5148, 0x5149, 0x301 },
    { 0x5165, 0x5165, 0x303 },
    { 0x5168, 0x5168, 0x304 },
    { 0x516D, 0x516D, 0x305 },
    { 0x5173, 0x5173, 0x306 },
    { 0x5176, 0x5178, 0x307 },
    { 0x5185, 0x5185, 0x30A },
    { 0x518C, 0x518D, 0x30B },
    { 0x5199, 0x5199, 0x30D },
    { 0x51C6, 0x51C6, 0x30E },
    { 0x51D1, 0x51D1, 0x30F },
    { 0x51FA, 0x51FA, 0x310 },
    { 0x5206, 0x5207, 0x311 },
    { 0x5217, 0x5217, 0x313 },
    { 0x521B, 0x521B, 0x314 },
    { 0x521D, 0x521D, 0x315 },
    { 0x5220, 0x5220, 0x316 },
    { 0x5230, 0x5230, 0x317 },
    { 0x5236, 0x5237, 0x318 },
    { 0x524D, 0x524D, 0x31A },
    { 0x5269, 0x526A, 0x31B },
    { 0x529F, 0x52A1, 0x31D },
    { 0x52A8, 0x52A8, 0x320 },
    { 0x52FF, 0x52FF, 0x321 },
    { 0x5305, 0x5305, 0x322 },
    { 0x5339, 0x533A, 0x323 },
    { 0x5355, 0x5355, 0x325 },
    { 0x5360, 0x5361, 0x326 },
    { 0x5373, 0x5373, 0x328 },
    { 0x538B, 0x538B, 0x329 },
    { 0x539F, 0x539F, 0x32A },
    { 0x53CD, 0x53CD, 0x32B },
    { 0x53D1, 0x53D1, 0x32C },
    { 0x53D6, 0x53D6, 0x32D },
    { 0x53E3, 0x53E3, 0x32E },
    { 0x53EF, 0x53EF, 0x32F },
    { 0x53F3, 0x53F3, 0x330 },
    { 0x53F7, 0x53F7, 0x331 },
    { 0x5404, 0x5404, 0x332 },
    { 0x540C, 0x540E, 0x333 },
    { 0x5411, 0x5411, 0x336 },
    { 0x5426, 0x5426, 0x337 },
    { 0x542B, 0x542B, 0x338 },
    { 0x542F, 0x542F, 0x339 },
    { 0x544A, 0x544A, 0x33A },
    { 0x5468, 0x5468, 0x33B },
    { 0x547D, 0x547D, 0x33C },
    { 0x548C, 0x548C, 0x33D },
    { 0x54C8, 0x54C8, 0x33E },
    { 0x5524, 0x5524, 0x33F },
    { 0x5668, 0x5668, 0x340 },
    { 0x56DB, 0x56DB, 0x341 },
    { 0x56DE, 0x56DE, 0x342 },
    { 0x56E0, 0x56E0, 0x343 },
    { 0x56F4, 0x56F4, 0x344 },
    { 0x56FA, 0x56FA, 0x345 },
    { 0x56FE, 0x56FE, 0x346 },
    { 0x5706, 0x5706, 0x347 },
    { 0x5728, 0x5728, 0x348 },
    { 0x5730, 0x5730, 0x349 },
    { 0x5740, 0x5740, 0x34A },
    { 0x5747, 0x5747, 0x34B },
    { 0x5782, 0x5782, 0x34C },
    { 0x57FA, 0x57FA, 0x34D },
    { 0x589E, 0x589E, 0x34E },
    { 0x5907, 0x5907, 0x34F },
    { 0x590D, 0x590D, 0x350 },
    { 0x591A, 0x591A, 0x351 },
    { 0x591C, 0x591C, 0x352 },
    { 0x5927, 0x5927, 0x353 },
    { 0x5929, 0x5929, 0x354 },
    { 0x5931, 0x5931, 0x355 },
    { 0x5934, 0x5934, 0x356 },
    { 0x5939, 0x5939, 0x357 },
    { 0x59CB, 0x59CB, 0x358 },
    { 0x5B57, 0x5B58, 0x359 },
    { 0x5B89, 0x5B89, 0x35B },
    { 0x5B8C, 0x5B8C, 0x35C },
    { 0x5B9A, 0x5B9A, 0x35D },
    { 0x5BB6, 0x5BB6, 0x35E },
    { 0x5BB9, 0x5BB9, 0x35F },
    { 0x5BBD, 0x5BBD, 0x360 },
    { 0x5BC6, 0x5BC6, 0x361 },
    { 0x5BF9, 0x5BF9, 0x362 },
    { 0x5C01, 0x5C01, 0x363 },
    { 0x5C06, 0x5C06, 0x364 },
    { 0x5C0F, 0x5C0F, 0x365 },
    { 0x5C11, 0x5C11, 0x366 },
    { 0x5C1A, 0x5C1A, 0x367 },
    { 0x5C31, 0x5C31, 0x368 },
    { 0x5C40, 0x5C40, 0x369 },
    { 0x5C45, 0x5C45, 0x36A },
    { 0x5C4F, 0x5C4F, 0x36B },
    { 0x5DE5, 0x5DE6, 0x36C },
    { 0x5DF2, 0x5DF2, 0x36E },
    { 0x5E03, 0x5E03, 0x36F },
    { 0x5E0C, 0x5E0C, 0x370 },
    { 0x5E26, 0x5E26, 0x371 },
    { 0x5E55, 0x5E55, 0x372 },
    { 0x5E73, 0x5E73, 0x373 },
    { 0x5E76, 0x5E76, 0x374 },
    { 0x5E8F, 0x5E8F, 0x375 },
    { 0x5E94, 0x5E95, 0x376 },
    { 0x5EA6, 0x5EA6, 0x378 },
    { 0x5EFA, 0x5EFA, 0x379 },
    { 0x5F00, 0x5F00, 0x37A },
    { 0x5F0F, 0x5F0F, 0x37B },
    { 0x5F15, 0x5F15, 0x37C },
    { 0x5F39, 0x5F39, 0x37D },
    { 0x5F53, 0x5F53, 0x37E },
    { 0x5F55, 0x5F55, 0x37F },
    { 0x5F97, 0x5F97, 0x380 },
    { 0x5FD8, 0x5FD8, 0x381 },
    { 0x5FEB, 0x5FEB, 0x382 },
    { 0x5FFD, 0x5FFD, 0x383 },
    { 0x6001, 0x6001, 0x384 },
    { 0x6062, 0x6062, 0x385 },
    { 0x606F, 0x606F, 0x386 },
    { 0x60C5, 0x60C5, 0x387 },
    { 0x60EF, 0x60EF, 0x388 },
    { 0x610F, 0x610F, 0x389 },
    { 0x6162, 0x6162, 0x38A },
    { 0x6210, 0x6210, 0x38B },
    { 0x6216, 0x6216, 0x38C },
    { 0x622A, 0x622A, 0x38D },
    { 0x6237, 0x6237, 0x38E },
    { 0x6240, 0x6240, 0x38F },
    { 0x624B, 0x624B, 0x390 },
    { 0x6253, 0x6253, 0x391 },
    { 0x626B, 0x626B, 0x392 },
    { 0x627E, 0x627E, 0x393 },
    { 0x6297, 0x6297, 0x394 },
    { 0x62A5, 0x62A5, 0x395 },
    { 0x62D4, 0x62D4, 0x396 },
    { 0x62E9, 0x62E9, 0x397 },
    { 0x6301, 0x6301, 0x398 },
    { 0x6307, 0x6307, 0x399 },
    { 0x6309, 0x6309, 0x39A },
    { 0x6325, 0x6325, 0x39B },
    { 0x6362, 0x6362, 0x39C },
    { 0x636E, 0x636E, 0x39D },
    { 0x6392, 0x6392, 0x39E },
    { 0x63A5, 0x63A5, 0x39F },
    { 0x63A7, 0x63A8, 0x3A0 },
    { 0x63CF, 0x63D0, 0x3A2 },
    { 0x63D2, 0x63D2, 0x3A4 },
    { 0x641C, 0x641C, 0x3A5 },
    { 0x6458, 0x6458, 0x3A6 },
    { 0x64CD, 0x64CD, 0x3A7 },
    { 0x6536, 0x6536, 0x3A8 },
    { 0x6539, 0x6539, 0x3A9 },
    { 0x653E, 0x653E, 0x3AA },
    { 0x6548, 0x6548, 0x3AB },
    { 0x6570, 0x6570, 0x3AC },
    { 0x6574, 0x6574, 0x3AD },
    { 0x6587, 0x6587, 0x3AE },
    { 0x659C, 0x659C, 0x3AF },
    { 0x65AD, 0x65AD, 0x3B0 },
    { 0x65B0, 0x65B0, 0x3B1 },
    { 0x65B9, 0x65B9, 0x3B2 },
    { 0x65E0, 0x65E0, 0x3B3 },
    { 0x65E5, 0x65E5, 0x3B4 },
    { 0x65E9, 0x65E9, 0x3B5 },
    { 0x65F6, 0x65F6, 0x3B6 },
    { 0x660E, 0x660E, 0x3B7 },
    { 0x662F, 0x662F, 0x3B8 },
    { 0x663E, 0x663E, 0x3B9 },
    { 0x6670, 0x6670, 0x3BA },
    { 0x667A, 0x667A, 0x3BB },
    { 0x6682, 0x6682, 0x3BC },
    { 0x66F4, 0x66F4, 0x3BD },
    { 0x6700, 0x6700, 0x3BE },
    { 0x6709, 0x6709, 0x3BF },
    { 0x670D, 0x670D, 0x3C0 },
    { 0x671F, 0x671F, 0x3C1 },
    { 0x672A, 0x672C, 0x3C2 },
    { 0x673A, 0x673A, 0x3C5 },
    { 0x6761, 0x6761, 0x3C6 },
    { 0x6765, 0x6765, 0x3C7 },
    { 0x677E, 0x677E, 0x3C8 },
    { 0x6790, 0x6790, 0x3C9 },
    { 0x679C, 0x679C, 0x3CA },
    { 0x67E5, 0x67E5, 0x3CB },
    { 0x6807, 0x6807, 0x3CC },
    { 0x680F, 0x680F, 0x3CD },
    { 0x6837, 0x6837, 0x3CE },
    { 0x6839, 0x6839, 0x3CF },
    { 0x683C, 0x683C, 0x3D0 },
    { 0x6846, 0x6846, 0x3D1 },
    { 0x6863, 0x6863, 0x3D2 },
    { 0x68C0, 0x68C0, 0x3D3 },
    { 0x6A21, 0x6A21, 0x3D4 },
    { 0x6A2A, 0x6A2A, 0x3D5 },
    { 0x6B21, 0x6B21, 0x3D6 },
    { 0x6B63, 0x6B65, 0x3D7 },
    { 0x6BB5, 0x6BB5, 0x3DA },
    { 0x6BCF, 0x6BCF, 0x3DB },
    { 0x6BD4, 0x6BD4, 0x3DC },
    { 0x6C34, 0x6C34, 0x3DD },
    { 0x6C89, 0x6C89, 0x3DE },
    { 0x6CA1, 0x6CA1, 0x3DF },
    { 0x6CD5, 0x6CD5, 0x3E0 },
    { 0x6CE8, 0x6CE8, 0x3E1 },
    { 0x6D3B, 0x6D3B, 0x3E2 },
    { 0x6D45, 0x6D45, 0x3E3 },
    { 0x6D4F, 0x6D4F, 0x3E4 },
    { 0x6D88, 0x6D88, 0x3E5 },
    { 0x6DF1, 0x6DF1, 0x3E6 },
    { 0x6DFB, 0x6DFB, 0x3E7 },
    { 0x6E05, 0x6E05, 0x3E8 },
    { 0x6E10, 0x6E10, 0x3E9 },
    { 0x6E29, 0x6E29, 0x3EA },
    { 0x6E90, 0x6E90, 0x3EB },
    { 0x6ED1, 0x6ED1, 0x3EC },
    { 0x6EE4, 0x6EE4, 0x3ED },
    { 0x706F, 0x706F, 0x3EE },
    { 0x70B9, 0x70B9, 0x3EF },
    { 0x70ED, 0x70ED, 0x3F0 },
    { 0x7136, 0x7136, 0x3F1 },
    { 0x7247, 0x7248, 0x3F2 },
    { 0x7259, 0x7259, 0x3F4 },
    { 0x72B6, 0x72B6, 0x3F5 },
    { 0x732B, 0x732B, 0x3F6 },
    { 0x7387, 0x7387, 0x3F7 },
    { 0x73B0, 0x73B0, 0x3F8 },
    { 0x7406, 0x7406, 0x3F9 },
    { 0x7528, 0x7528, 0x3FA },
    { 0x7535, 0x7535, 0x3FB },
    { 0x753B, 0x753B, 0x3FC },
    { 0x754C, 0x754C, 0x3FD },
    { 0x7559, 0x7559, 0x3FE },
    { 0x7565, 0x7565, 0x3FF },
    { 0x767B, 0x767B, 0x400 },
    { 0x767E, 0x767E, 0x401 },
    { 0x7684, 0x7684, 0x402 },
    { 0x76D8, 0x76D8, 0x403 },
    { 0x76EE, 0x76EE, 0x404 },
    { 0x76F4, 0x76F4, 0x405 },
    { 0x770B, 0x770B, 0x406 },
    { 0x7720, 0x7720, 0x407 },
    { 0x7740, 0x7740, 0x408 },
    { 0x7761, 0x7761, 0x409 },
    { 0x77ED, 0x77ED, 0x40A },
    { 0x7801, 0x7801, 0x40B },
    { 0x786E, 0x786E, 0x40C },
    { 0x793A, 0x793A, 0x40D },
    { 0x7981, 0x7981, 0x40E },
    { 0x79D2, 0x79D2, 0x40F },
    { 0x79F0, 0x79F0, 0x410 },
    { 0x79FB, 0x79FB, 0x411 },
    { 0x7A0B, 0x7A0B, 0x412 },
    { 0x7A7A, 0x7A7A, 0x413 },
    { 0x7ACB, 0x7ACB, 0x414 },
    { 0x7AD6, 0x7AD6, 0x415 },
    { 0x7AE0, 0x7AE0, 0x416 },
    { 0x7AEF, 0x7AEF, 0x417 },
    { 0x7B26, 0x7B26, 0x418 },
    { 0x7B2C, 0x7B2C, 0x419 },
    { 0x7B7E, 0x7B7E, 0x41A },
    { 0x7B80, 0x7B80, 0x41B },
    { 0x7B97, 0x7B97, 0x41C },
    { 0x7BA1, 0x7BA1, 0x41D },
    { 0x7BAD, 0x7BAD, 0x41E },
    { 0x7C4D, 0x7C4D, 0x41F },
    { 0x7C97, 0x7C97, 0x420 },
    { 0x7CFB, 0x7CFB, 0x421 },
    { 0x7D22, 0x7D22, 0x422 },
    { 0x7D27, 0x7D27, 0x423 },
    { 0x7EBF, 0x7EBF, 0x424 },
    { 0x7EC6, 0x7EC6, 0x425 },
    { 0x7EC8, 0x7EC8, 0x426 },
    { 0x7ED3, 0x7ED3, 0x427 },
    { 0x7EDC, 0x7EDC, 0x428 },
    { 0x7EDF, 0x7EDF, 0x429 },
    { 0x7EE7, 0x7EE7, 0x42A },
    { 0x7EEA, 0x7EEA, 0x42B },
    { 0x7EED, 0x7EED, 0x42C },
    { 0x7EF4, 0x7EF4, 0x42D },
    { 0x7F13, 0x7F13, 0x42E },
    { 0x7F16, 0x7F16, 0x42F },
    { 0x7F1D, 0x7F1D, 0x430 },
    { 0x7F29, 0x7F29, 0x431 },
    { 0x7F51, 0x7F51, 0x432 },
    { 0x7F6E, 0x7F6E, 0x433 },
    { 0x7FFB, 0x7FFB, 0x434 },
    { 0x8005, 0x8005, 0x435 },
    { 0x8017, 0x8017, 0x436 },
    { 0x80FD, 0x80FD, 0x437 },
    { 0x8111, 0x8111, 0x438 },
    { 0x811A, 0x811A, 0x439 },
    { 0x81EA, 0x81EA, 0x43A },
    { 0x81F3, 0x81F3, 0x43B },
    { 0x8272, 0x8272, 0x43C },
    { 0x8282, 0x8282, 0x43D },
    { 0x82E5, 0x82E5, 0x43E },
    { 0x82F1, 0x82F1, 0x43F },
    { 0x8303, 0x8303, 0x440 },
    { 0x8350, 0x8350, 0x441 },
    { 0x83B7, 0x83B7, 0x442 },
    { 0x83DC, 0x83DC, 0x443 },
    { 0x843D, 0x843D, 0x444 },
    { 0x84DD, 0x84DD, 0x445 },
    { 0x85CF, 0x85CF, 0x446 },
    { 0x884C, 0x884C, 0x447 },
    { 0x8868, 0x8868, 0x448 },
    { 0x88AB, 0x88AB, 0x449 },
    { 0x88C1, 0x88C1, 0x44A },
    { 0x88C5, 0x88C5, 0x44B },
    { 0x892A, 0x892A, 0x44C },
    { 0x8981, 0x8981, 0x44D },
    { 0x89C1, 0x89C1, 0x44E },
    { 0x89C8, 0x89C8, 0x44F },
    { 0x89E3, 0x89E3, 0x450 },
    { 0x89E6, 0x89E6, 0x451 },
    { 0x8A00, 0x8A00, 0x452 },
    { 0x8BA1, 0x8BA1, 0x453 },
    { 0x8BA4, 0x8BA4, 0x454 },
    { 0x8BAE, 0x8BAE, 0x455 },
    { 0x8BB0, 0x8BB0, 0x456 },
    { 0x8BBE, 0x8BBE, 0x457 },
    { 0x8BC1, 0x8BC1, 0x458 },
    { 0x8BCD, 0x8BCD, 0x459 },
    { 0x8BD5, 0x8BD5, 0x45A },
    { 0x8BE2, 0x8BE2, 0x45B },
    { 0x8BE6, 0x8BE6, 0x45C },
    { 0x8BED, 0x8BED, 0x45D },
    { 0x8BEF, 0x8BEF, 0x45E },
    { 0x8BF4, 0x8BF4, 0x45F },
    { 0x8BF7, 0x8BF7, 0x460 },
    { 0x8BFB, 0x8BFB, 0x461 },
    { 0x8C03, 0x8C03, 0x462 },
    { 0x8D25, 0x8D26, 0x463 },
    { 0x8D77, 0x8D77, 0x465 },
    { 0x8D85, 0x8D85, 0x466 },
    { 0x8DB3, 0x8DB3, 0x467 },
    { 0x8DC3, 0x8DC3, 0x468 },
    { 0x8DD1, 0x8DD1, 0x469 },
    { 0x8DDD, 0x8DDD, 0x46A },
    { 0x8DDF, 0x8DDF, 0x46B },
    { 0x8DF3, 0x8DF3, 0x46C },
    { 0x8F6C, 0x8F6C, 0x46D },
    { 0x8F7B, 0x8F7B, 0x46E },
    { 0x8F7D, 0x8F7D, 0x46F },
    { 0x8F83, 0x8F83, 0x470 },
    { 0x8F93, 0x8F93, 0x471 },
    { 0x8FB9, 0x8FB9, 0x472 },
    { 0x8FBE, 0x8FBE, 0x473 },
    { 0x8FC7, 0x8FC7, 0x474 },
    { 0x8FD1, 0x8FD1, 0x475 },
    { 0x8FD4, 0x8FD4, 0x476 },
    { 0x8FD8, 0x8FD9, 0x477 },
    { 0x8FDB, 0x8FDC, 0x479 },
    { 0x8FDE, 0x8FDE, 0x47B },
    { 0x9000, 0x9002, 0x47C },
    { 0x9006, 0x9006, 0x47F },
    { 0x9009, 0x9009, 0x480 },
    { 0x900F, 0x900F, 0x481 },
    { 0x901A, 0x901A, 0x482 },
    { 0x901F, 0x901F, 0x483 },
    { 0x90E8, 0x90E8, 0x484 },
    { 0x90FD, 0x90FD, 0x485 },
    { 0x914D, 0x914D, 0x486 },
    { 0x9192, 0x9192, 0x487 },
    { 0x91CA, 0x91CA, 0x488 },
    { 0x91CC, 0x91CD, 0x489 },
    { 0x91CF, 0x91CF, 0x48B },
    { 0x9488, 0x9488, 0x48C },
    { 0x949F, 0x949F, 0x48D },
    { 0x94FE, 0x94FE, 0x48E },
    { 0x9519, 0x9519, 0x48F },
    { 0x952E, 0x952F, 0x490 },
    { 0x955C, 0x955C, 0x492 },
    { 0x957F, 0x957F, 0x493 },
    { 0x95ED, 0x95EE, 0x494 },
    { 0x95F4, 0x95F4, 0x496 },
    { 0x9605, 0x9605, 0x497 },
    { 0x9633, 0x9633, 0x498 },
    { 0x9644, 0x9644, 0x499 },
    { 0x9664, 0x9664, 0x49A },
    { 0x968F, 0x9690, 0x49B },
    { 0x9700, 0x9700, 0x49D },
    { 0x9762, 0x9762, 0x49E },
    { 0x9875, 0x9876, 0x49F },
    { 0x9879, 0x987A, 0x4A1 },
    { 0x9884, 0x9884, 0x4A3 },
    { 0x9891, 0x9891, 0x4A4 },
    { 0x9898, 0x9898, 0x4A5 },
    { 0x9988, 0x9988, 0x4A6 },
    { 0x9996, 0x9996, 0x4A7 },
    { 0x9A8C, 0x9A8C, 0x4A8 },
    { 0x9E1F, 0x9E1F, 0x4A9 },
    { 0x9E70, 0x9E70, 0x4AA },
    { 0x9ED8, 0x9ED8, 0x4AB },
    { 0x9F50, 0x9F50, 0x4AC },
    { 0x9F7F, 0x9F7F, 0x4AD },
    { 0xFB01, 0xFB02, 0x4AE },
    { 0xFB56, 0xFB59, 0x4B0 },
    { 0xFB66, 0xFB69, 0x4B4 },
    { 0xFB7A, 0xFB7D, 0x4B8 },
    { 0xFB88, 0xFB95, 0x4BC },
    { 0xFB9E, 0xFB9F, 0x4CA },
    { 0xFBA6, 0xFBB1, 0x4CC },
    { 0xFBFC, 0xFBFF, 0x4D8 },
    { 0xFE80, 0xFEFC, 0x4DC },
    { 0xFF01, 0xFF01, 0x559 },
    { 0xFF08, 0xFF09, 0x55A },
    { 0xFF0C, 0xFF0C, 0x55C },
    { 0xFF1A, 0xFF1A, 0x55D },
    { 0xFF1F, 0xFF1F, 0x55E },
};

static const EpdFontGroup geist_14_regularGroups[] = {
    { 0, 666, 2031, 35, 0 },
    { 666, 508, 2047, 22, 35 },
    { 1174, 502, 1994, 30, 57 },
    { 1676, 206, 638, 10, 87 },
    { 1882, 663, 2001, 33, 97 },
    { 2545, 384, 1996, 18, 130 },
    { 2929, 471, 2012, 20, 148 },
    { 3400, 364, 1936, 24, 168 },
    { 3764, 406, 1972, 18, 192 },
    { 4170, 288, 1971, 18, 210 },
    { 4458, 415, 2003, 25, 228 },
    { 4873, 424, 1972, 19, 253 },
    { 5297, 353, 1976, 21, 272 },
    { 5650, 367, 1750, 16, 293 },
    { 6017, 523, 1737, 16, 309 },
    { 6540, 130, 282, 23, 325 },
    { 6670, 474, 2030, 19, 348 },
    { 7144, 495, 2028, 19, 367 },
    { 7639, 489, 1998, 21, 386 },
    { 8128, 472, 2018, 28, 407 },
    { 8600, 549, 1991, 22, 435 },
    { 9149, 553, 2007, 22, 457 },
    { 9702, 116, 294, 3, 479 },
    { 9818, 515, 2037, 30, 482 },
    { 10333, 399, 1697, 26, 512 },
    { 10732, 297, 1928, 16, 538 },
    { 11029, 354, 2018, 18, 554 },
    { 11383, 357, 1997, 20, 572 },
    { 11740, 343, 1961, 17, 592 },
    { 12083, 290, 1935, 17, 609 },
    { 12373, 98, 239, 2, 626 },
    { 12471, 244, 852, 30, 628 },
    { 12715, 173, 585, 17, 658 },
    { 12888, 187, 609, 6, 675 },
    { 13075, 562, 1882, 21, 681 },
    { 13637, 286, 944, 13, 702 },
    { 13923, 402, 1926, 13, 715 },
    { 14325, 510, 2011, 11, 728 },
    { 14835, 602, 2030, 10, 739 },
    { 15437, 588, 2044, 10, 749 },
    { 16025, 631, 2002, 10, 759 },
    { 16656, 500, 1966, 10, 769 },
    { 17156, 524, 1876, 10, 779 },
    { 17680, 544, 1946, 10, 789 },
    { 18224, 510, 1862, 10, 799 },
    { 18734, 514, 1915, 10, 809 },
    { 19248, 490, 1925, 10, 819 },
    { 19738, 451, 1917, 10, 829 },
    { 20189, 557, 2035, 10, 839 },
    { 20746, 571, 1974, 10, 849 },
    { 21317, 608, 1960, 10, 859 },
    { 21925, 499, 1862, 10, 869 },
    { 22424, 528, 1974, 10, 879 },
    { 22952, 547, 1897, 10, 889 },
    { 23499, 645, 1967, 10, 899 },
    { 24144, 483, 1848, 9, 909 },
    { 24627, 629, 2016, 10, 918 },
    { 25256, 630, 2016, 10, 928 },
    { 25886, 689, 1995, 10, 938 },
    { 26575, 493, 2027, 11, 948 },
    { 27068, 506, 1868, 9, 959 },
    { 27574, 596, 2002, 10, 968 },
    { 28170, 642, 2044, 10, 978 },
    { 28812, 672, 1960, 10, 988 },
    { 29484, 673, 1953, 10, 998 },
    { 30157, 634, 1981, 10, 1008 },
    { 30791, 484, 1910, 10, 1018 },
    { 31275, 483, 1864, 10, 1028 },
    { 31758, 617, 1960, 10, 1038 },
    { 32375, 630, 1953, 10, 1048 },
    { 33005, 763, 1988, 10, 1058 },
    { 33768, 741, 1988, 10, 1068 },
    { 34509, 553, 1932, 10, 1078 },
    { 35062, 665, 2037, 10, 1088 },
    { 35727, 620, 1995, 10, 1098 },
    { 36347, 600, 1904, 10, 1108 },
    { 36947, 624, 1988, 10, 1118 },
    { 37571, 680, 1932, 10, 1128 },
    { 38251, 625, 2015, 10, 1138 },
    { 38876, 628, 1988, 10, 1148 },
    { 39504, 536, 1967, 10, 1158 },
    { 40040, 555, 1981, 10, 1168 },
    { 40595, 575, 1924, 10, 1178 },
    { 41170, 607, 1868, 9, 1188 },
    { 41777, 86, 196, 1, 1197 },
    { 41863, 56, 189, 2, 1198 },
    { 41919, 517, 1985, 18, 1200 },
    { 42436, 547, 1992, 20, 1218 },
    { 42983, 538, 1997, 25, 1238 },
    { 43521, 407, 1958, 19, 1263 },
    { 43928, 411, 1930, 17, 1282 },
    { 44339, 393, 1988, 13, 1299 },
    { 44732, 472, 2006, 17, 1312 },
    { 45204, 565, 2009, 19, 1329 },
    { 45769, 607, 2027, 22, 1348 },
    { 46376, 104, 270, 5, 1370 },
};

static const uint16_t geist_14_regularKernLeftCodepoints[] = {
    0x0022, 0x0026, 0x0027, 0x0028, 0x002A, 0x002B, 0x002C, 0x002D, 0x002E, 0x002F, 0x0030, 0x0031,
    0x0032, 0x0033, 0x0034, 0x0035, 0x0036, 0x0037, 0x0038, 0x0039, 0x003A, 0x003B, 0x003C, 0x003D,
    0x003E, 0x0041, 0x0042, 0x0043, 0x0044, 0x0045, 0x0046, 0x0047, 0x0048, 0x0049, 0x004A, 0x004B,
    0x004C, 0x004D, 0x004E, 0x004F, 0x0050, 0x0051, 0x0052, 0x0053, 0x0054, 0x0055, 0x0056, 0x0057,
    0x0058, 0x0059, 0x005A, 0x005B, 0x005C, 0x005E, 0x0061, 0x0062, 0x0063, 0x0064, 0x0065, 0x0066,
    0x0067, 0x0068, 0x0069, 0x006A, 0x006B, 0x006C, 0x006D, 0x006E, 0x006F, 0x0070, 0x0071, 0x0072,
    0x0073, 0x0074, 0x0075, 0x0076, 0x0077, 0x0078, 0x0079, 0x007A, 0x007B, 0x007E, 0x00A1, 0x00A2,
    0x00A5, 0x00A9, 0x00AA, 0x00AB, 0x00AC, 0x00B1, 0x00BA, 0x00BB, 0x00BF, 0x00C0, 0x00C1, 0x00C2,
    0x00C3, 0x00C4, 0x00C5, 0x00C6, 0x00C7, 0x00C8, 0x00C9, 0x00CA, 0x00CB, 0x00CC, 0x00CD, 0x00CE,
    0x00CF, 0x00D0, 0x00D1, 0x00D2, 0x00D3, 0x00D4, 0x00D5, 0x00D6, 0x00D7, 0x00D8, 0x00D9, 0x00DA,
    0x00DB, 0x00DC, 0x00DD, 0x00DE, 0x00E0, 0x00E1, 0x00E2, 0x00E3, 0x00E4, 0x00E5, 0x00E6, 0x00E7,
    0x00E8, 0x00E9, 0x00EA, 0x00EB, 0x00EC, 0x00ED, 0x00EE, 0x00EF, 0x00F0, 0x00F1, 0x00F2, 0x00F3,
    0x00F4, 0x00F5, 0x00F6, 0x00F7, 0x00F8, 0x00F9, 0x00FA, 0x00FB, 0x00FC, 0x00FD, 0x00FE, 0x00FF,
    0x0100, 0x0101, 0x0102, 0x0103, 0x0104, 0x0105, 0x0106, 0x0107, 0x0108, 0x0109, 0x010A, 0x010B,
    0x010C, 0x010D, 0x010E, 0x010F, 0x0110, 0x0112, 0x0113, 0x0116, 0x0117, 0x0118, 0x0119, 0x011A,
    0x011B, 0x011C, 0x011D, 0x011E, 0x011F, 0x0120, 0x0121, 0x0122, 0x0123, 0x0124, 0x0125, 0x0126,
    0x0127, 0x0128, 0x0129, 0x012A, 0x012B, 0x012E, 0x012F, 0x0130, 0x0131, 0x0132, 0x0133, 0x0134,
    0x0135, 0x0136, 0x0137, 0x0139, 0x013A, 0x013B, 0x013C, 0x013D, 0x013E, 0x0141, 0x0142, 0x0143,
    0x0144, 0x0145, 0x0146, 0x0147, 0x0148, 0x014A, 0x014B, 0x014C, 0x014D, 0x0150, 0x0151, 0x0152,
    0x0153, 0x0154, 0x0155, 0x0156, 0x0157, 0x0158, 0x0159, 0x015A, 0x015B, 0x015C, 0x015D, 0x015E,
    0x015F, 0x0160, 0x0161, 0x0162, 0x0163, 0x0164, 0x0165, 0x0166, 0x0167, 0x0168, 0x0169, 0x016A,
    0x016B, 0x016C, 0x016D, 0x016E, 0x016F, 0x0170, 0x0171, 0x0172, 0x0173, 0x0174, 0x0175, 0x0176,
    0x0177, 0x0178, 0x0179, 0x017A, 0x017B, 0x017C, 0x017D, 0x017E, 0x01A0, 0x01A1, 0x01AF, 0x01B0,
    0x01CD, 0x01CE, 0x01E4, 0x01E5, 0x01E6, 0x01E7, 0x01E8, 0x01E9, 0x0218, 0x0219, 0x021A, 0x021B,
    0x0400, 0x0401, 0x0402, 0x0404, 0x0405, 0x0406, 0x0407, 0x0409, 0x040A, 0x040E, 0x040F, 0x0410,
    0x0411, 0x0412, 0x0413, 0x0414, 0x0415, 0x0416, 0x0417, 0x0418, 0x0419, 0x041A, 0x041B, 0x041C,
    0x041D, 0x041E, 0x041F, 0x0420, 0x0421, 0x0422, 0x0423, 0x0424, 0x0425, 0x0427, 0x0428, 0x042A,
    0x042B, 0x042C, 0x042D, 0x042E, 0x042F, 0x0430, 0x0431, 0x0432, 0x0433, 0x0434, 0x0435, 0x0436,
    0x0437, 0x0438, 0x0439, 0x043A, 0x043B, 0x043C, 0x043D, 0x043E, 0x043F, 0x0440, 0x0441, 0x0442,
    0x0443, 0x0444, 0x0445, 0x0446, 0x0447, 0x0448, 0x0449, 0x044B, 0x044D, 0x044E, 0x044F, 0x0450,
    0x0451, 0x0452, 0x0453, 0x0454, 0x0455, 0x0456, 0x0457, 0x0458, 0x0459, 0x045B, 0x045D, 0x045E,
    0x0462, 0x0463, 0x046A, 0x046B, 0x0472, 0x0473, 0x0474, 0x0475, 0x0490, 0x0491, 0x0492, 0x0493,
    0x0496, 0x049A, 0x04A3, 0x04AE, 0x04AF, 0x04B0, 0x04B1, 0x04B2, 0x04B7, 0x04BB, 0x04C0, 0x04CF,
    0x04D8, 0x04D9, 0x04E2, 0x04E3, 0x04E8, 0x04EF, 0x05D0, 0x05D1, 0x05D2, 0x05D3, 0x05D5, 0x05D6,
    0x05D8, 0x05D9, 0x05DB, 0x05DC, 0x05DE, 0x05E0, 0x05E1, 0x05E2, 0x05E4, 0x05E6, 0x05E8, 0x05E9,
    0x05EA, 0x1EA0, 0x1EA1, 0x1EA2, 0x1EA3, 0x1EA4, 0x1EA5, 0x1EA6, 0x1EA7, 0x1EA8, 0x1EA9, 0x1EAA,
    0x1EAB, 0x1EAC, 0x1EAD, 0x1EAE, 0x1EAF, 0x1EB0, 0x1EB1, 0x1EB2, 0x1EB3, 0x1EB4, 0x1EB5, 0x1EB6,
    0x1EB7, 0x1EB8, 0x1EB9, 0x1EBA, 0x1EBB, 0x1EBC, 0x1EBD, 0x1EBE, 0x1EBF, 0x1EC0, 0x1EC1, 0x1EC2,
    0x1EC3, 0x1EC4, 0x1EC5, 0x1EC6, 0x1EC7, 0x1EC8, 0x1EC9, 0x1ECA, 0x1ECB, 0x1ECC, 0x1ECD, 0x1ECE,
    0x1ECF, 0x1ED0, 0x1ED1, 0x1ED2, 0x1ED3, 0x1ED4, 0x1ED5, 0x1ED6, 0x1ED7, 0x1ED8, 0x1ED9, 0x1EDA,
    0x1EDB, 0x1EDC, 0x1EDD, 0x1EDE, 0x1EDF, 0x1EE0, 0x1EE1, 0x1EE2, 0x1EE3, 0x1EE4, 0x1EE5, 0x1EE6,
    0x1EE7, 0x1EE8, 0x1EE9, 0x1EEA, 0x1EEB, 0x1EEC, 0x1EED, 0x1EEE, 0x1EEF, 0x1EF0, 0x1EF1, 0x1EF2,
    0x1EF3, 0x1EF4, 0x1EF5, 0x1EF6, 0x1EF7, 0x1EF8, 0x1EF9, 0x2018, 0x2019, 0x201A, 0x201C, 0x201D,
    0x201E, 0x2026, 0x2039, 0x203A, 0x21E7, 0x2212, 0x221E, 0x2248, 0x2260, 0x2264, 0x2265, 0xFB01,
    0xFB02, 0xFB8C, 0xFEAD, 0xFEAE, 0xFEAF,
};

static const uint8_t geist_14_regularKernLeftClassIds[] = {
      1,   2,   1,   3,   4,   5,   6,   7,   6,   8,   9,  10,  11,  12,  13,  14,
     15,  16,  17,   9,  18,  18,   5,   5,   5,  19,  20,  21,  22,  23,  24,  25,
     26,  26,  27,  28,  29,  26,  26,  22,  30,  22,  31,  22,  32,  27,   8,   8,
     28,  33,  34,  35,  19,   5,  36,  37,  37,  26,  37,  38,  39,  40,  26,  26,
     41,  36,  40,  40,  37,  37,  39,  42,  37,  43,  39,  44,  44,  41,  44,  45,
     46,   5,  47,  48,  10,  22,   4,  49,   5,   5,   4,  50,  51,  19,  19,  19,
     19,  19,  19,  23,  21,  23,  23,  23,  23,  26,  26,  26,  26,  48,  26,  22,
     22,  22,  22,  22,   5,  22,  27,  27,  27,  27,  33,  22,  36,  36,  36,  36,
     36,  36,  37,  37,  37,  37,  37,  37,  26,  26,  26,  26,  37,  40,  37,  37,
     37,  37,  37,   5,  37,  39,  39,  39,  39,  44,  37,  44,  19,  36,  19,  36,
     19,  36,  21,  37,  21,  37,  21,  37,  21,  37,  48,  52,  22,  23,  37,  23,
     37,  23,  37,  23,  37,  25,  39,  25,  39,  25,  39,  25,  39,  26,  40,  26,
     40,  26,  26,  26,  26,  26,  26,  26,  26,  27,  26,  27,  26,  28,  41,  29,
     36,  29,  36,  53,  52,  29,  36,  26,  40,  26,  40,  26,  40,  26,  40,  22,
     37,  22,  37,  23,  37,  31,  42,  31,  42,  31,  42,  22,  37,  22,  37,  22,
     37,  22,  37,  32,  43,  32,  52,  32,  43,  27,  39,  27,  39,  27,  39,  27,
     39,  27,  39,  27,  39,   8,  44,  33,  44,  33,  34,  45,  34,  45,  34,  45,
     22,  37,  54,  39,  19,  36,  25,  39,  25,  39,  28,  41,  22,  37,  32,  43,
     23,  23,  20,  21,  22,  26,  10,  20,  20,   8,  26,  19,  20,  20,  32,  19,
     23,  28,  20,  26,  26,  28,  26,  26,  26,  22,  26,  30,  21,  32,   8,  22,
     28,  10,  26,  20,  10,  20,  22,  22,  10,  36,  37,  37,  42,  39,  37,  41,
     37,  39,  39,  41,  39,  39,  39,  37,  40,  37,  37,  42,  44,  37,  41,  39,
     39,  39,  39,  39,  37,  37,  39,  37,  37,  40,  42,  37,  37,  39,  39,  26,
     37,  40,  39,  44,  20,  37,  28,  41,  22,  37,   8,  44,  32,  42,  32,  42,
     28,  28,  26,  33,  44,  33,  44,  28,  39,  40,  26,  26,  22,  37,  26,  39,
     22,  44,  55,  56,  57,  58,  59,  60,  61,  62,  63,  64,  65,  66,  67,  68,
     69,  70,  71,  72,  73,  19,  36,  19,  36,  19,  36,  19,  36,  19,  36,  19,
     36,  19,  36,  19,  36,  19,  36,  19,  36,  19,  36,  19,  36,  23,  37,  23,
     37,  23,  37,  23,  37,  23,  37,  23,  37,  23,  37,  23,  37,  23,  26,  26,
     26,  22,  37,  22,  37,  22,  37,  22,  37,  22,  37,  22,  37,  22,  37,  22,
     37,  22,  37,  22,  37,  22,  37,  22,  37,  27,  39,  27,  39,  54,  39,  54,
     39,  54,  39,  54,  39,  54,  39,  33,  44,  33,  44,  33,  44,  33,  44,  74,
     75,   6,  74,  75,   6,   6,  76,  77,  19,   5,   5,   5,   5,   5,   5,  26,
     36,  78,  78,  78,  78,
};

static const uint16_t geist_14_regularKernRightCodepoints[] = {
    0x0021, 0x0022, 0x0025, 0x0026, 0x0027, 0x0029, 0x002A, 0x002B, 0x002C, 0x002D, 0x002E, 0x002F,
    0x0030, 0x0031, 0x0032, 0x0033, 0x0034, 0x0035, 0x0036, 0x0037, 0x0038, 0x0039, 0x003A, 0x003B,
    0x003C, 0x003D, 0x003E, 0x003F, 0x0041, 0x0042, 0x0043, 0x0044, 0x0045, 0x0046, 0x0047, 0x0048,
    0x0049, 0x004A, 0x004B, 0x004C, 0x004D, 0x004E, 0x004F, 0x0050, 0x0051, 0x0052, 0x0053, 0x0054,
    0x0055, 0x0056, 0x0057, 0x0058, 0x0059, 0x005A, 0x005C, 0x005D, 0x005E, 0x0061, 0x0062, 0x0063,
    0x0064, 0x0065, 0x0066, 0x0067, 0x0068, 0x0069, 0x006A, 0x006B, 0x006C, 0x006D, 0x006E, 0x006F,
    0x0070, 0x0071, 0x0072, 0x0073, 0x0074, 0x0075, 0x0076, 0x0077, 0x0078, 0x0079, 0x007A, 0x007D,
    0x007E, 0x00A5, 0x00A9, 0x00AA, 0x00AB, 0x00AC, 0x00B1, 0x00BA, 0x00BB, 0x00BF, 0x00C0, 0x00C1,
    0x00C2, 0x00C3, 0x00C4, 0x00C5, 0x00C6, 0x00C7, 0x00C8, 0x00C9, 0x00CA, 0x00CB, 0x00CC, 0x00CD,
    0x00CE, 0x00CF, 0x00D0, 0x00D1, 0x00D2, 0x00D3, 0x00D4, 0x00D5, 0x00D6, 0x00D7, 0x00D8, 0x00D9,
    0x00DA, 0x00DB, 0x00DC, 0x00DD, 0x00DE, 0x00DF, 0x00E0, 0x00E1, 0x00E2, 0x00E3, 0x00E4, 0x00E5,
    0x00E6, 0x00E7, 0x00E8, 0x00E9, 0x00EA, 0x00EB, 0x00EC, 0x00ED, 0x00EE, 0x00EF, 0x00F0, 0x00F1,
    0x00F2, 0x00F3, 0x00F4, 0x00F5, 0x00F6, 0x00F7, 0x00F8, 0x00F9, 0x00FA, 0x00FB, 0x00FC, 0x00FD,
    0x00FE, 0x00FF, 0x0100, 0x0101, 0x0102, 0x0103, 0x0104, 0x0105, 0x0106, 0x0107, 0x0108, 0x0109,
    0x010A, 0x010B, 0x010C, 0x010D, 0x010E, 0x010F, 0x0110, 0x0111, 0x0112, 0x0113, 0x0116, 0x0117,
    0x0118, 0x0119, 0x011A, 0x011B, 0x011C, 0x011D, 0x011E, 0x011F, 0x0120, 0x0121, 0x0122, 0x0123,
    0x0124, 0x0125, 0x0126, 0x0127, 0x0128, 0x0129, 0x012A, 0x012B, 0x012E, 0x012F, 0x0130, 0x0131,
    0x0132, 0x0133, 0x0134, 0x0135, 0x0136, 0x0137, 0x0139, 0x013A, 0x013B, 0x013C, 0x013D, 0x013E,
    0x0141, 0x0142, 0x0143, 0x0144, 0x0145, 0x0146, 0x0147, 0x0148, 0x014A, 0x014B, 0x014C, 0x014D,
    0x0150, 0x0151, 0x0152, 0x0153, 0x0154, 0x0155, 0x0156, 0x0157, 0x0158, 0x0159, 0x015A, 0x015B,
    0x015C, 0x015D, 0x015E, 0x015F, 0x0160, 0x0161, 0x0162, 0x0163, 0x0164, 0x0165, 0x0166, 0x0167,
    0x0168, 0x0169, 0x016A, 0x016B, 0x016C, 0x016D, 0x016E, 0x016F, 0x0170, 0x0171, 0x0172, 0x0173,
    0x0174, 0x0175, 0x0176, 0x0177, 0x0178, 0x0179, 0x017A, 0x017B, 0x017C, 0x017D, 0x017E, 0x01A0,
    0x01A1, 0x01AF, 0x01B0, 0x01CD, 0x01CE, 0x01E4, 0x01E5, 0x01E6, 0x01E7, 0x01E8, 0x01E9, 0x0218,
    0x0219, 0x021A, 0x021B, 0x0400, 0x0401, 0x0402, 0x0403, 0x0404, 0x0405, 0x0406, 0x0407, 0x0409,
    0x040A, 0x040B, 0x040C, 0x040E, 0x040F, 0x0410, 0x0411, 0x0412, 0x0413, 0x0414, 0x0415, 0x0416,
    0x0417, 0x0418, 0x0419, 0x041A, 0x041B, 0x041C, 0x041D, 0x041E, 0x041F, 0x0420, 0x0421, 0x0422,
    0x0423, 0x0424, 0x0425, 0x0426, 0x0428, 0x0429, 0x042B, 0x042C, 0x042D, 0x042E, 0x0430, 0x0431,
    0x0432, 0x0433, 0x0434, 0x0435, 0x0436, 0x0437, 0x0438, 0x0439, 0x043A, 0x043B, 0x043C, 0x043D,
    0x043E, 0x043F, 0x0440, 0x0441, 0x0442, 0x0443, 0x0444, 0x0445, 0x0446, 0x0447, 0x0448, 0x0449,
    0x044A, 0x044B, 0x044C, 0x044D, 0x044E, 0x0450, 0x0451, 0x0453, 0x0454, 0x0455, 0x0456, 0x0457,
    0x0458, 0x0459, 0x045A, 0x045B, 0x045D, 0x045E, 0x0462, 0x0463, 0x046A, 0x046B, 0x0472, 0x0473,
    0x0474, 0x0475, 0x0490, 0x0491, 0x0492, 0x0493, 0x0496, 0x0497, 0x049A, 0x049B, 0x04A2, 0x04A3,
    0x04AE, 0x04AF, 0x04B0, 0x04B1, 0x04B2, 0x04B3, 0x04B7, 0x04BA, 0x04BB, 0x04C0, 0x04CF, 0x04D8,
    0x04D9, 0x04E3, 0x04E8, 0x04EF, 0x05D0, 0x05D1, 0x05D2, 0x05D3, 0x05D4, 0x05D6, 0x05D7, 0x05D8,
    0x05D9, 0x05DA, 0x05DB, 0x05DC, 0x05DD, 0x05DE, 0x05E1, 0x05E2, 0x05E3, 0x05E4, 0x05E5, 0x05E7,
    0x05E8, 0x05E9, 0x05EA, 0x06D5, 0x1EA0, 0x1EA1, 0x1EA2, 0x1EA3, 0x1EA4, 0x1EA5, 0x1EA6, 0x1EA7,
    0x1EA8, 0x1EA9, 0x1EAA, 0x1EAB, 0x1EAC, 0x1EAD, 0x1EAE, 0x1EAF, 0x1EB0, 0x1EB1, 0x1EB2, 0x1EB3,
    0x1EB4, 0x1EB5, 0x1EB6, 0x1EB7, 0x1EB8, 0x1EB9, 0x1EBA, 0x1EBB, 0x1EBC, 0x1EBD, 0x1EBE, 0x1EBF,
    0x1EC0, 0x1EC1, 0x1EC2, 0x1EC3, 0x1EC4, 0x1EC5, 0x1EC6, 0x1EC7, 0x1EC8, 0x1EC9, 0x1ECA, 0x1ECB,
    0x1ECC, 0x1ECD, 0x1ECE, 0x1ECF, 0x1ED0, 0x1ED1, 0x1ED2, 0x1ED3, 0x1ED4, 0x1ED5, 0x1ED6, 0x1ED7,
    0x1ED8, 0x1ED9, 0x1EDA, 0x1EDB, 0x1EDC, 0x1EDD, 0x1EDE, 0x1EDF, 0x1EE0, 0x1EE1, 0x1EE2, 0x1EE3,
    0x1EE4, 0x1EE5, 0x1EE6, 0x1EE7, 0x1EE8, 0x1EE9, 0x1EEA, 0x1EEB, 0x1EEC, 0x1EED, 0x1EEE, 0x1EEF,
    0x1EF0, 0x1EF1, 0x1EF2, 0x1EF3, 0x1EF4, 0x1EF5, 0x1EF6, 0x1EF7, 0x1EF8, 0x1EF9, 0x2018, 0x2019,
    0x201A, 0x201C, 0x201D, 0x201E, 0x2026, 0x2039, 0x203A, 0x21E7, 0x2212, 0x221E, 0x2248, 0x2260,
    0x2264, 0x2265, 0xFB01, 0xFB02, 0xFB8E, 0xFBA6, 0xFBAA, 0xFE8D, 0xFEA3, 0xFEA9, 0xFEB1, 0xFEB3,
    0xFEB9, 0xFEBB, 0xFEC1, 0xFEC3, 0xFECB, 0xFEDB, 0xFEDF, 0xFEE1, 0xFEE3, 0xFEEB,
};

static const uint8_t geist_14_regularKernRightClassIds[] = {
      1,   2,   3,   4,   2,   5,   6,   7,   8,   9,   8,  10,  11,  12,  13,  14,
     15,  16,  11,  17,  18,  19,  20,  20,   7,   7,   7,  21,  10,  22,  23,  22,
     24,  22,  23,  22,  22,  25,  26,  26,  22,  27,  23,  22,  23,  22,  23,  17,
     28,  29,  29,  30,  31,  32,  29,  33,   7,  34,  22,  35,  35,  35,  36,  35,
     22,  22,  37,  22,  38,  39,  39,  35,  39,  35,  39,  35,  40,  41,  42,  42,
     43,  42,  44,  45,   7,  26,  23,   6,  46,   7,   7,   6,  47,  48,  10,  10,
     10,  10,  10,  10,  10,  23,  22,  22,  22,  22,  22,  22,  22,  22,  23,  22,
     23,  23,  23,  23,  23,   7,  23,  28,  28,  28,  28,  31,  22,  22,  34,  34,
     34,  34,  34,  34,  34,  35,  35,  35,  35,  35,  22,  22,  22,  22,  35,  39,
     35,  35,  35,  35,  35,   7,  35,  41,  41,  41,  41,  42,  22,  42,  10,  34,
     10,  34,  10,  34,  23,  35,  23,  35,  23,  35,  23,  35,  22,  35,  22,  35,
     22,  35,  22,  35,  22,  35,  22,  35,  23,  35,  23,  35,  23,  35,  23,  35,
     22,  22,  22,  22,  22,  22,  22,  22,  22,  22,  22,  22,  22,  22,  25,  37,
     26,  22,  26,  38,  22,  38,  26,  38,  49,  38,  22,  39,  22,  39,  22,  39,
     22,  39,  23,  35,  23,  35,  23,  35,  22,  39,  22,  39,  22,  39,  23,  35,
     23,  35,  23,  35,  23,  35,  17,  50,  17,  50,  17,  50,  28,  41,  28,  41,
     28,  41,  28,  41,  28,  41,  28,  41,  29,  42,  31,  42,  31,  32,  44,  32,
     44,  32,  44,  23,  35,  28,  41,  10,  34,  23,  35,  23,  35,  26,  22,  23,
     35,  17,  50,  22,  22,  17,  22,  23,  23,  22,  26,  25,  26,  17,  22,  51,
     22,  10,  22,  22,  22,  10,  22,  30,  14,  22,  22,  22,  52,  22,  22,  23,
     22,  22,  23,  17,  51,  23,  30,  22,  22,  22,  22,  22,  23,  22,  34,  35,
     39,  39,  39,  35,  43,  35,  39,  39,  39,  53,  39,  39,  35,  39,  39,  35,
     50,  42,  35,  43,  39,  41,  39,  39,  50,  39,  39,  35,  39,  35,  35,  39,
     35,  35,  39,  39,  37,  54,  39,  22,  39,  42,  26,  36,  30,  43,  23,  35,
     29,  42,  26,  39,  26,  39,  30,  43,  22,  22,  22,  22,  31,  42,  31,  42,
     30,  43,  41,  22,  22,  22,  22,  23,  35,  39,  23,  42,  55,  56,  57,  58,
     59,  60,  61,  62,  63,  64,  65,  66,  67,  68,  69,  70,  71,  72,  73,  74,
     75,  76,  77,  78,  10,  34,  10,  34,  10,  34,  10,  34,  10,  34,  10,  34,
     10,  34,  10,  34,  10,  34,  10,  34,  10,  34,  10,  34,  22,  35,  22,  35,
     22,  35,  22,  35,  22,  35,  22,  35,  22,  35,  22,  35,  22,  22,  22,  22,
     23,  35,  23,  35,  23,  35,  23,  35,  23,  35,  23,  35,  23,  35,  23,  35,
     23,  35,  23,  35,  23,  35,  23,  35,  28,  41,  28,  41,  28,  41,  28,  41,
     28,  41,  28,  41,  28,  41,  31,  42,  31,  42,  31,  42,  31,  42,  79,  80,
      8,  79,  81,   8,   8,  82,  47,  10,   7,   7,   7,   7,   7,   7,  36,  36,
     78,  78,  78,  83,  78,  84,  84,  84,  84,  84,  84,  84,  83,  78,  83,  78,
     78,  78,
};

static const uint16_t geist_14_regularKernRowOffsets[] = {
        0,     5,     7,    12,    15,    17,    27,    33,    71,    75,    91,    98,   101,   109,   114,   118,
      131,   134,   146,   174,   195,   215,   241,   256,   280,   292,   317,   332,   355,   383,   405,   422,
      462,   486,   509,   511,   528,   553,   574,   591,   612,   635,   658,   677,   700,   719,   720,   724,
      725,   727,   730,   747,   761,   764,   788,   794,   799,   806,   817,   823,   824,   833,   844,   850,
      860,   865,   868,   875,   877,   884,   891,   901,   908,   918,   919,   920,   921,   922,   925,
};

static const uint8_t geist_14_regularKernSparseCols[] = {
      9,  14,  16,  34,  47,  16,  28,  12,  13,  14,  17,  22,   7,   9,  16,  16,
     30,   5,  11,  16,  22,  24,  28,  35,  36,  37,  41,  11,  14,  16,  35,  41,
     42,   0,   3,   7,   9,  10,  11,  12,  13,  14,  15,  17,  18,  19,  20,  21,
     22,  23,  24,  25,  26,  28,  29,  31,  33,  34,  35,  36,  37,  38,  39,  40,
     41,  42,  43,  45,  46,  49,  81,  10,  11,  14,  16,   8,   9,  10,  11,  12,
     14,  16,  17,  22,  25,  33,  34,  40,  78,  79,  80,   8,   9,  11,  13,  14,
     16,  22,   4,   9,  16,   1,   2,   8,  10,  11,  13,  16,  19,   4,   9,  10,
     12,  16,   9,  11,  12,  16,   2,   7,   8,   9,  11,  12,  14,  16,  17,  19,
     22,  32,  44,   4,  11,  16,   9,  14,  16,  22,  28,  29,  35,  39,  41,  42,
     43,  49,   0,   1,   5,  13,  16,  19,  20,  21,  22,  23,  24,  25,  26,  27,
     28,  30,  31,  34,  35,  37,  38,  39,  40,  41,  42,  43,  49,  50,   9,  16,
     19,  20,  21,  22,  23,  26,  28,  30,  33,  34,  35,  36,  37,  38,  39,  40,
     41,  42,  43,   9,  16,  21,  23,  25,  26,  28,  29,  30,  33,  34,  35,  37,
     38,  39,  40,  41,  42,  43,  49,   4,   5,   7,   9,  12,  16,  19,  20,  21,
     23,  24,  25,  26,  28,  29,  30,  31,  33,  34,  35,  36,  39,  41,  42,  48,
     49,  19,  20,  21,  23,  26,  28,  30,  33,  34,  35,  36,  39,  41,  42,  49,
      7,   9,  19,  20,  21,  23,  24,  25,  26,  29,  30,  31,  33,  34,  35,  36,
     37,  38,  39,  40,  41,  42,  43,  49,  16,  28,  29,  30,  33,  34,  35,  39,
     41,  42,  43,  49,   9,  16,  20,  21,  22,  23,  24,  26,  27,  28,  29,  30,
     31,  33,  34,  35,  36,  37,  38,  39,  40,  41,  42,  43,  49,   9,  21,  23,
     24,  26,  29,  30,  34,  35,  36,  39,  41,  42,  43,  49,   5,  16,  19,  20,
     21,  22,  23,  24,  25,  26,  27,  28,  31,  33,  34,  35,  36,  38,  39,  40,
     41,  42,  49,   0,   1,   5,   7,   9,  16,  19,  20,  21,  22,  23,  24,  25,
     26,  27,  28,  30,  31,  34,  35,  36,  37,  39,  40,  41,  42,  43,  49,   0,
      7,   8,   9,  19,  20,  21,  22,  23,  24,  26,  28,  29,  30,  31,  33,  34,
     38,  40,  41,  42,  43,   9,  16,  19,  20,  22,  25,  28,  30,  33,  34,  35,
     36,  39,  40,  41,  42,  49,   1,   3,   5,   7,   8,   9,  14,  16,  19,  20,
     21,  22,  23,  24,  25,  26,  28,  29,  30,  32,  33,  34,  35,  36,  37,  38,
     39,  40,  41,  42,  43,  45,  46,  49,  51,  52,  53,  79,  80,  81,   6,   9,
     16,  21,  22,  23,  24,  26,  27,  30,  31,  33,  34,  35,  36,  37,  38,  39,
     40,  41,  42,  43,  48,  49,   8,   9,  20,  21,  22,  23,  24,  26,  28,  29,
     30,  33,  34,  35,  36,  37,  38,  39,  40,  41,  42,  43,  49,  16,  36,   5,
      7,  20,  21,  23,  26,  34,  35,  36,  37,  38,  39,  40,  41,  42,  43,  49,
      1,   5,   9,  16,  20,  21,  23,  26,  28,  29,  30,  33,  34,  35,  36,  37,
     38,  39,  40,  41,  42,  43,  49,  52,  53,   5,   7,   8,   9,  19,  21,  23,
     26,  32,  33,  34,  35,  36,  37,  38,  39,  41,  42,  43,  49,  78,  16,  20,
     21,  23,  26,  28,  30,  34,  35,  36,  39,  41,  42,  43,  49,  52,  53,   5,
     16,  20,  21,  23,  26,  28,  29,  30,  33,  34,  35,  36,  37,  38,  39,  40,
     41,  42,  43,  49,   0,   5,   7,   8,  16,  19,  20,  21,  22,  23,  26,  33,
     34,  35,  36,  37,  38,  39,  40,  41,  42,  43,  49,   7,   8,   9,  16,  19,
     21,  23,  26,  33,  34,  35,  36,  37,  38,  39,  40,  41,  42,  43,  45,  49,
     52,  53,   7,   8,   9,  21,  23,  26,  28,  31,  33,  34,  35,  36,  38,  39,
     40,  41,  42,  43,  49,   7,   8,   9,  16,  19,  21,  22,  23,  24,  26,  33,
     34,  35,  36,  37,  38,  39,  40,  42,  43,  49,  52,  53,  19,  20,  21,  23,
     26,  28,  29,  33,  34,  35,  36,  37,  38,  39,  40,  41,  42,  43,  49,  16,
     28,  35,  39,  49,  16,  16,  28,  16,  24,  28,   1,  11,  16,  21,  22,  23,
     26,  28,  33,  34,  35,  36,  38,  39,  41,  43,  49,   5,  21,  23,  26,  33,
     34,  35,  36,  37,  39,  41,  42,  49,  80,  16,  28,  30,   4,   9,  16,  21,
     23,  24,  26,  27,  28,  29,  30,  31,  32,  34,  35,  36,  37,  38,  39,  41,
     42,  43,  44,  49,  62,  64,  65,  71,  73,  75,  57,  63,  68,  71,  74,  55,
     61,  62,  64,  65,  67,  71,  55,  58,  61,  63,  64,  66,  67,  68,  70,  71,
     74,  55,  61,  66,  68,  71,  74,  55,  57,  61,  63,  64,  70,  71,  72,  73,
     74,  55,  58,  60,  61,  64,  66,  67,  68,  71,  74,  76,  61,  64,  67,  68,
     70,  71,  55,  56,  61,  63,  64,  68,  70,  71,  75,  76,  64,  66,  67,  68,
     71,  61,  62,  64,  61,  63,  65,  68,  70,  71,  74,  61,  68,  63,  64,  65,
     68,  70,  71,  75,  54,  55,  57,  62,  66,  68,  71,  55,  61,  63,  64,  67,
     68,  70,  71,  74,  76,  55,  61,  64,  66,  68,  71,  74,  57,  59,  62,  64,
     65,  67,  68,  69,  71,  75,  24,  11,  28,  24,  77,  82,  83,
};

static const int8_t geist_14_regularKernSparseValues[] = {
     -23,  -14,    5,   -5,  -19,  -32,  -22,   -5,   -2,  -19,   -4,   -7,  -19,  -33,    5,   -9,
      -9,  -19,  -37,  -28,   -9,   -5,  -37,  -16,    5,   -5,  -19,   -9,    5,  -19,   -5,   -5,
     -23,  -14,  -11,  -37,  -49,   -9,   -9,  -19,  -19,  -37,   -5,   -9,   -9,  -14,  -14,  -10,
     -14,  -10,  -37,   -7,  -10,   -5,   -5,   -5,  -21,  -19,  -23,  -19,  -14,  -14,  -19,  -23,
     -19,  -28,  -16,  -23,   -9,  -19,  -23,    5,   -5,   -5,  -19,   -5,   -9,   -5,  -19,   -5,
      -9,   -9,   -9,   -5,   -7,   -2,   -9,   -5,   -9,   -9,   -9,  -14,   -5,   -5,   -9,  -19,
     -14,   -5,   -2,  -14,   -9,   -5,   -9,   -5,   -5,   -9,   -9,  -14,   -9,   -5,   -9,   -9,
      -5,  -23,   -9,   -9,   -5,  -19,    5,  -47,  -19,  -28,    5,   -5,  -28,    9,   -5,   -9,
      -5,   14,   14,   -4,   -9,   -9,   -9,   -9,  -28,   -5,  -14,   -9,  -14,  -14,   -9,  -19,
      -9,  -14,   -5,  -23,  -33,  -14,  -42,   -9,  -23,   -9,  -14,   -9,  -15,   -7,   -9,   -7,
     -49,  -33,   -5,   -8,  -19,   -9,   -9,  -28,   -9,  -28,  -14,   -5,  -28,   -9,   -8,  -19,
      -9,  -14,   -4,   -5,  -13,   -4,  -14,  -19,   -4,   -1,   -9,   -5,   -5,   -5,   -9,   -6,
     -14,  -19,   -9,  -12,   -7,    1,    1,   -5,    1,   -9,   -9,   -9,   -2,   -4,   -9,   -5,
      -4,   -5,   -5,   -5,  -14,   -5,   -5,   -9,   -5,   -9,  -14,   -5,  -19,   -5,   -9,    6,
       6,   -6,   -5,    6,  -14,  -14,  -19,   -5,    5,    7,   -5,   -9,  -11,   -7,   -9,   -5,
     -11,   -5,   -9,   -5,   -5,   -9,    7,   -9,   -4,   -9,  -14,   -5,  -19,   -9,  -14,  -19,
     -37,  -37,  -14,   -9,   -9,   -9,  -28,  -14,   -9,   -9,   -9,   -9,   -9,  -14,  -19,  -14,
      -9,  -14,  -19,  -14,  -19,  -23,  -14,  -19,   -9,  -14,   -5,   -9,    6,    5,   -5,   -5,
      -2,   -5,    3,   -5,   -5,  -19,   -5,   -9,   -7,   -9,   -9,   -9,    7,   -9,   -5,   -9,
      -1,   -5,   -5,  -22,   -5,   -5,    3,  -19,   -9,   -5,  -23,   -5,  -19,   -7,    7,    7,
     -14,    7,   -9,   -9,   -3,   -9,   -3,   -9,   -9,  -14,   -9,   -9,   -5,   -2,   -9,   -9,
      -5,  -19,   -5,  -14,   -9,   -5,   -9,   -5,   -5,   -5,  -21,  -23,   -5,   -9,  -23,  -14,
     -14,  -14,  -23,   -9,  -47,  -56,   -5,   -9,  -65,   -9,  -37,  -23,  -23,  -23,  -28,  -14,
     -23,  -23,  -75,  -75,   -9,  -18,  -28,   -9,  -19,  -37,  -19,  -37,  -23,   -9,  -37,   -5,
     -51,  -14,  -33,   -9,   -9,   -9,   -5,   -9,  -37,   -9,  -19,  -19,  -19,   -9,  -10,  -13,
      -5,  -14,   -9,  -19,  -14,   -5,   -9,   -5,   -9,   -7,   -7,  -23,   -9,   -2,   -6,  -14,
      -3,  -14,   -5,   -9,   -9,  -14,    5,  -14,    5,  -47,  -19,  -42,  -14,    5,  -28,   -9,
     -14,  -19,  -14,  -56,  -19,  -14,   -5,   -1,    4,    9,  -33,  -37,  -19,  -19,   -9,  -23,
     -19,  -33,  -23,  -28,  -23,  -28,  -28,  -19,  -42,  -56,  -56,    3,    3,  -28,   -9,  -33,
       4,   -9,  -19,   -9,  -56,   -9,   -9,    9,   -5,  -28,  -33,  -23,  -19,   -9,  -28,  -28,
     -28,  -19,  -28,  -33,   -9,  -28,   -9,   -9,   -9,   -1,   -9,   -1,  -14,   -1,   -5,   -5,
      -5,   -5,  -15,  -19,   -7,   -3,   -5,  -14,   -9,  -14,  -19,   -9,  -14,    9,   14,   -9,
       9,   -9,   -4,   -4,   -4,   -3,   -7,    2,   -5,   -2,  -23,   -5,  -11,  -12,   -4,  -23,
      -5,   -9,   -5,  -33,  -19,   -5,   -5,   -5,  -23,   -9,  -23,    2,   -5,  -14,   -5,   -2,
      -5,  -14,   -5,  -12,  -23,  -11,  -14,  -16,  -16,    5,  -28,  -14,  -18,  -14,  -19,  -19,
     -19,    5,  -14,  -21,  -26,  -19,   -9,  -14,  -19,  -19,  -19,   -5,  -19,    5,  -28,   -9,
      -7,   -7,   -7,   -9,   -9,   -5,  -11,    1,  -13,   -9,   -7,   -5,  -13,   -9,   -9,   -9,
     -19,   -9,   -3,   -3,   -3,   -9,   -5,  -19,   -5,   -6,  -16,  -14,   -7,   -9,  -19,   -7,
     -16,  -23,   -9,  -19,   -9,   -9,   -9,  -33,   -9,  -19,  -14,  -23,   -5,  -23,  -23,  -21,
     -23,  -28,  -12,  -16,  -20,  -25,   -9,  -33,  -19,  -14,  -25,  -28,  -19,  -14,  -19,  -23,
     -14,  -14,  -14,  -19,  -19,  -28,  -19,  -14,  -19,  -23,   -9,  -12,  -33,  -14,  -19,  -23,
     -93,  -47,   12,  -14,    5,   -7,   -7,   -7,   -5,   14,   -5,   -7,  -16,   -5,    2,  -19,
      -3,   -5,  -14,    1,  -19,  -28,   -5,  -23,  -19,   -9,   -5,   -7,   -5,  -19,   -5,  -10,
     -12,   -5,   -7,   -5,  -11,  -11,   -9,  -22,  -10,  -11,  -65,  -28,   -9,   -5,   -5,   -5,
      -5,  -14,   -5,   -7,  -14,   -9,   -9,  -12,   -9,  -14,   -9,  -12,  -23,   -7,  -14,    5,
     -19,   -5,   -7,   -7,   -9,  -28,  -19,  -28,   -5,  -23,  -19,  -28,  -37,   -9,  -23,   -9,
      -9,  -47,  -14,   -9,  -23,   -5,  -14,  -23,  -19,   -5,  -23,    9,    1,    1,    1,   -5,
      -9,   -6,   -5,   -2,   -5,   -3,   -6,   -5,   14,  -14,  -19,  -14,   23,   -7,   12,    7,
       7,  -14,    7,    1,    5,    6,   16,    5,   23,   -5,   -9,   -2,   -1,   -5,   -7,   -5,
     -14,   -7,   19,   -7,   -9,   -3,   -3,   -9,   -5,   -9,   -6,   -9,  -15,  -15,  -12,    2,
      -9,  -15,   -6,   -7,  -10,  -12,  -19,   -9,   -9,  -23,  -17,  -12,   -6,  -15,  -23,  -17,
     -17,   -3,   -7,   -5,   -3,   -9,   -5,   -9,   -6,   -9,   -9,   -3,   -5,  -10,   -9,   -9,
      -6,  -30,   -9,   -3,   -3,   -3,  -14,   -3,   -3,  -11,   -9,   -9,   -9,   -6,   -7,   -7,
     -12,  -12,  -19,   -2,   -9,  -14,  -12,   -9,  -17,   -7,    9,   -3,   -9,   -6,   -9,  -10,
     -13,   -7,   -7,  -12,   -2,  -14,   -2,   -2,  -14,   -6,   -5,   -3,  -12,   -3,   -9,   -3,
      -3,  -13,   -2,   -3,   -6,  -12,   -9,   -9,  -12,  -15,  -12,  -19,   -9,   -7,   -9,   -3,
      -5,  -14,   -5,   -9,  -10,  -11,   -2,  -11,   -3,   -5,   -3,   -3,  -21,  -23,   -7,   -9,
      -2,  -16,  -19,  -19,  -12,   -9,  -56,    4,  -19,   -5,  -19,  -12,  -14,
};

static const EpdLigaturePair geist_14_regularLigaturePairs[] = {
    { 0x00660069, 0xFB01 }, // f i -> U+FB01
    { 0x0066006C, 0xFB02 }, // f l -> U+FB02
};

static const EpdFontData geist_14_regular = {
    geist_14_regularBitmaps,
    geist_14_regularGlyphs,
    geist_14_regularIntervals,
    551,
    38,
    30,
    -9,
    true,
    geist_14_regularGroups,
    96,
    nullptr,
    nullptr,  // kernLeftClasses: built-in fonts use the split arrays below
    nullptr,  // kernRightClasses
    geist_14_regularKernLeftCodepoints,
    geist_14_regularKernLeftClassIds,
    geist_14_regularKernRightCodepoints,
    geist_14_regularKernRightClassIds,
    nullptr,  // kernMatrix: built-in fonts use the sparse form below
    geist_14_regularKernRowOffsets,
    geist_14_regularKernSparseCols,
    geist_14_regularKernSparseValues,
    533,
    562,
    78,
    84,
    geist_14_regularLigaturePairs,
    2,
};
