// Chinese UI charset SHA256: a91161a02991dbc482f79135bee491c205819b03b4a5978bedaa27500793e275
// Noto Sans SC source SHA256: a3041811a78c361b1de50f953c805e0244951c21c5bd412f7232ef0d899af0da
/**
 * generated by fontconvert.py
 * name: geist_8_regular
 * size: 8
 * mode: 1-bit
 * Command used: lib/EpdFont/scripts/fontconvert.py geist_8_regular 8 lib/EpdFont/builtinFonts/source/Geist/Geist-Regular.ttf <generated>/NotoSansSC-UI-400.ttf --force-autohint --additional-intervals 12289,12289 --additional-intervals 12290,12290 --additional-intervals 19968,19968 --additional-intervals 19978,19978 --additional-intervals 19979,19979 --additional-intervals 19981,19981 --additional-intervals 19982,19982 --additional-intervals 19988,19988 --additional-intervals 20002,20002 --additional-intervals 20004,20004 --additional-intervals 20010,20010 --additional-intervals 20013,20013 --additional-intervals 20018,20018 --additional-intervals 20026,20026 --additional-intervals 20027,20027 --additional-intervals 20041,20041 --additional-intervals 20043,20043 --additional-intervals 20064,20064 --additional-intervals 20070,20070 --additional-intervals 20108,20108 --additional-intervals 20110,20110 --additional-intervals 20114,20114 --additional-intervals 20132,20132 --additional-intervals 20142,20142 --additional-intervals 20154,20154 --additional-intervals 20165,20165 --additional-intervals 20170,20170 --additional-intervals 20174,20174 --additional-intervals 20182,20182 --additional-intervals 20197,20197 --additional-intervals 20214,20214 --additional-intervals 20219,20219 --additional-intervals 20241,20241 --additional-intervals 20256,20256 --additional-intervals 20272,20272 --additional-intervals 20301,20301 --additional-intervals 20307,20307 --additional-intervals 20313,20313 --additional-intervals 20316,20316 --additional-intervals 20320,20320 --additional-intervals 20351,20351 --additional-intervals 20379,20379 --additional-intervals 20391,20391 --additional-intervals 20415,20415 --additional-intervals 20445,20445 --additional-intervals 20449,20449 --additional-intervals 20462,20462 --additional-intervals 20498,20498 --additional-intervals 20540,20540 --additional-intervals 20542,20542 --additional-intervals 20559,20559 --additional-intervals 20648,20648 --additional-intervals 20803,20803 --additional-intervals 20808,20808 --additional-intervals 20809,20809 --additional-intervals 20837,20837 --additional-intervals 20840,20840 --additional-intervals 20845,20845 --additional-intervals 20851,20851 --additional-intervals 20854,20854 --additional-intervals 20855,20855 --additional-intervals 20856,20856 --additional-intervals 20869,20869 --additional-intervals 20876,20876 --additional-intervals 20877,20877 --additional-intervals 20889,20889 --additional-intervals 20934,20934 --additional-intervals 20945,20945 --additional-intervals 20986,20986 --additional-intervals 20998,20998 --additional-intervals 20999,20999 --additional-intervals 21015,21015 --additional-intervals 21019,21019 --additional-intervals 21021,21021 --additional-intervals 21024,21024 --additional-intervals 21040,21040 --additional-intervals 21046,21046 --additional-intervals 21047,21047 --additional-intervals 21069,21069 --additional-intervals 21097,21097 --additional-intervals 21098,21098 --additional-intervals 21151,21151 --additional-intervals 21152,21152 --additional-intervals 21153,21153 --additional-intervals 21160,21160 --additional-intervals 21247,21247 --additional-intervals 21253,21253 --additional-intervals 21305,21305 --additional-intervals 21306,21306 --additional-intervals 21333,21333 --additional-intervals 21344,21344 --additional-intervals 21345,21345 --additional-intervals 21363,21363 --additional-intervals 21387,21387 --additional-intervals 21407,21407 --additional-intervals 21453,21453 --additional-intervals 21457,21457 --additional-intervals 21462,21462 --additional-intervals 21475,21475 --additional-intervals 21487,21487 --additional-intervals 21491,21491 --additional-intervals 21495,21495 --additional-intervals 21508,21508 --additional-intervals 21516,21516 --additional-intervals 21517,21517 --additional-intervals 21518,21518 --additional-intervals 21521,21521 --additional-intervals 21542,21542 --additional-intervals 21547,21547 --additional-intervals 21551,21551 --additional-intervals 21578,21578 --additional-intervals 21608,21608 --additional-intervals 21629,21629 --additional-intervals 21644,21644 --additional-intervals 21704,21704 --additional-intervals 21796,21796 --additional-intervals 22120,22120 --additional-intervals 22235,22235 --additional-intervals 22238,22238 --additional-intervals 22240,22240 --additional-intervals 22260,22260 --additional-intervals 22266,22266 --additional-intervals 22270,22270 --additional-intervals 22278,22278 --additional-intervals 22312,22312 --additional-intervals 22320,22320 --additional-intervals 22336,22336 --additional-intervals 22343,22343 --additional-intervals 22402,22402 --additional-intervals 22522,22522 --additional-intervals 22686,22686 --additional-intervals 22791,22791 --additional-intervals 22797,22797 --additional-intervals 22810,22810 --additional-intervals 22812,22812 --additional-intervals 22823,22823 --additional-intervals 22825,22825 --additional-intervals 22833,22833 --additional-intervals 22836,22836 --additional-intervals 22841,22841 --additional-intervals 22987,22987 --additional-intervals 23383,23383 --additional-intervals 23384,23384 --additional-intervals 23433,23433 --additional-intervals 23436,23436 --additional-intervals 23450,23450 --additional-intervals 23478,23478 --additional-intervals 23481,23481 --additional-intervals 23485,23485 --additional-intervals 23494,23494 --additional-intervals 23545,23545 --additional-intervals 23553,23553 --additional-intervals 23558,23558 --additional-intervals 23567,23567 --additional-intervals 23569,23569 --additional-intervals 23578,23578 --additional-intervals 23601,23601 --additional-intervals 23616,23616 --additional-intervals 23621,23621 --additional-intervals 23631,23631 --additional-intervals 24037,24037 --additional-intervals 24038,24038 --additional-intervals 24050,24050 --additional-intervals 24067,24067 --additional-intervals 24076,24076 --additional-intervals 24102,24102 --additional-intervals 24149,24149 --additional-intervals 24179,24179 --additional-intervals 24182,24182 --additional-intervals 24207,24207 --additional-intervals 24212,24212 --additional-intervals 24213,24213 --additional-intervals 24230,24230 --additional-intervals 24314,24314 --additional-intervals 24320,24320 --additional-intervals 24335,24335 --additional-intervals 24341,24341 --additional-intervals 24377,24377 --additional-intervals 24403,24403 --additional-intervals 24405,24405 --additional-intervals 24471,24471 --additional-intervals 24536,24536 --additional-intervals 24555,24555 --additional-intervals 24573,24573 --additional-intervals 24577,24577 --additional-intervals 24674,24674 --additional-intervals 24687,24687 --additional-intervals 24773,24773 --additional-intervals 24815,24815 --additional-intervals 24847,24847 --additional-intervals 24930,24930 --additional-intervals 25104,25104 --additional-intervals 25110,25110 --additional-intervals 25130,25130 --additional-intervals 25143,25143 --additional-intervals 25152,25152 --additional-intervals 25163,25163 --additional-intervals 25171,25171 --additional-intervals 25195,25195 --additional-intervals 25214,25214 --additional-intervals 25239,25239 --additional-intervals 25253,25253 --additional-intervals 25300,25300 --additional-intervals 25321,25321 --additional-intervals 25345,25345 --additional-intervals 25351,25351 --additional-intervals 25353,25353 --additional-intervals 25381,25381 --additional-intervals 25442,25442 --additional-intervals 25454,25454 --additional-intervals 25490,25490 --additional-intervals 25509,25509 --additional-intervals 25511,25511 --additional-intervals 25512,25512 --additional-intervals 25551,25551 --additional-intervals 25552,25552 --additional-intervals 25554,25554 --additional-intervals 25628,25628 --additional-intervals 25688,25688 --additional-intervals 25805,25805 --additional-intervals 25910,25910 --additional-intervals 25913,25913 --additional-intervals 25918,25918 --additional-intervals 25928,25928 --additional-intervals 25968,25968 --additional-intervals 25972,25972 --additional-intervals 25991,25991 --additional-intervals 26012,26012 --additional-intervals 26029,26029 --additional-intervals 26032,26032 --additional-intervals 26041,26041 --additional-intervals 26080,26080 --additional-intervals 26085,26085 --additional-intervals 26089,26089 --additional-intervals 26102,26102 --additional-intervals 26126,26126 --additional-intervals 26159,26159 --additional-intervals 26174,26174 --additional-intervals 26224,26224 --additional-intervals 26234,26234 --additional-intervals 26242,26242 --additional-intervals 26356,26356 --additional-intervals 26368,26368 --additional-intervals 26377,26377 --additional-intervals 26381,26381 --additional-intervals 26399,26399 --additional-intervals 26410,26410 --additional-intervals 26411,26411 --additional-intervals 26412,26412 --additional-intervals 26426,26426 --additional-intervals 26465,26465 --additional-intervals 26469,26469 --additional-intervals 26494,26494 --additional-intervals 26512,26512 --additional-intervals 26524,26524 --additional-intervals 26597,26597 --additional-intervals 26631,26631 --additional-intervals 26639,26639 --additional-intervals 26679,26679 --additional-intervals 26681,26681 --additional-intervals 26684,26684 --additional-intervals 26694,26694 --additional-intervals 26723,26723 --additional-intervals 26816,26816 --additional-intervals 27169,27169 --additional-intervals 27178,27178 --additional-intervals 27425,27425 --additional-intervals 27491,27491 --additional-intervals 27492,27492 --additional-intervals 27493,27493 --additional-intervals 27573,27573 --additional-intervals 27599,27599 --additional-intervals 27604,27604 --additional-intervals 27700,27700 --additional-intervals 27785,27785 --additional-intervals 27809,27809 --additional-intervals 27861,27861 --additional-intervals 27880,27880 --additional-intervals 27963,27963 --additional-intervals 27973,27973 --additional-intervals 27983,27983 --additional-intervals 28040,28040 --additional-intervals 28145,28145 --additional-intervals 28155,28155 --additional-intervals 28165,28165 --additional-intervals 28176,28176 --additional-intervals 28201,28201 --additional-intervals 28304,28304 --additional-intervals 28369,28369 --additional-intervals 28388,28388 --additional-intervals 28783,28783 --additional-intervals 28857,28857 --additional-intervals 28909,28909 --additional-intervals 28982,28982 --additional-intervals 29255,29255 --additional-intervals 29256,29256 --additional-intervals 29273,29273 --additional-intervals 29366,29366 --additional-intervals 29483,29483 --additional-intervals 29575,29575 --additional-intervals 29616,29616 --additional-intervals 29702,29702 --additional-intervals 29992,29992 --additional-intervals 30005,30005 --additional-intervals 30011,30011 --additional-intervals 30028,30028 --additional-intervals 30041,30041 --additional-intervals 30053,30053 --additional-intervals 30331,30331 --additional-intervals 30334,30334 --additional-intervals 30340,30340 --additional-intervals 30424,30424 --additional-intervals 30446,30446 --additional-intervals 30452,30452 --additional-intervals 30475,30475 --additional-intervals 30496,30496 --additional-intervals 30528,30528 --additional-intervals 30561,30561 --additional-intervals 30701,30701 --additional-intervals 30721,30721 --additional-intervals 30830,30830 --additional-intervals 31034,31034 --additional-intervals 31105,31105 --additional-intervals 31186,31186 --additional-intervals 31216,31216 --additional-intervals 31227,31227 --additional-intervals 31243,31243 --additional-intervals 31354,31354 --additional-intervals 31435,31435 --additional-intervals 31446,31446 --additional-intervals 31456,31456 --additional-intervals 31471,31471 --additional-intervals 31526,31526 --additional-intervals 31532,31532 --additional-intervals 31614,31614 --additional-intervals 31616,31616 --additional-intervals 31639,31639 --additional-intervals 31649,31649 --additional-intervals 31661,31661 --additional-intervals 31821,31821 --additional-intervals 31895,31895 --additional-intervals 31995,31995 --additional-intervals 32034,32034 --additional-intervals 32039,32039 --additional-intervals 32447,32447 --additional-intervals 32454,32454 --additional-intervals 32456,32456 --additional-intervals 32467,32467 --additional-intervals 32476,32476 --additional-intervals 32479,32479 --additional-intervals 32487,32487 --additional-intervals 32490,32490 --additional-intervals 32493,32493 --additional-intervals 32500,32500 --additional-intervals 32531,32531 --additional-intervals 32534,32534 --additional-intervals 32541,32541 --additional-intervals 32553,32553 --additional-intervals 32593,32593 --additional-intervals 32622,32622 --additional-intervals 32763,32763 --additional-intervals 32773,32773 --additional-intervals 33021,33021 --additional-intervals 33041,33041 --additional-intervals 33050,33050 --additional-intervals 33258,33258 --additional-intervals 33267,33267 --additional-intervals 33394,33394 --additional-intervals 33410,33410 --additional-intervals 33509,33509 --additional-intervals 33521,33521 --additional-intervals 33539,33539 --additional-intervals 33616,33616 --additional-intervals 33719,33719 --additional-intervals 33756,33756 --additional-intervals 33853,33853 --additional-intervals 34013,34013 --additional-intervals 34255,34255 --additional-intervals 34892,34892 --additional-intervals 34920,34920 --additional-intervals 34987,34987 --additional-intervals 35009,35009 --additional-intervals 35013,35013 --additional-intervals 35114,35114 --additional-intervals 35201,35201 --additional-intervals 35265,35265 --additional-intervals 35272,35272 --additional-intervals 35299,35299 --additional-intervals 35302,35302 --additional-intervals 35328,35328 --additional-intervals 35745,35745 --additional-intervals 35748,35748 --additional-intervals 35758,35758 --additional-intervals 35760,35760 --additional-intervals 35774,35774 --additional-intervals 35777,35777 --additional-intervals 35789,35789 --additional-intervals 35797,35797 --additional-intervals 35810,35810 --additional-intervals 35814,35814 --additional-intervals 35821,35821 --additional-intervals 35823,35823 --additional-intervals 35828,35828 --additional-intervals 35831,35831 --additional-intervals 35835,35835 --additional-intervals 35843,35843 --additional-intervals 36133,36133 --additional-intervals 36134,36134 --additional-intervals 36215,36215 --additional-intervals 36229,36229 --additional-intervals 36275,36275 --additional-intervals 36291,36291 --additional-intervals 36305,36305 --additional-intervals 36317,36317 --additional-intervals 36319,36319 --additional-intervals 36339,36339 --additional-intervals 36716,36716 --additional-intervals 36731,36731 --additional-intervals 36733,36733 --additional-intervals 36739,36739 --additional-intervals 36755,36755 --additional-intervals 36793,36793 --additional-intervals 36798,36798 --additional-intervals 36807,36807 --additional-intervals 36817,36817 --additional-intervals 36820,36820 --additional-intervals 36824,36824 --additional-intervals 36825,36825 --additional-intervals 36827,36827 --additional-intervals 36828,36828 --additional-intervals 36830,36830 --additional-intervals 36864,36864 --additional-intervals 36865,36865 --additional-intervals 36866,36866 --additional-intervals 36870,36870 --additional-intervals 36873,36873 --additional-intervals 36879,36879 --additional-intervals 36890,36890 --additional-intervals 36895,36895 --additional-intervals 37096,37096 --additional-intervals 37117,37117 --additional-intervals 37197,37197 --additional-intervals 37266,37266 --additional-intervals 37322,37322 --additional-intervals 37325,37325 --additional-intervals 37327,37327 --additional-intervals 38024,38024 --additional-intervals 38047,38047 --additional-intervals 38142,38142 --additional-intervals 38169,38169 --additional-intervals 38190,38190 --additional-intervals 38191,38191 --additional-intervals 38236,38236 --additional-intervals 38271,38271 --additional-intervals 38381,38381 --additional-intervals 38382,38382 --additional-intervals 38388,38388 --additional-intervals 38405,38405 --additional-intervals 38451,38451 --additional-intervals 38468,38468 --additional-intervals 38500,38500 --additional-intervals 38543,38543 --additional-intervals 38544,38544 --additional-intervals 38656,38656 --additional-intervals 38754,38754 --additional-intervals 39029,39029 --additional-intervals 39030,39030 --additional-intervals 39033,39033 --additional-intervals 39034,39034 --additional-intervals 39044,39044 --additional-intervals 39057,39057 --additional-intervals 39064,39064 --additional-intervals 39304,39304 --additional-intervals 39318,39318 --additional-intervals 39564,39564 --additional-intervals 40479,40479 --additional-intervals 40560,40560 --additional-intervals 40664,40664 --additional-intervals 40784,40784 --additional-intervals 40831,40831 --additional-intervals 65281,65281 --additional-intervals 65288,65288 --additional-intervals 65289,65289 --additional-intervals 65292,65292 --additional-intervals 65306,65306 --additional-intervals 65311,65311
 */
#pragma once
#include "builtin_font_metadata.h"
#include "EpdFontData.h"

static const uint8_t geist_8_regularBitmaps[24756] = {
    0xFF, 0xFF, 0xB6, 0x01, 0x70, 0xFF, 0xEF, 0x9E, 0x19, 0x86, 0xC1, 0xB1, 0xFE, 0x7F, 0x8C, 0xC3,
    0x30, 0xD8, 0x7F, 0x9F, 0xC3, 0x61, 0x98, 0x18, 0x07, 0x07, 0xE1, 0xFC, 0xFF, 0xBF, 0x67, 0xC1,
    0xF8, 0x1F, 0x07, 0xED, 0xDB, 0xF6, 0x7F, 0x8F, 0xC1, 0xC0, 0x20, 0x7C, 0x31, 0xF1, 0x8E, 0xCC,
    0x3B, 0x30, 0x6D, 0x81, 0xFC, 0x00, 0x3F, 0x01, 0xBE, 0x0D, 0xD8, 0x77, 0x61, 0x8F, 0x8C, 0x3E,
    0x3E, 0x07, 0xC1, 0xD8, 0x3B, 0x03, 0xE0, 0x78, 0x1F, 0x33, 0x76, 0xE7, 0xDC, 0x79, 0xFF, 0x3F,
    0xF0, 0xFB, 0x20, 0x11, 0x9C, 0xC6, 0x33, 0x9C, 0xE7, 0x18, 0xC6, 0x18, 0xC0, 0xC3, 0x18, 0x63,
    0x18, 0xC6, 0x31, 0x8C, 0x67, 0x33, 0x00, 0x01, 0xE7, 0xBF, 0xFD, 0xE4, 0x80, 0x1C, 0x1C, 0x1C,
    0xFF, 0xFF, 0x1C, 0x1C, 0x1C, 0x5D, 0x60, 0x03, 0xFF, 0xC0, 0x5C, 0x06, 0x0C, 0x18, 0x60, 0xC1,
    0x86, 0x0C, 0x38, 0x60, 0xC3, 0x86, 0x0C, 0x38, 0x00, 0x1F, 0x07, 0xF1, 0xC7, 0x30, 0x6E, 0x0D,
    0xC1, 0xB8, 0x37, 0x06, 0x60, 0xCC, 0x38, 0xFE, 0x0F, 0x80, 0x19, 0xFF, 0xF3, 0x9C, 0xE7, 0x39,
    0xCE, 0x70, 0x3E, 0x3F, 0xB0, 0xD8, 0x60, 0x30, 0x38, 0x78, 0x78, 0x70, 0x70, 0x3F, 0xDF, 0xF0,
    0x7E, 0x3F, 0xB0, 0xC0, 0x60, 0x70, 0xF0, 0x7C, 0x06, 0xC3, 0x61, 0xBF, 0xCF, 0xC0, 0x07, 0x07,
    0x87, 0xC3, 0xE3, 0x73, 0xB9, 0x9D, 0xCE, 0xFF, 0xFF, 0xC1, 0xC0, 0xE0, 0x7F, 0x9F, 0xC6, 0x01,
    0x80, 0x7F, 0x1F, 0xE6, 0x18, 0x06, 0x41, 0x98, 0x67, 0xF8, 0xFC, 0x1F, 0x0F, 0xE7, 0x19, 0x80,
    0x7F, 0x3F, 0xEE, 0x1B, 0x86, 0xE1, 0x98, 0x67, 0xF8, 0xFC, 0xFF, 0xFF, 0x07, 0x06, 0x0C, 0x0C,
    0x18, 0x18, 0x18, 0x18, 0x38, 0x38, 0x1F, 0x0F, 0xE7, 0x19, 0xC6, 0x3B, 0x8F, 0xC7, 0xF9, 0x86,
    0xE1, 0xB8, 0x67, 0xF8, 0xFC, 0x3F, 0x1F, 0xE6, 0x1B, 0x86, 0xE1, 0x98, 0x67, 0x78, 0xFE, 0x0D,
    0x98, 0x67, 0xF0, 0xF8, 0xE8, 0x00, 0x02, 0xE0, 0xE8, 0x00, 0x02, 0xEB, 0x00, 0x00, 0x07, 0x1F,
    0x7C, 0xF0, 0xE0, 0xF8, 0x3E, 0x0F, 0x01, 0x00, 0xFF, 0xFF, 0x00, 0xFF, 0xFF, 0x00, 0xC0, 0xF0,
    0x3E, 0x0F, 0x07, 0x1E, 0xF8, 0xE0, 0x80, 0x3E, 0x3F, 0x98, 0xDC, 0x60, 0x30, 0x38, 0x38, 0x18,
    0x1C, 0x00, 0x02, 0x03, 0x80, 0x0F, 0xF0, 0x3F, 0xF0, 0xE0, 0x73, 0x80, 0x66, 0x7F, 0xCD, 0xFF,
    0xBF, 0x1F, 0x7E, 0x3E, 0xEC, 0xFD, 0xDF, 0xF1, 0x80, 0x03, 0x80, 0x03, 0xCE, 0x03, 0xFC, 0x00,
    0xC0, 0x00, 0x0E, 0x01, 0xC0, 0x7C, 0x0D, 0x81, 0xB8, 0x63, 0x0C, 0x61, 0xFE, 0x7F, 0xCC, 0x1B,
    0x83, 0xE0, 0x30, 0xFF, 0x3F, 0xEE, 0x1B, 0x86, 0xE3, 0xBF, 0xCF, 0xFB, 0x86, 0xE1, 0xB8, 0x6F,
    0xFB, 0xFC, 0x1F, 0x87, 0xF9, 0xC3, 0xB0, 0x3E, 0x01, 0xC0, 0x38, 0x07, 0x03, 0x60, 0x6E, 0x1C,
    0xFF, 0x0F, 0xC0, 0xFF, 0x1F, 0xF3, 0x87, 0x70, 0x6E, 0x0D, 0xC1, 0xB8, 0x37, 0x06, 0xE0, 0xDC,
    0x3B, 0xFE, 0x7F, 0x80, 0xFF, 0xFF, 0xB8, 0x1C, 0x0E, 0x07, 0xFB, 0xFD, 0xC0, 0xE0, 0x70, 0x3F,
    0xDF, 0xF0, 0xFF, 0xFF, 0xB8, 0x1C, 0x0E, 0x07, 0x03, 0xFD, 0xFE, 0xE0, 0x70, 0x38, 0x1C, 0x00,
    0x1F, 0x83, 0xFC, 0x70, 0xE6, 0x06, 0xE0, 0x0E, 0x00, 0xE3, 0xFE, 0x3F, 0x60, 0x77, 0x0F, 0x3F,
    0xF1, 0xFF, 0xE1, 0xF8, 0x7E, 0x1F, 0x87, 0xE1, 0xFF, 0xFF, 0xFF, 0x87, 0xE1, 0xF8, 0x7E, 0x1F,
    0x87, 0xFF, 0xFF, 0xFF, 0xFF, 0xF0, 0x03, 0x81, 0xC0, 0xE0, 0x70, 0x38, 0x1C, 0x0E, 0x07, 0xE3,
    0x31, 0x9F, 0xC7, 0xC0, 0xE1, 0xB8, 0xCE, 0x73, 0xB8, 0xFC, 0x3E, 0x0F, 0xC3, 0xB8, 0xE6, 0x38,
    0xCE, 0x3B, 0x87, 0xE0, 0x70, 0x38, 0x1C, 0x0E, 0x07, 0x03, 0x81, 0xC0, 0xE0, 0x70, 0x3F, 0xDF,
    0xE0, 0xE0, 0x3F, 0x83, 0xFC, 0x1F, 0xE1, 0xFF, 0x8F, 0xFC, 0x7F, 0xE7, 0xFF, 0xB7, 0xED, 0xBF,
    0x7D, 0xF9, 0xCF, 0xCE, 0x70, 0xE0, 0xFE, 0x1F, 0xE3, 0xFC, 0x7F, 0xCF, 0xD9, 0xFB, 0xBF, 0x37,
    0xE3, 0xFC, 0x7F, 0x87, 0xF0, 0xF0, 0x1F, 0x83, 0xFC, 0x70, 0xE6, 0x06, 0xE0, 0x6E, 0x06, 0xE0,
    0x6E, 0x06, 0x60, 0x67, 0x0E, 0x3F, 0xC1, 0xF8, 0xFF, 0x3F, 0xEE, 0x1B, 0x86, 0xE1, 0xB9, 0xEF,
    0xF3, 0xF0, 0xE0, 0x38, 0x0E, 0x03, 0x80, 0x1F, 0x83, 0xFC, 0x70, 0xE6, 0x06, 0xE0, 0x6E, 0x06,
    0xE0, 0x6E, 0x06, 0x66, 0x67, 0x3E, 0x3F, 0xC1, 0xFC, 0x00, 0xC0, 0xFF, 0x3F, 0xEE, 0x1B, 0x86,
    0xE1, 0xB8, 0xEF, 0xF3, 0xFE, 0xE1, 0xB8, 0x6E, 0x1B, 0x87, 0x3E, 0x1F, 0xCE, 0x3B, 0x86, 0x70,
    0x1F, 0x81, 0xF8, 0x0E, 0xC1, 0xB8, 0x67, 0xF8, 0xFC, 0xFF, 0xFF, 0xC7, 0x03, 0x81, 0xC0, 0xE0,
    0x70, 0x38, 0x1C, 0x0E, 0x07, 0x03, 0x80, 0xE1, 0xF8, 0x7E, 0x1F, 0x87, 0xE1, 0xF8, 0x7E, 0x1F,
    0x87, 0xE1, 0x98, 0x67, 0xF8, 0xFC, 0xC0, 0x7C, 0x1D, 0x83, 0x38, 0x63, 0x1C, 0x63, 0x0E, 0x60,
    0xD8, 0x1B, 0x03, 0xE0, 0x38, 0x07, 0x00, 0xE1, 0x86, 0x63, 0x86, 0x63, 0xC6, 0x63, 0xCE, 0x73,
    0xCC, 0x37, 0xCC, 0x36, 0xEC, 0x36, 0x7C, 0x3E, 0x78, 0x1E, 0x78, 0x1C, 0x78, 0x1C, 0x38, 0xE1,
    0xD8, 0x67, 0x38, 0xFC, 0x1E, 0x07, 0x81, 0xE0, 0x78, 0x3B, 0x1C, 0xE6, 0x1B, 0x87, 0xE0, 0xCC,
    0x38, 0xC6, 0x1D, 0xC1, 0xB0, 0x3C, 0x03, 0x80, 0x70, 0x0E, 0x01, 0xC0, 0x38, 0x07, 0x00, 0xFF,
    0xFF, 0x07, 0x0E, 0x0C, 0x1C, 0x38, 0x30, 0x70, 0xE0, 0xFF, 0xFF, 0x07, 0xFF, 0xCE, 0x73, 0x9C,
    0xE7, 0x39, 0xCE, 0x73, 0xEF, 0x40, 0xC1, 0x83, 0x03, 0x06, 0x0C, 0x0C, 0x18, 0x30, 0x30, 0x60,
    0xC0, 0xC1, 0x80, 0x07, 0xFE, 0x73, 0x9C, 0xE7, 0x39, 0xCE, 0x73, 0x9F, 0xFE, 0x38, 0x71, 0xB3,
    0x6E, 0xE0, 0x00, 0xFF, 0xFF, 0x46, 0x70, 0x3E, 0x3F, 0x98, 0xC0, 0xE7, 0xFB, 0x9F, 0x8F, 0xFF,
    0x7D, 0x80, 0xE0, 0x70, 0x38, 0x1F, 0xCF, 0xF7, 0x1B, 0x8D, 0xC6, 0xE3, 0x71, 0xBF, 0xDF, 0xC0,
    0x3E, 0x3F, 0x98, 0xFC, 0x0E, 0x07, 0x09, 0x8E, 0xFE, 0x3E, 0x00, 0x03, 0x81, 0xC0, 0xE7, 0xF7,
    0xFB, 0x1F, 0x8F, 0xC7, 0xE3, 0xB1, 0xDF, 0xE7, 0xF0, 0x3E, 0x3F, 0x98, 0xFC, 0x3F, 0xFF, 0xFD,
    0x86, 0xFE, 0x3E, 0x00, 0x7F, 0xF9, 0xFF, 0xF3, 0x9C, 0xE7, 0x39, 0xC0, 0x3F, 0xBF, 0xD8, 0xFC,
    0x7E, 0x3F, 0x1D, 0xDE, 0x7F, 0x7B, 0x3F, 0x8F, 0x80, 0xE0, 0x70, 0x38, 0x1F, 0xCF, 0xF7, 0x1B,
    0x8F, 0xC7, 0xE3, 0xF1, 0xF8, 0xFC, 0x70, 0xE8, 0x7F, 0xFF, 0xFF, 0xF0, 0x72, 0x07, 0x77, 0x77,
    0x77, 0x77, 0xEE, 0xE0, 0x70, 0x38, 0x1C, 0x6E, 0x67, 0x73, 0xF1, 0xF8, 0xFC, 0x73, 0x39, 0xDC,
    0x70, 0xEE, 0xEE, 0xEE, 0xEE, 0xEE, 0xE7, 0xFD, 0xE7, 0xFF, 0xB9, 0xCD, 0xCE, 0x7E, 0x73, 0xF3,
    0x9F, 0x9C, 0xFC, 0xE7, 0xE7, 0x38, 0xFE, 0x7F, 0xB8, 0xDC, 0x7E, 0x3F, 0x1F, 0x8F, 0xC7, 0xE3,
    0x80, 0x3F, 0x1F, 0xE6, 0x1B, 0x86, 0xE1, 0xB8, 0x66, 0x19, 0xFE, 0x3F, 0x00, 0xFE, 0x7F, 0xB8,
    0xDC, 0x6E, 0x37, 0x1B, 0x8D, 0xFE, 0xFE, 0x70, 0x38, 0x00, 0x3F, 0xBF, 0xD8, 0xFC, 0x7E, 0x3F,
    0x1D, 0x8E, 0xFF, 0x3F, 0x81, 0xC0, 0xE0, 0xFF, 0xEE, 0x38, 0xE3, 0x8E, 0x38, 0xE0, 0x7C, 0x7E,
    0xE6, 0xE0, 0x7C, 0x1E, 0xC6, 0xFE, 0x7E, 0x73, 0xBF, 0xF7, 0x39, 0xCE, 0x73, 0xCE, 0xE7, 0xE7,
    0xE7, 0xE7, 0xE7, 0xE7, 0xE7, 0x7F, 0x7F, 0xC3, 0xB1, 0x98, 0xCC, 0xE3, 0x61, 0xB0, 0xF8, 0x38,
    0x1C, 0x00, 0xC3, 0x1F, 0x9C, 0x66, 0x79, 0x99, 0xEE, 0x7F, 0xB0, 0xF6, 0xC3, 0xCF, 0x0F, 0x38,
    0x18, 0xE0, 0x63, 0x99, 0x8F, 0xC3, 0xC1, 0xC0, 0xF0, 0xFC, 0xE6, 0x61, 0x80, 0xE1, 0xB1, 0xD8,
    0xC6, 0x63, 0x71, 0xB0, 0x78, 0x38, 0x1C, 0x1E, 0x0E, 0x00, 0xFF, 0xFC, 0x38, 0xE3, 0x8E, 0x38,
    0x7F, 0xFE, 0x00, 0xF3, 0xDC, 0x71, 0x8E, 0x30, 0xE1, 0x86, 0x1C, 0x70, 0xE3, 0xC3, 0xDF, 0xFF,
    0xFF, 0xFF, 0xFF, 0xF8, 0x03, 0xCF, 0x0C, 0x38, 0xE1, 0x83, 0x1C, 0xE3, 0x8E, 0x31, 0xCF, 0x30,
    0x00, 0x3D, 0x9F, 0xDD, 0xE4, 0x00, 0xE8, 0x6D, 0xBF, 0xFF, 0x80, 0x0C, 0x1F, 0x1F, 0xCD, 0xFE,
    0xC7, 0x63, 0xA0, 0xF7, 0x7F, 0x1F, 0x87, 0x03, 0x00, 0x3E, 0x3F, 0xB8, 0xDC, 0x0E, 0x03, 0x03,
    0xF1, 0xF8, 0x60, 0x30, 0x3F, 0xDF, 0xE0, 0x60, 0xCF, 0xF8, 0xFE, 0x18, 0xC7, 0x18, 0xE3, 0x0E,
    0xE3, 0xFE, 0x64, 0xC0, 0x00, 0xE0, 0xEC, 0x19, 0xC7, 0x1D, 0xC1, 0xB0, 0x3E, 0x0F, 0xF1, 0xFE,
    0x3F, 0xC7, 0xF8, 0x38, 0x07, 0x00, 0xFF, 0xFF, 0xC0, 0xFF, 0xFF, 0xC0, 0x7E, 0x3F, 0xB8, 0xCE,
    0x07, 0xE3, 0xFB, 0x8C, 0xE6, 0x7F, 0x07, 0xB0, 0xDE, 0xE7, 0xF0, 0xE0, 0x03, 0xF4, 0x80, 0x00,
    0x00, 0x3F, 0x03, 0xFF, 0x1C, 0x1C, 0x6F, 0xB9, 0xBF, 0x6F, 0xC5, 0xBF, 0x16, 0xEE, 0xD9, 0xBF,
    0x67, 0x33, 0x8F, 0x7C, 0x1F, 0xE0, 0x0C, 0x00, 0x7C, 0xD8, 0xF3, 0xE6, 0xCF, 0xC0, 0x37, 0x6E,
    0xFC, 0xD8, 0xFC, 0x6E, 0x37, 0x00, 0x3F, 0xDF, 0xE0, 0x70, 0x38, 0x08, 0x00, 0x07, 0xE1, 0xFE,
    0x3F, 0xEF, 0xED, 0xFD, 0xBF, 0x33, 0xF6, 0x7B, 0xC7, 0xF0, 0x30, 0x00, 0x0F, 0xF0, 0x00, 0xF1,
    0xF7, 0x6F, 0xCF, 0x84, 0x00, 0x38, 0x38, 0x38, 0x38, 0xFF, 0xFF, 0x38, 0x38, 0xFF, 0xFF, 0x7E,
    0xF6, 0x77, 0x63, 0xE0, 0x7E, 0xC6, 0x71, 0xED, 0xE0, 0x26, 0x60, 0xC3, 0x61, 0xB0, 0xD8, 0x6C,
    0x37, 0x1B, 0x8D, 0xFE, 0xFF, 0x60, 0x30, 0x18, 0x00, 0x3F, 0xBF, 0xFF, 0xFF, 0xFF, 0xFB, 0xFC,
    0xFE, 0x1F, 0x0F, 0x87, 0xC3, 0xE1, 0xF0, 0x1D, 0x00, 0x00, 0xC7, 0x9E, 0x30, 0x2F, 0xB6, 0xD8,
    0x79, 0xB4, 0xD3, 0x6D, 0xE0, 0x7E, 0x1B, 0x86, 0xE3, 0x31, 0xB9, 0xB9, 0xF8, 0x70, 0x67, 0x86,
    0x3C, 0x70, 0xE3, 0x07, 0x30, 0x3B, 0x80, 0x39, 0xC1, 0x9E, 0x1C, 0xF1, 0xCF, 0x8C, 0xFC, 0xC0,
    0xE0, 0x60, 0xC7, 0x86, 0x3C, 0x60, 0xE6, 0x07, 0x70, 0x3B, 0x78, 0xB7, 0xC3, 0x86, 0x18, 0x61,
    0x86, 0x1C, 0x7C, 0xC1, 0xE0, 0x00, 0x01, 0xE0, 0xCF, 0x86, 0x06, 0x38, 0x38, 0xC0, 0xE6, 0x0D,
    0xB8, 0x3E, 0xCE, 0x36, 0x78, 0x33, 0xE1, 0xCF, 0x86, 0x7E, 0x30, 0x38, 0x00, 0x0E, 0x02, 0x01,
    0x01, 0x80, 0xC0, 0xE0, 0xE0, 0xE0, 0x71, 0xB8, 0xCF, 0xE3, 0xE0, 0x1C, 0x01, 0x80, 0x00, 0x07,
    0x00, 0xE0, 0x3E, 0x06, 0xC0, 0xDC, 0x31, 0x86, 0x30, 0xFF, 0x3F, 0xE6, 0x0D, 0xC1, 0xF0, 0x18,
    0x07, 0x00, 0xC0, 0x00, 0x07, 0x00, 0xE0, 0x3E, 0x06, 0xC0, 0xDC, 0x31, 0x86, 0x30, 0xFF, 0x3F,
    0xE6, 0x0D, 0xC1, 0xF0, 0x18, 0x0E, 0x03, 0x60, 0x00, 0x07, 0x00, 0xE0, 0x3E, 0x06, 0xC0, 0xDC,
    0x31, 0x86, 0x30, 0xFF, 0x3F, 0xE6, 0x0D, 0xC1, 0xF0, 0x18, 0x00, 0x03, 0xE0, 0x7C, 0x09, 0x00,
    0xE0, 0x1C, 0x07, 0xC0, 0xD8, 0x1B, 0x06, 0x30, 0xC6, 0x1F, 0xC7, 0xFC, 0xC1, 0x98, 0x36, 0x03,
    0x00, 0x01, 0xF8, 0x09, 0x00, 0x00, 0x0E, 0x00, 0xF0, 0x0F, 0x01, 0xB8, 0x19, 0x81, 0x98, 0x39,
    0xC3, 0xFC, 0x7F, 0xC6, 0x0E, 0x60, 0x6E, 0x06, 0x00, 0x01, 0xC0, 0x78, 0x07, 0x00, 0x40, 0x1C,
    0x03, 0x80, 0xD8, 0x1B, 0x03, 0x60, 0xC6, 0x18, 0xC7, 0xFC, 0xFF, 0x98, 0x36, 0x07, 0xC0, 0x60,
    0x03, 0xFF, 0x03, 0xFF, 0x07, 0xE0, 0x06, 0xE0, 0x0E, 0xE0, 0x0C, 0xFF, 0x1C, 0xFE, 0x1F, 0xE0,
    0x3F, 0xE0, 0x30, 0xE0, 0x60, 0xFF, 0x60, 0xFF, 0x1F, 0x83, 0xFC, 0x70, 0x66, 0x06, 0xE0, 0x0E,
    0x00, 0xE0, 0x0E, 0x02, 0x60, 0x77, 0x06, 0x3F, 0xE1, 0xF8, 0x07, 0x00, 0xF0, 0x0F, 0x00, 0x60,
    0x38, 0x0C, 0x02, 0x1F, 0xFF, 0xF7, 0x03, 0x81, 0xC0, 0xFF, 0x7F, 0xB8, 0x1C, 0x0E, 0x07, 0xFB,
    0xFE, 0x0E, 0x06, 0x02, 0x1F, 0xFF, 0xF7, 0x03, 0x81, 0xC0, 0xFF, 0x7F, 0xB8, 0x1C, 0x0E, 0x07,
    0xFB, 0xFE, 0x1C, 0x1B, 0x00, 0x1F, 0xFF, 0xF7, 0x03, 0x81, 0xC0, 0xFF, 0x7F, 0xB8, 0x1C, 0x0E,
    0x07, 0xFB, 0xFE, 0x00, 0x3E, 0x14, 0x00, 0xFF, 0xFF, 0xE0, 0xE0, 0xE0, 0xFF, 0xFE, 0xE0, 0xE0,
    0xE0, 0xFF, 0xFF, 0xE6, 0x27, 0x77, 0x77, 0x77, 0x77, 0x77, 0x70, 0x76, 0x0E, 0xEE, 0xEE, 0xEE,
    0xEE, 0xEE, 0xE0, 0x76, 0xC0, 0xE7, 0x39, 0xCE, 0x73, 0x9C, 0xE7, 0x39, 0xC0, 0x03, 0xE4, 0x80,
    0x30, 0xC3, 0x0C, 0x30, 0xC3, 0x0C, 0x30, 0xC3, 0x0C, 0x7F, 0x87, 0xFC, 0x70, 0xE7, 0x06, 0x70,
    0x67, 0x06, 0xFE, 0x6F, 0xE6, 0x70, 0x67, 0x0E, 0x7F, 0xC7, 0xF8, 0x00, 0x03, 0xF0, 0x7C, 0x09,
    0x0E, 0x0F, 0xE1, 0xFE, 0x3F, 0xC7, 0xFC, 0xFD, 0x9F, 0xBB, 0xF3, 0x7E, 0x3F, 0xC7, 0xF8, 0x7F,
    0x0F, 0x00, 0x00, 0xC0, 0x06, 0x00, 0x00, 0x1F, 0x83, 0xFC, 0x70, 0xE6, 0x06, 0xE0, 0x6E, 0x06,
    0xE0, 0x6E, 0x06, 0x60, 0x67, 0x0E, 0x3F, 0xC1, 0xF8, 0x00, 0x00, 0x30, 0x06, 0x00, 0x00, 0x1F,
    0x83, 0xFC, 0x70, 0xE6, 0x06, 0xE0, 0x6E, 0x06, 0xE0, 0x6E, 0x06, 0x60, 0x67, 0x0E, 0x3F, 0xC1,
    0xF8, 0x06, 0x00, 0xF0, 0x0F, 0x00, 0x00, 0x1F, 0x83, 0xFC, 0x70, 0xE6, 0x06, 0xE0, 0x6E, 0x06,
    0xE0, 0x6E, 0x06, 0x60, 0x67, 0x0E, 0x3F, 0xC1, 0xF8, 0x00, 0x01, 0xF8, 0x1F, 0x01, 0x20, 0x1F,
    0x83, 0xFC, 0x70, 0xE6, 0x06, 0xE0, 0x6E, 0x06, 0xE0, 0x6E, 0x06, 0x60, 0x67, 0x0E, 0x3F, 0xC1,
    0xF8, 0x00, 0x01, 0xF8, 0x09, 0x00, 0x00, 0x1F, 0x83, 0xFC, 0x70, 0xE6, 0x06, 0xE0, 0x6E, 0x06,
    0xE0, 0x6E, 0x06, 0x60, 0x67, 0x0E, 0x3F, 0xC1, 0xF8, 0x42, 0x67, 0x7E, 0x3C, 0x3C, 0x7E, 0x67,
    0x42, 0x1F, 0xE3, 0xFC, 0x71, 0xE6, 0x3E, 0xE3, 0x6E, 0x66, 0xEE, 0x6E, 0xC6, 0x78, 0x67, 0x8E,
    0x3F, 0xC7, 0xF8, 0x00, 0x06, 0x00, 0xC0, 0x00, 0xE1, 0xF8, 0x7E, 0x1F, 0x87, 0xE1, 0xF8, 0x7E,
    0x1F, 0x87, 0xE1, 0x98, 0x67, 0xF8, 0xFC, 0x00, 0x01, 0x80, 0xC0, 0x00, 0xE1, 0xF8, 0x7E, 0x1F,
    0x87, 0xE1, 0xF8, 0x7E, 0x1F, 0x87, 0xE1, 0x98, 0x67, 0xF8, 0xFC, 0x0C, 0x07, 0x81, 0xE0, 0x00,
    0xE1, 0xF8, 0x7E, 0x1F, 0x87, 0xE1, 0xF8, 0x7E, 0x1F, 0x87, 0xE1, 0x98, 0x67, 0xF8, 0xFC, 0x00,
    0x0F, 0xC1, 0x20, 0x00, 0xE1, 0xF8, 0x7E, 0x1F, 0x87, 0xE1, 0xF8, 0x7E, 0x1F, 0x87, 0xE1, 0x98,
    0x67, 0xF8, 0xFC, 0x07, 0x00, 0xC0, 0x00, 0x70, 0x66, 0x1C, 0x63, 0x0E, 0xE0, 0xD8, 0x1E, 0x01,
    0xC0, 0x38, 0x07, 0x00, 0xE0, 0x1C, 0x03, 0x80, 0xE0, 0x70, 0x3F, 0x9F, 0xEE, 0x37, 0x1B, 0x8D,
    0xCE, 0xFE, 0x7C, 0x38, 0x1C, 0x00, 0x3E, 0x3F, 0xB8, 0xDC, 0x6E, 0x77, 0xF3, 0xFD, 0xC6, 0xE3,
    0x71, 0xBF, 0xDF, 0xC0, 0x38, 0x0C, 0x00, 0x07, 0xC7, 0xF3, 0x18, 0x1C, 0xFF, 0x73, 0xF1, 0xFF,
    0xEF, 0xB0, 0x0E, 0x06, 0x00, 0x07, 0xC7, 0xF3, 0x18, 0x1C, 0xFF, 0x73, 0xF1, 0xFF, 0xEF, 0xB0,
    0x1C, 0x1B, 0x00, 0x07, 0xC7, 0xF3, 0x18, 0x1C, 0xFF, 0x73, 0xF1, 0xFF, 0xEF, 0xB0, 0x3F, 0x1F,
    0x09, 0x07, 0xC7, 0xF3, 0x18, 0x1C, 0xFF, 0x73, 0xF1, 0xFF, 0xEF, 0xB0, 0x3F, 0x09, 0x00, 0x07,
    0xC7, 0xF3, 0x18, 0x1C, 0xFF, 0x73, 0xF1, 0xFF, 0xEF, 0xB0, 0x00, 0x0E, 0x0F, 0x03, 0x80, 0x81,
    0xF1, 0xFC, 0xC6, 0x07, 0x3F, 0xDC, 0xFC, 0x7F, 0xFB, 0xEC, 0x3E, 0xF8, 0xFF, 0xF9, 0x8E, 0x38,
    0x1C, 0x33, 0xFF, 0xEF, 0xFF, 0xF8, 0xE1, 0xFF, 0xFE, 0x7C, 0xF8, 0x3F, 0x1F, 0xE6, 0x1B, 0x80,
    0xE0, 0x38, 0x26, 0x19, 0xFE, 0x3F, 0x03, 0x81, 0xE0, 0x78, 0x0C, 0x00, 0x18, 0x0C, 0x00, 0x07,
    0xC7, 0xF3, 0x1F, 0x87, 0xFF, 0xFF, 0xB0, 0xDF, 0xC7, 0xC0, 0x06, 0x06, 0x00, 0x07, 0xC7, 0xF3,
    0x1F, 0x87, 0xFF, 0xFF, 0xB0, 0xDF, 0xC7, 0xC0, 0x1C, 0x1F, 0x00, 0x87, 0xC7, 0xF3, 0x1F, 0x87,
    0xFF, 0xFF, 0xB0, 0xDF, 0xC7, 0xC0, 0x3F, 0x09, 0x00, 0x07, 0xC7, 0xF3, 0x1F, 0x87, 0xFF, 0xFF,
    0xB0, 0xDF, 0xC7, 0xC0, 0xE6, 0x27, 0x77, 0x77, 0x77, 0x77, 0x76, 0x0E, 0xEE, 0xEE, 0xEE, 0xEE,
    0x76, 0xC0, 0xE7, 0x39, 0xCE, 0x73, 0x9C, 0xE0, 0xFB, 0x80, 0xE7, 0x39, 0xCE, 0x73, 0x9C, 0xE0,
    0x18, 0x87, 0xF1, 0xF0, 0x2E, 0x3F, 0x9F, 0xE6, 0x1B, 0x86, 0xE1, 0x98, 0x67, 0xF8, 0xFC, 0x3E,
    0x3F, 0x09, 0x1F, 0xCF, 0xF7, 0x1B, 0x8F, 0xC7, 0xE3, 0xF1, 0xF8, 0xFC, 0x70, 0x18, 0x07, 0x00,
    0x00, 0xFC, 0x7F, 0x98, 0x6E, 0x1B, 0x86, 0xE1, 0x98, 0x67, 0xF8, 0xFC, 0x06, 0x03, 0x00, 0x00,
    0xFC, 0x7F, 0x98, 0x6E, 0x1B, 0x86, 0xE1, 0x98, 0x67, 0xF8, 0xFC, 0x1E, 0x0F, 0x80, 0x00, 0xFC,
    0x7F, 0x98, 0x6E, 0x1B, 0x86, 0xE1, 0x98, 0x67, 0xF8, 0xFC, 0x3F, 0x0F, 0xC2, 0x40, 0xFC, 0x7F,
    0x98, 0x6E, 0x1B, 0x86, 0xE1, 0x98, 0x67, 0xF8, 0xFC, 0x3F, 0x04, 0x80, 0x00, 0xFC, 0x7F, 0x98,
    0x6E, 0x1B, 0x86, 0xE1, 0x98, 0x67, 0xF8, 0xFC, 0x18, 0x18, 0x00, 0xFF, 0xFF, 0x00, 0x18, 0x18,
    0x00, 0x3F, 0x9F, 0xE6, 0x7B, 0x9E, 0xED, 0xBE, 0x67, 0x19, 0xFE, 0x7F, 0x00, 0x30, 0x18, 0x00,
    0xE7, 0xE7, 0xE7, 0xE7, 0xE7, 0xE7, 0xE7, 0x7F, 0x7F, 0x0C, 0x18, 0x00, 0xE7, 0xE7, 0xE7, 0xE7,
    0xE7, 0xE7, 0xE7, 0x7F, 0x7F, 0x38, 0x3C, 0x00, 0xE7, 0xE7, 0xE7, 0xE7, 0xE7, 0xE7, 0xE7, 0x7F,
    0x7F, 0x7E, 0x24, 0x00, 0xE7, 0xE7, 0xE7, 0xE7, 0xE7, 0xE7, 0xE7, 0x7F, 0x7F, 0x06, 0x06, 0x00,
    0x1C, 0x36, 0x3B, 0x18, 0xCC, 0x6E, 0x36, 0x0F, 0x07, 0x03, 0x83, 0xC1, 0xC0, 0xE0, 0x70, 0x38,
    0x1F, 0xCF, 0xF7, 0x1B, 0x8D, 0xC6, 0xE3, 0x71, 0xBF, 0xDF, 0xCE, 0x07, 0x00, 0x3F, 0x04, 0x80,
    0x01, 0x86, 0x61, 0x9C, 0xE3, 0x30, 0xCC, 0x3E, 0x07, 0x81, 0xE0, 0x70, 0x3C, 0x0E, 0x00, 0x00,
    0x07, 0x81, 0xE0, 0x00, 0x0C, 0x07, 0x81, 0xE0, 0x78, 0x33, 0x0C, 0xC3, 0x31, 0xFE, 0x7F, 0xB8,
    0x7C, 0x0F, 0x03, 0x1E, 0x0F, 0x00, 0x07, 0xC7, 0xF3, 0x18, 0x1C, 0xFF, 0x73, 0xF1, 0xFF, 0xEF,
    0xB0, 0x1B, 0x03, 0xE0, 0x10, 0x07, 0x00, 0xE0, 0x36, 0x06, 0xC1, 0xDC, 0x31, 0x86, 0x31, 0xFF,
    0x3F, 0xE6, 0x0D, 0xC0, 0xF0, 0x18, 0x36, 0x1F, 0x02, 0x07, 0xC7, 0xF3, 0x18, 0x3C, 0xFF, 0x73,
    0xF1, 0xFF, 0xEF, 0xB0, 0x07, 0x00, 0xF0, 0x0F, 0x00, 0xD8, 0x19, 0x81, 0x98, 0x39, 0xC3, 0xFC,
    0x3F, 0xE7, 0x06, 0x60, 0x66, 0x07, 0x00, 0x60, 0x06, 0x00, 0x70, 0x02, 0x3E, 0x1F, 0xC6, 0x30,
    0x1C, 0x7F, 0x9C, 0xEE, 0x3B, 0xFE, 0x7D, 0x80, 0x60, 0x38, 0x0F, 0x01, 0x80, 0x00, 0x00, 0x60,
    0x18, 0x00, 0x01, 0xF8, 0x7F, 0x9C, 0x3B, 0x03, 0xE0, 0x1C, 0x03, 0x80, 0x70, 0x36, 0x06, 0xE1,
    0xCF, 0xF0, 0xFC, 0x06, 0x06, 0x00, 0x07, 0xC7, 0xF3, 0x1F, 0x81, 0xC0, 0xE1, 0x31, 0xDF, 0xC7,
    0xC0, 0x06, 0x01, 0xE0, 0x3C, 0x00, 0x01, 0xF8, 0x7F, 0x9C, 0x3B, 0x03, 0xE0, 0x1C, 0x03, 0x80,
    0x70, 0x36, 0x06, 0xE1, 0xCF, 0xF0, 0xFC, 0x1C, 0x1F, 0x00, 0x07, 0xC7, 0xF3, 0x1F, 0x81, 0xC0,
    0xE1, 0x31, 0xDF, 0xC7, 0xC0, 0x00, 0x00, 0x70, 0x02, 0x00, 0x00, 0x1F, 0xC3, 0xFE, 0x70, 0x66,
    0x07, 0xE0, 0x0E, 0x00, 0xE0, 0x0E, 0x02, 0x60, 0x77, 0x06, 0x3F, 0xE1, 0xF8, 0x1C, 0x04, 0x00,
    0x07, 0xC7, 0xF3, 0x1B, 0x81, 0xC0, 0xE1, 0x31, 0x9F, 0xC7, 0xC0, 0x09, 0x01, 0xE0, 0x38, 0x00,
    0x01, 0xF8, 0x7F, 0x9C, 0x3B, 0x03, 0xE0, 0x1C, 0x03, 0x80, 0x70, 0x36, 0x06, 0xE1, 0xCF, 0xF0,
    0xFC, 0x36, 0x0E, 0x00, 0x07, 0xC7, 0xF3, 0x1F, 0x81, 0xC0, 0xE1, 0x31, 0xDF, 0xC7, 0xC0, 0x36,
    0x03, 0x80, 0x00, 0x7F, 0x8F, 0xF9, 0xC3, 0xB8, 0x37, 0x06, 0xE0, 0xDC, 0x1B, 0x83, 0x70, 0x6E,
    0x1D, 0xFF, 0x3F, 0xC0, 0x03, 0xE0, 0x7C, 0x0F, 0x9F, 0xF7, 0x78, 0xC7, 0x38, 0xE7, 0x1C, 0xE3,
    0x8C, 0x71, 0xFE, 0x1F, 0xC0, 0x7F, 0x87, 0xFC, 0x70, 0xE7, 0x06, 0x70, 0x67, 0x06, 0xFE, 0x6F,
    0xE6, 0x70, 0x67, 0x0E, 0x7F, 0xC7, 0xF8, 0x03, 0x83, 0xF0, 0x78, 0xFE, 0x7F, 0x98, 0xEE, 0x3B,
    0x8E, 0xE3, 0x98, 0xE7, 0xF8, 0xFE, 0x00, 0x3C, 0x3C, 0x00, 0xFF, 0xFF, 0xE0, 0xE0, 0xE0, 0xFF,
    0xFE, 0xE0, 0xE0, 0xE0, 0xFF, 0xFF, 0x1E, 0x0F, 0x00, 0x07, 0xC7, 0xF3, 0x1F, 0x87, 0xFF, 0xFF,
    0xB0, 0xDF, 0xC7, 0xC0, 0x00, 0x0E, 0x02, 0x00, 0x0F, 0xF7, 0xFB, 0x81, 0xC0, 0xE0, 0x7F, 0xBF,
    0xDC, 0x0E, 0x07, 0x03, 0xFD, 0xFF, 0x1C, 0x04, 0x00, 0x07, 0xC7, 0xF3, 0x1F, 0x8F, 0xFF, 0xFF,
    0xB1, 0xDF, 0xC7, 0xC0, 0xFF, 0x7F, 0xB8, 0x1C, 0x0E, 0x07, 0xFB, 0xFD, 0xC0, 0xE0, 0x70, 0x3F,
    0xDF, 0xE0, 0x30, 0x38, 0x1E, 0x06, 0x3E, 0x3F, 0x98, 0xFC, 0x3F, 0xFF, 0xFD, 0x86, 0xFE, 0x3F,
    0x03, 0x03, 0x81, 0xE0, 0x20, 0x36, 0x0E, 0x00, 0x1F, 0xFF, 0xF7, 0x03, 0x81, 0xC0, 0xFF, 0x7F,
    0xB8, 0x1C, 0x0E, 0x07, 0xFB, 0xFE, 0x36, 0x0E, 0x02, 0x07, 0xC7, 0xF3, 0x1F, 0x87, 0xFF, 0xFF,
    0xB1, 0xDF, 0xC7, 0xC0, 0x06, 0x00, 0xF0, 0x0F, 0x00, 0x00, 0x1F, 0x83, 0xFC, 0x70, 0xE6, 0x06,
    0xE0, 0x0E, 0x00, 0xE3, 0xFE, 0x3F, 0x60, 0x77, 0x0F, 0x3F, 0xF1, 0xFF, 0x1C, 0x1B, 0x00, 0x07,
    0xF7, 0xFB, 0x1F, 0x8F, 0xC7, 0xE3, 0xBB, 0xCF, 0xEF, 0x67, 0xF1, 0xF0, 0x11, 0x01, 0xB0, 0x1F,
    0x00, 0x40, 0x1F, 0x83, 0xFC, 0x70, 0xE6, 0x06, 0xE0, 0x0E, 0x00, 0xE7, 0xFE, 0x3F, 0x60, 0x77,
    0x0F, 0x3F, 0xF1, 0xFF, 0x00, 0x1F, 0x03, 0x00, 0x03, 0xFB, 0xFD, 0x8F, 0xC3, 0xE1, 0xB1, 0xDD,
    0xE7, 0xF4, 0xB3, 0xF8, 0xF8, 0x00, 0x00, 0x70, 0x02, 0x00, 0x00, 0x1F, 0x83, 0xFC, 0x70, 0xE6,
    0x06, 0xE0, 0x0E, 0x00, 0xE3, 0xFE, 0x3F, 0x60, 0x77, 0x0F, 0x3F, 0xF1, 0xFF, 0x1C, 0x04, 0x00,
    0x07, 0xF7, 0xFB, 0x1F, 0x8F, 0xC7, 0xE3, 0xBB, 0xCF, 0xEF, 0x67, 0xF1, 0xF0, 0x1F, 0x83, 0xFC,
    0x70, 0xE6, 0x06, 0xE0, 0x0E, 0x00, 0xE3, 0xFE, 0x3F, 0x60, 0x77, 0x0F, 0x3F, 0xF1, 0xFF, 0x02,
    0x00, 0x70, 0x06, 0x00, 0x60, 0x0C, 0x04, 0x07, 0x01, 0x00, 0x01, 0xFD, 0xFE, 0xC7, 0xE3, 0xF1,
    0xF8, 0xEE, 0xF3, 0xFB, 0xD9, 0xFC, 0x7C, 0x1C, 0x07, 0x80, 0x03, 0x87, 0xE1, 0xF8, 0x7E, 0x1F,
    0x87, 0xFF, 0xFF, 0xFE, 0x1F, 0x87, 0xE1, 0xF8, 0x7E, 0x1C, 0x70, 0x3E, 0x0D, 0x81, 0xC0, 0x70,
    0x1C, 0x07, 0xF1, 0xFE, 0x71, 0x9C, 0x77, 0x1D, 0xC7, 0x71, 0xDC, 0x77, 0x1C, 0x70, 0xE7, 0x0E,
    0xFF, 0xFF, 0xFE, 0x70, 0xE7, 0xFE, 0x7F, 0xE7, 0x0E, 0x70, 0xE7, 0x0E, 0x70, 0xE7, 0x0E, 0x70,
    0x3F, 0x07, 0x81, 0xFC, 0x7F, 0x9C, 0x67, 0x1D, 0xC7, 0x71, 0xDC, 0x77, 0x1D, 0xC7, 0x00, 0xFB,
    0xF2, 0x43, 0x87, 0x0E, 0x1C, 0x38, 0x70, 0xE1, 0xC3, 0x87, 0x0E, 0x1C, 0x7D, 0xF9, 0x21, 0xC3,
    0x87, 0x0E, 0x1C, 0x38, 0x70, 0xE1, 0xC0, 0x0F, 0xF0, 0x77, 0x77, 0x77, 0x77, 0x77, 0x77, 0xFF,
    0x07, 0x77, 0x77, 0x77, 0x77, 0x77, 0x77, 0x77, 0x77, 0x77, 0x77, 0x6E, 0xF2, 0x72, 0x07, 0x77,
    0x77, 0x77, 0x77, 0x6E, 0xF2, 0x1D, 0x0F, 0xFF, 0xFF, 0xFF, 0xFF, 0xFF, 0xFF, 0xFF, 0xE0, 0xE0,
    0x3F, 0x01, 0xF8, 0x0F, 0xC0, 0x7E, 0x03, 0xF0, 0x1F, 0x80, 0xFC, 0x07, 0xEE, 0x37, 0x31, 0xB9,
    0xFD, 0xC7, 0xC0, 0xEE, 0x88, 0x07, 0x7E, 0xFD, 0xFB, 0xF7, 0xEF, 0xDF, 0xBF, 0x71, 0xC3, 0x80,
    0x03, 0x80, 0xE0, 0x6C, 0x00, 0x03, 0x80, 0xE0, 0x38, 0x0E, 0x03, 0x80, 0xE0, 0x38, 0x0E, 0xE3,
    0x18, 0xC7, 0xF0, 0xF8, 0x76, 0xC0, 0xE7, 0x39, 0xCE, 0x73, 0x9C, 0xEE, 0x70, 0xE1, 0xF8, 0xEE,
    0x73, 0xB8, 0xFC, 0x3F, 0x0F, 0xC3, 0x98, 0xE7, 0x38, 0xEE, 0x1B, 0x87, 0x04, 0x03, 0x80, 0xC0,
    0x30, 0xE0, 0x70, 0x38, 0x1C, 0x6E, 0x67, 0x73, 0xF1, 0xF8, 0xFC, 0x73, 0x39, 0xDC, 0x70, 0x80,
    0xE0, 0x60, 0x30, 0x70, 0x30, 0x00, 0x1C, 0x0E, 0x07, 0x03, 0x81, 0xC0, 0xE0, 0x70, 0x38, 0x1C,
    0x0E, 0x07, 0xFB, 0xFC, 0x26, 0x6E, 0xEE, 0xEE, 0xEE, 0xEE, 0xEE, 0x70, 0xE0, 0xE0, 0xE0, 0xE0,
    0xE0, 0xE0, 0xE0, 0xE0, 0xE0, 0xE0, 0xFF, 0xFF, 0x08, 0x1C, 0x08, 0x18, 0xEE, 0xEE, 0xEE, 0xEE,
    0xEE, 0xF7, 0x27, 0x64, 0xE3, 0x71, 0xB8, 0xDC, 0x4E, 0x07, 0x03, 0x81, 0xC0, 0xE0, 0x70, 0x3F,
    0xDF, 0xE0, 0xFB, 0xEF, 0xBE, 0xE3, 0x8E, 0x38, 0xE3, 0x8E, 0x1C, 0x70, 0x1C, 0x07, 0x01, 0xD0,
    0x7C, 0x1E, 0x0F, 0x03, 0xC0, 0x70, 0x1C, 0x07, 0xF9, 0xFE, 0x73, 0x9C, 0xE7, 0xFB, 0xCE, 0x73,
    0x9C, 0x70, 0x07, 0x00, 0xC0, 0x00, 0x70, 0x7F, 0x0F, 0xF1, 0xFE, 0x3F, 0xE7, 0xEC, 0xFD, 0xDF,
    0x9B, 0xF1, 0xFE, 0x3F, 0xC3, 0xF8, 0x78, 0x0E, 0x06, 0x02, 0x1F, 0xCF, 0xF7, 0x1B, 0x8F, 0xC7,
    0xE3, 0xF1, 0xF8, 0xFC, 0x70, 0xE0, 0xFE, 0x1F, 0xE3, 0xFC, 0x7F, 0xCF, 0xD9, 0xFB, 0xBF, 0x37,
    0xE3, 0xFC, 0x7F, 0x87, 0xF0, 0xF0, 0x40, 0x1C, 0x01, 0x00, 0x60, 0xFE, 0x7F, 0xB8, 0xDC, 0x7E,
    0x3F, 0x1F, 0x8F, 0xC7, 0xE3, 0x84, 0x07, 0x01, 0x01, 0x80, 0x1B, 0x01, 0xC0, 0x00, 0x70, 0x7F,
    0x0F, 0xF1, 0xFE, 0x3F, 0xE7, 0xEC, 0xFD, 0xDF, 0x9B, 0xF1, 0xFE, 0x3F, 0xC3, 0xF8, 0x78, 0x36,
    0x0E, 0x00, 0x1F, 0xCF, 0xF7, 0x1B, 0x8F, 0xC7, 0xE3, 0xF1, 0xF8, 0xFC, 0x70, 0xE0, 0xFE, 0x1F,
    0xE3, 0xFC, 0x7F, 0xCF, 0xD9, 0xFB, 0xBF, 0x37, 0xE3, 0xFC, 0x7F, 0x87, 0xF0, 0xF0, 0x3C, 0x0F,
    0x80, 0xFE, 0x7F, 0xB8, 0xDC, 0x7E, 0x3F, 0x1F, 0x8F, 0xC7, 0xE3, 0x87, 0x83, 0xC0, 0x00, 0x00,
    0xF0, 0x0F, 0x00, 0x00, 0x1F, 0x83, 0xFC, 0x70, 0xE6, 0x06, 0xE0, 0x6E, 0x06, 0xE0, 0x6E, 0x06,
    0x60, 0x67, 0x0E, 0x3F, 0xC1, 0xF8, 0x1E, 0x07, 0x80, 0x00, 0xFC, 0x7F, 0x98, 0x6E, 0x1B, 0x86,
    0xE1, 0x98, 0x67, 0xF8, 0xFC, 0x00, 0x00, 0x78, 0x0F, 0x00, 0x00, 0x1F, 0x83, 0xFC, 0x70, 0xE6,
    0x06, 0xE0, 0x6E, 0x06, 0xE0, 0x6E, 0x06, 0x60, 0x67, 0x0E, 0x3F, 0xC1, 0xF8, 0x0F, 0x07, 0xC0,
    0x00, 0xFC, 0x7F, 0x98, 0x6E, 0x1B, 0x86, 0xE1, 0x98, 0x67, 0xF8, 0xFC, 0x1F, 0xFF, 0xCF, 0xFF,
    0xE7, 0x0F, 0x01, 0x81, 0xC0, 0xE0, 0x70, 0x38, 0x1F, 0xEE, 0x07, 0xFB, 0x81, 0xC0, 0x60, 0x70,
    0x1C, 0x3C, 0x03, 0xFF, 0xF8, 0x7F, 0xFF, 0x3F, 0x7C, 0x7F, 0xFE, 0x61, 0xC6, 0xE1, 0xC6, 0xE1,
    0xFF, 0xE1, 0xFE, 0x61, 0xC6, 0x7F, 0xFE, 0x3F, 0x7C, 0x06, 0x03, 0x00, 0x03, 0xFC, 0xFF, 0xB8,
    0x6E, 0x1B, 0x86, 0xE3, 0xBF, 0xCF, 0xFB, 0x86, 0xE1, 0xB8, 0x6E, 0x1C, 0x18, 0xC0, 0x3F, 0xFB,
    0x8E, 0x38, 0xE3, 0x8E, 0x38, 0xFF, 0x9F, 0xFB, 0x83, 0x70, 0x6E, 0x0D, 0xC7, 0xBF, 0xE7, 0xFE,
    0xE0, 0xDC, 0x1B, 0x83, 0x70, 0x70, 0x40, 0x1C, 0x03, 0x00, 0x60, 0xFF, 0xF9, 0xCE, 0x73, 0x9C,
    0xE2, 0x39, 0x8C, 0x00, 0x3E, 0x07, 0x00, 0x03, 0xFC, 0xFF, 0xB8, 0x6E, 0x1B, 0x86, 0xE3, 0xBF,
    0xCF, 0xFB, 0x86, 0xE1, 0xB8, 0x6E, 0x1C, 0xF9, 0xC0, 0x3F, 0xFB, 0x8E, 0x38, 0xE3, 0x8E, 0x38,
    0x00, 0x03, 0x80, 0xC0, 0x00, 0x3E, 0x1F, 0xCE, 0x3B, 0x86, 0x70, 0x1F, 0x81, 0xF8, 0x0E, 0xC1,
    0xB8, 0x67, 0xF8, 0xFC, 0x0C, 0x18, 0x00, 0x7C, 0x7E, 0xE6, 0xE0, 0x7C, 0x1E, 0xC6, 0xFE, 0x7E,
    0x1C, 0x07, 0x03, 0x60, 0x00, 0x3E, 0x1F, 0xCE, 0x3B, 0x86, 0x70, 0x1F, 0x81, 0xF8, 0x0E, 0xC1,
    0xB8, 0x67, 0xF8, 0xFC, 0x38, 0x3C, 0x00, 0x7C, 0x7E, 0xE6, 0xE0, 0x7C, 0x1E, 0xC6, 0xFE, 0x7E,
    0x3E, 0x1F, 0xCE, 0x1B, 0x86, 0x70, 0x1F, 0x81, 0xF8, 0x0E, 0xC1, 0xB8, 0x67, 0xF8, 0xFC, 0x0E,
    0x07, 0x81, 0xE0, 0x30, 0x7C, 0x7E, 0xE2, 0xE0, 0x7C, 0x0E, 0xC2, 0xFE, 0x7E, 0x1C, 0x3C, 0x3C,
    0x18, 0x36, 0x0F, 0x81, 0xC0, 0x00, 0x3E, 0x1F, 0xCE, 0x3B, 0x86, 0x70, 0x1F, 0x81, 0xF8, 0x0E,
    0xC1, 0xB8, 0x67, 0xF8, 0xFC, 0x6C, 0x38, 0x00, 0x7C, 0x7E, 0xE6, 0xE0, 0x7C, 0x1E, 0xC6, 0xFE,
    0x7E, 0xFF, 0xFF, 0xC7, 0x03, 0x81, 0xC0, 0xE0, 0x70, 0x38, 0x1C, 0x0E, 0x07, 0x03, 0x81, 0x80,
    0xE0, 0xF0, 0x78, 0x08, 0x00, 0x71, 0xCF, 0xFE, 0x71, 0xC7, 0x1C, 0x71, 0xE3, 0xCC, 0x39, 0xE7,
    0x84, 0x36, 0x0E, 0x00, 0x1F, 0xFF, 0xF8, 0xE0, 0x70, 0x38, 0x1C, 0x0E, 0x07, 0x03, 0x81, 0xC0,
    0xE0, 0x70, 0x0D, 0xB7, 0xFE, 0xF9, 0xC7, 0x1C, 0x71, 0xC7, 0x8E, 0xFF, 0xFF, 0xC7, 0x03, 0x81,
    0xC0, 0xE1, 0xFC, 0xFE, 0x1C, 0x0E, 0x07, 0x03, 0x80, 0x38, 0xE7, 0xDF, 0x38, 0xE7, 0xDF, 0x38,
    0xF1, 0xC0, 0x00, 0x07, 0xC3, 0xE0, 0x10, 0xE1, 0xF8, 0x7E, 0x1F, 0x87, 0xE1, 0xF8, 0x7E, 0x1F,
    0x87, 0xE1, 0x98, 0x67, 0xF8, 0xFC, 0x7C, 0x7C, 0x48, 0xE7, 0xE7, 0xE7, 0xE7, 0xE7, 0xE7, 0xE7,
    0x7F, 0x7F, 0x00, 0x07, 0x81, 0xE0, 0x00, 0xE1, 0xF8, 0x7E, 0x1F, 0x87, 0xE1, 0xF8, 0x7E, 0x1F,
    0x87, 0xE1, 0x98, 0x67, 0xF8, 0xFC, 0x3C, 0x3C, 0x00, 0xE7, 0xE7, 0xE7, 0xE7, 0xE7, 0xE7, 0xE7,
    0x7F, 0x7F, 0x11, 0x06, 0xC1, 0xF0, 0x10, 0xE0, 0xF8, 0x3E, 0x0F, 0x83, 0xE0, 0xF8, 0x3E, 0x0F,
    0x83, 0xE1, 0x98, 0x67, 0xF8, 0xFC, 0x3E, 0x3E, 0x08, 0xE7, 0xE7, 0xE7, 0xE7, 0xE7, 0xE7, 0xE7,
    0x7F, 0x7F, 0x00, 0x03, 0x81, 0xE0, 0x38, 0x04, 0x38, 0x7E, 0x1F, 0x87, 0xE1, 0xF8, 0x7E, 0x1F,
    0x87, 0xE1, 0xF8, 0x66, 0x19, 0xFE, 0x3F, 0x00, 0x00, 0x1C, 0x3C, 0x1C, 0x08, 0xE3, 0xE3, 0xE3,
    0xE3, 0xE3, 0xE3, 0xE7, 0x7F, 0x7F, 0x00, 0x03, 0xC1, 0xE0, 0x00, 0xE1, 0xF8, 0x7E, 0x1F, 0x87,
    0xE1, 0xF8, 0x7E, 0x1F, 0x87, 0xE1, 0x98, 0x67, 0xF8, 0xFC, 0x1E, 0x3C, 0x00, 0xE7, 0xE7, 0xE7,
    0xE7, 0xE7, 0xE7, 0xE7, 0x7F, 0x7F, 0xE1, 0xF8, 0x7E, 0x1F, 0x87, 0xE1, 0xF8, 0x7E, 0x1F, 0x87,
    0xE1, 0x98, 0x67, 0xF8, 0xFC, 0x04, 0x03, 0x80, 0xE0, 0x10, 0xE7, 0xE7, 0xE7, 0xE7, 0xE7, 0xE7,
    0xE7, 0x7F, 0x7F, 0x06, 0x06, 0x07, 0x02, 0x03, 0x80, 0x03, 0xC0, 0x00, 0x00, 0xE1, 0x86, 0x63,
    0x86, 0x63, 0xC6, 0x63, 0xCE, 0x73, 0xCC, 0x37, 0xCC, 0x36, 0xEC, 0x36, 0x7C, 0x3E, 0x78, 0x1E,
    0x78, 0x1C, 0x78, 0x1C, 0x38, 0x07, 0x00, 0x3E, 0x00, 0x00, 0x30, 0xC7, 0xE7, 0x19, 0x9E, 0x66,
    0x7B, 0x9F, 0xEC, 0x3D, 0xB0, 0xF3, 0xC3, 0xCE, 0x06, 0x38, 0x0E, 0x03, 0x60, 0x00, 0x70, 0x66,
    0x1C, 0x63, 0x0E, 0xE0, 0xD8, 0x1E, 0x01, 0xC0, 0x38, 0x07, 0x00, 0xE0, 0x1C, 0x03, 0x80, 0x1C,
    0x1F, 0x00, 0x1C, 0x36, 0x3B, 0x18, 0xCC, 0x6E, 0x36, 0x0F, 0x07, 0x03, 0x83, 0xC1, 0xC0, 0x00,
    0x03, 0xE0, 0x24, 0x00, 0x06, 0x0E, 0xE1, 0x8C, 0x70, 0xCC, 0x1B, 0x01, 0xE0, 0x38, 0x03, 0x00,
    0x60, 0x0C, 0x01, 0x80, 0x30, 0x0C, 0x0C, 0x00, 0xFF, 0xFF, 0x07, 0x0E, 0x0C, 0x1C, 0x38, 0x30,
    0x70, 0xE0, 0xFF, 0xFF, 0x1C, 0x30, 0x07, 0xFF, 0xE1, 0xC7, 0x1C, 0x71, 0xC3, 0xFF, 0xF0, 0x00,
    0x1C, 0x08, 0x00, 0xFF, 0xFF, 0x07, 0x06, 0x0C, 0x1C, 0x38, 0x30, 0x70, 0xE0, 0xFF, 0xFF, 0x38,
    0x20, 0x07, 0xFF, 0xE1, 0xC7, 0x1C, 0x71, 0xC3, 0xFF, 0xF0, 0x3E, 0x1C, 0x00, 0xFF, 0xFF, 0x07,
    0x0E, 0x0C, 0x1C, 0x38, 0x30, 0x70, 0xE0, 0xFF, 0xFF, 0x6C, 0x70, 0x07, 0xFF, 0xE1, 0xC7, 0x1C,
    0x71, 0xC3, 0xFF, 0xF0, 0x00, 0x60, 0x06, 0x00, 0x61, 0xFE, 0x3F, 0xC7, 0x0E, 0x60, 0x6E, 0x06,
    0xE0, 0x6E, 0x06, 0xE0, 0x66, 0x06, 0x70, 0xE3, 0xFC, 0x1F, 0x80, 0x01, 0x80, 0x60, 0x18, 0xFE,
    0x7F, 0x98, 0x6E, 0x1B, 0x86, 0xE1, 0x98, 0x67, 0xF8, 0xFC, 0x00, 0x60, 0x06, 0x00, 0x6E, 0x1E,
    0xE1, 0xCE, 0x1C, 0xE1, 0xCE, 0x1C, 0xE1, 0xCE, 0x1C, 0xE1, 0xCE, 0x18, 0x61, 0x87, 0xF8, 0x3F,
    0x00, 0x01, 0x80, 0x60, 0x1B, 0x9E, 0xE7, 0x39, 0xCE, 0x73, 0x9C, 0xE7, 0x39, 0xC7, 0xF1, 0xFC,
    0x1B, 0x01, 0xC0, 0x00, 0x07, 0x00, 0xE0, 0x3E, 0x06, 0xC0, 0xDC, 0x31, 0x86, 0x30, 0xFF, 0x3F,
    0xE6, 0x0D, 0xC1, 0xF0, 0x18, 0x36, 0x0E, 0x00, 0x07, 0xC7, 0xF3, 0x18, 0x3C, 0xFF, 0x73, 0xF1,
    0xFF, 0xEF, 0xB0, 0x1F, 0x83, 0xFC, 0x70, 0xE6, 0x06, 0xE0, 0x0E, 0x00, 0xE3, 0xEE, 0x3E, 0x63,
    0xF7, 0x3F, 0x3F, 0xC1, 0xF8, 0x3F, 0x9F, 0xE6, 0x3B, 0xBF, 0xEF, 0xF8, 0xE7, 0x78, 0xFE, 0x7B,
    0x1F, 0xC3, 0xE0, 0x09, 0x00, 0xF0, 0x0E, 0x00, 0x00, 0x1F, 0x83, 0xFC, 0x70, 0xE6, 0x06, 0xE0,
    0x0E, 0x00, 0xE3, 0xFE, 0x3F, 0x60, 0x77, 0x0F, 0x3F, 0xF1, 0xFF, 0x36, 0x0E, 0x00, 0x07, 0xF7,
    0xFB, 0x1F, 0x8F, 0xC7, 0xE3, 0xBB, 0xCF, 0xEF, 0x67, 0xF1, 0xF0, 0x36, 0x07, 0x00, 0x03, 0x86,
    0xE3, 0x39, 0xCE, 0xE3, 0xF0, 0xF8, 0x3F, 0x0E, 0xE3, 0x98, 0xE3, 0x38, 0xEE, 0x1C, 0xD8, 0x3C,
    0x07, 0x01, 0xC0, 0x70, 0x1C, 0x07, 0x19, 0xCC, 0x77, 0x1F, 0x87, 0xE1, 0xF8, 0x73, 0x1C, 0xE7,
    0x1C, 0x3E, 0x1F, 0xCE, 0x1B, 0x86, 0x70, 0x1F, 0x81, 0xF8, 0x0E, 0xC1, 0xB8, 0x67, 0xF8, 0xFC,
    0x04, 0x03, 0x80, 0xC0, 0x30, 0x7C, 0x7E, 0xE6, 0xE0, 0x7C, 0x1E, 0xC6, 0xFE, 0x7E, 0x08, 0x1C,
    0x18, 0x18, 0xFF, 0xFF, 0xC7, 0x03, 0x81, 0xC0, 0xE0, 0x70, 0x38, 0x1C, 0x0E, 0x07, 0x03, 0x80,
    0x80, 0xE0, 0x60, 0x30, 0x73, 0xBF, 0xF7, 0x39, 0xCE, 0x73, 0xCE, 0x23, 0x98, 0xC0, 0x46, 0x70,
    0x26, 0x60, 0x79, 0xE0, 0x07, 0xFF, 0x20, 0x0F, 0xF0, 0xDF, 0xC8, 0x1D, 0x00, 0x03, 0xF4, 0x80,
    0x0E, 0xE6, 0x40, 0x03, 0xBC, 0xE2, 0x00, 0x21, 0xF7, 0x80, 0x79, 0xE0, 0x7B, 0x80, 0x01, 0x9C,
    0xE0, 0x1D, 0x00, 0x1F, 0x60, 0x00, 0xC7, 0x9E, 0x30, 0x7B, 0xF4, 0x07, 0xFE, 0x00, 0x1F, 0xFF,
    0xFF, 0x80, 0x03, 0xFC, 0x00, 0x01, 0x01, 0x81, 0x80, 0xC0, 0xC0, 0xC0, 0x60, 0x60, 0x60, 0x30,
    0x00, 0x38, 0x0C, 0x02, 0x1F, 0xFF, 0xF7, 0x03, 0x81, 0xC0, 0xFF, 0x7F, 0xB8, 0x1C, 0x0E, 0x07,
    0xFB, 0xFE, 0x00, 0x3E, 0x14, 0x00, 0xFF, 0xFF, 0xE0, 0xE0, 0xE0, 0xFF, 0xFE, 0xE0, 0xE0, 0xE0,
    0xFF, 0xFF, 0xFF, 0x87, 0xFC, 0x07, 0x00, 0x38, 0x01, 0xFE, 0x0F, 0xF8, 0x70, 0xC3, 0x86, 0x1C,
    0x30, 0xE1, 0x87, 0x7C, 0x3B, 0xC0, 0x0C, 0x1C, 0x00, 0xFF, 0xFF, 0xE0, 0xE0, 0xE0, 0xE0, 0xE0,
    0xE0, 0xE0, 0xE0, 0xE0, 0xE0, 0x3F, 0x0F, 0xF3, 0x83, 0x60, 0x6C, 0x01, 0xFC, 0x3F, 0x86, 0x07,
    0xE0, 0xDC, 0x39, 0xFE, 0x1F, 0x80, 0x3E, 0x1F, 0xCE, 0x3B, 0x86, 0x70, 0x1F, 0x81, 0xF8, 0x0E,
    0xC1, 0xB8, 0x67, 0xF8, 0xFC, 0xFF, 0xFF, 0xFF, 0xFF, 0xF0, 0x07, 0xD4, 0x07, 0x39, 0xCE, 0x73,
    0x9C, 0xE7, 0x39, 0xCE, 0x03, 0x81, 0xC0, 0xE0, 0x70, 0x38, 0x1C, 0x0E, 0x07, 0xE3, 0x31, 0x9F,
    0xC7, 0xC0, 0x1F, 0xE0, 0x0F, 0xF8, 0x03, 0x0E, 0x00, 0xC3, 0x80, 0x30, 0xE0, 0x0C, 0x3F, 0xC3,
    0x0F, 0xF8, 0xC3, 0x86, 0x30, 0xE1, 0x8C, 0x38, 0x67, 0x0F, 0xFB, 0x83, 0xFC, 0xE1, 0xC0, 0x70,
    0xE0, 0x38, 0x70, 0x1C, 0x38, 0x0E, 0x1C, 0x07, 0xFF, 0xF3, 0xFF, 0xFD, 0xC3, 0x86, 0xE1, 0xC3,
    0x70, 0xE1, 0xB8, 0x7F, 0xDC, 0x3F, 0xC0, 0xFF, 0x87, 0xFC, 0x07, 0x00, 0x38, 0x01, 0xFE, 0x0F,
    0xF8, 0x70, 0xC3, 0x86, 0x1C, 0x38, 0xE1, 0xC7, 0x0E, 0x38, 0x70, 0x06, 0x03, 0x00, 0x03, 0x8E,
    0xE3, 0x39, 0x8E, 0xC3, 0xE0, 0xF8, 0x3E, 0x0F, 0xC3, 0xB8, 0xE6, 0x38, 0xCE, 0x18, 0x18, 0x01,
    0x80, 0x00, 0x70, 0xFE, 0x1F, 0xC7, 0xF8, 0xFF, 0x37, 0xE6, 0xFD, 0x9F, 0xF3, 0xFC, 0x7F, 0x8F,
    0xE1, 0xFC, 0x38, 0x1B, 0x03, 0xE0, 0x10, 0x70, 0x76, 0x0C, 0xE3, 0x8C, 0x61, 0xCC, 0x1B, 0x03,
    0x60, 0x38, 0x07, 0x00, 0xE0, 0x78, 0x0F, 0x00, 0xE0, 0xFC, 0x1F, 0x83, 0xF0, 0x7E, 0x0F, 0xC1,
    0xF8, 0x3F, 0x07, 0xE0, 0xFC, 0x1F, 0xFF, 0xFF, 0xF0, 0xE0, 0x1C, 0x00, 0x0E, 0x01, 0xC0, 0x7C,
    0x0D, 0x81, 0xB8, 0x63, 0x0C, 0x61, 0xFE, 0x7F, 0xCC, 0x1B, 0x83, 0xE0, 0x30, 0xFF, 0x3F, 0xCE,
    0x03, 0x80, 0xE0, 0x3F, 0xCF, 0xFB, 0x86, 0xE1, 0xB8, 0x6F, 0xFB, 0xFC, 0xFF, 0x3F, 0xEE, 0x1B,
    0x86, 0xE3, 0xBF, 0xCF, 0xFB, 0x86, 0xE1, 0xB8, 0x6F, 0xFB, 0xFC, 0xFF, 0xFF, 0xE0, 0xE0, 0xE0,
    0xE0, 0xE0, 0xE0, 0xE0, 0xE0, 0xE0, 0xE0, 0x1F, 0xF0, 0xFF, 0x86, 0x1C, 0x30, 0xE1, 0x87, 0x0C,
    0x38, 0x61, 0xC3, 0x0E, 0x18, 0x71, 0xC3, 0x9F, 0xFD, 0xFF, 0xFE, 0x01, 0xF0, 0x0C, 0xFF, 0xFF,
    0xB8, 0x1C, 0x0E, 0x07, 0xFB, 0xFD, 0xC0, 0xE0, 0x70, 0x3F, 0xDF, 0xF0, 0xE3, 0x8E, 0xE7, 0x38,
    0xEE, 0xE0, 0xDD, 0x80, 0xFE, 0x01, 0xF8, 0x03, 0xF0, 0x07, 0xF0, 0x1B, 0xB0, 0x67, 0x71, 0xCE,
    0x77, 0x1C, 0x70, 0x3F, 0x1F, 0xEE, 0x19, 0x06, 0x03, 0x87, 0xC1, 0xF8, 0x06, 0xC1, 0xB8, 0x67,
    0xF8, 0xFC, 0xE1, 0xFC, 0x3F, 0x8F, 0xF1, 0xFE, 0x6F, 0xCD, 0xFB, 0x3F, 0xE7, 0xF8, 0xFF, 0x1F,
    0xC3, 0xF8, 0x70, 0x3F, 0x03, 0xC0, 0x30, 0x70, 0xFE, 0x1F, 0xC7, 0xF8, 0xFF, 0x37, 0xE6, 0xFD,
    0x9F, 0xF3, 0xFC, 0x7F, 0x8F, 0xE1, 0xFC, 0x38, 0xE3, 0xB8, 0xCE, 0x63, 0xB0, 0xF8, 0x3E, 0x0F,
    0x83, 0xF0, 0xEE, 0x39, 0x8E, 0x33, 0x86, 0x3F, 0xE7, 0xFC, 0xC3, 0x98, 0x73, 0x0E, 0x61, 0xCC,
    0x39, 0x87, 0x30, 0xE6, 0x1F, 0x83, 0xF0, 0x70, 0xE0, 0x3F, 0x83, 0xFC, 0x1F, 0xE1, 0xFF, 0x8F,
    0xFC, 0x7F, 0xE7, 0xFF, 0xB7, 0xED, 0xBF, 0x7D, 0xF9, 0xCF, 0xCE, 0x70, 0xE1, 0xF8, 0x7E, 0x1F,
    0x87, 0xE1, 0xFF, 0xFF, 0xFF, 0x87, 0xE1, 0xF8, 0x7E, 0x1F, 0x87, 0x1F, 0x83, 0xFC, 0x70, 0xE6,
    0x06, 0xE0, 0x6E, 0x06, 0xE0, 0x6E, 0x06, 0x60, 0x67, 0x0E, 0x3F, 0xC1, 0xF8, 0xFF, 0xFF, 0xFE,
    0x1F, 0x87, 0xE1, 0xF8, 0x7E, 0x1F, 0x87, 0xE1, 0xF8, 0x7E, 0x1F, 0x87, 0xFF, 0x3F, 0xEE, 0x1B,
    0x86, 0xE1, 0xB9, 0xEF, 0xF3, 0xF0, 0xE0, 0x38, 0x0E, 0x03, 0x80, 0x1F, 0x87, 0xF9, 0xC3, 0xB0,
    0x3E, 0x01, 0xC0, 0x38, 0x07, 0x03, 0x60, 0x6E, 0x1C, 0xFF, 0x0F, 0xC0, 0xFF, 0xFF, 0xC7, 0x03,
    0x81, 0xC0, 0xE0, 0x70, 0x38, 0x1C, 0x0E, 0x07, 0x03, 0x80, 0xE0, 0xEC, 0x19, 0xC7, 0x18, 0xC3,
    0x98, 0x36, 0x06, 0xC0, 0x70, 0x0E, 0x01, 0xC0, 0xF0, 0x1E, 0x00, 0x03, 0x80, 0x3F, 0xE1, 0xFF,
    0xE3, 0x1C, 0xEE, 0x38, 0xDC, 0x71, 0xB8, 0xE3, 0x31, 0xC6, 0x7F, 0xFC, 0x7F, 0xE0, 0x1F, 0x00,
    0x1C, 0x00, 0xE1, 0xD8, 0x67, 0x38, 0xFC, 0x1E, 0x07, 0x81, 0xE0, 0x78, 0x3B, 0x1C, 0xE6, 0x1B,
    0x87, 0xE1, 0xCE, 0x1C, 0xE1, 0xCE, 0x1C, 0xE1, 0xCE, 0x1C, 0xE1, 0xCE, 0x1C, 0xE1, 0xCE, 0x1C,
    0xFF, 0xEF, 0xFF, 0x00, 0x70, 0x07, 0xE0, 0xFC, 0x1F, 0x83, 0xF0, 0x7E, 0x0F, 0xC1, 0xDC, 0xFB,
    0xFF, 0x0C, 0xE0, 0x1C, 0x03, 0x80, 0x70, 0xE3, 0x8F, 0xC7, 0x1F, 0x8E, 0x3F, 0x1C, 0x7E, 0x38,
    0xFC, 0x71, 0xF8, 0xE3, 0xF1, 0xC7, 0xE3, 0x8F, 0xC7, 0x1F, 0xFF, 0xFF, 0xFF, 0xF0, 0xE3, 0x9C,
    0xE3, 0x9C, 0xE3, 0x9C, 0xE3, 0x9C, 0xE3, 0x9C, 0xE3, 0x9C, 0xE3, 0x9C, 0xE3, 0x9C, 0xE3, 0x9C,
    0xE3, 0x9C, 0xFF, 0xFE, 0xFF, 0xFF, 0x00, 0x07, 0x00, 0x07, 0xFC, 0x03, 0xE0, 0x07, 0x00, 0x38,
    0x01, 0xC0, 0x0F, 0xF0, 0x7F, 0xC3, 0x86, 0x1C, 0x30, 0xE1, 0x87, 0xFC, 0x3F, 0xC0, 0xE0, 0x3F,
    0x01, 0xF8, 0x0F, 0xC0, 0x7E, 0x03, 0xFF, 0x9F, 0xFE, 0xFC, 0x37, 0xE1, 0xBF, 0x0D, 0xFF, 0xEF,
    0xFE, 0x70, 0xE0, 0x38, 0x0E, 0x03, 0x80, 0xE0, 0x3F, 0xCF, 0xFB, 0x86, 0xE1, 0xB8, 0x6F, 0xFB,
    0xFC, 0x1F, 0x87, 0xF9, 0x83, 0xB0, 0x30, 0x06, 0x1F, 0xC3, 0xFF, 0x03, 0x60, 0xEE, 0x1C, 0xFF,
    0x0F, 0xC0, 0xE3, 0xF1, 0xDF, 0xF3, 0xB8, 0x77, 0xE0, 0x6F, 0xC0, 0xDF, 0x81, 0xBF, 0x03, 0x7E,
    0x06, 0xEC, 0x0D, 0xDC, 0x3B, 0x9F, 0xE7, 0x1F, 0x80, 0x3F, 0xDF, 0xFE, 0x1F, 0x87, 0xE1, 0xDC,
    0x77, 0xFC, 0x7F, 0x39, 0xCC, 0x77, 0x1F, 0x87, 0x3E, 0x3F, 0x98, 0xC0, 0xE7, 0xFB, 0x9F, 0x8F,
    0xFF, 0x7D, 0x80, 0x07, 0x1F, 0x1E, 0x0C, 0x0F, 0xE7, 0xFB, 0x8D, 0xC6, 0xE3, 0x31, 0x9F, 0xC7,
    0xC0, 0xFF, 0x7F, 0xB8, 0xDC, 0xEF, 0xF7, 0xFB, 0x8D, 0xFE, 0xFF, 0x00, 0xFF, 0xFF, 0x87, 0x0E,
    0x1C, 0x38, 0x70, 0xE0, 0x1F, 0xC3, 0xF8, 0x67, 0x0C, 0xE1, 0x9C, 0x33, 0x8C, 0x73, 0xFE, 0xFF,
    0xFC, 0x1F, 0x03, 0x00, 0x3E, 0x3F, 0x98, 0xFC, 0x3F, 0xFF, 0xFD, 0x86, 0xFE, 0x3E, 0x00, 0xE7,
    0x3B, 0xBB, 0x8F, 0xF8, 0x3F, 0x80, 0xF8, 0x0F, 0xE0, 0xFF, 0x8E, 0xEE, 0xE7, 0x38, 0x3E, 0x3F,
    0x98, 0xC0, 0xE1, 0xF0, 0xF9, 0x8C, 0xFE, 0x3E, 0x00, 0xE3, 0xF3, 0xF9, 0xFD, 0xFF, 0xFF, 0xDF,
    0xCF, 0xE7, 0xE3, 0x80, 0x36, 0x1F, 0x02, 0x1C, 0x7E, 0x7F, 0x3F, 0xBF, 0xFF, 0xFB, 0xF9, 0xFC,
    0xFC, 0x70, 0xE7, 0x77, 0x3F, 0x1F, 0x0F, 0x07, 0xC3, 0xF1, 0xDC, 0xE7, 0x00, 0x3F, 0xBF, 0xD8,
    0xEC, 0x76, 0x3B, 0x1D, 0x8F, 0xC7, 0xC3, 0x80, 0xE0, 0xFE, 0x3F, 0xC7, 0xF8, 0xFF, 0xBF, 0xF7,
    0xFF, 0xFF, 0x77, 0xEE, 0xE0, 0xE3, 0xF1, 0xF8, 0xFC, 0x7F, 0xFF, 0xFF, 0x8F, 0xC7, 0xE3, 0x80,
    0x3F, 0x1F, 0xE6, 0x1B, 0x86, 0xE1, 0xB8, 0x66, 0x19, 0xFE, 0x3F, 0x00, 0xFF, 0xFF, 0xF8, 0xFC,
    0x7E, 0x3F, 0x1F, 0x8F, 0xC7, 0xE3, 0x80, 0xFE, 0x7F, 0xB8, 0xDC, 0x6E, 0x37, 0x1B, 0x8D, 0xFE,
    0xFE, 0x70, 0x38, 0x00, 0x3E, 0x3F, 0x98, 0xFC, 0x0E, 0x07, 0x09, 0x8E, 0xFE, 0x3E, 0x00, 0xFF,
    0xFF, 0x38, 0x38, 0x38, 0x38, 0x38, 0x38, 0x38, 0xE1, 0xB1, 0xD8, 0xC6, 0x63, 0x71, 0xB0, 0x78,
    0x38, 0x1C, 0x1E, 0x0E, 0x00, 0x07, 0x00, 0x38, 0x01, 0xC0, 0x7F, 0x87, 0xFF, 0x33, 0x9B, 0x9C,
    0xDC, 0xE6, 0xE7, 0x33, 0x39, 0x9F, 0xFC, 0x7F, 0x80, 0x70, 0x03, 0x80, 0x63, 0x99, 0x8F, 0xC3,
    0xC1, 0xC0, 0xF0, 0xFC, 0xE6, 0x61, 0x80, 0xE3, 0xB8, 0xEE, 0x3B, 0x8E, 0xE3, 0xB8, 0xEE, 0x3B,
    0xFE, 0xFF, 0xC0, 0x70, 0x18, 0xE3, 0xF1, 0xF8, 0xFC, 0x77, 0x7B, 0xFC, 0x6E, 0x07, 0x03, 0x80,
    0xE7, 0x3F, 0x39, 0xF9, 0xCF, 0xCE, 0x7E, 0x73, 0xF3, 0x9F, 0x9C, 0xFF, 0xFF, 0xFF, 0xF8, 0xE7,
    0x73, 0x9D, 0xCE, 0x77, 0x39, 0xDC, 0xE7, 0x73, 0x9D, 0xCE, 0x77, 0x3F, 0xFE, 0xFF, 0xFC, 0x00,
    0x70, 0x01, 0x80, 0xF8, 0x1E, 0x03, 0x80, 0xE0, 0x3F, 0x8F, 0xE3, 0x98, 0xFE, 0x3F, 0x80, 0xE0,
    0xFC, 0x1F, 0x83, 0xF0, 0x7F, 0xEF, 0xFD, 0xF9, 0xBF, 0xF7, 0xFE, 0xE0, 0xE0, 0xE0, 0xE0, 0xE0,
    0xFE, 0xFE, 0xE6, 0xFE, 0xFE, 0x7E, 0x7F, 0xC3, 0x03, 0x1F, 0x1F, 0xC3, 0x7F, 0x3E, 0xE7, 0xE7,
    0x7F, 0xBB, 0x0D, 0xF8, 0x6F, 0xC3, 0x7E, 0x1B, 0xB0, 0xDD, 0xFE, 0xE7, 0xE0, 0x7F, 0xBF, 0xF8,
    0xFC, 0x77, 0x3B, 0xFC, 0xFE, 0xE7, 0x63, 0x80, 0x18, 0x0C, 0x00, 0x07, 0xC7, 0xF3, 0x1F, 0x87,
    0xFF, 0xFF, 0xB0, 0xDF, 0xC7, 0xC0, 0x3F, 0x09, 0x00, 0x07, 0xC7, 0xF3, 0x1F, 0x87, 0xFF, 0xFF,
    0xB0, 0xDF, 0xC7, 0xC0, 0xE0, 0x7C, 0x3E, 0x1F, 0xCF, 0xF7, 0x1B, 0x8F, 0xC7, 0xE3, 0xF1, 0xF8,
    0xFC, 0x70, 0x70, 0x38, 0x0C, 0x30, 0x07, 0xFF, 0xFC, 0x38, 0x70, 0xE1, 0xC3, 0x87, 0x00, 0x7E,
    0xFE, 0xC3, 0xC0, 0xF8, 0xF8, 0xC3, 0xFE, 0x7E, 0x7C, 0x7E, 0xE6, 0xE0, 0x7C, 0x1E, 0xC6, 0xFE,
    0x7E, 0xE8, 0x7F, 0xFF, 0xFF, 0xF0, 0xFB, 0x80, 0xE7, 0x39, 0xCE, 0x73, 0x9C, 0xE0, 0x72, 0x07,
    0x77, 0x77, 0x77, 0x77, 0xEE, 0x3F, 0x80, 0xFE, 0x06, 0x38, 0x18, 0xFE, 0x63, 0xF9, 0x8E, 0x66,
    0x39, 0xB8, 0xFE, 0xC3, 0xF0, 0xE3, 0x83, 0x8E, 0x0E, 0x38, 0x38, 0xE0, 0xFF, 0xFB, 0xFF, 0xEE,
    0x39, 0xB8, 0xFE, 0xE3, 0xF8, 0x70, 0x3F, 0x07, 0x81, 0xFC, 0x7F, 0x9C, 0x67, 0x1D, 0xC7, 0x71,
    0xDC, 0x77, 0x1D, 0xC7, 0x0C, 0x06, 0x00, 0x1C, 0xEE, 0xE7, 0xE3, 0xE1, 0xE0, 0xF8, 0x7E, 0x3B,
    0x9C, 0xE0, 0x38, 0x0C, 0x02, 0x1C, 0x7E, 0x7F, 0x3F, 0xBF, 0xFF, 0xFB, 0xF9, 0xFC, 0xFC, 0x70,
    0x00, 0x1F, 0x03, 0x00, 0x0E, 0x1B, 0x1D, 0x8C, 0x66, 0x37, 0x1B, 0x07, 0x83, 0x81, 0xC1, 0xE0,
    0xE0, 0xE3, 0xF1, 0xF8, 0xFC, 0x7E, 0x3F, 0x1F, 0x8F, 0xFF, 0xFF, 0x8E, 0x07, 0x00, 0x38, 0x03,
    0x80, 0xFF, 0x0F, 0xF0, 0x38, 0x03, 0xFC, 0x3F, 0xE3, 0x86, 0x38, 0x63, 0x86, 0x3F, 0xE3, 0xFC,
    0x70, 0x38, 0x3E, 0x1F, 0x07, 0x03, 0x81, 0xFC, 0xFE, 0x73, 0x3F, 0x9F, 0xC0, 0x7F, 0xE7, 0xFE,
    0x70, 0xC3, 0x98, 0x1F, 0x03, 0xFC, 0x7F, 0xC6, 0xEE, 0x6E, 0x6E, 0xE6, 0xCE, 0x7C, 0xE3, 0x7F,
    0xCF, 0xF8, 0xCE, 0x0F, 0x83, 0xF8, 0x7F, 0x1B, 0xF3, 0x76, 0xEE, 0xE0, 0x1F, 0x83, 0xFC, 0x70,
    0xE6, 0x06, 0xE0, 0x6F, 0xF6, 0xFF, 0xEE, 0x1E, 0x60, 0x67, 0x0E, 0x3F, 0xC1, 0xF8, 0x3F, 0x1F,
    0xE6, 0x1B, 0xFE, 0xFF, 0xB8, 0xE6, 0x19, 0xFE, 0x3F, 0x00, 0xE0, 0x76, 0x07, 0x60, 0xE3, 0x0C,
    0x30, 0xC3, 0x9C, 0x19, 0x81, 0x98, 0x1F, 0x00, 0xF0, 0x0F, 0x00, 0xE0, 0xE1, 0xB1, 0xD8, 0xC6,
    0x63, 0x71, 0xB0, 0x78, 0x3C, 0x1C, 0x00, 0x03, 0x01, 0xC0, 0xFF, 0xFF, 0xF7, 0x03, 0x81, 0xC0,
    0xE0, 0x70, 0x38, 0x1C, 0x0E, 0x07, 0x03, 0x80, 0x06, 0x07, 0xFF, 0xFE, 0xE0, 0xE0, 0xE0, 0xE0,
    0xE0, 0xE0, 0xE0, 0x7F, 0xBF, 0xDC, 0x0E, 0x07, 0x03, 0x83, 0xF1, 0xF8, 0x70, 0x38, 0x1C, 0x0E,
    0x00, 0x7F, 0x7F, 0x70, 0x70, 0xFC, 0xFC, 0x70, 0x70, 0x70, 0xE3, 0x8E, 0x73, 0x9C, 0x3B, 0xB8,
    0x1B, 0xF0, 0x0F, 0xE0, 0x0F, 0xC0, 0x0F, 0xC0, 0x0F, 0xE0, 0x1B, 0xB0, 0x33, 0xB8, 0x73, 0x9E,
    0xE3, 0x8F, 0x00, 0x07, 0x00, 0x07, 0xE7, 0x31, 0xDD, 0x83, 0xFE, 0x07, 0xF0, 0x0F, 0x80, 0x7F,
    0x03, 0xFE, 0x1D, 0xDE, 0xE7, 0x3C, 0x00, 0x70, 0x01, 0xC0, 0xE1, 0x9C, 0x73, 0x9C, 0x77, 0x0F,
    0xC1, 0xF0, 0x3E, 0x07, 0xE0, 0xEE, 0x1C, 0xE3, 0x8F, 0x70, 0xF0, 0x0E, 0x01, 0xC0, 0xE3, 0x39,
    0x8F, 0xC3, 0xE0, 0xF0, 0x3E, 0x0E, 0xC3, 0x9E, 0xE3, 0xC0, 0x70, 0x1C, 0xE1, 0xCE, 0x1C, 0xE1,
    0xCE, 0x1C, 0xE1, 0xCF, 0xFC, 0xFF, 0xCE, 0x1C, 0xE1, 0xCE, 0x1C, 0xE1, 0xFE, 0x1F, 0x00, 0x70,
    0x07, 0xE3, 0xB8, 0xEE, 0x3B, 0x8E, 0xFF, 0xBF, 0xEE, 0x3B, 0x8E, 0xE3, 0xC0, 0x70, 0x1C, 0xE0,
    0xCC, 0x38, 0xC6, 0x1D, 0xC1, 0xB0, 0x3C, 0x03, 0x80, 0x70, 0x0E, 0x01, 0xC0, 0x38, 0x07, 0x00,
    0xC1, 0xF1, 0x98, 0xCC, 0xE3, 0x61, 0xB0, 0xF0, 0x38, 0x1C, 0x0E, 0x07, 0x00, 0x60, 0xCE, 0x38,
    0xC6, 0x1D, 0xC1, 0xB0, 0x3E, 0x03, 0x81, 0xFC, 0x3F, 0x81, 0xC0, 0x38, 0x07, 0x00, 0xC3, 0xB1,
    0x98, 0xCE, 0xE3, 0x61, 0xB0, 0xF0, 0xFE, 0x7F, 0x0E, 0x07, 0x00, 0x60, 0xE3, 0x1C, 0x39, 0x81,
    0xB8, 0x1F, 0x00, 0xE0, 0x0E, 0x01, 0xF0, 0x1B, 0x83, 0x98, 0x71, 0xE6, 0x0F, 0x00, 0x70, 0x07,
    0xE3, 0x19, 0xC3, 0xE0, 0xF0, 0x1C, 0x0F, 0x03, 0x61, 0x9E, 0xE3, 0xC0, 0x70, 0x1C, 0xE0, 0xEE,
    0x0E, 0xE0, 0xEE, 0x0E, 0xE0, 0xE7, 0x3E, 0x7F, 0xE1, 0xCE, 0x00, 0xE0, 0x0E, 0x00, 0xF0, 0x0F,
    0x00, 0x30, 0x03, 0xE3, 0xB8, 0xEE, 0x3B, 0x8E, 0x77, 0x9F, 0xE1, 0xB8, 0x0E, 0x03, 0xC0, 0x70,
    0x1C, 0xE0, 0x1C, 0x03, 0x80, 0x70, 0x0F, 0xF9, 0xFF, 0xB8, 0x37, 0x06, 0xE0, 0xFC, 0x1F, 0x83,
    0xF0, 0x70, 0xE0, 0x70, 0x38, 0x1F, 0xCF, 0xF7, 0x1B, 0x8F, 0xC7, 0xE3, 0xF1, 0xF8, 0xFC, 0x70,
    0xFF, 0xFF, 0xFF, 0xFF, 0xF0, 0xFF, 0xFF, 0xFF, 0xFF, 0xF0, 0x1F, 0x83, 0xFC, 0x70, 0xE6, 0x06,
    0x00, 0x6F, 0xFE, 0xFF, 0xEE, 0x06, 0x60, 0x67, 0x0E, 0x3F, 0xC1, 0xF8, 0x7E, 0x7F, 0xB0, 0xC0,
    0x6F, 0xF7, 0xFB, 0x8C, 0xFE, 0x3E, 0x00, 0x00, 0x03, 0xC0, 0x78, 0x00, 0x0E, 0x1F, 0xC3, 0xF8,
    0xFF, 0x1F, 0xE7, 0xFD, 0xDF, 0xB3, 0xFE, 0x7F, 0x8F, 0xF1, 0xFC, 0x3F, 0x87, 0x3C, 0x1E, 0x00,
    0x1C, 0x7E, 0x7F, 0x3F, 0xBF, 0xFF, 0xFB, 0xF9, 0xFC, 0xFC, 0x70, 0x3F, 0x8F, 0xFB, 0x83, 0xE0,
    0x3C, 0x07, 0xFF, 0xFF, 0xFE, 0x03, 0xE0, 0xFC, 0x1D, 0xFF, 0x1F, 0xC0, 0x7E, 0xFF, 0xC3, 0xC3,
    0xFF, 0xFF, 0xC3, 0xFF, 0x7E, 0x00, 0x07, 0x81, 0xE0, 0x00, 0xE0, 0xD8, 0x66, 0x18, 0xCE, 0x33,
    0x0E, 0xC1, 0xE0, 0x78, 0x0E, 0x03, 0x03, 0xC0, 0xE0, 0x3C, 0x3C, 0x00, 0xC3, 0xE3, 0x66, 0x66,
    0x66, 0x3C, 0x3C, 0x3C, 0x18, 0x38, 0x70, 0x0E, 0x01, 0xC0, 0x7C, 0x0D, 0x83, 0xB0, 0x63, 0x0C,
    0x63, 0xFC, 0x7F, 0xCC, 0x1B, 0x83, 0x60, 0x30, 0x40, 0x1C, 0x00, 0x3E, 0x3F, 0x98, 0xC0, 0xE7,
    0xFB, 0x9F, 0x8F, 0xFF, 0x7D, 0x84, 0x07, 0x00, 0x00, 0x00, 0xE0, 0x0E, 0x00, 0x60, 0x00, 0x00,
    0xE0, 0x0F, 0x01, 0xB0, 0x1B, 0x03, 0xB8, 0x31, 0x83, 0x18, 0x7F, 0xC7, 0xFC, 0x60, 0xCE, 0x06,
    0xC0, 0x60, 0x00, 0x0E, 0x07, 0x01, 0x80, 0x81, 0xF1, 0xFC, 0xC6, 0x07, 0x3F, 0xDC, 0xFC, 0x7F,
    0xFB, 0xEC, 0x01, 0xC0, 0xB0, 0x3C, 0x0D, 0x80, 0x00, 0x1C, 0x03, 0x80, 0xF8, 0x1B, 0x03, 0x70,
    0xC6, 0x18, 0xC3, 0xFC, 0xFF, 0x98, 0x37, 0x07, 0xC0, 0x60, 0x03, 0x81, 0x87, 0x86, 0xC0, 0x01,
    0xF1, 0xFC, 0xC6, 0x07, 0x3F, 0xDC, 0xFC, 0x7F, 0xFB, 0xEC, 0x03, 0x80, 0xB0, 0x38, 0x0D, 0x80,
    0x00, 0x1C, 0x03, 0x80, 0xF8, 0x1B, 0x03, 0x70, 0xC6, 0x18, 0xC3, 0xFC, 0xFF, 0x98, 0x37, 0x07,
    0xC0, 0x60, 0x07, 0x01, 0x87, 0x46, 0xC0, 0x01, 0xF1, 0xFC, 0xC6, 0x07, 0x3F, 0xDC, 0xFC, 0x7F,
    0xFB, 0xEC, 0x00, 0x00, 0x38, 0x01, 0x80, 0x78, 0x0F, 0x00, 0x00, 0x0E, 0x00, 0xF0, 0x0F, 0x01,
    0xF8, 0x19, 0x81, 0x98, 0x39, 0xC3, 0xFC, 0x3F, 0xC6, 0x0E, 0x60, 0x66, 0x06, 0x00, 0x03, 0x81,
    0xC3, 0xC3, 0xE0, 0x10, 0xF8, 0xFE, 0x63, 0x03, 0x9F, 0xEE, 0x7E, 0x3F, 0xFD, 0xF6, 0x00, 0x03,
    0xA0, 0x7C, 0x07, 0x01, 0xF0, 0x22, 0x03, 0x80, 0x70, 0x1F, 0x03, 0x60, 0x6C, 0x18, 0xC3, 0x18,
    0xFF, 0x9F, 0xF3, 0x06, 0xE0, 0xF8, 0x0C, 0x00, 0x1F, 0x00, 0x03, 0x83, 0xE0, 0x10, 0xF8, 0xFE,
    0x63, 0x03, 0x9F, 0xEE, 0x7E, 0x3F, 0xFD, 0xF6, 0x0E, 0x03, 0xC0, 0x6C, 0x00, 0x00, 0xE0, 0x1C,
    0x07, 0xC0, 0xD8, 0x3B, 0x06, 0x30, 0xC6, 0x3F, 0xC7, 0xFC, 0xC1, 0xB8, 0x36, 0x03, 0x04, 0x01,
    0xC0, 0x1C, 0x1B, 0x00, 0x07, 0xC7, 0xF3, 0x18, 0x1C, 0xFF, 0x73, 0xF1, 0xFF, 0xEF, 0xB0, 0x80,
    0xE0, 0x00, 0x00, 0xC0, 0x54, 0x0D, 0x81, 0xF0, 0x08, 0x03, 0x80, 0x70, 0x1B, 0x03, 0x60, 0xEE,
    0x18, 0xC3, 0x18, 0xFF, 0x9F, 0xF3, 0x06, 0xE0, 0x78, 0x0C, 0x00, 0x06, 0x02, 0x06, 0xC3, 0xE0,
    0x40, 0xF8, 0xFE, 0x63, 0x07, 0x9F, 0xEE, 0x7E, 0x3F, 0xFD, 0xF6, 0x00, 0x01, 0x80, 0x54, 0x0D,
    0x81, 0xF0, 0x08, 0x03, 0x80, 0x70, 0x1B, 0x03, 0x60, 0xEE, 0x18, 0xC3, 0x18, 0xFF, 0x9F, 0xF3,
    0x06, 0xE0, 0x78, 0x0C, 0x00, 0x0C, 0x02, 0x06, 0xC3, 0xE0, 0x40, 0xF8, 0xFE, 0x63, 0x07, 0x9F,
    0xEE, 0x7E, 0x3F, 0xFD, 0xF6, 0x00, 0x01, 0xC0, 0x38, 0x0B, 0x81, 0xB0, 0x3E, 0x01, 0x00, 0x70,
    0x0E, 0x03, 0x60, 0x6C, 0x1D, 0xC3, 0x18, 0x63, 0x1F, 0xF3, 0xFE, 0x60, 0xDC, 0x0F, 0x01, 0x80,
    0x00, 0x0E, 0x07, 0x01, 0x83, 0xE1, 0xF0, 0x20, 0x7C, 0x7F, 0x31, 0x83, 0xCF, 0xF7, 0x3F, 0x1F,
    0xFE, 0xFB, 0x00, 0x03, 0xE0, 0x7C, 0x09, 0x01, 0xF0, 0x3E, 0x01, 0x00, 0x70, 0x0E, 0x03, 0xE0,
    0x6C, 0x0D, 0x83, 0x18, 0x63, 0x1F, 0xF3, 0xFE, 0x60, 0xDC, 0x1F, 0x01, 0x80, 0x00, 0x1F, 0x0F,
    0x84, 0x83, 0x61, 0xF0, 0x20, 0x7C, 0x7F, 0x31, 0x83, 0xCF, 0xF7, 0x3F, 0x1F, 0xFE, 0xFB, 0x1B,
    0x03, 0xE0, 0x10, 0x00, 0x00, 0xE0, 0x3C, 0x06, 0xC0, 0xD8, 0x3B, 0x06, 0x30, 0xC6, 0x3F, 0xE7,
    0xFC, 0xC1, 0xB8, 0x1E, 0x03, 0x04, 0x01, 0xC0, 0x00, 0x1F, 0x03, 0x00, 0x03, 0xE3, 0xF9, 0x8C,
    0x1E, 0x7F, 0xB9, 0xF8, 0xFF, 0xF7, 0xD8, 0x40, 0x70, 0xFF, 0x7F, 0xB8, 0x1C, 0x0E, 0x07, 0xFB,
    0xFD, 0xC0, 0xE0, 0x70, 0x3F, 0xDF, 0xF0, 0x80, 0xE0, 0x3E, 0x3F, 0x98, 0xFF, 0xFF, 0xFF, 0x01,
    0x8E, 0xFE, 0x3E, 0x04, 0x07, 0x00, 0x00, 0x0E, 0x07, 0x01, 0x80, 0x07, 0xFF, 0xFF, 0xC0, 0xE0,
    0x70, 0x3F, 0xFF, 0xEE, 0x07, 0x03, 0x81, 0xFF, 0xFF, 0x80, 0x00, 0x0E, 0x07, 0x01, 0x80, 0x81,
    0xF1, 0xFC, 0xC7, 0xE1, 0xFF, 0xFF, 0xEC, 0x37, 0xF1, 0xF0, 0x00, 0x1F, 0x0F, 0x84, 0x8F, 0xFF,
    0xFB, 0x81, 0xC0, 0xE0, 0x7F, 0xBF, 0xDC, 0x0E, 0x07, 0x03, 0xFF, 0xFF, 0x3E, 0x1F, 0x09, 0x07,
    0xC7, 0xF3, 0x1F, 0x8F, 0xFF, 0xFF, 0xB1, 0xDF, 0xC7, 0xC0, 0x03, 0x05, 0x87, 0x86, 0xC0, 0x07,
    0xFF, 0xFD, 0xC0, 0xE0, 0x70, 0x3F, 0xDF, 0xEE, 0x07, 0x03, 0x81, 0xFE, 0xFF, 0x80, 0x03, 0x81,
    0x87, 0x87, 0xC0, 0x21, 0xF1, 0xFC, 0xC7, 0xE1, 0xFF, 0xFF, 0xEC, 0x37, 0xF1, 0xF0, 0x07, 0x05,
    0x87, 0x06, 0xC0, 0x07, 0xFF, 0xFD, 0xC0, 0xE0, 0x70, 0x3F, 0xDF, 0xEE, 0x07, 0x03, 0x81, 0xFE,
    0xFF, 0x80, 0x03, 0x01, 0x87, 0x47, 0xC0, 0x21, 0xF1, 0xFC, 0xC7, 0xE1, 0xFF, 0xFF, 0xEC, 0x37,
    0xF1, 0xF0, 0x00, 0x03, 0x81, 0xC3, 0xE3, 0xE0, 0x03, 0xFF, 0xFE, 0xE0, 0x70, 0x38, 0x1F, 0xFF,
    0xF7, 0x03, 0x81, 0xC0, 0xFF, 0xFF, 0xC0, 0x00, 0x03, 0x81, 0xC3, 0xC3, 0xE0, 0x90, 0xF8, 0xFE,
    0x63, 0xF1, 0xFF, 0xFF, 0xF6, 0x3B, 0xF8, 0xF8, 0x00, 0x1F, 0x0F, 0x83, 0x83, 0xC1, 0x23, 0xFD,
    0xFE, 0xE0, 0x70, 0x38, 0x1F, 0xEF, 0xF7, 0x03, 0x81, 0xC0, 0xFF, 0x7F, 0x80, 0x00, 0x1F, 0x00,
    0x03, 0x83, 0xE0, 0x90, 0xF8, 0xFE, 0x63, 0xF1, 0xFF, 0xFF, 0xF6, 0x1B, 0xF8, 0xF8, 0x1C, 0x1E,
    0x0D, 0x80, 0x0F, 0xF7, 0xFB, 0x81, 0xC0, 0xE0, 0x7F, 0xBF, 0xDC, 0x0E, 0x07, 0x03, 0xFD, 0xFF,
    0x08, 0x0E, 0x00, 0x1C, 0x1B, 0x00, 0x07, 0xC7, 0xF3, 0x1F, 0xFF, 0xFF, 0xE0, 0x31, 0xDF, 0xC7,
    0xC0, 0x80, 0xE0, 0x0E, 0xE6, 0x0E, 0xEE, 0xEE, 0xEE, 0xEE, 0xEE, 0xE0, 0x0E, 0xE6, 0x0E, 0xEE,
    0xEE, 0xEE, 0xEE, 0xFF, 0xFF, 0xFF, 0xFF, 0xF5, 0xC0, 0xE8, 0x7F, 0xFF, 0xFF, 0xF5, 0xC0, 0x1F,
    0xC1, 0xFF, 0x1C, 0x1C, 0xC0, 0x6E, 0x03, 0x70, 0x1B, 0x80, 0xDC, 0x06, 0x60, 0x33, 0x83, 0x8F,
    0xF8, 0x3F, 0x80, 0x20, 0x03, 0x80, 0x3E, 0x3F, 0x98, 0xDC, 0x6E, 0x37, 0x19, 0x8C, 0xFE, 0x3E,
    0x04, 0x07, 0x00, 0x00, 0x00, 0xE0, 0x0E, 0x00, 0x60, 0x04, 0x01, 0xF8, 0x3F, 0xC7, 0x0E, 0x60,
    0x6E, 0x06, 0xE0, 0x6E, 0x06, 0xE0, 0x66, 0x06, 0x70, 0xE3, 0xFC, 0x1F, 0x80, 0x00, 0x07, 0x01,
    0xC0, 0x30, 0x08, 0x0F, 0xC7, 0xF9, 0x86, 0xE1, 0xB8, 0x6E, 0x19, 0x86, 0x7F, 0x8F, 0xC0, 0x00,
    0xC0, 0x78, 0x0F, 0x00, 0xF0, 0x09, 0x01, 0xF8, 0x3F, 0xC7, 0x0E, 0x60, 0x6E, 0x06, 0xE0, 0x6E,
    0x06, 0xE0, 0x66, 0x06, 0x70, 0xE3, 0xFC, 0x1F, 0x80, 0x01, 0x80, 0xC1, 0xE0, 0xF8, 0x00, 0x0F,
    0xC7, 0xF9, 0x86, 0xE1, 0xB8, 0x6E, 0x19, 0x86, 0x7F, 0x8F, 0xC0, 0x01, 0x80, 0x78, 0x0F, 0x80,
    0xF0, 0x09, 0x01, 0xF8, 0x3F, 0xC7, 0x0E, 0x60, 0x6E, 0x06, 0xE0, 0x6E, 0x06, 0xE0, 0x66, 0x06,
    0x70, 0xE3, 0xFC, 0x1F, 0x80, 0x03, 0x00, 0xE1, 0xE0, 0xF8, 0x00, 0x0F, 0xC7, 0xF9, 0x86, 0xE1,
    0xB8, 0x6E, 0x19, 0x86, 0x7F, 0x8F, 0xC0, 0x00, 0x00, 0x38, 0x03, 0x80, 0x78, 0x0F, 0x00, 0x90,
    0x1F, 0x83, 0xFC, 0x70, 0xE6, 0x06, 0xE0, 0x6E, 0x06, 0xE0, 0x6E, 0x06, 0x60, 0x67, 0x0E, 0x3F,
    0xC1, 0xF8, 0x00, 0x01, 0xC0, 0x30, 0x7C, 0x1E, 0x04, 0x83, 0xF1, 0xFE, 0x61, 0xB8, 0x6E, 0x1B,
    0x86, 0x61, 0x9F, 0xE3, 0xF0, 0x00, 0x00, 0xF8, 0x1F, 0x00, 0x60, 0x0F, 0x00, 0xF0, 0x09, 0x01,
    0xF8, 0x3F, 0xC7, 0x0E, 0x60, 0x6E, 0x06, 0xE0, 0x6E, 0x06, 0xE0, 0x66, 0x06, 0x70, 0xE3, 0xFC,
    0x1F, 0x80, 0x00, 0x0F, 0xC0, 0x00, 0x78, 0x1E, 0x04, 0x83, 0xF1, 0xFE, 0x61, 0xB8, 0x6E, 0x1B,
    0x86, 0x61, 0x9F, 0xE3, 0xF0, 0x07, 0x00, 0x78, 0x03, 0x60, 0x00, 0x01, 0xFC, 0x1F, 0xF1, 0xC1,
    0xCC, 0x06, 0xE0, 0x37, 0x01, 0xB8, 0x0D, 0xC0, 0x66, 0x03, 0x38, 0x38, 0xFF, 0x83, 0xF8, 0x02,
    0x00, 0x38, 0x00, 0x1C, 0x1A, 0x00, 0x07, 0xC7, 0xF3, 0x1B, 0x8D, 0xC6, 0xE3, 0x31, 0x9F, 0xC7,
    0xC0, 0x80, 0xE0, 0x01, 0x00, 0x32, 0x07, 0x60, 0x06, 0x1F, 0xE3, 0xFC, 0x70, 0xE6, 0x06, 0xE0,
    0x6E, 0x06, 0xE0, 0x6E, 0x06, 0x60, 0x67, 0x0E, 0x3F, 0xC1, 0xF8, 0x06, 0x03, 0x60, 0x18, 0xFE,
    0x7F, 0x98, 0x6E, 0x1B, 0x86, 0xE1, 0x98, 0x67, 0xF8, 0xFC, 0x00, 0x00, 0xC2, 0x06, 0x60, 0x06,
    0x1F, 0xE3, 0xFC, 0x70, 0xE6, 0x06, 0xE0, 0x6E, 0x06, 0xE0, 0x6E, 0x06, 0x60, 0x67, 0x0E, 0x3F,
    0xC1, 0xF8, 0x38, 0x06, 0x60, 0x18, 0xFE, 0x7F, 0x98, 0x6E, 0x1B, 0x86, 0xE1, 0x98, 0x67, 0xF8,
    0xFC, 0x00, 0x00, 0xE0, 0x0E, 0x60, 0x66, 0x04, 0x61, 0xFE, 0x3F, 0xC7, 0x0E, 0x60, 0x6E, 0x06,
    0xE0, 0x6E, 0x06, 0xE0, 0x66, 0x06, 0x70, 0xE3, 0xFC, 0x1F, 0x80, 0x00, 0x07, 0x01, 0xC8, 0x36,
    0x09, 0x8F, 0xE7, 0xF9, 0x86, 0xE1, 0xB8, 0x6E, 0x19, 0x86, 0x7F, 0x8F, 0xC0, 0x00, 0x00, 0xF8,
    0x1F, 0xE1, 0x16, 0x1F, 0xE3, 0xFC, 0x70, 0xE6, 0x06, 0xE0, 0x6E, 0x06, 0xE0, 0x6E, 0x06, 0x60,
    0x67, 0x0E, 0x3F, 0xC1, 0xF8, 0x3F, 0x0F, 0xE2, 0x58, 0xFE, 0x7F, 0x98, 0x6E, 0x1B, 0x86, 0xE1,
    0x98, 0x67, 0xF8, 0xFC, 0x00, 0x60, 0x06, 0x00, 0x61, 0xFE, 0x3F, 0xC7, 0x0E, 0x60, 0x6E, 0x06,
    0xE0, 0x6E, 0x06, 0xE0, 0x66, 0x06, 0x70, 0xE3, 0xFC, 0x1F, 0x80, 0x20, 0x07, 0x00, 0x03, 0x01,
    0x80, 0xC7, 0xE7, 0xF3, 0x1B, 0x8D, 0xC6, 0xE3, 0x31, 0x9F, 0xC7, 0xC0, 0x80, 0xE0, 0xE0, 0xFC,
    0x1F, 0x83, 0xF0, 0x7E, 0x0F, 0xC1, 0xF8, 0x3F, 0x07, 0xE0, 0xCC, 0x19, 0xFF, 0x1F, 0xC0, 0x40,
    0x1C, 0x00, 0xE7, 0xE7, 0xE7, 0xE7, 0xE7, 0xE7, 0xE7, 0x7F, 0x7F, 0x08, 0x1C, 0x00, 0x03, 0x80,
    0xE0, 0x18, 0x00, 0x38, 0x7E, 0x1F, 0x87, 0xE1, 0xF8, 0x7E, 0x1F, 0x87, 0xE1, 0xF8, 0x66, 0x19,
    0xFE, 0x3F, 0x00, 0x00, 0x38, 0x18, 0x18, 0x00, 0xE7, 0xE7, 0xE7, 0xE7, 0xE7, 0xE7, 0xE7, 0x7F,
    0x7F, 0x00, 0x00, 0x62, 0x0C, 0x60, 0x06, 0xE1, 0xEE, 0x1C, 0xE1, 0xCE, 0x1C, 0xE1, 0xCE, 0x1C,
    0xE1, 0xCE, 0x1C, 0xE1, 0x86, 0x18, 0x7F, 0x83, 0xF0, 0x0C, 0x06, 0x60, 0x1B, 0x9E, 0xE7, 0x39,
    0xCE, 0x73, 0x9C, 0xE7, 0x39, 0xC7, 0xF1, 0xFC, 0x00, 0x01, 0x82, 0x0C, 0x60, 0x06, 0xE1, 0xEE,
    0x1C, 0xE1, 0xCE, 0x1C, 0xE1, 0xCE, 0x1C, 0xE1, 0xCE, 0x1C, 0xE1, 0x86, 0x18, 0x7F, 0x83, 0xF0,
    0x30, 0x06, 0x60, 0x1B, 0x9E, 0xE7, 0x39, 0xCE, 0x73, 0x9C, 0xE7, 0x39, 0xC7, 0xF1, 0xFC, 0x00,
    0x00, 0xE0, 0x0E, 0x60, 0x66, 0x00, 0x6E, 0x1E, 0xE1, 0xCE, 0x1C, 0xE1, 0xCE, 0x1C, 0xE1, 0xCE,
    0x1C, 0xE1, 0xCE, 0x18, 0x61, 0x87, 0xF8, 0x3F, 0x00, 0x00, 0x0E, 0x01, 0x98, 0x66, 0x01, 0xB9,
    0xEE, 0x73, 0x9C, 0xE7, 0x39, 0xCE, 0x73, 0x9C, 0x7F, 0x1F, 0xC0, 0x00, 0x01, 0xF0, 0x3E, 0x60,
    0x46, 0xE1, 0xEE, 0x1C, 0xE1, 0xCE, 0x1C, 0xE1, 0xCE, 0x1C, 0xE1, 0xCE, 0x1C, 0xE1, 0x86, 0x18,
    0x7F, 0x83, 0xF0, 0x3C, 0x1F, 0x60, 0x9B, 0x9E, 0xE7, 0x39, 0xCE, 0x73, 0x9C, 0xE7, 0x39, 0xC7,
    0xF1, 0xFC, 0x00, 0x60, 0x06, 0x00, 0x6E, 0x1E, 0xE1, 0xCE, 0x1C, 0xE1, 0xCE, 0x1C, 0xE1, 0xCE,
    0x1C, 0xE1, 0xCE, 0x18, 0x61, 0x87, 0xF8, 0x3F, 0x00, 0x40, 0x0E, 0x00, 0x01, 0x80, 0x60, 0x1B,
    0x9E, 0xE7, 0x39, 0xCE, 0x73, 0x9C, 0xE7, 0x39, 0xC7, 0xF1, 0xFC, 0x08, 0x07, 0x00, 0x1C, 0x01,
    0x80, 0x10, 0x70, 0x66, 0x1C, 0x63, 0x0E, 0xE0, 0xD8, 0x1E, 0x01, 0xC0, 0x38, 0x07, 0x00, 0xE0,
    0x1C, 0x03, 0x80, 0x18, 0x0C, 0x00, 0x1C, 0x36, 0x3B, 0x18, 0xCC, 0x6E, 0x36, 0x0F, 0x07, 0x03,
    0x83, 0xC1, 0xC0, 0xE0, 0xCC, 0x38, 0xC6, 0x1D, 0xC1, 0xB0, 0x3C, 0x03, 0x80, 0x70, 0x0E, 0x01,
    0xC0, 0x38, 0x07, 0x00, 0x40, 0x1C, 0x00, 0xC3, 0xF1, 0x98, 0xCC, 0xE7, 0x61, 0xB0, 0xF0, 0x38,
    0x1C, 0x1F, 0x1F, 0xC0, 0x00, 0x01, 0xC0, 0x38, 0x03, 0x00, 0x01, 0xC1, 0xD8, 0x31, 0x8E, 0x3B,
    0x83, 0x60, 0x7C, 0x07, 0x00, 0xE0, 0x1C, 0x03, 0x80, 0x70, 0x0E, 0x00, 0x00, 0x0E, 0x07, 0x01,
    0x80, 0x06, 0x0F, 0x8E, 0xC6, 0x63, 0x1B, 0x8D, 0x87, 0xC1, 0xC0, 0xE0, 0xF0, 0xF0, 0x00, 0x03,
    0xE0, 0xFC, 0x09, 0x0E, 0x0E, 0xC3, 0x9C, 0x61, 0xDC, 0x1B, 0x03, 0xE0, 0x38, 0x07, 0x00, 0xE0,
    0x1C, 0x03, 0x80, 0x70, 0x00, 0x0F, 0xC3, 0xE0, 0x00, 0xE1, 0x98, 0x66, 0x30, 0xCC, 0x33, 0x0F,
    0x81, 0xE0, 0x78, 0x1C, 0x0F, 0x03, 0x80, 0x00, 0xFF, 0xFF, 0x00, 0x03, 0xFF, 0xFF, 0xFF, 0xC0,
    0x4B, 0x7C, 0xE9, 0x60, 0x5D, 0x60, 0x49, 0x2D, 0xBF, 0xD8, 0xFD, 0x24, 0xB6, 0x4B, 0xF4, 0xB6,
    0x38, 0x70, 0xE7, 0xFF, 0xE7, 0x0E, 0x1C, 0x38, 0x70, 0xE1, 0xC0, 0x38, 0x70, 0xE7, 0xFF, 0xE7,
    0x0E, 0x1C, 0xFF, 0xFC, 0xE1, 0xC0, 0xFF, 0xFF, 0x49, 0x7F, 0xC0, 0x7C, 0x30, 0x07, 0xC6, 0x00,
    0xEC, 0xC0, 0x0E, 0xCC, 0x00, 0x6D, 0x80, 0x07, 0xF0, 0x00, 0x03, 0xF3, 0xC0, 0x6F, 0xBE, 0x0D,
    0xDF, 0x61, 0xDD, 0xF6, 0x18, 0xFB, 0xE3, 0x0F, 0xBE, 0x6D, 0xE0, 0x7B, 0xDF, 0xE0, 0x73, 0x31,
    0x8C, 0x31, 0xC0, 0x71, 0x86, 0x31, 0x99, 0xC0, 0x00, 0xC0, 0x38, 0x06, 0x01, 0x80, 0x70, 0x0C,
    0x03, 0x00, 0xC0, 0x18, 0x06, 0x01, 0x80, 0x30, 0x00, 0x39, 0xF5, 0xDF, 0x7D, 0xB3, 0x80, 0x18,
    0x63, 0x9E, 0x7B, 0xF1, 0x80, 0xFE, 0x31, 0xFD, 0xEF, 0xE0, 0x3D, 0xB7, 0xDB, 0x4D, 0xB7, 0xC0,
    0xF8, 0xCC, 0x63, 0x10, 0x80, 0x79, 0xE7, 0x9E, 0x6D, 0xB7, 0xC0, 0x79, 0xB4, 0xDB, 0x7D, 0xB7,
    0x80, 0x39, 0xF5, 0xDF, 0x7D, 0xB3, 0x80, 0x2F, 0xB6, 0xD8, 0x7E, 0xF6, 0x77, 0x63, 0xE0, 0x7E,
    0xC6, 0x71, 0xED, 0xE0, 0x18, 0x63, 0x9E, 0x7B, 0xF1, 0x80, 0xFE, 0x31, 0xFD, 0xEF, 0xE0, 0x3D,
    0xB7, 0xDB, 0x4D, 0xB7, 0xC0, 0xF8, 0xCC, 0x63, 0x10, 0x80, 0x79, 0xE7, 0x9E, 0x6D, 0xB7, 0xC0,
    0x79, 0xB4, 0xDB, 0x7D, 0xB7, 0x80, 0xFF, 0xFF, 0xFF, 0xEF, 0xFF, 0xFF, 0xFF, 0xFF, 0xFF, 0xFF,
    0xFF, 0xFF, 0xFF, 0xFB, 0xFF, 0x7F, 0xE0, 0x0F, 0x83, 0xF8, 0xE3, 0x98, 0x3F, 0xF1, 0xFC, 0x1C,
    0x07, 0xF0, 0xFE, 0x67, 0x1C, 0x7F, 0x07, 0xC0, 0x7E, 0x1F, 0xC7, 0x3B, 0xFF, 0xFF, 0xFF, 0xFF,
    0xFD, 0xFC, 0x7C, 0x1C, 0x07, 0x01, 0xC0, 0x3E, 0x3F, 0xB8, 0xC0, 0x6F, 0xFF, 0xFC, 0x01, 0xFF,
    0xFF, 0xF1, 0xDF, 0xCF, 0xC0, 0xFF, 0xFF, 0xF0, 0x33, 0xFF, 0xFF, 0xC1, 0xCF, 0xE3, 0xF0, 0x70,
    0x0E, 0x01, 0xC0, 0x3C, 0x7F, 0x8F, 0xF9, 0xC3, 0x38, 0x67, 0x0C, 0xE3, 0x9F, 0xE3, 0xF0, 0x70,
    0x1F, 0x83, 0xF0, 0x38, 0x00, 0x07, 0x00, 0x70, 0x07, 0x00, 0x70, 0x07, 0xFF, 0xBF, 0xFD, 0xC0,
    0x07, 0x00, 0x1C, 0x00, 0x70, 0x01, 0xC0, 0x06, 0x01, 0xE0, 0x7E, 0x1F, 0xE7, 0x6F, 0xCC, 0xF1,
    0x88, 0x30, 0x06, 0x00, 0xC0, 0x18, 0x03, 0x00, 0x03, 0x00, 0x1C, 0x00, 0x70, 0x01, 0xC7, 0xFF,
    0x7F, 0xFC, 0x01, 0xC0, 0x1C, 0x01, 0xC0, 0x1C, 0x00, 0xC0, 0x06, 0x00, 0xC0, 0x18, 0x03, 0x00,
    0x61, 0x8C, 0x79, 0x9B, 0xB7, 0x3F, 0xC3, 0xF0, 0x3C, 0x03, 0x00, 0x07, 0x70, 0x07, 0x1C, 0x07,
    0x07, 0x07, 0x01, 0xC7, 0xFF, 0xF3, 0xFF, 0xFD, 0xC0, 0x1C, 0x70, 0x1C, 0x1C, 0x1C, 0x07, 0x1C,
    0x01, 0xDC, 0x00, 0x04, 0x01, 0xC0, 0x7C, 0x1F, 0xE7, 0x6F, 0xCC, 0xF1, 0x88, 0x30, 0x06, 0x18,
    0xC7, 0x99, 0xBB, 0x73, 0xFC, 0x3F, 0x03, 0xC0, 0x30, 0x7F, 0x3F, 0xEF, 0x03, 0xE0, 0xDC, 0x33,
    0x8C, 0x73, 0x0E, 0x41, 0xC0, 0x20, 0x3F, 0x9F, 0xF0, 0x3C, 0x1F, 0x0E, 0xC7, 0x33, 0x8D, 0xC3,
    0xE0, 0x90, 0x00, 0x40, 0x38, 0x27, 0x0C, 0xE3, 0x1C, 0xC3, 0xB0, 0x7C, 0x0F, 0x7F, 0xCF, 0xE0,
    0x00, 0x90, 0x7C, 0x3B, 0x1C, 0xCE, 0x37, 0x0F, 0x83, 0xC0, 0xFF, 0x9F, 0xC0, 0x00, 0x0F, 0x39,
    0xBF, 0x07, 0xE0, 0xF0, 0x00, 0x00, 0x00, 0x0F, 0xF0, 0xFF, 0x00, 0x61, 0x84, 0x71, 0x9F, 0xF3,
    0xFC, 0x70, 0x07, 0x00, 0x20, 0x00, 0x00, 0x07, 0xF9, 0xFE, 0x30, 0x0C, 0x30, 0xC7, 0x1F, 0xF1,
    0xFE, 0x01, 0xC0, 0x60, 0x08, 0x00, 0x00, 0x02, 0x01, 0xC0, 0x3F, 0xF7, 0xFE, 0x20, 0xC0, 0x18,
    0x03, 0x00, 0x60, 0x0C, 0x01, 0x80, 0x00, 0x00, 0x20, 0x07, 0x7F, 0xEF, 0xFD, 0xC3, 0x38, 0x07,
    0x00, 0xE0, 0x1C, 0x03, 0x80, 0x00, 0xC0, 0x1C, 0x03, 0x80, 0x70, 0x0E, 0x01, 0xC2, 0x38, 0x77,
    0xFE, 0x7F, 0xC0, 0x30, 0x00, 0x00, 0xFF, 0x8F, 0xF0, 0x06, 0x00, 0xC0, 0x18, 0x03, 0x00, 0x60,
    0x0C, 0x07, 0xC0, 0xF8, 0x0E, 0x00, 0x80, 0x00, 0x60, 0x0C, 0x01, 0x80, 0x30, 0x06, 0x20, 0xDC,
    0x3B, 0xFF, 0x7F, 0xC6, 0x00, 0x00, 0x00, 0xC0, 0x19, 0x83, 0x7F, 0xEF, 0xFC, 0xC1, 0x88, 0x10,
    0x00, 0x00, 0x60, 0xCF, 0xFD, 0xFF, 0xB0, 0x66, 0x08, 0xC0, 0x10, 0x03, 0x00, 0x3C, 0x03, 0x60,
    0x31, 0x83, 0x06, 0x3C, 0x79, 0xE3, 0xC1, 0x18, 0x08, 0xC0, 0x46, 0x03, 0xF0, 0x1F, 0x80, 0x20,
    0x78, 0x1E, 0x06, 0x03, 0x3F, 0x7F, 0x63, 0x43, 0x43, 0x63, 0x77, 0x3E, 0x00, 0x0C, 0x03, 0xC0,
    0x78, 0x0D, 0x83, 0x30, 0x66, 0x18, 0x63, 0x0C, 0x61, 0xD8, 0x1B, 0xFF, 0x7F, 0xF0, 0xFF, 0xFF,
    0xE7, 0x31, 0xCC, 0x73, 0x1C, 0xC7, 0x31, 0xCC, 0x73, 0x1C, 0xC7, 0x31, 0xCC, 0x73, 0x1C, 0xC2,
    0x00, 0xFF, 0xFF, 0xE0, 0x60, 0x30, 0x38, 0x38, 0x30, 0x60, 0xE0, 0xFF, 0xFF, 0x7F, 0xFF, 0x07,
    0xE0, 0xF8, 0x18, 0x03, 0x00, 0x60, 0x18, 0x33, 0x06, 0x60, 0x6C, 0x0D, 0x81, 0xE0, 0x3C, 0x03,
    0x80, 0x70, 0x0C, 0x00, 0x10, 0x01, 0xF3, 0xE6, 0xFD, 0xB8, 0xC6, 0xEF, 0x99, 0xF3, 0xE1, 0x00,
    0x00, 0x1E, 0x38, 0x61, 0xC3, 0x06, 0x0C, 0x18, 0x30, 0x60, 0xC1, 0x87, 0x1C, 0x20, 0x00, 0xF0,
    0x0F, 0x79, 0x3F, 0x93, 0xC0, 0x07, 0x93, 0xF9, 0x3C, 0x00, 0x0C, 0xFE, 0xFF, 0x18, 0x18, 0xFF,
    0xFE, 0x30, 0x20, 0x00, 0x07, 0x1F, 0xFC, 0xE0, 0xF8, 0x3F, 0x07, 0x7F, 0xFF, 0x00, 0xE0, 0xF8,
    0x3F, 0x07, 0x1F, 0xFC, 0xE0, 0xFE, 0xFF, 0x61, 0xC3, 0x87, 0x0C, 0xFE, 0xE3, 0xBF, 0x00, 0x7F,
    0xFF, 0xFF, 0xFF, 0x7F, 0xFF, 0x03, 0x00, 0x03, 0x00, 0x03, 0x00, 0x03, 0x00, 0x03, 0x00, 0x03,
    0xFC, 0x03, 0xFC, 0x03, 0x00, 0x03, 0x00, 0x03, 0x00, 0x03, 0x00, 0x03, 0x00, 0x03, 0x00, 0xFF,
    0xFE, 0xFF, 0xFE, 0xFF, 0xFE, 0xFF, 0xFE, 0x03, 0x00, 0x03, 0x00, 0x03, 0xC0, 0x03, 0xE0, 0x03,
    0x78, 0x03, 0x1C, 0x03, 0x0C, 0x03, 0x00, 0x03, 0x00, 0x03, 0x00, 0x03, 0x00, 0x03, 0x00, 0x7F,
    0xFF, 0x7F, 0xFE, 0x01, 0xC0, 0x03, 0x80, 0x07, 0xF0, 0x0F, 0xB8, 0x1D, 0x9C, 0x39, 0x8E, 0xF1,
    0x87, 0x41, 0x80, 0x01, 0x80, 0x01, 0x80, 0x01, 0x80, 0x01, 0x80, 0x0C, 0x00, 0x18, 0x00, 0x3F,
    0xF8, 0xFF, 0xE1, 0x80, 0x03, 0x00, 0x07, 0xFF, 0x9F, 0xFF, 0x00, 0x06, 0x00, 0x0D, 0xFF, 0xDB,
    0xFF, 0x30, 0x00, 0xC0, 0x1F, 0x80, 0x3F, 0x00, 0x00, 0x1F, 0xFC, 0x1F, 0xFC, 0x18, 0x0C, 0x18,
    0x0C, 0x1F, 0xFC, 0x1F, 0xFC, 0x18, 0x0C, 0x18, 0x0C, 0x1F, 0xFC, 0x1F, 0xFC, 0x18, 0x0C, 0x18,
    0x0C, 0xFF, 0xFF, 0x7F, 0xFF, 0x00, 0x00, 0x07, 0xF9, 0xFF, 0xE3, 0xD8, 0x00, 0x30, 0x0F, 0xFF,
    0x8F, 0xFE, 0x01, 0x80, 0xFF, 0xFF, 0xFF, 0xFC, 0x38, 0x80, 0x61, 0x81, 0x83, 0x87, 0xFF, 0x9F,
    0xFF, 0x38, 0x07, 0x00, 0x00, 0xFF, 0xFF, 0xFF, 0xFC, 0x31, 0x03, 0xFF, 0xEF, 0xFF, 0xF9, 0x88,
    0xF3, 0x31, 0xE7, 0x73, 0xCF, 0xF7, 0xB7, 0x3F, 0xE6, 0x7F, 0x88, 0x3C, 0x03, 0xF8, 0x07, 0x80,
    0x00, 0x80, 0x00, 0x60, 0x00, 0x70, 0x00, 0x7C, 0x00, 0x77, 0x00, 0xF4, 0xE1, 0xE6, 0x38, 0xE3,
    0x0E, 0x41, 0x81, 0x00, 0xC0, 0x00, 0x60, 0x00, 0x30, 0x00, 0x18, 0x00, 0x0C, 0x00, 0x06, 0x00,
    0x03, 0x00, 0x03, 0x00, 0x06, 0x00, 0x0C, 0x07, 0xFF, 0xFF, 0xFF, 0xF8, 0x60, 0xF0, 0xC1, 0xE1,
    0x83, 0xFF, 0xFF, 0xFF, 0xFF, 0x0C, 0x18, 0x18, 0x00, 0x30, 0x00, 0x60, 0x00, 0xC0, 0x00, 0x03,
    0x00, 0x18, 0x3F, 0xFF, 0x86, 0x3C, 0x31, 0xFF, 0xFD, 0xFF, 0xCF, 0xFF, 0xFF, 0xFE, 0x18, 0xF0,
    0xC7, 0x86, 0x3F, 0xFF, 0xE1, 0x8C, 0x0C, 0x00, 0x13, 0x80, 0x37, 0x00, 0x7C, 0x00, 0x58, 0x07,
    0xFF, 0xE7, 0xFF, 0xC0, 0xC1, 0x81, 0xE3, 0x07, 0xE6, 0x0C, 0xCC, 0x38, 0xD8, 0xE0, 0x33, 0x80,
    0xEE, 0x0F, 0x98, 0x1F, 0x00, 0x00, 0x00, 0x00, 0x03, 0x80, 0x01, 0xC0, 0x00, 0xC0, 0x7F, 0xFE,
    0x7F, 0xFE, 0x01, 0x80, 0x01, 0x80, 0x01, 0x80, 0x3F, 0xFE, 0x1F, 0xFC, 0x01, 0x80, 0x01, 0x80,
    0x01, 0x80, 0x7F, 0xFF, 0x7F, 0xFF, 0x00, 0x00, 0x00, 0xC0, 0x00, 0x61, 0x86, 0x39, 0xC1, 0x8C,
    0xC0, 0xC4, 0xE0, 0x30, 0x60, 0x18, 0x70, 0x06, 0x30, 0x03, 0xB0, 0x00, 0xF8, 0x00, 0x38, 0x00,
    0x7E, 0x00, 0x73, 0xC0, 0xF0, 0x79, 0xE0, 0x1E, 0x40, 0x00, 0x00, 0x01, 0x00, 0x00, 0xC0, 0x00,
    0x70, 0x00, 0x18, 0x07, 0xFF, 0xE1, 0xFF, 0xE0, 0x00, 0x70, 0x00, 0x70, 0x00, 0x70, 0x00, 0x70,
    0x00, 0x70, 0x00, 0x70, 0x00, 0xF0, 0x01, 0xE0, 0x01, 0xFE, 0x7C, 0xCF, 0xFE, 0x00, 0x00, 0x00,
    0xFF, 0xFD, 0xFF, 0xF1, 0x00, 0xC7, 0x03, 0x0E, 0x0C, 0x1C, 0x30, 0x30, 0xC0, 0x1B, 0x03, 0xEC,
    0x7E, 0x3F, 0xC0, 0xD8, 0x03, 0x00, 0xFC, 0x03, 0xE0, 0x00, 0x00, 0x03, 0x10, 0x06, 0x38, 0x0C,
    0x3B, 0xFF, 0xF0, 0x31, 0x80, 0x63, 0x00, 0xC6, 0x7F, 0xFF, 0xFF, 0xFE, 0x06, 0x0C, 0x0C, 0x18,
    0x18, 0x30, 0x37, 0xC0, 0x6F, 0x80, 0xC0, 0x00, 0x7F, 0xFC, 0xFF, 0xF8, 0x00, 0x00, 0x00, 0x00,
    0x00, 0x00, 0x00, 0x00, 0x00, 0x00, 0x00, 0x00, 0x00, 0x00, 0x03, 0xFF, 0xFF, 0xFF, 0xF0, 0x7F,
    0xFC, 0xFF, 0xF8, 0x04, 0x00, 0x08, 0x00, 0x10, 0x1F, 0xFF, 0xBF, 0xFF, 0x80, 0x80, 0x01, 0x00,
    0x02, 0x00, 0x04, 0x00, 0x08, 0x00, 0xF0, 0x03, 0xE0, 0x00, 0x00, 0x00, 0xFF, 0xFF, 0xFF, 0xFC,
    0x30, 0x00, 0xC0, 0x01, 0xFF, 0x03, 0xFE, 0x06, 0x0C, 0x0C, 0x18, 0x38, 0x30, 0x7F, 0xE0, 0xFF,
    0xC0, 0x03, 0x80, 0x06, 0x1F, 0xFF, 0xFF, 0xFF, 0x80, 0x01, 0x00, 0x01, 0x80, 0x01, 0x80, 0x7F,
    0xFF, 0x7F, 0xFE, 0x0E, 0x38, 0x1C, 0x1C, 0x7C, 0x3E, 0x66, 0x37, 0x06, 0x70, 0x03, 0x60, 0x03,
    0xC0, 0x03, 0xC0, 0x0F, 0xF8, 0x7C, 0x3F, 0x70, 0x0F, 0x01, 0x80, 0x01, 0xC0, 0x7F, 0xFF, 0x00,
    0x00, 0x1F, 0xFC, 0x18, 0x0C, 0x1F, 0xFC, 0x00, 0x00, 0x7F, 0xFF, 0x60, 0x03, 0x67, 0xF3, 0x0E,
    0x30, 0x0C, 0x33, 0x1C, 0x33, 0x78, 0x3F, 0x00, 0x00, 0x01, 0x80, 0x00, 0xC0, 0x00, 0x60, 0x00,
    0x30, 0x00, 0x1C, 0x00, 0x0E, 0x00, 0x07, 0x00, 0x07, 0xC0, 0x03, 0x60, 0x03, 0xB8, 0x01, 0x8C,
    0x01, 0x87, 0x01, 0xC1, 0xC3, 0xC0, 0x79, 0xC0, 0x1C, 0x00, 0x00, 0x0C, 0x00, 0x07, 0xFF, 0x07,
    0xFF, 0xC3, 0x60, 0xC3, 0x98, 0x63, 0xCC, 0x33, 0xE6, 0x39, 0xB1, 0x98, 0x18, 0xDC, 0x0C, 0x3C,
    0x06, 0x1C, 0x03, 0x0F, 0x01, 0x9D, 0xC0, 0xFC, 0x78, 0x7C, 0x0C, 0x00, 0x00, 0x00, 0x00, 0x00,
    0xC0, 0x00, 0xF0, 0x00, 0xFC, 0x00, 0xE7, 0x81, 0xF8, 0xE3, 0xCE, 0x3D, 0xC1, 0x86, 0x00, 0x40,
    0x1F, 0xFE, 0x07, 0xFF, 0x00, 0x07, 0x00, 0x07, 0x00, 0x03, 0x00, 0x03, 0x00, 0x03, 0x80, 0x00,
    0x00, 0x00, 0x0C, 0x30, 0x0C, 0x30, 0x0C, 0x30, 0x0C, 0x30, 0x1C, 0x30, 0x18, 0x30, 0x1C, 0x30,
    0x1E, 0x70, 0x1F, 0x78, 0x1B, 0x78, 0x31, 0xFC, 0x30, 0xCC, 0x71, 0xCE, 0x63, 0x87, 0xE3, 0x03,
    0x00, 0x00, 0x0C, 0x30, 0x0D, 0x30, 0x1B, 0x30, 0x1B, 0x3F, 0x33, 0x3F, 0x73, 0xF3, 0xF7, 0xF3,
    0x77, 0x33, 0x33, 0x33, 0x33, 0x3E, 0x33, 0x3E, 0x33, 0x11, 0x33, 0x03, 0x31, 0xFF, 0x31, 0xFF,
    0x00, 0x08, 0x22, 0x18, 0x67, 0x18, 0x63, 0x18, 0x61, 0x98, 0x61, 0x98, 0x60, 0x18, 0x60, 0x18,
    0x60, 0x30, 0x62, 0x30, 0x6F, 0x70, 0x7C, 0x78, 0x71, 0xDC, 0x43, 0x8E, 0x07, 0x06, 0x04, 0x00,
    0x0C, 0x20, 0x0D, 0xB0, 0x1B, 0x30, 0x1B, 0xFE, 0x33, 0xFE, 0x76, 0x30, 0xF6, 0x30, 0x70, 0x30,
    0x37, 0xFF, 0x33, 0xFE, 0x30, 0x30, 0x30, 0x30, 0x30, 0x30, 0x30, 0x30, 0x30, 0x30, 0x00, 0x00,
    0x0C, 0x0E, 0x0D, 0xFE, 0x1F, 0xF0, 0x38, 0x20, 0x38, 0x20, 0x78, 0x20, 0xF8, 0x20, 0xDF, 0xFF,
    0x1F, 0xFF, 0x18, 0x20, 0x18, 0x20, 0x18, 0x20, 0x18, 0x20, 0x1F, 0xFF, 0x1F, 0xFF, 0x00, 0x00,
    0x06, 0x30, 0x03, 0x18, 0x03, 0x0C, 0x01, 0x86, 0x01, 0xFF, 0xF9, 0xFF, 0xFD, 0xF1, 0xF0, 0xD8,
    0xF8, 0x0C, 0xF6, 0x06, 0xFB, 0x83, 0xEC, 0xC1, 0xE6, 0x30, 0xE3, 0x18, 0x61, 0x80, 0x30, 0xC0,
    0x0C, 0x60, 0x06, 0x30, 0x06, 0xFF, 0xC7, 0x18, 0x03, 0x0C, 0x03, 0xBF, 0xFB, 0xDF, 0xFC, 0xE3,
    0x00, 0x31, 0xFE, 0x18, 0xFF, 0x0C, 0x07, 0x06, 0x1F, 0x03, 0x07, 0x01, 0x81, 0xC0, 0xC0, 0x60,
    0x00, 0x00, 0x0C, 0x30, 0x0C, 0x30, 0x18, 0x30, 0x1B, 0xFF, 0x37, 0xFF, 0x70, 0x30, 0xF0, 0x30,
    0x70, 0x30, 0x33, 0xFF, 0x33, 0xFF, 0x33, 0x03, 0x33, 0x03, 0x33, 0x03, 0x33, 0xFF, 0x33, 0xFF,
    0x00, 0x00, 0x00, 0x00, 0x0C, 0x60, 0x0C, 0x30, 0x18, 0x30, 0x1B, 0xFF, 0x39, 0xFE, 0x79, 0x86,
    0xF9, 0x8C, 0x59, 0x8C, 0x19, 0x8C, 0x18, 0xCC, 0x18, 0xCC, 0x18, 0xC8, 0x18, 0xD8, 0x1B, 0xFF,
    0x1F, 0xFF, 0x08, 0x20, 0x06, 0x10, 0x06, 0x08, 0x03, 0x04, 0x03, 0xFF, 0xF1, 0xBF, 0xF9, 0xC3,
    0xE1, 0xE1, 0xF0, 0x71, 0xAC, 0x18, 0xD6, 0x0C, 0xC9, 0x86, 0xE4, 0xE3, 0xFF, 0xF1, 0xAF, 0xC8,
    0xC0, 0x80, 0x60, 0x40, 0x00, 0x80, 0x00, 0xE0, 0x00, 0xF8, 0x00, 0xEE, 0x01, 0xC3, 0xC3, 0xFF,
    0xFB, 0xFF, 0xFC, 0x83, 0x00, 0x01, 0x80, 0x3F, 0xFF, 0x8F, 0xFF, 0x81, 0xB3, 0x01, 0xD9, 0xC1,
    0xCC, 0x71, 0xCE, 0x1C, 0x0F, 0x04, 0x00, 0x00, 0x00, 0x0C, 0xC0, 0x06, 0x60, 0x06, 0x7F, 0xC3,
    0x3F, 0xE3, 0xB6, 0x03, 0xFB, 0x03, 0xF9, 0xFC, 0xB0, 0xFC, 0x18, 0x60, 0x0C, 0x30, 0x06, 0x1F,
    0xC3, 0x0F, 0xE1, 0x86, 0x00, 0xC3, 0x00, 0x61, 0x80, 0x0D, 0x80, 0x06, 0xC0, 0x06, 0x60, 0x03,
    0x7F, 0xF3, 0x3F, 0xFB, 0xB9, 0x9F, 0xD8, 0xCD, 0xE3, 0x6C, 0x31, 0xB6, 0x19, 0x9B, 0x8C, 0xCC,
    0xC6, 0xE6, 0x63, 0x63, 0x39, 0x87, 0x80, 0xC3, 0x80, 0x00, 0x00, 0x06, 0x18, 0x03, 0xFF, 0xC3,
    0xFF, 0xE3, 0x83, 0x01, 0x81, 0x81, 0xDF, 0xFD, 0xEC, 0x66, 0x56, 0x33, 0x0B, 0xFF, 0x84, 0xD8,
    0x02, 0x6C, 0x01, 0x1E, 0x00, 0x8F, 0x80, 0x5F, 0xFC, 0x2E, 0x1E, 0x0C, 0x88, 0x0D, 0x8C, 0x19,
    0x8C, 0x1B, 0xFE, 0x37, 0xFF, 0x71, 0x8C, 0xF1, 0x8C, 0xF1, 0x8C, 0x31, 0x8C, 0x37, 0xFF, 0x37,
    0xFF, 0x31, 0x88, 0x31, 0x8C, 0x33, 0x06, 0x36, 0x03, 0x00, 0x00, 0x18, 0x02, 0x1F, 0xC2, 0x37,
    0xCA, 0x35, 0x4A, 0x65, 0x4A, 0x65, 0x4A, 0xE5, 0x4A, 0xE5, 0x4A, 0x25, 0x4A, 0x25, 0x4A, 0x27,
    0x4A, 0x27, 0x4A, 0x23, 0x82, 0x26, 0xC2, 0x2C, 0x6E, 0x00, 0x00, 0x0C, 0x00, 0x0F, 0xFF, 0x86,
    0x0C, 0x07, 0x7F, 0xE3, 0x33, 0x33, 0x99, 0x99, 0xCF, 0xFC, 0xE6, 0x66, 0x33, 0x33, 0x19, 0xFF,
    0x8D, 0x98, 0x06, 0x6C, 0x03, 0x1C, 0x01, 0xBF, 0xF8, 0xFC, 0x7C, 0x00, 0x00, 0x0C, 0x00, 0x07,
    0xFF, 0x06, 0xC1, 0x87, 0x60, 0xC3, 0x3F, 0xE3, 0x9F, 0xF3, 0xC0, 0xC0, 0xA0, 0x60, 0x17, 0xFF,
    0x09, 0xFF, 0x04, 0x3E, 0x02, 0x37, 0x81, 0x73, 0x70, 0xF1, 0x98, 0x40, 0xC0, 0x0C, 0x60, 0x0C,
    0x60, 0x18, 0x30, 0x1F, 0xFF, 0x30, 0x00, 0x73, 0xFE, 0x70, 0x00, 0xF0, 0x00, 0x33, 0xFE, 0x30,
    0x00, 0x33, 0xFE, 0x33, 0x06, 0x33, 0x06, 0x33, 0x06, 0x33, 0xFE, 0x00, 0x00, 0x18, 0x60, 0x0C,
    0x70, 0x06, 0x3F, 0xC6, 0x38, 0xE3, 0x3E, 0xE3, 0xB9, 0xE1, 0xD1, 0xF9, 0xEF, 0xDF, 0x37, 0x39,
    0x1A, 0x7A, 0x0D, 0x37, 0x06, 0x8F, 0x63, 0x4E, 0x71, 0x83, 0xE0, 0xC7, 0xC0, 0x0C, 0x01, 0x0F,
    0xFF, 0x19, 0x8F, 0x19, 0xEF, 0x3B, 0x3F, 0x7F, 0xFF, 0x7B, 0x9F, 0x58, 0xCF, 0x1F, 0xFF, 0x1F,
    0xFF, 0x18, 0xCF, 0x18, 0xF3, 0x1F, 0xF3, 0x1F, 0xC3, 0x18, 0x0F, 0x00, 0x00, 0x0C, 0x30, 0x0C,
    0x70, 0x1F, 0xFF, 0x18, 0x60, 0x3B, 0xFE, 0x73, 0x06, 0x73, 0x06, 0x73, 0xFE, 0x33, 0x06, 0x33,
    0xFE, 0x33, 0x06, 0x33, 0xFE, 0x33, 0x06, 0x3F, 0xFF, 0x3F, 0xFF, 0x0C, 0x00, 0x0D, 0x3F, 0xC7,
    0x83, 0x07, 0xC7, 0xE3, 0xE7, 0xF3, 0xFF, 0x59, 0xF9, 0xBC, 0xBC, 0xDE, 0x1E, 0x6F, 0x0F, 0x77,
    0x87, 0xFA, 0xC3, 0xEF, 0x61, 0xC1, 0xE0, 0xC3, 0xB8, 0x63, 0x86, 0x00, 0x00, 0x0C, 0x20, 0x0C,
    0x30, 0x1F, 0xFF, 0x1E, 0x03, 0x37, 0x03, 0x77, 0xFF, 0xF6, 0x02, 0x57, 0xFF, 0x17, 0xAB, 0x17,
    0xAB, 0x17, 0xFF, 0x17, 0xAB, 0x17, 0xAB, 0x1D, 0xAB, 0x1D, 0xAF, 0x00, 0x00, 0x10, 0x33, 0x3C,
    0x33, 0x36, 0xFE, 0x33, 0x36, 0x60, 0xFF, 0x7F, 0xFF, 0xFE, 0xFF, 0xA6, 0x70, 0x26, 0xFF, 0x27,
    0xC3, 0x26, 0xC3, 0x26, 0xFF, 0x27, 0xC3, 0x27, 0xFF, 0x24, 0xC3, 0x00, 0x00, 0x3F, 0xFC, 0x3F,
    0xFC, 0x00, 0x00, 0x00, 0x00, 0x00, 0x00, 0x7F, 0xFF, 0x7F, 0xFF, 0x06, 0x60, 0x06, 0x60, 0x0C,
    0x60, 0x0C, 0x63, 0x18, 0x63, 0x38, 0x7F, 0x70, 0x7F, 0x00, 0x00, 0x08, 0x80, 0x06, 0xC0, 0x07,
    0xFF, 0x03, 0xFF, 0xC3, 0x98, 0x01, 0x8C, 0x00, 0x86, 0x00, 0xFF, 0xFE, 0x7F, 0xFF, 0x03, 0x18,
    0x01, 0x8C, 0x01, 0x86, 0x20, 0xC3, 0x31, 0xC1, 0xF9, 0xC0, 0xFC, 0x00, 0x00, 0x00, 0x80, 0x08,
    0xC2, 0x0C, 0x61, 0x83, 0x31, 0x81, 0x98, 0xC0, 0x6C, 0xC0, 0x06, 0x00, 0xFF, 0xFE, 0x7F, 0xFF,
    0x03, 0x10, 0x01, 0x88, 0x01, 0xC4, 0x00, 0xC2, 0x10, 0xE1, 0x19, 0xE0, 0xFC, 0xE0, 0x7E, 0x00,
    0x00, 0x00, 0x04, 0x00, 0x03, 0x80, 0x00, 0xC0, 0x00, 0x30, 0x00, 0x1C, 0x00, 0x0E, 0x00, 0x07,
    0x80, 0x06, 0xC0, 0x03, 0x30, 0x03, 0x98, 0x01, 0x86, 0x01, 0x83, 0x81, 0xC0, 0xE3, 0xC0, 0x39,
    0xC0, 0x0C, 0x00, 0x00, 0x00, 0x80, 0x00, 0xE0, 0x00, 0xF8, 0x00, 0xEE, 0x00, 0xE3, 0x81, 0xE0,
    0xF1, 0xFF, 0xFC, 0xFF, 0xFE, 0x01, 0x80, 0x00, 0xC0, 0x03, 0xFE, 0x03, 0xFF, 0x80, 0x18, 0x00,
    0x0C, 0x00, 0x06, 0x00, 0xFF, 0xFE, 0x7F, 0xFE, 0x00, 0x01, 0x00, 0x01, 0x80, 0x01, 0x80, 0x00,
    0xC0, 0x7F, 0xFF, 0x7F, 0xFF, 0x00, 0x00, 0x00, 0x00, 0x06, 0x30, 0x0C, 0x38, 0x1C, 0x1C, 0x18,
    0x0C, 0x38, 0x0E, 0x70, 0x07, 0x60, 0x03, 0x60, 0x02, 0x0C, 0x18, 0x0C, 0x18, 0x0E, 0x30, 0x3F,
    0xFE, 0x3F, 0xFE, 0x01, 0x80, 0x01, 0x80, 0x7F, 0xFE, 0x7F, 0xFF, 0x01, 0xC0, 0x03, 0xE0, 0x07,
    0x70, 0x0E, 0x38, 0x3C, 0x1E, 0x70, 0x0F, 0x00, 0x00, 0x18, 0x18, 0x18, 0x18, 0x7F, 0xFF, 0x18,
    0x18, 0x18, 0x18, 0x1F, 0xF8, 0x18, 0x18, 0x18, 0x18, 0x1F, 0xF8, 0x18, 0x18, 0xFF, 0xFF, 0xFF,
    0xFF, 0x0E, 0x70, 0x7C, 0x3E, 0xF0, 0x0F, 0x00, 0x00, 0x00, 0x00, 0x0F, 0xFE, 0x06, 0x03, 0x03,
    0xFF, 0x81, 0x80, 0xC0, 0xC0, 0x60, 0x7F, 0xF0, 0x30, 0x18, 0x1F, 0xFC, 0x0C, 0x06, 0x1F, 0xFF,
    0xCF, 0xFF, 0xE0, 0xE3, 0x81, 0xE0, 0xF1, 0xC0, 0x1C, 0x00, 0x00, 0x00, 0x00, 0x01, 0xB0, 0x00,
    0xD8, 0x07, 0xFF, 0xC3, 0xFF, 0xE1, 0x9B, 0x30, 0xCD, 0x98, 0x7F, 0xFC, 0x3F, 0xFE, 0x19, 0xB3,
    0x0C, 0xD9, 0x9F, 0xFF, 0xFF, 0xFF, 0xF0, 0x71, 0xC0, 0xF0, 0x78, 0xF0, 0x0E, 0x60, 0x02, 0x00,
    0x01, 0x00, 0x02, 0x00, 0x0E, 0x17, 0xFF, 0xFC, 0x30, 0x78, 0x60, 0xF0, 0xE1, 0xE1, 0xE3, 0xC6,
    0xE7, 0x9C, 0xEF, 0xF0, 0xFE, 0x80, 0xBC, 0x00, 0x78, 0x07, 0xF0, 0x0F, 0x00, 0x00, 0x3F, 0xFE,
    0x1F, 0xFF, 0x0C, 0xF1, 0x86, 0x78, 0xC3, 0x3C, 0x63, 0xFF, 0xFB, 0xFF, 0xFE, 0x67, 0x8C, 0x33,
    0xC6, 0x19, 0xE3, 0x0C, 0xF1, 0x8C, 0x78, 0xC6, 0x38, 0xE6, 0x7D, 0xF0, 0x00, 0x00, 0x3F, 0xFE,
    0x3F, 0xFF, 0x80, 0x60, 0x03, 0xFF, 0x83, 0xFF, 0xE1, 0x8C, 0x30, 0xC6, 0x18, 0x7F, 0xFC, 0x31,
    0x86, 0x18, 0xC3, 0x3F, 0xFF, 0xFF, 0xFF, 0xF3, 0x00, 0x61, 0x81, 0xF0, 0xC0, 0xF8, 0x00, 0x00,
    0x00, 0x03, 0xFF, 0xFD, 0x80, 0xF6, 0x03, 0x9F, 0xF4, 0xE0, 0x03, 0x00, 0x0F, 0xFC, 0x3F, 0xF0,
    0x00, 0xC7, 0xFB, 0x3F, 0xFC, 0x00, 0x30, 0x0D, 0xC0, 0x3E, 0x00, 0x00, 0x00, 0x00, 0x20, 0xD8,
    0x18, 0x66, 0x0E, 0x7F, 0xE3, 0x3F, 0xF0, 0xB8, 0xC0, 0x3C, 0x60, 0x3F, 0xFE, 0x0B, 0x18, 0x09,
    0x8C, 0x06, 0xC6, 0x06, 0x7F, 0xE3, 0x31, 0x83, 0x18, 0xC1, 0x8F, 0xFC, 0xC7, 0xFE, 0x00, 0xC0,
    0xC0, 0xC0, 0xEF, 0xFE, 0x60, 0xC0, 0x3F, 0xFC, 0x01, 0x80, 0x1F, 0xFE, 0x03, 0x38, 0x2F, 0xFC,
    0x3F, 0xFF, 0x68, 0xC2, 0x67, 0xFC, 0xE1, 0xE0, 0xC3, 0xFC, 0xCF, 0x0E, 0x0C, 0x04, 0x00, 0x00,
    0x0C, 0x06, 0x30, 0xD8, 0xC3, 0x63, 0x0D, 0x8C, 0x36, 0x30, 0xDF, 0xFF, 0x3F, 0xFB, 0x0C, 0x3E,
    0x30, 0xF8, 0xC3, 0xE3, 0x0F, 0x8C, 0x3F, 0xFF, 0xDF, 0xFF, 0x04, 0x00, 0x03, 0x18, 0x03, 0x0E,
    0x03, 0x83, 0x01, 0x80, 0xC1, 0xC0, 0x71, 0xFF, 0xFC, 0xFF, 0xFE, 0x03, 0x0C, 0x03, 0x86, 0x01,
    0x83, 0x00, 0xC3, 0x80, 0xC1, 0xC1, 0xC7, 0xC1, 0xC3, 0xE0, 0x00, 0x00, 0x10, 0x00, 0x31, 0xFF,
    0x31, 0xFF, 0x30, 0x63, 0x3F, 0x63, 0xFE, 0x63, 0x70, 0x63, 0x30, 0x63, 0x30, 0x63, 0x33, 0x63,
    0x3F, 0xC3, 0x3C, 0xC3, 0x31, 0x86, 0x03, 0x9E, 0x07, 0x1E, 0x00, 0x00, 0x00, 0x02, 0x7F, 0x83,
    0x7F, 0xC3, 0x18, 0x33, 0x18, 0x33, 0x1F, 0xB3, 0x3F, 0xB3, 0x31, 0xB3, 0x61, 0xB3, 0x7B, 0x33,
    0x1F, 0x33, 0x0F, 0x33, 0x06, 0x13, 0x1C, 0x03, 0x38, 0x0F, 0x70, 0x0E, 0x00, 0x00, 0x00, 0x00,
    0x06, 0x03, 0x0E, 0x13, 0x1F, 0x33, 0x1B, 0xB3, 0x31, 0xF3, 0xE0, 0xF3, 0x7F, 0xB3, 0x3F, 0xB3,
    0x31, 0xB3, 0x31, 0xB3, 0x37, 0x13, 0x30, 0xC3, 0x30, 0xC3, 0x30, 0xDF, 0x3F, 0x9E, 0x00, 0x00,
    0x30, 0x00, 0x1B, 0xFF, 0x1B, 0xFF, 0xFC, 0x63, 0x0C, 0x43, 0x1C, 0xC3, 0x1E, 0xC3, 0x3E, 0xC3,
    0x7C, 0xC3, 0xFE, 0xC6, 0xDE, 0x86, 0x19, 0x86, 0x19, 0x86, 0x1B, 0x3E, 0x1E, 0x7C, 0x00, 0x00,
    0x7F, 0xE2, 0x7F, 0xEA, 0x6F, 0x6A, 0x6F, 0x6A, 0x6F, 0x6A, 0x6F, 0x6A, 0xFF, 0xEA, 0xFF, 0xFA,
    0x6F, 0x6A, 0x6F, 0x6A, 0x6F, 0x6A, 0x6F, 0x6A, 0x6F, 0x62, 0x6F, 0x62, 0xDE, 0xCE, 0x00, 0x00,
    0x00, 0x02, 0xFF, 0x8D, 0xFF, 0xD8, 0xD9, 0xB1, 0xB3, 0x66, 0x36, 0xDF, 0xFD, 0x9E, 0x7B, 0x06,
    0x36, 0xFF, 0xED, 0xFF, 0xD8, 0x31, 0xB0, 0x7C, 0x67, 0xF8, 0xDF, 0xC3, 0xB0, 0x07, 0x36, 0x03,
    0x36, 0x0B, 0x3F, 0xDB, 0x7F, 0xDB, 0x66, 0x1B, 0x7F, 0xDB, 0x7F, 0xFB, 0x06, 0x1B, 0x3F, 0xDB,
    0x7F, 0xDB, 0x66, 0xDB, 0x66, 0xC3, 0x66, 0xC3, 0x67, 0xC7, 0x06, 0x0F, 0x00, 0x00, 0x00, 0x02,
    0x7F, 0xD3, 0x60, 0xF3, 0x60, 0xF3, 0x7F, 0xF3, 0x7F, 0xB3, 0x62, 0x33, 0x7F, 0xF3, 0x7E, 0xF3,
    0x7A, 0xF3, 0x7A, 0xF3, 0x7A, 0xC3, 0x7B, 0xC3, 0xDA, 0x0F, 0xC2, 0x1E, 0x30, 0x18, 0x30, 0x63,
    0xFF, 0xFF, 0xFF, 0xF0, 0x00, 0xCF, 0xCD, 0x99, 0x9B, 0x3F, 0x36, 0x7E, 0x6C, 0xCC, 0xD9, 0xF9,
    0xB3, 0xF3, 0x66, 0x60, 0xCC, 0xC7, 0x9B, 0x8F, 0x00, 0x00, 0x00, 0x00, 0x1F, 0xC3, 0x7F, 0x83,
    0x06, 0x1B, 0xFF, 0xFB, 0x7F, 0xFB, 0x1F, 0x5B, 0x7F, 0xFB, 0x1F, 0x9B, 0x7F, 0x3B, 0x7F, 0xFB,
    0x1F, 0x1B, 0x1F, 0xCB, 0x36, 0xE3, 0xE6, 0x4F, 0x46, 0x0E, 0x00, 0x00, 0x0C, 0x18, 0x0C, 0x30,
    0x7F, 0xFF, 0x3F, 0x26, 0x3F, 0x26, 0x3F, 0x26, 0x33, 0x26, 0x3F, 0x26, 0x33, 0x1E, 0x37, 0x1C,
    0x7F, 0xFE, 0x03, 0x06, 0x07, 0x06, 0x3E, 0x0C, 0x78, 0x7C, 0x00, 0x00, 0x00, 0x20, 0x00, 0x60,
    0xFE, 0x60, 0x7D, 0xFE, 0x19, 0xFF, 0x18, 0x63, 0x18, 0x63, 0x18, 0x63, 0x18, 0x63, 0x1F, 0x63,
    0xFE, 0xC6, 0xF1, 0xC6, 0x01, 0x86, 0x07, 0x3E, 0x06, 0x3E, 0x00, 0x00, 0x18, 0x00, 0x18, 0x00,
    0x18, 0x7F, 0xFF, 0x7F, 0x7F, 0x63, 0x13, 0x63, 0x13, 0x63, 0x33, 0x63, 0x33, 0x63, 0x33, 0x63,
    0x33, 0x63, 0x33, 0x63, 0x63, 0x7F, 0x6F, 0x7F, 0xCE, 0x63, 0x00, 0x00, 0x03, 0x00, 0x03, 0x00,
    0x03, 0xFF, 0x87, 0x83, 0x87, 0x77, 0x80, 0x1F, 0x81, 0xFF, 0xFC, 0xF3, 0x1E, 0x01, 0x80, 0x1F,
    0xFF, 0x00, 0xC1, 0x80, 0xE0, 0xC0, 0xE0, 0xC1, 0xE0, 0x61, 0xC1, 0xF0, 0x00, 0x00, 0x00, 0x10,
    0x7F, 0x10, 0x3E, 0x10, 0x00, 0xFF, 0x00, 0xFF, 0x7F, 0xB3, 0x7F, 0x33, 0x1A, 0x33, 0x33, 0x33,
    0x33, 0x33, 0x37, 0x33, 0x7F, 0xE3, 0x79, 0xE7, 0x00, 0xDE, 0x00, 0xDE, 0x00, 0x00, 0x0C, 0x00,
    0x0C, 0x00, 0x1F, 0xFE, 0x1F, 0xFF, 0x3B, 0x33, 0x33, 0x33, 0x67, 0x33, 0xE6, 0x63, 0x0E, 0x63,
    0x0C, 0x67, 0x18, 0xC7, 0x39, 0xC6, 0x71, 0x86, 0x23, 0x3E, 0x07, 0x3C, 0x04, 0x00, 0x03, 0x00,
    0x03, 0x00, 0x03, 0xFF, 0xC3, 0xFF, 0xE1, 0x80, 0x31, 0xFF, 0x98, 0xBF, 0xCC, 0x18, 0x66, 0x0F,
    0xF3, 0x07, 0xFB, 0x83, 0x07, 0x81, 0x81, 0x90, 0xC0, 0x1C, 0x7F, 0xFC, 0x1F, 0xFE, 0xFF, 0xFE,
    0xFF, 0xFE, 0xC6, 0x60, 0xC4, 0x60, 0xC4, 0x60, 0xCC, 0x60, 0xCC, 0x62, 0xCC, 0x66, 0xDC, 0x7E,
    0xF8, 0x3E, 0xD0, 0x00, 0xC0, 0x00, 0xFF, 0xFE, 0x7F, 0xFE, 0x00, 0x00, 0xFF, 0xFE, 0xC0, 0x00,
    0xC0, 0x18, 0xDC, 0x30, 0xCE, 0x70, 0xC7, 0xE0, 0xC3, 0xC0, 0xC3, 0xC0, 0xC7, 0x60, 0xCE, 0x30,
    0xDC, 0x18, 0xD8, 0x18, 0xFF, 0xFE, 0xFF, 0xFE, 0x00, 0x00, 0x18, 0x18, 0x0C, 0x38, 0x3F, 0xFC,
    0x7F, 0xFC, 0x61, 0x8C, 0x61, 0x8C, 0x7F, 0xFC, 0x61, 0x8C, 0x61, 0x8C, 0x7F, 0xFC, 0x01, 0x80,
    0xFF, 0xFE, 0x7F, 0xFE, 0x01, 0x80, 0x01, 0x80, 0x00, 0x00, 0x18, 0x00, 0x60, 0x01, 0x80, 0x07,
    0xFC, 0x1F, 0xE0, 0x60, 0x01, 0x80, 0xFF, 0xFB, 0xFF, 0xEC, 0x01, 0xB0, 0x06, 0xC0, 0x1B, 0x00,
    0x6F, 0xFF, 0xBF, 0xFE, 0x01, 0x00, 0x01, 0x80, 0x01, 0x80, 0x01, 0xFC, 0x01, 0xF8, 0x01, 0x80,
    0x01, 0x80, 0xFF, 0xFF, 0xFF, 0xFF, 0x01, 0x80, 0x01, 0xE0, 0x01, 0xF8, 0x01, 0x9E, 0x01, 0x84,
    0x01, 0x80, 0x01, 0x80, 0x7E, 0x01, 0xFF, 0xFF, 0x0F, 0xFE, 0x1E, 0x3F, 0xFC, 0x7F, 0xF8, 0xF0,
    0xF1, 0xFF, 0xE3, 0xFF, 0xC7, 0x81, 0x8F, 0x33, 0x1E, 0x36, 0xEF, 0xFC, 0x1F, 0x78, 0x30, 0x30,
    0x00, 0x3F, 0xFF, 0x7F, 0xFF, 0x60, 0x00, 0x60, 0x40, 0x60, 0xC0, 0x60, 0xC0, 0x67, 0xFE, 0x6F,
    0xFE, 0x60, 0xC0, 0x60, 0xD8, 0x60, 0xCC, 0x60, 0xC6, 0x60, 0xC0, 0xDF, 0xFF, 0xDF, 0xFF, 0x00,
    0x00, 0x10, 0x00, 0x1F, 0xFF, 0x8C, 0x30, 0x06, 0x18, 0x03, 0x7F, 0xE1, 0xB0, 0x30, 0xDF, 0xF8,
    0x6C, 0x0C, 0x37, 0xFE, 0x1B, 0xFF, 0x0C, 0x9A, 0x0C, 0xCF, 0x86, 0xE6, 0xE3, 0x63, 0x39, 0x0F,
    0x08, 0x00, 0x00, 0x00, 0x00, 0x07, 0xFC, 0x3F, 0xF8, 0x38, 0x00, 0x30, 0x00, 0x30, 0x00, 0x3F,
    0xFC, 0x3F, 0xFC, 0x36, 0x1C, 0x33, 0x18, 0x33, 0xB8, 0x31, 0xF0, 0x30, 0xE0, 0x73, 0xF0, 0x6F,
    0xBE, 0x7E, 0x0E, 0x00, 0x00, 0x00, 0x00, 0x19, 0x90, 0x19, 0x98, 0x33, 0x8C, 0x3F, 0xFE, 0x7F,
    0xFE, 0x03, 0x00, 0x07, 0xF8, 0x07, 0xFC, 0x0E, 0x1C, 0x1F, 0x18, 0x1B, 0xB0, 0x39, 0xF0, 0xF1,
    0xF0, 0xC7, 0xFC, 0x1F, 0x1F, 0x08, 0x02, 0xFF, 0x80, 0x7F, 0xC1, 0x18, 0xFF, 0xCC, 0x6C, 0xE7,
    0xF6, 0x63, 0x1B, 0x31, 0x8C, 0xD8, 0xC6, 0x7C, 0x7F, 0x3C, 0x31, 0x8E, 0x18, 0xE6, 0x1F, 0xF7,
    0x8F, 0xF7, 0xE0, 0x1F, 0x38, 0x0F, 0x0C, 0x00, 0x00, 0x7F, 0xFB, 0xFF, 0xFC, 0x00, 0xF0, 0x03,
    0xC0, 0x0F, 0x00, 0x3C, 0x00, 0xF0, 0x03, 0xC0, 0x0F, 0x00, 0x3C, 0x00, 0xFF, 0xFF, 0xFF, 0xFF,
    0x00, 0x30, 0xFF, 0xFE, 0xFF, 0xFE, 0x00, 0x18, 0x00, 0x18, 0x20, 0x18, 0x7F, 0x98, 0x61, 0x98,
    0x61, 0x98, 0x61, 0x98, 0x61, 0x98, 0x7F, 0x98, 0x60, 0x18, 0x60, 0x18, 0x00, 0xF8, 0x00, 0xF8,
    0x00, 0x00, 0x00, 0x00, 0x03, 0x00, 0x03, 0x00, 0x03, 0x00, 0x7F, 0xFF, 0x7F, 0xFE, 0x06, 0x00,
    0x0C, 0x00, 0x1F, 0xFC, 0x1F, 0xFE, 0x3C, 0x06, 0xFC, 0x06, 0xCC, 0x06, 0x0C, 0x06, 0x0F, 0xFE,
    0x0F, 0xFE, 0x1F, 0xF0, 0x7F, 0xF0, 0xC0, 0x61, 0x80, 0xC3, 0xFF, 0x80, 0x00, 0x3F, 0xFF, 0x7F,
    0xFF, 0x18, 0x00, 0x3F, 0xE0, 0xFF, 0xE0, 0x00, 0xC0, 0x03, 0x00, 0x2E, 0x00, 0xFC, 0x00, 0x00,
    0x03, 0x00, 0x03, 0x04, 0x03, 0xFF, 0x07, 0x83, 0x07, 0x77, 0x03, 0x1F, 0x00, 0x0F, 0x80, 0x3E,
    0xF8, 0xFC, 0x1F, 0x2F, 0xFF, 0x87, 0xFF, 0x03, 0x01, 0x81, 0x80, 0xC0, 0xC0, 0x60, 0x7F, 0xF0,
    0x00, 0x00, 0x7F, 0xFD, 0xFF, 0xFF, 0x00, 0x1E, 0x00, 0x3D, 0xFF, 0x78, 0x00, 0xF0, 0x01, 0xE7,
    0xF3, 0xCC, 0x67, 0x98, 0xCF, 0x31, 0x9E, 0x7F, 0x3C, 0xC0, 0x79, 0x03, 0xF0, 0x07, 0x80, 0x03,
    0x80, 0x0F, 0xF8, 0x3F, 0xF0, 0xE0, 0x67, 0xC3, 0x84, 0xEE, 0x00, 0xF8, 0x03, 0xC0, 0x3F, 0xFE,
    0xFF, 0xFD, 0x30, 0x18, 0x60, 0x30, 0xC0, 0x61, 0xFF, 0xC3, 0xFF, 0x80, 0x00, 0x0C, 0x1F, 0xFE,
    0x3F, 0xF0, 0x30, 0x00, 0x3F, 0xFF, 0x3F, 0xFF, 0x30, 0x00, 0x30, 0x00, 0x37, 0xFE, 0x37, 0xFE,
    0x36, 0x06, 0x76, 0x06, 0x66, 0x06, 0xE7, 0xFE, 0xC7, 0xFE, 0x00, 0x00, 0x03, 0x00, 0x06, 0x00,
    0x1C, 0x17, 0xFF, 0xFC, 0x00, 0x78, 0x00, 0xF3, 0xF9, 0xE7, 0xF3, 0xCC, 0x67, 0x98, 0xCF, 0x3F,
    0x9E, 0x7F, 0x3C, 0xC0, 0x78, 0x87, 0xF0, 0x0F, 0x80, 0x00, 0x00, 0x7F, 0xFF, 0x7F, 0xFE, 0x03,
    0x80, 0x07, 0xB8, 0x1F, 0x9E, 0xF9, 0x87, 0x61, 0x83, 0x01, 0x80, 0x1F, 0xFC, 0x18, 0x0C, 0x18,
    0x0C, 0x18, 0x0C, 0x1F, 0xFC, 0x18, 0x0C, 0x00, 0x00, 0x00, 0x80, 0x00, 0xC0, 0x00, 0xF0, 0x01,
    0xCE, 0x01, 0xF3, 0xC7, 0xCE, 0xFB, 0x83, 0x1C, 0x7F, 0xF0, 0x1F, 0xF8, 0x00, 0x38, 0x00, 0x38,
    0x07, 0xFF, 0x83, 0x00, 0xC1, 0x80, 0x60, 0xFF, 0xF0, 0x60, 0x18, 0x00, 0x00, 0x00, 0x01, 0x80,
    0x03, 0x00, 0x03, 0x01, 0xFF, 0xF3, 0xFF, 0xE6, 0x00, 0xCF, 0xFF, 0x9F, 0xFF, 0x30, 0x00, 0x6F,
    0xF8, 0xFF, 0xF9, 0xE0, 0x33, 0xC0, 0x6D, 0x80, 0xDB, 0xFF, 0xE7, 0xFF, 0x00, 0x00, 0x08, 0x80,
    0x0C, 0xC0, 0x18, 0xC0, 0x1F, 0xFE, 0x3F, 0xFC, 0x70, 0xC0, 0x60, 0xC0, 0x7F, 0xFF, 0x7F, 0xFF,
    0x00, 0x00, 0x1F, 0xFE, 0x1F, 0xFE, 0x18, 0x06, 0x18, 0x06, 0x1F, 0xFE, 0x1F, 0xFE, 0x00, 0x00,
    0x1F, 0xFC, 0x7F, 0xFC, 0xC2, 0x19, 0x8C, 0x33, 0xFF, 0xE6, 0x30, 0xCF, 0xFF, 0x9F, 0xFF, 0x30,
    0x06, 0x6F, 0xEC, 0xD8, 0xDB, 0xB1, 0xB6, 0x7F, 0x6C, 0xC2, 0xF0, 0x07, 0x80, 0x00, 0x01, 0x80,
    0x03, 0x80, 0x07, 0xC0, 0x0E, 0xF0, 0x3C, 0x3C, 0xFF, 0xFF, 0xE7, 0xE7, 0x20, 0x04, 0x7E, 0xFE,
    0x66, 0xC6, 0x66, 0xC6, 0x66, 0xC6, 0x7E, 0xC6, 0x7E, 0xFE, 0x60, 0xC0, 0x00, 0xC0, 0x07, 0x00,
    0xFE, 0xF9, 0xF3, 0xF8, 0x66, 0x30, 0xCC, 0x7F, 0xF8, 0xC7, 0x31, 0x8F, 0x63, 0x3E, 0xC6, 0x7F,
    0x8D, 0xB7, 0x1E, 0x66, 0x3C, 0xCF, 0xE1, 0x9F, 0xC3, 0x31, 0x80, 0x00, 0x60, 0x78, 0x60, 0xF8,
    0xF0, 0xD8, 0xF8, 0xD9, 0x9C, 0xDB, 0xFE, 0xDF, 0xFE, 0xD8, 0x00, 0xDB, 0xFC, 0xFB, 0xFC, 0xFB,
    0x0C, 0xC3, 0x0C, 0xC3, 0x0C, 0x03, 0xFC, 0x03, 0xFC, 0x00, 0x00, 0x00, 0x00, 0x00, 0xC0, 0x71,
    0xFC, 0xF3, 0xFC, 0xD7, 0x18, 0xDF, 0xFC, 0xD7, 0xFC, 0xD3, 0x6C, 0xD3, 0x6C, 0xD3, 0x6C, 0xDF,
    0xFE, 0xFF, 0xFE, 0xF0, 0xF0, 0xC3, 0x98, 0x0F, 0x0E, 0x0E, 0x07, 0x00, 0x00, 0x00, 0x00, 0x1F,
    0xBF, 0x0C, 0xD9, 0x86, 0x6C, 0xC3, 0xF7, 0xE0, 0x0D, 0xC0, 0x0C, 0x70, 0xFF, 0xFE, 0x1E, 0x78,
    0x1E, 0x0F, 0x1F, 0xDF, 0xCE, 0x6C, 0xE3, 0x36, 0x61, 0x9B, 0x30, 0xFD, 0xF8, 0xFF, 0xFF, 0xFF,
    0xFF, 0x33, 0x1E, 0x66, 0x3C, 0xCC, 0x79, 0x98, 0xF3, 0x31, 0xE6, 0x63, 0xD8, 0x7F, 0xE0, 0x0F,
    0x00, 0x1F, 0xFF, 0xFF, 0xFF, 0xF8, 0x00, 0x80, 0x7F, 0xFD, 0xFF, 0xFF, 0x00, 0x1E, 0x00, 0x3C,
    0xFC, 0x79, 0xFC, 0xF3, 0x19, 0xE6, 0x33, 0xCC, 0x67, 0x98, 0xCF, 0x3F, 0x9E, 0x00, 0x3C, 0x00,
    0x7F, 0xFF, 0xFF, 0xFF, 0x80, 0x7F, 0xFD, 0xFF, 0xFF, 0x04, 0x1E, 0x18, 0x3C, 0x30, 0x7F, 0xFE,
    0xF7, 0xFD, 0xE1, 0xC3, 0xC7, 0xC7, 0x8D, 0xCF, 0x31, 0xDE, 0xE1, 0xBD, 0x00, 0x7F, 0xFF, 0xF0,
    0x01, 0x80, 0x00, 0x01, 0xFF, 0xFF, 0x04, 0x1E, 0x18, 0x3D, 0xFF, 0xF8, 0x60, 0xF7, 0xFD, 0xE1,
    0x83, 0xFF, 0xFF, 0x86, 0x7F, 0x0D, 0xDE, 0x1B, 0xBC, 0x10, 0x7F, 0xFF, 0xF0, 0x01, 0x80, 0x7F,
    0xFD, 0xFF, 0xFF, 0x00, 0x1E, 0x18, 0x3C, 0x30, 0x7B, 0xFE, 0xF0, 0xC1, 0xE7, 0xF3, 0xCF, 0xE7,
    0x90, 0xCF, 0x21, 0x9E, 0x7F, 0x3C, 0x00, 0x7F, 0xFF, 0xFF, 0xFF, 0x80, 0x7F, 0xFD, 0xFF, 0xFF,
    0x18, 0x1E, 0x30, 0x3C, 0xFF, 0x7B, 0x9C, 0xFD, 0xF1, 0xE3, 0xE3, 0xFE, 0xFF, 0xEF, 0x2F, 0x07,
    0x1E, 0x7C, 0x3C, 0x7E, 0x7F, 0xFF, 0xFF, 0xFF, 0x80, 0x00, 0x01, 0xFF, 0xFF, 0x00, 0x1E, 0xFF,
    0x3D, 0x82, 0x7B, 0xFC, 0xF0, 0x01, 0xEF, 0xFB, 0xD9, 0x37, 0xB6, 0x6F, 0x6C, 0xDE, 0xBF, 0x3F,
    0xE7, 0x7E, 0x02, 0xFF, 0xFF, 0x80, 0x03, 0x00, 0x03, 0x00, 0x7F, 0xFE, 0x7F, 0xFF, 0x0E, 0x20,
    0x0C, 0x30, 0x18, 0x30, 0x39, 0xFE, 0x7B, 0xFE, 0xF8, 0x30, 0x58, 0x30, 0x18, 0x30, 0x18, 0x30,
    0x18, 0x30, 0x1F, 0xFF, 0x30, 0x30, 0x31, 0x30, 0x31, 0xB0, 0x31, 0xBF, 0xFD, 0xBF, 0x7D, 0xFB,
    0x37, 0xF3, 0x37, 0xB3, 0x31, 0xB3, 0x3D, 0xB6, 0x3D, 0xBE, 0xF9, 0x91, 0x41, 0x83, 0x01, 0xFF,
    0x01, 0xFF, 0x10, 0x30, 0x18, 0x30, 0x18, 0x30, 0x19, 0x30, 0xFF, 0xB0, 0x7D, 0xBE, 0x19, 0xBF,
    0x19, 0xB0, 0x19, 0xB0, 0x1F, 0xB0, 0x7D, 0xB0, 0xF1, 0xB0, 0x41, 0xB0, 0x07, 0xFF, 0x07, 0xFF,
    0x30, 0x60, 0x30, 0xC0, 0x30, 0xFF, 0x31, 0xFF, 0xFF, 0x83, 0x7F, 0x83, 0x32, 0xC3, 0x30, 0x73,
    0x30, 0x33, 0x36, 0x1F, 0x3E, 0x7B, 0x79, 0xE7, 0x61, 0x86, 0x00, 0x36, 0x00, 0x3E, 0x00, 0x00,
    0x01, 0xFC, 0x3F, 0xFC, 0x19, 0x80, 0x3F, 0xFE, 0x7F, 0xFE, 0x19, 0x98, 0x19, 0x98, 0x7F, 0xFF,
    0x7F, 0xFE, 0x19, 0x98, 0x7F, 0xFE, 0x7F, 0xFE, 0x01, 0x80, 0x3F, 0xFE, 0x3F, 0xFE, 0x0C, 0x18,
    0x06, 0x0C, 0x1F, 0xFF, 0xC1, 0x83, 0x00, 0xFF, 0x80, 0x60, 0xC0, 0x3F, 0xE0, 0x18, 0x30, 0x7F,
    0xFF, 0x3F, 0xFF, 0x86, 0x33, 0x8F, 0xFF, 0xE6, 0x0C, 0x30, 0x06, 0x00, 0xFF, 0xF8, 0x7F, 0xFC,
    0x00, 0x00, 0x31, 0x8E, 0x31, 0xCC, 0x33, 0xFF, 0x33, 0xFF, 0x7F, 0xAF, 0x7A, 0xFB, 0x32, 0xBB,
    0x33, 0xFF, 0x33, 0xFE, 0x31, 0xFE, 0x3D, 0x06, 0x7D, 0xFE, 0x61, 0x06, 0x01, 0xFE, 0x01, 0x06,
    0x03, 0x00, 0x03, 0x80, 0x03, 0xFF, 0x03, 0x87, 0x07, 0xE7, 0x03, 0x1F, 0x00, 0x3F, 0xC1, 0xFC,
    0xFE, 0xFF, 0xFF, 0x1F, 0xFE, 0x0C, 0x63, 0x06, 0x31, 0x83, 0xFF, 0xC1, 0x8C, 0x60, 0xFF, 0xF0,
    0x7F, 0xF8, 0x00, 0x00, 0x00, 0x0C, 0x00, 0x06, 0x00, 0x07, 0xFF, 0xC6, 0x00, 0x07, 0xFF, 0xC0,
    0xC0, 0x60, 0x7F, 0xF0, 0x30, 0x18, 0x1F, 0xFC, 0x03, 0x00, 0x03, 0xFF, 0x07, 0xC7, 0x03, 0x7F,
    0x00, 0x3F, 0x81, 0xFD, 0xFC, 0xF0, 0x0E, 0x03, 0x00, 0x07, 0xF0, 0x0F, 0xF8, 0x38, 0x70, 0x7E,
    0xE0, 0x07, 0xC0, 0x3F, 0xE0, 0xFD, 0xFE, 0x47, 0xFE, 0x1F, 0x1C, 0x3B, 0xB8, 0x01, 0xF0, 0x03,
    0xE0, 0xFF, 0x80, 0xFC, 0x00, 0x00, 0x00, 0x00, 0x00, 0x00, 0xC0, 0x1F, 0xFF, 0x8F, 0xFF, 0xE0,
    0xC6, 0x00, 0x67, 0x00, 0x63, 0xFC, 0x73, 0xCC, 0x3B, 0xF6, 0x7F, 0xDE, 0x37, 0xB7, 0x03, 0x1F,
    0x01, 0x87, 0x00, 0xC7, 0xE0, 0x6F, 0x3C, 0x3E, 0x0E, 0x00, 0x00, 0x00, 0x01, 0x80, 0x01, 0x80,
    0x01, 0x80, 0x01, 0x80, 0x7F, 0xFE, 0x7F, 0xFF, 0x01, 0xC0, 0x03, 0xC0, 0x03, 0x60, 0x03, 0x60,
    0x06, 0x30, 0x0E, 0x38, 0x1C, 0x1C, 0x78, 0x0F, 0x70, 0x07, 0x00, 0x00, 0x7F, 0xFE, 0x3F, 0xFF,
    0x00, 0x60, 0x00, 0x30, 0x00, 0x18, 0x03, 0xFF, 0xF1, 0xFF, 0xFC, 0x03, 0x80, 0x03, 0xC0, 0x01,
    0xB0, 0x01, 0xDC, 0x01, 0xC7, 0x03, 0xC1, 0xC3, 0x80, 0x79, 0x80, 0x0C, 0x09, 0x80, 0x0C, 0xC0,
    0x06, 0x60, 0x07, 0xFF, 0xC3, 0xFF, 0xC3, 0x8C, 0x01, 0x86, 0x00, 0xFF, 0xFE, 0x7F, 0xFF, 0x00,
    0xE0, 0x00, 0xF8, 0x00, 0xEE, 0x00, 0xE3, 0x81, 0xE0, 0xE1, 0xE0, 0x3C, 0xC0, 0x06, 0x00, 0x40,
    0x1C, 0xE0, 0x0F, 0xC0, 0x03, 0xC0, 0x30, 0xC0, 0x3C, 0xC0, 0x0C, 0xC0, 0x7F, 0xFF, 0x7F, 0xFF,
    0x00, 0xC0, 0x01, 0xC0, 0x03, 0xF0, 0x07, 0x3C, 0x1E, 0x0E, 0x78, 0x07, 0x60, 0x00, 0x01, 0x80,
    0x01, 0x80, 0x3F, 0xFE, 0x7F, 0xFF, 0x19, 0x8C, 0x19, 0x98, 0x0D, 0x98, 0x0D, 0xB0, 0x7F, 0xFF,
    0x03, 0xC0, 0x03, 0xE0, 0x07, 0x70, 0x0E, 0x38, 0x3C, 0x1E, 0x78, 0x0F, 0x00, 0x00, 0x10, 0x30,
    0x18, 0x18, 0x0C, 0x18, 0x0F, 0x8D, 0x8F, 0xEC, 0x61, 0xBE, 0xF9, 0x9F, 0xFC, 0xDB, 0x83, 0x6C,
    0xFE, 0x3E, 0xFF, 0x8F, 0x60, 0xC3, 0xB0, 0x63, 0xF8, 0x33, 0xBC, 0x19, 0x87, 0xFC, 0x00, 0x00,
    0x00, 0x00, 0x06, 0x01, 0xFF, 0xFB, 0xFF, 0xF6, 0x00, 0x6D, 0xFE, 0xD7, 0xFE, 0x80, 0x38, 0x01,
    0xE0, 0x03, 0x03, 0xFF, 0xFB, 0xFF, 0xE0, 0x18, 0x00, 0x30, 0x01, 0xE0, 0x07, 0x80, 0x00, 0x00,
    0x00, 0x00, 0x03, 0x00, 0x07, 0x00, 0x7F, 0xFF, 0x7F, 0xFE, 0x0C, 0x00, 0x0D, 0xFE, 0x19, 0xFE,
    0x38, 0x1C, 0x78, 0x30, 0xFB, 0xFF, 0x5F, 0xFF, 0x18, 0x30, 0x18, 0x30, 0x18, 0xF0, 0x19, 0xF0,
    0x00, 0x00, 0x00, 0x00, 0x06, 0x00, 0x0C, 0x07, 0xFF, 0xEC, 0x20, 0xD8, 0xC1, 0xB1, 0x81, 0x7F,
    0xFE, 0xFF, 0xFE, 0x30, 0xC0, 0xE1, 0x81, 0xE6, 0x00, 0xFC, 0x00, 0xFC, 0x07, 0xBE, 0x7E, 0x0E,
    0x60, 0x0C, 0x00, 0x00, 0x03, 0x00, 0x03, 0x80, 0x7F, 0xFE, 0x60, 0x06, 0x60, 0x06, 0x5F, 0xF2,
    0x00, 0x00, 0x7F, 0xFF, 0x7F, 0xFF, 0x0C, 0xC0, 0x0C, 0xC0, 0x0C, 0xC2, 0x1C, 0xC3, 0x38, 0xFF,
    0x70, 0x7F, 0x40, 0x00, 0x00, 0x00, 0x01, 0x80, 0x01, 0x80, 0x7F, 0xFE, 0x60, 0x06, 0x60, 0x06,
    0x5F, 0xFA, 0x1F, 0xF8, 0x01, 0x80, 0x19, 0x80, 0x19, 0xFC, 0x39, 0xF8, 0x3D, 0x80, 0x3F, 0x80,
    0x67, 0xFE, 0xE3, 0xFF, 0x00, 0x00, 0x03, 0x00, 0x7F, 0xFE, 0xFF, 0xFE, 0xC0, 0x06, 0xFF, 0xFE,
    0x47, 0x8A, 0x1F, 0x1C, 0x7B, 0xB8, 0x6F, 0xF0, 0x3D, 0xF0, 0x73, 0xB0, 0x0E, 0xD8, 0x3D, 0x8E,
    0xF7, 0x87, 0x07, 0x82, 0x00, 0x00, 0x01, 0x80, 0x7F, 0xFE, 0x7F, 0xFE, 0x60, 0x06, 0x6E, 0x76,
    0x1D, 0xBC, 0x7B, 0xCE, 0x67, 0xE6, 0x0E, 0x70, 0x3C, 0x3C, 0xFF, 0xFF, 0xF8, 0x1A, 0x18, 0x18,
    0x18, 0x18, 0x1F, 0xF8, 0x01, 0x80, 0x01, 0x80, 0x7F, 0xFF, 0x66, 0x63, 0x7F, 0xFF, 0x06, 0x60,
    0x04, 0x20, 0x1F, 0xF8, 0x19, 0x98, 0x19, 0x98, 0x19, 0xD8, 0x1B, 0xDA, 0x17, 0xCB, 0x1E, 0xFF,
    0xF8, 0xFF, 0x40, 0x00, 0x01, 0x00, 0x01, 0x80, 0x7F, 0xFE, 0x7F, 0xFE, 0x63, 0x32, 0x75, 0xFA,
    0x3C, 0xFC, 0x6F, 0x9E, 0xEF, 0x37, 0x7F, 0xF0, 0xF1, 0x00, 0x31, 0x8C, 0x31, 0x8C, 0x31, 0x8C,
    0x3F, 0xFC, 0x3F, 0xFC, 0x00, 0x00, 0x00, 0x0C, 0x00, 0x0C, 0x7F, 0x0C, 0x7F, 0x0C, 0x03, 0xFF,
    0x27, 0xFF, 0x76, 0x0C, 0x3E, 0xCC, 0x1E, 0x6C, 0x0E, 0x6C, 0x1F, 0x3C, 0x1B, 0x0C, 0x39, 0x0C,
    0x70, 0x3C, 0x60, 0x3C, 0x00, 0x00, 0x08, 0x00, 0x0C, 0x06, 0x0C, 0x06, 0x7F, 0x06, 0x3F, 0xFF,
    0x0C, 0xFF, 0xFF, 0x86, 0xFF, 0x66, 0x0C, 0x66, 0x0C, 0x76, 0x7F, 0x36, 0x7F, 0x36, 0x0C, 0x06,
    0x1F, 0x86, 0xFF, 0x9E, 0x40, 0x3C, 0x08, 0x00, 0x0C, 0x18, 0x06, 0x3F, 0xCF, 0x38, 0xE7, 0xBE,
    0xE1, 0xC3, 0xE0, 0x61, 0xE0, 0x37, 0xD8, 0x1B, 0x8C, 0x1D, 0xFF, 0x9E, 0xFF, 0xCF, 0x39, 0x85,
    0x8C, 0xC0, 0xC3, 0x60, 0x60, 0x30, 0x30, 0x78, 0x00, 0x00, 0x00, 0x01, 0x80, 0x00, 0xC0, 0x00,
    0x60, 0x00, 0x30, 0x01, 0x98, 0xC0, 0xCC, 0x60, 0xE6, 0x18, 0x63, 0x0C, 0x31, 0x87, 0x30, 0xC1,
    0xB8, 0x60, 0xC8, 0x30, 0x60, 0x18, 0x00, 0x3C, 0x00, 0x3E, 0x00, 0x00, 0x00, 0x01, 0x80, 0x00,
    0xC0, 0x02, 0x62, 0x03, 0xB1, 0x81, 0x98, 0xE1, 0xCC, 0x30, 0xC6, 0x0C, 0xC3, 0x06, 0x21, 0x85,
    0x00, 0xC6, 0x00, 0x27, 0x00, 0x0F, 0x00, 0x1E, 0x00, 0xFE, 0x01, 0xF8, 0x00, 0xC0, 0x00, 0x43,
    0x09, 0x8C, 0x73, 0x31, 0x8E, 0xCC, 0x13, 0x21, 0xFF, 0xF7, 0xFF, 0xD9, 0x03, 0x6F, 0xED, 0xB1,
    0xB6, 0xC6, 0xDB, 0xFB, 0x6C, 0x0D, 0x80, 0xF6, 0x03, 0xC0, 0x00, 0x00, 0x00, 0x06, 0x0C, 0x03,
    0x07, 0x8F, 0xF3, 0xC0, 0x01, 0x20, 0x03, 0xF8, 0xFF, 0xFC, 0x46, 0x60, 0x3F, 0x38, 0x1F, 0x9C,
    0x0F, 0xCE, 0x07, 0xE5, 0x06, 0xD6, 0x83, 0x6F, 0x49, 0x33, 0x34, 0x3B, 0x1E, 0x00, 0x00, 0x00,
    0x10, 0x00, 0x3F, 0xFC, 0x30, 0x0C, 0x30, 0x0C, 0x3F, 0xFC, 0x30, 0x00, 0x3F, 0xFE, 0x3F, 0xFF,
    0x30, 0x07, 0x37, 0xF6, 0x76, 0x36, 0x66, 0x36, 0x67, 0xF6, 0xC6, 0x3E, 0x40, 0x3E, 0x10, 0x00,
    0x3F, 0xFE, 0x30, 0x06, 0x3F, 0xFE, 0x3F, 0xFE, 0x30, 0x60, 0x3F, 0xFE, 0x3F, 0xFF, 0x30, 0x60,
    0x30, 0x60, 0x3F, 0xFE, 0x7F, 0xFE, 0x6C, 0x06, 0x6C, 0x06, 0xCF, 0xFE, 0x00, 0x00, 0x10, 0x00,
    0x3F, 0xFE, 0x30, 0x06, 0x30, 0x06, 0x3F, 0xFE, 0x33, 0x0C, 0x33, 0x1C, 0x3F, 0xFE, 0x33, 0x18,
    0x33, 0x18, 0x7F, 0xFF, 0x73, 0x18, 0x63, 0x18, 0x6E, 0x18, 0xCC, 0x18, 0x00, 0x00, 0x3F, 0xFE,
    0x7F, 0xFE, 0x01, 0x80, 0x01, 0x80, 0x01, 0x80, 0x01, 0x80, 0x01, 0x80, 0x01, 0x80, 0x01, 0x80,
    0x01, 0x80, 0x01, 0x80, 0x01, 0x80, 0xFF, 0xFF, 0x7F, 0xFF, 0x00, 0x00, 0x03, 0x00, 0x03, 0x00,
    0x06, 0x00, 0x7F, 0xFF, 0x7F, 0xFE, 0x0E, 0x00, 0x0C, 0x00, 0x0F, 0xFE, 0x1F, 0xFE, 0x18, 0x60,
    0x30, 0x60, 0x70, 0x60, 0xE0, 0x60, 0xCF, 0xFF, 0x0F, 0xFF, 0xFF, 0xF8, 0xFF, 0xF0, 0x00, 0x63,
    0x00, 0xC6, 0x01, 0x8F, 0xFF, 0x1F, 0xFE, 0x30, 0x0C, 0x60, 0x00, 0xC0, 0x09, 0x80, 0x1B, 0x00,
    0x37, 0xFF, 0xE7, 0xFF, 0x80, 0x03, 0x00, 0x03, 0x00, 0x7F, 0xFE, 0x7F, 0xFF, 0x06, 0xC0, 0x0C,
    0xC0, 0x1F, 0xFE, 0x3F, 0xFE, 0x78, 0xC6, 0xF8, 0xC6, 0x58, 0xC6, 0x18, 0xC6, 0x18, 0xC6, 0x18,
    0xDE, 0x00, 0xC0, 0x10, 0x0C, 0x1F, 0x3C, 0x07, 0xF0, 0x0F, 0xF8, 0x3F, 0x1C, 0x37, 0x0C, 0x7F,
    0xFF, 0x0E, 0xC0, 0x1F, 0xFC, 0x3F, 0xFE, 0x78, 0xC6, 0x78, 0xC6, 0x18, 0xC6, 0x18, 0xDE, 0x08,
    0xC0, 0x19, 0x98, 0x19, 0x98, 0xFF, 0xFF, 0x19, 0x98, 0x11, 0x18, 0x7F, 0xFE, 0x7F, 0xFE, 0x61,
    0x86, 0x7F, 0xFE, 0x7F, 0xFE, 0x31, 0x8C, 0x31, 0x8C, 0x31, 0x8C, 0x31, 0xBC, 0x01, 0x80, 0x00,
    0x00, 0x03, 0x18, 0x1F, 0xFF, 0xC0, 0xC6, 0x01, 0xFF, 0xC0, 0x80, 0x20, 0x7F, 0xF0, 0x20, 0x08,
    0x1F, 0xFC, 0x3F, 0xFF, 0x9F, 0xFF, 0xC3, 0xB1, 0x87, 0xFF, 0xF3, 0xCC, 0x78, 0x66, 0x30, 0x33,
    0x38, 0x7F, 0xFC, 0xFF, 0xF8, 0x0C, 0x01, 0x98, 0xC3, 0x31, 0x83, 0x66, 0x06, 0xCC, 0x01, 0x80,
    0xFF, 0xFF, 0xFF, 0xFC, 0x0C, 0x00, 0x18, 0x00, 0x30, 0x00, 0x60, 0x00, 0xC0, 0x00, 0x00, 0x00,
    0x0C, 0x18, 0x0C, 0x18, 0x06, 0x30, 0x7F, 0xFF, 0x7F, 0xFF, 0x0C, 0x30, 0x0C, 0x30, 0x0C, 0x30,
    0x7F, 0xFF, 0x7F, 0xFF, 0x0C, 0x30, 0x0C, 0x30, 0x18, 0x30, 0x78, 0x30, 0x70, 0x30, 0x00, 0x00,
    0x00, 0x80, 0x01, 0xC0, 0x3F, 0xFF, 0x7F, 0xFF, 0x60, 0x00, 0x6F, 0xFC, 0x60, 0x1C, 0x63, 0xF0,
    0x61, 0xE0, 0x7F, 0xFF, 0x7F, 0xFF, 0x60, 0xCE, 0x60, 0xCC, 0x60, 0xC0, 0xC0, 0xC0, 0xC7, 0xC0,
    0x00, 0x00, 0x00, 0x80, 0x01, 0xC0, 0x00, 0xC0, 0x7F, 0xFF, 0x7F, 0xFE, 0x60, 0x86, 0x6C, 0xC6,
    0x6C, 0xCE, 0x6E, 0xCC, 0x66, 0xCC, 0x66, 0x78, 0x66, 0x58, 0x60, 0x30, 0x60, 0x30, 0xDF, 0xFF,
    0xCF, 0xFE, 0x00, 0x00, 0x00, 0xC0, 0x3F, 0xFE, 0x7F, 0xFF, 0x60, 0xFC, 0x6F, 0xFE, 0x6C, 0x20,
    0x6C, 0x20, 0x6C, 0x30, 0x6F, 0xFF, 0x6F, 0xFE, 0x6C, 0x30, 0x6C, 0xD8, 0x6D, 0xFB, 0xCF, 0xEF,
    0xCE, 0x2F, 0x00, 0x00, 0x01, 0x80, 0x3F, 0xFE, 0x7F, 0xFF, 0x62, 0x10, 0x63, 0x18, 0x7F, 0xFE,
    0x63, 0x18, 0x63, 0x18, 0x63, 0xF8, 0x60, 0x00, 0x7F, 0xFC, 0x66, 0x1C, 0x63, 0xB8, 0x61, 0xF0,
    0xDF, 0xFF, 0xDC, 0x0E, 0x00, 0x20, 0x7C, 0x60, 0x7F, 0xFE, 0x18, 0x66, 0x18, 0x66, 0x37, 0xFF,
    0x78, 0x66, 0x7F, 0xFE, 0x0C, 0x60, 0x6F, 0xFE, 0x78, 0x60, 0x38, 0x60, 0x3F, 0xFF, 0x38, 0x60,
    0x7F, 0xFE, 0xE3, 0xFF, 0x40, 0x00, 0x7F, 0xFE, 0x7F, 0xFF, 0x04, 0x30, 0x04, 0x30, 0x04, 0x30,
    0x04, 0x30, 0x04, 0x30, 0x7F, 0xFF, 0x7F, 0xFE, 0x0C, 0x30, 0x0C, 0x30, 0x1C, 0x30, 0x38, 0x30,
    0x70, 0x30, 0x60, 0x30, 0x00, 0x00, 0x00, 0x00, 0x00, 0xD8, 0x00, 0xDC, 0x00, 0xC4, 0xFF, 0xFE,
    0x7F, 0xFE, 0x00, 0x60, 0x7F, 0x60, 0xFF, 0xE0, 0x18, 0x60, 0x18, 0x60, 0x18, 0x60, 0x18, 0xB2,
    0x1F, 0xB2, 0xFE, 0x1E, 0xE0, 0x1E, 0x00, 0x0B, 0xF8, 0xFF, 0xC6, 0x06, 0x30, 0x31, 0x9F, 0x8D,
    0xFC, 0x6C, 0x03, 0xC0, 0x1F, 0xF8, 0xDF, 0xC6, 0x06, 0x30, 0x31, 0x81, 0x8C, 0x7C, 0x67, 0xC3,
    0x00, 0x00, 0x79, 0x8E, 0xFC, 0xCC, 0x0C, 0xDC, 0x0D, 0xFE, 0x7F, 0xFE, 0x7B, 0x36, 0xC3, 0xFE,
    0xC3, 0x36, 0xFF, 0x36, 0xFF, 0xFE, 0x08, 0x30, 0x1F, 0xFF, 0x1B, 0xFE, 0x78, 0x30, 0x78, 0x30,
    0x00, 0x00, 0x03, 0x09, 0x8C, 0x37, 0x31, 0x8C, 0xC6, 0x1B, 0x30, 0x0C, 0x07, 0xFF, 0xDF, 0xFF,
    0x00, 0x0C, 0xFF, 0xF7, 0xFF, 0xC0, 0x03, 0x00, 0x0D, 0xFF, 0xF7, 0xFF, 0xC0, 0x00, 0x10, 0xFF,
    0xF0, 0x00, 0x61, 0xFF, 0xC7, 0xFF, 0x80, 0x03, 0x3F, 0xFF, 0xFF, 0xFF, 0x63, 0x9C, 0x77, 0x70,
    0x7F, 0xC0, 0xFB, 0x8F, 0xB3, 0xDC, 0x63, 0xC3, 0xC0, 0x00, 0x00, 0x08, 0x00, 0x1B, 0xFE, 0x3B,
    0x06, 0x73, 0x06, 0x63, 0xFE, 0x4F, 0x06, 0x1B, 0xFE, 0x38, 0x00, 0x7F, 0xFF, 0xFF, 0xFF, 0x58,
    0x0C, 0x1F, 0xFF, 0x19, 0x8C, 0x19, 0xCC, 0x18, 0xCC, 0x18, 0x38, 0x00, 0x00, 0x00, 0x00, 0x01,
    0x80, 0x7F, 0xFE, 0xFF, 0xFE, 0x18, 0x00, 0x18, 0x00, 0x18, 0x00, 0x1F, 0xFE, 0x1F, 0xFC, 0x03,
    0x80, 0x0D, 0xCC, 0x3C, 0xCE, 0x6C, 0x46, 0x6C, 0x1F, 0xCF, 0xFB, 0x4F, 0xF8, 0x10, 0x20, 0x18,
    0x10, 0x0C, 0x08, 0x06, 0x3F, 0xC7, 0xFF, 0xE3, 0xB1, 0x31, 0xD8, 0x99, 0xE0, 0xCC, 0x73, 0xFF,
    0x99, 0xFF, 0xCC, 0x1C, 0x06, 0x0F, 0x03, 0x0D, 0xC1, 0x8E, 0x70, 0xCE, 0x1E, 0x6E, 0x06, 0x00,
    0x00, 0x00, 0x0C, 0x00, 0x1F, 0xFC, 0x3F, 0xFE, 0x33, 0x66, 0xE6, 0x6E, 0x4C, 0xCE, 0x19, 0xCC,
    0x33, 0x8C, 0x07, 0x7C, 0x09, 0xB0, 0x6D, 0xCC, 0x6C, 0xC6, 0x6C, 0x1F, 0xCF, 0xFB, 0x0F, 0xF0,
    0x00, 0x80, 0x00, 0xC0, 0x00, 0x60, 0x0F, 0xFF, 0xE7, 0xFF, 0xF0, 0x1B, 0x00, 0x1D, 0xC0, 0x1F,
    0x70, 0x3D, 0xDE, 0x3C, 0x67, 0x90, 0x61, 0x07, 0xB9, 0xC3, 0xCE, 0x63, 0x62, 0x79, 0xBF, 0xEC,
    0xDF, 0xF6, 0x20, 0x80, 0x31, 0x80, 0x31, 0x80, 0x37, 0xFE, 0x7F, 0xFE, 0x79, 0x90, 0xFF, 0x10,
    0xFB, 0x76, 0xF3, 0xF6, 0x33, 0xF4, 0x36, 0xFC, 0x36, 0x30, 0x3C, 0x78, 0x38, 0xFC, 0x31, 0xCE,
    0x33, 0x86, 0x00, 0x00, 0x01, 0x80, 0x01, 0x80, 0x1F, 0xFC, 0x18, 0x0C, 0x1F, 0xFC, 0x18, 0x0C,
    0x1F, 0xFC, 0x18, 0x0C, 0x1F, 0xFC, 0x01, 0x80, 0x2D, 0xCC, 0x6C, 0xC6, 0x6C, 0x5E, 0xEF, 0xFB,
    0x4F, 0xF0, 0x10, 0x20, 0x18, 0x18, 0x0D, 0xFF, 0xC7, 0x06, 0x07, 0xFF, 0xF3, 0xE1, 0x81, 0xDF,
    0xFC, 0xEF, 0xFE, 0x73, 0xFE, 0x19, 0x83, 0x0C, 0xC1, 0x86, 0x7F, 0xC3, 0x30, 0x61, 0x9F, 0xF0,
    0xCC, 0x18, 0x66, 0x3C, 0x00, 0x00, 0x00, 0x10, 0x00, 0x31, 0xFE, 0x31, 0xFE, 0x31, 0xB6, 0x7F,
    0xFF, 0x7F, 0x36, 0x7F, 0xFE, 0x75, 0xFC, 0xF3, 0xFE, 0x33, 0x06, 0x33, 0x36, 0x33, 0x36, 0x33,
    0x66, 0x33, 0x7E, 0x33, 0xDE, 0x37, 0x87, 0x00, 0x00, 0x01, 0x80, 0x01, 0x80, 0x7F, 0xFE, 0x0C,
    0x30, 0x0C, 0x30, 0x7F, 0xFF, 0x00, 0x00, 0x1F, 0xFC, 0x18, 0x0C, 0x1F, 0xFC, 0x18, 0x0C, 0x1F,
    0xFC, 0x35, 0x8C, 0x3C, 0xDE, 0x6C, 0x36, 0x67, 0xF2, 0x10, 0x00, 0x19, 0xFF, 0x8C, 0xFF, 0xC7,
    0x7F, 0xE7, 0xF0, 0x33, 0xFF, 0xF9, 0xD0, 0x00, 0xEF, 0xFE, 0xF2, 0x4B, 0x19, 0xFF, 0x8C, 0x00,
    0x06, 0xFF, 0xE3, 0x1C, 0xE1, 0x87, 0xE0, 0xCF, 0xFC, 0x6F, 0x9F, 0x00, 0x00, 0x00, 0x00, 0x78,
    0x00, 0x7E, 0x1F, 0xFE, 0x3F, 0xFF, 0x30, 0x60, 0x30, 0x66, 0x3F, 0x66, 0x3F, 0x6C, 0x33, 0x6C,
    0x33, 0x78, 0x33, 0x38, 0x7F, 0x73, 0x6F, 0xFB, 0x61, 0xDF, 0xE1, 0x8E, 0x00, 0x00, 0x00, 0x58,
    0x00, 0x5E, 0x7F, 0xFE, 0xFF, 0xFE, 0x00, 0x64, 0x3F, 0x66, 0x33, 0x6C, 0x33, 0x6C, 0x33, 0x7C,
    0x3F, 0x78, 0x00, 0x30, 0x07, 0xF3, 0x7F, 0xFB, 0x79, 0xDF, 0x01, 0x8E, 0x04, 0x20, 0x0C, 0x2C,
    0x7F, 0xA6, 0x0C, 0x22, 0x7F, 0xFF, 0x7F, 0xFE, 0x3F, 0xB6, 0x3F, 0xF6, 0x72, 0x3E, 0x7F, 0xBC,
    0x32, 0x3C, 0x3F, 0x99, 0x32, 0x3B, 0x3F, 0xFF, 0x3F, 0xEF, 0x00, 0x00, 0x01, 0x80, 0x06, 0x01,
    0xFF, 0x8F, 0xFF, 0x30, 0x0C, 0xC0, 0x33, 0x00, 0xCF, 0xFF, 0x3F, 0xFC, 0xC0, 0x33, 0x00, 0x0C,
    0x00, 0x60, 0x01, 0x80, 0x0C, 0x00, 0x00, 0x00, 0x07, 0x0F, 0x7F, 0xFE, 0x70, 0xF0, 0x60, 0xC0,
    0x7F, 0xC0, 0x7F, 0xFF, 0x63, 0xFF, 0x63, 0xCC, 0x7F, 0xCC, 0x60, 0xCC, 0x60, 0xCC, 0x60, 0xCC,
    0x61, 0xCC, 0xE1, 0x8C, 0xC3, 0x0C, 0x00, 0x00, 0x00, 0x0C, 0x07, 0xFC, 0x3F, 0xF0, 0x01, 0x80,
    0x01, 0x80, 0x3F, 0xFE, 0x3F, 0xFE, 0x01, 0x80, 0x01, 0x80, 0x7F, 0xFF, 0x7F, 0xFF, 0x01, 0x80,
    0x01, 0x80, 0x01, 0x80, 0x07, 0x80, 0x0F, 0x80, 0x00, 0x00, 0x10, 0x00, 0x18, 0x00, 0x19, 0xFF,
    0x19, 0xFF, 0xFE, 0x18, 0x7C, 0x18, 0x18, 0x18, 0x18, 0x18, 0x1E, 0x18, 0xFE, 0x18, 0xF8, 0x18,
    0x18, 0x18, 0x18, 0x18, 0x18, 0x18, 0x18, 0x78, 0x70, 0x78, 0x00, 0x00, 0x10, 0x00, 0x30, 0x00,
    0x6F, 0xF8, 0xDF, 0xFF, 0xE0, 0x6F, 0x80, 0xC6, 0x01, 0x8C, 0x03, 0x1F, 0xFF, 0xFC, 0x0F, 0xE0,
    0x18, 0xC0, 0x31, 0x80, 0x63, 0x00, 0xDE, 0xFF, 0xB8, 0x03, 0x00, 0x00, 0x10, 0x40, 0x0C, 0x6C,
    0x06, 0x17, 0x03, 0x0D, 0xCF, 0xE7, 0xF3, 0xFF, 0xF8, 0x6F, 0x80, 0x30, 0xCC, 0x1E, 0x6E, 0x7E,
    0x36, 0x3E, 0x0E, 0x03, 0x07, 0x01, 0x87, 0x10, 0xCF, 0xD9, 0xEE, 0x7C, 0xE6, 0x1E, 0x00, 0x00,
    0x00, 0x10, 0x60, 0x0C, 0x30, 0x06, 0x0C, 0x03, 0x7F, 0xEF, 0xFF, 0xF3, 0xE0, 0x00, 0x63, 0xE0,
    0x31, 0xF8, 0x1E, 0xCC, 0x7F, 0x66, 0x3E, 0x33, 0x03, 0x31, 0x81, 0x98, 0xD0, 0xCC, 0x69, 0xEC,
    0x3C, 0xEC, 0x1E, 0x00, 0x00, 0x00, 0x10, 0x00, 0x19, 0xFE, 0x1B, 0xFE, 0x1B, 0x06, 0xFF, 0x3E,
    0x7F, 0x3E, 0x1B, 0x00, 0x1B, 0xFF, 0x1F, 0xFE, 0xFF, 0x66, 0xFB, 0x6E, 0x1B, 0x3C, 0x1B, 0x3C,
    0x1B, 0x3C, 0x7B, 0x7F, 0xF3, 0xE3, 0x00, 0x00, 0x00, 0x00, 0x18, 0xD8, 0x18, 0xCE, 0x1B, 0xFE,
    0xFF, 0xFF, 0x7C, 0x80, 0x19, 0x80, 0x19, 0xFE, 0x1D, 0xFE, 0xFD, 0xCC, 0xF9, 0xCC, 0x19, 0xFC,
    0x1B, 0x38, 0x1B, 0x78, 0x7E, 0xFE, 0x75, 0xC7, 0x00, 0x00, 0x10, 0x00, 0x1B, 0xFE, 0x1B, 0xFE,
    0x19, 0x8C, 0xFE, 0xDC, 0x7C, 0x78, 0x18, 0xF8, 0x1B, 0xDF, 0x1F, 0x27, 0x7D, 0xFC, 0xFB, 0xFE,
    0x18, 0x30, 0x1B, 0xFE, 0x1F, 0xFF, 0x78, 0x30, 0x70, 0x30, 0x10, 0x00, 0x30, 0x30, 0x30, 0x30,
    0x31, 0xFF, 0xFC, 0x30, 0x78, 0x30, 0x33, 0xFF, 0x33, 0xFF, 0x34, 0x06, 0x7D, 0xFF, 0xFB, 0xFF,
    0x70, 0x86, 0x30, 0xC6, 0x30, 0x66, 0x70, 0x5E, 0x70, 0x1C, 0x00, 0x00, 0x10, 0x00, 0x0C, 0xC0,
    0x06, 0x6F, 0x83, 0x3F, 0x8F, 0xF8, 0x13, 0xEC, 0x08, 0x67, 0xFC, 0x33, 0xFE, 0x1E, 0x00, 0x3E,
    0xFF, 0xBE, 0x60, 0xC3, 0x20, 0x61, 0x9F, 0xF0, 0xC8, 0x18, 0xE6, 0x0C, 0xE3, 0xFE, 0x00, 0x00,
    0x00, 0x10, 0x20, 0x18, 0x30, 0x1B, 0xFF, 0x1B, 0xFF, 0xFF, 0x63, 0x7F, 0x63, 0x1B, 0x63, 0x1B,
    0xFF, 0x1B, 0xFF, 0x3E, 0xCC, 0xFD, 0x8C, 0xD9, 0xFC, 0x18, 0x78, 0x18, 0x7C, 0x33, 0xEF, 0x73,
    0x83, 0x00, 0x00, 0x33, 0xFF, 0x19, 0xFF, 0x8C, 0xD8, 0xCF, 0xEC, 0x67, 0xCE, 0x01, 0x9F, 0xF0,
    0xC3, 0xC0, 0x7B, 0x60, 0x7D, 0xFF, 0x38, 0xFF, 0x0C, 0x0C, 0x06, 0xFF, 0xF3, 0x3F, 0xF3, 0x81,
    0x81, 0xC0, 0xC0, 0x30, 0xC0, 0x18, 0x60, 0x0C, 0x7F, 0x8F, 0xF3, 0x87, 0xFF, 0xE1, 0x9F, 0xF0,
    0xCC, 0xD8, 0x7E, 0x6C, 0x7F, 0x26, 0x7B, 0xFF, 0x8D, 0xFF, 0xC6, 0x1F, 0x03, 0x1D, 0xC3, 0xBC,
    0x79, 0xD8, 0x0C, 0x00, 0x00, 0x31, 0x00, 0x33, 0xFF, 0x33, 0x03, 0xFF, 0xFF, 0x7F, 0xFF, 0x33,
    0x18, 0x33, 0x18, 0x3F, 0xFF, 0x7F, 0x18, 0xF3, 0x18, 0x33, 0xFF, 0x33, 0xFF, 0x36, 0xC3, 0x76,
    0xC3, 0x76, 0xFF, 0x10, 0x00, 0x18, 0x78, 0x18, 0x78, 0x1B, 0xFF, 0x7F, 0xFF, 0x7C, 0x78, 0x18,
    0x78, 0x1B, 0xFF, 0x1D, 0xFE, 0x7C, 0x78, 0xFB, 0xFF, 0x1B, 0xFF, 0x18, 0x78, 0x18, 0x78, 0x38,
    0x78, 0x70, 0x78, 0x10, 0x20, 0x18, 0x18, 0x0C, 0xFF, 0xC6, 0x7F, 0xEF, 0xCC, 0xC3, 0xC6, 0x60,
    0xC3, 0x70, 0x67, 0xFE, 0x34, 0x60, 0x1E, 0x70, 0x3F, 0xFF, 0xEE, 0x39, 0x83, 0x1C, 0xC1, 0x87,
    0xC1, 0xCF, 0xF8, 0xEF, 0x8E, 0x00, 0x00, 0x00, 0x10, 0x20, 0x30, 0x60, 0x33, 0xFF, 0x33, 0xFF,
    0xFF, 0x03, 0x7A, 0xD9, 0x31, 0xCC, 0x33, 0x86, 0x3F, 0x03, 0x7F, 0xFE, 0xF3, 0xFE, 0x70, 0x30,
    0x30, 0x30, 0x30, 0x30, 0x77, 0xFF, 0x77, 0xFF, 0x10, 0x00, 0x30, 0xB0, 0x31, 0x98, 0x31, 0xFE,
    0xFF, 0xFF, 0x7F, 0x18, 0x37, 0x18, 0x37, 0xFE, 0x3F, 0xFE, 0x7F, 0x18, 0xF3, 0xFE, 0x33, 0xFE,
    0x33, 0x18, 0x33, 0x18, 0x73, 0xFF, 0xF3, 0xFF, 0x00, 0x00, 0x30, 0xCC, 0x30, 0xCC, 0x33, 0xFF,
    0xFF, 0xFF, 0x78, 0xCC, 0x30, 0xCC, 0x33, 0xFF, 0x3F, 0xFF, 0x7F, 0x33, 0xF3, 0x33, 0x33, 0xFF,
    0x33, 0x33, 0x33, 0x33, 0x73, 0xFF, 0x73, 0xFF, 0x00, 0x00, 0x30, 0x00, 0x18, 0xFF, 0x0C, 0x41,
    0x8F, 0xBF, 0xCF, 0xD0, 0x61, 0x8F, 0xF0, 0xCF, 0xFC, 0x7F, 0xFE, 0xFC, 0x30, 0x78, 0xD8, 0x0C,
    0x6F, 0x86, 0x76, 0x03, 0x3F, 0x03, 0xB7, 0xC1, 0xD9, 0xFE, 0x00, 0x00, 0x00, 0x00, 0x18, 0x3F,
    0x0C, 0x7F, 0x86, 0x06, 0x07, 0xC3, 0x03, 0xFF, 0xFC, 0xC0, 0xC0, 0x61, 0xE0, 0x37, 0xFF, 0x3F,
    0x99, 0x9C, 0xCC, 0xC6, 0x7F, 0xE3, 0x33, 0x31, 0x99, 0x98, 0xCF, 0xFC, 0xE7, 0xFE, 0x00, 0x00,
    0x00, 0x00, 0x00, 0x18, 0x78, 0x0C, 0xFF, 0xC6, 0x66, 0x67, 0xF3, 0x33, 0xFF, 0xF8, 0xCC, 0xCC,
    0x66, 0x66, 0x3F, 0xFF, 0x3E, 0x18, 0x1C, 0xFF, 0x86, 0x7F, 0xC3, 0x1C, 0xC1, 0x87, 0xC1, 0xCF,
    0xF8, 0xEF, 0x9E, 0x00, 0x00, 0x00, 0x00, 0x00, 0x30, 0x30, 0x33, 0xFF, 0x31, 0x8C, 0x7C, 0xCC,
    0x7F, 0xFF, 0x33, 0xFF, 0x33, 0x33, 0x3F, 0xFF, 0x7F, 0x33, 0xF3, 0xFB, 0x33, 0xFB, 0x33, 0xCB,
    0x33, 0xFB, 0x73, 0xC3, 0x73, 0x0E, 0x00, 0x00, 0x30, 0x00, 0x18, 0xFE, 0x0C, 0x63, 0x0F, 0xBF,
    0x87, 0xDF, 0xC1, 0x9E, 0xF8, 0xC9, 0x44, 0x7F, 0xBE, 0x7F, 0xFF, 0x38, 0x10, 0x0D, 0xFF, 0xC6,
    0x1F, 0x03, 0x1F, 0xC1, 0xBD, 0x39, 0xD8, 0x84, 0x00, 0x40, 0x0C, 0xC0, 0x4C, 0xC0, 0xCC, 0xC0,
    0xCC, 0xFE, 0xCD, 0xFE, 0xCD, 0xCC, 0xCF, 0xCC, 0xCF, 0xD8, 0xCC, 0x78, 0xDC, 0x78, 0xFC, 0x30,
    0xEC, 0x78, 0x0C, 0xFC, 0x0F, 0xCE, 0x0F, 0x86, 0x00, 0x00, 0x00, 0x60, 0xFE, 0xC0, 0xFE, 0xC0,
    0x06, 0xFE, 0x07, 0xFE, 0x07, 0xCC, 0xFF, 0xCC, 0xFF, 0xDC, 0xC0, 0x78, 0xC0, 0x78, 0xC0, 0x30,
    0xDE, 0x70, 0xFC, 0xF8, 0xF1, 0xCE, 0x83, 0x86, 0x00, 0x00, 0x00, 0x00, 0x0C, 0x18, 0x03, 0x0C,
    0x1F, 0xEC, 0x0F, 0xFF, 0xF1, 0x83, 0xF8, 0xC3, 0x98, 0x7F, 0xCC, 0x3F, 0xBC, 0x19, 0x9E, 0x0C,
    0xCF, 0x06, 0x63, 0x03, 0x33, 0xC3, 0x3B, 0xE1, 0xBF, 0x9D, 0x9F, 0x86, 0x00, 0x00, 0x00, 0x00,
    0x00, 0x0C, 0x18, 0x03, 0x0C, 0x0F, 0xF6, 0x07, 0xFB, 0xF1, 0xB3, 0xF8, 0xCD, 0x98, 0xC7, 0xCC,
    0xF7, 0xF6, 0x1F, 0x5E, 0x07, 0x0F, 0x01, 0xC3, 0x81, 0xE1, 0xC1, 0xD9, 0xE1, 0xCB, 0x9C, 0xC3,
    0x86, 0x00, 0x80, 0x00, 0x00, 0x00, 0x6D, 0x30, 0x6F, 0x30, 0x7F, 0x20, 0xFF, 0xFF, 0x1E, 0x7E,
    0x3F, 0x66, 0xED, 0xE4, 0x58, 0xFC, 0x18, 0xBC, 0x7F, 0x3C, 0x33, 0x18, 0x77, 0x18, 0x3E, 0x3C,
    0x3F, 0x66, 0xF3, 0xC7, 0x40, 0x81, 0x18, 0x30, 0x3F, 0xDF, 0x86, 0x1F, 0xCF, 0xFC, 0xC5, 0x9F,
    0x63, 0xF8, 0xE0, 0xF8, 0x71, 0xF6, 0xFE, 0xD8, 0xE3, 0x1F, 0xFF, 0x0F, 0xFF, 0x82, 0x3F, 0x81,
    0x98, 0x00, 0xCC, 0x03, 0xFF, 0xFD, 0xFF, 0xFE, 0x00, 0x00, 0x00, 0xC0, 0x00, 0x70, 0x00, 0x18,
    0x07, 0xFF, 0xF3, 0xFF, 0xF8, 0x30, 0x60, 0x18, 0x70, 0x06, 0x30, 0x03, 0xB8, 0x00, 0xF8, 0x00,
    0x38, 0x00, 0x3E, 0x00, 0x7B, 0xC1, 0xF0, 0x7C, 0xE0, 0x1E, 0x00, 0x00, 0x00, 0x00, 0x04, 0x0C,
    0x04, 0x1E, 0x64, 0x3F, 0x74, 0x73, 0xBC, 0xFF, 0x94, 0xFF, 0x44, 0x0C, 0xE4, 0x7F, 0x74, 0xFF,
    0xB4, 0x0C, 0x07, 0x6F, 0xFF, 0x6F, 0xF4, 0xED, 0x84, 0xCC, 0x04, 0x38, 0x04, 0x00, 0x00, 0x08,
    0x0F, 0xD7, 0xFF, 0xAF, 0x87, 0xF6, 0x0E, 0xEC, 0x1F, 0xFF, 0xF7, 0x3F, 0xEF, 0x66, 0xFF, 0xCD,
    0xF7, 0x9B, 0xA3, 0x36, 0x46, 0x6F, 0xEC, 0xDF, 0xF1, 0x80, 0x63, 0x00, 0x00, 0x00, 0x00, 0x18,
    0x06, 0x0C, 0x7E, 0x7F, 0xF8, 0x33, 0x60, 0x36, 0x60, 0x7F, 0xFF, 0xFF, 0xFF, 0x0C, 0x64, 0xFF,
    0xE4, 0x2E, 0x64, 0x2F, 0x64, 0x6F, 0x64, 0x6D, 0xC4, 0x4C, 0xC4, 0x1C, 0x84, 0x00, 0x80, 0x01,
    0x80, 0x00, 0xC0, 0x7F, 0xFF, 0x7F, 0xFF, 0x06, 0x00, 0x06, 0x00, 0x07, 0xFC, 0x07, 0xFC, 0x06,
    0x0C, 0x0E, 0x0C, 0x0C, 0x0C, 0x1C, 0x0C, 0x18, 0x1C, 0x70, 0xF8, 0x60, 0xF8, 0x00, 0x00, 0x7F,
    0xFC, 0x7F, 0xFE, 0x01, 0x80, 0x01, 0x80, 0x01, 0x00, 0x03, 0x00, 0xFF, 0xFF, 0x7F, 0xFF, 0x03,
    0xC0, 0x06, 0xC0, 0x06, 0xC0, 0x0C, 0xC2, 0x1C, 0xC3, 0x78, 0xFE, 0xF0, 0xFE, 0x40, 0x00, 0xFF,
    0xFF, 0xFF, 0xC0, 0x3C, 0x03, 0xC0, 0x3C, 0x03, 0xFF, 0xFC, 0x03, 0xC0, 0x3C, 0x03, 0xC0, 0x3F,
    0xFF, 0xFF, 0xFC, 0x03, 0x00, 0x00, 0x7F, 0xFC, 0x60, 0x0C, 0x60, 0x0C, 0x7F, 0xFC, 0x60, 0x0C,
    0x7F, 0xFC, 0x7F, 0xFC, 0x01, 0x80, 0x01, 0x80, 0xFF, 0xFF, 0xFF, 0xFE, 0x01, 0x80, 0x01, 0x80,
    0x01, 0x80, 0x00, 0x08, 0x00, 0x18, 0xFC, 0x18, 0xFC, 0x18, 0xCF, 0xFE, 0xCD, 0xFE, 0xCC, 0x18,
    0xFD, 0x98, 0xCD, 0xD8, 0xCC, 0xD8, 0xCC, 0x78, 0xCC, 0x58, 0xFC, 0x18, 0xF8, 0x18, 0xC0, 0x78,
    0x00, 0xF8, 0x00, 0x00, 0x01, 0xFF, 0xFB, 0xFF, 0xF6, 0x1E, 0x6C, 0x3C, 0xDF, 0xFF, 0xBF, 0xFF,
    0x61, 0xE6, 0xC3, 0xCD, 0xFF, 0xFB, 0xFF, 0xFE, 0x1E, 0x18, 0x3C, 0x70, 0x61, 0xC3, 0xC3, 0x0F,
    0x80, 0x00, 0x3F, 0xFC, 0x30, 0x0C, 0x3F, 0xFC, 0x30, 0x0C, 0x3F, 0xFC, 0x00, 0x00, 0x7F, 0xFF,
    0xFF, 0xFF, 0x19, 0x80, 0x19, 0xFE, 0x1D, 0x80, 0x3F, 0x80, 0x77, 0xFF, 0xE3, 0xFF, 0x40, 0x00,
    0x3F, 0xFC, 0x18, 0x06, 0x0C, 0x03, 0x07, 0xFF, 0x83, 0x00, 0xC1, 0xFF, 0xE0, 0x08, 0x80, 0x6C,
    0xCC, 0x36, 0x66, 0x0F, 0x36, 0x07, 0x9F, 0x00, 0xCC, 0x0F, 0xFF, 0xFF, 0xFF, 0xFC, 0x01, 0x0E,
    0xF9, 0x3E, 0xF9, 0x70, 0xDB, 0x60, 0xDF, 0xE0, 0xDB, 0x7F, 0xFB, 0xFF, 0xDB, 0xE4, 0xDF, 0xE4,
    0xDF, 0x64, 0xDF, 0x64, 0xFD, 0x64, 0xC1, 0x64, 0xC1, 0x64, 0x01, 0x44, 0x10, 0x00, 0x30, 0x00,
    0x3F, 0x7F, 0x6C, 0x67, 0x6C, 0x63, 0x7F, 0xE3, 0x1E, 0x63, 0x3F, 0x7F, 0x71, 0x00, 0x5F, 0xFC,
    0x18, 0x0C, 0x18, 0x0C, 0x1F, 0xFC, 0x18, 0x0C, 0x18, 0x0C, 0x1F, 0xFC, 0x00, 0x00, 0x00, 0x00,
    0x60, 0x7B, 0xFF, 0xF3, 0x06, 0x0D, 0x8F, 0xDF, 0xFF, 0xC6, 0x36, 0x7F, 0xEC, 0xFD, 0xD8, 0x33,
    0x30, 0xFF, 0xE1, 0x00, 0xC3, 0xFF, 0x84, 0x03, 0x08, 0x06, 0x1F, 0xFC, 0x00, 0x00, 0x7F, 0xFC,
    0xFF, 0xFE, 0x01, 0x80, 0x7F, 0xFC, 0x61, 0x8C, 0x61, 0x8C, 0x7F, 0xFC, 0x61, 0x8C, 0x61, 0x8C,
    0x7F, 0xFC, 0x33, 0x00, 0x1F, 0x00, 0x0E, 0x00, 0x7F, 0xFE, 0xF1, 0xFE, 0x00, 0x00, 0x1F, 0xFC,
    0x10, 0x0C, 0x1F, 0xFC, 0x10, 0x0C, 0x10, 0x0C, 0x1F, 0xFC, 0x7F, 0xFF, 0xFF, 0xFF, 0x33, 0x00,
    0x3F, 0xFE, 0x33, 0x66, 0x3F, 0x6C, 0x33, 0x3C, 0x7F, 0xFC, 0x73, 0xE7, 0x00, 0x00, 0x03, 0x00,
    0x03, 0x00, 0x7F, 0xFF, 0x7F, 0xFE, 0x0C, 0x00, 0x1F, 0xFC, 0x1F, 0xFC, 0x3C, 0x0C, 0x7F, 0xFC,
    0x4C, 0x0C, 0x0C, 0x0C, 0x0F, 0xFC, 0x0C, 0x0C, 0x0C, 0x3C, 0x0C, 0x3C, 0x3C, 0x02, 0x3F, 0x7F,
    0x99, 0xB0, 0xCC, 0xD8, 0x67, 0xEC, 0xF3, 0xF6, 0x01, 0x9B, 0xFC, 0xCD, 0xFE, 0x7E, 0xF3, 0x3F,
    0x6F, 0x19, 0xB7, 0x8C, 0xD9, 0x86, 0x6D, 0xE3, 0x77, 0xFB, 0x7B, 0xCC, 0x00, 0x00, 0x00, 0x00,
    0x31, 0xBF, 0x31, 0xFF, 0x7F, 0xE3, 0x31, 0xE3, 0x31, 0xFF, 0x3F, 0xFF, 0x31, 0xE3, 0x3F, 0xE3,
    0x31, 0xFF, 0x31, 0xFF, 0xFF, 0xE3, 0x7F, 0xE3, 0x3B, 0x63, 0x71, 0xEF, 0x61, 0xCF, 0x00, 0x00,
    0x01, 0x80, 0x00, 0xC0, 0x07, 0xFF, 0x07, 0xFF, 0xC0, 0x18, 0x00, 0x0C, 0x00, 0x06, 0x00, 0xFF,
    0xFE, 0x03, 0xE0, 0x03, 0xF8, 0x03, 0xEE, 0x03, 0xB3, 0x87, 0x98, 0xF3, 0x0C, 0x38, 0x06, 0x00,
    0x01, 0x80, 0x00, 0xC0, 0x0F, 0xFF, 0x8F, 0xFF, 0xE0, 0x18, 0x00, 0x0C, 0x00, 0x06, 0x00, 0x7F,
    0xFC, 0x3F, 0xFE, 0x03, 0xF8, 0x03, 0xEE, 0x03, 0xB3, 0x87, 0x98, 0xF3, 0x0C, 0x18, 0x06, 0x00,
    0x00, 0x80, 0x00, 0xC0, 0x00, 0x60, 0x07, 0xFF, 0xC7, 0xFF, 0xF0, 0x1F, 0x00, 0x1E, 0xC0, 0x1F,
    0x60, 0x0D, 0x98, 0x0C, 0xCE, 0x0E, 0x63, 0x8F, 0xFF, 0xE4, 0xFF, 0xB0, 0x0C, 0x00, 0x06, 0x00,
    0x08, 0x00, 0x0C, 0x7F, 0x06, 0x3F, 0x8F, 0xD8, 0xC7, 0xFC, 0x60, 0xC6, 0x30, 0x73, 0x18, 0x7D,
    0x8C, 0x3E, 0xC6, 0x3D, 0xE3, 0x1E, 0x31, 0x8B, 0x30, 0xE1, 0x98, 0x70, 0xDC, 0x38, 0x6C, 0x1C,
    0x00, 0x00, 0x03, 0x00, 0x03, 0x80, 0x03, 0xFE, 0x03, 0xC7, 0x07, 0x7F, 0x01, 0x1F, 0x00, 0xFF,
    0xF8, 0xF9, 0x3E, 0x41, 0x80, 0x1F, 0xFF, 0x03, 0x6C, 0x01, 0xB7, 0x01, 0x99, 0xC1, 0x8C, 0x70,
    0x8E, 0x10, 0x00, 0x00, 0x00, 0x00, 0x00, 0xC0, 0x00, 0x60, 0x07, 0xFF, 0xC3, 0xFF, 0xE0, 0xCC,
    0x60, 0x36, 0x70, 0x1B, 0x30, 0x7F, 0xFE, 0x3F, 0xFF, 0x80, 0xF8, 0x00, 0xFE, 0x00, 0xDB, 0x81,
    0xCC, 0x71, 0xC6, 0x1C, 0x83, 0x02, 0x10, 0x08, 0x18, 0xD8, 0x18, 0xCC, 0x7C, 0xCC, 0xFF, 0x8E,
    0x39, 0xA6, 0x3B, 0x77, 0x3F, 0x62, 0x7E, 0x60, 0x7C, 0xC8, 0xD8, 0xCC, 0xD9, 0xCC, 0x19, 0xBE,
    0x1B, 0xFE, 0x1B, 0x82, 0x00, 0x00, 0x08, 0x06, 0x0C, 0x7F, 0x86, 0x3E, 0x07, 0xD8, 0x07, 0xFC,
    0x00, 0xC7, 0xFC, 0x73, 0xFE, 0x7D, 0x98, 0x3F, 0xCC, 0x3D, 0x66, 0x1E, 0x33, 0x0B, 0x19, 0x81,
    0x98, 0xC0, 0xCC, 0x60, 0x64, 0x30, 0x1F, 0xFC, 0x1F, 0xFF, 0x0C, 0x21, 0x86, 0x30, 0xC3, 0xFF,
    0xE1, 0x84, 0x30, 0xFF, 0xF8, 0x03, 0x80, 0x3F, 0xFE, 0x3F, 0xFF, 0x80, 0xF8, 0x01, 0xF7, 0x03,
    0xC9, 0xE3, 0xC4, 0x39, 0x82, 0x04, 0x00, 0x00, 0x00, 0xC0, 0x00, 0x60, 0x0F, 0xFF, 0xE0, 0x7E,
    0x00, 0x7F, 0x80, 0x76, 0x70, 0xE3, 0x1E, 0x7F, 0xFB, 0x0C, 0x0C, 0x07, 0xFE, 0x03, 0x03, 0x01,
    0x81, 0x80, 0xFF, 0xC1, 0xFF, 0xF8, 0xFF, 0xFE, 0x10, 0x00, 0x19, 0xFE, 0x19, 0xFC, 0x7C, 0x00,
    0xFE, 0x00, 0x39, 0xFF, 0x3D, 0xFF, 0x7C, 0x60, 0x7F, 0xEC, 0xD9, 0xEC, 0xD9, 0xE6, 0x9B, 0x67,
    0x1F, 0x67, 0x1B, 0xE3, 0x18, 0xE0, 0x00, 0x00, 0x18, 0x84, 0x18, 0xCC, 0x18, 0xCC, 0xFD, 0xFE,
    0x7F, 0xFE, 0x38, 0x00, 0x3C, 0x00, 0x3E, 0x00, 0x7D, 0xFE, 0x78, 0xFC, 0xD8, 0x00, 0x98, 0x00,
    0x18, 0x00, 0x1B, 0xFF, 0x1B, 0xFE, 0x10, 0x00, 0x19, 0x86, 0x19, 0x8C, 0x18, 0xCC, 0xFF, 0xFE,
    0x7D, 0xFE, 0x38, 0x30, 0x39, 0xFC, 0x3F, 0xFE, 0x7C, 0x30, 0x78, 0x30, 0xDF, 0xFF, 0x5B, 0xFE,
    0x18, 0x30, 0x18, 0x30, 0x18, 0x30, 0x19, 0x00, 0x1B, 0xFE, 0x1B, 0x06, 0xFF, 0x06, 0xFF, 0xFE,
    0x3B, 0x06, 0x3B, 0x06, 0x7F, 0xFE, 0x7F, 0x62, 0x5B, 0x36, 0xDB, 0x3C, 0x9B, 0x18, 0x1B, 0x3C,
    0x1B, 0xEF, 0x1B, 0xC7, 0x00, 0x00, 0x10, 0x60, 0x18, 0xE0, 0x18, 0xFE, 0x7D, 0xFC, 0xFF, 0xCC,
    0x3B, 0x78, 0x38, 0x78, 0x3C, 0xFC, 0x7F, 0xCF, 0x7F, 0xFF, 0xD9, 0x86, 0xD9, 0x86, 0x19, 0x86,
    0x19, 0x86, 0x19, 0xFE, 0x00, 0x00, 0x0C, 0x00, 0x06, 0xFF, 0xC3, 0x7F, 0xCF, 0xFF, 0xE7, 0xFF,
    0xF0, 0xEC, 0x60, 0x7E, 0x30, 0x3F, 0xFE, 0x3F, 0x8C, 0x1E, 0xC6, 0x1B, 0x63, 0x0D, 0xBF, 0xF0,
    0xDF, 0xF0, 0x6F, 0xFE, 0x33, 0xFE, 0x10, 0x20, 0x1B, 0x33, 0x1B, 0x37, 0x7D, 0xB6, 0xFF, 0xBE,
    0x39, 0xBC, 0x3B, 0xFF, 0x3F, 0xFF, 0x7C, 0x03, 0x7D, 0xFF, 0xDB, 0xFF, 0xD8, 0x03, 0x18, 0x03,
    0x1B, 0xFF, 0x1B, 0xFF, 0x00, 0x00, 0x0C, 0x18, 0x06, 0x1C, 0x03, 0x1F, 0x0F, 0xDC, 0xC3, 0xFC,
    0x38, 0xFF, 0xFE, 0x7C, 0x00, 0x7D, 0x23, 0x3E, 0x9B, 0x1E, 0x6D, 0x9B, 0x36, 0x81, 0x99, 0xC0,
    0xC0, 0x40, 0x6F, 0xFC, 0x30, 0x00, 0x10, 0xCC, 0x08, 0x66, 0x04, 0xFF, 0xCF, 0x99, 0x8F, 0xCC,
    0xC3, 0xFF, 0xF0, 0xEC, 0x18, 0x77, 0xFC, 0x3F, 0x06, 0x3F, 0xFF, 0x1D, 0xFF, 0x9E, 0x0E, 0x0D,
    0x3F, 0xF0, 0x87, 0xC0, 0x47, 0x38, 0x2F, 0x0E, 0x00, 0x00, 0x00, 0x10, 0x88, 0x18, 0xCC, 0x1B,
    0xFF, 0xFE, 0xCC, 0xFF, 0xFF, 0x3B, 0xFF, 0x38, 0x30, 0x3F, 0xFF, 0x7F, 0x33, 0x7F, 0xFF, 0xDB,
    0x33, 0xDB, 0xFF, 0x1B, 0xFE, 0x1B, 0xCE, 0x1F, 0x07, 0x00, 0x00, 0x03, 0x80, 0xC3, 0x00, 0xF3,
    0xFC, 0x33, 0xFE, 0x06, 0x46, 0x06, 0xCC, 0x0C, 0xCC, 0x04, 0xEC, 0x18, 0xE0, 0x30, 0xE0, 0x71,
    0xF0, 0x61, 0xB0, 0xC3, 0x18, 0xCF, 0x0E, 0x1C, 0x06, 0x08, 0x00, 0x7F, 0xFE, 0x7F, 0xFE, 0x01,
    0x80, 0x01, 0x80, 0x11, 0x80, 0x19, 0x80, 0x19, 0xFE, 0x19, 0x80, 0x19, 0x80, 0x19, 0x80, 0x19,
    0x80, 0x19, 0x80, 0xFF, 0xFF, 0xFF, 0xFF, 0x04, 0x20, 0x06, 0x30, 0x03, 0x18, 0x01, 0x8C, 0x02,
    0xC6, 0x21, 0xE3, 0x38, 0xFF, 0xF8, 0x7E, 0xF0, 0x3C, 0x60, 0x1E, 0x30, 0x0F, 0x18, 0x07, 0x8C,
    0x03, 0xC6, 0x31, 0xEF, 0x19, 0xFE, 0xFD, 0xFC, 0x7E, 0x40, 0x00, 0x00, 0x01, 0x80, 0x27, 0xF0,
    0xCF, 0xE1, 0x9C, 0x03, 0x38, 0x1F, 0xFF, 0xFF, 0xFF, 0x84, 0xC4, 0x19, 0x98, 0x73, 0x71, 0xC7,
    0xC3, 0x0F, 0x00, 0x3C, 0x03, 0xF0, 0x3F, 0x00, 0x70, 0x00, 0x06, 0x48, 0x3E, 0xFC, 0x70, 0xCC,
    0x60, 0xCC, 0x7E, 0xCC, 0x61, 0xCF, 0x61, 0x80, 0x7E, 0x80, 0x7F, 0xFE, 0x60, 0xC6, 0x66, 0xEC,
    0xFE, 0x7C, 0xF0, 0x38, 0x60, 0xFE, 0x63, 0xCF, 0x01, 0x00, 0x0C, 0x00, 0x1F, 0xFE, 0x1F, 0xFF,
    0x30, 0x00, 0x78, 0x08, 0xFF, 0xFC, 0x5B, 0x8C, 0x18, 0xCC, 0xFF, 0xFF, 0x3B, 0x8C, 0x39, 0xCC,
    0x30, 0xCC, 0x3F, 0xFF, 0x1F, 0xFE, 0x00, 0x78, 0x00, 0x00, 0x00, 0x00, 0x60, 0xC0, 0x60, 0xC0,
    0x60, 0xC0, 0x60, 0xC6, 0x60, 0xDE, 0x7E, 0xF8, 0x7E, 0xF0, 0x60, 0xC0, 0x60, 0xC0, 0x60, 0xC0,
    0x60, 0xC6, 0x60, 0xC6, 0x6E, 0xC6, 0x7E, 0xFE, 0xF0, 0xFE, 0x00, 0x00, 0x00, 0x80, 0x00, 0xC0,
    0x00, 0x60, 0x00, 0x30, 0x00, 0x18, 0x63, 0xFE, 0x61, 0xFF, 0x60, 0x1F, 0xE0, 0x0D, 0xF0, 0x06,
    0xD8, 0x06, 0x66, 0x07, 0x33, 0x87, 0x18, 0xF7, 0x0C, 0x19, 0x1E, 0x00, 0x0F, 0x00, 0x30, 0x00,
    0x1F, 0xFF, 0x87, 0xFF, 0xC0, 0xC0, 0x64, 0x20, 0x13, 0x8F, 0xE0, 0xE7, 0xF0, 0x03, 0x18, 0x01,
    0x8C, 0x06, 0xC6, 0x06, 0x63, 0x07, 0x31, 0xB3, 0x38, 0xDB, 0xB8, 0x7D, 0x98, 0x3C, 0x00, 0x00,
    0x20, 0xF8, 0x3C, 0xFE, 0x06, 0x63, 0x00, 0x31, 0x84, 0x18, 0xF7, 0xB8, 0x7C, 0xF8, 0x00, 0x0F,
    0xFC, 0x0B, 0xFE, 0x0C, 0xC6, 0x06, 0x77, 0x06, 0x1F, 0x03, 0x0F, 0x83, 0x7E, 0xF9, 0xBC, 0x1C,
    0x30, 0x30, 0x3C, 0x30, 0x1D, 0xFC, 0x03, 0xFE, 0x40, 0x30, 0x70, 0x30, 0x38, 0x30, 0x17, 0xFF,
    0x03, 0xFF, 0x0C, 0xE0, 0x18, 0xCC, 0x19, 0xCC, 0x31, 0x9E, 0x73, 0xFE, 0x63, 0xC3, 0x00, 0x00,
    0x20, 0x60, 0x38, 0x60, 0x1C, 0x30, 0x07, 0xFF, 0x07, 0xFF, 0x60, 0x30, 0x78, 0x30, 0x10, 0x30,
    0x03, 0xFE, 0x0D, 0xFE, 0x18, 0x30, 0x38, 0x30, 0x30, 0x30, 0x77, 0xFF, 0x67, 0xFF, 0x60, 0x1E,
    0x7B, 0xFE, 0x1B, 0xF0, 0x00, 0x30, 0x00, 0x30, 0xE7, 0xFF, 0x70, 0x30, 0x10, 0x30, 0x00, 0x30,
    0x1B, 0xFE, 0x1B, 0xFE, 0x3B, 0x06, 0x33, 0x06, 0x63, 0xFE, 0x63, 0xFE, 0x00, 0x80, 0x61, 0xB0,
    0x38, 0xB8, 0x10, 0x8C, 0x07, 0xFE, 0xCF, 0xF8, 0xE0, 0xC0, 0x30, 0xFE, 0x0F, 0xFE, 0x0F, 0xC6,
    0x30, 0x6E, 0x30, 0x7C, 0x70, 0x73, 0x61, 0xF3, 0xEF, 0xBE, 0x46, 0x1E, 0x01, 0x02, 0x31, 0x83,
    0x39, 0x9B, 0x1F, 0xFB, 0x07, 0xFB, 0x60, 0xDB, 0x76, 0xDB, 0x33, 0xDB, 0x03, 0x9B, 0x11, 0x9B,
    0x19, 0xDB, 0x33, 0xDB, 0x36, 0x63, 0x6E, 0x03, 0x2C, 0x0E, 0x20, 0x20, 0x73, 0x36, 0x1B, 0x36,
    0x01, 0xBC, 0x01, 0x30, 0xE3, 0xFE, 0x73, 0xFE, 0x13, 0x06, 0x03, 0xFE, 0x1B, 0x06, 0x1B, 0x06,
    0x33, 0xFE, 0x33, 0x06, 0x63, 0x1E, 0x63, 0x1E, 0x00, 0x00, 0x30, 0x00, 0x1F, 0xFF, 0x87, 0x80,
    0xC0, 0xDB, 0x60, 0x1C, 0xE3, 0x9C, 0x38, 0xEC, 0xCC, 0x20, 0x60, 0x07, 0xFF, 0x0D, 0xFF, 0x86,
    0x3F, 0x06, 0x37, 0xC3, 0x73, 0x73, 0x31, 0x9D, 0x80, 0xC0, 0x70, 0x00, 0x1F, 0xFF, 0x86, 0x18,
    0x00, 0x18, 0x06, 0xFF, 0xF3, 0xBF, 0xF8, 0xC6, 0x30, 0x0E, 0xCE, 0x0E, 0x67, 0x0F, 0xBB, 0x0C,
    0xDF, 0xC6, 0xCF, 0x63, 0x67, 0x93, 0x03, 0x01, 0x87, 0x00, 0x00, 0x00, 0x30, 0x60, 0x1F, 0xFF,
    0x86, 0x1C, 0x00, 0x7F, 0xC4, 0x06, 0x03, 0xBF, 0xF8, 0xFF, 0xFC, 0x07, 0xFC, 0x0B, 0x06, 0x0D,
    0xFF, 0x06, 0xC1, 0x86, 0x60, 0xC3, 0x3F, 0xE3, 0x98, 0x31, 0x8C, 0x78, 0x00, 0x00, 0x63, 0x07,
    0x3D, 0x9F, 0x87, 0xFE, 0x00, 0xFE, 0x04, 0x7B, 0x03, 0xBD, 0xFC, 0xDE, 0xFC, 0x1F, 0xE4, 0x07,
    0xF2, 0x08, 0xF9, 0x0D, 0xFC, 0x87, 0xF6, 0x47, 0x1B, 0x23, 0x0F, 0x11, 0x87, 0x88, 0x00, 0x00,
    0x30, 0x00, 0x1D, 0xFF, 0x03, 0xC1, 0x80, 0x7F, 0xC4, 0x30, 0x63, 0x98, 0x30, 0xEF, 0xF8, 0x20,
    0x00, 0x00, 0x00, 0x07, 0xFF, 0x07, 0x95, 0x83, 0xCA, 0xC3, 0x65, 0x61, 0xB2, 0xB1, 0xBF, 0xFC,
    0x5F, 0xFE, 0x63, 0xFF, 0x3F, 0xFF, 0x87, 0x8C, 0x00, 0xC6, 0x00, 0x7F, 0xF7, 0xBC, 0x18, 0xDF,
    0xFC, 0x0F, 0x06, 0x07, 0xFF, 0x0F, 0x7F, 0x0F, 0xAD, 0x87, 0xDE, 0xC7, 0xDB, 0x33, 0x79, 0x99,
    0xE1, 0xC0, 0x00, 0x00, 0x20, 0x00, 0x73, 0xFC, 0x1B, 0x04, 0x0B, 0xE4, 0x03, 0x24, 0x67, 0xFF,
    0x7F, 0xFF, 0x17, 0xFF, 0x03, 0xFE, 0x1B, 0xFE, 0x1B, 0x06, 0x33, 0x06, 0x33, 0xFE, 0x63, 0x06,
    0x63, 0x1C, 0x00, 0x00, 0x20, 0x60, 0x38, 0x3F, 0x86, 0x18, 0x00, 0xFF, 0xE0, 0x7F, 0xF3, 0x33,
    0xD1, 0xDF, 0xE0, 0x2C, 0xCC, 0x06, 0x7E, 0x0F, 0x00, 0x0F, 0x9D, 0x06, 0xFB, 0xC7, 0xDD, 0xF3,
    0x7A, 0x39, 0xBD, 0xF4, 0x00, 0x00, 0x08, 0x00, 0x0C, 0xFF, 0x86, 0x7F, 0xC7, 0x61, 0x87, 0xB0,
    0xC3, 0xF0, 0x61, 0xF8, 0x30, 0xF0, 0x18, 0x18, 0x0C, 0x0C, 0x06, 0x07, 0x03, 0x07, 0xC1, 0x83,
    0x30, 0xC3, 0x83, 0xE1, 0x81, 0xE0, 0x00, 0x00, 0x01, 0x80, 0x01, 0xFE, 0x01, 0xFF, 0x01, 0x80,
    0x01, 0x80, 0x3F, 0xFC, 0x3F, 0xFC, 0x30, 0x0C, 0x30, 0x0C, 0x3F, 0xFC, 0x1F, 0xFC, 0x36, 0x6E,
    0x36, 0x66, 0x72, 0x33, 0x62, 0x33, 0x00, 0x00, 0x08, 0x20, 0x0C, 0x18, 0x06, 0x08, 0x0F, 0xFF,
    0xC3, 0xEF, 0xE0, 0xC3, 0x30, 0x7F, 0x98, 0xFF, 0xCC, 0x78, 0xF6, 0x0C, 0x7F, 0x8E, 0x71, 0xC7,
    0x70, 0xE1, 0x22, 0x61, 0xB9, 0xB1, 0xCC, 0xCC, 0xC6, 0x66, 0x00, 0x00, 0x00, 0x0C, 0x10, 0x18,
    0x1E, 0x1F, 0x9E, 0x31, 0xFF, 0x7F, 0xFF, 0x67, 0x38, 0xFE, 0x38, 0x1E, 0x3C, 0x1C, 0x6C, 0x38,
    0xE6, 0x73, 0xC7, 0x01, 0x02, 0x36, 0x6E, 0x76, 0x66, 0x62, 0x73, 0x42, 0x23, 0x00, 0x00, 0x61,
    0x80, 0xC3, 0x01, 0x86, 0x03, 0x0C, 0x07, 0xFF, 0xCF, 0xFF, 0x98, 0x00, 0x30, 0x00, 0x7F, 0xF0,
    0xFF, 0xE1, 0x81, 0xC7, 0x03, 0x8C, 0x07, 0x38, 0x0E, 0x60, 0x1C, 0x00, 0x00, 0x04, 0x00, 0x36,
    0x3F, 0x9B, 0x7F, 0xCD, 0xB0, 0x06, 0xD8, 0x03, 0xFF, 0xF1, 0xFF, 0xFC, 0xC3, 0xC6, 0x61, 0xE7,
    0x3F, 0xDB, 0x1F, 0xED, 0x8C, 0xF3, 0x86, 0x79, 0xC3, 0x3D, 0xE3, 0x1F, 0xDD, 0x8F, 0xC6, 0x00,
    0x00, 0x00, 0x3F, 0xFE, 0x3F, 0xFE, 0x00, 0x30, 0x18, 0x30, 0x18, 0x30, 0x18, 0x30, 0x1F, 0xFE,
    0x3F, 0xFF, 0x00, 0xF0, 0x01, 0xF0, 0x03, 0xB0, 0x0F, 0x30, 0x3C, 0x30, 0x70, 0xF0, 0x00, 0xF0,
    0x08, 0x20, 0x06, 0x36, 0x03, 0x1B, 0x89, 0x8C, 0xC6, 0xC6, 0x21, 0xE3, 0x00, 0xFF, 0xFC, 0x18,
    0xE0, 0x0C, 0x70, 0x1E, 0x38, 0x1F, 0x1E, 0x1D, 0x9B, 0x04, 0xDC, 0xC0, 0x6C, 0x70, 0x3C, 0x1C,
    0x1E, 0x06, 0x00, 0x88, 0x6C, 0xCC, 0x7C, 0xCC, 0x3F, 0xFF, 0x7B, 0xFE, 0xF8, 0xCC, 0x58, 0x88,
    0x1B, 0xFE, 0x1F, 0xFF, 0x3F, 0x37, 0x6F, 0x37, 0xEF, 0xFF, 0x0F, 0x37, 0x1B, 0x37, 0x7B, 0xFF,
    0x7B, 0xFF, 0x00, 0x00, 0x01, 0x80, 0x7F, 0xFE, 0x7F, 0xFF, 0x03, 0xA4, 0x73, 0x6E, 0x3F, 0xDC,
    0x07, 0xC8, 0x3B, 0x7C, 0x7F, 0xFE, 0x47, 0xB6, 0x7F, 0xFF, 0xFF, 0xFF, 0x01, 0x80, 0x01, 0x80,
    0x01, 0x80, 0x7D, 0xFC, 0xFF, 0xFE, 0x19, 0x86, 0x19, 0xB6, 0x19, 0xB6, 0x19, 0xB6, 0x7D, 0xB6,
    0x19, 0xA6, 0x19, 0xE6, 0x19, 0x74, 0x18, 0x70, 0x3E, 0xF3, 0xFC, 0xF3, 0xC3, 0xB3, 0x07, 0x1E,
    0x02, 0x00, 0x7D, 0xFE, 0x7F, 0xFF, 0x8C, 0xC4, 0xC6, 0x66, 0x63, 0x3F, 0xF1, 0x98, 0x99, 0xFC,
    0x4C, 0x67, 0xFE, 0x30, 0x38, 0x18, 0x18, 0x0D, 0x7F, 0xCF, 0xBF, 0xCF, 0x83, 0x00, 0x3F, 0xFC,
    0x1F, 0xFE, 0x3F, 0xFE, 0x7F, 0xFC, 0xC6, 0x19, 0x8C, 0x33, 0x18, 0x67, 0xFF, 0xCF, 0xFF, 0x98,
    0xC3, 0x31, 0x86, 0x7F, 0xFC, 0xFF, 0xF9, 0x8C, 0x36, 0x18, 0x6C, 0x33, 0xF0, 0x6F, 0x80, 0x00,
    0x02, 0x00, 0x0C, 0x01, 0xFF, 0xC7, 0xFF, 0xCC, 0x61, 0x98, 0xC3, 0x3F, 0xFE, 0x7F, 0xFC, 0xC6,
    0x19, 0xFF, 0xF3, 0xFF, 0xE6, 0x30, 0x20, 0x60, 0x60, 0x7F, 0x80, 0xFF, 0x00, 0xFF, 0xFE, 0xFF,
    0xFC, 0x3F, 0xC0, 0x7F, 0x9C, 0x99, 0x79, 0x32, 0xF3, 0xFD, 0xE4, 0xCB, 0xC9, 0x97, 0x9F, 0xEF,
    0x3F, 0xDE, 0x00, 0x3F, 0xFF, 0xEF, 0xFF, 0xC0, 0x1F, 0xFE, 0x1F, 0xFF, 0x0C, 0x31, 0x87, 0xFF,
    0xC3, 0x0C, 0x61, 0x86, 0x30, 0xFF, 0xF8, 0x3F, 0xF8, 0x0E, 0x3C, 0x3F, 0x1F, 0x9D, 0x8D, 0xC0,
    0xC6, 0x00, 0x63, 0x00, 0xE1, 0x80, 0xE0, 0xC0, 0x00, 0x00, 0x00, 0x00, 0x3F, 0xF9, 0xF7, 0xFB,
    0x02, 0x34, 0xCC, 0x69, 0xD8, 0xBF, 0xF1, 0x79, 0xDE, 0x03, 0x00, 0x7F, 0xF9, 0xFF, 0xF3, 0x18,
    0x67, 0xFF, 0xCC, 0x61, 0x9F, 0xFF, 0x3F, 0xFE, 0x00, 0x00, 0x00, 0x60, 0xFE, 0xE0, 0xFE, 0xFE,
    0xF7, 0xCC, 0xF7, 0xDC, 0xF7, 0x78, 0xFE, 0x70, 0xF6, 0xFC, 0xF7, 0xCE, 0xF7, 0xFF, 0xF7, 0xFE,
    0xFF, 0x86, 0xFD, 0x86, 0xC1, 0xFE, 0x01, 0xFE, 0x00, 0x00, 0x00, 0xC8, 0x3F, 0xEE, 0x09, 0xDE,
    0x86, 0xC6, 0xE1, 0xC3, 0xC1, 0xFF, 0xF1, 0xC0, 0x1D, 0xFF, 0xF6, 0x18, 0x18, 0x0C, 0x0C, 0x07,
    0xFE, 0x01, 0x86, 0x00, 0x63, 0x00, 0x33, 0x81, 0xFF, 0xFC, 0x00, 0x01, 0xFF, 0xFC, 0x0C, 0x00,
    0x18, 0x03, 0xFF, 0x87, 0xFF, 0x0C, 0x06, 0x18, 0x0C, 0x3F, 0xF8, 0x7F, 0xF0, 0xC0, 0x61, 0x80,
    0xC3, 0x01, 0x87, 0xFF, 0x0F, 0xFE, 0x00, 0x18, 0xC0, 0x61, 0x81, 0xC3, 0xF7, 0xFF, 0xFC, 0x78,
    0x78, 0xE0, 0xF1, 0xF1, 0xFF, 0x63, 0xC6, 0x67, 0x8C, 0xEF, 0x18, 0xFE, 0x30, 0x6F, 0xE0, 0xDF,
    0xCF, 0xB0, 0x1F, 0x60, 0x00, 0x00, 0x80, 0x01, 0x80, 0x1F, 0xFC, 0x19, 0x8C, 0x19, 0xCC, 0x18,
    0xEC, 0xFF, 0xFF, 0x1B, 0x0C, 0x39, 0xCC, 0x70, 0xFC, 0x60, 0x18, 0x3F, 0xFC, 0x33, 0x6C, 0x33,
    0x6C, 0x33, 0x6C, 0x7F, 0xFF, 0x7F, 0xFF, 0xFF, 0xFF, 0xFF, 0xC0, 0x3C, 0x03, 0xFF, 0xFF, 0xFF,
    0xC0, 0x3C, 0x03, 0xFF, 0xFC, 0x03, 0xC0, 0x3C, 0x03, 0xFF, 0xFC, 0x03, 0x01, 0x80, 0x01, 0x80,
    0x7F, 0xFF, 0x01, 0x80, 0x1F, 0xFC, 0x18, 0x0C, 0x1F, 0xFC, 0x18, 0x0C, 0x18, 0x0C, 0x1F, 0xFC,
    0x18, 0x0C, 0x1F, 0xFC, 0x18, 0x0C, 0xFF, 0xFF, 0xFF, 0xFF, 0x00, 0x7C, 0x3F, 0xFE, 0x03, 0x00,
    0x3F, 0xFE, 0x03, 0x00, 0x7F, 0xFF, 0x0E, 0x00, 0x0F, 0xFC, 0x1C, 0x0C, 0x3F, 0xFC, 0x7C, 0x0C,
    0x6C, 0x0C, 0x0F, 0xFC, 0x0C, 0x0C, 0x0F, 0xFC, 0x03, 0xFC, 0xFF, 0xFE, 0xFF, 0x06, 0xCF, 0x06,
    0xCF, 0xFE, 0xFF, 0xFE, 0xCF, 0x30, 0xCF, 0xFE, 0xFF, 0xFF, 0xCF, 0x30, 0xCF, 0x30, 0xCF, 0x30,
    0xFF, 0x1B, 0xC3, 0xFF, 0xC7, 0xEF, 0x02, 0x00, 0x00, 0x00, 0x0C, 0x18, 0x0E, 0x30, 0x7F, 0xFE,
    0x01, 0x80, 0x3F, 0xFC, 0x03, 0x00, 0x7F, 0xFF, 0x0E, 0x00, 0x0F, 0xFC, 0x1C, 0x0C, 0x3F, 0xFC,
    0xEC, 0x0C, 0x4F, 0xFC, 0x0C, 0x0C, 0x0F, 0xFC, 0x00, 0x00, 0x00, 0x7D, 0xF7, 0xFB, 0xE1, 0x86,
    0xDF, 0xED, 0xFF, 0xFF, 0xFF, 0xF6, 0x5A, 0x6F, 0xFF, 0xFF, 0xFF, 0xB2, 0xD3, 0x7F, 0xFE, 0xFF,
    0xFF, 0x86, 0x18, 0x0C, 0x30, 0xFF, 0x81, 0xFE, 0x30, 0xFF, 0x18, 0xFF, 0x8F, 0x80, 0x0F, 0xCF,
    0xC7, 0x8F, 0xF3, 0xC6, 0x19, 0xFB, 0x0C, 0xFF, 0xFE, 0x18, 0xFF, 0x0C, 0x23, 0x07, 0x31, 0x83,
    0xCC, 0xC3, 0x66, 0xC3, 0x9F, 0xF9, 0x87, 0xFE, 0x00, 0x00, 0x7C, 0x00, 0x7F, 0xFE, 0x30, 0xFE,
    0x30, 0xC6, 0x30, 0x8E, 0x3C, 0x8C, 0x7F, 0x8C, 0x67, 0xFF, 0xE6, 0x03, 0x66, 0x03, 0x27, 0xFF,
    0x27, 0xFF, 0x3E, 0x02, 0x3C, 0x06, 0x20, 0x1E, 0x00, 0x00, 0x00, 0x40, 0x7E, 0x60, 0x7E, 0xFC,
    0x30, 0xCC, 0x31, 0x98, 0x33, 0xFF, 0x33, 0xFF, 0x7D, 0x93, 0x65, 0xFF, 0xE5, 0x93, 0x65, 0x93,
    0x25, 0xFF, 0x25, 0xFF, 0x3F, 0x93, 0x3F, 0x13, 0x23, 0x1F, 0x00, 0x00, 0x3F, 0xFC, 0x1F, 0xFC,
    0x00, 0x00, 0x00, 0x00, 0x7F, 0xFF, 0x7F, 0xFF, 0x01, 0x80, 0x19, 0x98, 0x19, 0x9C, 0x31, 0x8C,
    0x71, 0x86, 0x61, 0x87, 0x47, 0x82, 0x0F, 0x80, 0x00, 0x00, 0x0C, 0x18, 0x0C, 0x18, 0x7F, 0xFF,
    0x1C, 0x3C, 0x3F, 0x7E, 0x7F, 0xFF, 0x6D, 0xDB, 0x08, 0x18, 0x1F, 0xFC, 0x00, 0x00, 0x7F, 0xFF,
    0x09, 0x98, 0x19, 0x9C, 0x71, 0x8E, 0x67, 0x82, 0x00, 0x00, 0x0E, 0x30, 0x3F, 0x18, 0x1E, 0x0D,
    0x83, 0x1E, 0xC7, 0xEF, 0x33, 0xFF, 0x98, 0x76, 0xCC, 0x3F, 0x62, 0x3E, 0x33, 0x1D, 0x1B, 0x1E,
    0x07, 0x8B, 0x03, 0x81, 0x83, 0x80, 0xCF, 0x80, 0x6F, 0x00, 0x0E, 0x40, 0x3F, 0x60, 0x0E, 0x3F,
    0xE3, 0x1F, 0xE3, 0xF9, 0xB3, 0xFC, 0xD0, 0x67, 0x78, 0x39, 0xBC, 0x3E, 0xDB, 0x1D, 0x6D, 0x9E,
    0x66, 0xCB, 0x33, 0x71, 0x91, 0x90, 0xC3, 0xC0, 0x61, 0xC0, 0x00, 0x00, 0x1C, 0x30, 0x7C, 0x60,
    0x78, 0xFE, 0x1B, 0x8E, 0x7F, 0xFC, 0xFE, 0x78, 0x3B, 0xF8, 0x3B, 0xF2, 0x7C, 0x7F, 0x7D, 0xC7,
    0xDB, 0xE6, 0xD9, 0x7C, 0x18, 0x38, 0x19, 0xF0, 0x1B, 0x80, 0x00, 0x00, 0x06, 0x00, 0x3F, 0x7F,
    0x9E, 0x30, 0xC3, 0x18, 0x67, 0xEC, 0x33, 0xF7, 0xF8, 0x60, 0x00, 0x3B, 0xFE, 0x3F, 0xFF, 0x1F,
    0x0C, 0x1E, 0x86, 0x0F, 0x3F, 0xE5, 0x81, 0x80, 0xC0, 0xC0, 0x6F, 0xFE, 0x03, 0xFE, 0x00, 0x00,
    0x06, 0x00, 0x0E, 0x07, 0xFF, 0xEF, 0xFF, 0xD9, 0xDC, 0xA7, 0x1D, 0x3C, 0x1E, 0xE0, 0x0C, 0x7F,
    0xF0, 0xFF, 0xE0, 0x18, 0x00, 0x30, 0x00, 0x60, 0x3F, 0xFF, 0x7F, 0xFE, 0x00, 0x00, 0x06, 0x00,
    0x0C, 0x00, 0x0C, 0x0F, 0xFF, 0xEF, 0xFF, 0x86, 0x0C, 0x0C, 0x18, 0x18, 0x30, 0x38, 0xC0, 0x31,
    0x80, 0x63, 0x00, 0xCC, 0x00, 0x18, 0x3F, 0xFF, 0xFF, 0xFF, 0x4F, 0xFC, 0x9F, 0xF9, 0x36, 0x72,
    0x6E, 0xC4, 0xCF, 0x09, 0x9E, 0x13, 0xFF, 0x27, 0xCF, 0x03, 0x00, 0xFF, 0xFB, 0xFF, 0xF8, 0xC1,
    0x81, 0x83, 0x1F, 0xFF, 0xFF, 0xFF, 0x80, 0x01, 0x80, 0x00, 0xE0, 0x0F, 0xFF, 0x81, 0x83, 0x00,
    0x63, 0x83, 0xFF, 0xF8, 0x00, 0x00, 0x3F, 0xFC, 0x18, 0x0E, 0x0F, 0xFF, 0x06, 0x03, 0x83, 0xFF,
    0x80, 0x1C, 0x03, 0xFF, 0xF8, 0x07, 0x00, 0x03, 0x80, 0x10, 0x10, 0x19, 0x93, 0x19, 0x93, 0x7F,
    0x93, 0x7F, 0xFF, 0x65, 0xFE, 0x6F, 0xFF, 0x2D, 0xFE, 0x2D, 0xFF, 0x3D, 0xFF, 0x3D, 0xAB, 0x3F,
    0xAB, 0x7F, 0xAB, 0x41, 0xAB, 0x01, 0xAF, 0x00, 0x00, 0x10, 0x60, 0x30, 0x60, 0x3F, 0xFF, 0x6D,
    0xD8, 0x6D, 0x98, 0x0C, 0x0C, 0x1B, 0xFE, 0x3F, 0xFF, 0x78, 0x0C, 0x79, 0x0C, 0x59, 0x8C, 0x18,
    0xCC, 0x18, 0x8C, 0x18, 0x7C, 0x18, 0x78, 0x00, 0x00, 0x18, 0x60, 0x18, 0x60, 0x3F, 0xFF, 0x3C,
    0xD8, 0x67, 0xD8, 0x7F, 0xFC, 0x3F, 0xFC, 0x01, 0x8C, 0x3F, 0xFC, 0x31, 0x80, 0x31, 0x80, 0x3F,
    0xFE, 0x03, 0x86, 0x0F, 0x86, 0x1D, 0x8C, 0x71, 0xBC, 0x00, 0x00, 0x10, 0x60, 0x18, 0x30, 0x0F,
    0xFF, 0xCD, 0xBB, 0x0E, 0xD8, 0xC2, 0x3E, 0x40, 0x3D, 0xC0, 0x78, 0x7C, 0xFF, 0xFF, 0x20, 0x81,
    0x86, 0x63, 0x03, 0x33, 0x80, 0xCD, 0x80, 0x67, 0xC1, 0xFF, 0xF8, 0xFF, 0xFE, 0x18, 0x20, 0x18,
    0x60, 0x3F, 0xFF, 0x3E, 0xFC, 0x66, 0xCC, 0x74, 0x0C, 0x1B, 0xFE, 0x7F, 0xFE, 0x60, 0x06, 0x67,
    0xF6, 0x66, 0x36, 0x67, 0xF6, 0x66, 0x36, 0x67, 0xF6, 0x60, 0x06, 0x60, 0x1E, 0x00, 0x00, 0x10,
    0x40, 0x30, 0x60, 0x3F, 0xFF, 0x6D, 0xD8, 0xED, 0x98, 0x1F, 0xFC, 0x1F, 0xFC, 0x1F, 0xFC, 0x1F,
    0xFC, 0x18, 0x0C, 0x1F, 0xFC, 0x06, 0x30, 0x7F, 0xFF, 0x0E, 0x30, 0x3C, 0x30, 0x70, 0x30, 0x00,
    0x00, 0x10, 0x20, 0x30, 0x60, 0x3F, 0xFF, 0x6C, 0xF8, 0x67, 0xCC, 0x44, 0xC0, 0x7F, 0xFF, 0x60,
    0x03, 0x3F, 0xFF, 0x18, 0x0C, 0x1F, 0xFC, 0x18, 0x00, 0x1F, 0xFC, 0x18, 0x04, 0x18, 0x04, 0x1F,
    0xFC, 0x00, 0x00, 0x10, 0x20, 0x18, 0x60, 0x3F, 0xFF, 0x7F, 0xDC, 0x6C, 0x9C, 0x0C, 0x38, 0x7F,
    0xFF, 0x00, 0x00, 0x3F, 0x06, 0x3F, 0x36, 0x3F, 0x36, 0x3F, 0x36, 0x33, 0x36, 0x3F, 0x36, 0x33,
    0x06, 0x37, 0x1E, 0x00, 0x00, 0x18, 0x20, 0x18, 0x60, 0x3F, 0x7F, 0x7C, 0xD8, 0x7E, 0xEC, 0x7C,
    0x6C, 0x7F, 0xFF, 0x18, 0x6C, 0x7F, 0xFF, 0x7F, 0xFF, 0x7E, 0xFE, 0x3C, 0xC6, 0x3E, 0xC6, 0x7B,
    0xFE, 0xFA, 0xC6, 0x58, 0xFE, 0x08, 0x7C, 0x3D, 0xFF, 0x1E, 0xF1, 0x87, 0x58, 0xC3, 0xEC, 0x61,
    0xF7, 0xF1, 0xFF, 0xF8, 0x39, 0x8C, 0x1E, 0xC6, 0x1F, 0xFF, 0x0E, 0xFF, 0x8F, 0x18, 0xC7, 0x8C,
    0x60, 0xC6, 0x30, 0x6F, 0xFC, 0x00, 0x00, 0x1F, 0xF1, 0xFF, 0xC0, 0x30, 0x00, 0xC7, 0x07, 0x3C,
    0x0F, 0xF0, 0x1F, 0x98, 0x1C, 0x38, 0xFF, 0xF9, 0xFE, 0x38, 0xCB, 0x83, 0x93, 0x8E, 0x23, 0xB9,
    0xC3, 0x87, 0x80, 0x00, 0x00, 0x00, 0x80, 0x01, 0x80, 0x7F, 0xFF, 0x01, 0x80, 0x7F, 0xFF, 0x7F,
    0xFF, 0x6F, 0x33, 0x5F, 0xF2, 0x1F, 0xD8, 0x1F, 0x7C, 0x3F, 0xFE, 0x3C, 0xD6, 0x1C, 0xFC, 0x79,
    0xCE, 0x67, 0x86, 0x00, 0x00, 0x5B, 0xFD, 0xB7, 0xFB, 0x67, 0x66, 0xC7, 0xCD, 0x9F, 0x0B, 0xFF,
    0xC3, 0x93, 0x0E, 0xF0, 0x3F, 0xE0, 0x7E, 0x71, 0xFF, 0xF3, 0xFF, 0xF1, 0x9F, 0x4F, 0x37, 0xB9,
    0xC3, 0x00, 0x00, 0x00, 0x20, 0x0C, 0x36, 0x06, 0x1B, 0x86, 0x0C, 0xC3, 0x7F, 0xE3, 0x7F, 0xC3,
    0xF0, 0xC0, 0xF0, 0xFE, 0x39, 0xFC, 0x1F, 0xD9, 0x9F, 0x8D, 0x8C, 0x07, 0xC0, 0x63, 0xC3, 0xF3,
    0xCB, 0xCF, 0xBC, 0x07, 0x1E, 0x08, 0x00, 0x1D, 0xFF, 0x19, 0xFF, 0x39, 0xB3, 0x31, 0xB3, 0x67,
    0xB3, 0xFF, 0xB3, 0x7D, 0xB3, 0x19, 0xFF, 0x33, 0xB3, 0x7F, 0xB3, 0x79, 0xB3, 0x01, 0xB3, 0x1F,
    0xB3, 0xFF, 0xFF, 0xE1, 0xFF, 0x18, 0x60, 0x0C, 0x31, 0x0E, 0x3F, 0xC6, 0x38, 0xC7, 0x7E, 0xE3,
    0xF9, 0xE3, 0xF0, 0xE0, 0x31, 0xFC, 0x33, 0xC7, 0xBF, 0xDC, 0xDF, 0x0F, 0x00, 0x01, 0x81, 0xEF,
    0x07, 0xF3, 0xE1, 0x80, 0x38, 0x00, 0x04, 0x00, 0x10, 0x18, 0x30, 0x18, 0x30, 0x31, 0xFF, 0x37,
    0xFE, 0x66, 0x30, 0xFC, 0x30, 0x7D, 0xFF, 0x39, 0xFF, 0x76, 0x00, 0x7F, 0xFF, 0x79, 0x83, 0x01,
    0x83, 0x1F, 0x83, 0xFF, 0xFF, 0xF1, 0xFF, 0x18, 0x60, 0x0C, 0x7F, 0x06, 0x3F, 0xC6, 0x38, 0xC7,
    0x7E, 0xE3, 0xFB, 0xE3, 0xF1, 0xE0, 0x33, 0xFE, 0x3F, 0x87, 0xBE, 0xFF, 0xB8, 0x7F, 0xC0, 0xF0,
    0x67, 0xF8, 0x37, 0x8F, 0xF8, 0x06, 0x0C, 0x00, 0x00, 0x18, 0x30, 0x0C, 0x18, 0x0E, 0x7F, 0xC6,
    0xBF, 0xE7, 0x66, 0xC7, 0xE6, 0x73, 0xF7, 0xF8, 0x37, 0xFE, 0x3E, 0xDB, 0x3F, 0x6C, 0x1C, 0x36,
    0x00, 0xDB, 0x23, 0xF9, 0x97, 0xDC, 0xD9, 0x1C, 0x7C, 0x00, 0x00, 0x00, 0x08, 0x0C, 0x84, 0x06,
    0x5A, 0xC6, 0x2D, 0x63, 0x72, 0xE3, 0x79, 0x43, 0xF7, 0xFC, 0xF2, 0x38, 0x31, 0x3E, 0x3F, 0x9F,
    0x9F, 0xDA, 0xCC, 0x29, 0x20, 0x70, 0x83, 0xF8, 0x41, 0xC7, 0xFC, 0x03, 0xFC, 0x18, 0x30, 0x18,
    0x33, 0x31, 0xFE, 0x34, 0x3E, 0x66, 0x3C, 0x7F, 0xFF, 0x7B, 0xFF, 0x18, 0xE0, 0x31, 0xFF, 0x7F,
    0xC3, 0x7A, 0xC3, 0x00, 0xFF, 0x1E, 0xC3, 0x7E, 0xC3, 0x60, 0xFF, 0x00, 0x00, 0x18, 0x30, 0x18,
    0x30, 0x19, 0xFE, 0x34, 0x30, 0x3F, 0xFF, 0x7D, 0xFE, 0xF8, 0xF6, 0x31, 0x76, 0x3D, 0xB0, 0x7C,
    0xF0, 0xF3, 0xFF, 0x0C, 0x70, 0x7C, 0xFC, 0xF1, 0xCE, 0x03, 0x87, 0x02, 0x02, 0x00, 0x00, 0x0C,
    0x3C, 0x06, 0x37, 0x06, 0x1F, 0xE3, 0x5F, 0xF3, 0x7C, 0xC3, 0xFE, 0x61, 0xF7, 0xFE, 0x39, 0xFE,
    0x18, 0xCC, 0x1F, 0x7F, 0x8F, 0x3F, 0xE0, 0x19, 0x81, 0xFC, 0xC3, 0xF7, 0xFE, 0x83, 0xFE, 0x18,
    0x3E, 0x0D, 0xFF, 0x0E, 0x6D, 0x86, 0xB6, 0xC7, 0x7F, 0xF3, 0xFF, 0xFB, 0xE3, 0x00, 0x77, 0xFE,
    0x34, 0xC0, 0x3F, 0x7F, 0x1C, 0x71, 0x80, 0xBD, 0x83, 0xF7, 0xC7, 0xBB, 0xF1, 0x1F, 0xBC, 0x01,
    0x02, 0x18, 0x30, 0x18, 0x30, 0x33, 0xFF, 0x33, 0x03, 0x6F, 0x83, 0x7F, 0xFF, 0xFB, 0xFE, 0x3B,
    0xFF, 0x37, 0xAB, 0x7F, 0xAB, 0x7B, 0xAB, 0x47, 0xFF, 0x7F, 0xAB, 0xF6, 0xAB, 0x06, 0xAF, 0x00,
    0x20, 0x00, 0x10, 0x0D, 0x0C, 0x0C, 0xCF, 0xC6, 0x6E, 0xC3, 0xFF, 0xE3, 0x60, 0xE3, 0xF1, 0xFD,
    0xFF, 0xF6, 0x33, 0x7F, 0x38, 0x8C, 0x1F, 0x5F, 0x8E, 0x23, 0x00, 0x5F, 0xF3, 0xFC, 0xC3, 0xFF,
    0xE4, 0x0C, 0xFF, 0x00, 0x00, 0x00, 0x18, 0x20, 0x18, 0x30, 0x33, 0xFF, 0x33, 0x03, 0x6F, 0x83,
    0x7D, 0xFF, 0xFB, 0x18, 0x3B, 0x7F, 0x3F, 0x63, 0x7F, 0x63, 0xE3, 0x7F, 0x0F, 0x63, 0x7F, 0x63,
    0xF3, 0x63, 0xC3, 0x7F, 0x00, 0x00, 0xFF, 0xFF, 0xFF, 0xFF, 0x08, 0xDE, 0xBD, 0xBF, 0xFB, 0x7B,
    0xDE, 0xF3, 0x99, 0xE7, 0x3B, 0xCF, 0x77, 0xB7, 0xBF, 0xE7, 0x5F, 0x8C, 0x3C, 0x01, 0xF8, 0x07,
    0xC0, 0x7F, 0xFE, 0x7F, 0xFE, 0x7F, 0xFE, 0x01, 0x80, 0x7F, 0xFF, 0x01, 0x80, 0x1F, 0xFC, 0x18,
    0x0C, 0x1F, 0xFC, 0x1F, 0xFC, 0x1F, 0xFC, 0x1F, 0xFC, 0x18, 0x0C, 0x7F, 0xFF, 0x00, 0x00, 0x1F,
    0x00, 0x7F, 0xFF, 0x2B, 0x1B, 0x3B, 0x5B, 0xFF, 0x5F, 0x1E, 0x7F, 0x3F, 0x7F, 0xE9, 0x9B, 0xFF,
    0x3F, 0x7F, 0xFF, 0x69, 0xFF, 0x7F, 0xDB, 0x69, 0x9B, 0x7F, 0xBF, 0x7F, 0xFF, 0x00, 0x00, 0x03,
    0x02, 0x03, 0x06, 0x3F, 0xFC, 0x03, 0x38, 0x03, 0x70, 0x7F, 0xFF, 0x7F, 0xFF, 0x07, 0x00, 0x1F,
    0xFC, 0xFC, 0x0C, 0x6C, 0x0C, 0x0F, 0xFC, 0x0C, 0x0C, 0x0C, 0x0C, 0x0F, 0xFC, 0x00, 0x40, 0x18,
    0x40, 0x36, 0x4C, 0x73, 0x7C, 0x7F, 0x60, 0x7B, 0xC2, 0x00, 0x42, 0x7F, 0x7E, 0x63, 0x7C, 0x7F,
    0x44, 0x63, 0x5E, 0x63, 0x78, 0x7F, 0x60, 0x63, 0x43, 0x63, 0x7F, 0x6F, 0x7E, 0x00, 0x00, 0x00,
    0x20, 0x7E, 0x30, 0x67, 0xFF, 0x67, 0xFF, 0x67, 0x0A, 0x7F, 0xCB, 0x67, 0xFB, 0x67, 0xBB, 0x7F,
    0xBB, 0x67, 0xBB, 0x67, 0xEF, 0x67, 0xCF, 0x67, 0x83, 0x47, 0xFF, 0xDD, 0xFF, 0x00, 0x00, 0x38,
    0x80, 0x7C, 0x8F, 0x6D, 0xCF, 0x6F, 0xEB, 0x7C, 0x8B, 0x7C, 0x8B, 0x6F, 0xFB, 0x6F, 0xFB, 0x7D,
    0x8B, 0x7D, 0xCB, 0x6F, 0x6B, 0x6F, 0xEF, 0x6F, 0xF8, 0x4E, 0x38, 0xDC, 0x08, 0x02, 0x00, 0x30,
    0x01, 0x81, 0xFF, 0xFF, 0xFF, 0xE0, 0x0F, 0x00, 0x7F, 0xFF, 0xFF, 0xFE, 0x00, 0xFF, 0xFF, 0xFF,
    0xFC, 0x01, 0xE0, 0x0F, 0xFF, 0xFF, 0xFF, 0x00, 0x00, 0x7F, 0xFE, 0x07, 0x20, 0x0E, 0x30, 0x1C,
    0x1C, 0x3F, 0xFE, 0x3F, 0x86, 0x01, 0x80, 0x01, 0x80, 0x3F, 0xFE, 0x1F, 0xFC, 0x01, 0x80, 0x01,
    0x80, 0x7F, 0xFF, 0x7F, 0xFF, 0x06, 0x00, 0x03, 0xF0, 0x03, 0xFC, 0x03, 0x0C, 0x07, 0xFF, 0xE7,
    0xFF, 0xF1, 0xC6, 0x18, 0x63, 0x0C, 0x31, 0x86, 0x1F, 0xFF, 0x0F, 0xFF, 0x86, 0x00, 0x23, 0x00,
    0x31, 0xFF, 0xF8, 0x7F, 0xFC, 0x04, 0x30, 0x0E, 0x30, 0x7F, 0xFF, 0x0C, 0x30, 0x0C, 0x30, 0x7F,
    0xFC, 0x7F, 0xFE, 0x03, 0x06, 0x03, 0x06, 0x03, 0x06, 0x03, 0x06, 0x03, 0x3E, 0x03, 0x3C, 0x03,
    0x00, 0x03, 0x00, 0x0C, 0x30, 0x7F, 0xFE, 0x7F, 0xFF, 0x0C, 0x30, 0x0D, 0xB0, 0x7F, 0xFF, 0x7F,
    0xFF, 0x06, 0x00, 0x0E, 0x00, 0x1F, 0xFE, 0x3F, 0xFE, 0x7C, 0x06, 0x4C, 0x06, 0x0F, 0xFE, 0x0F,
    0xFE, 0x00, 0x00, 0x04, 0x10, 0x1F, 0xFF, 0x1F, 0xFF, 0xC1, 0x86, 0x00, 0x59, 0x00, 0x0C, 0x00,
    0xFF, 0xF8, 0x63, 0x0C, 0x31, 0x86, 0x3F, 0xFF, 0x9F, 0xFF, 0xC0, 0x7C, 0x00, 0x77, 0x00, 0xF1,
    0xE1, 0xE0, 0x3C, 0xC0, 0x06, 0x08, 0x20, 0xFF, 0xFE, 0xFF, 0xFE, 0x18, 0x60, 0x08, 0x20, 0x77,
    0xFC, 0x3F, 0xFC, 0x06, 0x0C, 0xE6, 0x0C, 0x76, 0x0C, 0x1E, 0x7C, 0x1E, 0x00, 0x36, 0x06, 0x67,
    0xFE, 0xE3, 0xFE, 0x00, 0x00, 0x04, 0x10, 0x0C, 0x30, 0x7F, 0xFF, 0x7F, 0xFE, 0x0F, 0x30, 0x7F,
    0xFE, 0x7F, 0xFF, 0x0C, 0x00, 0x1D, 0xFE, 0x38, 0x1C, 0x78, 0x38, 0xF8, 0x30, 0x5F, 0xFF, 0x18,
    0x30, 0x18, 0x30, 0x18, 0xF0, 0x00, 0x00, 0x04, 0x30, 0x04, 0x30, 0x7F, 0xFF, 0x7F, 0xFE, 0x24,
    0x30, 0x3C, 0x3C, 0x1C, 0x3E, 0x7C, 0x36, 0x6F, 0xFF, 0x0F, 0xFE, 0x1C, 0x70, 0x7C, 0x78, 0x6C,
    0xD8, 0x0C, 0xCC, 0x0D, 0x8F, 0x3F, 0x07, 0x00, 0x00, 0x04, 0x10, 0x02, 0x18, 0x1F, 0xFF, 0xC7,
    0xFF, 0xC0, 0x7F, 0xE3, 0xFF, 0xE0, 0xC6, 0x18, 0x63, 0x0C, 0x19, 0x8C, 0x0C, 0x46, 0x1F, 0xFF,
    0x8F, 0xFF, 0xE0, 0x7E, 0x00, 0xFD, 0xE1, 0xE6, 0x3C, 0xC3, 0x06, 0x04, 0x10, 0x06, 0x18, 0x1F,
    0xFF, 0xC7, 0xFF, 0xC3, 0x4D, 0x01, 0xCF, 0xF0, 0x2E, 0x38, 0xCF, 0xF8, 0x74, 0x78, 0x18, 0xFF,
    0x01, 0xE3, 0xE3, 0xFF, 0xE1, 0xB0, 0x61, 0x98, 0x31, 0xCC, 0x18, 0xC7, 0xFC, 0x04, 0x20, 0x0C,
    0x30, 0x7F, 0xFF, 0x0C, 0x30, 0x06, 0x60, 0x26, 0x60, 0x36, 0xFE, 0x36, 0xF0, 0x37, 0x98, 0x37,
    0x9C, 0x06, 0x0C, 0x3F, 0xFC, 0x32, 0x4C, 0x32, 0x4C, 0xFF, 0xFF, 0xFF, 0xFF, 0x04, 0x10, 0x03,
    0x18, 0x1F, 0xFF, 0xC0, 0xC7, 0xC0, 0x43, 0xF3, 0x7F, 0xFD, 0xBF, 0xE0, 0xFF, 0xF6, 0x7E, 0x9E,
    0x37, 0xFF, 0x1F, 0x9F, 0x8F, 0xFD, 0x83, 0xFE, 0xC1, 0xFF, 0xED, 0xFF, 0xFE, 0xA4, 0xCE, 0x00,
    0x00, 0x00, 0x00, 0x00, 0x1C, 0x00, 0x39, 0xFF, 0x71, 0xFE, 0xE4, 0x00, 0x4C, 0x00, 0x1F, 0xFF,
    0x3B, 0xFF, 0x78, 0x0C, 0xF8, 0x0C, 0x58, 0x0C, 0x18, 0x0C, 0x18, 0x0C, 0x18, 0x0C, 0x18, 0x7C,
    0x18, 0x78, 0x00, 0x00, 0x00, 0x80, 0x00, 0x60, 0x0F, 0xFF, 0xC0, 0x18, 0x01, 0xFF, 0xE0, 0x06,
    0x01, 0xFF, 0xFC, 0x7F, 0xFE, 0x07, 0x66, 0x0F, 0x37, 0x1F, 0x8F, 0x0C, 0xC3, 0x00, 0x7E, 0xE0,
    0x7E, 0x38, 0x38, 0x04, 0x30, 0x30, 0x1C, 0x18, 0x06, 0xFF, 0xDF, 0xFF, 0xE0, 0xF3, 0x30, 0xD9,
    0x98, 0x7F, 0xFC, 0x7F, 0xFE, 0x7F, 0xC6, 0x7F, 0xB7, 0x17, 0xDF, 0x03, 0x67, 0x01, 0xF7, 0xC0,
    0xFF, 0x78, 0x7F, 0x0C, 0x0C, 0x60, 0x06, 0x36, 0x1F, 0xF9, 0x81, 0x8E, 0x47, 0xFF, 0xF3, 0xFF,
    0xF8, 0x30, 0xC0, 0x0C, 0x6C, 0x7F, 0xF6, 0x0E, 0x5E, 0x0F, 0xEF, 0x0F, 0x73, 0x21, 0xFB, 0x91,
    0xF7, 0xF8, 0x43, 0x3C, 0x00, 0x00, 0x0C, 0x30, 0x36, 0x18, 0x0F, 0xFF, 0xC3, 0xFF, 0xE1, 0xC3,
    0x03, 0xE1, 0x81, 0xB7, 0xFC, 0x1B, 0xFC, 0x01, 0xC0, 0x3F, 0xFF, 0x81, 0xF1, 0x83, 0xCF, 0xC7,
    0xC3, 0x82, 0x7E, 0xF0, 0x7E, 0x3C, 0x10, 0x06, 0x30, 0x00, 0x19, 0xBF, 0x9E, 0xD8, 0xCF, 0xBF,
    0xE0, 0x86, 0x30, 0xDB, 0x18, 0x5F, 0xFC, 0x7B, 0xD2, 0x79, 0xFF, 0x7E, 0xF7, 0x1D, 0x7F, 0x86,
    0x3F, 0x63, 0x3E, 0x11, 0xBF, 0x08, 0xD9, 0xFE, 0x00, 0x00, 0xFF, 0xFF, 0xFF, 0xFC, 0x33, 0x03,
    0xFF, 0xE6, 0xCC, 0xCD, 0x99, 0x9F, 0xFF, 0x3F, 0xFE, 0x06, 0x01, 0xFF, 0xFF, 0xFF, 0xF1, 0xC3,
    0x03, 0xFC, 0x03, 0xFF, 0x3F, 0x8F, 0x60, 0x02, 0x00, 0x00, 0x0F, 0xFE, 0x07, 0xFF, 0x03, 0x11,
    0x81, 0x98, 0xC0, 0xCC, 0x60, 0x66, 0x30, 0x33, 0x18, 0x19, 0x8C, 0x0C, 0xE6, 0x04, 0xF3, 0x00,
    0x78, 0x20, 0x6C, 0x31, 0xE7, 0xF9, 0xE1, 0xFC, 0xC0, 0x00, 0x04, 0xC0, 0x4C, 0xFE, 0x4C, 0xFE,
    0x4D, 0xE0, 0x4D, 0xB0, 0x4D, 0x18, 0x0C, 0x10, 0x3F, 0xF8, 0x31, 0x18, 0x33, 0x18, 0x33, 0x18,
    0x33, 0x98, 0x37, 0x82, 0x3D, 0x86, 0xF8, 0xFE, 0x40, 0x00, 0x00, 0x00, 0x30, 0x7E, 0x3E, 0xFF,
    0x36, 0x33, 0x66, 0x33, 0x7F, 0x63, 0xFF, 0xEE, 0x6B, 0xE8, 0x7F, 0x7C, 0x7F, 0x7F, 0x6B, 0xC8,
    0x7F, 0xC8, 0x7F, 0xFF, 0x6B, 0x1C, 0x6B, 0x08, 0xCF, 0x08, 0x00, 0x00, 0x10, 0x10, 0x30, 0x18,
    0x3E, 0x18, 0x36, 0x18, 0x7E, 0xFE, 0xFF, 0xFE, 0xEB, 0x92, 0x6B, 0x92, 0x7F, 0x92, 0x6B, 0xFE,
    0x6B, 0xFE, 0x7F, 0x1E, 0x6B, 0x1E, 0x6B, 0x1F, 0x6B, 0xFF, 0xCF, 0xE3, 0x00, 0x00, 0x03, 0x00,
    0x06, 0x00, 0x06, 0x07, 0xFF, 0xF0, 0x00, 0x07, 0xFF, 0x00, 0x00, 0x1F, 0xFC, 0x00, 0x00, 0x00,
    0x00, 0xFF, 0xE1, 0x80, 0xC3, 0x01, 0x86, 0x03, 0x0F, 0xFE, 0x00, 0x00, 0x20, 0x20, 0x30, 0x30,
    0x18, 0x30, 0x0C, 0x30, 0x00, 0x30, 0xFB, 0xFE, 0xFF, 0xFF, 0x18, 0x30, 0x18, 0x30, 0x18, 0x30,
    0x18, 0x30, 0x1E, 0x30, 0x1E, 0x30, 0x38, 0x30, 0x10, 0x30, 0x00, 0x20, 0x30, 0x20, 0x38, 0x20,
    0x18, 0x60, 0x00, 0x60, 0x00, 0x60, 0xF8, 0x60, 0xF8, 0x70, 0x18, 0x70, 0x18, 0x70, 0x18, 0x78,
    0x1A, 0xD8, 0x1E, 0xDC, 0x3D, 0x8C, 0x33, 0x86, 0x03, 0x07, 0x00, 0x00, 0x20, 0x60, 0x19, 0xB3,
    0x06, 0xCD, 0x82, 0x66, 0xC0, 0x30, 0x67, 0xCC, 0x61, 0xE6, 0x30, 0x33, 0xB8, 0x18, 0xD8, 0x0C,
    0x7C, 0x06, 0x1C, 0x03, 0xCF, 0x01, 0xDF, 0xC1, 0xDC, 0x78, 0xDC, 0x1C, 0x00, 0x00, 0x20, 0x00,
    0x33, 0xFE, 0x19, 0xFE, 0x08, 0x06, 0x00, 0x06, 0xF8, 0x06, 0xF9, 0xFE, 0x1B, 0xFE, 0x1B, 0x06,
    0x1B, 0x00, 0x1B, 0x00, 0x1F, 0x03, 0x1F, 0x03, 0x3B, 0xFF, 0x31, 0xFE, 0x20, 0xF8, 0x1C, 0xFE,
    0x07, 0x63, 0x01, 0x31, 0x80, 0x18, 0xC7, 0xD8, 0x79, 0xE8, 0x00, 0x37, 0xFC, 0x19, 0xFE, 0x0C,
    0xC7, 0x06, 0x37, 0x03, 0xCF, 0x01, 0xC7, 0x81, 0xDF, 0xF8, 0x8E, 0x1C, 0x00, 0x00, 0x00, 0x00,
    0x33, 0xFF, 0x3B, 0xFF, 0x18, 0x30, 0x00, 0x30, 0xF9, 0x30, 0x79, 0xBE, 0x19, 0xBF, 0x19, 0xB0,
    0x19, 0xB0, 0x19, 0xB0, 0x1F, 0xB0, 0x1D, 0xB0, 0x3F, 0xFF, 0x37, 0xFF, 0x23, 0xFE, 0x33, 0xFF,
    0x38, 0x03, 0x18, 0x03, 0x03, 0xFB, 0xF8, 0x03, 0x19, 0xFB, 0x19, 0x9B, 0x19, 0x9B, 0x19, 0x9B,
    0x19, 0x9B, 0x1F, 0xFB, 0x1F, 0x83, 0x38, 0x0F, 0x30, 0x1F, 0x00, 0x00, 0x30, 0x1C, 0x38, 0x16,
    0x18, 0x12, 0x0F, 0xFF, 0x07, 0xFF, 0xF8, 0x18, 0x78, 0x18, 0x1B, 0xF8, 0x1B, 0xF8, 0x18, 0xD8,
    0x18, 0xD8, 0x1E, 0xFB, 0x1F, 0xEF, 0x3B, 0x8F, 0x30, 0x06, 0x00, 0x00, 0x00, 0xC0, 0x30, 0xC0,
    0x39, 0xFE, 0x1B, 0xFF, 0x03, 0x03, 0xFF, 0xFB, 0x79, 0x9B, 0x19, 0x9B, 0x19, 0xFB, 0x19, 0x9B,
    0x19, 0x9B, 0x1F, 0xFB, 0x1D, 0x87, 0x38, 0x1E, 0x00, 0x3E, 0x00, 0x00, 0x00, 0x82, 0x18, 0x63,
    0x0E, 0x39, 0x83, 0x3F, 0xE0, 0x1F, 0xF0, 0x01, 0x83, 0xE0, 0xC1, 0xF1, 0xFC, 0x19, 0xFF, 0x0C,
    0x18, 0x06, 0x0C, 0x03, 0x7F, 0xF1, 0xFF, 0xF0, 0xF1, 0x80, 0xE0, 0xC0, 0x60, 0x60, 0x03, 0xFE,
    0x73, 0xFF, 0x38, 0x60, 0x18, 0xE4, 0x03, 0xFE, 0xF8, 0xC6, 0xF8, 0xC4, 0x1F, 0xFF, 0x1F, 0xFF,
    0x18, 0x00, 0x1B, 0xFE, 0x1B, 0x06, 0x1F, 0x06, 0x3F, 0x06, 0x33, 0xFE, 0x00, 0x00, 0x20, 0x00,
    0x18, 0xFF, 0x06, 0x61, 0x81, 0x30, 0xC0, 0x1F, 0xE7, 0xC0, 0x01, 0xE7, 0xFC, 0x37, 0xFE, 0x18,
    0x30, 0x0C, 0x18, 0x06, 0xFF, 0xC3, 0x8E, 0x01, 0xE7, 0x81, 0xEE, 0x70, 0xCE, 0x1C, 0x04, 0x06,
    0x00, 0x00, 0x31, 0x8C, 0x38, 0xCC, 0x1C, 0xD8, 0x0B, 0xFE, 0x03, 0xFE, 0xFB, 0x06, 0x7B, 0x06,
    0x1B, 0xFE, 0x19, 0xFC, 0x18, 0xD8, 0x1A, 0xD8, 0x1E, 0xD8, 0x1F, 0x9B, 0x3B, 0x9F, 0x37, 0x1F,
    0x00, 0x00, 0x20, 0x30, 0x33, 0xFF, 0x18, 0x30, 0x0B, 0xFE, 0x00, 0x30, 0xFF, 0xFF, 0xFF, 0xFF,
    0x19, 0xFE, 0x19, 0x86, 0x19, 0x86, 0x19, 0xFE, 0x1D, 0x86, 0x1D, 0xFE, 0x39, 0x86, 0x31, 0x9E,
    0x00, 0x00, 0x00, 0x30, 0x18, 0x18, 0x0E, 0xFF, 0x83, 0x06, 0x00, 0x3F, 0xF7, 0xDF, 0xF9, 0xE7,
    0xD8, 0x37, 0xE0, 0x1B, 0xB0, 0x0C, 0xF8, 0x06, 0xFF, 0xC3, 0x8F, 0x01, 0xCF, 0xC1, 0xCE, 0x70,
    0xCE, 0x0C, 0x04, 0x02, 0x21, 0x02, 0x33, 0xFF, 0x3B, 0x33, 0x1B, 0x33, 0x03, 0xFF, 0xFB, 0x33,
    0x7B, 0xFF, 0x1B, 0xFF, 0x1B, 0x03, 0x1B, 0xFB, 0x1B, 0xCB, 0x1F, 0xCB, 0x1E, 0xFB, 0x3E, 0xC3,
    0x34, 0x0F, 0x00, 0x00, 0x7E, 0x60, 0x7E, 0x60, 0x42, 0x7E, 0x5A, 0x7F, 0x5A, 0xC4, 0x5A, 0xCC,
    0x5B, 0xCC, 0x5B, 0xCC, 0x5A, 0x68, 0x5A, 0x78, 0x5A, 0x38, 0x3C, 0x38, 0x3E, 0x78, 0x66, 0xEE,
    0xE3, 0xC7, 0x00, 0x82, 0x00, 0x80, 0x7C, 0xC6, 0x44, 0xCC, 0x54, 0xDC, 0x54, 0xF8, 0x54, 0xF0,
    0x55, 0xFE, 0x57, 0xFF, 0x54, 0xF0, 0x54, 0xD8, 0x74, 0xD8, 0x7C, 0xD8, 0x3C, 0xCC, 0x6C, 0xF6,
    0xC7, 0xE7, 0x01, 0x80, 0x0C, 0x7E, 0x1F, 0x3F, 0x9F, 0xC0, 0xC1, 0x80, 0x67, 0xF0, 0x37, 0xFF,
    0xF8, 0x31, 0xFC, 0x58, 0xC0, 0x6C, 0x60, 0x37, 0xF0, 0x9B, 0x18, 0x6F, 0x8F, 0xE7, 0xC7, 0xF3,
    0xFF, 0xFB, 0x3F, 0xFC, 0x80, 0x00, 0x0C, 0xFF, 0x06, 0x7F, 0x9F, 0xCC, 0xC1, 0x86, 0x60, 0xC7,
    0x33, 0xFF, 0x71, 0xFF, 0x38, 0x58, 0xFC, 0x2C, 0x7F, 0x17, 0xF1, 0x9B, 0x18, 0xCF, 0x8F, 0xE7,
    0xC0, 0x03, 0xFF, 0xFB, 0xBF, 0xFC, 0x80, 0x00, 0x1F, 0xFC, 0x1F, 0xFF, 0x0C, 0x01, 0x86, 0x00,
    0xC3, 0x00, 0x61, 0xFF, 0xF0, 0x7F, 0xF0, 0x13, 0x00, 0x19, 0x80, 0x0C, 0xFF, 0x06, 0x7F, 0x07,
    0xB0, 0x03, 0xF8, 0x03, 0xBF, 0xF9, 0x87, 0xFC, 0x00, 0x00, 0x00, 0x0C, 0x7D, 0xFC, 0x45, 0xF0,
    0x44, 0x30, 0x7C, 0x30, 0x7C, 0x30, 0x33, 0xFE, 0x33, 0xFE, 0x7C, 0x30, 0x7C, 0x70, 0x70, 0x78,
    0x70, 0x78, 0x7C, 0xD8, 0xFD, 0x8C, 0xE3, 0x86, 0x03, 0x06, 0x7C, 0xC0, 0x3E, 0x62, 0x11, 0x7F,
    0x88, 0xB0, 0xC7, 0xF8, 0x63, 0xFF, 0xB0, 0xC6, 0x58, 0xFB, 0x2C, 0x7D, 0xF6, 0x38, 0xFB, 0x1C,
    0x67, 0x8E, 0x31, 0x07, 0xF8, 0x17, 0xEC, 0x1B, 0x03, 0xFC, 0x7E, 0x00, 0x7F, 0xFF, 0x47, 0x80,
    0x47, 0x80, 0x67, 0xFC, 0x7F, 0xFE, 0x19, 0x86, 0x59, 0x86, 0x5F, 0x86, 0x59, 0xFE, 0x59, 0xFC,
    0x5B, 0x80, 0x7F, 0x80, 0xFD, 0xFE, 0xE1, 0xFF, 0x00, 0x00, 0x7F, 0xFE, 0x47, 0x86, 0x47, 0xFE,
    0x7F, 0xFE, 0x7F, 0x86, 0x19, 0xFE, 0x5F, 0xFE, 0x5F, 0xB2, 0x59, 0xB7, 0x59, 0x9E, 0x5B, 0x9C,
    0x7F, 0x8C, 0xFD, 0xF7, 0x01, 0xC3, 0x00, 0x00, 0x00, 0x2C, 0x1F, 0x16, 0x08, 0xEB, 0x64, 0x75,
    0xF3, 0xEE, 0xF1, 0xF7, 0x70, 0x60, 0xB0, 0x7C, 0x58, 0x3E, 0xEF, 0x1D, 0xF7, 0xCE, 0xFB, 0x67,
    0x4D, 0x83, 0xFC, 0xCB, 0xEE, 0x7C, 0x0E, 0x3E, 0x00, 0x00, 0x00, 0x18, 0x30, 0x18, 0x30, 0xFF,
    0xFE, 0x30, 0x30, 0x3C, 0x60, 0x2D, 0xFF, 0x6D, 0xFE, 0x7E, 0x40, 0x4C, 0xFE, 0x0C, 0x7E, 0x7F,
    0x0C, 0xFC, 0xF8, 0x0C, 0x78, 0x0C, 0x1C, 0x0C, 0x0C, 0x00, 0x00, 0x18, 0x04, 0x19, 0xFE, 0xFE,
    0x0E, 0x7E, 0x1C, 0x38, 0x38, 0x2C, 0x7C, 0x6D, 0xEF, 0x7F, 0x83, 0x7C, 0xFE, 0x0C, 0xFE, 0x3E,
    0x18, 0xFE, 0x18, 0x4C, 0x18, 0x0D, 0xFF, 0x0D, 0xFF, 0x04, 0x20, 0x03, 0x1E, 0x1F, 0xED, 0x80,
    0xC6, 0xC0, 0x63, 0x03, 0xFF, 0xF9, 0xFF, 0xFC, 0xFF, 0xEC, 0x1E, 0x36, 0x1B, 0x1E, 0x0F, 0xFF,
    0x04, 0xC3, 0x80, 0x7D, 0x93, 0xFF, 0xC9, 0xD9, 0xFC, 0x0D, 0xDE, 0x00, 0x00, 0x00, 0x10, 0x10,
    0x0C, 0x18, 0x1F, 0x86, 0x0F, 0xFF, 0xE3, 0x0F, 0xE1, 0xE3, 0x31, 0xB3, 0x18, 0xDB, 0x86, 0x7F,
    0xE7, 0x3F, 0x36, 0x03, 0x1F, 0x07, 0xC7, 0x07, 0xE3, 0x82, 0x63, 0xE0, 0x33, 0xBC, 0x1B, 0x06,
    0x00, 0x00, 0x00, 0x00, 0x00, 0x30, 0x30, 0x30, 0x78, 0xFE, 0xFC, 0x33, 0x8F, 0x3B, 0xFF, 0x78,
    0x02, 0x7B, 0xF2, 0x7F, 0xFA, 0x7F, 0x3A, 0x1B, 0xFA, 0x1F, 0x3A, 0x7F, 0xFA, 0x7B, 0xFA, 0x1B,
    0x32, 0x1B, 0x7E, 0x00, 0x00, 0x60, 0x60, 0x38, 0x30, 0x0E, 0x18, 0x03, 0xFF, 0xE0, 0x3F, 0xF3,
    0x86, 0x1B, 0xC3, 0x0C, 0x21, 0x86, 0x10, 0xC7, 0x08, 0xC3, 0x04, 0xE1, 0x82, 0xE7, 0xC3, 0xE3,
    0xC3, 0xFC, 0x7B, 0x1F, 0xFC, 0x00, 0x00, 0x00, 0x20, 0x30, 0x30, 0x1C, 0x18, 0x06, 0x0C, 0x01,
    0x7F, 0xF0, 0x1F, 0xF0, 0x01, 0x81, 0xF0, 0xE0, 0x78, 0xF8, 0x0C, 0x6E, 0x06, 0x73, 0x83, 0x70,
    0xC1, 0xF0, 0x71, 0xF0, 0x11, 0xFE, 0x3D, 0x8F, 0xFE, 0x00, 0x00, 0x00, 0x60, 0x08, 0x70, 0x18,
    0x38, 0x18, 0x1F, 0xFF, 0x03, 0xFE, 0x03, 0x18, 0xFB, 0x98, 0x79, 0x98, 0x18, 0xD8, 0x18, 0x18,
    0x18, 0x18, 0x38, 0x78, 0x7C, 0x60, 0x6F, 0x9F, 0xC7, 0xFF, 0x00, 0x00, 0x60, 0xFE, 0x73, 0xFC,
    0x3B, 0x00, 0x1B, 0x00, 0x03, 0x80, 0x03, 0xFF, 0xFB, 0x18, 0x7B, 0x18, 0x1B, 0x18, 0x1B, 0x18,
    0x1B, 0x18, 0x1E, 0x18, 0x3E, 0x18, 0x7F, 0x1F, 0xC7, 0xFF, 0x00, 0x00, 0x60, 0xFE, 0x39, 0xFF,
    0x0E, 0xC0, 0x02, 0x60, 0x00, 0x3F, 0xE0, 0x1F, 0xF3, 0xCF, 0x38, 0xE7, 0xD8, 0x13, 0x7C, 0x0B,
    0x1C, 0x05, 0x9F, 0x83, 0xFC, 0xC3, 0xD8, 0x23, 0xF8, 0x3B, 0x1F, 0xFC, 0x00, 0x00, 0x60, 0x00,
    0x37, 0xFE, 0x1F, 0xFE, 0x18, 0x60, 0x00, 0xE0, 0x70, 0xF8, 0xF1, 0xFC, 0x13, 0x6E, 0x1E, 0x66,
    0x1C, 0x62, 0x10, 0x60, 0x10, 0x60, 0x38, 0x60, 0x7F, 0x0F, 0xC7, 0xFF, 0x00, 0x00, 0x00, 0x60,
    0x60, 0x60, 0x77, 0xFE, 0x3F, 0xFF, 0x02, 0x0C, 0x07, 0x18, 0xFB, 0xD8, 0x78, 0xF0, 0x18, 0x70,
    0x18, 0xF8, 0x1B, 0xCE, 0x1F, 0x06, 0x3E, 0x00, 0x7F, 0x9F, 0xE7, 0xFF, 0x00, 0x00, 0x60, 0x88,
    0x71, 0x98, 0x39, 0x98, 0x1F, 0xFF, 0x03, 0xFE, 0x71, 0x98, 0xF9, 0x98, 0x1F, 0xFF, 0x1B, 0xFE,
    0x19, 0x98, 0x19, 0x98, 0x1B, 0x18, 0x3A, 0x08, 0x7F, 0x0F, 0xC7, 0xFF, 0x00, 0x00, 0x00, 0x00,
    0x63, 0xFE, 0x3B, 0xFC, 0x18, 0x00, 0x07, 0xFE, 0x77, 0xFF, 0xF9, 0x98, 0x19, 0x98, 0x19, 0x98,
    0x19, 0x9B, 0x1B, 0x1B, 0x1F, 0x1F, 0x3E, 0x1E, 0x7F, 0x0F, 0x67, 0xFF, 0x00, 0x00, 0x60, 0xC0,
    0x38, 0x60, 0x0F, 0xFF, 0x83, 0x36, 0x00, 0x1B, 0x03, 0x9F, 0xF3, 0xEF, 0xF8, 0x30, 0x60, 0x18,
    0x30, 0x0F, 0xFF, 0x86, 0xFF, 0x83, 0x06, 0x03, 0x83, 0x03, 0xFD, 0xFB, 0x1F, 0xFC, 0x00, 0x00,
    0x00, 0x00, 0x39, 0xFF, 0x0E, 0xC1, 0x83, 0x7F, 0xC0, 0x30, 0x60, 0x18, 0x33, 0xEF, 0xF8, 0x36,
    0x4E, 0x1B, 0x7E, 0x0D, 0x9E, 0x06, 0xFB, 0x83, 0x7C, 0xE3, 0xB0, 0x23, 0xF8, 0x3B, 0x1F, 0xFC,
    0x00, 0x00, 0x01, 0x04, 0x30, 0xC6, 0x0C, 0x63, 0x03, 0x7F, 0xC1, 0x3F, 0xF0, 0x03, 0x01, 0xC1,
    0x81, 0xF7, 0xFC, 0x1F, 0xFF, 0x0C, 0x38, 0x06, 0x3E, 0x03, 0x1B, 0x81, 0xB8, 0xE1, 0xF8, 0x31,
    0xFC, 0x3D, 0x8F, 0xFE, 0x00, 0x00, 0x00, 0x40, 0x3E, 0x73, 0xFE, 0x33, 0xB0, 0x18, 0x30, 0x07,
    0xFF, 0x73, 0xFE, 0xF0, 0x30, 0x11, 0xFE, 0x13, 0xFE, 0x13, 0x06, 0x13, 0x06, 0x13, 0xFE, 0x38,
    0x00, 0x7F, 0x07, 0xE7, 0xFF, 0x00, 0x00, 0x00, 0x00, 0x21, 0xC6, 0x18, 0x63, 0x06, 0xFF, 0xE1,
    0xFF, 0xF0, 0x13, 0x11, 0xCD, 0x99, 0xF6, 0xCC, 0x1B, 0x66, 0x0D, 0xFF, 0x06, 0xFF, 0x83, 0x0C,
    0x01, 0x8C, 0x01, 0xDE, 0x01, 0xFE, 0x1C, 0xCF, 0xFE, 0x00, 0x00, 0x00, 0x00, 0x20, 0x30, 0xD8,
    0x1C, 0x6C, 0x07, 0x7F, 0xC1, 0x73, 0x00, 0x31, 0x80, 0x1F, 0xFC, 0xFF, 0xFE, 0x78, 0xD8, 0x0C,
    0xEC, 0x06, 0x66, 0x43, 0x73, 0x61, 0xF1, 0xF1, 0xF0, 0x71, 0xFC, 0x1C, 0xCF, 0xFE, 0x00, 0x00,
    0x00, 0x40, 0x7E, 0x3B, 0xFF, 0x0E, 0x18, 0x03, 0xFF, 0xE0, 0x0F, 0x80, 0x1F, 0x61, 0xFD, 0x9C,
    0xFF, 0xF0, 0x19, 0xF8, 0x0C, 0x6F, 0x86, 0x61, 0xC3, 0xF3, 0xC3, 0xF1, 0xE3, 0xF8, 0x39, 0x9F,
    0xFC, 0x00, 0x00, 0x00, 0x00, 0x33, 0xFF, 0x0C, 0x77, 0x03, 0x1F, 0x40, 0x7F, 0xF0, 0x31, 0x1B,
    0xD8, 0x8D, 0xFF, 0xFE, 0x1E, 0x23, 0x0F, 0xFF, 0x87, 0x88, 0xC3, 0xC4, 0x63, 0xE2, 0xE3, 0xF8,
    0x3B, 0x1F, 0xFC, 0x00, 0x00, 0x00, 0x60, 0x30, 0x30, 0x0D, 0xFF, 0xC3, 0x0C, 0x00, 0x7F, 0xE7,
    0xB3, 0x33, 0xF9, 0x98, 0x3F, 0xFC, 0x18, 0xF8, 0x0C, 0x7E, 0x06, 0xFB, 0x83, 0xEC, 0xE3, 0xE6,
    0x23, 0xF8, 0x3B, 0x1F, 0xFC, 0x00, 0x00, 0x00, 0x00, 0x18, 0x3C, 0x18, 0x7E, 0xFF, 0xE6, 0x63,
    0x66, 0x66, 0x6C, 0x36, 0x6C, 0xFF, 0x6C, 0xFF, 0xEC, 0x00, 0x66, 0xFF, 0x66, 0xFF, 0x66, 0xC3,
    0x7E, 0xC3, 0x7E, 0xFF, 0x60, 0xFF, 0x60, 0x0C, 0x80, 0x06, 0x7F, 0x9F, 0xEF, 0xC1, 0xF6, 0x60,
    0xF3, 0x67, 0xFF, 0xB1, 0xFE, 0xF0, 0x70, 0x6C, 0xFF, 0xB3, 0x78, 0xD9, 0x8F, 0xEC, 0xC6, 0x37,
    0xE3, 0x1B, 0xF1, 0xFD, 0x80, 0xC6, 0xC0, 0x7F, 0x3E, 0x3F, 0xFF, 0x87, 0x80, 0xCF, 0xF0, 0x67,
    0xF8, 0x33, 0xEC, 0x19, 0xF7, 0xFC, 0xFB, 0xFE, 0x77, 0xE3, 0x30, 0xF0, 0x1F, 0xF8, 0x0C, 0x3C,
    0x36, 0x1E, 0x1B, 0xFF, 0xF9, 0x87, 0xFC, 0xFF, 0x7E, 0xFF, 0x7E, 0x3C, 0x42, 0x7E, 0x7E, 0xFF,
    0x42, 0xDF, 0x7E, 0xDF, 0x50, 0xFF, 0x58, 0xF7, 0xFF, 0xC3, 0xD8, 0xFF, 0x98, 0xFF, 0xFE, 0xC3,
    0x18, 0xFF, 0x18, 0xFF, 0xFF, 0x1E, 0x02, 0x3F, 0xFF, 0x96, 0xB1, 0x8F, 0x4D, 0xC3, 0xE3, 0xC1,
    0xC3, 0xE1, 0xFF, 0xBC, 0x3B, 0x26, 0x1C, 0xFE, 0x1F, 0x7F, 0x8E, 0x86, 0x0F, 0x1F, 0xC5, 0x9F,
    0xF0, 0xC0, 0xC0, 0x60, 0x60, 0x3F, 0xF8, 0xFF, 0xF0, 0x0C, 0x07, 0xFF, 0xF0, 0x30, 0x0F, 0xFF,
    0x98, 0xC3, 0x3F, 0xFE, 0x63, 0x0C, 0xFF, 0xF8, 0x0C, 0x03, 0xFF, 0xE0, 0x30, 0x00, 0x60, 0x3F,
    0xFF, 0xFF, 0xFF, 0x1F, 0xFC, 0x1F, 0xFC, 0x1F, 0xFC, 0x18, 0x0C, 0x1F, 0xFC, 0x7F, 0xFF, 0x7F,
    0xFF, 0x3F, 0xFE, 0x31, 0x86, 0x3F, 0xFE, 0x3F, 0xFE, 0x1F, 0xFC, 0x3F, 0xFE, 0x01, 0x80, 0xFF,
    0xFF, 0x18, 0x10, 0x38, 0x18, 0x3F, 0x18, 0x70, 0x18, 0x7C, 0x18, 0x3F, 0xFE, 0x3F, 0xFF, 0x18,
    0x18, 0x7F, 0x18, 0x3E, 0x18, 0x18, 0x18, 0x18, 0x18, 0x1F, 0x18, 0x1E, 0x18, 0x18, 0x18, 0x30,
    0x30, 0x70, 0x30, 0x7E, 0x30, 0xE3, 0xFF, 0xFF, 0xFF, 0x7F, 0x33, 0x33, 0x33, 0x33, 0x33, 0xFF,
    0xFF, 0xFF, 0xFF, 0x33, 0x33, 0x30, 0x30, 0x3E, 0x30, 0x3C, 0x30, 0x30, 0x30, 0x00, 0x00, 0x19,
    0x0C, 0x0C, 0xCC, 0x0F, 0xFF, 0xE6, 0x1B, 0x86, 0x03, 0x41, 0xF1, 0xF8, 0x7F, 0xFE, 0x31, 0x88,
    0x3E, 0xC4, 0x1F, 0x7F, 0xC6, 0x31, 0x83, 0x18, 0x81, 0xFC, 0x40, 0xFF, 0xFC, 0x6C, 0xFE, 0x00,
    0x00, 0x00, 0x00, 0x48, 0x30, 0xCC, 0x3C, 0xCC, 0x7F, 0xFE, 0xC0, 0xCC, 0xFC, 0xCC, 0x7D, 0xFF,
    0x19, 0xFF, 0x19, 0xFE, 0xFF, 0xFE, 0x7D, 0x86, 0x19, 0x86, 0x19, 0xFE, 0x1D, 0x86, 0x1D, 0x86,
    0x39, 0xFE, 0x00, 0x08, 0x19, 0xC4, 0x0F, 0xFF, 0x8F, 0xB1, 0x47, 0xD8, 0xA7, 0xDB, 0xF9, 0xFC,
    0x28, 0x2F, 0xFC, 0x10, 0x88, 0x3F, 0x5F, 0x8C, 0xE2, 0x02, 0x7F, 0xE1, 0x58, 0x80, 0xFE, 0x40,
    0xEF, 0xE0, 0x6C, 0x7E, 0x00, 0x00, 0x00, 0x31, 0xFE, 0x31, 0xFF, 0x7D, 0x83, 0xE1, 0xFF, 0xFD,
    0xFF, 0x7D, 0x98, 0x19, 0x98, 0x19, 0xFF, 0xFD, 0x98, 0x7D, 0x98, 0x19, 0xFF, 0x1B, 0xFF, 0x1F,
    0xC3, 0x1F, 0xC3, 0x36, 0xFF, 0x00, 0x00, 0x00, 0x00, 0x18, 0x18, 0x0C, 0x7F, 0xCF, 0xBF, 0xEE,
    0x06, 0xC7, 0xEF, 0xF9, 0xF7, 0xFC, 0x33, 0xFE, 0x19, 0xFF, 0x7F, 0xFF, 0x9F, 0x7F, 0xC3, 0x3F,
    0xE1, 0x86, 0xC0, 0xF3, 0x68, 0xF7, 0x34, 0x67, 0x1E, 0x02, 0x00, 0x00, 0x08, 0x08, 0x0C, 0x1C,
    0x0C, 0x38, 0x0C, 0xF0, 0x0F, 0xE0, 0x0F, 0x80, 0x7F, 0xFE, 0xFF, 0xFF, 0x0C, 0xC0, 0x0C, 0xC0,
    0x0C, 0x60, 0x0C, 0x70, 0x0C, 0xB8, 0x0F, 0xDF, 0x1F, 0x07, 0x18, 0x00, 0x60, 0x04, 0xEF, 0xFC,
    0xC0, 0x1A, 0x82, 0x3C, 0x0C, 0x79, 0xFE, 0xF7, 0xFF, 0xE0, 0xE3, 0xC3, 0xC7, 0x8F, 0x8F, 0x3B,
    0x1E, 0xE6, 0x3D, 0x3C, 0x78, 0x79, 0xF0, 0x07, 0x80, 0x60, 0x00, 0xEF, 0xFC, 0xC0, 0x1A, 0x00,
    0x3C, 0x00, 0x79, 0xFC, 0xF3, 0xF9, 0xE6, 0x33, 0xCC, 0x67, 0x98, 0xCF, 0x3F, 0x9E, 0x7E, 0x3C,
    0x40, 0x78, 0x07, 0xF0, 0x0F, 0x00, 0x00, 0x60, 0x00, 0xEF, 0xFC, 0xE0, 0x1A, 0x00, 0x3C, 0x00,
    0x79, 0xFC, 0xF3, 0x19, 0xE6, 0x33, 0xCF, 0xE7, 0x98, 0xCF, 0x31, 0x9E, 0x7F, 0x3C, 0x00, 0x78,
    0x01, 0xF0, 0x07, 0x80, 0x00, 0x60, 0x04, 0xEF, 0xFC, 0xD1, 0x1A, 0x63, 0x3C, 0x6C, 0x78, 0xD8,
    0xF3, 0xF9, 0xE4, 0x33, 0xCF, 0xE7, 0x9F, 0xCF, 0x1A, 0x1E, 0x34, 0xBC, 0xCD, 0x7B, 0x1F, 0xF0,
    0x07, 0x00, 0x00, 0x7C, 0x01, 0xFB, 0xFF, 0x37, 0xFE, 0xEC, 0x3D, 0x98, 0x7B, 0x30, 0xF7, 0x7F,
    0xE6, 0xFF, 0xCD, 0x87, 0x9B, 0x0F, 0xF6, 0x1E, 0x8C, 0x3C, 0x1F, 0xF8, 0x3F, 0xF0, 0x61, 0x80,
    0xF1, 0x89, 0xF6, 0x1A, 0xCC, 0x35, 0xBF, 0xEB, 0x7F, 0xF5, 0xC1, 0xAF, 0x83, 0x5D, 0x66, 0x92,
    0xCD, 0x24, 0xDB, 0xC9, 0xB7, 0x90, 0x68, 0x20, 0xD0, 0x47, 0xA0, 0x8E, 0x00, 0x00, 0xF0, 0x61,
    0xF1, 0xC3, 0x67, 0xC6, 0x98, 0xEF, 0x71, 0xFE, 0xFF, 0xB6, 0x18, 0x6C, 0x30, 0xDF, 0xFF, 0xBF,
    0xFB, 0xED, 0xE6, 0x13, 0x6C, 0x66, 0xD8, 0x8C, 0xF0, 0x70, 0x00, 0x00, 0xF0, 0x20, 0xFC, 0x60,
    0xFF, 0xFE, 0xF6, 0x60, 0xF0, 0xFE, 0xE1, 0xC6, 0xFF, 0xC6, 0xFE, 0xFE, 0xD2, 0xC6, 0xD2, 0xFE,
    0xF2, 0xC6, 0xF2, 0xC6, 0xC7, 0xDE, 0xCF, 0xC2, 0xD8, 0xFE, 0x00, 0x00, 0x00, 0x01, 0xF3, 0x03,
    0xEF, 0xC6, 0xD9, 0x8D, 0xE6, 0x1E, 0xFF, 0xBC, 0x03, 0x6D, 0xFE, 0xD8, 0x0D, 0xBF, 0xFB, 0x7F,
    0xF7, 0xC6, 0x4C, 0x76, 0xD8, 0xE7, 0xB3, 0xC7, 0xE6, 0xFA, 0x7F, 0xFC, 0xFF, 0xF8, 0x0C, 0x07,
    0xFF, 0xFD, 0xF7, 0x7F, 0xFF, 0xFF, 0xFF, 0x7F, 0xFE, 0xFF, 0xFE, 0x06, 0x01, 0xFF, 0xF3, 0xFF,
    0xE6, 0x6C, 0xCC, 0xD9, 0x99, 0xB7, 0x00, 0x00, 0xFF, 0xFF, 0xFF, 0xF8, 0x0C, 0x07, 0xFF, 0xEF,
    0xFF, 0xD9, 0x8D, 0xB3, 0xFB, 0x66, 0x36, 0xCC, 0x6D, 0x9F, 0xDB, 0x31, 0xB6, 0x63, 0x6F, 0xFF,
    0xDF, 0xFF, 0x80, 0x00, 0x00, 0x7F, 0xFF, 0x01, 0x80, 0x03, 0x00, 0x3F, 0xFC, 0x3F, 0xFC, 0x31,
    0x8C, 0x31, 0x8C, 0x31, 0x8C, 0x31, 0x8C, 0x31, 0x8C, 0x33, 0xEC, 0x07, 0x78, 0x3E, 0x1E, 0x78,
    0x06, 0x00, 0x00, 0x00, 0x00, 0xFF, 0xFE, 0xFE, 0x60, 0x31, 0xFC, 0x31, 0xFE, 0x31, 0x06, 0x31,
    0x36, 0x31, 0x36, 0x31, 0x36, 0x31, 0x36, 0x31, 0x36, 0x31, 0x66, 0x30, 0x78, 0x70, 0xDC, 0xF3,
    0x8E, 0x02, 0x02, 0x01, 0xFF, 0x01, 0xFF, 0xBF, 0x0C, 0x0F, 0xBF, 0xC1, 0x1F, 0xE0, 0x8C, 0x30,
    0x46, 0xD8, 0x23, 0x6C, 0x11, 0xB6, 0x0A, 0xDB, 0x0F, 0xED, 0x9F, 0x36, 0xC4, 0x07, 0xC0, 0x0E,
    0x70, 0x1E, 0x1C, 0x04, 0x02, 0x21, 0x7F, 0x10, 0xFF, 0xCB, 0x46, 0x05, 0xAF, 0xE2, 0xD7, 0xF1,
    0x6B, 0x18, 0xB5, 0xEC, 0x5A, 0xF6, 0x2D, 0x7B, 0x16, 0xBD, 0x8B, 0x5E, 0xCD, 0xAF, 0xA6, 0xD1,
    0xE3, 0x09, 0xB9, 0x87, 0x8E, 0x80, 0x82, 0x05, 0xFE, 0xFF, 0xFF, 0x0C, 0x30, 0x6C, 0xFC, 0x79,
    0xFE, 0xFF, 0xB6, 0xFF, 0xB6, 0x1F, 0xB6, 0x1F, 0xB6, 0x1F, 0xB6, 0x19, 0xB6, 0x19, 0xF6, 0x18,
    0x7C, 0x79, 0xCE, 0xF3, 0x86, 0x00, 0x00, 0x00, 0x00, 0x06, 0x00, 0x0B, 0x3F, 0xC5, 0xE3, 0x82,
    0xF1, 0x81, 0x63, 0xFB, 0xFF, 0xAD, 0xFF, 0xF6, 0x2C, 0x7B, 0x16, 0xBD, 0x9B, 0xDE, 0xCD, 0xEF,
    0x64, 0xE7, 0xB0, 0x70, 0xE0, 0x71, 0xD8, 0xE3, 0xC6, 0x60, 0x81, 0x00, 0x00, 0x00, 0x3F, 0xFF,
    0x98, 0xC6, 0x0F, 0xEF, 0xC6, 0x37, 0xF3, 0xFB, 0x58, 0x01, 0xEC, 0xFF, 0xF6, 0x0C, 0x7B, 0x1E,
    0x3D, 0x8B, 0xFF, 0x87, 0x86, 0xC7, 0xCE, 0x33, 0xFE, 0x09, 0x9F, 0xFC, 0x00, 0x00, 0x30, 0x30,
    0x18, 0xFF, 0x0D, 0x7F, 0xCF, 0xFF, 0xE6, 0xDF, 0xE3, 0x7F, 0xFB, 0xEF, 0xFC, 0x63, 0xFC, 0x31,
    0xA6, 0x18, 0xDB, 0x0C, 0x6D, 0x86, 0xBC, 0xC3, 0xD7, 0xA1, 0xCE, 0xF0, 0x8E, 0x0C, 0x00, 0x00,
    0x10, 0x10, 0x30, 0x60, 0x71, 0x87, 0xFF, 0xFF, 0xFF, 0xE0, 0x60, 0x1F, 0xFE, 0x38, 0x0C, 0x60,
    0x18, 0xFF, 0xF1, 0x80, 0x63, 0xFF, 0xC6, 0x01, 0x8C, 0x03, 0x1F, 0xFE, 0x3F, 0xFC, 0x04, 0x18,
    0x3F, 0x1C, 0x09, 0x9F, 0x0D, 0xDD, 0xC6, 0xDC, 0x73, 0x7F, 0xFD, 0xB0, 0x00, 0xFD, 0x26, 0x7E,
    0xDB, 0x03, 0x6D, 0x8F, 0x97, 0x9F, 0xC8, 0xC0, 0x60, 0xC0, 0x3F, 0xF8, 0xF0, 0x00, 0x00, 0x00,
    0x01, 0x80, 0x1F, 0xF8, 0x1F, 0xFC, 0x18, 0x0C, 0x1F, 0x8C, 0x19, 0xD8, 0x18, 0x38, 0x1F, 0xFE,
    0x1F, 0xFF, 0x00, 0x03, 0x7F, 0xF7, 0xFF, 0xF6, 0x00, 0x06, 0x00, 0x06, 0x00, 0x3E, 0x00, 0x00,
    0x00, 0x00, 0x01, 0xC0, 0x7F, 0xFF, 0x66, 0xF0, 0x67, 0xFE, 0x7F, 0xFE, 0x7F, 0xFE, 0x65, 0xFE,
    0x65, 0xFF, 0x67, 0xFC, 0x6F, 0xFC, 0x6D, 0xFC, 0x6F, 0xFF, 0x67, 0xFF, 0xDF, 0xFB, 0xC0, 0x1E,
    0x00, 0x00, 0x7F, 0x10, 0x7F, 0x1C, 0x7F, 0x16, 0x7F, 0x16, 0x5F, 0xFE, 0x7F, 0xFF, 0x7F, 0x38,
    0x0C, 0x38, 0x7F, 0x38, 0x0D, 0x38, 0x7F, 0xBC, 0x7E, 0x6C, 0x7F, 0x66, 0x5F, 0xC6, 0xDE, 0xC3,
    0x00, 0x80, 0x01, 0x80, 0x00, 0xE0, 0x1F, 0xFF, 0xC1, 0x87, 0x00, 0x77, 0x00, 0x1F, 0x00, 0x3F,
    0xF0, 0xFC, 0x7E, 0x6C, 0x1A, 0x06, 0x0C, 0x03, 0x06, 0x01, 0x83, 0x01, 0xC1, 0x81, 0xC0, 0xC0,
    0xC0, 0x60, 0x01, 0x80, 0x19, 0x80, 0x19, 0xFE, 0x19, 0x80, 0x19, 0x80, 0x7F, 0xFF, 0x7F, 0xFF,
    0x31, 0x86, 0x31, 0x86, 0x33, 0xE6, 0x36, 0x76, 0x3E, 0x3E, 0x38, 0x16, 0x3F, 0xFE, 0x3F, 0xFE,
    0x7B, 0xFC, 0xB8, 0x1F, 0x7F, 0xBF, 0x1F, 0x8F, 0xC7, 0xE3, 0xF1, 0xF8, 0xFC, 0x70, 0x7B, 0xBE,
    0xEE, 0x3B, 0xEE, 0xFB, 0xB8, 0xEE, 0x3B, 0x8E, 0xE3, 0xB8, 0xEE, 0x3B, 0x87, 0xDF, 0xED, 0xB6,
    0xC0, 0x7E, 0x00, 0x00, 0x63, 0x8C, 0x61, 0x86, 0x10, 0xC1, 0x06, 0x18, 0x60, 0xC3, 0x06, 0x08,
    0x01, 0x87, 0x0C, 0x18, 0x61, 0x86, 0x08, 0x61, 0x86, 0x18, 0xC3, 0x18, 0x40, 0x73, 0x8C, 0x67,
    0x20, 0xDF, 0x80, 0x00, 0xDF, 0x80, 0x7E, 0xFF, 0x43, 0x03, 0x06, 0x0E, 0x1C, 0x18, 0x18, 0x00,
    0x00, 0x18, 0x18, 0x00,
};

static const EpdGlyph geist_8_regularGlyphs[] = {
    { 0, 0, 67, 0, 0, 0, 0 }, // U+0020
    { 3, 12, 57, 0, 12, 5, 0 }, // !
    { 6, 4, 92, 0, 12, 3, 5 }, // "
    { 10, 12, 128, -1, 12, 15, 8 }, // #
    { 10, 16, 168, 0, 14, 20, 23 }, // $
    { 14, 12, 214, 0, 12, 21, 43 }, // %
    { 11, 12, 165, 0, 12, 17, 64 }, // &
    { 3, 4, 47, 0, 12, 2, 81 }, // '
    { 5, 15, 73, 0, 13, 10, 83 }, // (
    { 5, 15, 73, 0, 13, 10, 93 }, // )
    { 6, 7, 115, 1, 13, 6, 103 }, // *
    { 8, 8, 149, 1, 9, 8, 109 }, // +
    { 3, 4, 54, 0, 2, 2, 117 }, // ,
    { 6, 3, 112, 1, 6, 3, 119 }, // -
    { 3, 2, 54, 0, 2, 1, 122 }, // .
    { 7, 15, 128, 0, 13, 14, 123 }, // /
    { 11, 12, 177, 0, 12, 17, 137 }, // 0
    { 5, 12, 102, 0, 12, 8, 154 }, // 1
    { 9, 12, 165, 1, 12, 14, 162 }, // 2
    { 9, 12, 164, 1, 12, 14, 176 }, // 3
    { 9, 12, 164, 1, 12, 14, 190 }, // 4
    { 10, 12, 167, 0, 12, 15, 204 }, // 5
    { 10, 12, 158, 0, 12, 15, 219 }, // 6
    { 8, 12, 140, 1, 12, 12, 234 }, // 7
    { 10, 12, 161, 0, 12, 15, 246 }, // 8
    { 10, 12, 158, 0, 12, 15, 261 }, // 9
    { 3, 9, 79, 1, 9, 4, 276 }, // :
    { 3, 11, 79, 1, 9, 5, 280 }, // ;
    { 8, 10, 145, 1, 10, 10, 285 }, // <
    { 8, 6, 144, 1, 8, 6, 295 }, // =
    { 8, 10, 145, 1, 10, 10, 301 }, // >
    { 9, 12, 149, 0, 12, 14, 311 }, // ?
    { 15, 15, 242, 0, 12, 29, 325 }, // @
    { 11, 12, 178, 0, 12, 17, 354 }, // A
    { 10, 12, 181, 1, 12, 15, 371 }, // B
    { 11, 12, 188, 0, 12, 17, 386 }, // C
    { 11, 12, 185, 1, 12, 17, 403 }, // D
    { 9, 12, 161, 1, 12, 14, 420 }, // E
    { 9, 12, 157, 1, 12, 14, 434 }, // F
    { 12, 12, 187, 0, 12, 18, 448 }, // G
    { 10, 12, 190, 1, 12, 15, 466 }, // H
    { 3, 12, 72, 1, 12, 5, 481 }, // I
    { 9, 12, 159, 0, 12, 14, 486 }, // J
    { 10, 12, 171, 1, 12, 15, 500 }, // K
    { 9, 12, 155, 1, 12, 14, 515 }, // L
    { 13, 12, 234, 1, 12, 20, 529 }, // M
    { 11, 12, 198, 1, 12, 17, 549 }, // N
    { 12, 12, 197, 0, 12, 18, 566 }, // O
    { 10, 12, 173, 1, 12, 15, 584 }, // P
    { 12, 13, 196, 0, 12, 20, 599 }, // Q
    { 10, 12, 179, 1, 12, 15, 619 }, // R
    { 10, 12, 171, 0, 12, 15, 634 }, // S
    { 9, 12, 147, 1, 12, 14, 649 }, // T
    { 10, 12, 184, 1, 12, 15, 663 }, // U
    { 11, 12, 178, 0, 12, 17, 678 }, // V
    { 16, 12, 252, 0, 12, 24, 695 }, // W
    { 10, 12, 162, 0, 12, 15, 719 }, // X
    { 11, 12, 154, -1, 12, 17, 734 }, // Y
    { 8, 12, 145, 1, 12, 12, 751 }, // Z
    { 5, 16, 93, 1, 13, 10, 763 }, // [
    { 7, 15, 121, 0, 13, 14, 773 }, // <backslash>
    { 5, 16, 93, 0, 13, 10, 787 }, // ]
    { 7, 5, 114, 0, 11, 5, 797 }, // ^
    { 8, 3, 149, 1, 1, 3, 802 }, // _
    { 4, 3, 66, 0, 13, 2, 805 }, // `
    { 9, 9, 147, 0, 9, 11, 807 }, // a
    { 9, 12, 159, 1, 12, 14, 818 }, // b
    { 9, 9, 146, 0, 9, 11, 832 }, // c
    { 9, 12, 159, 0, 12, 14, 843 }, // d
    { 9, 9, 150, 0, 9, 11, 857 }, // e
    { 5, 12, 105, 1, 12, 8, 868 }, // f
    { 9, 11, 158, 0, 9, 13, 876 }, // g
    { 9, 12, 155, 1, 12, 14, 889 }, // h
    { 3, 12, 65, 1, 12, 5, 903 }, // i
    { 4, 14, 69, 0, 12, 7, 908 }, // j
    { 9, 12, 157, 1, 12, 14, 915 }, // k
    { 4, 12, 71, 1, 12, 6, 929 }, // l
    { 13, 9, 234, 1, 9, 15, 935 }, // m
    { 9, 9, 155, 1, 9, 11, 950 }, // n
    { 10, 9, 153, 0, 9, 12, 961 }, // o
    { 9, 11, 159, 1, 9, 13, 973 }, // p
    { 9, 11, 159, 0, 9, 13, 986 }, // q
    { 6, 9, 101, 1, 9, 7, 999 }, // r
    { 8, 9, 139, 0, 9, 9, 1006 }, // s
    { 5, 11, 105, 1, 11, 7, 1015 }, // t
    { 8, 9, 153, 1, 9, 9, 1022 }, // u
    { 9, 9, 143, 0, 9, 11, 1031 }, // v
    { 14, 9, 218, 0, 9, 16, 1042 }, // w
    { 9, 9, 156, 0, 9, 11, 1058 }, // x
    { 9, 11, 143, 0, 9, 13, 1069 }, // y
    { 7, 9, 143, 1, 9, 8, 1082 }, // z
    { 6, 16, 104, 1, 13, 12, 1090 }, // {
    { 3, 15, 70, 1, 13, 6, 1102 }, // |
    { 6, 16, 104, 0, 13, 12, 1108 }, // }
    { 9, 5, 140, 0, 8, 6, 1120 }, // ~
    { 0, 0, 67, 0, 0, 0, 1126 }, // U+00A0
    { 3, 11, 57, 0, 9, 5, 1126 }, // U+00A1
    { 9, 12, 146, 0, 12, 14, 1131 }, // U+00A2
    { 9, 12, 163, 1, 12, 14, 1145 }, // U+00A3
    { 11, 10, 166, 0, 10, 14, 1159 }, // U+00A4
    { 11, 12, 154, -1, 12, 17, 1173 }, // U+00A5
    { 3, 14, 70, 1, 12, 6, 1190 }, // U+00A6
    { 9, 14, 146, 1, 12, 16, 1196 }, // U+00A7
    { 6, 3, 93, 0, 13, 3, 1212 }, // U+00A8
    { 14, 14, 221, 0, 13, 25, 1215 }, // U+00A9
    { 7, 6, 107, 0, 12, 6, 1240 }, // U+00AA
    { 8, 7, 142, 1, 8, 7, 1246 }, // U+00AB
    { 9, 6, 133, 0, 6, 7, 1253 }, // U+00AC
    { 11, 11, 169, 0, 13, 16, 1260 }, // U+00AE
    { 4, 3, 95, 1, 13, 2, 1276 }, // U+00AF
    { 7, 7, 108, 0, 13, 7, 1278 }, // U+00B0
    { 8, 10, 144, 1, 10, 10, 1285 }, // U+00B1
    { 5, 7, 93, 0, 12, 5, 1295 }, // U+00B2
    { 5, 7, 89, 0, 12, 5, 1300 }, // U+00B3
    { 4, 3, 66, 0, 13, 2, 1305 }, // U+00B4
    { 9, 12, 153, 1, 9, 14, 1307 }, // U+00B5
    { 9, 12, 159, 0, 12, 14, 1321 }, // U+00B6
    { 3, 3, 54, 0, 7, 2, 1335 }, // U+00B7
    { 6, 5, 85, 0, 0, 4, 1337 }, // U+00B8
    { 3, 7, 65, 0, 12, 3, 1341 }, // U+00B9
    { 6, 6, 112, 0, 12, 5, 1344 }, // U+00BA
    { 9, 7, 143, 0, 8, 8, 1349 }, // U+00BB
    { 13, 12, 195, 0, 12, 20, 1357 }, // U+00BC
    { 13, 12, 213, 0, 11, 20, 1377 }, // U+00BD
    { 14, 13, 209, 0, 13, 23, 1397 }, // U+00BE
    { 9, 13, 149, 0, 11, 15, 1420 }, // U+00BF
    { 11, 15, 178, 0, 15, 21, 1435 }, // U+00C0
    { 11, 15, 178, 0, 15, 21, 1456 }, // U+00C1
    { 11, 15, 178, 0, 15, 21, 1477 }, // U+00C2
    { 11, 16, 178, 0, 16, 22, 1498 }, // U+00C3
    { 12, 16, 178, 0, 16, 24, 1520 }, // U+00C4
    { 11, 17, 178, 0, 17, 24, 1544 }, // U+00C5
    { 16, 12, 259, 0, 12, 24, 1568 }, // U+00C6
    { 12, 16, 188, 0, 12, 24, 1592 }, // U+00C7
    { 9, 15, 161, 1, 15, 17, 1616 }, // U+00C8
    { 9, 15, 161, 1, 15, 17, 1633 }, // U+00C9
    { 9, 15, 161, 1, 15, 17, 1650 }, // U+00CA
    { 8, 16, 161, 1, 16, 16, 1667 }, // U+00CB
    { 4, 15, 72, 0, 15, 8, 1683 }, // U+00CC
    { 4, 15, 72, 1, 15, 8, 1691 }, // U+00CD
    { 5, 15, 72, 0, 15, 10, 1699 }, // U+00CE
    { 6, 16, 72, 0, 16, 12, 1709 }, // U+00CF
    { 12, 12, 185, 0, 12, 18, 1721 }, // U+00D0
    { 11, 16, 198, 1, 16, 22, 1739 }, // U+00D1
    { 12, 16, 197, 0, 16, 24, 1761 }, // U+00D2
    { 12, 16, 197, 0, 16, 24, 1785 }, // U+00D3
    { 12, 16, 197, 0, 16, 24, 1809 }, // U+00D4
    { 12, 16, 197, 0, 16, 24, 1833 }, // U+00D5
    { 12, 16, 197, 0, 16, 24, 1857 }, // U+00D6
    { 8, 8, 134, 0, 9, 8, 1881 }, // U+00D7
    { 12, 12, 197, 0, 12, 18, 1889 }, // U+00D8
    { 10, 16, 184, 1, 16, 20, 1907 }, // U+00D9
    { 10, 16, 184, 1, 16, 20, 1927 }, // U+00DA
    { 10, 16, 184, 1, 16, 20, 1947 }, // U+00DB
    { 10, 16, 184, 1, 16, 20, 1967 }, // U+00DC
    { 11, 15, 154, -1, 15, 21, 1987 }, // U+00DD
    { 9, 12, 165, 1, 12, 14, 2008 }, // U+00DE
    { 9, 12, 157, 1, 12, 14, 2022 }, // U+00DF
    { 9, 12, 147, 0, 12, 14, 2036 }, // U+00E0
    { 9, 12, 147, 0, 12, 14, 2050 }, // U+00E1
    { 9, 12, 147, 0, 12, 14, 2064 }, // U+00E2
    { 9, 12, 147, 0, 12, 14, 2078 }, // U+00E3
    { 9, 12, 147, 0, 12, 14, 2092 }, // U+00E4
    { 9, 14, 147, 0, 14, 16, 2106 }, // U+00E5
    { 15, 9, 245, 0, 9, 17, 2122 }, // U+00E6
    { 10, 13, 146, 0, 9, 17, 2139 }, // U+00E7
    { 9, 12, 150, 0, 12, 14, 2156 }, // U+00E8
    { 9, 12, 150, 0, 12, 14, 2170 }, // U+00E9
    { 9, 12, 150, 0, 12, 14, 2184 }, // U+00EA
    { 9, 12, 150, 0, 12, 14, 2198 }, // U+00EB
    { 4, 12, 65, 0, 12, 6, 2212 }, // U+00EC
    { 4, 12, 65, 1, 12, 6, 2218 }, // U+00ED
    { 5, 12, 65, 0, 12, 8, 2224 }, // U+00EE
    { 5, 12, 65, 0, 12, 8, 2232 }, // U+00EF
    { 10, 12, 153, 0, 12, 15, 2240 }, // U+00F0
    { 9, 12, 155, 1, 12, 14, 2255 }, // U+00F1
    { 10, 12, 153, 0, 12, 15, 2269 }, // U+00F2
    { 10, 12, 153, 0, 12, 15, 2284 }, // U+00F3
    { 10, 12, 153, 0, 12, 15, 2299 }, // U+00F4
    { 10, 12, 153, 0, 12, 15, 2314 }, // U+00F5
    { 10, 12, 153, 0, 12, 15, 2329 }, // U+00F6
    { 8, 9, 144, 1, 9, 9, 2344 }, // U+00F7
    { 10, 9, 153, 0, 9, 12, 2353 }, // U+00F8
    { 8, 12, 153, 1, 12, 12, 2365 }, // U+00F9
    { 8, 12, 153, 1, 12, 12, 2377 }, // U+00FA
    { 8, 12, 153, 1, 12, 12, 2389 }, // U+00FB
    { 8, 12, 153, 1, 12, 12, 2401 }, // U+00FC
    { 9, 14, 143, 0, 12, 16, 2413 }, // U+00FD
    { 9, 14, 159, 1, 12, 16, 2429 }, // U+00FE
    { 10, 14, 143, 0, 12, 18, 2445 }, // U+00FF
    { 10, 16, 178, 0, 16, 20, 2463 }, // U+0100
    { 9, 12, 147, 0, 12, 14, 2483 }, // U+0101
    { 11, 15, 178, 0, 15, 21, 2497 }, // U+0102
    { 9, 12, 147, 0, 12, 14, 2518 }, // U+0103
    { 12, 16, 178, -1, 12, 24, 2532 }, // U+0104
    { 10, 13, 147, 0, 9, 17, 2556 }, // U+0105
    { 11, 16, 188, 0, 16, 22, 2573 }, // U+0106
    { 9, 12, 146, 0, 12, 14, 2595 }, // U+0107
    { 11, 16, 188, 0, 16, 22, 2609 }, // U+0108
    { 9, 12, 146, 0, 12, 14, 2631 }, // U+0109
    { 12, 16, 188, 0, 16, 24, 2645 }, // U+010A
    { 9, 12, 146, 0, 12, 14, 2669 }, // U+010B
    { 11, 16, 188, 0, 16, 22, 2683 }, // U+010C
    { 9, 12, 146, 0, 12, 14, 2705 }, // U+010D
    { 11, 15, 185, 1, 15, 21, 2719 }, // U+010E
    { 11, 12, 177, 0, 12, 17, 2740 }, // U+010F
    { 12, 12, 185, 0, 12, 18, 2757 }, // U+0110
    { 10, 12, 159, 0, 12, 15, 2775 }, // U+0111
    { 8, 16, 161, 1, 16, 16, 2790 }, // U+0112
    { 9, 12, 150, 0, 12, 14, 2806 }, // U+0113
    { 9, 16, 161, 1, 16, 18, 2820 }, // U+0116
    { 9, 12, 150, 0, 12, 14, 2838 }, // U+0117
    { 9, 16, 161, 1, 12, 18, 2852 }, // U+0118
    { 9, 13, 150, 0, 9, 15, 2870 }, // U+0119
    { 9, 15, 161, 1, 15, 17, 2885 }, // U+011A
    { 9, 12, 150, 0, 12, 14, 2902 }, // U+011B
    { 12, 16, 187, 0, 16, 24, 2916 }, // U+011C
    { 9, 14, 158, 0, 12, 16, 2940 }, // U+011D
    { 12, 16, 187, 0, 16, 24, 2956 }, // U+011E
    { 9, 15, 158, 0, 13, 17, 2980 }, // U+011F
    { 12, 16, 187, 0, 16, 24, 2997 }, // U+0120
    { 9, 14, 158, 0, 12, 16, 3021 }, // U+0121
    { 12, 16, 187, 0, 12, 24, 3037 }, // U+0122
    { 9, 16, 158, 0, 14, 18, 3061 }, // U+0123
    { 10, 15, 190, 1, 15, 19, 3079 }, // U+0124
    { 10, 15, 155, 0, 15, 19, 3098 }, // U+0125
    { 12, 12, 190, 0, 12, 18, 3117 }, // U+0126
    { 10, 12, 155, 0, 12, 15, 3135 }, // U+0127
    { 7, 16, 72, -1, 16, 14, 3150 }, // U+0128
    { 7, 12, 65, -1, 12, 11, 3164 }, // U+0129
    { 4, 16, 72, 1, 16, 8, 3175 }, // U+012A
    { 4, 12, 65, 0, 12, 6, 3183 }, // U+012B
    { 4, 16, 72, 0, 12, 8, 3189 }, // U+012E
    { 4, 16, 65, 0, 12, 8, 3197 }, // U+012F
    { 3, 16, 72, 1, 16, 6, 3205 }, // U+0130
    { 3, 9, 65, 1, 9, 4, 3211 }, // U+0131
    { 13, 12, 226, 1, 12, 20, 3215 }, // U+0132
    { 7, 14, 132, 1, 12, 13, 3235 }, // U+0133
    { 10, 16, 159, 0, 16, 20, 3248 }, // U+0134
    { 5, 14, 69, 0, 12, 9, 3268 }, // U+0135
    { 10, 16, 171, 1, 12, 20, 3277 }, // U+0136
    { 9, 16, 157, 1, 12, 18, 3297 }, // U+0137
    { 9, 15, 155, 1, 15, 17, 3315 }, // U+0139
    { 4, 15, 71, 1, 15, 8, 3332 }, // U+013A
    { 8, 16, 155, 1, 12, 16, 3340 }, // U+013B
    { 4, 16, 71, 1, 12, 8, 3356 }, // U+013C
    { 9, 12, 155, 1, 12, 14, 3364 }, // U+013D
    { 6, 12, 85, 1, 12, 9, 3378 }, // U+013E
    { 10, 12, 155, 0, 12, 15, 3387 }, // U+0141
    { 5, 12, 71, 0, 12, 8, 3402 }, // U+0142
    { 11, 15, 198, 1, 15, 21, 3410 }, // U+0143
    { 9, 12, 155, 1, 12, 14, 3431 }, // U+0144
    { 11, 16, 198, 1, 12, 22, 3445 }, // U+0145
    { 9, 13, 155, 1, 9, 15, 3467 }, // U+0146
    { 11, 15, 198, 1, 15, 21, 3482 }, // U+0147
    { 9, 12, 155, 1, 12, 14, 3503 }, // U+0148
    { 11, 14, 198, 1, 12, 20, 3517 }, // U+014A
    { 9, 11, 155, 1, 9, 13, 3537 }, // U+014B
    { 12, 16, 197, 0, 16, 24, 3550 }, // U+014C
    { 10, 12, 153, 0, 12, 15, 3574 }, // U+014D
    { 12, 16, 197, 0, 16, 24, 3589 }, // U+0150
    { 10, 12, 153, 0, 12, 15, 3613 }, // U+0151
    { 18, 12, 290, 0, 12, 27, 3628 }, // U+0152
    { 16, 9, 256, 0, 9, 18, 3655 }, // U+0153
    { 10, 15, 179, 1, 15, 19, 3673 }, // U+0154
    { 6, 12, 101, 1, 12, 9, 3692 }, // U+0155
    { 11, 16, 179, 1, 12, 22, 3701 }, // U+0156
    { 5, 13, 101, 1, 9, 9, 3723 }, // U+0157
    { 10, 15, 179, 1, 15, 19, 3732 }, // U+0158
    { 6, 12, 101, 1, 12, 9, 3751 }, // U+0159
    { 10, 16, 171, 0, 16, 20, 3760 }, // U+015A
    { 8, 12, 139, 0, 12, 12, 3780 }, // U+015B
    { 10, 16, 171, 0, 16, 20, 3792 }, // U+015C
    { 8, 12, 139, 0, 12, 12, 3812 }, // U+015D
    { 10, 16, 171, 0, 12, 20, 3824 }, // U+015E
    { 8, 13, 139, 0, 9, 13, 3844 }, // U+015F
    { 10, 16, 171, 0, 16, 20, 3857 }, // U+0160
    { 8, 12, 139, 0, 12, 12, 3877 }, // U+0161
    { 9, 17, 147, 1, 12, 20, 3889 }, // U+0162
    { 6, 16, 105, 1, 11, 12, 3909 }, // U+0163
    { 9, 15, 147, 1, 15, 17, 3921 }, // U+0164
    { 6, 12, 106, 1, 12, 9, 3938 }, // U+0165
    { 9, 12, 147, 1, 12, 14, 3947 }, // U+0166
    { 6, 11, 105, 0, 11, 9, 3961 }, // U+0167
    { 10, 16, 184, 1, 16, 20, 3970 }, // U+0168
    { 8, 12, 153, 1, 12, 12, 3990 }, // U+0169
    { 10, 16, 184, 1, 16, 20, 4002 }, // U+016A
    { 8, 12, 153, 1, 12, 12, 4022 }, // U+016B
    { 10, 16, 184, 1, 16, 20, 4034 }, // U+016C
    { 8, 12, 153, 1, 12, 12, 4054 }, // U+016D
    { 10, 17, 184, 1, 17, 22, 4066 }, // U+016E
    { 8, 14, 153, 1, 14, 14, 4088 }, // U+016F
    { 10, 16, 184, 1, 16, 20, 4102 }, // U+0170
    { 8, 12, 153, 1, 12, 12, 4122 }, // U+0171
    { 10, 16, 184, 1, 12, 20, 4134 }, // U+0172
    { 8, 13, 153, 1, 9, 13, 4154 }, // U+0173
    { 16, 15, 252, 0, 15, 30, 4167 }, // U+0174
    { 14, 12, 218, 0, 12, 21, 4197 }, // U+0175
    { 11, 15, 154, -1, 15, 21, 4218 }, // U+0176
    { 9, 14, 143, 0, 12, 16, 4239 }, // U+0177
    { 11, 16, 154, -1, 16, 22, 4255 }, // U+0178
    { 8, 15, 145, 1, 15, 15, 4277 }, // U+0179
    { 7, 12, 143, 1, 12, 11, 4292 }, // U+017A
    { 8, 16, 145, 1, 16, 16, 4303 }, // U+017B
    { 7, 12, 143, 1, 12, 11, 4319 }, // U+017C
    { 8, 15, 145, 1, 15, 15, 4330 }, // U+017D
    { 7, 12, 143, 1, 12, 11, 4345 }, // U+017E
    { 12, 15, 197, 0, 15, 23, 4356 }, // U+01A0
    { 10, 12, 153, 0, 12, 15, 4379 }, // U+01A1
    { 12, 15, 184, 1, 15, 23, 4394 }, // U+01AF
    { 10, 12, 154, 1, 12, 15, 4417 }, // U+01B0
    { 11, 15, 178, 0, 15, 21, 4432 }, // U+01CD
    { 9, 12, 147, 0, 12, 14, 4453 }, // U+01CE
    { 12, 12, 198, 0, 12, 18, 4467 }, // U+01E4
    { 10, 11, 166, 0, 9, 14, 4485 }, // U+01E5
    { 12, 16, 187, 0, 16, 24, 4499 }, // U+01E6
    { 9, 14, 158, 0, 12, 16, 4523 }, // U+01E7
    { 10, 15, 171, 1, 15, 19, 4539 }, // U+01E8
    { 10, 15, 157, 0, 15, 19, 4558 }, // U+01E9
    { 10, 16, 171, 0, 12, 20, 4577 }, // U+0218
    { 8, 13, 139, 0, 9, 13, 4597 }, // U+0219
    { 9, 16, 147, 1, 12, 18, 4610 }, // U+021A
    { 5, 15, 105, 1, 11, 10, 4628 }, // U+021B
    { 4, 3, 0, 0, 13, 2, 4638 }, // U+0300
    { 4, 3, 0, 0, 13, 2, 4640 }, // U+0301
    { 6, 2, 0, 0, 12, 2, 4642 }, // U+0302
    { 5, 4, 0, 1, 13, 3, 4644 }, // U+0303
    { 4, 3, 0, 1, 13, 2, 4647 }, // U+0304
    { 5, 3, 0, 1, 12, 2, 4649 }, // U+0306
    { 3, 3, 0, 0, 13, 2, 4651 }, // U+0307
    { 6, 3, 0, 0, 13, 3, 4653 }, // U+0308
    { 4, 5, 0, 1, 14, 3, 4656 }, // U+0309
    { 5, 5, 0, 0, 14, 4, 4659 }, // U+030A
    { 6, 3, 0, 0, 13, 3, 4663 }, // U+030B
    { 6, 2, 0, 0, 12, 2, 4666 }, // U+030C
    { 3, 3, 0, 0, 13, 2, 4668 }, // U+0312
    { 5, 4, 0, 0, 12, 3, 4670 }, // U+031B
    { 3, 3, 0, 0, 0, 2, 4673 }, // U+0323
    { 3, 4, 0, 0, 0, 2, 4675 }, // U+0326
    { 6, 5, 0, 0, 0, 4, 4677 }, // U+0327
    { 3, 5, 0, 1, 1, 2, 4681 }, // U+0328
    { 5, 3, 0, 2, 7, 2, 4683 }, // U+0335
    { 11, 3, 0, 1, 11, 5, 4685 }, // U+0336
    { 4, 5, 0, 1, 9, 3, 4690 }, // U+0337
    { 9, 10, 0, 0, 10, 12, 4693 }, // U+0338
    { 9, 15, 161, 1, 15, 17, 4705 }, // U+0400
    { 8, 16, 161, 1, 16, 16, 4722 }, // U+0401
    { 13, 12, 215, 1, 12, 20, 4738 }, // U+0402
    { 8, 15, 144, 1, 15, 15, 4758 }, // U+0403
    { 11, 12, 190, 1, 12, 17, 4773 }, // U+0404
    { 10, 12, 171, 0, 12, 15, 4790 }, // U+0405
    { 3, 12, 72, 1, 12, 5, 4805 }, // U+0406
    { 5, 16, 72, 0, 16, 10, 4810 }, // U+0407
    { 9, 12, 159, 0, 12, 14, 4820 }, // U+0408
    { 18, 12, 301, 0, 12, 27, 4834 }, // U+0409
    { 17, 12, 294, 1, 12, 26, 4861 }, // U+040A
    { 13, 12, 217, 1, 12, 20, 4887 }, // U+040B
    { 10, 15, 168, 1, 15, 19, 4907 }, // U+040C
    { 11, 15, 197, 1, 15, 21, 4926 }, // U+040D
    { 11, 15, 168, 0, 15, 21, 4947 }, // U+040E
    { 11, 14, 190, 1, 12, 20, 4968 }, // U+040F
    { 11, 12, 178, 0, 12, 17, 4988 }, // U+0410
    { 10, 12, 176, 1, 12, 15, 5005 }, // U+0411
    { 10, 12, 181, 1, 12, 15, 5020 }, // U+0412
    { 8, 12, 144, 1, 12, 12, 5035 }, // U+0413
    { 13, 14, 208, 0, 12, 23, 5047 }, // U+0414
    { 9, 12, 161, 1, 12, 14, 5070 }, // U+0415
    { 15, 12, 240, 0, 12, 23, 5084 }, // U+0416
    { 10, 12, 164, 0, 12, 15, 5107 }, // U+0417
    { 11, 12, 198, 1, 12, 17, 5122 }, // U+0418
    { 11, 15, 198, 1, 15, 21, 5139 }, // U+0419
    { 10, 12, 168, 1, 12, 15, 5160 }, // U+041A
    { 11, 12, 196, 1, 12, 17, 5175 }, // U+041B
    { 13, 12, 234, 1, 12, 20, 5192 }, // U+041C
    { 10, 12, 190, 1, 12, 15, 5212 }, // U+041D
    { 12, 12, 197, 0, 12, 18, 5227 }, // U+041E
    { 10, 12, 190, 1, 12, 15, 5245 }, // U+041F
    { 10, 12, 173, 1, 12, 15, 5260 }, // U+0420
    { 11, 12, 188, 0, 12, 17, 5275 }, // U+0421
    { 9, 12, 151, 0, 12, 14, 5292 }, // U+0422
    { 11, 12, 168, 0, 12, 17, 5306 }, // U+0423
    { 15, 12, 228, 0, 12, 23, 5323 }, // U+0424
    { 10, 12, 162, 0, 12, 15, 5346 }, // U+0425
    { 12, 14, 202, 1, 12, 21, 5361 }, // U+0426
    { 11, 12, 185, 0, 12, 17, 5382 }, // U+0427
    { 15, 12, 256, 1, 12, 23, 5399 }, // U+0428
    { 16, 14, 267, 1, 12, 28, 5422 }, // U+0429
    { 13, 12, 211, 0, 12, 20, 5450 }, // U+042A
    { 13, 12, 229, 1, 12, 20, 5470 }, // U+042B
    { 10, 12, 176, 1, 12, 15, 5490 }, // U+042C
    { 11, 12, 190, 0, 12, 17, 5505 }, // U+042D
    { 15, 12, 252, 1, 12, 23, 5522 }, // U+042E
    { 10, 12, 177, 0, 12, 15, 5545 }, // U+042F
    { 9, 9, 147, 0, 9, 11, 5560 }, // U+0430
    { 9, 12, 148, 0, 12, 14, 5571 }, // U+0431
    { 9, 9, 157, 1, 9, 11, 5585 }, // U+0432
    { 7, 9, 123, 1, 9, 8, 5596 }, // U+0433
    { 11, 11, 163, 0, 9, 16, 5604 }, // U+0434
    { 9, 9, 150, 0, 9, 11, 5620 }, // U+0435
    { 13, 9, 228, 1, 9, 15, 5631 }, // U+0436
    { 9, 9, 138, 0, 9, 11, 5646 }, // U+0437
    { 9, 9, 155, 1, 9, 11, 5657 }, // U+0438
    { 9, 12, 155, 1, 12, 14, 5668 }, // U+0439
    { 9, 9, 153, 1, 9, 11, 5682 }, // U+043A
    { 9, 9, 165, 1, 9, 11, 5693 }, // U+043B
    { 11, 9, 187, 1, 9, 13, 5704 }, // U+043C
    { 9, 9, 155, 1, 9, 11, 5717 }, // U+043D
    { 10, 9, 153, 0, 9, 12, 5728 }, // U+043E
    { 9, 9, 155, 1, 9, 11, 5740 }, // U+043F
    { 9, 11, 159, 1, 9, 13, 5751 }, // U+0440
    { 9, 9, 146, 0, 9, 11, 5764 }, // U+0441
    { 8, 9, 147, 1, 9, 9, 5775 }, // U+0442
    { 9, 11, 143, 0, 9, 13, 5784 }, // U+0443
    { 13, 14, 199, 0, 12, 23, 5797 }, // U+0444
    { 9, 9, 156, 0, 9, 11, 5820 }, // U+0445
    { 10, 11, 161, 1, 9, 14, 5831 }, // U+0446
    { 9, 9, 156, 1, 9, 11, 5845 }, // U+0447
    { 13, 9, 217, 1, 9, 15, 5856 }, // U+0448
    { 14, 11, 223, 1, 9, 20, 5871 }, // U+0449
    { 10, 9, 163, 0, 9, 12, 5891 }, // U+044A
    { 11, 9, 187, 1, 9, 13, 5903 }, // U+044B
    { 8, 9, 144, 1, 9, 9, 5916 }, // U+044C
    { 8, 9, 148, 0, 9, 9, 5925 }, // U+044D
    { 13, 9, 209, 1, 9, 15, 5934 }, // U+044E
    { 9, 9, 156, 1, 9, 11, 5949 }, // U+044F
    { 9, 12, 150, 0, 12, 14, 5960 }, // U+0450
    { 9, 12, 150, 0, 12, 14, 5974 }, // U+0451
    { 9, 14, 155, 1, 12, 16, 5988 }, // U+0452
    { 7, 12, 123, 1, 12, 11, 6004 }, // U+0453
    { 8, 9, 148, 1, 9, 9, 6015 }, // U+0454
    { 8, 9, 139, 0, 9, 9, 6024 }, // U+0455
    { 3, 12, 65, 1, 12, 5, 6033 }, // U+0456
    { 5, 12, 65, 0, 12, 8, 6038 }, // U+0457
    { 4, 14, 69, 0, 12, 7, 6046 }, // U+0458
    { 14, 9, 244, 1, 9, 16, 6053 }, // U+0459
    { 14, 9, 234, 1, 9, 16, 6069 }, // U+045A
    { 10, 12, 155, 0, 12, 15, 6085 }, // U+045B
    { 9, 12, 153, 1, 12, 14, 6100 }, // U+045C
    { 9, 12, 155, 1, 12, 14, 6114 }, // U+045D
    { 9, 15, 143, 0, 13, 17, 6128 }, // U+045E
    { 9, 11, 155, 1, 9, 13, 6145 }, // U+045F
    { 12, 12, 208, 1, 12, 18, 6158 }, // U+0462
    { 9, 11, 149, 1, 11, 13, 6176 }, // U+0463
    { 12, 12, 193, 0, 12, 18, 6189 }, // U+046A
    { 11, 9, 188, 0, 9, 13, 6207 }, // U+046B
    { 12, 12, 197, 0, 12, 18, 6220 }, // U+0472
    { 10, 9, 153, 0, 9, 12, 6238 }, // U+0473
    { 12, 12, 189, 0, 12, 18, 6250 }, // U+0474
    { 9, 9, 145, 0, 9, 11, 6268 }, // U+0475
    { 9, 15, 144, 1, 15, 17, 6279 }, // U+0490
    { 8, 11, 123, 1, 11, 11, 6296 }, // U+0491
    { 9, 12, 160, 1, 12, 14, 6307 }, // U+0492
    { 8, 9, 147, 1, 9, 9, 6321 }, // U+0493
    { 16, 14, 246, 0, 12, 28, 6330 }, // U+0496
    { 14, 11, 228, 1, 9, 20, 6358 }, // U+0497
    { 11, 14, 175, 1, 12, 20, 6378 }, // U+049A
    { 10, 11, 152, 1, 9, 14, 6398 }, // U+049B
    { 12, 14, 208, 1, 12, 21, 6412 }, // U+04A2
    { 10, 11, 161, 1, 9, 14, 6433 }, // U+04A3
    { 11, 12, 154, -1, 12, 17, 6447 }, // U+04AE
    { 9, 11, 145, 0, 9, 13, 6464 }, // U+04AF
    { 11, 12, 154, -1, 12, 17, 6477 }, // U+04B0
    { 9, 11, 145, 0, 9, 13, 6494 }, // U+04B1
    { 12, 14, 171, -1, 12, 21, 6507 }, // U+04B2
    { 10, 11, 157, 1, 9, 14, 6528 }, // U+04B3
    { 12, 14, 197, 0, 12, 21, 6542 }, // U+04B6
    { 10, 11, 163, 1, 9, 14, 6563 }, // U+04B7
    { 11, 12, 185, 1, 12, 17, 6577 }, // U+04BA
    { 9, 12, 155, 1, 12, 14, 6594 }, // U+04BB
    { 3, 12, 72, 1, 12, 5, 6608 }, // U+04C0
    { 3, 12, 71, 1, 12, 5, 6613 }, // U+04CF
    { 12, 12, 190, 0, 12, 18, 6618 }, // U+04D8
    { 9, 9, 150, 1, 9, 11, 6636 }, // U+04D9
    { 11, 16, 198, 1, 16, 22, 6647 }, // U+04E2
    { 9, 12, 155, 1, 12, 14, 6669 }, // U+04E3
    { 11, 12, 197, 1, 12, 17, 6683 }, // U+04E8
    { 8, 9, 153, 1, 9, 9, 6700 }, // U+04E9
    { 10, 16, 168, 0, 16, 20, 6709 }, // U+04EE
    { 8, 14, 143, 0, 12, 14, 6729 }, // U+04EF
    { 11, 14, 178, 0, 12, 20, 6743 }, // U+1EA0
    { 9, 11, 147, 0, 9, 13, 6763 }, // U+1EA1
    { 12, 17, 178, 0, 17, 26, 6776 }, // U+1EA2
    { 9, 14, 147, 0, 14, 16, 6802 }, // U+1EA3
    { 11, 17, 178, 0, 17, 24, 6818 }, // U+1EA4
    { 9, 14, 147, 0, 14, 16, 6842 }, // U+1EA5
    { 11, 17, 178, 0, 17, 24, 6858 }, // U+1EA6
    { 9, 14, 147, 0, 14, 16, 6882 }, // U+1EA7
    { 12, 18, 178, 0, 18, 27, 6898 }, // U+1EA8
    { 9, 15, 147, 0, 15, 17, 6925 }, // U+1EA9
    { 11, 18, 178, 0, 18, 25, 6942 }, // U+1EAA
    { 9, 15, 147, 0, 15, 17, 6967 }, // U+1EAB
    { 11, 18, 178, 0, 16, 25, 6984 }, // U+1EAC
    { 9, 14, 147, 0, 12, 16, 7009 }, // U+1EAD
    { 11, 18, 178, 0, 18, 25, 7025 }, // U+1EAE
    { 9, 15, 147, 0, 15, 17, 7050 }, // U+1EAF
    { 11, 18, 178, 0, 18, 25, 7067 }, // U+1EB0
    { 9, 15, 147, 0, 15, 17, 7092 }, // U+1EB1
    { 11, 19, 178, 0, 19, 27, 7109 }, // U+1EB2
    { 9, 16, 147, 0, 16, 18, 7136 }, // U+1EB3
    { 11, 19, 178, 0, 19, 27, 7154 }, // U+1EB4
    { 9, 16, 147, 0, 16, 18, 7181 }, // U+1EB5
    { 11, 18, 178, 0, 16, 25, 7199 }, // U+1EB6
    { 9, 15, 147, 0, 13, 17, 7224 }, // U+1EB7
    { 9, 14, 161, 1, 12, 16, 7241 }, // U+1EB8
    { 9, 11, 150, 0, 9, 13, 7257 }, // U+1EB9
    { 9, 17, 161, 1, 17, 20, 7270 }, // U+1EBA
    { 9, 14, 150, 0, 14, 16, 7290 }, // U+1EBB
    { 9, 16, 161, 1, 16, 18, 7306 }, // U+1EBC
    { 9, 12, 150, 0, 12, 14, 7324 }, // U+1EBD
    { 9, 17, 161, 1, 17, 20, 7338 }, // U+1EBE
    { 9, 14, 150, 0, 14, 16, 7358 }, // U+1EBF
    { 9, 17, 161, 1, 17, 20, 7374 }, // U+1EC0
    { 9, 14, 150, 0, 14, 16, 7394 }, // U+1EC1
    { 9, 18, 161, 1, 18, 21, 7410 }, // U+1EC2
    { 9, 15, 150, 0, 15, 17, 7431 }, // U+1EC3
    { 9, 18, 161, 1, 18, 21, 7448 }, // U+1EC4
    { 9, 15, 150, 0, 15, 17, 7469 }, // U+1EC5
    { 9, 18, 161, 1, 16, 21, 7486 }, // U+1EC6
    { 9, 14, 150, 0, 12, 16, 7507 }, // U+1EC7
    { 4, 17, 72, 1, 17, 9, 7523 }, // U+1EC8
    { 4, 14, 65, 1, 14, 7, 7532 }, // U+1EC9
    { 3, 14, 72, 1, 12, 6, 7539 }, // U+1ECA
    { 3, 14, 65, 1, 12, 6, 7545 }, // U+1ECB
    { 13, 14, 197, 0, 12, 23, 7551 }, // U+1ECC
    { 9, 11, 153, 0, 9, 13, 7574 }, // U+1ECD
    { 12, 17, 197, 0, 17, 26, 7587 }, // U+1ECE
    { 10, 14, 153, 0, 14, 18, 7613 }, // U+1ECF
    { 12, 17, 197, 0, 17, 26, 7631 }, // U+1ED0
    { 10, 14, 153, 0, 14, 18, 7657 }, // U+1ED1
    { 12, 17, 197, 0, 17, 26, 7675 }, // U+1ED2
    { 10, 14, 153, 0, 14, 18, 7701 }, // U+1ED3
    { 12, 18, 197, 0, 18, 27, 7719 }, // U+1ED4
    { 10, 15, 153, 0, 15, 19, 7746 }, // U+1ED5
    { 12, 19, 197, 0, 19, 29, 7765 }, // U+1ED6
    { 10, 15, 153, 0, 15, 19, 7794 }, // U+1ED7
    { 13, 18, 197, 0, 16, 30, 7813 }, // U+1ED8
    { 9, 14, 153, 0, 12, 16, 7843 }, // U+1ED9
    { 12, 16, 197, 0, 16, 24, 7859 }, // U+1EDA
    { 10, 12, 153, 0, 12, 15, 7883 }, // U+1EDB
    { 12, 16, 197, 0, 16, 24, 7898 }, // U+1EDC
    { 10, 12, 153, 0, 12, 15, 7922 }, // U+1EDD
    { 12, 17, 197, 0, 17, 26, 7937 }, // U+1EDE
    { 10, 14, 153, 0, 14, 18, 7963 }, // U+1EDF
    { 12, 16, 197, 0, 16, 24, 7981 }, // U+1EE0
    { 10, 12, 153, 0, 12, 15, 8005 }, // U+1EE1
    { 12, 17, 197, 0, 15, 26, 8020 }, // U+1EE2
    { 9, 14, 153, 0, 12, 16, 8046 }, // U+1EE3
    { 11, 14, 184, 1, 12, 20, 8062 }, // U+1EE4
    { 8, 11, 153, 1, 9, 11, 8082 }, // U+1EE5
    { 10, 17, 184, 1, 17, 22, 8093 }, // U+1EE6
    { 8, 14, 153, 1, 14, 14, 8115 }, // U+1EE7
    { 12, 16, 184, 1, 16, 24, 8129 }, // U+1EE8
    { 10, 12, 154, 1, 12, 15, 8153 }, // U+1EE9
    { 12, 16, 184, 1, 16, 24, 8168 }, // U+1EEA
    { 10, 12, 154, 1, 12, 15, 8192 }, // U+1EEB
    { 12, 17, 184, 1, 17, 26, 8207 }, // U+1EEC
    { 10, 14, 154, 1, 14, 18, 8233 }, // U+1EED
    { 12, 16, 184, 1, 16, 24, 8251 }, // U+1EEE
    { 10, 12, 154, 1, 12, 15, 8275 }, // U+1EEF
    { 12, 17, 184, 1, 15, 26, 8290 }, // U+1EF0
    { 10, 14, 154, 1, 12, 18, 8316 }, // U+1EF1
    { 11, 15, 154, -1, 15, 21, 8334 }, // U+1EF2
    { 9, 14, 143, 0, 12, 16, 8355 }, // U+1EF3
    { 11, 14, 154, -1, 12, 20, 8371 }, // U+1EF4
    { 9, 11, 143, 0, 9, 13, 8391 }, // U+1EF5
    { 11, 17, 154, -1, 17, 24, 8404 }, // U+1EF6
    { 9, 16, 143, 0, 14, 18, 8428 }, // U+1EF7
    { 11, 16, 154, 0, 16, 22, 8446 }, // U+1EF8
    { 10, 15, 143, 0, 13, 19, 8468 }, // U+1EF9
    { 8, 3, 158, 1, 6, 3, 8487 }, // U+2013
    { 14, 3, 242, 1, 6, 6, 8490 }, // U+2014
    { 3, 5, 54, 0, 12, 2, 8496 }, // U+2018
    { 3, 4, 54, 0, 12, 2, 8498 }, // U+2019
    { 3, 4, 54, 0, 2, 2, 8500 }, // U+201A
    { 6, 5, 98, 0, 12, 4, 8502 }, // U+201C
    { 6, 4, 98, 0, 12, 3, 8506 }, // U+201D
    { 6, 4, 98, 0, 2, 3, 8509 }, // U+201E
    { 7, 12, 156, 2, 12, 11, 8512 }, // U+2020
    { 7, 12, 156, 2, 12, 11, 8523 }, // U+2021
    { 4, 4, 83, 1, 7, 2, 8534 }, // U+2022
    { 9, 2, 152, 0, 2, 3, 8536 }, // U+2026
    { 0, 0, 160, 0, 0, 0, 8539 }, // U+2028
    { 0, 0, 160, 0, 0, 0, 8539 }, // U+2029
    { 20, 12, 312, 0, 12, 30, 8539 }, // U+2030
    { 3, 4, 56, 0, 12, 2, 8569 }, // U+2032
    { 5, 4, 89, 0, 12, 3, 8571 }, // U+2033
    { 5, 7, 88, 1, 8, 5, 8574 }, // U+2039
    { 5, 7, 88, 0, 8, 5, 8579 }, // U+203A
    { 11, 12, 45, -4, 12, 17, 8584 }, // U+2044
    { 6, 7, 105, 0, 12, 6, 8601 }, // U+2070
    { 6, 7, 88, 0, 12, 6, 8607 }, // U+2074
    { 5, 7, 92, 0, 12, 5, 8613 }, // U+2075
    { 6, 7, 99, 0, 12, 6, 8618 }, // U+2076
    { 5, 7, 80, 0, 12, 5, 8624 }, // U+2077
    { 6, 7, 93, 0, 12, 6, 8629 }, // U+2078
    { 6, 7, 99, 0, 12, 6, 8635 }, // U+2079
    { 6, 7, 105, 0, 5, 6, 8641 }, // U+2080
    { 3, 7, 65, 0, 5, 3, 8647 }, // U+2081
    { 5, 7, 93, 0, 5, 5, 8650 }, // U+2082
    { 5, 7, 89, 0, 5, 5, 8655 }, // U+2083
    { 6, 7, 88, 0, 5, 6, 8660 }, // U+2084
    { 5, 7, 92, 0, 5, 5, 8666 }, // U+2085
    { 6, 7, 99, 0, 5, 6, 8671 }, // U+2086
    { 5, 7, 80, 0, 5, 5, 8677 }, // U+2087
    { 6, 7, 93, 0, 5, 6, 8682 }, // U+2088
    { 6, 7, 99, 0, 5, 6, 8688 }, // U+2089
    { 11, 12, 206, 1, 12, 17, 8694 }, // U+20AA
    { 11, 12, 194, 1, 12, 17, 8711 }, // U+20AC
    { 10, 12, 181, 1, 12, 15, 8728 }, // U+20B1
    { 9, 12, 177, 1, 12, 14, 8743 }, // U+20B4
    { 10, 12, 181, 1, 12, 15, 8757 }, // U+20B9
    { 11, 12, 190, 1, 12, 17, 8772 }, // U+20BD
    { 13, 11, 213, 0, 11, 18, 8789 }, // U+2190
    { 11, 12, 190, 0, 12, 17, 8807 }, // U+2191
    { 13, 11, 213, 0, 11, 18, 8824 }, // U+2192
    { 11, 12, 190, 0, 12, 17, 8842 }, // U+2193
    { 17, 11, 276, 0, 11, 24, 8859 }, // U+2194
    { 11, 16, 190, 0, 14, 22, 8883 }, // U+2195
    { 10, 10, 166, 0, 11, 13, 8905 }, // U+2196
    { 10, 10, 166, 0, 11, 13, 8918 }, // U+2197
    { 10, 10, 166, 0, 11, 13, 8931 }, // U+2198
    { 10, 10, 166, 0, 11, 13, 8944 }, // U+2199
    { 11, 6, 174, 0, 8, 9, 8957 }, // U+219D
    { 11, 11, 175, 0, 12, 16, 8966 }, // U+21A9
    { 11, 11, 175, 0, 12, 16, 8982 }, // U+21AA
    { 11, 11, 177, 0, 11, 16, 8998 }, // U+21B0
    { 11, 11, 177, 0, 11, 16, 9014 }, // U+21B1
    { 11, 11, 177, 0, 12, 16, 9030 }, // U+21B3
    { 11, 12, 178, 0, 12, 17, 9046 }, // U+21B4
    { 11, 11, 177, 0, 12, 16, 9063 }, // U+21B5
    { 11, 7, 179, 0, 9, 10, 9079 }, // U+21E4
    { 11, 7, 179, 0, 9, 10, 9089 }, // U+21E5
    { 13, 12, 212, 0, 12, 20, 9099 }, // U+21E7
    { 8, 14, 140, 0, 13, 14, 9119 }, // U+2202
    { 11, 12, 173, 0, 12, 17, 9133 }, // U+2206
    { 10, 15, 157, 0, 12, 19, 9150 }, // U+220F
    { 8, 12, 142, 0, 12, 12, 9169 }, // U+2211
    { 8, 2, 139, 0, 6, 2, 9181 }, // U+2212
    { 11, 15, 176, 0, 12, 21, 9183 }, // U+221A
    { 14, 7, 221, 0, 8, 13, 9204 }, // U+221E
    { 7, 15, 101, 0, 12, 14, 9217 }, // U+222B
    { 2, 8, 79, 1, 10, 2, 9231 }, // U+2236
    { 9, 7, 140, 0, 9, 8, 9233 }, // U+2248
    { 8, 10, 144, 1, 10, 10, 9241 }, // U+2260
    { 8, 10, 145, 0, 10, 10, 9251 }, // U+2264
    { 8, 10, 145, 1, 10, 10, 9261 }, // U+2265
    { 6, 5, 267, 0, 4, 4, 9271 }, // U+3001
    { 5, 5, 267, 1, 4, 4, 9275 }, // U+3002
    { 16, 3, 267, 0, 8, 6, 9279 }, // U+4E00
    { 16, 15, 267, 1, 14, 30, 9285 }, // U+4E0A
    { 16, 14, 267, 1, 13, 28, 9315 }, // U+4E0B
    { 16, 14, 267, 0, 13, 28, 9343 }, // U+4E0D
    { 15, 16, 267, 0, 14, 30, 9371 }, // U+4E0E
    { 16, 14, 267, 0, 13, 28, 9401 }, // U+4E14
    { 15, 17, 267, 1, 15, 32, 9429 }, // U+4E22
    { 15, 14, 267, 1, 13, 27, 9461 }, // U+4E24
    { 17, 16, 267, 0, 15, 34, 9488 }, // U+4E2A
    { 15, 15, 267, 1, 14, 29, 9522 }, // U+4E2D
    { 13, 15, 267, 2, 14, 25, 9551 }, // U+4E32
    { 15, 16, 267, 0, 14, 30, 9576 }, // U+4E3A
    { 16, 16, 267, 0, 15, 32, 9606 }, // U+4E3B
    { 17, 17, 267, 0, 15, 37, 9638 }, // U+4E49
    { 17, 17, 267, 0, 15, 37, 9675 }, // U+4E4B
    { 14, 15, 267, 1, 13, 27, 9712 }, // U+4E60
    { 15, 15, 267, 1, 14, 29, 9739 }, // U+4E66
    { 15, 12, 267, 1, 12, 23, 9768 }, // U+4E8C
    { 15, 15, 267, 1, 13, 29, 9791 }, // U+4E8E
    { 15, 15, 267, 1, 14, 29, 9820 }, // U+4E92
    { 16, 16, 267, 0, 15, 32, 9849 }, // U+4EA4
    { 16, 16, 267, 0, 14, 32, 9881 }, // U+4EAE
    { 17, 16, 267, 0, 14, 34, 9913 }, // U+4EBA
    { 17, 16, 267, 0, 14, 34, 9947 }, // U+4EC5
    { 17, 17, 267, 0, 15, 37, 9981 }, // U+4ECA
    { 16, 16, 267, 0, 14, 32, 10018 }, // U+4ECE
    { 16, 15, 267, 0, 14, 30, 10050 }, // U+4ED6
    { 16, 16, 267, 1, 14, 32, 10080 }, // U+4EE5
    { 16, 15, 267, 0, 14, 30, 10112 }, // U+4EF6
    { 16, 16, 267, 0, 15, 32, 10142 }, // U+4EFB
    { 17, 16, 267, 0, 15, 34, 10174 }, // U+4F11
    { 17, 16, 267, 0, 14, 34, 10208 }, // U+4F20
    { 16, 16, 267, 0, 14, 32, 10242 }, // U+4F30
    { 16, 16, 267, 0, 15, 32, 10274 }, // U+4F4D
    { 17, 16, 267, 0, 15, 34, 10306 }, // U+4F53
    { 17, 17, 267, 0, 15, 37, 10340 }, // U+4F59
    { 17, 15, 267, 0, 14, 32, 10377 }, // U+4F5C
    { 17, 15, 267, 0, 14, 32, 10409 }, // U+4F60
    { 17, 16, 267, 0, 15, 34, 10441 }, // U+4F7F
    { 16, 16, 267, 0, 14, 32, 10475 }, // U+4F9B
    { 16, 16, 267, 0, 14, 32, 10507 }, // U+4FA7
    { 17, 16, 267, 0, 14, 34, 10539 }, // U+4FBF
    { 17, 15, 267, 0, 14, 32, 10573 }, // U+4FDD
    { 16, 16, 267, 0, 14, 32, 10605 }, // U+4FE1
    { 17, 15, 267, 0, 14, 32, 10637 }, // U+4FEE
    { 16, 16, 267, -1, 14, 32, 10669 }, // U+5012
    { 16, 15, 267, 0, 14, 30, 10701 }, // U+503C
    { 17, 16, 267, -1, 14, 34, 10731 }, // U+503E
    { 16, 16, 267, 0, 14, 32, 10765 }, // U+504F
    { 16, 16, 267, 0, 14, 32, 10797 }, // U+50A8
    { 16, 15, 267, 0, 13, 30, 10829 }, // U+5143
    { 17, 16, 267, 0, 14, 34, 10859 }, // U+5148
    { 17, 17, 267, 0, 15, 37, 10893 }, // U+5149
    { 17, 16, 267, 0, 14, 34, 10930 }, // U+5165
    { 17, 17, 267, 0, 15, 37, 10964 }, // U+5168
    { 16, 16, 267, 0, 14, 32, 11001 }, // U+516D
    { 16, 16, 267, 0, 14, 32, 11033 }, // U+5173
    { 16, 16, 267, 0, 14, 32, 11065 }, // U+5176
    { 17, 16, 267, 0, 14, 34, 11097 }, // U+5177
    { 17, 17, 267, 0, 15, 37, 11131 }, // U+5178
    { 15, 16, 267, 1, 14, 30, 11168 }, // U+5185
    { 17, 15, 267, 0, 13, 32, 11198 }, // U+518C
    { 17, 16, 267, 0, 14, 34, 11230 }, // U+518D
    { 14, 16, 267, 1, 14, 28, 11264 }, // U+5199
    { 17, 16, 267, 0, 15, 34, 11292 }, // U+51C6
    { 16, 16, 267, 1, 14, 32, 11326 }, // U+51D1
    { 14, 16, 267, 1, 15, 28, 11358 }, // U+51FA
    { 17, 16, 267, 0, 14, 34, 11386 }, // U+5206
    { 16, 16, 267, 0, 14, 32, 11420 }, // U+5207
    { 16, 17, 267, 0, 15, 34, 11452 }, // U+5217
    { 16, 17, 267, 0, 15, 34, 11486 }, // U+521B
    { 16, 16, 267, 0, 14, 32, 11520 }, // U+521D
    { 16, 16, 267, 0, 14, 32, 11552 }, // U+5220
    { 15, 16, 267, 0, 15, 30, 11584 }, // U+5230
    { 16, 16, 267, 0, 14, 32, 11614 }, // U+5236
    { 16, 15, 267, 0, 14, 30, 11646 }, // U+5237
    { 15, 16, 267, 1, 14, 30, 11676 }, // U+524D
    { 16, 17, 267, 0, 15, 34, 11706 }, // U+5269
    { 16, 16, 267, 0, 14, 32, 11740 }, // U+526A
    { 16, 16, 267, 0, 14, 32, 11772 }, // U+529F
    { 16, 16, 267, 0, 14, 32, 11804 }, // U+52A0
    { 17, 16, 267, 0, 14, 34, 11836 }, // U+52A1
    { 16, 16, 267, 0, 14, 32, 11870 }, // U+52A8
    { 16, 15, 267, 0, 14, 30, 11902 }, // U+52FF
    { 17, 16, 267, 0, 15, 34, 11932 }, // U+5305
    { 16, 14, 267, 1, 13, 28, 11966 }, // U+5339
    { 16, 15, 267, 1, 14, 30, 11994 }, // U+533A
    { 16, 16, 267, 1, 15, 32, 12024 }, // U+5355
    { 14, 16, 267, 2, 15, 28, 12056 }, // U+5360
    { 16, 16, 267, 0, 15, 32, 12084 }, // U+5361
    { 15, 15, 267, 1, 14, 29, 12116 }, // U+5373
    { 16, 16, 267, 0, 14, 32, 12145 }, // U+538B
    { 17, 16, 267, 0, 14, 34, 12177 }, // U+539F
    { 16, 17, 267, 0, 15, 34, 12211 }, // U+53CD
    { 16, 17, 267, 0, 15, 34, 12245 }, // U+53D1
    { 17, 16, 267, 0, 14, 34, 12279 }, // U+53D6
    { 14, 14, 267, 2, 13, 25, 12313 }, // U+53E3
    { 16, 16, 267, 1, 14, 32, 12338 }, // U+53EF
    { 16, 16, 267, 0, 15, 32, 12370 }, // U+53F3
    { 15, 16, 267, 1, 14, 30, 12402 }, // U+53F7
    { 17, 16, 267, 0, 14, 34, 12432 }, // U+5404
    { 15, 15, 267, 1, 14, 29, 12466 }, // U+540C
    { 15, 15, 267, 0, 14, 29, 12495 }, // U+540D
    { 16, 16, 267, 0, 14, 32, 12524 }, // U+540E
    { 15, 15, 267, 1, 14, 29, 12556 }, // U+5411
    { 16, 16, 267, 0, 14, 32, 12585 }, // U+5426
    { 17, 17, 267, 0, 15, 37, 12617 }, // U+542B
    { 15, 17, 267, 0, 15, 32, 12654 }, // U+542F
    { 16, 17, 267, 0, 15, 34, 12686 }, // U+544A
    { 15, 16, 267, 0, 14, 30, 12720 }, // U+5468
    { 16, 16, 267, 0, 15, 32, 12750 }, // U+547D
    { 15, 15, 267, 0, 14, 29, 12782 }, // U+548C
    { 16, 16, 267, 1, 14, 32, 12811 }, // U+54C8
    { 16, 17, 267, 1, 15, 34, 12843 }, // U+5524
    { 17, 15, 267, 0, 14, 32, 12877 }, // U+5668
    { 15, 14, 267, 1, 13, 27, 12909 }, // U+56DB
    { 15, 15, 267, 1, 14, 29, 12936 }, // U+56DE
    { 15, 15, 267, 1, 14, 29, 12965 }, // U+56E0
    { 15, 15, 267, 1, 14, 29, 12994 }, // U+56F4
    { 15, 15, 267, 1, 14, 29, 13023 }, // U+56FA
    { 15, 15, 267, 1, 14, 29, 13052 }, // U+56FE
    { 15, 15, 267, 1, 14, 29, 13081 }, // U+5706
    { 16, 15, 267, 0, 14, 30, 13110 }, // U+5728
    { 16, 15, 267, 0, 14, 30, 13140 }, // U+5730
    { 16, 15, 267, 0, 14, 30, 13170 }, // U+5740
    { 16, 16, 267, 0, 14, 32, 13200 }, // U+5747
    { 16, 15, 267, 0, 14, 30, 13232 }, // U+5782
    { 17, 16, 267, 0, 14, 34, 13262 }, // U+57FA
    { 16, 16, 267, 0, 15, 32, 13296 }, // U+589E
    { 17, 17, 267, 0, 15, 37, 13328 }, // U+5907
    { 17, 16, 267, 0, 14, 34, 13365 }, // U+590D
    { 16, 16, 267, 1, 14, 32, 13399 }, // U+591A
    { 17, 17, 267, 0, 15, 37, 13431 }, // U+591C
    { 16, 16, 267, 0, 14, 32, 13468 }, // U+5927
    { 17, 15, 267, 0, 13, 32, 13500 }, // U+5929
    { 17, 16, 267, 0, 14, 34, 13532 }, // U+5931
    { 16, 16, 267, 0, 14, 32, 13566 }, // U+5934
    { 16, 16, 267, 0, 14, 32, 13598 }, // U+5939
    { 17, 16, 267, 0, 14, 34, 13630 }, // U+59CB
    { 15, 17, 267, 0, 15, 32, 13664 }, // U+5B57
    { 16, 17, 267, 0, 15, 34, 13696 }, // U+5B58
    { 15, 17, 267, 1, 15, 32, 13730 }, // U+5B89
    { 16, 17, 267, 0, 15, 34, 13762 }, // U+5B8C
    { 16, 17, 267, 0, 15, 34, 13796 }, // U+5B9A
    { 16, 16, 267, 1, 14, 32, 13830 }, // U+5BB6
    { 16, 15, 267, 0, 14, 30, 13862 }, // U+5BB9
    { 16, 16, 267, 0, 14, 32, 13892 }, // U+5BBD
    { 16, 16, 267, 0, 15, 32, 13924 }, // U+5BC6
    { 16, 17, 267, 0, 15, 34, 13956 }, // U+5BF9
    { 16, 16, 267, 0, 15, 32, 13990 }, // U+5C01
    { 17, 17, 267, 0, 15, 37, 14022 }, // U+5C06
    { 17, 16, 267, 0, 14, 34, 14059 }, // U+5C0F
    { 17, 16, 267, 0, 14, 34, 14093 }, // U+5C11
    { 14, 16, 267, 1, 14, 28, 14127 }, // U+5C1A
    { 17, 17, 267, 0, 15, 37, 14155 }, // U+5C31
    { 16, 15, 267, 0, 14, 30, 14192 }, // U+5C40
    { 16, 16, 267, 0, 14, 32, 14222 }, // U+5C45
    { 16, 16, 267, 0, 14, 32, 14254 }, // U+5C4F
    { 16, 14, 267, 0, 13, 28, 14286 }, // U+5DE5
    { 16, 16, 267, 0, 15, 32, 14314 }, // U+5DE6
    { 15, 14, 267, 1, 13, 27, 14346 }, // U+5DF2
    { 16, 15, 267, 0, 14, 30, 14373 }, // U+5E03
    { 16, 15, 267, 0, 14, 30, 14403 }, // U+5E0C
    { 16, 15, 267, 0, 14, 30, 14433 }, // U+5E26
    { 17, 16, 267, 0, 15, 34, 14463 }, // U+5E55
    { 15, 15, 267, 1, 14, 29, 14497 }, // U+5E73
    { 16, 17, 267, 0, 15, 34, 14526 }, // U+5E76
    { 16, 17, 267, 0, 15, 34, 14560 }, // U+5E8F
    { 16, 17, 267, 0, 15, 34, 14594 }, // U+5E94
    { 16, 16, 267, 0, 14, 32, 14628 }, // U+5E95
    { 16, 16, 267, 0, 14, 32, 14660 }, // U+5EA6
    { 16, 17, 267, 0, 15, 34, 14692 }, // U+5EFA
    { 16, 16, 267, 0, 14, 32, 14726 }, // U+5F00
    { 16, 16, 267, 1, 15, 32, 14758 }, // U+5F0F
    { 13, 17, 267, 1, 15, 28, 14790 }, // U+5F15
    { 16, 16, 267, 0, 14, 32, 14818 }, // U+5F39
    { 14, 15, 267, 1, 14, 27, 14850 }, // U+5F53
    { 15, 16, 267, 1, 14, 30, 14877 }, // U+5F55
    { 16, 17, 267, 0, 15, 34, 14907 }, // U+5F97
    { 16, 16, 267, 0, 15, 32, 14941 }, // U+5FD8
    { 17, 17, 267, 0, 15, 37, 14973 }, // U+5FEB
    { 16, 15, 267, 0, 14, 30, 15010 }, // U+5FFD
    { 17, 16, 267, 0, 15, 34, 15040 }, // U+6001
    { 16, 17, 267, 0, 15, 34, 15074 }, // U+6062
    { 16, 15, 267, 0, 14, 30, 15108 }, // U+606F
    { 17, 17, 267, 0, 15, 37, 15138 }, // U+60C5
    { 16, 17, 267, 0, 15, 34, 15175 }, // U+60EF
    { 16, 16, 267, 0, 15, 32, 15209 }, // U+610F
    { 17, 17, 267, 0, 15, 37, 15241 }, // U+6162
    { 16, 16, 267, 0, 14, 32, 15278 }, // U+6210
    { 16, 15, 267, 0, 14, 30, 15310 }, // U+6216
    { 16, 16, 267, 0, 14, 32, 15340 }, // U+622A
    { 14, 16, 267, 0, 14, 28, 15372 }, // U+6237
    { 16, 16, 267, 0, 14, 32, 15400 }, // U+6240
    { 16, 17, 267, 0, 15, 34, 15432 }, // U+624B
    { 16, 17, 267, 0, 15, 34, 15466 }, // U+6253
    { 15, 17, 267, 0, 15, 32, 15500 }, // U+626B
    { 17, 17, 267, 0, 15, 37, 15532 }, // U+627E
    { 17, 17, 267, 0, 15, 37, 15569 }, // U+6297
    { 16, 17, 267, 0, 15, 34, 15606 }, // U+62A5
    { 16, 17, 267, 0, 15, 34, 15640 }, // U+62D4
    { 16, 16, 267, 0, 15, 32, 15674 }, // U+62E9
    { 16, 17, 267, 0, 15, 34, 15706 }, // U+6301
    { 17, 17, 267, 0, 15, 37, 15740 }, // U+6307
    { 16, 17, 267, 0, 15, 34, 15777 }, // U+6309
    { 17, 15, 267, 0, 14, 32, 15811 }, // U+6325
    { 17, 16, 267, 0, 14, 34, 15843 }, // U+6362
    { 16, 15, 267, 0, 14, 30, 15877 }, // U+636E
    { 16, 16, 267, 0, 15, 32, 15907 }, // U+6392
    { 17, 17, 267, 0, 15, 37, 15939 }, // U+63A5
    { 16, 16, 267, 0, 15, 32, 15976 }, // U+63A7
    { 16, 17, 267, 0, 15, 34, 16008 }, // U+63A8
    { 16, 16, 267, 0, 14, 32, 16042 }, // U+63CF
    { 17, 16, 267, 0, 14, 34, 16074 }, // U+63D0
    { 17, 17, 267, 0, 15, 37, 16108 }, // U+63D2
    { 17, 17, 267, 0, 15, 37, 16145 }, // U+641C
    { 16, 17, 267, 0, 15, 34, 16182 }, // U+6458
    { 17, 15, 267, 0, 14, 32, 16216 }, // U+64CD
    { 16, 16, 267, 1, 15, 32, 16248 }, // U+6536
    { 16, 17, 267, 1, 15, 34, 16280 }, // U+6539
    { 17, 17, 267, 0, 15, 37, 16314 }, // U+653E
    { 17, 17, 267, 0, 15, 37, 16351 }, // U+6548
    { 16, 17, 267, 0, 15, 34, 16388 }, // U+6570
    { 17, 16, 267, 0, 14, 34, 16422 }, // U+6574
    { 17, 17, 267, 0, 15, 37, 16456 }, // U+6587
    { 16, 17, 267, 0, 15, 34, 16493 }, // U+659C
    { 15, 16, 267, 1, 14, 30, 16527 }, // U+65AD
    { 16, 16, 267, 0, 15, 32, 16557 }, // U+65B0
    { 16, 17, 267, 0, 15, 34, 16589 }, // U+65B9
    { 16, 16, 267, 0, 14, 32, 16623 }, // U+65E0
    { 12, 14, 267, 3, 13, 21, 16655 }, // U+65E5
    { 16, 15, 267, 1, 14, 30, 16676 }, // U+65E9
    { 16, 17, 267, 1, 15, 34, 16706 }, // U+65F6
    { 15, 16, 267, 1, 14, 30, 16740 }, // U+660E
    { 16, 15, 267, 0, 13, 30, 16770 }, // U+662F
    { 17, 14, 267, 0, 13, 30, 16800 }, // U+663E
    { 16, 15, 267, 1, 14, 30, 16830 }, // U+6670
    { 16, 17, 267, 0, 15, 34, 16860 }, // U+667A
    { 15, 17, 267, 1, 15, 32, 16894 }, // U+6682
    { 16, 16, 267, 1, 14, 32, 16926 }, // U+66F4
    { 16, 15, 267, 0, 14, 30, 16958 }, // U+6700
    { 16, 16, 267, 0, 15, 32, 16988 }, // U+6709
    { 17, 16, 267, 0, 14, 34, 17020 }, // U+670D
    { 16, 17, 267, 0, 15, 34, 17054 }, // U+671F
    { 17, 15, 267, 0, 14, 32, 17088 }, // U+672A
    { 17, 15, 267, 0, 14, 32, 17120 }, // U+672B
    { 17, 15, 267, 0, 14, 32, 17152 }, // U+672C
    { 17, 16, 267, 0, 14, 34, 17184 }, // U+673A
    { 17, 16, 267, 0, 14, 34, 17218 }, // U+6761
    { 17, 16, 267, 0, 15, 34, 17252 }, // U+6765
    { 16, 16, 267, 0, 14, 32, 17286 }, // U+677E
    { 17, 15, 267, 0, 14, 32, 17318 }, // U+6790
    { 17, 15, 267, 0, 14, 32, 17350 }, // U+679C
    { 17, 16, 267, 0, 15, 34, 17382 }, // U+67E5
    { 16, 16, 267, 0, 14, 32, 17416 }, // U+6807
    { 16, 15, 267, 0, 14, 30, 17448 }, // U+680F
    { 16, 16, 267, 0, 15, 32, 17478 }, // U+6837
    { 16, 16, 267, 0, 14, 32, 17510 }, // U+6839
    { 16, 15, 267, 0, 14, 30, 17542 }, // U+683C
    { 17, 16, 267, 0, 15, 34, 17572 }, // U+6846
    { 16, 15, 267, 0, 14, 30, 17606 }, // U+6863
    { 17, 16, 267, 0, 15, 34, 17636 }, // U+68C0
    { 17, 17, 267, 0, 15, 37, 17670 }, // U+6A21
    { 16, 16, 267, 0, 14, 32, 17707 }, // U+6A2A
    { 16, 16, 267, 1, 14, 32, 17739 }, // U+6B21
    { 16, 14, 267, 0, 13, 28, 17771 }, // U+6B63
    { 17, 17, 267, 0, 15, 37, 17799 }, // U+6B64
    { 15, 16, 267, 1, 14, 30, 17836 }, // U+6B65
    { 16, 16, 267, 0, 14, 32, 17866 }, // U+6BB5
    { 16, 16, 267, 0, 14, 32, 17898 }, // U+6BCF
    { 16, 17, 267, 1, 15, 34, 17930 }, // U+6BD4
    { 17, 16, 267, 0, 15, 34, 17964 }, // U+6C34
    { 17, 16, 267, 0, 14, 34, 17998 }, // U+6C89
    { 17, 15, 267, 0, 14, 32, 18032 }, // U+6CA1
    { 16, 16, 267, 0, 14, 32, 18064 }, // U+6CD5
    { 16, 15, 267, 0, 14, 30, 18096 }, // U+6CE8
    { 16, 15, 267, 0, 14, 30, 18126 }, // U+6D3B
    { 16, 16, 267, 1, 15, 32, 18156 }, // U+6D45
    { 16, 15, 267, 0, 14, 30, 18188 }, // U+6D4F
    { 16, 16, 267, 0, 14, 32, 18218 }, // U+6D88
    { 17, 15, 267, 0, 14, 32, 18250 }, // U+6DF1
    { 17, 16, 267, 0, 14, 34, 18282 }, // U+6DFB
    { 17, 16, 267, 0, 14, 34, 18316 }, // U+6E05
    { 17, 16, 267, 0, 14, 34, 18350 }, // U+6E10
    { 17, 16, 267, 0, 14, 34, 18384 }, // U+6E29
    { 17, 16, 267, 0, 14, 34, 18418 }, // U+6E90
    { 16, 16, 267, 0, 14, 32, 18452 }, // U+6ED1
    { 17, 16, 267, 0, 14, 34, 18484 }, // U+6EE4
    { 17, 16, 267, 0, 14, 34, 18518 }, // U+706F
    { 16, 16, 267, 0, 14, 32, 18552 }, // U+70B9
    { 17, 17, 267, 0, 15, 37, 18584 }, // U+70ED
    { 16, 16, 267, 0, 14, 32, 18621 }, // U+7136
    { 15, 17, 267, 0, 15, 32, 18653 }, // U+7247
    { 17, 17, 267, 0, 15, 37, 18685 }, // U+7248
    { 16, 15, 267, 0, 14, 30, 18722 }, // U+7259
    { 17, 16, 267, 0, 15, 34, 18752 }, // U+72B6
    { 16, 17, 267, 0, 15, 34, 18786 }, // U+732B
    { 16, 15, 267, 0, 14, 30, 18820 }, // U+7387
    { 16, 16, 267, 0, 14, 32, 18850 }, // U+73B0
    { 17, 15, 267, 0, 14, 32, 18882 }, // U+7406
    { 15, 16, 267, 0, 14, 30, 18914 }, // U+7528
    { 15, 15, 267, 2, 14, 29, 18944 }, // U+7535
    { 15, 14, 267, 1, 13, 27, 18973 }, // U+753B
    { 17, 16, 267, 0, 14, 34, 19000 }, // U+754C
    { 15, 16, 267, 1, 15, 30, 19034 }, // U+7559
    { 16, 17, 267, 1, 15, 34, 19064 }, // U+7565
    { 17, 15, 267, 0, 14, 32, 19098 }, // U+767B
    { 15, 15, 267, 1, 14, 29, 19130 }, // U+767E
    { 15, 16, 267, 1, 14, 30, 19159 }, // U+7684
    { 16, 17, 267, 0, 15, 34, 19189 }, // U+76D8
    { 12, 14, 267, 2, 13, 21, 19223 }, // U+76EE
    { 16, 15, 267, 0, 14, 30, 19244 }, // U+76F4
    { 16, 15, 267, 0, 14, 30, 19274 }, // U+770B
    { 16, 16, 267, 1, 14, 32, 19304 }, // U+7720
    { 16, 17, 267, 0, 15, 34, 19336 }, // U+7740
    { 15, 16, 267, 1, 14, 30, 19370 }, // U+7761
    { 17, 16, 267, 0, 14, 34, 19400 }, // U+77ED
    { 16, 16, 267, 0, 14, 32, 19434 }, // U+7801
    { 16, 17, 267, 0, 15, 34, 19466 }, // U+786E
    { 16, 15, 267, 0, 13, 30, 19500 }, // U+793A
    { 16, 16, 267, 0, 14, 32, 19530 }, // U+7981
    { 17, 15, 267, 0, 14, 32, 19562 }, // U+79D2
    { 17, 16, 267, 0, 14, 34, 19594 }, // U+79F0
    { 16, 16, 267, 0, 14, 32, 19628 }, // U+79FB
    { 17, 16, 267, 0, 14, 34, 19660 }, // U+7A0B
    { 15, 16, 267, 1, 15, 30, 19694 }, // U+7A7A
    { 15, 16, 267, 1, 15, 30, 19724 }, // U+7ACB
    { 15, 15, 267, 1, 14, 29, 19754 }, // U+7AD6
    { 17, 16, 267, 0, 15, 34, 19783 }, // U+7AE0
    { 16, 16, 267, 0, 14, 32, 19817 }, // U+7AEF
    { 16, 16, 267, 0, 14, 32, 19849 }, // U+7B26
    { 16, 17, 267, 0, 15, 34, 19881 }, // U+7B2C
    { 17, 16, 267, 0, 15, 34, 19915 }, // U+7B7E
    { 16, 17, 267, 0, 15, 34, 19949 }, // U+7B80
    { 16, 17, 267, 0, 15, 34, 19983 }, // U+7B97
    { 16, 17, 267, 0, 15, 34, 20017 }, // U+7BA1
    { 16, 17, 267, 0, 15, 34, 20051 }, // U+7BAD
    { 16, 16, 267, 0, 15, 32, 20085 }, // U+7C4D
    { 17, 15, 267, 0, 14, 32, 20117 }, // U+7C97
    { 15, 17, 267, 1, 15, 32, 20149 }, // U+7CFB
    { 16, 16, 267, 0, 14, 32, 20181 }, // U+7D22
    { 15, 16, 267, 1, 14, 30, 20213 }, // U+7D27
    { 17, 16, 267, 0, 15, 34, 20243 }, // U+7EBF
    { 16, 16, 267, 0, 15, 32, 20277 }, // U+7EC6
    { 17, 16, 267, 0, 14, 34, 20309 }, // U+7EC8
    { 16, 16, 267, 0, 15, 32, 20343 }, // U+7ED3
    { 17, 16, 267, 0, 14, 34, 20375 }, // U+7EDC
    { 17, 16, 267, 0, 14, 34, 20409 }, // U+7EDF
    { 17, 16, 267, 0, 15, 34, 20443 }, // U+7EE7
    { 16, 16, 267, 0, 14, 32, 20477 }, // U+7EEA
    { 16, 16, 267, 0, 14, 32, 20509 }, // U+7EED
    { 17, 16, 267, 0, 15, 34, 20541 }, // U+7EF4
    { 17, 16, 267, 0, 14, 34, 20575 }, // U+7F13
    { 16, 16, 267, 0, 14, 32, 20609 }, // U+7F16
    { 17, 17, 267, 0, 15, 37, 20641 }, // U+7F1D
    { 16, 16, 267, 0, 14, 32, 20678 }, // U+7F29
    { 15, 14, 267, 1, 13, 27, 20710 }, // U+7F51
    { 16, 15, 267, 0, 13, 30, 20737 }, // U+7F6E
    { 16, 15, 267, 0, 14, 30, 20767 }, // U+7FFB
    { 16, 16, 267, 0, 15, 32, 20797 }, // U+8005
    { 16, 17, 267, 0, 15, 34, 20829 }, // U+80FD
    { 16, 16, 267, 0, 14, 32, 20863 }, // U+8111
    { 16, 15, 267, 0, 14, 30, 20895 }, // U+811A
    { 13, 16, 267, 2, 15, 26, 20925 }, // U+81EA
    { 16, 15, 267, 0, 14, 30, 20951 }, // U+81F3
    { 17, 15, 267, 0, 14, 32, 20981 }, // U+8272
    { 16, 15, 267, 0, 14, 30, 21013 }, // U+8282
    { 16, 16, 267, 0, 14, 32, 21043 }, // U+82E5
    { 17, 16, 267, 0, 14, 34, 21075 }, // U+82F1
    { 16, 16, 267, 1, 14, 32, 21109 }, // U+8303
    { 16, 17, 267, 0, 15, 34, 21141 }, // U+8350
    { 16, 17, 267, 0, 15, 34, 21175 }, // U+83B7
    { 17, 16, 267, 0, 15, 34, 21209 }, // U+83DC
    { 17, 16, 267, 0, 15, 34, 21243 }, // U+843D
    { 16, 16, 267, 0, 15, 32, 21277 }, // U+84DD
    { 17, 17, 267, 0, 15, 37, 21309 }, // U+85CF
    { 16, 17, 267, 0, 15, 34, 21346 }, // U+884C
    { 17, 15, 267, -1, 14, 32, 21380 }, // U+8868
    { 17, 15, 267, 0, 14, 32, 21412 }, // U+88AB
    { 17, 16, 267, 0, 14, 34, 21444 }, // U+88C1
    { 17, 16, 267, 0, 14, 34, 21478 }, // U+88C5
    { 17, 16, 267, 0, 14, 34, 21512 }, // U+892A
    { 15, 16, 267, 1, 14, 30, 21546 }, // U+8981
    { 17, 16, 267, 0, 14, 34, 21576 }, // U+89C1
    { 16, 16, 267, 1, 14, 32, 21610 }, // U+89C8
    { 16, 17, 267, 0, 15, 34, 21642 }, // U+89E3
    { 16, 17, 267, 0, 15, 34, 21676 }, // U+89E6
    { 15, 16, 267, 1, 14, 30, 21710 }, // U+8A00
    { 16, 15, 267, 0, 14, 30, 21740 }, // U+8BA1
    { 16, 17, 267, 1, 15, 34, 21770 }, // U+8BA4
    { 17, 16, 267, 0, 14, 34, 21804 }, // U+8BAE
    { 16, 15, 267, 0, 14, 30, 21838 }, // U+8BB0
    { 17, 16, 267, 0, 14, 34, 21868 }, // U+8BBE
    { 16, 15, 267, 0, 14, 30, 21902 }, // U+8BC1
    { 16, 16, 267, 0, 14, 32, 21932 }, // U+8BCD
    { 16, 16, 267, 0, 14, 32, 21964 }, // U+8BD5
    { 16, 16, 267, 0, 14, 32, 21996 }, // U+8BE2
    { 17, 16, 267, 0, 15, 34, 22028 }, // U+8BE6
    { 16, 16, 267, 0, 14, 32, 22062 }, // U+8BED
    { 17, 16, 267, 0, 14, 34, 22094 }, // U+8BEF
    { 16, 17, 267, 0, 15, 34, 22128 }, // U+8BF4
    { 16, 16, 267, 0, 14, 32, 22162 }, // U+8BF7
    { 17, 16, 267, 0, 14, 34, 22194 }, // U+8BFB
    { 16, 16, 267, 0, 14, 32, 22228 }, // U+8C03
    { 16, 16, 267, 1, 14, 32, 22260 }, // U+8D25
    { 16, 16, 267, 0, 14, 32, 22292 }, // U+8D26
    { 17, 16, 267, 0, 14, 34, 22324 }, // U+8D77
    { 17, 16, 267, 0, 14, 34, 22358 }, // U+8D85
    { 17, 16, 267, 0, 14, 34, 22392 }, // U+8DB3
    { 16, 16, 267, 0, 14, 32, 22426 }, // U+8DC3
    { 17, 15, 267, 0, 14, 32, 22458 }, // U+8DD1
    { 16, 15, 267, 0, 14, 30, 22490 }, // U+8DDD
    { 16, 15, 267, 0, 14, 30, 22520 }, // U+8DDF
    { 17, 17, 267, 0, 15, 37, 22550 }, // U+8DF3
    { 16, 16, 267, 0, 14, 32, 22587 }, // U+8F6C
    { 16, 15, 267, 0, 14, 30, 22619 }, // U+8F7B
    { 17, 17, 267, 0, 15, 37, 22649 }, // U+8F7D
    { 17, 17, 267, 0, 15, 37, 22686 }, // U+8F83
    { 16, 17, 267, 0, 15, 34, 22723 }, // U+8F93
    { 17, 16, 267, 0, 14, 34, 22757 }, // U+8FB9
    { 17, 17, 267, 0, 15, 37, 22791 }, // U+8FBE
    { 16, 16, 267, 0, 14, 32, 22828 }, // U+8FC7
    { 16, 16, 267, 0, 14, 32, 22860 }, // U+8FD1
    { 17, 16, 267, 0, 14, 34, 22892 }, // U+8FD4
    { 16, 16, 267, 0, 14, 32, 22926 }, // U+8FD8
    { 16, 16, 267, 0, 14, 32, 22958 }, // U+8FD9
    { 16, 16, 267, 0, 14, 32, 22990 }, // U+8FDB
    { 16, 16, 267, 0, 14, 32, 23022 }, // U+8FDC
    { 17, 16, 267, 0, 14, 34, 23054 }, // U+8FDE
    { 17, 16, 267, 0, 14, 34, 23088 }, // U+9000
    { 17, 17, 267, 0, 15, 37, 23122 }, // U+9001
    { 16, 16, 267, 0, 14, 32, 23159 }, // U+9002
    { 17, 17, 267, 0, 15, 37, 23191 }, // U+9006
    { 17, 17, 267, 0, 15, 37, 23228 }, // U+9009
    { 17, 16, 267, 0, 14, 34, 23265 }, // U+900F
    { 17, 16, 267, 0, 14, 34, 23299 }, // U+901A
    { 17, 16, 267, 0, 14, 34, 23333 }, // U+901F
    { 16, 16, 267, 1, 15, 32, 23367 }, // U+90E8
    { 17, 15, 267, 0, 14, 32, 23399 }, // U+90FD
    { 17, 15, 267, 0, 14, 32, 23431 }, // U+914D
    { 16, 15, 267, 0, 14, 30, 23463 }, // U+9192
    { 17, 15, 267, 0, 14, 32, 23493 }, // U+91CA
    { 15, 16, 267, 1, 14, 30, 23525 }, // U+91CD
    { 16, 15, 267, 0, 14, 30, 23555 }, // U+91CF
    { 16, 15, 267, 0, 14, 30, 23585 }, // U+9488
    { 16, 15, 267, 1, 14, 30, 23615 }, // U+949F
    { 17, 17, 267, 0, 15, 37, 23645 }, // U+94FE
    { 16, 16, 267, 0, 15, 32, 23682 }, // U+9519
    { 17, 17, 267, 0, 15, 37, 23714 }, // U+952E
    { 16, 16, 267, 0, 14, 32, 23751 }, // U+952F
    { 17, 17, 267, 0, 15, 37, 23783 }, // U+955C
    { 16, 16, 267, 0, 14, 32, 23820 }, // U+957F
    { 15, 15, 267, 1, 14, 29, 23852 }, // U+95ED
    { 15, 16, 267, 1, 14, 30, 23881 }, // U+95EE
    { 15, 16, 267, 1, 14, 30, 23911 }, // U+95F4
    { 15, 16, 267, 1, 14, 30, 23941 }, // U+9605
    { 15, 15, 267, 1, 14, 29, 23971 }, // U+9633
    { 15, 16, 267, 1, 14, 30, 24000 }, // U+9644
    { 15, 16, 267, 1, 14, 30, 24030 }, // U+9664
    { 16, 16, 267, 1, 14, 32, 24060 }, // U+968F
    { 15, 16, 267, 1, 15, 30, 24092 }, // U+9690
    { 15, 16, 267, 1, 14, 30, 24122 }, // U+9700
    { 15, 14, 267, 1, 13, 27, 24152 }, // U+9762
    { 16, 16, 267, 0, 14, 32, 24179 }, // U+9875
    { 16, 16, 267, 1, 14, 32, 24211 }, // U+9876
    { 17, 16, 267, 0, 14, 34, 24243 }, // U+9879
    { 17, 16, 267, 0, 14, 34, 24277 }, // U+987A
    { 16, 16, 267, 0, 14, 32, 24311 }, // U+9884
    { 17, 17, 267, 0, 15, 37, 24343 }, // U+9891
    { 17, 16, 267, 0, 14, 34, 24380 }, // U+9898
    { 17, 16, 267, 0, 14, 34, 24414 }, // U+9988
    { 15, 16, 267, 1, 15, 30, 24448 }, // U+9996
    { 17, 16, 267, 0, 14, 34, 24478 }, // U+9A8C
    { 16, 16, 267, 0, 14, 32, 24512 }, // U+9E1F
    { 16, 17, 267, 0, 15, 34, 24544 }, // U+9E70
    { 16, 16, 267, 0, 14, 32, 24578 }, // U+9ED8
    { 17, 15, 267, 0, 14, 32, 24610 }, // U+9F50
    { 16, 15, 267, 0, 14, 30, 24642 }, // U+9F7F
    { 9, 12, 160, 1, 12, 14, 24672 }, // U+FB01
    { 10, 12, 171, 1, 12, 15, 24686 }, // U+FB02
    { 3, 14, 267, 3, 13, 6, 24701 }, // U+FF01
    { 6, 17, 267, 11, 15, 13, 24707 }, // U+FF08
    { 6, 17, 267, 0, 15, 13, 24720 }, // U+FF09
    { 5, 6, 267, 1, 4, 4, 24733 }, // U+FF0C
    { 3, 11, 267, 3, 11, 5, 24737 }, // U+FF1A
    { 8, 14, 267, 0, 13, 14, 24742 }, // U+FF1F
};

static constexpr auto& geist_8_regularIntervals = builtin_font_metadata::data_c6abb21086cc9969;

static constexpr auto& geist_8_regularKernLeftCodepoints = builtin_font_metadata::data_6bbc9af5b25d7523;

static constexpr auto& geist_8_regularKernLeftClassIds = builtin_font_metadata::data_9a04a6a839def105;

static constexpr auto& geist_8_regularKernRightCodepoints = builtin_font_metadata::data_c90bd07dc940980b;

static constexpr auto& geist_8_regularKernRightClassIds = builtin_font_metadata::data_64bf3560042f0581;

static constexpr auto& geist_8_regularKernRowOffsets = builtin_font_metadata::data_bb71cbb33de952a5;

static constexpr auto& geist_8_regularKernSparseCols = builtin_font_metadata::data_63d5ae2bdd7dcf6c;

static const int8_t geist_8_regularKernSparseValues[] = {
     -13,   -8,    3,   -3,  -11,  -18,  -13,   -3,   -1,  -11,   -2,   -4,  -11,  -19,    3,   -5,
      -5,  -11,  -21,  -16,   -5,   -3,  -21,   -9,    3,   -3,  -11,   -5,    3,  -11,   -3,   -3,
     -13,   -8,   -6,  -21,  -28,   -5,   -5,  -11,  -11,  -21,   -3,   -5,   -5,   -8,   -8,   -6,
      -8,   -6,  -21,   -4,   -6,   -3,   -3,   -3,  -12,  -11,  -13,  -11,   -8,   -8,  -11,  -13,
     -11,  -16,   -9,  -13,   -5,  -11,  -13,    3,   -3,   -3,  -11,   -3,   -5,   -3,  -11,   -3,
      -5,   -5,   -5,   -3,   -4,   -1,   -5,   -3,   -5,   -5,   -5,   -8,   -3,   -3,   -5,  -11,
      -8,   -3,   -1,   -8,   -5,   -3,   -5,   -3,   -3,   -5,   -5,   -8,   -5,   -3,   -5,   -5,
      -3,  -13,   -5,   -5,   -3,  -11,    3,  -27,  -11,  -16,    3,   -3,  -16,    5,   -3,   -5,
      -3,    8,    8,   -2,   -5,   -5,   -5,   -5,  -16,   -3,   -8,   -5,   -8,   -8,   -5,  -11,
      -5,   -8,   -3,  -13,  -19,   -8,  -24,   -5,  -13,   -5,   -8,   -5,   -9,   -4,   -5,   -4,
     -28,  -19,   -3,   -5,  -11,   -5,   -5,  -16,   -5,  -16,   -8,   -3,  -16,   -5,   -5,  -11,
      -5,   -8,   -2,   -3,   -7,   -2,   -8,  -11,   -2,   -1,   -5,   -3,   -3,   -3,   -5,   -3,
      -8,  -11,   -5,   -7,   -4,    1,    1,   -3,    1,   -5,   -5,   -5,   -1,   -2,   -5,   -3,
      -2,   -3,   -3,   -3,   -8,   -3,   -3,   -5,   -3,   -5,   -8,   -3,  -11,   -3,   -5,    3,
       3,   -3,   -3,    3,   -8,   -8,  -11,   -3,    3,    4,   -3,   -5,   -6,   -4,   -5,   -3,
      -6,   -3,   -5,   -3,   -3,   -5,    4,   -5,   -2,   -5,   -8,   -3,  -11,   -5,   -8,  -11,
     -21,  -21,   -8,   -5,   -5,   -5,  -16,   -8,   -5,   -5,   -5,   -5,   -5,   -8,  -11,   -8,
      -5,   -8,  -11,   -8,  -11,  -13,   -8,  -11,   -5,   -8,   -3,   -5,    3,    3,   -3,   -3,
      -1,   -3,    2,   -3,   -3,  -11,   -3,   -5,   -4,   -5,   -5,   -5,    4,   -5,   -3,   -5,
      -1,   -3,   -3,  -13,   -3,   -3,    2,  -11,   -5,   -3,  -13,   -3,  -11,   -4,    4,    4,
      -8,    4,   -5,   -5,   -2,   -5,   -2,   -5,   -5,   -8,   -5,   -5,   -3,   -1,   -5,   -5,
      -3,  -11,   -3,   -8,   -5,   -3,   -5,   -3,   -3,   -3,  -12,  -13,   -3,   -5,  -13,   -8,
      -8,   -8,  -13,   -5,  -27,  -32,   -3,   -5,  -37,   -5,  -21,  -13,  -13,  -13,  -16,   -8,
     -13,  -13,  -43,  -43,   -5,  -10,  -16,   -5,  -11,  -21,  -11,  -21,  -13,   -5,  -21,   -3,
     -29,   -8,  -19,   -5,   -5,   -5,   -3,   -5,  -21,   -5,  -11,  -11,  -11,   -5,   -6,   -7,
      -3,   -8,   -5,  -11,   -8,   -3,   -5,   -3,   -5,   -4,   -4,  -13,   -5,   -1,   -3,   -8,
      -2,   -8,   -3,   -5,   -5,   -8,    3,   -8,    3,  -27,  -11,  -24,   -8,    3,  -16,   -5,
      -8,  -11,   -8,  -32,  -11,   -8,   -3,   -1,    2,    5,  -19,  -21,  -11,  -11,   -5,  -13,
     -11,  -19,  -13,  -16,  -13,  -16,  -16,  -11,  -24,  -32,  -32,    2,    2,  -16,   -5,  -19,
       2,   -5,  -11,   -5,  -32,   -5,   -5,    5,   -3,  -16,  -19,  -13,  -11,   -5,  -16,  -16,
     -16,  -11,  -16,  -19,   -5,  -16,   -5,   -5,   -5,   -1,   -5,   -1,   -8,   -1,   -3,   -3,
      -3,   -3,   -9,  -11,   -4,   -2,   -3,   -8,   -5,   -8,  -11,   -5,   -8,    5,    8,   -5,
       5,   -5,   -2,   -2,   -2,   -2,   -4,    1,   -3,   -1,  -13,   -3,   -6,   -7,   -2,  -13,
      -3,   -5,   -3,  -19,  -11,   -3,   -3,   -3,  -13,   -5,  -13,    1,   -3,   -8,   -3,   -1,
      -3,   -8,   -3,   -7,  -13,   -6,   -8,   -9,   -9,    3,  -16,   -8,  -10,   -8,  -11,  -11,
     -11,    3,   -8,  -12,  -15,  -11,   -5,   -8,  -11,  -11,  -11,   -3,  -11,    3,  -16,   -5,
      -4,   -4,   -4,   -5,   -5,   -3,   -6,    1,   -7,   -5,   -4,   -3,   -7,   -5,   -5,   -5,
     -11,   -5,   -2,   -2,   -2,   -5,   -3,  -11,   -3,   -3,   -9,   -8,   -4,   -5,  -11,   -4,
      -9,  -13,   -5,  -11,   -5,   -5,   -5,  -19,   -5,  -11,   -8,  -13,   -3,  -13,  -13,  -12,
     -13,  -16,   -7,   -9,  -11,  -14,   -5,  -19,  -11,   -8,  -14,  -16,  -11,   -8,  -11,  -13,
      -8,   -8,   -8,  -11,  -11,  -16,  -11,   -8,  -11,  -13,   -5,   -7,  -19,   -8,  -11,  -13,
     -53,  -27,    7,   -8,    3,   -4,   -4,   -4,   -3,    8,   -3,   -4,   -9,   -3,    1,  -11,
      -2,   -3,   -8,    1,  -11,  -16,   -3,  -13,  -11,   -5,   -3,   -4,   -3,  -11,   -3,   -6,
      -7,   -3,   -4,   -3,   -6,   -6,   -5,  -13,   -6,   -6,  -37,  -16,   -5,   -3,   -3,   -3,
      -3,   -8,   -3,   -4,   -8,   -5,   -5,   -7,   -5,   -8,   -5,   -7,  -13,   -4,   -8,    3,
     -11,   -3,   -4,   -4,   -5,  -16,  -11,  -16,   -3,  -13,  -11,  -16,  -21,   -5,  -13,   -5,
      -5,  -27,   -8,   -5,  -13,   -3,   -8,  -13,  -11,   -3,  -13,    5,    1,    1,    1,   -3,
      -5,   -3,   -3,   -1,   -3,   -2,   -3,   -3,    8,   -8,  -11,   -8,   13,   -4,    7,    4,
       4,   -8,    4,    1,    3,    3,    9,    3,   13,   -3,   -5,   -1,   -1,   -3,   -4,   -3,
      -8,   -4,   11,   -4,  -32,    2,  -11,   -3,
};

static constexpr auto& geist_8_regularLigaturePairs = builtin_font_metadata::data_caa06bde219df8d5;

static const EpdFontData geist_8_regular = {
    geist_8_regularBitmaps,
    geist_8_regularGlyphs,
    geist_8_regularIntervals,
    525,
    22,
    17,
    -5,
    false,
    nullptr,
    0,
    nullptr,
    nullptr,  // kernLeftClasses: built-in fonts use the split arrays below
    nullptr,  // kernRightClasses
    geist_8_regularKernLeftCodepoints,
    geist_8_regularKernLeftClassIds,
    geist_8_regularKernRightCodepoints,
    geist_8_regularKernRightClassIds,
    nullptr,  // kernMatrix: built-in fonts use the sparse form below
    geist_8_regularKernRowOffsets,
    geist_8_regularKernSparseCols,
    geist_8_regularKernSparseValues,
    510,
    520,
    58,
    58,
    geist_8_regularLigaturePairs,
    2,
};
