// Chinese UI charset SHA256: 8c1fbdbc34ae24a9962327b730d6621db3126ba228c6c4762068af6793b47b6e
// Noto Sans SC source SHA256: a3041811a78c361b1de50f953c805e0244951c21c5bd412f7232ef0d899af0da
/**
 * generated by fontconvert.py
 * name: geist_14_bold
 * size: 14
 * mode: 2-bit  compressed: true
 * Command used: lib/EpdFont/scripts/fontconvert.py geist_14_bold 14 lib/EpdFont/builtinFonts/source/Geist/Geist-Bold.ttf <generated>/NotoSansSC-UI-500.ttf --force-autohint --native-marks --2bit --mono-coverage --compress --max-group-bytes 2048 --additional-intervals 12289,12289 --additional-intervals 12290,12290 --additional-intervals 19968,19968 --additional-intervals 19978,19978 --additional-intervals 19979,19979 --additional-intervals 19981,19981 --additional-intervals 19982,19982 --additional-intervals 19988,19988 --additional-intervals 20002,20002 --additional-intervals 20004,20004 --additional-intervals 20010,20010 --additional-intervals 20013,20013 --additional-intervals 20018,20018 --additional-intervals 20026,20026 --additional-intervals 20027,20027 --additional-intervals 20041,20041 --additional-intervals 20043,20043 --additional-intervals 20064,20064 --additional-intervals 20070,20070 --additional-intervals 20108,20108 --additional-intervals 20110,20110 --additional-intervals 20114,20114 --additional-intervals 20132,20132 --additional-intervals 20142,20142 --additional-intervals 20154,20154 --additional-intervals 20165,20165 --additional-intervals 20170,20170 --additional-intervals 20174,20174 --additional-intervals 20182,20182 --additional-intervals 20197,20197 --additional-intervals 20214,20214 --additional-intervals 20219,20219 --additional-intervals 20241,20241 --additional-intervals 20248,20248 --additional-intervals 20256,20256 --additional-intervals 20272,20272 --additional-intervals 20301,20301 --additional-intervals 20307,20307 --additional-intervals 20313,20313 --additional-intervals 20316,20316 --additional-intervals 20320,20320 --additional-intervals 20351,20351 --additional-intervals 20379,20379 --additional-intervals 20391,20391 --additional-intervals 20415,20415 --additional-intervals 20445,20445 --additional-intervals 20449,20449 --additional-intervals 20462,20462 --additional-intervals 20498,20498 --additional-intervals 20540,20540 --additional-intervals 20542,20542 --additional-intervals 20559,20559 --additional-intervals 20648,20648 --additional-intervals 20803,20803 --additional-intervals 20808,20808 --additional-intervals 20809,20809 --additional-intervals 20837,20837 --additional-intervals 20840,20840 --additional-intervals 20845,20845 --additional-intervals 20851,20851 --additional-intervals 20854,20854 --additional-intervals 20855,20855 --additional-intervals 20856,20856 --additional-intervals 20869,20869 --additional-intervals 20876,20876 --additional-intervals 20877,20877 --additional-intervals 20889,20889 --additional-intervals 20934,20934 --additional-intervals 20945,20945 --additional-intervals 20986,20986 --additional-intervals 20998,20998 --additional-intervals 20999,20999 --additional-intervals 21015,21015 --additional-intervals 21019,21019 --additional-intervals 21021,21021 --additional-intervals 21024,21024 --additional-intervals 21040,21040 --additional-intervals 21046,21046 --additional-intervals 21047,21047 --additional-intervals 21069,21069 --additional-intervals 21097,21097 --additional-intervals 21098,21098 --additional-intervals 21151,21151 --additional-intervals 21152,21152 --additional-intervals 21153,21153 --additional-intervals 21160,21160 --additional-intervals 21247,21247 --additional-intervals 21253,21253 --additional-intervals 21305,21305 --additional-intervals 21306,21306 --additional-intervals 21333,21333 --additional-intervals 21344,21344 --additional-intervals 21345,21345 --additional-intervals 21363,21363 --additional-intervals 21387,21387 --additional-intervals 21407,21407 --additional-intervals 21453,21453 --additional-intervals 21457,21457 --additional-intervals 21462,21462 --additional-intervals 21475,21475 --additional-intervals 21487,21487 --additional-intervals 21491,21491 --additional-intervals 21495,21495 --additional-intervals 21508,21508 --additional-intervals 21516,21516 --additional-intervals 21517,21517 --additional-intervals 21518,21518 --additional-intervals 21521,21521 --additional-intervals 21542,21542 --additional-intervals 21547,21547 --additional-intervals 21551,21551 --additional-intervals 21578,21578 --additional-intervals 21608,21608 --additional-intervals 21629,21629 --additional-intervals 21644,21644 --additional-intervals 21704,21704 --additional-intervals 21796,21796 --additional-intervals 22120,22120 --additional-intervals 22235,22235 --additional-intervals 22238,22238 --additional-intervals 22240,22240 --additional-intervals 22260,22260 --additional-intervals 22266,22266 --additional-intervals 22270,22270 --additional-intervals 22278,22278 --additional-intervals 22312,22312 --additional-intervals 22320,22320 --additional-intervals 22336,22336 --additional-intervals 22343,22343 --additional-intervals 22402,22402 --additional-intervals 22522,22522 --additional-intervals 22686,22686 --additional-intervals 22791,22791 --additional-intervals 22797,22797 --additional-intervals 22806,22806 --additional-intervals 22810,22810 --additional-intervals 22812,22812 --additional-intervals 22823,22823 --additional-intervals 22825,22825 --additional-intervals 22830,22830 --additional-intervals 22833,22833 --additional-intervals 22836,22836 --additional-intervals 22841,22841 --additional-intervals 22987,22987 --additional-intervals 23383,23383 --additional-intervals 23384,23384 --additional-intervals 23433,23433 --additional-intervals 23436,23436 --additional-intervals 23450,23450 --additional-intervals 23478,23478 --additional-intervals 23481,23481 --additional-intervals 23485,23485 --additional-intervals 23494,23494 --additional-intervals 23545,23545 --additional-intervals 23553,23553 --additional-intervals 23558,23558 --additional-intervals 23567,23567 --additional-intervals 23569,23569 --additional-intervals 23578,23578 --additional-intervals 23601,23601 --additional-intervals 23616,23616 --additional-intervals 23621,23621 --additional-intervals 23631,23631 --additional-intervals 24037,24037 --additional-intervals 24038,24038 --additional-intervals 24050,24050 --additional-intervals 24067,24067 --additional-intervals 24076,24076 --additional-intervals 24102,24102 --additional-intervals 24149,24149 --additional-intervals 24179,24179 --additional-intervals 24182,24182 --additional-intervals 24207,24207 --additional-intervals 24212,24212 --additional-intervals 24213,24213 --additional-intervals 24230,24230 --additional-intervals 24314,24314 --additional-intervals 24320,24320 --additional-intervals 24335,24335 --additional-intervals 24341,24341 --additional-intervals 24377,24377 --additional-intervals 24403,24403 --additional-intervals 24405,24405 --additional-intervals 24471,24471 --additional-intervals 24536,24536 --additional-intervals 24555,24555 --additional-intervals 24573,24573 --additional-intervals 24577,24577 --additional-intervals 24674,24674 --additional-intervals 24687,24687 --additional-intervals 24773,24773 --additional-intervals 24815,24815 --additional-intervals 24847,24847 --additional-intervals 24930,24930 --additional-intervals 25104,25104 --additional-intervals 25110,25110 --additional-intervals 25130,25130 --additional-intervals 25143,25143 --additional-intervals 25152,25152 --additional-intervals 25163,25163 --additional-intervals 25171,25171 --additional-intervals 25195,25195 --additional-intervals 25214,25214 --additional-intervals 25239,25239 --additional-intervals 25253,25253 --additional-intervals 25300,25300 --additional-intervals 25321,25321 --additional-intervals 25345,25345 --additional-intervals 25351,25351 --additional-intervals 25353,25353 --additional-intervals 25381,25381 --additional-intervals 25442,25442 --additional-intervals 25454,25454 --additional-intervals 25490,25490 --additional-intervals 25509,25509 --additional-intervals 25511,25511 --additional-intervals 25512,25512 --additional-intervals 25551,25551 --additional-intervals 25552,25552 --additional-intervals 25554,25554 --additional-intervals 25628,25628 --additional-intervals 25688,25688 --additional-intervals 25805,25805 --additional-intervals 25910,25910 --additional-intervals 25913,25913 --additional-intervals 25918,25918 --additional-intervals 25928,25928 --additional-intervals 25968,25968 --additional-intervals 25972,25972 --additional-intervals 25991,25991 --additional-intervals 26012,26012 --additional-intervals 26029,26029 --additional-intervals 26032,26032 --additional-intervals 26041,26041 --additional-intervals 26080,26080 --additional-intervals 26085,26085 --additional-intervals 26089,26089 --additional-intervals 26102,26102 --additional-intervals 26126,26126 --additional-intervals 26159,26159 --additional-intervals 26174,26174 --additional-intervals 26224,26224 --additional-intervals 26234,26234 --additional-intervals 26242,26242 --additional-intervals 26356,26356 --additional-intervals 26368,26368 --additional-intervals 26377,26377 --additional-intervals 26381,26381 --additional-intervals 26399,26399 --additional-intervals 26410,26410 --additional-intervals 26411,26411 --additional-intervals 26412,26412 --additional-intervals 26426,26426 --additional-intervals 26465,26465 --additional-intervals 26469,26469 --additional-intervals 26494,26494 --additional-intervals 26512,26512 --additional-intervals 26524,26524 --additional-intervals 26597,26597 --additional-intervals 26631,26631 --additional-intervals 26639,26639 --additional-intervals 26679,26679 --additional-intervals 26681,26681 --additional-intervals 26684,26684 --additional-intervals 26694,26694 --additional-intervals 26700,26700 --additional-intervals 26723,26723 --additional-intervals 26816,26816 --additional-intervals 27169,27169 --additional-intervals 27178,27178 --additional-intervals 27425,27425 --additional-intervals 27491,27491 --additional-intervals 27492,27492 --additional-intervals 27493,27493 --additional-intervals 27573,27573 --additional-intervals 27599,27599 --additional-intervals 27604,27604 --additional-intervals 27700,27700 --additional-intervals 27785,27785 --additional-intervals 27809,27809 --additional-intervals 27861,27861 --additional-intervals 27880,27880 --additional-intervals 27963,27963 --additional-intervals 27973,27973 --additional-intervals 27983,27983 --additional-intervals 28040,28040 --additional-intervals 28145,28145 --additional-intervals 28155,28155 --additional-intervals 28165,28165 --additional-intervals 28176,28176 --additional-intervals 28201,28201 --additional-intervals 28304,28304 --additional-intervals 28369,28369 --additional-intervals 28388,28388 --additional-intervals 28783,28783 --additional-intervals 28857,28857 --additional-intervals 28909,28909 --additional-intervals 28982,28982 --additional-intervals 29255,29255 --additional-intervals 29256,29256 --additional-intervals 29273,29273 --additional-intervals 29366,29366 --additional-intervals 29483,29483 --additional-intervals 29575,29575 --additional-intervals 29616,29616 --additional-intervals 29702,29702 --additional-intervals 29992,29992 --additional-intervals 30005,30005 --additional-intervals 30011,30011 --additional-intervals 30028,30028 --additional-intervals 30041,30041 --additional-intervals 30053,30053 --additional-intervals 30331,30331 --additional-intervals 30334,30334 --additional-intervals 30340,30340 --additional-intervals 30424,30424 --additional-intervals 30446,30446 --additional-intervals 30452,30452 --additional-intervals 30475,30475 --additional-intervals 30496,30496 --additional-intervals 30528,30528 --additional-intervals 30561,30561 --additional-intervals 30701,30701 --additional-intervals 30721,30721 --additional-intervals 30830,30830 --additional-intervals 31034,31034 --additional-intervals 31105,31105 --additional-intervals 31186,31186 --additional-intervals 31216,31216 --additional-intervals 31227,31227 --additional-intervals 31243,31243 --additional-intervals 31354,31354 --additional-intervals 31435,31435 --additional-intervals 31446,31446 --additional-intervals 31456,31456 --additional-intervals 31471,31471 --additional-intervals 31526,31526 --additional-intervals 31532,31532 --additional-intervals 31614,31614 --additional-intervals 31616,31616 --additional-intervals 31639,31639 --additional-intervals 31649,31649 --additional-intervals 31661,31661 --additional-intervals 31821,31821 --additional-intervals 31895,31895 --additional-intervals 31995,31995 --additional-intervals 32034,32034 --additional-intervals 32039,32039 --additional-intervals 32447,32447 --additional-intervals 32454,32454 --additional-intervals 32456,32456 --additional-intervals 32467,32467 --additional-intervals 32476,32476 --additional-intervals 32479,32479 --additional-intervals 32487,32487 --additional-intervals 32490,32490 --additional-intervals 32493,32493 --additional-intervals 32500,32500 --additional-intervals 32531,32531 --additional-intervals 32534,32534 --additional-intervals 32541,32541 --additional-intervals 32553,32553 --additional-intervals 32593,32593 --additional-intervals 32622,32622 --additional-intervals 32763,32763 --additional-intervals 32773,32773 --additional-intervals 33021,33021 --additional-intervals 33041,33041 --additional-intervals 33050,33050 --additional-intervals 33258,33258 --additional-intervals 33267,33267 --additional-intervals 33394,33394 --additional-intervals 33410,33410 --additional-intervals 33509,33509 --additional-intervals 33521,33521 --additional-intervals 33539,33539 --additional-intervals 33616,33616 --additional-intervals 33719,33719 --additional-intervals 33756,33756 --additional-intervals 33853,33853 --additional-intervals 34013,34013 --additional-intervals 34255,34255 --additional-intervals 34892,34892 --additional-intervals 34920,34920 --additional-intervals 34987,34987 --additional-intervals 35009,35009 --additional-intervals 35013,35013 --additional-intervals 35114,35114 --additional-intervals 35201,35201 --additional-intervals 35265,35265 --additional-intervals 35272,35272 --additional-intervals 35299,35299 --additional-intervals 35302,35302 --additional-intervals 35328,35328 --additional-intervals 35745,35745 --additional-intervals 35748,35748 --additional-intervals 35758,35758 --additional-intervals 35760,35760 --additional-intervals 35774,35774 --additional-intervals 35777,35777 --additional-intervals 35789,35789 --additional-intervals 35797,35797 --additional-intervals 35810,35810 --additional-intervals 35814,35814 --additional-intervals 35821,35821 --additional-intervals 35823,35823 --additional-intervals 35828,35828 --additional-intervals 35831,35831 --additional-intervals 35835,35835 --additional-intervals 35843,35843 --additional-intervals 36133,36133 --additional-intervals 36134,36134 --additional-intervals 36215,36215 --additional-intervals 36229,36229 --additional-intervals 36275,36275 --additional-intervals 36291,36291 --additional-intervals 36305,36305 --additional-intervals 36317,36317 --additional-intervals 36319,36319 --additional-intervals 36339,36339 --additional-intervals 36716,36716 --additional-intervals 36731,36731 --additional-intervals 36733,36733 --additional-intervals 36739,36739 --additional-intervals 36755,36755 --additional-intervals 36793,36793 --additional-intervals 36798,36798 --additional-intervals 36807,36807 --additional-intervals 36817,36817 --additional-intervals 36820,36820 --additional-intervals 36824,36824 --additional-intervals 36825,36825 --additional-intervals 36827,36827 --additional-intervals 36828,36828 --additional-intervals 36830,36830 --additional-intervals 36864,36864 --additional-intervals 36865,36865 --additional-intervals 36866,36866 --additional-intervals 36870,36870 --additional-intervals 36873,36873 --additional-intervals 36879,36879 --additional-intervals 36890,36890 --additional-intervals 36895,36895 --additional-intervals 36965,36965 --additional-intervals 37096,37096 --additional-intervals 37117,37117 --additional-intervals 37197,37197 --additional-intervals 37266,37266 --additional-intervals 37322,37322 --additional-intervals 37325,37325 --additional-intervals 37327,37327 --additional-intervals 38024,38024 --additional-intervals 38047,38047 --additional-intervals 38142,38142 --additional-intervals 38169,38169 --additional-intervals 38190,38190 --additional-intervals 38191,38191 --additional-intervals 38236,38236 --additional-intervals 38271,38271 --additional-intervals 38381,38381 --additional-intervals 38382,38382 --additional-intervals 38388,38388 --additional-intervals 38405,38405 --additional-intervals 38451,38451 --additional-intervals 38468,38468 --additional-intervals 38500,38500 --additional-intervals 38543,38543 --additional-intervals 38544,38544 --additional-intervals 38656,38656 --additional-intervals 38754,38754 --additional-intervals 39029,39029 --additional-intervals 39030,39030 --additional-intervals 39033,39033 --additional-intervals 39034,39034 --additional-intervals 39044,39044 --additional-intervals 39057,39057 --additional-intervals 39064,39064 --additional-intervals 39304,39304 --additional-intervals 39318,39318 --additional-intervals 39564,39564 --additional-intervals 40479,40479 --additional-intervals 40560,40560 --additional-intervals 40664,40664 --additional-intervals 40784,40784 --additional-intervals 40831,40831 --additional-intervals 65281,65281 --additional-intervals 65288,65288 --additional-intervals 65289,65289 --additional-intervals 65292,65292 --additional-intervals 65306,65306 --additional-intervals 65311,65311
 */
#pragma once
#include "builtin_font_metadata.h"
#include "EpdFontData.h"

static const uint8_t geist_14_boldBitmaps[40985] = {
    0x7D, 0x55, 0xD1, 0x8D, 0x44, 0x21, 0x08, 0x24, 0xB1, 0x00, 0x5A, 0xB9, 0x0E, 0x6C, 0xFD, 0x25,
    0x57, 0xC0, 0xB6, 0x62, 0x72, 0xBF, 0x24, 0x1C, 0x33, 0xE0, 0x53, 0xDF, 0xBD, 0x9C, 0xAB, 0xB3,
    0x1B, 0x04, 0x14, 0x18, 0x5C, 0xBF, 0xFC, 0xED, 0x23, 0xF8, 0xE4, 0x98, 0x32, 0xD3, 0xF7, 0x29,
    0xFE, 0x1D, 0xAA, 0x3B, 0x58, 0x40, 0x33, 0xE9, 0xEE, 0x7E, 0x3D, 0xA0, 0xB9, 0x9A, 0x34, 0xD3,
    0x91, 0x10, 0x22, 0x7F, 0x82, 0x8E, 0x7E, 0x25, 0xF4, 0xE1, 0x3B, 0x88, 0x98, 0xEC, 0x10, 0xEE,
    0xA4, 0xB9, 0x0F, 0x51, 0xF7, 0x3C, 0x0D, 0x7A, 0x00, 0x8B, 0xD3, 0x08, 0x16, 0x7A, 0x3D, 0x36,
    0xA1, 0x32, 0xA0, 0x9C, 0x3F, 0xD3, 0x38, 0x42, 0x0A, 0x18, 0x13, 0xD6, 0x25, 0x15, 0xAE, 0x52,
    0xB9, 0x1F, 0xE7, 0xAA, 0xE3, 0x2B, 0x64, 0x11, 0x5D, 0x38, 0x44, 0x00, 0x3A, 0x22, 0x03, 0xD6,
    0x70, 0xDD, 0x40, 0x84, 0xAF, 0x03, 0xF1, 0xEB, 0x0F, 0xAD, 0x3F, 0x03, 0x56, 0x0A, 0x27, 0xD2,
    0x89, 0xAE, 0x3C, 0x1E, 0x8E, 0x9B, 0xF1, 0x56, 0x23, 0x4C, 0x22, 0xE0, 0x30, 0x0F, 0x15, 0x22,
    0x9C, 0xA0, 0x02, 0x3A, 0x5A, 0x1E, 0x37, 0x78, 0x34, 0x2E, 0x3E, 0x03, 0xAE, 0xA8, 0xD5, 0xF4,
    0x86, 0x6E, 0x77, 0x98, 0x57, 0x2A, 0x6B, 0x86, 0x10, 0xDB, 0x11, 0x51, 0xC0, 0x4F, 0x98, 0x44,
    0xB4, 0x3E, 0x10, 0x28, 0xE1, 0x42, 0xCA, 0x13, 0x10, 0xFA, 0x08, 0x5B, 0xB7, 0x39, 0x1A, 0xB2,
    0x20, 0xF4, 0x1D, 0x49, 0xAD, 0x19, 0xBE, 0xFF, 0x9F, 0xB7, 0x66, 0x1A, 0xA6, 0x93, 0x5B, 0x9E,
    0x42, 0xF5, 0x92, 0x73, 0x06, 0x2B, 0x96, 0x7D, 0xAB, 0x59, 0xBB, 0x7A, 0x5E, 0x80, 0xE5, 0x10,
    0x55, 0x64, 0x45, 0x41, 0x98, 0x71, 0x4F, 0xA5, 0x32, 0xE4, 0x9A, 0xB9, 0x7E, 0x2C, 0xA7, 0xDA,
    0x5A, 0xAF, 0x3A, 0xC5, 0xF5, 0x8E, 0x1A, 0x88, 0x1D, 0xFE, 0xE7, 0x9E, 0xE0, 0x1E, 0x5C, 0x4C,
    0x73, 0xAE, 0xC6, 0xD2, 0xE4, 0x52, 0x5B, 0x6B, 0xAA, 0x6E, 0xEA, 0x6D, 0x53, 0x57, 0x7F, 0x57,
    0x25, 0xEF, 0x9E, 0xDC, 0x8E, 0x7A, 0x04, 0x53, 0x79, 0xC7, 0x82, 0xB3, 0x3F, 0x1E, 0xC0, 0xDD,
    0xB2, 0xA0, 0x2D, 0xBD, 0xD0, 0x1F, 0x3D, 0x27, 0xB7, 0xF5, 0xAE, 0xEB, 0xD8, 0x83, 0x5D, 0x55,
    0xFC, 0x7F, 0xA6, 0xC7, 0x11, 0xAE, 0x0D, 0x0B, 0x55, 0x40, 0xF1, 0x58, 0x40, 0x46, 0xD7, 0x51,
    0x45, 0x44, 0x00, 0x5D, 0xEC, 0x84, 0x74, 0xF0, 0xE8, 0x8E, 0x36, 0x41, 0x5A, 0x1E, 0x43, 0xB2,
    0x03, 0xE9, 0x93, 0x82, 0xF2, 0x59, 0xFE, 0x8C, 0x0E, 0x34, 0x1C, 0xE4, 0x77, 0xB5, 0x65, 0xBB,
    0xCF, 0xA5, 0x7E, 0x0C, 0xD8, 0x6B, 0x52, 0x5A, 0x68, 0x17, 0x47, 0x99, 0xF0, 0x36, 0x09, 0xB3,
    0x3B, 0x0A, 0x32, 0x31, 0x1F, 0xC0, 0xEC, 0xA9, 0x0E, 0x08, 0x7F, 0x26, 0xAB, 0x4D, 0x16, 0x64,
    0xD9, 0x4E, 0xE8, 0x55, 0xAE, 0x03, 0x58, 0xD0, 0x04, 0x1E, 0xC6, 0x04, 0xB8, 0xD5, 0x9B, 0x17,
    0x89, 0x13, 0xDC, 0xF2, 0x12, 0x52, 0x23, 0x79, 0xC2, 0x02, 0xB3, 0xDE, 0xCD, 0xAB, 0xFC, 0x6C,
    0x77, 0xCF, 0x8C, 0x5D, 0xAC, 0x5E, 0xC5, 0x8A, 0x28, 0xBD, 0x87, 0x22, 0x49, 0xF6, 0x4D, 0xBF,
    0x57, 0xB1, 0xDC, 0x58, 0x97, 0xAD, 0x2A, 0x7B, 0x96, 0x2A, 0x43, 0x46, 0x3A, 0xE4, 0xF3, 0x6B,
    0xFB, 0x3A, 0xA8, 0xFB, 0x64, 0xF7, 0xC1, 0xEC, 0xB3, 0x19, 0xCE, 0xC5, 0x4A, 0xE5, 0xDD, 0x67,
    0x28, 0x88, 0x96, 0xCD, 0x9C, 0xBF, 0x9C, 0xAD, 0x9B, 0x6F, 0xEE, 0x58, 0x7A, 0x8B, 0xEC, 0x3B,
    0xA7, 0x93, 0xA9, 0xC7, 0x53, 0x2D, 0x95, 0x15, 0x98, 0x42, 0x3C, 0x8A, 0x8A, 0xF6, 0x16, 0x74,
    0x51, 0xC3, 0xF1, 0xAB, 0xC5, 0x8B, 0x38, 0xFB, 0x36, 0x7C, 0x59, 0xD1, 0x78, 0xA6, 0x4B, 0x56,
    0xCB, 0xEF, 0xE3, 0xF9, 0x67, 0xF9, 0xBE, 0x3B, 0x9F, 0x90, 0x18, 0x5F, 0x6C, 0x33, 0x61, 0x6C,
    0xA0, 0x23, 0xEE, 0xC7, 0xBC, 0x90, 0x76, 0x57, 0xF2, 0xB2, 0x58, 0x31, 0x73, 0x50, 0x59, 0x6D,
    0xA0, 0xCD, 0xD7, 0x9F, 0xA7, 0x6B, 0x9E, 0xF5, 0x90, 0xFF, 0x02, 0x9D, 0x95, 0x61, 0x8E, 0x33,
    0x21, 0x08, 0x86, 0x4D, 0x3C, 0x80, 0x47, 0xE2, 0xEA, 0x26, 0x3D, 0x40, 0xAF, 0x42, 0xB2, 0x7F,
    0x49, 0xF8, 0xDE, 0x17, 0x06, 0x67, 0xEC, 0x7C, 0xDB, 0xED, 0x6E, 0x5B, 0x1E, 0x3B, 0x2A, 0x08,
    0x88, 0xCE, 0x6C, 0xAD, 0x19, 0xC4, 0x27, 0xC4, 0x29, 0xDA, 0x86, 0xE3, 0x89, 0x7F, 0x3A, 0xA4,
    0x09, 0x3B, 0x94, 0xCF, 0xE8, 0x8F, 0xEE, 0x98, 0x37, 0x53, 0x0F, 0x4D, 0x28, 0x52, 0x47, 0x30,
    0x08, 0x31, 0xCC, 0x34, 0x9F, 0x29, 0xAD, 0x51, 0xDC, 0xC2, 0xD6, 0x80, 0x96, 0x40, 0x59, 0x2C,
    0xCC, 0x86, 0xD4, 0xA7, 0x9E, 0x57, 0xBF, 0x38, 0xED, 0xC3, 0x2E, 0x97, 0x82, 0x59, 0x4F, 0x3B,
    0xD0, 0xEF, 0xCE, 0x35, 0xC3, 0x70, 0x93, 0x29, 0x2A, 0xE6, 0x63, 0xCA, 0xC4, 0x94, 0xA1, 0xD2,
    0xA3, 0x71, 0xE8, 0x59, 0x47, 0x63, 0x1D, 0x8D, 0x55, 0xA3, 0xAB, 0x19, 0xD9, 0xC9, 0xC6, 0xC5,
    0xA1, 0x4C, 0x3D, 0x84, 0xD7, 0xE1, 0xBE, 0x21, 0x3A, 0xD1, 0xA1, 0x30, 0x9E, 0xAE, 0x59, 0x34,
    0x83, 0x71, 0xB5, 0xD6, 0xD3, 0x15, 0xBA, 0xC4, 0xA6, 0x87, 0x7F, 0x99, 0xAA, 0xC5, 0xF4, 0xFC,
    0x4A, 0xBA, 0x2C, 0x5F, 0x17, 0x6A, 0x64, 0x7C, 0x5E, 0x29, 0xCC, 0x78, 0x0B, 0x1E, 0xDB, 0x00,
    0xE5, 0x93, 0x4E, 0x47, 0x6A, 0x42, 0x72, 0x72, 0x3D, 0x9F, 0x9E, 0x1B, 0x46, 0xC7, 0x0F, 0x20,
    0x92, 0xD9, 0x77, 0x0C, 0x3F, 0x06, 0x72, 0x0B, 0xCF, 0x79, 0x23, 0xD6, 0xDF, 0xD1, 0xC3, 0x68,
    0xE2, 0xA2, 0x86, 0xA0, 0xB9, 0xA0, 0x7B, 0xB8, 0x38, 0xE9, 0x15, 0xB2, 0xDF, 0x00, 0x24, 0xCB,
    0xE8, 0x33, 0x36, 0x3D, 0x91, 0x25, 0xF2, 0x1F, 0x8C, 0x9C, 0x17, 0x1A, 0xA1, 0x1B, 0x56, 0x7A,
    0xC5, 0x90, 0x6B, 0x78, 0xD6, 0xE2, 0xCD, 0xD3, 0x96, 0xAE, 0x95, 0xA7, 0x5A, 0x90, 0x1D, 0xE7,
    0x40, 0x05, 0x13, 0x51, 0x1E, 0x71, 0xD8, 0xB2, 0x1C, 0x6B, 0xD8, 0x26, 0xF3, 0x38, 0x0B, 0x57,
    0xC1, 0xEC, 0x4D, 0xEE, 0xE3, 0xF6, 0x56, 0xFE, 0x62, 0xF3, 0x45, 0xBE, 0xC9, 0xBC, 0xD8, 0x96,
    0xF9, 0x95, 0xE5, 0xC1, 0x55, 0x65, 0xC7, 0x2D, 0xF3, 0x16, 0xB5, 0xD5, 0x8F, 0x8C, 0x18, 0xCF,
    0x96, 0xDA, 0xAD, 0x14, 0xDE, 0xA2, 0x6A, 0xE4, 0x8A, 0x8F, 0x0D, 0x7C, 0xFA, 0xCD, 0x3B, 0xE4,
    0x77, 0x52, 0xF7, 0x4F, 0x08, 0x32, 0x75, 0xDC, 0x4D, 0x9A, 0x77, 0x9B, 0xB5, 0x55, 0x15, 0x55,
    0x56, 0x4C, 0x08, 0x8F, 0x93, 0x3F, 0x38, 0xE1, 0x19, 0xA5, 0x61, 0x0B, 0xBA, 0xFE, 0x79, 0xE1,
    0x2B, 0xA3, 0xD0, 0x42, 0x18, 0x18, 0xAF, 0x65, 0xFA, 0xE3, 0xC6, 0x7E, 0x24, 0xAF, 0xC5, 0x12,
    0x57, 0xE1, 0x22, 0xEF, 0x2C, 0xDF, 0xC8, 0xED, 0xCF, 0x22, 0x28, 0xB2, 0x02, 0x98, 0x81, 0xE0,
    0xD3, 0xFC, 0xA9, 0x4E, 0xD6, 0x0F, 0x49, 0x7A, 0x78, 0xD2, 0x16, 0xE7, 0x41, 0x3D, 0x29, 0x1A,
    0x45, 0x84, 0x43, 0x16, 0xB0, 0x05, 0x3F, 0x31, 0x09, 0x2D, 0x3C, 0xAD, 0xF0, 0xF0, 0xC2, 0x8C,
    0x82, 0x0F, 0x08, 0x31, 0x16, 0xFA, 0x42, 0xE3, 0x0A, 0x95, 0xF2, 0x7B, 0xCD, 0x67, 0x2D, 0x73,
    0x33, 0xFB, 0x4F, 0xE0, 0xBC, 0xD0, 0x08, 0xDD, 0xB0, 0x32, 0xCE, 0x0B, 0x40, 0xF2, 0x3A, 0xA8,
    0x1C, 0xF3, 0xC0, 0xE6, 0x5A, 0xB3, 0xBF, 0x08, 0xDF, 0x41, 0x31, 0xAE, 0x59, 0xEB, 0xF6, 0xFE,
    0xC0, 0x8E, 0xEF, 0x0F, 0xEC, 0x87, 0xCE, 0xF3, 0x5D, 0x86, 0xDC, 0xC1, 0x79, 0x38, 0x49, 0xCF,
    0x6D, 0xBF, 0x2A, 0x27, 0x6D, 0xF0, 0x85, 0x13, 0x6F, 0xC2, 0x6E, 0xFF, 0x00, 0xAD, 0x55, 0xD9,
    0x6D, 0xC3, 0x30, 0x0C, 0x25, 0xC0, 0x01, 0x34, 0x12, 0x57, 0x17, 0x90, 0x01, 0xB2, 0x8A, 0x80,
    0xFC, 0x0A, 0x60, 0xF9, 0x78, 0xC8, 0x72, 0x0E, 0xA3, 0x29, 0x9A, 0x8A, 0x8F, 0xB6, 0x45, 0x8A,
    0xB7, 0xAA, 0xAA, 0x9D, 0x54, 0x75, 0x02, 0x34, 0xA1, 0xB3, 0xF6, 0x04, 0x5A, 0x4F, 0x8C, 0x0D,
    0xD1, 0x25, 0x3C, 0x76, 0xB5, 0xD8, 0x3D, 0x34, 0x5E, 0x81, 0x60, 0x88, 0xA1, 0xD1, 0xA0, 0x21,
    0x0E, 0xC3, 0x34, 0x64, 0x50, 0xC1, 0x24, 0xB2, 0x0D, 0xC3, 0x86, 0xE3, 0x19, 0x22, 0x10, 0xEC,
    0xE4, 0xCA, 0xF6, 0x61, 0xC0, 0x2A, 0x40, 0x86, 0x09, 0xEB, 0xC0, 0x29, 0x1D, 0xE7, 0xF5, 0x12,
    0x76, 0xAF, 0xCC, 0xE4, 0x19, 0xA8, 0xE1, 0xE8, 0x7F, 0x86, 0x8F, 0xA1, 0xFE, 0x15, 0x3C, 0x1B,
    0x88, 0xA3, 0x21, 0x4D, 0x8C, 0x1C, 0x78, 0xE0, 0xCE, 0x91, 0x22, 0x4E, 0x24, 0xC1, 0x36, 0x9C,
    0x68, 0x81, 0xF5, 0x80, 0xAD, 0x91, 0xE8, 0x27, 0x52, 0x1C, 0x9E, 0x28, 0x8F, 0x44, 0xCF, 0x33,
    0xB0, 0x25, 0xCE, 0x85, 0x9C, 0x38, 0x0A, 0xBD, 0xB6, 0x4D, 0x8B, 0xC1, 0xC9, 0x36, 0xA5, 0x58,
    0x43, 0xD9, 0x82, 0x59, 0x49, 0x9A, 0x95, 0x64, 0xB4, 0x62, 0x82, 0x52, 0x05, 0x33, 0x65, 0xB9,
    0xCF, 0x8D, 0xE9, 0x2D, 0x19, 0x1C, 0x50, 0xE5, 0x13, 0xA3, 0x62, 0xE6, 0x0A, 0xEA, 0x7C, 0x62,
    0x68, 0x95, 0x61, 0x9E, 0xE0, 0xD1, 0x2C, 0xD9, 0x8B, 0x03, 0xDB, 0x51, 0x96, 0xAA, 0x9B, 0x6B,
    0xEA, 0xEA, 0xA3, 0x91, 0xC0, 0x88, 0xFC, 0x78, 0xF5, 0x5D, 0x97, 0x83, 0x86, 0xEB, 0xC6, 0x51,
    0x33, 0x5A, 0x4B, 0x66, 0xD8, 0x48, 0x43, 0x16, 0xD2, 0xB2, 0xC6, 0x51, 0x29, 0xB7, 0xF6, 0xD0,
    0x4C, 0x64, 0x5A, 0x9B, 0xCB, 0x5A, 0x99, 0xA4, 0xDF, 0x01, 0x46, 0x69, 0x27, 0xF2, 0x68, 0x7D,
    0x08, 0x3A, 0x6A, 0xEB, 0x24, 0xF1, 0xE9, 0xE3, 0xE7, 0x97, 0x5F, 0x3F, 0x56, 0x8C, 0xE0, 0x57,
    0x6B, 0x53, 0x47, 0x3B, 0x15, 0xA1, 0xF5, 0x8B, 0xAC, 0x25, 0x16, 0x51, 0xF4, 0x59, 0xD0, 0x52,
    0xD8, 0x84, 0xDB, 0xB5, 0xB0, 0xB5, 0xD6, 0x5A, 0xF8, 0xF4, 0xE5, 0xDA, 0xD5, 0x19, 0x25, 0xB5,
    0x82, 0xC6, 0x1A, 0x72, 0x1F, 0x62, 0xED, 0xC6, 0x53, 0x09, 0xC9, 0x1D, 0x27, 0xEA, 0x62, 0xD1,
    0xB5, 0xC1, 0x31, 0x76, 0x98, 0xBF, 0xFA, 0x3E, 0xD1, 0xE1, 0x28, 0x2A, 0x6E, 0x2D, 0xF1, 0xC2,
    0xB4, 0x19, 0xDF, 0x65, 0x56, 0x8A, 0xC5, 0x7A, 0xA0, 0x79, 0x8E, 0xCE, 0x31, 0x39, 0xDD, 0xFD,
    0xB6, 0x2C, 0x5B, 0x13, 0xED, 0xE5, 0xD7, 0x55, 0x8F, 0x71, 0x0A, 0xCA, 0x77, 0xEC, 0x45, 0xF1,
    0x43, 0xFE, 0x1E, 0x23, 0x80, 0x1D, 0x09, 0x82, 0x7E, 0xCA, 0x5B, 0x1C, 0xCB, 0x0E, 0x97, 0xBE,
    0x4A, 0xF8, 0xE9, 0x52, 0x3E, 0x42, 0xA7, 0xFA, 0x04, 0xA1, 0x71, 0x9B, 0xFB, 0x1D, 0x74, 0x9C,
    0xC9, 0xEF, 0x7C, 0xCA, 0x18, 0xD5, 0x75, 0xA0, 0x4B, 0x5B, 0x9E, 0x64, 0xC5, 0xC4, 0x4F, 0x7D,
    0x97, 0xBE, 0xF9, 0xF0, 0x3F, 0xF9, 0x84, 0x74, 0xDA, 0x20, 0xF9, 0xC2, 0x7F, 0x8F, 0xB9, 0x56,
    0x5E, 0x64, 0x97, 0x6B, 0x77, 0x5F, 0xDF, 0xBA, 0x9F, 0x6E, 0xCF, 0x23, 0x44, 0xC6, 0x98, 0xCA,
    0x0A, 0xC7, 0x5D, 0x8A, 0x8B, 0x4C, 0xE9, 0xA2, 0x6C, 0x7D, 0x95, 0xC2, 0x2E, 0x33, 0x8C, 0xC0,
    0x6F, 0x49, 0x3A, 0x74, 0xFC, 0x02, 0xC5, 0x65, 0x72, 0xF9, 0xE7, 0x9D, 0x9A, 0x2B, 0x7F, 0x5F,
    0xCE, 0x69, 0xCD, 0x28, 0x2E, 0x8C, 0x1F, 0x9D, 0x54, 0x5B, 0x6E, 0x03, 0x21, 0x0C, 0x44, 0xE2,
    0x00, 0x1C, 0x89, 0xAB, 0x23, 0xF5, 0x00, 0xB9, 0x8A, 0xA5, 0xFC, 0x5A, 0x72, 0x67, 0xC6, 0xDE,
    0x0D, 0xDD, 0x24, 0x55, 0xD3, 0x60, 0x9B, 0x00, 0x7E, 0x8E, 0x61, 0x63, 0xB5, 0x16, 0x4F, 0x3C,
    0x03, 0xEC, 0xB1, 0xC2, 0xE2, 0x0B, 0xF2, 0x16, 0x2D, 0xC2, 0xC1, 0x56, 0x33, 0x19, 0x7B, 0x77,
    0x9C, 0xE5, 0x30, 0xE8, 0x83, 0x07, 0x6C, 0x46, 0x9C, 0xBB, 0xEF, 0x87, 0x73, 0x20, 0xC2, 0xF0,
    0x4E, 0xDF, 0xF8, 0xD9, 0x26, 0x15, 0x79, 0x9E, 0x72, 0xDA, 0xF8, 0xAF, 0x1C, 0xF2, 0xBE, 0xCA,
    0xB3, 0xC1, 0x5F, 0x65, 0xFA, 0x37, 0x86, 0x71, 0xEB, 0xA1, 0x9A, 0x6C, 0x32, 0x2F, 0x63, 0x75,
    0xFD, 0x35, 0xE3, 0x8C, 0x3A, 0xD0, 0xF0, 0x9E, 0x50, 0xB5, 0x44, 0xAE, 0x62, 0xA7, 0x7D, 0x21,
    0xB4, 0xFB, 0xA9, 0x35, 0xCF, 0xA8, 0x73, 0xE8, 0xD3, 0xF6, 0xD2, 0x99, 0x8E, 0x76, 0x40, 0x93,
    0x71, 0xC4, 0x99, 0xCF, 0x5B, 0x7F, 0xA7, 0x1E, 0x6D, 0x3A, 0xDA, 0x45, 0x0F, 0x3B, 0xC7, 0xCD,
    0x14, 0x4D, 0x64, 0x0C, 0xF1, 0x3B, 0xC1, 0xA2, 0x15, 0x16, 0xC2, 0x83, 0x18, 0x8B, 0xE1, 0x6D,
    0x24, 0x56, 0x86, 0x3F, 0xAE, 0x9B, 0xA0, 0xFD, 0xF0, 0xC2, 0xC4, 0x94, 0x99, 0xB7, 0x93, 0x54,
    0x6A, 0xD1, 0xBE, 0xFF, 0x20, 0xC6, 0x82, 0x29, 0xD0, 0x84, 0xB6, 0x7F, 0xD2, 0x37, 0xDD, 0xC8,
    0xC2, 0x71, 0x26, 0x12, 0x59, 0xDF, 0x4C, 0xD1, 0x79, 0xBD, 0x01, 0xC1, 0x48, 0x31, 0x98, 0x39,
    0x22, 0x96, 0x80, 0x92, 0xEE, 0xFA, 0x21, 0x00, 0xFC, 0xDC, 0x44, 0x63, 0xAD, 0xD8, 0x37, 0x59,
    0xCF, 0xCB, 0x34, 0xE9, 0x8D, 0x95, 0xAB, 0x88, 0x9A, 0xE2, 0x98, 0xE0, 0xB0, 0x3B, 0x5A, 0x62,
    0x84, 0x2A, 0x27, 0x97, 0x5B, 0x16, 0xFA, 0x3C, 0x19, 0x03, 0x35, 0xE6, 0xCB, 0x85, 0xB2, 0x96,
    0x77, 0xA1, 0x33, 0x3D, 0xF1, 0x3E, 0x32, 0x6C, 0xBB, 0xD0, 0x5E, 0xA8, 0x65, 0xD3, 0x52, 0x59,
    0x66, 0xF2, 0x25, 0x57, 0xBC, 0x2B, 0xB9, 0x2C, 0x31, 0x4A, 0xA5, 0xC4, 0xB4, 0xB4, 0x3D, 0xF0,
    0x58, 0xBB, 0xB8, 0x44, 0x83, 0x01, 0x2B, 0xA1, 0xB0, 0x53, 0x48, 0xF7, 0xD1, 0x87, 0x2C, 0x5E,
    0xF7, 0x63, 0xC9, 0x2A, 0xFC, 0xBA, 0x7C, 0xA1, 0x8F, 0x8C, 0xD9, 0xFC, 0x4E, 0x62, 0xC2, 0x3B,
    0xF1, 0x71, 0xE3, 0x30, 0xEF, 0xAD, 0x14, 0xC7, 0x4F, 0x05, 0x51, 0x5D, 0x9F, 0xA6, 0xEF, 0xC9,
    0xA7, 0x43, 0x69, 0xF1, 0x21, 0x33, 0xDA, 0xEA, 0x2F, 0x1E, 0x45, 0xC6, 0xCD, 0x34, 0xAF, 0x2F,
    0x88, 0x28, 0x93, 0x2A, 0x4D, 0x00, 0xAB, 0x2F, 0x6B, 0x7D, 0x91, 0x1A, 0x71, 0xFE, 0x06, 0x8D,
    0x55, 0x5D, 0xCA, 0xE3, 0x30, 0x0C, 0x34, 0xE8, 0x75, 0xC1, 0x17, 0xFA, 0x40, 0x57, 0x37, 0xE4,
    0x00, 0xBD, 0x8A, 0x21, 0xAF, 0x02, 0xED, 0xCC, 0xC8, 0x49, 0xDC, 0xD2, 0x8F, 0xDD, 0xA4, 0x1A,
    0x6A, 0x4B, 0x96, 0x64, 0xFD, 0x25, 0x47, 0xEA, 0x6D, 0x78, 0xB2, 0xDE, 0xF1, 0xED, 0x6D, 0x36,
    0x9B, 0x28, 0xA3, 0xF5, 0xCC, 0xE1, 0x99, 0x13, 0x14, 0x79, 0x82, 0x8E, 0xCC, 0x3C, 0x00, 0xAF,
    0xD1, 0x1E, 0xE2, 0xE6, 0x2B, 0x29, 0x43, 0xC2, 0x99, 0xD9, 0x32, 0x5B, 0xEB, 0xA3, 0xC8, 0x61,
    0xD0, 0x69, 0x97, 0x0C, 0xCB, 0x52, 0x9B, 0xAD, 0x87, 0x15, 0x8C, 0x1E, 0x90, 0x78, 0x80, 0xCC,
    0x0D, 0x20, 0xB5, 0xE0, 0x11, 0xF1, 0x59, 0x72, 0xF9, 0x09, 0x7F, 0x1A, 0x7E, 0x4E, 0x9B, 0x5C,
    0xD2, 0xF7, 0xA4, 0xB5, 0xA0, 0xDD, 0xD9, 0xFA, 0xB4, 0x58, 0x30, 0x5A, 0x6C, 0xCB, 0xCB, 0xAB,
    0x68, 0x7E, 0xA9, 0x1A, 0xD2, 0x52, 0xFA, 0x70, 0x32, 0x1D, 0xBC, 0x80, 0x71, 0x9F, 0x1D, 0x02,
    0xD3, 0x18, 0x3E, 0x43, 0x3C, 0x10, 0x80, 0xF3, 0x72, 0xD5, 0xA1, 0x00, 0xA2, 0xA1, 0xE5, 0xDC,
    0xA0, 0x29, 0xEC, 0x15, 0x83, 0x5F, 0x18, 0x84, 0xAF, 0xE9, 0xB8, 0x9F, 0xAF, 0xDC, 0xBA, 0xDF,
    0x9D, 0x24, 0x78, 0x57, 0xC4, 0xF8, 0x17, 0x6F, 0xED, 0xFB, 0xC6, 0xAB, 0x24, 0x55, 0x48, 0xC0,
    0x1B, 0x1E, 0xC9, 0x7D, 0xBE, 0x0F, 0x6F, 0x30, 0xD4, 0xF9, 0x8A, 0xFB, 0x87, 0x28, 0x29, 0xF6,
    0x79, 0xDF, 0xC3, 0x72, 0x32, 0x6E, 0xE4, 0x20, 0x2E, 0x58, 0x0C, 0x7F, 0x51, 0x5F, 0x42, 0x45,
    0x9F, 0xE9, 0x27, 0x90, 0xEA, 0x5F, 0x40, 0xD6, 0xD4, 0x85, 0xDC, 0x49, 0x1C, 0x00, 0x4A, 0xB2,
    0x4E, 0xE1, 0xDC, 0x54, 0x31, 0xB0, 0x2E, 0xA0, 0x4A, 0x69, 0x61, 0x8C, 0xCA, 0xA2, 0x55, 0x70,
    0x71, 0xD5, 0x89, 0xDD, 0x30, 0xF8, 0x38, 0xF9, 0xFF, 0x90, 0x2A, 0xD4, 0x66, 0x84, 0x8D, 0x1F,
    0xA6, 0x04, 0x52, 0x9D, 0xA5, 0xC5, 0x94, 0x4D, 0x46, 0xFA, 0x64, 0xA0, 0x0E, 0x66, 0x49, 0xC0,
    0xA5, 0x18, 0x12, 0x91, 0xB0, 0x8E, 0x31, 0xEB, 0x3B, 0x3D, 0x25, 0xBC, 0x91, 0xAB, 0x24, 0xF3,
    0x2A, 0x09, 0x28, 0x66, 0xDA, 0xBD, 0x05, 0x2E, 0x32, 0x22, 0xBC, 0x8F, 0x29, 0xC8, 0x34, 0x40,
    0x70, 0x2F, 0x16, 0x03, 0xE1, 0xF5, 0x3A, 0xD1, 0xA3, 0xAF, 0x92, 0x94, 0x3E, 0xD9, 0x5B, 0xBF,
    0x46, 0xCD, 0xEC, 0x17, 0x70, 0x19, 0x3E, 0x23, 0xA6, 0xEE, 0x8C, 0xCD, 0xCE, 0x2A, 0x1B, 0x6F,
    0x94, 0x62, 0x3E, 0xF4, 0xC9, 0xFF, 0x26, 0xD3, 0xA9, 0x89, 0xD1, 0x73, 0x63, 0x57, 0x20, 0x1A,
    0x26, 0xDD, 0xA8, 0x74, 0xAF, 0x7D, 0xFE, 0x96, 0x5F, 0xC1, 0x5B, 0xA3, 0xD6, 0xD5, 0x84, 0x5A,
    0xD6, 0xBE, 0x53, 0xDE, 0x59, 0x86, 0xD8, 0xF5, 0xF9, 0xFF, 0xF4, 0xEE, 0x8B, 0x4A, 0x65, 0xAC,
    0xEE, 0x58, 0xC4, 0xC4, 0x73, 0x48, 0xB0, 0x1B, 0x7F, 0x7B, 0x7C, 0x91, 0xAD, 0x1E, 0xFF, 0x17,
    0xDD, 0x2D, 0x33, 0x39, 0xDD, 0xD4, 0xF4, 0xEC, 0x70, 0xDE, 0x22, 0x55, 0xC3, 0xD3, 0x66, 0x67,
    0x11, 0xE3, 0xB5, 0xED, 0xFD, 0xC8, 0xC6, 0x9D, 0x90, 0xCA, 0x06, 0x4B, 0xB6, 0xB1, 0xB7, 0xAA,
    0x98, 0xEC, 0x2A, 0xA6, 0x6A, 0x66, 0x81, 0x96, 0xF6, 0x94, 0x24, 0x85, 0x75, 0xAC, 0xDC, 0xE8,
    0xF2, 0x87, 0x05, 0x35, 0x5A, 0x65, 0x8F, 0xA8, 0x11, 0x1C, 0x44, 0x2B, 0xD4, 0x50, 0x66, 0x0D,
    0x1A, 0x63, 0x4E, 0xD4, 0x4C, 0xE4, 0x10, 0x85, 0x16, 0xD6, 0x85, 0x4D, 0x75, 0xFD, 0x70, 0x4E,
    0xAE, 0xA1, 0x4A, 0xD0, 0xC8, 0x0D, 0x22, 0xB5, 0xB8, 0xC6, 0x7A, 0x61, 0xD9, 0x0D, 0xD9, 0xDD,
    0xAD, 0xCB, 0x6E, 0x6E, 0xD6, 0xCB, 0xEE, 0xB2, 0xCE, 0xC8, 0xB8, 0x1A, 0x31, 0xED, 0xC4, 0x6D,
    0x19, 0x8F, 0xE7, 0x1A, 0xAB, 0x1F, 0xA8, 0x85, 0x5E, 0x69, 0x60, 0x58, 0x21, 0x67, 0x85, 0x86,
    0x92, 0xAB, 0xC6, 0xE9, 0x18, 0x27, 0x30, 0x6A, 0x49, 0x8E, 0x0D, 0x09, 0xD0, 0x07, 0xD4, 0x61,
    0xD5, 0x2C, 0x3C, 0x61, 0xDF, 0xB0, 0x39, 0x0E, 0xC6, 0x1C, 0x7D, 0x8E, 0x41, 0x81, 0x1E, 0xE3,
    0xEC, 0xF7, 0x42, 0xDA, 0x62, 0x04, 0xE8, 0x80, 0x9D, 0x8C, 0xA3, 0x72, 0x5D, 0x38, 0x88, 0xFB,
    0x7D, 0x74, 0x64, 0xA3, 0xEB, 0xB9, 0xD6, 0x35, 0xD0, 0x38, 0x62, 0xAA, 0x29, 0xE3, 0xAA, 0xC7,
    0x1E, 0x45, 0x18, 0x93, 0x35, 0x4E, 0x69, 0x60, 0x28, 0x0C, 0xF4, 0x7E, 0x7D, 0x9D, 0xF8, 0x55,
    0x6D, 0xD7, 0x30, 0xAF, 0x87, 0xEA, 0x1E, 0xD4, 0xD7, 0xEB, 0x0D, 0x79, 0xC0, 0xCF, 0x0D, 0x57,
    0x23, 0xEC, 0xE8, 0xB3, 0xA6, 0xEB, 0x1A, 0x86, 0x2C, 0xE4, 0xD8, 0x30, 0x9B, 0xC7, 0x2D, 0x50,
    0x38, 0xEA, 0xBB, 0xF2, 0x17, 0xCD, 0x95, 0x5B, 0x8A, 0xC3, 0x30, 0x0C, 0x45, 0x03, 0x5E, 0x80,
    0x96, 0xE4, 0xAD, 0x1B, 0xBA, 0x80, 0x6C, 0x45, 0xD0, 0x5F, 0x81, 0x46, 0xBA, 0xB2, 0x14, 0xA5,
    0xFD, 0x29, 0x0C, 0x65, 0x26, 0x89, 0x8F, 0x28, 0xB1, 0x1E, 0xB9, 0x96, 0xDD, 0xE3, 0x20, 0x39,
    0xEC, 0x9A, 0x0C, 0x2E, 0xA7, 0x82, 0xB8, 0x86, 0x72, 0xA3, 0xCF, 0xA4, 0x1B, 0xD5, 0x9D, 0x9E,
    0x8D, 0xEC, 0xCE, 0xBA, 0x3A, 0x2D, 0xF4, 0xD0, 0x03, 0x54, 0x0B, 0x64, 0x4E, 0xE6, 0x7C, 0xD1,
    0x5E, 0x49, 0x4D, 0x08, 0x2E, 0xCF, 0x17, 0xCE, 0x95, 0x9D, 0x9E, 0xC8, 0xC8, 0xFA, 0x4F, 0x6A,
    0x1B, 0x32, 0xAF, 0x2C, 0xC8, 0x38, 0x43, 0xC9, 0x76, 0xFD, 0x6D, 0x85, 0xB7, 0xC8, 0x8D, 0x59,
    0xDB, 0x7A, 0xA9, 0x90, 0x36, 0xE5, 0xFA, 0xA2, 0x20, 0xBC, 0xF4, 0xB1, 0x99, 0xB5, 0x8D, 0xCD,
    0x63, 0x57, 0xD5, 0x29, 0xE6, 0x0A, 0xB2, 0xB7, 0x57, 0xD4, 0xA6, 0xC1, 0x15, 0x99, 0x77, 0xA7,
    0xA1, 0xEB, 0xB8, 0x51, 0x5B, 0x1F, 0xC6, 0xF5, 0xA6, 0xE1, 0x68, 0xEA, 0x75, 0x5A, 0x9D, 0x2B,
    0x35, 0x2C, 0x25, 0xB9, 0x34, 0x5C, 0x5B, 0x43, 0xD9, 0xEC, 0x1A, 0x52, 0x68, 0x98, 0x4A, 0x86,
    0x0B, 0xBA, 0xCF, 0xE7, 0xBA, 0xA5, 0x17, 0x3B, 0xD3, 0x6E, 0x49, 0x43, 0x9E, 0xB2, 0x43, 0x07,
    0x2C, 0xA5, 0x15, 0x0F, 0x64, 0xD3, 0xD3, 0x72, 0x58, 0x4D, 0x0B, 0x46, 0xB6, 0x66, 0x29, 0x6D,
    0x14, 0xBD, 0x66, 0xDA, 0xF8, 0x94, 0xA5, 0xDB, 0x5A, 0x39, 0x8C, 0x20, 0xF1, 0x13, 0x0B, 0x61,
    0x73, 0x0D, 0x6C, 0x29, 0x7D, 0x51, 0xC4, 0x26, 0x01, 0x7B, 0x53, 0xBD, 0x83, 0x62, 0x1E, 0x3C,
    0xE0, 0x8B, 0x28, 0x84, 0xF0, 0x51, 0x33, 0xD6, 0x40, 0xEB, 0x84, 0x20, 0x97, 0xE3, 0x84, 0x26,
    0x2B, 0xFB, 0x09, 0xB5, 0xEF, 0x09, 0xB3, 0x96, 0xD9, 0xFD, 0xE5, 0x36, 0xD6, 0xB5, 0xBF, 0x6B,
    0x58, 0xB6, 0xDB, 0x78, 0x7F, 0x7F, 0x8B, 0x81, 0x83, 0x0B, 0x83, 0xBF, 0x9B, 0x07, 0xD2, 0x9A,
    0xF0, 0xA2, 0x75, 0xFC, 0x7C, 0x23, 0x8F, 0xAF, 0x4E, 0x1F, 0xDF, 0xCA, 0xE3, 0xDD, 0x43, 0xEC,
    0xA2, 0x91, 0x7C, 0x7A, 0x4F, 0x6B, 0xA4, 0xB9, 0x62, 0x61, 0x3F, 0xBD, 0x49, 0xBD, 0x31, 0xE6,
    0xC9, 0x4A, 0xB1, 0x77, 0x7F, 0xF5, 0xE8, 0x29, 0xF5, 0xFC, 0x3E, 0x1A, 0xE5, 0x41, 0x05, 0xC4,
    0x7E, 0x21, 0xF4, 0xBC, 0x9D, 0x56, 0xF6, 0xBD, 0x90, 0xC6, 0xDE, 0xD1, 0x3E, 0x20, 0xC6, 0x1D,
    0xFB, 0x45, 0xCE, 0x83, 0x87, 0x2D, 0x60, 0xED, 0x97, 0x8C, 0xEC, 0x8D, 0xF9, 0xC4, 0xC6, 0x4C,
    0x48, 0xFB, 0x6F, 0xC5, 0xD1, 0x66, 0x07, 0x15, 0x20, 0x05, 0xBD, 0xB0, 0x1C, 0x9C, 0x38, 0x25,
    0xF1, 0xD0, 0xC4, 0xC2, 0x82, 0x03, 0xD3, 0x41, 0x85, 0x51, 0xB0, 0x34, 0x3F, 0xC5, 0x54, 0x41,
    0x8A, 0xC3, 0x30, 0x0C, 0x34, 0xF8, 0xBA, 0xA0, 0x0F, 0x2D, 0xE8, 0xEB, 0x86, 0x3C, 0xA0, 0x5F,
    0x31, 0xF4, 0x2A, 0xD0, 0xCE, 0x8C, 0xED, 0x34, 0xED, 0xC2, 0xB2, 0xD0, 0x92, 0xB8, 0x78, 0xD2,
    0x48, 0xF6, 0x68, 0x22, 0x4B, 0x2E, 0x16, 0xA5, 0x94, 0x2A, 0x48, 0x40, 0x11, 0x70, 0x78, 0xC2,
    0x98, 0x99, 0xB0, 0x67, 0x36, 0x03, 0x74, 0x8F, 0xE2, 0xE1, 0xBD, 0x58, 0x24, 0x00, 0x56, 0xFA,
    0xFE, 0x06, 0xAE, 0xD3, 0x0E, 0xED, 0x15, 0x8B, 0x40, 0xCC, 0x23, 0x46, 0x81, 0x7F, 0x41, 0xBB,
    0x44, 0x41, 0xC5, 0x4A, 0x00, 0x14, 0x18, 0x5F, 0x7D, 0x8B, 0xB3, 0x15, 0x58, 0x7C, 0xAF, 0xE0,
    0x02, 0xEB, 0xE5, 0x30, 0x4E, 0x93, 0x91, 0x5B, 0xFE, 0x82, 0x0B, 0x64, 0x60, 0x18, 0x7E, 0xDE,
    0xBC, 0x65, 0x47, 0x90, 0x11, 0x0D, 0x9B, 0x19, 0xBF, 0xEB, 0xC9, 0x77, 0xDA, 0xE9, 0x4F, 0xAC,
    0x73, 0xAC, 0xFF, 0x1A, 0x22, 0xE1, 0x25, 0x5F, 0xDD, 0x99, 0x11, 0x28, 0x29, 0x32, 0x63, 0x58,
    0x9B, 0xDD, 0x01, 0xBE, 0x2D, 0x48, 0x18, 0xB7, 0x58, 0x70, 0x9B, 0x6B, 0xD2, 0x93, 0x22, 0xF3,
    0x49, 0x24, 0x61, 0x84, 0x28, 0xAC, 0x99, 0x51, 0xB0, 0x2A, 0xDD, 0xFD, 0xC4, 0x60, 0x07, 0xE5,
    0x07, 0x01, 0x7A, 0x9A, 0x33, 0xAE, 0x31, 0xAE, 0x32, 0x58, 0x72, 0x54, 0xEC, 0xEA, 0x5A, 0x35,
    0xF1, 0x05, 0x0A, 0x5C, 0xED, 0x4B, 0x05, 0x3C, 0xBB, 0x1A, 0x4A, 0xC7, 0x99, 0x0A, 0x2A, 0x4B,
    0xE9, 0x05, 0x1E, 0xE3, 0xBC, 0x44, 0x1C, 0xEE, 0xB0, 0x3C, 0xDE, 0x61, 0xAE, 0x6A, 0x47, 0xB9,
    0x86, 0x8D, 0x6A, 0x2F, 0xE2, 0x20, 0x6C, 0xA4, 0xBC, 0xAB, 0xE4, 0xF7, 0x5B, 0x60, 0x40, 0x9F,
    0x97, 0x51, 0x1D, 0x54, 0xFF, 0x02, 0x3E, 0x9F, 0x26, 0x48, 0x59, 0xB0, 0x98, 0xA1, 0xC9, 0x0E,
    0x6A, 0x75, 0x4E, 0xFE, 0xF7, 0x98, 0x3E, 0xAE, 0x69, 0x6A, 0xC0, 0x17, 0x0E, 0x1D, 0xAA, 0xD1,
    0xE3, 0x13, 0xD0, 0x48, 0x1D, 0x1F, 0x02, 0x82, 0x27, 0xB8, 0x71, 0xF3, 0x11, 0xE8, 0x40, 0x59,
    0x30, 0xD8, 0x4A, 0x5F, 0x5D, 0x70, 0xA3, 0xB2, 0x09, 0xDA, 0xDB, 0x46, 0xBA, 0x54, 0x4F, 0x6D,
    0x26, 0x91, 0x1F, 0xAF, 0x2C, 0x33, 0xDD, 0x5D, 0x22, 0x29, 0x98, 0xD1, 0x90, 0x24, 0xF8, 0xC2,
    0x25, 0x1E, 0xF7, 0x8E, 0xEC, 0xFA, 0x18, 0x0D, 0x47, 0x4E, 0x0D, 0x61, 0xD4, 0x18, 0xEC, 0x0B,
    0xB6, 0xC5, 0xA7, 0x38, 0xC9, 0xC3, 0x83, 0x8F, 0xDC, 0x8B, 0xFD, 0x6D, 0xCE, 0xB4, 0x75, 0x24,
    0xC5, 0x0E, 0xF7, 0xED, 0xBB, 0xBC, 0x3F, 0xAD, 0x55, 0xD1, 0xA9, 0xC3, 0x30, 0x0C, 0x34, 0x78,
    0x00, 0x2F, 0x54, 0xD0, 0xEA, 0x86, 0x0E, 0xD0, 0x55, 0x04, 0xF9, 0x35, 0xDC, 0xD3, 0x49, 0x4A,
    0x9D, 0xF6, 0xA5, 0xA1, 0x25, 0x71, 0x7A, 0x38, 0x95, 0xE5, 0xD3, 0x59, 0x96, 0x48, 0x1B, 0xE8,
    0x6D, 0x83, 0x62, 0xA3, 0x02, 0xA5, 0x01, 0x5D, 0x00, 0x05, 0xD1, 0xC5, 0x57, 0xCD, 0x38, 0x6C,
    0x6D, 0x98, 0x7D, 0x00, 0xF4, 0x96, 0x40, 0x0E, 0xC1, 0x82, 0x86, 0x6E, 0x9B, 0xB5, 0x14, 0x19,
    0xA5, 0xDC, 0x12, 0x7C, 0xA7, 0x6D, 0x8F, 0x5B, 0xBF, 0xE5, 0x86, 0x73, 0x9B, 0x4F, 0x85, 0x92,
    0xC2, 0x46, 0x11, 0x9F, 0x3A, 0x72, 0xEA, 0xCD, 0x4C, 0x16, 0x27, 0x26, 0x5F, 0xD4, 0xF0, 0xD4,
    0xF0, 0x54, 0x52, 0x9B, 0x0A, 0xF7, 0xE4, 0x24, 0xF4, 0xC4, 0xBA, 0xE6, 0x2C, 0xE2, 0x22, 0x8C,
    0x43, 0x19, 0xA8, 0x6C, 0xF4, 0xBA, 0x36, 0x5D, 0x33, 0x55, 0x3D, 0x5B, 0x81, 0x1A, 0x36, 0x5B,
    0x93, 0x38, 0x03, 0xC3, 0x76, 0xEE, 0xF5, 0x73, 0x7B, 0x4C, 0xC3, 0x30, 0x20, 0xF3, 0x51, 0x4A,
    0x6C, 0x16, 0x42, 0x9F, 0xF9, 0xD9, 0x8F, 0x57, 0xF1, 0x32, 0xD6, 0xB8, 0x7B, 0xF1, 0x2A, 0x31,
    0x22, 0xE6, 0x55, 0x9C, 0xD4, 0xCB, 0xD9, 0x50, 0x87, 0xF4, 0x2B, 0x38, 0xCD, 0xA2, 0x5B, 0x5C,
    0xC1, 0x69, 0x3B, 0xBB, 0xB1, 0x79, 0xC2, 0x8F, 0x1F, 0x51, 0xE9, 0x2C, 0x54, 0x72, 0x1D, 0x3F,
    0x8D, 0x92, 0x4C, 0x51, 0x87, 0x27, 0xD3, 0xB2, 0xFB, 0xD3, 0x6F, 0xE4, 0xE0, 0x1D, 0x1F, 0x3F,
    0xE5, 0x46, 0x35, 0x6A, 0xA7, 0xE0, 0x49, 0xAC, 0x4A, 0x04, 0x1A, 0x60, 0x73, 0x2C, 0x6C, 0x0E,
    0xB4, 0x6C, 0x84, 0x79, 0xEC, 0xFA, 0x8A, 0xA8, 0x76, 0x4F, 0x8C, 0xBD, 0xA9, 0x5F, 0x18, 0x84,
    0x49, 0x0D, 0x3C, 0xB2, 0xF0, 0x18, 0xAA, 0x79, 0xA8, 0x8E, 0xD9, 0x88, 0x6C, 0xF4, 0xAF, 0xF1,
    0xA9, 0x78, 0xA9, 0xA4, 0xCD, 0x0B, 0xFC, 0xAF, 0x71, 0xA3, 0x35, 0x75, 0xF2, 0x6C, 0x7A, 0x54,
    0xBC, 0xA7, 0x38, 0x3F, 0x14, 0xEF, 0x29, 0x4E, 0x3C, 0xA6, 0xC7, 0x82, 0x32, 0x93, 0x7A, 0x8E,
    0xF7, 0x53, 0x53, 0x9C, 0x3B, 0x7F, 0xDE, 0xD1, 0x13, 0x6B, 0x0A, 0xF2, 0xDE, 0x13, 0x6E, 0xDC,
    0xF3, 0x0D, 0xAE, 0x31, 0xE3, 0x4B, 0x54, 0xCD, 0x9D, 0x58, 0x80, 0xC7, 0x3D, 0xFF, 0x84, 0xD7,
    0x1A, 0x3F, 0x9B, 0x38, 0xAE, 0xD4, 0x3B, 0xAD, 0xCC, 0xD8, 0xFD, 0x97, 0x5A, 0x9B, 0x1A, 0xA3,
    0xEA, 0x4D, 0x58, 0x1B, 0x53, 0xDF, 0x55, 0x9C, 0x96, 0x82, 0xF8, 0xB2, 0x58, 0xBB, 0x29, 0x2E,
    0xE1, 0x7C, 0xF7, 0xB8, 0x82, 0xF3, 0x0F, 0x6D, 0x90, 0xD1, 0x0D, 0xC0, 0x20, 0x08, 0x44, 0x49,
    0x1C, 0xC0, 0x91, 0x5C, 0x9D, 0x91, 0x18, 0x80, 0xE4, 0x7A, 0xA7, 0xB5, 0xD8, 0xB4, 0xC6, 0x7B,
    0x1F, 0x82, 0xC4, 0xA7, 0x19, 0xDC, 0xAC, 0xC1, 0x88, 0x24, 0xBA, 0xA0, 0x05, 0xE7, 0xE1, 0x88,
    0x02, 0x2B, 0x3D, 0x0B, 0x23, 0x78, 0x6B, 0xC3, 0xA0, 0x29, 0x85, 0xA1, 0x79, 0x05, 0x0D, 0x6D,
    0x98, 0x88, 0x07, 0xEA, 0xFD, 0x0B, 0xA0, 0x38, 0x13, 0x33, 0x31, 0x12, 0xDE, 0xFF, 0xA3, 0xDA,
    0xEE, 0x5B, 0x77, 0x3E, 0xF3, 0xEA, 0x91, 0xC7, 0x73, 0x97, 0x20, 0xB7, 0xDC, 0x7C, 0x09, 0x26,
    0x71, 0x08, 0x82, 0x78, 0x09, 0xC6, 0x5B, 0x70, 0x5B, 0xF6, 0xFD, 0x75, 0xB7, 0x60, 0x9E, 0x82,
    0x17, 0xBD, 0x55, 0x5B, 0x8A, 0x03, 0x31, 0x0C, 0x33, 0xE4, 0x00, 0x39, 0x92, 0xAF, 0x1E, 0xE8,
    0x01, 0xF6, 0x2A, 0x81, 0xFE, 0x1A, 0xBC, 0xB6, 0xE4, 0x74, 0xD2, 0xCC, 0xEE, 0x5F, 0x69, 0x21,
    0x62, 0x98, 0xF8, 0x25, 0xCB, 0xE3, 0x4A, 0x77, 0x13, 0x91, 0x3B, 0xF2, 0xD7, 0x7C, 0x1E, 0xB8,
    0xDB, 0xA8, 0x7B, 0xE2, 0xF3, 0x42, 0x7F, 0xFA, 0x08, 0x1C, 0x2F, 0x6C, 0x81, 0x33, 0x50, 0x34,
    0xD1, 0xE3, 0xB9, 0x07, 0x5A, 0xA1, 0x12, 0x2F, 0x03, 0x81, 0x71, 0xB9, 0x87, 0xBD, 0xEC, 0x87,
    0x05, 0x79, 0xFA, 0x8E, 0xF0, 0x9C, 0x19, 0x2E, 0x9E, 0xCC, 0x47, 0xCF, 0x80, 0x16, 0x77, 0x16,
    0xEF, 0xCD, 0xBD, 0x1B, 0xDF, 0xC7, 0xA9, 0x9F, 0x46, 0x65, 0x3D, 0x02, 0x4B, 0x1F, 0xA8, 0x7F,
    0x5C, 0x2C, 0x1A, 0xF9, 0x82, 0xDD, 0x5F, 0xAC, 0xEF, 0xFD, 0x39, 0x59, 0xEB, 0x3C, 0x58, 0x07,
    0xEA, 0xFF, 0xAC, 0x13, 0xE3, 0xCA, 0x2E, 0xD6, 0x3A, 0xAB, 0x51, 0xC9, 0x7A, 0xAA, 0xE0, 0x64,
    0x9A, 0x3C, 0x6A, 0x9F, 0x61, 0xDE, 0xB2, 0xB0, 0x97, 0x8A, 0x77, 0x2D, 0x4F, 0x45, 0xFD, 0x51,
    0x38, 0x4A, 0x92, 0x25, 0x8F, 0x14, 0x9F, 0x7F, 0xB4, 0xEC, 0x37, 0x2D, 0x99, 0x59, 0x0A, 0x49,
    0x86, 0x38, 0x8E, 0x6E, 0x87, 0x0F, 0x78, 0x27, 0xD1, 0x8C, 0x38, 0x05, 0x79, 0x92, 0x8F, 0x80,
    0x2C, 0xAA, 0x6D, 0x95, 0x2F, 0xDE, 0x05, 0xE1, 0x75, 0x9B, 0x90, 0x8D, 0x65, 0x77, 0x83, 0x75,
    0xD8, 0x82, 0x02, 0x92, 0x75, 0x50, 0x25, 0xEB, 0x51, 0x80, 0xFC, 0x9A, 0xEF, 0x74, 0xAC, 0xFA,
    0x7C, 0x0D, 0x81, 0x42, 0x0E, 0x8E, 0x5E, 0xA4, 0xCE, 0x3A, 0x32, 0xC3, 0x0C, 0xFB, 0x68, 0x6E,
    0xD0, 0x8C, 0x2E, 0x13, 0x96, 0xE7, 0x0D, 0x3A, 0xED, 0xE0, 0x01, 0x5F, 0x44, 0x41, 0x3C, 0x44,
    0x66, 0x8E, 0x2C, 0xAF, 0x19, 0x2B, 0xEC, 0x35, 0x84, 0xD4, 0x7A, 0x2A, 0x8F, 0xC1, 0x73, 0xA0,
    0x29, 0xC6, 0xF1, 0xAA, 0xEF, 0x23, 0xDF, 0xC5, 0x9D, 0x52, 0x7F, 0x58, 0x61, 0x66, 0xDA, 0x8B,
    0x23, 0x94, 0xD6, 0x87, 0x7D, 0x9B, 0x55, 0x4E, 0x6D, 0x4D, 0x70, 0x33, 0xB4, 0xF7, 0x13, 0xAC,
    0xE4, 0x06, 0xD7, 0xEF, 0x7B, 0xD4, 0x8E, 0x73, 0x51, 0x1B, 0x1B, 0x35, 0x23, 0xB5, 0xB6, 0x53,
    0xB3, 0xA2, 0x66, 0x37, 0x6A, 0x50, 0x48, 0x7F, 0xE6, 0x3E, 0x99, 0xDF, 0xA7, 0x06, 0xA5, 0x8E,
    0xBD, 0xF3, 0x09, 0xE5, 0xFA, 0xC4, 0x8C, 0x63, 0x9F, 0xD8, 0xFB, 0xAE, 0x15, 0x12, 0xAB, 0xEF,
    0x9C, 0xDF, 0x74, 0x7E, 0xC4, 0x11, 0x09, 0x21, 0x73, 0x7F, 0x10, 0xE6, 0x02, 0x7D, 0x87, 0xEB,
    0x22, 0xED, 0xE0, 0x91, 0xFB, 0xAE, 0x56, 0x81, 0xBD, 0x22, 0x73, 0xE3, 0xE8, 0xDC, 0x70, 0xEC,
    0xD8, 0x62, 0x5B, 0x28, 0x9A, 0xAB, 0xA9, 0xA3, 0x2B, 0x56, 0x9A, 0xA0, 0x55, 0xC2, 0x82, 0x50,
    0xD1, 0x89, 0xDB, 0x2D, 0x2D, 0xAB, 0x9D, 0xB5, 0xC7, 0x30, 0xB7, 0x0F, 0x3E, 0x73, 0x63, 0x02,
    0xA8, 0x62, 0x87, 0x12, 0xB1, 0xCC, 0x2C, 0x17, 0x39, 0xC0, 0x7B, 0xFD, 0x43, 0xB4, 0x77, 0xA8,
    0x8B, 0x65, 0x07, 0x0F, 0x37, 0x46, 0x59, 0xF1, 0x98, 0xE3, 0x17, 0xBD, 0x54, 0xD1, 0x8E, 0x03,
    0x21, 0x08, 0x24, 0xF1, 0x03, 0xF8, 0x24, 0x7E, 0xDD, 0xA4, 0x3F, 0x44, 0x72, 0xAF, 0x24, 0x1C,
    0x03, 0xBA, 0x57, 0xED, 0x36, 0x69, 0xAE, 0xDD, 0x9A, 0xCC, 0x6C, 0xAB, 0x28, 0x8C, 0x80, 0x44,
    0xCD, 0x29, 0xE0, 0x7A, 0x47, 0x98, 0x6B, 0x7E, 0x73, 0x62, 0x77, 0x27, 0x39, 0xC8, 0x95, 0x83,
    0x7A, 0x52, 0x5B, 0xE9, 0x58, 0x48, 0x93, 0x63, 0x47, 0x1E, 0x90, 0x47, 0x35, 0x5F, 0x81, 0x11,
    0x8B, 0xB6, 0xA0, 0xC7, 0xDC, 0x8E, 0x08, 0x68, 0xC1, 0xE3, 0xFA, 0x72, 0xC6, 0x99, 0x1F, 0xAA,
    0x48, 0x7A, 0x84, 0xA4, 0x02, 0x3B, 0x65, 0x43, 0xDC, 0xCB, 0x98, 0xE7, 0xC5, 0x1A, 0x6C, 0x60,
    0x8B, 0x3D, 0xD8, 0x4B, 0xA2, 0x2B, 0x2E, 0x8A, 0xFD, 0xCC, 0xCF, 0xBB, 0xB1, 0x5F, 0x12, 0x27,
    0x31, 0x30, 0x03, 0x8D, 0xDF, 0xE2, 0x85, 0x4C, 0xFE, 0x7F, 0xE3, 0x55, 0xAA, 0x15, 0xAA, 0x9A,
    0x34, 0x7C, 0x7B, 0x02, 0xB5, 0xA5, 0xC8, 0x67, 0xCC, 0x25, 0xC6, 0xDD, 0x5C, 0x55, 0x43, 0x26,
    0x95, 0xF7, 0xCC, 0xBD, 0xD1, 0x9D, 0xB3, 0xF7, 0xEA, 0x28, 0xB5, 0x30, 0xA2, 0x4F, 0x92, 0xDB,
    0x3C, 0x5B, 0xF0, 0xB7, 0x7A, 0xC5, 0xD1, 0x47, 0x70, 0x10, 0xE5, 0x60, 0x71, 0xBF, 0x12, 0x6E,
    0x88, 0x53, 0x17, 0x0D, 0x62, 0xC8, 0x94, 0x95, 0x60, 0x02, 0xBB, 0xDC, 0x11, 0x7B, 0xDD, 0x78,
    0xB4, 0x43, 0x5C, 0x58, 0xC0, 0xE0, 0xC3, 0x52, 0xCD, 0x50, 0x96, 0x2A, 0x89, 0xB2, 0x3D, 0x61,
    0x2B, 0x53, 0x41, 0xC6, 0x0B, 0xB4, 0x01, 0xAE, 0x39, 0x2B, 0x1B, 0xA0, 0xF9, 0x4F, 0x74, 0xF8,
    0x98, 0x2F, 0x95, 0xF0, 0xA7, 0xD9, 0x71, 0x42, 0x36, 0xB4, 0x71, 0xD6, 0x4A, 0xBD, 0x28, 0xFD,
    0xCB, 0x52, 0x9B, 0x72, 0x87, 0xC4, 0xB6, 0x25, 0xF2, 0xE3, 0x72, 0x51, 0xAC, 0x3B, 0xFD, 0x8D,
    0xEF, 0x65, 0xF6, 0xF1, 0xED, 0xF8, 0x7C, 0x66, 0x9F, 0x8B, 0xE1, 0x27, 0x62, 0x36, 0xDA, 0xC5,
    0xC8, 0xB9, 0x18, 0xCA, 0x4B, 0x3C, 0x23, 0x24, 0xB1, 0x4D, 0x6A, 0x5A, 0xCF, 0xD0, 0x8E, 0x2B,
    0xB4, 0xE3, 0xC9, 0xCB, 0x37, 0x8E, 0x1C, 0x7D, 0x33, 0x9A, 0x27, 0xC5, 0x7A, 0x7F, 0x99, 0x70,
    0x6F, 0x3B, 0xBD, 0xB8, 0xF7, 0x17, 0xB5, 0x54, 0x51, 0x0E, 0x83, 0x30, 0x08, 0x25, 0xD9, 0x01,
    0x7A, 0x24, 0xAE, 0x4E, 0xE2, 0x01, 0xBC, 0x0A, 0xC9, 0x7E, 0x49, 0x18, 0x8F, 0xB6, 0xD3, 0xA9,
    0x59, 0xEC, 0x74, 0xC2, 0x7B, 0x1F, 0xD8, 0x52, 0x4A, 0x81, 0xE2, 0x44, 0x54, 0x5C, 0x88, 0x18,
    0xE4, 0x45, 0x89, 0x1E, 0xB0, 0x1D, 0x13, 0x5B, 0x90, 0x7B, 0x92, 0x34, 0x12, 0x10, 0xFD, 0x42,
    0xC5, 0xE8, 0xAD, 0x8E, 0x4F, 0xF6, 0xBC, 0x5E, 0xD3, 0x34, 0xCC, 0x87, 0x3C, 0xAE, 0x71, 0xAA,
    0x12, 0xF6, 0xB6, 0xFD, 0x01, 0xD7, 0xF0, 0x66, 0xF0, 0x58, 0xF1, 0xF0, 0x62, 0xE7, 0xC1, 0x6A,
    0xEC, 0x1A, 0x5E, 0x8D, 0x23, 0x9B, 0x54, 0x13, 0x77, 0x45, 0xF9, 0x09, 0x6F, 0x70, 0xE8, 0x3F,
    0x3A, 0xCC, 0x4C, 0x36, 0xC5, 0x5B, 0xDB, 0x25, 0xBD, 0xE8, 0x8D, 0x75, 0x40, 0xA2, 0xB0, 0xE2,
    0xEA, 0xEA, 0xB6, 0xD8, 0x88, 0xC6, 0xF6, 0xA1, 0x38, 0x21, 0xF1, 0xD2, 0x72, 0x9F, 0x64, 0x9D,
    0xDC, 0xC5, 0x93, 0xAF, 0x59, 0x60, 0x77, 0x61, 0xCB, 0xFA, 0x8F, 0xF8, 0x39, 0xB9, 0x78, 0x6D,
    0xB3, 0x78, 0x00, 0xC1, 0xAD, 0x16, 0xA0, 0x24, 0xB6, 0xB6, 0x51, 0x44, 0xEF, 0x77, 0x48, 0x20,
    0x27, 0xC2, 0x32, 0x16, 0xB4, 0x8D, 0x85, 0xFC, 0xD0, 0x24, 0x17, 0x28, 0xFB, 0x79, 0x45, 0x1A,
    0x03, 0x05, 0x37, 0xAC, 0x54, 0xB2, 0xA8, 0xE2, 0x92, 0xA8, 0xDB, 0x38, 0x9D, 0x67, 0xE5, 0xA9,
    0xDD, 0x70, 0x48, 0x7B, 0x89, 0x52, 0x26, 0x2C, 0x47, 0x54, 0xC1, 0xC0, 0x61, 0xEB, 0x84, 0xBE,
    0x9F, 0xB0, 0x76, 0x76, 0xCA, 0xEE, 0xCF, 0x51, 0xD0, 0xC9, 0xDE, 0x84, 0xBF, 0x4F, 0xAC, 0x9B,
    0xAA, 0x63, 0xFD, 0xF0, 0x52, 0xBC, 0xBB, 0x27, 0x84, 0x8F, 0x50, 0x0F, 0x49, 0x1A, 0xF9, 0x21,
    0xF2, 0xB1, 0x15, 0x27, 0xA0, 0x0C, 0x10, 0x51, 0x1D, 0x49, 0xBA, 0x1A, 0x4F, 0x8E, 0x30, 0x32,
    0x8A, 0x2A, 0xF9, 0x70, 0x96, 0x49, 0xC4, 0xA4, 0xD9, 0x81, 0x12, 0xB5, 0x61, 0xAA, 0xC9, 0xDB,
    0x0B, 0xBA, 0xDC, 0x80, 0x9C, 0x49, 0x0B, 0x5A, 0xD3, 0x9D, 0x69, 0x32, 0x83, 0xB0, 0xFD, 0x23,
    0x8A, 0x6F, 0x99, 0x38, 0x1F, 0x19, 0x4B, 0x95, 0x22, 0x1C, 0x1B, 0x37, 0xAD, 0x22, 0x7B, 0x8C,
    0xC7, 0xE9, 0xF3, 0x46, 0x7B, 0xBD, 0x7E, 0x29, 0x69, 0x6B, 0x1A, 0x65, 0xF7, 0x02, 0xD5, 0x55,
    0x6D, 0x8A, 0xC4, 0x20, 0x0C, 0x0D, 0x78, 0x80, 0x1C, 0xC9, 0xAB, 0x0B, 0x7B, 0x80, 0x5E, 0x45,
    0xD8, 0xBF, 0x81, 0x6C, 0xDE, 0x8B, 0xDA, 0x76, 0xDA, 0x61, 0x59, 0x06, 0x66, 0x99, 0x62, 0x9E,
    0xA5, 0x26, 0x79, 0xF9, 0x50, 0xAB, 0x26, 0xA2, 0xB7, 0x62, 0xA2, 0x3E, 0xA5, 0x8B, 0xBB, 0x48,
    0xBC, 0x2E, 0x39, 0xE9, 0xBA, 0xFB, 0x49, 0x4C, 0x1E, 0x87, 0xB7, 0x1C, 0x1E, 0xC3, 0xE0, 0x60,
    0x7B, 0xA2, 0x50, 0xBC, 0x05, 0x41, 0x88, 0x04, 0xA1, 0x14, 0x42, 0x50, 0xF0, 0x89, 0x30, 0x6A,
    0x4F, 0xB0, 0x05, 0xBE, 0x43, 0x03, 0xF4, 0x09, 0x9B, 0x4D, 0xF8, 0xF2, 0x09, 0xC1, 0x3F, 0xA1,
    0x02, 0x74, 0x41, 0x59, 0x00, 0x1A, 0x66, 0xD5, 0x25, 0xBC, 0x86, 0xB4, 0x24, 0x57, 0x8F, 0x22,
    0xC0, 0x38, 0x94, 0x20, 0xE0, 0x68, 0x7F, 0x90, 0xB7, 0x05, 0xCF, 0x7A, 0xDD, 0x42, 0x64, 0xC3,
    0xB4, 0x5E, 0xCD, 0x85, 0x35, 0xB9, 0x88, 0xA4, 0x38, 0x0B, 0x87, 0x16, 0x56, 0x74, 0x4F, 0x5D,
    0x0E, 0xCF, 0xDB, 0xAA, 0xA0, 0xDD, 0x63, 0xF7, 0x58, 0x48, 0x27, 0xEB, 0x67, 0xB5, 0x30, 0x4A,
    0xB7, 0x43, 0x56, 0xF2, 0xE5, 0x9E, 0xE1, 0x14, 0xA7, 0x34, 0x36, 0x45, 0x79, 0x8C, 0xCF, 0xB0,
    0x3F, 0x95, 0x07, 0xDD, 0x51, 0x44, 0x47, 0x88, 0xC8, 0x29, 0xF2, 0x35, 0x38, 0x32, 0x7A, 0x09,
    0x37, 0xE5, 0x37, 0x80, 0x1E, 0x2D, 0x68, 0x4B, 0x2F, 0x04, 0x7A, 0x26, 0x47, 0x49, 0x8A, 0x25,
    0xD9, 0x28, 0xBE, 0x83, 0xB5, 0x57, 0x77, 0xA3, 0x51, 0x2B, 0xF7, 0x12, 0x6B, 0xD0, 0x09, 0x0D,
    0x2B, 0x3E, 0x2E, 0x2A, 0xD2, 0x47, 0x98, 0x91, 0xD5, 0x37, 0xE1, 0x5F, 0x52, 0x23, 0xF8, 0x16,
    0x5F, 0x2A, 0xA4, 0xED, 0x87, 0xE0, 0xC5, 0xF4, 0x6A, 0xEE, 0x00, 0x30, 0x61, 0x2E, 0x63, 0xD6,
    0x31, 0x23, 0x20, 0x6E, 0x9A, 0xEC, 0x35, 0xAF, 0x84, 0x71, 0xAB, 0xEE, 0x33, 0xF7, 0x20, 0xCB,
    0x70, 0x37, 0x9F, 0xF5, 0x87, 0xFD, 0xF4, 0x37, 0xFD, 0xEB, 0x03, 0xFF, 0x8C, 0xE7, 0x10, 0x5F,
    0x9E, 0x40, 0xDF, 0x46, 0x9D, 0x33, 0xE1, 0xDC, 0xBD, 0xB8, 0xEE, 0x8D, 0xF7, 0x7D, 0x4E, 0x28,
    0xC4, 0x65, 0x42, 0xB1, 0xC6, 0x2F, 0x21, 0x0D, 0xD2, 0xDC, 0xF4, 0xC8, 0xDC, 0x06, 0xD1, 0xE1,
    0x6F, 0xA1, 0x36, 0x6E, 0xBA, 0x51, 0x6F, 0xEA, 0xA0, 0x1B, 0x68, 0x4E, 0x02, 0xDC, 0x0E, 0x90,
    0xF5, 0x56, 0xB0, 0x50, 0x7D, 0x29, 0xF7, 0xA3, 0x59, 0xAE, 0xEE, 0x16, 0x57, 0x48, 0x9D, 0x88,
    0x20, 0x7F, 0x59, 0xD1, 0x7B, 0x1E, 0x56, 0x8E, 0x2E, 0x53, 0xE5, 0xE9, 0xF8, 0x01, 0xBD, 0x55,
    0x51, 0x6E, 0x04, 0x21, 0x08, 0x25, 0xF1, 0x00, 0x1E, 0xC9, 0xAB, 0x9B, 0xF4, 0x00, 0x7B, 0x15,
    0x92, 0xFE, 0x92, 0x50, 0xDE, 0x43, 0xED, 0xEC, 0xCE, 0x6C, 0xBB, 0xDB, 0x4E, 0xA6, 0x81, 0x57,
    0x47, 0x51, 0x79, 0x20, 0xAC, 0xBB, 0x77, 0x71, 0x77, 0x03, 0xF8, 0x80, 0x5E, 0xBC, 0x0F, 0x90,
    0x35, 0xAA, 0xBE, 0xEC, 0x74, 0xBB, 0x23, 0x56, 0xF7, 0x3B, 0xF6, 0x20, 0x55, 0x45, 0x8E, 0xA1,
    0x0F, 0x68, 0x9F, 0xD6, 0x7C, 0x8A, 0x49, 0xD3, 0x77, 0xA4, 0x53, 0x44, 0x8A, 0xC5, 0xFF, 0x70,
    0x4D, 0x06, 0xC4, 0x41, 0x9B, 0x3F, 0x7F, 0x99, 0x2E, 0x59, 0xB5, 0xDF, 0x39, 0x3F, 0xA1, 0xDB,
    0x3E, 0xAC, 0xBA, 0x86, 0x84, 0x91, 0xBC, 0x4F, 0x4D, 0x10, 0x31, 0x29, 0x20, 0x50, 0x6C, 0xC2,
    0x60, 0xD0, 0x63, 0x3E, 0x3C, 0xA9, 0xF0, 0xA4, 0x11, 0x70, 0x49, 0x6C, 0x9A, 0x00, 0xDB, 0xB8,
    0x47, 0x60, 0xA2, 0x30, 0x76, 0x7C, 0x7B, 0xCF, 0xCD, 0x31, 0xA1, 0x60, 0x03, 0x68, 0x1A, 0xC6,
    0xAE, 0x38, 0xA5, 0xE3, 0xBC, 0x3E, 0x8D, 0xC3, 0x83, 0x6A, 0x43, 0x63, 0x8C, 0x90, 0xC2, 0x8B,
    0x58, 0xC4, 0x99, 0x2D, 0xD5, 0x9A, 0xD6, 0x54, 0xE7, 0x5D, 0x58, 0xD7, 0x18, 0x58, 0x1C, 0x66,
    0xCE, 0x79, 0xA7, 0x62, 0x4F, 0xC1, 0xDD, 0x95, 0x19, 0x61, 0x6E, 0x98, 0x25, 0xE6, 0xFF, 0x52,
    0x56, 0x54, 0x4B, 0x26, 0xEA, 0xE7, 0xB0, 0xBA, 0xCC, 0x79, 0xBE, 0x07, 0xBE, 0x8C, 0xAC, 0x97,
    0x1B, 0x00, 0x9F, 0xD5, 0x47, 0x1C, 0xFF, 0x9F, 0xA1, 0x91, 0x79, 0x09, 0x35, 0x63, 0xAC, 0x56,
    0x09, 0x31, 0x5D, 0xBC, 0x8F, 0x29, 0x5C, 0x97, 0x5E, 0x9B, 0x42, 0x16, 0x38, 0x3E, 0xB6, 0xAE,
    0x9D, 0x40, 0x1D, 0x95, 0xFD, 0x08, 0x19, 0x8A, 0xD3, 0x41, 0xE7, 0x28, 0x13, 0xDA, 0xE4, 0xB1,
    0x61, 0xC5, 0xE2, 0x92, 0x70, 0x71, 0xC9, 0x76, 0xFE, 0x5B, 0xC0, 0x3B, 0x68, 0x58, 0x41, 0x7F,
    0x32, 0x1C, 0x17, 0x9E, 0x47, 0xC4, 0x4B, 0xF6, 0x1F, 0x84, 0x7E, 0x76, 0xC5, 0x99, 0xBB, 0x5D,
    0x57, 0xBC, 0x88, 0x3A, 0x3B, 0x09, 0x5D, 0xC1, 0xB5, 0x31, 0x37, 0x95, 0x3C, 0xEF, 0x74, 0xF5,
    0x9F, 0x23, 0x65, 0x4E, 0x8D, 0x0A, 0xD6, 0x32, 0x3A, 0xF3, 0xCB, 0x24, 0x6A, 0x3E, 0x86, 0x7C,
    0xAD, 0x03, 0x5E, 0x25, 0xF1, 0x73, 0x72, 0xE2, 0xE0, 0x94, 0xE3, 0xE4, 0xF8, 0x8D, 0x55, 0x32,
    0x41, 0xEF, 0x6A, 0xE8, 0xE9, 0xAF, 0xC9, 0x5F, 0x81, 0xF5, 0xE7, 0x59, 0x18, 0x96, 0x15, 0xC0,
    0x47, 0xF0, 0x05, 0xC5, 0x55, 0x5D, 0xCA, 0xC3, 0x40, 0x08, 0x14, 0x3C, 0x80, 0x47, 0xF2, 0xEA,
    0x0B, 0x3D, 0x40, 0xAF, 0xB2, 0xD0, 0x57, 0xC1, 0x3A, 0xEA, 0xA6, 0x49, 0xE8, 0x43, 0xE1, 0x0B,
    0xF9, 0x4A, 0x9D, 0x69, 0x93, 0xC6, 0x1D, 0x7F, 0xCB, 0xA6, 0x24, 0xEE, 0xA4, 0x6E, 0xA4, 0x62,
    0xB4, 0x5E, 0x3E, 0x74, 0xFE, 0x6E, 0x3E, 0xDD, 0xCB, 0x34, 0x4C, 0x5C, 0x27, 0xB9, 0x0F, 0x3A,
    0xC3, 0xCE, 0x7B, 0xBC, 0xAF, 0x84, 0xC9, 0x21, 0x24, 0xCE, 0x47, 0x2C, 0x46, 0x1C, 0x22, 0xEA,
    0x48, 0x89, 0x6F, 0x7B, 0xBB, 0x22, 0x34, 0x9E, 0x32, 0x88, 0x4D, 0x3E, 0xA1, 0x85, 0x53, 0xB5,
    0xDB, 0x43, 0x1B, 0x5E, 0x96, 0x57, 0xE3, 0x78, 0xDC, 0xB8, 0xA2, 0x72, 0x8C, 0x50, 0x04, 0x41,
    0x89, 0x6C, 0x9F, 0x00, 0x7C, 0x7B, 0x8C, 0xA4, 0xA3, 0xE2, 0x7A, 0xCD, 0x62, 0x98, 0x8E, 0x6B,
    0xE2, 0x44, 0xCB, 0x37, 0x3C, 0xE1, 0x5A, 0xFF, 0xA5, 0x43, 0x03, 0xE2, 0x96, 0x0F, 0xB6, 0xB4,
    0xCB, 0x06, 0xF0, 0xBE, 0x00, 0xAA, 0x5F, 0x12, 0x66, 0xB6, 0xCA, 0x68, 0xE0, 0x7C, 0xF0, 0x8F,
    0x55, 0x22, 0x58, 0xE6, 0x09, 0x49, 0xB1, 0x32, 0x4C, 0x1B, 0xD7, 0x46, 0x91, 0x22, 0xAD, 0xEE,
    0xD7, 0xC7, 0x7E, 0x85, 0x71, 0x8A, 0x6D, 0x82, 0x7E, 0x31, 0x5D, 0x14, 0xCF, 0x69, 0xD3, 0x54,
    0x93, 0x38, 0x71, 0xCA, 0xA2, 0x70, 0xE6, 0x4D, 0xF1, 0xB0, 0x3E, 0x6D, 0x47, 0xFE, 0x68, 0xC2,
    0xD8, 0xBB, 0xF3, 0x81, 0x68, 0x51, 0x69, 0x3C, 0x12, 0x02, 0x59, 0x7B, 0x42, 0xAB, 0xD0, 0xB5,
    0x15, 0xD9, 0x76, 0xAD, 0x87, 0x83, 0x43, 0xB0, 0x9E, 0x08, 0x12, 0x09, 0x92, 0x22, 0xD1, 0x1B,
    0xF9, 0x22, 0xC7, 0xD4, 0x3A, 0x72, 0x10, 0x42, 0x8A, 0xE2, 0x37, 0x48, 0x9A, 0xC9, 0x17, 0x9A,
    0x39, 0xCE, 0x48, 0x05, 0x75, 0x1E, 0x19, 0xE9, 0x93, 0x9C, 0xAE, 0x95, 0xC1, 0x90, 0x1B, 0x05,
    0x80, 0xFF, 0x38, 0x24, 0x8F, 0xCF, 0x14, 0x02, 0x1E, 0x28, 0xEC, 0xCB, 0x11, 0x86, 0xF7, 0x08,
    0x49, 0xC1, 0x6C, 0x57, 0x55, 0x9C, 0x1F, 0x21, 0x7B, 0x27, 0x33, 0x92, 0x33, 0xB8, 0x0D, 0x62,
    0x56, 0x2E, 0x55, 0x36, 0x48, 0xAB, 0x69, 0xC0, 0xAE, 0xF2, 0x05, 0xE7, 0xFF, 0x9A, 0xF4, 0xF7,
    0x01, 0xC9, 0x8E, 0xB1, 0x4D, 0xDE, 0xA6, 0x51, 0x33, 0x8E, 0x23, 0xDC, 0x1B, 0x3E, 0xAA, 0x80,
    0x19, 0x82, 0x44, 0xE9, 0x1D, 0x1E, 0x23, 0xB6, 0xB7, 0xEE, 0xFC, 0x99, 0x8E, 0x51, 0x3C, 0x98,
    0xDA, 0xB6, 0x13, 0xBF, 0x5E, 0x3E, 0xBD, 0xDE, 0xAD, 0x8E, 0xD1, 0x0D, 0xC0, 0x20, 0x08, 0x05,
    0x49, 0x18, 0x80, 0x91, 0x58, 0xDD, 0x91, 0x18, 0x80, 0xE4, 0x15, 0xD1, 0xB4, 0xD4, 0xD6, 0x3F,
    0x49, 0xEE, 0x43, 0x78, 0xC2, 0x11, 0x83, 0x48, 0x3C, 0x30, 0x22, 0x0D, 0xA2, 0x00, 0x58, 0x85,
    0x38, 0x10, 0x34, 0xD2, 0xC8, 0xC2, 0xD7, 0xE7, 0x37, 0x9F, 0xFB, 0x0A, 0x63, 0xA7, 0x57, 0xE2,
    0x58, 0xFF, 0xD9, 0x77, 0xB7, 0x44, 0x30, 0x5A, 0x9B, 0xF6, 0xBC, 0xF3, 0xAA, 0xF4, 0xAD, 0x1C,
    0x70, 0x67, 0xD7, 0xC6, 0x98, 0x43, 0x1D, 0xEE, 0xFF, 0xFE, 0x78, 0x44, 0xBB, 0xE4, 0x2D, 0x6A,
    0xFB, 0xF6, 0x52, 0x62, 0x88, 0x9C, 0x27, 0x19, 0x38, 0xE0, 0x7F, 0x01, 0xAD, 0x54, 0x41, 0x8E,
    0xE4, 0x30, 0x08, 0x44, 0xF2, 0x03, 0xFC, 0x24, 0xBE, 0x6E, 0xA9, 0x1F, 0x30, 0x5F, 0x41, 0xEA,
    0x2B, 0x12, 0x4B, 0x15, 0x38, 0x71, 0x66, 0xA7, 0x35, 0x87, 0xDD, 0x28, 0x2E, 0x75, 0x3B, 0x18,
    0xA8, 0x32, 0x20, 0x22, 0xC3, 0xA5, 0x41, 0x2E, 0xC8, 0xBF, 0x1A, 0xE1, 0x12, 0x11, 0x36, 0x12,
    0xD6, 0xC4, 0x2F, 0xCD, 0x5D, 0x57, 0x93, 0xE9, 0x91, 0x90, 0xBB, 0x32, 0x7E, 0x03, 0xD8, 0xF1,
    0x04, 0xCF, 0xD2, 0x0B, 0x01, 0x9E, 0x25, 0x63, 0x30, 0x62, 0xF4, 0xD2, 0x5E, 0x81, 0xAF, 0x79,
    0x18, 0xF6, 0x86, 0x3C, 0x78, 0x68, 0x8D, 0x9F, 0x57, 0x7E, 0xD3, 0xB2, 0xF5, 0x51, 0x9E, 0x45,
    0x3E, 0xB1, 0xCA, 0xA4, 0x82, 0x60, 0x80, 0xF5, 0xEF, 0x90, 0xEA, 0x2C, 0x05, 0x17, 0x84, 0x2F,
    0xC2, 0x02, 0xEA, 0x3F, 0xB1, 0xA2, 0xE5, 0xD2, 0x8C, 0xAF, 0xF6, 0xFB, 0xCA, 0x14, 0xA3, 0x96,
    0x16, 0xC7, 0x54, 0xD1, 0xE0, 0x6F, 0xBE, 0xC9, 0x05, 0x91, 0xD2, 0x29, 0xF1, 0x78, 0x6A, 0x7F,
    0x23, 0x2C, 0xE7, 0x03, 0x99, 0xD1, 0xFB, 0x40, 0x28, 0x51, 0x74, 0x2E, 0xCC, 0x50, 0x23, 0x84,
    0x58, 0x37, 0x08, 0x6E, 0x37, 0xE6, 0x27, 0xBF, 0x0C, 0x0A, 0x17, 0x79, 0xAF, 0x14, 0x18, 0x22,
    0xE7, 0x4F, 0x87, 0xE7, 0x23, 0x29, 0x0A, 0x04, 0xFE, 0xC5, 0x8A, 0x2A, 0x4C, 0xB8, 0xC3, 0x9D,
    0x39, 0xEF, 0x38, 0xA6, 0xB7, 0x3A, 0x1E, 0xFD, 0x68, 0xBC, 0x63, 0xA6, 0xF3, 0xB4, 0x33, 0x2A,
    0x18, 0xF4, 0x95, 0x59, 0x56, 0x11, 0xB1, 0xA8, 0x10, 0x28, 0x11, 0x89, 0x26, 0x96, 0xF4, 0x8D,
    0x20, 0xFD, 0xC4, 0xB6, 0x01, 0xB2, 0xA6, 0xB4, 0x90, 0x4E, 0xE6, 0xC5, 0x76, 0x75, 0xAC, 0x2C,
    0x50, 0x43, 0xC4, 0x17, 0xD3, 0x0F, 0xE1, 0x4D, 0x53, 0x01, 0x9C, 0xA6, 0x53, 0xC9, 0x8F, 0x99,
    0xE1, 0x0D, 0xFC, 0x90, 0x8C, 0xCA, 0x98, 0x30, 0x02, 0x52, 0xEB, 0xDC, 0xC7, 0x20, 0xA4, 0xB6,
    0x9A, 0x14, 0x19, 0x91, 0x5E, 0xDE, 0xE1, 0x26, 0xC2, 0x8F, 0xA2, 0xB0, 0x1F, 0xAD, 0xBA, 0x0A,
    0xF9, 0xBB, 0x19, 0x95, 0xCD, 0xE8, 0xB4, 0x6F, 0x98, 0xA8, 0x71, 0x7D, 0x42, 0x37, 0x6D, 0x9D,
    0x80, 0x5C, 0x6C, 0x46, 0xA8, 0xCF, 0x36, 0x77, 0x64, 0x64, 0x3E, 0x5C, 0x17, 0x1B, 0x88, 0x17,
    0xE8, 0xC7, 0x05, 0xBE, 0x62, 0xF2, 0x42, 0xFA, 0xA1, 0x6C, 0x67, 0x53, 0xCE, 0xDA, 0xF3, 0xB2,
    0x51, 0x36, 0x70, 0xB2, 0xD6, 0xDE, 0xEF, 0x4B, 0x9E, 0x35, 0x4F, 0x84, 0x71, 0xAA, 0x53, 0x8B,
    0xBD, 0x9F, 0x6C, 0xE1, 0x71, 0x95, 0xB8, 0x05, 0xC8, 0x17, 0x25, 0x96, 0x59, 0x64, 0x7A, 0x5F,
    0xC8, 0x0F, 0x09, 0x36, 0xD8, 0xF5, 0x2B, 0x36, 0xBC, 0xBB, 0x3B, 0x37, 0xA8, 0xCB, 0xE9, 0x6F,
    0x54, 0xFB, 0x5A, 0x4C, 0x3B, 0x45, 0x9F, 0x71, 0xF3, 0xFD, 0x0C, 0x10, 0x4D, 0x40, 0x63, 0xC0,
    0xD1, 0xC4, 0x9D, 0x68, 0xB7, 0xFE, 0x3D, 0xF5, 0x36, 0xE0, 0xC3, 0x17, 0x4C, 0x46, 0xC1, 0x1A,
    0x15, 0x3F, 0xEB, 0x6D, 0xB0, 0x8F, 0xFA, 0x84, 0x1F, 0x05, 0xA6, 0x1C, 0x2A, 0x26, 0x1B, 0x5C,
    0x7A, 0x52, 0xEE, 0x72, 0xE1, 0xE4, 0xAC, 0x22, 0x65, 0xA9, 0x18, 0x38, 0x02, 0xD4, 0xD8, 0x08,
    0xBA, 0x8B, 0x64, 0x6D, 0x63, 0x3B, 0x07, 0xE2, 0x77, 0xB0, 0x86, 0xEE, 0x52, 0xCE, 0x1B, 0x5C,
    0x56, 0xF6, 0x46, 0xAD, 0xA8, 0xC1, 0xD1, 0xE3, 0x9C, 0x9D, 0x1B, 0xDC, 0x7F, 0x5C, 0x6A, 0x96,
    0x18, 0x84, 0xFC, 0xBE, 0x32, 0x43, 0xD6, 0x14, 0x7A, 0xE3, 0x09, 0xE8, 0x42, 0xF9, 0xFF, 0x60,
    0x9F, 0x60, 0x35, 0x60, 0xEE, 0xEC, 0x97, 0x15, 0xDB, 0xEF, 0xB9, 0x7F, 0xBF, 0xD0, 0xC4, 0x39,
    0xA7, 0xD0, 0x34, 0x98, 0xE8, 0xD7, 0xAB, 0x44, 0x97, 0x3F, 0x6D, 0x4F, 0x51, 0x0A, 0x43, 0x21,
    0x0C, 0x0B, 0x78, 0x80, 0x1E, 0xA9, 0x57, 0xEF, 0x0D, 0x76, 0x95, 0xC2, 0x7E, 0x0B, 0x59, 0xA2,
    0xEF, 0x6D, 0x63, 0x8C, 0x46, 0xD1, 0xB4, 0x26, 0x91, 0x95, 0x95, 0x1D, 0x9D, 0x9D, 0xC5, 0x22,
    0x82, 0x48, 0x96, 0x40, 0x71, 0xCF, 0x26, 0x8D, 0xD1, 0xF5, 0x0B, 0x13, 0x06, 0x3D, 0x86, 0x18,
    0xB0, 0xAE, 0x7A, 0xCC, 0x07, 0x9B, 0x8D, 0x4A, 0x48, 0xB6, 0xD9, 0xAD, 0x25, 0x23, 0x4E, 0xBA,
    0xDD, 0xCC, 0xAD, 0xBF, 0x8D, 0xEC, 0x28, 0xE3, 0xBB, 0xD6, 0xAC, 0x81, 0x6A, 0x8D, 0x86, 0x65,
    0x4E, 0xCD, 0xBE, 0x4B, 0x7D, 0x34, 0x96, 0x30, 0x58, 0x3A, 0x4B, 0xDE, 0x79, 0x9D, 0x02, 0x88,
    0xEB, 0x0B, 0xF4, 0xCB, 0x39, 0xC9, 0x37, 0xB8, 0x63, 0xFF, 0xEE, 0x40, 0xC9, 0x38, 0xCE, 0xA7,
    0xC6, 0xCA, 0xA2, 0x60, 0x65, 0x1B, 0x48, 0x4D, 0xF2, 0x65, 0x0B, 0x60, 0x0E, 0x6D, 0x2A, 0xEA,
    0xD0, 0xFC, 0x43, 0xE3, 0xD0, 0x2F, 0xB5, 0x55, 0x5B, 0x6E, 0x03, 0x31, 0x08, 0xB4, 0xE4, 0x03,
    0xF8, 0x48, 0xBE, 0xBA, 0xA5, 0x1C, 0x20, 0x57, 0x41, 0xEA, 0x2F, 0x12, 0x85, 0x19, 0xD8, 0xAC,
    0x9B, 0x87, 0xD2, 0xA8, 0xDD, 0x88, 0x61, 0x63, 0x63, 0xCC, 0x7B, 0xBB, 0xB5, 0xD6, 0x6C, 0xB5,
    0x36, 0x83, 0xA4, 0xC5, 0x63, 0x66, 0xBA, 0xD1, 0xA2, 0xC8, 0x46, 0x66, 0xB2, 0xD1, 0xFD, 0xFE,
    0xA6, 0x63, 0xB8, 0x96, 0x33, 0xFD, 0xD7, 0x3D, 0x4E, 0xBE, 0x7C, 0x8F, 0xE9, 0xDB, 0x86, 0x5F,
    0xE6, 0xCE, 0x4F, 0x6C, 0x07, 0x0A, 0x50, 0x1D, 0xDB, 0xD4, 0x90, 0x19, 0x4F, 0x10, 0xBB, 0x33,
    0x24, 0x05, 0xA7, 0x04, 0x1A, 0xC4, 0x17, 0x42, 0xA0, 0x0D, 0xE1, 0x0D, 0x73, 0x55, 0x34, 0x5F,
    0x7B, 0xF0, 0x01, 0xB5, 0x11, 0x97, 0x35, 0x98, 0xDE, 0x61, 0xFA, 0x38, 0x9B, 0xAE, 0xFE, 0xB7,
    0xF9, 0x62, 0xB7, 0x06, 0x01, 0x0A, 0x3E, 0x42, 0xE6, 0x81, 0x92, 0x40, 0x9E, 0x9D, 0xF9, 0x12,
    0x3A, 0xA9, 0x3F, 0x0F, 0xD4, 0xBD, 0xB8, 0x96, 0x12, 0x88, 0x9A, 0x3B, 0xDC, 0x6D, 0xB9, 0xD7,
    0x05, 0x21, 0x36, 0x11, 0x11, 0x83, 0xE2, 0x0C, 0xF5, 0xE2, 0x61, 0x5F, 0x10, 0x5F, 0x06, 0x78,
    0x28, 0xD5, 0xDF, 0x90, 0x87, 0xD0, 0xB7, 0x4A, 0x38, 0xF4, 0xBC, 0xFB, 0xD3, 0x7C, 0x22, 0xF2,
    0xEF, 0xFE, 0x32, 0x5B, 0xBF, 0xA2, 0xAD, 0x88, 0xDD, 0x70, 0xB7, 0x3A, 0x2C, 0x97, 0x81, 0x4A,
    0x53, 0xD6, 0x63, 0xD5, 0xF6, 0x43, 0x0E, 0x45, 0x07, 0xEF, 0x27, 0xCE, 0x60, 0x33, 0xA6, 0xC9,
    0x57, 0x72, 0xA1, 0xDC, 0x2C, 0xAE, 0xE4, 0x43, 0xBB, 0x9E, 0xF9, 0xD4, 0x41, 0x2E, 0x99, 0x9B,
    0xE2, 0x2B, 0x2B, 0xC4, 0x23, 0xC5, 0x7B, 0xC2, 0xDA, 0xC5, 0xCE, 0xFF, 0x98, 0x57, 0x73, 0x41,
    0x1F, 0x9F, 0x8D, 0xBB, 0xF1, 0x8B, 0xF2, 0x4F, 0x78, 0xEE, 0x43, 0x7E, 0xE3, 0xBA, 0xE9, 0x7F,
    0xB7, 0x9D, 0x91, 0xD2, 0x47, 0xED, 0x1C, 0x51, 0x98, 0xFA, 0xB4, 0x9D, 0x5F, 0x60, 0x37, 0xE6,
    0xC6, 0x21, 0xB2, 0x34, 0x38, 0x1F, 0x5B, 0xD9, 0x3E, 0x08, 0xAC, 0x77, 0x04, 0xD9, 0x2E, 0x61,
    0x22, 0xE0, 0x6A, 0x91, 0x75, 0x94, 0x84, 0x64, 0xD5, 0xE7, 0x5B, 0xAC, 0x61, 0xF7, 0x26, 0x8C,
    0xB3, 0xD4, 0x02, 0x7D, 0x19, 0x1A, 0xE1, 0x10, 0x81, 0x83, 0xB8, 0x9C, 0xC5, 0x93, 0x09, 0x90,
    0x90, 0x2B, 0x18, 0x07, 0xCC, 0x03, 0xA2, 0x00, 0x2E, 0x04, 0x2F, 0x89, 0xAB, 0x16, 0x78, 0xCD,
    0x16, 0xAC, 0x03, 0x58, 0x35, 0x05, 0x52, 0xD0, 0x34, 0x2E, 0x36, 0x80, 0x21, 0xC0, 0x18, 0x03,
    0x37, 0x33, 0xA2, 0x11, 0x3C, 0xBC, 0x33, 0x3B, 0x79, 0xCA, 0x80, 0x17, 0x0A, 0x2F, 0x3A, 0xC1,
    0x63, 0x78, 0x09, 0x87, 0xAF, 0x9A, 0xFE, 0x4F, 0xAA, 0x8A, 0x1E, 0x24, 0x64, 0x51, 0x21, 0xD8,
    0xDD, 0x00, 0x7A, 0x80, 0xB4, 0x53, 0xD5, 0xFC, 0x25, 0xA0, 0x25, 0x76, 0x60, 0x88, 0x7F, 0x00,
    0x4C, 0x38, 0x50, 0x8F, 0x01, 0x5C, 0x68, 0xFC, 0x9C, 0xDC, 0x30, 0xA7, 0xFC, 0x19, 0x27, 0xE7,
    0xAB, 0x6C, 0x03, 0xFB, 0x86, 0x98, 0xB8, 0x25, 0x40, 0x5C, 0x74, 0xFC, 0x8D, 0x4F, 0x60, 0xC9,
    0xE0, 0xF3, 0x87, 0x31, 0x1A, 0x53, 0xF4, 0xA0, 0x91, 0x6D, 0x89, 0xFD, 0x90, 0x5B, 0xDF, 0xBD,
    0x95, 0x6B, 0x6E, 0x03, 0x31, 0x08, 0x84, 0x91, 0x7C, 0x00, 0x1F, 0xC9, 0x57, 0xB7, 0x94, 0x03,
    0xEC, 0x55, 0x90, 0xFA, 0x17, 0x89, 0x32, 0x83, 0xD9, 0x47, 0xBA, 0x55, 0x52, 0xB5, 0x6A, 0x95,
    0xFD, 0xDC, 0x8D, 0xCD, 0x18, 0x30, 0x38, 0xEE, 0x3E, 0xC5, 0xDD, 0x6D, 0x87, 0x8B, 0xCF, 0x76,
    0x45, 0xF7, 0x35, 0xE1, 0xAE, 0x97, 0x75, 0xDD, 0x27, 0xCC, 0x2F, 0x68, 0x81, 0xF8, 0x9B, 0x65,
    0x71, 0x98, 0xE9, 0xE5, 0x99, 0x22, 0xBF, 0x7D, 0x64, 0x40, 0xFE, 0x8E, 0xDA, 0x0E, 0x22, 0x86,
    0x8C, 0xE4, 0x7D, 0x9E, 0x3F, 0x88, 0x81, 0x3E, 0x3F, 0x73, 0x62, 0x8B, 0x1B, 0x46, 0x82, 0x2E,
    0xCF, 0x9D, 0xF7, 0xAF, 0xB2, 0xF1, 0xA4, 0x31, 0x8C, 0xD1, 0xE0, 0x24, 0x38, 0x36, 0x8C, 0x1D,
    0xEE, 0xCD, 0xA1, 0x31, 0x29, 0xAE, 0x39, 0x0E, 0x0B, 0x07, 0x94, 0xE3, 0x07, 0x84, 0xBA, 0xC7,
    0x18, 0x99, 0x6A, 0x3C, 0x09, 0x49, 0xE5, 0x35, 0xEA, 0xE9, 0xBD, 0xE6, 0x6B, 0x7D, 0xD9, 0x87,
    0x2A, 0xF5, 0x96, 0x3E, 0xF7, 0xEB, 0x26, 0x7D, 0xED, 0xDF, 0x97, 0x5F, 0xF4, 0x4F, 0x78, 0xCC,
    0x4A, 0x2D, 0x1E, 0xC4, 0x24, 0xF0, 0x2D, 0x02, 0x1C, 0xD8, 0x0F, 0x5A, 0xB1, 0x3E, 0x04, 0x08,
    0xC3, 0x8E, 0x2E, 0xF9, 0x9A, 0xB3, 0xB5, 0x38, 0xCD, 0x00, 0xAA, 0x74, 0x88, 0x36, 0x3A, 0xCB,
    0x72, 0x9A, 0x5C, 0xD7, 0x76, 0xF4, 0x1D, 0x63, 0x07, 0x12, 0xFB, 0x48, 0x84, 0xDE, 0x66, 0x05,
    0x04, 0xB3, 0x30, 0x77, 0x60, 0x4B, 0xDB, 0xA1, 0x85, 0x66, 0x3D, 0x22, 0x02, 0xB8, 0xAF, 0xD0,
    0xD1, 0xC1, 0x54, 0x8A, 0xFC, 0x9F, 0x1B, 0xD9, 0x57, 0xD9, 0x70, 0x68, 0x47, 0x64, 0x3C, 0x53,
    0xFB, 0x80, 0x0F, 0xC4, 0x86, 0xEA, 0xAD, 0x04, 0xA5, 0xA3, 0xEB, 0x3F, 0x7C, 0xC7, 0xD9, 0x63,
    0x31, 0x6D, 0x53, 0xA5, 0x67, 0xA3, 0xB3, 0x81, 0xF5, 0x7A, 0x19, 0x14, 0x70, 0xD0, 0x40, 0x7B,
    0x17, 0x56, 0x40, 0xB1, 0x98, 0x1F, 0x50, 0x60, 0xE6, 0xAB, 0xF8, 0xC1, 0x86, 0x42, 0xBF, 0xB0,
    0x83, 0xF3, 0xCC, 0x01, 0xEA, 0xE2, 0x66, 0xBE, 0x21, 0x91, 0xC7, 0x27, 0x34, 0x23, 0xCD, 0xA4,
    0xED, 0x9C, 0x8B, 0x7A, 0x70, 0x90, 0x72, 0x73, 0x77, 0x7D, 0x87, 0xBA, 0xCF, 0xCE, 0x78, 0xD3,
    0x36, 0x6A, 0x85, 0x27, 0xC2, 0xE2, 0xCD, 0x32, 0x46, 0x23, 0xA1, 0x4F, 0x57, 0x3A, 0x70, 0x50,
    0xED, 0x15, 0xB0, 0x8E, 0x16, 0xB4, 0xA5, 0x4A, 0xAF, 0x7B, 0x55, 0xB8, 0xC7, 0x6F, 0x9C, 0xFC,
    0x69, 0x36, 0xEA, 0xFE, 0x32, 0xDE, 0x84, 0x08, 0x6A, 0xB6, 0xA7, 0x07, 0x4D, 0xCB, 0x79, 0x4D,
    0x6F, 0xEC, 0xD5, 0x4D, 0xAE, 0x37, 0x59, 0x42, 0x73, 0x44, 0xB8, 0xA7, 0xA2, 0x99, 0xB2, 0x0C,
    0xBE, 0x62, 0x15, 0x17, 0x2D, 0x68, 0x4B, 0x15, 0xEA, 0x55, 0x96, 0xF4, 0x36, 0x4B, 0x28, 0x6E,
    0xF9, 0x6B, 0x94, 0x43, 0x3C, 0x68, 0xDE, 0x9D, 0xBC, 0x38, 0x23, 0x36, 0x63, 0xB7, 0xB5, 0x44,
    0xC4, 0xFB, 0x40, 0x63, 0x6E, 0xB6, 0xFA, 0x94, 0x89, 0x20, 0x7A, 0xA2, 0x42, 0xC4, 0x6F, 0x53,
    0x73, 0xC2, 0x76, 0xC4, 0x8A, 0x4F, 0xC5, 0x55, 0x5B, 0x8A, 0xC3, 0x30, 0x0C, 0x14, 0xF8, 0x00,
    0x3E, 0x92, 0xAE, 0x6E, 0xE8, 0x85, 0x04, 0xF9, 0x35, 0x68, 0x3D, 0x23, 0x29, 0x6D, 0xD2, 0x64,
    0x1F, 0xB0, 0x50, 0xEF, 0x66, 0x44, 0xB1, 0x5E, 0x96, 0xA5, 0xB1, 0x88, 0x9A, 0xAC, 0x45, 0x54,
    0xF7, 0x29, 0xCD, 0xD7, 0x1A, 0x1D, 0x68, 0x0A, 0x9C, 0x4B, 0x9A, 0x4E, 0x1F, 0x6A, 0x3D, 0xD0,
    0x81, 0xED, 0x05, 0x7B, 0xA1, 0x41, 0x47, 0x5D, 0x37, 0x9F, 0xB4, 0x35, 0xFA, 0x19, 0x02, 0x14,
    0xB8, 0x1E, 0x15, 0x8B, 0xE8, 0x26, 0xDD, 0x75, 0x8A, 0xCE, 0xEE, 0x02, 0xE5, 0x05, 0xCD, 0x1F,
    0x30, 0x78, 0x2C, 0x7D, 0x1A, 0xE9, 0xCA, 0x69, 0x69, 0x59, 0x42, 0x83, 0x8B, 0xE7, 0x4F, 0xEE,
    0x52, 0x0F, 0x16, 0xB4, 0x0D, 0x57, 0xCB, 0xA9, 0xD1, 0x33, 0x63, 0xC0, 0xE3, 0xF8, 0x77, 0xB8,
    0x58, 0x82, 0x0C, 0x4F, 0xF0, 0x47, 0xCF, 0x2D, 0x3C, 0x0F, 0xDD, 0xA1, 0x79, 0x14, 0xEE, 0x27,
    0x58, 0x67, 0x9F, 0x9F, 0x10, 0x5C, 0x37, 0xE2, 0x93, 0x29, 0xCD, 0x4B, 0x81, 0xE6, 0x93, 0x7E,
    0x2D, 0x1C, 0x3D, 0x25, 0xEF, 0xF8, 0x3A, 0x25, 0x85, 0xBC, 0x13, 0x8E, 0x0C, 0xD0, 0x03, 0x87,
    0x60, 0x26, 0x80, 0x72, 0x83, 0xDC, 0x0D, 0xCD, 0xB2, 0x9A, 0xE9, 0x8D, 0xAD, 0x3D, 0x7F, 0x85,
    0xCB, 0x92, 0x68, 0xC4, 0x49, 0x74, 0xEC, 0x76, 0x62, 0xBB, 0x41, 0xEE, 0x86, 0x66, 0x59, 0xD9,
    0xEE, 0x6D, 0x44, 0x23, 0x5D, 0x7E, 0x4B, 0x03, 0xBA, 0x7B, 0x19, 0x41, 0x10, 0xE8, 0xCB, 0xC3,
    0xD7, 0x6B, 0x0A, 0x66, 0xEA, 0xE2, 0x5C, 0x46, 0x46, 0xC1, 0x0C, 0x46, 0x37, 0x63, 0x2A, 0xC1,
    0x29, 0x18, 0xCD, 0x11, 0xA3, 0xD9, 0x3C, 0x74, 0x4E, 0x90, 0xB3, 0xD3, 0x13, 0x60, 0x41, 0x5B,
    0x2D, 0x62, 0x19, 0x6D, 0x8F, 0x41, 0x8E, 0x41, 0x05, 0x1B, 0xCA, 0x19, 0x91, 0x9E, 0x02, 0xAC,
    0x32, 0x6A, 0xC0, 0x48, 0x2F, 0x46, 0x82, 0xD1, 0x4C, 0xF2, 0x46, 0x3C, 0x4E, 0x82, 0x76, 0xA3,
    0x44, 0xF8, 0xCC, 0x08, 0x3D, 0x44, 0x46, 0x97, 0xEA, 0x0D, 0xF0, 0x63, 0xE4, 0x6A, 0x75, 0xF6,
    0x45, 0x4B, 0x76, 0x01, 0x2E, 0x1A, 0x7A, 0xB4, 0x60, 0xB1, 0xE9, 0x00, 0x87, 0x08, 0x68, 0xA1,
    0x02, 0x28, 0x72, 0x0B, 0xDB, 0x16, 0xE5, 0x45, 0x2A, 0xC6, 0xC2, 0x0F, 0x94, 0x76, 0x29, 0x75,
    0x9F, 0x48, 0x48, 0x79, 0x21, 0xE4, 0xEE, 0xF8, 0x72, 0xA9, 0x6F, 0xDE, 0xD7, 0x19, 0xD8, 0xFF,
    0xA1, 0x1B, 0x1C, 0xEE, 0xE0, 0x4D, 0x30, 0xEA, 0x94, 0x1C, 0xE5, 0xB8, 0x78, 0xFC, 0x91, 0xEB,
    0xFB, 0xF1, 0xD2, 0xC9, 0xF9, 0x8C, 0x63, 0x41, 0xB5, 0x5E, 0x0D, 0x53, 0xB6, 0xC8, 0x29, 0x3F,
    0xFE, 0x1E, 0xFB, 0x5E, 0xE6, 0x9A, 0x4D, 0x53, 0x8D, 0x73, 0xE4, 0x56, 0x4E, 0xC6, 0xF7, 0xFF,
    0xF9, 0x06, 0x9C, 0xA0, 0xBD, 0x41, 0x3B, 0x42, 0x5F, 0x87, 0xE6, 0xE3, 0x64, 0x67, 0xC0, 0xA8,
    0x3E, 0x41, 0x5E, 0x4A, 0xCC, 0x72, 0x5A, 0xCC, 0xD4, 0x29, 0xCD, 0xC8, 0xE4, 0xAA, 0x1C, 0xB8,
    0x3D, 0x5C, 0x7F, 0x8B, 0x77, 0x0E, 0xC1, 0x07, 0xA0, 0xC7, 0xA3, 0xC5, 0x72, 0x6F, 0xAE, 0x16,
    0x2C, 0xC2, 0xD7, 0xCD, 0xE3, 0xA5, 0xAB, 0x56, 0xA2, 0x6B, 0xAA, 0xA4, 0x41, 0x9A, 0xA7, 0xB3,
    0x74, 0xCD, 0x40, 0x3A, 0xBF, 0x00, 0xAD, 0x55, 0x5B, 0x8E, 0xC3, 0x30, 0x08, 0x44, 0xF2, 0x01,
    0x7C, 0x24, 0x5F, 0xDD, 0x52, 0x0F, 0xD0, 0xAB, 0x58, 0xDA, 0x5F, 0x24, 0x96, 0x61, 0xB0, 0xE3,
    0x74, 0x93, 0x55, 0xF7, 0x91, 0x76, 0xA6, 0x69, 0x02, 0x38, 0x03, 0x86, 0x88, 0x59, 0xAF, 0x66,
    0xDA, 0x08, 0x6B, 0xA3, 0x98, 0x48, 0x35, 0xFF, 0xAA, 0x63, 0xC4, 0xAF, 0x34, 0xC5, 0xF5, 0x36,
    0xAA, 0xC1, 0x06, 0xF6, 0x8E, 0x21, 0xEE, 0x6B, 0xBD, 0x0D, 0x67, 0xE2, 0x91, 0x78, 0x26, 0x6C,
    0xA2, 0x11, 0x9A, 0x18, 0x09, 0xF7, 0x6D, 0xDD, 0xC4, 0xCF, 0x7C, 0x19, 0x2E, 0x59, 0x3C, 0x2C,
    0x8E, 0xBF, 0xC6, 0x0D, 0x55, 0xBD, 0x69, 0xFA, 0x77, 0xF7, 0x93, 0x80, 0xAF, 0xC1, 0x47, 0x1F,
    0x3C, 0x7F, 0x2A, 0xAF, 0xC3, 0x26, 0xD6, 0x83, 0x4F, 0xB5, 0xE2, 0x0B, 0x14, 0x6A, 0x25, 0xB4,
    0x9C, 0x31, 0x0E, 0x20, 0x37, 0x36, 0xD1, 0x13, 0x1E, 0x7E, 0x24, 0xB9, 0x26, 0xD3, 0xA0, 0x3A,
    0xC9, 0x82, 0xDA, 0x22, 0x2A, 0x6A, 0x90, 0xB7, 0x48, 0x27, 0x3D, 0x74, 0x6A, 0xBA, 0x80, 0xD9,
    0x19, 0x37, 0x76, 0x2E, 0x56, 0x0A, 0x6B, 0x3D, 0x50, 0x6B, 0x1B, 0xF5, 0x78, 0xD6, 0x57, 0xB0,
    0xCE, 0xA8, 0xB1, 0x52, 0x09, 0xF2, 0xF6, 0xDE, 0x3A, 0xB7, 0x78, 0x9E, 0x62, 0x60, 0x7D, 0x65,
    0x8D, 0xF6, 0xE7, 0xC8, 0xFF, 0xB8, 0x07, 0x9B, 0x69, 0x0F, 0xDF, 0x2E, 0x27, 0x48, 0xEC, 0x97,
    0xD0, 0xB2, 0xE9, 0x01, 0x44, 0x0F, 0xBB, 0xA9, 0x98, 0x7A, 0x9A, 0xD1, 0x2A, 0xF5, 0xE8, 0x0E,
    0xDF, 0x84, 0xF2, 0x13, 0x20, 0xB6, 0x44, 0xB3, 0x24, 0x55, 0x6F, 0x17, 0x3D, 0xC8, 0x4D, 0xB0,
    0x31, 0x48, 0x68, 0x94, 0x9D, 0x9A, 0xB7, 0xD8, 0x46, 0xEE, 0xE0, 0x76, 0x41, 0x63, 0x51, 0x67,
    0x17, 0x7C, 0xC3, 0x48, 0x0D, 0x72, 0xE0, 0x6A, 0xD0, 0x95, 0x9E, 0xE5, 0x60, 0x9B, 0x7D, 0xC3,
    0x0E, 0xFA, 0x8E, 0xC3, 0x72, 0xF7, 0x65, 0x34, 0x46, 0xBE, 0x5B, 0x17, 0xFB, 0xD9, 0x9B, 0x04,
    0x23, 0x22, 0xA4, 0x5A, 0x43, 0xD7, 0xDA, 0xB8, 0xD6, 0xB6, 0x44, 0x47, 0x22, 0xC2, 0x38, 0xDC,
    0x22, 0x6B, 0x11, 0x8A, 0xBB, 0xF3, 0x97, 0x14, 0x82, 0xCF, 0xB4, 0xD2, 0x43, 0x72, 0x51, 0x7A,
    0x8B, 0xC1, 0xE2, 0xE7, 0xE6, 0xF0, 0x49, 0x80, 0x52, 0x9C, 0xF1, 0x56, 0x22, 0xDF, 0xE1, 0xD9,
    0xE4, 0xAF, 0xFC, 0x9F, 0xF1, 0x2F, 0x0E, 0x94, 0xAD, 0x9C, 0x98, 0x15, 0x3E, 0x50, 0x02, 0x31,
    0x1E, 0x30, 0xC0, 0x94, 0xA3, 0x0F, 0x23, 0x70, 0x7E, 0x6C, 0x22, 0xC6, 0x41, 0x14, 0xF3, 0x92,
    0xC2, 0x9F, 0xC6, 0x3E, 0x4F, 0xFD, 0xF8, 0x40, 0x51, 0x40, 0x6D, 0x52, 0x5C, 0x4B, 0x7A, 0xA4,
    0xF1, 0x4B, 0x6B, 0x73, 0xC7, 0x44, 0x71, 0x25, 0xAB, 0x9A, 0x5B, 0xFA, 0xCB, 0xC8, 0xEB, 0x53,
    0x4C, 0xE5, 0x16, 0x9E, 0xA3, 0x25, 0xC6, 0x49, 0xBE, 0x53, 0x16, 0x6E, 0x47, 0x41, 0xC7, 0x7B,
    0x2E, 0xFC, 0x25, 0x22, 0xF6, 0x78, 0x32, 0xB0, 0x70, 0xF8, 0x60, 0x4D, 0xBD, 0x66, 0xDE, 0xA5,
    0x25, 0xBD, 0x18, 0x21, 0xA3, 0x55, 0xF6, 0x85, 0x6E, 0xAF, 0x58, 0xC5, 0xAC, 0x58, 0xF0, 0x5E,
    0xD8, 0x46, 0x6D, 0x02, 0x1D, 0x92, 0xF7, 0x30, 0x57, 0xA2, 0xAD, 0x3A, 0x47, 0x4F, 0xE5, 0xEB,
    0x71, 0xD7, 0xDC, 0xD6, 0x38, 0x2D, 0xE7, 0xD2, 0xCF, 0x5C, 0x8E, 0xAA, 0xAF, 0x9A, 0x3F, 0x01,
    0x95, 0x55, 0x5B, 0x6E, 0xC4, 0x20, 0x0C, 0x44, 0xE2, 0x00, 0x1C, 0x89, 0xAB, 0x23, 0xED, 0x01,
    0xF6, 0x2A, 0x48, 0xFB, 0x6B, 0xC9, 0xF5, 0xCC, 0x18, 0x48, 0xDA, 0x6A, 0xBB, 0x4D, 0xE2, 0x21,
    0x09, 0xD8, 0xF8, 0x4D, 0xB3, 0x3E, 0xDB, 0x85, 0x0A, 0x2E, 0xF7, 0xD2, 0xDC, 0x47, 0x77, 0x9F,
    0x41, 0xE6, 0x31, 0xE3, 0xA3, 0xFA, 0xED, 0x1A, 0xB1, 0x0C, 0x04, 0xAE, 0x58, 0x83, 0xB5, 0xE0,
    0x01, 0x2F, 0xA4, 0xC4, 0xE7, 0x26, 0x7C, 0xF7, 0x97, 0x64, 0x05, 0x39, 0xC9, 0xAA, 0x68, 0x7E,
    0x46, 0x21, 0xC1, 0xA9, 0x98, 0x88, 0x42, 0xFB, 0x80, 0x0A, 0x2E, 0x8D, 0x6F, 0xAA, 0xFD, 0xF9,
    0x40, 0x4A, 0x95, 0xCA, 0x54, 0x49, 0xCA, 0xC3, 0xC4, 0x79, 0x53, 0x9D, 0xFF, 0x62, 0x0E, 0xAA,
    0x63, 0x6D, 0xD5, 0x04, 0x78, 0xE1, 0xA2, 0xB9, 0x5C, 0xB4, 0x1D, 0x18, 0xDA, 0xB4, 0x94, 0x1D,
    0x2F, 0xE1, 0xB6, 0x66, 0x17, 0x17, 0x41, 0x46, 0x18, 0xE3, 0x63, 0xDD, 0x70, 0xE2, 0xFB, 0xDB,
    0xF2, 0x0A, 0x07, 0xCC, 0xF7, 0xF7, 0xDD, 0xC0, 0x52, 0x3E, 0xF1, 0xC3, 0xE5, 0xF1, 0x7C, 0x8A,
    0x1B, 0xD4, 0x87, 0x5B, 0x73, 0x68, 0xF7, 0xC1, 0xEA, 0x1A, 0x82, 0x8F, 0x83, 0x69, 0x08, 0x97,
    0xC0, 0xB8, 0xB0, 0x39, 0x86, 0xAA, 0x21, 0x04, 0x77, 0x0D, 0xAE, 0xB9, 0x35, 0xD0, 0xD9, 0xF2,
    0xAF, 0x71, 0x51, 0x79, 0x87, 0x58, 0xC3, 0x30, 0x11, 0x6D, 0x23, 0xC3, 0xD6, 0xE9, 0xD2, 0x3E,
    0x33, 0x67, 0x85, 0x76, 0xC1, 0x08, 0x02, 0x22, 0x6E, 0x9B, 0xF0, 0xCD, 0xC0, 0x28, 0x24, 0x2E,
    0xAA, 0x0E, 0x33, 0x3E, 0xA5, 0x14, 0x52, 0x94, 0xDE, 0x43, 0x85, 0x33, 0xA8, 0x83, 0xC1, 0x4C,
    0x7F, 0x04, 0x3E, 0xC3, 0x44, 0x10, 0xF7, 0x5D, 0x69, 0x15, 0xEF, 0x4F, 0xD3, 0xFF, 0x07, 0x83,
    0x3C, 0xC5, 0x03, 0x0D, 0xE0, 0x74, 0x08, 0x2A, 0x17, 0x99, 0x7D, 0x6A, 0x0D, 0x65, 0x8A, 0x9E,
    0x49, 0xBE, 0xA8, 0x8B, 0x2C, 0x69, 0x26, 0xC1, 0x37, 0xD6, 0x66, 0x21, 0x14, 0x55, 0x2D, 0xA0,
    0xB3, 0x6A, 0x28, 0xBD, 0xA2, 0x60, 0x0F, 0x34, 0x78, 0xE7, 0x40, 0x18, 0x87, 0x02, 0x14, 0x5C,
    0x04, 0x1C, 0x29, 0x07, 0xE0, 0x8C, 0xEA, 0x84, 0xB9, 0x81, 0x29, 0xDE, 0xEC, 0x5F, 0xA4, 0xD8,
    0x6E, 0x92, 0x87, 0x93, 0x98, 0xDB, 0xFC, 0xFB, 0x0B, 0x9E, 0xCC, 0x2F, 0x0A, 0x38, 0x27, 0xE6,
    0x65, 0x91, 0x2B, 0x9D, 0x64, 0xF8, 0xD8, 0x58, 0x2E, 0xEF, 0x44, 0xAD, 0x5C, 0x28, 0xDE, 0xB1,
    0x43, 0xBE, 0xE8, 0x9A, 0x53, 0x27, 0xAF, 0x58, 0x2A, 0xF7, 0xDC, 0x5A, 0x79, 0xB3, 0x73, 0x4D,
    0xAD, 0xA0, 0x71, 0x87, 0x9F, 0x88, 0xEC, 0x02, 0x2A, 0x71, 0x27, 0x6D, 0x37, 0x58, 0xD5, 0x58,
    0x82, 0xB4, 0xA9, 0x52, 0x2F, 0x61, 0xF2, 0x5A, 0x74, 0x59, 0xC6, 0xCC, 0xD9, 0x2C, 0x10, 0xFD,
    0x83, 0x3E, 0xBF, 0xFF, 0x7B, 0xB7, 0xBB, 0xB1, 0x33, 0xA9, 0x71, 0x33, 0xD2, 0x0A, 0xFA, 0x75,
    0xDF, 0x27, 0xEC, 0x8D, 0x6C, 0x5C, 0x88, 0xCC, 0x2C, 0xDC, 0x49, 0x19, 0x3B, 0x4A, 0x4F, 0xC7,
    0x15, 0x75, 0x05, 0xB0, 0xF7, 0x88, 0x26, 0x92, 0x0A, 0xD5, 0xA7, 0x8E, 0xC2, 0x73, 0xE5, 0x76,
    0xB8, 0x8C, 0x6C, 0xE2, 0x80, 0x6C, 0xA4, 0xE4, 0x20, 0x6F, 0xCB, 0xAA, 0x67, 0x25, 0xF1, 0x58,
    0xB0, 0xD5, 0xCD, 0x47, 0x3B, 0x07, 0x96, 0x7A, 0xB5, 0xBF, 0x8E, 0xD4, 0x47, 0x36, 0x86, 0x5F,
    0xBA, 0x39, 0xED, 0xA4, 0x97, 0xA9, 0x60, 0x45, 0xC7, 0x4E, 0x6C, 0x8C, 0x04, 0x3F, 0x13, 0xB9,
    0xE0, 0xD6, 0x9D, 0x98, 0x60, 0x93, 0x6E, 0x12, 0xBE, 0x54, 0x12, 0xD9, 0x34, 0x89, 0x56, 0xB2,
    0x36, 0x36, 0xF2, 0xA8, 0x15, 0x6B, 0x94, 0x3A, 0xDB, 0x37, 0x4A, 0x70, 0xE0, 0x54, 0x1C, 0xD9,
    0x60, 0xA8, 0x00, 0xB7, 0x25, 0xAC, 0x83, 0x75, 0x01, 0x03, 0x73, 0x80, 0x1B, 0x95, 0xF2, 0x05,
    0xA5, 0x55, 0x5B, 0x6E, 0xC4, 0x20, 0x0C, 0x44, 0xE2, 0x00, 0x1C, 0x89, 0xAB, 0x23, 0xF5, 0x00,
    0x7B, 0x15, 0xA4, 0xFD, 0x45, 0x72, 0x3D, 0x33, 0x26, 0x22, 0x24, 0xD9, 0xB6, 0xEA, 0x2A, 0x8C,
    0xF3, 0x30, 0x36, 0xE3, 0xD7, 0xA6, 0x54, 0x7B, 0xDA, 0x96, 0x99, 0x9D, 0x57, 0x4B, 0xE9, 0xBF,
    0x2B, 0x65, 0xD3, 0x75, 0xFA, 0xB5, 0xF4, 0xE3, 0x85, 0x1D, 0xED, 0x02, 0x32, 0x78, 0x01, 0x99,
    0x3C, 0xC3, 0xA3, 0xF2, 0x06, 0xC5, 0x99, 0x9E, 0xD6, 0xF0, 0x77, 0xB1, 0xCC, 0xC6, 0x69, 0xAD,
    0xDF, 0xE6, 0xAA, 0xC3, 0x43, 0x97, 0xAD, 0x15, 0x93, 0xCC, 0x90, 0x05, 0x94, 0x5B, 0xED, 0x15,
    0x46, 0xBA, 0x4B, 0x04, 0x78, 0x78, 0x88, 0x3B, 0x36, 0xD5, 0x37, 0x42, 0x53, 0xAC, 0x9A, 0x4E,
    0x01, 0xD3, 0x62, 0x31, 0x65, 0x5F, 0x9E, 0x73, 0xE8, 0xB9, 0xFE, 0x1B, 0xB2, 0xC6, 0x7E, 0x58,
    0x85, 0x22, 0xED, 0x8F, 0xF0, 0x67, 0xA3, 0xC8, 0xFF, 0x88, 0x73, 0x49, 0x26, 0x59, 0xD6, 0x89,
    0xEF, 0xA5, 0xB9, 0x32, 0x6C, 0x0D, 0x8A, 0x62, 0xD9, 0x48, 0x26, 0x1B, 0xB9, 0x7C, 0x19, 0xA9,
    0xBC, 0x8D, 0x4C, 0x74, 0xC2, 0xC2, 0x38, 0x53, 0x24, 0xBD, 0x6C, 0x54, 0xE1, 0xA1, 0xB8, 0x21,
    0xB6, 0xCB, 0x98, 0xC9, 0xB4, 0xC9, 0x91, 0xD1, 0x6D, 0xDE, 0x04, 0x3C, 0x36, 0xC4, 0x92, 0xE0,
    0x75, 0xE0, 0x46, 0xFC, 0xBE, 0xC3, 0x9E, 0xE7, 0xF5, 0xE5, 0x7A, 0x02, 0x63, 0x76, 0xE0, 0x88,
    0x4E, 0x75, 0x37, 0xE6, 0x57, 0x2A, 0x73, 0x9B, 0xC0, 0xC3, 0x02, 0x7B, 0x03, 0xE6, 0x05, 0x93,
    0xFA, 0x0A, 0xE1, 0xED, 0xCE, 0xE5, 0xF8, 0xAD, 0x4B, 0x1C, 0xBC, 0x06, 0x85, 0x14, 0x2D, 0x10,
    0x20, 0x85, 0x5F, 0x00, 0x02, 0xB9, 0xC3, 0xA7, 0x1D, 0x7B, 0xF1, 0xDF, 0x15, 0x3A, 0x8A, 0x23,
    0x3D, 0x03, 0xD8, 0xEC, 0x70, 0xD1, 0x3B, 0xB8, 0xD5, 0x0B, 0x37, 0x57, 0x28, 0x48, 0x78, 0x19,
    0x1E, 0xCB, 0x8A, 0x1A, 0x44, 0x96, 0x1B, 0x80, 0x81, 0x41, 0xE1, 0xB2, 0x8A, 0x2B, 0x22, 0x56,
    0x04, 0x1D, 0x07, 0x23, 0xEC, 0xE6, 0x9E, 0xC1, 0x1D, 0xB1, 0x9B, 0x22, 0x4D, 0x45, 0xC0, 0x09,
    0x43, 0x28, 0x28, 0x3A, 0xA6, 0xEB, 0x35, 0xD3, 0x55, 0x17, 0x60, 0xB9, 0x12, 0x3E, 0x8C, 0x04,
    0x23, 0x99, 0x8E, 0x46, 0x1B, 0xEA, 0x65, 0x95, 0x6C, 0xCB, 0x4B, 0x49, 0x1C, 0x64, 0xAA, 0x5A,
    0xA1, 0xCB, 0xF2, 0xDD, 0xD8, 0x7A, 0x74, 0x74, 0x90, 0xE9, 0xE5, 0x44, 0xA6, 0x05, 0x99, 0xC9,
    0x68, 0x29, 0xC0, 0x83, 0x0C, 0x9B, 0x6F, 0x83, 0x07, 0x32, 0x60, 0x31, 0x2F, 0xEE, 0xD4, 0x7C,
    0xFD, 0x22, 0xBE, 0x34, 0x3F, 0x47, 0x0A, 0x3A, 0xF2, 0xA0, 0x28, 0x45, 0x66, 0x48, 0x2E, 0xDE,
    0x4B, 0x87, 0xEC, 0xB5, 0x97, 0x63, 0x82, 0x36, 0x95, 0x12, 0x62, 0x65, 0x03, 0xC9, 0x46, 0xBA,
    0x43, 0x4E, 0x4A, 0xCE, 0x83, 0x32, 0x38, 0x5F, 0x38, 0x2C, 0xD4, 0x52, 0x33, 0x51, 0x55, 0x43,
    0x2F, 0xC5, 0xA3, 0xF8, 0xF9, 0x57, 0x86, 0xA4, 0x18, 0x47, 0x1C, 0xE6, 0x5B, 0x0C, 0xB7, 0x73,
    0x27, 0xFF, 0xA5, 0xDF, 0x38, 0x73, 0x10, 0xBF, 0x7A, 0x80, 0xF2, 0x76, 0x2D, 0x40, 0xBB, 0xC2,
    0x4D, 0xAB, 0xAD, 0xD9, 0xBC, 0x87, 0xCE, 0x3F, 0x14, 0x43, 0xA4, 0x26, 0x24, 0x5B, 0x18, 0x2C,
    0x85, 0xBA, 0x1F, 0xE3, 0x1B, 0xAD, 0x93, 0xED, 0xCD, 0xC3, 0x30, 0x08, 0x84, 0x91, 0x18, 0xC0,
    0x23, 0xB1, 0x3A, 0x52, 0x06, 0xC8, 0x2A, 0x1E, 0x00, 0x89, 0x72, 0x47, 0xEC, 0xBE, 0x6F, 0xBF,
    0xA4, 0x4A, 0x6D, 0xC5, 0xF3, 0xC3, 0x26, 0x1C, 0x39, 0x48, 0xBA, 0x88, 0xE4, 0x67, 0x64, 0x4E,
    0x20, 0xEF, 0x70, 0x9C, 0x78, 0xDD, 0x7E, 0x05, 0x79, 0x8A, 0x93, 0xE5, 0x1C, 0x0A, 0x8C, 0x69,
    0x33, 0xFD, 0x9B, 0xF8, 0xFD, 0x5F, 0xAC, 0xDE, 0x0D, 0x5D, 0xC9, 0x40, 0x6B, 0xC0, 0xB4, 0x10,
    0x8B, 0x3A, 0x1E, 0x61, 0x5E, 0xC7, 0xE5, 0x89, 0xE6, 0xCB, 0x9F, 0xE3, 0x62, 0x36, 0x46, 0x1A,
    0x9F, 0xC0, 0xB3, 0xAC, 0xA2, 0x4C, 0x40, 0xE5, 0xBA, 0x83, 0x46, 0x40, 0xC2, 0xAD, 0x5F, 0x3E,
    0x4A, 0x2B, 0x8C, 0xD5, 0x1F, 0x8A, 0xA3, 0x07, 0xDC, 0x55, 0x0E, 0x72, 0x47, 0x57, 0x41, 0x8F,
    0xFE, 0x04, 0xE9, 0xA1, 0x55, 0x45, 0xD7, 0x8D, 0xB1, 0x61, 0x1B, 0x10, 0x3D, 0x1A, 0xE5, 0xE3,
    0x19, 0x0B, 0x1C, 0x41, 0xC3, 0x37, 0xA4, 0x10, 0x1B, 0x73, 0x61, 0xF0, 0x0D, 0xEE, 0xD1, 0xE2,
    0x1C, 0x4B, 0xC7, 0x71, 0xC5, 0x79, 0xC5, 0x1A, 0x33, 0x24, 0x11, 0x71, 0xC5, 0x9F, 0xB1, 0x97,
    0xFD, 0xD1, 0xF6, 0xEB, 0x7F, 0xFB, 0x69, 0x26, 0x6D, 0x6D, 0x97, 0xDF, 0xDA, 0xEF, 0x6F, 0xEC,
    0x1F, 0x6B, 0x8F, 0x65, 0x69, 0x30, 0x7B, 0x40, 0x00, 0xF6, 0xD3, 0xD8, 0x17, 0x85, 0x71, 0x56,
    0x77, 0xC8, 0xA9, 0x8C, 0xD0, 0xAE, 0x22, 0xBD, 0x27, 0x0F, 0xB8, 0xEC, 0x67, 0xA3, 0x6C, 0xD9,
    0x26, 0x31, 0x42, 0x30, 0x42, 0x41, 0x31, 0x6D, 0x94, 0xF8, 0x81, 0x21, 0x9E, 0x6C, 0x25, 0xAE,
    0xA6, 0x58, 0x65, 0x34, 0xD6, 0x07, 0xA8, 0xBD, 0x12, 0x1B, 0x01, 0x4C, 0xF9, 0xBC, 0x00, 0x65,
    0xA5, 0x62, 0x6E, 0x40, 0xF5, 0x5C, 0x2D, 0x95, 0x7C, 0x23, 0x0B, 0x0A, 0x77, 0x08, 0xC9, 0xDE,
    0xF7, 0x55, 0xC0, 0xB0, 0xDE, 0x44, 0x2F, 0x7A, 0x6C, 0xC9, 0xA5, 0xAB, 0x48, 0xBB, 0x01, 0xCD,
    0x95, 0x4B, 0x8A, 0xC4, 0x30, 0x0C, 0x44, 0x0D, 0x3E, 0x80, 0x8F, 0xE4, 0xAB, 0x1B, 0xFA, 0x00,
    0x7D, 0x15, 0x81, 0xB7, 0x82, 0xEA, 0xD2, 0xC7, 0x89, 0x93, 0x59, 0x4E, 0x16, 0x09, 0xA8, 0xA0,
    0xE5, 0xE8, 0xF7, 0x5A, 0x26, 0xA5, 0x40, 0x4A, 0x29, 0x15, 0x7A, 0xD3, 0x06, 0xDC, 0xB4, 0x0B,
    0xC6, 0x52, 0x84, 0x8E, 0x2E, 0xA9, 0x15, 0x60, 0xD8, 0xAE, 0x0C, 0x62, 0x58, 0xB3, 0x9F, 0xA9,
    0xFE, 0xDA, 0x19, 0x52, 0x3C, 0x1D, 0xED, 0xAF, 0x56, 0x8B, 0x04, 0xDF, 0x02, 0x0B, 0x99, 0x8D,
    0xAE, 0x18, 0xCD, 0x92, 0x2A, 0xCF, 0x94, 0x7E, 0x05, 0x9A, 0x86, 0x9F, 0x96, 0x4F, 0xC7, 0x44,
    0xC3, 0x80, 0x27, 0xD9, 0xCD, 0x6B, 0x5D, 0xB5, 0x6D, 0x35, 0xFD, 0xA9, 0x49, 0x42, 0x36, 0x06,
    0xBB, 0x3A, 0x83, 0xB9, 0x69, 0x32, 0xD8, 0xD5, 0x47, 0x2C, 0xC9, 0x43, 0x9C, 0x81, 0x6E, 0xCA,
    0xA3, 0x93, 0x44, 0xF2, 0x40, 0x90, 0x30, 0x20, 0xCB, 0x2A, 0xAD, 0x49, 0x36, 0xF5, 0x4F, 0x12,
    0x4C, 0xA1, 0x3E, 0x6E, 0xA8, 0x65, 0xC5, 0x77, 0xAC, 0x39, 0x73, 0x36, 0xD1, 0x97, 0x50, 0xA0,
    0x78, 0xDD, 0x6C, 0xBB, 0x4F, 0x73, 0x6B, 0x60, 0xA0, 0xA7, 0x1F, 0x4D, 0xC2, 0x7B, 0x21, 0x36,
    0x2B, 0xE0, 0x55, 0x6C, 0xFA, 0xE2, 0x68, 0xBC, 0x57, 0x83, 0x63, 0xA7, 0xF4, 0x11, 0xCF, 0x3A,
    0x35, 0xB1, 0x06, 0xA2, 0x0B, 0x32, 0x2A, 0x09, 0x69, 0x2D, 0x9F, 0x9C, 0x94, 0x3E, 0xF2, 0x5A,
    0x4A, 0xD6, 0xA0, 0x0D, 0x4A, 0x46, 0x9D, 0x5D, 0xC5, 0xB8, 0x07, 0x9F, 0x07, 0x76, 0x26, 0x2F,
    0xCA, 0x49, 0xE3, 0xFD, 0x9B, 0xE3, 0x97, 0x27, 0x98, 0x38, 0x17, 0xAE, 0xCE, 0xD3, 0x5C, 0x22,
    0xD1, 0x65, 0xAA, 0xAF, 0x1C, 0xF3, 0x07, 0xB4, 0x2B, 0x1D, 0xBC, 0x84, 0x0E, 0xDA, 0x70, 0x12,
    0x66, 0x33, 0xFF, 0xB2, 0x1E, 0x77, 0x2B, 0x09, 0x8D, 0x67, 0x36, 0x67, 0x67, 0x30, 0xEF, 0x0C,
    0x5E, 0xF9, 0xAD, 0x39, 0x38, 0xE8, 0x83, 0x1C, 0x6E, 0xDF, 0x9F, 0x1F, 0xD5, 0x55, 0x59, 0xAA,
    0xC4, 0x30, 0x0C, 0x33, 0xF8, 0x00, 0x39, 0x52, 0xAE, 0x6E, 0x98, 0x03, 0xCC, 0x55, 0x02, 0xFD,
    0x0D, 0xE8, 0x79, 0x49, 0x1A, 0xB7, 0xFD, 0x98, 0xC2, 0xA3, 0x30, 0x13, 0x90, 0x28, 0x59, 0x6C,
    0x4B, 0x75, 0x5A, 0xA2, 0xD2, 0x48, 0x47, 0x70, 0x0D, 0x16, 0x9B, 0x90, 0xBE, 0x18, 0xC6, 0xEC,
    0x4C, 0xF0, 0x3D, 0x3E, 0xD8, 0x9F, 0x27, 0xAF, 0x9D, 0x93, 0x61, 0xC1, 0xB6, 0xC4, 0x0D, 0x1A,
    0x1A, 0x92, 0x59, 0x53, 0x32, 0xC8, 0x19, 0x1A, 0x48, 0x0F, 0xE9, 0xE1, 0xC5, 0xBA, 0xD4, 0xF7,
    0x0D, 0xC1, 0x62, 0xF9, 0xF4, 0x30, 0x6B, 0x12, 0x43, 0xE9, 0x5E, 0x3E, 0xB7, 0x1A, 0xB0, 0xB4,
    0x86, 0xDA, 0x47, 0x91, 0xB0, 0x48, 0x52, 0x35, 0xBC, 0xA5, 0xD0, 0xA7, 0x0E, 0x29, 0x16, 0xBE,
    0xEB, 0x5A, 0xD7, 0xF9, 0x0E, 0x94, 0x1E, 0xF3, 0x8A, 0x31, 0x2A, 0x36, 0x14, 0x4D, 0xE6, 0x39,
    0x68, 0x30, 0x61, 0xF1, 0xF7, 0x3B, 0x84, 0x51, 0xAA, 0xBD, 0x50, 0xC5, 0x63, 0x0E, 0x59, 0x2E,
    0x3A, 0x72, 0x31, 0xE6, 0xFA, 0xED, 0x0E, 0x59, 0xC3, 0x4F, 0xB0, 0xE2, 0x8D, 0x87, 0x7A, 0x08,
    0xF5, 0xAC, 0x8C, 0x7E, 0xA4, 0x87, 0xDE, 0x62, 0xEA, 0x1D, 0x42, 0xCF, 0xF5, 0xD0, 0x1D, 0x27,
    0x28, 0x79, 0x90, 0x39, 0x3C, 0xC8, 0x1C, 0x1E, 0x0C, 0x27, 0xDA, 0xEE, 0xC1, 0x74, 0xC2, 0x74,
    0x67, 0x0E, 0x0F, 0x8A, 0x7B, 0x50, 0x96, 0x13, 0xEB, 0x88, 0x77, 0xB5, 0x7F, 0x17, 0x2F, 0xFC,
    0x98, 0x23, 0xE3, 0xD6, 0x4E, 0xC0, 0xF7, 0x27, 0x48, 0x54, 0xB5, 0x63, 0xE6, 0xD9, 0xF3, 0x9D,
    0xD6, 0x63, 0xCF, 0x21, 0xC6, 0x39, 0x07, 0xA5, 0x9A, 0xBD, 0xBE, 0x66, 0xF5, 0x31, 0x0E, 0xC3,
    0x63, 0xB1, 0xAF, 0xD5, 0xD0, 0xD1, 0xEC, 0x8C, 0x6B, 0xB7, 0xDF, 0x48, 0x06, 0x06, 0xE6, 0xFD,
    0xF2, 0xCF, 0x02, 0x7D, 0xD6, 0x72, 0x47, 0xCF, 0x45, 0x4B, 0x0B, 0xEF, 0xEB, 0xF8, 0x2F, 0xF0,
    0x68, 0x9C, 0xDB, 0x9A, 0xAC, 0xD4, 0xAB, 0x26, 0x46, 0x91, 0xF1, 0x2E, 0xA9, 0xBC, 0xFA, 0xEA,
    0xC5, 0x27, 0x34, 0xC4, 0x6D, 0x0B, 0x6C, 0x48, 0x8D, 0xFF, 0x3F, 0x0D, 0x7F, 0xBD, 0x95, 0x61,
    0x8A, 0xC4, 0x30, 0x08, 0x85, 0x85, 0x1C, 0x20, 0x87, 0x99, 0x03, 0xE4, 0xEA, 0x81, 0xBD, 0x90,
    0x30, 0x7F, 0x05, 0xD7, 0xF7, 0xB4, 0xDD, 0x4D, 0x77, 0x96, 0xE9, 0x30, 0x43, 0x1B, 0x14, 0x9A,
    0x18, 0xF5, 0x33, 0xA9, 0x15, 0x69, 0x2E, 0xD2, 0x8C, 0x32, 0x5C, 0xC5, 0x2D, 0x66, 0x5C, 0xBA,
    0xC6, 0x74, 0x3C, 0xEE, 0x6E, 0x8B, 0xCC, 0x98, 0x3B, 0x8A, 0xBB, 0x2E, 0xF2, 0x77, 0x7D, 0xF1,
    0x21, 0x39, 0x2D, 0x88, 0x80, 0xC8, 0x03, 0x53, 0x39, 0xCD, 0x5C, 0xC6, 0x14, 0xA9, 0xE0, 0x22,
    0xDD, 0xC3, 0x76, 0x84, 0x57, 0x28, 0x13, 0xD7, 0x1E, 0x6A, 0x46, 0xD2, 0xE1, 0x69, 0x51, 0x73,
    0x77, 0x0B, 0x13, 0x1A, 0x73, 0x1B, 0x1D, 0xD0, 0x55, 0x38, 0xD3, 0x14, 0xB0, 0xDE, 0xED, 0x1A,
    0xD6, 0x6E, 0x3F, 0xF5, 0x35, 0x27, 0x67, 0xC4, 0xDC, 0x29, 0x11, 0x3F, 0x32, 0x44, 0xAA, 0xC8,
    0x19, 0xC9, 0x03, 0x6F, 0x79, 0x36, 0xDF, 0xB1, 0x06, 0x1B, 0xD8, 0x92, 0x8A, 0x50, 0x43, 0x53,
    0x6E, 0xE0, 0x8A, 0x2A, 0xDD, 0x2F, 0x3A, 0x43, 0xD6, 0xB2, 0xF8, 0xA4, 0xEE, 0x8E, 0x7F, 0x96,
    0xCD, 0x07, 0x39, 0xC8, 0xF2, 0x65, 0x79, 0x27, 0x80, 0x7A, 0x05, 0x9F, 0x77, 0xE4, 0x30, 0x19,
    0xBF, 0xE2, 0xC4, 0xF9, 0xC9, 0xE7, 0x19, 0x8B, 0xC7, 0x5E, 0xE0, 0x79, 0xC6, 0xF2, 0x88, 0x07,
    0xE9, 0x2E, 0xF2, 0x0E, 0x4B, 0xB3, 0x87, 0x2C, 0xDB, 0xE7, 0x55, 0x12, 0x99, 0xE9, 0xD0, 0xA6,
    0x1D, 0xE1, 0xF4, 0xEC, 0xF0, 0x89, 0x7D, 0xFD, 0xD4, 0xAE, 0xB0, 0x3D, 0x3B, 0xA4, 0x46, 0xBD,
    0x8B, 0x9C, 0xDD, 0x51, 0xED, 0x29, 0xEF, 0xA1, 0xCF, 0x8E, 0x8A, 0x0F, 0x7C, 0xCB, 0x71, 0x13,
    0xA3, 0x3E, 0xD5, 0x60, 0xDA, 0x33, 0x05, 0x3B, 0xEE, 0xE0, 0x5E, 0x7A, 0xA1, 0xA2, 0xE7, 0x8C,
    0xC1, 0x86, 0x78, 0x50, 0x19, 0x16, 0x51, 0xB7, 0x23, 0xC9, 0x4B, 0xF9, 0x48, 0x62, 0x0D, 0x36,
    0x61, 0x61, 0xCD, 0xEB, 0x73, 0x3C, 0x1C, 0x09, 0xBB, 0x7D, 0xA8, 0xBD, 0x59, 0xA2, 0xCA, 0x32,
    0xAA, 0xDF, 0x5E, 0x87, 0xCA, 0xA6, 0x65, 0x29, 0x6C, 0x8E, 0xBA, 0x77, 0xFC, 0xB7, 0x70, 0xAB,
    0x1D, 0x81, 0x14, 0xAA, 0x32, 0x02, 0x3B, 0xD4, 0xD8, 0x9A, 0xC8, 0x85, 0x67, 0xFA, 0xC2, 0xAF,
    0x8E, 0x6E, 0xFB, 0xEF, 0x5F, 0x9D, 0xD7, 0xAF, 0xEE, 0x5F, 0x05, 0x13, 0x1A, 0xA3, 0x0A, 0x99,
    0x12, 0x5D, 0x7D, 0x03, 0xC5, 0x55, 0x41, 0x8A, 0xC3, 0x30, 0x0C, 0x1C, 0xD0, 0x03, 0xFC, 0xA1,
    0x82, 0xBE, 0x6E, 0xE8, 0x03, 0xFA, 0x15, 0xC3, 0x5E, 0x05, 0xDA, 0x19, 0x29, 0x5D, 0xBA, 0x50,
    0xF6, 0xB0, 0xB8, 0x49, 0x82, 0x86, 0x24, 0x96, 0xA5, 0x19, 0xCB, 0x72, 0x00, 0xE4, 0x04, 0xE0,
    0x82, 0xB1, 0x60, 0xF9, 0x10, 0x2C, 0xBE, 0x08, 0xFC, 0x1E, 0xE8, 0xCB, 0x93, 0x4F, 0x99, 0xC9,
    0xC1, 0xCC, 0x39, 0x08, 0xCB, 0x03, 0x1E, 0xBE, 0x30, 0x82, 0xAE, 0xFC, 0x32, 0x35, 0xF6, 0x37,
    0xC8, 0xAF, 0x66, 0xD4, 0xDC, 0x8A, 0x52, 0x50, 0x91, 0x3B, 0x07, 0x07, 0x01, 0x6B, 0xF3, 0x48,
    0x74, 0x5E, 0xBE, 0x15, 0xC5, 0x7E, 0x6E, 0x06, 0xCB, 0x33, 0xA3, 0x02, 0x4C, 0x7B, 0x6F, 0x1C,
    0x93, 0x0F, 0x3D, 0xC2, 0x3A, 0x4B, 0x45, 0x98, 0x4F, 0x78, 0x94, 0xEA, 0x1F, 0x7A, 0x97, 0xAA,
    0x5E, 0xAD, 0x5C, 0x06, 0xBA, 0x1D, 0x6C, 0x77, 0x2A, 0x1F, 0xA1, 0xF8, 0xCA, 0x56, 0x29, 0x5D,
    0x29, 0xEB, 0x32, 0x2D, 0xC6, 0xA5, 0xF2, 0x93, 0x45, 0x68, 0xE2, 0xB0, 0x95, 0x47, 0xF2, 0x2E,
    0xFC, 0xD6, 0x25, 0x78, 0x55, 0x1A, 0xD7, 0x14, 0xBA, 0xB7, 0xE0, 0x2F, 0xF8, 0x84, 0xD2, 0xDA,
    0x4F, 0x2F, 0x06, 0xFF, 0x8A, 0x27, 0x4C, 0xE5, 0x83, 0xC8, 0xA8, 0xC7, 0x38, 0x4B, 0xFC, 0xD6,
    0xA7, 0x95, 0xAB, 0xB8, 0x8C, 0x48, 0x36, 0x0E, 0xA7, 0x89, 0x03, 0x47, 0xAD, 0x99, 0xFF, 0x77,
    0x4B, 0x53, 0x81, 0x15, 0x94, 0xA0, 0xD3, 0x55, 0x31, 0x2D, 0xEF, 0x99, 0x5C, 0xD4, 0x7D, 0xAA,
    0x2C, 0xAB, 0x29, 0xB5, 0x39, 0x0B, 0x86, 0x0A, 0xE6, 0xA7, 0x17, 0xCC, 0x75, 0x16, 0xB0, 0x1B,
    0x65, 0x46, 0x69, 0x63, 0x5B, 0xD1, 0x6E, 0xEA, 0xBF, 0x3C, 0xA4, 0xF0, 0x1C, 0xAA, 0x2E, 0x3C,
    0xBD, 0x72, 0x43, 0x04, 0x53, 0x9F, 0xC7, 0x3D, 0x24, 0x6D, 0x8F, 0xBC, 0xFE, 0x7B, 0x35, 0xE0,
    0x0A, 0x65, 0xEF, 0xCE, 0x98, 0x6F, 0xC5, 0x55, 0x41, 0x8E, 0xC3, 0x30, 0x08, 0x44, 0xF2, 0x03,
    0x78, 0x12, 0x5F, 0xB7, 0x94, 0x07, 0xEC, 0x57, 0x90, 0xF6, 0x8A, 0xC4, 0xCE, 0x60, 0xC7, 0xD9,
    0x56, 0x39, 0x54, 0xDB, 0x6C, 0x1A, 0x75, 0x26, 0xA9, 0x43, 0xC0, 0x03, 0x84, 0x88, 0x48, 0xCA,
    0x80, 0x4D, 0xA4, 0x64, 0x66, 0xCB, 0x0C, 0xCD, 0x74, 0xC3, 0x39, 0x1D, 0x57, 0xBD, 0x9D, 0x03,
    0xF7, 0x6C, 0xD8, 0x06, 0xFF, 0xE1, 0x59, 0x11, 0xF5, 0x07, 0x64, 0xC7, 0xEF, 0x4A, 0xF2, 0x96,
    0x1D, 0x41, 0x53, 0x18, 0x55, 0x2A, 0x2C, 0xE2, 0x76, 0x91, 0x16, 0xF2, 0x4C, 0xB0, 0xF4, 0xD7,
    0x91, 0x0E, 0xB7, 0x05, 0x1B, 0xD2, 0x5C, 0x0C, 0x7E, 0x1F, 0xE0, 0xCC, 0x13, 0xDD, 0x2B, 0x49,
    0x2A, 0x10, 0xD7, 0x78, 0xDC, 0x27, 0x75, 0x81, 0x39, 0x9E, 0x5B, 0x93, 0x0B, 0xE4, 0xB6, 0x6C,
    0x31, 0x08, 0xF2, 0x82, 0xE5, 0x1B, 0x99, 0xE4, 0x76, 0x8A, 0xFC, 0xBF, 0x95, 0x69, 0x24, 0x92,
    0x0C, 0x74, 0xA3, 0x1C, 0xA9, 0x65, 0x23, 0xE2, 0xCF, 0xAA, 0xD0, 0xAA, 0x01, 0x87, 0x24, 0xFF,
    0x88, 0x2A, 0x24, 0x13, 0xEF, 0x14, 0xDF, 0x2D, 0xB9, 0x4E, 0xD5, 0x6C, 0xC5, 0xAA, 0x15, 0x7B,
    0x9D, 0x05, 0x6B, 0xF7, 0x17, 0x6C, 0x20, 0x0B, 0x0A, 0x69, 0x76, 0x55, 0xD1, 0xBE, 0x3A, 0xC3,
    0x6C, 0x31, 0x08, 0x2D, 0x71, 0xBC, 0x70, 0xF7, 0xC9, 0x6B, 0x61, 0x5C, 0xC2, 0x94, 0x8B, 0x34,
    0x8D, 0x35, 0x25, 0xDF, 0x96, 0xF7, 0x7B, 0x52, 0x7D, 0x44, 0xD9, 0xD9, 0xB8, 0x94, 0x93, 0xEF,
    0xC1, 0xFB, 0x7D, 0xFA, 0x34, 0x42, 0xF5, 0x08, 0x99, 0x7B, 0x44, 0x1E, 0x30, 0x85, 0x3D, 0xBB,
    0x19, 0x16, 0x86, 0x6F, 0x8A, 0xD4, 0xDE, 0x49, 0x1B, 0xA5, 0x7C, 0xC3, 0xD0, 0xB2, 0x08, 0x0F,
    0xEB, 0x20, 0xA7, 0x97, 0xA2, 0x3E, 0x06, 0xF0, 0x2B, 0x54, 0x17, 0x55, 0x03, 0xF5, 0x35, 0xC9,
    0xEB, 0x5E, 0xE3, 0xF0, 0x39, 0x48, 0xE7, 0x6E, 0x26, 0xD5, 0x80, 0xDC, 0x69, 0x76, 0xFF, 0x22,
    0xAB, 0xAC, 0x2D, 0xA2, 0xD3, 0x96, 0xB1, 0xB6, 0xB7, 0xEF, 0xF1, 0x5C, 0xA5, 0x2C, 0x95, 0xDB,
    0x65, 0x2A, 0xE5, 0xC8, 0xEE, 0x4E, 0x3F, 0xBD, 0xD1, 0x41, 0x0A, 0xC4, 0x30, 0x08, 0x05, 0x50,
    0xC1, 0x03, 0x78, 0x24, 0xAF, 0x1E, 0xE8, 0x85, 0x84, 0xD9, 0x0A, 0x7F, 0xBE, 0x26, 0x4D, 0x3A,
    0xAB, 0xD9, 0x35, 0x90, 0xB7, 0x89, 0xD5, 0x9F, 0xD4, 0x43, 0x30, 0xBC, 0x49, 0xC5, 0x30, 0x22,
    0x8D, 0xC2, 0x9A, 0x9C, 0x08, 0x10, 0x4F, 0x1C, 0x63, 0x61, 0x13, 0x11, 0x16, 0xD6, 0x46, 0x7D,
    0x96, 0x9B, 0xC0, 0x3C, 0x20, 0xAC, 0x93, 0xC6, 0x1B, 0x99, 0x8B, 0xC3, 0x0D, 0x9E, 0x9C, 0xCA,
    0x31, 0x9E, 0xEC, 0x84, 0x60, 0x6D, 0x71, 0xB1, 0x1A, 0x1F, 0xD4, 0xA0, 0x26, 0x6B, 0x50, 0x13,
    0xD5, 0x2F, 0x7E, 0x9A, 0xFE, 0xA7, 0xAE, 0xF1, 0x40, 0x0A, 0xCD, 0x15, 0x03, 0x83, 0x29, 0x3D,
    0x0E, 0xB6, 0x22, 0x2D, 0x18, 0x53, 0x71, 0xC3, 0x37, 0x18, 0x4F, 0xBC, 0x2E, 0x78, 0xA8, 0xF6,
    0x8A, 0xDC, 0x19, 0x77, 0x50, 0xCB, 0x5C, 0xF7, 0x98, 0x58, 0xC8, 0x59, 0xEF, 0x3D, 0x84, 0x5F,
    0xEB, 0x37, 0x6A, 0xA5, 0xD7, 0xE8, 0x03, 0x79, 0xF1, 0x21, 0xBE, 0x95, 0x51, 0x5B, 0x0A, 0xC4,
    0x20, 0x0C, 0x0C, 0x78, 0x00, 0x8F, 0x94, 0xAB, 0x0B, 0x7B, 0x80, 0x5E, 0x25, 0xD0, 0xDF, 0xC0,
    0xEC, 0x8C, 0x5A, 0x58, 0xDD, 0xB2, 0x74, 0x6B, 0x2C, 0xA3, 0x33, 0x89, 0x79, 0x00, 0x48, 0xAC,
    0xFB, 0xF6, 0x73, 0xD3, 0x4A, 0x2E, 0xB4, 0x75, 0x79, 0xDB, 0x19, 0x9D, 0xC1, 0x33, 0x6F, 0x65,
    0x25, 0x92, 0x56, 0x03, 0x47, 0xDE, 0x9A, 0x37, 0x6A, 0x2E, 0x59, 0x69, 0x0B, 0x25, 0xF7, 0x44,
    0xA7, 0x18, 0xDE, 0xF6, 0xCD, 0xC4, 0xDA, 0xE7, 0xBE, 0xD3, 0xFC, 0xBB, 0x7F, 0xC5, 0x7C, 0xF2,
    0x5E, 0x65, 0x23, 0xC4, 0x2E, 0xA6, 0xCB, 0x17, 0x6A, 0x6E, 0xBF, 0x0A, 0x63, 0x9F, 0xF8, 0x39,
    0x5A, 0xE9, 0x00, 0x88, 0x1A, 0x1D, 0xD4, 0xA8, 0x4D, 0x80, 0xA5, 0xFB, 0x05, 0x60, 0x93, 0xCA,
    0x09, 0xCE, 0x01, 0x1C, 0x47, 0x77, 0xB2, 0x8A, 0xE1, 0xA4, 0xBB, 0x0B, 0x80, 0xAF, 0xB8, 0x74,
    0x70, 0xE5, 0x62, 0xC6, 0x8E, 0xE2, 0x54, 0xF6, 0x0C, 0xC8, 0x08, 0x14, 0x32, 0x60, 0x39, 0xF5,
    0x1E, 0x67, 0x31, 0x81, 0x4D, 0x0A, 0x13, 0x30, 0xBD, 0xE1, 0xCE, 0x49, 0x8C, 0x80, 0xCE, 0xBC,
    0x7C, 0x8C, 0x9C, 0x2A, 0x47, 0x3A, 0x07, 0x76, 0x70, 0xCC, 0xC1, 0x22, 0xE0, 0xB2, 0xC2, 0xCA,
    0xA1, 0x8E, 0x50, 0x8E, 0x3E, 0x41, 0x59, 0xE8, 0xC8, 0x4B, 0x52, 0x14, 0x6C, 0xC7, 0x21, 0xDA,
    0x1C, 0xAF, 0x72, 0xBC, 0xF7, 0xC1, 0x54, 0x82, 0x7E, 0x22, 0x7A, 0xBD, 0x0F, 0x49, 0xAC, 0x64,
    0x7C, 0x91, 0xF6, 0x06, 0x8D, 0x50, 0x5B, 0x0A, 0xC4, 0x40, 0x08, 0x0B, 0x78, 0x00, 0x8F, 0xE4,
    0xD5, 0x07, 0xF6, 0x00, 0xBD, 0x8A, 0xD0, 0xDF, 0x01, 0xD7, 0x68, 0x1F, 0xF3, 0x51, 0x76, 0x5B,
    0x43, 0x69, 0x9D, 0x64, 0xA2, 0xD1, 0x80, 0xC5, 0x88, 0xF0, 0x30, 0x9F, 0x89, 0xFC, 0xD8, 0x3D,
    0x3E, 0x1E, 0x9B, 0x67, 0x33, 0x8F, 0x34, 0x80, 0x82, 0x04, 0xB4, 0x60, 0x81, 0x30, 0x50, 0x52,
    0x80, 0x21, 0x61, 0x24, 0x93, 0x6F, 0x83, 0x17, 0x1E, 0xBF, 0x52, 0x38, 0xEF, 0xD1, 0xEA, 0x53,
    0x25, 0xE9, 0x38, 0x5A, 0x3E, 0x85, 0xB8, 0xBC, 0xA2, 0x1E, 0x4C, 0xC9, 0xA6, 0xB8, 0xB2, 0x06,
    0x8B, 0xA6, 0x94, 0x8C, 0xA9, 0x7C, 0x5B, 0x8F, 0xAD, 0x87, 0xB6, 0xE5, 0x36, 0x93, 0x83, 0xE6,
    0x90, 0x66, 0xCD, 0x1C, 0xBA, 0xB5, 0x1D, 0x92, 0xA0, 0xEB, 0xBE, 0xE9, 0xBE, 0xD7, 0xBE, 0xCB,
    0xB2, 0x34, 0x8D, 0x2A, 0x59, 0x4A, 0x97, 0x95, 0xA0, 0x8E, 0xA2, 0x9A, 0x5F, 0x6B, 0xFB, 0x3D,
    0x9F, 0x0D, 0xA9, 0xB0, 0x70, 0xCE, 0xDA, 0xE3, 0x76, 0x82, 0x72, 0x26, 0x68, 0x3F, 0x12, 0xFC,
    0x1B, 0xDF, 0x8B, 0xEC, 0x1E, 0x92, 0x7B, 0x13, 0xDB, 0x63, 0x66, 0x5F, 0xA5, 0x91, 0xD1, 0x0D,
    0xC4, 0x20, 0x0C, 0x43, 0x23, 0x65, 0x80, 0x8E, 0xC4, 0xEA, 0x19, 0x29, 0x03, 0x20, 0xF9, 0xEC,
    0x84, 0xF6, 0x28, 0xD2, 0x7D, 0x5D, 0x3F, 0x9E, 0x80, 0x3A, 0x4E, 0x30, 0x00, 0x72, 0x04, 0x80,
    0x79, 0xD0, 0x5C, 0xBC, 0xE2, 0x7F, 0x5A, 0x13, 0x24, 0xBD, 0x77, 0x9A, 0x39, 0xA6, 0x19, 0x97,
    0x14, 0x71, 0x10, 0x53, 0x6F, 0x47, 0x0C, 0x82, 0xA7, 0x97, 0x20, 0xB1, 0xDD, 0xA0, 0x96, 0xFA,
    0x5E, 0x2D, 0xCC, 0x0B, 0x25, 0x16, 0xBA, 0x56, 0x7F, 0x52, 0x7E, 0xA1, 0x72, 0xC9, 0xA7, 0x16,
    0x59, 0x66, 0x85, 0x68, 0x50, 0x99, 0x78, 0x3E, 0x6E, 0xC7, 0x7B, 0x8B, 0xDC, 0xC4, 0xAB, 0x36,
    0x7B, 0x82, 0x9F, 0x60, 0xDF, 0xAC, 0xB1, 0x78, 0xB5, 0xBB, 0x9B, 0x46, 0xAA, 0x6E, 0xA1, 0x61,
    0x14, 0x70, 0xF7, 0x6D, 0xA8, 0xC8, 0x8E, 0xB3, 0x21, 0xAB, 0xC1, 0x3C, 0x2A, 0x8A, 0x6D, 0x02,
    0x97, 0x33, 0x7B, 0xC4, 0x59, 0xB1, 0x9C, 0xB0, 0x06, 0x79, 0xFF, 0x65, 0xDF, 0x8E, 0x65, 0x65,
    0xB3, 0xE2, 0x9C, 0xB7, 0x5E, 0x21, 0x79, 0x4F, 0x27, 0x93, 0xB1, 0x1D, 0x66, 0xDF, 0x43, 0x48,
    0xEF, 0xE7, 0x29, 0xD8, 0x37, 0x76, 0xC7, 0x6B, 0xFB, 0x48, 0x56, 0x45, 0x38, 0xCA, 0xE5, 0x78,
    0xB7, 0x7A, 0x7C, 0xDB, 0xF1, 0x01, 0x95, 0x54, 0x5B, 0x6A, 0x03, 0x31, 0x0C, 0x14, 0xF8, 0xB7,
    0xE0, 0xAB, 0xE4, 0x00, 0x01, 0x5D, 0xDD, 0xD0, 0x03, 0xE4, 0x2A, 0x86, 0xFC, 0x0A, 0x54, 0xCD,
    0xC8, 0xF2, 0x6E, 0xDA, 0xA4, 0x69, 0xF7, 0x63, 0x48, 0x6C, 0xBD, 0x66, 0x46, 0xBB, 0x22, 0x3A,
    0x25, 0x1E, 0x07, 0x36, 0x1F, 0x81, 0xDD, 0x71, 0xA0, 0xF6, 0xE3, 0x38, 0x9E, 0xA1, 0x44, 0x3F,
    0x61, 0x9E, 0x64, 0x52, 0x46, 0x66, 0xD6, 0xAA, 0xF0, 0xE4, 0x82, 0x35, 0xAD, 0xEE, 0x14, 0x57,
    0x1E, 0x37, 0xCD, 0xDD, 0xD8, 0x45, 0x94, 0xD5, 0xEF, 0x71, 0xE8, 0x9F, 0xAE, 0xE6, 0xCD, 0xBB,
    0x59, 0xF3, 0x66, 0xB3, 0xB9, 0xD8, 0x08, 0xB8, 0x46, 0x34, 0xCB, 0xFE, 0x06, 0x42, 0x90, 0x6C,
    0x9D, 0x34, 0xBB, 0xC9, 0xBE, 0x3D, 0x2E, 0xC0, 0xC0, 0x88, 0x2E, 0xFE, 0x9D, 0xE0, 0x0B, 0x31,
    0x9E, 0x1E, 0xBF, 0x1F, 0x0A, 0xC3, 0x0B, 0x68, 0x5C, 0x0D, 0x5C, 0x1C, 0xAC, 0x82, 0x64, 0xB7,
    0xA0, 0xAB, 0x53, 0x53, 0xCA, 0x68, 0x4A, 0x31, 0x28, 0x4B, 0x0A, 0xC4, 0x86, 0x14, 0x4D, 0x52,
    0xDC, 0xB9, 0x38, 0xCC, 0xD5, 0x78, 0x90, 0x60, 0x84, 0x91, 0x62, 0x4C, 0xC6, 0x96, 0xC8, 0x8F,
    0x00, 0x4E, 0x17, 0x01, 0xF4, 0x30, 0x0A, 0xD3, 0xB3, 0x22, 0x5B, 0x44, 0xCB, 0xCB, 0x38, 0x67,
    0xB7, 0x6E, 0x3B, 0xAF, 0xEA, 0xEC, 0xBA, 0xD5, 0xA7, 0xFA, 0xD6, 0x1C, 0x7F, 0xF7, 0x56, 0x67,
    0xD2, 0x86, 0x00, 0x94, 0x82, 0xA2, 0x8C, 0x9F, 0x6A, 0x5D, 0x69, 0x3A, 0xED, 0xE7, 0x22, 0x60,
    0x25, 0xA6, 0xDE, 0xFF, 0x2A, 0x14, 0x66, 0x8B, 0x58, 0x00, 0x8D, 0x4E, 0x9F, 0x05, 0x49, 0x42,
    0x73, 0xBD, 0x66, 0x94, 0xAC, 0xA4, 0x71, 0xE8, 0x1D, 0x19, 0x0D, 0x19, 0x88, 0xC4, 0xD4, 0x42,
    0x55, 0x14, 0xA5, 0x3F, 0x1E, 0x4A, 0x93, 0xD6, 0xD0, 0x92, 0x71, 0x6C, 0xD6, 0x90, 0x3D, 0xA0,
    0x03, 0xD4, 0x35, 0x0A, 0x9A, 0x06, 0xA1, 0xA9, 0x31, 0xF8, 0xD0, 0xC8, 0x10, 0x1D, 0xF0, 0x02,
    0xE2, 0x6A, 0xFC, 0x8E, 0xA5, 0xEE, 0x22, 0x17, 0x39, 0x9E, 0x36, 0xA2, 0x57, 0x0F, 0xDB, 0xA0,
    0x7B, 0x47, 0x46, 0x9F, 0x91, 0xDB, 0x43, 0x91, 0x19, 0xC7, 0x6E, 0x01, 0xEA, 0x08, 0xF0, 0x1B,
    0x35, 0x9E, 0x5B, 0x89, 0x89, 0xA9, 0xB8, 0x4F, 0xF9, 0xAB, 0x91, 0x3F, 0x5F, 0x01, 0x4C, 0x4F,
    0x1E, 0x64, 0xB4, 0xB8, 0x81, 0x25, 0xF9, 0x92, 0x39, 0x35, 0xD8, 0xBA, 0x2E, 0x85, 0x92, 0xAE,
    0x6F, 0x30, 0xD9, 0x35, 0xB3, 0x6E, 0x6C, 0x04, 0x84, 0xE8, 0xA5, 0x86, 0x7E, 0x06, 0xF4, 0xD4,
    0xE0, 0xBE, 0x96, 0x10, 0xAE, 0x2A, 0xD2, 0xB4, 0xF6, 0x30, 0xF5, 0xC3, 0xB2, 0x2C, 0x08, 0x69,
    0x06, 0x0A, 0xC1, 0xFC, 0xD0, 0xCA, 0x5A, 0xD6, 0x93, 0xDA, 0x5C, 0xD0, 0xB5, 0xFD, 0x8A, 0x57,
    0x66, 0xAB, 0x52, 0x72, 0x04, 0x1F, 0x1F, 0x01, 0x50, 0x04, 0x0C, 0xF0, 0x0D, 0x96, 0xB3, 0x9F,
    0x9B, 0x33, 0x37, 0xAB, 0xE6, 0x77, 0x82, 0x55, 0xBD, 0x98, 0x7D, 0x00, 0xEC, 0x58, 0xEC, 0x07,
    0xBB, 0xF3, 0x95, 0x8D, 0x6A, 0xA3, 0x59, 0x9A, 0xA8, 0x70, 0x4D, 0xCF, 0x8C, 0x7E, 0x81, 0x3E,
    0xCE, 0x4D, 0xF8, 0xAF, 0x3F, 0xEC, 0x69, 0x35, 0x12, 0xBE, 0x71, 0xCE, 0x5B, 0x78, 0xE8, 0xC8,
    0x38, 0x13, 0x7C, 0x01, 0xF6, 0x3E, 0xE4, 0x0C, 0x2C, 0xDA, 0xC7, 0x6A, 0xF4, 0x64, 0x8C, 0xF5,
    0x0D, 0xED, 0x33, 0x57, 0x89, 0x83, 0x97, 0x97, 0x67, 0x58, 0x6A, 0xFD, 0x07, 0xDA, 0xB1, 0x6D,
    0x9A, 0x50, 0xDD, 0x1A, 0xD7, 0x6C, 0x6C, 0x89, 0xDE, 0x0A, 0x4B, 0x03, 0xB6, 0x29, 0x2F, 0x2C,
    0xAB, 0xEF, 0xC4, 0xB5, 0xF4, 0xB7, 0x14, 0x2C, 0x9A, 0x19, 0x6E, 0x0C, 0x31, 0x86, 0x8D, 0x33,
    0xDF, 0x10, 0x7F, 0x47, 0xDE, 0x0A, 0xE1, 0xB2, 0xD2, 0xA4, 0x61, 0xB4, 0x36, 0x00, 0x13, 0x60,
    0x1D, 0xDD, 0x6E, 0xA3, 0xA4, 0xE3, 0xAF, 0x75, 0xB1, 0x42, 0x96, 0xDF, 0xE3, 0x0B, 0x7D, 0x8C,
    0xC1, 0x09, 0x00, 0x30, 0x08, 0x03, 0x05, 0x07, 0xE8, 0x48, 0xAE, 0xEE, 0x48, 0x0E, 0x20, 0xA4,
    0x31, 0xA5, 0xCF, 0x56, 0xC4, 0x83, 0x5C, 0xD0, 0xEC, 0x4E, 0xE9, 0x7A, 0x0B, 0x0B, 0x02, 0x90,
    0x93, 0x01, 0xA5, 0x6C, 0x8D, 0x8C, 0xF6, 0x91, 0x8C, 0xB8, 0xCE, 0x42, 0x34, 0x55, 0xB1, 0x64,
    0x01, 0x3A, 0x24, 0x0E, 0xF8, 0x4B, 0xDF, 0xBE, 0x60, 0xF7, 0x81, 0x0D, 0xBD, 0x53, 0xD1, 0x6D,
    0x05, 0x31, 0x08, 0x43, 0x62, 0x00, 0x46, 0x62, 0x75, 0xA4, 0x2E, 0x94, 0x01, 0x90, 0xA8, 0x0D,
    0xC9, 0x35, 0x7D, 0xEF, 0xF5, 0xB7, 0x77, 0xB2, 0x4F, 0x47, 0x88, 0xB1, 0x20, 0x31, 0x11, 0xB1,
    0x04, 0x2A, 0xC4, 0x2B, 0xF1, 0x2D, 0xFE, 0x20, 0x8A, 0x80, 0x78, 0x68, 0xD5, 0x42, 0x6C, 0x39,
    0x50, 0x44, 0xF8, 0x86, 0x6D, 0xEC, 0xFF, 0xD5, 0x39, 0xC1, 0xFD, 0x0A, 0x9D, 0x7E, 0x28, 0x3C,
    0x62, 0x4D, 0xDE, 0x92, 0xA4, 0x6A, 0xB2, 0x35, 0xA4, 0x85, 0x44, 0x4D, 0x45, 0xF5, 0xD4, 0x12,
    0x44, 0x36, 0x39, 0x28, 0x1C, 0xC6, 0x82, 0xEE, 0x16, 0x9D, 0xD1, 0x44, 0x7D, 0xA2, 0xD7, 0x47,
    0xF1, 0xC6, 0xFF, 0x10, 0x9C, 0xA2, 0x60, 0xDE, 0x80, 0x73, 0xF1, 0x9C, 0x0E, 0x20, 0x01, 0x88,
    0xDD, 0xD1, 0x35, 0x5F, 0x80, 0x71, 0xDB, 0x39, 0x1D, 0x7E, 0xD1, 0xA8, 0xD3, 0xF2, 0x0D, 0xAA,
    0x70, 0xEB, 0xCD, 0x36, 0x9C, 0x4F, 0xB7, 0x7F, 0x31, 0x55, 0x6F, 0xE6, 0xA0, 0x38, 0x54, 0x6F,
    0x23, 0xC3, 0xF5, 0xB0, 0x0D, 0x67, 0xCF, 0x6B, 0x98, 0x87, 0x81, 0x95, 0x2E, 0x6E, 0xE1, 0x77,
    0x9E, 0x79, 0xA3, 0x00, 0xA6, 0x46, 0xBB, 0x51, 0x33, 0x99, 0x2F, 0xF6, 0x02, 0x31, 0x1E, 0x95,
    0xE1, 0x89, 0xF4, 0xEA, 0x64, 0xCE, 0xAE, 0xF3, 0x74, 0x63, 0x62, 0x9F, 0xC7, 0xE8, 0x26, 0xB6,
    0xE9, 0x1B, 0xF1, 0xF4, 0xF0, 0x6F, 0x9C, 0xBE, 0x0F, 0x68, 0x9E, 0x46, 0x1B, 0x9D, 0x72, 0x5E,
    0xB9, 0x2A, 0xFF, 0xC4, 0x6C, 0x59, 0x78, 0xE2, 0xDC, 0x15, 0x81, 0x18, 0x1C, 0xF2, 0x80, 0xEA,
    0x87, 0x78, 0xD9, 0xEE, 0x80, 0xE6, 0x83, 0xB7, 0xD9, 0x1D, 0xDF, 0xC0, 0xEB, 0xDA, 0xB5, 0x8D,
    0x22, 0x9C, 0xD3, 0x62, 0x13, 0x6D, 0xD6, 0xFB, 0xB2, 0xCC, 0xA5, 0x21, 0x52, 0x78, 0x15, 0x85,
    0xD0, 0x3E, 0x13, 0x3D, 0xDD, 0x5B, 0x8F, 0x32, 0xB5, 0xE6, 0x92, 0x71, 0xBF, 0xD5, 0xE8, 0x75,
    0xF3, 0x0C, 0xF5, 0x26, 0x2F, 0x5A, 0x06, 0xC9, 0x67, 0x7E, 0xB7, 0xC6, 0x37, 0xB5, 0x95, 0xC1,
    0x6A, 0xC3, 0x30, 0x0C, 0x86, 0x05, 0xBE, 0x16, 0xFC, 0x2A, 0x83, 0x5D, 0x0B, 0x7A, 0x75, 0xC1,
    0xAE, 0x83, 0xBE, 0x8A, 0x21, 0x57, 0x81, 0xF6, 0x4B, 0xB2, 0x4B, 0x92, 0x3A, 0xDD, 0xBA, 0xB6,
    0x69, 0xE1, 0x8B, 0x1D, 0x59, 0x91, 0xE4, 0xDF, 0x4A, 0x25, 0x62, 0x21, 0x6B, 0xC4, 0x4A, 0xD5,
    0xA8, 0x18, 0x06, 0xE2, 0x53, 0x95, 0xAA, 0x12, 0x1B, 0x69, 0x95, 0x56, 0xFA, 0x1F, 0xF7, 0x98,
    0xC1, 0xBC, 0xC5, 0xA5, 0x5B, 0xD0, 0xB8, 0x4A, 0x7B, 0x0E, 0x70, 0x26, 0x37, 0x68, 0x2F, 0x71,
    0xED, 0x98, 0x06, 0xBF, 0x41, 0x9B, 0x4E, 0xFE, 0x16, 0xB5, 0x24, 0x5A, 0xCF, 0x21, 0xB0, 0xC4,
    0xB0, 0xB4, 0x18, 0x96, 0x56, 0x7B, 0x2A, 0x1D, 0xFC, 0x6C, 0x2A, 0x9C, 0x01, 0x6E, 0x41, 0xB1,
    0xA5, 0x7E, 0x59, 0x8F, 0x2C, 0x50, 0xB5, 0xE3, 0x83, 0x62, 0x65, 0x0C, 0x47, 0x8D, 0xD5, 0xE3,
    0x64, 0x55, 0x48, 0x00, 0x62, 0x50, 0x24, 0x83, 0x50, 0xB1, 0xCF, 0x0D, 0xB2, 0x80, 0x0C, 0xFC,
    0xB1, 0x52, 0x51, 0xF8, 0xC5, 0xB2, 0x76, 0x22, 0xEA, 0xBB, 0xFD, 0x30, 0x32, 0x06, 0x99, 0x20,
    0xA2, 0x97, 0x3D, 0x72, 0x41, 0x87, 0x6D, 0x91, 0x26, 0x89, 0xD2, 0x47, 0x13, 0xBF, 0x03, 0x59,
    0xA3, 0x2D, 0x0E, 0xDD, 0xF7, 0xFA, 0x5C, 0xD1, 0xAE, 0xC1, 0x73, 0xD6, 0x78, 0x87, 0xCC, 0x70,
    0x8E, 0x77, 0x2F, 0xE0, 0x99, 0x92, 0x79, 0x75, 0x28, 0x4F, 0x51, 0x0E, 0x68, 0xB0, 0x66, 0x95,
    0x56, 0xD0, 0x83, 0xAD, 0x2A, 0x9B, 0xB2, 0x26, 0xE6, 0x96, 0x07, 0xBD, 0xC0, 0x86, 0x04, 0xBD,
    0xFE, 0x05, 0x41, 0xA2, 0x82, 0xB5, 0x85, 0x0A, 0x71, 0x5B, 0xC2, 0x82, 0xA7, 0x21, 0x49, 0x45,
    0xAB, 0xA1, 0xB0, 0x0E, 0xF9, 0x1E, 0xBD, 0x41, 0x33, 0x8A, 0x35, 0xD2, 0x4B, 0xDB, 0x01, 0x42,
    0xD6, 0xB2, 0x42, 0x09, 0x58, 0x31, 0xE0, 0xCB, 0xF0, 0x73, 0x2C, 0xB6, 0x38, 0xCC, 0x71, 0x59,
    0x2E, 0x38, 0xB8, 0xF5, 0x22, 0x26, 0xEE, 0x05, 0xF8, 0x04, 0x90, 0x0B, 0x16, 0x7C, 0xD3, 0xD9,
    0x21, 0x79, 0x9E, 0xC5, 0xDF, 0xB9, 0x85, 0xDC, 0x0A, 0x7D, 0x68, 0x70, 0x14, 0x85, 0x6C, 0xF4,
    0x8C, 0xAC, 0x23, 0x2F, 0xD6, 0x1F, 0x87, 0x01, 0x0E, 0x2C, 0xC7, 0x29, 0x8E, 0x96, 0xEC, 0x2D,
    0x85, 0xBD, 0xAD, 0x30, 0x0A, 0xE6, 0x1D, 0x19, 0xD3, 0xEC, 0xEF, 0xA9, 0xD1, 0x40, 0x50, 0xC1,
    0xD0, 0xC1, 0x79, 0x25, 0xE4, 0x77, 0xF3, 0x8F, 0x2D, 0x56, 0x76, 0x88, 0x96, 0xF7, 0x08, 0xEE,
    0x78, 0xD1, 0xC4, 0x6B, 0xBE, 0x08, 0x35, 0x15, 0x35, 0x87, 0x14, 0xEF, 0x7D, 0x03, 0x33, 0x93,
    0x7F, 0xE7, 0x7E, 0xC7, 0x92, 0x67, 0xDF, 0x87, 0x1F, 0xB5, 0x95, 0x4D, 0x6A, 0x03, 0x31, 0x0C,
    0x85, 0x05, 0xDE, 0x16, 0x74, 0xA1, 0x80, 0xAE, 0x6E, 0xC8, 0x01, 0x7A, 0x15, 0x41, 0xB7, 0x06,
    0xD5, 0x7A, 0x4F, 0x4E, 0xC6, 0x93, 0x0C, 0x2D, 0x85, 0x7A, 0x91, 0x2F, 0xB1, 0x65, 0xFD, 0x5B,
    0x11, 0xD1, 0x2E, 0x22, 0xCD, 0x89, 0x01, 0x48, 0x6C, 0xB0, 0x4F, 0xE0, 0x86, 0x5F, 0x81, 0xD5,
    0x77, 0x4C, 0x99, 0x0E, 0x45, 0x27, 0x68, 0x7E, 0x93, 0xB0, 0xFE, 0xC4, 0x34, 0xE1, 0x40, 0x1B,
    0x29, 0xE5, 0x80, 0xB9, 0xE4, 0xA6, 0xF1, 0x2A, 0xF5, 0xB5, 0x48, 0xD3, 0x62, 0x23, 0x8D, 0x4A,
    0xB8, 0xB4, 0x88, 0x3C, 0x6A, 0x31, 0xE4, 0x43, 0x80, 0xC7, 0x6A, 0x70, 0x30, 0xD5, 0xE4, 0x52,
    0x9E, 0x40, 0x41, 0x5E, 0xAE, 0xC3, 0xD4, 0x0A, 0x77, 0x7D, 0xC7, 0x3C, 0x2B, 0x55, 0x97, 0x68,
    0x90, 0x3C, 0xE1, 0x17, 0xF7, 0x0A, 0x34, 0x34, 0xE2, 0x1D, 0x9E, 0x92, 0x6D, 0x05, 0x34, 0x2D,
    0x14, 0xD5, 0xF3, 0xD4, 0xC0, 0x90, 0x4A, 0xE3, 0x4C, 0x2D, 0x13, 0xB5, 0x98, 0x7B, 0x52, 0x32,
    0x20, 0x34, 0xCD, 0x8F, 0x45, 0x75, 0xAA, 0x33, 0x96, 0xB3, 0x33, 0x23, 0xE6, 0x4C, 0x90, 0xC6,
    0xCA, 0x97, 0x97, 0x7D, 0xDF, 0x7E, 0x2B, 0x63, 0x95, 0xF8, 0xC2, 0x3D, 0x9D, 0x55, 0x47, 0x4D,
    0xA6, 0xBE, 0xB9, 0x61, 0x55, 0x19, 0x43, 0xB9, 0x82, 0x35, 0x68, 0x28, 0xD1, 0x5C, 0xF8, 0xF4,
    0x2D, 0xBC, 0xD7, 0xAA, 0x14, 0x94, 0xBD, 0xB4, 0xE3, 0x50, 0xC8, 0x52, 0xC0, 0x60, 0x56, 0xAD,
    0x37, 0x09, 0x1B, 0x07, 0xFF, 0x6B, 0x4F, 0x8F, 0x7B, 0x4A, 0x71, 0x06, 0xAC, 0xDC, 0xB3, 0x40,
    0x04, 0xC6, 0x5E, 0x36, 0x14, 0x6B, 0x28, 0x8A, 0xBC, 0x0A, 0xC2, 0xFA, 0x9D, 0xC0, 0x93, 0x07,
    0x8C, 0x40, 0xEF, 0xD2, 0x13, 0x4B, 0x13, 0x3C, 0xC8, 0x3C, 0xD1, 0x67, 0x63, 0x04, 0xC6, 0xA6,
    0x35, 0xC6, 0x65, 0x74, 0xDE, 0x58, 0x0C, 0x43, 0xBF, 0x75, 0xF4, 0x99, 0x67, 0xD5, 0xD2, 0x8F,
    0x4A, 0x70, 0xD5, 0x30, 0xE4, 0xF6, 0x48, 0xA5, 0xAE, 0x68, 0x8E, 0x41, 0x55, 0x47, 0xF9, 0xC2,
    0x20, 0xD2, 0xBB, 0x84, 0x03, 0x3A, 0x98, 0x64, 0x62, 0xB8, 0xAE, 0x86, 0x7C, 0x5E, 0xB8, 0x40,
    0x35, 0xF4, 0x0E, 0xDA, 0xDB, 0xD0, 0xDE, 0x41, 0x61, 0xDD, 0xE2, 0x88, 0x4C, 0xD4, 0xC1, 0xDD,
    0xD5, 0x0C, 0x27, 0xFC, 0xFF, 0xE2, 0xA3, 0xF4, 0xB7, 0xB8, 0xEA, 0xCF, 0x5F, 0x0E, 0x81, 0xC2,
    0x0F, 0x43, 0xE0, 0x6F, 0xD8, 0x7B, 0xA0, 0x1D, 0x7B, 0xE0, 0x5D, 0xA9, 0x7C, 0xBD, 0xA5, 0x13,
    0x1E, 0xEF, 0x3D, 0x15, 0x9C, 0xC0, 0xBA, 0x69, 0x07, 0xEC, 0x05, 0x35, 0x5C, 0x3B, 0x03, 0x7C,
    0x62, 0x7F, 0xE2, 0x07, 0x5C, 0x67, 0x62, 0xEF, 0xDD, 0x3D, 0xDA, 0xB8, 0xCE, 0x60, 0xC7, 0xB0,
    0x99, 0xF2, 0x98, 0x25, 0x8E, 0x01, 0x61, 0xD9, 0xE4, 0x33, 0x1F, 0xF9, 0xAF, 0xD1, 0x73, 0x12,
    0x7C, 0xCC, 0xA9, 0xFF, 0x35, 0xCF, 0x3E, 0x87, 0xDE, 0xA7, 0x64, 0xF3, 0x36, 0x35, 0x87, 0xA4,
    0xBF, 0xB4, 0x64, 0x77, 0x62, 0x9B, 0x17, 0x6B, 0x94, 0x60, 0xB3, 0xB1, 0x13, 0x2D, 0xEE, 0x31,
    0xF0, 0x36, 0xE1, 0x44, 0xC7, 0xCB, 0xC5, 0xB0, 0x77, 0x85, 0x74, 0xFF, 0x06, 0x9D, 0x95, 0x59,
    0x8A, 0xEC, 0x30, 0x0C, 0x45, 0x05, 0xFE, 0x2D, 0xF0, 0x56, 0x7A, 0x01, 0x01, 0x6D, 0xDD, 0x90,
    0x05, 0xD4, 0x56, 0x0C, 0xFD, 0x6B, 0xD0, 0xBB, 0xF7, 0x4A, 0x2E, 0x92, 0xEA, 0x37, 0x75, 0x1B,
    0x92, 0x43, 0x3C, 0xC8, 0x9A, 0x63, 0xD6, 0x96, 0x71, 0x14, 0x2C, 0xF0, 0x78, 0x70, 0xAC, 0x3B,
    0xAC, 0x46, 0x7D, 0x6C, 0xE4, 0xC9, 0x8D, 0x9C, 0xF4, 0xEB, 0xFE, 0xDF, 0x0A, 0xF3, 0xBC, 0xD2,
    0x1B, 0x3E, 0xDA, 0xEA, 0x84, 0x4D, 0x13, 0x30, 0x3F, 0x21, 0x6F, 0x58, 0x27, 0x96, 0xB9, 0xD0,
    0x63, 0x98, 0x8E, 0x9B, 0xA0, 0x4B, 0x66, 0xDF, 0x77, 0xD8, 0xFA, 0x33, 0xEE, 0xF6, 0xB5, 0xF8,
    0x27, 0x78, 0xD5, 0x17, 0xF8, 0x73, 0x0A, 0xA7, 0x10, 0xA7, 0xA4, 0x85, 0x4E, 0xE0, 0x15, 0x79,
    0x81, 0x63, 0x2B, 0xB4, 0x86, 0xC6, 0x7C, 0x3A, 0x1D, 0x32, 0xB8, 0xDC, 0xB9, 0x1E, 0x93, 0x5A,
    0x9B, 0xAF, 0xA0, 0x88, 0xBE, 0xB8, 0x19, 0xA6, 0x3E, 0xB6, 0x09, 0xC3, 0x6E, 0x71, 0xD8, 0xEC,
    0xE5, 0xD3, 0x4D, 0x7F, 0x16, 0xA1, 0x82, 0x5C, 0x8E, 0x57, 0xA3, 0xEB, 0x4C, 0xEC, 0x64, 0x17,
    0x43, 0xBA, 0x84, 0xB9, 0x75, 0xFA, 0x0E, 0xDA, 0xE1, 0x4A, 0x77, 0xD2, 0xEC, 0xC1, 0x59, 0xC5,
    0x1A, 0xBB, 0xA4, 0x17, 0x44, 0x6C, 0x4E, 0xD1, 0x5E, 0x1C, 0xB7, 0xF9, 0x5E, 0xFB, 0xFC, 0x93,
    0x0B, 0x08, 0xE1, 0x90, 0x3E, 0xBC, 0x29, 0x48, 0x29, 0x63, 0xCE, 0xE0, 0x1C, 0x76, 0x19, 0xDB,
    0x52, 0x2F, 0x4B, 0xD3, 0xB1, 0x25, 0xD6, 0x4A, 0xAC, 0x51, 0x6C, 0x2D, 0x6B, 0x03, 0x64, 0x95,
    0xDF, 0x66, 0x97, 0x37, 0x3F, 0x17, 0x4F, 0x78, 0x9C, 0xBA, 0x0F, 0x6B, 0xC8, 0x03, 0x99, 0x0A,
    0x7F, 0xC3, 0x74, 0x79, 0x2E, 0xAF, 0x9A, 0x3B, 0x5D, 0x79, 0xC3, 0x8D, 0xE3, 0x1A, 0x6F, 0x05,
    0x4A, 0x9C, 0xA5, 0xE0, 0x7C, 0x53, 0xF0, 0xEF, 0xDB, 0xFA, 0xB8, 0x18, 0xC9, 0x10, 0xCC, 0xC4,
    0x78, 0x07, 0xC3, 0xF1, 0x9F, 0xA8, 0x5C, 0x8A, 0x0D, 0x79, 0x1A, 0x1E, 0x99, 0xCA, 0xC4, 0x2B,
    0xCE, 0x2C, 0x43, 0x04, 0x4F, 0x65, 0x18, 0x8B, 0x15, 0x02, 0x39, 0x31, 0x98, 0x90, 0xD3, 0x85,
    0xD1, 0x27, 0xAB, 0x69, 0x20, 0xEB, 0x26, 0xCC, 0x69, 0xA1, 0x69, 0x54, 0xD5, 0x60, 0x91, 0xBC,
    0xA2, 0xD4, 0xEC, 0x4D, 0x5D, 0xE1, 0x9C, 0x84, 0x17, 0x1A, 0x00, 0x51, 0xC0, 0x73, 0xB5, 0x05,
    0x84, 0xE0, 0xB1, 0x3A, 0x02, 0x03, 0x2D, 0x9C, 0x18, 0x4B, 0xA5, 0x0E, 0x60, 0xF4, 0xB1, 0x0E,
    0x64, 0x3D, 0xF0, 0x91, 0x30, 0x9E, 0x2B, 0x9C, 0x89, 0x28, 0xCC, 0xC4, 0xC8, 0x2D, 0x46, 0x30,
    0xD7, 0x5E, 0x58, 0x09, 0x8A, 0x4D, 0x30, 0xE8, 0xBB, 0xDD, 0x5C, 0xDD, 0x7D, 0x24, 0xA2, 0x30,
    0x04, 0x4F, 0xC8, 0x1B, 0xC0, 0x12, 0x5A, 0xC2, 0x0A, 0x03, 0x8F, 0xEC, 0x4E, 0xF8, 0x1D, 0x9C,
    0x7F, 0xB0, 0xDE, 0x29, 0x9A, 0x78, 0xAA, 0x09, 0xA0, 0x3A, 0x51, 0x07, 0xEA, 0x49, 0x91, 0x45,
    0x17, 0x4C, 0x4C, 0x63, 0x96, 0x46, 0x06, 0xF0, 0x03, 0xB1, 0x51, 0x38, 0x23, 0x3B, 0x44, 0xA4,
    0xB3, 0x0F, 0xB9, 0xBD, 0x0D, 0x8A, 0x56, 0xF8, 0x05, 0x35, 0x48, 0xF8, 0xC6, 0xD5, 0x73, 0x12,
    0x70, 0x72, 0xF6, 0x1C, 0x58, 0xDB, 0xA2, 0x0B, 0x4B, 0x80, 0x21, 0xAC, 0x69, 0x5F, 0x9E, 0x08,
    0x55, 0x2D, 0x4E, 0xE9, 0x4B, 0x5A, 0x3F, 0x12, 0x96, 0x0D, 0xF8, 0x1D, 0xB5, 0xF6, 0x43, 0x54,
    0xEB, 0x62, 0x6C, 0xD8, 0x89, 0x96, 0x4A, 0xBA, 0x23, 0x25, 0x60, 0x70, 0xCF, 0x72, 0x63, 0xD7,
    0xA2, 0xFB, 0x9E, 0x32, 0x25, 0x74, 0xAE, 0xDD, 0xD0, 0x13, 0x9E, 0x88, 0xFA, 0xCA, 0xDF, 0xC5,
    0x91, 0xB0, 0x8D, 0xBC, 0xF6, 0xFB, 0xE8, 0x79, 0xFC, 0x86, 0xCB, 0x2F, 0xA4, 0x7E, 0x4A, 0x77,
    0x56, 0x48, 0x5E, 0xF4, 0x8C, 0x54, 0xD9, 0x00, 0xA6, 0x0B, 0x5B, 0xB1, 0x17, 0x3D, 0xB2, 0xB1,
    0x45, 0xD1, 0xAB, 0x6F, 0x1E, 0x97, 0xFE, 0x19, 0xD9, 0x7F, 0xC3, 0x7D, 0x24, 0xB3, 0xC0, 0x96,
    0xB3, 0x83, 0xE0, 0xE5, 0xCA, 0x76, 0xD4, 0xB0, 0x5C, 0x14, 0x88, 0xAD, 0x52, 0xCC, 0x32, 0xAE,
    0x07, 0xDE, 0x8F, 0x97, 0x6D, 0xEF, 0xFC, 0x05, 0x8D, 0x94, 0x51, 0x6A, 0x24, 0x31, 0x0C, 0x44,
    0x05, 0xFE, 0x6D, 0xF0, 0x55, 0xE6, 0x00, 0x0D, 0xBA, 0xBA, 0x21, 0x07, 0xC8, 0x55, 0x0C, 0xF9,
    0x35, 0x68, 0x55, 0x55, 0xF2, 0x4C, 0x4F, 0x6F, 0x36, 0x9B, 0xFE, 0xC8, 0xA3, 0xD3, 0xF2, 0xB8,
    0x24, 0x95, 0x64, 0x56, 0x4F, 0x5B, 0x6D, 0x9E, 0xE0, 0x6C, 0x33, 0x92, 0x3D, 0xE9, 0x23, 0x39,
    0xDA, 0xEC, 0xD3, 0xCC, 0x93, 0x6D, 0x99, 0x05, 0x23, 0x92, 0x7C, 0xF2, 0x98, 0xD8, 0x8B, 0xBE,
    0x0C, 0xD1, 0xE4, 0xD7, 0x10, 0x63, 0xBE, 0x78, 0x24, 0x3F, 0x11, 0xF0, 0xA2, 0xDF, 0xD9, 0xC5,
    0xE8, 0xF3, 0x51, 0xF4, 0x64, 0x5B, 0x62, 0x2F, 0xFA, 0x14, 0x63, 0xF4, 0xBC, 0x37, 0x69, 0x8D,
    0xCC, 0x24, 0x22, 0x75, 0xB6, 0x91, 0x47, 0x91, 0x0E, 0xD1, 0x0B, 0x9F, 0xA9, 0x11, 0x37, 0x5D,
    0x81, 0x8C, 0x32, 0x30, 0x28, 0xBC, 0x49, 0x7F, 0xA5, 0xE3, 0x42, 0x6C, 0x58, 0x5E, 0x68, 0xE7,
    0x13, 0xA8, 0x13, 0x04, 0xE2, 0xCB, 0x46, 0x8A, 0x08, 0x5D, 0x16, 0x54, 0xD0, 0x42, 0xB9, 0x2E,
    0xA6, 0x86, 0x12, 0xA0, 0x12, 0x03, 0x30, 0xBD, 0xA1, 0x36, 0x8C, 0x14, 0x6C, 0xDA, 0xFD, 0x49,
    0x7D, 0x7E, 0x65, 0xDF, 0x1C, 0xA2, 0x6F, 0x9A, 0x18, 0x5E, 0xBD, 0x79, 0x67, 0x5F, 0xFA, 0xEE,
    0xC5, 0xB8, 0xBD, 0x9F, 0xC5, 0x83, 0xB9, 0x40, 0x5B, 0x63, 0x4E, 0xDF, 0x70, 0x4A, 0xED, 0x7F,
    0xF9, 0xF3, 0xF9, 0xCB, 0xF3, 0x90, 0xF5, 0xAE, 0xBD, 0x1A, 0xAC, 0xAF, 0xBF, 0x81, 0x99, 0xCD,
    0x82, 0xF2, 0x9A, 0x5D, 0xBF, 0xE4, 0xE8, 0x81, 0x0F, 0x4F, 0xA3, 0x24, 0xD8, 0x11, 0xB7, 0xC2,
    0x29, 0xA0, 0x49, 0x16, 0x6F, 0x50, 0x5B, 0xDE, 0xA1, 0x46, 0xF8, 0x47, 0xBD, 0xA9, 0x49, 0x84,
    0x4C, 0x70, 0x43, 0xF5, 0xC8, 0x6E, 0xBD, 0xF9, 0x55, 0x8F, 0xC6, 0x66, 0xF5, 0x68, 0x64, 0x32,
    0x2D, 0x68, 0xC0, 0xCB, 0xDC, 0xAC, 0x37, 0xBA, 0x87, 0x7A, 0xE4, 0x2E, 0xFB, 0x39, 0xE6, 0x34,
    0xD3, 0xE6, 0xE0, 0x60, 0x3A, 0x36, 0x99, 0x48, 0x96, 0x84, 0xC9, 0x86, 0xEE, 0x7B, 0xF2, 0x4C,
    0x74, 0xF9, 0x4F, 0x36, 0xFE, 0x9E, 0x79, 0x55, 0xB5, 0x08, 0xB7, 0x98, 0x7C, 0xCD, 0x84, 0x43,
    0x46, 0xA5, 0x2C, 0xFC, 0xFB, 0x83, 0x1F, 0xD2, 0xEF, 0xBE, 0x17, 0x00, 0x3B, 0x36, 0x19, 0xE9,
    0xB5, 0x2F, 0xA2, 0xC8, 0xD9, 0xCB, 0x45, 0x73, 0xF0, 0x9A, 0xA3, 0x2A, 0x63, 0x4F, 0xF6, 0x1A,
    0xB8, 0x3B, 0x9F, 0x71, 0xB9, 0x9D, 0xD0, 0x12, 0x43, 0xBA, 0x9A, 0x36, 0x87, 0x32, 0x5C, 0x0F,
    0x01, 0x1D, 0xED, 0xC4, 0x9F, 0xE9, 0xC1, 0xA1, 0x1E, 0xA8, 0x5A, 0x09, 0x53, 0xBF, 0x0E, 0xB5,
    0xA9, 0x0F, 0xFD, 0xCA, 0x60, 0x8A, 0xD5, 0x2B, 0x4E, 0xB6, 0xD4, 0x5A, 0xC0, 0xB5, 0xD1, 0x68,
    0xDE, 0xC8, 0xED, 0xF3, 0xB5, 0xD0, 0x1E, 0xFF, 0x62, 0x37, 0xE8, 0x92, 0xDC, 0x0F, 0x0D, 0x4B,
    0x42, 0x38, 0xD7, 0x09, 0x3C, 0x96, 0x3C, 0xFE, 0x2F, 0xC8, 0x3B, 0x37, 0xFC, 0x74, 0xE0, 0x82,
    0xC6, 0x79, 0x41, 0x0D, 0x94, 0x43, 0xC8, 0x69, 0x21, 0xF1, 0xAA, 0x12, 0x02, 0x1F, 0x4F, 0xF1,
    0xFD, 0x82, 0x2E, 0x4F, 0xB8, 0x90, 0xAA, 0xE1, 0xFC, 0xD4, 0x0D, 0x60, 0x52, 0xBC, 0x63, 0x73,
    0x09, 0x72, 0x15, 0x80, 0x4D, 0xDA, 0xE8, 0xA9, 0xB2, 0xD6, 0xCA, 0x9A, 0x32, 0x8E, 0x06, 0xDB,
    0xE8, 0x18, 0xB7, 0xED, 0x9E, 0xF2, 0xC0, 0x0B, 0x94, 0xB6, 0xB7, 0xD9, 0xBA, 0x6D, 0x35, 0x39,
    0xA3, 0x38, 0xCA, 0x32, 0x9C, 0x7B, 0x4D, 0x8C, 0xD8, 0x94, 0x52, 0x86, 0x75, 0x39, 0xE9, 0xC5,
    0x54, 0xE0, 0x2F, 0xBA, 0x78, 0xB8, 0xBE, 0xDB, 0x5F, 0x6C, 0x55, 0xB0, 0xAA, 0x5F, 0xE6, 0x24,
    0xDA, 0xF6, 0x99, 0x6F, 0xD6, 0x77, 0x1E, 0x83, 0x2E, 0xA7, 0x3E, 0xC7, 0x9E, 0xCC, 0x77, 0xA7,
    0xED, 0xFE, 0x00, 0x9D, 0x94, 0x4D, 0xAA, 0xE4, 0x30, 0x0C, 0x84, 0x0D, 0xDA, 0x36, 0xF8, 0x2A,
    0x39, 0x40, 0x40, 0x57, 0x37, 0xE4, 0x00, 0x7D, 0x15, 0x41, 0xB6, 0x06, 0x4D, 0x95, 0x24, 0x27,
    0x9D, 0x7E, 0x6F, 0x66, 0x31, 0xA1, 0x3B, 0x5F, 0x62, 0x3B, 0xB2, 0x7E, 0xCA, 0x6A, 0x32, 0xB4,
    0x69, 0x6B, 0xAD, 0xDB, 0x93, 0x3A, 0x9E, 0xF4, 0x56, 0x54, 0xC7, 0xD5, 0x64, 0x26, 0xFB, 0xC5,
    0x9C, 0xD7, 0xA2, 0x7F, 0x71, 0x2F, 0x6E, 0xC5, 0x56, 0xDF, 0xB5, 0x49, 0xF8, 0xB8, 0xB9, 0xC6,
    0xDB, 0xAB, 0xF1, 0x9A, 0xE1, 0x01, 0x09, 0x0F, 0x06, 0x28, 0x13, 0x3E, 0x82, 0xD8, 0x11, 0x8F,
    0x58, 0x6F, 0x4D, 0xC2, 0xCE, 0xA0, 0x93, 0x78, 0xC7, 0xE2, 0xBD, 0x5D, 0xD7, 0x9E, 0x37, 0x4F,
    0x5B, 0xD8, 0x65, 0x16, 0x26, 0xC0, 0x1F, 0x0C, 0x4E, 0x23, 0xEC, 0x13, 0xFD, 0x01, 0xFD, 0x07,
    0xBA, 0xFD, 0xF2, 0xF9, 0x05, 0x7F, 0xE0, 0x34, 0xDB, 0x81, 0xF0, 0x57, 0xAC, 0x33, 0x5C, 0x31,
    0x7D, 0x1B, 0xE1, 0x82, 0x90, 0xE4, 0x9C, 0x8C, 0x4C, 0xCC, 0xDA, 0x86, 0x00, 0xBF, 0x2E, 0xB1,
    0x64, 0xF7, 0xCC, 0xD1, 0xA2, 0x2E, 0x8E, 0x48, 0x2D, 0x83, 0x4D, 0x72, 0x01, 0xD3, 0x94, 0xEC,
    0xB3, 0x23, 0x95, 0x48, 0xE8, 0xCD, 0x18, 0xD7, 0xAF, 0xF9, 0x57, 0xB1, 0xDD, 0x8C, 0xF9, 0x9B,
    0x52, 0xF9, 0xD4, 0x91, 0xEC, 0x67, 0xF8, 0x3A, 0xC5, 0x93, 0xCD, 0xD7, 0x7B, 0x3C, 0xDC, 0x35,
    0x46, 0xCC, 0x55, 0xA3, 0x47, 0x74, 0xA3, 0xE2, 0xF3, 0xB4, 0x2F, 0x67, 0xB2, 0x2F, 0x1E, 0x49,
    0x3D, 0x58, 0x78, 0xC4, 0x25, 0x0F, 0x8A, 0x4B, 0xFA, 0x5F, 0xD4, 0x8B, 0x99, 0x07, 0xD5, 0x27,
    0x5F, 0x5A, 0x1A, 0xFB, 0x41, 0x98, 0x62, 0x8A, 0x15, 0xA6, 0x66, 0x50, 0x39, 0x0C, 0xBA, 0x53,
    0x7B, 0x2A, 0xAE, 0xD4, 0x9E, 0x42, 0xF5, 0xD4, 0x9E, 0x3A, 0x0E, 0x0B, 0xE2, 0xD2, 0x38, 0x24,
    0xE0, 0xCE, 0x4F, 0x63, 0x93, 0xC8, 0x3F, 0x1E, 0x69, 0xAE, 0x8F, 0x28, 0x9C, 0x0E, 0x49, 0xA3,
    0x74, 0x3D, 0xA4, 0xBA, 0x52, 0x03, 0x09, 0x16, 0xE8, 0xC8, 0xAC, 0xD4, 0x64, 0x59, 0x86, 0x7F,
    0xA2, 0x12, 0x8B, 0xE3, 0x14, 0x6F, 0x5B, 0xCE, 0xB5, 0x85, 0x56, 0x47, 0x26, 0xA1, 0xF7, 0x81,
    0x22, 0x06, 0x1C, 0xF9, 0x1B, 0x9E, 0x2B, 0x03, 0x5F, 0xD5, 0xE9, 0xE9, 0xFD, 0x45, 0x1D, 0xD8,
    0xD3, 0x32, 0x57, 0x74, 0xCA, 0x99, 0xAB, 0xA0, 0x73, 0x85, 0xA0, 0xF6, 0x86, 0x5C, 0x31, 0xA4,
    0xD8, 0x05, 0xB5, 0x8F, 0x14, 0x4F, 0xEA, 0x2D, 0x28, 0xDC, 0x05, 0xE7, 0x30, 0x72, 0xAF, 0x80,
    0xA1, 0x60, 0x3B, 0x88, 0xB3, 0x00, 0xEF, 0xE7, 0x50, 0x66, 0x8D, 0xEB, 0x46, 0x90, 0xB2, 0x25,
    0xFB, 0xF0, 0x20, 0x36, 0xAE, 0x79, 0xDB, 0x63, 0xDE, 0xE3, 0x5C, 0xE1, 0x40, 0x72, 0x03, 0xCA,
    0x26, 0xD6, 0x55, 0x2D, 0xA1, 0xC9, 0xB4, 0xD3, 0xC2, 0x2C, 0x6B, 0x93, 0xE1, 0xE4, 0x18, 0x7C,
    0xD8, 0x13, 0x74, 0x50, 0x03, 0x94, 0x17, 0x5B, 0x44, 0x3F, 0x8D, 0x5D, 0xA2, 0x1F, 0x01, 0x3D,
    0x78, 0xE8, 0x67, 0xAC, 0xD4, 0x0B, 0xF8, 0xE3, 0xB7, 0x25, 0xD8, 0x61, 0xE6, 0x9E, 0xB8, 0x7A,
    0xCD, 0x13, 0x35, 0x77, 0x41, 0x62, 0x39, 0x12, 0xC1, 0xDB, 0x42, 0x0E, 0x19, 0x8B, 0x3E, 0x47,
    0xF4, 0xD2, 0x10, 0x90, 0xB1, 0x11, 0x68, 0x35, 0x84, 0x14, 0xDA, 0xE2, 0x6A, 0x04, 0xEF, 0x27,
    0x4B, 0x6C, 0x8B, 0x2C, 0x0E, 0xED, 0xF6, 0xA2, 0xA2, 0xE1, 0x84, 0xAD, 0x9B, 0x8F, 0xF9, 0x56,
    0xE3, 0x1F, 0x5C, 0xE3, 0xFF, 0x39, 0xEF, 0x9F, 0xCD, 0xFF, 0xA6, 0x96, 0xE2, 0x6E, 0xF6, 0xF4,
    0x3F, 0xE5, 0xCE, 0xE2, 0x16, 0xA3, 0xF7, 0x0B, 0x69, 0x41, 0xC9, 0x06, 0xB6, 0xE8, 0xD5, 0xD8,
    0xB0, 0xBB, 0xB1, 0x1B, 0xF9, 0x99, 0x64, 0x67, 0x9D, 0x10, 0x59, 0x72, 0x2B, 0xB6, 0x9F, 0xD4,
    0x33, 0xE8, 0xFE, 0xC5, 0xA3, 0x58, 0xE2, 0xDB, 0x20, 0x99, 0x91, 0xBD, 0xE8, 0x3D, 0x57, 0x2F,
    0x2A, 0x91, 0x05, 0xA1, 0xAF, 0x7E, 0x1D, 0xA4, 0x3F, 0x95, 0x95, 0x4D, 0x8A, 0xE3, 0x40, 0x0C,
    0x85, 0x05, 0xDE, 0x06, 0x74, 0x95, 0x39, 0x80, 0x41, 0x57, 0x17, 0x64, 0x3B, 0x90, 0xAB, 0x18,
    0x7A, 0x5B, 0xA0, 0x91, 0xDE, 0x53, 0x25, 0x2E, 0x77, 0x32, 0x3D, 0x53, 0xD0, 0xFE, 0xDA, 0x65,
    0xB9, 0xA4, 0xA7, 0x1F, 0x47, 0x44, 0xE4, 0x96, 0x7F, 0xDB, 0x90, 0x20, 0x2C, 0xA1, 0x5F, 0x11,
    0x31, 0x44, 0x03, 0xB0, 0x47, 0xE3, 0x10, 0x49, 0x33, 0x2D, 0x6C, 0x51, 0x0F, 0x27, 0x94, 0xB0,
    0x50, 0xCF, 0xB7, 0xAD, 0x37, 0x0D, 0xEF, 0xDF, 0x08, 0x31, 0x1D, 0xFB, 0x6E, 0xDF, 0xD0, 0xCF,
    0x08, 0x6B, 0xF0, 0xD9, 0x8A, 0x20, 0xC6, 0xD8, 0x2D, 0x4D, 0xF6, 0xC4, 0xA8, 0xC8, 0xE9, 0xB1,
    0xB8, 0x27, 0xF7, 0xA4, 0xCD, 0x08, 0x44, 0xA2, 0x42, 0x1F, 0x19, 0x2E, 0x02, 0x4A, 0x75, 0xDB,
    0xA1, 0xA9, 0x22, 0x29, 0xFA, 0x70, 0x51, 0x4A, 0xA4, 0xCE, 0x72, 0xDC, 0x8C, 0x79, 0x3F, 0xD4,
    0x4B, 0x6D, 0xD1, 0x1C, 0xBC, 0x47, 0xD4, 0xFB, 0xFA, 0xE0, 0x79, 0xF3, 0x5C, 0xCD, 0x2B, 0xE8,
    0x93, 0xBD, 0xFF, 0x7B, 0x7D, 0x6E, 0x93, 0x83, 0xFB, 0xD6, 0x76, 0x26, 0x64, 0x25, 0x38, 0x2F,
    0xBD, 0x36, 0x86, 0xB1, 0xE2, 0xDF, 0x17, 0x55, 0x8C, 0x15, 0x25, 0x7E, 0xA0, 0xD2, 0x0B, 0x8E,
    0x33, 0xB4, 0xE0, 0x44, 0xD6, 0xDD, 0x81, 0x00, 0xB6, 0xA8, 0x28, 0x33, 0xFE, 0x0A, 0x67, 0x64,
    0x2E, 0x2A, 0xF0, 0xCA, 0x4D, 0xE6, 0xE5, 0xF6, 0xF4, 0xBC, 0x0B, 0x8A, 0x02, 0x25, 0xE6, 0x0B,
    0xB8, 0x89, 0x58, 0xBC, 0xB1, 0x35, 0x28, 0x3D, 0x13, 0x7E, 0x86, 0x03, 0x9B, 0xCF, 0xB4, 0x8C,
    0xBF, 0x08, 0xA3, 0xE9, 0x8A, 0xD3, 0x69, 0x07, 0x51, 0x8A, 0x04, 0x52, 0x00, 0x0B, 0x68, 0xA8,
    0x36, 0x79, 0x27, 0xC5, 0x5A, 0x90, 0xC9, 0x06, 0xEF, 0x56, 0x87, 0xE4, 0xAC, 0xBC, 0x88, 0xCE,
    0xF0, 0x17, 0x03, 0xFE, 0x9E, 0x64, 0x62, 0x73, 0xFF, 0x78, 0x9D, 0x67, 0x97, 0x86, 0x9B, 0xE4,
    0x81, 0xF2, 0x33, 0x7B, 0x4E, 0x49, 0x83, 0x3E, 0xD0, 0xC8, 0x92, 0x56, 0x2C, 0x6D, 0x86, 0x46,
    0x26, 0x6B, 0x58, 0xAA, 0x15, 0xBF, 0xAD, 0xA3, 0xFB, 0xAD, 0xE1, 0xF4, 0x45, 0x28, 0x1F, 0xEA,
    0x58, 0x6D, 0xCE, 0xA6, 0x4F, 0xC0, 0x54, 0x1B, 0x5F, 0xAC, 0xF8, 0xBD, 0xEB, 0x1F, 0x3C, 0x13,
    0xA6, 0x81, 0x6C, 0xE5, 0x21, 0x19, 0x30, 0xC6, 0x70, 0x20, 0xF6, 0x3A, 0xB5, 0xE6, 0xAB, 0x7A,
    0xA2, 0x0A, 0x71, 0x68, 0xBD, 0x64, 0x28, 0x4E, 0xDA, 0xE0, 0xDC, 0x1A, 0x96, 0xD9, 0x08, 0x97,
    0x65, 0x93, 0x2E, 0x67, 0x01, 0x1D, 0xD6, 0x53, 0xB9, 0x1D, 0xD1, 0x41, 0x97, 0xF7, 0xDC, 0xA6,
    0x36, 0xF8, 0x77, 0x69, 0xCF, 0xC8, 0x5D, 0x5D, 0xBA, 0x36, 0xCE, 0x8F, 0x84, 0x75, 0xF1, 0x6E,
    0x8B, 0xBF, 0x85, 0xDA, 0xA5, 0xBC, 0xF2, 0x93, 0x7D, 0x53, 0xBB, 0x8D, 0xAF, 0xCC, 0xF5, 0x4B,
    0xBA, 0xD6, 0x67, 0xF4, 0x97, 0x20, 0x16, 0xA9, 0xAD, 0x7C, 0xFF, 0x38, 0x24, 0x6F, 0x57, 0x77,
    0x53, 0xFD, 0x06, 0x38, 0xCA, 0x81, 0xAA, 0x60, 0x5C, 0xEA, 0x5F, 0x14, 0xC7, 0x59, 0x1C, 0x78,
    0x84, 0xEF, 0xCC, 0x08, 0xB3, 0xA6, 0x1C, 0x30, 0xE6, 0x72, 0x20, 0x90, 0xAE, 0xD1, 0x76, 0x4C,
    0x0F, 0xCA, 0x1B, 0xF3, 0xE7, 0x99, 0xF4, 0x80, 0x2E, 0x18, 0x13, 0x31, 0xB3, 0xE0, 0x2B, 0x4E,
    0x32, 0x3F, 0xE1, 0x83, 0xDA, 0x6E, 0x4C, 0x25, 0x8C, 0x8D, 0x10, 0xE8, 0xC8, 0x2D, 0xEE, 0xAC,
    0x8E, 0xE0, 0x2B, 0x36, 0x58, 0x6B, 0xAF, 0x2E, 0xE1, 0x24, 0x0E, 0x28, 0xB2, 0xC3, 0x7A, 0x42,
    0x72, 0x78, 0x4A, 0xC3, 0x82, 0x2E, 0xD2, 0x8A, 0xAB, 0x65, 0xD4, 0x6F, 0xC6, 0x15, 0xFF, 0x69,
    0xC2, 0x2E, 0x1C, 0x6F, 0x51, 0xF5, 0x28, 0x81, 0x29, 0x00, 0x37, 0x25, 0xE5, 0x30, 0xB4, 0xF1,
    0xE8, 0xAA, 0x28, 0x34, 0xF8, 0x1F, 0xB5, 0x95, 0x4D, 0x8A, 0x23, 0x31, 0x0C, 0x85, 0x05, 0xDE,
    0x06, 0x7C, 0x95, 0x39, 0x40, 0x83, 0xAE, 0x6E, 0x98, 0x03, 0xE4, 0x2A, 0x86, 0xD9, 0x0A, 0x34,
    0xEF, 0x49, 0x72, 0x95, 0xAB, 0x92, 0xC0, 0x64, 0x31, 0xEE, 0x8E, 0xBF, 0x8E, 0x7F, 0x64, 0xE9,
    0x49, 0x76, 0x4B, 0x77, 0x77, 0x13, 0x11, 0xD2, 0x77, 0x0E, 0x91, 0x0B, 0xFF, 0xEF, 0x7C, 0x0C,
    0x63, 0x42, 0x3F, 0x50, 0x9A, 0x4B, 0xA7, 0x9F, 0x0A, 0xFA, 0xC0, 0xD7, 0x89, 0x7D, 0x86, 0xAF,
    0x83, 0x9B, 0x45, 0x39, 0xC7, 0x35, 0xC2, 0xF6, 0x13, 0x86, 0x39, 0xF4, 0x0E, 0x2D, 0x4C, 0x8E,
    0x1B, 0x0C, 0x73, 0xFD, 0x03, 0xBE, 0xDD, 0xE0, 0xEF, 0x9A, 0x08, 0xDC, 0x3D, 0xBD, 0x85, 0xF3,
    0x08, 0xA4, 0x47, 0x1C, 0x53, 0x29, 0x85, 0x5A, 0x9F, 0x8C, 0x62, 0x36, 0xA9, 0x46, 0x71, 0x3E,
    0xF5, 0xAF, 0x07, 0x18, 0xC7, 0x75, 0xF5, 0xBA, 0xF7, 0x93, 0x3D, 0xE5, 0x42, 0xEF, 0x43, 0xAD,
    0x99, 0x4E, 0x1C, 0x87, 0x1F, 0xC5, 0x5F, 0xCD, 0xD5, 0xA0, 0x63, 0x3A, 0xA9, 0x6A, 0xF0, 0xEE,
    0x11, 0x82, 0xCA, 0xBD, 0x6F, 0x59, 0x2C, 0xD5, 0x5B, 0x7A, 0x89, 0xC1, 0x67, 0xEA, 0xB2, 0xC3,
    0xF4, 0x39, 0xFB, 0x17, 0x78, 0xAB, 0x59, 0x9B, 0xFA, 0x1C, 0x58, 0xF2, 0x0E, 0xFD, 0x80, 0x13,
    0x23, 0xA0, 0x83, 0x05, 0xB2, 0xE0, 0x28, 0x2B, 0x0C, 0x03, 0x06, 0xAD, 0x7F, 0xBA, 0xE3, 0xF7,
    0xD0, 0x76, 0x69, 0x76, 0x23, 0x23, 0xAD, 0x25, 0xC9, 0x4C, 0xF7, 0x2B, 0xA1, 0x66, 0x24, 0x62,
    0xF1, 0x5F, 0xD7, 0x15, 0x2B, 0xC2, 0x15, 0xF7, 0xD0, 0xB3, 0x4A, 0xA4, 0xD6, 0xBD, 0x50, 0xFD,
    0xCA, 0x33, 0x9A, 0x55, 0x0F, 0xE3, 0x0A, 0xE3, 0xC6, 0x7E, 0x43, 0x5C, 0xAA, 0x21, 0x77, 0xEC,
    0x31, 0x4B, 0x69, 0x71, 0x45, 0x14, 0xE7, 0x02, 0xC7, 0x9E, 0x77, 0x84, 0xB0, 0x17, 0xB0, 0xE2,
    0x59, 0x21, 0x85, 0x32, 0x2E, 0x5B, 0x1B, 0x28, 0xF7, 0x87, 0xA0, 0x0A, 0xF8, 0x10, 0x20, 0xB7,
    0x90, 0x06, 0x9B, 0xB1, 0x5D, 0xC7, 0x02, 0x8F, 0x67, 0x9E, 0x09, 0x0B, 0x67, 0x9A, 0x31, 0xBF,
    0xD2, 0x7E, 0x07, 0x28, 0x44, 0xAF, 0x50, 0xE2, 0x51, 0x48, 0xC4, 0x06, 0x94, 0x72, 0xCC, 0xCD,
    0x52, 0x3F, 0x80, 0xD3, 0xD2, 0x8A, 0x9E, 0xA6, 0x71, 0x56, 0xCC, 0xA1, 0x76, 0x36, 0xAC, 0xC4,
    0xA4, 0x51, 0x4D, 0x9C, 0x25, 0x42, 0x3D, 0x1E, 0x09, 0x2F, 0x84, 0xF6, 0x08, 0xC3, 0xD3, 0x66,
    0x21, 0xF4, 0xC8, 0xF3, 0x66, 0x41, 0xE6, 0xA1, 0x76, 0x5D, 0x23, 0xBA, 0x5B, 0xC0, 0xFA, 0x96,
    0xEF, 0x1D, 0xB5, 0xFB, 0x93, 0x41, 0xD7, 0xA5, 0x80, 0x05, 0x4C, 0xB6, 0x89, 0x9B, 0x20, 0xBF,
    0xD2, 0xF9, 0x51, 0x48, 0xB1, 0x06, 0x45, 0x74, 0x4A, 0x87, 0xAB, 0xED, 0x30, 0xCF, 0xBD, 0x53,
    0x9B, 0x8F, 0x7C, 0x7A, 0x8E, 0x3C, 0x6E, 0xED, 0xCC, 0x2C, 0x6B, 0x04, 0x30, 0xBA, 0xF0, 0x25,
    0xB6, 0xAB, 0x74, 0xE0, 0x6A, 0x5A, 0x09, 0x6A, 0xFB, 0x2D, 0xF6, 0x5B, 0xB2, 0x70, 0x56, 0x58,
    0x36, 0x0B, 0x25, 0xDB, 0x81, 0x78, 0x6E, 0x27, 0x9F, 0x3F, 0xA9, 0x0C, 0x28, 0x73, 0xCF, 0x24,
    0xF1, 0x9F, 0x45, 0xE3, 0x32, 0x48, 0x17, 0x3A, 0xCF, 0x78, 0xE5, 0xB2, 0xBC, 0xE0, 0x76, 0x21,
    0x63, 0xC8, 0x8D, 0x26, 0x1B, 0x32, 0x39, 0x61, 0x8C, 0x65, 0x7B, 0x02, 0x1F, 0xA2, 0x27, 0x70,
    0x34, 0x07, 0x70, 0x1E, 0xFD, 0x60, 0x15, 0xC5, 0x53, 0xCC, 0x67, 0x9F, 0x1E, 0x61, 0xFC, 0x91,
    0xAE, 0xFF, 0x05, 0x95, 0x95, 0x5D, 0x8A, 0xEB, 0x30, 0x0C, 0x85, 0x05, 0x7E, 0x2D, 0x68, 0x2B,
    0x77, 0x01, 0x01, 0x6D, 0xDD, 0x90, 0x05, 0x64, 0x2B, 0x86, 0xBC, 0x0A, 0x34, 0xE7, 0x48, 0x71,
    0x5A, 0x87, 0xDE, 0x81, 0x49, 0x49, 0x3F, 0x62, 0xCB, 0xB2, 0xFE, 0x2C, 0x8B, 0x4B, 0x3E, 0x2E,
    0x81, 0x47, 0xBC, 0x2D, 0xB8, 0x06, 0x45, 0x02, 0x3F, 0xCF, 0x01, 0xCC, 0xF4, 0x1A, 0x2F, 0x8C,
    0x94, 0xF2, 0xD4, 0x80, 0xB7, 0xFD, 0x1F, 0xAD, 0x0D, 0xC2, 0x8E, 0x5A, 0x72, 0x41, 0x07, 0x77,
    0x1B, 0xD6, 0x09, 0x89, 0xDE, 0x3C, 0xC5, 0xB0, 0x84, 0x2F, 0x61, 0xAE, 0xD4, 0x6F, 0x43, 0xB1,
    0x99, 0x68, 0xD7, 0xE8, 0xF2, 0xF9, 0xB8, 0xD1, 0xC8, 0x05, 0xDA, 0x27, 0xC4, 0xB8, 0x84, 0xFB,
    0x2F, 0x08, 0x07, 0x5A, 0x89, 0xB4, 0xFA, 0xA2, 0x21, 0x89, 0x46, 0x58, 0x2F, 0xC0, 0x1A, 0x02,
    0x46, 0x03, 0x2F, 0xB8, 0xCB, 0xE5, 0xB0, 0x80, 0x68, 0x05, 0x28, 0xAD, 0xAF, 0x0C, 0xA3, 0x7A,
    0xC2, 0x46, 0x05, 0x95, 0xA6, 0xC2, 0x7E, 0xFC, 0x07, 0x94, 0x25, 0x94, 0x63, 0x31, 0xDA, 0x6D,
    0x7F, 0xBD, 0x85, 0x56, 0xD0, 0xD2, 0x79, 0x6D, 0x54, 0xBB, 0x4B, 0xEC, 0x65, 0xB5, 0xD0, 0x6A,
    0xEC, 0x13, 0x07, 0x2C, 0x1B, 0x98, 0xED, 0x8E, 0x7D, 0xF4, 0xB8, 0x9D, 0xD6, 0xDB, 0xBF, 0x84,
    0x4B, 0xA1, 0x7D, 0x43, 0x7A, 0xF4, 0x04, 0x36, 0x97, 0x07, 0x98, 0xEB, 0x3D, 0x12, 0x6D, 0x62,
    0x4C, 0x17, 0xB6, 0x42, 0x4C, 0x04, 0x2B, 0xC2, 0xF6, 0x84, 0x26, 0x2C, 0xBC, 0xC0, 0x7A, 0xE0,
    0x17, 0x41, 0x6F, 0x3F, 0xC0, 0x0C, 0x30, 0x74, 0x47, 0x2B, 0xEC, 0x9E, 0xDB, 0xF2, 0x0B, 0x5B,
    0xA6, 0x1B, 0x00, 0xF2, 0x03, 0x2D, 0x05, 0x04, 0x06, 0x30, 0x63, 0xD2, 0x5E, 0xA6, 0x8A, 0xA4,
    0x21, 0xE1, 0x56, 0xC8, 0x22, 0x4A, 0x20, 0x46, 0x2D, 0xD5, 0x9B, 0x62, 0x11, 0x31, 0x0C, 0x11,
    0xB3, 0xF6, 0xAC, 0x25, 0x24, 0x3B, 0x0E, 0xA4, 0x66, 0xC1, 0x39, 0xF4, 0x38, 0xF6, 0xF3, 0x2F,
    0xE0, 0xF1, 0x88, 0x27, 0xBE, 0x2F, 0xD0, 0xA3, 0x01, 0xF6, 0x00, 0xFD, 0xFB, 0x0E, 0xEA, 0x1A,
    0x31, 0x1C, 0xF1, 0xEC, 0xC4, 0x16, 0xDD, 0xC6, 0xEA, 0xC3, 0x85, 0x3C, 0x0F, 0x05, 0xBB, 0x81,
    0xDA, 0x91, 0x42, 0x37, 0xC6, 0x10, 0x91, 0xA0, 0x56, 0x44, 0x91, 0xDE, 0x86, 0xBF, 0x25, 0xB5,
    0xF0, 0x6A, 0x63, 0xE3, 0x82, 0x0C, 0xE2, 0xC4, 0xAA, 0x73, 0xAA, 0x5E, 0x44, 0x6E, 0x9C, 0x95,
    0x80, 0xDB, 0x16, 0x49, 0x1F, 0x84, 0x67, 0x9E, 0x67, 0xBC, 0x8A, 0x08, 0x47, 0x29, 0x0D, 0xC7,
    0xB6, 0xE7, 0x82, 0x7D, 0xA0, 0x80, 0xD2, 0x16, 0xC0, 0x16, 0x20, 0x1C, 0x9C, 0xF3, 0x02, 0xE3,
    0x72, 0x3C, 0x61, 0x05, 0x29, 0x11, 0xFB, 0xA6, 0x65, 0x82, 0x01, 0x5E, 0x40, 0x73, 0x1F, 0x28,
    0x1F, 0x58, 0x8B, 0x91, 0x3A, 0x2F, 0xC8, 0xA3, 0x21, 0xCD, 0x73, 0x4D, 0xAB, 0x7B, 0xE1, 0xE8,
    0x37, 0x46, 0x9E, 0xD4, 0x89, 0x75, 0x6E, 0x8A, 0x98, 0xE8, 0x1B, 0x5F, 0x45, 0x26, 0x4C, 0x7F,
    0x43, 0xE7, 0x51, 0x2B, 0x18, 0x2B, 0x9E, 0x60, 0xA7, 0x0D, 0xB3, 0x7F, 0xE8, 0x44, 0x1B, 0xBB,
    0x63, 0xF8, 0x2B, 0x01, 0x83, 0x10, 0x71, 0x78, 0x02, 0x81, 0x6C, 0xBB, 0x3D, 0x7B, 0x19, 0x0D,
    0xCD, 0x54, 0x70, 0x20, 0x2B, 0x39, 0x4F, 0xF2, 0x07, 0x2E, 0x77, 0x95, 0xCE, 0x2A, 0x53, 0x35,
    0xFC, 0x8D, 0xAE, 0x9F, 0x58, 0xE7, 0xFE, 0x24, 0x22, 0x6F, 0xEC, 0xC1, 0xAB, 0x00, 0xE8, 0xD9,
    0x1F, 0x71, 0x67, 0x64, 0x02, 0x34, 0xFB, 0xE7, 0x1D, 0xF2, 0x02, 0x1B, 0xAB, 0x3A, 0xC6, 0x47,
    0xB6, 0x58, 0xC0, 0xF2, 0x04, 0x7D, 0xE2, 0xC4, 0xDC, 0xE6, 0x5B, 0x2B, 0xA0, 0xA2, 0xCC, 0xDD,
    0xCE, 0x1B, 0x18, 0x34, 0xCE, 0xB9, 0x6F, 0x35, 0xB8, 0x45, 0xCD, 0x01, 0x2F, 0x2B, 0x11, 0x04,
    0x97, 0x22, 0xD9, 0x9F, 0x3C, 0x8B, 0x1D, 0x40, 0x84, 0x78, 0xB9, 0x79, 0x5E, 0x2D, 0x86, 0x42,
    0x65, 0x02, 0xF2, 0xC2, 0x70, 0xCD, 0x4B, 0xB5, 0xBA, 0x7E, 0x8C, 0x1F, 0x9D, 0x95, 0x51, 0x6E,
    0xE3, 0x30, 0x0C, 0x44, 0x09, 0xF0, 0x37, 0x00, 0xAF, 0xB2, 0x07, 0x28, 0xC0, 0xAB, 0x0B, 0xF0,
    0x01, 0x7A, 0x15, 0x01, 0xFB, 0x2B, 0x80, 0x3B, 0x43, 0x52, 0x8E, 0xDD, 0x26, 0xDD, 0xC5, 0xAA,
    0x48, 0x9F, 0x63, 0xD3, 0xD2, 0x90, 0x1C, 0x29, 0x62, 0x43, 0x6C, 0x0A, 0x3F, 0xB8, 0x12, 0x9D,
    0xE2, 0x43, 0x3C, 0x38, 0xD6, 0x0D, 0x88, 0xC1, 0xF0, 0x61, 0xB8, 0x5C, 0x4F, 0x0C, 0xBB, 0x7E,
    0x7B, 0x87, 0xC9, 0xC8, 0x98, 0x1A, 0x80, 0x0F, 0x0D, 0xD1, 0xE1, 0x39, 0x5D, 0x4E, 0x3D, 0xEE,
    0x90, 0x94, 0x00, 0x44, 0xC2, 0xA2, 0x96, 0x5D, 0x12, 0x21, 0xD4, 0x01, 0xF8, 0xC2, 0xD3, 0x25,
    0x0F, 0xF9, 0x3A, 0xFC, 0x84, 0x33, 0xEC, 0x0D, 0xF0, 0xE1, 0x4A, 0xDF, 0x20, 0x58, 0xE0, 0x6F,
    0x58, 0xF8, 0x73, 0x3B, 0x12, 0x41, 0x20, 0x3F, 0x02, 0x33, 0xA0, 0x86, 0x28, 0x96, 0x24, 0x28,
    0x5D, 0xA1, 0x12, 0x49, 0x10, 0x4C, 0x19, 0x70, 0x44, 0xA3, 0x90, 0x3E, 0x13, 0x86, 0x4A, 0x8C,
    0x53, 0xF9, 0xB8, 0xE1, 0xCC, 0x03, 0x0D, 0x68, 0x40, 0xFC, 0xDA, 0x90, 0x0D, 0x3C, 0xFB, 0x57,
    0xC4, 0x2B, 0xAC, 0x86, 0x12, 0x7A, 0x83, 0x4D, 0xE5, 0x7A, 0x0D, 0x3F, 0x62, 0x6E, 0x60, 0x75,
    0x28, 0x07, 0x1E, 0xAF, 0xD5, 0x47, 0xFE, 0xD7, 0xEA, 0xA6, 0x17, 0xB2, 0xB7, 0xC2, 0xBC, 0x6D,
    0x55, 0x1F, 0x70, 0x35, 0xE3, 0xC0, 0x23, 0xC5, 0xF7, 0x95, 0xEF, 0xE1, 0x76, 0xBD, 0xC6, 0x4C,
    0xF1, 0x8C, 0xD9, 0x22, 0x0C, 0xC8, 0x2A, 0xA2, 0x66, 0x59, 0xD3, 0x0A, 0xA1, 0xB3, 0x2E, 0x60,
    0x3D, 0x53, 0xC0, 0x76, 0x4F, 0x96, 0x4F, 0x0B, 0x69, 0x18, 0x4C, 0x34, 0xEC, 0xC0, 0xCA, 0xBC,
    0x5A, 0x29, 0x00, 0xB3, 0x5F, 0x4C, 0xF4, 0xB8, 0xBA, 0x67, 0xBC, 0xC2, 0xD9, 0x18, 0x1D, 0x65,
    0xDF, 0xD5, 0x88, 0x53, 0xF5, 0x08, 0xDD, 0xA0, 0xD8, 0x13, 0x28, 0xE3, 0x47, 0x02, 0xF5, 0x03,
    0x6C, 0xA2, 0x2D, 0x4F, 0x40, 0x18, 0xE0, 0x9F, 0x91, 0x88, 0xF8, 0xCD, 0x38, 0x6E, 0x3B, 0xD4,
    0x68, 0x69, 0x64, 0x1C, 0xB7, 0x01, 0xB7, 0x61, 0x78, 0xDA, 0x26, 0x2C, 0xF1, 0x61, 0x71, 0x26,
    0xA0, 0x55, 0xFF, 0x2C, 0x52, 0x6E, 0x66, 0x0E, 0xBB, 0x21, 0xDB, 0xB1, 0x36, 0xA2, 0x81, 0x35,
    0x07, 0x74, 0x1A, 0x61, 0x0D, 0x88, 0x72, 0x3A, 0xD9, 0xD9, 0x69, 0x80, 0x96, 0x31, 0x49, 0x7F,
    0x88, 0xA6, 0x49, 0x36, 0x60, 0x11, 0x64, 0x47, 0x5B, 0x13, 0xDC, 0xE4, 0xB8, 0x1D, 0xB9, 0x03,
    0x8C, 0x4E, 0x63, 0x9A, 0x9A, 0x1B, 0x63, 0xD8, 0x4A, 0x21, 0x3E, 0x3D, 0x1A, 0xD9, 0xB8, 0x4B,
    0x0E, 0x32, 0xE5, 0x9A, 0xC4, 0xC9, 0xD6, 0x2F, 0xD6, 0xA7, 0x91, 0x37, 0xFB, 0x74, 0x62, 0xA3,
    0x99, 0xB1, 0xAD, 0xA2, 0x57, 0xF1, 0xA4, 0x8B, 0x28, 0xEE, 0x45, 0x74, 0x50, 0x7F, 0x26, 0xE3,
    0x46, 0xD1, 0x87, 0x6C, 0xFF, 0xB2, 0xF3, 0xD6, 0xD4, 0xF5, 0xAB, 0xB7, 0xA8, 0x5F, 0x38, 0xCA,
    0xF9, 0x75, 0x8A, 0xB5, 0xCE, 0xD5, 0x66, 0x2D, 0x1D, 0x74, 0xC5, 0x0D, 0xDC, 0x78, 0x33, 0xCF,
    0x94, 0xF7, 0xD0, 0x77, 0x30, 0x06, 0xD0, 0x3A, 0xDC, 0xA2, 0x17, 0xF0, 0x80, 0xC5, 0xD4, 0xD1,
    0x60, 0x85, 0x04, 0xD6, 0xE3, 0xE8, 0x52, 0x36, 0x4A, 0xC4, 0xBC, 0x61, 0xBC, 0xD1, 0x79, 0xBE,
    0x87, 0xD2, 0xC0, 0x05, 0xCC, 0x76, 0x79, 0xFE, 0x58, 0x54, 0x8B, 0xA1, 0x25, 0xD8, 0x29, 0x5C,
    0x7F, 0x26, 0xB2, 0xBF, 0x70, 0x08, 0x4B, 0x76, 0xC2, 0xEA, 0x66, 0x6E, 0x77, 0x44, 0x1E, 0x7C,
    0x0F, 0xAD, 0x0F, 0x4E, 0x96, 0x1B, 0x12, 0xAA, 0xEB, 0xFC, 0x4C, 0x2F, 0xF7, 0xF9, 0xF2, 0x83,
    0xDC, 0xB9, 0x4D, 0x03, 0x59, 0xDA, 0x3F, 0x63, 0x75, 0x4A, 0xB0, 0x1D, 0x85, 0x3A, 0x2D, 0xBE,
    0x62, 0xE6, 0xC1, 0xB8, 0xF1, 0x9F, 0x21, 0xF7, 0x92, 0x3E, 0xCF, 0x80, 0x0B, 0xBE, 0x55, 0xFD,
    0x82, 0x3F, 0xB5, 0x95, 0x5D, 0x8A, 0xEB, 0x30, 0x0C, 0x85, 0x0D, 0x7E, 0x2D, 0x78, 0x2B, 0xB3,
    0x80, 0x82, 0xB6, 0x6E, 0xC8, 0x02, 0x66, 0x2B, 0x82, 0x79, 0x35, 0xE8, 0x9E, 0x73, 0xE4, 0xA4,
    0xF9, 0x69, 0x3A, 0xF3, 0x72, 0xD3, 0xE0, 0xAF, 0xB5, 0x65, 0xFD, 0x59, 0x72, 0x4B, 0x89, 0xC2,
    0xE7, 0x76, 0x8C, 0x18, 0x1A, 0x63, 0x1B, 0x3F, 0xC8, 0x1B, 0x45, 0x7A, 0x5C, 0x46, 0xA8, 0x28,
    0xED, 0x97, 0xF1, 0x6E, 0x17, 0x86, 0x21, 0x03, 0xEF, 0x41, 0xC1, 0x0B, 0x6E, 0x37, 0xC8, 0xC1,
    0x88, 0x23, 0xAE, 0x92, 0x7D, 0xAA, 0x9E, 0xD0, 0xF4, 0x98, 0xAA, 0xAB, 0x7E, 0x8E, 0x62, 0x9E,
    0x1B, 0xFC, 0x93, 0xBD, 0x16, 0xE1, 0x13, 0x78, 0x4F, 0xE8, 0xD5, 0x47, 0xDD, 0x80, 0x99, 0x2B,
    0x8E, 0x22, 0x1F, 0x25, 0xE9, 0x1A, 0xF0, 0x4C, 0xC4, 0x06, 0x1A, 0xB2, 0x4E, 0x2C, 0x48, 0x69,
    0x74, 0x6D, 0x50, 0x26, 0x86, 0x50, 0x85, 0x5E, 0x98, 0xEE, 0x47, 0xBA, 0xDD, 0x32, 0x2F, 0x27,
    0x74, 0x1D, 0xC6, 0x5F, 0xF0, 0x4D, 0x79, 0x3F, 0x61, 0x27, 0xA2, 0xAF, 0x6D, 0xF1, 0xC4, 0xC8,
    0xC9, 0x48, 0x18, 0x3E, 0x40, 0x4B, 0xD4, 0x62, 0x59, 0x03, 0x79, 0x54, 0x23, 0x5D, 0x19, 0xC9,
    0xF1, 0x2C, 0xFB, 0xA7, 0xE6, 0xE2, 0x09, 0x30, 0x82, 0x13, 0xD8, 0xA0, 0xC2, 0x3A, 0x83, 0x21,
    0xDF, 0x4D, 0xBE, 0x5D, 0x13, 0xA0, 0x10, 0x6A, 0xA1, 0x17, 0x91, 0x20, 0x06, 0xB7, 0xC5, 0x19,
    0x03, 0x4C, 0x22, 0x86, 0x05, 0xE9, 0x37, 0xB7, 0x6F, 0xC7, 0x29, 0x0C, 0x6B, 0x3F, 0xE1, 0x35,
    0xAC, 0x2E, 0xA8, 0x86, 0x81, 0x24, 0xAB, 0x28, 0x76, 0xCF, 0x73, 0xFA, 0x3F, 0x63, 0x48, 0x0C,
    0x81, 0x5E, 0x67, 0x41, 0xBD, 0xC7, 0x6E, 0xC3, 0x0B, 0x3C, 0xD2, 0x60, 0xB4, 0x14, 0x83, 0x23,
    0x13, 0xE9, 0x32, 0x52, 0x2B, 0x38, 0x33, 0xEC, 0x75, 0x04, 0x63, 0x50, 0xB1, 0x13, 0x8A, 0x57,
    0x30, 0x96, 0x4A, 0x07, 0xE4, 0x8B, 0x59, 0x38, 0x5E, 0xF4, 0x0C, 0xAC, 0x78, 0x30, 0x9B, 0xD6,
    0x1F, 0x8F, 0x35, 0x02, 0xD3, 0xA8, 0x82, 0x4B, 0x56, 0xDD, 0x07, 0xF8, 0xCD, 0xAE, 0x21, 0x61,
    0x0D, 0x3E, 0xE9, 0x94, 0x0B, 0xA5, 0xEA, 0x76, 0x62, 0x17, 0xCA, 0x93, 0x54, 0xB8, 0x72, 0x36,
    0xB6, 0x9D, 0x88, 0xF4, 0x84, 0xB2, 0xB0, 0x72, 0x28, 0x2F, 0x6D, 0x44, 0x53, 0xBB, 0x7B, 0xF6,
    0x5F, 0x74, 0xA3, 0x78, 0x0B, 0xBE, 0x98, 0x46, 0x38, 0x72, 0xCB, 0xAB, 0xCC, 0xF1, 0xF2, 0x69,
    0x0C, 0x99, 0xBD, 0xCD, 0x89, 0x8A, 0x55, 0x49, 0xBA, 0x0E, 0x27, 0xA6, 0x96, 0x0D, 0xCC, 0x08,
    0xD2, 0xD8, 0x0E, 0xA8, 0xC8, 0x65, 0x63, 0xC5, 0xA9, 0x29, 0x6B, 0xF6, 0x66, 0x59, 0xD1, 0x98,
    0xF7, 0x15, 0xA1, 0x02, 0x47, 0x4E, 0x99, 0xE2, 0x0D, 0xF4, 0x4E, 0x1E, 0x72, 0xAD, 0x8D, 0x0D,
    0x0B, 0xD4, 0x0F, 0xDD, 0xC4, 0x58, 0xA3, 0x13, 0x46, 0x40, 0x8B, 0xF5, 0xAF, 0x62, 0x30, 0xCA,
    0xB3, 0x30, 0x2E, 0x02, 0xCE, 0x04, 0x58, 0x2B, 0xE5, 0xAB, 0x6C, 0x17, 0xE4, 0xDA, 0x38, 0xEB,
    0x98, 0xD7, 0xD9, 0xFF, 0x18, 0xFF, 0x62, 0xEB, 0xD0, 0xC9, 0x13, 0xF7, 0xF7, 0x7B, 0x76, 0xC1,
    0x15, 0x8E, 0x92, 0xFB, 0x05, 0x37, 0xFB, 0xCA, 0x05, 0x2F, 0x7B, 0x2D, 0x5D, 0xA9, 0x2B, 0x4E,
    0x7D, 0x7A, 0x6D, 0x3F, 0xDF, 0x97, 0x69, 0x9B, 0x77, 0xFD, 0xF5, 0xF2, 0xD4, 0x0D, 0xFB, 0xFA,
    0xAF, 0x9C, 0x38, 0xEA, 0x92, 0xA8, 0xE7, 0x4D, 0xB7, 0x41, 0xFD, 0xE8, 0x35, 0xD1, 0x12, 0xF6,
    0x93, 0x58, 0x72, 0xB2, 0x0A, 0x65, 0x45, 0xEE, 0x3B, 0x41, 0x6B, 0xFF, 0x00, 0x8D, 0x95, 0x5D,
    0xAA, 0xEC, 0x30, 0x08, 0x80, 0x03, 0x79, 0xBD, 0xE0, 0x86, 0x0A, 0x6E, 0x3D, 0x30, 0x1B, 0x12,
    0xCE, 0xAB, 0xE0, 0xF1, 0x2F, 0x69, 0x4C, 0x3B, 0x87, 0x1B, 0x98, 0x7C, 0x9D, 0xC4, 0xAA, 0x51,
    0x63, 0xBB, 0xE8, 0xA0, 0xD6, 0x0D, 0xBC, 0xC0, 0xCD, 0x7E, 0x07, 0xAA, 0x48, 0xA0, 0x0E, 0xF1,
    0x41, 0x15, 0x0D, 0x87, 0x6F, 0x26, 0xF2, 0xBD, 0x0D, 0xE4, 0xEB, 0x3D, 0x00, 0x4F, 0xA8, 0xA9,
    0x51, 0xB0, 0x59, 0x84, 0x64, 0x2A, 0x5F, 0x4C, 0xE7, 0xDC, 0x4B, 0x13, 0x4B, 0x22, 0xC5, 0x69,
    0x74, 0x13, 0xD8, 0x97, 0x87, 0x99, 0x47, 0xC2, 0x1F, 0x53, 0x0E, 0x03, 0xF2, 0x4C, 0x3D, 0xBD,
    0xC2, 0xB0, 0x06, 0xA1, 0xCF, 0x5C, 0xB0, 0x07, 0xFB, 0xE9, 0x92, 0xEE, 0xBA, 0x88, 0x49, 0x85,
    0x00, 0x4E, 0x3B, 0x93, 0xAA, 0xF4, 0x95, 0xA7, 0xDC, 0xC1, 0x12, 0xCF, 0x51, 0xE1, 0x0E, 0xC2,
    0x82, 0xBD, 0xF2, 0x40, 0x15, 0x51, 0x57, 0xF9, 0x09, 0xEA, 0xDF, 0x71, 0xBE, 0x40, 0xBE, 0xE7,
    0xCA, 0xFA, 0x98, 0xAA, 0x31, 0x7C, 0x81, 0x89, 0x95, 0x0E, 0xA4, 0x3B, 0x15, 0x92, 0xB1, 0x92,
    0x8C, 0x52, 0xD3, 0x38, 0xAB, 0x0D, 0xB1, 0xDC, 0x22, 0x0F, 0x0B, 0xFD, 0x87, 0x74, 0x11, 0x40,
    0xBA, 0xB8, 0x7C, 0xA8, 0xA6, 0xA9, 0xB2, 0xFB, 0x82, 0x1F, 0x3D, 0xC2, 0x2C, 0xF9, 0xAC, 0xEA,
    0xF1, 0x02, 0x9B, 0xDB, 0xCB, 0xEC, 0xB6, 0xCA, 0xEC, 0xEB, 0x36, 0xAE, 0x36, 0xCB, 0x28, 0x02,
    0xEA, 0x45, 0x22, 0x5E, 0x2B, 0x64, 0x1B, 0x51, 0x00, 0x5C, 0x10, 0x09, 0x3E, 0xC0, 0x7B, 0xE1,
    0x9E, 0x08, 0xD5, 0x05, 0x40, 0xEC, 0x35, 0x56, 0x31, 0x1C, 0x38, 0x11, 0xA9, 0x6E, 0x3B, 0xAE,
    0xE6, 0x7B, 0x77, 0xD1, 0x8F, 0x3B, 0xBE, 0xFB, 0x2C, 0xAB, 0x64, 0xF6, 0xE1, 0x5E, 0x62, 0x99,
    0x2D, 0xA3, 0xC7, 0xAC, 0x3E, 0xBE, 0xCE, 0x4F, 0xC9, 0x94, 0x77, 0x3D, 0x23, 0x75, 0x8A, 0x6C,
    0x73, 0x76, 0x85, 0xCC, 0xD6, 0x22, 0x24, 0x57, 0x81, 0x68, 0x54, 0xE3, 0x4C, 0x20, 0x90, 0xB5,
    0x82, 0x51, 0x49, 0x91, 0x5D, 0x85, 0x5D, 0x43, 0x50, 0x7B, 0x71, 0xC9, 0x34, 0x7F, 0x9A, 0x1D,
    0xAD, 0x43, 0xCD, 0x23, 0x5B, 0xAD, 0xE1, 0xBC, 0xFD, 0xB7, 0xC1, 0xF1, 0xC2, 0x0C, 0xD0, 0x57,
    0x7E, 0x7B, 0x2F, 0x79, 0x8F, 0x2B, 0xAF, 0x65, 0x76, 0xB2, 0x74, 0x3E, 0x32, 0x10, 0x0D, 0x43,
    0x3E, 0xD1, 0x6E, 0x9A, 0xFD, 0xD5, 0x78, 0xA0, 0x9D, 0xFB, 0x23, 0x60, 0xDD, 0xB0, 0xD9, 0x15,
    0x46, 0xEB, 0x87, 0xC0, 0x68, 0xCA, 0x89, 0xDC, 0x46, 0xF6, 0x0D, 0xDA, 0x1B, 0x18, 0xDE, 0x26,
    0xB6, 0x4E, 0x29, 0x0B, 0x1C, 0x9B, 0x15, 0x55, 0xA4, 0x62, 0x8D, 0x8C, 0x99, 0xB4, 0x87, 0xB9,
    0x6C, 0xD7, 0x07, 0xA2, 0xA6, 0x0F, 0xBC, 0x49, 0x66, 0xDA, 0x0F, 0x84, 0xF7, 0x9C, 0x17, 0x26,
    0xE1, 0x1F, 0x94, 0x09, 0x72, 0xC0, 0x84, 0x8B, 0xC4, 0x35, 0x98, 0x80, 0xC6, 0xEB, 0x26, 0xEA,
    0xF8, 0x17, 0x67, 0xC0, 0xB1, 0x43, 0x62, 0x71, 0xBF, 0xD1, 0x13, 0x51, 0x30, 0x76, 0xC6, 0x0D,
    0x3D, 0xF3, 0x1F, 0x57, 0xA4, 0xE2, 0xED, 0xAB, 0xF6, 0x5F, 0x09, 0xF8, 0x2B, 0x0F, 0x7C, 0x07,
    0xBD, 0xB5, 0x5F, 0x9D, 0x94, 0x61, 0x6A, 0xC3, 0x30, 0x0C, 0x85, 0x05, 0xFE, 0x3B, 0xD0, 0x55,
    0x76, 0x80, 0x81, 0xAE, 0x6E, 0xC8, 0x01, 0x7A, 0x15, 0x43, 0xFE, 0x1A, 0xB4, 0xF7, 0x24, 0x2D,
    0xAD, 0x93, 0xB6, 0x1B, 0x33, 0x69, 0xBF, 0xC4, 0x92, 0xAD, 0x67, 0x49, 0x49, 0x73, 0x8E, 0xD1,
    0x56, 0x0C, 0x31, 0x69, 0x77, 0x60, 0x6E, 0x5B, 0x70, 0xB1, 0xED, 0xC0, 0x7E, 0x60, 0x88, 0xE4,
    0x72, 0xF9, 0x71, 0x39, 0x43, 0xC7, 0x14, 0xBB, 0xA3, 0xE7, 0x64, 0xC2, 0x0A, 0x32, 0x45, 0x7D,
    0x78, 0xE2, 0x0B, 0x7B, 0xA9, 0x77, 0xB9, 0x0C, 0x2D, 0x5A, 0xD9, 0xCA, 0x07, 0x4B, 0x72, 0xDA,
    0x27, 0xD1, 0x7C, 0x0B, 0x83, 0xBA, 0xD8, 0xE4, 0x63, 0x6C, 0x0A, 0x6B, 0x0C, 0xCC, 0xE1, 0xDF,
    0x5C, 0x52, 0xC1, 0x94, 0x8F, 0xDA, 0x14, 0xF9, 0xD8, 0x90, 0x8F, 0x2B, 0x87, 0x31, 0x13, 0xBF,
    0x33, 0x33, 0x16, 0xDC, 0xFD, 0x81, 0xBC, 0x5C, 0x92, 0x72, 0x67, 0xDE, 0xC6, 0xC8, 0x63, 0xC4,
    0x29, 0xB0, 0x6A, 0x86, 0x76, 0x06, 0x9F, 0x1A, 0x65, 0x9A, 0xDA, 0x02, 0x91, 0xE0, 0x76, 0x82,
    0x45, 0x11, 0x4F, 0x10, 0x9D, 0xE1, 0x62, 0xFE, 0x88, 0x10, 0x48, 0xA0, 0x6C, 0xB3, 0xF9, 0x4E,
    0x4F, 0xDD, 0x07, 0x9F, 0x74, 0x0B, 0xC4, 0x49, 0x80, 0x8C, 0x57, 0xF8, 0xB8, 0x46, 0x97, 0x79,
    0x68, 0x17, 0x99, 0x55, 0x8C, 0xCA, 0x22, 0xEE, 0xBC, 0x17, 0x58, 0xC5, 0x00, 0x56, 0x68, 0xB7,
    0x6D, 0x12, 0x0E, 0x23, 0x02, 0x3A, 0xCA, 0x37, 0xF5, 0x06, 0x75, 0x03, 0xE7, 0xC4, 0x98, 0x09,
    0x3E, 0xA1, 0x92, 0x40, 0xA4, 0xE5, 0xC0, 0xC6, 0xE2, 0x15, 0x22, 0x3B, 0x01, 0xB6, 0x66, 0x21,
    0x34, 0x9D, 0x11, 0x19, 0xF5, 0x2B, 0xD2, 0x76, 0x34, 0x56, 0x7F, 0xEC, 0x2B, 0xEB, 0x9F, 0x12,
    0xBB, 0xF3, 0xD7, 0x0E, 0x40, 0xBC, 0x29, 0x33, 0x10, 0x59, 0x86, 0x78, 0xB3, 0x05, 0x8A, 0xE3,
    0xFC, 0x0D, 0x79, 0xDA, 0x44, 0x76, 0x25, 0xC0, 0x7E, 0x95, 0x40, 0x67, 0x4A, 0xED, 0xC6, 0x2C,
    0x8B, 0xEB, 0x94, 0x2F, 0x96, 0x93, 0x2D, 0x8D, 0x34, 0xB2, 0x0E, 0xB8, 0xC5, 0x2C, 0xAD, 0x47,
    0x11, 0x5A, 0x28, 0xEC, 0xD9, 0x36, 0x07, 0xD8, 0x99, 0x7A, 0xC6, 0xEA, 0x92, 0xE0, 0x4E, 0x71,
    0x78, 0x38, 0xB1, 0x41, 0x56, 0x65, 0x01, 0x86, 0xA4, 0xA3, 0x0D, 0x5E, 0xA1, 0xC1, 0xF9, 0x4E,
    0xB5, 0x74, 0xD9, 0xD2, 0x8D, 0x4D, 0x6B, 0x11, 0x68, 0xFC, 0x21, 0x6C, 0xBE, 0x92, 0xDD, 0x9F,
    0x82, 0x95, 0xD7, 0xF7, 0x68, 0x2B, 0xC6, 0x23, 0x20, 0x80, 0xBB, 0x58, 0x0F, 0xB0, 0x23, 0x89,
    0xA8, 0x75, 0xBE, 0x61, 0xDD, 0x65, 0xC1, 0x73, 0x11, 0x2F, 0x5D, 0x46, 0x21, 0xBA, 0x5F, 0x5F,
    0x00, 0x41, 0xC7, 0x15, 0xA3, 0xFD, 0x8A, 0xA7, 0xEB, 0x12, 0xCF, 0x02, 0xAD, 0x92, 0x56, 0x65,
    0xEF, 0x6C, 0x68, 0xA6, 0xF9, 0x12, 0x74, 0xBC, 0x9D, 0xC1, 0x96, 0xA3, 0x8B, 0x16, 0x72, 0x81,
    0xB2, 0xD9, 0xF8, 0x9D, 0xC9, 0xAF, 0xFC, 0x6D, 0x12, 0xAC, 0x0B, 0xDE, 0x62, 0xDC, 0x00, 0xC6,
    0x69, 0x00, 0xCB, 0x00, 0x7C, 0xC8, 0xDB, 0xBF, 0x54, 0x57, 0xF4, 0x04, 0xDB, 0x47, 0x5F, 0x09,
    0x5C, 0x5C, 0x0A, 0xAB, 0xAD, 0xF6, 0x5C, 0x01, 0x9B, 0xC6, 0x2E, 0x7B, 0xC1, 0x0B, 0xC7, 0xBA,
    0x77, 0xAA, 0xBF, 0x01, 0x95, 0x95, 0x5D, 0x6A, 0x2B, 0x31, 0x0C, 0x85, 0x05, 0x7E, 0x0D, 0x78,
    0x2B, 0x59, 0xC0, 0x80, 0xB6, 0x6E, 0xC8, 0x02, 0x66, 0x2B, 0x86, 0xBC, 0x0A, 0x74, 0x75, 0x8E,
    0xEC, 0x89, 0x9D, 0xA4, 0xE5, 0x76, 0x9A, 0xF4, 0xEB, 0x8C, 0xFE, 0x8E, 0x25, 0x7B, 0xEA, 0x8E,
    0xAB, 0xF9, 0x0E, 0x89, 0xAB, 0x06, 0x4A, 0xFF, 0x84, 0x86, 0xC7, 0xC0, 0x79, 0x61, 0x77, 0x29,
    0xEE, 0x16, 0xA8, 0x3B, 0x9A, 0x7C, 0xC1, 0xE6, 0x32, 0xCB, 0x26, 0x7E, 0x53, 0xF6, 0xCD, 0x66,
    0x52, 0x61, 0x33, 0xD1, 0x46, 0xB8, 0xDC, 0x02, 0x85, 0x72, 0xAD, 0x26, 0xB4, 0x97, 0x28, 0x64,
    0xF1, 0x77, 0x0F, 0x98, 0x7A, 0x83, 0x67, 0x75, 0x49, 0x4F, 0x63, 0x6A, 0xCD, 0x9C, 0x05, 0x39,
    0x5D, 0xAD, 0x9E, 0xC8, 0x99, 0x9E, 0x91, 0x9B, 0xC9, 0x1E, 0x92, 0x39, 0xF9, 0x50, 0x11, 0x17,
    0xB6, 0x6A, 0x3F, 0xA9, 0x4E, 0xE8, 0x7A, 0xD7, 0x07, 0x8C, 0x2B, 0xEA, 0xC6, 0xB6, 0xBE, 0x10,
    0x95, 0x16, 0x6C, 0xB6, 0x25, 0xE0, 0xFC, 0x40, 0xE9, 0xFA, 0x89, 0x6A, 0x84, 0x32, 0x9C, 0x9D,
    0x88, 0xEA, 0x58, 0x6F, 0x37, 0x6F, 0x02, 0x5B, 0x17, 0x29, 0x67, 0xDF, 0x95, 0x0D, 0x88, 0xDC,
    0x44, 0xB2, 0xED, 0x84, 0xEE, 0xE0, 0x2F, 0x7A, 0xDA, 0x0E, 0x29, 0x26, 0x46, 0xA9, 0x84, 0x0E,
    0x34, 0x22, 0xE6, 0x18, 0x28, 0x89, 0x8A, 0xF9, 0x7B, 0xD7, 0x84, 0x4F, 0xD0, 0x76, 0x24, 0xE4,
    0x7F, 0x90, 0x65, 0x27, 0x94, 0xB0, 0x94, 0xF8, 0x0E, 0x7B, 0x43, 0xE9, 0x84, 0x76, 0xF4, 0x44,
    0x7D, 0x01, 0x5B, 0x80, 0xAC, 0x70, 0xA9, 0x89, 0xD8, 0x22, 0x80, 0x66, 0xDC, 0x71, 0x85, 0x03,
    0xEC, 0xBA, 0x20, 0x3C, 0x56, 0xEC, 0x06, 0x28, 0xEF, 0x62, 0xEE, 0xA8, 0x77, 0x67, 0x3A, 0x51,
    0xA5, 0x1A, 0x97, 0x0B, 0x94, 0x7B, 0x41, 0x51, 0x36, 0x7C, 0x22, 0x97, 0xFC, 0x81, 0x06, 0x2A,
    0x86, 0xFB, 0x85, 0xB4, 0xA3, 0xAF, 0xDF, 0xB8, 0xC4, 0xBF, 0x78, 0x0C, 0x8E, 0xF8, 0x2B, 0x5F,
    0x1F, 0x1C, 0xF5, 0x7A, 0xF2, 0x90, 0x11, 0x97, 0x1B, 0x62, 0x8E, 0xA4, 0xBD, 0xA8, 0xC9, 0x58,
    0x60, 0xE3, 0xC2, 0x8B, 0x25, 0x3A, 0x51, 0x07, 0xD2, 0xA6, 0x39, 0x3E, 0x80, 0x9F, 0xFC, 0x8A,
    0x4C, 0xC4, 0x34, 0x9E, 0x44, 0x39, 0x91, 0xD1, 0x72, 0xA3, 0x8D, 0x6D, 0xC7, 0x9E, 0xE6, 0xF4,
    0x71, 0x7F, 0x93, 0x1B, 0xB6, 0x04, 0x4E, 0x3A, 0x46, 0xC9, 0x85, 0x38, 0x8E, 0x31, 0xDE, 0x00,
    0x58, 0x14, 0xEE, 0x5B, 0x9C, 0x96, 0x54, 0x73, 0x87, 0xBE, 0x3A, 0x56, 0x32, 0xD0, 0x12, 0xB2,
    0x5E, 0x63, 0x50, 0xF1, 0xF6, 0xE0, 0x02, 0x13, 0x5D, 0x4A, 0x8E, 0x70, 0x38, 0xD4, 0xF5, 0xF0,
    0xF7, 0x81, 0xF1, 0xF0, 0x9A, 0x18, 0x91, 0x07, 0xCE, 0x76, 0xEC, 0x2E, 0x3B, 0xF6, 0x9C, 0x3A,
    0xCF, 0xAB, 0x2C, 0xD5, 0x4B, 0x2A, 0xDB, 0x81, 0x16, 0x23, 0xCB, 0x86, 0xBA, 0x2A, 0x9B, 0xB8,
    0x5C, 0x32, 0xF3, 0xC4, 0x1E, 0xFE, 0xC5, 0xE6, 0xDB, 0x35, 0xDF, 0x08, 0x1A, 0x2F, 0xD9, 0x31,
    0x99, 0xA9, 0x25, 0x55, 0x9F, 0xFC, 0xF8, 0xC3, 0xF3, 0x54, 0xC4, 0xBC, 0x16, 0xF1, 0xAD, 0x6E,
    0x88, 0xEC, 0x47, 0xFC, 0xA0, 0x48, 0x24, 0x24, 0xF8, 0x7F, 0x47, 0x1F, 0x18, 0x1D, 0x55, 0xBC,
    0x20, 0x47, 0xCC, 0xD6, 0xCF, 0xE3, 0xC0, 0xC9, 0x3E, 0xF5, 0xF0, 0x89, 0xB0, 0x55, 0x7B, 0x12,
    0xFE, 0x9C, 0x9E, 0xEF, 0xE1, 0xEC, 0x62, 0x3C, 0xCE, 0xB2, 0x09, 0x7F, 0x74, 0x94, 0x4D, 0x40,
    0xB2, 0x73, 0x07, 0x11, 0x50, 0xA3, 0xED, 0x4E, 0x35, 0x2D, 0xE5, 0x2F, 0xC0, 0xC3, 0x7F, 0x95,
    0x95, 0x5D, 0x8A, 0xE4, 0x30, 0x0C, 0x84, 0x05, 0x7E, 0x1D, 0xD0, 0x55, 0xE6, 0x00, 0x03, 0xBA,
    0xBA, 0xA1, 0x0F, 0x90, 0xAB, 0x18, 0xFA, 0x55, 0xA0, 0x95, 0xAA, 0x94, 0x74, 0xDC, 0xCC, 0xEC,
    0xEE, 0x04, 0x9A, 0xAF, 0xE3, 0x1F, 0x59, 0x56, 0x49, 0x8A, 0x88, 0x2E, 0xC1, 0x63, 0x27, 0x23,
    0xF0, 0x2F, 0xF2, 0x49, 0x68, 0x33, 0x87, 0xC3, 0x45, 0x46, 0xBE, 0xD4, 0xCA, 0x1C, 0x9E, 0x31,
    0xF3, 0x7D, 0x19, 0xA6, 0xC7, 0xD4, 0x9A, 0xE6, 0xC2, 0xD9, 0xEB, 0x73, 0xA4, 0xDE, 0xF2, 0xCF,
    0xB4, 0x34, 0x8A, 0xBD, 0xC1, 0x71, 0x98, 0xAF, 0x85, 0x17, 0xC5, 0xC4, 0xEE, 0x7C, 0x9F, 0xFF,
    0xE5, 0xBA, 0xF3, 0x19, 0xFC, 0xDF, 0xB7, 0x6C, 0xB4, 0x73, 0xF4, 0x65, 0x00, 0x4B, 0xFD, 0x35,
    0x15, 0x53, 0x0F, 0x60, 0x68, 0x6E, 0xCF, 0x63, 0x94, 0x56, 0x4F, 0xF4, 0xE0, 0x77, 0x73, 0x12,
    0x3C, 0x96, 0x61, 0xEB, 0xE8, 0xE5, 0x59, 0x69, 0x5E, 0x19, 0xBB, 0xE1, 0x0C, 0xD1, 0x54, 0x46,
    0xEE, 0x8C, 0x53, 0x3D, 0xC6, 0x10, 0x19, 0x22, 0xEE, 0xB2, 0x3F, 0x79, 0x96, 0xDD, 0x20, 0x77,
    0x44, 0x23, 0xFC, 0x85, 0xD1, 0xF0, 0x51, 0xD0, 0x95, 0x58, 0x44, 0x9E, 0x37, 0x35, 0x95, 0xCB,
    0x33, 0x0A, 0xA9, 0xD0, 0xB1, 0xCC, 0xD6, 0x57, 0x09, 0x05, 0x47, 0xA7, 0x8D, 0xC8, 0xFD, 0x69,
    0x33, 0x18, 0xEA, 0xCF, 0x34, 0x83, 0x13, 0x94, 0x48, 0x4B, 0x38, 0x08, 0xBE, 0x0C, 0x42, 0xE9,
    0x44, 0xA9, 0x6B, 0x70, 0x13, 0x83, 0xF4, 0xB1, 0x32, 0x85, 0x0A, 0x6C, 0x59, 0x12, 0x48, 0x36,
    0x25, 0x0C, 0xC8, 0xC3, 0x05, 0xE1, 0x5C, 0xA3, 0x02, 0xF8, 0x0C, 0xEE, 0xE8, 0xAC, 0x34, 0x6C,
    0x1B, 0xCC, 0xC9, 0x74, 0xBB, 0xCE, 0x0A, 0x04, 0x14, 0xD7, 0x88, 0x65, 0xEB, 0xB4, 0xE6, 0xE5,
    0x64, 0x5B, 0x0B, 0x5A, 0x0B, 0x5A, 0xB3, 0xDD, 0x9A, 0xC0, 0x98, 0x5C, 0xAE, 0x5C, 0x7E, 0x89,
    0xF5, 0xB2, 0x75, 0x49, 0xF0, 0xCE, 0x79, 0x96, 0x48, 0x6E, 0x7B, 0xA7, 0x88, 0x0B, 0x7C, 0x2F,
    0x05, 0xEE, 0xD4, 0xF2, 0xD1, 0x5F, 0xB4, 0x74, 0x1E, 0x35, 0x31, 0xE3, 0x2B, 0x57, 0x8C, 0x78,
    0x84, 0x8D, 0xF2, 0xFD, 0x08, 0x3B, 0x16, 0xE2, 0x72, 0x54, 0x88, 0x93, 0x8F, 0x4A, 0x38, 0x3B,
    0x74, 0x21, 0x43, 0xE6, 0x60, 0x6D, 0x4E, 0x04, 0x1D, 0x5C, 0xDB, 0xBB, 0xF6, 0x7C, 0x78, 0x07,
    0xB8, 0xC2, 0x24, 0x76, 0x38, 0xC5, 0x3A, 0xAE, 0x7C, 0xED, 0x27, 0xFE, 0x1B, 0xFE, 0x42, 0xD7,
    0xF4, 0x0E, 0x66, 0x85, 0x5C, 0xD0, 0x13, 0xEB, 0x06, 0x7B, 0x38, 0x41, 0x01, 0x84, 0xF5, 0x50,
    0x82, 0x21, 0xCF, 0x16, 0x42, 0xAF, 0x88, 0x4C, 0xD9, 0x51, 0x48, 0xB3, 0x78, 0x37, 0x87, 0x2A,
    0xEA, 0x0A, 0x3F, 0x4E, 0x85, 0xB4, 0xCB, 0x77, 0xC3, 0xEE, 0xEE, 0x0F, 0x18, 0x7F, 0xBD, 0x8A,
    0x6C, 0x77, 0x98, 0x72, 0x4B, 0x8E, 0x83, 0xF9, 0x89, 0xFD, 0x83, 0x77, 0x48, 0x97, 0x6B, 0x32,
    0x7F, 0x86, 0x6A, 0xAA, 0x1F, 0xF3, 0xCA, 0x29, 0x90, 0xDF, 0x4B, 0xE2, 0x9E, 0x51, 0xDF, 0xA0,
    0x93, 0x69, 0x47, 0x55, 0xA1, 0xFD, 0x0B, 0xF1, 0xC2, 0x8F, 0x17, 0xBB, 0xCB, 0xA1, 0x4F, 0xCA,
    0x31, 0xA9, 0x03, 0x1A, 0xBC, 0x06, 0x1A, 0x51, 0xB0, 0x2B, 0x40, 0x87, 0x6E, 0x4F, 0xD1, 0x02,
    0x7C, 0xC0, 0xD5, 0x4F, 0xF9, 0x90, 0xDE, 0x7D, 0x47, 0xC8, 0x06, 0x36, 0xD5, 0x0D, 0xD9, 0x92,
    0x9D, 0x35, 0xD6, 0x29, 0x5C, 0xD0, 0x4D, 0x1C, 0xD6, 0x93, 0xEF, 0xF8, 0x21, 0xB3, 0x3A, 0xA5,
    0xE2, 0x71, 0xCB, 0xA5, 0x6A, 0x05, 0x8E, 0xBB, 0x42, 0x87, 0xD9, 0x3D, 0xB7, 0x0C, 0xB3, 0x80,
    0xAF, 0x3B, 0xF4, 0x17, 0xC2, 0x1A, 0x0B, 0x88, 0x00, 0x46, 0x36, 0x49, 0x0A, 0xCE, 0x60, 0xD5,
    0xA0, 0x2E, 0xAC, 0xCC, 0x20, 0x15, 0xF2, 0x04, 0xC5, 0xB7, 0xCF, 0x81, 0xC1, 0xB7, 0x6C, 0xF4,
    0xF3, 0xCA, 0xAC, 0xF7, 0x3B, 0xEC, 0x55, 0x35, 0xBC, 0xAF, 0xC2, 0x10, 0x3E, 0xD9, 0x23, 0x27,
    0x7A, 0x45, 0xB0, 0x97, 0x95, 0x16, 0x0B, 0xA9, 0xA7, 0x0E, 0x1D, 0x86, 0xF3, 0xA3, 0x76, 0xE6,
    0xD2, 0x1F, 0xA5, 0x95, 0x5B, 0x8A, 0x23, 0x31, 0x0C, 0x45, 0x05, 0xFE, 0x1D, 0xD0, 0x56, 0xB2,
    0x80, 0x80, 0xB6, 0x6E, 0xA8, 0x05, 0x64, 0x2B, 0x86, 0xFC, 0x0A, 0x34, 0xF7, 0x4A, 0x76, 0x75,
    0x9C, 0xAE, 0xCC, 0xD0, 0x74, 0xD1, 0x9D, 0x93, 0xF8, 0xA1, 0xB7, 0x54, 0x22, 0xEB, 0x89, 0x4F,
    0xB0, 0xE0, 0x33, 0x76, 0xC8, 0x5D, 0x5C, 0x86, 0xE0, 0xC3, 0x9B, 0xF3, 0x5C, 0xC2, 0xC4, 0x15,
    0x8B, 0xD6, 0x0B, 0x87, 0x5B, 0x17, 0xD1, 0xE6, 0xB6, 0xA4, 0xF8, 0x0E, 0x6C, 0x46, 0xA7, 0x1E,
    0x85, 0x44, 0xAA, 0x7A, 0x78, 0x6A, 0x3D, 0x88, 0x16, 0xC2, 0x4D, 0x75, 0xE1, 0x26, 0xFE, 0x2D,
    0xF0, 0xD7, 0xB1, 0x8E, 0xEB, 0x3C, 0xE5, 0xC6, 0x4B, 0x3A, 0xFE, 0x4C, 0x0F, 0x70, 0xE9, 0x56,
    0xC0, 0x76, 0x3B, 0xC1, 0x6F, 0x6D, 0x2C, 0xE8, 0x80, 0xD8, 0x80, 0x7D, 0x46, 0x58, 0xB7, 0x4E,
    0x60, 0x59, 0x87, 0x43, 0xFE, 0xD0, 0x23, 0x2D, 0x3B, 0xF1, 0x24, 0xED, 0x78, 0xC2, 0x12, 0xB7,
    0x56, 0x56, 0x42, 0x46, 0x46, 0x22, 0x01, 0x0F, 0x88, 0x16, 0xDD, 0x29, 0x7F, 0x61, 0x14, 0x9C,
    0x68, 0x05, 0x6A, 0xE0, 0xBD, 0x71, 0x23, 0xE0, 0x09, 0x71, 0x97, 0xC4, 0x99, 0x06, 0xA9, 0xAF,
    0xCD, 0xFF, 0x93, 0x00, 0xCB, 0x53, 0xEF, 0x50, 0x6C, 0x3D, 0xE1, 0x64, 0x89, 0x24, 0x32, 0xBC,
    0xAD, 0xD2, 0x69, 0x25, 0xBB, 0xD6, 0x18, 0x27, 0x89, 0xCA, 0x43, 0xBC, 0x66, 0x65, 0xCC, 0xBD,
    0x7F, 0xA2, 0x45, 0xFD, 0x5A, 0x78, 0x71, 0x00, 0x7A, 0x0B, 0xD6, 0x37, 0x88, 0x7C, 0xAA, 0x82,
    0xE9, 0xAC, 0x96, 0x10, 0x7D, 0xA6, 0xD9, 0x76, 0xA4, 0x2D, 0x71, 0xE4, 0xAF, 0x48, 0x27, 0xE8,
    0x07, 0xEA, 0x41, 0x3D, 0x7D, 0xB1, 0x4A, 0x71, 0x2C, 0x50, 0x9C, 0xDF, 0x0B, 0xB2, 0x50, 0x21,
    0xFC, 0x80, 0xD8, 0x60, 0xFE, 0xEA, 0x43, 0xDF, 0x6C, 0x1A, 0x67, 0xB0, 0xFA, 0x1B, 0xEA, 0x70,
    0xF0, 0x02, 0x61, 0x2F, 0xD8, 0xBB, 0xA9, 0x2E, 0x8C, 0x1D, 0xF4, 0x23, 0x2A, 0x48, 0x59, 0xD3,
    0x55, 0xA6, 0xE1, 0x4B, 0xE1, 0xC8, 0x58, 0xAF, 0x26, 0xF1, 0x29, 0xA7, 0x57, 0x6E, 0x9D, 0x9F,
    0x92, 0xB6, 0x30, 0xE7, 0x3D, 0x1D, 0x88, 0x8A, 0x74, 0x36, 0xC5, 0xAD, 0x6A, 0x69, 0x2B, 0xA9,
    0xC4, 0x0F, 0x4A, 0x8A, 0x9B, 0xC7, 0x42, 0x5E, 0xEC, 0xB2, 0x3F, 0x7B, 0x11, 0xC5, 0x99, 0xD4,
    0xD4, 0x7B, 0x09, 0x1D, 0x80, 0x2F, 0x44, 0x27, 0xD0, 0xDA, 0x8D, 0xD7, 0x9D, 0xFE, 0x66, 0x6B,
    0x57, 0x77, 0xBC, 0x2B, 0x7B, 0x63, 0x56, 0x97, 0x4E, 0x9D, 0xDF, 0xD8, 0xAB, 0x60, 0xBF, 0xF1,
    0xC1, 0xED, 0x2F, 0xCE, 0x68, 0x9E, 0x65, 0x7A, 0x52, 0xFB, 0x4E, 0xCC, 0x8B, 0xF4, 0xFF, 0x82,
    0xB3, 0x0F, 0x26, 0xBD, 0xC2, 0xE7, 0x59, 0x5A, 0x27, 0xB5, 0x42, 0x8D, 0xE3, 0x6D, 0x32, 0x03,
    0x2A, 0xED, 0xCB, 0x3F, 0xFF, 0x59, 0xFB, 0x5B, 0x36, 0xFC, 0x8E, 0xEC, 0x91, 0xAC, 0x1B, 0x8E,
    0x69, 0x8E, 0xB9, 0xC6, 0xC9, 0xF9, 0x74, 0x2C, 0x5B, 0xB4, 0x40, 0x6C, 0x75, 0xDA, 0x5D, 0x13,
    0x22, 0x27, 0x2A, 0x4D, 0xE9, 0xF1, 0x60, 0x5B, 0x29, 0x33, 0xAD, 0xB8, 0x78, 0x64, 0x68, 0x58,
    0xCF, 0x2C, 0xC9, 0x6E, 0xA8, 0x5A, 0x0C, 0x4C, 0x45, 0x76, 0x98, 0x2D, 0xF8, 0xC8, 0x41, 0xCC,
    0x49, 0xEF, 0xBF, 0xC9, 0xD1, 0x1D, 0xC5, 0xEA, 0xB3, 0x6B, 0xC0, 0x83, 0x63, 0x98, 0x8A, 0x1D,
    0xE3, 0xAC, 0x62, 0xDA, 0x61, 0x1D, 0xE7, 0x2C, 0x2C, 0x60, 0x09, 0x61, 0xE8, 0x42, 0x29, 0x26,
    0xAF, 0xB7, 0x9E, 0x07, 0xB2, 0x24, 0xE9, 0x64, 0xD6, 0x36, 0x65, 0x67, 0xD7, 0xA4, 0xFC, 0x0A,
    0x58, 0x9C, 0xD4, 0x07, 0x47, 0xF9, 0xBD, 0x3A, 0xDC, 0xE5, 0x82, 0xB3, 0x16, 0xDE, 0x29, 0x57,
    0xAF, 0xCA, 0xE9, 0xC5, 0x35, 0x50, 0x14, 0x7C, 0x23, 0x6E, 0x8B, 0x65, 0x47, 0x16, 0x58, 0x4D,
    0xC4, 0xC4, 0xD4, 0x61, 0x3B, 0xCA, 0x20, 0x78, 0x7F, 0x09, 0xC6, 0x08, 0x43, 0x72, 0xF8, 0xAD,
    0xC0, 0x97, 0x2C, 0x92, 0x6F, 0xF0, 0x3C, 0x11, 0xC1, 0x10, 0x18, 0xB3, 0x1F, 0xC1, 0x88, 0xA4,
    0x49, 0x69, 0xF9, 0x5F, 0x9D, 0x95, 0x4D, 0x8A, 0xC3, 0x30, 0x0C, 0x85, 0x0D, 0xDE, 0x16, 0x7C,
    0x95, 0x39, 0x40, 0x41, 0x57, 0x17, 0xE4, 0x00, 0xB9, 0x8A, 0xA0, 0x5B, 0x81, 0x46, 0xEF, 0xC9,
    0x69, 0x12, 0x93, 0xD9, 0x8C, 0xDB, 0xF8, 0x2B, 0x96, 0x2D, 0xEB, 0x37, 0x6D, 0xAD, 0x45, 0xE3,
    0x90, 0x7C, 0x46, 0x60, 0xF8, 0x33, 0x74, 0x78, 0xD7, 0x44, 0x8F, 0x61, 0x09, 0x8F, 0x30, 0x6F,
    0x1E, 0x23, 0xF6, 0x96, 0xE8, 0x21, 0xDA, 0x3D, 0xC4, 0x46, 0x7E, 0x22, 0x34, 0x5C, 0x12, 0x90,
    0xEF, 0x38, 0x2D, 0x1D, 0x4A, 0xEC, 0x2D, 0x44, 0x13, 0xAF, 0xFB, 0x94, 0x48, 0x13, 0x04, 0xBF,
    0x9F, 0x81, 0xB1, 0x42, 0x0A, 0x87, 0xDD, 0x0F, 0x10, 0x6E, 0x5B, 0xD0, 0xEA, 0xE0, 0x09, 0xB0,
    0x43, 0x80, 0xAB, 0x82, 0xE7, 0x8C, 0x0B, 0x3D, 0x4D, 0xD6, 0x5C, 0x87, 0xDF, 0x10, 0xFB, 0xB0,
    0x44, 0x46, 0xC0, 0x2F, 0x48, 0xF7, 0x20, 0x0B, 0x85, 0x2C, 0x5D, 0xE7, 0xB9, 0x41, 0x64, 0xA8,
    0xA8, 0x8C, 0xB6, 0xA4, 0xC3, 0x69, 0x78, 0x13, 0xC5, 0xE6, 0xF6, 0xC6, 0x9A, 0xD3, 0x79, 0x3C,
    0x4F, 0x10, 0xC4, 0x68, 0x45, 0x7E, 0x91, 0x8A, 0x3B, 0xA2, 0x64, 0x27, 0x3E, 0xC6, 0x9D, 0xDD,
    0x4B, 0xD9, 0x44, 0x94, 0x96, 0x09, 0xD9, 0x0F, 0x40, 0xF6, 0xBA, 0xDC, 0xBE, 0x39, 0xCE, 0x66,
    0xBE, 0x4A, 0xD9, 0x44, 0xEE, 0x56, 0xF8, 0x30, 0x2A, 0xE4, 0x63, 0x56, 0xCC, 0x99, 0x40, 0x66,
    0xAB, 0xD5, 0xD1, 0x69, 0xA7, 0xBF, 0x4A, 0x83, 0x8C, 0x2D, 0x6D, 0xCD, 0xBB, 0xF6, 0x54, 0x63,
    0x59, 0x2C, 0xBB, 0x45, 0x6E, 0xC3, 0xCE, 0x0C, 0x4A, 0x9E, 0xCB, 0x48, 0xEC, 0x4A, 0xCD, 0xA8,
    0x14, 0x21, 0x94, 0x60, 0x8D, 0x30, 0x53, 0x51, 0x79, 0x8F, 0x5E, 0xC8, 0xDD, 0x3F, 0x4C, 0xEA,
    0x86, 0x2D, 0x82, 0xCC, 0x09, 0xDC, 0x60, 0xC6, 0xBE, 0xA8, 0x8C, 0x29, 0xD3, 0x0B, 0x3B, 0x63,
    0xC5, 0x77, 0xC8, 0xBF, 0x88, 0x6B, 0xE2, 0x42, 0x18, 0x81, 0x14, 0x5F, 0x39, 0xEC, 0xCB, 0x0E,
    0x5B, 0x87, 0x17, 0x73, 0x9A, 0x75, 0x52, 0xC4, 0xA6, 0x83, 0x3A, 0xC9, 0x7B, 0xB2, 0xA9, 0xDA,
    0xFC, 0xF9, 0x97, 0x1D, 0x8C, 0x24, 0xBB, 0xE8, 0xA0, 0xB7, 0xFB, 0xF0, 0x3F, 0xF1, 0x4E, 0xFC,
    0x40, 0x51, 0x56, 0x34, 0x2E, 0x75, 0x78, 0x52, 0xC8, 0x05, 0xC7, 0xF5, 0x00, 0x82, 0x09, 0x18,
    0x91, 0xC5, 0xAF, 0x44, 0x50, 0x0B, 0x7A, 0x20, 0x61, 0xD4, 0xE9, 0xA5, 0x9A, 0x96, 0x50, 0x27,
    0xCA, 0xC2, 0xCA, 0x2C, 0xAB, 0xE2, 0xD1, 0xD3, 0x46, 0xE1, 0x1A, 0x5B, 0xB1, 0xB1, 0x84, 0x81,
    0x92, 0x2C, 0x3E, 0xA0, 0x40, 0xDF, 0x98, 0x2D, 0x58, 0xDD, 0xA2, 0x4C, 0xB0, 0x61, 0xCE, 0x8F,
    0x0A, 0x2B, 0x1E, 0x01, 0x65, 0x35, 0xB0, 0x2F, 0xEA, 0xBD, 0x75, 0x9D, 0xCB, 0x3A, 0x6F, 0x8A,
    0x39, 0x8B, 0x54, 0x97, 0x39, 0x95, 0x2E, 0xF3, 0xC3, 0x1E, 0x6A, 0x80, 0x07, 0x97, 0xD9, 0x0E,
    0x33, 0xCB, 0x52, 0x24, 0x71, 0x6C, 0x65, 0xF6, 0xD8, 0xF9, 0xBA, 0x32, 0x10, 0x56, 0x8D, 0xCD,
    0x26, 0xBD, 0xD6, 0x75, 0xC6, 0x05, 0xDD, 0x16, 0xB1, 0x2F, 0x54, 0x61, 0x6B, 0x8E, 0x93, 0xDE,
    0x6A, 0xFD, 0x81, 0xB8, 0x14, 0xF1, 0x1B, 0xFB, 0xAE, 0x07, 0xFD, 0xC6, 0xED, 0x03, 0x66, 0x53,
    0x7E, 0xCC, 0xD1, 0x3A, 0xDB, 0x0E, 0x22, 0x74, 0x9A, 0x7C, 0x47, 0x31, 0x1B, 0x33, 0x5A, 0x35,
    0xA8, 0xDF, 0xCA, 0xE9, 0x75, 0x54, 0xDA, 0xED, 0x9D, 0x5C, 0x8E, 0xFA, 0x0D, 0x8F, 0xAF, 0xED,
    0x7B, 0x05, 0x56, 0x4E, 0x16, 0xF8, 0xAC, 0x1C, 0xC1, 0x9F, 0x47, 0x47, 0xDE, 0xB4, 0xB0, 0x79,
    0xCF, 0xFF, 0x9B, 0x8C, 0xDA, 0xB8, 0x43, 0x29, 0x13, 0xC2, 0x88, 0x8C, 0x29, 0xCA, 0xB3, 0x92,
    0x92, 0xAF, 0x9A, 0x9B, 0xD5, 0xB6, 0x00, 0xF7, 0x75, 0x7B, 0x96, 0x9D, 0x5B, 0xBC, 0xAC, 0xF6,
    0x43, 0x4B, 0x2C, 0x28, 0x59, 0x5F, 0xC0, 0xE3, 0x07, 0xEC, 0x40, 0x63, 0x1F, 0x5D, 0x31, 0xAD,
    0x3E, 0xD0, 0x62, 0xF6, 0x02, 0xC6, 0x2F, 0xB5, 0x95, 0x59, 0x6A, 0x03, 0x31, 0x0C, 0x40, 0x05,
    0xFE, 0x2D, 0xE8, 0x42, 0x01, 0x5D, 0x5D, 0xD0, 0x03, 0xF4, 0x2A, 0x86, 0xFE, 0x0A, 0x54, 0xAD,
    0x33, 0xE3, 0xC4, 0x49, 0x0A, 0xA5, 0x9E, 0xC0, 0x63, 0x62, 0x45, 0xBB, 0x94, 0xA1, 0x7E, 0xE6,
    0x58, 0x31, 0x01, 0x00, 0x0F, 0xEC, 0x45, 0x90, 0x41, 0x60, 0x4C, 0x62, 0x50, 0x83, 0x89, 0xD9,
    0xDB, 0x77, 0xDE, 0x05, 0xA4, 0x31, 0xFD, 0x81, 0x02, 0x16, 0x42, 0x8B, 0x24, 0xB4, 0xC1, 0x61,
    0x93, 0x98, 0x38, 0xA0, 0x0E, 0x1D, 0xAE, 0x1E, 0x14, 0xDD, 0x18, 0xDC, 0x42, 0x13, 0xD4, 0xC9,
    0xDF, 0xCD, 0x1D, 0xD8, 0xAE, 0x25, 0xA5, 0xFE, 0x1D, 0xE6, 0x21, 0x40, 0x86, 0x20, 0x2B, 0x3C,
    0x7D, 0xE9, 0x69, 0x81, 0xAF, 0x20, 0x3E, 0x62, 0x50, 0x5A, 0x60, 0xEA, 0xD2, 0xC0, 0x8A, 0x32,
    0xD7, 0x56, 0xC3, 0x02, 0xAE, 0xE0, 0x10, 0xA2, 0x84, 0xC2, 0x05, 0xFE, 0x33, 0x77, 0x28, 0x41,
    0x33, 0xC1, 0x89, 0xAC, 0xEA, 0x47, 0x22, 0x55, 0x77, 0x08, 0x05, 0xAA, 0x80, 0x96, 0xE8, 0x91,
    0xDF, 0xE3, 0x89, 0x9B, 0xF7, 0x92, 0x6B, 0x72, 0x86, 0xEC, 0x30, 0x31, 0x82, 0xEB, 0x4A, 0x8F,
    0xAA, 0x74, 0xA5, 0x0C, 0x10, 0x36, 0xB9, 0xA6, 0x0B, 0x32, 0xBB, 0xB2, 0xA2, 0xB5, 0xE3, 0xA4,
    0x0B, 0xBC, 0x09, 0xBB, 0xAA, 0x5C, 0x86, 0xAA, 0xB3, 0xC8, 0x3E, 0x8C, 0xAC, 0x05, 0x0A, 0xDC,
    0x12, 0xF0, 0x0C, 0x5F, 0x7A, 0xC5, 0xA7, 0xDE, 0xBB, 0xE6, 0xC7, 0xFC, 0xB6, 0xEB, 0x11, 0xF9,
    0xE7, 0x68, 0x1E, 0x8F, 0x32, 0xFD, 0xAE, 0x82, 0x73, 0xF5, 0x8B, 0xC3, 0xD2, 0x60, 0x9E, 0x21,
    0x47, 0x77, 0xBC, 0x88, 0x0F, 0x85, 0x32, 0x2D, 0x01, 0xAA, 0xFE, 0x7A, 0x88, 0x88, 0x22, 0x22,
    0xF7, 0x8E, 0x02, 0xF0, 0x00, 0xD4, 0x42, 0xA4, 0x27, 0xC7, 0x30, 0x75, 0x82, 0xF8, 0xDB, 0x82,
    0xFD, 0x3C, 0xEC, 0x24, 0xEB, 0x6C, 0x9D, 0x27, 0xEF, 0x8F, 0x71, 0xE0, 0x7A, 0x37, 0xBB, 0xEE,
    0x62, 0xCF, 0x0B, 0xD0, 0x0A, 0x79, 0x18, 0x5F, 0xAD, 0x56, 0x49, 0xF6, 0x04, 0x36, 0xB1, 0x27,
    0x19, 0x6E, 0x29, 0x47, 0xB5, 0x5E, 0x0E, 0x56, 0xAF, 0xFD, 0xF6, 0xFB, 0xAA, 0xF7, 0xBD, 0x9D,
    0x63, 0xF2, 0xAD, 0x4E, 0xE7, 0x42, 0xE9, 0x7A, 0x1F, 0xF7, 0xD6, 0x42, 0x5E, 0x0F, 0x72, 0xDD,
    0x54, 0x36, 0xA2, 0x22, 0x41, 0x49, 0x9E, 0xBB, 0x91, 0xD7, 0xDD, 0xD8, 0x31, 0x4B, 0x3C, 0x9D,
    0x24, 0xB5, 0x32, 0x48, 0x56, 0x23, 0x56, 0x42, 0xD6, 0x86, 0xC5, 0x07, 0x09, 0x39, 0xA6, 0x03,
    0x21, 0x87, 0x24, 0xF7, 0xC9, 0x7E, 0xD5, 0xFD, 0x6D, 0x8B, 0xDA, 0xF0, 0x0E, 0x8E, 0xE4, 0xB8,
    0x59, 0x9A, 0x01, 0x9C, 0x91, 0x2D, 0x73, 0xAB, 0xA0, 0x9D, 0xB8, 0xB9, 0xC2, 0xFF, 0x14, 0x28,
    0x56, 0xC4, 0x3B, 0xEC, 0x9D, 0xC7, 0x14, 0x29, 0x78, 0xBB, 0x9F, 0xD0, 0xA8, 0xE5, 0x48, 0x50,
    0x24, 0x0A, 0x74, 0xE6, 0x5B, 0x4F, 0x40, 0x9C, 0x1F, 0x95, 0x95, 0xD1, 0xAA, 0xE4, 0x30, 0x08,
    0x86, 0x03, 0xB9, 0x3D, 0xE0, 0x0B, 0x0D, 0xF8, 0xEA, 0x42, 0x1F, 0x60, 0x5E, 0x25, 0xD0, 0x5B,
    0xC1, 0xF5, 0x57, 0x93, 0x36, 0x33, 0x3D, 0xEC, 0x6E, 0x19, 0xF2, 0x4D, 0x13, 0xA3, 0x46, 0x8D,
    0x6D, 0xAD, 0x91, 0x34, 0x3C, 0x34, 0x16, 0xBA, 0xC5, 0xF3, 0x81, 0x5C, 0x0F, 0x90, 0x03, 0x73,
    0xB2, 0x80, 0x4D, 0x58, 0x53, 0x52, 0x87, 0x6F, 0x19, 0x78, 0xF3, 0x25, 0x80, 0x80, 0x33, 0xB5,
    0xDC, 0xA1, 0xD8, 0xE7, 0x43, 0x80, 0x06, 0x4C, 0x2B, 0x4B, 0x80, 0xC2, 0x2D, 0x6D, 0x8D, 0x27,
    0xC8, 0x80, 0x16, 0x70, 0xFB, 0x96, 0xEE, 0xD4, 0x63, 0x1B, 0x58, 0x16, 0x28, 0xCC, 0xE9, 0x07,
    0xD6, 0x51, 0x5D, 0x1F, 0xEC, 0x99, 0xFF, 0x27, 0x1B, 0xF1, 0x76, 0x0E, 0x16, 0xB7, 0x76, 0x14,
    0x94, 0x04, 0xD3, 0x0E, 0x17, 0x12, 0xA3, 0x51, 0x50, 0x07, 0xD3, 0x19, 0xE8, 0xE7, 0x00, 0xA0,
    0x89, 0xE5, 0x05, 0xCF, 0x61, 0x9A, 0x0B, 0xFE, 0xE3, 0x30, 0x6B, 0x1B, 0x34, 0x7D, 0xFD, 0x59,
    0x67, 0xA8, 0x3C, 0xCC, 0x44, 0x24, 0x2B, 0xF8, 0xDF, 0x2C, 0xA1, 0x8C, 0xBC, 0x54, 0x3E, 0xC6,
    0x4E, 0xC1, 0xBA, 0xC1, 0x83, 0xA4, 0x6C, 0x84, 0x13, 0x4F, 0x0C, 0x47, 0x82, 0x23, 0xD8, 0xDF,
    0x03, 0xCE, 0x98, 0x47, 0x26, 0xD8, 0x4F, 0x45, 0x44, 0xFC, 0x18, 0x49, 0xF5, 0x13, 0x35, 0x3E,
    0xFC, 0x60, 0xEE, 0x17, 0xBB, 0x33, 0x7E, 0x5C, 0xB7, 0x39, 0xDA, 0x8B, 0xF4, 0x9E, 0xA3, 0xFF,
    0x3B, 0x1F, 0x6A, 0xC3, 0xB7, 0x2F, 0x5A, 0xF9, 0xF7, 0x37, 0x39, 0xED, 0x10, 0xBB, 0x38, 0x26,
    0x2B, 0x5E, 0x67, 0xC5, 0x67, 0xA3, 0x20, 0xFF, 0xBE, 0x03, 0x4E, 0x75, 0x83, 0xDB, 0xEE, 0x2C,
    0x96, 0x17, 0xF9, 0x9D, 0xF6, 0x40, 0x02, 0xC9, 0x85, 0x79, 0x3B, 0x5F, 0xD3, 0x05, 0xB6, 0x03,
    0x5A, 0x23, 0xD1, 0xC0, 0x3B, 0x6C, 0x78, 0xDC, 0x15, 0xFA, 0x28, 0x2C, 0x47, 0x19, 0x68, 0x57,
    0x5E, 0x17, 0xC1, 0x8B, 0xEF, 0x69, 0xDF, 0xCB, 0xF7, 0x68, 0xC6, 0x0F, 0xAA, 0x09, 0x93, 0x83,
    0x39, 0x61, 0x31, 0x49, 0xA1, 0x6C, 0x50, 0xE9, 0x9C, 0x68, 0x19, 0xB9, 0x12, 0xB1, 0xF4, 0x2C,
    0x1F, 0x89, 0x70, 0x72, 0xDC, 0x0F, 0xAD, 0x1A, 0xCC, 0xB5, 0xB1, 0x03, 0x91, 0xCB, 0x02, 0xFA,
    0x47, 0xA4, 0x7E, 0xDD, 0x31, 0x45, 0xE8, 0x09, 0xB8, 0x28, 0x17, 0x2C, 0xAE, 0x4C, 0x4F, 0x90,
    0xE6, 0x05, 0x1A, 0x01, 0xCB, 0xEB, 0x44, 0x2D, 0x70, 0xAB, 0xAC, 0x11, 0xD9, 0xA5, 0xD3, 0xF2,
    0x4A, 0x40, 0xCE, 0xC1, 0x09, 0x92, 0x67, 0x97, 0x56, 0x51, 0x74, 0xFD, 0x84, 0x9F, 0xFD, 0xAC,
    0x60, 0x5D, 0x68, 0x57, 0x1E, 0xEC, 0x09, 0xDC, 0x24, 0xAF, 0xBE, 0xF7, 0x84, 0x43, 0x01, 0x46,
    0xAB, 0xD1, 0xE8, 0x38, 0xAA, 0x59, 0xB5, 0xCA, 0x91, 0x92, 0x34, 0x5C, 0x40, 0x09, 0x8C, 0x7D,
    0x0C, 0xDF, 0x1E, 0x46, 0x8A, 0x55, 0xBA, 0xCB, 0x4B, 0x68, 0x68, 0x9F, 0x63, 0xF8, 0x7C, 0x8D,
    0x5F, 0xDA, 0xE8, 0x79, 0xB4, 0xA8, 0x96, 0x39, 0xAE, 0x9A, 0x8E, 0x46, 0x45, 0x7E, 0x20, 0x41,
    0xFB, 0xB0, 0x05, 0xEF, 0x91, 0x98, 0x44, 0x73, 0x44, 0xEF, 0x14, 0xA8, 0x39, 0xC2, 0x5C, 0x22,
    0x2F, 0x02, 0x30, 0xB8, 0x2F, 0xC4, 0xED, 0xBD, 0xA1, 0x26, 0x4B, 0x64, 0xDF, 0x97, 0xCA, 0xB2,
    0x34, 0xA2, 0xF4, 0xB5, 0x7A, 0xFA, 0x42, 0x4E, 0x66, 0xF5, 0xE0, 0x3E, 0x04, 0xB2, 0x50, 0x6C,
    0x2F, 0x14, 0x74, 0xA0, 0x1F, 0x8C, 0xD1, 0xE4, 0xBA, 0xC2, 0xF1, 0x8E, 0x2F, 0x8E, 0x10, 0x3E,
    0x3F, 0x82, 0x4F, 0x10, 0xFA, 0x78, 0xD7, 0x39, 0x66, 0x6A, 0xA9, 0xF1, 0x55, 0x39, 0x35, 0xF2,
    0x2C, 0xA2, 0x19, 0x23, 0x5D, 0xB9, 0x5C, 0xAB, 0xBF, 0xC9, 0xD8, 0x97, 0xB6, 0x9C, 0xFF, 0x03,
    0x9D, 0x95, 0x49, 0xCA, 0x23, 0x31, 0x0C, 0x85, 0x05, 0xDE, 0x06, 0x74, 0x95, 0x3A, 0x40, 0x40,
    0x57, 0x37, 0x64, 0xDB, 0x90, 0xAB, 0x08, 0xBC, 0x15, 0xA8, 0x9F, 0x86, 0x1A, 0x32, 0x74, 0xFF,
    0x74, 0x3B, 0x24, 0x5F, 0x95, 0x07, 0x59, 0xD6, 0x93, 0x1C, 0xA2, 0x6C, 0xEC, 0xD1, 0xDE, 0x90,
    0xCD, 0x88, 0xE2, 0xC5, 0x68, 0xBC, 0xA0, 0x3B, 0x7B, 0x8A, 0xE4, 0x02, 0xF3, 0x17, 0xD0, 0xC4,
    0xC8, 0x8D, 0x86, 0x91, 0x93, 0xCC, 0xE1, 0xD3, 0xF1, 0x25, 0x57, 0x7F, 0x62, 0x1D, 0xAB, 0xBB,
    0x52, 0x5A, 0x9B, 0xB1, 0xBD, 0x05, 0xB0, 0x48, 0x14, 0xC6, 0xD4, 0xD8, 0xA7, 0x38, 0xD9, 0x40,
    0xC7, 0x84, 0x25, 0xB1, 0x1B, 0xC5, 0xDE, 0x58, 0x11, 0xAB, 0x8E, 0x36, 0x66, 0xBB, 0xAF, 0xE5,
    0x0D, 0x26, 0x97, 0x73, 0xD3, 0x62, 0xDF, 0x01, 0x13, 0x41, 0x31, 0xCA, 0x7E, 0x18, 0x2F, 0x0E,
    0xCD, 0xFE, 0x1B, 0x17, 0x31, 0xB0, 0xAF, 0xEB, 0x33, 0xEE, 0x51, 0xC9, 0x48, 0xC0, 0xA3, 0xA2,
    0xEF, 0xEF, 0x82, 0x41, 0x7C, 0xEF, 0x4D, 0x74, 0x54, 0xC0, 0x3E, 0x18, 0x47, 0xA7, 0x2B, 0x65,
    0x16, 0x59, 0x8B, 0x23, 0xE3, 0x8C, 0x67, 0x69, 0xB2, 0xD1, 0xB5, 0xF5, 0x5B, 0x3B, 0x94, 0x6B,
    0x2A, 0xBA, 0xAF, 0xC8, 0x91, 0x9E, 0xF0, 0x47, 0xC4, 0x4C, 0x7D, 0x03, 0xD1, 0xF6, 0xB9, 0xD1,
    0x40, 0xD4, 0x79, 0x8E, 0x65, 0xAC, 0xAC, 0x0D, 0x5E, 0x36, 0xE6, 0x30, 0x00, 0x93, 0x4C, 0x1E,
    0x80, 0x79, 0x60, 0x00, 0x21, 0xA3, 0xDD, 0x07, 0xB5, 0x49, 0x49, 0x51, 0xF7, 0x26, 0xED, 0xC1,
    0x8F, 0x5C, 0xB9, 0x9C, 0x7D, 0xA7, 0x37, 0x53, 0xB0, 0x78, 0x4F, 0x0A, 0xA2, 0x5F, 0xDC, 0x9A,
    0xD4, 0x2C, 0x71, 0x6E, 0x15, 0xFC, 0x49, 0x07, 0x79, 0x17, 0xA3, 0x92, 0x27, 0x82, 0xBE, 0xD3,
    0x4A, 0x8C, 0xE5, 0x2D, 0x4E, 0x11, 0xC9, 0xA7, 0x61, 0xD4, 0x23, 0x73, 0x60, 0xC7, 0xB0, 0x79,
    0xD8, 0xD3, 0xCC, 0x0C, 0x61, 0x1C, 0xEE, 0x7E, 0x49, 0xC2, 0xCA, 0xC8, 0x61, 0x9D, 0x8A, 0x67,
    0x41, 0x1D, 0x51, 0xAE, 0xA3, 0x0C, 0x87, 0xEA, 0x43, 0x19, 0xF1, 0x8C, 0x27, 0xC5, 0x76, 0x1C,
    0x3F, 0x88, 0xAA, 0x8E, 0x91, 0x51, 0x26, 0x2E, 0xB8, 0xA6, 0x02, 0x48, 0x39, 0xC2, 0x6E, 0xC6,
    0xD0, 0x79, 0xD2, 0x86, 0xD9, 0x11, 0xD8, 0xF1, 0x8B, 0x3D, 0xB6, 0x0D, 0x67, 0xC7, 0x52, 0xC7,
    0x4C, 0x5E, 0xB0, 0x87, 0x95, 0x0F, 0xE5, 0xC2, 0x58, 0x0B, 0x22, 0xC1, 0x6C, 0x68, 0xA5, 0x21,
    0x92, 0x87, 0x48, 0xD8, 0x38, 0xB1, 0x65, 0x01, 0xCF, 0x4B, 0x6A, 0xBD, 0x22, 0xCE, 0xE2, 0x5F,
    0x8B, 0xBA, 0x83, 0x87, 0x03, 0x6A, 0x89, 0x96, 0xC7, 0xAE, 0xC8, 0x85, 0xBF, 0x59, 0xCD, 0x2A,
    0x75, 0x43, 0x64, 0x19, 0x3F, 0xF0, 0xC9, 0xAA, 0x41, 0x6F, 0x54, 0x20, 0x3C, 0xCF, 0x5B, 0x61,
    0xA4, 0xF3, 0x21, 0x03, 0x9C, 0x9F, 0xD2, 0x67, 0x08, 0xF0, 0x7A, 0xE6, 0x19, 0xB0, 0x55, 0x3A,
    0x1F, 0x47, 0x81, 0x05, 0x20, 0x9D, 0x37, 0x4E, 0xE7, 0xE7, 0x59, 0x23, 0xA1, 0xC8, 0x09, 0xB9,
    0x82, 0xD3, 0x6B, 0x7F, 0xBA, 0x77, 0xF5, 0xEE, 0x40, 0x48, 0x51, 0x83, 0x71, 0x39, 0x98, 0x1F,
    0xD8, 0xC4, 0xD4, 0xD0, 0xE0, 0xBF, 0x79, 0x3C, 0x20, 0x70, 0xB8, 0x23, 0x6C, 0xE8, 0x5A, 0x0A,
    0xAC, 0x04, 0x37, 0x1E, 0x8F, 0x05, 0x71, 0x64, 0xC6, 0x85, 0x66, 0x92, 0xA5, 0x6B, 0x9E, 0x95,
    0x6C, 0x96, 0x79, 0x69, 0x77, 0x72, 0x89, 0x6B, 0x30, 0x64, 0x05, 0x22, 0x07, 0x02, 0xB8, 0x06,
    0x29, 0x6B, 0xF6, 0x92, 0x46, 0x9F, 0x02, 0x64, 0xF6, 0xD8, 0x07, 0x6A, 0xF4, 0x7B, 0xE7, 0xBF,
    0x8E, 0xF1, 0x7E, 0x8B, 0x23, 0xCF, 0x76, 0x1D, 0x00, 0xA8, 0xA0, 0x57, 0x1D, 0x96, 0x5D, 0x75,
    0xD0, 0xD6, 0x61, 0x9E, 0x49, 0x74, 0x38, 0x2D, 0x5F, 0xD9, 0xD7, 0xE1, 0xCE, 0x28, 0xA6, 0xE3,
    0x4F, 0xC7, 0x0E, 0x22, 0xF6, 0x75, 0xC3, 0x1D, 0xAC, 0x0A, 0x7E, 0x23, 0xDD, 0x6D, 0xD4, 0x45,
    0x73, 0x52, 0xB3, 0x0A, 0x4F, 0xFE, 0xFF, 0xB8, 0x7F, 0xE1, 0x5B, 0x3B, 0x94, 0x92, 0xAC, 0xED,
    0x37, 0x20, 0x2D, 0xBA, 0xE0, 0x2F, 0xF9, 0x16, 0x11, 0x13, 0x24, 0x14, 0xCA, 0x5F, 0xB2, 0x96,
    0x4E, 0x6C, 0x79, 0xB4, 0xB2, 0x69, 0x55, 0xA4, 0xF7, 0x02, 0x79, 0xF9, 0x05, 0xC8, 0x5F, 0xE0,
    0x57, 0x2C, 0x5B, 0xED, 0x0B, 0x72, 0x0C, 0x85, 0xE8, 0xF9, 0xD7, 0x87, 0x10, 0x23, 0x11, 0xF5,
    0xCC, 0xB7, 0xDF, 0x7D, 0x94, 0x5B, 0x8A, 0xEB, 0x30, 0x0C, 0x86, 0x0D, 0x7E, 0x3D, 0xA0, 0xAD,
    0xCC, 0x02, 0x0A, 0xDE, 0xBA, 0x20, 0x0B, 0xE8, 0x56, 0x04, 0x79, 0x15, 0xE8, 0xFC, 0xBA, 0xA4,
    0x89, 0x3D, 0x9E, 0x06, 0xDA, 0x2F, 0xB6, 0xA3, 0xBB, 0xAC, 0xD6, 0xEA, 0xE9, 0x9A, 0x34, 0xFC,
    0xC8, 0xFC, 0xE1, 0x42, 0x0F, 0xE0, 0x0B, 0x69, 0x83, 0xDB, 0x88, 0x95, 0x24, 0xB4, 0x70, 0x29,
    0xA9, 0x45, 0xC1, 0xB7, 0x6F, 0x6C, 0xCF, 0xE6, 0xCD, 0x72, 0xE2, 0x80, 0x35, 0x6B, 0xFD, 0x54,
    0x63, 0x6B, 0x74, 0x2A, 0xBD, 0x07, 0x03, 0x8D, 0xDE, 0x32, 0x70, 0x66, 0x87, 0x98, 0xFB, 0xD4,
    0xE5, 0x5F, 0x0B, 0xC7, 0x3E, 0xCF, 0xE5, 0x87, 0xFA, 0xB1, 0x3C, 0x29, 0xEE, 0xFD, 0x67, 0x6D,
    0x67, 0x90, 0xEC, 0x8C, 0x7D, 0xAA, 0xF5, 0x50, 0x2B, 0xA6, 0xA2, 0x5C, 0x1B, 0x18, 0x99, 0x68,
    0x2F, 0xA5, 0xE3, 0x94, 0x9B, 0xAD, 0xF6, 0x6F, 0x5E, 0xF6, 0x47, 0x05, 0x79, 0x91, 0xCA, 0x8F,
    0x86, 0x88, 0xD8, 0x39, 0xC2, 0x6F, 0x84, 0x64, 0x99, 0x88, 0x5A, 0x57, 0xA6, 0x41, 0x0E, 0x0E,
    0xF9, 0xD4, 0xA5, 0xAA, 0x24, 0x12, 0x38, 0xAD, 0xC0, 0xB1, 0x39, 0x24, 0xD0, 0xAB, 0x56, 0xB6,
    0x20, 0xB5, 0x3C, 0x41, 0x82, 0xB3, 0x33, 0x21, 0x17, 0x06, 0x43, 0x85, 0x58, 0x01, 0x15, 0x10,
    0xBA, 0x30, 0xF4, 0x02, 0x39, 0xE4, 0x45, 0xDE, 0x03, 0x3C, 0xE8, 0xB4, 0x03, 0x2F, 0xC0, 0x1B,
    0x88, 0xF6, 0x50, 0x57, 0x80, 0x5D, 0x54, 0x0F, 0x55, 0x44, 0x8B, 0x44, 0x7C, 0xF2, 0x8C, 0xE1,
    0xC7, 0x41, 0xB2, 0x8D, 0x81, 0x38, 0x9D, 0x56, 0x5B, 0x3B, 0x2C, 0x9C, 0x47, 0xF5, 0x95, 0xBC,
    0x33, 0x01, 0xA1, 0xC7, 0x0A, 0x2D, 0xC2, 0x54, 0x60, 0x45, 0xDF, 0xB0, 0x6B, 0xF2, 0x56, 0x66,
    0xD3, 0x27, 0xCA, 0x95, 0xC1, 0x3F, 0xE1, 0x03, 0x7B, 0xF2, 0xE1, 0x83, 0x85, 0x21, 0x24, 0xC1,
    0x2D, 0x2B, 0x32, 0x1F, 0x31, 0xB8, 0xC5, 0x16, 0xD6, 0xE5, 0x11, 0x03, 0x52, 0xA8, 0x99, 0x70,
    0xCD, 0x84, 0xC2, 0xDE, 0x08, 0x29, 0x0E, 0x50, 0xB4, 0x55, 0x75, 0x9D, 0xF6, 0x25, 0xA2, 0x42,
    0x83, 0xAC, 0x4B, 0x43, 0xD6, 0xC8, 0x0B, 0xA7, 0x16, 0x11, 0x01, 0xA1, 0x05, 0x69, 0x84, 0xB3,
    0xCD, 0xE1, 0x69, 0x18, 0x61, 0x61, 0x78, 0x60, 0x78, 0xD5, 0x0F, 0x7C, 0x53, 0x24, 0xA1, 0xBE,
    0xE9, 0xF5, 0x0C, 0x03, 0x09, 0xCB, 0xE6, 0x33, 0x24, 0xD6, 0x65, 0x1E, 0x75, 0x78, 0xDD, 0x17,
    0xFE, 0xC6, 0xE0, 0x1B, 0x79, 0xFD, 0x57, 0xE4, 0xE9, 0x1E, 0x3B, 0x01, 0xCD, 0xB3, 0x44, 0x75,
    0xF3, 0x16, 0x24, 0x1B, 0x94, 0x3F, 0x56, 0x6E, 0xB5, 0xED, 0x83, 0x8F, 0x08, 0x77, 0xCB, 0xA7,
    0x92, 0x47, 0x7B, 0x46, 0xD0, 0x7E, 0xD9, 0x5D, 0x8B, 0x6B, 0xCF, 0x82, 0x78, 0xB2, 0x8E, 0x2D,
    0xE0, 0x28, 0x72, 0xBF, 0x40, 0xB2, 0xB3, 0x26, 0xBC, 0x1D, 0xEC, 0x97, 0x60, 0x03, 0xFC, 0xF9,
    0x0D, 0x98, 0x90, 0xF5, 0x0A, 0x98, 0xBB, 0x42, 0xFC, 0x8A, 0x7B, 0xCF, 0x6D, 0x9D, 0x5B, 0x1D,
    0x2D, 0x51, 0xA3, 0x96, 0xAC, 0xE6, 0x93, 0xE7, 0xAF, 0x75, 0xBE, 0x06, 0xCB, 0x03, 0xD3, 0x88,
    0x96, 0xC2, 0xFC, 0xC9, 0x8C, 0x7D, 0x0F, 0x7E, 0x11, 0x58, 0x90, 0x93, 0xEA, 0x86, 0x3C, 0xF3,
    0xBF, 0x20, 0xA7, 0xE6, 0x06, 0x23, 0xA7, 0xE4, 0x8C, 0x90, 0xFB, 0x8D, 0x9E, 0x88, 0x4F, 0xFA,
    0x22, 0x57, 0x33, 0xB4, 0x7D, 0x11, 0xDF, 0x80, 0x2C, 0xDC, 0x07, 0x3C, 0xD7, 0xE4, 0x6A, 0xE5,
    0xCF, 0x18, 0xEE, 0x50, 0x74, 0x46, 0x38, 0xD1, 0x17, 0x84, 0xC0, 0x06, 0x23, 0xE4, 0x3C, 0x6E,
    0x6F, 0xC7, 0x91, 0x99, 0x4F, 0x39, 0x4E, 0xB4, 0x6F, 0xE2, 0x33, 0xF2, 0x32, 0x4F, 0xC8, 0xB9,
    0xF8, 0x1F, 0x75, 0x95, 0x5D, 0xAA, 0x6B, 0x31, 0x08, 0x85, 0x85, 0xBC, 0x16, 0x32, 0x95, 0x33,
    0x80, 0x82, 0x53, 0x0F, 0x74, 0x00, 0x9D, 0x4A, 0xA0, 0xAF, 0x82, 0x77, 0x2D, 0x35, 0xD9, 0x3F,
    0xED, 0xDD, 0x70, 0xFA, 0x9D, 0x26, 0xD1, 0xAD, 0x71, 0x69, 0x45, 0xA5, 0x4D, 0xC1, 0x43, 0x5A,
    0xF2, 0xE3, 0xF5, 0xDD, 0x47, 0xD0, 0x74, 0x26, 0xFB, 0x14, 0x75, 0x6F, 0xD6, 0x1E, 0x41, 0x77,
    0x27, 0xF9, 0x60, 0xBF, 0x15, 0xC5, 0x2D, 0xFD, 0x89, 0xB5, 0x51, 0xA4, 0xBD, 0x8B, 0xC3, 0x1E,
    0xA7, 0x82, 0x4A, 0xEA, 0xE0, 0xB2, 0x84, 0x59, 0xFD, 0xF1, 0xBC, 0x5A, 0x71, 0x3E, 0x82, 0x3E,
    0x35, 0xDE, 0x0F, 0xC2, 0x00, 0xC7, 0x4C, 0xE3, 0x7D, 0x1F, 0x18, 0x76, 0x84, 0x21, 0x41, 0x31,
    0x1A, 0x76, 0xDA, 0xC6, 0xC7, 0xED, 0xA1, 0x9F, 0x1B, 0xE1, 0xED, 0xC2, 0x1E, 0xCC, 0x3C, 0x56,
    0x5E, 0x07, 0x6D, 0xFB, 0x29, 0x76, 0xCF, 0x78, 0x71, 0x64, 0x9C, 0x88, 0xAC, 0xE0, 0x10, 0x5E,
    0x82, 0x8E, 0x60, 0x47, 0xE6, 0x79, 0x21, 0xCF, 0xDF, 0x29, 0xFA, 0x8E, 0xFB, 0x03, 0xC7, 0xC1,
    0x66, 0x5C, 0x57, 0x47, 0x52, 0xCA, 0x3C, 0x75, 0x06, 0x0D, 0xD1, 0x76, 0x06, 0xD0, 0xEE, 0x71,
    0x21, 0x5C, 0xFB, 0x45, 0x7C, 0x14, 0xE9, 0xD2, 0x6D, 0xB3, 0xBF, 0x8A, 0x1E, 0x75, 0xDE, 0xFC,
    0xF6, 0xC7, 0x22, 0x59, 0xB0, 0xC5, 0x2A, 0xED, 0x60, 0x18, 0x7E, 0x86, 0x79, 0x50, 0x4C, 0x5F,
    0x69, 0xAF, 0xEF, 0xE5, 0x2F, 0xF2, 0xB3, 0xB6, 0x29, 0x97, 0x75, 0xDE, 0x2D, 0xE5, 0xE1, 0x6F,
    0x1F, 0x41, 0xA6, 0x0E, 0xE7, 0x53, 0x9E, 0xE7, 0xFA, 0xF5, 0xF1, 0x57, 0xF4, 0xC5, 0x91, 0x54,
    0x4B, 0x36, 0xB2, 0xFF, 0xA7, 0x7E, 0xBE, 0xF2, 0x88, 0x32, 0x9F, 0xE9, 0x99, 0x6F, 0x11, 0xE1,
    0x90, 0xAC, 0x5B, 0xE8, 0x14, 0xEA, 0x0F, 0x0E, 0x30, 0xEB, 0x87, 0x1D, 0x79, 0xF2, 0x3E, 0x34,
    0xF3, 0x48, 0x1D, 0xA0, 0x4D, 0x2C, 0x19, 0xF2, 0xD3, 0x3E, 0x53, 0xCF, 0xFD, 0x43, 0x7F, 0xA8,
    0xDB, 0xDB, 0xB3, 0x7E, 0x28, 0x1D, 0xEB, 0xF7, 0x80, 0xB7, 0x93, 0x4E, 0xEB, 0x5F, 0xE3, 0xC5,
    0x0E, 0xDE, 0x0D, 0xAD, 0x16, 0x6A, 0x11, 0x52, 0xF1, 0x81, 0x2C, 0xE0, 0x92, 0xC2, 0xEA, 0xC8,
    0x07, 0xDB, 0x8D, 0xE1, 0x9A, 0x14, 0xD8, 0x58, 0xB4, 0x63, 0x73, 0x18, 0xA3, 0xE5, 0xD1, 0x89,
    0xA8, 0xB8, 0x4F, 0xF1, 0x73, 0x87, 0x5E, 0xE8, 0x73, 0x7A, 0xB8, 0x9E, 0x29, 0x0C, 0xD9, 0xE8,
    0x59, 0xDD, 0xB8, 0xB4, 0x8D, 0xDD, 0x9B, 0x27, 0xCC, 0x43, 0x78, 0x69, 0xCE, 0x4B, 0xFD, 0x8D,
    0x52, 0x4C, 0x40, 0xF1, 0xE6, 0x84, 0xC4, 0x9D, 0xCE, 0x3C, 0x92, 0xA5, 0xBB, 0xA1, 0x7A, 0x76,
    0xD6, 0x08, 0x58, 0x4A, 0x8C, 0x27, 0x8E, 0xE8, 0x3E, 0xA9, 0x31, 0x6D, 0xD8, 0x50, 0x27, 0xF4,
    0x19, 0x68, 0x07, 0x18, 0x7C, 0xF7, 0x05, 0x14, 0x37, 0x1B, 0x69, 0xE9, 0x4C, 0xBF, 0x58, 0xFD,
    0x59, 0x7D, 0xA1, 0xBE, 0x18, 0x63, 0x8D, 0x65, 0x7F, 0xAE, 0xA1, 0xB4, 0x99, 0x56, 0x5E, 0xE7,
    0x17, 0x2D, 0x93, 0x48, 0xC3, 0x7C, 0x1F, 0xE2, 0xE7, 0x77, 0x0D, 0xB2, 0x7C, 0xB3, 0x98, 0xB9,
    0xAC, 0x9C, 0x4E, 0xF6, 0x5F, 0x3C, 0x9F, 0x8B, 0x8A, 0x63, 0xBD, 0x2F, 0xDA, 0xDE, 0x17, 0x3D,
    0xC6, 0xDD, 0x46, 0x14, 0x65, 0xCD, 0xBC, 0x40, 0x75, 0x0C, 0xA3, 0x82, 0x4F, 0x82, 0xA1, 0x68,
    0x4B, 0xA4, 0x50, 0x57, 0x93, 0x5D, 0x81, 0xDF, 0x07, 0xF4, 0x20, 0xAA, 0x32, 0xD0, 0x92, 0x39,
    0xF7, 0x34, 0x7A, 0x79, 0x28, 0x5E, 0x34, 0xD7, 0x25, 0xE4, 0x1D, 0x5C, 0x74, 0x44, 0x75, 0x67,
    0x42, 0x98, 0x73, 0x14, 0x36, 0xC7, 0x3A, 0x5C, 0x75, 0x8E, 0x96, 0x63, 0x0A, 0xAC, 0x1E, 0x29,
    0x79, 0xFE, 0xC6, 0x2B, 0x85, 0xBB, 0x30, 0xA5, 0xD4, 0x36, 0xBA, 0xBF, 0x8E, 0x6E, 0xA2, 0xE4,
    0x39, 0x5E, 0x01, 0xA7, 0xF6, 0x70, 0xA4, 0x73, 0x6A, 0x7F, 0xA2, 0x2B, 0x02, 0xB0, 0x4B, 0xB1,
    0xE2, 0x77, 0xEC, 0x87, 0x9E, 0xAF, 0xCD, 0xB1, 0x7B, 0x84, 0x7A, 0xBE, 0x20, 0xF4, 0x35, 0x56,
    0x0A, 0xFF, 0x00, 0x8D, 0x95, 0x5B, 0x6E, 0xC4, 0x30, 0x08, 0x45, 0x91, 0xBC, 0x00, 0xB6, 0x32,
    0x0B, 0x18, 0x89, 0xAD, 0x5B, 0x9A, 0x05, 0x64, 0x2B, 0x96, 0xF2, 0x8B, 0x44, 0xB9, 0x80, 0x93,
    0x38, 0x93, 0x56, 0xCD, 0xCF, 0x69, 0x6B, 0x30, 0x17, 0xF3, 0x28, 0x29, 0xB5, 0x41, 0xFE, 0x29,
    0xF1, 0x64, 0x4F, 0x8A, 0x59, 0x07, 0xED, 0x4A, 0xB1, 0xDD, 0x7F, 0x22, 0x1C, 0xFA, 0x37, 0x0E,
    0x92, 0x72, 0xB1, 0x0D, 0x69, 0x0F, 0xB4, 0x3D, 0xD8, 0x8A, 0x36, 0xA9, 0x71, 0x03, 0x49, 0x91,
    0x0E, 0xBA, 0x69, 0x4F, 0x3D, 0xB8, 0x16, 0x7A, 0x3C, 0x72, 0xE8, 0xE8, 0xA1, 0x87, 0xDD, 0xC9,
    0xE3, 0xAB, 0xC1, 0xA2, 0x3B, 0xBB, 0x7B, 0x78, 0x12, 0xE2, 0x46, 0x6F, 0x3A, 0x3E, 0x2D, 0x34,
    0xBF, 0x55, 0xBF, 0x00, 0x81, 0x05, 0x49, 0xF9, 0x99, 0x90, 0x63, 0xBF, 0x59, 0x56, 0x32, 0x89,
    0xD0, 0xA8, 0x7B, 0x20, 0x2C, 0x0D, 0x09, 0x45, 0x5E, 0x61, 0x22, 0xD3, 0x92, 0xD3, 0xFD, 0x8E,
    0x8E, 0xB0, 0x72, 0x81, 0xEB, 0x17, 0x84, 0x2D, 0x8C, 0x37, 0x70, 0xE6, 0xD0, 0x46, 0x28, 0x65,
    0x3C, 0xC1, 0x33, 0xD8, 0x65, 0x68, 0xC8, 0xB8, 0x60, 0x3C, 0x59, 0x36, 0x9C, 0x95, 0x03, 0x69,
    0x58, 0xB6, 0xB4, 0xB4, 0x89, 0x1E, 0x98, 0x26, 0x2B, 0x7E, 0x17, 0x21, 0x2B, 0xC6, 0x3C, 0x23,
    0xA9, 0x42, 0x58, 0x51, 0x3A, 0x1D, 0x8F, 0xB8, 0x12, 0x5D, 0xE7, 0x15, 0x14, 0x34, 0xDA, 0xE0,
    0x5E, 0x1C, 0x96, 0x8F, 0xD0, 0xA3, 0x01, 0xB8, 0xEC, 0x6F, 0xF4, 0xEA, 0xE1, 0xD8, 0x53, 0x69,
    0x60, 0xD6, 0x11, 0x8D, 0x21, 0xC5, 0x69, 0xEF, 0xB7, 0x4B, 0x36, 0x74, 0x08, 0xF3, 0xB8, 0x9A,
    0xF7, 0xE7, 0x8B, 0xA3, 0xF1, 0xB4, 0x1A, 0x0F, 0x0D, 0x1E, 0xFE, 0xFE, 0x8B, 0x42, 0x09, 0x1A,
    0x8C, 0xF5, 0xE8, 0xAA, 0xCA, 0xE7, 0x7D, 0xA6, 0x57, 0xD9, 0x56, 0x92, 0x15, 0x33, 0x51, 0x8A,
    0x72, 0xAC, 0xC4, 0xF1, 0x19, 0x2A, 0x31, 0x77, 0x53, 0xD5, 0x80, 0x18, 0x8F, 0xE4, 0x0E, 0xAE,
    0x42, 0x31, 0x33, 0xA1, 0x0B, 0x0D, 0x36, 0x64, 0xA2, 0x05, 0x32, 0xD0, 0xEB, 0x12, 0xEF, 0x6F,
    0xD4, 0x3B, 0x14, 0xB8, 0xC6, 0xCC, 0xA3, 0x53, 0xBC, 0x05, 0x6F, 0x11, 0x4A, 0x3E, 0x85, 0xC8,
    0x11, 0xEA, 0x72, 0xF0, 0xD5, 0xB2, 0xAB, 0xCE, 0x2F, 0x87, 0x86, 0x6B, 0x76, 0x12, 0x96, 0xED,
    0x9D, 0x08, 0x07, 0xC7, 0xD0, 0x18, 0x8B, 0x42, 0x0C, 0x9B, 0xE5, 0x9D, 0x74, 0xC7, 0x32, 0x8F,
    0x13, 0xA9, 0x7A, 0xC1, 0xB8, 0xBE, 0x7F, 0x6C, 0x2C, 0xF9, 0x0D, 0x8F, 0x05, 0x40, 0x67, 0x55,
    0x83, 0x7D, 0x39, 0x2C, 0x0B, 0xA2, 0x96, 0x80, 0xD7, 0x81, 0x3B, 0x56, 0x42, 0xA2, 0x05, 0xD2,
    0xE4, 0xF5, 0xB5, 0x51, 0xFC, 0xEC, 0x0B, 0xB1, 0x51, 0x16, 0xF0, 0xA8, 0x24, 0x8F, 0x24, 0x6A,
    0x7D, 0x1E, 0xCC, 0xC5, 0x7C, 0xB2, 0xD6, 0xED, 0x98, 0x8C, 0xBF, 0x4F, 0x3E, 0xF8, 0x2F, 0x7B,
    0x8F, 0x32, 0x75, 0x6A, 0x45, 0xC1, 0xA4, 0xC5, 0x94, 0x78, 0xF1, 0x40, 0x4D, 0xE6, 0x3E, 0x8A,
    0x15, 0x77, 0xA7, 0xE5, 0x39, 0x5B, 0x4E, 0x31, 0x6F, 0x16, 0x7E, 0xF2, 0xC9, 0xF5, 0x6D, 0x08,
    0xE1, 0xBD, 0xFC, 0xC6, 0xE4, 0xAD, 0xEB, 0x97, 0xC7, 0x1C, 0xA6, 0x6B, 0xC1, 0x71, 0xF6, 0xE2,
    0x18, 0x70, 0xBA, 0xC2, 0x2E, 0xA5, 0x3A, 0xEA, 0x47, 0xF1, 0x5F, 0x09, 0x6D, 0xDA, 0x43, 0xCB,
    0x96, 0xC5, 0xD9, 0xB0, 0xBA, 0x76, 0x37, 0xC2, 0x1A, 0xC3, 0x5B, 0x63, 0xA8, 0xAA, 0x38, 0xDB,
    0x16, 0xC5, 0xD9, 0xB2, 0x38, 0xDB, 0xBF, 0x8A, 0xC3, 0x0B, 0x2A, 0x85, 0x1F, 0x65, 0x95, 0x4D,
    0x8A, 0x2B, 0x31, 0x0C, 0x84, 0x0D, 0xDA, 0x0E, 0xF8, 0x2A, 0x73, 0x80, 0x80, 0xAE, 0x6E, 0xC8,
    0xF6, 0x41, 0x5F, 0xC5, 0xE0, 0xAD, 0x41, 0xAF, 0xAA, 0x64, 0xC7, 0xDD, 0x99, 0x2C, 0xF2, 0xA5,
    0xDD, 0xFE, 0x51, 0x49, 0x25, 0xA7, 0xCC, 0x52, 0xBC, 0xE0, 0x33, 0x8B, 0x2D, 0x7A, 0x38, 0x06,
    0xA7, 0xC5, 0xA6, 0x27, 0xBB, 0xEB, 0xE5, 0xD8, 0xD4, 0xF8, 0xE6, 0x7E, 0x7F, 0x63, 0x44, 0xDC,
    0x88, 0x79, 0xA4, 0x45, 0xD7, 0x79, 0xBE, 0xB9, 0xDE, 0xFB, 0x63, 0x7E, 0x67, 0x1C, 0x51, 0x5C,
    0xF4, 0x16, 0x8D, 0xAC, 0x11, 0x19, 0x27, 0xA7, 0xED, 0x67, 0x9F, 0x8E, 0xF9, 0x51, 0x2A, 0xD8,
    0xC9, 0x8E, 0x60, 0x8C, 0x13, 0xD6, 0x67, 0xE9, 0xDB, 0xA8, 0x3A, 0x45, 0x88, 0x0F, 0xF0, 0xCA,
    0x1B, 0xD6, 0xE3, 0x8B, 0x81, 0x55, 0x21, 0xCE, 0xCC, 0x1B, 0x24, 0x6E, 0x21, 0xA7, 0x58, 0x02,
    0x0B, 0x38, 0xE8, 0x71, 0x09, 0xB3, 0x8E, 0x98, 0x9C, 0xB9, 0xD1, 0x1E, 0xF8, 0x7A, 0x97, 0x0B,
    0x9A, 0x13, 0xC8, 0xCB, 0xAC, 0x42, 0xB7, 0x2E, 0x09, 0x07, 0x8C, 0xF6, 0x80, 0x71, 0x2F, 0x44,
    0x34, 0x0E, 0x1E, 0xE4, 0x02, 0x45, 0x7D, 0x60, 0xD1, 0xA6, 0x8D, 0x4B, 0x88, 0x8B, 0x83, 0x35,
    0x11, 0xA1, 0x29, 0xCC, 0x3B, 0x72, 0xBA, 0x80, 0x42, 0xE6, 0xBA, 0x27, 0x90, 0x1A, 0x64, 0xB8,
    0x5B, 0x06, 0xE1, 0x33, 0xBC, 0xFB, 0x40, 0xEE, 0x51, 0x81, 0x8E, 0xA3, 0x0D, 0x40, 0x84, 0xE5,
    0xF7, 0x53, 0x01, 0xD9, 0x01, 0xB0, 0x03, 0x64, 0x98, 0xA2, 0xFE, 0xA0, 0x32, 0xA4, 0x6F, 0x78,
    0xAB, 0xED, 0x80, 0x55, 0x7A, 0x80, 0xEB, 0x7E, 0xA7, 0x50, 0x66, 0x08, 0x91, 0xE6, 0x90, 0x3D,
    0xE5, 0x22, 0x97, 0x33, 0x68, 0x16, 0x0D, 0x16, 0x4D, 0x61, 0x2C, 0xCA, 0x94, 0x33, 0x74, 0x59,
    0xB2, 0xD2, 0x26, 0xD1, 0x18, 0xA2, 0xBF, 0x4A, 0xE9, 0xE5, 0xE1, 0xA3, 0x6D, 0x27, 0x59, 0x86,
    0xB0, 0x83, 0xDC, 0x8C, 0xCF, 0xF5, 0x89, 0x56, 0xB9, 0xB5, 0xC3, 0x54, 0x0B, 0x4C, 0x23, 0x9D,
    0x76, 0x30, 0x01, 0x58, 0x80, 0xC1, 0xB5, 0xF2, 0x0B, 0x0D, 0x40, 0x89, 0x04, 0xC3, 0xDD, 0x30,
    0x69, 0x68, 0xA9, 0xE8, 0xDA, 0xFA, 0x4C, 0x05, 0x67, 0x8D, 0x1B, 0x4E, 0xC4, 0x66, 0xD8, 0xCE,
    0xF8, 0xFC, 0x62, 0x15, 0x2D, 0x7B, 0xE5, 0x94, 0xC3, 0x4A, 0x79, 0x91, 0x88, 0x87, 0x1B, 0x8B,
    0x7A, 0x66, 0xD1, 0x96, 0xCB, 0xD4, 0x9F, 0x28, 0x69, 0x72, 0xB2, 0xD2, 0x20, 0x1B, 0x38, 0xFB,
    0x6F, 0x91, 0x66, 0x60, 0x1F, 0xD2, 0xAC, 0x45, 0x6E, 0x4A, 0x46, 0x6D, 0x87, 0xB0, 0x98, 0xBB,
    0xF8, 0xCF, 0xD5, 0xC7, 0xC8, 0x88, 0xFA, 0xF8, 0x46, 0xC4, 0x67, 0xA0, 0x2D, 0xD6, 0x34, 0x1F,
    0x72, 0xC3, 0xB0, 0x20, 0x18, 0xEB, 0xC0, 0x37, 0xEF, 0x23, 0xE8, 0xA6, 0x6B, 0x0B, 0x0C, 0x8B,
    0xFE, 0x08, 0xE6, 0xD9, 0x97, 0xA2, 0xFC, 0xE0, 0xCC, 0xDA, 0xEE, 0xEC, 0x49, 0x1A, 0xB7, 0xA5,
    0x9E, 0x0F, 0x53, 0x97, 0x58, 0x7A, 0x2D, 0xA9, 0xCB, 0x1B, 0x75, 0x21, 0x8E, 0x2E, 0x76, 0x1B,
    0x64, 0xC5, 0x61, 0x6A, 0x4A, 0x56, 0x2C, 0xAD, 0x24, 0x7D, 0xFC, 0x26, 0x7F, 0xD0, 0x1A, 0xD2,
    0xE7, 0xF4, 0x1E, 0xCF, 0x3D, 0x34, 0x71, 0xD5, 0x02, 0x93, 0x34, 0x8E, 0xF0, 0xA5, 0x13, 0x9B,
    0x71, 0x5D, 0x9D, 0xF6, 0xD6, 0xBE, 0x9D, 0xF9, 0x54, 0xED, 0xA5, 0xAF, 0x16, 0xFE, 0x94, 0xBE,
    0x9F, 0x7D, 0x0B, 0x50, 0x4F, 0x7D, 0xF7, 0x99, 0x1C, 0xD2, 0x63, 0x03, 0xF7, 0xB2, 0x18, 0xED,
    0xA3, 0x2F, 0xEB, 0x17, 0x4B, 0xA7, 0xEE, 0x3A, 0xFC, 0x48, 0x9D, 0xAC, 0x2F, 0xF5, 0x71, 0x94,
    0xB9, 0x19, 0x63, 0x88, 0x6F, 0x84, 0x75, 0x81, 0x0C, 0xEB, 0xE2, 0x01, 0xAD, 0x5E, 0x20, 0xEC,
    0xF5, 0xAE, 0x21, 0xBD, 0xB8, 0x3B, 0xC4, 0x2E, 0x5D, 0xD3, 0x44, 0xE6, 0x8B, 0x3E, 0x43, 0x39,
    0x9A, 0x9E, 0xD9, 0x71, 0xCA, 0x47, 0xE8, 0xAE, 0xA7, 0xEE, 0xB8, 0x64, 0x9E, 0x2B, 0x58, 0xB7,
    0x30, 0x64, 0x0A, 0xB1, 0xAA, 0x2C, 0x4E, 0x9D, 0x55, 0x12, 0xBF, 0xEA, 0xF6, 0x5D, 0x2F, 0xF9,
    0x54, 0x7B, 0xA7, 0x1F, 0x45, 0xE6, 0xE4, 0x1A, 0xAA, 0x8B, 0x98, 0xF1, 0x8E, 0x2B, 0xC4, 0x8C,
    0x93, 0xB7, 0x55, 0xC6, 0xD5, 0xF5, 0xDF, 0x13, 0xD0, 0x8B, 0x1E, 0x82, 0xD6, 0x50, 0x3C, 0x95,
    0xB7, 0xED, 0x2B, 0xF3, 0x11, 0xFD, 0x0F, 0x75, 0x69, 0xE4, 0x6D, 0xA6, 0x30, 0xEE, 0xDC, 0xE3,
    0xA5, 0xA4, 0xED, 0xF3, 0x0A, 0x4E, 0xEE, 0xBC, 0xFF, 0x07, 0xAD, 0x95, 0x4D, 0xAA, 0xE4, 0x30,
    0x0C, 0x84, 0x0D, 0xDE, 0x36, 0xF8, 0x2A, 0x03, 0x6F, 0xDB, 0xE0, 0xAB, 0x1B, 0x72, 0x80, 0x5C,
    0x45, 0x90, 0xAD, 0x40, 0x53, 0x55, 0x72, 0x3A, 0x3F, 0xAF, 0xBB, 0x99, 0xC5, 0x18, 0x92, 0x8F,
    0xC4, 0x92, 0x2C, 0xD9, 0x92, 0x5C, 0xCA, 0x6B, 0xC4, 0xCE, 0x91, 0xEC, 0x37, 0x36, 0xE3, 0x47,
    0x68, 0xFC, 0x62, 0x69, 0x23, 0x2D, 0x40, 0xAA, 0x3A, 0x58, 0x77, 0x7A, 0x2A, 0x62, 0x72, 0x67,
    0x1A, 0xEC, 0x23, 0x17, 0xEA, 0x96, 0x0B, 0xB7, 0x70, 0xB1, 0x4E, 0x96, 0xB0, 0x0B, 0x5B, 0xA4,
    0x1C, 0x56, 0x1B, 0xFA, 0x1C, 0x12, 0xC4, 0xDF, 0x06, 0x89, 0x8E, 0xA7, 0x62, 0xA6, 0x87, 0x9C,
    0xCC, 0xB5, 0xAA, 0x97, 0xDF, 0xC3, 0xE5, 0xDB, 0x8B, 0x35, 0xCA, 0x93, 0xA4, 0xBD, 0xC5, 0xA8,
    0xEB, 0x7D, 0x03, 0xA3, 0x45, 0x03, 0x5B, 0x94, 0x58, 0x68, 0xDF, 0x4B, 0x2F, 0x9B, 0x29, 0x5E,
    0xEA, 0x81, 0xF6, 0x07, 0x7C, 0x80, 0x2E, 0x3B, 0x56, 0x23, 0x59, 0x68, 0x07, 0xF3, 0xB2, 0x43,
    0xF9, 0xBA, 0x73, 0xCE, 0x63, 0xCD, 0x81, 0x7F, 0x10, 0x24, 0xB7, 0x2D, 0x92, 0x00, 0xD6, 0xDB,
    0x2C, 0xA8, 0xDF, 0x16, 0xCB, 0x75, 0x16, 0xEB, 0x62, 0xB5, 0x27, 0xC9, 0x58, 0x65, 0xE3, 0x4E,
    0x3D, 0x43, 0xAE, 0x74, 0xF3, 0x1F, 0x49, 0xBA, 0x8C, 0x0F, 0x0F, 0xC0, 0x0A, 0xB0, 0x20, 0x68,
    0x97, 0xFD, 0xE2, 0x3D, 0xF1, 0xB3, 0xC9, 0x4A, 0xC4, 0x36, 0x01, 0xC7, 0x27, 0xBC, 0x79, 0x15,
    0x10, 0x58, 0x4F, 0x85, 0x03, 0xB0, 0x09, 0x40, 0x70, 0x25, 0x36, 0x6B, 0xC4, 0x22, 0xC0, 0x89,
    0x1D, 0x83, 0x22, 0xB1, 0x26, 0xE2, 0x40, 0xE6, 0x81, 0x8E, 0x3F, 0x91, 0x99, 0xC6, 0xD7, 0x50,
    0x7E, 0x74, 0x63, 0x46, 0x71, 0x13, 0xE5, 0x8B, 0x09, 0xCE, 0x6D, 0xDC, 0x74, 0x70, 0x7D, 0x51,
    0xCC, 0xBD, 0x1E, 0x88, 0x9C, 0x8B, 0xCB, 0x80, 0x95, 0x3A, 0x01, 0x6F, 0x26, 0x14, 0xED, 0x1D,
    0x6D, 0x5D, 0x6B, 0x62, 0xA1, 0xDF, 0x13, 0x0D, 0x87, 0x0F, 0x11, 0x60, 0xB4, 0xE1, 0x6D, 0xAC,
    0xC0, 0x03, 0x11, 0x0C, 0x7A, 0x87, 0x40, 0x84, 0xA6, 0xEC, 0x2F, 0xCF, 0x4B, 0x1D, 0xC5, 0xA5,
    0x7A, 0x14, 0x93, 0x3C, 0xF2, 0x2B, 0xCA, 0x1E, 0x7F, 0xBC, 0x85, 0x6A, 0xEB, 0x86, 0xD4, 0xA9,
    0x07, 0xE2, 0x05, 0xA6, 0xFD, 0x81, 0x9E, 0x35, 0xC9, 0x7A, 0x71, 0x26, 0x3A, 0xA5, 0x98, 0xC8,
    0xDC, 0xC8, 0x2C, 0x19, 0x6E, 0x09, 0xF0, 0x98, 0xBE, 0x46, 0x1E, 0xCF, 0x05, 0xB3, 0x5C, 0xBE,
    0x21, 0xB7, 0xDA, 0xDF, 0x42, 0x95, 0x95, 0xC6, 0xCF, 0x88, 0x7E, 0x42, 0x75, 0x00, 0x9E, 0x10,
    0x74, 0x4D, 0xE0, 0x26, 0x23, 0x87, 0xD8, 0x2E, 0x30, 0xAF, 0xA3, 0x77, 0x7A, 0xCC, 0x64, 0x18,
    0xC2, 0xF3, 0xD8, 0xA3, 0xD3, 0x50, 0x53, 0xF8, 0xFE, 0xFA, 0x8F, 0x1A, 0x35, 0xB3, 0xEC, 0x06,
    0x75, 0xCA, 0x17, 0xFE, 0x41, 0xE4, 0x8B, 0x64, 0x1E, 0xF8, 0x0D, 0x1F, 0xB6, 0xFA, 0x8D, 0xE4,
    0x27, 0x9C, 0xBE, 0xD9, 0x77, 0x3E, 0xC1, 0x2B, 0xFB, 0x92, 0xDF, 0x31, 0xE7, 0x76, 0x49, 0x4F,
    0xC4, 0x01, 0xCC, 0xF5, 0xE1, 0xD9, 0x0A, 0xCE, 0xA8, 0x9E, 0xB0, 0x4F, 0xEB, 0xA5, 0x4B, 0x07,
    0xE6, 0xB5, 0x50, 0x77, 0xD8, 0xA9, 0x95, 0xB3, 0x63, 0x66, 0xF8, 0x27, 0x20, 0xD3, 0xB9, 0xD4,
    0x5B, 0xBC, 0x55, 0xE0, 0x65, 0xF1, 0x4D, 0xE1, 0xAE, 0x17, 0x9C, 0x9B, 0x70, 0xDD, 0x73, 0xA6,
    0x3B, 0x8E, 0x1D, 0x5A, 0x50, 0xE1, 0xA9, 0x23, 0x8D, 0xA6, 0x6B, 0x29, 0xBB, 0xB6, 0xEF, 0x95,
    0x80, 0xF1, 0x17, 0x95, 0x95, 0x4D, 0xCA, 0xDC, 0x30, 0x0C, 0x86, 0x05, 0xDE, 0x16, 0x74, 0x98,
    0x6E, 0x07, 0x74, 0x75, 0xC3, 0x1C, 0xA0, 0x57, 0x11, 0x64, 0x2B, 0x50, 0xDF, 0x57, 0xB2, 0xD3,
    0x64, 0x08, 0xE5, 0x9B, 0x6C, 0x9E, 0xC9, 0x48, 0x96, 0xF5, 0x1F, 0x49, 0x3E, 0x22, 0x0B, 0x21,
    0x22, 0x76, 0xE2, 0xE7, 0xB2, 0x7E, 0xB4, 0xDE, 0xC2, 0x0A, 0xB9, 0xB0, 0xFE, 0x14, 0x9D, 0x56,
    0x3A, 0x0D, 0x9B, 0x10, 0xFB, 0x07, 0xD2, 0x29, 0x1B, 0xB0, 0x50, 0x28, 0xC3, 0xEA, 0x6D, 0x6C,
    0x96, 0xB9, 0xBE, 0x38, 0x7E, 0xAD, 0x0B, 0xEF, 0x4E, 0x7C, 0x1D, 0xC3, 0xA3, 0xCA, 0x8E, 0xC8,
    0x86, 0xC3, 0x89, 0x09, 0xE8, 0x54, 0x2F, 0x0C, 0xC2, 0xE6, 0x08, 0x80, 0xC6, 0x1A, 0x69, 0xE3,
    0x80, 0x25, 0x03, 0x7C, 0x9F, 0xEB, 0xD0, 0xE3, 0x11, 0xB0, 0xEA, 0xE5, 0x3D, 0x80, 0x6C, 0xE4,
    0x60, 0xE0, 0x09, 0x68, 0xC3, 0xA2, 0x2C, 0xDB, 0x04, 0xAC, 0x9C, 0xB6, 0xBC, 0x01, 0xB2, 0xA5,
    0x49, 0x9B, 0xF0, 0x86, 0xD0, 0xDC, 0xD0, 0x19, 0x86, 0xA4, 0x13, 0xB6, 0x70, 0x34, 0xBC, 0x64,
    0x49, 0xC0, 0x54, 0xE3, 0x68, 0xFC, 0x2E, 0x19, 0x5C, 0x8A, 0x13, 0x2F, 0x41, 0x5C, 0x3A, 0xE1,
    0xE7, 0xE1, 0x05, 0xAF, 0x14, 0x6C, 0xD7, 0x57, 0xC1, 0xDF, 0x30, 0xB4, 0x60, 0x8D, 0xA4, 0xD6,
    0xF0, 0x57, 0x23, 0x79, 0xC5, 0x09, 0xAA, 0x00, 0x62, 0x3E, 0xAA, 0xE0, 0x49, 0x68, 0xE4, 0xC1,
    0x73, 0xAE, 0x75, 0x7C, 0x0E, 0x9A, 0x7E, 0xAD, 0x5C, 0xDD, 0xC1, 0x8A, 0xF1, 0x6D, 0xE1, 0x49,
    0x16, 0x4F, 0xB2, 0x85, 0xF5, 0x54, 0x7B, 0x4D, 0xA2, 0x12, 0xD9, 0xB7, 0x17, 0x44, 0xA3, 0x62,
    0x53, 0x3A, 0x0B, 0xF1, 0x9B, 0x7E, 0x46, 0xCB, 0x98, 0xFF, 0x0D, 0xD6, 0x7D, 0x1C, 0x04, 0x2D,
    0x2F, 0x4C, 0x02, 0x75, 0xA3, 0x6C, 0x43, 0x25, 0xBF, 0xF1, 0xF3, 0xC7, 0x31, 0xF4, 0x70, 0xF5,
    0x6C, 0x7C, 0xA2, 0x0F, 0xAF, 0x26, 0x9C, 0xE3, 0x0E, 0x17, 0x8E, 0xE2, 0xC6, 0xFF, 0x54, 0x9E,
    0x64, 0x12, 0xA3, 0x4D, 0x6B, 0xB4, 0x17, 0xDE, 0x6D, 0x30, 0x1B, 0xBE, 0xAF, 0xBD, 0x4C, 0x40,
    0x0D, 0xAC, 0xD5, 0x4C, 0x9C, 0xDE, 0x7F, 0x9D, 0x90, 0xA7, 0x14, 0x3C, 0x0E, 0x17, 0x32, 0xEE,
    0x6B, 0x79, 0xF0, 0xAD, 0x13, 0xC2, 0xD1, 0x6A, 0xA0, 0xA1, 0xAB, 0xF3, 0xC2, 0x18, 0x11, 0x12,
    0xC6, 0x12, 0xA1, 0x2B, 0x51, 0xCC, 0x0C, 0xC4, 0xD4, 0xEB, 0xEB, 0x34, 0x8D, 0x73, 0xA1, 0xD9,
    0x01, 0x06, 0x77, 0x57, 0xE7, 0xFE, 0x8E, 0x7F, 0xE5, 0x88, 0x3B, 0xA4, 0x73, 0x25, 0x7A, 0x0E,
    0x0B, 0x9D, 0xB7, 0xFB, 0xB6, 0x99, 0xEC, 0xE6, 0xD1, 0xE8, 0x55, 0xB9, 0x6E, 0x97, 0xFC, 0x53,
    0x30, 0x2D, 0x99, 0x6C, 0xF4, 0xB9, 0x0F, 0xDC, 0x55, 0xA6, 0x64, 0x7C, 0x60, 0xD4, 0x3E, 0x7E,
    0xA0, 0x5B, 0x2D, 0xC2, 0x27, 0x8E, 0xA5, 0x27, 0x27, 0xBD, 0x59, 0x0B, 0xC0, 0x6A, 0x1D, 0x6D,
    0xEA, 0x95, 0xEC, 0x1F, 0xE8, 0xD9, 0xE6, 0xBB, 0xA9, 0xEF, 0x5A, 0x78, 0xC6, 0x3E, 0x21, 0x19,
    0xF5, 0x95, 0xED, 0x7B, 0xBF, 0x5B, 0xE9, 0x05, 0xA2, 0x87, 0x9F, 0x47, 0x36, 0x99, 0x22, 0x0D,
    0x7B, 0xC9, 0xEB, 0x1C, 0x65, 0xF1, 0xC1, 0x32, 0x8C, 0xA8, 0xDD, 0x42, 0xE4, 0x89, 0xEB, 0x77,
    0x48, 0x36, 0x4A, 0x26, 0xD9, 0xD5, 0xFF, 0xC4, 0x92, 0x5D, 0x54, 0xE4, 0x49, 0xE5, 0x76, 0x43,
    0xC8, 0x05, 0x01, 0xE0, 0x07, 0x02, 0xE7, 0x5E, 0x7E, 0x17, 0xB0, 0x4B, 0x30, 0x2F, 0x68, 0x3B,
    0xE7, 0x67, 0x6C, 0x70, 0x4F, 0x6A, 0x7D, 0x59, 0x76, 0x27, 0xFF, 0x05, 0xA5, 0x94, 0x5D, 0x8A,
    0xEB, 0x30, 0x0C, 0x85, 0x05, 0x7E, 0x1D, 0xD0, 0x56, 0xBA, 0x80, 0x82, 0xB6, 0x6E, 0xC8, 0x02,
    0xBA, 0x15, 0xC3, 0xBC, 0x0A, 0x74, 0xCF, 0x91, 0xEC, 0xDC, 0x26, 0x29, 0xD3, 0xF9, 0x09, 0xA5,
    0x5F, 0x1B, 0xDB, 0xB2, 0x8E, 0x74, 0x6C, 0x11, 0x31, 0xA9, 0xE7, 0x4B, 0xB6, 0xE0, 0x33, 0x2E,
    0x7C, 0xB7, 0xCE, 0x72, 0x5E, 0x5C, 0xC8, 0x88, 0xB9, 0x5A, 0x34, 0x5C, 0xE6, 0xCC, 0x64, 0x98,
    0xF5, 0x1C, 0x36, 0xE5, 0x80, 0xB9, 0x35, 0x0E, 0x44, 0x37, 0xC1, 0x0A, 0x45, 0x08, 0xBC, 0xCB,
    0x4F, 0xFE, 0xE9, 0xDC, 0x27, 0x44, 0x73, 0xBF, 0xFB, 0xDB, 0x7C, 0xBE, 0x9F, 0xDF, 0x6F, 0xEB,
    0xD1, 0xA6, 0x9E, 0x17, 0xBA, 0x38, 0xAC, 0x3E, 0x75, 0x8D, 0xD4, 0xD5, 0x0E, 0xBA, 0x62, 0xD7,
    0xA5, 0xA9, 0xCB, 0x7F, 0xAD, 0xEB, 0xBD, 0xBE, 0x95, 0x97, 0x99, 0x3D, 0xD7, 0x7D, 0xAF, 0x3F,
    0xF2, 0xCC, 0x7C, 0x91, 0xA7, 0x3F, 0xD1, 0x98, 0xEF, 0xEA, 0x47, 0x47, 0xFE, 0xD5, 0x0F, 0x3D,
    0xEF, 0xF3, 0xC0, 0xB7, 0xFF, 0x20, 0x7F, 0xED, 0x72, 0x22, 0x42, 0xF6, 0x97, 0xEC, 0x6C, 0x7A,
    0xC4, 0xE3, 0x15, 0x91, 0x9F, 0x1E, 0x39, 0x8A, 0xB1, 0xE8, 0x49, 0xF4, 0x6B, 0x31, 0xD7, 0x69,
    0x3C, 0x8A, 0x8F, 0xAD, 0xE2, 0xF1, 0x1B, 0xCC, 0x59, 0xB6, 0x89, 0x81, 0x62, 0x5B, 0xBF, 0x6B,
    0x0F, 0x52, 0x76, 0x6E, 0xCE, 0xC9, 0x49, 0x0D, 0x06, 0x18, 0x45, 0x8E, 0x45, 0x16, 0x6E, 0x0A,
    0x9A, 0x44, 0xD0, 0xAA, 0x73, 0xA4, 0x41, 0xDA, 0xA4, 0x4D, 0xB2, 0x76, 0x83, 0xEE, 0x89, 0x9E,
    0x72, 0xBD, 0xFA, 0xD4, 0xC6, 0xC9, 0x57, 0x73, 0x1D, 0xF0, 0x39, 0xEB, 0x6E, 0x9A, 0xEC, 0xE9,
    0xA3, 0xF2, 0xCF, 0x3D, 0xB7, 0xC9, 0xBA, 0x2D, 0x7F, 0x9E, 0xCF, 0x2D, 0xFA, 0xDC, 0x66, 0x9F,
    0x75, 0xF6, 0xB7, 0x7C, 0x29, 0xD9, 0x5F, 0x75, 0x9A, 0x11, 0xFE, 0x1E, 0x60, 0x4D, 0x0C, 0x39,
    0x3E, 0xDF, 0x38, 0x27, 0x7E, 0x21, 0x8C, 0x61, 0x52, 0x7D, 0x2A, 0xEA, 0xF4, 0x15, 0xF2, 0x90,
    0xAC, 0xCB, 0xF4, 0x1B, 0x39, 0xBE, 0xF2, 0xF1, 0xE5, 0x9C, 0xA5, 0x5C, 0xDE, 0x1F, 0x87, 0xF3,
    0x16, 0x3C, 0x6F, 0x7D, 0x3F, 0x6F, 0xFB, 0xFD, 0x81, 0x9F, 0x14, 0x7B, 0xF1, 0xA9, 0x2D, 0x11,
    0x6D, 0x44, 0xC2, 0x0B, 0x48, 0x8F, 0x2B, 0x47, 0x5E, 0x3C, 0x84, 0xD1, 0x49, 0x70, 0x03, 0x1A,
    0xD0, 0x75, 0x4C, 0x40, 0x0A, 0xCA, 0xE5, 0xA8, 0x60, 0xD8, 0x86, 0xDF, 0x9B, 0x1B, 0xFC, 0x12,
    0x9F, 0x80, 0xA3, 0x91, 0x08, 0x79, 0x43, 0x25, 0x28, 0x58, 0x23, 0xF5, 0x02, 0xCD, 0x1B, 0x44,
    0x7C, 0xA0, 0x21, 0x38, 0x93, 0x19, 0x3A, 0x08, 0xED, 0x77, 0xA3, 0xEB, 0xC7, 0x9D, 0x85, 0x6A,
    0xCC, 0x37, 0x2B, 0xB8, 0xD0, 0xAA, 0x1E, 0x30, 0xB6, 0x10, 0xD0, 0x7E, 0xFB, 0x9F, 0x3C, 0xCF,
    0x29, 0x61, 0x09, 0x8B, 0x09, 0x16, 0x34, 0x6D, 0xC6, 0x74, 0xE5, 0x8C, 0x8C, 0x53, 0xE0, 0x0E,
    0x41, 0x89, 0xC8, 0x7A, 0x14, 0x9C, 0xF9, 0xEA, 0x42, 0x14, 0x8C, 0x30, 0xFB, 0x20, 0xF0, 0x8A,
    0xF0, 0x1D, 0x01, 0xDC, 0x0A, 0xF5, 0x0A, 0x68, 0x07, 0xA0, 0x60, 0xF9, 0x2F, 0xB1, 0x1A, 0x7B,
    0x26, 0x25, 0xDB, 0x13, 0xFF, 0x3A, 0xEF, 0xC7, 0x37, 0xE5, 0x74, 0x96, 0xC6, 0xC1, 0x51, 0x79,
    0xE2, 0xE2, 0x7A, 0x73, 0xAF, 0xB8, 0xFF, 0x00, 0x8D, 0x95, 0x5D, 0xAA, 0xE3, 0x30, 0x0C, 0x85,
    0x05, 0x7E, 0x2D, 0x68, 0x2B, 0x5D, 0x40, 0x40, 0x5B, 0x37, 0x74, 0x01, 0xD9, 0x8A, 0xA1, 0xAF,
    0x06, 0x8D, 0x74, 0x8E, 0x9C, 0x26, 0xE9, 0x9D, 0x99, 0x9B, 0x87, 0x7E, 0xD4, 0x96, 0x65, 0xFD,
    0x5B, 0x44, 0x4C, 0xF8, 0x5D, 0xA8, 0x9E, 0xDF, 0x14, 0x03, 0xFD, 0xA0, 0x16, 0x25, 0x57, 0x52,
    0xB0, 0xB9, 0xD9, 0xC8, 0x03, 0xD3, 0x34, 0x17, 0x7C, 0x58, 0xF3, 0x1E, 0x72, 0xDD, 0x42, 0x44,
    0x6C, 0x42, 0x19, 0xCF, 0xCD, 0x29, 0xAA, 0x50, 0x1B, 0x6B, 0x5D, 0xE4, 0xC2, 0xB5, 0xFE, 0xCB,
    0xFD, 0xFA, 0xF4, 0x66, 0xD7, 0x61, 0xDF, 0xB7, 0x57, 0x61, 0xF0, 0xF8, 0x89, 0xDC, 0xA6, 0x37,
    0xE2, 0x37, 0x8A, 0x0B, 0xF5, 0x79, 0x07, 0x9B, 0x8F, 0xE2, 0x84, 0x69, 0x2D, 0xEF, 0xEC, 0x69,
    0x87, 0x2D, 0x9A, 0xEE, 0x3D, 0xF4, 0x3D, 0x82, 0x43, 0x62, 0xD9, 0xF4, 0x05, 0xBA, 0xBE, 0xA6,
    0x4C, 0x93, 0x99, 0x7C, 0x5A, 0x9B, 0xDA, 0xD3, 0xCE, 0x36, 0x48, 0x5D, 0xEC, 0x1A, 0xA1, 0x0B,
    0xBB, 0x76, 0xEF, 0xCF, 0x64, 0x84, 0x12, 0xF6, 0x37, 0x97, 0xD3, 0x97, 0x76, 0x37, 0x6C, 0xF7,
    0x36, 0x00, 0x05, 0x42, 0x4B, 0xCA, 0x4E, 0x2B, 0xC0, 0xB3, 0x71, 0x24, 0xF0, 0xC8, 0xA7, 0x20,
    0x8E, 0x50, 0x9D, 0x49, 0x23, 0x26, 0x33, 0x5A, 0x70, 0x06, 0xD8, 0x32, 0x50, 0xEA, 0x5B, 0xC2,
    0xA0, 0x68, 0x18, 0xA3, 0xE6, 0xC4, 0x76, 0xC1, 0x11, 0xD1, 0xC6, 0x8B, 0xAE, 0x58, 0x22, 0x0F,
    0x69, 0x69, 0x60, 0x9A, 0x98, 0xA0, 0xF1, 0x76, 0xF1, 0x41, 0x87, 0xF5, 0xAB, 0xD5, 0xCB, 0x78,
    0x67, 0x59, 0x64, 0x99, 0x9D, 0x90, 0x89, 0x99, 0x61, 0xFC, 0x09, 0xCA, 0x2C, 0xA9, 0x3F, 0x13,
    0xC6, 0x73, 0x91, 0x20, 0x28, 0x23, 0x36, 0xE2, 0x61, 0xD4, 0xF9, 0x3B, 0x94, 0x13, 0x5E, 0x15,
    0x74, 0xE7, 0x94, 0xF6, 0xA1, 0x65, 0x9C, 0x49, 0xEC, 0x1B, 0x4C, 0x3B, 0xC9, 0x7B, 0xA7, 0xBC,
    0x8F, 0x45, 0xAC, 0xB7, 0x92, 0x5B, 0x8C, 0x44, 0x44, 0x36, 0xC3, 0x11, 0xDF, 0xA2, 0x72, 0xB2,
    0x33, 0xA3, 0x92, 0xF6, 0x60, 0x56, 0x54, 0xEA, 0x0D, 0x66, 0xE7, 0x6D, 0xC9, 0xC8, 0xE0, 0x23,
    0xEF, 0x47, 0xA3, 0x72, 0x1D, 0xF7, 0x65, 0x3B, 0x66, 0x2A, 0x14, 0x95, 0x97, 0x71, 0xA2, 0x9D,
    0xB2, 0x5D, 0x2A, 0x6B, 0x16, 0x9D, 0x6C, 0xF5, 0x3F, 0x0E, 0x76, 0x56, 0xE4, 0xA9, 0x83, 0xE2,
    0x27, 0xF2, 0xD6, 0xE1, 0xDF, 0x30, 0x72, 0xE2, 0x5E, 0x9D, 0x28, 0x21, 0x7F, 0x0D, 0x54, 0x54,
    0xCA, 0x0E, 0x32, 0xFF, 0xE3, 0x76, 0x47, 0x9D, 0xD9, 0x84, 0x9F, 0x86, 0xFA, 0x52, 0xA6, 0x39,
    0xC8, 0x56, 0x37, 0x6B, 0xB8, 0xC7, 0x51, 0x2D, 0x23, 0xFD, 0xBB, 0x50, 0x7E, 0xE0, 0xBF, 0x3A,
    0xFD, 0xC3, 0x56, 0x93, 0xE2, 0x8B, 0xA3, 0x26, 0xC2, 0xBB, 0x26, 0xE0, 0x85, 0xE2, 0x6D, 0x40,
    0x22, 0xFC, 0x22, 0xDF, 0x60, 0x9C, 0x1E, 0xCC, 0x17, 0xE5, 0xF4, 0xA0, 0x61, 0xDF, 0xEA, 0x5C,
    0xF8, 0x03, 0xBA, 0x35, 0xEC, 0x6F, 0xB8, 0xF7, 0x43, 0xA9, 0xF5, 0x65, 0xC7, 0xCD, 0xBE, 0xFE,
    0xE1, 0x91, 0x31, 0xBF, 0xD3, 0xD9, 0xD0, 0x5F, 0x5C, 0xBB, 0xCC, 0x4B, 0x71, 0x56, 0x4C, 0x16,
    0xFF, 0xB6, 0x7F, 0x5F, 0x5F, 0xFC, 0xCF, 0x8B, 0x91, 0x3B, 0x73, 0x5D, 0xDC, 0xF9, 0x52, 0x18,
    0xF2, 0x9F, 0x2F, 0xC5, 0xC0, 0x23, 0x21, 0x29, 0x8F, 0xD6, 0x8F, 0xBC, 0x43, 0xDF, 0xF6, 0xDD,
    0x75, 0x03, 0x55, 0xDF, 0x58, 0xFC, 0x52, 0x88, 0xA1, 0x3A, 0xB2, 0x02, 0x17, 0x76, 0x60, 0x8F,
    0x09, 0xEC, 0xF2, 0xC8, 0x41, 0xBC, 0xA6, 0xC3, 0x9B, 0xF3, 0xEE, 0xCD, 0xE9, 0xE0, 0x85, 0x74,
    0xAF, 0x61, 0x8C, 0x45, 0x0F, 0x6D, 0x04, 0xCA, 0xCE, 0x98, 0x0D, 0xE7, 0x9C, 0xE4, 0x68, 0x5B,
    0x90, 0x85, 0x2A, 0xD0, 0x02, 0xD3, 0xC7, 0xBD, 0x3F, 0x8D, 0x95, 0x51, 0x6A, 0xEC, 0x30, 0x0C,
    0x45, 0x0D, 0xFA, 0x0D, 0x78, 0x2B, 0x85, 0xFE, 0x0E, 0x68, 0xEB, 0x86, 0x59, 0x40, 0xB7, 0x22,
    0x98, 0x5F, 0x81, 0xDE, 0xBD, 0x92, 0x9C, 0x4E, 0xA6, 0x53, 0xFA, 0x52, 0x3A, 0x27, 0xB1, 0x65,
    0x47, 0xD2, 0x95, 0x9C, 0xA1, 0x63, 0xCC, 0x81, 0x0B, 0xD4, 0x55, 0x8C, 0x7E, 0x8E, 0x7A, 0x96,
    0xB0, 0xE4, 0x7C, 0x38, 0x10, 0xAE, 0x0B, 0x13, 0x60, 0x2C, 0x35, 0x30, 0x62, 0x4C, 0x4C, 0x04,
    0xEF, 0xB0, 0x32, 0x62, 0x13, 0x03, 0x13, 0x8B, 0x9D, 0xBB, 0xF5, 0x26, 0xA4, 0x9B, 0x0E, 0x1F,
    0x33, 0xC2, 0x54, 0xC8, 0x0F, 0x57, 0xC1, 0x3E, 0x18, 0xDC, 0x9C, 0x5F, 0x8B, 0x54, 0xF2, 0x20,
    0xE9, 0x88, 0xE6, 0x5F, 0xFA, 0x95, 0x0E, 0x62, 0x34, 0xB8, 0x77, 0x32, 0x5E, 0xE8, 0xE9, 0xAF,
    0x95, 0x3D, 0xC8, 0xF5, 0xF2, 0xC6, 0x2E, 0xCE, 0x79, 0xC4, 0xD3, 0x8C, 0x5E, 0x2F, 0xC5, 0x80,
    0x93, 0x42, 0xDE, 0x37, 0x7B, 0xFC, 0x91, 0x94, 0x78, 0xE4, 0xB8, 0xF4, 0xBA, 0x79, 0xF2, 0xB3,
    0x59, 0x79, 0x55, 0xDD, 0xAC, 0xF7, 0xDE, 0x9A, 0x07, 0xF3, 0xEC, 0x95, 0x67, 0xCF, 0xB8, 0x86,
    0x1A, 0x73, 0xC5, 0xA8, 0x95, 0x89, 0xD6, 0xC0, 0xE6, 0xE0, 0xB4, 0x56, 0xA6, 0x2E, 0xD8, 0x77,
    0x7C, 0x2F, 0xDC, 0x71, 0x6E, 0x8E, 0xF4, 0x03, 0x71, 0xE5, 0xBC, 0xB6, 0x3E, 0xCD, 0xD5, 0x76,
    0x8B, 0x5B, 0x4F, 0xEA, 0x8D, 0xDB, 0xA2, 0x75, 0x9C, 0xD6, 0x71, 0xBA, 0xCF, 0x95, 0x71, 0x26,
    0x67, 0xEA, 0x4D, 0xDE, 0x6A, 0x7F, 0xEA, 0xB6, 0x2E, 0xCC, 0xF1, 0xA3, 0x49, 0xFF, 0xD6, 0xEC,
    0xF8, 0xD4, 0xD2, 0x3F, 0x9B, 0xA5, 0x43, 0xC5, 0x27, 0x56, 0xE2, 0x9E, 0x57, 0x15, 0x4E, 0xC6,
    0x3C, 0x5B, 0xF3, 0x95, 0x83, 0xEA, 0x14, 0x02, 0xAF, 0x2E, 0x89, 0x5A, 0x91, 0x16, 0xFE, 0x40,
    0x9E, 0x38, 0xAD, 0xCB, 0x73, 0xC7, 0xE5, 0x95, 0xB8, 0x13, 0x08, 0xEE, 0x96, 0x60, 0x71, 0x0A,
    0x2D, 0xA4, 0xF6, 0x4E, 0x94, 0x33, 0xB8, 0x65, 0xD1, 0x09, 0xF3, 0x66, 0x28, 0x90, 0xA1, 0x50,
    0x1F, 0x5E, 0xB3, 0x08, 0xD2, 0x10, 0x09, 0x5C, 0xA8, 0x7A, 0x84, 0x80, 0xFF, 0xD1, 0x12, 0x65,
    0x24, 0xE5, 0x78, 0x16, 0x7B, 0xE5, 0xD8, 0xAE, 0x18, 0xA7, 0x8A, 0xBF, 0xC3, 0x5F, 0x41, 0x81,
    0x7E, 0xE0, 0xAD, 0xE5, 0x1F, 0x68, 0x27, 0x4A, 0x7C, 0xBF, 0x62, 0x74, 0x87, 0xFD, 0x2F, 0x59,
    0x4F, 0xDF, 0xB4, 0x22, 0x92, 0x02, 0x86, 0x6A, 0x33, 0xAC, 0xD9, 0x76, 0xD6, 0x5C, 0xAF, 0xEB,
    0xFF, 0xE2, 0xAD, 0xA9, 0xCF, 0x8C, 0x24, 0x9C, 0xC7, 0x99, 0x94, 0xB1, 0x69, 0x95, 0x36, 0x3A,
    0x87, 0xD2, 0xB1, 0x46, 0x1C, 0x2B, 0xCF, 0xEB, 0x39, 0xC9, 0x7A, 0xE2, 0x6C, 0x93, 0x67, 0x5C,
    0x4D, 0xC6, 0x3E, 0xD8, 0x7E, 0xE4, 0xAC, 0xCA, 0x74, 0x9A, 0xD3, 0xD7, 0xC4, 0x62, 0xD1, 0x71,
    0x09, 0xAA, 0x4D, 0xB2, 0x24, 0x1C, 0x59, 0x41, 0x42, 0x5C, 0xB3, 0x96, 0x9C, 0x95, 0x85, 0x86,
    0x2B, 0x67, 0xEA, 0x7C, 0xD4, 0x2C, 0x8C, 0x19, 0xAD, 0x91, 0x15, 0x6A, 0x26, 0xCD, 0xE6, 0x0E,
    0xA1, 0x6F, 0x84, 0x55, 0xCF, 0xF3, 0xA4, 0x88, 0xF6, 0x94, 0xE2, 0x12, 0x43, 0x6D, 0x0B, 0xD3,
    0xFE, 0x4C, 0xB6, 0x7F, 0xF1, 0xDE, 0xFC, 0xB2, 0x79, 0xE7, 0x3C, 0x0A, 0x99, 0x8B, 0xD0, 0xF8,
    0x45, 0xAD, 0xED, 0xAB, 0x58, 0xF7, 0xB1, 0x76, 0x92, 0x11, 0xE4, 0xA6, 0xDC, 0x37, 0x7F, 0xEE,
    0xEC, 0x2C, 0xBE, 0x3C, 0xEA, 0xF8, 0x5C, 0x99, 0xC0, 0xD4, 0x61, 0xA4, 0xDE, 0x88, 0x9C, 0xF6,
    0x23, 0xFD, 0xEB, 0x2F, 0x86, 0x18, 0x3C, 0xD6, 0x7E, 0x6F, 0x36, 0x0D, 0x65, 0x3A, 0xFA, 0x0C,
    0x62, 0x22, 0xAB, 0xD0, 0xEA, 0x49, 0xCB, 0x99, 0xF2, 0xA9, 0x5D, 0x13, 0xBF, 0x18, 0x96, 0x7B,
    0xED, 0x65, 0x9F, 0x4D, 0x07, 0xCF, 0x94, 0xFA, 0x44, 0x10, 0xE8, 0xDA, 0xE5, 0xEF, 0x65, 0xE4,
    0xE1, 0x4F, 0x25, 0x28, 0x14, 0x2C, 0x91, 0xCB, 0x95, 0xA7, 0x3A, 0xDB, 0x5E, 0xAE, 0xAF, 0x3D,
    0xBB, 0x58, 0xEA, 0xD5, 0xFD, 0x61, 0x93, 0x58, 0x5B, 0xA1, 0x7F, 0x95, 0x95, 0x5B, 0x8A, 0xE3,
    0x40, 0x0C, 0x45, 0x0B, 0xF4, 0x6B, 0xA8, 0xAD, 0x64, 0x01, 0x01, 0x6D, 0xBD, 0xC0, 0x0B, 0xC8,
    0x56, 0x04, 0xF9, 0x15, 0x68, 0xEE, 0xBD, 0xAA, 0xA4, 0x9D, 0x34, 0x0C, 0x33, 0x4E, 0x37, 0x27,
    0x76, 0x4A, 0xEF, 0x87, 0xE7, 0x1A, 0x73, 0x0D, 0xFE, 0xFF, 0x1D, 0xD6, 0xE0, 0x07, 0xF0, 0x10,
    0x6A, 0xCD, 0xAA, 0x79, 0xD6, 0x20, 0x2A, 0x1B, 0xA1, 0x93, 0xD5, 0x72, 0xF9, 0x0F, 0x3A, 0x2D,
    0xDE, 0xB0, 0x46, 0x09, 0x50, 0xB6, 0xA6, 0x10, 0x33, 0xBC, 0xF8, 0x2D, 0x5C, 0x46, 0x96, 0xAF,
    0x61, 0x05, 0x13, 0xEF, 0xCB, 0xFF, 0x9B, 0xB6, 0x9A, 0x33, 0xA8, 0xD1, 0x11, 0x52, 0xB3, 0x96,
    0xF8, 0x94, 0xF6, 0x72, 0x44, 0x85, 0x2B, 0x61, 0x1E, 0x30, 0x70, 0x6D, 0xF2, 0x31, 0xDC, 0xF2,
    0xD5, 0x9C, 0xFC, 0x1D, 0x5A, 0x18, 0xF1, 0x80, 0x83, 0xC6, 0x03, 0x05, 0xFD, 0x10, 0xB0, 0x04,
    0xE1, 0x39, 0xFF, 0xA0, 0x9C, 0xA6, 0x60, 0xBF, 0x18, 0x3D, 0xFC, 0xB9, 0x53, 0x70, 0xC7, 0xF2,
    0x66, 0x5E, 0x62, 0x1B, 0x16, 0xCD, 0x99, 0xF0, 0x0C, 0x61, 0x5B, 0x3D, 0xC4, 0x51, 0xD5, 0x9C,
    0x8F, 0xD5, 0xA1, 0xCD, 0x0F, 0x1E, 0x9B, 0xF0, 0xD1, 0x79, 0x8C, 0xF6, 0x75, 0xBC, 0x9A, 0xF2,
    0x8F, 0xC7, 0x8F, 0xCD, 0xF1, 0x45, 0x5B, 0x4D, 0xC4, 0xB7, 0xD5, 0x36, 0x9D, 0x3C, 0x28, 0x0F,
    0x0D, 0xB0, 0x51, 0x23, 0x49, 0x4B, 0xDB, 0x9C, 0x22, 0xC4, 0x10, 0x29, 0x9A, 0x24, 0x8A, 0x1E,
    0x2C, 0xAA, 0xEB, 0x10, 0x8F, 0xF1, 0x15, 0xDF, 0x87, 0x5F, 0x86, 0x14, 0xC9, 0x3F, 0x7F, 0xD9,
    0xFF, 0xE5, 0x1F, 0x3D, 0xC7, 0x63, 0xA3, 0x04, 0xBB, 0x31, 0xC5, 0xAC, 0xB6, 0x57, 0xAA, 0x0A,
    0xCA, 0x36, 0xDB, 0xC0, 0x9D, 0x79, 0x63, 0x4A, 0xAF, 0x44, 0x52, 0x27, 0xFC, 0x65, 0xE1, 0xD0,
    0x71, 0x4C, 0xD2, 0x60, 0xF5, 0x4B, 0xEC, 0xFA, 0xB3, 0xB1, 0x55, 0x4F, 0x18, 0x0A, 0x96, 0xBD,
    0xEF, 0x21, 0x02, 0x79, 0xF4, 0x49, 0x54, 0x3D, 0xF1, 0x05, 0xE2, 0xB5, 0xE3, 0x63, 0x5F, 0x42,
    0xE0, 0xA6, 0x18, 0x8D, 0x2E, 0xE8, 0xB8, 0x50, 0x02, 0x82, 0x23, 0x68, 0x4F, 0x9E, 0xBC, 0x5C,
    0xB9, 0xE0, 0xDE, 0x72, 0xF4, 0x84, 0xC8, 0x16, 0x6F, 0xB0, 0xF5, 0x18, 0xC3, 0xAD, 0x3A, 0x94,
    0x7A, 0x45, 0x14, 0xCA, 0xD3, 0xAB, 0x0D, 0xD7, 0x4D, 0x38, 0xB3, 0x8B, 0xB4, 0x81, 0x38, 0x54,
    0x22, 0x8E, 0x55, 0xD0, 0xF1, 0xA0, 0xB2, 0xF0, 0xB5, 0x81, 0xE1, 0x45, 0xED, 0x54, 0x9D, 0x8F,
    0x06, 0x1C, 0x9A, 0x16, 0x59, 0xA7, 0x22, 0xF6, 0xF0, 0x50, 0x7E, 0x42, 0x69, 0x63, 0x1F, 0x2F,
    0x46, 0xD6, 0xBE, 0x78, 0x37, 0xA5, 0x70, 0x74, 0xCA, 0xBD, 0xFB, 0x92, 0x6D, 0xED, 0x9D, 0x09,
    0x57, 0x5A, 0x85, 0xFB, 0x1E, 0x4B, 0xFB, 0x49, 0x41, 0x0E, 0x6B, 0xF4, 0x88, 0xA8, 0x83, 0x7F,
    0xF0, 0x21, 0x6E, 0x5B, 0xE7, 0x46, 0x68, 0x24, 0x58, 0x11, 0x5C, 0xB6, 0xB6, 0x2F, 0x97, 0x6B,
    0x69, 0x9A, 0xB8, 0x4D, 0x68, 0x29, 0x7B, 0x96, 0x10, 0xC7, 0xD9, 0xC6, 0xCF, 0xF2, 0x8F, 0x4D,
    0xF1, 0x03, 0xEF, 0x88, 0x3C, 0x1A, 0x25, 0xD8, 0x57, 0x0C, 0x1F, 0x98, 0xD6, 0x31, 0x9C, 0x82,
    0x6F, 0xC0, 0x3E, 0x7C, 0x2E, 0x01, 0x9F, 0x0B, 0x66, 0x48, 0xC0, 0x1B, 0x98, 0x23, 0xC2, 0x46,
    0x0B, 0xBC, 0xEB, 0x30, 0x4F, 0xED, 0xD5, 0xF9, 0x48, 0xF6, 0x12, 0xB7, 0xEF, 0x50, 0x0B, 0x6A,
    0x3D, 0x07, 0x3A, 0xDE, 0x18, 0xD8, 0x3B, 0x91, 0xF2, 0x3A, 0xE5, 0x3C, 0xB2, 0x17, 0xFE, 0x08,
    0xD5, 0x01, 0x8D, 0x72, 0xC0, 0x79, 0x43, 0xFF, 0x8E, 0xB4, 0xCB, 0x3A, 0x11, 0x56, 0x8E, 0xC3,
    0x9F, 0x69, 0x1A, 0x33, 0x4D, 0x33, 0x77, 0x61, 0x0C, 0xFD, 0xBA, 0x1A, 0x77, 0x65, 0x3E, 0x5D,
    0x53, 0xB1, 0x5C, 0x43, 0xC1, 0x3D, 0x08, 0x43, 0xC9, 0x3D, 0x8A, 0xDC, 0x14, 0xDF, 0x14, 0x83,
    0x31, 0xA0, 0xA5, 0x3C, 0xE4, 0x3E, 0x16, 0x3B, 0xAB, 0x6A, 0x6C, 0xB7, 0xE0, 0x5D, 0x58, 0xD8,
    0x33, 0x98, 0x02, 0x80, 0xC6, 0x9F, 0xC0, 0xD9, 0xB0, 0x06, 0x84, 0xF1, 0x5B, 0x8D, 0x9B, 0x70,
    0x26, 0x01, 0xF7, 0x0A, 0x40, 0xC1, 0x93, 0xE2, 0x18, 0x7E, 0x8A, 0x23, 0x33, 0x17, 0x50, 0x2B,
    0x90, 0x02, 0xF2, 0x4B, 0x01, 0xBE, 0x58, 0x24, 0xE7, 0x75, 0x3E, 0x5F, 0xEF, 0x1A, 0xD4, 0x86,
    0x7E, 0xF8, 0x23, 0x8D, 0x77, 0x9C, 0x22, 0x74, 0x08, 0xB7, 0x27, 0x12, 0xC9, 0x31, 0x76, 0xAD,
    0xE0, 0x7B, 0x6F, 0xD6, 0x1C, 0x9C, 0x9C, 0x95, 0xD4, 0x28, 0x18, 0xA4, 0x51, 0x3D, 0xD6, 0x36,
    0x95, 0xD8, 0x54, 0xC7, 0xE3, 0x4E, 0xDD, 0xB0, 0xD4, 0x9B, 0x1A, 0x6D, 0xBD, 0x31, 0x81, 0x10,
    0xB0, 0xD0, 0x99, 0x09, 0x6B, 0x0C, 0xBD, 0x07, 0xBF, 0x76, 0x41, 0xEF, 0xAE, 0xD0, 0x9A, 0xC5,
    0x91, 0xEA, 0x23, 0xA5, 0x87, 0x96, 0x57, 0xCC, 0xD0, 0x91, 0x0D, 0xE7, 0xAB, 0xBA, 0x5E, 0x60,
    0xCA, 0xAD, 0xD6, 0x6E, 0xA2, 0x3F, 0x6D, 0x95, 0x51, 0x8A, 0xE4, 0x3A, 0x0C, 0x45, 0x05, 0xFA,
    0x2D, 0xD0, 0x56, 0x0A, 0xDE, 0x6F, 0x40, 0x5B, 0x37, 0x78, 0x01, 0xDE, 0x8A, 0x21, 0xBF, 0x06,
    0xCD, 0xBD, 0x92, 0x3D, 0x53, 0xA9, 0x57, 0xA1, 0xBB, 0x4F, 0xC7, 0x71, 0x64, 0x49, 0x57, 0x52,
    0x44, 0xF2, 0xB2, 0xE6, 0x11, 0x31, 0x7D, 0x05, 0x61, 0x91, 0x90, 0xBA, 0x93, 0x6B, 0x89, 0xF4,
    0x29, 0xB2, 0xDC, 0x6E, 0x22, 0x2C, 0xE6, 0x5B, 0x74, 0x69, 0x88, 0x8B, 0x2D, 0x09, 0xC1, 0x9B,
    0x53, 0xBC, 0xE1, 0xF5, 0xB6, 0x6C, 0xEA, 0x72, 0x59, 0xDA, 0x84, 0x7B, 0x69, 0xBC, 0xAC, 0x6C,
    0x5C, 0x85, 0x10, 0x8B, 0xC6, 0xE7, 0x8E, 0x1B, 0x85, 0x8D, 0x58, 0xA2, 0x78, 0x13, 0xB0, 0x69,
    0x13, 0x86, 0xAC, 0xC5, 0x5C, 0x3E, 0xBD, 0x87, 0x2C, 0x5B, 0x8E, 0x3D, 0x4B, 0xA7, 0xC3, 0xE8,
    0x92, 0xF9, 0x92, 0x6D, 0x7A, 0x3B, 0x9F, 0xF8, 0x72, 0x7E, 0xE3, 0x82, 0xBD, 0xC7, 0x2E, 0xE0,
    0xAD, 0x7C, 0xB6, 0x62, 0xE3, 0x4E, 0xF8, 0x42, 0x44, 0x74, 0x22, 0x23, 0x12, 0x24, 0xA4, 0xD1,
    0xC3, 0x18, 0x08, 0x0B, 0xCE, 0x5A, 0xB3, 0x90, 0x0E, 0xE0, 0x6E, 0x8D, 0x11, 0xDE, 0x74, 0xD9,
    0x18, 0x83, 0xD1, 0xDA, 0xE8, 0x53, 0x67, 0xD8, 0xB8, 0x11, 0xFD, 0xB2, 0xCE, 0x5F, 0x02, 0x9B,
    0xA6, 0xF5, 0x76, 0x61, 0x2F, 0x4D, 0xB9, 0x24, 0xAC, 0x20, 0x15, 0x83, 0x66, 0x16, 0xD2, 0x49,
    0x22, 0xA8, 0x03, 0x1C, 0x28, 0xF8, 0x0E, 0xD3, 0x2B, 0x83, 0x89, 0x1D, 0xBB, 0x17, 0xCA, 0xF9,
    0xA8, 0xA0, 0x43, 0x33, 0x05, 0x4B, 0xDE, 0xBC, 0xE7, 0x51, 0x1B, 0x8D, 0x3F, 0x57, 0xC1, 0x6B,
    0x31, 0x0E, 0xB8, 0x88, 0x50, 0x36, 0xB8, 0x68, 0xF3, 0x80, 0x8B, 0x0E, 0x25, 0x94, 0x72, 0x24,
    0x54, 0xAC, 0xFD, 0x75, 0x1F, 0x97, 0xCE, 0xFA, 0xAB, 0xA9, 0x22, 0xD2, 0x34, 0x91, 0x54, 0x04,
    0x38, 0x68, 0xA3, 0x34, 0x3F, 0x8E, 0xCC, 0x5D, 0x0B, 0xAD, 0xD4, 0xB0, 0x4C, 0x85, 0xD3, 0x01,
    0x81, 0xCC, 0xF4, 0x07, 0x12, 0x16, 0x35, 0x8A, 0x59, 0x81, 0x2C, 0x3D, 0xF9, 0x26, 0xB2, 0x4D,
    0x5E, 0x52, 0x74, 0xA9, 0x75, 0x4A, 0x9A, 0xA5, 0x5A, 0xFB, 0x98, 0x0F, 0xFB, 0x20, 0xB2, 0x1C,
    0x7E, 0x08, 0x97, 0x71, 0x76, 0x12, 0x45, 0x81, 0xE4, 0x4D, 0x8A, 0x11, 0x57, 0x85, 0xF4, 0xB8,
    0x94, 0x51, 0xC1, 0x71, 0x8D, 0xC3, 0xBB, 0x02, 0x49, 0x63, 0xA0, 0x6E, 0x8A, 0xEE, 0x00, 0x8B,
    0xAF, 0x4D, 0x14, 0x40, 0x3E, 0x47, 0x8D, 0xE5, 0xBD, 0x6D, 0x3B, 0x72, 0xF8, 0xFA, 0x3E, 0xD1,
    0x52, 0x47, 0xB1, 0x4D, 0x1F, 0x87, 0xBD, 0xDF, 0x94, 0xDD, 0x1E, 0x84, 0x70, 0x0F, 0x42, 0xBA,
    0xA4, 0x57, 0x75, 0x34, 0xEB, 0x45, 0x2D, 0x41, 0xBE, 0x3B, 0x07, 0x4D, 0xEC, 0xB9, 0xAE, 0xB1,
    0x9F, 0x47, 0xDD, 0xCB, 0x0B, 0xEA, 0xCF, 0x6A, 0x1B, 0x6F, 0xA7, 0x12, 0x59, 0x97, 0x9B, 0xE8,
    0x12, 0x96, 0x21, 0xBA, 0x27, 0x09, 0x3B, 0x9E, 0x7E, 0xCE, 0x4D, 0xF1, 0x5D, 0xC2, 0x5F, 0x7C,
    0xEF, 0xE7, 0x11, 0x87, 0xE5, 0x0B, 0x66, 0xCB, 0x48, 0xBD, 0x96, 0x27, 0x6F, 0x34, 0x57, 0x87,
    0xDD, 0x1B, 0x0F, 0x1A, 0xF6, 0x20, 0x28, 0xD2, 0xC7, 0x7D, 0x47, 0x83, 0x17, 0xA3, 0xFD, 0x97,
    0xE5, 0xA5, 0x8F, 0xA2, 0x14, 0xDE, 0xD2, 0x64, 0x16, 0x32, 0xAB, 0xB2, 0x82, 0x1A, 0x8D, 0x6D,
    0x83, 0x06, 0xC0, 0x80, 0x92, 0x57, 0x01, 0xE7, 0x02, 0xEF, 0x82, 0x3F, 0x27, 0x42, 0x26, 0x03,
    0x92, 0xCD, 0xEC, 0xB5, 0x5A, 0xAC, 0x9A, 0x5E, 0xA5, 0x90, 0x64, 0x53, 0x95, 0xCD, 0x3C, 0xE1,
    0x80, 0x8B, 0xD9, 0x54, 0x89, 0x4F, 0x5F, 0x66, 0x2E, 0xB2, 0xA9, 0x2C, 0xB2, 0x0B, 0x90, 0x39,
    0x36, 0x95, 0xC5, 0x67, 0xBD, 0xAD, 0xD4, 0x46, 0x6B, 0x30, 0x28, 0xA7, 0xDA, 0x4A, 0x60, 0xE4,
    0x6A, 0xA6, 0xB1, 0xF0, 0xFA, 0x74, 0x89, 0xBD, 0x80, 0xE9, 0xE8, 0x04, 0x62, 0x98, 0x5C, 0xC3,
    0x7B, 0xB9, 0x83, 0x0D, 0x30, 0x31, 0x3B, 0x27, 0xC7, 0x33, 0xFB, 0x43, 0xB3, 0x1F, 0x89, 0x96,
    0xF3, 0x9D, 0xAD, 0x85, 0x3C, 0x33, 0x50, 0xC8, 0xDA, 0x31, 0x0A, 0x56, 0x0C, 0x00, 0x93, 0xB8,
    0xDF, 0xD3, 0x6E, 0xB6, 0xD3, 0x32, 0x66, 0x7D, 0x2C, 0xEF, 0x00, 0xA4, 0x1E, 0x48, 0x28, 0x06,
    0x16, 0x14, 0x0B, 0x74, 0x0D, 0xE7, 0x02, 0x62, 0xD0, 0x8A, 0xC0, 0x7F, 0x23, 0xAB, 0xEA, 0x01,
    0x73, 0x04, 0x8A, 0x93, 0x0B, 0xEE, 0xBE, 0x91, 0xDF, 0x86, 0xAA, 0x2A, 0xC7, 0xC8, 0xFD, 0x87,
    0xA8, 0xC9, 0xF7, 0x3A, 0x03, 0xF0, 0x89, 0x9A, 0xA6, 0x51, 0xD3, 0x34, 0xF2, 0x05, 0xC4, 0x5E,
    0x48, 0xD3, 0x10, 0x20, 0x8D, 0x71, 0x8E, 0xB2, 0x80, 0xA1, 0xE3, 0x92, 0x6C, 0xE9, 0x1C, 0xB7,
    0x25, 0xF6, 0xB9, 0xE2, 0x27, 0x6A, 0x94, 0x7D, 0xE1, 0xFF, 0x3B, 0x4F, 0x2B, 0x3D, 0x50, 0xE2,
    0xFD, 0xC6, 0xCF, 0x17, 0xF6, 0xC5, 0x33, 0xE8, 0x38, 0xA6, 0x15, 0xBF, 0x3C, 0xDE, 0xEB, 0x3B,
    0xCB, 0xCF, 0xAD, 0x61, 0x25, 0xF8, 0xBF, 0x1D, 0xB0, 0x04, 0xB0, 0xFB, 0x2D, 0xF2, 0x07, 0x8D,
    0x95, 0x51, 0x6A, 0xE5, 0x30, 0x0C, 0x45, 0x05, 0xFA, 0x2D, 0x78, 0x2B, 0x5D, 0x40, 0x40, 0x5B,
    0x17, 0x64, 0x01, 0x6F, 0x2B, 0x86, 0xFC, 0x0A, 0x34, 0xF7, 0x4A, 0x4E, 0x9A, 0xBC, 0xBE, 0xC2,
    0x64, 0x0A, 0x67, 0x6A, 0xCB, 0x92, 0x2C, 0x5F, 0xA9, 0x62, 0xA2, 0x53, 0x44, 0x3E, 0xC1, 0x92,
    0x9F, 0xE4, 0x03, 0xB5, 0x67, 0xC4, 0x28, 0x6C, 0x8D, 0x48, 0x80, 0x07, 0xDC, 0x60, 0x79, 0x34,
    0xB0, 0x6C, 0x12, 0x5C, 0xAF, 0x03, 0xD8, 0xDD, 0xC4, 0x34, 0x0D, 0x87, 0x72, 0x84, 0x5A, 0x8C,
    0xB4, 0x09, 0xA3, 0x11, 0xC3, 0x65, 0x84, 0xF0, 0x53, 0xD7, 0x30, 0x46, 0xD0, 0x99, 0x80, 0x0F,
    0x20, 0x10, 0xC3, 0x6D, 0x41, 0x42, 0x03, 0x9E, 0x25, 0x24, 0xBE, 0xE4, 0x1B, 0x27, 0x9C, 0xC9,
    0x32, 0xDF, 0x01, 0x24, 0x1C, 0xCD, 0x6F, 0xCD, 0xC9, 0x64, 0xF4, 0x08, 0x20, 0x74, 0x86, 0xA4,
    0x34, 0x9C, 0x97, 0xD0, 0xBE, 0xCB, 0x38, 0x0A, 0xE6, 0x39, 0x47, 0xA5, 0xE1, 0x83, 0xF6, 0x46,
    0x80, 0x58, 0x81, 0xCF, 0xE4, 0xFF, 0x98, 0x1C, 0xD6, 0xC5, 0x26, 0xB2, 0x77, 0x04, 0x41, 0xC6,
    0x93, 0x5B, 0xF8, 0x1D, 0x17, 0x49, 0x2C, 0xE1, 0x06, 0xB0, 0xE3, 0x1D, 0xBE, 0x71, 0x07, 0x81,
    0x33, 0xFC, 0xE0, 0x2A, 0xC0, 0xD4, 0x39, 0xBC, 0x6E, 0x51, 0x80, 0x7F, 0x56, 0x67, 0x61, 0xC8,
    0x57, 0x9D, 0x91, 0xAE, 0x7C, 0xFC, 0x37, 0x2A, 0x77, 0x6F, 0xCC, 0x37, 0x74, 0x29, 0x3F, 0x42,
    0xDB, 0xE2, 0x0D, 0xD1, 0xD5, 0x6B, 0x8C, 0x79, 0x87, 0x2D, 0x78, 0x21, 0x17, 0xA4, 0xB0, 0x35,
    0xD6, 0xA7, 0x1E, 0x15, 0x66, 0xB0, 0xD0, 0x78, 0x7D, 0xD0, 0x7E, 0x38, 0x8B, 0x5E, 0x27, 0xFE,
    0xE0, 0x92, 0xD8, 0x2F, 0xF2, 0x71, 0xE4, 0x64, 0x14, 0x93, 0x4C, 0xF8, 0x55, 0x32, 0x2D, 0xF7,
    0x59, 0x1C, 0x2F, 0xC6, 0xB9, 0x91, 0x82, 0xF0, 0x34, 0xBD, 0x28, 0x64, 0x9E, 0xE4, 0x3E, 0x04,
    0x00, 0x47, 0xD1, 0x0A, 0x7D, 0x65, 0x93, 0xF1, 0x24, 0x27, 0x42, 0xC9, 0xDB, 0xD7, 0xEA, 0x99,
    0x4F, 0xC0, 0x18, 0xFE, 0x84, 0x65, 0xBA, 0x43, 0xEE, 0xC8, 0x27, 0xEE, 0x6D, 0xA5, 0x67, 0x77,
    0x09, 0x13, 0x62, 0x07, 0xBE, 0xBC, 0x42, 0x8D, 0x2A, 0x4C, 0x14, 0x20, 0x53, 0x2F, 0x83, 0x3A,
    0x1E, 0xF4, 0x62, 0x8C, 0xEC, 0x2D, 0x51, 0xEF, 0xC2, 0xA0, 0x1D, 0xA4, 0x50, 0xCE, 0xEE, 0x79,
    0xAF, 0xBB, 0x90, 0xBA, 0x48, 0x4F, 0x45, 0x3C, 0x7E, 0xAD, 0xA3, 0x0A, 0xFB, 0xE2, 0x31, 0xAB,
    0xCB, 0x46, 0x91, 0x52, 0xE9, 0xF3, 0x57, 0xAA, 0x27, 0xF5, 0x64, 0xAB, 0xE3, 0xE2, 0x52, 0x0B,
    0x05, 0x94, 0x25, 0xD8, 0x49, 0x17, 0xC8, 0x09, 0x64, 0x83, 0x1D, 0x93, 0xFD, 0xC9, 0x78, 0x78,
    0x28, 0xAC, 0x6B, 0x93, 0xE3, 0xC5, 0xAD, 0xF2, 0xAA, 0x27, 0x17, 0x3D, 0xB2, 0x86, 0x03, 0x4F,
    0xF1, 0x19, 0xCB, 0x0B, 0xE3, 0x1D, 0x30, 0xDA, 0xEE, 0x2F, 0xC3, 0x86, 0x52, 0xAF, 0xBE, 0x1A,
    0x47, 0x14, 0x58, 0x33, 0xBB, 0x72, 0xC6, 0xEB, 0x56, 0xB1, 0x4B, 0x59, 0x55, 0x48, 0x0E, 0xA7,
    0xC6, 0xAB, 0xCF, 0x8D, 0x3A, 0x20, 0x35, 0x1B, 0xE2, 0x84, 0x35, 0xF2, 0xC0, 0xE6, 0x09, 0x6D,
    0x8C, 0xA3, 0xF6, 0x6C, 0x2F, 0x0C, 0x6D, 0x4B, 0x6D, 0xCB, 0xF1, 0x86, 0x32, 0xC9, 0xFD, 0x06,
    0x4D, 0x36, 0x73, 0xFC, 0xB4, 0xE7, 0x6A, 0x56, 0x16, 0xA2, 0xE7, 0x6F, 0x3C, 0x31, 0xD8, 0x2E,
    0x48, 0x71, 0xDA, 0xCE, 0x49, 0x12, 0xD0, 0x1E, 0xC7, 0x4F, 0xE6, 0x8E, 0x93, 0x1B, 0xEE, 0xC8,
    0x8A, 0xA1, 0x44, 0x94, 0x1D, 0x02, 0xB2, 0x3B, 0xEC, 0x47, 0x67, 0x13, 0xFF, 0x70, 0x73, 0x8C,
    0xD7, 0xE4, 0x94, 0xED, 0xB0, 0xBE, 0xA2, 0xB7, 0x49, 0x3C, 0xF1, 0xC7, 0x18, 0x79, 0x83, 0x5C,
    0xE9, 0xCE, 0x27, 0x4A, 0x42, 0xA5, 0xBC, 0x18, 0xFB, 0x67, 0xA0, 0x8D, 0x09, 0x7B, 0xE0, 0x66,
    0x62, 0x4F, 0xB4, 0xB3, 0x56, 0x67, 0x09, 0x0B, 0xE2, 0x6F, 0xE0, 0xD6, 0x1B, 0xA7, 0x3E, 0x82,
    0xA3, 0x2F, 0x50, 0x74, 0xB3, 0x92, 0xB3, 0x6D, 0xC2, 0x32, 0xF3, 0x55, 0x51, 0xEF, 0x6C, 0x65,
    0x52, 0x50, 0x7E, 0xF5, 0x73, 0x9C, 0xC5, 0xFE, 0x45, 0xFE, 0xDD, 0xE0, 0xE3, 0xDD, 0x78, 0xAE,
    0x3F, 0x68, 0x4B, 0x1C, 0x37, 0x9E, 0xEB, 0x6F, 0xF6, 0x35, 0x1D, 0x3E, 0x50, 0x9F, 0x6D, 0x75,
    0xE5, 0x11, 0xB5, 0x9F, 0x35, 0xA8, 0xAA, 0x9B, 0x8A, 0x5B, 0x67, 0xE8, 0xF2, 0xA4, 0xFC, 0x03,
    0xAD, 0x95, 0x5D, 0x8A, 0x23, 0x31, 0x0C, 0x84, 0x05, 0x7E, 0x0D, 0xF8, 0x2A, 0x7B, 0x80, 0x80,
    0xAE, 0x6E, 0xC8, 0x01, 0x72, 0x15, 0xC1, 0xBE, 0x0A, 0xB4, 0x55, 0x92, 0xDD, 0x69, 0x67, 0xA6,
    0x67, 0x67, 0xD8, 0x35, 0x09, 0x1F, 0xB6, 0x25, 0xFF, 0x48, 0x25, 0xB7, 0x04, 0x9B, 0xC9, 0x0E,
    0x17, 0x95, 0x76, 0x81, 0xFF, 0xE2, 0xD0, 0x6A, 0x6E, 0xC1, 0x12, 0x7D, 0x83, 0x0E, 0xD1, 0x1E,
    0x0B, 0x5D, 0x88, 0x21, 0xAB, 0xF5, 0x71, 0x85, 0xDC, 0xC0, 0xDF, 0x81, 0xB9, 0x76, 0x85, 0xEF,
    0x3B, 0x5C, 0x59, 0xE2, 0xE7, 0x05, 0x39, 0x80, 0x5B, 0x10, 0xB0, 0x79, 0xA1, 0x01, 0xE5, 0x17,
    0x63, 0x87, 0xEC, 0xAD, 0x73, 0x65, 0x5C, 0x99, 0xF6, 0x12, 0x44, 0x1F, 0xA1, 0x08, 0xCA, 0x47,
    0xCC, 0xB9, 0x1D, 0x7F, 0x37, 0xA9, 0x78, 0x2D, 0x5C, 0x1E, 0x09, 0x57, 0x59, 0xBD, 0x77, 0x32,
    0x77, 0xFD, 0xC4, 0x7F, 0xB5, 0x6B, 0x21, 0x6A, 0xDC, 0xD2, 0xF9, 0xE3, 0x38, 0xC2, 0x60, 0x8C,
    0x01, 0xC3, 0x21, 0xEA, 0x70, 0x7F, 0x32, 0xDA, 0x9A, 0xE1, 0x96, 0x8A, 0xFC, 0x8B, 0xCD, 0x8B,
    0xBD, 0xD8, 0xE0, 0x5B, 0x1C, 0x53, 0x18, 0x87, 0x4E, 0xAA, 0x35, 0x4B, 0x84, 0x63, 0x87, 0xA1,
    0xE1, 0x91, 0x90, 0x04, 0x57, 0xC3, 0x46, 0x54, 0x68, 0xC1, 0x08, 0xA7, 0x2A, 0x55, 0xBC, 0x13,
    0x88, 0x22, 0x00, 0x6B, 0x0E, 0xF1, 0x0A, 0x1D, 0xBE, 0x43, 0x1D, 0xF8, 0x25, 0x62, 0x73, 0xF5,
    0xCA, 0x25, 0xB3, 0xF9, 0x06, 0x4B, 0xF5, 0x2F, 0xFC, 0x60, 0x2E, 0x2F, 0x7A, 0x6A, 0x4E, 0x99,
    0x38, 0xC7, 0x30, 0xDF, 0x53, 0x5F, 0x84, 0xF9, 0xFD, 0xAE, 0x05, 0xC6, 0xC7, 0xD1, 0x19, 0x9A,
    0xB0, 0x10, 0xE0, 0x91, 0x0A, 0xC6, 0x7F, 0xC2, 0x56, 0x0F, 0x0E, 0x70, 0x1F, 0xF4, 0xB3, 0xF0,
    0xF2, 0x0B, 0x22, 0xAA, 0x37, 0xD7, 0x04, 0x38, 0x80, 0x03, 0xED, 0x70, 0x9E, 0xE8, 0x40, 0xD5,
    0xE3, 0x47, 0x9C, 0x1B, 0x8A, 0xE2, 0x61, 0x9A, 0x71, 0xFA, 0x6D, 0x4C, 0x16, 0x18, 0x25, 0x4C,
    0x1C, 0xE0, 0x9E, 0x4F, 0x01, 0x44, 0x89, 0x6B, 0xE3, 0x24, 0x8F, 0xA0, 0x7D, 0x0A, 0x23, 0xAB,
    0x83, 0xC2, 0xD1, 0xB3, 0x90, 0x90, 0xF4, 0xC8, 0xA0, 0xD7, 0x30, 0x93, 0xF9, 0x24, 0x54, 0x6E,
    0x19, 0xC2, 0x5B, 0xA9, 0x20, 0xE4, 0x13, 0x46, 0x96, 0xDB, 0x46, 0x9F, 0x02, 0xB3, 0x93, 0xD0,
    0xA0, 0xE3, 0x55, 0xDA, 0x51, 0xE2, 0xDC, 0x58, 0xB0, 0x1D, 0x32, 0x97, 0xD8, 0xD0, 0x2A, 0xA7,
    0x6F, 0xA8, 0x0C, 0x7F, 0x89, 0x1F, 0xFB, 0x7D, 0xE1, 0x80, 0x5B, 0xA5, 0x56, 0xA3, 0x74, 0x35,
    0x7B, 0x33, 0x79, 0xA9, 0xBB, 0x91, 0xE2, 0xCE, 0xAB, 0xE8, 0x0B, 0xD4, 0x0D, 0x6C, 0x5F, 0xF0,
    0x82, 0x8D, 0x44, 0x37, 0x4A, 0x62, 0x01, 0x65, 0x64, 0x19, 0x1B, 0x2A, 0xE3, 0x80, 0x3E, 0x47,
    0xBE, 0x9F, 0x85, 0x5B, 0x4F, 0xC8, 0x81, 0xCC, 0xC2, 0x04, 0x2B, 0x8D, 0x5B, 0x8D, 0xF9, 0x32,
    0x24, 0x7C, 0x2F, 0x83, 0x03, 0x5A, 0x11, 0xD7, 0xCA, 0xDF, 0x42, 0x7E, 0x91, 0xF0, 0x15, 0xF1,
    0x84, 0x70, 0x8D, 0x92, 0x88, 0xC7, 0x86, 0x39, 0x88, 0x23, 0xD3, 0x12, 0x45, 0x1F, 0x15, 0x0D,
    0x54, 0x01, 0x1F, 0xA8, 0x9B, 0xD6, 0xFB, 0x02, 0x09, 0xB4, 0x4A, 0xF8, 0x1B, 0x0C, 0x3B, 0x5D,
    0x20, 0x3E, 0xDB, 0xEF, 0x0F, 0xB5, 0x94, 0x51, 0xAA, 0x24, 0x31, 0x08, 0x45, 0x85, 0xFC, 0x36,
    0x64, 0x43, 0x03, 0x6E, 0x3D, 0xD0, 0x0B, 0xE8, 0xAD, 0x04, 0xDE, 0xAF, 0xE0, 0x78, 0xAF, 0x26,
    0x2F, 0x55, 0xAF, 0x66, 0xBE, 0x66, 0xAA, 0xA1, 0x4E, 0x27, 0x31, 0xD1, 0x5C, 0xB5, 0xDC, 0xE3,
    0x19, 0x7E, 0xBC, 0x4D, 0x44, 0xFA, 0xC3, 0xDB, 0xFF, 0xA9, 0xE5, 0xDF, 0x6D, 0xE2, 0x85, 0x3F,
    0x05, 0xA5, 0xC1, 0x7C, 0x84, 0x48, 0x9B, 0xB0, 0xC3, 0xC0, 0xEE, 0xB0, 0x3C, 0xA0, 0xF0, 0x1F,
    0xD6, 0x18, 0x83, 0xDB, 0x15, 0xB2, 0x9F, 0x18, 0x49, 0xCF, 0xDB, 0xB5, 0x5C, 0x6A, 0xFE, 0x41,
    0xB8, 0xED, 0x98, 0xDC, 0x88, 0x8B, 0xCA, 0xBE, 0xAD, 0x5D, 0x21, 0x2D, 0x8F, 0xE5, 0x69, 0x65,
    0x93, 0x21, 0x79, 0x1C, 0x36, 0xB1, 0x35, 0x1D, 0xD5, 0x76, 0xA1, 0x1F, 0x15, 0xED, 0xC4, 0xAF,
    0xDA, 0xB7, 0xC0, 0x49, 0xB9, 0x4D, 0x26, 0x18, 0x5B, 0xA4, 0xE4, 0x73, 0xC5, 0x44, 0x6E, 0xFA,
    0x0D, 0x8F, 0x96, 0xCC, 0x65, 0x98, 0x84, 0x83, 0x82, 0x03, 0x43, 0x72, 0xCD, 0xAE, 0xB0, 0x5C,
    0x03, 0xFA, 0x06, 0xFC, 0xF5, 0x39, 0x12, 0xB0, 0x9C, 0x3E, 0xCD, 0x10, 0xA1, 0x11, 0x06, 0x91,
    0xD5, 0x27, 0x10, 0x77, 0xD1, 0xB8, 0xCE, 0x2B, 0x15, 0x9F, 0xD2, 0x42, 0xC7, 0x96, 0x7A, 0x35,
    0xE7, 0x4D, 0xB3, 0x50, 0x52, 0x64, 0x6B, 0x3B, 0x47, 0x29, 0x68, 0xEA, 0x5A, 0x09, 0x58, 0x79,
    0xC0, 0xAE, 0xD2, 0xD3, 0x2F, 0x40, 0x02, 0xBF, 0xF3, 0x30, 0x16, 0x14, 0xE1, 0xAC, 0x34, 0x56,
    0xC2, 0xF5, 0x8B, 0x93, 0xFA, 0xCE, 0xC9, 0x96, 0x96, 0x8D, 0x93, 0xB2, 0x46, 0x97, 0xC9, 0xE3,
    0xE9, 0x55, 0x08, 0x72, 0x91, 0x35, 0x46, 0xEF, 0x89, 0xDA, 0x83, 0x52, 0x07, 0x78, 0xBF, 0x0C,
    0xF3, 0x1B, 0x61, 0xA9, 0xB1, 0x56, 0xF0, 0xD4, 0xFA, 0xA1, 0x5A, 0x9F, 0x2C, 0xE7, 0xFD, 0xCC,
    0x91, 0x7D, 0x70, 0x76, 0x05, 0xD3, 0x41, 0xB1, 0x0E, 0x64, 0x2F, 0xB2, 0x27, 0x95, 0xA5, 0x79,
    0x63, 0xF7, 0x2D, 0xDF, 0x85, 0xFA, 0x19, 0x0A, 0x75, 0x37, 0x7B, 0xB2, 0x07, 0xE9, 0xBB, 0xA8,
    0x9E, 0xB1, 0x9C, 0x64, 0x36, 0x35, 0xED, 0x83, 0x3D, 0x39, 0x1B, 0x83, 0xD1, 0x28, 0x20, 0xD6,
    0x80, 0x35, 0xD2, 0xBC, 0x41, 0xB6, 0x66, 0xFA, 0x36, 0x25, 0xC5, 0xD0, 0x09, 0xF3, 0x25, 0xA8,
    0xD4, 0x4A, 0xE2, 0x66, 0x97, 0x1A, 0x67, 0x57, 0x6B, 0xA5, 0x76, 0xC1, 0x2A, 0x0C, 0xA6, 0xCF,
    0x10, 0xC4, 0x88, 0x5C, 0xAA, 0x2C, 0xF0, 0xDE, 0x6C, 0x4D, 0xFB, 0x09, 0x65, 0x73, 0x9B, 0xA3,
    0xC0, 0x09, 0x8C, 0x74, 0x52, 0x5E, 0xA2, 0x45, 0xCC, 0x85, 0x2C, 0xDD, 0x79, 0x14, 0x72, 0x00,
    0x6B, 0x89, 0x3E, 0x71, 0xD7, 0xEE, 0x85, 0x91, 0x38, 0xEA, 0x09, 0x4D, 0x11, 0xFE, 0xD8, 0xF7,
    0x01, 0x28, 0x4C, 0xEF, 0x0B, 0xF8, 0x94, 0xC5, 0x2F, 0x5C, 0x19, 0x7A, 0x67, 0x76, 0x7A, 0xE0,
    0x37, 0x36, 0x36, 0x25, 0x52, 0xEA, 0x8E, 0x32, 0x1A, 0xB1, 0x69, 0x81, 0xC1, 0xBF, 0x17, 0x30,
    0x59, 0xD0, 0x44, 0xCF, 0xB5, 0x8D, 0x3A, 0xC5, 0xB9, 0x16, 0x5E, 0x0E, 0x8C, 0xC8, 0x15, 0xE6,
    0x91, 0xC4, 0x04, 0x3A, 0xBB, 0xC9, 0xCF, 0x0E, 0x5D, 0x8D, 0xFA, 0xE7, 0xA7, 0xDA, 0x56, 0x2F,
    0xE8, 0xBB, 0xF9, 0xD9, 0x6E, 0x3D, 0xF0, 0x82, 0x7A, 0x3A, 0x9C, 0x25, 0xB4, 0x80, 0x8F, 0x15,
    0xFE, 0x84, 0xBA, 0xA8, 0xA8, 0x89, 0x6C, 0x46, 0x4A, 0xF1, 0xA9, 0x09, 0x28, 0x10, 0x1F, 0xB5,
    0x41, 0x34, 0xA9, 0x48, 0x56, 0x29, 0x1F, 0xBA, 0xFF, 0x06, 0x8D, 0x95, 0x41, 0x8A, 0xEC, 0x30,
    0x0C, 0x44, 0x05, 0xDE, 0x0E, 0xE8, 0x2A, 0x73, 0x80, 0x80, 0xAE, 0x6E, 0xC8, 0x01, 0x72, 0x15,
    0x43, 0xB6, 0x02, 0xFD, 0x2A, 0xC9, 0x49, 0x9C, 0x9E, 0x5E, 0xFC, 0xD0, 0xCD, 0xEB, 0xC4, 0xB1,
    0x25, 0x95, 0xCA, 0x6E, 0xD1, 0x21, 0x6D, 0x88, 0xC8, 0x07, 0x35, 0x78, 0xF9, 0xCA, 0x9D, 0x14,
    0x0B, 0x7E, 0x44, 0x22, 0x3A, 0x3E, 0xD2, 0x22, 0xCE, 0x88, 0x81, 0x67, 0xE7, 0x71, 0x9E, 0x18,
    0x3B, 0x86, 0xED, 0x23, 0x44, 0x75, 0x68, 0x1B, 0x9B, 0x48, 0xEB, 0x22, 0x5C, 0xD7, 0xB8, 0xCE,
    0xC5, 0xFE, 0x70, 0x5E, 0x15, 0x27, 0xEA, 0xF1, 0x42, 0xCE, 0xA8, 0x17, 0xBA, 0x35, 0xE7, 0x1D,
    0x88, 0xC7, 0xF8, 0x9A, 0xD8, 0x10, 0x75, 0x64, 0xA3, 0x8E, 0x9F, 0x20, 0x5E, 0x68, 0x99, 0xDD,
    0x90, 0xF5, 0x52, 0x86, 0xC1, 0x04, 0x12, 0xF9, 0x76, 0xAD, 0xF0, 0x79, 0xAF, 0xC8, 0x21, 0xC7,
    0xB5, 0xEB, 0x71, 0x8C, 0xE2, 0x7E, 0xD1, 0xF9, 0xDE, 0x71, 0xF4, 0x64, 0x5C, 0xD4, 0x1E, 0x99,
    0x07, 0x52, 0x12, 0x06, 0x4E, 0x86, 0xBB, 0xF6, 0x8D, 0xBA, 0x6C, 0xDA, 0xC7, 0x8C, 0x83, 0x7C,
    0x30, 0x4B, 0xB1, 0x0E, 0x16, 0xC7, 0x17, 0x3A, 0x1D, 0x3D, 0x35, 0xB6, 0x4C, 0xA2, 0x17, 0xB1,
    0xDC, 0x0F, 0xA8, 0x51, 0xC9, 0xC6, 0xA8, 0x7A, 0x53, 0x1E, 0xDD, 0x4B, 0x05, 0x70, 0x54, 0x31,
    0x5E, 0x55, 0x6D, 0x5A, 0xB2, 0x12, 0xC6, 0xA4, 0x88, 0x51, 0x35, 0x65, 0x9A, 0x14, 0xE8, 0x06,
    0x32, 0x97, 0x40, 0x22, 0xFC, 0xA9, 0xFB, 0x58, 0xC1, 0x89, 0x82, 0x3B, 0x04, 0xA6, 0x06, 0x8C,
    0x6F, 0x90, 0xA2, 0x85, 0x1B, 0x5E, 0x41, 0x21, 0x80, 0x6B, 0x58, 0x61, 0x43, 0x24, 0x37, 0x4E,
    0xE8, 0x1E, 0x68, 0x09, 0xC4, 0xD8, 0x6E, 0x0C, 0x4A, 0x61, 0xA5, 0xF8, 0x8D, 0x16, 0x6F, 0x30,
    0xF9, 0x51, 0xA2, 0x9B, 0x53, 0x83, 0x6C, 0x46, 0x79, 0x83, 0xE1, 0x7C, 0x16, 0x40, 0xB3, 0x41,
    0x4E, 0x96, 0x8D, 0x96, 0x0F, 0x1B, 0x79, 0xEF, 0x58, 0x06, 0x83, 0x8D, 0xAA, 0x70, 0x9E, 0xA5,
    0x27, 0x71, 0x4F, 0x35, 0xB0, 0x0C, 0xA7, 0xC9, 0xF4, 0x2A, 0x2A, 0x09, 0x0D, 0x36, 0xC1, 0x59,
    0x2A, 0x9B, 0xD2, 0xA8, 0x08, 0x8A, 0x81, 0x65, 0xC8, 0x0D, 0x11, 0x91, 0x83, 0x71, 0x84, 0x14,
    0x4F, 0x33, 0xB3, 0xAF, 0x88, 0xB3, 0x99, 0x54, 0xBE, 0x96, 0xA9, 0x56, 0xFA, 0xA9, 0x7A, 0x9B,
    0xD6, 0xD4, 0x6A, 0x4A, 0x59, 0x73, 0xB9, 0x7E, 0x0A, 0x0D, 0xE1, 0x97, 0x4D, 0x64, 0xE1, 0xD5,
    0x8A, 0xA0, 0x63, 0x9C, 0x4D, 0x4F, 0xCA, 0x07, 0xED, 0x7E, 0xFF, 0xCD, 0x14, 0x2B, 0xE3, 0x4D,
    0x83, 0x43, 0x8D, 0xDC, 0x24, 0x73, 0xB3, 0xB4, 0x87, 0xBD, 0x36, 0xF1, 0x91, 0x9B, 0xD9, 0x8E,
    0xBD, 0x9C, 0x70, 0xF4, 0xA2, 0x16, 0xE1, 0xD4, 0xB9, 0xE9, 0x3F, 0xB9, 0xD7, 0xEE, 0xFC, 0x64,
    0x8D, 0xA6, 0x81, 0x17, 0x64, 0xF1, 0x15, 0xBA, 0xBF, 0xE1, 0x97, 0x63, 0x07, 0xAD, 0xE1, 0x0A,
    0xFF, 0xD0, 0x36, 0x9E, 0xBB, 0x23, 0x1B, 0x29, 0x2C, 0x0B, 0xD6, 0xC8, 0x8A, 0xCA, 0xB0, 0xD9,
    0xB0, 0xEC, 0xFB, 0xC4, 0x1D, 0xF6, 0x7F, 0xF1, 0x35, 0x17, 0x49, 0x85, 0xAF, 0x74, 0xEF, 0xBB,
    0x34, 0xDE, 0x03, 0xBF, 0xCF, 0xA2, 0xF1, 0xC6, 0x72, 0x98, 0xA4, 0xB4, 0x3D, 0xAB, 0xC7, 0x77,
    0x41, 0x2B, 0x5B, 0xB7, 0x72, 0xF5, 0x82, 0x8A, 0x1A, 0x15, 0x20, 0x2A, 0x5C, 0x86, 0x8F, 0xF6,
    0xE4, 0x54, 0x79, 0xFA, 0x1B, 0x18, 0x61, 0xF2, 0xD8, 0x7A, 0x99, 0xCB, 0x0D, 0x48, 0xC5, 0x87,
    0x38, 0x85, 0x08, 0x9E, 0x48, 0xC4, 0x99, 0x68, 0xB4, 0x1C, 0xCE, 0x1C, 0x24, 0xFD, 0x40, 0xE9,
    0xFB, 0x6C, 0xA3, 0x13, 0x9D, 0x70, 0xE7, 0xD1, 0x29, 0x03, 0xDF, 0xDF, 0x29, 0xC1, 0xF7, 0xDA,
    0x97, 0x32, 0xCB, 0x04, 0x4F, 0x7D, 0xD3, 0x9B, 0x6F, 0x3C, 0xEA, 0x7A, 0xEE, 0x82, 0x6C, 0xC0,
    0xC7, 0x9A, 0x2F, 0xB1, 0xEC, 0x6B, 0xED, 0xD7, 0x26, 0x5A, 0xCC, 0x5D, 0xDD, 0xB3, 0x1B, 0x5F,
    0xC7, 0x5E, 0x0F, 0xDF, 0x2D, 0xFE, 0x13, 0x21, 0xFE, 0xBA, 0xE0, 0xA7, 0xFE, 0x73, 0xE0, 0x5A,
    0x93, 0x8D, 0x9D, 0x32, 0xEE, 0xC9, 0x15, 0xD8, 0xC8, 0x13, 0x55, 0xB4, 0x5F, 0x8B, 0x51, 0xDD,
    0x72, 0x62, 0x69, 0x1D, 0x9F, 0x38, 0x0B, 0x23, 0x8F, 0xC7, 0xBC, 0xF3, 0x56, 0x0F, 0xDB, 0x99,
    0xEF, 0xB4, 0xD8, 0x07, 0x16, 0xC7, 0xFF, 0x06, 0xC1, 0x23, 0x11, 0x80, 0x3C, 0x2B, 0xBC, 0xE5,
    0x98, 0x10, 0x91, 0x88, 0x89, 0x4B, 0xB3, 0x7F, 0x9D, 0x95, 0x6B, 0x8A, 0xDC, 0x40, 0x0C, 0x84,
    0x05, 0xFE, 0xBB, 0xD0, 0x57, 0x99, 0x03, 0x0C, 0xE8, 0xEA, 0x0D, 0x3E, 0x80, 0xAF, 0xD2, 0x30,
    0x7F, 0x05, 0x4A, 0x55, 0x49, 0xF6, 0xDA, 0x1B, 0x12, 0x48, 0x86, 0x65, 0xBE, 0x1D, 0xF7, 0x43,
    0xAF, 0x92, 0x6C, 0x6E, 0x16, 0x66, 0x96, 0x27, 0x36, 0x60, 0xCB, 0xFC, 0x64, 0x06, 0x80, 0x4F,
    0x8C, 0x82, 0x7F, 0xC2, 0xF7, 0x30, 0x9F, 0x91, 0xD8, 0xE6, 0x5B, 0xBC, 0x6D, 0x61, 0xEB, 0xD2,
    0xD9, 0x51, 0xF0, 0x59, 0x38, 0x78, 0xC2, 0x52, 0x27, 0xB7, 0xC2, 0x48, 0x5D, 0xEF, 0x89, 0x53,
    0x04, 0xEC, 0xA4, 0x0D, 0xB7, 0xD4, 0x01, 0xF3, 0xC6, 0x14, 0x46, 0xA3, 0x1E, 0x5A, 0x23, 0x9F,
    0xA0, 0xBF, 0xF5, 0x79, 0x3F, 0x62, 0x88, 0x7B, 0x0C, 0xED, 0xFC, 0xF8, 0xAC, 0xF1, 0x81, 0xF3,
    0x7B, 0xD0, 0x42, 0x5A, 0xD0, 0x62, 0xAD, 0xCD, 0x27, 0x74, 0x81, 0x9F, 0xA8, 0x14, 0x3C, 0xC1,
    0x98, 0x69, 0xA7, 0x7E, 0xAD, 0x46, 0x1D, 0x47, 0x1A, 0x3C, 0x2A, 0x1B, 0xC2, 0x08, 0x21, 0x17,
    0x1C, 0x81, 0x05, 0x23, 0xB0, 0x01, 0x40, 0x8C, 0xC0, 0x52, 0x28, 0x8A, 0x24, 0xF5, 0xC7, 0xF0,
    0xF6, 0x64, 0x6C, 0xF2, 0x3F, 0xDB, 0x0A, 0xB6, 0x7F, 0x16, 0xD3, 0x0F, 0x46, 0x65, 0x67, 0x22,
    0x14, 0x9C, 0x1D, 0xF6, 0x49, 0x12, 0xFF, 0x75, 0x46, 0x72, 0x29, 0x0A, 0x98, 0x70, 0x65, 0x05,
    0x1E, 0xC0, 0x2F, 0xEF, 0x7B, 0x3C, 0xF0, 0x7D, 0xE0, 0x3E, 0x3E, 0x61, 0xE6, 0x06, 0x03, 0x35,
    0x53, 0x05, 0xC4, 0xA9, 0x5A, 0xC0, 0x6D, 0x98, 0x10, 0xC7, 0xAE, 0x70, 0xA3, 0xB9, 0x06, 0xDD,
    0x96, 0x45, 0xD8, 0xB9, 0xEE, 0x3D, 0xFD, 0x6C, 0xFE, 0x28, 0x8A, 0xA2, 0x59, 0x3F, 0x8B, 0x12,
    0x2A, 0x0A, 0x23, 0xA1, 0x1A, 0x82, 0xF5, 0xFE, 0x8A, 0x97, 0xD9, 0x0B, 0x61, 0xBB, 0xD2, 0xF9,
    0x48, 0xEE, 0x38, 0xCA, 0x9F, 0xD9, 0xA0, 0xAC, 0xBE, 0x81, 0x9B, 0x6E, 0xF8, 0xC3, 0x5A, 0xFE,
    0xBE, 0xC6, 0x4A, 0x3E, 0x31, 0x4F, 0x61, 0xC9, 0x95, 0x67, 0x0C, 0xDD, 0x15, 0xD9, 0x71, 0x7A,
    0x95, 0x85, 0xC2, 0x92, 0x9E, 0x4B, 0x43, 0x27, 0x94, 0x4E, 0xFB, 0xDF, 0x87, 0x26, 0x91, 0x34,
    0x3A, 0xBF, 0x7E, 0xB7, 0x8E, 0xCA, 0x06, 0xD7, 0x58, 0x5F, 0x61, 0x12, 0x54, 0xFF, 0xB8, 0x42,
    0x60, 0x93, 0xBE, 0x2E, 0x79, 0x71, 0x2D, 0x25, 0xDD, 0x55, 0xB7, 0x50, 0x63, 0xAC, 0xC3, 0x4A,
    0xD6, 0x81, 0xCA, 0x72, 0x0B, 0x0A, 0x6A, 0xD8, 0x0B, 0xC5, 0xB0, 0xF1, 0x98, 0x01, 0x75, 0x6D,
    0x8C, 0xA3, 0x7E, 0x1D, 0xED, 0x44, 0x75, 0xFD, 0x89, 0x2A, 0xFF, 0x89, 0x79, 0x29, 0xC5, 0xFA,
    0xE1, 0xBC, 0x30, 0xB5, 0xF0, 0x03, 0x8F, 0x2D, 0xFD, 0x09, 0x85, 0xF1, 0xD7, 0xE9, 0xB4, 0xAB,
    0x0E, 0xB9, 0xD7, 0x74, 0x82, 0x78, 0x91, 0x1A, 0xF3, 0x75, 0x65, 0x35, 0x23, 0x1F, 0xD0, 0xBD,
    0x1B, 0xBB, 0x1E, 0xBD, 0x79, 0x61, 0x8E, 0x3B, 0xFE, 0x69, 0xCD, 0x08, 0x4A, 0x95, 0x98, 0x8D,
    0x9B, 0x96, 0x5C, 0x2D, 0xA1, 0xC9, 0xD5, 0xE5, 0x80, 0x13, 0xE5, 0xCC, 0x29, 0x29, 0x5C, 0xB5,
    0x82, 0xEE, 0xA2, 0x49, 0x31, 0x44, 0x63, 0xF0, 0x6A, 0xCD, 0x89, 0x9E, 0x4E, 0xA7, 0xEA, 0xEC,
    0x7A, 0xD8, 0xF0, 0xCA, 0x84, 0xD7, 0x9A, 0x97, 0x50, 0x68, 0xDA, 0xD9, 0xEC, 0x30, 0xE4, 0xEC,
    0x21, 0xD8, 0xC3, 0x76, 0x4E, 0xDE, 0x24, 0xB6, 0x5A, 0x1B, 0xFC, 0x46, 0x06, 0x8F, 0xFD, 0xC0,
    0x43, 0x1F, 0xFB, 0x10, 0x78, 0x6D, 0x7C, 0x15, 0xA4, 0x4F, 0x39, 0xCF, 0x6B, 0xC3, 0x9D, 0xF0,
    0x6F, 0xD0, 0xE6, 0x89, 0x20, 0x30, 0x8B, 0x6E, 0xE8, 0x73, 0xED, 0xD5, 0x0D, 0x5C, 0x4B, 0xCD,
    0xFB, 0x4D, 0x9A, 0x03, 0xD6, 0x79, 0xAE, 0x46, 0xB2, 0x2C, 0x64, 0x1B, 0x7A, 0xEB, 0xCD, 0xA0,
    0xD1, 0x3D, 0x6B, 0x82, 0xCF, 0x77, 0xE1, 0x55, 0x40, 0xE1, 0x55, 0xDB, 0x27, 0xBA, 0x93, 0xA9,
    0x9C, 0x68, 0x41, 0x17, 0xEA, 0x97, 0x74, 0x87, 0x51, 0xAF, 0x0D, 0x1A, 0xFD, 0x90, 0x0E, 0x9F,
    0x62, 0x12, 0x56, 0xAF, 0x64, 0xA9, 0x4E, 0x09, 0x65, 0x11, 0xC4, 0xC5, 0x29, 0x38, 0x4A, 0x92,
    0xF7, 0xD1, 0x37, 0xCF, 0x61, 0x85, 0xDA, 0xE8, 0x15, 0x80, 0x12, 0x6D, 0x53, 0x53, 0x8E, 0xAF,
    0x05, 0x34, 0x59, 0xD0, 0x0E, 0xB2, 0x4F, 0x3B, 0xB4, 0x94, 0x7C, 0x9F, 0x38, 0xC6, 0xAD, 0xDE,
    0x19, 0x83, 0x13, 0x7B, 0x63, 0x2F, 0xAD, 0xAB, 0x87, 0xED, 0x17, 0x6D, 0x95, 0x51, 0x6A, 0xF4,
    0x30, 0x0C, 0x84, 0x05, 0x7E, 0x2D, 0xF8, 0x2A, 0x81, 0xFF, 0x35, 0xA0, 0xAB, 0x1B, 0x72, 0x80,
    0xBD, 0x8A, 0x20, 0xAF, 0x02, 0x75, 0x66, 0xE4, 0xB4, 0xBB, 0x3F, 0x4D, 0xBB, 0xFD, 0xD2, 0xC4,
    0xB2, 0x25, 0x8D, 0xA4, 0x35, 0xB3, 0x34, 0x5D, 0x84, 0x17, 0xAF, 0xF8, 0x13, 0xF6, 0xC7, 0xCA,
    0xFC, 0x0F, 0x56, 0xF1, 0x65, 0xE9, 0xB3, 0xAC, 0x56, 0x3F, 0xC4, 0x62, 0x62, 0x19, 0xF1, 0xE2,
    0x26, 0x95, 0x23, 0x69, 0xCF, 0xDF, 0x29, 0xBB, 0xD5, 0x08, 0xC2, 0x46, 0xD8, 0x5C, 0x35, 0xD7,
    0x32, 0x8F, 0xF2, 0xB4, 0x51, 0xAB, 0xF0, 0xF1, 0xC4, 0x3B, 0x4F, 0x3C, 0x83, 0x55, 0x4E, 0xDC,
    0x9A, 0x2D, 0xDB, 0xD7, 0xB8, 0x69, 0x39, 0xAF, 0x5B, 0x9B, 0x3D, 0x08, 0xEC, 0x63, 0x44, 0x08,
    0xA3, 0xB2, 0x11, 0x8D, 0x45, 0xB4, 0x5D, 0xD5, 0x8D, 0xA7, 0x03, 0xF7, 0xC2, 0x3A, 0x06, 0x4E,
    0x97, 0x9B, 0xF4, 0x7A, 0xE3, 0x52, 0x0C, 0x39, 0xF1, 0xEF, 0xAC, 0x35, 0xFE, 0x72, 0x7E, 0x8D,
    0x18, 0x73, 0xF9, 0xBC, 0x10, 0x5F, 0xB8, 0x6B, 0x2F, 0x26, 0xC3, 0xCB, 0x99, 0x11, 0x3C, 0xC3,
    0x7D, 0xC8, 0xF9, 0xF1, 0xE3, 0xFC, 0x93, 0x50, 0x1B, 0x99, 0x8D, 0xC2, 0x41, 0xC4, 0x02, 0x2C,
    0xE7, 0xA2, 0x23, 0x89, 0xAD, 0x93, 0x0E, 0x20, 0x9C, 0x5B, 0xE7, 0x5D, 0x3A, 0xDD, 0x2F, 0x39,
    0x48, 0x7D, 0x04, 0xD8, 0xCC, 0x14, 0xF0, 0x18, 0x89, 0x2B, 0xA6, 0x7B, 0x28, 0xCC, 0x60, 0x80,
    0xF4, 0x73, 0x39, 0x36, 0xC7, 0x6B, 0xE7, 0xCA, 0x80, 0x77, 0xE1, 0x8B, 0x8A, 0xC8, 0x25, 0xB8,
    0x8B, 0xB3, 0xE5, 0x22, 0x77, 0x88, 0x43, 0xF2, 0x52, 0xCC, 0xA1, 0x3B, 0xC4, 0xBB, 0x2A, 0x0F,
    0xAE, 0xE1, 0xC1, 0xCC, 0x14, 0xE2, 0xEC, 0x38, 0x66, 0x6C, 0x48, 0x79, 0x5F, 0xEF, 0x28, 0x46,
    0xE2, 0x70, 0x92, 0x18, 0x79, 0x12, 0x33, 0x9C, 0x70, 0xA6, 0x95, 0xC8, 0x77, 0xBC, 0xE2, 0xD3,
    0x9C, 0x18, 0x29, 0x83, 0xF9, 0x18, 0x7C, 0xD8, 0xAD, 0x3E, 0xC1, 0x36, 0xA6, 0x20, 0x71, 0xCA,
    0x3F, 0x11, 0x7A, 0xDC, 0x89, 0x77, 0xFC, 0xFC, 0x08, 0x40, 0xA5, 0x3B, 0x0A, 0xC9, 0xCB, 0x94,
    0x7B, 0xA3, 0x76, 0xE6, 0x97, 0x2F, 0x94, 0x55, 0xA1, 0xA4, 0x90, 0xF9, 0x9B, 0x8E, 0xD5, 0xBD,
    0x98, 0x28, 0x26, 0x32, 0x5A, 0x80, 0xB4, 0x43, 0xE6, 0xDC, 0xB7, 0x92, 0xE6, 0xC8, 0x99, 0xD7,
    0xC4, 0xF2, 0x63, 0xD2, 0x09, 0x58, 0x4B, 0x80, 0xA2, 0x81, 0x52, 0x7E, 0x98, 0xF5, 0xF1, 0xF6,
    0xC5, 0xFB, 0x89, 0x42, 0x57, 0xB5, 0x6D, 0x25, 0xA7, 0x4E, 0x90, 0x46, 0x5A, 0xD4, 0x52, 0xA1,
    0x51, 0x9E, 0x0A, 0x9A, 0xC6, 0xC6, 0x91, 0x02, 0x22, 0x92, 0xF1, 0xC1, 0xDA, 0x5D, 0xB8, 0x89,
    0xFC, 0x37, 0xA1, 0x3C, 0xDF, 0x43, 0x31, 0xD1, 0xBB, 0x01, 0xAD, 0x05, 0xAF, 0x37, 0x6A, 0x0A,
    0x70, 0xBF, 0x66, 0xED, 0xC6, 0xCB, 0xA7, 0x68, 0xD4, 0xFF, 0xCF, 0x54, 0xD8, 0xEB, 0x93, 0x6E,
    0xF9, 0xEA, 0xB8, 0x36, 0x9D, 0x87, 0xB3, 0xD5, 0xC4, 0xDF, 0xF5, 0xA9, 0xF5, 0xCE, 0x6A, 0xAC,
    0x5E, 0xBF, 0xA9, 0xEB, 0x7C, 0xA2, 0xD9, 0xC1, 0x6C, 0x89, 0xB4, 0x46, 0xBB, 0xE4, 0x96, 0x68,
    0xC4, 0xC5, 0xB7, 0xAC, 0x40, 0x28, 0xC5, 0xE6, 0x08, 0x85, 0x7C, 0xB5, 0x52, 0xA6, 0x3C, 0x2E,
    0x53, 0xD5, 0xB7, 0x44, 0xD5, 0x76, 0x48, 0x71, 0xB4, 0x44, 0x36, 0x77, 0x9D, 0xB0, 0x39, 0x4A,
    0x1F, 0x2D, 0x51, 0x99, 0xF0, 0xFC, 0x43, 0x98, 0x49, 0xA0, 0x47, 0x88, 0x67, 0x65, 0x3B, 0x51,
    0x9A, 0x17, 0x3D, 0x30, 0x47, 0xBC, 0x49, 0x34, 0xB7, 0x68, 0x6C, 0x37, 0xFE, 0x79, 0x38, 0x7F,
    0x25, 0xFA, 0xE1, 0xC8, 0x63, 0xB3, 0x94, 0x6D, 0x84, 0x04, 0x27, 0x17, 0x53, 0x35, 0x1F, 0x22,
    0x4E, 0xA5, 0xFA, 0xA5, 0x14, 0x5E, 0x3D, 0xAB, 0xFC, 0xDA, 0xFB, 0xB0, 0x7F, 0x9D, 0x5D, 0x3C,
    0x23, 0x4F, 0x44, 0x45, 0x5A, 0xDB, 0xF5, 0x00, 0x16, 0xE9, 0x56, 0x17, 0xD5, 0x09, 0x7E, 0x51,
    0x4B, 0x5F, 0x1C, 0x3A, 0x45, 0x52, 0x6F, 0x56, 0x2B, 0x98, 0x9C, 0xEA, 0xEC, 0x47, 0xEF, 0x5A,
    0x34, 0x1D, 0xCE, 0x22, 0xE8, 0xF8, 0x8E, 0x86, 0x23, 0x29, 0xAC, 0x5D, 0x28, 0x11, 0x98, 0x49,
    0xE3, 0xBE, 0x83, 0x13, 0x48, 0xC0, 0x1B, 0x10, 0x83, 0x28, 0x0A, 0x58, 0x37, 0x40, 0x8D, 0x04,
    0xAC, 0x50, 0xCA, 0xEF, 0xEE, 0xD1, 0xAB, 0xFB, 0x75, 0x04, 0xE7, 0x2D, 0xC1, 0x4C, 0xA0, 0x5C,
    0x31, 0x7F, 0xE2, 0x1F, 0x80, 0x07, 0x34, 0x47, 0xDA, 0x61, 0x17, 0xB0, 0xBB, 0x78, 0x02, 0xC2,
    0x05, 0x4E, 0x7E, 0x23, 0x5C, 0xC1, 0xBF, 0xF4, 0x45, 0x8D, 0xCC, 0x4E, 0xBB, 0x25, 0xAA, 0xA6,
    0x61, 0x9D, 0xAA, 0xC1, 0xFA, 0x2D, 0xB0, 0x3D, 0x03, 0xAC, 0x67, 0x80, 0xB1, 0xA0, 0xB8, 0xF2,
    0x6E, 0xB0, 0x42, 0x1A, 0xB1, 0x34, 0xF4, 0x91, 0xB2, 0xE4, 0x0C, 0x68, 0xCC, 0x5D, 0x2F, 0xAF,
    0x76, 0xFE, 0xD5, 0xCE, 0x77, 0x9B, 0xA0, 0x0B, 0xB2, 0x47, 0x2A, 0xED, 0x62, 0xBC, 0x7D, 0xA5,
    0xEE, 0x1E, 0xAC, 0x9A, 0xAC, 0xEC, 0x53, 0x45, 0x1F, 0xB6, 0x31, 0xD9, 0x12, 0xC1, 0xCE, 0xD0,
    0x92, 0x46, 0xCF, 0xA3, 0xFA, 0x58, 0xF9, 0x0D, 0x8D, 0x95, 0x41, 0x8A, 0x23, 0x31, 0x0C, 0x45,
    0x05, 0xDE, 0x36, 0xE8, 0x2A, 0x81, 0xD9, 0x16, 0xE8, 0xEA, 0x86, 0x3A, 0x80, 0xAF, 0x62, 0xF0,
    0xD6, 0xA0, 0xF9, 0xFF, 0xCB, 0x95, 0x49, 0xA0, 0x17, 0x53, 0x21, 0xF5, 0xBA, 0x6D, 0xC9, 0x92,
    0xBE, 0x65, 0xC7, 0x2E, 0xB3, 0x30, 0x7D, 0x0F, 0x12, 0xC8, 0x96, 0x99, 0xDD, 0xB6, 0xD0, 0xB6,
    0x09, 0x53, 0xD3, 0x3E, 0x27, 0x4C, 0xBA, 0xDF, 0x18, 0xCB, 0x1D, 0x4D, 0xC8, 0x5C, 0x85, 0x1E,
    0x71, 0xCF, 0x48, 0x8B, 0x1C, 0x30, 0x6B, 0x23, 0x07, 0x56, 0xF1, 0x85, 0xB5, 0x1A, 0x4C, 0xA2,
    0x9B, 0xE7, 0x0C, 0xC6, 0xCA, 0xF2, 0xDB, 0x4E, 0x5C, 0x26, 0x18, 0x42, 0x6C, 0x46, 0x9F, 0x0D,
    0xFF, 0x44, 0x4E, 0x38, 0x22, 0xB4, 0xC5, 0xCC, 0x8E, 0xF8, 0x58, 0x5C, 0x96, 0x58, 0x8A, 0x69,
    0x28, 0xD3, 0x06, 0xF3, 0x97, 0x5D, 0xD6, 0x7A, 0x67, 0x76, 0x58, 0x9D, 0xC3, 0xBE, 0x80, 0x6D,
    0x7E, 0x63, 0x49, 0x2C, 0xD4, 0x0B, 0x88, 0x80, 0xE4, 0x19, 0xC8, 0xFB, 0x56, 0xF2, 0xA8, 0x01,
    0x21, 0x23, 0x84, 0xCC, 0xF1, 0x20, 0x91, 0x64, 0x32, 0xA5, 0x59, 0x12, 0x4C, 0x4A, 0x80, 0x39,
    0xBA, 0xD3, 0x21, 0x67, 0x59, 0x72, 0x31, 0x7C, 0x4D, 0x0E, 0x26, 0x48, 0x3C, 0xBC, 0xDB, 0x96,
    0x43, 0xEE, 0xB2, 0xDC, 0xAA, 0x57, 0x96, 0x78, 0x9B, 0xAA, 0x2D, 0xA9, 0xED, 0x87, 0x2F, 0x6A,
    0xDB, 0x5D, 0xA3, 0xCC, 0x4A, 0xAC, 0x3D, 0x80, 0x11, 0x54, 0xDE, 0xAC, 0x47, 0x64, 0x2A, 0xD0,
    0x18, 0x5A, 0xED, 0x70, 0xA8, 0xEB, 0xB3, 0xD6, 0x94, 0x1B, 0x99, 0x0F, 0x27, 0x35, 0x02, 0xEF,
    0x8A, 0x19, 0x7E, 0x62, 0x17, 0x1B, 0x65, 0xC0, 0xBC, 0x6B, 0x0F, 0x58, 0xD4, 0x8E, 0x22, 0xF4,
    0x86, 0x27, 0xFB, 0x62, 0xCA, 0x02, 0xBB, 0x14, 0xCC, 0x63, 0x6F, 0x2D, 0x43, 0xE1, 0x98, 0x5E,
    0x3A, 0x44, 0xEA, 0x30, 0x52, 0xC4, 0x7E, 0xB1, 0x28, 0x0E, 0x20, 0xD0, 0x6C, 0xAA, 0xEC, 0xFD,
    0xFC, 0x7C, 0x74, 0x16, 0x0B, 0xB5, 0x23, 0x6B, 0x61, 0xB7, 0x83, 0x09, 0xA9, 0x1A, 0xBA, 0x65,
    0x09, 0xB7, 0x5A, 0x2A, 0xFC, 0x74, 0xD6, 0x7D, 0x20, 0x85, 0xD5, 0x9F, 0xFB, 0xDB, 0xDD, 0xD7,
    0xC8, 0xEB, 0x42, 0x31, 0x42, 0x1E, 0x7C, 0x37, 0x98, 0x0F, 0x01, 0x2F, 0xCC, 0x45, 0x01, 0x31,
    0x82, 0x80, 0xAC, 0xC0, 0x0B, 0x2A, 0x5F, 0xAC, 0xEF, 0x2A, 0x54, 0x8B, 0xE1, 0x0F, 0x4A, 0x91,
    0x51, 0xC9, 0x87, 0x29, 0x2C, 0xCF, 0x00, 0x72, 0xF6, 0x81, 0xBE, 0xC2, 0x67, 0xA0, 0xBF, 0xFD,
    0xBE, 0x91, 0x86, 0xC5, 0x58, 0xE6, 0x68, 0x39, 0x38, 0x55, 0x97, 0xBC, 0x9F, 0xC5, 0x4E, 0x58,
    0x6D, 0x22, 0x4E, 0x5B, 0x55, 0xF4, 0x52, 0x63, 0xDE, 0x53, 0x9D, 0xB5, 0x96, 0x1C, 0x0E, 0x24,
    0x49, 0x58, 0x55, 0x6B, 0xD5, 0x18, 0x21, 0x41, 0x5C, 0xA1, 0xD5, 0x4F, 0x44, 0xC5, 0xB8, 0x4C,
    0xE5, 0xA2, 0x9D, 0x9A, 0x1C, 0x5E, 0x52, 0xFF, 0x52, 0xFE, 0x9F, 0x1B, 0xC0, 0x8A, 0xD4, 0x05,
    0xED, 0x60, 0x0A, 0x50, 0x90, 0x45, 0xB2, 0x2C, 0xD6, 0x3A, 0x66, 0x6D, 0x40, 0xFF, 0xDA, 0x80,
    0x4A, 0x89, 0x2E, 0xB5, 0x59, 0xCA, 0x83, 0x39, 0x71, 0x8D, 0xA5, 0x93, 0x93, 0x0B, 0x43, 0x59,
    0x88, 0xFD, 0x47, 0x83, 0xC6, 0x32, 0xB1, 0x77, 0x2A, 0x0C, 0x35, 0x70, 0xCE, 0x73, 0x95, 0x65,
    0x13, 0xA4, 0xC4, 0xBC, 0x1E, 0xCB, 0x03, 0x3D, 0xA5, 0x5D, 0xFF, 0x86, 0x76, 0x07, 0x47, 0x19,
    0xF5, 0xC4, 0x3F, 0xCC, 0x78, 0x31, 0xE5, 0xAD, 0xCC, 0x37, 0x33, 0x16, 0x82, 0x87, 0x1E, 0x2F,
    0xC2, 0x0B, 0x8D, 0x5B, 0x28, 0xD0, 0xC4, 0x71, 0x2E, 0x04, 0xDE, 0x59, 0x3B, 0xF0, 0x06, 0xD2,
    0x43, 0xC0, 0x99, 0xE6, 0x9A, 0x38, 0x7B, 0xC0, 0x14, 0x36, 0x0F, 0xAD, 0x00, 0x35, 0xBE, 0xA1,
    0x66, 0x2B, 0x41, 0x84, 0x8E, 0x73, 0xEB, 0x6F, 0x7C, 0xCF, 0x15, 0x78, 0x5F, 0xD8, 0x73, 0x2B,
    0xCE, 0x78, 0x0F, 0xCE, 0xA7, 0xF8, 0xFD, 0xC6, 0xAE, 0x76, 0xFC, 0x8F, 0xC1, 0x5F, 0x71, 0x2C,
    0x0B, 0x79, 0x6E, 0xE1, 0x3C, 0x93, 0x3A, 0xEE, 0x8A, 0x1E, 0xBB, 0x80, 0xCF, 0xED, 0x78, 0x39,
    0x64, 0x70, 0xE8, 0x5B, 0x68, 0x63, 0xB8, 0x5F, 0xBC, 0x37, 0x73, 0xC4, 0x03, 0x8B, 0xDD, 0x86,
    0xA7, 0x0E, 0xA7, 0xF3, 0x80, 0x2E, 0x2A, 0x8A, 0xDF, 0x81, 0xD1, 0xF0, 0x6B, 0x70, 0x4F, 0xF8,
    0x61, 0x47, 0x3A, 0xCE, 0x0E, 0xEF, 0x19, 0x18, 0xC4, 0x63, 0xA2, 0x40, 0x8E, 0xB6, 0xC3, 0x09,
    0x12, 0x2E, 0xDD, 0x55, 0xFE, 0x43, 0xD0, 0x0F, 0x83, 0x9F, 0x78, 0xFB, 0x01, 0xDB, 0xD9, 0x28,
    0x38, 0x6B, 0x47, 0x2C, 0xA2, 0xF5, 0x42, 0x1D, 0x8F, 0x51, 0xC8, 0xFE, 0x71, 0xF9, 0x12, 0x98,
    0xA7, 0x1B, 0x10, 0xF3, 0xB9, 0x35, 0xBF, 0xC1, 0xCB, 0x91, 0x8A, 0xD8, 0xB9, 0x08, 0xCE, 0x3D,
    0x2A, 0xF8, 0x73, 0xCB, 0xF2, 0x2A, 0x7C, 0xE0, 0xE7, 0xAA, 0x6D, 0xDF, 0xD0, 0xDC, 0x1B, 0xBF,
    0x98, 0xFC, 0x05, 0x9D, 0x95, 0x4D, 0x6A, 0x24, 0x31, 0x0C, 0x85, 0x05, 0xDE, 0x0E, 0xE8, 0x2A,
    0x03, 0xD9, 0x06, 0x74, 0x75, 0x43, 0x1D, 0x20, 0x57, 0x31, 0xD4, 0x56, 0xA0, 0xD1, 0x7B, 0x92,
    0xD3, 0x5D, 0x95, 0x0E, 0x64, 0x52, 0xD0, 0xFD, 0xE1, 0x2A, 0x49, 0xD6, 0xAF, 0x2D, 0x2E, 0x63,
    0x89, 0x48, 0x10, 0xC3, 0x7D, 0xAC, 0x31, 0x87, 0xC7, 0x58, 0xB6, 0x74, 0xD9, 0x88, 0x58, 0x36,
    0xED, 0x88, 0x10, 0x8B, 0x38, 0x62, 0x01, 0x67, 0x4A, 0x5A, 0x9C, 0x09, 0x4F, 0x95, 0x63, 0x49,
    0x68, 0x44, 0x4A, 0x3A, 0x45, 0x6E, 0x98, 0x50, 0xA7, 0x42, 0x1C, 0x69, 0x9A, 0x30, 0xDA, 0x3C,
    0xB7, 0x69, 0xBE, 0x0C, 0xAF, 0x1D, 0x5A, 0x52, 0xFE, 0x96, 0x9E, 0x15, 0xC2, 0x3E, 0x60, 0x2C,
    0x52, 0x9C, 0xA6, 0x53, 0x2E, 0x21, 0xF5, 0x68, 0xBA, 0x15, 0x05, 0x6B, 0x4C, 0xD1, 0xA3, 0x71,
    0xA6, 0x5A, 0x5C, 0xE0, 0x10, 0x49, 0x0D, 0x8D, 0x33, 0xA6, 0x3B, 0xB0, 0x12, 0xF9, 0xED, 0x2C,
    0xE4, 0x32, 0xE1, 0x0D, 0x9B, 0x10, 0x71, 0x5D, 0x84, 0x15, 0x82, 0x92, 0x9E, 0x84, 0x82, 0xC3,
    0x25, 0xC4, 0xE3, 0x36, 0xD2, 0xA6, 0x00, 0xE9, 0x1D, 0x57, 0x70, 0xD7, 0x08, 0x2F, 0xBC, 0x2B,
    0x12, 0xBE, 0x9D, 0xCF, 0xE7, 0x9D, 0x31, 0x4C, 0xAB, 0x50, 0x32, 0xE7, 0xBE, 0x71, 0x34, 0x90,
    0xF3, 0x3B, 0x20, 0xF2, 0x05, 0xC8, 0xD1, 0x03, 0xA3, 0xB1, 0xBC, 0x44, 0x00, 0x14, 0xEE, 0x28,
    0xA4, 0x95, 0x74, 0xB0, 0x10, 0xB3, 0x01, 0x77, 0xA1, 0xD7, 0x38, 0xE9, 0x41, 0xE6, 0x0B, 0xBF,
    0x37, 0x60, 0xA2, 0x53, 0x32, 0x29, 0xBB, 0x6F, 0xE4, 0xF6, 0x8F, 0xC0, 0xA0, 0x0F, 0x53, 0x8F,
    0x7F, 0xBC, 0xD5, 0xCB, 0xFF, 0x4F, 0x64, 0x7E, 0x2E, 0xF9, 0x9D, 0x4C, 0x65, 0xD8, 0xF8, 0x6A,
    0x5D, 0x21, 0x23, 0x2A, 0xF5, 0x4E, 0xCF, 0x2D, 0x9B, 0x08, 0x6D, 0x31, 0xF1, 0x82, 0x19, 0x40,
    0x87, 0xD0, 0x54, 0x61, 0x61, 0x18, 0xA4, 0x8B, 0x37, 0xE4, 0x51, 0x43, 0xA0, 0x15, 0x0A, 0xB3,
    0x71, 0x15, 0x79, 0x09, 0x0A, 0x66, 0x82, 0x2F, 0xA8, 0x96, 0xF8, 0xCC, 0x68, 0xB7, 0x3A, 0x8C,
    0xB2, 0x45, 0x68, 0xD9, 0x6A, 0x95, 0x7B, 0x39, 0xDE, 0xD1, 0x2F, 0x7B, 0x8A, 0xFF, 0x13, 0x96,
    0x83, 0x85, 0x49, 0x78, 0x89, 0xF6, 0xF3, 0x0A, 0x6C, 0x66, 0xF3, 0xE2, 0xAC, 0x17, 0xE2, 0x79,
    0x95, 0x1B, 0xB7, 0xBB, 0x9D, 0x4F, 0x2B, 0xF5, 0xC1, 0x31, 0xBC, 0xE2, 0x75, 0x98, 0xAF, 0x24,
    0x45, 0x32, 0xC7, 0xD2, 0x99, 0xEF, 0x88, 0x36, 0x04, 0x02, 0xF6, 0x3B, 0xB4, 0xFA, 0x86, 0xD7,
    0x37, 0xB9, 0xE3, 0xFF, 0x9D, 0xCF, 0x09, 0x61, 0x71, 0x88, 0x6A, 0x8F, 0x6F, 0x8A, 0x5A, 0xD5,
    0x1C, 0x95, 0x57, 0x6D, 0x54, 0xCE, 0xEC, 0xB9, 0x6D, 0x94, 0xF5, 0xCD, 0x53, 0x91, 0x88, 0x8F,
    0x5A, 0x29, 0xB1, 0x15, 0x6E, 0xA8, 0x6F, 0xFD, 0xE4, 0x0E, 0x6C, 0xFC, 0x1B, 0xAD, 0xFD, 0xD8,
    0xD4, 0xED, 0xD7, 0x70, 0x6B, 0xB9, 0xA2, 0xAC, 0x66, 0xE7, 0x64, 0x37, 0xF3, 0x9D, 0xE8, 0x21,
    0x7D, 0xC9, 0x00, 0x6B, 0x9F, 0xF8, 0x42, 0x26, 0xAB, 0x83, 0xAF, 0x24, 0xC4, 0xE2, 0xAC, 0x28,
    0x9B, 0x15, 0x7D, 0x5E, 0x87, 0x38, 0x47, 0x14, 0x7A, 0x9C, 0xE0, 0x1E, 0x66, 0x97, 0xDF, 0x36,
    0x18, 0x6E, 0x2A, 0xDC, 0x0F, 0x3E, 0x2A, 0xD7, 0x47, 0xF5, 0x7C, 0x01, 0xD7, 0x85, 0xCE, 0x3F,
    0x10, 0xD5, 0xBC, 0xB2, 0x88, 0x70, 0x42, 0x83, 0x90, 0x5C, 0xA1, 0x24, 0x6F, 0x07, 0xA1, 0x59,
    0xF7, 0xF4, 0xC5, 0x4E, 0x86, 0xC2, 0x2B, 0x2E, 0xE3, 0xC6, 0x99, 0xE8, 0xC3, 0x09, 0xC3, 0x81,
    0x91, 0xC7, 0x28, 0xCB, 0xBA, 0x94, 0xE3, 0xB5, 0x46, 0x95, 0xE8, 0x1F, 0x95, 0x95, 0x4D, 0x8A,
    0x63, 0x31, 0x0C, 0x84, 0x05, 0xDE, 0x06, 0x7C, 0x95, 0x86, 0xD9, 0x3E, 0xD0, 0xD5, 0x0D, 0xD9,
    0x36, 0xF4, 0x55, 0x04, 0xD9, 0x0A, 0x34, 0x55, 0x25, 0xBF, 0x74, 0x92, 0x99, 0x34, 0x74, 0x16,
    0xF9, 0x62, 0x5B, 0x96, 0xF5, 0x1F, 0xB3, 0xB4, 0x11, 0x66, 0xC0, 0x0C, 0xF3, 0xD2, 0xE7, 0x19,
    0xFB, 0xCC, 0xAC, 0xA2, 0xB1, 0xC6, 0xB2, 0xD9, 0x67, 0xCF, 0xB0, 0x91, 0xC6, 0xCF, 0xC6, 0x0C,
    0xEC, 0x41, 0xE9, 0x12, 0x6A, 0x41, 0xDF, 0x9A, 0xC5, 0xBB, 0x78, 0x68, 0xF5, 0x7B, 0x5F, 0x7D,
    0x5D, 0xB8, 0xB8, 0x80, 0x0B, 0x36, 0x97, 0xFD, 0x03, 0x5E, 0x7D, 0x84, 0x7D, 0x7F, 0x52, 0x22,
    0x8D, 0xF7, 0x3E, 0xDC, 0x45, 0x46, 0xA4, 0xF9, 0x05, 0x76, 0x00, 0xBE, 0x86, 0x00, 0x03, 0x61,
    0xCF, 0xCC, 0x01, 0xF5, 0x3E, 0xC2, 0xEB, 0xA6, 0xEB, 0x37, 0x61, 0x8E, 0xBB, 0x7F, 0x30, 0xC7,
    0x66, 0x03, 0xF7, 0x70, 0x67, 0x34, 0x3C, 0x53, 0x8A, 0x56, 0x8E, 0xC4, 0x23, 0x23, 0xE1, 0x3D,
    0x23, 0xE1, 0xE1, 0x7C, 0x10, 0xDE, 0xC7, 0x80, 0x4E, 0x3C, 0x0A, 0x5D, 0x88, 0x39, 0x70, 0x0D,
    0xDA, 0xF3, 0xE2, 0xC3, 0xE6, 0x69, 0xF7, 0x2B, 0x9F, 0xE4, 0xB8, 0xD4, 0xC1, 0x99, 0x8F, 0x68,
    0x5E, 0xF1, 0x70, 0xAD, 0xCE, 0x5A, 0xEE, 0xEC, 0x95, 0x55, 0x1B, 0x6D, 0x2E, 0xFA, 0x72, 0xE3,
    0xFD, 0x89, 0x75, 0x1B, 0xE1, 0x66, 0x3F, 0xBD, 0xDB, 0xDF, 0x50, 0xCC, 0x58, 0xD1, 0x79, 0xE7,
    0xFB, 0xB3, 0xC2, 0x87, 0xE4, 0xA8, 0x17, 0x5F, 0x88, 0x04, 0xC3, 0x34, 0xB7, 0xBE, 0x5F, 0xFB,
    0x15, 0xA9, 0x04, 0xEF, 0x48, 0xD3, 0x0F, 0xF9, 0x85, 0x10, 0x37, 0xE7, 0xB5, 0xFD, 0x18, 0x28,
    0x21, 0xFA, 0x6D, 0x7D, 0x1D, 0x61, 0x66, 0x3A, 0x91, 0x86, 0xCB, 0xA0, 0xD8, 0x90, 0x6A, 0xC8,
    0xE5, 0x6C, 0x81, 0x8F, 0x62, 0x01, 0x2E, 0xDE, 0xD3, 0x5A, 0xDB, 0x9F, 0xB8, 0x70, 0x55, 0xFC,
    0x8C, 0xD9, 0x60, 0x69, 0xD4, 0x68, 0x66, 0x73, 0xC6, 0xD0, 0x39, 0xCB, 0x84, 0x1C, 0xD6, 0x64,
    0xD3, 0xD0, 0xC1, 0x46, 0x3B, 0x91, 0x1B, 0xBE, 0x73, 0xB1, 0x45, 0x2C, 0xD5, 0x60, 0x8D, 0xB9,
    0x72, 0x6E, 0x40, 0xE4, 0x1B, 0xEA, 0x0D, 0x40, 0xD5, 0x9E, 0x35, 0xF9, 0x38, 0x2A, 0x8A, 0x41,
    0xC9, 0xA3, 0x71, 0x2F, 0x96, 0xB0, 0xB3, 0x1C, 0x37, 0x90, 0x82, 0x78, 0x83, 0x67, 0xCB, 0x36,
    0xA8, 0xA9, 0x2D, 0x7B, 0x67, 0x7C, 0x8B, 0x30, 0x21, 0xC0, 0x57, 0xCC, 0xD9, 0x67, 0x2F, 0x50,
    0x67, 0x6A, 0x75, 0x0D, 0xDD, 0x13, 0x8E, 0xF9, 0xD5, 0xA8, 0x68, 0x49, 0x36, 0x3E, 0x4A, 0x9F,
    0x89, 0x1C, 0x37, 0x99, 0xB4, 0xA1, 0x7E, 0x80, 0xC8, 0x0D, 0xFE, 0x79, 0xD1, 0x4D, 0x77, 0xA7,
    0x66, 0xA1, 0x08, 0x43, 0x07, 0x67, 0x39, 0xFA, 0x28, 0xD1, 0x56, 0x16, 0xF3, 0xDE, 0x30, 0x63,
    0xED, 0x21, 0xD3, 0xC5, 0x1B, 0xB2, 0x5A, 0x8F, 0xA0, 0x11, 0xA9, 0x3D, 0xB7, 0xAC, 0x87, 0x24,
    0x7D, 0x69, 0x79, 0x39, 0x87, 0xD3, 0x3E, 0x54, 0x7F, 0x23, 0xFB, 0x04, 0x9B, 0x52, 0xE3, 0xC8,
    0xD4, 0x27, 0x8D, 0xDA, 0x2B, 0x17, 0x2E, 0x0D, 0xFB, 0x0D, 0x46, 0xF5, 0xEA, 0x44, 0x3E, 0x4C,
    0x2E, 0x7F, 0xE4, 0x78, 0x6C, 0xE2, 0xCA, 0x3B, 0xCF, 0xFD, 0xBB, 0x7C, 0xD5, 0x2E, 0xDA, 0xCD,
    0x3D, 0x04, 0x5E, 0xF5, 0xFD, 0xBF, 0xD9, 0x52, 0x27, 0x61, 0x2C, 0x62, 0x64, 0x6C, 0xAA, 0x6B,
    0x18, 0x60, 0x63, 0xE7, 0xA8, 0xD8, 0xC5, 0x96, 0x72, 0xF5, 0x5C, 0x74, 0xBC, 0x46, 0xB0, 0xFD,
    0x64, 0xE8, 0x52, 0x33, 0x2A, 0xB9, 0xA6, 0x49, 0xDA, 0xD3, 0x40, 0x45, 0x75, 0xE6, 0xC6, 0x0E,
    0x3B, 0xA7, 0x6E, 0xB3, 0x36, 0xFD, 0xE4, 0xDA, 0x76, 0xC5, 0x66, 0x3E, 0x91, 0x83, 0x7A, 0x2E,
    0x5E, 0x22, 0xB3, 0xDB, 0x86, 0xF4, 0xCF, 0x3D, 0x14, 0xBC, 0xFD, 0xB9, 0xC7, 0x29, 0x77, 0xDC,
    0xA2, 0x82, 0xD5, 0x84, 0x35, 0xDB, 0x0D, 0xD5, 0x94, 0xE4, 0xE1, 0x07, 0x6A, 0x89, 0xF1, 0xFA,
    0x93, 0xAE, 0xB8, 0xC1, 0x21, 0x0D, 0xD1, 0xD1, 0x85, 0xE5, 0x33, 0x7A, 0x1F, 0x6E, 0x6A, 0x9A,
    0x38, 0xFF, 0x41, 0x16, 0xCB, 0x12, 0x73, 0x80, 0xFB, 0x3D, 0xD7, 0xD0, 0xC9, 0xD9, 0xB5, 0x97,
    0x47, 0x43, 0xC1, 0xCD, 0xF4, 0x25, 0x4C, 0xA8, 0x05, 0x38, 0x42, 0x70, 0x36, 0xF4, 0x5F, 0x97,
    0xF6, 0xA6, 0x19, 0x71, 0x56, 0x3D, 0x49, 0x6A, 0xE8, 0x7A, 0x4D, 0x75, 0x13, 0xFA, 0xAB, 0xBB,
    0x80, 0xD3, 0xE7, 0x83, 0xF5, 0x57, 0x01, 0xB3, 0x19, 0x74, 0x26, 0x0B, 0x72, 0x34, 0x1A, 0xBF,
    0xF1, 0xB7, 0x7C, 0x1C, 0xCC, 0x60, 0x70, 0x89, 0x6D, 0xED, 0xF2, 0xFD, 0xA2, 0xA2, 0xD4, 0x2C,
    0xC5, 0x43, 0x9C, 0x96, 0x1E, 0xBB, 0x40, 0xFE, 0x02, 0x8D, 0x95, 0x5D, 0x8A, 0xEB, 0x30, 0x0C,
    0x85, 0x05, 0x7E, 0x2D, 0x68, 0x2B, 0x5D, 0x40, 0xC0, 0x5B, 0x37, 0x78, 0x01, 0xDD, 0x8A, 0x21,
    0xAF, 0x02, 0xDD, 0x73, 0x24, 0xA5, 0x4D, 0x3A, 0xED, 0xDC, 0x31, 0x2D, 0x5F, 0x1B, 0xDB, 0xCA,
    0xD1, 0x9F, 0x2D, 0xBA, 0xA4, 0x8B, 0xDC, 0x12, 0xBD, 0xE0, 0x01, 0x75, 0x0E, 0x6B, 0x09, 0x79,
    0x24, 0x72, 0x89, 0x1C, 0x4B, 0x02, 0xEE, 0x3B, 0xE6, 0x96, 0x3F, 0x02, 0x9B, 0x06, 0xB0, 0xD2,
    0x84, 0xA3, 0x11, 0x3D, 0xAD, 0xF8, 0x05, 0x7C, 0x3C, 0x94, 0x66, 0x74, 0xF5, 0x21, 0x6E, 0x78,
    0xE5, 0xC0, 0xA7, 0x61, 0x0A, 0x10, 0x7C, 0xBA, 0x4E, 0xEF, 0x16, 0x62, 0x14, 0x4F, 0x61, 0x46,
    0x08, 0x3E, 0x31, 0xD9, 0x68, 0xFE, 0x2E, 0x35, 0xDA, 0x4A, 0xE9, 0xCD, 0x74, 0x84, 0x71, 0x58,
    0xCD, 0x97, 0x34, 0x28, 0xE1, 0xDE, 0x69, 0xC9, 0x65, 0x1E, 0xB6, 0x46, 0x50, 0x14, 0x6F, 0x8A,
    0x75, 0x43, 0x38, 0x2F, 0xBD, 0xE7, 0xF3, 0x10, 0x0A, 0x5A, 0xB2, 0xF9, 0x6E, 0x74, 0x45, 0x69,
    0xC7, 0xB6, 0x24, 0xF4, 0x84, 0xDD, 0x4E, 0xC5, 0x98, 0x87, 0x8D, 0x2D, 0xB8, 0xE4, 0x6E, 0xB3,
    0xF6, 0x23, 0x84, 0x56, 0x1C, 0x41, 0x5B, 0x94, 0x0D, 0x77, 0x07, 0x85, 0x5B, 0x04, 0x87, 0x6C,
    0xC9, 0x4D, 0x82, 0x35, 0x32, 0x74, 0xAB, 0x22, 0xD8, 0x8F, 0xD0, 0x39, 0xFD, 0x2D, 0x64, 0xAA,
    0xC6, 0x1B, 0x06, 0xE6, 0xF4, 0x1D, 0x9F, 0x56, 0x86, 0xEB, 0xF4, 0xF7, 0x9C, 0x9C, 0xE3, 0x45,
    0x4C, 0x38, 0x57, 0xC0, 0xC1, 0x5A, 0x93, 0x9A, 0xAC, 0xB4, 0xAD, 0xE3, 0xED, 0x3D, 0xBE, 0x8B,
    0x29, 0xC0, 0x0E, 0x8D, 0x94, 0xE4, 0x06, 0x7B, 0x07, 0xF7, 0x9E, 0x61, 0xDF, 0xD1, 0xFE, 0x80,
    0x8C, 0xAA, 0x9E, 0xC1, 0xEC, 0x86, 0xC0, 0x07, 0x93, 0x8A, 0x52, 0x20, 0x34, 0x81, 0x3A, 0x1B,
    0x0D, 0xFE, 0x2D, 0x0D, 0x6F, 0xA9, 0x7F, 0x21, 0x5F, 0xCC, 0xCE, 0xED, 0x08, 0x3A, 0x6D, 0x8B,
    0x16, 0x86, 0x45, 0x90, 0x07, 0xEB, 0xD3, 0x7E, 0x80, 0xAF, 0x20, 0x10, 0x28, 0xC0, 0xB1, 0x03,
    0x60, 0xB4, 0x94, 0x42, 0x3C, 0x7D, 0xBC, 0x7F, 0x8D, 0xC4, 0x6F, 0xBE, 0x57, 0xB9, 0x3C, 0x1D,
    0x8B, 0x84, 0x03, 0x8C, 0x39, 0x1D, 0x6B, 0xD1, 0x32, 0xE5, 0xCA, 0xEA, 0xAC, 0x51, 0xFC, 0x2C,
    0x17, 0xB6, 0xF2, 0x84, 0x0F, 0x2D, 0x81, 0xE6, 0xF1, 0x09, 0xB4, 0x2A, 0x0F, 0x56, 0xEF, 0x60,
    0x9B, 0xA0, 0x8B, 0x3D, 0x4C, 0x88, 0x33, 0xA5, 0x9E, 0x35, 0x89, 0xAA, 0xEE, 0xFB, 0xA4, 0xE1,
    0xB6, 0x4F, 0x16, 0x3F, 0xCD, 0x5F, 0x41, 0x63, 0x98, 0xBB, 0x80, 0x72, 0x61, 0x6C, 0x2F, 0x38,
    0x5B, 0x37, 0x86, 0xCE, 0x59, 0xD8, 0x19, 0xBA, 0x39, 0x17, 0xDB, 0xB1, 0xF9, 0x19, 0xD2, 0x97,
    0xD8, 0xB3, 0xF6, 0xB7, 0x6C, 0x6B, 0x46, 0x31, 0x68, 0xC7, 0x7F, 0x0F, 0xB6, 0x17, 0x5B, 0xD6,
    0x6A, 0xC4, 0x03, 0x74, 0xCD, 0x16, 0xCF, 0x30, 0x93, 0x13, 0x87, 0x40, 0x87, 0x00, 0x52, 0x0F,
    0xEE, 0xC5, 0x9A, 0xD7, 0xA3, 0xE6, 0x43, 0xE8, 0x85, 0xAB, 0xFA, 0x0C, 0x5C, 0xC9, 0x7D, 0xD5,
    0x73, 0xBB, 0x50, 0x59, 0x51, 0xE9, 0xA8, 0xF4, 0x3C, 0x3C, 0xC9, 0x07, 0xC2, 0x38, 0x7A, 0x43,
    0xD6, 0x50, 0x17, 0xCF, 0x32, 0x13, 0x59, 0xAF, 0x33, 0x92, 0x7E, 0xE4, 0x43, 0xFF, 0xD1, 0x8D,
    0xCF, 0x13, 0xF3, 0x32, 0xAE, 0xB5, 0xD4, 0xE3, 0xD8, 0x3D, 0x1F, 0x1B, 0xEB, 0x7D, 0xC9, 0x6F,
    0xDB, 0xBF, 0xF4, 0x66, 0x7C, 0x3F, 0xAE, 0x7C, 0x8D, 0x9E, 0x8E, 0xF4, 0x74, 0xA4, 0xA7, 0x23,
    0x71, 0x4D, 0x8C, 0x40, 0x5D, 0x1A, 0x2D, 0xFF, 0xD5, 0x86, 0x84, 0x7B, 0x21, 0x73, 0x75, 0x86,
    0xC5, 0x65, 0x94, 0xCB, 0xFE, 0x8B, 0x5B, 0xC2, 0xCF, 0x48, 0x0B, 0x25, 0xE2, 0x90, 0x64, 0x67,
    0xB9, 0x32, 0x52, 0xEE, 0xFA, 0xA4, 0xBA, 0x97, 0xF8, 0x44, 0x93, 0xCF, 0xE2, 0xFD, 0x1D, 0x31,
    0x31, 0xBE, 0xA2, 0xC5, 0xF9, 0xF8, 0xC4, 0x4E, 0x3D, 0xB8, 0x32, 0x23, 0x7F, 0xEC, 0x44, 0x00,
    0x3D, 0xC9, 0x1B, 0x16, 0xC7, 0x29, 0x6E, 0xA6, 0x09, 0x5F, 0x56, 0x73, 0x5C, 0x77, 0xF8, 0x2C,
    0xE5, 0x39, 0x25, 0x03, 0x91, 0x7C, 0x76, 0xC9, 0x3F, 0x7D, 0x95, 0xDD, 0x6D, 0xC3, 0x30, 0x0C,
    0x84, 0x09, 0xE8, 0x35, 0x80, 0x56, 0xC9, 0x00, 0x06, 0xB8, 0xBA, 0x00, 0x0F, 0x90, 0x55, 0x04,
    0xF8, 0x95, 0x00, 0x7B, 0x77, 0xB4, 0x63, 0x3B, 0x4D, 0xEB, 0x06, 0xFD, 0x52, 0x99, 0x92, 0xC8,
    0xE3, 0x4F, 0xCD, 0xCC, 0x86, 0x59, 0x1F, 0xD6, 0x27, 0x30, 0xBD, 0xCD, 0x3E, 0x5B, 0xF8, 0x1A,
    0x07, 0x86, 0x65, 0x1F, 0xF8, 0xD8, 0x13, 0x70, 0xDA, 0xCE, 0xA5, 0x60, 0x3E, 0x32, 0x1A, 0x60,
    0x42, 0x12, 0x01, 0x58, 0xE8, 0x07, 0x9F, 0x6C, 0x57, 0xF8, 0x6B, 0x5E, 0xD0, 0x73, 0x14, 0xE0,
    0x41, 0x3C, 0x1B, 0x91, 0xA1, 0xC5, 0x0C, 0x4F, 0x98, 0xE4, 0xCC, 0x0C, 0x6B, 0xB9, 0x26, 0x56,
    0x7B, 0x78, 0xE8, 0x1A, 0xBC, 0xC1, 0xB7, 0x01, 0x73, 0x1E, 0xBA, 0x60, 0xD7, 0xD3, 0xEA, 0x81,
    0x0B, 0x7C, 0x7A, 0xB4, 0xCC, 0x9C, 0x2D, 0x05, 0xC3, 0x76, 0x82, 0x1E, 0xC3, 0xA0, 0x17, 0xDA,
    0x69, 0x8E, 0x13, 0xF3, 0x2B, 0x6A, 0xBB, 0x7F, 0x20, 0xB8, 0x8F, 0xC0, 0xF3, 0x05, 0x4F, 0x73,
    0x78, 0x07, 0x45, 0x3C, 0x4F, 0x40, 0x98, 0x8D, 0x68, 0x39, 0x92, 0x21, 0x21, 0x10, 0x02, 0xE7,
    0xF0, 0xCC, 0xDD, 0xF9, 0x21, 0xDB, 0x1E, 0x02, 0xD4, 0xA8, 0x9D, 0xC3, 0x29, 0xA4, 0x17, 0xBA,
    0x09, 0x3C, 0x90, 0x68, 0x3A, 0x29, 0x3A, 0x7F, 0x41, 0xB2, 0x59, 0x50, 0x22, 0xE3, 0xA1, 0x43,
    0x21, 0x27, 0x6F, 0xB8, 0x62, 0x18, 0x73, 0x04, 0x2B, 0x26, 0xCA, 0x95, 0x1C, 0x65, 0x6C, 0x22,
    0xD5, 0x95, 0x00, 0x2A, 0x0F, 0x09, 0x21, 0x12, 0x45, 0x1C, 0x56, 0x5E, 0xC3, 0x33, 0xA7, 0xD7,
    0x6D, 0xBA, 0xF2, 0x3C, 0x70, 0x1F, 0x6E, 0xB6, 0xC7, 0x25, 0x01, 0x14, 0x97, 0x42, 0x4C, 0x5E,
    0x04, 0xBF, 0x84, 0x96, 0x02, 0x2F, 0xE1, 0xFB, 0xE5, 0x6D, 0x76, 0x82, 0x91, 0x0A, 0xA8, 0xBD,
    0x37, 0x8C, 0xA0, 0x58, 0x17, 0x4C, 0xBB, 0xBC, 0xFB, 0x8D, 0x4D, 0x40, 0xA8, 0x27, 0x50, 0x3D,
    0x05, 0x2F, 0x97, 0x92, 0x4F, 0x9F, 0x02, 0x62, 0x90, 0x83, 0x87, 0xF3, 0xFC, 0x0B, 0xC5, 0x2F,
    0x34, 0x45, 0xCB, 0x9A, 0x56, 0xA1, 0x2C, 0x88, 0x61, 0x65, 0x7F, 0x64, 0x6E, 0x07, 0xA8, 0x15,
    0x16, 0x33, 0xAA, 0x5E, 0x58, 0x75, 0x8D, 0x0E, 0x7E, 0x05, 0xFB, 0xEA, 0x17, 0xEA, 0xDD, 0x26,
    0xE4, 0x15, 0x8D, 0xB7, 0x10, 0x3A, 0x9A, 0x32, 0x23, 0xF6, 0xC6, 0xD2, 0xAD, 0x7A, 0x61, 0x5A,
    0xCE, 0x87, 0xF1, 0xB1, 0x1F, 0xD1, 0x24, 0xF4, 0xED, 0x35, 0x58, 0x88, 0xFD, 0x25, 0xE7, 0x3B,
    0xB2, 0xEA, 0x34, 0x99, 0xF6, 0x48, 0xE5, 0xC1, 0xAE, 0x78, 0x2B, 0xAF, 0x76, 0xDE, 0x61, 0x51,
    0x75, 0xF9, 0x01, 0xD4, 0xCF, 0x0D, 0xED, 0x8E, 0xC0, 0xFE, 0x19, 0x5B, 0x44, 0xF5, 0xAD, 0x9A,
    0x30, 0x0A, 0x83, 0xCA, 0xAB, 0x3E, 0xD5, 0x73, 0x3E, 0xCF, 0xFC, 0x7B, 0x7D, 0x11, 0x76, 0xB5,
    0x55, 0x2A, 0xEA, 0x16, 0x95, 0x4D, 0x61, 0xA9, 0x22, 0xD2, 0x5E, 0x35, 0x04, 0x90, 0xCC, 0xE6,
    0x60, 0xCD, 0x17, 0x98, 0x8E, 0x2A, 0x94, 0x2B, 0xF6, 0xC5, 0x3B, 0x6E, 0x26, 0x9B, 0x16, 0xA9,
    0xC7, 0x7A, 0x26, 0x60, 0x7D, 0x27, 0x00, 0x73, 0x10, 0x97, 0x7A, 0x25, 0xC0, 0x4B, 0x79, 0xCF,
    0x8B, 0xFE, 0x0D, 0xF2, 0xB3, 0x7D, 0xE1, 0x3A, 0xDB, 0x17, 0x59, 0xC0, 0xBE, 0x3E, 0x19, 0x0F,
    0xBE, 0x33, 0xBA, 0x81, 0x8C, 0xA3, 0x2F, 0x19, 0x0A, 0xE7, 0xD6, 0x89, 0xF0, 0x6A, 0x8B, 0xBC,
    0x81, 0x1D, 0xC6, 0x68, 0xFD, 0x03, 0x92, 0xEC, 0x03, 0x5D, 0x87, 0x1D, 0xC8, 0x42, 0xD4, 0xBB,
    0x42, 0x6A, 0xEA, 0xB5, 0xBD, 0xFF, 0x2A, 0xE1, 0x6C, 0x59, 0x2E, 0x6A, 0x07, 0x7C, 0xAB, 0xD2,
    0xAF, 0x9A, 0x97, 0xF3, 0x1A, 0x32, 0x82, 0x94, 0x37, 0xD5, 0x7C, 0x8E, 0x1D, 0xF4, 0x66, 0x70,
    0xEA, 0xDF, 0x51, 0x95, 0xF5, 0x1D, 0xF6, 0xD7, 0x40, 0x02, 0xE8, 0xE1, 0x64, 0xC3, 0x9E, 0x68,
    0xF9, 0x2A, 0xC8, 0xA4, 0xCD, 0xB2, 0x1C, 0x85, 0xDB, 0xD3, 0x87, 0x4A, 0x8C, 0xB6, 0x8A, 0xE1,
    0x18, 0xFE, 0x75, 0x58, 0x61, 0x29, 0x58, 0x0D, 0xF1, 0x42, 0xC6, 0x0E, 0x9D, 0x92, 0xFF, 0x3A,
    0x68, 0x2A, 0xC9, 0x03, 0x5E, 0x11, 0xDD, 0xA1, 0x51, 0x69, 0x79, 0xA0, 0x6B, 0x7E, 0x0E, 0x5F,
    0xD3, 0x18, 0xC3, 0xA8, 0x89, 0xA2, 0xFF, 0x5C, 0xFB, 0xE0, 0xEC, 0x38, 0x6A, 0xFE, 0x00, 0x6D,
    0x95, 0x5D, 0x8A, 0xC3, 0x30, 0x0C, 0x84, 0x05, 0x7E, 0x5D, 0xD0, 0x55, 0x7A, 0x80, 0x80, 0xAE,
    0x6E, 0xC8, 0x01, 0x72, 0x15, 0x43, 0x5F, 0x0D, 0xDA, 0x99, 0x91, 0x93, 0x34, 0xDD, 0x4D, 0x69,
    0x3F, 0x62, 0xCB, 0xB2, 0xFE, 0xDB, 0xCC, 0x86, 0xA5, 0x79, 0x6F, 0x93, 0x18, 0x26, 0xE0, 0x07,
    0xEF, 0x2D, 0x2D, 0x00, 0x2C, 0x04, 0x36, 0x6C, 0xF3, 0xCC, 0xEC, 0x66, 0x9F, 0xC8, 0xE9, 0xDD,
    0xE2, 0x0B, 0x76, 0x41, 0x92, 0x5F, 0x80, 0x32, 0x9C, 0x3E, 0xF1, 0x2A, 0x4C, 0x21, 0x67, 0x16,
    0xA0, 0x60, 0xB6, 0xDC, 0x09, 0x4F, 0x1F, 0xC4, 0xCC, 0xE1, 0x39, 0xDB, 0x9E, 0x9D, 0x80, 0x4D,
    0x2D, 0x61, 0xD3, 0xCB, 0xD6, 0x13, 0xF8, 0x76, 0xA1, 0x8D, 0x82, 0xEE, 0x83, 0x23, 0x05, 0x98,
    0x43, 0x11, 0x6F, 0x78, 0x83, 0xC0, 0x82, 0x24, 0x23, 0x17, 0x02, 0x8B, 0x79, 0x61, 0x9D, 0x33,
    0x49, 0x5E, 0x98, 0xD4, 0x7F, 0xE1, 0xB1, 0xF7, 0xAA, 0xC5, 0xB9, 0x50, 0x8B, 0x85, 0xEC, 0x5C,
    0x44, 0x3C, 0x27, 0xAD, 0x9E, 0x85, 0x51, 0xB8, 0x1F, 0xD8, 0x21, 0xF7, 0x8D, 0x79, 0x10, 0xE4,
    0x03, 0xCE, 0x79, 0x69, 0x69, 0x8A, 0xE0, 0xA6, 0x3D, 0x1A, 0x4C, 0x03, 0x0B, 0x39, 0x89, 0xC1,
    0x77, 0x5C, 0x04, 0xCC, 0x68, 0xCA, 0x25, 0x03, 0x3A, 0x3D, 0xB2, 0x01, 0xF1, 0xE6, 0x39, 0x84,
    0x92, 0x91, 0xA0, 0x08, 0x51, 0x5A, 0x4E, 0x64, 0xC5, 0x6C, 0x30, 0xED, 0xC6, 0x88, 0xD3, 0x90,
    0xC1, 0x83, 0x0D, 0xC9, 0xC6, 0x87, 0x61, 0xB5, 0x18, 0xCE, 0x3B, 0xDA, 0x6C, 0x3D, 0x06, 0x55,
    0x99, 0xDB, 0x9D, 0x0B, 0xEF, 0x52, 0xE6, 0xA3, 0x50, 0xAA, 0x5B, 0x46, 0xDF, 0x58, 0x63, 0xD1,
    0x59, 0x53, 0x5B, 0xC1, 0xE2, 0xC8, 0xF7, 0x09, 0xF8, 0xC0, 0xC5, 0x1B, 0x3C, 0x17, 0x97, 0x81,
    0x51, 0x60, 0x66, 0x6F, 0x38, 0x8F, 0xDF, 0xB0, 0x1B, 0xF0, 0x7C, 0x01, 0x7B, 0x0D, 0x76, 0x2C,
    0xA8, 0x30, 0x00, 0xD6, 0x92, 0x9C, 0x63, 0x03, 0xD8, 0x23, 0x0F, 0x2F, 0x15, 0x77, 0xD5, 0x04,
    0x7C, 0x7E, 0x80, 0xC6, 0x9A, 0xEF, 0xB4, 0xCC, 0x8F, 0x27, 0x0E, 0x44, 0xA5, 0xD0, 0x01, 0xD4,
    0xE9, 0x27, 0xD6, 0xE2, 0x08, 0xE2, 0x80, 0xFD, 0x40, 0x27, 0xE2, 0xE8, 0x59, 0x08, 0x54, 0x1B,
    0xDA, 0x00, 0x70, 0xB8, 0xE0, 0xBC, 0x69, 0x54, 0x25, 0x4C, 0xBE, 0x35, 0x14, 0x16, 0x4A, 0xB5,
    0x21, 0xB3, 0xB0, 0x23, 0x46, 0x40, 0xCB, 0x64, 0x37, 0x20, 0x4B, 0x30, 0x89, 0x79, 0xFE, 0x31,
    0xFB, 0xF9, 0xC8, 0x83, 0xDA, 0x91, 0xAE, 0xB8, 0xD2, 0x46, 0x0C, 0x67, 0xDF, 0xA1, 0xA3, 0x9C,
    0x37, 0x75, 0xE7, 0x85, 0xE8, 0x77, 0x60, 0x2F, 0x1C, 0xB3, 0x30, 0x6A, 0xB1, 0x13, 0x2C, 0x8A,
    0x3F, 0xF0, 0x7D, 0x89, 0x2C, 0xD4, 0xB9, 0xBE, 0x40, 0x65, 0x9B, 0x2B, 0x68, 0x0C, 0x40, 0x37,
    0x05, 0x00, 0x98, 0xBE, 0x1F, 0xA3, 0x0D, 0x98, 0x83, 0xEE, 0x1E, 0x48, 0xCE, 0xCE, 0x8A, 0x80,
    0x5F, 0xF0, 0xE1, 0x07, 0xFE, 0xA2, 0xB8, 0xE9, 0x43, 0x75, 0xC2, 0xA2, 0x5A, 0x15, 0xC6, 0xB3,
    0x00, 0xE0, 0xC6, 0x5B, 0x7D, 0xC9, 0x6A, 0x5F, 0x64, 0x29, 0x48, 0xFE, 0x1F, 0xB2, 0x6A, 0x96,
    0xDC, 0x83, 0xEC, 0xD1, 0xC9, 0x19, 0xA7, 0x36, 0x81, 0xF8, 0x7E, 0x12, 0xD3, 0xE7, 0xE2, 0xB6,
    0x18, 0x6B, 0x1F, 0x7C, 0xDF, 0x44, 0x20, 0x8C, 0x1D, 0x52, 0x7A, 0xC7, 0xFA, 0xA6, 0x0C, 0x0F,
    0xB6, 0x2C, 0xF6, 0xD5, 0xB3, 0xA4, 0xFA, 0x34, 0xE5, 0x9F, 0x3D, 0xFD, 0xA3, 0xE4, 0xC5, 0x3A,
    0x26, 0x0E, 0x85, 0x31, 0x59, 0x33, 0x35, 0x19, 0x2E, 0xAE, 0x49, 0x91, 0x26, 0x7F, 0xD8, 0x39,
    0xD2, 0x3E, 0xE2, 0x24, 0x27, 0xDC, 0x68, 0x54, 0x8F, 0x22, 0xAF, 0xB8, 0xBD, 0x4F, 0x56, 0xFC,
    0xE0, 0x97, 0x3C, 0xB9, 0x88, 0xFD, 0x93, 0x15, 0xE7, 0x3F, 0xB4, 0x35, 0x74, 0xCA, 0xBF, 0x43,
    0x76, 0xF6, 0xB8, 0xFC, 0x93, 0xE5, 0x95, 0x3B, 0x0D, 0x33, 0xBD, 0x7E, 0x61, 0xD6, 0xC4, 0xFD,
    0x17, 0xFF, 0x1E, 0x58, 0xA3, 0xEE, 0x9C, 0x78, 0xFD, 0x81, 0xC7, 0xF8, 0xCD, 0x85, 0xDA, 0x43,
    0x71, 0xD0, 0x79, 0xE4, 0x9A, 0x78, 0x4B, 0x15, 0xCA, 0x2D, 0x75, 0x3A, 0xCA, 0xF4, 0xA6, 0xF9,
    0x22, 0x97, 0xA6, 0x7D, 0x3E, 0x9D, 0xAD, 0xA3, 0x99, 0x00, 0x9F, 0xCE, 0xAA, 0x93, 0x76, 0x64,
    0x24, 0xAA, 0x18, 0x53, 0x7F, 0x58, 0xCA, 0xD0, 0x27, 0xF3, 0x9B, 0xB3, 0x12, 0x0D, 0x93, 0xE5,
    0xCF, 0xA2, 0x8B, 0xB3, 0xE4, 0x86, 0x3D, 0x18, 0x22, 0xB2, 0x3C, 0x9F, 0x54, 0x91, 0xF0, 0x0F,
    0x34, 0x24, 0x87, 0x39, 0xD0, 0xD5, 0xDB, 0x83, 0x6D, 0x85, 0x3F, 0x2C, 0x4C, 0x1F, 0x4B, 0x8D,
    0x68, 0xE8, 0xE0, 0x8F, 0x62, 0xC6, 0x56, 0xD8, 0xCA, 0x29, 0x3C, 0xBF, 0x6D, 0x95, 0x4D, 0x8A,
    0xEC, 0x30, 0x0C, 0x84, 0x05, 0xDE, 0x36, 0xF8, 0x2A, 0x81, 0xB7, 0x6D, 0xD0, 0xD5, 0x0D, 0x39,
    0x40, 0xAE, 0x62, 0xC8, 0x56, 0xA0, 0xA9, 0x2A, 0x39, 0xE9, 0xBF, 0xD7, 0xD0, 0xF3, 0x8D, 0x6D,
    0xD9, 0x96, 0x5C, 0x92, 0xDA, 0xCC, 0xDA, 0x30, 0xB3, 0x9E, 0xD9, 0x66, 0xB1, 0x5F, 0xCC, 0x0C,
    0xEB, 0x23, 0xFD, 0x8B, 0x69, 0x26, 0x86, 0x98, 0x6B, 0x0C, 0xE6, 0x14, 0x9D, 0x34, 0x1F, 0xDE,
    0xDE, 0xD8, 0x2F, 0x62, 0xBD, 0xBD, 0xD9, 0x89, 0x27, 0x39, 0x6E, 0xB6, 0x2C, 0x5A, 0xCE, 0x45,
    0xF9, 0xE3, 0x66, 0x8F, 0x45, 0x7A, 0x41, 0x3A, 0x88, 0x7D, 0x70, 0xC1, 0x87, 0x89, 0xE5, 0xBA,
    0xCE, 0xB5, 0x35, 0xD0, 0xFC, 0x0F, 0x87, 0xBB, 0xE2, 0xFE, 0xA6, 0xD6, 0xE7, 0x0F, 0x69, 0x30,
    0xDA, 0x8B, 0xFD, 0xB8, 0x98, 0x3F, 0xD4, 0xBE, 0x63, 0xFC, 0x50, 0xE7, 0x1F, 0xFB, 0x22, 0x3C,
    0xAF, 0xFB, 0xC4, 0x5C, 0x7E, 0x31, 0x94, 0xF7, 0x78, 0xEA, 0xFE, 0xF8, 0x25, 0xFC, 0xB5, 0xB6,
    0x68, 0x9F, 0xFC, 0xAF, 0xBD, 0xDE, 0x2B, 0xE4, 0xFF, 0x45, 0xCD, 0x5F, 0x3C, 0xF2, 0x66, 0x1F,
    0x0F, 0xB1, 0xCD, 0x94, 0xDF, 0xED, 0x5C, 0xD4, 0xFA, 0xD2, 0xE5, 0x58, 0xBA, 0xC0, 0x6E, 0xE9,
    0x03, 0xE7, 0x07, 0xE3, 0xC8, 0x3C, 0x02, 0x9C, 0x9E, 0x07, 0xE2, 0x98, 0xF8, 0x77, 0x4F, 0xDB,
    0x8C, 0xBB, 0x9C, 0x92, 0x6C, 0xD4, 0x11, 0x9F, 0x76, 0x4E, 0xBB, 0xE9, 0x19, 0x9F, 0xB4, 0xDC,
    0x4F, 0xE4, 0x07, 0x78, 0x9E, 0xF0, 0x43, 0x3C, 0x39, 0x8E, 0x14, 0x13, 0xE4, 0x89, 0x2F, 0xFA,
    0xC9, 0x97, 0x74, 0xFB, 0x77, 0x9E, 0x46, 0xD6, 0x39, 0x64, 0x92, 0xD1, 0xB9, 0x0E, 0xBA, 0xEC,
    0x11, 0xED, 0x89, 0x78, 0xDC, 0x3B, 0xCE, 0x4B, 0x71, 0xE7, 0x3D, 0xDE, 0x8E, 0x7D, 0x3E, 0x38,
    0xEE, 0xBB, 0xF6, 0xA7, 0x6B, 0xAC, 0xBC, 0x85, 0x17, 0xB8, 0x4F, 0x8C, 0x16, 0x0D, 0x21, 0xE3,
    0x45, 0x44, 0x84, 0x81, 0x48, 0x83, 0x54, 0x50, 0x14, 0x50, 0x05, 0x75, 0x13, 0x6F, 0xA4, 0xF8,
    0xEA, 0x9D, 0xBF, 0x69, 0x2A, 0x15, 0xBB, 0xD9, 0xD6, 0x6B, 0x81, 0x7C, 0xD1, 0x9B, 0xFD, 0x58,
    0xD4, 0xDD, 0x3A, 0x6F, 0x8F, 0xCA, 0xA3, 0x9D, 0xE7, 0x3C, 0xFA, 0x6C, 0x3A, 0xAF, 0xCF, 0xBE,
    0xB8, 0xBE, 0x0C, 0x5E, 0x49, 0x35, 0x67, 0xD6, 0xBE, 0x14, 0x27, 0x65, 0xB5, 0x0D, 0x36, 0xAE,
    0x83, 0x98, 0xF3, 0x45, 0xEA, 0x59, 0x4E, 0x2F, 0xF6, 0x61, 0xF7, 0xC7, 0x2F, 0x38, 0x13, 0x58,
    0x98, 0x15, 0x0C, 0xA1, 0xBA, 0x2F, 0xC8, 0xCD, 0x64, 0xAE, 0xF2, 0x4B, 0x51, 0x70, 0x14, 0x91,
    0x1A, 0xC1, 0xDB, 0x81, 0x97, 0xF6, 0x80, 0x80, 0x6C, 0x21, 0x3D, 0xAA, 0x8E, 0xA3, 0xAB, 0xEC,
    0xB6, 0xAB, 0x00, 0xDB, 0xFC, 0x00, 0x2B, 0x98, 0x77, 0x7E, 0x60, 0x0A, 0x4D, 0xB0, 0x0B, 0x67,
    0xBD, 0xDF, 0x27, 0xA6, 0x3D, 0x97, 0x64, 0x4F, 0xF5, 0x8B, 0x7A, 0xD1, 0x40, 0x0D, 0x0B, 0xF4,
    0x10, 0x6B, 0xBA, 0x8C, 0x4E, 0xE9, 0x2F, 0xAD, 0x04, 0x06, 0x95, 0x25, 0xAD, 0x37, 0x95, 0xA9,
    0x97, 0xA5, 0xF7, 0x85, 0xD1, 0x82, 0xA9, 0x35, 0xD8, 0xE9, 0x3C, 0x75, 0xA6, 0x57, 0x61, 0xBB,
    0x2E, 0xCA, 0x0E, 0xA5, 0x94, 0x3B, 0x54, 0xBC, 0xF7, 0xB9, 0x69, 0x6D, 0xBA, 0x57, 0x1B, 0x95,
    0x3A, 0x11, 0x1B, 0xD6, 0x42, 0xC9, 0xD1, 0x67, 0x61, 0xF8, 0x7C, 0x13, 0x40, 0x9D, 0xDB, 0x97,
    0x2E, 0x77, 0x82, 0x85, 0x12, 0xCE, 0x57, 0x43, 0xF9, 0x26, 0x75, 0x98, 0xD8, 0x48, 0x05, 0xA2,
    0x94, 0x68, 0x8B, 0x48, 0x1D, 0xB8, 0xB4, 0x83, 0x56, 0x8D, 0x87, 0x61, 0x96, 0x28, 0xEA, 0xB2,
    0x28, 0xA1, 0x03, 0xF3, 0x61, 0xE1, 0xF5, 0xBE, 0xB9, 0xE8, 0xCA, 0x7F, 0xDA, 0xE8, 0xDE, 0xC1,
    0xB0, 0x5E, 0xAC, 0xF5, 0x27, 0xED, 0x53, 0xF6, 0x3D, 0x19, 0x05, 0x9E, 0x2C, 0x98, 0x69, 0xE8,
    0x32, 0xA3, 0x89, 0x88, 0xE0, 0x79, 0xE7, 0x17, 0x63, 0x78, 0x16, 0xBC, 0x90, 0xEC, 0x92, 0x30,
    0x65, 0x93, 0x99, 0x74, 0x83, 0xC2, 0xEC, 0x6C, 0x99, 0xA8, 0x5F, 0xCC, 0xE8, 0x87, 0x00, 0xBF,
    0x5A, 0x44, 0xB0, 0x9E, 0x33, 0x37, 0xAF, 0x34, 0xE5, 0x28, 0x70, 0x11, 0x3A, 0x52, 0x9C, 0x52,
    0xB3, 0x30, 0x04, 0x4D, 0x1A, 0x4D, 0xDE, 0xB0, 0xD6, 0xF2, 0x63, 0x83, 0xD6, 0x26, 0xF4, 0x2D,
    0xCB, 0x11, 0x0C, 0xBE, 0x1F, 0x91, 0xEF, 0x98, 0x3E, 0xFF, 0x00, 0x85, 0x95, 0x51, 0x6E, 0xE3,
    0x30, 0x0C, 0x44, 0x05, 0xE8, 0x37, 0x00, 0xAF, 0xB2, 0x07, 0x30, 0xC0, 0xAB, 0x0B, 0xC8, 0x01,
    0x72, 0x15, 0x01, 0xF9, 0x15, 0xC0, 0x25, 0x67, 0xC6, 0x76, 0x62, 0x67, 0xB1, 0x6E, 0xD3, 0x57,
    0xD7, 0x92, 0xC5, 0x21, 0x87, 0x6C, 0x1B, 0xAD, 0xAD, 0xD6, 0x5A, 0x9F, 0xE2, 0x22, 0x5B, 0xEC,
    0x1C, 0xA4, 0x47, 0x5D, 0xAD, 0x99, 0x91, 0x6D, 0x67, 0x6D, 0x39, 0xE9, 0x71, 0xE7, 0xAC, 0xE7,
    0xDE, 0xEC, 0xCA, 0x41, 0x3A, 0x4E, 0x70, 0x9D, 0x94, 0x44, 0x10, 0x6E, 0xCB, 0xA2, 0xE8, 0x64,
    0xD8, 0xB4, 0x98, 0xAD, 0xC7, 0x3B, 0x3F, 0xA3, 0x4E, 0xAF, 0x23, 0x87, 0xBF, 0x11, 0xD7, 0xF0,
    0x81, 0x00, 0x87, 0xE5, 0xD3, 0xE2, 0xA3, 0x9D, 0x97, 0x57, 0xB4, 0x43, 0x9C, 0x24, 0x8E, 0xF8,
    0x20, 0x43, 0x29, 0x3A, 0x75, 0x6D, 0x7E, 0xD5, 0x49, 0x95, 0x62, 0xEA, 0xAA, 0x80, 0xA1, 0x2F,
    0xA6, 0xB8, 0x70, 0x58, 0xC7, 0xF2, 0xD2, 0x89, 0x05, 0xCD, 0xA7, 0x0F, 0xEA, 0xC3, 0xE1, 0xFD,
    0xD0, 0x97, 0x2B, 0x4B, 0xDF, 0xC4, 0x1B, 0xE3, 0x95, 0x8B, 0xB6, 0x56, 0x1A, 0x95, 0xEE, 0x5A,
    0x9C, 0xBA, 0xA4, 0x8F, 0x05, 0x68, 0x96, 0x2B, 0xF7, 0x78, 0x3E, 0x05, 0xF6, 0x41, 0xD6, 0x11,
    0xE0, 0xD2, 0xDF, 0x43, 0x09, 0x88, 0x17, 0xF7, 0xB9, 0xF8, 0x38, 0x75, 0x51, 0xF8, 0xC1, 0x59,
    0xF4, 0xC8, 0x20, 0xC1, 0x2A, 0xE2, 0x49, 0xD4, 0xCB, 0xA5, 0x4F, 0xD4, 0xFD, 0xF5, 0xB3, 0xE7,
    0xA1, 0x15, 0xAB, 0x66, 0x95, 0x9F, 0x6F, 0x7D, 0xB1, 0xEB, 0x6B, 0xA7, 0xBE, 0x7E, 0xD7, 0x97,
    0x0E, 0x32, 0x94, 0x7C, 0xE5, 0xA1, 0x7C, 0xDE, 0x57, 0xE7, 0xB2, 0x8A, 0x13, 0x45, 0x79, 0x92,
    0xAE, 0xFB, 0x87, 0x78, 0xBC, 0xEF, 0x9B, 0xA9, 0x6F, 0xE7, 0x84, 0xED, 0xC4, 0xDC, 0x7F, 0xA1,
    0x5D, 0xC9, 0x86, 0x70, 0xFF, 0x66, 0x38, 0x1A, 0x06, 0xBE, 0xC4, 0xFB, 0xAA, 0xF8, 0xBF, 0xF4,
    0xFD, 0xA8, 0x5F, 0x5D, 0xA8, 0xDF, 0xA9, 0xCF, 0x96, 0x74, 0x56, 0x9C, 0x78, 0xFF, 0x53, 0x89,
    0xEB, 0x53, 0xFA, 0x02, 0x29, 0x84, 0x9E, 0xF5, 0xC9, 0x55, 0xDF, 0xA5, 0xA7, 0xFC, 0x56, 0x3A,
    0xA7, 0xB8, 0xE0, 0xC3, 0x3E, 0x11, 0x5A, 0xEA, 0xF1, 0xA0, 0x2E, 0x93, 0x2E, 0xDE, 0x57, 0xC4,
    0x65, 0xBD, 0x34, 0x8A, 0x41, 0x88, 0xAF, 0x4A, 0x65, 0x6C, 0x10, 0x9A, 0x6F, 0x43, 0x6B, 0x19,
    0x5E, 0x92, 0x7B, 0x9E, 0x57, 0x7F, 0x5E, 0xEA, 0x37, 0x8E, 0x12, 0xE2, 0xAA, 0xAE, 0xA6, 0x2E,
    0xF9, 0xEF, 0xF0, 0xE5, 0xA0, 0x77, 0x33, 0xBD, 0x3E, 0xDA, 0xAD, 0xDF, 0x20, 0xF0, 0x01, 0x1F,
    0x22, 0xC5, 0x1E, 0x4C, 0x71, 0xF9, 0x32, 0x9C, 0x7D, 0xE5, 0xC6, 0xBE, 0x72, 0xF4, 0x55, 0x4C,
    0x47, 0x53, 0x97, 0x5D, 0xCB, 0xC0, 0x96, 0x3F, 0x37, 0xF8, 0xD1, 0xE5, 0xF5, 0x2F, 0xAA, 0xFF,
    0xAB, 0x99, 0xBD, 0xA9, 0x8E, 0x19, 0xFD, 0x7D, 0xBE, 0xD8, 0x6D, 0xBE, 0x48, 0x1A, 0x0C, 0x97,
    0xE1, 0x93, 0xEC, 0x6A, 0xF4, 0xE1, 0xE1, 0x3A, 0xE8, 0x15, 0xB7, 0x38, 0xF3, 0x04, 0x70, 0x1C,
    0x66, 0x14, 0xF2, 0xA3, 0xC1, 0xD9, 0xA5, 0xEF, 0x35, 0xA5, 0x97, 0xBD, 0x6D, 0xA1, 0x5E, 0x17,
    0xF7, 0xB9, 0xE3, 0xEA, 0xB7, 0xE0, 0xDC, 0xC9, 0x65, 0xC8, 0x4B, 0x35, 0xCD, 0xA2, 0x4F, 0xFB,
    0xD4, 0xE2, 0xA1, 0xFA, 0x85, 0xC6, 0x7A, 0x52, 0x3E, 0xB5, 0x8F, 0x79, 0x07, 0x51, 0x8D, 0xFD,
    0x6D, 0x53, 0x5C, 0x64, 0xA6, 0x98, 0x7D, 0x9F, 0x29, 0x61, 0xFF, 0xBF, 0xFE, 0xF5, 0xFF, 0x81,
    0xCF, 0x2F, 0xF4, 0xB8, 0x52, 0xEB, 0xFD, 0xCA, 0x63, 0xDE, 0xB8, 0xE6, 0x8A, 0xE6, 0x50, 0x17,
    0x6D, 0x71, 0xBE, 0xD9, 0xE4, 0xBC, 0x7B, 0x6B, 0x7E, 0x21, 0x09, 0xFF, 0x9D, 0x9F, 0x8F, 0x7D,
    0xF2, 0x19, 0x56, 0x4D, 0x80, 0x26, 0x1D, 0x5D, 0xCB, 0x34, 0x48, 0xB6, 0xDD, 0x8E, 0x6C, 0x34,
    0x20, 0xBF, 0x08, 0xCC, 0x07, 0x21, 0x37, 0xC4, 0x2F, 0x2C, 0x9B, 0x59, 0xDB, 0x9E, 0xC0, 0xEF,
    0x40, 0x36, 0x67, 0xEE, 0xC2, 0x61, 0xF9, 0x04, 0xFD, 0xC5, 0xFA, 0xA2, 0x70, 0x19, 0x5F, 0x3C,
    0x79, 0x02, 0xCF, 0xDB, 0x10, 0xE7, 0xFA, 0xC3, 0xC6, 0xFA, 0x0B, 0x75, 0x95, 0x5D, 0xAA, 0x2B,
    0x41, 0x08, 0x84, 0x85, 0x7E, 0x0D, 0xB8, 0x95, 0x2C, 0x20, 0xE0, 0xD6, 0x1B, 0xF2, 0x7A, 0xE1,
    0x6C, 0x45, 0xB8, 0xAF, 0x82, 0xC7, 0x2A, 0x7B, 0x7E, 0x93, 0x33, 0x10, 0xBE, 0x64, 0xA6, 0xA7,
    0x5B, 0xAD, 0xD2, 0x88, 0xC8, 0x90, 0xBA, 0x86, 0x8B, 0x7A, 0x51, 0x17, 0x47, 0x68, 0xD6, 0x25,
    0x92, 0x8B, 0xF6, 0xB3, 0x38, 0x0D, 0xEB, 0xE5, 0x51, 0x4F, 0x26, 0xBF, 0x45, 0x73, 0x90, 0xC6,
    0xF5, 0xBE, 0x18, 0x3B, 0xC5, 0x86, 0x70, 0x5D, 0xBD, 0x7D, 0xA5, 0xAD, 0x7D, 0xEF, 0xBC, 0xAD,
    0xCB, 0xE6, 0xA8, 0xBD, 0xFB, 0x9C, 0x2C, 0x0E, 0xB1, 0x37, 0x96, 0xE7, 0xB4, 0x49, 0x8A, 0x4A,
    0xC7, 0xFB, 0x90, 0xFD, 0xE2, 0x6D, 0x1F, 0x58, 0xA5, 0x41, 0x8C, 0x1C, 0xDC, 0x25, 0xDF, 0x84,
    0xF1, 0xA6, 0x3C, 0x1A, 0xD2, 0xCF, 0x76, 0x70, 0xF7, 0xBC, 0xC1, 0x9F, 0xA3, 0x72, 0x1B, 0x9E,
    0xDA, 0x40, 0xC6, 0xC3, 0x15, 0x71, 0x8F, 0x3A, 0x0A, 0xC8, 0xA8, 0xCD, 0x4C, 0x33, 0xCC, 0x01,
    0xAF, 0x17, 0x70, 0x1E, 0x1E, 0xA3, 0xC0, 0xC8, 0xA0, 0x7E, 0xE5, 0x0A, 0xDC, 0x3A, 0xEE, 0x07,
    0xEF, 0x87, 0x4C, 0x79, 0xC9, 0x98, 0x90, 0x22, 0x29, 0x49, 0x80, 0x53, 0x70, 0x68, 0xA5, 0x8A,
    0x6A, 0xB4, 0x0E, 0x54, 0x25, 0x0E, 0x3E, 0x56, 0xB5, 0xBB, 0x70, 0x3B, 0x2D, 0xEF, 0xFC, 0xBB,
    0xEA, 0x8C, 0xCE, 0x2A, 0xB2, 0x58, 0x4C, 0x52, 0x1D, 0xB5, 0x31, 0xA9, 0xF4, 0x6B, 0x41, 0x25,
    0x84, 0xA0, 0x04, 0xF9, 0x57, 0x50, 0x9A, 0x3F, 0x75, 0xD3, 0xA9, 0x4A, 0x95, 0x6C, 0xE6, 0xA6,
    0x8A, 0xB4, 0x2A, 0xF6, 0xA9, 0xCA, 0x76, 0x0D, 0xAC, 0xD2, 0x96, 0xD0, 0xA8, 0x51, 0x95, 0x31,
    0x61, 0xA7, 0x72, 0x96, 0xF0, 0x03, 0x78, 0x76, 0x62, 0x57, 0xF0, 0x59, 0xC6, 0x15, 0xDC, 0x4C,
    0xEE, 0x98, 0xA8, 0xDF, 0x1D, 0xA7, 0x25, 0x83, 0x46, 0x9D, 0x9A, 0x73, 0x89, 0x53, 0x4B, 0x82,
    0x7A, 0x67, 0xC0, 0xC6, 0x85, 0x17, 0xCF, 0xF5, 0x23, 0xF4, 0x4A, 0xB8, 0x52, 0x82, 0x05, 0x66,
    0x6D, 0x00, 0x8D, 0xAA, 0x36, 0x89, 0x7A, 0x30, 0xDC, 0x92, 0xBC, 0xE3, 0x8C, 0x53, 0xD4, 0xBE,
    0xA2, 0x46, 0x2D, 0x63, 0xF8, 0x42, 0xB9, 0xE4, 0x13, 0x12, 0xC6, 0x17, 0xBE, 0x03, 0xC7, 0x63,
    0x27, 0x6D, 0x18, 0x31, 0x68, 0xE0, 0x84, 0x11, 0x51, 0x54, 0x6F, 0xFB, 0xF3, 0xEA, 0x54, 0x5E,
    0x9D, 0xCA, 0xB3, 0x0B, 0xBC, 0x62, 0x29, 0x95, 0x1D, 0x98, 0x0D, 0x57, 0x40, 0x59, 0x97, 0xCA,
    0xE1, 0x74, 0x2C, 0x9D, 0xC7, 0xF7, 0x5E, 0x72, 0xBC, 0xBE, 0xE4, 0xC8, 0xB8, 0xA2, 0x4C, 0xE2,
    0x78, 0x9E, 0x17, 0x84, 0x7A, 0x95, 0xBC, 0x86, 0x85, 0xE3, 0x7B, 0xA3, 0x4F, 0x64, 0xF5, 0x51,
    0xAC, 0x8A, 0x3C, 0x60, 0xBF, 0x6A, 0x14, 0xCD, 0x7D, 0x7F, 0xEC, 0xC9, 0x5E, 0x89, 0xF6, 0x4B,
    0xC0, 0x4C, 0x87, 0x18, 0xCA, 0x56, 0xDD, 0x4C, 0x64, 0xCE, 0x36, 0xEA, 0x23, 0x0F, 0x2F, 0xB5,
    0x0E, 0x9B, 0x97, 0xAA, 0x14, 0xB3, 0x77, 0xC7, 0x0F, 0x0D, 0xEC, 0x1F, 0xE9, 0x61, 0x58, 0x87,
    0xE0, 0x98, 0x8A, 0x3B, 0x1D, 0x82, 0x9D, 0x94, 0x15, 0x08, 0xB6, 0x33, 0x33, 0x22, 0xA8, 0x44,
    0x50, 0x75, 0xA4, 0x42, 0xD0, 0x48, 0x68, 0x9D, 0xD1, 0x49, 0xE1, 0x94, 0xFF, 0x9D, 0x83, 0x2C,
    0x1D, 0xBE, 0xE4, 0x50, 0xA3, 0xB8, 0xFB, 0x97, 0x3D, 0x00, 0x72, 0x5E, 0x61, 0x4C, 0xD0, 0x62,
    0x82, 0xEE, 0xEB, 0x7E, 0x9C, 0x3D, 0x45, 0x2A, 0x6B, 0xE3, 0xEE, 0x5B, 0xDF, 0xEF, 0x74, 0x13,
    0x4E, 0xDF, 0x8D, 0xB7, 0x69, 0xDC, 0xF7, 0x4F, 0xDC, 0xEE, 0xFF, 0xF5, 0xFC, 0xA0, 0x41, 0x99,
    0x24, 0x59, 0x90, 0x61, 0xB2, 0x4D, 0x5F, 0x13, 0xDB, 0xFA, 0xBC, 0xE7, 0x49, 0x1B, 0x44, 0x97,
    0xCD, 0x66, 0xA3, 0xEB, 0xAF, 0xAD, 0xC6, 0xD6, 0x23, 0xB9, 0x24, 0xEA, 0xBF, 0x0F, 0xB1, 0x2B,
    0xBE, 0xF6, 0xC8, 0xB5, 0x1D, 0x74, 0x69, 0x93, 0xED, 0x36, 0x9C, 0x1E, 0x3D, 0x84, 0xEB, 0x28,
    0xE8, 0x02, 0x69, 0x95, 0xFE, 0x2A, 0x0B, 0x8C, 0xA4, 0x83, 0x5B, 0xC1, 0xBD, 0x47, 0x2E, 0xDA,
    0x3C, 0x4F, 0x53, 0x4A, 0xB7, 0xA1, 0xA0, 0xD2, 0x83, 0x0D, 0x39, 0xFC, 0x2B, 0x7D, 0x30, 0xF5,
    0x4B, 0x0B, 0x7B, 0x47, 0x65, 0x57, 0xD5, 0xAE, 0xE0, 0xE4, 0x55, 0x6D, 0x14, 0xFC, 0x47, 0x74,
    0xFE, 0x95, 0xE2, 0x85, 0x35, 0x96, 0x3A, 0x6A, 0xD8, 0xAC, 0xB3, 0x7D, 0x9D, 0x7D, 0xB9, 0x41,
    0x2B, 0x70, 0x0E, 0xA9, 0xD0, 0x4F, 0x7C, 0x9B, 0x55, 0x2D, 0xFC, 0xFB, 0x8B, 0xBF, 0x90, 0x43,
    0x2D, 0xFA, 0x05, 0x8D, 0x95, 0x61, 0x6A, 0xEC, 0x30, 0x0C, 0x84, 0x05, 0xFE, 0x5B, 0xF0, 0x85,
    0x02, 0xBA, 0xBA, 0x61, 0x0F, 0x90, 0xAB, 0x18, 0xF2, 0xD7, 0xE0, 0x6A, 0x66, 0xE4, 0xEC, 0x3A,
    0x6F, 0x0B, 0x2F, 0xA5, 0xFD, 0x1A, 0x4B, 0x96, 0x64, 0x6B, 0x62, 0x9B, 0xE9, 0xA9, 0x4D, 0xE8,
    0xE6, 0xB3, 0x0B, 0xC3, 0x27, 0x7E, 0x81, 0xB9, 0x50, 0x3A, 0x7E, 0x88, 0xDA, 0xBD, 0xF6, 0x32,
    0x80, 0x66, 0xA3, 0x36, 0xC2, 0x9B, 0xBB, 0x4D, 0x78, 0x2E, 0x34, 0x42, 0xE1, 0x63, 0x5E, 0xA2,
    0x22, 0x74, 0x4C, 0x06, 0xEC, 0x46, 0x2B, 0x37, 0x5C, 0x98, 0x5D, 0x6F, 0x9A, 0xE0, 0x26, 0xCF,
    0x1B, 0x9C, 0x60, 0xA6, 0xB0, 0x60, 0x5D, 0x8C, 0xA4, 0xF0, 0xC2, 0xD3, 0x2A, 0x17, 0xA0, 0xF7,
    0x28, 0x2B, 0xEC, 0x17, 0xF2, 0x88, 0x05, 0x9C, 0x58, 0x92, 0x61, 0x85, 0xB3, 0x2E, 0x36, 0x32,
    0x16, 0x10, 0x79, 0x86, 0x91, 0x1E, 0xB6, 0xB0, 0x1B, 0x77, 0x62, 0xDC, 0xF1, 0x7C, 0x71, 0x58,
    0xD0, 0xF3, 0xDD, 0xE5, 0x77, 0x33, 0xF2, 0xC2, 0xEE, 0x1F, 0x64, 0xFC, 0x21, 0xA2, 0x72, 0xFA,
    0x99, 0xEC, 0x5A, 0xD1, 0x61, 0x1A, 0xEE, 0x02, 0xFE, 0xDB, 0x61, 0x57, 0xC7, 0x7A, 0x23, 0x65,
    0x0B, 0x70, 0xE4, 0x89, 0x71, 0xBD, 0x12, 0x18, 0x78, 0x22, 0xFE, 0x84, 0x67, 0xA2, 0x31, 0xD3,
    0xC0, 0x86, 0xDC, 0x50, 0x9A, 0x44, 0xD7, 0xE0, 0x48, 0x70, 0xB0, 0x0C, 0xD5, 0x02, 0x20, 0x4E,
    0xD8, 0x22, 0x36, 0xFA, 0x7E, 0xAA, 0xCE, 0x0F, 0x44, 0xB9, 0xD1, 0xB4, 0x4F, 0xC4, 0xA0, 0xCB,
    0x06, 0xB4, 0xB2, 0xDE, 0x8E, 0xEB, 0xDC, 0xF1, 0x8A, 0x55, 0xE0, 0xED, 0x02, 0x34, 0xE1, 0x62,
    0x5A, 0x49, 0x6C, 0x1C, 0xD1, 0x8F, 0x08, 0x19, 0x18, 0xAB, 0x97, 0x5B, 0x68, 0x44, 0x31, 0x66,
    0xC5, 0x66, 0x6D, 0xC0, 0x73, 0x48, 0x2E, 0x90, 0x67, 0x04, 0x8B, 0x3D, 0x55, 0x03, 0x7C, 0x42,
    0x6B, 0xCB, 0x09, 0x74, 0x4A, 0x2B, 0xF4, 0x8E, 0xF1, 0x5A, 0xCF, 0xD7, 0x80, 0x3C, 0xEA, 0xD9,
    0x66, 0xC8, 0xA3, 0x9E, 0xF0, 0x69, 0x88, 0x15, 0xBF, 0x50, 0x16, 0xE6, 0xF2, 0xFB, 0x2A, 0x58,
    0x3E, 0xE3, 0x84, 0x83, 0x73, 0xE3, 0x28, 0xCD, 0x50, 0x9E, 0x53, 0x5A, 0x54, 0xF1, 0xE4, 0xC7,
    0x10, 0xF3, 0xE6, 0xE2, 0xC9, 0x3C, 0xDC, 0x9A, 0x70, 0x3B, 0x4F, 0x13, 0x19, 0x22, 0xF2, 0x72,
    0xF1, 0x76, 0x24, 0xF1, 0x1D, 0x33, 0xCE, 0x5F, 0x5C, 0xA2, 0xF2, 0x8C, 0x8E, 0x49, 0x45, 0xBD,
    0x8D, 0x72, 0x86, 0x2C, 0x6F, 0x7D, 0xAD, 0xD6, 0x52, 0x94, 0xB6, 0x4D, 0x98, 0x08, 0x18, 0xAB,
    0xBB, 0xF1, 0xD5, 0xB6, 0x0D, 0x66, 0x94, 0x44, 0x7D, 0x7F, 0x9D, 0xE8, 0x84, 0x90, 0xB6, 0x3D,
    0xFB, 0x2A, 0x22, 0x4B, 0x49, 0x64, 0x51, 0xFF, 0x31, 0xA8, 0x67, 0x0F, 0xF6, 0x28, 0x77, 0x7C,
    0x5B, 0xC3, 0x37, 0x7C, 0x2D, 0x7E, 0x5F, 0xD8, 0xA3, 0xEA, 0x23, 0x0F, 0x28, 0x4F, 0xCE, 0x45,
    0xCA, 0x0F, 0x71, 0xC9, 0x9A, 0xF4, 0x2E, 0x3B, 0x0E, 0x1C, 0x52, 0xBB, 0x49, 0x49, 0xA5, 0xFF,
    0x47, 0x3D, 0x6C, 0xF9, 0xD6, 0xFA, 0xFA, 0x88, 0xF7, 0xE4, 0xDF, 0x12, 0x39, 0xD3, 0x9E, 0x7E,
    0x9E, 0x84, 0x50, 0xF8, 0x9E, 0x7E, 0x6B, 0x3D, 0x5D, 0xB7, 0xC6, 0x50, 0x84, 0x04, 0x74, 0x9F,
    0xF2, 0xE7, 0x01, 0x0A, 0xC4, 0xFE, 0x70, 0x3F, 0xB8, 0x33, 0xB8, 0x51, 0x12, 0x71, 0xC4, 0x87,
    0xDA, 0x09, 0xE3, 0xB9, 0xFF, 0x00, 0x34, 0x2A, 0x68, 0xC2, 0xFC, 0x98, 0xFE, 0xCF, 0x04, 0xD6,
    0x82, 0x1B, 0x02, 0x60, 0x5A, 0x53, 0x76, 0x1C, 0x54, 0x84, 0x5C, 0xFA, 0x0D, 0x6E, 0xE6, 0x28,
    0x6A, 0x42, 0x9C, 0x47, 0x55, 0x9B, 0x7B, 0xE9, 0xEA, 0xB8, 0x16, 0xF5, 0xDD, 0xF3, 0x6E, 0x63,
    0x0F, 0xBB, 0x3B, 0x69, 0x24, 0x4E, 0xC1, 0xBC, 0x90, 0xF4, 0x9D, 0x66, 0x53, 0x54, 0x2E, 0x76,
    0x67, 0x34, 0xDA, 0x3B, 0x8B, 0xF4, 0x37, 0x97, 0xFD, 0x49, 0xDA, 0xDF, 0x94, 0xBF, 0x45, 0x1D,
    0xA2, 0xEE, 0x82, 0xC2, 0x63, 0x68, 0xE2, 0xFE, 0x7B, 0x51, 0x80, 0x71, 0xF3, 0x39, 0xD5, 0xF9,
    0x43, 0x19, 0xFE, 0x02, 0x9D, 0x95, 0x5D, 0x6A, 0x03, 0x31, 0x0C, 0x84, 0x05, 0x7A, 0x0D, 0xE8,
    0x2A, 0x39, 0x40, 0xC0, 0x57, 0x37, 0xE4, 0x00, 0xB9, 0x8A, 0xA1, 0xAF, 0x06, 0x55, 0x33, 0x92,
    0x37, 0xEB, 0x24, 0xA5, 0xA5, 0xA6, 0xF0, 0x35, 0xB6, 0x7E, 0x46, 0xB2, 0x76, 0x57, 0x86, 0xE8,
    0x68, 0x22, 0xF3, 0x0C, 0x75, 0x2F, 0x60, 0x59, 0xA2, 0xF1, 0x6F, 0xB6, 0x4E, 0x93, 0xE6, 0x33,
    0x71, 0xB6, 0x54, 0x9F, 0x80, 0x34, 0x29, 0x60, 0x59, 0xF9, 0x6D, 0xC0, 0xA6, 0xE8, 0x0C, 0x93,
    0x85, 0xD8, 0x3C, 0xD0, 0x12, 0x65, 0x92, 0xF0, 0xC1, 0x4D, 0x4F, 0x93, 0x5B, 0x62, 0x46, 0xFC,
    0x21, 0x94, 0xCD, 0xFF, 0x11, 0x37, 0xB6, 0x53, 0x4E, 0x32, 0x84, 0x86, 0x84, 0xD0, 0x38, 0x6F,
    0x62, 0x3D, 0x1C, 0x83, 0x51, 0x03, 0x84, 0xF6, 0xE6, 0x83, 0x34, 0xFF, 0x1A, 0x3C, 0xF7, 0x2F,
    0x07, 0x97, 0xFF, 0x8A, 0x27, 0xF3, 0x62, 0x88, 0x1F, 0x71, 0x2C, 0x95, 0xF9, 0xA3, 0xC8, 0xF3,
    0xF4, 0x43, 0x7E, 0x5D, 0x44, 0x5C, 0xE8, 0x2A, 0x8E, 0xDC, 0x47, 0xB2, 0xE2, 0x20, 0x1F, 0x77,
    0x6C, 0x45, 0xBE, 0x0E, 0x4A, 0xC8, 0x34, 0xD8, 0x87, 0x4C, 0xAE, 0x42, 0x54, 0xED, 0x15, 0x8F,
    0x5C, 0x7D, 0x56, 0x6E, 0x3A, 0x7C, 0xC8, 0xA8, 0xEB, 0x20, 0x2F, 0xA0, 0xEC, 0x2C, 0x88, 0xFC,
    0x5A, 0xC4, 0x05, 0x2D, 0xD2, 0x35, 0xD9, 0x17, 0x57, 0x6F, 0x17, 0xC3, 0x7F, 0x7E, 0xB0, 0x0F,
    0x5A, 0xB1, 0x45, 0x03, 0x41, 0xDF, 0xE9, 0xD1, 0x18, 0x4A, 0xB3, 0x3B, 0x79, 0xD5, 0xE4, 0x5A,
    0x57, 0xC1, 0x9D, 0x40, 0xB2, 0x58, 0xDE, 0x63, 0xAB, 0xBA, 0x36, 0x1A, 0xA6, 0x2C, 0x0C, 0xA2,
    0xAE, 0xB8, 0x92, 0x0E, 0xB6, 0xD7, 0xFA, 0xAA, 0x2F, 0x0C, 0xAB, 0x9C, 0x33, 0x14, 0x20, 0x07,
    0x11, 0xBC, 0x46, 0x51, 0xDA, 0x0B, 0xB1, 0xDF, 0x65, 0xB7, 0x4F, 0xC6, 0x58, 0x61, 0x8A, 0x5B,
    0x2B, 0xBA, 0xCE, 0x66, 0xA8, 0xCB, 0x46, 0x0B, 0x21, 0x3E, 0x3C, 0x69, 0x68, 0x5A, 0xC7, 0xBD,
    0x87, 0x0D, 0x24, 0xF4, 0x9C, 0xFD, 0x7E, 0xD4, 0xE8, 0x84, 0x26, 0xDA, 0x24, 0x7C, 0x00, 0xE1,
    0x0B, 0x50, 0x7B, 0xF4, 0x69, 0x24, 0xD2, 0x7D, 0xAC, 0x28, 0x9C, 0x19, 0x0C, 0xDB, 0x8E, 0x38,
    0x43, 0x53, 0x9E, 0x60, 0x1B, 0x03, 0x0C, 0xD6, 0x35, 0x81, 0xE4, 0xCF, 0x7C, 0x8D, 0xD9, 0xF1,
    0x5C, 0xB3, 0x8D, 0xC2, 0x46, 0x4C, 0x68, 0xC2, 0x81, 0x8E, 0x7A, 0x6E, 0x6B, 0xD5, 0x8F, 0xD6,
    0x39, 0x19, 0x36, 0x08, 0x8E, 0x77, 0x20, 0x93, 0xCD, 0x8E, 0x8C, 0x9D, 0x35, 0xBD, 0x01, 0x86,
    0x8F, 0x03, 0x2D, 0x11, 0x7D, 0xA0, 0x89, 0x25, 0x5A, 0x22, 0x4E, 0x02, 0xEA, 0xF4, 0xB3, 0x99,
    0xEE, 0x23, 0x91, 0xC1, 0x6E, 0x15, 0xBA, 0x6D, 0xEE, 0x86, 0x52, 0x58, 0x69, 0x42, 0x5D, 0xF6,
    0xF5, 0xB9, 0x86, 0x55, 0xCA, 0xAA, 0x81, 0x90, 0x0D, 0xD1, 0xA5, 0xF1, 0x8E, 0xA1, 0xBF, 0xE2,
    0xA3, 0xDF, 0x72, 0xFF, 0x90, 0x88, 0xB3, 0x75, 0x86, 0xFD, 0xA9, 0x06, 0xDB, 0xEF, 0x61, 0x8F,
    0xA9, 0x7F, 0x17, 0xFF, 0x4F, 0xCB, 0xCA, 0xF0, 0x4C, 0xAB, 0xBE, 0x43, 0x2E, 0x27, 0xF1, 0x97,
    0x1F, 0x2E, 0x60, 0x74, 0x86, 0xD6, 0xCC, 0xA0, 0x91, 0x0A, 0xC1, 0xE2, 0x43, 0x93, 0x40, 0x68,
    0x7E, 0x32, 0xDE, 0xD0, 0xE5, 0x8C, 0xED, 0xCC, 0x12, 0xE5, 0xFE, 0x84, 0x31, 0x51, 0x33, 0x8C,
    0x62, 0x7C, 0x50, 0x30, 0x98, 0x9D, 0xE0, 0x13, 0xFF, 0x22, 0x1E, 0x6F, 0xC4, 0xE3, 0xC1, 0xEB,
    0xF9, 0x2E, 0x8B, 0xD0, 0x85, 0xFB, 0xA0, 0xB2, 0x82, 0x9E, 0xE1, 0x1B, 0xCA, 0x84, 0xAF, 0xC0,
    0xC3, 0x5D, 0x17, 0x78, 0x56, 0x30, 0xC2, 0x3D, 0x7F, 0xF9, 0xFD, 0x1C, 0x45, 0x16, 0xF2, 0x1B,
    0xF2, 0x82, 0x93, 0xC9, 0x37, 0x9D, 0x95, 0x5B, 0xAA, 0x1C, 0x31, 0x0C, 0x44, 0x05, 0xFE, 0x1D,
    0xD0, 0x56, 0x02, 0xF9, 0x1D, 0xF0, 0xD6, 0x0D, 0xBD, 0x80, 0xDE, 0x8A, 0xC1, 0xBF, 0x02, 0xA5,
    0xAA, 0xE4, 0x9E, 0x64, 0x1E, 0x79, 0xDC, 0xF4, 0x9D, 0xCB, 0xA1, 0xFD, 0x92, 0x54, 0x92, 0xD5,
    0x66, 0x76, 0x37, 0xB3, 0x4C, 0x4B, 0xEB, 0xC0, 0xD8, 0x08, 0x20, 0xFA, 0x51, 0x68, 0x53, 0xF0,
    0x8D, 0xCC, 0x8C, 0x88, 0x5E, 0xC8, 0x0D, 0xCD, 0x65, 0xA1, 0xAF, 0x35, 0x89, 0xEF, 0x85, 0x63,
    0x05, 0xE0, 0xC7, 0xDC, 0xC8, 0x42, 0xA7, 0x21, 0x21, 0xB2, 0x2C, 0x6C, 0xD8, 0x6F, 0xD0, 0x53,
    0xF0, 0x8D, 0xB0, 0x5F, 0x9E, 0x50, 0x0C, 0xC6, 0x5F, 0x8E, 0xA6, 0xB7, 0x81, 0x85, 0xB0, 0x6E,
    0x1D, 0x4E, 0x01, 0x79, 0x06, 0x2D, 0xE0, 0xCF, 0xE0, 0x7C, 0x58, 0xCE, 0xF2, 0x3A, 0x52, 0x31,
    0xCC, 0x54, 0x44, 0x23, 0xA2, 0x01, 0xDC, 0xC0, 0x33, 0x1F, 0xD0, 0x92, 0xF0, 0xC2, 0x7E, 0xEB,
    0xA3, 0xCC, 0xB6, 0x11, 0x77, 0xC0, 0x67, 0x40, 0xC5, 0xE9, 0x9C, 0x80, 0x6E, 0x23, 0x1C, 0xC0,
    0x49, 0x18, 0xA0, 0xCD, 0x16, 0xB4, 0x1F, 0x36, 0xC3, 0xBE, 0x65, 0xE8, 0xD8, 0xFE, 0x14, 0x02,
    0xA2, 0xC4, 0xF6, 0x42, 0x6E, 0x4C, 0x79, 0x26, 0x0F, 0x67, 0x69, 0x0D, 0x30, 0x1F, 0x8C, 0xC1,
    0x89, 0x79, 0x73, 0x66, 0x0D, 0x81, 0x14, 0xE0, 0xC0, 0xC8, 0x95, 0x84, 0xD6, 0x27, 0x71, 0x28,
    0xB0, 0x7E, 0x70, 0xF0, 0x5E, 0xE8, 0x5D, 0x83, 0x85, 0xAC, 0xB9, 0x17, 0x0C, 0x80, 0x95, 0x80,
    0x24, 0xD1, 0x7F, 0x3A, 0x8D, 0x68, 0x56, 0x29, 0x31, 0x84, 0x66, 0xCE, 0x9C, 0x3F, 0x3D, 0xC9,
    0xA2, 0xB1, 0xAA, 0x25, 0xE2, 0xE0, 0x8A, 0xCC, 0x33, 0x95, 0x87, 0x0E, 0x81, 0xA8, 0xE7, 0xF0,
    0xC1, 0x7A, 0xE1, 0xD2, 0xB8, 0x94, 0x17, 0x64, 0x06, 0xEA, 0x6D, 0xA4, 0x6B, 0xAE, 0x6F, 0xD4,
    0x20, 0xF6, 0x0A, 0x15, 0x5F, 0x41, 0x16, 0x92, 0xD2, 0xF9, 0xBC, 0x99, 0x42, 0x67, 0xD9, 0x40,
    0xBB, 0x42, 0x47, 0xD0, 0x8C, 0x81, 0x5E, 0x23, 0x86, 0xF5, 0x80, 0x8D, 0x2C, 0xF9, 0xB8, 0x7D,
    0x43, 0x47, 0xD2, 0x03, 0x4A, 0x5D, 0x87, 0x29, 0x17, 0x0A, 0x9A, 0x83, 0x8E, 0xB7, 0xB5, 0x34,
    0x28, 0xEC, 0xC1, 0xC6, 0xB7, 0x69, 0x1B, 0x7B, 0xFB, 0xA5, 0xCB, 0xD3, 0x29, 0x66, 0x4C, 0x5F,
    0x19, 0xCA, 0x57, 0x20, 0x26, 0xDC, 0x9C, 0x77, 0xAC, 0x9A, 0xDB, 0x4B, 0x56, 0x3E, 0x2A, 0x47,
    0xFB, 0xE2, 0x19, 0xB0, 0x5E, 0xF5, 0x75, 0xE1, 0xA7, 0xBD, 0xD9, 0x9F, 0x81, 0x24, 0xD3, 0xC6,
    0x05, 0x6C, 0x7E, 0xC7, 0x57, 0x97, 0x7C, 0x36, 0x44, 0x17, 0xE6, 0x9F, 0xDD, 0x95, 0x2E, 0xAD,
    0x94, 0x78, 0x01, 0x17, 0x08, 0xF1, 0x7F, 0x68, 0x05, 0x47, 0x16, 0xA8, 0x5A, 0x09, 0x88, 0x02,
    0xE5, 0xAD, 0xCB, 0xFA, 0x21, 0x91, 0xCC, 0x11, 0x0B, 0x2C, 0x7A, 0x55, 0xC0, 0x4D, 0x6E, 0x8D,
    0x47, 0x0A, 0x5F, 0x1E, 0x63, 0x54, 0xDD, 0x36, 0x7A, 0xAA, 0xFE, 0x5F, 0x40, 0x17, 0x00, 0x3F,
    0x0A, 0xEB, 0x9F, 0x71, 0x7C, 0x80, 0xDA, 0x4B, 0x75, 0x0F, 0x35, 0x89, 0x01, 0x78, 0x74, 0xF6,
    0x47, 0x5C, 0x7B, 0xE8, 0xD9, 0xD0, 0x02, 0xB3, 0xB3, 0xEB, 0xB0, 0x21, 0xDA, 0x54, 0x8F, 0x97,
    0x86, 0x97, 0xB2, 0xBB, 0x62, 0x2A, 0x60, 0x39, 0xBE, 0x6F, 0x6D, 0xAF, 0x5E, 0x63, 0xFA, 0x0A,
    0x64, 0x7C, 0x62, 0xD0, 0x8D, 0xEB, 0xF3, 0xF0, 0x77, 0xDE, 0x36, 0x43, 0x6C, 0x4C, 0x38, 0xC3,
    0x60, 0xFF, 0x14, 0xF9, 0x7D, 0x29, 0x1F, 0xF2, 0xBE, 0xCB, 0x95, 0xEA, 0x4B, 0xFF, 0xAA, 0x04,
    0x76, 0x7C, 0x25, 0x48, 0xD1, 0x78, 0xB5, 0x48, 0x6B, 0xF8, 0xBF, 0xE1, 0x1E, 0x38, 0xAF, 0xFD,
    0x85, 0xF3, 0xC2, 0xE0, 0x75, 0x04, 0x5C, 0x38, 0x59, 0xA0, 0x6F, 0x40, 0x1F, 0x12, 0xA6, 0xB0,
    0xBE, 0x82, 0xBE, 0xE1, 0x0F, 0x9C, 0x6C, 0xC8, 0xCE, 0x6F, 0x0E, 0x81, 0xFE, 0x46, 0xE0, 0x9B,
    0x80, 0xAB, 0x7A, 0xAA, 0xF7, 0x3B, 0xBB, 0xE0, 0xDD, 0x1C, 0x91, 0xDE, 0xF7, 0xB5, 0xFD, 0x01,
    0xA5, 0x95, 0x41, 0x8A, 0xE4, 0x30, 0x0C, 0x45, 0x05, 0xDA, 0x16, 0xF8, 0x2A, 0x73, 0x80, 0x80,
    0xAE, 0x6E, 0xC8, 0x76, 0x20, 0x57, 0x31, 0x64, 0x2B, 0x50, 0xEB, 0x7F, 0xD9, 0xA9, 0x24, 0x0C,
    0xBD, 0x99, 0x22, 0x5D, 0xAF, 0xDA, 0x65, 0x27, 0xD2, 0xD7, 0x97, 0xCA, 0x22, 0x2C, 0x22, 0x04,
    0x6F, 0x77, 0x8A, 0x84, 0xE8, 0x48, 0xA8, 0x93, 0x2D, 0x46, 0x8B, 0xF0, 0x8B, 0x1A, 0x9D, 0x14,
    0x1B, 0xAD, 0x8B, 0xE3, 0x5C, 0xDB, 0x87, 0x0B, 0x0E, 0xDF, 0x99, 0xEB, 0x07, 0x28, 0xD6, 0x5E,
    0xB4, 0xF6, 0xA4, 0x5C, 0x3C, 0x16, 0x3B, 0x29, 0x76, 0x08, 0x19, 0xD6, 0xB9, 0x1E, 0x0D, 0x71,
    0x48, 0xB8, 0x06, 0xD9, 0x85, 0xDC, 0x04, 0xD7, 0x7A, 0x31, 0xF8, 0x2F, 0x75, 0x1F, 0x8A, 0xBC,
    0xF4, 0x8C, 0xF3, 0xC5, 0x91, 0xE1, 0x27, 0x07, 0x52, 0x05, 0x95, 0xF9, 0x4D, 0x42, 0x8F, 0x21,
    0x93, 0xFE, 0x65, 0xDE, 0x57, 0xC1, 0xDC, 0xB7, 0x4F, 0x72, 0xBD, 0x9D, 0x67, 0x71, 0x3F, 0xCF,
    0x62, 0x90, 0xA6, 0x81, 0x05, 0x70, 0x07, 0x3F, 0x1A, 0x0A, 0xA6, 0x90, 0xB8, 0x52, 0x60, 0xE4,
    0x94, 0xF9, 0xE5, 0xD3, 0xEC, 0xE0, 0xE7, 0x16, 0xF9, 0x85, 0x39, 0xAE, 0xCC, 0xAF, 0xE3, 0xB2,
    0x6F, 0x7A, 0x29, 0x2F, 0xE3, 0x4F, 0x7D, 0x1F, 0xCC, 0x72, 0x20, 0xE5, 0xFC, 0x7F, 0x71, 0x67,
    0x3E, 0xA3, 0x3D, 0x89, 0xF2, 0xC8, 0x24, 0xF2, 0x41, 0xEA, 0x37, 0x22, 0xCF, 0x73, 0x7C, 0x29,
    0x6D, 0x30, 0x5E, 0x8D, 0x37, 0xA1, 0x23, 0x39, 0x10, 0xBF, 0x22, 0xFE, 0xFC, 0x4B, 0x9F, 0x64,
    0x86, 0xF4, 0x4B, 0xC5, 0x9F, 0x44, 0xFC, 0x76, 0x4C, 0x9F, 0x69, 0x71, 0x3A, 0x4E, 0x3E, 0x2B,
    0x31, 0x3C, 0xAA, 0x7F, 0xA9, 0xB4, 0x12, 0x3D, 0x58, 0x0C, 0xF7, 0xB6, 0xF3, 0x79, 0x64, 0x0B,
    0xE7, 0x7A, 0xEB, 0x17, 0x79, 0xCE, 0x32, 0x3B, 0xB2, 0x9E, 0xD3, 0xCB, 0xD6, 0xD1, 0x37, 0xD7,
    0xF2, 0x37, 0xEF, 0x3B, 0xFE, 0xC5, 0xBC, 0xEF, 0x6F, 0x74, 0xC7, 0xBD, 0xD3, 0x7D, 0x8B, 0x83,
    0xE7, 0xD8, 0x0F, 0xC8, 0x3F, 0x23, 0xCC, 0x8C, 0xD5, 0x53, 0x0D, 0xD4, 0xB6, 0xC3, 0x55, 0xD0,
    0x55, 0x67, 0xE1, 0xF2, 0x42, 0x5C, 0x59, 0x4F, 0xB4, 0x55, 0xAA, 0x35, 0x98, 0x65, 0x2E, 0x54,
    0x88, 0xFE, 0x04, 0xBF, 0x14, 0x99, 0x98, 0xAA, 0xBD, 0xE0, 0xD5, 0xAE, 0x13, 0xBF, 0x6D, 0xF9,
    0xBF, 0xE3, 0xAB, 0x9F, 0x0C, 0x42, 0xBF, 0x68, 0x5E, 0xD5, 0xE3, 0xEC, 0x10, 0xA8, 0x8C, 0xEC,
    0xBC, 0xB9, 0xA1, 0x10, 0xF9, 0x0E, 0x83, 0xEF, 0x83, 0xA2, 0xC0, 0x82, 0x28, 0x46, 0x36, 0xC9,
    0x62, 0x7E, 0x38, 0x84, 0x02, 0xA3, 0x17, 0x92, 0x10, 0x29, 0x15, 0x3D, 0x74, 0x18, 0xB9, 0x17,
    0x71, 0x0B, 0x4C, 0x83, 0x1A, 0x16, 0x59, 0xDE, 0x69, 0x42, 0xCD, 0xF6, 0x83, 0x80, 0x45, 0x37,
    0xED, 0x59, 0xFD, 0x0D, 0x31, 0xD3, 0x4D, 0x35, 0xE4, 0x24, 0x16, 0x7D, 0x72, 0xC8, 0xF3, 0x75,
    0xD7, 0x9A, 0xD5, 0xC1, 0xD9, 0x2A, 0xC3, 0x13, 0x5E, 0x16, 0x75, 0xE3, 0x5E, 0x4F, 0xB7, 0x03,
    0x2D, 0x08, 0x9D, 0x5B, 0xB6, 0x32, 0x14, 0x26, 0xD4, 0xB2, 0x00, 0x13, 0x1F, 0x2F, 0xDC, 0xE6,
    0x54, 0x1B, 0x5C, 0x7B, 0xA3, 0xBE, 0xEB, 0x37, 0x58, 0x3C, 0x21, 0x57, 0x85, 0x88, 0x56, 0xEE,
    0x59, 0xE8, 0x39, 0x76, 0x31, 0x41, 0x90, 0x7F, 0xAF, 0x5E, 0xE1, 0x20, 0xD0, 0x31, 0x77, 0xF6,
    0x17, 0xFE, 0xFA, 0xDC, 0x69, 0x5A, 0xF5, 0xC3, 0x01, 0x76, 0x51, 0xE2, 0x74, 0x16, 0x69, 0xD6,
    0x8E, 0x0E, 0x41, 0x29, 0x77, 0x60, 0x18, 0xBA, 0x9B, 0x8B, 0xBE, 0x50, 0x8D, 0x6D, 0x9C, 0x25,
    0x1E, 0xD7, 0x48, 0xC1, 0xB0, 0xD8, 0x0A, 0xF7, 0x1A, 0x70, 0x28, 0xA6, 0x80, 0xEC, 0xA6, 0x49,
    0xFE, 0xA4, 0xA4, 0x29, 0xF2, 0xBC, 0xD4, 0xB4, 0xC9, 0x7E, 0x5C, 0xB4, 0xC9, 0x3F, 0xD3, 0xAE,
    0x81, 0xFD, 0x37, 0xFB, 0x7E, 0x09, 0x95, 0xB5, 0xEE, 0xCF, 0x82, 0xE1, 0x27, 0xEC, 0x62, 0x54,
    0x15, 0x8A, 0x67, 0x4A, 0x07, 0x59, 0x53, 0xBB, 0x14, 0x6E, 0xB1, 0xC1, 0xE8, 0x47, 0xEE, 0x39,
    0xB6, 0x61, 0xDC, 0xBB, 0x39, 0xA7, 0xDC, 0x81, 0x16, 0x08, 0x10, 0xD3, 0x2E, 0xD5, 0x36, 0x74,
    0x76, 0xF2, 0x83, 0xC1, 0xCD, 0xB4, 0x50, 0xA7, 0x1F, 0x8D, 0xD0, 0xD1, 0x0D, 0xC3, 0x30, 0x08,
    0x04, 0x50, 0x24, 0x0F, 0xC0, 0x48, 0xAC, 0xCE, 0x06, 0x5E, 0xC5, 0x03, 0x20, 0x5D, 0x0E, 0x70,
    0xD4, 0xB8, 0xE9, 0x47, 0xF9, 0xF0, 0x53, 0x84, 0xCF, 0x26, 0x16, 0xB9, 0x2B, 0x1A, 0x7C, 0x30,
    0x64, 0xC5, 0x89, 0xE8, 0x12, 0x73, 0x91, 0x01, 0x81, 0xE7, 0xC6, 0x59, 0x09, 0x43, 0xE5, 0x15,
    0x4B, 0xB2, 0x07, 0xDA, 0x81, 0xCA, 0x58, 0xC6, 0x9D, 0xDD, 0x50, 0xC6, 0x95, 0xB9, 0x7F, 0xF0,
    0xC2, 0x1A, 0x14, 0xBC, 0xB5, 0x88, 0x42, 0x56, 0x73, 0xFE, 0x03, 0xBE, 0xE0, 0x04, 0x6F, 0x1E,
    0x5B, 0xF6, 0x90, 0x27, 0xFB, 0x40, 0x9E, 0x0E, 0x2E, 0x24, 0x9E, 0x8C, 0x4D, 0xF7, 0x14, 0xB9,
    0xB8, 0xCD, 0x48, 0x30, 0x40, 0x66, 0xF0, 0x65, 0x3C, 0x9F, 0xC3, 0xC8, 0xE4, 0xC8, 0xF9, 0x95,
    0xF5, 0x9B, 0x0B, 0x63, 0xF8, 0xFF, 0xC7, 0xFE, 0x03, 0x33, 0x88, 0xE0, 0x47, 0x10, 0x7F, 0x18,
    0x18, 0x18, 0xFE, 0x83, 0x58, 0x68, 0x04, 0x50, 0x82, 0x6C, 0x82, 0x01, 0xBB, 0x45, 0x18, 0x76,
    0x90, 0x6C, 0xD1, 0x7F, 0x14, 0x82, 0xFF, 0x3F, 0x00, 0x6D, 0x90, 0xEB, 0x09, 0x04, 0x31, 0x08,
    0x84, 0x85, 0xFC, 0x3D, 0xB0, 0x95, 0x2D, 0xE0, 0x20, 0xAD, 0x5B, 0x92, 0x05, 0x08, 0xDE, 0xA7,
    0xD9, 0x17, 0xBB, 0xE7, 0x28, 0x24, 0x33, 0xA3, 0x98, 0xA4, 0xA5, 0xFC, 0xC7, 0x04, 0x15, 0x9F,
    0xBA, 0x19, 0xE0, 0x44, 0x4C, 0xC9, 0x11, 0xC3, 0xD5, 0xA7, 0x81, 0x76, 0xC6, 0x03, 0x7B, 0xB7,
    0xA9, 0xA9, 0xE3, 0x2D, 0xE2, 0xDB, 0x9D, 0x70, 0x95, 0xEA, 0x02, 0x49, 0x22, 0x54, 0x9E, 0x42,
    0x69, 0xB7, 0xDC, 0xC9, 0x36, 0xB4, 0x73, 0x75, 0xD1, 0x7E, 0x29, 0x0E, 0x62, 0x86, 0xC6, 0x5A,
    0xAA, 0xD6, 0xDC, 0x6A, 0x47, 0x5B, 0x2B, 0xBF, 0xE3, 0xA6, 0x25, 0xB3, 0x92, 0x55, 0x33, 0x79,
    0x4A, 0x9A, 0x32, 0x4D, 0x6A, 0x7A, 0x17, 0xF3, 0x71, 0xCA, 0xC0, 0xA7, 0x71, 0x51, 0x47, 0x1D,
    0xA1, 0x72, 0x5A, 0xBB, 0xEA, 0xCC, 0x3F, 0xFD, 0x00,
};

static const EpdGlyph geist_14_boldGlyphs[] = {
    { 0, 0, 106, 0, 0, 0, 0 }, // U+0020
    { 5, 21, 120, 2, 21, 27, 0 }, // !
    { 9, 8, 182, 1, 21, 18, 27 }, // "
    { 17, 21, 275, 0, 21, 90, 45 }, // #
    { 17, 26, 313, 1, 24, 111, 135 }, // $
    { 22, 21, 385, 1, 21, 116, 246 }, // %
    { 20, 21, 330, 1, 21, 105, 362 }, // &
    { 3, 8, 95, 1, 21, 6, 467 }, // '
    { 9, 25, 151, 1, 22, 57, 473 }, // (
    { 9, 25, 151, 0, 22, 57, 530 }, // )
    { 10, 12, 197, 1, 22, 30, 587 }, // *
    { 14, 14, 266, 1, 16, 49, 617 }, // +
    { 5, 8, 110, 1, 4, 10, 666 }, // ,
    { 10, 4, 195, 1, 11, 10, 676 }, // -
    { 5, 4, 110, 1, 4, 5, 686 }, // .
    { 14, 25, 244, 0, 22, 88, 691 }, // /
    { 18, 21, 323, 1, 21, 95, 779 }, // 0
    { 10, 21, 210, 1, 21, 53, 874 }, // 1
    { 16, 21, 305, 2, 21, 84, 927 }, // 2
    { 16, 21, 303, 1, 21, 84, 1011 }, // 3
    { 17, 21, 306, 1, 21, 90, 1095 }, // 4
    { 17, 21, 313, 1, 21, 90, 1185 }, // 5
    { 16, 21, 293, 1, 21, 84, 1275 }, // 6
    { 15, 21, 254, 1, 21, 79, 1359 }, // 7
    { 18, 21, 310, 1, 21, 95, 1438 }, // 8
    { 16, 21, 295, 1, 21, 84, 1533 }, // 9
    { 5, 15, 145, 2, 15, 19, 1617 }, // :
    { 5, 19, 145, 2, 15, 24, 1636 }, // ;
    { 14, 17, 257, 1, 17, 60, 1660 }, // <
    { 14, 10, 258, 1, 13, 35, 1720 }, // =
    { 14, 17, 257, 1, 17, 60, 0 }, // >
    { 15, 21, 276, 1, 21, 79, 60 }, // ?
    { 26, 25, 449, 1, 21, 163, 139 }, // @
    { 21, 21, 341, 0, 21, 111, 302 }, // A
    { 17, 21, 328, 2, 21, 90, 413 }, // B
    { 20, 21, 343, 1, 21, 105, 503 }, // C
    { 18, 21, 334, 2, 21, 95, 608 }, // D
    { 15, 21, 290, 2, 21, 79, 703 }, // E
    { 15, 21, 282, 2, 21, 79, 782 }, // F
    { 19, 21, 344, 1, 21, 100, 861 }, // G
    { 17, 21, 337, 2, 21, 90, 961 }, // H
    { 5, 21, 140, 2, 21, 27, 1051 }, // I
    { 15, 21, 293, 1, 21, 79, 1078 }, // J
    { 18, 21, 322, 2, 21, 95, 1157 }, // K
    { 14, 21, 275, 2, 21, 74, 1252 }, // L
    { 23, 21, 427, 2, 21, 121, 1326 }, // M
    { 18, 21, 350, 2, 21, 95, 1447 }, // N
    { 20, 21, 362, 1, 21, 105, 1542 }, // O
    { 16, 21, 314, 2, 21, 84, 1647 }, // P
    { 20, 23, 359, 1, 21, 115, 1731 }, // Q
    { 17, 21, 325, 2, 21, 90, 0 }, // R
    { 18, 21, 318, 1, 21, 95, 90 }, // S
    { 17, 21, 280, 1, 21, 90, 185 }, // T
    { 17, 21, 328, 2, 21, 90, 275 }, // U
    { 21, 21, 341, 0, 21, 111, 365 }, // V
    { 28, 21, 474, 1, 21, 147, 476 }, // W
    { 20, 21, 321, 0, 21, 105, 623 }, // X
    { 20, 21, 295, -1, 21, 105, 728 }, // Y
    { 16, 21, 277, 1, 21, 84, 833 }, // Z
    { 9, 25, 182, 2, 22, 57, 917 }, // [
    { 14, 25, 234, 0, 22, 88, 974 }, // <backslash>
    { 10, 25, 182, 0, 22, 63, 1062 }, // ]
    { 12, 9, 215, 1, 20, 27, 1125 }, // ^
    { 14, 4, 262, 1, 0, 14, 1152 }, // _
    { 7, 4, 130, 1, 21, 7, 1166 }, // `
    { 16, 16, 277, 1, 16, 64, 1173 }, // a
    { 16, 21, 296, 2, 21, 84, 1237 }, // b
    { 16, 16, 279, 1, 16, 64, 1321 }, // c
    { 16, 21, 296, 1, 21, 84, 1385 }, // d
    { 16, 16, 282, 1, 16, 64, 1469 }, // e
    { 11, 21, 209, 1, 21, 58, 1533 }, // f
    { 16, 20, 296, 1, 16, 80, 1591 }, // g
    { 14, 21, 285, 2, 21, 74, 1671 }, // h
    { 6, 22, 131, 1, 22, 33, 1745 }, // i
    { 9, 26, 154, 0, 22, 59, 1778 }, // j
    { 16, 21, 302, 2, 21, 84, 0 }, // k
    { 7, 21, 146, 2, 21, 37, 84 }, // l
    { 23, 16, 420, 2, 16, 92, 121 }, // m
    { 14, 16, 285, 2, 16, 56, 213 }, // n
    { 16, 16, 288, 1, 16, 64, 269 }, // o
    { 16, 20, 296, 2, 16, 80, 333 }, // p
    { 16, 20, 296, 1, 16, 80, 413 }, // q
    { 10, 16, 198, 2, 16, 40, 493 }, // r
    { 16, 16, 266, 1, 16, 64, 533 }, // s
    { 11, 20, 208, 1, 20, 55, 597 }, // t
    { 14, 16, 283, 2, 16, 56, 652 }, // u
    { 18, 16, 284, 0, 16, 72, 708 }, // v
    { 25, 16, 396, 0, 16, 100, 780 }, // w
    { 17, 16, 303, 1, 16, 68, 880 }, // x
    { 17, 20, 274, 0, 16, 85, 948 }, // y
    { 14, 16, 272, 1, 16, 56, 1033 }, // z
    { 11, 26, 190, 1, 22, 72, 1089 }, // {
    { 5, 25, 137, 2, 22, 32, 1161 }, // |
    { 11, 26, 190, 0, 22, 72, 1193 }, // }
    { 13, 5, 244, 1, 12, 17, 1265 }, // ~
    { 0, 0, 106, 0, 0, 0, 0 }, // U+00A0
    { 5, 20, 120, 1, 16, 25, 0 }, // U+00A1
    { 16, 21, 279, 1, 21, 84, 25 }, // U+00A2
    { 17, 21, 302, 2, 21, 90, 109 }, // U+00A3
    { 17, 17, 295, 1, 19, 73, 199 }, // U+00A4
    { 20, 21, 295, -1, 21, 105, 272 }, // U+00A5
    { 5, 25, 137, 2, 22, 32, 377 }, // U+00A6
    { 16, 24, 283, 1, 21, 96, 409 }, // U+00A7
    { 11, 4, 202, 1, 22, 11, 505 }, // U+00A8
    { 22, 22, 384, 1, 22, 121, 516 }, // U+00A9
    { 11, 11, 202, 1, 21, 31, 637 }, // U+00AA
    { 17, 12, 301, 1, 14, 51, 668 }, // U+00AB
    { 13, 9, 239, 1, 11, 30, 719 }, // U+00AC
    { 17, 17, 303, 1, 22, 73, 749 }, // U+00AE
    { 9, 4, 174, 1, 22, 9, 822 }, // U+00AF
    { 10, 11, 200, 1, 22, 28, 831 }, // U+00B0
    { 14, 17, 257, 1, 17, 60, 859 }, // U+00B1
    { 10, 12, 174, 0, 21, 30, 919 }, // U+00B2
    { 9, 12, 172, 1, 21, 27, 949 }, // U+00B3
    { 7, 4, 130, 1, 21, 7, 976 }, // U+00B4
    { 14, 20, 283, 2, 16, 70, 983 }, // U+00B5
    { 16, 21, 309, 1, 21, 84, 1053 }, // U+00B6
    { 5, 4, 110, 1, 11, 5, 1137 }, // U+00B7
    { 9, 8, 153, 0, 1, 18, 1142 }, // U+00B8
    { 6, 12, 132, 1, 21, 18, 1160 }, // U+00B9
    { 10, 10, 208, 1, 21, 25, 1178 }, // U+00BA
    { 17, 12, 306, 1, 14, 51, 1203 }, // U+00BB
    { 22, 20, 369, 1, 20, 110, 1254 }, // U+00BC
    { 23, 20, 395, 1, 20, 115, 1364 }, // U+00BD
    { 24, 21, 396, 1, 21, 126, 1479 }, // U+00BE
    { 16, 21, 276, 1, 17, 84, 1605 }, // U+00BF
    { 21, 26, 341, 0, 26, 137, 1689 }, // U+00C0
    { 21, 26, 341, 0, 26, 137, 0 }, // U+00C1
    { 21, 26, 341, 0, 26, 137, 137 }, // U+00C2
    { 21, 27, 341, 0, 27, 142, 274 }, // U+00C3
    { 21, 26, 341, 0, 26, 137, 416 }, // U+00C4
    { 21, 28, 344, 0, 28, 147, 553 }, // U+00C5
    { 29, 21, 486, 0, 21, 153, 700 }, // U+00C6
    { 19, 28, 343, 1, 21, 133, 853 }, // U+00C7
    { 15, 26, 290, 2, 26, 98, 986 }, // U+00C8
    { 15, 26, 290, 2, 26, 98, 1084 }, // U+00C9
    { 15, 26, 290, 2, 26, 98, 1182 }, // U+00CA
    { 15, 26, 290, 2, 26, 98, 1280 }, // U+00CB
    { 7, 26, 140, 0, 26, 46, 1378 }, // U+00CC
    { 7, 26, 140, 2, 26, 46, 1424 }, // U+00CD
    { 11, 26, 140, -1, 26, 72, 1470 }, // U+00CE
    { 11, 26, 140, -1, 26, 72, 1542 }, // U+00CF
    { 20, 21, 334, 1, 21, 105, 1614 }, // U+00D0
    { 18, 27, 350, 2, 27, 122, 1719 }, // U+00D1
    { 20, 26, 362, 1, 26, 130, 0 }, // U+00D2
    { 20, 26, 362, 1, 26, 130, 130 }, // U+00D3
    { 20, 26, 362, 1, 26, 130, 260 }, // U+00D4
    { 20, 27, 362, 1, 27, 135, 390 }, // U+00D5
    { 20, 27, 362, 1, 27, 135, 525 }, // U+00D6
    { 14, 15, 252, 1, 16, 53, 660 }, // U+00D7
    { 20, 21, 362, 1, 21, 105, 713 }, // U+00D8
    { 17, 26, 328, 2, 26, 111, 818 }, // U+00D9
    { 17, 26, 328, 2, 26, 111, 929 }, // U+00DA
    { 17, 26, 328, 2, 26, 111, 1040 }, // U+00DB
    { 17, 27, 328, 2, 27, 115, 1151 }, // U+00DC
    { 20, 26, 295, -1, 26, 130, 1266 }, // U+00DD
    { 16, 21, 300, 2, 21, 84, 1396 }, // U+00DE
    { 17, 21, 306, 2, 21, 90, 1480 }, // U+00DF
    { 16, 21, 277, 1, 21, 84, 1570 }, // U+00E0
    { 16, 21, 277, 1, 21, 84, 1654 }, // U+00E1
    { 16, 21, 277, 1, 21, 84, 1738 }, // U+00E2
    { 16, 22, 277, 1, 22, 88, 1822 }, // U+00E3
    { 16, 21, 277, 1, 21, 84, 0 }, // U+00E4
    { 16, 23, 277, 1, 23, 92, 84 }, // U+00E5
    { 26, 16, 448, 1, 16, 104, 176 }, // U+00E6
    { 16, 23, 279, 1, 16, 92, 280 }, // U+00E7
    { 16, 21, 282, 1, 21, 84, 372 }, // U+00E8
    { 16, 21, 282, 1, 21, 84, 456 }, // U+00E9
    { 16, 21, 282, 1, 21, 84, 540 }, // U+00EA
    { 16, 21, 282, 1, 21, 84, 624 }, // U+00EB
    { 7, 21, 131, 0, 21, 37, 708 }, // U+00EC
    { 6, 21, 131, 2, 21, 32, 745 }, // U+00ED
    { 10, 21, 131, -1, 21, 53, 777 }, // U+00EE
    { 7, 21, 131, 1, 21, 37, 830 }, // U+00EF
    { 16, 22, 288, 1, 22, 88, 867 }, // U+00F0
    { 14, 22, 285, 2, 22, 77, 955 }, // U+00F1
    { 16, 21, 288, 1, 21, 84, 1032 }, // U+00F2
    { 16, 21, 288, 1, 21, 84, 1116 }, // U+00F3
    { 16, 21, 288, 1, 21, 84, 1200 }, // U+00F4
    { 16, 22, 288, 1, 22, 88, 1284 }, // U+00F5
    { 16, 21, 288, 1, 21, 84, 1372 }, // U+00F6
    { 14, 16, 263, 1, 16, 56, 1456 }, // U+00F7
    { 16, 16, 288, 1, 16, 64, 1512 }, // U+00F8
    { 14, 21, 283, 2, 21, 74, 1576 }, // U+00F9
    { 14, 21, 283, 2, 21, 74, 1650 }, // U+00FA
    { 14, 21, 283, 2, 21, 74, 1724 }, // U+00FB
    { 14, 21, 283, 2, 21, 74, 1798 }, // U+00FC
    { 17, 25, 274, 0, 21, 107, 0 }, // U+00FD
    { 15, 25, 291, 2, 21, 94, 107 }, // U+00FE
    { 17, 25, 274, 0, 21, 107, 201 }, // U+00FF
    { 21, 26, 341, 0, 26, 137, 0 }, // U+0100
    { 16, 21, 277, 1, 21, 84, 137 }, // U+0101
    { 21, 27, 341, 0, 27, 142, 221 }, // U+0102
    { 16, 22, 277, 1, 22, 88, 363 }, // U+0103
    { 22, 28, 341, 0, 21, 154, 451 }, // U+0104
    { 18, 22, 277, 1, 16, 99, 605 }, // U+0105
    { 19, 26, 343, 1, 26, 124, 704 }, // U+0106
    { 16, 21, 279, 1, 21, 84, 828 }, // U+0107
    { 19, 26, 343, 1, 26, 124, 912 }, // U+0108
    { 16, 21, 279, 1, 21, 84, 1036 }, // U+0109
    { 20, 27, 343, 1, 27, 135, 1120 }, // U+010A
    { 16, 21, 279, 1, 21, 84, 1255 }, // U+010B
    { 20, 27, 343, 1, 27, 135, 1339 }, // U+010C
    { 16, 22, 279, 1, 22, 88, 1474 }, // U+010D
    { 18, 27, 334, 2, 27, 122, 1562 }, // U+010E
    { 22, 21, 346, 1, 21, 116, 1684 }, // U+010F
    { 20, 21, 334, 1, 21, 105, 1800 }, // U+0110
    { 18, 21, 296, 1, 21, 95, 0 }, // U+0111
    { 15, 26, 290, 2, 26, 98, 95 }, // U+0112
    { 16, 21, 282, 1, 21, 84, 193 }, // U+0113
    { 15, 26, 290, 2, 26, 98, 277 }, // U+0116
    { 16, 21, 282, 1, 21, 84, 375 }, // U+0117
    { 16, 28, 290, 2, 21, 112, 459 }, // U+0118
    { 16, 22, 282, 1, 16, 88, 571 }, // U+0119
    { 15, 27, 290, 2, 27, 102, 659 }, // U+011A
    { 16, 22, 282, 1, 22, 88, 761 }, // U+011B
    { 19, 26, 344, 1, 26, 124, 849 }, // U+011C
    { 16, 25, 296, 1, 21, 100, 973 }, // U+011D
    { 19, 27, 344, 1, 27, 129, 1073 }, // U+011E
    { 16, 26, 296, 1, 22, 104, 1202 }, // U+011F
    { 19, 27, 344, 1, 27, 129, 1306 }, // U+0120
    { 16, 25, 296, 1, 21, 100, 1435 }, // U+0121
    { 19, 28, 344, 1, 21, 133, 1535 }, // U+0122
    { 16, 28, 296, 1, 24, 112, 1668 }, // U+0123
    { 17, 26, 337, 2, 26, 111, 1780 }, // U+0124
    { 17, 25, 285, -1, 25, 107, 0 }, // U+0125
    { 21, 21, 337, 1, 21, 111, 107 }, // U+0126
    { 16, 21, 285, 0, 21, 84, 218 }, // U+0127
    { 11, 27, 140, -1, 27, 75, 302 }, // U+0128
    { 10, 22, 131, -1, 22, 55, 377 }, // U+0129
    { 9, 26, 140, 1, 26, 59, 432 }, // U+012A
    { 9, 21, 131, 0, 21, 48, 491 }, // U+012B
    { 7, 28, 140, 1, 21, 49, 539 }, // U+012E
    { 7, 28, 131, 1, 21, 49, 588 }, // U+012F
    { 5, 26, 140, 2, 26, 33, 637 }, // U+0130
    { 5, 16, 131, 2, 16, 20, 670 }, // U+0131
    { 23, 21, 426, 2, 21, 121, 690 }, // U+0132
    { 14, 25, 273, 2, 21, 88, 811 }, // U+0133
    { 19, 26, 293, 1, 26, 124, 899 }, // U+0134
    { 11, 25, 154, 0, 21, 69, 1023 }, // U+0135
    { 18, 28, 322, 2, 21, 126, 1092 }, // U+0136
    { 16, 28, 302, 2, 21, 112, 1218 }, // U+0137
    { 14, 26, 275, 2, 26, 91, 1330 }, // U+0139
    { 7, 25, 146, 2, 25, 44, 1421 }, // U+013A
    { 14, 28, 275, 2, 21, 98, 1465 }, // U+013B
    { 7, 28, 146, 2, 21, 49, 1563 }, // U+013C
    { 14, 21, 275, 2, 21, 74, 1612 }, // U+013D
    { 11, 21, 182, 2, 21, 58, 1686 }, // U+013E
    { 16, 21, 275, 1, 21, 84, 0 }, // U+0141
    { 9, 21, 146, 1, 21, 48, 84 }, // U+0142
    { 18, 26, 350, 2, 26, 117, 132 }, // U+0143
    { 14, 21, 285, 2, 21, 74, 249 }, // U+0144
    { 18, 28, 350, 2, 21, 126, 323 }, // U+0145
    { 14, 23, 285, 2, 16, 81, 449 }, // U+0146
    { 18, 27, 350, 2, 27, 122, 530 }, // U+0147
    { 14, 21, 285, 2, 21, 74, 652 }, // U+0148
    { 18, 25, 350, 2, 21, 113, 726 }, // U+014A
    { 14, 20, 285, 2, 16, 70, 839 }, // U+014B
    { 20, 27, 362, 1, 27, 135, 909 }, // U+014C
    { 16, 21, 288, 1, 21, 84, 1044 }, // U+014D
    { 20, 27, 362, 1, 27, 135, 1128 }, // U+0150
    { 16, 22, 288, 1, 22, 88, 1263 }, // U+0151
    { 30, 21, 523, 1, 21, 158, 1351 }, // U+0152
    { 27, 16, 466, 1, 16, 108, 1509 }, // U+0153
    { 17, 26, 325, 2, 26, 111, 1617 }, // U+0154
    { 10, 21, 198, 2, 21, 53, 1728 }, // U+0155
    { 17, 28, 325, 2, 21, 119, 0 }, // U+0156
    { 11, 23, 198, 1, 16, 64, 119 }, // U+0157
    { 17, 27, 325, 2, 27, 115, 183 }, // U+0158
    { 11, 21, 198, 1, 21, 58, 298 }, // U+0159
    { 18, 26, 318, 1, 26, 117, 356 }, // U+015A
    { 15, 21, 266, 1, 21, 79, 473 }, // U+015B
    { 18, 26, 318, 1, 26, 117, 552 }, // U+015C
    { 15, 21, 266, 1, 21, 79, 669 }, // U+015D
    { 18, 28, 318, 1, 21, 126, 748 }, // U+015E
    { 16, 23, 266, 1, 16, 92, 874 }, // U+015F
    { 18, 27, 318, 1, 27, 122, 966 }, // U+0160
    { 16, 22, 266, 1, 22, 88, 1088 }, // U+0161
    { 17, 28, 280, 1, 21, 119, 1176 }, // U+0162
    { 11, 27, 208, 1, 20, 75, 1295 }, // U+0163
    { 17, 27, 280, 1, 27, 115, 1370 }, // U+0164
    { 13, 23, 210, 1, 23, 75, 1485 }, // U+0165
    { 17, 21, 280, 1, 21, 90, 1560 }, // U+0166
    { 11, 20, 208, 1, 20, 55, 1650 }, // U+0167
    { 17, 27, 328, 2, 27, 115, 1705 }, // U+0168
    { 14, 22, 284, 2, 22, 77, 0 }, // U+0169
    { 17, 27, 328, 2, 27, 115, 77 }, // U+016A
    { 14, 21, 283, 2, 21, 74, 192 }, // U+016B
    { 17, 27, 328, 2, 27, 115, 266 }, // U+016C
    { 14, 22, 283, 2, 22, 77, 381 }, // U+016D
    { 17, 28, 328, 2, 28, 119, 458 }, // U+016E
    { 14, 23, 283, 2, 23, 81, 577 }, // U+016F
    { 17, 27, 328, 2, 27, 115, 658 }, // U+0170
    { 14, 22, 283, 2, 22, 77, 773 }, // U+0171
    { 17, 27, 328, 2, 21, 115, 850 }, // U+0172
    { 16, 22, 283, 2, 16, 88, 965 }, // U+0173
    { 28, 26, 474, 1, 26, 182, 1053 }, // U+0174
    { 25, 21, 396, 0, 21, 132, 1235 }, // U+0175
    { 20, 26, 295, -1, 26, 130, 1367 }, // U+0176
    { 17, 25, 274, 0, 21, 107, 1497 }, // U+0177
    { 20, 26, 295, -1, 26, 130, 1604 }, // U+0178
    { 16, 26, 277, 1, 26, 104, 1734 }, // U+0179
    { 14, 21, 272, 1, 21, 74, 0 }, // U+017A
    { 16, 26, 277, 1, 26, 104, 74 }, // U+017B
    { 14, 21, 272, 1, 21, 74, 178 }, // U+017C
    { 16, 27, 277, 1, 27, 108, 252 }, // U+017D
    { 14, 21, 272, 1, 21, 74, 360 }, // U+017E
    { 20, 26, 362, 1, 26, 130, 0 }, // U+01A0
    { 16, 21, 288, 1, 21, 84, 130 }, // U+01A1
    { 19, 26, 328, 2, 26, 124, 214 }, // U+01AF
    { 16, 21, 288, 2, 21, 84, 338 }, // U+01B0
    { 21, 27, 341, 0, 27, 142, 422 }, // U+01CD
    { 16, 22, 277, 1, 22, 88, 564 }, // U+01CE
    { 21, 21, 364, 1, 21, 111, 652 }, // U+01E4
    { 17, 20, 307, 1, 16, 85, 763 }, // U+01E5
    { 19, 27, 344, 1, 27, 129, 848 }, // U+01E6
    { 16, 26, 296, 1, 22, 104, 977 }, // U+01E7
    { 18, 27, 322, 2, 27, 122, 1081 }, // U+01E8
    { 19, 26, 302, -1, 26, 124, 1203 }, // U+01E9
    { 18, 28, 318, 1, 21, 126, 1327 }, // U+0218
    { 16, 23, 266, 1, 16, 92, 1453 }, // U+0219
    { 17, 28, 280, 1, 21, 119, 1545 }, // U+021A
    { 11, 27, 208, 1, 20, 75, 1664 }, // U+021B
    { 7, 4, 0, 1, 21, 7, 0 }, // U+0300
    { 7, 4, 0, 1, 21, 7, 7 }, // U+0301
    { 10, 4, 0, 1, 21, 10, 14 }, // U+0302
    { 10, 4, 0, 1, 22, 10, 24 }, // U+0303
    { 9, 4, 0, 1, 22, 9, 34 }, // U+0304
    { 9, 5, 0, 1, 22, 12, 43 }, // U+0306
    { 5, 4, 0, 1, 22, 5, 55 }, // U+0307
    { 11, 4, 0, 1, 22, 11, 60 }, // U+0308
    { 5, 5, 0, 1, 22, 7, 71 }, // U+0309
    { 6, 6, 0, 1, 23, 9, 78 }, // U+030A
    { 12, 4, 0, 1, 21, 12, 87 }, // U+030B
    { 10, 4, 0, 1, 21, 10, 99 }, // U+030C
    { 5, 6, 0, 1, 23, 8, 109 }, // U+0312
    { 7, 7, 0, 0, 21, 13, 117 }, // U+031B
    { 4, 4, 0, 1, -1, 4, 130 }, // U+0323
    { 5, 7, 0, 1, -1, 9, 134 }, // U+0326
    { 9, 8, 0, 0, 1, 18, 143 }, // U+0327
    { 7, 8, 0, 1, 2, 14, 161 }, // U+0328
    { 10, 3, 0, 3, 11, 8, 175 }, // U+0335
    { 21, 4, 0, 1, 18, 21, 183 }, // U+0336
    { 9, 7, 0, 1, 15, 16, 204 }, // U+0337
    { 15, 17, 0, 1, 17, 64, 220 }, // U+0338
    { 15, 26, 290, 2, 26, 98, 0 }, // U+0400
    { 15, 26, 290, 2, 26, 98, 98 }, // U+0401
    { 23, 21, 393, 1, 21, 121, 196 }, // U+0402
    { 14, 26, 260, 2, 26, 91, 317 }, // U+0403
    { 21, 21, 350, 1, 21, 111, 408 }, // U+0404
    { 18, 21, 318, 1, 21, 95, 519 }, // U+0405
    { 5, 21, 140, 2, 21, 27, 614 }, // U+0406
    { 7, 26, 140, 1, 26, 46, 641 }, // U+0407
    { 15, 21, 293, 1, 21, 79, 687 }, // U+0408
    { 31, 21, 526, 1, 21, 163, 766 }, // U+0409
    { 29, 21, 515, 2, 21, 153, 929 }, // U+040A
    { 23, 21, 393, 1, 21, 121, 1082 }, // U+040B
    { 18, 26, 322, 2, 26, 117, 1203 }, // U+040C
    { 18, 26, 349, 2, 26, 117, 1320 }, // U+040D
    { 19, 27, 319, 1, 27, 129, 1437 }, // U+040E
    { 17, 25, 337, 2, 21, 107, 1566 }, // U+040F
    { 21, 21, 341, 0, 21, 111, 1673 }, // U+0410
    { 16, 21, 316, 2, 21, 84, 1784 }, // U+0411
    { 17, 21, 328, 2, 21, 90, 0 }, // U+0412
    { 14, 21, 260, 2, 21, 74, 90 }, // U+0413
    { 22, 25, 384, 1, 21, 138, 164 }, // U+0414
    { 15, 21, 290, 2, 21, 79, 302 }, // U+0415
    { 30, 21, 473, 0, 21, 158, 381 }, // U+0416
    { 18, 21, 307, 1, 21, 95, 539 }, // U+0417
    { 18, 21, 350, 2, 21, 95, 634 }, // U+0418
    { 18, 27, 350, 2, 27, 122, 729 }, // U+0419
    { 18, 21, 322, 2, 21, 95, 851 }, // U+041A
    { 19, 21, 345, 1, 21, 100, 946 }, // U+041B
    { 23, 21, 427, 2, 21, 121, 1046 }, // U+041C
    { 17, 21, 337, 2, 21, 90, 1167 }, // U+041D
    { 20, 21, 362, 1, 21, 105, 1257 }, // U+041E
    { 17, 21, 337, 2, 21, 90, 1362 }, // U+041F
    { 16, 21, 314, 2, 21, 84, 1452 }, // U+0420
    { 20, 21, 343, 1, 21, 105, 1536 }, // U+0421
    { 17, 21, 290, 0, 21, 90, 1641 }, // U+0422
    { 19, 21, 319, 1, 21, 100, 1731 }, // U+0423
    { 24, 21, 419, 1, 21, 126, 0 }, // U+0424
    { 20, 21, 321, 0, 21, 105, 126 }, // U+0425
    { 20, 25, 364, 2, 21, 125, 231 }, // U+0426
    { 17, 21, 332, 1, 21, 90, 356 }, // U+0427
    { 25, 21, 462, 2, 21, 132, 446 }, // U+0428
    { 27, 25, 490, 2, 21, 169, 578 }, // U+0429
    { 21, 21, 376, 1, 21, 111, 747 }, // U+042A
    { 23, 21, 429, 2, 21, 121, 858 }, // U+042B
    { 16, 21, 318, 2, 21, 84, 979 }, // U+042C
    { 20, 21, 350, 1, 21, 105, 1063 }, // U+042D
    { 26, 21, 470, 2, 21, 137, 1168 }, // U+042E
    { 18, 21, 322, 1, 21, 95, 1305 }, // U+042F
    { 16, 16, 277, 1, 16, 64, 1400 }, // U+0430
    { 16, 21, 288, 1, 21, 84, 1464 }, // U+0431
    { 15, 16, 289, 2, 16, 60, 1548 }, // U+0432
    { 12, 16, 220, 2, 16, 48, 1608 }, // U+0433
    { 18, 19, 311, 1, 16, 86, 1656 }, // U+0434
    { 16, 16, 282, 1, 16, 64, 1742 }, // U+0435
    { 27, 16, 463, 1, 16, 108, 1806 }, // U+0436
    { 16, 16, 261, 0, 16, 64, 0 }, // U+0437
    { 14, 16, 282, 2, 16, 56, 64 }, // U+0438
    { 14, 22, 282, 2, 22, 77, 120 }, // U+0439
    { 16, 16, 303, 2, 16, 64, 197 }, // U+043A
    { 16, 16, 300, 1, 16, 64, 261 }, // U+043B
    { 18, 16, 344, 2, 16, 72, 325 }, // U+043C
    { 14, 16, 287, 2, 16, 56, 397 }, // U+043D
    { 16, 16, 288, 1, 16, 64, 453 }, // U+043E
    { 14, 16, 287, 2, 16, 56, 517 }, // U+043F
    { 16, 20, 296, 2, 16, 80, 573 }, // U+0440
    { 16, 16, 279, 1, 16, 64, 653 }, // U+0441
    { 15, 16, 271, 1, 16, 60, 717 }, // U+0442
    { 17, 20, 274, 0, 16, 85, 777 }, // U+0443
    { 22, 25, 386, 1, 21, 138, 862 }, // U+0444
    { 17, 16, 303, 1, 16, 68, 1000 }, // U+0445
    { 17, 19, 303, 2, 16, 81, 1068 }, // U+0446
    { 15, 16, 297, 2, 16, 60, 1149 }, // U+0447
    { 22, 16, 409, 2, 16, 88, 1209 }, // U+0448
    { 24, 19, 426, 2, 16, 114, 1297 }, // U+0449
    { 16, 16, 299, 1, 16, 64, 1411 }, // U+044A
    { 20, 16, 377, 2, 16, 80, 1475 }, // U+044B
    { 14, 16, 268, 2, 16, 56, 1555 }, // U+044C
    { 16, 16, 284, 1, 16, 64, 1611 }, // U+044D
    { 22, 16, 402, 2, 16, 88, 1675 }, // U+044E
    { 15, 16, 288, 1, 16, 60, 1763 }, // U+044F
    { 16, 21, 282, 1, 21, 84, 1823 }, // U+0450
    { 16, 21, 282, 1, 21, 84, 0 }, // U+0451
    { 16, 25, 285, 1, 21, 100, 84 }, // U+0452
    { 12, 21, 220, 2, 21, 63, 184 }, // U+0453
    { 16, 16, 284, 1, 16, 64, 247 }, // U+0454
    { 16, 16, 266, 1, 16, 64, 311 }, // U+0455
    { 5, 21, 131, 2, 21, 27, 375 }, // U+0456
    { 7, 21, 131, 1, 21, 37, 402 }, // U+0457
    { 9, 25, 154, 0, 21, 57, 439 }, // U+0458
    { 25, 16, 436, 1, 16, 100, 496 }, // U+0459
    { 24, 16, 423, 2, 16, 96, 596 }, // U+045A
    { 16, 21, 285, 1, 21, 84, 692 }, // U+045B
    { 16, 21, 303, 2, 21, 84, 776 }, // U+045C
    { 14, 21, 282, 2, 21, 74, 860 }, // U+045D
    { 17, 26, 274, 0, 22, 111, 934 }, // U+045E
    { 15, 19, 287, 2, 16, 72, 1045 }, // U+045F
    { 21, 21, 369, 1, 21, 111, 1117 }, // U+0462
    { 16, 20, 284, 1, 20, 80, 1228 }, // U+0463
    { 22, 21, 367, 0, 21, 116, 1308 }, // U+046A
    { 21, 16, 358, 0, 16, 84, 1424 }, // U+046B
    { 20, 21, 362, 1, 21, 105, 1508 }, // U+0472
    { 16, 16, 288, 1, 16, 64, 1613 }, // U+0473
    { 22, 21, 354, 0, 21, 116, 1677 }, // U+0474
    { 17, 16, 283, 0, 16, 68, 1793 }, // U+0475
    { 14, 26, 260, 2, 26, 91, 0 }, // U+0490
    { 12, 19, 220, 2, 19, 57, 91 }, // U+0491
    { 17, 21, 288, 1, 21, 90, 148 }, // U+0492
    { 14, 16, 257, 1, 16, 56, 238 }, // U+0493
    { 31, 25, 485, 0, 21, 194, 294 }, // U+0496
    { 28, 19, 460, 1, 16, 133, 488 }, // U+0497
    { 19, 25, 336, 2, 21, 119, 621 }, // U+049A
    { 17, 19, 298, 2, 16, 81, 740 }, // U+049B
    { 20, 25, 370, 2, 21, 125, 821 }, // U+04A2
    { 17, 19, 306, 2, 16, 81, 946 }, // U+04A3
    { 20, 21, 295, -1, 21, 105, 1027 }, // U+04AE
    { 18, 20, 287, 0, 16, 90, 1132 }, // U+04AF
    { 20, 21, 295, -1, 21, 105, 1222 }, // U+04B0
    { 19, 20, 287, 0, 16, 95, 1327 }, // U+04B1
    { 21, 25, 337, 0, 21, 132, 1422 }, // U+04B2
    { 19, 19, 307, 1, 16, 91, 1554 }, // U+04B3
    { 20, 25, 363, 1, 21, 125, 1645 }, // U+04B6
    { 17, 19, 316, 2, 16, 81, 1770 }, // U+04B7
    { 17, 21, 332, 2, 21, 90, 0 }, // U+04BA
    { 14, 21, 285, 2, 21, 74, 90 }, // U+04BB
    { 5, 21, 140, 2, 21, 27, 164 }, // U+04C0
    { 5, 21, 139, 2, 21, 27, 191 }, // U+04CF
    { 20, 21, 353, 1, 21, 105, 218 }, // U+04D8
    { 16, 16, 282, 1, 16, 64, 323 }, // U+04D9
    { 18, 26, 350, 2, 26, 117, 387 }, // U+04E2
    { 14, 21, 282, 2, 21, 74, 504 }, // U+04E3
    { 20, 21, 362, 1, 21, 105, 578 }, // U+04E8
    { 16, 16, 288, 1, 16, 64, 683 }, // U+04E9
    { 20, 26, 319, 0, 26, 130, 747 }, // U+04EE
    { 17, 25, 274, 0, 21, 107, 877 }, // U+04EF
    { 22, 25, 341, 0, 21, 138, 0 }, // U+1EA0
    { 16, 20, 277, 1, 16, 80, 138 }, // U+1EA1
    { 21, 27, 341, 0, 27, 142, 218 }, // U+1EA2
    { 16, 22, 277, 1, 22, 88, 360 }, // U+1EA3
    { 21, 29, 341, 0, 29, 153, 448 }, // U+1EA4
    { 17, 24, 277, 1, 24, 102, 601 }, // U+1EA5
    { 21, 29, 341, 0, 29, 153, 703 }, // U+1EA6
    { 16, 24, 277, 1, 24, 96, 856 }, // U+1EA7
    { 21, 30, 341, 0, 30, 158, 952 }, // U+1EA8
    { 16, 25, 277, 1, 25, 100, 1110 }, // U+1EA9
    { 21, 31, 341, 0, 31, 163, 1210 }, // U+1EAA
    { 16, 26, 277, 1, 26, 104, 1373 }, // U+1EAB
    { 22, 30, 341, 0, 26, 165, 1477 }, // U+1EAC
    { 16, 25, 277, 1, 21, 100, 1642 }, // U+1EAD
    { 21, 31, 341, 0, 31, 163, 0 }, // U+1EAE
    { 16, 26, 277, 1, 26, 104, 163 }, // U+1EAF
    { 21, 31, 341, 0, 31, 163, 267 }, // U+1EB0
    { 16, 26, 277, 1, 26, 104, 430 }, // U+1EB1
    { 21, 31, 341, 0, 31, 163, 534 }, // U+1EB2
    { 16, 26, 277, 1, 26, 104, 697 }, // U+1EB3
    { 21, 31, 341, 0, 31, 163, 801 }, // U+1EB4
    { 16, 26, 277, 1, 26, 104, 964 }, // U+1EB5
    { 22, 31, 341, 0, 27, 171, 1068 }, // U+1EB6
    { 16, 26, 277, 1, 22, 104, 1239 }, // U+1EB7
    { 15, 25, 290, 2, 21, 94, 1343 }, // U+1EB8
    { 16, 20, 282, 1, 16, 80, 1437 }, // U+1EB9
    { 15, 27, 290, 2, 27, 102, 1517 }, // U+1EBA
    { 16, 22, 282, 1, 22, 88, 1619 }, // U+1EBB
    { 15, 27, 290, 2, 27, 102, 1707 }, // U+1EBC
    { 16, 22, 282, 1, 22, 88, 1809 }, // U+1EBD
    { 16, 29, 290, 2, 29, 116, 0 }, // U+1EBE
    { 17, 24, 282, 1, 24, 102, 116 }, // U+1EBF
    { 15, 29, 290, 2, 29, 109, 218 }, // U+1EC0
    { 16, 24, 282, 1, 24, 96, 327 }, // U+1EC1
    { 15, 30, 290, 2, 30, 113, 423 }, // U+1EC2
    { 16, 25, 282, 1, 25, 100, 536 }, // U+1EC3
    { 15, 31, 290, 2, 31, 117, 636 }, // U+1EC4
    { 16, 26, 282, 1, 26, 104, 753 }, // U+1EC5
    { 15, 30, 290, 2, 26, 113, 857 }, // U+1EC6
    { 16, 25, 282, 1, 21, 100, 970 }, // U+1EC7
    { 6, 27, 140, 1, 27, 41, 1070 }, // U+1EC8
    { 6, 22, 131, 1, 22, 33, 1111 }, // U+1EC9
    { 5, 25, 140, 2, 21, 32, 1144 }, // U+1ECA
    { 5, 25, 131, 2, 21, 32, 1176 }, // U+1ECB
    { 20, 25, 362, 1, 21, 125, 1208 }, // U+1ECC
    { 16, 20, 288, 1, 16, 80, 1333 }, // U+1ECD
    { 20, 27, 362, 1, 27, 135, 1413 }, // U+1ECE
    { 16, 22, 288, 1, 22, 88, 1548 }, // U+1ECF
    { 20, 29, 362, 1, 29, 145, 1636 }, // U+1ED0
    { 17, 24, 288, 1, 24, 102, 1781 }, // U+1ED1
    { 20, 29, 362, 1, 29, 145, 0 }, // U+1ED2
    { 16, 24, 288, 1, 24, 96, 145 }, // U+1ED3
    { 20, 30, 362, 1, 30, 150, 241 }, // U+1ED4
    { 16, 25, 288, 1, 25, 100, 391 }, // U+1ED5
    { 20, 31, 362, 1, 31, 155, 491 }, // U+1ED6
    { 16, 26, 288, 1, 26, 104, 646 }, // U+1ED7
    { 20, 30, 362, 1, 26, 150, 750 }, // U+1ED8
    { 16, 25, 288, 1, 21, 100, 900 }, // U+1ED9
    { 20, 26, 362, 1, 26, 130, 1000 }, // U+1EDA
    { 16, 21, 288, 1, 21, 84, 1130 }, // U+1EDB
    { 20, 26, 362, 1, 26, 130, 1214 }, // U+1EDC
    { 16, 21, 288, 1, 21, 84, 1344 }, // U+1EDD
    { 20, 27, 362, 1, 27, 135, 1428 }, // U+1EDE
    { 16, 22, 288, 1, 22, 88, 1563 }, // U+1EDF
    { 20, 27, 362, 1, 27, 135, 1651 }, // U+1EE0
    { 16, 22, 288, 1, 22, 88, 1786 }, // U+1EE1
    { 20, 30, 362, 1, 26, 150, 1874 }, // U+1EE2
    { 16, 25, 288, 1, 21, 100, 0 }, // U+1EE3
    { 17, 25, 328, 2, 21, 107, 100 }, // U+1EE4
    { 14, 20, 283, 2, 16, 70, 207 }, // U+1EE5
    { 17, 27, 328, 2, 27, 115, 277 }, // U+1EE6
    { 14, 22, 283, 2, 22, 77, 392 }, // U+1EE7
    { 19, 26, 328, 2, 26, 124, 469 }, // U+1EE8
    { 16, 21, 288, 2, 21, 84, 593 }, // U+1EE9
    { 19, 26, 328, 2, 26, 124, 677 }, // U+1EEA
    { 16, 21, 288, 2, 21, 84, 801 }, // U+1EEB
    { 19, 27, 328, 2, 27, 129, 885 }, // U+1EEC
    { 16, 22, 288, 2, 22, 88, 1014 }, // U+1EED
    { 19, 27, 328, 2, 27, 129, 1102 }, // U+1EEE
    { 16, 22, 288, 2, 22, 88, 1231 }, // U+1EEF
    { 19, 30, 328, 2, 26, 143, 1319 }, // U+1EF0
    { 16, 25, 288, 2, 21, 100, 1462 }, // U+1EF1
    { 20, 26, 295, -1, 26, 130, 1562 }, // U+1EF2
    { 17, 25, 274, 0, 21, 107, 1692 }, // U+1EF3
    { 20, 25, 295, -1, 21, 125, 1799 }, // U+1EF4
    { 18, 20, 274, 0, 16, 90, 0 }, // U+1EF5
    { 20, 27, 295, -1, 27, 135, 90 }, // U+1EF6
    { 17, 26, 274, 0, 22, 111, 225 }, // U+1EF7
    { 20, 27, 295, -1, 27, 135, 336 }, // U+1EF8
    { 17, 26, 274, 0, 22, 111, 471 }, // U+1EF9
    { 15, 4, 278, 1, 11, 15, 0 }, // U+2013
    { 24, 4, 425, 1, 11, 24, 15 }, // U+2014
    { 5, 9, 115, 1, 21, 12, 39 }, // U+2018
    { 5, 9, 115, 1, 21, 12, 51 }, // U+2019
    { 5, 8, 110, 1, 4, 10, 63 }, // U+201A
    { 11, 9, 216, 1, 21, 25, 73 }, // U+201C
    { 11, 9, 216, 1, 21, 25, 98 }, // U+201D
    { 11, 8, 211, 1, 4, 22, 123 }, // U+201E
    { 13, 21, 274, 2, 21, 69, 145 }, // U+2020
    { 13, 21, 274, 2, 21, 69, 214 }, // U+2021
    { 9, 8, 169, 1, 13, 18, 283 }, // U+2022
    { 19, 4, 324, 1, 4, 19, 301 }, // U+2026
    { 0, 0, 280, 0, 0, 0, 320 }, // U+2028
    { 0, 0, 280, 0, 0, 0, 320 }, // U+2029
    { 33, 21, 565, 1, 21, 174, 320 }, // U+2030
    { 6, 7, 119, 1, 21, 11, 494 }, // U+2032
    { 11, 7, 204, 1, 21, 20, 505 }, // U+2033
    { 9, 12, 178, 1, 14, 27, 525 }, // U+2039
    { 9, 12, 178, 1, 14, 27, 552 }, // U+203A
    { 17, 21, 77, -6, 21, 90, 579 }, // U+2044
    { 10, 12, 199, 1, 21, 30, 0 }, // U+2070
    { 10, 12, 168, 1, 21, 30, 30 }, // U+2074
    { 10, 12, 178, 0, 21, 30, 60 }, // U+2075
    { 10, 12, 188, 1, 21, 30, 90 }, // U+2076
    { 8, 12, 147, 1, 21, 24, 120 }, // U+2077
    { 10, 12, 180, 1, 21, 30, 144 }, // U+2078
    { 9, 12, 188, 1, 21, 27, 174 }, // U+2079
    { 10, 11, 199, 1, 8, 28, 201 }, // U+2080
    { 6, 11, 132, 1, 8, 17, 229 }, // U+2081
    { 10, 11, 174, 0, 8, 28, 246 }, // U+2082
    { 9, 11, 172, 1, 8, 25, 274 }, // U+2083
    { 10, 11, 168, 1, 8, 28, 299 }, // U+2084
    { 10, 11, 178, 0, 8, 28, 327 }, // U+2085
    { 10, 11, 188, 1, 8, 28, 355 }, // U+2086
    { 8, 11, 147, 1, 8, 22, 383 }, // U+2087
    { 10, 11, 180, 1, 8, 28, 405 }, // U+2088
    { 9, 11, 188, 1, 8, 25, 433 }, // U+2089
    { 21, 21, 404, 2, 21, 111, 0 }, // U+20AA
    { 20, 21, 357, 2, 21, 105, 111 }, // U+20AC
    { 20, 21, 351, 1, 21, 105, 216 }, // U+20B1
    { 18, 21, 339, 2, 21, 95, 321 }, // U+20B4
    { 18, 21, 331, 2, 21, 95, 416 }, // U+20B9
    { 20, 21, 344, 1, 21, 105, 511 }, // U+20BD
    { 21, 19, 371, 1, 20, 100, 0 }, // U+2190
    { 19, 21, 330, 1, 21, 100, 100 }, // U+2191
    { 21, 19, 371, 1, 20, 100, 200 }, // U+2192
    { 19, 21, 330, 1, 21, 100, 300 }, // U+2193
    { 30, 19, 505, 1, 20, 143, 400 }, // U+2194
    { 19, 30, 330, 1, 25, 143, 543 }, // U+2195
    { 17, 18, 297, 1, 19, 77, 686 }, // U+2196
    { 17, 18, 297, 1, 19, 77, 763 }, // U+2197
    { 18, 17, 298, 0, 19, 77, 840 }, // U+2198
    { 17, 17, 298, 1, 19, 73, 917 }, // U+2199
    { 17, 10, 302, 1, 15, 43, 990 }, // U+219D
    { 18, 17, 308, 1, 20, 77, 1033 }, // U+21A9
    { 17, 17, 308, 1, 20, 73, 1110 }, // U+21AA
    { 18, 20, 309, 1, 19, 90, 1183 }, // U+21B0
    { 17, 20, 309, 1, 19, 85, 1273 }, // U+21B1
    { 17, 19, 309, 1, 21, 81, 1358 }, // U+21B3
    { 18, 21, 309, 0, 21, 95, 1439 }, // U+21B4
    { 18, 19, 309, 1, 21, 86, 1534 }, // U+21B5
    { 18, 12, 311, 1, 16, 54, 1620 }, // U+21E4
    { 17, 12, 311, 1, 16, 51, 1674 }, // U+21E5
    { 26, 22, 412, 0, 22, 143, 0 }, // U+21E7
    { 15, 23, 266, 1, 22, 87, 0 }, // U+2202
    { 18, 21, 304, 1, 21, 95, 87 }, // U+2206
    { 20, 26, 318, 0, 21, 130, 182 }, // U+220F
    { 16, 21, 254, 0, 21, 84, 312 }, // U+2211
    { 14, 4, 254, 1, 10, 14, 396 }, // U+2212
    { 21, 26, 341, 0, 21, 137, 410 }, // U+221A
    { 22, 12, 393, 1, 14, 66, 547 }, // U+221E
    { 13, 26, 211, 0, 21, 85, 613 }, // U+222B
    { 5, 16, 145, 2, 18, 20, 698 }, // U+2236
    { 13, 13, 244, 1, 16, 43, 718 }, // U+2248
    { 14, 17, 258, 1, 17, 60, 761 }, // U+2260
    { 14, 17, 260, 1, 17, 60, 821 }, // U+2264
    { 14, 17, 260, 1, 17, 60, 881 }, // U+2265
    { 10, 9, 467, 1, 7, 23, 0 }, // U+3001
    { 9, 9, 467, 1, 7, 21, 23 }, // U+3002
    { 27, 4, 467, 1, 13, 27, 44 }, // U+4E00
    { 27, 27, 467, 1, 25, 183, 71 }, // U+4E0A
    { 27, 25, 467, 1, 23, 169, 254 }, // U+4E0B
    { 28, 25, 467, 1, 23, 175, 423 }, // U+4E0D
    { 26, 28, 467, 1, 25, 182, 598 }, // U+4E0E
    { 27, 25, 467, 1, 23, 169, 780 }, // U+4E14
    { 27, 28, 467, 1, 25, 189, 949 }, // U+4E22
    { 27, 25, 467, 1, 23, 169, 1138 }, // U+4E24
    { 29, 28, 467, 0, 26, 203, 1307 }, // U+4E2A
    { 25, 27, 467, 2, 25, 169, 1510 }, // U+4E2D
    { 25, 27, 467, 2, 25, 169, 1679 }, // U+4E32
    { 25, 28, 467, 1, 25, 175, 0 }, // U+4E3A
    { 27, 27, 467, 1, 25, 183, 175 }, // U+4E3B
    { 29, 28, 467, 0, 25, 203, 358 }, // U+4E49
    { 28, 28, 467, 1, 25, 196, 561 }, // U+4E4B
    { 25, 26, 467, 2, 23, 163, 757 }, // U+4E60
    { 28, 27, 467, 1, 25, 189, 920 }, // U+4E66
    { 26, 21, 467, 2, 21, 137, 1109 }, // U+4E8C
    { 27, 26, 467, 1, 23, 176, 1246 }, // U+4E8E
    { 27, 25, 467, 1, 23, 169, 1422 }, // U+4E92
    { 27, 29, 467, 1, 26, 196, 1591 }, // U+4EA4
    { 27, 28, 467, 1, 25, 189, 0 }, // U+4EAE
    { 28, 28, 467, 1, 25, 196, 189 }, // U+4EBA
    { 29, 28, 467, 0, 25, 203, 385 }, // U+4EC5
    { 29, 28, 467, 0, 25, 203, 588 }, // U+4ECA
    { 28, 28, 467, 0, 25, 196, 791 }, // U+4ECE
    { 28, 27, 467, 0, 25, 189, 987 }, // U+4ED6
    { 26, 27, 467, 2, 24, 176, 1176 }, // U+4EE5
    { 28, 27, 467, 0, 25, 189, 1352 }, // U+4EF6
    { 28, 27, 467, 0, 25, 189, 1541 }, // U+4EFB
    { 29, 27, 467, 0, 25, 196, 1730 }, // U+4F11
    { 29, 27, 467, 0, 25, 196, 0 }, // U+4F18
    { 28, 28, 467, 0, 25, 196, 196 }, // U+4F20
    { 29, 29, 467, 0, 26, 211, 392 }, // U+4F30
    { 27, 28, 467, 1, 26, 189, 603 }, // U+4F4D
    { 29, 27, 467, 0, 25, 196, 792 }, // U+4F53
    { 29, 27, 467, 0, 25, 196, 988 }, // U+4F59
    { 28, 27, 467, 1, 25, 189, 1184 }, // U+4F5C
    { 28, 27, 467, 0, 25, 189, 1373 }, // U+4F60
    { 29, 27, 467, 0, 25, 196, 1562 }, // U+4F7F
    { 29, 28, 467, 0, 25, 203, 0 }, // U+4F9B
    { 28, 28, 467, 0, 25, 196, 203 }, // U+4FA7
    { 29, 28, 467, 0, 25, 203, 399 }, // U+4FBF
    { 29, 27, 467, 0, 25, 196, 602 }, // U+4FDD
    { 27, 28, 467, 1, 25, 189, 798 }, // U+4FE1
    { 29, 27, 467, 0, 25, 196, 987 }, // U+4FEE
    { 27, 27, 467, 0, 25, 183, 1183 }, // U+5012
    { 29, 27, 467, 0, 25, 196, 1366 }, // U+503C
    { 29, 28, 467, 0, 25, 203, 1562 }, // U+503E
    { 28, 27, 467, 0, 25, 189, 0 }, // U+504F
    { 29, 28, 467, 0, 25, 203, 189 }, // U+50A8
    { 28, 26, 467, 1, 23, 182, 392 }, // U+5143
    { 28, 29, 467, 1, 26, 203, 574 }, // U+5148
    { 29, 28, 467, 0, 25, 203, 777 }, // U+5149
    { 28, 28, 467, 1, 25, 196, 980 }, // U+5165
    { 29, 28, 467, 0, 26, 203, 1176 }, // U+5168
    { 28, 28, 467, 1, 25, 196, 1379 }, // U+516D
    { 28, 28, 467, 1, 25, 196, 1575 }, // U+5173
    { 28, 28, 467, 0, 25, 196, 1771 }, // U+5176
    { 29, 27, 467, 0, 24, 196, 0 }, // U+5177
    { 28, 28, 467, 0, 25, 196, 196 }, // U+5178
    { 24, 28, 467, 3, 25, 168, 392 }, // U+5185
    { 28, 26, 467, 1, 23, 182, 560 }, // U+518C
    { 29, 26, 467, 0, 23, 189, 742 }, // U+518D
    { 25, 26, 467, 2, 23, 163, 931 }, // U+5199
    { 28, 27, 467, 1, 25, 189, 1094 }, // U+51C6
    { 28, 28, 467, 1, 25, 196, 1283 }, // U+51D1
    { 25, 28, 467, 2, 26, 175, 1479 }, // U+51FA
    { 28, 28, 467, 1, 25, 196, 1654 }, // U+5206
    { 28, 27, 467, 0, 24, 189, 0 }, // U+5207
    { 27, 28, 467, 1, 25, 189, 189 }, // U+5217
    { 27, 28, 467, 0, 25, 189, 378 }, // U+521B
    { 27, 28, 467, 0, 25, 189, 567 }, // U+521D
    { 27, 28, 467, 1, 25, 189, 756 }, // U+5220
    { 26, 27, 467, 1, 25, 176, 945 }, // U+5230
    { 26, 28, 467, 1, 25, 182, 1121 }, // U+5236
    { 27, 27, 467, 0, 25, 183, 1303 }, // U+5237
    { 27, 27, 467, 1, 25, 183, 1486 }, // U+524D
    { 27, 27, 467, 0, 25, 183, 1669 }, // U+5269
    { 27, 28, 467, 1, 25, 189, 0 }, // U+526A
    { 28, 28, 467, 0, 25, 196, 189 }, // U+529F
    { 27, 27, 467, 0, 24, 183, 385 }, // U+52A0
    { 28, 28, 467, 1, 25, 196, 568 }, // U+52A1
    { 27, 28, 467, 1, 25, 189, 764 }, // U+52A8
    { 28, 28, 467, 0, 25, 196, 953 }, // U+52FF
    { 29, 27, 467, 0, 25, 196, 1149 }, // U+5305
    { 26, 24, 467, 2, 23, 156, 1345 }, // U+5339
    { 26, 25, 467, 3, 23, 163, 1501 }, // U+533A
    { 27, 27, 467, 1, 25, 183, 1664 }, // U+5355
    { 24, 27, 467, 4, 25, 162, 0 }, // U+5360
    { 28, 27, 467, 0, 25, 189, 162 }, // U+5361
    { 26, 26, 467, 1, 24, 169, 351 }, // U+5373
    { 28, 26, 467, 1, 23, 182, 520 }, // U+538B
    { 28, 26, 467, 0, 23, 182, 702 }, // U+539F
    { 27, 28, 467, 1, 25, 189, 884 }, // U+53CD
    { 29, 28, 467, 0, 25, 203, 1073 }, // U+53D1
    { 28, 27, 467, 1, 24, 189, 1276 }, // U+53D6
    { 24, 24, 467, 3, 22, 144, 1465 }, // U+53E3
    { 27, 26, 467, 1, 23, 176, 1609 }, // U+53EF
    { 28, 28, 467, 0, 26, 196, 1785 }, // U+53F3
    { 26, 27, 467, 2, 24, 176, 0 }, // U+53F7
    { 29, 28, 467, 0, 25, 203, 176 }, // U+5404
    { 25, 25, 467, 2, 23, 157, 379 }, // U+540C
    { 24, 27, 467, 1, 25, 162, 536 }, // U+540D
    { 28, 28, 467, 1, 25, 196, 698 }, // U+540E
    { 24, 28, 467, 3, 25, 168, 894 }, // U+5411
    { 29, 26, 467, 0, 23, 189, 1062 }, // U+5426
    { 28, 28, 467, 1, 25, 196, 1251 }, // U+542B
    { 27, 28, 467, 0, 25, 189, 1447 }, // U+542F
    { 27, 28, 467, 1, 25, 189, 1636 }, // U+544A
    { 26, 26, 467, 1, 23, 169, 0 }, // U+5468
    { 29, 28, 467, 0, 26, 203, 169 }, // U+547D
    { 27, 27, 467, 0, 25, 183, 372 }, // U+548C
    { 27, 28, 467, 2, 25, 189, 555 }, // U+54C8
    { 28, 28, 467, 1, 25, 196, 744 }, // U+5524
    { 28, 26, 467, 1, 24, 182, 940 }, // U+5668
    { 25, 25, 467, 2, 23, 157, 1122 }, // U+56DB
    { 26, 26, 467, 2, 24, 169, 1279 }, // U+56DE
    { 26, 26, 467, 2, 24, 169, 1448 }, // U+56E0
    { 26, 26, 467, 2, 24, 169, 1617 }, // U+56F4
    { 25, 26, 467, 2, 24, 163, 0 }, // U+56FA
    { 25, 26, 467, 2, 24, 163, 163 }, // U+56FE
    { 26, 26, 467, 2, 24, 169, 326 }, // U+5706
    { 27, 27, 467, 1, 25, 183, 495 }, // U+5728
    { 28, 27, 467, 1, 25, 189, 678 }, // U+5730
    { 29, 27, 467, 0, 25, 196, 867 }, // U+5740
    { 27, 28, 467, 0, 25, 189, 1063 }, // U+5747
    { 27, 27, 467, 1, 25, 183, 1252 }, // U+5782
    { 28, 27, 467, 1, 25, 189, 1435 }, // U+57FA
    { 26, 27, 467, 1, 25, 176, 1624 }, // U+589E
    { 29, 28, 467, 0, 25, 203, 0 }, // U+5907
    { 28, 28, 467, 0, 25, 196, 203 }, // U+590D
    { 28, 28, 467, 1, 26, 196, 399 }, // U+5916
    { 27, 28, 467, 1, 25, 189, 595 }, // U+591A
    { 29, 28, 467, 0, 25, 203, 784 }, // U+591C
    { 28, 28, 467, 1, 25, 196, 987 }, // U+5927
    { 28, 26, 467, 1, 23, 182, 1183 }, // U+5929
    { 28, 28, 467, 0, 25, 196, 1365 }, // U+592E
    { 28, 28, 467, 1, 25, 196, 1561 }, // U+5931
    { 28, 28, 467, 1, 25, 196, 1757 }, // U+5934
    { 28, 29, 467, 1, 26, 203, 0 }, // U+5939
    { 28, 28, 467, 1, 25, 196, 203 }, // U+59CB
    { 27, 28, 467, 1, 25, 189, 399 }, // U+5B57
    { 27, 28, 467, 1, 25, 189, 588 }, // U+5B58
    { 26, 28, 467, 2, 25, 182, 777 }, // U+5B89
    { 28, 29, 467, 1, 26, 203, 959 }, // U+5B8C
    { 29, 29, 467, 0, 26, 211, 1162 }, // U+5B9A
    { 28, 28, 467, 1, 25, 196, 1373 }, // U+5BB6
    { 29, 28, 467, 0, 25, 203, 1569 }, // U+5BB9
    { 28, 28, 467, 0, 25, 196, 1772 }, // U+5BBD
    { 28, 27, 467, 0, 25, 189, 0 }, // U+5BC6
    { 28, 27, 467, 1, 25, 189, 189 }, // U+5BF9
    { 28, 27, 467, 1, 25, 189, 378 }, // U+5C01
    { 28, 29, 467, 0, 26, 203, 567 }, // U+5C06
    { 29, 28, 467, 0, 25, 203, 770 }, // U+5C0F
    { 28, 28, 467, 1, 25, 196, 973 }, // U+5C11
    { 23, 28, 467, 3, 25, 161, 1169 }, // U+5C1A
    { 29, 28, 467, 1, 25, 203, 1330 }, // U+5C31
    { 27, 26, 467, 0, 24, 176, 1533 }, // U+5C40
    { 28, 27, 467, 0, 24, 189, 1709 }, // U+5C45
    { 28, 27, 467, 1, 24, 189, 0 }, // U+5C4F
    { 27, 23, 467, 1, 22, 156, 189 }, // U+5DE5
    { 28, 27, 467, 0, 25, 189, 345 }, // U+5DE6
    { 27, 25, 467, 2, 23, 169, 534 }, // U+5DF2
    { 27, 27, 467, 1, 25, 183, 703 }, // U+5E03
    { 27, 27, 467, 1, 25, 183, 886 }, // U+5E0C
    { 27, 27, 467, 1, 25, 183, 1069 }, // U+5E26
    { 29, 27, 467, 0, 25, 196, 1252 }, // U+5E55
    { 27, 25, 467, 1, 23, 169, 1448 }, // U+5E73
    { 27, 28, 467, 1, 25, 189, 1617 }, // U+5E76
    { 28, 28, 467, 0, 25, 196, 0 }, // U+5E8F
    { 27, 28, 467, 1, 25, 189, 196 }, // U+5E94
    { 29, 28, 467, 0, 25, 203, 385 }, // U+5E95
    { 29, 28, 467, 0, 25, 203, 588 }, // U+5EA6
    { 28, 28, 467, 1, 25, 196, 791 }, // U+5EFA
    { 27, 26, 467, 1, 23, 176, 987 }, // U+5F00
    { 28, 27, 467, 1, 25, 189, 1163 }, // U+5F0F
    { 23, 28, 467, 2, 25, 161, 1352 }, // U+5F15
    { 28, 28, 467, 1, 25, 196, 1513 }, // U+5F39
    { 24, 27, 467, 3, 25, 162, 1709 }, // U+5F53
    { 28, 27, 467, 1, 24, 189, 0 }, // U+5F55
    { 29, 28, 467, 0, 25, 203, 189 }, // U+5F97
    { 28, 27, 467, 0, 25, 189, 392 }, // U+5FD8
    { 29, 29, 467, 0, 26, 211, 581 }, // U+5FEB
    { 28, 27, 467, 0, 25, 189, 792 }, // U+5FFD
    { 28, 27, 467, 1, 25, 189, 981 }, // U+6001
    { 28, 29, 467, 0, 26, 203, 1170 }, // U+6062
    { 28, 27, 467, 0, 25, 189, 1373 }, // U+606F
    { 29, 29, 467, 0, 26, 211, 1562 }, // U+60C5
    { 28, 29, 467, 0, 26, 203, 1773 }, // U+60EF
    { 27, 28, 467, 1, 26, 189, 0 }, // U+610F
    { 29, 29, 467, 0, 26, 211, 189 }, // U+6162
    { 28, 28, 467, 0, 25, 196, 400 }, // U+6210
    { 28, 28, 467, 1, 25, 196, 596 }, // U+6216
    { 27, 28, 467, 1, 25, 189, 792 }, // U+622A
    { 25, 28, 467, 0, 25, 175, 981 }, // U+6237
    { 28, 28, 467, 0, 25, 196, 1156 }, // U+6240
    { 27, 28, 467, 1, 25, 189, 1352 }, // U+624B
    { 28, 28, 467, 0, 25, 196, 1541 }, // U+6253
    { 27, 27, 467, 0, 25, 183, 1737 }, // U+626B
    { 29, 28, 467, 0, 25, 203, 0 }, // U+627E
    { 29, 29, 467, 0, 26, 211, 203 }, // U+6297
    { 29, 28, 467, 0, 25, 203, 414 }, // U+62A5
    { 29, 28, 467, 0, 25, 203, 617 }, // U+62D4
    { 28, 28, 467, 1, 25, 196, 820 }, // U+62E9
    { 28, 28, 467, 0, 25, 196, 1016 }, // U+6301
    { 29, 27, 467, 0, 25, 196, 1212 }, // U+6307
    { 28, 28, 467, 0, 25, 196, 1408 }, // U+6309
    { 28, 28, 467, 0, 25, 196, 1604 }, // U+6325
    { 29, 28, 467, 0, 25, 203, 0 }, // U+6362
    { 28, 28, 467, 0, 25, 196, 203 }, // U+636E
    { 27, 27, 467, 1, 25, 183, 399 }, // U+6392
    { 29, 28, 467, 0, 25, 203, 582 }, // U+63A5
    { 28, 27, 467, 0, 25, 189, 785 }, // U+63A7
    { 28, 28, 467, 0, 25, 196, 974 }, // U+63A8
    { 28, 27, 467, 0, 25, 189, 1170 }, // U+63CF
    { 29, 28, 467, 0, 25, 203, 1359 }, // U+63D0
    { 28, 28, 467, 0, 25, 196, 1562 }, // U+63D2
    { 29, 28, 467, 0, 25, 203, 0 }, // U+641C
    { 28, 27, 467, 0, 25, 189, 203 }, // U+6458
    { 28, 27, 467, 1, 25, 189, 392 }, // U+64CD
    { 28, 29, 467, 1, 26, 203, 581 }, // U+6536
    { 28, 29, 467, 1, 25, 203, 784 }, // U+6539
    { 29, 28, 467, 0, 25, 203, 987 }, // U+653E
    { 29, 28, 467, 0, 25, 203, 1190 }, // U+6548
    { 29, 28, 467, 0, 25, 203, 1393 }, // U+6570
    { 29, 27, 467, 0, 25, 196, 1596 }, // U+6574
    { 29, 29, 467, 0, 26, 211, 0 }, // U+6587
    { 29, 28, 467, 0, 26, 203, 211 }, // U+659C
    { 27, 28, 467, 2, 25, 189, 414 }, // U+65AD
    { 28, 27, 467, 1, 25, 189, 603 }, // U+65B0
    { 27, 28, 467, 1, 25, 189, 792 }, // U+65B9
    { 28, 26, 467, 1, 23, 182, 981 }, // U+65E0
    { 20, 25, 467, 5, 23, 125, 1163 }, // U+65E5
    { 27, 26, 467, 1, 24, 176, 1288 }, // U+65E9
    { 27, 28, 467, 2, 25, 189, 1464 }, // U+65F6
    { 26, 27, 467, 2, 24, 176, 1653 }, // U+660E
    { 28, 27, 467, 0, 24, 189, 0 }, // U+662F
    { 28, 26, 467, 1, 24, 182, 189 }, // U+663E
    { 27, 27, 467, 1, 25, 183, 371 }, // U+6670
    { 26, 28, 467, 1, 25, 182, 554 }, // U+667A
    { 27, 28, 467, 1, 25, 189, 736 }, // U+6682
    { 28, 27, 467, 1, 24, 189, 925 }, // U+66F4
    { 28, 26, 467, 1, 24, 182, 1114 }, // U+6700
    { 27, 27, 467, 1, 25, 183, 1296 }, // U+6709
    { 29, 27, 467, 0, 24, 196, 1479 }, // U+670D
    { 28, 28, 467, 0, 25, 196, 1675 }, // U+671F
    { 29, 27, 467, 0, 25, 196, 0 }, // U+672A
    { 29, 27, 467, 0, 25, 196, 196 }, // U+672B
    { 29, 27, 467, 0, 25, 196, 392 }, // U+672C
    { 30, 27, 467, 0, 25, 203, 588 }, // U+673A
    { 29, 28, 467, 0, 25, 203, 791 }, // U+6761
    { 29, 27, 467, 0, 25, 196, 994 }, // U+6765
    { 28, 27, 467, 0, 25, 189, 1190 }, // U+677E
    { 28, 27, 467, 1, 25, 189, 1379 }, // U+6790
    { 29, 26, 467, 0, 24, 189, 1568 }, // U+679C
    { 29, 27, 467, 0, 25, 196, 0 }, // U+67E5
    { 29, 28, 467, 0, 25, 203, 196 }, // U+6807
    { 28, 27, 467, 0, 25, 189, 399 }, // U+680F
    { 28, 27, 467, 0, 25, 189, 588 }, // U+6837
    { 29, 28, 467, 0, 25, 203, 777 }, // U+6839
    { 29, 27, 467, 0, 25, 196, 980 }, // U+683C
    { 29, 27, 467, 0, 25, 196, 1176 }, // U+6846
    { 29, 27, 467, 0, 25, 196, 1372 }, // U+684C
    { 28, 27, 467, 0, 25, 189, 1568 }, // U+6863
    { 29, 27, 467, 0, 25, 196, 0 }, // U+68C0
    { 29, 28, 467, 0, 25, 203, 196 }, // U+6A21
    { 29, 28, 467, 0, 25, 203, 399 }, // U+6A2A
    { 28, 28, 467, 0, 25, 196, 602 }, // U+6B21
    { 27, 25, 467, 1, 23, 169, 798 }, // U+6B63
    { 29, 28, 467, 0, 25, 203, 967 }, // U+6B64
    { 27, 28, 467, 1, 25, 189, 1170 }, // U+6B65
    { 29, 28, 467, 0, 25, 203, 1359 }, // U+6BB5
    { 28, 28, 467, 1, 25, 196, 1562 }, // U+6BCF
    { 27, 28, 467, 1, 25, 189, 0 }, // U+6BD4
    { 29, 27, 467, 0, 25, 196, 189 }, // U+6C34
    { 29, 28, 467, 0, 25, 203, 385 }, // U+6C89
    { 29, 28, 467, 0, 25, 203, 588 }, // U+6CA1
    { 27, 28, 467, 1, 25, 189, 791 }, // U+6CD5
    { 28, 29, 467, 0, 26, 203, 980 }, // U+6CE8
    { 28, 27, 467, 0, 25, 189, 1183 }, // U+6D3B
    { 28, 28, 467, 0, 26, 196, 1372 }, // U+6D45
    { 27, 27, 467, 1, 25, 183, 1568 }, // U+6D4F
    { 27, 29, 467, 1, 26, 196, 1751 }, // U+6D88
    { 27, 27, 467, 1, 25, 183, 0 }, // U+6DF1
    { 28, 27, 467, 1, 25, 189, 183 }, // U+6DFB
    { 28, 28, 467, 0, 25, 196, 372 }, // U+6E05
    { 29, 28, 467, 0, 25, 203, 568 }, // U+6E10
    { 29, 27, 467, 0, 25, 196, 771 }, // U+6E29
    { 29, 28, 467, 0, 25, 203, 967 }, // U+6E90
    { 27, 27, 467, 1, 24, 183, 1170 }, // U+6ED1
    { 28, 28, 467, 1, 25, 196, 1353 }, // U+6EE4
    { 28, 28, 467, 1, 25, 196, 1549 }, // U+706F
    { 28, 28, 467, 0, 25, 196, 1745 }, // U+70B9
    { 28, 28, 467, 1, 25, 196, 0 }, // U+70ED
    { 28, 28, 467, 0, 25, 196, 196 }, // U+7136
    { 26, 28, 467, 1, 25, 182, 392 }, // U+7247
    { 29, 28, 467, 0, 25, 203, 574 }, // U+7248
    { 28, 26, 467, 0, 24, 182, 777 }, // U+7259
    { 29, 29, 467, 0, 26, 211, 959 }, // U+72B6
    { 28, 27, 467, 0, 25, 189, 1170 }, // U+732B
    { 27, 27, 467, 1, 25, 183, 1359 }, // U+7387
    { 28, 27, 467, 0, 24, 189, 1542 }, // U+73B0
    { 29, 26, 467, 0, 24, 189, 1731 }, // U+7406
    { 26, 26, 467, 0, 23, 169, 0 }, // U+7528
    { 26, 27, 467, 3, 25, 176, 169 }, // U+7535
    { 25, 25, 467, 2, 23, 157, 345 }, // U+753B
    { 29, 27, 467, 0, 24, 196, 502 }, // U+754C
    { 25, 27, 467, 2, 25, 169, 698 }, // U+7559
    { 28, 28, 467, 1, 25, 196, 867 }, // U+7565
    { 29, 27, 467, 0, 25, 196, 1063 }, // U+767B
    { 26, 25, 467, 2, 23, 163, 1259 }, // U+767E
    { 26, 28, 467, 2, 25, 182, 1422 }, // U+7684
    { 27, 27, 467, 1, 25, 183, 1604 }, // U+76D8
    { 21, 25, 467, 4, 23, 132, 0 }, // U+76EE
    { 27, 27, 467, 1, 25, 183, 132 }, // U+76F4
    { 27, 27, 467, 1, 25, 183, 315 }, // U+770B
    { 27, 27, 467, 1, 24, 183, 498 }, // U+7720
    { 28, 28, 467, 0, 25, 196, 681 }, // U+7740
    { 27, 27, 467, 1, 25, 183, 877 }, // U+7761
    { 29, 27, 467, 0, 25, 196, 1060 }, // U+77ED
    { 27, 27, 467, 0, 24, 183, 1256 }, // U+7801
    { 27, 28, 467, 1, 25, 189, 1439 }, // U+786E
    { 28, 26, 467, 0, 23, 182, 1628 }, // U+793A
    { 29, 28, 467, 0, 25, 203, 0 }, // U+7981
    { 29, 27, 467, 0, 25, 196, 203 }, // U+79D2
    { 28, 27, 467, 0, 25, 189, 399 }, // U+79F0
    { 29, 28, 467, 0, 25, 203, 588 }, // U+79FB
    { 29, 27, 467, 0, 25, 196, 791 }, // U+7A0B
    { 25, 27, 467, 2, 25, 169, 987 }, // U+7A7A
    { 27, 26, 467, 1, 25, 176, 1156 }, // U+7ACB
    { 28, 26, 467, 1, 24, 182, 1332 }, // U+7AD6
    { 27, 27, 467, 1, 25, 183, 1514 }, // U+7AE0
    { 28, 28, 467, 0, 25, 196, 1697 }, // U+7AEF
    { 28, 28, 467, 0, 25, 196, 0 }, // U+7B26
    { 27, 27, 467, 1, 25, 183, 196 }, // U+7B2C
    { 29, 27, 467, 0, 25, 196, 379 }, // U+7B7E
    { 27, 28, 467, 1, 25, 189, 575 }, // U+7B80
    { 28, 28, 467, 0, 25, 196, 764 }, // U+7B97
    { 28, 28, 467, 0, 25, 196, 960 }, // U+7BA1
    { 27, 28, 467, 1, 25, 189, 1156 }, // U+7BAD
    { 28, 27, 467, 0, 25, 189, 1345 }, // U+7C4D
    { 28, 27, 467, 1, 25, 189, 1534 }, // U+7C97
    { 27, 28, 467, 1, 25, 189, 1723 }, // U+7CFB
    { 27, 28, 467, 1, 25, 189, 0 }, // U+7D22
    { 27, 27, 467, 1, 24, 183, 189 }, // U+7D27
    { 28, 28, 467, 1, 26, 196, 372 }, // U+7EBF
    { 28, 27, 467, 0, 25, 189, 568 }, // U+7EC6
    { 28, 28, 467, 1, 25, 196, 757 }, // U+7EC8
    { 29, 27, 467, 0, 25, 196, 953 }, // U+7ED3
    { 28, 29, 467, 1, 26, 203, 1149 }, // U+7EDC
    { 29, 28, 467, 0, 25, 203, 1352 }, // U+7EDF
    { 28, 27, 467, 1, 25, 189, 1555 }, // U+7EE7
    { 28, 27, 467, 1, 25, 189, 1744 }, // U+7EEA
    { 28, 28, 467, 1, 25, 196, 0 }, // U+7EED
    { 28, 27, 467, 1, 25, 189, 196 }, // U+7EF4
    { 29, 28, 467, 0, 25, 203, 385 }, // U+7F13
    { 27, 27, 467, 1, 25, 183, 588 }, // U+7F16
    { 28, 28, 467, 1, 25, 196, 771 }, // U+7F1D
    { 28, 28, 467, 1, 25, 196, 967 }, // U+7F29
    { 25, 25, 467, 2, 23, 157, 1163 }, // U+7F51
    { 27, 26, 467, 1, 24, 176, 1320 }, // U+7F6E
    { 28, 27, 467, 0, 25, 189, 1496 }, // U+7FFB
    { 28, 27, 467, 0, 25, 189, 1685 }, // U+8005
    { 28, 27, 467, 1, 25, 189, 0 }, // U+80FD
    { 28, 28, 467, 0, 25, 196, 189 }, // U+8111
    { 28, 27, 467, 0, 25, 189, 385 }, // U+811A
    { 21, 28, 467, 4, 25, 147, 574 }, // U+81EA
    { 27, 25, 467, 1, 23, 169, 721 }, // U+81F3
    { 28, 27, 467, 1, 25, 189, 890 }, // U+8272
    { 27, 27, 467, 1, 25, 183, 1079 }, // U+8282
    { 27, 28, 467, 1, 25, 189, 1262 }, // U+82E5
    { 29, 28, 467, 0, 25, 203, 1451 }, // U+82F1
    { 27, 28, 467, 1, 25, 189, 1654 }, // U+8303
    { 28, 28, 467, 0, 25, 196, 0 }, // U+8350
    { 28, 28, 467, 0, 25, 196, 196 }, // U+83B7
    { 29, 27, 467, 0, 25, 196, 392 }, // U+83DC
    { 29, 27, 467, 0, 25, 196, 588 }, // U+843D
    { 27, 27, 467, 1, 25, 183, 784 }, // U+84DD
    { 28, 28, 467, 1, 25, 196, 967 }, // U+85CF
    { 28, 28, 467, 0, 25, 196, 1163 }, // U+884C
    { 29, 28, 467, 0, 25, 203, 1359 }, // U+8868
    { 29, 27, 467, 0, 25, 196, 1562 }, // U+88AB
    { 28, 28, 467, 1, 25, 196, 1758 }, // U+88C1
    { 28, 28, 467, 1, 25, 196, 0 }, // U+88C5
    { 29, 28, 467, 0, 25, 203, 196 }, // U+892A
    { 27, 27, 467, 1, 24, 183, 399 }, // U+8981
    { 28, 26, 467, 1, 23, 182, 582 }, // U+89C1
    { 27, 28, 467, 1, 25, 189, 764 }, // U+89C8
    { 28, 28, 467, 0, 25, 196, 953 }, // U+89E3
    { 29, 28, 467, 0, 25, 203, 1149 }, // U+89E6
    { 27, 28, 467, 1, 25, 189, 1352 }, // U+8A00
    { 28, 27, 467, 1, 25, 189, 1541 }, // U+8BA1
    { 28, 28, 467, 1, 25, 196, 1730 }, // U+8BA4
    { 28, 28, 467, 1, 25, 196, 0 }, // U+8BAE
    { 28, 27, 467, 1, 25, 189, 196 }, // U+8BB0
    { 28, 28, 467, 1, 25, 196, 385 }, // U+8BBE
    { 28, 27, 467, 1, 25, 189, 581 }, // U+8BC1
    { 26, 27, 467, 1, 24, 176, 770 }, // U+8BCD
    { 28, 27, 467, 1, 25, 189, 946 }, // U+8BD5
    { 27, 28, 467, 1, 25, 189, 1135 }, // U+8BE2
    { 28, 27, 467, 0, 25, 189, 1324 }, // U+8BE6
    { 27, 27, 467, 1, 24, 183, 1513 }, // U+8BED
    { 28, 28, 467, 1, 25, 196, 1696 }, // U+8BEF
    { 28, 28, 467, 1, 25, 196, 0 }, // U+8BF4
    { 28, 28, 467, 0, 25, 196, 196 }, // U+8BF7
    { 28, 28, 467, 1, 25, 196, 392 }, // U+8BFB
    { 27, 28, 467, 1, 25, 189, 588 }, // U+8C03
    { 28, 28, 467, 1, 25, 196, 777 }, // U+8D25
    { 28, 28, 467, 0, 25, 196, 973 }, // U+8D26
    { 29, 28, 467, 0, 25, 203, 1169 }, // U+8D77
    { 29, 28, 467, 0, 25, 203, 1372 }, // U+8D85
    { 28, 26, 467, 1, 23, 182, 1575 }, // U+8DB3
    { 29, 28, 467, 0, 25, 203, 1757 }, // U+8DC3
    { 29, 27, 467, 0, 25, 196, 0 }, // U+8DD1
    { 29, 25, 467, 0, 24, 182, 196 }, // U+8DDD
    { 29, 27, 467, 0, 24, 196, 378 }, // U+8DDF
    { 29, 28, 467, 1, 25, 203, 574 }, // U+8DF3
    { 29, 28, 467, 0, 25, 203, 777 }, // U+8F6C
    { 28, 27, 467, 0, 25, 189, 980 }, // U+8F7B
    { 28, 28, 467, 1, 25, 196, 1169 }, // U+8F7D
    { 29, 28, 467, 0, 25, 203, 1365 }, // U+8F83
    { 28, 27, 467, 1, 25, 189, 1568 }, // U+8F93
    { 30, 28, 467, 0, 25, 210, 0 }, // U+8FB9
    { 29, 28, 467, 0, 25, 203, 210 }, // U+8FBE
    { 29, 28, 467, 0, 25, 203, 413 }, // U+8FC7
    { 29, 28, 467, 0, 25, 203, 616 }, // U+8FD1
    { 29, 28, 467, 0, 25, 203, 819 }, // U+8FD4
    { 29, 28, 467, 0, 25, 203, 1022 }, // U+8FD8
    { 29, 28, 467, 0, 25, 203, 1225 }, // U+8FD9
    { 29, 28, 467, 0, 25, 203, 1428 }, // U+8FDB
    { 28, 27, 467, 1, 24, 189, 1631 }, // U+8FDC
    { 29, 28, 467, 0, 25, 203, 0 }, // U+8FDE
    { 28, 26, 467, 0, 24, 182, 203 }, // U+9000
    { 29, 28, 467, 0, 25, 203, 385 }, // U+9001
    { 28, 27, 467, 1, 25, 189, 588 }, // U+9002
    { 28, 29, 467, 1, 26, 203, 777 }, // U+9006
    { 28, 28, 467, 1, 25, 196, 980 }, // U+9009
    { 28, 28, 467, 1, 25, 196, 1176 }, // U+900F
    { 29, 27, 467, 0, 25, 196, 1372 }, // U+901A
    { 28, 28, 467, 1, 25, 196, 1568 }, // U+901F
    { 28, 28, 467, 1, 25, 196, 1764 }, // U+9065
    { 27, 28, 467, 1, 26, 189, 0 }, // U+90E8
    { 29, 28, 467, 0, 25, 203, 189 }, // U+90FD
    { 27, 26, 467, 1, 24, 176, 392 }, // U+914D
    { 28, 27, 467, 1, 24, 189, 568 }, // U+9192
    { 29, 27, 467, 0, 25, 196, 757 }, // U+91CA
    { 27, 27, 467, 1, 25, 183, 953 }, // U+91CD
    { 27, 26, 467, 1, 24, 176, 1136 }, // U+91CF
    { 29, 27, 467, 0, 25, 196, 1312 }, // U+9488
    { 27, 27, 467, 1, 25, 183, 1508 }, // U+949F
    { 29, 28, 467, 0, 25, 203, 1691 }, // U+94FE
    { 28, 27, 467, 0, 25, 189, 0 }, // U+9519
    { 29, 28, 467, 0, 25, 203, 189 }, // U+952E
    { 29, 28, 467, 0, 25, 203, 392 }, // U+952F
    { 29, 28, 467, 0, 25, 203, 595 }, // U+955C
    { 28, 27, 467, 1, 25, 189, 798 }, // U+957F
    { 25, 28, 467, 2, 25, 175, 987 }, // U+95ED
    { 25, 28, 467, 2, 25, 175, 1162 }, // U+95EE
    { 25, 27, 467, 2, 25, 169, 1337 }, // U+95F4
    { 25, 27, 467, 2, 25, 169, 1506 }, // U+9605
    { 25, 26, 467, 2, 24, 163, 1675 }, // U+9633
    { 27, 28, 467, 2, 25, 189, 0 }, // U+9644
    { 27, 28, 467, 2, 25, 189, 189 }, // U+9664
    { 26, 28, 467, 2, 25, 182, 378 }, // U+968F
    { 26, 27, 467, 2, 25, 176, 560 }, // U+9690
    { 26, 27, 467, 2, 24, 176, 736 }, // U+9700
    { 27, 25, 467, 1, 23, 169, 912 }, // U+9762
    { 27, 26, 467, 1, 23, 176, 1081 }, // U+9875
    { 28, 27, 467, 1, 24, 189, 1257 }, // U+9876
    { 29, 27, 467, 0, 24, 196, 1446 }, // U+9879
    { 28, 27, 467, 0, 24, 189, 1642 }, // U+987A
    { 29, 27, 467, 0, 24, 196, 0 }, // U+9884
    { 29, 28, 467, 0, 25, 203, 196 }, // U+9891
    { 29, 27, 467, 0, 24, 196, 399 }, // U+9898
    { 29, 28, 467, 0, 25, 203, 595 }, // U+9988
    { 27, 27, 467, 1, 25, 183, 798 }, // U+9996
    { 29, 28, 467, 0, 25, 203, 981 }, // U+9A8C
    { 26, 27, 467, 1, 25, 176, 1184 }, // U+9E1F
    { 28, 28, 467, 1, 25, 196, 1360 }, // U+9E70
    { 29, 28, 467, 0, 25, 203, 1556 }, // U+9ED8
    { 28, 29, 467, 1, 26, 203, 0 }, // U+9F50
    { 27, 27, 467, 1, 25, 183, 203 }, // U+9F7F
    { 18, 21, 328, 1, 21, 95, 0 }, // U+FB01
    { 20, 21, 347, 1, 21, 105, 95 }, // U+FB02
    { 5, 23, 467, 5, 22, 29, 0 }, // U+FF01
    { 8, 29, 467, 20, 26, 58, 29 }, // U+FF08
    { 9, 29, 467, 1, 26, 66, 87 }, // U+FF09
    { 7, 11, 467, 4, 7, 20, 153 }, // U+FF0C
    { 5, 19, 467, 5, 19, 24, 173 }, // U+FF1A
    { 14, 23, 467, 0, 22, 81, 197 }, // U+FF1F
};

static constexpr auto& geist_14_boldIntervals = builtin_font_metadata::data_ed1eff18119cdd18;

static const EpdFontGroup geist_14_boldGroups[] = {
    { 0, 571, 1997, 30, 0 },
    { 571, 498, 1996, 20, 30 },
    { 1069, 490, 1997, 25, 50 },
    { 1559, 376, 1408, 20, 75 },
    { 1935, 662, 2032, 32, 95 },
    { 2597, 392, 2022, 17, 127 },
    { 2989, 362, 2009, 18, 144 },
    { 3351, 368, 1969, 25, 162 },
    { 3719, 106, 350, 3, 187 },
    { 3825, 442, 2004, 17, 190 },
    { 4267, 315, 1963, 18, 207 },
    { 4582, 328, 1971, 23, 225 },
    { 4910, 368, 1932, 18, 248 },
    { 5278, 357, 2038, 19, 266 },
    { 5635, 357, 2026, 17, 285 },
    { 5992, 100, 464, 5, 302 },
    { 6092, 526, 1861, 16, 307 },
    { 6618, 140, 339, 22, 323 },
    { 6758, 457, 2039, 18, 345 },
    { 7215, 439, 1986, 18, 363 },
    { 7654, 464, 2007, 19, 381 },
    { 8118, 474, 2039, 26, 400 },
    { 8592, 544, 2003, 23, 426 },
    { 9136, 469, 1978, 18, 449 },
    { 9605, 282, 1080, 12, 467 },
    { 9887, 285, 1894, 14, 479 },
    { 10172, 305, 2022, 16, 493 },
    { 10477, 343, 2007, 20, 509 },
    { 10820, 274, 2024, 17, 529 },
    { 11094, 305, 2032, 18, 546 },
    { 11399, 148, 630, 5, 564 },
    { 11547, 217, 783, 20, 569 },
    { 11764, 168, 548, 17, 589 },
    { 11932, 186, 651, 6, 606 },
    { 12118, 552, 1925, 20, 612 },
    { 12670, 62, 154, 1, 632 },
    { 12732, 289, 1047, 13, 633 },
    { 13021, 380, 1965, 13, 646 },
    { 13401, 452, 1883, 10, 659 },
    { 13853, 587, 2008, 10, 669 },
    { 14440, 539, 1866, 9, 679 },
    { 14979, 566, 1901, 9, 688 },
    { 15545, 541, 2030, 10, 697 },
    { 16086, 493, 1929, 10, 707 },
    { 16579, 569, 1925, 10, 717 },
    { 17148, 550, 1917, 10, 727 },
    { 17698, 507, 2028, 11, 737 },
    { 18205, 454, 1910, 10, 748 },
    { 18659, 465, 1890, 10, 758 },
    { 19124, 507, 1903, 10, 768 },
    { 19631, 579, 2002, 10, 778 },
    { 20210, 578, 2038, 10, 788 },
    { 20788, 563, 1953, 10, 798 },
    { 21351, 418, 1868, 10, 808 },
    { 21769, 535, 1933, 10, 818 },
    { 22304, 627, 2039, 10, 828 },
    { 22931, 527, 1989, 10, 838 },
    { 23458, 577, 1904, 9, 848 },
    { 24035, 506, 1827, 9, 857 },
    { 24541, 637, 1896, 9, 866 },
    { 25178, 505, 1911, 10, 875 },
    { 25683, 505, 1924, 10, 885 },
    { 26188, 476, 1890, 9, 895 },
    { 26664, 545, 1879, 9, 904 },
    { 27209, 578, 1875, 9, 913 },
    { 27787, 699, 2036, 10, 922 },
    { 28486, 713, 2015, 10, 932 },
    { 29199, 625, 2001, 10, 942 },
    { 29824, 469, 1923, 10, 952 },
    { 30293, 501, 1885, 10, 962 },
    { 30794, 638, 2007, 10, 972 },
    { 31432, 627, 1959, 10, 982 },
    { 32059, 733, 1987, 10, 992 },
    { 32792, 699, 1925, 10, 1002 },
    { 33491, 521, 1911, 10, 1012 },
    { 34012, 669, 2041, 10, 1022 },
    { 34681, 592, 1988, 10, 1032 },
    { 35273, 614, 1918, 10, 1042 },
    { 35887, 669, 2030, 10, 1052 },
    { 36556, 623, 1878, 9, 1062 },
    { 37179, 592, 1981, 9, 1071 },
    { 37771, 648, 2022, 10, 1080 },
    { 38419, 577, 2007, 10, 1090 },
    { 38996, 529, 2002, 10, 1100 },
    { 39525, 571, 1917, 10, 1110 },
    { 40096, 601, 1902, 9, 1120 },
    { 40697, 122, 392, 2, 1129 },
    { 40819, 38, 210, 2, 1131 },
    { 40857, 128, 343, 6, 1133 },
};

static constexpr auto& geist_14_boldKernLeftCodepoints = builtin_font_metadata::data_6bbc9af5b25d7523;

static constexpr auto& geist_14_boldKernLeftClassIds = builtin_font_metadata::data_a8b76b9d18f3e643;

static constexpr auto& geist_14_boldKernRightCodepoints = builtin_font_metadata::data_c90bd07dc940980b;

static constexpr auto& geist_14_boldKernRightClassIds = builtin_font_metadata::data_64bf3560042f0581;

static constexpr auto& geist_14_boldKernRowOffsets = builtin_font_metadata::data_28d620090dfa72db;

static constexpr auto& geist_14_boldKernSparseCols = builtin_font_metadata::data_5fd9671e153153cc;

static const int8_t geist_14_boldKernSparseValues[] = {
     -23,  -14,    5,   -5,  -19,  -18,  -13,   -2,   -4,  -12,   -1,   -4,   -7,  -19,  -35,    7,
      -9,   -9,  -19,  -32,  -28,   -9,    1,  -34,  -15,    5,   -5,  -21,   -9,    5,  -19,   -5,
      -5,  -23,  -17,   -7,  -34,  -53,   -9,   -9,  -19,  -19,  -32,   -5,    3,   -9,   -9,  -17,
     -17,  -13,  -22,  -13,  -37,   -7,  -13,   -5,   -5,   -7,  -28,  -24,  -23,  -30,  -11,  -20,
     -19,  -26,  -21,  -34,  -21,  -26,  -15,  -19,  -26,    5,   -5,   -1,  -19,   -5,   -9,   -7,
     -19,   -5,   -9,  -12,   -9,   -7,   -6,   -2,   -7,   -2,   -9,   -9,   -9,  -14,   -5,   -4,
     -11,  -13,  -11,   -7,   -4,  -18,   -9,   -5,   -9,   -5,   -5,   -9,   -9,  -14,   -9,   -6,
      -9,   -9,   -5,  -23,  -12,   -9,   -6,  -16,    7,  -41,  -13,  -22,    5,   -5,  -20,    9,
      -4,   -9,   -5,   14,   14,   -4,   -7,   -9,   -9,   -9,  -25,   -5,  -17,   -9,  -11,  -11,
      -9,  -21,   -9,  -11,   -5,  -23,  -35,  -20,  -47,   -9,  -26,  -12,  -20,  -12,  -12,   -8,
     -12,  -11,  -53,  -38,   -5,  -12,  -21,  -12,   -9,  -34,  -10,  -31,  -14,   -7,  -34,   -5,
     -14,  -16,   -9,  -11,   -4,   -5,   -9,   -4,  -20,  -24,   -4,   -3,   -9,  -10,   -8,   -5,
      -9,   -5,  -20,  -24,  -12,  -14,   -7,   -5,   -5,   -3,   -5,  -12,   -9,  -12,   -4,   -4,
      -9,   -6,   -4,   -5,   -7,   -7,  -17,   -5,   -5,   -8,   -5,   -9,  -22,   -6,  -19,   -5,
      -9,    3,    3,   -4,   -7,    3,  -23,  -17,  -21,   -5,    1,    3,   -5,   -9,  -10,   -9,
     -15,   -2,  -10,   -5,   -9,   -1,   -1,   -4,    4,   -9,   -6,   -7,  -17,   -7,  -16,  -12,
     -14,   -6,  -16,  -37,  -40,  -14,   -7,   -7,   -7,  -28,  -11,   -7,   -9,   -7,   -7,  -12,
     -11,  -16,  -17,   -9,  -11,  -13,  -14,  -19,  -21,  -14,  -13,   -9,  -17,   -7,   -9,    3,
       5,  -10,   -7,   -7,  -13,   -2,   -7,   -5,  -13,   -5,   -7,   -7,   -7,   -7,   -7,    7,
     -12,   -5,   -9,   -3,   -5,   -5,  -17,  -13,   -2,    3,  -14,   -8,   -5,  -23,   -5,  -14,
     -11,    7,    7,   -8,    7,    3,   -9,   -7,   -3,   -8,   -4,   -7,   -9,  -14,   -9,   -7,
      -7,   -1,   -9,  -12,   -5,  -19,   -5,  -14,   -8,   -5,   -9,   -5,   -5,  -13,  -25,  -26,
      -4,   -7,  -23,  -14,  -17,  -17,  -23,   -7,  -41,  -56,   -1,   -9,  -60,   -7,  -37,  -15,
     -21,  -15,  -16,  -11,  -15,  -18,  -63,  -75,   -7,  -14,  -22,   -7,  -13,  -32,  -13,  -37,
     -21,   -9,  -32,   -5,  -49,  -11,  -39,   -9,   -7,   -9,   -7,   -9,  -37,   -9,  -21,  -19,
     -19,  -12,  -10,  -13,   -3,  -11,   -9,  -19,  -14,   -5,   -8,   -3,   -9,   -7,   -6,  -23,
     -12,   -3,  -17,  -11,   -9,  -14,   -5,  -12,  -15,  -14,    5,   -7,    7,  -41,  -16,  -47,
     -12,    5,  -25,   -9,   -8,  -19,   -8,  -56,  -13,   -8,   -5,   -1,    4,    9,  -33,  -37,
     -16,  -24,   -7,  -21,  -13,  -24,  -15,  -22,  -21,  -22,  -28,  -13,  -36,  -42,  -42,    4,
       4,  -22,   -9,  -38,    4,   -9,  -21,   -9,  -62,   -9,   -7,    9,   -5,  -34,  -33,  -29,
     -24,   -7,  -28,  -28,  -28,  -19,  -28,  -35,   -9,  -28,   -7,   -9,   -9,   -3,   -9,   -3,
     -11,   -3,   -7,   -5,   -5,   -5,  -17,  -21,   -8,   -3,   -5,  -14,   -7,  -17,  -19,   -9,
     -14,    9,   14,  -12,    9,  -11,   -4,   -4,   -4,   -1,   -5,   -5,   -1,   -5,  -21,   -4,
     -16,  -13,   -6,  -21,   -5,  -12,   -5,  -33,  -19,   -5,   -5,   -5,  -23,   -9,  -23,   -2,
      -5,  -14,  -16,   -2,   -5,  -12,   -5,  -14,  -29,  -11,  -12,  -12,  -12,    7,  -28,  -11,
     -21,   -8,  -12,  -12,  -12,   10,  -14,  -18,  -21,  -27,   -7,  -11,  -13,  -16,  -19,   -7,
     -13,    5,  -17,   -9,   -4,   -4,   -4,  -12,   -9,   -5,   -6,   -5,  -10,   -9,  -11,   -5,
     -10,   -7,   -7,   -7,  -19,   -9,   -3,   -3,   -3,   -9,   -5,  -19,   -6,   -6,  -11,  -17,
      -4,   -7,  -16,   -6,  -15,  -23,   -9,  -16,   -9,   -7,   -9,  -27,   -9,  -21,  -14,  -23,
      -5,  -23,  -23,  -26,  -63,  -25,  -16,  -23,  -20,  -22,   -9,  -33,  -21,  -17,  -22,  -25,
     -13,  -14,  -13,  -18,  -11,  -11,  -11,  -16,  -19,  -20,  -30,  -11,  -13,  -15,   -7,  -10,
     -30,  -14,  -13,  -15,  -65,  -33,   15,  -11,    4,   -5,   -5,   -5,   -7,   11,   -4,   -7,
      -8,   -5,    2,  -12,   -6,  -17,    1,  -12,  -24,   -5,  -23,  -13,   -9,   -5,   -7,   -5,
     -16,   -5,   -6,  -14,  -13,   -5,  -22,   -5,  -10,  -10,   -9,  -20,  -15,  -10,  -57,  -25,
      -9,   -7,   -9,  -27,   -9,  -21,  -14,  -23,   -5,  -23,  -23,  -26,  -29,  -25,  -16,  -23,
     -20,  -22,   -9,  -33,  -21,  -17,  -22,   -9,   -5,   -5,   -5,   -5,  -14,   -5,   -8,  -14,
      -9,  -12,  -13,   -9,  -11,   -7,  -17,  -23,  -10,  -11,    7,  -19,   -5,   -6,   -6,   -9,
     -22,  -21,  -28,    4,  -26,  -19,  -28,  -43,   -9,  -26,   -9,   -9,  -52,  -11,  -12,  -26,
      -4,  -11,  -26,  -19,   -5,  -26,   15,    6,    6,    6,   -5,   -9,   -4,   -7,    4,    1,
       2,   -5,    1,   22,   -8,  -13,   -8,   -5,   -8,   -3,   -9,   -7,   -6,  -23,  -12,   -3,
      -8,  -11,   -9,  -14,   -5,  -12,  -15,  -14,   23,  -11,   15,    7,    7,  -11,    7,    4,
       6,    8,   17,    5,   26,   -5,   -8,   -4,    2,   -4,   -6,   -5,  -14,   -7,   21,   -6,
     -50,    4,  -21,    4,
};

static constexpr auto& geist_14_boldLigaturePairs = builtin_font_metadata::data_caa06bde219df8d5;

static const EpdFontData geist_14_bold = {
    geist_14_boldBitmaps,
    geist_14_boldGlyphs,
    geist_14_boldIntervals,
    530,
    38,
    30,
    -9,
    true,
    geist_14_boldGroups,
    89,
    nullptr,
    nullptr,  // kernLeftClasses: built-in fonts use the split arrays below
    nullptr,  // kernRightClasses
    geist_14_boldKernLeftCodepoints,
    geist_14_boldKernLeftClassIds,
    geist_14_boldKernRightCodepoints,
    geist_14_boldKernRightClassIds,
    nullptr,  // kernMatrix: built-in fonts use the sparse form below
    geist_14_boldKernRowOffsets,
    geist_14_boldKernSparseCols,
    geist_14_boldKernSparseValues,
    510,
    520,
    60,
    58,
    geist_14_boldLigaturePairs,
    2,
};
