// Offline UI ink tuning: scripts/build_ui_ink.py; geometry preserved.
// Chinese UI charset SHA256: 3af59c8991e13a28ecfcf818705d335b2a2f885b99dad5d2f2f18c3685cc5456
// Noto Sans SC source SHA256: a3041811a78c361b1de50f953c805e0244951c21c5bd412f7232ef0d899af0da
/**
 * generated by fontconvert.py
 * name: geist_12_bold
 * size: 12
 * mode: 1-bit
 * Command used: lib/EpdFont/scripts/fontconvert.py geist_12_bold 12 ../builtinFonts/source/Geist/Geist-Bold.ttf ../builtinFonts/source/NotoSansHebrew/NotoSansHebrew-Bold.ttf ../builtinFonts/source/NotoSansArabic/NotoSansArabic-Bold.ttf <generated>/NotoSansSC-UI-500.ttf --additional-intervals 0x05D0,0x05EA --additional-intervals 0x060C,0x060C --additional-intervals 0x061B,0x061B --additional-intervals 0x061F,0x061F --additional-intervals 0x0621,0x0621 --additional-intervals 0x0640,0x0640 --additional-intervals 0x0654,0x0654 --additional-intervals 0x0660,0x0669 --additional-intervals 0x06BA,0x06BA --additional-intervals 0x06D4,0x06D4 --additional-intervals 0x06D5,0x06D5 --additional-intervals 0x06F0,0x06F9 --additional-intervals 0xFB56,0xFB59 --additional-intervals 0xFB66,0xFB69 --additional-intervals 0xFB7A,0xFB7D --additional-intervals 0xFB88,0xFB95 --additional-intervals 0xFB9E,0xFB9F --additional-intervals 0xFBA6,0xFBB1 --additional-intervals 0xFBFC,0xFBFF --additional-intervals 0xFE80,0xFEFC --additional-intervals 12289,12289 --additional-intervals 12290,12290 --additional-intervals 19968,19968 --additional-intervals 19978,19978 --additional-intervals 19979,19979 --additional-intervals 19981,19981 --additional-intervals 19982,19982 --additional-intervals 19988,19988 --additional-intervals 20002,20002 --additional-intervals 20004,20004 --additional-intervals 20010,20010 --additional-intervals 20013,20013 --additional-intervals 20018,20018 --additional-intervals 20026,20026 --additional-intervals 20027,20027 --additional-intervals 20041,20041 --additional-intervals 20043,20043 --additional-intervals 20064,20064 --additional-intervals 20070,20070 --additional-intervals 20108,20108 --additional-intervals 20110,20110 --additional-intervals 20114,20114 --additional-intervals 20132,20132 --additional-intervals 20142,20142 --additional-intervals 20154,20154 --additional-intervals 20165,20165 --additional-intervals 20170,20170 --additional-intervals 20174,20174 --additional-intervals 20182,20182 --additional-intervals 20197,20197 --additional-intervals 20214,20214 --additional-intervals 20219,20219 --additional-intervals 20241,20241 --additional-intervals 20256,20256 --additional-intervals 20272,20272 --additional-intervals 20301,20301 --additional-intervals 20307,20307 --additional-intervals 20313,20313 --additional-intervals 20316,20316 --additional-intervals 20320,20320 --additional-intervals 20351,20351 --additional-intervals 20379,20379 --additional-intervals 20391,20391 --additional-intervals 20415,20415 --additional-intervals 20445,20445 --additional-intervals 20449,20449 --additional-intervals 20462,20462 --additional-intervals 20498,20498 --additional-intervals 20540,20540 --additional-intervals 20542,20542 --additional-intervals 20559,20559 --additional-intervals 20648,20648 --additional-intervals 20803,20803 --additional-intervals 20808,20808 --additional-intervals 20809,20809 --additional-intervals 20837,20837 --additional-intervals 20840,20840 --additional-intervals 20845,20845 --additional-intervals 20851,20851 --additional-intervals 20854,20854 --additional-intervals 20855,20855 --additional-intervals 20856,20856 --additional-intervals 20869,20869 --additional-intervals 20876,20876 --additional-intervals 20877,20877 --additional-intervals 20889,20889 --additional-intervals 20934,20934 --additional-intervals 20945,20945 --additional-intervals 20986,20986 --additional-intervals 20998,20998 --additional-intervals 20999,20999 --additional-intervals 21015,21015 --additional-intervals 21019,21019 --additional-intervals 21021,21021 --additional-intervals 21024,21024 --additional-intervals 21040,21040 --additional-intervals 21046,21046 --additional-intervals 21047,21047 --additional-intervals 21069,21069 --additional-intervals 21097,21097 --additional-intervals 21098,21098 --additional-intervals 21151,21151 --additional-intervals 21152,21152 --additional-intervals 21153,21153 --additional-intervals 21160,21160 --additional-intervals 21247,21247 --additional-intervals 21253,21253 --additional-intervals 21305,21305 --additional-intervals 21306,21306 --additional-intervals 21333,21333 --additional-intervals 21344,21344 --additional-intervals 21345,21345 --additional-intervals 21363,21363 --additional-intervals 21387,21387 --additional-intervals 21407,21407 --additional-intervals 21453,21453 --additional-intervals 21457,21457 --additional-intervals 21462,21462 --additional-intervals 21475,21475 --additional-intervals 21487,21487 --additional-intervals 21491,21491 --additional-intervals 21495,21495 --additional-intervals 21508,21508 --additional-intervals 21516,21516 --additional-intervals 21517,21517 --additional-intervals 21518,21518 --additional-intervals 21521,21521 --additional-intervals 21542,21542 --additional-intervals 21547,21547 --additional-intervals 21551,21551 --additional-intervals 21578,21578 --additional-intervals 21608,21608 --additional-intervals 21629,21629 --additional-intervals 21644,21644 --additional-intervals 21704,21704 --additional-intervals 21796,21796 --additional-intervals 22120,22120 --additional-intervals 22235,22235 --additional-intervals 22238,22238 --additional-intervals 22240,22240 --additional-intervals 22260,22260 --additional-intervals 22266,22266 --additional-intervals 22270,22270 --additional-intervals 22278,22278 --additional-intervals 22312,22312 --additional-intervals 22320,22320 --additional-intervals 22336,22336 --additional-intervals 22343,22343 --additional-intervals 22402,22402 --additional-intervals 22522,22522 --additional-intervals 22686,22686 --additional-intervals 22791,22791 --additional-intervals 22797,22797 --additional-intervals 22810,22810 --additional-intervals 22812,22812 --additional-intervals 22823,22823 --additional-intervals 22825,22825 --additional-intervals 22833,22833 --additional-intervals 22836,22836 --additional-intervals 22841,22841 --additional-intervals 22987,22987 --additional-intervals 23383,23383 --additional-intervals 23384,23384 --additional-intervals 23433,23433 --additional-intervals 23436,23436 --additional-intervals 23450,23450 --additional-intervals 23478,23478 --additional-intervals 23481,23481 --additional-intervals 23485,23485 --additional-intervals 23494,23494 --additional-intervals 23545,23545 --additional-intervals 23553,23553 --additional-intervals 23558,23558 --additional-intervals 23567,23567 --additional-intervals 23569,23569 --additional-intervals 23578,23578 --additional-intervals 23601,23601 --additional-intervals 23616,23616 --additional-intervals 23621,23621 --additional-intervals 23631,23631 --additional-intervals 24037,24037 --additional-intervals 24038,24038 --additional-intervals 24050,24050 --additional-intervals 24067,24067 --additional-intervals 24076,24076 --additional-intervals 24102,24102 --additional-intervals 24149,24149 --additional-intervals 24179,24179 --additional-intervals 24182,24182 --additional-intervals 24207,24207 --additional-intervals 24212,24212 --additional-intervals 24213,24213 --additional-intervals 24230,24230 --additional-intervals 24314,24314 --additional-intervals 24320,24320 --additional-intervals 24335,24335 --additional-intervals 24341,24341 --additional-intervals 24377,24377 --additional-intervals 24403,24403 --additional-intervals 24405,24405 --additional-intervals 24471,24471 --additional-intervals 24536,24536 --additional-intervals 24555,24555 --additional-intervals 24573,24573 --additional-intervals 24577,24577 --additional-intervals 24674,24674 --additional-intervals 24687,24687 --additional-intervals 24773,24773 --additional-intervals 24815,24815 --additional-intervals 24847,24847 --additional-intervals 24930,24930 --additional-intervals 25104,25104 --additional-intervals 25110,25110 --additional-intervals 25130,25130 --additional-intervals 25143,25143 --additional-intervals 25152,25152 --additional-intervals 25163,25163 --additional-intervals 25171,25171 --additional-intervals 25195,25195 --additional-intervals 25214,25214 --additional-intervals 25239,25239 --additional-intervals 25253,25253 --additional-intervals 25300,25300 --additional-intervals 25321,25321 --additional-intervals 25345,25345 --additional-intervals 25351,25351 --additional-intervals 25353,25353 --additional-intervals 25381,25381 --additional-intervals 25442,25442 --additional-intervals 25454,25454 --additional-intervals 25490,25490 --additional-intervals 25509,25509 --additional-intervals 25511,25511 --additional-intervals 25512,25512 --additional-intervals 25551,25551 --additional-intervals 25552,25552 --additional-intervals 25554,25554 --additional-intervals 25628,25628 --additional-intervals 25688,25688 --additional-intervals 25805,25805 --additional-intervals 25910,25910 --additional-intervals 25913,25913 --additional-intervals 25918,25918 --additional-intervals 25928,25928 --additional-intervals 25968,25968 --additional-intervals 25972,25972 --additional-intervals 25991,25991 --additional-intervals 26012,26012 --additional-intervals 26029,26029 --additional-intervals 26032,26032 --additional-intervals 26041,26041 --additional-intervals 26080,26080 --additional-intervals 26085,26085 --additional-intervals 26089,26089 --additional-intervals 26102,26102 --additional-intervals 26126,26126 --additional-intervals 26159,26159 --additional-intervals 26174,26174 --additional-intervals 26224,26224 --additional-intervals 26234,26234 --additional-intervals 26242,26242 --additional-intervals 26356,26356 --additional-intervals 26368,26368 --additional-intervals 26377,26377 --additional-intervals 26381,26381 --additional-intervals 26399,26399 --additional-intervals 26410,26410 --additional-intervals 26411,26411 --additional-intervals 26412,26412 --additional-intervals 26426,26426 --additional-intervals 26465,26465 --additional-intervals 26469,26469 --additional-intervals 26494,26494 --additional-intervals 26512,26512 --additional-intervals 26524,26524 --additional-intervals 26597,26597 --additional-intervals 26631,26631 --additional-intervals 26639,26639 --additional-intervals 26679,26679 --additional-intervals 26681,26681 --additional-intervals 26684,26684 --additional-intervals 26694,26694 --additional-intervals 26723,26723 --additional-intervals 26816,26816 --additional-intervals 27169,27169 --additional-intervals 27178,27178 --additional-intervals 27425,27425 --additional-intervals 27491,27491 --additional-intervals 27492,27492 --additional-intervals 27493,27493 --additional-intervals 27573,27573 --additional-intervals 27599,27599 --additional-intervals 27604,27604 --additional-intervals 27700,27700 --additional-intervals 27785,27785 --additional-intervals 27809,27809 --additional-intervals 27861,27861 --additional-intervals 27880,27880 --additional-intervals 27963,27963 --additional-intervals 27973,27973 --additional-intervals 27983,27983 --additional-intervals 28040,28040 --additional-intervals 28145,28145 --additional-intervals 28155,28155 --additional-intervals 28165,28165 --additional-intervals 28176,28176 --additional-intervals 28201,28201 --additional-intervals 28304,28304 --additional-intervals 28369,28369 --additional-intervals 28388,28388 --additional-intervals 28783,28783 --additional-intervals 28857,28857 --additional-intervals 28909,28909 --additional-intervals 28982,28982 --additional-intervals 29255,29255 --additional-intervals 29256,29256 --additional-intervals 29273,29273 --additional-intervals 29366,29366 --additional-intervals 29483,29483 --additional-intervals 29575,29575 --additional-intervals 29616,29616 --additional-intervals 29702,29702 --additional-intervals 29992,29992 --additional-intervals 30005,30005 --additional-intervals 30011,30011 --additional-intervals 30028,30028 --additional-intervals 30041,30041 --additional-intervals 30053,30053 --additional-intervals 30331,30331 --additional-intervals 30334,30334 --additional-intervals 30340,30340 --additional-intervals 30424,30424 --additional-intervals 30446,30446 --additional-intervals 30452,30452 --additional-intervals 30475,30475 --additional-intervals 30496,30496 --additional-intervals 30528,30528 --additional-intervals 30561,30561 --additional-intervals 30701,30701 --additional-intervals 30721,30721 --additional-intervals 30830,30830 --additional-intervals 31034,31034 --additional-intervals 31105,31105 --additional-intervals 31186,31186 --additional-intervals 31216,31216 --additional-intervals 31227,31227 --additional-intervals 31243,31243 --additional-intervals 31354,31354 --additional-intervals 31435,31435 --additional-intervals 31446,31446 --additional-intervals 31456,31456 --additional-intervals 31471,31471 --additional-intervals 31526,31526 --additional-intervals 31532,31532 --additional-intervals 31614,31614 --additional-intervals 31616,31616 --additional-intervals 31639,31639 --additional-intervals 31649,31649 --additional-intervals 31661,31661 --additional-intervals 31821,31821 --additional-intervals 31895,31895 --additional-intervals 31995,31995 --additional-intervals 32034,32034 --additional-intervals 32039,32039 --additional-intervals 32447,32447 --additional-intervals 32454,32454 --additional-intervals 32456,32456 --additional-intervals 32467,32467 --additional-intervals 32476,32476 --additional-intervals 32479,32479 --additional-intervals 32487,32487 --additional-intervals 32490,32490 --additional-intervals 32493,32493 --additional-intervals 32500,32500 --additional-intervals 32531,32531 --additional-intervals 32534,32534 --additional-intervals 32541,32541 --additional-intervals 32553,32553 --additional-intervals 32593,32593 --additional-intervals 32622,32622 --additional-intervals 32763,32763 --additional-intervals 32773,32773 --additional-intervals 33021,33021 --additional-intervals 33041,33041 --additional-intervals 33050,33050 --additional-intervals 33258,33258 --additional-intervals 33267,33267 --additional-intervals 33394,33394 --additional-intervals 33410,33410 --additional-intervals 33509,33509 --additional-intervals 33521,33521 --additional-intervals 33539,33539 --additional-intervals 33616,33616 --additional-intervals 33719,33719 --additional-intervals 33756,33756 --additional-intervals 33853,33853 --additional-intervals 34013,34013 --additional-intervals 34255,34255 --additional-intervals 34892,34892 --additional-intervals 34920,34920 --additional-intervals 34987,34987 --additional-intervals 35009,35009 --additional-intervals 35013,35013 --additional-intervals 35114,35114 --additional-intervals 35201,35201 --additional-intervals 35265,35265 --additional-intervals 35272,35272 --additional-intervals 35299,35299 --additional-intervals 35302,35302 --additional-intervals 35328,35328 --additional-intervals 35745,35745 --additional-intervals 35748,35748 --additional-intervals 35758,35758 --additional-intervals 35760,35760 --additional-intervals 35774,35774 --additional-intervals 35777,35777 --additional-intervals 35789,35789 --additional-intervals 35797,35797 --additional-intervals 35810,35810 --additional-intervals 35814,35814 --additional-intervals 35821,35821 --additional-intervals 35823,35823 --additional-intervals 35828,35828 --additional-intervals 35831,35831 --additional-intervals 35835,35835 --additional-intervals 35843,35843 --additional-intervals 36133,36133 --additional-intervals 36134,36134 --additional-intervals 36215,36215 --additional-intervals 36229,36229 --additional-intervals 36275,36275 --additional-intervals 36291,36291 --additional-intervals 36305,36305 --additional-intervals 36317,36317 --additional-intervals 36319,36319 --additional-intervals 36339,36339 --additional-intervals 36716,36716 --additional-intervals 36731,36731 --additional-intervals 36733,36733 --additional-intervals 36739,36739 --additional-intervals 36755,36755 --additional-intervals 36793,36793 --additional-intervals 36798,36798 --additional-intervals 36807,36807 --additional-intervals 36817,36817 --additional-intervals 36820,36820 --additional-intervals 36824,36824 --additional-intervals 36825,36825 --additional-intervals 36827,36827 --additional-intervals 36828,36828 --additional-intervals 36830,36830 --additional-intervals 36864,36864 --additional-intervals 36865,36865 --additional-intervals 36866,36866 --additional-intervals 36870,36870 --additional-intervals 36873,36873 --additional-intervals 36879,36879 --additional-intervals 36890,36890 --additional-intervals 36895,36895 --additional-intervals 37096,37096 --additional-intervals 37117,37117 --additional-intervals 37197,37197 --additional-intervals 37266,37266 --additional-intervals 37322,37322 --additional-intervals 37325,37325 --additional-intervals 37327,37327 --additional-intervals 38024,38024 --additional-intervals 38047,38047 --additional-intervals 38142,38142 --additional-intervals 38169,38169 --additional-intervals 38190,38190 --additional-intervals 38191,38191 --additional-intervals 38236,38236 --additional-intervals 38271,38271 --additional-intervals 38381,38381 --additional-intervals 38382,38382 --additional-intervals 38388,38388 --additional-intervals 38405,38405 --additional-intervals 38451,38451 --additional-intervals 38468,38468 --additional-intervals 38500,38500 --additional-intervals 38543,38543 --additional-intervals 38544,38544 --additional-intervals 38656,38656 --additional-intervals 38754,38754 --additional-intervals 39029,39029 --additional-intervals 39030,39030 --additional-intervals 39033,39033 --additional-intervals 39034,39034 --additional-intervals 39044,39044 --additional-intervals 39057,39057 --additional-intervals 39064,39064 --additional-intervals 39304,39304 --additional-intervals 39318,39318 --additional-intervals 39564,39564 --additional-intervals 40479,40479 --additional-intervals 40560,40560 --additional-intervals 40664,40664 --additional-intervals 40784,40784 --additional-intervals 40831,40831 --additional-intervals 65281,65281 --additional-intervals 65288,65288 --additional-intervals 65289,65289 --additional-intervals 65292,65292 --additional-intervals 65306,65306 --additional-intervals 65311,65311
 */
#pragma once
#include "builtin_font_metadata.h"
#include "EpdFontData.h"

static const uint8_t geist_12_boldBitmaps[65809] = {
    0xFF, 0xFF, 0xFF, 0xFF, 0xDE, 0xF7, 0xBC, 0xE0, 0x03, 0xFF, 0xFF, 0xC0, 0xEF, 0xEF, 0xEF, 0xEF,
    0xEF, 0xEF, 0xE7, 0x0F, 0x3C, 0x3E, 0xF8, 0x79, 0xE0, 0xF3, 0xC7, 0xFF, 0xEF, 0xFF, 0xDF, 0xFF,
    0x9F, 0x7C, 0x3C, 0xF0, 0x79, 0xE0, 0xF3, 0xC7, 0xFF, 0xEF, 0xFF, 0xDF, 0xFF, 0x9F, 0x7C, 0x3C,
    0xF0, 0x79, 0xE0, 0xF3, 0xC0, 0x03, 0x80, 0x07, 0x00, 0x7F, 0x81, 0xFF, 0x87, 0xFF, 0x8F, 0xFF,
    0xBE, 0xFF, 0x7D, 0xDE, 0xFB, 0x9C, 0xFF, 0x01, 0xFF, 0x81, 0xFF, 0xC0, 0xFF, 0xC0, 0x7F, 0xBC,
    0xEF, 0xFD, 0xDF, 0xFB, 0xBE, 0xFF, 0xF9, 0xFF, 0xF1, 0xFF, 0xC0, 0xFF, 0x00, 0x70, 0x00, 0xE0,
    0x00, 0x3F, 0x03, 0x87, 0xF8, 0x38, 0x73, 0x87, 0x07, 0x38, 0xF0, 0x73, 0xCE, 0x07, 0x39, 0xC0,
    0x7B, 0xBC, 0x07, 0xFB, 0x80, 0x3F, 0x70, 0x00, 0x0F, 0x7C, 0x00, 0xEF, 0xE0, 0x1D, 0xEF, 0x03,
    0xDC, 0x70, 0x39, 0xC7, 0x07, 0x1C, 0x70, 0xF1, 0xEF, 0x0E, 0x0F, 0xE1, 0xC0, 0x7C, 0x07, 0xF0,
    0x07, 0xFE, 0x01, 0xFF, 0x80, 0xF9, 0xF0, 0x3E, 0x7C, 0x0F, 0x9F, 0x01, 0xFF, 0x80, 0x7F, 0xC0,
    0x0F, 0xE0, 0x0F, 0xF9, 0x07, 0xFE, 0x79, 0xF7, 0xFE, 0x78, 0xFF, 0xBE, 0x1F, 0xC7, 0xC7, 0xF1,
    0xFF, 0xFC, 0x3F, 0xFF, 0x07, 0xFF, 0xE0, 0xEE, 0xEE, 0xEE, 0xE0, 0x1E, 0x78, 0xF3, 0xE7, 0x8F,
    0x3E, 0x78, 0xF1, 0xE3, 0xC7, 0x8F, 0x1E, 0x3C, 0x7C, 0x78, 0xF1, 0xF1, 0xE3, 0xC3, 0xC0, 0xF0,
    0x78, 0x78, 0x3C, 0x3C, 0x3E, 0x3E, 0x1E, 0x1E, 0x1E, 0x1E, 0x1E, 0x1E, 0x1E, 0x1E, 0x3E, 0x3E,
    0x3C, 0x7C, 0x78, 0x78, 0xF0, 0x00, 0x0E, 0xE3, 0xF8, 0x7C, 0x7F, 0xDF, 0xF7, 0xFC, 0x7C, 0x3F,
    0x0E, 0xE0, 0x20, 0x0F, 0x00, 0x78, 0x03, 0xC0, 0x1E, 0x00, 0xF0, 0x7F, 0xFF, 0xFF, 0xFF, 0xFF,
    0xFF, 0xF0, 0x78, 0x03, 0xC0, 0x1E, 0x00, 0xF0, 0x00, 0x7B, 0xDE, 0xF3, 0x9D, 0xCE, 0x7F, 0xDF,
    0xF7, 0xFC, 0x7B, 0xDE, 0xF0, 0x00, 0xF0, 0x1F, 0x01, 0xE0, 0x1E, 0x03, 0xE0, 0x3C, 0x03, 0xC0,
    0x7C, 0x07, 0x80, 0x78, 0x0F, 0x80, 0xF0, 0x0F, 0x01, 0xF0, 0x1E, 0x01, 0xE0, 0x3E, 0x03, 0xC0,
    0x3C, 0x07, 0xC0, 0x78, 0x07, 0x80, 0x0F, 0xE0, 0x1F, 0xF8, 0x3F, 0xFC, 0x7F, 0xFE, 0x7C, 0x3E,
    0xFC, 0x3F, 0xF8, 0x3F, 0xF8, 0x3F, 0xF8, 0x1F, 0xF8, 0x1F, 0xF8, 0x3F, 0xF8, 0x3F, 0xFC, 0x3F,
    0x7C, 0x3E, 0x7F, 0xFE, 0x3F, 0xFC, 0x1F, 0xF8, 0x0F, 0xE0, 0x07, 0x83, 0xC3, 0xEF, 0xF7, 0xFB,
    0xFC, 0x3E, 0x1F, 0x0F, 0x87, 0xC3, 0xE1, 0xF0, 0xF8, 0x7C, 0x3E, 0x1F, 0x0F, 0x87, 0xC0, 0x0F,
    0xE0, 0xFF, 0xE7, 0xFF, 0x9F, 0x1F, 0xF8, 0x7F, 0xE0, 0xF0, 0x07, 0xC0, 0x3F, 0x03, 0xF8, 0x3F,
    0xC1, 0xFE, 0x0F, 0xF0, 0x7F, 0x01, 0xF0, 0x07, 0xC0, 0x3F, 0xFF, 0xFF, 0xFF, 0xFF, 0xF0, 0x1F,
    0xF0, 0x7F, 0xF1, 0xFF, 0xF7, 0xFF, 0xEF, 0x87, 0xE0, 0x0F, 0x80, 0xFF, 0x03, 0xFC, 0x07, 0xF8,
    0x0F, 0xF8, 0x03, 0xF8, 0x03, 0xFF, 0x83, 0xFF, 0x8F, 0xFF, 0xFF, 0xBF, 0xFE, 0x3F, 0xF8, 0x3F,
    0xE0, 0x00, 0xFC, 0x01, 0xFC, 0x03, 0xFC, 0x03, 0xFC, 0x07, 0xFC, 0x0F, 0xFC, 0x0F, 0x7C, 0x1F,
    0x7C, 0x3E, 0x7C, 0x7C, 0x7C, 0x78, 0x7C, 0xFF, 0xFF, 0xFF, 0xFF, 0xFF, 0xFF, 0x00, 0x7C, 0x00,
    0x7C, 0x00, 0x7C, 0x00, 0x7C, 0x7F, 0xFC, 0xFF, 0xF9, 0xFF, 0xF3, 0xC0, 0x07, 0x80, 0x0F, 0xFE,
    0x1F, 0xFE, 0x3F, 0xFE, 0xFE, 0xFD, 0xF0, 0x78, 0x00, 0xF8, 0x01, 0xFF, 0x03, 0xFF, 0x07, 0xBF,
    0x3F, 0x3F, 0xFC, 0x3F, 0xF8, 0x3F, 0xC0, 0x0F, 0xE0, 0x7F, 0xE3, 0xFF, 0x9F, 0x1F, 0x78, 0x3F,
    0xE0, 0x0F, 0x7E, 0x3F, 0xFE, 0xFF, 0xFB, 0xF3, 0xFF, 0x87, 0xFC, 0x0F, 0xF0, 0x3F, 0xE1, 0xF7,
    0xCF, 0xDF, 0xFE, 0x3F, 0xF0, 0x7F, 0x80, 0xFF, 0xFF, 0xFF, 0xFF, 0xFF, 0xC0, 0x1E, 0x00, 0xF8,
    0x03, 0xC0, 0x1E, 0x00, 0xF8, 0x03, 0xC0, 0x1F, 0x00, 0x78, 0x01, 0xE0, 0x0F, 0x80, 0x3E, 0x00,
    0xF8, 0x03, 0xC0, 0x0F, 0x00, 0x3C, 0x00, 0x0F, 0xF8, 0x3F, 0xFC, 0x3F, 0xFE, 0x7E, 0x3E, 0x7C,
    0x1E, 0x3E, 0x3E, 0x3F, 0xFC, 0x1F, 0xF8, 0x3F, 0xFC, 0x7E, 0x7E, 0x7C, 0x1F, 0x78, 0x1F, 0xF8,
    0x1F, 0x7C, 0x1F, 0x7E, 0x3F, 0x7F, 0xFE, 0x3F, 0xFC, 0x0F, 0xF8, 0x0F, 0xE0, 0x7F, 0xF0, 0xFF,
    0xF3, 0xF3, 0xE7, 0x83, 0xCF, 0x07, 0xDE, 0x0F, 0xBC, 0x1F, 0x7E, 0xFE, 0xFF, 0xFC, 0xFF, 0xF8,
    0x7F, 0xF0, 0x03, 0xEF, 0x07, 0x9F, 0x1F, 0x1F, 0xFC, 0x3F, 0xF0, 0x1F, 0xC0, 0xFF, 0xFF, 0xF0,
    0x00, 0x00, 0x07, 0xFF, 0xFF, 0x80, 0xFF, 0xFF, 0xF0, 0x00, 0x00, 0x07, 0xFF, 0xFF, 0x9C, 0xEE,
    0x70, 0x00, 0x00, 0x07, 0x01, 0xF0, 0xFF, 0x3F, 0xFF, 0xFC, 0xFF, 0x0F, 0x80, 0xFE, 0x0F, 0xFC,
    0x7F, 0xF1, 0xFF, 0x03, 0xF0, 0x0F, 0x00, 0x10, 0xFF, 0xFF, 0xFF, 0xFF, 0xF0, 0x00, 0x00, 0x00,
    0x00, 0xFF, 0xFF, 0xFF, 0xFF, 0xF0, 0x00, 0x0E, 0x00, 0xF8, 0x0F, 0xF0, 0xFF, 0xC3, 0xFF, 0x0F,
    0xF0, 0x3F, 0x07, 0xF3, 0xFF, 0xFF, 0xEF, 0xF8, 0xFC, 0x0F, 0x00, 0x80, 0x00, 0x0F, 0xE0, 0xFF,
    0xE3, 0xFF, 0xDF, 0x9F, 0x78, 0x3D, 0xE0, 0xF0, 0x07, 0xC0, 0x7F, 0x03, 0xF8, 0x0F, 0x80, 0x7C,
    0x01, 0xF0, 0x07, 0x80, 0x00, 0x00, 0x7C, 0x01, 0xF0, 0x07, 0xC0, 0x1F, 0x00, 0x01, 0xFF, 0x80,
    0x1F, 0xFF, 0x80, 0xFF, 0xFF, 0x07, 0x80, 0x3E, 0x3C, 0x00, 0x39, 0xE3, 0xFE, 0xF7, 0x1F, 0xF9,
    0xFC, 0xFF, 0xE7, 0xE7, 0xCF, 0x9F, 0x9E, 0x1E, 0x7E, 0x78, 0x71, 0xF9, 0xE1, 0xC7, 0xE7, 0x8F,
    0x1F, 0x9F, 0xFF, 0xEE, 0x3F, 0xFF, 0xBC, 0x7E, 0xFC, 0x78, 0x00, 0x01, 0xF0, 0x00, 0x03, 0xFF,
    0xF0, 0x07, 0xFF, 0xC0, 0x07, 0xFE, 0x00, 0x03, 0xF0, 0x00, 0xFC, 0x00, 0x3F, 0x80, 0x1F, 0xE0,
    0x07, 0xF8, 0x01, 0xFF, 0x00, 0xFB, 0xC0, 0x3C, 0xF0, 0x1F, 0x3E, 0x07, 0xC7, 0x81, 0xE1, 0xE0,
    0xFF, 0xFC, 0x3F, 0xFF, 0x0F, 0xFF, 0xE7, 0xC0, 0xF9, 0xF0, 0x1E, 0x78, 0x07, 0xFE, 0x01, 0xF0,
    0xFF, 0xF0, 0xFF, 0xFC, 0xFF, 0xFC, 0xF8, 0x7E, 0xF8, 0x3E, 0xF8, 0x3E, 0xF8, 0x7C, 0xFF, 0xFC,
    0xFF, 0xF8, 0xFF, 0xFC, 0xF8, 0x7E, 0xF8, 0x1E, 0xF8, 0x1F, 0xF8, 0x1F, 0xF8, 0x3E, 0xFF, 0xFE,
    0xFF, 0xFC, 0xFF, 0xF8, 0x07, 0xF8, 0x0F, 0xFE, 0x0F, 0xFF, 0x8F, 0xFF, 0xE7, 0xE1, 0xFF, 0xE0,
    0xFF, 0xF0, 0x3F, 0xF0, 0x00, 0xF8, 0x00, 0x7C, 0x00, 0x3E, 0x00, 0x1F, 0x81, 0xFF, 0xC1, 0xFB,
    0xF0, 0xFD, 0xFF, 0xFC, 0x7F, 0xFC, 0x1F, 0xFC, 0x03, 0xFC, 0x00, 0xFF, 0xE0, 0xFF, 0xF8, 0xFF,
    0xFC, 0xF8, 0x7E, 0xF8, 0x3E, 0xF8, 0x1F, 0xF8, 0x1F, 0xF8, 0x0F, 0xF8, 0x0F, 0xF8, 0x0F, 0xF8,
    0x0F, 0xF8, 0x1F, 0xF8, 0x1F, 0xF8, 0x3E, 0xF8, 0x7E, 0xFF, 0xFC, 0xFF, 0xF8, 0xFF, 0xF0, 0xFF,
    0xFF, 0xFF, 0xFF, 0xFF, 0xFE, 0x00, 0xF8, 0x03, 0xE0, 0x0F, 0x80, 0x3F, 0xFE, 0xFF, 0xFB, 0xFF,
    0xEF, 0x80, 0x3E, 0x00, 0xF8, 0x03, 0xE0, 0x0F, 0x80, 0x3F, 0xFF, 0xFF, 0xFF, 0xFF, 0xF0, 0xFF,
    0xFB, 0xFF, 0xEF, 0xFF, 0xBE, 0x00, 0xF8, 0x03, 0xE0, 0x0F, 0x80, 0x3E, 0x00, 0xFF, 0xFB, 0xFF,
    0xEF, 0xFF, 0xBE, 0x00, 0xF8, 0x03, 0xE0, 0x0F, 0x80, 0x3E, 0x00, 0xF8, 0x03, 0xE0, 0x00, 0x07,
    0xF8, 0x0F, 0xFF, 0x0F, 0xFF, 0xCF, 0xFF, 0xE7, 0xE1, 0xFF, 0xE0, 0xFF, 0xF0, 0x01, 0xF0, 0x00,
    0xF8, 0xFF, 0xFC, 0x7F, 0xFE, 0x3F, 0xFF, 0x8F, 0xFF, 0xC0, 0xFB, 0xF0, 0xFD, 0xFF, 0xFE, 0x7F,
    0xFF, 0x1F, 0xFF, 0x83, 0xF9, 0xC0, 0xF8, 0x1F, 0xF8, 0x1F, 0xF8, 0x1F, 0xF8, 0x1F, 0xF8, 0x1F,
    0xF8, 0x1F, 0xF8, 0x1F, 0xFF, 0xFF, 0xFF, 0xFF, 0xFF, 0xFF, 0xF8, 0x1F, 0xF8, 0x1F, 0xF8, 0x1F,
    0xF8, 0x1F, 0xF8, 0x1F, 0xF8, 0x1F, 0xF8, 0x1F, 0xF8, 0x1F, 0xFF, 0xFF, 0xFF, 0xFF, 0xFF, 0xFF,
    0xFF, 0xFF, 0xFF, 0xFF, 0xFF, 0xC0, 0x00, 0x7C, 0x01, 0xF0, 0x07, 0xC0, 0x1F, 0x00, 0x7C, 0x01,
    0xF0, 0x07, 0xC0, 0x1F, 0x00, 0x7C, 0x01, 0xF0, 0x07, 0xFE, 0x1F, 0xF8, 0x7F, 0xF3, 0xFF, 0xFF,
    0x9F, 0xFE, 0x3F, 0xF0, 0x7F, 0x00, 0xF8, 0x3F, 0xF8, 0x7E, 0xF8, 0x7C, 0xF8, 0xF8, 0xF9, 0xF0,
    0xFB, 0xF0, 0xFF, 0xE0, 0xFF, 0xC0, 0xFF, 0xC0, 0xFF, 0xC0, 0xFF, 0xE0, 0xFD, 0xF0, 0xF9, 0xF8,
    0xF8, 0xF8, 0xF8, 0x7C, 0xF8, 0x7E, 0xF8, 0x3E, 0xF8, 0x1F, 0xF8, 0x07, 0xC0, 0x3E, 0x01, 0xF0,
    0x0F, 0x80, 0x7C, 0x03, 0xE0, 0x1F, 0x00, 0xF8, 0x07, 0xC0, 0x3E, 0x01, 0xF0, 0x0F, 0x80, 0x7C,
    0x03, 0xE0, 0x1F, 0xFF, 0xFF, 0xFF, 0xFF, 0xC0, 0xFE, 0x03, 0xFF, 0xF8, 0x1F, 0xFF, 0xC1, 0xFF,
    0xFE, 0x0F, 0xFF, 0xF8, 0x7F, 0xFF, 0xC7, 0xFF, 0xFE, 0x3F, 0xFF, 0xF9, 0xFF, 0xFF, 0xDF, 0xFF,
    0xFE, 0xFF, 0xFF, 0xFF, 0xBF, 0xFF, 0xFD, 0xFF, 0xDF, 0xEF, 0xFE, 0xFE, 0x7F, 0xF3, 0xF3, 0xFF,
    0x9F, 0x9F, 0xFC, 0xF8, 0xFF, 0xE3, 0xC7, 0xC0, 0xFC, 0x0F, 0xFC, 0x0F, 0xFE, 0x0F, 0xFE, 0x0F,
    0xFF, 0x0F, 0xFF, 0x8F, 0xFF, 0x8F, 0xFF, 0xCF, 0xFB, 0xCF, 0xFB, 0xEF, 0xF9, 0xEF, 0xF9, 0xFF,
    0xF8, 0xFF, 0xF8, 0x7F, 0xF8, 0x7F, 0xF8, 0x3F, 0xF8, 0x3F, 0xF8, 0x1F, 0x07, 0xF8, 0x07, 0xFF,
    0x83, 0xFF, 0xF1, 0xFF, 0xFE, 0x7E, 0x1F, 0xBF, 0x03, 0xFF, 0xC0, 0xFF, 0xE0, 0x1F, 0xF8, 0x07,
    0xFE, 0x01, 0xFF, 0x80, 0x7F, 0xF0, 0x3F, 0xFC, 0x0F, 0xDF, 0x87, 0xE7, 0xFF, 0xF8, 0xFF, 0xFC,
    0x1F, 0xFE, 0x01, 0xFE, 0x00, 0xFF, 0xF1, 0xFF, 0xF3, 0xFF, 0xF7, 0xC3, 0xFF, 0x83, 0xFF, 0x07,
    0xFE, 0x0F, 0xFC, 0x1F, 0xF8, 0x7F, 0xFF, 0xFB, 0xFF, 0xE7, 0xFF, 0x8F, 0x80, 0x1F, 0x00, 0x3E,
    0x00, 0x7C, 0x00, 0xF8, 0x01, 0xF0, 0x00, 0x0F, 0xF8, 0x07, 0xFF, 0x03, 0xFF, 0xE1, 0xF8, 0xFC,
    0x7C, 0x1F, 0xBE, 0x03, 0xEF, 0x80, 0x7B, 0xC0, 0x1E, 0xF0, 0x07, 0xBC, 0x01, 0xFF, 0x00, 0x7B,
    0xE3, 0x1E, 0xF9, 0xEF, 0x9F, 0x3F, 0xE7, 0xE7, 0xF0, 0xFF, 0xF8, 0x1F, 0xFE, 0x01, 0xFF, 0x80,
    0x00, 0xF0, 0xFF, 0xF0, 0xFF, 0xFC, 0xFF, 0xFE, 0xF8, 0x7E, 0xF8, 0x1E, 0xF8, 0x1E, 0xF8, 0x3E,
    0xF8, 0x7E, 0xFF, 0xFC, 0xFF, 0xF8, 0xFF, 0xFC, 0xF8, 0x7E, 0xF8, 0x3E, 0xF8, 0x1E, 0xF8, 0x1E,
    0xF8, 0x1E, 0xF8, 0x1E, 0xF8, 0x1F, 0x1F, 0xE0, 0x7F, 0xF1, 0xFF, 0xF3, 0xE7, 0xEF, 0x83, 0xFF,
    0x07, 0xFF, 0x00, 0x3F, 0xE0, 0x3F, 0xF8, 0x3F, 0xF8, 0x0F, 0xF8, 0x03, 0xFF, 0x83, 0xFF, 0x07,
    0xDF, 0x9F, 0xBF, 0xFE, 0x3F, 0xF8, 0x1F, 0xE0, 0xFF, 0xFF, 0xFF, 0xFF, 0xFF, 0xF8, 0x3E, 0x00,
    0x7C, 0x00, 0xF8, 0x01, 0xF0, 0x03, 0xE0, 0x07, 0xC0, 0x0F, 0x80, 0x1F, 0x00, 0x3E, 0x00, 0x7C,
    0x00, 0xF8, 0x01, 0xF0, 0x03, 0xE0, 0x07, 0xC0, 0x0F, 0x80, 0xF8, 0x1E, 0xF8, 0x1E, 0xF8, 0x1E,
    0xF8, 0x1E, 0xF8, 0x1E, 0xF8, 0x1E, 0xF8, 0x1E, 0xF8, 0x1E, 0xF8, 0x1E, 0xF8, 0x1E, 0xF8, 0x1E,
    0xF8, 0x1E, 0xF8, 0x1E, 0xF8, 0x3E, 0x7E, 0x7E, 0x7F, 0xFC, 0x3F, 0xF8, 0x0F, 0xF0, 0xF8, 0x07,
    0xDE, 0x01, 0xF7, 0xC0, 0x79, 0xF0, 0x3E, 0x3C, 0x0F, 0x8F, 0x83, 0xC3, 0xE1, 0xF0, 0x78, 0x78,
    0x1F, 0x1E, 0x07, 0xCF, 0x80, 0xF3, 0xC0, 0x3E, 0xF0, 0x07, 0xFC, 0x01, 0xFE, 0x00, 0x7F, 0x80,
    0x0F, 0xE0, 0x03, 0xF0, 0x00, 0xFC, 0x00, 0x78, 0x1E, 0x0F, 0xBE, 0x1F, 0x07, 0x9F, 0x0F, 0x87,
    0xCF, 0x87, 0xE3, 0xE3, 0xC3, 0xF1, 0xF1, 0xF3, 0xF8, 0xF0, 0xF9, 0xFC, 0x78, 0x3C, 0xFF, 0x7C,
    0x1E, 0x7F, 0xBE, 0x0F, 0xFB, 0xDE, 0x07, 0xFD, 0xEF, 0x01, 0xFE, 0x7F, 0x80, 0xFF, 0x3F, 0xC0,
    0x7F, 0x1F, 0xC0, 0x3F, 0x8F, 0xE0, 0x0F, 0xC3, 0xF0, 0x07, 0xE1, 0xF0, 0x03, 0xE0, 0xF8, 0x00,
    0xF8, 0x0F, 0xBE, 0x0F, 0x8F, 0x8F, 0xC7, 0xC7, 0xC1, 0xF7, 0xC0, 0x7F, 0xE0, 0x3F, 0xE0, 0x0F,
    0xE0, 0x03, 0xF0, 0x01, 0xF8, 0x01, 0xFC, 0x01, 0xFF, 0x00, 0xFF, 0xC0, 0xFB, 0xE0, 0xF8, 0xF8,
    0x7C, 0x7E, 0x7C, 0x1F, 0x7C, 0x07, 0xC0, 0x7C, 0x0F, 0xBE, 0x07, 0xCF, 0x87, 0xC7, 0xC3, 0xC1,
    0xF3, 0xE0, 0xFB, 0xE0, 0x3F, 0xF0, 0x0F, 0xF0, 0x07, 0xF8, 0x01, 0xF8, 0x00, 0xFC, 0x00, 0x3C,
    0x00, 0x1E, 0x00, 0x0F, 0x00, 0x07, 0x80, 0x03, 0xC0, 0x01, 0xE0, 0x00, 0xF0, 0x00, 0x7F, 0xFC,
    0xFF, 0xF9, 0xFF, 0xF0, 0x07, 0xE0, 0x0F, 0x80, 0x3E, 0x00, 0xFC, 0x01, 0xF0, 0x07, 0xC0, 0x1F,
    0x80, 0x7E, 0x00, 0xF8, 0x03, 0xE0, 0x0F, 0xC0, 0x1F, 0x00, 0x7F, 0xFF, 0xFF, 0xFF, 0xFF, 0xFC,
    0x7F, 0xFF, 0xFF, 0xFF, 0xFF, 0x87, 0xC3, 0xE1, 0xF0, 0xF8, 0x7C, 0x3E, 0x1F, 0x0F, 0x87, 0xC3,
    0xE1, 0xF0, 0xF8, 0x7C, 0x3F, 0xFF, 0xFF, 0xFF, 0xFC, 0xF8, 0x07, 0x80, 0x7C, 0x07, 0xC0, 0x3C,
    0x03, 0xE0, 0x1E, 0x01, 0xE0, 0x1F, 0x00, 0xF0, 0x0F, 0x00, 0xF8, 0x07, 0x80, 0x78, 0x07, 0xC0,
    0x3C, 0x03, 0xC0, 0x3E, 0x01, 0xE0, 0x1E, 0x01, 0xF0, 0x0F, 0xFF, 0xFF, 0xFF, 0x0F, 0x0F, 0x0F,
    0x0F, 0x0F, 0x0F, 0x0F, 0x0F, 0x0F, 0x0F, 0x0F, 0x0F, 0x0F, 0x0F, 0x0F, 0x0F, 0xFF, 0xFF, 0xFF,
    0x1E, 0x0F, 0x83, 0xF1, 0xFC, 0x7F, 0x9D, 0xEF, 0x3B, 0x8F, 0x7F, 0xF9, 0xFF, 0xE7, 0xFF, 0x80,
    0x78, 0xF8, 0xF1, 0xF0, 0x0F, 0xE0, 0x7F, 0xE0, 0xFF, 0xE3, 0xE7, 0xE7, 0x87, 0xC0, 0x3F, 0x87,
    0xFF, 0x1F, 0xFE, 0x7E, 0x7C, 0xF0, 0xF9, 0xF3, 0xF3, 0xFF, 0xF7, 0xFF, 0xE7, 0xF3, 0xC0, 0xF8,
    0x03, 0xE0, 0x0F, 0x80, 0x3E, 0x00, 0xFB, 0xE3, 0xFF, 0xCF, 0xFF, 0xBF, 0x3F, 0xF8, 0x7F, 0xE0,
    0xFF, 0x83, 0xFE, 0x0F, 0xF8, 0x3F, 0xE1, 0xFF, 0xCF, 0xFF, 0xFE, 0xFF, 0xF3, 0xFF, 0x80, 0x0F,
    0xF0, 0x3F, 0xF0, 0xFF, 0xF3, 0xFF, 0xF7, 0xE3, 0xEF, 0x87, 0xDF, 0x00, 0x3E, 0x00, 0x7C, 0x3E,
    0xFC, 0x7D, 0xFF, 0xF9, 0xFF, 0xE1, 0xFF, 0x81, 0xFE, 0x00, 0x00, 0x3E, 0x00, 0x7C, 0x00, 0xF8,
    0x01, 0xF1, 0xFB, 0xE7, 0xFF, 0xCF, 0xFF, 0xBF, 0x3F, 0x7C, 0x3E, 0xF0, 0x7D, 0xE0, 0xFB, 0xC1,
    0xF7, 0x83, 0xEF, 0x87, 0xDF, 0x9F, 0x9F, 0xFF, 0x3F, 0xFE, 0x3F, 0x7C, 0x0F, 0xE0, 0x3F, 0xE0,
    0xFF, 0xE3, 0xF3, 0xE7, 0x83, 0xCF, 0xFF, 0x9F, 0xFF, 0xBF, 0xFF, 0x78, 0x00, 0xF8, 0x79, 0xF9,
    0xF1, 0xFF, 0xE1, 0xFF, 0x81, 0xFC, 0x00, 0x1F, 0xCF, 0xF3, 0xFC, 0xF0, 0xFF, 0xFF, 0xFF, 0xFC,
    0xF0, 0x3C, 0x0F, 0x03, 0xC0, 0xF0, 0x3C, 0x0F, 0x03, 0xC0, 0xF0, 0x3C, 0x0F, 0x00, 0x0F, 0xBE,
    0x7F, 0xFC, 0xFF, 0xFB, 0xF3, 0xF7, 0xC3, 0xEF, 0x07, 0xDE, 0x0F, 0xBC, 0x1F, 0x7C, 0x3E, 0xFC,
    0xFC, 0xFF, 0xF9, 0xFF, 0xF1, 0xFB, 0xE7, 0x07, 0x9F, 0x1F, 0x1F, 0xFE, 0x3F, 0xF8, 0x1F, 0xE0,
    0xF8, 0x07, 0xC0, 0x3E, 0x01, 0xF0, 0x0F, 0xFE, 0x7F, 0xFB, 0xFF, 0xDF, 0x9F, 0xF8, 0xFF, 0xC7,
    0xFE, 0x3F, 0xF1, 0xFF, 0x8F, 0xFC, 0x7F, 0xE3, 0xFF, 0x1F, 0xF8, 0xFF, 0xC7, 0xC0, 0xFF, 0xFE,
    0x0F, 0xFF, 0xFF, 0xFF, 0xFF, 0xFF, 0xFF, 0xFF, 0xFF, 0xC0, 0x1F, 0x1F, 0x1F, 0x00, 0x0F, 0x0F,
    0x0F, 0x0F, 0x0F, 0x0F, 0x0F, 0x0F, 0x0F, 0x0F, 0x0F, 0x0F, 0x0F, 0x0F, 0x1F, 0x7F, 0x7E, 0x7E,
    0xF8, 0x01, 0xF0, 0x03, 0xE0, 0x07, 0xC0, 0x0F, 0x8F, 0xDF, 0x1F, 0x3E, 0x7C, 0x7D, 0xF0, 0xFF,
    0xC1, 0xFF, 0x03, 0xFF, 0x07, 0xFE, 0x0F, 0xFE, 0x1F, 0x3C, 0x3E, 0x7C, 0x7C, 0x7C, 0xF8, 0x79,
    0xF0, 0xF8, 0xF9, 0xF3, 0xE7, 0xCF, 0x9F, 0x3E, 0x7C, 0xF9, 0xF3, 0xE7, 0xCF, 0x9F, 0x3E, 0x7F,
    0x7E, 0xFC, 0xF7, 0xC7, 0xCF, 0xFE, 0xFE, 0xFF, 0xFF, 0xFF, 0xDF, 0x9F, 0xF8, 0xF9, 0xFF, 0x8F,
    0x0F, 0xF8, 0xF0, 0xFF, 0x8F, 0x0F, 0xF8, 0xF0, 0xFF, 0x8F, 0x0F, 0xF8, 0xF0, 0xFF, 0x8F, 0x0F,
    0xF8, 0xF0, 0xFF, 0x8F, 0x0F, 0xF7, 0xE7, 0xFF, 0xBF, 0xFD, 0xF9, 0xFF, 0x8F, 0xFC, 0x7F, 0xE3,
    0xFF, 0x1F, 0xF8, 0xFF, 0xC7, 0xFE, 0x3F, 0xF1, 0xFF, 0x8F, 0xFC, 0x7C, 0x0F, 0xE0, 0x3F, 0xF0,
    0xFF, 0xF3, 0xF3, 0xE7, 0xC3, 0xEF, 0x07, 0xDE, 0x0F, 0xBC, 0x1F, 0x78, 0x3E, 0xF8, 0x7D, 0xF9,
    0xF1, 0xFF, 0xE1, 0xFF, 0x81, 0xFC, 0x00, 0xFF, 0xE3, 0xFF, 0xCF, 0xFF, 0xBF, 0x3F, 0xF8, 0x7F,
    0xE0, 0xFF, 0x83, 0xFE, 0x0F, 0xF8, 0x3F, 0xE1, 0xFF, 0xCF, 0xFF, 0xFE, 0xFF, 0xF3, 0xFF, 0x8F,
    0x80, 0x3E, 0x00, 0xF8, 0x03, 0xE0, 0x00, 0x0F, 0xBE, 0x7F, 0xFC, 0xFF, 0xFB, 0xF3, 0xF7, 0xC3,
    0xEF, 0x07, 0xDE, 0x0F, 0xBC, 0x1F, 0x78, 0x3E, 0xF8, 0x7D, 0xF9, 0xF9, 0xFF, 0xF3, 0xFF, 0xE1,
    0xF7, 0xC0, 0x0F, 0x80, 0x1F, 0x00, 0x3E, 0x00, 0x7C, 0xFF, 0xFF, 0xFF, 0xFF, 0x8F, 0x87, 0xC3,
    0xE1, 0xF0, 0xF8, 0x7C, 0x3E, 0x1F, 0x0F, 0x87, 0xC0, 0x1F, 0xE0, 0xFF, 0xC7, 0xFF, 0x9F, 0x1E,
    0x7C, 0x7D, 0xFC, 0x03, 0xFE, 0x07, 0xFE, 0x07, 0xF9, 0xE1, 0xF7, 0xC7, 0xDF, 0xFE, 0x3F, 0xF8,
    0x7F, 0x80, 0x3C, 0x0F, 0x03, 0xC3, 0xFF, 0xFF, 0xFF, 0xF3, 0xC0, 0xF0, 0x3C, 0x0F, 0x03, 0xC0,
    0xF0, 0x3C, 0x0F, 0x83, 0xFC, 0xFF, 0x1F, 0xC0, 0xF8, 0xFF, 0xC7, 0xFE, 0x3F, 0xF1, 0xFF, 0x8F,
    0xFC, 0x7F, 0xE3, 0xFF, 0x1F, 0xF8, 0xFF, 0xC7, 0xFF, 0x7E, 0xFF, 0xF7, 0xFF, 0x9F, 0xBC, 0xF8,
    0x3E, 0xF0, 0x7D, 0xF0, 0xF3, 0xE3, 0xE3, 0xC7, 0x87, 0xCF, 0x0F, 0xBE, 0x0F, 0x78, 0x1F, 0xF0,
    0x3F, 0xE0, 0x3F, 0x80, 0x7F, 0x00, 0x7E, 0x00, 0xF8, 0x00, 0xFC, 0x78, 0xFB, 0xE7, 0xC7, 0xDF,
    0x3F, 0x3E, 0xF9, 0xFB, 0xE3, 0xCF, 0xDF, 0x1F, 0xFE, 0xF8, 0xFF, 0xFF, 0xC7, 0xFF, 0xFC, 0x1F,
    0xFF, 0xE0, 0xFE, 0xFF, 0x07, 0xF3, 0xF8, 0x3F, 0x9F, 0x80, 0xF8, 0xFC, 0x07, 0xC3, 0xE0, 0xF8,
    0x7C, 0xF8, 0xF0, 0xF3, 0xE1, 0xFF, 0x81, 0xFE, 0x01, 0xFC, 0x03, 0xF0, 0x07, 0xE0, 0x1F, 0xE0,
    0x3F, 0xC0, 0xFB, 0xC3, 0xE7, 0xC7, 0xC7, 0xDF, 0x0F, 0x80, 0xF8, 0x3C, 0xF0, 0xF9, 0xF1, 0xF3,
    0xE3, 0xC3, 0xC7, 0x87, 0x9F, 0x0F, 0xBC, 0x0F, 0x78, 0x1F, 0xF0, 0x3F, 0xC0, 0x3F, 0x80, 0x7F,
    0x00, 0x7C, 0x00, 0xF8, 0x01, 0xF0, 0x1F, 0xC0, 0x3F, 0x80, 0x7E, 0x00, 0xFF, 0xFF, 0xFF, 0xFF,
    0xFE, 0xFF, 0xF0, 0x3F, 0x03, 0xF0, 0x3F, 0x03, 0xF0, 0x3F, 0x03, 0xF0, 0x3F, 0xFF, 0xFF, 0xFF,
    0xFF, 0xFF, 0xFC, 0x0F, 0x8F, 0xCF, 0xE7, 0xE3, 0xC1, 0xE0, 0xF0, 0x78, 0x7C, 0x7C, 0x3C, 0x1F,
    0x07, 0xC1, 0xE0, 0xF0, 0x78, 0x3C, 0x1E, 0x0F, 0x87, 0xF1, 0xF8, 0x7C, 0xFF, 0xFF, 0xFF, 0xFF,
    0xFF, 0xFF, 0xFF, 0xFF, 0xFF, 0xFF, 0xFF, 0xFF, 0xFF, 0xFC, 0xF8, 0x3F, 0x0F, 0xE1, 0xF8, 0x1E,
    0x07, 0x81, 0xE0, 0x78, 0x1F, 0x03, 0xF0, 0x7C, 0x3F, 0x1F, 0x07, 0x81, 0xE0, 0x78, 0x1E, 0x07,
    0x83, 0xE3, 0xF8, 0xFC, 0x3E, 0x00, 0x38, 0xE7, 0xFE, 0xFF, 0xEF, 0xFC, 0xE7, 0xC0, 0xFF, 0xFF,
    0xF0, 0x01, 0xDE, 0xF7, 0xBD, 0xEF, 0xFF, 0xFF, 0xFF, 0xC0, 0x01, 0xC0, 0x03, 0x80, 0x3F, 0x80,
    0xFF, 0xC3, 0xFF, 0xCF, 0xBF, 0x9F, 0x6F, 0xBD, 0xC0, 0x7B, 0x80, 0xF7, 0x01, 0xEE, 0xFB, 0xFD,
    0xE7, 0xFF, 0xC7, 0xFF, 0x07, 0xFE, 0x07, 0xF0, 0x03, 0x00, 0x06, 0x00, 0x07, 0xF0, 0x3F, 0xF0,
    0xFF, 0xF1, 0xFF, 0xF3, 0xE7, 0xE7, 0xC0, 0x0F, 0x80, 0x1F, 0x80, 0xFF, 0xE1, 0xFF, 0xC0, 0x7C,
    0x00, 0xF8, 0x01, 0xE0, 0x07, 0xC0, 0x1F, 0xFF, 0xFF, 0xFF, 0xFF, 0xFF, 0xFF, 0xFC, 0x00, 0x03,
    0x80, 0x7F, 0xFF, 0xDF, 0xFE, 0x3F, 0xF0, 0xFF, 0xC7, 0x87, 0x9E, 0x1E, 0x78, 0x79, 0xE1, 0xE3,
    0xFF, 0x0F, 0xFC, 0x7F, 0xFB, 0xFF, 0xFE, 0x01, 0xC0, 0x00, 0x7C, 0x0F, 0xBE, 0x0F, 0x8F, 0x87,
    0xC3, 0xC7, 0xC1, 0xF3, 0xE0, 0x7F, 0xE0, 0x3F, 0xE0, 0x0F, 0xF0, 0x1F, 0xFF, 0x0F, 0xFF, 0x87,
    0xFF, 0xC0, 0x3C, 0x01, 0xFF, 0xF0, 0xFF, 0xF8, 0x7F, 0xFC, 0x03, 0xC0, 0x01, 0xE0, 0x00, 0xF0,
    0x00, 0xFF, 0xFF, 0xFF, 0xFF, 0xFF, 0xF8, 0x00, 0x00, 0x7F, 0xFF, 0xFF, 0xFF, 0xFF, 0xFC, 0x1F,
    0xC3, 0xFF, 0x9F, 0xFD, 0xF9, 0xFF, 0x87, 0xBE, 0x01, 0xFF, 0x07, 0xFE, 0x7F, 0xFF, 0xC7, 0xFE,
    0x1F, 0xF1, 0xF7, 0xFF, 0x9F, 0xF8, 0x3F, 0xC0, 0x1F, 0xF8, 0x7F, 0xE7, 0xDF, 0xFE, 0x7F, 0xE1,
    0xFE, 0x00, 0x7B, 0xDE, 0xF7, 0xBC, 0x07, 0xF8, 0x01, 0xFF, 0xC0, 0x7F, 0xFC, 0x1F, 0x8F, 0xC7,
    0x84, 0x78, 0xE7, 0xF7, 0xBD, 0xFF, 0x77, 0x3D, 0xEF, 0xEF, 0x1C, 0xFD, 0xE0, 0x1F, 0xBC, 0x33,
    0xF7, 0x8E, 0xFF, 0x7F, 0xDC, 0xEF, 0xF7, 0x9E, 0xFD, 0xE1, 0xF8, 0xFC, 0x1F, 0xFF, 0x01, 0xFF,
    0xC0, 0x1F, 0xE0, 0x00, 0x7E, 0x3F, 0xCF, 0x78, 0x7E, 0x7F, 0xBF, 0xEE, 0xFB, 0xFE, 0x7F, 0x80,
    0x0F, 0xBE, 0x1F, 0x7C, 0x3E, 0xFC, 0x7C, 0xF8, 0x79, 0xF0, 0x79, 0xF0, 0x7C, 0xF8, 0x3E, 0xFC,
    0x1F, 0x7C, 0x0F, 0xBE, 0xFF, 0xFF, 0xFF, 0xFF, 0x80, 0x70, 0x0E, 0x01, 0xC0, 0x38, 0x0F, 0xC0,
    0x3F, 0xE0, 0xF3, 0xE3, 0x81, 0xCE, 0xFD, 0xDD, 0xF9, 0xB3, 0xBB, 0x67, 0xE7, 0xCF, 0xCD, 0x9F,
    0x9B, 0xBF, 0x73, 0xE7, 0xC7, 0xC7, 0x87, 0xFE, 0x03, 0xF0, 0x00, 0x7F, 0xBF, 0xDF, 0xE0, 0x1F,
    0x0F, 0xE7, 0xFD, 0xEF, 0x71, 0xDE, 0xF7, 0xFC, 0xFE, 0x1F, 0x00, 0x0F, 0x00, 0xF0, 0x0F, 0x00,
    0xF0, 0xFF, 0xFF, 0xFF, 0xFF, 0xF0, 0xF0, 0x0F, 0x00, 0xF0, 0x0F, 0x00, 0x00, 0xFF, 0xFF, 0xFF,
    0xFF, 0xF0, 0x7E, 0xFE, 0xFF, 0xC7, 0x1F, 0x7E, 0x7C, 0xF8, 0xFF, 0xFF, 0x7F, 0x3F, 0xFF, 0xE1,
    0xF1, 0xF0, 0xFC, 0x1F, 0xFF, 0x7F, 0xBF, 0x80, 0x3E, 0x79, 0xF3, 0xC0, 0xF8, 0x7F, 0xC7, 0xFE,
    0x3F, 0xF1, 0xFF, 0x8F, 0xFC, 0x7F, 0xE3, 0xFF, 0x1F, 0xF8, 0xFF, 0xC7, 0xFF, 0x7F, 0xFF, 0xFF,
    0xFF, 0xFF, 0xBF, 0xE0, 0x1F, 0x00, 0xF8, 0x07, 0xC0, 0x00, 0x3F, 0xFD, 0xFF, 0xFF, 0xFF, 0xFF,
    0xEF, 0xFF, 0xBF, 0xFE, 0xFF, 0xFB, 0xFF, 0xEF, 0x7F, 0xBC, 0xFE, 0xF0, 0x7B, 0xC1, 0xEF, 0x07,
    0xBC, 0x1E, 0xF0, 0x7B, 0xC1, 0xEF, 0x07, 0xBC, 0x1E, 0xF0, 0x7B, 0xDE, 0xF0, 0x1C, 0x3E, 0x1E,
    0x67, 0x7E, 0x3E, 0x1C, 0x77, 0xFF, 0xFC, 0x71, 0xC7, 0x1C, 0x70, 0x3F, 0x1F, 0xEF, 0x7B, 0x8E,
    0xE3, 0xF8, 0xEF, 0x79, 0xFE, 0x3E, 0x00, 0xF9, 0xF0, 0xFB, 0xF0, 0xFB, 0xE0, 0xFB, 0xE1, 0xF3,
    0xE1, 0xE7, 0xC7, 0xDF, 0x1F, 0x7C, 0x7C, 0xF9, 0xF3, 0xE0, 0x1C, 0x03, 0x81, 0xC0, 0x70, 0x3C,
    0x0F, 0x0F, 0xC0, 0xE0, 0xFC, 0x1C, 0x01, 0xC1, 0xC0, 0x1C, 0x38, 0x01, 0xC7, 0x00, 0x1C, 0x71,
    0xC1, 0xCE, 0x3C, 0x01, 0xC7, 0xC0, 0x1C, 0xFC, 0x03, 0x8F, 0xC0, 0x71, 0xDC, 0x07, 0x1F, 0xF0,
    0xE1, 0xFF, 0x1C, 0x01, 0xC1, 0xC0, 0x1C, 0x1C, 0x03, 0x80, 0xE0, 0x38, 0x0F, 0x03, 0xC1, 0xF8,
    0x1C, 0x0F, 0xC1, 0xC0, 0x0E, 0x0E, 0x00, 0x70, 0xE0, 0x03, 0x8E, 0x00, 0x1C, 0x73, 0xE0, 0xE7,
    0x3F, 0x80, 0x71, 0xDC, 0x03, 0x8C, 0xE0, 0x38, 0x0F, 0x03, 0x81, 0xF0, 0x1C, 0x1F, 0x01, 0xC0,
    0xE0, 0x1C, 0x07, 0xF0, 0xE0, 0x3F, 0xC0, 0x7E, 0x01, 0xC3, 0xF8, 0x0E, 0x3D, 0xC0, 0xE0, 0x0E,
    0x0E, 0x01, 0xF0, 0x70, 0x0F, 0x87, 0x00, 0x1E, 0x70, 0x1E, 0xF3, 0x80, 0xFF, 0x38, 0xF3, 0xFB,
    0xCF, 0x80, 0x1C, 0x7C, 0x01, 0xC7, 0xE0, 0x1E, 0x77, 0x00, 0xE3, 0xB8, 0x0E, 0x3F, 0xE0, 0xF1,
    0xFF, 0x07, 0x00, 0x70, 0x70, 0x03, 0x80, 0x07, 0xC0, 0x1F, 0x00, 0x7C, 0x01, 0xF0, 0x00, 0x00,
    0x00, 0x00, 0x7C, 0x01, 0xF0, 0x0F, 0x80, 0x7E, 0x03, 0xF0, 0x1F, 0x80, 0x7C, 0x01, 0xE0, 0xF7,
    0x87, 0xDF, 0x3F, 0x7F, 0xF8, 0xFF, 0xC1, 0xFE, 0x00, 0x03, 0xC0, 0x00, 0xF0, 0x00, 0x1E, 0x00,
    0x07, 0x80, 0x00, 0x00, 0x00, 0xFC, 0x00, 0x3F, 0x00, 0x0F, 0xE0, 0x07, 0xF8, 0x01, 0xFE, 0x00,
    0x7F, 0xC0, 0x3E, 0xF0, 0x0F, 0x3C, 0x07, 0xCF, 0x81, 0xF1, 0xE0, 0x78, 0x78, 0x3F, 0xFF, 0x0F,
    0xFF, 0xC3, 0xFF, 0xF9, 0xF0, 0x3E, 0x7C, 0x07, 0x9E, 0x01, 0xFF, 0x80, 0x7C, 0x00, 0xF8, 0x00,
    0x3C, 0x00, 0x0F, 0x00, 0x07, 0x80, 0x00, 0x00, 0x00, 0xFC, 0x00, 0x3F, 0x00, 0x0F, 0xE0, 0x07,
    0xF8, 0x01, 0xFE, 0x00, 0x7F, 0xC0, 0x3E, 0xF0, 0x0F, 0x3C, 0x07, 0xCF, 0x81, 0xF1, 0xE0, 0x78,
    0x78, 0x3F, 0xFF, 0x0F, 0xFF, 0xC3, 0xFF, 0xF9, 0xF0, 0x3E, 0x7C, 0x07, 0x9E, 0x01, 0xFF, 0x80,
    0x7C, 0x01, 0xF0, 0x00, 0xFC, 0x00, 0x7F, 0x80, 0x1C, 0xE0, 0x00, 0x00, 0x00, 0xFC, 0x00, 0x3F,
    0x00, 0x0F, 0xE0, 0x07, 0xF8, 0x01, 0xFE, 0x00, 0x7F, 0xC0, 0x3E, 0xF0, 0x0F, 0x3C, 0x07, 0xCF,
    0x81, 0xF1, 0xE0, 0x78, 0x78, 0x3F, 0xFF, 0x0F, 0xFF, 0xC3, 0xFF, 0xF9, 0xF0, 0x3E, 0x7C, 0x07,
    0x9E, 0x01, 0xFF, 0x80, 0x7C, 0x01, 0x18, 0x01, 0xFF, 0x00, 0x7F, 0x80, 0x1B, 0xE0, 0x00, 0x00,
    0x00, 0xFC, 0x00, 0x3F, 0x00, 0x0F, 0xE0, 0x07, 0xF8, 0x01, 0xFE, 0x00, 0x7F, 0xC0, 0x3E, 0xF0,
    0x0F, 0x3C, 0x07, 0xCF, 0x81, 0xF1, 0xE0, 0x78, 0x78, 0x3F, 0xFF, 0x0F, 0xFF, 0xC3, 0xFF, 0xF9,
    0xF0, 0x3E, 0x7C, 0x07, 0x9E, 0x01, 0xFF, 0x80, 0x7C, 0x0F, 0xBC, 0x03, 0xEF, 0x00, 0xFB, 0xC0,
    0x00, 0x00, 0x03, 0xF0, 0x00, 0xFC, 0x00, 0x3F, 0x80, 0x1F, 0xE0, 0x07, 0xF8, 0x01, 0xFF, 0x00,
    0xFB, 0xC0, 0x3C, 0xF0, 0x1F, 0x3E, 0x07, 0xC7, 0x81, 0xE1, 0xE0, 0xFF, 0xFC, 0x3F, 0xFF, 0x0F,
    0xFF, 0xE7, 0xC0, 0xF9, 0xF0, 0x1E, 0x78, 0x07, 0xFE, 0x01, 0xF0, 0x01, 0xE0, 0x00, 0xFC, 0x00,
    0x3B, 0x00, 0x0F, 0xC0, 0x01, 0xE0, 0x00, 0x00, 0x00, 0x00, 0x00, 0x0F, 0xC0, 0x03, 0xF0, 0x01,
    0xFC, 0x00, 0x7F, 0x80, 0x1F, 0xE0, 0x0F, 0xFC, 0x03, 0xFF, 0x00, 0xF3, 0xC0, 0x7C, 0xF8, 0x1F,
    0x3E, 0x07, 0x87, 0x83, 0xFF, 0xF0, 0xFF, 0xFC, 0x3F, 0xFF, 0x1F, 0x03, 0xE7, 0x80, 0xFB, 0xE0,
    0x1E, 0xF8, 0x07, 0xC0, 0x00, 0x7F, 0xFF, 0x80, 0x3F, 0xFF, 0xC0, 0x3F, 0xFF, 0xE0, 0x1E, 0xF0,
    0x00, 0x1F, 0x78, 0x00, 0x0F, 0x3C, 0x00, 0x0F, 0x9E, 0x00, 0x07, 0x8F, 0xFF, 0x07, 0xC7, 0xFF,
    0x83, 0xC3, 0xFF, 0xC3, 0xE1, 0xE0, 0x03, 0xFF, 0xF0, 0x01, 0xFF, 0xF8, 0x01, 0xFF, 0xFC, 0x00,
    0xF8, 0x1E, 0x00, 0xF8, 0x0F, 0xFF, 0x7C, 0x07, 0xFF, 0xFC, 0x03, 0xFF, 0xC0, 0x0F, 0xF8, 0x0F,
    0xFE, 0x0F, 0xFF, 0x8F, 0xC7, 0xE7, 0xC1, 0xF7, 0xC0, 0x7B, 0xE0, 0x3D, 0xE0, 0x00, 0xF0, 0x00,
    0x78, 0x00, 0x3C, 0x00, 0x1F, 0x01, 0xFF, 0x80, 0xFB, 0xE0, 0xF9, 0xF8, 0xFC, 0x7F, 0xFC, 0x1F,
    0xFC, 0x07, 0xFC, 0x00, 0x70, 0x00, 0x3C, 0x00, 0x1F, 0x00, 0x13, 0x80, 0x1F, 0xC0, 0x07, 0xC0,
    0x1F, 0x00, 0x3C, 0x00, 0x78, 0x01, 0xE0, 0x00, 0x03, 0xFF, 0xFF, 0xFF, 0xFF, 0xFF, 0xF8, 0x03,
    0xE0, 0x0F, 0x80, 0x3E, 0x00, 0xFF, 0xFB, 0xFF, 0xEF, 0xFF, 0xBE, 0x00, 0xF8, 0x03, 0xE0, 0x0F,
    0x80, 0x3E, 0x00, 0xFF, 0xFF, 0xFF, 0xFF, 0xFF, 0xC0, 0x03, 0xE0, 0x0F, 0x00, 0x38, 0x01, 0xE0,
    0x00, 0x03, 0xFF, 0xFF, 0xFF, 0xFF, 0xFF, 0xF8, 0x03, 0xE0, 0x0F, 0x80, 0x3E, 0x00, 0xFF, 0xFB,
    0xFF, 0xEF, 0xFF, 0xBE, 0x00, 0xF8, 0x03, 0xE0, 0x0F, 0x80, 0x3E, 0x00, 0xFF, 0xFF, 0xFF, 0xFF,
    0xFF, 0xC0, 0x07, 0xC0, 0x3F, 0x01, 0xFE, 0x07, 0x38, 0x00, 0x03, 0xFF, 0xFF, 0xFF, 0xFF, 0xFF,
    0xF8, 0x03, 0xE0, 0x0F, 0x80, 0x3E, 0x00, 0xFF, 0xFB, 0xFF, 0xEF, 0xFF, 0xBE, 0x00, 0xF8, 0x03,
    0xE0, 0x0F, 0x80, 0x3E, 0x00, 0xFF, 0xFF, 0xFF, 0xFF, 0xFF, 0xC0, 0x3E, 0xF0, 0xFB, 0xC3, 0xEF,
    0x00, 0x00, 0xFF, 0xFF, 0xFF, 0xFF, 0xFF, 0xFE, 0x00, 0xF8, 0x03, 0xE0, 0x0F, 0x80, 0x3F, 0xFE,
    0xFF, 0xFB, 0xFF, 0xEF, 0x80, 0x3E, 0x00, 0xF8, 0x03, 0xE0, 0x0F, 0x80, 0x3F, 0xFF, 0xFF, 0xFF,
    0xFF, 0xF0, 0xF1, 0xE7, 0x8F, 0x01, 0xF7, 0xDF, 0x7D, 0xF7, 0xDF, 0x7D, 0xF7, 0xDF, 0x7D, 0xF7,
    0xDF, 0x7D, 0xF7, 0xC0, 0x3C, 0x79, 0xE3, 0xC0, 0x1F, 0x3E, 0x7C, 0xF9, 0xF3, 0xE7, 0xCF, 0x9F,
    0x3E, 0x7C, 0xF9, 0xF3, 0xE7, 0xCF, 0x9F, 0x3E, 0x00, 0x3E, 0x1F, 0x9F, 0xDE, 0x70, 0x01, 0xF0,
    0xF8, 0x7C, 0x3E, 0x1F, 0x0F, 0x87, 0xC3, 0xE1, 0xF0, 0xF8, 0x7C, 0x3E, 0x1F, 0x0F, 0x87, 0xC3,
    0xE1, 0xF0, 0xF8, 0xF7, 0xFD, 0xFF, 0x7C, 0x00, 0x3E, 0x0F, 0x83, 0xE0, 0xF8, 0x3E, 0x0F, 0x83,
    0xE0, 0xF8, 0x3E, 0x0F, 0x83, 0xE0, 0xF8, 0x3E, 0x0F, 0x83, 0xE0, 0xF8, 0x3E, 0x0F, 0x80, 0x7F,
    0xF0, 0x3F, 0xFE, 0x1F, 0xFF, 0x8F, 0x87, 0xE7, 0xC1, 0xF3, 0xE0, 0x7D, 0xF0, 0x3F, 0xFF, 0xCF,
    0xFF, 0xE7, 0xFF, 0xF3, 0xDF, 0x01, 0xEF, 0x81, 0xF7, 0xC0, 0xFB, 0xE0, 0xF9, 0xF0, 0xFC, 0xFF,
    0xFC, 0x7F, 0xFC, 0x3F, 0xFC, 0x00, 0x03, 0x18, 0x07, 0xF8, 0x0F, 0xF8, 0x0F, 0xF0, 0x00, 0x00,
    0xFC, 0x0F, 0xFC, 0x0F, 0xFE, 0x0F, 0xFE, 0x0F, 0xFF, 0x0F, 0xFF, 0x8F, 0xFF, 0x8F, 0xFF, 0xCF,
    0xFB, 0xCF, 0xFB, 0xEF, 0xF9, 0xEF, 0xF9, 0xFF, 0xF8, 0xFF, 0xF8, 0x7F, 0xF8, 0x7F, 0xF8, 0x3F,
    0xF8, 0x3F, 0xF8, 0x1F, 0x07, 0xC0, 0x00, 0xF0, 0x00, 0x3E, 0x00, 0x07, 0x80, 0x00, 0x00, 0x01,
    0xFE, 0x01, 0xFF, 0xE0, 0xFF, 0xFC, 0x7F, 0xFF, 0x9F, 0x87, 0xEF, 0xC0, 0xFF, 0xF0, 0x3F, 0xF8,
    0x07, 0xFE, 0x01, 0xFF, 0x80, 0x7F, 0xE0, 0x1F, 0xFC, 0x0F, 0xFF, 0x03, 0xF7, 0xE1, 0xF9, 0xFF,
    0xFE, 0x3F, 0xFF, 0x07, 0xFF, 0x80, 0x7F, 0x80, 0x00, 0xF0, 0x00, 0x7C, 0x00, 0x1F, 0x00, 0x07,
    0x80, 0x00, 0x00, 0x01, 0xFE, 0x01, 0xFF, 0xE0, 0xFF, 0xFC, 0x7F, 0xFF, 0x9F, 0x87, 0xEF, 0xC0,
    0xFF, 0xF0, 0x3F, 0xF8, 0x07, 0xFE, 0x01, 0xFF, 0x80, 0x7F, 0xE0, 0x1F, 0xFC, 0x0F, 0xFF, 0x03,
    0xF7, 0xE1, 0xF9, 0xFF, 0xFE, 0x3F, 0xFF, 0x07, 0xFF, 0x80, 0x7F, 0x80, 0x03, 0xF0, 0x00, 0xFC,
    0x00, 0x7F, 0x80, 0x3C, 0xF0, 0x00, 0x00, 0x01, 0xFE, 0x01, 0xFF, 0xE0, 0xFF, 0xFC, 0x7F, 0xFF,
    0x9F, 0x87, 0xEF, 0xC0, 0xFF, 0xF0, 0x3F, 0xF8, 0x07, 0xFE, 0x01, 0xFF, 0x80, 0x7F, 0xE0, 0x1F,
    0xFC, 0x0F, 0xFF, 0x03, 0xF7, 0xE1, 0xF9, 0xFF, 0xFE, 0x3F, 0xFF, 0x07, 0xFF, 0x80, 0x7F, 0x80,
    0x03, 0x98, 0x01, 0xFF, 0x00, 0xFF, 0x80, 0x3B, 0xC0, 0x00, 0x00, 0x01, 0xFE, 0x01, 0xFF, 0xE0,
    0xFF, 0xFC, 0x7F, 0xFF, 0x9F, 0x87, 0xEF, 0xC0, 0xFF, 0xF0, 0x3F, 0xF8, 0x07, 0xFE, 0x01, 0xFF,
    0x80, 0x7F, 0xE0, 0x1F, 0xFC, 0x0F, 0xFF, 0x03, 0xF7, 0xE1, 0xF9, 0xFF, 0xFE, 0x3F, 0xFF, 0x07,
    0xFF, 0x80, 0x7F, 0x80, 0x0F, 0x7C, 0x03, 0xDF, 0x00, 0xF7, 0xC0, 0x00, 0x00, 0x07, 0xF8, 0x07,
    0xFF, 0x03, 0xFF, 0xF1, 0xF8, 0xFC, 0x7C, 0x0F, 0xBE, 0x03, 0xEF, 0x80, 0x7B, 0xC0, 0x1F, 0xF0,
    0x07, 0xFC, 0x01, 0xFF, 0x00, 0x7F, 0xE0, 0x1E, 0xF8, 0x0F, 0x9F, 0x03, 0xE7, 0xE3, 0xF0, 0xFF,
    0xFC, 0x1F, 0xFC, 0x03, 0xFE, 0x00, 0x60, 0xCF, 0x1E, 0xFB, 0xF7, 0xFE, 0x3F, 0xC1, 0xF8, 0x3F,
    0x87, 0xFC, 0xFF, 0xEF, 0x9F, 0x70, 0xE2, 0x04, 0x07, 0xFF, 0x87, 0xFF, 0xC3, 0xFF, 0xF1, 0xFF,
    0xFE, 0x7E, 0x3F, 0xBF, 0x0F, 0xFF, 0xC7, 0xFF, 0xE3, 0xDF, 0xF9, 0xE7, 0xFE, 0x79, 0xFF, 0xBC,
    0x7F, 0xFE, 0x3F, 0xFF, 0x0F, 0xDF, 0xC7, 0xE7, 0xFF, 0xF8, 0xFF, 0xFC, 0x3F, 0xFE, 0x1F, 0xFE,
    0x00, 0x0F, 0x80, 0x07, 0x80, 0x07, 0x80, 0x03, 0xC0, 0x00, 0x00, 0xF8, 0x1E, 0xF8, 0x1E, 0xF8,
    0x1E, 0xF8, 0x1E, 0xF8, 0x1E, 0xF8, 0x1E, 0xF8, 0x1E, 0xF8, 0x1E, 0xF8, 0x1E, 0xF8, 0x1E, 0xF8,
    0x1E, 0xF8, 0x1E, 0xF8, 0x1E, 0xF8, 0x3E, 0x7E, 0x7E, 0x7F, 0xFC, 0x3F, 0xF8, 0x0F, 0xF0, 0x01,
    0xE0, 0x01, 0xE0, 0x03, 0xC0, 0x03, 0xC0, 0x00, 0x00, 0xF8, 0x1E, 0xF8, 0x1E, 0xF8, 0x1E, 0xF8,
    0x1E, 0xF8, 0x1E, 0xF8, 0x1E, 0xF8, 0x1E, 0xF8, 0x1E, 0xF8, 0x1E, 0xF8, 0x1E, 0xF8, 0x1E, 0xF8,
    0x1E, 0xF8, 0x1E, 0xF8, 0x3E, 0x7E, 0x7E, 0x7F, 0xFC, 0x3F, 0xF8, 0x0F, 0xF0, 0x07, 0xC0, 0x07,
    0xE0, 0x0F, 0xF0, 0x1E, 0x70, 0x00, 0x00, 0xF8, 0x1E, 0xF8, 0x1E, 0xF8, 0x1E, 0xF8, 0x1E, 0xF8,
    0x1E, 0xF8, 0x1E, 0xF8, 0x1E, 0xF8, 0x1E, 0xF8, 0x1E, 0xF8, 0x1E, 0xF8, 0x1E, 0xF8, 0x1E, 0xF8,
    0x1E, 0xF8, 0x3E, 0x7E, 0x7E, 0x7F, 0xFC, 0x3F, 0xF8, 0x0F, 0xF0, 0x1E, 0xF8, 0x1E, 0xF8, 0x1E,
    0xF8, 0x00, 0x00, 0xF8, 0x1E, 0xF8, 0x1E, 0xF8, 0x1E, 0xF8, 0x1E, 0xF8, 0x1E, 0xF8, 0x1E, 0xF8,
    0x1E, 0xF8, 0x1E, 0xF8, 0x1E, 0xF8, 0x1E, 0xF8, 0x1E, 0xF8, 0x1E, 0xF8, 0x1E, 0xF8, 0x3E, 0x7E,
    0x7E, 0x7F, 0xFC, 0x3F, 0xF8, 0x0F, 0xF0, 0x00, 0xF0, 0x00, 0x78, 0x00, 0x78, 0x00, 0x3C, 0x00,
    0x00, 0x03, 0xE0, 0x7D, 0xF0, 0x3E, 0x7C, 0x3E, 0x3E, 0x1E, 0x0F, 0x9F, 0x07, 0xDF, 0x01, 0xFF,
    0x80, 0x7F, 0x80, 0x3F, 0xC0, 0x0F, 0xC0, 0x07, 0xE0, 0x01, 0xE0, 0x00, 0xF0, 0x00, 0x78, 0x00,
    0x3C, 0x00, 0x1E, 0x00, 0x0F, 0x00, 0x07, 0x80, 0xF8, 0x01, 0xF0, 0x03, 0xE0, 0x07, 0xFF, 0x0F,
    0xFF, 0x9F, 0xFF, 0xBE, 0x3F, 0x7C, 0x1E, 0xF8, 0x3D, 0xF0, 0x7B, 0xE1, 0xF7, 0xFF, 0xEF, 0xFF,
    0x9F, 0xFC, 0x3E, 0x00, 0x7C, 0x00, 0xF8, 0x01, 0xF0, 0x00, 0x1F, 0xE0, 0x7F, 0xF1, 0xFF, 0xE3,
    0xE7, 0xE7, 0x87, 0xDF, 0x0F, 0xBE, 0x3E, 0x7D, 0xFC, 0xFB, 0xF1, 0xF7, 0xF3, 0xE3, 0xF7, 0xC1,
    0xFF, 0x83, 0xFF, 0x07, 0xFE, 0x1F, 0xFD, 0xFE, 0xFB, 0xF9, 0xF7, 0xE0, 0x0F, 0x00, 0x1F, 0x00,
    0x1E, 0x00, 0x1C, 0x00, 0x00, 0x01, 0xFC, 0x0F, 0xFC, 0x1F, 0xFC, 0x7C, 0xFC, 0xF0, 0xF8, 0x07,
    0xF0, 0xFF, 0xE3, 0xFF, 0xCF, 0xCF, 0x9E, 0x1F, 0x3E, 0x7E, 0x7F, 0xFE, 0xFF, 0xFC, 0xFE, 0x78,
    0x01, 0xE0, 0x07, 0x80, 0x0F, 0x00, 0x1C, 0x00, 0x00, 0x01, 0xFC, 0x0F, 0xFC, 0x1F, 0xFC, 0x7C,
    0xFC, 0xF0, 0xF8, 0x07, 0xF0, 0xFF, 0xE3, 0xFF, 0xCF, 0xCF, 0x9E, 0x1F, 0x3E, 0x7E, 0x7F, 0xFE,
    0xFF, 0xFC, 0xFE, 0x78, 0x07, 0xC0, 0x1F, 0xC0, 0x3F, 0x80, 0xF7, 0x80, 0x00, 0x01, 0xFC, 0x0F,
    0xFC, 0x1F, 0xFC, 0x7C, 0xFC, 0xF0, 0xF8, 0x07, 0xF0, 0xFF, 0xE3, 0xFF, 0xCF, 0xCF, 0x9E, 0x1F,
    0x3E, 0x7E, 0x7F, 0xFE, 0xFF, 0xFC, 0xFE, 0x78, 0x06, 0x30, 0x1F, 0xE0, 0x7F, 0xC0, 0xFF, 0x00,
    0x00, 0x01, 0xFC, 0x0F, 0xFC, 0x1F, 0xFC, 0x7C, 0xFC, 0xF0, 0xF8, 0x07, 0xF0, 0xFF, 0xE3, 0xFF,
    0xCF, 0xCF, 0x9E, 0x1F, 0x3E, 0x7E, 0x7F, 0xFE, 0xFF, 0xFC, 0xFE, 0x78, 0x1E, 0xF0, 0x3D, 0xE0,
    0x7B, 0xC0, 0x00, 0x00, 0xFE, 0x07, 0xFE, 0x0F, 0xFE, 0x3E, 0x7E, 0x78, 0x7C, 0x03, 0xF8, 0x7F,
    0xF1, 0xFF, 0xE7, 0xE7, 0xCF, 0x0F, 0x9F, 0x3F, 0x3F, 0xFF, 0x7F, 0xFE, 0x7F, 0x3C, 0x07, 0x80,
    0x0F, 0x80, 0x1B, 0x00, 0x3E, 0x00, 0x78, 0x00, 0x00, 0x03, 0xF8, 0x1F, 0xF8, 0x3F, 0xF8, 0xF9,
    0xF9, 0xE1, 0xF0, 0x0F, 0xE1, 0xFF, 0xC7, 0xFF, 0x9F, 0x9F, 0x3C, 0x3E, 0x7C, 0xFC, 0xFF, 0xFD,
    0xFF, 0xF9, 0xFC, 0xF0, 0x1F, 0xE7, 0xF0, 0x3F, 0xFF, 0xF8, 0x7F, 0xFF, 0xFC, 0x7C, 0xFE, 0x3E,
    0x78, 0x7C, 0x1E, 0x07, 0xFF, 0xFE, 0x3F, 0xFF, 0xFE, 0x7F, 0xFF, 0xFE, 0x7E, 0x7C, 0x00, 0x78,
    0x7C, 0x1E, 0x7C, 0xFF, 0x3E, 0x7F, 0xFF, 0xFC, 0x7F, 0xCF, 0xFC, 0x3F, 0x87, 0xF0, 0x0F, 0xE0,
    0x3F, 0xF0, 0xFF, 0xF3, 0xF3, 0xE7, 0xC3, 0xCF, 0x07, 0x9E, 0x00, 0x3C, 0x00, 0x78, 0x3C, 0xF8,
    0x79, 0xF9, 0xF1, 0xFF, 0xE1, 0xFF, 0x81, 0xFC, 0x00, 0xE0, 0x01, 0xE0, 0x03, 0xE0, 0x0D, 0xC0,
    0x3F, 0x80, 0x3E, 0x00, 0x0F, 0x00, 0x0F, 0x00, 0x1E, 0x00, 0x1E, 0x00, 0x00, 0x01, 0xFC, 0x07,
    0xFC, 0x1F, 0xFC, 0x7E, 0x7C, 0xF0, 0x79, 0xFF, 0xF3, 0xFF, 0xF7, 0xFF, 0xEF, 0x00, 0x1F, 0x0F,
    0x3F, 0x3E, 0x3F, 0xFC, 0x3F, 0xF0, 0x3F, 0x80, 0x01, 0xE0, 0x03, 0xC0, 0x0F, 0x00, 0x1E, 0x00,
    0x00, 0x01, 0xFC, 0x07, 0xFC, 0x1F, 0xFC, 0x7E, 0x7C, 0xF0, 0x79, 0xFF, 0xF3, 0xFF, 0xF7, 0xFF,
    0xEF, 0x00, 0x1F, 0x0F, 0x3F, 0x3E, 0x3F, 0xFC, 0x3F, 0xF0, 0x3F, 0x80, 0x07, 0xC0, 0x0F, 0xC0,
    0x3F, 0x80, 0xF3, 0x80, 0x00, 0x01, 0xFC, 0x07, 0xFC, 0x1F, 0xFC, 0x7E, 0x7C, 0xF0, 0x79, 0xFF,
    0xF3, 0xFF, 0xF7, 0xFF, 0xEF, 0x00, 0x1F, 0x0F, 0x3F, 0x3E, 0x3F, 0xFC, 0x3F, 0xF0, 0x3F, 0x80,
    0x1E, 0xF8, 0x3D, 0xF0, 0x7B, 0xE0, 0x00, 0x00, 0xFE, 0x03, 0xFE, 0x0F, 0xFE, 0x3F, 0x3E, 0x78,
    0x3C, 0xFF, 0xF9, 0xFF, 0xFB, 0xFF, 0xF7, 0x80, 0x0F, 0x87, 0x9F, 0x9F, 0x1F, 0xFE, 0x1F, 0xF8,
    0x1F, 0xC0, 0xF1, 0xE7, 0x8E, 0x01, 0xF7, 0xDF, 0x7D, 0xF7, 0xDF, 0x7D, 0xF7, 0xDF, 0x7D, 0xF7,
    0xC0, 0x3D, 0xE7, 0x9C, 0x03, 0xEF, 0xBE, 0xFB, 0xEF, 0xBE, 0xFB, 0xEF, 0xBE, 0xFB, 0xEF, 0x80,
    0x3E, 0x3F, 0x9F, 0xDE, 0xF0, 0x01, 0xF0, 0xF8, 0x7C, 0x3E, 0x1F, 0x0F, 0x87, 0xC3, 0xE1, 0xF0,
    0xF8, 0x7C, 0x3E, 0x1F, 0x0F, 0x80, 0xEF, 0xDF, 0xB8, 0x07, 0xCF, 0x9F, 0x3E, 0x7C, 0xF9, 0xF3,
    0xE7, 0xCF, 0x9F, 0x3E, 0x7C, 0xF8, 0x07, 0x04, 0x0F, 0xF8, 0x3F, 0xF0, 0x3F, 0xC0, 0x7F, 0x80,
    0xCF, 0x83, 0xFF, 0x0F, 0xFE, 0x3F, 0xFE, 0xFD, 0xFD, 0xF0, 0xFB, 0xC1, 0xF7, 0x83, 0xEF, 0x07,
    0xDF, 0x0F, 0xBF, 0x3E, 0x3F, 0xFC, 0x7F, 0xF0, 0x3F, 0xC0, 0x0C, 0x60, 0xFF, 0x0F, 0xF8, 0x77,
    0x80, 0x00, 0x7B, 0xF3, 0xFF, 0xDF, 0xFE, 0xFC, 0xFF, 0xC7, 0xFE, 0x3F, 0xF1, 0xFF, 0x8F, 0xFC,
    0x7F, 0xE3, 0xFF, 0x1F, 0xF8, 0xFF, 0xC7, 0xFE, 0x3E, 0x0F, 0x00, 0x0F, 0x00, 0x1E, 0x00, 0x1E,
    0x00, 0x00, 0x01, 0xFC, 0x07, 0xFE, 0x1F, 0xFE, 0x7E, 0x7C, 0xF8, 0x7D, 0xE0, 0xFB, 0xC1, 0xF7,
    0x83, 0xEF, 0x07, 0xDF, 0x0F, 0xBF, 0x3E, 0x3F, 0xFC, 0x3F, 0xF0, 0x3F, 0x80, 0x01, 0xE0, 0x03,
    0xC0, 0x0F, 0x00, 0x1E, 0x00, 0x00, 0x01, 0xFC, 0x07, 0xFE, 0x1F, 0xFE, 0x7E, 0x7C, 0xF8, 0x7D,
    0xE0, 0xFB, 0xC1, 0xF7, 0x83, 0xEF, 0x07, 0xDF, 0x0F, 0xBF, 0x3E, 0x3F, 0xFC, 0x3F, 0xF0, 0x3F,
    0x80, 0x07, 0xC0, 0x0F, 0xC0, 0x3F, 0x80, 0xF3, 0x80, 0x00, 0x01, 0xFC, 0x07, 0xFE, 0x1F, 0xFE,
    0x7E, 0x7C, 0xF8, 0x7D, 0xE0, 0xFB, 0xC1, 0xF7, 0x83, 0xEF, 0x07, 0xDF, 0x0F, 0xBF, 0x3E, 0x3F,
    0xFC, 0x3F, 0xF0, 0x3F, 0x80, 0x06, 0x30, 0x1F, 0xE0, 0x7F, 0xC0, 0xEF, 0x00, 0x00, 0x01, 0xFC,
    0x07, 0xFE, 0x1F, 0xFE, 0x7E, 0x7C, 0xF8, 0x7D, 0xE0, 0xFB, 0xC1, 0xF7, 0x83, 0xEF, 0x07, 0xDF,
    0x0F, 0xBF, 0x3E, 0x3F, 0xFC, 0x3F, 0xF0, 0x3F, 0x80, 0x1E, 0xF8, 0x3D, 0xF0, 0x7B, 0xE0, 0x00,
    0x00, 0xFE, 0x03, 0xFF, 0x0F, 0xFF, 0x3F, 0x3E, 0x7C, 0x3E, 0xF0, 0x7D, 0xE0, 0xFB, 0xC1, 0xF7,
    0x83, 0xEF, 0x87, 0xDF, 0x9F, 0x1F, 0xFE, 0x1F, 0xF8, 0x1F, 0xC0, 0x0F, 0x00, 0x78, 0x03, 0xC0,
    0x1E, 0x00, 0x00, 0x00, 0x03, 0xFF, 0xDF, 0xFE, 0xFF, 0xF0, 0x00, 0x03, 0xC0, 0x1E, 0x00, 0xF0,
    0x07, 0x80, 0x00, 0x1C, 0x1F, 0xF8, 0x7F, 0xE1, 0xFF, 0xE7, 0xEF, 0xCF, 0x9F, 0xDE, 0x7F, 0xBD,
    0xFF, 0x7B, 0xBE, 0xFE, 0x7D, 0xF8, 0xFB, 0xF3, 0xE3, 0xFF, 0xC7, 0xFF, 0x1F, 0xF8, 0x00, 0x1E,
    0x00, 0x78, 0x03, 0xC0, 0x0E, 0x00, 0x00, 0x7C, 0x7F, 0xE3, 0xFF, 0x1F, 0xF8, 0xFF, 0xC7, 0xFE,
    0x3F, 0xF1, 0xFF, 0x8F, 0xFC, 0x7F, 0xE3, 0xFF, 0xBF, 0x7F, 0xFB, 0xFF, 0xCF, 0xDE, 0x03, 0xC0,
    0x3C, 0x01, 0xE0, 0x0E, 0x00, 0x00, 0x7C, 0x7F, 0xE3, 0xFF, 0x1F, 0xF8, 0xFF, 0xC7, 0xFE, 0x3F,
    0xF1, 0xFF, 0x8F, 0xFC, 0x7F, 0xE3, 0xFF, 0xBF, 0x7F, 0xFB, 0xFF, 0xCF, 0xDE, 0x0F, 0x80, 0xFE,
    0x07, 0xF0, 0x7B, 0xC0, 0x00, 0x7C, 0x7F, 0xE3, 0xFF, 0x1F, 0xF8, 0xFF, 0xC7, 0xFE, 0x3F, 0xF1,
    0xFF, 0x8F, 0xFC, 0x7F, 0xE3, 0xFF, 0xBF, 0x7F, 0xFB, 0xFF, 0xCF, 0xDE, 0x3D, 0xE1, 0xEF, 0x0F,
    0x78, 0x00, 0x0F, 0x8F, 0xFC, 0x7F, 0xE3, 0xFF, 0x1F, 0xF8, 0xFF, 0xC7, 0xFE, 0x3F, 0xF1, 0xFF,
    0x8F, 0xFC, 0x7F, 0xF7, 0xEF, 0xFF, 0x7F, 0xF9, 0xFB, 0xC0, 0x01, 0xE0, 0x07, 0x80, 0x0F, 0x00,
    0x3C, 0x00, 0x00, 0x1F, 0x07, 0x9E, 0x1F, 0x3E, 0x3E, 0x7C, 0x78, 0x78, 0xF0, 0xF3, 0xE1, 0xF7,
    0x81, 0xEF, 0x03, 0xFE, 0x07, 0xF8, 0x07, 0xF0, 0x0F, 0xE0, 0x0F, 0x80, 0x1F, 0x00, 0x3E, 0x03,
    0xF8, 0x07, 0xF0, 0x0F, 0xC0, 0x00, 0xFC, 0x03, 0xF0, 0x0F, 0xC0, 0x3F, 0x00, 0xFF, 0xE3, 0xFF,
    0xCF, 0xFF, 0xBF, 0xFF, 0xFC, 0xFF, 0xE1, 0xFF, 0x87, 0xFE, 0x1F, 0xF8, 0x7F, 0xF3, 0xFF, 0xFF,
    0xFF, 0xFE, 0xFF, 0xF3, 0xFF, 0x8F, 0xC0, 0x3F, 0x00, 0xFC, 0x03, 0xF0, 0x00, 0x1E, 0xF0, 0x7D,
    0xE0, 0xFB, 0xC0, 0x00, 0x0F, 0x83, 0xCF, 0x0F, 0x9F, 0x1F, 0x3E, 0x3C, 0x3C, 0x78, 0x79, 0xF0,
    0xFB, 0xC0, 0xF7, 0x81, 0xFF, 0x03, 0xFC, 0x03, 0xF8, 0x07, 0xF0, 0x07, 0xC0, 0x0F, 0x80, 0x1F,
    0x01, 0xFC, 0x03, 0xF8, 0x07, 0xE0, 0x00, 0x07, 0xF8, 0x01, 0xFE, 0x00, 0x7F, 0x80, 0x00, 0x00,
    0x00, 0x00, 0x00, 0xFC, 0x00, 0x3F, 0x00, 0x0F, 0xE0, 0x07, 0xF8, 0x01, 0xFE, 0x00, 0x7F, 0xC0,
    0x3E, 0xF0, 0x0F, 0x3C, 0x07, 0xCF, 0x81, 0xF1, 0xE0, 0x78, 0x78, 0x3F, 0xFF, 0x0F, 0xFF, 0xC3,
    0xFF, 0xF9, 0xF0, 0x3E, 0x7C, 0x07, 0x9E, 0x01, 0xFF, 0x80, 0x7C, 0x1F, 0xF0, 0x3F, 0xE0, 0x7F,
    0xC0, 0x00, 0x00, 0x00, 0x01, 0xFC, 0x0F, 0xFC, 0x1F, 0xFC, 0x7C, 0xFC, 0xF0, 0xF8, 0x07, 0xF0,
    0xFF, 0xE3, 0xFF, 0xCF, 0xCF, 0x9E, 0x1F, 0x3E, 0x7E, 0x7F, 0xFE, 0xFF, 0xFC, 0xFE, 0x78, 0x07,
    0x38, 0x01, 0xFE, 0x00, 0x3F, 0x80, 0x0F, 0xC0, 0x00, 0x00, 0x00, 0xFC, 0x00, 0x3F, 0x00, 0x0F,
    0xE0, 0x07, 0xF8, 0x01, 0xFE, 0x00, 0x7F, 0xC0, 0x3E, 0xF0, 0x0F, 0x3C, 0x07, 0xCF, 0x81, 0xF1,
    0xE0, 0x78, 0x78, 0x3F, 0xFF, 0x0F, 0xFF, 0xC3, 0xFF, 0xF9, 0xF0, 0x3E, 0x7C, 0x07, 0x9E, 0x01,
    0xFF, 0x80, 0x7C, 0x1C, 0x70, 0x3F, 0xC0, 0x3F, 0x80, 0x3E, 0x00, 0x00, 0x01, 0xFC, 0x0F, 0xFC,
    0x1F, 0xFC, 0x7C, 0xFC, 0xF0, 0xF8, 0x07, 0xF0, 0xFF, 0xE3, 0xFF, 0xCF, 0xCF, 0x9E, 0x1F, 0x3E,
    0x7E, 0x7F, 0xFE, 0xFF, 0xFC, 0xFE, 0x78, 0x03, 0xF0, 0x00, 0x7E, 0x00, 0x0F, 0xE0, 0x03, 0xFC,
    0x00, 0x7F, 0x80, 0x0F, 0xF8, 0x03, 0xEF, 0x00, 0x79, 0xE0, 0x1F, 0x3E, 0x03, 0xE3, 0xC0, 0x78,
    0x78, 0x1F, 0xFF, 0x83, 0xFF, 0xF0, 0x7F, 0xFF, 0x1F, 0x03, 0xE3, 0xE0, 0x3C, 0x78, 0x07, 0xDF,
    0x00, 0xF8, 0x00, 0x0F, 0x00, 0x01, 0xE0, 0x00, 0x78, 0x00, 0x0F, 0x80, 0x01, 0xF8, 0x00, 0x1F,
    0x0F, 0xE0, 0x3F, 0xF0, 0x3F, 0xF8, 0x7C, 0xFC, 0x78, 0x7C, 0x01, 0xFC, 0x1F, 0xFC, 0x3F, 0xFC,
    0x7E, 0x7C, 0x78, 0x7C, 0x7C, 0xFC, 0x7F, 0xFE, 0x7F, 0xFE, 0x3F, 0x9E, 0x00, 0x1E, 0x00, 0x1C,
    0x00, 0x3C, 0x00, 0x3E, 0x00, 0x3E, 0x00, 0x3F, 0x00, 0xF0, 0x00, 0xF8, 0x00, 0x78, 0x00, 0x7C,
    0x00, 0x00, 0x00, 0x3F, 0xC0, 0x7F, 0xF0, 0x7F, 0xFC, 0x7F, 0xFF, 0x3F, 0x0F, 0xFF, 0x07, 0xFF,
    0x81, 0xFF, 0x80, 0x07, 0xC0, 0x03, 0xE0, 0x01, 0xF0, 0x00, 0xFC, 0x0F, 0xFE, 0x0F, 0xDF, 0x87,
    0xEF, 0xFF, 0xE3, 0xFF, 0xE0, 0xFF, 0xE0, 0x1F, 0xE0, 0x01, 0xF0, 0x03, 0xC0, 0x0F, 0x80, 0x1E,
    0x00, 0x00, 0x00, 0xFE, 0x07, 0xFE, 0x1F, 0xFE, 0x7F, 0xFE, 0xFC, 0x7D, 0xF0, 0xFB, 0xE0, 0x07,
    0xC0, 0x0F, 0x87, 0xDF, 0x8F, 0xBF, 0xFF, 0x3F, 0xFC, 0x3F, 0xF0, 0x1F, 0xC0, 0x03, 0xF0, 0x03,
    0xF8, 0x01, 0xFE, 0x01, 0xEF, 0x00, 0x00, 0x00, 0x3F, 0xC0, 0x7F, 0xF0, 0x7F, 0xFC, 0x7F, 0xFF,
    0x3F, 0x1F, 0xFF, 0x07, 0xFF, 0x81, 0xFF, 0xC0, 0x07, 0xC0, 0x03, 0xE0, 0x01, 0xF0, 0x00, 0xFC,
    0x1F, 0xFE, 0x0F, 0xDF, 0x87, 0xEF, 0xFF, 0xE3, 0xFF, 0xE0, 0xFF, 0xE0, 0x1F, 0xE0, 0x07, 0xE0,
    0x0F, 0xE0, 0x3F, 0xC0, 0xF3, 0xC0, 0x00, 0x00, 0xFE, 0x07, 0xFE, 0x1F, 0xFE, 0x7F, 0xFE, 0xFC,
    0x7D, 0xF0, 0xFB, 0xE0, 0x07, 0xC0, 0x0F, 0x87, 0xDF, 0x8F, 0xBF, 0xFF, 0x3F, 0xFC, 0x3F, 0xF0,
    0x1F, 0xC0, 0x03, 0xE0, 0x01, 0xF0, 0x00, 0xF8, 0x00, 0x00, 0x00, 0xFF, 0x80, 0xFF, 0xE0, 0xFF,
    0xF8, 0xFC, 0x7E, 0x7C, 0x1F, 0x7C, 0x07, 0xBE, 0x03, 0xDE, 0x00, 0x0F, 0x00, 0x07, 0x80, 0x03,
    0xC0, 0x01, 0xF0, 0x1F, 0xF8, 0x0F, 0xBE, 0x0F, 0x9F, 0x8F, 0xC7, 0xFF, 0xC1, 0xFF, 0xC0, 0x7F,
    0xC0, 0x07, 0xC0, 0x0F, 0x80, 0x1F, 0x00, 0x00, 0x00, 0xFE, 0x03, 0xFF, 0x0F, 0xFF, 0x3F, 0x3E,
    0x7C, 0x3C, 0xF0, 0x79, 0xE0, 0x03, 0xC0, 0x07, 0x83, 0xCF, 0x87, 0x9F, 0x9F, 0x1F, 0xFE, 0x1F,
    0xF8, 0x1F, 0xC0, 0x0F, 0x78, 0x03, 0xB8, 0x01, 0xFC, 0x00, 0x7C, 0x00, 0x00, 0x00, 0x7F, 0xC0,
    0x7F, 0xF0, 0x7F, 0xFC, 0x7E, 0x3F, 0x3E, 0x0F, 0xBE, 0x03, 0xDF, 0x01, 0xEF, 0x00, 0x07, 0x80,
    0x03, 0xC0, 0x01, 0xE0, 0x00, 0xF8, 0x0F, 0xFC, 0x07, 0xDF, 0x07, 0xCF, 0xC7, 0xE3, 0xFF, 0xE0,
    0xFF, 0xE0, 0x3F, 0xE0, 0x1E, 0x78, 0x1F, 0xE0, 0x1F, 0xC0, 0x3F, 0x00, 0x00, 0x00, 0xFE, 0x07,
    0xFE, 0x1F, 0xFE, 0x7F, 0xFE, 0xFC, 0x7D, 0xF0, 0xFB, 0xE0, 0x07, 0xC0, 0x0F, 0x87, 0xDF, 0x8F,
    0xBF, 0xFF, 0x3F, 0xFC, 0x3F, 0xF0, 0x1F, 0xC0, 0x1C, 0xE0, 0x1F, 0xE0, 0x0F, 0xC0, 0x07, 0xC0,
    0x00, 0x00, 0xFF, 0xE0, 0xFF, 0xF8, 0xFF, 0xFC, 0xF8, 0x7E, 0xF8, 0x3E, 0xF8, 0x1F, 0xF8, 0x1F,
    0xF8, 0x0F, 0xF8, 0x0F, 0xF8, 0x0F, 0xF8, 0x0F, 0xF8, 0x1F, 0xF8, 0x1F, 0xF8, 0x3E, 0xF8, 0x7E,
    0xFF, 0xFC, 0xFF, 0xF8, 0xFF, 0xF0, 0x00, 0x3E, 0xF0, 0x03, 0xEE, 0x00, 0x3F, 0xE0, 0x03, 0xFE,
    0x1F, 0xBF, 0xE3, 0xFF, 0xFE, 0x3F, 0xFF, 0xC7, 0xE7, 0xE0, 0x7C, 0x3E, 0x07, 0x83, 0xE0, 0x78,
    0x3E, 0x07, 0x83, 0xE0, 0x78, 0x3E, 0x07, 0xC3, 0xE0, 0x7E, 0x7E, 0x03, 0xFF, 0xE0, 0x3F, 0xFE,
    0x01, 0xFB, 0xE0, 0x7F, 0xF0, 0x3F, 0xFE, 0x1F, 0xFF, 0x8F, 0x87, 0xE7, 0xC1, 0xF3, 0xE0, 0x7D,
    0xF0, 0x3F, 0xFF, 0xCF, 0xFF, 0xE7, 0xFF, 0xF3, 0xDF, 0x01, 0xEF, 0x81, 0xF7, 0xC0, 0xFB, 0xE0,
    0xF9, 0xF0, 0xFC, 0xFF, 0xFC, 0x7F, 0xFC, 0x3F, 0xFC, 0x00, 0x00, 0x3E, 0x01, 0xFF, 0x01, 0xFF,
    0x01, 0xFF, 0x1F, 0xBE, 0x3F, 0xFE, 0x3F, 0xFE, 0x7E, 0x7E, 0x7C, 0x3E, 0x78, 0x3E, 0x78, 0x3E,
    0x78, 0x3E, 0x78, 0x3E, 0x7C, 0x3E, 0x7E, 0x7E, 0x3F, 0xFE, 0x3F, 0xFE, 0x1F, 0xBE, 0x1F, 0xE0,
    0x7F, 0x81, 0xFE, 0x00, 0x00, 0x00, 0x03, 0xFF, 0xFF, 0xFF, 0xFF, 0xFF, 0xF8, 0x03, 0xE0, 0x0F,
    0x80, 0x3E, 0x00, 0xFF, 0xFB, 0xFF, 0xEF, 0xFF, 0xBE, 0x00, 0xF8, 0x03, 0xE0, 0x0F, 0x80, 0x3E,
    0x00, 0xFF, 0xFF, 0xFF, 0xFF, 0xFF, 0xC0, 0x0F, 0xF0, 0x1F, 0xE0, 0x3F, 0xC0, 0x00, 0x00, 0x00,
    0x01, 0xFC, 0x07, 0xFC, 0x1F, 0xFC, 0x7E, 0x7C, 0xF0, 0x79, 0xFF, 0xF3, 0xFF, 0xF7, 0xFF, 0xEF,
    0x00, 0x1F, 0x0F, 0x3F, 0x3E, 0x3F, 0xFC, 0x3F, 0xF0, 0x3F, 0x80, 0x07, 0x80, 0x1E, 0x00, 0x78,
    0x00, 0x00, 0xFF, 0xFF, 0xFF, 0xFF, 0xFF, 0xFE, 0x00, 0xF8, 0x03, 0xE0, 0x0F, 0x80, 0x3F, 0xFE,
    0xFF, 0xFB, 0xFF, 0xEF, 0x80, 0x3E, 0x00, 0xF8, 0x03, 0xE0, 0x0F, 0x80, 0x3F, 0xFF, 0xFF, 0xFF,
    0xFF, 0xF0, 0x07, 0xC0, 0x0F, 0x80, 0x1F, 0x00, 0x00, 0x00, 0xFE, 0x03, 0xFE, 0x0F, 0xFE, 0x3F,
    0x3E, 0x78, 0x3C, 0xFF, 0xF9, 0xFF, 0xFB, 0xFF, 0xF7, 0x80, 0x0F, 0x87, 0x9F, 0x9F, 0x1F, 0xFE,
    0x1F, 0xF8, 0x1F, 0xC0, 0xFF, 0xFD, 0xFF, 0xFB, 0xFF, 0xF7, 0xC0, 0x0F, 0x80, 0x1F, 0x00, 0x3E,
    0x00, 0x7F, 0xFC, 0xFF, 0xF9, 0xFF, 0xF3, 0xE0, 0x07, 0xC0, 0x0F, 0x80, 0x1F, 0x00, 0x3E, 0x00,
    0x7F, 0xFE, 0xFF, 0xFD, 0xFF, 0xF8, 0x00, 0xE0, 0x03, 0xC0, 0x07, 0x00, 0x0F, 0x80, 0x1F, 0x00,
    0x3F, 0x0F, 0xE0, 0x3F, 0xE0, 0xFF, 0xE3, 0xF3, 0xE7, 0x83, 0xCF, 0xFF, 0x9F, 0xFF, 0xBF, 0xFF,
    0x78, 0x00, 0xF8, 0x79, 0xF9, 0xF1, 0xFF, 0xE1, 0xFF, 0x81, 0xFE, 0x00, 0x78, 0x00, 0xF0, 0x01,
    0xD0, 0x03, 0xE0, 0x07, 0xE0, 0x03, 0x00, 0x1C, 0xE0, 0x7F, 0x80, 0xFC, 0x01, 0xF0, 0x00, 0x03,
    0xFF, 0xFF, 0xFF, 0xFF, 0xFF, 0xF8, 0x03, 0xE0, 0x0F, 0x80, 0x3E, 0x00, 0xFF, 0xFB, 0xFF, 0xEF,
    0xFF, 0xBE, 0x00, 0xF8, 0x03, 0xE0, 0x0F, 0x80, 0x3E, 0x00, 0xFF, 0xFF, 0xFF, 0xFF, 0xFF, 0xC0,
    0x1E, 0x70, 0x1F, 0xC0, 0x1F, 0x80, 0x3E, 0x00, 0x00, 0x01, 0xFC, 0x07, 0xFC, 0x1F, 0xFC, 0x7E,
    0x7C, 0xF0, 0x79, 0xFF, 0xF3, 0xFF, 0xF7, 0xFF, 0xEF, 0x00, 0x1F, 0x0F, 0x3F, 0x3E, 0x3F, 0xFC,
    0x3F, 0xF0, 0x3F, 0x80, 0x03, 0xF0, 0x03, 0xF8, 0x01, 0xFE, 0x01, 0xE7, 0x00, 0x00, 0x00, 0x3F,
    0xC0, 0x7F, 0xF8, 0x7F, 0xFE, 0x7F, 0xFF, 0x3F, 0x0F, 0xFF, 0x07, 0xFF, 0x80, 0x0F, 0x80, 0x07,
    0xC7, 0xFF, 0xE3, 0xFF, 0xF1, 0xFF, 0xFC, 0x7F, 0xFE, 0x07, 0xDF, 0x87, 0xEF, 0xFF, 0xF3, 0xFF,
    0xF8, 0xFF, 0xFC, 0x1F, 0xCE, 0x07, 0xC0, 0x0F, 0xC0, 0x3F, 0x80, 0xF3, 0x80, 0x00, 0x01, 0xF7,
    0xCF, 0xFF, 0x9F, 0xFF, 0x7E, 0x7E, 0xF8, 0x7D, 0xE0, 0xFB, 0xC1, 0xF7, 0x83, 0xEF, 0x87, 0xDF,
    0x9F, 0x9F, 0xFF, 0x3F, 0xFE, 0x3F, 0x7C, 0xE0, 0xF3, 0xE3, 0xE3, 0xFF, 0xC7, 0xFF, 0x03, 0xFC,
    0x00, 0x0F, 0x38, 0x03, 0xFC, 0x01, 0xFC, 0x00, 0x7C, 0x00, 0x00, 0x00, 0x3F, 0xC0, 0x7F, 0xF8,
    0x7F, 0xFE, 0x7F, 0xFF, 0x3F, 0x0F, 0xFF, 0x07, 0xFF, 0x80, 0x0F, 0x80, 0x07, 0xC7, 0xFF, 0xE3,
    0xFF, 0xF1, 0xFF, 0xFC, 0x7F, 0xFE, 0x07, 0xDF, 0x87, 0xEF, 0xFF, 0xF3, 0xFF, 0xF8, 0xFF, 0xFC,
    0x1F, 0xCE, 0x0C, 0x70, 0x1F, 0xE0, 0x3F, 0x80, 0x3E, 0x00, 0x00, 0x01, 0xF7, 0xCF, 0xFF, 0x9F,
    0xFF, 0x7E, 0x7E, 0xF8, 0x7D, 0xE0, 0xFB, 0xC1, 0xF7, 0x83, 0xEF, 0x87, 0xDF, 0x9F, 0x9F, 0xFF,
    0x3F, 0xFE, 0x3F, 0x7C, 0xE0, 0xF3, 0xE3, 0xE3, 0xFF, 0xC7, 0xFF, 0x03, 0xFC, 0x00, 0x03, 0xE0,
    0x01, 0xF0, 0x00, 0xF8, 0x00, 0x00, 0x00, 0xFF, 0x80, 0xFF, 0xE0, 0xFF, 0xF8, 0xFC, 0x7E, 0x7C,
    0x1F, 0x7C, 0x07, 0xBE, 0x00, 0x1E, 0x00, 0x0F, 0x0F, 0xFF, 0x87, 0xFF, 0xC3, 0xFF, 0xF0, 0x1F,
    0xF8, 0x0F, 0xBE, 0x0F, 0xDF, 0x8F, 0xE7, 0xFF, 0xF1, 0xFF, 0xF8, 0x7F, 0x9C, 0x07, 0xC0, 0x0F,
    0x80, 0x1F, 0x00, 0x00, 0x00, 0xFB, 0xE7, 0xFF, 0xCF, 0xFF, 0xBF, 0x3F, 0x7C, 0x3E, 0xF0, 0x7D,
    0xE0, 0xFB, 0xC1, 0xF7, 0xC3, 0xEF, 0xCF, 0xCF, 0xFF, 0x9F, 0xFF, 0x1F, 0xBE, 0x70, 0x79, 0xF1,
    0xF1, 0xFF, 0xE3, 0xFF, 0x81, 0xFE, 0x00, 0x0F, 0xF8, 0x0F, 0xFE, 0x0F, 0xFF, 0x8F, 0xC7, 0xE7,
    0xC1, 0xF7, 0xC0, 0x7B, 0xE0, 0x01, 0xE0, 0x00, 0xF0, 0xFF, 0xF8, 0x7F, 0xFC, 0x3F, 0xFF, 0x01,
    0xFF, 0x80, 0xFB, 0xE0, 0xFD, 0xF8, 0xFE, 0x7F, 0xFF, 0x1F, 0xFF, 0x87, 0xF9, 0xC0, 0x00, 0x00,
    0x3C, 0x00, 0x1E, 0x00, 0x0F, 0x00, 0x07, 0x00, 0x07, 0x00, 0x01, 0xC0, 0x07, 0x00, 0x0F, 0x00,
    0x1E, 0x00, 0x3C, 0x00, 0x00, 0x03, 0xEF, 0x9F, 0xFF, 0x3F, 0xFE, 0xFC, 0xFD, 0xF0, 0xFB, 0xC1,
    0xF7, 0x83, 0xEF, 0x07, 0xDF, 0x0F, 0xBF, 0x3F, 0x3F, 0xFE, 0x7F, 0xFC, 0x7E, 0xF9, 0xC1, 0xE7,
    0xC7, 0xC7, 0xFF, 0x8F, 0xFE, 0x07, 0xF8, 0x03, 0xE0, 0x07, 0xE0, 0x0F, 0xF0, 0x0E, 0x70, 0x00,
    0x00, 0xF8, 0x1F, 0xF8, 0x1F, 0xF8, 0x1F, 0xF8, 0x1F, 0xF8, 0x1F, 0xF8, 0x1F, 0xF8, 0x1F, 0xFF,
    0xFF, 0xFF, 0xFF, 0xFF, 0xFF, 0xF8, 0x1F, 0xF8, 0x1F, 0xF8, 0x1F, 0xF8, 0x1F, 0xF8, 0x1F, 0xF8,
    0x1F, 0xF8, 0x1F, 0xF8, 0x1F, 0x3E, 0x00, 0xFE, 0x01, 0xFC, 0x07, 0xBC, 0x00, 0x00, 0x07, 0xC0,
    0x0F, 0x80, 0x1F, 0x00, 0x3E, 0x00, 0x7F, 0xF0, 0xFF, 0xF1, 0xFF, 0xE3, 0xF3, 0xE7, 0xC7, 0xCF,
    0x8F, 0x9F, 0x1F, 0x3E, 0x3E, 0x7C, 0x7C, 0xF8, 0xF9, 0xF1, 0xF3, 0xE3, 0xE7, 0xC7, 0xCF, 0x8F,
    0x80, 0x7C, 0x0F, 0xBF, 0xFF, 0xFF, 0xFF, 0xFF, 0xFF, 0xFF, 0x7C, 0x0F, 0x9F, 0x03, 0xE7, 0xC0,
    0xF9, 0xFF, 0xFE, 0x7F, 0xFF, 0x9F, 0xFF, 0xE7, 0xC0, 0xF9, 0xF0, 0x3E, 0x7C, 0x0F, 0x9F, 0x03,
    0xE7, 0xC0, 0xF9, 0xF0, 0x3E, 0x7C, 0x0F, 0x9F, 0x03, 0xE0, 0x3E, 0x00, 0xFF, 0x01, 0xFF, 0x03,
    0xFE, 0x03, 0xFF, 0x87, 0xFF, 0x8F, 0xFF, 0x1F, 0x9F, 0x3E, 0x3E, 0x7C, 0x7C, 0xF8, 0xF9, 0xF1,
    0xF3, 0xE3, 0xE7, 0xC7, 0xCF, 0x8F, 0x9F, 0x1F, 0x3E, 0x3E, 0x7C, 0x7C, 0x31, 0xBF, 0xFF, 0xFD,
    0xE0, 0x01, 0xF0, 0xF8, 0x7C, 0x3E, 0x1F, 0x0F, 0x87, 0xC3, 0xE1, 0xF0, 0xF8, 0x7C, 0x3E, 0x1F,
    0x0F, 0x87, 0xC3, 0xE1, 0xF0, 0xF8, 0x39, 0xBF, 0xFF, 0xFD, 0xE0, 0x01, 0xF8, 0xFC, 0x7E, 0x3F,
    0x1F, 0x8F, 0xC7, 0xE3, 0xF1, 0xF8, 0xFC, 0x7E, 0x3F, 0x1F, 0x8F, 0xC0, 0xFF, 0xFF, 0xFF, 0x00,
    0x00, 0x7C, 0x7C, 0x7C, 0x7C, 0x7C, 0x7C, 0x7C, 0x7C, 0x7C, 0x7C, 0x7C, 0x7C, 0x7C, 0x7C, 0x7C,
    0x7C, 0x7C, 0x7C, 0xFF, 0xFF, 0xFF, 0xE0, 0x00, 0x01, 0xF0, 0xF8, 0x7C, 0x3E, 0x1F, 0x0F, 0x87,
    0xC3, 0xE1, 0xF0, 0xF8, 0x7C, 0x3E, 0x1F, 0x0F, 0x80, 0xFB, 0xEF, 0xBE, 0xFB, 0xEF, 0xBE, 0xFB,
    0xEF, 0xBE, 0xFB, 0xEF, 0xBE, 0xFB, 0xE7, 0x9C, 0xF3, 0xEF, 0xFF, 0x7C, 0xF9, 0xF0, 0x07, 0xCF,
    0x9F, 0x3E, 0x7C, 0xF9, 0xF3, 0xE7, 0xCF, 0x9F, 0x3E, 0x7C, 0xF8, 0xE3, 0xC7, 0x0F, 0x9F, 0x3F,
    0xFF, 0xFE, 0x0F, 0xFF, 0xFF, 0xFF, 0xFF, 0xFF, 0xFF, 0xFF, 0xFF, 0xFF, 0xFF, 0xFC, 0xFF, 0xFF,
    0xFF, 0xFF, 0xFF, 0xFF, 0xFF, 0xFF, 0xFC, 0xF8, 0x00, 0xFF, 0xC0, 0x07, 0xFE, 0x00, 0x3F, 0xF0,
    0x01, 0xFF, 0x80, 0x0F, 0xFC, 0x00, 0x7F, 0xE0, 0x03, 0xFF, 0x00, 0x1F, 0xF8, 0x00, 0xFF, 0xC0,
    0x07, 0xFE, 0x00, 0x3F, 0xF3, 0xE1, 0xFF, 0x9F, 0x0F, 0xFC, 0xF8, 0x7B, 0xE3, 0xE7, 0xDF, 0x1F,
    0xFE, 0xF8, 0x7F, 0xE7, 0xC1, 0xFC, 0x00, 0xF8, 0xF7, 0xC7, 0xBE, 0x3C, 0x00, 0x0F, 0x8F, 0x7C,
    0x7B, 0xE3, 0xDF, 0x1E, 0xF8, 0xF7, 0xC7, 0xBE, 0x3D, 0xF1, 0xEF, 0x8F, 0x7C, 0x7B, 0xE3, 0xDF,
    0x1E, 0xF8, 0xF7, 0xC7, 0x80, 0x3C, 0x0F, 0xE0, 0x7F, 0x03, 0xF0, 0x00, 0x7C, 0x00, 0xFE, 0x00,
    0xFF, 0x01, 0xEF, 0x00, 0x00, 0x00, 0x7C, 0x00, 0x7C, 0x00, 0x7C, 0x00, 0x7C, 0x00, 0x7C, 0x00,
    0x7C, 0x00, 0x7C, 0x00, 0x7C, 0x00, 0x7C, 0x00, 0x7C, 0x00, 0x7C, 0xF8, 0x7C, 0xF8, 0x7C, 0xFC,
    0xFC, 0xFF, 0xF8, 0x7F, 0xF8, 0x3F, 0xF0, 0x1F, 0xC0, 0x1F, 0x07, 0xE3, 0xF9, 0xE7, 0x00, 0x03,
    0xC0, 0xF0, 0x3C, 0x0F, 0x03, 0xC0, 0xF0, 0x3C, 0x0F, 0x03, 0xC0, 0xF0, 0x3C, 0x0F, 0x03, 0xC0,
    0xF0, 0x7C, 0x7F, 0x1F, 0x87, 0xE0, 0xF8, 0x3F, 0xF8, 0x7E, 0xF8, 0x7C, 0xF8, 0xF8, 0xF9, 0xF0,
    0xFB, 0xF0, 0xFF, 0xE0, 0xFF, 0xC0, 0xFF, 0xC0, 0xFF, 0xC0, 0xFF, 0xE0, 0xFD, 0xF0, 0xF9, 0xF8,
    0xF8, 0xF8, 0xF8, 0x7C, 0xF8, 0x7E, 0xF8, 0x3E, 0xF8, 0x1F, 0x00, 0x00, 0x03, 0xC0, 0x03, 0xC0,
    0x03, 0xC0, 0x03, 0x80, 0x03, 0x80, 0xF8, 0x01, 0xF0, 0x03, 0xE0, 0x07, 0xC0, 0x0F, 0x8F, 0xDF,
    0x1F, 0x3E, 0x7C, 0x7D, 0xF0, 0xFF, 0xC1, 0xFF, 0x03, 0xFF, 0x07, 0xFE, 0x0F, 0xFE, 0x1F, 0x3C,
    0x3E, 0x7C, 0x7C, 0x7C, 0xF8, 0x79, 0xF0, 0xF8, 0x00, 0x00, 0x3C, 0x00, 0x78, 0x00, 0xF0, 0x01,
    0xC0, 0x03, 0x80, 0x3C, 0x01, 0xE0, 0x1E, 0x00, 0xF0, 0x00, 0x00, 0x7C, 0x03, 0xE0, 0x1F, 0x00,
    0xF8, 0x07, 0xC0, 0x3E, 0x01, 0xF0, 0x0F, 0x80, 0x7C, 0x03, 0xE0, 0x1F, 0x00, 0xF8, 0x07, 0xC0,
    0x3E, 0x01, 0xF0, 0x0F, 0xFF, 0xFF, 0xFF, 0xFF, 0xE0, 0x3C, 0xF1, 0xE3, 0x80, 0x1F, 0x3E, 0x7C,
    0xF9, 0xF3, 0xE7, 0xCF, 0x9F, 0x3E, 0x7C, 0xF9, 0xF3, 0xE7, 0xCF, 0xEF, 0xDF, 0x80, 0xF8, 0x07,
    0xC0, 0x3E, 0x01, 0xF0, 0x0F, 0x80, 0x7C, 0x03, 0xE0, 0x1F, 0x00, 0xF8, 0x07, 0xC0, 0x3E, 0x01,
    0xF0, 0x0F, 0x80, 0x7C, 0x03, 0xE0, 0x1F, 0xFF, 0xFF, 0xFF, 0xFF, 0xC0, 0x00, 0x0F, 0x00, 0x78,
    0x03, 0xC0, 0x1C, 0x00, 0xE0, 0xF9, 0xF3, 0xE7, 0xCF, 0x9F, 0x3E, 0x7C, 0xF9, 0xF3, 0xE7, 0xCF,
    0x9F, 0x3E, 0x7F, 0x7E, 0xFC, 0x01, 0xE3, 0xC7, 0x8E, 0x38, 0xF8, 0x7F, 0xC3, 0xFE, 0x1D, 0xF0,
    0xEF, 0x8F, 0x7C, 0x7B, 0xE3, 0xDF, 0x00, 0xF8, 0x07, 0xC0, 0x3E, 0x01, 0xF0, 0x0F, 0x80, 0x7C,
    0x03, 0xE0, 0x1F, 0xFF, 0xFF, 0xFF, 0xFF, 0xC0, 0xFB, 0xFE, 0xFF, 0xBB, 0xEE, 0xFF, 0xBF, 0xEF,
    0xFB, 0xE0, 0xF8, 0x3E, 0x0F, 0x83, 0xE0, 0xF8, 0x3E, 0x0F, 0x83, 0xF8, 0x7E, 0x1F, 0x80, 0x7C,
    0x01, 0xF0, 0x07, 0xC0, 0x1F, 0x00, 0x7C, 0x01, 0xF6, 0x07, 0xF8, 0x1F, 0xE0, 0x7E, 0x03, 0xF0,
    0x0F, 0xC0, 0x3F, 0x00, 0x7C, 0x01, 0xF0, 0x07, 0xC0, 0x1F, 0xFF, 0x7F, 0xFD, 0xFF, 0xF0, 0x7C,
    0x7C, 0x7C, 0x7C, 0x7C, 0x7F, 0x7F, 0x7F, 0xFE, 0xFC, 0xFC, 0x7C, 0x7C, 0x7C, 0x7C, 0x7F, 0x3F,
    0x3F, 0x00, 0xF0, 0x01, 0xE0, 0x01, 0xE0, 0x01, 0xC0, 0x00, 0x00, 0xFC, 0x0F, 0xFC, 0x0F, 0xFE,
    0x0F, 0xFE, 0x0F, 0xFF, 0x0F, 0xFF, 0x8F, 0xFF, 0x8F, 0xFF, 0xCF, 0xFB, 0xCF, 0xFB, 0xEF, 0xF9,
    0xEF, 0xF9, 0xFF, 0xF8, 0xFF, 0xF8, 0x7F, 0xF8, 0x7F, 0xF8, 0x3F, 0xF8, 0x3F, 0xF8, 0x1F, 0x03,
    0xC0, 0x3E, 0x01, 0xE0, 0x0E, 0x00, 0x00, 0x7B, 0xF3, 0xFF, 0xDF, 0xFE, 0xFC, 0xFF, 0xC7, 0xFE,
    0x3F, 0xF1, 0xFF, 0x8F, 0xFC, 0x7F, 0xE3, 0xFF, 0x1F, 0xF8, 0xFF, 0xC7, 0xFE, 0x3E, 0xFC, 0x0F,
    0xFC, 0x0F, 0xFE, 0x0F, 0xFE, 0x0F, 0xFF, 0x0F, 0xFF, 0x8F, 0xFF, 0x8F, 0xFF, 0xCF, 0xFB, 0xCF,
    0xFB, 0xEF, 0xF9, 0xEF, 0xF9, 0xFF, 0xF8, 0xFF, 0xF8, 0x7F, 0xF8, 0x7F, 0xF8, 0x3F, 0xF8, 0x3F,
    0xF8, 0x1F, 0x00, 0x00, 0x03, 0xC0, 0x03, 0xC0, 0x03, 0xC0, 0x01, 0xC0, 0x03, 0x80, 0xF7, 0xE7,
    0xFF, 0xBF, 0xFD, 0xF9, 0xFF, 0x8F, 0xFC, 0x7F, 0xE3, 0xFF, 0x1F, 0xF8, 0xFF, 0xC7, 0xFE, 0x3F,
    0xF1, 0xFF, 0x8F, 0xFC, 0x7C, 0x00, 0x00, 0xF0, 0x07, 0x80, 0x3C, 0x01, 0xC0, 0x1E, 0x00, 0x0F,
    0x78, 0x07, 0x70, 0x07, 0xF0, 0x03, 0xE0, 0x00, 0x00, 0xFC, 0x0F, 0xFC, 0x0F, 0xFE, 0x0F, 0xFE,
    0x0F, 0xFF, 0x0F, 0xFF, 0x8F, 0xFF, 0x8F, 0xFF, 0xCF, 0xFB, 0xCF, 0xFB, 0xEF, 0xF9, 0xEF, 0xF9,
    0xFF, 0xF8, 0xFF, 0xF8, 0x7F, 0xF8, 0x7F, 0xF8, 0x3F, 0xF8, 0x3F, 0xF8, 0x1F, 0x3D, 0xE0, 0xFE,
    0x03, 0xF0, 0x1F, 0x00, 0x00, 0x7B, 0xF3, 0xFF, 0xDF, 0xFE, 0xFC, 0xFF, 0xC7, 0xFE, 0x3F, 0xF1,
    0xFF, 0x8F, 0xFC, 0x7F, 0xE3, 0xFF, 0x1F, 0xF8, 0xFF, 0xC7, 0xFE, 0x3E, 0xFC, 0x0F, 0xFC, 0x0F,
    0xFE, 0x0F, 0xFE, 0x0F, 0xFF, 0x0F, 0xFF, 0x8F, 0xFF, 0x8F, 0xFF, 0xCF, 0xFB, 0xCF, 0xFB, 0xEF,
    0xF9, 0xEF, 0xF9, 0xFF, 0xF8, 0xFF, 0xF8, 0x7F, 0xF8, 0x7F, 0xF8, 0x3F, 0xF8, 0x3F, 0xF8, 0x1F,
    0x00, 0x0F, 0x00, 0xFF, 0x00, 0xFF, 0x00, 0xFE, 0xF7, 0xE7, 0xFF, 0xBF, 0xFD, 0xF9, 0xFF, 0x8F,
    0xFC, 0x7F, 0xE3, 0xFF, 0x1F, 0xF8, 0xFF, 0xC7, 0xFE, 0x3F, 0xF1, 0xFF, 0x8F, 0xFC, 0x7C, 0x03,
    0xE0, 0x7F, 0x03, 0xF0, 0x1F, 0x00, 0x07, 0xF8, 0x01, 0xFE, 0x00, 0x7F, 0x80, 0x00, 0x00, 0x00,
    0x00, 0x01, 0xFE, 0x01, 0xFF, 0xC0, 0xFF, 0xFC, 0x7E, 0x3F, 0x1F, 0x03, 0xEF, 0x80, 0xFB, 0xE0,
    0x1E, 0xF0, 0x07, 0xFC, 0x01, 0xFF, 0x00, 0x7F, 0xC0, 0x1F, 0xF8, 0x07, 0xBE, 0x03, 0xE7, 0xC0,
    0xF9, 0xF8, 0xFC, 0x3F, 0xFF, 0x07, 0xFF, 0x00, 0xFF, 0x80, 0x0F, 0xF0, 0x1F, 0xE0, 0x3F, 0xC0,
    0x00, 0x00, 0x00, 0x01, 0xFC, 0x07, 0xFE, 0x1F, 0xFE, 0x7E, 0x7C, 0xF8, 0x7D, 0xE0, 0xFB, 0xC1,
    0xF7, 0x83, 0xEF, 0x07, 0xDF, 0x0F, 0xBF, 0x3E, 0x3F, 0xFC, 0x3F, 0xF0, 0x3F, 0x80, 0x03, 0xFE,
    0x00, 0xFF, 0x00, 0x7B, 0xC0, 0x1F, 0xE0, 0x00, 0x00, 0x01, 0xFE, 0x01, 0xFF, 0xC0, 0xFF, 0xFC,
    0x7E, 0x3F, 0x1F, 0x03, 0xEF, 0x80, 0xFB, 0xE0, 0x1E, 0xF0, 0x07, 0xFC, 0x01, 0xFF, 0x00, 0x7F,
    0xC0, 0x1F, 0xF8, 0x07, 0xBE, 0x03, 0xE7, 0xC0, 0xF9, 0xF8, 0xFC, 0x3F, 0xFF, 0x07, 0xFF, 0x00,
    0xFF, 0x80, 0x07, 0xFC, 0x0F, 0xF0, 0x3D, 0xE0, 0x7F, 0x80, 0x00, 0x01, 0xFC, 0x07, 0xFE, 0x1F,
    0xFE, 0x7E, 0x7C, 0xF8, 0x7D, 0xE0, 0xFB, 0xC1, 0xF7, 0x83, 0xEF, 0x07, 0xDF, 0x0F, 0xBF, 0x3E,
    0x3F, 0xFC, 0x3F, 0xF0, 0x3F, 0x80, 0x07, 0xFB, 0xFF, 0xC7, 0xFF, 0xFF, 0xF3, 0xFF, 0xFF, 0xFD,
    0xF8, 0xFF, 0x00, 0x7C, 0x0F, 0xC0, 0x3E, 0x03, 0xF0, 0x0F, 0x80, 0x7C, 0x03, 0xC0, 0x1F, 0xFF,
    0xF0, 0x07, 0xFF, 0xFC, 0x01, 0xFF, 0xFF, 0x00, 0x7C, 0x03, 0xE0, 0x1F, 0x00, 0xF8, 0x0F, 0xC0,
    0x1F, 0x03, 0xF0, 0x07, 0xE3, 0xFC, 0x00, 0xFF, 0xFF, 0xFF, 0x1F, 0xFF, 0xFF, 0xC1, 0xFE, 0xFF,
    0xF0, 0x0F, 0xE3, 0xF8, 0x0F, 0xFF, 0xFE, 0x0F, 0xFF, 0xFF, 0x8F, 0xCF, 0xE3, 0xE7, 0xC3, 0xE0,
    0xF3, 0xC1, 0xFF, 0xF9, 0xE0, 0xFF, 0xFC, 0xF0, 0x7F, 0xFE, 0x78, 0x3E, 0x00, 0x3E, 0x1F, 0x07,
    0x9F, 0x9F, 0xC7, 0xC7, 0xFF, 0xFF, 0xC1, 0xFF, 0xFF, 0xE0, 0x7F, 0x1F, 0xC0, 0x01, 0xE0, 0x03,
    0xE0, 0x03, 0xC0, 0x03, 0x80, 0x00, 0x00, 0xFF, 0xF0, 0xFF, 0xFC, 0xFF, 0xFE, 0xF8, 0x7E, 0xF8,
    0x1E, 0xF8, 0x1E, 0xF8, 0x3E, 0xF8, 0x7E, 0xFF, 0xFC, 0xFF, 0xF8, 0xFF, 0xFC, 0xF8, 0x7E, 0xF8,
    0x3E, 0xF8, 0x1E, 0xF8, 0x1E, 0xF8, 0x1E, 0xF8, 0x1E, 0xF8, 0x1F, 0x0F, 0x07, 0x87, 0x83, 0xC0,
    0x07, 0xFF, 0xFF, 0xFF, 0xFC, 0x7C, 0x3E, 0x1F, 0x0F, 0x87, 0xC3, 0xE1, 0xF0, 0xF8, 0x7C, 0x3E,
    0x00, 0xFF, 0xF0, 0xFF, 0xFC, 0xFF, 0xFE, 0xF8, 0x7E, 0xF8, 0x1E, 0xF8, 0x1E, 0xF8, 0x3E, 0xF8,
    0x7E, 0xFF, 0xFC, 0xFF, 0xF8, 0xFF, 0xFC, 0xF8, 0x7E, 0xF8, 0x3E, 0xF8, 0x1E, 0xF8, 0x1E, 0xF8,
    0x1E, 0xF8, 0x1E, 0xF8, 0x1F, 0x00, 0x00, 0x03, 0xC0, 0x03, 0xC0, 0x03, 0xC0, 0x03, 0xC0, 0x03,
    0x80, 0xFF, 0xFF, 0xFF, 0xFF, 0x8F, 0x87, 0xC3, 0xE1, 0xF0, 0xF8, 0x7C, 0x3E, 0x1F, 0x0F, 0x87,
    0xC0, 0x00, 0xF0, 0x78, 0x38, 0x1C, 0x1C, 0x00, 0x1E, 0xF0, 0x0F, 0xE0, 0x07, 0xE0, 0x07, 0xC0,
    0x00, 0x00, 0xFF, 0xF0, 0xFF, 0xFC, 0xFF, 0xFE, 0xF8, 0x7E, 0xF8, 0x1E, 0xF8, 0x1E, 0xF8, 0x3E,
    0xF8, 0x7E, 0xFF, 0xFC, 0xFF, 0xF8, 0xFF, 0xFC, 0xF8, 0x7E, 0xF8, 0x3E, 0xF8, 0x1E, 0xF8, 0x1E,
    0xF8, 0x1E, 0xF8, 0x1E, 0xF8, 0x1F, 0xF3, 0xBF, 0x8F, 0xC7, 0xC0, 0x07, 0xFF, 0xFF, 0xFF, 0xFC,
    0x7C, 0x3E, 0x1F, 0x0F, 0x87, 0xC3, 0xE1, 0xF0, 0xF8, 0x7C, 0x3E, 0x00, 0x01, 0xE0, 0x07, 0x80,
    0x0F, 0x00, 0x3C, 0x00, 0x00, 0x03, 0xFC, 0x0F, 0xFE, 0x3F, 0xFE, 0x7C, 0xFD, 0xF0, 0x7F, 0xE0,
    0xFF, 0xE0, 0x07, 0xFC, 0x07, 0xFF, 0x07, 0xFF, 0x01, 0xFF, 0x00, 0x7F, 0xF0, 0x7F, 0xE0, 0xFB,
    0xF3, 0xF7, 0xFF, 0xC7, 0xFF, 0x03, 0xFC, 0x00, 0x03, 0xE0, 0x0F, 0x00, 0x3C, 0x01, 0xE0, 0x00,
    0x00, 0x7F, 0x83, 0xFF, 0x1F, 0xFE, 0x7C, 0x79, 0xF1, 0xF7, 0xF0, 0x0F, 0xF8, 0x1F, 0xF8, 0x1F,
    0xE7, 0x87, 0xDF, 0x1F, 0x7F, 0xF8, 0xFF, 0xE1, 0xFE, 0x00, 0x07, 0xC0, 0x1F, 0x80, 0x3F, 0x80,
    0xF7, 0x80, 0x00, 0x03, 0xFC, 0x0F, 0xFE, 0x3F, 0xFE, 0x7C, 0xFD, 0xF0, 0x7F, 0xE0, 0xFF, 0xE0,
    0x07, 0xFC, 0x07, 0xFF, 0x07, 0xFF, 0x01, 0xFF, 0x00, 0x7F, 0xF0, 0x7F, 0xE0, 0xFB, 0xF3, 0xF7,
    0xFF, 0xC7, 0xFF, 0x03, 0xFC, 0x00, 0x07, 0xC0, 0x3F, 0x01, 0xFE, 0x07, 0x38, 0x00, 0x00, 0x7F,
    0x83, 0xFF, 0x1F, 0xFE, 0x7C, 0x79, 0xF1, 0xF7, 0xF0, 0x0F, 0xF8, 0x1F, 0xF8, 0x1F, 0xE7, 0x87,
    0xDF, 0x1F, 0x7F, 0xF8, 0xFF, 0xE1, 0xFE, 0x00, 0x1F, 0xE0, 0x7F, 0xF1, 0xFF, 0xF3, 0xE7, 0xEF,
    0x83, 0xFF, 0x07, 0xFF, 0x00, 0x3F, 0xE0, 0x3F, 0xF8, 0x3F, 0xF8, 0x0F, 0xF8, 0x03, 0xFF, 0x83,
    0xFF, 0x07, 0xDF, 0x9F, 0xBF, 0xFE, 0x3F, 0xF8, 0x1F, 0xE0, 0x0E, 0x00, 0x1E, 0x00, 0x3E, 0x00,
    0xDC, 0x03, 0xF8, 0x03, 0xE0, 0x1F, 0xE0, 0xFF, 0xC7, 0xFF, 0x9F, 0x1E, 0x7C, 0x7D, 0xFC, 0x03,
    0xFE, 0x07, 0xFE, 0x07, 0xF9, 0xE1, 0xF7, 0xC7, 0xDF, 0xFE, 0x3F, 0xF8, 0x7F, 0x80, 0x38, 0x01,
    0xF0, 0x03, 0xC0, 0x33, 0x80, 0xFC, 0x01, 0xF0, 0x1E, 0xF0, 0x1F, 0xC0, 0x3F, 0x00, 0x3E, 0x00,
    0x00, 0x03, 0xFC, 0x0F, 0xFE, 0x3F, 0xFE, 0x7C, 0xFD, 0xF0, 0x7F, 0xE0, 0xFF, 0xE0, 0x07, 0xFC,
    0x07, 0xFF, 0x07, 0xFF, 0x01, 0xFF, 0x00, 0x7F, 0xF0, 0x7F, 0xE0, 0xFB, 0xF3, 0xF7, 0xFF, 0xC7,
    0xFF, 0x03, 0xFC, 0x00, 0x1C, 0xE0, 0x7F, 0x80, 0xFC, 0x01, 0xF0, 0x00, 0x00, 0x7F, 0x83, 0xFF,
    0x1F, 0xFE, 0x7C, 0x79, 0xF1, 0xF7, 0xF0, 0x0F, 0xF8, 0x1F, 0xF8, 0x1F, 0xE7, 0x87, 0xDF, 0x1F,
    0x7F, 0xF8, 0xFF, 0xE1, 0xFE, 0x00, 0xFF, 0xFF, 0xFF, 0xFF, 0xFF, 0xF8, 0x3E, 0x00, 0x7C, 0x00,
    0xF8, 0x01, 0xF0, 0x03, 0xE0, 0x07, 0xC0, 0x0F, 0x80, 0x1F, 0x00, 0x3E, 0x00, 0x7C, 0x00, 0xF8,
    0x01, 0xF0, 0x03, 0xE0, 0x07, 0xC0, 0x0F, 0x80, 0x0E, 0x00, 0x1E, 0x00, 0x3E, 0x00, 0x9C, 0x03,
    0xF8, 0x03, 0xE0, 0x3C, 0x0F, 0x03, 0xC3, 0xFF, 0xFF, 0xFF, 0xF3, 0xC0, 0xF0, 0x3C, 0x0F, 0x03,
    0xC0, 0xF0, 0x3C, 0x0F, 0x83, 0xFC, 0xFF, 0x1F, 0xC3, 0x80, 0xF0, 0x3E, 0x13, 0x8F, 0xE1, 0xF0,
    0x1E, 0xF0, 0x1D, 0xC0, 0x3F, 0x80, 0x3E, 0x00, 0x00, 0x1F, 0xFF, 0xFF, 0xFF, 0xFF, 0xFF, 0x07,
    0xC0, 0x0F, 0x80, 0x1F, 0x00, 0x3E, 0x00, 0x7C, 0x00, 0xF8, 0x01, 0xF0, 0x03, 0xE0, 0x07, 0xC0,
    0x0F, 0x80, 0x1F, 0x00, 0x3E, 0x00, 0x7C, 0x00, 0xF8, 0x01, 0xF0, 0x00, 0x01, 0xE0, 0x3C, 0x07,
    0x9E, 0xE3, 0xDC, 0x7B, 0xBF, 0xF7, 0xFE, 0xFF, 0xC7, 0x80, 0xF0, 0x1E, 0x03, 0xC0, 0x78, 0x0F,
    0x01, 0xE0, 0x3E, 0x07, 0xF8, 0xFF, 0x0F, 0xE0, 0xFF, 0xFF, 0xFF, 0xFF, 0xFF, 0xF8, 0x3E, 0x00,
    0x7C, 0x00, 0xF8, 0x01, 0xF0, 0x03, 0xE0, 0x3F, 0xF8, 0x7F, 0xF0, 0xFF, 0xE0, 0x3E, 0x00, 0x7C,
    0x00, 0xF8, 0x01, 0xF0, 0x03, 0xE0, 0x07, 0xC0, 0x0F, 0x80, 0x3C, 0x0F, 0x03, 0xC3, 0xFF, 0xFF,
    0xFF, 0xF3, 0xC0, 0xF0, 0xFF, 0xBF, 0xEF, 0xF8, 0xF0, 0x3C, 0x0F, 0x83, 0xFC, 0xFF, 0x1F, 0xC0,
    0x02, 0x30, 0x0F, 0xF0, 0x1F, 0xF0, 0x1D, 0xE0, 0x00, 0x00, 0xF8, 0x1E, 0xF8, 0x1E, 0xF8, 0x1E,
    0xF8, 0x1E, 0xF8, 0x1E, 0xF8, 0x1E, 0xF8, 0x1E, 0xF8, 0x1E, 0xF8, 0x1E, 0xF8, 0x1E, 0xF8, 0x1E,
    0xF8, 0x1E, 0xF8, 0x1E, 0xF8, 0x3E, 0x7E, 0x7E, 0x7F, 0xFC, 0x3F, 0xF8, 0x0F, 0xF0, 0x0C, 0x60,
    0xFF, 0x0F, 0xF8, 0x7F, 0x80, 0x00, 0x7C, 0x7F, 0xE3, 0xFF, 0x1F, 0xF8, 0xFF, 0xC7, 0xFE, 0x3F,
    0xF1, 0xFF, 0x8F, 0xFC, 0x7F, 0xE3, 0xFF, 0xBF, 0x7F, 0xFB, 0xFF, 0xCF, 0xDE, 0x0F, 0xF0, 0x0F,
    0xF0, 0x0F, 0xF0, 0x00, 0x00, 0x00, 0x00, 0xF8, 0x1E, 0xF8, 0x1E, 0xF8, 0x1E, 0xF8, 0x1E, 0xF8,
    0x1E, 0xF8, 0x1E, 0xF8, 0x1E, 0xF8, 0x1E, 0xF8, 0x1E, 0xF8, 0x1E, 0xF8, 0x1E, 0xF8, 0x1E, 0xF8,
    0x1E, 0xF8, 0x3E, 0x7E, 0x7E, 0x7F, 0xFC, 0x3F, 0xF8, 0x0F, 0xF0, 0x3F, 0xE1, 0xFF, 0x0F, 0xF8,
    0x00, 0x00, 0x00, 0x7C, 0x7F, 0xE3, 0xFF, 0x1F, 0xF8, 0xFF, 0xC7, 0xFE, 0x3F, 0xF1, 0xFF, 0x8F,
    0xFC, 0x7F, 0xE3, 0xFF, 0xBF, 0x7F, 0xFB, 0xFF, 0xCF, 0xDE, 0x0E, 0x70, 0x0F, 0xF0, 0x0F, 0xE0,
    0x07, 0xC0, 0x00, 0x00, 0xF8, 0x1E, 0xF8, 0x1E, 0xF8, 0x1E, 0xF8, 0x1E, 0xF8, 0x1E, 0xF8, 0x1E,
    0xF8, 0x1E, 0xF8, 0x1E, 0xF8, 0x1E, 0xF8, 0x1E, 0xF8, 0x1E, 0xF8, 0x1E, 0xF8, 0x1E, 0xF8, 0x3E,
    0x7E, 0x7E, 0x7F, 0xFC, 0x3F, 0xF8, 0x0F, 0xF0, 0x38, 0xE0, 0xFF, 0x07, 0xF0, 0x1F, 0x00, 0x00,
    0x7C, 0x7F, 0xE3, 0xFF, 0x1F, 0xF8, 0xFF, 0xC7, 0xFE, 0x3F, 0xF1, 0xFF, 0x8F, 0xFC, 0x7F, 0xE3,
    0xFF, 0xBF, 0x7F, 0xFB, 0xFF, 0xCF, 0xDE, 0x03, 0xC0, 0x07, 0xC0, 0x06, 0xE0, 0x07, 0xC0, 0x03,
    0xC0, 0x00, 0x00, 0xF8, 0x1E, 0xF8, 0x1E, 0xF8, 0x1E, 0xF8, 0x1E, 0xF8, 0x1E, 0xF8, 0x1E, 0xF8,
    0x1E, 0xF8, 0x1E, 0xF8, 0x1E, 0xF8, 0x1E, 0xF8, 0x1E, 0xF8, 0x1E, 0xF8, 0x1E, 0xF8, 0x3E, 0x7E,
    0x7E, 0x7F, 0xFC, 0x3F, 0xF8, 0x0F, 0xF0, 0x0F, 0x80, 0x7C, 0x03, 0x60, 0x1F, 0x00, 0xF8, 0x00,
    0x03, 0xE3, 0xFF, 0x1F, 0xF8, 0xFF, 0xC7, 0xFE, 0x3F, 0xF1, 0xFF, 0x8F, 0xFC, 0x7F, 0xE3, 0xFF,
    0x1F, 0xFD, 0xFB, 0xFF, 0xDF, 0xFE, 0x7E, 0xF0, 0x07, 0xFC, 0x07, 0xF8, 0x0F, 0x78, 0x0F, 0xF0,
    0x00, 0x00, 0xF8, 0x1E, 0xF8, 0x1E, 0xF8, 0x1E, 0xF8, 0x1E, 0xF8, 0x1E, 0xF8, 0x1E, 0xF8, 0x1E,
    0xF8, 0x1E, 0xF8, 0x1E, 0xF8, 0x1E, 0xF8, 0x1E, 0xF8, 0x1E, 0xF8, 0x1E, 0xF8, 0x3E, 0x7E, 0x7E,
    0x7F, 0xFC, 0x3F, 0xF8, 0x0F, 0xF0, 0x0F, 0xF8, 0xFF, 0x87, 0xB8, 0x3B, 0xC0, 0x00, 0x7C, 0x7F,
    0xE3, 0xFF, 0x1F, 0xF8, 0xFF, 0xC7, 0xFE, 0x3F, 0xF1, 0xFF, 0x8F, 0xFC, 0x7F, 0xE3, 0xFF, 0xBF,
    0x7F, 0xFB, 0xFF, 0xCF, 0xDE, 0xF8, 0x1E, 0xF8, 0x1E, 0xF8, 0x1E, 0xF8, 0x1E, 0xF8, 0x1E, 0xF8,
    0x1E, 0xF8, 0x1E, 0xF8, 0x1E, 0xF8, 0x1E, 0xF8, 0x1E, 0xF8, 0x1E, 0xF8, 0x1E, 0xF8, 0x1E, 0xF8,
    0x3E, 0x7E, 0x7E, 0x7F, 0xFC, 0x3F, 0xF8, 0x0F, 0xF0, 0x01, 0xE0, 0x01, 0xC0, 0x03, 0xC0, 0x03,
    0xE0, 0x03, 0xF0, 0x03, 0xF0, 0xFC, 0xFF, 0xF3, 0xFF, 0xCF, 0xFF, 0x3F, 0xFC, 0xFF, 0xF3, 0xFF,
    0xCF, 0xFF, 0x3F, 0xFC, 0xFF, 0xF3, 0xFF, 0xFF, 0xDF, 0xFF, 0x7F, 0xFC, 0xFD, 0xF0, 0x07, 0x80,
    0x1E, 0x00, 0xF0, 0x03, 0xF0, 0x0F, 0xC0, 0x1F, 0x00, 0x3E, 0x00, 0x00, 0x1F, 0x80, 0x00, 0x1F,
    0xC0, 0x00, 0x1E, 0xF0, 0x00, 0x00, 0x00, 0x03, 0xC0, 0xF0, 0x7D, 0xF0, 0xF8, 0x3C, 0xF8, 0x7C,
    0x3E, 0x7C, 0x3F, 0x1F, 0x1E, 0x1F, 0x8F, 0x8F, 0x9F, 0xC7, 0x87, 0xCF, 0xE3, 0xC1, 0xE7, 0xFB,
    0xE0, 0xF3, 0xFD, 0xF0, 0x7F, 0xDE, 0xF0, 0x3F, 0xEF, 0x78, 0x0F, 0xF3, 0xFC, 0x07, 0xF9, 0xFE,
    0x03, 0xF8, 0xFE, 0x01, 0xFC, 0x7F, 0x00, 0x7E, 0x1F, 0x80, 0x3F, 0x0F, 0x80, 0x1F, 0x07, 0xC0,
    0x00, 0xFC, 0x00, 0x0F, 0xE0, 0x00, 0x7F, 0x80, 0x07, 0x9E, 0x00, 0x00, 0x00, 0x7E, 0x3C, 0x7D,
    0xF3, 0xE3, 0xEF, 0x9F, 0x9F, 0x7C, 0xFD, 0xF1, 0xE7, 0xEF, 0x8F, 0xFF, 0x7C, 0x7F, 0xFF, 0xE3,
    0xFF, 0xFE, 0x0F, 0xFF, 0xF0, 0x7F, 0x7F, 0x83, 0xF9, 0xFC, 0x1F, 0xCF, 0xC0, 0x7C, 0x7E, 0x03,
    0xE1, 0xF0, 0x03, 0xE0, 0x01, 0xF8, 0x01, 0xFE, 0x00, 0xE7, 0x00, 0x00, 0x03, 0xE0, 0x7D, 0xF0,
    0x3E, 0x7C, 0x3E, 0x3E, 0x1E, 0x0F, 0x9F, 0x07, 0xDF, 0x01, 0xFF, 0x80, 0x7F, 0x80, 0x3F, 0xC0,
    0x0F, 0xC0, 0x07, 0xE0, 0x01, 0xE0, 0x00, 0xF0, 0x00, 0x78, 0x00, 0x3C, 0x00, 0x1E, 0x00, 0x0F,
    0x00, 0x07, 0x80, 0x07, 0xC0, 0x1F, 0x80, 0x3F, 0x80, 0xF7, 0x80, 0x00, 0x1F, 0x07, 0x9E, 0x1F,
    0x3E, 0x3E, 0x7C, 0x78, 0x78, 0xF0, 0xF3, 0xE1, 0xF7, 0x81, 0xEF, 0x03, 0xFE, 0x07, 0xF8, 0x07,
    0xF0, 0x0F, 0xE0, 0x0F, 0x80, 0x1F, 0x00, 0x3E, 0x03, 0xF8, 0x07, 0xF0, 0x0F, 0xC0, 0x00, 0x0F,
    0x7C, 0x07, 0xBE, 0x03, 0xDF, 0x00, 0x00, 0x07, 0xC0, 0xFB, 0xE0, 0x7C, 0xF8, 0x7C, 0x7C, 0x3C,
    0x1F, 0x3E, 0x0F, 0xBE, 0x03, 0xFF, 0x00, 0xFF, 0x00, 0x7F, 0x80, 0x1F, 0x80, 0x0F, 0xC0, 0x03,
    0xC0, 0x01, 0xE0, 0x00, 0xF0, 0x00, 0x78, 0x00, 0x3C, 0x00, 0x1E, 0x00, 0x0F, 0x00, 0x01, 0xE0,
    0x07, 0xC0, 0x0F, 0x00, 0x1C, 0x00, 0x00, 0x0F, 0xFF, 0x9F, 0xFF, 0x3F, 0xFE, 0x00, 0xFC, 0x01,
    0xF0, 0x07, 0xC0, 0x1F, 0x80, 0x3E, 0x00, 0xF8, 0x03, 0xF0, 0x0F, 0xC0, 0x1F, 0x00, 0x7C, 0x01,
    0xF8, 0x03, 0xE0, 0x0F, 0xFF, 0xFF, 0xFF, 0xFF, 0xFF, 0x80, 0x03, 0xC0, 0x3E, 0x01, 0xE0, 0x1F,
    0x00, 0x00, 0x7F, 0xFF, 0xFF, 0xFF, 0xFF, 0x7F, 0xF8, 0x1F, 0x81, 0xF8, 0x1F, 0x81, 0xF8, 0x1F,
    0x81, 0xF8, 0x1F, 0xFF, 0xFF, 0xFF, 0xFF, 0xFF, 0xFE, 0x07, 0xC0, 0x0F, 0x80, 0x1F, 0x00, 0x00,
    0x07, 0xFF, 0xCF, 0xFF, 0x9F, 0xFF, 0x00, 0x7E, 0x00, 0xF8, 0x03, 0xE0, 0x0F, 0xC0, 0x1F, 0x00,
    0x7C, 0x01, 0xF8, 0x07, 0xE0, 0x0F, 0x80, 0x3E, 0x00, 0xFC, 0x01, 0xF0, 0x07, 0xFF, 0xFF, 0xFF,
    0xFF, 0xFF, 0xC0, 0x0F, 0x80, 0x7C, 0x03, 0xE0, 0x00, 0x0F, 0xFF, 0xFF, 0xFF, 0xFF, 0xE0, 0x3E,
    0x03, 0xE0, 0x3E, 0x03, 0xE0, 0x3E, 0x03, 0xF0, 0x3F, 0x03, 0xF0, 0x1F, 0xFF, 0xFF, 0xFF, 0xFF,
    0xC0, 0x1E, 0xF0, 0x1F, 0xC0, 0x1F, 0x80, 0x3E, 0x00, 0x00, 0x0F, 0xFF, 0x9F, 0xFF, 0x3F, 0xFE,
    0x00, 0xFC, 0x01, 0xF0, 0x07, 0xC0, 0x1F, 0x80, 0x3E, 0x00, 0xF8, 0x03, 0xF0, 0x0F, 0xC0, 0x1F,
    0x00, 0x7C, 0x01, 0xF8, 0x03, 0xE0, 0x0F, 0xFF, 0xFF, 0xFF, 0xFF, 0xFF, 0x80, 0x3C, 0xE0, 0xFF,
    0x07, 0xF0, 0x1F, 0x80, 0x00, 0x7F, 0xFF, 0xFF, 0xFF, 0xFF, 0x7F, 0xF8, 0x1F, 0x81, 0xF8, 0x1F,
    0x81, 0xF8, 0x1F, 0x81, 0xF8, 0x1F, 0xFF, 0xFF, 0xFF, 0xFF, 0xFF, 0xFE, 0x00, 0x07, 0x80, 0x01,
    0xE0, 0x00, 0x78, 0x00, 0x1E, 0x07, 0xFF, 0x87, 0xFF, 0xC3, 0xFF, 0xF1, 0xF8, 0xFC, 0x7C, 0x0F,
    0xBE, 0x03, 0xEF, 0x80, 0x7B, 0xC0, 0x1F, 0xF0, 0x07, 0xFC, 0x01, 0xFF, 0x00, 0x7F, 0xE0, 0x1E,
    0xF8, 0x0F, 0x9F, 0x03, 0xE7, 0xE3, 0xF0, 0xFF, 0xFC, 0x1F, 0xFC, 0x03, 0xFE, 0x00, 0x00, 0x0E,
    0x00, 0x1C, 0x00, 0x38, 0x00, 0x70, 0xFF, 0xE3, 0xFF, 0x8F, 0xFF, 0x3F, 0x3E, 0x7C, 0x3E, 0xF0,
    0x7D, 0xE0, 0xFB, 0xC1, 0xF7, 0x83, 0xEF, 0x87, 0xDF, 0x9F, 0x1F, 0xFE, 0x1F, 0xF8, 0x1F, 0xC0,
    0x00, 0x03, 0x80, 0x00, 0xE0, 0x00, 0x38, 0x00, 0x0E, 0xF8, 0x1F, 0xBE, 0x07, 0xCF, 0x81, 0xE3,
    0xE0, 0x78, 0xF8, 0x1E, 0x3E, 0x07, 0x8F, 0x81, 0xE3, 0xE0, 0x78, 0xF8, 0x1E, 0x3E, 0x07, 0x8F,
    0x81, 0xE3, 0xE0, 0x78, 0xF8, 0x1E, 0x3E, 0x0F, 0x87, 0xE7, 0xE1, 0xFF, 0xF0, 0x3F, 0xF8, 0x03,
    0xFC, 0x00, 0x00, 0x1E, 0x00, 0x3C, 0x00, 0x78, 0x00, 0xFF, 0x8F, 0xFF, 0x1F, 0xBE, 0x3E, 0x7C,
    0x7C, 0xF8, 0xF9, 0xF1, 0xF3, 0xE3, 0xE7, 0xC7, 0xCF, 0x8F, 0x9F, 0x1F, 0x3F, 0x7E, 0x3F, 0xFC,
    0x7F, 0xF8, 0x7E, 0xF0, 0x07, 0x38, 0x01, 0xFE, 0x00, 0x3F, 0x00, 0x07, 0xC0, 0x00, 0x00, 0x00,
    0xFC, 0x00, 0x3F, 0x00, 0x0F, 0xE0, 0x07, 0xF8, 0x01, 0xFE, 0x00, 0x7F, 0xC0, 0x3E, 0xF0, 0x0F,
    0x3C, 0x07, 0xCF, 0x81, 0xF1, 0xE0, 0x78, 0x78, 0x3F, 0xFF, 0x0F, 0xFF, 0xC3, 0xFF, 0xF9, 0xF0,
    0x3E, 0x7C, 0x07, 0x9E, 0x01, 0xFF, 0x80, 0x7C, 0x1E, 0xF0, 0x1D, 0xC0, 0x3F, 0x80, 0x3E, 0x00,
    0x00, 0x01, 0xFC, 0x0F, 0xFC, 0x1F, 0xFC, 0x7C, 0xFC, 0xF0, 0xF8, 0x07, 0xF0, 0xFF, 0xE3, 0xFF,
    0xCF, 0xCF, 0x9E, 0x1F, 0x3E, 0x7E, 0x7F, 0xFE, 0xFF, 0xFC, 0xFE, 0x78, 0x07, 0xF8, 0x07, 0xFF,
    0x03, 0xFF, 0xE1, 0xF8, 0xFC, 0x7C, 0x1F, 0x3E, 0x03, 0xCF, 0x80, 0x03, 0xC0, 0x00, 0xF0, 0xFF,
    0xBC, 0x3F, 0xEF, 0x07, 0xFB, 0xE3, 0xFF, 0xF8, 0xFF, 0xDF, 0x07, 0xC7, 0xE3, 0xE0, 0xFF, 0xF8,
    0x1F, 0xFC, 0x03, 0xFC, 0x00, 0x0F, 0xBE, 0x3F, 0xFE, 0x3F, 0xFE, 0x7E, 0xFE, 0x7C, 0x3E, 0x79,
    0xFF, 0x79, 0xFF, 0x79, 0xFF, 0x7C, 0x3E, 0x7E, 0x7E, 0x3F, 0xFE, 0x3F, 0xFE, 0x1F, 0xBE, 0x38,
    0x3C, 0x7C, 0x7C, 0x3F, 0xFC, 0x3F, 0xF8, 0x0F, 0xF0, 0x0F, 0x38, 0x03, 0xFC, 0x01, 0xFC, 0x00,
    0x7E, 0x00, 0x00, 0x00, 0x3F, 0xC0, 0x7F, 0xF8, 0x7F, 0xFE, 0x7F, 0xFF, 0x3F, 0x0F, 0xFF, 0x07,
    0xFF, 0x80, 0x0F, 0x80, 0x07, 0xC7, 0xFF, 0xE3, 0xFF, 0xF1, 0xFF, 0xFC, 0x7F, 0xFE, 0x07, 0xDF,
    0x87, 0xEF, 0xFF, 0xF3, 0xFF, 0xF8, 0xFF, 0xFC, 0x1F, 0xCE, 0x1E, 0x70, 0x1F, 0xC0, 0x1F, 0x80,
    0x3E, 0x00, 0x00, 0x01, 0xF7, 0xCF, 0xFF, 0x9F, 0xFF, 0x7E, 0x7E, 0xF8, 0x7D, 0xE0, 0xFB, 0xC1,
    0xF7, 0x83, 0xEF, 0x87, 0xDF, 0x9F, 0x9F, 0xFF, 0x3F, 0xFE, 0x3F, 0x7C, 0xE0, 0xF3, 0xE3, 0xE3,
    0xFF, 0xC7, 0xFF, 0x03, 0xFC, 0x00, 0x1E, 0xF0, 0x0F, 0xE0, 0x07, 0xE0, 0x07, 0xC0, 0x00, 0x00,
    0xF8, 0x3F, 0xF8, 0x7E, 0xF8, 0x7C, 0xF8, 0xF8, 0xF9, 0xF0, 0xFB, 0xF0, 0xFF, 0xE0, 0xFF, 0xC0,
    0xFF, 0xC0, 0xFF, 0xC0, 0xFF, 0xE0, 0xFD, 0xF0, 0xF9, 0xF8, 0xF8, 0xF8, 0xF8, 0x7C, 0xF8, 0x7E,
    0xF8, 0x3E, 0xF8, 0x1F, 0xF7, 0x80, 0x3B, 0x80, 0x1F, 0xC0, 0x07, 0xC0, 0x00, 0x00, 0x01, 0xF0,
    0x00, 0xF8, 0x00, 0x7C, 0x00, 0x3E, 0x00, 0x1F, 0x1F, 0x8F, 0x8F, 0x87, 0xCF, 0x83, 0xEF, 0x81,
    0xFF, 0x80, 0xFF, 0x80, 0x7F, 0xE0, 0x3F, 0xF0, 0x1F, 0xFC, 0x0F, 0x9E, 0x07, 0xCF, 0x83, 0xE3,
    0xE1, 0xF0, 0xF0, 0xF8, 0x7C, 0x1F, 0xE0, 0x7F, 0xF1, 0xFF, 0xF3, 0xE7, 0xEF, 0x83, 0xFF, 0x07,
    0xFF, 0x00, 0x3F, 0xE0, 0x3F, 0xF8, 0x3F, 0xF8, 0x0F, 0xF8, 0x03, 0xFF, 0x83, 0xFF, 0x07, 0xDF,
    0x9F, 0xBF, 0xFE, 0x3F, 0xF8, 0x1F, 0xE0, 0x00, 0x00, 0x1E, 0x00, 0x3C, 0x00, 0x78, 0x00, 0xE0,
    0x01, 0xC0, 0x1F, 0xE0, 0xFF, 0xC7, 0xFF, 0x9F, 0x1E, 0x7C, 0x7D, 0xFC, 0x03, 0xFE, 0x07, 0xFE,
    0x07, 0xF9, 0xE1, 0xF7, 0xC7, 0xDF, 0xFE, 0x3F, 0xF8, 0x7F, 0x80, 0x00, 0x01, 0xE0, 0x07, 0x80,
    0x1E, 0x00, 0x38, 0x01, 0xC0, 0xFF, 0xFF, 0xFF, 0xFF, 0xFF, 0xF8, 0x3E, 0x00, 0x7C, 0x00, 0xF8,
    0x01, 0xF0, 0x03, 0xE0, 0x07, 0xC0, 0x0F, 0x80, 0x1F, 0x00, 0x3E, 0x00, 0x7C, 0x00, 0xF8, 0x01,
    0xF0, 0x03, 0xE0, 0x07, 0xC0, 0x0F, 0x80, 0x00, 0x00, 0x3C, 0x00, 0x78, 0x00, 0xF0, 0x00, 0xE0,
    0x03, 0x80, 0x3C, 0x0F, 0x03, 0xC3, 0xFF, 0xFF, 0xFF, 0xF3, 0xC0, 0xF0, 0x3C, 0x0F, 0x03, 0xC0,
    0xF0, 0x3C, 0x0F, 0x83, 0xFC, 0xFF, 0x1F, 0xC0, 0x00, 0xF0, 0x3C, 0x0F, 0x03, 0x81, 0xC0, 0x78,
    0xF8, 0xF1, 0xF0, 0x3E, 0x79, 0xF3, 0xC0, 0x1F, 0x0F, 0xC7, 0xF9, 0xCE, 0x19, 0xDF, 0xF7, 0xFD,
    0x9E, 0x7F, 0xBF, 0xDF, 0xE0, 0x73, 0xBF, 0xDF, 0xE7, 0xE0, 0x7B, 0xDE, 0x7B, 0xDE, 0xF7, 0xBC,
    0x79, 0xF1, 0xCE, 0x7C, 0xF9, 0xB3, 0xE7, 0xC0, 0x3F, 0xEF, 0xF9, 0xEE, 0x3B, 0xC0, 0x7B, 0xDE,
    0xF3, 0xF8, 0x7C, 0x3B, 0x9E, 0xF7, 0x80, 0x1E, 0x3C, 0x78, 0xF7, 0xEF, 0x80, 0x7B, 0xDE, 0x7B,
    0xDE, 0xF7, 0x00, 0x1C, 0x3E, 0x1E, 0x67, 0x7E, 0x3E, 0x3C, 0xF9, 0xE3, 0xF7, 0xE7, 0xC0, 0xFF,
    0xFF, 0xFF, 0xFC, 0xFF, 0xFF, 0xFF, 0xFF, 0xFF, 0xFF, 0xFF, 0x80, 0x03, 0x0F, 0x7F, 0xFE, 0xF0,
    0xC0, 0x00, 0x30, 0x03, 0x80, 0x38, 0x03, 0xC0, 0x1C, 0x01, 0xC0, 0x1E, 0x00, 0xE0, 0x0E, 0x00,
    0xF0, 0x07, 0x00, 0x70, 0x07, 0x80, 0x38, 0x03, 0x80, 0x00, 0x0F, 0x00, 0x3C, 0x00, 0x78, 0x01,
    0xE0, 0x00, 0x03, 0xFF, 0xFF, 0xFF, 0xFF, 0xFF, 0xF8, 0x03, 0xE0, 0x0F, 0x80, 0x3E, 0x00, 0xFF,
    0xFB, 0xFF, 0xEF, 0xFF, 0xBE, 0x00, 0xF8, 0x03, 0xE0, 0x0F, 0x80, 0x3E, 0x00, 0xFF, 0xFF, 0xFF,
    0xFF, 0xFF, 0xC0, 0x3E, 0xF0, 0xFB, 0xC3, 0xEF, 0x00, 0x00, 0xFF, 0xFF, 0xFF, 0xFF, 0xFF, 0xFE,
    0x00, 0xF8, 0x03, 0xE0, 0x0F, 0x80, 0x3F, 0xFE, 0xFF, 0xFB, 0xFF, 0xEF, 0x80, 0x3E, 0x00, 0xF8,
    0x03, 0xE0, 0x0F, 0x80, 0x3F, 0xFF, 0xFF, 0xFF, 0xFF, 0xF0, 0xFF, 0xFE, 0x0F, 0xFF, 0xE0, 0xFF,
    0xFE, 0x00, 0x78, 0x00, 0x07, 0x80, 0x00, 0x78, 0x00, 0x07, 0xBF, 0x80, 0x7F, 0xFC, 0x07, 0xFF,
    0xE0, 0x7F, 0x3F, 0x07, 0xC1, 0xF0, 0x78, 0x1F, 0x07, 0x81, 0xF0, 0x78, 0x1F, 0x07, 0x83, 0xF0,
    0x79, 0xFE, 0x07, 0x9F, 0xC0, 0x79, 0xF8, 0x03, 0xC0, 0x3E, 0x01, 0xE0, 0x0E, 0x00, 0x00, 0x7F,
    0xFF, 0xFF, 0xFF, 0xFF, 0xF8, 0x07, 0xC0, 0x3E, 0x01, 0xF0, 0x0F, 0x80, 0x7C, 0x03, 0xE0, 0x1F,
    0x00, 0xF8, 0x07, 0xC0, 0x3E, 0x01, 0xF0, 0x0F, 0x80, 0x7C, 0x03, 0xE0, 0x00, 0x07, 0xF8, 0x0F,
    0xFE, 0x0F, 0xFF, 0x8F, 0xC7, 0xE7, 0xC0, 0xFF, 0xC0, 0x7F, 0xE0, 0x1F, 0xFF, 0xC0, 0xFF, 0xE0,
    0x7F, 0xF0, 0x3E, 0x00, 0x1F, 0x01, 0xFF, 0x80, 0xFB, 0xE0, 0xF9, 0xF8, 0xFC, 0x7F, 0xFC, 0x1F,
    0xFC, 0x03, 0xFC, 0x00, 0x1F, 0xE0, 0x7F, 0xF1, 0xFF, 0xF3, 0xE7, 0xEF, 0x83, 0xFF, 0x07, 0xFF,
    0x00, 0x3F, 0xE0, 0x3F, 0xF8, 0x3F, 0xF8, 0x0F, 0xF8, 0x03, 0xFF, 0x83, 0xFF, 0x07, 0xDF, 0x9F,
    0xBF, 0xFE, 0x3F, 0xF8, 0x1F, 0xE0, 0xFF, 0xFF, 0xFF, 0xFF, 0xFF, 0xFF, 0xFF, 0xFF, 0xFF, 0xFF,
    0xFF, 0xC0, 0xFF, 0xFF, 0xF8, 0x07, 0xCF, 0x9F, 0x3E, 0x7C, 0xF9, 0xF3, 0xE7, 0xCF, 0x9F, 0x3E,
    0x7C, 0xF9, 0xF3, 0xE7, 0xCF, 0x80, 0x00, 0x7C, 0x01, 0xF0, 0x07, 0xC0, 0x1F, 0x00, 0x7C, 0x01,
    0xF0, 0x07, 0xC0, 0x1F, 0x00, 0x7C, 0x01, 0xF0, 0x07, 0xFE, 0x1F, 0xF8, 0x7F, 0xF3, 0xFF, 0xFF,
    0x9F, 0xFE, 0x3F, 0xF0, 0x7F, 0x00, 0x1F, 0xFF, 0x00, 0x07, 0xFF, 0xC0, 0x01, 0xFF, 0xF0, 0x00,
    0x7F, 0xFC, 0x00, 0x1E, 0x1F, 0x00, 0x0F, 0x87, 0xFE, 0x03, 0xE1, 0xFF, 0xF0, 0xF8, 0x7F, 0xFE,
    0x3E, 0x1F, 0xFF, 0xCF, 0x87, 0xC3, 0xF3, 0xE1, 0xF0, 0x7C, 0xF8, 0x7C, 0x1F, 0x3E, 0x1F, 0x07,
    0xCF, 0x07, 0xC3, 0xFF, 0xC1, 0xFF, 0xFF, 0xF0, 0x7F, 0xFE, 0xFC, 0x1F, 0xFF, 0x3E, 0x07, 0xFF,
    0x80, 0xF8, 0x1F, 0x00, 0x3E, 0x07, 0xC0, 0x0F, 0x81, 0xF0, 0x03, 0xE0, 0x7C, 0x00, 0xF8, 0x1F,
    0x00, 0x3E, 0x07, 0xC0, 0x0F, 0x81, 0xF0, 0x03, 0xFF, 0xFF, 0xF8, 0xFF, 0xFF, 0xFF, 0x3F, 0xFF,
    0xFF, 0xEF, 0x81, 0xF0, 0xFB, 0xE0, 0x7C, 0x1F, 0xF8, 0x1F, 0x07, 0xFE, 0x07, 0xC1, 0xFF, 0x81,
    0xF0, 0xFB, 0xE0, 0x7F, 0xFE, 0xF8, 0x1F, 0xFF, 0x3E, 0x07, 0xFF, 0x80, 0xFF, 0xFE, 0x0F, 0xFF,
    0xE0, 0xFF, 0xFE, 0x00, 0x78, 0x00, 0x07, 0x80, 0x00, 0x78, 0x00, 0x07, 0xFF, 0xC0, 0x7F, 0xFE,
    0x07, 0xFF, 0xF0, 0x7E, 0x3F, 0x07, 0x81, 0xF0, 0x78, 0x0F, 0x07, 0x80, 0xF0, 0x78, 0x0F, 0x07,
    0x80, 0xF0, 0x78, 0x0F, 0x07, 0x80, 0xF0, 0x78, 0x0F, 0x01, 0xE0, 0x01, 0xE0, 0x03, 0xC0, 0x03,
    0xC0, 0x00, 0x00, 0xF8, 0x3F, 0xF8, 0x3E, 0xF8, 0x7C, 0xF8, 0xF8, 0xF9, 0xF0, 0xFB, 0xF0, 0xFB,
    0xE0, 0xFF, 0xC0, 0xFF, 0x80, 0xFF, 0x80, 0xFF, 0xC0, 0xFB, 0xE0, 0xFB, 0xF0, 0xF9, 0xF8, 0xF8,
    0xF8, 0xF8, 0x7C, 0xF8, 0x3E, 0xF8, 0x1F, 0x07, 0x80, 0x07, 0x80, 0x03, 0xC0, 0x03, 0xC0, 0x00,
    0x00, 0xF8, 0x1F, 0xF8, 0x3F, 0xF8, 0x3F, 0xF8, 0x7F, 0xF8, 0x7F, 0xF8, 0xFF, 0xF8, 0xFF, 0xF9,
    0xFF, 0xFB, 0xEF, 0xFB, 0xCF, 0xFF, 0xCF, 0xFF, 0x8F, 0xFF, 0x8F, 0xFF, 0x0F, 0xFF, 0x0F, 0xFE,
    0x0F, 0xFC, 0x0F, 0xFC, 0x0F, 0x0E, 0x38, 0x07, 0xBC, 0x01, 0xFC, 0x00, 0x7C, 0x00, 0x00, 0x07,
    0xC0, 0x7D, 0xE0, 0x3C, 0xF8, 0x3E, 0x3C, 0x1F, 0x1F, 0x0F, 0x07, 0x8F, 0x83, 0xE7, 0x81, 0xF7,
    0xC0, 0x7B, 0xC0, 0x3F, 0xE0, 0x0F, 0xF0, 0x07, 0xF0, 0x01, 0xF8, 0x00, 0x78, 0x00, 0x7C, 0x01,
    0xFC, 0x00, 0xFE, 0x00, 0x7E, 0x00, 0xF8, 0x1F, 0xF8, 0x1F, 0xF8, 0x1F, 0xF8, 0x1F, 0xF8, 0x1F,
    0xF8, 0x1F, 0xF8, 0x1F, 0xF8, 0x1F, 0xF8, 0x1F, 0xF8, 0x1F, 0xF8, 0x1F, 0xF8, 0x1F, 0xF8, 0x1F,
    0xF8, 0x1F, 0xF8, 0x1F, 0xFF, 0xFF, 0xFF, 0xFF, 0xFF, 0xFF, 0x03, 0xC0, 0x03, 0xC0, 0x03, 0xC0,
    0x03, 0xC0, 0x03, 0xF0, 0x00, 0xFC, 0x00, 0x3F, 0x80, 0x1F, 0xE0, 0x07, 0xF8, 0x01, 0xFF, 0x00,
    0xFB, 0xC0, 0x3C, 0xF0, 0x1F, 0x3E, 0x07, 0xC7, 0x81, 0xE1, 0xE0, 0xFF, 0xFC, 0x3F, 0xFF, 0x0F,
    0xFF, 0xE7, 0xC0, 0xF9, 0xF0, 0x1E, 0x78, 0x07, 0xFE, 0x01, 0xF0, 0xFF, 0xF9, 0xFF, 0xF3, 0xFF,
    0xE7, 0xFF, 0xCF, 0xC0, 0x1F, 0x80, 0x3F, 0xF8, 0x7F, 0xFC, 0xFF, 0xFD, 0xFF, 0xFF, 0xF1, 0xFF,
    0xE1, 0xFF, 0xC3, 0xFF, 0x87, 0xFF, 0xFF, 0xFF, 0xFE, 0xFF, 0xFD, 0xFF, 0xE0, 0xFF, 0xF0, 0xFF,
    0xFC, 0xFF, 0xFC, 0xF8, 0x7E, 0xF8, 0x3E, 0xF8, 0x3E, 0xF8, 0x7C, 0xFF, 0xFC, 0xFF, 0xF8, 0xFF,
    0xFC, 0xF8, 0x7E, 0xF8, 0x1E, 0xF8, 0x1F, 0xF8, 0x1F, 0xF8, 0x3E, 0xFF, 0xFE, 0xFF, 0xFC, 0xFF,
    0xF8, 0xFF, 0xFF, 0xFF, 0xFF, 0xFF, 0xF0, 0x0F, 0x80, 0x7C, 0x03, 0xE0, 0x1F, 0x00, 0xF8, 0x07,
    0xC0, 0x3E, 0x01, 0xF0, 0x0F, 0x80, 0x7C, 0x03, 0xE0, 0x1F, 0x00, 0xF8, 0x07, 0xC0, 0x00, 0x07,
    0xFF, 0xC0, 0x7F, 0xFC, 0x07, 0xFF, 0xC0, 0x78, 0x7C, 0x07, 0x87, 0xC0, 0x78, 0x7C, 0x07, 0x87,
    0xC0, 0xF8, 0x7C, 0x0F, 0x87, 0xC0, 0xF0, 0x7C, 0x0F, 0x07, 0xC0, 0xF0, 0x7C, 0x0F, 0x07, 0xC0,
    0xF0, 0x7C, 0x1F, 0x07, 0xCF, 0xFF, 0xFF, 0xFF, 0xFF, 0xFF, 0xFF, 0xFF, 0xF8, 0x01, 0xFF, 0x80,
    0x1F, 0xF8, 0x01, 0xFF, 0x80, 0x1F, 0xFF, 0xFF, 0xFF, 0xFF, 0xFF, 0xFE, 0x00, 0xF8, 0x03, 0xE0,
    0x0F, 0x80, 0x3F, 0xFE, 0xFF, 0xFB, 0xFF, 0xEF, 0x80, 0x3E, 0x00, 0xF8, 0x03, 0xE0, 0x0F, 0x80,
    0x3F, 0xFF, 0xFF, 0xFF, 0xFF, 0xF0, 0xFC, 0x3E, 0x0F, 0x9F, 0x0F, 0x87, 0xC3, 0xE3, 0xE3, 0xE0,
    0x7C, 0xF9, 0xF8, 0x1F, 0xBE, 0x7C, 0x03, 0xEF, 0xBE, 0x00, 0x7F, 0xFF, 0x00, 0x0F, 0xFF, 0xC0,
    0x03, 0xFF, 0xE0, 0x00, 0xFF, 0xF8, 0x00, 0x3F, 0xFF, 0x00, 0x1F, 0xFF, 0xC0, 0x0F, 0xBE, 0xF8,
    0x07, 0xCF, 0x9F, 0x01, 0xF3, 0xE3, 0xE0, 0xF8, 0xF8, 0xFC, 0x7C, 0x3E, 0x1F, 0x3F, 0x0F, 0x83,
    0xE0, 0x0F, 0xF8, 0x3F, 0xFE, 0x7F, 0xFF, 0x7F, 0xFF, 0x7C, 0x1F, 0x00, 0x1F, 0x03, 0xFF, 0x03,
    0xFE, 0x03, 0xFC, 0x03, 0xFF, 0x00, 0x3F, 0x00, 0x1F, 0x7C, 0x1F, 0x7E, 0x3F, 0x7F, 0xFF, 0x3F,
    0xFE, 0x1F, 0xFC, 0x0F, 0xF8, 0xF8, 0x1F, 0xF8, 0x3F, 0xF8, 0x3F, 0xF8, 0x7F, 0xF8, 0x7F, 0xF8,
    0xFF, 0xF8, 0xFF, 0xF9, 0xFF, 0xF9, 0xEF, 0xFB, 0xEF, 0xFF, 0xCF, 0xFF, 0x8F, 0xFF, 0x8F, 0xFF,
    0x0F, 0xFF, 0x0F, 0xFE, 0x0F, 0xFC, 0x0F, 0xFC, 0x0F, 0x0E, 0x78, 0x0F, 0x78, 0x0F, 0xF0, 0x07,
    0xE0, 0x00, 0x00, 0xF8, 0x1F, 0xF8, 0x3F, 0xF8, 0x3F, 0xF8, 0x7F, 0xF8, 0x7F, 0xF8, 0xFF, 0xF8,
    0xFF, 0xF9, 0xFF, 0xF9, 0xEF, 0xFB, 0xEF, 0xFF, 0xCF, 0xFF, 0x8F, 0xFF, 0x8F, 0xFF, 0x0F, 0xFF,
    0x0F, 0xFE, 0x0F, 0xFC, 0x0F, 0xFC, 0x0F, 0xF8, 0x3F, 0xF8, 0x3E, 0xF8, 0x7C, 0xF8, 0xF8, 0xF9,
    0xF0, 0xFB, 0xF0, 0xFB, 0xE0, 0xFF, 0xC0, 0xFF, 0x80, 0xFF, 0x80, 0xFF, 0xC0, 0xFB, 0xE0, 0xFB,
    0xF0, 0xF9, 0xF8, 0xF8, 0xF8, 0xF8, 0x7C, 0xF8, 0x3E, 0xF8, 0x1F, 0x1F, 0xFF, 0x1F, 0xFF, 0x1F,
    0xFF, 0x1F, 0xFF, 0x1E, 0x1F, 0x3E, 0x1F, 0x3E, 0x1F, 0x3E, 0x1F, 0x3E, 0x1F, 0x3E, 0x1F, 0x3E,
    0x1F, 0x3E, 0x1F, 0x3E, 0x1F, 0x3C, 0x1F, 0xFC, 0x1F, 0xFC, 0x1F, 0xFC, 0x1F, 0xF8, 0x1F, 0xFE,
    0x03, 0xFF, 0xF8, 0x1F, 0xFF, 0xC1, 0xFF, 0xFE, 0x0F, 0xFF, 0xF8, 0x7F, 0xFF, 0xC7, 0xFF, 0xFE,
    0x3F, 0xFF, 0xF9, 0xFF, 0xFF, 0xDF, 0xFF, 0xFE, 0xFF, 0xFF, 0xFF, 0xBF, 0xFF, 0xFD, 0xFF, 0xDF,
    0xEF, 0xFE, 0xFE, 0x7F, 0xF3, 0xF3, 0xFF, 0x9F, 0x9F, 0xFC, 0xF8, 0xFF, 0xE3, 0xC7, 0xC0, 0xF8,
    0x1F, 0xF8, 0x1F, 0xF8, 0x1F, 0xF8, 0x1F, 0xF8, 0x1F, 0xF8, 0x1F, 0xF8, 0x1F, 0xFF, 0xFF, 0xFF,
    0xFF, 0xFF, 0xFF, 0xF8, 0x1F, 0xF8, 0x1F, 0xF8, 0x1F, 0xF8, 0x1F, 0xF8, 0x1F, 0xF8, 0x1F, 0xF8,
    0x1F, 0xF8, 0x1F, 0x07, 0xF8, 0x07, 0xFF, 0x83, 0xFF, 0xF1, 0xFF, 0xFE, 0x7E, 0x1F, 0xBF, 0x03,
    0xFF, 0xC0, 0xFF, 0xE0, 0x1F, 0xF8, 0x07, 0xFE, 0x01, 0xFF, 0x80, 0x7F, 0xF0, 0x3F, 0xFC, 0x0F,
    0xDF, 0x87, 0xE7, 0xFF, 0xF8, 0xFF, 0xFC, 0x1F, 0xFE, 0x01, 0xFE, 0x00, 0xFF, 0xFF, 0xFF, 0xFF,
    0xFF, 0xFF, 0xF8, 0x1F, 0xF8, 0x1F, 0xF8, 0x1F, 0xF8, 0x1F, 0xF8, 0x1F, 0xF8, 0x1F, 0xF8, 0x1F,
    0xF8, 0x1F, 0xF8, 0x1F, 0xF8, 0x1F, 0xF8, 0x1F, 0xF8, 0x1F, 0xF8, 0x1F, 0xF8, 0x1F, 0xF8, 0x1F,
    0xFF, 0xF1, 0xFF, 0xF3, 0xFF, 0xF7, 0xC3, 0xFF, 0x83, 0xFF, 0x07, 0xFE, 0x0F, 0xFC, 0x1F, 0xF8,
    0x7F, 0xFF, 0xFB, 0xFF, 0xE7, 0xFF, 0x8F, 0x80, 0x1F, 0x00, 0x3E, 0x00, 0x7C, 0x00, 0xF8, 0x01,
    0xF0, 0x00, 0x07, 0xF8, 0x0F, 0xFE, 0x0F, 0xFF, 0x8F, 0xFF, 0xE7, 0xE1, 0xFF, 0xE0, 0xFF, 0xF0,
    0x3F, 0xF0, 0x00, 0xF8, 0x00, 0x7C, 0x00, 0x3E, 0x00, 0x1F, 0x81, 0xFF, 0xC1, 0xFB, 0xF0, 0xFD,
    0xFF, 0xFC, 0x7F, 0xFC, 0x1F, 0xFC, 0x03, 0xFC, 0x00, 0xFF, 0xFF, 0xFF, 0xFF, 0xFF, 0xF8, 0x3E,
    0x00, 0x7C, 0x00, 0xF8, 0x01, 0xF0, 0x03, 0xE0, 0x07, 0xC0, 0x0F, 0x80, 0x1F, 0x00, 0x3E, 0x00,
    0x7C, 0x00, 0xF8, 0x01, 0xF0, 0x03, 0xE0, 0x07, 0xC0, 0x0F, 0x80, 0xF8, 0x0F, 0xBC, 0x07, 0x9F,
    0x07, 0xC7, 0x83, 0xE3, 0xE1, 0xE0, 0xF1, 0xF0, 0x7C, 0xF0, 0x3E, 0xF8, 0x0F, 0x78, 0x07, 0xFC,
    0x01, 0xFE, 0x00, 0xFE, 0x00, 0x3F, 0x00, 0x0F, 0x00, 0x0F, 0x80, 0x3F, 0x80, 0x1F, 0xC0, 0x0F,
    0xC0, 0x00, 0x00, 0xF0, 0x00, 0x7F, 0xFC, 0x0F, 0xFF, 0xF0, 0xFF, 0xFF, 0xC7, 0xEF, 0x3F, 0x7C,
    0x78, 0xFB, 0xE3, 0xC3, 0xFE, 0x1E, 0x1F, 0xF0, 0xF0, 0xFF, 0x87, 0x87, 0xFE, 0x3C, 0x3F, 0xF1,
    0xE3, 0xE7, 0xEF, 0x3F, 0x3F, 0xFF, 0xF0, 0xFF, 0xFF, 0x01, 0xFF, 0xF0, 0x00, 0xF0, 0x00, 0x07,
    0x80, 0x00, 0xF8, 0x0F, 0xBE, 0x0F, 0x8F, 0x8F, 0xC7, 0xC7, 0xC1, 0xF7, 0xC0, 0x7F, 0xE0, 0x3F,
    0xE0, 0x0F, 0xE0, 0x03, 0xF0, 0x01, 0xF8, 0x01, 0xFC, 0x01, 0xFF, 0x00, 0xFF, 0xC0, 0xFB, 0xE0,
    0xF8, 0xF8, 0x7C, 0x7E, 0x7C, 0x1F, 0x7C, 0x07, 0xC0, 0xF8, 0x1F, 0x3E, 0x07, 0xCF, 0x81, 0xF3,
    0xE0, 0x7C, 0xF8, 0x1F, 0x3E, 0x07, 0xCF, 0x81, 0xF3, 0xE0, 0x7C, 0xF8, 0x1F, 0x3E, 0x07, 0xCF,
    0x81, 0xF3, 0xE0, 0x7C, 0xF8, 0x1F, 0x3E, 0x07, 0xCF, 0x81, 0xF3, 0xFF, 0xFF, 0xFF, 0xFF, 0xFF,
    0xFF, 0xF0, 0x00, 0x7C, 0x00, 0x1F, 0x00, 0x07, 0xC0, 0x01, 0xF0, 0xF0, 0x1F, 0xE0, 0x3F, 0xC0,
    0x7F, 0x80, 0xFF, 0x01, 0xFE, 0x03, 0xFC, 0x07, 0xFC, 0x0F, 0xFC, 0xFE, 0xFF, 0xFD, 0xFF, 0xF8,
    0xFF, 0xF0, 0x01, 0xE0, 0x03, 0xC0, 0x07, 0x80, 0x0F, 0x00, 0x1E, 0x00, 0x3C, 0xF8, 0x7C, 0x3F,
    0xE1, 0xF0, 0xFF, 0x87, 0xC3, 0xFE, 0x1F, 0x0F, 0xF8, 0x7C, 0x3F, 0xE1, 0xF0, 0xFF, 0x87, 0xC3,
    0xFE, 0x1F, 0x0F, 0xF8, 0x7C, 0x3F, 0xE1, 0xF0, 0xFF, 0x87, 0xC3, 0xFE, 0x1F, 0x0F, 0xF8, 0x7C,
    0x3F, 0xE1, 0xF0, 0xFF, 0x87, 0xC3, 0xFF, 0xFF, 0xFF, 0xFF, 0xFF, 0xFF, 0xFF, 0xFF, 0xF0, 0xFC,
    0x7C, 0x3E, 0x7E, 0x3E, 0x1F, 0x3F, 0x1F, 0x0F, 0x9F, 0x8F, 0x87, 0xCF, 0xC7, 0xC3, 0xE7, 0xE3,
    0xE1, 0xF3, 0xF1, 0xF0, 0xF9, 0xF8, 0xF8, 0x7C, 0xFC, 0x7C, 0x3E, 0x7E, 0x3E, 0x1F, 0x3F, 0x1F,
    0x0F, 0x9F, 0x8F, 0x87, 0xCF, 0xC7, 0xC3, 0xE7, 0xE3, 0xE1, 0xF3, 0xFF, 0xFF, 0xFF, 0xFF, 0xFF,
    0xFF, 0xFF, 0xFF, 0xFF, 0xFF, 0xFF, 0xFF, 0xC0, 0x00, 0x03, 0xE0, 0x00, 0x01, 0xF0, 0x00, 0x00,
    0xF8, 0x00, 0x00, 0x7C, 0xFF, 0x80, 0x0F, 0xF8, 0x00, 0xFF, 0x80, 0x00, 0x78, 0x00, 0x07, 0x80,
    0x00, 0x78, 0x00, 0x07, 0xFF, 0x00, 0x7F, 0xFC, 0x07, 0xFF, 0xE0, 0x78, 0x7E, 0x07, 0x81, 0xE0,
    0x78, 0x1E, 0x07, 0x81, 0xE0, 0x78, 0x1E, 0x07, 0x87, 0xE0, 0x7F, 0xFE, 0x07, 0xFF, 0xC0, 0x7F,
    0xF0, 0xF8, 0x00, 0xFF, 0xC0, 0x07, 0xFE, 0x00, 0x3F, 0xF0, 0x01, 0xFF, 0x80, 0x0F, 0xFC, 0x00,
    0x7F, 0xFF, 0xC3, 0xFF, 0xFF, 0x1F, 0xFF, 0xFC, 0xFF, 0xC3, 0xF7, 0xFE, 0x0F, 0xBF, 0xF0, 0x7D,
    0xFF, 0x83, 0xEF, 0xFC, 0x1F, 0x7F, 0xE1, 0xFB, 0xFF, 0xFF, 0x9F, 0xFF, 0xF8, 0xFF, 0xFF, 0x87,
    0xC0, 0xF8, 0x01, 0xF0, 0x03, 0xE0, 0x07, 0xC0, 0x0F, 0x80, 0x1F, 0x00, 0x3F, 0xFC, 0x7F, 0xFC,
    0xFF, 0xFD, 0xF0, 0xFF, 0xE0, 0xFF, 0xC1, 0xFF, 0x83, 0xFF, 0x07, 0xFE, 0x1F, 0xFF, 0xFE, 0xFF,
    0xF9, 0xFF, 0xE0, 0x07, 0xF8, 0x07, 0xFF, 0x83, 0xFF, 0xF0, 0xFC, 0x7E, 0x7C, 0x0F, 0x9F, 0x01,
    0xF7, 0x80, 0x7C, 0x07, 0xFF, 0x01, 0xFF, 0xC0, 0x7F, 0xF0, 0x00, 0x7D, 0xE0, 0x1F, 0x7C, 0x07,
    0x9F, 0x03, 0xE3, 0xF3, 0xF8, 0x7F, 0xFC, 0x1F, 0xFE, 0x01, 0xFE, 0x00, 0xF8, 0x1F, 0xE0, 0xF8,
    0x7F, 0xF0, 0xF8, 0xFF, 0xF8, 0xF8, 0xFC, 0xFC, 0xF9, 0xF0, 0x3E, 0xF9, 0xF0, 0x3E, 0xF9, 0xE0,
    0x1E, 0xFF, 0xE0, 0x1E, 0xFF, 0xE0, 0x1E, 0xFF, 0xE0, 0x1E, 0xF9, 0xE0, 0x1E, 0xF9, 0xE0, 0x1E,
    0xF9, 0xF0, 0x3E, 0xF9, 0xF0, 0x3E, 0xF8, 0xFC, 0xFC, 0xF8, 0x7F, 0xF8, 0xF8, 0x3F, 0xF0, 0xF8,
    0x1F, 0xE0, 0x1F, 0xFE, 0x7F, 0xFD, 0xFF, 0xFF, 0xE1, 0xFF, 0x83, 0xFF, 0x07, 0xFE, 0x0F, 0xFC,
    0x1F, 0xFC, 0x3E, 0xFF, 0xFC, 0xFF, 0xF8, 0xFF, 0xF1, 0xF3, 0xE7, 0xC7, 0xCF, 0x8F, 0xBE, 0x1F,
    0x7C, 0x3F, 0xF0, 0x7C, 0x0F, 0xE0, 0x7F, 0xE0, 0xFF, 0xE3, 0xE7, 0xE7, 0x87, 0xC0, 0x3F, 0x87,
    0xFF, 0x1F, 0xFE, 0x7E, 0x7C, 0xF0, 0xF9, 0xF3, 0xF3, 0xFF, 0xF7, 0xFF, 0xE7, 0xF3, 0xC0, 0x00,
    0xF8, 0x3F, 0xE3, 0xFF, 0x1F, 0xF0, 0x7C, 0x03, 0xDF, 0x8F, 0xFF, 0x3F, 0xFE, 0xFD, 0xFB, 0xE1,
    0xFF, 0x07, 0xFC, 0x1F, 0xF0, 0x7F, 0xE1, 0xFF, 0xCF, 0x9F, 0xFE, 0x3F, 0xF0, 0x7F, 0x80, 0xFF,
    0xE3, 0xFF, 0xCF, 0xFF, 0xBE, 0x3E, 0xF8, 0xFB, 0xE3, 0xCF, 0xFF, 0x3F, 0xFC, 0xFF, 0xFB, 0xE1,
    0xEF, 0x8F, 0xBF, 0xFE, 0xFF, 0xFB, 0xFF, 0xC0, 0xFF, 0xFF, 0xFF, 0xFF, 0xFC, 0x0F, 0x81, 0xF0,
    0x3E, 0x07, 0xC0, 0xF8, 0x1F, 0x03, 0xE0, 0x7C, 0x0F, 0x81, 0xF0, 0x00, 0x0F, 0xFE, 0x07, 0xFF,
    0x03, 0xFF, 0x81, 0xE7, 0xC0, 0xF3, 0xE0, 0x79, 0xF0, 0x7C, 0xF8, 0x3C, 0x7C, 0x1E, 0x3E, 0x0F,
    0x1F, 0x0F, 0x8F, 0x9F, 0xFF, 0xEF, 0xFF, 0xF7, 0xFF, 0xFB, 0xE0, 0x3D, 0xF0, 0x1E, 0xF8, 0x0F,
    0x00, 0x00, 0x00, 0x0F, 0xE0, 0x3F, 0xE0, 0xFF, 0xE3, 0xF3, 0xE7, 0x83, 0xCF, 0xFF, 0x9F, 0xFF,
    0xBF, 0xFF, 0x78, 0x00, 0xF8, 0x79, 0xF9, 0xF1, 0xFF, 0xE1, 0xFF, 0x81, 0xFC, 0x00, 0xF8, 0x7C,
    0x7E, 0xF8, 0xF8, 0xF8, 0xF9, 0xF3, 0xE0, 0xFB, 0xEF, 0x81, 0xF7, 0xFE, 0x01, 0xFF, 0xFC, 0x01,
    0xFF, 0xF0, 0x03, 0xFF, 0xE0, 0x0F, 0xFF, 0xE0, 0x3E, 0xFF, 0xC0, 0x7D, 0xF7, 0xC1, 0xF3, 0xE7,
    0xC7, 0xC7, 0xC7, 0xDF, 0x0F, 0x8F, 0xC0, 0x1F, 0xE0, 0xFF, 0xC7, 0xFF, 0x9E, 0x3E, 0x00, 0xF8,
    0x1F, 0xE0, 0x7F, 0x01, 0xFE, 0x00, 0xF9, 0xE1, 0xE7, 0xCF, 0x9F, 0xFE, 0x3F, 0xF0, 0x7F, 0x80,
    0xFC, 0xFF, 0xE7, 0xFF, 0x7F, 0xFB, 0xFF, 0xFF, 0xFF, 0xFF, 0xFF, 0xFF, 0xFF, 0xFF, 0xFF, 0xFF,
    0xFF, 0xBF, 0xF9, 0xFF, 0xCF, 0xFC, 0x7C, 0x3C, 0xF1, 0xFF, 0x07, 0xF8, 0x1F, 0x80, 0x00, 0x7E,
    0x7F, 0xF3, 0xFF, 0xBF, 0xFD, 0xFF, 0xFF, 0xFF, 0xFF, 0xFF, 0xFF, 0xFF, 0xFF, 0xFF, 0xFF, 0xFF,
    0xDF, 0xFC, 0xFF, 0xE7, 0xFE, 0x3E, 0xF8, 0x7D, 0xF1, 0xF3, 0xE7, 0xC7, 0xDF, 0x8F, 0xBE, 0x1F,
    0xF8, 0x3F, 0xE0, 0x7F, 0xC0, 0xFF, 0xC1, 0xF7, 0xC3, 0xEF, 0xC7, 0xCF, 0x8F, 0x8F, 0x9F, 0x0F,
    0x80, 0x3F, 0xFC, 0xFF, 0xF3, 0xFF, 0xCF, 0xFF, 0x3C, 0x7C, 0xF1, 0xF7, 0xC7, 0xDF, 0x1F, 0x7C,
    0x7D, 0xF1, 0xFF, 0xC7, 0xFF, 0x1F, 0xF8, 0x7F, 0xE1, 0xF0, 0xF8, 0x1F, 0xFC, 0x1F, 0xFC, 0x3F,
    0xFC, 0x3F, 0xFE, 0x3F, 0xFE, 0x7F, 0xFF, 0x7F, 0xFF, 0xFF, 0xFF, 0xFF, 0xFF, 0xEF, 0xFF, 0xEF,
    0xFB, 0xEF, 0xFB, 0xCF, 0xFB, 0xCF, 0xF8, 0x7F, 0xC3, 0xFE, 0x1F, 0xF0, 0xFF, 0x87, 0xFF, 0xFF,
    0xFF, 0xFF, 0xFF, 0xF8, 0x7F, 0xC3, 0xFE, 0x1F, 0xF0, 0xFF, 0x87, 0xFC, 0x3C, 0x0F, 0xE0, 0x3F,
    0xF0, 0xFF, 0xF3, 0xF3, 0xE7, 0xC3, 0xEF, 0x07, 0xDE, 0x0F, 0xBC, 0x1F, 0x78, 0x3E, 0xF8, 0x7D,
    0xF9, 0xF1, 0xFF, 0xE1, 0xFF, 0x81, 0xFC, 0x00, 0xFF, 0xFF, 0xFF, 0xFF, 0xFF, 0xF0, 0xFF, 0x87,
    0xFC, 0x3F, 0xE1, 0xFF, 0x0F, 0xF8, 0x7F, 0xC3, 0xFE, 0x1F, 0xF0, 0xFF, 0x87, 0xFC, 0x3C, 0xFF,
    0xE3, 0xFF, 0xCF, 0xFF, 0xBF, 0x3F, 0xF8, 0x7F, 0xE0, 0xFF, 0x83, 0xFE, 0x0F, 0xF8, 0x3F, 0xE1,
    0xFF, 0xCF, 0xFF, 0xFE, 0xFF, 0xF3, 0xFF, 0x8F, 0x80, 0x3E, 0x00, 0xF8, 0x03, 0xE0, 0x00, 0x0F,
    0xF0, 0x3F, 0xF0, 0xFF, 0xF3, 0xFF, 0xF7, 0xE3, 0xEF, 0x87, 0xDF, 0x00, 0x3E, 0x00, 0x7C, 0x3E,
    0xFC, 0x7D, 0xFF, 0xF9, 0xFF, 0xE1, 0xFF, 0x81, 0xFE, 0x00, 0x7F, 0xFD, 0xFF, 0xF7, 0xFF, 0xDF,
    0xFF, 0x07, 0xC0, 0x1F, 0x00, 0x7C, 0x01, 0xF0, 0x07, 0xC0, 0x1F, 0x00, 0x7C, 0x01, 0xF0, 0x07,
    0xC0, 0x1F, 0x00, 0xF8, 0x3C, 0xF0, 0xF9, 0xF1, 0xF3, 0xE3, 0xC3, 0xC7, 0x87, 0x9F, 0x0F, 0xBC,
    0x0F, 0x78, 0x1F, 0xF0, 0x3F, 0xC0, 0x3F, 0x80, 0x7F, 0x00, 0x7C, 0x00, 0xF8, 0x01, 0xF0, 0x1F,
    0xC0, 0x3F, 0x80, 0x7E, 0x00, 0x00, 0xF0, 0x00, 0x0F, 0x00, 0x00, 0xF0, 0x00, 0x0F, 0x00, 0x0F,
    0xFF, 0x01, 0xFF, 0xFC, 0x3F, 0xFF, 0xE7, 0xEF, 0x7E, 0x7C, 0xF1, 0xF7, 0x8F, 0x1F, 0x78, 0xF1,
    0xF7, 0x8F, 0x1F, 0x78, 0xF1, 0xF7, 0xCF, 0x1F, 0x7E, 0xF7, 0xE3, 0xFF, 0xFE, 0x1F, 0xFF, 0xC0,
    0xFF, 0xF0, 0x00, 0xF0, 0x00, 0x0F, 0x00, 0x00, 0xF0, 0x00, 0x0F, 0x00, 0xF8, 0x7C, 0xF8, 0xF0,
    0xF3, 0xE1, 0xFF, 0x81, 0xFE, 0x01, 0xFC, 0x03, 0xF0, 0x07, 0xE0, 0x1F, 0xE0, 0x3F, 0xC0, 0xFB,
    0xC3, 0xE7, 0xC7, 0xC7, 0xDF, 0x0F, 0x80, 0xF8, 0x79, 0xF0, 0xF3, 0xE1, 0xE7, 0xC3, 0xCF, 0x87,
    0x9F, 0x0F, 0x3E, 0x1E, 0x7C, 0x3C, 0xF8, 0x79, 0xF0, 0xF3, 0xE1, 0xE7, 0xFF, 0xFF, 0xFF, 0xFF,
    0xFF, 0xC0, 0x07, 0x80, 0x0F, 0x00, 0x1E, 0x00, 0x00, 0xF8, 0x7F, 0xE1, 0xFF, 0x87, 0xFE, 0x1F,
    0xF8, 0x7F, 0xE1, 0xFF, 0xCF, 0xDF, 0xFF, 0x7F, 0xFC, 0xFF, 0xF0, 0x07, 0xC0, 0x1F, 0x00, 0x7C,
    0x01, 0xF0, 0xF8, 0xF1, 0xFF, 0x8F, 0x1F, 0xF8, 0xF1, 0xFF, 0x8F, 0x1F, 0xF8, 0xF1, 0xFF, 0x8F,
    0x1F, 0xF8, 0xF1, 0xFF, 0x8F, 0x1F, 0xF8, 0xF1, 0xFF, 0x8F, 0x1F, 0xF8, 0xF1, 0xFF, 0xFF, 0xFF,
    0xFF, 0xFF, 0xFF, 0xFF, 0xFF, 0xF8, 0xF1, 0xF3, 0xE3, 0xC7, 0xCF, 0x8F, 0x1F, 0x3E, 0x3C, 0x7C,
    0xF8, 0xF1, 0xF3, 0xE3, 0xC7, 0xCF, 0x8F, 0x1F, 0x3E, 0x3C, 0x7C, 0xF8, 0xF1, 0xF3, 0xE3, 0xC7,
    0xCF, 0x8F, 0x1F, 0x3F, 0xFF, 0xFF, 0xFF, 0xFF, 0xFF, 0xFF, 0xFF, 0xF0, 0x00, 0x07, 0xC0, 0x00,
    0x1F, 0x00, 0x00, 0x7C, 0x00, 0x00, 0x00, 0xFE, 0x01, 0xFC, 0x03, 0xF8, 0x01, 0xF0, 0x03, 0xE0,
    0x07, 0xFE, 0x0F, 0xFE, 0x1F, 0xFE, 0x3E, 0x7C, 0x7C, 0x78, 0xF9, 0xF1, 0xFF, 0xE3, 0xFF, 0x87,
    0xFE, 0x00, 0xF8, 0x07, 0xFE, 0x01, 0xFF, 0x80, 0x7F, 0xE0, 0x1F, 0xF8, 0x07, 0xFF, 0xF9, 0xFF,
    0xFF, 0x7F, 0xFF, 0xDF, 0xF8, 0xFF, 0xFE, 0x3F, 0xFF, 0x8F, 0xFF, 0xFF, 0xDF, 0xFF, 0xF7, 0xFF,
    0xF9, 0xF0, 0xF8, 0x07, 0xC0, 0x3E, 0x01, 0xF0, 0x0F, 0x80, 0x7F, 0xF3, 0xFF, 0xDF, 0xFE, 0xF8,
    0xFF, 0xC7, 0xFE, 0x3F, 0xFF, 0xEF, 0xFF, 0x7F, 0xF0, 0x0F, 0xE0, 0x7F, 0xE1, 0xFF, 0xE3, 0xE3,
    0xE7, 0x83, 0xC0, 0x7F, 0x80, 0xFF, 0x81, 0xFF, 0x78, 0x3C, 0xF0, 0xF9, 0xF3, 0xF1, 0xFF, 0xC3,
    0xFF, 0x01, 0xFC, 0x00, 0xF8, 0x7F, 0x0F, 0x8F, 0xFC, 0xF9, 0xFF, 0xEF, 0xBF, 0x3E, 0xFB, 0xE1,
    0xFF, 0xFC, 0x1F, 0xFF, 0xC1, 0xFF, 0xFC, 0x1F, 0xFB, 0xC1, 0xFF, 0xBE, 0x1F, 0xF9, 0xF3, 0xEF,
    0x9F, 0xFE, 0xF8, 0xFF, 0xCF, 0x87, 0xF0, 0x1F, 0xF9, 0xFF, 0xDF, 0xFE, 0xF8, 0xFF, 0x87, 0xFC,
    0x3D, 0xF1, 0xEF, 0xFF, 0x3F, 0xF8, 0xFF, 0xCF, 0x9E, 0x78, 0xF7, 0xC7, 0xBC, 0x3C, 0x0F, 0x00,
    0x0F, 0x00, 0x1E, 0x00, 0x1E, 0x00, 0x00, 0x01, 0xFC, 0x07, 0xFC, 0x1F, 0xFC, 0x7E, 0x7C, 0xF0,
    0x79, 0xFF, 0xF3, 0xFF, 0xF7, 0xFF, 0xEF, 0x00, 0x1F, 0x0F, 0x3F, 0x3E, 0x3F, 0xFC, 0x3F, 0xF0,
    0x3F, 0x80, 0x1E, 0xF8, 0x3D, 0xF0, 0x7B, 0xE0, 0x00, 0x00, 0xFE, 0x03, 0xFE, 0x0F, 0xFE, 0x3F,
    0x3E, 0x78, 0x3C, 0xFF, 0xF9, 0xFF, 0xFB, 0xFF, 0xF7, 0x80, 0x0F, 0x87, 0x9F, 0x9F, 0x1F, 0xFE,
    0x1F, 0xF8, 0x1F, 0xC0, 0x7C, 0x03, 0xFE, 0x0F, 0xF8, 0x3F, 0xC0, 0x7F, 0xF1, 0xFF, 0xE7, 0xFF,
    0x9F, 0x9F, 0x7C, 0x7D, 0xF1, 0xF7, 0xC7, 0xDF, 0x1F, 0x7C, 0x7D, 0xF1, 0xF7, 0xC7, 0xDF, 0x1F,
    0x7C, 0x7D, 0xF1, 0xF0, 0x07, 0xC0, 0x7F, 0x01, 0xF8, 0x07, 0xE0, 0x07, 0x80, 0xF0, 0x3C, 0x07,
    0x80, 0x01, 0xFF, 0xFF, 0xFF, 0xFF, 0xF8, 0x1F, 0x03, 0xE0, 0x7C, 0x0F, 0x81, 0xF0, 0x3E, 0x07,
    0xC0, 0xF8, 0x1F, 0x03, 0xE0, 0x00, 0x0F, 0xF0, 0x3F, 0xF0, 0xFF, 0xF3, 0xF3, 0xE7, 0xC3, 0xCF,
    0xF8, 0x1F, 0xF0, 0x3F, 0xE0, 0x78, 0x3C, 0xF8, 0x79, 0xF9, 0xF1, 0xFF, 0xE1, 0xFF, 0x81, 0xFC,
    0x00, 0x1F, 0xE0, 0xFF, 0xC7, 0xFF, 0x9F, 0x1E, 0x7C, 0x7D, 0xFC, 0x03, 0xFE, 0x07, 0xFE, 0x07,
    0xF9, 0xE1, 0xF7, 0xC7, 0xDF, 0xFE, 0x3F, 0xF8, 0x7F, 0x80, 0xFF, 0xFE, 0x0F, 0xFF, 0xFF, 0xFF,
    0xFF, 0xFF, 0xFF, 0xFF, 0xFF, 0xC0, 0xEF, 0xDF, 0xB8, 0x07, 0xCF, 0x9F, 0x3E, 0x7C, 0xF9, 0xF3,
    0xE7, 0xCF, 0x9F, 0x3E, 0x7C, 0xF8, 0x1F, 0x1F, 0x1F, 0x00, 0x0F, 0x0F, 0x0F, 0x0F, 0x0F, 0x0F,
    0x0F, 0x0F, 0x0F, 0x0F, 0x0F, 0x0F, 0x0F, 0x0F, 0x1F, 0x7F, 0x7E, 0x7E, 0x3F, 0xFC, 0x00, 0xFF,
    0xF0, 0x03, 0xFF, 0xC0, 0x0F, 0xFF, 0x00, 0x3C, 0x7F, 0xE0, 0xF1, 0xFF, 0xE7, 0xC7, 0xFF, 0x9F,
    0x1F, 0xFF, 0x7C, 0x7C, 0x7D, 0xF1, 0xF1, 0xFF, 0xC7, 0xFF, 0xFF, 0x1F, 0xFF, 0xF8, 0x7F, 0xFB,
    0xE1, 0xFF, 0xC0, 0xF8, 0x78, 0x07, 0xC3, 0xC0, 0x3E, 0x1E, 0x01, 0xF0, 0xF0, 0x0F, 0x87, 0x80,
    0x7F, 0xFF, 0xF3, 0xFF, 0xFF, 0xDF, 0xFF, 0xFF, 0xF8, 0x78, 0xFF, 0xC3, 0xC3, 0xFE, 0x1E, 0x3F,
    0xF0, 0xFF, 0xFF, 0x87, 0xFF, 0x7C, 0x3F, 0xF0, 0x7C, 0x03, 0xFC, 0x0F, 0xF8, 0x3F, 0xE0, 0x7F,
    0xF1, 0xFF, 0xE7, 0xFF, 0x9F, 0x9F, 0x7C, 0x7D, 0xF1, 0xF7, 0xC7, 0xDF, 0x1F, 0x7C, 0x7D, 0xF1,
    0xF7, 0xC7, 0xDF, 0x1F, 0x7C, 0x7D, 0xF1, 0xF0, 0x03, 0xC0, 0x07, 0x80, 0x1E, 0x00, 0x3C, 0x00,
    0x00, 0x1F, 0x0F, 0xBE, 0x3E, 0x7C, 0xF8, 0xFB, 0xF1, 0xF7, 0xC3, 0xFF, 0x07, 0xFC, 0x0F, 0xF8,
    0x1F, 0xF8, 0x3E, 0xF8, 0x7D, 0xF8, 0xF9, 0xF1, 0xF1, 0xF3, 0xE1, 0xF0, 0x1F, 0x00, 0xF8, 0x03,
    0xE0, 0x0F, 0x00, 0x00, 0x7E, 0x7F, 0xF3, 0xFF, 0xBF, 0xFD, 0xFF, 0xFF, 0xFF, 0xFF, 0xFF, 0xFF,
    0xFF, 0xFF, 0xFF, 0xFF, 0xFF, 0xDF, 0xFC, 0xFF, 0xE7, 0xFE, 0x3E, 0x1C, 0xF0, 0x3D, 0xE0, 0x7F,
    0x80, 0x7E, 0x00, 0x00, 0x1F, 0x07, 0x9E, 0x1F, 0x3E, 0x3E, 0x7C, 0x78, 0x78, 0xF0, 0xF3, 0xE1,
    0xF7, 0x81, 0xEF, 0x03, 0xFE, 0x07, 0xF8, 0x07, 0xF0, 0x0F, 0xE0, 0x0F, 0x80, 0x1F, 0x00, 0x3E,
    0x03, 0xF8, 0x07, 0xF0, 0x0F, 0xC0, 0x00, 0xF8, 0x7F, 0xC3, 0xFE, 0x1F, 0xF0, 0xFF, 0x87, 0xFC,
    0x3F, 0xE1, 0xFF, 0x0F, 0xF8, 0x7F, 0xC3, 0xFE, 0x1F, 0xFF, 0xFF, 0xFF, 0xFF, 0xFC, 0x3E, 0x01,
    0xF0, 0x07, 0x80, 0x0F, 0x80, 0x1F, 0xFF, 0x83, 0xFF, 0xF0, 0x7F, 0xFE, 0x00, 0xF8, 0x00, 0x1F,
    0x00, 0x03, 0xFF, 0xC0, 0x7F, 0xFC, 0x0F, 0xFF, 0xC1, 0xF1, 0xF8, 0x3E, 0x0F, 0x87, 0xC1, 0xF0,
    0xF8, 0x3E, 0x1F, 0x07, 0xC3, 0xE1, 0xF0, 0x7F, 0xFE, 0x0F, 0xFF, 0x81, 0xFF, 0xE0, 0x3E, 0x00,
    0x7C, 0x00, 0xF8, 0x07, 0xFF, 0x0F, 0xFE, 0x1F, 0xFC, 0x0F, 0x80, 0x1F, 0x00, 0x3F, 0xF0, 0x7F,
    0xF8, 0xFF, 0xF1, 0xF3, 0xF3, 0xE3, 0xE7, 0xC7, 0xCF, 0xFF, 0x1F, 0xFE, 0x3F, 0xF8, 0x3F, 0xFF,
    0xC3, 0xFF, 0xFC, 0x3F, 0xFF, 0xC3, 0xE0, 0x7C, 0x1F, 0x0F, 0x80, 0xF9, 0xF0, 0x0F, 0xBE, 0x00,
    0x7F, 0xC0, 0x0F, 0xFF, 0x01, 0xFF, 0xF8, 0x3F, 0xFF, 0x83, 0xFF, 0xFC, 0x3C, 0xF7, 0xC7, 0xCF,
    0x3C, 0x7C, 0xF3, 0xE7, 0x8F, 0x3E, 0xF8, 0xF1, 0xEF, 0x8F, 0x1F, 0x7F, 0xFF, 0x9F, 0xFF, 0xE7,
    0xFF, 0xF9, 0xF0, 0x7C, 0x3E, 0x3E, 0x07, 0xDF, 0x01, 0xFF, 0xC0, 0xFF, 0xF8, 0x3F, 0xFE, 0x0F,
    0xFF, 0xC7, 0xBE, 0xF1, 0xEF, 0xBC, 0xFB, 0xEF, 0xBC, 0xF9, 0xE0, 0x07, 0xF8, 0x07, 0xFF, 0x03,
    0xFF, 0xF1, 0xF8, 0xFC, 0x7C, 0x0F, 0xBE, 0x03, 0xEF, 0xF0, 0x7B, 0xFF, 0x9F, 0xFF, 0xFF, 0xFE,
    0xFF, 0xFF, 0x87, 0xFF, 0xE0, 0x1E, 0xF8, 0x0F, 0x9F, 0x03, 0xE7, 0xE3, 0xF0, 0xFF, 0xFC, 0x1F,
    0xFC, 0x03, 0xFE, 0x00, 0x0F, 0xE0, 0x3F, 0xF0, 0xFF, 0xF3, 0xF3, 0xE7, 0xC3, 0xEF, 0xF7, 0xDF,
    0xFF, 0xBF, 0xFF, 0x79, 0xFE, 0xF8, 0x7D, 0xF9, 0xF1, 0xFF, 0xE1, 0xFF, 0x81, 0xFC, 0x00, 0xF8,
    0x03, 0xEF, 0x00, 0xFD, 0xF0, 0x1F, 0xBE, 0x07, 0xC3, 0xC0, 0xF8, 0x7C, 0x1E, 0x0F, 0x87, 0xC0,
    0xF0, 0xF0, 0x1F, 0x1E, 0x03, 0xE7, 0xC0, 0x3C, 0xF0, 0x07, 0xDE, 0x00, 0x7F, 0xC0, 0x0F, 0xF0,
    0x01, 0xFE, 0x00, 0x1F, 0xC0, 0x03, 0xF0, 0x00, 0x7E, 0x00, 0xF8, 0x1E, 0xF0, 0x7D, 0xF0, 0xFB,
    0xE3, 0xE3, 0xC7, 0x87, 0xCF, 0x0F, 0xBE, 0x0F, 0x78, 0x1F, 0xF0, 0x3F, 0xE0, 0x3F, 0x80, 0x7F,
    0x00, 0x7E, 0x00, 0xF8, 0x00, 0x00, 0xF8, 0x07, 0xC0, 0x3E, 0x01, 0xFF, 0xFF, 0xFF, 0xFF, 0xFF,
    0xFF, 0x00, 0xF8, 0x07, 0xC0, 0x3E, 0x01, 0xF0, 0x0F, 0x80, 0x7C, 0x03, 0xE0, 0x1F, 0x00, 0xF8,
    0x07, 0xC0, 0x3E, 0x01, 0xF0, 0x0F, 0x80, 0x7C, 0x00, 0x01, 0xE0, 0x7C, 0x0F, 0xFF, 0xFF, 0xFF,
    0xFF, 0xFE, 0x07, 0xC0, 0xF8, 0x1F, 0x03, 0xE0, 0x7C, 0x0F, 0x81, 0xF0, 0x3E, 0x07, 0xC0, 0xF8,
    0x00, 0x1F, 0xFF, 0x1F, 0xFF, 0x1F, 0xFF, 0x1F, 0xFE, 0x1F, 0x00, 0x1F, 0x00, 0x1F, 0x00, 0x7F,
    0xF0, 0xFF, 0xF8, 0xFF, 0xF8, 0xFF, 0xF8, 0x1F, 0x00, 0x1F, 0x00, 0x1F, 0x00, 0x1F, 0x00, 0x1F,
    0x00, 0x1F, 0x00, 0x1F, 0x00, 0x3F, 0xF9, 0xFF, 0xCF, 0xFE, 0x7C, 0x03, 0xE0, 0x1F, 0x03, 0xFF,
    0x9F, 0xFC, 0xFF, 0xE1, 0xF0, 0x0F, 0x80, 0x7C, 0x03, 0xE0, 0x1F, 0x00, 0xFC, 0x3E, 0x0F, 0x9F,
    0x0F, 0x87, 0xC3, 0xE3, 0xE3, 0xE0, 0x7C, 0xF8, 0xF8, 0x1F, 0x3E, 0x7C, 0x03, 0xEF, 0xBE, 0x00,
    0x7F, 0xFF, 0x80, 0x0F, 0xFF, 0xC0, 0x03, 0xFF, 0xE0, 0x00, 0x7F, 0xF8, 0x00, 0x3F, 0xFF, 0x00,
    0x1F, 0xFF, 0xC0, 0x0F, 0xBE, 0xF8, 0x07, 0xEF, 0x9F, 0x01, 0xF3, 0xE3, 0xE0, 0xF8, 0xF8, 0xFF,
    0x7C, 0x3E, 0x1F, 0xFF, 0x0F, 0x83, 0xF0, 0x00, 0x00, 0x3C, 0x00, 0x00, 0x0F, 0x00, 0x00, 0x03,
    0xC0, 0x00, 0x00, 0xF0, 0xF8, 0x7C, 0x7E, 0x7C, 0x7C, 0x7C, 0x3E, 0x7C, 0xF8, 0x1F, 0x7D, 0xF0,
    0x1F, 0x7F, 0xE0, 0x0F, 0xFF, 0xE0, 0x07, 0xFF, 0xC0, 0x07, 0xFF, 0xC0, 0x0F, 0xFF, 0xE0, 0x1F,
    0x7F, 0xE0, 0x1F, 0x7D, 0xF0, 0x3E, 0x7C, 0xFF, 0x7C, 0x7C, 0x7F, 0xF8, 0x7C, 0x7F, 0x00, 0x00,
    0x1F, 0x00, 0x00, 0x1F, 0x00, 0x00, 0x1F, 0xF8, 0x3F, 0x7C, 0x1F, 0x3E, 0x1F, 0x1F, 0x1F, 0x0F,
    0x9F, 0x87, 0xCF, 0x83, 0xEF, 0x81, 0xFF, 0x80, 0xFF, 0x80, 0x7F, 0xC0, 0x3F, 0xF0, 0x1F, 0x7C,
    0x0F, 0xBF, 0x07, 0xCF, 0x83, 0xE3, 0xE1, 0xF0, 0xFF, 0xF8, 0x3F, 0xFC, 0x0F, 0xC0, 0x03, 0xE0,
    0x01, 0xF0, 0x00, 0xF8, 0x00, 0x7C, 0xF8, 0x7D, 0xF1, 0xF3, 0xE7, 0xC7, 0xDF, 0x8F, 0xBE, 0x1F,
    0xF8, 0x3F, 0xE0, 0x7F, 0xC0, 0xFF, 0xC1, 0xF7, 0xC3, 0xEF, 0xC7, 0xCF, 0xFF, 0x8F, 0xFF, 0x0F,
    0xC0, 0x07, 0x80, 0x0F, 0x00, 0x1E, 0xF8, 0x1F, 0x3E, 0x07, 0xCF, 0x81, 0xF3, 0xE0, 0x7C, 0xF8,
    0x1F, 0x3E, 0x07, 0xCF, 0x81, 0xF3, 0xE0, 0x7C, 0xFF, 0xFF, 0x3F, 0xFF, 0xCF, 0xFF, 0xF3, 0xE0,
    0x7C, 0xF8, 0x1F, 0x3E, 0x07, 0xCF, 0x81, 0xF3, 0xE0, 0x7F, 0xF8, 0x1F, 0xFE, 0x07, 0xF0, 0x00,
    0x7C, 0x00, 0x1F, 0x00, 0x07, 0xC0, 0x01, 0xF0, 0xF8, 0x79, 0xF0, 0xF3, 0xE1, 0xE7, 0xC3, 0xCF,
    0x87, 0x9F, 0xFF, 0x3F, 0xFE, 0x7F, 0xFC, 0xF8, 0x79, 0xF0, 0xF3, 0xE1, 0xE7, 0xC3, 0xFF, 0x87,
    0xFF, 0x0F, 0xC0, 0x07, 0x80, 0x0F, 0x00, 0x1E, 0x7C, 0x0F, 0xBE, 0x07, 0xCF, 0x87, 0xC7, 0xC3,
    0xC1, 0xF3, 0xE0, 0xFB, 0xE0, 0x3F, 0xF0, 0x0F, 0xF0, 0x07, 0xF8, 0x01, 0xF8, 0x00, 0xFC, 0x00,
    0x3C, 0x00, 0x1E, 0x00, 0x0F, 0x00, 0x07, 0x80, 0x03, 0xC0, 0x01, 0xE0, 0x00, 0xF0, 0x00, 0xF8,
    0x3E, 0xF0, 0x7D, 0xF0, 0xF3, 0xE3, 0xE3, 0xC7, 0xC7, 0xCF, 0x07, 0xBE, 0x0F, 0x78, 0x1F, 0xF0,
    0x1F, 0xE0, 0x3F, 0x80, 0x7F, 0x00, 0x7E, 0x00, 0xF8, 0x01, 0xF0, 0x03, 0xE0, 0x07, 0xC0, 0x0F,
    0x80, 0x7C, 0x0F, 0xBE, 0x07, 0xCF, 0x87, 0xC7, 0xC7, 0xC1, 0xF3, 0xE0, 0x7B, 0xE0, 0x3F, 0xF0,
    0x0F, 0xF0, 0x07, 0xF8, 0x01, 0xF8, 0x07, 0xFF, 0x83, 0xFF, 0xC1, 0xFF, 0xE0, 0x0F, 0x00, 0x07,
    0x80, 0x03, 0xC0, 0x01, 0xE0, 0x00, 0xF0, 0x00, 0xF8, 0x3E, 0xF0, 0x7D, 0xF0, 0xF3, 0xE3, 0xE3,
    0xC7, 0xC7, 0xCF, 0x07, 0xBE, 0x0F, 0x78, 0x1F, 0xF0, 0x1F, 0xE0, 0x3F, 0x83, 0xFF, 0xE7, 0xFF,
    0xCF, 0xFF, 0x81, 0xF0, 0x03, 0xE0, 0x07, 0xC0, 0x0F, 0x80, 0xF8, 0x0F, 0x9F, 0x07, 0xC3, 0xE3,
    0xF0, 0xF8, 0xF8, 0x1F, 0x7C, 0x03, 0xFF, 0x00, 0xFF, 0x80, 0x1F, 0xC0, 0x07, 0xF0, 0x00, 0xFC,
    0x00, 0x7F, 0x00, 0x3F, 0xE0, 0x0F, 0xF8, 0x07, 0xDF, 0x03, 0xE3, 0xE0, 0xF8, 0xFF, 0x7C, 0x1F,
    0xFE, 0x03, 0xF0, 0x00, 0x3C, 0x00, 0x0F, 0x00, 0x03, 0xC0, 0x00, 0xF0, 0xF8, 0x7C, 0x7C, 0x78,
    0x3C, 0xF8, 0x3F, 0xF0, 0x1F, 0xE0, 0x0F, 0xE0, 0x0F, 0xC0, 0x0F, 0xC0, 0x1F, 0xE0, 0x1F, 0xF0,
    0x3E, 0xF0, 0x7C, 0xFF, 0x7C, 0x7F, 0xF8, 0x7F, 0x00, 0x1F, 0x00, 0x1F, 0x00, 0x1F, 0xF0, 0x1E,
    0x3C, 0x07, 0x8F, 0x01, 0xE3, 0xC0, 0x78, 0xF0, 0x1E, 0x3C, 0x07, 0x8F, 0x01, 0xE3, 0xE0, 0x78,
    0xFC, 0x7E, 0x3F, 0xFF, 0x87, 0xFF, 0xE0, 0xFF, 0xF8, 0x00, 0x1E, 0x00, 0x07, 0x80, 0x01, 0xE0,
    0x00, 0x7F, 0x00, 0x1F, 0xC0, 0x07, 0xF0, 0x00, 0x7C, 0x00, 0x1F, 0x00, 0x07, 0xC0, 0x01, 0xF0,
    0xF8, 0x7C, 0xF8, 0x7C, 0xF8, 0x7C, 0xF8, 0x7C, 0xF8, 0x7C, 0xF8, 0x7C, 0xFC, 0xFC, 0x7F, 0xFC,
    0x7F, 0xFC, 0x3F, 0xFC, 0x00, 0x7C, 0x00, 0x7F, 0x00, 0x7F, 0x00, 0x7F, 0x00, 0x1F, 0x00, 0x1F,
    0x00, 0x1F, 0xFC, 0x00, 0xFC, 0x00, 0xFC, 0x00, 0xFC, 0x00, 0xFC, 0x00, 0xFC, 0x00, 0xFF, 0xFC,
    0xFF, 0xFE, 0xFF, 0xFF, 0xFF, 0xFF, 0xFC, 0x1F, 0xFC, 0x1F, 0xFC, 0x1F, 0xFC, 0x1F, 0xFC, 0x1F,
    0xFC, 0x1F, 0xFC, 0x1F, 0xFC, 0x1F, 0xF8, 0x07, 0xC0, 0x3E, 0x01, 0xF0, 0x0F, 0xFE, 0x7F, 0xFB,
    0xFF, 0xDF, 0x9F, 0xF8, 0xFF, 0xC7, 0xFE, 0x3F, 0xF1, 0xFF, 0x8F, 0xFC, 0x7F, 0xE3, 0xFF, 0x1F,
    0xF8, 0xFF, 0xC7, 0xC0, 0xFF, 0xFF, 0xFF, 0xFF, 0xFF, 0xFF, 0xFF, 0xFF, 0xFF, 0xFF, 0xFF, 0xC0,
    0xFF, 0xFF, 0xFF, 0xFF, 0xFF, 0xFF, 0xFF, 0xFF, 0xFF, 0xFF, 0xFF, 0xC0, 0x0F, 0xF0, 0x0F, 0xFE,
    0x0F, 0xFF, 0x8F, 0xC7, 0xEF, 0x81, 0xF0, 0x00, 0x7C, 0x00, 0x3F, 0xFF, 0xFF, 0xFF, 0xFF, 0xFF,
    0xFF, 0xFE, 0x03, 0xFF, 0x01, 0xFF, 0x80, 0xFB, 0xE0, 0xF9, 0xF8, 0xFC, 0x7F, 0xFC, 0x1F, 0xFC,
    0x03, 0xF8, 0x00, 0x0F, 0xE0, 0x7F, 0xE0, 0xFF, 0xE3, 0xE7, 0xE7, 0x83, 0xC0, 0x07, 0x9F, 0xFF,
    0xBF, 0xFF, 0x7F, 0xFC, 0xF0, 0x79, 0xF1, 0xF1, 0xFF, 0xC1, 0xFF, 0x01, 0xFC, 0x00, 0x0F, 0xF0,
    0x0F, 0xF0, 0x0F, 0xF0, 0x00, 0x00, 0x00, 0x00, 0xF8, 0x1F, 0xF8, 0x3F, 0xF8, 0x3F, 0xF8, 0x7F,
    0xF8, 0x7F, 0xF8, 0xFF, 0xF8, 0xFF, 0xF9, 0xFF, 0xF9, 0xEF, 0xFB, 0xEF, 0xFF, 0xCF, 0xFF, 0x8F,
    0xFF, 0x8F, 0xFF, 0x0F, 0xFF, 0x0F, 0xFE, 0x0F, 0xFC, 0x0F, 0xFC, 0x0F, 0x1F, 0xE1, 0xFF, 0x0F,
    0xF8, 0x7F, 0xC0, 0x00, 0x7E, 0x7F, 0xF3, 0xFF, 0xBF, 0xFD, 0xFF, 0xFF, 0xFF, 0xFF, 0xFF, 0xFF,
    0xFF, 0xFF, 0xFF, 0xFF, 0xFF, 0xDF, 0xFC, 0xFF, 0xE7, 0xFE, 0x3E, 0x07, 0xF8, 0x07, 0xFF, 0x03,
    0xFF, 0xF1, 0xF8, 0xFC, 0x7C, 0x0F, 0xBE, 0x03, 0xEF, 0x80, 0x7B, 0xFF, 0xFF, 0xFF, 0xFF, 0xFF,
    0xFF, 0xFF, 0x80, 0x7F, 0xE0, 0x1E, 0xF8, 0x0F, 0x9F, 0x03, 0xE7, 0xE3, 0xF0, 0xFF, 0xFC, 0x1F,
    0xFC, 0x03, 0xFE, 0x00, 0x0F, 0xE0, 0x3F, 0xF0, 0xFF, 0xF3, 0xF3, 0xE7, 0xC3, 0xEF, 0xFF, 0xDF,
    0xFF, 0xBF, 0xFF, 0x78, 0x3E, 0xF8, 0x7D, 0xF9, 0xF1, 0xFF, 0xE1, 0xFF, 0x81, 0xFC, 0x00, 0x0F,
    0xF8, 0x07, 0xFC, 0x03, 0xFE, 0x00, 0x00, 0x00, 0x00, 0x07, 0xC0, 0x7D, 0xE0, 0x3C, 0xF8, 0x3E,
    0x3C, 0x1F, 0x1F, 0x0F, 0x07, 0x8F, 0x83, 0xE7, 0x81, 0xF7, 0xC0, 0x7B, 0xC0, 0x3F, 0xE0, 0x0F,
    0xF0, 0x07, 0xF0, 0x01, 0xF8, 0x00, 0x78, 0x00, 0x7C, 0x01, 0xFC, 0x00, 0xFE, 0x00, 0x7E, 0x00,
    0x1F, 0xE0, 0x3F, 0xC0, 0x7F, 0x80, 0x00, 0x00, 0x00, 0x1F, 0x07, 0x9E, 0x1F, 0x3E, 0x3E, 0x7C,
    0x78, 0x78, 0xF0, 0xF3, 0xE1, 0xF7, 0x81, 0xEF, 0x03, 0xFE, 0x07, 0xF8, 0x07, 0xF0, 0x0F, 0xE0,
    0x0F, 0x80, 0x1F, 0x00, 0x3E, 0x03, 0xF8, 0x07, 0xF0, 0x0F, 0xC0, 0x00, 0x7E, 0x0F, 0x1F, 0x07,
    0x87, 0xC3, 0xC3, 0xF3, 0xE0, 0xF9, 0xF0, 0x7E, 0xF0, 0x7F, 0xF8, 0x7F, 0xF8, 0x3D, 0xF8, 0x3E,
    0x7C, 0x1F, 0x1F, 0x0F, 0x0F, 0x87, 0x83, 0xE3, 0xC0, 0xFB, 0xE0, 0x7C, 0x3F, 0xC0, 0xFF, 0xE1,
    0xFF, 0xC1, 0xFF, 0xC0, 0x0F, 0x80, 0x1F, 0x00, 0x3E, 0x00, 0x7C, 0x00, 0xF8, 0x01, 0xF0, 0x03,
    0xE3, 0xFF, 0xEF, 0xFF, 0xFF, 0xFF, 0xBF, 0xFF, 0x00, 0x3E, 0x0F, 0xC7, 0xF8, 0xFE, 0x07, 0x81,
    0xE0, 0x78, 0x1E, 0x07, 0x81, 0xE0, 0xF9, 0xFE, 0xFF, 0xFE, 0xFF, 0x3C, 0x00, 0x7F, 0xFD, 0xFF,
    0xF7, 0xFF, 0xDF, 0xFE, 0x01, 0xF0, 0x07, 0xC0, 0x1F, 0x00, 0x7C, 0x01, 0xF0, 0x07, 0xC0, 0x1F,
    0x00, 0x7C, 0x01, 0xF0, 0x07, 0xC0, 0x1F, 0x00, 0xFF, 0xF3, 0xFF, 0xEF, 0xFF, 0xDF, 0xFF, 0x00,
    0x3C, 0x00, 0xF0, 0x03, 0xFE, 0x0F, 0xF8, 0x3F, 0xE0, 0xFF, 0x83, 0xFE, 0x0F, 0xF8, 0x3F, 0xE0,
    0xFF, 0x83, 0xC0, 0x7E, 0xFD, 0xFB, 0xF1, 0xE3, 0xC7, 0x8F, 0x1E, 0x3C, 0x78, 0xF1, 0xE3, 0xC7,
    0x80, 0x7F, 0xBF, 0xDF, 0xEF, 0xE3, 0xE1, 0xE0, 0xF0, 0x78, 0x7C, 0x1E, 0x0F, 0x07, 0x83, 0xE1,
    0xF0, 0xF8, 0x7F, 0xFC, 0x7F, 0xFE, 0x7F, 0xFE, 0x7F, 0xFF, 0x3C, 0x1F, 0x3C, 0x1F, 0x3C, 0x1F,
    0x3C, 0x1F, 0x3C, 0x1F, 0x3C, 0x1F, 0x3C, 0x1F, 0x3C, 0x1F, 0x3C, 0x1F, 0x3C, 0x1F, 0x3C, 0x1F,
    0xF3, 0xF1, 0xE7, 0xF3, 0xCF, 0xF7, 0x9F, 0xEF, 0x03, 0xFE, 0x07, 0xFC, 0x0F, 0xF8, 0x1F, 0xF0,
    0x3F, 0xF0, 0x7F, 0xE1, 0xF3, 0xFF, 0xE7, 0xFF, 0x87, 0xFE, 0x03, 0xF8, 0x00, 0x7E, 0xFD, 0xFB,
    0xF1, 0xE3, 0xC7, 0x8F, 0x1E, 0x7F, 0xE3, 0xFF, 0x9F, 0xFE, 0xFF, 0xF0, 0x0F, 0x80, 0x3C, 0x01,
    0xE0, 0x0F, 0x00, 0x78, 0x03, 0xC0, 0x1E, 0x00, 0xF0, 0x07, 0x80, 0x3C, 0x01, 0xE0, 0x0F, 0x00,
    0x78, 0x03, 0xC0, 0x1E, 0x00, 0xF0, 0x7F, 0x83, 0xFF, 0x1F, 0xF8, 0xFF, 0xE0, 0x1F, 0x00, 0x7C,
    0x03, 0xE0, 0x1F, 0x00, 0xF8, 0x07, 0xC0, 0x7C, 0xFF, 0xEF, 0xFE, 0x7F, 0xF3, 0xFE, 0x00, 0xF8,
    0x03, 0xE0, 0x0F, 0x80, 0x3E, 0x00, 0xFF, 0xFB, 0xFF, 0xEF, 0xFF, 0x9F, 0xFE, 0x00, 0xF0, 0x07,
    0xC0, 0x1F, 0x00, 0x78, 0x03, 0xE0, 0x0F, 0x80, 0x3C, 0x01, 0xF0, 0x07, 0xC0, 0x1E, 0x00, 0xF8,
    0x00, 0xFF, 0xF9, 0xFF, 0xFB, 0xFF, 0xFB, 0xFF, 0xF7, 0xC1, 0xEF, 0x83, 0xDF, 0x07, 0xBE, 0x0F,
    0x7C, 0x1E, 0xF8, 0x3D, 0xF0, 0x7B, 0xFF, 0xF7, 0xFF, 0xEF, 0xFF, 0xDF, 0xFF, 0x80, 0x78, 0xFC,
    0x3C, 0xFF, 0x1F, 0xFF, 0xC7, 0xFF, 0xF3, 0xF0, 0xF9, 0xF0, 0x7C, 0x78, 0x1E, 0x7C, 0x0F, 0x3E,
    0x07, 0x9F, 0x07, 0xCF, 0x03, 0xE7, 0x9F, 0xE7, 0xCF, 0xF3, 0xEF, 0xF1, 0xF7, 0xF0, 0x7E, 0xFD,
    0xFB, 0xF1, 0xE3, 0xC7, 0x8F, 0x1E, 0x3C, 0x78, 0xF1, 0xE3, 0xC7, 0x8F, 0x1E, 0x3C, 0x78, 0xF0,
    0x7C, 0xFE, 0xFF, 0x7F, 0x1F, 0x1F, 0x1F, 0x1F, 0x1F, 0x1F, 0x1F, 0xFF, 0xFF, 0xFF, 0xFF, 0x7F,
    0xF8, 0x7F, 0xFE, 0x7F, 0xFE, 0x7F, 0xFF, 0x3C, 0x1F, 0x3C, 0x0F, 0x7C, 0x0F, 0x7C, 0x0F, 0x7C,
    0x0F, 0x7C, 0x1F, 0x3C, 0x1F, 0x3F, 0xFE, 0x3F, 0xFE, 0x1F, 0xFC, 0x07, 0xF8, 0x00, 0x00, 0xF8,
    0x3D, 0xF0, 0x79, 0xE0, 0xF3, 0xC3, 0xE7, 0xC7, 0xCF, 0x8F, 0x9F, 0x1F, 0x1E, 0x3E, 0x3C, 0x78,
    0x79, 0xF0, 0xF3, 0xE1, 0xFF, 0x8F, 0xFE, 0x3F, 0xF8, 0x7F, 0xC0, 0xF8, 0x00, 0x00, 0x00, 0x3F,
    0xC1, 0xFF, 0xCF, 0xFF, 0xBF, 0xFE, 0xF0, 0x7F, 0xC1, 0xFF, 0x07, 0xFF, 0x0F, 0x7C, 0x3C, 0xF0,
    0xF0, 0x83, 0xC0, 0x0F, 0x00, 0x3C, 0x00, 0xF0, 0x03, 0xC0, 0x0F, 0x00, 0x3C, 0x00, 0xF0, 0x03,
    0xC0, 0x0F, 0x1F, 0xE0, 0x7F, 0xF1, 0xFF, 0xF3, 0xFF, 0xE7, 0x83, 0xEF, 0x07, 0xDF, 0x0F, 0xBF,
    0x0F, 0x3E, 0x3E, 0x3C, 0x7C, 0x01, 0xF9, 0xFF, 0xE7, 0xFF, 0x8F, 0xFE, 0x1F, 0xF8, 0x00, 0xF8,
    0x3D, 0xF0, 0xF7, 0xC7, 0xCF, 0x1F, 0x3E, 0x7C, 0xF9, 0xE1, 0xEF, 0x87, 0xFC, 0x1F, 0xF0, 0x3F,
    0x80, 0xF8, 0x03, 0xE0, 0x07, 0x80, 0x1F, 0x00, 0x7C, 0x00, 0xF0, 0x03, 0xC0, 0x0F, 0x80, 0x3E,
    0x00, 0x78, 0x7C, 0x3D, 0xF0, 0xF3, 0xE7, 0xCF, 0xDF, 0x1F, 0x7C, 0x3F, 0xE0, 0xFF, 0x81, 0xFC,
    0x03, 0xE0, 0x0F, 0x80, 0x1F, 0x0F, 0xFE, 0x7F, 0xF9, 0xFF, 0xE7, 0xFF, 0x80, 0xFF, 0xFF, 0xFF,
    0xFF, 0xFF, 0xFB, 0xFF, 0xE0, 0x03, 0xC0, 0x0F, 0x80, 0x1F, 0x7C, 0x3C, 0xF8, 0xF9, 0xF1, 0xF3,
    0xE3, 0xC7, 0xC7, 0x8F, 0x9F, 0x1F, 0x3E, 0x3E, 0x78, 0x7C, 0x00, 0xF8, 0x01, 0xF0, 0x03, 0xE0,
    0x07, 0xC0, 0x00, 0x7F, 0xC7, 0xFE, 0x7F, 0xF7, 0xFF, 0x00, 0xF0, 0x0F, 0x00, 0xF0, 0x0F, 0x00,
    0xF0, 0x0F, 0x00, 0xF0, 0x0F, 0x00, 0xF0, 0x0F, 0x00, 0xF0, 0xF9, 0xE7, 0xFE, 0x79, 0xFF, 0x9E,
    0x7F, 0xEF, 0x9F, 0xFB, 0xE7, 0xFE, 0xF1, 0xFF, 0xFC, 0x7F, 0xFE, 0x1E, 0xFF, 0x07, 0x9E, 0x03,
    0xE7, 0xC0, 0xF9, 0xFF, 0xFC, 0x3F, 0xFF, 0x07, 0xFF, 0x80, 0x7F, 0x80, 0x7F, 0xFC, 0x3F, 0xFF,
    0x9F, 0xFF, 0xC7, 0xFF, 0xF1, 0xF0, 0xF8, 0xF8, 0x7C, 0x7C, 0x3E, 0x3E, 0x1F, 0x1F, 0x0F, 0x8F,
    0x87, 0xC7, 0xC3, 0xE7, 0xE1, 0xF7, 0xE0, 0xFB, 0xF0, 0x7D, 0xF0, 0x3E, 0x23, 0xDF, 0xEF, 0xFD,
    0xE0, 0x00, 0x7C, 0xF1, 0xE7, 0xCF, 0x9F, 0x7E, 0x00, 0x00, 0x00, 0x00, 0x06, 0x1F, 0x7E, 0xFC,
    0xF8, 0xE0, 0x00, 0x01, 0xFF, 0x1F, 0xFF, 0xFF, 0xFF, 0xFF, 0x7C, 0x3B, 0xE0, 0x1F, 0xC0, 0x7F,
    0x01, 0xFC, 0x07, 0xE0, 0x0F, 0x00, 0x78, 0x00, 0x00, 0x0C, 0x01, 0xF8, 0x0F, 0xC0, 0x7E, 0x03,
    0xE0, 0x06, 0x00, 0x1F, 0x87, 0xF0, 0xFE, 0x3F, 0xC7, 0x80, 0xF0, 0x1F, 0x71, 0xFF, 0x7F, 0xFF,
    0xFF, 0xFE, 0x3E, 0x04, 0x00, 0xFF, 0xBF, 0xEF, 0xFF, 0xFE, 0xFE, 0x00, 0x38, 0xF3, 0x83, 0xA7,
    0xDF, 0x98, 0x00, 0x00, 0xC7, 0xBF, 0x7C, 0xE0, 0x00, 0x03, 0xCF, 0xBE, 0x79, 0xE7, 0x9F, 0x7D,
    0xF7, 0xCF, 0x3C, 0xF3, 0xCF, 0x3C, 0xF0, 0x00, 0x00, 0x07, 0x83, 0xBC, 0x3D, 0xF1, 0xEF, 0xFF,
    0x3F, 0xF1, 0xFF, 0x8F, 0xF0, 0x7C, 0x03, 0xE0, 0x1F, 0x00, 0x78, 0x03, 0xC0, 0x1E, 0x00, 0xF0,
    0x07, 0x80, 0x3C, 0x01, 0xE0, 0x00, 0x00, 0x00, 0x03, 0xC0, 0xFF, 0xBF, 0xFE, 0xFF, 0x7F, 0xFD,
    0xFF, 0xF7, 0xFF, 0xDF, 0xFE, 0x7C, 0x01, 0xF0, 0x03, 0xC0, 0x0F, 0x00, 0x3C, 0x00, 0xF0, 0x03,
    0xC0, 0x0F, 0x00, 0x3C, 0x00, 0xF0, 0x00, 0x00, 0x00, 0x00, 0x00, 0xF0, 0x1F, 0x03, 0xF0, 0x7E,
    0x07, 0xC0, 0x78, 0x07, 0xF0, 0x7F, 0x03, 0xF0, 0x3F, 0x07, 0xE0, 0x78, 0x0F, 0x80, 0xFF, 0xE7,
    0xFE, 0x7F, 0xF3, 0xFE, 0x03, 0x00, 0x07, 0x01, 0xFC, 0x3F, 0xE7, 0xFE, 0x7F, 0xF7, 0x9F, 0xF8,
    0xFF, 0x0F, 0xF0, 0xFF, 0x8F, 0x7F, 0xF7, 0xFE, 0x3F, 0xE1, 0xFC, 0x00, 0x07, 0xFF, 0x3F, 0xF9,
    0xFF, 0xCF, 0xFE, 0x00, 0xF0, 0x07, 0x80, 0x3C, 0x01, 0xE0, 0x0F, 0x00, 0x7C, 0x03, 0xE0, 0x0F,
    0x00, 0x78, 0x03, 0xC0, 0x1E, 0x00, 0xF0, 0x07, 0xC0, 0x10, 0x10, 0x11, 0xE0, 0x7B, 0xE0, 0xF7,
    0xC3, 0xE7, 0x87, 0xCF, 0x8F, 0x0F, 0x3E, 0x1E, 0x78, 0x3E, 0xF0, 0x7F, 0xE0, 0x7F, 0x80, 0xFF,
    0x01, 0xFE, 0x01, 0xF8, 0x03, 0xF0, 0x07, 0xE0, 0x07, 0x80, 0x0F, 0x00, 0x18, 0x00, 0x00, 0x00,
    0x0F, 0x00, 0x1F, 0x00, 0x3E, 0x00, 0xFC, 0x01, 0xFC, 0x03, 0xF8, 0x0F, 0xF0, 0x1F, 0xE0, 0x3F,
    0xE0, 0xFB, 0xC1, 0xE7, 0x83, 0xCF, 0x8F, 0x8F, 0x1E, 0x1E, 0x7C, 0x3E, 0xF8, 0x3D, 0xE0, 0x78,
    0xC0, 0xC0, 0x00, 0x01, 0xF8, 0x3F, 0xC7, 0xFC, 0xFF, 0xEF, 0x3E, 0xF1, 0xEF, 0xFE, 0xFF, 0xE7,
    0xFE, 0x3F, 0xE0, 0xFF, 0x01, 0xF0, 0x0F, 0x00, 0xF0, 0x0F, 0x00, 0xF0, 0x0F, 0x00, 0x00, 0x00,
    0x01, 0xC0, 0x00, 0xF8, 0x00, 0x3E, 0x78, 0x07, 0x9E, 0x01, 0xE7, 0x80, 0x7F, 0xE0, 0x1F, 0xF8,
    0x07, 0xFE, 0x01, 0xEF, 0x80, 0x79, 0xF0, 0x7E, 0x7F, 0xFF, 0x0F, 0xFF, 0x81, 0xFF, 0xC0, 0x1F,
    0xC0, 0xFF, 0xFF, 0xF8, 0x0C, 0x01, 0xC0, 0x7C, 0x1F, 0xC1, 0xFC, 0x7F, 0x9F, 0xFB, 0xCF, 0xF9,
    0xFF, 0x3F, 0xFF, 0xBF, 0xF7, 0xFC, 0x7F, 0x00, 0x00, 0x00, 0xC7, 0xBF, 0x7C, 0xE0, 0x00, 0x03,
    0xCF, 0xBE, 0x79, 0xE7, 0x9F, 0x7D, 0xF7, 0xCF, 0x3C, 0xF3, 0xCF, 0x3C, 0xF0, 0x00, 0x00, 0x07,
    0x83, 0xBC, 0x3D, 0xF1, 0xEF, 0xFF, 0x3F, 0xF1, 0xFF, 0x8F, 0xF0, 0x7C, 0x03, 0xE0, 0x1F, 0x00,
    0x78, 0x03, 0xC0, 0x1E, 0x00, 0xF0, 0x07, 0x80, 0x3C, 0x01, 0xE0, 0x00, 0x00, 0x00, 0x03, 0xC0,
    0xFF, 0xBF, 0xFE, 0xFF, 0x7F, 0xFD, 0xFF, 0xF7, 0xFF, 0xDF, 0xFE, 0x7C, 0x01, 0xF0, 0x03, 0xC0,
    0x0F, 0x00, 0x3C, 0x00, 0xF0, 0x03, 0xC0, 0x0F, 0x00, 0x3C, 0x00, 0xF0, 0x00, 0x00, 0x00, 0x00,
    0x07, 0x9F, 0x3D, 0xF9, 0xEF, 0xCF, 0xF8, 0x7F, 0xF9, 0xFF, 0xCF, 0xFF, 0x7F, 0xF3, 0xFC, 0x1F,
    0x00, 0xF8, 0x07, 0xC0, 0x1E, 0x00, 0xF0, 0x07, 0x80, 0x3C, 0x01, 0xE0, 0x00, 0x00, 0x03, 0x00,
    0x1E, 0x00, 0xF8, 0x01, 0xF0, 0x0F, 0xE0, 0x7F, 0xC1, 0xFF, 0x0F, 0xBE, 0x7C, 0x79, 0xE1, 0xF7,
    0x87, 0xDE, 0xCF, 0xFB, 0xBF, 0xFF, 0xF7, 0xFF, 0x9F, 0xFE, 0x3F, 0xF0, 0x1F, 0xC3, 0xFC, 0x3F,
    0x87, 0xF8, 0x78, 0x07, 0x80, 0x7C, 0x63, 0xFE, 0x3F, 0xF0, 0xFF, 0x0F, 0xC1, 0xF8, 0x3F, 0x03,
    0xE0, 0x7C, 0x07, 0xC0, 0x78, 0x01, 0x80, 0x10, 0x11, 0xE0, 0x7B, 0xE0, 0xF7, 0xC3, 0xE7, 0x87,
    0xCF, 0x8F, 0x0F, 0x3E, 0x1E, 0x78, 0x3E, 0xF0, 0x7F, 0xE0, 0x7F, 0x80, 0xFF, 0x01, 0xFE, 0x01,
    0xF8, 0x03, 0xF0, 0x07, 0xE0, 0x07, 0x80, 0x0F, 0x00, 0x18, 0x00, 0x00, 0x00, 0x0F, 0x00, 0x1F,
    0x00, 0x3E, 0x00, 0xFC, 0x01, 0xFC, 0x03, 0xF8, 0x0F, 0xF0, 0x1F, 0xE0, 0x3F, 0xE0, 0xFB, 0xC1,
    0xE7, 0x83, 0xCF, 0x8F, 0x8F, 0x1E, 0x1E, 0x7C, 0x3E, 0xF8, 0x3D, 0xE0, 0x78, 0xC0, 0xC0, 0x00,
    0x01, 0xF8, 0x3F, 0xC7, 0xFC, 0xFF, 0xEF, 0x3E, 0xF1, 0xEF, 0xFE, 0xFF, 0xE7, 0xFE, 0x3F, 0xE0,
    0xFF, 0x01, 0xF0, 0x0F, 0x00, 0xF0, 0x0F, 0x00, 0xF0, 0x0F, 0x03, 0xF0, 0x00, 0xFC, 0x00, 0x3F,
    0x80, 0x1F, 0xE0, 0x07, 0xF8, 0x01, 0xFF, 0x00, 0xFB, 0xC0, 0x3C, 0xF0, 0x1F, 0x3E, 0x07, 0xC7,
    0x81, 0xE1, 0xE0, 0xFF, 0xFC, 0x3F, 0xFF, 0x0F, 0xFF, 0xE7, 0xC0, 0xF9, 0xF0, 0x1E, 0x78, 0x07,
    0xFE, 0x01, 0xF0, 0x00, 0x00, 0x07, 0x80, 0x01, 0xE0, 0x00, 0x78, 0x00, 0x0F, 0xE0, 0x7F, 0xE0,
    0xFF, 0xE3, 0xE7, 0xE7, 0x87, 0xC0, 0x3F, 0x87, 0xFF, 0x1F, 0xFE, 0x7E, 0x7C, 0xF0, 0xF9, 0xF3,
    0xF3, 0xFF, 0xF7, 0xFF, 0xE7, 0xF3, 0xC0, 0x00, 0x03, 0xC0, 0x07, 0x80, 0x0F, 0x00, 0x01, 0xE0,
    0x00, 0x7C, 0x00, 0x07, 0x00, 0x03, 0x80, 0x00, 0x00, 0x00, 0xFC, 0x00, 0x3F, 0x00, 0x0F, 0xE0,
    0x07, 0xF8, 0x01, 0xFE, 0x00, 0x7F, 0xC0, 0x3E, 0xF0, 0x0F, 0x3C, 0x07, 0xCF, 0x81, 0xF1, 0xE0,
    0x78, 0x78, 0x3F, 0xFF, 0x0F, 0xFF, 0xC3, 0xFF, 0xF9, 0xF0, 0x3E, 0x7C, 0x07, 0x9E, 0x01, 0xFF,
    0x80, 0x7C, 0x07, 0x80, 0x0F, 0x80, 0x07, 0x00, 0x1C, 0x00, 0x00, 0x01, 0xFC, 0x0F, 0xFC, 0x1F,
    0xFC, 0x7C, 0xFC, 0xF0, 0xF8, 0x07, 0xF0, 0xFF, 0xE3, 0xFF, 0xCF, 0xCF, 0x9E, 0x1F, 0x3E, 0x7E,
    0x7F, 0xFE, 0xFF, 0xFC, 0xFE, 0x78, 0x00, 0x07, 0x80, 0x03, 0xC0, 0x00, 0xF0, 0x07, 0xF8, 0x03,
    0xF0, 0x01, 0xFE, 0x00, 0x73, 0x80, 0x0F, 0xC0, 0x03, 0xF0, 0x00, 0xFE, 0x00, 0x7F, 0x80, 0x1F,
    0xE0, 0x07, 0xFC, 0x03, 0xEF, 0x00, 0xF3, 0xC0, 0x7C, 0xF8, 0x1F, 0x1E, 0x07, 0x87, 0x83, 0xFF,
    0xF0, 0xFF, 0xFC, 0x3F, 0xFF, 0x9F, 0x03, 0xE7, 0xC0, 0x79, 0xE0, 0x1F, 0xF8, 0x07, 0xC0, 0x00,
    0x1E, 0x00, 0x38, 0x00, 0xF0, 0x3F, 0xC0, 0xFC, 0x01, 0xFC, 0x07, 0xBC, 0x07, 0xF0, 0x3F, 0xF0,
    0x7F, 0xF1, 0xF3, 0xF3, 0xC3, 0xE0, 0x1F, 0xC3, 0xFF, 0x8F, 0xFF, 0x3F, 0x3E, 0x78, 0x7C, 0xF9,
    0xF9, 0xFF, 0xFB, 0xFF, 0xF3, 0xF9, 0xE0, 0x00, 0x1E, 0x00, 0x03, 0x80, 0x00, 0xF0, 0x07, 0xDC,
    0x03, 0xF0, 0x01, 0xFE, 0x00, 0x73, 0x80, 0x0F, 0xC0, 0x03, 0xF0, 0x00, 0xFE, 0x00, 0x7F, 0x80,
    0x1F, 0xE0, 0x07, 0xFC, 0x03, 0xEF, 0x00, 0xF3, 0xC0, 0x7C, 0xF8, 0x1F, 0x1E, 0x07, 0x87, 0x83,
    0xFF, 0xF0, 0xFF, 0xFC, 0x3F, 0xFF, 0x9F, 0x03, 0xE7, 0xC0, 0x79, 0xE0, 0x1F, 0xF8, 0x07, 0xC0,
    0x00, 0x78, 0x00, 0x78, 0x00, 0xF0, 0x3E, 0xE0, 0xFC, 0x01, 0xFC, 0x07, 0xBC, 0x07, 0xF0, 0x3F,
    0xF0, 0x7F, 0xF1, 0xF3, 0xF3, 0xC3, 0xE0, 0x1F, 0xC3, 0xFF, 0x8F, 0xFF, 0x3F, 0x3E, 0x78, 0x7C,
    0xF9, 0xF9, 0xFF, 0xFB, 0xFF, 0xF3, 0xF9, 0xE0, 0x00, 0x1E, 0x00, 0x0F, 0x80, 0x00, 0xE0, 0x07,
    0xF8, 0x03, 0xF0, 0x01, 0xFE, 0x00, 0x73, 0x80, 0x0F, 0xC0, 0x03, 0xF0, 0x00, 0xFE, 0x00, 0x7F,
    0x80, 0x1F, 0xE0, 0x07, 0xFC, 0x03, 0xEF, 0x00, 0xF3, 0xC0, 0x7C, 0xF8, 0x1F, 0x1E, 0x07, 0x87,
    0x83, 0xFF, 0xF0, 0xFF, 0xFC, 0x3F, 0xFF, 0x9F, 0x03, 0xE7, 0xC0, 0x79, 0xE0, 0x1F, 0xF8, 0x07,
    0xC0, 0x00, 0x78, 0x00, 0xF8, 0x00, 0x70, 0x3F, 0xC0, 0xFE, 0x01, 0xFC, 0x07, 0xBC, 0x07, 0xF0,
    0x3F, 0xF0, 0x7F, 0xF1, 0xF3, 0xF3, 0xC3, 0xE0, 0x1F, 0xC3, 0xFF, 0x8F, 0xFF, 0x3F, 0x3E, 0x78,
    0x7C, 0xF9, 0xF9, 0xFF, 0xFB, 0xFF, 0xF3, 0xF9, 0xE0, 0x03, 0xD8, 0x01, 0xFE, 0x00, 0x7F, 0x80,
    0x00, 0x00, 0x00, 0x00, 0x00, 0x7C, 0x00, 0x3F, 0x80, 0x1E, 0xE0, 0x00, 0x00, 0x00, 0xFC, 0x00,
    0x3F, 0x00, 0x0F, 0xE0, 0x07, 0xF8, 0x01, 0xFE, 0x00, 0x7F, 0xC0, 0x3E, 0xF0, 0x0F, 0x3C, 0x07,
    0xCF, 0x81, 0xF1, 0xE0, 0x78, 0x78, 0x3F, 0xFF, 0x0F, 0xFF, 0xC3, 0xFF, 0xF9, 0xF0, 0x3E, 0x7C,
    0x07, 0x9E, 0x01, 0xFF, 0x80, 0x7C, 0x0F, 0x70, 0x3F, 0xE0, 0x7F, 0x80, 0x00, 0x00, 0x00, 0x00,
    0xF8, 0x03, 0xF8, 0x0F, 0x78, 0x00, 0x00, 0x1F, 0xC0, 0xFF, 0xC1, 0xFF, 0xC7, 0xCF, 0xCF, 0x0F,
    0x80, 0x7F, 0x0F, 0xFE, 0x3F, 0xFC, 0xFC, 0xF9, 0xE1, 0xF3, 0xE7, 0xE7, 0xFF, 0xEF, 0xFF, 0xCF,
    0xE7, 0x80, 0x01, 0xF0, 0x00, 0xFC, 0x00, 0x7F, 0x80, 0x1C, 0xE0, 0x00, 0x00, 0x00, 0xFC, 0x00,
    0x3F, 0x00, 0x0F, 0xE0, 0x07, 0xF8, 0x01, 0xFE, 0x00, 0x7F, 0xC0, 0x3E, 0xF0, 0x0F, 0x3C, 0x07,
    0xCF, 0x81, 0xF1, 0xE0, 0x78, 0x78, 0x3F, 0xFF, 0x0F, 0xFF, 0xC3, 0xFF, 0xF9, 0xF0, 0x3E, 0x7C,
    0x07, 0x9E, 0x01, 0xFF, 0x80, 0x7C, 0x00, 0x00, 0x01, 0xE0, 0x00, 0x78, 0x00, 0x1E, 0x00, 0x07,
    0xC0, 0x1F, 0xC0, 0x3F, 0x80, 0xF7, 0x80, 0x00, 0x01, 0xFC, 0x0F, 0xFC, 0x1F, 0xFC, 0x7C, 0xFC,
    0xF0, 0xF8, 0x07, 0xF0, 0xFF, 0xE3, 0xFF, 0xCF, 0xCF, 0x9E, 0x1F, 0x3E, 0x7E, 0x7F, 0xFE, 0xFF,
    0xFC, 0xFE, 0x78, 0x00, 0x00, 0x78, 0x00, 0xF0, 0x01, 0xE0, 0x00, 0x00, 0x78, 0x00, 0x3C, 0x00,
    0x0E, 0x00, 0x1C, 0xE0, 0x07, 0xF8, 0x00, 0xFE, 0x00, 0x3F, 0x00, 0x00, 0x00, 0x03, 0xF0, 0x00,
    0xFC, 0x00, 0x3F, 0x80, 0x1F, 0xE0, 0x07, 0xF8, 0x01, 0xFF, 0x00, 0xFB, 0xC0, 0x3C, 0xF0, 0x1F,
    0x3E, 0x07, 0xC7, 0x81, 0xE1, 0xE0, 0xFF, 0xFC, 0x3F, 0xFF, 0x0F, 0xFF, 0xE7, 0xC0, 0xF9, 0xF0,
    0x1E, 0x78, 0x07, 0xFE, 0x01, 0xF0, 0x01, 0xE0, 0x07, 0x80, 0x0E, 0x00, 0xE3, 0x81, 0xFE, 0x01,
    0xFC, 0x01, 0xF0, 0x00, 0x00, 0x0F, 0xE0, 0x7F, 0xE0, 0xFF, 0xE3, 0xE7, 0xE7, 0x87, 0xC0, 0x3F,
    0x87, 0xFF, 0x1F, 0xFE, 0x7E, 0x7C, 0xF0, 0xF9, 0xF3, 0xF3, 0xFF, 0xF7, 0xFF, 0xE7, 0xF3, 0xC0,
    0x03, 0xC0, 0x00, 0xF0, 0x00, 0x1E, 0x00, 0x1C, 0xE0, 0x07, 0xF8, 0x00, 0xFE, 0x00, 0x3F, 0x00,
    0x00, 0x00, 0x03, 0xF0, 0x00, 0xFC, 0x00, 0x3F, 0x80, 0x1F, 0xE0, 0x07, 0xF8, 0x01, 0xFF, 0x00,
    0xFB, 0xC0, 0x3C, 0xF0, 0x1F, 0x3E, 0x07, 0xC7, 0x81, 0xE1, 0xE0, 0xFF, 0xFC, 0x3F, 0xFF, 0x0F,
    0xFF, 0xE7, 0xC0, 0xF9, 0xF0, 0x1E, 0x78, 0x07, 0xFE, 0x01, 0xF0, 0x0F, 0x00, 0x0E, 0x00, 0x1E,
    0x00, 0xE3, 0x81, 0xFE, 0x01, 0xFC, 0x01, 0xF0, 0x00, 0x00, 0x0F, 0xE0, 0x7F, 0xE0, 0xFF, 0xE3,
    0xE7, 0xE7, 0x87, 0xC0, 0x3F, 0x87, 0xFF, 0x1F, 0xFE, 0x7E, 0x7C, 0xF0, 0xF9, 0xF3, 0xF3, 0xFF,
    0xF7, 0xFF, 0xE7, 0xF3, 0xC0, 0x01, 0xE0, 0x00, 0x78, 0x00, 0x06, 0x00, 0x03, 0x80, 0x07, 0x38,
    0x01, 0xFE, 0x00, 0x3F, 0x80, 0x0F, 0xC0, 0x00, 0x00, 0x00, 0x00, 0x00, 0x3F, 0x00, 0x0F, 0xC0,
    0x03, 0xF8, 0x01, 0xFE, 0x00, 0x7F, 0x80, 0x1F, 0xF0, 0x0F, 0xBC, 0x03, 0xCF, 0x01, 0xF3, 0xE0,
    0x7C, 0x78, 0x1E, 0x1E, 0x0F, 0xFF, 0xC3, 0xFF, 0xF0, 0xFF, 0xFE, 0x7C, 0x0F, 0x9F, 0x01, 0xE7,
    0x80, 0x7F, 0xE0, 0x1F, 0x07, 0x80, 0x0F, 0x80, 0x07, 0x00, 0x1C, 0x01, 0xC7, 0x03, 0xFC, 0x03,
    0xF8, 0x03, 0xE0, 0x00, 0x00, 0x1F, 0xC0, 0xFF, 0xC1, 0xFF, 0xC7, 0xCF, 0xCF, 0x0F, 0x80, 0x7F,
    0x0F, 0xFE, 0x3F, 0xFC, 0xFC, 0xF9, 0xE1, 0xF3, 0xE7, 0xE7, 0xFF, 0xEF, 0xFF, 0xCF, 0xE7, 0x80,
    0x03, 0xD8, 0x01, 0xFE, 0x00, 0x7F, 0x80, 0x00, 0x00, 0x07, 0x38, 0x01, 0xFE, 0x00, 0x3F, 0x80,
    0x0F, 0xC0, 0x00, 0x00, 0x00, 0xFC, 0x00, 0x3F, 0x00, 0x0F, 0xE0, 0x07, 0xF8, 0x01, 0xFE, 0x00,
    0x7F, 0xC0, 0x3E, 0xF0, 0x0F, 0x3C, 0x07, 0xCF, 0x81, 0xF1, 0xE0, 0x78, 0x78, 0x3F, 0xFF, 0x0F,
    0xFF, 0xC3, 0xFF, 0xF9, 0xF0, 0x3E, 0x7C, 0x07, 0x9E, 0x01, 0xFF, 0x80, 0x7C, 0x0F, 0x70, 0x3F,
    0xE0, 0x7F, 0x80, 0x00, 0x01, 0xC7, 0x03, 0xFC, 0x03, 0xF8, 0x03, 0xE0, 0x00, 0x00, 0x1F, 0xC0,
    0xFF, 0xC1, 0xFF, 0xC7, 0xCF, 0xCF, 0x0F, 0x80, 0x7F, 0x0F, 0xFE, 0x3F, 0xFC, 0xFC, 0xF9, 0xE1,
    0xF3, 0xE7, 0xE7, 0xFF, 0xEF, 0xFF, 0xCF, 0xE7, 0x80, 0x07, 0x38, 0x01, 0xFE, 0x00, 0x3F, 0x80,
    0x0F, 0xC0, 0x00, 0x00, 0x00, 0xFC, 0x00, 0x3F, 0x00, 0x0F, 0xE0, 0x07, 0xF8, 0x01, 0xFE, 0x00,
    0x7F, 0xC0, 0x3E, 0xF0, 0x0F, 0x3C, 0x07, 0xCF, 0x81, 0xF1, 0xE0, 0x78, 0x78, 0x3F, 0xFF, 0x0F,
    0xFF, 0xC3, 0xFF, 0xF9, 0xF0, 0x3E, 0x7C, 0x07, 0x9E, 0x01, 0xFF, 0x80, 0x7C, 0x00, 0x00, 0x01,
    0xE0, 0x00, 0x78, 0x00, 0x1E, 0x00, 0x1C, 0x70, 0x3F, 0xC0, 0x3F, 0x80, 0x3E, 0x00, 0x00, 0x01,
    0xFC, 0x0F, 0xFC, 0x1F, 0xFC, 0x7C, 0xFC, 0xF0, 0xF8, 0x07, 0xF0, 0xFF, 0xE3, 0xFF, 0xCF, 0xCF,
    0x9E, 0x1F, 0x3E, 0x7E, 0x7F, 0xFE, 0xFF, 0xFC, 0xFE, 0x78, 0x00, 0x00, 0x78, 0x00, 0xF0, 0x01,
    0xE0, 0x00, 0xFF, 0xFF, 0xFF, 0xFF, 0xFF, 0xFE, 0x00, 0xF8, 0x03, 0xE0, 0x0F, 0x80, 0x3F, 0xFE,
    0xFF, 0xFB, 0xFF, 0xEF, 0x80, 0x3E, 0x00, 0xF8, 0x03, 0xE0, 0x0F, 0x80, 0x3F, 0xFF, 0xFF, 0xFF,
    0xFF, 0xF0, 0x00, 0x01, 0xE0, 0x07, 0x80, 0x1E, 0x00, 0x0F, 0xE0, 0x3F, 0xE0, 0xFF, 0xE3, 0xF3,
    0xE7, 0x83, 0xCF, 0xFF, 0x9F, 0xFF, 0xBF, 0xFF, 0x78, 0x00, 0xF8, 0x79, 0xF9, 0xF1, 0xFF, 0xE1,
    0xFF, 0x81, 0xFC, 0x00, 0x00, 0x01, 0xE0, 0x03, 0xC0, 0x07, 0x80, 0x07, 0x80, 0x1F, 0x00, 0x38,
    0x00, 0xE0, 0x00, 0x03, 0xFF, 0xFF, 0xFF, 0xFF, 0xFF, 0xF8, 0x03, 0xE0, 0x0F, 0x80, 0x3E, 0x00,
    0xFF, 0xFB, 0xFF, 0xEF, 0xFF, 0xBE, 0x00, 0xF8, 0x03, 0xE0, 0x0F, 0x80, 0x3E, 0x00, 0xFF, 0xFF,
    0xFF, 0xFF, 0xFF, 0xC0, 0x07, 0xC0, 0x0F, 0x80, 0x07, 0x00, 0x0E, 0x00, 0x00, 0x01, 0xFC, 0x07,
    0xFC, 0x1F, 0xFC, 0x7E, 0x7C, 0xF0, 0x79, 0xFF, 0xF3, 0xFF, 0xF7, 0xFF, 0xEF, 0x00, 0x1F, 0x0F,
    0x3F, 0x3E, 0x3F, 0xFC, 0x3F, 0xF0, 0x3F, 0x80, 0x04, 0x60, 0x7F, 0xC1, 0xFE, 0x0E, 0xF8, 0x00,
    0x03, 0xFF, 0xFF, 0xFF, 0xFF, 0xFF, 0xF8, 0x03, 0xE0, 0x0F, 0x80, 0x3E, 0x00, 0xFF, 0xFB, 0xFF,
    0xEF, 0xFF, 0xBE, 0x00, 0xF8, 0x03, 0xE0, 0x0F, 0x80, 0x3E, 0x00, 0xFF, 0xFF, 0xFF, 0xFF, 0xFF,
    0xC0, 0x06, 0x30, 0x1F, 0xE0, 0x7F, 0xC0, 0xEF, 0x00, 0x00, 0x01, 0xFC, 0x07, 0xFC, 0x1F, 0xFC,
    0x7E, 0x7C, 0xF0, 0x79, 0xFF, 0xF3, 0xFF, 0xF7, 0xFF, 0xEF, 0x00, 0x1F, 0x0F, 0x3F, 0x3E, 0x3F,
    0xFC, 0x3F, 0xF0, 0x3F, 0x80, 0x00, 0x1E, 0x00, 0x78, 0x00, 0xF0, 0x3F, 0xC0, 0xFC, 0x03, 0xFC,
    0x07, 0x38, 0x7F, 0xFE, 0xFF, 0xFD, 0xFF, 0xFB, 0xE0, 0x07, 0xC0, 0x0F, 0x80, 0x1F, 0x00, 0x3F,
    0xFE, 0x7F, 0xFC, 0xFF, 0xF9, 0xF0, 0x03, 0xE0, 0x07, 0xC0, 0x0F, 0x80, 0x1F, 0x00, 0x3F, 0xFF,
    0x7F, 0xFE, 0xFF, 0xFC, 0x00, 0x1E, 0x00, 0x1E, 0x00, 0x1C, 0x07, 0xFC, 0x07, 0xE0, 0x0F, 0xE0,
    0x1E, 0xF0, 0x0F, 0xE0, 0x1F, 0xF0, 0x3F, 0xF8, 0x7E, 0x7C, 0x78, 0x3C, 0x7F, 0xFC, 0x7F, 0xFE,
    0x7F, 0xFE, 0x78, 0x00, 0x7C, 0x3C, 0x7E, 0x7C, 0x3F, 0xFC, 0x1F, 0xF8, 0x0F, 0xE0, 0x00, 0x78,
    0x01, 0xE0, 0x03, 0xC1, 0xEF, 0x0F, 0xC0, 0x7F, 0x81, 0xCE, 0x3F, 0xFF, 0xFF, 0xFF, 0xFF, 0xFF,
    0x80, 0x3E, 0x00, 0xF8, 0x03, 0xE0, 0x0F, 0xFF, 0xBF, 0xFE, 0xFF, 0xFB, 0xE0, 0x0F, 0x80, 0x3E,
    0x00, 0xF8, 0x03, 0xE0, 0x0F, 0xFF, 0xFF, 0xFF, 0xFF, 0xFC, 0x00, 0x3C, 0x00, 0x78, 0x00, 0x70,
    0x3E, 0xF0, 0x7E, 0x01, 0xFC, 0x07, 0xBC, 0x07, 0xF0, 0x1F, 0xF0, 0x7F, 0xF1, 0xF9, 0xF3, 0xC1,
    0xE7, 0xFF, 0xCF, 0xFF, 0xDF, 0xFF, 0xBC, 0x00, 0x7C, 0x3C, 0xFC, 0xF8, 0xFF, 0xF0, 0xFF, 0xC0,
    0xFE, 0x00, 0x00, 0xF8, 0x03, 0xE0, 0x03, 0x81, 0xEE, 0x0F, 0xC0, 0x7F, 0x81, 0xCE, 0x3F, 0xFF,
    0xFF, 0xFF, 0xFF, 0xFF, 0x80, 0x3E, 0x00, 0xF8, 0x03, 0xE0, 0x0F, 0xFF, 0xBF, 0xFE, 0xFF, 0xFB,
    0xE0, 0x0F, 0x80, 0x3E, 0x00, 0xF8, 0x03, 0xE0, 0x0F, 0xFF, 0xFF, 0xFF, 0xFF, 0xFC, 0x00, 0x78,
    0x00, 0xF8, 0x00, 0x70, 0x3E, 0xC0, 0x7E, 0x01, 0xFC, 0x07, 0xBC, 0x07, 0xF0, 0x1F, 0xF0, 0x7F,
    0xF1, 0xF9, 0xF3, 0xC1, 0xE7, 0xFF, 0xCF, 0xFF, 0xDF, 0xFF, 0xBC, 0x00, 0x7C, 0x3C, 0xFC, 0xF8,
    0xFF, 0xF0, 0xFF, 0xC0, 0xFE, 0x00, 0x0F, 0x60, 0x7F, 0x81, 0xFE, 0x00, 0x00, 0x00, 0x00, 0x3F,
    0x00, 0xFC, 0x07, 0x38, 0x00, 0x03, 0xFF, 0xFF, 0xFF, 0xFF, 0xFF, 0xF8, 0x03, 0xE0, 0x0F, 0x80,
    0x3E, 0x00, 0xFF, 0xFB, 0xFF, 0xEF, 0xFF, 0xBE, 0x00, 0xF8, 0x03, 0xE0, 0x0F, 0x80, 0x3E, 0x00,
    0xFF, 0xFF, 0xFF, 0xFF, 0xFF, 0xC0, 0x0F, 0xF0, 0x1F, 0xE0, 0x7F, 0x80, 0x00, 0x00, 0x00, 0x00,
    0xF8, 0x03, 0xF8, 0x07, 0x78, 0x00, 0x00, 0x1F, 0xC0, 0x7F, 0xC1, 0xFF, 0xC7, 0xE7, 0xCF, 0x07,
    0x9F, 0xFF, 0x3F, 0xFF, 0x7F, 0xFE, 0xF0, 0x01, 0xF0, 0xF3, 0xF3, 0xE3, 0xFF, 0xC3, 0xFF, 0x03,
    0xF8, 0x00, 0x07, 0xC0, 0x3F, 0x01, 0xFE, 0x07, 0x38, 0x00, 0x03, 0xFF, 0xFF, 0xFF, 0xFF, 0xFF,
    0xF8, 0x03, 0xE0, 0x0F, 0x80, 0x3E, 0x00, 0xFF, 0xFB, 0xFF, 0xEF, 0xFF, 0xBE, 0x00, 0xF8, 0x03,
    0xE0, 0x0F, 0x80, 0x3E, 0x00, 0xFF, 0xFF, 0xFF, 0xFF, 0xFF, 0xC0, 0x00, 0x07, 0x80, 0x1E, 0x00,
    0x78, 0x00, 0x07, 0xC0, 0x0F, 0xC0, 0x3F, 0x80, 0xF3, 0x80, 0x00, 0x01, 0xFC, 0x07, 0xFC, 0x1F,
    0xFC, 0x7E, 0x7C, 0xF0, 0x79, 0xFF, 0xF3, 0xFF, 0xF7, 0xFF, 0xEF, 0x00, 0x1F, 0x0F, 0x3F, 0x3E,
    0x3F, 0xFC, 0x3F, 0xF0, 0x3F, 0x80, 0x00, 0x00, 0x3C, 0x00, 0x78, 0x00, 0xF0, 0x00, 0xFF, 0xCE,
    0x70, 0x7F, 0xFF, 0xFF, 0xFF, 0xFF, 0xFF, 0xFF, 0xFF, 0xFF, 0xFF, 0xFF, 0xE0, 0xFF, 0xCE, 0xE0,
    0x7F, 0xFF, 0xFF, 0xFF, 0xFF, 0xFF, 0xFF, 0xFF, 0xFE, 0xFF, 0xFF, 0xFF, 0xFF, 0xFF, 0xFF, 0xFF,
    0xFF, 0xFF, 0xFF, 0xFF, 0xC0, 0xF7, 0xBC, 0xFF, 0xFE, 0x0F, 0xFF, 0xFF, 0xFF, 0xFF, 0xFF, 0xFF,
    0xFF, 0xFF, 0xC0, 0xE7, 0xBC, 0x07, 0xF8, 0x07, 0xFF, 0x03, 0xFF, 0xF1, 0xF8, 0xFC, 0x7C, 0x0F,
    0xBE, 0x03, 0xEF, 0x80, 0x7B, 0xC0, 0x1F, 0xF0, 0x07, 0xFC, 0x01, 0xFF, 0x00, 0x7F, 0xE0, 0x1E,
    0xF8, 0x0F, 0x9F, 0x03, 0xE7, 0xE3, 0xF0, 0xFF, 0xFC, 0x1F, 0xFC, 0x03, 0xFE, 0x00, 0x00, 0x00,
    0x07, 0x80, 0x01, 0xE0, 0x00, 0x78, 0x00, 0x0F, 0xE0, 0x3F, 0xF0, 0xFF, 0xF3, 0xF3, 0xE7, 0xC3,
    0xEF, 0x07, 0xDE, 0x0F, 0xBC, 0x1F, 0x78, 0x3E, 0xF8, 0x7D, 0xF9, 0xF1, 0xFF, 0xE1, 0xFF, 0x81,
    0xFC, 0x00, 0x00, 0x01, 0xE0, 0x03, 0xC0, 0x07, 0x80, 0x03, 0xE0, 0x00, 0xF8, 0x00, 0x0E, 0x00,
    0x07, 0x80, 0x00, 0x00, 0x01, 0xFE, 0x01, 0xFF, 0xC0, 0xFF, 0xFC, 0x7E, 0x3F, 0x1F, 0x03, 0xEF,
    0x80, 0xFB, 0xE0, 0x1E, 0xF0, 0x07, 0xFC, 0x01, 0xFF, 0x00, 0x7F, 0xC0, 0x1F, 0xF8, 0x07, 0xBE,
    0x03, 0xE7, 0xC0, 0xF9, 0xF8, 0xFC, 0x3F, 0xFF, 0x07, 0xFF, 0x00, 0xFF, 0x80, 0x07, 0xC0, 0x0F,
    0x80, 0x07, 0x00, 0x0E, 0x00, 0x00, 0x01, 0xFC, 0x07, 0xFE, 0x1F, 0xFE, 0x7E, 0x7C, 0xF8, 0x7D,
    0xE0, 0xFB, 0xC1, 0xF7, 0x83, 0xEF, 0x07, 0xDF, 0x0F, 0xBF, 0x3E, 0x3F, 0xFC, 0x3F, 0xF0, 0x3F,
    0x80, 0x00, 0x0F, 0x00, 0x03, 0xC0, 0x00, 0xE0, 0x0F, 0xF8, 0x03, 0xF0, 0x01, 0xFC, 0x00, 0xF7,
    0x80, 0x1F, 0xE0, 0x1F, 0xFC, 0x0F, 0xFF, 0xC7, 0xE3, 0xF1, 0xF0, 0x3E, 0xF8, 0x0F, 0xBE, 0x01,
    0xEF, 0x00, 0x7F, 0xC0, 0x1F, 0xF0, 0x07, 0xFC, 0x01, 0xFF, 0x80, 0x7B, 0xE0, 0x3E, 0x7C, 0x0F,
    0x9F, 0x8F, 0xC3, 0xFF, 0xF0, 0x7F, 0xF0, 0x0F, 0xF8, 0x00, 0x00, 0x1E, 0x00, 0x1E, 0x00, 0x1C,
    0x07, 0xFC, 0x07, 0xE0, 0x0F, 0xE0, 0x1E, 0xF0, 0x0F, 0xE0, 0x1F, 0xF8, 0x3F, 0xFC, 0x7E, 0x7C,
    0x7C, 0x3E, 0x78, 0x3E, 0x78, 0x3E, 0x78, 0x3E, 0x78, 0x3E, 0x7C, 0x3E, 0x7E, 0x7C, 0x3F, 0xFC,
    0x1F, 0xF8, 0x0F, 0xE0, 0x00, 0x1E, 0x00, 0x07, 0x80, 0x00, 0xE0, 0x0F, 0xBC, 0x03, 0xF0, 0x01,
    0xFC, 0x00, 0xF7, 0x80, 0x1F, 0xE0, 0x1F, 0xFC, 0x0F, 0xFF, 0xC7, 0xE3, 0xF1, 0xF0, 0x3E, 0xF8,
    0x0F, 0xBE, 0x01, 0xEF, 0x00, 0x7F, 0xC0, 0x1F, 0xF0, 0x07, 0xFC, 0x01, 0xFF, 0x80, 0x7B, 0xE0,
    0x3E, 0x7C, 0x0F, 0x9F, 0x8F, 0xC3, 0xFF, 0xF0, 0x7F, 0xF0, 0x0F, 0xF8, 0x00, 0x00, 0x3C, 0x00,
    0x78, 0x00, 0x70, 0x3E, 0xF0, 0x7E, 0x01, 0xFC, 0x07, 0xBC, 0x07, 0xF0, 0x1F, 0xF8, 0x7F, 0xF9,
    0xF9, 0xF3, 0xE1, 0xF7, 0x83, 0xEF, 0x07, 0xDE, 0x0F, 0xBC, 0x1F, 0x7C, 0x3E, 0xFC, 0xF8, 0xFF,
    0xF0, 0xFF, 0xC0, 0xFE, 0x00, 0x00, 0x3C, 0x00, 0x0F, 0x80, 0x00, 0xE0, 0x0F, 0xF0, 0x03, 0xF0,
    0x01, 0xFC, 0x00, 0xF7, 0x80, 0x1F, 0xE0, 0x1F, 0xFC, 0x0F, 0xFF, 0xC7, 0xE3, 0xF1, 0xF0, 0x3E,
    0xF8, 0x0F, 0xBE, 0x01, 0xEF, 0x00, 0x7F, 0xC0, 0x1F, 0xF0, 0x07, 0xFC, 0x01, 0xFF, 0x80, 0x7B,
    0xE0, 0x3E, 0x7C, 0x0F, 0x9F, 0x8F, 0xC3, 0xFF, 0xF0, 0x7F, 0xF0, 0x0F, 0xF8, 0x00, 0x00, 0x78,
    0x00, 0xF8, 0x00, 0x70, 0x3E, 0xC0, 0x7E, 0x01, 0xFC, 0x07, 0xBC, 0x07, 0xF0, 0x1F, 0xF8, 0x7F,
    0xF9, 0xF9, 0xF3, 0xE1, 0xF7, 0x83, 0xEF, 0x07, 0xDE, 0x0F, 0xBC, 0x1F, 0x7C, 0x3E, 0xFC, 0xF8,
    0xFF, 0xF0, 0xFF, 0xC0, 0xFE, 0x00, 0x07, 0xF8, 0x01, 0xFE, 0x00, 0xFF, 0x00, 0x00, 0x00, 0x00,
    0x00, 0x00, 0xF8, 0x00, 0x7F, 0x00, 0x3D, 0xE0, 0x00, 0x00, 0x01, 0xFE, 0x01, 0xFF, 0xC0, 0xFF,
    0xFC, 0x7E, 0x3F, 0x1F, 0x03, 0xEF, 0x80, 0xFB, 0xE0, 0x1E, 0xF0, 0x07, 0xFC, 0x01, 0xFF, 0x00,
    0x7F, 0xC0, 0x1F, 0xF8, 0x07, 0xBE, 0x03, 0xE7, 0xC0, 0xF9, 0xF8, 0xFC, 0x3F, 0xFF, 0x07, 0xFF,
    0x00, 0xFF, 0x80, 0x0F, 0xF0, 0x1F, 0xE0, 0x7F, 0x80, 0x00, 0x00, 0x00, 0x00, 0xF8, 0x03, 0xF8,
    0x07, 0x78, 0x00, 0x00, 0x1F, 0xC0, 0x7F, 0xE1, 0xFF, 0xE7, 0xE7, 0xCF, 0x87, 0xDE, 0x0F, 0xBC,
    0x1F, 0x78, 0x3E, 0xF0, 0x7D, 0xF0, 0xFB, 0xF3, 0xE3, 0xFF, 0xC3, 0xFF, 0x03, 0xF8, 0x00, 0x03,
    0xE0, 0x00, 0xFC, 0x00, 0x7F, 0x00, 0x3C, 0xE0, 0x00, 0x00, 0x01, 0xFE, 0x01, 0xFF, 0xC0, 0xFF,
    0xFC, 0x7E, 0x3F, 0x1F, 0x03, 0xEF, 0x80, 0xFB, 0xE0, 0x1E, 0xF0, 0x07, 0xFC, 0x01, 0xFF, 0x00,
    0x7F, 0xC0, 0x1F, 0xF8, 0x07, 0xBE, 0x03, 0xE7, 0xC0, 0xF9, 0xF8, 0xFC, 0x3F, 0xFF, 0x07, 0xFF,
    0x00, 0xFF, 0x80, 0x00, 0x00, 0x01, 0xE0, 0x00, 0x78, 0x00, 0x1E, 0x00, 0x07, 0xC0, 0x0F, 0xC0,
    0x3F, 0x80, 0xF3, 0x80, 0x00, 0x01, 0xFC, 0x07, 0xFE, 0x1F, 0xFE, 0x7E, 0x7C, 0xF8, 0x7D, 0xE0,
    0xFB, 0xC1, 0xF7, 0x83, 0xEF, 0x07, 0xDF, 0x0F, 0xBF, 0x3E, 0x3F, 0xFC, 0x3F, 0xF0, 0x3F, 0x80,
    0x00, 0x00, 0x3C, 0x00, 0x78, 0x00, 0xF0, 0x00, 0x00, 0xF0, 0x00, 0x3D, 0xE0, 0x1E, 0x78, 0x07,
    0x9E, 0x00, 0x07, 0x81, 0xFF, 0xE1, 0xFF, 0xF0, 0xFF, 0xFC, 0x7E, 0x3F, 0x1F, 0x03, 0xEF, 0x80,
    0xFB, 0xE0, 0x1E, 0xF0, 0x07, 0xFC, 0x01, 0xFF, 0x00, 0x7F, 0xC0, 0x1F, 0xF8, 0x07, 0xBE, 0x03,
    0xE7, 0xC0, 0xF9, 0xF8, 0xFC, 0x3F, 0xFF, 0x07, 0xFF, 0x00, 0xFF, 0x80, 0x01, 0xE0, 0x07, 0x9C,
    0x0F, 0x38, 0x3C, 0x70, 0x00, 0xE1, 0xFF, 0xC7, 0xFF, 0x1F, 0xFE, 0x7E, 0x7C, 0xF8, 0x7D, 0xE0,
    0xFB, 0xC1, 0xF7, 0x83, 0xEF, 0x07, 0xDF, 0x0F, 0xBF, 0x3E, 0x3F, 0xFC, 0x3F, 0xF0, 0x3F, 0x80,
    0x07, 0x80, 0x00, 0xF1, 0xE0, 0x3C, 0x78, 0x07, 0x9E, 0x00, 0x07, 0x81, 0xFF, 0xE1, 0xFF, 0xF0,
    0xFF, 0xFC, 0x7E, 0x3F, 0x1F, 0x03, 0xEF, 0x80, 0xFB, 0xE0, 0x1E, 0xF0, 0x07, 0xFC, 0x01, 0xFF,
    0x00, 0x7F, 0xC0, 0x1F, 0xF8, 0x07, 0xBE, 0x03, 0xE7, 0xC0, 0xF9, 0xF8, 0xFC, 0x3F, 0xFF, 0x07,
    0xFF, 0x00, 0xFF, 0x80, 0x0F, 0x00, 0x1E, 0x1C, 0x1E, 0x38, 0x3C, 0x70, 0x00, 0xE1, 0xFF, 0xC7,
    0xFF, 0x1F, 0xFE, 0x7E, 0x7C, 0xF8, 0x7D, 0xE0, 0xFB, 0xC1, 0xF7, 0x83, 0xEF, 0x07, 0xDF, 0x0F,
    0xBF, 0x3E, 0x3F, 0xFC, 0x3F, 0xF0, 0x3F, 0x80, 0x03, 0xE0, 0x00, 0xF9, 0xE0, 0x0E, 0x78, 0x07,
    0x9E, 0x00, 0x07, 0x81, 0xFF, 0xE1, 0xFF, 0xF0, 0xFF, 0xFC, 0x7E, 0x3F, 0x1F, 0x03, 0xEF, 0x80,
    0xFB, 0xE0, 0x1E, 0xF0, 0x07, 0xFC, 0x01, 0xFF, 0x00, 0x7F, 0xC0, 0x1F, 0xF8, 0x07, 0xBE, 0x03,
    0xE7, 0xC0, 0xF9, 0xF8, 0xFC, 0x3F, 0xFF, 0x07, 0xFF, 0x00, 0xFF, 0x80, 0x07, 0x80, 0x0F, 0x9C,
    0x07, 0x38, 0x1C, 0x70, 0x00, 0xE1, 0xFF, 0xC7, 0xFF, 0x1F, 0xFE, 0x7E, 0x7C, 0xF8, 0x7D, 0xE0,
    0xFB, 0xC1, 0xF7, 0x83, 0xEF, 0x07, 0xDF, 0x0F, 0xBF, 0x3E, 0x3F, 0xFC, 0x3F, 0xF0, 0x3F, 0x80,
    0x03, 0x98, 0x01, 0xFF, 0xF0, 0xFF, 0xBC, 0x3B, 0xCF, 0x00, 0x07, 0xC1, 0xFF, 0xE1, 0xFF, 0xF0,
    0xFF, 0xFC, 0x7F, 0xFF, 0x9F, 0x87, 0xEF, 0xC0, 0xFF, 0xF0, 0x3F, 0xF8, 0x07, 0xFE, 0x01, 0xFF,
    0x80, 0x7F, 0xE0, 0x1F, 0xFC, 0x0F, 0xFF, 0x03, 0xF7, 0xE1, 0xF9, 0xFF, 0xFE, 0x3F, 0xFF, 0x07,
    0xFF, 0x80, 0x7F, 0x80, 0x06, 0x30, 0x3F, 0xFC, 0x7F, 0xF8, 0xFF, 0x70, 0x00, 0xE1, 0xFF, 0xC7,
    0xFF, 0x1F, 0xFE, 0x7E, 0x7C, 0xF8, 0x7D, 0xE0, 0xFB, 0xC1, 0xF7, 0x83, 0xEF, 0x07, 0xDF, 0x0F,
    0xBF, 0x3E, 0x3F, 0xFC, 0x3F, 0xF0, 0x3F, 0x80, 0x00, 0x07, 0x80, 0x01, 0xE0, 0x00, 0x78, 0x00,
    0x1E, 0x07, 0xFF, 0x87, 0xFF, 0xC3, 0xFF, 0xF1, 0xF8, 0xFC, 0x7C, 0x0F, 0xBE, 0x03, 0xEF, 0x80,
    0x7B, 0xC0, 0x1F, 0xF0, 0x07, 0xFC, 0x01, 0xFF, 0x00, 0x7F, 0xE0, 0x1E, 0xF8, 0x0F, 0x9F, 0x03,
    0xE7, 0xE3, 0xF0, 0xFF, 0xFC, 0x1F, 0xFC, 0x03, 0xFE, 0x00, 0x00, 0x00, 0x07, 0x80, 0x01, 0xE0,
    0x00, 0x78, 0x00, 0x00, 0x0E, 0x00, 0x1C, 0x00, 0x38, 0x00, 0x70, 0xFF, 0xE3, 0xFF, 0x8F, 0xFF,
    0x3F, 0x3E, 0x7C, 0x3E, 0xF0, 0x7D, 0xE0, 0xFB, 0xC1, 0xF7, 0x83, 0xEF, 0x87, 0xDF, 0x9F, 0x1F,
    0xFE, 0x1F, 0xF8, 0x1F, 0xC0, 0x00, 0x00, 0x1E, 0x00, 0x3C, 0x00, 0x78, 0x00, 0xF8, 0x1E, 0xF8,
    0x1E, 0xF8, 0x1E, 0xF8, 0x1E, 0xF8, 0x1E, 0xF8, 0x1E, 0xF8, 0x1E, 0xF8, 0x1E, 0xF8, 0x1E, 0xF8,
    0x1E, 0xF8, 0x1E, 0xF8, 0x1E, 0xF8, 0x1E, 0xF8, 0x3E, 0x7E, 0x7E, 0x7F, 0xFC, 0x3F, 0xF8, 0x0F,
    0xF0, 0x00, 0x00, 0x03, 0xC0, 0x03, 0xC0, 0x03, 0xC0, 0xF8, 0xFF, 0xC7, 0xFE, 0x3F, 0xF1, 0xFF,
    0x8F, 0xFC, 0x7F, 0xE3, 0xFF, 0x1F, 0xF8, 0xFF, 0xC7, 0xFF, 0x7E, 0xFF, 0xF7, 0xFF, 0x9F, 0xBC,
    0x00, 0x00, 0xF0, 0x07, 0x80, 0x3C, 0x00, 0x07, 0xC0, 0x07, 0xC0, 0x01, 0xC0, 0x01, 0xC0, 0x00,
    0x00, 0xF8, 0x1E, 0xF8, 0x1E, 0xF8, 0x1E, 0xF8, 0x1E, 0xF8, 0x1E, 0xF8, 0x1E, 0xF8, 0x1E, 0xF8,
    0x1E, 0xF8, 0x1E, 0xF8, 0x1E, 0xF8, 0x1E, 0xF8, 0x1E, 0xF8, 0x1E, 0xF8, 0x3E, 0x7E, 0x7E, 0x7F,
    0xFC, 0x3F, 0xF8, 0x0F, 0xF0, 0x0F, 0x80, 0x7C, 0x00, 0xE0, 0x0F, 0x00, 0x00, 0x7C, 0x7F, 0xE3,
    0xFF, 0x1F, 0xF8, 0xFF, 0xC7, 0xFE, 0x3F, 0xF1, 0xFF, 0x8F, 0xFC, 0x7F, 0xE3, 0xFF, 0xBF, 0x7F,
    0xFB, 0xFF, 0xCF, 0xDE, 0x01, 0xE0, 0x00, 0x78, 0xE0, 0x3C, 0x38, 0x0F, 0x0E, 0x00, 0x03, 0xBE,
    0x07, 0xEF, 0x81, 0xF3, 0xE0, 0x78, 0xF8, 0x1E, 0x3E, 0x07, 0x8F, 0x81, 0xE3, 0xE0, 0x78, 0xF8,
    0x1E, 0x3E, 0x07, 0x8F, 0x81, 0xE3, 0xE0, 0x78, 0xF8, 0x1E, 0x3E, 0x07, 0x8F, 0x83, 0xE1, 0xF9,
    0xF8, 0x7F, 0xFC, 0x0F, 0xFE, 0x00, 0xFF, 0x00, 0x03, 0xC0, 0x0F, 0x3C, 0x1E, 0x78, 0x78, 0xF0,
    0x01, 0xFF, 0x1F, 0xFE, 0x3F, 0x7C, 0x7C, 0xF8, 0xF9, 0xF1, 0xF3, 0xE3, 0xE7, 0xC7, 0xCF, 0x8F,
    0x9F, 0x1F, 0x3E, 0x3E, 0x7E, 0xFC, 0x7F, 0xF8, 0xFF, 0xF0, 0xFD, 0xE0, 0x0F, 0x80, 0x01, 0xE0,
    0xE0, 0x78, 0x38, 0x0F, 0x0E, 0x00, 0x03, 0xBE, 0x07, 0xEF, 0x81, 0xF3, 0xE0, 0x78, 0xF8, 0x1E,
    0x3E, 0x07, 0x8F, 0x81, 0xE3, 0xE0, 0x78, 0xF8, 0x1E, 0x3E, 0x07, 0x8F, 0x81, 0xE3, 0xE0, 0x78,
    0xF8, 0x1E, 0x3E, 0x07, 0x8F, 0x83, 0xE1, 0xF9, 0xF8, 0x7F, 0xFC, 0x0F, 0xFE, 0x00, 0xFF, 0x00,
    0x1E, 0x00, 0x3E, 0x3C, 0x3C, 0x78, 0x38, 0xF0, 0x01, 0xFF, 0x1F, 0xFE, 0x3F, 0x7C, 0x7C, 0xF8,
    0xF9, 0xF1, 0xF3, 0xE3, 0xE7, 0xC7, 0xCF, 0x8F, 0x9F, 0x1F, 0x3E, 0x3E, 0x7E, 0xFC, 0x7F, 0xF8,
    0xFF, 0xF0, 0xFD, 0xE0, 0x07, 0xC0, 0x01, 0xF0, 0xE0, 0x1C, 0x38, 0x07, 0x0E, 0x00, 0x03, 0xBE,
    0x07, 0xEF, 0x81, 0xF3, 0xE0, 0x78, 0xF8, 0x1E, 0x3E, 0x07, 0x8F, 0x81, 0xE3, 0xE0, 0x78, 0xF8,
    0x1E, 0x3E, 0x07, 0x8F, 0x81, 0xE3, 0xE0, 0x78, 0xF8, 0x1E, 0x3E, 0x07, 0x8F, 0x83, 0xE1, 0xF9,
    0xF8, 0x7F, 0xFC, 0x0F, 0xFE, 0x00, 0xFF, 0x00, 0x0F, 0x00, 0x1F, 0x3C, 0x0E, 0x78, 0x38, 0xF0,
    0x01, 0xFF, 0x1F, 0xFE, 0x3F, 0x7C, 0x7C, 0xF8, 0xF9, 0xF1, 0xF3, 0xE3, 0xE7, 0xC7, 0xCF, 0x8F,
    0x9F, 0x1F, 0x3E, 0x3E, 0x7E, 0xFC, 0x7F, 0xF8, 0xFF, 0xF0, 0xFD, 0xE0, 0x02, 0x30, 0x03, 0xFC,
    0xE1, 0xFF, 0x38, 0x77, 0x8E, 0x00, 0x03, 0xBE, 0x07, 0xEF, 0x81, 0xF3, 0xE0, 0x78, 0xF8, 0x1E,
    0x3E, 0x07, 0x8F, 0x81, 0xE3, 0xE0, 0x78, 0xF8, 0x1E, 0x3E, 0x07, 0x8F, 0x81, 0xE3, 0xE0, 0x78,
    0xF8, 0x1E, 0x3E, 0x07, 0x8F, 0x83, 0xE1, 0xF9, 0xF8, 0x7F, 0xFC, 0x0F, 0xFE, 0x00, 0xFF, 0x00,
    0x0C, 0x60, 0x3F, 0xFC, 0xFF, 0xF9, 0xFE, 0xF0, 0x01, 0xFF, 0x1F, 0xFE, 0x3F, 0x7C, 0x7C, 0xF8,
    0xF9, 0xF1, 0xF3, 0xE3, 0xE7, 0xC7, 0xCF, 0x8F, 0x9F, 0x1F, 0x3E, 0x3E, 0x7E, 0xFC, 0x7F, 0xF8,
    0xFF, 0xF0, 0xFD, 0xE0, 0x00, 0x03, 0x80, 0x00, 0xE0, 0x00, 0x38, 0x00, 0x0E, 0xF8, 0x1F, 0xBE,
    0x07, 0xCF, 0x81, 0xE3, 0xE0, 0x78, 0xF8, 0x1E, 0x3E, 0x07, 0x8F, 0x81, 0xE3, 0xE0, 0x78, 0xF8,
    0x1E, 0x3E, 0x07, 0x8F, 0x81, 0xE3, 0xE0, 0x78, 0xF8, 0x1E, 0x3E, 0x0F, 0x87, 0xE7, 0xE1, 0xFF,
    0xF0, 0x3F, 0xF8, 0x03, 0xFC, 0x00, 0x00, 0x00, 0x0F, 0x00, 0x03, 0xC0, 0x00, 0xF0, 0x00, 0x00,
    0x1E, 0x00, 0x3C, 0x00, 0x78, 0x00, 0xFF, 0x8F, 0xFF, 0x1F, 0xBE, 0x3E, 0x7C, 0x7C, 0xF8, 0xF9,
    0xF1, 0xF3, 0xE3, 0xE7, 0xC7, 0xCF, 0x8F, 0x9F, 0x1F, 0x3F, 0x7E, 0x3F, 0xFC, 0x7F, 0xF8, 0x7E,
    0xF0, 0x00, 0x00, 0x3C, 0x00, 0x78, 0x00, 0xF0, 0x00, 0x07, 0xC0, 0x01, 0xE0, 0x00, 0xF0, 0x00,
    0x3C, 0x00, 0x00, 0x03, 0xE0, 0x7D, 0xF0, 0x3E, 0x7C, 0x3E, 0x3E, 0x1E, 0x0F, 0x9F, 0x07, 0xDF,
    0x01, 0xFF, 0x80, 0x7F, 0x80, 0x3F, 0xC0, 0x0F, 0xC0, 0x07, 0xE0, 0x01, 0xE0, 0x00, 0xF0, 0x00,
    0x78, 0x00, 0x3C, 0x00, 0x1E, 0x00, 0x0F, 0x00, 0x07, 0x80, 0x0F, 0x00, 0x1E, 0x00, 0x1E, 0x00,
    0x3C, 0x00, 0x00, 0x1F, 0x07, 0x9E, 0x1F, 0x3E, 0x3E, 0x7C, 0x78, 0x78, 0xF0, 0xF3, 0xE1, 0xF7,
    0x81, 0xEF, 0x03, 0xFE, 0x07, 0xF8, 0x07, 0xF0, 0x0F, 0xE0, 0x0F, 0x80, 0x1F, 0x00, 0x3E, 0x03,
    0xF8, 0x07, 0xF0, 0x0F, 0xC0, 0x00, 0x7C, 0x0F, 0xBE, 0x07, 0xCF, 0x87, 0xC7, 0xC3, 0xC1, 0xF3,
    0xE0, 0xFB, 0xE0, 0x3F, 0xF0, 0x0F, 0xF0, 0x07, 0xF8, 0x01, 0xF8, 0x00, 0xFC, 0x00, 0x3C, 0x00,
    0x1E, 0x00, 0x0F, 0x00, 0x07, 0x80, 0x03, 0xC0, 0x01, 0xE0, 0x00, 0xF0, 0x00, 0x00, 0x00, 0x3C,
    0x00, 0x1E, 0x00, 0x0F, 0x00, 0xF8, 0x3C, 0xF0, 0xF9, 0xF1, 0xF3, 0xE3, 0xC3, 0xC7, 0x87, 0x9F,
    0x0F, 0xBC, 0x0F, 0x78, 0x1F, 0xF0, 0x3F, 0xC0, 0x3F, 0x80, 0x7F, 0x00, 0x7C, 0x00, 0xF8, 0x01,
    0xF0, 0x1F, 0xDC, 0x3F, 0xBC, 0x7E, 0x78, 0x03, 0xE0, 0x01, 0xF0, 0x00, 0x38, 0x00, 0x1C, 0x00,
    0x00, 0x03, 0xE0, 0x7D, 0xF0, 0x3E, 0x7C, 0x3E, 0x3E, 0x1E, 0x0F, 0x9F, 0x07, 0xDF, 0x01, 0xFF,
    0x80, 0x7F, 0x80, 0x3F, 0xC0, 0x0F, 0xC0, 0x07, 0xE0, 0x01, 0xE0, 0x00, 0xF0, 0x00, 0x78, 0x00,
    0x3C, 0x00, 0x1E, 0x00, 0x0F, 0x00, 0x07, 0x80, 0x07, 0x80, 0x0F, 0x80, 0x07, 0x00, 0x1C, 0x00,
    0x00, 0x1F, 0x07, 0x9E, 0x1F, 0x3E, 0x3E, 0x7C, 0x78, 0x78, 0xF0, 0xF3, 0xE1, 0xF7, 0x81, 0xEF,
    0x03, 0xFE, 0x07, 0xF8, 0x07, 0xF0, 0x0F, 0xE0, 0x0F, 0x80, 0x1F, 0x00, 0x3E, 0x03, 0xF8, 0x07,
    0xF0, 0x0F, 0xC0, 0x00, 0x01, 0x18, 0x03, 0xFC, 0x01, 0xFE, 0x01, 0xDE, 0x00, 0x00, 0x03, 0xE0,
    0x7D, 0xF0, 0x3E, 0x7C, 0x3E, 0x3E, 0x1E, 0x0F, 0x9F, 0x07, 0xDF, 0x01, 0xFF, 0x80, 0x7F, 0x80,
    0x3F, 0xC0, 0x0F, 0xC0, 0x07, 0xE0, 0x01, 0xE0, 0x00, 0xF0, 0x00, 0x78, 0x00, 0x3C, 0x00, 0x1E,
    0x00, 0x0F, 0x00, 0x07, 0x80, 0x06, 0x30, 0x1F, 0xE0, 0x7F, 0xC0, 0xFF, 0x00, 0x00, 0x1F, 0x07,
    0x9E, 0x1F, 0x3E, 0x3E, 0x7C, 0x78, 0x78, 0xF0, 0xF3, 0xE1, 0xF7, 0x81, 0xEF, 0x03, 0xFE, 0x07,
    0xF8, 0x07, 0xF0, 0x0F, 0xE0, 0x0F, 0x80, 0x1F, 0x00, 0x3E, 0x03, 0xF8, 0x07, 0xF0, 0x0F, 0xC0,
    0x00, 0xFF, 0xFF, 0xFF, 0xFF, 0xF0, 0x03, 0x37, 0x8C, 0x7B, 0xF3, 0x0C, 0x30, 0xC3, 0x0C, 0x30,
    0xC3, 0x0C, 0x30, 0xC3, 0x00, 0x00, 0x30, 0x37, 0xEC, 0xDB, 0x30, 0x60, 0xC1, 0x83, 0x06, 0x0C,
    0x18, 0x30, 0x60, 0xC1, 0x83, 0x00, 0x00, 0x61, 0x83, 0xF6, 0x66, 0xC1, 0x83, 0x06, 0x0C, 0x18,
    0x30, 0x60, 0xC1, 0x83, 0x06, 0x0C, 0x18, 0xFF, 0xFF, 0xFF, 0x7E, 0xFF, 0xFF, 0xFF, 0x7F, 0xFD,
    0xFF, 0xF7, 0xFF, 0xC0, 0x7F, 0xFF, 0xFD, 0xFF, 0xFF, 0xF7, 0xFF, 0xFF, 0xC0, 0x73, 0xB9, 0xCF,
    0xFF, 0xFF, 0xFF, 0xFF, 0xE7, 0x3B, 0x9C, 0x7B, 0xDE, 0xF3, 0x9D, 0xCE, 0x71, 0x9C, 0xEE, 0x3B,
    0x9C, 0xFF, 0xFF, 0xFF, 0xFF, 0xFF, 0xFF, 0xFF, 0xFF, 0xFF, 0xDF, 0x71, 0xDC, 0xEE, 0x3B, 0x8C,
    0x7B, 0xEF, 0x7D, 0xEF, 0xBD, 0xF3, 0x9C, 0x73, 0x9C, 0x73, 0x9C, 0x0F, 0x00, 0xF0, 0x0F, 0x00,
    0xF0, 0xFF, 0xFF, 0xFF, 0xFF, 0xF0, 0xF0, 0x0F, 0x00, 0xF0, 0x0F, 0x00, 0xF0, 0x0F, 0x00, 0xF0,
    0x0F, 0x00, 0xF0, 0x0F, 0x00, 0xF0, 0x0F, 0x00, 0xF0, 0x0F, 0x00, 0xF0, 0xFF, 0xFF, 0xFF, 0xFF,
    0xF0, 0xF0, 0x0F, 0x00, 0xF0, 0x0F, 0x0F, 0xFF, 0xFF, 0xFF, 0xFF, 0x0F, 0x00, 0xF0, 0x0F, 0x00,
    0xF0, 0x3E, 0x3F, 0x9F, 0xCF, 0xF7, 0xF3, 0xF8, 0xF8, 0x7B, 0xEF, 0xBD, 0xF7, 0xDE, 0xFB, 0xEF,
    0x7D, 0xF0, 0x3F, 0x03, 0x80, 0x01, 0xFE, 0x0E, 0x00, 0x07, 0x38, 0x70, 0x00, 0x1C, 0xE3, 0xC0,
    0x00, 0x73, 0xCE, 0x00, 0x01, 0xCE, 0x70, 0x00, 0x07, 0xBB, 0xC0, 0x00, 0x1F, 0xEE, 0x00, 0x00,
    0x3F, 0x70, 0x00, 0x00, 0x03, 0xDF, 0x07, 0xC0, 0x0E, 0xFE, 0x3F, 0x80, 0x77, 0xBD, 0xEE, 0x03,
    0xDC, 0x77, 0x3C, 0x0E, 0x71, 0xDC, 0xF0, 0x71, 0xC7, 0x73, 0xC3, 0xC7, 0xBD, 0xCE, 0x0E, 0x0F,
    0xE7, 0xF8, 0x70, 0x1F, 0x0F, 0xC0, 0x7F, 0xFF, 0xFF, 0x78, 0x7F, 0xFB, 0xFD, 0xFE, 0xFF, 0xF7,
    0xF8, 0x0F, 0x8F, 0x8F, 0x8F, 0x87, 0x83, 0xC1, 0xF0, 0x7C, 0x1F, 0x07, 0xC0, 0x7C, 0x1F, 0x07,
    0xC3, 0xE0, 0xF8, 0x7C, 0x7E, 0x3E, 0x3E, 0x3E, 0x00, 0x00, 0x1C, 0x00, 0x70, 0x01, 0xE0, 0x03,
    0x80, 0x0F, 0x00, 0x1C, 0x00, 0x70, 0x01, 0xE0, 0x03, 0x80, 0x0E, 0x00, 0x3C, 0x00, 0x70, 0x01,
    0xC0, 0x07, 0x80, 0x0E, 0x00, 0x3C, 0x00, 0x70, 0x01, 0xC0, 0x00, 0x10, 0xFB, 0xF7, 0xE7, 0xC7,
    0x00, 0x00, 0x00, 0x00, 0x07, 0xC7, 0xCF, 0x9F, 0x3E, 0x3C, 0x78, 0x70, 0x3E, 0x3F, 0xBD, 0xFD,
    0xFF, 0xFF, 0xDF, 0xEF, 0xEF, 0x7F, 0x1F, 0x00, 0x0F, 0x0F, 0x8F, 0xC7, 0xE7, 0xF7, 0x7B, 0xFF,
    0xFF, 0x0F, 0x07, 0x80, 0xFF, 0xFF, 0xE0, 0xFE, 0xFF, 0xEF, 0x07, 0xE7, 0xFF, 0x7E, 0x3E, 0x3F,
    0xBD, 0xDF, 0xCF, 0xF7, 0xBB, 0x9D, 0xCE, 0xFF, 0x3F, 0x00, 0xFF, 0xFF, 0x0F, 0x0E, 0x1C, 0x1C,
    0x3C, 0x38, 0x38, 0x38, 0x3F, 0x3F, 0xDC, 0xEE, 0xF3, 0xF3, 0xF9, 0xCF, 0xE7, 0x7F, 0xBF, 0x80,
    0x7E, 0x7F, 0xB9, 0xDC, 0xEE, 0x77, 0xF9, 0xFD, 0xDE, 0xFE, 0x3E, 0x00, 0x3E, 0x3F, 0xBD, 0xFD,
    0xFF, 0xFF, 0xDF, 0xEF, 0xEF, 0x7F, 0x1F, 0x00, 0x1C, 0x77, 0xFF, 0xFC, 0x71, 0xC7, 0x1C, 0x70,
    0x7E, 0xFE, 0xFF, 0xC7, 0x1F, 0x7E, 0x7C, 0xF8, 0xFF, 0xFF, 0x7F, 0x3F, 0xFF, 0xE1, 0xF1, 0xF0,
    0xFC, 0x1F, 0xFF, 0x7F, 0xBF, 0x80, 0x0F, 0x0F, 0x8F, 0xC7, 0xE7, 0xF7, 0x7B, 0xFF, 0xFF, 0x0F,
    0x07, 0x80, 0xFF, 0xFF, 0xE0, 0xFE, 0xFF, 0xEF, 0x07, 0xE7, 0xFF, 0x7E, 0x3E, 0x3F, 0xBD, 0xDF,
    0xCF, 0xF7, 0xBB, 0x9D, 0xCE, 0xFF, 0x3F, 0x00, 0xFF, 0xFF, 0x0F, 0x0E, 0x1C, 0x1C, 0x3C, 0x38,
    0x38, 0x38, 0x3F, 0x3F, 0xDC, 0xEE, 0xF3, 0xF3, 0xF9, 0xCF, 0xE7, 0x7F, 0xBF, 0x80, 0x7E, 0x7F,
    0xB9, 0xDC, 0xEF, 0xF3, 0xFB, 0xBD, 0xFC, 0x7E, 0x00, 0xFF, 0xF9, 0xFF, 0xFF, 0x3F, 0xFF, 0xF7,
    0xF8, 0x1E, 0xFF, 0x3B, 0xDF, 0xE7, 0x7B, 0xFC, 0xEF, 0x7F, 0x9D, 0xEF, 0xF3, 0xBD, 0xFE, 0x77,
    0xBF, 0xCE, 0xF7, 0xF9, 0xDE, 0xFF, 0x3B, 0xDF, 0xE7, 0x7B, 0xFC, 0xE0, 0x7F, 0x9F, 0xFF, 0xF3,
    0xFF, 0xFE, 0x7F, 0xF8, 0x01, 0xFC, 0x01, 0xFF, 0x80, 0xFF, 0xF0, 0x7F, 0xFE, 0x3F, 0x0F, 0xCF,
    0xC3, 0xFF, 0xFE, 0x03, 0xFF, 0x80, 0x3E, 0x00, 0x1F, 0x80, 0x0F, 0xFE, 0x03, 0xFF, 0x9F, 0x3F,
    0x0F, 0xC7, 0xC3, 0xE1, 0xFF, 0xF8, 0x3F, 0xFC, 0x07, 0xFE, 0x00, 0x7F, 0x00, 0x3F, 0xF8, 0x07,
    0xFF, 0xC0, 0xFF, 0xF8, 0x1F, 0x1F, 0x8F, 0xFF, 0xFD, 0xFF, 0xFF, 0x8F, 0x83, 0xC7, 0xFF, 0xFE,
    0xFF, 0xFF, 0xC7, 0xC7, 0xE0, 0xFF, 0xF8, 0x1F, 0xFE, 0x03, 0xFF, 0x80, 0x7C, 0x00, 0x0F, 0x80,
    0x01, 0xF0, 0x00, 0x3E, 0x00, 0x07, 0xC0, 0x00, 0x07, 0xF0, 0x1F, 0xFC, 0x3F, 0xFE, 0x3E, 0x7E,
    0x3C, 0x3E, 0x00, 0x3E, 0xFF, 0xFF, 0xFF, 0xFF, 0x00, 0x00, 0x00, 0x00, 0xFF, 0xFF, 0xFF, 0xFF,
    0x7C, 0x00, 0x7C, 0x3E, 0x7E, 0x7E, 0x3F, 0xFC, 0x1F, 0xFC, 0x0F, 0xF0, 0x00, 0x00, 0xFF, 0xFF,
    0xFF, 0xFF, 0xFF, 0xF8, 0x7F, 0xFC, 0xFF, 0xFF, 0xFF, 0xFF, 0x00, 0x7C, 0x00, 0xF8, 0xFF, 0xF8,
    0xFF, 0xF0, 0xFF, 0xE0, 0x7C, 0x00, 0x3F, 0x00, 0x1F, 0x80, 0x0F, 0xC0, 0x07, 0xE0, 0x03, 0xF0,
    0x01, 0xF0, 0x3F, 0xFC, 0x1F, 0xFF, 0x0F, 0xFF, 0xC7, 0xC3, 0xE3, 0xE0, 0xF9, 0xF0, 0x7C, 0xF8,
    0x3E, 0x7C, 0x1F, 0x3E, 0x1F, 0x1F, 0xFF, 0x8F, 0xFF, 0x87, 0xFF, 0x83, 0xE0, 0x07, 0xFE, 0x03,
    0xFF, 0x01, 0xFF, 0x80, 0x3E, 0x00, 0x1F, 0x00, 0x00, 0x01, 0xF0, 0x00, 0xF8, 0x00, 0x7C, 0x00,
    0x3E, 0x00, 0x1F, 0x00, 0x0F, 0xFF, 0xF7, 0xFF, 0xFF, 0xFF, 0xFF, 0xFF, 0xFF, 0xDF, 0xFF, 0xF3,
    0xF0, 0x00, 0x7E, 0x00, 0x0F, 0xC0, 0x01, 0xF8, 0x00, 0x3F, 0x00, 0x07, 0xC0, 0x01, 0x80, 0x03,
    0xC0, 0x07, 0xE0, 0x0F, 0xF0, 0x1F, 0xF8, 0x3F, 0xFC, 0x7F, 0xFE, 0xFB, 0xDF, 0xF3, 0xCF, 0xE3,
    0xC7, 0xC3, 0xC3, 0x83, 0xC1, 0x03, 0xC0, 0x03, 0xC0, 0x03, 0xC0, 0x03, 0xC0, 0x03, 0xC0, 0x03,
    0xC0, 0x03, 0xE0, 0x00, 0x7C, 0x00, 0x0F, 0x80, 0x01, 0xF0, 0x00, 0x3E, 0x00, 0x07, 0xCF, 0xFF,
    0xFB, 0xFF, 0xFF, 0xFF, 0xFF, 0xFF, 0xFF, 0xE0, 0x01, 0xF0, 0x00, 0xF8, 0x00, 0x7C, 0x00, 0x3E,
    0x00, 0x1F, 0x00, 0x0F, 0x80, 0x03, 0xC0, 0x03, 0xC0, 0x03, 0xC0, 0x03, 0xC0, 0x03, 0xC0, 0x03,
    0xC0, 0x83, 0xC1, 0xC3, 0xC3, 0xE3, 0xC7, 0xF3, 0xCF, 0xFB, 0xDF, 0x7F, 0xFE, 0x3F, 0xFC, 0x1F,
    0xF8, 0x0F, 0xF0, 0x07, 0xE0, 0x03, 0xC0, 0x01, 0x80, 0x01, 0xF7, 0xC0, 0x01, 0xF1, 0xF0, 0x01,
    0xF0, 0x7C, 0x01, 0xF0, 0x1F, 0x01, 0xF0, 0x07, 0xC1, 0xF0, 0x01, 0xF1, 0xFF, 0xFF, 0xFD, 0xFF,
    0xFF, 0xFF, 0xFF, 0xFF, 0xFF, 0xBF, 0xFF, 0xFF, 0x8F, 0x80, 0x0F, 0x83, 0xE0, 0x0F, 0x80, 0xF8,
    0x0F, 0x80, 0x3E, 0x0F, 0x80, 0x0F, 0x8F, 0x80, 0x03, 0xEF, 0x80, 0x01, 0x00, 0x03, 0x80, 0x07,
    0xC0, 0x0F, 0xE0, 0x1F, 0xF0, 0x3F, 0xF8, 0x7F, 0xFC, 0xFF, 0xFE, 0xF7, 0xDF, 0xE7, 0xCF, 0xC7,
    0xC7, 0x87, 0xC3, 0x07, 0xC0, 0x07, 0xC0, 0x87, 0xC1, 0xC7, 0xC3, 0xE7, 0xC7, 0xF7, 0xCF, 0xFF,
    0xFF, 0x7F, 0xFE, 0x3F, 0xFC, 0x1F, 0xF8, 0x0F, 0xF0, 0x07, 0xE0, 0x03, 0xC0, 0x01, 0x80, 0xFF,
    0xF3, 0xFF, 0xEF, 0xFF, 0xFF, 0x80, 0xFF, 0x03, 0xFE, 0x0F, 0xFC, 0x3B, 0xF8, 0xE7, 0xF3, 0x8F,
    0xEE, 0x1F, 0xF8, 0x3F, 0x60, 0x78, 0x80, 0xC0, 0x00, 0x00, 0x3F, 0xFD, 0xFF, 0xFF, 0xFF, 0xC0,
    0x3F, 0x01, 0xFC, 0x0F, 0xF0, 0x7F, 0xC3, 0xF7, 0x1F, 0x9C, 0xFC, 0x77, 0xE1, 0xFF, 0x07, 0xF8,
    0x19, 0xC0, 0x40, 0x00, 0x00, 0x30, 0x11, 0xE0, 0x6F, 0xC1, 0xFF, 0x87, 0x7F, 0x1C, 0xFE, 0x71,
    0xFD, 0xC3, 0xFF, 0x07, 0xFC, 0x0F, 0xF0, 0x1F, 0xFF, 0xFF, 0x7F, 0xFC, 0xFF, 0xF0, 0x20, 0x31,
    0xC1, 0xEF, 0x0F, 0xFC, 0x7F, 0xF3, 0xFB, 0xDF, 0xCF, 0xFE, 0x3F, 0xF0, 0xFF, 0x83, 0xFC, 0x0F,
    0xE0, 0x3F, 0xFF, 0xFF, 0xFB, 0xFF, 0xC0, 0x00, 0x0C, 0x78, 0x79, 0xFB, 0xF7, 0xF7, 0xEE, 0x77,
    0xC0, 0xFF, 0x81, 0xFC, 0x01, 0xF0, 0x7F, 0xF0, 0xFF, 0xF1, 0xFF, 0xF0, 0x01, 0xE0, 0x01, 0xE1,
    0xE3, 0xC7, 0x87, 0x9E, 0x1E, 0x7F, 0xFD, 0xFF, 0xF3, 0xFF, 0xC3, 0xE0, 0x03, 0xE0, 0x03, 0xE0,
    0x00, 0x1F, 0xFC, 0xFF, 0xF9, 0xFF, 0xF7, 0xC0, 0x0E, 0x00, 0x1C, 0x3C, 0x38, 0x7C, 0x78, 0x7C,
    0x7F, 0xFC, 0xFF, 0xFC, 0x7F, 0xF0, 0x03, 0xC0, 0x0F, 0x00, 0x3C, 0x00, 0x00, 0x00, 0x1C, 0x00,
    0x78, 0x01, 0xF0, 0x07, 0xFF, 0xFF, 0xFF, 0xDF, 0xFF, 0x9F, 0x0F, 0x1E, 0x1E, 0x1C, 0x3C, 0x00,
    0x78, 0x00, 0xF0, 0x01, 0xE0, 0x03, 0xC0, 0x07, 0x80, 0x0F, 0x00, 0x1E, 0x00, 0x80, 0x01, 0x80,
    0x03, 0x80, 0x07, 0x8F, 0xFF, 0xDF, 0xFF, 0xFF, 0xFF, 0x78, 0x7C, 0xF0, 0xE1, 0xE1, 0x83, 0xC2,
    0x07, 0x80, 0x0F, 0x00, 0x1E, 0x00, 0x3C, 0x00, 0x78, 0x00, 0xE0, 0x00, 0xF0, 0x01, 0xE0, 0x03,
    0xC0, 0x07, 0x80, 0x0F, 0x00, 0x1E, 0x00, 0x3C, 0x20, 0x78, 0x60, 0xF0, 0xE1, 0xE1, 0xF3, 0xFF,
    0xF7, 0xFF, 0xFF, 0xFF, 0xC0, 0x1F, 0x00, 0x38, 0x00, 0x60, 0x00, 0x80, 0xFF, 0xF1, 0xFF, 0xE3,
    0xFF, 0xC0, 0x07, 0x80, 0x0F, 0x00, 0x1E, 0x00, 0x3C, 0x00, 0x78, 0x00, 0xF0, 0x01, 0xE0, 0x03,
    0xC0, 0x07, 0x80, 0x7F, 0xE0, 0x7F, 0x80, 0x7E, 0x00, 0x78, 0x00, 0xF0, 0x00, 0xC0, 0x00, 0x1E,
    0x00, 0x3C, 0x00, 0x78, 0x00, 0xF0, 0x01, 0xE0, 0x03, 0xC0, 0x07, 0x87, 0x0F, 0x1E, 0x1E, 0x7C,
    0x3D, 0xFF, 0xFF, 0xFF, 0xF7, 0xFF, 0xE7, 0xC0, 0x07, 0x80, 0x03, 0x00, 0x00, 0x00, 0xE0, 0x01,
    0xC3, 0x03, 0x8E, 0x07, 0x3C, 0x0E, 0xFF, 0xFF, 0xFF, 0xFB, 0xFF, 0xF3, 0xC0, 0xE3, 0x81, 0xC3,
    0x03, 0x00, 0x00, 0x00, 0x0E, 0x04, 0x1C, 0x0E, 0x38, 0x1E, 0x7F, 0xFE, 0xFF, 0xFF, 0xFF, 0xFB,
    0x81, 0xE7, 0x03, 0x8E, 0x06, 0x1C, 0x00, 0x38, 0x00, 0x00, 0x00, 0x00, 0xC0, 0x00, 0x07, 0x80,
    0x00, 0x3F, 0x00, 0x01, 0xFE, 0x00, 0x0F, 0x3C, 0x00, 0x78, 0x78, 0x03, 0xC0, 0xF0, 0x1E, 0x01,
    0xF0, 0xFE, 0x1F, 0xEF, 0xF8, 0x7F, 0xC0, 0xE1, 0xC0, 0x03, 0x87, 0x00, 0x0E, 0x1C, 0x00, 0x38,
    0x70, 0x00, 0xE1, 0xC0, 0x03, 0xFF, 0x00, 0x0F, 0xFC, 0x00, 0x3F, 0xF0, 0x00, 0x10, 0x00, 0xFC,
    0x03, 0xF8, 0x0F, 0xF8, 0x07, 0xE0, 0x07, 0xC0, 0x07, 0x87, 0xFE, 0x3F, 0xF9, 0xFF, 0xE7, 0x87,
    0x9E, 0x1F, 0x78, 0x7D, 0xE1, 0xE7, 0x87, 0x9E, 0x1E, 0x7F, 0xF0, 0xFF, 0xC0, 0xFC, 0x00, 0x03,
    0xE0, 0x07, 0xE0, 0x07, 0xE0, 0x07, 0xF0, 0x0F, 0xF0, 0x0F, 0x78, 0x1E, 0x78, 0x1E, 0x78, 0x1E,
    0x3C, 0x3C, 0x3C, 0x3C, 0x1E, 0x78, 0x1E, 0x78, 0x1E, 0xF8, 0x0F, 0xFF, 0xFF, 0xFF, 0xFF, 0xFF,
    0xFF, 0xFF, 0xFF, 0x7F, 0xFF, 0x7F, 0xFF, 0xFF, 0xFF, 0xFF, 0xFF, 0xF1, 0xE3, 0xC0, 0xF1, 0xE0,
    0x78, 0xF0, 0x3C, 0x78, 0x1E, 0x3C, 0x0F, 0x1E, 0x07, 0x8F, 0x03, 0xC7, 0x81, 0xE3, 0xC0, 0xF1,
    0xE0, 0x78, 0xF0, 0x3C, 0x78, 0x1E, 0x3C, 0x0F, 0x1E, 0x07, 0x8F, 0x03, 0xC7, 0x81, 0xE3, 0xC0,
    0xF1, 0xE0, 0x78, 0xF0, 0xFF, 0xFF, 0xFF, 0xFF, 0xFF, 0xFF, 0xF7, 0xC0, 0x3E, 0x00, 0xF8, 0x03,
    0xE0, 0x1F, 0x00, 0xFC, 0x07, 0xC0, 0x7C, 0x07, 0xE0, 0x3E, 0x03, 0xFF, 0xFF, 0xFF, 0xFF, 0xFF,
    0xFF, 0xC0, 0xFF, 0xFF, 0xFF, 0xFF, 0xF0, 0x00, 0x00, 0x00, 0x1F, 0xF0, 0x07, 0xFC, 0x01, 0xFF,
    0x00, 0x78, 0x00, 0x1E, 0x00, 0x0F, 0x80, 0x03, 0xC0, 0x00, 0xF0, 0x00, 0x3C, 0x0F, 0x8F, 0x01,
    0xE7, 0xC0, 0x79, 0xE0, 0x1E, 0x78, 0x07, 0xDE, 0x00, 0xF7, 0x80, 0x3F, 0xE0, 0x0F, 0xF0, 0x03,
    0xFC, 0x00, 0x7F, 0x00, 0x1F, 0xC0, 0x07, 0xF0, 0x01, 0xF8, 0x00, 0x3F, 0x1F, 0x87, 0xFB, 0xFC,
    0xFF, 0xFF, 0xEF, 0x3F, 0x9E, 0xF0, 0xE1, 0xEF, 0x3F, 0x9E, 0xFF, 0xFF, 0xE7, 0xFB, 0xFC, 0x3F,
    0x1F, 0x80, 0x00, 0x00, 0x7C, 0x1F, 0x83, 0xF0, 0xF8, 0x1F, 0x03, 0xC0, 0x78, 0x0F, 0x01, 0xE0,
    0x3C, 0x0F, 0x81, 0xF0, 0x3E, 0x07, 0x80, 0xF0, 0x1E, 0x03, 0xC0, 0xF8, 0x7F, 0x0F, 0xC1, 0xF0,
    0x00, 0xFF, 0xFF, 0xF0, 0x00, 0x00, 0xFF, 0xFF, 0xF0, 0x3C, 0xE7, 0xFE, 0xFF, 0xEF, 0xFE, 0xE7,
    0xC0, 0x00, 0x3C, 0xE7, 0xFE, 0xFF, 0xEF, 0xFE, 0xE7, 0xC0, 0x03, 0xC0, 0x78, 0xFF, 0xFF, 0xFF,
    0xFF, 0xF0, 0xF0, 0x0F, 0x00, 0xE0, 0xFF, 0xFF, 0xFF, 0xFF, 0xF1, 0xC0, 0x3C, 0x03, 0xC0, 0x00,
    0x30, 0x1F, 0x0F, 0xF7, 0xFF, 0xFF, 0xCF, 0xC0, 0xFC, 0x0F, 0xF8, 0x7F, 0xF0, 0xFF, 0x01, 0xF0,
    0x03, 0xFF, 0xFF, 0xFF, 0xFF, 0xF0, 0xC0, 0x0F, 0x80, 0xFF, 0x0F, 0xFE, 0x3F, 0xF0, 0x3F, 0x03,
    0xF1, 0xFF, 0xFF, 0xEF, 0xF0, 0xF8, 0x0C, 0x00, 0xFF, 0xFF, 0xFF, 0xFF, 0xF0, 0x60, 0xF0, 0xF8,
    0x7C, 0x3E, 0x1F, 0x0E, 0x04, 0x08, 0x1F, 0x9F, 0xCC, 0x76, 0x1B, 0x0D, 0xCE, 0x7E, 0x1E, 0x00,
    0x00, 0x00, 0x00, 0xFF, 0xFF, 0xFE, 0xFF, 0xFF, 0xFE, 0xFF, 0xFF, 0xFE, 0x00, 0x70, 0x00, 0x00,
    0xE0, 0x00, 0x01, 0xC0, 0x00, 0x03, 0x80, 0x00, 0x07, 0x00, 0x00, 0x0E, 0x00, 0x00, 0x1C, 0x00,
    0x00, 0x3F, 0xFC, 0x00, 0x7F, 0xF8, 0x00, 0xFF, 0xF0, 0x01, 0xE0, 0x00, 0x03, 0x80, 0x00, 0x07,
    0x00, 0x00, 0x0E, 0x00, 0x00, 0x1C, 0x00, 0x00, 0x38, 0x00, 0x00, 0x70, 0x00, 0x00, 0xE0, 0x00,
    0x01, 0xC0, 0x07, 0xFF, 0xFF, 0xFF, 0xFF, 0xFF, 0xFF, 0xFF, 0xFF, 0xC0, 0xFF, 0xFF, 0xFF, 0xFF,
    0xFF, 0xFF, 0xFF, 0xFF, 0xFB, 0xFF, 0xFF, 0xE0, 0x07, 0x80, 0x00, 0x0F, 0x00, 0x00, 0x1E, 0x00,
    0x00, 0x3F, 0x00, 0x00, 0x7F, 0x00, 0x00, 0xFF, 0x80, 0x01, 0xFF, 0xC0, 0x03, 0xCF, 0xC0, 0x07,
    0x87, 0xC0, 0x0F, 0x07, 0x00, 0x1E, 0x00, 0x00, 0x3C, 0x00, 0x00, 0x78, 0x00, 0x00, 0xF0, 0x00,
    0x01, 0xE0, 0x00, 0x03, 0xC0, 0x00, 0x07, 0x80, 0x00, 0x0F, 0x00, 0x00, 0x00, 0x00, 0x00, 0x7F,
    0xFF, 0xFF, 0x3F, 0xFF, 0xFF, 0x9F, 0xFF, 0xFF, 0xC7, 0xFF, 0xFF, 0xC0, 0x01, 0xE0, 0x00, 0x01,
    0xE0, 0x00, 0x01, 0xF0, 0x00, 0x01, 0xFF, 0x00, 0x01, 0xFF, 0xE0, 0x01, 0xFE, 0xF8, 0x01, 0xF7,
    0x3E, 0x01, 0xF3, 0x8F, 0x83, 0xF1, 0xC3, 0xF3, 0xF0, 0xE0, 0xF9, 0xE0, 0x70, 0x1C, 0x60, 0x38,
    0x04, 0x00, 0x1C, 0x00, 0x00, 0x0E, 0x00, 0x00, 0x07, 0x00, 0x00, 0x03, 0x80, 0x00, 0x01, 0xC0,
    0x00, 0x00, 0xE0, 0x00, 0x00, 0x00, 0x00, 0x07, 0x00, 0x00, 0x1C, 0x00, 0x00, 0x70, 0x00, 0x03,
    0xFF, 0xFE, 0x0F, 0xFF, 0xF8, 0x3F, 0xFF, 0xE0, 0xE0, 0x00, 0x03, 0x80, 0x00, 0x1E, 0x00, 0x00,
    0x7F, 0xFF, 0xF1, 0xFF, 0xFF, 0xC7, 0xFF, 0xFF, 0x00, 0x00, 0x3C, 0x00, 0x00, 0xFF, 0xFF, 0xF3,
    0xBF, 0xFF, 0xCE, 0xFF, 0xFF, 0x39, 0xFF, 0xFC, 0xE0, 0x00, 0x07, 0x80, 0x00, 0x1C, 0x00, 0x1F,
    0xF0, 0x00, 0x7F, 0xC0, 0x01, 0xFE, 0x00, 0x0F, 0xFF, 0xF0, 0x1F, 0xFF, 0xE0, 0x3F, 0xFF, 0xC0,
    0x70, 0x07, 0x80, 0xE0, 0x0F, 0x01, 0xC0, 0x1E, 0x03, 0xFF, 0xFC, 0x07, 0xFF, 0xF8, 0x0F, 0xFF,
    0xF0, 0x1C, 0x01, 0xE0, 0x38, 0x03, 0xC0, 0x70, 0x07, 0x80, 0xFF, 0xFF, 0x01, 0xFF, 0xFE, 0x03,
    0xFF, 0xFC, 0x07, 0x00, 0x78, 0x0E, 0x00, 0xF0, 0x1C, 0x01, 0xE3, 0xFF, 0xFF, 0xFF, 0xFF, 0xFF,
    0xFF, 0xFF, 0xFF, 0xE0, 0x00, 0x00, 0x00, 0x00, 0x03, 0xF0, 0x7F, 0xFF, 0xF0, 0xFF, 0xFF, 0xE1,
    0xFF, 0xE0, 0x00, 0x03, 0x80, 0x00, 0x07, 0x00, 0x0F, 0xFF, 0xFE, 0x1F, 0xFF, 0xFC, 0x3F, 0xFF,
    0xF8, 0x00, 0x70, 0x00, 0x00, 0xE0, 0x07, 0xFF, 0xFF, 0xFF, 0xFF, 0xFF, 0xFF, 0xFF, 0xFF, 0xC0,
    0x78, 0x20, 0x01, 0xE0, 0xE0, 0x07, 0x81, 0xE0, 0x1E, 0x01, 0xE0, 0x78, 0x7F, 0xC1, 0xFF, 0xFF,
    0xC3, 0xFF, 0xFF, 0xC7, 0xFC, 0x03, 0x80, 0x00, 0x07, 0x00, 0xFF, 0xFF, 0xFF, 0xFF, 0xFF, 0xFF,
    0xFF, 0xFF, 0xF8, 0x0E, 0x38, 0x00, 0x1C, 0x70, 0x07, 0xFF, 0xFF, 0x1F, 0xFF, 0xFF, 0x3F, 0xFF,
    0xFE, 0x7F, 0xFF, 0xFC, 0xE3, 0x8E, 0x39, 0xCF, 0x1C, 0x73, 0x9F, 0x3C, 0xE7, 0x3E, 0xFD, 0xCE,
    0x7F, 0xFF, 0x9D, 0xFF, 0xBF, 0x3B, 0x9F, 0x7E, 0x7F, 0x3C, 0x7C, 0xFC, 0x70, 0x39, 0xD0, 0x60,
    0x73, 0x80, 0x0F, 0xE7, 0x00, 0x1F, 0xCE, 0x00, 0x3F, 0x0C, 0x00, 0x30, 0x00, 0x00, 0x00, 0x00,
    0x00, 0x07, 0x00, 0x00, 0x07, 0x80, 0x00, 0x07, 0xC0, 0x00, 0x07, 0xF0, 0x00, 0x07, 0xFC, 0x00,
    0x07, 0xDF, 0x00, 0x0F, 0xC3, 0xE0, 0x0F, 0xDC, 0xFC, 0x1F, 0x8E, 0x3F, 0x1F, 0x87, 0x0F, 0xEF,
    0x03, 0x81, 0xE3, 0x01, 0xC0, 0x60, 0x00, 0xE0, 0x00, 0x00, 0x70, 0x00, 0x00, 0x38, 0x00, 0x00,
    0x1C, 0x00, 0x00, 0x0E, 0x00, 0x00, 0x07, 0x00, 0x00, 0x03, 0x80, 0x00, 0x01, 0xC0, 0x00, 0x00,
    0xE0, 0x00, 0x00, 0x70, 0x00, 0x00, 0x38, 0x00, 0x00, 0x00, 0x00, 0x00, 0x00, 0x60, 0x00, 0x03,
    0x80, 0x00, 0x1C, 0x00, 0x00, 0xE0, 0x00, 0x07, 0x00, 0x7F, 0xFF, 0xFF, 0xFF, 0xFF, 0xFF, 0xFF,
    0xFF, 0xE0, 0x70, 0x3F, 0x03, 0x81, 0xF8, 0x1C, 0x0F, 0xC0, 0xE0, 0x7E, 0x07, 0x03, 0xFF, 0xFF,
    0xFF, 0xFF, 0xFF, 0xFF, 0xFF, 0xFF, 0xFF, 0xFF, 0xFF, 0x03, 0x81, 0xC0, 0x1C, 0x00, 0x00, 0xE0,
    0x00, 0x07, 0x00, 0x00, 0x38, 0x00, 0x01, 0xC0, 0x00, 0x0E, 0x00, 0x00, 0x00, 0x00, 0x00, 0x20,
    0x00, 0x03, 0x80, 0x00, 0x1C, 0x00, 0xFF, 0xFF, 0xE7, 0xFF, 0xFF, 0x3F, 0xFF, 0xF9, 0xC1, 0xC3,
    0xCE, 0x0E, 0x1E, 0x7F, 0xFF, 0xF3, 0xFF, 0xFF, 0x9F, 0xFF, 0xFC, 0x00, 0xE0, 0x0F, 0xFF, 0xFF,
    0xFF, 0xFF, 0xFF, 0xFF, 0xFF, 0xFC, 0x0E, 0x07, 0xE0, 0x70, 0x3F, 0x83, 0x81, 0xFF, 0xFF, 0xFF,
    0xFF, 0xFF, 0xFF, 0xFF, 0xFF, 0xB0, 0x38, 0x18, 0x01, 0xC0, 0x00, 0x0E, 0x00, 0x00, 0x20, 0x00,
    0x00, 0x00, 0x00, 0x21, 0xC0, 0x01, 0xC7, 0x00, 0x07, 0x9C, 0x00, 0x0E, 0x70, 0x00, 0x3F, 0xC0,
    0x07, 0xFF, 0xFF, 0xDF, 0xFF, 0xFF, 0x7F, 0xFF, 0xFD, 0xFF, 0xFF, 0xF0, 0x0E, 0x01, 0xC0, 0x38,
    0x07, 0x01, 0xFC, 0x3C, 0x07, 0xF8, 0xF0, 0x1C, 0xF3, 0xC0, 0xF1, 0xCF, 0x07, 0x87, 0xBC, 0x1E,
    0x0C, 0xF0, 0xF0, 0x03, 0x87, 0x80, 0x0E, 0x3E, 0x00, 0x3B, 0xF0, 0x1F, 0xE7, 0x80, 0x7F, 0x08,
    0x01, 0xFC, 0x00, 0x00, 0x00, 0x00, 0xC0, 0x00, 0x03, 0xE0, 0x00, 0x03, 0xE0, 0x00, 0x03, 0xE0,
    0x07, 0xFF, 0xFF, 0x1F, 0xFF, 0xFF, 0x3F, 0xFF, 0xFE, 0x00, 0x38, 0x00, 0x00, 0x70, 0x00, 0x00,
    0xE0, 0x00, 0x01, 0xC0, 0x00, 0x03, 0x80, 0x07, 0xFF, 0xFF, 0x0F, 0xFF, 0xFE, 0x0F, 0xFF, 0xFC,
    0x00, 0x38, 0x00, 0x00, 0x70, 0x00, 0x00, 0xE0, 0x00, 0x01, 0xC0, 0x00, 0x03, 0x80, 0x1F, 0xFF,
    0xFF, 0xFF, 0xFF, 0xFF, 0xFF, 0xFF, 0xFF, 0x00, 0x00, 0x00, 0x00, 0x1C, 0x00, 0x00, 0x0E, 0x00,
    0x00, 0x07, 0x83, 0x81, 0xC1, 0xC1, 0xC0, 0xF0, 0xF1, 0xE0, 0x38, 0x38, 0xE0, 0x1E, 0x18, 0xF0,
    0x07, 0x00, 0x70, 0x03, 0xC0, 0x78, 0x00, 0xE0, 0x38, 0x00, 0x78, 0x3C, 0x00, 0x1E, 0x3C, 0x00,
    0x07, 0x9E, 0x00, 0x03, 0xFE, 0x00, 0x00, 0xFE, 0x00, 0x00, 0x3E, 0x00, 0x00, 0x3F, 0x80, 0x00,
    0x3F, 0xE0, 0x00, 0x7E, 0xFC, 0x00, 0xFC, 0x1F, 0x83, 0xFC, 0x07, 0xF9, 0xF8, 0x00, 0xFC, 0xF0,
    0x00, 0x1C, 0x00, 0x00, 0x00, 0x00, 0x00, 0x10, 0x00, 0x00, 0x70, 0x00, 0x00, 0x78, 0x00, 0x00,
    0x3C, 0x00, 0x00, 0x3C, 0x00, 0x7F, 0xFF, 0xF0, 0x7F, 0xFF, 0xF8, 0x7F, 0xFF, 0xF8, 0x00, 0x00,
    0xF0, 0x00, 0x01, 0xF0, 0x00, 0x03, 0xE0, 0x00, 0x07, 0xC0, 0x00, 0x0F, 0x80, 0x00, 0x1F, 0x00,
    0x00, 0x3E, 0x00, 0x00, 0x7C, 0x00, 0x01, 0xF8, 0x00, 0x03, 0xE0, 0x00, 0x1F, 0xC0, 0x00, 0x3F,
    0x80, 0x00, 0x7F, 0xE0, 0x0E, 0xF3, 0xFF, 0xFE, 0xE1, 0xFF, 0xFE, 0x60, 0x3F, 0xFE, 0x7F, 0xFF,
    0xFF, 0xFF, 0xFF, 0xFF, 0xFF, 0xFE, 0x00, 0x00, 0x70, 0x40, 0x03, 0x87, 0x00, 0x1C, 0x3E, 0x00,
    0xE0, 0xF8, 0x07, 0x03, 0xE0, 0x78, 0x0F, 0x83, 0xC0, 0x18, 0x1E, 0x00, 0x06, 0xF0, 0x01, 0xF7,
    0x80, 0x7F, 0xBC, 0x1F, 0xF1, 0xC7, 0xFE, 0x0E, 0xFF, 0x80, 0x77, 0xE0, 0x03, 0x98, 0x00, 0x1C,
    0x00, 0x3F, 0xE0, 0x00, 0xFE, 0x00, 0x07, 0xE0, 0x00, 0x00, 0x00, 0x00, 0xE0, 0x40, 0x01, 0xC1,
    0xC0, 0x03, 0x83, 0xE0, 0x07, 0x03, 0xE7, 0xFF, 0xFF, 0xCF, 0xFF, 0xFD, 0x1F, 0xFF, 0xF8, 0x00,
    0x70, 0xF0, 0x00, 0xE1, 0xE0, 0x01, 0xC3, 0xC0, 0x03, 0x87, 0xCF, 0xFF, 0xFF, 0xFF, 0xFF, 0xFF,
    0xDF, 0xFF, 0xFF, 0x80, 0x38, 0x07, 0x00, 0x70, 0x0E, 0x00, 0xE0, 0x3C, 0x01, 0xC0, 0x70, 0x03,
    0x9F, 0xE0, 0x07, 0x3F, 0xC0, 0x0E, 0x3F, 0x00, 0x1C, 0x00, 0x00, 0x38, 0x00, 0x00, 0x00, 0x00,
    0x3F, 0xFF, 0xF8, 0x7F, 0xFF, 0xF0, 0xFF, 0xFF, 0xE0, 0xFF, 0xFF, 0x80, 0x00, 0x00, 0x00, 0x00,
    0x00, 0x00, 0x00, 0x00, 0x00, 0x00, 0x00, 0x00, 0x00, 0x00, 0x00, 0x00, 0x00, 0x00, 0x00, 0x00,
    0x00, 0x00, 0x00, 0x00, 0x00, 0x00, 0x00, 0x00, 0x00, 0x00, 0x00, 0x7F, 0xFF, 0xFF, 0xFF, 0xFF,
    0xFF, 0xFF, 0xFF, 0xFC, 0x3F, 0xFF, 0xF8, 0x7F, 0xFF, 0xF0, 0xFF, 0xFF, 0xE0, 0x01, 0xC0, 0x00,
    0x03, 0x80, 0x00, 0x07, 0x00, 0x00, 0x0E, 0x00, 0x00, 0x1C, 0x00, 0xFF, 0xFF, 0xFF, 0xFF, 0xFF,
    0xFF, 0xFF, 0xFF, 0xFB, 0xFF, 0xFF, 0xE0, 0x03, 0x80, 0x00, 0x07, 0x00, 0x00, 0x0E, 0x00, 0x00,
    0x1C, 0x00, 0x00, 0x38, 0x00, 0x00, 0x70, 0x00, 0x00, 0xE0, 0x00, 0x3F, 0xC0, 0x00, 0x7F, 0x80,
    0x00, 0x7E, 0x00, 0x00, 0x7F, 0xFF, 0xFE, 0xFF, 0xFF, 0xFD, 0xFF, 0xFF, 0xF0, 0x1C, 0x00, 0x00,
    0x38, 0x00, 0x00, 0xF0, 0x00, 0x01, 0xFF, 0xF8, 0x03, 0xFF, 0xF0, 0x07, 0xFF, 0xE0, 0x0E, 0x03,
    0xC0, 0x3C, 0x07, 0x80, 0x78, 0x0E, 0x00, 0xE0, 0x1C, 0x01, 0xFF, 0xF8, 0x07, 0xFF, 0xF0, 0x0F,
    0xFF, 0xE0, 0x00, 0x03, 0xC0, 0x00, 0x07, 0x80, 0x00, 0x0E, 0x07, 0xFF, 0xFF, 0xFF, 0xFF, 0xFF,
    0xFF, 0xFF, 0xFF, 0xC0, 0x00, 0x10, 0x00, 0x00, 0xE0, 0x00, 0x01, 0xE0, 0x00, 0x01, 0xE0, 0x0F,
    0xFF, 0xFF, 0xFF, 0xFF, 0xFF, 0xFF, 0xFF, 0xFF, 0x81, 0xC0, 0xC0, 0x07, 0x83, 0xE0, 0x1E, 0x03,
    0xE0, 0xF8, 0x03, 0xE3, 0xE8, 0x0D, 0xE7, 0xB8, 0x3D, 0xE4, 0x70, 0x71, 0x80, 0x71, 0xE0, 0x00,
    0xF7, 0x80, 0x00, 0xFE, 0x00, 0x00, 0xFC, 0x00, 0x01, 0xF0, 0x00, 0x0F, 0xF8, 0x00, 0xFE, 0xFE,
    0x0F, 0xF0, 0x7F, 0xFF, 0x80, 0x7F, 0xBC, 0x00, 0x1E, 0x00, 0x00, 0x00, 0x00, 0x10, 0x00, 0x00,
    0xF0, 0x00, 0x00, 0xE0, 0x07, 0xFF, 0xFF, 0xFF, 0xFF, 0xFF, 0xE0, 0x00, 0x00, 0x03, 0xFF, 0xFC,
    0x0F, 0xFF, 0xF8, 0x1E, 0x00, 0xF0, 0x3F, 0xFF, 0xE0, 0x7F, 0xFF, 0xC0, 0x7F, 0xFF, 0x07, 0xFF,
    0xFF, 0xDF, 0xFF, 0xFF, 0xFF, 0xFF, 0xFF, 0xF0, 0x00, 0x0F, 0xE3, 0xFF, 0x9E, 0xC7, 0xFF, 0x18,
    0x1E, 0x0E, 0x00, 0x3C, 0x1C, 0x70, 0xF0, 0x38, 0xEF, 0xE0, 0x7F, 0xFF, 0x80, 0xFF, 0xBC, 0x00,
    0xFE, 0x00, 0x00, 0x00, 0x00, 0x00, 0x00, 0x00, 0x0E, 0x00, 0x00, 0x07, 0x00, 0x00, 0x03, 0x80,
    0x00, 0x03, 0xC0, 0x00, 0x01, 0xE0, 0x00, 0x00, 0xF0, 0x00, 0x00, 0x78, 0x00, 0x00, 0x3E, 0x00,
    0x00, 0x1F, 0x00, 0x00, 0x0F, 0x80, 0x00, 0x0F, 0xE0, 0x00, 0x07, 0xF0, 0x00, 0x07, 0xB8, 0x00,
    0x03, 0xDE, 0x00, 0x03, 0xC7, 0x00, 0x01, 0xE3, 0xC0, 0x01, 0xE0, 0xF0, 0x01, 0xE0, 0x3C, 0x01,
    0xF0, 0x1F, 0x01, 0xF0, 0x07, 0xE3, 0xF0, 0x01, 0xF9, 0xF0, 0x00, 0x3C, 0x60, 0x00, 0x0C, 0x00,
    0x00, 0x00, 0x00, 0x03, 0x80, 0x00, 0x01, 0xC0, 0x00, 0x00, 0xFF, 0xFF, 0x80, 0xFF, 0xFF, 0xC0,
    0xF7, 0xFF, 0xE0, 0x79, 0xC0, 0x70, 0x78, 0xE0, 0x38, 0x7C, 0x70, 0x38, 0x3E, 0x1C, 0x1C, 0x3F,
    0x0E, 0x0E, 0x3F, 0x87, 0x0E, 0x0D, 0xC1, 0xC7, 0x00, 0xE0, 0xE7, 0x80, 0x70, 0x7F, 0x80, 0x38,
    0x1F, 0x80, 0x1C, 0x07, 0xC0, 0x0E, 0x03, 0xC0, 0x07, 0x03, 0xF0, 0x03, 0x83, 0xFC, 0x01, 0xC7,
    0xCF, 0x80, 0xEF, 0xC3, 0xF0, 0x7F, 0xC0, 0xF8, 0x3B, 0x80, 0x1C, 0x00, 0x00, 0x00, 0x00, 0x08,
    0x00, 0x00, 0x0F, 0x00, 0x00, 0x0F, 0x80, 0x00, 0x0F, 0xE0, 0x00, 0x0F, 0xF8, 0x00, 0x0F, 0xBE,
    0x00, 0x0F, 0x8F, 0xC0, 0x1F, 0xA3, 0xF0, 0x3F, 0xB8, 0x7E, 0x3F, 0x1F, 0x1F, 0x9F, 0x07, 0xC7,
    0xC6, 0x01, 0xE0, 0xC0, 0x00, 0x70, 0x00, 0x7F, 0xFF, 0xE0, 0x3F, 0xFF, 0xF0, 0x1F, 0xFF, 0xF0,
    0x00, 0x00, 0xF0, 0x00, 0x00, 0xF8, 0x00, 0x00, 0x78, 0x00, 0x00, 0x78, 0x00, 0x00, 0x78, 0x00,
    0x00, 0x78, 0x00, 0x00, 0x7C, 0x00, 0x00, 0x3C, 0x00, 0x00, 0x00, 0x00, 0x00, 0x03, 0x80, 0xE0,
    0x01, 0xC0, 0xF0, 0x00, 0xE0, 0x78, 0x00, 0x70, 0x3C, 0x00, 0x38, 0x1E, 0x00, 0x1C, 0x0E, 0x00,
    0x1E, 0x07, 0x00, 0x0F, 0x03, 0x80, 0x07, 0x81, 0xC0, 0x03, 0xE0, 0xE0, 0x01, 0xF0, 0xF8, 0x00,
    0xFC, 0x7C, 0x00, 0x7F, 0x3E, 0x00, 0x7B, 0x9F, 0x80, 0x39, 0xFF, 0xC0, 0x1C, 0x7F, 0xF0, 0x1E,
    0x17, 0x38, 0x0F, 0x07, 0x9E, 0x0F, 0x07, 0x87, 0x87, 0x83, 0xC3, 0xE7, 0x83, 0xC0, 0xF3, 0xC3,
    0xC0, 0x38, 0xC0, 0x60, 0x08, 0x00, 0x00, 0x00, 0x01, 0xC0, 0xE0, 0x01, 0xE0, 0x70, 0x00, 0xE7,
    0x38, 0x00, 0xF7, 0x9C, 0x00, 0x73, 0xCE, 0x70, 0x79, 0xE7, 0xFC, 0x7C, 0xF3, 0xFE, 0x3E, 0x7F,
    0xFF, 0x3F, 0x3F, 0xE7, 0xBF, 0xFF, 0xF3, 0xCF, 0xFF, 0x39, 0xE7, 0xFF, 0x9C, 0xE0, 0xF3, 0xCE,
    0x70, 0x79, 0xE7, 0xF8, 0x3C, 0xF3, 0xFC, 0x1E, 0x79, 0xFE, 0x0F, 0x3C, 0xE0, 0x07, 0x9E, 0x70,
    0xC3, 0xCF, 0x00, 0xF1, 0xE3, 0x80, 0x70, 0xF1, 0xFF, 0xF8, 0x78, 0xFF, 0xFC, 0x3C, 0x3F, 0xFC,
    0x00, 0x00, 0x00, 0x00, 0x00, 0x00, 0x00, 0x60, 0x01, 0xE1, 0xE3, 0x03, 0xC3, 0xCF, 0x07, 0x87,
    0x9E, 0x0E, 0x0F, 0x1E, 0x1C, 0x1E, 0x1E, 0x38, 0x3C, 0x3C, 0x70, 0x78, 0x38, 0xE0, 0xF0, 0x03,
    0xC1, 0xE0, 0x07, 0x83, 0xC0, 0x0E, 0x07, 0x80, 0x1C, 0x0F, 0x08, 0x78, 0x1E, 0x70, 0xE0, 0x3F,
    0xF3, 0xE0, 0x7F, 0xC7, 0xE0, 0xFE, 0x1F, 0xC3, 0xF0, 0x7B, 0xC7, 0x83, 0xE3, 0xC4, 0x1F, 0x83,
    0xC0, 0x3E, 0x03, 0x80, 0x38, 0x06, 0x00, 0x00, 0x00, 0x03, 0x81, 0xC0, 0x07, 0xBB, 0xC0, 0x07,
    0x3B, 0xC0, 0x0F, 0x3B, 0xC0, 0x0E, 0x7F, 0xFE, 0x1E, 0x7F, 0xFE, 0x1E, 0x7F, 0xFE, 0x3E, 0xFF,
    0xFE, 0x7E, 0xE3, 0xC0, 0xFF, 0xE3, 0xC0, 0x7E, 0x43, 0xC0, 0x7E, 0x03, 0xC0, 0x1E, 0xFF, 0xFF,
    0x1E, 0xFF, 0xFF, 0x1E, 0xFF, 0xFF, 0x1E, 0x03, 0xC0, 0x1E, 0x03, 0xC0, 0x1E, 0x03, 0xC0, 0x1E,
    0x03, 0xC0, 0x1E, 0x03, 0xC0, 0x1E, 0x03, 0xC0, 0x1E, 0x03, 0xC0, 0x1E, 0x03, 0xC0, 0x00, 0x01,
    0x80, 0x00, 0x00, 0x00, 0x01, 0xE0, 0x06, 0x00, 0xE0, 0x3F, 0x80, 0xF7, 0xFF, 0xC0, 0x7F, 0xFF,
    0x80, 0x7B, 0xFE, 0x00, 0x3C, 0x07, 0x00, 0x3C, 0x03, 0x80, 0x3E, 0x01, 0xC0, 0x3F, 0x00, 0xE0,
    0x3F, 0x80, 0x70, 0x1F, 0xDF, 0xFF, 0xE6, 0xFF, 0xFF, 0xF0, 0x7F, 0xFF, 0xF8, 0x38, 0x07, 0x00,
    0x1C, 0x03, 0x80, 0x0E, 0x01, 0xC0, 0x07, 0x00, 0xE0, 0x03, 0x80, 0x70, 0x01, 0xC0, 0x38, 0x00,
    0xE7, 0xFF, 0xF0, 0x77, 0xFF, 0xF8, 0x3B, 0xFF, 0xFC, 0x1C, 0xFF, 0xFE, 0x00, 0x00, 0x00, 0x00,
    0x03, 0x83, 0x80, 0x01, 0xE1, 0xC0, 0x01, 0xE0, 0xE0, 0x00, 0xF0, 0x70, 0x00, 0xF0, 0x38, 0x00,
    0x78, 0x1C, 0x00, 0x7F, 0xFF, 0xFC, 0x7F, 0xFF, 0xFE, 0x7E, 0xFF, 0xFF, 0x7F, 0x03, 0xF0, 0x3F,
    0x83, 0xFC, 0x0D, 0xC1, 0xFE, 0x00, 0xE1, 0xFF, 0x80, 0x71, 0xFD, 0xC0, 0x38, 0xFE, 0xF0, 0x1C,
    0xF7, 0x3C, 0x0E, 0xF3, 0x9F, 0x07, 0xF9, 0xC7, 0xC3, 0xF8, 0xE1, 0xE1, 0xD8, 0x70, 0x60, 0xE0,
    0x38, 0x00, 0x70, 0x1C, 0x00, 0x38, 0x0E, 0x00, 0x00, 0x03, 0x00, 0x03, 0x83, 0x80, 0x07, 0x87,
    0x80, 0x07, 0x7F, 0xFE, 0x0F, 0xFF, 0xFE, 0x0E, 0xFF, 0xFE, 0x1E, 0x0E, 0x00, 0x1C, 0x0E, 0x00,
    0x3D, 0xFF, 0xFF, 0x7D, 0xFF, 0xFF, 0xFD, 0xFF, 0xFF, 0xFC, 0x1C, 0x00, 0x7C, 0x1C, 0x00, 0x1C,
    0x3F, 0xFE, 0x1C, 0x3F, 0xFE, 0x1C, 0x3F, 0xFC, 0x1C, 0x00, 0x78, 0x1C, 0x04, 0xF0, 0x1C, 0x0F,
    0xE0, 0x1C, 0x0F, 0xC0, 0x1C, 0x07, 0xC0, 0x1C, 0x01, 0xE0, 0x1C, 0x00, 0xF0, 0x1C, 0x00, 0x60,
    0x00, 0x00, 0x00, 0x00, 0x01, 0x80, 0x01, 0xC1, 0xE0, 0x01, 0xE0, 0xF0, 0x00, 0xE0, 0x78, 0x00,
    0xF0, 0x3C, 0x00, 0x70, 0x1E, 0x00, 0x7B, 0xFF, 0xFC, 0x7D, 0xFF, 0xFF, 0x3E, 0xFF, 0xFF, 0x3F,
    0x01, 0xE0, 0x3F, 0x80, 0xF0, 0x0F, 0xC0, 0x78, 0x07, 0xE0, 0x3C, 0x00, 0xF3, 0xFF, 0xF0, 0x79,
    0xFF, 0xF8, 0x3C, 0xFF, 0xFC, 0x1E, 0x70, 0x0E, 0x0F, 0x38, 0x07, 0x07, 0x9C, 0x03, 0x83, 0xCE,
    0x01, 0xC1, 0xE7, 0xFF, 0xE0, 0xF3, 0xFF, 0xF0, 0x79, 0xFF, 0xF8, 0x3C, 0xE0, 0x1C, 0x00, 0x30,
    0x00, 0x00, 0x00, 0x01, 0x80, 0x03, 0x83, 0x80, 0x03, 0x83, 0x80, 0x07, 0x83, 0xC0, 0x07, 0x01,
    0xC0, 0x0F, 0x7F, 0xFE, 0x0E, 0x7F, 0xFE, 0x1E, 0x7F, 0xFE, 0x3E, 0x00, 0x18, 0x7E, 0x38, 0x1C,
    0x7E, 0x1C, 0x1C, 0x7E, 0x1C, 0x3C, 0x6E, 0x1C, 0x38, 0x0E, 0x1C, 0x38, 0x0E, 0x1C, 0x38, 0x0E,
    0x1E, 0x38, 0x0E, 0x0E, 0x38, 0x0E, 0x0E, 0x70, 0x0E, 0x0E, 0x70, 0x0E, 0x0E, 0x70, 0x0E, 0xFF,
    0xFF, 0x0E, 0xFF, 0xFF, 0x0E, 0xFF, 0xFF, 0x0E, 0x00, 0x00, 0x00, 0x00, 0x00, 0x07, 0x03, 0x80,
    0x03, 0x81, 0xC0, 0x03, 0xC0, 0xE0, 0x01, 0xE0, 0x70, 0x01, 0xFF, 0xFF, 0xF0, 0xFF, 0xFF, 0xF8,
    0xF7, 0xFF, 0xFC, 0x78, 0x1F, 0xC0, 0x7C, 0x0F, 0xE0, 0x7E, 0x07, 0xF8, 0x1F, 0x07, 0xFC, 0x0F,
    0x83, 0xFF, 0x01, 0xC3, 0xBB, 0x80, 0xE3, 0xDD, 0xE0, 0x71, 0xCE, 0x78, 0x39, 0xE7, 0x3C, 0x1D,
    0xFF, 0xFF, 0x0F, 0xFF, 0xFF, 0xC7, 0x6F, 0xFE, 0xC3, 0x80, 0x70, 0x01, 0xC0, 0x38, 0x00, 0xE0,
    0x1C, 0x00, 0x70, 0x0E, 0x00, 0x00, 0x00, 0x00, 0x00, 0x08, 0x00, 0x00, 0x0F, 0x00, 0x00, 0x0F,
    0x80, 0x00, 0x0F, 0xE0, 0x00, 0x0F, 0xF8, 0x00, 0x1F, 0x1F, 0x00, 0x1F, 0x07, 0xC0, 0x3F, 0x01,
    0xF8, 0x7F, 0xFF, 0xFF, 0xFF, 0xFF, 0xFF, 0x9C, 0xFF, 0xF9, 0xC0, 0x03, 0x80, 0x00, 0x01, 0xC0,
    0x01, 0xFF, 0xFF, 0xF0, 0xFF, 0xFF, 0xF8, 0x7F, 0xFF, 0xFC, 0x00, 0x1C, 0x00, 0x03, 0xCE, 0x70,
    0x01, 0xE7, 0x3C, 0x03, 0xE3, 0x8F, 0x83, 0xE1, 0xC3, 0xE3, 0xE7, 0xE0, 0xF0, 0xE7, 0xF0, 0x38,
    0x01, 0xF8, 0x00, 0x00, 0x40, 0x00, 0x00, 0x03, 0x8E, 0x00, 0x01, 0xC7, 0x80, 0x01, 0xE3, 0x80,
    0x00, 0xE3, 0xC0, 0x00, 0xF1, 0xFF, 0xF8, 0xF1, 0xFF, 0xFC, 0x78, 0xFF, 0xFC, 0x7C, 0xF7, 0x00,
    0x7E, 0xF3, 0x80, 0x3F, 0xF1, 0xFF, 0x9F, 0xB8, 0xFF, 0xCD, 0xC8, 0x7F, 0xE0, 0xE0, 0x38, 0x00,
    0x70, 0x1C, 0x00, 0x38, 0x0E, 0x00, 0x1C, 0x07, 0xFE, 0x0E, 0x03, 0xFF, 0x07, 0x01, 0xFF, 0x83,
    0x80, 0xE0, 0x01, 0xC0, 0x70, 0x00, 0xE0, 0x38, 0x00, 0x70, 0x1C, 0x00, 0x38, 0x0E, 0x00, 0x00,
    0x02, 0x00, 0x03, 0x9C, 0x00, 0x03, 0xCE, 0x00, 0x01, 0xCF, 0x00, 0x01, 0xE7, 0x00, 0x00, 0xE3,
    0xFF, 0xF0, 0xF3, 0xFF, 0xF8, 0x71, 0xFF, 0xFC, 0x79, 0xE3, 0x8E, 0x7D, 0xE1, 0xC7, 0x7E, 0xF0,
    0xE3, 0xBF, 0x30, 0x73, 0x8F, 0x87, 0x3B, 0x81, 0xC3, 0x9D, 0xC0, 0xE1, 0xCE, 0xF0, 0x71, 0xE7,
    0x38, 0x38, 0xE3, 0x9C, 0x1C, 0x71, 0xCF, 0x0E, 0x70, 0xE3, 0x87, 0x38, 0x71, 0xC3, 0x88, 0x38,
    0xC1, 0xC0, 0xFC, 0x00, 0xE0, 0x7E, 0x00, 0x70, 0x3E, 0x00, 0x00, 0x00, 0x00, 0x00, 0x00, 0x00,
    0x01, 0xC1, 0xE0, 0x00, 0xE0, 0xF0, 0x00, 0xFF, 0xFF, 0xE0, 0xFF, 0xFF, 0xF8, 0x7F, 0xFF, 0xF8,
    0x78, 0x0F, 0x00, 0x7C, 0xFF, 0xFC, 0x3E, 0xFF, 0xFF, 0x3F, 0x7F, 0xFF, 0xBF, 0xB8, 0xF1, 0xCF,
    0xDC, 0x78, 0xE6, 0xEF, 0x3C, 0x70, 0x77, 0xFF, 0xF8, 0x3B, 0xFF, 0xFC, 0x1C, 0xC7, 0x00, 0x0E,
    0x73, 0x80, 0x07, 0x3F, 0xC0, 0x03, 0x8F, 0xE0, 0x01, 0xC3, 0xE0, 0x00, 0xE3, 0xFE, 0x00, 0x77,
    0xFF, 0xF8, 0x3F, 0xE3, 0xFC, 0x1D, 0xC0, 0x7E, 0x0C, 0x00, 0x00, 0x00, 0x00, 0x00, 0x00, 0x01,
    0xCE, 0x1C, 0x01, 0xE7, 0x0E, 0x00, 0xE3, 0x87, 0x00, 0xF1, 0xC3, 0x80, 0x70, 0xE1, 0xC0, 0x7B,
    0xFF, 0xFC, 0x7D, 0xFF, 0xFE, 0x3E, 0xFF, 0xFF, 0x3F, 0x0E, 0x1C, 0x3F, 0x87, 0x0E, 0x0F, 0xC3,
    0x87, 0x07, 0xE1, 0xC3, 0x80, 0xF7, 0xFF, 0xF8, 0x7F, 0xFF, 0xFE, 0x3F, 0xFF, 0xFF, 0x1E, 0xFF,
    0xFF, 0x0F, 0x04, 0x08, 0x07, 0x87, 0x9E, 0x03, 0xC7, 0x87, 0x81, 0xE7, 0x81, 0xE0, 0xF7, 0x80,
    0x70, 0x7F, 0xC0, 0x3C, 0x3D, 0xC0, 0x0C, 0x00, 0x00, 0x00, 0x00, 0x00, 0x00, 0x00, 0x0E, 0x00,
    0x07, 0x0F, 0xFF, 0x07, 0x1D, 0xFF, 0x77, 0x1D, 0xFF, 0x77, 0x1D, 0xBB, 0x77, 0x3D, 0xBB, 0x77,
    0x3D, 0xBB, 0x77, 0x7D, 0xBB, 0x77, 0x7D, 0xBB, 0x77, 0xFD, 0xBB, 0x77, 0x7D, 0xBB, 0x77, 0x7D,
    0xBB, 0x77, 0x1D, 0xBB, 0x77, 0x1D, 0xBB, 0x77, 0x1D, 0xBB, 0x77, 0x1D, 0xBB, 0x77, 0x1D, 0xBB,
    0x77, 0x1D, 0xB3, 0x77, 0x1C, 0x7C, 0x07, 0x1C, 0x7E, 0x07, 0x1C, 0xE7, 0x07, 0x1F, 0xC3, 0xBE,
    0x1D, 0x83, 0x3E, 0x00, 0x00, 0x00, 0x03, 0x80, 0x00, 0x03, 0xFF, 0xFF, 0x81, 0xFF, 0xFF, 0xC1,
    0xFF, 0xFF, 0xE0, 0xE0, 0x3C, 0x00, 0xF7, 0xFF, 0xF0, 0x73, 0xFF, 0xF8, 0x79, 0xC7, 0x9C, 0x7C,
    0xE3, 0xCE, 0x3E, 0x7F, 0xFF, 0x1F, 0x3F, 0xFF, 0x8F, 0x9C, 0x79, 0xC1, 0xCE, 0x3C, 0xE0, 0xE7,
    0xFF, 0xF0, 0x73, 0xFF, 0xF8, 0x38, 0xC7, 0x00, 0x1C, 0xF3, 0x80, 0x0E, 0x3F, 0xC0, 0x07, 0x0F,
    0xC0, 0x03, 0x83, 0xF8, 0x01, 0xCF, 0xFF, 0xF0, 0xEF, 0xCF, 0xF8, 0x77, 0x80, 0xFC, 0x00, 0x00,
    0x00, 0x00, 0x00, 0x00, 0x01, 0xC0, 0x00, 0x00, 0xFF, 0xFF, 0x80, 0xFF, 0xFF, 0xC0, 0x77, 0xFF,
    0xE0, 0x7B, 0x80, 0x70, 0x79, 0xC0, 0x38, 0x3C, 0xE0, 0x1C, 0x3E, 0x7F, 0xFE, 0x3F, 0x3F, 0xFF,
    0x3F, 0x9F, 0xFF, 0x8F, 0xC0, 0x78, 0x06, 0xE0, 0x3C, 0x00, 0x7F, 0xFF, 0xF8, 0x3F, 0xFF, 0xFC,
    0x1D, 0xFF, 0xFE, 0x0E, 0x0F, 0xF0, 0x07, 0x0F, 0xFC, 0x03, 0x8F, 0xFF, 0x01, 0xCF, 0x7B, 0xC0,
    0xFF, 0x3D, 0xF0, 0x7F, 0x1E, 0x7C, 0x3B, 0x0F, 0x1C, 0x1C, 0x07, 0x80, 0x00, 0x01, 0x80, 0x00,
    0x00, 0x00, 0x00, 0x03, 0x07, 0x00, 0x07, 0x03, 0x80, 0x07, 0x03, 0x80, 0x0F, 0x01, 0xC0, 0x0F,
    0xFF, 0xFF, 0x1F, 0xFF, 0xFF, 0x1E, 0x00, 0x00, 0x3E, 0x7F, 0xFC, 0x7E, 0x7F, 0xFC, 0x7E, 0x7F,
    0xFC, 0x7E, 0x00, 0x00, 0x6E, 0x7F, 0xFC, 0x0E, 0x7F, 0xFC, 0x0E, 0x00, 0x00, 0x0E, 0x3F, 0xFC,
    0x0E, 0x7F, 0xFE, 0x0E, 0x7F, 0xFE, 0x0E, 0x70, 0x0E, 0x0E, 0x70, 0x0E, 0x0E, 0x70, 0x0E, 0x0E,
    0x7F, 0xFE, 0x0E, 0x7F, 0xFE, 0x0E, 0x7F, 0xFE, 0x0C, 0x00, 0x00, 0x00, 0x00, 0x00, 0x03, 0x83,
    0x80, 0x01, 0xC1, 0xC0, 0x01, 0xE1, 0xFF, 0xC0, 0xE0, 0xFF, 0xE0, 0xF0, 0xFF, 0xF0, 0x70, 0xFC,
    0x70, 0x78, 0xFF, 0x78, 0x3D, 0xF3, 0xF8, 0x3E, 0xE0, 0xF8, 0x3F, 0x73, 0xFF, 0x9F, 0xBF, 0xF7,
    0xE7, 0xDF, 0xE6, 0xF0, 0xEF, 0x8F, 0x00, 0x77, 0x1F, 0x00, 0x3B, 0xBE, 0x78, 0x1D, 0xCC, 0x78,
    0x0E, 0xE1, 0xFB, 0x07, 0x73, 0xF3, 0xC3, 0xB9, 0xE3, 0xC1, 0xC0, 0x0F, 0xC0, 0xE0, 0x7F, 0xC0,
    0x70, 0xFF, 0x00, 0x38, 0x3E, 0x00, 0x00, 0x00, 0x00, 0x00, 0x00, 0x00, 0x00, 0x06, 0x00, 0x06,
    0x0F, 0xFF, 0x87, 0x0F, 0xFF, 0xF7, 0x0F, 0xFF, 0xF7, 0x1C, 0x72, 0x77, 0x1C, 0xEE, 0x77, 0x3C,
    0xE7, 0x77, 0x3D, 0xFF, 0x77, 0x7D, 0xFF, 0xF7, 0xFD, 0xFB, 0xF7, 0xFC, 0x39, 0x77, 0x7C, 0x38,
    0x77, 0x1C, 0x38, 0x77, 0x1D, 0xFF, 0xF7, 0x1D, 0xFF, 0xF7, 0x1C, 0x38, 0x77, 0x1C, 0x38, 0x77,
    0x1C, 0x3B, 0x87, 0x1C, 0xFF, 0x87, 0x1F, 0xFF, 0x87, 0x1F, 0xF8, 0x7F, 0x1C, 0x00, 0x7E, 0x1C,
    0x00, 0x3C, 0x00, 0x00, 0x00, 0x00, 0x00, 0x00, 0x01, 0xC1, 0xE0, 0x01, 0xE0, 0xF0, 0x00, 0xFF,
    0xFF, 0xE0, 0xFF, 0xFF, 0xF0, 0x77, 0xFF, 0xF8, 0x78, 0x0E, 0x00, 0x38, 0xFF, 0xF8, 0x3C, 0x7F,
    0xFC, 0x3E, 0x3F, 0xFE, 0x3F, 0x1C, 0x07, 0x0F, 0x8F, 0xFF, 0x87, 0xC7, 0xFF, 0xC0, 0xE3, 0x80,
    0xE0, 0x71, 0xFF, 0xF0, 0x38, 0xFF, 0xF8, 0x1C, 0x7F, 0xFC, 0x0E, 0x38, 0x0E, 0x07, 0x1F, 0xFF,
    0x03, 0x8F, 0xFF, 0x81, 0xC7, 0x01, 0xC0, 0xEF, 0xFF, 0xF8, 0x77, 0xFF, 0xFC, 0x3B, 0xFF, 0xFE,
    0x0C, 0x00, 0x00, 0x00, 0x00, 0x00, 0x00, 0x03, 0x00, 0x00, 0x03, 0x83, 0xFF, 0xC1, 0xD9, 0xFF,
    0xE1, 0xFC, 0xFF, 0xF0, 0xEE, 0x07, 0x80, 0x77, 0x1F, 0xF8, 0x7B, 0x8F, 0xFC, 0x3D, 0xFF, 0xFE,
    0x3E, 0xFF, 0xB7, 0x3F, 0x7F, 0xDB, 0x9F, 0xB8, 0xED, 0xC7, 0xDC, 0x76, 0xE0, 0xEE, 0x3B, 0x70,
    0x77, 0x1D, 0xB8, 0x3B, 0xBE, 0xDC, 0x1D, 0xFF, 0x6E, 0x0E, 0xFF, 0xF7, 0x07, 0x79, 0xF9, 0x83,
    0xB0, 0x1F, 0x01, 0xC0, 0x1F, 0xC0, 0xE0, 0x3C, 0xF8, 0x70, 0x3C, 0x1C, 0x38, 0x1C, 0x06, 0x00,
    0x00, 0x00, 0x00, 0x00, 0x00, 0x00, 0x03, 0x83, 0x80, 0x03, 0x83, 0x80, 0x07, 0xFF, 0xFE, 0x07,
    0xFF, 0xFE, 0x0F, 0xFF, 0xFE, 0x1E, 0xE0, 0x0E, 0x1E, 0xE0, 0x0E, 0x3E, 0xFF, 0xFE, 0x7E, 0xFF,
    0xFE, 0xFE, 0xE0, 0x00, 0x7E, 0xFF, 0xFF, 0x6E, 0xFF, 0xFF, 0x0E, 0xFF, 0xFF, 0x0E, 0xFB, 0xB7,
    0x0E, 0xFB, 0xB7, 0x0E, 0xFF, 0xFF, 0x0E, 0xFF, 0xFF, 0x0E, 0xFF, 0xFF, 0x0F, 0xDB, 0xB7, 0x0F,
    0xDB, 0xB7, 0x0F, 0xDB, 0xB7, 0x0F, 0xDB, 0xBF, 0x0E, 0x99, 0x3E, 0x00, 0x00, 0x00, 0x00, 0x00,
    0x00, 0x07, 0x00, 0xE3, 0x03, 0xA0, 0x71, 0xC1, 0xF9, 0xFF, 0xE1, 0xCE, 0xFF, 0xE0, 0xE3, 0xFF,
    0xF0, 0x71, 0x87, 0x70, 0x78, 0x03, 0xF8, 0x3F, 0xDF, 0xFF, 0x3F, 0xFF, 0xFF, 0xBF, 0xFB, 0xFF,
    0xCF, 0x9C, 0x3C, 0x05, 0xCE, 0x7C, 0x00, 0xE7, 0x7F, 0xF0, 0x73, 0xFF, 0xF8, 0x39, 0xDF, 0x0C,
    0x1C, 0xE3, 0x8E, 0x0E, 0x71, 0xFF, 0x07, 0x3E, 0xFF, 0x83, 0x9F, 0x70, 0xC1, 0xCF, 0xB8, 0xE0,
    0xEF, 0x9F, 0xF0, 0x73, 0x0F, 0xF8, 0x38, 0x07, 0x0C, 0x00, 0x00, 0x00, 0x00, 0x1F, 0xFF, 0xF8,
    0x3F, 0xFF, 0xF8, 0x3F, 0xFF, 0xF8, 0x1F, 0xFF, 0xF0, 0x00, 0x00, 0x00, 0x00, 0x00, 0x00, 0x00,
    0x00, 0x00, 0xFF, 0xFF, 0xFE, 0xFF, 0xFF, 0xFE, 0xFF, 0xFF, 0xFE, 0x03, 0x87, 0x00, 0x03, 0x87,
    0x00, 0x03, 0x87, 0x00, 0x07, 0x87, 0x00, 0x07, 0x87, 0x00, 0x07, 0x07, 0x0E, 0x0F, 0x07, 0x0E,
    0x1F, 0x07, 0x0E, 0x3E, 0x07, 0x0E, 0xFC, 0x07, 0xFE, 0xF8, 0x07, 0xFE, 0x60, 0x03, 0xFC, 0x00,
    0x00, 0x00, 0x00, 0x10, 0x00, 0x1C, 0x70, 0x00, 0x38, 0xE0, 0x00, 0x71, 0xC0, 0x01, 0xFF, 0xFF,
    0x83, 0xFF, 0xFF, 0x07, 0xFF, 0xFE, 0x1E, 0x1C, 0x00, 0x78, 0x38, 0x00, 0xF0, 0x70, 0x00, 0x40,
    0xE0, 0x07, 0xFF, 0xFF, 0xFF, 0xFF, 0xFF, 0xFF, 0xFF, 0xFF, 0xC0, 0xE1, 0xC0, 0x01, 0xC3, 0x80,
    0x03, 0x87, 0x00, 0x0F, 0x0E, 0x00, 0x1E, 0x1C, 0x38, 0x78, 0x38, 0x71, 0xE0, 0x70, 0xEF, 0xC0,
    0xFF, 0xFF, 0x01, 0xFF, 0xB8, 0x01, 0xFE, 0x00, 0x00, 0x00, 0x00, 0x00, 0x00, 0x00, 0x0E, 0x00,
    0x07, 0x07, 0x07, 0x03, 0xC3, 0x83, 0x80, 0xE1, 0xC3, 0xC0, 0x78, 0xE1, 0xC0, 0x1C, 0x71, 0xC0,
    0x0F, 0x38, 0xE0, 0x07, 0x1C, 0x60, 0x00, 0x0E, 0x00, 0x1F, 0xFF, 0xFF, 0xCF, 0xFF, 0xFF, 0xE7,
    0xFF, 0xFF, 0xF0, 0x0F, 0x1C, 0x00, 0x07, 0x0E, 0x00, 0x03, 0x87, 0x00, 0x01, 0xC3, 0x80, 0x01,
    0xE1, 0xC0, 0x00, 0xE0, 0xE1, 0xC0, 0xF0, 0x70, 0xE1, 0xF0, 0x38, 0x73, 0xF0, 0x1F, 0xF9, 0xF0,
    0x0F, 0xFC, 0x70, 0x03, 0xFC, 0x00, 0x00, 0x00, 0x00, 0x00, 0xC0, 0x00, 0x00, 0xF0, 0x00, 0x00,
    0x7C, 0x00, 0x00, 0x1F, 0x00, 0x00, 0x07, 0x80, 0x00, 0x01, 0xE0, 0x00, 0x00, 0xF8, 0x00, 0x00,
    0x7C, 0x00, 0x00, 0x3F, 0x00, 0x00, 0x1F, 0x80, 0x00, 0x1F, 0xE0, 0x00, 0x0F, 0x70, 0x00, 0x0F,
    0x3C, 0x00, 0x07, 0x8F, 0x00, 0x07, 0x87, 0x80, 0x03, 0xC1, 0xE0, 0x03, 0xC0, 0xF8, 0x03, 0xE0,
    0x3E, 0x03, 0xE0, 0x0F, 0x87, 0xE0, 0x07, 0xE7, 0xE0, 0x01, 0xF3, 0xE0, 0x00, 0x78, 0xC0, 0x00,
    0x0C, 0x00, 0x08, 0x00, 0x00, 0x0E, 0x00, 0x00, 0x0F, 0x80, 0x00, 0x0F, 0xE0, 0x00, 0x0F, 0xF8,
    0x00, 0x0F, 0xBE, 0x00, 0x0F, 0x8F, 0x80, 0x1F, 0x83, 0xF0, 0x1F, 0x00, 0x7E, 0x3F, 0x00, 0x1F,
    0x9F, 0xFF, 0xFF, 0xEE, 0xFF, 0xFF, 0xE0, 0x7F, 0xFF, 0x00, 0x00, 0xE0, 0x00, 0x00, 0x70, 0x00,
    0x0F, 0xFF, 0xE0, 0x07, 0xFF, 0xF8, 0x03, 0xFF, 0xF8, 0x00, 0x07, 0x00, 0x00, 0x03, 0x80, 0x00,
    0x01, 0xC0, 0x01, 0xFF, 0xFF, 0xF8, 0xFF, 0xFF, 0xFC, 0x7F, 0xFF, 0xFE, 0x00, 0x00, 0x00, 0x00,
    0x38, 0x00, 0x00, 0x3C, 0x00, 0x00, 0x3C, 0x00, 0x00, 0x1E, 0x00, 0x00, 0x1E, 0x00, 0x00, 0x0E,
    0x00, 0x7F, 0xFF, 0xFF, 0x7F, 0xFF, 0xFF, 0x7F, 0xFF, 0xFF, 0x00, 0x00, 0x00, 0x00, 0x00, 0x00,
    0x01, 0x80, 0xC0, 0x03, 0xC3, 0xC0, 0x03, 0xC1, 0xE0, 0x07, 0x80, 0xF0, 0x07, 0x80, 0xF0, 0x0F,
    0x00, 0x78, 0x1F, 0x00, 0x3C, 0x1E, 0x00, 0x3C, 0x3C, 0x00, 0x1E, 0x7C, 0x00, 0x1F, 0x78, 0x00,
    0x0F, 0x30, 0x00, 0x04, 0x00, 0x00, 0x00, 0x06, 0x00, 0xE0, 0x0F, 0x01, 0xE0, 0x07, 0x81, 0xE0,
    0x07, 0x83, 0xC0, 0x03, 0x83, 0x80, 0x3F, 0xFF, 0xFC, 0x3F, 0xFF, 0xFC, 0x3F, 0xFF, 0xF8, 0x00,
    0x3C, 0x00, 0x00, 0x3C, 0x00, 0x00, 0x38, 0x00, 0xFF, 0xFF, 0xFE, 0xFF, 0xFF, 0xFE, 0xFF, 0xFF,
    0xFE, 0x00, 0x7E, 0x00, 0x00, 0xFE, 0x00, 0x00, 0xFF, 0x00, 0x03, 0xE7, 0x80, 0x07, 0xE3, 0xE0,
    0x1F, 0xC1, 0xF8, 0xFF, 0x00, 0xFE, 0xFE, 0x00, 0x7E, 0x70, 0x00, 0x1C, 0x00, 0x00, 0x00, 0x00,
    0x00, 0x00, 0x1E, 0x03, 0xC0, 0x3C, 0x07, 0x83, 0xFF, 0xFF, 0xE7, 0xFF, 0xFF, 0xCF, 0xFF, 0xFF,
    0x83, 0xC0, 0x78, 0x07, 0x80, 0xF0, 0x0F, 0xFF, 0xE0, 0x1F, 0xFF, 0xC0, 0x3C, 0x07, 0x80, 0x78,
    0x0F, 0x00, 0xFF, 0xFE, 0x01, 0xFF, 0xFC, 0x03, 0xFF, 0xF8, 0x07, 0x80, 0xF0, 0xFF, 0xFF, 0xFF,
    0xFF, 0xFF, 0xFF, 0xFF, 0xFF, 0xF8, 0x1C, 0x1C, 0x00, 0xFC, 0x7E, 0x0F, 0xF0, 0x7F, 0xBF, 0x80,
    0x1F, 0xB8, 0x00, 0x0E, 0x00, 0x00, 0x00, 0x07, 0xFF, 0xF0, 0x03, 0xFF, 0xF8, 0x01, 0xC0, 0x1C,
    0x00, 0xFF, 0xFE, 0x00, 0x7F, 0xFF, 0x00, 0x3F, 0xFF, 0x80, 0x1C, 0x01, 0xC0, 0x0F, 0xFF, 0xE0,
    0x07, 0xFF, 0xF0, 0x03, 0x80, 0x38, 0x01, 0xFF, 0xFC, 0x00, 0xFF, 0xFE, 0x00, 0x7F, 0xFF, 0x00,
    0x38, 0x03, 0x81, 0xFF, 0xFF, 0xFC, 0xFF, 0xFF, 0xFE, 0x7F, 0xFF, 0xFF, 0x01, 0xE0, 0xF8, 0x03,
    0xF0, 0x7F, 0x07, 0xF0, 0x0F, 0xE7, 0xE0, 0x01, 0xF1, 0xC0, 0x00, 0x70, 0x00, 0x00, 0x00, 0x00,
    0x63, 0x00, 0x00, 0x71, 0xC0, 0x00, 0x38, 0xE0, 0x03, 0xFF, 0xFF, 0x81, 0xFF, 0xFF, 0xC0, 0xFF,
    0xFF, 0xE0, 0x7F, 0xFF, 0xF0, 0x39, 0xC7, 0x38, 0x1C, 0xE3, 0x9C, 0x0F, 0xFF, 0xFE, 0x07, 0xFF,
    0xFF, 0x03, 0xFF, 0xFF, 0x81, 0xCE, 0x79, 0xC0, 0xE7, 0x1C, 0xE0, 0x73, 0x8E, 0x70, 0x39, 0xCF,
    0x38, 0xFF, 0xFF, 0xFF, 0xFF, 0xFF, 0xFF, 0xDF, 0xFF, 0xFF, 0xC0, 0x7C, 0x7C, 0x00, 0xFC, 0x1F,
    0x81, 0xFC, 0x03, 0xF1, 0xF8, 0x00, 0xFC, 0x70, 0x00, 0x1C, 0x00, 0x00, 0x00, 0x00, 0x00, 0x00,
    0x00, 0x03, 0x80, 0x00, 0x1C, 0x00, 0x00, 0xE0, 0x00, 0x07, 0x00, 0x7F, 0xFF, 0xFF, 0xFF, 0xFF,
    0xFF, 0xFF, 0xFF, 0xE0, 0x70, 0x3F, 0x03, 0x81, 0xF8, 0x3C, 0x0F, 0xC1, 0xF0, 0x7E, 0x0F, 0xC3,
    0xF0, 0xFF, 0x1F, 0x8F, 0x3C, 0xFC, 0xF0, 0xF7, 0xEF, 0x83, 0xFF, 0xF8, 0x1F, 0xFB, 0x00, 0x6F,
    0xC0, 0x00, 0x7E, 0x00, 0x03, 0xF0, 0x01, 0xFF, 0x80, 0x0F, 0xFC, 0x00, 0x7E, 0x40, 0x00, 0x00,
    0x1F, 0xE7, 0xFC, 0x0F, 0xFB, 0xFE, 0x07, 0xFD, 0xFF, 0x03, 0x9E, 0xE3, 0x81, 0xCF, 0x71, 0xC0,
    0xE7, 0xB8, 0xE0, 0x73, 0xDC, 0x70, 0x39, 0xEE, 0x38, 0x7F, 0xFF, 0xFF, 0x3F, 0xFF, 0xFF, 0x9F,
    0xFF, 0xFF, 0xC3, 0x9E, 0xE3, 0x81, 0xCF, 0x71, 0xC0, 0xE7, 0xB8, 0xE0, 0x73, 0xDC, 0x70, 0x39,
    0xEE, 0x38, 0x3C, 0xFE, 0x1C, 0x1C, 0x7F, 0x0E, 0x0E, 0x3F, 0x87, 0x0F, 0x7F, 0xDF, 0x87, 0x3F,
    0xCF, 0xC1, 0x9F, 0x67, 0xC0, 0x00, 0x00, 0x00, 0x3F, 0xFF, 0xFF, 0x3F, 0xFF, 0xFF, 0x8F, 0xFF,
    0xFF, 0x80, 0x03, 0x80, 0x00, 0xFF, 0xFF, 0x80, 0xFF, 0xFF, 0xE0, 0x7F, 0xFF, 0xF0, 0x3C, 0x38,
    0x78, 0x1E, 0x1C, 0x3C, 0x0F, 0xFF, 0xFE, 0x07, 0xFF, 0xFF, 0x03, 0xFF, 0xFF, 0x81, 0xE1, 0xC3,
    0xC0, 0xF0, 0xE1, 0xE3, 0xFF, 0xFF, 0xFF, 0xFF, 0xFF, 0xFF, 0x7F, 0xFF, 0xFF, 0x0F, 0x00, 0x1E,
    0x07, 0x80, 0x0F, 0x03, 0xC0, 0x3F, 0x81, 0xE0, 0x3F, 0x80, 0xF0, 0x0F, 0xC0, 0x30, 0x03, 0x00,
    0xFF, 0xFF, 0xFF, 0xFF, 0xFF, 0xFF, 0xFF, 0xFF, 0xFF, 0x9C, 0x00, 0xFF, 0x38, 0x01, 0xEC, 0xFF,
    0xFF, 0x81, 0xFF, 0xF8, 0x03, 0xFF, 0xF0, 0x07, 0x00, 0x00, 0x0E, 0x00, 0x00, 0x3F, 0xFF, 0xC0,
    0x7F, 0xFF, 0x80, 0xFF, 0xFF, 0x00, 0x00, 0x0E, 0x1F, 0xFF, 0x9C, 0x3F, 0xFF, 0xF8, 0x7F, 0xFF,
    0xF0, 0x00, 0x01, 0xC0, 0x00, 0x03, 0x80, 0x01, 0xFF, 0x00, 0x01, 0xFC, 0x00, 0x03, 0xF8, 0x00,
    0x00, 0x73, 0x81, 0xC0, 0xE7, 0x83, 0xC1, 0xC7, 0x03, 0x87, 0x8E, 0x07, 0x8F, 0xFF, 0xE7, 0x3F,
    0xFF, 0xCF, 0xFF, 0xFF, 0x8D, 0xF0, 0xE0, 0x07, 0xE1, 0xC0, 0x1F, 0xFF, 0xF8, 0x3F, 0xFF, 0xF8,
    0x3F, 0xFF, 0xE1, 0x9E, 0x1C, 0x03, 0xBC, 0x38, 0x07, 0x7F, 0xFF, 0x1E, 0xFF, 0xFE, 0x39, 0xFF,
    0xFC, 0xF3, 0xC3, 0x81, 0xE7, 0x87, 0x07, 0x8F, 0xFF, 0xFF, 0x1F, 0xFF, 0xEC, 0x3F, 0xFF, 0xC0,
    0x78, 0x00, 0x00, 0x60, 0x00, 0x00, 0x00, 0x00, 0x00, 0x03, 0x80, 0x1C, 0x01, 0xC0, 0x0F, 0x3F,
    0xFF, 0xC3, 0x9F, 0xFF, 0xE1, 0xE0, 0x38, 0x00, 0x73, 0xFF, 0xF0, 0x3D, 0xFF, 0xFC, 0x0C, 0xFF,
    0xFC, 0x00, 0xFF, 0xFF, 0x00, 0xFF, 0xFF, 0xC0, 0x7F, 0xFF, 0xE0, 0x07, 0x87, 0x80, 0x4F, 0xFF,
    0xF0, 0x3F, 0xFF, 0xFC, 0x3F, 0xBF, 0xDE, 0x1D, 0x07, 0x02, 0x1E, 0x7F, 0xFE, 0x0F, 0x1F, 0xFF,
    0x07, 0x01, 0xF8, 0x07, 0x83, 0xDF, 0x83, 0x87, 0xE7, 0xF0, 0xC7, 0xC0, 0x78, 0x03, 0xC0, 0x0C,
    0x00, 0x00, 0x00, 0x03, 0x80, 0x00, 0x1C, 0x00, 0xF0, 0xE0, 0xE7, 0x87, 0x0F, 0x3C, 0x38, 0x79,
    0xE1, 0xC3, 0xCF, 0x0E, 0x1E, 0x78, 0x70, 0xF3, 0xFF, 0xFF, 0x9F, 0xFF, 0xFC, 0xFF, 0xFF, 0xE0,
    0x07, 0x00, 0x70, 0x38, 0x1F, 0x81, 0xC1, 0xFC, 0x0E, 0x0F, 0xE0, 0x70, 0x7F, 0x03, 0x83, 0xF8,
    0x1C, 0x1F, 0xC0, 0xE0, 0xFF, 0xFF, 0xFF, 0xFF, 0xFF, 0xFF, 0xFF, 0xFF, 0xE0, 0x00, 0x0F, 0x00,
    0x00, 0x00, 0x01, 0xC1, 0xC0, 0x00, 0xF0, 0xE0, 0x00, 0xF0, 0x78, 0x00, 0x78, 0x1C, 0x00, 0x78,
    0x0F, 0x00, 0x3C, 0x03, 0xC0, 0x3C, 0x01, 0xF0, 0x3C, 0x00, 0x7C, 0x3E, 0x00, 0x1F, 0x3F, 0xFF,
    0xFF, 0x9F, 0xFF, 0xFF, 0x87, 0xFF, 0xFF, 0x40, 0x07, 0x07, 0x80, 0x07, 0x83, 0xC0, 0x03, 0xC1,
    0xE0, 0x01, 0xC0, 0xF0, 0x01, 0xE0, 0x70, 0x01, 0xE0, 0x38, 0x01, 0xF0, 0x1C, 0x01, 0xF0, 0x0E,
    0x03, 0xF0, 0xFF, 0x03, 0xF0, 0x7F, 0x00, 0xF0, 0x3F, 0x80, 0x00, 0x00, 0x00, 0x0C, 0x00, 0x00,
    0x1E, 0x1F, 0xFE, 0x1E, 0x3F, 0xFF, 0x1E, 0x3F, 0xFF, 0x1E, 0x3F, 0xFF, 0x1E, 0x63, 0x87, 0x1F,
    0xE3, 0x87, 0xFF, 0xE3, 0x87, 0xFF, 0xC3, 0x87, 0x7E, 0x07, 0x8F, 0x1E, 0x07, 0x8F, 0x1E, 0x07,
    0x0F, 0x1E, 0x07, 0x0F, 0x1E, 0x07, 0x0F, 0x1E, 0xE7, 0x0F, 0x1F, 0xEF, 0x0F, 0x1F, 0xEE, 0x0E,
    0x3F, 0x9E, 0x0E, 0x1C, 0x3C, 0x0E, 0x18, 0x7C, 0x1E, 0x00, 0xF9, 0xFE, 0x00, 0xF0, 0xFC, 0x00,
    0x60, 0xFC, 0x00, 0x00, 0x00, 0x00, 0x00, 0x0F, 0xFF, 0xF8, 0x1F, 0xFF, 0xF6, 0x3F, 0xFF, 0xDC,
    0x71, 0xE0, 0x38, 0xE3, 0x80, 0x71, 0xC7, 0xFC, 0xE3, 0x9F, 0xFD, 0xC7, 0x3F, 0xFB, 0x8E, 0x70,
    0xF7, 0x1D, 0xC1, 0xCE, 0x3F, 0x83, 0x9C, 0x7E, 0xC7, 0x38, 0xEF, 0xFC, 0x71, 0xC3, 0xF8, 0xE3,
    0x83, 0xF1, 0xC7, 0x03, 0xC3, 0x8E, 0x0F, 0x00, 0x1C, 0x3E, 0x00, 0x38, 0xF8, 0x00, 0x77, 0xE0,
    0x0F, 0xEF, 0x80, 0x1F, 0x9C, 0x00, 0x1F, 0x00, 0x00, 0x00, 0x00, 0x00, 0x00, 0x03, 0x80, 0x1C,
    0x0F, 0x00, 0x38, 0x1F, 0x06, 0x70, 0x7F, 0x1C, 0xE1, 0xFF, 0x39, 0xC7, 0xDE, 0x73, 0x8F, 0x1E,
    0xE7, 0x7C, 0x1F, 0xCF, 0xF0, 0x1F, 0x9D, 0xFF, 0xF7, 0x39, 0xFF, 0xCE, 0x71, 0xFF, 0x9C, 0xE3,
    0x87, 0x39, 0xC7, 0x0E, 0x73, 0x8E, 0x1C, 0xE7, 0x1D, 0xF9, 0xCE, 0x3B, 0xE3, 0x9C, 0x73, 0xB0,
    0x38, 0xE0, 0x70, 0x71, 0xC0, 0xE0, 0xE3, 0xFF, 0xDF, 0xC7, 0xFF, 0x3F, 0x87, 0xFE, 0x7F, 0x00,
    0x00, 0x00, 0x00, 0x00, 0x00, 0x0E, 0x00, 0x00, 0x0E, 0x00, 0x00, 0x07, 0x3F, 0xFF, 0x07, 0x3F,
    0xFF, 0x7F, 0xDF, 0xFE, 0x7F, 0xC3, 0x8E, 0x7F, 0xC3, 0x8E, 0x03, 0x83, 0x8E, 0x03, 0x83, 0x8E,
    0x07, 0x67, 0x8E, 0x0F, 0xE7, 0x8E, 0x1F, 0xE7, 0x0E, 0x3F, 0xC7, 0x0E, 0x7F, 0xC7, 0x0E, 0x7F,
    0xE7, 0x0E, 0x7F, 0xEE, 0x0E, 0x2F, 0x4E, 0x0E, 0x0F, 0x1E, 0x0E, 0x0F, 0x1C, 0x0E, 0x0F, 0x3C,
    0x1E, 0x0F, 0x79, 0xFC, 0x0F, 0xF1, 0xFC, 0x0F, 0x71, 0xF8, 0x00, 0x00, 0x00, 0x3F, 0x3F, 0x07,
    0x3F, 0xFF, 0x07, 0x3F, 0xFF, 0x77, 0x3B, 0xF7, 0x77, 0x3B, 0xF7, 0x77, 0x3B, 0xF7, 0x77, 0x3B,
    0xF7, 0x77, 0x3B, 0xF7, 0x77, 0x3B, 0xF7, 0x77, 0x7F, 0xFF, 0xF7, 0x7F, 0xFF, 0xF7, 0x7F, 0xFF,
    0xF7, 0x3B, 0xF7, 0x77, 0x3B, 0xF7, 0x77, 0x3B, 0xF7, 0x77, 0x3B, 0xF7, 0x77, 0x3B, 0xF7, 0x77,
    0x3B, 0xF7, 0x07, 0x3B, 0xF7, 0x07, 0x73, 0xE7, 0x07, 0x7F, 0xFF, 0x07, 0x7F, 0xFF, 0x3E, 0x6F,
    0xEE, 0x3E, 0x00, 0x00, 0x00, 0x00, 0x00, 0x1F, 0xFF, 0xF0, 0x7F, 0xFF, 0xF9, 0xFF, 0xFF, 0xE7,
    0x1E, 0xE3, 0x9C, 0x73, 0xCE, 0x73, 0xC7, 0x39, 0xDF, 0xFE, 0xE7, 0x7F, 0xFF, 0x9D, 0xFF, 0xFE,
    0x70, 0x39, 0x39, 0xC0, 0xE0, 0xE7, 0x3F, 0xFB, 0x9D, 0xFF, 0xEE, 0x77, 0xFF, 0xB9, 0xC0, 0xE0,
    0xE7, 0x03, 0x83, 0x9C, 0x0E, 0x76, 0x70, 0x7F, 0xC1, 0xFF, 0xFF, 0x07, 0xFF, 0xE0, 0xFF, 0xF0,
    0x03, 0xF0, 0x00, 0x0F, 0x80, 0x19, 0xC0, 0x07, 0x1D, 0xC0, 0x07, 0x39, 0xC0, 0xE7, 0x3F, 0xFC,
    0xE7, 0x3F, 0xFC, 0xE7, 0x7F, 0xFC, 0xE7, 0x71, 0xC0, 0xE7, 0x7F, 0xFE, 0xE7, 0x7F, 0xFE, 0xE7,
    0x7F, 0xFE, 0xE7, 0x03, 0xC0, 0xE7, 0x01, 0xC0, 0xE7, 0x3F, 0xFE, 0xE7, 0x3F, 0xFE, 0xE7, 0x3F,
    0xFE, 0xE7, 0x39, 0xCE, 0xE7, 0x39, 0xCE, 0x07, 0x39, 0xCE, 0x07, 0x39, 0xCE, 0x07, 0x39, 0xFE,
    0x07, 0x39, 0xFC, 0x7F, 0x01, 0xD0, 0x7E, 0x01, 0xC0, 0x3E, 0x00, 0x00, 0x00, 0x00, 0x00, 0x06,
    0x3F, 0xFE, 0x0F, 0x3F, 0xFE, 0xCF, 0x3F, 0xFE, 0xEF, 0x38, 0x0E, 0xEF, 0x38, 0x0E, 0xEF, 0x3F,
    0xFE, 0xEF, 0x3F, 0xFE, 0xEF, 0x3F, 0xFC, 0xEF, 0x38, 0xE0, 0xEF, 0x3F, 0xFE, 0xEF, 0x3F, 0xFE,
    0xEF, 0x3F, 0xFE, 0xEF, 0x3E, 0xEE, 0xEF, 0x3E, 0xEE, 0xEF, 0x3E, 0xEE, 0xEF, 0x3E, 0xEE, 0xCF,
    0x7E, 0xEE, 0x0F, 0x7E, 0xFE, 0x0F, 0x7E, 0xFE, 0x0F, 0x76, 0xF8, 0x7F, 0x60, 0xE0, 0x7E, 0x20,
    0xE0, 0x7E, 0x00, 0x00, 0x00, 0x00, 0x00, 0x00, 0x1C, 0x01, 0xC0, 0x3C, 0x07, 0x80, 0x3C, 0x0F,
    0x0F, 0xFF, 0xFF, 0xFF, 0xFF, 0xFF, 0xFF, 0xFF, 0xFF, 0x80, 0x00, 0x00, 0x00, 0x00, 0x18, 0xFF,
    0xE6, 0x39, 0xFF, 0xDC, 0x73, 0x87, 0xB8, 0xE7, 0x0F, 0x71, 0xCF, 0xFE, 0xE3, 0x9F, 0xFD, 0xC7,
    0x38, 0x3B, 0x8E, 0x70, 0xF7, 0x1C, 0xFF, 0xEE, 0x39, 0xFF, 0xDC, 0x73, 0x83, 0x98, 0xE7, 0x07,
    0x01, 0xCE, 0x1E, 0x3F, 0x9C, 0xF8, 0x7E, 0x39, 0xF0, 0x7C, 0x00, 0x00, 0x00, 0x00, 0x00, 0x00,
    0x00, 0x7C, 0x07, 0x3F, 0xFE, 0x07, 0x3F, 0xF8, 0x07, 0x3D, 0xC0, 0x67, 0x7F, 0xFF, 0x67, 0x7F,
    0xFF, 0x67, 0x7F, 0xFF, 0x67, 0x0F, 0xD8, 0x67, 0x0F, 0xDA, 0x67, 0x7F, 0xDF, 0x67, 0x7F, 0xDE,
    0x67, 0x0F, 0xD8, 0x67, 0x3F, 0xDB, 0x67, 0x7F, 0xDF, 0x67, 0x6F, 0xDF, 0x67, 0x0F, 0xE0, 0x67,
    0x07, 0xF8, 0x67, 0x0F, 0xFE, 0x07, 0x1F, 0xDF, 0x07, 0x3D, 0xCF, 0x07, 0x79, 0xC2, 0x7F, 0x71,
    0xC0, 0x7E, 0x01, 0xC0, 0x7E, 0x00, 0x00, 0x00, 0x00, 0x00, 0x00, 0x0E, 0x03, 0x80, 0x1C, 0x0F,
    0x07, 0xFF, 0xFF, 0xFF, 0xFF, 0xFF, 0xEF, 0xFF, 0xFF, 0x8F, 0xF9, 0xCE, 0x1F, 0xFB, 0x9C, 0x38,
    0x77, 0x38, 0x7F, 0xEE, 0x70, 0xFF, 0xDC, 0xE1, 0xFF, 0xB9, 0xC3, 0xFF, 0x73, 0x87, 0x0C, 0x07,
    0x0E, 0x78, 0x3E, 0x18, 0x60, 0x78, 0x7F, 0xFF, 0xF8, 0xFF, 0xFF, 0xF1, 0xFF, 0xFF, 0xE0, 0x07,
    0x01, 0xC0, 0x3E, 0x03, 0x83, 0xF8, 0x0F, 0x3F, 0xC1, 0xFC, 0x3E, 0x03, 0xF8, 0x00, 0x00, 0x00,
    0x00, 0x03, 0x80, 0x00, 0x03, 0x80, 0x7F, 0xE3, 0x80, 0x7F, 0xE3, 0x80, 0x7F, 0xE3, 0x80, 0x0E,
    0x3F, 0xFF, 0x0E, 0x3F, 0xFF, 0x0E, 0x3F, 0xFF, 0x0E, 0x03, 0x87, 0x0E, 0x03, 0x87, 0x0E, 0x03,
    0x87, 0x0E, 0x03, 0x87, 0x0E, 0x03, 0x87, 0x0E, 0x27, 0x07, 0x0F, 0xE7, 0x0F, 0x3F, 0xE7, 0x0E,
    0x7F, 0xCF, 0x0E, 0x7E, 0x1E, 0x0E, 0x60, 0x1E, 0x0E, 0x00, 0x3C, 0x0E, 0x00, 0xF9, 0xFE, 0x00,
    0xF0, 0xFC, 0x00, 0xE0, 0xFC, 0x00, 0x00, 0x00, 0x0E, 0x00, 0x00, 0x1C, 0x00, 0x00, 0x38, 0x0F,
    0xF8, 0x70, 0x1F, 0xF7, 0xFF, 0xBF, 0xEF, 0xFF, 0x7F, 0xDF, 0xFE, 0xE3, 0x87, 0x1D, 0xC7, 0x0E,
    0x3B, 0x8E, 0x1C, 0x77, 0x1C, 0x39, 0xEE, 0x38, 0x73, 0xDC, 0x70, 0xE7, 0xB8, 0xE3, 0xCF, 0x71,
    0xC7, 0x9E, 0xE3, 0x8E, 0x3D, 0xC7, 0x1C, 0x73, 0x8E, 0x78, 0xE7, 0x1C, 0xF1, 0xCF, 0xFB, 0xC3,
    0x9F, 0xF7, 0xBF, 0x3F, 0xFE, 0x7E, 0x71, 0xD8, 0xF8, 0xE3, 0x80, 0x00, 0x00, 0x00, 0x00, 0x00,
    0x01, 0xE0, 0x00, 0x01, 0xC0, 0x00, 0x03, 0xFF, 0xF8, 0x07, 0xFF, 0xF8, 0x1F, 0xFF, 0xF0, 0x7F,
    0x81, 0xF0, 0x7F, 0xC7, 0xC0, 0x31, 0xFF, 0x80, 0x01, 0xFF, 0x00, 0x3F, 0xFF, 0xFE, 0xFF, 0xE7,
    0xFE, 0x7E, 0x30, 0xFC, 0x00, 0x78, 0x00, 0x3F, 0xFF, 0xF8, 0x3F, 0xFF, 0xF8, 0x3F, 0xFF, 0xF8,
    0x00, 0xE0, 0x38, 0x01, 0xE0, 0x38, 0x03, 0xC0, 0x78, 0x0F, 0x80, 0x70, 0x7F, 0x0F, 0xF0, 0xFE,
    0x0F, 0xF0, 0x78, 0x0F, 0xE0, 0x00, 0x00, 0x00, 0x00, 0x01, 0xC0, 0x00, 0x07, 0x81, 0xFF, 0x8F,
    0x03, 0xFF, 0x1E, 0x00, 0x00, 0x3C, 0x00, 0x03, 0xFF, 0xC0, 0x07, 0xFF, 0xFF, 0xFF, 0xFF, 0xFF,
    0xF3, 0x8F, 0xFF, 0xE7, 0x1C, 0x70, 0x0E, 0x38, 0xE0, 0x1C, 0x71, 0xDC, 0x38, 0xE7, 0x1C, 0x71,
    0xCE, 0x39, 0xE3, 0x9C, 0x73, 0x87, 0x7F, 0xF7, 0x1E, 0xFF, 0xFE, 0x3F, 0xFD, 0xF8, 0x73, 0x80,
    0xF0, 0xE0, 0x01, 0xDF, 0xC0, 0x07, 0xBF, 0x80, 0x06, 0x3E, 0x00, 0x00, 0x00, 0x00, 0x00, 0x00,
    0x03, 0x80, 0x00, 0x03, 0x80, 0x00, 0x07, 0x80, 0x00, 0x07, 0xFF, 0xFE, 0x0F, 0xFF, 0xFF, 0x0F,
    0xFF, 0xFF, 0x1F, 0xFF, 0xFF, 0x1C, 0x71, 0xCE, 0x3C, 0x71, 0xCE, 0x78, 0xE3, 0xCE, 0x78, 0xE3,
    0x8E, 0x71, 0xE3, 0x8E, 0x01, 0xC7, 0x8E, 0x03, 0xC7, 0x0E, 0x07, 0x87, 0x0E, 0x0F, 0x0E, 0x0E,
    0x0F, 0x0E, 0x0E, 0x1E, 0x1E, 0x0E, 0x3C, 0x3C, 0x1E, 0x18, 0x78, 0x1C, 0x00, 0xF9, 0xFC, 0x00,
    0xF1, 0xFC, 0x00, 0x61, 0xF8, 0x00, 0x00, 0x00, 0x00, 0xE0, 0x00, 0x00, 0xF0, 0x00, 0x00, 0x70,
    0x00, 0x00, 0x7F, 0xFF, 0xC0, 0x7F, 0xFF, 0xE0, 0x7F, 0xFF, 0xF0, 0x7C, 0x00, 0x38, 0x7F, 0xFE,
    0x1C, 0x3F, 0xFF, 0x8E, 0x0F, 0xFF, 0xC7, 0x01, 0xE0, 0xE3, 0x80, 0xF0, 0x71, 0xC0, 0x78, 0x38,
    0xE0, 0x3F, 0xFC, 0x70, 0x1F, 0xFE, 0x78, 0x0F, 0xFF, 0xFC, 0x07, 0x80, 0x7C, 0x03, 0xC0, 0x3C,
    0x81, 0xE0, 0x00, 0xE0, 0xF0, 0x00, 0x70, 0x3F, 0xFF, 0xF8, 0x1F, 0xFF, 0xF8, 0x03, 0xFF, 0xF8,
    0xFF, 0xFF, 0xFF, 0xFF, 0xFF, 0xFF, 0xFF, 0xFF, 0xF8, 0x71, 0xC0, 0xE3, 0xC7, 0x03, 0x8F, 0x1C,
    0x0E, 0x3C, 0x70, 0x38, 0xF1, 0xC0, 0xE3, 0x87, 0x03, 0x8E, 0x1C, 0x0E, 0x38, 0x71, 0xF9, 0xE1,
    0xC7, 0xE7, 0x07, 0x1F, 0xBC, 0x1F, 0xEF, 0xE0, 0x7F, 0xBB, 0x80, 0xFC, 0xE8, 0x00, 0x03, 0x80,
    0x00, 0x0F, 0xFF, 0xFF, 0xFF, 0xFF, 0xFF, 0xFF, 0xFF, 0xFC, 0xFF, 0xFF, 0xFF, 0xFF, 0xFF, 0xFF,
    0xFF, 0xFF, 0xB8, 0x00, 0x20, 0xE6, 0x01, 0xE3, 0xBC, 0x0F, 0x0E, 0x78, 0x38, 0x38, 0xF9, 0xE0,
    0xE1, 0xFF, 0x03, 0x83, 0xF8, 0x0E, 0x03, 0xC0, 0x38, 0x1F, 0x80, 0xE0, 0xFF, 0x03, 0x87, 0x9E,
    0x0E, 0x7C, 0x3C, 0x3B, 0xE0, 0x78, 0xEF, 0x00, 0xE3, 0x90, 0x01, 0x0E, 0x00, 0x00, 0x3F, 0xFF,
    0xFF, 0xFF, 0xFF, 0xFF, 0xFF, 0xFF, 0xF0, 0x07, 0x00, 0xE0, 0x0E, 0x03, 0xC0, 0x1E, 0x07, 0x00,
    0x1E, 0x1E, 0x03, 0xFF, 0xFF, 0x87, 0xFF, 0xFF, 0x0F, 0xFF, 0xFE, 0x1C, 0x1C, 0x1C, 0x3F, 0xFF,
    0xF8, 0x7F, 0xFF, 0xF0, 0xFF, 0xFF, 0xE1, 0xC1, 0xC1, 0xC3, 0xFF, 0xFF, 0x87, 0xFF, 0xFF, 0x0F,
    0xFF, 0xFE, 0x00, 0x1C, 0x00, 0xFF, 0xFF, 0xFF, 0xFF, 0xFF, 0xFF, 0xFF, 0xFF, 0xF8, 0x01, 0xC0,
    0x00, 0x03, 0x80, 0x00, 0x07, 0x00, 0x00, 0x0E, 0x00, 0x00, 0x00, 0x00, 0x00, 0x00, 0x00, 0x07,
    0x00, 0x00, 0x38, 0x00, 0x01, 0xC0, 0x00, 0x0E, 0x00, 0x00, 0x7F, 0xFC, 0x03, 0xFF, 0xE0, 0x1F,
    0xFF, 0x00, 0xE0, 0x00, 0x07, 0x00, 0x00, 0x38, 0x00, 0x01, 0xC0, 0x0F, 0xFF, 0xFE, 0x7F, 0xFF,
    0xF3, 0xFF, 0xFF, 0x9C, 0x00, 0x3C, 0xE0, 0x01, 0xE7, 0x00, 0x0F, 0x38, 0x00, 0x79, 0xC0, 0x03,
    0xCF, 0xFF, 0xFE, 0x7F, 0xFF, 0xF3, 0xFF, 0xFF, 0x9C, 0x00, 0x1C, 0x00, 0x00, 0x00, 0x00, 0x30,
    0x00, 0x00, 0xF0, 0x00, 0x01, 0xE0, 0x00, 0x03, 0xC0, 0x00, 0x07, 0xFF, 0x80, 0x0F, 0xFF, 0x00,
    0x1F, 0xFE, 0x00, 0x3C, 0x00, 0x00, 0x78, 0x00, 0xFF, 0xFF, 0xFB, 0xFF, 0xFF, 0xFF, 0xFF, 0xFF,
    0xFF, 0xFF, 0xFF, 0xE0, 0x0F, 0x00, 0x00, 0x1F, 0x00, 0x00, 0x3F, 0xC0, 0x00, 0x7F, 0xE0, 0x00,
    0xFF, 0xF0, 0x01, 0xE3, 0xF0, 0x03, 0xC1, 0xC0, 0x07, 0x80, 0x00, 0x0F, 0x00, 0x00, 0x1E, 0x00,
    0x00, 0x3C, 0x00, 0x00, 0x30, 0x00, 0x7F, 0xF7, 0xFC, 0xFF, 0xEF, 0xF9, 0xFF, 0xDF, 0xF3, 0x83,
    0xB8, 0xE7, 0x07, 0x71, 0xCF, 0xFE, 0xE3, 0x9F, 0xFD, 0xC7, 0x3F, 0xFB, 0x8E, 0x70, 0x77, 0x1C,
    0xE0, 0xEE, 0x39, 0xFF, 0xDC, 0x73, 0xFF, 0xB8, 0xE7, 0xFF, 0x71, 0xCE, 0x10, 0xE3, 0x9C, 0x71,
    0xC7, 0x38, 0xF3, 0xBE, 0x71, 0xE7, 0x7C, 0xFF, 0xEE, 0xF3, 0xFF, 0xDC, 0x07, 0xF3, 0xB8, 0x07,
    0x86, 0x70, 0x08, 0x00, 0xE0, 0x00, 0x00, 0x00, 0x00, 0x3F, 0xFF, 0xFF, 0x3F, 0xFF, 0xFF, 0x3F,
    0xFF, 0xFF, 0x38, 0x07, 0x00, 0x38, 0x07, 0x00, 0x38, 0x07, 0x00, 0x38, 0x07, 0x00, 0x38, 0x07,
    0x00, 0x3B, 0xFF, 0xFE, 0x3B, 0xFF, 0xFE, 0x3B, 0xFF, 0xFE, 0x38, 0x07, 0x00, 0x38, 0x07, 0x30,
    0x38, 0x07, 0x78, 0x38, 0x07, 0x3C, 0x38, 0x07, 0x1C, 0x38, 0x07, 0x0C, 0x38, 0x07, 0x00, 0x77,
    0xFF, 0xFF, 0x7F, 0xFF, 0xFF, 0xFF, 0xFF, 0xFF, 0x67, 0xFF, 0xFE, 0x00, 0x00, 0x00, 0x1F, 0xFF,
    0xFF, 0x1F, 0xFF, 0xFF, 0x1F, 0xFF, 0xFF, 0x1C, 0x0F, 0x00, 0x1D, 0xFF, 0xFC, 0x1D, 0xFF, 0xFC,
    0x1D, 0xFF, 0xFC, 0x1D, 0xC0, 0x1C, 0x1D, 0xFF, 0xFC, 0x1D, 0xFF, 0xFC, 0x1D, 0xC0, 0x1C, 0x1D,
    0xC0, 0x1C, 0x3D, 0xFF, 0xFC, 0x39, 0xFF, 0xFC, 0x38, 0x07, 0x00, 0x38, 0xE7, 0x30, 0x38, 0xE7,
    0x78, 0x39, 0xE7, 0x3C, 0x73, 0xC7, 0x1E, 0x77, 0x87, 0x0F, 0x73, 0x3F, 0x07, 0x20, 0x3F, 0x00,
    0x00, 0x00, 0x00, 0x00, 0x00, 0xF0, 0x0F, 0xFF, 0xF0, 0x7F, 0xFF, 0xE0, 0xFF, 0xF8, 0x01, 0xC0,
    0x00, 0x03, 0x80, 0x00, 0x07, 0x00, 0x00, 0x0F, 0xFF, 0xFC, 0x1F, 0xFF, 0xF8, 0x3F, 0xFF, 0xF0,
    0x77, 0x01, 0xC0, 0xEF, 0x07, 0x83, 0xCE, 0x0E, 0x07, 0x9E, 0x3C, 0x0E, 0x1E, 0xF0, 0x1C, 0x1F,
    0xE0, 0x38, 0x3F, 0x80, 0x70, 0x3E, 0x01, 0xE1, 0xFE, 0x03, 0x8F, 0xFF, 0x87, 0x7F, 0x1F, 0xFE,
    0xF8, 0x0F, 0x99, 0xC0, 0x07, 0x00, 0x00, 0x00, 0x00, 0x10, 0x00, 0x03, 0x8E, 0x38, 0x01, 0xCF,
    0x1E, 0x01, 0xE7, 0x8F, 0x00, 0xE3, 0xC3, 0xC0, 0xF1, 0xE0, 0xC0, 0x7F, 0xFF, 0xFC, 0x7F, 0xFF,
    0xFE, 0x1F, 0xFF, 0xFF, 0x00, 0x3C, 0x00, 0x00, 0x3C, 0x00, 0x00, 0x1F, 0xFF, 0x80, 0x1F, 0xFF,
    0xC0, 0x0F, 0xFF, 0xC0, 0x0F, 0xC1, 0xE0, 0x07, 0xF1, 0xE0, 0x07, 0xBC, 0xF0, 0x07, 0x8F, 0xF0,
    0x0F, 0xC3, 0xF0, 0x0F, 0xC1, 0xF8, 0x07, 0x87, 0xFF, 0x03, 0x9F, 0xFF, 0xF8, 0x0F, 0xE1, 0xFC,
    0x03, 0x80, 0x3E, 0x00, 0x00, 0x00, 0x00, 0x7F, 0xF8, 0x00, 0x3F, 0xFF, 0xFF, 0x0F, 0xFF, 0xFF,
    0xC7, 0x1D, 0xFF, 0xE3, 0x8E, 0x30, 0xE1, 0xFF, 0x1C, 0x70, 0xFF, 0x8E, 0x38, 0x7F, 0xC7, 0x1C,
    0x38, 0xE3, 0x9E, 0x1C, 0x70, 0xEE, 0x0F, 0xF8, 0x77, 0x07, 0xFC, 0x3F, 0x83, 0xFE, 0x0F, 0x81,
    0xC7, 0x07, 0xC0, 0xE3, 0xA3, 0xC0, 0x7F, 0xF1, 0xE0, 0x7F, 0xF8, 0xF8, 0x3F, 0xF0, 0xFE, 0x1F,
    0x38, 0xF7, 0x80, 0x1C, 0xF1, 0xE0, 0x0E, 0xF0, 0xF0, 0x07, 0x30, 0x10, 0x00, 0x00, 0x00, 0x7F,
    0xFF, 0xF7, 0xFF, 0xFF, 0xFF, 0xFF, 0xFF, 0xE0, 0x00, 0xFF, 0x00, 0x07, 0xF8, 0x00, 0x3F, 0xC0,
    0x01, 0xFE, 0x00, 0x0F, 0xF0, 0x00, 0x7F, 0x80, 0x03, 0xFC, 0x00, 0x1F, 0xE0, 0x00, 0xFF, 0x00,
    0x07, 0xF8, 0x00, 0x3F, 0xC0, 0x01, 0xFE, 0x00, 0x0F, 0xFF, 0xFF, 0xFF, 0xFF, 0xFF, 0xFF, 0xFF,
    0xFF, 0xE0, 0x00, 0xF7, 0x00, 0x07, 0x00, 0xFF, 0xFF, 0xFF, 0xFF, 0xFF, 0xFF, 0xFF, 0xFF, 0xFB,
    0xFF, 0xFF, 0xE0, 0x00, 0x07, 0x00, 0x00, 0x0E, 0x0F, 0xFF, 0x1C, 0x1F, 0xFE, 0x38, 0x3F, 0xFC,
    0x70, 0x78, 0x78, 0xE0, 0xF0, 0xF1, 0xC1, 0xE1, 0xE3, 0x83, 0xC3, 0xC7, 0x07, 0xFF, 0x8E, 0x0F,
    0xFF, 0x1C, 0x1F, 0xFE, 0x38, 0x3C, 0x00, 0x70, 0x78, 0x00, 0xE0, 0x00, 0x01, 0xC0, 0x00, 0x7F,
    0x80, 0x00, 0xFF, 0x00, 0x01, 0xFC, 0x00, 0x00, 0x00, 0x00, 0x00, 0x00, 0x00, 0x00, 0x78, 0x00,
    0x00, 0x78, 0x00, 0x00, 0x70, 0x00, 0x00, 0x70, 0x00, 0x7F, 0xFF, 0xFF, 0x7F, 0xFF, 0xFF, 0x7F,
    0xFF, 0xFF, 0x01, 0xE0, 0x00, 0x01, 0xC0, 0x00, 0x03, 0xC0, 0x00, 0x03, 0x80, 0x00, 0x07, 0xFF,
    0xFC, 0x0F, 0xFF, 0xFC, 0x1F, 0xFF, 0xFC, 0x3F, 0x80, 0x1C, 0x7F, 0x80, 0x1C, 0x7B, 0x80, 0x1C,
    0x73, 0x80, 0x1C, 0x03, 0x80, 0x1C, 0x03, 0xFF, 0xFC, 0x03, 0xFF, 0xFC, 0x03, 0xFF, 0xFC, 0x03,
    0x80, 0x1C, 0x01, 0x80, 0x00, 0x0F, 0xFF, 0xE0, 0x3F, 0xFF, 0xE0, 0x7F, 0xFF, 0xC0, 0xE0, 0x03,
    0x81, 0xC0, 0x07, 0x03, 0xFF, 0xFE, 0x07, 0xFF, 0xFC, 0x0F, 0xFF, 0xF8, 0x00, 0x00, 0x00, 0x00,
    0x00, 0x03, 0xFF, 0xFF, 0xFF, 0xFF, 0xFF, 0xF0, 0x78, 0x00, 0x00, 0xE0, 0x00, 0x03, 0xFF, 0xFC,
    0x07, 0xFF, 0xF8, 0x0F, 0xFF, 0xF0, 0x00, 0x01, 0xE0, 0x00, 0x03, 0x80, 0x00, 0x07, 0x00, 0x03,
    0xFE, 0x00, 0x07, 0xF8, 0x00, 0x0F, 0xE0, 0x00, 0x00, 0x00, 0x00, 0x40, 0x00, 0x00, 0x78, 0x00,
    0x00, 0x78, 0x00, 0x00, 0x3F, 0xFE, 0x00, 0x3F, 0xFF, 0x80, 0x7F, 0xFF, 0xC0, 0x7F, 0x07, 0xC0,
    0x7F, 0xC7, 0xC0, 0x7C, 0xFF, 0xC0, 0x1C, 0x3F, 0xC0, 0x00, 0x1F, 0xC0, 0x00, 0x7F, 0xFC, 0x01,
    0xFF, 0x7F, 0xE3, 0xFE, 0x0F, 0xF9, 0xFC, 0x01, 0xFC, 0xEF, 0xFF, 0xFC, 0x07, 0xFF, 0xF0, 0x03,
    0xFF, 0xF8, 0x01, 0xC0, 0x1C, 0x00, 0xE0, 0x0E, 0x00, 0x70, 0x07, 0x00, 0x3F, 0xFF, 0x80, 0x1F,
    0xFF, 0xC0, 0x0F, 0xFF, 0xE0, 0x06, 0x00, 0x00, 0x00, 0xFF, 0xFF, 0xFF, 0xFF, 0xFF, 0xFF, 0xFF,
    0xFF, 0xC0, 0x00, 0x7E, 0xFF, 0xFB, 0xF7, 0xFF, 0xDF, 0xBF, 0xFE, 0xFC, 0x00, 0x07, 0xE0, 0x00,
    0x3F, 0x3F, 0xF9, 0xF9, 0xFF, 0xCF, 0xCE, 0x0E, 0x7E, 0x70, 0x73, 0xF3, 0x83, 0x9F, 0x9C, 0x1C,
    0xFC, 0xFF, 0xE7, 0xE7, 0xFF, 0x3F, 0x3F, 0xF1, 0xF9, 0xC0, 0x0F, 0xC0, 0x03, 0xFE, 0x00, 0x1F,
    0xF0, 0x00, 0xFF, 0x00, 0x03, 0x00, 0x00, 0x00, 0x00, 0x01, 0xE0, 0x00, 0x0F, 0x00, 0x00, 0x7F,
    0xFE, 0x03, 0xFF, 0xF8, 0x3F, 0xFF, 0xE1, 0xF0, 0x0F, 0x1F, 0x80, 0x7C, 0x3F, 0xC3, 0xE0, 0x4F,
    0x9F, 0x00, 0x1F, 0xF8, 0x00, 0x1F, 0xC0, 0x00, 0xFC, 0x00, 0x1F, 0xFF, 0xF7, 0xFF, 0xFF, 0xDF,
    0xFF, 0xFF, 0x7F, 0x80, 0x3C, 0x8E, 0x00, 0xF0, 0x38, 0x03, 0xC0, 0xE0, 0x0F, 0x03, 0xFF, 0xFC,
    0x0F, 0xFF, 0xF0, 0x3F, 0xFF, 0xC0, 0xE0, 0x0F, 0x01, 0x00, 0x18, 0x00, 0x00, 0xF8, 0x03, 0xFF,
    0xFC, 0x1F, 0xFF, 0xFC, 0x1F, 0xFF, 0x80, 0x1E, 0x00, 0x00, 0x1E, 0x00, 0x00, 0x1F, 0xFF, 0xFF,
    0x1F, 0xFF, 0xFF, 0x1F, 0xFF, 0xFF, 0x1F, 0xFF, 0xFF, 0x1E, 0x00, 0x00, 0x1C, 0x00, 0x00, 0x1C,
    0xFF, 0xFE, 0x1D, 0xFF, 0xFE, 0x1D, 0xFF, 0xFE, 0x1D, 0xE0, 0x1E, 0x3D, 0xE0, 0x1E, 0x3D, 0xE0,
    0x1E, 0x39, 0xE0, 0x1E, 0x79, 0xFF, 0xFE, 0x79, 0xFF, 0xFE, 0xF1, 0xFF, 0xFE, 0x71, 0xE0, 0x1E,
    0x00, 0xC0, 0x00, 0x00, 0x00, 0x00, 0x07, 0x80, 0x00, 0x3C, 0x00, 0x03, 0xC0, 0x00, 0x1E, 0x00,
    0x7F, 0xFF, 0xFF, 0xFF, 0xFF, 0xFF, 0xFF, 0xFF, 0xE0, 0x00, 0x3F, 0x00, 0x01, 0xF9, 0xFF, 0xCF,
    0xCF, 0xFE, 0x7E, 0x7F, 0xF3, 0xF3, 0x83, 0x9F, 0x9C, 0x1C, 0xFC, 0xE0, 0xE7, 0xE7, 0xFF, 0x3F,
    0x3F, 0xF9, 0xF9, 0xFF, 0xCF, 0xCE, 0x00, 0x7E, 0x70, 0x03, 0xF0, 0x01, 0xFF, 0x80, 0x0F, 0xFC,
    0x00, 0x7E, 0x40, 0x01, 0x80, 0x7F, 0xFF, 0xFF, 0x3F, 0xFF, 0xFF, 0x9F, 0xFF, 0xFF, 0xC0, 0x07,
    0xC0, 0x00, 0x07, 0xC8, 0x00, 0x0F, 0xEF, 0x00, 0x0F, 0xFF, 0xE0, 0x3F, 0xB9, 0xFC, 0x7F, 0x9C,
    0x3F, 0x3F, 0x0E, 0x07, 0x8E, 0x07, 0x01, 0x80, 0x03, 0x80, 0x00, 0xFF, 0xFF, 0x80, 0x7F, 0xFF,
    0xC0, 0x3F, 0xFF, 0xE0, 0x1C, 0x00, 0x70, 0x0E, 0x00, 0x38, 0x07, 0x00, 0x1C, 0x03, 0xFF, 0xFE,
    0x01, 0xFF, 0xFF, 0x00, 0xFF, 0xFF, 0x80, 0x70, 0x01, 0xC0, 0x10, 0x00, 0x00, 0x00, 0x00, 0x00,
    0x00, 0x0F, 0x00, 0x00, 0x0F, 0x80, 0x00, 0x0F, 0xC0, 0x00, 0x0F, 0xF8, 0x00, 0x1F, 0xBE, 0x00,
    0x3F, 0xE7, 0xE0, 0x7F, 0x79, 0xFC, 0x7F, 0x1E, 0x3F, 0x3E, 0x07, 0x0F, 0x8F, 0xFF, 0xFC, 0x81,
    0xFF, 0xFE, 0x00, 0xFF, 0xFF, 0x00, 0x00, 0x0F, 0x00, 0x00, 0x0F, 0x00, 0x1F, 0xFF, 0xF0, 0x0F,
    0xFF, 0xF8, 0x07, 0xFF, 0xFC, 0x03, 0x80, 0x0E, 0x01, 0xC0, 0x07, 0x00, 0xFF, 0xFF, 0x80, 0x7F,
    0xFF, 0xC0, 0x3F, 0xFF, 0xE0, 0x1C, 0x00, 0x70, 0x00, 0x00, 0x00, 0x00, 0x00, 0x00, 0x00, 0x00,
    0x38, 0x00, 0x00, 0x70, 0x00, 0x00, 0xF0, 0x01, 0xFF, 0xFF, 0xC3, 0xFF, 0xFF, 0x87, 0xFF, 0xFF,
    0x0F, 0x00, 0x0E, 0x1E, 0x00, 0x1C, 0x3F, 0xFF, 0xF8, 0x7F, 0xFF, 0xF0, 0xFF, 0xFF, 0xE1, 0xE0,
    0x00, 0x03, 0x80, 0x00, 0x07, 0x7F, 0xFF, 0x8E, 0xFF, 0xFF, 0x1D, 0xFF, 0xFE, 0x3B, 0x80, 0x1C,
    0xF7, 0x00, 0x39, 0xCE, 0x00, 0x73, 0x9F, 0xFF, 0xEF, 0x3F, 0xFF, 0xDC, 0x7F, 0xFF, 0x98, 0xE0,
    0x07, 0x00, 0x00, 0x00, 0x00, 0x18, 0x00, 0x1C, 0x78, 0x00, 0x38, 0xF0, 0x00, 0xF1, 0xE0, 0x01,
    0xFF, 0xFF, 0x87, 0xFF, 0xFF, 0x0F, 0xFF, 0xFE, 0x3C, 0x1E, 0x00, 0xF0, 0x3C, 0x00, 0x60, 0x78,
    0x03, 0xFF, 0xFF, 0xFF, 0xFF, 0xFF, 0xFF, 0xFF, 0xFF, 0xE0, 0x00, 0x00, 0x07, 0xFF, 0xFC, 0x0F,
    0xFF, 0xF8, 0x1F, 0xFF, 0xF0, 0x38, 0x00, 0xE0, 0x70, 0x01, 0xC0, 0xE0, 0x03, 0x81, 0xFF, 0xFF,
    0x03, 0xFF, 0xFE, 0x07, 0xFF, 0xFC, 0x0E, 0x00, 0x38, 0x1C, 0x00, 0x70, 0x1F, 0xFF, 0xFE, 0x3F,
    0xFF, 0xFC, 0x7F, 0xFF, 0xF8, 0xE0, 0xE0, 0xF1, 0xDF, 0xFD, 0xE3, 0xBF, 0xFB, 0xC7, 0x7F, 0xF7,
    0x8E, 0x0E, 0x0F, 0x1D, 0xFF, 0xFE, 0x3F, 0xFF, 0xFC, 0x7F, 0xFF, 0xF8, 0xE0, 0x00, 0xF1, 0xCF,
    0xFD, 0xE3, 0xBF, 0xFB, 0xC7, 0x7F, 0xF7, 0x8E, 0xE0, 0xEF, 0x39, 0xC1, 0xDE, 0x73, 0xFF, 0xBC,
    0xE7, 0xFF, 0x7B, 0xCE, 0x00, 0xF7, 0x0C, 0x0F, 0xCE, 0x00, 0x1F, 0x80, 0x00, 0x00, 0x00, 0x00,
    0x08, 0x00, 0x00, 0x0F, 0x00, 0x00, 0x0F, 0x80, 0x00, 0x0F, 0xE0, 0x00, 0x0F, 0xF8, 0x00, 0x1F,
    0xBF, 0x00, 0x3F, 0x07, 0xE0, 0xFF, 0xFF, 0xFE, 0x7F, 0xFF, 0xFF, 0x3C, 0xFF, 0xE7, 0x08, 0x00,
    0x00, 0x03, 0xFC, 0xFF, 0x81, 0xFE, 0x7F, 0xE0, 0xFF, 0x3F, 0xF0, 0x73, 0x9C, 0x78, 0x39, 0xCE,
    0x3C, 0x1C, 0xE7, 0x1E, 0x0E, 0x73, 0x8F, 0x07, 0xF9, 0xDF, 0x83, 0xFC, 0xEF, 0x81, 0xFE, 0x77,
    0xC0, 0xE0, 0x38, 0x00, 0x60, 0x1C, 0x00, 0x00, 0x0E, 0x00, 0x00, 0x06, 0x00, 0x00, 0x00, 0xE0,
    0x00, 0x3F, 0xE0, 0x01, 0xFF, 0xDF, 0xFB, 0xFC, 0x3F, 0xF2, 0x78, 0x7F, 0xE0, 0xF0, 0xE1, 0xC1,
    0xE1, 0xC3, 0xBF, 0xFF, 0x87, 0x7F, 0xFF, 0x0E, 0xFF, 0xFE, 0x1C, 0x3E, 0x1C, 0x38, 0x7E, 0x38,
    0x70, 0xFE, 0x70, 0xE3, 0xFE, 0xE1, 0xCF, 0xFF, 0xC3, 0x9F, 0xDB, 0x87, 0x7F, 0xB7, 0x0F, 0xEF,
    0x0F, 0xFD, 0x9E, 0x1F, 0xFB, 0x3C, 0x3F, 0xF0, 0x78, 0x70, 0xE0, 0xF0, 0xE1, 0xC1, 0xE0, 0x00,
    0x00, 0x00, 0x00, 0x00, 0x00, 0x00, 0x00, 0x03, 0x80, 0x00, 0x07, 0x80, 0xFF, 0x07, 0xC0, 0xFF,
    0x0F, 0xC0, 0xFF, 0x0F, 0xE0, 0xE7, 0x1E, 0xF0, 0xE7, 0x3C, 0x78, 0xE7, 0x78, 0x3E, 0xE7, 0xFF,
    0xFE, 0xE7, 0xFF, 0xFE, 0xE7, 0x5F, 0xF4, 0xE7, 0x00, 0x00, 0xE7, 0x3F, 0xF8, 0xE7, 0x3F, 0xF8,
    0xFF, 0x3F, 0xF8, 0xFF, 0x38, 0x38, 0xFF, 0x38, 0x38, 0xE0, 0x38, 0x38, 0xE0, 0x38, 0x38, 0x00,
    0x3F, 0xF8, 0x00, 0x3F, 0xF8, 0x00, 0x3F, 0xF8, 0x00, 0x38, 0x38, 0x00, 0x30, 0x30, 0x00, 0x00,
    0x00, 0x00, 0x0E, 0x00, 0x00, 0x1E, 0x00, 0xFE, 0x1F, 0xF0, 0xFE, 0x3F, 0xF8, 0xFE, 0x78, 0xF0,
    0xE6, 0xF0, 0xE0, 0xE7, 0xFF, 0xF8, 0xE6, 0xFF, 0xFC, 0xE6, 0x73, 0xBC, 0xE6, 0x73, 0xBC, 0xE6,
    0x73, 0xBC, 0xE6, 0x73, 0xBC, 0xE6, 0x73, 0xBC, 0xE6, 0xFF, 0xFE, 0xE7, 0xFF, 0xFE, 0xFF, 0xFF,
    0xFE, 0xFE, 0x0F, 0x80, 0xFE, 0x0F, 0xC0, 0xE0, 0x3D, 0xE0, 0xE0, 0x7C, 0xF8, 0x01, 0xF8, 0x7E,
    0x03, 0xE0, 0x3E, 0x01, 0xC0, 0x0C, 0x00, 0x00, 0x00, 0x00, 0x00, 0x00, 0x0F, 0xFB, 0xFE, 0x07,
    0xFD, 0xFF, 0x03, 0x9E, 0xE3, 0x81, 0xCF, 0x71, 0xC0, 0xFF, 0xBF, 0xE0, 0x7F, 0xDF, 0xF0, 0x3F,
    0xEF, 0xF8, 0x00, 0x39, 0xE0, 0x00, 0x3C, 0x78, 0x1F, 0xFF, 0xFF, 0xCF, 0xFF, 0xFF, 0xE7, 0xFF,
    0xFF, 0xF0, 0x3E, 0x0F, 0x80, 0x7C, 0x03, 0xF0, 0xFF, 0xCF, 0xFE, 0x7F, 0xF7, 0xFF, 0x3F, 0xFB,
    0xFF, 0x87, 0x3D, 0xC7, 0x03, 0x9E, 0xE3, 0x81, 0xFF, 0x7F, 0xC0, 0xFF, 0xBF, 0xE0, 0x7F, 0xDF,
    0xF0, 0x30, 0x06, 0x00, 0xFF, 0xFF, 0xFF, 0xFF, 0xFF, 0xFF, 0xFF, 0xFF, 0xC7, 0x3C, 0x7E, 0x39,
    0xE3, 0xF1, 0xCF, 0x1F, 0x8E, 0x78, 0xFC, 0x73, 0xC7, 0xE3, 0x9E, 0x3F, 0x3C, 0xF1, 0xF9, 0xC3,
    0xFF, 0xDE, 0x1F, 0xFF, 0xE0, 0xFF, 0xFE, 0x00, 0x1F, 0xA0, 0x00, 0xFC, 0x00, 0x07, 0xFF, 0xFF,
    0xFF, 0xFF, 0xFF, 0xFF, 0xFF, 0xFF, 0xC0, 0x00, 0x7E, 0x00, 0x00, 0x00, 0x7F, 0xFF, 0xFC, 0xFF,
    0xFF, 0xFD, 0xFF, 0xFF, 0xFB, 0xFF, 0xFF, 0xF7, 0x00, 0x01, 0xEE, 0x00, 0x03, 0xDC, 0xFF, 0xE7,
    0xB9, 0xFF, 0xCF, 0x73, 0xFF, 0x9E, 0xE7, 0x07, 0x3D, 0xCE, 0x0E, 0x7B, 0x9C, 0x1C, 0xF7, 0x38,
    0x39, 0xEE, 0x7F, 0xF3, 0xDC, 0xFF, 0xE7, 0xB9, 0xFF, 0xCF, 0x70, 0x00, 0x1E, 0xE0, 0x00, 0x3D,
    0xC0, 0x00, 0x7B, 0xFF, 0xFF, 0xF7, 0xFF, 0xFF, 0xEF, 0xFF, 0xFF, 0xDC, 0x00, 0x07, 0x80, 0x00,
    0x00, 0x7F, 0xFF, 0xFC, 0xFF, 0xFF, 0xFD, 0xFF, 0xFF, 0xFB, 0x80, 0x00, 0xF7, 0x03, 0x81, 0xEE,
    0x07, 0x03, 0xDC, 0x0E, 0x07, 0xBF, 0xFF, 0xFF, 0x7F, 0xFF, 0xFE, 0xFF, 0xFF, 0xFD, 0xC0, 0xE0,
    0x7B, 0x83, 0xC0, 0xF7, 0x07, 0xC1, 0xEE, 0x1F, 0xC3, 0xDC, 0x3B, 0xC7, 0xB8, 0xF3, 0xCF, 0x77,
    0xC3, 0xDE, 0xFF, 0x03, 0xFD, 0xDC, 0x03, 0x7B, 0xB0, 0x00, 0xF7, 0xFF, 0xFF, 0xEF, 0xFF, 0xFF,
    0xDC, 0x00, 0x07, 0x80, 0x00, 0x00, 0x7F, 0xFF, 0xFC, 0xFF, 0xFF, 0xFD, 0xFF, 0xFF, 0xFB, 0x81,
    0xC0, 0xF7, 0x03, 0x81, 0xEF, 0xFF, 0xFF, 0xDF, 0xFF, 0xFF, 0xBB, 0xFF, 0xEF, 0x70, 0x38, 0x1E,
    0xEF, 0xFF, 0xBD, 0xDF, 0xFF, 0x7B, 0x81, 0xC0, 0xF7, 0xFF, 0xFF, 0xEF, 0xFF, 0xFF, 0xDF, 0xFF,
    0xFF, 0xB8, 0x1C, 0x7F, 0x70, 0x3F, 0xDE, 0xE0, 0x7F, 0xBD, 0xC0, 0xEE, 0x7B, 0x81, 0xC0, 0xF7,
    0xFF, 0xFF, 0xEF, 0xFF, 0xFF, 0xDC, 0x00, 0x07, 0x80, 0x00, 0x00, 0xFF, 0xFF, 0xFF, 0xFF, 0xFF,
    0xFF, 0xFF, 0xFF, 0xC0, 0xE0, 0x7E, 0x07, 0x03, 0xF7, 0xFF, 0xDF, 0xFF, 0xFF, 0xFD, 0xFF, 0xFF,
    0xE0, 0x70, 0x3F, 0x03, 0x81, 0xF9, 0xFF, 0xCF, 0xCF, 0xFE, 0x7E, 0x7F, 0xF3, 0xF3, 0x83, 0x9F,
    0x9C, 0x1C, 0xFC, 0xFF, 0xE7, 0xE7, 0xFF, 0x3F, 0x00, 0x01, 0xFF, 0xFF, 0xFF, 0xFF, 0xFF, 0xFF,
    0xFF, 0xFF, 0xF0, 0x00, 0x1F, 0x00, 0x00, 0x60, 0x00, 0x00, 0x00, 0xFF, 0xFF, 0xF9, 0xFF, 0xFF,
    0xF3, 0x83, 0x00, 0xE7, 0x0E, 0x01, 0xCE, 0x3F, 0xFB, 0x9C, 0xFF, 0xF7, 0x3B, 0xE3, 0xCE, 0x7F,
    0xEF, 0x1C, 0xE9, 0xFC, 0x39, 0xC3, 0xF8, 0x73, 0xBF, 0xFF, 0xE7, 0xFC, 0x7F, 0xCF, 0xFF, 0x1F,
    0x9C, 0x3F, 0x87, 0x38, 0x87, 0x0E, 0x73, 0xF8, 0x1C, 0xE7, 0xFF, 0x39, 0xC0, 0xFE, 0x73, 0x80,
    0x18, 0xE7, 0xFF, 0xFF, 0xCF, 0xFF, 0xFF, 0x9F, 0xFF, 0xFF, 0x30, 0x00, 0x06, 0x7F, 0xFF, 0xFC,
    0xFF, 0xFF, 0xFD, 0xFF, 0xFF, 0xFB, 0x80, 0x00, 0xF7, 0x7F, 0xFD, 0xEE, 0xFF, 0xFB, 0xDD, 0xC0,
    0x77, 0xBB, 0xFF, 0xEF, 0x77, 0xFF, 0xDE, 0xE0, 0x00, 0x3D, 0xDF, 0xFF, 0x7B, 0xBF, 0xFE, 0xF7,
    0x73, 0x9D, 0xEE, 0xE7, 0x3B, 0xDD, 0xCE, 0x77, 0xBB, 0x9C, 0xEF, 0x76, 0xFF, 0xDE, 0xEF, 0xDF,
    0xBD, 0xFF, 0x0F, 0xFB, 0xF8, 0x06, 0xF7, 0xFF, 0xFF, 0xEF, 0xFF, 0xFF, 0xDF, 0xFF, 0xFF, 0x80,
    0x00, 0x00, 0x00, 0x00, 0x00, 0x00, 0x70, 0x00, 0x00, 0x70, 0x00, 0x00, 0xF0, 0x00, 0x7F, 0xFF,
    0xFF, 0x7F, 0xFF, 0xFF, 0x7F, 0xFF, 0xFF, 0x03, 0xC0, 0x00, 0x03, 0xC3, 0xC0, 0x07, 0x83, 0xC0,
    0x0F, 0x03, 0xC0, 0x0F, 0x03, 0xC0, 0x1E, 0x7F, 0xFE, 0x3E, 0x7F, 0xFE, 0x7E, 0x7F, 0xFE, 0x7E,
    0x03, 0xC0, 0x6E, 0x03, 0xC0, 0x0E, 0x03, 0xC0, 0x0E, 0x03, 0xC0, 0x0E, 0x03, 0xC0, 0x0E, 0x03,
    0xC0, 0x0E, 0xFF, 0xFF, 0x0E, 0xFF, 0xFF, 0x0E, 0xFF, 0xFF, 0x00, 0x00, 0x00, 0x00, 0x00, 0x00,
    0x07, 0x00, 0xE0, 0x03, 0x80, 0x70, 0x01, 0xC7, 0x38, 0x00, 0xE3, 0x9C, 0x00, 0x71, 0xCE, 0x71,
    0xFE, 0xE7, 0xF8, 0xFF, 0x73, 0xFC, 0x7F, 0xBF, 0xFE, 0x07, 0x1F, 0xE7, 0x03, 0x9F, 0xF3, 0x81,
    0xDF, 0xB9, 0xC0, 0xEF, 0x9C, 0xE0, 0x71, 0xCE, 0x70, 0x3A, 0xE7, 0x38, 0x1F, 0xF3, 0xFC, 0x1F,
    0xF9, 0xDE, 0x3F, 0xDC, 0xEC, 0x1F, 0x0E, 0x30, 0xCE, 0x07, 0x00, 0x70, 0x03, 0x80, 0x70, 0x01,
    0xFF, 0xF8, 0x00, 0x7F, 0xFC, 0x00, 0x1F, 0xFC, 0x0E, 0x00, 0xE0, 0x07, 0x00, 0x70, 0x03, 0x80,
    0x38, 0x01, 0xC0, 0x1C, 0x00, 0xE0, 0x0E, 0x03, 0xFD, 0xC7, 0x01, 0xFF, 0xE3, 0x80, 0xFF, 0xF1,
    0xC0, 0x0E, 0x38, 0xFF, 0x07, 0x1C, 0x7F, 0x83, 0x8E, 0x3F, 0xC1, 0xC7, 0x1C, 0x00, 0xE3, 0x8E,
    0x00, 0x77, 0xC7, 0x00, 0x3F, 0xE3, 0x80, 0x3F, 0xF1, 0xC0, 0x7F, 0x38, 0xE0, 0x3E, 0x1C, 0x70,
    0x1C, 0x0E, 0x38, 0x00, 0x1F, 0xFF, 0xE0, 0x1F, 0xFF, 0xF8, 0x0F, 0xFF, 0xFC, 0x03, 0xFF, 0xFC,
    0x00, 0x00, 0x00, 0x0E, 0x07, 0x00, 0x0E, 0x07, 0x00, 0x0E, 0x07, 0x00, 0x0E, 0x0F, 0xFE, 0x0E,
    0x1F, 0xFF, 0x7F, 0x9F, 0xFF, 0x7F, 0xBC, 0x07, 0x7F, 0xF8, 0x07, 0x1E, 0x74, 0x07, 0x0E, 0x2E,
    0x07, 0x0E, 0x0F, 0x87, 0x0E, 0x03, 0xC6, 0x0E, 0x01, 0xC6, 0x0E, 0x40, 0xBE, 0x0F, 0xC0, 0xFE,
    0x0F, 0xC3, 0xFE, 0x3F, 0x8F, 0xCE, 0x7E, 0x3F, 0x0E, 0x78, 0x3C, 0x0E, 0x60, 0x38, 0x0E, 0x00,
    0x01, 0x9E, 0x00, 0x01, 0xFC, 0x00, 0x01, 0xFC, 0x00, 0x00, 0x00, 0x00, 0x07, 0xF0, 0x7F, 0xFF,
    0xF0, 0xFF, 0xFF, 0xE1, 0xFF, 0xE0, 0x00, 0x03, 0x80, 0x0F, 0xFF, 0xFF, 0x9F, 0xFF, 0xFF, 0x3F,
    0xFF, 0xFE, 0x0E, 0x38, 0xE0, 0x1C, 0x71, 0xC3, 0xFF, 0xFF, 0xFF, 0xFF, 0xFF, 0xFF, 0xFF, 0xFF,
    0xE1, 0xC7, 0x1C, 0x03, 0x8E, 0x38, 0x3F, 0xFF, 0xFE, 0x7F, 0xFF, 0xFC, 0xFF, 0xFF, 0xF8, 0x00,
    0xE0, 0x00, 0x01, 0xC0, 0x03, 0xFF, 0xFF, 0x87, 0xFF, 0xFF, 0x0F, 0xFF, 0xFE, 0x00, 0x03, 0x00,
    0x60, 0x03, 0xC0, 0x78, 0x01, 0xE0, 0x3C, 0x07, 0xFF, 0xFF, 0xC3, 0xFF, 0xFF, 0xE0, 0x3C, 0x07,
    0x80, 0x1F, 0xFF, 0xC0, 0x0F, 0xFF, 0xE0, 0x07, 0xFF, 0xF0, 0x03, 0xFF, 0xF8, 0x01, 0xFF, 0xFC,
    0x00, 0xFF, 0xFE, 0x07, 0xFF, 0xFF, 0xF3, 0xFF, 0xFF, 0xF9, 0xFF, 0xFF, 0xFC, 0x0F, 0x39, 0xE0,
    0x0F, 0x1C, 0x7C, 0x1F, 0xFF, 0xFF, 0x9F, 0xFF, 0xFF, 0xCF, 0x7F, 0xFC, 0xE2, 0x01, 0xC0, 0x00,
    0xFF, 0xFF, 0xE0, 0x7F, 0xFF, 0xF8, 0x3F, 0xFF, 0xF8, 0x00, 0x00, 0x00, 0x38, 0x38, 0x38, 0x70,
    0x70, 0xF0, 0xE0, 0x73, 0xC1, 0xC7, 0xFF, 0xE3, 0x8F, 0xFF, 0xC7, 0x1F, 0xFF, 0xBF, 0xFE, 0xDF,
    0x7F, 0xFD, 0xBE, 0x7E, 0xFF, 0xFC, 0x71, 0xDF, 0xB8, 0xE3, 0xFF, 0xF1, 0xC7, 0xFF, 0xE3, 0x80,
    0x00, 0x07, 0x0F, 0xFF, 0x0E, 0x1F, 0xFE, 0x1F, 0xB8, 0x1C, 0x3F, 0x7F, 0xF9, 0xFE, 0xFF, 0xF3,
    0xE1, 0xFF, 0xE7, 0x03, 0x81, 0xC0, 0x07, 0xFF, 0x80, 0x0F, 0xFF, 0x00, 0x1C, 0x0E, 0x00, 0x00,
    0x00, 0x00, 0x00, 0x00, 0x00, 0x78, 0x00, 0x00, 0x78, 0x00, 0x00, 0x7F, 0xFF, 0x00, 0x7F, 0xFF,
    0x00, 0x7C, 0x0F, 0x80, 0xFF, 0x8F, 0x80, 0x7B, 0xFF, 0x80, 0x10, 0xFF, 0x00, 0x00, 0xFF, 0xE0,
    0x07, 0xFF, 0xFF, 0xCF, 0xFC, 0x7F, 0xE7, 0xF0, 0x03, 0xF3, 0xFF, 0xFF, 0xC0, 0x3F, 0xFF, 0xE0,
    0x1F, 0xFF, 0xF0, 0x0E, 0x1C, 0x38, 0x07, 0xFF, 0xFC, 0x03, 0xFF, 0xFE, 0x01, 0xC3, 0x87, 0x00,
    0xE1, 0xC3, 0x80, 0x7F, 0xFF, 0xC0, 0x3F, 0xFF, 0xE0, 0x1F, 0xFF, 0xF0, 0x00, 0x00, 0x00, 0x00,
    0x00, 0x00, 0x00, 0x01, 0xC0, 0x00, 0x01, 0xC0, 0x00, 0x01, 0xFF, 0xFF, 0xC1, 0xFF, 0xFF, 0xE1,
    0xFF, 0xFF, 0xE1, 0xFF, 0xFF, 0xE0, 0xFF, 0xFF, 0xF0, 0x37, 0xFF, 0xF8, 0x03, 0xFF, 0xFC, 0x01,
    0xFF, 0xFE, 0x00, 0xE0, 0x07, 0x00, 0x7F, 0xFF, 0x80, 0x3F, 0xFF, 0xC0, 0x1F, 0xFF, 0xE0, 0x07,
    0xFF, 0xE0, 0x07, 0xFF, 0xF8, 0x0F, 0xFF, 0xF8, 0x0F, 0xF8, 0x78, 0x03, 0x1F, 0xF8, 0x00, 0x07,
    0xF8, 0x01, 0xFF, 0xFF, 0xF9, 0xFF, 0xCF, 0xFC, 0xFE, 0x00, 0xFC, 0x00, 0x00, 0x00, 0x00, 0x00,
    0x00, 0x00, 0x00, 0xF0, 0x00, 0x03, 0xC0, 0x00, 0x0F, 0xFF, 0x00, 0x7F, 0xFE, 0x03, 0xFF, 0xFC,
    0x1F, 0xC0, 0xF0, 0x1F, 0xE7, 0xC0, 0x11, 0xFF, 0x00, 0x01, 0xFC, 0x00, 0x1F, 0xFE, 0x03, 0xFF,
    0x78, 0x07, 0xF9, 0xFF, 0xEF, 0x8F, 0xFF, 0xC0, 0x3F, 0xFF, 0x03, 0xF8, 0x1E, 0x0F, 0xF8, 0xF8,
    0x1E, 0x7B, 0xE0, 0x00, 0x7F, 0x80, 0x00, 0xFC, 0x00, 0x1F, 0xF0, 0x0F, 0xFF, 0x80, 0x1F, 0xF8,
    0x00, 0x3F, 0x80, 0x00, 0x00, 0x00, 0x00, 0x00, 0x08, 0x00, 0x00, 0x1E, 0x00, 0x00, 0x07, 0x00,
    0x0F, 0xFF, 0xFF, 0xE7, 0xFF, 0xFF, 0xF3, 0xFF, 0xFF, 0xF8, 0x0E, 0x1C, 0x00, 0x07, 0x0E, 0x00,
    0x07, 0x8F, 0xFE, 0x07, 0x87, 0xFF, 0x03, 0x87, 0xFF, 0x83, 0xC7, 0xF3, 0xC3, 0xE7, 0xBD, 0xC3,
    0xF7, 0xEF, 0xE3, 0xFB, 0xF3, 0xE0, 0xFD, 0xDC, 0xF0, 0x2E, 0x0F, 0xF0, 0x07, 0x03, 0xF0, 0x03,
    0x80, 0xF0, 0x01, 0xC0, 0xFC, 0x00, 0xE1, 0xFF, 0x80, 0x73, 0xF3, 0xF8, 0x3B, 0xF0, 0xFC, 0x1C,
    0xE0, 0x1E, 0x00, 0x00, 0x00, 0x00, 0x00, 0x00, 0x00, 0x00, 0x38, 0x00, 0x00, 0x38, 0x00, 0x00,
    0x38, 0x00, 0x00, 0x38, 0x00, 0x00, 0x38, 0x00, 0x00, 0x38, 0x00, 0x7F, 0xFF, 0xFC, 0xFF, 0xFF,
    0xFE, 0xFF, 0xFF, 0xFE, 0xFF, 0xFF, 0xFE, 0x00, 0x7C, 0x00, 0x00, 0xFE, 0x00, 0x00, 0xFE, 0x00,
    0x00, 0xEF, 0x00, 0x01, 0xEF, 0x00, 0x03, 0xC7, 0x80, 0x03, 0xC3, 0xC0, 0x07, 0x83, 0xE0, 0x0F,
    0x01, 0xF0, 0x3E, 0x00, 0xF8, 0xFC, 0x00, 0x7E, 0xF8, 0x00, 0x3E, 0x70, 0x00, 0x0C, 0x00, 0x00,
    0x00, 0x3F, 0xFF, 0xFE, 0x1F, 0xFF, 0xFF, 0x0F, 0xFF, 0xFF, 0x83, 0xFF, 0xFF, 0x80, 0x01, 0xC0,
    0x00, 0x00, 0xE0, 0x00, 0x00, 0x70, 0x00, 0x00, 0x38, 0x00, 0x7F, 0xFF, 0xFF, 0x3F, 0xFF, 0xFF,
    0x9F, 0xFF, 0xFF, 0xC0, 0x07, 0xC0, 0x00, 0x07, 0xF0, 0x00, 0x03, 0xF8, 0x00, 0x03, 0xDE, 0x00,
    0x03, 0xE7, 0x80, 0x03, 0xE3, 0xE0, 0x03, 0xE0, 0xF8, 0x07, 0xE0, 0x3F, 0x0F, 0xE0, 0x0F, 0xE7,
    0xC0, 0x01, 0xF1, 0xC0, 0x00, 0x30, 0x00, 0x00, 0x00, 0x00, 0x18, 0x00, 0x03, 0x8E, 0x00, 0x01,
    0xC7, 0x00, 0x01, 0xE3, 0x80, 0x00, 0xF1, 0xC0, 0x00, 0xFF, 0xFF, 0xE0, 0x7F, 0xFF, 0xF0, 0x7F,
    0xFF, 0xF8, 0x3C, 0x1C, 0x00, 0x3C, 0x0E, 0x00, 0x0E, 0x07, 0x00, 0x00, 0x07, 0x80, 0x07, 0xFF,
    0xFF, 0xF3, 0xFF, 0xFF, 0xF9, 0xFF, 0xFF, 0xFC, 0x00, 0xFE, 0x00, 0x00, 0x7F, 0x00, 0x00, 0x7B,
    0xC0, 0x00, 0x7C, 0xF0, 0x00, 0xFC, 0x3E, 0x00, 0xFC, 0x1F, 0xC3, 0xFC, 0x03, 0xF9, 0xF8, 0x00,
    0xFC, 0x70, 0x00, 0x1E, 0x00, 0x00, 0x00, 0x00, 0x00, 0x0E, 0x00, 0x1C, 0x1C, 0x00, 0x7E, 0x38,
    0x00, 0x3F, 0x70, 0x00, 0x1E, 0xE0, 0x06, 0x09, 0xC0, 0x1F, 0x03, 0x80, 0x3F, 0x8F, 0x00, 0x1F,
    0x9E, 0x00, 0x0E, 0x38, 0x00, 0x00, 0x70, 0x07, 0xFF, 0xFF, 0xFF, 0xFF, 0xFF, 0xFF, 0xFF, 0xFF,
    0xC0, 0x0E, 0x00, 0x00, 0x3E, 0x00, 0x00, 0xFF, 0x00, 0x03, 0xFF, 0x80, 0x0F, 0x8F, 0xC0, 0x7E,
    0x07, 0xC7, 0xF8, 0x03, 0xFF, 0xC0, 0x03, 0xDE, 0x00, 0x03, 0x00, 0x00, 0x00, 0x00, 0x00, 0x00,
    0x00, 0x70, 0x00, 0x00, 0xE0, 0x00, 0x01, 0xC0, 0x07, 0xFF, 0xFF, 0xCF, 0xFF, 0xFF, 0x9F, 0xFF,
    0xFF, 0x0E, 0x1C, 0x38, 0x1E, 0x38, 0xF0, 0x1C, 0x71, 0xC0, 0x38, 0xE7, 0x80, 0x7B, 0xCE, 0x0F,
    0xFF, 0xFF, 0xFF, 0xFF, 0xFF, 0xFF, 0xFF, 0xFF, 0x80, 0x7F, 0x00, 0x00, 0xFE, 0x00, 0x03, 0xDE,
    0x00, 0x0F, 0x9E, 0x00, 0x3E, 0x3E, 0x01, 0xF8, 0x3F, 0x1F, 0xE0, 0x3F, 0xFF, 0x00, 0x1F, 0xB8,
    0x00, 0x0E, 0x00, 0x00, 0x00, 0x00, 0x00, 0x00, 0x07, 0x00, 0xE0, 0x07, 0x80, 0xF0, 0x03, 0x80,
    0x70, 0x01, 0xC0, 0x79, 0x80, 0xEC, 0x39, 0xC1, 0xFF, 0x3C, 0x70, 0xFF, 0x9C, 0x3C, 0x7F, 0xDC,
    0x3E, 0x1C, 0xFF, 0xFF, 0x8E, 0x7F, 0xFF, 0xC7, 0x7F, 0xFC, 0xF3, 0xB8, 0x00, 0x23, 0x9C, 0xFF,
    0xF1, 0xFE, 0x7F, 0xF8, 0x7F, 0x3F, 0xFC, 0x1F, 0x1C, 0x0E, 0x07, 0xCE, 0x07, 0x03, 0xF7, 0x03,
    0x83, 0xFB, 0x81, 0xC3, 0xDD, 0xFF, 0xE3, 0xE4, 0xFF, 0xF1, 0xE0, 0x7F, 0xF8, 0x60, 0x38, 0x1C,
    0x00, 0x08, 0x00, 0x00, 0x00, 0x10, 0x00, 0x00, 0xF0, 0x00, 0x00, 0xE0, 0x07, 0xFF, 0xFF, 0xEF,
    0xFF, 0xFF, 0xFF, 0xFF, 0xFF, 0xFC, 0x00, 0x07, 0xF8, 0x00, 0x0F, 0xFF, 0xFF, 0xDE, 0x1F, 0xFF,
    0xC0, 0x1F, 0xFF, 0x00, 0x00, 0x7C, 0x00, 0x03, 0xE0, 0x00, 0x07, 0x80, 0x3F, 0xFF, 0xFF, 0xFF,
    0xFF, 0xFF, 0xFF, 0xFF, 0xFE, 0x00, 0x70, 0x00, 0x00, 0xE0, 0x00, 0x01, 0xC0, 0x00, 0x03, 0x80,
    0x00, 0x7F, 0x00, 0x00, 0xFE, 0x00, 0x01, 0xF8, 0x00, 0x00, 0x00, 0x00, 0x00, 0x00, 0x00, 0x00,
    0x70, 0x00, 0x00, 0x70, 0x00, 0x00, 0xF0, 0x00, 0x7F, 0xFF, 0xFF, 0x7F, 0xFF, 0xFF, 0x7F, 0xFF,
    0xFF, 0x03, 0xC0, 0x00, 0x03, 0x9F, 0xF8, 0x07, 0xBF, 0xFE, 0x0F, 0x3F, 0xFE, 0x0F, 0x1F, 0xFC,
    0x1E, 0x00, 0xF0, 0x7E, 0x01, 0xE0, 0xFE, 0x01, 0xC0, 0x7E, 0xFF, 0xFF, 0x6E, 0xFF, 0xFF, 0x0E,
    0xFF, 0xFF, 0x0E, 0x01, 0xC0, 0x0E, 0x01, 0xC0, 0x0E, 0x01, 0xC0, 0x0E, 0x1F, 0xC0, 0x0E, 0x1F,
    0xC0, 0x0E, 0x0F, 0x80, 0x00, 0x00, 0x00, 0x00, 0x00, 0x00, 0x00, 0xE0, 0x00, 0x01, 0xE0, 0x03,
    0xFF, 0xFF, 0xE7, 0xFF, 0xFF, 0xCF, 0xFF, 0xFF, 0x9C, 0x10, 0x07, 0x38, 0x78, 0x0E, 0x70, 0xF0,
    0x1C, 0x01, 0xC0, 0x03, 0xFF, 0xFF, 0xFF, 0xFF, 0xFF, 0xFF, 0xFF, 0xFF, 0xE0, 0xF0, 0x78, 0x01,
    0xE0, 0xF0, 0x07, 0x83, 0xC0, 0x1F, 0xEF, 0x00, 0x0F, 0xFE, 0x00, 0x03, 0xFC, 0x00, 0x07, 0xFE,
    0x00, 0x7F, 0xFF, 0x0F, 0xFC, 0x3F, 0x9F, 0xE0, 0x1F, 0x1E, 0x00, 0x1C, 0x00, 0x00, 0x00, 0x00,
    0x10, 0x00, 0x00, 0x78, 0x00, 0x00, 0x78, 0x00, 0x7F, 0xFF, 0xFC, 0xFF, 0xFF, 0xFC, 0xFF, 0xFF,
    0xFC, 0xF0, 0x00, 0x1C, 0xF0, 0x00, 0x1C, 0xFF, 0xFF, 0xDC, 0x7F, 0xFF, 0xDC, 0x07, 0xFF, 0xC0,
    0x00, 0x00, 0x00, 0xFF, 0xFF, 0xFE, 0xFF, 0xFF, 0xFE, 0xFF, 0xFF, 0xFE, 0x7F, 0xFF, 0xFC, 0x03,
    0xC7, 0x00, 0x03, 0x87, 0x00, 0x03, 0x87, 0x0C, 0x07, 0x87, 0x0E, 0x0F, 0x07, 0x0E, 0x7F, 0x07,
    0xFE, 0xFE, 0x07, 0xFE, 0x78, 0x03, 0xFC, 0x00, 0x00, 0x00, 0x00, 0x08, 0x00, 0x00, 0x1E, 0x00,
    0x00, 0x07, 0x00, 0x07, 0xFF, 0xFF, 0xC3, 0xFF, 0xFF, 0xE1, 0xFF, 0xFF, 0xF0, 0xE0, 0x00, 0x38,
    0x70, 0x00, 0x1C, 0x3F, 0xFF, 0xFE, 0x1F, 0xFF, 0xFF, 0x01, 0xFF, 0xFC, 0x00, 0x03, 0x80, 0x00,
    0x71, 0xC0, 0x00, 0x38, 0xE0, 0x00, 0x1C, 0x7F, 0xE0, 0x1E, 0x3F, 0xF0, 0x0F, 0x1F, 0xF8, 0x07,
    0x8E, 0x00, 0x07, 0xE7, 0x00, 0x03, 0xFB, 0x80, 0x03, 0xDF, 0xC0, 0x03, 0xC7, 0xFF, 0xF9, 0xE1,
    0xFF, 0xFC, 0x60, 0x1F, 0xFE, 0x00, 0x00, 0x00, 0x00, 0x00, 0x10, 0x00, 0x00, 0x78, 0x00, 0x00,
    0x38, 0x00, 0x7F, 0xFF, 0xFE, 0x7F, 0xFF, 0xFE, 0x7F, 0xFF, 0xFE, 0x70, 0x00, 0x1E, 0x7F, 0xFF,
    0xFE, 0x6F, 0xFF, 0xEC, 0x07, 0xFF, 0xE0, 0x03, 0xF0, 0x70, 0x1F, 0xF0, 0xF8, 0x7F, 0x39, 0xF0,
    0x7C, 0xFF, 0xC0, 0x23, 0xFF, 0xC0, 0x1F, 0xDF, 0xC0, 0x7F, 0x3F, 0xE0, 0x7C, 0xFE, 0xE0, 0x23,
    0xFE, 0xF0, 0x0F, 0xCE, 0x78, 0x7F, 0x1E, 0x3E, 0xFC, 0xBC, 0x1E, 0x71, 0xFC, 0x0E, 0x00, 0xF8,
    0x00, 0x00, 0x00, 0x00, 0x00, 0x08, 0x00, 0x00, 0x1E, 0x00, 0x00, 0x07, 0x80, 0x07, 0xFF, 0xFF,
    0xC3, 0xFF, 0xFF, 0xE1, 0xFF, 0xFF, 0xF0, 0xE7, 0x06, 0x38, 0x77, 0x87, 0xDC, 0x07, 0xC9, 0xF0,
    0x0F, 0xCE, 0x3E, 0x0F, 0x8F, 0x8F, 0x83, 0x8F, 0xE3, 0x80, 0x8F, 0x78, 0x80, 0x1F, 0x1F, 0x00,
    0x1F, 0x07, 0xE0, 0x3F, 0xFF, 0xFC, 0x7F, 0xFF, 0xFF, 0x3F, 0xFF, 0xFF, 0x8D, 0xC0, 0x1C, 0x80,
    0xE0, 0x0E, 0x00, 0x70, 0x07, 0x00, 0x3F, 0xFF, 0x80, 0x1F, 0xFF, 0xC0, 0x0F, 0xFF, 0xE0, 0x03,
    0x00, 0x00, 0x00, 0x00, 0x08, 0x00, 0x00, 0x1E, 0x00, 0x00, 0x07, 0x00, 0x0F, 0xFF, 0xFF, 0xE7,
    0xFF, 0xFF, 0xF3, 0x86, 0x0C, 0x39, 0xC3, 0x8E, 0x1C, 0xFF, 0xFF, 0xFE, 0x0F, 0xFF, 0xF8, 0x03,
    0xFF, 0xF8, 0x00, 0x38, 0xE0, 0x00, 0xFF, 0xFE, 0x00, 0xFF, 0xFF, 0x80, 0x7F, 0xFF, 0xC0, 0x3C,
    0xF1, 0xE0, 0x1E, 0x78, 0xF0, 0x0F, 0x3C, 0x78, 0x07, 0x9F, 0xBC, 0x03, 0xCF, 0xDE, 0x80, 0xDF,
    0xE6, 0x60, 0x1F, 0x70, 0x70, 0x7F, 0x3F, 0xF9, 0xFE, 0x1F, 0xFC, 0xFC, 0x0F, 0xFC, 0x30, 0x00,
    0x00, 0x00, 0x00, 0x18, 0x00, 0x00, 0x0E, 0x00, 0x0F, 0xFF, 0xFF, 0x8F, 0xFF, 0xFF, 0xE7, 0xFF,
    0xFF, 0xF3, 0xC3, 0x80, 0x79, 0xE3, 0xE3, 0xBC, 0xF3, 0xFB, 0xDE, 0x0D, 0xDF, 0xD8, 0x0E, 0xE7,
    0xDE, 0x0F, 0x77, 0xD7, 0x8F, 0x3F, 0xCF, 0xE7, 0xBF, 0x87, 0x71, 0xFF, 0xFF, 0x39, 0xFF, 0xFF,
    0x80, 0xFC, 0x38, 0x00, 0x30, 0x1C, 0x18, 0x0F, 0x0E, 0x1E, 0x07, 0x87, 0x0F, 0x03, 0xC3, 0x87,
    0x81, 0xFF, 0xFF, 0xC0, 0xFF, 0xFF, 0xE0, 0x7F, 0xFF, 0xF0, 0x00, 0x00, 0x78, 0x00, 0x00, 0x00,
    0x00, 0x00, 0x1E, 0x00, 0x00, 0x0F, 0x00, 0x00, 0x07, 0x87, 0xFF, 0x03, 0xC3, 0xFF, 0x81, 0xE0,
    0xFF, 0xFF, 0xFC, 0x01, 0xFF, 0xFE, 0x00, 0xEF, 0xFF, 0x08, 0x70, 0x1E, 0x0E, 0x38, 0x0F, 0x07,
    0xFC, 0xC7, 0x81, 0xFC, 0xE3, 0xC0, 0x7E, 0x39, 0xE0, 0x1F, 0x1C, 0xF0, 0x07, 0x87, 0x78, 0x07,
    0xE3, 0xBC, 0x03, 0xF9, 0x9E, 0x03, 0xDE, 0x0F, 0x03, 0xCF, 0x07, 0x83, 0xE3, 0x03, 0xC3, 0xE0,
    0x0F, 0xE1, 0xE0, 0x07, 0xE0, 0x60, 0x03, 0xF0, 0x00, 0x00, 0x00, 0x00, 0x03, 0x00, 0x00, 0x03,
    0xC0, 0x0E, 0x01, 0xE0, 0x07, 0x00, 0xF0, 0x03, 0x87, 0xFF, 0x01, 0xC3, 0xFF, 0x80, 0xE0, 0xFF,
    0xDF, 0xFC, 0x0F, 0x0F, 0xFE, 0x07, 0x87, 0xFF, 0x3F, 0xFC, 0x0E, 0x1F, 0xFE, 0x07, 0x0F, 0xFF,
    0xE3, 0x80, 0x78, 0x79, 0xC0, 0x3C, 0x1C, 0xE1, 0xFF, 0xEF, 0x70, 0xFF, 0xF3, 0xB8, 0x7F, 0xF9,
    0xDC, 0x03, 0xC0, 0xCE, 0x01, 0xE0, 0x07, 0x00, 0xFF, 0x03, 0x87, 0xFF, 0x81, 0xC3, 0xFF, 0xCF,
    0xE1, 0xFC, 0x07, 0xF0, 0x00, 0x01, 0xF0, 0x00, 0x00, 0x00, 0x00, 0x02, 0x00, 0x00, 0x07, 0x03,
    0xC0, 0x07, 0x07, 0xFC, 0x07, 0x0F, 0xFF, 0x27, 0x1F, 0xFF, 0x77, 0x7C, 0x1E, 0x7F, 0x7E, 0x3C,
    0x3F, 0x2F, 0xF8, 0x1F, 0x07, 0xF0, 0x1F, 0x07, 0xE0, 0x07, 0x7F, 0xB8, 0x07, 0x7E, 0x38, 0x07,
    0x78, 0x38, 0x0F, 0xFF, 0xFF, 0x1F, 0xFF, 0xFF, 0x3F, 0x7F, 0xFF, 0x7F, 0x3C, 0x38, 0x77, 0x3C,
    0x38, 0x27, 0x1E, 0x38, 0x07, 0x0F, 0x38, 0x07, 0x06, 0x38, 0x07, 0x01, 0xF8, 0x07, 0x01, 0xF8,
    0x07, 0x01, 0xF8, 0x02, 0x00, 0x00, 0x00, 0x1C, 0x00, 0x00, 0x0E, 0x00, 0x00, 0x07, 0x00, 0x00,
    0x03, 0x80, 0x00, 0x01, 0xC0, 0x00, 0x00, 0xE0, 0x00, 0x3C, 0x71, 0xC0, 0x1E, 0x38, 0xF0, 0x0E,
    0x1C, 0x3C, 0x0F, 0x0E, 0x1E, 0x07, 0x87, 0x07, 0x83, 0x83, 0x83, 0xC3, 0xC1, 0xC0, 0xE1, 0xE0,
    0xE0, 0x79, 0xE0, 0x70, 0x3C, 0xF0, 0x38, 0x0F, 0x70, 0x1C, 0x07, 0x98, 0x0E, 0x03, 0x80, 0x07,
    0x00, 0x00, 0x03, 0x80, 0x00, 0x3F, 0xC0, 0x00, 0x1F, 0xE0, 0x00, 0x07, 0xE0, 0x00, 0x00, 0x00,
    0x00, 0x00, 0x00, 0x00, 0x00, 0x1C, 0x00, 0x00, 0x1C, 0x00, 0x00, 0x1C, 0x00, 0x04, 0x1C, 0x10,
    0x07, 0x1C, 0x70, 0x0F, 0x1C, 0x78, 0x0E, 0x1C, 0x3C, 0x1E, 0x1C, 0x1C, 0x1C, 0x1C, 0x1E, 0x3C,
    0x1C, 0x0E, 0x38, 0x1C, 0x0F, 0x78, 0x1C, 0x07, 0x30, 0x1C, 0x06, 0x00, 0x1C, 0x38, 0x00, 0x1C,
    0x78, 0x00, 0x1C, 0xF0, 0x00, 0x01, 0xE0, 0x00, 0x07, 0xC0, 0x00, 0x3F, 0x80, 0x03, 0xFF, 0x00,
    0x7F, 0xFC, 0x00, 0x7F, 0xE0, 0x00, 0x7E, 0x00, 0x00, 0x00, 0x00, 0x00, 0x00, 0x00, 0x01, 0x03,
    0x83, 0x1C, 0x1C, 0x1C, 0xF0, 0xE1, 0xE3, 0x87, 0x0E, 0x1E, 0x38, 0xF0, 0x71, 0xCF, 0x01, 0x0E,
    0x30, 0x7F, 0xFF, 0xFB, 0xFF, 0xFF, 0xDF, 0xFF, 0xFE, 0xE0, 0x00, 0xF7, 0x3F, 0xE7, 0xB9, 0xFF,
    0xBD, 0xCF, 0xFD, 0xEE, 0x60, 0xEF, 0x73, 0x07, 0x7B, 0x9F, 0xFB, 0xDC, 0xFF, 0xDE, 0xE7, 0xFC,
    0xF7, 0x30, 0x07, 0xB9, 0x81, 0xFD, 0xC0, 0x0F, 0xCE, 0x00, 0x7E, 0x00, 0x00, 0x00, 0x00, 0x00,
    0x00, 0x0E, 0x01, 0xC0, 0x0F, 0x01, 0xF8, 0x7F, 0xE1, 0xF8, 0xFF, 0xF1, 0xDC, 0xFF, 0xF1, 0xCE,
    0x00, 0x01, 0xCC, 0x7F, 0xEF, 0xFE, 0x7F, 0xEF, 0xFE, 0x7F, 0xEF, 0xFE, 0x70, 0xE1, 0xC0, 0x70,
    0xE3, 0xE0, 0x7F, 0xE3, 0xE0, 0x7F, 0xE3, 0xE0, 0x07, 0x03, 0xE0, 0x37, 0xC3, 0xE0, 0x37, 0xE7,
    0x60, 0x77, 0x67, 0x60, 0x77, 0x77, 0x66, 0xE7, 0x7E, 0x67, 0xE7, 0x1E, 0x67, 0x47, 0x1C, 0x7F,
    0x1F, 0x3C, 0x7E, 0x1E, 0x38, 0x3E, 0x00, 0x00, 0x00, 0x1F, 0xFF, 0xFC, 0x3F, 0xFF, 0xF8, 0x7F,
    0xFF, 0xF0, 0xE0, 0x01, 0xE1, 0xE0, 0x03, 0xC3, 0xFF, 0xFF, 0x87, 0xFF, 0xFF, 0x0E, 0x00, 0x00,
    0x1F, 0xFF, 0xFE, 0x3F, 0xFF, 0xFC, 0x7F, 0xFF, 0xF8, 0xE0, 0x00, 0x71, 0xCF, 0xF8, 0xE3, 0xBF,
    0xF9, 0xC7, 0x7F, 0xF3, 0x9C, 0xE0, 0xE7, 0x39, 0xC1, 0xCE, 0x73, 0xFF, 0x9D, 0xC7, 0xFF, 0x3F,
    0x8F, 0xFE, 0xF7, 0x1C, 0x0F, 0xC4, 0x00, 0x1F, 0x80, 0x00, 0x00, 0x00, 0x1F, 0xFF, 0xFE, 0x1F,
    0xFF, 0xFE, 0x1F, 0xFF, 0xFE, 0x1C, 0x00, 0x1E, 0x1F, 0xFF, 0xFE, 0x1F, 0xFF, 0xFE, 0x1F, 0xFF,
    0xFE, 0x1C, 0x07, 0x00, 0x1C, 0x07, 0x00, 0x1F, 0xFF, 0xFF, 0x1F, 0xFF, 0xFF, 0x1F, 0xFF, 0xFF,
    0x1C, 0x07, 0x00, 0x1C, 0xFF, 0xFC, 0x1D, 0xFF, 0xFC, 0x3D, 0xFF, 0xFC, 0x3D, 0xC0, 0x1C, 0x39,
    0xC0, 0x1C, 0x39, 0xC0, 0x1C, 0x79, 0xFF, 0xFC, 0x71, 0xFF, 0xFC, 0x71, 0xFF, 0xFC, 0x00, 0xC0,
    0x00, 0x1F, 0xFF, 0xFE, 0x1F, 0xFF, 0xFE, 0x1C, 0x00, 0x0E, 0x1C, 0x00, 0x0E, 0x1F, 0xFF, 0xFE,
    0x1F, 0xFF, 0xFE, 0x1F, 0xFF, 0xFE, 0x1C, 0x70, 0x78, 0x1C, 0x70, 0x70, 0x1F, 0xFF, 0xFE, 0x1F,
    0xFF, 0xFE, 0x1F, 0xFF, 0xFE, 0x1C, 0x38, 0xF0, 0x1C, 0x38, 0xF0, 0x1F, 0xFF, 0xFF, 0x3F, 0xFF,
    0xFF, 0x3B, 0xFF, 0xFF, 0x38, 0x70, 0xF0, 0x38, 0xF0, 0xF0, 0x79, 0xE0, 0xF0, 0x73, 0xC0, 0xF0,
    0x73, 0x80, 0xF0, 0x00, 0x00, 0x60, 0x7F, 0xFF, 0xFC, 0xFF, 0xFF, 0xF9, 0xFF, 0xFF, 0xF0, 0x01,
    0xC0, 0x00, 0x03, 0x80, 0x00, 0x07, 0x00, 0x00, 0x0E, 0x00, 0x00, 0x1C, 0x00, 0x00, 0x38, 0x00,
    0x00, 0x70, 0x00, 0x00, 0xE0, 0x00, 0x01, 0xC0, 0x00, 0x03, 0x80, 0x00, 0x07, 0x00, 0x00, 0x0E,
    0x00, 0x00, 0x1C, 0x00, 0x7F, 0xFF, 0xFF, 0xFF, 0xFF, 0xFF, 0xFF, 0xFF, 0xFF, 0xFF, 0xFF, 0xF0,
    0x00, 0x00, 0x00, 0x00, 0xF0, 0x00, 0x00, 0xF0, 0x00, 0x00, 0xF0, 0x00, 0x00, 0xE0, 0x00, 0x7F,
    0xFF, 0xFF, 0x7F, 0xFF, 0xFF, 0x7F, 0xFF, 0xFF, 0x01, 0xC0, 0x00, 0x01, 0xC0, 0x00, 0x03, 0xC0,
    0x00, 0x03, 0xC0, 0x00, 0x03, 0xFF, 0xFE, 0x07, 0xFF, 0xFE, 0x07, 0x7F, 0xFE, 0x0F, 0x07, 0x80,
    0x0E, 0x07, 0x80, 0x1E, 0x07, 0x80, 0x3C, 0x07, 0x80, 0x7C, 0x07, 0x80, 0xF8, 0x07, 0x80, 0x73,
    0xFF, 0xFF, 0x23, 0xFF, 0xFF, 0x03, 0xFF, 0xFF, 0xFF, 0xFF, 0xE3, 0xFF, 0xFF, 0x8F, 0xFF, 0xFE,
    0x00, 0x00, 0x38, 0x00, 0x00, 0xE1, 0xC0, 0x03, 0x87, 0x00, 0x0E, 0x1C, 0x00, 0x38, 0x7F, 0xFF,
    0xE1, 0xFF, 0xFF, 0x87, 0xFF, 0xFE, 0x1F, 0xFF, 0xF8, 0x70, 0x00, 0xE1, 0xC0, 0x00, 0x07, 0x00,
    0x01, 0x1C, 0x00, 0x07, 0x70, 0x00, 0x1D, 0xC0, 0x00, 0x77, 0x80, 0x07, 0xCF, 0xFF, 0xFE, 0x3F,
    0xFF, 0xF8, 0x3F, 0xFF, 0x80, 0x00, 0x00, 0x00, 0x00, 0x70, 0x00, 0x00, 0x70, 0x00, 0x00, 0xF0,
    0x00, 0x7F, 0xFF, 0xFF, 0x7F, 0xFF, 0xFF, 0x7F, 0xFF, 0xFF, 0x01, 0xC0, 0x00, 0x03, 0xCE, 0x00,
    0x07, 0x8E, 0x00, 0x07, 0x8E, 0x00, 0x0F, 0xFF, 0xFE, 0x1F, 0xFF, 0xFE, 0x3F, 0xFF, 0xFE, 0x7F,
    0x0E, 0x1E, 0x7F, 0x0E, 0x1E, 0x67, 0x0E, 0x1E, 0x07, 0x0E, 0x1E, 0x07, 0x0E, 0x1E, 0x07, 0x0E,
    0xFE, 0x07, 0x0E, 0xFC, 0x07, 0x0E, 0x78, 0x00, 0x0E, 0x00, 0x00, 0x0E, 0x00, 0x00, 0x00, 0x00,
    0x00, 0x00, 0x00, 0x07, 0x00, 0x78, 0x0F, 0xF1, 0xF8, 0x07, 0xFF, 0xF0, 0x00, 0xFF, 0xC0, 0x0F,
    0xFF, 0xF0, 0x3F, 0xFB, 0xFC, 0x1F, 0xF8, 0x7C, 0x08, 0xF0, 0x10, 0x7F, 0xFF, 0xFF, 0x7F, 0xFF,
    0xFF, 0x7F, 0xFF, 0xFF, 0x03, 0xCE, 0x00, 0x07, 0x8E, 0x00, 0x0F, 0xFF, 0xFC, 0x3F, 0xFF, 0xFC,
    0x7F, 0xFF, 0xFC, 0x7F, 0x0E, 0x1C, 0x37, 0x0E, 0x1C, 0x07, 0x0E, 0x1C, 0x07, 0x0E, 0xFC, 0x07,
    0x0E, 0xFC, 0x07, 0x0E, 0xF8, 0x00, 0x0E, 0x00, 0x00, 0x04, 0x00, 0x0E, 0x38, 0xE0, 0x1C, 0x71,
    0xC3, 0xFF, 0xFF, 0xFF, 0xFF, 0xFF, 0xFF, 0xFF, 0xFF, 0xE1, 0xC7, 0x1C, 0x03, 0x8E, 0x38, 0x00,
    0x00, 0x30, 0xFF, 0xFF, 0xFF, 0xFF, 0xFF, 0xFF, 0xFF, 0xFF, 0xFF, 0x81, 0xC0, 0xFF, 0xFF, 0xFF,
    0xEF, 0xFF, 0xFF, 0x87, 0xFF, 0xFC, 0x0E, 0x1C, 0x38, 0x1C, 0x38, 0x70, 0x38, 0x70, 0xE0, 0x70,
    0xE7, 0xC0, 0xE1, 0xCF, 0x81, 0xC3, 0x9F, 0x00, 0x07, 0x00, 0x00, 0x0E, 0x00, 0x00, 0x00, 0x00,
    0x01, 0x80, 0x80, 0x00, 0xE0, 0xE0, 0x1F, 0xFF, 0xFF, 0xCF, 0xFF, 0xFF, 0xE3, 0xFF, 0xFF, 0xE0,
    0x7F, 0xFF, 0xC0, 0x3F, 0xFF, 0xF0, 0x1F, 0xFF, 0xF8, 0x0F, 0xFF, 0xFC, 0x07, 0xFF, 0xFE, 0x03,
    0x80, 0x0F, 0x01, 0xFF, 0xFF, 0x80, 0xFF, 0xFF, 0xC0, 0x0F, 0x00, 0x01, 0xFF, 0xFF, 0xFC, 0xFF,
    0xFF, 0xFE, 0x0F, 0x9C, 0xF8, 0x0F, 0xFF, 0xFF, 0x1F, 0xFF, 0xFF, 0xCF, 0xFF, 0xFF, 0xE2, 0x71,
    0xC7, 0x20, 0x38, 0xEF, 0x80, 0x1C, 0x77, 0xC0, 0x0E, 0x39, 0x80, 0x00, 0x08, 0x00, 0x00, 0x7F,
    0xFF, 0xFC, 0xFF, 0xFF, 0xF9, 0xFF, 0xFF, 0xF0, 0x01, 0xC0, 0x01, 0xC3, 0x87, 0x03, 0xC7, 0x0E,
    0x03, 0x8E, 0x3C, 0x07, 0x1C, 0x70, 0x0F, 0x39, 0xE0, 0x0E, 0x73, 0x80, 0x00, 0xE0, 0x07, 0xFF,
    0xFF, 0xFF, 0xFF, 0xFF, 0xFF, 0xFF, 0xFF, 0xC0, 0x0E, 0x00, 0x00, 0x1C, 0x00, 0x00, 0x38, 0x00,
    0x00, 0x70, 0x00, 0x00, 0xE0, 0x00, 0x01, 0xC0, 0x00, 0x03, 0x80, 0x00, 0x07, 0x00, 0x00, 0x00,
    0x00, 0x00, 0x00, 0x00, 0x00, 0x1C, 0x01, 0xC0, 0x3C, 0x07, 0x80, 0x3C, 0x0E, 0x00, 0x38, 0x3C,
    0x00, 0x70, 0x70, 0x1F, 0xFF, 0xFF, 0x3F, 0xFF, 0xFE, 0x7F, 0xFF, 0xFC, 0x07, 0x07, 0x80, 0x0E,
    0x0F, 0x00, 0x1C, 0x1E, 0x00, 0x38, 0x3C, 0x1F, 0xFF, 0xFF, 0xFF, 0xFF, 0xFF, 0xFF, 0xFF, 0xFF,
    0x07, 0x03, 0xC0, 0x0E, 0x07, 0x80, 0x3C, 0x0F, 0x00, 0x70, 0x1E, 0x03, 0xE0, 0x3C, 0x0F, 0x80,
    0x78, 0x3E, 0x00, 0xF0, 0x38, 0x01, 0xE0, 0x00, 0x00, 0x00, 0x00, 0x04, 0x00, 0x00, 0x1E, 0x00,
    0x00, 0x0E, 0x00, 0x1F, 0xFF, 0xFF, 0x3F, 0xFF, 0xFF, 0x3F, 0xFF, 0xFF, 0x3C, 0x00, 0x00, 0x3D,
    0xFF, 0xF8, 0x3D, 0xFF, 0xFC, 0x3D, 0xFF, 0xF8, 0x3C, 0x39, 0xF0, 0x3C, 0x7F, 0xE0, 0x3C, 0x1F,
    0x80, 0x3F, 0xFF, 0xFE, 0x3B, 0xFF, 0xFF, 0x3B, 0xFF, 0xFE, 0x38, 0x07, 0x1E, 0x38, 0x07, 0x1C,
    0x38, 0x07, 0x38, 0x38, 0x07, 0x08, 0x78, 0x07, 0x00, 0x70, 0x7F, 0x00, 0xF0, 0x7F, 0x00, 0x60,
    0x7F, 0x00, 0x00, 0x30, 0x00, 0x00, 0x04, 0x00, 0x00, 0x1E, 0x00, 0x00, 0x0E, 0x00, 0x0C, 0x0F,
    0x00, 0x3F, 0xFF, 0xFF, 0x3F, 0xFF, 0xFF, 0x3F, 0xFF, 0xFF, 0x3C, 0x04, 0x08, 0x3C, 0x1E, 0x0E,
    0x3F, 0x8E, 0x1E, 0x3F, 0xCE, 0x1E, 0x3D, 0xCE, 0x1C, 0x3D, 0xCF, 0x3C, 0x3D, 0xE7, 0x38, 0x3C,
    0xE7, 0x38, 0x3C, 0xE7, 0x78, 0x38, 0xF7, 0x70, 0x38, 0x70, 0xF0, 0x38, 0x40, 0xE0, 0x38, 0x01,
    0xE0, 0x7F, 0xFF, 0xFF, 0x7F, 0xFF, 0xFF, 0x77, 0xFF, 0xFF, 0x70, 0x00, 0x00, 0x00, 0x00, 0x00,
    0x00, 0x00, 0x00, 0x00, 0x07, 0x00, 0x00, 0x03, 0x80, 0x03, 0xFF, 0xFF, 0xE3, 0xFF, 0xFF, 0xF1,
    0xFF, 0xFF, 0xF8, 0xF0, 0x00, 0xE0, 0x7B, 0xFF, 0xF8, 0x3D, 0xFF, 0xFE, 0x1E, 0xFF, 0xE0, 0x0F,
    0x70, 0x70, 0x07, 0xB8, 0x38, 0x03, 0xDC, 0x1C, 0x01, 0xEF, 0xFF, 0xF8, 0xF7, 0xFF, 0xFC, 0x73,
    0xFF, 0xFC, 0x39, 0xC1, 0xE0, 0x1C, 0xE3, 0x70, 0x0E, 0x73, 0xB8, 0x87, 0x39, 0xFE, 0x67, 0x9F,
    0xF7, 0x33, 0x9F, 0xDF, 0xFB, 0xCF, 0xCE, 0xFC, 0xE3, 0x06, 0x3C, 0x00, 0x00, 0x00, 0x00, 0x00,
    0x00, 0x00, 0x00, 0x07, 0x00, 0x00, 0x03, 0x80, 0x03, 0xFF, 0xFF, 0xE1, 0xFF, 0xFF, 0xF0, 0xFF,
    0xFF, 0xF8, 0x71, 0xC1, 0xC0, 0x38, 0xE0, 0xE0, 0x1F, 0xFF, 0xFF, 0x0F, 0xFF, 0xFF, 0x87, 0x1C,
    0x1C, 0x03, 0x8E, 0x0E, 0x01, 0xC7, 0xFF, 0x00, 0xE3, 0xFF, 0x80, 0xF0, 0x00, 0x00, 0x77, 0xFF,
    0xF8, 0x3B, 0xFF, 0xFC, 0x1D, 0xFF, 0xFC, 0x0E, 0x1E, 0x3E, 0x07, 0x07, 0xFE, 0x07, 0x81, 0xFC,
    0x03, 0x9F, 0xFF, 0xF1, 0xDF, 0xFF, 0xFC, 0xEF, 0xC0, 0x7E, 0x00, 0x00, 0x00, 0x00, 0x00, 0x01,
    0x00, 0x00, 0x01, 0xC0, 0x1F, 0xEF, 0xFF, 0x0F, 0xFF, 0xFF, 0xC7, 0xF7, 0xFF, 0xE0, 0x38, 0x1C,
    0x70, 0x3B, 0xFF, 0xFC, 0x1D, 0xFF, 0xFE, 0x1C, 0x7F, 0xFE, 0x1F, 0xDF, 0xFF, 0x1F, 0xFF, 0xFF,
    0x8F, 0xFF, 0xFF, 0x82, 0x38, 0x38, 0x01, 0xBB, 0xFF, 0xF1, 0xDD, 0xFF, 0xF8, 0x7E, 0x07, 0x00,
    0x3F, 0xFF, 0xFF, 0x0F, 0x7F, 0xFF, 0x87, 0xBF, 0xFF, 0xC3, 0xE0, 0x70, 0x03, 0xFE, 0x38, 0x03,
    0xDF, 0xFF, 0xF9, 0xE3, 0xFF, 0xFC, 0xE0, 0x3F, 0xFE, 0x00, 0x00, 0x00, 0x00, 0x7F, 0xFF, 0xFC,
    0xFF, 0xFF, 0xF9, 0xFF, 0xFF, 0xF0, 0x1C, 0x1E, 0x00, 0x38, 0x3C, 0x00, 0x70, 0x78, 0x00, 0xE0,
    0xF0, 0x01, 0xC1, 0xE0, 0x03, 0x83, 0xC1, 0xFF, 0xFF, 0xFF, 0xFF, 0xFF, 0xFF, 0xFF, 0xFF, 0xF0,
    0x78, 0x3C, 0x00, 0xF0, 0x78, 0x01, 0xC0, 0xF0, 0x07, 0x81, 0xE0, 0x0F, 0x03, 0xC0, 0x3C, 0x07,
    0x80, 0xF8, 0x0F, 0x03, 0xE0, 0x1E, 0x0F, 0x80, 0x3C, 0x0E, 0x00, 0x78, 0x00, 0x00, 0x60, 0x00,
    0x00, 0x00, 0x00, 0x00, 0x0F, 0x70, 0x00, 0x0F, 0x78, 0x00, 0x0F, 0x3C, 0x00, 0x07, 0x1C, 0xFF,
    0xFF, 0xFE, 0xFF, 0xFF, 0xFE, 0xFF, 0xFF, 0xFE, 0x00, 0x07, 0x00, 0x00, 0x07, 0x00, 0x00, 0x07,
    0x00, 0x7F, 0xFF, 0x00, 0x7F, 0xFF, 0x80, 0x7F, 0xF7, 0x80, 0x07, 0x07, 0x80, 0x07, 0x03, 0x80,
    0x07, 0x03, 0x80, 0x07, 0x03, 0xC4, 0x07, 0x1B, 0xC7, 0x07, 0xF9, 0xC7, 0x7F, 0xF9, 0xEE, 0xFF,
    0xF0, 0xFE, 0xFE, 0x00, 0xFE, 0x40, 0x00, 0x7C, 0x00, 0x00, 0x00, 0x00, 0x00, 0x7F, 0xFF, 0x07,
    0xFF, 0xF0, 0x77, 0xFF, 0x07, 0x00, 0x70, 0x70, 0x07, 0x07, 0x7F, 0xF0, 0x77, 0xFF, 0x07, 0x7F,
    0xF0, 0x77, 0x00, 0x07, 0xF0, 0x00, 0x7F, 0x00, 0x07, 0xFF, 0xF0, 0x7F, 0xFF, 0x07, 0xFF, 0xF0,
    0x70, 0x07, 0x07, 0x00, 0x70, 0x70, 0x07, 0x07, 0x00, 0xF0, 0x70, 0x0E, 0x07, 0x1F, 0xE0, 0x71,
    0xFE, 0x07, 0x0F, 0xC0, 0x70, 0x00, 0x00, 0x00, 0x00, 0x00, 0x00, 0x38, 0x38, 0xFF, 0x3C, 0x38,
    0xFF, 0x1C, 0x78, 0x7F, 0x1E, 0x70, 0x07, 0x0C, 0xE0, 0x07, 0x7F, 0xFC, 0x7F, 0x7F, 0xFE, 0xFF,
    0x73, 0x9E, 0xFF, 0x73, 0x9E, 0xE0, 0x7F, 0xFE, 0xE0, 0x7F, 0xFE, 0xE0, 0x73, 0x9E, 0xFF, 0x7F,
    0xFE, 0xFF, 0x7F, 0xFE, 0x7F, 0x7F, 0xFC, 0x07, 0x03, 0x80, 0x07, 0xFF, 0xFE, 0x07, 0xFF, 0xFE,
    0x07, 0xFF, 0xFE, 0x0E, 0x03, 0x80, 0x7E, 0x03, 0x80, 0x7E, 0x03, 0x80, 0x7C, 0x03, 0x80, 0x00,
    0x00, 0x00, 0x00, 0x60, 0x00, 0x03, 0x82, 0x1C, 0x1C, 0x1E, 0xF0, 0xE1, 0xE7, 0x87, 0x0F, 0x1E,
    0x38, 0x70, 0x71, 0xC7, 0x83, 0x8E, 0x78, 0x18, 0x71, 0x83, 0xFF, 0xFF, 0x9F, 0xFF, 0xFC, 0xFF,
    0xFF, 0xE3, 0xFF, 0xFF, 0x00, 0x00, 0x38, 0x00, 0x01, 0xC7, 0xFF, 0xFE, 0x3F, 0xFF, 0xF1, 0xFF,
    0xFF, 0x80, 0x00, 0x1C, 0x00, 0x00, 0xE7, 0xFF, 0xFF, 0x7F, 0xFF, 0xFB, 0xFF, 0xFF, 0xC0, 0x00,
    0x0E, 0x00, 0x00, 0x30, 0x3F, 0xFF, 0xF0, 0x7F, 0xFF, 0xE0, 0xFF, 0xFF, 0xC0, 0x00, 0x03, 0x81,
    0xFF, 0xFF, 0x03, 0xFF, 0xFE, 0x07, 0xFF, 0xFC, 0x00, 0x00, 0x78, 0xFF, 0xFF, 0xFF, 0xFF, 0xFF,
    0xFF, 0xFF, 0xFF, 0xF8, 0xE1, 0xC1, 0xC3, 0xE3, 0xCF, 0x83, 0xE7, 0xFE, 0x01, 0xCF, 0xF8, 0x01,
    0xFF, 0xC0, 0x0F, 0xFF, 0xC0, 0x7F, 0xF7, 0xE3, 0xFC, 0xE3, 0xFB, 0xC1, 0xC3, 0xF6, 0x3F, 0x81,
    0xC0, 0x3F, 0x00, 0x00, 0x70, 0x00, 0x00, 0x00, 0x00, 0x00, 0x07, 0x3F, 0xFC, 0x0F, 0x3F, 0xFE,
    0x1E, 0x3F, 0xFE, 0x3E, 0x38, 0x0E, 0x7C, 0x3F, 0xFE, 0x73, 0x3F, 0xFE, 0x67, 0xB8, 0x0E, 0x07,
    0x3F, 0xFE, 0x0F, 0x3F, 0xFE, 0x1E, 0x00, 0x00, 0x3E, 0x7F, 0xFF, 0x7E, 0xFF, 0xFF, 0xFE, 0xFF,
    0xFF, 0x6E, 0x00, 0x78, 0x4E, 0xFF, 0xFF, 0x0E, 0xFF, 0xFF, 0x0E, 0xFF, 0xFF, 0x0E, 0x38, 0x78,
    0x0E, 0x3C, 0x78, 0x0E, 0x1E, 0x78, 0x0E, 0x0E, 0x78, 0x0E, 0x03, 0xF8, 0x0E, 0x01, 0xF0, 0x00,
    0x00, 0x00, 0x00, 0x08, 0x00, 0x00, 0x3C, 0x00, 0x00, 0x1C, 0x00, 0x7F, 0xFF, 0xFE, 0x7F, 0xFF,
    0xFF, 0x7F, 0xFF, 0xFF, 0x0F, 0x00, 0x00, 0x0F, 0x00, 0x00, 0x0F, 0x00, 0x00, 0x0F, 0x00, 0x00,
    0x0F, 0xFF, 0xFC, 0x0F, 0xFF, 0xFC, 0x07, 0xFF, 0xFC, 0x00, 0x18, 0x00, 0x00, 0x3C, 0x00, 0x01,
    0x9E, 0x1C, 0x1F, 0xCF, 0x1C, 0x1F, 0xC7, 0x1E, 0x3B, 0xC4, 0x4E, 0x3B, 0xC0, 0x7F, 0x7B, 0xC0,
    0x77, 0x73, 0xFF, 0xF7, 0x21, 0xFF, 0xE0, 0x00, 0xFF, 0xC0, 0x0C, 0x01, 0x00, 0x07, 0x01, 0xC0,
    0x03, 0x80, 0xE0, 0x01, 0xC0, 0x70, 0x00, 0xE3, 0xFF, 0xC1, 0x7F, 0xFF, 0xF1, 0xFF, 0xFF, 0xF8,
    0xFF, 0x07, 0x3C, 0x7F, 0xC3, 0x9E, 0x3F, 0xE1, 0xCF, 0x1B, 0xA0, 0xE7, 0x9D, 0xC0, 0x73, 0xCE,
    0xEF, 0xFF, 0xF0, 0x77, 0xFF, 0xF8, 0x3B, 0xFF, 0xFC, 0x1C, 0x0F, 0xC0, 0x0E, 0x07, 0xE0, 0x07,
    0x07, 0xF8, 0x03, 0x83, 0xBC, 0x01, 0xC3, 0xCF, 0x00, 0xE3, 0xC3, 0xE0, 0x77, 0xC0, 0xF8, 0x3F,
    0xC0, 0x3C, 0x1D, 0xC0, 0x0E, 0x00, 0x00, 0x00, 0x00, 0x00, 0x00, 0x00, 0x03, 0xC0, 0x00, 0x03,
    0x80, 0x00, 0x07, 0xFF, 0xFC, 0x0F, 0xFF, 0xFE, 0x0F, 0xFF, 0xFC, 0x1E, 0x73, 0xDC, 0x7C, 0xF3,
    0x9C, 0x79, 0xE7, 0x9C, 0x13, 0xC7, 0x1C, 0x07, 0x8E, 0x1C, 0x0F, 0x1E, 0x1C, 0x1E, 0x3C, 0x3C,
    0x0C, 0x79, 0xF8, 0x00, 0x71, 0xF8, 0x03, 0xBC, 0xE0, 0x1B, 0x9E, 0x1C, 0x3B, 0x8E, 0x1C, 0x3B,
    0x8F, 0x5E, 0x3B, 0x86, 0x6E, 0x73, 0x80, 0xEF, 0x73, 0xFF, 0xE7, 0x33, 0xFF, 0xE4, 0x01, 0xFF,
    0xC0, 0x00, 0x38, 0x00, 0x00, 0x38, 0x00, 0x00, 0x38, 0x00, 0x00, 0x38, 0x00, 0xFF, 0xFF, 0xFE,
    0xFF, 0xFF, 0xFE, 0xFF, 0xFF, 0xFE, 0x00, 0xFE, 0x00, 0x00, 0xEF, 0x00, 0x01, 0xE7, 0x80, 0x03,
    0xE3, 0xC0, 0x0F, 0xF1, 0xF0, 0x3F, 0x7C, 0xFE, 0xFE, 0x3E, 0x7E, 0xF8, 0x3C, 0x1C, 0x40, 0x78,
    0x10, 0x3F, 0x3C, 0x78, 0x3F, 0x1E, 0x38, 0x7F, 0x0E, 0xBC, 0x77, 0x0C, 0xFC, 0x77, 0x00, 0xFE,
    0xF7, 0xFF, 0xEE, 0xE3, 0xFF, 0xCE, 0x01, 0xFF, 0x80, 0x00, 0x00, 0x00, 0x07, 0x07, 0x00, 0x03,
    0x83, 0x80, 0x01, 0xC1, 0xC0, 0x00, 0xE7, 0xFF, 0xF1, 0x7F, 0xFF, 0xF8, 0xFF, 0xFF, 0xFC, 0xFF,
    0x38, 0xE0, 0x7F, 0x9C, 0x70, 0x3F, 0xEE, 0x38, 0x1F, 0xE6, 0xFD, 0xCD, 0xC7, 0x6E, 0xC6, 0xE3,
    0xB6, 0x60, 0x71, 0xFB, 0x70, 0x39, 0xDF, 0xB8, 0x1C, 0xED, 0xD8, 0x0E, 0xF2, 0xF4, 0x07, 0x70,
    0xF8, 0x03, 0xF0, 0x7E, 0x01, 0xF8, 0x7F, 0x00, 0xE8, 0x79, 0xC0, 0x70, 0xF8, 0xF8, 0x38, 0xF8,
    0x3C, 0x1C, 0x38, 0x0C, 0x00, 0x00, 0x00, 0x00, 0x00, 0x18, 0x00, 0x00, 0x1C, 0x00, 0x00, 0x3C,
    0x00, 0x0F, 0xFF, 0xF8, 0x0F, 0xFF, 0xF8, 0x0E, 0x00, 0x78, 0x0F, 0xFF, 0xF8, 0x0F, 0xFF, 0xF8,
    0x0F, 0xFF, 0xF8, 0x0E, 0x00, 0x78, 0x0F, 0xFF, 0xF8, 0x0F, 0xFF, 0xF8, 0x0E, 0x00, 0x78, 0x0F,
    0xFF, 0xF8, 0x0F, 0xFF, 0xF8, 0x07, 0xFF, 0xF0, 0x00, 0x3C, 0x1C, 0x1F, 0x9E, 0x1C, 0x3F, 0x8F,
    0x1E, 0x3B, 0x86, 0x7E, 0x7B, 0x80, 0x7F, 0x73, 0xFF, 0xE7, 0x73, 0xFF, 0xE4, 0x01, 0xFF, 0xC0,
    0x00, 0x00, 0x00, 0x0E, 0x01, 0xC0, 0x07, 0x3F, 0xFF, 0x83, 0x9F, 0xFF, 0xE1, 0xFF, 0xFF, 0xF0,
    0xFB, 0xFF, 0xE1, 0xFF, 0xFF, 0xF8, 0xFF, 0xFF, 0xFC, 0x7D, 0x83, 0x80, 0x3E, 0xFF, 0xFF, 0x9F,
    0x7F, 0xFF, 0xDF, 0x80, 0x00, 0x0F, 0xC7, 0xFF, 0xE0, 0xE3, 0xFF, 0xF0, 0x71, 0xC0, 0x38, 0x38,
    0xFF, 0xFC, 0x1C, 0x7F, 0xFE, 0x0E, 0x38, 0x07, 0x07, 0x1F, 0xFF, 0x83, 0x8F, 0xFF, 0xC1, 0xC7,
    0xFF, 0xE0, 0xE3, 0x80, 0x70, 0x71, 0xC1, 0xF0, 0x38, 0xE0, 0xF8, 0x00, 0x00, 0x00, 0x00, 0x00,
    0x00, 0x00, 0x07, 0x07, 0xFE, 0x03, 0x87, 0xFF, 0x81, 0xC3, 0xFF, 0xC0, 0xE3, 0x9C, 0xE1, 0x7F,
    0xFF, 0xF9, 0xFF, 0xFF, 0xFC, 0xFF, 0x73, 0x18, 0x7F, 0xBF, 0xFC, 0x3F, 0xDF, 0xFE, 0x1F, 0xCF,
    0xFF, 0x0D, 0xCF, 0xFF, 0x86, 0xE7, 0xFF, 0xE0, 0x73, 0xFF, 0xF0, 0x39, 0xC6, 0x38, 0x1C, 0xE7,
    0x9C, 0x0E, 0x73, 0xCE, 0x07, 0x39, 0xC7, 0x03, 0x9C, 0xE3, 0x81, 0xCE, 0xFD, 0x80, 0xE0, 0xFF,
    0x80, 0x73, 0xFB, 0xF0, 0x3F, 0xF0, 0x7C, 0x1D, 0xE0, 0x0E, 0x00, 0x00, 0x00, 0x00, 0x00, 0x10,
    0x00, 0x00, 0x70, 0x00, 0xFF, 0xFF, 0xE1, 0xFF, 0xFF, 0xC3, 0xFF, 0xFF, 0x80, 0x70, 0x78, 0x1F,
    0xFF, 0xFF, 0xFF, 0xFF, 0xFF, 0x7F, 0xFF, 0xFE, 0x3F, 0xFF, 0xE0, 0x7F, 0xFF, 0xC0, 0xFF, 0xFF,
    0x81, 0xFF, 0xFF, 0x03, 0xFF, 0xFE, 0x07, 0x00, 0x1C, 0x0F, 0xFF, 0xF8, 0x1F, 0xFF, 0xF0, 0x00,
    0xF0, 0x00, 0x6F, 0xF1, 0xC1, 0xDC, 0xF9, 0xC7, 0xB8, 0xDF, 0xCE, 0x70, 0x7B, 0xFC, 0xFF, 0xE3,
    0x10, 0xFF, 0xC0, 0x0C, 0x00, 0x00, 0x0F, 0x1F, 0xFE, 0x07, 0x9F, 0xFF, 0x03, 0xCF, 0xFF, 0x81,
    0xE7, 0xFF, 0xC1, 0xFB, 0xFF, 0xE1, 0xFF, 0xFF, 0xF0, 0xFF, 0xFF, 0xF8, 0x7F, 0xBF, 0xFC, 0x3F,
    0xFF, 0xFF, 0x9F, 0xBF, 0xFF, 0xDF, 0xDD, 0xCC, 0xE7, 0xEF, 0xFF, 0xF0, 0xF7, 0xFF, 0xF8, 0x7B,
    0xFF, 0xF8, 0x3D, 0xFF, 0xF8, 0x1E, 0xFF, 0xFE, 0x0F, 0x7F, 0xFF, 0x07, 0x8F, 0x9F, 0x03, 0xC3,
    0xFF, 0x01, 0xE0, 0xFF, 0x00, 0xF7, 0xFF, 0xF8, 0x7F, 0xFF, 0xFC, 0x3D, 0xF0, 0x3E, 0x00, 0x00,
    0x00, 0x00, 0x00, 0x00, 0x00, 0x00, 0x03, 0xB8, 0x00, 0x01, 0xDF, 0x00, 0x00, 0xE7, 0xC0, 0xC0,
    0x71, 0xC0, 0xFF, 0xFF, 0xF8, 0x7F, 0xFF, 0xFC, 0x3F, 0xFF, 0xFE, 0x1C, 0x07, 0x00, 0x0E, 0x03,
    0xCF, 0x07, 0xFD, 0xE7, 0x03, 0xFE, 0x73, 0x81, 0xFF, 0x3B, 0xC0, 0xE3, 0x9D, 0xC0, 0x71, 0xCF,
    0xE0, 0x78, 0xE7, 0xE0, 0x3C, 0x71, 0xF0, 0x1C, 0x38, 0xF1, 0x0E, 0xFC, 0xF8, 0xC7, 0x7C, 0xFC,
    0xE7, 0xBC, 0xFF, 0x73, 0xC1, 0xF3, 0xF9, 0xC0, 0xF1, 0xFC, 0xE0, 0x30, 0x7C, 0x00, 0x00, 0x00,
    0x00, 0x00, 0x00, 0x00, 0x00, 0x0E, 0x70, 0x00, 0x0E, 0xF8, 0x00, 0x0E, 0x3C, 0x7F, 0xFF, 0xFE,
    0xFF, 0xFF, 0xFE, 0xFF, 0xFF, 0xFE, 0x00, 0x0F, 0x00, 0x00, 0x07, 0x10, 0x3F, 0xE7, 0x1C, 0x7F,
    0xE7, 0x3C, 0x70, 0xE7, 0x38, 0x70, 0xE7, 0x78, 0x70, 0xE7, 0x70, 0x7F, 0xE7, 0xF0, 0x7F, 0xE3,
    0xE0, 0x3F, 0xE3, 0xE0, 0x00, 0x03, 0xC4, 0x01, 0xF7, 0xC6, 0x3F, 0xFF, 0xC6, 0xFF, 0xFF, 0xEE,
    0xFE, 0x3E, 0xFE, 0x60, 0x7C, 0xFE, 0x00, 0x30, 0x7C, 0x00, 0x00, 0x00, 0x01, 0x80, 0x00, 0x01,
    0xC1, 0xCC, 0x00, 0xF0, 0xEF, 0x07, 0xFF, 0xF3, 0xC3, 0xFF, 0xF8, 0xE0, 0x1C, 0x1E, 0x71, 0xFF,
    0xFF, 0xFC, 0xFF, 0xFF, 0xFE, 0x7F, 0xFF, 0xFF, 0x07, 0x60, 0xE0, 0x07, 0xB8, 0x73, 0x83, 0xFF,
    0xB9, 0xC3, 0xFF, 0xDD, 0xE3, 0xFF, 0xEE, 0xE1, 0xFF, 0xE7, 0xF0, 0xFF, 0xFB, 0xF0, 0x1F, 0xF9,
    0xF8, 0x0F, 0xFE, 0x78, 0x07, 0xFF, 0x3C, 0xC3, 0x9C, 0x3E, 0x61, 0xFF, 0xFF, 0x70, 0xFF, 0xFF,
    0xF8, 0x7F, 0xFC, 0xFC, 0x38, 0x0C, 0x3C, 0x00, 0x00, 0x00, 0x00, 0x00, 0x00, 0x00, 0x00, 0x70,
    0x00, 0x01, 0xC0, 0x00, 0x07, 0x80, 0x0F, 0xFF, 0xF8, 0x3F, 0xFF, 0xF0, 0xFF, 0xFF, 0xC3, 0x80,
    0x07, 0x0E, 0x00, 0x1C, 0x38, 0x00, 0x70, 0xE0, 0x01, 0xC3, 0xFF, 0xFF, 0x1F, 0xFF, 0xFC, 0x7F,
    0xFF, 0xF1, 0xE0, 0x01, 0xC7, 0x00, 0x06, 0x1C, 0x00, 0x00, 0x70, 0x00, 0x01, 0xC0, 0x00, 0x0F,
    0x00, 0x00, 0x38, 0x00, 0x01, 0xE0, 0x00, 0x07, 0x00, 0x00, 0x1C, 0x00, 0x00, 0x00, 0x00, 0x00,
    0x00, 0x60, 0x0E, 0x03, 0xF8, 0x7F, 0x8F, 0xFD, 0xFF, 0xC7, 0xF8, 0xFF, 0x03, 0x80, 0x70, 0x01,
    0xC0, 0x38, 0x00, 0xFF, 0xDC, 0x00, 0x7F, 0xEE, 0x00, 0x3F, 0xF7, 0xFF, 0x1C, 0x3B, 0xFF, 0x8E,
    0x1D, 0xFF, 0xC7, 0x0E, 0xE3, 0x83, 0xFF, 0x71, 0xC1, 0xFF, 0xB8, 0xE0, 0xE0, 0x1C, 0x70, 0x70,
    0x0E, 0x38, 0x38, 0x0F, 0x1C, 0x1C, 0x07, 0x0E, 0x1C, 0x03, 0x87, 0x0E, 0x03, 0xC3, 0x87, 0x03,
    0xC1, 0xC7, 0x81, 0xE0, 0xE1, 0x80, 0xE0, 0x70, 0x00, 0x00, 0x00, 0x00, 0x00, 0x00, 0x00, 0x07,
    0xE0, 0x7F, 0xFF, 0xE1, 0xFF, 0xFF, 0x03, 0xFF, 0xC0, 0x00, 0x07, 0x00, 0x00, 0x0E, 0x00, 0x00,
    0x1C, 0x00, 0x3F, 0xFF, 0xFC, 0x7F, 0xFF, 0xF8, 0xFF, 0xFF, 0xE0, 0x01, 0xC0, 0x00, 0x03, 0x80,
    0x1F, 0xFF, 0xFF, 0xFF, 0xFF, 0xFF, 0xFF, 0xFF, 0xFF, 0xFF, 0xFF, 0xFE, 0x00, 0x70, 0x00, 0x00,
    0xE0, 0x00, 0x01, 0xC0, 0x00, 0x03, 0x80, 0x00, 0xFF, 0x00, 0x01, 0xFE, 0x00, 0x03, 0xF8, 0x00,
    0x00, 0x00, 0x00, 0x06, 0x00, 0x00, 0x07, 0x80, 0x00, 0x03, 0xC7, 0xFF, 0xC1, 0xE7, 0xFF, 0xF0,
    0xF3, 0xFF, 0xFB, 0xFF, 0xFF, 0xF9, 0xFF, 0x81, 0xC0, 0xFF, 0xC0, 0xE0, 0x3F, 0xC0, 0x70, 0x07,
    0x80, 0x38, 0x03, 0xC0, 0x1C, 0x01, 0xFC, 0x0E, 0x00, 0xFE, 0x07, 0x03, 0xFF, 0x03, 0x81, 0xFE,
    0x01, 0xC0, 0xFE, 0x00, 0xE0, 0x0F, 0x00, 0x70, 0x07, 0x80, 0x38, 0x03, 0xC0, 0x1C, 0x01, 0xE0,
    0x0E, 0x00, 0xF0, 0x07, 0x01, 0xF0, 0x7F, 0x80, 0xF8, 0x1F, 0xC0, 0x7C, 0x0F, 0xC0, 0x0E, 0x00,
    0x00, 0x1C, 0x00, 0x00, 0x38, 0xFF, 0xF8, 0x71, 0xFF, 0xF7, 0xFF, 0xFF, 0xEF, 0xF8, 0x01, 0xDF,
    0xF0, 0x03, 0x87, 0x00, 0x07, 0x0E, 0x00, 0x0E, 0x1C, 0x00, 0x1C, 0x39, 0x7F, 0xF8, 0x7F, 0xFF,
    0xF7, 0xFF, 0xFF, 0xEF, 0xF0, 0x01, 0xDF, 0x80, 0x03, 0x87, 0x00, 0x07, 0x0E, 0x00, 0x0E, 0x1C,
    0x00, 0x1C, 0x38, 0x00, 0x38, 0x71, 0xFF, 0xF3, 0xE3, 0xFF, 0xE7, 0xC7, 0xFF, 0xCF, 0x80, 0x03,
    0x80, 0x00, 0x00, 0x00, 0x07, 0x03, 0x90, 0x03, 0x81, 0xDC, 0x01, 0xC0, 0xEF, 0x00, 0xE0, 0x73,
    0xC3, 0xFC, 0x38, 0xE1, 0xFF, 0x1C, 0x7C, 0xFF, 0xFF, 0xFE, 0x0E, 0x3F, 0xFF, 0x07, 0x1F, 0xF0,
    0x03, 0x81, 0xE3, 0x01, 0xC8, 0x71, 0xC0, 0xFC, 0x39, 0xC3, 0xFE, 0x1D, 0xE1, 0xFE, 0x0F, 0xE0,
    0xFC, 0x07, 0xF0, 0x0E, 0x01, 0xF0, 0x07, 0x00, 0xF1, 0x03, 0x81, 0xF8, 0xE1, 0xC1, 0xFC, 0x70,
    0xE3, 0xFF, 0x71, 0xF3, 0xF3, 0xF9, 0xF8, 0xE0, 0xFC, 0x78, 0x00, 0x3C, 0x04, 0x01, 0x80, 0x07,
    0x01, 0xC0, 0x03, 0x80, 0xF0, 0x01, 0xC0, 0x38, 0x00, 0xE0, 0x1C, 0x03, 0xFF, 0xFF, 0xFD, 0xFF,
    0xFF, 0xFE, 0xFF, 0xFF, 0xFE, 0x0E, 0x00, 0x00, 0x07, 0x07, 0xFC, 0x03, 0x87, 0xFE, 0x01, 0xCB,
    0xFF, 0x00, 0xFD, 0xE3, 0x83, 0xFE, 0xF1, 0xC3, 0xFE, 0x78, 0xE0, 0xFC, 0x3C, 0x70, 0x4E, 0x1E,
    0x38, 0x07, 0x0E, 0x1C, 0x03, 0x87, 0x0E, 0xC1, 0xC7, 0x87, 0x70, 0xE3, 0x83, 0xBB, 0xF7, 0xC1,
    0xFD, 0xFB, 0xC0, 0xFC, 0x79, 0xC0, 0x3E, 0x00, 0x00, 0x00, 0x00, 0x00, 0x00, 0x00, 0x07, 0x1F,
    0xFF, 0x03, 0x8F, 0xFF, 0x81, 0xC7, 0xFF, 0xC0, 0xE3, 0x80, 0xE3, 0xFD, 0xC0, 0x71, 0xFF, 0xE0,
    0x78, 0xFF, 0xF3, 0xF8, 0x3F, 0xB9, 0xFC, 0x07, 0x1C, 0x00, 0x03, 0x8F, 0xFF, 0x81, 0xCF, 0xFF,
    0xE0, 0xFF, 0xFF, 0xE3, 0xFF, 0xF8, 0x73, 0xFE, 0xEE, 0x38, 0xFC, 0x77, 0x38, 0x4E, 0x39, 0xDC,
    0x07, 0x1C, 0xFC, 0x03, 0x8E, 0x3E, 0x01, 0xC7, 0x1F, 0x00, 0xE3, 0x9F, 0xC3, 0xF1, 0xDF, 0xF9,
    0xF8, 0xFE, 0x7C, 0xFC, 0x7E, 0x0C, 0x00, 0x00, 0x00, 0x00, 0x06, 0x04, 0x00, 0x07, 0x07, 0x18,
    0x03, 0x83, 0x9F, 0x01, 0xC1, 0xC7, 0xC0, 0xE0, 0xE0, 0xE3, 0xFF, 0xFF, 0xF9, 0xFF, 0xFF, 0xFC,
    0xFF, 0xFF, 0xFE, 0x0E, 0x0E, 0x00, 0x07, 0x07, 0x00, 0x03, 0x83, 0xFF, 0x81, 0xC1, 0xFF, 0xC0,
    0xFC, 0xFF, 0xC3, 0xFE, 0xF0, 0xE3, 0xFE, 0x7C, 0x70, 0xFC, 0x3E, 0x78, 0x6E, 0x1F, 0xB8, 0x07,
    0x1F, 0xFC, 0x03, 0x8E, 0x7C, 0x01, 0xCF, 0x3E, 0x00, 0xEF, 0x3F, 0xC1, 0xF7, 0xFF, 0xF9, 0xFF,
    0xBE, 0x7C, 0x7D, 0x9C, 0x0E, 0x00, 0x00, 0x00, 0x00, 0x04, 0x00, 0x00, 0x07, 0x00, 0x00, 0x03,
    0x8F, 0xFF, 0x81, 0xC7, 0xFF, 0xC0, 0xE3, 0xFF, 0xC3, 0xFC, 0x71, 0xE1, 0xFF, 0x1F, 0xE0, 0xFF,
    0x8F, 0xE0, 0x0E, 0x07, 0xF0, 0x07, 0x0F, 0xFE, 0x03, 0x9F, 0xDF, 0xE1, 0xFF, 0xBB, 0xE0, 0xFF,
    0x1C, 0x73, 0xFF, 0xFF, 0xE1, 0xFC, 0xFF, 0xF8, 0xFC, 0x7F, 0xFC, 0x0E, 0x01, 0xC0, 0x07, 0x00,
    0xE0, 0x03, 0x9F, 0xFF, 0xC1, 0xCF, 0xFF, 0xE0, 0xE7, 0xFF, 0xF3, 0xF0, 0x0E, 0x01, 0xF8, 0x07,
    0x00, 0x78, 0x03, 0x80, 0x00, 0x01, 0x80, 0x00, 0x00, 0x00, 0x00, 0x07, 0x00, 0xE0, 0x03, 0x80,
    0x70, 0x01, 0xC0, 0x38, 0x00, 0xE3, 0xFF, 0xE3, 0xFD, 0xFF, 0xF1, 0xFE, 0x7F, 0xF0, 0xFF, 0x03,
    0x80, 0x0E, 0x7F, 0xFF, 0x07, 0x3F, 0xFF, 0xC3, 0x9F, 0xFF, 0xE1, 0xC0, 0x07, 0x00, 0xF8, 0x03,
    0x83, 0xFF, 0xFF, 0xFB, 0xFD, 0xFF, 0xFC, 0xFC, 0xFF, 0xFE, 0x0E, 0x1C, 0x38, 0x07, 0x0E, 0x1C,
    0x03, 0x87, 0x8E, 0x01, 0xC1, 0xE7, 0x00, 0xE0, 0x73, 0x81, 0xF0, 0x25, 0xC1, 0xF0, 0x07, 0xE0,
    0x78, 0x03, 0xF0, 0x00, 0x00, 0x00, 0x00, 0x00, 0x00, 0x00, 0x07, 0x0E, 0x00, 0x03, 0x87, 0x07,
    0x01, 0xC3, 0x9F, 0xC0, 0xE1, 0xFF, 0xC3, 0xFC, 0xFF, 0x01, 0xFF, 0x78, 0x1C, 0xFF, 0xB8, 0x0E,
    0x0E, 0x1C, 0x07, 0x07, 0x0F, 0xFF, 0x83, 0x87, 0xFF, 0x81, 0xD8, 0x00, 0x00, 0xFC, 0x00, 0x03,
    0xFE, 0xFF, 0xF3, 0xFE, 0x7F, 0xF8, 0xFC, 0x38, 0x1C, 0x0E, 0x1C, 0x0E, 0x07, 0x0F, 0xFF, 0x03,
    0x87, 0xFF, 0x81, 0xC3, 0x81, 0xC0, 0xE1, 0xC0, 0xE0, 0x70, 0xFF, 0xF1, 0xF8, 0x7F, 0xF8, 0x78,
    0x38, 0x1C, 0x00, 0x00, 0x00, 0x00, 0x00, 0x00, 0x00, 0x07, 0x01, 0xE0, 0x03, 0x80, 0x70, 0x01,
    0xC0, 0x38, 0x00, 0xE7, 0xFF, 0xF3, 0xFF, 0xFF, 0xF9, 0xFF, 0xC0, 0x1C, 0xFF, 0xE7, 0x0E, 0x0E,
    0x73, 0x87, 0x07, 0x03, 0xC0, 0x03, 0x9F, 0xFF, 0xC1, 0xDF, 0xFF, 0xE0, 0xEF, 0xFF, 0xF0, 0x7E,
    0x71, 0xE1, 0xFF, 0x78, 0xF1, 0xFE, 0x38, 0x70, 0x7E, 0x3E, 0x78, 0x07, 0x1F, 0xF8, 0x03, 0x81,
    0xFC, 0x01, 0xC0, 0x7E, 0x00, 0xE0, 0x7F, 0xC0, 0x71, 0xFD, 0xF1, 0xF9, 0xF8, 0x7C, 0xF8, 0xF0,
    0x0C, 0x00, 0x00, 0x00, 0x00, 0x00, 0x00, 0x00, 0x1C, 0x00, 0x00, 0x1C, 0xFF, 0xFF, 0x1C, 0xFF,
    0xFF, 0x1C, 0xFF, 0xFF, 0x7F, 0xE7, 0x07, 0x7F, 0xE7, 0x07, 0x7F, 0x7F, 0xFE, 0x1C, 0x7F, 0xFC,
    0x1C, 0x3F, 0xFC, 0x1C, 0x1C, 0xC0, 0x1C, 0x1D, 0xC0, 0x1F, 0xB9, 0xC0, 0x7F, 0xFF, 0xFE, 0xFF,
    0x3F, 0xFE, 0x7C, 0x3F, 0xFC, 0x1C, 0x01, 0xC0, 0x1C, 0xFF, 0xFF, 0x1C, 0xFF, 0xFF, 0x1C, 0xFF,
    0xFF, 0x1C, 0x01, 0xC0, 0x7C, 0x01, 0xC0, 0x7C, 0x01, 0xC0, 0x78, 0x01, 0xC0, 0x00, 0x00, 0x00,
    0x00, 0x00, 0x00, 0x0F, 0x03, 0x80, 0x07, 0x83, 0x80, 0x03, 0xC3, 0xFF, 0x81, 0xE1, 0xFF, 0xC3,
    0xF9, 0xE3, 0xC1, 0xFF, 0xE1, 0xC0, 0xFF, 0xFF, 0xFC, 0x1E, 0x7F, 0xFE, 0x0F, 0x1C, 0xEF, 0x07,
    0x8E, 0x73, 0x83, 0xC7, 0x39, 0xC1, 0xFB, 0x9C, 0xE3, 0xFD, 0xCE, 0x71, 0xFF, 0xFF, 0xFC, 0xFD,
    0xFF, 0xFE, 0x1E, 0xFF, 0xFF, 0x0F, 0x03, 0xE0, 0x07, 0x83, 0xF8, 0x03, 0xC3, 0xCE, 0x01, 0xE3,
    0xE7, 0xC3, 0xF7, 0xC1, 0xF9, 0xF7, 0xC0, 0x3C, 0x79, 0xC0, 0x0E, 0x00, 0x00, 0x00, 0x00, 0x00,
    0x00, 0x00, 0x1C, 0x10, 0x00, 0x1C, 0x7F, 0xFF, 0x1C, 0x7F, 0xFF, 0x1C, 0x78, 0x0F, 0x7F, 0xF0,
    0x07, 0x7F, 0xFF, 0xFF, 0x7F, 0xFF, 0xFF, 0x1E, 0x7F, 0xFE, 0x1C, 0x70, 0xE0, 0x1C, 0x70, 0xE0,
    0x1C, 0x7F, 0xFF, 0x1F, 0xFF, 0xFF, 0x7F, 0xFF, 0xFF, 0xFF, 0x70, 0xE0, 0x7C, 0x70, 0xE0, 0x1C,
    0x7F, 0xFF, 0x1C, 0x7F, 0xFF, 0x1C, 0xFF, 0xFF, 0x1C, 0xEE, 0x07, 0x1C, 0xEE, 0x07, 0x7D, 0xEF,
    0xFF, 0x7D, 0xCF, 0xFF, 0x78, 0xCF, 0xFF, 0x00, 0x00, 0x00, 0x00, 0x00, 0x00, 0x07, 0x03, 0xB8,
    0x03, 0x81, 0xDC, 0x01, 0xC0, 0xEE, 0x00, 0xE0, 0x77, 0x03, 0xFD, 0xFB, 0xF9, 0xFE, 0xFD, 0xFC,
    0xFF, 0x7E, 0xFC, 0x0E, 0x07, 0x70, 0x07, 0x03, 0xB8, 0x03, 0x8F, 0xDF, 0xC1, 0xC7, 0xEF, 0xE0,
    0xFF, 0xF7, 0xF3, 0xFE, 0x3B, 0x81, 0xFE, 0x1D, 0xC0, 0xFC, 0xFE, 0xFE, 0x0E, 0x7F, 0x7F, 0x87,
    0x3F, 0xBF, 0x83, 0x81, 0xDC, 0x01, 0xC0, 0xEE, 0x00, 0xE0, 0x77, 0x01, 0xF0, 0x3B, 0x80, 0xF8,
    0x1D, 0xC0, 0x78, 0x0E, 0xE0, 0x00, 0x00, 0x30, 0x00, 0x0C, 0x00, 0x00, 0x0E, 0x01, 0xC0, 0x07,
    0x00, 0xF0, 0x03, 0x8F, 0xFF, 0xE1, 0xC7, 0xFF, 0xF3, 0xFB, 0xFF, 0xF9, 0xFE, 0x70, 0xE0, 0xFF,
    0x1C, 0x70, 0x1C, 0x0E, 0x70, 0x0E, 0x7F, 0xFF, 0x87, 0x3F, 0xFF, 0xC3, 0x8F, 0xFF, 0xE1, 0xF0,
    0x78, 0x03, 0xFF, 0xFF, 0xFB, 0xFF, 0xFF, 0xFE, 0xF9, 0xFF, 0xFF, 0x1C, 0x1C, 0x38, 0x0E, 0x1E,
    0x1C, 0x07, 0x0F, 0xFE, 0x03, 0x83, 0xFE, 0x01, 0xC0, 0x7F, 0x83, 0xE3, 0xFF, 0xF1, 0xF3, 0xFC,
    0xFC, 0xF9, 0xF8, 0x1C, 0x00, 0x00, 0x00, 0x00, 0x0C, 0x00, 0x00, 0x0E, 0x01, 0xC0, 0x07, 0x00,
    0xF0, 0x03, 0x8F, 0xFF, 0xE1, 0xC7, 0xFF, 0xF3, 0xFF, 0xFF, 0xF9, 0xFF, 0xC0, 0x1C, 0xFF, 0xEC,
    0x6E, 0x1C, 0x6F, 0x7A, 0x0E, 0x0F, 0x1E, 0x07, 0x0F, 0x07, 0x83, 0x8F, 0x01, 0xE1, 0xFB, 0x00,
    0x61, 0xFD, 0xFF, 0xF3, 0xFE, 0xFF, 0xF8, 0xF8, 0x7F, 0xFC, 0x7C, 0x01, 0xC0, 0x0E, 0x00, 0xE0,
    0x07, 0x00, 0x70, 0x03, 0x80, 0x38, 0x01, 0xC0, 0x1C, 0x03, 0xE7, 0xFF, 0xFD, 0xF3, 0xFF, 0xFE,
    0xF9, 0xFF, 0xFE, 0x00, 0x00, 0x00, 0x0E, 0x0E, 0xE0, 0x0E, 0x0E, 0xE0, 0x0E, 0x1C, 0xF0, 0x0E,
    0x1C, 0x70, 0x7F, 0xBF, 0xFF, 0x7F, 0xBF, 0xFF, 0x7F, 0xFF, 0xFF, 0x0E, 0x78, 0xE0, 0x0E, 0xF8,
    0xE0, 0x0F, 0xFF, 0xFE, 0x0E, 0xFF, 0xFF, 0x0F, 0xBF, 0xFE, 0x7F, 0xB8, 0xE0, 0xFF, 0x38, 0xE0,
    0x7E, 0x3F, 0xFE, 0x0E, 0x3F, 0xFE, 0x0E, 0x3F, 0xFE, 0x0E, 0x38, 0xE0, 0x0E, 0x38, 0xE0, 0x0E,
    0x3F, 0xFF, 0x7E, 0x3F, 0xFF, 0x7C, 0x3F, 0xFF, 0x7C, 0x38, 0x00, 0x00, 0x18, 0x00, 0x00, 0x00,
    0x00, 0x1C, 0x0E, 0x38, 0x1C, 0x0E, 0x38, 0x1C, 0x0E, 0x38, 0x1C, 0x7F, 0xFF, 0x7F, 0x7F, 0xFF,
    0x7F, 0xFF, 0xFF, 0x7F, 0x8E, 0x38, 0x1C, 0x0E, 0x38, 0x1C, 0x0E, 0x38, 0x1C, 0x3F, 0xFE, 0x1C,
    0x3F, 0xFE, 0x1F, 0xBF, 0xFE, 0x7F, 0xB9, 0xCE, 0xFF, 0x39, 0xCE, 0x7C, 0x3F, 0xFE, 0x1C, 0x3F,
    0xFE, 0x1C, 0x3F, 0xFE, 0x1C, 0x39, 0xCE, 0x1C, 0x39, 0xCE, 0x1C, 0x3F, 0xFE, 0x7C, 0x3F, 0xFE,
    0x7C, 0x3F, 0xFE, 0x78, 0x38, 0x0E, 0x00, 0x00, 0x00, 0x00, 0x00, 0x00, 0x0E, 0x1F, 0xFE, 0x07,
    0x0F, 0xFF, 0x83, 0x87, 0xFF, 0xC1, 0xC3, 0x80, 0xE3, 0xFD, 0xFF, 0xF1, 0xFE, 0xFF, 0xF8, 0xFF,
    0x70, 0x1C, 0x1C, 0x3F, 0xFE, 0x0E, 0x1F, 0xFF, 0x07, 0x00, 0x00, 0x03, 0x8F, 0xFF, 0xE1, 0xFF,
    0xFF, 0xF3, 0xFF, 0xFF, 0xFB, 0xFC, 0xE7, 0x00, 0xF8, 0x73, 0x80, 0x1C, 0x39, 0xFE, 0x0E, 0x1C,
    0xFF, 0x07, 0x1E, 0x70, 0x03, 0x8F, 0xB8, 0x01, 0xCF, 0xFC, 0x03, 0xE7, 0x7F, 0xF9, 0xF7, 0x9F,
    0xFC, 0xF9, 0x83, 0xFE, 0x00, 0x00, 0x00, 0x00, 0x0C, 0x00, 0x00, 0x1E, 0x00, 0x7C, 0x1E, 0x3F,
    0xFE, 0x1E, 0x3F, 0xFC, 0x1E, 0x3F, 0xC0, 0x7F, 0x01, 0xC0, 0x7F, 0xFF, 0xFF, 0x7F, 0xFF, 0xFF,
    0x1E, 0x7F, 0xFF, 0x1E, 0x01, 0xC0, 0x1E, 0x0D, 0xC0, 0x1E, 0x3F, 0xFE, 0x1F, 0xFF, 0xFE, 0x7F,
    0xF1, 0xDE, 0xFF, 0xF1, 0xCE, 0x7E, 0x7D, 0xFE, 0x5E, 0x7F, 0xFE, 0x1E, 0x7F, 0xFE, 0x1E, 0x71,
    0xCE, 0x1E, 0x71, 0xCE, 0x1E, 0x7F, 0xFE, 0x3C, 0x7F, 0xFE, 0x7C, 0x7F, 0xFE, 0x3C, 0x70, 0x0E,
    0x00, 0x00, 0x06, 0x0C, 0x01, 0x80, 0x0F, 0x02, 0xE0, 0x07, 0x87, 0xFF, 0x83, 0xCF, 0xFF, 0xC1,
    0xE7, 0xDF, 0xE3, 0xFF, 0x8E, 0x71, 0xFF, 0xF7, 0xF8, 0xFF, 0xFF, 0xFC, 0x1E, 0x7D, 0xFE, 0x0F,
    0x38, 0xE7, 0x07, 0x9F, 0xFF, 0x83, 0xFF, 0xFF, 0xC1, 0xFF, 0xFF, 0xE3, 0xFC, 0x0E, 0x01, 0xF9,
    0xFF, 0xF0, 0xFC, 0xFF, 0xFC, 0x1E, 0x7F, 0xFE, 0x0F, 0x1E, 0x1E, 0x07, 0x87, 0x9E, 0x03, 0xC1,
    0xFE, 0x01, 0xE0, 0x7F, 0x03, 0xF3, 0xFF, 0xF1, 0xF3, 0xFD, 0xFC, 0x79, 0xF0, 0x3E, 0x00, 0x00,
    0x00, 0x00, 0x0C, 0x00, 0x80, 0x1C, 0x03, 0x80, 0x1C, 0x7F, 0xFF, 0x1C, 0xFF, 0xFF, 0x1C, 0xFF,
    0xFF, 0x7F, 0x1C, 0x38, 0x7F, 0x9E, 0x38, 0x7F, 0xFF, 0xFE, 0x1E, 0x7F, 0xFF, 0x1C, 0x7F, 0xFF,
    0x1C, 0x71, 0xCF, 0x1C, 0x7F, 0xFF, 0x1F, 0xFF, 0xFF, 0x7F, 0xFF, 0xFF, 0xFF, 0x71, 0xCF, 0x7C,
    0x77, 0xFF, 0x5C, 0x7F, 0xFF, 0x1C, 0x7E, 0x7F, 0x1C, 0x7F, 0xFF, 0x1C, 0x7F, 0xFF, 0x1C, 0x7F,
    0xFF, 0x7C, 0x76, 0x0F, 0x7C, 0x70, 0x3E, 0x7C, 0x70, 0x3E, 0x00, 0x20, 0x00, 0x0C, 0x00, 0x00,
    0x0E, 0x07, 0xFC, 0x07, 0x07, 0xFE, 0x03, 0x83, 0xFF, 0x01, 0xC1, 0xC3, 0x83, 0xF8, 0xFF, 0xC1,
    0xFE, 0x7F, 0xE0, 0xFF, 0x3F, 0xF0, 0x1C, 0x7F, 0xFF, 0x0E, 0x3F, 0xFF, 0x87, 0x1F, 0xFF, 0xC3,
    0xAC, 0xFC, 0xE1, 0xFF, 0xFF, 0xF3, 0xFF, 0xFF, 0xF9, 0xF9, 0xFF, 0xF8, 0xF8, 0x03, 0x80, 0x5C,
    0xFF, 0xFF, 0x0E, 0x7F, 0xFF, 0x87, 0x03, 0xFC, 0x03, 0x83, 0xFF, 0x01, 0xC7, 0xFF, 0xE1, 0xEF,
    0xCE, 0xF8, 0xF7, 0xC7, 0x3C, 0x79, 0x83, 0x84, 0x00, 0x01, 0x80, 0x00, 0x00, 0x00, 0x00, 0x01,
    0xC7, 0x00, 0x03, 0xC7, 0x00, 0x73, 0xCF, 0x00, 0x73, 0xCF, 0x00, 0x73, 0xCF, 0xFE, 0x73, 0xCF,
    0xFE, 0x73, 0xDF, 0xFE, 0x73, 0xDE, 0x3C, 0x73, 0xFE, 0x38, 0x73, 0xFE, 0x38, 0x73, 0xFE, 0x38,
    0x73, 0xF7, 0x78, 0x73, 0xF7, 0x70, 0x73, 0xC7, 0xF0, 0x7F, 0xC3, 0xF0, 0x7F, 0xC3, 0xE0, 0xFF,
    0xC1, 0xE0, 0xFB, 0xC3, 0xE0, 0x63, 0xC7, 0xF0, 0x03, 0xCF, 0xFC, 0x03, 0xFF, 0x3E, 0x03, 0xFE,
    0x1E, 0x03, 0xD8, 0x0C, 0x01, 0x80, 0x00, 0x00, 0x00, 0x00, 0x00, 0x07, 0x00, 0x7F, 0xC7, 0x00,
    0xFF, 0xC7, 0x00, 0xFF, 0xC7, 0x00, 0x01, 0xCF, 0xFE, 0x01, 0xCF, 0xFE, 0x01, 0xDF, 0xFE, 0x01,
    0xDE, 0x3C, 0x7F, 0xDE, 0x3C, 0x7F, 0xFE, 0x38, 0x7F, 0xFF, 0x38, 0x7F, 0xFF, 0x78, 0x70, 0x17,
    0x78, 0x70, 0x03, 0xF0, 0x70, 0x03, 0xF0, 0x70, 0x03, 0xE0, 0x71, 0xC1, 0xE0, 0x77, 0xC3, 0xE0,
    0x7F, 0xC7, 0xF8, 0xFF, 0x1F, 0xFC, 0xFC, 0x3F, 0x3E, 0x60, 0x3C, 0x1E, 0x00, 0x38, 0x0C, 0x00,
    0x00, 0x00, 0x00, 0x00, 0x00, 0x03, 0x80, 0xE0, 0x01, 0xC0, 0xF0, 0x00, 0xF0, 0x70, 0x07, 0xFF,
    0x38, 0x03, 0xFF, 0xDF, 0xF9, 0xFF, 0xFF, 0xFE, 0x38, 0x0F, 0xFE, 0x1C, 0x07, 0x1E, 0x0E, 0x07,
    0xCE, 0x07, 0xFF, 0xE7, 0x03, 0xFF, 0xF3, 0x81, 0xFF, 0xFB, 0xC0, 0xE7, 0x4F, 0xC0, 0x73, 0x87,
    0xE0, 0x39, 0xC3, 0xF0, 0x1C, 0xE0, 0xF0, 0x0E, 0x70, 0x78, 0x07, 0x38, 0x7C, 0x07, 0x1C, 0x7F,
    0x03, 0x8E, 0x7F, 0xE3, 0xFF, 0xFC, 0xFB, 0xDF, 0xF8, 0x3C, 0xCF, 0xB8, 0x0E, 0x00, 0x00, 0x00,
    0x00, 0x00, 0x00, 0x00, 0x03, 0x80, 0xF0, 0x01, 0xE0, 0x70, 0x00, 0x70, 0x38, 0x07, 0xFF, 0x9C,
    0x03, 0xFF, 0xCF, 0xF9, 0xFF, 0xEF, 0xFC, 0x39, 0xC7, 0xFE, 0x1C, 0xF3, 0x8E, 0x1E, 0x3B, 0xCF,
    0x0E, 0x0F, 0xE7, 0x0F, 0x1F, 0xF3, 0x8F, 0xDF, 0xFD, 0xC3, 0xFE, 0x3F, 0xE0, 0x3F, 0x07, 0xE0,
    0x0F, 0x03, 0xF0, 0x07, 0xC0, 0xF0, 0x03, 0xF0, 0x78, 0x03, 0xF8, 0x3E, 0x03, 0xDE, 0x3F, 0x83,
    0xC7, 0x7F, 0xE3, 0xC3, 0x7C, 0xF9, 0xC0, 0x7C, 0x3C, 0x40, 0x3C, 0x0E, 0x00, 0x00, 0x00, 0x00,
    0x01, 0x00, 0x00, 0x09, 0xD8, 0xE0, 0x0E, 0xEE, 0x70, 0x07, 0x7E, 0x38, 0x01, 0xBF, 0x1C, 0x03,
    0xFF, 0xFF, 0xF9, 0xFF, 0xFF, 0xFC, 0xFF, 0xF7, 0xFE, 0x0F, 0xF7, 0x9C, 0x1F, 0xFF, 0xCE, 0x1E,
    0xED, 0xE7, 0x0E, 0x71, 0xFB, 0x82, 0x70, 0xFD, 0xC1, 0xFF, 0xAF, 0xC1, 0xFF, 0xE3, 0xE0, 0xFF,
    0xE1, 0xF0, 0x1C, 0x70, 0x70, 0x1E, 0x78, 0x78, 0x0F, 0xF8, 0x3E, 0x01, 0xF8, 0x3F, 0x80, 0x7F,
    0x3D, 0xE1, 0xFF, 0x7C, 0x79, 0xF0, 0x7C, 0x3C, 0xE0, 0x18, 0x06, 0x00, 0x00, 0x00, 0x00, 0x03,
    0x00, 0x00, 0x01, 0xC0, 0xE0, 0x1F, 0xFE, 0x70, 0x0F, 0xFF, 0x7F, 0xE0, 0x38, 0x3F, 0xF1, 0xFF,
    0xFF, 0xF8, 0xFF, 0xFE, 0x70, 0x67, 0x7F, 0xB8, 0x3F, 0xFF, 0xF8, 0x1F, 0xFC, 0x7C, 0x03, 0xFC,
    0x3E, 0x07, 0xFE, 0xFF, 0xC7, 0xBB, 0xFD, 0xF3, 0x9C, 0x38, 0x78, 0xFF, 0xFF, 0xF8, 0x7F, 0xFF,
    0xFC, 0x1F, 0xFF, 0xFC, 0x03, 0x8E, 0x00, 0x01, 0xC7, 0xFE, 0x00, 0xE3, 0xFF, 0x00, 0x71, 0xC0,
    0x03, 0xFF, 0xFF, 0xF9, 0xFF, 0xFF, 0xFC, 0xFF, 0xFF, 0xFE, 0x00, 0x00, 0x00, 0x00, 0x1E, 0x00,
    0x00, 0x07, 0x00, 0x00, 0x03, 0xC0, 0x00, 0x01, 0xE0, 0x03, 0xFF, 0xFF, 0xF9, 0xFF, 0xFF, 0xFC,
    0xFF, 0xFF, 0xFE, 0x07, 0x00, 0x70, 0x01, 0xC0, 0x78, 0x00, 0xE0, 0x38, 0x00, 0x38, 0x3C, 0x00,
    0x1E, 0x3C, 0x00, 0x07, 0x9E, 0x00, 0x03, 0xDE, 0x00, 0x00, 0xFE, 0x00, 0x00, 0x3E, 0x00, 0x00,
    0x1F, 0x80, 0x00, 0x3F, 0xE0, 0x00, 0x7E, 0xFC, 0x00, 0xFE, 0x3F, 0xC3, 0xFC, 0x07, 0xF9, 0xF8,
    0x00, 0xFC, 0x70, 0x00, 0x1C, 0x00, 0x00, 0x00, 0x00, 0x00, 0x00, 0x00, 0x00, 0xE0, 0x0E, 0x00,
    0xF0, 0x47, 0x00, 0xFC, 0x73, 0x80, 0xFF, 0x3D, 0xC0, 0xF3, 0xCF, 0xE1, 0xF0, 0xF3, 0xF1, 0xFF,
    0xF8, 0xB8, 0x7F, 0xF0, 0x1C, 0x3F, 0xFB, 0x8E, 0x00, 0xE1, 0xE7, 0x00, 0x70, 0x7B, 0x87, 0xFF,
    0x9F, 0xC3, 0xFF, 0xC6, 0xE0, 0xFF, 0xC0, 0x7C, 0x37, 0x60, 0xFF, 0x3B, 0xF7, 0xFF, 0x9D, 0xDF,
    0xFE, 0x0E, 0xEF, 0xE7, 0x0E, 0x77, 0x03, 0x87, 0x39, 0xC1, 0xC3, 0x1C, 0x80, 0xE0, 0x7E, 0x00,
    0x70, 0x1E, 0x00, 0x38, 0x00, 0x00, 0x00, 0x00, 0x00, 0x00, 0x00, 0x61, 0x80, 0x1C, 0x61, 0xA0,
    0xFE, 0x6D, 0xBF, 0xFC, 0x6D, 0xB7, 0xE0, 0x6F, 0xF7, 0x00, 0x6F, 0xE7, 0x00, 0x6D, 0xE7, 0x00,
    0x7F, 0xFF, 0x00, 0x7F, 0xFF, 0xFE, 0x7F, 0xF7, 0xFF, 0x63, 0xC7, 0xFE, 0x67, 0xE7, 0x38, 0x67,
    0xF7, 0x38, 0x6F, 0xB7, 0x38, 0x7D, 0xB7, 0x38, 0x7D, 0x87, 0x38, 0x69, 0x8E, 0x38, 0x61, 0x8E,
    0x38, 0x7F, 0xFE, 0x38, 0x7F, 0xFE, 0x38, 0x7F, 0xFE, 0x38, 0x00, 0x1C, 0x38, 0x00, 0x0C, 0x38,
    0x00, 0x00, 0x00, 0x00, 0x00, 0x00, 0x03, 0x80, 0x06, 0x01, 0xE0, 0x3F, 0x8F, 0xFF, 0xFF, 0xC7,
    0xFF, 0xFF, 0x03, 0xFF, 0xF8, 0x00, 0x73, 0xDC, 0x00, 0x39, 0xCE, 0x00, 0x1C, 0xE7, 0x00, 0x3F,
    0xFF, 0xFF, 0x9F, 0xFF, 0xFF, 0xC7, 0xFE, 0xFF, 0xE0, 0x38, 0x71, 0xC3, 0xFF, 0xF8, 0xE1, 0xFF,
    0xFC, 0x70, 0xFF, 0xFE, 0x38, 0x1B, 0xE7, 0x1C, 0x1D, 0xFB, 0x8E, 0x0E, 0xFD, 0xC7, 0x0E, 0x77,
    0xE3, 0x87, 0x3B, 0xE1, 0xC1, 0x7C, 0x70, 0xE0, 0x3C, 0x78, 0x70, 0x1E, 0x08, 0x38, 0x00, 0x00,
    0x00, 0x00, 0x70, 0x00, 0x00, 0xE0, 0x00, 0x01, 0xE0, 0x00, 0x01, 0xC0, 0x1F, 0xFF, 0xFF, 0xFF,
    0xFF, 0xFF, 0xFF, 0xFF, 0xFF, 0x01, 0xC0, 0x00, 0x03, 0x80, 0x00, 0x0F, 0x00, 0x00, 0x1F, 0xFF,
    0xC0, 0x3F, 0xFF, 0x00, 0x7F, 0xFE, 0x00, 0xE0, 0x1C, 0x03, 0xC0, 0x38, 0x07, 0x80, 0x70, 0x0E,
    0x00, 0xE0, 0x3C, 0x01, 0xC0, 0xF0, 0x07, 0x83, 0xE0, 0x0F, 0x0F, 0x87, 0xFC, 0x3E, 0x07, 0xF8,
    0x30, 0x0F, 0xE0, 0x00, 0x00, 0x00, 0x3F, 0xFF, 0xFE, 0x1F, 0xFF, 0xFF, 0x0F, 0xFF, 0xFF, 0x80,
    0x07, 0x80, 0x00, 0x03, 0xC0, 0x00, 0x01, 0xE0, 0x00, 0x00, 0xE0, 0x00, 0xFF, 0xFF, 0xFE, 0x7F,
    0xFF, 0xFF, 0x3F, 0xFF, 0xFF, 0x9F, 0xFF, 0xFF, 0xC0, 0x0F, 0xE0, 0x00, 0x07, 0xF0, 0x00, 0x07,
    0xF8, 0x00, 0x03, 0xBC, 0x00, 0x03, 0xDE, 0x0C, 0x03, 0xCF, 0x07, 0x03, 0xE7, 0x83, 0x87, 0xE3,
    0xC1, 0xCF, 0xE1, 0xFF, 0xE7, 0xC0, 0x7F, 0xF1, 0xC0, 0x1F, 0xE0, 0x00, 0x00, 0x00, 0xFF, 0xFF,
    0xBF, 0xFF, 0xEF, 0xFF, 0xFB, 0x80, 0x0E, 0xE0, 0x03, 0xB8, 0x00, 0xEE, 0x00, 0x3B, 0x80, 0x0E,
    0xE0, 0x03, 0xBF, 0xFF, 0xEF, 0xFF, 0xFB, 0xFF, 0xFE, 0xE0, 0x03, 0xB8, 0x00, 0xEE, 0x00, 0x3B,
    0x80, 0x0E, 0xE0, 0x03, 0xBF, 0xFF, 0xEF, 0xFF, 0xFB, 0xFF, 0xFE, 0xFF, 0xFF, 0xB8, 0x00, 0xE0,
    0x3F, 0xFF, 0xF8, 0x7F, 0xFF, 0xF0, 0xF0, 0x01, 0xE1, 0xC0, 0x03, 0xC3, 0xFF, 0xFF, 0x87, 0xFF,
    0xFF, 0x0F, 0xFF, 0xFE, 0x1C, 0x00, 0x3C, 0x3F, 0xFF, 0xF8, 0x7F, 0xFF, 0xF0, 0xFF, 0xFF, 0xE0,
    0x01, 0xC0, 0x00, 0x03, 0x80, 0x00, 0x07, 0x00, 0x3F, 0xFF, 0xFF, 0xFF, 0xFF, 0xFF, 0xFF, 0xFF,
    0xFE, 0x00, 0x70, 0x00, 0x00, 0xE0, 0x00, 0x01, 0xC0, 0x00, 0x03, 0x80, 0x00, 0x07, 0x00, 0x00,
    0x00, 0x00, 0x00, 0x00, 0x00, 0x38, 0x20, 0x00, 0x38, 0xFF, 0x80, 0x38, 0xFF, 0x80, 0x38, 0xF3,
    0xBF, 0xFE, 0xF3, 0xBF, 0xFE, 0xF3, 0xBF, 0xFE, 0xF3, 0x80, 0x78, 0xF3, 0x80, 0x38, 0xFF, 0x98,
    0x38, 0xFF, 0x9C, 0x38, 0xFF, 0x9E, 0x38, 0xF3, 0x8F, 0x38, 0xF3, 0x87, 0x38, 0xF3, 0x87, 0xB8,
    0xF3, 0x83, 0x38, 0xFF, 0x80, 0x38, 0xFF, 0x80, 0x38, 0xFF, 0x80, 0x38, 0xF0, 0x00, 0x38, 0x60,
    0x07, 0xF8, 0x00, 0x07, 0xF0, 0x00, 0x07, 0xE0, 0x00, 0x04, 0x08, 0xFF, 0xBF, 0xFF, 0xFF, 0x7F,
    0xFF, 0xFE, 0xFF, 0xFF, 0x1D, 0xC0, 0xFE, 0x3B, 0x81, 0xFC, 0x77, 0x07, 0xFF, 0xEF, 0xFF, 0xFF,
    0xDF, 0xFF, 0xFF, 0xBF, 0xFF, 0xC7, 0x70, 0x3F, 0x8E, 0xE0, 0x7F, 0x1D, 0xC1, 0xFE, 0x3B, 0xFF,
    0xFF, 0xF7, 0xFF, 0xFF, 0xFF, 0xFF, 0xFF, 0xF8, 0x0F, 0xE0, 0x70, 0x1D, 0xC1, 0xE0, 0x38, 0x07,
    0x80, 0x70, 0x1F, 0x0F, 0xE0, 0x3C, 0x1F, 0xC0, 0x70, 0x3F, 0x00, 0x00, 0x00, 0x0F, 0xFF, 0xF8,
    0x07, 0xFF, 0xFC, 0x03, 0xFF, 0xFE, 0x01, 0xC0, 0x07, 0x00, 0xFF, 0xFF, 0x80, 0x7F, 0xFF, 0xC0,
    0x38, 0x00, 0xE0, 0x1F, 0xFF, 0xF0, 0x0F, 0xFF, 0xF8, 0x07, 0xFF, 0xFC, 0x1F, 0xFF, 0xFF, 0xCF,
    0xFF, 0xFF, 0xE7, 0xFF, 0xFF, 0xF0, 0x38, 0xE0, 0x00, 0x1C, 0x70, 0x00, 0x0E, 0x3F, 0xF8, 0x0F,
    0x1F, 0xFC, 0x07, 0xCF, 0xFE, 0x07, 0xF7, 0x00, 0x07, 0xFF, 0x80, 0x07, 0xDF, 0xFF, 0xF3, 0xC3,
    0xFF, 0xF9, 0xC0, 0x7F, 0xFC, 0x00, 0x00, 0x00, 0x0F, 0xFF, 0xF8, 0x07, 0xFF, 0xFC, 0x03, 0x80,
    0x0E, 0x01, 0xC0, 0x07, 0x00, 0xFF, 0xFF, 0x80, 0x7F, 0xFF, 0xC0, 0x38, 0x00, 0xE0, 0x1C, 0x00,
    0x70, 0x0F, 0xFF, 0xF8, 0x07, 0xFF, 0xFC, 0x00, 0x10, 0xC0, 0x01, 0x1C, 0x71, 0x01, 0xCE, 0x39,
    0xE0, 0xE7, 0x1C, 0xE0, 0x3B, 0x8E, 0xF0, 0x1D, 0xC7, 0xF0, 0x0F, 0xE3, 0xF0, 0x02, 0x71, 0xD0,
    0x1F, 0xFF, 0xFF, 0xDF, 0xFF, 0xFF, 0xFF, 0xFF, 0xFF, 0xF8, 0x00, 0x30, 0x0C, 0x7E, 0x30, 0x7E,
    0xFE, 0x31, 0xFC, 0xFE, 0x31, 0xF0, 0xEE, 0x31, 0xC0, 0xEF, 0xFF, 0xC0, 0xEF, 0xFF, 0xC0, 0xEF,
    0xFD, 0xC0, 0xEE, 0x71, 0xFF, 0xFE, 0x79, 0xFF, 0xFE, 0x7D, 0xDC, 0xEE, 0xFD, 0xDC, 0xEE, 0xFF,
    0x9C, 0xEE, 0xF5, 0x9C, 0xEF, 0xF1, 0x9C, 0xEF, 0xB3, 0x9C, 0xFF, 0xB3, 0x9C, 0xFF, 0xB3, 0x9C,
    0xFE, 0x33, 0x9C, 0xE0, 0x33, 0x1C, 0x60, 0x37, 0x1C, 0x00, 0x37, 0x1C, 0x00, 0x36, 0x1C, 0x00,
    0x00, 0x00, 0x00, 0x00, 0x00, 0x38, 0x00, 0x00, 0x7F, 0xCF, 0xF9, 0xFF, 0xBF, 0xF3, 0xFF, 0x7F,
    0xEE, 0x70, 0xE1, 0xDF, 0xFF, 0xC3, 0xBF, 0xFF, 0x87, 0x7F, 0xFF, 0x0E, 0x0F, 0x8F, 0xFC, 0x3F,
    0xDF, 0xF9, 0xF7, 0xFF, 0xF7, 0xC7, 0x00, 0x0F, 0xFF, 0xFF, 0x0B, 0xFF, 0xFE, 0x07, 0xFF, 0xFC,
    0x0E, 0x00, 0x38, 0x1F, 0xFF, 0xF0, 0x3F, 0xFF, 0xE0, 0x7F, 0xFF, 0xC0, 0xE0, 0x03, 0x81, 0xFF,
    0xFF, 0x03, 0xFF, 0xFE, 0x07, 0xFF, 0xFC, 0x06, 0x00, 0x00, 0x00, 0x00, 0x00, 0x1C, 0x00, 0x7B,
    0xFF, 0xDF, 0xF7, 0xFF, 0xBF, 0xEF, 0xFF, 0x70, 0x0F, 0x70, 0xE0, 0x3F, 0xFD, 0xFF, 0xFF, 0xFB,
    0xFF, 0x7F, 0xF7, 0xFE, 0x07, 0x1C, 0x73, 0xFF, 0xF8, 0xE7, 0xFF, 0xF1, 0xCF, 0xF9, 0xE3, 0x80,
    0x71, 0x87, 0x07, 0xFF, 0xFC, 0x0F, 0xFF, 0xF8, 0x1F, 0xFF, 0xF0, 0x38, 0x00, 0xE0, 0x7F, 0xFF,
    0xC0, 0xFF, 0xFF, 0x81, 0xC0, 0x07, 0x03, 0xFF, 0xFE, 0x07, 0xFF, 0xFC, 0x0F, 0xFF, 0xF8, 0x00,
    0x00, 0x00, 0xFF, 0xFF, 0xFE, 0xFF, 0xFF, 0xFE, 0x7F, 0xFF, 0xFE, 0x00, 0x38, 0x00, 0x3F, 0xFF,
    0xF8, 0x3F, 0xFF, 0xF8, 0x38, 0x38, 0x38, 0x38, 0x38, 0x38, 0x3F, 0xFF, 0xF8, 0x3F, 0xFF, 0xF8,
    0x38, 0x38, 0x38, 0x38, 0x38, 0x38, 0x3F, 0xFF, 0xF8, 0x3F, 0xFF, 0xF8, 0x1C, 0x78, 0x00, 0x1E,
    0x78, 0x00, 0x0F, 0xF0, 0x00, 0x07, 0xE0, 0x00, 0x07, 0xFC, 0x00, 0x7F, 0xFF, 0xFE, 0xFF, 0x3F,
    0xFE, 0x78, 0x07, 0xFE, 0x00, 0x00, 0x00, 0x1F, 0xFF, 0xF0, 0x1F, 0xFF, 0xF0, 0x1F, 0xFF, 0xF0,
    0x1F, 0xFF, 0xF0, 0x1F, 0xFF, 0xF0, 0x1F, 0xFF, 0xF0, 0x1F, 0xFF, 0xF0, 0x1F, 0xFF, 0xF0, 0x1F,
    0xFF, 0xF0, 0xFF, 0xFF, 0xFE, 0xFF, 0xFF, 0xFE, 0xFF, 0xFF, 0xFE, 0x3F, 0xEF, 0xFC, 0x3F, 0xFF,
    0xFC, 0x3F, 0xEF, 0xFC, 0x38, 0xE7, 0x1C, 0x3F, 0xE7, 0x38, 0x3F, 0xE3, 0xF8, 0x38, 0xF3, 0xF0,
    0xFF, 0xF9, 0xF0, 0xFF, 0xFF, 0xFC, 0xFC, 0xFF, 0x3E, 0x00, 0xEE, 0x1E, 0x00, 0x00, 0x00, 0x00,
    0x00, 0x00, 0x00, 0x70, 0x00, 0x00, 0x70, 0x00, 0x00, 0xF0, 0x00, 0x7F, 0xFF, 0xFF, 0x7F, 0xFF,
    0xFF, 0x7F, 0xFF, 0xFF, 0x03, 0xC0, 0x00, 0x03, 0xFF, 0xF8, 0x07, 0xFF, 0xF8, 0x0F, 0xFF, 0xF8,
    0x1F, 0x80, 0x38, 0x3F, 0x80, 0x38, 0x7F, 0xFF, 0xF8, 0x7B, 0xFF, 0xF8, 0x33, 0x80, 0x38, 0x03,
    0x80, 0x38, 0x03, 0xFF, 0xF8, 0x03, 0xFF, 0xF8, 0x03, 0xFF, 0xF8, 0x03, 0x80, 0x38, 0x03, 0x83,
    0xF8, 0x03, 0x83, 0xF8, 0x03, 0x81, 0xF0, 0x01, 0x00, 0x00, 0x3F, 0xCF, 0xFE, 0x1F, 0xEF, 0xFF,
    0x0F, 0xF7, 0xFF, 0x87, 0x3B, 0xFF, 0xC3, 0x9D, 0xE0, 0xE1, 0xCE, 0xF0, 0x70, 0xFF, 0x79, 0xF8,
    0x7F, 0xBC, 0xFC, 0x3F, 0xDE, 0x00, 0x1C, 0xEF, 0xFF, 0x8E, 0x77, 0xFF, 0xC7, 0x3B, 0xFF, 0xE3,
    0xFD, 0xF8, 0xE1, 0xFE, 0xFE, 0x70, 0xFF, 0x7F, 0x38, 0x73, 0xBD, 0xF8, 0x39, 0xDE, 0xFC, 0x1C,
    0xEF, 0x3C, 0x1C, 0x77, 0x9E, 0x0E, 0x3B, 0xDF, 0x87, 0x7D, 0xFF, 0xF3, 0xBE, 0xFE, 0x7D, 0x9F,
    0x7E, 0x1C, 0x04, 0x18, 0x00, 0x1C, 0x70, 0x00, 0x1C, 0x73, 0xFF, 0x1C, 0x73, 0xFF, 0x7F, 0xFF,
    0xFF, 0x7F, 0xFF, 0x87, 0x7F, 0xFB, 0x87, 0x1C, 0x73, 0xFF, 0x1F, 0xF3, 0xFF, 0x1F, 0xF3, 0xFF,
    0x1C, 0x73, 0x87, 0x1C, 0x73, 0x87, 0x1F, 0xF3, 0x87, 0x1F, 0xF3, 0xFF, 0x1C, 0x73, 0xFF, 0x1C,
    0x73, 0xFF, 0xFF, 0xFF, 0x87, 0xFF, 0xFF, 0x87, 0x1C, 0xE7, 0x07, 0x1E, 0xE7, 0x07, 0x3C, 0xF7,
    0x07, 0x38, 0x7F, 0x3F, 0x78, 0x3E, 0x3F, 0x70, 0x06, 0x3E, 0x00, 0x00, 0x00, 0x00, 0x08, 0x00,
    0x00, 0x0E, 0x00, 0x00, 0x07, 0x00, 0x00, 0x03, 0x80, 0x01, 0xFF, 0xFF, 0xC0, 0xFF, 0xFF, 0xE0,
    0x7F, 0xFF, 0xF0, 0x3F, 0xFF, 0xF8, 0x00, 0x1C, 0x00, 0x00, 0x0E, 0x00, 0x00, 0x07, 0x00, 0x0F,
    0xFF, 0xFF, 0xE7, 0xFF, 0xFF, 0xF3, 0xFF, 0xFF, 0xF8, 0x01, 0xFC, 0x00, 0x01, 0xFF, 0x00, 0x03,
    0xFF, 0xC0, 0x03, 0xEE, 0xF8, 0x03, 0xE7, 0x3E, 0x07, 0xE3, 0x8F, 0xC7, 0xE1, 0xC3, 0xF3, 0xC0,
    0xE0, 0xF8, 0xC0, 0x70, 0x18, 0x00, 0x38, 0x00, 0x00, 0x08, 0x00, 0x00, 0x00, 0x08, 0x00, 0x00,
    0x0E, 0x00, 0x00, 0x07, 0x00, 0x00, 0x03, 0x80, 0x03, 0xFF, 0xFF, 0xE3, 0xFF, 0xFF, 0xF9, 0xFF,
    0xFF, 0xFC, 0xFF, 0xFF, 0xFE, 0x00, 0x1C, 0x00, 0x00, 0x0E, 0x00, 0x00, 0x07, 0x00, 0x07, 0xFF,
    0xFF, 0xC3, 0xFF, 0xFF, 0xE1, 0xFF, 0xFF, 0xF0, 0x01, 0xFC, 0x00, 0x01, 0xFF, 0x80, 0x01, 0xFF,
    0xE0, 0x03, 0xEE, 0xF8, 0x03, 0xE7, 0x3E, 0x07, 0xE3, 0x8F, 0xC7, 0xE1, 0xC3, 0xF3, 0xE0, 0xE0,
    0x78, 0xC0, 0x70, 0x18, 0x00, 0x38, 0x00, 0x00, 0x00, 0x00, 0x00, 0x00, 0x08, 0x00, 0x00, 0x0E,
    0x00, 0x00, 0x07, 0x00, 0x00, 0x03, 0x80, 0x00, 0x01, 0xC0, 0x00, 0x00, 0xE0, 0x01, 0xFF, 0xFF,
    0xFC, 0xFF, 0xFF, 0xFE, 0x7F, 0xFF, 0xFF, 0x00, 0xFF, 0xC0, 0x00, 0x77, 0xF0, 0x00, 0x7B, 0xBC,
    0x00, 0x39, 0xDE, 0x00, 0x3C, 0xE7, 0x80, 0x3C, 0x71, 0xE0, 0x3E, 0x38, 0xF8, 0x3E, 0x1C, 0x3E,
    0x3F, 0xFF, 0xFF, 0x9F, 0xFF, 0xFF, 0xCE, 0xFF, 0xFE, 0xC0, 0x01, 0xC0, 0x00, 0x00, 0xE0, 0x00,
    0x00, 0x70, 0x00, 0x00, 0x38, 0x00, 0x00, 0x08, 0x00, 0x00, 0x06, 0x00, 0x00, 0x03, 0x80, 0x00,
    0x01, 0xC3, 0xFE, 0x00, 0xE1, 0xFF, 0x00, 0x70, 0xFF, 0x80, 0x38, 0x71, 0xC1, 0xFF, 0xB8, 0xE0,
    0xFF, 0xDC, 0x70, 0x7F, 0xEE, 0x38, 0x07, 0x87, 0x1C, 0x03, 0xC3, 0x8E, 0x03, 0xF1, 0xC7, 0x01,
    0xFC, 0xE3, 0x80, 0xFF, 0x71, 0xC0, 0xFF, 0xB8, 0xE0, 0xFE, 0xDC, 0x70, 0x77, 0x5E, 0x38, 0x7B,
    0x8E, 0x1D, 0x99, 0xC7, 0x0E, 0xE8, 0xE7, 0x87, 0x70, 0x73, 0x83, 0xB8, 0x3B, 0xC1, 0xFC, 0x1D,
    0xC0, 0xFE, 0x0E, 0xE0, 0x3E, 0x00, 0x00, 0x00, 0x00, 0x00, 0x00, 0x00, 0x00, 0x78, 0x00, 0x00,
    0x38, 0x00, 0x00, 0x3F, 0xFE, 0x00, 0x3F, 0xFF, 0x00, 0x7E, 0x0F, 0x00, 0x7F, 0x8F, 0x80, 0x7D,
    0xEF, 0x80, 0x38, 0x7F, 0x80, 0x00, 0x3F, 0xC0, 0x01, 0xFF, 0xFC, 0x0F, 0xFC, 0x7F, 0xE7, 0xF9,
    0xCF, 0xF3, 0xE0, 0xE0, 0x70, 0x3F, 0xFF, 0xF0, 0x3F, 0xFF, 0xF8, 0x1F, 0xFF, 0xFC, 0x00, 0x8E,
    0x20, 0x00, 0xE7, 0x38, 0x00, 0xF3, 0x9E, 0x01, 0xF1, 0xC7, 0x81, 0xF0, 0xE1, 0xE0, 0x63, 0xF0,
    0x70, 0x00, 0xF8, 0x10, 0x00, 0x00, 0x00, 0x00, 0x00, 0x00, 0x00, 0x00, 0x0E, 0x00, 0x00, 0x07,
    0x00, 0x03, 0xFF, 0xFF, 0xC3, 0xFF, 0xFF, 0xE1, 0xFF, 0xFF, 0xF0, 0x18, 0x70, 0xE0, 0x1E, 0x38,
    0x70, 0x07, 0x1C, 0x78, 0x03, 0xCE, 0x38, 0x00, 0xE7, 0x3C, 0x00, 0x73, 0x9C, 0x07, 0xFF, 0xFF,
    0xF3, 0xFF, 0xFF, 0xF8, 0xFF, 0xFF, 0xF8, 0x01, 0xFF, 0x00, 0x01, 0xFF, 0xC0, 0x01, 0xEE, 0xF0,
    0x01, 0xE7, 0x3C, 0x03, 0xE3, 0x8F, 0x87, 0xE1, 0xC3, 0xF3, 0xE0, 0xE0, 0xF8, 0xC0, 0x70, 0x1C,
    0x00, 0x38, 0x00, 0x00, 0x00, 0x00, 0x00, 0x00, 0x00, 0x00, 0x07, 0x02, 0x18, 0x03, 0x81, 0xDE,
    0x01, 0xC0, 0xE7, 0x00, 0xE0, 0xF3, 0x80, 0x70, 0x71, 0xE1, 0xFF, 0x38, 0x70, 0xFF, 0xBC, 0x3C,
    0x7F, 0xDC, 0x1E, 0x07, 0x9E, 0xE7, 0x87, 0xDE, 0x71, 0xC3, 0xFF, 0x78, 0xC1, 0xFD, 0x38, 0x21,
    0xFE, 0x1C, 0x00, 0xFB, 0x9E, 0x00, 0xFD, 0x8E, 0x70, 0x7E, 0x0F, 0x38, 0x77, 0x07, 0x0E, 0x1B,
    0x87, 0x87, 0x09, 0xC3, 0x83, 0xC0, 0xE3, 0xFF, 0xE0, 0x71, 0xFF, 0xF8, 0x38, 0xFF, 0x9C, 0x1C,
    0x60, 0x0C, 0x00, 0x00, 0x00, 0x00, 0x06, 0x00, 0x00, 0x07, 0x80, 0x0C, 0x03, 0xC0, 0x7F, 0x81,
    0xE1, 0xFF, 0xC0, 0xF0, 0xFF, 0x00, 0x78, 0x78, 0x01, 0xFF, 0xB8, 0x00, 0xFF, 0xDC, 0x00, 0x7F,
    0xEE, 0x00, 0x07, 0x87, 0xFF, 0x83, 0xC3, 0xFF, 0xC3, 0xF1, 0xFF, 0xE1, 0xFC, 0xE3, 0x81, 0xFF,
    0x71, 0xC0, 0xFF, 0xF8, 0xE0, 0xFF, 0xB8, 0x70, 0x7F, 0x1C, 0x38, 0x7F, 0x8E, 0x1C, 0x1B, 0xC7,
    0x0E, 0x09, 0xE3, 0x87, 0x00, 0xF3, 0xC3, 0x80, 0x79, 0xC1, 0xC0, 0x3D, 0xE0, 0xE0, 0x1E, 0x60,
    0x70, 0x00, 0x00, 0x10, 0x00, 0x0F, 0xFF, 0xFC, 0x07, 0xFF, 0xFE, 0x03, 0x87, 0x0F, 0x01, 0xC3,
    0x87, 0x80, 0xFF, 0xFF, 0xC0, 0x7F, 0xFF, 0xE0, 0x38, 0x70, 0xF0, 0x1C, 0x38, 0x78, 0x0F, 0xFF,
    0xFC, 0x07, 0xFF, 0xFE, 0x03, 0xFF, 0xFE, 0x00, 0x03, 0x80, 0x07, 0xFF, 0xFF, 0xF3, 0xFF, 0xFF,
    0xF9, 0xFF, 0xFF, 0xFC, 0x01, 0xFF, 0x80, 0x03, 0xFD, 0xE0, 0x07, 0xEE, 0x7C, 0x0F, 0xC7, 0x1F,
    0x8F, 0xC3, 0x83, 0xE7, 0x81, 0xC0, 0xF1, 0x00, 0xE0, 0x00, 0x00, 0x00, 0x00, 0x00, 0x00, 0x00,
    0x00, 0x0E, 0x00, 0x00, 0x07, 0x00, 0x07, 0xFF, 0xFF, 0xC7, 0xFF, 0xFF, 0xF3, 0xFF, 0xFF, 0xF8,
    0x03, 0xFE, 0x00, 0x07, 0xFF, 0x80, 0x07, 0xDD, 0xF0, 0x0F, 0xCE, 0x7E, 0x1F, 0x87, 0x0F, 0xCF,
    0xFF, 0xFF, 0xE3, 0x7F, 0xFF, 0x60, 0x3F, 0xFF, 0x80, 0x1C, 0x01, 0xC0, 0x0F, 0xFF, 0xE0, 0x07,
    0xFF, 0xF0, 0x03, 0x80, 0x38, 0x01, 0xFF, 0xFC, 0x00, 0xFF, 0xFE, 0x00, 0x00, 0x00, 0x03, 0xFF,
    0xFF, 0xF9, 0xFF, 0xFF, 0xFC, 0x7F, 0xFF, 0xFC, 0x00, 0x00, 0x00, 0x07, 0x00, 0x00, 0x03, 0x83,
    0xFF, 0x81, 0xC3, 0xFF, 0xC0, 0xE1, 0xFF, 0xE0, 0x78, 0x00, 0x01, 0xFF, 0x80, 0x00, 0xFF, 0xC0,
    0x00, 0x7F, 0xFF, 0xFF, 0x0F, 0x9F, 0xFF, 0x87, 0xEF, 0xFF, 0xC3, 0xF8, 0x3C, 0x03, 0xFC, 0x1E,
    0x01, 0xF6, 0x6F, 0x61, 0xFB, 0x77, 0xF0, 0xFC, 0x3B, 0xDC, 0xEE, 0x1D, 0xEE, 0x37, 0x1C, 0xF7,
    0x13, 0x8E, 0x79, 0xC1, 0xCE, 0x3C, 0xE0, 0xE7, 0x1E, 0x70, 0x71, 0x3E, 0x18, 0x38, 0x1F, 0x00,
    0x1C, 0x0F, 0x80, 0x00, 0x00, 0x00, 0x00, 0x04, 0x00, 0x00, 0x0E, 0x0C, 0x1C, 0x0E, 0x1E, 0x1C,
    0x0E, 0x0E, 0x3C, 0x0E, 0x07, 0x38, 0x7F, 0xC7, 0x78, 0x7F, 0xFF, 0xFF, 0x7F, 0xFF, 0xFF, 0x0E,
    0x3F, 0xFF, 0x0F, 0x00, 0x00, 0x1F, 0x80, 0x00, 0x1F, 0x80, 0x00, 0x1F, 0xC0, 0x00, 0x3F, 0xDF,
    0xFC, 0x3E, 0x9F, 0xFC, 0x7E, 0x1F, 0xFC, 0xFE, 0x00, 0x00, 0x6E, 0x00, 0x00, 0x6E, 0x00, 0x00,
    0x0E, 0x00, 0x00, 0x0E, 0x7F, 0xFF, 0x0E, 0x7F, 0xFF, 0x0E, 0x7F, 0xFF, 0x0E, 0x00, 0x00, 0x00,
    0x00, 0x00, 0x04, 0x00, 0x00, 0x0E, 0x1C, 0x0E, 0x0E, 0x1E, 0x1E, 0x0E, 0x1E, 0x1C, 0x0E, 0x0E,
    0x3C, 0x7F, 0xBF, 0xFF, 0x7F, 0xFF, 0xFF, 0x7F, 0xBF, 0xFF, 0x0E, 0x01, 0xC0, 0x0E, 0x01, 0xC0,
    0x1F, 0x1F, 0xFE, 0x1F, 0xBF, 0xFE, 0x1F, 0xFF, 0xFE, 0x3F, 0xC1, 0xC0, 0x3F, 0x81, 0xC0, 0x7E,
    0x01, 0xC0, 0xFE, 0x7F, 0xFF, 0x6E, 0x7F, 0xFF, 0x6E, 0x7F, 0xFF, 0x0E, 0x01, 0xC0, 0x0E, 0x01,
    0xC0, 0x0E, 0x01, 0xC0, 0x0E, 0x01, 0xC0, 0x0E, 0x01, 0xC0, 0x00, 0x00, 0x80, 0x00, 0x00, 0x00,
    0x07, 0x00, 0x00, 0x03, 0x8F, 0xFF, 0x01, 0xC7, 0xFF, 0x80, 0xE3, 0x81, 0xC3, 0xFF, 0xC0, 0xE1,
    0xFF, 0xFF, 0xF0, 0xFF, 0xFF, 0xF8, 0x0E, 0x3F, 0xFC, 0x07, 0x9C, 0x0E, 0x03, 0xEE, 0x07, 0x03,
    0xF7, 0xFF, 0x81, 0xFF, 0xFF, 0xC1, 0xFF, 0xFF, 0xE0, 0xFA, 0xE7, 0x18, 0xFC, 0x73, 0xBE, 0x7E,
    0x38, 0xFE, 0x37, 0x1C, 0x7C, 0x1B, 0x8E, 0x1C, 0x01, 0xC7, 0x0F, 0x00, 0xE3, 0xBF, 0xC0, 0x71,
    0xFE, 0xF8, 0x38, 0xFE, 0x3C, 0x1C, 0x78, 0x0C, 0x00, 0x00, 0x00, 0x00, 0x06, 0x00, 0x00, 0x07,
    0x01, 0xC0, 0x03, 0x81, 0xE0, 0x01, 0xC0, 0xFF, 0x80, 0xE0, 0xFF, 0xE0, 0x70, 0xFF, 0xE1, 0xFF,
    0xF8, 0xF0, 0xFF, 0xFE, 0x70, 0x7F, 0xFF, 0xF8, 0x07, 0x99, 0xF8, 0x07, 0xE0, 0x78, 0x03, 0xF0,
    0x7E, 0x01, 0xFC, 0xFF, 0xC1, 0xFF, 0xF9, 0xF8, 0xFB, 0xFF, 0xFC, 0xFC, 0xFF, 0xFE, 0x7E, 0x7F,
    0xFE, 0x77, 0x0E, 0x0F, 0x1B, 0x87, 0x07, 0x89, 0xC3, 0x83, 0xC0, 0xE1, 0xC1, 0xE0, 0x70, 0xFF,
    0xF0, 0x38, 0x7F, 0xF8, 0x1C, 0x3F, 0xFC, 0x00, 0x0C, 0x00, 0x00, 0x04, 0x00, 0x00, 0x07, 0x00,
    0x00, 0x03, 0x9F, 0xFF, 0xC1, 0xCF, 0xFF, 0xE0, 0xE7, 0xFF, 0xF0, 0x73, 0x80, 0x01, 0xFF, 0xDF,
    0xF8, 0xFF, 0xEF, 0xFE, 0x7F, 0xF7, 0xFE, 0x07, 0xB8, 0x70, 0x07, 0xFC, 0x38, 0x03, 0xFE, 0xFF,
    0xC3, 0xFF, 0x7F, 0xE1, 0xF7, 0xBF, 0xF1, 0xF9, 0xC3, 0x80, 0xFC, 0xE1, 0xC0, 0xEE, 0x77, 0xFE,
    0x37, 0x3F, 0xFF, 0x93, 0x9F, 0xFF, 0xC1, 0xCE, 0x00, 0x00, 0xE7, 0xFF, 0xF0, 0x73, 0xFF, 0xFC,
    0x39, 0xFF, 0xFE, 0x1C, 0x00, 0x00, 0x00, 0x00, 0x00, 0x00, 0x06, 0x00, 0x00, 0x0E, 0x01, 0xC0,
    0x0E, 0x11, 0xC6, 0x0E, 0x39, 0xCF, 0x0E, 0x39, 0xCE, 0x0E, 0x39, 0xCE, 0x7F, 0xDD, 0xDC, 0x7F,
    0xDD, 0xDC, 0x7F, 0xDD, 0xD8, 0x1E, 0x01, 0xC0, 0x1F, 0x7F, 0xFE, 0x1F, 0xFF, 0xFE, 0x1F, 0xFF,
    0xFE, 0x3F, 0xC0, 0x0E, 0x3E, 0xC0, 0x0E, 0x7E, 0xBF, 0xFE, 0x7E, 0x3F, 0xFE, 0xEE, 0x3F, 0xFE,
    0x6E, 0x00, 0x0E, 0x4E, 0x00, 0x0E, 0x0E, 0x7F, 0xFE, 0x0E, 0x7F, 0xFE, 0x0E, 0x7F, 0xFE, 0x0E,
    0x00, 0x0E, 0x00, 0x00, 0x00, 0x04, 0x01, 0x00, 0x07, 0x01, 0xE0, 0x03, 0x80, 0xF0, 0x01, 0xC0,
    0xFC, 0x00, 0xE0, 0xFF, 0x03, 0xFC, 0xF7, 0xC1, 0xFE, 0xF1, 0xF0, 0xFF, 0xF8, 0x3E, 0x1E, 0xFF,
    0xFF, 0x8F, 0xFF, 0xFF, 0x87, 0xF7, 0xFE, 0xC3, 0xF0, 0x00, 0x03, 0xF9, 0x38, 0xE1, 0xFD, 0x9C,
    0x71, 0xFE, 0xE6, 0x38, 0xFC, 0x73, 0xB8, 0x6E, 0x39, 0xDC, 0x37, 0x0E, 0xFC, 0x1B, 0x87, 0x7E,
    0x01, 0xC0, 0x06, 0x00, 0xE7, 0xFF, 0xE0, 0x77, 0xFF, 0xF8, 0x3B, 0xFF, 0xFC, 0x1C, 0x00, 0x00,
    0x00, 0x00, 0x00, 0x00, 0x0C, 0x04, 0x10, 0x07, 0x07, 0x1C, 0x03, 0x9F, 0xFF, 0xC1, 0xCF, 0xFF,
    0xE0, 0xE7, 0xFF, 0xF3, 0xFC, 0x71, 0xC1, 0xFE, 0x38, 0xE0, 0xFF, 0x7F, 0xFC, 0x0E, 0x3F, 0xFE,
    0x0F, 0x1C, 0x07, 0x07, 0xCF, 0xFF, 0x83, 0xF7, 0xFF, 0xC3, 0xFB, 0x80, 0xE1, 0xFF, 0xFF, 0xF0,
    0xFE, 0xFF, 0xF8, 0xFC, 0x07, 0x80, 0xFE, 0x7F, 0xFF, 0x37, 0x7F, 0xFF, 0x9B, 0xBF, 0xFF, 0xC1,
    0xC0, 0xFE, 0x00, 0xE0, 0xF7, 0x80, 0x73, 0xF1, 0xF8, 0x3B, 0xF0, 0x7C, 0x1D, 0xE0, 0x1E, 0x00,
    0x00, 0x00, 0x00, 0x04, 0x06, 0x10, 0x07, 0x07, 0x1C, 0x03, 0x83, 0x8E, 0x01, 0xC7, 0xFF, 0xE0,
    0xE3, 0xFF, 0xF0, 0x70, 0x79, 0xC1, 0xFF, 0x38, 0xE0, 0xFF, 0xFF, 0xFF, 0x7F, 0xFF, 0xFF, 0x87,
    0x3F, 0xFF, 0x87, 0xCF, 0xFF, 0x83, 0xE7, 0xFF, 0xE1, 0xFB, 0xFF, 0xF1, 0xFF, 0xCE, 0x38, 0xFF,
    0xFF, 0xFC, 0xFD, 0x7F, 0xFE, 0x7E, 0x39, 0xC7, 0x77, 0x1F, 0xFF, 0x9B, 0x8F, 0xFF, 0xC9, 0xC7,
    0xFF, 0xC0, 0xE0, 0xE3, 0xC0, 0x71, 0xF1, 0xF0, 0x3B, 0xF0, 0x3E, 0x1C, 0xE0, 0x0E, 0x00, 0x00,
    0x00, 0x00, 0x00, 0x00, 0x00, 0x00, 0x0E, 0x00, 0x08, 0x0F, 0x00, 0x0F, 0x07, 0x80, 0x07, 0xE3,
    0x80, 0x41, 0xFB, 0xFF, 0xF8, 0x3D, 0xFF, 0xFC, 0x0C, 0xFF, 0xFC, 0x00, 0xF3, 0x8E, 0x00, 0x79,
    0xCF, 0x00, 0x78, 0xE7, 0x00, 0x3C, 0xF3, 0x80, 0x6C, 0x79, 0xC0, 0x38, 0x3C, 0x00, 0x3C, 0x1F,
    0x00, 0x1C, 0x0F, 0x80, 0x1E, 0x0F, 0xE0, 0x1E, 0x0F, 0x70, 0x0F, 0x07, 0xBC, 0x0F, 0x07, 0x8F,
    0x07, 0x0F, 0xC3, 0xE1, 0x8F, 0xC1, 0xF8, 0x0F, 0x80, 0x3C, 0x03, 0x80, 0x0C, 0x00, 0x00, 0x00,
    0x00, 0x7F, 0xFF, 0xFC, 0xFF, 0xFF, 0xF9, 0xFF, 0xFF, 0xF0, 0x00, 0xE0, 0x00, 0x01, 0xC0, 0x00,
    0x03, 0x80, 0x00, 0x07, 0x00, 0x0E, 0x0E, 0x00, 0x1C, 0x1C, 0x00, 0x38, 0x3F, 0xF0, 0x70, 0x7F,
    0xE0, 0xE0, 0xFF, 0xC1, 0xC1, 0xC0, 0x03, 0x83, 0x80, 0x07, 0x07, 0x00, 0x0E, 0x0E, 0x00, 0x1C,
    0x1C, 0x00, 0x38, 0x38, 0x03, 0xFF, 0xFF, 0xFF, 0xFF, 0xFF, 0xFF, 0xFF, 0xFF, 0xE0, 0x00, 0x00,
    0x00, 0x00, 0x00, 0x00, 0x03, 0xC7, 0x00, 0x03, 0xC7, 0x00, 0x03, 0xC7, 0x00, 0x03, 0xC7, 0x00,
    0x03, 0xC7, 0x00, 0x3B, 0xC7, 0x08, 0x3B, 0xC7, 0x1C, 0x3B, 0xFF, 0x7E, 0x3B, 0xFF, 0xF8, 0x3B,
    0xFF, 0xF0, 0x3B, 0xC7, 0xC0, 0x3B, 0xC7, 0x00, 0x3B, 0xC7, 0x00, 0x3B, 0xC7, 0x00, 0x3B, 0xC7,
    0x00, 0x3B, 0xC7, 0x00, 0x3B, 0xC7, 0x06, 0x3B, 0xC7, 0x07, 0x3B, 0xFF, 0x07, 0x3F, 0xFF, 0x8E,
    0xFF, 0xFF, 0xFE, 0xFF, 0xC3, 0xFE, 0xF0, 0x01, 0xF8, 0x00, 0x18, 0x00, 0x00, 0x78, 0x00, 0x38,
    0xF0, 0x00, 0x71, 0xFF, 0xC0, 0xE3, 0xFF, 0x81, 0xC7, 0xFF, 0x03, 0x8F, 0x00, 0x07, 0x1E, 0x00,
    0xFF, 0xFF, 0xFF, 0xFF, 0xFF, 0xFF, 0xFF, 0xFF, 0xF8, 0x11, 0xC0, 0x00, 0x73, 0x83, 0x81, 0xE7,
    0x0F, 0x07, 0x8E, 0x3C, 0x1E, 0x1C, 0xF8, 0x78, 0x3B, 0xE0, 0xE0, 0x7F, 0x80, 0x80, 0xFE, 0x00,
    0x07, 0xF8, 0x00, 0x7F, 0xC0, 0x1F, 0xFE, 0x00, 0x3F, 0xF0, 0x00, 0x3E, 0x00, 0x00, 0x00, 0x00,
    0x00, 0x00, 0x00, 0x00, 0x00, 0xF1, 0xF8, 0x03, 0xF9, 0xFE, 0x07, 0xF8, 0xFF, 0x03, 0xE0, 0x73,
    0x81, 0xC0, 0x39, 0xC0, 0xF0, 0x1C, 0xE0, 0x7F, 0xDE, 0x70, 0x3F, 0xEE, 0x3F, 0x1E, 0x0F, 0x1F,
    0x8E, 0x0F, 0x07, 0xC7, 0x83, 0x00, 0x03, 0xFF, 0xFF, 0xE1, 0xFF, 0xFF, 0xF0, 0xF0, 0x3F, 0xF0,
    0x70, 0x1C, 0x38, 0x38, 0xE7, 0x3C, 0x3F, 0xF1, 0xFC, 0x3F, 0xF8, 0xFC, 0x0F, 0xC0, 0x3E, 0x03,
    0x80, 0x7F, 0x81, 0xC0, 0xFF, 0xF8, 0xE0, 0xFC, 0xFC, 0x30, 0x78, 0x1C, 0x00, 0x00, 0x00, 0x00,
    0x00, 0x00, 0x00, 0x01, 0xC0, 0x00, 0x01, 0xE0, 0x00, 0x00, 0xFF, 0xFF, 0xE0, 0xFF, 0xFF, 0xF0,
    0xFF, 0xFF, 0xF0, 0x78, 0x00, 0x00, 0x7F, 0xFF, 0xF0, 0x7F, 0xFF, 0xF8, 0x3B, 0xFF, 0xFC, 0x0D,
    0xCF, 0x0E, 0x00, 0xE7, 0xC7, 0x00, 0xF0, 0xF3, 0x83, 0xFF, 0xFF, 0xF9, 0xFF, 0xFF, 0xFC, 0xFF,
    0xFF, 0xFE, 0x0E, 0x7C, 0x78, 0x07, 0x0F, 0x3C, 0x03, 0xFF, 0xFF, 0x83, 0xFF, 0xFF, 0xC1, 0xFF,
    0xFF, 0xE0, 0x00, 0x03, 0x80, 0x00, 0x1F, 0xC0, 0x00, 0x0F, 0xC0, 0x00, 0x01, 0x80, 0x00, 0x38,
    0x0E, 0x00, 0x70, 0x1C, 0x00, 0xE0, 0x38, 0x01, 0xC0, 0x70, 0x03, 0x80, 0xE0, 0x87, 0x01, 0xC3,
    0x8E, 0x03, 0x9F, 0x9F, 0xF7, 0x7E, 0x3F, 0xEF, 0xF0, 0x7F, 0xDF, 0xC0, 0xE0, 0x3F, 0x01, 0xC0,
    0x78, 0x03, 0x80, 0xE0, 0x07, 0x01, 0xC0, 0x0E, 0x03, 0x82, 0x1C, 0x07, 0x07, 0x38, 0x0E, 0x0E,
    0x71, 0xDC, 0x1C, 0xFF, 0xB8, 0x3B, 0xFF, 0x70, 0xF7, 0xF8, 0xFF, 0xCF, 0x81, 0xFF, 0x9C, 0x01,
    0xFE, 0x00, 0x00, 0x00, 0x00, 0x00, 0x0E, 0x00, 0x00, 0x07, 0x00, 0x00, 0x03, 0x80, 0x00, 0x01,
    0xC0, 0x00, 0x00, 0xE0, 0x40, 0x00, 0x70, 0x70, 0xFF, 0xBC, 0x7C, 0x7F, 0xDE, 0x7C, 0x3F, 0xEF,
    0x7C, 0x00, 0x77, 0xFC, 0x00, 0x7B, 0xF8, 0x00, 0x39, 0xF8, 0x00, 0x3C, 0xFE, 0x00, 0x1E, 0x77,
    0x80, 0x1E, 0x3B, 0xE0, 0x0F, 0x1C, 0xF8, 0x0F, 0x0E, 0x3E, 0x0F, 0x07, 0x0F, 0xCF, 0x83, 0x83,
    0xF7, 0x81, 0xC0, 0xF1, 0x8F, 0xE0, 0x10, 0x03, 0xF0, 0x00, 0x01, 0xF0, 0x00, 0x00, 0x40, 0x00,
    0x00, 0x18, 0x00, 0x00, 0x1E, 0x7F, 0xFF, 0x8F, 0xFF, 0xFF, 0xC1, 0xFF, 0xFF, 0xE0, 0x6E, 0x00,
    0x70, 0x07, 0x00, 0x38, 0x03, 0x80, 0x1C, 0xE0, 0x3F, 0xE0, 0x7C, 0x1F, 0xF8, 0x1F, 0x0F, 0xFC,
    0x07, 0x87, 0x1E, 0x00, 0x83, 0x87, 0x00, 0x01, 0xC3, 0x80, 0x10, 0xE1, 0xC0, 0x1C, 0x70, 0xE0,
    0x0E, 0x38, 0x70, 0x0F, 0x1C, 0x3B, 0x0F, 0x1E, 0x1D, 0xC7, 0x8E, 0x0E, 0xE7, 0x8F, 0x07, 0x73,
    0x9F, 0x03, 0xFB, 0xCF, 0x01, 0xF8, 0x43, 0x00, 0xFC, 0x00, 0x00, 0x00, 0x18, 0x1F, 0xF0, 0x1E,
    0x0F, 0xF8, 0x0F, 0xC7, 0xFC, 0x01, 0xE3, 0x8E, 0x00, 0x21, 0xC7, 0x00, 0x01, 0xC3, 0x80, 0x00,
    0xE1, 0xC0, 0xE0, 0xF0, 0xFE, 0x7D, 0xF0, 0x3F, 0x3F, 0xF0, 0x0F, 0x87, 0x3F, 0xFE, 0x00, 0x9F,
    0xFF, 0xC0, 0x0F, 0xFF, 0xC0, 0x13, 0xC1, 0xE0, 0x1C, 0xE0, 0xE0, 0x1E, 0x78, 0xF0, 0x0E, 0x1E,
    0xF0, 0x0F, 0x07, 0xF0, 0x07, 0x01, 0xF0, 0x07, 0x83, 0xFE, 0x03, 0x9F, 0xFF, 0xF3, 0xCF, 0xE3,
    0xF8, 0x47, 0x80, 0x78, 0x00, 0x00, 0x00, 0x00, 0x01, 0x80, 0x18, 0x03, 0xC0, 0x3E, 0x03, 0xC0,
    0x1F, 0x83, 0xC0, 0x07, 0x3F, 0xFC, 0x03, 0x7F, 0xFE, 0x00, 0x7F, 0xFE, 0x00, 0x3F, 0xFC, 0x78,
    0x03, 0xC0, 0x7C, 0x03, 0xC0, 0x3E, 0x03, 0xC0, 0x0E, 0xFF, 0xFF, 0x04, 0xFF, 0xFF, 0x00, 0xFF,
    0xFF, 0x02, 0x07, 0x00, 0x07, 0x8F, 0x00, 0x07, 0x0E, 0x30, 0x0F, 0x1E, 0x38, 0x0E, 0x1C, 0x3C,
    0x1E, 0x3C, 0x3C, 0x3C, 0x7F, 0xFE, 0x3C, 0x7F, 0xFF, 0x38, 0x7F, 0xC7, 0x18, 0x60, 0x07, 0x00,
    0x00, 0x00, 0x00, 0x00, 0x00, 0x0C, 0x01, 0xC0, 0x0F, 0x80, 0xE0, 0x03, 0xF0, 0x78, 0x00, 0xF0,
    0x1C, 0x00, 0x1F, 0xFF, 0xF8, 0x03, 0xFF, 0xFC, 0x01, 0xFF, 0xFE, 0x30, 0x03, 0xC0, 0x3E, 0x01,
    0xE0, 0x1F, 0x80, 0xF0, 0x03, 0xC0, 0x78, 0x00, 0x40, 0x3C, 0x00, 0x03, 0xFF, 0xF0, 0x09, 0xFF,
    0xF8, 0x0E, 0xFF, 0xFC, 0x07, 0x03, 0xC0, 0x07, 0x81, 0xE0, 0x03, 0x80, 0xF0, 0x03, 0xC0, 0x78,
    0x03, 0xC0, 0x3C, 0x01, 0xEF, 0xFF, 0xFC, 0xE7, 0xFF, 0xFE, 0x21, 0xFF, 0xFE, 0x00, 0x00, 0x00,
    0x0C, 0x00, 0x1E, 0x0F, 0x83, 0xFF, 0x87, 0xEF, 0xFF, 0x80, 0xF7, 0xFC, 0x00, 0x11, 0x0E, 0x00,
    0x00, 0x07, 0x00, 0x00, 0x03, 0x80, 0x30, 0xFF, 0xFF, 0x3E, 0x7F, 0xFF, 0x9F, 0xBF, 0xFF, 0xC3,
    0xC0, 0x38, 0x00, 0x40, 0x1C, 0x00, 0x00, 0x0E, 0x00, 0x08, 0xFF, 0xF8, 0x0E, 0xFF, 0xFC, 0x07,
    0x7F, 0xFE, 0x07, 0x38, 0x07, 0x07, 0x9C, 0x03, 0x83, 0x8E, 0x01, 0xC3, 0xC7, 0xFF, 0xE3, 0xC3,
    0xFF, 0xF1, 0xE1, 0xFF, 0xF8, 0x20, 0xF0, 0x1C, 0x00, 0x00, 0x00, 0x00, 0x00, 0x00, 0x00, 0x0C,
    0x07, 0x30, 0x0F, 0x83, 0xBC, 0x03, 0xE1, 0xCF, 0x00, 0xF0, 0xE3, 0x80, 0x10, 0x73, 0xF0, 0x01,
    0xFF, 0xF8, 0x01, 0xFF, 0xFC, 0x70, 0xFF, 0x80, 0x3E, 0x07, 0x80, 0x0F, 0x81, 0xC7, 0xC3, 0x83,
    0xFF, 0xE0, 0x1F, 0xFF, 0xF0, 0x0F, 0xFF, 0x30, 0x13, 0x9E, 0x3C, 0x1C, 0x07, 0x3C, 0x0E, 0x03,
    0xBC, 0x07, 0x01, 0xFD, 0x07, 0x00, 0xFC, 0xC3, 0x81, 0xFC, 0x63, 0x83, 0xFE, 0x71, 0xCF, 0xF7,
    0xF9, 0xE3, 0xE1, 0xFC, 0x61, 0x80, 0x7C, 0x00, 0x00, 0x00, 0x00, 0x00, 0x00, 0x06, 0x10, 0x70,
    0x07, 0x38, 0x70, 0x07, 0x3C, 0x38, 0x67, 0x1E, 0x38, 0x67, 0x0F, 0xFF, 0x67, 0x03, 0xFF, 0x67,
    0x01, 0xFF, 0x67, 0x70, 0x0E, 0x67, 0x79, 0xDE, 0x67, 0x7D, 0xDC, 0x67, 0x1C, 0xFC, 0x67, 0x08,
    0xFC, 0x67, 0x00, 0x7C, 0x67, 0x08, 0x38, 0x67, 0x0E, 0x3C, 0x67, 0x1E, 0x7C, 0x67, 0x1C, 0x7E,
    0x67, 0x1C, 0xFE, 0x67, 0x39, 0xEF, 0x07, 0x39, 0xE7, 0x07, 0x7B, 0xC6, 0x07, 0x73, 0x80, 0x3E,
    0x01, 0x00, 0x3E, 0x00, 0x00, 0x18, 0x00, 0x01, 0x80, 0x18, 0x21, 0xC4, 0x3C, 0x71, 0xC7, 0x1F,
    0x71, 0xCE, 0x0F, 0x79, 0xCE, 0x06, 0x39, 0xDC, 0x00, 0x39, 0xDC, 0x00, 0x13, 0xC0, 0x70, 0x7F,
    0xFE, 0x7C, 0x7F, 0xFE, 0x3E, 0x7F, 0xFE, 0x0C, 0x70, 0x0E, 0x04, 0x7F, 0xFE, 0x00, 0x7F, 0xFE,
    0x06, 0x7F, 0xFE, 0x07, 0x70, 0x0E, 0x0F, 0x7F, 0xFE, 0x0E, 0x7F, 0xFE, 0x1E, 0x7F, 0xFE, 0x1C,
    0x70, 0x0E, 0x3C, 0x70, 0x0E, 0x38, 0x70, 0x7E, 0x78, 0x70, 0x7E, 0x10, 0x70, 0x7C, 0x00, 0x00,
    0x00, 0x38, 0x00, 0x00, 0x3C, 0xFF, 0xFF, 0x3E, 0xFF, 0xFF, 0x0E, 0xFF, 0xFF, 0x04, 0xE8, 0x67,
    0x00, 0xFE, 0xF7, 0x00, 0x1C, 0x78, 0x70, 0x3C, 0x3C, 0x7C, 0xF8, 0x1E, 0x3E, 0xF3, 0x8E, 0x1C,
    0x63, 0x8C, 0x04, 0x03, 0x80, 0x00, 0xFF, 0xFF, 0x04, 0xFF, 0xFF, 0x0E, 0x7F, 0xFE, 0x0E, 0x0F,
    0xE0, 0x1E, 0x1F, 0xF0, 0x1C, 0x3F, 0xB8, 0x3C, 0x7B, 0xBC, 0x39, 0xF3, 0x9F, 0x79, 0xE3, 0x8F,
    0x71, 0x83, 0x86, 0x30, 0x03, 0x80, 0x18, 0x00, 0x00, 0x1F, 0x7F, 0xFF, 0x07, 0xFF, 0xFF, 0x81,
    0xDF, 0xFF, 0xC0, 0x00, 0x70, 0x00, 0x00, 0x78, 0x00, 0x07, 0xFF, 0xFC, 0xE3, 0xFF, 0xFE, 0x7D,
    0xFF, 0xFF, 0x1E, 0x1E, 0x3C, 0x03, 0x1E, 0x0F, 0x00, 0x1E, 0xE3, 0xC0, 0x1F, 0x70, 0xF0, 0x1F,
    0x38, 0x78, 0x3F, 0xDF, 0x78, 0x1C, 0xEF, 0xDC, 0x1E, 0x77, 0xEE, 0x0E, 0x73, 0xB3, 0x8F, 0x79,
    0xDD, 0xC7, 0x38, 0xEE, 0x77, 0x88, 0x70, 0x23, 0xC1, 0xF8, 0x00, 0xC0, 0xF8, 0x00, 0x00, 0x00,
    0x00, 0x00, 0x00, 0x00, 0x10, 0x03, 0x80, 0x3C, 0xFF, 0xFE, 0x3E, 0xFF, 0xFE, 0x0E, 0xFF, 0xFE,
    0x06, 0x7F, 0xFC, 0x00, 0xFF, 0xFE, 0x00, 0xFF, 0xFC, 0x70, 0x03, 0x80, 0x7D, 0xFF, 0xFF, 0x3F,
    0xFF, 0xFF, 0x1C, 0x00, 0x00, 0x00, 0x7F, 0xFC, 0x00, 0x7F, 0xFC, 0x04, 0x70, 0x1C, 0x0E, 0x7F,
    0xFC, 0x0E, 0x7F, 0xFC, 0x0E, 0x70, 0x1C, 0x1C, 0x7F, 0xFC, 0x1C, 0x7F, 0xFC, 0x3C, 0x7F, 0xFC,
    0x38, 0x70, 0x1C, 0x78, 0x70, 0xFC, 0x10, 0x70, 0x7C, 0x00, 0x00, 0x00, 0x00, 0x00, 0x00, 0x0C,
    0x38, 0x03, 0x0F, 0x1C, 0x1F, 0xC7, 0xFF, 0xDF, 0xE0, 0xFF, 0xFF, 0x80, 0x2F, 0xFF, 0x00, 0x03,
    0x83, 0x80, 0x01, 0xF1, 0xC0, 0x70, 0xF8, 0xFF, 0x3E, 0x6C, 0x7F, 0x8F, 0xF6, 0x3F, 0xC1, 0xBF,
    0xDD, 0xC0, 0x1F, 0xFC, 0xE0, 0x0F, 0xF6, 0x70, 0x20, 0x63, 0x38, 0x1C, 0x37, 0x9C, 0x0E, 0x3F,
    0xCE, 0x0F, 0xFF, 0xE7, 0x07, 0x7F, 0x73, 0x87, 0xBB, 0x39, 0xC3, 0x81, 0x9C, 0xE3, 0xC0, 0xDC,
    0x71, 0xC0, 0x6E, 0x38, 0x60, 0x36, 0x1C, 0x00, 0x00, 0x00, 0x00, 0x18, 0x00, 0x00, 0x1F, 0x3F,
    0xFE, 0x07, 0xDF, 0xFF, 0x00, 0xEE, 0x03, 0x80, 0x27, 0x01, 0xC0, 0x03, 0xFF, 0xE0, 0x01, 0xFF,
    0xF0, 0xE0, 0xE0, 0x38, 0x7C, 0x7F, 0xFC, 0x1F, 0x3F, 0xFE, 0x03, 0x9F, 0xFF, 0x00, 0x80, 0x00,
    0x00, 0x0F, 0xFF, 0xE0, 0x37, 0xFF, 0xF0, 0x1F, 0xFF, 0xF8, 0x1F, 0xDD, 0xDC, 0x0E, 0xEE, 0xEE,
    0x0F, 0x77, 0x77, 0x07, 0x3B, 0xBB, 0x87, 0x9D, 0xDD, 0xC7, 0xBF, 0xFF, 0xF3, 0x9F, 0xFF, 0xFC,
    0x4F, 0xFF, 0xFC, 0x18, 0x00, 0x00, 0x1E, 0x7F, 0xFF, 0x87, 0xFF, 0xFF, 0xC1, 0xDF, 0xFF, 0xE0,
    0x6E, 0x0E, 0x00, 0x07, 0x7F, 0xF0, 0x03, 0xFF, 0xF8, 0xE1, 0xFF, 0xFC, 0x7C, 0xFC, 0x0E, 0x1F,
    0x7F, 0xFF, 0x07, 0x3F, 0xFF, 0x80, 0x1F, 0x81, 0xC0, 0x0F, 0xC0, 0xE0, 0x27, 0xFF, 0xF0, 0x3B,
    0xBF, 0xF8, 0x1F, 0x81, 0xC8, 0x1F, 0xCE, 0xFE, 0x0E, 0xEF, 0x77, 0x0F, 0x77, 0x3B, 0xC7, 0x77,
    0x1C, 0xE7, 0xBB, 0x8E, 0x7B, 0xBC, 0xBF, 0x10, 0xCC, 0x1F, 0x00, 0x00, 0x00, 0x00, 0x18, 0x3F,
    0xF8, 0x3C, 0x7F, 0xFC, 0x1F, 0x7F, 0xFC, 0x0F, 0x70, 0x1C, 0x07, 0x7F, 0x9C, 0x00, 0x7F, 0x9C,
    0x00, 0x73, 0x9C, 0x31, 0xFF, 0xFF, 0x79, 0xFF, 0xFF, 0x7F, 0xFF, 0xFF, 0x1D, 0xC0, 0x17, 0x05,
    0xFF, 0xFF, 0x00, 0x7F, 0xFC, 0x04, 0x70, 0x1C, 0x07, 0x7F, 0xFC, 0x0F, 0x7F, 0xFC, 0x0E, 0x70,
    0x1C, 0x1E, 0x7F, 0xFC, 0x1C, 0x7F, 0xFC, 0x3C, 0x70, 0x1C, 0x38, 0x70, 0x1C, 0x38, 0x70, 0xFC,
    0x10, 0x70, 0xF8, 0x00, 0x20, 0x40, 0x00, 0x00, 0x00, 0x08, 0x01, 0xC0, 0x0E, 0x00, 0xFF, 0x87,
    0xC0, 0x7F, 0xC1, 0xF0, 0x3F, 0xE0, 0x37, 0xFF, 0xF8, 0x03, 0xFF, 0xFC, 0x01, 0xFF, 0xFE, 0x70,
    0xC7, 0x07, 0x3C, 0x6F, 0xFB, 0x0F, 0x37, 0xFC, 0x03, 0x9B, 0xE0, 0xC0, 0x8C, 0x7F, 0xE0, 0x06,
    0x3F, 0xF0, 0x17, 0x0F, 0xF0, 0x1F, 0x81, 0x80, 0x0F, 0xC1, 0xCC, 0x0E, 0xEF, 0xF7, 0x07, 0x7F,
    0xDD, 0x87, 0xBF, 0xEF, 0xE3, 0xBB, 0x71, 0xF3, 0xDF, 0xB8, 0xFD, 0xDF, 0xDF, 0xFC, 0x06, 0x07,
    0xF0, 0x00, 0x00, 0x00, 0x00, 0x0E, 0x00, 0x00, 0x0E, 0x3F, 0xFE, 0x0E, 0x3F, 0xFF, 0x0E, 0x3F,
    0xFF, 0x0E, 0xBF, 0xFE, 0x6E, 0xE0, 0xE0, 0x6F, 0xC0, 0xE0, 0x6F, 0xC0, 0xE0, 0xEF, 0x80, 0xE0,
    0xEF, 0x80, 0xE0, 0xEF, 0x00, 0xE0, 0xCE, 0x00, 0xE0, 0x0E, 0x00, 0xE0, 0x1E, 0x00, 0xE0, 0x1F,
    0x00, 0xE0, 0x1F, 0x80, 0xE0, 0x1F, 0x80, 0xE0, 0x3F, 0xC0, 0xE0, 0x39, 0xC0, 0xE0, 0x78, 0xC0,
    0xE0, 0xF0, 0x1F, 0xE0, 0xF0, 0x0F, 0xE0, 0x60, 0x0F, 0xC0, 0x00, 0x00, 0x00, 0x00, 0x18, 0x00,
    0x00, 0x1C, 0x00, 0x00, 0x1C, 0x00, 0x00, 0x1F, 0xFE, 0x00, 0x1F, 0xFE, 0x00, 0x1F, 0xFE, 0x00,
    0x1C, 0x00, 0x00, 0x1C, 0x00, 0x0F, 0xFF, 0xF8, 0x0F, 0xFF, 0xF8, 0x0F, 0xFF, 0xF8, 0x0E, 0x00,
    0x38, 0x0E, 0x00, 0x38, 0x0E, 0x00, 0x38, 0x0F, 0xFF, 0xF8, 0x0F, 0xFF, 0xF8, 0x0F, 0xFF, 0xF8,
    0x00, 0x00, 0x00, 0x1E, 0xE7, 0x3C, 0x1E, 0xE7, 0x9C, 0x3C, 0xE3, 0x9E, 0x3C, 0xE3, 0x8F, 0x78,
    0xF3, 0xCF, 0x70, 0xF1, 0xC7, 0x00, 0x00, 0x00, 0x00, 0x03, 0x00, 0x03, 0x83, 0x80, 0x01, 0xC1,
    0xC0, 0x00, 0xE0, 0xE0, 0x07, 0xFF, 0xFF, 0x83, 0xFF, 0xFF, 0xC1, 0xFF, 0xFF, 0xE0, 0x0E, 0x0E,
    0x70, 0x07, 0x47, 0x38, 0x03, 0xFF, 0x9C, 0x1F, 0xFF, 0xCE, 0x0F, 0xF3, 0xE7, 0x07, 0xF0, 0xFD,
    0x80, 0x38, 0x7F, 0xD8, 0x1C, 0x7F, 0x7E, 0x7E, 0x78, 0xBF, 0x3F, 0x78, 0x1F, 0x1F, 0x18, 0x07,
    0x83, 0x00, 0x06, 0x03, 0xDC, 0xE3, 0x81, 0xCE, 0x39, 0xE1, 0xC7, 0x1C, 0x79, 0xE3, 0xCE, 0x1C,
    0xE0, 0xE3, 0x0E, 0x00, 0x00, 0x00, 0x00, 0x02, 0x00, 0x00, 0x01, 0xC0, 0x76, 0x01, 0xE0, 0x3F,
    0x00, 0xFF, 0x9D, 0xC0, 0xFF, 0x8E, 0xF0, 0x71, 0xC7, 0x30, 0x7C, 0xFF, 0xFC, 0x7F, 0xFF, 0xFE,
    0x79, 0xF7, 0xFF, 0x3E, 0x78, 0x78, 0x1F, 0xF8, 0x7C, 0x01, 0xFC, 0x3E, 0x00, 0x3C, 0x3F, 0x80,
    0x3C, 0x3D, 0xE0, 0x7C, 0x3E, 0x78, 0xFC, 0x3E, 0x3E, 0x3C, 0x3E, 0x0F, 0x18, 0x0E, 0x03, 0x03,
    0x00, 0x47, 0x03, 0x9C, 0xE7, 0x83, 0xCE, 0x39, 0xE1, 0xC7, 0x1C, 0x79, 0xE3, 0xCE, 0x3C, 0xE1,
    0xE7, 0x0E, 0x00, 0x00, 0x00, 0x00, 0x00, 0x00, 0x00, 0x1C, 0x0E, 0x00, 0x38, 0x1C, 0x00, 0x70,
    0x38, 0x00, 0xE0, 0x70, 0x01, 0xC0, 0xE0, 0x03, 0x81, 0xC0, 0x07, 0xFF, 0xFF, 0x0F, 0xFF, 0xFE,
    0x1F, 0xFF, 0xFC, 0x38, 0x00, 0x00, 0x70, 0x00, 0x00, 0xE0, 0x00, 0x01, 0xFF, 0xFC, 0x03, 0xFF,
    0xFC, 0x0F, 0xFF, 0xF8, 0x1E, 0x00, 0xF0, 0x38, 0x01, 0xE0, 0x70, 0x03, 0xC1, 0xE0, 0x07, 0x83,
    0x80, 0x0F, 0x0F, 0x00, 0x1E, 0x1C, 0x00, 0x3C, 0x18, 0x00, 0x78, 0x00, 0x00, 0x00, 0x01, 0x80,
    0x00, 0x1D, 0xE0, 0x3F, 0x0E, 0xF3, 0xFF, 0xC7, 0x79, 0xFF, 0xE3, 0xBC, 0xFC, 0x01, 0xDE, 0x70,
    0x00, 0xEF, 0x38, 0x00, 0x7F, 0xDC, 0x08, 0x3F, 0xEF, 0xFF, 0x1F, 0xF7, 0xFF, 0x8E, 0x03, 0xFF,
    0xC7, 0x01, 0xF1, 0xC3, 0x80, 0xF8, 0xE1, 0xFE, 0x7E, 0x70, 0xFF, 0x7F, 0x78, 0x7F, 0xBD, 0xF8,
    0x39, 0xDC, 0xFC, 0x1C, 0xEE, 0x7C, 0x0E, 0x77, 0x1E, 0x0E, 0x3B, 0x9F, 0x07, 0x1D, 0xDF, 0xC3,
    0x8F, 0xFF, 0xFB, 0xC7, 0xFE, 0x3C, 0xC3, 0xF6, 0x0C, 0x00, 0x00, 0x00, 0x00, 0x1F, 0xFF, 0xFE,
    0x1F, 0xFF, 0xFE, 0x1F, 0xFF, 0xFC, 0x07, 0x01, 0xE0, 0x07, 0x01, 0xE0, 0x0F, 0x01, 0xE0, 0x0E,
    0x01, 0xE0, 0x0E, 0x01, 0xE0, 0x0F, 0xFF, 0xFE, 0x1F, 0xFF, 0xFF, 0x1F, 0xFF, 0xFF, 0x04, 0x0F,
    0xE0, 0x00, 0x1F, 0xE0, 0x00, 0x3D, 0xE0, 0x00, 0xF9, 0xE0, 0x01, 0xF1, 0xE0, 0x07, 0xE1, 0xE0,
    0x1F, 0x81, 0xE0, 0x7F, 0x01, 0xE0, 0x7C, 0x1F, 0xC0, 0x30, 0x0F, 0xC0, 0x00, 0x0F, 0xC0, 0x00,
    0x00, 0x00, 0x03, 0x00, 0x00, 0x03, 0xC1, 0xC4, 0x01, 0xE0, 0xEF, 0x00, 0xF0, 0x73, 0x83, 0x78,
    0x39, 0xE3, 0xBC, 0x1C, 0x71, 0xFE, 0x0E, 0x18, 0x7F, 0x07, 0x00, 0x1F, 0xFF, 0xFF, 0x0F, 0xFF,
    0xFF, 0x81, 0xFF, 0xFF, 0xC0, 0xF0, 0x78, 0x00, 0x78, 0x3C, 0x00, 0x7C, 0x3F, 0x00, 0x7E, 0x1F,
    0x80, 0x7F, 0x0F, 0xC0, 0x7F, 0x8F, 0x70, 0x3B, 0xC7, 0xBC, 0x19, 0xE7, 0x9E, 0x00, 0xF3, 0xC7,
    0x80, 0x7B, 0xC1, 0xE0, 0x3F, 0xC0, 0xF8, 0x1F, 0xC0, 0x3C, 0x0F, 0xC0, 0x0E, 0x00, 0x00, 0x00,
    0x00, 0x00, 0x00, 0x00, 0x31, 0x0E, 0x38, 0x7B, 0x8E, 0x38, 0x3F, 0x8E, 0x38, 0x1F, 0xFF, 0xFF,
    0x1E, 0xFF, 0xFF, 0x3E, 0x7F, 0xFF, 0x7F, 0x0E, 0x38, 0x77, 0x0E, 0x38, 0x67, 0x0E, 0x38, 0x07,
    0x3F, 0xFE, 0x07, 0xFF, 0xFE, 0x0F, 0xFF, 0xFE, 0x1F, 0xF1, 0xCE, 0x3F, 0xF1, 0xCE, 0x7B, 0xFF,
    0xFE, 0x73, 0xFF, 0xFE, 0x23, 0xFF, 0xFE, 0x07, 0xF1, 0xCE, 0x07, 0x71, 0xCE, 0x07, 0x7F, 0xFE,
    0x3F, 0x7F, 0xFE, 0x3F, 0x7F, 0xFE, 0x3E, 0x70, 0x0E, 0x00, 0x00, 0x00, 0x00, 0x10, 0x00, 0x00,
    0xF0, 0x00, 0x00, 0xF0, 0x07, 0xFF, 0xFF, 0xFF, 0xFF, 0xFF, 0xEF, 0xFF, 0xFF, 0xDC, 0x3D, 0xC6,
    0x3C, 0xFF, 0x9E, 0x3F, 0xFE, 0xF8, 0x3B, 0xF9, 0xE0, 0x00, 0xF9, 0x00, 0x77, 0xBF, 0x87, 0xFF,
    0xFF, 0x9F, 0xFF, 0xFF, 0xBC, 0xFF, 0xF7, 0x20, 0x1C, 0x84, 0x00, 0x38, 0x01, 0xFF, 0xFF, 0xFF,
    0xFF, 0xFF, 0xFF, 0xFF, 0xFF, 0xF0, 0x03, 0x80, 0x00, 0x07, 0x00, 0x00, 0x0E, 0x00, 0x00, 0x1C,
    0x00, 0x00, 0x00, 0x00, 0x7F, 0xFF, 0xFE, 0x3F, 0xFF, 0xFF, 0x1F, 0xFF, 0xFF, 0x81, 0xC7, 0x01,
    0xC0, 0xE3, 0x9C, 0xE0, 0x71, 0xCE, 0x70, 0x38, 0xE7, 0x38, 0x7F, 0x73, 0x9C, 0x7F, 0xF9, 0xCE,
    0x3F, 0xFC, 0xE7, 0x03, 0x8E, 0x73, 0x81, 0xC7, 0x39, 0xC0, 0xE3, 0x9C, 0xE0, 0x70, 0xDF, 0x70,
    0x38, 0x0F, 0x80, 0x1F, 0x8F, 0xC0, 0x3F, 0xC7, 0xE3, 0x3F, 0xE7, 0xF1, 0x9F, 0x07, 0xB8, 0xCC,
    0x0F, 0x9F, 0xE0, 0x0F, 0x8F, 0xF0, 0x03, 0x83, 0xF0, 0x00, 0x00, 0x00, 0x7F, 0xBF, 0xFF, 0x3F,
    0xDF, 0xFF, 0x9F, 0xEE, 0x73, 0xC1, 0xC7, 0x39, 0xE0, 0xE3, 0xFF, 0xF0, 0x71, 0xFF, 0xF8, 0x38,
    0xFF, 0xFC, 0xFF, 0x73, 0x9E, 0x7F, 0xB9, 0xCF, 0x3F, 0xDF, 0xFF, 0x83, 0x8F, 0xFF, 0xC1, 0xC7,
    0xFF, 0xC0, 0xE0, 0x1C, 0x00, 0x70, 0x0E, 0x00, 0x3A, 0xFF, 0xFC, 0x1F, 0xFF, 0xFE, 0x3F, 0xFF,
    0xFE, 0x7F, 0xC0, 0xE0, 0x1F, 0x00, 0x70, 0x0C, 0x1F, 0xFF, 0xF0, 0x0F, 0xFF, 0xF8, 0x07, 0xFF,
    0xF8, 0x1F, 0xFF, 0xFE, 0x3F, 0xFF, 0xFC, 0x7F, 0xFF, 0xF8, 0xF0, 0xE0, 0xF1, 0xE1, 0xC1, 0xE3,
    0xC3, 0x83, 0xC7, 0xFF, 0xFF, 0x8F, 0xFF, 0xFF, 0x1F, 0xFF, 0xFE, 0x3C, 0x38, 0x3C, 0x70, 0x70,
    0x78, 0xE0, 0xE0, 0xF1, 0xFF, 0xFF, 0xE3, 0xFF, 0xFF, 0xC7, 0xFF, 0xFF, 0x8E, 0x0E, 0x0F, 0x1C,
    0x1C, 0x1E, 0x78, 0x38, 0x3C, 0xE0, 0x70, 0x7B, 0xC0, 0xEF, 0xF7, 0x01, 0xCF, 0xEE, 0x03, 0x9F,
    0x80, 0x00, 0x00, 0x00, 0x00, 0x00, 0x00, 0x00, 0xE0, 0x00, 0x01, 0xC0, 0x00, 0x03, 0x80, 0x07,
    0xFF, 0xFF, 0x0F, 0xFF, 0xFE, 0x1F, 0xFF, 0xFC, 0x38, 0x38, 0x38, 0x70, 0x70, 0x70, 0xE0, 0xE0,
    0xE1, 0xFF, 0xFF, 0xC3, 0xFF, 0xFF, 0x87, 0xFF, 0xFF, 0x0E, 0x0E, 0x0E, 0x1C, 0x1C, 0x1C, 0x3F,
    0xFF, 0xF8, 0x7F, 0xFF, 0xF0, 0xFF, 0xFF, 0xE1, 0xC1, 0xC0, 0x70, 0x03, 0x80, 0xE0, 0x07, 0x01,
    0xC0, 0x0F, 0xFF, 0x80, 0x1F, 0xFE, 0x00, 0x1F, 0xFC, 0x7F, 0xFF, 0xFC, 0xFF, 0xFF, 0xF9, 0xFF,
    0xFF, 0xF0, 0x00, 0x00, 0x00, 0x00, 0x00, 0x00, 0xFF, 0xF8, 0x19, 0xFF, 0xF7, 0x3B, 0x9C, 0xEE,
    0x77, 0x39, 0xDC, 0xEF, 0xFF, 0xB9, 0xDF, 0xFF, 0x73, 0xBF, 0xFE, 0xE7, 0x73, 0x9D, 0xCE, 0xE7,
    0x3B, 0x9D, 0xFF, 0xF7, 0x3B, 0xFF, 0xEE, 0x77, 0xFF, 0xDC, 0xE0, 0x00, 0x39, 0xFF, 0xFF, 0xF3,
    0xFF, 0xFF, 0xE7, 0xFF, 0xFF, 0xC0, 0x00, 0x03, 0x80, 0x00, 0x00, 0x00, 0x1F, 0xFF, 0xF0, 0x3F,
    0xFF, 0xF8, 0x3F, 0xFF, 0xF8, 0x3C, 0x38, 0x78, 0x3C, 0x38, 0x78, 0x3F, 0xFF, 0xF8, 0x3F, 0xFF,
    0xF8, 0x3C, 0x38, 0x78, 0x3C, 0x38, 0x78, 0x3F, 0xFF, 0xF8, 0x3F, 0xFF, 0xF8, 0x03, 0xE7, 0x80,
    0x07, 0xC3, 0xC0, 0x1F, 0x01, 0xF0, 0xFF, 0x83, 0xFE, 0xFF, 0x83, 0xFE, 0x73, 0x83, 0x9C, 0x03,
    0x83, 0x80, 0x07, 0x83, 0x80, 0x0F, 0x83, 0x80, 0x1F, 0x03, 0x80, 0x3E, 0x03, 0x80, 0x3C, 0x03,
    0x80, 0x00, 0x00, 0x00, 0x00, 0x00, 0x00, 0x07, 0x80, 0x00, 0xFF, 0xFF, 0xF3, 0xFC, 0xFF, 0xE7,
    0x81, 0xFF, 0xCE, 0x30, 0x73, 0x9C, 0xE1, 0xC7, 0x38, 0xE3, 0x8E, 0x73, 0xE7, 0x1C, 0xFF, 0xDC,
    0x39, 0xFF, 0xFB, 0xF3, 0xE3, 0xE7, 0xC0, 0x01, 0x07, 0x03, 0xFF, 0xFE, 0x07, 0xFF, 0xFE, 0x0F,
    0xFF, 0xFC, 0x1C, 0x38, 0x78, 0x3F, 0xFF, 0xF0, 0x7F, 0xFF, 0xE0, 0xFF, 0xFF, 0xC1, 0xC3, 0x87,
    0x83, 0xFF, 0xFF, 0x07, 0xFF, 0xFE, 0x0F, 0xFF, 0xFC, 0x00, 0x00, 0x00, 0x00, 0x00, 0x00, 0x00,
    0x07, 0x00, 0xFF, 0xC7, 0x00, 0xFF, 0xCF, 0xFC, 0xFF, 0xDF, 0xFC, 0xED, 0xDF, 0xFC, 0xED, 0xFE,
    0x38, 0xED, 0xFF, 0x78, 0xED, 0xF7, 0xF0, 0xFF, 0xE7, 0xE0, 0xFF, 0xC3, 0xE0, 0xFF, 0xC7, 0xF0,
    0xED, 0xDF, 0xFC, 0xED, 0xFE, 0x7F, 0xED, 0xFC, 0x3E, 0xED, 0xFF, 0xFE, 0xED, 0xDF, 0xFC, 0xFF,
    0xDF, 0xFC, 0xFF, 0xDC, 0x1C, 0xE0, 0x1C, 0x1C, 0xE0, 0x1C, 0x1C, 0x60, 0x1F, 0xFC, 0x00, 0x1F,
    0xFC, 0x00, 0x1F, 0xFC, 0x00, 0x00, 0x00, 0x00, 0x00, 0x00, 0x0F, 0xF7, 0x18, 0x0F, 0xFF, 0xDE,
    0x07, 0xFE, 0xFE, 0x01, 0x0F, 0x7E, 0x61, 0xEF, 0x1E, 0x78, 0xFF, 0x07, 0xF8, 0x1F, 0xFF, 0xF8,
    0x0F, 0xFF, 0xF8, 0x0F, 0xFF, 0xFF, 0x1F, 0x80, 0x0F, 0xFF, 0xFF, 0xFF, 0xE7, 0x7F, 0xFF, 0x70,
    0x3F, 0xFF, 0x80, 0x1C, 0x01, 0xC0, 0x0E, 0x00, 0xE0, 0x07, 0xFF, 0xF0, 0x03, 0xFF, 0xF8, 0x00,
    0xFF, 0xF8, 0x00, 0x38, 0x38, 0x00, 0x1E, 0x3C, 0x03, 0xFF, 0xFF, 0xF9, 0xFF, 0xFF, 0xFC, 0xFF,
    0xFF, 0xFE, 0xFF, 0xFF, 0xFF, 0xFF, 0xFF, 0xFF, 0xFF, 0xFF, 0xF8, 0x03, 0xC0, 0x00, 0x07, 0x80,
    0x03, 0xFF, 0xFE, 0x07, 0xFF, 0xFE, 0x0F, 0xFF, 0xFC, 0x1F, 0xFF, 0xF8, 0x38, 0x00, 0xF0, 0x70,
    0x01, 0xE0, 0xE0, 0x03, 0xC1, 0xFF, 0xFF, 0x83, 0xFF, 0xFF, 0x07, 0xFF, 0xFE, 0x0E, 0x00, 0x3C,
    0x1C, 0x00, 0x78, 0x38, 0x00, 0xF0, 0x7F, 0xFF, 0xE0, 0xFF, 0xFF, 0xC1, 0xFF, 0xFF, 0x83, 0x80,
    0x0F, 0x02, 0x00, 0x0C, 0x00, 0x00, 0x00, 0x00, 0x78, 0x38, 0x01, 0xC0, 0xE0, 0x07, 0x03, 0x80,
    0x7C, 0x1F, 0xFB, 0xFE, 0x7F, 0xFF, 0xFB, 0xFF, 0xFF, 0xEF, 0x07, 0xE3, 0xF8, 0x1F, 0x8F, 0xC0,
    0x7E, 0x3F, 0x41, 0xFF, 0xE7, 0x8F, 0xFF, 0x8E, 0x3F, 0xFE, 0x3C, 0xFE, 0x38, 0x7B, 0xB8, 0xE0,
    0xEE, 0xE3, 0x83, 0xBB, 0x8E, 0x04, 0xEE, 0x38, 0x03, 0xBF, 0xE0, 0x0E, 0xFF, 0x80, 0x3B, 0xFE,
    0x1F, 0xEE, 0x00, 0x7F, 0x38, 0x01, 0xF8, 0x00, 0x30, 0x00, 0x00, 0x70, 0x00, 0x3F, 0xFF, 0xC0,
    0x7F, 0xFF, 0x80, 0xFF, 0xFF, 0x01, 0xCE, 0x0E, 0x03, 0x9F, 0x1C, 0x07, 0x0E, 0x38, 0xFF, 0xFF,
    0xFF, 0xFF, 0xFF, 0xFF, 0xFF, 0xFF, 0xF8, 0xE7, 0xC3, 0x83, 0xC7, 0xC7, 0x0F, 0x03, 0xFE, 0x1C,
    0x00, 0xF8, 0x1F, 0xFF, 0xF8, 0x3F, 0xFF, 0xF8, 0x7F, 0xFF, 0xF0, 0xE7, 0x38, 0xE1, 0xCE, 0x71,
    0xC3, 0x9C, 0xE3, 0x9F, 0xFF, 0xFF, 0xFF, 0xFF, 0xFF, 0xFF, 0xFF, 0xFF, 0xFF, 0xFF, 0xDF, 0xFF,
    0xFB, 0xFF, 0xFF, 0x78, 0x00, 0xEF, 0x00, 0x1D, 0xE0, 0x03, 0xBF, 0xFF, 0xF7, 0xFF, 0xFE, 0xFF,
    0xFF, 0xDE, 0x00, 0x3B, 0xC0, 0x07, 0x78, 0x00, 0xEF, 0xFF, 0xFD, 0xFF, 0xFF, 0xBF, 0xFF, 0xF7,
    0x80, 0x0E, 0xF0, 0x01, 0xDE, 0x00, 0x3B, 0xFF, 0xFF, 0x7F, 0xFF, 0xEF, 0xFF, 0xFD, 0xE0, 0x03,
    0x80, 0x00, 0x20, 0x00, 0x00, 0x70, 0x01, 0xFF, 0xFF, 0xF7, 0xFF, 0xFF, 0xFF, 0xFF, 0xFF, 0xE0,
    0x0E, 0x00, 0x07, 0xFF, 0xFC, 0x0F, 0xFF, 0xF8, 0x1F, 0xFF, 0xF0, 0x38, 0x00, 0xE0, 0x7F, 0xFF,
    0xC0, 0xFF, 0xFF, 0x81, 0xFF, 0xFF, 0x03, 0xFF, 0xFE, 0x07, 0xFF, 0xFC, 0x0F, 0xFF, 0xF8, 0x1C,
    0x00, 0x70, 0x3F, 0xFF, 0xE0, 0x7F, 0xFF, 0xC0, 0xFF, 0xFF, 0x81, 0xC0, 0x07, 0x1F, 0xFF, 0xFF,
    0xFF, 0xFF, 0xFF, 0xFF, 0xFF, 0xFF, 0x00, 0x1F, 0xF8, 0x1F, 0xFF, 0xFC, 0x1F, 0xFF, 0xF0, 0x00,
    0x78, 0x00, 0x1F, 0xFF, 0xFE, 0x1F, 0xFF, 0xFE, 0x1F, 0xFF, 0xFC, 0x7F, 0xFF, 0xFF, 0x7F, 0xFF,
    0xFF, 0x7F, 0xFF, 0xFF, 0x03, 0xC0, 0x00, 0x07, 0xFF, 0xFC, 0x0F, 0xFF, 0xFC, 0x1F, 0x80, 0x3C,
    0x3F, 0xFF, 0xFC, 0x7F, 0xFF, 0xFC, 0x7B, 0x80, 0x3C, 0x23, 0xFF, 0xFC, 0x03, 0xFF, 0xFC, 0x03,
    0x80, 0x3C, 0x03, 0xFF, 0xFC, 0x03, 0xFF, 0xFC, 0x03, 0xFF, 0xFC, 0x01, 0x80, 0x18, 0x00, 0x00,
    0x00, 0xFF, 0x7F, 0xFC, 0xFF, 0x7F, 0xFC, 0xFF, 0x7F, 0xFC, 0xE7, 0x70, 0x1C, 0xE7, 0x70, 0x1C,
    0xFF, 0x7F, 0xFC, 0xFF, 0x7F, 0xFC, 0xFF, 0x7F, 0xFC, 0xE7, 0x71, 0xC0, 0xE7, 0x71, 0xC0, 0xFF,
    0x7F, 0xFE, 0xFF, 0x7F, 0xFE, 0xFF, 0x7F, 0xFE, 0xE7, 0x71, 0xE0, 0xE7, 0x70, 0xE0, 0xFF, 0x70,
    0xE0, 0xFF, 0x70, 0xE4, 0xFF, 0x70, 0xE7, 0xE0, 0x7F, 0x77, 0xE0, 0x7F, 0x7E, 0x60, 0xFF, 0x3E,
    0x00, 0xF8, 0x3C, 0x00, 0x00, 0x00, 0x00, 0x00, 0x00, 0x03, 0x80, 0xF0, 0x03, 0xC1, 0xE0, 0x3F,
    0xFF, 0xFE, 0x3F, 0xFF, 0xFE, 0x3F, 0xFF, 0xFE, 0x00, 0x38, 0x00, 0x1F, 0xFF, 0xFC, 0x0F, 0xFF,
    0xFC, 0x00, 0xF0, 0x00, 0x7F, 0xFF, 0xFF, 0x7F, 0xFF, 0xFF, 0x3F, 0xFF, 0xFE, 0x03, 0xFF, 0xFC,
    0x07, 0xFF, 0xFC, 0x0F, 0xC0, 0x3C, 0x3F, 0xFF, 0xFC, 0x7F, 0xFF, 0xFC, 0x7B, 0xFF, 0xFC, 0x33,
    0xFF, 0xFC, 0x03, 0xFF, 0xFC, 0x03, 0xFF, 0xFC, 0x03, 0xFF, 0xFC, 0x03, 0xFF, 0xFC, 0x01, 0x80,
    0x00, 0x00, 0x00, 0xF9, 0xFC, 0xFF, 0xF3, 0xF9, 0xFF, 0xE7, 0xF3, 0xFC, 0x0E, 0x60, 0x38, 0x1C,
    0xDF, 0xFF, 0xFF, 0xBF, 0xFF, 0xFF, 0x7F, 0xFF, 0xFE, 0x33, 0xB9, 0xCC, 0x67, 0x73, 0x9F, 0xFF,
    0xFF, 0xFF, 0xFF, 0xFF, 0xFF, 0xFF, 0xFF, 0xC6, 0x77, 0x39, 0x8C, 0xEE, 0x73, 0x7F, 0xFF, 0xE6,
    0xFF, 0xFF, 0xFD, 0xFF, 0xFF, 0xF8, 0x0E, 0x07, 0x00, 0x1C, 0x0E, 0x07, 0xFF, 0xC8, 0x0F, 0xFF,
    0x80, 0x1F, 0xFF, 0x00, 0x00, 0x00, 0x00, 0x1E, 0x00, 0x00, 0x0E, 0x07, 0xFF, 0xC7, 0x03, 0xFF,
    0xE3, 0xFF, 0xFF, 0xF1, 0xFF, 0x00, 0x01, 0xFF, 0xBF, 0xF8, 0xEE, 0x1F, 0xFC, 0x77, 0x0F, 0xFE,
    0x13, 0x87, 0x07, 0x1F, 0xFB, 0x83, 0x8F, 0xFD, 0xC1, 0xC7, 0xFE, 0xFF, 0xE0, 0x38, 0x7F, 0xF0,
    0x3C, 0x3F, 0xF8, 0x1E, 0x0C, 0x38, 0x0F, 0x8E, 0x1C, 0x07, 0xE3, 0x8E, 0x07, 0x79, 0xCF, 0x03,
    0x9C, 0xE7, 0x03, 0xCC, 0x33, 0x83, 0xC1, 0xFF, 0xF9, 0xC0, 0xFF, 0xFE, 0x40, 0x7F, 0xFE, 0x7F,
    0xDF, 0xFC, 0x7F, 0xDF, 0xFC, 0x7F, 0xDF, 0xFC, 0x1C, 0x0C, 0x1C, 0x1C, 0x0E, 0x1C, 0x1C, 0x0E,
    0x3C, 0x1C, 0x0E, 0x38, 0x3F, 0x8E, 0x38, 0x3F, 0xDC, 0x38, 0x7F, 0xDF, 0xFE, 0x79, 0xDF, 0xFF,
    0xF9, 0xDF, 0xFF, 0x79, 0xC0, 0x07, 0x79, 0xC0, 0x07, 0x39, 0xFF, 0xEF, 0x39, 0xFF, 0xFE, 0x39,
    0xFF, 0xFE, 0x3F, 0xC0, 0x0E, 0x3F, 0xC0, 0x0E, 0x38, 0x00, 0x9E, 0x38, 0x00, 0xFC, 0x00, 0x00,
    0xF8, 0x00, 0x00, 0x00, 0x00, 0x07, 0x00, 0x7F, 0xCF, 0x00, 0x7F, 0xCF, 0xF8, 0x7F, 0xDF, 0xF8,
    0x1C, 0x1C, 0x78, 0x1C, 0x38, 0x70, 0x1C, 0x7F, 0xFF, 0x1C, 0xFF, 0xFF, 0x3F, 0xFF, 0xFF, 0x3F,
    0xDC, 0xE7, 0x7F, 0xDF, 0xFF, 0x79, 0xDF, 0xFF, 0xF9, 0xDF, 0xFF, 0x79, 0xDC, 0xE7, 0x79, 0xDC,
    0xE7, 0x39, 0xFF, 0xFF, 0x39, 0xFF, 0xFF, 0x3F, 0xFF, 0xFF, 0x3F, 0xF8, 0xE7, 0x3F, 0xF8, 0xE7,
    0x38, 0x70, 0xFF, 0x38, 0xF0, 0xFF, 0x00, 0x60, 0x1E, 0x00, 0x00, 0x00, 0x0F, 0xFF, 0xF8, 0x1F,
    0xFF, 0xFC, 0x1F, 0xFF, 0xFC, 0x00, 0x00, 0x00, 0x00, 0x00, 0x00, 0x00, 0x00, 0x00, 0x7F, 0xFF,
    0xFF, 0x7F, 0xFF, 0xFF, 0x7F, 0xFF, 0xFF, 0x00, 0x1C, 0x00, 0x00, 0x1C, 0x00, 0x07, 0x1C, 0x30,
    0x0F, 0x1C, 0x78, 0x0F, 0x1C, 0x78, 0x1E, 0x1C, 0x3C, 0x1E, 0x1C, 0x1C, 0x3C, 0x1C, 0x1E, 0x78,
    0x1C, 0x0E, 0x78, 0x1C, 0x0F, 0x31, 0xFC, 0x06, 0x01, 0xFC, 0x00, 0x01, 0xF8, 0x00, 0x00, 0x00,
    0x00, 0x03, 0x00, 0x60, 0x03, 0x80, 0x70, 0x01, 0xC0, 0x38, 0x0F, 0xFF, 0xFF, 0xE7, 0xFF, 0xFF,
    0xF1, 0xFF, 0x7F, 0xF0, 0x3F, 0x0F, 0xE0, 0x3F, 0xEF, 0xF8, 0x3F, 0x7F, 0xFF, 0x3F, 0x9F, 0x77,
    0x9D, 0xC3, 0x39, 0xC0, 0x60, 0x0C, 0x00, 0xFF, 0xFF, 0x80, 0x7F, 0xFF, 0xC0, 0x00, 0x00, 0x00,
    0xFF, 0xFF, 0xFE, 0x7F, 0xFF, 0xFF, 0x3F, 0xFF, 0xFF, 0x81, 0x87, 0x18, 0x01, 0xE3, 0x9E, 0x01,
    0xF1, 0xC7, 0xC1, 0xF0, 0xE1, 0xF1, 0xE7, 0xF0, 0x78, 0x61, 0xF8, 0x18, 0x00, 0x60, 0x00, 0x00,
    0x00, 0x00, 0x00, 0x00, 0xE0, 0xE0, 0x07, 0xF8, 0x70, 0x0F, 0xF8, 0x38, 0x07, 0xF0, 0x1C, 0x00,
    0x38, 0x7E, 0xE0, 0x1C, 0x3F, 0x78, 0x0E, 0x3B, 0x9C, 0x7F, 0xFD, 0xCE, 0x3F, 0xFE, 0xE3, 0x9F,
    0xF7, 0x71, 0xC1, 0xF7, 0x38, 0xE1, 0xFB, 0x9C, 0x00, 0xFE, 0xCE, 0x70, 0xFF, 0x87, 0x38, 0x7F,
    0x83, 0xBC, 0x77, 0x00, 0xDC, 0x7B, 0x80, 0x1E, 0x19, 0xC0, 0x1E, 0x08, 0xE0, 0x3E, 0x00, 0x70,
    0x7E, 0x00, 0x3B, 0xFC, 0x00, 0x1D, 0xFC, 0x00, 0x0E, 0x70, 0x00, 0x00, 0x00, 0x00, 0x00, 0x00,
    0x00, 0x00, 0x00, 0xE3, 0x80, 0x0F, 0xF3, 0xC0, 0x0F, 0xF9, 0xC0, 0x03, 0xE0, 0xFF, 0xF0, 0x30,
    0x7F, 0xF8, 0x18, 0x7F, 0xFC, 0x0C, 0x39, 0xDC, 0x7F, 0xF8, 0xEE, 0x3F, 0xFC, 0x72, 0x1F, 0xFE,
    0x3B, 0x01, 0xE1, 0xDF, 0x81, 0xF8, 0xEE, 0xE0, 0xFE, 0xF7, 0x70, 0xFF, 0x73, 0xB8, 0x7D, 0xB9,
    0xCE, 0x76, 0x1C, 0xE7, 0x7B, 0x1C, 0x73, 0x99, 0x9E, 0x39, 0xC8, 0xC6, 0x1C, 0xE0, 0x60, 0x0E,
    0x00, 0x30, 0x3F, 0x00, 0x18, 0x1F, 0x80, 0x0C, 0x0F, 0x80, 0x06, 0x00, 0x00, 0x00, 0x00, 0x00,
    0x00, 0x01, 0xC0, 0xE0, 0x0F, 0xF0, 0xF0, 0x0F, 0xF0, 0xFF, 0xC7, 0xE0, 0xFF, 0xE0, 0x71, 0xFF,
    0xE0, 0x39, 0xF8, 0xF0, 0x1C, 0x6F, 0xF0, 0x7F, 0xC3, 0xF0, 0x3F, 0xE3, 0xF0, 0x1F, 0xFF, 0xFC,
    0x03, 0xEF, 0xDC, 0x01, 0xFB, 0x9F, 0xF0, 0xFE, 0x1F, 0xF8, 0xFF, 0x3F, 0xFC, 0x7D, 0xBE, 0x1C,
    0x7E, 0x3F, 0x9E, 0x7F, 0x1D, 0xFE, 0x1B, 0x80, 0x7E, 0x09, 0xC0, 0x1E, 0x00, 0xE0, 0x3E, 0x00,
    0x70, 0xFE, 0x00, 0x39, 0xFC, 0x00, 0x1C, 0x78, 0x00, 0x04, 0x00, 0x00, 0x00, 0x01, 0x8F, 0xFE,
    0x0F, 0xEF, 0xFF, 0x1F, 0xF7, 0xFF, 0x8F, 0xE3, 0x81, 0xC0, 0x71, 0xC0, 0xE0, 0x38, 0xE0, 0x70,
    0x3C, 0x70, 0x38, 0xFF, 0xFF, 0xFC, 0x7F, 0xFF, 0xFE, 0x3F, 0xE0, 0x00, 0x03, 0xC7, 0xFF, 0x83,
    0xF7, 0xFF, 0xE1, 0xFF, 0xFF, 0xF1, 0xFF, 0x0F, 0x00, 0xFF, 0x07, 0x80, 0xEE, 0xBF, 0xFC, 0xF7,
    0x1F, 0xFE, 0x33, 0x8F, 0xFF, 0x19, 0xC0, 0x78, 0x00, 0xE0, 0x3C, 0x00, 0x77, 0xFF, 0xF0, 0x3B,
    0xFF, 0xFC, 0x1D, 0xFF, 0xFC, 0x00, 0x00, 0x00, 0x00, 0x10, 0x00, 0x00, 0xF0, 0x00, 0x01, 0xE0,
    0x03, 0xFF, 0xFF, 0xEF, 0xFF, 0xFF, 0xFF, 0xFF, 0xFF, 0xFC, 0x00, 0x07, 0xF8, 0x41, 0x8F, 0xF3,
    0xC7, 0xDF, 0xFF, 0x8F, 0xF8, 0xFE, 0x07, 0xE3, 0xF0, 0x03, 0xE7, 0x80, 0x03, 0xC7, 0xFF, 0xFF,
    0x07, 0xFF, 0xFC, 0x0F, 0xFF, 0xF8, 0x00, 0x38, 0x00, 0x00, 0x70, 0x00, 0x00, 0xE0, 0x00, 0x01,
    0xC0, 0x00, 0x03, 0x80, 0x1F, 0xFF, 0xFF, 0xFF, 0xFF, 0xFF, 0xBF, 0xFF, 0xFE, 0x00, 0x10, 0x00,
    0x00, 0xF0, 0x00, 0x01, 0xE0, 0x00, 0x01, 0xC0, 0x00, 0x03, 0x80, 0x0F, 0xFF, 0xFF, 0x9F, 0xFF,
    0xFF, 0x3F, 0xFF, 0xFE, 0x00, 0x00, 0x00, 0x0E, 0x03, 0xC0, 0x3C, 0x07, 0x80, 0x38, 0x0F, 0x00,
    0x70, 0x1C, 0x00, 0xF0, 0x78, 0x01, 0xE0, 0xF0, 0x01, 0xC1, 0xC0, 0x03, 0x83, 0x80, 0x07, 0x8F,
    0x00, 0x0F, 0x1C, 0x00, 0x1C, 0x38, 0x0F, 0xFF, 0xFF, 0xFF, 0xFF, 0xFF, 0xFF, 0xFF, 0xFF, 0x80,
    0x00, 0x00, 0x03, 0x80, 0x10, 0xE7, 0x7F, 0xF9, 0xCE, 0xFF, 0xF3, 0x9C, 0xE1, 0xC7, 0x39, 0xC7,
    0x8E, 0x73, 0xCE, 0x1C, 0xE3, 0xFC, 0x39, 0xC3, 0xF0, 0x73, 0x87, 0xC0, 0xE7, 0x3F, 0xF1, 0xCF,
    0xFF, 0xFB, 0x9D, 0xE3, 0xF0, 0x3B, 0x81, 0xC0, 0x07, 0x00, 0x1F, 0xFF, 0xFF, 0x3F, 0xFF, 0xFE,
    0x7F, 0xFF, 0xFC, 0x0E, 0x03, 0x80, 0x1E, 0x07, 0x00, 0x1C, 0x1C, 0x0F, 0xFF, 0xFF, 0xFF, 0xFF,
    0xFF, 0xFF, 0xFF, 0xFF, 0x80, 0x00, 0x10, 0x00, 0x00, 0xF0, 0x00, 0xFF, 0xFF, 0xE1, 0xFF, 0xFF,
    0xE3, 0xFF, 0xFF, 0xC0, 0xF0, 0x78, 0x01, 0xE0, 0xF0, 0x7F, 0xFF, 0xFF, 0xFF, 0xFF, 0xFE, 0x00,
    0x00, 0x00, 0x7F, 0xFF, 0xC0, 0xFF, 0xFF, 0x81, 0xC0, 0x07, 0x03, 0xFF, 0xFE, 0x07, 0xFF, 0xFC,
    0x0E, 0x00, 0x38, 0x1F, 0xFF, 0xF0, 0x3F, 0xFF, 0xE0, 0x00, 0xE0, 0x07, 0xFF, 0xFF, 0xFF, 0xFF,
    0xFF, 0xFF, 0xFF, 0xFF, 0xC0, 0x0E, 0x00, 0x00, 0x1C, 0x00, 0x00, 0x00, 0x00, 0x00, 0x00, 0x00,
    0x1C, 0x01, 0xC0, 0x0E, 0x39, 0xC7, 0x0E, 0x39, 0xC7, 0x0E, 0x39, 0xC7, 0x7F, 0xF9, 0xC7, 0x7F,
    0xFF, 0xFF, 0x7F, 0xFF, 0xFF, 0x11, 0xBF, 0xFE, 0x33, 0xBF, 0xFE, 0x33, 0xFF, 0xFF, 0x33, 0xFF,
    0xFF, 0x3B, 0x81, 0xC0, 0x3B, 0x83, 0xC0, 0x3B, 0x3F, 0xFF, 0x3B, 0x3F, 0xFF, 0x3B, 0x3B, 0x77,
    0x3F, 0xFB, 0x77, 0x1F, 0xFB, 0x77, 0x7F, 0xFB, 0x77, 0x7F, 0x3B, 0x77, 0x70, 0x3B, 0x77, 0x00,
    0x3B, 0x7F, 0x00, 0x3B, 0x7F, 0x00, 0x00, 0x00, 0x00, 0x00, 0x00, 0x0E, 0x03, 0x80, 0x1E, 0x07,
    0x80, 0x1F, 0xF7, 0xFF, 0x3F, 0xFF, 0xFF, 0x3F, 0xFF, 0xFF, 0x7B, 0x9E, 0x70, 0x71, 0xDC, 0x38,
    0x23, 0x88, 0x38, 0x07, 0x80, 0x38, 0x07, 0x00, 0x38, 0x0F, 0xFF, 0xFF, 0x1E, 0xFF, 0xFF, 0x3E,
    0x7F, 0xFF, 0x7E, 0x10, 0x38, 0x7E, 0x38, 0x38, 0x7E, 0x3C, 0x38, 0x0E, 0x1C, 0x38, 0x0E, 0x1E,
    0x38, 0x0E, 0x0E, 0x38, 0x0E, 0x00, 0x38, 0x0E, 0x03, 0xF8, 0x0E, 0x03, 0xF8, 0x0E, 0x03, 0xF0,
    0x06, 0x00, 0x00, 0x08, 0x02, 0x00, 0x38, 0x0E, 0x00, 0x70, 0x1C, 0x01, 0xFF, 0xFF, 0xF3, 0xFF,
    0xFF, 0xEE, 0x73, 0xDE, 0x3C, 0xEF, 0x1C, 0x31, 0xCE, 0x38, 0x3F, 0xFF, 0xF8, 0x7F, 0xFF, 0xF0,
    0x00, 0xE0, 0xE0, 0xFF, 0xFF, 0xC1, 0xFF, 0xFF, 0x83, 0xFF, 0xFF, 0x0E, 0x0E, 0x00, 0x1F, 0xFF,
    0xFE, 0x3F, 0xFF, 0xFC, 0x7F, 0xFF, 0xF8, 0x07, 0xE0, 0x70, 0x3F, 0xC0, 0xE0, 0xFB, 0x83, 0xCF,
    0xC7, 0x3F, 0x3F, 0x0E, 0x7E, 0x38, 0x1C, 0x00, 0x00, 0x00, 0x00, 0x00, 0x00, 0x00, 0x07, 0x01,
    0xC0, 0x07, 0x81, 0xE0, 0x03, 0xFE, 0xFF, 0xE3, 0xFF, 0xFF, 0xF1, 0xDC, 0xF3, 0x81, 0xEE, 0x71,
    0xE0, 0xE3, 0xFC, 0x70, 0x20, 0x7F, 0x00, 0x00, 0xFB, 0xE0, 0x01, 0xF8, 0xFC, 0x03, 0xFF, 0xFF,
    0xC7, 0xFF, 0xFF, 0xF3, 0xCF, 0xFE, 0x78, 0x80, 0x60, 0xC0, 0x1C, 0x70, 0x70, 0x0F, 0x1C, 0x78,
    0x03, 0x8E, 0x38, 0x00, 0xE3, 0xBC, 0x00, 0x71, 0xDC, 0x00, 0x10, 0x1E, 0x03, 0xFF, 0xFF, 0xF9,
    0xFF, 0xFF, 0xFC, 0xFF, 0xFF, 0xFE, 0x00, 0x00, 0x00, 0x38, 0x0E, 0x00, 0x70, 0x1C, 0x01, 0xFF,
    0xFF, 0xF3, 0xFF, 0xFF, 0xEE, 0x73, 0xDE, 0x3C, 0xE7, 0x1C, 0x74, 0xC4, 0x38, 0x1C, 0xFF, 0xFC,
    0x3F, 0xFF, 0xF9, 0xFF, 0xFF, 0xF3, 0xA0, 0x00, 0xE7, 0x1F, 0xF9, 0xCE, 0x3F, 0xF3, 0x9C, 0x60,
    0xE7, 0x38, 0xFF, 0xCE, 0x71, 0xFF, 0x9C, 0xE3, 0xFF, 0x39, 0xC6, 0x0E, 0x73, 0x8F, 0xFC, 0xE7,
    0x1F, 0xF9, 0xCE, 0x3F, 0xF3, 0x9C, 0x00, 0x3F, 0x38, 0x00, 0x7C, 0x00, 0x00, 0x00, 0x08, 0x02,
    0x00, 0x0E, 0x03, 0x80, 0x1F, 0xF7, 0xFF, 0x3F, 0xFF, 0xFF, 0x7F, 0xFF, 0xFF, 0x7B, 0x9E, 0x78,
    0x7F, 0xFF, 0xF8, 0x0F, 0xFF, 0xFC, 0x0F, 0xFF, 0xFC, 0x0F, 0xFF, 0xFC, 0x0F, 0xFF, 0xFC, 0x0E,
    0x00, 0x3C, 0x0F, 0xFF, 0xFC, 0x0F, 0xFF, 0xFC, 0x0F, 0xFF, 0xFC, 0x0F, 0xFF, 0xFC, 0x0F, 0xFF,
    0xF8, 0x01, 0xC1, 0xE0, 0x7F, 0xFF, 0xFF, 0x7F, 0xFF, 0xFF, 0x07, 0xC1, 0xE0, 0x1F, 0x81, 0xE0,
    0x3F, 0x01, 0xE0, 0x3C, 0x01, 0xE0, 0x00, 0x00, 0x00, 0x08, 0x00, 0x00, 0x1E, 0x03, 0x80, 0x1F,
    0xF3, 0xFE, 0x1F, 0xFF, 0xFF, 0x3F, 0xFF, 0xFF, 0x79, 0xCE, 0x78, 0x71, 0xDE, 0x38, 0x31, 0x9C,
    0x30, 0x3F, 0xFF, 0xFE, 0x3F, 0xFF, 0xFE, 0x38, 0x00, 0x0E, 0x3F, 0xFF, 0xFE, 0x17, 0xFF, 0xF6,
    0x07, 0x00, 0x70, 0x07, 0xFF, 0xF0, 0x07, 0xFF, 0xF0, 0x07, 0xFF, 0xF0, 0x07, 0xFF, 0xF8, 0x07,
    0xFF, 0xFC, 0x07, 0xFF, 0xFC, 0x07, 0x00, 0x1C, 0x07, 0xFF, 0xFC, 0x07, 0xFF, 0xFC, 0x07, 0xFF,
    0xFC, 0x02, 0x00, 0x00, 0x04, 0x03, 0x00, 0x0E, 0x03, 0x80, 0x1F, 0xFB, 0xFF, 0x1F, 0xFF, 0xFF,
    0x3F, 0xFF, 0xFF, 0x79, 0xDE, 0x78, 0x71, 0xCE, 0xF8, 0x27, 0x80, 0xE0, 0x7F, 0xFF, 0xFF, 0x7F,
    0xFF, 0xFF, 0x7F, 0xFF, 0xFF, 0x00, 0x00, 0x0C, 0x1F, 0xF9, 0x9E, 0x1F, 0xFB, 0x9E, 0x1C, 0x7B,
    0x9E, 0x1F, 0xFB, 0x9E, 0x1F, 0xFB, 0x9E, 0x1C, 0x7B, 0x9E, 0x1F, 0xFB, 0x9E, 0x1F, 0xFB, 0x9E,
    0x1F, 0xF8, 0x1E, 0x1C, 0xF8, 0xFE, 0x1D, 0xF0, 0xFC, 0x1C, 0xF0, 0x7C, 0x00, 0x00, 0x00, 0x00,
    0x00, 0x00, 0x0E, 0x03, 0x80, 0x0E, 0x03, 0x80, 0x1F, 0xFF, 0xFF, 0x3F, 0xFF, 0xFF, 0x39, 0xCF,
    0x70, 0x7F, 0xCF, 0xB8, 0x37, 0x87, 0x98, 0x7F, 0xFF, 0xFF, 0x7F, 0xFF, 0xFF, 0x07, 0x03, 0xBC,
    0x3F, 0xE3, 0x98, 0x3F, 0xFF, 0xFF, 0x07, 0x1F, 0xFF, 0x7F, 0xFF, 0xFE, 0x7F, 0xEF, 0xFE, 0x7F,
    0xEF, 0xFE, 0x0F, 0xCE, 0x0E, 0x1F, 0xEF, 0xFE, 0x3F, 0xFF, 0xFE, 0x7F, 0x6F, 0xFE, 0x77, 0x0F,
    0xFE, 0x67, 0x0F, 0xFE, 0x07, 0x0F, 0xFE, 0x06, 0x04, 0x00, 0x00, 0x00, 0x00, 0x03, 0x80, 0x00,
    0x19, 0xDB, 0xFF, 0x0E, 0xED, 0xFF, 0x83, 0x7E, 0xFF, 0xC1, 0xBF, 0x70, 0xE0, 0xFF, 0x38, 0x70,
    0x7F, 0x9C, 0x38, 0x37, 0x8F, 0xFC, 0x3F, 0xF7, 0xFE, 0x1F, 0xFB, 0xFF, 0x0F, 0xFD, 0xC3, 0x80,
    0xF0, 0xE1, 0xC0, 0xFC, 0x70, 0xE0, 0x7F, 0x3F, 0xF0, 0x7F, 0xDF, 0xF8, 0x3F, 0xEF, 0xFC, 0x3B,
    0xA7, 0x0E, 0x1D, 0xC3, 0x87, 0x0C, 0xE1, 0xC3, 0x86, 0x70, 0xE1, 0xC0, 0x3B, 0xFF, 0xF8, 0x1D,
    0xFF, 0xFC, 0x0E, 0x7F, 0xFE, 0x00, 0x00, 0x00, 0x00, 0x00, 0x00, 0x00, 0x00, 0x07, 0xE0, 0xFF,
    0xFF, 0xE3, 0xFF, 0xFF, 0x83, 0xFF, 0x80, 0x00, 0x3C, 0x10, 0x00, 0xF0, 0xF0, 0x07, 0xC3, 0xE0,
    0x1F, 0xFF, 0x00, 0x3F, 0xFC, 0x00, 0x7F, 0xE7, 0x00, 0x1F, 0x8F, 0x00, 0xFC, 0x1F, 0x07, 0xFF,
    0xFF, 0x1F, 0xFF, 0xFF, 0x1F, 0xFC, 0x0E, 0x06, 0x38, 0x88, 0x1E, 0x73, 0xC0, 0x7C, 0xE7, 0xC1,
    0xF1, 0xC3, 0xC7, 0xC3, 0x83, 0xDF, 0x3F, 0x03, 0xC8, 0x7E, 0x02, 0x00, 0xF8, 0x00, 0x00, 0x10,
    0x00, 0x00, 0x70, 0x00, 0x00, 0xE0, 0x07, 0xFF, 0xFF, 0xFF, 0xFF, 0xFF, 0xE0, 0x07, 0x00, 0x00,
    0x0E, 0x00, 0x7F, 0xFF, 0xFF, 0xFF, 0xFF, 0xFF, 0xC1, 0xE0, 0x1F, 0x8F, 0x8E, 0x3F, 0x3E, 0x7E,
    0x71, 0xFF, 0xF0, 0x03, 0xFF, 0x98, 0x00, 0xFC, 0x3C, 0x07, 0xEF, 0xFC, 0x7F, 0xFF, 0xFC, 0xFF,
    0xFF, 0xF8, 0xD8, 0xE2, 0x30, 0x79, 0xCF, 0x01, 0xF3, 0x8F, 0x8F, 0xBF, 0x0F, 0xBE, 0x7E, 0x07,
    0xB0, 0xFC, 0x06, 0x03, 0x3F, 0xF8, 0xEE, 0xFF, 0xF9, 0xDD, 0xFF, 0xE3, 0xB8, 0xE1, 0xC7, 0x70,
    0xE7, 0x0E, 0xE1, 0xFE, 0x1D, 0xC1, 0xF8, 0x3B, 0x8F, 0xF8, 0x77, 0xFF, 0xFE, 0x07, 0xF0, 0xF8,
    0x0F, 0x1C, 0x30, 0x7D, 0xFC, 0x01, 0xFF, 0xF0, 0x03, 0xFF, 0x9C, 0x01, 0xFC, 0x3C, 0x1F, 0xFF,
    0xFC, 0x7F, 0xFF, 0xFC, 0x7F, 0xF8, 0x38, 0x1C, 0xF7, 0x00, 0xF9, 0xEF, 0x87, 0xE3, 0xCF, 0xDF,
    0x3F, 0x07, 0x9C, 0x7E, 0x07, 0x00, 0x00, 0x00, 0x00, 0x03, 0x00, 0x0E, 0x07, 0x60, 0x0E, 0x07,
    0x78, 0x1E, 0x07, 0x3C, 0x1C, 0x07, 0x18, 0x3C, 0x07, 0xFC, 0x39, 0xBF, 0xFC, 0x7B, 0xFF, 0xFC,
    0x77, 0xBF, 0x00, 0xFF, 0x07, 0x80, 0xFF, 0x03, 0xFE, 0xEE, 0x1F, 0xFE, 0x1C, 0x7F, 0xF8, 0x3C,
    0x7F, 0x8C, 0x7F, 0xA3, 0x8E, 0xFF, 0x83, 0x9C, 0xFE, 0x01, 0xFC, 0x40, 0x01, 0xF8, 0x03, 0x81,
    0xF0, 0x3F, 0x87, 0xE6, 0xFF, 0x9F, 0xE6, 0xFC, 0xFE, 0xFE, 0xE0, 0x7C, 0x7E, 0x00, 0x60, 0x3E,
    0x00, 0x00, 0x00, 0x00, 0x00, 0x00, 0x07, 0x00, 0x00, 0x07, 0x3F, 0xFF, 0x0F, 0x3F, 0xFF, 0x0E,
    0x3F, 0xFF, 0x1E, 0x38, 0xC7, 0x1C, 0xB8, 0xC7, 0x38, 0xF8, 0xC7, 0x7F, 0xF8, 0xC7, 0xFF, 0xF8,
    0xC7, 0x7F, 0xB8, 0xC7, 0x67, 0x3F, 0xFF, 0x0E, 0x3F, 0xFF, 0x1E, 0x3F, 0xFF, 0x3F, 0xF8, 0xC7,
    0x7F, 0xF8, 0xC7, 0x7F, 0xB8, 0xC7, 0x60, 0x38, 0xC7, 0x00, 0x38, 0xC7, 0x0F, 0xF9, 0xE7, 0x7F,
    0xFF, 0xFF, 0x7F, 0xFF, 0xFF, 0x78, 0x3F, 0xFF, 0x00, 0x38, 0x07, 0x00, 0x00, 0x00, 0x03, 0x81,
    0xC0, 0x03, 0xC1, 0xE0, 0x01, 0xC0, 0xFF, 0x80, 0xE0, 0xFF, 0xE0, 0xE0, 0xFF, 0xF0, 0xF6, 0xFC,
    0x70, 0x73, 0xFE, 0x70, 0x7B, 0xF3, 0xF8, 0x7F, 0xD1, 0xF8, 0x1F, 0xC0, 0xFC, 0x0D, 0xE0, 0xFF,
    0x01, 0xE1, 0xFF, 0xE0, 0xE3, 0xF0, 0xFC, 0xFF, 0xF6, 0x3C, 0xFF, 0x87, 0xC4, 0x7F, 0x81, 0xF8,
    0x30, 0x00, 0x3C, 0x00, 0x03, 0x04, 0x01, 0xFB, 0xF0, 0x07, 0xFD, 0xFF, 0x03, 0xFC, 0x1F, 0xE1,
    0xC0, 0x01, 0xF8, 0x00, 0x00, 0x38, 0x00, 0x00, 0x00, 0x00, 0x00, 0x00, 0xC0, 0x07, 0x01, 0xE0,
    0x0F, 0x01, 0xE0, 0x0F, 0x01, 0xE0, 0x1E, 0x3F, 0xFF, 0x1C, 0x3F, 0xFF, 0x3D, 0xFF, 0xFF, 0x39,
    0xE1, 0xE0, 0x7F, 0xC1, 0xE0, 0xFF, 0x9F, 0xFE, 0x7F, 0x9F, 0xFF, 0x6F, 0x1F, 0xFF, 0x1E, 0x00,
    0x00, 0x3C, 0xC0, 0x00, 0x7F, 0xDF, 0xFE, 0x7F, 0xDF, 0xFE, 0x7F, 0x1F, 0xFE, 0x60, 0x1C, 0x0E,
    0x00, 0x5C, 0x0E, 0x0F, 0xFC, 0x0E, 0xFF, 0xFF, 0xFE, 0x7F, 0xDF, 0xFE, 0x78, 0x1F, 0xFE, 0x00,
    0x1C, 0x0E, 0x00, 0x08, 0x00, 0x00, 0x02, 0x00, 0x03, 0x83, 0x80, 0x01, 0xC1, 0xC0, 0x01, 0xC1,
    0xFF, 0xC0, 0xE0, 0xFF, 0xE0, 0xE0, 0xFF, 0xF0, 0x76, 0xF8, 0x70, 0x73, 0xFE, 0x78, 0x7F, 0xF7,
    0xF8, 0x7F, 0xD1, 0xF8, 0x1F, 0xE0, 0xFC, 0x0D, 0xE1, 0xFF, 0x81, 0xE7, 0xF7, 0xF0, 0xEF, 0xF0,
    0xF8, 0xFF, 0xFF, 0xFC, 0xFF, 0xBF, 0xFC, 0x7E, 0x1F, 0xFE, 0x30, 0x0E, 0x07, 0x00, 0x77, 0x03,
    0x83, 0xFB, 0x81, 0xC7, 0xFD, 0xFF, 0xE3, 0xF0, 0xFF, 0xF1, 0xC0, 0x7F, 0xF8, 0x00, 0x38, 0x1C,
    0x04, 0x00, 0x00, 0x03, 0x81, 0xE0, 0x03, 0xC0, 0x70, 0x01, 0xE0, 0x3C, 0x01, 0xE3, 0xFF, 0xF0,
    0xE1, 0xFF, 0xF8, 0xF6, 0xFF, 0xFC, 0x73, 0x8F, 0x30, 0x7F, 0xCF, 0x3C, 0x7F, 0xCF, 0x0E, 0x1F,
    0xCF, 0xFF, 0x8D, 0xEF, 0xFF, 0xE1, 0xE3, 0xFF, 0xF1, 0xEF, 0xF3, 0xB9, 0xFF, 0x39, 0xC0, 0xFF,
    0x9C, 0xE0, 0x7E, 0x0E, 0x70, 0x30, 0x07, 0x38, 0x00, 0xF7, 0x9C, 0xC3, 0xFB, 0x8E, 0x67, 0xFB,
    0xC7, 0x33, 0xF7, 0xC3, 0xF9, 0xC3, 0xE1, 0xFC, 0x00, 0xC0, 0x7C, 0x00, 0x00, 0x00, 0x00, 0x00,
    0x00, 0x00, 0x06, 0x30, 0x70, 0x0E, 0x3A, 0x74, 0x0E, 0x3E, 0x77, 0x1E, 0x3F, 0x76, 0x1C, 0x3B,
    0x7E, 0x3D, 0xBB, 0x7C, 0x39, 0xFB, 0x7C, 0x73, 0xBF, 0xFF, 0x7F, 0xBF, 0xFF, 0x7F, 0x3F, 0xFF,
    0x6F, 0x38, 0xF8, 0x1E, 0x39, 0xF8, 0x1C, 0x39, 0xFC, 0x3F, 0xFB, 0xFE, 0x7F, 0xBF, 0x77, 0x7F,
    0x3F, 0x77, 0x60, 0x3E, 0x72, 0x00, 0xB8, 0x70, 0x1F, 0xF8, 0x70, 0x7F, 0xFF, 0xFF, 0x7E, 0x3F,
    0xFF, 0x60, 0x3F, 0xFF, 0x00, 0x01, 0x00, 0x03, 0x01, 0xC0, 0x03, 0xC0, 0xE1, 0xC1, 0xC3, 0xFF,
    0xE1, 0xE3, 0xFF, 0xE0, 0xE1, 0xFF, 0xF0, 0x76, 0x0E, 0xF0, 0x73, 0x87, 0x70, 0x7B, 0xFF, 0xFF,
    0x3F, 0xFF, 0xFF, 0xDF, 0xDF, 0xFF, 0xCD, 0xE0, 0xF8, 0x00, 0xE0, 0xFF, 0xC0, 0xE1, 0xFF, 0xF0,
    0xFF, 0xFF, 0xF8, 0xFF, 0xFC, 0x1C, 0x7F, 0x2E, 0x0E, 0x30, 0x07, 0xFF, 0x00, 0x33, 0xFF, 0x81,
    0xF9, 0xC1, 0xC7, 0xFC, 0xE0, 0xE3, 0xF8, 0x7F, 0xF1, 0xC0, 0x3F, 0xF8, 0x00, 0x1C, 0x1C, 0x00,
    0x00, 0x00, 0x00, 0x00, 0x00, 0x00, 0x03, 0x80, 0xE0, 0x01, 0xC0, 0x70, 0x01, 0xC3, 0xFF, 0xC0,
    0xE1, 0xFF, 0xE0, 0xE0, 0x0E, 0x00, 0x76, 0x07, 0x00, 0x73, 0xFF, 0xFE, 0x7B, 0xBF, 0xFF, 0x3F,
    0xC0, 0x67, 0x1F, 0xC3, 0xBB, 0x8D, 0xC1, 0xFD, 0xC0, 0xE3, 0xBE, 0x40, 0xED, 0xE7, 0x00, 0xFE,
    0x77, 0x00, 0xFF, 0xFF, 0xFE, 0x7C, 0x7F, 0xFF, 0x30, 0x7F, 0xFF, 0x81, 0xE0, 0xEC, 0x07, 0xF0,
    0xFF, 0x07, 0xF0, 0xF3, 0xC3, 0xC1, 0xF0, 0xF1, 0x81, 0xF0, 0x3C, 0x00, 0xE0, 0x0E, 0x00, 0x00,
    0x00, 0x00, 0x00, 0x00, 0x00, 0x03, 0x83, 0xB0, 0x03, 0xC1, 0xDC, 0x01, 0xC1, 0xEE, 0x00, 0xE0,
    0xE7, 0x80, 0xE0, 0xFF, 0xF8, 0x77, 0x7F, 0xFC, 0x73, 0xFF, 0xFE, 0x73, 0xFC, 0x70, 0x3F, 0xFE,
    0x38, 0x1F, 0xDF, 0xFF, 0x8D, 0xE7, 0xFF, 0xC0, 0xE1, 0xFF, 0xE0, 0xE0, 0xE3, 0x80, 0xFF, 0x71,
    0xC0, 0xFF, 0xBF, 0xFC, 0x7F, 0x1F, 0xFE, 0x30, 0x0F, 0xFF, 0x00, 0x37, 0x1C, 0x01, 0xFB, 0x8E,
    0x07, 0xFD, 0xFF, 0xF3, 0xF8, 0xFF, 0xF9, 0xC0, 0x7F, 0xFC, 0x00, 0x38, 0x00, 0x00, 0x08, 0x00,
    0x00, 0x00, 0x00, 0x00, 0x03, 0x80, 0x7F, 0x03, 0xDF, 0xFF, 0x81, 0xCF, 0xFF, 0x81, 0xE3, 0x98,
    0xE0, 0xE1, 0xCE, 0xF0, 0xF6, 0x77, 0x70, 0x73, 0xFF, 0xFE, 0x7F, 0xFF, 0xFF, 0x7F, 0xFF, 0xFF,
    0x9F, 0xC3, 0x80, 0x0D, 0xFF, 0xFF, 0xE1, 0xEF, 0xFF, 0xF0, 0xE7, 0xFF, 0xF8, 0xFF, 0x3F, 0xF0,
    0xFF, 0xBF, 0xFC, 0x7E, 0x1F, 0xFC, 0x30, 0x0F, 0x8E, 0x00, 0xEF, 0xEE, 0x03, 0xFF, 0x7F, 0x07,
    0xFF, 0x1F, 0x03, 0xE7, 0xBF, 0xF1, 0x87, 0xFF, 0xFE, 0x01, 0xBC, 0x1E, 0x00, 0x00, 0x00, 0x00,
    0x00, 0x00, 0x00, 0x0E, 0x01, 0xC0, 0x0E, 0x01, 0xC0, 0x0E, 0x3F, 0xFE, 0x1C, 0x3F, 0xFE, 0x1C,
    0x3F, 0xFE, 0x3D, 0xB8, 0x06, 0x3B, 0xBF, 0xFE, 0x73, 0xBF, 0xFE, 0x7F, 0x3F, 0xFE, 0x7F, 0x38,
    0x00, 0x6E, 0x3F, 0xFF, 0x1E, 0x3F, 0xFF, 0x1C, 0x3F, 0xFF, 0x3F, 0xBD, 0xF7, 0x7F, 0xFD, 0xF7,
    0x7E, 0x7F, 0xFF, 0x60, 0x7F, 0xFF, 0x07, 0xFF, 0xFF, 0x1F, 0xFD, 0xF7, 0x7E, 0xED, 0xF7, 0x78,
    0xED, 0xF7, 0x60, 0xCD, 0xFF, 0x00, 0x4D, 0x9E, 0x00, 0x00, 0x00, 0x07, 0x00, 0x70, 0x03, 0xB8,
    0x7F, 0x01, 0xCC, 0x7F, 0xC1, 0xC7, 0x7F, 0xE0, 0xE3, 0xFC, 0xE0, 0xE4, 0xDF, 0xF0, 0x77, 0x61,
    0xF0, 0x73, 0x83, 0xFC, 0x3F, 0xFF, 0xFF, 0x9F, 0xFF, 0xDF, 0xCF, 0xDF, 0xFF, 0xC1, 0xC3, 0xFF,
    0xE0, 0xE1, 0xFF, 0xF0, 0xFE, 0xFF, 0xF8, 0xFF, 0x7F, 0xFC, 0x7E, 0x38, 0x70, 0x30, 0x1F, 0xFF,
    0x80, 0xEF, 0xFF, 0xC3, 0xF7, 0x0E, 0x07, 0xFF, 0xC7, 0x03, 0xEF, 0xFF, 0xF9, 0x87, 0x1F, 0xFC,
    0x01, 0x07, 0xFE, 0x00, 0x00, 0x00, 0x06, 0x03, 0x80, 0x0F, 0x01, 0xC0, 0x0E, 0x7F, 0xFF, 0x0E,
    0x7F, 0xFF, 0x1C, 0x7F, 0xFF, 0x1D, 0x70, 0x07, 0x3B, 0xFF, 0xFF, 0x73, 0x9F, 0xFF, 0x7F, 0x3F,
    0xFF, 0x7F, 0x38, 0x70, 0x6E, 0x38, 0xF0, 0x1E, 0x7B, 0xFF, 0x1C, 0xFB, 0xFF, 0x3F, 0xFB, 0x87,
    0x7F, 0xFB, 0x87, 0x7C, 0x3B, 0xFF, 0x60, 0x3B, 0xFF, 0x03, 0xBB, 0xFF, 0x1F, 0xBB, 0x87, 0x7F,
    0x3B, 0x87, 0x7C, 0x3B, 0xFF, 0x60, 0x3B, 0xFF, 0x00, 0x3B, 0x87, 0x00, 0x00, 0x00, 0xFF, 0xFF,
    0xFF, 0xFF, 0xFF, 0xFF, 0xFF, 0xFF, 0xC0, 0x00, 0x7E, 0x1C, 0x3B, 0xF0, 0xE1, 0xDF, 0xE7, 0xEE,
    0xFF, 0xBF, 0x77, 0xFF, 0xDF, 0xBF, 0x7C, 0xF9, 0xF9, 0xE3, 0xCF, 0xC7, 0x0E, 0x7E, 0x7C, 0xFB,
    0xF3, 0xF7, 0xFF, 0xBF, 0xFF, 0xFD, 0xCB, 0xBF, 0xFE, 0x3C, 0xBF, 0xE3, 0xC1, 0xFE, 0x1C, 0x0F,
    0xC0, 0x07, 0xFE, 0x00, 0x3F, 0xF0, 0x01, 0xFC, 0x00, 0x00, 0x00, 0x3F, 0xFF, 0xF8, 0xFF, 0xFF,
    0xF9, 0xFF, 0xFF, 0xF3, 0xCE, 0x38, 0xE7, 0xFF, 0xFF, 0xCF, 0xFF, 0xFF, 0x80, 0x0E, 0x00, 0x7F,
    0xFF, 0xFE, 0xFF, 0xFF, 0xFC, 0xFF, 0xFF, 0xF8, 0x7F, 0xFF, 0xC0, 0xFF, 0xFF, 0x81, 0xC0, 0x07,
    0x03, 0xFF, 0xFE, 0x07, 0xFF, 0xFC, 0x0F, 0xFF, 0xF8, 0x1F, 0xFF, 0xF0, 0x38, 0x00, 0xE0, 0x7F,
    0xFF, 0xC0, 0xFF, 0xFF, 0x8F, 0xFF, 0xFF, 0xFF, 0xFF, 0xFF, 0xFF, 0xFF, 0xFF, 0x80, 0x07, 0xF0,
    0x00, 0x7F, 0xFF, 0xFF, 0x7F, 0xEF, 0xFF, 0x33, 0x70, 0xC7, 0x3B, 0x60, 0xC7, 0x7F, 0xFE, 0xF7,
    0x7F, 0xFE, 0xFF, 0x7F, 0xF6, 0xDF, 0x0F, 0xC7, 0xDF, 0x1F, 0xF7, 0xDF, 0x3F, 0x7B, 0xDF, 0x7B,
    0x31, 0xC7, 0x73, 0x01, 0xCF, 0x7F, 0xF3, 0xDF, 0x3F, 0xF7, 0xFF, 0x33, 0x3F, 0xFF, 0x3F, 0xFE,
    0xF7, 0x3F, 0xF0, 0xC7, 0x3F, 0xF0, 0xC7, 0x33, 0x70, 0xC7, 0x3F, 0xF0, 0xC7, 0x3F, 0xF7, 0xDF,
    0x30, 0x33, 0xDE, 0x00, 0x00, 0x00, 0x00, 0x00, 0x00, 0x00, 0x70, 0x00, 0x00, 0x70, 0x0E, 0x0F,
    0xFF, 0xDE, 0x1F, 0xFF, 0xFC, 0x1F, 0xFF, 0xF8, 0x00, 0x70, 0xF0, 0x00, 0x71, 0xE0, 0x7F, 0xFF,
    0xFF, 0x7F, 0xFF, 0xFF, 0x7F, 0xFF, 0xFF, 0x00, 0x7C, 0x00, 0x01, 0xF8, 0x00, 0x07, 0xFF, 0xF8,
    0x3F, 0xFF, 0xF8, 0x7F, 0xFF, 0xF8, 0x7B, 0x80, 0x38, 0x23, 0xFF, 0xF8, 0x03, 0xFF, 0xF8, 0x03,
    0x80, 0x38, 0x03, 0x80, 0x38, 0x03, 0xFF, 0xF8, 0x03, 0xFF, 0xF8, 0x03, 0xFF, 0xF8, 0x01, 0x00,
    0x00, 0x00, 0x00, 0x00, 0x1E, 0x0F, 0x00, 0x1D, 0x8F, 0x08, 0x3D, 0xCF, 0x7C, 0x79, 0xEF, 0xFC,
    0x7F, 0xEF, 0xF0, 0xFF, 0xFF, 0x80, 0xFF, 0xFF, 0x0E, 0x60, 0x6F, 0x0E, 0x3F, 0xCF, 0xFE, 0x7F,
    0xE7, 0xFE, 0x7F, 0xE7, 0xFC, 0x70, 0xE6, 0x00, 0x7F, 0xEF, 0x00, 0x7F, 0xEF, 0x3C, 0x7F, 0xEF,
    0xFC, 0x70, 0xEF, 0xF8, 0x7F, 0xEF, 0xE0, 0x7F, 0xEF, 0x04, 0x7F, 0xEF, 0x06, 0x70, 0xEF, 0x07,
    0x73, 0xEF, 0xFE, 0x77, 0xE7, 0xFE, 0x73, 0xC7, 0xFC, 0x00, 0x00, 0x00, 0x00, 0x00, 0x00, 0x3F,
    0x83, 0x80, 0x3F, 0x83, 0xC0, 0x3F, 0x81, 0xC0, 0x3B, 0xFF, 0xFF, 0x3B, 0xFF, 0xFF, 0x3B, 0xFF,
    0xFF, 0x3F, 0x80, 0x30, 0x3F, 0xB8, 0x76, 0x3F, 0xBE, 0x7E, 0x3B, 0xBF, 0x7E, 0x3B, 0xBF, 0xEE,
    0x33, 0xBB, 0xEE, 0x3F, 0xB9, 0xCE, 0x3F, 0xB9, 0xEE, 0x3F, 0xBB, 0xFE, 0x33, 0xBF, 0xFE, 0x73,
    0xBF, 0x3E, 0x73, 0xBE, 0x3E, 0x73, 0xBE, 0x0E, 0x73, 0xBF, 0xFE, 0x77, 0xBF, 0xFE, 0xE7, 0xBF,
    0xFE, 0x67, 0x80, 0x0E, 0x00, 0x00, 0x00, 0x3F, 0x1C, 0x00, 0x3F, 0x9C, 0x7F, 0x3F, 0x9C, 0x7F,
    0x33, 0xFF, 0x7F, 0x33, 0xFF, 0x77, 0x33, 0xFF, 0x77, 0x3F, 0x9C, 0x77, 0x3F, 0x9C, 0x77, 0x3F,
    0x9C, 0x77, 0x33, 0xFF, 0xF7, 0x33, 0xFF, 0xF7, 0x33, 0xFF, 0xF7, 0x3F, 0x98, 0x77, 0x3F, 0xBA,
    0x77, 0x3F, 0xBF, 0x77, 0x73, 0xBF, 0x77, 0x73, 0xB3, 0x7F, 0x73, 0xFF, 0xFF, 0x73, 0xFF, 0xFE,
    0x73, 0xFF, 0xF0, 0x67, 0xE1, 0xF0, 0xEF, 0x00, 0x70, 0x6F, 0x00, 0x70, 0x00, 0x00, 0x00, 0x00,
    0x00, 0x00, 0x3C, 0x00, 0x07, 0x80, 0x00, 0xE0, 0x0F, 0xFF, 0xFF, 0xFF, 0xFF, 0xFF, 0xFF, 0xFF,
    0x80, 0x07, 0xF0, 0x00, 0xFF, 0xFF, 0xFF, 0xFF, 0xFF, 0xFF, 0xFF, 0xFF, 0x00, 0x0F, 0xE0, 0x01,
    0xFC, 0x00, 0x3F, 0xFF, 0xFF, 0xFF, 0xFF, 0xFF, 0xFF, 0xFF, 0xC0, 0x03, 0xF8, 0x00, 0x7F, 0xFF,
    0xFF, 0xFF, 0xFF, 0xFF, 0xFF, 0xFF, 0x80, 0x07, 0x60, 0x00, 0x00, 0x7F, 0xFF, 0xFD, 0xFF, 0xFF,
    0xF9, 0xFF, 0xFF, 0xF0, 0x1E, 0x1C, 0x00, 0x78, 0x3C, 0x01, 0xE0, 0x7C, 0x07, 0x9F, 0xFC, 0x1F,
    0xFF, 0xFC, 0x3F, 0xFF, 0xFC, 0x7F, 0x70, 0x38, 0x00, 0xE0, 0x00, 0x01, 0xC0, 0x03, 0xFF, 0xFF,
    0x87, 0xFF, 0xFF, 0x0F, 0xFF, 0xFE, 0x00, 0x1C, 0x00, 0x00, 0x38, 0x00, 0x00, 0x70, 0x00, 0x00,
    0xE0, 0x07, 0xFF, 0xFF, 0xFF, 0xFF, 0xFF, 0xFF, 0xFF, 0xFF, 0xC0, 0x00, 0x00, 0x00, 0x00, 0x70,
    0x00, 0x00, 0x78, 0x00, 0x00, 0x7F, 0xF8, 0x00, 0x7F, 0xFC, 0x00, 0x7C, 0x1E, 0x00, 0x7C, 0x1E,
    0x00, 0x7F, 0xFF, 0xF0, 0x7F, 0xFF, 0xFC, 0x3F, 0xFF, 0xFE, 0x0F, 0x87, 0x07, 0x01, 0xC3, 0x83,
    0x80, 0xE1, 0xC1, 0xC0, 0x7F, 0xFF, 0xE0, 0x3F, 0xFF, 0xF0, 0x1F, 0xFF, 0xF8, 0x0E, 0x00, 0x1C,
    0x07, 0x00, 0x00, 0x03, 0x80, 0x01, 0xC1, 0xC0, 0x00, 0xE0, 0xE0, 0x00, 0x70, 0x7F, 0xFF, 0xF8,
    0x3F, 0xFF, 0xF8, 0x07, 0xFF, 0xF8, 0x00, 0x00, 0x00, 0x07, 0x07, 0x80, 0x0E, 0x0F, 0x07, 0xFF,
    0xFF, 0xFF, 0xFF, 0xFF, 0xFF, 0xFF, 0xFF, 0xC0, 0xE0, 0xF0, 0x01, 0xC1, 0xE0, 0x03, 0x83, 0x80,
    0x7F, 0xFF, 0xE1, 0xFF, 0xFF, 0xE3, 0xFF, 0xFF, 0xC3, 0xFF, 0xFF, 0x80, 0x3C, 0x07, 0x00, 0x78,
    0x0E, 0x00, 0xF0, 0x1C, 0x01, 0xE0, 0x38, 0x03, 0xC0, 0x70, 0x07, 0x9F, 0xE0, 0x0F, 0x1F, 0xC0,
    0x1E, 0x3F, 0x00, 0x3C, 0x00, 0x00, 0x78, 0x00, 0x00, 0xF0, 0x00, 0x00, 0x00, 0x00, 0x01, 0x80,
    0xC0, 0x03, 0xC1, 0xE0, 0x03, 0xC1, 0xE0, 0x7F, 0xFF, 0xFF, 0x7F, 0xFF, 0xFF, 0x7F, 0xFF, 0xFF,
    0x03, 0xF1, 0xE0, 0x01, 0xF9, 0xC0, 0x00, 0x78, 0x00, 0x7F, 0xFF, 0xFF, 0x7F, 0xFF, 0xFF, 0x7F,
    0xFF, 0xFF, 0x01, 0xE0, 0x00, 0x03, 0xC0, 0x00, 0x07, 0xFF, 0xFC, 0x0F, 0xFF, 0xFC, 0x1F, 0xFF,
    0xFC, 0x3F, 0x80, 0x1C, 0x7F, 0x80, 0x1C, 0x7B, 0x80, 0x1C, 0x23, 0xFF, 0xFC, 0x03, 0xFF, 0xFC,
    0x03, 0xFF, 0xFC, 0x03, 0x80, 0x1C, 0x00, 0x00, 0x00, 0x00, 0x00, 0x00, 0x01, 0xC0, 0xF0, 0x00,
    0xF0, 0x78, 0x0F, 0xFF, 0xFF, 0xE7, 0xFF, 0xFF, 0xF1, 0xFF, 0xFF, 0xF0, 0x0E, 0x77, 0x80, 0x07,
    0x39, 0x80, 0x00, 0x1C, 0x00, 0x0F, 0xFF, 0xFE, 0x07, 0xFF, 0xFF, 0x03, 0xFF, 0xFF, 0x81, 0xE1,
    0xC3, 0xC0, 0xF0, 0xE1, 0xE0, 0x78, 0xF0, 0xF0, 0xFF, 0xFF, 0xFE, 0x7F, 0xFF, 0xFF, 0x1F, 0xFF,
    0xFF, 0x00, 0x1F, 0xC0, 0x00, 0x3E, 0xF8, 0x00, 0x7E, 0x3F, 0x01, 0xFE, 0x0F, 0xF9, 0xFC, 0x01,
    0xFC, 0x78, 0x00, 0x3C, 0x00, 0x00, 0x00, 0x00, 0x00, 0x00, 0x00, 0x07, 0x83, 0xC0, 0x07, 0x83,
    0xC0, 0xFF, 0xFF, 0xFE, 0xFF, 0xFF, 0xFE, 0x7F, 0xFF, 0xFC, 0x07, 0x83, 0xC0, 0x13, 0x01, 0x80,
    0x3C, 0x7F, 0xF8, 0x3E, 0x7F, 0xF8, 0x0F, 0x7F, 0xF8, 0x06, 0x70, 0x38, 0x60, 0x70, 0x38, 0xF8,
    0x70, 0x38, 0x7C, 0x70, 0x38, 0x1C, 0x73, 0xF8, 0x03, 0x71, 0xF8, 0x07, 0x71, 0xE0, 0x0F, 0x70,
    0x04, 0x1E, 0x70, 0x0E, 0x3C, 0x70, 0x0E, 0x78, 0x7F, 0xFE, 0x70, 0x7F, 0xFE, 0x60, 0x3F, 0xFC,
    0x00, 0x00, 0x00, 0x01, 0x80, 0xC0, 0x03, 0x80, 0xE0, 0x7F, 0xFF, 0xFF, 0x7F, 0xFF, 0xFF, 0x7F,
    0xFF, 0xFF, 0x03, 0xE0, 0xE0, 0x03, 0xF0, 0xE0, 0x7F, 0xFF, 0xFE, 0x7F, 0xFF, 0xFF, 0x7F, 0xFF,
    0xFF, 0x03, 0xC0, 0x00, 0x07, 0x9F, 0xF8, 0x0F, 0x3F, 0xFC, 0x1F, 0x3F, 0xFC, 0x3F, 0x00, 0xF8,
    0x7F, 0x01, 0xE0, 0xFF, 0x7F, 0xFF, 0x7F, 0xFF, 0xFF, 0x0F, 0xFF, 0xFF, 0x0F, 0x01, 0xC0, 0x0F,
    0x01, 0xC0, 0x0F, 0x01, 0xC0, 0x0F, 0x0F, 0xC0, 0x0F, 0x0F, 0xC0, 0x06, 0x00, 0x00, 0x01, 0x80,
    0xC0, 0x01, 0xC1, 0xC0, 0x7F, 0xFF, 0xFF, 0x7F, 0xFF, 0xFF, 0x7F, 0xFF, 0xFF, 0x01, 0xC1, 0xC0,
    0x01, 0xC1, 0xC0, 0x3D, 0x81, 0xF8, 0x3F, 0xC1, 0xFC, 0x0F, 0x81, 0xDE, 0x1F, 0x01, 0xCE, 0x7F,
    0xFF, 0xFF, 0x7B, 0xFF, 0xFF, 0x23, 0xFF, 0xFF, 0x07, 0x83, 0xC0, 0x0F, 0x83, 0xE0, 0x3F, 0x83,
    0xE0, 0x7F, 0x87, 0xF0, 0x7B, 0x87, 0x70, 0x23, 0x8F, 0x78, 0x03, 0x9E, 0x3C, 0x1F, 0xBC, 0x1F,
    0x1F, 0xF8, 0x0F, 0x1F, 0x70, 0x06, 0x00, 0x00, 0x00, 0x01, 0x80, 0xC0, 0x00, 0xE0, 0xE0, 0x1F,
    0xFF, 0xFF, 0xCF, 0xFF, 0xFF, 0xE7, 0xFF, 0xFF, 0xF0, 0x0E, 0x0E, 0x00, 0x07, 0x3F, 0xE0, 0x7F,
    0xFF, 0xF8, 0x3F, 0xFF, 0xF0, 0x1F, 0xFC, 0x0E, 0x07, 0x0E, 0x07, 0x03, 0xC7, 0x87, 0x80, 0xE1,
    0xC7, 0x80, 0x38, 0xE3, 0x80, 0x10, 0x70, 0xC0, 0xFF, 0xFF, 0xFE, 0x7F, 0xFF, 0xFF, 0x3F, 0xFF,
    0xFF, 0x80, 0x7F, 0xF0, 0x00, 0xFF, 0xFE, 0x03, 0xF9, 0xCF, 0xE3, 0xF8, 0xE3, 0xF9, 0xF0, 0x70,
    0x7C, 0x60, 0x38, 0x0C, 0x00, 0x08, 0x00, 0x00, 0x01, 0x80, 0xC0, 0x01, 0xE0, 0xE0, 0x1F, 0xFF,
    0xFF, 0xCF, 0xFF, 0xFF, 0xE7, 0xFF, 0xFF, 0xF0, 0x1E, 0x0E, 0x00, 0x67, 0x3F, 0x00, 0x7C, 0x3F,
    0xF8, 0x1F, 0x3F, 0xFE, 0x03, 0xBF, 0xFE, 0x00, 0xBF, 0x9E, 0x0E, 0x3F, 0xFE, 0x07, 0xCC, 0x7E,
    0x01, 0xF0, 0xFF, 0xC0, 0x73, 0xFF, 0xFC, 0x03, 0xF8, 0x7E, 0x02, 0xFF, 0xFF, 0x03, 0xBF, 0xFE,
    0x03, 0xDF, 0xFF, 0x03, 0xCE, 0x03, 0x83, 0xC7, 0x01, 0xC3, 0xE3, 0xFF, 0xE1, 0xE1, 0xFF, 0xF0,
    0x60, 0xE0, 0x38, 0x00, 0x00, 0x00, 0x00, 0x00, 0x00, 0x00, 0x07, 0x07, 0x03, 0xFF, 0xFF, 0xFF,
    0xFF, 0xFF, 0xFF, 0xFF, 0xFF, 0xE0, 0x70, 0x70, 0x00, 0xE1, 0xC0, 0x1D, 0xC3, 0x80, 0x3B, 0x8F,
    0xFC, 0x77, 0x1F, 0xF8, 0xEE, 0x7F, 0xF1, 0xDC, 0xEF, 0x03, 0xBB, 0xCE, 0x07, 0x77, 0x1E, 0x0E,
    0xE0, 0x1C, 0x00, 0xC0, 0x30, 0x3F, 0xFF, 0xF8, 0x7F, 0xFF, 0xF0, 0xE3, 0x18, 0xE1, 0xC6, 0x31,
    0xC3, 0x8C, 0x63, 0x9F, 0xFF, 0xFF, 0xFF, 0xFF, 0xFF, 0xFF, 0xFF, 0xFF, 0x00, 0x00, 0x00, 0x00,
    0xE0, 0xE0, 0x1F, 0xFF, 0xFF, 0xCF, 0xFF, 0xFF, 0xE7, 0xFF, 0xFF, 0xF0, 0x0E, 0x0F, 0xF0, 0x00,
    0x03, 0xB8, 0x6F, 0xFF, 0xFE, 0x37, 0xFF, 0xFF, 0x1B, 0x80, 0x70, 0x0D, 0xFF, 0xFB, 0x87, 0xFF,
    0xFD, 0xC3, 0xFE, 0xCE, 0xE1, 0xFF, 0xFF, 0xE0, 0x1F, 0xFD, 0xF0, 0xFF, 0xC6, 0xF8, 0x7F, 0xFF,
    0x78, 0x1B, 0xFF, 0xBC, 0x0D, 0xFF, 0xDC, 0x06, 0xFF, 0xFE, 0x63, 0x6F, 0xFF, 0xBB, 0xF7, 0xFF,
    0xFD, 0xFB, 0x8F, 0x7C, 0xD8, 0x07, 0x1E, 0x00, 0x00, 0x00, 0x00, 0x00, 0x00, 0x00, 0x03, 0x80,
    0x00, 0x07, 0x9F, 0xFF, 0x0F, 0x1F, 0xFF, 0x3E, 0x1F, 0xFF, 0x7C, 0x00, 0x00, 0x79, 0x80, 0x00,
    0x73, 0xC0, 0x00, 0x07, 0x80, 0x00, 0x07, 0xBF, 0xFF, 0x0F, 0x3F, 0xFF, 0x1F, 0x3F, 0xFF, 0x3F,
    0x00, 0x78, 0xFF, 0x00, 0x78, 0x7F, 0x00, 0x78, 0x6F, 0x00, 0x78, 0x0F, 0x00, 0x78, 0x0F, 0x00,
    0x78, 0x0F, 0x00, 0x78, 0x0F, 0x00, 0x78, 0x0F, 0x00, 0x78, 0x0F, 0x07, 0xF8, 0x0F, 0x07, 0xF8,
    0x0F, 0x03, 0xF0, 0x06, 0x00, 0x00, 0x00, 0x08, 0x00, 0x00, 0x0E, 0x00, 0x07, 0xFF, 0xFF, 0x07,
    0xFF, 0xFF, 0xC3, 0xFF, 0xFF, 0xE0, 0x00, 0xE0, 0x00, 0x3F, 0xFF, 0xF0, 0x3F, 0xFF, 0xF8, 0x1F,
    0xFF, 0xFC, 0x00, 0x0E, 0x00, 0x1F, 0xFF, 0xFF, 0xCF, 0xFF, 0xFF, 0xE7, 0xFF, 0xFF, 0xF0, 0x0F,
    0xF8, 0x60, 0x0F, 0x9C, 0x78, 0x1F, 0x8F, 0x7C, 0x7F, 0x83, 0xF8, 0x3F, 0xC1, 0xF8, 0x1E, 0xE0,
    0x7C, 0x00, 0x73, 0xDF, 0x00, 0x3F, 0xE7, 0xE0, 0x3F, 0xF1, 0xF8, 0x1F, 0xC0, 0x3C, 0x0F, 0x00,
    0x04, 0x00, 0x00, 0x00, 0x00, 0x00, 0x00, 0x00, 0x0E, 0x00, 0xE0, 0x07, 0x80, 0x70, 0x01, 0xC0,
    0x38, 0x00, 0xE3, 0xFF, 0xF3, 0xFD, 0xFF, 0xF9, 0xFE, 0xFF, 0xFC, 0xFF, 0x73, 0x8E, 0x07, 0x39,
    0xCE, 0x03, 0x9C, 0xE7, 0x03, 0xBF, 0xFF, 0x01, 0xFF, 0xFF, 0xC1, 0xFF, 0xFF, 0xE1, 0xFD, 0xF0,
    0x71, 0xFE, 0xFC, 0x71, 0xFF, 0xFE, 0x38, 0x6F, 0xFB, 0xB8, 0x07, 0x79, 0xFC, 0x03, 0x9C, 0x7C,
    0x01, 0xCE, 0x3E, 0x00, 0xEF, 0x3F, 0xC0, 0x77, 0x7D, 0xF8, 0x3F, 0xFC, 0x7C, 0x1D, 0xB8, 0x0E,
    0x00, 0x00, 0x00, 0x00, 0x00, 0x00, 0x00, 0x01, 0xC1, 0xE8, 0x00, 0xE0, 0xFE, 0x07, 0xFF, 0xFF,
    0x83, 0xFF, 0xFD, 0xE1, 0xFF, 0xCE, 0x70, 0x0E, 0x07, 0x10, 0xFF, 0xFF, 0xFE, 0x7F, 0xFF, 0xFF,
    0x3F, 0xFF, 0xFF, 0x80, 0xE0, 0x70, 0x00, 0x38, 0x39, 0xC7, 0xFF, 0xFC, 0xE3, 0xFF, 0xFE, 0xE0,
    0x1E, 0x27, 0x70, 0x1F, 0x3B, 0xF0, 0x3F, 0xFC, 0xF8, 0x3F, 0x7C, 0x78, 0x1F, 0x9E, 0x3C, 0xC5,
    0xCF, 0xBE, 0x60, 0xFC, 0xFF, 0x30, 0xFE, 0x7F, 0xF8, 0x3C, 0x3C, 0xFC, 0x10, 0x1C, 0x3C, 0x00,
    0x00, 0x00, 0x00, 0x00, 0x00, 0x00, 0x01, 0xC0, 0xE0, 0x0C, 0xE0, 0x70, 0x0F, 0x70, 0x38, 0x03,
    0xFF, 0xFF, 0xF0, 0xFF, 0xFF, 0xF8, 0x0E, 0xFF, 0xF8, 0x0F, 0x03, 0x80, 0x1F, 0x81, 0xC0, 0x3F,
    0xDF, 0xFF, 0x1E, 0xEF, 0xFF, 0x8C, 0x77, 0xFF, 0xC0, 0x39, 0xC0, 0x00, 0x00, 0xE0, 0x01, 0xFF,
    0xFF, 0xFC, 0xFF, 0xFF, 0xFE, 0x00, 0xFE, 0x0C, 0x01, 0xF3, 0x9F, 0x0F, 0xE1, 0xFF, 0x0F, 0xF0,
    0x7E, 0x07, 0xB9, 0xFF, 0x00, 0x1F, 0xF7, 0xF8, 0x1F, 0xF0, 0xFC, 0x0F, 0x80, 0x1C, 0x00, 0x00,
    0x00, 0x00, 0x18, 0x00, 0x00, 0x0E, 0x31, 0xFF, 0x03, 0x9C, 0xFF, 0x81, 0xCE, 0x71, 0xC7, 0xF3,
    0xBF, 0xE3, 0xFD, 0xDF, 0xF1, 0xFC, 0x4F, 0xF8, 0x0E, 0x07, 0x1C, 0x0E, 0xFB, 0xFE, 0x07, 0xFD,
    0xFF, 0x07, 0xFE, 0xFF, 0x83, 0xE7, 0x7C, 0x43, 0xF3, 0xBF, 0xF3, 0xF9, 0xDD, 0xF3, 0xFE, 0xEE,
    0xF0, 0xFA, 0x77, 0xF8, 0x1C, 0x3B, 0xFE, 0x0E, 0x1F, 0xF3, 0x87, 0x0F, 0xE1, 0x83, 0x8F, 0x80,
    0x01, 0xCF, 0xFF, 0xF8, 0xEF, 0x3F, 0xF8, 0x73, 0x07, 0xFC, 0x00, 0x00, 0x00, 0x7F, 0xFF, 0xFD,
    0xFF, 0xFF, 0xFF, 0xFF, 0xFF, 0xF8, 0x0E, 0x38, 0x03, 0xFF, 0xFF, 0x8F, 0xFF, 0xFF, 0x9F, 0xFF,
    0xFF, 0x3C, 0xE3, 0x8E, 0x79, 0xC7, 0x1C, 0xFF, 0xFF, 0xF9, 0xFF, 0xFF, 0xF1, 0xFF, 0xFF, 0xE0,
    0x1E, 0x00, 0x1F, 0xFF, 0xFF, 0xFF, 0xFF, 0xFF, 0xFF, 0xFF, 0xFF, 0x07, 0x03, 0xC0, 0x1F, 0xCF,
    0x00, 0x7F, 0xFC, 0x00, 0x1F, 0xFE, 0x03, 0xFF, 0xFF, 0x9F, 0xFE, 0x7F, 0x9F, 0xC0, 0x1E, 0x00,
    0x00, 0x00, 0x1F, 0xFF, 0xF0, 0x3F, 0xFF, 0xE0, 0x7F, 0xFF, 0xC0, 0xE0, 0x03, 0x81, 0xC3, 0x87,
    0x03, 0x87, 0x0E, 0x07, 0x0E, 0x1C, 0x0E, 0x3C, 0x38, 0x1C, 0x78, 0x70, 0x38, 0xF0, 0xE0, 0x71,
    0xE1, 0xC0, 0xE3, 0x83, 0x81, 0xC7, 0xC7, 0x03, 0x8F, 0xCE, 0x07, 0x3F, 0x9C, 0x00, 0xFF, 0x04,
    0x01, 0xFE, 0x0E, 0x0F, 0xBC, 0x1C, 0x7E, 0x78, 0x3F, 0xF8, 0xFF, 0xFF, 0xE0, 0xFF, 0xCF, 0x00,
    0xFF, 0x00, 0x00, 0x00, 0x00, 0x00, 0x00, 0x00, 0x03, 0x8E, 0x01, 0xC7, 0x1C, 0x03, 0x8E, 0x7F,
    0xF7, 0x1C, 0xFF, 0xEE, 0x39, 0xFF, 0xDC, 0x77, 0x78, 0x38, 0xFE, 0x70, 0x71, 0xF8, 0xF0, 0xE3,
    0xB0, 0xE0, 0x06, 0x00, 0x80, 0xFF, 0xFF, 0x81, 0xFF, 0xFF, 0x03, 0x80, 0x0E, 0x07, 0x0E, 0x1C,
    0x0E, 0x1C, 0x38, 0x1C, 0x38, 0x70, 0x38, 0xFC, 0xE0, 0x71, 0xF9, 0xC0, 0x07, 0xF0, 0x60, 0x3E,
    0xE0, 0xE7, 0xF9, 0xFF, 0xDF, 0xC3, 0xFF, 0x3E, 0x03, 0xFE, 0x00, 0x00, 0x00, 0x00, 0x00, 0x00,
    0x07, 0x00, 0x00, 0x03, 0x83, 0xFF, 0xC3, 0xFD, 0xFF, 0xE1, 0xFE, 0x7F, 0xF1, 0xE7, 0x0E, 0x38,
    0xE7, 0x07, 0x1C, 0xFF, 0xE7, 0x1C, 0x7F, 0xF7, 0xBE, 0x3D, 0xFF, 0x9F, 0x0E, 0xCD, 0xCE, 0x07,
    0xFE, 0x7E, 0x03, 0xFF, 0x7F, 0xE1, 0xFF, 0xBF, 0xF8, 0xEC, 0xDF, 0xFC, 0x76, 0x7C, 0xE0, 0x3F,
    0xF6, 0x70, 0x1F, 0xFB, 0xFF, 0x8F, 0xFF, 0xFF, 0xC7, 0x66, 0xFF, 0xE3, 0x33, 0x07, 0x03, 0x9F,
    0x83, 0x81, 0xCF, 0xC1, 0xC0, 0xC1, 0xE0, 0xE0, 0x00, 0x00, 0x00, 0x00, 0x00, 0x00, 0x00, 0x07,
    0x00, 0x70, 0x03, 0x80, 0x38, 0x03, 0xFC, 0x1C, 0x01, 0xFE, 0x0E, 0x01, 0xEE, 0x7F, 0xF0, 0xE7,
    0x3F, 0xF8, 0xFF, 0xFF, 0xFC, 0x7F, 0xFE, 0xE6, 0x3D, 0xBF, 0x73, 0x0E, 0xDF, 0xB9, 0x87, 0xFF,
    0xDC, 0xC3, 0xFF, 0xEE, 0x61, 0xFF, 0xFF, 0xF0, 0xED, 0xFF, 0xF8, 0x76, 0xEF, 0xFC, 0x3F, 0xF0,
    0xEC, 0x1F, 0xF8, 0x77, 0x0E, 0xDC, 0x3B, 0x86, 0x6E, 0x1D, 0xC3, 0x37, 0xFF, 0xF3, 0x9B, 0xFF,
    0xF9, 0xCF, 0xFF, 0x8E, 0xC7, 0xC0, 0x06, 0x00, 0x00, 0x00, 0x00, 0x00, 0x00, 0x00, 0x00, 0xF0,
    0x00, 0x01, 0xE0, 0x00, 0x01, 0xE0, 0x0F, 0xFF, 0xFF, 0xFF, 0xFF, 0xFF, 0xFF, 0xFF, 0xFF, 0x80,
    0x00, 0x00, 0x1F, 0xFF, 0xF0, 0x3F, 0xFF, 0xE0, 0x3F, 0xFF, 0x80, 0x00, 0x00, 0x01, 0xFF, 0xFF,
    0x03, 0xFF, 0xFE, 0x03, 0xFF, 0xF8, 0x00, 0x00, 0x00, 0x1F, 0xFF, 0xF0, 0x3F, 0xFF, 0xE0, 0x7F,
    0xFF, 0xC0, 0xE0, 0x03, 0x81, 0xC0, 0x07, 0x03, 0xFF, 0xFE, 0x07, 0xFF, 0xFC, 0x0F, 0xFF, 0xF8,
    0x08, 0x00, 0x00, 0x00, 0x00, 0x00, 0x18, 0x03, 0x80, 0x3C, 0x03, 0x80, 0x3E, 0x03, 0x80, 0x0F,
    0x03, 0x80, 0x07, 0x03, 0x80, 0x02, 0x03, 0x80, 0x00, 0x03, 0x80, 0xFC, 0x03, 0x80, 0xFE, 0xFF,
    0xFE, 0xFE, 0xFF, 0xFE, 0x1E, 0xFF, 0xFE, 0x1E, 0x03, 0x80, 0x1E, 0x03, 0x80, 0x1E, 0x03, 0x80,
    0x1E, 0x03, 0x80, 0x1E, 0x03, 0x80, 0x1E, 0xC3, 0x80, 0x1F, 0xC3, 0x80, 0x1F, 0xC3, 0x80, 0x1F,
    0x83, 0x80, 0x3E, 0x03, 0x80, 0x1C, 0x03, 0x80, 0x18, 0x03, 0x80, 0x00, 0x00, 0x00, 0x00, 0x00,
    0x00, 0x18, 0x03, 0x80, 0x3C, 0x03, 0x80, 0x1E, 0x03, 0x80, 0x0F, 0x03, 0x80, 0x07, 0x03, 0x80,
    0x02, 0x03, 0x80, 0x00, 0x03, 0x80, 0xFE, 0x03, 0x80, 0xFE, 0x03, 0x80, 0xFE, 0x03, 0x80, 0x0E,
    0x07, 0x80, 0x0E, 0x07, 0xC0, 0x0E, 0x07, 0xC0, 0x0E, 0x07, 0xC0, 0x0E, 0x07, 0xE0, 0x0E, 0x0F,
    0xE0, 0x0F, 0xCE, 0xF0, 0x0F, 0xDE, 0x70, 0x0F, 0x9C, 0x78, 0x1F, 0x3C, 0x3C, 0x1E, 0x78, 0x3E,
    0x18, 0xF0, 0x1E, 0x00, 0x60, 0x0E, 0x00, 0x00, 0x00, 0x10, 0x06, 0x00, 0x78, 0x0E, 0x1C, 0x3C,
    0xE7, 0x1C, 0x1C, 0xE7, 0x1C, 0x1E, 0xE3, 0x9C, 0x0C, 0xF3, 0xBC, 0x00, 0x73, 0x38, 0xFC, 0x70,
    0x38, 0xFC, 0x70, 0x38, 0xFC, 0x38, 0x70, 0x1C, 0x38, 0x70, 0x1C, 0x3C, 0xF0, 0x1C, 0x1C, 0xE0,
    0x1C, 0x1F, 0xE0, 0x1C, 0x0F, 0xC0, 0x1C, 0x0F, 0xC0, 0x1D, 0x87, 0x80, 0x1F, 0x8F, 0xC0, 0x1F,
    0x9F, 0xE0, 0x1F, 0x3F, 0xF8, 0x3E, 0xF8, 0x7E, 0x39, 0xF0, 0x3F, 0x11, 0xE0, 0x0E, 0x00, 0x80,
    0x00, 0x10, 0x00, 0x00, 0x38, 0x7F, 0xFC, 0x3C, 0x7F, 0xFC, 0x1E, 0x7F, 0xFC, 0x0F, 0x00, 0x1C,
    0x06, 0x00, 0x1C, 0x00, 0x00, 0x1C, 0xFC, 0x00, 0x1C, 0xFE, 0x00, 0x1C, 0xFE, 0x3F, 0xFC, 0x1E,
    0x3F, 0xFC, 0x0E, 0x3F, 0xFC, 0x0E, 0x38, 0x1C, 0x0E, 0x38, 0x18, 0x0E, 0x38, 0x00, 0x0E, 0x38,
    0x00, 0x0E, 0xB8, 0x04, 0x0F, 0xB8, 0x0E, 0x1F, 0xF8, 0x0E, 0x1F, 0xB8, 0x0E, 0x1E, 0x3F, 0xFE,
    0x1C, 0x3F, 0xFE, 0x18, 0x1F, 0xFC, 0x10, 0x1F, 0xE0, 0x38, 0x1F, 0xF0, 0x3C, 0x1F, 0xF0, 0x1E,
    0x1C, 0x70, 0x0E, 0x1C, 0x70, 0x04, 0x38, 0x70, 0x00, 0x38, 0x70, 0xFC, 0x78, 0x7E, 0xFD, 0xF0,
    0x7E, 0xFC, 0xE0, 0x3E, 0x1C, 0xFF, 0xF0, 0x1C, 0xFF, 0xFC, 0x1C, 0xFF, 0xFC, 0x1C, 0x70, 0x38,
    0x1C, 0x38, 0x78, 0x1C, 0x3C, 0x70, 0x1D, 0x9E, 0xF0, 0x1F, 0x8F, 0xE0, 0x1F, 0x87, 0xC0, 0x1F,
    0x1F, 0xE0, 0x3C, 0xFF, 0xFC, 0x39, 0xFC, 0xFE, 0x10, 0xE0, 0x1E, 0x00, 0x00, 0x00, 0x30, 0x00,
    0x00, 0x78, 0xFF, 0xFE, 0x7C, 0xFF, 0xFE, 0x1E, 0xFF, 0xFE, 0x0E, 0x01, 0xC0, 0x04, 0x01, 0xC0,
    0x00, 0x01, 0xC0, 0xFC, 0x01, 0xC0, 0xFC, 0x79, 0xC0, 0xFC, 0x79, 0xC0, 0x1C, 0x79, 0xFE, 0x1C,
    0x79, 0xFE, 0x1C, 0x79, 0xFC, 0x1C, 0x79, 0xC0, 0x1C, 0x79, 0xC0, 0x1C, 0x79, 0xC0, 0x1F, 0xF9,
    0xC0, 0x1F, 0xF9, 0xC0, 0x1F, 0xF9, 0xC0, 0x1E, 0x79, 0xC0, 0x3D, 0xFF, 0xFF, 0x39, 0xFF, 0xFF,
    0x10, 0xFF, 0xFE, 0x00, 0x00, 0x00, 0xF1, 0xFF, 0xFD, 0xF3, 0xFF, 0xF8, 0xF7, 0xFF, 0xF0, 0xE0,
    0x00, 0xE0, 0x9F, 0xFD, 0xC0, 0x3F, 0xFB, 0xFE, 0x3F, 0xF7, 0xFC, 0x00, 0x0F, 0xF8, 0xFF, 0x1C,
    0x71, 0xFF, 0x38, 0xE3, 0xFE, 0x71, 0xC7, 0x1C, 0xE3, 0x8E, 0x39, 0xC7, 0x1C, 0x73, 0x8E, 0x3F,
    0xE7, 0x1D, 0xFF, 0xCE, 0x3F, 0xFF, 0x9C, 0x7F, 0xC0, 0x38, 0xFB, 0x80, 0x73, 0xC0, 0x0F, 0xE7,
    0x00, 0x1F, 0x84, 0x00, 0x3F, 0x00, 0x00, 0x00, 0x10, 0x01, 0xD8, 0x38, 0x01, 0xFC, 0x3C, 0x01,
    0xDE, 0x1E, 0x01, 0xCE, 0x0E, 0x01, 0xEC, 0x05, 0xFF, 0xFE, 0x01, 0xFF, 0xFE, 0xFC, 0xFF, 0xFE,
    0xFC, 0x00, 0xE0, 0xFC, 0x00, 0xE0, 0x1C, 0xFE, 0xE0, 0x1C, 0xFF, 0xE0, 0x1C, 0xFE, 0xE0, 0x1C,
    0x38, 0xE0, 0x1C, 0x38, 0xE0, 0x1C, 0x38, 0xE0, 0x1C, 0x38, 0xF4, 0x1F, 0xBF, 0x77, 0x1F, 0xBF,
    0x77, 0x1F, 0xFF, 0x7E, 0x3E, 0xF8, 0x7E, 0x38, 0xC0, 0x3E, 0x10, 0x00, 0x1C, 0x00, 0x00, 0x00,
    0x18, 0x0E, 0x00, 0x3C, 0x1E, 0x00, 0x1E, 0x1C, 0x00, 0x0F, 0x3F, 0xFF, 0x07, 0x3F, 0xFF, 0x06,
    0x7F, 0xFF, 0x00, 0x70, 0x07, 0x7E, 0xF8, 0x07, 0x7E, 0xFF, 0xE7, 0x7E, 0x7F, 0xE7, 0x0E, 0x38,
    0xE7, 0x0E, 0x38, 0xE7, 0x0E, 0x3F, 0xE7, 0x0E, 0x3F, 0xE7, 0x0E, 0x38, 0xEF, 0x0E, 0x38, 0xEE,
    0x0F, 0xFF, 0xEE, 0x0F, 0xFF, 0xEE, 0x0F, 0xB8, 0x0E, 0x1F, 0x38, 0x0E, 0x1E, 0x01, 0xFE, 0x1C,
    0x01, 0xFC, 0x00, 0x00, 0xFC, 0x00, 0x00, 0x00, 0x18, 0x1C, 0x0E, 0x3C, 0x1E, 0x1E, 0x3E, 0x0E,
    0x1C, 0x0F, 0x0F, 0x3C, 0x07, 0x3F, 0xFF, 0x02, 0x3F, 0xFF, 0x00, 0x3F, 0xFF, 0x7E, 0x01, 0xE0,
    0x7E, 0x01, 0xE0, 0x7E, 0x1F, 0xFE, 0x0E, 0x3F, 0xFE, 0x0E, 0x3F, 0xFE, 0x0E, 0x01, 0xE0, 0x0E,
    0x01, 0xE0, 0x0E, 0x01, 0xE0, 0x0E, 0x7F, 0xFF, 0x0E, 0xFF, 0xFF, 0x0F, 0xFF, 0xFF, 0x0F, 0xC1,
    0xE0, 0x0F, 0x81, 0xE0, 0x1F, 0x01, 0xE0, 0x1C, 0x01, 0xE0, 0x08, 0x01, 0xE0, 0x00, 0x00, 0xC0,
    0x20, 0xFF, 0xFC, 0x79, 0xFF, 0xFE, 0x7D, 0xFF, 0xFE, 0x3E, 0x0E, 0x00, 0x1E, 0x0E, 0x00, 0x0C,
    0xFF, 0xF8, 0x00, 0xFF, 0xF8, 0xFC, 0x7F, 0xF8, 0xFC, 0x1C, 0x38, 0xFC, 0x1C, 0x38, 0x1D, 0xFF,
    0xFE, 0x1D, 0xFF, 0xFE, 0x1D, 0xFF, 0xFE, 0x1C, 0x00, 0x00, 0x1C, 0x7F, 0xFC, 0x1C, 0xFF, 0xFC,
    0x1D, 0xFF, 0xFC, 0x1F, 0xF0, 0x1C, 0x1F, 0xF0, 0x1C, 0x3F, 0xF0, 0x1C, 0x3E, 0xFF, 0xFC, 0x38,
    0xFF, 0xFC, 0x10, 0xFF, 0xFC, 0x00, 0x60, 0x00, 0x18, 0x00, 0x00, 0x1E, 0x1F, 0xFF, 0x07, 0x8F,
    0xFF, 0x81, 0xE7, 0x01, 0xC0, 0x73, 0x80, 0xE0, 0x31, 0xC0, 0x70, 0x00, 0xFF, 0xF8, 0xFC, 0x7F,
    0xFC, 0x7E, 0x00, 0x00, 0x3F, 0x00, 0x00, 0x03, 0x8F, 0xFF, 0xC1, 0xC7, 0xFF, 0xE0, 0xE3, 0xFF,
    0xE0, 0x70, 0x0E, 0x00, 0x39, 0xFF, 0xFC, 0x1C, 0xFF, 0xFE, 0x0E, 0x7F, 0xFF, 0x07, 0xE1, 0xF0,
    0x03, 0xF1, 0xFC, 0x01, 0xF1, 0xEF, 0x01, 0xF7, 0xE3, 0xF0, 0x67, 0xE0, 0xF8, 0x21, 0xC0, 0x38,
    0x00, 0x00, 0x00, 0x00, 0x00, 0x00, 0x30, 0x70, 0x78, 0x78, 0x78, 0x78, 0x3C, 0x3C, 0x70, 0x1E,
    0x1C, 0xF0, 0x0E, 0x7F, 0xF8, 0x0C, 0xFF, 0xFC, 0x00, 0xFF, 0xFC, 0xFC, 0xE0, 0x3C, 0xFC, 0xE0,
    0x3C, 0xFC, 0xE0, 0x3C, 0x1C, 0xE0, 0x3C, 0x1C, 0xFF, 0xFC, 0x1C, 0xFF, 0xFC, 0x1C, 0x7F, 0xF8,
    0x1C, 0x1D, 0xE0, 0x1D, 0x9D, 0xE0, 0x1F, 0xBD, 0xE0, 0x1F, 0xFD, 0xE4, 0x1F, 0xB9, 0xE6, 0x3E,
    0x79, 0xEE, 0x3D, 0xF0, 0xFE, 0x3B, 0xE0, 0xFE, 0x11, 0xC0, 0xFC, 0x00, 0x00, 0x00, 0x00, 0x00,
    0x00, 0x0C, 0x00, 0xE0, 0x0F, 0x1F, 0xFF, 0x83, 0xCF, 0xFF, 0xE0, 0xF7, 0xFF, 0xF0, 0x39, 0xFF,
    0xE0, 0x08, 0xFF, 0xF8, 0x00, 0x7F, 0xFC, 0x7E, 0x01, 0xC0, 0x3F, 0x7F, 0xFF, 0x9F, 0xBF, 0xFF,
    0xC1, 0xC0, 0x00, 0x00, 0xE3, 0xFF, 0xE0, 0x71, 0xFF, 0xF0, 0x38, 0xE0, 0x38, 0x1C, 0x7F, 0xFC,
    0x0E, 0x3F, 0xFE, 0x07, 0x7C, 0x07, 0x03, 0xFF, 0xFF, 0x81, 0xFF, 0xFF, 0xC0, 0xFB, 0xFF, 0xE0,
    0xF1, 0xC0, 0x70, 0x70, 0xE1, 0xF0, 0x10, 0x70, 0xF8, 0x00, 0x00, 0x00, 0x00, 0x00, 0x00, 0x00,
    0x0C, 0x00, 0xE0, 0x0F, 0x00, 0x70, 0x03, 0xC7, 0xFF, 0xC0, 0xF3, 0xFF, 0xE0, 0x38, 0x0E, 0x00,
    0x08, 0x07, 0x00, 0x00, 0xFF, 0xFE, 0x7E, 0x7F, 0xFF, 0x3F, 0x00, 0x67, 0x1F, 0x87, 0x73, 0x81,
    0xC3, 0xF9, 0xC0, 0xE7, 0x7C, 0x40, 0x73, 0xCE, 0x00, 0x38, 0x77, 0x00, 0x1D, 0xFF, 0xFE, 0x0E,
    0xFF, 0xFF, 0x07, 0x7F, 0xFF, 0x83, 0xE1, 0xEC, 0x01, 0xF0, 0xFF, 0x00, 0xF1, 0xF3, 0xC0, 0xF3,
    0xF0, 0xF0, 0x73, 0xF0, 0x3C, 0x10, 0xE0, 0x0E, 0x00, 0x00, 0x00, 0x00, 0x30, 0x7F, 0xFC, 0xF1,
    0xFF, 0xFD, 0xF3, 0xFF, 0xF8, 0xF7, 0x1C, 0x70, 0xEE, 0x38, 0xE1, 0x9D, 0xFD, 0xC0, 0x3B, 0xFB,
    0xFE, 0x77, 0xF7, 0xFC, 0xE3, 0x8F, 0xF9, 0xFF, 0xFC, 0x73, 0xFF, 0xF8, 0xE7, 0xFF, 0x71, 0xCE,
    0x00, 0xE3, 0x9F, 0xFD, 0xC7, 0x3F, 0xFB, 0x8E, 0x7E, 0x77, 0x1F, 0xFC, 0xEE, 0x3F, 0xBF, 0xDC,
    0x7F, 0x7F, 0xB9, 0xFE, 0xE0, 0x73, 0xFC, 0x87, 0xE7, 0x70, 0x0F, 0x84, 0x60, 0x1F, 0x00, 0x00,
    0x00, 0x00, 0x01, 0xC0, 0x1F, 0xF8, 0xE0, 0x0F, 0xFC, 0xF0, 0x07, 0xFE, 0x70, 0x03, 0x37, 0x3F,
    0xF1, 0xBB, 0xBF, 0xF8, 0xDD, 0xDF, 0xFC, 0x6E, 0xEE, 0x18, 0x37, 0x7F, 0x1C, 0x1B, 0xBF, 0x8E,
    0x0D, 0xDF, 0xC7, 0x06, 0xEF, 0xF3, 0x83, 0x77, 0x39, 0x81, 0xBB, 0x9D, 0xC0, 0xDD, 0xC7, 0xE0,
    0x6E, 0xE3, 0xE0, 0x37, 0x70, 0xF0, 0x07, 0xE0, 0x78, 0x03, 0xF8, 0x7E, 0x03, 0x9C, 0x7F, 0x83,
    0xC7, 0x79, 0xF3, 0xC3, 0xF8, 0x79, 0xC0, 0x98, 0x1C, 0x00, 0x00, 0x00, 0x00, 0x0E, 0x00, 0x1F,
    0xF7, 0x07, 0x0F, 0xFB, 0x87, 0x86, 0x1D, 0xC3, 0x83, 0x6E, 0xE3, 0xC1, 0xB7, 0x73, 0xC0, 0xDB,
    0xBB, 0xC0, 0x6D, 0xDF, 0xC0, 0x36, 0xEE, 0xC0, 0x1B, 0x7F, 0xFF, 0x8D, 0xBF, 0xFF, 0xC6, 0xDF,
    0xFF, 0xE3, 0x6E, 0xE6, 0x01, 0xB7, 0x73, 0x80, 0xDB, 0xB9, 0xC0, 0x7D, 0xDC, 0xF0, 0x3E, 0xCE,
    0x38, 0x07, 0xC7, 0x1E, 0x07, 0xE3, 0x9F, 0x03, 0xB9, 0xFF, 0xC3, 0x8E, 0xFE, 0xF3, 0x87, 0xFC,
    0x39, 0x80, 0x38, 0x08, 0x00, 0x00, 0x00, 0x00, 0x00, 0x00, 0x03, 0x80, 0x00, 0x01, 0xC1, 0xFF,
    0x87, 0xFE, 0xFF, 0xC7, 0xFF, 0x3F, 0xE3, 0xFF, 0x80, 0x70, 0x1C, 0x00, 0x38, 0x0E, 0x00, 0x1C,
    0x7F, 0xFF, 0xFE, 0x3F, 0xFF, 0xFF, 0x1F, 0xFF, 0xFF, 0x80, 0x70, 0xE1, 0xC3, 0xB8, 0x70, 0x01,
    0xDF, 0xB8, 0x00, 0xEF, 0xFC, 0x0C, 0x77, 0xFE, 0x0E, 0x3B, 0x87, 0x07, 0x1D, 0xC3, 0xFF, 0x9F,
    0xE0, 0xFF, 0xCF, 0xF0, 0x7F, 0xC7, 0xFC, 0x00, 0x03, 0xBF, 0xFF, 0xFF, 0xCF, 0xFF, 0xFD, 0xC0,
    0xFF, 0xFE, 0x20, 0x00, 0x00, 0x00, 0x00, 0x00, 0x00, 0x03, 0x80, 0x03, 0x01, 0xC3, 0xFF, 0xC7,
    0xFF, 0xFF, 0xE7, 0xFF, 0x1C, 0x73, 0xFF, 0x8E, 0x78, 0x1C, 0x0E, 0x38, 0x0E, 0x07, 0x1C, 0x7F,
    0xF7, 0x7E, 0x3F, 0xFF, 0x9F, 0x1F, 0xFF, 0x8E, 0x00, 0x70, 0xFF, 0xC3, 0xB8, 0x7F, 0xE1, 0xDF,
    0x3F, 0xF0, 0xEF, 0xDC, 0x38, 0x77, 0xEE, 0x1C, 0x3B, 0x87, 0x0E, 0x1D, 0xC3, 0xFF, 0x1F, 0xE1,
    0xFF, 0x8F, 0xF0, 0xFF, 0xC7, 0xFC, 0x00, 0x03, 0xBF, 0xFF, 0xFB, 0x8F, 0xFF, 0xFC, 0xC0, 0xFF,
    0xFE, 0x00, 0x00, 0x00, 0x00, 0x1F, 0xFF, 0xF8, 0x1F, 0xFF, 0xF8, 0x1F, 0xFF, 0xF8, 0x1C, 0x00,
    0x38, 0x1C, 0x00, 0x38, 0x1C, 0x00, 0x38, 0x1F, 0xFF, 0xF8, 0x1F, 0xFF, 0xF8, 0x1F, 0xFF, 0xF8,
    0x00, 0x38, 0x00, 0x0E, 0x38, 0x00, 0x0E, 0x38, 0x00, 0x0E, 0x3F, 0xFC, 0x1E, 0x3F, 0xFC, 0x1E,
    0x3F, 0xF8, 0x1E, 0x38, 0x00, 0x3F, 0x38, 0x00, 0x3F, 0xF8, 0x00, 0x7B, 0xF8, 0x00, 0xF1, 0xFF,
    0xFE, 0xF0, 0x7F, 0xFE, 0x60, 0x1F, 0xFE, 0x00, 0x00, 0x00, 0x3F, 0x80, 0x1C, 0x1F, 0xE1, 0xFF,
    0x0F, 0xF7, 0xFF, 0x86, 0x3B, 0xFC, 0x03, 0x1C, 0x8E, 0x01, 0x8E, 0x07, 0x00, 0xFF, 0x03, 0x80,
    0x7F, 0x81, 0xC0, 0x3F, 0xC0, 0xE0, 0x03, 0x8F, 0xFF, 0x81, 0xC7, 0xFF, 0xCE, 0xE3, 0xFF, 0xE7,
    0x7C, 0x1E, 0x03, 0xBE, 0x0F, 0x81, 0xDF, 0x07, 0xC0, 0xEE, 0x03, 0xE0, 0x77, 0x03, 0xF8, 0x3B,
    0xE3, 0xDC, 0x1D, 0xF9, 0xEF, 0x0F, 0xFD, 0xE3, 0xCF, 0xF3, 0xE0, 0xF3, 0xC1, 0xE0, 0x7C, 0x00,
    0xE0, 0x1C, 0x00, 0x00, 0x00, 0x00, 0x00, 0x00, 0x1F, 0xE3, 0x80, 0x0F, 0xF3, 0xC0, 0x07, 0xF9,
    0xFF, 0xC3, 0x1D, 0xFF, 0xE1, 0x8E, 0xFF, 0xF0, 0xC7, 0xF0, 0x38, 0x7F, 0xF0, 0x1C, 0x3F, 0xFF,
    0xEE, 0x1F, 0xEF, 0xF7, 0x01, 0xC7, 0xFB, 0x80, 0xE3, 0x9D, 0xC7, 0x71, 0xCE, 0xE3, 0xBE, 0xE7,
    0x71, 0xDF, 0x7F, 0xB8, 0xEE, 0x3F, 0xFC, 0x77, 0x1C, 0x7E, 0x3B, 0x8E, 0x3E, 0x1D, 0xFF, 0x00,
    0x0F, 0xFF, 0x80, 0x67, 0xFF, 0xC0, 0x3F, 0xF8, 0xFF, 0xF9, 0xE0, 0x7F, 0xFC, 0x00, 0x1F, 0xFC,
    0x3F, 0xC0, 0x00, 0x1F, 0xFF, 0xFF, 0x8F, 0xFF, 0xFF, 0xC6, 0x1F, 0xFF, 0xE3, 0x0F, 0xE0, 0x01,
    0x87, 0xF0, 0x00, 0xFF, 0xFF, 0xF0, 0x7F, 0xFF, 0xFC, 0x3F, 0xFF, 0xFE, 0x03, 0x8F, 0xFF, 0x01,
    0xC7, 0x83, 0x86, 0xE3, 0xC1, 0xC7, 0x7F, 0xE0, 0xE3, 0xBF, 0xFF, 0xF1, 0xDF, 0xFF, 0xF8, 0xEE,
    0x3F, 0xFC, 0x77, 0x1E, 0x00, 0x3B, 0xFF, 0x00, 0x1D, 0xFF, 0x80, 0x0F, 0xFF, 0xFF, 0xEF, 0xF9,
    0xFF, 0xFB, 0xC0, 0xFF, 0xFC, 0x00, 0x3F, 0xFC, 0x3F, 0xC4, 0x00, 0x1F, 0xFF, 0xFF, 0x0F, 0xFF,
    0xFF, 0x86, 0x1F, 0x81, 0xC3, 0x0F, 0xC0, 0xE1, 0x87, 0xFF, 0xF0, 0xFF, 0xFF, 0xF8, 0x7F, 0xFF,
    0xFC, 0x3F, 0xFC, 0x0E, 0x03, 0x8E, 0x07, 0x01, 0xC7, 0xFF, 0x8E, 0xE3, 0xFF, 0xC7, 0x7F, 0xFF,
    0xE3, 0xBF, 0xE7, 0x39, 0xDC, 0x73, 0xBC, 0xEE, 0x38, 0xFC, 0x77, 0x1C, 0x7C, 0x3B, 0xBE, 0x3C,
    0x1D, 0xFF, 0x0F, 0x0F, 0xFF, 0xFF, 0xCF, 0xF9, 0xFD, 0xF3, 0xC1, 0xFE, 0x78, 0x00, 0x70, 0x18,
    0x00, 0x00, 0x00, 0x00, 0x02, 0x20, 0x00, 0x03, 0xB8, 0x0F, 0xF1, 0xDC, 0x07, 0xF8, 0xEE, 0x03,
    0xFF, 0x77, 0x71, 0x8F, 0xFB, 0xB8, 0xC7, 0xFD, 0xFC, 0x73, 0xFE, 0xFC, 0x3F, 0xDF, 0x7E, 0x1F,
    0xEF, 0xBE, 0x01, 0xC5, 0xDE, 0x06, 0xE0, 0xEE, 0x03, 0x7C, 0x77, 0x81, 0xBE, 0x7B, 0xE0, 0xDF,
    0xFD, 0xFC, 0x6E, 0xFE, 0xFF, 0x37, 0x7F, 0x77, 0x1B, 0x97, 0x39, 0x0D, 0xF3, 0x9C, 0x07, 0xFB,
    0xCE, 0x77, 0xFD, 0xC7, 0x3B, 0xF1, 0xE3, 0xFD, 0x81, 0xE1, 0xFC, 0x00, 0x60, 0x7E, 0x00, 0x00,
    0x00, 0x00, 0x00, 0x00, 0x00, 0x07, 0x00, 0x70, 0x03, 0x80, 0x38, 0x0F, 0xFD, 0xFF, 0xC7, 0xFF,
    0xFF, 0xF3, 0xFF, 0xFF, 0xF8, 0x70, 0x07, 0x00, 0x3E, 0x03, 0x80, 0x1F, 0xBF, 0xFF, 0x1F, 0xDF,
    0xFF, 0x8F, 0xEF, 0xFF, 0xCF, 0xFC, 0xF0, 0x07, 0xFE, 0x70, 0x03, 0xFF, 0x3F, 0xF0, 0x1E, 0x3F,
    0xF8, 0x0F, 0x0F, 0xFC, 0x07, 0xF0, 0x3C, 0x3F, 0xF9, 0x3C, 0x1F, 0xF9, 0xFC, 0x0F, 0xF0, 0xFE,
    0x00, 0x78, 0x1F, 0x00, 0x3C, 0x07, 0xC0, 0x1E, 0x00, 0xF0, 0x0F, 0x00, 0x30, 0x00, 0x00, 0x00,
    0x00, 0x00, 0x00, 0x00, 0x0E, 0x00, 0x00, 0x0E, 0x1F, 0xFE, 0x7F, 0xFF, 0xFE, 0x7F, 0xEF, 0xFC,
    0x7F, 0xE0, 0x3C, 0x1C, 0x00, 0x78, 0x1F, 0x00, 0xF0, 0x1F, 0x83, 0xF0, 0x3B, 0x87, 0xFC, 0x3B,
    0x9F, 0xBF, 0x7F, 0xFE, 0x1F, 0x7F, 0xFC, 0x06, 0x7F, 0xEF, 0xFE, 0x03, 0x9F, 0xFE, 0x03, 0x9F,
    0xFE, 0x07, 0xE0, 0xE0, 0x7F, 0xE0, 0xE0, 0x7F, 0xE0, 0xE0, 0x7F, 0x80, 0xE0, 0x03, 0x80, 0xE0,
    0x03, 0xBF, 0xFF, 0x03, 0xBF, 0xFF, 0x03, 0xBF, 0xFF, 0x03, 0x00, 0x00, 0x03, 0x83, 0xB0, 0x7F,
    0xFB, 0xF8, 0x7F, 0xFB, 0xBC, 0x7F, 0xFB, 0x9C, 0x03, 0x83, 0x88, 0xFF, 0xFF, 0xFE, 0xFF, 0xFF,
    0xFE, 0xFF, 0xFF, 0xFE, 0x0E, 0x03, 0x98, 0xFF, 0xFF, 0x9C, 0xFF, 0xFF, 0x9C, 0xFF, 0xFF, 0xBC,
    0x39, 0xC3, 0xB8, 0x7B, 0xC3, 0xF8, 0x7F, 0xF9, 0xF0, 0x7F, 0xF9, 0xF0, 0x01, 0xC1, 0xE0, 0x01,
    0xFD, 0xE6, 0xFF, 0xFF, 0xE7, 0xFF, 0xFF, 0xE6, 0xFF, 0xCF, 0xFE, 0x01, 0xDF, 0x7E, 0x01, 0xCE,
    0x3C, 0x00, 0x00, 0x00, 0x00, 0x00, 0x00, 0x07, 0x00, 0xE0, 0x03, 0x80, 0x78, 0x0F, 0xF8, 0x1C,
    0x07, 0xFD, 0xFF, 0xF3, 0xFE, 0xFF, 0xF8, 0x70, 0x7F, 0xFC, 0x3E, 0x0E, 0x38, 0x1B, 0x87, 0x1C,
    0x1D, 0xC7, 0x87, 0x0E, 0xE3, 0x83, 0xCF, 0xFF, 0xC2, 0xE7, 0xFF, 0xF1, 0xF3, 0xFE, 0x79, 0xF0,
    0x0E, 0x0E, 0xE0, 0x07, 0x07, 0xF0, 0x03, 0xE1, 0xF0, 0x3F, 0xF0, 0xF8, 0x1F, 0xF8, 0x7C, 0x0F,
    0xF0, 0x7F, 0x00, 0x38, 0x7F, 0xC0, 0x1C, 0xF9, 0xF8, 0x0E, 0xF8, 0x7C, 0x07, 0x38, 0x0C, 0x00,
    0x00, 0x00, 0x00, 0x00, 0x00, 0x00, 0x0E, 0x00, 0xF0, 0x07, 0x00, 0xF8, 0x0F, 0xF0, 0xFE, 0x07,
    0xFC, 0xFF, 0x83, 0xFF, 0xF1, 0xF0, 0x61, 0xF8, 0x7E, 0x74, 0xFF, 0xFE, 0x3F, 0x7F, 0xFF, 0x1F,
    0x80, 0x00, 0x1D, 0xCF, 0xE5, 0xCF, 0xF7, 0xF6, 0xE7, 0xFF, 0xFB, 0x73, 0xFD, 0xFD, 0xB8, 0x1C,
    0xFE, 0xDC, 0x0E, 0x7F, 0x6E, 0x07, 0xF9, 0xB7, 0x3F, 0xFF, 0xDB, 0x9F, 0xEF, 0xED, 0xCF, 0xE7,
    0x36, 0xE0, 0x73, 0x98, 0x70, 0x39, 0xCC, 0x38, 0x1C, 0xFE, 0xFC, 0x0E, 0x7F, 0x3C, 0x00, 0x00,
    0x00, 0x00, 0x18, 0x07, 0x00, 0x1E, 0x03, 0x80, 0x0F, 0x81, 0xC0, 0x03, 0xC0, 0xE0, 0x00, 0xFF,
    0xFF, 0xF0, 0x27, 0xFF, 0xF8, 0x03, 0xFF, 0xF8, 0x00, 0x0E, 0x1C, 0x7E, 0x07, 0x0E, 0x3F, 0x07,
    0x87, 0x1F, 0x83, 0xC3, 0x81, 0xC1, 0xC1, 0xC0, 0xE1, 0xE0, 0xE0, 0x70, 0xE0, 0x70, 0x38, 0xF0,
    0x38, 0x1C, 0xF0, 0x3C, 0x0E, 0xF9, 0xFE, 0x07, 0x78, 0xFE, 0x0F, 0xD8, 0x3E, 0x0F, 0xF8, 0x00,
    0x0F, 0xBF, 0xFF, 0xFB, 0x8F, 0xFF, 0xF9, 0x81, 0xFF, 0xFC, 0x00, 0x00, 0x00, 0x00, 0x00, 0x00,
    0x08, 0x01, 0xC0, 0x0E, 0x00, 0xE0, 0x07, 0x80, 0x70, 0x01, 0xC0, 0x38, 0x00, 0xF7, 0xFF, 0xF8,
    0x3B, 0xFF, 0xFC, 0x01, 0xFF, 0xFE, 0x00, 0x03, 0x80, 0x00, 0x03, 0xC0, 0x1F, 0x81, 0xF0, 0x0F,
    0xC0, 0xFC, 0x07, 0xE0, 0xFE, 0x00, 0x70, 0x77, 0x80, 0x38, 0x79, 0xE0, 0x1C, 0x78, 0x78, 0x0E,
    0x7C, 0x1E, 0x07, 0x7C, 0x07, 0x83, 0xBC, 0x01, 0x87, 0xE8, 0x00, 0x87, 0xFE, 0x00, 0x13, 0xDF,
    0xFF, 0xF9, 0xC3, 0xFF, 0xFC, 0x40, 0x3F, 0xFE, 0x10, 0x00, 0x78, 0x1C, 0x00, 0x3C, 0x0F, 0x00,
    0x1E, 0x03, 0xC0, 0x0F, 0x00, 0xFF, 0xFF, 0xF0, 0x77, 0xFF, 0xF8, 0x03, 0xFF, 0xFC, 0x00, 0x00,
    0xF0, 0x00, 0x30, 0x78, 0x3F, 0x3C, 0x3C, 0x1F, 0x8F, 0x1E, 0x0F, 0xC3, 0x8F, 0x00, 0xE1, 0xE7,
    0x80, 0x70, 0x73, 0xC0, 0x38, 0x01, 0xE0, 0x1C, 0x00, 0xF0, 0x0E, 0x07, 0xF8, 0x07, 0x03, 0xF8,
    0x0F, 0xE0, 0xF8, 0x0F, 0xFF, 0x07, 0xEF, 0xBF, 0xFF, 0xF3, 0x87, 0xFF, 0xF8, 0x80, 0x7F, 0xF8,
    0x00, 0x00, 0x00, 0x08, 0x00, 0x7F, 0x0E, 0x0F, 0xFF, 0xC7, 0x87, 0xFF, 0x81, 0xE3, 0xF0, 0x00,
    0x79, 0xC0, 0x00, 0x18, 0xE0, 0x00, 0x00, 0x70, 0x00, 0x00, 0x3F, 0xFF, 0x1E, 0x1F, 0xFF, 0x9F,
    0x8F, 0xFF, 0xCF, 0xC7, 0x0E, 0x07, 0xE3, 0x87, 0x00, 0x73, 0xC3, 0x80, 0x39, 0xE1, 0xC0, 0x1C,
    0xE0, 0xE0, 0x0E, 0x70, 0x70, 0x07, 0x78, 0x38, 0x03, 0xB8, 0x1C, 0x07, 0xEC, 0x0E, 0x07, 0xFE,
    0x00, 0x33, 0xDF, 0xFF, 0xF9, 0xC3, 0xFF, 0xFC, 0x40, 0x7F, 0xFE, 0x10, 0x00, 0x3C, 0x1C, 0x3F,
    0xFF, 0x0F, 0x1F, 0xFF, 0x83, 0xCF, 0xF8, 0x01, 0xE7, 0x00, 0x00, 0x63, 0x80, 0x00, 0x01, 0xFF,
    0xF8, 0x00, 0xFF, 0xFC, 0x00, 0x7F, 0xFC, 0x3F, 0x3A, 0x0E, 0x1F, 0x9F, 0xCF, 0x0F, 0xCF, 0xF7,
    0x00, 0xE7, 0x3F, 0x80, 0x77, 0x8F, 0x80, 0x3B, 0x87, 0xC0, 0x1D, 0xCF, 0xF8, 0x0F, 0xFF, 0xBE,
    0x07, 0xEF, 0x8F, 0x07, 0xE7, 0x03, 0x0F, 0xF8, 0x00, 0x2F, 0xBF, 0xFF, 0xF3, 0x8F, 0xFF, 0xF8,
    0x80, 0xFF, 0xF8, 0x18, 0x00, 0x00, 0x1E, 0x7F, 0xFF, 0x8F, 0xBF, 0xFF, 0xC3, 0xFF, 0xFF, 0xE0,
    0xF0, 0x3C, 0x00, 0x30, 0x1E, 0x00, 0x00, 0x1E, 0x00, 0x00, 0x1F, 0x00, 0x7E, 0x1F, 0xF0, 0x3F,
    0x0F, 0xFC, 0x1F, 0x9F, 0xFF, 0x01, 0xDF, 0x77, 0xC0, 0xFF, 0x39, 0xF0, 0x7F, 0x1C, 0x78, 0x3B,
    0x0E, 0x18, 0x1C, 0x07, 0x00, 0x0E, 0x03, 0x80, 0x07, 0x01, 0xC0, 0x0F, 0xC0, 0xE0, 0x0F, 0xF8,
    0x70, 0x0F, 0xFF, 0xFF, 0xFF, 0x8F, 0xFF, 0xF9, 0x81, 0xFF, 0xFC, 0x00, 0x00, 0x00, 0x00, 0x00,
    0x00, 0x00, 0x03, 0x80, 0x0C, 0x01, 0xE0, 0x0F, 0x00, 0x70, 0x03, 0xDF, 0xFF, 0xF0, 0xFF, 0xFF,
    0xF8, 0x37, 0xFF, 0xFC, 0x00, 0x00, 0xF0, 0x00, 0x60, 0x70, 0x00, 0x7C, 0x38, 0x1F, 0x9F, 0x38,
    0x0F, 0xC7, 0xFC, 0x07, 0xE0, 0xFC, 0x00, 0x70, 0x3E, 0x00, 0x38, 0x1F, 0x80, 0x1C, 0x3F, 0xF0,
    0x0E, 0x7E, 0x7C, 0x07, 0xFE, 0x1F, 0x03, 0xFC, 0x07, 0x83, 0xF8, 0x01, 0x87, 0xFC, 0x00, 0x13,
    0xFF, 0xFF, 0xF9, 0xC7, 0xFF, 0xFC, 0x40, 0x7F, 0xFE, 0x10, 0x0C, 0x30, 0x1C, 0x0F, 0x3C, 0x0F,
    0x07, 0x9E, 0x03, 0xC3, 0xCF, 0x00, 0xFF, 0xFF, 0xE0, 0x37, 0xFF, 0xF8, 0x03, 0xFF, 0xF8, 0x00,
    0x3C, 0xF0, 0x00, 0x1E, 0x78, 0x3F, 0x0F, 0x3C, 0x1F, 0xBF, 0xFF, 0xCF, 0xDF, 0xFF, 0xE0, 0xEF,
    0xFF, 0xF0, 0x70, 0xE3, 0xC0, 0x38, 0x71, 0xE0, 0x1C, 0x78, 0xF0, 0x0E, 0x78, 0x78, 0x07, 0x38,
    0x3C, 0x07, 0xDC, 0x1C, 0x0F, 0xF8, 0x00, 0x27, 0xBF, 0xFF, 0xF3, 0x87, 0xFF, 0xF8, 0x80, 0x7F,
    0xF8, 0x30, 0x7F, 0xFC, 0x3E, 0x3F, 0xFE, 0x0F, 0x9F, 0xFF, 0x03, 0xE0, 0x00, 0x00, 0x60, 0x00,
    0x00, 0x00, 0x00, 0x00, 0x07, 0xFF, 0xFC, 0xFF, 0xFF, 0xFE, 0x7E, 0xFF, 0xFE, 0x3F, 0x0F, 0x70,
    0x03, 0x87, 0x38, 0x01, 0xC3, 0x9C, 0x00, 0xE1, 0xCE, 0x60, 0x71, 0xE7, 0x38, 0x39, 0xE3, 0x9C,
    0x1F, 0xF1, 0xFE, 0x0F, 0xF0, 0x7F, 0x0F, 0xE0, 0x3F, 0x0F, 0xF0, 0x00, 0x0F, 0xFF, 0xFF, 0xE7,
    0x1F, 0xFF, 0xF1, 0x01, 0xFF, 0xF8, 0x00, 0x00, 0x00, 0x00, 0x00, 0x00, 0x0C, 0x07, 0x80, 0x0E,
    0x03, 0x80, 0x07, 0x9F, 0xFF, 0xC1, 0xEF, 0xFF, 0xF0, 0x77, 0xFF, 0xF0, 0x18, 0xF7, 0x00, 0x00,
    0x73, 0x80, 0x00, 0x79, 0xC0, 0x3F, 0x7F, 0xFF, 0x1F, 0x9F, 0xFF, 0x8F, 0xCF, 0xFF, 0xC0, 0xE0,
    0x1C, 0x00, 0x70, 0x0E, 0x00, 0x3B, 0xFF, 0xFC, 0x1D, 0xFF, 0xFE, 0x0E, 0xFF, 0xFF, 0x07, 0x00,
    0xE0, 0x03, 0x80, 0x70, 0x03, 0xE0, 0x38, 0x07, 0xF8, 0x1C, 0x07, 0xDF, 0xFF, 0xFD, 0xC7, 0xFF,
    0xFC, 0xC0, 0xFF, 0xFE, 0x00, 0x00, 0x00, 0x00, 0x00, 0x10, 0x00, 0x1C, 0x3F, 0xFE, 0x0F, 0x1F,
    0xFF, 0x03, 0xCE, 0x03, 0x80, 0xE7, 0xFF, 0xC0, 0x73, 0xFF, 0xE0, 0x01, 0xFF, 0xF0, 0x00, 0xE0,
    0x38, 0x7C, 0x7F, 0xFC, 0x3F, 0x3F, 0xFE, 0x1F, 0x9F, 0xFF, 0x81, 0xCE, 0x71, 0xE0, 0xE7, 0x3F,
    0xE0, 0x73, 0x8F, 0xC0, 0x39, 0xC3, 0xE0, 0x1C, 0xFF, 0xF8, 0x0E, 0x7F, 0x9E, 0x07, 0x7F, 0x87,
    0x07, 0xDC, 0x01, 0x07, 0xF8, 0x00, 0x07, 0xBF, 0xFF, 0xF3, 0x87, 0xFF, 0xF8, 0x80, 0x7F, 0xFC,
    0x00, 0x00, 0x00, 0x1C, 0x1C, 0x0E, 0x0E, 0x0F, 0x0F, 0x07, 0x83, 0x87, 0x01, 0xE1, 0xE7, 0x80,
    0x73, 0xFF, 0xF0, 0x1B, 0xFF, 0xF8, 0x00, 0xFF, 0xFC, 0x00, 0x03, 0x80, 0x3F, 0x01, 0xC0, 0x1F,
    0xBF, 0xFF, 0xCF, 0xDF, 0xFF, 0xE0, 0xEF, 0xFF, 0xF0, 0x70, 0x1E, 0x00, 0x38, 0x1F, 0x80, 0x1C,
    0x1F, 0xE0, 0x0E, 0x1E, 0x78, 0x07, 0x1F, 0x1E, 0x03, 0xBF, 0x07, 0x87, 0xDE, 0x01, 0x87, 0xFC,
    0x00, 0x07, 0xDF, 0xFF, 0xFF, 0xC7, 0xFF, 0xFC, 0xC0, 0xFF, 0xFE, 0x00, 0x00, 0x00, 0x00, 0x00,
    0x00, 0x7C, 0x3C, 0x3F, 0xFF, 0x1F, 0x1F, 0xFF, 0x07, 0xCF, 0xF8, 0x01, 0xE0, 0x3C, 0x00, 0x67,
    0xFF, 0xF8, 0x07, 0xFF, 0xFC, 0x03, 0xFF, 0xFE, 0x7C, 0x03, 0xC0, 0x7F, 0x01, 0xE0, 0x3F, 0x8F,
    0xFF, 0x0F, 0xCF, 0xFF, 0xC0, 0xE7, 0xFF, 0xE0, 0x73, 0x80, 0xF0, 0x39, 0xC0, 0x78, 0x1C, 0xE0,
    0x3C, 0x0E, 0x7F, 0xFE, 0x07, 0x3F, 0xFF, 0x07, 0xCF, 0xFF, 0x07, 0xF8, 0x00, 0x27, 0xBF, 0xFF,
    0xF3, 0x87, 0xFF, 0xF8, 0x80, 0x7F, 0xFC, 0x00, 0x10, 0x00, 0x00, 0x1C, 0x1E, 0x1C, 0x0F, 0x0E,
    0x0F, 0x03, 0x8F, 0x03, 0xCF, 0xFF, 0xE0, 0xFF, 0xFF, 0xF8, 0x37, 0xFF, 0xFC, 0x00, 0x07, 0x00,
    0x00, 0x73, 0x8E, 0x3F, 0x79, 0xC7, 0x1F, 0xBC, 0xE3, 0x8F, 0xDE, 0x71, 0xC0, 0xEF, 0x38, 0xE0,
    0x77, 0xFF, 0xF0, 0x3B, 0xFF, 0xF8, 0x1C, 0xFF, 0xFC, 0x0E, 0x07, 0x80, 0x07, 0x07, 0x80, 0x03,
    0x87, 0xC0, 0x01, 0xEF, 0xC0, 0x03, 0xFF, 0x80, 0x03, 0xFF, 0xFF, 0xF9, 0xC7, 0xFF, 0xFC, 0xC0,
    0x7F, 0xFE, 0x00, 0x00, 0x00, 0x00, 0x20, 0x23, 0x80, 0xF0, 0x73, 0x80, 0xF8, 0x73, 0x80, 0x7C,
    0xFF, 0xFC, 0x3C, 0xFF, 0xFC, 0x1D, 0xFF, 0xFC, 0x01, 0xC3, 0x80, 0x00, 0xC3, 0x80, 0x01, 0xFF,
    0xFE, 0xFD, 0xFF, 0xFE, 0xFD, 0xFF, 0xFE, 0xFC, 0x1D, 0xE0, 0x1C, 0x3D, 0xE0, 0x1C, 0x3D, 0xE0,
    0x1C, 0x79, 0xE6, 0x1C, 0xF9, 0xEE, 0x1F, 0xF1, 0xFE, 0x1F, 0xE0, 0xFE, 0x1F, 0xC0, 0xFC, 0x7F,
    0x80, 0x00, 0xFF, 0xFF, 0xFE, 0xF1, 0xFF, 0xFE, 0x60, 0x7F, 0xFE, 0x00, 0x00, 0x00, 0x00, 0x00,
    0xF8, 0xF1, 0xFF, 0xFC, 0xF8, 0xFF, 0xF0, 0x7C, 0x07, 0x00, 0x3D, 0xFF, 0xFE, 0x1F, 0xFF, 0xFE,
    0x01, 0xFF, 0xFE, 0x00, 0x3F, 0xE0, 0x00, 0xFF, 0x78, 0xFF, 0xF7, 0x3E, 0xFF, 0xFF, 0xDE, 0xFD,
    0xFF, 0xE4, 0x1C, 0xFF, 0xE0, 0x1C, 0x1C, 0xFC, 0x1C, 0x1D, 0xFC, 0x1C, 0x38, 0x1C, 0x1C, 0x78,
    0x1C, 0x1D, 0xF0, 0xFC, 0x1F, 0xE0, 0xF8, 0x7F, 0x80, 0x60, 0xFF, 0xFF, 0xFE, 0xF1, 0xFF, 0xFE,
    0x60, 0x7F, 0xFE, 0x00, 0x00, 0x00, 0x00, 0x7F, 0xFC, 0x18, 0x3F, 0xFF, 0x1F, 0x1F, 0xFF, 0x87,
    0xC3, 0xCF, 0x81, 0xF1, 0xFF, 0x00, 0x70, 0x3F, 0x00, 0x11, 0xFF, 0xF8, 0x00, 0xFF, 0xFC, 0x00,
    0x71, 0x8E, 0x3F, 0x3F, 0xFF, 0x1F, 0x9F, 0xFF, 0x8F, 0xCF, 0xFF, 0xC0, 0xE7, 0x18, 0xE0, 0x73,
    0xFF, 0xF0, 0x39, 0xFF, 0xF8, 0x1C, 0xFF, 0xFC, 0x0E, 0x71, 0x8E, 0x07, 0x38, 0xDF, 0x07, 0xDC,
    0x6F, 0x87, 0xFC, 0x03, 0x07, 0xBF, 0xFF, 0xF3, 0x87, 0xFF, 0xF8, 0x80, 0xFF, 0xFC, 0x00, 0x00,
    0x00, 0x00, 0x01, 0xC0, 0x0E, 0x00, 0xE0, 0x0F, 0x9F, 0xFF, 0xE3, 0xEF, 0xFF, 0xF0, 0xF7, 0xFF,
    0xF8, 0x38, 0x0E, 0x00, 0x09, 0xFF, 0xFC, 0x00, 0xFF, 0xFE, 0x3F, 0x79, 0xC7, 0x1F, 0xBC, 0xE3,
    0x8F, 0xDF, 0xFF, 0xC7, 0xEF, 0xFF, 0xE0, 0x73, 0xFF, 0xF0, 0x38, 0x3F, 0xC0, 0x1C, 0x3F, 0xF0,
    0x0E, 0x3F, 0xBE, 0x07, 0x7D, 0xCF, 0x83, 0xBC, 0xE3, 0x83, 0xFC, 0x70, 0x83, 0xFC, 0x38, 0x03,
    0xFF, 0xFF, 0xF9, 0xC3, 0xFF, 0xFC, 0x40, 0x7F, 0xFE, 0x00, 0x00, 0x00, 0x0E, 0x00, 0x00, 0x1C,
    0x0F, 0xFB, 0xFF, 0xDF, 0xFF, 0xFF, 0xBF, 0xFF, 0xFF, 0x73, 0x8E, 0x1C, 0xE7, 0x1C, 0x79, 0xCE,
    0x1C, 0xE3, 0xB8, 0x39, 0xC7, 0x73, 0xFF, 0xFF, 0xE7, 0xFF, 0xFD, 0xCF, 0xFF, 0xF9, 0xC0, 0x00,
    0x73, 0x9F, 0xFC, 0xE3, 0xBF, 0xFD, 0xC7, 0x7F, 0xFB, 0x8E, 0xE0, 0xF7, 0x1D, 0xC1, 0xEF, 0xFB,
    0x83, 0xDF, 0xE7, 0xFF, 0xBF, 0x8F, 0xFF, 0x70, 0x1F, 0xFE, 0xE0, 0x38, 0x3D, 0xC0, 0x00, 0x00,
    0x00, 0x07, 0x00, 0x00, 0x03, 0x87, 0xFF, 0x8F, 0xFF, 0xFF, 0xC7, 0xFF, 0xFF, 0xE3, 0xFF, 0xBC,
    0xF0, 0x3B, 0xDE, 0x70, 0x1D, 0xCF, 0x38, 0xFF, 0xFF, 0xB8, 0x7F, 0xFF, 0xDC, 0x3F, 0xFF, 0xFE,
    0x01, 0xE0, 0xFF, 0x01, 0xFF, 0x7B, 0xC3, 0xFF, 0xBC, 0xE7, 0xFF, 0xDE, 0x3B, 0xF0, 0xEF, 0x1C,
    0xFF, 0xF7, 0x8E, 0x1F, 0xFB, 0xC7, 0x0F, 0xFD, 0xFF, 0x87, 0x0E, 0xFF, 0xC3, 0xFF, 0x7F, 0xC1,
    0xFF, 0xBC, 0x00, 0xFF, 0xDE, 0x00, 0x70, 0xEF, 0x00, 0x00, 0x03, 0x00, 0x7F, 0xE0, 0x00, 0xFF,
    0xFF, 0xFE, 0xFF, 0xFF, 0xFE, 0x1F, 0x87, 0xFE, 0x1F, 0x80, 0x0E, 0x7F, 0xE0, 0x0E, 0xFF, 0xE0,
    0x0E, 0xFF, 0xE0, 0x0E, 0xEF, 0x67, 0xFE, 0xEF, 0x6F, 0xFE, 0xEF, 0x6F, 0xFE, 0xFB, 0x6F, 0x1E,
    0xFB, 0xEF, 0x0E, 0xF9, 0xEF, 0x00, 0xE0, 0x6F, 0x00, 0xFF, 0xEF, 0x00, 0xFF, 0xEF, 0x04, 0xFF,
    0xEF, 0x06, 0xE0, 0x6F, 0x07, 0xFF, 0xEF, 0x0E, 0xFF, 0xEF, 0xFE, 0xFF, 0xE7, 0xFE, 0xE0, 0x67,
    0xFC, 0x00, 0x0F, 0xFC, 0xFF, 0xEF, 0xFC, 0xFF, 0xEF, 0xFC, 0x1B, 0x0C, 0x1C, 0x1B, 0x0F, 0xFC,
    0xFF, 0xEF, 0xFC, 0xFF, 0xEF, 0xFC, 0xFF, 0xEE, 0x1C, 0xFB, 0xEF, 0xFC, 0xFB, 0xEF, 0xFC, 0xFB,
    0xEE, 0xE0, 0xFB, 0xEE, 0xE0, 0xFB, 0xEF, 0xFE, 0xF3, 0xFF, 0xFE, 0xE0, 0xFF, 0xFC, 0xFF, 0xF8,
    0xE0, 0xFF, 0xEF, 0xFC, 0xFF, 0xEF, 0xFC, 0xE0, 0xE0, 0xE0, 0xFF, 0xE0, 0xE0, 0xFF, 0xFF, 0xFE,
    0xFF, 0xFF, 0xFF, 0xE0, 0xFF, 0xFE, 0x03, 0xC0, 0x00, 0x3F, 0xFF, 0xFF, 0x9F, 0xF7, 0xFF, 0xCC,
    0xE1, 0xFF, 0xC7, 0x76, 0x71, 0xE3, 0xBF, 0x1D, 0xE0, 0xFF, 0x0F, 0xE0, 0x7F, 0x83, 0xE0, 0x07,
    0x07, 0xFC, 0x3F, 0xFF, 0xDF, 0xDF, 0xFF, 0xB7, 0xC1, 0xE3, 0x1C, 0x60, 0xF8, 0x0E, 0x00, 0xFE,
    0xFF, 0xF0, 0xFF, 0xFF, 0xF8, 0x7F, 0xC1, 0xC0, 0x77, 0x40, 0xE0, 0x7B, 0x9F, 0xFF, 0x99, 0xCF,
    0xFF, 0xC8, 0xE3, 0xFF, 0xE0, 0x70, 0x0E, 0x00, 0x38, 0x07, 0x00, 0x1C, 0x03, 0x80, 0x0C, 0x00,
    0x80, 0x00, 0x00, 0x00, 0x00, 0x3F, 0xE0, 0xFF, 0xFF, 0xC1, 0xFF, 0xFE, 0x00, 0x03, 0x80, 0x1F,
    0xFF, 0xFF, 0xFF, 0xFF, 0xFF, 0xFF, 0xFF, 0xFF, 0x1F, 0xFF, 0xF8, 0x3F, 0xFF, 0xF0, 0x7F, 0xFF,
    0xE0, 0xFF, 0xFF, 0xC1, 0xFF, 0xFF, 0x83, 0xFF, 0xFF, 0x07, 0xFF, 0xFE, 0x0F, 0xFF, 0xFC, 0x1F,
    0xFF, 0xF0, 0x7F, 0xFF, 0xF0, 0xFF, 0xFF, 0xF1, 0xFF, 0xFF, 0xE0, 0x03, 0x80, 0x1F, 0xFF, 0xFF,
    0xFF, 0xFF, 0xFF, 0xFF, 0xFF, 0xFF, 0x1F, 0xFF, 0xF0, 0x3F, 0xFF, 0xE0, 0x70, 0x01, 0xC0, 0xFF,
    0xFF, 0x81, 0xFF, 0xFF, 0x03, 0xFF, 0xFE, 0x07, 0xFF, 0xFC, 0x7F, 0xFF, 0xFF, 0xFF, 0xFF, 0xFF,
    0xFF, 0xFF, 0xFC, 0x7F, 0xFF, 0xE0, 0xFF, 0xFF, 0xC1, 0xC3, 0x87, 0x83, 0xFF, 0xFF, 0x07, 0xFF,
    0xFE, 0x0F, 0xFF, 0xFC, 0x1F, 0xFF, 0xF8, 0x3F, 0xFF, 0xE0, 0xFF, 0xFF, 0xE1, 0xFF, 0xFF, 0xCF,
    0xFF, 0xFF, 0xFF, 0xFF, 0xFF, 0xFF, 0xFF, 0xFF, 0x80, 0x00, 0x00, 0x00, 0x0E, 0x00, 0xE0, 0x1E,
    0x00, 0xE0, 0x1F, 0xE0, 0xE0, 0x3F, 0xE0, 0xE0, 0x7F, 0xE0, 0xE0, 0x70, 0x00, 0xE0, 0x70, 0x00,
    0xE0, 0x7F, 0xC0, 0xE0, 0x3F, 0xFF, 0xFF, 0x1F, 0xFF, 0xFF, 0x07, 0x3F, 0xFF, 0x07, 0x00, 0xE0,
    0x7F, 0xE0, 0xE0, 0x7F, 0xE0, 0xE0, 0x7F, 0xE0, 0xE0, 0x07, 0x00, 0xE0, 0x07, 0x00, 0xE0, 0x07,
    0x20, 0xE0, 0x07, 0xE0, 0xE0, 0x0F, 0xE0, 0xE0, 0x0F, 0xC0, 0xE0, 0x0F, 0x00, 0xE0, 0x0C, 0x00,
    0xE0, 0x00, 0x00, 0x00, 0x00, 0x00, 0x00, 0x0E, 0x00, 0xE0, 0x1E, 0x00, 0xE0, 0x1F, 0xE0, 0xE0,
    0x3F, 0xE0, 0xE0, 0x7F, 0xE0, 0xE0, 0x70, 0x1F, 0xFF, 0x70, 0x1F, 0xFF, 0x7F, 0xDF, 0xFF, 0x3F,
    0xDC, 0xE7, 0x1F, 0xDC, 0xE7, 0x0F, 0x1C, 0xE7, 0x0F, 0x1C, 0xE7, 0x7F, 0xFF, 0xFF, 0x7F, 0xFF,
    0xFF, 0x7F, 0xFF, 0xFF, 0x0F, 0x1C, 0xE7, 0x0F, 0x1C, 0xE7, 0x0F, 0x20, 0xE0, 0x0F, 0xE0, 0xE0,
    0x0F, 0xE0, 0xE0, 0x0F, 0xC0, 0xE0, 0x1F, 0x00, 0xE0, 0x0C, 0x00, 0xE0, 0x00, 0x00, 0xC0, 0x00,
    0x00, 0x00, 0x0E, 0x10, 0x70, 0x0E, 0x3C, 0x38, 0x07, 0xFE, 0xFF, 0xE3, 0xFF, 0x7F, 0xF3, 0xFD,
    0xFF, 0xFB, 0xC0, 0xE6, 0xC1, 0xC0, 0x07, 0xE0, 0x7F, 0x03, 0xF0, 0x1F, 0xFF, 0xFF, 0x8F, 0xFF,
    0xFF, 0xC3, 0x9F, 0xFF, 0xE1, 0xC3, 0x87, 0x03, 0xFD, 0xC3, 0x81, 0xFE, 0xFF, 0xFC, 0xFF, 0x7F,
    0xFE, 0x1C, 0x3F, 0xFF, 0x0E, 0x1C, 0x38, 0x07, 0x4E, 0x1C, 0x03, 0xF7, 0x0E, 0x01, 0xFF, 0xE3,
    0x00, 0xFF, 0xFF, 0xFC, 0xF3, 0x9F, 0xFC, 0x31, 0x83, 0xFE, 0x00, 0x02, 0x10, 0x07, 0x03, 0x9C,
    0x07, 0x01, 0xCE, 0x03, 0xF8, 0xE7, 0x03, 0xFD, 0xFF, 0xF3, 0xFE, 0xFF, 0xF9, 0xC0, 0x7F, 0xF8,
    0xE0, 0x0E, 0x70, 0x7F, 0xC7, 0x38, 0x1F, 0xFF, 0xFF, 0x87, 0xFF, 0xFF, 0xC1, 0xC3, 0xFF, 0xE0,
    0xE0, 0xFF, 0xC3, 0xFF, 0x7F, 0xF1, 0xFF, 0xBF, 0xF8, 0xFF, 0x9C, 0x1C, 0x0E, 0x0E, 0x0E, 0x07,
    0x07, 0xFF, 0x03, 0x93, 0xFF, 0x81, 0xF9, 0xC1, 0xC0, 0xFC, 0xE0, 0xE0, 0xFC, 0x7F, 0xF0, 0x7C,
    0x3F, 0xF8, 0x18, 0x1F, 0xFC, 0x00, 0x00, 0x00, 0x00, 0x00, 0x00, 0x00, 0x0E, 0x00, 0x30, 0x07,
    0x3F, 0x7F, 0x87, 0xFF, 0xFF, 0xC3, 0xFF, 0xFF, 0xE3, 0xFC, 0xE3, 0x31, 0xC0, 0xFF, 0xFF, 0xC0,
    0x7F, 0xFF, 0x7F, 0xF0, 0x66, 0x1F, 0xFF, 0xFF, 0x0F, 0xFF, 0xFF, 0x81, 0x8F, 0xFF, 0xC0, 0xC1,
    0xC7, 0x03, 0xFD, 0xFF, 0xF1, 0xFF, 0xFF, 0xF8, 0xFF, 0xF8, 0xC0, 0x0C, 0x7F, 0xFF, 0x06, 0x3F,
    0xFF, 0x83, 0x6E, 0xFF, 0xC1, 0xF7, 0x8C, 0x01, 0xFF, 0xE6, 0x00, 0xF7, 0x7F, 0xF8, 0x77, 0x9F,
    0xFC, 0x33, 0x81, 0xFE, 0x00, 0x00, 0x00, 0x00, 0x00, 0x00, 0x00, 0x0E, 0x1F, 0xFE, 0x1E, 0x1F,
    0xFF, 0x1F, 0xDF, 0xFF, 0x3F, 0xDC, 0x07, 0x7F, 0xDC, 0x07, 0xF0, 0x1F, 0xFF, 0x70, 0x1F, 0xFF,
    0x7F, 0x9F, 0xFF, 0x3F, 0x9C, 0x70, 0x1F, 0xBC, 0x70, 0x0E, 0x3F, 0xFF, 0x0E, 0x3F, 0xFF, 0x7F,
    0xFF, 0xFF, 0x7F, 0xF8, 0x70, 0x7F, 0xF8, 0xF0, 0x0E, 0x3F, 0xFF, 0x0E, 0x3F, 0xFF, 0x0E, 0xFF,
    0x07, 0x0F, 0xFF, 0x07, 0x0F, 0xF7, 0x07, 0x0F, 0xF7, 0xFF, 0x1E, 0xF7, 0xFF, 0x0C, 0x67, 0xFF,
    0x00, 0x06, 0x00, 0x00, 0x00, 0x40, 0x06, 0x00, 0xE0, 0x07, 0x07, 0xFF, 0xC3, 0xFB, 0xFF, 0xE3,
    0xFD, 0xFF, 0xF3, 0xFE, 0x38, 0xE1, 0xC0, 0x1C, 0xE0, 0xE0, 0x7F, 0xFE, 0x7F, 0xFF, 0xFF, 0x1F,
    0xE0, 0x00, 0x07, 0xE7, 0xFF, 0x81, 0xC3, 0xFF, 0xC0, 0xE1, 0xC0, 0xE3, 0xFE, 0xFF, 0xF1, 0xFF,
    0x7F, 0xF8, 0xFF, 0xB8, 0x1C, 0x0E, 0x1F, 0xFE, 0x07, 0x0F, 0xFF, 0x03, 0xB1, 0xDC, 0x01, 0xF8,
    0xEE, 0x40, 0xFC, 0xF7, 0x38, 0xFC, 0xF1, 0x9C, 0x79, 0xF0, 0xFC, 0x10, 0xF0, 0x7E, 0x00, 0x00,
    0x00, 0x00, 0x0F, 0x00, 0x60, 0x0F, 0x00, 0xF8, 0x0F, 0x01, 0xF0, 0x0F, 0x07, 0xE0, 0x0F, 0x0F,
    0xC0, 0x0F, 0x3F, 0x00, 0x0F, 0x7E, 0x00, 0x0F, 0x38, 0x00, 0x0F, 0x00, 0x00, 0xFF, 0xFF, 0xFE,
    0xFF, 0xFF, 0xFE, 0xFF, 0xFF, 0xFE, 0x0F, 0x1C, 0x00, 0x0F, 0x1E, 0x00, 0x0F, 0x0F, 0x00, 0x0F,
    0x0F, 0x00, 0x0F, 0x07, 0x80, 0x0F, 0x03, 0xE0, 0x0F, 0x7D, 0xF0, 0x0F, 0xFC, 0xFE, 0x0F, 0xFC,
    0x7E, 0x0F, 0xE0, 0x1C, 0x0E, 0x00, 0x04, 0x30, 0x00, 0x00, 0xF3, 0xFF, 0xF8, 0xF7, 0xFF, 0xF8,
    0xF7, 0xFF, 0xF0, 0xC0, 0x61, 0xEC, 0x01, 0xE3, 0xDC, 0x03, 0xC7, 0xB8, 0x07, 0x8F, 0x77, 0xFF,
    0xFE, 0xEF, 0xFF, 0xFD, 0xDF, 0xFF, 0xFB, 0x81, 0xF8, 0xF7, 0x07, 0xF1, 0xEE, 0x1F, 0xE3, 0xDC,
    0x7B, 0xC7, 0xBB, 0xE7, 0x8F, 0x7F, 0x8F, 0x1E, 0xFE, 0x1E, 0x3D, 0xD1, 0xFC, 0x7B, 0x83, 0xF0,
    0xF7, 0x07, 0xE7, 0xCE, 0x00, 0x0F, 0x9C, 0x00, 0x1F, 0x00, 0x00, 0x00, 0x60, 0x00, 0x07, 0x9F,
    0xFF, 0xDE, 0xFF, 0xFE, 0x7F, 0xFF, 0xF1, 0xC0, 0x03, 0xFC, 0x00, 0x1F, 0x80, 0x00, 0xFC, 0x7F,
    0xC7, 0xE7, 0xFE, 0x3F, 0x3F, 0xF1, 0xF9, 0xE3, 0x8F, 0xCF, 0x1C, 0x7E, 0x78, 0xE3, 0xF3, 0xC7,
    0x1F, 0x9F, 0xF8, 0xFC, 0xFF, 0xC7, 0xE7, 0xFE, 0x3F, 0x3C, 0x01, 0xF8, 0xC0, 0x0F, 0xC0, 0x00,
    0x7E, 0x00, 0x3F, 0xF0, 0x00, 0xFF, 0x80, 0x07, 0xC8, 0x00, 0x00, 0x60, 0x00, 0x03, 0xCF, 0xFF,
    0xF7, 0xBF, 0xFF, 0xCF, 0xFF, 0xFF, 0x18, 0x00, 0x3F, 0x80, 0x00, 0xFE, 0x00, 0x03, 0xF9, 0xFF,
    0xCF, 0xE7, 0xFF, 0x3F, 0x9C, 0x1C, 0xFE, 0x70, 0x73, 0xF9, 0xFF, 0xCF, 0xE7, 0xFF, 0x3F, 0x9F,
    0xFC, 0xFE, 0x70, 0x73, 0xF9, 0xC1, 0xCF, 0xE7, 0xFF, 0x3F, 0x9F, 0xFC, 0xFE, 0x7F, 0xF3, 0xF8,
    0x00, 0x0F, 0xE0, 0x00, 0xFF, 0x80, 0x03, 0xEE, 0x00, 0x0F, 0xB0, 0x00, 0x00, 0x60, 0x00, 0x07,
    0x9F, 0xFF, 0xDE, 0xFF, 0xFE, 0x73, 0xFF, 0xF1, 0xB0, 0x63, 0xE1, 0xC7, 0x9F, 0x8E, 0x38, 0xFC,
    0x3B, 0x87, 0xE7, 0xFF, 0x3F, 0x7F, 0xF9, 0xFB, 0xFF, 0xCF, 0xDC, 0x0E, 0x7E, 0xFF, 0xF3, 0xF7,
    0xFF, 0x9F, 0x9F, 0xFC, 0xFC, 0x3B, 0x87, 0xE1, 0xDC, 0x3F, 0x1C, 0xEF, 0xF9, 0xE7, 0x7F, 0xFE,
    0x3F, 0xFE, 0xE1, 0xFF, 0xF4, 0x00, 0x7F, 0x80, 0x03, 0xE0, 0x00, 0x00, 0x02, 0x00, 0x07, 0xFB,
    0xFF, 0xFF, 0xFF, 0xFF, 0xCE, 0xFF, 0xFE, 0x77, 0x03, 0xF7, 0x38, 0x1F, 0xB9, 0xC0, 0xFF, 0x8E,
    0x07, 0xFC, 0x70, 0x3F, 0x73, 0xFF, 0xF9, 0xDF, 0xFF, 0xCE, 0xFF, 0xFE, 0x77, 0x03, 0xF3, 0xB8,
    0x1F, 0x9D, 0xC0, 0xFF, 0xEE, 0x07, 0xFF, 0x70, 0x3F, 0xE3, 0x81, 0xF8, 0x1F, 0xFF, 0xC0, 0xFF,
    0xFE, 0x07, 0xFF, 0xF0, 0x38, 0x1F, 0x81, 0xC0, 0xE0, 0x00, 0x00, 0x00, 0x00, 0x00, 0x00, 0x1C,
    0x18, 0x7F, 0x1C, 0x1C, 0x7F, 0x1C, 0x1C, 0x77, 0x38, 0x1C, 0x67, 0x38, 0x1C, 0x66, 0x7F, 0xFE,
    0x6E, 0x77, 0xFF, 0x6E, 0xF7, 0xFF, 0x6F, 0xF0, 0x1C, 0x6F, 0xF0, 0x1C, 0x67, 0xF7, 0x1C, 0x67,
    0x37, 0x1C, 0x67, 0x33, 0x9C, 0x67, 0x33, 0x9C, 0x67, 0x31, 0xDC, 0x7F, 0x31, 0xDC, 0x7F, 0x30,
    0x1C, 0x6E, 0x30, 0x1C, 0x60, 0x30, 0x1C, 0x60, 0x30, 0x1C, 0x60, 0x30, 0xFC, 0x60, 0x30, 0xF8,
    0x60, 0x30, 0xF8, 0x00, 0x00, 0x00, 0x00, 0x01, 0x00, 0x02, 0x03, 0xC0, 0xFF, 0x03, 0x80, 0xFF,
    0x07, 0xC0, 0xE7, 0x0F, 0xE0, 0xE7, 0x1E, 0xF8, 0xEE, 0x7C, 0x7C, 0xEE, 0xF8, 0x3F, 0xEE, 0xFF,
    0xFE, 0xEC, 0xFF, 0xFC, 0xEE, 0x3F, 0xF8, 0xE7, 0x03, 0x80, 0xE7, 0x03, 0x80, 0xE7, 0xFF, 0xFE,
    0xE7, 0xFF, 0xFE, 0xE7, 0xFF, 0xFE, 0xFF, 0x33, 0x90, 0xFF, 0x3B, 0xB8, 0xEC, 0x73, 0x9C, 0xE0,
    0xF3, 0x9E, 0xE0, 0xE3, 0x8E, 0xE1, 0xC3, 0x86, 0xE0, 0xDF, 0x84, 0xE0, 0x0F, 0x80, 0x00, 0x00,
    0x00, 0x00, 0x00, 0x00, 0x00, 0x01, 0xC0, 0xFF, 0x01, 0xC0, 0xFF, 0xDF, 0xFE, 0xFF, 0xDF, 0xFE,
    0xEE, 0xFF, 0xFE, 0xEE, 0x77, 0x80, 0xEE, 0x67, 0xFC, 0xEE, 0x0F, 0xFC, 0xFC, 0x1F, 0xFC, 0xEF,
    0xFF, 0x1C, 0xEF, 0xFF, 0xFC, 0xE7, 0xF7, 0xFC, 0xE7, 0x77, 0x1C, 0xE7, 0x77, 0xFC, 0xE7, 0x77,
    0xFC, 0xFF, 0x77, 0xFC, 0xFE, 0x77, 0x1C, 0xFE, 0x77, 0x3C, 0xE0, 0xF7, 0x3C, 0xE1, 0xFF, 0x10,
    0xE3, 0xDF, 0xFE, 0xE3, 0x8F, 0xFE, 0xE1, 0x03, 0xFE, 0x60, 0x00, 0x00, 0x02, 0x0E, 0x00, 0xFF,
    0x9F, 0xE0, 0xFF, 0xBF, 0xF0, 0xFF, 0x7F, 0xF0, 0xE7, 0xF0, 0xE0, 0xE7, 0xE1, 0xE0, 0xEE, 0x7F,
    0xFC, 0xEE, 0x7F, 0xFC, 0xEE, 0x00, 0x1C, 0xEE, 0x3F, 0xFC, 0xE7, 0x7F, 0xFC, 0xE7, 0x3F, 0xFC,
    0xE3, 0x00, 0x1C, 0xE3, 0xFF, 0xFC, 0xE7, 0xFF, 0xFC, 0xFF, 0x07, 0x00, 0xFF, 0x9F, 0x98, 0xEE,
    0xFF, 0xDC, 0xE0, 0xFD, 0xDC, 0xE1, 0xDC, 0x3E, 0xE1, 0xDF, 0xFE, 0xE1, 0x9F, 0xFE, 0xE0, 0x9F,
    0xE0, 0x60, 0x00, 0x00, 0x3F, 0xFF, 0xF8, 0x7F, 0xFF, 0xF0, 0xFF, 0xFF, 0xE3, 0xFF, 0xFF, 0xEF,
    0xFF, 0xFF, 0xFF, 0xFF, 0xFF, 0xFB, 0xEE, 0xFB, 0xF7, 0xFF, 0xF7, 0xEF, 0xBB, 0xEE, 0x3F, 0xFF,
    0xE0, 0x7F, 0xFF, 0xC0, 0x01, 0xC0, 0x0F, 0xFF, 0xFF, 0xFF, 0xFF, 0xFF, 0xC0, 0x1E, 0x00, 0x1F,
    0xFF, 0xFE, 0x3F, 0xFF, 0xFC, 0x7F, 0xFF, 0xF8, 0xE7, 0x1C, 0xF1, 0xCE, 0x39, 0xE3, 0x9C, 0x73,
    0xC7, 0x38, 0xFF, 0x8E, 0x71, 0xDE, 0x00, 0x00, 0x00, 0xFF, 0xFF, 0xFF, 0xFF, 0xFF, 0xFF, 0xFF,
    0xFF, 0xF8, 0x03, 0xC0, 0x00, 0x07, 0x00, 0x0F, 0xFF, 0xFF, 0x9F, 0xFF, 0xFF, 0x3F, 0xFF, 0xFE,
    0x73, 0x87, 0x1C, 0xE7, 0x8E, 0x39, 0xCF, 0xFC, 0x73, 0x9F, 0xF8, 0xE7, 0x38, 0x71, 0xCE, 0x70,
    0xE3, 0x9C, 0xFF, 0xC7, 0x39, 0xFF, 0x8E, 0x73, 0xFF, 0x1C, 0xE7, 0x0E, 0x39, 0xFF, 0xFF, 0xF3,
    0xFF, 0xFF, 0xE7, 0xFF, 0xFF, 0xCE, 0x00, 0x03, 0x88, 0x00, 0x06, 0x00, 0xFF, 0xFF, 0xFF, 0xFF,
    0xFF, 0xFD, 0xFF, 0xFF, 0xF8, 0x03, 0x80, 0x00, 0x07, 0x00, 0x03, 0xFF, 0xFF, 0x07, 0xFF, 0xFE,
    0x0F, 0xFF, 0xFC, 0x1C, 0x38, 0x78, 0x38, 0x70, 0xF0, 0x70, 0xE1, 0xE0, 0xE1, 0xC3, 0xC1, 0xC3,
    0x87, 0x83, 0x87, 0x0F, 0x07, 0x0E, 0x1E, 0x0E, 0x3C, 0x3C, 0x1C, 0x77, 0x78, 0x03, 0xFF, 0x80,
    0x1F, 0x8F, 0xC1, 0xFE, 0x07, 0xEF, 0xF0, 0x03, 0xEF, 0x00, 0x03, 0x80, 0x00, 0x00, 0x00, 0x00,
    0x00, 0x00, 0xFF, 0xFF, 0xFE, 0xFF, 0xFF, 0xFE, 0xFF, 0xC3, 0xC0, 0x1E, 0x03, 0x80, 0x1E, 0x3F,
    0xFC, 0x1E, 0x3F, 0xFE, 0x1E, 0x3F, 0xFE, 0x1E, 0x39, 0x9E, 0x1E, 0x39, 0xDE, 0x1E, 0x39, 0xDE,
    0x1E, 0x39, 0xDE, 0x1E, 0x39, 0xDE, 0x1E, 0x39, 0xDE, 0x1E, 0x39, 0xDE, 0x1E, 0x39, 0xDE, 0x1E,
    0x3B, 0xDE, 0x1E, 0x1B, 0xA0, 0x1E, 0x07, 0xF0, 0x1E, 0x0F, 0x7C, 0xFC, 0x3E, 0x3E, 0xFC, 0x7C,
    0x1E, 0x70, 0x70, 0x06, 0x00, 0x00, 0x00, 0x00, 0x00, 0x00, 0x00, 0x3F, 0xFF, 0x9F, 0xFF, 0xFF,
    0xCF, 0xF8, 0x78, 0x07, 0xFC, 0x38, 0x00, 0x71, 0xFF, 0xF0, 0x38, 0xFF, 0xF8, 0x1C, 0x7F, 0xFC,
    0x0E, 0x39, 0xCE, 0x07, 0x1C, 0xE7, 0x03, 0x8E, 0x73, 0x81, 0xC7, 0x39, 0xC0, 0xE3, 0x9C, 0xE0,
    0x71, 0xCE, 0x70, 0x3F, 0xE7, 0x38, 0x7F, 0xF3, 0x9C, 0xFF, 0x3B, 0xCE, 0x3E, 0x09, 0xD0, 0x18,
    0x01, 0xFE, 0x00, 0x03, 0xEF, 0x80, 0x07, 0xE1, 0xF0, 0x07, 0xE0, 0x78, 0x03, 0xC0, 0x0C, 0x00,
    0x00, 0x00, 0x30, 0x60, 0x00, 0x30, 0x6F, 0xFF, 0x37, 0x6F, 0xFF, 0x37, 0x60, 0xE0, 0x37, 0x60,
    0xE0, 0x37, 0x6F, 0xFE, 0x37, 0x6F, 0xFF, 0x37, 0x6F, 0xFF, 0x37, 0x6E, 0x07, 0x37, 0x6E, 0xE7,
    0x37, 0x6E, 0xE7, 0x37, 0x6E, 0xE7, 0x37, 0x6E, 0xE7, 0x37, 0x6E, 0xE7, 0x37, 0x6E, 0xE7, 0x37,
    0x6E, 0xE7, 0x77, 0x6E, 0xE7, 0x77, 0x66, 0xF6, 0x77, 0x61, 0xF8, 0x77, 0x63, 0xFC, 0x70, 0x67,
    0x9E, 0xE0, 0x7F, 0x0F, 0x60, 0x6E, 0x06, 0x00, 0x00, 0x00, 0x00, 0x00, 0x00, 0x3F, 0xFF, 0xFF,
    0xDF, 0xFF, 0xFF, 0xE7, 0xF8, 0x1E, 0x01, 0x3C, 0x0E, 0x01, 0xFC, 0x7F, 0xF8, 0xFC, 0x3F, 0xFC,
    0x3F, 0x1F, 0xFE, 0x07, 0x8E, 0x4F, 0x7F, 0xFF, 0x77, 0xBF, 0xFF, 0xBB, 0xCF, 0xFF, 0xDD, 0xE0,
    0xEE, 0xEE, 0xF0, 0x77, 0x77, 0x78, 0x3B, 0xBB, 0xBC, 0x1C, 0x1D, 0xDE, 0x0E, 0x0E, 0xEF, 0x07,
    0x07, 0xFB, 0x03, 0x80, 0xFE, 0x01, 0xC0, 0xF7, 0xC7, 0xE1, 0xF9, 0xF3, 0xF1, 0xF0, 0x78, 0xF8,
    0x70, 0x1C, 0x00, 0x00, 0x00, 0x01, 0x00, 0x00, 0x01, 0xC0, 0x00, 0x00, 0xE1, 0xFF, 0xC7, 0x7E,
    0xFF, 0xE3, 0xBF, 0x7F, 0xF1, 0xDF, 0x83, 0x80, 0xEE, 0x0F, 0xF8, 0x77, 0x0F, 0xFE, 0x7F, 0xFF,
    0xFF, 0x7F, 0xFF, 0xB3, 0x9F, 0xFF, 0xDD, 0xC0, 0x60, 0xEE, 0xE1, 0xB3, 0xF7, 0x71, 0xD9, 0xFB,
    0xB8, 0xED, 0xDD, 0xDC, 0xE6, 0xEE, 0xCE, 0x73, 0xF7, 0x67, 0x31, 0xF3, 0xB3, 0x80, 0xF9, 0xF9,
    0x80, 0x78, 0x1F, 0x00, 0xF8, 0x1F, 0xC1, 0xF8, 0x3E, 0xF9, 0xF8, 0x7E, 0x1C, 0xF0, 0x3C, 0x06,
    0x00, 0x00, 0x00, 0x00, 0x1F, 0xE0, 0x00, 0x1F, 0xFF, 0xFF, 0x8F, 0xFF, 0xFF, 0xC7, 0x0E, 0x1C,
    0x03, 0xFF, 0x0E, 0x01, 0xFF, 0xBF, 0xF0, 0xE1, 0xDF, 0xF8, 0x7F, 0xEE, 0x1C, 0x3F, 0xF7, 0x7E,
    0x00, 0x03, 0xBF, 0x1F, 0xFF, 0xDB, 0x8F, 0xFF, 0xED, 0xC7, 0xFF, 0xFE, 0xE1, 0xDC, 0x3F, 0x70,
    0xEF, 0xDF, 0xB8, 0x77, 0xEF, 0xFC, 0x3B, 0xF1, 0xFC, 0x1D, 0xC3, 0xEF, 0x0F, 0xE7, 0xE3, 0xCF,
    0xF1, 0xC0, 0xE7, 0x7F, 0xFF, 0xF7, 0x9F, 0xFF, 0xF9, 0x81, 0xFF, 0xFC, 0x00, 0x00, 0x00, 0x00,
    0x00, 0x00, 0x0E, 0x00, 0xE0, 0x07, 0x0F, 0xFF, 0x83, 0x87, 0xFF, 0xC3, 0xFF, 0xFF, 0xE1, 0xFF,
    0xCE, 0x70, 0xFF, 0xFF, 0xF8, 0x73, 0x7F, 0xFC, 0x73, 0x81, 0xC0, 0x39, 0xFF, 0xFF, 0xBB, 0x5F,
    0xFF, 0xCD, 0x80, 0x00, 0x00, 0xC3, 0xFF, 0xE0, 0x61, 0xFF, 0xF0, 0x30, 0xE6, 0x38, 0x18, 0x73,
    0x9C, 0x0C, 0x39, 0xCE, 0x06, 0x1C, 0xE7, 0x03, 0x6E, 0x73, 0x81, 0xF7, 0x71, 0xC1, 0xF8, 0x7F,
    0x80, 0xF0, 0xFB, 0xF0, 0xF1, 0xF8, 0x7C, 0x30, 0xF0, 0x0C, 0x00, 0x00, 0x00, 0x00, 0x00, 0x00,
    0x00, 0x1E, 0x03, 0xC0, 0x1E, 0x07, 0x80, 0x3C, 0x1E, 0x0F, 0xFF, 0xFF, 0xFF, 0xFF, 0xFF, 0xFF,
    0xFF, 0xFF, 0x80, 0x3C, 0x00, 0x1F, 0xFF, 0xF0, 0x3F, 0xFF, 0xE0, 0x7F, 0xFF, 0xC0, 0xE0, 0x03,
    0x81, 0xFF, 0xFF, 0x03, 0xFF, 0xFE, 0x07, 0xFF, 0xFC, 0x0E, 0x00, 0x38, 0x1F, 0xFF, 0xF0, 0x3F,
    0xFF, 0xE0, 0x7F, 0xFF, 0xC0, 0xE0, 0x03, 0x81, 0xFF, 0xFF, 0x03, 0xFF, 0xFE, 0x07, 0xFF, 0xFC,
    0x0E, 0x00, 0x38, 0x18, 0x00, 0x30, 0x00, 0x00, 0x80, 0x1F, 0xC0, 0x70, 0x1F, 0xF0, 0x78, 0x0F,
    0xF8, 0x7C, 0x00, 0x1C, 0x7F, 0x01, 0x8E, 0x3F, 0xC0, 0xE6, 0x3C, 0xF8, 0x73, 0x7C, 0x3E, 0x3B,
    0xFF, 0xFF, 0x9D, 0xFF, 0xFF, 0x8E, 0xED, 0xFE, 0xC6, 0x70, 0x00, 0x07, 0xFE, 0x4C, 0x63, 0xFF,
    0xE7, 0x39, 0xFF, 0xB3, 0xBC, 0x01, 0xDD, 0xDC, 0x02, 0xEE, 0xEE, 0x3F, 0xF7, 0x7E, 0x3F, 0xF1,
    0x9F, 0x0F, 0x38, 0x03, 0x00, 0x1D, 0xFF, 0xF0, 0x4E, 0xFF, 0xF8, 0x7F, 0x7F, 0xFC, 0x1F, 0x00,
    0x00, 0x00, 0x20, 0x00, 0x00, 0xF0, 0x00, 0x01, 0xC0, 0x00, 0xFF, 0xFF, 0x81, 0xFF, 0xFF, 0x03,
    0xFF, 0xFE, 0x07, 0x30, 0x1C, 0x0E, 0xF8, 0x38, 0x1C, 0xFC, 0xE0, 0x38, 0x7F, 0xC0, 0x70, 0x6F,
    0x80, 0xE0, 0x1E, 0x01, 0xFF, 0xFF, 0xE3, 0xFF, 0xFF, 0xC7, 0xFF, 0xFF, 0x80, 0x00, 0x0E, 0x00,
    0x00, 0x1D, 0xFF, 0xFF, 0xBB, 0xFF, 0xFF, 0x77, 0xFF, 0xFC, 0xE0, 0x00, 0x01, 0xC0, 0x00, 0x3F,
    0x80, 0x00, 0x7E, 0x00, 0x00, 0xFC, 0x00, 0x04, 0x00, 0x00, 0x1E, 0x00, 0x1F, 0xFF, 0xFF, 0x3F,
    0xFF, 0xFF, 0x3C, 0xEE, 0xE0, 0x38, 0xEF, 0xFE, 0x39, 0xDF, 0xFE, 0x3B, 0xFF, 0xFE, 0x3F, 0xFF,
    0xFE, 0x3F, 0xFF, 0xFE, 0x39, 0xCF, 0xFE, 0x39, 0xCF, 0xFF, 0x39, 0xCF, 0xFF, 0x39, 0xFC, 0x00,
    0x39, 0xFF, 0xFC, 0x39, 0xFF, 0xFC, 0x39, 0xDF, 0x7C, 0x39, 0xCF, 0x78, 0x39, 0xFF, 0xFF, 0x39,
    0xFF, 0xFF, 0x77, 0xFF, 0xF7, 0x77, 0xFF, 0xF7, 0x70, 0x00, 0x7E, 0x60, 0x00, 0x7E, 0x00, 0x00,
    0x00, 0x00, 0x00, 0x00, 0x1F, 0xF8, 0x30, 0x0F, 0xFE, 0x1E, 0x07, 0xFF, 0x0F, 0x83, 0xF7, 0x86,
    0xE1, 0xFF, 0xC3, 0x70, 0xFF, 0xE1, 0x98, 0x7F, 0xF1, 0xC0, 0x37, 0xBF, 0xFF, 0x1F, 0xFF, 0xFF,
    0x8F, 0xFF, 0xFF, 0xC0, 0x70, 0x1E, 0x03, 0xFF, 0x0F, 0x01, 0xFF, 0xC7, 0x80, 0xFF, 0xC3, 0xC0,
    0x07, 0xF3, 0xF0, 0x7F, 0xF9, 0xF8, 0x3F, 0xFC, 0xEE, 0x0C, 0x0C, 0xF7, 0x07, 0xF6, 0x73, 0xC3,
    0x7F, 0xF8, 0xF3, 0xB7, 0xF8, 0x7D, 0xDB, 0x38, 0x1E, 0xCC, 0x0C, 0x06, 0x00, 0x08, 0x00, 0x00,
    0x1E, 0x00, 0x00, 0x07, 0x80, 0x0F, 0xFF, 0xFF, 0xE7, 0xFF, 0xFF, 0xF3, 0xFF, 0xFF, 0xF8, 0x0F,
    0x07, 0x80, 0x03, 0xC7, 0x80, 0x00, 0xFF, 0x80, 0x00, 0x3F, 0x80, 0x00, 0x7F, 0xF8, 0x0F, 0xFF,
    0xFF, 0xE7, 0xFE, 0x1F, 0xF1, 0xFC, 0x07, 0xF0, 0x0E, 0x03, 0x80, 0x07, 0x01, 0xC0, 0x03, 0x80,
    0xE0, 0x01, 0xC0, 0x70, 0x00, 0xE0, 0x38, 0x00, 0xF0, 0x1C, 0x00, 0x78, 0x0E, 0x00, 0xF8, 0x07,
    0x00, 0x78, 0x03, 0x80, 0x18, 0x01, 0xC0, 0x00, 0x00, 0x40, 0x00, 0x00, 0x00, 0x00, 0x00, 0x70,
    0x00, 0x38, 0xE0, 0x00, 0x71, 0xFF, 0xC0, 0xE3, 0xFF, 0x81, 0xC7, 0xFF, 0x03, 0x8E, 0x00, 0x07,
    0x1C, 0x00, 0xFF, 0xFF, 0xFF, 0xFF, 0xFF, 0xFD, 0xFF, 0xFF, 0xF3, 0xC1, 0xC0, 0xE7, 0x83, 0x81,
    0xCF, 0x07, 0x03, 0x9E, 0x1F, 0x07, 0x3C, 0x7F, 0x0E, 0x78, 0xEF, 0x1C, 0xF7, 0x8F, 0xB9, 0xFF,
    0x0F, 0xF3, 0xF8, 0x0E, 0xE7, 0xA0, 0x09, 0xCF, 0xFF, 0xFF, 0x9F, 0xFF, 0xFF, 0x00, 0x00, 0x0E,
    0x00, 0x00, 0x00, 0x1F, 0xDE, 0x7F, 0xBC, 0xFF, 0x79, 0xE0, 0x0F, 0xFD, 0xFF, 0xFB, 0xFF, 0xF7,
    0x9E, 0x0F, 0x3C, 0x1E, 0x78, 0x3C, 0xF0, 0x79, 0xE0, 0xF3, 0xC1, 0xE7, 0x83, 0xCF, 0x07, 0x9E,
    0x0F, 0x3C, 0x1E, 0x78, 0x3C, 0x1F, 0xDF, 0x0F, 0xF7, 0xC3, 0xFD, 0xF0, 0xF0, 0x7C, 0xFF, 0xDF,
    0x3F, 0xF7, 0xCF, 0xFD, 0xF0, 0xF0, 0x7C, 0x3C, 0x1F, 0x0F, 0x07, 0xC3, 0xC1, 0xF0, 0xF0, 0x7C,
    0x3C, 0x1F, 0x0F, 0x07, 0xC3, 0xC1, 0xF0, 0xF0, 0x7F, 0x3C, 0x1F, 0xCF, 0x03, 0xF0, 0x00, 0x00,
    0x00, 0x00, 0x00, 0x07, 0x9C, 0x00, 0x03, 0xCF, 0x00, 0x01, 0xE7, 0x80, 0x00, 0xF3, 0xC0, 0x00,
    0x7F, 0xE0, 0x00, 0x3F, 0xF0, 0x00, 0x1F, 0x7F, 0x00, 0xFF, 0x3F, 0xFF, 0xFF, 0x8F, 0xFF, 0xFF,
    0x83, 0xFF, 0xFF, 0x00, 0x3F, 0xFC, 0x00, 0x00, 0x00, 0x00, 0x01, 0xDC, 0x00, 0x00, 0xEE, 0x00,
    0x00, 0x77, 0x00, 0x00, 0x1F, 0x00, 0x00, 0x07, 0x00, 0x00, 0x03, 0x80, 0x00, 0x01, 0x80, 0x00,
    0x70, 0x00, 0x00, 0x00, 0xF0, 0x00, 0x00, 0x01, 0xE0, 0x00, 0x0E, 0x03, 0xC0, 0x00, 0x3E, 0x0F,
    0x80, 0x00, 0xFC, 0x1F, 0x00, 0x03, 0xF8, 0x1F, 0xC0, 0xFF, 0xFF, 0x3F, 0xFF, 0xFF, 0xFF, 0x3F,
    0xFF, 0xFD, 0xFE, 0x3F, 0xFF, 0xE1, 0xFC, 0x0F, 0xFC, 0x00, 0x00, 0x00, 0x00, 0x00, 0x00, 0x07,
    0x60, 0x00, 0x00, 0x0F, 0xE0, 0x00, 0x00, 0x1D, 0xC0, 0x00, 0x00, 0x1F, 0x00, 0x00, 0x00, 0x1C,
    0x00, 0x00, 0x00, 0x38, 0x00, 0x00, 0x00, 0x60, 0x00, 0x00, 0x0E, 0x3E, 0x1E, 0x1E, 0x1F, 0x1F,
    0x0F, 0x1F, 0xFF, 0xFE, 0xFE, 0xF8, 0x00, 0x00, 0x6E, 0xFE, 0xFE, 0x7C, 0x38, 0x38, 0x18, 0x0E,
    0x00, 0x78, 0x07, 0xC0, 0x3E, 0x01, 0xF0, 0x7F, 0xFB, 0xFF, 0xDF, 0xFF, 0xF3, 0xF0, 0x00, 0x00,
    0x00, 0xEE, 0x07, 0xF0, 0x3B, 0x80, 0xF8, 0x03, 0x80, 0x1C, 0x00, 0x60, 0x00, 0x00, 0x30, 0x00,
    0x00, 0x18, 0x00, 0x00, 0x0F, 0xC0, 0x00, 0x07, 0xE0, 0x00, 0x03, 0xB0, 0x00, 0x03, 0xF8, 0x00,
    0x01, 0xF8, 0x00, 0x00, 0x00, 0x1E, 0x70, 0x00, 0x0F, 0x3C, 0x00, 0x07, 0x9E, 0x00, 0x03, 0xCF,
    0x00, 0x01, 0xFF, 0x80, 0x00, 0xFF, 0xC0, 0x00, 0x7D, 0xFC, 0x03, 0xFC, 0xFF, 0xFF, 0xFE, 0x3F,
    0xFF, 0xFE, 0x0F, 0xFF, 0xFC, 0x00, 0xFF, 0xF0, 0x00, 0x00, 0x38, 0x00, 0x00, 0x00, 0x70, 0x00,
    0x00, 0x00, 0xFC, 0x00, 0x00, 0x00, 0xFC, 0x00, 0x00, 0x03, 0xB8, 0x00, 0x00, 0x0F, 0xF0, 0x00,
    0x00, 0x1F, 0xC0, 0x00, 0x00, 0x00, 0x00, 0x00, 0x70, 0x00, 0x00, 0x00, 0xF0, 0x00, 0x00, 0x01,
    0xE0, 0x00, 0x0E, 0x03, 0xC0, 0x00, 0x3E, 0x0F, 0x80, 0x00, 0xFC, 0x1F, 0x00, 0x03, 0xF8, 0x1F,
    0xC0, 0xFF, 0xFF, 0x3F, 0xFF, 0xFF, 0xFF, 0x3F, 0xFF, 0xFD, 0xFE, 0x3F, 0xFF, 0xE1, 0xFC, 0x0F,
    0xFC, 0x00, 0x00, 0x60, 0x60, 0x7E, 0x7E, 0x77, 0xFE, 0xFC, 0x00, 0x00, 0x1C, 0x3C, 0x3C, 0x3E,
    0x3E, 0x1E, 0x1E, 0x1E, 0xFE, 0xFE, 0xFC, 0xF8, 0x00, 0x1C, 0x00, 0xE0, 0x07, 0xE0, 0x3F, 0x81,
    0xDC, 0x1F, 0xC0, 0xFE, 0x00, 0x00, 0x00, 0x00, 0x70, 0x03, 0xC0, 0x3E, 0x01, 0xF0, 0x0F, 0x83,
    0xFF, 0xDF, 0xFE, 0xFF, 0xFF, 0x9F, 0x80, 0x00, 0x7F, 0x00, 0x7F, 0xF0, 0x1F, 0xFF, 0x8F, 0xFF,
    0xE6, 0x3F, 0xF0, 0x07, 0xFC, 0x0F, 0xFC, 0x1F, 0xF0, 0x1F, 0xC0, 0x1F, 0x80, 0x1F, 0x80, 0x0F,
    0x92, 0x07, 0x9F, 0x87, 0x87, 0xC3, 0xC1, 0x81, 0xE0, 0xE0, 0xF8, 0x20, 0x7C, 0x00, 0x1F, 0x80,
    0xCF, 0xFF, 0xF3, 0xFF, 0xF8, 0xFF, 0xFC, 0x0F, 0xF8, 0x7F, 0x00, 0x07, 0xFF, 0x00, 0x1F, 0xFF,
    0x80, 0xFF, 0xFE, 0x06, 0x3F, 0xF0, 0x00, 0x7F, 0xC0, 0x0F, 0xFC, 0x01, 0xFF, 0xC0, 0x1F, 0xCF,
    0x01, 0xF8, 0x7F, 0x9F, 0x83, 0xFE, 0xF9, 0x2F, 0xF7, 0x9F, 0xBF, 0xF8, 0x7C, 0x03, 0xC1, 0x80,
    0x1E, 0x0E, 0x00, 0xF8, 0x20, 0x07, 0xC0, 0x00, 0x1F, 0x80, 0xC0, 0xFF, 0xFF, 0x03, 0xFF, 0xF8,
    0x0F, 0xFF, 0xC0, 0x0F, 0xF8, 0x00, 0x7F, 0x00, 0x7F, 0xC0, 0x7F, 0xF0, 0x7F, 0xFE, 0x00, 0xFE,
    0x00, 0x7E, 0x03, 0xFE, 0xFF, 0xF8, 0xFF, 0xE0, 0xFF, 0x80, 0xFE, 0x00, 0x00, 0x00, 0x00, 0x00,
    0x0E, 0xE0, 0x0E, 0xE0, 0x0E, 0xE0, 0x07, 0xC0, 0x03, 0x80, 0x03, 0x80, 0x03, 0x00, 0x7F, 0x00,
    0x0F, 0xF8, 0x01, 0xFF, 0xC0, 0x3F, 0xFF, 0x00, 0x0F, 0xE0, 0x00, 0xFC, 0x00, 0xFF, 0x87, 0xFF,
    0xFE, 0xFF, 0xFF, 0xFF, 0xF3, 0xFF, 0xF8, 0x3F, 0x00, 0x00, 0x00, 0x00, 0x00, 0x19, 0x80, 0x07,
    0xF8, 0x00, 0xFF, 0x00, 0x07, 0x80, 0x00, 0xF0, 0x00, 0x1E, 0x00, 0x01, 0x80, 0x00, 0x18, 0x01,
    0x80, 0x1F, 0x81, 0xF8, 0x1D, 0xC3, 0xF8, 0x3F, 0x00, 0x00, 0x00, 0x00, 0x18, 0x07, 0x80, 0x7C,
    0x03, 0xE0, 0x3E, 0x01, 0xF0, 0x1F, 0x00, 0xF0, 0x0F, 0x7F, 0xF7, 0xFF, 0x7F, 0xE7, 0xFC, 0x06,
    0x00, 0x18, 0x00, 0x0C, 0x00, 0x07, 0xE0, 0x03, 0xF0, 0x01, 0xDC, 0x01, 0xFC, 0x00, 0xFC, 0x00,
    0x00, 0x00, 0x00, 0x00, 0x00, 0xC0, 0x01, 0xE0, 0x00, 0xF8, 0x00, 0x3E, 0x00, 0x1F, 0x00, 0x07,
    0xC0, 0x03, 0xE0, 0x00, 0xF0, 0x00, 0x7C, 0x1F, 0xFF, 0xCF, 0xFF, 0xE7, 0xFF, 0xFB, 0xFE, 0xF8,
    0x18, 0x00, 0x00, 0x00, 0xF0, 0x1E, 0x03, 0xC0, 0xDC, 0x3F, 0xC7, 0xF8, 0x66, 0x00, 0x00, 0x00,
    0x04, 0x03, 0xC0, 0xF8, 0x0F, 0x81, 0xF0, 0x1E, 0x03, 0xC0, 0x78, 0x1F, 0x03, 0xE0, 0xF8, 0x7F,
    0x3F, 0xC7, 0xF0, 0x78, 0x0C, 0x00, 0x00, 0x00, 0x0E, 0x00, 0x1E, 0x00, 0x38, 0x01, 0xDC, 0x03,
    0xF8, 0x07, 0x70, 0x06, 0x40, 0x00, 0x00, 0x00, 0x00, 0x04, 0x00, 0x3C, 0x00, 0xF8, 0x00, 0xF8,
    0x01, 0xF0, 0x01, 0xE0, 0x03, 0xFC, 0x07, 0xF8, 0x1F, 0xF8, 0x3F, 0xE0, 0xF8, 0x07, 0xF0, 0x3F,
    0xC0, 0x7F, 0x00, 0xF8, 0x00, 0xC0, 0x00, 0x0E, 0x01, 0xC0, 0x3F, 0x07, 0xF0, 0xEE, 0x3F, 0x87,
    0xF0, 0x00, 0x00, 0x00, 0x00, 0x04, 0x03, 0xC0, 0xF8, 0x0F, 0x81, 0xF0, 0x1E, 0x03, 0xC0, 0x78,
    0x1F, 0x03, 0xE0, 0xF8, 0x7F, 0x3F, 0xC7, 0xF0, 0x78, 0x0C, 0x00, 0x0C, 0x00, 0x18, 0x00, 0x3F,
    0x00, 0x7E, 0x00, 0xEC, 0x03, 0xF8, 0x07, 0xE0, 0x00, 0x00, 0x00, 0x00, 0x00, 0x00, 0x04, 0x00,
    0x3C, 0x00, 0xF8, 0x00, 0xF8, 0x01, 0xF0, 0x01, 0xE0, 0x03, 0xFC, 0x07, 0xF8, 0x1F, 0xF8, 0x3F,
    0xE0, 0xF8, 0x07, 0xF0, 0x3F, 0xC0, 0x7F, 0x00, 0xF8, 0x00, 0xC0, 0x00, 0x00, 0x00, 0x0C, 0x00,
    0x00, 0x7C, 0x00, 0x03, 0xF8, 0x00, 0x1F, 0xF0, 0x00, 0x7F, 0x80, 0x01, 0xFC, 0x00, 0x03, 0xE0,
    0x00, 0x07, 0xE0, 0x70, 0x0F, 0xE0, 0xF0, 0x07, 0xE1, 0xE0, 0x07, 0xC3, 0xC0, 0x07, 0xCF, 0x80,
    0x07, 0x9F, 0x00, 0x0F, 0x1F, 0xC0, 0x7E, 0x3F, 0xFF, 0xFC, 0x3F, 0xFF, 0xF8, 0x3F, 0xFF, 0xC0,
    0x0F, 0xFC, 0x00, 0x00, 0x00, 0x0C, 0x00, 0x00, 0x0F, 0x00, 0x00, 0x0F, 0xE0, 0x00, 0x0F, 0xF8,
    0x00, 0x0F, 0xF8, 0x00, 0x03, 0xF8, 0x00, 0x01, 0xF8, 0x00, 0x00, 0x7E, 0x00, 0x70, 0x0F, 0xC0,
    0x1E, 0x01, 0xF8, 0x07, 0x80, 0x3F, 0x01, 0xE0, 0x07, 0xC0, 0xF8, 0x00, 0xF8, 0x3E, 0x00, 0x1F,
    0x07, 0xF0, 0x1F, 0xF9, 0xFF, 0xFF, 0xFF, 0x3F, 0xFF, 0xFF, 0xC7, 0xFF, 0xFB, 0xF0, 0x3F, 0xF8,
    0x00, 0x00, 0xE0, 0x3E, 0x0F, 0xF1, 0xFF, 0x7F, 0xCF, 0xE0, 0xF8, 0x0F, 0xC0, 0x7E, 0x03, 0xF0,
    0x1F, 0x80, 0xF8, 0x07, 0xC0, 0x7C, 0xFF, 0xCF, 0xFC, 0xFF, 0x8F, 0xF0, 0xE0, 0x00, 0x00, 0x60,
    0x07, 0xC0, 0x3F, 0xC0, 0xFF, 0x87, 0xFC, 0x1F, 0xC0, 0x3E, 0x00, 0x7E, 0x00, 0x7E, 0x00, 0x7E,
    0x00, 0x7E, 0x00, 0x7C, 0x00, 0x7C, 0x00, 0xFC, 0x3F, 0xFF, 0x7F, 0xFF, 0xFF, 0xFF, 0xFE, 0xFF,
    0x80, 0x00, 0x00, 0x00, 0x30, 0x00, 0x00, 0xF0, 0x00, 0x07, 0xE0, 0x00, 0x3F, 0x80, 0x01, 0xFC,
    0xC0, 0x03, 0xE7, 0xC0, 0x03, 0x3F, 0x80, 0x01, 0xFF, 0x00, 0x07, 0xF8, 0x00, 0x1F, 0xC0, 0x00,
    0x3E, 0x00, 0x00, 0x7E, 0x07, 0x00, 0xFE, 0x0F, 0x00, 0x7E, 0x1E, 0x00, 0x7C, 0x3C, 0x00, 0x7C,
    0xF8, 0x00, 0x79, 0xF0, 0x00, 0xF1, 0xFC, 0x07, 0xE3, 0xFF, 0xFF, 0xC3, 0xFF, 0xFF, 0x83, 0xFF,
    0xFC, 0x00, 0xFF, 0xC0, 0x00, 0x00, 0x00, 0x30, 0x00, 0x00, 0x3C, 0x00, 0x00, 0x3F, 0x80, 0x00,
    0x1F, 0x80, 0x00, 0x1F, 0x8C, 0x00, 0x07, 0x8F, 0x00, 0x01, 0xCF, 0xE0, 0x00, 0x0F, 0xF8, 0x00,
    0x0F, 0xF8, 0x00, 0x03, 0xF8, 0x00, 0x01, 0xF8, 0x00, 0x00, 0x7E, 0x00, 0x70, 0x0F, 0xC0, 0x1E,
    0x01, 0xF8, 0x07, 0x80, 0x3F, 0x01, 0xE0, 0x07, 0xC0, 0xF8, 0x00, 0xF8, 0x3E, 0x00, 0x1F, 0x07,
    0xF0, 0x1F, 0xF9, 0xFF, 0xFF, 0xFF, 0x3F, 0xFF, 0xFF, 0xC7, 0xFF, 0xFB, 0xF0, 0x3F, 0xF8, 0x00,
    0x00, 0xC0, 0x1E, 0x03, 0xF8, 0x7F, 0x07, 0xE7, 0x3C, 0xF9, 0x9F, 0xE1, 0xFF, 0x3F, 0xE3, 0xF8,
    0x1F, 0x00, 0xFC, 0x03, 0xF0, 0x0F, 0xC0, 0x3F, 0x00, 0xF8, 0x03, 0xE0, 0x1F, 0x1F, 0xF8, 0xFF,
    0xC7, 0xFC, 0x3F, 0xC1, 0xC0, 0x00, 0x00, 0xC0, 0x03, 0xC0, 0x0F, 0xE0, 0x3F, 0x80, 0x7E, 0x30,
    0x79, 0xF0, 0x67, 0xF8, 0x0F, 0xF8, 0x3F, 0xE0, 0x7F, 0x00, 0x7C, 0x00, 0x7E, 0x00, 0x3F, 0x00,
    0x1F, 0x80, 0x0F, 0xC0, 0x07, 0xC0, 0x03, 0xE0, 0x03, 0xF0, 0x7F, 0xFE, 0x7F, 0xFF, 0x7F, 0xFF,
    0x7F, 0xBF, 0x70, 0x00, 0x00, 0x00, 0x00, 0x01, 0xC0, 0x00, 0xF8, 0x00, 0x3E, 0x78, 0x07, 0x9E,
    0x01, 0xE7, 0x80, 0x7F, 0xE0, 0x1F, 0xF8, 0x07, 0xFE, 0x01, 0xEF, 0x80, 0x79, 0xF0, 0x7E, 0x7F,
    0xFF, 0x0F, 0xFF, 0x81, 0xFF, 0xC0, 0x1F, 0xC0, 0x00, 0x03, 0x00, 0x00, 0x1F, 0x00, 0x00, 0x1E,
    0x03, 0xC0, 0x3C, 0x07, 0x80, 0x7C, 0x0F, 0x00, 0xFF, 0x3E, 0x01, 0xFF, 0x7C, 0x03, 0xFE, 0xF8,
    0x07, 0xFD, 0xF0, 0x0F, 0x01, 0xF0, 0x7E, 0x03, 0xFF, 0xF8, 0x03, 0xFF, 0xF0, 0x03, 0xFF, 0xC0,
    0x01, 0xFE, 0x00, 0x00, 0x0C, 0x01, 0xC0, 0x7C, 0x1F, 0xC1, 0xFC, 0x7F, 0x9F, 0xFB, 0xCF, 0xF9,
    0xFF, 0x3F, 0xFF, 0xBF, 0xF7, 0xFC, 0x7F, 0x00, 0x00, 0x0F, 0xC0, 0x1F, 0xF0, 0x1F, 0xF8, 0x0F,
    0xFE, 0x0F, 0x8F, 0x07, 0x87, 0xC3, 0xC3, 0xFD, 0xE0, 0xFF, 0xF8, 0x3F, 0xB8, 0x0F, 0xC0, 0x00,
    0x00, 0x1C, 0x78, 0xF1, 0xF3, 0xE3, 0xC7, 0x8F, 0xFF, 0xFF, 0xF7, 0xC1, 0x07, 0x0E, 0x3C, 0x38,
    0x18, 0x00, 0x78, 0x03, 0xF0, 0x77, 0xE3, 0xFF, 0xCF, 0xFF, 0xBF, 0xC7, 0xFE, 0x0F, 0xF0, 0x1F,
    0xC0, 0x1F, 0x80, 0x3F, 0x00, 0x3E, 0x00, 0x30, 0x00, 0x00, 0xC0, 0x00, 0x3C, 0x00, 0x0F, 0xC0,
    0x01, 0xFC, 0x00, 0x3F, 0xE0, 0x0F, 0xFE, 0x01, 0xEF, 0xE0, 0x3D, 0xFE, 0x07, 0xBF, 0xC0, 0xFF,
    0x7D, 0xFF, 0xEF, 0xFF, 0xFF, 0xFF, 0xFF, 0xFD, 0xFF, 0xFF, 0x06, 0x03, 0x80, 0x00, 0x78, 0x00,
    0x1F, 0xC0, 0x01, 0xFE, 0x00, 0x3F, 0xE0, 0x07, 0xDE, 0x00, 0x79, 0xE0, 0x07, 0x9E, 0x00, 0x7B,
    0xC0, 0x7F, 0xFF, 0xCF, 0xFF, 0xFE, 0xFF, 0xFF, 0xEF, 0xFF, 0xFE, 0x0F, 0x8F, 0x00, 0x7C, 0xF0,
    0x07, 0xFF, 0x00, 0x3F, 0xF0, 0x01, 0xFE, 0x00, 0x07, 0xC0, 0x0C, 0x00, 0x0F, 0x00, 0x1F, 0x80,
    0x1F, 0xC0, 0x3F, 0xE0, 0x3F, 0xF8, 0x79, 0xFC, 0x79, 0xFC, 0x7F, 0xFE, 0x3F, 0xDE, 0xFF, 0xDE,
    0xFF, 0xFE, 0xFF, 0xFE, 0xFF, 0xFC, 0x00, 0x60, 0x03, 0xE0, 0x07, 0xF0, 0x03, 0xFC, 0x03, 0xFE,
    0x01, 0xEF, 0x01, 0xF7, 0x80, 0xF3, 0xC0, 0x7B, 0xE0, 0xFF, 0xFF, 0x7F, 0xFF, 0xBF, 0xFF, 0xFF,
    0xFF, 0xE3, 0xC7, 0xC1, 0xF3, 0xE0, 0xFF, 0xE0, 0x3F, 0xF0, 0x0F, 0xF0, 0x01, 0xF0, 0x00, 0x01,
    0xE0, 0x00, 0x07, 0xE0, 0x00, 0x1F, 0xE0, 0x00, 0x7F, 0xC0, 0x01, 0xF7, 0xC0, 0x07, 0xC7, 0x80,
    0x1F, 0x8E, 0x00, 0x3C, 0x00, 0x00, 0xF8, 0x00, 0x01, 0xFE, 0x00, 0xFD, 0xFF, 0xFF, 0xFB, 0xFF,
    0xFF, 0xF1, 0xFF, 0xFF, 0xE0, 0x7F, 0xFC, 0x00, 0x00, 0x7E, 0x03, 0xFF, 0x8F, 0xFF, 0xCF, 0xFF,
    0xEF, 0xFF, 0xC7, 0xC0, 0x03, 0xC0, 0x01, 0xFC, 0x1C, 0xFF, 0xFE, 0x3F, 0xFF, 0x0F, 0xFF, 0x80,
    0xFF, 0x80, 0x1E, 0x00, 0x00, 0x7C, 0x00, 0x00, 0xE0, 0x00, 0x01, 0xC0, 0x00, 0x01, 0xF0, 0x00,
    0x07, 0xE0, 0x00, 0x0E, 0x00, 0x00, 0x00, 0xF0, 0x00, 0x03, 0xF0, 0x00, 0x0F, 0xF0, 0x00, 0x3F,
    0xE0, 0x00, 0xFB, 0xE0, 0x03, 0xE3, 0xC0, 0x0F, 0xC7, 0x00, 0x1E, 0x00, 0x00, 0x7C, 0x00, 0x00,
    0xFF, 0x00, 0x7E, 0xFF, 0xFF, 0xFD, 0xFF, 0xFF, 0xF8, 0xFF, 0xFF, 0xF0, 0x3F, 0xFE, 0x00, 0x1C,
    0x00, 0x1E, 0x00, 0x0C, 0x00, 0x07, 0x40, 0x03, 0xE0, 0x03, 0xF0, 0x00, 0xE0, 0x00, 0x00, 0xFC,
    0x07, 0xFF, 0x1F, 0xFF, 0x9F, 0xFF, 0xDF, 0xFF, 0x8F, 0x80, 0x07, 0x80, 0x03, 0xF8, 0x39, 0xFF,
    0xFC, 0x7F, 0xFE, 0x1F, 0xFF, 0x01, 0xFF, 0x00, 0x00, 0x07, 0xF0, 0x00, 0x7F, 0x80, 0x07, 0xFC,
    0x00, 0x7F, 0xC0, 0x03, 0xC0, 0x00, 0x3E, 0x01, 0xE1, 0xE0, 0x0F, 0x0F, 0xC0, 0x78, 0x3F, 0x87,
    0xC0, 0xFF, 0x3E, 0x03, 0xF9, 0xF0, 0x03, 0xCF, 0x80, 0x3E, 0x3F, 0x07, 0xF1, 0xFF, 0xFF, 0x07,
    0xFF, 0xF0, 0x1F, 0xFF, 0x00, 0x3F, 0xC0, 0x00, 0x00, 0x00, 0x01, 0xE0, 0x00, 0x07, 0x80, 0x70,
    0x1E, 0x01, 0xFE, 0xF8, 0x0F, 0xFF, 0xE0, 0x3F, 0xFF, 0x80, 0x3F, 0xFE, 0x00, 0x7C, 0x7E, 0x03,
    0xE1, 0xFF, 0xFF, 0x83, 0xFF, 0xFC, 0x07, 0xFF, 0xE0, 0x07, 0xFC, 0x00, 0x0E, 0x3E, 0x1E, 0x1E,
    0x1F, 0x1F, 0x0F, 0x1F, 0xFF, 0xFE, 0xFE, 0xF8, 0x00, 0x00, 0xE7, 0xFF, 0xFF, 0xE7, 0x0E, 0x00,
    0x78, 0x07, 0xC0, 0x3E, 0x01, 0xF0, 0x7F, 0xFB, 0xFF, 0xDF, 0xFF, 0xF3, 0xF0, 0x00, 0x00, 0x00,
    0xE6, 0x07, 0xF8, 0x3F, 0xC1, 0xDC, 0x00, 0x1F, 0x87, 0xF0, 0xFE, 0x3F, 0xC7, 0x80, 0xF0, 0x1F,
    0x71, 0xFF, 0x7F, 0xFF, 0xFF, 0xFE, 0x3E, 0x04, 0x00, 0x00, 0x1F, 0xE7, 0xF9, 0xBE, 0x00, 0x00,
    0x01, 0xE0, 0x78, 0x1E, 0x07, 0x81, 0xE0, 0x78, 0x1F, 0x07, 0xC1, 0xF0, 0x7C, 0x1F, 0x07, 0xC1,
    0xF0, 0x7C, 0x0F, 0x03, 0xC0, 0xF0, 0x00, 0x07, 0xF8, 0x7F, 0xC6, 0x78, 0x00, 0x01, 0xE0, 0x1E,
    0x01, 0xE0, 0x1E, 0x01, 0xF0, 0x1F, 0x01, 0xF0, 0x1F, 0x01, 0xF0, 0x1F, 0x01, 0xF0, 0x0F, 0x00,
    0xF0, 0x0F, 0x00, 0xF0, 0x0F, 0xE0, 0xFF, 0x0F, 0xF0, 0x7F, 0x00, 0x00, 0x7B, 0xEE, 0x3A, 0xFF,
    0xFE, 0x00, 0x79, 0xE7, 0x9E, 0x79, 0xE7, 0xDF, 0x7D, 0xF7, 0xDF, 0x7D, 0xF3, 0xCF, 0x3C, 0x78,
    0x3E, 0x0E, 0x03, 0x80, 0x7C, 0x3F, 0x0E, 0x01, 0xE0, 0x78, 0x1E, 0x07, 0x81, 0xF0, 0x7C, 0x1F,
    0x07, 0xC1, 0xF0, 0x7C, 0x1F, 0x03, 0xC0, 0xF0, 0x3C, 0x0F, 0x03, 0xF8, 0xFF, 0x3F, 0xC7, 0xF0,
    0x00, 0x0F, 0x01, 0xF0, 0x1C, 0x01, 0xD0, 0x0F, 0x81, 0xF8, 0x1C, 0x00, 0x00, 0x0F, 0x81, 0xFC,
    0x3F, 0xE7, 0xFE, 0x79, 0xE7, 0x9F, 0x7F, 0xF7, 0xFF, 0x7F, 0xF3, 0xFE, 0x03, 0xE1, 0xFE, 0xFF,
    0xC7, 0xF8, 0x7E, 0x07, 0x80, 0x0F, 0x00, 0x1F, 0x00, 0x1C, 0x00, 0x1D, 0x00, 0x0F, 0x80, 0x1F,
    0x80, 0x1C, 0x00, 0x00, 0x00, 0x0F, 0x80, 0x1F, 0xC0, 0x3F, 0xE0, 0x7F, 0xE0, 0x79, 0xE0, 0x79,
    0xF0, 0x7F, 0xFC, 0x7F, 0xFE, 0x7F, 0xFE, 0x3F, 0xFE, 0x03, 0xF8, 0x1F, 0xE0, 0xFF, 0xC0, 0x7F,
    0x80, 0x7E, 0x00, 0x78, 0x00, 0xF3, 0xCF, 0x3C, 0xF3, 0xCF, 0xBE, 0xFB, 0xEF, 0xBE, 0xFB, 0xEF,
    0x9E, 0x79, 0xE7, 0x80, 0x7B, 0xEE, 0x38, 0x7F, 0xFE, 0x00, 0xF0, 0x78, 0x3C, 0x1E, 0x0F, 0x87,
    0xC3, 0xE1, 0xF0, 0xF8, 0x7C, 0x3E, 0x0F, 0x07, 0x83, 0xC1, 0xE0, 0xFE, 0x7F, 0xBF, 0xCF, 0xE0,
    0x03, 0x83, 0xC1, 0xC0, 0xE8, 0x7C, 0x3E, 0x1C, 0x00, 0x0E, 0x00, 0x00, 0xF0, 0x3F, 0x8E, 0x03,
    0xFC, 0x3A, 0x3F, 0xE1, 0xF3, 0xFE, 0x1F, 0x9E, 0x00, 0x61, 0xF0, 0x0F, 0x0F, 0x00, 0x78, 0x7E,
    0x03, 0xC1, 0xFC, 0x3E, 0x07, 0xF9, 0xF0, 0x1F, 0xCF, 0x80, 0x1E, 0x7C, 0x01, 0xF1, 0xF8, 0x3F,
    0x8F, 0xFF, 0xF8, 0x3F, 0xFF, 0x80, 0xFF, 0xF8, 0x01, 0xFE, 0x00, 0x0E, 0x00, 0x00, 0x78, 0x00,
    0x03, 0x80, 0x00, 0x07, 0x40, 0x00, 0x1F, 0x00, 0x00, 0xFC, 0x00, 0x01, 0x80, 0x00, 0x1E, 0x00,
    0x00, 0x78, 0x07, 0x01, 0xE0, 0x1F, 0xEF, 0x80, 0xFF, 0xFE, 0x03, 0xFF, 0xF8, 0x03, 0xFF, 0xE0,
    0x07, 0xC7, 0xE0, 0x3E, 0x1F, 0xFF, 0xF8, 0x3F, 0xFF, 0xC0, 0x7F, 0xFE, 0x00, 0x7F, 0xC0, 0x00,
    0x78, 0xF3, 0x83, 0xA7, 0xDF, 0x98, 0x00, 0x1C, 0x78, 0xF1, 0xF3, 0xE3, 0xC7, 0x8F, 0xFF, 0xFF,
    0xF7, 0xC0, 0x00, 0x1E, 0x03, 0xE0, 0x38, 0x03, 0xA0, 0x3F, 0x03, 0xF0, 0x38, 0x00, 0x00, 0x1E,
    0x01, 0xE0, 0x1E, 0x01, 0xE0, 0x3E, 0x0F, 0xFE, 0xFF, 0xFF, 0xFF, 0xF7, 0xF0, 0x00, 0xF7, 0xBD,
    0xEF, 0x7B, 0xFF, 0xFF, 0xFF, 0xFF, 0xFF, 0xEF, 0x7B, 0xDE, 0xF0, 0x78, 0x3C, 0x1E, 0x0F, 0x87,
    0xC3, 0xE1, 0xF0, 0xF8, 0x7C, 0x3E, 0x0F, 0x07, 0x83, 0xC1, 0xE0, 0xFE, 0x7F, 0xBF, 0xCF, 0xE0,
    0x00, 0x00, 0x00, 0x00, 0x00, 0x00, 0x07, 0x9C, 0x00, 0x03, 0xCF, 0x00, 0x01, 0xE7, 0x80, 0x00,
    0xF3, 0xC0, 0x00, 0x7F, 0xE0, 0x00, 0x3F, 0xF0, 0x00, 0x1F, 0x7F, 0x00, 0xFF, 0x3F, 0xFF, 0xFF,
    0x8F, 0xFF, 0xFF, 0x83, 0xFF, 0xFF, 0x00, 0x3F, 0xFC, 0x00, 0x00, 0x00, 0x00, 0x00, 0x00, 0x00,
    0x00, 0x38, 0x00, 0x00, 0x1E, 0x00, 0x00, 0x1F, 0x00, 0x00, 0x07, 0x00, 0x00, 0x70, 0x00, 0x00,
    0x00, 0xF0, 0x00, 0x00, 0x01, 0xE0, 0x00, 0x0E, 0x03, 0xC0, 0x00, 0x3E, 0x0F, 0x80, 0x00, 0xFC,
    0x1F, 0x00, 0x03, 0xF8, 0x1F, 0xC0, 0xFF, 0xFF, 0x3F, 0xFF, 0xFF, 0xFF, 0x3F, 0xFF, 0xFD, 0xFE,
    0x3F, 0xFF, 0xE1, 0xFC, 0x0F, 0xFC, 0x00, 0x00, 0x00, 0x00, 0x00, 0x00, 0x00, 0x00, 0x00, 0x00,
    0x03, 0x80, 0x00, 0x00, 0x0F, 0x00, 0x00, 0x00, 0x1E, 0x00, 0x00, 0x00, 0x1C, 0x00, 0x00, 0x1C,
    0x78, 0xF1, 0xF3, 0xE3, 0xC7, 0x8F, 0xFF, 0xFF, 0xF7, 0xC0, 0x00, 0x0C, 0x3C, 0x78, 0x70, 0x1E,
    0x01, 0xE0, 0x1E, 0x01, 0xE0, 0x3E, 0x0F, 0xFE, 0xFF, 0xFF, 0xFF, 0xF7, 0xF0, 0x00, 0x00, 0x01,
    0xC0, 0x3C, 0x03, 0xE0, 0x1C, 0x00, 0x00, 0x07, 0x79, 0xFF, 0x1D, 0xE1, 0x98, 0x00, 0x03, 0x00,
    0x70, 0x1F, 0x07, 0xF0, 0x7F, 0x1F, 0xE7, 0xFE, 0xF3, 0xFE, 0x7F, 0xCF, 0xFF, 0xEF, 0xFD, 0xFF,
    0x1F, 0xC0, 0x00, 0x00, 0x00, 0x1E, 0xE0, 0x1F, 0xE0, 0x1F, 0xE0, 0x0C, 0xC0, 0x00, 0x00, 0x00,
    0x00, 0x01, 0xE0, 0x01, 0xF0, 0x07, 0xF0, 0x1F, 0xF0, 0x3F, 0xF0, 0x7F, 0xF0, 0x7D, 0xF0, 0xF8,
    0xF0, 0xF8, 0xF0, 0xFF, 0xF0, 0x7F, 0xF0, 0x7F, 0xFE, 0x3F, 0xFF, 0x02, 0x7F, 0x00, 0x3F, 0x00,
    0x00, 0x00, 0x00, 0x00, 0x00, 0x3B, 0x80, 0x00, 0x3D, 0xE0, 0x00, 0x1E, 0xF0, 0x00, 0x06, 0x30,
    0xF3, 0x80, 0x00, 0x79, 0xE0, 0x00, 0x3C, 0xF0, 0x00, 0x1E, 0x78, 0x00, 0x0F, 0xFC, 0x00, 0x07,
    0xFE, 0x00, 0x03, 0xEF, 0xE0, 0x1F, 0xE7, 0xFF, 0xFF, 0xF1, 0xFF, 0xFF, 0xF0, 0x7F, 0xFF, 0xE0,
    0x07, 0xFF, 0x80, 0x00, 0x00, 0x00, 0x00, 0x00, 0xF7, 0x00, 0x00, 0x01, 0xFE, 0x00, 0x00, 0x03,
    0xFC, 0x00, 0x00, 0x03, 0x30, 0x00, 0x0E, 0x00, 0x00, 0x00, 0x1E, 0x00, 0x00, 0x00, 0x3C, 0x00,
    0x01, 0xC0, 0x78, 0x00, 0x07, 0xC1, 0xF0, 0x00, 0x1F, 0x83, 0xE0, 0x00, 0x7F, 0x03, 0xF8, 0x1F,
    0xFF, 0xE7, 0xFF, 0xFF, 0xFF, 0xE7, 0xFF, 0xFF, 0xBF, 0xC7, 0xFF, 0xFC, 0x3F, 0x81, 0xFF, 0x80,
    0x00, 0x00, 0x3B, 0xBD, 0xEE, 0xF6, 0x30, 0x00, 0x38, 0x3C, 0x1E, 0x0F, 0x87, 0xC1, 0xE0, 0xF0,
    0x79, 0xFC, 0xFE, 0x7E, 0x3E, 0x00, 0x00, 0x00, 0x01, 0xDE, 0x0F, 0xF0, 0x7F, 0x81, 0x98, 0x00,
    0x00, 0x38, 0x01, 0xE0, 0x1F, 0x00, 0xF8, 0x07, 0xC1, 0xFF, 0xEF, 0xFF, 0x7F, 0xFF, 0xCF, 0xC0,
    0x00, 0x00, 0x00, 0x00, 0x00, 0x0E, 0x00, 0x00, 0x07, 0x80, 0x00, 0x03, 0x80, 0x00, 0x07, 0x70,
    0x00, 0x03, 0xF8, 0x00, 0x01, 0xDC, 0x00, 0x00, 0x66, 0x1E, 0x70, 0x00, 0x0F, 0x3C, 0x00, 0x07,
    0x9E, 0x00, 0x03, 0xCF, 0x00, 0x01, 0xFF, 0x80, 0x00, 0xFF, 0xC0, 0x00, 0x7D, 0xFC, 0x03, 0xFC,
    0xFF, 0xFF, 0xFE, 0x3F, 0xFF, 0xFE, 0x0F, 0xFF, 0xFC, 0x00, 0xFF, 0xF0, 0x00, 0x00, 0x00, 0x00,
    0x00, 0x00, 0x1C, 0x00, 0x00, 0x00, 0x78, 0x00, 0x00, 0x00, 0x70, 0x00, 0x00, 0x03, 0xB0, 0x00,
    0x00, 0x0F, 0xF0, 0x00, 0x00, 0x1F, 0xE0, 0x00, 0x00, 0x19, 0x80, 0x00, 0x70, 0x00, 0x00, 0x00,
    0xF0, 0x00, 0x00, 0x01, 0xE0, 0x00, 0x0E, 0x03, 0xC0, 0x00, 0x3E, 0x0F, 0x80, 0x00, 0xFC, 0x1F,
    0x00, 0x03, 0xF8, 0x1F, 0xC0, 0xFF, 0xFF, 0x3F, 0xFF, 0xFF, 0xFF, 0x3F, 0xFF, 0xFD, 0xFE, 0x3F,
    0xFF, 0xE1, 0xFC, 0x0F, 0xFC, 0x00, 0x00, 0x00, 0x38, 0x3C, 0x38, 0xEE, 0xFF, 0xFE, 0x66, 0x00,
    0x1C, 0x3C, 0x3C, 0x3E, 0x3E, 0x1E, 0x1E, 0x1E, 0xFE, 0xFE, 0xFC, 0xF8, 0x00, 0x00, 0x00, 0x78,
    0x03, 0xC0, 0x1E, 0x01, 0xB8, 0x1F, 0xE0, 0xFF, 0x03, 0x30, 0x00, 0x00, 0x70, 0x03, 0xC0, 0x3E,
    0x01, 0xF0, 0x0F, 0x83, 0xFF, 0xDF, 0xFE, 0xFF, 0xFF, 0x9F, 0x80, 0x00, 0x7E, 0x00, 0x7F, 0xE0,
    0x1F, 0xFF, 0x8F, 0xFF, 0xE6, 0x3F, 0xF0, 0x07, 0xF8, 0x0F, 0xFC, 0x1F, 0xF0, 0x1F, 0xC0, 0x1F,
    0x80, 0x1F, 0x80, 0x0F, 0x80, 0x0F, 0x87, 0x07, 0x87, 0x83, 0xC3, 0xC1, 0xE0, 0xE0, 0xF8, 0x00,
    0x7C, 0x00, 0x1F, 0x81, 0xCF, 0xFF, 0xE3, 0xFF, 0xF8, 0xFF, 0xFC, 0x1F, 0xF0, 0x7E, 0x00, 0x07,
    0xFE, 0x00, 0x1F, 0xFF, 0x80, 0xFF, 0xFE, 0x06, 0x3F, 0xF0, 0x00, 0x7F, 0x80, 0x0F, 0xFC, 0x01,
    0xFF, 0xC0, 0x1F, 0xDE, 0x01, 0xF8, 0xFF, 0x9F, 0x83, 0xFE, 0xF8, 0x0F, 0xFF, 0x87, 0x3F, 0x78,
    0x78, 0x03, 0xC3, 0xC0, 0x1E, 0x0E, 0x00, 0xF8, 0x00, 0x07, 0xC0, 0x00, 0x1F, 0x81, 0xC0, 0xFF,
    0xFE, 0x03, 0xFF, 0xF8, 0x0F, 0xFF, 0xC0, 0x1F, 0xF0, 0x00, 0x7F, 0x00, 0x7F, 0xC0, 0x7F, 0xF0,
    0x7F, 0xFE, 0x00, 0xFE, 0x00, 0x7E, 0x03, 0xFE, 0xFF, 0xF8, 0xFF, 0xE0, 0xFF, 0x80, 0xFE, 0x00,
    0x00, 0x00, 0x00, 0x00, 0x03, 0x80, 0x07, 0xC0, 0x07, 0xC0, 0x03, 0x80, 0x7F, 0x00, 0x0F, 0xF8,
    0x01, 0xFF, 0xC0, 0x3F, 0xFF, 0x00, 0x0F, 0xE0, 0x00, 0xFC, 0x00, 0xFF, 0x87, 0xFF, 0xFE, 0xFF,
    0xFF, 0xFF, 0xF3, 0xFF, 0xF8, 0x3F, 0x00, 0x00, 0x00, 0x00, 0x00, 0x06, 0x00, 0x01, 0xE0, 0x00,
    0x3C, 0x00, 0x03, 0x80, 0x00, 0x7E, 0x00, 0x7F, 0xE0, 0x1F, 0xFF, 0x8F, 0xFF, 0xE6, 0x3F, 0xF0,
    0x07, 0xF8, 0x0F, 0xFC, 0x1F, 0xF0, 0x1F, 0xC0, 0x1F, 0x80, 0x1F, 0x80, 0x0F, 0x80, 0x0F, 0x80,
    0x07, 0x80, 0x03, 0xC0, 0x01, 0xE0, 0x00, 0xF8, 0x00, 0x7C, 0x00, 0x1F, 0x81, 0xCF, 0xFF, 0xE3,
    0xFF, 0xF8, 0xFF, 0xFC, 0x1F, 0xF0, 0x7E, 0x00, 0x07, 0xFE, 0x00, 0x1F, 0xFF, 0x80, 0xFF, 0xFE,
    0x06, 0x3F, 0xF0, 0x00, 0x7F, 0x80, 0x0F, 0xFC, 0x01, 0xFF, 0xC0, 0x1F, 0xDE, 0x01, 0xF8, 0xFF,
    0x9F, 0x83, 0xFE, 0xF8, 0x0F, 0xFF, 0x80, 0x3F, 0x78, 0x00, 0x03, 0xC0, 0x00, 0x1E, 0x00, 0x00,
    0xF8, 0x00, 0x07, 0xC0, 0x00, 0x1F, 0x81, 0xC0, 0xFF, 0xFE, 0x03, 0xFF, 0xF8, 0x0F, 0xFF, 0xC0,
    0x1F, 0xF0, 0x00, 0x7F, 0x00, 0x7F, 0xC0, 0x7F, 0xF0, 0x7F, 0xFE, 0x00, 0xFE, 0x00, 0x7E, 0x03,
    0xFE, 0xFF, 0xF8, 0xFF, 0xE0, 0xFF, 0x80, 0xFE, 0x00, 0x00, 0x00, 0x7F, 0x00, 0x0F, 0xF8, 0x01,
    0xFF, 0xC0, 0x3F, 0xFF, 0x00, 0x0F, 0xE0, 0x00, 0xFC, 0x00, 0xFF, 0x87, 0xFF, 0xFE, 0xFF, 0xFF,
    0xFF, 0xF3, 0xFF, 0xF8, 0x3F, 0x00, 0x00, 0x00, 0x01, 0x80, 0x01, 0xE0, 0x00, 0xF0, 0x00, 0x78,
    0x00, 0x18, 0x00, 0x00, 0x01, 0xF8, 0x01, 0xFF, 0x80, 0x7F, 0xFE, 0x3F, 0xFF, 0x98, 0xFF, 0xC0,
    0x1F, 0xE0, 0x3F, 0xF0, 0x7F, 0xC0, 0x7F, 0x00, 0x7E, 0x00, 0x7E, 0x00, 0x3E, 0x00, 0x3E, 0x00,
    0x1E, 0x00, 0x0F, 0x00, 0x07, 0x80, 0x03, 0xE0, 0x01, 0xF0, 0x00, 0x7E, 0x07, 0x3F, 0xFF, 0x8F,
    0xFF, 0xE3, 0xFF, 0xF0, 0x7F, 0xC0, 0x01, 0x80, 0x00, 0x1E, 0x00, 0x00, 0xF0, 0x00, 0x07, 0x80,
    0x00, 0x18, 0x00, 0x00, 0x00, 0x01, 0xF8, 0x00, 0x1F, 0xF8, 0x00, 0x7F, 0xFE, 0x03, 0xFF, 0xF8,
    0x18, 0xFF, 0xC0, 0x01, 0xFE, 0x00, 0x3F, 0xF0, 0x07, 0xFF, 0x00, 0x7F, 0x78, 0x07, 0xE3, 0xFE,
    0x7E, 0x0F, 0xFB, 0xE0, 0x3F, 0xFE, 0x00, 0xFD, 0xE0, 0x00, 0x0F, 0x00, 0x00, 0x78, 0x00, 0x03,
    0xE0, 0x00, 0x1F, 0x00, 0x00, 0x7E, 0x07, 0x03, 0xFF, 0xF8, 0x0F, 0xFF, 0xE0, 0x3F, 0xFF, 0x00,
    0x7F, 0xC0, 0x00, 0x08, 0x00, 0x3C, 0x00, 0x3E, 0x00, 0x3C, 0x00, 0x18, 0x00, 0x00, 0x00, 0x00,
    0x00, 0x7F, 0x00, 0x7F, 0xC0, 0x7F, 0xF0, 0x7F, 0xFE, 0x00, 0xFE, 0x00, 0x7E, 0x03, 0xFE, 0xFF,
    0xF8, 0xFF, 0xE0, 0xFF, 0x80, 0xFE, 0x00, 0x00, 0x00, 0x08, 0x00, 0x07, 0x80, 0x00, 0xF0, 0x00,
    0x1E, 0x00, 0x01, 0x80, 0x00, 0x00, 0x00, 0x00, 0x00, 0x03, 0xF8, 0x00, 0x7F, 0xC0, 0x0F, 0xFE,
    0x01, 0xFF, 0xF8, 0x00, 0x7F, 0x00, 0x07, 0xE0, 0x07, 0xFC, 0x3F, 0xFF, 0xF7, 0xFF, 0xFF, 0xFF,
    0x9F, 0xFF, 0xC1, 0xF8, 0x00, 0x00, 0x00, 0x01, 0x80, 0x78, 0x07, 0xC0, 0x3E, 0x03, 0xE0, 0x1F,
    0x01, 0xF0, 0x0F, 0x00, 0xF7, 0xFF, 0x7F, 0xF7, 0xFE, 0x7F, 0xC0, 0x60, 0x01, 0x80, 0x03, 0xC0,
    0x01, 0xF0, 0x00, 0x7C, 0x00, 0x3E, 0x00, 0x0F, 0x80, 0x07, 0xC0, 0x01, 0xE0, 0x00, 0xF8, 0x3F,
    0xFF, 0x9F, 0xFF, 0xCF, 0xFF, 0xF7, 0xFD, 0xF0, 0x30, 0x00, 0x04, 0x00, 0xE0, 0x1F, 0x00, 0xF0,
    0x06, 0x00, 0x00, 0x01, 0x80, 0x78, 0x07, 0xC0, 0x3E, 0x03, 0xE0, 0x1F, 0x01, 0xF0, 0x0F, 0x00,
    0xF7, 0xFF, 0x7F, 0xF7, 0xFE, 0x7F, 0xC0, 0x60, 0x04, 0x00, 0x07, 0x00, 0x07, 0xC0, 0x01, 0xE0,
    0x00, 0x60, 0x00, 0x00, 0x00, 0x06, 0x00, 0x0F, 0x00, 0x07, 0xC0, 0x01, 0xF0, 0x00, 0xF8, 0x00,
    0x3E, 0x00, 0x1F, 0x00, 0x07, 0x80, 0x03, 0xE0, 0xFF, 0xFE, 0x7F, 0xFF, 0x3F, 0xFF, 0xDF, 0xF7,
    0xC0, 0xC0, 0x00, 0x01, 0x01, 0xE0, 0xF8, 0x1F, 0x07, 0xC0, 0xF0, 0x3C, 0x0F, 0x07, 0xC1, 0xF0,
    0xF8, 0xFE, 0xFF, 0x3F, 0x87, 0x81, 0x80, 0x01, 0x00, 0x0F, 0x00, 0x3E, 0x00, 0x3E, 0x00, 0x7C,
    0x00, 0x78, 0x00, 0xFF, 0x01, 0xFE, 0x07, 0xFE, 0x0F, 0xF8, 0x3E, 0x01, 0xFC, 0x0F, 0xF0, 0x1F,
    0xC0, 0x3E, 0x00, 0x30, 0x00, 0x03, 0x01, 0xE0, 0x78, 0x1E, 0x03, 0x00, 0x00, 0x00, 0x04, 0x07,
    0x83, 0xE0, 0x7C, 0x1F, 0x03, 0xC0, 0xF0, 0x3C, 0x1F, 0x07, 0xC3, 0xE3, 0xFB, 0xFC, 0xFE, 0x1E,
    0x06, 0x00, 0x02, 0x00, 0x0E, 0x00, 0x3E, 0x00, 0x38, 0x00, 0x70, 0x00, 0x00, 0x00, 0x00, 0x00,
    0x80, 0x07, 0x80, 0x1F, 0x00, 0x1F, 0x00, 0x3E, 0x00, 0x3C, 0x00, 0x7F, 0x80, 0xFF, 0x03, 0xFF,
    0x07, 0xFC, 0x1F, 0x00, 0xFE, 0x07, 0xF8, 0x0F, 0xE0, 0x1F, 0x00, 0x18, 0x00, 0x00, 0x00, 0x00,
    0x00, 0x07, 0x00, 0x00, 0x00, 0x07, 0x80, 0x00, 0x00, 0x03, 0xE0, 0x00, 0x60, 0x61, 0xF0, 0x00,
    0xF8, 0x3C, 0x78, 0x00, 0x3C, 0x3E, 0x3D, 0xE0, 0x1E, 0x1E, 0x1E, 0xF0, 0x0F, 0x8F, 0x0F, 0x78,
    0x07, 0xFF, 0xFF, 0xFC, 0x03, 0xFF, 0xFF, 0xFE, 0x01, 0xFF, 0xFF, 0xDF, 0x00, 0xFF, 0xDF, 0xCF,
    0x80, 0x78, 0x00, 0x03, 0xE0, 0xFC, 0x00, 0x01, 0xFF, 0xFC, 0x00, 0x00, 0x7F, 0xFE, 0x00, 0x00,
    0x1F, 0xFE, 0x00, 0x00, 0x03, 0xFC, 0x00, 0x00, 0x00, 0x00, 0x00, 0x00, 0x01, 0x00, 0x00, 0x00,
    0x00, 0x1E, 0x00, 0x00, 0x30, 0x30, 0x78, 0x00, 0x03, 0xE0, 0xF1, 0xE0, 0x00, 0x07, 0x87, 0xC7,
    0x81, 0xE0, 0x1E, 0x1E, 0x1E, 0x07, 0x80, 0x7C, 0x78, 0x7C, 0x1E, 0x01, 0xFF, 0xFF, 0xFE, 0xF8,
    0x07, 0xFF, 0xFF, 0xFF, 0xE0, 0x1F, 0xFF, 0xFF, 0xFF, 0x80, 0x7F, 0xEF, 0xEF, 0xFE, 0x01, 0xE0,
    0x00, 0x00, 0x7C, 0x1F, 0x80, 0x00, 0x01, 0xFF, 0xFC, 0x00, 0x00, 0x03, 0xFF, 0xF0, 0x00, 0x00,
    0x07, 0xFF, 0x80, 0x00, 0x00, 0x07, 0xF8, 0x00, 0x00, 0x00, 0x00, 0x00, 0x1C, 0x00, 0x00, 0xF8,
    0x00, 0x00, 0xF0, 0x40, 0xE1, 0xE1, 0xE1, 0xE3, 0xE3, 0xC3, 0xC7, 0xC7, 0x87, 0x87, 0x9F, 0x1F,
    0x0F, 0xFF, 0xFF, 0xFF, 0xFF, 0xFF, 0xFB, 0xFF, 0xFF, 0xF7, 0xBF, 0xBF, 0xC0, 0x00, 0x00, 0x00,
    0x00, 0x00, 0x0C, 0x00, 0x00, 0x03, 0xC0, 0x08, 0x1C, 0x3C, 0x01, 0xE1, 0xE1, 0xE0, 0x1E, 0x1E,
    0x1E, 0x01, 0xE1, 0xE1, 0xE0, 0x3E, 0x3E, 0x3E, 0x0F, 0xFF, 0xFF, 0xFE, 0xFF, 0xFF, 0xFF, 0xFF,
    0xFF, 0xFF, 0xFF, 0xF7, 0xF7, 0xF3, 0xE0, 0x00, 0x00, 0x00, 0x00, 0x00, 0x00, 0x00, 0x00, 0x00,
    0x03, 0x80, 0x00, 0x00, 0x03, 0xC0, 0x00, 0x00, 0x00, 0xE0, 0x00, 0x00, 0x01, 0xD8, 0x00, 0x00,
    0x01, 0xFE, 0x00, 0x00, 0x00, 0xFF, 0x00, 0x00, 0x00, 0x33, 0x0E, 0x00, 0x00, 0x00, 0x0F, 0x00,
    0x00, 0x00, 0x07, 0xC0, 0x00, 0xC0, 0xC3, 0xE0, 0x01, 0xF0, 0x78, 0xF0, 0x00, 0x78, 0x7C, 0x7B,
    0xC0, 0x3C, 0x3C, 0x3D, 0xE0, 0x1F, 0x1E, 0x1E, 0xF0, 0x0F, 0xFF, 0xFF, 0xF8, 0x07, 0xFF, 0xFF,
    0xFC, 0x03, 0xFF, 0xFF, 0xBE, 0x01, 0xFF, 0xBF, 0x9F, 0x00, 0xF0, 0x00, 0x07, 0xC1, 0xF8, 0x00,
    0x03, 0xFF, 0xF8, 0x00, 0x00, 0xFF, 0xFC, 0x00, 0x00, 0x3F, 0xFC, 0x00, 0x00, 0x07, 0xF8, 0x00,
    0x00, 0x00, 0x00, 0x00, 0x00, 0x00, 0x00, 0x00, 0x00, 0x1C, 0x00, 0x00, 0x00, 0x00, 0xF0, 0x00,
    0x00, 0x00, 0x01, 0xC0, 0x00, 0x00, 0x00, 0x1D, 0x80, 0x00, 0x00, 0x00, 0xFF, 0x00, 0x00, 0x00,
    0x03, 0xFC, 0x00, 0x00, 0x00, 0x06, 0x60, 0x00, 0x00, 0x00, 0x00, 0x01, 0x00, 0x00, 0x00, 0x00,
    0x1E, 0x00, 0x00, 0x30, 0x30, 0x78, 0x00, 0x03, 0xE0, 0xF1, 0xE0, 0x00, 0x07, 0x87, 0xC7, 0x81,
    0xE0, 0x1E, 0x1E, 0x1E, 0x07, 0x80, 0x7C, 0x78, 0x7C, 0x1E, 0x01, 0xFF, 0xFF, 0xFE, 0xF8, 0x07,
    0xFF, 0xFF, 0xFF, 0xE0, 0x1F, 0xFF, 0xFF, 0xFF, 0x80, 0x7F, 0xEF, 0xEF, 0xFE, 0x01, 0xE0, 0x00,
    0x00, 0x7C, 0x1F, 0x80, 0x00, 0x01, 0xFF, 0xFC, 0x00, 0x00, 0x03, 0xFF, 0xF0, 0x00, 0x00, 0x07,
    0xFF, 0x80, 0x00, 0x00, 0x07, 0xF8, 0x00, 0x00, 0x00, 0x00, 0x00, 0x00, 0x00, 0x3C, 0x00, 0x00,
    0x78, 0x00, 0x00, 0xF0, 0x00, 0x03, 0xF0, 0x00, 0x0F, 0xF0, 0x00, 0x1F, 0xE0, 0x00, 0x19, 0x8E,
    0x00, 0x00, 0x7C, 0x00, 0x00, 0x78, 0x20, 0x70, 0xF0, 0xF0, 0xF1, 0xF1, 0xE1, 0xE3, 0xE3, 0xC3,
    0xC3, 0xCF, 0x8F, 0x87, 0xFF, 0xFF, 0xFF, 0xFF, 0xFF, 0xFD, 0xFF, 0xFF, 0xFB, 0xDF, 0xDF, 0xE0,
    0x00, 0x00, 0x00, 0x00, 0x00, 0x00, 0x00, 0x01, 0xC0, 0x00, 0x00, 0x1E, 0x00, 0x00, 0x01, 0xC0,
    0x00, 0x00, 0x77, 0x00, 0x00, 0x07, 0xF8, 0x00, 0x00, 0x7F, 0x00, 0x00, 0x03, 0x30, 0x00, 0x00,
    0x00, 0x0C, 0x00, 0x00, 0x03, 0xC0, 0x08, 0x1C, 0x3C, 0x01, 0xE1, 0xE1, 0xE0, 0x1E, 0x1E, 0x1E,
    0x01, 0xE1, 0xE1, 0xE0, 0x3E, 0x3E, 0x3E, 0x0F, 0xFF, 0xFF, 0xFE, 0xFF, 0xFF, 0xFF, 0xFF, 0xFF,
    0xFF, 0xFF, 0xF7, 0xF7, 0xF3, 0xE0, 0x00, 0x00, 0x00, 0x00, 0x00, 0x00, 0x3F, 0x80, 0x00, 0x00,
    0x1F, 0xF8, 0x00, 0x0C, 0x07, 0xFF, 0x00, 0x07, 0xC1, 0xFF, 0xF0, 0x00, 0xF8, 0x7E, 0x3E, 0xF0,
    0x0F, 0x1F, 0x03, 0xDE, 0x01, 0xF7, 0xC0, 0xFB, 0xC0, 0x3F, 0xFF, 0xFE, 0xF8, 0x07, 0xFF, 0xFF,
    0xDF, 0x00, 0xFF, 0xFF, 0xF3, 0xE0, 0x1F, 0xFF, 0xF8, 0x7C, 0x03, 0xC3, 0xF8, 0x07, 0xC1, 0xF8,
    0x00, 0x00, 0xFF, 0xFE, 0x00, 0x00, 0x0F, 0xFF, 0xC0, 0x00, 0x00, 0xFF, 0xF0, 0x00, 0x00, 0x07,
    0xF8, 0x00, 0x00, 0x00, 0x00, 0x00, 0x00, 0x3F, 0x80, 0x00, 0x00, 0x01, 0xFF, 0x80, 0x00, 0x0C,
    0x07, 0xFF, 0x00, 0x00, 0x7C, 0x1F, 0xFF, 0x00, 0x00, 0xF8, 0x7E, 0x3E, 0x0F, 0x00, 0xF1, 0xF0,
    0x3C, 0x1E, 0x01, 0xF7, 0xC0, 0xF8, 0x3C, 0x03, 0xFF, 0xFF, 0xFC, 0xF8, 0x07, 0xFF, 0xFF, 0xFD,
    0xF0, 0x0F, 0xFF, 0xFF, 0xFB, 0xE0, 0x1F, 0xFF, 0xFF, 0xF7, 0xC0, 0x3C, 0x3F, 0x80, 0x07, 0xC1,
    0xF8, 0x00, 0x00, 0x0F, 0xFF, 0xE0, 0x00, 0x00, 0x0F, 0xFF, 0xC0, 0x00, 0x00, 0x0F, 0xFF, 0x00,
    0x00, 0x00, 0x07, 0xF8, 0x00, 0x00, 0x00, 0x00, 0x01, 0xF8, 0x00, 0x07, 0xFC, 0x10, 0x0F, 0xFE,
    0x1E, 0x1F, 0xFF, 0x1E, 0x3F, 0x1F, 0x3C, 0x7C, 0x1F, 0x3C, 0xF8, 0x1F, 0xFF, 0xF1, 0xFE, 0xFF,
    0xFF, 0xFE, 0xFF, 0xFF, 0xFC, 0xF7, 0xFF, 0xF0, 0x00, 0xFF, 0x80, 0x00, 0x01, 0xF8, 0x00, 0x00,
    0x7F, 0xC0, 0x10, 0x0F, 0xFE, 0x01, 0xE1, 0xFF, 0xF0, 0x1E, 0x3F, 0x1F, 0x03, 0xC7, 0xC1, 0xF0,
    0x3C, 0xF8, 0x1F, 0x0F, 0xFF, 0x1F, 0xFC, 0xFF, 0xFF, 0xFF, 0xEF, 0xFF, 0xFF, 0xFE, 0xF7, 0xFF,
    0xFF, 0xE0, 0x0F, 0xF8, 0x00, 0x00, 0x00, 0x00, 0x08, 0x00, 0x00, 0x00, 0x07, 0x80, 0x00, 0x00,
    0x00, 0xF8, 0x00, 0x00, 0x00, 0x1E, 0x00, 0x00, 0x00, 0x01, 0x80, 0x00, 0x00, 0x00, 0x00, 0x00,
    0x00, 0x00, 0x00, 0x00, 0x00, 0x00, 0x01, 0xFC, 0x00, 0x00, 0x00, 0xFF, 0xC0, 0x00, 0x60, 0x3F,
    0xF8, 0x00, 0x3E, 0x0F, 0xFF, 0x80, 0x07, 0xC3, 0xF1, 0xF7, 0x80, 0x78, 0xF8, 0x1E, 0xF0, 0x0F,
    0xBE, 0x07, 0xDE, 0x01, 0xFF, 0xFF, 0xF7, 0xC0, 0x3F, 0xFF, 0xFE, 0xF8, 0x07, 0xFF, 0xFF, 0x9F,
    0x00, 0xFF, 0xFF, 0xC3, 0xE0, 0x1E, 0x1F, 0xC0, 0x3E, 0x0F, 0xC0, 0x00, 0x07, 0xFF, 0xF0, 0x00,
    0x00, 0x7F, 0xFE, 0x00, 0x00, 0x07, 0xFF, 0x80, 0x00, 0x00, 0x3F, 0xC0, 0x00, 0x00, 0x00, 0x00,
    0x00, 0x08, 0x00, 0x00, 0x00, 0x00, 0x78, 0x00, 0x00, 0x00, 0x00, 0xF8, 0x00, 0x00, 0x00, 0x01,
    0xE0, 0x00, 0x00, 0x00, 0x01, 0x80, 0x00, 0x00, 0x00, 0x00, 0x00, 0x00, 0x00, 0x00, 0x00, 0x00,
    0x00, 0x00, 0x00, 0x1F, 0xC0, 0x00, 0x00, 0x00, 0xFF, 0xC0, 0x00, 0x06, 0x03, 0xFF, 0x80, 0x00,
    0x3E, 0x0F, 0xFF, 0x80, 0x00, 0x7C, 0x3F, 0x1F, 0x07, 0x80, 0x78, 0xF8, 0x1E, 0x0F, 0x00, 0xFB,
    0xE0, 0x7C, 0x1E, 0x01, 0xFF, 0xFF, 0xFE, 0x7C, 0x03, 0xFF, 0xFF, 0xFE, 0xF8, 0x07, 0xFF, 0xFF,
    0xFD, 0xF0, 0x0F, 0xFF, 0xFF, 0xFB, 0xE0, 0x1E, 0x1F, 0xC0, 0x03, 0xE0, 0xFC, 0x00, 0x00, 0x07,
    0xFF, 0xF0, 0x00, 0x00, 0x07, 0xFF, 0xE0, 0x00, 0x00, 0x07, 0xFF, 0x80, 0x00, 0x00, 0x03, 0xFC,
    0x00, 0x00, 0x00, 0x00, 0x00, 0x40, 0x00, 0x01, 0xE0, 0x00, 0x01, 0xF0, 0x00, 0x01, 0xE0, 0x00,
    0x00, 0xC0, 0x00, 0x00, 0x00, 0x00, 0x00, 0x00, 0x00, 0x01, 0xF8, 0x00, 0x07, 0xFC, 0x10, 0x0F,
    0xFE, 0x1E, 0x1F, 0xFF, 0x1E, 0x3F, 0x1F, 0x3C, 0x7C, 0x1F, 0x3C, 0xF8, 0x1F, 0xFF, 0xF1, 0xFE,
    0xFF, 0xFF, 0xFE, 0xFF, 0xFF, 0xFC, 0xF7, 0xFF, 0xF0, 0x00, 0xFF, 0x80, 0x00, 0x00, 0x40, 0x00,
    0x00, 0x1E, 0x00, 0x00, 0x01, 0xF0, 0x00, 0x00, 0x1E, 0x00, 0x00, 0x00, 0xC0, 0x00, 0x00, 0x00,
    0x00, 0x00, 0x00, 0x00, 0x00, 0x00, 0x1F, 0x80, 0x00, 0x07, 0xFC, 0x01, 0x00, 0xFF, 0xE0, 0x1E,
    0x1F, 0xFF, 0x01, 0xE3, 0xF1, 0xF0, 0x3C, 0x7C, 0x1F, 0x03, 0xCF, 0x81, 0xF0, 0xFF, 0xF1, 0xFF,
    0xCF, 0xFF, 0xFF, 0xFE, 0xFF, 0xFF, 0xFF, 0xEF, 0x7F, 0xFF, 0xFE, 0x00, 0xFF, 0x80, 0x00, 0x07,
    0x00, 0x00, 0x7C, 0x00, 0x03, 0xE0, 0x00, 0x0F, 0x00, 0x00, 0x78, 0x00, 0x03, 0xC0, 0x00, 0x1E,
    0x00, 0x00, 0xF0, 0x00, 0x07, 0x9F, 0xC0, 0x3D, 0xFF, 0x01, 0xFF, 0xFC, 0x0F, 0xFF, 0xE0, 0x7F,
    0x0F, 0x03, 0xF0, 0x78, 0x1F, 0x03, 0xCF, 0xFF, 0xFE, 0xFF, 0xFF, 0xE7, 0xFF, 0xFE, 0x3F, 0xFF,
    0xE0, 0x3F, 0xF0, 0x00, 0x07, 0x00, 0x00, 0x0F, 0x80, 0x00, 0x0F, 0x80, 0x00, 0x07, 0x80, 0x00,
    0x07, 0x80, 0x00, 0x07, 0x80, 0x00, 0x07, 0x80, 0x00, 0x07, 0x80, 0x00, 0x07, 0x9F, 0xC0, 0x07,
    0xBF, 0xE0, 0x07, 0xFF, 0xF0, 0x07, 0xFF, 0xF0, 0x07, 0xF0, 0xF0, 0x07, 0xE0, 0xF0, 0x07, 0xC0,
    0xF0, 0x7F, 0xFF, 0xFE, 0xFF, 0xFF, 0xFF, 0xFF, 0xFF, 0xFF, 0xFF, 0xFF, 0xFF, 0x1F, 0xF8, 0x00,
    0x3C, 0x00, 0x0F, 0x00, 0x03, 0xC0, 0x00, 0xF0, 0x00, 0x3C, 0x00, 0x0F, 0x00, 0x03, 0xC0, 0x00,
    0xF0, 0x60, 0x3C, 0xFF, 0x0F, 0x7F, 0xE3, 0xFF, 0xF8, 0xFF, 0xFF, 0x3F, 0x87, 0xCF, 0xC1, 0xF3,
    0xE0, 0xFF, 0xFF, 0xFE, 0xFF, 0xFF, 0xBF, 0xFF, 0x8F, 0xFF, 0x83, 0xF0, 0x00, 0x3C, 0x00, 0x00,
    0xF0, 0x00, 0x03, 0xC0, 0x00, 0x0F, 0x00, 0x00, 0x3C, 0x00, 0x00, 0xF0, 0x00, 0x03, 0xC0, 0x00,
    0x0F, 0x06, 0x00, 0x3C, 0xFF, 0x00, 0xF7, 0xFE, 0x03, 0xFF, 0xF8, 0x0F, 0xFF, 0xF0, 0x3F, 0x87,
    0xC0, 0xFC, 0x1F, 0x03, 0xE0, 0xFC, 0x3F, 0xFF, 0xFC, 0xFF, 0xFF, 0xFB, 0xFF, 0xFF, 0xEF, 0xFF,
    0xBF, 0xBF, 0x00, 0x00, 0x07, 0x00, 0x00, 0x7C, 0x18, 0x03, 0xE1, 0xE0, 0x0F, 0x0F, 0x00, 0x78,
    0x78, 0x03, 0xC1, 0x80, 0x1E, 0x00, 0x00, 0xF0, 0x00, 0x07, 0x9F, 0xC0, 0x3D, 0xFF, 0x01, 0xFF,
    0xFC, 0x0F, 0xFF, 0xE0, 0x7F, 0x0F, 0x03, 0xF0, 0x78, 0x1F, 0x03, 0xCF, 0xFF, 0xFE, 0xFF, 0xFF,
    0xE7, 0xFF, 0xFE, 0x3F, 0xFF, 0xE0, 0x3F, 0xF0, 0x00, 0x07, 0x00, 0x00, 0x0F, 0x82, 0x00, 0x0F,
    0x8F, 0x00, 0x07, 0x8F, 0x80, 0x07, 0x8F, 0x00, 0x07, 0x86, 0x00, 0x07, 0x80, 0x00, 0x07, 0x80,
    0x00, 0x07, 0x9F, 0xC0, 0x07, 0xBF, 0xE0, 0x07, 0xFF, 0xF0, 0x07, 0xFF, 0xF0, 0x07, 0xF0, 0xF0,
    0x07, 0xE0, 0xF0, 0x07, 0xC0, 0xF0, 0x7F, 0xFF, 0xFE, 0xFF, 0xFF, 0xFF, 0xFF, 0xFF, 0xFF, 0xFF,
    0xFF, 0xFF, 0x1F, 0xF8, 0x00, 0x3C, 0x00, 0x0F, 0x04, 0x03, 0xC3, 0x80, 0xF1, 0xF0, 0x3C, 0x78,
    0x0F, 0x0C, 0x03, 0xC0, 0x00, 0xF0, 0x60, 0x3C, 0xFF, 0x0F, 0x7F, 0xE3, 0xFF, 0xF8, 0xFF, 0xFF,
    0x3F, 0x87, 0xCF, 0xC1, 0xF3, 0xE0, 0xFF, 0xFF, 0xFE, 0xFF, 0xFF, 0xBF, 0xFF, 0x8F, 0xFF, 0x83,
    0xF0, 0x00, 0x3C, 0x00, 0x00, 0xF0, 0x40, 0x03, 0xC3, 0x80, 0x0F, 0x1F, 0x00, 0x3C, 0x78, 0x00,
    0xF0, 0xC0, 0x03, 0xC0, 0x00, 0x0F, 0x06, 0x00, 0x3C, 0xFF, 0x00, 0xF7, 0xFE, 0x03, 0xFF, 0xF8,
    0x0F, 0xFF, 0xF0, 0x3F, 0x87, 0xC0, 0xFC, 0x1F, 0x03, 0xE0, 0xFC, 0x3F, 0xFF, 0xFC, 0xFF, 0xFF,
    0xFB, 0xFF, 0xFF, 0xEF, 0xFF, 0xBF, 0xBF, 0x00, 0x00, 0x0F, 0xC0, 0x1F, 0xE0, 0x1F, 0xF0, 0x0F,
    0xF8, 0x07, 0x80, 0x03, 0xC0, 0x01, 0xE0, 0xC0, 0xFF, 0xE0, 0x3F, 0xF8, 0x0F, 0xFC, 0x0F, 0xF8,
    0x07, 0xE0, 0x07, 0xC0, 0x03, 0xC0, 0x03, 0xE0, 0x01, 0xE0, 0x00, 0xF0, 0x00, 0x78, 0x00, 0x3E,
    0x00, 0x0F, 0xC0, 0xE7, 0xFF, 0xF1, 0xFF, 0xF8, 0x7F, 0xFC, 0x0F, 0xF8, 0x07, 0xE0, 0x0F, 0xF8,
    0x0F, 0xFE, 0x07, 0xFF, 0x03, 0xC7, 0x81, 0xF3, 0xC0, 0x7F, 0xE0, 0x1F, 0xE0, 0x07, 0xFF, 0x07,
    0xFF, 0x8F, 0xFF, 0xEF, 0xFF, 0xE7, 0xC0, 0x07, 0xC0, 0x03, 0xC0, 0x01, 0xE0, 0x00, 0xF0, 0x00,
    0x7E, 0x0E, 0x3F, 0xFF, 0x0F, 0xFF, 0xC3, 0xFF, 0xE0, 0x7F, 0x80, 0x03, 0xC0, 0x7F, 0x07, 0xF8,
    0x7F, 0xC3, 0xE4, 0x1E, 0x00, 0xF0, 0x07, 0x86, 0x3F, 0xFF, 0xFF, 0xFF, 0xFF, 0xFF, 0xEF, 0xF8,
    0x00, 0x00, 0x03, 0xF0, 0x07, 0xFC, 0x07, 0xFF, 0x07, 0xFF, 0x83, 0xE3, 0xC1, 0xFB, 0xE0, 0x7F,
    0xE0, 0x1F, 0xF0, 0x7F, 0xFF, 0x3F, 0xFF, 0xDF, 0xFF, 0xEF, 0xCF, 0xF0, 0x00, 0x00, 0x03, 0x00,
    0x03, 0xC0, 0x01, 0xE0, 0x00, 0xF0, 0x00, 0x30, 0x00, 0x00, 0x00, 0x00, 0x00, 0x1F, 0x80, 0x3F,
    0xC0, 0x3F, 0xE0, 0x1F, 0xF0, 0x0F, 0x00, 0x07, 0x80, 0x03, 0xC1, 0x81, 0xFF, 0xC0, 0x7F, 0xF0,
    0x1F, 0xF8, 0x1F, 0xF0, 0x0F, 0xC0, 0x0F, 0x80, 0x07, 0x80, 0x07, 0xC0, 0x03, 0xC0, 0x01, 0xE0,
    0x00, 0xF0, 0x00, 0x7C, 0x00, 0x1F, 0x81, 0xCF, 0xFF, 0xE3, 0xFF, 0xF0, 0xFF, 0xF8, 0x1F, 0xF0,
    0x01, 0x80, 0x01, 0xE0, 0x00, 0xF0, 0x00, 0x78, 0x00, 0x18, 0x00, 0x00, 0x00, 0x1F, 0x80, 0x3F,
    0xE0, 0x3F, 0xF8, 0x1F, 0xFC, 0x0F, 0x1E, 0x07, 0xCF, 0x01, 0xFF, 0x80, 0x7F, 0x80, 0x1F, 0xFC,
    0x1F, 0xFE, 0x3F, 0xFF, 0xBF, 0xFF, 0x9F, 0x00, 0x1F, 0x00, 0x0F, 0x00, 0x07, 0x80, 0x03, 0xC0,
    0x01, 0xF8, 0x38, 0xFF, 0xFC, 0x3F, 0xFF, 0x0F, 0xFF, 0x81, 0xFE, 0x00, 0x03, 0x00, 0x3C, 0x01,
    0xE0, 0x0F, 0x00, 0x30, 0x00, 0x00, 0x0F, 0x01, 0xFC, 0x1F, 0xE1, 0xFF, 0x0F, 0x90, 0x78, 0x03,
    0xC0, 0x1E, 0x18, 0xFF, 0xFF, 0xFF, 0xFF, 0xFF, 0xFF, 0xBF, 0xE0, 0x00, 0x00, 0x00, 0x80, 0x00,
    0xE0, 0x00, 0xF8, 0x00, 0x78, 0x00, 0x18, 0x00, 0x00, 0x00, 0x0F, 0xC0, 0x1F, 0xF0, 0x1F, 0xFC,
    0x1F, 0xFE, 0x0F, 0x8F, 0x07, 0xEF, 0x81, 0xFF, 0x80, 0x7F, 0xC1, 0xFF, 0xFC, 0xFF, 0xFF, 0x7F,
    0xFF, 0xBF, 0x3F, 0xC0, 0x00, 0x00, 0x00, 0x00, 0x10, 0x00, 0x00, 0x1C, 0x00, 0x00, 0x1F, 0x00,
    0x00, 0x07, 0x80, 0x00, 0x01, 0x80, 0x00, 0x00, 0x00, 0x00, 0x00, 0xE0, 0x00, 0x01, 0xFC, 0x00,
    0x01, 0xFF, 0x00, 0x00, 0xFF, 0x80, 0x00, 0xFB, 0xEE, 0x00, 0x78, 0xF7, 0x80, 0x3E, 0x7B, 0xC0,
    0x1F, 0xFD, 0xE0, 0x0F, 0xFF, 0xF0, 0x03, 0xFF, 0xF8, 0x00, 0x7F, 0xBF, 0x80, 0x3F, 0x9F, 0xFF,
    0xFF, 0xC7, 0xFF, 0xFF, 0xC1, 0xFF, 0xFF, 0xC0, 0x1F, 0xFF, 0x00, 0x00, 0x00, 0x04, 0x00, 0x00,
    0x00, 0x38, 0x00, 0x00, 0x01, 0xF0, 0x00, 0x00, 0x07, 0x80, 0x00, 0x00, 0x0C, 0x00, 0x00, 0x00,
    0x00, 0x00, 0x00, 0x00, 0x00, 0x00, 0x00, 0x07, 0xC0, 0x00, 0x00, 0x3F, 0x81, 0xC0, 0x01, 0xFF,
    0x07, 0x80, 0x0F, 0xFC, 0x1E, 0x00, 0x3C, 0xF8, 0x78, 0x00, 0xF1, 0xE3, 0xE0, 0x03, 0xCF, 0x8F,
    0x80, 0x0F, 0xFC, 0x1F, 0xC0, 0x7F, 0xFE, 0x7F, 0xFF, 0xFF, 0xFC, 0xFF, 0xFF, 0xFF, 0xF1, 0xFF,
    0xFF, 0xFF, 0xC0, 0xFF, 0xE0, 0x00, 0x02, 0x00, 0x70, 0x0F, 0x80, 0x78, 0x03, 0x00, 0x00, 0x07,
    0x81, 0xFC, 0x3F, 0xE3, 0xFE, 0x7D, 0xF7, 0x8F, 0x7C, 0xF7, 0xFF, 0x7F, 0xF3, 0xFF, 0x0F, 0xFF,
    0xFE, 0xFF, 0xEF, 0xFC, 0xFF, 0x08, 0x00, 0x03, 0x00, 0x07, 0x80, 0x07, 0x80, 0x07, 0x80, 0x03,
    0x00, 0x00, 0x00, 0x00, 0x00, 0x0F, 0xC0, 0x1F, 0xE0, 0x3F, 0xE0, 0x3F, 0xF0, 0x7C, 0xF0, 0x78,
    0xF0, 0x7D, 0xF0, 0x3F, 0xF0, 0xFF, 0xFE, 0xFF, 0xFE, 0xFF, 0xFF, 0xFF, 0xFE, 0x00, 0x00, 0x00,
    0x00, 0x00, 0x01, 0xDE, 0x00, 0x1F, 0xE0, 0x01, 0xFE, 0x00, 0x0C, 0xC0, 0x00, 0x00, 0x00, 0x03,
    0x00, 0x00, 0xFC, 0x00, 0x1F, 0xE0, 0x03, 0xFE, 0x00, 0x3F, 0xF7, 0x87, 0xCF, 0x78, 0x7C, 0xF7,
    0x87, 0xFF, 0xF8, 0x3F, 0xFF, 0x83, 0xFF, 0xF8, 0x1F, 0xFF, 0x80, 0x1F, 0x7E, 0x07, 0xE7, 0xFF,
    0xFC, 0x3F, 0xFF, 0xC1, 0xFF, 0xF0, 0x07, 0xFC, 0x00, 0x00, 0x00, 0x00, 0x00, 0x1D, 0xE0, 0x00,
    0x3F, 0xE0, 0x00, 0x1D, 0xE0, 0x00, 0x0C, 0xC0, 0x00, 0x00, 0x00, 0x00, 0x07, 0x80, 0x00, 0x1F,
    0xC0, 0x00, 0x3F, 0xE0, 0x00, 0x3F, 0xF0, 0x00, 0x3D, 0xF0, 0x70, 0x78, 0xF0, 0x78, 0x7F, 0xFE,
    0x78, 0x3F, 0xFF, 0xF8, 0x3F, 0xFF, 0xF8, 0x1F, 0xFE, 0xF8, 0x01, 0xF8, 0xF8, 0x03, 0xE0, 0x7E,
    0x0F, 0xE0, 0x7F, 0xFF, 0xC0, 0x3F, 0xFF, 0x80, 0x1F, 0xFF, 0x00, 0x07, 0xFC, 0x00, 0x00, 0x01,
    0xDC, 0x3D, 0xE1, 0xDE, 0x18, 0xC0, 0x00, 0x07, 0x81, 0xFC, 0x3F, 0xE3, 0xFE, 0x7D, 0xF7, 0x8F,
    0x7C, 0xF7, 0xFF, 0x7F, 0xF3, 0xFF, 0x0F, 0xFF, 0xFE, 0xFF, 0xEF, 0xFC, 0xFF, 0x08, 0x00, 0x00,
    0x00, 0x1D, 0xE0, 0x1F, 0xE0, 0x1F, 0xE0, 0x0C, 0xC0, 0x00, 0x00, 0x00, 0x00, 0x0F, 0xC0, 0x1F,
    0xE0, 0x3F, 0xE0, 0x3F, 0xF0, 0x7C, 0xF0, 0x78, 0xF0, 0x7D, 0xF0, 0x3F, 0xF0, 0xFF, 0xFE, 0xFF,
    0xFE, 0xFF, 0xFF, 0xFF, 0xFE, 0x00, 0x00, 0x00, 0x00, 0x3C, 0x00, 0x00, 0x78, 0x00, 0x00, 0xF0,
    0x00, 0x01, 0xE0, 0x00, 0xC3, 0xC0, 0x07, 0xC7, 0x80, 0x0F, 0x8F, 0x00, 0x3C, 0x1E, 0x00, 0x3C,
    0x3C, 0xE0, 0x38, 0x79, 0xE0, 0xF8, 0xF3, 0xC7, 0xE1, 0xE7, 0x87, 0x83, 0xDF, 0x0C, 0x07, 0xBE,
    0x00, 0x0F, 0x3F, 0x80, 0xFE, 0x7F, 0xFF, 0xFC, 0x7F, 0xFF, 0xF0, 0x7F, 0xFF, 0xC0, 0x1F, 0xFC,
    0x00, 0x00, 0x00, 0x3C, 0x00, 0x00, 0x07, 0x80, 0x00, 0x00, 0xF0, 0x00, 0x00, 0x1E, 0x00, 0x00,
    0xC3, 0xC0, 0x00, 0x7C, 0x78, 0x00, 0x0F, 0x8F, 0x00, 0x03, 0xC1, 0xE0, 0x00, 0x3C, 0x3C, 0x0E,
    0x03, 0x87, 0x81, 0xE0, 0xF8, 0xF0, 0x3C, 0x7E, 0x1E, 0x07, 0x87, 0x83, 0xC1, 0xF0, 0xC0, 0x7C,
    0x3E, 0x00, 0x0F, 0x83, 0xF8, 0x0F, 0xFE, 0x7F, 0xFF, 0xFF, 0xE7, 0xFF, 0xFF, 0xFC, 0x7F, 0xFF,
    0xDF, 0x01, 0xFF, 0xC0, 0x00, 0x00, 0xE0, 0x3E, 0x0F, 0xF1, 0xFF, 0x7F, 0xCF, 0xE0, 0xF8, 0x0F,
    0xC0, 0x7E, 0x03, 0xF0, 0x1F, 0x80, 0xF8, 0x07, 0xC0, 0x7C, 0xFF, 0xCF, 0xFC, 0xFF, 0x8F, 0xF0,
    0xE0, 0x00, 0x00, 0x60, 0x07, 0xC0, 0x3F, 0xC0, 0xFF, 0x87, 0xFC, 0x1F, 0xC0, 0x3E, 0x00, 0x7E,
    0x00, 0x7E, 0x00, 0x7E, 0x00, 0x7E, 0x00, 0x7C, 0x00, 0x7C, 0x00, 0xFC, 0x3F, 0xFF, 0x7F, 0xFF,
    0xFF, 0xFF, 0xFE, 0xFF, 0x80, 0x00, 0x00, 0x07, 0x80, 0x01, 0xE0, 0x00, 0x78, 0x00, 0x1E, 0x00,
    0x07, 0x80, 0x01, 0xE0, 0x00, 0x78, 0x00, 0x1E, 0x00, 0x07, 0x80, 0x01, 0xE0, 0x00, 0x78, 0x00,
    0x1E, 0x00, 0x07, 0xDE, 0x01, 0xF7, 0x80, 0x7D, 0xE0, 0x1F, 0xF8, 0x07, 0xBE, 0x01, 0xEF, 0x80,
    0x7B, 0xE0, 0x3E, 0x7C, 0x1F, 0x1F, 0xFF, 0xC3, 0xFF, 0xE0, 0x7F, 0xF0, 0x07, 0xF0, 0x00, 0x00,
    0x07, 0x80, 0x00, 0x1E, 0x00, 0x00, 0x78, 0x00, 0x01, 0xE0, 0x00, 0x07, 0x80, 0x00, 0x1E, 0x00,
    0x00, 0x78, 0x00, 0x01, 0xE0, 0x00, 0x07, 0x80, 0x00, 0x1E, 0x00, 0x00, 0x78, 0x00, 0x01, 0xE0,
    0x00, 0x07, 0x81, 0xE0, 0x1F, 0x07, 0x80, 0x7C, 0x1E, 0x01, 0xFE, 0xF8, 0x07, 0xFF, 0xE0, 0x1F,
    0xFF, 0x80, 0x7F, 0xFE, 0x01, 0xE0, 0x7C, 0x1F, 0x81, 0xFF, 0xFC, 0x03, 0xFF, 0xF0, 0x07, 0xFF,
    0x80, 0x07, 0xF8, 0x00, 0x3C, 0x78, 0xF1, 0xE3, 0xC7, 0x8F, 0x1E, 0x3C, 0x78, 0xF1, 0xE3, 0xC7,
    0xCF, 0x7E, 0xFD, 0xFB, 0xE0, 0x00, 0x3C, 0x07, 0x80, 0xF0, 0x1E, 0x03, 0xC0, 0x78, 0x0F, 0x01,
    0xE0, 0x3C, 0x07, 0x80, 0xF0, 0x1E, 0x03, 0xE0, 0x7C, 0x0F, 0x87, 0xFE, 0xFF, 0xFF, 0xFF, 0xDF,
    0x80, 0x00, 0x00, 0x00, 0x7E, 0x07, 0xF8, 0x7F, 0xE7, 0xFF, 0x9C, 0x7C, 0x21, 0xE0, 0xFF, 0x1F,
    0xFB, 0xFF, 0xDF, 0xFF, 0xF8, 0x6F, 0x80, 0x78, 0x03, 0xC0, 0x1E, 0x00, 0xF0, 0x07, 0xC0, 0x1E,
    0x00, 0xF0, 0x07, 0x80, 0x3C, 0x00, 0x00, 0xF0, 0x00, 0x7F, 0x00, 0x3F, 0xE0, 0x0F, 0xFE, 0x03,
    0xFB, 0xC0, 0x7C, 0x78, 0x1F, 0xC7, 0x83, 0xFF, 0xFE, 0xFF, 0xFF, 0xFE, 0xFF, 0xFF, 0xCF, 0xFF,
    0xF8, 0x78, 0x0F, 0x00, 0x01, 0xE0, 0x00, 0x3E, 0x00, 0x07, 0xC0, 0x00, 0x78, 0x00, 0x0F, 0x00,
    0x01, 0xE0, 0x00, 0x3E, 0x00, 0x03, 0x80, 0x00, 0x01, 0xC0, 0x1F, 0x80, 0xFF, 0x07, 0xFE, 0x1F,
    0xF8, 0xF9, 0xF3, 0xC7, 0xFF, 0xFF, 0xFF, 0xFB, 0xFF, 0xEF, 0x7F, 0x00, 0x00, 0x01, 0xC0, 0x01,
    0xF8, 0x00, 0xFF, 0x00, 0x7F, 0xE0, 0x1E, 0xF8, 0x0F, 0x1F, 0x07, 0xE7, 0xC3, 0xFD, 0xFE, 0xFF,
    0xFF, 0xFF, 0xFF, 0xFE, 0x7F, 0xFC, 0x07, 0x80, 0x00, 0xC0, 0x00, 0x78, 0x00, 0x1E, 0x00, 0x07,
    0x80, 0x00, 0xC0, 0x00, 0x00, 0x00, 0x00, 0x70, 0x00, 0x3E, 0x00, 0x0F, 0x9E, 0x01, 0xE7, 0x80,
    0x79, 0xE0, 0x1F, 0xF8, 0x07, 0xFE, 0x01, 0xFF, 0x80, 0x7B, 0xE0, 0x1E, 0x7C, 0x1F, 0x9F, 0xFF,
    0xC3, 0xFF, 0xE0, 0x7F, 0xF0, 0x07, 0xF0, 0x00, 0x00, 0xC0, 0x00, 0x03, 0xC0, 0x00, 0x07, 0x80,
    0x00, 0x0F, 0x00, 0x00, 0x0C, 0x00, 0x00, 0x00, 0x00, 0x00, 0x00, 0xC0, 0x00, 0x07, 0xC0, 0x00,
    0x07, 0x80, 0xF0, 0x0F, 0x01, 0xE0, 0x1F, 0x03, 0xC0, 0x3F, 0xCF, 0x80, 0x7F, 0xDF, 0x00, 0xFF,
    0xBE, 0x01, 0xFF, 0x7C, 0x03, 0xC0, 0x7C, 0x1F, 0x80, 0xFF, 0xFE, 0x00, 0xFF, 0xFC, 0x00, 0xFF,
    0xF0, 0x00, 0x7F, 0x80, 0x00, 0x10, 0x71, 0xF1, 0xE1, 0x80, 0x07, 0x1E, 0x3C, 0x7C, 0xF8, 0xF1,
    0xE3, 0xFF, 0xFF, 0xFD, 0xF0, 0x00, 0x0C, 0x01, 0xE0, 0x1E, 0x01, 0xE0, 0x0C, 0x00, 0x00, 0x00,
    0x01, 0xE0, 0x1E, 0x01, 0xE0, 0x1E, 0x03, 0xE0, 0xFF, 0xEF, 0xFF, 0xFF, 0xFF, 0x7F, 0x00, 0x00,
    0x0C, 0x01, 0xC0, 0x7C, 0x1F, 0xC1, 0xFC, 0x7F, 0x9F, 0xFB, 0xCF, 0xF9, 0xFF, 0x3F, 0xFF, 0xBF,
    0xF7, 0xFC, 0x7F, 0x00, 0x00, 0x01, 0xE0, 0x01, 0xF0, 0x07, 0xF0, 0x1F, 0xF0, 0x3F, 0xF0, 0x7F,
    0xF0, 0x7D, 0xF0, 0xF8, 0xF0, 0xF8, 0xF0, 0xFF, 0xF0, 0x7F, 0xF0, 0x7F, 0xFE, 0x3F, 0xFF, 0x02,
    0x7F, 0x00, 0x3F, 0x00, 0x00, 0x0C, 0x00, 0x0F, 0x00, 0x1F, 0x80, 0x1F, 0xC0, 0x3F, 0xE0, 0x3F,
    0xF8, 0x79, 0xFC, 0x79, 0xFC, 0x7F, 0xFE, 0x3F, 0xDE, 0xFF, 0xDE, 0xFF, 0xFE, 0xFF, 0xFE, 0xFF,
    0xFC, 0x00, 0x60, 0x03, 0xE0, 0x07, 0xF0, 0x03, 0xFC, 0x03, 0xFE, 0x01, 0xEF, 0x01, 0xF7, 0x80,
    0xF3, 0xC0, 0x7B, 0xE0, 0xFF, 0xFF, 0x7F, 0xFF, 0xBF, 0xFF, 0xFF, 0xFF, 0xE3, 0xC7, 0xC1, 0xF3,
    0xE0, 0xFF, 0xE0, 0x3F, 0xF0, 0x0F, 0xF0, 0x01, 0xF0, 0x00, 0x00, 0x00, 0xF8, 0x1F, 0xC3, 0xFE,
    0x7F, 0xE7, 0x9E, 0x79, 0xF7, 0xFF, 0x7F, 0xF7, 0xFF, 0x3F, 0xE0, 0x3E, 0x1F, 0xEF, 0xFC, 0x7F,
    0x87, 0xE0, 0x78, 0x00, 0x00, 0x00, 0x0F, 0x80, 0x1F, 0xC0, 0x3F, 0xE0, 0x7F, 0xE0, 0x79, 0xE0,
    0x79, 0xF0, 0x7F, 0xFC, 0x7F, 0xFE, 0x7F, 0xFE, 0x3F, 0xFE, 0x03, 0xF8, 0x1F, 0xE0, 0xFF, 0xC0,
    0x7F, 0x80, 0x7E, 0x00, 0x78, 0x00, 0x00, 0x07, 0xF0, 0x00, 0x7F, 0x80, 0x07, 0xFC, 0x00, 0x7F,
    0xC0, 0x03, 0xC0, 0x00, 0x3E, 0x01, 0xE1, 0xE0, 0x0F, 0x0F, 0xC0, 0x78, 0x3F, 0x87, 0xC0, 0xFF,
    0x3E, 0x03, 0xF9, 0xF0, 0x03, 0xCF, 0x80, 0x3E, 0x3F, 0x07, 0xF1, 0xFF, 0xFF, 0x07, 0xFF, 0xF0,
    0x1F, 0xFF, 0x00, 0x3F, 0xC0, 0x00, 0x00, 0x00, 0x01, 0xE0, 0x00, 0x07, 0x80, 0x70, 0x1E, 0x01,
    0xFE, 0xF8, 0x0F, 0xFF, 0xE0, 0x3F, 0xFF, 0x80, 0x3F, 0xFE, 0x00, 0x7C, 0x7E, 0x03, 0xE1, 0xFF,
    0xFF, 0x83, 0xFF, 0xFC, 0x07, 0xFF, 0xE0, 0x07, 0xFC, 0x00, 0x00, 0x07, 0xF0, 0x00, 0x7F, 0x80,
    0x07, 0xFC, 0x00, 0x7F, 0xC0, 0x03, 0xC0, 0x00, 0x3E, 0x01, 0xE1, 0xE0, 0x0F, 0x0F, 0xC0, 0x78,
    0x3F, 0x87, 0xC0, 0xFF, 0x3E, 0x03, 0xF9, 0xF0, 0x03, 0xCF, 0x80, 0x3E, 0x3F, 0x07, 0xF1, 0xFF,
    0xFF, 0x07, 0xFF, 0xF0, 0x1F, 0xFF, 0x00, 0x3F, 0xC0, 0x00, 0x00, 0x00, 0x00, 0x00, 0x00, 0x73,
    0x80, 0x03, 0xFC, 0x00, 0x1F, 0xE0, 0x00, 0xE7, 0x00, 0x00, 0x00, 0x01, 0xE0, 0x00, 0x07, 0x80,
    0x70, 0x1E, 0x01, 0xFE, 0xF8, 0x0F, 0xFF, 0xE0, 0x3F, 0xFF, 0x80, 0x3F, 0xFE, 0x00, 0x7C, 0x7E,
    0x03, 0xE1, 0xFF, 0xFF, 0x83, 0xFF, 0xFC, 0x07, 0xFF, 0xE0, 0x07, 0xFC, 0x00, 0x00, 0x00, 0x00,
    0x00, 0x00, 0x00, 0xEE, 0x00, 0x07, 0xBC, 0x00, 0x1E, 0xF0, 0x00, 0x3B, 0x80, 0x00, 0x0E, 0x3E,
    0x1E, 0x1E, 0x1F, 0x1F, 0x0F, 0x1F, 0xFF, 0xFE, 0xFE, 0xF8, 0x00, 0x00, 0xE7, 0xFF, 0xFF, 0xE7,
    0x0E, 0x00, 0x78, 0x07, 0xC0, 0x3E, 0x01, 0xF0, 0x7F, 0xFB, 0xFF, 0xDF, 0xFF, 0xF3, 0xF0, 0x00,
    0x00, 0x00, 0xE6, 0x07, 0xF8, 0x3F, 0xC1, 0xDC, 0x00, 0x00, 0x00, 0x3F, 0xC0, 0x3F, 0xE1, 0x8D,
    0xF3, 0xC0, 0x01, 0xE0, 0x00, 0xF8, 0x38, 0x7C, 0x3E, 0x3E, 0x1F, 0xDF, 0x07, 0xFF, 0x00, 0xFF,
    0x80, 0x3F, 0xC0, 0x0F, 0xE0, 0x03, 0xF0, 0x03, 0xFC, 0x03, 0xFE, 0x03, 0xE7, 0x83, 0xFF, 0xC1,
    0xFF, 0xE0, 0xFF, 0xE0, 0x7F, 0xE0, 0x00, 0x00, 0x07, 0xF8, 0x00, 0x7F, 0xFC, 0x06, 0xFB, 0xC0,
    0x00, 0x3E, 0x00, 0x03, 0xE0, 0x30, 0x3E, 0x07, 0x83, 0xE0, 0x7C, 0x3E, 0x03, 0xE3, 0xE0, 0x1F,
    0x3E, 0x00, 0xFB, 0xE0, 0x07, 0xFE, 0x00, 0x7F, 0xE0, 0x03, 0xFE, 0x00, 0x1F, 0xE0, 0x01, 0xFE,
    0x07, 0xFF, 0xFC, 0x7F, 0xFF, 0xE7, 0xFD, 0xFE, 0x7F, 0x8F, 0xE0, 0x00, 0x00, 0x78, 0x01, 0xF0,
    0x03, 0x80, 0x07, 0x40, 0x0F, 0xC1, 0x9F, 0x8F, 0x38, 0x1E, 0x00, 0x3E, 0x38, 0x7C, 0xF8, 0xF9,
    0xFD, 0xF1, 0xFF, 0xC0, 0xFF, 0x80, 0xFF, 0x00, 0xFE, 0x00, 0xFC, 0x03, 0xFC, 0x0F, 0xF8, 0x3E,
    0x78, 0xFF, 0xF1, 0xFF, 0xE3, 0xFF, 0x87, 0xFE, 0x00, 0x3C, 0x00, 0x0F, 0x80, 0x01, 0xC0, 0x00,
    0x3A, 0x00, 0x03, 0xE7, 0x80, 0xFC, 0xF0, 0x1C, 0x1F, 0x00, 0x03, 0xE0, 0x60, 0x7C, 0x1E, 0x0F,
    0x83, 0xE1, 0xF0, 0x3E, 0x3E, 0x03, 0xE7, 0xC0, 0x3E, 0xF8, 0x03, 0xFF, 0x00, 0x7F, 0xE0, 0x07,
    0xFC, 0x00, 0x7F, 0x80, 0x0F, 0xF0, 0x7F, 0xFF, 0xCF, 0xFF, 0xFD, 0xFF, 0x7F, 0xBF, 0xC7, 0xF0,
    0x00, 0x00, 0x00, 0x30, 0x03, 0xC0, 0x0F, 0x00, 0x3E, 0x70, 0xFB, 0xE3, 0xEF, 0xEF, 0x9F, 0xFC,
    0x1F, 0xF0, 0x3F, 0xC0, 0x7F, 0x00, 0xFC, 0x07, 0xF8, 0x3F, 0xE1, 0xF3, 0xCF, 0xFF, 0x3F, 0xFC,
    0xFF, 0xE3, 0xFF, 0x00, 0x00, 0x1C, 0x00, 0xF0, 0x03, 0x80, 0x0E, 0x80, 0x3E, 0x00, 0xF8, 0x03,
    0x80, 0x00, 0x00, 0x78, 0x00, 0x0F, 0x00, 0x01, 0xF0, 0x00, 0x3E, 0x06, 0x07, 0xC1, 0xE0, 0xF8,
    0x3E, 0x1F, 0x03, 0xE3, 0xE0, 0x3E, 0x7C, 0x03, 0xEF, 0x80, 0x3F, 0xF0, 0x07, 0xFE, 0x00, 0x7F,
    0xC0, 0x07, 0xF8, 0x00, 0xFF, 0x07, 0xFF, 0xFC, 0xFF, 0xFF, 0xDF, 0xF7, 0xFB, 0xFC, 0x7F, 0x00,
    0x00, 0x01, 0xC0, 0x00, 0x78, 0x00, 0x0E, 0x00, 0x01, 0xD0, 0x00, 0x3E, 0x00, 0x07, 0xC0, 0x00,
    0xE0, 0x00, 0x00, 0x00, 0x30, 0x03, 0xC0, 0x0F, 0x00, 0x3E, 0x70, 0xFB, 0xE3, 0xEF, 0xEF, 0x9F,
    0xFC, 0x1F, 0xF0, 0x3F, 0xC0, 0x7F, 0x00, 0xFC, 0x07, 0xF8, 0x3F, 0xE1, 0xF3, 0xCF, 0xFF, 0x3F,
    0xFC, 0xFF, 0xE3, 0xFF, 0x00, 0x00, 0x78, 0x00, 0x0F, 0x00, 0x01, 0xF0, 0x00, 0x3E, 0x06, 0x07,
    0xC1, 0xE0, 0xF8, 0x3E, 0x1F, 0x03, 0xE3, 0xE0, 0x3E, 0x7C, 0x03, 0xEF, 0x80, 0x3F, 0xF0, 0x07,
    0xFE, 0x00, 0x7F, 0xC0, 0x07, 0xF8, 0x00, 0xFF, 0x07, 0xFF, 0xFC, 0xFF, 0xFF, 0xDF, 0xF7, 0xFB,
    0xFC, 0x7F, 0x00, 0x00, 0x00, 0xF7, 0xBD, 0xEF, 0x7B, 0xDE, 0x73, 0x9C, 0xE7, 0x00, 0x0E, 0xF7,
    0xFC, 0x40, 0x0C, 0x1C, 0x71, 0xE3, 0x8E, 0x1C, 0x78, 0xE1, 0xC3, 0x87, 0x0E, 0x1C, 0x38, 0x70,
    0xE1, 0xE1, 0xC3, 0x83, 0x87, 0x87, 0x07, 0x0C, 0x61, 0xC1, 0xC3, 0xC3, 0x83, 0x87, 0x0F, 0x0E,
    0x1C, 0x38, 0x70, 0xE1, 0xC3, 0x87, 0x0E, 0x3C, 0x70, 0xE3, 0x8F, 0x1C, 0x70, 0x60, 0x3D, 0xF7,
    0xCF, 0x1C, 0x73, 0xDE, 0x70, 0x27, 0xBF, 0xFF, 0x00, 0x00, 0x00, 0x00, 0x00, 0x7B, 0xFF, 0xF0,
    0x00, 0x00, 0x01, 0xFC, 0x3F, 0xE7, 0xFF, 0x70, 0xF0, 0x0F, 0x00, 0xF0, 0x0F, 0x01, 0xE0, 0x3C,
    0x07, 0x80, 0xF0, 0x0F, 0x00, 0xF0, 0x00, 0x00, 0x00, 0x0F, 0x00, 0xF0, 0x0F, 0x00, 0xF0, 0x00,
    0x00,
};

static const EpdGlyph geist_12_boldGlyphs[] = {
    { 0, 0, 0, 0, 0, 0, 0 }, // U+0000
    { 0, 0, 104, 0, 0, 0, 0 }, // U+000D
    { 0, 0, 91, 0, 0, 0, 0 }, // U+0020
    { 5, 18, 103, 1, 18, 12, 0 }, // !
    { 8, 7, 156, 1, 18, 7, 12 }, // "
    { 15, 18, 236, 0, 18, 34, 19 }, // #
    { 15, 23, 268, 1, 20, 44, 53 }, // $
    { 20, 18, 330, 0, 18, 45, 97 }, // %
    { 18, 18, 282, 0, 18, 41, 142 }, // &
    { 4, 7, 81, 1, 18, 4, 183 }, // '
    { 7, 22, 129, 1, 19, 20, 187 }, // (
    { 8, 22, 129, 0, 19, 22, 207 }, // )
    { 10, 11, 169, 0, 20, 14, 229 }, // *
    { 13, 13, 228, 1, 14, 22, 243 }, // +
    { 5, 8, 94, 0, 4, 5, 265 }, // ,
    { 10, 3, 167, 0, 9, 4, 270 }, // -
    { 5, 4, 94, 0, 4, 3, 274 }, // .
    { 12, 22, 209, 0, 19, 33, 277 }, // /
    { 16, 18, 277, 1, 18, 36, 310 }, // 0
    { 9, 18, 180, 0, 18, 21, 346 }, // 1
    { 14, 18, 261, 1, 18, 32, 367 }, // 2
    { 15, 18, 260, 1, 18, 34, 399 }, // 3
    { 16, 18, 262, 0, 18, 36, 433 }, // 4
    { 15, 18, 268, 1, 18, 34, 469 }, // 5
    { 14, 18, 251, 1, 18, 32, 503 }, // 6
    { 14, 18, 218, 0, 18, 32, 535 }, // 7
    { 16, 18, 266, 0, 18, 36, 567 }, // 8
    { 15, 18, 252, 0, 18, 34, 603 }, // 9
    { 5, 13, 124, 1, 13, 9, 637 }, // :
    { 5, 17, 124, 1, 13, 11, 646 }, // ;
    { 12, 15, 220, 1, 15, 23, 657 }, // <
    { 12, 9, 221, 1, 12, 14, 680 }, // =
    { 12, 15, 220, 1, 15, 23, 694 }, // >
    { 14, 18, 236, 0, 18, 32, 717 }, // ?
    { 22, 21, 385, 1, 18, 58, 749 }, // @
    { 18, 18, 292, 0, 18, 41, 807 }, // A
    { 16, 18, 281, 1, 18, 36, 848 }, // B
    { 17, 18, 294, 1, 18, 39, 884 }, // C
    { 16, 18, 286, 1, 18, 36, 923 }, // D
    { 14, 18, 249, 1, 18, 32, 959 }, // E
    { 14, 18, 242, 1, 18, 32, 991 }, // F
    { 17, 18, 295, 1, 18, 39, 1023 }, // G
    { 16, 18, 288, 1, 18, 36, 1062 }, // H
    { 5, 18, 120, 1, 18, 12, 1098 }, // I
    { 14, 18, 251, 1, 18, 32, 1110 }, // J
    { 16, 18, 276, 1, 18, 36, 1142 }, // K
    { 13, 18, 236, 1, 18, 30, 1178 }, // L
    { 21, 18, 366, 1, 18, 48, 1208 }, // M
    { 16, 18, 300, 1, 18, 36, 1256 }, // N
    { 18, 18, 310, 1, 18, 41, 1292 }, // O
    { 15, 18, 269, 1, 18, 34, 1333 }, // P
    { 18, 19, 308, 1, 18, 43, 1367 }, // Q
    { 16, 18, 279, 1, 18, 36, 1410 }, // R
    { 15, 18, 272, 1, 18, 34, 1446 }, // S
    { 15, 18, 240, 0, 18, 34, 1480 }, // T
    { 16, 18, 281, 1, 18, 36, 1514 }, // U
    { 18, 18, 292, 0, 18, 41, 1550 }, // V
    { 25, 18, 406, 0, 18, 57, 1591 }, // W
    { 17, 18, 275, 0, 18, 39, 1648 }, // X
    { 17, 18, 252, -1, 18, 39, 1687 }, // Y
    { 15, 18, 238, 0, 18, 34, 1726 }, // Z
    { 9, 22, 156, 1, 19, 25, 1760 }, // [
    { 12, 22, 200, 0, 19, 33, 1785 }, // <backslash>
    { 8, 22, 156, 0, 19, 22, 1818 }, // ]
    { 10, 8, 184, 1, 18, 10, 1840 }, // ^
    { 14, 3, 224, 0, 0, 6, 1850 }, // _
    { 7, 4, 111, 0, 19, 4, 1856 }, // `
    { 15, 14, 238, 0, 14, 27, 1860 }, // a
    { 14, 18, 254, 1, 18, 32, 1887 }, // b
    { 15, 14, 239, 0, 14, 27, 1919 }, // c
    { 15, 18, 254, 0, 18, 34, 1946 }, // d
    { 15, 14, 242, 0, 14, 27, 1980 }, // e
    { 10, 18, 179, 1, 18, 23, 2007 }, // f
    { 15, 18, 254, 0, 14, 34, 2030 }, // g
    { 13, 18, 244, 1, 18, 30, 2064 }, // h
    { 5, 18, 112, 1, 18, 12, 2094 }, // i
    { 8, 22, 132, -1, 18, 22, 2106 }, // j
    { 15, 18, 259, 1, 18, 34, 2128 }, // k
    { 7, 18, 125, 1, 18, 16, 2162 }, // l
    { 20, 14, 360, 1, 14, 35, 2178 }, // m
    { 13, 14, 244, 1, 14, 23, 2213 }, // n
    { 15, 14, 247, 0, 14, 27, 2236 }, // o
    { 14, 18, 254, 1, 14, 32, 2263 }, // p
    { 15, 18, 254, 0, 14, 34, 2295 }, // q
    { 9, 14, 170, 1, 14, 16, 2329 }, // r
    { 14, 14, 228, 0, 14, 25, 2345 }, // s
    { 10, 17, 178, 1, 17, 22, 2370 }, // t
    { 13, 14, 243, 1, 14, 23, 2392 }, // u
    { 15, 14, 244, 0, 14, 27, 2415 }, // v
    { 21, 14, 340, 0, 14, 37, 2442 }, // w
    { 15, 14, 260, 1, 14, 27, 2479 }, // x
    { 15, 18, 234, 0, 14, 34, 2506 }, // y
    { 13, 14, 233, 1, 14, 23, 2540 }, // z
    { 9, 22, 163, 1, 19, 25, 2563 }, // {
    { 5, 22, 118, 1, 19, 14, 2588 }, // |
    { 10, 22, 163, 0, 19, 28, 2602 }, // }
    { 12, 5, 209, 1, 11, 8, 2630 }, // ~
    { 0, 0, 91, 0, 0, 0, 2638 }, // U+00A0
    { 5, 18, 103, 1, 14, 12, 2638 }, // U+00A1
    { 15, 18, 239, 0, 18, 34, 2650 }, // U+00A2
    { 15, 18, 259, 1, 18, 34, 2684 }, // U+00A3
    { 14, 16, 253, 1, 17, 28, 2718 }, // U+00A4
    { 17, 18, 252, -1, 18, 39, 2746 }, // U+00A5
    { 5, 22, 118, 1, 19, 14, 2785 }, // U+00A6
    { 13, 21, 242, 1, 18, 35, 2799 }, // U+00A7
    { 10, 3, 173, 0, 18, 4, 2834 }, // U+00A8
    { 19, 19, 329, 1, 19, 46, 2838 }, // U+00A9
    { 10, 9, 173, 1, 18, 12, 2884 }, // U+00AA
    { 16, 10, 258, 0, 12, 20, 2896 }, // U+00AB
    { 11, 7, 205, 1, 9, 10, 2916 }, // U+00AC
    { 15, 15, 260, 1, 19, 29, 2926 }, // U+00AE
    { 9, 3, 149, 0, 19, 4, 2955 }, // U+00AF
    { 10, 9, 171, 0, 18, 12, 2959 }, // U+00B0
    { 12, 15, 220, 1, 15, 23, 2971 }, // U+00B1
    { 8, 10, 149, 1, 18, 10, 2994 }, // U+00B2
    { 9, 10, 148, 0, 18, 12, 3004 }, // U+00B3
    { 7, 4, 111, 0, 19, 4, 3016 }, // U+00B4
    { 13, 18, 243, 1, 14, 30, 3020 }, // U+00B5
    { 14, 18, 264, 1, 18, 32, 3050 }, // U+00B6
    { 5, 4, 94, 0, 10, 3, 3082 }, // U+00B7
    { 8, 6, 131, 0, 0, 6, 3085 }, // U+00B8
    { 6, 10, 113, 0, 18, 8, 3091 }, // U+00B9
    { 10, 9, 178, 1, 18, 12, 3099 }, // U+00BA
    { 15, 10, 262, 1, 12, 19, 3111 }, // U+00BB
    { 20, 18, 316, 0, 18, 45, 3130 }, // U+00BC
    { 21, 18, 338, 0, 18, 48, 3175 }, // U+00BD
    { 21, 18, 340, 0, 18, 48, 3223 }, // U+00BE
    { 14, 19, 236, 0, 15, 34, 3271 }, // U+00BF
    { 18, 23, 292, 0, 23, 52, 3305 }, // U+00C0
    { 18, 23, 292, 0, 23, 52, 3357 }, // U+00C1
    { 18, 23, 292, 0, 23, 52, 3409 }, // U+00C2
    { 18, 23, 292, 0, 23, 52, 3461 }, // U+00C3
    { 18, 22, 292, 0, 22, 50, 3513 }, // U+00C4
    { 18, 25, 294, 0, 25, 57, 3563 }, // U+00C5
    { 25, 18, 417, 0, 18, 57, 3620 }, // U+00C6
    { 17, 24, 294, 1, 18, 51, 3677 }, // U+00C7
    { 14, 23, 249, 1, 23, 41, 3728 }, // U+00C8
    { 14, 23, 249, 1, 23, 41, 3769 }, // U+00C9
    { 14, 23, 249, 1, 23, 41, 3810 }, // U+00CA
    { 14, 22, 249, 1, 22, 39, 3851 }, // U+00CB
    { 6, 23, 120, 0, 23, 18, 3890 }, // U+00CC
    { 7, 23, 120, 1, 23, 21, 3908 }, // U+00CD
    { 9, 23, 120, -1, 23, 26, 3929 }, // U+00CE
    { 10, 22, 120, -1, 22, 28, 3955 }, // U+00CF
    { 17, 18, 286, 0, 18, 39, 3983 }, // U+00D0
    { 16, 23, 300, 1, 23, 46, 4022 }, // U+00D1
    { 18, 23, 310, 1, 23, 52, 4068 }, // U+00D2
    { 18, 23, 310, 1, 23, 52, 4120 }, // U+00D3
    { 18, 23, 310, 1, 23, 52, 4172 }, // U+00D4
    { 18, 23, 310, 1, 23, 52, 4224 }, // U+00D5
    { 18, 22, 310, 1, 22, 50, 4276 }, // U+00D6
    { 12, 12, 216, 1, 13, 18, 4326 }, // U+00D7
    { 18, 18, 310, 1, 18, 41, 4344 }, // U+00D8
    { 16, 23, 281, 1, 23, 46, 4385 }, // U+00D9
    { 16, 23, 281, 1, 23, 46, 4431 }, // U+00DA
    { 16, 23, 281, 1, 23, 46, 4477 }, // U+00DB
    { 16, 22, 281, 1, 22, 44, 4523 }, // U+00DC
    { 17, 23, 252, -1, 23, 49, 4567 }, // U+00DD
    { 15, 18, 257, 1, 18, 34, 4616 }, // U+00DE
    { 15, 18, 262, 1, 18, 34, 4650 }, // U+00DF
    { 15, 19, 238, 0, 19, 36, 4684 }, // U+00E0
    { 15, 19, 238, 0, 19, 36, 4720 }, // U+00E1
    { 15, 19, 238, 0, 19, 36, 4756 }, // U+00E2
    { 15, 19, 238, 0, 19, 36, 4792 }, // U+00E3
    { 15, 18, 238, 0, 18, 34, 4828 }, // U+00E4
    { 15, 20, 238, 0, 20, 38, 4862 }, // U+00E5
    { 24, 14, 384, 0, 14, 42, 4900 }, // U+00E6
    { 15, 20, 239, 0, 14, 38, 4942 }, // U+00E7
    { 15, 19, 242, 0, 19, 36, 4980 }, // U+00E8
    { 15, 19, 242, 0, 19, 36, 5016 }, // U+00E9
    { 15, 19, 242, 0, 19, 36, 5052 }, // U+00EA
    { 15, 18, 242, 0, 18, 34, 5088 }, // U+00EB
    { 6, 19, 112, 0, 19, 15, 5122 }, // U+00EC
    { 6, 19, 112, 1, 19, 15, 5137 }, // U+00ED
    { 9, 19, 112, -1, 19, 22, 5152 }, // U+00EE
    { 7, 18, 112, 0, 18, 16, 5174 }, // U+00EF
    { 15, 19, 247, 0, 19, 36, 5190 }, // U+00F0
    { 13, 19, 244, 1, 19, 31, 5226 }, // U+00F1
    { 15, 19, 247, 0, 19, 36, 5257 }, // U+00F2
    { 15, 19, 247, 0, 19, 36, 5293 }, // U+00F3
    { 15, 19, 247, 0, 19, 36, 5329 }, // U+00F4
    { 15, 19, 247, 0, 19, 36, 5365 }, // U+00F5
    { 15, 18, 247, 0, 18, 34, 5401 }, // U+00F6
    { 13, 14, 226, 1, 14, 23, 5435 }, // U+00F7
    { 15, 15, 247, 0, 15, 29, 5458 }, // U+00F8
    { 13, 19, 243, 1, 19, 31, 5487 }, // U+00F9
    { 13, 19, 243, 1, 19, 31, 5518 }, // U+00FA
    { 13, 19, 243, 1, 19, 31, 5549 }, // U+00FB
    { 13, 18, 243, 1, 18, 30, 5580 }, // U+00FC
    { 15, 23, 234, 0, 19, 44, 5610 }, // U+00FD
    { 14, 22, 250, 1, 18, 39, 5654 }, // U+00FE
    { 15, 22, 234, 0, 18, 42, 5693 }, // U+00FF
    { 18, 23, 292, 0, 23, 52, 5735 }, // U+0100
    { 15, 19, 238, 0, 19, 36, 5787 }, // U+0101
    { 18, 23, 292, 0, 23, 52, 5823 }, // U+0102
    { 15, 19, 238, 0, 19, 36, 5875 }, // U+0103
    { 19, 24, 292, 0, 18, 57, 5911 }, // U+0104
    { 16, 20, 238, 0, 14, 40, 5968 }, // U+0105
    { 17, 23, 294, 1, 23, 49, 6008 }, // U+0106
    { 15, 19, 239, 0, 19, 36, 6057 }, // U+0107
    { 17, 23, 294, 1, 23, 49, 6093 }, // U+0108
    { 15, 19, 239, 0, 19, 36, 6142 }, // U+0109
    { 17, 22, 294, 1, 22, 47, 6178 }, // U+010A
    { 15, 18, 239, 0, 18, 34, 6225 }, // U+010B
    { 17, 23, 294, 1, 23, 49, 6259 }, // U+010C
    { 15, 19, 239, 0, 19, 36, 6308 }, // U+010D
    { 16, 23, 286, 1, 23, 46, 6344 }, // U+010E
    { 20, 18, 296, 0, 18, 45, 6390 }, // U+010F
    { 17, 18, 286, 0, 18, 39, 6435 }, // U+0110
    { 16, 18, 254, 0, 18, 36, 6474 }, // U+0111
    { 14, 23, 249, 1, 23, 41, 6510 }, // U+0112
    { 15, 19, 242, 0, 19, 36, 6551 }, // U+0113
    { 14, 22, 249, 1, 22, 39, 6587 }, // U+0116
    { 15, 18, 242, 0, 18, 34, 6626 }, // U+0117
    { 15, 24, 249, 1, 18, 45, 6660 }, // U+0118
    { 15, 20, 242, 0, 14, 38, 6705 }, // U+0119
    { 14, 23, 249, 1, 23, 41, 6743 }, // U+011A
    { 15, 19, 242, 0, 19, 36, 6784 }, // U+011B
    { 17, 23, 295, 1, 23, 49, 6820 }, // U+011C
    { 15, 23, 254, 0, 19, 44, 6869 }, // U+011D
    { 17, 23, 295, 1, 23, 49, 6913 }, // U+011E
    { 15, 23, 254, 0, 19, 44, 6962 }, // U+011F
    { 17, 22, 295, 1, 22, 47, 7006 }, // U+0120
    { 15, 22, 254, 0, 18, 42, 7053 }, // U+0121
    { 17, 24, 295, 1, 18, 51, 7095 }, // U+0122
    { 15, 24, 254, 0, 20, 45, 7146 }, // U+0123
    { 16, 23, 288, 1, 23, 46, 7191 }, // U+0124
    { 15, 23, 244, -1, 23, 44, 7237 }, // U+0125
    { 18, 18, 288, 0, 18, 41, 7281 }, // U+0126
    { 15, 18, 244, -1, 18, 34, 7322 }, // U+0127
    { 9, 23, 120, -1, 23, 26, 7356 }, // U+0128
    { 9, 19, 112, -1, 19, 22, 7382 }, // U+0129
    { 8, 23, 120, 0, 23, 23, 7404 }, // U+012A
    { 9, 19, 112, -1, 19, 22, 7427 }, // U+012B
    { 6, 24, 120, 1, 18, 18, 7449 }, // U+012E
    { 7, 24, 112, 0, 18, 21, 7467 }, // U+012F
    { 5, 22, 120, 1, 22, 14, 7488 }, // U+0130
    { 5, 14, 112, 1, 14, 9, 7502 }, // U+0131
    { 21, 18, 365, 1, 18, 48, 7511 }, // U+0132
    { 13, 22, 234, 1, 18, 36, 7559 }, // U+0133
    { 16, 23, 251, 1, 23, 46, 7595 }, // U+0134
    { 10, 23, 132, -1, 19, 29, 7641 }, // U+0135
    { 16, 24, 276, 1, 18, 48, 7670 }, // U+0136
    { 15, 24, 259, 1, 18, 45, 7718 }, // U+0137
    { 13, 23, 236, 1, 23, 38, 7763 }, // U+0139
    { 7, 23, 125, 1, 23, 21, 7801 }, // U+013A
    { 13, 24, 236, 1, 18, 39, 7822 }, // U+013B
    { 7, 24, 125, 1, 18, 21, 7861 }, // U+013C
    { 13, 18, 236, 1, 18, 30, 7882 }, // U+013D
    { 10, 18, 156, 1, 18, 23, 7912 }, // U+013E
    { 14, 18, 236, 0, 18, 32, 7935 }, // U+0141
    { 8, 18, 125, 0, 18, 18, 7967 }, // U+0142
    { 16, 23, 300, 1, 23, 46, 7985 }, // U+0143
    { 13, 19, 244, 1, 19, 31, 8031 }, // U+0144
    { 16, 24, 300, 1, 18, 48, 8062 }, // U+0145
    { 13, 20, 244, 1, 14, 33, 8110 }, // U+0146
    { 16, 23, 300, 1, 23, 46, 8143 }, // U+0147
    { 13, 19, 244, 1, 19, 31, 8189 }, // U+0148
    { 16, 22, 300, 1, 18, 44, 8220 }, // U+014A
    { 13, 18, 244, 1, 14, 30, 8264 }, // U+014B
    { 18, 23, 310, 1, 23, 52, 8294 }, // U+014C
    { 15, 19, 247, 0, 19, 36, 8346 }, // U+014D
    { 18, 23, 310, 1, 23, 52, 8382 }, // U+0150
    { 15, 19, 247, 0, 19, 36, 8434 }, // U+0151
    { 26, 18, 448, 1, 18, 59, 8470 }, // U+0152
    { 25, 14, 399, 0, 14, 44, 8529 }, // U+0153
    { 16, 23, 279, 1, 23, 46, 8573 }, // U+0154
    { 9, 19, 170, 1, 19, 22, 8619 }, // U+0155
    { 16, 24, 279, 1, 18, 48, 8641 }, // U+0156
    { 9, 20, 170, 1, 14, 23, 8689 }, // U+0157
    { 16, 23, 279, 1, 23, 46, 8712 }, // U+0158
    { 9, 19, 170, 1, 19, 22, 8758 }, // U+0159
    { 15, 23, 272, 1, 23, 44, 8780 }, // U+015A
    { 14, 19, 228, 0, 19, 34, 8824 }, // U+015B
    { 15, 23, 272, 1, 23, 44, 8858 }, // U+015C
    { 14, 19, 228, 0, 19, 34, 8902 }, // U+015D
    { 15, 24, 272, 1, 18, 45, 8936 }, // U+015E
    { 14, 20, 228, 0, 14, 35, 8981 }, // U+015F
    { 15, 23, 272, 1, 23, 44, 9016 }, // U+0160
    { 14, 19, 228, 0, 19, 34, 9060 }, // U+0161
    { 15, 24, 240, 0, 18, 45, 9094 }, // U+0162
    { 10, 23, 178, 1, 17, 29, 9139 }, // U+0163
    { 15, 23, 240, 0, 23, 44, 9168 }, // U+0164
    { 11, 20, 180, 1, 20, 28, 9212 }, // U+0165
    { 15, 18, 240, 0, 18, 34, 9240 }, // U+0166
    { 10, 17, 178, 1, 17, 22, 9274 }, // U+0167
    { 16, 23, 281, 1, 23, 46, 9296 }, // U+0168
    { 13, 19, 243, 1, 19, 31, 9342 }, // U+0169
    { 16, 23, 281, 1, 23, 46, 9373 }, // U+016A
    { 13, 19, 243, 1, 19, 31, 9419 }, // U+016B
    { 16, 23, 281, 1, 23, 46, 9450 }, // U+016C
    { 13, 19, 243, 1, 19, 31, 9496 }, // U+016D
    { 16, 24, 281, 1, 24, 48, 9527 }, // U+016E
    { 13, 20, 243, 1, 20, 33, 9575 }, // U+016F
    { 16, 23, 281, 1, 23, 46, 9608 }, // U+0170
    { 13, 19, 243, 1, 19, 31, 9654 }, // U+0171
    { 16, 24, 281, 1, 18, 48, 9685 }, // U+0172
    { 14, 20, 243, 1, 14, 35, 9733 }, // U+0173
    { 25, 23, 406, 0, 23, 72, 9768 }, // U+0174
    { 21, 19, 340, 0, 19, 50, 9840 }, // U+0175
    { 17, 23, 252, -1, 23, 49, 9890 }, // U+0176
    { 15, 23, 234, 0, 19, 44, 9939 }, // U+0177
    { 17, 22, 252, -1, 22, 47, 9983 }, // U+0178
    { 15, 23, 238, 0, 23, 44, 10030 }, // U+0179
    { 13, 19, 233, 1, 19, 31, 10074 }, // U+017A
    { 15, 22, 238, 0, 22, 42, 10105 }, // U+017B
    { 13, 18, 233, 1, 18, 30, 10147 }, // U+017C
    { 15, 23, 238, 0, 23, 44, 10177 }, // U+017D
    { 13, 19, 233, 1, 19, 31, 10221 }, // U+017E
    { 18, 22, 310, 1, 22, 50, 10252 }, // U+01A0
    { 15, 18, 247, 0, 18, 34, 10302 }, // U+01A1
    { 18, 22, 281, 1, 22, 50, 10336 }, // U+01AF
    { 15, 18, 247, 1, 18, 34, 10386 }, // U+01B0
    { 18, 23, 292, 0, 23, 52, 10420 }, // U+01CD
    { 15, 19, 238, 0, 19, 36, 10472 }, // U+01CE
    { 18, 18, 312, 1, 18, 41, 10508 }, // U+01E4
    { 16, 18, 263, 0, 14, 36, 10549 }, // U+01E5
    { 17, 23, 295, 1, 23, 49, 10585 }, // U+01E6
    { 15, 23, 254, 0, 19, 44, 10634 }, // U+01E7
    { 16, 23, 276, 1, 23, 46, 10678 }, // U+01E8
    { 17, 23, 259, -1, 23, 49, 10724 }, // U+01E9
    { 15, 24, 272, 1, 18, 45, 10773 }, // U+0218
    { 14, 20, 228, 0, 14, 35, 10818 }, // U+0219
    { 15, 24, 240, 0, 18, 45, 10853 }, // U+021A
    { 10, 23, 178, 1, 17, 29, 10898 }, // U+021B
    { 7, 4, 0, 0, 19, 4, 10927 }, // U+0300
    { 7, 4, 0, 0, 19, 4, 10931 }, // U+0301
    { 10, 4, 0, 0, 19, 5, 10935 }, // U+0302
    { 10, 4, 0, 0, 19, 5, 10940 }, // U+0303
    { 9, 3, 0, 0, 19, 4, 10945 }, // U+0304
    { 9, 4, 0, 0, 19, 5, 10949 }, // U+0306
    { 5, 3, 0, 0, 18, 2, 10954 }, // U+0307
    { 10, 3, 0, 0, 18, 4, 10956 }, // U+0308
    { 6, 4, 0, 0, 19, 3, 10960 }, // U+0309
    { 7, 5, 0, 0, 20, 5, 10963 }, // U+030A
    { 11, 4, 0, 0, 19, 6, 10968 }, // U+030B
    { 10, 4, 0, 0, 19, 5, 10974 }, // U+030C
    { 5, 5, 0, 0, 20, 4, 10979 }, // U+0312
    { 7, 6, 0, 0, 18, 6, 10983 }, // U+031B
    { 5, 3, 0, 0, -1, 2, 10989 }, // U+0323
    { 5, 5, 0, 0, -1, 4, 10991 }, // U+0326
    { 8, 6, 0, 0, 0, 6, 10995 }, // U+0327
    { 7, 6, 0, 0, 0, 6, 11001 }, // U+0328
    { 10, 3, 0, 2, 10, 4, 11007 }, // U+0335
    { 19, 3, 0, 0, 16, 8, 11011 }, // U+0336
    { 8, 6, 0, 1, 13, 6, 11019 }, // U+0337
    { 13, 15, 0, 1, 15, 25, 11025 }, // U+0338
    { 0, 0, 0, 0, 0, 0, 11050 }, // U+034F
    { 14, 23, 249, 1, 23, 41, 11050 }, // U+0400
    { 14, 22, 249, 1, 22, 39, 11091 }, // U+0401
    { 20, 18, 337, 0, 18, 45, 11130 }, // U+0402
    { 13, 23, 223, 1, 23, 38, 11175 }, // U+0403
    { 17, 18, 300, 1, 18, 39, 11213 }, // U+0404
    { 15, 18, 272, 1, 18, 34, 11252 }, // U+0405
    { 5, 18, 120, 1, 18, 12, 11286 }, // U+0406
    { 7, 22, 120, 0, 22, 20, 11298 }, // U+0407
    { 14, 18, 251, 1, 18, 32, 11318 }, // U+0408
    { 26, 18, 451, 1, 18, 59, 11350 }, // U+0409
    { 26, 18, 441, 1, 18, 59, 11409 }, // U+040A
    { 20, 18, 337, 0, 18, 45, 11468 }, // U+040B
    { 16, 23, 276, 1, 23, 46, 11513 }, // U+040C
    { 16, 23, 299, 1, 23, 46, 11559 }, // U+040D
    { 17, 23, 273, 0, 23, 49, 11605 }, // U+040E
    { 16, 22, 288, 1, 18, 44, 11654 }, // U+040F
    { 18, 18, 292, 0, 18, 41, 11698 }, // U+0410
    { 15, 18, 271, 1, 18, 34, 11739 }, // U+0411
    { 16, 18, 281, 1, 18, 36, 11773 }, // U+0412
    { 13, 18, 223, 1, 18, 30, 11809 }, // U+0413
    { 20, 22, 329, 0, 18, 55, 11839 }, // U+0414
    { 14, 18, 249, 1, 18, 32, 11894 }, // U+0415
    { 26, 18, 405, 0, 18, 59, 11926 }, // U+0416
    { 16, 18, 263, 0, 18, 36, 11985 }, // U+0417
    { 16, 18, 300, 1, 18, 36, 12021 }, // U+0418
    { 16, 23, 300, 1, 23, 46, 12057 }, // U+0419
    { 16, 18, 276, 1, 18, 36, 12103 }, // U+041A
    { 16, 18, 296, 1, 18, 36, 12139 }, // U+041B
    { 21, 18, 366, 1, 18, 48, 12175 }, // U+041C
    { 16, 18, 288, 1, 18, 36, 12223 }, // U+041D
    { 18, 18, 310, 1, 18, 41, 12259 }, // U+041E
    { 16, 18, 288, 1, 18, 36, 12300 }, // U+041F
    { 15, 18, 269, 1, 18, 34, 12336 }, // U+0420
    { 17, 18, 294, 1, 18, 39, 12370 }, // U+0421
    { 15, 18, 248, 0, 18, 34, 12409 }, // U+0422
    { 17, 18, 273, 0, 18, 39, 12443 }, // U+0423
    { 21, 18, 359, 1, 18, 48, 12482 }, // U+0424
    { 17, 18, 275, 0, 18, 39, 12530 }, // U+0425
    { 18, 22, 312, 1, 18, 50, 12569 }, // U+0426
    { 15, 18, 285, 1, 18, 34, 12619 }, // U+0427
    { 22, 18, 396, 1, 18, 50, 12653 }, // U+0428
    { 25, 22, 420, 1, 18, 69, 12703 }, // U+0429
    { 20, 18, 322, 0, 18, 45, 12772 }, // U+042A
    { 21, 18, 368, 1, 18, 48, 12817 }, // U+042B
    { 15, 18, 273, 1, 18, 34, 12865 }, // U+042C
    { 18, 18, 300, 0, 18, 41, 12899 }, // U+042D
    { 24, 18, 403, 1, 18, 54, 12940 }, // U+042E
    { 15, 18, 276, 1, 18, 34, 12994 }, // U+042F
    { 15, 14, 238, 0, 14, 27, 13028 }, // U+0430
    { 14, 18, 247, 1, 18, 32, 13055 }, // U+0431
    { 14, 14, 248, 1, 14, 25, 13087 }, // U+0432
    { 11, 14, 189, 1, 14, 20, 13112 }, // U+0433
    { 17, 18, 266, 0, 14, 39, 13132 }, // U+0434
    { 15, 14, 242, 0, 14, 27, 13171 }, // U+0435
    { 23, 14, 397, 1, 14, 41, 13198 }, // U+0436
    { 14, 14, 224, 0, 14, 25, 13239 }, // U+0437
    { 13, 14, 242, 1, 14, 23, 13264 }, // U+0438
    { 13, 19, 242, 1, 19, 31, 13287 }, // U+0439
    { 15, 14, 260, 1, 14, 27, 13318 }, // U+043A
    { 14, 14, 257, 1, 14, 25, 13345 }, // U+043B
    { 16, 14, 294, 1, 14, 28, 13370 }, // U+043C
    { 13, 14, 246, 1, 14, 23, 13398 }, // U+043D
    { 15, 14, 247, 0, 14, 27, 13421 }, // U+043E
    { 13, 14, 246, 1, 14, 23, 13448 }, // U+043F
    { 14, 18, 254, 1, 14, 32, 13471 }, // U+0440
    { 15, 14, 239, 0, 14, 27, 13503 }, // U+0441
    { 14, 14, 232, 0, 14, 25, 13530 }, // U+0442
    { 15, 18, 234, 0, 14, 34, 13555 }, // U+0443
    { 20, 22, 331, 0, 18, 55, 13589 }, // U+0444
    { 15, 14, 260, 1, 14, 27, 13644 }, // U+0445
    { 15, 18, 260, 1, 14, 34, 13671 }, // U+0446
    { 14, 14, 254, 1, 14, 25, 13705 }, // U+0447
    { 20, 14, 350, 1, 14, 35, 13730 }, // U+0448
    { 22, 18, 365, 1, 14, 50, 13765 }, // U+0449
    { 15, 14, 256, 1, 14, 27, 13815 }, // U+044A
    { 18, 14, 323, 1, 14, 32, 13842 }, // U+044B
    { 13, 14, 230, 1, 14, 23, 13874 }, // U+044C
    { 15, 14, 243, 0, 14, 27, 13897 }, // U+044D
    { 20, 14, 344, 1, 14, 35, 13924 }, // U+044E
    { 13, 14, 247, 1, 14, 23, 13959 }, // U+044F
    { 15, 19, 242, 0, 19, 36, 13982 }, // U+0450
    { 15, 18, 242, 0, 18, 34, 14018 }, // U+0451
    { 14, 22, 244, 0, 18, 39, 14052 }, // U+0452
    { 11, 19, 189, 1, 19, 27, 14091 }, // U+0453
    { 15, 14, 243, 0, 14, 27, 14118 }, // U+0454
    { 14, 14, 228, 0, 14, 25, 14145 }, // U+0455
    { 5, 18, 112, 1, 18, 12, 14170 }, // U+0456
    { 7, 18, 112, 0, 18, 16, 14182 }, // U+0457
    { 8, 22, 132, -1, 18, 22, 14198 }, // U+0458
    { 22, 14, 374, 1, 14, 39, 14220 }, // U+0459
    { 21, 14, 362, 1, 14, 37, 14259 }, // U+045A
    { 14, 18, 244, 0, 18, 32, 14296 }, // U+045B
    { 15, 19, 260, 1, 19, 36, 14328 }, // U+045C
    { 13, 19, 242, 1, 19, 31, 14364 }, // U+045D
    { 15, 23, 234, 0, 19, 44, 14395 }, // U+045E
    { 13, 17, 246, 1, 14, 28, 14439 }, // U+045F
    { 19, 18, 316, 0, 18, 43, 14467 }, // U+0462
    { 15, 17, 243, 0, 17, 32, 14510 }, // U+0463
    { 20, 18, 314, 0, 18, 45, 14542 }, // U+046A
    { 18, 14, 307, 1, 14, 32, 14587 }, // U+046B
    { 18, 18, 310, 1, 18, 41, 14619 }, // U+0472
    { 15, 14, 247, 0, 14, 27, 14660 }, // U+0473
    { 19, 18, 303, 0, 18, 43, 14687 }, // U+0474
    { 15, 14, 243, 0, 14, 27, 14730 }, // U+0475
    { 13, 22, 223, 1, 22, 36, 14757 }, // U+0490
    { 11, 17, 189, 1, 17, 24, 14793 }, // U+0491
    { 16, 18, 247, 0, 18, 36, 14817 }, // U+0492
    { 13, 14, 220, 0, 14, 23, 14853 }, // U+0493
    { 26, 22, 416, 0, 18, 72, 14876 }, // U+0496
    { 24, 17, 394, 1, 14, 51, 14948 }, // U+0497
    { 17, 22, 288, 1, 18, 47, 14999 }, // U+049A
    { 15, 17, 256, 1, 14, 32, 15046 }, // U+049B
    { 18, 22, 317, 1, 18, 50, 15078 }, // U+04A2
    { 15, 17, 262, 1, 14, 32, 15128 }, // U+04A3
    { 17, 18, 252, -1, 18, 39, 15160 }, // U+04AE
    { 15, 18, 246, 0, 14, 34, 15199 }, // U+04AF
    { 17, 18, 252, -1, 18, 39, 15233 }, // U+04B0
    { 15, 18, 246, 0, 14, 34, 15272 }, // U+04B1
    { 18, 22, 289, 0, 18, 50, 15306 }, // U+04B2
    { 16, 17, 263, 1, 14, 34, 15356 }, // U+04B3
    { 18, 22, 311, 1, 18, 50, 15390 }, // U+04B6
    { 16, 17, 271, 1, 14, 34, 15440 }, // U+04B7
    { 16, 18, 285, 1, 18, 36, 15474 }, // U+04BA
    { 13, 18, 244, 1, 18, 30, 15510 }, // U+04BB
    { 5, 18, 120, 1, 18, 12, 15540 }, // U+04C0
    { 5, 18, 119, 1, 18, 12, 15552 }, // U+04CF
    { 17, 18, 303, 1, 18, 39, 15564 }, // U+04D8
    { 15, 14, 242, 0, 14, 27, 15603 }, // U+04D9
    { 16, 23, 300, 1, 23, 46, 15630 }, // U+04E2
    { 13, 19, 242, 1, 19, 31, 15676 }, // U+04E3
    { 18, 18, 310, 1, 18, 41, 15707 }, // U+04E8
    { 15, 14, 247, 0, 14, 27, 15748 }, // U+04E9
    { 17, 23, 273, 0, 23, 49, 15775 }, // U+04EE
    { 15, 23, 234, 0, 19, 44, 15824 }, // U+04EF
    { 17, 15, 270, 0, 15, 32, 15868 }, // U+05D0
    { 15, 15, 238, 0, 15, 29, 15900 }, // U+05D1
    { 10, 16, 165, 0, 15, 20, 15929 }, // U+05D2
    { 14, 15, 228, 0, 15, 27, 15949 }, // U+05D3
    { 14, 15, 263, 1, 15, 27, 15976 }, // U+05D4
    { 7, 15, 135, 0, 15, 14, 16003 }, // U+05D5
    { 9, 15, 148, 0, 15, 17, 16017 }, // U+05D6
    { 16, 15, 275, 0, 15, 30, 16034 }, // U+05D7
    { 15, 15, 264, 1, 15, 29, 16064 }, // U+05D8
    { 7, 9, 133, 0, 15, 8, 16093 }, // U+05D9
    { 13, 20, 228, 0, 15, 33, 16101 }, // U+05DA
    { 13, 15, 211, 0, 15, 25, 16134 }, // U+05DB
    { 14, 19, 222, 0, 19, 34, 16159 }, // U+05DC
    { 15, 15, 281, 1, 15, 29, 16193 }, // U+05DD
    { 17, 15, 281, 0, 15, 32, 16222 }, // U+05DE
    { 7, 20, 142, 0, 15, 18, 16254 }, // U+05DF
    { 8, 15, 162, 1, 15, 15, 16272 }, // U+05E0
    { 16, 15, 272, 0, 15, 30, 16287 }, // U+05E1
    { 15, 18, 252, 0, 16, 34, 16317 }, // U+05E2
    { 14, 20, 262, 1, 15, 35, 16351 }, // U+05E3
    { 15, 15, 251, 0, 15, 29, 16386 }, // U+05E4
    { 14, 20, 235, 0, 15, 35, 16415 }, // U+05E5
    { 14, 15, 237, 0, 15, 27, 16450 }, // U+05E6
    { 15, 20, 262, 1, 15, 38, 16477 }, // U+05E7
    { 12, 15, 217, 0, 15, 23, 16515 }, // U+05E8
    { 18, 15, 315, 1, 15, 34, 16538 }, // U+05E9
    { 17, 15, 289, 0, 15, 32, 16572 }, // U+05EA
    { 5, 8, 129, 1, 7, 5, 16604 }, // U+060C
    { 7, 19, 136, 0, 18, 17, 16609 }, // U+061B
    { 13, 20, 205, 0, 19, 33, 16626 }, // U+061F
    { 11, 13, 188, 0, 11, 18, 16659 }, // U+0621
    { 10, 5, 116, 0, 4, 7, 16677 }, // U+0640
    { 7, 7, 0, 0, 21, 7, 16684 }, // U+0654
    { 6, 7, 229, 4, 11, 6, 16691 }, // U+0660
    { 6, 19, 229, 4, 18, 15, 16697 }, // U+0661
    { 13, 19, 229, 1, 18, 31, 16712 }, // U+0662
    { 14, 19, 229, 0, 18, 34, 16743 }, // U+0663
    { 12, 19, 229, 1, 18, 29, 16777 }, // U+0664
    { 12, 14, 229, 1, 14, 21, 16806 }, // U+0665
    { 13, 19, 229, 1, 18, 31, 16827 }, // U+0666
    { 15, 19, 229, 0, 18, 36, 16858 }, // U+0667
    { 15, 19, 229, 0, 18, 36, 16894 }, // U+0668
    { 12, 18, 229, 1, 18, 27, 16930 }, // U+0669
    { 18, 16, 296, 0, 10, 36, 16957 }, // U+06BA
    { 7, 3, 130, 1, 3, 3, 16993 }, // U+06D4
    { 11, 15, 188, 0, 14, 21, 16996 }, // U+06D5
    { 6, 7, 229, 4, 11, 6, 17017 }, // U+06F0
    { 6, 19, 229, 4, 18, 15, 17023 }, // U+06F1
    { 13, 19, 229, 1, 18, 31, 17038 }, // U+06F2
    { 14, 19, 229, 0, 18, 34, 17069 }, // U+06F3
    { 13, 19, 229, 1, 18, 31, 17103 }, // U+06F4
    { 14, 17, 229, 0, 17, 30, 17134 }, // U+06F5
    { 12, 18, 229, 1, 17, 27, 17164 }, // U+06F6
    { 15, 19, 229, 0, 18, 36, 17191 }, // U+06F7
    { 15, 19, 229, 0, 18, 36, 17227 }, // U+06F8
    { 12, 18, 229, 1, 18, 27, 17263 }, // U+06F9
    { 18, 22, 292, 0, 18, 50, 17290 }, // U+1EA0
    { 15, 18, 238, 0, 14, 34, 17340 }, // U+1EA1
    { 18, 23, 292, 0, 23, 52, 17374 }, // U+1EA2
    { 15, 19, 238, 0, 19, 36, 17426 }, // U+1EA3
    { 18, 25, 292, 0, 25, 57, 17462 }, // U+1EA4
    { 15, 21, 238, 0, 21, 40, 17519 }, // U+1EA5
    { 18, 25, 292, 0, 25, 57, 17559 }, // U+1EA6
    { 15, 21, 238, 0, 21, 40, 17616 }, // U+1EA7
    { 18, 25, 292, 0, 25, 57, 17656 }, // U+1EA8
    { 15, 21, 238, 0, 21, 40, 17713 }, // U+1EA9
    { 18, 27, 292, 0, 27, 61, 17753 }, // U+1EAA
    { 15, 23, 238, 0, 23, 44, 17814 }, // U+1EAB
    { 18, 27, 292, 0, 23, 61, 17858 }, // U+1EAC
    { 15, 23, 238, 0, 19, 44, 17919 }, // U+1EAD
    { 18, 26, 292, 0, 26, 59, 17963 }, // U+1EAE
    { 15, 22, 238, 0, 22, 42, 18022 }, // U+1EAF
    { 18, 26, 292, 0, 26, 59, 18064 }, // U+1EB0
    { 15, 22, 238, 0, 22, 42, 18123 }, // U+1EB1
    { 18, 28, 292, 0, 28, 63, 18165 }, // U+1EB2
    { 15, 23, 238, 0, 23, 44, 18228 }, // U+1EB3
    { 18, 27, 292, 0, 27, 61, 18272 }, // U+1EB4
    { 15, 23, 238, 0, 23, 44, 18333 }, // U+1EB5
    { 18, 27, 292, 0, 23, 61, 18377 }, // U+1EB6
    { 15, 23, 238, 0, 19, 44, 18438 }, // U+1EB7
    { 14, 22, 249, 1, 18, 39, 18482 }, // U+1EB8
    { 15, 18, 242, 0, 14, 34, 18521 }, // U+1EB9
    { 14, 23, 249, 1, 23, 41, 18555 }, // U+1EBA
    { 15, 19, 242, 0, 19, 36, 18596 }, // U+1EBB
    { 14, 23, 249, 1, 23, 41, 18632 }, // U+1EBC
    { 15, 19, 242, 0, 19, 36, 18673 }, // U+1EBD
    { 15, 25, 249, 1, 25, 47, 18709 }, // U+1EBE
    { 16, 21, 242, 0, 21, 42, 18756 }, // U+1EBF
    { 14, 25, 249, 1, 25, 44, 18798 }, // U+1EC0
    { 15, 21, 242, 0, 21, 40, 18842 }, // U+1EC1
    { 14, 25, 249, 1, 25, 44, 18882 }, // U+1EC2
    { 15, 21, 242, 0, 21, 40, 18926 }, // U+1EC3
    { 14, 27, 249, 1, 27, 48, 18966 }, // U+1EC4
    { 15, 23, 242, 0, 23, 44, 19014 }, // U+1EC5
    { 14, 27, 249, 1, 23, 48, 19058 }, // U+1EC6
    { 15, 23, 242, 0, 19, 44, 19106 }, // U+1EC7
    { 5, 23, 120, 1, 23, 15, 19150 }, // U+1EC8
    { 5, 19, 112, 1, 19, 12, 19165 }, // U+1EC9
    { 5, 22, 120, 1, 18, 14, 19177 }, // U+1ECA
    { 5, 22, 112, 1, 18, 14, 19191 }, // U+1ECB
    { 18, 22, 310, 1, 18, 50, 19205 }, // U+1ECC
    { 15, 18, 247, 0, 14, 34, 19255 }, // U+1ECD
    { 18, 23, 310, 1, 23, 52, 19289 }, // U+1ECE
    { 15, 19, 247, 0, 19, 36, 19341 }, // U+1ECF
    { 18, 25, 310, 1, 25, 57, 19377 }, // U+1ED0
    { 16, 21, 247, 0, 21, 42, 19434 }, // U+1ED1
    { 18, 25, 310, 1, 25, 57, 19476 }, // U+1ED2
    { 15, 21, 247, 0, 21, 40, 19533 }, // U+1ED3
    { 18, 25, 310, 1, 25, 57, 19573 }, // U+1ED4
    { 15, 21, 247, 0, 21, 40, 19630 }, // U+1ED5
    { 18, 27, 310, 1, 27, 61, 19670 }, // U+1ED6
    { 15, 23, 247, 0, 23, 44, 19731 }, // U+1ED7
    { 18, 27, 310, 1, 23, 61, 19775 }, // U+1ED8
    { 15, 23, 247, 0, 19, 44, 19836 }, // U+1ED9
    { 18, 23, 310, 1, 23, 52, 19880 }, // U+1EDA
    { 15, 19, 247, 0, 19, 36, 19932 }, // U+1EDB
    { 18, 23, 310, 1, 23, 52, 19968 }, // U+1EDC
    { 15, 19, 247, 0, 19, 36, 20020 }, // U+1EDD
    { 18, 23, 310, 1, 23, 52, 20056 }, // U+1EDE
    { 15, 19, 247, 0, 19, 36, 20108 }, // U+1EDF
    { 18, 23, 310, 1, 23, 52, 20144 }, // U+1EE0
    { 15, 19, 247, 0, 19, 36, 20196 }, // U+1EE1
    { 18, 26, 310, 1, 22, 59, 20232 }, // U+1EE2
    { 15, 22, 247, 0, 18, 42, 20291 }, // U+1EE3
    { 16, 22, 281, 1, 18, 44, 20333 }, // U+1EE4
    { 13, 18, 243, 1, 14, 30, 20377 }, // U+1EE5
    { 16, 23, 281, 1, 23, 46, 20407 }, // U+1EE6
    { 13, 19, 243, 1, 19, 31, 20453 }, // U+1EE7
    { 18, 23, 281, 1, 23, 52, 20484 }, // U+1EE8
    { 15, 19, 247, 1, 19, 36, 20536 }, // U+1EE9
    { 18, 23, 281, 1, 23, 52, 20572 }, // U+1EEA
    { 15, 19, 247, 1, 19, 36, 20624 }, // U+1EEB
    { 18, 23, 281, 1, 23, 52, 20660 }, // U+1EEC
    { 15, 19, 247, 1, 19, 36, 20712 }, // U+1EED
    { 18, 23, 281, 1, 23, 52, 20748 }, // U+1EEE
    { 15, 19, 247, 1, 19, 36, 20800 }, // U+1EEF
    { 18, 26, 281, 1, 22, 59, 20836 }, // U+1EF0
    { 15, 22, 247, 1, 18, 42, 20895 }, // U+1EF1
    { 17, 23, 252, -1, 23, 49, 20937 }, // U+1EF2
    { 15, 23, 234, 0, 19, 44, 20986 }, // U+1EF3
    { 17, 22, 252, -1, 18, 47, 21030 }, // U+1EF4
    { 15, 18, 234, 0, 14, 34, 21077 }, // U+1EF5
    { 17, 23, 252, -1, 23, 49, 21111 }, // U+1EF6
    { 15, 23, 234, 0, 19, 44, 21160 }, // U+1EF7
    { 17, 23, 252, -1, 23, 49, 21204 }, // U+1EF8
    { 15, 23, 234, 0, 19, 44, 21253 }, // U+1EF9
    { 0, 0, 52, 0, 0, 0, 21297 }, // U+2009
    { 0, 0, 0, 0, 0, 0, 21297 }, // U+200B
    { 2, 18, 0, -1, 17, 5, 21297 }, // U+200C
    { 6, 19, 0, -3, 18, 15, 21302 }, // U+200D
    { 7, 19, 0, -1, 18, 17, 21317 }, // U+200E
    { 7, 19, 0, -6, 18, 17, 21334 }, // U+200F
    { 8, 3, 128, 0, 8, 3, 21351 }, // U+2010
    { 8, 4, 129, 0, 9, 4, 21354 }, // U+2011
    { 14, 3, 238, 0, 9, 6, 21358 }, // U+2013
    { 22, 3, 364, 0, 9, 9, 21364 }, // U+2014
    { 5, 8, 99, 1, 18, 5, 21373 }, // U+2018
    { 5, 8, 99, 1, 18, 5, 21378 }, // U+2019
    { 5, 8, 94, 0, 4, 5, 21383 }, // U+201A
    { 10, 8, 185, 1, 18, 10, 21388 }, // U+201C
    { 10, 8, 185, 1, 18, 10, 21398 }, // U+201D
    { 11, 8, 181, 0, 4, 11, 21408 }, // U+201E
    { 12, 18, 234, 1, 18, 27, 21419 }, // U+2020
    { 12, 18, 234, 1, 18, 27, 21446 }, // U+2021
    { 9, 7, 145, 0, 11, 8, 21473 }, // U+2022
    { 17, 4, 278, 0, 4, 9, 21481 }, // U+2026
    { 0, 0, 240, 0, 0, 0, 21490 }, // U+2028
    { 0, 0, 240, 0, 0, 0, 21490 }, // U+2029
    { 0, 0, 52, 0, 0, 0, 21490 }, // U+202F
    { 30, 18, 484, 0, 18, 68, 21490 }, // U+2030
    { 5, 6, 102, 1, 18, 4, 21558 }, // U+2032
    { 9, 6, 174, 1, 18, 7, 21562 }, // U+2033
    { 9, 10, 152, 0, 12, 12, 21569 }, // U+2039
    { 9, 10, 152, 0, 12, 12, 21581 }, // U+203A
    { 15, 18, 66, -5, 18, 34, 21593 }, // U+2044
    { 7, 19, 136, 0, 18, 17, 21627 }, // U+204F
    { 9, 10, 171, 1, 18, 12, 21644 }, // U+2070
    { 9, 10, 144, 0, 18, 12, 21656 }, // U+2074
    { 8, 10, 152, 1, 18, 10, 21668 }, // U+2075
    { 9, 10, 161, 1, 18, 12, 21678 }, // U+2076
    { 8, 10, 126, 0, 18, 10, 21690 }, // U+2077
    { 9, 10, 154, 0, 18, 12, 21700 }, // U+2078
    { 9, 10, 161, 1, 18, 12, 21712 }, // U+2079
    { 9, 10, 171, 1, 7, 12, 21724 }, // U+2080
    { 6, 10, 113, 0, 7, 8, 21736 }, // U+2081
    { 8, 10, 149, 1, 7, 10, 21744 }, // U+2082
    { 9, 10, 148, 0, 7, 12, 21754 }, // U+2083
    { 9, 10, 144, 0, 7, 12, 21766 }, // U+2084
    { 8, 10, 152, 1, 7, 10, 21778 }, // U+2085
    { 9, 10, 161, 1, 7, 12, 21788 }, // U+2086
    { 8, 10, 126, 0, 7, 10, 21800 }, // U+2087
    { 9, 10, 154, 0, 7, 12, 21810 }, // U+2088
    { 9, 9, 161, 1, 7, 11, 21822 }, // U+2089
    { 19, 18, 346, 1, 18, 43, 21833 }, // U+20AA
    { 18, 18, 306, 1, 18, 41, 21876 }, // U+20AC
    { 19, 18, 301, 0, 18, 43, 21917 }, // U+20B1
    { 16, 18, 291, 1, 18, 36, 21960 }, // U+20B4
    { 16, 19, 284, 1, 18, 38, 21996 }, // U+20B9
    { 17, 18, 294, 1, 18, 39, 22034 }, // U+20BD
    { 18, 16, 318, 1, 17, 36, 22073 }, // U+2190
    { 16, 18, 282, 1, 18, 36, 22109 }, // U+2191
    { 18, 16, 318, 1, 17, 36, 22145 }, // U+2192
    { 16, 18, 282, 1, 18, 36, 22181 }, // U+2193
    { 25, 16, 433, 1, 17, 50, 22217 }, // U+2194
    { 16, 26, 282, 1, 22, 52, 22267 }, // U+2195
    { 14, 15, 255, 1, 16, 27, 22319 }, // U+2196
    { 14, 15, 255, 1, 16, 27, 22346 }, // U+2197
    { 14, 14, 256, 1, 16, 25, 22373 }, // U+2198
    { 14, 14, 256, 1, 16, 25, 22398 }, // U+2199
    { 15, 8, 259, 1, 12, 15, 22423 }, // U+219D
    { 15, 14, 264, 1, 17, 27, 22438 }, // U+21A9
    { 15, 14, 264, 1, 17, 27, 22465 }, // U+21AA
    { 15, 17, 264, 1, 17, 32, 22492 }, // U+21B0
    { 15, 17, 264, 1, 17, 32, 22524 }, // U+21B1
    { 15, 17, 264, 1, 18, 32, 22556 }, // U+21B3
    { 15, 18, 264, 1, 18, 34, 22588 }, // U+21B4
    { 15, 17, 264, 1, 18, 32, 22622 }, // U+21B5
    { 15, 11, 266, 1, 14, 21, 22654 }, // U+21E4
    { 15, 11, 266, 1, 14, 21, 22675 }, // U+21E5
    { 22, 19, 353, 0, 19, 53, 22696 }, // U+21E7
    { 14, 19, 228, 0, 19, 34, 22749 }, // U+2202
    { 16, 18, 261, 0, 18, 36, 22783 }, // U+2206
    { 17, 23, 272, 0, 19, 49, 22819 }, // U+220F
    { 13, 18, 218, 0, 18, 30, 22868 }, // U+2211
    { 12, 3, 218, 1, 9, 5, 22898 }, // U+2212
    { 18, 23, 292, 0, 19, 52, 22903 }, // U+221A
    { 20, 9, 337, 1, 11, 23, 22955 }, // U+221E
    { 11, 22, 181, 0, 18, 31, 22978 }, // U+222B
    { 5, 12, 124, 1, 15, 8, 23009 }, // U+2236
    { 12, 11, 209, 1, 14, 17, 23017 }, // U+2248
    { 12, 14, 221, 1, 14, 21, 23034 }, // U+2260
    { 12, 15, 223, 1, 15, 23, 23055 }, // U+2264
    { 12, 15, 223, 1, 15, 23, 23078 }, // U+2265
    { 8, 8, 400, 1, 6, 8, 23101 }, // U+3001
    { 9, 9, 400, 0, 7, 11, 23109 }, // U+3002
    { 24, 4, 400, 1, 12, 12, 23120 }, // U+4E00
    { 23, 22, 400, 1, 21, 64, 23132 }, // U+4E0A
    { 23, 23, 400, 1, 20, 67, 23196 }, // U+4E0B
    { 25, 23, 400, 0, 20, 72, 23263 }, // U+4E0D
    { 22, 23, 400, 1, 21, 64, 23335 }, // U+4E0E
    { 23, 22, 400, 1, 20, 64, 23399 }, // U+4E14
    { 23, 23, 400, 1, 21, 67, 23463 }, // U+4E22
    { 23, 23, 400, 1, 20, 67, 23530 }, // U+4E24
    { 25, 25, 400, 0, 22, 79, 23597 }, // U+4E2A
    { 21, 25, 400, 2, 22, 66, 23676 }, // U+4E2D
    { 21, 25, 400, 2, 22, 66, 23742 }, // U+4E32
    { 22, 24, 400, 1, 22, 66, 23808 }, // U+4E3A
    { 23, 24, 400, 1, 22, 69, 23874 }, // U+4E3B
    { 25, 25, 400, 0, 22, 79, 23943 }, // U+4E49
    { 24, 24, 400, 1, 22, 72, 24022 }, // U+4E4B
    { 21, 22, 400, 2, 20, 58, 24094 }, // U+4E60
    { 23, 25, 400, 1, 22, 72, 24152 }, // U+4E66
    { 23, 18, 400, 1, 18, 52, 24224 }, // U+4E8C
    { 23, 22, 400, 1, 20, 64, 24276 }, // U+4E8E
    { 23, 22, 400, 1, 20, 64, 24340 }, // U+4E92
    { 23, 25, 400, 1, 22, 72, 24404 }, // U+4EA4
    { 23, 25, 400, 1, 22, 72, 24476 }, // U+4EAE
    { 25, 25, 400, 0, 22, 79, 24548 }, // U+4EBA
    { 25, 24, 400, 0, 21, 75, 24627 }, // U+4EC5
    { 25, 25, 400, 0, 22, 79, 24702 }, // U+4ECA
    { 25, 23, 400, 0, 21, 72, 24781 }, // U+4ECE
    { 25, 25, 400, 0, 22, 79, 24853 }, // U+4ED6
    { 23, 24, 400, 2, 21, 69, 24932 }, // U+4EE5
    { 24, 24, 400, 0, 21, 72, 25001 }, // U+4EF6
    { 25, 25, 400, 0, 22, 79, 25073 }, // U+4EFB
    { 25, 24, 400, 0, 21, 75, 25152 }, // U+4F11
    { 24, 24, 400, 0, 21, 72, 25227 }, // U+4F20
    { 25, 25, 400, 0, 22, 79, 25299 }, // U+4F30
    { 24, 25, 400, 0, 22, 75, 25378 }, // U+4F4D
    { 25, 24, 400, 0, 21, 75, 25453 }, // U+4F53
    { 25, 25, 400, 0, 22, 79, 25528 }, // U+4F59
    { 25, 24, 400, 0, 21, 75, 25607 }, // U+4F5C
    { 25, 24, 400, 0, 21, 75, 25682 }, // U+4F60
    { 25, 25, 400, 0, 22, 79, 25757 }, // U+4F7F
    { 25, 25, 400, 0, 22, 79, 25836 }, // U+4F9B
    { 24, 25, 400, 0, 22, 75, 25915 }, // U+4FA7
    { 25, 24, 400, 0, 21, 75, 25990 }, // U+4FBF
    { 25, 25, 400, 0, 22, 79, 26065 }, // U+4FDD
    { 24, 25, 400, 0, 22, 75, 26144 }, // U+4FE1
    { 25, 25, 400, 0, 22, 79, 26219 }, // U+4FEE
    { 24, 25, 400, 0, 22, 75, 26298 }, // U+5012
    { 25, 25, 400, 0, 22, 79, 26373 }, // U+503C
    { 25, 25, 400, 0, 22, 79, 26452 }, // U+503E
    { 24, 25, 400, 0, 22, 75, 26531 }, // U+504F
    { 25, 25, 400, 0, 22, 79, 26606 }, // U+50A8
    { 24, 23, 400, 1, 20, 69, 26685 }, // U+5143
    { 23, 25, 400, 1, 22, 72, 26754 }, // U+5148
    { 25, 25, 400, 0, 22, 79, 26826 }, // U+5149
    { 25, 23, 400, 0, 21, 72, 26905 }, // U+5165
    { 25, 24, 400, 0, 22, 75, 26977 }, // U+5168
    { 24, 24, 400, 0, 22, 72, 27052 }, // U+516D
    { 24, 25, 400, 1, 22, 75, 27124 }, // U+5173
    { 23, 25, 400, 1, 22, 72, 27199 }, // U+5176
    { 25, 23, 400, 0, 20, 72, 27271 }, // U+5177
    { 25, 25, 400, 0, 22, 79, 27343 }, // U+5178
    { 21, 25, 400, 2, 22, 66, 27422 }, // U+5185
    { 25, 23, 400, 0, 20, 72, 27488 }, // U+518C
    { 25, 23, 400, 0, 20, 72, 27560 }, // U+518D
    { 23, 22, 400, 1, 20, 64, 27632 }, // U+5199
    { 23, 24, 400, 1, 21, 69, 27696 }, // U+51C6
    { 25, 24, 400, 0, 22, 75, 27765 }, // U+51D1
    { 21, 25, 400, 2, 22, 66, 27840 }, // U+51FA
    { 25, 24, 400, 0, 21, 75, 27906 }, // U+5206
    { 24, 24, 400, 0, 21, 72, 27981 }, // U+5207
    { 23, 24, 400, 1, 21, 69, 28053 }, // U+5217
    { 23, 25, 400, 0, 22, 72, 28122 }, // U+521B
    { 24, 25, 400, 0, 22, 75, 28194 }, // U+521D
    { 24, 24, 400, 0, 21, 72, 28269 }, // U+5220
    { 22, 23, 400, 1, 21, 64, 28341 }, // U+5230
    { 24, 24, 400, 0, 21, 72, 28405 }, // U+5236
    { 24, 24, 400, 0, 21, 72, 28477 }, // U+5237
    { 23, 25, 400, 1, 22, 72, 28549 }, // U+524D
    { 24, 25, 400, 0, 22, 75, 28621 }, // U+5269
    { 23, 25, 400, 1, 22, 72, 28696 }, // U+526A
    { 24, 24, 400, 0, 21, 72, 28768 }, // U+529F
    { 23, 24, 400, 0, 21, 69, 28840 }, // U+52A0
    { 24, 25, 400, 1, 22, 75, 28909 }, // U+52A1
    { 23, 24, 400, 1, 21, 69, 28984 }, // U+52A8
    { 24, 24, 400, 0, 22, 72, 29053 }, // U+52FF
    { 25, 24, 400, 0, 22, 75, 29125 }, // U+5305
    { 22, 21, 400, 2, 20, 58, 29200 }, // U+5339
    { 22, 22, 400, 2, 20, 61, 29258 }, // U+533A
    { 23, 24, 400, 1, 21, 69, 29319 }, // U+5355
    { 21, 25, 400, 3, 22, 66, 29388 }, // U+5360
    { 23, 25, 400, 1, 22, 72, 29454 }, // U+5361
    { 23, 23, 400, 1, 20, 67, 29526 }, // U+5373
    { 24, 23, 400, 0, 20, 69, 29593 }, // U+538B
    { 24, 23, 400, 0, 20, 69, 29662 }, // U+539F
    { 23, 24, 400, 1, 21, 69, 29731 }, // U+53CD
    { 25, 25, 400, 0, 22, 79, 29800 }, // U+53D1
    { 25, 23, 400, 0, 20, 72, 29879 }, // U+53D6
    { 21, 21, 400, 2, 19, 56, 29951 }, // U+53E3
    { 23, 23, 400, 1, 20, 67, 30007 }, // U+53EF
    { 24, 25, 400, 0, 22, 75, 30074 }, // U+53F3
    { 23, 24, 400, 1, 21, 69, 30149 }, // U+53F7
    { 25, 25, 400, 0, 22, 79, 30218 }, // U+5404
    { 21, 23, 400, 2, 20, 61, 30297 }, // U+540C
    { 22, 25, 400, 0, 22, 69, 30358 }, // U+540D
    { 24, 24, 400, 0, 21, 72, 30427 }, // U+540E
    { 21, 25, 400, 2, 22, 66, 30499 }, // U+5411
    { 25, 23, 400, 0, 20, 72, 30565 }, // U+5426
    { 25, 25, 400, 0, 22, 79, 30637 }, // U+542B
    { 23, 25, 400, 0, 22, 72, 30716 }, // U+542F
    { 23, 25, 400, 1, 22, 72, 30788 }, // U+544A
    { 23, 23, 400, 0, 20, 67, 30860 }, // U+5468
    { 25, 25, 400, 0, 22, 79, 30927 }, // U+547D
    { 23, 24, 400, 0, 21, 69, 31006 }, // U+548C
    { 24, 25, 400, 1, 22, 75, 31075 }, // U+54C8
    { 24, 25, 400, 1, 22, 75, 31150 }, // U+5524
    { 25, 24, 400, 0, 21, 75, 31225 }, // U+5668
    { 21, 21, 400, 2, 19, 56, 31300 }, // U+56DB
    { 23, 24, 400, 1, 21, 69, 31356 }, // U+56DE
    { 23, 24, 400, 1, 21, 69, 31425 }, // U+56E0
    { 23, 24, 400, 1, 21, 69, 31494 }, // U+56F4
    { 21, 23, 400, 2, 20, 61, 31563 }, // U+56FA
    { 23, 24, 400, 1, 21, 69, 31624 }, // U+56FE
    { 23, 24, 400, 1, 21, 69, 31693 }, // U+5706
    { 24, 25, 400, 0, 22, 75, 31762 }, // U+5728
    { 25, 24, 400, 0, 22, 75, 31837 }, // U+5730
    { 25, 23, 400, 0, 21, 72, 31912 }, // U+5740
    { 24, 25, 400, 0, 22, 75, 31984 }, // U+5747
    { 23, 23, 400, 1, 21, 67, 32059 }, // U+5782
    { 25, 24, 400, 0, 22, 75, 32126 }, // U+57FA
    { 23, 25, 400, 0, 22, 72, 32201 }, // U+589E
    { 25, 25, 400, 0, 22, 79, 32273 }, // U+5907
    { 25, 25, 400, 0, 22, 79, 32352 }, // U+590D
    { 23, 25, 400, 1, 22, 72, 32431 }, // U+591A
    { 25, 25, 400, 0, 22, 79, 32503 }, // U+591C
    { 24, 25, 400, 1, 22, 75, 32582 }, // U+5927
    { 25, 23, 400, 0, 20, 72, 32657 }, // U+5929
    { 25, 25, 400, 0, 22, 79, 32729 }, // U+5931
    { 23, 24, 400, 1, 21, 69, 32808 }, // U+5934
    { 23, 25, 400, 1, 22, 72, 32877 }, // U+5939
    { 25, 25, 400, 0, 22, 79, 32949 }, // U+59CB
    { 23, 25, 400, 1, 22, 72, 33028 }, // U+5B57
    { 24, 25, 400, 0, 22, 75, 33100 }, // U+5B58
    { 23, 25, 400, 1, 22, 72, 33175 }, // U+5B89
    { 24, 25, 400, 1, 22, 75, 33247 }, // U+5B8C
    { 25, 25, 400, 0, 22, 79, 33322 }, // U+5B9A
    { 24, 25, 400, 1, 22, 75, 33401 }, // U+5BB6
    { 25, 25, 400, 0, 22, 79, 33476 }, // U+5BB9
    { 25, 25, 400, 0, 22, 79, 33555 }, // U+5BBD
    { 25, 24, 400, 0, 22, 75, 33634 }, // U+5BC6
    { 25, 25, 400, 0, 22, 79, 33709 }, // U+5BF9
    { 25, 25, 400, 0, 22, 79, 33788 }, // U+5C01
    { 24, 25, 400, 0, 22, 75, 33867 }, // U+5C06
    { 25, 24, 400, 0, 21, 75, 33942 }, // U+5C0F
    { 24, 25, 400, 0, 22, 75, 34017 }, // U+5C11
    { 21, 25, 400, 2, 22, 66, 34092 }, // U+5C1A
    { 24, 25, 400, 1, 22, 75, 34158 }, // U+5C31
    { 23, 23, 400, 0, 20, 67, 34233 }, // U+5C40
    { 24, 23, 400, 0, 20, 69, 34300 }, // U+5C45
    { 24, 23, 400, 0, 20, 69, 34369 }, // U+5C4F
    { 23, 20, 400, 1, 19, 58, 34438 }, // U+5DE5
    { 24, 24, 400, 0, 22, 72, 34496 }, // U+5DE6
    { 22, 22, 400, 2, 20, 61, 34568 }, // U+5DF2
    { 24, 25, 400, 0, 22, 75, 34629 }, // U+5E03
    { 24, 25, 400, 0, 22, 75, 34704 }, // U+5E0C
    { 23, 24, 400, 1, 21, 69, 34779 }, // U+5E26
    { 25, 25, 400, 0, 22, 79, 34848 }, // U+5E55
    { 23, 23, 400, 1, 20, 67, 34927 }, // U+5E73
    { 23, 25, 400, 1, 22, 72, 34994 }, // U+5E76
    { 24, 25, 400, 0, 22, 75, 35066 }, // U+5E8F
    { 24, 25, 400, 0, 22, 75, 35141 }, // U+5E94
    { 25, 25, 400, 0, 22, 79, 35216 }, // U+5E95
    { 25, 25, 400, 0, 22, 79, 35295 }, // U+5EA6
    { 25, 25, 400, 0, 22, 79, 35374 }, // U+5EFA
    { 23, 23, 400, 1, 20, 67, 35453 }, // U+5F00
    { 24, 25, 400, 1, 22, 75, 35520 }, // U+5F0F
    { 20, 24, 400, 2, 21, 60, 35595 }, // U+5F15
    { 24, 25, 400, 1, 22, 75, 35655 }, // U+5F39
    { 21, 25, 400, 2, 22, 66, 35730 }, // U+5F53
    { 23, 23, 400, 1, 20, 67, 35796 }, // U+5F55
    { 24, 25, 400, 0, 22, 75, 35863 }, // U+5F97
    { 24, 24, 400, 0, 22, 72, 35938 }, // U+5FD8
    { 25, 25, 400, 0, 22, 79, 36010 }, // U+5FEB
    { 24, 24, 400, 0, 22, 72, 36089 }, // U+5FFD
    { 24, 24, 400, 1, 22, 72, 36161 }, // U+6001
    { 25, 25, 400, 0, 22, 79, 36233 }, // U+6062
    { 24, 24, 400, 0, 22, 72, 36312 }, // U+606F
    { 25, 25, 400, 0, 22, 79, 36384 }, // U+60C5
    { 25, 25, 400, 0, 22, 79, 36463 }, // U+60EF
    { 23, 24, 400, 1, 22, 69, 36542 }, // U+610F
    { 25, 25, 400, 0, 22, 79, 36611 }, // U+6162
    { 25, 25, 400, 0, 22, 79, 36690 }, // U+6210
    { 24, 25, 400, 1, 22, 75, 36769 }, // U+6216
    { 25, 25, 400, 0, 22, 79, 36844 }, // U+622A
    { 22, 25, 400, 0, 22, 69, 36923 }, // U+6237
    { 25, 24, 400, 0, 21, 75, 36992 }, // U+6240
    { 23, 25, 400, 1, 22, 72, 37067 }, // U+624B
    { 25, 24, 400, 0, 22, 75, 37139 }, // U+6253
    { 23, 23, 400, 0, 21, 67, 37214 }, // U+626B
    { 25, 24, 400, 0, 22, 75, 37281 }, // U+627E
    { 25, 25, 400, 0, 22, 79, 37356 }, // U+6297
    { 25, 25, 400, 0, 22, 79, 37435 }, // U+62A5
    { 25, 25, 400, 0, 22, 79, 37514 }, // U+62D4
    { 25, 25, 400, 0, 22, 79, 37593 }, // U+62E9
    { 25, 25, 400, 0, 22, 79, 37672 }, // U+6301
    { 25, 25, 400, 0, 22, 79, 37751 }, // U+6307
    { 25, 25, 400, 0, 22, 79, 37830 }, // U+6309
    { 24, 25, 400, 0, 22, 75, 37909 }, // U+6325
    { 25, 25, 400, 0, 22, 79, 37984 }, // U+6362
    { 24, 25, 400, 0, 22, 75, 38063 }, // U+636E
    { 25, 25, 400, 0, 22, 79, 38138 }, // U+6392
    { 25, 25, 400, 0, 22, 79, 38217 }, // U+63A5
    { 25, 24, 400, 0, 22, 75, 38296 }, // U+63A7
    { 24, 25, 400, 0, 22, 75, 38371 }, // U+63A8
    { 24, 25, 400, 0, 22, 75, 38446 }, // U+63CF
    { 25, 25, 400, 0, 22, 79, 38521 }, // U+63D0
    { 24, 25, 400, 0, 22, 75, 38600 }, // U+63D2
    { 25, 25, 400, 0, 22, 79, 38675 }, // U+641C
    { 24, 25, 400, 0, 22, 75, 38754 }, // U+6458
    { 25, 25, 400, 0, 22, 79, 38829 }, // U+64CD
    { 24, 25, 400, 1, 22, 75, 38908 }, // U+6536
    { 24, 25, 400, 1, 22, 75, 38983 }, // U+6539
    { 25, 25, 400, 0, 22, 79, 39058 }, // U+653E
    { 25, 25, 400, 0, 22, 79, 39137 }, // U+6548
    { 25, 25, 400, 0, 22, 79, 39216 }, // U+6570
    { 25, 24, 400, 0, 22, 75, 39295 }, // U+6574
    { 25, 25, 400, 0, 22, 79, 39370 }, // U+6587
    { 25, 25, 400, 0, 22, 79, 39449 }, // U+659C
    { 24, 25, 400, 1, 22, 75, 39528 }, // U+65AD
    { 25, 24, 400, 0, 22, 75, 39603 }, // U+65B0
    { 23, 25, 400, 1, 22, 72, 39678 }, // U+65B9
    { 25, 23, 400, 0, 20, 72, 39750 }, // U+65E0
    { 18, 22, 400, 4, 20, 50, 39822 }, // U+65E5
    { 23, 23, 400, 1, 20, 67, 39872 }, // U+65E9
    { 24, 23, 400, 1, 21, 69, 39939 }, // U+65F6
    { 23, 24, 400, 1, 21, 69, 40008 }, // U+660E
    { 25, 24, 400, 0, 21, 75, 40077 }, // U+662F
    { 25, 21, 400, 0, 20, 66, 40152 }, // U+663E
    { 24, 24, 400, 1, 21, 72, 40218 }, // U+6670
    { 23, 25, 400, 0, 22, 72, 40290 }, // U+667A
    { 23, 25, 400, 1, 22, 72, 40362 }, // U+6682
    { 24, 23, 400, 1, 20, 69, 40434 }, // U+66F4
    { 24, 24, 400, 1, 21, 72, 40503 }, // U+6700
    { 24, 25, 400, 0, 22, 75, 40575 }, // U+6709
    { 25, 24, 400, 0, 21, 75, 40650 }, // U+670D
    { 24, 24, 400, 0, 21, 72, 40725 }, // U+671F
    { 25, 25, 400, 0, 22, 79, 40797 }, // U+672A
    { 25, 25, 400, 0, 22, 79, 40876 }, // U+672B
    { 25, 25, 400, 0, 22, 79, 40955 }, // U+672C
    { 25, 25, 400, 0, 22, 79, 41034 }, // U+673A
    { 25, 25, 400, 0, 22, 79, 41113 }, // U+6761
    { 25, 25, 400, 0, 22, 79, 41192 }, // U+6765
    { 25, 25, 400, 0, 22, 79, 41271 }, // U+677E
    { 25, 25, 400, 0, 22, 79, 41350 }, // U+6790
    { 25, 23, 400, 0, 20, 72, 41429 }, // U+679C
    { 25, 24, 400, 0, 22, 75, 41501 }, // U+67E5
    { 25, 25, 400, 0, 22, 79, 41576 }, // U+6807
    { 24, 25, 400, 0, 22, 75, 41655 }, // U+680F
    { 24, 25, 400, 0, 22, 75, 41730 }, // U+6837
    { 25, 25, 400, 0, 22, 79, 41805 }, // U+6839
    { 25, 25, 400, 0, 22, 79, 41884 }, // U+683C
    { 25, 25, 400, 0, 22, 79, 41963 }, // U+6846
    { 24, 25, 400, 0, 22, 75, 42042 }, // U+6863
    { 25, 25, 400, 0, 22, 79, 42117 }, // U+68C0
    { 25, 25, 400, 0, 22, 79, 42196 }, // U+6A21
    { 25, 25, 400, 0, 22, 79, 42275 }, // U+6A2A
    { 25, 25, 400, 0, 22, 79, 42354 }, // U+6B21
    { 23, 22, 400, 1, 20, 64, 42433 }, // U+6B63
    { 24, 24, 400, 1, 22, 72, 42497 }, // U+6B64
    { 23, 25, 400, 1, 22, 72, 42569 }, // U+6B65
    { 25, 25, 400, 0, 22, 79, 42641 }, // U+6BB5
    { 25, 25, 400, 0, 22, 79, 42720 }, // U+6BCF
    { 23, 23, 400, 1, 21, 67, 42799 }, // U+6BD4
    { 25, 25, 400, 0, 22, 79, 42866 }, // U+6C34
    { 25, 24, 400, 0, 21, 75, 42945 }, // U+6C89
    { 25, 24, 400, 0, 21, 75, 43020 }, // U+6CA1
    { 24, 25, 400, 0, 22, 75, 43095 }, // U+6CD5
    { 25, 24, 400, 0, 22, 75, 43170 }, // U+6CE8
    { 25, 25, 400, 0, 22, 79, 43245 }, // U+6D3B
    { 25, 25, 400, 0, 22, 79, 43324 }, // U+6D45
    { 24, 25, 400, 0, 22, 75, 43403 }, // U+6D4F
    { 24, 25, 400, 0, 22, 75, 43478 }, // U+6D88
    { 24, 23, 400, 0, 21, 69, 43553 }, // U+6DF1
    { 25, 24, 400, 0, 21, 75, 43622 }, // U+6DFB
    { 24, 25, 400, 0, 22, 75, 43697 }, // U+6E05
    { 25, 25, 400, 0, 22, 79, 43772 }, // U+6E10
    { 25, 23, 400, 0, 21, 72, 43851 }, // U+6E29
    { 25, 24, 400, 0, 21, 75, 43923 }, // U+6E90
    { 24, 24, 400, 0, 21, 72, 43998 }, // U+6ED1
    { 25, 25, 400, 0, 22, 79, 44070 }, // U+6EE4
    { 24, 24, 400, 1, 21, 72, 44149 }, // U+706F
    { 24, 25, 400, 0, 22, 75, 44221 }, // U+70B9
    { 25, 25, 400, 0, 22, 79, 44296 }, // U+70ED
    { 25, 25, 400, 0, 22, 79, 44375 }, // U+7136
    { 23, 25, 400, 0, 22, 72, 44454 }, // U+7247
    { 25, 25, 400, 0, 22, 79, 44526 }, // U+7248
    { 24, 23, 400, 0, 20, 69, 44605 }, // U+7259
    { 25, 25, 400, 0, 22, 79, 44674 }, // U+72B6
    { 24, 25, 400, 0, 22, 75, 44753 }, // U+732B
    { 23, 25, 400, 1, 22, 72, 44828 }, // U+7387
    { 25, 23, 400, 0, 20, 72, 44900 }, // U+73B0
    { 25, 22, 400, 0, 20, 69, 44972 }, // U+7406
    { 23, 23, 400, 0, 20, 67, 45041 }, // U+7528
    { 23, 24, 400, 2, 22, 69, 45108 }, // U+7535
    { 23, 23, 400, 1, 20, 67, 45177 }, // U+753B
    { 24, 24, 400, 1, 21, 72, 45244 }, // U+754C
    { 23, 25, 400, 1, 22, 72, 45316 }, // U+7559
    { 24, 25, 400, 1, 22, 75, 45388 }, // U+7565
    { 25, 24, 400, 0, 22, 75, 45463 }, // U+767B
    { 23, 23, 400, 1, 20, 67, 45538 }, // U+767E
    { 22, 24, 400, 2, 22, 66, 45605 }, // U+7684
    { 23, 24, 400, 1, 22, 69, 45671 }, // U+76D8
    { 19, 22, 400, 3, 20, 53, 45740 }, // U+76EE
    { 23, 24, 400, 1, 22, 69, 45793 }, // U+76F4
    { 24, 24, 400, 0, 21, 72, 45862 }, // U+770B
    { 24, 24, 400, 1, 21, 72, 45934 }, // U+7720
    { 24, 25, 400, 0, 22, 75, 46006 }, // U+7740
    { 23, 23, 400, 1, 21, 67, 46081 }, // U+7761
    { 25, 24, 400, 0, 22, 75, 46148 }, // U+77ED
    { 24, 22, 400, 0, 20, 66, 46223 }, // U+7801
    { 24, 25, 400, 0, 22, 75, 46289 }, // U+786E
    { 24, 23, 400, 0, 20, 69, 46364 }, // U+793A
    { 25, 25, 400, 0, 22, 79, 46433 }, // U+7981
    { 25, 25, 400, 0, 22, 79, 46512 }, // U+79D2
    { 25, 25, 400, 0, 22, 79, 46591 }, // U+79F0
    { 25, 25, 400, 0, 22, 79, 46670 }, // U+79FB
    { 25, 24, 400, 0, 21, 75, 46749 }, // U+7A0B
    { 23, 24, 400, 1, 22, 69, 46824 }, // U+7A7A
    { 23, 24, 400, 1, 22, 69, 46893 }, // U+7ACB
    { 23, 23, 400, 1, 21, 67, 46962 }, // U+7AD6
    { 23, 25, 400, 1, 22, 72, 47029 }, // U+7AE0
    { 24, 25, 400, 0, 22, 75, 47101 }, // U+7AEF
    { 24, 25, 400, 0, 22, 75, 47176 }, // U+7B26
    { 23, 25, 400, 1, 22, 72, 47251 }, // U+7B2C
    { 25, 24, 400, 0, 22, 75, 47323 }, // U+7B7E
    { 23, 25, 400, 1, 22, 72, 47398 }, // U+7B80
    { 24, 25, 400, 0, 22, 75, 47470 }, // U+7B97
    { 24, 25, 400, 0, 22, 75, 47545 }, // U+7BA1
    { 24, 25, 400, 0, 22, 75, 47620 }, // U+7BAD
    { 24, 25, 400, 0, 22, 75, 47695 }, // U+7C4D
    { 25, 25, 400, 0, 22, 79, 47770 }, // U+7C97
    { 23, 24, 400, 1, 22, 69, 47849 }, // U+7CFB
    { 23, 24, 400, 1, 22, 69, 47918 }, // U+7D22
    { 23, 24, 400, 1, 21, 69, 47987 }, // U+7D27
    { 24, 25, 400, 1, 22, 75, 48056 }, // U+7EBF
    { 24, 24, 400, 0, 22, 72, 48131 }, // U+7EC6
    { 25, 25, 400, 0, 22, 79, 48203 }, // U+7EC8
    { 24, 25, 400, 0, 22, 75, 48282 }, // U+7ED3
    { 25, 24, 400, 0, 22, 75, 48357 }, // U+7EDC
    { 25, 25, 400, 0, 22, 79, 48432 }, // U+7EDF
    { 24, 23, 400, 0, 22, 69, 48511 }, // U+7EE7
    { 25, 25, 400, 0, 22, 79, 48580 }, // U+7EEA
    { 25, 25, 400, 0, 22, 79, 48659 }, // U+7EED
    { 25, 25, 400, 0, 22, 79, 48738 }, // U+7EF4
    { 25, 25, 400, 0, 22, 79, 48817 }, // U+7F13
    { 24, 24, 400, 0, 22, 72, 48896 }, // U+7F16
    { 25, 24, 400, 0, 22, 75, 48968 }, // U+7F1D
    { 24, 25, 400, 0, 22, 75, 49043 }, // U+7F29
    { 21, 23, 400, 2, 20, 61, 49118 }, // U+7F51
    { 23, 23, 400, 1, 21, 67, 49179 }, // U+7F6E
    { 24, 24, 400, 0, 21, 72, 49246 }, // U+7FFB
    { 24, 25, 400, 0, 22, 75, 49318 }, // U+8005
    { 24, 25, 400, 1, 22, 75, 49393 }, // U+80FD
    { 24, 25, 400, 0, 22, 75, 49468 }, // U+8111
    { 24, 24, 400, 0, 21, 72, 49543 }, // U+811A
    { 19, 25, 400, 3, 22, 60, 49615 }, // U+81EA
    { 23, 22, 400, 1, 20, 64, 49675 }, // U+81F3
    { 25, 24, 400, 0, 22, 75, 49739 }, // U+8272
    { 23, 25, 400, 1, 22, 72, 49814 }, // U+8282
    { 24, 25, 400, 0, 22, 75, 49886 }, // U+82E5
    { 25, 25, 400, 0, 22, 79, 49961 }, // U+82F1
    { 24, 25, 400, 1, 22, 75, 50040 }, // U+8303
    { 24, 25, 400, 0, 22, 75, 50115 }, // U+8350
    { 24, 25, 400, 0, 22, 75, 50190 }, // U+83B7
    { 25, 25, 400, 0, 22, 79, 50265 }, // U+83DC
    { 25, 25, 400, 0, 22, 79, 50344 }, // U+843D
    { 23, 24, 400, 1, 22, 69, 50423 }, // U+84DD
    { 25, 25, 400, 0, 22, 79, 50492 }, // U+85CF
    { 24, 25, 400, 0, 22, 75, 50571 }, // U+884C
    { 25, 25, 400, 0, 22, 79, 50646 }, // U+8868
    { 25, 25, 400, 0, 22, 79, 50725 }, // U+88AB
    { 25, 25, 400, 0, 22, 79, 50804 }, // U+88C1
    { 25, 25, 400, 0, 22, 79, 50883 }, // U+88C5
    { 25, 24, 400, 0, 21, 75, 50962 }, // U+892A
    { 23, 24, 400, 1, 21, 69, 51037 }, // U+8981
    { 23, 23, 400, 1, 20, 67, 51106 }, // U+89C1
    { 23, 25, 400, 1, 22, 72, 51173 }, // U+89C8
    { 25, 25, 400, 0, 22, 79, 51245 }, // U+89E3
    { 25, 25, 400, 0, 22, 79, 51324 }, // U+89E6
    { 23, 25, 400, 1, 22, 72, 51403 }, // U+8A00
    { 24, 25, 400, 1, 22, 75, 51475 }, // U+8BA1
    { 24, 25, 400, 1, 22, 75, 51550 }, // U+8BA4
    { 24, 24, 400, 1, 21, 72, 51625 }, // U+8BAE
    { 24, 23, 400, 1, 21, 69, 51697 }, // U+8BB0
    { 24, 24, 400, 1, 21, 72, 51766 }, // U+8BBE
    { 24, 23, 400, 1, 21, 69, 51838 }, // U+8BC1
    { 23, 24, 400, 1, 21, 69, 51907 }, // U+8BCD
    { 24, 23, 400, 1, 21, 69, 51976 }, // U+8BD5
    { 24, 24, 400, 0, 22, 72, 52045 }, // U+8BE2
    { 24, 25, 400, 0, 22, 75, 52117 }, // U+8BE6
    { 24, 24, 400, 1, 21, 72, 52192 }, // U+8BED
    { 25, 24, 400, 0, 21, 75, 52264 }, // U+8BEF
    { 24, 25, 400, 1, 22, 75, 52339 }, // U+8BF4
    { 25, 25, 400, 0, 22, 79, 52414 }, // U+8BF7
    { 25, 25, 400, 0, 22, 79, 52493 }, // U+8BFB
    { 23, 24, 400, 1, 21, 69, 52572 }, // U+8C03
    { 25, 24, 400, 0, 21, 75, 52641 }, // U+8D25
    { 25, 24, 400, 0, 21, 75, 52716 }, // U+8D26
    { 25, 25, 400, 0, 22, 79, 52791 }, // U+8D77
    { 25, 25, 400, 0, 22, 79, 52870 }, // U+8D85
    { 24, 23, 400, 1, 20, 69, 52949 }, // U+8DB3
    { 25, 24, 400, 0, 21, 75, 53018 }, // U+8DC3
    { 25, 24, 400, 0, 22, 75, 53093 }, // U+8DD1
    { 25, 23, 400, 0, 21, 72, 53168 }, // U+8DDD
    { 25, 24, 400, 0, 21, 75, 53240 }, // U+8DDF
    { 25, 25, 400, 0, 22, 79, 53315 }, // U+8DF3
    { 25, 25, 400, 0, 22, 79, 53394 }, // U+8F6C
    { 24, 24, 400, 0, 22, 72, 53473 }, // U+8F7B
    { 24, 25, 400, 1, 22, 75, 53545 }, // U+8F7D
    { 25, 25, 400, 0, 22, 79, 53620 }, // U+8F83
    { 25, 25, 400, 0, 22, 79, 53699 }, // U+8F93
    { 25, 24, 400, 0, 21, 75, 53778 }, // U+8FB9
    { 25, 24, 400, 0, 22, 75, 53853 }, // U+8FBE
    { 25, 23, 400, 0, 21, 72, 53928 }, // U+8FC7
    { 25, 24, 400, 0, 22, 75, 54000 }, // U+8FD1
    { 25, 23, 400, 0, 21, 72, 54075 }, // U+8FD4
    { 25, 24, 400, 0, 21, 75, 54147 }, // U+8FD8
    { 25, 24, 400, 0, 22, 75, 54222 }, // U+8FD9
    { 25, 23, 400, 0, 21, 72, 54297 }, // U+8FDB
    { 25, 23, 400, 0, 20, 72, 54369 }, // U+8FDC
    { 25, 25, 400, 0, 22, 79, 54441 }, // U+8FDE
    { 25, 23, 400, 0, 21, 72, 54520 }, // U+9000
    { 25, 25, 400, 0, 22, 79, 54592 }, // U+9001
    { 25, 23, 400, 0, 21, 72, 54671 }, // U+9002
    { 25, 25, 400, 0, 22, 79, 54743 }, // U+9006
    { 24, 24, 400, 1, 21, 72, 54822 }, // U+9009
    { 24, 24, 400, 1, 21, 72, 54894 }, // U+900F
    { 25, 23, 400, 0, 21, 72, 54966 }, // U+901A
    { 25, 24, 400, 0, 22, 75, 55038 }, // U+901F
    { 23, 25, 400, 1, 22, 72, 55113 }, // U+90E8
    { 25, 24, 400, 0, 21, 75, 55185 }, // U+90FD
    { 24, 23, 400, 1, 21, 69, 55260 }, // U+914D
    { 24, 23, 400, 1, 21, 69, 55329 }, // U+9192
    { 25, 24, 400, 0, 21, 75, 55398 }, // U+91CA
    { 23, 24, 400, 1, 22, 69, 55473 }, // U+91CD
    { 23, 23, 400, 1, 21, 67, 55542 }, // U+91CF
    { 24, 25, 400, 0, 22, 75, 55609 }, // U+9488
    { 24, 25, 400, 0, 22, 75, 55684 }, // U+949F
    { 25, 24, 400, 0, 22, 75, 55759 }, // U+94FE
    { 25, 25, 400, 0, 22, 79, 55834 }, // U+9519
    { 25, 25, 400, 0, 22, 79, 55913 }, // U+952E
    { 24, 25, 400, 0, 22, 75, 55992 }, // U+952F
    { 25, 25, 400, 0, 22, 79, 56067 }, // U+955C
    { 24, 23, 400, 1, 21, 69, 56146 }, // U+957F
    { 23, 24, 400, 1, 21, 69, 56215 }, // U+95ED
    { 21, 24, 400, 2, 21, 63, 56284 }, // U+95EE
    { 22, 24, 400, 2, 21, 66, 56347 }, // U+95F4
    { 21, 24, 400, 2, 21, 63, 56413 }, // U+9605
    { 21, 24, 400, 2, 21, 63, 56476 }, // U+9633
    { 24, 25, 400, 1, 22, 75, 56539 }, // U+9644
    { 24, 25, 400, 1, 22, 75, 56614 }, // U+9664
    { 24, 25, 400, 1, 22, 75, 56689 }, // U+968F
    { 24, 24, 400, 1, 21, 72, 56764 }, // U+9690
    { 23, 24, 400, 1, 21, 69, 56836 }, // U+9700
    { 23, 23, 400, 1, 20, 67, 56905 }, // U+9762
    { 23, 23, 400, 1, 20, 67, 56972 }, // U+9875
    { 24, 24, 400, 1, 21, 72, 57039 }, // U+9876
    { 25, 24, 400, 0, 21, 75, 57111 }, // U+9879
    { 24, 24, 400, 0, 21, 72, 57186 }, // U+987A
    { 25, 24, 400, 0, 21, 75, 57258 }, // U+9884
    { 25, 25, 400, 0, 22, 79, 57333 }, // U+9891
    { 25, 24, 400, 0, 21, 75, 57412 }, // U+9898
    { 25, 25, 400, 0, 22, 79, 57487 }, // U+9988
    { 23, 25, 400, 1, 22, 72, 57566 }, // U+9996
    { 25, 24, 400, 0, 22, 75, 57638 }, // U+9A8C
    { 23, 24, 400, 1, 22, 69, 57713 }, // U+9E1F
    { 24, 25, 400, 0, 22, 75, 57782 }, // U+9E70
    { 25, 24, 400, 0, 22, 75, 57857 }, // U+9ED8
    { 25, 25, 400, 0, 22, 79, 57932 }, // U+9F50
    { 23, 25, 400, 1, 22, 72, 58011 }, // U+9F7F
    { 15, 18, 281, 1, 18, 34, 58083 }, // U+FB01
    { 18, 18, 298, 1, 18, 41, 58117 }, // U+FB02
    { 25, 21, 410, 0, 12, 66, 58158 }, // U+FB56
    { 31, 19, 457, 0, 10, 74, 58224 }, // U+FB57
    { 8, 21, 144, 0, 12, 21, 58298 }, // U+FB58
    { 13, 18, 164, 0, 9, 30, 58319 }, // U+FB59
    { 25, 19, 410, 0, 18, 60, 58349 }, // U+FB66
    { 31, 19, 457, 0, 18, 74, 58409 }, // U+FB67
    { 8, 22, 127, 0, 21, 22, 58483 }, // U+FB68
    { 13, 19, 164, 0, 18, 31, 58505 }, // U+FB69
    { 17, 23, 275, 0, 13, 49, 58536 }, // U+FB7A
    { 21, 23, 304, 0, 13, 61, 58585 }, // U+FB7B
    { 16, 20, 252, 0, 11, 40, 58646 }, // U+FB7C
    { 19, 20, 262, 0, 11, 48, 58686 }, // U+FB7D
    { 12, 23, 207, 0, 22, 35, 58734 }, // U+FB88
    { 17, 23, 228, 0, 22, 49, 58769 }, // U+FB89
    { 11, 26, 164, -1, 20, 36, 58818 }, // U+FB8A
    { 15, 26, 180, -1, 20, 49, 58854 }, // U+FB8B
    { 11, 26, 164, -1, 20, 36, 58903 }, // U+FB8C
    { 15, 26, 180, -1, 20, 49, 58939 }, // U+FB8D
    { 23, 19, 364, 0, 18, 55, 58988 }, // U+FB8E
    { 26, 19, 381, 0, 18, 62, 59043 }, // U+FB8F
    { 12, 19, 182, 0, 18, 29, 59105 }, // U+FB90
    { 15, 19, 203, 0, 18, 36, 59134 }, // U+FB91
    { 23, 23, 364, 0, 22, 67, 59170 }, // U+FB92
    { 26, 23, 381, 0, 22, 75, 59237 }, // U+FB93
    { 13, 23, 182, -1, 22, 38, 59312 }, // U+FB94
    { 16, 23, 203, -1, 22, 46, 59350 }, // U+FB95
    { 18, 16, 296, 0, 10, 36, 59396 }, // U+FB9E
    { 23, 15, 322, 0, 9, 44, 59432 }, // U+FB9F
    { 11, 15, 188, 0, 14, 21, 59476 }, // U+FBA6
    { 17, 11, 234, 0, 10, 24, 59497 }, // U+FBA7
    { 7, 17, 127, 0, 12, 15, 59521 }, // U+FBA8
    { 15, 13, 206, 0, 6, 25, 59536 }, // U+FBA9
    { 19, 15, 308, 0, 14, 36, 59561 }, // U+FBAA
    { 20, 18, 274, 0, 12, 45, 59597 }, // U+FBAB
    { 16, 15, 256, 0, 14, 30, 59642 }, // U+FBAC
    { 17, 18, 228, 0, 12, 39, 59672 }, // U+FBAD
    { 23, 14, 377, 0, 13, 41, 59711 }, // U+FBAE
    { 17, 12, 224, 0, 4, 26, 59752 }, // U+FBAF
    { 23, 21, 377, 0, 20, 61, 59778 }, // U+FBB0
    { 17, 19, 224, 0, 11, 41, 59839 }, // U+FBB1
    { 21, 18, 328, 0, 12, 48, 59880 }, // U+FBFC
    { 22, 13, 320, 0, 7, 36, 59928 }, // U+FBFD
    { 8, 18, 144, 0, 12, 18, 59964 }, // U+FBFE
    { 13, 15, 164, 0, 9, 25, 59982 }, // U+FBFF
    { 11, 13, 188, 0, 11, 18, 60007 }, // U+FE80
    { 10, 23, 108, -2, 23, 29, 60025 }, // U+FE81
    { 12, 25, 127, -2, 24, 38, 60054 }, // U+FE82
    { 6, 25, 108, 0, 25, 19, 60092 }, // U+FE83
    { 10, 27, 127, 0, 26, 34, 60111 }, // U+FE84
    { 12, 24, 199, 0, 18, 36, 60145 }, // U+FE85
    { 16, 24, 210, 0, 18, 48, 60181 }, // U+FE86
    { 6, 27, 109, 1, 19, 21, 60229 }, // U+FE87
    { 9, 27, 127, 1, 19, 31, 60250 }, // U+FE88
    { 21, 19, 328, 0, 13, 50, 60281 }, // U+FE89
    { 22, 19, 320, 0, 13, 53, 60331 }, // U+FE8A
    { 7, 21, 127, 0, 20, 19, 60384 }, // U+FE8B
    { 12, 18, 154, 0, 17, 27, 60403 }, // U+FE8C
    { 5, 19, 109, 1, 19, 12, 60430 }, // U+FE8D
    { 9, 20, 127, 1, 19, 23, 60442 }, // U+FE8E
    { 25, 19, 410, 0, 12, 60, 60465 }, // U+FE8F
    { 31, 17, 457, 0, 10, 66, 60525 }, // U+FE90
    { 7, 18, 127, 0, 12, 16, 60591 }, // U+FE91
    { 12, 15, 154, 0, 9, 23, 60607 }, // U+FE92
    { 11, 21, 188, 0, 20, 29, 60630 }, // U+FE93
    { 16, 23, 222, 0, 22, 46, 60659 }, // U+FE94
    { 25, 16, 410, 0, 15, 50, 60705 }, // U+FE95
    { 31, 16, 457, 0, 15, 62, 60755 }, // U+FE96
    { 9, 19, 127, -1, 18, 22, 60817 }, // U+FE97
    { 13, 16, 164, 0, 15, 26, 60839 }, // U+FE98
    { 25, 19, 410, 0, 18, 60, 60865 }, // U+FE99
    { 31, 19, 457, 0, 18, 74, 60925 }, // U+FE9A
    { 8, 22, 127, 0, 21, 22, 60999 }, // U+FE9B
    { 13, 19, 164, 0, 18, 31, 61021 }, // U+FE9C
    { 17, 23, 275, 0, 13, 49, 61052 }, // U+FE9D
    { 21, 23, 296, 0, 13, 61, 61101 }, // U+FE9E
    { 16, 17, 252, 0, 11, 34, 61162 }, // U+FE9F
    { 19, 17, 262, 0, 11, 41, 61196 }, // U+FEA0
    { 17, 23, 275, 0, 13, 49, 61237 }, // U+FEA1
    { 21, 23, 296, 0, 13, 61, 61286 }, // U+FEA2
    { 16, 12, 252, 0, 11, 24, 61347 }, // U+FEA3
    { 19, 12, 262, 0, 11, 29, 61371 }, // U+FEA4
    { 17, 29, 275, 0, 19, 62, 61400 }, // U+FEA5
    { 21, 29, 296, 0, 19, 77, 61462 }, // U+FEA6
    { 16, 19, 252, 0, 18, 38, 61539 }, // U+FEA7
    { 19, 19, 262, 0, 18, 46, 61577 }, // U+FEA8
    { 12, 14, 207, 0, 13, 21, 61623 }, // U+FEA9
    { 17, 14, 228, 0, 13, 30, 61644 }, // U+FEAA
    { 12, 20, 207, 0, 19, 30, 61674 }, // U+FEAB
    { 17, 20, 228, 0, 19, 43, 61704 }, // U+FEAC
    { 10, 16, 164, -1, 10, 20, 61747 }, // U+FEAD
    { 15, 16, 180, -1, 10, 30, 61767 }, // U+FEAE
    { 10, 23, 164, -1, 17, 29, 61797 }, // U+FEAF
    { 15, 23, 180, -1, 17, 44, 61826 }, // U+FEB0
    { 33, 18, 548, 0, 12, 75, 61870 }, // U+FEB1
    { 38, 17, 576, 0, 11, 81, 61945 }, // U+FEB2
    { 23, 13, 380, 0, 12, 38, 62026 }, // U+FEB3
    { 28, 12, 408, 0, 11, 42, 62064 }, // U+FEB4
    { 33, 25, 548, 0, 19, 104, 62106 }, // U+FEB5
    { 38, 25, 576, 0, 19, 119, 62210 }, // U+FEB6
    { 23, 20, 380, 0, 19, 58, 62329 }, // U+FEB7
    { 28, 20, 408, 0, 19, 70, 62387 }, // U+FEB8
    { 35, 17, 569, 0, 11, 75, 62457 }, // U+FEB9
    { 39, 17, 577, 0, 11, 83, 62532 }, // U+FEBA
    { 24, 12, 390, 0, 11, 36, 62615 }, // U+FEBB
    { 28, 12, 402, 0, 11, 42, 62651 }, // U+FEBC
    { 35, 24, 569, 0, 18, 105, 62693 }, // U+FEBD
    { 39, 24, 577, 0, 18, 117, 62798 }, // U+FEBE
    { 24, 19, 390, 0, 18, 57, 62915 }, // U+FEBF
    { 28, 19, 402, 0, 18, 67, 62972 }, // U+FEC0
    { 21, 20, 338, 0, 19, 53, 63039 }, // U+FEC1
    { 24, 20, 344, 0, 19, 60, 63092 }, // U+FEC2
    { 18, 20, 295, 0, 19, 45, 63152 }, // U+FEC3
    { 22, 20, 305, 0, 19, 55, 63197 }, // U+FEC4
    { 21, 20, 338, 0, 19, 53, 63252 }, // U+FEC5
    { 24, 20, 344, 0, 19, 60, 63305 }, // U+FEC6
    { 18, 20, 295, 0, 19, 45, 63365 }, // U+FEC7
    { 22, 20, 305, 0, 19, 55, 63410 }, // U+FEC8
    { 17, 24, 228, 0, 14, 51, 63465 }, // U+FEC9
    { 17, 22, 228, 0, 12, 47, 63516 }, // U+FECA
    { 13, 14, 223, 0, 13, 23, 63563 }, // U+FECB
    { 17, 13, 221, -1, 12, 28, 63586 }, // U+FECC
    { 17, 31, 228, 0, 21, 66, 63614 }, // U+FECD
    { 17, 28, 228, 0, 18, 60, 63680 }, // U+FECE
    { 13, 20, 223, 0, 19, 33, 63740 }, // U+FECF
    { 17, 19, 221, -1, 18, 41, 63773 }, // U+FED0
    { 25, 22, 410, 0, 21, 69, 63814 }, // U+FED1
    { 30, 20, 446, 0, 19, 75, 63883 }, // U+FED2
    { 12, 22, 202, 0, 21, 33, 63958 }, // U+FED3
    { 16, 20, 212, 0, 19, 40, 63991 }, // U+FED4
    { 20, 23, 333, 0, 18, 58, 64031 }, // U+FED5
    { 24, 23, 342, 0, 16, 69, 64089 }, // U+FED6
    { 12, 22, 202, 0, 21, 33, 64158 }, // U+FED7
    { 16, 20, 212, 0, 19, 40, 64191 }, // U+FED8
    { 23, 20, 372, 0, 19, 58, 64231 }, // U+FED9
    { 27, 20, 390, 0, 19, 68, 64289 }, // U+FEDA
    { 12, 19, 182, 0, 18, 29, 64357 }, // U+FEDB
    { 15, 19, 203, 0, 18, 36, 64386 }, // U+FEDC
    { 18, 25, 296, 0, 19, 57, 64422 }, // U+FEDD
    { 22, 25, 316, 0, 19, 69, 64479 }, // U+FEDE
    { 7, 20, 119, 0, 19, 18, 64548 }, // U+FEDF
    { 11, 20, 138, 0, 19, 28, 64566 }, // U+FEE0
    { 13, 22, 219, 0, 12, 36, 64594 }, // U+FEE1
    { 19, 21, 264, 0, 11, 50, 64630 }, // U+FEE2
    { 14, 12, 233, 0, 11, 21, 64680 }, // U+FEE3
    { 18, 12, 250, 0, 11, 27, 64701 }, // U+FEE4
    { 18, 21, 296, 0, 15, 48, 64728 }, // U+FEE5
    { 23, 21, 322, 0, 15, 61, 64776 }, // U+FEE6
    { 7, 19, 127, 0, 18, 17, 64837 }, // U+FEE7
    { 12, 17, 154, 0, 16, 26, 64854 }, // U+FEE8
    { 11, 15, 188, 0, 14, 21, 64880 }, // U+FEE9
    { 16, 16, 222, 0, 15, 32, 64901 }, // U+FEEA
    { 16, 15, 256, 0, 14, 30, 64933 }, // U+FEEB
    { 17, 18, 228, 0, 12, 39, 64963 }, // U+FEEC
    { 12, 17, 199, 0, 11, 26, 65002 }, // U+FEED
    { 16, 17, 210, 0, 11, 34, 65028 }, // U+FEEE
    { 21, 18, 328, 0, 12, 48, 65062 }, // U+FEEF
    { 22, 13, 320, 0, 7, 36, 65110 }, // U+FEF0
    { 21, 24, 328, 0, 12, 63, 65146 }, // U+FEF1
    { 22, 19, 320, 0, 7, 53, 65209 }, // U+FEF2
    { 8, 18, 144, 0, 12, 18, 65262 }, // U+FEF3
    { 13, 15, 164, 0, 9, 25, 65280 }, // U+FEF4
    { 17, 21, 253, -2, 21, 45, 65305 }, // U+FEF5
    { 20, 22, 272, 0, 21, 55, 65350 }, // U+FEF6
    { 15, 23, 253, 0, 23, 44, 65405 }, // U+FEF7
    { 19, 24, 272, 1, 23, 57, 65449 }, // U+FEF8
    { 14, 27, 253, 1, 19, 48, 65506 }, // U+FEF9
    { 19, 27, 272, 1, 19, 65, 65554 }, // U+FEFA
    { 14, 19, 253, 1, 19, 34, 65619 }, // U+FEFB
    { 19, 20, 272, 1, 19, 48, 65653 }, // U+FEFC
    { 5, 20, 400, 4, 19, 13, 65701 }, // U+FF01
    { 7, 25, 400, 17, 22, 22, 65714 }, // U+FF08
    { 7, 25, 400, 1, 22, 22, 65736 }, // U+FF09
    { 6, 9, 400, 3, 6, 7, 65758 }, // U+FF0C
    { 5, 18, 400, 4, 17, 12, 65765 }, // U+FF1A
    { 12, 21, 400, 0, 20, 32, 65777 }, // U+FF1F
};

static constexpr auto& geist_12_boldIntervals = builtin_font_metadata::data_aa3f1f2076decb50;

static constexpr auto& geist_12_boldKernLeftCodepoints = builtin_font_metadata::data_f25081e1326d1b18;

static constexpr auto& geist_12_boldKernLeftClassIds = builtin_font_metadata::data_788b6d9d0f4766d7;

static constexpr auto& geist_12_boldKernRightCodepoints = builtin_font_metadata::data_c9cf6f7859ec86a8;

static constexpr auto& geist_12_boldKernRightClassIds = builtin_font_metadata::data_29665cb7fad75035;

static constexpr auto& geist_12_boldKernRowOffsets = builtin_font_metadata::data_9e3966d1fbca2f61;

static constexpr auto& geist_12_boldKernSparseCols = builtin_font_metadata::data_8a672c2be0eadee1;

static const int8_t geist_12_boldKernSparseValues[] = {
     -20,  -12,    4,   -4,  -16,  -16,  -11,   -2,   -3,  -10,   -1,   -4,   -6,  -16,  -30,    6,
      -8,   -8,  -16,  -27,  -24,   -8,    1,  -29,  -13,    4,   -4,  -18,   -8,    4,  -16,   -4,
      -4,  -20,  -14,   -6,  -29,  -46,   -8,   -8,  -16,  -16,  -27,   -4,    2,   -8,   -8,  -14,
     -14,  -11,  -19,  -11,  -32,   -6,  -11,   -4,   -4,   -6,  -24,  -21,  -20,  -26,  -10,  -17,
     -16,  -22,  -18,  -29,  -18,  -22,  -13,  -16,  -22,    4,   -4,   -1,  -16,   -4,   -8,   -6,
     -16,   -4,   -8,  -10,   -8,   -6,   -5,   -2,   -6,   -2,   -8,   -8,   -8,  -12,   -4,   -4,
      -9,  -11,  -10,   -6,   -3,  -15,   -8,   -4,   -8,   -4,   -4,   -8,   -8,  -12,   -8,   -5,
      -8,   -8,   -4,  -20,  -10,   -8,   -5,  -14,    6,  -35,  -11,  -19,    4,   -4,  -17,    8,
      -3,   -8,   -4,   12,   12,   -4,   -6,   -8,   -8,   -8,  -22,   -4,  -14,   -8,  -10,  -10,
      -8,  -18,   -8,  -10,   -4,  -20,  -30,  -17,  -40,   -8,  -22,  -10,  -17,  -10,  -10,   -7,
     -10,  -10,  -46,  -33,   -4,  -10,  -18,  -10,   -8,  -29,   -9,  -26,  -12,   -6,  -29,   -4,
     -12,  -14,   -8,  -10,   -3,   -4,   -8,   -3,  -17,  -21,   -4,   -3,   -8,   -9,   -7,   -4,
      -8,   -4,  -17,  -20,  -10,  -12,   -6,   -4,   -4,   -2,   -4,  -10,   -8,  -10,   -4,   -4,
      -8,   -5,   -4,   -4,   -6,   -6,  -14,   -4,   -4,   -7,   -4,   -8,  -19,   -5,  -16,   -4,
      -8,    3,    3,   -3,   -6,    3,  -20,  -14,  -18,   -4,    1,    3,   -4,   -8,   -9,   -8,
     -13,   -2,   -9,   -4,   -8,   -1,   -1,   -4,    3,   -8,   -5,   -6,  -14,   -6,  -14,  -10,
     -12,   -5,  -14,  -32,  -34,  -12,   -6,   -6,   -6,  -24,  -10,   -6,   -8,   -6,   -6,  -10,
     -10,  -14,  -14,   -8,  -10,  -11,  -12,  -16,  -18,  -12,  -11,   -8,  -14,   -6,   -8,    2,
       4,   -9,   -6,   -6,  -11,   -2,   -6,   -4,  -11,   -4,   -6,   -6,   -6,   -6,   -6,    6,
     -10,   -4,   -8,   -3,   -4,   -4,  -15,  -11,   -2,    2,  -12,   -7,   -4,  -20,   -4,  -12,
     -10,    6,    6,   -7,    6,    2,   -8,   -6,   -2,   -7,   -3,   -6,   -8,  -12,   -8,   -6,
      -6,   -1,   -8,  -10,   -4,  -16,   -4,  -12,   -7,   -4,   -8,   -4,   -4,  -11,  -22,  -22,
      -4,   -6,  -20,  -12,  -14,  -14,  -20,   -6,  -35,  -48,   -1,   -8,  -51,   -6,  -32,  -13,
     -18,  -13,  -14,  -10,  -13,  -15,  -54,  -64,   -6,  -12,  -19,   -6,  -11,  -27,  -11,  -32,
     -18,   -8,  -27,   -4,  -42,  -10,  -33,   -8,   -6,   -8,   -6,   -8,  -32,   -8,  -18,  -16,
     -16,  -10,   -9,  -11,   -2,  -10,   -8,  -16,  -12,   -4,   -7,   -2,   -8,   -6,   -5,  -20,
     -10,   -2,  -14,  -10,   -8,  -12,   -4,  -10,  -13,  -12,    4,   -6,    6,  -35,  -14,  -40,
     -10,    4,  -22,   -8,   -7,  -16,   -7,  -48,  -11,   -7,   -4,   -1,    4,    8,  -28,  -32,
     -14,  -21,   -6,  -18,  -11,  -21,  -13,  -19,  -18,  -19,  -24,  -11,  -31,  -36,  -36,    3,
       3,  -19,   -8,  -33,    4,   -8,  -18,   -8,  -53,   -8,   -6,    8,   -4,  -29,  -28,  -25,
     -21,   -6,  -24,  -24,  -24,  -16,  -24,  -30,   -8,  -24,   -6,   -8,   -8,   -3,   -8,   -3,
     -10,   -3,   -6,   -4,   -4,   -4,  -14,  -18,   -7,   -3,   -4,  -12,   -6,  -14,  -16,   -8,
     -12,    8,   12,  -10,    8,  -10,   -3,   -3,   -3,   -1,   -4,   -4,   -1,   -4,  -18,   -3,
     -14,  -11,   -5,  -18,   -4,  -10,   -4,  -28,  -16,   -4,   -4,   -4,  -20,   -8,  -20,   -2,
      -4,  -12,  -14,   -2,   -4,  -10,   -4,  -12,  -25,   -9,  -10,  -10,  -10,    6,  -24,  -10,
     -18,   -7,  -10,  -10,  -10,    9,  -12,  -15,  -18,  -23,   -6,  -10,  -11,  -14,  -16,   -6,
     -11,    4,  -14,   -8,   -3,   -3,   -3,  -10,   -8,   -4,   -5,   -4,   -8,   -8,  -10,   -4,
      -8,   -6,   -6,   -6,  -16,   -8,   -2,   -2,   -2,   -8,   -4,  -16,   -5,   -5,  -10,  -14,
      -3,   -6,  -14,   -5,  -13,  -20,   -8,  -14,   -8,   -6,   -8,  -23,   -8,  -18,  -12,  -20,
      -4,  -20,  -20,  -22,  -54,  -22,  -14,  -20,  -17,  -19,   -8,  -28,  -18,  -14,  -19,  -22,
     -11,  -12,  -11,  -15,  -10,  -10,  -10,  -14,  -16,  -17,  -26,  -10,  -11,  -13,   -6,   -9,
     -26,  -12,  -11,  -13,  -56,  -28,   13,  -10,    4,   -4,   -4,   -4,   -6,   10,   -3,   -6,
      -7,   -4,    2,  -10,   -5,  -14,    1,  -10,  -21,   -4,  -20,  -11,   -8,   -4,   -6,   -4,
     -14,   -4,   -5,  -12,  -11,   -4,  -19,   -4,   -9,   -9,   -8,  -17,  -13,   -9,  -49,  -22,
      -8,   -6,   -8,  -23,   -8,  -18,  -12,  -20,   -4,  -20,  -20,  -22,  -25,  -22,  -14,  -20,
     -17,  -19,   -8,  -28,  -18,  -14,  -19,   -8,   -4,   -4,   -4,   -4,  -12,   -4,   -7,  -12,
      -8,  -10,  -11,   -8,  -10,   -6,  -15,  -20,   -9,  -10,    6,  -16,   -4,   -5,   -5,   -8,
     -19,  -18,  -24,    3,  -22,  -16,  -24,  -37,   -8,  -22,   -8,   -8,  -45,  -10,  -10,  -22,
      -3,  -10,  -22,  -16,   -4,  -22,   13,    5,    5,    5,   -4,   -8,   -3,   -6,    3,    1,
       2,   -4,    1,   19,   -7,  -11,   -7,   -4,   -7,   -2,   -8,   -6,   -5,  -20,  -10,   -2,
      -7,  -10,   -8,  -12,   -4,  -10,  -13,  -12,   20,  -10,   13,    6,    6,  -10,    6,    4,
       5,    7,   14,    4,   22,   -4,   -7,   -4,    2,   -3,   -5,   -4,  -12,   -6,   18,   -5,
      -8,   -4,   -1,   -8,   -4,   -8,   -2,   -3,  -10,  -10,   -4,    3,   -3,  -10,   -2,   -5,
      -6,   -4,  -16,   -8,   -3,  -20,  -13,   -4,   -2,  -10,  -20,  -13,  -13,   -4,   -5,   -4,
      -6,   -8,   -9,   -3,   -2,   -8,  -15,   -1,   -9,   -6,   -3,   -3,   -2,  -24,   -8,   -6,
      -6,   -6,  -12,   -6,   -6,   -8,   -8,   -8,   -3,   -2,   -5,   -5,   -9,   -9,  -16,   -3,
      -3,  -12,   -9,   -3,  -18,   -5,    3,   -1,   -8,   -2,   -8,  -10,  -10,   -5,   -7,   -4,
      -3,  -12,   -3,   -3,   -5,   -2,   -9,   -6,   -4,   -6,   -8,   -6,   -6,  -14,   -3,   -6,
      -2,   -4,   -3,   -8,   -4,  -10,   -9,  -16,   -8,  -12,   -3,   -6,   -9,  -12,   -9,   -8,
     -10,  -11,   -3,  -11,   -6,   -9,   -6,   -6,  -19,  -20,   -7,   -3,   -3,  -15,  -16,  -16,
      -4,   -8,  -43,    4,  -18,    3,  -16,  -10,  -12,   20,
};

static constexpr auto& geist_12_boldLigaturePairs = builtin_font_metadata::data_caa06bde219df8d5;

static const EpdFontData geist_12_bold = {
    geist_12_boldBitmaps,
    geist_12_boldGlyphs,
    geist_12_boldIntervals,
    550,
    33,
    26,
    -8,
    false,
    nullptr,
    0,
    nullptr,
    nullptr,  // kernLeftClasses: built-in fonts use the split arrays below
    nullptr,  // kernRightClasses
    geist_12_boldKernLeftCodepoints,
    geist_12_boldKernLeftClassIds,
    geist_12_boldKernRightCodepoints,
    geist_12_boldKernRightClassIds,
    nullptr,  // kernMatrix: built-in fonts use the sparse form below
    geist_12_boldKernRowOffsets,
    geist_12_boldKernSparseCols,
    geist_12_boldKernSparseValues,
    533,
    564,
    80,
    85,
    geist_12_boldLigaturePairs,
    2,
};
