// Chinese UI charset SHA256: a91161a02991dbc482f79135bee491c205819b03b4a5978bedaa27500793e275
// Noto Sans SC source SHA256: a3041811a78c361b1de50f953c805e0244951c21c5bd412f7232ef0d899af0da
/**
 * generated by fontconvert.py
 * name: geist_12_regular
 * size: 12
 * mode: 1-bit
 * Command used: lib/EpdFont/scripts/fontconvert.py geist_12_regular 12 lib/EpdFont/builtinFonts/source/Geist/Geist-Regular.ttf <generated>/NotoSansSC-UI-400.ttf --force-autohint --additional-intervals 12289,12289 --additional-intervals 12290,12290 --additional-intervals 19968,19968 --additional-intervals 19978,19978 --additional-intervals 19979,19979 --additional-intervals 19981,19981 --additional-intervals 19982,19982 --additional-intervals 19988,19988 --additional-intervals 20002,20002 --additional-intervals 20004,20004 --additional-intervals 20010,20010 --additional-intervals 20013,20013 --additional-intervals 20018,20018 --additional-intervals 20026,20026 --additional-intervals 20027,20027 --additional-intervals 20041,20041 --additional-intervals 20043,20043 --additional-intervals 20064,20064 --additional-intervals 20070,20070 --additional-intervals 20108,20108 --additional-intervals 20110,20110 --additional-intervals 20114,20114 --additional-intervals 20132,20132 --additional-intervals 20142,20142 --additional-intervals 20154,20154 --additional-intervals 20165,20165 --additional-intervals 20170,20170 --additional-intervals 20174,20174 --additional-intervals 20182,20182 --additional-intervals 20197,20197 --additional-intervals 20214,20214 --additional-intervals 20219,20219 --additional-intervals 20241,20241 --additional-intervals 20256,20256 --additional-intervals 20272,20272 --additional-intervals 20301,20301 --additional-intervals 20307,20307 --additional-intervals 20313,20313 --additional-intervals 20316,20316 --additional-intervals 20320,20320 --additional-intervals 20351,20351 --additional-intervals 20379,20379 --additional-intervals 20391,20391 --additional-intervals 20415,20415 --additional-intervals 20445,20445 --additional-intervals 20449,20449 --additional-intervals 20462,20462 --additional-intervals 20498,20498 --additional-intervals 20540,20540 --additional-intervals 20542,20542 --additional-intervals 20559,20559 --additional-intervals 20648,20648 --additional-intervals 20803,20803 --additional-intervals 20808,20808 --additional-intervals 20809,20809 --additional-intervals 20837,20837 --additional-intervals 20840,20840 --additional-intervals 20845,20845 --additional-intervals 20851,20851 --additional-intervals 20854,20854 --additional-intervals 20855,20855 --additional-intervals 20856,20856 --additional-intervals 20869,20869 --additional-intervals 20876,20876 --additional-intervals 20877,20877 --additional-intervals 20889,20889 --additional-intervals 20934,20934 --additional-intervals 20945,20945 --additional-intervals 20986,20986 --additional-intervals 20998,20998 --additional-intervals 20999,20999 --additional-intervals 21015,21015 --additional-intervals 21019,21019 --additional-intervals 21021,21021 --additional-intervals 21024,21024 --additional-intervals 21040,21040 --additional-intervals 21046,21046 --additional-intervals 21047,21047 --additional-intervals 21069,21069 --additional-intervals 21097,21097 --additional-intervals 21098,21098 --additional-intervals 21151,21151 --additional-intervals 21152,21152 --additional-intervals 21153,21153 --additional-intervals 21160,21160 --additional-intervals 21247,21247 --additional-intervals 21253,21253 --additional-intervals 21305,21305 --additional-intervals 21306,21306 --additional-intervals 21333,21333 --additional-intervals 21344,21344 --additional-intervals 21345,21345 --additional-intervals 21363,21363 --additional-intervals 21387,21387 --additional-intervals 21407,21407 --additional-intervals 21453,21453 --additional-intervals 21457,21457 --additional-intervals 21462,21462 --additional-intervals 21475,21475 --additional-intervals 21487,21487 --additional-intervals 21491,21491 --additional-intervals 21495,21495 --additional-intervals 21508,21508 --additional-intervals 21516,21516 --additional-intervals 21517,21517 --additional-intervals 21518,21518 --additional-intervals 21521,21521 --additional-intervals 21542,21542 --additional-intervals 21547,21547 --additional-intervals 21551,21551 --additional-intervals 21578,21578 --additional-intervals 21608,21608 --additional-intervals 21629,21629 --additional-intervals 21644,21644 --additional-intervals 21704,21704 --additional-intervals 21796,21796 --additional-intervals 22120,22120 --additional-intervals 22235,22235 --additional-intervals 22238,22238 --additional-intervals 22240,22240 --additional-intervals 22260,22260 --additional-intervals 22266,22266 --additional-intervals 22270,22270 --additional-intervals 22278,22278 --additional-intervals 22312,22312 --additional-intervals 22320,22320 --additional-intervals 22336,22336 --additional-intervals 22343,22343 --additional-intervals 22402,22402 --additional-intervals 22522,22522 --additional-intervals 22686,22686 --additional-intervals 22791,22791 --additional-intervals 22797,22797 --additional-intervals 22810,22810 --additional-intervals 22812,22812 --additional-intervals 22823,22823 --additional-intervals 22825,22825 --additional-intervals 22833,22833 --additional-intervals 22836,22836 --additional-intervals 22841,22841 --additional-intervals 22987,22987 --additional-intervals 23383,23383 --additional-intervals 23384,23384 --additional-intervals 23433,23433 --additional-intervals 23436,23436 --additional-intervals 23450,23450 --additional-intervals 23478,23478 --additional-intervals 23481,23481 --additional-intervals 23485,23485 --additional-intervals 23494,23494 --additional-intervals 23545,23545 --additional-intervals 23553,23553 --additional-intervals 23558,23558 --additional-intervals 23567,23567 --additional-intervals 23569,23569 --additional-intervals 23578,23578 --additional-intervals 23601,23601 --additional-intervals 23616,23616 --additional-intervals 23621,23621 --additional-intervals 23631,23631 --additional-intervals 24037,24037 --additional-intervals 24038,24038 --additional-intervals 24050,24050 --additional-intervals 24067,24067 --additional-intervals 24076,24076 --additional-intervals 24102,24102 --additional-intervals 24149,24149 --additional-intervals 24179,24179 --additional-intervals 24182,24182 --additional-intervals 24207,24207 --additional-intervals 24212,24212 --additional-intervals 24213,24213 --additional-intervals 24230,24230 --additional-intervals 24314,24314 --additional-intervals 24320,24320 --additional-intervals 24335,24335 --additional-intervals 24341,24341 --additional-intervals 24377,24377 --additional-intervals 24403,24403 --additional-intervals 24405,24405 --additional-intervals 24471,24471 --additional-intervals 24536,24536 --additional-intervals 24555,24555 --additional-intervals 24573,24573 --additional-intervals 24577,24577 --additional-intervals 24674,24674 --additional-intervals 24687,24687 --additional-intervals 24773,24773 --additional-intervals 24815,24815 --additional-intervals 24847,24847 --additional-intervals 24930,24930 --additional-intervals 25104,25104 --additional-intervals 25110,25110 --additional-intervals 25130,25130 --additional-intervals 25143,25143 --additional-intervals 25152,25152 --additional-intervals 25163,25163 --additional-intervals 25171,25171 --additional-intervals 25195,25195 --additional-intervals 25214,25214 --additional-intervals 25239,25239 --additional-intervals 25253,25253 --additional-intervals 25300,25300 --additional-intervals 25321,25321 --additional-intervals 25345,25345 --additional-intervals 25351,25351 --additional-intervals 25353,25353 --additional-intervals 25381,25381 --additional-intervals 25442,25442 --additional-intervals 25454,25454 --additional-intervals 25490,25490 --additional-intervals 25509,25509 --additional-intervals 25511,25511 --additional-intervals 25512,25512 --additional-intervals 25551,25551 --additional-intervals 25552,25552 --additional-intervals 25554,25554 --additional-intervals 25628,25628 --additional-intervals 25688,25688 --additional-intervals 25805,25805 --additional-intervals 25910,25910 --additional-intervals 25913,25913 --additional-intervals 25918,25918 --additional-intervals 25928,25928 --additional-intervals 25968,25968 --additional-intervals 25972,25972 --additional-intervals 25991,25991 --additional-intervals 26012,26012 --additional-intervals 26029,26029 --additional-intervals 26032,26032 --additional-intervals 26041,26041 --additional-intervals 26080,26080 --additional-intervals 26085,26085 --additional-intervals 26089,26089 --additional-intervals 26102,26102 --additional-intervals 26126,26126 --additional-intervals 26159,26159 --additional-intervals 26174,26174 --additional-intervals 26224,26224 --additional-intervals 26234,26234 --additional-intervals 26242,26242 --additional-intervals 26356,26356 --additional-intervals 26368,26368 --additional-intervals 26377,26377 --additional-intervals 26381,26381 --additional-intervals 26399,26399 --additional-intervals 26410,26410 --additional-intervals 26411,26411 --additional-intervals 26412,26412 --additional-intervals 26426,26426 --additional-intervals 26465,26465 --additional-intervals 26469,26469 --additional-intervals 26494,26494 --additional-intervals 26512,26512 --additional-intervals 26524,26524 --additional-intervals 26597,26597 --additional-intervals 26631,26631 --additional-intervals 26639,26639 --additional-intervals 26679,26679 --additional-intervals 26681,26681 --additional-intervals 26684,26684 --additional-intervals 26694,26694 --additional-intervals 26723,26723 --additional-intervals 26816,26816 --additional-intervals 27169,27169 --additional-intervals 27178,27178 --additional-intervals 27425,27425 --additional-intervals 27491,27491 --additional-intervals 27492,27492 --additional-intervals 27493,27493 --additional-intervals 27573,27573 --additional-intervals 27599,27599 --additional-intervals 27604,27604 --additional-intervals 27700,27700 --additional-intervals 27785,27785 --additional-intervals 27809,27809 --additional-intervals 27861,27861 --additional-intervals 27880,27880 --additional-intervals 27963,27963 --additional-intervals 27973,27973 --additional-intervals 27983,27983 --additional-intervals 28040,28040 --additional-intervals 28145,28145 --additional-intervals 28155,28155 --additional-intervals 28165,28165 --additional-intervals 28176,28176 --additional-intervals 28201,28201 --additional-intervals 28304,28304 --additional-intervals 28369,28369 --additional-intervals 28388,28388 --additional-intervals 28783,28783 --additional-intervals 28857,28857 --additional-intervals 28909,28909 --additional-intervals 28982,28982 --additional-intervals 29255,29255 --additional-intervals 29256,29256 --additional-intervals 29273,29273 --additional-intervals 29366,29366 --additional-intervals 29483,29483 --additional-intervals 29575,29575 --additional-intervals 29616,29616 --additional-intervals 29702,29702 --additional-intervals 29992,29992 --additional-intervals 30005,30005 --additional-intervals 30011,30011 --additional-intervals 30028,30028 --additional-intervals 30041,30041 --additional-intervals 30053,30053 --additional-intervals 30331,30331 --additional-intervals 30334,30334 --additional-intervals 30340,30340 --additional-intervals 30424,30424 --additional-intervals 30446,30446 --additional-intervals 30452,30452 --additional-intervals 30475,30475 --additional-intervals 30496,30496 --additional-intervals 30528,30528 --additional-intervals 30561,30561 --additional-intervals 30701,30701 --additional-intervals 30721,30721 --additional-intervals 30830,30830 --additional-intervals 31034,31034 --additional-intervals 31105,31105 --additional-intervals 31186,31186 --additional-intervals 31216,31216 --additional-intervals 31227,31227 --additional-intervals 31243,31243 --additional-intervals 31354,31354 --additional-intervals 31435,31435 --additional-intervals 31446,31446 --additional-intervals 31456,31456 --additional-intervals 31471,31471 --additional-intervals 31526,31526 --additional-intervals 31532,31532 --additional-intervals 31614,31614 --additional-intervals 31616,31616 --additional-intervals 31639,31639 --additional-intervals 31649,31649 --additional-intervals 31661,31661 --additional-intervals 31821,31821 --additional-intervals 31895,31895 --additional-intervals 31995,31995 --additional-intervals 32034,32034 --additional-intervals 32039,32039 --additional-intervals 32447,32447 --additional-intervals 32454,32454 --additional-intervals 32456,32456 --additional-intervals 32467,32467 --additional-intervals 32476,32476 --additional-intervals 32479,32479 --additional-intervals 32487,32487 --additional-intervals 32490,32490 --additional-intervals 32493,32493 --additional-intervals 32500,32500 --additional-intervals 32531,32531 --additional-intervals 32534,32534 --additional-intervals 32541,32541 --additional-intervals 32553,32553 --additional-intervals 32593,32593 --additional-intervals 32622,32622 --additional-intervals 32763,32763 --additional-intervals 32773,32773 --additional-intervals 33021,33021 --additional-intervals 33041,33041 --additional-intervals 33050,33050 --additional-intervals 33258,33258 --additional-intervals 33267,33267 --additional-intervals 33394,33394 --additional-intervals 33410,33410 --additional-intervals 33509,33509 --additional-intervals 33521,33521 --additional-intervals 33539,33539 --additional-intervals 33616,33616 --additional-intervals 33719,33719 --additional-intervals 33756,33756 --additional-intervals 33853,33853 --additional-intervals 34013,34013 --additional-intervals 34255,34255 --additional-intervals 34892,34892 --additional-intervals 34920,34920 --additional-intervals 34987,34987 --additional-intervals 35009,35009 --additional-intervals 35013,35013 --additional-intervals 35114,35114 --additional-intervals 35201,35201 --additional-intervals 35265,35265 --additional-intervals 35272,35272 --additional-intervals 35299,35299 --additional-intervals 35302,35302 --additional-intervals 35328,35328 --additional-intervals 35745,35745 --additional-intervals 35748,35748 --additional-intervals 35758,35758 --additional-intervals 35760,35760 --additional-intervals 35774,35774 --additional-intervals 35777,35777 --additional-intervals 35789,35789 --additional-intervals 35797,35797 --additional-intervals 35810,35810 --additional-intervals 35814,35814 --additional-intervals 35821,35821 --additional-intervals 35823,35823 --additional-intervals 35828,35828 --additional-intervals 35831,35831 --additional-intervals 35835,35835 --additional-intervals 35843,35843 --additional-intervals 36133,36133 --additional-intervals 36134,36134 --additional-intervals 36215,36215 --additional-intervals 36229,36229 --additional-intervals 36275,36275 --additional-intervals 36291,36291 --additional-intervals 36305,36305 --additional-intervals 36317,36317 --additional-intervals 36319,36319 --additional-intervals 36339,36339 --additional-intervals 36716,36716 --additional-intervals 36731,36731 --additional-intervals 36733,36733 --additional-intervals 36739,36739 --additional-intervals 36755,36755 --additional-intervals 36793,36793 --additional-intervals 36798,36798 --additional-intervals 36807,36807 --additional-intervals 36817,36817 --additional-intervals 36820,36820 --additional-intervals 36824,36824 --additional-intervals 36825,36825 --additional-intervals 36827,36827 --additional-intervals 36828,36828 --additional-intervals 36830,36830 --additional-intervals 36864,36864 --additional-intervals 36865,36865 --additional-intervals 36866,36866 --additional-intervals 36870,36870 --additional-intervals 36873,36873 --additional-intervals 36879,36879 --additional-intervals 36890,36890 --additional-intervals 36895,36895 --additional-intervals 37096,37096 --additional-intervals 37117,37117 --additional-intervals 37197,37197 --additional-intervals 37266,37266 --additional-intervals 37322,37322 --additional-intervals 37325,37325 --additional-intervals 37327,37327 --additional-intervals 38024,38024 --additional-intervals 38047,38047 --additional-intervals 38142,38142 --additional-intervals 38169,38169 --additional-intervals 38190,38190 --additional-intervals 38191,38191 --additional-intervals 38236,38236 --additional-intervals 38271,38271 --additional-intervals 38381,38381 --additional-intervals 38382,38382 --additional-intervals 38388,38388 --additional-intervals 38405,38405 --additional-intervals 38451,38451 --additional-intervals 38468,38468 --additional-intervals 38500,38500 --additional-intervals 38543,38543 --additional-intervals 38544,38544 --additional-intervals 38656,38656 --additional-intervals 38754,38754 --additional-intervals 39029,39029 --additional-intervals 39030,39030 --additional-intervals 39033,39033 --additional-intervals 39034,39034 --additional-intervals 39044,39044 --additional-intervals 39057,39057 --additional-intervals 39064,39064 --additional-intervals 39304,39304 --additional-intervals 39318,39318 --additional-intervals 39564,39564 --additional-intervals 40479,40479 --additional-intervals 40560,40560 --additional-intervals 40664,40664 --additional-intervals 40784,40784 --additional-intervals 40831,40831 --additional-intervals 65281,65281 --additional-intervals 65288,65288 --additional-intervals 65289,65289 --additional-intervals 65292,65292 --additional-intervals 65306,65306 --additional-intervals 65311,65311
 */
#pragma once
#include "builtin_font_metadata.h"
#include "EpdFontData.h"

static const uint8_t geist_12_regularBitmaps[52601] = {
    0xFF, 0xFF, 0xFF, 0xFD, 0xB6, 0x07, 0xFC, 0xEF, 0xDF, 0xBF, 0x6E, 0xDD, 0xBB, 0x00, 0x06, 0x30,
    0x19, 0xC0, 0xE7, 0x03, 0x9C, 0x0E, 0x60, 0xFF, 0xE7, 0xFF, 0x87, 0x38, 0x1C, 0xE0, 0x73, 0x81,
    0x8C, 0x1F, 0xFC, 0xFF, 0xF0, 0xE7, 0x03, 0x9C, 0x0E, 0x60, 0x31, 0x80, 0xC6, 0x00, 0x03, 0x00,
    0x0E, 0x00, 0x38, 0x07, 0xF8, 0x3F, 0xF1, 0xFF, 0xE7, 0x3B, 0x9C, 0xE7, 0x73, 0x9D, 0xCE, 0x07,
    0xF8, 0x0F, 0xF0, 0x0F, 0xF0, 0x0F, 0xE0, 0x3B, 0xF8, 0xE7, 0xE3, 0x9D, 0xCE, 0x77, 0xBB, 0xCF,
    0xFE, 0x1F, 0xF0, 0x3F, 0x00, 0x38, 0x00, 0xC0, 0x7E, 0x07, 0x3F, 0xC1, 0x8F, 0xF0, 0xE3, 0x9C,
    0x70, 0xE7, 0x18, 0x39, 0xCE, 0x0F, 0xF7, 0x03, 0xFD, 0x80, 0x7E, 0xE0, 0x00, 0x77, 0xE0, 0x1B,
    0xFC, 0x0E, 0xE7, 0x07, 0x39, 0xC1, 0x8E, 0x70, 0xE3, 0x9C, 0x70, 0xE7, 0x18, 0x3F, 0xCE, 0x07,
    0xE0, 0x1F, 0x80, 0xFF, 0x03, 0xFC, 0x1C, 0x38, 0x70, 0xC0, 0xE7, 0x03, 0xBC, 0x07, 0xE0, 0x3E,
    0x01, 0xFC, 0x0F, 0x79, 0xF8, 0xE6, 0xE1, 0xFB, 0x83, 0xEE, 0x0F, 0x3E, 0x7C, 0x7F, 0xF8, 0xFF,
    0xF0, 0xFF, 0xED, 0xB0, 0x1C, 0xE3, 0x9C, 0x73, 0x8E, 0x38, 0xE3, 0x8E, 0x38, 0xE3, 0x8E, 0x38,
    0xE1, 0xC7, 0x0E, 0x38, 0x70, 0x60, 0xE0, 0xE1, 0xC3, 0x83, 0x87, 0x0E, 0x1C, 0x18, 0x38, 0x70,
    0xC3, 0x87, 0x0E, 0x1C, 0x70, 0xE1, 0xC7, 0x0C, 0x00, 0x22, 0x3B, 0x8F, 0x87, 0xCF, 0xFF, 0xFC,
    0xF8, 0x7C, 0x77, 0x11, 0x00, 0x0E, 0x00, 0xE0, 0x0E, 0x00, 0xE0, 0x0E, 0x0F, 0xFF, 0xFF, 0xF0,
    0xE0, 0x0E, 0x00, 0xE0, 0x0E, 0x00, 0xE0, 0xFF, 0xBF, 0xB0, 0x00, 0xFF, 0xFF, 0xFF, 0x80, 0x01,
    0xC0, 0xE0, 0x38, 0x0E, 0x07, 0x01, 0xC0, 0x70, 0x38, 0x0E, 0x03, 0x81, 0xC0, 0x70, 0x1C, 0x0E,
    0x03, 0x80, 0xE0, 0x70, 0x1C, 0x07, 0x03, 0x80, 0xE0, 0x38, 0x00, 0x0F, 0xC0, 0xFF, 0xC7, 0xCF,
    0x9C, 0x0E, 0xF0, 0x3F, 0x80, 0x7E, 0x01, 0xF8, 0x07, 0xE0, 0x1F, 0x80, 0x7E, 0x01, 0xF8, 0x07,
    0xE0, 0x1F, 0xC0, 0xF7, 0x03, 0x9F, 0x3E, 0x3F, 0xF0, 0x3F, 0x00, 0x0E, 0x3F, 0xFF, 0xF0, 0xE1,
    0xC3, 0x87, 0x0E, 0x1C, 0x38, 0x70, 0xE1, 0xC3, 0x87, 0x0E, 0x1C, 0x1F, 0xC1, 0xFF, 0x1F, 0x7D,
    0xE0, 0xEE, 0x03, 0xF0, 0x1C, 0x01, 0xC0, 0x1E, 0x01, 0xE0, 0x3F, 0x03, 0xE0, 0x7C, 0x07, 0xC0,
    0x3C, 0x03, 0xC0, 0x1C, 0x00, 0xFF, 0xFF, 0xFF, 0xC0, 0x1F, 0xC3, 0xFF, 0x1F, 0x7D, 0xC0, 0xE6,
    0x03, 0x80, 0x38, 0x07, 0xC0, 0xFC, 0x07, 0xE0, 0x0F, 0x80, 0x0E, 0x00, 0x7C, 0x03, 0xF0, 0x1F,
    0x80, 0xFF, 0xBF, 0x7F, 0xF1, 0xFE, 0x00, 0x00, 0xF0, 0x0F, 0x80, 0x7C, 0x07, 0xE0, 0x7F, 0x07,
    0xB8, 0x39, 0xC3, 0x8E, 0x3C, 0x73, 0xC3, 0x9C, 0x1D, 0xFF, 0xFF, 0xFF, 0xFF, 0xFC, 0x01, 0xC0,
    0x0E, 0x00, 0x70, 0x03, 0x80, 0x3F, 0xF0, 0xFF, 0xC7, 0x00, 0x1C, 0x00, 0x70, 0x01, 0xFF, 0x07,
    0xFF, 0x1F, 0x3C, 0x70, 0x39, 0x80, 0xE0, 0x01, 0x80, 0x07, 0x60, 0x1B, 0x80, 0xE7, 0x03, 0x9F,
    0x3C, 0x3F, 0xF0, 0x7F, 0x00, 0x1F, 0xC1, 0xFF, 0x1F, 0x7C, 0xE0, 0xEE, 0x00, 0x7F, 0xE3, 0xFF,
    0x9F, 0xBE, 0xF0, 0x77, 0x03, 0xB8, 0x0D, 0xC0, 0x7E, 0x03, 0x70, 0x3B, 0xC1, 0xCF, 0xBC, 0x3F,
    0xE0, 0xFC, 0x00, 0xFF, 0xFF, 0xFF, 0xC0, 0x0E, 0x00, 0xE0, 0x0E, 0x00, 0x70, 0x07, 0x00, 0x70,
    0x03, 0x80, 0x38, 0x01, 0xC0, 0x0E, 0x00, 0xE0, 0x07, 0x00, 0x38, 0x01, 0xC0, 0x0E, 0x00, 0x70,
    0x00, 0x1F, 0xC1, 0xFF, 0x1F, 0x7C, 0xE0, 0xEE, 0x03, 0xB8, 0x39, 0xF7, 0xC7, 0xFC, 0x3F, 0xE3,
    0xC7, 0xB8, 0x0F, 0xC0, 0x7E, 0x03, 0xF0, 0x1F, 0x80, 0xFF, 0xBF, 0x7F, 0xF0, 0xFE, 0x00, 0x1F,
    0x83, 0xFF, 0x1E, 0x79, 0xC0, 0xEE, 0x07, 0x70, 0x1B, 0x80, 0xDC, 0x0F, 0xE0, 0x7B, 0xCF, 0xDF,
    0xFC, 0x3F, 0x60, 0x07, 0x00, 0x3B, 0x83, 0x9F, 0x7C, 0x7F, 0xC1, 0xFC, 0x00, 0xFF, 0x80, 0x00,
    0x03, 0xFE, 0xFF, 0x80, 0x00, 0x03, 0xFE, 0xFE, 0xC0, 0x00, 0x00, 0x07, 0x01, 0xF0, 0x7E, 0x1F,
    0x87, 0xE0, 0xF8, 0x0E, 0x00, 0xF8, 0x0F, 0xE0, 0x1F, 0x80, 0x7E, 0x01, 0xF0, 0x07, 0x00, 0x00,
    0x00, 0x0F, 0xFF, 0xFF, 0xF0, 0x00, 0x00, 0x00, 0x00, 0xFF, 0xFF, 0xFF, 0x00, 0x0C, 0x00, 0xF0,
    0x0F, 0xE0, 0x3F, 0x80, 0xFE, 0x01, 0xF0, 0x07, 0x01, 0xF0, 0x7E, 0x3F, 0x8F, 0xE0, 0xF8, 0x0C,
    0x00, 0x00, 0x00, 0x1F, 0xC3, 0xFE, 0x7D, 0xE7, 0x07, 0xF0, 0x7E, 0x07, 0x00, 0x70, 0x0E, 0x03,
    0xE0, 0x38, 0x07, 0x00, 0x70, 0x07, 0x00, 0x00, 0x00, 0x00, 0x70, 0x07, 0x00, 0x70, 0x01, 0xFF,
    0x00, 0x1F, 0xFF, 0x00, 0xFC, 0xFE, 0x07, 0x80, 0x3C, 0x3C, 0x00, 0x71, 0xE7, 0xDC, 0xE7, 0x3F,
    0xF3, 0xBD, 0xE7, 0xCE, 0xE7, 0x0F, 0x1F, 0x9C, 0x38, 0x7E, 0x60, 0xE1, 0xBB, 0x83, 0x8E, 0xEE,
    0x0E, 0x3B, 0x9C, 0x38, 0xEE, 0x7B, 0xF7, 0x38, 0xFD, 0xF8, 0xE1, 0xE3, 0xC1, 0xC0, 0x00, 0x07,
    0x80, 0x00, 0x0F, 0xC7, 0x80, 0x1F, 0xFE, 0x00, 0x1F, 0xF0, 0x00, 0x00, 0x00, 0x00, 0x03, 0xC0,
    0x01, 0xF0, 0x00, 0xF8, 0x00, 0xFC, 0x00, 0x77, 0x00, 0x3B, 0x80, 0x38, 0xC0, 0x1C, 0x70, 0x1E,
    0x38, 0x0E, 0x0E, 0x07, 0xFF, 0x07, 0xFF, 0x83, 0xFF, 0xE1, 0xC0, 0x71, 0xC0, 0x38, 0xE0, 0x0E,
    0x70, 0x07, 0x70, 0x03, 0x80, 0xFF, 0xC3, 0xFF, 0x8E, 0x1F, 0x38, 0x1C, 0xE0, 0x3B, 0x80, 0xCE,
    0x07, 0x38, 0x7C, 0xFF, 0xE3, 0xFF, 0xCE, 0x0F, 0xB8, 0x0E, 0xE0, 0x1F, 0x80, 0x7E, 0x03, 0xB8,
    0x3E, 0xFF, 0xF3, 0xFF, 0x80, 0x0F, 0xF0, 0x1F, 0xF8, 0x3E, 0x7C, 0x78, 0x1E, 0x70, 0x0E, 0xE0,
    0x0E, 0xE0, 0x00, 0xE0, 0x00, 0xE0, 0x00, 0xE0, 0x00, 0xE0, 0x00, 0xE0, 0x06, 0xE0, 0x0F, 0x70,
    0x0E, 0x78, 0x1E, 0x3E, 0x7C, 0x1F, 0xF8, 0x0F, 0xF0, 0xFF, 0xC3, 0xFF, 0x8E, 0x3F, 0x38, 0x1E,
    0xE0, 0x3F, 0x80, 0x7E, 0x01, 0xF8, 0x07, 0xE0, 0x1F, 0x80, 0x7E, 0x01, 0xF8, 0x07, 0xE0, 0x1F,
    0x80, 0xFE, 0x07, 0xB8, 0xFC, 0xFF, 0xE3, 0xFF, 0x00, 0xFF, 0xFF, 0xFF, 0x80, 0x70, 0x0E, 0x01,
    0xC0, 0x38, 0x07, 0x00, 0xFF, 0xFF, 0xFF, 0x80, 0x70, 0x0E, 0x01, 0xC0, 0x38, 0x07, 0x00, 0xFF,
    0xFF, 0xFC, 0xFF, 0xFF, 0xFF, 0x80, 0x70, 0x0E, 0x01, 0xC0, 0x38, 0x07, 0x00, 0xFF, 0xFF, 0xFF,
    0x80, 0x70, 0x0E, 0x01, 0xC0, 0x38, 0x07, 0x00, 0xE0, 0x1C, 0x00, 0x0F, 0xF0, 0x1F, 0xF8, 0x3E,
    0x7C, 0x78, 0x1E, 0x70, 0x0E, 0xE0, 0x0E, 0xE0, 0x00, 0xE0, 0x00, 0xE1, 0xFF, 0xE1, 0xFF, 0xE0,
    0x0F, 0xE0, 0x0F, 0xE0, 0x0F, 0xF0, 0x1F, 0x78, 0x1F, 0x3E, 0xFF, 0x1F, 0xF7, 0x0F, 0xE7, 0xE0,
    0x1F, 0x80, 0x7E, 0x01, 0xF8, 0x07, 0xE0, 0x1F, 0x80, 0x7E, 0x01, 0xF8, 0x07, 0xFF, 0xFF, 0xFF,
    0xFE, 0x01, 0xF8, 0x07, 0xE0, 0x1F, 0x80, 0x7E, 0x01, 0xF8, 0x07, 0xE0, 0x1F, 0x80, 0x70, 0xFF,
    0xFF, 0xFF, 0xFF, 0xFF, 0xFF, 0xFC, 0x00, 0x70, 0x07, 0x00, 0x70, 0x07, 0x00, 0x70, 0x07, 0x00,
    0x70, 0x07, 0x00, 0x70, 0x07, 0x00, 0x7C, 0x07, 0xE0, 0xEE, 0x0E, 0xE0, 0xE7, 0xBE, 0x7F, 0xC1,
    0xF8, 0xE0, 0x7B, 0x83, 0xCE, 0x1E, 0x38, 0x70, 0xE3, 0x83, 0x9C, 0x0E, 0xF0, 0x3F, 0x80, 0xFE,
    0x03, 0xFC, 0x0F, 0x70, 0x38, 0xE0, 0xE3, 0xC3, 0x87, 0x8E, 0x0E, 0x38, 0x3C, 0xE0, 0x7B, 0x80,
    0xE0, 0xE0, 0x1C, 0x03, 0x80, 0x70, 0x0E, 0x01, 0xC0, 0x38, 0x07, 0x00, 0xE0, 0x1C, 0x03, 0x80,
    0x70, 0x0E, 0x01, 0xC0, 0x38, 0x07, 0xFF, 0xFF, 0xFF, 0xFC, 0xF0, 0x03, 0xFC, 0x01, 0xFF, 0x00,
    0x7F, 0xE0, 0x1F, 0xF8, 0x0F, 0xFE, 0x03, 0xFF, 0xC1, 0xFF, 0xF0, 0x77, 0xFC, 0x1D, 0xFB, 0x8E,
    0x7E, 0xE3, 0x9F, 0xBC, 0xE7, 0xE7, 0x71, 0xF9, 0xDC, 0x7E, 0x3F, 0x1F, 0x8F, 0x87, 0xE3, 0xE1,
    0xF8, 0x78, 0x70, 0xF0, 0x1F, 0xC0, 0x7F, 0x81, 0xFE, 0x07, 0xFC, 0x1F, 0xF8, 0x7E, 0xE1, 0xF9,
    0xC7, 0xE7, 0x1F, 0x8E, 0x7E, 0x39, 0xF8, 0x77, 0xE1, 0xDF, 0x83, 0xFE, 0x0F, 0xF8, 0x1F, 0xE0,
    0x3F, 0x80, 0xF0, 0x0F, 0xF0, 0x0F, 0xFE, 0x0F, 0x9F, 0x8F, 0x03, 0xCF, 0x00, 0xF7, 0x00, 0x3B,
    0x80, 0x1D, 0xC0, 0x06, 0xE0, 0x03, 0xF0, 0x01, 0xF8, 0x00, 0xDC, 0x00, 0xEE, 0x00, 0x77, 0x80,
    0x79, 0xE0, 0x78, 0x7C, 0xFC, 0x1F, 0xFC, 0x07, 0xF8, 0x00, 0xFF, 0xC7, 0xFF, 0xB8, 0x7F, 0xC0,
    0x7E, 0x03, 0xF0, 0x1F, 0x80, 0xFC, 0x07, 0xE0, 0xFF, 0xFF, 0xBF, 0xF1, 0xC0, 0x0E, 0x00, 0x70,
    0x03, 0x80, 0x1C, 0x00, 0xE0, 0x07, 0x00, 0x00, 0x0F, 0xF0, 0x1F, 0xF8, 0x3F, 0xFC, 0x78, 0x1E,
    0x70, 0x0E, 0xE0, 0x07, 0xE0, 0x07, 0xE0, 0x07, 0xE0, 0x07, 0xE0, 0x07, 0xE0, 0x07, 0xE0, 0x07,
    0xE1, 0xC7, 0x70, 0xEE, 0x78, 0xFE, 0x3F, 0xFC, 0x1F, 0xF8, 0x0F, 0xFC, 0x00, 0x1E, 0x00, 0x0E,
    0xFF, 0xC3, 0xFF, 0xCE, 0x1F, 0xB8, 0x0E, 0xE0, 0x3B, 0x80, 0xEE, 0x03, 0xB8, 0x0E, 0xE0, 0xF3,
    0xFF, 0x8F, 0xFF, 0x38, 0x1E, 0xE0, 0x3B, 0x80, 0xEE, 0x03, 0xB8, 0x0E, 0xE0, 0x1B, 0x80, 0x60,
    0x1F, 0xE0, 0xFF, 0xC7, 0xDF, 0x9C, 0x0E, 0x70, 0x1D, 0xC0, 0x77, 0x80, 0x1F, 0xC0, 0x1F, 0xE0,
    0x1F, 0xE0, 0x0F, 0xC0, 0x07, 0xE0, 0x1D, 0xC0, 0x77, 0x01, 0xCF, 0xBF, 0x3F, 0xF8, 0x3F, 0xC0,
    0xFF, 0xFF, 0xFF, 0xC1, 0xC0, 0x0E, 0x00, 0x70, 0x03, 0x80, 0x1C, 0x00, 0xE0, 0x07, 0x00, 0x38,
    0x01, 0xC0, 0x0E, 0x00, 0x70, 0x03, 0x80, 0x1C, 0x00, 0xE0, 0x07, 0x00, 0x38, 0x00, 0xE0, 0x1F,
    0x80, 0x7E, 0x01, 0xF8, 0x07, 0xE0, 0x1F, 0x80, 0x7E, 0x01, 0xF8, 0x07, 0xE0, 0x1F, 0x80, 0x7E,
    0x01, 0xF8, 0x07, 0xE0, 0x1B, 0x80, 0xEF, 0x03, 0x9F, 0x7C, 0x3F, 0xF0, 0x7F, 0x00, 0xE0, 0x07,
    0x38, 0x03, 0x9C, 0x01, 0xCE, 0x01, 0xC3, 0x80, 0xE1, 0xC0, 0x70, 0xF0, 0x70, 0x38, 0x38, 0x1C,
    0x3C, 0x07, 0x1C, 0x03, 0x8E, 0x01, 0xCE, 0x00, 0x77, 0x00, 0x3B, 0x80, 0x1F, 0x80, 0x07, 0xC0,
    0x03, 0xE0, 0x01, 0xE0, 0x00, 0x70, 0x3C, 0x0E, 0xE0, 0x78, 0x1D, 0xC0, 0xF0, 0x73, 0xC3, 0xE0,
    0xE3, 0x87, 0xC1, 0xC7, 0x0F, 0xC3, 0x8E, 0x1F, 0x8E, 0x0C, 0x77, 0x1C, 0x1C, 0xE6, 0x38, 0x39,
    0xCE, 0x70, 0x73, 0x9D, 0xC0, 0x6E, 0x3B, 0x80, 0xFC, 0x37, 0x01, 0xF8, 0x7E, 0x03, 0xF0, 0xF8,
    0x03, 0xC1, 0xF0, 0x07, 0x81, 0xE0, 0x0F, 0x03, 0xC0, 0xF0, 0x1E, 0xE0, 0x38, 0xE0, 0xE1, 0xE1,
    0xC1, 0xC7, 0x01, 0xDE, 0x03, 0xF8, 0x03, 0xE0, 0x07, 0xC0, 0x0F, 0x80, 0x1F, 0x00, 0x77, 0x00,
    0xEF, 0x03, 0x8E, 0x0F, 0x0E, 0x1C, 0x1E, 0x70, 0x1D, 0xE0, 0x3C, 0x70, 0x0F, 0x78, 0x0E, 0x38,
    0x1C, 0x3C, 0x1C, 0x1C, 0x38, 0x0E, 0x78, 0x0E, 0x70, 0x07, 0xE0, 0x07, 0xE0, 0x03, 0xC0, 0x01,
    0xC0, 0x01, 0xC0, 0x01, 0xC0, 0x01, 0xC0, 0x01, 0xC0, 0x01, 0xC0, 0x01, 0xC0, 0x01, 0xC0, 0xFF,
    0xFF, 0xFF, 0x00, 0x70, 0x0E, 0x01, 0xE0, 0x1C, 0x03, 0x80, 0x78, 0x07, 0x00, 0xE0, 0x1C, 0x01,
    0xC0, 0x38, 0x07, 0x00, 0xF0, 0x0E, 0x00, 0xFF, 0xFF, 0xFF, 0x03, 0xFF, 0xF8, 0xE3, 0x8E, 0x38,
    0xE3, 0x8E, 0x38, 0xE3, 0x8E, 0x38, 0xE3, 0x8E, 0x38, 0xE3, 0xFF, 0xC0, 0xE0, 0x38, 0x0E, 0x01,
    0xC0, 0x70, 0x1C, 0x03, 0x80, 0xE0, 0x38, 0x07, 0x01, 0xC0, 0x70, 0x0E, 0x03, 0x80, 0xE0, 0x1C,
    0x07, 0x01, 0xC0, 0x38, 0x0E, 0x03, 0x80, 0x70, 0x01, 0xFF, 0xF8, 0x70, 0xE1, 0xC3, 0x87, 0x0E,
    0x1C, 0x38, 0x70, 0xE1, 0xC3, 0x87, 0x0E, 0x1C, 0x38, 0x70, 0xFF, 0xFF, 0x80, 0x1C, 0x1E, 0x0F,
    0x8F, 0xC7, 0x73, 0x3B, 0x8D, 0xC7, 0x00, 0x0F, 0xFF, 0xFF, 0xF0, 0xE3, 0x8C, 0x3F, 0x87, 0xFC,
    0x7B, 0xEE, 0x0E, 0xE0, 0xE0, 0x1E, 0x3F, 0xE7, 0xFE, 0xF0, 0xEE, 0x0E, 0xE0, 0xEF, 0x7F, 0xFF,
    0xF7, 0xF7, 0xE0, 0x0E, 0x00, 0xE0, 0x0E, 0x00, 0xFF, 0x8F, 0xFE, 0xFD, 0xEF, 0x0F, 0xE0, 0x7E,
    0x07, 0xE0, 0x7E, 0x07, 0xE0, 0x7E, 0x07, 0xF0, 0xFF, 0xDE, 0xFF, 0xEF, 0xF8, 0x1F, 0x83, 0xFE,
    0x7D, 0xEF, 0x07, 0xE0, 0x7E, 0x00, 0xE0, 0x0E, 0x00, 0xE0, 0x0E, 0x07, 0xF0, 0xF7, 0x9E, 0x3F,
    0xC1, 0xF8, 0x00, 0x70, 0x07, 0x00, 0x70, 0x07, 0x1F, 0xF7, 0xFF, 0x7D, 0xFF, 0x0F, 0xE0, 0x7E,
    0x07, 0xE0, 0x7E, 0x07, 0xE0, 0x7E, 0x07, 0xF0, 0xF7, 0xDF, 0x7F, 0xF1, 0xFF, 0x1F, 0x83, 0xFC,
    0x7F, 0xEF, 0x0F, 0xE0, 0x7E, 0x07, 0xFF, 0xFF, 0xFF, 0xE0, 0x0E, 0x00, 0xE0, 0x77, 0xDE, 0x3F,
    0xE1, 0xF8, 0x3E, 0x7D, 0xE3, 0x8F, 0xFF, 0xDC, 0x38, 0x70, 0xE1, 0xC3, 0x87, 0x0E, 0x1C, 0x38,
    0x70, 0xE0, 0x1F, 0xF7, 0xFF, 0x79, 0xFE, 0x0F, 0xE0, 0x7E, 0x07, 0xE0, 0x7E, 0x07, 0xE0, 0x7E,
    0x07, 0x79, 0xF7, 0xFF, 0x1F, 0xF0, 0x07, 0xE0, 0x77, 0x9F, 0x7F, 0xE1, 0xFC, 0xE0, 0x1C, 0x03,
    0x80, 0x70, 0x0F, 0xF9, 0xFF, 0xBE, 0xF7, 0x0E, 0xE1, 0xFC, 0x1F, 0x83, 0xF0, 0x7E, 0x0F, 0xC1,
    0xF8, 0x3F, 0x07, 0xE0, 0xFC, 0x1C, 0xFC, 0x0F, 0xFF, 0xFF, 0xFF, 0xFF, 0xFC, 0x1C, 0x70, 0x00,
    0x1C, 0x71, 0xC7, 0x1C, 0x71, 0xC7, 0x1C, 0x71, 0xC7, 0x1C, 0x71, 0xCF, 0xFB, 0xE0, 0xE0, 0x0E,
    0x00, 0xE0, 0x0E, 0x00, 0xE0, 0xEE, 0x1E, 0xE3, 0xCE, 0x78, 0xEF, 0x0F, 0xE0, 0xFE, 0x0F, 0xF0,
    0xF7, 0x0E, 0x38, 0xE3, 0xCE, 0x1C, 0xE0, 0xEE, 0x0F, 0xEE, 0xEE, 0xEE, 0xEE, 0xEE, 0xEE, 0xEE,
    0xEE, 0xFF, 0xFF, 0x1F, 0x3F, 0xEF, 0xEF, 0xBF, 0x7F, 0x87, 0x87, 0xE1, 0xE1, 0xF8, 0x70, 0x7E,
    0x1C, 0x1F, 0x87, 0x07, 0xE1, 0xC1, 0xF8, 0x70, 0x7E, 0x1C, 0x1F, 0x87, 0x07, 0xE1, 0xC1, 0xF8,
    0x70, 0x70, 0xFF, 0x9F, 0xFB, 0xEF, 0x70, 0xEE, 0x1F, 0xC1, 0xF8, 0x3F, 0x07, 0xE0, 0xFC, 0x1F,
    0x83, 0xF0, 0x7E, 0x0F, 0xC1, 0xC0, 0x1F, 0x81, 0xFF, 0x1F, 0x79, 0xE0, 0xEE, 0x07, 0x70, 0x3B,
    0x80, 0xFC, 0x07, 0xE0, 0x77, 0x03, 0xBC, 0x1C, 0xFB, 0xC3, 0xFE, 0x0F, 0xC0, 0xFF, 0x8F, 0xFC,
    0xF9, 0xEF, 0x0F, 0xE0, 0x7E, 0x07, 0xE0, 0x7E, 0x07, 0xE0, 0x7E, 0x07, 0xF0, 0xFF, 0x9E, 0xFF,
    0xCF, 0xF8, 0xE0, 0x0E, 0x00, 0xE0, 0x0E, 0x00, 0x1F, 0xF7, 0xFF, 0x79, 0xFF, 0x0F, 0xE0, 0x7E,
    0x07, 0xE0, 0x7E, 0x07, 0xE0, 0x7E, 0x07, 0xF0, 0xF7, 0x9F, 0x3F, 0xF1, 0xFF, 0x00, 0x70, 0x07,
    0x00, 0x70, 0x07, 0xFF, 0xFF, 0xE7, 0x0E, 0x1C, 0x38, 0x70, 0xE1, 0xC3, 0x87, 0x0E, 0x1C, 0x00,
    0x1F, 0x83, 0xFC, 0x7B, 0xE7, 0x0E, 0x70, 0x67, 0x80, 0x7F, 0x81, 0xFC, 0x03, 0xEE, 0x0F, 0xF0,
    0x77, 0xDE, 0x7F, 0xE1, 0xFC, 0x38, 0x38, 0x38, 0xFF, 0xFF, 0x38, 0x38, 0x38, 0x38, 0x38, 0x38,
    0x38, 0x38, 0x38, 0x38, 0x3F, 0x1F, 0xE0, 0xFC, 0x1F, 0x83, 0xF0, 0x7E, 0x0F, 0xC1, 0xF8, 0x3F,
    0x07, 0xE0, 0xFC, 0x3F, 0x87, 0xFF, 0xF7, 0xFE, 0x7D, 0xC0, 0xE0, 0x3B, 0x81, 0xDC, 0x1C, 0xE0,
    0xE3, 0x87, 0x1C, 0x70, 0xE3, 0x83, 0x9C, 0x1D, 0xC0, 0xEE, 0x03, 0xF0, 0x1F, 0x00, 0xF8, 0x03,
    0xC0, 0xE0, 0x70, 0x77, 0x0F, 0x07, 0x70, 0xF0, 0x77, 0x0F, 0x8E, 0x70, 0xF8, 0xE3, 0x9F, 0x8E,
    0x39, 0xD8, 0xC3, 0x99, 0xDC, 0x1B, 0x9D, 0xC1, 0xF8, 0xDC, 0x1F, 0x8F, 0x80, 0xF0, 0xF8, 0x0F,
    0x0F, 0x80, 0xF0, 0x70, 0xF0, 0x73, 0x87, 0x8E, 0x38, 0x7B, 0x81, 0xFC, 0x07, 0xC0, 0x3C, 0x01,
    0xF0, 0x1F, 0x80, 0xEE, 0x0E, 0x78, 0xF1, 0xC7, 0x07, 0x70, 0x3C, 0x70, 0x3D, 0xC0, 0xE7, 0x03,
    0x8E, 0x0C, 0x38, 0x70, 0xE1, 0xC1, 0xC6, 0x07, 0x38, 0x0C, 0xE0, 0x3B, 0x00, 0xFC, 0x01, 0xF0,
    0x07, 0x80, 0x1E, 0x00, 0x38, 0x01, 0xC0, 0x1F, 0x00, 0x78, 0x00, 0xFF, 0xFF, 0xF0, 0x1C, 0x0E,
    0x07, 0x81, 0xC0, 0xE0, 0x70, 0x38, 0x1C, 0x0F, 0x03, 0x80, 0xFF, 0xFF, 0xF0, 0x00, 0x07, 0xC7,
    0xE3, 0xC1, 0xC0, 0xE0, 0x70, 0x38, 0x18, 0x1C, 0x1E, 0x1E, 0x0F, 0x03, 0xC0, 0xE0, 0x30, 0x1C,
    0x0E, 0x07, 0x03, 0x81, 0xE0, 0xFC, 0x3E, 0xFF, 0xFF, 0xFF, 0xFF, 0xFF, 0xFF, 0xFF, 0xFF, 0xC0,
    0x00, 0x7C, 0x3F, 0x07, 0x81, 0xC0, 0x70, 0x38, 0x1C, 0x0E, 0x07, 0x03, 0xC0, 0xF0, 0x78, 0x78,
    0x38, 0x1C, 0x0E, 0x07, 0x03, 0x83, 0x83, 0xC7, 0xE3, 0xE0, 0x00, 0x07, 0x86, 0xFC, 0xEE, 0xFE,
    0xE7, 0xEE, 0x3C, 0xFF, 0x80, 0xDB, 0xFF, 0xFF, 0xFF, 0xFC, 0x07, 0x01, 0xF0, 0x3F, 0xC7, 0xFE,
    0xF6, 0xFE, 0x67, 0xE6, 0x0E, 0x60, 0xE6, 0x0E, 0x60, 0xEE, 0x7E, 0xE7, 0x7E, 0xF7, 0xFE, 0x3F,
    0xC0, 0xF8, 0x0C, 0x00, 0xC0, 0x0F, 0xC0, 0xFF, 0x0F, 0xFC, 0x70, 0xE7, 0x03, 0x18, 0x00, 0xE0,
    0x07, 0x00, 0xFF, 0x87, 0xFC, 0x0E, 0x00, 0x70, 0x03, 0x80, 0x1C, 0x01, 0xC0, 0x1E, 0x00, 0xFF,
    0xF7, 0xFF, 0x80, 0x00, 0x00, 0xE0, 0x39, 0xFF, 0xF1, 0xFF, 0xC1, 0xEF, 0x07, 0x07, 0x0E, 0x0E,
    0x1C, 0x1C, 0x38, 0x38, 0x70, 0x70, 0x7B, 0xC1, 0xFF, 0xC7, 0xFF, 0xCE, 0x03, 0x88, 0x02, 0x00,
    0x70, 0x0E, 0xF0, 0x3C, 0xE0, 0x71, 0xE1, 0xC1, 0xC3, 0x81, 0xCE, 0x03, 0xFC, 0x03, 0xF0, 0x1F,
    0xFC, 0x3F, 0xF8, 0x07, 0x00, 0x0E, 0x01, 0xFF, 0xC3, 0xFF, 0x80, 0x70, 0x00, 0xE0, 0x01, 0xC0,
    0x03, 0x80, 0xFF, 0xFF, 0xFF, 0xE0, 0x01, 0xFF, 0xFF, 0xFF, 0xC0, 0x1F, 0x87, 0xFC, 0x7B, 0xE7,
    0x0E, 0x70, 0x67, 0xC0, 0x3F, 0x83, 0xFC, 0x71, 0xE7, 0x0E, 0x70, 0x77, 0x8E, 0x3F, 0xE1, 0xFC,
    0x01, 0xEE, 0x0E, 0xF0, 0x77, 0x9E, 0x3F, 0xE1, 0xFC, 0x00, 0x00, 0x01, 0xDF, 0xB8, 0x00, 0x00,
    0x00, 0xFF, 0x00, 0x3F, 0xF8, 0x1F, 0x9F, 0x83, 0xC0, 0x78, 0xE7, 0xE7, 0x3D, 0xFE, 0x77, 0x7D,
    0xEE, 0xEE, 0x1D, 0xDD, 0xC0, 0x1B, 0xB8, 0x03, 0xF7, 0x06, 0x6E, 0xE1, 0xDD, 0xDF, 0x7B, 0xBD,
    0xFE, 0xF3, 0xDF, 0x9C, 0x3C, 0x0F, 0x87, 0xE7, 0xE0, 0x3F, 0xF8, 0x03, 0xFC, 0x00, 0x7E, 0x7F,
    0xB0, 0xC3, 0xEF, 0xF7, 0x1B, 0x3D, 0xFF, 0x79, 0x80, 0x1C, 0xE3, 0x9C, 0x73, 0x8E, 0x78, 0xE7,
    0x0E, 0x70, 0xE7, 0x87, 0x38, 0x39, 0xC1, 0xCE, 0x00, 0x0F, 0xFF, 0xFF, 0xF0, 0x07, 0x00, 0x70,
    0x07, 0x00, 0x70, 0x06, 0x0F, 0xE0, 0x7F, 0xC3, 0xEF, 0x9F, 0xE6, 0x6C, 0xCD, 0xB3, 0x3C, 0xCC,
    0xF3, 0xF3, 0x6F, 0x8D, 0xB3, 0x37, 0x4F, 0x8F, 0xBE, 0x1F, 0xF0, 0x3F, 0x80, 0x01, 0xFF, 0xF8,
    0x00, 0x7E, 0xFF, 0xFF, 0xE7, 0xE7, 0xFF, 0xFF, 0x7E, 0x0E, 0x01, 0xC0, 0x38, 0x07, 0x00, 0xE1,
    0xFF, 0xFF, 0xF8, 0x70, 0x0E, 0x01, 0xC0, 0x38, 0x07, 0x00, 0x01, 0xFF, 0xFF, 0xF8, 0x7D, 0xFF,
    0x1E, 0x31, 0xE7, 0x9C, 0x70, 0xFF, 0xFC, 0x7D, 0xFF, 0x18, 0x73, 0xC3, 0xC1, 0xE3, 0xFE, 0xF8,
    0x73, 0x38, 0xC0, 0xD8, 0x1B, 0x03, 0x60, 0x6C, 0x0D, 0x81, 0xB0, 0x36, 0x06, 0xC0, 0xDC, 0x3B,
    0x87, 0x79, 0xEF, 0xFD, 0xFD, 0xB0, 0x06, 0x00, 0xC0, 0x18, 0x00, 0x3F, 0xF7, 0xFF, 0xFF, 0xFF,
    0xFF, 0xFF, 0xFF, 0xFF, 0xFF, 0xFF, 0xFF, 0x7F, 0xF3, 0xFF, 0x0F, 0xF0, 0x3F, 0x03, 0xF0, 0x3F,
    0x03, 0xF0, 0x3F, 0x03, 0xF0, 0x3F, 0xFF, 0x80, 0x18, 0x78, 0x3B, 0x77, 0xE7, 0x80, 0x18, 0xFF,
    0xF1, 0x8C, 0x63, 0x18, 0xC0, 0x7E, 0xFF, 0xE7, 0xC3, 0xC3, 0xC3, 0xE7, 0x7E, 0x3C, 0x73, 0x83,
    0x9C, 0x1C, 0xE1, 0xE7, 0x0E, 0x70, 0xE7, 0x1E, 0x71, 0xCE, 0x39, 0xC7, 0x38, 0x1C, 0x03, 0x8F,
    0x01, 0xCF, 0xC0, 0xF1, 0xF0, 0x78, 0x1C, 0x1C, 0x07, 0x0E, 0x01, 0xC7, 0x80, 0x71, 0xC0, 0x1C,
    0xE3, 0x87, 0x79, 0xE0, 0x1C, 0xF8, 0x0E, 0x3E, 0x07, 0x9F, 0x81, 0xCE, 0xE0, 0xE3, 0xFC, 0x78,
    0xFF, 0x1C, 0x03, 0x8E, 0x00, 0xE0, 0x1C, 0x07, 0x07, 0x80, 0xC3, 0xF0, 0x38, 0x3E, 0x0E, 0x01,
    0xC1, 0x80, 0x38, 0x70, 0x07, 0x1C, 0x00, 0xE3, 0x00, 0x1C, 0xE7, 0xC3, 0xB9, 0xFC, 0x07, 0x33,
    0x81, 0xC6, 0x70, 0x70, 0x1E, 0x0E, 0x07, 0x03, 0x81, 0x80, 0xE0, 0x60, 0x1C, 0x0F, 0xE7, 0x01,
    0xFC, 0x7C, 0x03, 0x9F, 0xC0, 0xE3, 0xBC, 0x3C, 0x07, 0x07, 0x03, 0xE1, 0xC0, 0x7C, 0x38, 0x03,
    0x8E, 0x00, 0x3B, 0x80, 0xEE, 0x70, 0x1F, 0xDC, 0x71, 0xF3, 0x8E, 0x00, 0xE3, 0xC0, 0x38, 0xF8,
    0x07, 0x1F, 0x01, 0xC6, 0xE0, 0x30, 0xFF, 0x0E, 0x1F, 0xE3, 0x80, 0x70, 0x70, 0x0E, 0x00, 0x07,
    0x00, 0x38, 0x01, 0xC0, 0x00, 0x00, 0x00, 0x03, 0x00, 0x18, 0x01, 0xC0, 0x1E, 0x01, 0xE0, 0x1E,
    0x01, 0xC0, 0x0E, 0x00, 0x70, 0x3B, 0x81, 0xDC, 0x1E, 0xFF, 0xE3, 0xFF, 0x0F, 0xE0, 0x07, 0x00,
    0x01, 0xC0, 0x00, 0x60, 0x00, 0x00, 0x00, 0x00, 0x00, 0x1E, 0x00, 0x0F, 0x80, 0x07, 0xC0, 0x07,
    0xE0, 0x03, 0xB8, 0x01, 0xDC, 0x01, 0xC6, 0x00, 0xE3, 0x80, 0xF1, 0xC0, 0x70, 0x70, 0x3F, 0xF8,
    0x3F, 0xFC, 0x1F, 0xFF, 0x0E, 0x03, 0x8E, 0x01, 0xC7, 0x00, 0x73, 0x80, 0x3B, 0x80, 0x1C, 0x00,
    0xE0, 0x00, 0x70, 0x00, 0x70, 0x00, 0x00, 0x00, 0x00, 0x00, 0x1E, 0x00, 0x0F, 0x80, 0x07, 0xC0,
    0x07, 0xE0, 0x03, 0xB8, 0x01, 0xDC, 0x01, 0xC6, 0x00, 0xE3, 0x80, 0xF1, 0xC0, 0x70, 0x70, 0x3F,
    0xF8, 0x3F, 0xFC, 0x1F, 0xFF, 0x0E, 0x03, 0x8E, 0x01, 0xC7, 0x00, 0x73, 0x80, 0x3B, 0x80, 0x1C,
    0x01, 0xC0, 0x01, 0xF0, 0x01, 0xD8, 0x00, 0xCE, 0x00, 0x00, 0x00, 0x00, 0x00, 0x0F, 0x00, 0x07,
    0xC0, 0x03, 0xE0, 0x03, 0xF0, 0x01, 0xDC, 0x00, 0xEE, 0x00, 0xE3, 0x00, 0x71, 0xC0, 0x78, 0xE0,
    0x38, 0x38, 0x1F, 0xFC, 0x1F, 0xFE, 0x0F, 0xFF, 0x87, 0x01, 0xC7, 0x00, 0xE3, 0x80, 0x39, 0xC0,
    0x1D, 0xC0, 0x0E, 0x00, 0x18, 0x03, 0xEC, 0x01, 0xFE, 0x00, 0x9E, 0x00, 0x00, 0x00, 0x00, 0x00,
    0x07, 0x80, 0x07, 0xC0, 0x03, 0xF0, 0x01, 0xF8, 0x01, 0xDC, 0x00, 0xE7, 0x00, 0x73, 0x80, 0x71,
    0xC0, 0x38, 0x70, 0x18, 0x38, 0x1F, 0xFC, 0x0F, 0xFF, 0x0F, 0xFF, 0x87, 0x01, 0xE3, 0x80, 0x73,
    0xC0, 0x39, 0xC0, 0x0E, 0xE0, 0x07, 0x07, 0x70, 0x07, 0x70, 0x00, 0x00, 0x00, 0x00, 0x00, 0x00,
    0x03, 0xC0, 0x03, 0xC0, 0x03, 0xE0, 0x07, 0xE0, 0x07, 0x60, 0x0E, 0x70, 0x0E, 0x70, 0x0E, 0x70,
    0x1C, 0x38, 0x1C, 0x38, 0x1F, 0xF8, 0x3F, 0xFC, 0x3F, 0xFC, 0x38, 0x1E, 0x70, 0x0E, 0x70, 0x0E,
    0x70, 0x07, 0xE0, 0x07, 0x03, 0xC0, 0x03, 0xC0, 0x03, 0xC0, 0x03, 0xC0, 0x00, 0x00, 0x00, 0x00,
    0x03, 0xC0, 0x03, 0xC0, 0x07, 0xE0, 0x07, 0xE0, 0x07, 0xE0, 0x0E, 0x70, 0x0E, 0x70, 0x0E, 0x70,
    0x1C, 0x38, 0x1C, 0x38, 0x1F, 0xF8, 0x3F, 0xFC, 0x3F, 0xFC, 0x38, 0x1C, 0x70, 0x0E, 0x70, 0x0E,
    0xF0, 0x0E, 0xE0, 0x07, 0x00, 0x7F, 0xFE, 0x01, 0xFF, 0xFC, 0x03, 0xB8, 0x00, 0x0E, 0x70, 0x00,
    0x1C, 0xE0, 0x00, 0x71, 0xC0, 0x00, 0xE3, 0x80, 0x03, 0x87, 0x00, 0x07, 0x0F, 0xFC, 0x1C, 0x1F,
    0xF8, 0x38, 0x38, 0x00, 0xFF, 0xF0, 0x01, 0xFF, 0xE0, 0x07, 0x01, 0xC0, 0x0E, 0x03, 0x80, 0x38,
    0x07, 0x00, 0x70, 0x0F, 0xFF, 0xC0, 0x1F, 0xFC, 0x0F, 0xF0, 0x1F, 0xFC, 0x3F, 0x7C, 0x78, 0x1E,
    0x70, 0x0F, 0xE0, 0x07, 0xE0, 0x00, 0xE0, 0x00, 0xE0, 0x00, 0xE0, 0x00, 0xE0, 0x00, 0xE0, 0x07,
    0xE0, 0x07, 0xF0, 0x0F, 0x78, 0x0E, 0x3F, 0x7C, 0x1F, 0xFC, 0x0F, 0xF0, 0x03, 0xC0, 0x03, 0xE0,
    0x00, 0xE0, 0x06, 0xE0, 0x07, 0xE0, 0x03, 0xC0, 0x00, 0x00, 0x1C, 0x03, 0x80, 0x38, 0x00, 0x00,
    0x01, 0xFF, 0xFF, 0xFF, 0x00, 0xE0, 0x1C, 0x03, 0x80, 0x70, 0x0E, 0x01, 0xFF, 0xFF, 0xFF, 0x00,
    0xE0, 0x1C, 0x03, 0x80, 0x70, 0x0E, 0x01, 0xFF, 0xFF, 0xF8, 0x03, 0x80, 0xE0, 0x18, 0x00, 0x00,
    0x01, 0xFF, 0xFF, 0xFF, 0x00, 0xE0, 0x1C, 0x03, 0x80, 0x70, 0x0E, 0x01, 0xFF, 0xFF, 0xFF, 0x00,
    0xE0, 0x1C, 0x03, 0x80, 0x70, 0x0E, 0x01, 0xFF, 0xFF, 0xF8, 0x0E, 0x03, 0xE0, 0x7E, 0x1C, 0xC0,
    0x00, 0x00, 0x3F, 0xFF, 0xFF, 0xE0, 0x1C, 0x03, 0x80, 0x70, 0x0E, 0x01, 0xC0, 0x3F, 0xFF, 0xFF,
    0xE0, 0x1C, 0x03, 0x80, 0x70, 0x0E, 0x01, 0xC0, 0x3F, 0xFF, 0xFF, 0x3B, 0x87, 0x70, 0x00, 0x00,
    0x00, 0x01, 0xFF, 0xFF, 0xFF, 0x00, 0xE0, 0x1C, 0x03, 0x80, 0x70, 0x0E, 0x01, 0xFF, 0xFF, 0xFF,
    0x00, 0xE0, 0x1C, 0x03, 0x80, 0x70, 0x0E, 0x01, 0xFF, 0xFF, 0xF8, 0xE3, 0x9C, 0x00, 0x1C, 0xE7,
    0x39, 0xCE, 0x73, 0x9C, 0xE7, 0x39, 0xCE, 0x73, 0x9C, 0xE0, 0x73, 0xB8, 0x00, 0x73, 0x9C, 0xE7,
    0x39, 0xCE, 0x73, 0x9C, 0xE7, 0x39, 0xCE, 0x73, 0x80, 0x3C, 0x3C, 0x7E, 0x67, 0x00, 0x00, 0x1C,
    0x1C, 0x1C, 0x1C, 0x1C, 0x1C, 0x1C, 0x1C, 0x1C, 0x1C, 0x1C, 0x1C, 0x1C, 0x1C, 0x1C, 0x1C, 0x1C,
    0x1C, 0xEF, 0xDC, 0x00, 0x00, 0x07, 0x0E, 0x1C, 0x38, 0x70, 0xE1, 0xC3, 0x87, 0x0E, 0x1C, 0x38,
    0x70, 0xE1, 0xC3, 0x87, 0x0E, 0x00, 0x3F, 0xF0, 0x3F, 0xF8, 0x38, 0xFC, 0x38, 0x1E, 0x38, 0x0F,
    0x38, 0x07, 0x38, 0x07, 0x38, 0x07, 0xFF, 0xC7, 0xFF, 0xC7, 0x38, 0x07, 0x38, 0x07, 0x38, 0x07,
    0x38, 0x0F, 0x38, 0x1E, 0x38, 0xFC, 0x3F, 0xF8, 0x3F, 0xF0, 0x00, 0x20, 0x3F, 0xC0, 0xFE, 0x02,
    0x78, 0x00, 0x00, 0x00, 0x0F, 0x01, 0xFE, 0x07, 0xF8, 0x1F, 0xF0, 0x7F, 0xC1, 0xFF, 0x87, 0xEE,
    0x1F, 0x9C, 0x7E, 0x71, 0xF8, 0xE7, 0xE3, 0x9F, 0x87, 0x7E, 0x1D, 0xF8, 0x3F, 0xE0, 0xFF, 0x81,
    0xFE, 0x03, 0xF8, 0x0F, 0x07, 0x00, 0x01, 0xC0, 0x00, 0xE0, 0x00, 0x00, 0x00, 0x00, 0x00, 0x00,
    0x00, 0x3F, 0xC0, 0x3F, 0xF8, 0x3E, 0x7E, 0x3C, 0x0F, 0x3C, 0x03, 0xDC, 0x00, 0xEE, 0x00, 0x77,
    0x00, 0x1B, 0x80, 0x0F, 0xC0, 0x07, 0xE0, 0x03, 0x70, 0x03, 0xB8, 0x01, 0xDE, 0x01, 0xE7, 0x81,
    0xE1, 0xF3, 0xF0, 0x7F, 0xF0, 0x1F, 0xE0, 0x00, 0xE0, 0x00, 0x60, 0x00, 0x70, 0x00, 0x00, 0x00,
    0x00, 0x00, 0x00, 0x00, 0x3F, 0xC0, 0x3F, 0xF8, 0x3E, 0x7E, 0x3C, 0x0F, 0x3C, 0x03, 0xDC, 0x00,
    0xEE, 0x00, 0x77, 0x00, 0x1B, 0x80, 0x0F, 0xC0, 0x07, 0xE0, 0x03, 0x70, 0x03, 0xB8, 0x01, 0xDE,
    0x01, 0xE7, 0x81, 0xE1, 0xF3, 0xF0, 0x7F, 0xF0, 0x1F, 0xE0, 0x03, 0xC0, 0x01, 0xF0, 0x01, 0xD8,
    0x00, 0xCE, 0x00, 0x00, 0x00, 0x00, 0x00, 0x3F, 0xC0, 0x3F, 0xF8, 0x3E, 0x7E, 0x3C, 0x0F, 0x3C,
    0x03, 0xDC, 0x00, 0xEE, 0x00, 0x77, 0x00, 0x1B, 0x80, 0x0F, 0xC0, 0x07, 0xE0, 0x03, 0x70, 0x03,
    0xB8, 0x01, 0xDE, 0x01, 0xE7, 0x81, 0xE1, 0xF3, 0xF0, 0x7F, 0xF0, 0x1F, 0xE0, 0x0F, 0xB0, 0x07,
    0xF8, 0x02, 0x78, 0x00, 0x00, 0x00, 0x00, 0x00, 0x00, 0x00, 0x3F, 0xC0, 0x3F, 0xF8, 0x3E, 0x7E,
    0x3C, 0x0F, 0x3C, 0x03, 0xDC, 0x00, 0xEE, 0x00, 0x77, 0x00, 0x1B, 0x80, 0x0F, 0xC0, 0x07, 0xE0,
    0x03, 0x70, 0x03, 0xB8, 0x01, 0xDE, 0x01, 0xE7, 0x81, 0xE1, 0xF3, 0xF0, 0x7F, 0xF0, 0x1F, 0xE0,
    0x00, 0x00, 0x07, 0x38, 0x03, 0x9C, 0x00, 0x00, 0x00, 0x00, 0x00, 0x00, 0x00, 0x3F, 0xC0, 0x3F,
    0xF8, 0x3E, 0x7E, 0x3C, 0x0F, 0x3C, 0x03, 0xDC, 0x00, 0xEE, 0x00, 0x77, 0x00, 0x1B, 0x80, 0x0F,
    0xC0, 0x07, 0xE0, 0x03, 0x70, 0x03, 0xB8, 0x01, 0xDE, 0x01, 0xE7, 0x81, 0xE1, 0xF3, 0xF0, 0x7F,
    0xF0, 0x1F, 0xE0, 0x00, 0x18, 0x1B, 0x87, 0xB9, 0xE3, 0xF8, 0x3E, 0x07, 0x81, 0xF8, 0x7F, 0x9E,
    0x7B, 0x87, 0xA0, 0x60, 0x0F, 0xF7, 0x0F, 0xFF, 0x0F, 0x9F, 0x8F, 0x07, 0xCF, 0x03, 0xF7, 0x03,
    0xBB, 0x83, 0x9D, 0xC1, 0xC6, 0xE1, 0xC3, 0xF1, 0xC1, 0xF8, 0xE0, 0xDC, 0xE0, 0xEE, 0xE0, 0x77,
    0xE0, 0x79, 0xF0, 0x78, 0x7C, 0xFC, 0x7F, 0xFC, 0x3F, 0xF8, 0x00, 0x0E, 0x00, 0x38, 0x00, 0x70,
    0x00, 0x00, 0x00, 0x00, 0x00, 0x0E, 0x01, 0xF8, 0x07, 0xE0, 0x1F, 0x80, 0x7E, 0x01, 0xF8, 0x07,
    0xE0, 0x1F, 0x80, 0x7E, 0x01, 0xF8, 0x07, 0xE0, 0x1F, 0x80, 0x7E, 0x01, 0xB8, 0x0E, 0xF0, 0x39,
    0xF7, 0xC3, 0xFF, 0x07, 0xF0, 0x01, 0xC0, 0x0E, 0x00, 0x30, 0x00, 0x00, 0x00, 0x00, 0x00, 0x0E,
    0x01, 0xF8, 0x07, 0xE0, 0x1F, 0x80, 0x7E, 0x01, 0xF8, 0x07, 0xE0, 0x1F, 0x80, 0x7E, 0x01, 0xF8,
    0x07, 0xE0, 0x1F, 0x80, 0x7E, 0x01, 0xB8, 0x0E, 0xF0, 0x39, 0xF7, 0xC3, 0xFF, 0x07, 0xF0, 0x07,
    0x00, 0x3E, 0x00, 0xDC, 0x06, 0x30, 0x00, 0x00, 0x00, 0x0E, 0x01, 0xF8, 0x07, 0xE0, 0x1F, 0x80,
    0x7E, 0x01, 0xF8, 0x07, 0xE0, 0x1F, 0x80, 0x7E, 0x01, 0xF8, 0x07, 0xE0, 0x1F, 0x80, 0x7E, 0x01,
    0xB8, 0x0E, 0xF0, 0x39, 0xF7, 0xC3, 0xFF, 0x07, 0xF0, 0x00, 0x00, 0x77, 0x01, 0xDC, 0x00, 0x00,
    0x00, 0x00, 0x00, 0x0E, 0x01, 0xF8, 0x07, 0xE0, 0x1F, 0x80, 0x7E, 0x01, 0xF8, 0x07, 0xE0, 0x1F,
    0x80, 0x7E, 0x01, 0xF8, 0x07, 0xE0, 0x1F, 0x80, 0x7E, 0x01, 0xB8, 0x0E, 0xF0, 0x39, 0xF7, 0xC3,
    0xFF, 0x07, 0xF0, 0x00, 0xE0, 0x00, 0xE0, 0x01, 0xC0, 0x00, 0x00, 0x00, 0x00, 0x70, 0x0F, 0x78,
    0x0E, 0x38, 0x1C, 0x3C, 0x1C, 0x1C, 0x38, 0x0E, 0x78, 0x0E, 0x70, 0x07, 0xE0, 0x07, 0xE0, 0x03,
    0xC0, 0x01, 0xC0, 0x01, 0xC0, 0x01, 0xC0, 0x01, 0xC0, 0x01, 0xC0, 0x01, 0xC0, 0x01, 0xC0, 0x01,
    0xC0, 0xE0, 0x0E, 0x00, 0xE0, 0x0F, 0xFC, 0xFF, 0xEE, 0x1F, 0xE0, 0x7E, 0x07, 0xE0, 0x7E, 0x07,
    0xE0, 0x7E, 0x1F, 0xFF, 0xEF, 0xFC, 0xE0, 0x0E, 0x00, 0xE0, 0x0E, 0x00, 0x3F, 0x87, 0xFC, 0xFB,
    0xEE, 0x0E, 0xE0, 0xEE, 0x0E, 0xE3, 0xEE, 0xFC, 0xEF, 0xCE, 0x3E, 0xE0, 0x7E, 0x07, 0xE0, 0x7E,
    0x07, 0xE0, 0x7E, 0x3F, 0xEF, 0xEE, 0xFC, 0x1C, 0x01, 0xC0, 0x0E, 0x00, 0x00, 0x3F, 0x87, 0xFC,
    0x7B, 0xEE, 0x0E, 0xE0, 0xE0, 0x1E, 0x3F, 0xE7, 0xFE, 0xF0, 0xEE, 0x0E, 0xE0, 0xEF, 0x7F, 0xFF,
    0xF7, 0xF7, 0x03, 0x80, 0x70, 0x06, 0x00, 0x00, 0x3F, 0x87, 0xFC, 0x7B, 0xEE, 0x0E, 0xE0, 0xE0,
    0x1E, 0x3F, 0xE7, 0xFE, 0xF0, 0xEE, 0x0E, 0xE0, 0xEF, 0x7F, 0xFF, 0xF7, 0xF7, 0x0F, 0x01, 0xF8,
    0x39, 0x80, 0x00, 0x00, 0x03, 0xF8, 0x7F, 0xC7, 0xBE, 0xE0, 0xEE, 0x0E, 0x01, 0xE3, 0xFE, 0x7F,
    0xEF, 0x0E, 0xE0, 0xEE, 0x0E, 0xF7, 0xFF, 0xFF, 0x7F, 0x70, 0x00, 0xC3, 0xEC, 0x3F, 0x82, 0x20,
    0x00, 0x03, 0xF8, 0x7F, 0xC7, 0xBE, 0xE0, 0xEE, 0x0E, 0x01, 0xE3, 0xFE, 0x7F, 0xEF, 0x0E, 0xE0,
    0xEE, 0x0E, 0xF7, 0xFF, 0xFF, 0x7F, 0x70, 0x39, 0xC3, 0x9C, 0x00, 0x00, 0x00, 0x3F, 0x87, 0xFC,
    0x7B, 0xEE, 0x0E, 0xE0, 0xE0, 0x1E, 0x3F, 0xE7, 0xFE, 0xF0, 0xEE, 0x0E, 0xE0, 0xEF, 0x7F, 0xFF,
    0xF7, 0xF7, 0x0F, 0x00, 0xF0, 0x1B, 0x00, 0xF0, 0x0F, 0x00, 0x00, 0x3F, 0x87, 0xFC, 0x7B, 0xEE,
    0x0E, 0xE0, 0xE0, 0x1E, 0x3F, 0xE7, 0xFE, 0xF0, 0xEE, 0x0E, 0xE0, 0xEF, 0x7F, 0xFF, 0xF7, 0xF7,
    0x3F, 0x8F, 0xC3, 0xFE, 0xFF, 0x1E, 0xFF, 0xFD, 0xC1, 0xF0, 0xFE, 0x07, 0x03, 0x80, 0x78, 0x1C,
    0xFF, 0xFF, 0xEF, 0xFF, 0xFF, 0xFC, 0x70, 0x07, 0x07, 0x80, 0x38, 0x3C, 0x0F, 0xE7, 0xFD, 0xEF,
    0xF9, 0xFF, 0x3F, 0x87, 0xE0, 0x1F, 0xC3, 0xFE, 0x7D, 0xFF, 0x07, 0xE0, 0x7E, 0x00, 0xE0, 0x0E,
    0x00, 0xE0, 0x0E, 0x07, 0xF0, 0x77, 0xDE, 0x3F, 0xE1, 0xF8, 0x0E, 0x00, 0xF8, 0x03, 0x81, 0xB8,
    0x1F, 0x80, 0xF0, 0x00, 0x00, 0x1C, 0x00, 0xE0, 0x0E, 0x00, 0x00, 0x1F, 0x83, 0xFC, 0x7F, 0xEF,
    0x0F, 0xE0, 0x7E, 0x07, 0xFF, 0xFF, 0xFF, 0xE0, 0x0E, 0x00, 0xE0, 0x77, 0xDE, 0x3F, 0xE1, 0xF8,
    0x03, 0x80, 0x38, 0x07, 0x00, 0x00, 0x1F, 0x83, 0xFC, 0x7F, 0xEF, 0x0F, 0xE0, 0x7E, 0x07, 0xFF,
    0xFF, 0xFF, 0xE0, 0x0E, 0x00, 0xE0, 0x77, 0xDE, 0x3F, 0xE1, 0xF8, 0x0F, 0x01, 0xF8, 0x19, 0xC0,
    0x00, 0x1F, 0x83, 0xFC, 0x7F, 0xEF, 0x0F, 0xE0, 0x7E, 0x07, 0xFF, 0xFF, 0xFF, 0xE0, 0x0E, 0x00,
    0xE0, 0x77, 0xDE, 0x3F, 0xE1, 0xF8, 0x39, 0xC3, 0x9C, 0x00, 0x00, 0x00, 0x1F, 0x83, 0xFC, 0x7F,
    0xEF, 0x0F, 0xE0, 0x7E, 0x07, 0xFF, 0xFF, 0xFF, 0xE0, 0x0E, 0x00, 0xE0, 0x77, 0xDE, 0x3F, 0xE1,
    0xF8, 0xE3, 0x9C, 0x03, 0x9C, 0xE7, 0x39, 0xCE, 0x73, 0x9C, 0xE7, 0x39, 0xC0, 0x73, 0xB8, 0x0E,
    0x73, 0x9C, 0xE7, 0x39, 0xCE, 0x73, 0x9C, 0xE7, 0x00, 0x3C, 0x7E, 0x76, 0x67, 0x00, 0x1C, 0x1C,
    0x1C, 0x1C, 0x1C, 0x1C, 0x1C, 0x1C, 0x1C, 0x1C, 0x1C, 0x1C, 0x1C, 0x1C, 0xFF, 0xF0, 0x00, 0x71,
    0xC7, 0x1C, 0x71, 0xC7, 0x1C, 0x71, 0xC7, 0x1C, 0x71, 0xC0, 0x1C, 0x00, 0xFB, 0xC7, 0xFE, 0x1F,
    0xC0, 0xFE, 0x00, 0x70, 0x7F, 0xCF, 0xFE, 0x79, 0xF7, 0x03, 0xB8, 0x1D, 0xC0, 0x7E, 0x03, 0xF0,
    0x1B, 0x81, 0xDC, 0x0E, 0x79, 0xE3, 0xFF, 0x07, 0xE0, 0x01, 0x87, 0xB0, 0xFC, 0x13, 0x00, 0x01,
    0xFF, 0x3F, 0xF7, 0xDE, 0xE1, 0xDC, 0x3F, 0x83, 0xF0, 0x7E, 0x0F, 0xC1, 0xF8, 0x3F, 0x07, 0xE0,
    0xFC, 0x1F, 0x83, 0x80, 0x1C, 0x00, 0x70, 0x01, 0x80, 0x00, 0x01, 0xF8, 0x1F, 0xF1, 0xF7, 0x9E,
    0x0E, 0xE0, 0x77, 0x03, 0xB8, 0x0F, 0xC0, 0x7E, 0x07, 0x70, 0x3B, 0xC1, 0xCF, 0xBC, 0x3F, 0xE0,
    0xFC, 0x00, 0x03, 0x80, 0x1C, 0x01, 0xC0, 0x00, 0x01, 0xF8, 0x1F, 0xF1, 0xF7, 0x9E, 0x0E, 0xE0,
    0x77, 0x03, 0xB8, 0x0F, 0xC0, 0x7E, 0x07, 0x70, 0x3B, 0xC1, 0xCF, 0xBC, 0x3F, 0xE0, 0xFC, 0x00,
    0x0F, 0x00, 0xFC, 0x06, 0x70, 0x00, 0x00, 0x00, 0x0F, 0xC0, 0xFF, 0x8F, 0xBC, 0xF0, 0x77, 0x03,
    0xB8, 0x1D, 0xC0, 0x7E, 0x03, 0xF0, 0x3B, 0x81, 0xDE, 0x0E, 0x7D, 0xE1, 0xFF, 0x07, 0xE0, 0x00,
    0xC1, 0xF6, 0x0F, 0xF0, 0x46, 0x00, 0x00, 0x0F, 0xC0, 0xFF, 0x8F, 0xBC, 0xF0, 0x77, 0x03, 0xB8,
    0x1D, 0xC0, 0x7E, 0x03, 0xF0, 0x3B, 0x81, 0xDE, 0x0E, 0x7D, 0xE1, 0xFF, 0x07, 0xE0, 0x39, 0xC1,
    0xCE, 0x00, 0x00, 0x00, 0x01, 0xF8, 0x1F, 0xF1, 0xF7, 0x9E, 0x0E, 0xE0, 0x77, 0x03, 0xB8, 0x0F,
    0xC0, 0x7E, 0x07, 0x70, 0x3B, 0xC1, 0xCF, 0xBC, 0x3F, 0xE0, 0xFC, 0x00, 0x0E, 0x00, 0xE0, 0x0E,
    0x00, 0x00, 0x00, 0x0F, 0xFF, 0xFF, 0xF0, 0x00, 0x00, 0x00, 0xE0, 0x0E, 0x00, 0xE0, 0x1F, 0xF1,
    0xFF, 0x1F, 0x79, 0xE3, 0xEE, 0x3F, 0x71, 0xBB, 0x9C, 0xFD, 0xC7, 0xEC, 0x77, 0xE3, 0xBE, 0x1C,
    0xFB, 0xC7, 0xFE, 0x7F, 0xC0, 0x38, 0x03, 0x80, 0x30, 0x00, 0x0E, 0x0F, 0xC1, 0xF8, 0x3F, 0x07,
    0xE0, 0xFC, 0x1F, 0x83, 0xF0, 0x7E, 0x0F, 0xC3, 0xF8, 0x7F, 0xFF, 0x7F, 0xE7, 0xDC, 0x07, 0x00,
    0xC0, 0x38, 0x00, 0x0E, 0x0F, 0xC1, 0xF8, 0x3F, 0x07, 0xE0, 0xFC, 0x1F, 0x83, 0xF0, 0x7E, 0x0F,
    0xC3, 0xF8, 0x7F, 0xFF, 0x7F, 0xE7, 0xDC, 0x1E, 0x07, 0xE0, 0xCC, 0x00, 0x00, 0x01, 0xC1, 0xF8,
    0x3F, 0x07, 0xE0, 0xFC, 0x1F, 0x83, 0xF0, 0x7E, 0x0F, 0xC1, 0xF8, 0x7F, 0x0F, 0xF3, 0xEF, 0xFC,
    0xFB, 0x80, 0x73, 0x8E, 0x70, 0x00, 0x00, 0x0E, 0x0F, 0xC1, 0xF8, 0x3F, 0x07, 0xE0, 0xFC, 0x1F,
    0x83, 0xF0, 0x7E, 0x0F, 0xC3, 0xF8, 0x7F, 0xFF, 0x7F, 0xE7, 0xDC, 0x01, 0xC0, 0x07, 0x00, 0x38,
    0x00, 0x00, 0x70, 0x3D, 0xC0, 0xE7, 0x03, 0x8E, 0x0C, 0x38, 0x70, 0xE1, 0xC1, 0xC6, 0x07, 0x38,
    0x0C, 0xE0, 0x3B, 0x00, 0xFC, 0x01, 0xF0, 0x07, 0x80, 0x1E, 0x00, 0x38, 0x01, 0xC0, 0x1F, 0x00,
    0x78, 0x00, 0xE0, 0x0E, 0x00, 0xE0, 0x0E, 0x00, 0xFF, 0x8F, 0xFE, 0xFF, 0xEF, 0x0F, 0xE0, 0x7E,
    0x07, 0xE0, 0x7E, 0x07, 0xE0, 0x7E, 0x07, 0xF0, 0xFF, 0xFE, 0xFF, 0xEF, 0xF8, 0xE0, 0x0E, 0x00,
    0xE0, 0x0E, 0x00, 0x0E, 0xE0, 0x3B, 0x80, 0x00, 0x00, 0x00, 0x70, 0x39, 0xC0, 0xE7, 0x03, 0x8E,
    0x1C, 0x38, 0x70, 0x61, 0xC1, 0xCE, 0x07, 0x38, 0x0C, 0xE0, 0x3B, 0x00, 0xFC, 0x01, 0xF0, 0x07,
    0x80, 0x1E, 0x00, 0x38, 0x01, 0xC0, 0x1F, 0x00, 0x78, 0x00, 0x07, 0xF0, 0x03, 0xF8, 0x00, 0x00,
    0x00, 0x00, 0x00, 0x00, 0x00, 0x1F, 0x00, 0x0F, 0x80, 0x07, 0xC0, 0x07, 0x70, 0x03, 0xB8, 0x01,
    0xDC, 0x01, 0xC7, 0x00, 0xE3, 0x80, 0x71, 0xC0, 0x70, 0x70, 0x3F, 0xF8, 0x3F, 0xFE, 0x1F, 0xFF,
    0x0E, 0x03, 0x8E, 0x00, 0xE7, 0x00, 0x73, 0x80, 0x3B, 0x80, 0x0E, 0x3F, 0x83, 0xF8, 0x00, 0x00,
    0x00, 0x3F, 0x87, 0xFC, 0x7B, 0xEE, 0x0E, 0xE0, 0xE0, 0x1E, 0x3F, 0xE7, 0xFE, 0xF0, 0xEE, 0x0E,
    0xE0, 0xEF, 0x7F, 0xFF, 0xF7, 0xE7, 0x06, 0x30, 0x03, 0xB8, 0x01, 0xFC, 0x00, 0x7C, 0x00, 0x00,
    0x00, 0x00, 0x00, 0x0F, 0x80, 0x07, 0xC0, 0x03, 0xE0, 0x03, 0xB8, 0x01, 0xDC, 0x00, 0xEE, 0x00,
    0xE3, 0x80, 0x71, 0xC0, 0x38, 0xE0, 0x38, 0x38, 0x1F, 0xFC, 0x0F, 0xFE, 0x0F, 0xFF, 0x87, 0x01,
    0xC7, 0x80, 0xF3, 0x80, 0x39, 0xC0, 0x1D, 0xE0, 0x07, 0x39, 0x83, 0xF8, 0x1F, 0x00, 0x00, 0x00,
    0x03, 0xF8, 0x7F, 0xC7, 0xBE, 0xE0, 0xEE, 0x0E, 0x01, 0xE3, 0xFE, 0x7F, 0xEF, 0x8E, 0xE0, 0xEE,
    0x0E, 0xF3, 0xFF, 0xFF, 0x7E, 0x70, 0x01, 0xE0, 0x00, 0xF8, 0x00, 0x3F, 0x00, 0x0F, 0xC0, 0x07,
    0x70, 0x01, 0xCE, 0x00, 0x73, 0x80, 0x38, 0xE0, 0x0E, 0x1C, 0x03, 0x87, 0x01, 0xFF, 0xC0, 0x7F,
    0xF8, 0x3F, 0xFE, 0x0E, 0x03, 0xC3, 0x80, 0x71, 0xE0, 0x1C, 0x70, 0x07, 0x9C, 0x00, 0xE0, 0x00,
    0x38, 0x00, 0x0C, 0x00, 0x07, 0x00, 0x01, 0xC0, 0x00, 0x7C, 0x00, 0x1F, 0x00, 0x00, 0x00, 0x3F,
    0x83, 0xFE, 0x1E, 0xF9, 0xC1, 0xCE, 0x0E, 0x00, 0xF0, 0xFF, 0x8F, 0xFC, 0xF0, 0xE7, 0x07, 0x38,
    0x39, 0xEF, 0xEF, 0xFF, 0x3F, 0xB8, 0x00, 0xC0, 0x0E, 0x00, 0x60, 0x07, 0xC0, 0x1E, 0x00, 0x00,
    0x00, 0xE0, 0x01, 0xC0, 0x01, 0xC0, 0x00, 0x00, 0x00, 0x00, 0x00, 0x00, 0x0F, 0xF0, 0x1F, 0xF8,
    0x3E, 0x7C, 0x78, 0x1E, 0x70, 0x0E, 0xE0, 0x0E, 0xE0, 0x00, 0xE0, 0x00, 0xE0, 0x00, 0xE0, 0x00,
    0xE0, 0x00, 0xE0, 0x06, 0xE0, 0x0F, 0x70, 0x0E, 0x78, 0x1E, 0x3E, 0x7C, 0x1F, 0xF8, 0x0F, 0xF0,
    0x03, 0x80, 0x30, 0x07, 0x00, 0x00, 0x1F, 0x83, 0xFE, 0x7D, 0xEF, 0x07, 0xE0, 0x7E, 0x00, 0xE0,
    0x0E, 0x00, 0xE0, 0x0E, 0x07, 0xF0, 0xF7, 0x9E, 0x3F, 0xC1, 0xF8, 0x03, 0xC0, 0x07, 0xC0, 0x06,
    0xE0, 0x0E, 0x60, 0x00, 0x00, 0x00, 0x00, 0x0F, 0xF0, 0x1F, 0xF8, 0x3E, 0x7C, 0x78, 0x1E, 0x70,
    0x0E, 0xE0, 0x0E, 0xE0, 0x00, 0xE0, 0x00, 0xE0, 0x00, 0xE0, 0x00, 0xE0, 0x00, 0xE0, 0x06, 0xE0,
    0x0F, 0x70, 0x0E, 0x78, 0x1E, 0x3E, 0x7C, 0x1F, 0xF8, 0x0F, 0xF0, 0x0F, 0x01, 0xF8, 0x19, 0xC0,
    0x00, 0x00, 0x01, 0xF8, 0x3F, 0xE7, 0xDE, 0xF0, 0x7E, 0x07, 0xE0, 0x0E, 0x00, 0xE0, 0x0E, 0x00,
    0xE0, 0x7F, 0x0F, 0x79, 0xE3, 0xFC, 0x1F, 0x80, 0x00, 0x00, 0x03, 0x80, 0x03, 0x80, 0x00, 0x00,
    0x00, 0x00, 0x00, 0x00, 0x0F, 0xF0, 0x1F, 0xF8, 0x3E, 0x7C, 0x78, 0x1E, 0x70, 0x0E, 0xE0, 0x0F,
    0xE0, 0x00, 0xE0, 0x00, 0xE0, 0x00, 0xE0, 0x00, 0xE0, 0x00, 0xE0, 0x07, 0xE0, 0x0F, 0x70, 0x0E,
    0x78, 0x1E, 0x3E, 0x7C, 0x1F, 0xF8, 0x0F, 0xF0, 0x07, 0x00, 0x70, 0x00, 0x00, 0x00, 0x1F, 0x83,
    0xFE, 0x7D, 0xEF, 0x07, 0xE0, 0x7E, 0x00, 0xE0, 0x0E, 0x00, 0xE0, 0x0E, 0x07, 0xF0, 0xF7, 0x9E,
    0x3F, 0xC1, 0xF8, 0x0E, 0x60, 0x07, 0xE0, 0x03, 0xC0, 0x03, 0x80, 0x00, 0x00, 0x00, 0x00, 0x0F,
    0xF0, 0x1F, 0xF8, 0x3E, 0x7C, 0x78, 0x1E, 0x70, 0x0E, 0xE0, 0x0E, 0xE0, 0x00, 0xE0, 0x00, 0xE0,
    0x00, 0xE0, 0x00, 0xE0, 0x00, 0xE0, 0x06, 0xE0, 0x0F, 0x70, 0x0E, 0x78, 0x1E, 0x3E, 0x7C, 0x1F,
    0xF8, 0x0F, 0xF0, 0x19, 0xC1, 0xF8, 0x0F, 0x00, 0x00, 0x00, 0x01, 0xF8, 0x3F, 0xE7, 0xDE, 0xF0,
    0x7E, 0x07, 0xE0, 0x0E, 0x00, 0xE0, 0x0E, 0x00, 0xE0, 0x7F, 0x0F, 0x79, 0xE3, 0xFC, 0x1F, 0x80,
    0x39, 0x80, 0x6E, 0x01, 0xF0, 0x03, 0xC0, 0x00, 0x00, 0x00, 0x0F, 0xFC, 0x3F, 0xF8, 0xE3, 0xF3,
    0x81, 0xEE, 0x03, 0xF8, 0x07, 0xE0, 0x1F, 0x80, 0x7E, 0x01, 0xF8, 0x07, 0xE0, 0x1F, 0x80, 0x7E,
    0x01, 0xF8, 0x0F, 0xE0, 0x7B, 0x8F, 0xCF, 0xFE, 0x3F, 0xF0, 0x00, 0x73, 0x00, 0x39, 0x80, 0x1D,
    0xC0, 0x0E, 0xE1, 0xFF, 0x73, 0xFF, 0xB1, 0xE7, 0xC1, 0xE1, 0xE0, 0xE0, 0x70, 0x70, 0x38, 0x38,
    0x1C, 0x1C, 0x0E, 0x0E, 0x07, 0x07, 0x03, 0x83, 0xC3, 0xC0, 0xFB, 0xE0, 0x7F, 0xF0, 0x0F, 0xF8,
    0x00, 0x3F, 0xF0, 0x3F, 0xF8, 0x38, 0xFC, 0x38, 0x1E, 0x38, 0x0F, 0x38, 0x07, 0x38, 0x07, 0x38,
    0x07, 0xFF, 0xC7, 0xFF, 0xC7, 0x38, 0x07, 0x38, 0x07, 0x38, 0x07, 0x38, 0x0F, 0x38, 0x1E, 0x38,
    0xFC, 0x3F, 0xF8, 0x3F, 0xF0, 0x00, 0x70, 0x0F, 0xF0, 0x3F, 0xC0, 0x1C, 0x1F, 0xF1, 0xFF, 0xC7,
    0xDF, 0x3C, 0x3C, 0xE0, 0x73, 0x81, 0xCE, 0x07, 0x38, 0x1C, 0xE0, 0x73, 0x81, 0xCF, 0x0F, 0x1F,
    0x7C, 0x7F, 0xF0, 0x7F, 0xC0, 0x3F, 0x87, 0xF0, 0x00, 0x00, 0x00, 0x01, 0xFF, 0xFF, 0xFF, 0x00,
    0xE0, 0x1C, 0x03, 0x80, 0x70, 0x0E, 0x01, 0xFF, 0xFF, 0xFF, 0x00, 0xE0, 0x1C, 0x03, 0x80, 0x70,
    0x0E, 0x01, 0xFF, 0xFF, 0xF8, 0x1F, 0xC1, 0xFC, 0x00, 0x00, 0x00, 0x1F, 0x83, 0xFC, 0x7D, 0xEF,
    0x07, 0xE0, 0x7E, 0x03, 0xFF, 0xFF, 0xFF, 0xE0, 0x0E, 0x00, 0xE0, 0x77, 0xDF, 0x3F, 0xE1, 0xFC,
    0x0E, 0x01, 0xC0, 0x00, 0x00, 0x00, 0x01, 0xFF, 0xFF, 0xFF, 0x00, 0xE0, 0x1C, 0x03, 0x80, 0x70,
    0x0E, 0x01, 0xFF, 0xFF, 0xFF, 0x00, 0xE0, 0x1C, 0x03, 0x80, 0x70, 0x0E, 0x01, 0xFF, 0xFF, 0xF8,
    0x07, 0x00, 0x70, 0x00, 0x00, 0x00, 0x1F, 0x83, 0xFC, 0x7F, 0xEF, 0x0F, 0xE0, 0x7E, 0x07, 0xFF,
    0xFF, 0xFF, 0xE0, 0x0E, 0x00, 0xE0, 0x77, 0xDE, 0x3F, 0xE1, 0xF8, 0xFF, 0xE7, 0xFF, 0x38, 0x01,
    0xC0, 0x0E, 0x00, 0x70, 0x03, 0x80, 0x1C, 0x00, 0xFF, 0xE7, 0xFF, 0x38, 0x01, 0xC0, 0x0E, 0x00,
    0x70, 0x03, 0x80, 0x1C, 0x00, 0xFF, 0xE7, 0xFF, 0x00, 0x18, 0x01, 0xC0, 0x0E, 0x00, 0x78, 0x07,
    0xC0, 0x1E, 0x00, 0x00, 0x1F, 0x83, 0xFC, 0x7F, 0xEF, 0x07, 0xE0, 0x7E, 0x07, 0xFF, 0xFF, 0xFF,
    0xE0, 0x0E, 0x00, 0xE0, 0x77, 0xDF, 0x3F, 0xE1, 0xFC, 0x03, 0x80, 0x38, 0x07, 0xC0, 0x3E, 0x03,
    0xE0, 0x00, 0x31, 0x87, 0x70, 0x7C, 0x07, 0x80, 0x00, 0x00, 0x3F, 0xFF, 0xFF, 0xE0, 0x1C, 0x03,
    0x80, 0x70, 0x0E, 0x01, 0xC0, 0x3F, 0xFF, 0xFF, 0xE0, 0x1C, 0x03, 0x80, 0x70, 0x0E, 0x01, 0xC0,
    0x3F, 0xFF, 0xFF, 0x19, 0xC1, 0xF8, 0x0F, 0x00, 0x00, 0x1F, 0x83, 0xFC, 0x7F, 0xEF, 0x0F, 0xE0,
    0x7E, 0x07, 0xFF, 0xFF, 0xFF, 0xE0, 0x0E, 0x00, 0xE0, 0x77, 0x9E, 0x3F, 0xE1, 0xF8, 0x03, 0xC0,
    0x07, 0xC0, 0x06, 0xE0, 0x0E, 0x60, 0x00, 0x00, 0x00, 0x00, 0x0F, 0xF0, 0x1F, 0xF8, 0x3E, 0x7C,
    0x78, 0x1E, 0x70, 0x0E, 0xE0, 0x0E, 0xE0, 0x00, 0xE0, 0x00, 0xE1, 0xFF, 0xE1, 0xFF, 0xE0, 0x0F,
    0xE0, 0x0F, 0xE0, 0x0F, 0xF0, 0x1F, 0x78, 0x1F, 0x3E, 0xFF, 0x1F, 0xF7, 0x0F, 0xE7, 0x0F, 0x01,
    0xF8, 0x1D, 0x83, 0x9C, 0x00, 0x01, 0xFF, 0x7F, 0xF7, 0x9F, 0xE0, 0xFE, 0x07, 0xE0, 0x7E, 0x07,
    0xE0, 0x7E, 0x07, 0xE0, 0x77, 0x9F, 0x7F, 0xF1, 0xFF, 0x00, 0x7E, 0x07, 0x79, 0xF7, 0xFE, 0x1F,
    0xC0, 0x0C, 0x60, 0x0E, 0xE0, 0x0F, 0xE0, 0x07, 0xC0, 0x00, 0x00, 0x00, 0x00, 0x0F, 0xF0, 0x1F,
    0xF8, 0x3E, 0x7C, 0x78, 0x1E, 0x70, 0x0E, 0xE0, 0x0E, 0xE0, 0x00, 0xE0, 0x00, 0xE1, 0xFF, 0xE1,
    0xFF, 0xE0, 0x0F, 0xE0, 0x0F, 0xE0, 0x0F, 0xF0, 0x1F, 0x78, 0x1F, 0x3E, 0xFF, 0x1F, 0xF7, 0x0F,
    0xE7, 0x3B, 0x83, 0xF8, 0x1F, 0x00, 0x00, 0x00, 0x01, 0xFF, 0x7F, 0xF7, 0x9F, 0xE0, 0xFE, 0x07,
    0xE0, 0x7E, 0x07, 0xE0, 0x7E, 0x07, 0xE0, 0x77, 0x9F, 0x7F, 0xF1, 0xFF, 0x00, 0x7E, 0x07, 0x7B,
    0xF7, 0xFE, 0x1F, 0xC0, 0x00, 0x00, 0x03, 0x80, 0x03, 0x80, 0x00, 0x00, 0x00, 0x00, 0x00, 0x00,
    0x0F, 0xF0, 0x1F, 0xF8, 0x3E, 0x7C, 0x78, 0x1E, 0x70, 0x0E, 0xE0, 0x0E, 0xE0, 0x00, 0xE0, 0x00,
    0xE0, 0xFF, 0xE0, 0xFF, 0xE0, 0x0F, 0xE0, 0x0F, 0xE0, 0x0F, 0xF0, 0x1F, 0x78, 0x1F, 0x3E, 0xFF,
    0x1F, 0xF7, 0x0F, 0xE7, 0x0E, 0x00, 0xE0, 0x00, 0x00, 0x00, 0x1F, 0x77, 0xFF, 0x7B, 0xFE, 0x0F,
    0xE0, 0x7E, 0x07, 0xE0, 0x7E, 0x07, 0xE0, 0x7E, 0x0F, 0x79, 0xF7, 0xFF, 0x1F, 0xF0, 0x07, 0xE0,
    0x77, 0xBF, 0x7F, 0xE1, 0xFC, 0x0F, 0xF0, 0x1F, 0xF8, 0x3E, 0x7C, 0x78, 0x1E, 0x70, 0x0E, 0xE0,
    0x0E, 0xE0, 0x00, 0xE0, 0x00, 0xE0, 0x00, 0xE0, 0xFF, 0xE0, 0xFF, 0xE0, 0x0F, 0xE0, 0x0F, 0xF0,
    0x0F, 0x78, 0x1F, 0x3E, 0xFF, 0x1F, 0xF7, 0x0F, 0xE7, 0x00, 0x00, 0x00, 0x00, 0x01, 0xC0, 0x01,
    0xC0, 0x01, 0x80, 0x01, 0x80, 0x03, 0x00, 0x03, 0x00, 0x60, 0x06, 0x00, 0xE0, 0x0E, 0x00, 0x00,
    0x00, 0x01, 0xFF, 0x7F, 0xF7, 0x9F, 0xE0, 0xFE, 0x07, 0xE0, 0x7E, 0x07, 0xE0, 0x7E, 0x07, 0xE0,
    0x77, 0x9F, 0x7F, 0xF1, 0xFF, 0x00, 0x7E, 0x07, 0x79, 0xF7, 0xFE, 0x1F, 0xC0, 0x07, 0x00, 0x3E,
    0x00, 0xD8, 0x07, 0x70, 0x00, 0x00, 0x00, 0x0E, 0x01, 0xF8, 0x07, 0xE0, 0x1F, 0x80, 0x7E, 0x01,
    0xF8, 0x07, 0xE0, 0x1F, 0xFF, 0xFF, 0xFF, 0xFF, 0xFF, 0xE0, 0x1F, 0x80, 0x7E, 0x01, 0xF8, 0x07,
    0xE0, 0x1F, 0x80, 0x7E, 0x01, 0xF8, 0x07, 0x3C, 0x01, 0xF8, 0x07, 0x60, 0x19, 0x80, 0x00, 0x00,
    0x70, 0x01, 0xC0, 0x07, 0x00, 0x1C, 0x00, 0x7F, 0xC1, 0xFF, 0x87, 0xDE, 0x1C, 0x38, 0x70, 0xF1,
    0xC1, 0xC7, 0x07, 0x1C, 0x1C, 0x70, 0x71, 0xC1, 0xC7, 0x07, 0x1C, 0x1C, 0x70, 0x71, 0xC1, 0xC0,
    0x38, 0x07, 0x1C, 0x03, 0xBF, 0xFF, 0xFF, 0xFF, 0xF3, 0x80, 0x71, 0xC0, 0x38, 0xE0, 0x1C, 0x70,
    0x0E, 0x3F, 0xFF, 0x1F, 0xFF, 0x8E, 0x01, 0xC7, 0x00, 0xE3, 0x80, 0x71, 0xC0, 0x38, 0xE0, 0x1C,
    0x70, 0x0E, 0x38, 0x07, 0x1C, 0x03, 0x80, 0x38, 0x07, 0xF8, 0x3F, 0xC0, 0x70, 0x03, 0xFE, 0x1F,
    0xF8, 0xFB, 0xC7, 0x0E, 0x38, 0x79, 0xC1, 0xCE, 0x0E, 0x70, 0x73, 0x83, 0x9C, 0x1C, 0xE0, 0xE7,
    0x07, 0x38, 0x39, 0xC1, 0xC0, 0x01, 0xBE, 0xDF, 0xE9, 0xE0, 0x00, 0x00, 0x70, 0x38, 0x1C, 0x0E,
    0x07, 0x03, 0x81, 0xC0, 0xE0, 0x70, 0x38, 0x1C, 0x0E, 0x07, 0x03, 0x81, 0xC0, 0xE0, 0x70, 0x38,
    0x01, 0xBE, 0xDF, 0xC8, 0x80, 0x00, 0xE0, 0x70, 0x38, 0x1C, 0x0E, 0x07, 0x03, 0x81, 0xC0, 0xE0,
    0x70, 0x38, 0x1C, 0x0E, 0x07, 0x00, 0xFF, 0xFC, 0x00, 0x00, 0x07, 0x0E, 0x1C, 0x38, 0x70, 0xE1,
    0xC3, 0x87, 0x0E, 0x1C, 0x38, 0x70, 0xE1, 0xC3, 0x87, 0x0E, 0x00, 0xFF, 0xFC, 0x00, 0x03, 0x87,
    0x0E, 0x1C, 0x38, 0x70, 0xE1, 0xC3, 0x87, 0x0E, 0x1C, 0x38, 0x70, 0x73, 0x9C, 0xE7, 0x39, 0xCE,
    0x73, 0x9C, 0xE7, 0x39, 0xCE, 0x73, 0x9C, 0xCE, 0x73, 0xFF, 0x00, 0x73, 0x80, 0x07, 0x39, 0xCE,
    0x73, 0x9C, 0xE7, 0x39, 0xCE, 0x73, 0x9C, 0xCE, 0x73, 0xFF, 0x00, 0xFC, 0x01, 0xFF, 0xFF, 0xFF,
    0xFF, 0xFF, 0xFF, 0xF8, 0xFF, 0xFF, 0xFF, 0xFF, 0xFF, 0xC0, 0xE0, 0x03, 0xF0, 0x01, 0xF8, 0x00,
    0xFC, 0x00, 0x7E, 0x00, 0x3F, 0x00, 0x1F, 0x80, 0x0F, 0xC0, 0x07, 0xE0, 0x03, 0xF0, 0x01, 0xF8,
    0x00, 0xFC, 0x60, 0x7E, 0x70, 0x3F, 0x1C, 0x1F, 0x8E, 0x0F, 0xC7, 0xDE, 0xE1, 0xFF, 0x70, 0x7F,
    0x00, 0xE3, 0xF1, 0xC0, 0x00, 0x0E, 0x3F, 0x1F, 0x8F, 0xC7, 0xE3, 0xF1, 0xF8, 0xFC, 0x7E, 0x3F,
    0x1F, 0x8F, 0xC7, 0xE3, 0xF1, 0xC0, 0xE0, 0xF1, 0xF0, 0xF8, 0x00, 0xF0, 0x03, 0xE0, 0x1D, 0x80,
    0x67, 0x00, 0x00, 0x00, 0x00, 0x07, 0x00, 0x1C, 0x00, 0x70, 0x01, 0xC0, 0x07, 0x00, 0x1C, 0x00,
    0x70, 0x01, 0xC0, 0x07, 0x00, 0x1C, 0x00, 0x73, 0x01, 0xCE, 0x0E, 0x38, 0x38, 0xE0, 0xE1, 0xEF,
    0x87, 0xFC, 0x07, 0xE0, 0x3C, 0x3E, 0x76, 0x67, 0x00, 0x1C, 0x1C, 0x1C, 0x1C, 0x1C, 0x1C, 0x1C,
    0x1C, 0x1C, 0x1C, 0x1C, 0x1C, 0x1C, 0x1C, 0x1C, 0x3C, 0xF8, 0xF8, 0xE0, 0x77, 0x07, 0xB8, 0x79,
    0xC7, 0x8E, 0x78, 0x73, 0x83, 0xB8, 0x1F, 0x80, 0xFE, 0x07, 0xF0, 0x3D, 0xC1, 0xCF, 0x0E, 0x38,
    0x70, 0xE3, 0x87, 0x9C, 0x1E, 0xE0, 0x77, 0x01, 0xC0, 0x00, 0x00, 0x00, 0x70, 0x03, 0x80, 0x18,
    0x00, 0xC0, 0x0C, 0x00, 0xE0, 0x0E, 0x00, 0xE0, 0x0E, 0x00, 0xE1, 0xEE, 0x3C, 0xE3, 0x8E, 0x70,
    0xEE, 0x0F, 0xE0, 0xFE, 0x0F, 0xE0, 0xF7, 0x0E, 0x78, 0xE3, 0x8E, 0x1C, 0xE1, 0xEE, 0x0E, 0x00,
    0x00, 0x00, 0x0E, 0x00, 0xE0, 0x0C, 0x00, 0xC0, 0x18, 0x00, 0x70, 0x0E, 0x03, 0x80, 0x00, 0x00,
    0x01, 0xC0, 0x38, 0x07, 0x00, 0xE0, 0x1C, 0x03, 0x80, 0x70, 0x0E, 0x01, 0xC0, 0x38, 0x07, 0x00,
    0xE0, 0x1C, 0x03, 0x80, 0x70, 0x0F, 0xFF, 0xFF, 0xFF, 0xF8, 0x73, 0x38, 0x0E, 0x73, 0x9C, 0xE7,
    0x39, 0xCE, 0x73, 0x9C, 0xE7, 0x39, 0xCF, 0x78, 0xE0, 0x1C, 0x03, 0x80, 0x70, 0x0E, 0x01, 0xC0,
    0x38, 0x07, 0x00, 0xE0, 0x1C, 0x03, 0x80, 0x70, 0x0E, 0x01, 0xC0, 0x38, 0x07, 0xFF, 0xFF, 0xFF,
    0xFC, 0x00, 0x00, 0x00, 0xE0, 0x1C, 0x01, 0x80, 0x70, 0x0C, 0x00, 0xEE, 0xEE, 0xEE, 0xEE, 0xEE,
    0xEE, 0xEE, 0xEE, 0xFF, 0x00, 0x77, 0x66, 0xC0, 0xE0, 0xFC, 0x1F, 0x83, 0x70, 0x6E, 0x0D, 0xC3,
    0xB8, 0x77, 0x00, 0xE0, 0x1C, 0x03, 0x80, 0x70, 0x0E, 0x01, 0xC0, 0x38, 0x07, 0xFF, 0xFF, 0xFF,
    0xFC, 0xEF, 0xDB, 0xB7, 0x6F, 0xDF, 0xBF, 0x70, 0xE1, 0xC3, 0x87, 0x0E, 0x1C, 0x38, 0x70, 0xF1,
    0xE0, 0x38, 0x01, 0xC0, 0x0E, 0x00, 0x70, 0x03, 0x80, 0x1C, 0x80, 0xFC, 0x07, 0xE0, 0x7C, 0x07,
    0xC0, 0x3E, 0x00, 0x70, 0x03, 0x80, 0x1C, 0x00, 0xE0, 0x07, 0xFF, 0x3F, 0xF9, 0xFF, 0xC0, 0x38,
    0xE3, 0x8E, 0x38, 0xF3, 0xDF, 0xFB, 0xE3, 0x8E, 0x38, 0xE3, 0x8E, 0x3C, 0xF0, 0x01, 0xC0, 0x07,
    0x00, 0x38, 0x00, 0x00, 0x00, 0x03, 0xC0, 0x7F, 0x01, 0xFE, 0x07, 0xF8, 0x1F, 0xF0, 0x7F, 0xE1,
    0xFB, 0x87, 0xE7, 0x1F, 0x9C, 0x7E, 0x39, 0xF8, 0xE7, 0xE1, 0xDF, 0x87, 0x7E, 0x0F, 0xF8, 0x3F,
    0xE0, 0x7F, 0x80, 0xFE, 0x03, 0xC0, 0x07, 0x00, 0xC0, 0x38, 0x00, 0x0F, 0xF9, 0xFF, 0xBE, 0xF7,
    0x0E, 0xE1, 0xFC, 0x1F, 0x83, 0xF0, 0x7E, 0x0F, 0xC1, 0xF8, 0x3F, 0x07, 0xE0, 0xFC, 0x1C, 0xF0,
    0x1F, 0xC0, 0x7F, 0x81, 0xFE, 0x07, 0xFC, 0x1F, 0xF8, 0x7E, 0xE1, 0xF9, 0xC7, 0xE7, 0x1F, 0x8E,
    0x7E, 0x39, 0xF8, 0x77, 0xE1, 0xDF, 0x83, 0xFE, 0x0F, 0xF8, 0x1F, 0xE0, 0x3F, 0x80, 0xF0, 0x00,
    0x00, 0x00, 0x03, 0x80, 0x0E, 0x00, 0x30, 0x00, 0xC0, 0x06, 0x00, 0xFF, 0x9F, 0xFB, 0xEF, 0x70,
    0xEE, 0x1F, 0xC1, 0xF8, 0x3F, 0x07, 0xE0, 0xFC, 0x1F, 0x83, 0xF0, 0x7E, 0x0F, 0xC1, 0xC0, 0x00,
    0x00, 0x0E, 0x01, 0xC0, 0x30, 0x06, 0x01, 0x80, 0x0C, 0x60, 0x3B, 0x80, 0x7C, 0x01, 0xE0, 0x00,
    0x00, 0x00, 0x0F, 0x01, 0xFC, 0x07, 0xF8, 0x1F, 0xE0, 0x7F, 0xC1, 0xFF, 0x87, 0xEE, 0x1F, 0x9C,
    0x7E, 0x71, 0xF8, 0xE7, 0xE3, 0x9F, 0x87, 0x7E, 0x1D, 0xF8, 0x3F, 0xE0, 0xFF, 0x81, 0xFE, 0x03,
    0xF8, 0x0F, 0x33, 0x03, 0xE0, 0x78, 0x07, 0x00, 0x01, 0xFF, 0x3F, 0xF7, 0xDE, 0xE1, 0xDC, 0x3F,
    0x83, 0xF0, 0x7E, 0x0F, 0xC1, 0xF8, 0x3F, 0x07, 0xE0, 0xFC, 0x1F, 0x83, 0x80, 0xF0, 0x1F, 0xC0,
    0x7F, 0x81, 0xFE, 0x07, 0xFC, 0x1F, 0xF8, 0x7E, 0xE1, 0xF9, 0xC7, 0xE7, 0x1F, 0x8E, 0x7E, 0x39,
    0xF8, 0x77, 0xE1, 0xDF, 0x83, 0xFE, 0x0F, 0xF8, 0x1F, 0xE0, 0x3F, 0x80, 0xF0, 0x01, 0xC0, 0x07,
    0x01, 0xFC, 0x07, 0xE0, 0xFF, 0x9F, 0xFB, 0xEF, 0x70, 0xEE, 0x1F, 0xC1, 0xF8, 0x3F, 0x07, 0xE0,
    0xFC, 0x1F, 0x83, 0xF0, 0x7E, 0x0F, 0xC1, 0xC0, 0x38, 0x0E, 0x0F, 0xC1, 0xF0, 0x00, 0x00, 0x03,
    0xF8, 0x01, 0xFC, 0x00, 0x00, 0x00, 0x00, 0x00, 0x00, 0x00, 0x3F, 0xC0, 0x3F, 0xF8, 0x3E, 0x7E,
    0x3C, 0x0F, 0x3C, 0x03, 0xDC, 0x00, 0xEE, 0x00, 0x77, 0x00, 0x1B, 0x80, 0x0F, 0xC0, 0x07, 0xE0,
    0x03, 0x70, 0x03, 0xB8, 0x01, 0xDE, 0x01, 0xE7, 0x81, 0xE1, 0xF3, 0xF0, 0x7F, 0xF0, 0x1F, 0xE0,
    0x1F, 0xC0, 0xFE, 0x00, 0x00, 0x00, 0x01, 0xF8, 0x1F, 0xF1, 0xF7, 0x9E, 0x0E, 0xE0, 0x77, 0x03,
    0xB8, 0x0F, 0xC0, 0x7E, 0x07, 0x70, 0x3B, 0xC1, 0xCF, 0xBC, 0x3F, 0xE0, 0xFC, 0x00, 0x03, 0xF8,
    0x01, 0xF8, 0x01, 0xD8, 0x00, 0x00, 0x00, 0x00, 0x00, 0x00, 0x00, 0x3F, 0xC0, 0x3F, 0xF8, 0x3E,
    0x7E, 0x3C, 0x0F, 0x3C, 0x03, 0xDC, 0x00, 0xEE, 0x00, 0x77, 0x00, 0x1B, 0x80, 0x0F, 0xC0, 0x07,
    0xE0, 0x03, 0x70, 0x03, 0xB8, 0x01, 0xDE, 0x01, 0xE7, 0x81, 0xE1, 0xF3, 0xF0, 0x7F, 0xF0, 0x1F,
    0xE0, 0x0F, 0xE0, 0x7E, 0x07, 0x60, 0x00, 0x01, 0xF8, 0x1F, 0xF1, 0xF7, 0x9E, 0x0E, 0xE0, 0x77,
    0x03, 0xB8, 0x0F, 0xC0, 0x7E, 0x07, 0x70, 0x3B, 0xC1, 0xCF, 0xBC, 0x3F, 0xE0, 0xFC, 0x00, 0x0F,
    0xF3, 0xFF, 0x8F, 0xFF, 0xFF, 0xCF, 0xDF, 0xE0, 0x0F, 0x03, 0xF0, 0x07, 0x00, 0xF8, 0x07, 0x00,
    0x3C, 0x03, 0x80, 0x1E, 0x01, 0xC0, 0x0F, 0xFE, 0xE0, 0x03, 0xFF, 0x70, 0x01, 0xC0, 0x38, 0x01,
    0xE0, 0x1C, 0x00, 0xF0, 0x0E, 0x00, 0x78, 0x03, 0x80, 0x7C, 0x01, 0xE0, 0x7E, 0x00, 0x7E, 0xFF,
    0x00, 0x1F, 0xFB, 0xFF, 0x87, 0xF9, 0xFF, 0xC0, 0x1F, 0x87, 0xE0, 0xFF, 0xBF, 0xC7, 0xDF, 0xFF,
    0xBC, 0x1F, 0x0F, 0xE0, 0x78, 0x1F, 0x81, 0xE0, 0x7E, 0x03, 0xFF, 0xF8, 0x0F, 0xFF, 0xE0, 0x78,
    0x03, 0x81, 0xE0, 0x0F, 0x07, 0x81, 0xDF, 0x7F, 0xDE, 0x3F, 0xEF, 0xF8, 0x7E, 0x1F, 0x80, 0x03,
    0x80, 0x0E, 0x00, 0x70, 0x00, 0x00, 0x00, 0x03, 0xFF, 0x0F, 0xFF, 0x38, 0x7E, 0xE0, 0x3B, 0x80,
    0xEE, 0x03, 0xB8, 0x0E, 0xE0, 0x3B, 0x83, 0xCF, 0xFE, 0x3F, 0xFC, 0xE0, 0x7B, 0x80, 0xEE, 0x03,
    0xB8, 0x0E, 0xE0, 0x3B, 0x80, 0x6E, 0x01, 0x80, 0x1C, 0x30, 0xE0, 0x0F, 0xFF, 0xFE, 0x70, 0xE1,
    0xC3, 0x87, 0x0E, 0x1C, 0x38, 0x70, 0xE1, 0xC0, 0xFF, 0xC3, 0xFF, 0xCE, 0x1F, 0xB8, 0x0E, 0xE0,
    0x3B, 0x80, 0xEE, 0x03, 0xB8, 0x0E, 0xE0, 0xF3, 0xFF, 0x8F, 0xFF, 0x38, 0x1E, 0xE0, 0x3B, 0x80,
    0xEE, 0x03, 0xB8, 0x0E, 0xE0, 0x1B, 0x80, 0x60, 0x00, 0x00, 0x00, 0x07, 0x00, 0x1C, 0x00, 0x60,
    0x01, 0x80, 0x0C, 0x00, 0x7F, 0x7F, 0x7C, 0x70, 0x70, 0x70, 0x70, 0x70, 0x70, 0x70, 0x70, 0x70,
    0x70, 0x70, 0x00, 0x00, 0x70, 0x70, 0x60, 0x60, 0xC0, 0x18, 0xC0, 0x77, 0x00, 0xF8, 0x03, 0xC0,
    0x00, 0x00, 0x00, 0x0F, 0xFC, 0x3F, 0xFC, 0xE1, 0xFB, 0x80, 0xEE, 0x03, 0xB8, 0x0E, 0xE0, 0x3B,
    0x80, 0xEE, 0x0F, 0x3F, 0xF8, 0xFF, 0xF3, 0x81, 0xEE, 0x03, 0xB8, 0x0E, 0xE0, 0x3B, 0x80, 0xEE,
    0x01, 0xB8, 0x06, 0xE7, 0x7E, 0x3C, 0x1C, 0x00, 0x7F, 0x7F, 0x7C, 0x70, 0x70, 0x70, 0x70, 0x70,
    0x70, 0x70, 0x70, 0x70, 0x70, 0x70, 0x01, 0xC0, 0x0E, 0x00, 0x38, 0x00, 0x00, 0x00, 0x00, 0x00,
    0x01, 0xFE, 0x0F, 0xFC, 0x7D, 0xF9, 0xC0, 0xE7, 0x01, 0xDC, 0x07, 0x78, 0x01, 0xFC, 0x01, 0xFE,
    0x01, 0xFE, 0x00, 0xFC, 0x00, 0x7E, 0x01, 0xDC, 0x07, 0x70, 0x1C, 0xFB, 0xF3, 0xFF, 0x83, 0xFC,
    0x03, 0x80, 0x70, 0x06, 0x00, 0x00, 0x1F, 0x83, 0xFC, 0x7B, 0xE7, 0x0E, 0x70, 0x67, 0x80, 0x7F,
    0x81, 0xFC, 0x03, 0xEE, 0x0F, 0xF0, 0x77, 0xDE, 0x7F, 0xE1, 0xFC, 0x07, 0x80, 0x3F, 0x00, 0xDC,
    0x07, 0x38, 0x00, 0x00, 0x00, 0x01, 0xFE, 0x0F, 0xFC, 0x7D, 0xF9, 0xC0, 0xE7, 0x01, 0xDC, 0x07,
    0x78, 0x01, 0xFC, 0x01, 0xFE, 0x01, 0xFE, 0x00, 0xFC, 0x00, 0x7E, 0x01, 0xDC, 0x07, 0x70, 0x1C,
    0xFB, 0xF3, 0xFF, 0x83, 0xFC, 0x0F, 0x01, 0xF8, 0x39, 0x80, 0x00, 0x00, 0x01, 0xF8, 0x3F, 0xC7,
    0xBE, 0x70, 0xE7, 0x06, 0x78, 0x07, 0xF8, 0x1F, 0xC0, 0x3E, 0xE0, 0xFF, 0x07, 0x7D, 0xE7, 0xFE,
    0x1F, 0xC0, 0x1F, 0xE0, 0xFF, 0xC7, 0xDF, 0x9C, 0x0E, 0x70, 0x1D, 0xC0, 0x77, 0x80, 0x1F, 0xC0,
    0x1F, 0xE0, 0x1F, 0xE0, 0x0F, 0xC0, 0x07, 0xE0, 0x1D, 0xC0, 0x77, 0x01, 0xCF, 0xBF, 0x3F, 0xF8,
    0x3F, 0xC0, 0x38, 0x00, 0xF0, 0x00, 0xC0, 0x37, 0x00, 0xFC, 0x01, 0xE0, 0x00, 0x00, 0x1F, 0x83,
    0xFC, 0x7B, 0xE7, 0x0E, 0x70, 0x67, 0x80, 0x7F, 0x81, 0xFC, 0x03, 0xEE, 0x0F, 0xF0, 0x77, 0xDE,
    0x7F, 0xE1, 0xFC, 0x0E, 0x00, 0xF8, 0x03, 0x81, 0xB8, 0x1F, 0x80, 0xF0, 0x00, 0x00, 0x1C, 0xE0,
    0x3F, 0x00, 0x78, 0x01, 0xE0, 0x00, 0x00, 0x00, 0x01, 0xFE, 0x0F, 0xFC, 0x7D, 0xF9, 0xC0, 0xE7,
    0x01, 0xDC, 0x07, 0x78, 0x01, 0xFC, 0x01, 0xFE, 0x01, 0xFE, 0x00, 0xFC, 0x00, 0x7E, 0x01, 0xDC,
    0x07, 0x70, 0x1C, 0xFB, 0xF3, 0xFF, 0x83, 0xFC, 0x39, 0x81, 0xF8, 0x0F, 0x00, 0x00, 0x00, 0x01,
    0xF8, 0x3F, 0xC7, 0xBE, 0x70, 0xE7, 0x06, 0x78, 0x07, 0xF8, 0x1F, 0xC0, 0x3E, 0xE0, 0xFF, 0x07,
    0x7D, 0xE7, 0xFE, 0x1F, 0xC0, 0xFF, 0xFF, 0xFF, 0xC1, 0xC0, 0x0E, 0x00, 0x70, 0x03, 0x80, 0x1C,
    0x00, 0xE0, 0x07, 0x00, 0x38, 0x01, 0xC0, 0x0E, 0x00, 0x70, 0x03, 0x80, 0x1C, 0x00, 0xE0, 0x07,
    0x00, 0x38, 0x01, 0x80, 0x0F, 0x00, 0x18, 0x0F, 0xC0, 0x3E, 0x01, 0xE0, 0x38, 0x38, 0x38, 0xFF,
    0xFF, 0x38, 0x38, 0x38, 0x38, 0x38, 0x38, 0x38, 0x38, 0x38, 0x38, 0x3F, 0x1F, 0x18, 0x1E, 0x06,
    0x7E, 0x7E, 0x3C, 0x1C, 0xC0, 0x6E, 0x03, 0xE0, 0x0F, 0x00, 0x00, 0x00, 0x03, 0xFF, 0xFF, 0xFF,
    0x07, 0x00, 0x38, 0x01, 0xC0, 0x0E, 0x00, 0x70, 0x03, 0x80, 0x1C, 0x00, 0xE0, 0x07, 0x00, 0x38,
    0x01, 0xC0, 0x0E, 0x00, 0x70, 0x03, 0x80, 0x1C, 0x00, 0xE0, 0x01, 0xC0, 0xE3, 0x38, 0xEE, 0x3B,
    0x3F, 0xCF, 0xF0, 0xE0, 0x38, 0x0E, 0x03, 0x80, 0xE0, 0x38, 0x0E, 0x03, 0x80, 0xE0, 0x38, 0x0F,
    0xC1, 0xF0, 0xFF, 0xFF, 0xFF, 0xC1, 0xC0, 0x0E, 0x00, 0x70, 0x03, 0x80, 0x1C, 0x00, 0xE0, 0x3F,
    0xF1, 0xFF, 0x81, 0xC0, 0x0E, 0x00, 0x70, 0x03, 0x80, 0x1C, 0x00, 0xE0, 0x07, 0x00, 0x38, 0x00,
    0x38, 0x38, 0x38, 0xFF, 0xFF, 0x38, 0x38, 0x38, 0x38, 0xFF, 0xFF, 0x38, 0x38, 0x38, 0x38, 0x3F,
    0x1F, 0x1F, 0xE0, 0x7F, 0x01, 0x3C, 0x00, 0x00, 0x00, 0x00, 0x00, 0x0E, 0x01, 0xF8, 0x07, 0xE0,
    0x1F, 0x80, 0x7E, 0x01, 0xF8, 0x07, 0xE0, 0x1F, 0x80, 0x7E, 0x01, 0xF8, 0x07, 0xE0, 0x1F, 0x80,
    0x7E, 0x01, 0xB8, 0x0E, 0xF0, 0x39, 0xF7, 0xC3, 0xFF, 0x07, 0xF0, 0x01, 0x8F, 0xF1, 0xFC, 0x22,
    0x00, 0x01, 0x81, 0xF0, 0x3E, 0x07, 0xC0, 0xF8, 0x1F, 0x03, 0xE0, 0x7C, 0x0F, 0x81, 0xF0, 0x7F,
    0x0F, 0xF7, 0xEF, 0xFC, 0xFB, 0x80, 0x00, 0x00, 0x7F, 0x01, 0xFC, 0x00, 0x00, 0x00, 0x00, 0x00,
    0x0E, 0x01, 0xF8, 0x07, 0xE0, 0x1F, 0x80, 0x7E, 0x01, 0xF8, 0x07, 0xE0, 0x1F, 0x80, 0x7E, 0x01,
    0xF8, 0x07, 0xE0, 0x1F, 0x80, 0x7E, 0x01, 0xB8, 0x0E, 0xF0, 0x39, 0xF7, 0xC3, 0xFF, 0x07, 0xF0,
    0x3F, 0x87, 0xF0, 0x00, 0x00, 0x0E, 0x0F, 0xC1, 0xF8, 0x3F, 0x07, 0xE0, 0xFC, 0x1F, 0x83, 0xF0,
    0x7E, 0x0F, 0xC3, 0xF8, 0x7F, 0xFF, 0x7F, 0xE7, 0xDC, 0x18, 0xC0, 0x77, 0x01, 0xFC, 0x03, 0xE0,
    0x00, 0x00, 0x00, 0x0E, 0x01, 0xF8, 0x07, 0xE0, 0x1F, 0x80, 0x7E, 0x01, 0xF8, 0x07, 0xE0, 0x1F,
    0x80, 0x7E, 0x01, 0xF8, 0x07, 0xE0, 0x1F, 0x80, 0x7E, 0x01, 0xB8, 0x0E, 0xF0, 0x39, 0xF7, 0xC3,
    0xFF, 0x07, 0xF0, 0x33, 0x87, 0xF0, 0x7C, 0x00, 0x00, 0x01, 0xC1, 0xF8, 0x3F, 0x07, 0xE0, 0xFC,
    0x1F, 0x83, 0xF0, 0x7E, 0x0F, 0xC1, 0xF8, 0x7F, 0x0F, 0xF3, 0xEF, 0xFC, 0xFB, 0x80, 0x07, 0x80,
    0x1E, 0x00, 0xD8, 0x01, 0xE0, 0x07, 0x80, 0x00, 0x00, 0x00, 0x38, 0x07, 0xE0, 0x1F, 0x80, 0x7E,
    0x01, 0xF8, 0x07, 0xE0, 0x1F, 0x80, 0x7E, 0x01, 0xF8, 0x07, 0xE0, 0x1F, 0x80, 0x7E, 0x01, 0xF8,
    0x06, 0xE0, 0x3B, 0xC0, 0xE7, 0xDF, 0x0F, 0xFC, 0x1F, 0xC0, 0x1E, 0x03, 0xC0, 0xD8, 0x0F, 0x01,
    0xE0, 0x00, 0x38, 0x3F, 0x07, 0xE0, 0xFC, 0x1F, 0x83, 0xF0, 0x7E, 0x0F, 0xC1, 0xF8, 0x3F, 0x0F,
    0xE1, 0xFF, 0xFD, 0xFF, 0x9F, 0x70, 0x07, 0xE0, 0x3B, 0x00, 0xFC, 0x00, 0x00, 0x00, 0x00, 0x00,
    0x0E, 0x01, 0xF8, 0x07, 0xE0, 0x1F, 0x80, 0x7E, 0x01, 0xF8, 0x07, 0xE0, 0x1F, 0x80, 0x7E, 0x01,
    0xF8, 0x07, 0xE0, 0x1F, 0x80, 0x7E, 0x01, 0xB8, 0x0E, 0xF0, 0x39, 0xF7, 0xC3, 0xFF, 0x07, 0xF0,
    0x1F, 0xC3, 0xF0, 0xEC, 0x00, 0x0E, 0x0F, 0xC1, 0xF8, 0x3F, 0x07, 0xE0, 0xFC, 0x1F, 0x83, 0xF0,
    0x7E, 0x0F, 0xC3, 0xF8, 0x7F, 0xFF, 0x7F, 0xE7, 0xDC, 0xE0, 0x1F, 0x80, 0x7E, 0x01, 0xF8, 0x07,
    0xE0, 0x1F, 0x80, 0x7E, 0x01, 0xF8, 0x07, 0xE0, 0x1F, 0x80, 0x7E, 0x01, 0xF8, 0x07, 0xE0, 0x1B,
    0x80, 0xEF, 0x03, 0x9F, 0x7C, 0x3F, 0xF0, 0x7F, 0x00, 0x18, 0x00, 0xE0, 0x03, 0xC0, 0x1F, 0x00,
    0x3C, 0x00, 0x00, 0xE0, 0xEE, 0x0E, 0xE0, 0xEE, 0x0E, 0xE0, 0xEE, 0x0E, 0xE0, 0xEE, 0x0E, 0xE0,
    0xEE, 0x1E, 0xE1, 0xEF, 0xFE, 0x7F, 0xE3, 0xEE, 0x00, 0xC0, 0x1C, 0x01, 0x80, 0x3E, 0x01, 0xE0,
    0x00, 0x00, 0x38, 0x00, 0x00, 0x78, 0x00, 0x01, 0xF8, 0x00, 0x07, 0x30, 0x00, 0x00, 0x00, 0x00,
    0x00, 0x00, 0x1C, 0x0F, 0x03, 0xB8, 0x1E, 0x07, 0x70, 0x3C, 0x1C, 0xF0, 0xF8, 0x38, 0xE1, 0xF0,
    0x71, 0xC3, 0xF0, 0xE3, 0x87, 0xE3, 0x83, 0x1D, 0xC7, 0x07, 0x39, 0x8E, 0x0E, 0x73, 0x9C, 0x1C,
    0xE7, 0x70, 0x1B, 0x8E, 0xE0, 0x3F, 0x0D, 0xC0, 0x7E, 0x1F, 0x80, 0xFC, 0x3E, 0x00, 0xF0, 0x7C,
    0x01, 0xE0, 0x78, 0x03, 0xC0, 0xF0, 0x00, 0xF0, 0x00, 0x0F, 0x80, 0x01, 0xD8, 0x00, 0x19, 0xC0,
    0x00, 0x00, 0x0E, 0x07, 0x07, 0x70, 0xF0, 0x77, 0x0F, 0x07, 0x70, 0xF8, 0xE7, 0x0F, 0x8E, 0x39,
    0xF8, 0xE3, 0x9D, 0x8C, 0x39, 0x9D, 0xC1, 0xB9, 0xDC, 0x1F, 0x8D, 0xC1, 0xF8, 0xF8, 0x0F, 0x0F,
    0x80, 0xF0, 0xF8, 0x0F, 0x07, 0x00, 0x03, 0xC0, 0x03, 0xC0, 0x07, 0xE0, 0x06, 0x70, 0x00, 0x00,
    0x00, 0x00, 0x70, 0x0F, 0x78, 0x0E, 0x38, 0x1C, 0x3C, 0x1C, 0x1C, 0x38, 0x0E, 0x78, 0x0E, 0x70,
    0x07, 0xE0, 0x07, 0xE0, 0x03, 0xC0, 0x01, 0xC0, 0x01, 0xC0, 0x01, 0xC0, 0x01, 0xC0, 0x01, 0xC0,
    0x01, 0xC0, 0x01, 0xC0, 0x01, 0xC0, 0x07, 0x80, 0x1F, 0x00, 0xEC, 0x03, 0x18, 0x00, 0x01, 0xC0,
    0xF7, 0x03, 0x9C, 0x0E, 0x38, 0x30, 0xE1, 0xC3, 0x87, 0x07, 0x18, 0x1C, 0xE0, 0x33, 0x80, 0xEC,
    0x03, 0xF0, 0x07, 0xC0, 0x1E, 0x00, 0x78, 0x00, 0xE0, 0x07, 0x00, 0x7C, 0x01, 0xE0, 0x00, 0x07,
    0x70, 0x07, 0x70, 0x00, 0x00, 0x00, 0x00, 0x00, 0x00, 0x70, 0x0F, 0x78, 0x0E, 0x38, 0x1C, 0x1C,
    0x1C, 0x1C, 0x38, 0x0E, 0x78, 0x0F, 0x70, 0x07, 0xE0, 0x03, 0xE0, 0x03, 0xC0, 0x01, 0xC0, 0x01,
    0xC0, 0x01, 0xC0, 0x01, 0xC0, 0x01, 0xC0, 0x01, 0xC0, 0x01, 0xC0, 0x01, 0xC0, 0x03, 0x80, 0x38,
    0x07, 0x00, 0x00, 0x00, 0x0F, 0xFF, 0xFF, 0xF0, 0x07, 0x00, 0xE0, 0x1E, 0x01, 0xC0, 0x38, 0x07,
    0x80, 0x70, 0x0E, 0x01, 0xC0, 0x1C, 0x03, 0x80, 0x70, 0x0F, 0x00, 0xE0, 0x0F, 0xFF, 0xFF, 0xF0,
    0x07, 0x01, 0x80, 0xE0, 0x00, 0xFF, 0xFF, 0xF0, 0x1C, 0x0E, 0x07, 0x81, 0xC0, 0xE0, 0x70, 0x38,
    0x1C, 0x0F, 0x03, 0x80, 0xFF, 0xFF, 0xF0, 0x07, 0x00, 0x70, 0x00, 0x00, 0x00, 0x00, 0x0F, 0xFF,
    0xFF, 0xF0, 0x07, 0x00, 0xE0, 0x1E, 0x01, 0xC0, 0x38, 0x07, 0x80, 0x70, 0x0E, 0x01, 0xC0, 0x1C,
    0x03, 0x80, 0x70, 0x0F, 0x00, 0xE0, 0x0F, 0xFF, 0xFF, 0xF0, 0x0E, 0x03, 0x80, 0x00, 0x00, 0xFF,
    0xFF, 0xF0, 0x1C, 0x0E, 0x07, 0x81, 0xC0, 0xE0, 0x70, 0x38, 0x1C, 0x07, 0x03, 0x80, 0xFF, 0xFF,
    0xF0, 0x19, 0xC1, 0xD8, 0x0F, 0x80, 0xF0, 0x00, 0x00, 0x00, 0xFF, 0xFF, 0xFF, 0x00, 0x70, 0x0E,
    0x01, 0xE0, 0x1C, 0x03, 0x80, 0x78, 0x07, 0x00, 0xE0, 0x1C, 0x01, 0xC0, 0x38, 0x07, 0x00, 0xF0,
    0x0E, 0x00, 0xFF, 0xFF, 0xFF, 0x33, 0x0F, 0xC1, 0xE0, 0x78, 0x00, 0x3F, 0xFF, 0xFC, 0x07, 0x03,
    0x81, 0xE0, 0x70, 0x38, 0x1C, 0x0E, 0x07, 0x03, 0xC0, 0xE0, 0x3F, 0xFF, 0xFC, 0x00, 0x0E, 0x00,
    0x07, 0x00, 0x01, 0xC0, 0x00, 0xE0, 0x00, 0xE0, 0x7F, 0xF0, 0x7F, 0xF0, 0x7C, 0xFC, 0x78, 0x1E,
    0x78, 0x07, 0xB8, 0x01, 0xDC, 0x00, 0xEE, 0x00, 0x37, 0x00, 0x1F, 0x80, 0x0F, 0xC0, 0x06, 0xE0,
    0x07, 0x70, 0x03, 0xBC, 0x03, 0xCF, 0x03, 0xC3, 0xE7, 0xE0, 0xFF, 0xE0, 0x3F, 0xC0, 0x00, 0x30,
    0x01, 0x80, 0x0E, 0x00, 0xE1, 0xFF, 0x1F, 0xF1, 0xF7, 0x9E, 0x0E, 0xE0, 0x77, 0x03, 0xB8, 0x0F,
    0xC0, 0x7E, 0x07, 0x70, 0x3B, 0xC1, 0xCF, 0xBC, 0x3F, 0xE0, 0xFC, 0x00, 0x00, 0x07, 0x00, 0x07,
    0x00, 0x07, 0x00, 0x07, 0x00, 0x07, 0xE0, 0x1F, 0xE0, 0x1C, 0xE0, 0x1C, 0xE0, 0x1C, 0xE0, 0x1C,
    0xE0, 0x1C, 0xE0, 0x1C, 0xE0, 0x1C, 0xE0, 0x1C, 0xE0, 0x1C, 0xE0, 0x1C, 0xE0, 0x1C, 0xE0, 0x18,
    0xE0, 0x38, 0xF0, 0x38, 0x7D, 0xF0, 0x3F, 0xF0, 0x1F, 0xC0, 0x00, 0x38, 0x01, 0xC0, 0x0E, 0x00,
    0x7E, 0x0F, 0xF0, 0x73, 0x83, 0x9C, 0x1C, 0xE0, 0xE7, 0x07, 0x38, 0x39, 0xC1, 0xCE, 0x0E, 0x70,
    0xF3, 0x87, 0x9F, 0xFC, 0x7F, 0xE1, 0xF7, 0x00, 0x06, 0x30, 0x03, 0xB8, 0x00, 0xF8, 0x00, 0x78,
    0x00, 0x00, 0x00, 0x00, 0x00, 0x0F, 0x00, 0x07, 0xC0, 0x03, 0xE0, 0x03, 0xF0, 0x01, 0xDC, 0x00,
    0xEE, 0x00, 0xE3, 0x00, 0x71, 0xC0, 0x78, 0xE0, 0x38, 0x38, 0x1F, 0xFC, 0x1F, 0xFE, 0x0F, 0xFF,
    0x87, 0x01, 0xC7, 0x00, 0xE3, 0x80, 0x39, 0xC0, 0x1D, 0xC0, 0x0E, 0x39, 0x81, 0xF8, 0x0F, 0x00,
    0x00, 0x00, 0x03, 0xF8, 0x7F, 0xC7, 0xBE, 0xE0, 0xEE, 0x0E, 0x01, 0xE3, 0xFE, 0x7F, 0xEF, 0x8E,
    0xE0, 0xEE, 0x0E, 0xF3, 0xFF, 0xFF, 0x7F, 0x70, 0x0F, 0xF0, 0x1F, 0xF8, 0x3E, 0x7C, 0x78, 0x1E,
    0x70, 0x0E, 0xE0, 0x06, 0xE0, 0x00, 0xE0, 0x00, 0xE0, 0xFF, 0xE0, 0xFF, 0xE0, 0x06, 0xE0, 0x0E,
    0xE0, 0xFF, 0x70, 0xFF, 0x78, 0x1E, 0x3E, 0x7C, 0x1F, 0xF8, 0x0F, 0xF0, 0x1F, 0xF1, 0xFF, 0xC7,
    0x9F, 0x38, 0x3C, 0xE0, 0x73, 0x81, 0xCE, 0x7F, 0xF9, 0xFF, 0xE0, 0x73, 0x81, 0xC7, 0x9F, 0x1F,
    0xFC, 0x1F, 0xF0, 0x01, 0xCE, 0x07, 0x1E, 0x7C, 0x7F, 0xE0, 0x7F, 0x00, 0x0E, 0x60, 0x07, 0xE0,
    0x03, 0xC0, 0x03, 0x80, 0x00, 0x00, 0x00, 0x00, 0x0F, 0xF0, 0x1F, 0xF8, 0x3E, 0x7C, 0x78, 0x1E,
    0x70, 0x0E, 0xE0, 0x0E, 0xE0, 0x00, 0xE0, 0x00, 0xE1, 0xFF, 0xE1, 0xFF, 0xE0, 0x0F, 0xE0, 0x0F,
    0xE0, 0x0F, 0xF0, 0x1F, 0x78, 0x1F, 0x3E, 0xFF, 0x1F, 0xF7, 0x0F, 0xE7, 0x39, 0xC1, 0xF8, 0x0F,
    0x00, 0xF0, 0x00, 0x01, 0xFF, 0x7F, 0xF7, 0x9F, 0xE0, 0xFE, 0x07, 0xE0, 0x7E, 0x07, 0xE0, 0x7E,
    0x07, 0xE0, 0x77, 0x9F, 0x7F, 0xF1, 0xFF, 0x00, 0x7E, 0x07, 0x79, 0xF7, 0xFE, 0x1F, 0xC0, 0x39,
    0x80, 0x6E, 0x01, 0xF8, 0x03, 0xC0, 0x00, 0x00, 0x00, 0x0E, 0x07, 0xB8, 0x3C, 0xE1, 0xE3, 0x87,
    0x0E, 0x38, 0x39, 0xC0, 0xEF, 0x03, 0xF8, 0x0F, 0xE0, 0x3F, 0xC0, 0xF7, 0x03, 0x8E, 0x0E, 0x3C,
    0x38, 0x78, 0xE0, 0xE3, 0x83, 0xCE, 0x07, 0xB8, 0x0E, 0x67, 0x00, 0xEC, 0x01, 0xF8, 0x01, 0xE0,
    0x00, 0x00, 0x03, 0x80, 0x07, 0x00, 0x0E, 0x00, 0x1C, 0x00, 0x38, 0x38, 0x70, 0xF0, 0xE3, 0xC1,
    0xCF, 0x03, 0xBC, 0x07, 0xF0, 0x0F, 0xE0, 0x1F, 0xE0, 0x3D, 0xC0, 0x71, 0xC0, 0xE3, 0xC1, 0xC3,
    0x83, 0x83, 0x87, 0x07, 0x80, 0x1F, 0xE0, 0xFF, 0xC7, 0xDF, 0x9C, 0x0E, 0x70, 0x1D, 0xC0, 0x77,
    0x80, 0x1F, 0xC0, 0x1F, 0xE0, 0x1F, 0xE0, 0x0F, 0xC0, 0x07, 0xE0, 0x1D, 0xC0, 0x77, 0x01, 0xCF,
    0xBF, 0x3F, 0xF8, 0x3F, 0xC0, 0x00, 0x00, 0x00, 0x03, 0x80, 0x0E, 0x00, 0x30, 0x00, 0xC0, 0x06,
    0x00, 0x1F, 0x83, 0xFC, 0x7B, 0xE7, 0x0E, 0x70, 0x67, 0x80, 0x7F, 0x81, 0xFC, 0x03, 0xEE, 0x0F,
    0xF0, 0x77, 0xDE, 0x7F, 0xE1, 0xFC, 0x00, 0x00, 0x00, 0x07, 0x00, 0x70, 0x06, 0x00, 0x60, 0x0C,
    0x00, 0xFF, 0xFF, 0xFF, 0xC1, 0xC0, 0x0E, 0x00, 0x70, 0x03, 0x80, 0x1C, 0x00, 0xE0, 0x07, 0x00,
    0x38, 0x01, 0xC0, 0x0E, 0x00, 0x70, 0x03, 0x80, 0x1C, 0x00, 0xE0, 0x07, 0x00, 0x38, 0x00, 0x00,
    0x00, 0x00, 0x70, 0x03, 0x80, 0x0C, 0x00, 0xE0, 0x06, 0x00, 0x30, 0x38, 0x38, 0xFF, 0xFF, 0x38,
    0x38, 0x38, 0x38, 0x38, 0x38, 0x38, 0x38, 0x38, 0x38, 0x3F, 0x1F, 0x00, 0x00, 0x1C, 0x1C, 0x08,
    0x18, 0x18, 0xE3, 0x8C, 0x73, 0x38, 0x38, 0xF9, 0xB7, 0x70, 0x79, 0xBE, 0xDF, 0xC8, 0x00, 0x01,
    0xFF, 0xF8, 0xC7, 0xDF, 0xFB, 0xE0, 0x1F, 0x80, 0x01, 0xDF, 0xB8, 0x03, 0xEF, 0x8F, 0x38, 0xC0,
    0x7B, 0xF6, 0xF7, 0x80, 0x7E, 0x6E, 0xFC, 0xC7, 0xDD, 0xF1, 0xC0, 0x7B, 0x7E, 0x38, 0xE1, 0xCE,
    0xF9, 0x80, 0x1F, 0x80, 0x07, 0x76, 0x6C, 0x18, 0x78, 0x3B, 0x77, 0xE7, 0x80, 0x03, 0x99, 0xCF,
    0x7F, 0xE0, 0x00, 0xFF, 0xFF, 0x00, 0x00, 0x7F, 0xFF, 0xFF, 0xFF, 0xE0, 0x04, 0x77, 0xFC, 0xC0,
    0x00, 0x00, 0x60, 0x0E, 0x00, 0xC0, 0x1C, 0x03, 0x80, 0x30, 0x07, 0x00, 0xE0, 0x0C, 0x01, 0xC0,
    0x18, 0x03, 0x00, 0x70, 0x06, 0x00, 0xE0, 0x00, 0x1C, 0x03, 0x80, 0x38, 0x00, 0x00, 0x01, 0xFF,
    0xFF, 0xFF, 0x00, 0xE0, 0x1C, 0x03, 0x80, 0x70, 0x0E, 0x01, 0xFF, 0xFF, 0xFF, 0x00, 0xE0, 0x1C,
    0x03, 0x80, 0x70, 0x0E, 0x01, 0xFF, 0xFF, 0xF8, 0x3B, 0x87, 0x70, 0x00, 0x00, 0x00, 0x01, 0xFF,
    0xFF, 0xFF, 0x00, 0xE0, 0x1C, 0x03, 0x80, 0x70, 0x0E, 0x01, 0xFF, 0xFF, 0xFF, 0x00, 0xE0, 0x1C,
    0x03, 0x80, 0x70, 0x0E, 0x01, 0xFF, 0xFF, 0xF8, 0xFF, 0xF8, 0x1F, 0xFF, 0x00, 0x1C, 0x00, 0x03,
    0x80, 0x00, 0x70, 0x00, 0x0F, 0xFC, 0x01, 0xFF, 0xE0, 0x3F, 0xBC, 0x07, 0x81, 0xC0, 0xE0, 0x38,
    0x1C, 0x07, 0x03, 0x80, 0x70, 0x70, 0x0E, 0x0E, 0x03, 0x81, 0xC0, 0x70, 0x38, 0x3E, 0x07, 0x3F,
    0x80, 0xE7, 0xC0, 0x07, 0x00, 0xE0, 0x38, 0x00, 0x00, 0x01, 0xFF, 0xFF, 0xFF, 0x00, 0xE0, 0x1C,
    0x03, 0x80, 0x70, 0x0E, 0x01, 0xC0, 0x38, 0x07, 0x00, 0xE0, 0x1C, 0x03, 0x80, 0x70, 0x0E, 0x01,
    0xC0, 0x38, 0x00, 0x0F, 0xF0, 0x0F, 0xFE, 0x0F, 0x9F, 0x8F, 0x01, 0xE7, 0x00, 0x77, 0x00, 0x3B,
    0x80, 0x01, 0xFF, 0xC0, 0xFF, 0xE0, 0x70, 0x00, 0x38, 0x00, 0xDC, 0x00, 0xEF, 0x00, 0x77, 0x80,
    0x79, 0xE0, 0x78, 0x7E, 0xF8, 0x1F, 0xF8, 0x07, 0xF8, 0x00, 0x1F, 0xE0, 0xFF, 0xC7, 0xDF, 0x9C,
    0x0E, 0x70, 0x1D, 0xC0, 0x77, 0x80, 0x1F, 0xC0, 0x1F, 0xE0, 0x1F, 0xE0, 0x0F, 0xC0, 0x07, 0xE0,
    0x1D, 0xC0, 0x77, 0x01, 0xCF, 0xBF, 0x3F, 0xF8, 0x3F, 0xC0, 0xFF, 0xFF, 0xFF, 0xFF, 0xFF, 0xFF,
    0xFC, 0xFF, 0xF0, 0x00, 0x01, 0xC7, 0x1C, 0x71, 0xC7, 0x1C, 0x71, 0xC7, 0x1C, 0x71, 0xC7, 0x1C,
    0x71, 0xC7, 0x00, 0x00, 0x70, 0x07, 0x00, 0x70, 0x07, 0x00, 0x70, 0x07, 0x00, 0x70, 0x07, 0x00,
    0x70, 0x07, 0x00, 0x7C, 0x07, 0xE0, 0xEE, 0x0E, 0xE0, 0xE7, 0xBE, 0x7F, 0xC1, 0xF8, 0x1F, 0xFE,
    0x00, 0x0F, 0xFF, 0x00, 0x07, 0x03, 0x80, 0x03, 0x81, 0xC0, 0x01, 0x80, 0xE0, 0x00, 0xC0, 0x70,
    0x00, 0xE0, 0x3F, 0xF0, 0x70, 0x1F, 0xFE, 0x38, 0x0E, 0x1F, 0x1C, 0x07, 0x01, 0xCE, 0x03, 0x80,
    0xE7, 0x01, 0xC0, 0x73, 0x80, 0xE0, 0x39, 0xC0, 0x70, 0x1C, 0xC0, 0x38, 0x0E, 0xE0, 0x1C, 0x1F,
    0xF0, 0x0F, 0xFF, 0x70, 0x07, 0xFE, 0x00, 0xE0, 0x1C, 0x00, 0xE0, 0x1C, 0x00, 0xE0, 0x1C, 0x00,
    0xE0, 0x1C, 0x00, 0xE0, 0x1C, 0x00, 0xE0, 0x1C, 0x00, 0xE0, 0x1C, 0x00, 0xE0, 0x1F, 0xFC, 0xFF,
    0xFF, 0xFE, 0xFF, 0xFC, 0x1F, 0xE0, 0x1C, 0x07, 0xE0, 0x1C, 0x07, 0xE0, 0x1C, 0x07, 0xE0, 0x1C,
    0x07, 0xE0, 0x1C, 0x07, 0xE0, 0x1F, 0xFF, 0xE0, 0x1F, 0xFE, 0xE0, 0x1F, 0xFC, 0xFF, 0xF8, 0x1F,
    0xFF, 0x00, 0x1C, 0x00, 0x03, 0x80, 0x00, 0x70, 0x00, 0x0E, 0x00, 0x01, 0xFF, 0xC0, 0x3F, 0xFC,
    0x07, 0xE3, 0xC0, 0xE0, 0x38, 0x1C, 0x03, 0x03, 0x80, 0x70, 0x70, 0x0E, 0x0E, 0x01, 0xC1, 0xC0,
    0x38, 0x38, 0x07, 0x07, 0x00, 0xE0, 0xE0, 0x1C, 0x03, 0x80, 0x0E, 0x00, 0x70, 0x00, 0x00, 0x00,
    0x03, 0x81, 0xEE, 0x0F, 0x38, 0x78, 0xE3, 0xC3, 0x8E, 0x0E, 0x70, 0x3B, 0x80, 0xFC, 0x03, 0xE0,
    0x0F, 0x80, 0x3F, 0x00, 0xEE, 0x03, 0x9C, 0x0E, 0x38, 0x38, 0x70, 0xE0, 0xE3, 0x83, 0xCE, 0x07,
    0x80, 0x0E, 0x00, 0x38, 0x00, 0x70, 0x00, 0x00, 0x00, 0x03, 0x80, 0xFE, 0x03, 0xF8, 0x1F, 0xE0,
    0x7F, 0x83, 0xFE, 0x1F, 0xF8, 0x77, 0xE3, 0x9F, 0x8E, 0x7E, 0x71, 0xF9, 0xC7, 0xEE, 0x1F, 0xB8,
    0x7F, 0xC1, 0xFF, 0x07, 0xF8, 0x1F, 0xC0, 0x7F, 0x01, 0xC0, 0x0E, 0x30, 0x0E, 0x70, 0x07, 0xE0,
    0x00, 0x00, 0x00, 0x00, 0x00, 0x00, 0x70, 0x07, 0x70, 0x0E, 0x38, 0x0E, 0x38, 0x1C, 0x1C, 0x1C,
    0x1C, 0x1C, 0x1E, 0x38, 0x0E, 0x38, 0x0E, 0x70, 0x07, 0x70, 0x07, 0xE0, 0x03, 0xE0, 0x03, 0xC0,
    0x01, 0xC0, 0x01, 0xC0, 0x1F, 0x80, 0x1F, 0x80, 0x1F, 0x00, 0xE0, 0x1F, 0x80, 0x7E, 0x01, 0xF8,
    0x07, 0xE0, 0x1F, 0x80, 0x7E, 0x01, 0xF8, 0x07, 0xE0, 0x1F, 0x80, 0x7E, 0x01, 0xF8, 0x07, 0xE0,
    0x1F, 0x80, 0x7E, 0x01, 0xFF, 0xFF, 0xFF, 0xFF, 0xFF, 0xF0, 0x70, 0x01, 0xC0, 0x07, 0x00, 0x1C,
    0x00, 0x03, 0xC0, 0x01, 0xF0, 0x00, 0xF8, 0x00, 0xFC, 0x00, 0x77, 0x00, 0x3B, 0x80, 0x38, 0xC0,
    0x1C, 0x70, 0x1E, 0x38, 0x0E, 0x0E, 0x07, 0xFF, 0x07, 0xFF, 0x83, 0xFF, 0xE1, 0xC0, 0x71, 0xC0,
    0x38, 0xE0, 0x0E, 0x70, 0x07, 0x70, 0x03, 0x80, 0xFF, 0xF7, 0xFF, 0xB8, 0x01, 0xC0, 0x0E, 0x00,
    0x70, 0x03, 0x80, 0x1F, 0xFC, 0xFF, 0xF7, 0x07, 0xF8, 0x0F, 0xC0, 0x7E, 0x03, 0xF0, 0x1F, 0x80,
    0xFC, 0x1F, 0xFF, 0xF7, 0xFE, 0x00, 0xFF, 0xC3, 0xFF, 0x8E, 0x1F, 0x38, 0x1C, 0xE0, 0x3B, 0x80,
    0xCE, 0x07, 0x38, 0x7C, 0xFF, 0xE3, 0xFF, 0xCE, 0x0F, 0xB8, 0x0E, 0xE0, 0x1F, 0x80, 0x7E, 0x03,
    0xB8, 0x3E, 0xFF, 0xF3, 0xFF, 0x80, 0xFF, 0xFF, 0xFF, 0x80, 0x70, 0x0E, 0x01, 0xC0, 0x38, 0x07,
    0x00, 0xE0, 0x1C, 0x03, 0x80, 0x70, 0x0E, 0x01, 0xC0, 0x38, 0x07, 0x00, 0xE0, 0x1C, 0x00, 0x0F,
    0xFF, 0x03, 0xFF, 0xC0, 0xE0, 0x70, 0x38, 0x1C, 0x0E, 0x07, 0x03, 0x81, 0xC0, 0xE0, 0x70, 0x30,
    0x1C, 0x1C, 0x07, 0x07, 0x01, 0xC1, 0xC0, 0x70, 0x70, 0x1C, 0x1C, 0x07, 0x07, 0x01, 0xC1, 0xC0,
    0x70, 0xE0, 0x1C, 0xFF, 0xFF, 0xFF, 0xFF, 0xFE, 0x00, 0x1F, 0x80, 0x07, 0xE0, 0x01, 0xF8, 0x00,
    0x70, 0xFF, 0xFF, 0xFF, 0x80, 0x70, 0x0E, 0x01, 0xC0, 0x38, 0x07, 0x00, 0xFF, 0xFF, 0xFF, 0x80,
    0x70, 0x0E, 0x01, 0xC0, 0x38, 0x07, 0x00, 0xFF, 0xFF, 0xFC, 0xF0, 0x38, 0x3D, 0xE0, 0xE1, 0xE3,
    0xC3, 0x87, 0x07, 0x0E, 0x38, 0x0E, 0x39, 0xE0, 0x1C, 0xEF, 0x00, 0x7B, 0xF8, 0x00, 0xEF, 0xC0,
    0x01, 0xFE, 0x00, 0x07, 0xF8, 0x00, 0x3B, 0xF0, 0x01, 0xEE, 0xE0, 0x0F, 0x3B, 0xC0, 0x38, 0xE7,
    0x81, 0xC3, 0x8E, 0x0E, 0x0E, 0x1C, 0x78, 0x38, 0x3B, 0xC0, 0xE0, 0xF0, 0x0F, 0xF0, 0x7F, 0xF1,
    0xF9, 0xF3, 0x80, 0xE7, 0x00, 0xE0, 0x03, 0x80, 0x0F, 0x03, 0xFC, 0x07, 0xF8, 0x00, 0xF8, 0x00,
    0x70, 0x00, 0xE6, 0x00, 0xEE, 0x03, 0x9C, 0x07, 0x3F, 0x7E, 0x3F, 0xF8, 0x1F, 0xE0, 0xE0, 0x3F,
    0x80, 0xFE, 0x07, 0xF8, 0x1F, 0xE0, 0xFF, 0x87, 0xFE, 0x1D, 0xF8, 0xE7, 0xE3, 0x9F, 0x9C, 0x7E,
    0x71, 0xFB, 0x87, 0xEE, 0x1F, 0xF0, 0x7F, 0xC1, 0xFE, 0x07, 0xF0, 0x1F, 0xC0, 0x70, 0x18, 0xC0,
    0x77, 0x00, 0xF8, 0x00, 0x80, 0x00, 0x00, 0x00, 0x0E, 0x03, 0xF8, 0x0F, 0xE0, 0x7F, 0x81, 0xFE,
    0x0F, 0xF8, 0x7F, 0xE1, 0xDF, 0x8E, 0x7E, 0x39, 0xF9, 0xC7, 0xE7, 0x1F, 0xB8, 0x7E, 0xE1, 0xFF,
    0x07, 0xFC, 0x1F, 0xE0, 0x7F, 0x01, 0xFC, 0x07, 0xE0, 0x7B, 0x83, 0xCE, 0x1E, 0x38, 0xF0, 0xE3,
    0x83, 0x9C, 0x0E, 0xE0, 0x3F, 0x00, 0xF8, 0x03, 0xE0, 0x0F, 0xC0, 0x3B, 0x80, 0xE7, 0x03, 0x8E,
    0x0E, 0x1C, 0x38, 0x38, 0xE0, 0xF3, 0x81, 0xE0, 0x1F, 0xFE, 0x3F, 0xFC, 0x70, 0x38, 0xE0, 0x71,
    0x80, 0xE3, 0x01, 0xCE, 0x03, 0x9C, 0x07, 0x38, 0x0E, 0x70, 0x1C, 0xE0, 0x39, 0xC0, 0x73, 0x80,
    0xE7, 0x01, 0xCC, 0x03, 0xB8, 0x07, 0xF0, 0x0F, 0xC0, 0x1C, 0xF0, 0x03, 0xFC, 0x01, 0xFF, 0x00,
    0x7F, 0xE0, 0x1F, 0xF8, 0x0F, 0xFE, 0x03, 0xFF, 0xC1, 0xFF, 0xF0, 0x77, 0xFC, 0x1D, 0xFB, 0x8E,
    0x7E, 0xE3, 0x9F, 0xBC, 0xE7, 0xE7, 0x71, 0xF9, 0xDC, 0x7E, 0x3F, 0x1F, 0x8F, 0x87, 0xE3, 0xE1,
    0xF8, 0x78, 0x70, 0xE0, 0x1F, 0x80, 0x7E, 0x01, 0xF8, 0x07, 0xE0, 0x1F, 0x80, 0x7E, 0x01, 0xF8,
    0x07, 0xFF, 0xFF, 0xFF, 0xFE, 0x01, 0xF8, 0x07, 0xE0, 0x1F, 0x80, 0x7E, 0x01, 0xF8, 0x07, 0xE0,
    0x1F, 0x80, 0x70, 0x0F, 0xF0, 0x0F, 0xFE, 0x0F, 0x9F, 0x8F, 0x03, 0xCF, 0x00, 0xF7, 0x00, 0x3B,
    0x80, 0x1D, 0xC0, 0x06, 0xE0, 0x03, 0xF0, 0x01, 0xF8, 0x00, 0xDC, 0x00, 0xEE, 0x00, 0x77, 0x80,
    0x79, 0xE0, 0x78, 0x7C, 0xFC, 0x1F, 0xFC, 0x07, 0xF8, 0x00, 0xFF, 0xFF, 0xFF, 0xFE, 0x01, 0xF8,
    0x07, 0xE0, 0x1F, 0x80, 0x7E, 0x01, 0xF8, 0x07, 0xE0, 0x1F, 0x80, 0x7E, 0x01, 0xF8, 0x07, 0xE0,
    0x1F, 0x80, 0x7E, 0x01, 0xF8, 0x07, 0xE0, 0x1F, 0x80, 0x70, 0xFF, 0xC7, 0xFF, 0xB8, 0x7F, 0xC0,
    0x7E, 0x03, 0xF0, 0x1F, 0x80, 0xFC, 0x07, 0xE0, 0xFF, 0xFF, 0xBF, 0xF1, 0xC0, 0x0E, 0x00, 0x70,
    0x03, 0x80, 0x1C, 0x00, 0xE0, 0x07, 0x00, 0x00, 0x0F, 0xF0, 0x1F, 0xF8, 0x3E, 0x7C, 0x78, 0x1E,
    0x70, 0x0E, 0xE0, 0x0E, 0xE0, 0x00, 0xE0, 0x00, 0xE0, 0x00, 0xE0, 0x00, 0xE0, 0x00, 0xE0, 0x06,
    0xE0, 0x0F, 0x70, 0x0E, 0x78, 0x1E, 0x3E, 0x7C, 0x1F, 0xF8, 0x0F, 0xF0, 0xFF, 0xFF, 0xFF, 0xC1,
    0xC0, 0x0E, 0x00, 0x70, 0x03, 0x80, 0x1C, 0x00, 0xE0, 0x07, 0x00, 0x38, 0x01, 0xC0, 0x0E, 0x00,
    0x70, 0x03, 0x80, 0x1C, 0x00, 0xE0, 0x07, 0x00, 0x38, 0x00, 0x70, 0x07, 0x70, 0x0E, 0x38, 0x0E,
    0x38, 0x1C, 0x1C, 0x1C, 0x1C, 0x1C, 0x1E, 0x38, 0x0E, 0x38, 0x0E, 0x70, 0x07, 0x70, 0x07, 0xE0,
    0x03, 0xE0, 0x03, 0xC0, 0x01, 0xC0, 0x01, 0xC0, 0x1F, 0x80, 0x1F, 0x80, 0x1F, 0x00, 0x00, 0xE0,
    0x01, 0xFF, 0xC0, 0xFF, 0xFE, 0x3F, 0xF7, 0xE7, 0x0E, 0x1D, 0xC1, 0xC1, 0xF8, 0x38, 0x3F, 0x07,
    0x07, 0xE0, 0xE0, 0xFC, 0x1C, 0x1F, 0x83, 0x83, 0xF0, 0x70, 0x77, 0x0E, 0x1C, 0xFD, 0xDF, 0x8F,
    0xFF, 0xE0, 0x7F, 0xF0, 0x00, 0xE0, 0x00, 0x1C, 0x00, 0xF0, 0x1E, 0xE0, 0x38, 0xE0, 0xE1, 0xE1,
    0xC1, 0xC7, 0x01, 0xDE, 0x03, 0xF8, 0x03, 0xE0, 0x07, 0xC0, 0x0F, 0x80, 0x1F, 0x00, 0x77, 0x00,
    0xEF, 0x03, 0x8E, 0x0F, 0x0E, 0x1C, 0x1E, 0x70, 0x1D, 0xE0, 0x3C, 0xE0, 0x1C, 0xE0, 0x1C, 0xE0,
    0x1C, 0xE0, 0x1C, 0xE0, 0x1C, 0xE0, 0x1C, 0xE0, 0x1C, 0xE0, 0x1C, 0xE0, 0x1C, 0xE0, 0x1C, 0xE0,
    0x1C, 0xE0, 0x1C, 0xE0, 0x1C, 0xE0, 0x1C, 0xE0, 0x1C, 0xFF, 0xFE, 0xFF, 0xFF, 0xFF, 0xFF, 0x00,
    0x07, 0x00, 0x07, 0x00, 0x07, 0x00, 0x07, 0xE0, 0x1F, 0x80, 0x7E, 0x01, 0xF8, 0x07, 0xE0, 0x1F,
    0x80, 0x7E, 0x01, 0xF8, 0x07, 0xE0, 0x3F, 0xE7, 0xF7, 0xFF, 0xCF, 0xF7, 0x00, 0x1C, 0x00, 0x70,
    0x01, 0xC0, 0x07, 0x00, 0x1C, 0x00, 0x70, 0xE0, 0xE0, 0x7E, 0x0E, 0x07, 0xE0, 0xE0, 0x7E, 0x0E,
    0x07, 0xE0, 0xE0, 0x7E, 0x0E, 0x07, 0xE0, 0xE0, 0x7E, 0x0E, 0x07, 0xE0, 0xE0, 0x7E, 0x0E, 0x07,
    0xE0, 0xE0, 0x7E, 0x0E, 0x07, 0xE0, 0xE0, 0x7E, 0x0E, 0x07, 0xE0, 0xE0, 0x7F, 0xFF, 0xFF, 0xFF,
    0xFF, 0xFF, 0xFF, 0xFF, 0xE0, 0xE0, 0x73, 0x83, 0x81, 0xCE, 0x0E, 0x07, 0x38, 0x38, 0x1C, 0xE0,
    0xE0, 0x73, 0x83, 0x81, 0xCE, 0x0E, 0x07, 0x38, 0x38, 0x1C, 0xE0, 0xE0, 0x73, 0x83, 0x81, 0xCE,
    0x0E, 0x07, 0x38, 0x38, 0x1C, 0xE0, 0xE0, 0x73, 0x83, 0x81, 0xCE, 0x0E, 0x07, 0x3F, 0xFF, 0xFE,
    0xFF, 0xFF, 0xFF, 0xFF, 0xFF, 0xF0, 0x00, 0x01, 0xC0, 0x00, 0x07, 0x00, 0x00, 0x1C, 0x00, 0x00,
    0x70, 0xFF, 0x00, 0x3F, 0xC0, 0x00, 0x70, 0x00, 0x1C, 0x00, 0x07, 0x00, 0x01, 0xC0, 0x00, 0x7F,
    0xE0, 0x1F, 0xFE, 0x07, 0x0F, 0x81, 0xC0, 0x70, 0x70, 0x1C, 0x1C, 0x07, 0x07, 0x01, 0xC1, 0xC0,
    0x70, 0x70, 0x1C, 0x1C, 0x3F, 0x07, 0xFF, 0x81, 0xFF, 0x80, 0xE0, 0x03, 0xF0, 0x01, 0xF8, 0x00,
    0xFC, 0x00, 0x7E, 0x00, 0x3F, 0x00, 0x1F, 0xFF, 0x0F, 0xFF, 0xE7, 0xE1, 0xF3, 0xF0, 0x1D, 0xF8,
    0x0E, 0xFC, 0x07, 0x7E, 0x03, 0xBF, 0x01, 0xDF, 0x80, 0xEF, 0xFF, 0xF7, 0xFF, 0xF3, 0xFF, 0xE1,
    0xC0, 0xE0, 0x07, 0x00, 0x38, 0x01, 0xC0, 0x0E, 0x00, 0x70, 0x03, 0xFF, 0x1F, 0xFE, 0xE1, 0xF7,
    0x01, 0xF8, 0x0F, 0xC0, 0x7E, 0x03, 0xF0, 0x1F, 0x80, 0xFF, 0xFF, 0xFF, 0xF7, 0xFE, 0x00, 0x07,
    0xF8, 0x0F, 0xFE, 0x0F, 0xCF, 0x8F, 0x01, 0xE7, 0x00, 0x73, 0x80, 0x1C, 0x00, 0x0E, 0x07, 0xFF,
    0x03, 0xFF, 0x80, 0x01, 0xD8, 0x00, 0xEE, 0x00, 0x77, 0x00, 0x7B, 0xC0, 0x38, 0xF0, 0x3C, 0x3E,
    0xFC, 0x0F, 0xFC, 0x03, 0xFC, 0x00, 0xE0, 0xFF, 0x07, 0x0F, 0xFE, 0x38, 0xFD, 0xF9, 0xCF, 0x01,
    0xCE, 0x78, 0x07, 0x73, 0x80, 0x3B, 0x9C, 0x01, 0xDF, 0xE0, 0x06, 0xFF, 0x00, 0x3F, 0x38, 0x01,
    0xF9, 0xC0, 0x0D, 0xCE, 0x00, 0xEE, 0x70, 0x07, 0x73, 0xC0, 0x3B, 0x8E, 0x03, 0x9C, 0x7E, 0xFC,
    0xE1, 0xFF, 0xC7, 0x03, 0xF8, 0x00, 0x1F, 0xFC, 0xFF, 0xF7, 0xE1, 0xDC, 0x07, 0x70, 0x1D, 0xC0,
    0x77, 0x01, 0xDC, 0x07, 0x7E, 0x1C, 0xFF, 0xF1, 0xFF, 0xC1, 0xC7, 0x0E, 0x1C, 0x78, 0x71, 0xC1,
    0xCE, 0x07, 0x78, 0x1D, 0xC0, 0x70, 0x3F, 0x87, 0xFC, 0x7B, 0xEE, 0x0E, 0xE0, 0xE0, 0x1E, 0x3F,
    0xE7, 0xFE, 0xF0, 0xEE, 0x0E, 0xE0, 0xEF, 0x7F, 0xFF, 0xF7, 0xF7, 0x00, 0xE0, 0xFE, 0x3F, 0xC7,
    0xC0, 0x70, 0x0E, 0xFC, 0xFF, 0xEF, 0x9E, 0xF0, 0x7E, 0x07, 0xE0, 0x7E, 0x07, 0xE0, 0x7E, 0x07,
    0xE0, 0x77, 0x9E, 0x7F, 0xE1, 0xF8, 0xFF, 0x9F, 0xFB, 0x8F, 0x70, 0x7E, 0x0D, 0xC7, 0xBF, 0xE7,
    0xFE, 0xE1, 0xFC, 0x1F, 0x83, 0xF0, 0xFF, 0xFF, 0xFF, 0x80, 0xFF, 0xFF, 0xF8, 0x1C, 0x0E, 0x07,
    0x03, 0x81, 0xC0, 0xE0, 0x70, 0x38, 0x1C, 0x0E, 0x07, 0x00, 0x0F, 0xF0, 0x3F, 0xC0, 0xC7, 0x07,
    0x1C, 0x1C, 0x70, 0x71, 0xC1, 0xC7, 0x07, 0x1C, 0x1C, 0x70, 0x61, 0xC3, 0x87, 0x0E, 0x1C, 0xFF,
    0xFF, 0xFF, 0xFE, 0x01, 0xF8, 0x07, 0xE0, 0x1C, 0x1F, 0x83, 0xFC, 0x7F, 0xEF, 0x0F, 0xE0, 0x7E,
    0x07, 0xFF, 0xFF, 0xFF, 0xE0, 0x0E, 0x00, 0xE0, 0x77, 0xDE, 0x3F, 0xE1, 0xF8, 0x70, 0x70, 0xE3,
    0x87, 0x1E, 0x1C, 0x73, 0xC1, 0xE7, 0x78, 0x0F, 0x77, 0x00, 0x77, 0xE0, 0x03, 0xFC, 0x00, 0x3F,
    0xC0, 0x07, 0x7E, 0x00, 0xF7, 0x70, 0x1E, 0x73, 0x83, 0xC7, 0x3C, 0x78, 0x71, 0xEF, 0x07, 0x0F,
    0x3F, 0x87, 0xFE, 0xF9, 0xEE, 0x0E, 0x00, 0x70, 0x1E, 0x0F, 0xC0, 0xFC, 0x01, 0xE4, 0x06, 0xE0,
    0xFF, 0xBE, 0x7F, 0xE3, 0xF8, 0xE1, 0xFC, 0x3F, 0x8F, 0xF1, 0xFE, 0x7F, 0xCD, 0xFB, 0xBF, 0xE7,
    0xFC, 0xFF, 0x1F, 0xE3, 0xF8, 0x7F, 0x0F, 0xC1, 0xC0, 0x73, 0x86, 0x60, 0xFC, 0x00, 0x00, 0x01,
    0xC3, 0xF8, 0x7F, 0x1F, 0xE3, 0xFC, 0xFF, 0x9B, 0xF7, 0x7F, 0xCF, 0xF9, 0xFE, 0x3F, 0xC7, 0xF0,
    0xFE, 0x1F, 0x83, 0x80, 0xE1, 0xEE, 0x3C, 0xE3, 0x8E, 0x70, 0xEE, 0x0F, 0xC0, 0xF8, 0x0F, 0x80,
    0xFC, 0x0E, 0xE0, 0xE7, 0x0E, 0x38, 0xE1, 0xCE, 0x0E, 0x3F, 0xF9, 0xFF, 0xCE, 0x0E, 0x70, 0x73,
    0x83, 0x9C, 0x1C, 0xE0, 0xE6, 0x07, 0x30, 0x3B, 0x81, 0xDC, 0x0E, 0xE0, 0x7F, 0x03, 0xF0, 0x1C,
    0xE0, 0x3F, 0xC0, 0xFF, 0x07, 0xFC, 0x1F, 0xF8, 0x7F, 0xE3, 0xFF, 0x8F, 0xFF, 0x37, 0xFD, 0xDF,
    0xB7, 0x7E, 0xF9, 0xFB, 0xE7, 0xE7, 0x9F, 0x9C, 0x70, 0xE0, 0xFC, 0x1F, 0x83, 0xF0, 0x7E, 0x0F,
    0xC1, 0xFF, 0xFF, 0xFF, 0xE0, 0xFC, 0x1F, 0x83, 0xF0, 0x7E, 0x0F, 0xC1, 0xC0, 0x1F, 0x81, 0xFF,
    0x1F, 0x79, 0xE0, 0xEE, 0x07, 0x70, 0x3B, 0x80, 0xFC, 0x07, 0xE0, 0x77, 0x03, 0xBC, 0x1C, 0xFB,
    0xC3, 0xFE, 0x0F, 0xC0, 0xFF, 0xFF, 0xFF, 0x83, 0xF0, 0x7E, 0x0F, 0xC1, 0xF8, 0x3F, 0x07, 0xE0,
    0xFC, 0x1F, 0x83, 0xF0, 0x7E, 0x0F, 0xC1, 0xC0, 0xFF, 0x8F, 0xFC, 0xF9, 0xEF, 0x0F, 0xE0, 0x7E,
    0x07, 0xE0, 0x7E, 0x07, 0xE0, 0x7E, 0x07, 0xF0, 0xFF, 0x9E, 0xFF, 0xCF, 0xF8, 0xE0, 0x0E, 0x00,
    0xE0, 0x0E, 0x00, 0x1F, 0x83, 0xFE, 0x7D, 0xEF, 0x07, 0xE0, 0x7E, 0x00, 0xE0, 0x0E, 0x00, 0xE0,
    0x0E, 0x07, 0xF0, 0xF7, 0x9E, 0x3F, 0xC1, 0xF8, 0xFF, 0xFF, 0xFF, 0x0E, 0x00, 0xE0, 0x0E, 0x00,
    0xE0, 0x0E, 0x00, 0xE0, 0x0E, 0x00, 0xE0, 0x0E, 0x00, 0xE0, 0x0E, 0x00, 0xE0, 0x70, 0x3D, 0xC0,
    0xE7, 0x03, 0x8E, 0x0C, 0x38, 0x70, 0xE1, 0xC1, 0xC6, 0x07, 0x38, 0x0C, 0xE0, 0x3B, 0x00, 0xFC,
    0x01, 0xF0, 0x07, 0x80, 0x1E, 0x00, 0x38, 0x01, 0xC0, 0x1F, 0x00, 0x78, 0x00, 0x01, 0xC0, 0x00,
    0xE0, 0x00, 0x70, 0x00, 0x38, 0x01, 0xFF, 0x81, 0xFF, 0xE1, 0xF7, 0xF9, 0xE3, 0x9E, 0xE1, 0xC7,
    0x70, 0xE3, 0xB8, 0x70, 0xFC, 0x38, 0x7E, 0x1C, 0x77, 0x0E, 0x3B, 0xC7, 0x3C, 0xFB, 0xFC, 0x3F,
    0xFC, 0x0F, 0xFC, 0x00, 0x70, 0x00, 0x38, 0x00, 0x1C, 0x00, 0x0E, 0x00, 0xF0, 0x73, 0x87, 0x8E,
    0x38, 0x7B, 0x81, 0xFC, 0x07, 0xC0, 0x3C, 0x01, 0xF0, 0x1F, 0x80, 0xEE, 0x0E, 0x78, 0xF1, 0xC7,
    0x07, 0x70, 0x3C, 0xE0, 0xE7, 0x07, 0x38, 0x39, 0xC1, 0xCE, 0x0E, 0x70, 0x73, 0x83, 0x9C, 0x1C,
    0xE0, 0xE7, 0x07, 0x38, 0x39, 0xC1, 0xCF, 0xFF, 0xFF, 0xFC, 0x00, 0xE0, 0x07, 0x00, 0x38, 0x00,
    0x00, 0xE0, 0xFC, 0x1F, 0x83, 0xF0, 0x7E, 0x0F, 0xC1, 0xF8, 0x3F, 0x9F, 0xFF, 0xE7, 0xFC, 0x03,
    0x80, 0x70, 0x0E, 0x01, 0xC0, 0xE1, 0xC3, 0xF0, 0xE1, 0xF8, 0x70, 0xFC, 0x38, 0x7E, 0x1C, 0x3F,
    0x0E, 0x1F, 0x87, 0x0F, 0xC3, 0x87, 0xE1, 0xC3, 0xF0, 0xE1, 0xF8, 0x70, 0xFC, 0x38, 0x7F, 0xFF,
    0xFF, 0xFF, 0xFC, 0xE1, 0xC3, 0x9C, 0x38, 0x73, 0x87, 0x0E, 0x70, 0xE1, 0xCE, 0x1C, 0x39, 0xC3,
    0x87, 0x38, 0x70, 0xE7, 0x0E, 0x1C, 0xE1, 0xC3, 0x9C, 0x38, 0x73, 0x87, 0x0E, 0x70, 0xE1, 0xCF,
    0xFF, 0xFF, 0xFF, 0xFF, 0xC0, 0x00, 0x38, 0x00, 0x07, 0x00, 0x00, 0xE0, 0x00, 0x00, 0xFC, 0x07,
    0xE0, 0x07, 0x00, 0x38, 0x01, 0xC0, 0x0F, 0xF0, 0x7F, 0xC3, 0x8F, 0x1C, 0x38, 0xE1, 0xC7, 0x0E,
    0x38, 0xF1, 0xFF, 0x0F, 0xF0, 0xE0, 0x1F, 0x80, 0x7E, 0x01, 0xF8, 0x07, 0xE0, 0x1F, 0xFE, 0x7F,
    0xFD, 0xF8, 0xF7, 0xE1, 0xDF, 0x83, 0xFE, 0x1D, 0xF8, 0x77, 0xFF, 0xDF, 0xFE, 0x70, 0xE0, 0x1C,
    0x03, 0x80, 0x70, 0x0E, 0x01, 0xFF, 0x3F, 0xF7, 0x1E, 0xE1, 0xDC, 0x1F, 0x87, 0x70, 0xEF, 0xFD,
    0xFF, 0x00, 0x3F, 0x87, 0xFC, 0xFB, 0xEE, 0x0F, 0xE0, 0x70, 0x07, 0x0F, 0xF0, 0xFF, 0x00, 0x7E,
    0x07, 0xE0, 0xF7, 0xBE, 0x7F, 0xC1, 0xF8, 0xE1, 0xF8, 0x71, 0xFF, 0x39, 0xF7, 0x9C, 0xE0, 0xEE,
    0xE0, 0x77, 0x70, 0x3B, 0xF8, 0x0F, 0xFC, 0x07, 0xEE, 0x07, 0x77, 0x03, 0xB9, 0xC1, 0xDC, 0xFB,
    0xCE, 0x3F, 0xE7, 0x0F, 0xC0, 0x1F, 0xF7, 0xFF, 0x78, 0x77, 0x07, 0x70, 0x77, 0x07, 0x78, 0x73,
    0xFF, 0x1F, 0xF1, 0xC7, 0x1C, 0x73, 0x87, 0x78, 0x77, 0x07, 0x1C, 0x00, 0xE0, 0x0E, 0x00, 0x00,
    0x1F, 0x83, 0xFC, 0x7F, 0xEF, 0x0F, 0xE0, 0x7E, 0x07, 0xFF, 0xFF, 0xFF, 0xE0, 0x0E, 0x00, 0xE0,
    0x77, 0xDE, 0x3F, 0xE1, 0xF8, 0x39, 0xC3, 0x9C, 0x00, 0x00, 0x00, 0x1F, 0x83, 0xFC, 0x7F, 0xEF,
    0x0F, 0xE0, 0x7E, 0x07, 0xFF, 0xFF, 0xFF, 0xE0, 0x0E, 0x00, 0xE0, 0x77, 0xDE, 0x3F, 0xE1, 0xF8,
    0x70, 0x07, 0xF8, 0x3F, 0xC0, 0xE0, 0x07, 0x7E, 0x3F, 0xF9, 0xFB, 0xCF, 0x0E, 0x78, 0x7B, 0x81,
    0xDC, 0x0E, 0xE0, 0x77, 0x03, 0xB8, 0x1D, 0xC0, 0xEE, 0x07, 0x70, 0x3B, 0x81, 0xC0, 0x0E, 0x00,
    0xF0, 0x0F, 0x00, 0x78, 0x07, 0x07, 0x03, 0x00, 0x0F, 0xFF, 0xFF, 0x81, 0xC0, 0xE0, 0x70, 0x38,
    0x1C, 0x0E, 0x07, 0x03, 0x81, 0xC0, 0xE0, 0x70, 0x00, 0x1F, 0xC3, 0xFE, 0x7D, 0xFF, 0x07, 0xE0,
    0x7E, 0x00, 0xFF, 0x0F, 0xF0, 0xE0, 0x0E, 0x07, 0xF0, 0x77, 0xDE, 0x3F, 0xE1, 0xF8, 0x1F, 0x83,
    0xFC, 0x7B, 0xE7, 0x0E, 0x70, 0x67, 0x80, 0x7F, 0x81, 0xFC, 0x03, 0xEE, 0x0F, 0xF0, 0x77, 0xDE,
    0x7F, 0xE1, 0xFC, 0xFC, 0x0F, 0xFF, 0xFF, 0xFF, 0xFF, 0xFC, 0xFF, 0xF0, 0x00, 0x71, 0xC7, 0x1C,
    0x71, 0xC7, 0x1C, 0x71, 0xC7, 0x1C, 0x71, 0xC0, 0x1C, 0x70, 0x00, 0x1C, 0x71, 0xC7, 0x1C, 0x71,
    0xC7, 0x1C, 0x71, 0xC7, 0x1C, 0x71, 0xCF, 0xFB, 0xE0, 0x3F, 0xF8, 0x01, 0xFF, 0xC0, 0x0E, 0x0E,
    0x00, 0x70, 0x70, 0x03, 0x83, 0x80, 0x1C, 0x1F, 0xF0, 0xE0, 0xFF, 0xC6, 0x07, 0x1E, 0x30, 0x38,
    0x73, 0x81, 0xC1, 0xDC, 0x0E, 0x1C, 0xE0, 0x71, 0xEF, 0x03, 0xFF, 0x70, 0x1F, 0xF0, 0xE0, 0xE0,
    0x1C, 0x1C, 0x03, 0x83, 0x80, 0x70, 0x70, 0x0E, 0x0E, 0x01, 0xC1, 0xFF, 0x3F, 0xFF, 0xF7, 0xFF,
    0x0F, 0xE0, 0xE0, 0xFC, 0x1C, 0x1F, 0x83, 0x83, 0xF0, 0x70, 0xFE, 0x0F, 0xFD, 0xC1, 0xFF, 0x00,
    0x38, 0x07, 0xF8, 0x3F, 0xC0, 0x70, 0x03, 0xFE, 0x1F, 0xF8, 0xFB, 0xC7, 0x0E, 0x38, 0x79, 0xC1,
    0xCE, 0x0E, 0x70, 0x73, 0x83, 0x9C, 0x1C, 0xE0, 0xE7, 0x07, 0x38, 0x39, 0xC1, 0xC0, 0x07, 0x80,
    0x70, 0x0E, 0x00, 0x00, 0xE1, 0xEE, 0x3C, 0xE3, 0x8E, 0x70, 0xEE, 0x0F, 0xC0, 0xF8, 0x0F, 0x80,
    0xFC, 0x0E, 0xE0, 0xE7, 0x0E, 0x38, 0xE1, 0xCE, 0x0E, 0x38, 0x03, 0x80, 0x30, 0x00, 0x0E, 0x1F,
    0xC3, 0xF8, 0xFF, 0x1F, 0xE7, 0xFC, 0xDF, 0xBB, 0xFE, 0x7F, 0xCF, 0xF1, 0xFE, 0x3F, 0x87, 0xF0,
    0xFC, 0x1C, 0x1C, 0xE0, 0x33, 0x80, 0xFC, 0x00, 0x00, 0x00, 0x01, 0xC0, 0xF7, 0x03, 0x9C, 0x0E,
    0x38, 0x30, 0xE1, 0xC3, 0x87, 0x07, 0x18, 0x1C, 0xE0, 0x33, 0x80, 0xEC, 0x03, 0xF0, 0x07, 0xC0,
    0x1E, 0x00, 0x78, 0x00, 0xE0, 0x07, 0x00, 0x7C, 0x01, 0xE0, 0x00, 0xE0, 0xFC, 0x1F, 0x83, 0xF0,
    0x7E, 0x0F, 0xC1, 0xF8, 0x3F, 0x07, 0xE0, 0xFC, 0x1F, 0x83, 0xF0, 0x7F, 0xFF, 0xFF, 0xC3, 0x80,
    0x70, 0x0E, 0x00, 0x0E, 0x00, 0x07, 0x00, 0x3F, 0xFC, 0x1F, 0xFE, 0x00, 0xE0, 0x00, 0x70, 0x00,
    0x3F, 0xF0, 0x1F, 0xFE, 0x0E, 0x1F, 0x07, 0x01, 0xC3, 0x80, 0xE1, 0xC0, 0x70, 0xE0, 0x38, 0x70,
    0x1C, 0x38, 0x0E, 0x1F, 0xFF, 0x0F, 0xFF, 0x07, 0xFE, 0x00, 0x38, 0x01, 0xC0, 0x0E, 0x01, 0xFE,
    0x0F, 0xF0, 0x1C, 0x00, 0xE0, 0x07, 0x00, 0x38, 0x01, 0xFF, 0x0F, 0xFC, 0x71, 0xE3, 0x83, 0x9C,
    0x1C, 0xE1, 0xC7, 0xFE, 0x3F, 0xE0, 0x3F, 0xFF, 0x0F, 0xFF, 0xC3, 0x80, 0x70, 0x70, 0x38, 0x1E,
    0x1E, 0x03, 0xCF, 0x00, 0x73, 0x80, 0x0F, 0xC0, 0x0F, 0xFC, 0x07, 0xFF, 0x81, 0xCE, 0xE0, 0xE3,
    0x9C, 0x38, 0xE7, 0x0E, 0x39, 0xC7, 0x0E, 0x39, 0xC3, 0x8E, 0x70, 0xE3, 0xB8, 0x38, 0x70, 0x7F,
    0xFE, 0x7F, 0xFE, 0x78, 0x1E, 0x3C, 0x3C, 0x1E, 0x78, 0x0F, 0xF0, 0x0F, 0xF0, 0x1F, 0xF8, 0x3F,
    0xBC, 0x3B, 0x9C, 0x73, 0x9E, 0x73, 0x8E, 0x73, 0x8E, 0xE3, 0x87, 0x0F, 0xF0, 0x0F, 0xFE, 0x0F,
    0x9F, 0x8E, 0x01, 0xCE, 0x00, 0x77, 0x00, 0x3B, 0xFC, 0x0D, 0xFF, 0xCE, 0xF7, 0xFF, 0xF0, 0x3F,
    0xF8, 0x01, 0xDC, 0x00, 0xEE, 0x00, 0x77, 0x80, 0x79, 0xE0, 0x78, 0x7C, 0xFC, 0x1F, 0xFC, 0x07,
    0xF8, 0x00, 0x1F, 0x81, 0xFF, 0x1F, 0x79, 0xC0, 0xEE, 0x07, 0x7E, 0x3B, 0xFE, 0xFD, 0xFF, 0xE1,
    0xF7, 0x03, 0xBC, 0x1C, 0xF3, 0xC3, 0xFE, 0x0F, 0xC0, 0xE0, 0x07, 0xF0, 0x03, 0xDC, 0x03, 0xCE,
    0x01, 0xC7, 0x01, 0xE1, 0xC0, 0xE0, 0xE0, 0x70, 0x70, 0x70, 0x1C, 0x38, 0x0E, 0x1C, 0x07, 0x1C,
    0x01, 0xCE, 0x00, 0xE7, 0x00, 0x77, 0x00, 0x1F, 0x80, 0x0F, 0xC0, 0x03, 0xC0, 0x01, 0xE0, 0x00,
    0xE0, 0x3B, 0x81, 0xDC, 0x1E, 0xE0, 0xE3, 0x87, 0x1C, 0x70, 0xE3, 0x83, 0x9C, 0x1D, 0xC0, 0xEE,
    0x03, 0xF0, 0x1F, 0x00, 0xF8, 0x03, 0xC0, 0x00, 0x60, 0x1C, 0x03, 0x80, 0x70, 0x0F, 0xFF, 0xFF,
    0xFF, 0x00, 0xE0, 0x1C, 0x03, 0x80, 0x70, 0x0E, 0x01, 0xC0, 0x38, 0x07, 0x00, 0xE0, 0x1C, 0x03,
    0x80, 0x70, 0x0E, 0x01, 0xC0, 0x38, 0x00, 0x01, 0x80, 0x70, 0x1F, 0xFF, 0xFF, 0xF8, 0x0E, 0x03,
    0x80, 0xE0, 0x38, 0x0E, 0x03, 0x80, 0xE0, 0x38, 0x0E, 0x03, 0x80, 0xE0, 0x00, 0x3F, 0xFC, 0xFF,
    0xF3, 0x80, 0x0E, 0x00, 0x38, 0x00, 0xE0, 0x03, 0x80, 0x0E, 0x00, 0xFF, 0xC3, 0xFF, 0x03, 0x80,
    0x0E, 0x00, 0x38, 0x00, 0xE0, 0x03, 0x80, 0x0E, 0x00, 0x38, 0x00, 0xE0, 0x00, 0x3F, 0xF3, 0xFF,
    0x38, 0x03, 0x80, 0x38, 0x03, 0x80, 0xFF, 0x8F, 0xF8, 0x38, 0x03, 0x80, 0x38, 0x03, 0x80, 0x38,
    0x03, 0x80, 0xF0, 0x38, 0x3C, 0xF0, 0x70, 0x70, 0xF0, 0xE1, 0xC0, 0xE1, 0xC7, 0x00, 0xE3, 0x9E,
    0x00, 0xE7, 0x78, 0x01, 0xEE, 0xE0, 0x01, 0xFF, 0x80, 0x01, 0xFE, 0x00, 0x03, 0xFC, 0x00, 0x0E,
    0xFC, 0x00, 0x3D, 0xDC, 0x00, 0xF3, 0xBC, 0x01, 0xC7, 0x3C, 0x07, 0x0E, 0x3C, 0x1C, 0x1C, 0x3F,
    0x78, 0x38, 0x3F, 0xE0, 0x70, 0x3C, 0x00, 0x00, 0x38, 0x00, 0x00, 0x70, 0x00, 0x00, 0xE0, 0x00,
    0x01, 0xC0, 0x70, 0x70, 0xE1, 0xC3, 0x8E, 0x07, 0x1C, 0xE0, 0x3C, 0xEF, 0x00, 0xF7, 0xF0, 0x03,
    0xBF, 0x00, 0x0F, 0xF0, 0x00, 0x7F, 0x80, 0x07, 0x7E, 0x00, 0x7B, 0xB8, 0x07, 0x9D, 0xE0, 0x78,
    0xE7, 0x07, 0x87, 0x1F, 0xF8, 0x38, 0x7C, 0x00, 0x00, 0xE0, 0x00, 0x07, 0x00, 0x00, 0x38, 0xE0,
    0x7B, 0x83, 0xCE, 0x1E, 0x38, 0x70, 0xE3, 0x83, 0x9C, 0x0E, 0xE0, 0x3F, 0x00, 0xF8, 0x03, 0xE0,
    0x0F, 0xC0, 0x3B, 0x80, 0xE7, 0x03, 0x8E, 0x0E, 0x1C, 0x38, 0x3F, 0xE0, 0x7F, 0x80, 0xF0, 0x01,
    0xC0, 0x07, 0x00, 0x1C, 0x00, 0x70, 0xE1, 0xEE, 0x3C, 0xE3, 0x8E, 0x70, 0xEE, 0x0F, 0xC0, 0xF8,
    0x0F, 0x80, 0xFC, 0x0E, 0xE0, 0xE7, 0x0E, 0x38, 0xE1, 0xFE, 0x0F, 0x00, 0x70, 0x07, 0x00, 0x70,
    0xE0, 0x1C, 0xE0, 0x1C, 0xE0, 0x1C, 0xE0, 0x1C, 0xE0, 0x1C, 0xE0, 0x1C, 0xE0, 0x1C, 0xE0, 0x1C,
    0xFF, 0xFC, 0xFF, 0xFC, 0xE0, 0x1C, 0xE0, 0x1C, 0xE0, 0x1C, 0xE0, 0x1C, 0xE0, 0x1C, 0xE0, 0x1C,
    0xE0, 0x1F, 0xE0, 0x1F, 0x00, 0x07, 0x00, 0x07, 0x00, 0x07, 0x00, 0x07, 0xE0, 0xE7, 0x07, 0x38,
    0x39, 0xC1, 0xCE, 0x0E, 0x70, 0x73, 0xFF, 0x9F, 0xFC, 0xE0, 0xE7, 0x07, 0x38, 0x39, 0xC1, 0xCE,
    0x0F, 0xF0, 0x7C, 0x00, 0xE0, 0x07, 0x00, 0x38, 0x70, 0x0F, 0x78, 0x0E, 0x38, 0x1C, 0x3C, 0x1C,
    0x1C, 0x38, 0x0E, 0x78, 0x0E, 0x70, 0x07, 0xE0, 0x07, 0xE0, 0x03, 0xC0, 0x01, 0xC0, 0x01, 0xC0,
    0x01, 0xC0, 0x01, 0xC0, 0x01, 0xC0, 0x01, 0xC0, 0x01, 0xC0, 0x01, 0xC0, 0x70, 0x1D, 0xC0, 0xE7,
    0x03, 0x8E, 0x0C, 0x38, 0x70, 0xE1, 0xC1, 0xCE, 0x07, 0x38, 0x0E, 0xE0, 0x3F, 0x00, 0xFC, 0x01,
    0xF0, 0x07, 0x80, 0x1E, 0x00, 0x38, 0x00, 0xE0, 0x03, 0x80, 0x0E, 0x00, 0xE0, 0x0E, 0xE0, 0x39,
    0xE0, 0x71, 0xC1, 0xC1, 0xC3, 0x83, 0xCE, 0x03, 0xBC, 0x07, 0xF0, 0x07, 0xE0, 0x07, 0x80, 0xFF,
    0xE1, 0xFF, 0xC0, 0x38, 0x00, 0x70, 0x00, 0xE0, 0x01, 0xC0, 0x03, 0x80, 0x07, 0x00, 0xE0, 0x3F,
    0x81, 0xDC, 0x1C, 0xE0, 0xE3, 0x87, 0x1C, 0x70, 0xE3, 0x83, 0x9C, 0x1D, 0xC0, 0x7E, 0x03, 0xF0,
    0x1F, 0x07, 0xFF, 0x3F, 0xF8, 0x1C, 0x00, 0xE0, 0x07, 0x00, 0x38, 0x00, 0x70, 0x0E, 0x3C, 0x0F,
    0x0F, 0x07, 0x03, 0x87, 0x01, 0xE7, 0x80, 0x73, 0x80, 0x1F, 0x80, 0x0F, 0xC0, 0x03, 0xC0, 0x01,
    0xE0, 0x01, 0xF8, 0x00, 0xFE, 0x00, 0xE7, 0x00, 0xF3, 0xC0, 0x70, 0xE0, 0x70, 0x3E, 0x78, 0x1F,
    0xB8, 0x07, 0xC0, 0x00, 0xE0, 0x00, 0x70, 0x00, 0x38, 0x00, 0x1C, 0x70, 0x38, 0x70, 0xE0, 0xF3,
    0xC0, 0xE7, 0x00, 0xFC, 0x01, 0xF8, 0x01, 0xE0, 0x03, 0xC0, 0x0F, 0xC0, 0x3F, 0x80, 0x73, 0x81,
    0xC3, 0x87, 0x87, 0xEE, 0x07, 0xC0, 0x03, 0x80, 0x07, 0x00, 0x0E, 0xE0, 0x1C, 0xE0, 0x1C, 0xE0,
    0x1C, 0xE0, 0x1C, 0xE0, 0x1C, 0xE0, 0x1C, 0xE0, 0x1C, 0xE0, 0x1C, 0xE0, 0x3C, 0xF9, 0xFC, 0x7F,
    0xFC, 0x3F, 0xDC, 0x00, 0x1C, 0x00, 0x1C, 0x00, 0x1C, 0x00, 0x1C, 0x00, 0x1F, 0x00, 0x1F, 0x00,
    0x07, 0x00, 0x07, 0x00, 0x07, 0x00, 0x07, 0xE0, 0xE7, 0x07, 0x38, 0x39, 0xC1, 0xCE, 0x0E, 0x70,
    0x73, 0x83, 0x9E, 0x7C, 0xFF, 0xE1, 0xFF, 0x00, 0x38, 0x01, 0xC0, 0x0F, 0x80, 0x7C, 0x00, 0xE0,
    0x07, 0x00, 0x38, 0xE0, 0x03, 0x80, 0x0E, 0x00, 0x38, 0x00, 0xE0, 0x03, 0x80, 0x0F, 0xFE, 0x3F,
    0xFC, 0xFC, 0x7B, 0x80, 0xEE, 0x01, 0xB8, 0x07, 0xE0, 0x1F, 0x80, 0x7E, 0x01, 0xF8, 0x07, 0xE0,
    0x1F, 0x80, 0x70, 0xE0, 0x1C, 0x03, 0x80, 0x70, 0x0F, 0xF9, 0xFF, 0xBE, 0xF7, 0x0E, 0xE1, 0xFC,
    0x1F, 0x83, 0xF0, 0x7E, 0x0F, 0xC1, 0xF8, 0x3F, 0x07, 0xE0, 0xFC, 0x1C, 0xFF, 0xFF, 0xFF, 0xFF,
    0xFF, 0xFF, 0xFC, 0xFF, 0xFF, 0xFF, 0xFF, 0xFF, 0xFF, 0xFC, 0x0F, 0xE0, 0x3F, 0xF8, 0x3E, 0xFC,
    0x78, 0x1C, 0xF0, 0x0E, 0x60, 0x0E, 0x00, 0x0E, 0x00, 0x06, 0xFF, 0xFF, 0xFF, 0xFF, 0xE0, 0x06,
    0xE0, 0x0E, 0xE0, 0x0E, 0xF0, 0x1E, 0x78, 0x1C, 0x3E, 0xFC, 0x1F, 0xF8, 0x0F, 0xE0, 0x1F, 0x81,
    0xFF, 0x1F, 0x78, 0xE0, 0xE0, 0x07, 0x00, 0x1B, 0xFF, 0xFF, 0xFF, 0xE0, 0x73, 0x03, 0x9C, 0x1C,
    0xFB, 0xC3, 0xFE, 0x0F, 0xC0, 0x1F, 0xC0, 0x7F, 0x00, 0x00, 0x00, 0x00, 0x00, 0x03, 0x80, 0xFE,
    0x03, 0xF8, 0x1F, 0xE0, 0x7F, 0x83, 0xFE, 0x1D, 0xF8, 0x77, 0xE3, 0x9F, 0x8E, 0x7E, 0x71, 0xF9,
    0xC7, 0xEE, 0x1F, 0xB0, 0x7F, 0xC1, 0xFE, 0x07, 0xF8, 0x1F, 0xC0, 0x7F, 0x01, 0xC0, 0x3F, 0x87,
    0xF0, 0x00, 0x00, 0x0E, 0x1F, 0xC3, 0xF8, 0xFF, 0x1F, 0xE7, 0xFC, 0xDF, 0xBB, 0xFE, 0x7F, 0xCF,
    0xF1, 0xFE, 0x3F, 0x87, 0xF0, 0xFC, 0x1C, 0x0F, 0xF0, 0x1F, 0xF8, 0x3E, 0x7C, 0x70, 0x0E, 0xF0,
    0x07, 0xE0, 0x07, 0xE0, 0x07, 0xFF, 0xFF, 0xFF, 0xFF, 0xE0, 0x07, 0xE0, 0x07, 0xE0, 0x07, 0xE0,
    0x07, 0xF0, 0x0F, 0x78, 0x1E, 0x3E, 0x7C, 0x1F, 0xF8, 0x0F, 0xF0, 0x1F, 0x83, 0xFC, 0x79, 0xEF,
    0x0F, 0xE0, 0x7E, 0x07, 0xFF, 0xFF, 0xFF, 0xE0, 0x7E, 0x07, 0xF0, 0xF7, 0x9E, 0x3F, 0xC1, 0xF8,
    0x07, 0xF0, 0x03, 0xF8, 0x00, 0x00, 0x00, 0x00, 0x00, 0x00, 0x03, 0x80, 0x39, 0xC0, 0x1C, 0x70,
    0x1C, 0x38, 0x0E, 0x0E, 0x0E, 0x07, 0x07, 0x01, 0xC7, 0x00, 0xE3, 0x80, 0x39, 0xC0, 0x1D, 0xC0,
    0x07, 0xE0, 0x03, 0xE0, 0x00, 0xF0, 0x00, 0x70, 0x00, 0x38, 0x01, 0xF8, 0x00, 0xFC, 0x00, 0x7C,
    0x00, 0x0F, 0xE0, 0x3F, 0x80, 0x00, 0x00, 0x00, 0x70, 0x1D, 0xC0, 0x73, 0x83, 0x8E, 0x0E, 0x38,
    0x38, 0x71, 0xC1, 0xC7, 0x07, 0x1C, 0x0E, 0xE0, 0x3B, 0x80, 0xFC, 0x01, 0xF0, 0x07, 0xC0, 0x0E,
    0x00, 0x38, 0x00, 0xE0, 0x1F, 0x00, 0x78, 0x00, 0x03, 0xC0, 0x03, 0xC0, 0x07, 0xE0, 0x07, 0xE0,
    0x07, 0x70, 0x0E, 0x70, 0x0E, 0x70, 0x0E, 0x38, 0x1C, 0x38, 0x1C, 0x38, 0x1F, 0xFC, 0x3F, 0xFC,
    0x3F, 0xFC, 0x78, 0x0E, 0x70, 0x0E, 0x70, 0x0E, 0xF0, 0x07, 0xE0, 0x07, 0x00, 0x00, 0x00, 0x00,
    0x01, 0xC0, 0x01, 0xC0, 0x3F, 0x87, 0xFC, 0x7B, 0xEE, 0x0E, 0xE0, 0xE0, 0x1E, 0x3F, 0xE7, 0xFE,
    0xF0, 0xEE, 0x0E, 0xE0, 0xEF, 0x7F, 0xFF, 0xF7, 0xF7, 0x00, 0x00, 0x00, 0x0E, 0x00, 0xE0, 0x03,
    0xE0, 0x00, 0xF8, 0x00, 0x0F, 0x00, 0x03, 0x80, 0x00, 0xC0, 0x00, 0x00, 0x00, 0x3E, 0x00, 0x0F,
    0x80, 0x03, 0xF0, 0x01, 0xDC, 0x00, 0x77, 0x00, 0x1C, 0xE0, 0x0E, 0x38, 0x03, 0x8F, 0x00, 0xE1,
    0xC0, 0x70, 0x70, 0x1F, 0xFE, 0x0F, 0xFF, 0x83, 0xFF, 0xE0, 0xE0, 0x1C, 0x78, 0x07, 0x1C, 0x01,
    0xE7, 0x00, 0x3B, 0x80, 0x0E, 0x00, 0x01, 0xF0, 0x1F, 0x00, 0x78, 0x07, 0x00, 0x60, 0x00, 0x03,
    0xF8, 0x7F, 0xC7, 0xBE, 0xE0, 0xEE, 0x0E, 0x01, 0xE3, 0xFE, 0x7F, 0xEF, 0x0E, 0xE0, 0xEE, 0x0E,
    0xF7, 0xFF, 0xFF, 0x7F, 0x70, 0x00, 0x1C, 0x00, 0x0E, 0x00, 0x7E, 0x00, 0x7C, 0x00, 0x3E, 0x00,
    0x3B, 0x80, 0x18, 0xC0, 0x00, 0x00, 0x03, 0xC0, 0x01, 0xF0, 0x00, 0xF8, 0x00, 0xFC, 0x00, 0x77,
    0x00, 0x3B, 0x80, 0x38, 0xC0, 0x1C, 0x70, 0x1E, 0x38, 0x0E, 0x0E, 0x07, 0xFF, 0x07, 0xFF, 0x83,
    0xFF, 0xE1, 0xC0, 0x71, 0xC0, 0x38, 0xE0, 0x0E, 0x70, 0x07, 0x70, 0x03, 0x80, 0x00, 0x70, 0x0E,
    0x00, 0xC0, 0xF0, 0x1F, 0x83, 0x98, 0x00, 0x03, 0xF8, 0x7F, 0xC7, 0xBE, 0xE0, 0xEE, 0x0E, 0x01,
    0xE3, 0xFE, 0x7F, 0xEF, 0x0E, 0xE0, 0xEE, 0x0E, 0xF7, 0xFF, 0xFF, 0x7F, 0x70, 0x00, 0x38, 0x00,
    0x1C, 0x00, 0x77, 0x00, 0x7C, 0x00, 0x3E, 0x00, 0x3B, 0x80, 0x18, 0xC0, 0x00, 0x00, 0x03, 0xC0,
    0x01, 0xF0, 0x00, 0xF8, 0x00, 0xFC, 0x00, 0x77, 0x00, 0x3B, 0x80, 0x38, 0xC0, 0x1C, 0x70, 0x1E,
    0x38, 0x0E, 0x0E, 0x07, 0xFF, 0x07, 0xFF, 0x83, 0xFF, 0xE1, 0xC0, 0x71, 0xC0, 0x38, 0xE0, 0x0E,
    0x70, 0x07, 0x70, 0x03, 0x80, 0x01, 0xC0, 0x0E, 0x00, 0xE0, 0xF0, 0x1F, 0x83, 0x98, 0x00, 0x03,
    0xF8, 0x7F, 0xC7, 0xBE, 0xE0, 0xEE, 0x0E, 0x01, 0xE3, 0xFE, 0x7F, 0xEF, 0x0E, 0xE0, 0xEE, 0x0E,
    0xF7, 0xFF, 0xFF, 0x7F, 0x70, 0x00, 0x78, 0x00, 0x1C, 0x00, 0x06, 0x00, 0x3F, 0x00, 0x3E, 0x00,
    0x1B, 0x80, 0x18, 0xC0, 0x00, 0x00, 0x01, 0xE0, 0x01, 0xF0, 0x00, 0xF8, 0x00, 0x7E, 0x00, 0x77,
    0x00, 0x39, 0x80, 0x1C, 0xE0, 0x1C, 0x70, 0x0E, 0x18, 0x07, 0x0E, 0x07, 0xFF, 0x03, 0xFF, 0x83,
    0xFF, 0xE1, 0xC0, 0x70, 0xE0, 0x3C, 0xF0, 0x0E, 0x70, 0x07, 0x38, 0x03, 0xC0, 0x01, 0xE0, 0x1E,
    0x00, 0x60, 0x0E, 0x0F, 0xC1, 0xF8, 0x39, 0xC0, 0x00, 0x3F, 0x87, 0xFC, 0x7B, 0xEE, 0x0E, 0xE0,
    0xE0, 0x1F, 0x3F, 0xF7, 0xFF, 0xF0, 0x7E, 0x0F, 0xE0, 0xFF, 0x3F, 0xFF, 0xF7, 0xF7, 0x07, 0xF8,
    0x03, 0xF8, 0x01, 0x18, 0x00, 0x38, 0x00, 0x3E, 0x00, 0x3B, 0x80, 0x18, 0xC0, 0x00, 0x00, 0x03,
    0xE0, 0x01, 0xF0, 0x00, 0xF8, 0x00, 0xEE, 0x00, 0x77, 0x00, 0x3B, 0x80, 0x38, 0xE0, 0x1C, 0x70,
    0x0E, 0x38, 0x0E, 0x0E, 0x07, 0xFF, 0x03, 0xFF, 0x83, 0xFF, 0xE1, 0xC0, 0x70, 0xE0, 0x3C, 0xE0,
    0x0E, 0x70, 0x07, 0x78, 0x01, 0xC0, 0x3F, 0xC3, 0xF8, 0x23, 0x00, 0x00, 0x0F, 0x01, 0xF8, 0x3B,
    0x80, 0x00, 0x3F, 0x87, 0xFC, 0xFB, 0xEE, 0x0E, 0xE0, 0xE0, 0x1E, 0x3F, 0xE7, 0xFE, 0xF0, 0xEE,
    0x0E, 0xE0, 0xEF, 0x7F, 0xFF, 0xF7, 0xF7, 0x01, 0xC0, 0x03, 0xC0, 0x07, 0xE0, 0x06, 0x70, 0x00,
    0x00, 0x00, 0x00, 0x03, 0xC0, 0x03, 0xC0, 0x07, 0xE0, 0x07, 0xE0, 0x07, 0x70, 0x0E, 0x70, 0x0E,
    0x70, 0x0E, 0x38, 0x1C, 0x38, 0x1C, 0x38, 0x1F, 0xFC, 0x3F, 0xFC, 0x3F, 0xFC, 0x78, 0x0E, 0x70,
    0x0E, 0x70, 0x0E, 0xF0, 0x07, 0xE0, 0x07, 0x00, 0x00, 0x00, 0x00, 0x01, 0xC0, 0x01, 0xC0, 0x0F,
    0x01, 0xF8, 0x1D, 0x83, 0x98, 0x00, 0x03, 0xF8, 0x7F, 0xC7, 0xBE, 0xE0, 0xEE, 0x0E, 0x01, 0xE3,
    0xFE, 0x7F, 0xEF, 0x0E, 0xE0, 0xEE, 0x0E, 0xF7, 0xFF, 0xFF, 0x7F, 0x70, 0x00, 0x00, 0x00, 0xE0,
    0x0E, 0x00, 0x00, 0xE0, 0x00, 0x70, 0x00, 0x30, 0x00, 0xEE, 0x00, 0x7F, 0x00, 0x1F, 0x00, 0x00,
    0x00, 0x00, 0x00, 0x03, 0xE0, 0x01, 0xF0, 0x00, 0xF8, 0x00, 0xEE, 0x00, 0x77, 0x00, 0x3B, 0x80,
    0x38, 0xE0, 0x1C, 0x70, 0x0E, 0x38, 0x0E, 0x0E, 0x07, 0xFF, 0x03, 0xFF, 0x83, 0xFF, 0xE1, 0xC0,
    0x71, 0xE0, 0x3C, 0xE0, 0x0E, 0x70, 0x07, 0x78, 0x01, 0xC0, 0x03, 0x00, 0x70, 0x06, 0x00, 0x00,
    0x39, 0x83, 0xF8, 0x1F, 0x00, 0x00, 0x3F, 0x87, 0xFC, 0x7B, 0xEE, 0x0E, 0xE0, 0xE0, 0x1E, 0x3F,
    0xE7, 0xFE, 0xF8, 0xEE, 0x0E, 0xE0, 0xEF, 0x3F, 0xFF, 0xF7, 0xE7, 0x03, 0x80, 0x00, 0xC0, 0x00,
    0x70, 0x00, 0xEE, 0x00, 0x7F, 0x00, 0x1F, 0x00, 0x00, 0x00, 0x00, 0x00, 0x03, 0xE0, 0x01, 0xF0,
    0x00, 0xF8, 0x00, 0xEE, 0x00, 0x77, 0x00, 0x3B, 0x80, 0x38, 0xE0, 0x1C, 0x70, 0x0E, 0x38, 0x0E,
    0x0E, 0x07, 0xFF, 0x03, 0xFF, 0x83, 0xFF, 0xE1, 0xC0, 0x71, 0xE0, 0x3C, 0xE0, 0x0E, 0x70, 0x07,
    0x78, 0x01, 0xC0, 0x1C, 0x00, 0xC0, 0x0E, 0x00, 0x00, 0x39, 0x83, 0xF8, 0x1F, 0x00, 0x00, 0x3F,
    0x87, 0xFC, 0x7B, 0xEE, 0x0E, 0xE0, 0xE0, 0x1E, 0x3F, 0xE7, 0xFE, 0xF8, 0xEE, 0x0E, 0xE0, 0xEF,
    0x3F, 0xFF, 0xF7, 0xE7, 0x03, 0xC0, 0x00, 0xE0, 0x00, 0x30, 0x00, 0xDE, 0x00, 0x77, 0x00, 0x3F,
    0x80, 0x0F, 0x80, 0x00, 0x00, 0x00, 0x00, 0x01, 0xE0, 0x00, 0xF8, 0x00, 0x7C, 0x00, 0x76, 0x00,
    0x3B, 0x80, 0x1D, 0xC0, 0x1C, 0x60, 0x0E, 0x38, 0x07, 0x1C, 0x07, 0x07, 0x03, 0xFF, 0x81, 0xFF,
    0xC1, 0xFF, 0xF0, 0xE0, 0x38, 0xF0, 0x1C, 0x70, 0x07, 0x38, 0x03, 0xBC, 0x00, 0xE0, 0x0F, 0x00,
    0xF0, 0x03, 0x03, 0x38, 0x39, 0x83, 0xF8, 0x1F, 0x00, 0x00, 0x00, 0x03, 0xF8, 0x7F, 0xC7, 0xBE,
    0xE0, 0xEE, 0x0E, 0x01, 0xE3, 0xFE, 0x7F, 0xEF, 0x8E, 0xE0, 0xEE, 0x0E, 0xF3, 0xFF, 0xFF, 0x7E,
    0x70, 0x07, 0xF8, 0x03, 0xF8, 0x01, 0x00, 0x00, 0xC6, 0x00, 0x77, 0x00, 0x3F, 0x80, 0x0F, 0x80,
    0x00, 0x00, 0x00, 0x00, 0x01, 0xF0, 0x00, 0xF8, 0x00, 0x7C, 0x00, 0x77, 0x00, 0x3B, 0x80, 0x1D,
    0xC0, 0x1C, 0x70, 0x0E, 0x38, 0x07, 0x1C, 0x07, 0x07, 0x03, 0xFF, 0x81, 0xFF, 0xE1, 0xFF, 0xF0,
    0xE0, 0x38, 0x70, 0x0E, 0x70, 0x07, 0x38, 0x03, 0xBC, 0x00, 0xE0, 0x3C, 0xC3, 0xF8, 0x27, 0x82,
    0x00, 0x00, 0x03, 0x98, 0x3F, 0x81, 0xF0, 0x00, 0x03, 0xF8, 0x7F, 0xCF, 0xBE, 0xE0, 0xEE, 0x0E,
    0x01, 0xE3, 0xFE, 0x7F, 0xEF, 0x8E, 0xE0, 0xEE, 0x0E, 0xF3, 0xFF, 0xFF, 0x7E, 0x70, 0x06, 0x30,
    0x03, 0xB8, 0x01, 0xFC, 0x00, 0x7C, 0x00, 0x00, 0x00, 0x00, 0x00, 0x0F, 0x00, 0x07, 0xC0, 0x07,
    0xE0, 0x03, 0xF0, 0x01, 0xDC, 0x01, 0xCE, 0x00, 0xE7, 0x00, 0x71, 0xC0, 0x70, 0xE0, 0x38, 0x38,
    0x1F, 0xFC, 0x1F, 0xFE, 0x0F, 0xFF, 0x87, 0x01, 0xC7, 0x80, 0xE3, 0x80, 0x39, 0xC0, 0x1D, 0xE0,
    0x07, 0x00, 0x00, 0x00, 0x00, 0x00, 0x70, 0x00, 0x38, 0x00, 0x31, 0x83, 0xF8, 0x1F, 0x81, 0xF0,
    0x00, 0x03, 0xF8, 0x7F, 0xC7, 0xBE, 0xE0, 0xEE, 0x0E, 0x01, 0xE3, 0xFE, 0x7F, 0xEF, 0x8E, 0xE0,
    0xEE, 0x0E, 0xF3, 0xFF, 0xFF, 0x7E, 0x70, 0x00, 0x00, 0x00, 0xE0, 0x0E, 0x00, 0xFF, 0xFF, 0xFF,
    0x80, 0x70, 0x0E, 0x01, 0xC0, 0x38, 0x07, 0x00, 0xFF, 0xFF, 0xFF, 0x80, 0x70, 0x0E, 0x01, 0xC0,
    0x38, 0x07, 0x00, 0xFF, 0xFF, 0xFC, 0x00, 0x00, 0x00, 0xE0, 0x1C, 0x00, 0x1F, 0x83, 0xFC, 0x7F,
    0xEF, 0x0F, 0xE0, 0x7E, 0x07, 0xFF, 0xFF, 0xFF, 0xE0, 0x0E, 0x00, 0xE0, 0x77, 0xDF, 0x3F, 0xE1,
    0xFC, 0x00, 0x00, 0x00, 0x07, 0x00, 0x70, 0x1F, 0x03, 0xE0, 0x1C, 0x03, 0x80, 0x60, 0x00, 0x3F,
    0xFF, 0xFF, 0xE0, 0x1C, 0x03, 0x80, 0x70, 0x0E, 0x01, 0xC0, 0x3F, 0xFF, 0xFF, 0xE0, 0x1C, 0x03,
    0x80, 0x70, 0x0E, 0x01, 0xC0, 0x3F, 0xFF, 0xFF, 0x00, 0x00, 0xF0, 0x0F, 0x00, 0x78, 0x07, 0x00,
    0x60, 0x00, 0x01, 0xF8, 0x3F, 0xC7, 0xFE, 0xF0, 0xFE, 0x07, 0xE0, 0x7F, 0xFF, 0xFF, 0xFE, 0x00,
    0xE0, 0x0E, 0x07, 0x7D, 0xE3, 0xFE, 0x1F, 0x80, 0x00, 0xC7, 0xF8, 0xFE, 0x13, 0xC0, 0x00, 0x00,
    0x3F, 0xFF, 0xFF, 0xE0, 0x1C, 0x03, 0x80, 0x70, 0x0E, 0x01, 0xC0, 0x3F, 0xFF, 0xFF, 0xE0, 0x1C,
    0x03, 0x80, 0x70, 0x0E, 0x01, 0xC0, 0x3F, 0xFF, 0xFF, 0x00, 0x03, 0xFC, 0x3F, 0xC0, 0x00, 0x00,
    0x01, 0xF8, 0x3F, 0xC7, 0xFE, 0xE0, 0xFE, 0x07, 0xE0, 0x7F, 0xFF, 0xFF, 0xFE, 0x00, 0xE0, 0x0E,
    0x07, 0x79, 0xE3, 0xFE, 0x1F, 0x80, 0x00, 0x60, 0x0E, 0x0E, 0xC0, 0xF0, 0x1F, 0x83, 0xB8, 0x30,
    0x80, 0x00, 0xFF, 0xEF, 0xFE, 0xE0, 0x0E, 0x00, 0xE0, 0x0E, 0x00, 0xE0, 0x0E, 0x00, 0xFF, 0xEF,
    0xFE, 0xE0, 0x0E, 0x00, 0xE0, 0x0E, 0x00, 0xE0, 0x0E, 0x00, 0xFF, 0xEF, 0xFE, 0x00, 0x70, 0x03,
    0x00, 0x38, 0x1E, 0x01, 0xF8, 0x0C, 0xE0, 0x00, 0x03, 0xF0, 0x3F, 0xC3, 0xFF, 0x3C, 0x3D, 0xC0,
    0xEE, 0x07, 0x7F, 0xFB, 0xFF, 0xDC, 0x00, 0xE0, 0x07, 0x03, 0x9F, 0x78, 0x7F, 0xC1, 0xF8, 0x00,
    0x01, 0xC0, 0x1C, 0x3B, 0x87, 0x81, 0xF8, 0x77, 0x0C, 0x20, 0x00, 0xFF, 0xFF, 0xFF, 0x80, 0x70,
    0x0E, 0x01, 0xC0, 0x38, 0x07, 0x00, 0xFF, 0xFF, 0xFF, 0x80, 0x70, 0x0E, 0x01, 0xC0, 0x38, 0x07,
    0x00, 0xFF, 0xFF, 0xFC, 0x01, 0xE0, 0x0E, 0x00, 0x60, 0xF0, 0x1F, 0x81, 0x9C, 0x00, 0x01, 0xF8,
    0x3F, 0xC7, 0xFE, 0xF0, 0xFE, 0x07, 0xE0, 0x7F, 0xFF, 0xFF, 0xFE, 0x00, 0xE0, 0x0E, 0x07, 0x7D,
    0xE3, 0xFE, 0x1F, 0x80, 0x03, 0xC0, 0x38, 0x03, 0x07, 0xE1, 0xF0, 0x77, 0x0C, 0x60, 0x00, 0xFF,
    0xFF, 0xFF, 0x80, 0x70, 0x0E, 0x01, 0xC0, 0x38, 0x07, 0x00, 0xFF, 0xFF, 0xFF, 0x80, 0x70, 0x0E,
    0x01, 0xC0, 0x38, 0x07, 0x00, 0xFF, 0xFF, 0xFC, 0x01, 0xC0, 0x1C, 0x00, 0xC0, 0x0C, 0x0F, 0xC1,
    0xF8, 0x19, 0x80, 0x00, 0x1F, 0x83, 0xFC, 0x7B, 0xEE, 0x0F, 0xE0, 0xFE, 0x07, 0xFF, 0xFF, 0xFF,
    0xE0, 0x0E, 0x00, 0xE0, 0x77, 0xDE, 0x3F, 0xE1, 0xF8, 0x3F, 0xC7, 0xF0, 0x8C, 0x07, 0x01, 0xF0,
    0x77, 0x0C, 0x60, 0x00, 0xFF, 0xFF, 0xFF, 0x80, 0x70, 0x0E, 0x01, 0xC0, 0x38, 0x07, 0x00, 0xFF,
    0xFF, 0xFF, 0x80, 0x70, 0x0E, 0x01, 0xC0, 0x38, 0x07, 0x00, 0xFF, 0xFF, 0xFC, 0x1F, 0xC1, 0xFC,
    0x11, 0x80, 0x00, 0x0F, 0x00, 0xF8, 0x1D, 0xC0, 0x00, 0x1F, 0x83, 0xFC, 0x7F, 0xEF, 0x07, 0xE0,
    0x7E, 0x07, 0xFF, 0xFF, 0xFF, 0xE0, 0x0E, 0x00, 0xE0, 0x77, 0xDE, 0x3F, 0xE1, 0xF8, 0x0E, 0x01,
    0xE0, 0x7E, 0x1C, 0xC0, 0x00, 0x00, 0x3F, 0xFF, 0xFF, 0xE0, 0x1C, 0x03, 0x80, 0x70, 0x0E, 0x01,
    0xC0, 0x3F, 0xFF, 0xFF, 0xE0, 0x1C, 0x03, 0x80, 0x70, 0x0E, 0x01, 0xC0, 0x3F, 0xFF, 0xFF, 0x00,
    0x00, 0x00, 0x38, 0x07, 0x00, 0x0F, 0x01, 0xF8, 0x19, 0xC0, 0x00, 0x1F, 0x83, 0xFC, 0x7F, 0xEF,
    0x0F, 0xE0, 0x7E, 0x07, 0xFF, 0xFF, 0xFF, 0xE0, 0x0E, 0x00, 0xE0, 0x77, 0xDF, 0x3F, 0xE1, 0xFC,
    0x00, 0x00, 0x00, 0x07, 0x00, 0x70, 0xF7, 0xBE, 0xE6, 0x01, 0xCE, 0x73, 0x9C, 0xE7, 0x39, 0xCE,
    0x73, 0x9C, 0xE7, 0x39, 0xCE, 0xF7, 0xBE, 0xE6, 0x01, 0xCE, 0x73, 0x9C, 0xE7, 0x39, 0xCE, 0x73,
    0x9C, 0xE0, 0xFF, 0xFF, 0xFF, 0xFF, 0xFF, 0xFF, 0xFC, 0x0F, 0xC0, 0xFC, 0x0F, 0xFF, 0xFF, 0xFF,
    0xFF, 0xFC, 0x0F, 0xC0, 0x0F, 0xF0, 0x0F, 0xFE, 0x0F, 0x9F, 0x8F, 0x03, 0xCF, 0x00, 0xF7, 0x00,
    0x3B, 0x80, 0x1D, 0xC0, 0x06, 0xE0, 0x03, 0xF0, 0x01, 0xF8, 0x00, 0xDC, 0x00, 0xEE, 0x00, 0x77,
    0x80, 0x79, 0xE0, 0x78, 0x7C, 0xFC, 0x1F, 0xFC, 0x07, 0xF8, 0x00, 0x00, 0x00, 0x00, 0x00, 0x1C,
    0x00, 0x0E, 0x00, 0x1F, 0x81, 0xFF, 0x1F, 0x79, 0xE0, 0xEE, 0x07, 0x70, 0x3B, 0x80, 0xFC, 0x07,
    0xE0, 0x77, 0x03, 0xBC, 0x1C, 0xFB, 0xC3, 0xFE, 0x0F, 0xC0, 0x00, 0x00, 0x00, 0x07, 0x00, 0x38,
    0x00, 0x07, 0xC0, 0x03, 0xE0, 0x00, 0x70, 0x00, 0x38, 0x00, 0x1C, 0x00, 0x0C, 0x00, 0x00, 0x00,
    0x1F, 0xE0, 0x1F, 0xFC, 0x1F, 0x3F, 0x1E, 0x07, 0x9E, 0x01, 0xEE, 0x00, 0x77, 0x00, 0x3B, 0x80,
    0x0D, 0xC0, 0x07, 0xE0, 0x03, 0xF0, 0x01, 0xB8, 0x01, 0xDC, 0x00, 0xEF, 0x00, 0xF3, 0xC0, 0xF0,
    0xF9, 0xF8, 0x3F, 0xF8, 0x0F, 0xF0, 0x00, 0x00, 0x00, 0x78, 0x03, 0xC0, 0x0F, 0x00, 0x70, 0x03,
    0x00, 0x00, 0x03, 0xF0, 0x3F, 0xE3, 0xEF, 0x3C, 0x1D, 0xC0, 0xEE, 0x07, 0x70, 0x1F, 0x80, 0xFC,
    0x0E, 0xE0, 0x77, 0x83, 0x9F, 0x78, 0x7F, 0xC1, 0xF8, 0x00, 0x00, 0x1C, 0x00, 0x1C, 0x00, 0x7E,
    0x00, 0x78, 0x00, 0x7E, 0x00, 0x33, 0x00, 0x19, 0xC0, 0x00, 0x00, 0x0F, 0xF0, 0x0F, 0xFE, 0x0F,
    0x9F, 0x8F, 0x03, 0xCF, 0x00, 0xF7, 0x00, 0x3B, 0x80, 0x1D, 0xC0, 0x06, 0xE0, 0x03, 0xF0, 0x01,
    0xF8, 0x00, 0xDC, 0x00, 0xEE, 0x00, 0x77, 0x80, 0x79, 0xE0, 0x78, 0x7C, 0xFC, 0x1F, 0xFC, 0x07,
    0xF8, 0x00, 0x00, 0x70, 0x03, 0x00, 0x38, 0x1E, 0x01, 0xF8, 0x0C, 0xE0, 0x00, 0x03, 0xF0, 0x3F,
    0xE3, 0xEF, 0x3C, 0x1D, 0xC0, 0xEE, 0x07, 0x70, 0x1F, 0x80, 0xFC, 0x0E, 0xE0, 0x77, 0x83, 0x9F,
    0x78, 0x7F, 0xC1, 0xF8, 0x00, 0x00, 0x70, 0x00, 0x1C, 0x00, 0x76, 0x00, 0x78, 0x00, 0x7E, 0x00,
    0x33, 0x00, 0x19, 0xC0, 0x00, 0x00, 0x0F, 0xF0, 0x0F, 0xFE, 0x0F, 0x9F, 0x8F, 0x03, 0xCF, 0x00,
    0xF7, 0x00, 0x3B, 0x80, 0x1D, 0xC0, 0x06, 0xE0, 0x03, 0xF0, 0x01, 0xF8, 0x00, 0xDC, 0x00, 0xEE,
    0x00, 0x77, 0x80, 0x79, 0xE0, 0x78, 0x7C, 0xFC, 0x1F, 0xFC, 0x07, 0xF8, 0x00, 0x01, 0xC0, 0x07,
    0x00, 0x18, 0x1E, 0x01, 0xF8, 0x0C, 0xE0, 0x00, 0x03, 0xF0, 0x3F, 0xE3, 0xEF, 0x3C, 0x1D, 0xC0,
    0xEE, 0x07, 0x70, 0x1F, 0x80, 0xFC, 0x0E, 0xE0, 0x77, 0x83, 0x9F, 0x78, 0x7F, 0xC1, 0xF8, 0x00,
    0x00, 0xF0, 0x00, 0x38, 0x00, 0x0C, 0x00, 0x76, 0x00, 0x3E, 0x00, 0x3E, 0x00, 0x1B, 0x80, 0x1C,
    0xC0, 0x00, 0x00, 0x07, 0xF8, 0x07, 0xFF, 0x07, 0xCF, 0xC7, 0x81, 0xE7, 0x80, 0x7B, 0x80, 0x1D,
    0xC0, 0x0E, 0xE0, 0x03, 0x70, 0x01, 0xF8, 0x00, 0xFC, 0x00, 0x6E, 0x00, 0x77, 0x00, 0x3B, 0xC0,
    0x3C, 0xF0, 0x3C, 0x3E, 0x7E, 0x0F, 0xFE, 0x03, 0xFC, 0x00, 0x01, 0xC0, 0x0E, 0x00, 0x30, 0x01,
    0x80, 0xFC, 0x0F, 0xC0, 0x66, 0x00, 0x00, 0x1F, 0x81, 0xFF, 0x1F, 0x79, 0xE0, 0xEE, 0x07, 0x70,
    0x3B, 0x80, 0xFC, 0x07, 0xE0, 0x77, 0x03, 0xBC, 0x1C, 0xFB, 0xC3, 0xFE, 0x0F, 0xC0, 0x07, 0xF0,
    0x03, 0xF8, 0x01, 0x18, 0x00, 0x38, 0x00, 0x3C, 0x00, 0x1F, 0x00, 0x1D, 0x80, 0x0C, 0xE0, 0x00,
    0x00, 0x07, 0xF8, 0x07, 0xFF, 0x07, 0xCF, 0xC7, 0x81, 0xE7, 0x80, 0x7B, 0x80, 0x1D, 0xC0, 0x0E,
    0xE0, 0x03, 0x70, 0x01, 0xF8, 0x00, 0xFC, 0x00, 0x6E, 0x00, 0x77, 0x00, 0x3B, 0xC0, 0x3C, 0xF0,
    0x3C, 0x3E, 0x7E, 0x0F, 0xFE, 0x03, 0xFC, 0x00, 0x1F, 0xC0, 0xFE, 0x04, 0x60, 0x00, 0x00, 0xF0,
    0x07, 0xC0, 0x77, 0x00, 0x00, 0x1F, 0x81, 0xFF, 0x1F, 0x79, 0xE0, 0xEE, 0x07, 0x70, 0x3B, 0x80,
    0xFC, 0x07, 0xE0, 0x77, 0x03, 0xBC, 0x1C, 0xFB, 0xC3, 0xFE, 0x0F, 0xC0, 0x01, 0xC0, 0x01, 0xE0,
    0x01, 0xF8, 0x00, 0xCE, 0x00, 0x00, 0x00, 0x00, 0x00, 0x3F, 0xC0, 0x3F, 0xF8, 0x3E, 0x7E, 0x3C,
    0x0F, 0x3C, 0x03, 0xDC, 0x00, 0xEE, 0x00, 0x77, 0x00, 0x1B, 0x80, 0x0F, 0xC0, 0x07, 0xE0, 0x03,
    0x70, 0x03, 0xB8, 0x01, 0xDE, 0x01, 0xE7, 0x81, 0xE1, 0xF3, 0xF0, 0x7F, 0xF0, 0x1F, 0xE0, 0x00,
    0x00, 0x00, 0x00, 0x00, 0x70, 0x00, 0x38, 0x00, 0x0F, 0x00, 0x7C, 0x07, 0x60, 0x33, 0x80, 0x00,
    0x0F, 0xC0, 0xFF, 0x8F, 0xBC, 0xF0, 0x77, 0x03, 0xB8, 0x1D, 0xC0, 0x7E, 0x03, 0xF0, 0x3B, 0x81,
    0xDE, 0x0E, 0x7D, 0xE1, 0xFF, 0x07, 0xE0, 0x00, 0x00, 0x00, 0x03, 0x80, 0x1C, 0x00, 0x00, 0xE0,
    0x00, 0xE7, 0x00, 0x73, 0x80, 0x00, 0xE0, 0x00, 0x60, 0x00, 0x70, 0x3F, 0xF8, 0x3F, 0xF8, 0x3E,
    0x7E, 0x3C, 0x0F, 0x3C, 0x03, 0xDC, 0x00, 0xEE, 0x00, 0x77, 0x00, 0x1B, 0x80, 0x0F, 0xC0, 0x07,
    0xE0, 0x03, 0x70, 0x03, 0xB8, 0x01, 0xDE, 0x01, 0xE7, 0x81, 0xE1, 0xF3, 0xF0, 0x7F, 0xF0, 0x1F,
    0xE0, 0x03, 0x80, 0x39, 0x81, 0xCC, 0x00, 0xE1, 0xFF, 0x1F, 0xF1, 0xF7, 0x9E, 0x0E, 0xE0, 0x77,
    0x03, 0xB8, 0x0F, 0xC0, 0x7E, 0x07, 0x70, 0x3B, 0xC1, 0xCF, 0xBC, 0x3F, 0xE0, 0xFC, 0x00, 0x07,
    0x00, 0x01, 0xC7, 0x00, 0xE3, 0x80, 0x00, 0xE0, 0x00, 0x60, 0x00, 0x70, 0x3F, 0xF8, 0x3F, 0xF8,
    0x3E, 0x7E, 0x3C, 0x0F, 0x3C, 0x03, 0xDC, 0x00, 0xEE, 0x00, 0x77, 0x00, 0x1B, 0x80, 0x0F, 0xC0,
    0x07, 0xE0, 0x03, 0x70, 0x03, 0xB8, 0x01, 0xDE, 0x01, 0xE7, 0x81, 0xE1, 0xF3, 0xF0, 0x7F, 0xF0,
    0x1F, 0xE0, 0x1C, 0x00, 0x61, 0x83, 0x8C, 0x00, 0xE1, 0xFF, 0x1F, 0xF1, 0xF7, 0x9E, 0x0E, 0xE0,
    0x77, 0x03, 0xB8, 0x0F, 0xC0, 0x7E, 0x07, 0x70, 0x3B, 0xC1, 0xCF, 0xBC, 0x3F, 0xE0, 0xFC, 0x00,
    0x07, 0xC0, 0x03, 0xE0, 0x00, 0x70, 0x00, 0x39, 0xC0, 0x1C, 0x60, 0x0C, 0x38, 0x00, 0x38, 0x1F,
    0xFC, 0x1F, 0xFC, 0x1F, 0x3F, 0x1E, 0x07, 0x9E, 0x01, 0xEE, 0x00, 0x77, 0x00, 0x3B, 0x80, 0x0D,
    0xC0, 0x07, 0xE0, 0x03, 0xF0, 0x01, 0xB8, 0x01, 0xDC, 0x00, 0xEF, 0x00, 0xF3, 0xC0, 0xF0, 0xF9,
    0xF8, 0x3F, 0xF8, 0x0F, 0xF0, 0x00, 0x00, 0x00, 0xF8, 0x07, 0xC0, 0x0F, 0x60, 0x73, 0x03, 0x1C,
    0x01, 0xC3, 0xFE, 0x3F, 0xE3, 0xEF, 0x3C, 0x1D, 0xC0, 0xEE, 0x07, 0x70, 0x1F, 0x80, 0xFC, 0x0E,
    0xE0, 0x77, 0x83, 0x9F, 0x78, 0x7F, 0xC1, 0xF8, 0x00, 0x0F, 0xB0, 0x07, 0xFF, 0x02, 0x7B, 0x80,
    0x00, 0xE0, 0x00, 0x60, 0x00, 0x70, 0x3F, 0xF8, 0x3F, 0xF8, 0x3E, 0x7E, 0x3C, 0x0F, 0x3C, 0x03,
    0xDC, 0x00, 0xEE, 0x00, 0x77, 0x00, 0x1B, 0x80, 0x0F, 0xC0, 0x07, 0xE0, 0x03, 0x70, 0x03, 0xB8,
    0x01, 0xDE, 0x01, 0xE7, 0x81, 0xE1, 0xF3, 0xF0, 0x7F, 0xF0, 0x1F, 0xE0, 0x00, 0xC1, 0xFF, 0x8F,
    0xEC, 0x00, 0x70, 0x07, 0x0F, 0xF8, 0xFF, 0x8F, 0xBC, 0xF0, 0x77, 0x03, 0xB8, 0x1D, 0xC0, 0x7E,
    0x03, 0xF0, 0x3B, 0x81, 0xDE, 0x0E, 0x7D, 0xE1, 0xFF, 0x07, 0xE0, 0x00, 0x0E, 0x00, 0x03, 0x00,
    0x01, 0xC0, 0x01, 0xC0, 0xFF, 0xE0, 0xFF, 0xE0, 0xF9, 0xF8, 0xF0, 0x3C, 0xF0, 0x0F, 0x70, 0x03,
    0xB8, 0x01, 0xDC, 0x00, 0x6E, 0x00, 0x3F, 0x00, 0x1F, 0x80, 0x0D, 0xC0, 0x0E, 0xE0, 0x07, 0x78,
    0x07, 0x9E, 0x07, 0x87, 0xCF, 0xC1, 0xFF, 0xC0, 0x7F, 0x80, 0x00, 0x00, 0x00, 0x00, 0x01, 0xC0,
    0x00, 0xE0, 0x00, 0x00, 0x30, 0x01, 0xC0, 0x1C, 0x3F, 0xE3, 0xFE, 0x3E, 0xF3, 0xC1, 0xDC, 0x0E,
    0xE0, 0x77, 0x01, 0xF8, 0x0F, 0xC0, 0xEE, 0x07, 0x78, 0x39, 0xF7, 0x87, 0xFC, 0x1F, 0x80, 0x00,
    0x00, 0x00, 0x0E, 0x00, 0x70, 0x00, 0xE0, 0x1F, 0x80, 0x7E, 0x01, 0xF8, 0x07, 0xE0, 0x1F, 0x80,
    0x7E, 0x01, 0xF8, 0x07, 0xE0, 0x1F, 0x80, 0x7E, 0x01, 0xF8, 0x07, 0xE0, 0x1F, 0x80, 0x7F, 0x03,
    0xDF, 0x3E, 0x3F, 0xF0, 0x7F, 0x80, 0x00, 0x00, 0x00, 0x07, 0x00, 0x1C, 0x00, 0xE0, 0xFC, 0x1F,
    0x83, 0xF0, 0x7E, 0x0F, 0xC1, 0xF8, 0x3F, 0x07, 0xE0, 0xFC, 0x3F, 0x87, 0xFF, 0xF7, 0xFE, 0x7D,
    0xC0, 0x00, 0x00, 0x0E, 0x01, 0xC0, 0x0F, 0x80, 0x3E, 0x00, 0x38, 0x00, 0xE0, 0x03, 0x80, 0x08,
    0x00, 0x00, 0x38, 0x07, 0xE0, 0x1F, 0x80, 0x7E, 0x01, 0xF8, 0x07, 0xE0, 0x1F, 0x80, 0x7E, 0x01,
    0xF8, 0x07, 0xE0, 0x1F, 0x80, 0x7E, 0x01, 0xF8, 0x06, 0xE0, 0x3B, 0xC0, 0xE7, 0xDF, 0x0F, 0xFC,
    0x1F, 0xC0, 0x00, 0x03, 0xC0, 0x78, 0x07, 0x00, 0xE0, 0x18, 0x00, 0x07, 0x07, 0xE0, 0xFC, 0x1F,
    0x83, 0xF0, 0x7E, 0x0F, 0xC1, 0xF8, 0x3F, 0x07, 0xE1, 0xFC, 0x3F, 0xFF, 0xBF, 0xF3, 0xEE, 0x01,
    0xC0, 0x03, 0x87, 0x03, 0x07, 0x00, 0x07, 0x00, 0x07, 0x00, 0x07, 0xE0, 0x1E, 0xE0, 0x1C, 0xE0,
    0x1C, 0xE0, 0x1C, 0xE0, 0x1C, 0xE0, 0x1C, 0xE0, 0x1C, 0xE0, 0x1C, 0xE0, 0x1C, 0xE0, 0x1C, 0xE0,
    0x1C, 0xE0, 0x1C, 0xE0, 0x18, 0xE0, 0x38, 0xF0, 0x38, 0x7D, 0xF0, 0x3F, 0xF0, 0x1F, 0xC0, 0x07,
    0x00, 0x31, 0xC3, 0x8E, 0x00, 0x7E, 0x0F, 0xF0, 0x73, 0x83, 0x9C, 0x1C, 0xE0, 0xE7, 0x07, 0x38,
    0x39, 0xC1, 0xCE, 0x0E, 0x70, 0xF3, 0x87, 0x9F, 0xFC, 0x7F, 0xE1, 0xF7, 0x00, 0x0E, 0x00, 0x0E,
    0x07, 0x07, 0x07, 0x00, 0x07, 0x00, 0x07, 0x00, 0x07, 0xE0, 0x1E, 0xE0, 0x1C, 0xE0, 0x1C, 0xE0,
    0x1C, 0xE0, 0x1C, 0xE0, 0x1C, 0xE0, 0x1C, 0xE0, 0x1C, 0xE0, 0x1C, 0xE0, 0x1C, 0xE0, 0x1C, 0xE0,
    0x1C, 0xE0, 0x18, 0xE0, 0x38, 0xF0, 0x38, 0x7D, 0xF0, 0x3F, 0xF0, 0x1F, 0xC0, 0x38, 0x00, 0xE1,
    0xC3, 0x0E, 0x00, 0x7E, 0x0F, 0xF0, 0x73, 0x83, 0x9C, 0x1C, 0xE0, 0xE7, 0x07, 0x38, 0x39, 0xC1,
    0xCE, 0x0E, 0x70, 0xF3, 0x87, 0x9F, 0xFC, 0x7F, 0xE1, 0xF7, 0x00, 0x0F, 0x80, 0x0F, 0x80, 0x03,
    0x80, 0x03, 0x87, 0x03, 0x87, 0x02, 0x07, 0x00, 0x07, 0xE0, 0x1F, 0xE0, 0x1C, 0xE0, 0x1C, 0xE0,
    0x1C, 0xE0, 0x1C, 0xE0, 0x1C, 0xE0, 0x1C, 0xE0, 0x1C, 0xE0, 0x1C, 0xE0, 0x1C, 0xE0, 0x1C, 0xE0,
    0x1C, 0xE0, 0x18, 0xE0, 0x38, 0xF0, 0x38, 0x7D, 0xF0, 0x3F, 0xF0, 0x1F, 0xC0, 0x00, 0x00, 0xF0,
    0x07, 0x80, 0x1C, 0x70, 0xE3, 0x86, 0x1C, 0x00, 0xFC, 0x1F, 0xE0, 0xE7, 0x07, 0x38, 0x39, 0xC1,
    0xCE, 0x0E, 0x70, 0x73, 0x83, 0x9C, 0x1C, 0xE1, 0xE7, 0x0F, 0x3F, 0xF8, 0xFF, 0xC3, 0xEE, 0x00,
    0x1F, 0xE0, 0x1F, 0xC7, 0x13, 0xC7, 0x00, 0x07, 0x00, 0x07, 0x00, 0x07, 0xE0, 0x1E, 0xE0, 0x1C,
    0xE0, 0x1C, 0xE0, 0x1C, 0xE0, 0x1C, 0xE0, 0x1C, 0xE0, 0x1C, 0xE0, 0x1C, 0xE0, 0x1C, 0xE0, 0x1C,
    0xE0, 0x1C, 0xE0, 0x1C, 0xE0, 0x18, 0xE0, 0x38, 0xF0, 0x38, 0x7D, 0xF0, 0x3F, 0xF0, 0x1F, 0xC0,
    0x01, 0x83, 0xFD, 0xDF, 0xCE, 0x00, 0x70, 0x03, 0xF0, 0x7F, 0x83, 0x9C, 0x1C, 0xE0, 0xE7, 0x07,
    0x38, 0x39, 0xC1, 0xCE, 0x0E, 0x70, 0x73, 0x87, 0x9C, 0x3C, 0xFF, 0xE3, 0xFF, 0x0F, 0xB8, 0x00,
    0x07, 0x00, 0x07, 0x00, 0x07, 0x00, 0x07, 0xE0, 0x1F, 0xE0, 0x1C, 0xE0, 0x1C, 0xE0, 0x1C, 0xE0,
    0x1C, 0xE0, 0x1C, 0xE0, 0x1C, 0xE0, 0x1C, 0xE0, 0x1C, 0xE0, 0x1C, 0xE0, 0x1C, 0xE0, 0x1C, 0xE0,
    0x18, 0xE0, 0x38, 0xF0, 0x38, 0x7D, 0xF0, 0x3F, 0xF0, 0x1F, 0xC0, 0x00, 0x00, 0x00, 0x00, 0x07,
    0x00, 0x07, 0x00, 0x00, 0x38, 0x01, 0xC0, 0x0F, 0xC1, 0xFE, 0x0E, 0x70, 0x73, 0x83, 0x9C, 0x1C,
    0xE0, 0xE7, 0x07, 0x38, 0x39, 0xC1, 0xCE, 0x1E, 0x70, 0xF3, 0xFF, 0x8F, 0xFC, 0x3E, 0xE0, 0x00,
    0x00, 0x00, 0x1C, 0x00, 0xE0, 0x00, 0x07, 0x00, 0x03, 0x80, 0x03, 0x80, 0x00, 0x00, 0x00, 0x00,
    0x70, 0x0F, 0x78, 0x0E, 0x38, 0x1C, 0x3C, 0x1C, 0x1C, 0x38, 0x0E, 0x78, 0x0E, 0x70, 0x07, 0xE0,
    0x07, 0xE0, 0x03, 0xC0, 0x01, 0xC0, 0x01, 0xC0, 0x01, 0xC0, 0x01, 0xC0, 0x01, 0xC0, 0x01, 0xC0,
    0x01, 0xC0, 0x01, 0xC0, 0x0E, 0x00, 0x1C, 0x00, 0x30, 0x00, 0x00, 0x70, 0x3D, 0xC0, 0xE7, 0x03,
    0x8E, 0x0C, 0x38, 0x70, 0xE1, 0xC1, 0xC6, 0x07, 0x38, 0x0C, 0xE0, 0x3B, 0x00, 0xFC, 0x01, 0xF0,
    0x07, 0x80, 0x1E, 0x00, 0x38, 0x01, 0xC0, 0x1F, 0x00, 0x78, 0x00, 0x70, 0x0F, 0x78, 0x0E, 0x38,
    0x1C, 0x3C, 0x1C, 0x1C, 0x38, 0x0E, 0x78, 0x0E, 0x70, 0x07, 0xE0, 0x07, 0xE0, 0x03, 0xC0, 0x01,
    0xC0, 0x01, 0xC0, 0x01, 0xC0, 0x01, 0xC0, 0x01, 0xC0, 0x01, 0xC0, 0x01, 0xC0, 0x01, 0xC0, 0x00,
    0x00, 0x00, 0x00, 0x01, 0xC0, 0x01, 0xC0, 0x70, 0x39, 0xC0, 0xE7, 0x03, 0x8E, 0x1C, 0x38, 0x70,
    0xE1, 0xC1, 0xCE, 0x07, 0x38, 0x1C, 0xE0, 0x3B, 0x00, 0xFC, 0x01, 0xF0, 0x07, 0x80, 0x1E, 0x00,
    0x38, 0x01, 0xD8, 0x1F, 0x70, 0x79, 0xC0, 0x03, 0xC0, 0x03, 0xC0, 0x03, 0xE0, 0x01, 0xC0, 0x01,
    0x80, 0x00, 0x00, 0xF0, 0x0F, 0x70, 0x0E, 0x38, 0x1C, 0x38, 0x3C, 0x1C, 0x38, 0x1E, 0x78, 0x0E,
    0x70, 0x07, 0xE0, 0x07, 0xE0, 0x03, 0xC0, 0x03, 0xC0, 0x01, 0xC0, 0x01, 0xC0, 0x01, 0xC0, 0x01,
    0xC0, 0x01, 0xC0, 0x01, 0xC0, 0x01, 0xC0, 0x00, 0x00, 0x3E, 0x00, 0xF8, 0x00, 0xE0, 0x03, 0x80,
    0x0C, 0x00, 0x00, 0x38, 0x0F, 0x70, 0x39, 0xC0, 0xE7, 0x07, 0x0E, 0x1C, 0x38, 0x70, 0xE3, 0x81,
    0xCE, 0x07, 0x38, 0x1D, 0xC0, 0x3F, 0x00, 0xFC, 0x03, 0xE0, 0x07, 0x80, 0x1E, 0x00, 0x70, 0x0F,
    0xC0, 0x3E, 0x00, 0x00, 0x30, 0x0F, 0xB0, 0x0F, 0xF0, 0x09, 0xE0, 0x00, 0x00, 0x00, 0x00, 0xF0,
    0x0E, 0x70, 0x1E, 0x78, 0x1C, 0x38, 0x3C, 0x1C, 0x38, 0x1E, 0x70, 0x0E, 0x70, 0x0F, 0xE0, 0x07,
    0xE0, 0x03, 0xC0, 0x03, 0x80, 0x03, 0x80, 0x03, 0x80, 0x03, 0x80, 0x03, 0x80, 0x03, 0x80, 0x03,
    0x80, 0x03, 0x80, 0x00, 0x20, 0x7D, 0x81, 0xFE, 0x06, 0x60, 0x00, 0x01, 0xC0, 0xE7, 0x03, 0x9E,
    0x0E, 0x38, 0x30, 0xE1, 0xC1, 0xC7, 0x07, 0x18, 0x1C, 0xE0, 0x3B, 0x80, 0xEC, 0x03, 0xF0, 0x07,
    0xC0, 0x1E, 0x00, 0x38, 0x00, 0xE0, 0x03, 0x00, 0x7C, 0x01, 0xE0, 0x00, 0x00, 0x07, 0xFF, 0xFF,
    0xFE, 0x00, 0x00, 0x0F, 0xFF, 0xFF, 0xFF, 0xFF, 0xF0, 0x6F, 0x6F, 0xF8, 0xFF, 0xBF, 0xB0, 0xFF,
    0xBF, 0xB0, 0x66, 0xCF, 0x3E, 0x6E, 0xFD, 0xFB, 0x80, 0xEF, 0xDF, 0xBB, 0x3E, 0x79, 0xB3, 0x00,
    0xEF, 0xDF, 0xBB, 0x3E, 0x79, 0xB3, 0x00, 0x0E, 0x03, 0x80, 0xE0, 0x38, 0xFF, 0xFF, 0xF0, 0xE0,
    0x38, 0x0E, 0x03, 0x80, 0xE0, 0x38, 0x0E, 0x03, 0x80, 0xE0, 0x38, 0x0E, 0x03, 0x80, 0x0E, 0x03,
    0x80, 0xE0, 0x38, 0xFF, 0xFF, 0xF0, 0xE0, 0x38, 0x0E, 0x03, 0x80, 0xE0, 0x38, 0xFF, 0xFF, 0xF0,
    0xE0, 0x38, 0x0E, 0x03, 0x80, 0x7B, 0xFF, 0xFF, 0xFD, 0xE0, 0xE7, 0x3F, 0x39, 0xF9, 0xCE, 0x7E,
    0x07, 0x00, 0x0F, 0xF0, 0x60, 0x00, 0xFF, 0x0E, 0x00, 0x0E, 0x71, 0xC0, 0x00, 0xE7, 0x18, 0x00,
    0x0E, 0x73, 0x80, 0x00, 0xFF, 0x70, 0x00, 0x0F, 0xF6, 0x00, 0x00, 0x7E, 0xE0, 0x00, 0x00, 0x1D,
    0xF8, 0xFC, 0x01, 0xBF, 0xDF, 0xE0, 0x3B, 0x9D, 0xCE, 0x07, 0x39, 0xDC, 0xE0, 0x63, 0x9D, 0xC7,
    0x0E, 0x39, 0xDC, 0x61, 0xC3, 0x9D, 0xCE, 0x18, 0x3F, 0xDF, 0xE3, 0x81, 0xF8, 0xFC, 0x7E, 0xEE,
    0xEC, 0x7F, 0xDB, 0xF7, 0xEF, 0xDB, 0x00, 0x1C, 0x71, 0xC7, 0x8E, 0x1C, 0x3C, 0x38, 0x38, 0x38,
    0x70, 0x70, 0x70, 0xF0, 0xE1, 0xC7, 0x8E, 0x38, 0xE0, 0x00, 0x1C, 0x00, 0x38, 0x00, 0xE0, 0x03,
    0x80, 0x07, 0x00, 0x1C, 0x00, 0x70, 0x00, 0xE0, 0x03, 0x80, 0x0E, 0x00, 0x1C, 0x00, 0x70, 0x01,
    0xC0, 0x03, 0x00, 0x0E, 0x00, 0x38, 0x00, 0x60, 0x01, 0xC0, 0x00, 0x7C, 0x7E, 0xEF, 0xCF, 0xDB,
    0xFB, 0xF7, 0xE7, 0x7E, 0x7C, 0x0C, 0x1C, 0x3C, 0x3C, 0x6C, 0xEC, 0xFF, 0xFF, 0x0C, 0x0C, 0x7E,
    0x7E, 0x60, 0x7C, 0x7E, 0x77, 0x03, 0x67, 0x7F, 0x7E, 0x7C, 0xFF, 0x1F, 0xEF, 0xF8, 0xF1, 0xE3,
    0xFE, 0xF8, 0xFF, 0xFC, 0x30, 0xE1, 0x87, 0x0E, 0x18, 0x30, 0x60, 0x7D, 0xFF, 0x1F, 0x77, 0xDF,
    0xF1, 0xE3, 0xFE, 0xF8, 0x7D, 0xFF, 0x1E, 0x3C, 0x7F, 0xDF, 0xE3, 0xFC, 0xF8, 0x7C, 0xFE, 0xEF,
    0xCF, 0xDB, 0xF3, 0xF7, 0xFE, 0x7C, 0x1F, 0xFE, 0x31, 0x8C, 0x63, 0x18, 0x7D, 0xFF, 0x18, 0x71,
    0xCF, 0x38, 0x7F, 0xFE, 0x7D, 0xFF, 0x39, 0xE1, 0xE0, 0xF1, 0xFF, 0x7C, 0x0C, 0x1C, 0x3C, 0x7C,
    0xEC, 0xFF, 0xFF, 0x0C, 0x0C, 0x7E, 0x7E, 0x7C, 0x7E, 0x77, 0x03, 0x67, 0x7F, 0x7E, 0x7D, 0xFF,
    0xF7, 0xFC, 0x78, 0xF1, 0xFF, 0x7C, 0xFF, 0xFC, 0x30, 0xE1, 0x87, 0x0C, 0x18, 0x30, 0x7D, 0xFF,
    0xBB, 0xEF, 0xF8, 0xF1, 0xFF, 0x7C, 0x7D, 0xFF, 0x1E, 0x3F, 0xEF, 0xF1, 0xFF, 0x7C, 0xFF, 0x8F,
    0xFF, 0x9F, 0x87, 0x3F, 0x07, 0x7E, 0xEE, 0xFD, 0xDD, 0xFB, 0xBB, 0xF7, 0x77, 0xEE, 0xEF, 0xDD,
    0xDF, 0xBB, 0xBF, 0x77, 0x7E, 0xEE, 0xFD, 0xDD, 0xFB, 0x83, 0xF7, 0xFF, 0xEF, 0xFF, 0xDF, 0xF8,
    0x03, 0xF0, 0x0F, 0xFC, 0x1F, 0xBE, 0x1C, 0x0E, 0x3C, 0x07, 0x38, 0x06, 0xFF, 0xE0, 0xFF, 0xE0,
    0x38, 0x00, 0x38, 0x00, 0xFF, 0xC0, 0xFF, 0xC0, 0x38, 0x07, 0x3C, 0x0F, 0x1C, 0x0E, 0x0F, 0xBE,
    0x0F, 0xFC, 0x03, 0xF8, 0x3F, 0xF0, 0x3F, 0xF8, 0x38, 0x7C, 0xFF, 0xFF, 0xFF, 0xFF, 0xFF, 0xFF,
    0xFF, 0xFF, 0xFF, 0xFF, 0x38, 0x3C, 0x38, 0xF8, 0x3F, 0xF0, 0x3F, 0xE0, 0x38, 0x00, 0x38, 0x00,
    0x38, 0x00, 0x38, 0x00, 0x38, 0x00, 0x38, 0x00, 0x1F, 0xE0, 0xFF, 0xC7, 0xEF, 0x9C, 0x0E, 0x70,
    0x38, 0x00, 0xEF, 0xFF, 0xFF, 0xFF, 0x00, 0x00, 0x00, 0x0F, 0xFF, 0xFF, 0xFF, 0x70, 0x01, 0xC0,
    0xE7, 0x07, 0x9F, 0x7E, 0x3F, 0xF0, 0x7F, 0x00, 0xFF, 0xFF, 0xFF, 0xFF, 0xFF, 0x80, 0x38, 0xFF,
    0xFF, 0xFF, 0xFF, 0xFF, 0xC0, 0x3C, 0x03, 0xE3, 0xFF, 0x0F, 0xF8, 0x3C, 0x00, 0x78, 0x00, 0xF0,
    0x01, 0xF0, 0x01, 0xE0, 0x03, 0xC0, 0x07, 0x80, 0x3F, 0xF8, 0x3F, 0xFC, 0x38, 0x3E, 0x38, 0x0E,
    0x38, 0x0E, 0x38, 0x07, 0x38, 0x0E, 0x38, 0x0E, 0x38, 0x3E, 0x3F, 0xFC, 0x3F, 0xF8, 0x38, 0x00,
    0x38, 0x00, 0xFF, 0xC0, 0xFF, 0xC0, 0x38, 0x00, 0x38, 0x00, 0x38, 0x00, 0x01, 0xE0, 0x00, 0xF0,
    0x00, 0x78, 0x00, 0x3C, 0x00, 0x1E, 0x00, 0x0F, 0x00, 0x07, 0x80, 0x03, 0xFF, 0xFF, 0xFF, 0xFF,
    0xDE, 0x00, 0x03, 0xC0, 0x00, 0x78, 0x00, 0x0F, 0x00, 0x01, 0xE0, 0x00, 0x3C, 0x00, 0x07, 0x80,
    0x01, 0x80, 0x03, 0xC0, 0x07, 0xE0, 0x0F, 0xF0, 0x1F, 0xF8, 0x3D, 0xBC, 0x79, 0x9E, 0xF1, 0x8F,
    0xE1, 0x87, 0xC1, 0x83, 0x81, 0x81, 0x01, 0x80, 0x01, 0x80, 0x01, 0x80, 0x01, 0x80, 0x01, 0x80,
    0x01, 0x80, 0x01, 0x80, 0x01, 0xE0, 0x00, 0x3C, 0x00, 0x07, 0x80, 0x00, 0xF0, 0x00, 0x1E, 0x00,
    0x03, 0xC0, 0x00, 0x7B, 0xFF, 0xFF, 0xFF, 0xFF, 0xC0, 0x01, 0xE0, 0x00, 0xF0, 0x00, 0x78, 0x00,
    0x3C, 0x00, 0x1E, 0x00, 0x0F, 0x00, 0x07, 0x80, 0x01, 0x80, 0x01, 0x80, 0x01, 0x80, 0x01, 0x80,
    0x01, 0x80, 0x01, 0x80, 0x01, 0x80, 0x81, 0x81, 0xC1, 0x83, 0xE1, 0x87, 0xF1, 0x8F, 0x79, 0x9E,
    0x3D, 0xBC, 0x1F, 0xF8, 0x0F, 0xF0, 0x07, 0xE0, 0x03, 0xC0, 0x01, 0x80, 0x01, 0xE7, 0x80, 0x03,
    0xC3, 0xC0, 0x07, 0x81, 0xE0, 0x0F, 0x00, 0xF0, 0x1E, 0x00, 0x78, 0x3C, 0x00, 0x3C, 0x78, 0x00,
    0x1E, 0xFF, 0xFF, 0xFF, 0xFF, 0xFF, 0xFF, 0x78, 0x00, 0x1E, 0x3C, 0x00, 0x3C, 0x1E, 0x00, 0x78,
    0x0F, 0x00, 0xF0, 0x07, 0x81, 0xE0, 0x03, 0xC3, 0xC0, 0x01, 0xE7, 0x80, 0x01, 0x80, 0x03, 0xC0,
    0x07, 0xE0, 0x0F, 0xF0, 0x1F, 0xF8, 0x3D, 0xBC, 0x79, 0x9E, 0xF1, 0x8F, 0xE1, 0x87, 0xC1, 0x83,
    0x81, 0x81, 0x01, 0x80, 0x01, 0x80, 0x81, 0x81, 0xC1, 0x83, 0xE1, 0x87, 0xF1, 0x8F, 0x79, 0x9E,
    0x3D, 0xBC, 0x1F, 0xF8, 0x0F, 0xF0, 0x07, 0xE0, 0x03, 0xC0, 0x01, 0x80, 0xFF, 0xF3, 0xFF, 0xEF,
    0x00, 0x3E, 0x00, 0xFC, 0x03, 0x78, 0x0C, 0xF0, 0x31, 0xE0, 0xC3, 0xC3, 0x07, 0x8C, 0x0F, 0x30,
    0x1E, 0x40, 0x38, 0x00, 0x00, 0x3F, 0xFD, 0xFF, 0xF0, 0x03, 0xC0, 0x1F, 0x00, 0xFC, 0x07, 0xB0,
    0x3C, 0xC1, 0xE3, 0x0F, 0x0C, 0x78, 0x33, 0xC0, 0xDE, 0x03, 0x70, 0x08, 0x00, 0x00, 0x00, 0x00,
    0xC0, 0x11, 0xC0, 0x31, 0xC0, 0x61, 0xC0, 0xC1, 0xC1, 0x81, 0xC3, 0x01, 0xC6, 0x01, 0xCC, 0x01,
    0xD8, 0x01, 0xF0, 0x01, 0xE7, 0xFF, 0xC7, 0xFF, 0x80, 0x00, 0x01, 0x00, 0x6C, 0x03, 0xB0, 0x1C,
    0xC0, 0xE3, 0x07, 0x0C, 0x38, 0x31, 0xC0, 0xCE, 0x03, 0x70, 0x0F, 0x80, 0x3C, 0x00, 0xFF, 0xFB,
    0xFF, 0xC0, 0x00, 0x00, 0x78, 0x39, 0xF9, 0xF7, 0x77, 0xEE, 0x63, 0xC0, 0xEF, 0x81, 0xFD, 0x01,
    0xE0, 0x3F, 0xF0, 0x7F, 0xF8, 0x00, 0xF0, 0x00, 0x70, 0x00, 0xE0, 0xC0, 0xC3, 0x83, 0x8E, 0x07,
    0x38, 0x3E, 0xFF, 0xF9, 0xFF, 0xC1, 0xE0, 0x01, 0xE0, 0x01, 0xE0, 0x01, 0x80, 0x00, 0x1F, 0xF8,
    0xFF, 0xF1, 0xE0, 0x07, 0x00, 0x0E, 0x00, 0x18, 0x18, 0x38, 0x38, 0x70, 0x38, 0x78, 0x38, 0xFF,
    0xF8, 0x7F, 0xF0, 0x03, 0xC0, 0x0F, 0x00, 0x3C, 0x00, 0x30, 0x00, 0x00, 0x00, 0x0C, 0x00, 0x1C,
    0x00, 0x3C, 0x00, 0x7F, 0xFE, 0x7F, 0xFE, 0x3C, 0x06, 0x1C, 0x06, 0x0C, 0x06, 0x00, 0x06, 0x00,
    0x06, 0x00, 0x06, 0x00, 0x06, 0x00, 0x06, 0x00, 0x06, 0x00, 0x06, 0x00, 0x00, 0x00, 0x00, 0x00,
    0xC0, 0x01, 0xC0, 0x03, 0xCF, 0xFF, 0xDF, 0xFF, 0xB0, 0x1E, 0x60, 0x38, 0xC0, 0x61, 0x80, 0x03,
    0x00, 0x06, 0x00, 0x0C, 0x00, 0x18, 0x00, 0x30, 0x00, 0x60, 0x00, 0x00, 0x00, 0x00, 0x01, 0x80,
    0x03, 0x00, 0x06, 0x00, 0x0C, 0x00, 0x18, 0x00, 0x30, 0x00, 0x60, 0x00, 0xC0, 0x61, 0x80, 0xE3,
    0x01, 0xE7, 0xFF, 0xEF, 0xFF, 0xC0, 0x0F, 0x00, 0x1C, 0x00, 0x30, 0x00, 0x00, 0xFF, 0xF1, 0xFF,
    0xE0, 0x00, 0xC0, 0x01, 0x80, 0x03, 0x00, 0x06, 0x00, 0x0C, 0x00, 0x18, 0x00, 0x30, 0x00, 0x60,
    0x00, 0xC0, 0x01, 0x80, 0x03, 0x00, 0x3F, 0xC0, 0x3F, 0x00, 0x3C, 0x00, 0x78, 0x00, 0x60, 0x00,
    0x00, 0x00, 0x06, 0x00, 0x06, 0x00, 0x06, 0x00, 0x06, 0x00, 0x06, 0x00, 0x06, 0x00, 0x06, 0x0C,
    0x06, 0x1C, 0x06, 0x3C, 0x06, 0x7F, 0xFE, 0x7F, 0xFE, 0x3C, 0x00, 0x1C, 0x00, 0x0C, 0x00, 0x00,
    0x00, 0xC0, 0x01, 0x82, 0x03, 0x1C, 0x06, 0x78, 0x0D, 0xFF, 0xFB, 0xFF, 0xF3, 0xC0, 0x63, 0x80,
    0xC3, 0x01, 0x80, 0x00, 0x00, 0x06, 0x02, 0x0C, 0x06, 0x18, 0x0F, 0x3F, 0xFF, 0x7F, 0xFE, 0xC0,
    0x79, 0x80, 0xE3, 0x01, 0x86, 0x00, 0x0C, 0x00, 0x00, 0x00, 0x06, 0x00, 0x00, 0xF0, 0x00, 0x1F,
    0x80, 0x03, 0x9C, 0x00, 0x70, 0xE0, 0x0E, 0x07, 0x01, 0xC0, 0x38, 0x3F, 0x0F, 0xC7, 0xF0, 0xFE,
    0x03, 0x0C, 0x00, 0x30, 0xC0, 0x03, 0x0C, 0x00, 0x30, 0xC0, 0x03, 0x0C, 0x00, 0x30, 0xC0, 0x03,
    0x0C, 0x00, 0x3F, 0xC0, 0x03, 0xFC, 0x00, 0x20, 0x0F, 0x81, 0xFC, 0x07, 0xC0, 0x38, 0x03, 0x80,
    0x30, 0xFF, 0x7F, 0xEF, 0x7F, 0x83, 0xF0, 0x7C, 0x07, 0x80, 0xF8, 0x3F, 0x07, 0xF1, 0xCF, 0xF0,
    0xFC, 0x00, 0x01, 0xC0, 0x03, 0xE0, 0x03, 0xE0, 0x07, 0x60, 0x07, 0x70, 0x06, 0x70, 0x0E, 0x38,
    0x0E, 0x38, 0x1C, 0x18, 0x1C, 0x1C, 0x18, 0x1C, 0x38, 0x0E, 0x38, 0x0E, 0x70, 0x06, 0x70, 0x07,
    0x60, 0x07, 0xFF, 0xFF, 0xFF, 0xFF, 0xFF, 0xFF, 0xFF, 0xFC, 0xE1, 0xC1, 0xC3, 0x83, 0x87, 0x07,
    0x0E, 0x0E, 0x1C, 0x1C, 0x38, 0x38, 0x70, 0x70, 0xE0, 0xE1, 0xC1, 0xC3, 0x83, 0x87, 0x07, 0x0E,
    0x0E, 0x1C, 0x1C, 0x38, 0x38, 0x70, 0x70, 0xE0, 0xE1, 0xC1, 0xC3, 0x83, 0x87, 0x03, 0x0E, 0x00,
    0xFF, 0xFF, 0xFF, 0xE0, 0x07, 0x00, 0x70, 0x03, 0x80, 0x3C, 0x01, 0xC0, 0x0E, 0x00, 0xE0, 0x1C,
    0x03, 0xC0, 0x38, 0x07, 0x00, 0x70, 0x0E, 0x00, 0xFF, 0xFF, 0xFF, 0xFF, 0xFF, 0xFC, 0x00, 0x7F,
    0x00, 0xFF, 0x00, 0xE0, 0x00, 0xE0, 0x00, 0xC0, 0x01, 0xC0, 0x01, 0xC0, 0x01, 0xC0, 0x01, 0xC0,
    0xE1, 0x80, 0xE3, 0x80, 0x63, 0x80, 0x73, 0x80, 0x73, 0x00, 0x37, 0x00, 0x3F, 0x00, 0x3F, 0x00,
    0x3F, 0x00, 0x1E, 0x00, 0x1E, 0x00, 0x1E, 0x00, 0x1E, 0x00, 0x3E, 0x0F, 0x8F, 0xF7, 0xFB, 0xCF,
    0xE7, 0xF0, 0xF8, 0x7E, 0x0E, 0x0F, 0xC3, 0xE1, 0xFD, 0xFF, 0x7B, 0xFD, 0xFE, 0x3E, 0x0F, 0x80,
    0x03, 0xC1, 0xF0, 0xF0, 0x38, 0x0E, 0x03, 0x80, 0xE0, 0x38, 0x0C, 0x03, 0x01, 0xC0, 0x70, 0x1C,
    0x07, 0x01, 0xC0, 0x70, 0x1C, 0x06, 0x01, 0x80, 0xE0, 0xF8, 0x3C, 0x00, 0xFF, 0x80, 0x00, 0x03,
    0xFE, 0x78, 0x7F, 0x8F, 0xBB, 0xE3, 0xFC, 0x3C, 0x00, 0x1E, 0x1F, 0xE3, 0xEE, 0xF8, 0xFF, 0x0F,
    0x00, 0x03, 0x80, 0x30, 0x03, 0x0F, 0xFF, 0xFF, 0xF0, 0x60, 0x0E, 0x00, 0xE0, 0xFF, 0xFF, 0xFF,
    0x1C, 0x01, 0x80, 0x18, 0x00, 0x00, 0x30, 0x1F, 0x0F, 0xF3, 0xF8, 0xFE, 0x0F, 0x00, 0xF8, 0x0F,
    0xF0, 0x1F, 0xE0, 0x3F, 0x00, 0xF0, 0x00, 0xFF, 0xFF, 0xFF, 0x80, 0x0F, 0x00, 0xFE, 0x03, 0xFC,
    0x07, 0xF0, 0x0F, 0x03, 0xF0, 0xFE, 0x7F, 0x8F, 0xC0, 0xE0, 0x00, 0x00, 0xFF, 0xFF, 0xFF, 0x60,
    0xF0, 0x78, 0x3C, 0x1E, 0x0F, 0x06, 0x04, 0x00, 0x7C, 0xFE, 0xC6, 0xC2, 0xC2, 0xC6, 0xFE, 0x7C,
    0xFF, 0xFF, 0xFF, 0xFF, 0xFF, 0xFC, 0x00, 0x00, 0x00, 0x00, 0x30, 0x00, 0x00, 0x60, 0x00, 0x00,
    0xC0, 0x00, 0x01, 0x80, 0x00, 0x03, 0x00, 0x00, 0x06, 0x00, 0x00, 0x0C, 0x00, 0x00, 0x18, 0x00,
    0x00, 0x3F, 0xFC, 0x00, 0x7F, 0xF8, 0x00, 0xC0, 0x00, 0x01, 0x80, 0x00, 0x03, 0x00, 0x00, 0x06,
    0x00, 0x00, 0x0C, 0x00, 0x00, 0x18, 0x00, 0x00, 0x30, 0x00, 0x00, 0x60, 0x00, 0x00, 0xC0, 0x00,
    0x01, 0x80, 0x0F, 0xFF, 0xFF, 0xFF, 0xFF, 0xFF, 0xC0, 0xFF, 0xFF, 0xFF, 0xFF, 0xFF, 0xFF, 0xFF,
    0xFF, 0xF8, 0x01, 0x80, 0x00, 0x03, 0x00, 0x00, 0x06, 0x00, 0x00, 0x0C, 0x00, 0x00, 0x1E, 0x00,
    0x00, 0x3F, 0x00, 0x00, 0x6F, 0x80, 0x00, 0xCF, 0xC0, 0x01, 0x87, 0xC0, 0x03, 0x03, 0x80, 0x06,
    0x03, 0x00, 0x0C, 0x00, 0x00, 0x18, 0x00, 0x00, 0x30, 0x00, 0x00, 0x60, 0x00, 0x00, 0xC0, 0x00,
    0x01, 0x80, 0x00, 0x03, 0x00, 0x00, 0x06, 0x00, 0x00, 0x7F, 0xFF, 0xFE, 0x7F, 0xFF, 0xFE, 0x00,
    0x1E, 0x00, 0x00, 0x1C, 0x00, 0x00, 0x38, 0x00, 0x00, 0x78, 0x00, 0x00, 0xFB, 0x00, 0x01, 0xFF,
    0x80, 0x03, 0xFB, 0xE0, 0x07, 0xB8, 0xF0, 0x1F, 0x38, 0x78, 0x3E, 0x38, 0x3E, 0xF8, 0x38, 0x0E,
    0x70, 0x38, 0x06, 0x40, 0x38, 0x00, 0x00, 0x38, 0x00, 0x00, 0x38, 0x00, 0x00, 0x38, 0x00, 0x00,
    0x38, 0x00, 0x00, 0x38, 0x00, 0x00, 0x38, 0x00, 0x07, 0x00, 0x00, 0x1C, 0x00, 0x00, 0x60, 0x00,
    0x01, 0xFF, 0xFE, 0x0F, 0xFF, 0xF8, 0x38, 0x00, 0x00, 0xE0, 0x00, 0x03, 0x00, 0x00, 0x1C, 0x00,
    0x00, 0x70, 0x00, 0x01, 0xFF, 0xFF, 0xC7, 0xFF, 0xFF, 0x00, 0x00, 0x18, 0x00, 0x00, 0x60, 0x00,
    0x01, 0xBF, 0xFF, 0xCE, 0xFF, 0xFF, 0x38, 0x00, 0x00, 0xE0, 0x00, 0x03, 0x80, 0x00, 0x1C, 0x00,
    0x00, 0x70, 0x00, 0x7F, 0xC0, 0x01, 0xFE, 0x00, 0x00, 0x00, 0x0F, 0xFF, 0xE0, 0x1F, 0xFF, 0xC0,
    0x30, 0x01, 0x80, 0x60, 0x03, 0x00, 0xC0, 0x06, 0x01, 0x80, 0x0C, 0x03, 0xFF, 0xF8, 0x07, 0xFF,
    0xF0, 0x0C, 0x00, 0x60, 0x18, 0x00, 0xC0, 0x30, 0x01, 0x80, 0x60, 0x03, 0x00, 0xC0, 0x06, 0x01,
    0xFF, 0xFC, 0x03, 0xFF, 0xF8, 0x06, 0x00, 0x30, 0x0C, 0x00, 0x60, 0x18, 0x00, 0xC0, 0x30, 0x01,
    0x87, 0xFF, 0xFF, 0xFF, 0xFF, 0xFF, 0xE0, 0x00, 0x00, 0x60, 0x03, 0xFF, 0xE1, 0xFF, 0xFF, 0xC3,
    0xFF, 0xE0, 0x00, 0x03, 0x00, 0x00, 0x06, 0x00, 0x0F, 0xFF, 0xFC, 0x1F, 0xFF, 0xF8, 0x00, 0x30,
    0x00, 0x00, 0x60, 0x00, 0x00, 0xC0, 0x07, 0xFF, 0xFF, 0xEF, 0xFF, 0xFF, 0xC0, 0x3C, 0x00, 0x00,
    0x70, 0x60, 0x01, 0xC1, 0xE0, 0x07, 0x01, 0xC0, 0x1E, 0x01, 0xC0, 0x78, 0x1F, 0xC1, 0xFF, 0xFF,
    0xC7, 0xFF, 0xFF, 0x87, 0x80, 0x03, 0x80, 0x00, 0x06, 0x00, 0xFF, 0xFF, 0xFF, 0xFF, 0xFF, 0xFF,
    0xFF, 0xFF, 0xC0, 0x61, 0x80, 0x01, 0x86, 0x00, 0x06, 0x18, 0x07, 0xFF, 0xFF, 0x9F, 0xFF, 0xFE,
    0x61, 0x86, 0x19, 0x8E, 0x18, 0x66, 0x38, 0xE1, 0x98, 0xF3, 0xC6, 0x63, 0xEF, 0x99, 0x9F, 0xB7,
    0x66, 0x77, 0xDD, 0x9B, 0x8F, 0x3E, 0x7E, 0x38, 0x79, 0xF0, 0xC0, 0x66, 0x80, 0x01, 0x98, 0x00,
    0x06, 0x60, 0x03, 0xF9, 0x80, 0x07, 0xE0, 0x00, 0x1C, 0x00, 0x00, 0x1C, 0x00, 0x00, 0x3C, 0x00,
    0x00, 0x7E, 0x00, 0x00, 0xF7, 0x00, 0x01, 0xE3, 0x80, 0x03, 0xC1, 0xE0, 0x0F, 0x98, 0xF0, 0x3E,
    0x18, 0x7C, 0xFC, 0x18, 0x3F, 0x78, 0x18, 0x0F, 0x60, 0x18, 0x06, 0x00, 0x18, 0x00, 0x00, 0x18,
    0x00, 0x00, 0x18, 0x00, 0x00, 0x18, 0x00, 0x00, 0x18, 0x00, 0x00, 0x18, 0x00, 0x00, 0x18, 0x00,
    0x00, 0x18, 0x00, 0x00, 0x18, 0x00, 0x00, 0x18, 0x00, 0x00, 0x18, 0x00, 0x00, 0x60, 0x00, 0x06,
    0x00, 0x00, 0x60, 0x00, 0x06, 0x00, 0x00, 0x60, 0x0F, 0xFF, 0xFF, 0xFF, 0xFF, 0xFC, 0x06, 0x03,
    0xC0, 0x60, 0x3C, 0x06, 0x03, 0xC0, 0x60, 0x3C, 0x06, 0x03, 0xC0, 0x60, 0x3C, 0x06, 0x03, 0xFF,
    0xFF, 0xFF, 0xFF, 0xFF, 0xC0, 0x60, 0x3C, 0x06, 0x03, 0x00, 0x60, 0x00, 0x06, 0x00, 0x00, 0x60,
    0x00, 0x06, 0x00, 0x00, 0x60, 0x00, 0x06, 0x00, 0x00, 0x60, 0x00, 0x03, 0x00, 0x00, 0x18, 0x00,
    0xFF, 0xFF, 0xC7, 0xFF, 0xFE, 0x30, 0x30, 0x31, 0x81, 0x81, 0x8C, 0x0C, 0x0C, 0x7F, 0xFF, 0xE3,
    0xFF, 0xFF, 0x00, 0x18, 0x00, 0x00, 0xC0, 0x0F, 0xFF, 0xFF, 0xFF, 0xFF, 0xFF, 0x01, 0x80, 0xF8,
    0x0C, 0x07, 0xC0, 0x60, 0x3F, 0xFF, 0xFF, 0xFF, 0xFF, 0xFF, 0x80, 0xC0, 0x70, 0x06, 0x00, 0x00,
    0x30, 0x00, 0x01, 0x80, 0x00, 0x08, 0x70, 0x00, 0x71, 0xC0, 0x01, 0xC7, 0x00, 0x03, 0x9C, 0x00,
    0x06, 0x60, 0x00, 0x01, 0x80, 0x07, 0xFF, 0xFF, 0xDF, 0xFF, 0xFF, 0x00, 0xE0, 0x18, 0x03, 0x80,
    0x60, 0x0E, 0x01, 0x80, 0x3F, 0x06, 0x01, 0xDE, 0x18, 0x07, 0x38, 0x60, 0x38, 0x73, 0x80, 0xE0,
    0xCE, 0x07, 0x03, 0x38, 0x3C, 0x00, 0xE1, 0xE0, 0x03, 0x8F, 0x00, 0x0E, 0x78, 0x00, 0x73, 0xC0,
    0x1F, 0xC6, 0x00, 0x7E, 0x00, 0x00, 0x00, 0x00, 0x00, 0x00, 0x00, 0x70, 0x00, 0x00, 0x78, 0x00,
    0x00, 0x3C, 0x00, 0x00, 0x1E, 0x00, 0x00, 0x0E, 0x00, 0x3F, 0xFF, 0xFC, 0x3F, 0xFF, 0xFC, 0x00,
    0x18, 0x00, 0x00, 0x18, 0x00, 0x00, 0x18, 0x00, 0x00, 0x18, 0x00, 0x00, 0x18, 0x00, 0x1F, 0xFF,
    0xF8, 0x1F, 0xFF, 0xF8, 0x00, 0x18, 0x00, 0x00, 0x18, 0x00, 0x00, 0x18, 0x00, 0x00, 0x18, 0x00,
    0x00, 0x18, 0x00, 0x00, 0x18, 0x00, 0x7F, 0xFF, 0xFF, 0x7F, 0xFF, 0xFF, 0x00, 0x00, 0x00, 0x00,
    0x1C, 0x00, 0x00, 0x0E, 0x00, 0x00, 0x03, 0x83, 0x81, 0xC1, 0xC1, 0xC0, 0x60, 0x61, 0xC0, 0x38,
    0x38, 0xE0, 0x0C, 0x18, 0x60, 0x07, 0x00, 0x70, 0x01, 0xC0, 0x70, 0x00, 0xE0, 0x38, 0x00, 0x38,
    0x38, 0x00, 0x1E, 0x1C, 0x00, 0x07, 0x1C, 0x00, 0x01, 0xDC, 0x00, 0x00, 0x7C, 0x00, 0x00, 0x1E,
    0x00, 0x00, 0x1F, 0x80, 0x00, 0x3F, 0xE0, 0x00, 0x3C, 0x7C, 0x00, 0x7C, 0x1F, 0x01, 0xF8, 0x03,
    0xF1, 0xF0, 0x00, 0xFC, 0xE0, 0x00, 0x1E, 0x00, 0x00, 0x00, 0x00, 0x38, 0x00, 0x00, 0x38, 0x00,
    0x00, 0x1C, 0x00, 0x00, 0x0E, 0x00, 0x00, 0x0C, 0x00, 0x3F, 0xFF, 0xFC, 0x3F, 0xFF, 0xF8, 0x00,
    0x00, 0x78, 0x00, 0x00, 0xF0, 0x00, 0x01, 0xE0, 0x00, 0x03, 0xC0, 0x00, 0x07, 0x80, 0x00, 0x0F,
    0x00, 0x00, 0x1E, 0x00, 0x00, 0x3C, 0x00, 0x00, 0xF8, 0x00, 0x01, 0xE0, 0x00, 0x0F, 0xC0, 0x00,
    0x1F, 0x80, 0x00, 0x3F, 0xC0, 0x03, 0x71, 0xFF, 0xFF, 0x60, 0x7F, 0xFF, 0x20, 0x00, 0x00, 0x7F,
    0xFF, 0xFB, 0xFF, 0xFF, 0xC0, 0x00, 0x0E, 0x00, 0x00, 0x70, 0xE0, 0x03, 0x87, 0x80, 0x1C, 0x1E,
    0x00, 0xE0, 0x7C, 0x06, 0x00, 0xF0, 0x30, 0x03, 0x81, 0x80, 0x00, 0x0C, 0x00, 0x0E, 0x60, 0x03,
    0xF3, 0x00, 0xFE, 0x18, 0x7F, 0xC0, 0xCF, 0xF0, 0x0E, 0xFC, 0x00, 0x73, 0x00, 0x03, 0x80, 0x00,
    0x1C, 0x00, 0x1F, 0xC0, 0x00, 0xFE, 0x00, 0x00, 0x00, 0x00, 0x60, 0x00, 0x00, 0xC0, 0x80, 0x01,
    0x81, 0xC0, 0x03, 0x03, 0xC0, 0x06, 0x03, 0xCF, 0xFF, 0xFD, 0x9F, 0xFF, 0xF8, 0x00, 0x30, 0x30,
    0x00, 0x60, 0x60, 0x00, 0xC0, 0xC0, 0x01, 0x81, 0x80, 0x03, 0x03, 0x0F, 0xFF, 0xFF, 0xDF, 0xFF,
    0xFF, 0x80, 0x18, 0x03, 0x00, 0x30, 0x06, 0x00, 0x60, 0x1C, 0x00, 0xC0, 0x38, 0x01, 0x80, 0x70,
    0x03, 0x00, 0xE0, 0x06, 0x3F, 0x80, 0x0C, 0x3F, 0x00, 0x18, 0x00, 0x00, 0x30, 0x00, 0x00, 0x00,
    0x00, 0x3F, 0xFF, 0xF0, 0x7F, 0xFF, 0xE0, 0x00, 0x00, 0x00, 0x00, 0x00, 0x00, 0x00, 0x00, 0x00,
    0x00, 0x00, 0x00, 0x00, 0x00, 0x00, 0x00, 0x00, 0x00, 0x00, 0x00, 0x00, 0x00, 0x00, 0x00, 0x00,
    0x00, 0x00, 0x00, 0x00, 0x00, 0x00, 0x00, 0x00, 0x00, 0x7F, 0xFF, 0xFF, 0xFF, 0xFF, 0xFE, 0x00,
    0x00, 0x00, 0x3F, 0xFF, 0xF8, 0x7F, 0xFF, 0xF8, 0x00, 0x60, 0x00, 0x00, 0xC0, 0x00, 0x01, 0x80,
    0x00, 0x03, 0x00, 0x00, 0x06, 0x00, 0x00, 0x0C, 0x00, 0xFF, 0xFF, 0xFF, 0xFF, 0xFF, 0xFC, 0x00,
    0x60, 0x00, 0x00, 0xC0, 0x00, 0x01, 0x80, 0x00, 0x03, 0x00, 0x00, 0x06, 0x00, 0x00, 0x0C, 0x00,
    0x00, 0x18, 0x00, 0x00, 0x30, 0x00, 0x00, 0x60, 0x00, 0x1F, 0xC0, 0x00, 0x3F, 0x80, 0x00, 0x00,
    0x00, 0x00, 0x7F, 0xFF, 0xFE, 0xFF, 0xFF, 0xFC, 0x0E, 0x00, 0x00, 0x1C, 0x00, 0x00, 0x38, 0x00,
    0x00, 0x60, 0x00, 0x01, 0xFF, 0xF8, 0x03, 0xFF, 0xF0, 0x07, 0x00, 0xE0, 0x0E, 0x01, 0xC0, 0x18,
    0x03, 0x00, 0x70, 0x06, 0x00, 0xE0, 0x1C, 0x01, 0xFF, 0xF8, 0x03, 0xFF, 0xF0, 0x00, 0x00, 0xE0,
    0x00, 0x01, 0xC0, 0x00, 0x03, 0x00, 0x00, 0x06, 0x07, 0xFF, 0xFF, 0xFF, 0xFF, 0xFF, 0xE0, 0x00,
    0x10, 0x00, 0x00, 0x38, 0x00, 0x00, 0x1C, 0x00, 0x00, 0x1C, 0x00, 0x7F, 0xFF, 0xFE, 0x7F, 0xFF,
    0xFE, 0x00, 0x00, 0x00, 0x01, 0xC1, 0xC0, 0x03, 0x81, 0xF0, 0x0F, 0x00, 0x78, 0x1E, 0x00, 0x3C,
    0x7D, 0x81, 0xDE, 0x39, 0xC1, 0xCE, 0x01, 0xC3, 0x84, 0x00, 0xE3, 0x80, 0x00, 0x77, 0x00, 0x00,
    0x7E, 0x00, 0x00, 0x3E, 0x00, 0x00, 0x7E, 0x00, 0x00, 0xFF, 0x80, 0x07, 0xE3, 0xF0, 0x3F, 0x81,
    0xFF, 0x7E, 0x00, 0x7F, 0x70, 0x00, 0x06, 0x00, 0x00, 0x00, 0x00, 0xE0, 0x00, 0x03, 0x80, 0x3F,
    0xFF, 0xFF, 0xFF, 0xFF, 0xFC, 0x00, 0x00, 0x00, 0xFF, 0xFE, 0x07, 0xFF, 0xF8, 0x1C, 0x00, 0x60,
    0x7F, 0xFF, 0x81, 0xFF, 0xFE, 0x03, 0xFF, 0xF8, 0x00, 0x00, 0x03, 0xFF, 0xFF, 0xFF, 0xFF, 0xFF,
    0xF8, 0x00, 0x07, 0xE3, 0xFF, 0x9D, 0x0F, 0xFE, 0x20, 0x38, 0x38, 0x00, 0xC0, 0xE2, 0x07, 0x03,
    0x8C, 0x38, 0x0E, 0x3F, 0xE0, 0x3F, 0xFE, 0x00, 0xFF, 0x40, 0x00, 0x00, 0x00, 0x1C, 0x00, 0x00,
    0x1C, 0x00, 0x00, 0x18, 0x00, 0x00, 0x18, 0x00, 0x00, 0x38, 0x00, 0x00, 0x3C, 0x00, 0x00, 0x3C,
    0x00, 0x00, 0x3C, 0x00, 0x00, 0x3C, 0x00, 0x00, 0x3E, 0x00, 0x00, 0x7E, 0x00, 0x00, 0x76, 0x00,
    0x00, 0x77, 0x00, 0x00, 0xE7, 0x00, 0x00, 0xE3, 0x80, 0x01, 0xC3, 0xC0, 0x03, 0xC1, 0xC0, 0x07,
    0x80, 0xE0, 0x0F, 0x00, 0xF0, 0x1E, 0x00, 0x78, 0x3C, 0x00, 0x3E, 0x78, 0x00, 0x0F, 0x70, 0x00,
    0x06, 0x01, 0x80, 0x00, 0x00, 0xE0, 0x00, 0x00, 0xE0, 0x00, 0x00, 0x7F, 0xFF, 0xC0, 0x77, 0xFF,
    0xE0, 0x39, 0xC0, 0x70, 0x38, 0xE0, 0x38, 0x3C, 0x30, 0x1C, 0x3E, 0x18, 0x0C, 0x1F, 0x0E, 0x0E,
    0x1D, 0x83, 0x07, 0x0E, 0xC1, 0xC7, 0x02, 0x60, 0xE3, 0x80, 0x30, 0x3B, 0x80, 0x18, 0x1F, 0x80,
    0x0C, 0x07, 0xC0, 0x06, 0x01, 0xC0, 0x03, 0x01, 0xF0, 0x01, 0x83, 0xFC, 0x00, 0xC3, 0xCF, 0x00,
    0x67, 0xC3, 0xE0, 0x37, 0xC0, 0x7C, 0x1B, 0x80, 0x0C, 0x00, 0x00, 0x00, 0x00, 0x08, 0x00, 0x00,
    0x0E, 0x00, 0x00, 0x0F, 0x00, 0x00, 0x0F, 0xC0, 0x00, 0x0F, 0x78, 0x00, 0x0F, 0x1E, 0x00, 0x0F,
    0x07, 0x80, 0x1F, 0x61, 0xF0, 0x1F, 0x78, 0x7E, 0x3E, 0x1E, 0x0F, 0x9E, 0x03, 0x83, 0xC4, 0x00,
    0xE0, 0x40, 0x00, 0x20, 0x00, 0x7F, 0xFF, 0xE0, 0x3F, 0xFF, 0xE0, 0x00, 0x00, 0xF0, 0x00, 0x00,
    0xF0, 0x00, 0x00, 0xF0, 0x00, 0x00, 0x70, 0x00, 0x00, 0x70, 0x00, 0x00, 0x78, 0x00, 0x00, 0x78,
    0x00, 0x00, 0x78, 0x00, 0x00, 0x18, 0x00, 0x03, 0x00, 0xC0, 0x03, 0x00, 0xC0, 0x03, 0x00, 0xC0,
    0x03, 0x00, 0xC0, 0x03, 0x01, 0xC0, 0x07, 0x01, 0xC0, 0x07, 0x01, 0xC0, 0x07, 0x01, 0xC0, 0x07,
    0x01, 0xC0, 0x07, 0x81, 0xC0, 0x07, 0xC1, 0xC0, 0x07, 0xC3, 0xC0, 0x0E, 0xE3, 0xE0, 0x0E, 0x73,
    0xE0, 0x0E, 0x77, 0x60, 0x0E, 0x3F, 0x70, 0x1C, 0x37, 0x30, 0x1C, 0x0E, 0x38, 0x38, 0x1E, 0x1C,
    0x38, 0x1C, 0x1E, 0x78, 0x38, 0x0F, 0xF0, 0x78, 0x07, 0x60, 0x30, 0x02, 0x03, 0x81, 0x80, 0x01,
    0x80, 0xC0, 0x01, 0xCC, 0x60, 0x00, 0xE6, 0x30, 0x00, 0xE3, 0x18, 0x60, 0x61, 0x8D, 0xF0, 0x70,
    0xC7, 0xF8, 0x78, 0x6F, 0xEC, 0x7C, 0x3F, 0x86, 0x7E, 0x7F, 0xC3, 0x3B, 0x7C, 0x61, 0x89, 0xBE,
    0x30, 0xC0, 0xC3, 0x18, 0x60, 0x61, 0x8C, 0x30, 0x30, 0xC6, 0xF8, 0x18, 0x63, 0x7C, 0x0C, 0x31,
    0xB8, 0x06, 0x18, 0xC1, 0x83, 0x0C, 0x00, 0xC1, 0x86, 0x00, 0x60, 0xC3, 0x00, 0x70, 0x61, 0xFF,
    0xF8, 0x30, 0x7F, 0xF8, 0x00, 0x00, 0x00, 0x00, 0x00, 0xC0, 0xC3, 0x01, 0x81, 0x8E, 0x03, 0x03,
    0x0E, 0x0E, 0x06, 0x0E, 0x1C, 0x0C, 0x1C, 0x38, 0x18, 0x1C, 0x70, 0x30, 0x38, 0xE0, 0x60, 0x01,
    0xC0, 0xC0, 0x03, 0x01, 0x80, 0x0E, 0x03, 0x00, 0x1C, 0x06, 0x00, 0x30, 0x0C, 0x30, 0xE0, 0x19,
    0xF1, 0xC0, 0x3F, 0xC7, 0xC0, 0xFE, 0x1F, 0xC1, 0xF0, 0x79, 0xC7, 0x81, 0xE3, 0xC4, 0x0F, 0x83,
    0xC0, 0x3E, 0x03, 0x80, 0x70, 0x03, 0x00, 0x00, 0x00, 0x03, 0x81, 0x80, 0x03, 0xB9, 0x80, 0x07,
    0x39, 0x80, 0x07, 0x39, 0x80, 0x0E, 0x31, 0x80, 0x0E, 0x7F, 0xFE, 0x1C, 0x7F, 0xFE, 0x3C, 0x61,
    0x80, 0x3C, 0xE1, 0x80, 0x7C, 0xC1, 0x80, 0x6C, 0x41, 0x80, 0x4C, 0x01, 0x80, 0x0C, 0xFF, 0xFF,
    0x0C, 0xFF, 0xFF, 0x0C, 0x01, 0x80, 0x0C, 0x01, 0x80, 0x0C, 0x01, 0x80, 0x0C, 0x01, 0x80, 0x0C,
    0x01, 0x80, 0x0C, 0x01, 0x80, 0x0C, 0x01, 0x80, 0x0C, 0x01, 0x80, 0x0C, 0x01, 0x80, 0x01, 0x80,
    0x00, 0x00, 0xC0, 0x1F, 0x00, 0xE0, 0xFF, 0x80, 0x7F, 0xFF, 0x00, 0x7F, 0xF8, 0x00, 0x72, 0x0C,
    0x00, 0x38, 0x06, 0x00, 0x3C, 0x03, 0x00, 0x3E, 0x01, 0x80, 0x3F, 0x00, 0xC0, 0x1D, 0x80, 0x60,
    0x0C, 0xFF, 0xFF, 0xE0, 0x7F, 0xFF, 0xF0, 0x30, 0x0C, 0x00, 0x18, 0x06, 0x00, 0x0C, 0x03, 0x00,
    0x06, 0x01, 0x80, 0x03, 0x00, 0xC0, 0x01, 0x80, 0x60, 0x00, 0xC0, 0x30, 0x00, 0x6F, 0xFF, 0xF0,
    0x37, 0xFF, 0xF8, 0x18, 0x00, 0x00, 0x00, 0x00, 0x00, 0x00, 0xE0, 0xC0, 0x00, 0x70, 0x60, 0x00,
    0x70, 0x30, 0x00, 0x38, 0x18, 0x00, 0x38, 0x0C, 0x00, 0x3C, 0x06, 0x00, 0x1D, 0xFF, 0xFF, 0x1E,
    0xFF, 0xFF, 0x9F, 0x01, 0xF0, 0x1F, 0x81, 0xF8, 0x0E, 0xC0, 0xFE, 0x06, 0x60, 0xFF, 0x00, 0x30,
    0x6D, 0xC0, 0x18, 0x76, 0x60, 0x0C, 0x73, 0x38, 0x06, 0x39, 0x8E, 0x03, 0x38, 0xC7, 0x81, 0xB8,
    0x61, 0xE0, 0xF8, 0x30, 0x70, 0x6C, 0x18, 0x10, 0x30, 0x0C, 0x00, 0x18, 0x06, 0x00, 0x0C, 0x03,
    0x00, 0x03, 0x83, 0x00, 0x03, 0x83, 0x00, 0x07, 0x07, 0x00, 0x07, 0xFF, 0xFE, 0x0E, 0xFF, 0xFE,
    0x0E, 0x06, 0x00, 0x1C, 0x0E, 0x00, 0x3C, 0x0E, 0x00, 0x7D, 0xFF, 0xFF, 0xFD, 0xFF, 0xFF, 0xEC,
    0x1C, 0x00, 0x4C, 0x18, 0x00, 0x0C, 0x3F, 0xFE, 0x0C, 0x3F, 0xFE, 0x0C, 0x00, 0x3C, 0x0C, 0x00,
    0x38, 0x0C, 0x00, 0x70, 0x0C, 0x0E, 0xE0, 0x0C, 0x0F, 0xC0, 0x0C, 0x03, 0xC0, 0x0C, 0x01, 0xE0,
    0x0C, 0x00, 0xF0, 0x0C, 0x00, 0x60, 0x00, 0x00, 0x00, 0x00, 0x01, 0x80, 0x01, 0xC0, 0xC0, 0x00,
    0xC0, 0x60, 0x00, 0xE0, 0x30, 0x00, 0x60, 0x18, 0x00, 0x70, 0x0C, 0x00, 0x73, 0xFF, 0xFC, 0x39,
    0xFF, 0xFE, 0x3C, 0x01, 0x80, 0x3E, 0x00, 0xC0, 0x3F, 0x00, 0x60, 0x0D, 0x80, 0x30, 0x04, 0xC0,
    0x18, 0x00, 0x63, 0xFF, 0xF0, 0x31, 0xFF, 0xF8, 0x18, 0xC0, 0x0C, 0x0C, 0x60, 0x06, 0x06, 0x30,
    0x03, 0x03, 0x18, 0x01, 0x81, 0x8C, 0x00, 0xC0, 0xC6, 0x00, 0x60, 0x63, 0xFF, 0xF0, 0x31, 0xFF,
    0xF8, 0x18, 0xC0, 0x0C, 0x00, 0x00, 0x00, 0x00, 0x01, 0x03, 0x00, 0x03, 0x83, 0x80, 0x03, 0x83,
    0x80, 0x07, 0x01, 0x80, 0x07, 0x01, 0x80, 0x0E, 0x7F, 0xFE, 0x0E, 0x7F, 0xFE, 0x1C, 0x00, 0x00,
    0x3C, 0x18, 0x18, 0x7C, 0x38, 0x18, 0xFC, 0x18, 0x18, 0x6C, 0x18, 0x38, 0x4C, 0x1C, 0x38, 0x0C,
    0x1C, 0x38, 0x0C, 0x1C, 0x30, 0x0C, 0x0C, 0x30, 0x0C, 0x0C, 0x70, 0x0C, 0x0C, 0x70, 0x0C, 0x0E,
    0x70, 0x0C, 0x0C, 0x60, 0x0C, 0x00, 0x60, 0x0C, 0xFF, 0xFF, 0x0C, 0xFF, 0xFF, 0x0C, 0x00, 0x00,
    0x07, 0x03, 0x00, 0x07, 0x03, 0x00, 0x06, 0x03, 0x00, 0x0E, 0x03, 0x00, 0x0E, 0x03, 0x00, 0x1D,
    0xFF, 0xFF, 0x1D, 0xFF, 0xFF, 0x3C, 0x0F, 0xC0, 0x7C, 0x0F, 0xC0, 0x7C, 0x0F, 0xE0, 0x6C, 0x1F,
    0x60, 0x4C, 0x3B, 0x70, 0x0C, 0x3B, 0x30, 0x0C, 0x73, 0x38, 0x0C, 0xE3, 0x1C, 0x0C, 0xE3, 0x1E,
    0x0D, 0xFF, 0xFF, 0x0F, 0xBF, 0xF7, 0x0D, 0x03, 0x02, 0x0C, 0x03, 0x00, 0x0C, 0x03, 0x00, 0x0C,
    0x03, 0x00, 0x0C, 0x03, 0x00, 0x00, 0x18, 0x00, 0x00, 0x1C, 0x00, 0x00, 0x3C, 0x00, 0x00, 0xFE,
    0x00, 0x01, 0xE7, 0x80, 0x03, 0xC3, 0xC0, 0x0F, 0x81, 0xF0, 0x1E, 0x00, 0x7C, 0x7F, 0xFF, 0xFF,
    0xF7, 0xFF, 0xEF, 0x40, 0x18, 0x02, 0x00, 0x18, 0x00, 0x00, 0x18, 0x00, 0x7F, 0xFF, 0xFE, 0x7F,
    0xFF, 0xFE, 0x00, 0x18, 0x00, 0x02, 0x18, 0xC0, 0x07, 0x19, 0xE0, 0x0E, 0x18, 0xF0, 0x1E, 0x18,
    0x78, 0x3C, 0x18, 0x3C, 0x78, 0x18, 0x1E, 0x71, 0xF8, 0x0C, 0x01, 0xF8, 0x00, 0x00, 0x00, 0x00,
    0x03, 0x8E, 0x00, 0x03, 0x8E, 0x00, 0x07, 0x0C, 0x00, 0x07, 0x1C, 0x00, 0x0E, 0x1F, 0xFF, 0x0E,
    0x3F, 0xFF, 0x1C, 0x73, 0x00, 0x3C, 0x73, 0x00, 0x7C, 0xE3, 0x00, 0xFD, 0xC3, 0xFF, 0x6C, 0xC3,
    0xFF, 0x4C, 0x03, 0x00, 0x0C, 0x03, 0x00, 0x0C, 0x03, 0x00, 0x0C, 0x03, 0x00, 0x0C, 0x03, 0xFF,
    0x0C, 0x03, 0xFF, 0x0C, 0x03, 0x00, 0x0C, 0x03, 0x00, 0x0C, 0x03, 0x00, 0x0C, 0x03, 0x00, 0x0C,
    0x03, 0x00, 0x0C, 0x03, 0x00, 0x03, 0x18, 0x00, 0x01, 0xCE, 0x00, 0x01, 0xC6, 0x00, 0x00, 0xE7,
    0x00, 0x00, 0xE3, 0x80, 0x00, 0x71, 0xFF, 0xF8, 0x71, 0xFF, 0xFC, 0x78, 0xE3, 0x0E, 0x3C, 0xE1,
    0x87, 0x3E, 0xF0, 0xC3, 0xBB, 0x30, 0x61, 0x8D, 0x83, 0x33, 0x00, 0xC3, 0x99, 0xC0, 0x61, 0xCC,
    0x60, 0x30, 0xC6, 0x38, 0x18, 0xE3, 0x1C, 0x0C, 0x71, 0x87, 0x06, 0x70, 0xC3, 0x83, 0x38, 0x61,
    0xC1, 0x88, 0x30, 0x40, 0xC0, 0x18, 0x00, 0x60, 0x7C, 0x00, 0x30, 0x3E, 0x00, 0x01, 0x81, 0x80,
    0x01, 0xC0, 0xC0, 0x00, 0xC0, 0x60, 0x00, 0xFF, 0xFF, 0xE0, 0xEF, 0xFF, 0xF0, 0x70, 0x0C, 0x00,
    0x70, 0x06, 0x00, 0x78, 0xFF, 0xFC, 0x7C, 0x7F, 0xFE, 0x7E, 0x30, 0xC3, 0x3B, 0x18, 0x61, 0x89,
    0x8C, 0x30, 0xC0, 0xC7, 0xFF, 0xE0, 0x63, 0xFF, 0xF0, 0x31, 0x8E, 0x00, 0x18, 0xE7, 0x00, 0x0C,
    0x3B, 0x80, 0x06, 0x1F, 0x80, 0x03, 0x07, 0xC0, 0x01, 0x83, 0xF8, 0x00, 0xC7, 0xFF, 0xC0, 0x6F,
    0xC7, 0xF8, 0x33, 0x80, 0x7C, 0x00, 0x00, 0x00, 0x03, 0x18, 0x30, 0x07, 0x18, 0x30, 0x07, 0x18,
    0x30, 0x0E, 0x18, 0x30, 0x0E, 0x18, 0x30, 0x1C, 0xFF, 0xFF, 0x1C, 0xFF, 0xFF, 0x3C, 0x18, 0x30,
    0x7C, 0x18, 0x30, 0xFC, 0x18, 0x30, 0x6C, 0x18, 0x30, 0x4C, 0x18, 0x30, 0x0C, 0x18, 0x30, 0x0D,
    0xFF, 0xFF, 0x0D, 0xFF, 0xFF, 0x0C, 0x00, 0x00, 0x0C, 0x18, 0x30, 0x0C, 0x1C, 0x38, 0x0C, 0x38,
    0x38, 0x0C, 0x70, 0x1C, 0x0C, 0xE0, 0x0E, 0x0D, 0xE0, 0x07, 0x0C, 0xC0, 0x06, 0x00, 0x00, 0x00,
    0x04, 0x00, 0x02, 0x1C, 0x00, 0x0C, 0x3F, 0xFC, 0x18, 0x6F, 0xF9, 0xB0, 0xD8, 0x33, 0x63, 0xB7,
    0x66, 0xC6, 0x6E, 0xCD, 0x9C, 0xDD, 0x9B, 0x39, 0xBB, 0x36, 0xF3, 0x76, 0x6D, 0xE6, 0xEC, 0xDF,
    0xCD, 0xD9, 0xB5, 0x9B, 0xB3, 0x63, 0x37, 0x66, 0xC6, 0x6E, 0xCD, 0x8C, 0xDD, 0x9B, 0x19, 0xB3,
    0x36, 0x33, 0x66, 0x6C, 0x62, 0xF8, 0x18, 0xC3, 0xE0, 0x31, 0x86, 0xE0, 0x63, 0x1C, 0xE0, 0xC6,
    0x70, 0xCF, 0x8C, 0xC1, 0x8F, 0x00, 0x00, 0x00, 0x03, 0x00, 0x00, 0x03, 0xFF, 0xFF, 0x81, 0xFF,
    0xFF, 0xC0, 0xCF, 0xFF, 0xC0, 0xE0, 0x18, 0x00, 0x73, 0xFF, 0xF0, 0x71, 0xFF, 0xF8, 0x78, 0xC3,
    0x0C, 0x3C, 0x61, 0x86, 0x3E, 0x3F, 0xFF, 0x1F, 0x1F, 0xFF, 0x8D, 0x8C, 0x30, 0xC0, 0xC6, 0x18,
    0x60, 0x63, 0xFF, 0xF0, 0x31, 0xFF, 0xF8, 0x18, 0x87, 0x00, 0x0C, 0xE3, 0x80, 0x06, 0x3B, 0x80,
    0x03, 0x0F, 0xC0, 0x01, 0x83, 0xE0, 0x00, 0xC7, 0xFF, 0x80, 0x6F, 0xCF, 0xF8, 0x37, 0x80, 0xFC,
    0x00, 0x00, 0x00, 0x03, 0x80, 0x00, 0x01, 0xFF, 0xFE, 0x01, 0xDF, 0xFF, 0x00, 0xEC, 0x01, 0x80,
    0xE6, 0x00, 0xC0, 0x73, 0x00, 0x60, 0x71, 0x80, 0x30, 0x78, 0xFF, 0xF8, 0x7C, 0x7F, 0xFC, 0x7E,
    0x00, 0xC0, 0x3B, 0x00, 0x60, 0x09, 0x80, 0x30, 0x00, 0xDF, 0xFF, 0xF0, 0x6F, 0xFF, 0xF8, 0x30,
    0x1F, 0x80, 0x18, 0x1F, 0xC0, 0x0C, 0x1F, 0xF0, 0x06, 0x1E, 0xDC, 0x03, 0x1E, 0x67, 0x01, 0x9E,
    0x31, 0xE0, 0xDE, 0x18, 0x78, 0x6C, 0x0C, 0x18, 0x30, 0x06, 0x00, 0x00, 0x00, 0x00, 0x03, 0x07,
    0x00, 0x03, 0x03, 0x80, 0x07, 0x03, 0x80, 0x06, 0x01, 0x80, 0x0E, 0xFF, 0xFF, 0x0E, 0xFF, 0xFF,
    0x1C, 0x00, 0x00, 0x3C, 0x7F, 0xFC, 0x3C, 0x7F, 0xFC, 0x7C, 0x00, 0x00, 0x6C, 0x00, 0x00, 0x6C,
    0x7F, 0xFC, 0x0C, 0x7F, 0xFC, 0x0C, 0x00, 0x00, 0x0C, 0x00, 0x00, 0x0C, 0x7F, 0xFC, 0x0C, 0x7F,
    0xFC, 0x0C, 0x60, 0x0C, 0x0C, 0x60, 0x0C, 0x0C, 0x60, 0x0C, 0x0C, 0x7F, 0xFC, 0x0C, 0x7F, 0xFC,
    0x0C, 0x60, 0x0C, 0x00, 0x00, 0x00, 0x03, 0x03, 0x00, 0x03, 0x83, 0x80, 0x01, 0xC1, 0xC0, 0x00,
    0xC1, 0xFF, 0xE0, 0xE1, 0xFF, 0xE0, 0x60, 0xF0, 0x70, 0x70, 0xFC, 0x70, 0x79, 0xE7, 0xF0, 0x3C,
    0xC1, 0xF0, 0x3E, 0x63, 0xFE, 0x3B, 0x3F, 0xEF, 0xED, 0x9F, 0x8D, 0xE0, 0xCC, 0x1E, 0x00, 0x66,
    0x3E, 0x00, 0x33, 0x3C, 0x60, 0x19, 0x98, 0xF0, 0x0C, 0xC1, 0xE2, 0x06, 0x67, 0xE3, 0x83, 0x33,
    0x87, 0x81, 0x80, 0x0F, 0x80, 0xC0, 0x3F, 0x00, 0x60, 0xFE, 0x00, 0x30, 0x78, 0x00, 0x06, 0x00,
    0x04, 0x1F, 0xFE, 0x0C, 0x3F, 0xFF, 0x98, 0x6F, 0xFB, 0x31, 0xC6, 0x46, 0x63, 0x9C, 0xCC, 0xCE,
    0x31, 0xD9, 0x9C, 0xFF, 0xB3, 0x79, 0xFF, 0xE7, 0xF3, 0xE3, 0xCF, 0xE0, 0xC5, 0x9E, 0xC1, 0xC3,
    0x31, 0x83, 0x86, 0x63, 0x3F, 0xFC, 0xC6, 0x7F, 0xF9, 0x8C, 0x1C, 0x33, 0x18, 0x38, 0x66, 0x30,
    0x77, 0x0C, 0x61, 0xFE, 0x18, 0xDF, 0xF8, 0x31, 0xBE, 0x00, 0x63, 0x00, 0x0F, 0xC6, 0x00, 0x1F,
    0x00, 0x02, 0x01, 0x80, 0x03, 0x03, 0x80, 0x07, 0x03, 0x80, 0x07, 0xFF, 0xFE, 0x06, 0xFF, 0xFE,
    0x0E, 0x03, 0x00, 0x1C, 0x03, 0x00, 0x1C, 0x7F, 0xFC, 0x3C, 0x7F, 0xFC, 0x3C, 0x70, 0x0C, 0x7C,
    0x70, 0x0C, 0x6C, 0x7F, 0xFC, 0x6C, 0x7F, 0xFC, 0x0C, 0x70, 0x0C, 0x0C, 0x7F, 0xFC, 0x0C, 0x7F,
    0xFC, 0x0C, 0x70, 0x0C, 0x0C, 0x70, 0x0C, 0x0C, 0x7F, 0xFC, 0x0C, 0x7F, 0xFC, 0x0C, 0x70, 0x0C,
    0x0D, 0xFF, 0xFF, 0x0D, 0xFF, 0xFF, 0x0D, 0xFF, 0xFF, 0x02, 0x00, 0x00, 0x03, 0x80, 0x00, 0x01,
    0xC1, 0xFF, 0xE0, 0xD8, 0xFF, 0xF0, 0xEC, 0x07, 0x00, 0x66, 0x03, 0x80, 0x73, 0x0F, 0xF8, 0x39,
    0x87, 0xFE, 0x3C, 0xFB, 0xFF, 0x3E, 0x7D, 0x93, 0x9F, 0x30, 0xDD, 0xCD, 0x98, 0x6E, 0xE6, 0xCC,
    0x37, 0x70, 0x66, 0x1B, 0xB8, 0x33, 0x0D, 0xDC, 0x19, 0x96, 0xEE, 0x0C, 0xFB, 0x77, 0x06, 0x7D,
    0xB3, 0x83, 0x78, 0xD9, 0x81, 0x90, 0x1F, 0x00, 0xC0, 0x1D, 0xC0, 0x60, 0x1E, 0x78, 0x30, 0x3E,
    0x1E, 0x18, 0x1C, 0x06, 0x00, 0x00, 0x00, 0x00, 0x00, 0x01, 0x00, 0x03, 0x83, 0x80, 0x03, 0x81,
    0x80, 0x07, 0x7F, 0xFE, 0x07, 0x7F, 0xFE, 0x0E, 0x60, 0x06, 0x0E, 0x60, 0x06, 0x1C, 0x60, 0x06,
    0x3C, 0x7F, 0xFE, 0x7C, 0x7F, 0xFE, 0x7C, 0x60, 0x00, 0xEC, 0x7F, 0xFE, 0x4C, 0x7F, 0xFF, 0x0C,
    0x73, 0x37, 0x0C, 0x73, 0x37, 0x0C, 0xF3, 0x37, 0x0C, 0xFF, 0xFF, 0x0C, 0xFF, 0xFF, 0x0C, 0xF3,
    0x37, 0x0C, 0xF3, 0x37, 0x0D, 0xF3, 0x37, 0x0D, 0xF3, 0x37, 0x0D, 0xF3, 0x3F, 0x0C, 0xB0, 0x0E,
    0x00, 0x00, 0x00, 0x06, 0x00, 0xC0, 0x06, 0x81, 0xC7, 0x0F, 0xC1, 0xC7, 0x0E, 0xEF, 0xFE, 0x1C,
    0x7F, 0xFE, 0x1C, 0x21, 0xDC, 0x18, 0x01, 0xF8, 0x38, 0x0F, 0xFF, 0x7B, 0xFF, 0xFF, 0x7B, 0xEF,
    0xFF, 0xF8, 0x61, 0xC0, 0x58, 0x63, 0x80, 0x18, 0x6F, 0xFE, 0x18, 0x7F, 0xFE, 0x18, 0x7F, 0x06,
    0x18, 0x63, 0x06, 0x18, 0x63, 0xFE, 0x18, 0x6B, 0xFE, 0x18, 0x7B, 0x06, 0x18, 0xFB, 0x06, 0x18,
    0xF3, 0xFE, 0x18, 0xC3, 0xFE, 0x18, 0x03, 0x06, 0x00, 0x00, 0x00, 0x1F, 0xFF, 0xF8, 0x3F, 0xFF,
    0xF0, 0x00, 0x00, 0x00, 0x00, 0x00, 0x00, 0x00, 0x00, 0x00, 0x00, 0x00, 0x1F, 0xFF, 0xFF, 0x7F,
    0xFF, 0xFF, 0xFF, 0xFF, 0xFE, 0x07, 0x0E, 0x00, 0x0E, 0x1C, 0x00, 0x1C, 0x38, 0x00, 0x38, 0x70,
    0x00, 0x70, 0xE0, 0x01, 0xC1, 0xC1, 0x03, 0x83, 0x83, 0x0E, 0x07, 0x06, 0x3C, 0x0E, 0x0C, 0xF0,
    0x1C, 0x1F, 0xC0, 0x3F, 0xFF, 0x00, 0x3F, 0xC8, 0x00, 0x00, 0x00, 0x06, 0x18, 0x00, 0x07, 0x18,
    0x00, 0x06, 0x18, 0x00, 0x0E, 0x18, 0x00, 0x0F, 0xFF, 0xFC, 0x0F, 0xFF, 0xFC, 0x1C, 0x18, 0x00,
    0x38, 0x18, 0x00, 0x38, 0x18, 0x00, 0x10, 0x18, 0x00, 0x7F, 0xFF, 0xFE, 0x7F, 0xFF, 0xFE, 0x7F,
    0xFF, 0xFE, 0x01, 0xC3, 0x00, 0x01, 0xC3, 0x00, 0x01, 0x83, 0x00, 0x03, 0x83, 0x00, 0x03, 0x83,
    0x04, 0x07, 0x03, 0x06, 0x0F, 0x03, 0x06, 0x1E, 0x03, 0x86, 0x7C, 0x03, 0xFE, 0x78, 0x03, 0xFC,
    0x60, 0x00, 0x00, 0x00, 0x18, 0x00, 0x0E, 0x0C, 0x0E, 0x07, 0x06, 0x07, 0x01, 0xC3, 0x03, 0x00,
    0x61, 0x83, 0x80, 0x38, 0xC1, 0x80, 0x1C, 0x61, 0xC0, 0x06, 0x30, 0xC0, 0x00, 0x18, 0x00, 0x3F,
    0xFF, 0xFF, 0x9F, 0xFF, 0xFF, 0xCF, 0xFF, 0xFF, 0xE0, 0x0C, 0x18, 0x00, 0x0E, 0x0C, 0x00, 0x07,
    0x06, 0x00, 0x03, 0x83, 0x00, 0x01, 0xC1, 0x80, 0x01, 0xC0, 0xC1, 0x81, 0xE0, 0x60, 0xC1, 0xE0,
    0x30, 0x63, 0xE0, 0x18, 0x73, 0xE0, 0x0F, 0xF9, 0xC0, 0x07, 0xF8, 0x00, 0x00, 0x00, 0x01, 0x00,
    0x00, 0x03, 0x80, 0x00, 0x03, 0xC0, 0x00, 0x00, 0xE0, 0x00, 0x00, 0x70, 0x00, 0x00, 0x78, 0x00,
    0x00, 0x38, 0x00, 0x00, 0x3C, 0x00, 0x00, 0x7C, 0x00, 0x00, 0x7E, 0x00, 0x00, 0x7E, 0x00, 0x00,
    0xE7, 0x00, 0x00, 0xE7, 0x00, 0x01, 0xE3, 0x80, 0x01, 0xC3, 0xC0, 0x03, 0x81, 0xC0, 0x07, 0x80,
    0xE0, 0x07, 0x00, 0xF0, 0x0E, 0x00, 0x78, 0x3E, 0x00, 0x3C, 0x7C, 0x00, 0x1E, 0xF0, 0x00, 0x0E,
    0x60, 0x00, 0x06, 0x00, 0x00, 0x00, 0x00, 0x1C, 0x00, 0x00, 0x3C, 0x00, 0x00, 0x7E, 0x00, 0x00,
    0xFF, 0x00, 0x01, 0xE7, 0x80, 0x03, 0xC3, 0xC0, 0x07, 0x81, 0xF0, 0x1F, 0x00, 0x78, 0x7C, 0x00,
    0x3E, 0xFF, 0xFF, 0xFF, 0x6F, 0xFF, 0xF6, 0x00, 0x18, 0x00, 0x00, 0x18, 0x00, 0x00, 0x18, 0x00,
    0x00, 0x18, 0x00, 0x0F, 0xFF, 0xF0, 0x0F, 0xFF, 0xF0, 0x00, 0x18, 0x00, 0x00, 0x18, 0x00, 0x00,
    0x18, 0x00, 0x00, 0x18, 0x00, 0x7F, 0xFF, 0xFE, 0x7F, 0xFF, 0xFE, 0x00, 0x30, 0x00, 0x00, 0x70,
    0x00, 0x00, 0x38, 0x00, 0x00, 0x38, 0x00, 0x00, 0x1C, 0x00, 0x00, 0x1C, 0x00, 0x00, 0x08, 0x00,
    0xFF, 0xFF, 0xFE, 0xFF, 0xFF, 0xFE, 0x00, 0x00, 0x00, 0x00, 0x00, 0x00, 0x00, 0x00, 0x00, 0x03,
    0x83, 0x80, 0x03, 0x81, 0xC0, 0x07, 0x01, 0xE0, 0x07, 0x00, 0xE0, 0x0E, 0x00, 0x70, 0x1E, 0x00,
    0x78, 0x1C, 0x00, 0x38, 0x3C, 0x00, 0x1C, 0x78, 0x00, 0x1E, 0xF0, 0x00, 0x0E, 0x60, 0x00, 0x0E,
    0x00, 0x00, 0x00, 0x06, 0x00, 0xE0, 0x07, 0x00, 0xE0, 0x07, 0x01, 0xC0, 0x03, 0x81, 0xC0, 0x03,
    0x83, 0x80, 0x3F, 0xFF, 0xF8, 0x3F, 0xFF, 0xF8, 0x1F, 0xFF, 0xF8, 0x00, 0x38, 0x00, 0x00, 0x38,
    0x00, 0x00, 0x38, 0x00, 0x00, 0x38, 0x00, 0x7F, 0xFF, 0xFE, 0x7F, 0xFF, 0xFE, 0x00, 0x7C, 0x00,
    0x00, 0x7E, 0x00, 0x00, 0xFE, 0x00, 0x01, 0xE7, 0x00, 0x03, 0xC3, 0xC0, 0x07, 0x81, 0xE0, 0x3F,
    0x00, 0xFC, 0xFE, 0x00, 0x7E, 0x78, 0x00, 0x1E, 0x00, 0x00, 0x00, 0x06, 0x00, 0xC0, 0x0C, 0x01,
    0x80, 0x18, 0x03, 0x03, 0xFF, 0xFF, 0xE7, 0xFF, 0xFF, 0xC0, 0xC0, 0x18, 0x01, 0x80, 0x30, 0x03,
    0xFF, 0xE0, 0x07, 0xFF, 0xC0, 0x0C, 0x01, 0x80, 0x18, 0x03, 0x00, 0x3F, 0xFE, 0x00, 0x7F, 0xFC,
    0x00, 0xC0, 0x18, 0x01, 0x80, 0x30, 0x03, 0x00, 0x60, 0xFF, 0xFF, 0xFF, 0xFF, 0xFF, 0xFC, 0x06,
    0x0C, 0x00, 0x3E, 0x3F, 0x03, 0xF0, 0x1F, 0x9F, 0x80, 0x0F, 0xFC, 0x00, 0x07, 0x00, 0x00, 0x00,
    0x0F, 0xFF, 0xE0, 0x0F, 0xFF, 0xE0, 0x0C, 0x00, 0x60, 0x0E, 0x00, 0x60, 0x0F, 0xFF, 0xE0, 0x0F,
    0xFF, 0xE0, 0x0C, 0x00, 0x60, 0x0F, 0xFF, 0xE0, 0x0F, 0xFF, 0xE0, 0x0C, 0x00, 0x60, 0x0C, 0x00,
    0x60, 0x0F, 0xFF, 0xE0, 0x0F, 0xFF, 0xE0, 0x0C, 0x00, 0x60, 0x0C, 0x00, 0x60, 0xFF, 0xFF, 0xFE,
    0xFF, 0xFF, 0xFE, 0x03, 0x83, 0xC0, 0x0F, 0x83, 0xF0, 0x3F, 0x00, 0xF8, 0xFC, 0x00, 0x3E, 0xF0,
    0x00, 0x0E, 0x00, 0x00, 0x00, 0x00, 0x00, 0x00, 0x00, 0xC3, 0x00, 0x00, 0xC3, 0x00, 0x00, 0xC3,
    0x00, 0x1F, 0xFF, 0xF8, 0x1F, 0xFF, 0xF8, 0x18, 0xC3, 0x18, 0x18, 0xC3, 0x18, 0x18, 0xC3, 0x18,
    0x18, 0xC3, 0x18, 0x1F, 0xFF, 0xF8, 0x1F, 0xFF, 0xF8, 0x18, 0xC3, 0x18, 0x18, 0xC3, 0x18, 0x18,
    0xC3, 0x18, 0x18, 0xC3, 0x18, 0xFF, 0xFF, 0xFF, 0xFF, 0xFF, 0xFF, 0x01, 0x81, 0x80, 0x03, 0xC3,
    0xE0, 0x0F, 0x81, 0xF0, 0x1F, 0x00, 0x7C, 0x7C, 0x00, 0x1E, 0x70, 0x00, 0x0C, 0x00, 0x20, 0x00,
    0x06, 0x00, 0x00, 0x60, 0x00, 0x06, 0x00, 0x00, 0x60, 0x0F, 0xFF, 0xFF, 0xFF, 0xFF, 0xFC, 0x06,
    0x03, 0xC0, 0x60, 0x3C, 0x0E, 0x03, 0xC0, 0xE0, 0x3C, 0x0F, 0x03, 0xC1, 0xF8, 0x3C, 0x1D, 0xC3,
    0xC3, 0x8E, 0x3C, 0x70, 0x73, 0xCF, 0x03, 0xBD, 0xE0, 0x1F, 0xD8, 0x01, 0xBC, 0x00, 0x03, 0xC0,
    0x00, 0x3C, 0x00, 0x03, 0xC0, 0x07, 0xFC, 0x00, 0x3F, 0x00, 0x00, 0x00, 0x1F, 0xC7, 0xF8, 0x1F,
    0xC7, 0xF8, 0x18, 0xC6, 0x18, 0x18, 0xC6, 0x18, 0x18, 0xC6, 0x18, 0x18, 0xC6, 0x18, 0x18, 0xC6,
    0x18, 0x18, 0xC6, 0x18, 0xFF, 0xFF, 0xFF, 0xFF, 0xFF, 0xFF, 0x18, 0xC6, 0x18, 0x38, 0xCE, 0x18,
    0x38, 0xCE, 0x18, 0x38, 0xCE, 0x18, 0x38, 0xCE, 0x18, 0x30, 0xCC, 0x18, 0x30, 0xDC, 0x18, 0x70,
    0xDC, 0x18, 0x60, 0xFC, 0x18, 0xE7, 0xF9, 0xF8, 0xC7, 0xF0, 0xF8, 0x00, 0x00, 0x00, 0x7F, 0xFF,
    0xFE, 0x3F, 0xFF, 0xFF, 0x0F, 0xFF, 0xFF, 0x00, 0x03, 0x00, 0x00, 0x01, 0x80, 0x00, 0x7F, 0xFF,
    0xC0, 0x3F, 0xFF, 0xE0, 0x18, 0x30, 0x30, 0x0C, 0x18, 0x18, 0x07, 0xFF, 0xFC, 0x03, 0xFF, 0xFE,
    0x01, 0x83, 0x03, 0x00, 0xC1, 0x81, 0x80, 0x60, 0xC0, 0xC1, 0xFF, 0xFF, 0xFC, 0xFF, 0xFF, 0xFE,
    0x0C, 0x00, 0x18, 0x06, 0x00, 0x0C, 0x03, 0x00, 0x06, 0x01, 0x80, 0x03, 0x00, 0xC0, 0x3F, 0x80,
    0x60, 0x0F, 0xC0, 0x00, 0x00, 0x00, 0xFF, 0xFF, 0xFF, 0xFF, 0xFF, 0xF1, 0xC0, 0x07, 0x8E, 0x00,
    0x3C, 0x60, 0x01, 0xE3, 0xFF, 0xEC, 0x3F, 0xFF, 0x01, 0xC0, 0x00, 0x0E, 0x00, 0x00, 0x60, 0x00,
    0x07, 0xFF, 0xF8, 0x3F, 0xFF, 0xC0, 0x00, 0x0E, 0x00, 0x00, 0x70, 0x00, 0x03, 0x9F, 0xFF, 0xDC,
    0xFF, 0xFE, 0xC0, 0x00, 0x06, 0x00, 0x00, 0x70, 0x00, 0x03, 0x80, 0x03, 0xF8, 0x00, 0x1F, 0xC0,
    0x00, 0x00, 0x00, 0x00, 0x33, 0x81, 0xC0, 0xE7, 0x03, 0x81, 0xC7, 0x03, 0x87, 0x0E, 0x03, 0x8F,
    0xFF, 0xE7, 0x3F, 0xFF, 0xC6, 0x70, 0x60, 0x09, 0xE0, 0xC0, 0x07, 0xC1, 0x80, 0x1F, 0xFF, 0xF8,
    0x3B, 0xFF, 0xF0, 0x06, 0x0C, 0x00, 0x8C, 0x18, 0x03, 0x98, 0x30, 0x07, 0x3F, 0xFF, 0x1C, 0x7F,
    0xFE, 0x38, 0xC1, 0x80, 0xE1, 0x83, 0x01, 0xC3, 0x06, 0x07, 0x07, 0xFF, 0xFE, 0x0F, 0xFF, 0xE8,
    0x18, 0x00, 0x00, 0x30, 0x00, 0x00, 0x00, 0x07, 0x00, 0xE0, 0x06, 0x00, 0xE1, 0xFF, 0xFC, 0x71,
    0xFF, 0xFE, 0x38, 0x0E, 0x00, 0x3D, 0xFF, 0xFC, 0x1D, 0xFF, 0xFC, 0x00, 0x1C, 0x00, 0x00, 0x18,
    0x00, 0x03, 0xFF, 0xFE, 0x03, 0xFF, 0xFE, 0x00, 0xF0, 0x70, 0x09, 0xFF, 0xFC, 0x1F, 0xFF, 0xFF,
    0x1F, 0x87, 0x0E, 0x38, 0x06, 0x00, 0x38, 0xFF, 0xFC, 0x70, 0xFF, 0xFC, 0x70, 0x1F, 0xC0, 0x70,
    0x3B, 0xF0, 0xE0, 0xF0, 0xFC, 0x63, 0xE0, 0x3E, 0x01, 0x80, 0x0C, 0x00, 0x30, 0x00, 0x01, 0x80,
    0x0C, 0x0C, 0x0C, 0x60, 0x60, 0x63, 0x03, 0x03, 0x18, 0x18, 0x18, 0xC0, 0xC0, 0xC6, 0x06, 0x06,
    0x30, 0x30, 0x31, 0xFF, 0xFF, 0x8F, 0xFF, 0xFC, 0x00, 0x60, 0x06, 0x03, 0x01, 0xB0, 0x18, 0x0D,
    0x80, 0xC0, 0x6C, 0x06, 0x03, 0x60, 0x30, 0x1B, 0x01, 0x80, 0xD8, 0x0C, 0x06, 0xC0, 0x60, 0x37,
    0xFF, 0xFF, 0xBF, 0xFF, 0xFC, 0x00, 0x00, 0x60, 0x01, 0x01, 0x00, 0x03, 0x83, 0x80, 0x03, 0x83,
    0x80, 0x07, 0x01, 0xC0, 0x07, 0x00, 0xE0, 0x0E, 0x00, 0xE0, 0x1C, 0x00, 0x70, 0x3C, 0x00, 0x38,
    0x78, 0x00, 0x1C, 0xFF, 0xFF, 0xFE, 0xFF, 0xFF, 0xFE, 0x0F, 0xFF, 0xF0, 0x00, 0xE0, 0x70, 0x00,
    0xC0, 0x60, 0x01, 0xC0, 0x60, 0x01, 0xC0, 0x60, 0x01, 0xC0, 0x60, 0x03, 0x80, 0xE0, 0x07, 0x80,
    0xE0, 0x0F, 0x00, 0xE0, 0x1E, 0x00, 0xE0, 0x7C, 0x1F, 0xC0, 0x70, 0x1F, 0xC0, 0x00, 0x00, 0x00,
    0x00, 0x00, 0x00, 0x0C, 0x00, 0x00, 0x0C, 0x3F, 0xFE, 0x0C, 0x3F, 0xFE, 0x0C, 0x03, 0x06, 0x0C,
    0x03, 0x06, 0x0F, 0xE3, 0x06, 0x7F, 0xE3, 0x06, 0xFF, 0x03, 0x06, 0x7C, 0x03, 0x06, 0x0C, 0x03,
    0x06, 0x0C, 0x07, 0x06, 0x0C, 0x07, 0x0E, 0x0C, 0x07, 0x0E, 0x0C, 0x66, 0x0E, 0x0D, 0xEE, 0x0E,
    0x0F, 0xCE, 0x0E, 0x1F, 0x1C, 0x0E, 0x1C, 0x1C, 0x0E, 0x10, 0x38, 0x0E, 0x00, 0x78, 0x1C, 0x00,
    0xF1, 0xFC, 0x00, 0xE0, 0xF8, 0x00, 0x00, 0x00, 0x00, 0x00, 0x0F, 0xFF, 0xE0, 0x3F, 0xFF, 0x80,
    0xFF, 0xFE, 0x63, 0x0C, 0x01, 0x8C, 0x70, 0x06, 0x31, 0xC0, 0x18, 0xC7, 0xFE, 0x63, 0x3F, 0xF1,
    0x8C, 0xE0, 0xC6, 0x37, 0x07, 0x18, 0xDC, 0x1C, 0x63, 0xE8, 0x61, 0x8F, 0x7B, 0x86, 0x30, 0xFE,
    0x18, 0xC1, 0xF0, 0x63, 0x03, 0xC1, 0x8C, 0x0E, 0x00, 0x30, 0x70, 0x00, 0xC3, 0xC0, 0x03, 0x3E,
    0x00, 0x0D, 0xE0, 0x03, 0xF7, 0x00, 0x07, 0xC0, 0x00, 0x00, 0x01, 0x80, 0x06, 0x07, 0x00, 0x0C,
    0x0F, 0x00, 0x18, 0x3F, 0x06, 0x30, 0xE7, 0x0C, 0x61, 0xC7, 0x18, 0xC7, 0x07, 0x31, 0x9C, 0x0F,
    0x63, 0xF0, 0x0E, 0xC7, 0xFF, 0xE9, 0x8D, 0x7F, 0xC3, 0x18, 0xC1, 0x86, 0x31, 0x83, 0x0C, 0x63,
    0x06, 0x18, 0xC6, 0x1C, 0x31, 0x8C, 0xF8, 0x63, 0x19, 0xE0, 0xC6, 0x30, 0x18, 0x0C, 0x60, 0x38,
    0x18, 0xC0, 0x70, 0x31, 0x80, 0xC0, 0x63, 0xFF, 0x9F, 0xC7, 0xFF, 0x1F, 0x80, 0x00, 0x00, 0x0C,
    0x00, 0x00, 0x1C, 0x00, 0x00, 0x1C, 0xFF, 0xF8, 0x39, 0xFF, 0xF7, 0xFC, 0x30, 0x6F, 0xF8, 0x60,
    0xC0, 0x60, 0xC1, 0x81, 0xC1, 0x83, 0x03, 0x07, 0x06, 0x0E, 0x8E, 0x0C, 0x3B, 0x9C, 0x18, 0xFE,
    0x38, 0x31, 0xF8, 0x70, 0xEF, 0xF8, 0xC1, 0xDD, 0xB1, 0x83, 0xB3, 0x67, 0x07, 0x06, 0x0E, 0x0E,
    0x0C, 0x38, 0x1C, 0x18, 0x70, 0x38, 0x31, 0xC0, 0x60, 0x67, 0x81, 0xC0, 0xCE, 0x3F, 0x81, 0x98,
    0x7E, 0x00, 0x00, 0x00, 0x1A, 0x22, 0x06, 0x7E, 0xFE, 0x0C, 0xFD, 0xFC, 0x99, 0xDB, 0x1B, 0x33,
    0xB6, 0x36, 0x67, 0x6C, 0x6C, 0xCE, 0xD8, 0xD9, 0x9D, 0xB1, 0xB3, 0x3B, 0x63, 0x66, 0xFF, 0xFF,
    0xCD, 0xFF, 0xFF, 0x9B, 0xFF, 0xFF, 0x33, 0xB6, 0x36, 0x66, 0x6C, 0x6C, 0xCC, 0xD8, 0xD9, 0x99,
    0xB1, 0xB3, 0x33, 0x63, 0x66, 0x66, 0xC6, 0x0C, 0xCD, 0x8C, 0x19, 0x9F, 0x18, 0x37, 0x3E, 0x30,
    0x6D, 0xFB, 0xE7, 0xDB, 0xF7, 0x8F, 0x80, 0x00, 0x00, 0x00, 0x00, 0x0D, 0xFF, 0xF0, 0x37, 0xFF,
    0xD8, 0xDF, 0xFF, 0x63, 0x0E, 0xE1, 0x8C, 0x71, 0xC6, 0x31, 0x87, 0x18, 0xCF, 0xFE, 0x63, 0x7F,
    0xFD, 0x8C, 0xFE, 0x76, 0x30, 0x30, 0x98, 0xC0, 0xE0, 0x63, 0x03, 0x81, 0x8D, 0xFF, 0xF6, 0x37,
    0xFF, 0x98, 0xC0, 0xE0, 0x63, 0x03, 0x81, 0x8C, 0x0E, 0x32, 0x30, 0x3F, 0xC0, 0xCF, 0xFF, 0x03,
    0xFF, 0xC0, 0x0D, 0xF0, 0x03, 0xF0, 0x00, 0x07, 0xC0, 0x19, 0x80, 0x06, 0x3B, 0x00, 0x0C, 0x66,
    0x01, 0x99, 0xFF, 0xE3, 0x33, 0xFF, 0xC6, 0x6F, 0xFF, 0x8C, 0xDC, 0x60, 0x19, 0xBF, 0xFF, 0x33,
    0x7F, 0xFE, 0x66, 0xFF, 0xFC, 0xCC, 0x06, 0x01, 0x98, 0x0C, 0x03, 0x33, 0xFF, 0xC6, 0x67, 0xFF,
    0x8C, 0xCC, 0x63, 0x19, 0x98, 0xC6, 0x33, 0x31, 0x8C, 0x06, 0x63, 0x18, 0x0C, 0xC6, 0x30, 0x19,
    0x8D, 0xE0, 0x33, 0x1B, 0xC0, 0x60, 0x30, 0x0F, 0xC0, 0x60, 0x0F, 0x80, 0x00, 0x00, 0x00, 0x00,
    0x06, 0x7F, 0xF8, 0x0C, 0xFF, 0xF0, 0x19, 0xFF, 0xE6, 0x33, 0x00, 0xCC, 0x66, 0x01, 0x98, 0xCF,
    0xFF, 0x31, 0x9F, 0xFE, 0x63, 0x30, 0xC0, 0xC6, 0x61, 0x81, 0x8C, 0xFF, 0xF3, 0x19, 0xFF, 0xE6,
    0x33, 0xFF, 0xCC, 0x67, 0x99, 0x98, 0xCF, 0x33, 0x31, 0x9E, 0x66, 0x63, 0x3C, 0xCC, 0xC6, 0xF9,
    0x98, 0x0D, 0xF3, 0xF0, 0x1B, 0x67, 0xE0, 0x3E, 0x4C, 0x00, 0x7C, 0x18, 0x0F, 0xD0, 0x30, 0x1F,
    0x80, 0x00, 0x00, 0x00, 0x1C, 0x01, 0xC0, 0x3C, 0x03, 0x80, 0x38, 0x0E, 0x00, 0x38, 0x18, 0x1F,
    0xFF, 0xFF, 0xFF, 0xFF, 0xFF, 0x80, 0x00, 0x00, 0x3F, 0xE0, 0x18, 0x7F, 0xC6, 0x30, 0xFF, 0x8C,
    0x61, 0x83, 0x18, 0xC3, 0xFE, 0x31, 0x87, 0xFC, 0x63, 0x0F, 0xF8, 0xC6, 0x18, 0x31, 0x8C, 0x3F,
    0xE3, 0x18, 0x7F, 0xC6, 0x30, 0xFF, 0x8C, 0x61, 0x83, 0x18, 0xC3, 0x06, 0x01, 0x86, 0x0C, 0x03,
    0x0C, 0xF8, 0x7E, 0x19, 0xF0, 0xFC, 0x00, 0x00, 0x00, 0x00, 0x7C, 0x0D, 0xFF, 0xF0, 0x37, 0xFE,
    0x00, 0xC8, 0x60, 0x33, 0x01, 0x80, 0xCF, 0xFF, 0xFF, 0x3F, 0xFF, 0xEC, 0xC3, 0x6C, 0x33, 0x0D,
    0xB4, 0xCD, 0xF6, 0xFB, 0x37, 0xDB, 0xCC, 0xC3, 0x6C, 0x33, 0x7D, 0xB2, 0xCF, 0xF6, 0xFB, 0x34,
    0xFB, 0xEC, 0xC3, 0xF8, 0x33, 0x07, 0xF0, 0xCC, 0x3E, 0xE0, 0x31, 0xD9, 0xE0, 0xDE, 0x63, 0x83,
    0xF1, 0x84, 0x0F, 0x86, 0x03, 0xF0, 0x18, 0x07, 0xC0, 0x00, 0x00, 0x00, 0x00, 0x00, 0x0E, 0x01,
    0x80, 0x1C, 0x07, 0x03, 0xFF, 0xFF, 0xF7, 0xFF, 0xFF, 0xE0, 0x00, 0x00, 0x0F, 0xF8, 0xC6, 0x1F,
    0xF1, 0x8C, 0x30, 0x63, 0x18, 0x7F, 0xC6, 0x30, 0xFF, 0x8C, 0x61, 0xFF, 0x18, 0xC3, 0xFE, 0x31,
    0x86, 0x0C, 0x63, 0x0C, 0x78, 0x3E, 0x18, 0x60, 0x30, 0x7F, 0xFF, 0xFC, 0xFF, 0xFF, 0xF8, 0x01,
    0x80, 0x60, 0x07, 0x00, 0xC0, 0x1C, 0x03, 0x80, 0xF8, 0x07, 0x1F, 0xC1, 0xFE, 0x3E, 0x03, 0xF8,
    0x00, 0x00, 0x00, 0x00, 0x01, 0x80, 0x00, 0x01, 0x80, 0x00, 0x01, 0x80, 0x7F, 0xE1, 0x80, 0x7F,
    0xE1, 0x80, 0x06, 0x01, 0x80, 0x06, 0x3F, 0xFF, 0x06, 0x3F, 0xFF, 0x06, 0x03, 0x83, 0x06, 0x03,
    0x83, 0x06, 0x03, 0x83, 0x06, 0x03, 0x83, 0x06, 0x03, 0x87, 0x06, 0x03, 0x07, 0x06, 0xE7, 0x07,
    0x0F, 0xF7, 0x07, 0x7F, 0xC6, 0x07, 0x7E, 0x0E, 0x07, 0x60, 0x1C, 0x07, 0x00, 0x3C, 0x06, 0x00,
    0x78, 0x0E, 0x00, 0xF0, 0xFE, 0x00, 0xE0, 0xFC, 0x00, 0x00, 0x00, 0x06, 0x00, 0x00, 0x0C, 0x00,
    0x00, 0x18, 0x00, 0x00, 0x30, 0x1F, 0xF0, 0x60, 0x3F, 0xEF, 0xFF, 0x7F, 0xDF, 0xFE, 0xC1, 0x83,
    0x1D, 0x83, 0x06, 0x3B, 0x06, 0x1C, 0x76, 0x0C, 0x38, 0xEC, 0x18, 0x71, 0xD8, 0x30, 0xE3, 0xB0,
    0x61, 0xC7, 0x60, 0xC3, 0x8C, 0xC1, 0x86, 0x19, 0x83, 0x1C, 0x33, 0x06, 0x38, 0x66, 0x0C, 0x70,
    0xCC, 0x19, 0xC3, 0x9F, 0xF7, 0x87, 0x3F, 0xEE, 0x7E, 0x60, 0xDC, 0xF8, 0xC1, 0x80, 0x00, 0x00,
    0x00, 0x00, 0x00, 0x03, 0x80, 0x00, 0x07, 0x00, 0x00, 0x1F, 0xFF, 0x80, 0x7F, 0xFF, 0x81, 0xE0,
    0x1E, 0x0F, 0xC0, 0x78, 0x3D, 0xE3, 0xE0, 0x31, 0xFF, 0x00, 0x01, 0xFC, 0x00, 0x3F, 0xFF, 0xC7,
    0xFE, 0x3F, 0xFF, 0xC3, 0x07, 0xC0, 0x0E, 0x00, 0x00, 0x1C, 0x00, 0x1F, 0xFF, 0xFC, 0x3F, 0xFF,
    0xF8, 0x01, 0xC0, 0x70, 0x07, 0x00, 0xC0, 0x0E, 0x01, 0x80, 0x78, 0x07, 0x03, 0xE0, 0x0E, 0x3F,
    0x83, 0xF8, 0x3C, 0x07, 0xF0, 0x00, 0x00, 0x00, 0x00, 0x01, 0x80, 0x00, 0x03, 0x03, 0xFF, 0x86,
    0x03, 0xFF, 0x0C, 0x00, 0x00, 0x18, 0x00, 0x01, 0xFF, 0x80, 0x07, 0xFF, 0x00, 0x0F, 0xFE, 0xFF,
    0xE3, 0x8D, 0xFF, 0xC7, 0x18, 0x70, 0x0E, 0x30, 0xC0, 0x1C, 0x63, 0x98, 0x38, 0xC7, 0x38, 0x71,
    0x8C, 0x30, 0xC7, 0x38, 0x73, 0x8E, 0x73, 0xE7, 0x1C, 0xFF, 0xCE, 0x3B, 0xFF, 0xF8, 0x77, 0x83,
    0xF0, 0xE0, 0x01, 0xC1, 0xC0, 0x07, 0xBF, 0x00, 0x0E, 0x7E, 0x00, 0x00, 0x00, 0x03, 0x80, 0x00,
    0x03, 0x80, 0x00, 0x03, 0x00, 0x00, 0x07, 0x00, 0x00, 0x07, 0xFF, 0xFF, 0x0F, 0xFF, 0xFF, 0x0E,
    0x31, 0xC6, 0x1C, 0x71, 0xC6, 0x1C, 0x71, 0xC6, 0x38, 0xE1, 0x86, 0x70, 0xE3, 0x86, 0x70, 0xC3,
    0x86, 0x21, 0xC3, 0x0E, 0x03, 0x87, 0x0E, 0x03, 0x87, 0x0E, 0x07, 0x0E, 0x0E, 0x0F, 0x0E, 0x0E,
    0x1E, 0x1C, 0x0E, 0x3C, 0x1C, 0x0E, 0x38, 0x38, 0x0C, 0x10, 0x78, 0x1C, 0x00, 0xF1, 0xFC, 0x00,
    0x61, 0xF8, 0x01, 0x00, 0x00, 0x03, 0x80, 0x00, 0x03, 0x80, 0x00, 0x07, 0x00, 0x00, 0x07, 0xFF,
    0xF8, 0x0F, 0xFF, 0xF8, 0x1C, 0x00, 0x18, 0x3C, 0x00, 0x18, 0x78, 0x00, 0x18, 0xFF, 0xFE, 0x18,
    0xEF, 0xFE, 0x18, 0x0C, 0x06, 0x18, 0x0C, 0x06, 0x18, 0x0C, 0x06, 0x38, 0x0F, 0xFE, 0x38, 0x0F,
    0xFE, 0x38, 0x0C, 0x01, 0xF8, 0x0C, 0x01, 0xF0, 0x0C, 0x00, 0x06, 0x0C, 0x00, 0x07, 0x0C, 0x00,
    0x06, 0x0E, 0x00, 0x0E, 0x0F, 0xFF, 0xFE, 0x07, 0xFF, 0xFC, 0xFF, 0xFF, 0xFB, 0xFF, 0xFF, 0xEF,
    0xFF, 0xFF, 0xB0, 0x61, 0x80, 0xC1, 0x86, 0x03, 0x06, 0x18, 0x0C, 0x18, 0x60, 0x30, 0x61, 0x80,
    0xC3, 0x86, 0x03, 0x0E, 0x18, 0x0C, 0x38, 0x61, 0xB0, 0xC1, 0x86, 0xC7, 0x06, 0x1B, 0x1C, 0x18,
    0xEC, 0xE0, 0x7F, 0xB7, 0x01, 0xFC, 0xD8, 0x00, 0x03, 0x00, 0x00, 0x0C, 0x00, 0x00, 0x3F, 0xFF,
    0xFF, 0xFF, 0xFF, 0xFC, 0xFF, 0xFF, 0xFB, 0xFF, 0xFF, 0xEC, 0x00, 0x00, 0x30, 0x00, 0x70, 0xCE,
    0x01, 0xC3, 0x3C, 0x0E, 0x0C, 0x78, 0x78, 0x30, 0xF1, 0xC0, 0xC0, 0xEE, 0x03, 0x01, 0xF0, 0x0C,
    0x03, 0xC0, 0x30, 0x1F, 0x80, 0xC0, 0xEF, 0x03, 0x0F, 0x1E, 0x0C, 0x78, 0x3C, 0x33, 0xC0, 0x78,
    0xDE, 0x00, 0xE3, 0x20, 0x00, 0x0C, 0x00, 0x00, 0x3F, 0xFF, 0xFF, 0xFF, 0xFF, 0xFC, 0x07, 0x00,
    0x60, 0x07, 0x80, 0xE0, 0x03, 0x81, 0xC0, 0x01, 0xC1, 0xC0, 0x1F, 0xFF, 0xF8, 0x1F, 0xFF, 0xF8,
    0x18, 0x18, 0x18, 0x18, 0x18, 0x18, 0x1F, 0xFF, 0xF8, 0x1F, 0xFF, 0xF8, 0x18, 0x18, 0x18, 0x18,
    0x18, 0x18, 0x18, 0x18, 0x18, 0x1F, 0xFF, 0xF8, 0x1F, 0xFF, 0xF8, 0x00, 0x18, 0x00, 0x00, 0x18,
    0x00, 0xFF, 0xFF, 0xFF, 0x7F, 0xFF, 0xFF, 0x00, 0x18, 0x00, 0x00, 0x18, 0x00, 0x00, 0x18, 0x00,
    0x00, 0x18, 0x00, 0x00, 0xC0, 0x00, 0x06, 0x00, 0x00, 0x30, 0x00, 0x01, 0x80, 0x00, 0x0C, 0x00,
    0x00, 0x7F, 0xFC, 0x03, 0xFF, 0xE0, 0x18, 0x00, 0x00, 0xC0, 0x00, 0x06, 0x00, 0x00, 0x30, 0x00,
    0xFF, 0xFF, 0xC7, 0xFF, 0xFE, 0x30, 0x00, 0x71, 0x80, 0x03, 0x8C, 0x00, 0x1C, 0x60, 0x00, 0xE3,
    0x00, 0x07, 0x18, 0x00, 0x38, 0xC0, 0x01, 0xC7, 0xFF, 0xFE, 0x3F, 0xFF, 0xF1, 0x80, 0x03, 0x80,
    0x00, 0x30, 0x00, 0x00, 0x60, 0x00, 0x00, 0xC0, 0x00, 0x01, 0x80, 0x00, 0x03, 0xFF, 0x80, 0x07,
    0xFF, 0x00, 0x0C, 0x00, 0x00, 0x18, 0x00, 0x00, 0x30, 0x00, 0x00, 0x60, 0x03, 0xFF, 0xFF, 0xFF,
    0xFF, 0xFF, 0xF0, 0x03, 0x00, 0x00, 0x06, 0x00, 0x00, 0x0D, 0x00, 0x00, 0x1F, 0x80, 0x00, 0x3F,
    0xE0, 0x00, 0x63, 0xF0, 0x00, 0xC1, 0xF0, 0x01, 0x80, 0xC0, 0x03, 0x00, 0x00, 0x06, 0x00, 0x00,
    0x0C, 0x00, 0x00, 0x18, 0x00, 0x7F, 0xE7, 0xFD, 0xFF, 0x9F, 0xF7, 0x06, 0x60, 0xDC, 0x19, 0x83,
    0x70, 0x66, 0x0D, 0xFF, 0x98, 0x37, 0xFE, 0x60, 0xDC, 0x19, 0x83, 0x70, 0x66, 0x0D, 0xC1, 0x98,
    0x37, 0xFE, 0x60, 0xDF, 0xF9, 0x83, 0x70, 0x06, 0x0D, 0xC6, 0x18, 0x37, 0x38, 0x60, 0xDC, 0x71,
    0xBF, 0x71, 0xC6, 0x7D, 0xFF, 0x98, 0x07, 0xFE, 0x60, 0x3F, 0x1D, 0x80, 0xE0, 0x66, 0x00, 0x00,
    0x18, 0x00, 0x1F, 0xFF, 0xFF, 0x0F, 0xFF, 0xFF, 0x86, 0x00, 0x00, 0x03, 0x00, 0xC0, 0x01, 0x80,
    0x60, 0x00, 0xC0, 0x30, 0x00, 0x60, 0x18, 0x00, 0x30, 0x0C, 0x00, 0x18, 0x06, 0x00, 0x0D, 0xFF,
    0xFF, 0x06, 0xFF, 0xFF, 0x83, 0x00, 0xC0, 0x03, 0x80, 0x62, 0x01, 0xC0, 0x33, 0x80, 0xE0, 0x18,
    0xE0, 0x70, 0x0C, 0x38, 0x38, 0x06, 0x0C, 0x18, 0x03, 0x00, 0x1C, 0x01, 0x80, 0x0F, 0xFF, 0xFF,
    0xE6, 0xFF, 0xFF, 0xF3, 0x00, 0x00, 0x00, 0x1F, 0xFF, 0xFF, 0x1F, 0xFF, 0xFF, 0x18, 0x06, 0x00,
    0x18, 0x0E, 0x00, 0x19, 0xFF, 0xFC, 0x19, 0xFF, 0xFC, 0x19, 0xFF, 0xFC, 0x19, 0x80, 0x0C, 0x19,
    0xFF, 0xFC, 0x19, 0xFF, 0xFC, 0x19, 0x80, 0x0C, 0x19, 0x80, 0x0C, 0x19, 0xFF, 0xFC, 0x39, 0xFF,
    0xFC, 0x38, 0x06, 0x00, 0x38, 0xE6, 0x30, 0x38, 0xE6, 0x38, 0x31, 0xC6, 0x1C, 0x73, 0x86, 0x1E,
    0x77, 0x06, 0x0E, 0x66, 0x7E, 0x07, 0x20, 0x3E, 0x00, 0x00, 0x00, 0x00, 0x00, 0x01, 0xF0, 0x0F,
    0xFF, 0xF0, 0x7F, 0xFF, 0x00, 0xFF, 0x00, 0x01, 0xC0, 0x00, 0x03, 0x80, 0x00, 0x07, 0x00, 0x00,
    0x0E, 0x00, 0x00, 0x1F, 0xFF, 0xF8, 0x3F, 0xFF, 0xE0, 0x66, 0x01, 0xC0, 0xCE, 0x03, 0x81, 0x8C,
    0x0E, 0x03, 0x1C, 0x3C, 0x0E, 0x1C, 0x70, 0x1C, 0x39, 0xC0, 0x38, 0x3F, 0x80, 0x70, 0x3E, 0x00,
    0xC0, 0xFC, 0x03, 0x83, 0xFE, 0x07, 0x3F, 0x3F, 0x1D, 0xFC, 0x1F, 0xFB, 0xC0, 0x0F, 0x20, 0x00,
    0x00, 0x00, 0x18, 0x00, 0x07, 0x18, 0xE0, 0x06, 0x38, 0x70, 0x0E, 0x38, 0x38, 0x0E, 0x38, 0x18,
    0x1C, 0x38, 0x00, 0x1F, 0xFF, 0xFE, 0x1F, 0xFF, 0xFE, 0x00, 0x70, 0x00, 0x00, 0xE0, 0x00, 0x00,
    0xFF, 0xF8, 0x00, 0xFF, 0xF8, 0x01, 0xE0, 0x38, 0x03, 0xF0, 0x70, 0x03, 0xF0, 0xF0, 0x07, 0x38,
    0xE0, 0x0F, 0x1D, 0xC0, 0x1E, 0x0F, 0x80, 0x3C, 0x0F, 0x80, 0xF8, 0x3F, 0xE0, 0x60, 0xFD, 0xFC,
    0x03, 0xF0, 0x7F, 0x03, 0xC0, 0x1E, 0x00, 0x00, 0x00, 0xFF, 0xF0, 0x00, 0xFF, 0xF0, 0x00, 0x30,
    0xDF, 0xFC, 0x30, 0xDF, 0xFC, 0x30, 0xC6, 0x0C, 0x3F, 0xC6, 0x1C, 0x3F, 0xC6, 0x1C, 0x30, 0xC7,
    0x1C, 0x30, 0xC7, 0x18, 0x30, 0xC3, 0x38, 0x3F, 0xC3, 0xB8, 0x3F, 0xC3, 0xB0, 0x30, 0xC1, 0xF0,
    0x30, 0xC1, 0xF0, 0x30, 0xD1, 0xE0, 0x37, 0xF0, 0xE0, 0xFF, 0xF1, 0xE0, 0xFF, 0xC3, 0xF0, 0xE0,
    0xC7, 0xB8, 0x00, 0xCF, 0x1C, 0x00, 0xDE, 0x0E, 0x00, 0xDC, 0x06, 0x00, 0x00, 0x00, 0xFF, 0xFF,
    0xFF, 0xFF, 0xFF, 0x00, 0x03, 0xE0, 0x00, 0x7C, 0x00, 0x0F, 0x80, 0x01, 0xF0, 0x00, 0x3E, 0x00,
    0x07, 0xC0, 0x00, 0xF8, 0x00, 0x1F, 0x00, 0x03, 0xE0, 0x00, 0x7C, 0x00, 0x0F, 0x80, 0x01, 0xF0,
    0x00, 0x3F, 0xFF, 0xFF, 0xFF, 0xFF, 0xF8, 0x00, 0x1F, 0x00, 0x03, 0xA0, 0x00, 0x00, 0xFF, 0xFF,
    0xFE, 0xFF, 0xFF, 0xFE, 0x00, 0x00, 0x30, 0x00, 0x00, 0x30, 0x00, 0x00, 0x30, 0x1F, 0xF8, 0x30,
    0x1F, 0xF8, 0x30, 0x18, 0x18, 0x30, 0x18, 0x18, 0x30, 0x18, 0x18, 0x30, 0x18, 0x18, 0x30, 0x18,
    0x18, 0x30, 0x18, 0x18, 0x30, 0x1F, 0xF8, 0x30, 0x1F, 0xF8, 0x30, 0x18, 0x00, 0x30, 0x18, 0x00,
    0x30, 0x00, 0x00, 0x30, 0x00, 0x00, 0x30, 0x00, 0x0F, 0xF0, 0x00, 0x0F, 0xF0, 0x00, 0x00, 0x00,
    0x00, 0x60, 0x00, 0x00, 0xC0, 0x00, 0x03, 0x80, 0x00, 0x07, 0x00, 0x00, 0x0E, 0x00, 0x0F, 0xFF,
    0xFF, 0xDF, 0xFF, 0xFF, 0x80, 0xE0, 0x00, 0x03, 0x80, 0x00, 0x07, 0x00, 0x00, 0x1C, 0x00, 0x00,
    0x3F, 0xFF, 0xC0, 0xFF, 0xFF, 0x83, 0xE0, 0x07, 0x0F, 0xC0, 0x0E, 0x3F, 0x80, 0x1C, 0xF7, 0x00,
    0x39, 0xCE, 0x00, 0x70, 0x1C, 0x00, 0xE0, 0x38, 0x01, 0xC0, 0x7F, 0xFF, 0x80, 0xFF, 0xFF, 0x01,
    0xC0, 0x0E, 0x00, 0x1F, 0xFF, 0xE0, 0x7F, 0xFF, 0x81, 0xC0, 0x06, 0x07, 0x00, 0x18, 0x1C, 0x00,
    0x60, 0x7F, 0xFF, 0x81, 0xFF, 0xFE, 0x00, 0x00, 0x00, 0x00, 0x00, 0x03, 0xFF, 0xFF, 0xFF, 0xFF,
    0xFF, 0xC1, 0xC0, 0x00, 0x0E, 0x00, 0x00, 0x3F, 0xFF, 0x80, 0xFF, 0xFE, 0x00, 0x00, 0x38, 0x00,
    0x00, 0xE0, 0x00, 0x03, 0x80, 0x00, 0x0E, 0x00, 0x00, 0x70, 0x00, 0x3F, 0xC0, 0x00, 0xFE, 0x00,
    0x00, 0x00, 0x00, 0x00, 0x60, 0x00, 0x00, 0x70, 0x00, 0x00, 0x78, 0x00, 0x00, 0x3F, 0xFE, 0x00,
    0x3F, 0xFF, 0x80, 0x3C, 0x07, 0x80, 0x7F, 0x07, 0x80, 0x7B, 0xC7, 0x80, 0x78, 0xF7, 0x80, 0x18,
    0x3F, 0x80, 0x00, 0x1F, 0xC0, 0x00, 0x3F, 0xF8, 0x00, 0x7E, 0x3F, 0x83, 0xFC, 0x07, 0xF9, 0xF8,
    0x00, 0xFC, 0xEF, 0xFF, 0xEC, 0x07, 0xFF, 0xF0, 0x03, 0x00, 0x18, 0x01, 0x80, 0x0C, 0x00, 0xC0,
    0x06, 0x00, 0x60, 0x03, 0x00, 0x3F, 0xFF, 0x80, 0x1F, 0xFF, 0xC0, 0x0C, 0x00, 0x60, 0x00, 0x00,
    0x00, 0x00, 0xFF, 0xFF, 0xFF, 0xFF, 0xFF, 0xF0, 0x00, 0x07, 0x80, 0x00, 0x3C, 0x00, 0x01, 0xE7,
    0xFF, 0xCF, 0x3F, 0xFE, 0x78, 0x00, 0x03, 0xC0, 0x00, 0x1E, 0x3F, 0xF8, 0xF1, 0xFF, 0xC7, 0x8E,
    0x0E, 0x3C, 0x70, 0x71, 0xE3, 0x83, 0x8F, 0x1C, 0x1C, 0x78, 0xFF, 0xE3, 0xC7, 0xFF, 0x1E, 0x38,
    0x00, 0xF1, 0xC0, 0x07, 0x80, 0x00, 0x3C, 0x00, 0x1F, 0xE0, 0x00, 0xFC, 0x00, 0x30, 0x00, 0x01,
    0xC0, 0x00, 0x0E, 0x00, 0x00, 0x7F, 0xFE, 0x03, 0xFF, 0xF8, 0x1E, 0x01, 0xE1, 0xF0, 0x0F, 0x1F,
    0x60, 0x78, 0x3B, 0xC3, 0xC0, 0x07, 0x9E, 0x00, 0x07, 0xF0, 0x00, 0x0F, 0x80, 0x00, 0xF8, 0x00,
    0x1F, 0xFF, 0xF7, 0xFF, 0xFF, 0xDF, 0xC0, 0x07, 0x73, 0x00, 0x1C, 0x0C, 0x00, 0x70, 0x30, 0x01,
    0xC0, 0xC0, 0x07, 0x03, 0x00, 0x1C, 0x0F, 0xFF, 0xF0, 0x3F, 0xFF, 0xC0, 0xC0, 0x07, 0x00, 0x00,
    0x70, 0x00, 0x3F, 0xF8, 0x1F, 0xFF, 0xF0, 0x1F, 0xFC, 0x00, 0x18, 0x00, 0x00, 0x18, 0x00, 0x00,
    0x18, 0x00, 0x00, 0x1F, 0xFF, 0xFF, 0x1F, 0xFF, 0xFE, 0x18, 0x00, 0x00, 0x18, 0x00, 0x00, 0x18,
    0x00, 0x00, 0x19, 0xFF, 0xFC, 0x39, 0xFF, 0xFC, 0x39, 0x80, 0x1C, 0x39, 0x80, 0x1C, 0x39, 0x80,
    0x1C, 0x31, 0x80, 0x1C, 0x71, 0x80, 0x1C, 0x71, 0x80, 0x1C, 0x61, 0xFF, 0xFC, 0xE1, 0xFF, 0xFC,
    0xC1, 0x80, 0x1C, 0x00, 0x00, 0x00, 0x00, 0x00, 0x00, 0x07, 0x00, 0x00, 0x38, 0x00, 0x03, 0x80,
    0x00, 0x1C, 0x00, 0x7F, 0xFF, 0xFF, 0xFF, 0xFF, 0xF8, 0x00, 0x07, 0xC0, 0x00, 0x3E, 0x00, 0x01,
    0xF1, 0xFF, 0x8F, 0x8F, 0xFC, 0x7C, 0x60, 0x63, 0xE3, 0x03, 0x1F, 0x18, 0x18, 0xF8, 0xC0, 0xC7,
    0xC6, 0x06, 0x3E, 0x3F, 0xF1, 0xF1, 0xFF, 0x8F, 0x8C, 0x00, 0x7C, 0x60, 0x03, 0xE0, 0x00, 0x1F,
    0x00, 0x1F, 0xD8, 0x00, 0x7E, 0x7F, 0xFF, 0xFE, 0x7F, 0xFF, 0xFE, 0x00, 0x1C, 0x00, 0x00, 0x38,
    0x00, 0x00, 0xFB, 0x00, 0x01, 0xFF, 0xC0, 0x07, 0xFB, 0xF0, 0x1F, 0x38, 0x7C, 0xFE, 0x38, 0x3E,
    0xF8, 0x38, 0x0E, 0x60, 0x38, 0x00, 0x00, 0x38, 0x00, 0x1F, 0xFF, 0xF0, 0x1F, 0xFF, 0xF0, 0x1C,
    0x00, 0x70, 0x1C, 0x00, 0x70, 0x1C, 0x00, 0x70, 0x1C, 0x00, 0x70, 0x1C, 0x00, 0x70, 0x1F, 0xFF,
    0xF0, 0x1F, 0xFF, 0xF0, 0x1C, 0x00, 0x70, 0x00, 0x00, 0x00, 0x00, 0x08, 0x00, 0x00, 0x0E, 0x00,
    0x00, 0x0F, 0x00, 0x00, 0x0F, 0xC0, 0x00, 0x0F, 0x78, 0x00, 0x1F, 0x1E, 0x00, 0x3E, 0xC7, 0xC0,
    0x7E, 0x78, 0xFC, 0xFC, 0x1E, 0x3F, 0x38, 0x06, 0x07, 0x83, 0xFF, 0xFC, 0x01, 0xFF, 0xFE, 0x00,
    0x00, 0x1E, 0x00, 0x00, 0x1E, 0x00, 0x00, 0x1E, 0x00, 0x1F, 0xFF, 0xF0, 0x0F, 0xFF, 0xF8, 0x06,
    0x00, 0x1C, 0x03, 0x00, 0x0E, 0x01, 0x80, 0x07, 0x00, 0xC0, 0x03, 0x80, 0x7F, 0xFF, 0xC0, 0x3F,
    0xFF, 0xE0, 0x18, 0x00, 0x70, 0x00, 0x00, 0x00, 0x00, 0x00, 0x10, 0x00, 0x00, 0xE0, 0x00, 0x01,
    0x80, 0x00, 0x07, 0x00, 0x1F, 0xFF, 0xF8, 0x7F, 0xFF, 0xE1, 0x80, 0x01, 0x86, 0x00, 0x06, 0x18,
    0x00, 0x18, 0x60, 0x00, 0x61, 0xFF, 0xFF, 0x87, 0xFF, 0xFE, 0x18, 0x00, 0x00, 0x60, 0x00, 0x01,
    0xBF, 0xFF, 0xCE, 0xFF, 0xFF, 0x3B, 0x00, 0x1C, 0xEC, 0x00, 0x73, 0xB0, 0x01, 0xDC, 0xC0, 0x07,
    0x73, 0xFF, 0xFF, 0xCF, 0xFF, 0xFE, 0x30, 0x01, 0xD8, 0xC0, 0x07, 0x00, 0x00, 0x00, 0x00, 0x18,
    0x00, 0x0E, 0x30, 0x00, 0x38, 0x60, 0x00, 0x70, 0xC0, 0x01, 0xFF, 0xFF, 0x83, 0xFF, 0xFF, 0x0E,
    0x06, 0x00, 0x3C, 0x0C, 0x00, 0x70, 0x18, 0x00, 0x40, 0x30, 0x03, 0xFF, 0xFF, 0xFF, 0xFF, 0xFF,
    0xF0, 0x00, 0x00, 0x00, 0x00, 0x00, 0x03, 0xFF, 0xFC, 0x07, 0xFF, 0xF8, 0x0C, 0x00, 0x30, 0x18,
    0x00, 0x60, 0x30, 0x00, 0xC0, 0x60, 0x01, 0x80, 0xC0, 0x03, 0x01, 0xFF, 0xFE, 0x03, 0xFF, 0xFC,
    0x06, 0x00, 0x18, 0x00, 0x00, 0x00, 0x1F, 0xFF, 0xFC, 0x7F, 0xFF, 0xF1, 0x81, 0x81, 0xC6, 0x06,
    0x07, 0x1B, 0xFF, 0xDC, 0x6F, 0xFF, 0x71, 0x81, 0x81, 0xC6, 0x06, 0x07, 0x18, 0x18, 0x1C, 0x6F,
    0xFF, 0xF3, 0xBF, 0xFD, 0xCE, 0x00, 0x07, 0x39, 0xFF, 0x9C, 0xE7, 0xFE, 0x73, 0x98, 0x19, 0xCE,
    0x60, 0x67, 0x31, 0x81, 0x9D, 0xC7, 0xFE, 0x77, 0x1F, 0xF9, 0xD8, 0x60, 0x07, 0xE1, 0x81, 0xFB,
    0x00, 0x07, 0xE0, 0x00, 0x00, 0x00, 0x00, 0x08, 0x00, 0x00, 0x0E, 0x00, 0x00, 0x0F, 0x00, 0x00,
    0x0F, 0xE0, 0x00, 0x1E, 0x78, 0x00, 0x1E, 0x1F, 0x00, 0x3E, 0x07, 0xE0, 0x7F, 0xFF, 0xFE, 0x7D,
    0xFF, 0x9F, 0x38, 0x00, 0x03, 0x00, 0x00, 0x00, 0x03, 0xFC, 0xFF, 0x81, 0xFE, 0x7F, 0xC0, 0xC7,
    0x30, 0x60, 0x63, 0x98, 0x30, 0x31, 0xCC, 0x18, 0x18, 0xE6, 0x0C, 0x0C, 0x73, 0x06, 0x07, 0xF9,
    0x83, 0x03, 0xFC, 0xDF, 0x81, 0xFC, 0x6F, 0xC0, 0xC0, 0x30, 0x00, 0x00, 0x18, 0x00, 0x00, 0x0C,
    0x00, 0x00, 0x00, 0x00, 0x01, 0xE0, 0x00, 0x7F, 0xC0, 0x03, 0xFE, 0x3F, 0xF3, 0xF0, 0x7F, 0xE0,
    0x60, 0xC0, 0xC0, 0xC1, 0x81, 0x81, 0x83, 0x03, 0x7F, 0xFE, 0x06, 0xFF, 0xFC, 0x0C, 0x1C, 0x18,
    0x18, 0x3C, 0x30, 0x30, 0xFC, 0x60, 0x61, 0xFC, 0xC0, 0xC7, 0xDD, 0x81, 0x8D, 0xBB, 0x03, 0x3B,
    0x36, 0x06, 0xE6, 0x0C, 0x0F, 0xCC, 0x18, 0x1B, 0x18, 0x3F, 0xF0, 0x30, 0x7F, 0xE0, 0x60, 0xC0,
    0xC0, 0xC1, 0x81, 0x81, 0x80, 0x00, 0x00, 0x00, 0x00, 0x00, 0x0E, 0x00, 0x00, 0x1C, 0x07, 0xF0,
    0x3C, 0x0F, 0xE0, 0xF8, 0x18, 0xC3, 0xB8, 0x31, 0x8F, 0x38, 0x63, 0x1C, 0x38, 0xC6, 0x70, 0x79,
    0x8F, 0xFF, 0xFF, 0x1F, 0xFF, 0xF6, 0x34, 0x00, 0x0C, 0x60, 0x00, 0x18, 0xCF, 0xFE, 0x31, 0x9F,
    0xFC, 0x7F, 0x30, 0x18, 0xFE, 0x60, 0x31, 0x80, 0xC0, 0x63, 0x01, 0x80, 0xC6, 0x03, 0x01, 0x80,
    0x06, 0x03, 0x00, 0x0F, 0xFE, 0x00, 0x1F, 0xFC, 0x00, 0x30, 0x18, 0x00, 0x00, 0x00, 0x00, 0x18,
    0x00, 0x00, 0x70, 0x00, 0x00, 0xFF, 0x87, 0xE3, 0xFF, 0x0F, 0xCE, 0x1E, 0x19, 0xBC, 0x38, 0x33,
    0xFF, 0xFC, 0x66, 0xFF, 0xF8, 0xCC, 0xC6, 0x31, 0x99, 0x8C, 0x63, 0x33, 0x18, 0xC6, 0x66, 0x31,
    0x8C, 0xCC, 0x63, 0x19, 0xBF, 0xFF, 0x33, 0xFF, 0xFF, 0x7F, 0xFF, 0xFE, 0xFC, 0x1F, 0x01, 0x80,
    0x3F, 0x03, 0x00, 0xE7, 0x06, 0x07, 0x87, 0x00, 0x1E, 0x07, 0x80, 0xF8, 0x07, 0x80, 0xC0, 0x07,
    0x00, 0x3F, 0xE7, 0xFC, 0x3F, 0xE7, 0xFC, 0x38, 0xE6, 0x1C, 0x38, 0xE6, 0x1C, 0x38, 0xE6, 0x1C,
    0x3F, 0xE7, 0xFC, 0x3F, 0xE7, 0xFC, 0x00, 0x71, 0xC0, 0x00, 0x71, 0xE0, 0xFF, 0xFF, 0xFE, 0xFF,
    0xFF, 0xFE, 0x03, 0x83, 0x80, 0x07, 0x01, 0xE0, 0x1E, 0x00, 0xF8, 0x7F, 0xE7, 0xFE, 0xFF, 0xE7,
    0xFE, 0x78, 0xE6, 0x1E, 0x38, 0xE6, 0x1C, 0x38, 0xE6, 0x1C, 0x3F, 0xE7, 0xFC, 0x3F, 0xE7, 0xFC,
    0x38, 0xE6, 0x1C, 0x00, 0x00, 0x07, 0xFF, 0xFF, 0xFF, 0xFF, 0xFF, 0x83, 0x18, 0x3C, 0x18, 0xC1,
    0xE0, 0xC6, 0x0F, 0x0E, 0x30, 0x78, 0x71, 0x83, 0xC3, 0x8C, 0x1E, 0x1C, 0x60, 0xF0, 0xC3, 0x07,
    0x8E, 0x18, 0x3C, 0xE0, 0xFF, 0xEF, 0x03, 0xFF, 0xF0, 0x00, 0x7A, 0x00, 0x03, 0xC0, 0x00, 0x1F,
    0xFF, 0xFF, 0xFF, 0xFF, 0xFF, 0x80, 0x00, 0x3C, 0x00, 0x01, 0x80, 0xFF, 0xFF, 0xFF, 0xFF, 0xFF,
    0xF0, 0x00, 0x07, 0x80, 0x00, 0x3C, 0x00, 0x01, 0xE0, 0x00, 0x0F, 0x1F, 0xF8, 0x78, 0xFF, 0xC3,
    0xC6, 0x06, 0x1E, 0x30, 0x30, 0xF1, 0x81, 0x87, 0x8C, 0x0C, 0x3C, 0x60, 0x61, 0xE3, 0xFF, 0x0F,
    0x1F, 0xF8, 0x78, 0x00, 0x03, 0xC0, 0x00, 0x1E, 0x00, 0x00, 0xF0, 0x00, 0x07, 0xFF, 0xFF, 0xFF,
    0xFF, 0xFF, 0xE0, 0x00, 0x0C, 0xFF, 0xFF, 0xFF, 0xFF, 0xFF, 0xF0, 0x00, 0x07, 0x80, 0xE0, 0x3C,
    0x07, 0x01, 0xE0, 0x38, 0x0F, 0x01, 0xC0, 0x7B, 0xFF, 0xFB, 0xDF, 0xFF, 0xDE, 0x07, 0x00, 0xF0,
    0x3C, 0x07, 0x81, 0xF0, 0x3C, 0x1D, 0xC1, 0xE0, 0xE7, 0x0F, 0x0E, 0x1C, 0x78, 0xF0, 0x73, 0xDF,
    0x03, 0xDE, 0xE0, 0x0C, 0xF0, 0x00, 0x07, 0xFF, 0xFF, 0xFF, 0xFF, 0xFF, 0xE0, 0x00, 0x0C, 0xFF,
    0xFF, 0xFF, 0xFF, 0xFF, 0xF0, 0x18, 0x07, 0x80, 0xC0, 0x3D, 0xFF, 0xFD, 0xEF, 0xFF, 0xEF, 0x01,
    0x80, 0x78, 0x0C, 0x03, 0xCF, 0xFF, 0x9E, 0x7F, 0xFC, 0xF0, 0x18, 0x07, 0xBF, 0xFF, 0xBD, 0xFF,
    0xFD, 0xE0, 0x30, 0xEF, 0x01, 0x87, 0x78, 0x0D, 0xFB, 0xC0, 0x6F, 0x9E, 0x03, 0x30, 0xF0, 0x08,
    0x07, 0xFF, 0xFF, 0xFF, 0xFF, 0xFF, 0xE0, 0x00, 0x0C, 0xFF, 0xFF, 0xFF, 0xFF, 0xFF, 0xF0, 0x00,
    0x07, 0x80, 0xC0, 0x3C, 0x06, 0x01, 0xE0, 0x30, 0x0F, 0x7F, 0xFF, 0x7B, 0xFF, 0xF3, 0xC0, 0x60,
    0x1E, 0x03, 0x00, 0xF1, 0xFF, 0xC7, 0x8F, 0xFE, 0x3C, 0x60, 0x31, 0xE3, 0x01, 0x8F, 0x18, 0x0C,
    0x78, 0xFF, 0xE3, 0xC7, 0xFF, 0x1E, 0x00, 0x00, 0xF0, 0x00, 0x07, 0xFF, 0xFF, 0xFF, 0xFF, 0xFF,
    0xE0, 0x00, 0x0C, 0xFF, 0xFF, 0xFF, 0xFF, 0xFF, 0xF0, 0x30, 0x07, 0x83, 0x80, 0x3C, 0x3F, 0xF1,
    0xE3, 0xFF, 0xCF, 0x3C, 0x1C, 0x7B, 0xF9, 0xC3, 0xD9, 0xFC, 0x1E, 0x07, 0xE0, 0xF1, 0xFF, 0xE7,
    0xFF, 0x0F, 0xFD, 0xDF, 0x1D, 0xE0, 0x7E, 0x0F, 0x00, 0x70, 0x78, 0xFE, 0x03, 0xC7, 0xFF, 0x1E,
    0x01, 0xF8, 0xF0, 0x00, 0x87, 0xFF, 0xFF, 0xFF, 0xFF, 0xFF, 0xE0, 0x00, 0x0C, 0xFF, 0xFF, 0xFF,
    0xFF, 0xFF, 0xF0, 0x00, 0x07, 0x9F, 0xFE, 0x3C, 0xFF, 0xF1, 0xE7, 0x01, 0x8F, 0x3F, 0xFC, 0x78,
    0xFF, 0xE3, 0xC0, 0x00, 0x1E, 0x7F, 0xFC, 0xF3, 0xFF, 0xE7, 0x98, 0x67, 0x3C, 0xC3, 0x39, 0xE6,
    0x39, 0xCF, 0x31, 0xCE, 0x79, 0x9F, 0xF3, 0xC7, 0xCF, 0x9F, 0xFC, 0x1E, 0xF7, 0x00, 0x77, 0xFF,
    0xFF, 0xFF, 0xFF, 0xFF, 0xE0, 0x00, 0x0C, 0x00, 0xE0, 0x00, 0x01, 0xC0, 0x00, 0x03, 0x80, 0x00,
    0x0E, 0x00, 0x07, 0xFF, 0xFF, 0xEF, 0xFF, 0xFF, 0xC0, 0xE0, 0x00, 0x01, 0x81, 0x80, 0x07, 0x03,
    0x00, 0x1C, 0x06, 0x00, 0x38, 0x0C, 0x00, 0xE0, 0x18, 0x03, 0xCF, 0xFF, 0xCF, 0x9F, 0xFF, 0xBB,
    0x00, 0xC0, 0x26, 0x01, 0x80, 0x0C, 0x03, 0x00, 0x18, 0x06, 0x00, 0x30, 0x0C, 0x00, 0x60, 0x18,
    0x00, 0xC0, 0x30, 0x01, 0xBF, 0xFF, 0xC3, 0x7F, 0xFF, 0x80, 0x0C, 0x00, 0xC0, 0x06, 0x00, 0x60,
    0x03, 0x06, 0x30, 0x01, 0x83, 0x18, 0x00, 0xC1, 0x8C, 0x60, 0x60, 0xC7, 0xF1, 0xFE, 0x63, 0xF8,
    0xFF, 0x37, 0xEC, 0x0C, 0x1F, 0xC6, 0x06, 0x3F, 0x63, 0x03, 0x3E, 0x31, 0x81, 0x9F, 0x18, 0xC0,
    0xC1, 0x8C, 0x60, 0x60, 0xC6, 0x30, 0x3E, 0x63, 0x78, 0x1F, 0xB1, 0xBC, 0x3F, 0x18, 0xD8, 0x3E,
    0x0C, 0x61, 0x9C, 0x06, 0x00, 0xC0, 0x03, 0x00, 0x60, 0x01, 0xC0, 0x70, 0x00, 0xFF, 0xF8, 0x00,
    0x3F, 0xF8, 0x0C, 0x00, 0xC0, 0x0C, 0x00, 0xC0, 0x0C, 0x00, 0xC0, 0x0C, 0x00, 0xC0, 0x0C, 0x00,
    0xC0, 0x0C, 0x30, 0xC0, 0xFF, 0xF0, 0xC0, 0xFF, 0xF0, 0xC0, 0x0C, 0x30, 0xC0, 0x0C, 0x30, 0xFF,
    0x0C, 0x30, 0xFF, 0x0C, 0x30, 0xC0, 0x0C, 0x30, 0xC0, 0x0C, 0x30, 0xC0, 0x0F, 0xF0, 0xC0, 0x1F,
    0xF0, 0xC0, 0x7F, 0x30, 0xC0, 0xF8, 0x30, 0xC0, 0x60, 0x30, 0xC0, 0x00, 0x30, 0xC0, 0x01, 0xFF,
    0xFF, 0x01, 0xFF, 0xFF, 0x00, 0x00, 0x00, 0x0C, 0x03, 0x00, 0x0C, 0x07, 0x00, 0x0C, 0x06, 0x00,
    0x0C, 0x0E, 0x00, 0x0C, 0x0F, 0xFF, 0x0C, 0x1F, 0xFF, 0x7F, 0xB8, 0x06, 0x7F, 0xF8, 0x06, 0x0C,
    0x74, 0x06, 0x0C, 0x6E, 0x06, 0x0C, 0x07, 0x06, 0x0C, 0x03, 0x86, 0x0C, 0x01, 0xC6, 0x0C, 0x00,
    0xB6, 0x0D, 0xC0, 0xF6, 0x0F, 0xC3, 0xE6, 0x1F, 0x8F, 0x8E, 0x7E, 0x3F, 0x0E, 0x78, 0x3C, 0x0E,
    0x60, 0x30, 0x0E, 0x00, 0x00, 0x0C, 0x00, 0x01, 0xFC, 0x00, 0x01, 0xF8, 0x00, 0x00, 0x00, 0x00,
    0x00, 0x10, 0x00, 0x1F, 0xF8, 0x3F, 0xFF, 0xF8, 0x1F, 0xFF, 0x80, 0x00, 0x18, 0x00, 0x00, 0x18,
    0x00, 0x3F, 0xFF, 0xFC, 0x3F, 0xFF, 0xFC, 0x06, 0x18, 0x60, 0x06, 0x18, 0x60, 0x06, 0x18, 0x60,
    0x06, 0x18, 0x60, 0xFF, 0xFF, 0xFF, 0xFF, 0xFF, 0xFE, 0x06, 0x18, 0x60, 0x06, 0x18, 0x60, 0x06,
    0x18, 0x60, 0x7F, 0xFF, 0xFC, 0x7F, 0xFF, 0xFC, 0x00, 0x18, 0x00, 0x00, 0x18, 0x00, 0x00, 0x18,
    0x00, 0x1F, 0xFF, 0xF8, 0x1F, 0xFF, 0xF8, 0x03, 0x00, 0x60, 0x01, 0x80, 0x30, 0x0F, 0xFF, 0xFF,
    0x87, 0xFF, 0xFF, 0xC0, 0x30, 0x06, 0x00, 0x1F, 0xFF, 0x00, 0x0F, 0xFF, 0x80, 0x06, 0x00, 0xC0,
    0x03, 0xFF, 0xE0, 0x01, 0xFF, 0xF0, 0x00, 0xFF, 0xF8, 0x00, 0x60, 0x0C, 0x07, 0xFF, 0xFF, 0xF3,
    0xFF, 0xFF, 0xF8, 0x1C, 0x61, 0xC0, 0x1E, 0x30, 0xF0, 0x1F, 0xFF, 0xFE, 0x3F, 0xFF, 0xF7, 0x9C,
    0x06, 0x01, 0xC4, 0x03, 0x00, 0x00, 0x01, 0x80, 0x01, 0xFF, 0xFF, 0xE0, 0xFF, 0xFF, 0xF0, 0x00,
    0x00, 0x00, 0x60, 0xE0, 0xE1, 0x83, 0x87, 0x06, 0x07, 0x1C, 0x18, 0xFF, 0xFC, 0x63, 0xFF, 0xF1,
    0x8D, 0x32, 0xFF, 0xF6, 0xCF, 0xFF, 0xDB, 0x6C, 0x63, 0x3D, 0xB1, 0x8C, 0xF4, 0xC6, 0x3F, 0xFF,
    0x18, 0xFF, 0xFC, 0x60, 0x00, 0x01, 0x87, 0xFF, 0x86, 0x1F, 0xFE, 0x1B, 0x70, 0x18, 0x7D, 0xC0,
    0x6F, 0xE7, 0xFF, 0xBE, 0x1F, 0xFE, 0xC0, 0x70, 0x18, 0x01, 0xFF, 0xE0, 0x07, 0xFF, 0x80, 0x1C,
    0x06, 0x00, 0x00, 0x00, 0x00, 0x70, 0x00, 0x00, 0x70, 0x00, 0x00, 0x7F, 0xFE, 0x00, 0x7F, 0xFF,
    0x00, 0x7C, 0x07, 0x00, 0xFF, 0x8F, 0x00, 0x79, 0xEF, 0x00, 0x10, 0x7F, 0x00, 0x00, 0x7F, 0xC0,
    0x01, 0xFF, 0xFE, 0x0F, 0xF8, 0x3F, 0xE7, 0xE0, 0x03, 0xF3, 0xFF, 0xFF, 0xC0, 0x3F, 0xFF, 0xE0,
    0x1C, 0x30, 0x70, 0x0E, 0x18, 0x38, 0x07, 0xFF, 0xFC, 0x03, 0xFF, 0xFE, 0x01, 0xC3, 0x07, 0x00,
    0xE1, 0x83, 0x80, 0x7F, 0xFF, 0xC0, 0x3F, 0xFF, 0xE0, 0x1C, 0x00, 0x70, 0x00, 0x00, 0x00, 0x00,
    0x03, 0x00, 0x00, 0x07, 0x00, 0x00, 0x0F, 0xFF, 0xFE, 0x0F, 0xFF, 0xFE, 0x1C, 0x00, 0x00, 0x7F,
    0xFF, 0xF8, 0x77, 0xFF, 0xF8, 0x26, 0x00, 0x38, 0x07, 0xFF, 0xF8, 0x07, 0xFF, 0xF8, 0x06, 0x00,
    0x38, 0x07, 0xFF, 0xF8, 0x07, 0xFF, 0xF8, 0x01, 0xC0, 0x00, 0x03, 0xFF, 0xF0, 0x07, 0xFF, 0xF0,
    0x0F, 0x80, 0xF0, 0x3D, 0xC1, 0xE0, 0x38, 0xFF, 0xC0, 0x00, 0x7F, 0x00, 0x07, 0xFF, 0xF8, 0xFF,
    0xE3, 0xFF, 0x7E, 0x00, 0x3E, 0x00, 0x00, 0x00, 0x00, 0xE0, 0x00, 0x03, 0xC0, 0x00, 0x0F, 0xFF,
    0x00, 0x3F, 0xFE, 0x01, 0xF0, 0x38, 0x07, 0x80, 0xF0, 0x1F, 0xE3, 0xC0, 0x11, 0xFE, 0x00, 0x01,
    0xFC, 0x00, 0x07, 0xFE, 0x00, 0x7F, 0x78, 0x07, 0xF9, 0xFF, 0xEF, 0x87, 0xFF, 0xC8, 0x3E, 0x07,
    0x01, 0xF0, 0x1C, 0x0F, 0xF8, 0x78, 0x1E, 0x7B, 0xE0, 0x10, 0x7F, 0x00, 0x00, 0x7C, 0x00, 0x07,
    0xF0, 0x00, 0xFF, 0x80, 0x1F, 0xF8, 0x00, 0x3F, 0x80, 0x00, 0x00, 0x00, 0x00, 0x00, 0x38, 0x00,
    0x00, 0x38, 0x00, 0x00, 0x1C, 0x00, 0x7F, 0xFF, 0xFE, 0x7F, 0xFF, 0xFE, 0x03, 0x87, 0x00, 0x07,
    0x0E, 0x00, 0x07, 0x0F, 0xFE, 0x0E, 0x1F, 0xFE, 0x0E, 0x3C, 0x0C, 0x1C, 0x3F, 0x1C, 0x3C, 0x73,
    0x98, 0x7C, 0xF9, 0xF8, 0xFD, 0xDC, 0xF0, 0xEC, 0x9C, 0x70, 0x0C, 0x0E, 0xE0, 0x0C, 0x07, 0xC0,
    0x0C, 0x03, 0xC0, 0x0C, 0x0F, 0xE0, 0x0C, 0x1F, 0xF0, 0x0C, 0x7C, 0x7C, 0x0D, 0xF0, 0x3F, 0x0C,
    0xE0, 0x0E, 0x00, 0x00, 0x00, 0x00, 0x00, 0x00, 0x00, 0x18, 0x00, 0x00, 0x18, 0x00, 0x00, 0x18,
    0x00, 0x00, 0x18, 0x00, 0x00, 0x38, 0x00, 0x00, 0x38, 0x00, 0x00, 0x38, 0x00, 0x7F, 0xFF, 0xFE,
    0x7F, 0xFF, 0xFE, 0x00, 0x3C, 0x00, 0x00, 0x3C, 0x00, 0x00, 0x7E, 0x00, 0x00, 0x7E, 0x00, 0x00,
    0xE7, 0x00, 0x00, 0xE7, 0x00, 0x01, 0xC3, 0x80, 0x03, 0xC3, 0xC0, 0x03, 0x81, 0xE0, 0x0F, 0x00,
    0xF0, 0x1E, 0x00, 0x78, 0x7C, 0x00, 0x3E, 0xF8, 0x00, 0x1E, 0x60, 0x00, 0x06, 0x7F, 0xFF, 0xFC,
    0x7F, 0xFF, 0xFC, 0x00, 0x38, 0x00, 0x00, 0x38, 0x00, 0x00, 0x38, 0x00, 0x00, 0x38, 0x00, 0x00,
    0x38, 0x00, 0x00, 0x38, 0x00, 0x7F, 0xFF, 0xFE, 0x7F, 0xFF, 0xFE, 0x00, 0x7C, 0x00, 0x00, 0x7C,
    0x00, 0x00, 0xEE, 0x00, 0x00, 0xEE, 0x00, 0x01, 0xC7, 0x00, 0x03, 0xC7, 0x80, 0x07, 0x83, 0xC0,
    0x0F, 0x01, 0xE0, 0x3E, 0x00, 0xF8, 0xFC, 0x00, 0x3F, 0xF0, 0x00, 0x1E, 0x40, 0x00, 0x00, 0x00,
    0x38, 0x00, 0x06, 0x38, 0x00, 0x0E, 0x38, 0x00, 0x0E, 0x38, 0x00, 0x0C, 0x38, 0x00, 0x1F, 0xFF,
    0xF8, 0x1F, 0xFF, 0xF8, 0x38, 0x38, 0x00, 0x38, 0x38, 0x00, 0x70, 0x38, 0x00, 0x60, 0x38, 0x00,
    0x00, 0x38, 0x00, 0xFF, 0xFF, 0xFE, 0xFF, 0xFF, 0xFE, 0x00, 0x7C, 0x00, 0x00, 0x7E, 0x00, 0x00,
    0xEE, 0x00, 0x01, 0xE7, 0x00, 0x01, 0xC7, 0x80, 0x07, 0x83, 0xC0, 0x0F, 0x01, 0xF0, 0x7E, 0x00,
    0xFC, 0xFC, 0x00, 0x3F, 0x70, 0x00, 0x0E, 0x00, 0x00, 0x00, 0x00, 0x1C, 0x00, 0x3C, 0x38, 0x00,
    0x7E, 0x70, 0x00, 0x3E, 0xE0, 0x00, 0x1D, 0xC0, 0x0C, 0x03, 0x80, 0x1E, 0x07, 0x00, 0x1F, 0x0E,
    0x00, 0x0F, 0x1C, 0x00, 0x0C, 0x30, 0x00, 0x00, 0x60, 0x0F, 0xFF, 0xFF, 0xFF, 0xFF, 0xFF, 0xC0,
    0x07, 0x00, 0x00, 0x1C, 0x00, 0x00, 0x3E, 0x00, 0x00, 0xEF, 0x00, 0x03, 0xCF, 0x80, 0x1F, 0x0F,
    0x80, 0x7C, 0x07, 0xC7, 0xE0, 0x03, 0xDF, 0x00, 0x03, 0xB8, 0x00, 0x02, 0x00, 0x38, 0x00, 0x00,
    0x70, 0x00, 0x00, 0xE0, 0x00, 0x01, 0xC0, 0x07, 0xFF, 0xFF, 0xCF, 0xFF, 0xFF, 0x83, 0x0E, 0x18,
    0x0E, 0x1C, 0x70, 0x0E, 0x38, 0xE0, 0x1C, 0x73, 0x80, 0x18, 0xE7, 0x00, 0x31, 0x8C, 0x0F, 0xFF,
    0xFF, 0xDF, 0xFF, 0xFF, 0x80, 0x1F, 0x00, 0x00, 0x76, 0x00, 0x00, 0xEE, 0x00, 0x03, 0x8E, 0x00,
    0x0F, 0x0E, 0x00, 0x7C, 0x0F, 0x03, 0xF0, 0x0F, 0x9F, 0x80, 0x0F, 0xDC, 0x00, 0x07, 0x00, 0x00,
    0x00, 0x1C, 0x03, 0x80, 0x1C, 0x03, 0x80, 0x18, 0x03, 0x00, 0x18, 0x07, 0x00, 0x18, 0x0E, 0x30,
    0xFF, 0x8E, 0x38, 0xFF, 0x9C, 0x1C, 0x31, 0x9C, 0x1C, 0x33, 0xBF, 0xFE, 0x33, 0xFF, 0xFE, 0x73,
    0xBF, 0xC7, 0x73, 0x80, 0x06, 0x63, 0x00, 0x00, 0x77, 0x3F, 0xFC, 0x7F, 0x3F, 0xFC, 0x3E, 0x38,
    0x0C, 0x0F, 0x38, 0x0C, 0x0F, 0xB8, 0x0C, 0x1F, 0xF8, 0x0C, 0x39, 0xF8, 0x0C, 0x78, 0xBF, 0xFC,
    0xF0, 0x3F, 0xFC, 0x60, 0x38, 0x0C, 0x00, 0x00, 0x00, 0x00, 0x60, 0x00, 0x01, 0xC0, 0x00, 0x03,
    0x80, 0x1F, 0xFF, 0xFF, 0x7F, 0xFF, 0xFD, 0x80, 0x00, 0x36, 0x00, 0x00, 0xD8, 0x00, 0x03, 0x6F,
    0xFF, 0xEC, 0x3F, 0xFF, 0x00, 0x00, 0x78, 0x00, 0x07, 0xC0, 0x00, 0x3C, 0x00, 0x00, 0xC0, 0x0F,
    0xFF, 0xFF, 0xFF, 0xFF, 0xFF, 0x00, 0x30, 0x00, 0x00, 0xC0, 0x00, 0x03, 0x00, 0x00, 0x0C, 0x00,
    0x00, 0x30, 0x00, 0x00, 0xC0, 0x00, 0x3F, 0x00, 0x00, 0xFC, 0x00, 0x00, 0x00, 0x00, 0x00, 0x00,
    0x00, 0x01, 0xC0, 0x00, 0x03, 0x80, 0x00, 0x06, 0x00, 0x07, 0xFF, 0xFF, 0xEF, 0xFF, 0xFF, 0xC0,
    0xE0, 0x00, 0x01, 0xC0, 0x00, 0x07, 0x00, 0x00, 0x0E, 0xFF, 0xF8, 0x39, 0xFF, 0xF0, 0xE0, 0x03,
    0x83, 0xC0, 0x1E, 0x0F, 0x80, 0x78, 0x3F, 0x00, 0xE0, 0x76, 0xFF, 0xFF, 0x4D, 0xFF, 0xFE, 0x18,
    0x07, 0x00, 0x30, 0x0E, 0x00, 0x60, 0x1C, 0x00, 0xC0, 0x38, 0x01, 0x80, 0x70, 0x03, 0x0F, 0xE0,
    0x06, 0x1F, 0x80, 0x00, 0x00, 0x00, 0x00, 0xE0, 0x00, 0x01, 0xC0, 0x00, 0x07, 0x00, 0x3F, 0xFF,
    0xFE, 0xFF, 0xFF, 0xFB, 0x80, 0x00, 0x6E, 0x0E, 0x01, 0xB8, 0x38, 0x06, 0x41, 0xC0, 0x18, 0x07,
    0x00, 0x0F, 0xFF, 0xFF, 0xFF, 0xFF, 0xFF, 0x07, 0x03, 0x80, 0x38, 0x0C, 0x00, 0xE0, 0x70, 0x07,
    0xE3, 0x80, 0x0F, 0xFE, 0x00, 0x07, 0xF0, 0x00, 0x0F, 0xF0, 0x00, 0xFF, 0xF0, 0x1F, 0xC3, 0xF3,
    0xFC, 0x03, 0xE7, 0x80, 0x03, 0x80, 0x00, 0x00, 0x00, 0x00, 0x00, 0x00, 0xE0, 0x00, 0x01, 0xC0,
    0x00, 0x01, 0xC0, 0x07, 0xFF, 0xFF, 0xCF, 0xFF, 0xFF, 0x98, 0x00, 0x03, 0x30, 0x00, 0x06, 0x6F,
    0xFF, 0xCC, 0xDF, 0xFF, 0x98, 0x00, 0x00, 0x00, 0x00, 0x00, 0x00, 0x00, 0x00, 0x1F, 0xFF, 0xFF,
    0xFF, 0xFF, 0xFF, 0x81, 0xC3, 0x00, 0x03, 0x86, 0x00, 0x07, 0x0C, 0x00, 0x0E, 0x18, 0x00, 0x38,
    0x30, 0x30, 0x70, 0x60, 0x63, 0xC0, 0xC0, 0xFF, 0x01, 0xFF, 0xFC, 0x03, 0xFE, 0x40, 0x00, 0x00,
    0x00, 0x38, 0x00, 0x00, 0x38, 0x00, 0x00, 0x1C, 0x00, 0x3F, 0xFF, 0xFE, 0x3F, 0xFF, 0xFE, 0x30,
    0x00, 0x06, 0x30, 0x00, 0x06, 0x30, 0x00, 0x06, 0x3F, 0xFF, 0xF6, 0x0F, 0xFF, 0xF0, 0x00, 0x18,
    0x00, 0x06, 0x18, 0x00, 0x06, 0x18, 0x00, 0x06, 0x1F, 0xF8, 0x0E, 0x1F, 0xF8, 0x0E, 0x18, 0x00,
    0x0F, 0x18, 0x00, 0x0F, 0x18, 0x00, 0x1F, 0x98, 0x00, 0x19, 0xF8, 0x00, 0x38, 0xFC, 0x00, 0x70,
    0x7F, 0xFF, 0x70, 0x1F, 0xFF, 0x20, 0x00, 0x00, 0x00, 0x00, 0x00, 0x00, 0x70, 0x00, 0x00, 0x38,
    0x00, 0x7F, 0xFF, 0xFC, 0x7F, 0xFF, 0xFC, 0x60, 0x00, 0x0C, 0x60, 0x00, 0x0C, 0x6F, 0xFF, 0xEC,
    0x6F, 0xFF, 0xEC, 0x00, 0xF0, 0x00, 0x03, 0xE0, 0x30, 0x1F, 0xF0, 0xF0, 0x7E, 0x39, 0xE0, 0x78,
    0xFF, 0xC0, 0x03, 0xFF, 0x80, 0x0F, 0x9F, 0x80, 0x7E, 0x3D, 0xC0, 0x78, 0xFC, 0xE0, 0x01, 0xEC,
    0xE0, 0x0F, 0xCC, 0x78, 0x7F, 0x1C, 0x3C, 0xFC, 0x1C, 0x1E, 0x61, 0xF8, 0x0E, 0x01, 0xF8, 0x00,
    0x00, 0x00, 0x00, 0x00, 0x08, 0x00, 0x00, 0x1C, 0x00, 0x00, 0x1C, 0x00, 0x3F, 0xFF, 0xFE, 0x3F,
    0xFF, 0xFE, 0x30, 0x00, 0x06, 0x31, 0xC1, 0x86, 0x33, 0xC1, 0xE6, 0x07, 0x8C, 0xF0, 0x0F, 0x1C,
    0x3C, 0x3E, 0x3E, 0x1E, 0x38, 0x7F, 0x0C, 0x00, 0xF3, 0x80, 0x03, 0xE1, 0xE0, 0x07, 0x80, 0xF8,
    0x1F, 0xFF, 0xFE, 0x7F, 0xFF, 0xFF, 0x76, 0x00, 0x36, 0x06, 0x00, 0x30, 0x06, 0x00, 0x30, 0x06,
    0x00, 0x30, 0x07, 0xFF, 0xF0, 0x07, 0xFF, 0xF0, 0x06, 0x00, 0x30, 0x00, 0x00, 0x00, 0x00, 0x70,
    0x00, 0x00, 0xE0, 0x03, 0xFF, 0xFF, 0xE7, 0xFF, 0xFF, 0xCC, 0x30, 0x61, 0x98, 0x60, 0xC3, 0x3F,
    0xFF, 0xFE, 0x1F, 0xFF, 0xF0, 0x03, 0x06, 0x00, 0x06, 0x0C, 0x00, 0x7F, 0xFF, 0x00, 0xFF, 0xFE,
    0x01, 0x80, 0x0C, 0x03, 0x0C, 0x18, 0x06, 0x18, 0x30, 0x0C, 0x30, 0x60, 0x18, 0xF8, 0xC0, 0x31,
    0xF1, 0x98, 0x67, 0x61, 0x30, 0x1E, 0xC0, 0x61, 0xF9, 0x81, 0xDF, 0xC3, 0xFF, 0xFE, 0x07, 0xFE,
    0x60, 0x00, 0x00, 0x00, 0x00, 0x00, 0x00, 0x70, 0x00, 0x00, 0x60, 0x03, 0xFF, 0xFF, 0xE7, 0xFF,
    0xFF, 0xCC, 0x18, 0x01, 0x98, 0x3C, 0x73, 0x31, 0xBF, 0xE6, 0x7B, 0x1F, 0xAC, 0x76, 0x1E, 0xE0,
    0xCC, 0xF0, 0xE3, 0x9F, 0xC6, 0xEE, 0x3E, 0x0C, 0xEB, 0xFF, 0xF8, 0xFF, 0xFF, 0xE0, 0x7C, 0x0C,
    0x00, 0x40, 0x18, 0x20, 0x30, 0x30, 0x60, 0x60, 0x60, 0xC0, 0xC0, 0xC1, 0x81, 0x81, 0x83, 0x03,
    0xFF, 0xFE, 0x07, 0xFF, 0xFC, 0x00, 0x00, 0x18, 0x00, 0x00, 0x00, 0x00, 0x00, 0x18, 0x00, 0x00,
    0x18, 0x00, 0x00, 0x18, 0x7F, 0xF0, 0x18, 0x7F, 0xF0, 0x18, 0x00, 0x60, 0x18, 0x00, 0x6F, 0xFF,
    0x00, 0xEF, 0xFF, 0x10, 0xE0, 0x18, 0x38, 0xE0, 0x18, 0x3C, 0xC4, 0x18, 0x1F, 0xCE, 0x18, 0x0F,
    0xC7, 0x18, 0x07, 0x87, 0x18, 0x03, 0xC3, 0x98, 0x03, 0xE3, 0x98, 0x07, 0xE1, 0x98, 0x0F, 0x70,
    0x18, 0x0E, 0x70, 0x18, 0x1C, 0x30, 0x18, 0x38, 0x00, 0x18, 0x70, 0x01, 0xF8, 0x60, 0x01, 0xF8,
    0x00, 0x00, 0x00, 0x00, 0x00, 0x00, 0x01, 0x80, 0x06, 0x00, 0xC0, 0x03, 0x00, 0x60, 0x01, 0x83,
    0xFF, 0x00, 0xC3, 0xFF, 0x80, 0x60, 0x0C, 0x1F, 0xFC, 0x06, 0x0F, 0xFF, 0x03, 0x07, 0xFF, 0xBF,
    0xFC, 0x06, 0x1F, 0xFE, 0x43, 0x00, 0x60, 0x61, 0x80, 0x30, 0x38, 0xC0, 0x18, 0x0C, 0x61, 0xFF,
    0xC7, 0x30, 0xFF, 0xF3, 0x98, 0x03, 0x00, 0xCC, 0x01, 0x80, 0x06, 0x00, 0xC0, 0x03, 0x00, 0x7F,
    0x01, 0x87, 0xFF, 0x80, 0xC3, 0xFF, 0x00, 0x61, 0xE0, 0x03, 0xF0, 0x00, 0x01, 0xF8, 0x06, 0x03,
    0x80, 0x06, 0x07, 0x80, 0x06, 0x0F, 0xFE, 0x46, 0x1F, 0xFE, 0xE6, 0x78, 0x1C, 0x76, 0xFC, 0x38,
    0x3E, 0x4F, 0xF0, 0x1E, 0x07, 0xE0, 0x16, 0x0F, 0xC0, 0x06, 0x7F, 0x30, 0x06, 0xFC, 0x30, 0x06,
    0x60, 0x30, 0x0E, 0xFF, 0xFE, 0x1E, 0xFF, 0xFE, 0x7E, 0x00, 0x30, 0xF6, 0x38, 0x30, 0xE6, 0x38,
    0x30, 0x46, 0x1C, 0x30, 0x06, 0x0E, 0x30, 0x06, 0x0E, 0x30, 0x06, 0x00, 0x30, 0x06, 0x03, 0xF0,
    0x06, 0x03, 0xF0, 0x00, 0x00, 0x00, 0x00, 0x18, 0x00, 0x00, 0x18, 0x00, 0x00, 0x18, 0x00, 0x00,
    0x18, 0x00, 0x00, 0x18, 0x00, 0x00, 0x18, 0x00, 0x0E, 0x18, 0x60, 0x0E, 0x18, 0x70, 0x0C, 0x18,
    0x38, 0x1C, 0x18, 0x38, 0x1C, 0x18, 0x1C, 0x18, 0x18, 0x1C, 0x38, 0x18, 0x0E, 0x38, 0x18, 0x0E,
    0x70, 0x18, 0x0E, 0x70, 0x18, 0x07, 0xE0, 0x18, 0x07, 0x40, 0x18, 0x07, 0x00, 0x18, 0x00, 0x00,
    0x18, 0x00, 0x00, 0x18, 0x00, 0x03, 0xF8, 0x00, 0x03, 0xF8, 0x00, 0x00, 0x00, 0x00, 0x00, 0x18,
    0x00, 0x00, 0x18, 0x00, 0x00, 0x18, 0x00, 0x00, 0x18, 0x00, 0x07, 0x18, 0x70, 0x06, 0x18, 0x38,
    0x0E, 0x18, 0x38, 0x0C, 0x18, 0x1C, 0x1C, 0x18, 0x0C, 0x38, 0x18, 0x0E, 0x38, 0x18, 0x07, 0x70,
    0x18, 0x07, 0x30, 0x18, 0x02, 0x00, 0x18, 0x38, 0x00, 0x18, 0x78, 0x00, 0x18, 0xF0, 0x00, 0x01,
    0xE0, 0x00, 0x07, 0xC0, 0x00, 0x1F, 0x80, 0x00, 0xFE, 0x00, 0x1F, 0xF8, 0x00, 0x7F, 0xC0, 0x00,
    0x7E, 0x00, 0x00, 0x00, 0x40, 0x08, 0x18, 0x0B, 0x83, 0x03, 0xF8, 0x60, 0xE7, 0x0C, 0x1C, 0x71,
    0x87, 0x06, 0x31, 0xC0, 0x86, 0x18, 0xFF, 0xFF, 0xFF, 0xFF, 0xFF, 0x00, 0x01, 0xE0, 0x00, 0x3C,
    0x7F, 0xC7, 0x8F, 0xF8, 0xF1, 0x83, 0x1E, 0x30, 0x63, 0xC6, 0x0C, 0x78, 0xC1, 0x8F, 0x1F, 0xF1,
    0xE3, 0xFE, 0x3C, 0x60, 0x07, 0x8C, 0x00, 0xF0, 0x01, 0xFE, 0x00, 0x3F, 0x00, 0x00, 0x00, 0x00,
    0x00, 0x00, 0x06, 0x00, 0xC0, 0x07, 0x00, 0xD8, 0x07, 0x00, 0xD8, 0xFF, 0xF0, 0xDC, 0xFF, 0xF0,
    0xCE, 0x00, 0x00, 0xC4, 0x00, 0x0F, 0xFF, 0x3F, 0xEF, 0xFF, 0x3F, 0xEF, 0xFF, 0x30, 0x61, 0xC0,
    0x30, 0x61, 0xF0, 0x3F, 0xE1, 0xF0, 0x3F, 0xE1, 0xF0, 0x07, 0x01, 0xF0, 0x3F, 0xC3, 0xF0, 0x37,
    0xE3, 0xF0, 0x37, 0x63, 0x70, 0x77, 0x77, 0x72, 0x67, 0x36, 0x73, 0xE7, 0x0E, 0x73, 0x47, 0x1C,
    0x77, 0x1F, 0x3C, 0x3F, 0x1E, 0x38, 0x3E, 0x00, 0x00, 0x00, 0x0F, 0xFF, 0xF8, 0x1F, 0xFF, 0xF0,
    0x30, 0x00, 0x60, 0x60, 0x00, 0xC0, 0xC0, 0x01, 0x81, 0xFF, 0xFF, 0x03, 0xFF, 0xFE, 0x06, 0x00,
    0x00, 0x1C, 0x00, 0x00, 0x3F, 0xFF, 0xFC, 0x7F, 0xFF, 0xF8, 0xE0, 0x00, 0x71, 0xCF, 0xFC, 0xE3,
    0x9F, 0xF9, 0xC6, 0x30, 0x33, 0x9C, 0x60, 0x67, 0x38, 0xC0, 0xCE, 0x71, 0xFF, 0x9D, 0xC3, 0xFF,
    0x3B, 0x86, 0x00, 0x66, 0x0C, 0x0F, 0xC0, 0x00, 0x1F, 0x80, 0x1F, 0xFF, 0xFE, 0x1F, 0xFF, 0xFE,
    0x1C, 0x00, 0x0E, 0x1C, 0x00, 0x0E, 0x1F, 0xFF, 0xFE, 0x1F, 0xFF, 0xFE, 0x1F, 0xFF, 0xFE, 0x1C,
    0x03, 0x00, 0x1C, 0x03, 0x00, 0x1F, 0xFF, 0xFF, 0x1F, 0xFF, 0xFF, 0x1C, 0x03, 0x00, 0x1C, 0x03,
    0x00, 0x1C, 0x03, 0x00, 0x1C, 0xFF, 0xFC, 0x1C, 0xFF, 0xFC, 0x38, 0xC0, 0x0C, 0x38, 0xC0, 0x0C,
    0x38, 0xC0, 0x0C, 0x70, 0xFF, 0xFC, 0x70, 0xFF, 0xFC, 0x60, 0xC0, 0x0C, 0x00, 0x00, 0x00, 0x1F,
    0xFF, 0xFC, 0x1F, 0xFF, 0xFC, 0x18, 0x00, 0x0C, 0x18, 0x00, 0x0C, 0x1F, 0xFF, 0xFC, 0x1F, 0xFF,
    0xFC, 0x18, 0xE0, 0x30, 0x18, 0x60, 0x70, 0x18, 0x70, 0x70, 0x1B, 0xFF, 0xFE, 0x1B, 0xFF, 0xFE,
    0x18, 0x30, 0x60, 0x18, 0x30, 0x60, 0x38, 0x30, 0x60, 0x3F, 0xFF, 0xFF, 0x3F, 0xFF, 0xFF, 0x38,
    0x70, 0x60, 0x38, 0x70, 0x60, 0x70, 0xE0, 0x60, 0x71, 0xC0, 0x60, 0xE7, 0xC0, 0x60, 0x63, 0x00,
    0x60, 0x00, 0x00, 0x00, 0x3F, 0xFF, 0xFC, 0x3F, 0xFF, 0xFC, 0x00, 0x18, 0x00, 0x00, 0x18, 0x00,
    0x00, 0x18, 0x00, 0x00, 0x18, 0x00, 0x00, 0x18, 0x00, 0x00, 0x18, 0x00, 0x00, 0x18, 0x00, 0x00,
    0x18, 0x00, 0x00, 0x18, 0x00, 0x00, 0x18, 0x00, 0x00, 0x18, 0x00, 0x00, 0x18, 0x00, 0x00, 0x18,
    0x00, 0x00, 0x18, 0x00, 0x7F, 0xFF, 0xFF, 0x7F, 0xFF, 0xFF, 0x00, 0x00, 0x00, 0x00, 0x60, 0x00,
    0x00, 0x60, 0x00, 0x00, 0xE0, 0x00, 0x00, 0xE0, 0x00, 0x00, 0xE0, 0x00, 0x7F, 0xFF, 0xFE, 0x7F,
    0xFF, 0xFE, 0x01, 0xC0, 0x00, 0x01, 0xC0, 0x00, 0x01, 0xC0, 0x00, 0x03, 0x80, 0x00, 0x03, 0x80,
    0x00, 0x03, 0xFF, 0xFE, 0x07, 0xFF, 0xFE, 0x07, 0x03, 0x00, 0x0E, 0x03, 0x00, 0x1E, 0x03, 0x00,
    0x1C, 0x03, 0x00, 0x38, 0x03, 0x00, 0x78, 0x03, 0x00, 0xF0, 0x03, 0x00, 0x67, 0xFF, 0xFF, 0x07,
    0xFF, 0xFF, 0xFF, 0xFF, 0xE1, 0xFF, 0xFF, 0xC0, 0x00, 0x01, 0x80, 0x00, 0x03, 0x02, 0x00, 0x06,
    0x06, 0x00, 0x0C, 0x0C, 0x00, 0x18, 0x18, 0x00, 0x30, 0x30, 0x00, 0x60, 0x7F, 0xFF, 0xC0, 0xFF,
    0xFF, 0x81, 0x80, 0x03, 0x03, 0x00, 0x00, 0x06, 0x00, 0x00, 0x0C, 0x00, 0x02, 0x18, 0x00, 0x06,
    0x30, 0x00, 0x0C, 0x60, 0x00, 0x38, 0xE0, 0x00, 0x71, 0xFF, 0xFF, 0xC1, 0xFF, 0xFF, 0x80, 0x00,
    0x60, 0x00, 0x01, 0xC0, 0x00, 0x03, 0x80, 0x00, 0x07, 0x00, 0x07, 0xFF, 0xFF, 0xEF, 0xFF, 0xFF,
    0xC0, 0xE3, 0x00, 0x01, 0xC6, 0x00, 0x07, 0x0C, 0x00, 0x0E, 0x18, 0x00, 0x3F, 0xFF, 0xF0, 0xFF,
    0xFF, 0xE3, 0xE0, 0xC1, 0xCF, 0xC1, 0x83, 0xBD, 0x83, 0x07, 0x23, 0x06, 0x0E, 0x06, 0x0C, 0x1C,
    0x0C, 0x18, 0x38, 0x18, 0x30, 0x70, 0x30, 0x6F, 0xC0, 0x60, 0xCF, 0x80, 0x01, 0x80, 0x00, 0x03,
    0x00, 0x00, 0x00, 0x00, 0x00, 0x06, 0x00, 0x38, 0x0F, 0xE0, 0xF8, 0x03, 0xFF, 0xE0, 0x00, 0x7F,
    0x80, 0x03, 0xFF, 0xE0, 0x3F, 0xF1, 0xF8, 0x3F, 0x70, 0x7C, 0x10, 0x60, 0x08, 0x7F, 0xFF, 0xFE,
    0x7F, 0xFF, 0xFE, 0x01, 0xCC, 0x00, 0x03, 0x8E, 0x00, 0x07, 0x0E, 0x00, 0x0F, 0xFF, 0xFC, 0x1F,
    0xFF, 0xFC, 0x7F, 0x0E, 0x1C, 0xF7, 0x0E, 0x1C, 0x67, 0x0E, 0x1C, 0x07, 0x0E, 0x1C, 0x07, 0x0E,
    0x1C, 0x07, 0x0E, 0xFC, 0x07, 0x0E, 0xF8, 0x00, 0x0E, 0x00, 0x0C, 0x30, 0x60, 0x18, 0x60, 0xC0,
    0x30, 0xC1, 0x87, 0xFF, 0xFF, 0xFF, 0xFF, 0xFF, 0xE1, 0x86, 0x0C, 0x03, 0x0C, 0x18, 0x06, 0x18,
    0x30, 0x7F, 0xFF, 0xFC, 0xFF, 0xFF, 0xF9, 0x80, 0xC0, 0x33, 0x01, 0x80, 0x66, 0x03, 0x00, 0xCF,
    0xFF, 0xFF, 0x87, 0xFF, 0xFC, 0x0E, 0x18, 0x18, 0x1C, 0x30, 0x30, 0x38, 0x60, 0x60, 0x70, 0xC0,
    0xC0, 0xE1, 0x9F, 0x81, 0xC3, 0x1E, 0x00, 0x06, 0x00, 0x00, 0x0C, 0x00, 0x00, 0x01, 0x81, 0x80,
    0x01, 0x81, 0x80, 0x7F, 0xFF, 0xFE, 0x7F, 0xFF, 0xFE, 0x01, 0x81, 0x80, 0x0F, 0xFF, 0xF0, 0x0F,
    0xFF, 0xF8, 0x0C, 0x00, 0x18, 0x0F, 0xFF, 0xF8, 0x0F, 0xFF, 0xF8, 0x0C, 0x00, 0x18, 0x0F, 0xFF,
    0xF8, 0x0F, 0xFF, 0xF8, 0x00, 0xE0, 0x00, 0x7F, 0xFF, 0xFF, 0x7F, 0xFF, 0xFF, 0x07, 0x18, 0xF0,
    0x1F, 0xFF, 0xFC, 0x7F, 0xFF, 0xFF, 0xF6, 0x18, 0x3F, 0x46, 0x18, 0x30, 0x06, 0x19, 0xF0, 0x06,
    0x19, 0xF0, 0x06, 0x18, 0x00, 0x3F, 0xFF, 0xFC, 0x3F, 0xFF, 0xFC, 0x1F, 0xFF, 0xFC, 0x0C, 0x18,
    0x30, 0x0E, 0x18, 0x38, 0x0E, 0x18, 0x70, 0x06, 0x18, 0x70, 0x07, 0x18, 0xE0, 0x07, 0x18, 0xE0,
    0x03, 0x18, 0xC0, 0x00, 0x18, 0x00, 0x7F, 0xFF, 0xFF, 0xFF, 0xFF, 0xFF, 0x00, 0x18, 0x00, 0x00,
    0x18, 0x00, 0x00, 0x18, 0x00, 0x00, 0x18, 0x00, 0x00, 0x18, 0x00, 0x00, 0x18, 0x00, 0x00, 0x18,
    0x00, 0x00, 0x18, 0x00, 0x00, 0x18, 0x00, 0x00, 0x00, 0x00, 0x1C, 0x01, 0xC0, 0x1C, 0x03, 0x80,
    0x38, 0x0E, 0x00, 0x38, 0x1C, 0x00, 0x70, 0x70, 0x1F, 0xFF, 0xFF, 0x3F, 0xFF, 0xFE, 0x03, 0x01,
    0x80, 0x06, 0x03, 0x00, 0x0C, 0x06, 0x00, 0x18, 0x0C, 0x00, 0x30, 0x18, 0x1F, 0xFF, 0xFF, 0xFF,
    0xFF, 0xFF, 0x83, 0x80, 0xC0, 0x07, 0x01, 0x80, 0x0E, 0x03, 0x00, 0x38, 0x06, 0x00, 0x70, 0x0C,
    0x01, 0xC0, 0x18, 0x07, 0x80, 0x30, 0x3E, 0x00, 0x60, 0x30, 0x00, 0xC0, 0x00, 0x00, 0x00, 0x00,
    0x0E, 0x00, 0x00, 0x0E, 0x00, 0x00, 0x07, 0x00, 0x1F, 0xFF, 0xFF, 0x1F, 0xFF, 0xFF, 0x18, 0x00,
    0x00, 0x19, 0xFF, 0xF8, 0x19, 0xFF, 0xFC, 0x18, 0x00, 0x78, 0x18, 0x38, 0xF0, 0x18, 0x3F, 0xC0,
    0x18, 0x0F, 0x80, 0x1B, 0xFF, 0xFF, 0x1B, 0xFF, 0xFF, 0x18, 0x03, 0x0E, 0x38, 0x03, 0x1C, 0x38,
    0x03, 0x1C, 0x38, 0x03, 0x38, 0x30, 0x03, 0x00, 0x30, 0x03, 0x00, 0x70, 0x03, 0x00, 0x70, 0x7F,
    0x00, 0x60, 0x7F, 0x00, 0x00, 0x00, 0x00, 0x00, 0x04, 0x00, 0x00, 0x0C, 0x00, 0x00, 0x0E, 0x00,
    0x00, 0x0E, 0x00, 0x1F, 0xFF, 0xFF, 0x1F, 0xFF, 0xFF, 0x18, 0x00, 0x00, 0x18, 0x00, 0x00, 0x18,
    0x0C, 0x0E, 0x19, 0x8E, 0x0E, 0x19, 0x8E, 0x1C, 0x19, 0xC6, 0x1C, 0x19, 0xC6, 0x1C, 0x18, 0xC7,
    0x38, 0x18, 0xE7, 0x38, 0x18, 0xE3, 0x30, 0x38, 0x63, 0x70, 0x38, 0x60, 0x60, 0x38, 0x40, 0xE0,
    0x38, 0x00, 0xC0, 0x30, 0x01, 0xC0, 0x77, 0xFF, 0xFF, 0x77, 0xFF, 0xFF, 0x60, 0x00, 0x00, 0x00,
    0x00, 0x00, 0x00, 0x0C, 0x00, 0x00, 0x07, 0x00, 0x00, 0x03, 0x80, 0x03, 0xFF, 0xFF, 0xE1, 0xFF,
    0xFF, 0xF0, 0xC0, 0x00, 0x00, 0x60, 0x0F, 0xE0, 0x33, 0xFF, 0xF8, 0x19, 0xFF, 0xF0, 0x0C, 0xC0,
    0xC0, 0x06, 0x60, 0x60, 0x03, 0x30, 0x30, 0x01, 0x98, 0x1C, 0x00, 0xCF, 0xFF, 0xF0, 0x67, 0xFF,
    0xF8, 0x33, 0x03, 0x80, 0x39, 0x80, 0xC0, 0x1C, 0xC0, 0x70, 0x0E, 0x61, 0xB8, 0x87, 0x30, 0xEC,
    0x63, 0x1B, 0xB7, 0x33, 0x8F, 0xDD, 0xD9, 0xCF, 0x86, 0xFC, 0xC7, 0x03, 0x3C, 0x00, 0x00, 0x00,
    0x00, 0x00, 0x04, 0x00, 0x00, 0x07, 0x00, 0x00, 0x03, 0x80, 0x03, 0xFF, 0xFF, 0xE1, 0xFF, 0xFF,
    0xF0, 0xC1, 0x83, 0x00, 0x60, 0xC1, 0x80, 0x30, 0x60, 0xC0, 0x1B, 0xFF, 0xFE, 0x0D, 0xFF, 0xFF,
    0x06, 0x0C, 0x18, 0x03, 0x06, 0x0C, 0x01, 0x83, 0xFE, 0x00, 0xC1, 0xFF, 0x00, 0x60, 0x00, 0x00,
    0x37, 0xFF, 0xF0, 0x3B, 0xFF, 0xF8, 0x1C, 0x70, 0x1C, 0x0E, 0x1E, 0x3C, 0x07, 0x07, 0xBC, 0x03,
    0x01, 0xFC, 0x03, 0x87, 0xFF, 0x81, 0xDF, 0xF7, 0xFC, 0xCF, 0x80, 0x7C, 0x00, 0x00, 0x00, 0x00,
    0x00, 0x01, 0x00, 0x00, 0x03, 0x00, 0x7F, 0x03, 0x00, 0x7F, 0x7F, 0xFC, 0x07, 0x7F, 0xFC, 0x06,
    0x03, 0x0C, 0x0E, 0xFF, 0xFF, 0x1D, 0xFF, 0xFF, 0x1C, 0x03, 0x0C, 0x3F, 0x03, 0x0C, 0x7F, 0x7F,
    0xFC, 0x7F, 0x7F, 0xFC, 0x03, 0x03, 0x00, 0x27, 0x7F, 0xFC, 0x77, 0x7F, 0xFE, 0x36, 0x03, 0x00,
    0x3E, 0x03, 0x00, 0x1E, 0xFF, 0xFF, 0x1C, 0xFF, 0xFE, 0x1E, 0x03, 0x00, 0x1F, 0x83, 0x00, 0x3B,
    0xF8, 0x00, 0x71, 0xFF, 0xFF, 0x70, 0x3F, 0xFF, 0x20, 0x00, 0x00, 0x7F, 0xFF, 0xFC, 0xFF, 0xFF,
    0xF8, 0x0C, 0x06, 0x00, 0x18, 0x0C, 0x00, 0x30, 0x18, 0x00, 0x60, 0x30, 0x00, 0xC0, 0x60, 0x01,
    0x80, 0xC0, 0x03, 0x01, 0x81, 0xFF, 0xFF, 0xFF, 0xFF, 0xFF, 0xF8, 0x18, 0x0C, 0x00, 0x70, 0x18,
    0x00, 0xE0, 0x30, 0x01, 0xC0, 0x60, 0x07, 0x00, 0xC0, 0x0E, 0x01, 0x80, 0x38, 0x03, 0x00, 0xF0,
    0x06, 0x03, 0xC0, 0x0C, 0x0F, 0x00, 0x18, 0x0C, 0x00, 0x30, 0x00, 0x00, 0x00, 0x00, 0x00, 0x06,
    0x20, 0x00, 0x06, 0x70, 0x00, 0x06, 0x3C, 0x00, 0x06, 0x1C, 0x00, 0x06, 0x0C, 0xFF, 0xFF, 0xFE,
    0xFF, 0xFF, 0xFE, 0x00, 0x07, 0x00, 0x00, 0x07, 0x00, 0x00, 0x07, 0x00, 0x7F, 0xFF, 0x00, 0x7F,
    0xFF, 0x00, 0x03, 0x03, 0x00, 0x03, 0x03, 0x80, 0x03, 0x03, 0x80, 0x03, 0x03, 0x80, 0x03, 0x03,
    0x82, 0x03, 0x09, 0xC3, 0x03, 0xF9, 0xC3, 0x1F, 0xF8, 0xE7, 0x7F, 0xC0, 0xF7, 0x7C, 0x00, 0x7E,
    0x00, 0x00, 0x3E, 0x00, 0x00, 0x7F, 0xFE, 0x0F, 0xFF, 0xC1, 0x80, 0x38, 0x30, 0x07, 0x06, 0x00,
    0xE0, 0xC0, 0x1C, 0x1B, 0xFF, 0x83, 0x7F, 0xF0, 0x6C, 0x00, 0x0D, 0x80, 0x01, 0xF0, 0x00, 0x3F,
    0xFF, 0x07, 0xFF, 0xE0, 0xC0, 0x1C, 0x18, 0x03, 0x83, 0x00, 0x70, 0x60, 0x0C, 0x0C, 0x03, 0x81,
    0x80, 0x70, 0x30, 0x0E, 0x06, 0x3F, 0xC0, 0xC7, 0xF0, 0x18, 0x00, 0x00, 0x00, 0x18, 0x1C, 0x7F,
    0x1C, 0x1C, 0x7F, 0x0C, 0x38, 0x03, 0x0E, 0x38, 0x03, 0x06, 0x70, 0x03, 0x3F, 0xFE, 0x7F, 0x3F,
    0xFE, 0x7F, 0x31, 0x86, 0x7F, 0x31, 0x86, 0x60, 0x3F, 0xFE, 0x60, 0x3F, 0xFE, 0x60, 0x31, 0x86,
    0x7F, 0x31, 0x86, 0x7F, 0x3F, 0xFE, 0x03, 0x3F, 0xFE, 0x03, 0x01, 0x80, 0x03, 0xFF, 0xFF, 0x03,
    0xFF, 0xFF, 0x07, 0x01, 0x80, 0x07, 0x01, 0x80, 0x07, 0x01, 0x80, 0x7F, 0x01, 0x80, 0x3E, 0x01,
    0x80, 0x00, 0x00, 0x00, 0x00, 0x60, 0x06, 0x06, 0x07, 0x70, 0x60, 0x77, 0x06, 0x0E, 0x38, 0x60,
    0xC3, 0x86, 0x1C, 0x1C, 0x63, 0x81, 0x86, 0x38, 0x00, 0x60, 0x07, 0xFF, 0xFF, 0x7F, 0xFF, 0xF0,
    0x00, 0x07, 0x00, 0x00, 0x70, 0x00, 0x07, 0x7F, 0xFF, 0xF7, 0xFF, 0xFF, 0x00, 0x00, 0x70, 0x00,
    0x07, 0x00, 0x00, 0x70, 0x00, 0x07, 0xFF, 0xFF, 0xFF, 0xFF, 0xFF, 0x00, 0x00, 0x70, 0x3F, 0xFF,
    0xF0, 0x7F, 0xFF, 0xE0, 0x00, 0x01, 0xC0, 0x00, 0x03, 0x83, 0xFF, 0xFE, 0x07, 0xFF, 0xFC, 0x00,
    0x00, 0x18, 0x00, 0x00, 0x70, 0xFF, 0xFF, 0xFD, 0xFF, 0xFF, 0xF8, 0x00, 0xC0, 0x01, 0xC1, 0xC3,
    0xC3, 0xE3, 0x8F, 0x01, 0xE7, 0xBC, 0x01, 0xCF, 0xF0, 0x00, 0xFB, 0x80, 0x07, 0xF3, 0x80, 0x7F,
    0x67, 0xC3, 0xF0, 0xC3, 0xE7, 0x81, 0x83, 0xE4, 0x3F, 0x01, 0xC0, 0x7E, 0x00, 0x00, 0x00, 0x00,
    0x00, 0x07, 0x3F, 0xFC, 0x0F, 0x3F, 0xFC, 0x1E, 0x3F, 0xFC, 0x3C, 0x30, 0x0C, 0x78, 0x3F, 0xFC,
    0x73, 0x3F, 0xFC, 0x67, 0x30, 0x0C, 0x07, 0x3F, 0xFC, 0x0E, 0x3F, 0xFC, 0x1C, 0x00, 0x00, 0x3C,
    0xFF, 0xFE, 0x7C, 0xFF, 0xFF, 0xFC, 0xFF, 0xFE, 0xEC, 0x00, 0x30, 0x0C, 0xFF, 0xFF, 0x0C, 0xFF,
    0xFF, 0x0C, 0x10, 0x30, 0x0C, 0x38, 0x30, 0x0C, 0x1C, 0x30, 0x0C, 0x0E, 0x30, 0x0C, 0x0E, 0x30,
    0x0C, 0x03, 0xF0, 0x0C, 0x01, 0xF0, 0x00, 0x00, 0x00, 0x00, 0x30, 0x00, 0x00, 0x70, 0x00, 0x00,
    0xE0, 0x07, 0xFF, 0xFF, 0xFF, 0xFF, 0xFF, 0xE1, 0x80, 0x00, 0x03, 0x00, 0x00, 0x06, 0x00, 0x00,
    0x0C, 0x00, 0x00, 0x1F, 0xFF, 0xF0, 0x3F, 0xFF, 0xE0, 0x00, 0x00, 0x00, 0x07, 0x00, 0x00, 0x07,
    0x00, 0x04, 0xC7, 0x0E, 0x1D, 0x87, 0x1C, 0x33, 0x0E, 0x1C, 0xE6, 0x00, 0x99, 0xCC, 0x03, 0xBF,
    0x18, 0x07, 0x7E, 0x3F, 0xFE, 0x60, 0x7F, 0xF8, 0x00, 0x0C, 0x03, 0x00, 0x06, 0x01, 0x80, 0x03,
    0x00, 0xC0, 0x01, 0x80, 0x60, 0x00, 0xF7, 0xFF, 0xC3, 0xFB, 0xFF, 0xE1, 0xF6, 0x0C, 0x30, 0xDB,
    0x06, 0x18, 0x6D, 0x83, 0x0C, 0x36, 0x01, 0x86, 0x3B, 0x00, 0xC3, 0x01, 0x9F, 0xFF, 0xE0, 0xCF,
    0xFF, 0xF0, 0x60, 0x3C, 0x00, 0x30, 0x1F, 0x00, 0x18, 0x0F, 0x80, 0x0C, 0x0E, 0xE0, 0x06, 0x07,
    0x38, 0x03, 0x07, 0x1E, 0x01, 0x87, 0x07, 0x80, 0xCF, 0x81, 0xE0, 0x6F, 0x00, 0x78, 0x33, 0x00,
    0x1C, 0x00, 0x00, 0x00, 0x03, 0x80, 0x00, 0x07, 0x00, 0x00, 0x1C, 0x00, 0x00, 0x7F, 0xFF, 0xE1,
    0xFF, 0xFF, 0xC7, 0x8C, 0x73, 0x9E, 0x39, 0xC6, 0x38, 0xE3, 0x8C, 0x63, 0x8E, 0x18, 0x0E, 0x3C,
    0x70, 0x78, 0xF0, 0xE0, 0xE3, 0xC1, 0xC0, 0x8F, 0x3F, 0x80, 0x0C, 0x7E, 0x00, 0x0E, 0x00, 0x19,
    0x9E, 0x1C, 0x33, 0x1C, 0x38, 0xE6, 0x1C, 0x39, 0xCC, 0x1B, 0xB3, 0x18, 0x07, 0x7E, 0x30, 0x0E,
    0xFC, 0x7F, 0xF8, 0x80, 0xFF, 0xF0, 0x00, 0x00, 0x18, 0x00, 0x00, 0x38, 0x00, 0x00, 0x38, 0x00,
    0x00, 0x38, 0x00, 0xFF, 0xFF, 0xFE, 0xFF, 0xFF, 0xFE, 0x00, 0x7E, 0x00, 0x00, 0x7E, 0x00, 0x00,
    0xE7, 0x00, 0x01, 0xE7, 0x80, 0x03, 0xE3, 0xC0, 0x07, 0xF1, 0xE0, 0x1F, 0x7C, 0xFC, 0xFE, 0x1E,
    0x7E, 0x78, 0x2C, 0x1E, 0x40, 0x78, 0x10, 0x1B, 0x3C, 0x38, 0x3B, 0x1C, 0x38, 0x3B, 0x0E, 0x1C,
    0x33, 0x06, 0x7C, 0x73, 0x00, 0x6E, 0x73, 0x80, 0xEE, 0xE3, 0xFF, 0xEE, 0x23, 0xFF, 0xC0, 0x0C,
    0x0C, 0x00, 0x0C, 0x1C, 0x00, 0x0C, 0x1C, 0x00, 0x0C, 0x1C, 0x00, 0x0E, 0xFF, 0xFE, 0x3F, 0xFF,
    0xFE, 0x3F, 0x18, 0x60, 0x7F, 0x18, 0x60, 0x7F, 0xB8, 0x60, 0x6D, 0x3B, 0xE6, 0x6C, 0x37, 0xEE,
    0x6C, 0x36, 0xEC, 0x0C, 0x76, 0xEC, 0x0C, 0x76, 0xDC, 0x0C, 0xEE, 0xD8, 0x0C, 0xE5, 0xE8, 0x0D,
    0xC1, 0xE0, 0x0D, 0xC1, 0xF0, 0x0F, 0x83, 0xB0, 0x0D, 0x07, 0x38, 0x0C, 0x0E, 0x1C, 0x0C, 0x3C,
    0x0E, 0x0C, 0x38, 0x06, 0x00, 0x00, 0x00, 0x00, 0x00, 0x00, 0x00, 0x70, 0x00, 0x00, 0xE0, 0x00,
    0x7F, 0xFF, 0x00, 0xFF, 0xFE, 0x01, 0x80, 0x0C, 0x03, 0xFF, 0xF8, 0x07, 0xFF, 0xF0, 0x0F, 0xFF,
    0xE0, 0x18, 0x00, 0xC0, 0x3F, 0xFF, 0x80, 0x7F, 0xFF, 0x00, 0xC0, 0x06, 0x01, 0xFF, 0xFC, 0x03,
    0xFF, 0xF8, 0x00, 0x38, 0x00, 0x02, 0x38, 0x10, 0x7E, 0x38, 0x70, 0xFC, 0x70, 0xE3, 0xB8, 0x66,
    0xE7, 0x70, 0x0D, 0xDC, 0xE0, 0x19, 0xF8, 0xFF, 0xF3, 0x01, 0xFF, 0xE0, 0x0C, 0x01, 0x80, 0x06,
    0x00, 0xC0, 0x03, 0x3F, 0xFF, 0xC1, 0x9F, 0xFF, 0xE0, 0xF0, 0x18, 0x01, 0xFB, 0xFF, 0xF1, 0xF7,
    0xFF, 0xF8, 0xFB, 0x03, 0x00, 0x6D, 0xFF, 0xFF, 0xB6, 0x7F, 0xFF, 0xDB, 0x00, 0x00, 0x0D, 0x8F,
    0xFF, 0xC0, 0xC7, 0xFF, 0xE0, 0x63, 0x80, 0x70, 0x31, 0xFF, 0xF8, 0x18, 0xFF, 0xFC, 0x0C, 0x70,
    0x0E, 0x06, 0x3F, 0xFF, 0x03, 0x1F, 0xFF, 0x81, 0x8E, 0x01, 0xC0, 0xC7, 0x00, 0xE0, 0x63, 0x83,
    0xF0, 0x31, 0xC1, 0xF0, 0x00, 0x00, 0x00, 0x0C, 0x00, 0x00, 0x0C, 0x1F, 0xFE, 0x0C, 0x1F, 0xFE,
    0x0C, 0x39, 0xCE, 0x0F, 0xFF, 0xFF, 0x3F, 0xFF, 0xFF, 0x3F, 0xB1, 0x8C, 0x7D, 0xBF, 0xFC, 0x7D,
    0xBF, 0xFC, 0x6C, 0x00, 0x00, 0x6C, 0x3F, 0xFC, 0x6C, 0x7F, 0xFC, 0x0C, 0x70, 0x0C, 0x0C, 0x71,
    0x8C, 0x0C, 0x71, 0x8C, 0x0C, 0x71, 0x8C, 0x0C, 0x71, 0x8C, 0x0C, 0x73, 0x8C, 0x0C, 0x73, 0xCC,
    0x0C, 0x0F, 0xF0, 0x0C, 0x3E, 0x7E, 0x0D, 0xFC, 0x1F, 0x0C, 0xE0, 0x07, 0x00, 0x00, 0x00, 0x00,
    0x00, 0x00, 0x00, 0x70, 0x00, 0x00, 0xE0, 0x01, 0xFF, 0xFF, 0xE3, 0xFF, 0xFF, 0x80, 0x70, 0x38,
    0x00, 0xE0, 0xE0, 0x3F, 0xFF, 0xFF, 0x7F, 0xFF, 0xFE, 0x1F, 0xFF, 0xC0, 0x3F, 0xFF, 0xC0, 0x60,
    0x03, 0x80, 0xFF, 0xFF, 0x01, 0xFF, 0xFE, 0x03, 0x00, 0x1C, 0x07, 0xFF, 0xF8, 0x0F, 0xFF, 0xF0,
    0x00, 0xE0, 0x00, 0x6E, 0xF0, 0xC0, 0xDC, 0xF1, 0xC3, 0xB8, 0xDD, 0xCE, 0x70, 0x39, 0x9C, 0xFF,
    0xE3, 0xB0, 0xFF, 0xC0, 0x0C, 0x3F, 0xF8, 0x06, 0x3F, 0xFE, 0x03, 0x1C, 0x03, 0x01, 0x8E, 0x01,
    0x80, 0xF7, 0xFF, 0xC3, 0x7B, 0x80, 0x61, 0xBD, 0xFF, 0xF0, 0xDF, 0x7F, 0xF8, 0x6D, 0xFF, 0xFE,
    0x36, 0x7F, 0xFF, 0x1B, 0x33, 0x99, 0x89, 0x99, 0xCC, 0xC0, 0xCF, 0xFF, 0xE0, 0x67, 0xFF, 0xF0,
    0x33, 0xFF, 0xF0, 0x1B, 0xFF, 0xFC, 0x0C, 0x38, 0x1C, 0x06, 0x0E, 0x1C, 0x03, 0x03, 0xFC, 0x01,
    0x80, 0xFC, 0x00, 0xC3, 0xFF, 0xC0, 0x6F, 0xF7, 0xF8, 0x37, 0xC0, 0x7C, 0x00, 0x00, 0x00, 0x00,
    0x00, 0x00, 0x00, 0x03, 0xB8, 0x00, 0x01, 0xDE, 0x00, 0x00, 0xE3, 0xC0, 0x00, 0x30, 0xE0, 0xFF,
    0xFF, 0xF8, 0x7F, 0xFF, 0xFC, 0x30, 0x06, 0x00, 0x18, 0x03, 0x80, 0x0C, 0x01, 0xC7, 0x07, 0xF8,
    0xE3, 0x83, 0xFC, 0x73, 0x81, 0x86, 0x39, 0xC0, 0xC3, 0x1D, 0xC0, 0x61, 0x87, 0xE0, 0x30, 0xC3,
    0xE0, 0x38, 0x61, 0xE0, 0x1C, 0x30, 0xF1, 0x0E, 0x38, 0xF8, 0xC7, 0xFC, 0xFC, 0x73, 0x3C, 0xF7,
    0x33, 0x81, 0xF3, 0xD9, 0xC1, 0xF0, 0xFC, 0xC0, 0x60, 0x3C, 0x00, 0x00, 0x00, 0x00, 0x00, 0x0E,
    0xE0, 0x00, 0x0E, 0xF8, 0x00, 0x0E, 0x3C, 0x00, 0x06, 0x18, 0xFF, 0xFF, 0xFE, 0xFF, 0xFF, 0xFE,
    0x00, 0x06, 0x00, 0x00, 0x07, 0x18, 0x3F, 0xE7, 0x1C, 0x3F, 0xE7, 0x18, 0x30, 0x67, 0x38, 0x30,
    0x67, 0x30, 0x30, 0x67, 0x70, 0x30, 0x63, 0xF0, 0x3F, 0xE3, 0xE0, 0x3F, 0xE3, 0xC0, 0x00, 0x03,
    0xC4, 0x00, 0xF3, 0xC6, 0x1F, 0xFF, 0xC6, 0xFF, 0xFF, 0xE6, 0xFC, 0x3C, 0xFE, 0x00, 0x78, 0x7E,
    0x00, 0x70, 0x3C, 0x01, 0x83, 0x90, 0x01, 0x83, 0xB8, 0x3F, 0xFF, 0x9C, 0x3F, 0xFD, 0x8E, 0x01,
    0x81, 0x86, 0x01, 0x81, 0x80, 0x7F, 0xFF, 0xFF, 0x7F, 0xFF, 0xFF, 0x0E, 0xC1, 0x80, 0x0C, 0xE1,
    0x8E, 0x1F, 0xFD, 0xCE, 0x1F, 0xFD, 0xCC, 0x38, 0xE1, 0xDC, 0x7F, 0xF9, 0xD8, 0x7F, 0xFC, 0xF8,
    0x18, 0xE0, 0xF8, 0x1F, 0xF8, 0xF0, 0x1F, 0xFC, 0xE3, 0x18, 0xE0, 0xE3, 0x1F, 0xFD, 0xF3, 0x1F,
    0xFF, 0xFB, 0x18, 0x07, 0x3F, 0x18, 0x06, 0x1E, 0x00, 0x00, 0x00, 0x00, 0x18, 0x00, 0x00, 0xE0,
    0x00, 0x07, 0x00, 0x00, 0x18, 0x00, 0xFF, 0xFF, 0x87, 0xFF, 0xFC, 0x30, 0x00, 0x61, 0x80, 0x03,
    0x0C, 0x00, 0x18, 0x60, 0x00, 0xC3, 0x00, 0x06, 0x1F, 0xFF, 0xF0, 0xFF, 0xFF, 0x8E, 0x00, 0x0C,
    0x70, 0x00, 0x63, 0x80, 0x00, 0x1C, 0x00, 0x00, 0xE0, 0x00, 0x0E, 0x00, 0x00, 0x70, 0x00, 0x03,
    0x00, 0x00, 0x38, 0x00, 0x03, 0x80, 0x00, 0x04, 0x00, 0x00, 0x00, 0x60, 0x0E, 0x07, 0xF0, 0xFE,
    0x3F, 0xF7, 0xFC, 0x3F, 0x07, 0xE0, 0x30, 0x06, 0x00, 0x30, 0x06, 0x00, 0x3F, 0xE6, 0x00, 0x3F,
    0xE6, 0x00, 0x30, 0x67, 0xFF, 0x30, 0x67, 0xFF, 0x30, 0x66, 0x18, 0x30, 0x66, 0x18, 0x3F, 0xE6,
    0x18, 0x3F, 0xE6, 0x18, 0x30, 0x06, 0x18, 0x30, 0x0E, 0x18, 0x30, 0x0E, 0x18, 0x70, 0x0E, 0x18,
    0x70, 0x0C, 0x18, 0x70, 0x1C, 0x18, 0x60, 0x1C, 0x18, 0xE0, 0x38, 0x18, 0x60, 0x30, 0x18, 0x00,
    0x00, 0x00, 0x00, 0x00, 0x00, 0x00, 0x01, 0xF0, 0x07, 0xFF, 0xF8, 0x3F, 0xFF, 0xC0, 0x3F, 0xF8,
    0x00, 0x00, 0x18, 0x00, 0x00, 0x18, 0x00, 0x00, 0x18, 0x00, 0x3F, 0xFF, 0xFC, 0x3F, 0xFF, 0xFC,
    0x00, 0x18, 0x00, 0x00, 0x18, 0x00, 0x00, 0x18, 0x00, 0x00, 0x18, 0x00, 0xFF, 0xFF, 0xFF, 0xFF,
    0xFF, 0xFF, 0x00, 0x18, 0x00, 0x00, 0x18, 0x00, 0x00, 0x18, 0x00, 0x00, 0x18, 0x00, 0x00, 0x18,
    0x00, 0x00, 0x18, 0x00, 0x07, 0xF8, 0x00, 0x03, 0xF8, 0x00, 0x00, 0x00, 0x00, 0x00, 0x00, 0x00,
    0x0C, 0x00, 0x00, 0x0C, 0x00, 0x00, 0x0C, 0x3F, 0xFF, 0x0C, 0x7F, 0xFF, 0x0C, 0x00, 0x60, 0xFF,
    0xC0, 0x60, 0xFF, 0xC0, 0x60, 0x0C, 0x00, 0x60, 0x0C, 0x00, 0x60, 0x0C, 0x00, 0x60, 0x0C, 0x00,
    0x60, 0x0F, 0xC0, 0x60, 0x3F, 0xC0, 0x60, 0xFF, 0x00, 0x60, 0xFC, 0x00, 0x60, 0x0C, 0x00, 0x60,
    0x0C, 0x00, 0x60, 0x0C, 0x00, 0x60, 0x0C, 0x00, 0x60, 0x0C, 0x00, 0x60, 0x0C, 0x00, 0x60, 0x7C,
    0x0F, 0xE0, 0x7C, 0x0F, 0xE0, 0x00, 0x00, 0x00, 0x0C, 0x00, 0x00, 0x30, 0x00, 0x00, 0xC7, 0xFF,
    0xC3, 0x1F, 0xFF, 0x0C, 0x3F, 0xFF, 0xFF, 0x00, 0x3F, 0xF8, 0x00, 0xC3, 0x00, 0x03, 0x0C, 0x00,
    0x0C, 0x30, 0x00, 0x30, 0xC3, 0xFF, 0xC3, 0xFF, 0xFF, 0xFF, 0xC0, 0x0F, 0xF8, 0x00, 0x3E, 0xC0,
    0x00, 0xC3, 0x00, 0x03, 0x0C, 0x00, 0x0C, 0x30, 0x00, 0x30, 0xC0, 0x00, 0xC3, 0x1F, 0xFF, 0x0C,
    0x7F, 0xFD, 0xF0, 0x00, 0x37, 0xC0, 0x00, 0xC0, 0x00, 0x00, 0x00, 0x00, 0x00, 0x0C, 0x06, 0x40,
    0x0C, 0x06, 0xF0, 0x0C, 0x06, 0x78, 0x0C, 0x06, 0x38, 0x0C, 0x06, 0x18, 0xFF, 0x87, 0x06, 0xFF,
    0x9F, 0xFE, 0x0C, 0x7F, 0xFE, 0x0C, 0x7F, 0x80, 0x0C, 0x07, 0x08, 0x0C, 0x03, 0x1C, 0x0F, 0x83,
    0x1C, 0x3F, 0x83, 0xB8, 0xFE, 0x03, 0xF8, 0xFC, 0x03, 0xF0, 0x0C, 0x01, 0xE0, 0x0C, 0x01, 0xC0,
    0x0C, 0x07, 0xC3, 0x0C, 0x0F, 0xE3, 0x0C, 0x3E, 0xE3, 0x0C, 0xFC, 0x7F, 0x7C, 0x70, 0x3E, 0x7C,
    0x00, 0x1E, 0x00, 0x02, 0x00, 0x0C, 0x07, 0x00, 0x0C, 0x07, 0x00, 0x0C, 0x03, 0x80, 0x0C, 0x03,
    0x80, 0x0C, 0x7F, 0xFF, 0xFF, 0xFF, 0xFF, 0xFF, 0xFF, 0xFE, 0x0C, 0x00, 0x00, 0x0C, 0x00, 0x00,
    0x0C, 0x1F, 0xF0, 0x0C, 0x1F, 0xF0, 0x0D, 0x98, 0x70, 0x1F, 0x98, 0x70, 0xFF, 0x18, 0x70, 0xFC,
    0x18, 0x70, 0x0C, 0x38, 0x70, 0x0C, 0x38, 0x70, 0x0C, 0x38, 0x76, 0x0C, 0x30, 0x77, 0x0C, 0x70,
    0x77, 0x0C, 0xF0, 0x77, 0x7D, 0xE0, 0x7E, 0x7C, 0xC0, 0x3E, 0x00, 0x00, 0x00, 0x0C, 0x00, 0x00,
    0x0C, 0x7F, 0xFC, 0x0C, 0x7F, 0xFC, 0x0C, 0x70, 0x0C, 0x0C, 0x70, 0x1C, 0xFF, 0xF0, 0x1C, 0xFF,
    0xF3, 0xFC, 0x0C, 0x71, 0xF8, 0x0C, 0x70, 0x00, 0x0C, 0x7F, 0xFE, 0x0C, 0x7F, 0xFE, 0x0F, 0xFE,
    0x0E, 0x7F, 0xF6, 0x0C, 0xFE, 0x77, 0x1C, 0xFC, 0x73, 0x9C, 0x0C, 0x73, 0xB8, 0x0C, 0x71, 0xF8,
    0x0C, 0x70, 0xF0, 0x0C, 0x70, 0xF0, 0x0C, 0x71, 0xF8, 0x0C, 0x77, 0xBE, 0xFC, 0x7F, 0x1F, 0xFC,
    0x7E, 0x06, 0x00, 0x00, 0x00, 0x00, 0x00, 0x00, 0x0C, 0x0C, 0x60, 0x0C, 0x0C, 0xF8, 0x0C, 0x0C,
    0x3C, 0x0C, 0x0C, 0x1C, 0x0C, 0xFF, 0xFE, 0xFF, 0xFF, 0xFF, 0xFF, 0xFF, 0xFF, 0x0C, 0x1C, 0x00,
    0x0C, 0x1C, 0x00, 0x0C, 0x1F, 0xFC, 0x0C, 0x9F, 0xFC, 0x0F, 0x9C, 0x1C, 0x7F, 0x9C, 0x18, 0xFE,
    0x1E, 0x18, 0xFC, 0x3E, 0x38, 0x0C, 0x3F, 0x70, 0x0C, 0x33, 0xF0, 0x0C, 0x71, 0xE0, 0x0C, 0x71,
    0xE0, 0x0C, 0xE3, 0xF0, 0x0D, 0xEF, 0xFC, 0x7F, 0xDE, 0x1F, 0x7D, 0x9C, 0x0E, 0x00, 0x00, 0x00,
    0x0C, 0x00, 0x00, 0x0C, 0x7F, 0xFC, 0x0C, 0x7F, 0xFC, 0x0C, 0x1C, 0x1C, 0x0C, 0x0E, 0x38, 0x7F,
    0x8F, 0x70, 0x7F, 0x87, 0xE0, 0x0C, 0x03, 0xC0, 0x0C, 0x0F, 0xF0, 0x0C, 0x7E, 0x7E, 0x0C, 0xF9,
    0x9F, 0x0F, 0xE1, 0x86, 0x3F, 0x81, 0x80, 0xFE, 0x3F, 0xFC, 0x7C, 0x3F, 0xFC, 0x0C, 0x01, 0x80,
    0x0C, 0x01, 0x80, 0x0C, 0xFF, 0xFF, 0x0C, 0xFF, 0xFF, 0x0C, 0x01, 0x80, 0x0C, 0x01, 0x80, 0x7C,
    0x01, 0x80, 0x7C, 0x01, 0x80, 0x00, 0x00, 0x00, 0x06, 0x00, 0xC0, 0x03, 0x00, 0x60, 0x01, 0x80,
    0x30, 0x00, 0xC7, 0xFF, 0xE0, 0x63, 0xFF, 0xF1, 0xFE, 0x06, 0x00, 0xFF, 0x03, 0x00, 0x0C, 0x01,
    0x80, 0x06, 0x7F, 0xFF, 0x83, 0x3F, 0xFF, 0xC1, 0x80, 0x03, 0x00, 0xF8, 0x01, 0x80, 0xFC, 0x00,
    0xC3, 0xFD, 0xFF, 0xFD, 0xF8, 0xFF, 0xFE, 0x4C, 0x18, 0x18, 0x06, 0x0C, 0x0C, 0x03, 0x07, 0x06,
    0x01, 0x81, 0xC3, 0x00, 0xC0, 0x61, 0x80, 0x60, 0x20, 0xC1, 0xF0, 0x07, 0xE0, 0xF8, 0x03, 0xF0,
    0x00, 0x00, 0x00, 0x00, 0x00, 0x00, 0x00, 0x0C, 0x30, 0x00, 0x0C, 0x30, 0x18, 0x0C, 0x30, 0xFC,
    0x0C, 0x3F, 0xF8, 0x0C, 0x3F, 0xC0, 0xFF, 0xB8, 0x06, 0xFF, 0xB0, 0x07, 0x0C, 0x30, 0x06, 0x0C,
    0x3F, 0xFE, 0x0C, 0x3F, 0xFE, 0x0C, 0x00, 0x00, 0x0F, 0x80, 0x00, 0x7F, 0xBF, 0xFE, 0xFE, 0x3F,
    0xFE, 0xFC, 0x30, 0x0E, 0x0C, 0x30, 0x0E, 0x0C, 0x3F, 0xFE, 0x0C, 0x3F, 0xFE, 0x0C, 0x30, 0x0E,
    0x0C, 0x30, 0x0E, 0x0C, 0x3F, 0xFE, 0x7C, 0x3F, 0xFE, 0x7C, 0x30, 0x0E, 0x00, 0x00, 0x00, 0x00,
    0x00, 0x00, 0x0C, 0x03, 0x80, 0x0C, 0x01, 0xC0, 0x0C, 0x01, 0xC0, 0x0C, 0x7F, 0xFF, 0x0C, 0x7F,
    0xFF, 0xFF, 0xF0, 0x07, 0xFF, 0xF3, 0x87, 0x0C, 0x73, 0x07, 0x0C, 0x07, 0x00, 0x0C, 0x7F, 0xFF,
    0x0C, 0x7F, 0xFF, 0x0C, 0xFF, 0xFF, 0x0F, 0x8C, 0x18, 0x3F, 0x9C, 0x38, 0xFE, 0x18, 0x38, 0xFC,
    0x3E, 0x30, 0x0C, 0x1F, 0xF0, 0x0C, 0x07, 0xE0, 0x0C, 0x01, 0xF0, 0x0C, 0x07, 0xFC, 0x0C, 0x1F,
    0x3E, 0x7C, 0x7E, 0x0F, 0x7C, 0x78, 0x06, 0x00, 0x00, 0x00, 0x0C, 0x00, 0x00, 0x06, 0x3F, 0xFF,
    0x03, 0x1F, 0xFF, 0x81, 0x8C, 0x00, 0xC0, 0xC6, 0x70, 0x63, 0xFF, 0x38, 0x31, 0xFE, 0x1C, 0x00,
    0x18, 0x7F, 0xF8, 0x0C, 0x3F, 0xFC, 0x06, 0x06, 0x60, 0x03, 0x07, 0x30, 0x01, 0xF3, 0x18, 0x03,
    0xFB, 0xFF, 0xE3, 0xF1, 0xFF, 0xF1, 0xF0, 0x03, 0x00, 0x18, 0x01, 0x80, 0x0C, 0x00, 0xC0, 0x06,
    0x7F, 0xFF, 0x83, 0x3F, 0xFF, 0xC1, 0x80, 0x18, 0x00, 0xC0, 0x0C, 0x03, 0xE0, 0x06, 0x00, 0xF0,
    0x03, 0x00, 0x00, 0x00, 0x00, 0x06, 0x03, 0x00, 0x03, 0x03, 0x80, 0x01, 0x81, 0xFF, 0x00, 0xC1,
    0xFF, 0xC0, 0x61, 0xC1, 0xC1, 0xFF, 0xE1, 0xC0, 0xFF, 0xFF, 0xF8, 0x0C, 0x7F, 0xFC, 0x06, 0x18,
    0xC6, 0x03, 0x0C, 0x63, 0x01, 0x86, 0x31, 0x80, 0xFB, 0x18, 0xC0, 0xFD, 0x8C, 0x61, 0xFC, 0xCE,
    0x30, 0xF9, 0xFF, 0xFE, 0x4C, 0xFF, 0xFF, 0x06, 0x03, 0xE0, 0x03, 0x01, 0xF8, 0x01, 0x81, 0xCE,
    0x00, 0xC3, 0xC7, 0x80, 0x63, 0xC1, 0xF1, 0xF7, 0xC0, 0x3C, 0x7B, 0x80, 0x0E, 0x00, 0x00, 0x00,
    0x00, 0x0C, 0x00, 0x00, 0x0C, 0x3F, 0xFE, 0x0C, 0x3F, 0xFE, 0x0C, 0x30, 0x06, 0x0C, 0x30, 0x06,
    0x7F, 0xBF, 0xFE, 0x7F, 0xBF, 0xFE, 0x0C, 0x3F, 0xFE, 0x0C, 0x30, 0xC0, 0x0C, 0x30, 0xC0, 0x0C,
    0x3F, 0xFF, 0x0F, 0xBF, 0xFF, 0x3F, 0xB0, 0xC0, 0xFF, 0x70, 0xC0, 0x7C, 0x70, 0xC0, 0x0C, 0x7F,
    0xFE, 0x0C, 0x7F, 0xFE, 0x0C, 0x6C, 0x06, 0x0C, 0xEC, 0x06, 0x0C, 0xEC, 0x06, 0x0C, 0xCF, 0xFE,
    0x7D, 0xCF, 0xFE, 0x7D, 0x8C, 0x06, 0x00, 0x00, 0x00, 0x0C, 0x06, 0x60, 0x0C, 0x06, 0x60, 0x0C,
    0x06, 0x60, 0x0C, 0x06, 0x60, 0x0C, 0x7E, 0x7E, 0x7F, 0xFE, 0x7E, 0x7F, 0x86, 0x60, 0x0C, 0x06,
    0x60, 0x0C, 0x06, 0x60, 0x0C, 0x7E, 0x7E, 0x0C, 0x7E, 0x7E, 0x0F, 0x86, 0x60, 0x3F, 0x86, 0x60,
    0xFF, 0x06, 0x60, 0x7C, 0x06, 0x60, 0x4C, 0x7E, 0x7F, 0x0C, 0x7E, 0x7F, 0x0C, 0x06, 0x60, 0x0C,
    0x06, 0x60, 0x0C, 0x06, 0x60, 0x0C, 0x06, 0x60, 0x7C, 0x06, 0x60, 0x3C, 0x06, 0x60, 0x00, 0x00,
    0x00, 0x0C, 0x03, 0x00, 0x0C, 0x03, 0x80, 0x0C, 0x7F, 0xFE, 0x0C, 0x7F, 0xFE, 0x0C, 0x3F, 0xFE,
    0x7F, 0x9C, 0x38, 0x7F, 0x8C, 0x30, 0x0C, 0x0E, 0x70, 0x0C, 0xFF, 0xFF, 0x0C, 0xFF, 0xFF, 0x0C,
    0x03, 0x00, 0x0F, 0x07, 0x00, 0x3F, 0x86, 0x00, 0xFF, 0xFF, 0xFF, 0x7C, 0xFF, 0xFF, 0x0C, 0x1C,
    0x38, 0x0C, 0x38, 0x38, 0x0C, 0x3E, 0x70, 0x0C, 0x1F, 0xE0, 0x0C, 0x03, 0xF0, 0x0C, 0x1F, 0xFC,
    0x7C, 0xFF, 0x1E, 0x7C, 0xF8, 0x0E, 0x00, 0x00, 0x00, 0x0C, 0x03, 0x80, 0x0C, 0x03, 0x80, 0x0C,
    0x01, 0xC0, 0x0C, 0x7F, 0xFF, 0x0C, 0x7F, 0xFF, 0x7F, 0xE0, 0x03, 0x7F, 0xE6, 0x23, 0x0C, 0x6E,
    0x73, 0x0C, 0x1E, 0x3C, 0x0C, 0x3C, 0x1E, 0x0C, 0x70, 0x0E, 0x0F, 0xA0, 0x06, 0x3F, 0xBF, 0xFC,
    0xFE, 0x3F, 0xFC, 0x7C, 0x01, 0x80, 0x0C, 0x01, 0x80, 0x0C, 0x01, 0x80, 0x0C, 0x01, 0x80, 0x0C,
    0x01, 0x80, 0x0C, 0x01, 0x80, 0x0C, 0xFF, 0xFF, 0x7C, 0xFF, 0xFF, 0x7C, 0x00, 0x00, 0x0C, 0x0C,
    0xC0, 0x06, 0x06, 0x70, 0x03, 0x07, 0x1C, 0x01, 0x83, 0x0E, 0x00, 0xC3, 0xFF, 0xF3, 0xFD, 0xFF,
    0xF9, 0xFF, 0xFF, 0xFC, 0x19, 0xF0, 0xC0, 0x0C, 0xF8, 0x60, 0x06, 0xFF, 0xFF, 0x83, 0x3F, 0xFF,
    0xC1, 0xF7, 0x0C, 0x03, 0xFB, 0x86, 0x07, 0xF1, 0xC3, 0x01, 0xF0, 0xFF, 0xFC, 0x18, 0x7F, 0xFE,
    0x0C, 0x38, 0x60, 0x06, 0x1C, 0x30, 0x03, 0x0E, 0x18, 0x01, 0x87, 0xFF, 0xE0, 0xC3, 0xFF, 0xF3,
    0xE1, 0xC0, 0x01, 0xF0, 0xE0, 0x00, 0x00, 0x00, 0x00, 0x0C, 0x0C, 0x18, 0x06, 0x06, 0x0C, 0x03,
    0x03, 0x06, 0x01, 0x8F, 0xFF, 0xE0, 0xC7, 0xFF, 0xFB, 0xFF, 0xFF, 0xF9, 0xFE, 0x30, 0x60, 0x18,
    0x18, 0x30, 0x0C, 0x0C, 0x18, 0x06, 0x1F, 0xFF, 0x03, 0x2F, 0xFF, 0x81, 0xF6, 0x30, 0xC3, 0xFB,
    0x18, 0x67, 0xF1, 0x8C, 0x31, 0xF0, 0xC6, 0x18, 0x98, 0x7F, 0xFC, 0x0C, 0x3F, 0xFE, 0x06, 0x18,
    0xC3, 0x03, 0x0C, 0x61, 0x81, 0x86, 0x30, 0xC0, 0xC3, 0xFF, 0xE3, 0xE1, 0xFF, 0xF1, 0xF0, 0xC0,
    0x18, 0x00, 0x00, 0x00, 0x0C, 0x3F, 0xFC, 0x06, 0x1F, 0xFE, 0x03, 0x0F, 0xFF, 0x01, 0x86, 0x01,
    0x87, 0xF3, 0xFF, 0xC3, 0xFD, 0xFF, 0xE1, 0xFE, 0xC0, 0x30, 0x18, 0x7F, 0xF8, 0x0C, 0x3F, 0xFC,
    0x06, 0x00, 0x00, 0x03, 0x3F, 0xFF, 0xC1, 0xFF, 0xFF, 0xE3, 0xF8, 0x18, 0x07, 0xF1, 0xCC, 0x01,
    0xF0, 0xE6, 0x00, 0x18, 0x73, 0xFC, 0x0C, 0x31, 0xFE, 0x06, 0x1C, 0xC0, 0x03, 0x1E, 0x60, 0x01,
    0x8F, 0xB0, 0x00, 0xCE, 0xF8, 0x03, 0xEE, 0x3F, 0xF9, 0xF6, 0x0F, 0xFC, 0x00, 0x00, 0x00, 0x00,
    0x00, 0x00, 0x0C, 0x00, 0x7C, 0x0C, 0x3F, 0xFE, 0x0C, 0x3F, 0xF0, 0x0C, 0x01, 0x80, 0x0C, 0x01,
    0x80, 0x7F, 0x81, 0x80, 0x7F, 0xFF, 0xFF, 0x0C, 0xFF, 0xFF, 0x0C, 0x01, 0x80, 0x0C, 0x0F, 0x80,
    0x0C, 0x3F, 0xBE, 0x0F, 0xBD, 0xBE, 0x3F, 0xB1, 0x86, 0x7F, 0x31, 0x86, 0x7C, 0x31, 0x86, 0x0C,
    0x3F, 0xBE, 0x0C, 0x3F, 0xBE, 0x0C, 0x31, 0x86, 0x0C, 0x31, 0x86, 0x0C, 0x31, 0x86, 0x0C, 0x3F,
    0xFE, 0x3C, 0x3F, 0xFE, 0x3C, 0x30, 0x06, 0x00, 0x00, 0x00, 0x00, 0x00, 0x00, 0x06, 0x00, 0xC0,
    0x03, 0x03, 0xE0, 0x01, 0x87, 0xF7, 0xC0, 0xC3, 0x9B, 0xE0, 0x61, 0x8C, 0x31, 0xFE, 0xC6, 0x18,
    0xFF, 0x7F, 0x7C, 0x0C, 0x3F, 0xBE, 0x06, 0x18, 0xC3, 0x03, 0x0C, 0x61, 0x81, 0x87, 0xFF, 0xC0,
    0xFB, 0xFF, 0xE0, 0xFC, 0x0C, 0x01, 0xF8, 0x06, 0x00, 0xF8, 0xFF, 0xFC, 0x4C, 0x7F, 0xFE, 0x06,
    0x0E, 0x0E, 0x03, 0x03, 0x8E, 0x01, 0x80, 0xFE, 0x00, 0xC0, 0x3E, 0x00, 0x60, 0xFF, 0xC1, 0xF3,
    0xFD, 0xFC, 0x79, 0xF0, 0x1E, 0x00, 0x00, 0x00, 0x00, 0x00, 0x00, 0x00, 0x0C, 0x03, 0x80, 0x0C,
    0x01, 0x80, 0x0C, 0x7F, 0xFF, 0x0C, 0x7F, 0xFF, 0x0C, 0x1C, 0x38, 0x7F, 0x8C, 0x38, 0x7F, 0xFF,
    0xFE, 0x0C, 0x7F, 0xFE, 0x0C, 0x7F, 0xFE, 0x0C, 0x61, 0x86, 0x0C, 0x6F, 0xF6, 0x0F, 0xFF, 0xFE,
    0x3F, 0xE1, 0x86, 0xFF, 0x61, 0x86, 0x7C, 0x6F, 0xF6, 0x0C, 0x6F, 0xF6, 0x0C, 0x6C, 0x36, 0x0C,
    0x6C, 0x36, 0x0C, 0x6F, 0xF6, 0x0C, 0x6F, 0xE6, 0x0C, 0x64, 0x06, 0x7C, 0x60, 0x3E, 0x7C, 0x60,
    0x3E, 0x00, 0x00, 0x00, 0x0C, 0x00, 0x00, 0x06, 0x0F, 0xFC, 0x03, 0x07, 0xFE, 0x01, 0x83, 0x03,
    0x00, 0xC1, 0x81, 0x83, 0xFC, 0xFF, 0xC1, 0xFE, 0x7F, 0xE0, 0x18, 0xFE, 0xFE, 0x0C, 0x7F, 0xFF,
    0x06, 0x33, 0xF3, 0x83, 0x59, 0xF9, 0xC1, 0xFF, 0xFF, 0xE3, 0xFF, 0xFF, 0xF3, 0xF3, 0xFF, 0xF9,
    0xF0, 0x06, 0x00, 0x19, 0xFF, 0xFE, 0x0C, 0xFF, 0xFF, 0x06, 0x03, 0xF0, 0x03, 0x07, 0xFE, 0x01,
    0x87, 0xB7, 0x80, 0xCF, 0x99, 0xF1, 0xEF, 0x0C, 0x38, 0xF2, 0x06, 0x00, 0x00, 0x00, 0x00, 0x01,
    0x87, 0x00, 0x01, 0x87, 0x00, 0x61, 0x86, 0x00, 0x61, 0x8E, 0x00, 0x61, 0x8E, 0x00, 0x61, 0x8F,
    0xFE, 0x61, 0x9F, 0xFE, 0x61, 0x9C, 0x18, 0x61, 0xBC, 0x38, 0x61, 0xBE, 0x38, 0x61, 0xFE, 0x38,
    0x61, 0xF6, 0x30, 0x61, 0xA7, 0x70, 0x61, 0x83, 0x70, 0x67, 0x83, 0xE0, 0x7F, 0x81, 0xE0, 0xFF,
    0x81, 0xC0, 0xF1, 0x83, 0xE0, 0x41, 0x87, 0xF0, 0x01, 0x8F, 0x78, 0x01, 0x9E, 0x3C, 0x01, 0xBC,
    0x1E, 0x01, 0xB0, 0x06, 0x00, 0x03, 0x00, 0x00, 0x07, 0x00, 0x7F, 0xC7, 0x00, 0x7F, 0xC7, 0x00,
    0x7F, 0xC6, 0x00, 0x00, 0xCF, 0xFE, 0x00, 0xCF, 0xFE, 0x00, 0xCC, 0x18, 0x00, 0xDE, 0x18, 0x00,
    0xDE, 0x38, 0x7F, 0xFE, 0x38, 0x7F, 0xFE, 0x38, 0x70, 0x37, 0x30, 0x70, 0x03, 0x70, 0x70, 0x03,
    0xF0, 0x70, 0x03, 0xE0, 0x70, 0x01, 0xE0, 0x70, 0xC1, 0xC0, 0x73, 0xC3, 0xE0, 0x7F, 0xC7, 0xF0,
    0x7F, 0x0F, 0x78, 0xF8, 0x1E, 0x3C, 0x60, 0x7C, 0x1E, 0x00, 0x30, 0x0E, 0x00, 0x00, 0x00, 0x06,
    0x01, 0x80, 0x03, 0x80, 0xC0, 0x00, 0xC0, 0xE0, 0x00, 0x60, 0x70, 0x07, 0xFF, 0xB8, 0x03, 0xFF,
    0xDF, 0xF9, 0xFF, 0xDF, 0xFC, 0x18, 0x0E, 0x18, 0x0C, 0x0F, 0x0C, 0x07, 0xF7, 0x8E, 0x03, 0xFF,
    0xE7, 0x01, 0x8F, 0xB3, 0x80, 0xC6, 0x99, 0x80, 0x63, 0x0F, 0xC0, 0x71, 0x87, 0xC0, 0x38, 0xC1,
    0xE0, 0x1C, 0x60, 0xF0, 0x0E, 0x30, 0x78, 0x0E, 0x18, 0x7E, 0x07, 0x1C, 0x77, 0x87, 0x0E, 0xF9,
    0xE7, 0xBF, 0xF0, 0x79, 0x9F, 0x70, 0x1C, 0x00, 0x00, 0x00, 0x04, 0x01, 0x80, 0x0E, 0x01, 0x80,
    0x07, 0x01, 0x80, 0x07, 0x03, 0x80, 0xFF, 0xF3, 0x80, 0xFF, 0xF3, 0xFE, 0x10, 0x83, 0xFE, 0x19,
    0xC7, 0x1C, 0x38, 0xE6, 0x1C, 0x30, 0x6F, 0x1C, 0x70, 0x7F, 0x18, 0xE1, 0xFF, 0x38, 0xF9, 0x9F,
    0x38, 0x1F, 0x8B, 0xB0, 0x0F, 0x81, 0xF0, 0x07, 0x01, 0xF0, 0x07, 0x81, 0xE0, 0x0F, 0xC0, 0xE0,
    0x1F, 0xC1, 0xF0, 0x3C, 0xE3, 0xF0, 0x78, 0x67, 0x38, 0xF0, 0x1E, 0x1E, 0xE0, 0x3C, 0x0E, 0x00,
    0x18, 0x06, 0x00, 0x00, 0x00, 0x03, 0x31, 0x80, 0x33, 0x39, 0x80, 0x3B, 0x71, 0x80, 0x1B, 0x63,
    0x80, 0x7F, 0xFB, 0x80, 0x7F, 0xFB, 0xFF, 0x7F, 0xFB, 0xFF, 0x0F, 0xE7, 0x1C, 0x1F, 0xF7, 0x9C,
    0x7B, 0x3F, 0x9C, 0x73, 0x0F, 0x98, 0x46, 0x0D, 0x98, 0x06, 0x05, 0xF8, 0x7F, 0xF0, 0xF8, 0x7F,
    0xF0, 0xF0, 0x1C, 0x70, 0xF0, 0x38, 0xE0, 0xF0, 0x3F, 0xE0, 0xF0, 0x0F, 0xC1, 0xF8, 0x07, 0xE3,
    0x9C, 0x1F, 0xEF, 0x1E, 0x7C, 0x1E, 0x0F, 0x70, 0x1C, 0x02, 0x00, 0x00, 0x00, 0x03, 0x01, 0xC0,
    0x3F, 0xFC, 0xE0, 0x1F, 0xFE, 0x7F, 0xC0, 0x60, 0x7F, 0xE3, 0xFF, 0x78, 0xE1, 0xFF, 0xBC, 0x60,
    0xCC, 0xFF, 0x70, 0x7F, 0xED, 0xF0, 0x3F, 0xF0, 0xF8, 0x03, 0xE0, 0x38, 0x07, 0xFC, 0x7E, 0x07,
    0x66, 0xFB, 0xC7, 0x30, 0xF0, 0xF1, 0xFF, 0xFF, 0xF0, 0xFF, 0xFF, 0xF8, 0x00, 0x38, 0x00, 0x06,
    0x1C, 0x00, 0x03, 0x0F, 0xFC, 0x01, 0x87, 0xFE, 0x00, 0xC3, 0x80, 0x00, 0x61, 0xC0, 0x03, 0xFF,
    0xFF, 0xF9, 0xFF, 0xFF, 0xFC, 0x00, 0x10, 0x00, 0x00, 0x38, 0x00, 0x00, 0x38, 0x00, 0x00, 0x1C,
    0x00, 0x00, 0x1C, 0x00, 0xFF, 0xFF, 0xFE, 0xFF, 0xFF, 0xFE, 0x0E, 0x00, 0xE0, 0x06, 0x00, 0xE0,
    0x07, 0x01, 0xC0, 0x03, 0x01, 0xC0, 0x03, 0x83, 0x80, 0x01, 0xC3, 0x80, 0x01, 0xE7, 0x00, 0x00,
    0xEF, 0x00, 0x00, 0x7E, 0x00, 0x00, 0x3C, 0x00, 0x00, 0x7E, 0x00, 0x01, 0xFF, 0x00, 0x07, 0xE7,
    0xC0, 0x1F, 0x83, 0xF0, 0xFE, 0x00, 0xFE, 0xF8, 0x00, 0x3E, 0x60, 0x00, 0x06, 0x01, 0x80, 0x18,
    0x03, 0x80, 0x18, 0x07, 0xE3, 0x98, 0x0E, 0xF3, 0xD8, 0x1E, 0x79, 0xF8, 0x78, 0x1C, 0xF8, 0xFF,
    0xF8, 0x18, 0xFF, 0xF0, 0x18, 0x03, 0x07, 0x18, 0x03, 0x07, 0x98, 0x03, 0x03, 0xD8, 0x7F, 0xF9,
    0xD8, 0x7F, 0xF8, 0x98, 0x03, 0x00, 0x1A, 0x13, 0x20, 0x3F, 0x3B, 0x77, 0xFF, 0x3B, 0x3F, 0xF8,
    0x33, 0x3F, 0x18, 0x73, 0x18, 0x18, 0x63, 0x18, 0x18, 0x63, 0x00, 0x18, 0x1F, 0x00, 0x18, 0x1F,
    0x00, 0x18, 0x00, 0x00, 0x00, 0x03, 0x00, 0x1D, 0x86, 0xC3, 0xFB, 0x6D, 0xBF, 0xC6, 0xDB, 0x7C,
    0x0D, 0xBE, 0xC0, 0x1B, 0x79, 0x80, 0x32, 0xF3, 0x00, 0x7F, 0xFE, 0x00, 0xFF, 0xFF, 0xFF, 0x8E,
    0x1F, 0xFF, 0x1E, 0x30, 0xC6, 0x7E, 0x61, 0x8C, 0xFE, 0xC3, 0x1B, 0x6D, 0x86, 0x3E, 0xCB, 0x0C,
    0x79, 0x86, 0x18, 0xE3, 0x0C, 0x31, 0x86, 0x38, 0x63, 0x00, 0x70, 0xC7, 0xFF, 0xC1, 0x8F, 0xFF,
    0x83, 0x00, 0x07, 0x06, 0x00, 0x0C, 0x0C, 0x00, 0x00, 0x00, 0x00, 0x00, 0x00, 0x06, 0x00, 0x1C,
    0x07, 0x01, 0xFE, 0x7F, 0xF7, 0xF8, 0x7F, 0xF7, 0x80, 0x38, 0xE6, 0x00, 0x18, 0xE6, 0x00, 0x18,
    0xC6, 0x00, 0x19, 0xC6, 0x00, 0xFF, 0xF7, 0xFF, 0xFF, 0xF7, 0xFF, 0x07, 0x06, 0x18, 0x07, 0x06,
    0x18, 0xFF, 0xF6, 0x18, 0xFF, 0xF6, 0x18, 0x07, 0x06, 0x18, 0x3F, 0xE6, 0x18, 0x37, 0x6E, 0x18,
    0x77, 0x7E, 0x18, 0xE7, 0x3E, 0x18, 0xE7, 0x3C, 0x18, 0x47, 0x1C, 0x18, 0x1F, 0x18, 0x18, 0x0E,
    0x18, 0x18, 0x00, 0x00, 0x00, 0x00, 0x70, 0x00, 0x00, 0x70, 0x00, 0x00, 0xE0, 0x00, 0x00, 0xC0,
    0x0F, 0xFF, 0xFF, 0xDF, 0xFF, 0xFF, 0x80, 0x60, 0x00, 0x01, 0xC0, 0x00, 0x03, 0x80, 0x00, 0x07,
    0x00, 0x00, 0x0F, 0xFF, 0xC0, 0x1F, 0xFF, 0x80, 0x38, 0x07, 0x00, 0x60, 0x0E, 0x01, 0xC0, 0x18,
    0x03, 0x80, 0x30, 0x0E, 0x00, 0xE0, 0x1C, 0x01, 0xC0, 0x70, 0x03, 0x81, 0xE0, 0x07, 0x07, 0x80,
    0x1E, 0x1E, 0x07, 0xF8, 0x38, 0x0F, 0xE0, 0x00, 0x00, 0x00, 0x3F, 0xFF, 0xFE, 0x3F, 0xFF, 0xFE,
    0x1F, 0xFF, 0xFC, 0x00, 0x18, 0x00, 0x00, 0x18, 0x00, 0x00, 0x18, 0x00, 0x00, 0x38, 0x00, 0x00,
    0x38, 0x00, 0x7F, 0xFF, 0xFF, 0x7F, 0xFF, 0xFF, 0x00, 0x3E, 0x00, 0x00, 0x7E, 0x00, 0x00, 0x7E,
    0x00, 0x00, 0xEE, 0x00, 0x00, 0xEE, 0x00, 0x01, 0xCE, 0x02, 0x03, 0xCE, 0x03, 0x07, 0x8E, 0x07,
    0x1F, 0x0E, 0x07, 0x7E, 0x07, 0xFF, 0x78, 0x07, 0xFE, 0x20, 0x00, 0x00, 0xFF, 0xFF, 0xFF, 0xFF,
    0xFE, 0x00, 0x1F, 0x80, 0x07, 0xE0, 0x01, 0xF8, 0x00, 0x7E, 0x00, 0x1F, 0x80, 0x07, 0xFF, 0xFF,
    0xFF, 0xFF, 0xFE, 0x00, 0x1F, 0x80, 0x07, 0xE0, 0x01, 0xF8, 0x00, 0x7E, 0x00, 0x1F, 0x80, 0x07,
    0xE0, 0x01, 0xFF, 0xFF, 0xFF, 0xFF, 0xFF, 0x80, 0x07, 0xE0, 0x01, 0xC0, 0x1F, 0xFF, 0xF0, 0x1F,
    0xFF, 0xF0, 0x18, 0x00, 0x30, 0x18, 0x00, 0x30, 0x1F, 0xFF, 0xF0, 0x1F, 0xFF, 0xF0, 0x18, 0x00,
    0x30, 0x18, 0x00, 0x30, 0x1F, 0xFF, 0xF0, 0x1F, 0xFF, 0xF0, 0x1F, 0xFF, 0xF0, 0x00, 0x18, 0x00,
    0x00, 0x18, 0x00, 0x00, 0x18, 0x00, 0xFF, 0xFF, 0xFF, 0xFF, 0xFF, 0xFF, 0x00, 0x18, 0x00, 0x00,
    0x18, 0x00, 0x00, 0x18, 0x00, 0x00, 0x18, 0x00, 0x00, 0x18, 0x00, 0x00, 0x18, 0x00, 0x00, 0x00,
    0x60, 0x00, 0x00, 0xC3, 0xFC, 0x01, 0x87, 0xF8, 0x03, 0x0C, 0x30, 0x06, 0x18, 0x6F, 0xFF, 0xB0,
    0xDF, 0xFF, 0x61, 0x80, 0x30, 0xC3, 0x00, 0x61, 0xFE, 0x60, 0xC3, 0xFC, 0xE1, 0x86, 0x18, 0xE3,
    0x0C, 0x31, 0xC6, 0x18, 0x61, 0xCC, 0x30, 0xC1, 0x98, 0x61, 0x82, 0x30, 0xFF, 0x00, 0x61, 0xFE,
    0x00, 0xC3, 0x00, 0x01, 0x86, 0x00, 0x03, 0x00, 0x00, 0x06, 0x00, 0x01, 0xFC, 0x00, 0x03, 0xF8,
    0x00, 0x00, 0x00, 0x00, 0x1F, 0xFC, 0xFF, 0x3F, 0xFD, 0xFE, 0x7F, 0xFB, 0x0C, 0xC0, 0x76, 0x19,
    0x80, 0xEC, 0x33, 0x01, 0xD8, 0x66, 0x03, 0xB0, 0xCF, 0xFF, 0x7F, 0x9F, 0xFE, 0xFF, 0x30, 0x1D,
    0x86, 0x60, 0x3B, 0x0C, 0xC0, 0x76, 0x19, 0x80, 0xEC, 0x33, 0xFF, 0xD8, 0x6F, 0xFF, 0xBF, 0xDF,
    0xFF, 0x7F, 0xB8, 0x0E, 0xC0, 0x60, 0x1D, 0x81, 0xC0, 0x3B, 0x07, 0x00, 0x70, 0x0E, 0x00, 0xE0,
    0x38, 0x1F, 0x80, 0x60, 0x3F, 0x00, 0x00, 0x00, 0x1F, 0xFF, 0xF0, 0x1F, 0xFF, 0xF0, 0x18, 0x00,
    0x30, 0x1F, 0xFF, 0xF0, 0x1F, 0xFF, 0xF0, 0x18, 0x00, 0x30, 0x1F, 0xFF, 0xF0, 0x1F, 0xFF, 0xF0,
    0x1F, 0xFF, 0xF0, 0x00, 0x00, 0x00, 0xFF, 0xFF, 0xFE, 0xFF, 0xFF, 0xFE, 0x06, 0x18, 0x00, 0x0E,
    0x18, 0x00, 0x0E, 0x1F, 0xFC, 0x0E, 0x1F, 0xFC, 0x1E, 0x18, 0x00, 0x1F, 0x18, 0x00, 0x3F, 0x98,
    0x00, 0x7B, 0xF8, 0x00, 0xF1, 0xFF, 0xFF, 0xE0, 0x7F, 0xFE, 0x40, 0x00, 0x00, 0x1F, 0xFF, 0xF0,
    0x3F, 0xFF, 0xE0, 0x60, 0x00, 0xC0, 0xC0, 0x01, 0x81, 0xFF, 0xFF, 0x03, 0xFF, 0xFE, 0x06, 0x00,
    0x0C, 0x0C, 0x00, 0x18, 0x1F, 0xFF, 0xF0, 0x3F, 0xFF, 0xE0, 0x00, 0x00, 0x00, 0x06, 0x30, 0x03,
    0x0C, 0x61, 0x87, 0x18, 0xC7, 0x07, 0x31, 0x9C, 0x0E, 0x63, 0x38, 0x0E, 0xC6, 0xE0, 0x19, 0x8D,
    0x80, 0x03, 0x18, 0x07, 0xFF, 0xFF, 0xFF, 0xFF, 0xFF, 0xE0, 0x00, 0x60, 0x00, 0x00, 0xC0, 0x7B,
    0xF1, 0x87, 0xE7, 0xE3, 0x1F, 0x0C, 0xC6, 0x30, 0x19, 0xFF, 0xE0, 0x33, 0xFF, 0xC0, 0x66, 0x31,
    0x80, 0xCC, 0x63, 0xFD, 0xF9, 0xE7, 0xFB, 0xF3, 0xEC, 0xC6, 0x67, 0xD9, 0x8C, 0xDF, 0xF3, 0x19,
    0xBD, 0x66, 0x33, 0xF8, 0xCC, 0x67, 0xB1, 0x98, 0xFF, 0x63, 0x31, 0xFC, 0xCE, 0x63, 0x01, 0x9C,
    0xC6, 0x03, 0x31, 0x80, 0x06, 0xE3, 0x00, 0x0D, 0xC6, 0x00, 0x1B, 0x0C, 0x00, 0x00, 0x00, 0x00,
    0x70, 0x00, 0x01, 0xC0, 0x00, 0x0F, 0xFD, 0xFF, 0x3F, 0xF7, 0xFD, 0xCE, 0x18, 0x36, 0x38, 0x60,
    0xDF, 0xFF, 0x83, 0x7F, 0xFE, 0x0C, 0x1E, 0x18, 0x30, 0xFE, 0x7F, 0xC7, 0x1D, 0xFF, 0x78, 0x30,
    0x01, 0xDF, 0xFF, 0xC0, 0xFF, 0xFF, 0x03, 0x80, 0x0C, 0x0E, 0x00, 0x30, 0x3F, 0xFF, 0xC0, 0xFF,
    0xFF, 0x03, 0x80, 0x0C, 0x0E, 0x00, 0x30, 0x3F, 0xFF, 0xC0, 0xFF, 0xFF, 0x03, 0x80, 0x0C, 0x00,
    0x00, 0x00, 0x00, 0x00, 0x00, 0x1C, 0x00, 0x3B, 0xFF, 0xDF, 0xF7, 0xFF, 0xBF, 0xC7, 0xFF, 0x60,
    0x07, 0x60, 0xC0, 0x1C, 0xC1, 0xFF, 0xFF, 0xFB, 0xFF, 0x7F, 0xF7, 0xFE, 0x06, 0x0C, 0x60, 0x7F,
    0xF8, 0xC7, 0xFF, 0xF1, 0x8F, 0xF0, 0xC3, 0x00, 0x63, 0x86, 0x07, 0xFF, 0xFC, 0x0F, 0xFF, 0xF8,
    0x1F, 0xFF, 0xF0, 0x38, 0x00, 0x60, 0x7F, 0xFF, 0xC0, 0xFF, 0xFF, 0x81, 0xC0, 0x03, 0x03, 0xFF,
    0xFE, 0x07, 0xFF, 0xFC, 0x0E, 0x00, 0x18, 0x00, 0x00, 0x00, 0x7F, 0xFF, 0xFE, 0x7F, 0xFF, 0xFE,
    0x00, 0x18, 0x00, 0x00, 0x18, 0x00, 0x1F, 0xFF, 0xF8, 0x1F, 0xFF, 0xF8, 0x18, 0x18, 0x18, 0x18,
    0x18, 0x18, 0x1F, 0xFF, 0xF8, 0x1F, 0xFF, 0xF8, 0x18, 0x18, 0x18, 0x18, 0x18, 0x18, 0x1F, 0xFF,
    0xF8, 0x1F, 0xFF, 0xF8, 0x0C, 0x38, 0x00, 0x0E, 0x38, 0x00, 0x07, 0x70, 0x00, 0x07, 0xE0, 0x00,
    0x03, 0xF0, 0x00, 0x1F, 0xFF, 0xC0, 0xFF, 0x3F, 0xFF, 0x78, 0x03, 0xFE, 0x00, 0x00, 0x00, 0x00,
    0x00, 0x00, 0x07, 0xFF, 0xFC, 0x03, 0x00, 0x06, 0x01, 0x80, 0x03, 0x00, 0xFF, 0xFF, 0x80, 0x60,
    0x00, 0xC0, 0x30, 0x00, 0x60, 0x1F, 0xFF, 0xF0, 0x07, 0xFF, 0xF8, 0x3F, 0xFF, 0xFF, 0x9F, 0xFF,
    0xFF, 0xC3, 0x86, 0x00, 0x01, 0xC3, 0x00, 0x00, 0xFF, 0xFF, 0xF0, 0x7F, 0xFF, 0xF8, 0x38, 0x66,
    0x1C, 0x1F, 0xF3, 0x9C, 0x0F, 0xF8, 0xFC, 0x07, 0x0E, 0x3E, 0x0F, 0xFF, 0x9E, 0x07, 0xFF, 0xBF,
    0xC3, 0xC1, 0xFC, 0xF8, 0x00, 0xD8, 0x1C, 0x00, 0x00, 0x00, 0x01, 0xC0, 0x00, 0x03, 0x80, 0x00,
    0x06, 0x00, 0x07, 0xFF, 0xFF, 0xEF, 0xFF, 0xFF, 0xC0, 0xE0, 0x00, 0x01, 0xC0, 0x00, 0x07, 0x00,
    0x00, 0x0F, 0xFF, 0xE0, 0x3F, 0xFF, 0xC0, 0xF8, 0x03, 0x83, 0xF0, 0x07, 0x0F, 0xFF, 0xFE, 0x3D,
    0xFF, 0xFC, 0x23, 0x80, 0x38, 0x07, 0x00, 0x70, 0x0F, 0xFF, 0xE0, 0x1F, 0xFF, 0xC0, 0x38, 0x03,
    0x80, 0x70, 0x07, 0x00, 0xE0, 0x0E, 0x01, 0xC1, 0xFC, 0x03, 0x81, 0xF0, 0x3F, 0xCF, 0xFE, 0x3F,
    0xCF, 0xFE, 0x30, 0xCC, 0x0E, 0x30, 0xCC, 0x0E, 0x30, 0xCC, 0x0E, 0x30, 0xCC, 0x7E, 0x3F, 0xCC,
    0x7C, 0x3F, 0xCC, 0x00, 0x30, 0xCF, 0xFE, 0x30, 0xCF, 0xFE, 0x30, 0xCF, 0x0E, 0x30, 0xCF, 0x8E,
    0x3F, 0xCD, 0x8C, 0x3F, 0xCD, 0xDC, 0x30, 0xCC, 0xDC, 0x30, 0xCC, 0xF8, 0x70, 0xCC, 0x70, 0x70,
    0xCC, 0x70, 0x70, 0xCC, 0xF8, 0x60, 0xCD, 0xDE, 0xE7, 0xCF, 0x8F, 0x67, 0xCF, 0x06, 0x00, 0x00,
    0x00, 0x18, 0x30, 0x00, 0x30, 0x67, 0xFC, 0x60, 0xCF, 0xFB, 0xFF, 0xF8, 0x37, 0xFF, 0xF0, 0x63,
    0x06, 0x60, 0xC6, 0x0C, 0xFF, 0x8F, 0xF9, 0xFF, 0x1F, 0xF3, 0xFE, 0x30, 0x66, 0x0C, 0x60, 0xCC,
    0x18, 0xFF, 0x98, 0x31, 0xFF, 0x3F, 0xE3, 0x06, 0x7F, 0xC6, 0x0C, 0xFF, 0xFF, 0xFF, 0x83, 0xFF,
    0xFF, 0x06, 0x18, 0x8E, 0x0C, 0x73, 0x9C, 0x18, 0xE3, 0xB8, 0x33, 0x83, 0xE0, 0x6E, 0x07, 0xC7,
    0xDC, 0x03, 0x8F, 0x80, 0x00, 0x00, 0x00, 0x18, 0x00, 0x00, 0x18, 0x00, 0x00, 0x18, 0x00, 0x00,
    0x18, 0x00, 0x1F, 0xFF, 0xFC, 0x3F, 0xFF, 0xFC, 0x00, 0x18, 0x00, 0x00, 0x18, 0x00, 0x00, 0x18,
    0x00, 0x00, 0x18, 0x00, 0x7F, 0xFF, 0xFE, 0x7F, 0xFF, 0xFE, 0x00, 0x7E, 0x00, 0x00, 0xFF, 0x00,
    0x01, 0xFF, 0x80, 0x03, 0xDB, 0xC0, 0x07, 0x99, 0xE0, 0x0F, 0x18, 0xF0, 0x3E, 0x18, 0x7C, 0x7C,
    0x18, 0x3F, 0xF0, 0x18, 0x0F, 0x60, 0x18, 0x06, 0x00, 0x18, 0x00, 0x00, 0x00, 0x00, 0x00, 0x18,
    0x00, 0x00, 0x18, 0x00, 0x00, 0x18, 0x00, 0x00, 0x18, 0x00, 0x7F, 0xFF, 0xFE, 0x7F, 0xFF, 0xFE,
    0x00, 0x18, 0x00, 0x00, 0x18, 0x00, 0x00, 0x18, 0x00, 0x00, 0x18, 0x00, 0x3F, 0xFF, 0xFC, 0x3F,
    0xFF, 0xFC, 0x00, 0x7E, 0x00, 0x00, 0xFF, 0x00, 0x01, 0xFB, 0x80, 0x03, 0xDB, 0xC0, 0x07, 0x99,
    0xE0, 0x0F, 0x18, 0xF0, 0x3E, 0x18, 0x7C, 0xFC, 0x18, 0x1F, 0x70, 0x18, 0x0F, 0x60, 0x18, 0x02,
    0x00, 0x18, 0x00, 0x00, 0x18, 0x00, 0x00, 0x18, 0x00, 0x00, 0x18, 0x00, 0x00, 0x18, 0x00, 0x00,
    0x18, 0x00, 0x00, 0x18, 0x00, 0x7F, 0xFF, 0xFE, 0x7F, 0xFF, 0xFE, 0x00, 0xFF, 0x00, 0x00, 0xDB,
    0x00, 0x01, 0xDB, 0x80, 0x03, 0x99, 0xC0, 0x03, 0x99, 0xC0, 0x07, 0x18, 0xE0, 0x0E, 0x18, 0xF0,
    0x1E, 0x18, 0x78, 0x3C, 0x18, 0x3C, 0x7F, 0xFF, 0xFE, 0xF7, 0xFF, 0xEF, 0x60, 0x18, 0x06, 0x00,
    0x18, 0x00, 0x00, 0x18, 0x00, 0x00, 0x18, 0x00, 0x00, 0x18, 0x00, 0x06, 0x00, 0x00, 0x03, 0x00,
    0x00, 0x01, 0x83, 0xFE, 0x00, 0xC1, 0xFF, 0x00, 0x60, 0xC1, 0x80, 0x30, 0x60, 0xC1, 0xFF, 0xB0,
    0x60, 0xFF, 0xD8, 0x30, 0x0E, 0x0C, 0x18, 0x07, 0x06, 0x0C, 0x03, 0xC3, 0x06, 0x03, 0xF1, 0x83,
    0x01, 0xF8, 0xC1, 0x80, 0xFE, 0x60, 0xC0, 0xFB, 0xB0, 0x60, 0xEC, 0xF8, 0x30, 0x76, 0x1C, 0x18,
    0x73, 0x0E, 0x0D, 0xB1, 0x86, 0x06, 0xE0, 0xC7, 0x03, 0x70, 0x63, 0x81, 0xB0, 0x33, 0x80, 0xD8,
    0x1B, 0xC0, 0x7C, 0x0C, 0xC0, 0x3E, 0x00, 0x00, 0x00, 0x00, 0x00, 0xE0, 0x00, 0x00, 0xE0, 0x00,
    0x01, 0xFF, 0xE0, 0x03, 0xFF, 0xE0, 0x0F, 0x81, 0xE0, 0x1F, 0xC3, 0xC0, 0x7D, 0xE7, 0x80, 0x38,
    0x7F, 0x00, 0x00, 0x7E, 0x00, 0x03, 0xFF, 0xC0, 0x3F, 0xE7, 0xFE, 0xFF, 0x18, 0xFF, 0x78, 0x18,
    0x1E, 0x00, 0x18, 0x00, 0x1F, 0xFF, 0xF8, 0x1F, 0xFF, 0xF8, 0x00, 0x18, 0x00, 0x03, 0x99, 0xC0,
    0x07, 0x18, 0xE0, 0x1E, 0x18, 0x70, 0x3C, 0x18, 0x38, 0x38, 0xF8, 0x1C, 0x00, 0x78, 0x00, 0x00,
    0x00, 0x00, 0x00, 0x00, 0x00, 0x00, 0x18, 0x00, 0x00, 0x18, 0x00, 0x00, 0x18, 0x00, 0x3F, 0xFF,
    0xFC, 0x3F, 0xFF, 0xFC, 0x04, 0x18, 0x30, 0x0E, 0x18, 0x30, 0x06, 0x18, 0x70, 0x07, 0x18, 0x60,
    0x03, 0x18, 0xE0, 0x03, 0x18, 0xC0, 0x7F, 0xFF, 0xFF, 0x7F, 0xFF, 0xFF, 0x00, 0x7E, 0x00, 0x00,
    0xFF, 0x00, 0x01, 0xDB, 0x80, 0x03, 0x99, 0xC0, 0x07, 0x18, 0xE0, 0x1E, 0x18, 0x78, 0x7C, 0x18,
    0x3E, 0xF8, 0x18, 0x1F, 0x60, 0x18, 0x06, 0x00, 0x18, 0x00, 0x04, 0x00, 0x00, 0x06, 0x06, 0x30,
    0x06, 0x07, 0x30, 0x06, 0x07, 0x38, 0x06, 0x0E, 0x38, 0x06, 0x0E, 0x18, 0x7F, 0xCE, 0x1C, 0x7F,
    0xDC, 0x1C, 0x0E, 0x1C, 0x0E, 0x0F, 0x39, 0xCF, 0x0F, 0x39, 0xC7, 0x1F, 0xF3, 0x83, 0x1F, 0xC3,
    0x80, 0x1E, 0xC3, 0x80, 0x3E, 0xC7, 0x00, 0x36, 0x07, 0x38, 0x76, 0x06, 0x38, 0x66, 0x0E, 0x1C,
    0x66, 0x0E, 0x1C, 0x06, 0x1C, 0x0E, 0x06, 0x1F, 0xFE, 0x06, 0x3F, 0xFE, 0x06, 0x3F, 0x87, 0x06,
    0x00, 0x06, 0x06, 0x00, 0x00, 0x06, 0x00, 0x1C, 0x06, 0x01, 0xFC, 0x06, 0x0F, 0xF8, 0x06, 0x0F,
    0x80, 0x06, 0x0C, 0x00, 0x7F, 0xEC, 0x00, 0x7F, 0xEC, 0x00, 0x0E, 0x0C, 0x00, 0x0F, 0x0F, 0xFF,
    0x0F, 0x0F, 0xFF, 0x1F, 0x8F, 0xFE, 0x1F, 0xCC, 0x30, 0x1E, 0xEC, 0x30, 0x3E, 0xCC, 0x30, 0x36,
    0x4C, 0x30, 0x76, 0x1C, 0x30, 0x66, 0x1C, 0x30, 0x66, 0x1C, 0x30, 0x06, 0x18, 0x30, 0x06, 0x38,
    0x30, 0x06, 0x38, 0x30, 0x06, 0x70, 0x30, 0x06, 0x30, 0x30, 0x1F, 0xFF, 0xF0, 0x1F, 0xFF, 0xF0,
    0x18, 0x18, 0x30, 0x18, 0x18, 0x30, 0x1F, 0xFF, 0xF0, 0x1F, 0xFF, 0xF0, 0x18, 0x18, 0x30, 0x18,
    0x18, 0x30, 0x1F, 0xFF, 0xF0, 0x1F, 0xFF, 0xF0, 0x00, 0x18, 0x00, 0x00, 0x18, 0x00, 0x7F, 0xFF,
    0xFE, 0x7F, 0xFF, 0xFE, 0x00, 0xFF, 0x00, 0x01, 0xFF, 0x80, 0x03, 0xDB, 0xC0, 0x0F, 0x99, 0xF0,
    0x3E, 0x18, 0x7C, 0xFC, 0x18, 0x3F, 0x70, 0x18, 0x0E, 0x00, 0x18, 0x00, 0x00, 0x00, 0x00, 0x00,
    0x0E, 0x00, 0x00, 0x07, 0x00, 0x00, 0x03, 0x80, 0x07, 0xFF, 0xFF, 0xF3, 0xFF, 0xFF, 0xF8, 0x03,
    0xFC, 0x00, 0x03, 0xFF, 0x80, 0x03, 0xDD, 0xE0, 0x07, 0xCE, 0x7C, 0x0F, 0x87, 0x0F, 0x8F, 0xFF,
    0xFF, 0xE7, 0x7F, 0xFF, 0x60, 0x3F, 0xFF, 0x80, 0x1C, 0x01, 0xC0, 0x0F, 0xFF, 0xE0, 0x07, 0xFF,
    0xF0, 0x03, 0x80, 0x38, 0x01, 0xFF, 0xFC, 0x00, 0xFF, 0xFE, 0x00, 0x00, 0x00, 0x03, 0xFF, 0xFF,
    0xF9, 0xFF, 0xFF, 0xFC, 0x06, 0x00, 0x00, 0x06, 0x00, 0x00, 0x06, 0x00, 0x00, 0x06, 0x0F, 0xFE,
    0x06, 0x0F, 0xFE, 0x06, 0x00, 0x00, 0x7F, 0xE0, 0x00, 0x7F, 0xE0, 0x00, 0x0E, 0x00, 0x00, 0x0F,
    0x3F, 0xFF, 0x1F, 0xBF, 0xFF, 0x1F, 0x80, 0xE0, 0x1F, 0xC0, 0xE0, 0x3E, 0xC8, 0xE4, 0x36, 0x4E,
    0xEC, 0x76, 0x0C, 0xEE, 0xE6, 0x1C, 0xEE, 0x66, 0x18, 0xE6, 0x46, 0x38, 0xE7, 0x06, 0x30, 0xE3,
    0x06, 0x70, 0xE3, 0x06, 0x20, 0xE3, 0x06, 0x07, 0xC0, 0x06, 0x07, 0xC0, 0x00, 0x00, 0x00, 0x06,
    0x04, 0x0C, 0x06, 0x0E, 0x1C, 0x06, 0x0E, 0x1C, 0x06, 0x07, 0x38, 0x06, 0x07, 0x38, 0x7F, 0xC2,
    0x70, 0x7F, 0xFF, 0xFF, 0x0E, 0x3F, 0xFF, 0x0F, 0x00, 0x00, 0x0F, 0x80, 0x00, 0x1F, 0xC0, 0x00,
    0x1F, 0xC0, 0x00, 0x1E, 0xDF, 0xFC, 0x3E, 0x1F, 0xFC, 0x36, 0x00, 0x00, 0x76, 0x00, 0x00, 0x66,
    0x00, 0x00, 0x66, 0x00, 0x00, 0x06, 0x00, 0x00, 0x06, 0x00, 0x00, 0x06, 0x7F, 0xFF, 0x06, 0x7F,
    0xFF, 0x06, 0x00, 0x00, 0x0C, 0x18, 0x0C, 0x0C, 0x18, 0x1C, 0x0C, 0x1C, 0x1C, 0x0C, 0x0C, 0x38,
    0x0C, 0x0C, 0x30, 0x7F, 0xFF, 0xFE, 0x7F, 0xFF, 0xFE, 0x0C, 0x01, 0x80, 0x1E, 0x01, 0x80, 0x1F,
    0x01, 0x80, 0x1F, 0x3F, 0xFC, 0x3F, 0xBF, 0xFC, 0x3D, 0x81, 0x80, 0x7D, 0x01, 0x80, 0x7C, 0x01,
    0x80, 0xEC, 0xFF, 0xFF, 0xEC, 0xFF, 0xFF, 0x4C, 0x01, 0x80, 0x0C, 0x01, 0x80, 0x0C, 0x01, 0x80,
    0x0C, 0x01, 0x80, 0x0C, 0x01, 0x80, 0x0C, 0x01, 0x80, 0x06, 0x00, 0x00, 0x03, 0x1F, 0xFE, 0x01,
    0x8F, 0xFF, 0x00, 0xC7, 0x01, 0x80, 0x63, 0x80, 0xC3, 0xFF, 0xC0, 0x61, 0xFF, 0xFF, 0xF0, 0x1C,
    0x7F, 0xF8, 0x0F, 0x38, 0x0C, 0x07, 0x9C, 0x06, 0x07, 0xEF, 0xFF, 0x03, 0xFF, 0xFF, 0x83, 0xEF,
    0x98, 0x01, 0xB5, 0xCE, 0x31, 0xD8, 0xE3, 0x38, 0xEC, 0x71, 0xF8, 0x66, 0x38, 0xF8, 0x23, 0x1C,
    0x38, 0x01, 0x8E, 0x0E, 0x00, 0xC7, 0x3F, 0x80, 0x63, 0xFD, 0xE0, 0x31, 0xFC, 0x78, 0x18, 0xE0,
    0x18, 0x00, 0x00, 0x00, 0x06, 0x00, 0x00, 0x03, 0x01, 0x80, 0x01, 0x81, 0xC0, 0x00, 0xC0, 0xFF,
    0x80, 0x60, 0xFF, 0xC0, 0x30, 0xFF, 0xE1, 0xFF, 0xF8, 0x60, 0xFF, 0xFC, 0x70, 0x0E, 0x77, 0x70,
    0x07, 0x91, 0xF8, 0x03, 0xC0, 0x78, 0x03, 0xF0, 0x7C, 0x01, 0xFC, 0x7F, 0x80, 0xF6, 0xF9, 0xF0,
    0xFB, 0xF0, 0x7C, 0x6C, 0xFF, 0xFE, 0x76, 0x5F, 0xFC, 0x73, 0x0C, 0x06, 0x19, 0x86, 0x03, 0x00,
    0xC3, 0x01, 0x80, 0x61, 0x80, 0xC0, 0x30, 0xFF, 0xE0, 0x18, 0x7F, 0xF0, 0x0C, 0x30, 0x18, 0x00,
    0x00, 0x00, 0x03, 0x00, 0x00, 0x01, 0x8F, 0xFF, 0xC0, 0xC7, 0xFF, 0xE0, 0x63, 0x00, 0x00, 0x31,
    0x80, 0x01, 0xFF, 0xDF, 0xFC, 0xFF, 0xEF, 0xFE, 0x0E, 0x30, 0x60, 0x07, 0x98, 0x30, 0x03, 0xEC,
    0x18, 0x03, 0xFE, 0xFF, 0xC1, 0xEF, 0x7F, 0xE0, 0xF7, 0x83, 0x00, 0xF8, 0xC1, 0x80, 0x6C, 0x60,
    0xC0, 0x76, 0x30, 0x60, 0x33, 0x1B, 0xFF, 0x91, 0x8D, 0xFF, 0xC0, 0xC6, 0x00, 0x00, 0x63, 0x00,
    0x00, 0x31, 0xFF, 0xFC, 0x18, 0xFF, 0xFE, 0x0C, 0x00, 0x00, 0x06, 0x00, 0x00, 0x06, 0x00, 0xC0,
    0x06, 0x10, 0xC6, 0x06, 0x38, 0xC7, 0x06, 0x18, 0xC6, 0x06, 0x1C, 0xCE, 0x7F, 0xDC, 0xCC, 0x7F,
    0xCC, 0xDC, 0x0E, 0x0C, 0xD8, 0x0F, 0x00, 0xC0, 0x0F, 0x3F, 0xFF, 0x1F, 0xBF, 0xFF, 0x1F, 0xC0,
    0x07, 0x1E, 0xC0, 0x07, 0x36, 0xC0, 0x07, 0x36, 0x3F, 0xFF, 0x76, 0x3F, 0xFF, 0x66, 0x00, 0x07,
    0x66, 0x00, 0x07, 0x06, 0x00, 0x07, 0x06, 0x7F, 0xFF, 0x06, 0x7F, 0xFF, 0x06, 0x00, 0x07, 0x06,
    0x00, 0x07, 0x0C, 0x01, 0x80, 0x0C, 0x03, 0x80, 0x0C, 0x07, 0xC0, 0x0C, 0x07, 0xC0, 0x0C, 0x0E,
    0xE0, 0x7F, 0x9C, 0x78, 0x7F, 0xB8, 0x3C, 0x0C, 0x70, 0x1E, 0x1F, 0xFF, 0xFF, 0x1F, 0xDF, 0xF6,
    0x1F, 0x00, 0x00, 0x3F, 0x83, 0x0C, 0x3D, 0xF3, 0x8C, 0x7D, 0x33, 0x8C, 0x6C, 0x31, 0x9C, 0xEC,
    0x39, 0x98, 0x4C, 0x19, 0xB8, 0x4C, 0x19, 0xB0, 0x0C, 0x00, 0x70, 0x0C, 0x00, 0x60, 0x0C, 0xFF,
    0xFE, 0x0C, 0xFF, 0xFE, 0x0C, 0x00, 0x00, 0x00, 0x00, 0x00, 0x0C, 0x0E, 0x30, 0x0C, 0x0E, 0x30,
    0x0C, 0x7F, 0xFF, 0x0C, 0x7F, 0xFE, 0x7F, 0x8E, 0x30, 0x7F, 0x8E, 0x30, 0x7F, 0xBF, 0xFC, 0x0C,
    0x3F, 0xFC, 0x1E, 0x30, 0x0C, 0x1F, 0x3F, 0xFC, 0x1F, 0x3F, 0xFC, 0x3F, 0xB0, 0x0C, 0x3D, 0xBF,
    0xFC, 0x3D, 0xBF, 0xFC, 0x7C, 0x03, 0x80, 0x6C, 0x03, 0x80, 0xEC, 0xFF, 0xFE, 0x4C, 0xFF, 0xFE,
    0x0C, 0x07, 0xE0, 0x0C, 0x0E, 0x70, 0x0C, 0x3C, 0x7C, 0x0D, 0xF8, 0x1F, 0x0C, 0xE0, 0x0E, 0x00,
    0x00, 0x00, 0x06, 0x06, 0x18, 0x03, 0x03, 0x0C, 0x01, 0x8F, 0xFF, 0xC0, 0xC7, 0xFF, 0xE0, 0x60,
    0x61, 0x83, 0xFE, 0x30, 0xC1, 0xFF, 0xFF, 0xFE, 0x7F, 0xFF, 0xFF, 0x0E, 0x00, 0xC0, 0x07, 0x8F,
    0xFF, 0x03, 0xCF, 0xFF, 0xC3, 0xF7, 0xFF, 0xE1, 0xFF, 0x8C, 0x71, 0xF7, 0xFF, 0xF8, 0xDB, 0xFF,
    0xFC, 0xEC, 0x71, 0x8E, 0x66, 0x38, 0xC7, 0x33, 0x1F, 0xFF, 0x81, 0x8F, 0xFF, 0xC0, 0xC0, 0xE3,
    0x00, 0x61, 0xE1, 0xE0, 0x33, 0xE0, 0x7C, 0x19, 0xC0, 0x0E, 0x00, 0x00, 0x00, 0x00, 0x00, 0x00,
    0x00, 0x18, 0x00, 0x20, 0x38, 0x00, 0x78, 0x38, 0x00, 0x7C, 0x38, 0x00, 0x1E, 0x3F, 0xFE, 0x0E,
    0x7F, 0xFE, 0x00, 0x70, 0x0E, 0x00, 0xE3, 0x0E, 0x00, 0xE3, 0x1C, 0x01, 0xC3, 0x1C, 0x01, 0xC3,
    0x18, 0x02, 0x07, 0x98, 0x07, 0x07, 0x80, 0x0E, 0x07, 0x80, 0x0E, 0x07, 0xC0, 0x1C, 0x0F, 0xC0,
    0x3C, 0x0E, 0xE0, 0x38, 0x1C, 0xE0, 0x70, 0x38, 0x70, 0x70, 0x78, 0x3C, 0x21, 0xF0, 0x1E, 0x03,
    0xC0, 0x0F, 0x03, 0x80, 0x06, 0x7F, 0xFF, 0xFC, 0xFF, 0xFF, 0xF8, 0x00, 0x60, 0x00, 0x00, 0xC0,
    0x00, 0x01, 0x80, 0x00, 0x03, 0x00, 0x03, 0x06, 0x00, 0x06, 0x0C, 0x00, 0x0C, 0x1F, 0xF8, 0x18,
    0x3F, 0xF0, 0x30, 0x60, 0x00, 0x60, 0xC0, 0x00, 0xC1, 0x80, 0x01, 0x83, 0x00, 0x03, 0x06, 0x00,
    0x06, 0x0C, 0x00, 0x0C, 0x18, 0x00, 0x18, 0x30, 0x03, 0xFF, 0xFF, 0xFF, 0xFF, 0xFF, 0xF0, 0x01,
    0x83, 0x00, 0x01, 0x83, 0x00, 0x01, 0x83, 0x00, 0x01, 0x83, 0x00, 0x01, 0x83, 0x00, 0x31, 0x83,
    0x00, 0x31, 0x83, 0x1C, 0x31, 0x83, 0x3C, 0x31, 0xFB, 0x78, 0x31, 0xFB, 0xF0, 0x31, 0x83, 0xC0,
    0x31, 0x83, 0x00, 0x31, 0x83, 0x00, 0x31, 0x83, 0x00, 0x31, 0x83, 0x00, 0x31, 0x83, 0x00, 0x31,
    0x83, 0x06, 0x31, 0x83, 0x06, 0x31, 0xBB, 0x06, 0x3F, 0xFB, 0x0E, 0xFF, 0xFB, 0xFE, 0xFF, 0x03,
    0xFC, 0xC0, 0x00, 0x00, 0x00, 0x38, 0x00, 0x00, 0x70, 0x00, 0x30, 0xE0, 0x00, 0x61, 0xFF, 0xC0,
    0xC3, 0xFF, 0x81, 0x87, 0x00, 0x03, 0x0E, 0x00, 0x7F, 0xFF, 0xFE, 0xFF, 0xFF, 0xFF, 0xFF, 0xFF,
    0xFC, 0x00, 0xC0, 0x00, 0x39, 0x81, 0xC0, 0xE3, 0x07, 0x83, 0xC6, 0x0E, 0x0F, 0x0C, 0x38, 0x3C,
    0x18, 0xE0, 0x70, 0x37, 0xC0, 0x40, 0x7E, 0x00, 0x00, 0xF8, 0x00, 0x0F, 0xE0, 0x01, 0xFF, 0x00,
    0x1F, 0xF0, 0x00, 0x3F, 0x00, 0x00, 0x00, 0x00, 0x00, 0x00, 0x00, 0x00, 0x01, 0xC0, 0x00, 0x0F,
    0xC7, 0xF0, 0x3F, 0x07, 0xF0, 0x38, 0x06, 0x30, 0x30, 0x0E, 0x30, 0x30, 0x0E, 0x30, 0x3F, 0xCE,
    0x30, 0x3F, 0xCC, 0x30, 0x30, 0x1C, 0x3F, 0x30, 0x38, 0x1E, 0x30, 0x30, 0x00, 0x3F, 0xFF, 0xFC,
    0x3F, 0xFF, 0xFC, 0x30, 0x0C, 0x18, 0x30, 0x0C, 0x38, 0x30, 0x4E, 0x38, 0x3F, 0xC7, 0x70, 0xFF,
    0xC3, 0xF0, 0xFC, 0x03, 0xE0, 0x30, 0x03, 0xE0, 0x30, 0x0F, 0xF8, 0x30, 0x7E, 0x3F, 0x30, 0x78,
    0x1E, 0x00, 0x20, 0x00, 0x03, 0x00, 0x00, 0x03, 0x80, 0x00, 0x07, 0x00, 0x00, 0x07, 0xFF, 0xFE,
    0x0F, 0xFF, 0xFF, 0x0E, 0x00, 0x00, 0x1C, 0x00, 0x00, 0x3C, 0x00, 0x00, 0x3F, 0xFF, 0xF8, 0x77,
    0xFF, 0xF8, 0x26, 0x38, 0x38, 0x06, 0x1E, 0x38, 0x06, 0x0F, 0x38, 0x7F, 0xFF, 0xFF, 0x7F, 0xFF,
    0xFF, 0x0E, 0x70, 0x38, 0x0E, 0x7C, 0x38, 0x0E, 0x1E, 0x38, 0x0C, 0x0E, 0x38, 0x0F, 0xFF, 0xFE,
    0x1F, 0xFF, 0xFE, 0x00, 0x00, 0x70, 0x00, 0x03, 0xF0, 0x00, 0x03, 0xE0, 0x00, 0x00, 0x00, 0x30,
    0x0C, 0x00, 0x60, 0x18, 0x00, 0xC0, 0x30, 0x01, 0x80, 0x60, 0x03, 0x00, 0xC0, 0x06, 0x01, 0x83,
    0x0C, 0x03, 0x0F, 0x18, 0x06, 0x3C, 0x3F, 0xED, 0xF0, 0x7F, 0xDF, 0x80, 0xC0, 0x3E, 0x01, 0x80,
    0x70, 0x03, 0x00, 0xC0, 0x06, 0x01, 0x80, 0x0C, 0x03, 0x00, 0x18, 0x06, 0x06, 0x30, 0x0C, 0x0C,
    0x60, 0x98, 0x18, 0xCF, 0xB0, 0x31, 0xFE, 0x60, 0xE7, 0xF0, 0xFF, 0xCF, 0x01, 0xFF, 0x08, 0x00,
    0x00, 0x00, 0x00, 0x0C, 0x00, 0x00, 0x06, 0x00, 0x00, 0x03, 0x00, 0x00, 0x01, 0x80, 0x00, 0x00,
    0xC0, 0x00, 0x00, 0x60, 0x60, 0x00, 0x30, 0x38, 0xFF, 0xDC, 0x38, 0x7F, 0xEE, 0x38, 0x00, 0xE7,
    0xB8, 0x00, 0x73, 0xF8, 0x00, 0x39, 0xF8, 0x00, 0x38, 0xDC, 0x00, 0x1C, 0x6E, 0x00, 0x1E, 0x33,
    0x80, 0x0E, 0x18, 0xE0, 0x0E, 0x0C, 0x78, 0x0F, 0x06, 0x1E, 0x0F, 0x03, 0x07, 0xCF, 0x01, 0x81,
    0xF7, 0x00, 0xC0, 0x71, 0x00, 0x60, 0x08, 0x03, 0xF0, 0x00, 0x01, 0xF8, 0x00, 0x00, 0x00, 0x00,
    0x30, 0x00, 0x00, 0x7C, 0xFF, 0xFE, 0x1E, 0xFF, 0xFE, 0x0E, 0xC0, 0x06, 0x00, 0xC0, 0x06, 0x00,
    0xC0, 0x06, 0x00, 0xC0, 0x06, 0x60, 0x00, 0x00, 0xF8, 0x1F, 0xF0, 0x7C, 0x1F, 0xF0, 0x1C, 0x18,
    0x30, 0x00, 0x18, 0x30, 0x00, 0x18, 0x30, 0x00, 0x18, 0x30, 0x06, 0x38, 0x30, 0x0E, 0x38, 0x30,
    0x0E, 0x38, 0x30, 0x1C, 0x38, 0x33, 0x1C, 0x70, 0x33, 0x38, 0x70, 0x33, 0x38, 0xE0, 0x33, 0x71,
    0xE0, 0x3F, 0x63, 0xC0, 0x3E, 0x01, 0x00, 0x00, 0x10, 0x00, 0x00, 0x1E, 0x0F, 0xF8, 0x07, 0x87,
    0xFC, 0x01, 0xE3, 0x06, 0x00, 0x21, 0x83, 0x00, 0x00, 0xC1, 0x80, 0x00, 0xE0, 0xC0, 0xE0, 0xF0,
    0x7E, 0x7C, 0xF0, 0x3F, 0x1F, 0xF0, 0x00, 0x03, 0x20, 0x00, 0x00, 0x1F, 0xFF, 0x80, 0x0F, 0xFF,
    0xC0, 0x11, 0x80, 0xE0, 0x1C, 0xE0, 0xE0, 0x0C, 0x38, 0xF0, 0x0E, 0x1E, 0xF0, 0x06, 0x07, 0xF0,
    0x07, 0x01, 0xF0, 0x07, 0x03, 0xFC, 0x03, 0x87, 0xEF, 0xC3, 0x8F, 0xC3, 0xF8, 0xC7, 0x80, 0x3C,
    0x00, 0x00, 0x00, 0x00, 0x03, 0x00, 0x60, 0x06, 0x01, 0xF0, 0x0C, 0x00, 0xF0, 0x18, 0x00, 0xE0,
    0x30, 0x00, 0x1F, 0xFF, 0x80, 0x3F, 0xFF, 0x00, 0x01, 0x80, 0xE0, 0x03, 0x01, 0xF0, 0x06, 0x01,
    0xF0, 0x0C, 0x00, 0xE7, 0xFF, 0xE0, 0x1F, 0xFF, 0xE0, 0x3F, 0xFF, 0xC1, 0x03, 0x80, 0x03, 0x07,
    0x00, 0x0E, 0x1C, 0x60, 0x1C, 0x38, 0xE0, 0x70, 0xE1, 0xC0, 0xE3, 0x81, 0xC3, 0x87, 0x7F, 0xCE,
    0x1F, 0xFF, 0x9C, 0x3F, 0xE3, 0xB0, 0x60, 0x07, 0x00, 0x00, 0x00, 0x20, 0x06, 0x00, 0x78, 0x07,
    0x00, 0x3E, 0x07, 0x00, 0x0E, 0x03, 0x80, 0x06, 0x03, 0x80, 0x01, 0xFF, 0xFE, 0x01, 0xFF, 0xFE,
    0x40, 0x03, 0x00, 0xF0, 0x03, 0x00, 0x7C, 0x03, 0x00, 0x1C, 0x03, 0x00, 0x00, 0x03, 0x00, 0x00,
    0xFF, 0xFC, 0x04, 0xFF, 0xFC, 0x06, 0x03, 0x00, 0x0E, 0x03, 0x00, 0x1C, 0x03, 0x00, 0x1C, 0x03,
    0x00, 0x38, 0x03, 0x00, 0x38, 0x03, 0x00, 0x73, 0xFF, 0xFE, 0x63, 0xFF, 0xFE, 0x20, 0x00, 0x00,
    0x00, 0x00, 0x00, 0x18, 0x00, 0x3C, 0x3E, 0x1F, 0xFE, 0x1F, 0x7F, 0xF0, 0x07, 0x7F, 0x80, 0x00,
    0x01, 0x80, 0x00, 0x01, 0x80, 0x00, 0x01, 0x80, 0x70, 0xFF, 0xFF, 0x7C, 0xFF, 0xFF, 0x3E, 0x01,
    0x80, 0x0C, 0x01, 0x80, 0x00, 0x01, 0x80, 0x00, 0x01, 0x80, 0x02, 0x7F, 0xFC, 0x07, 0x7F, 0xFC,
    0x07, 0x70, 0x0C, 0x0E, 0x70, 0x0C, 0x0E, 0x70, 0x0C, 0x1C, 0x70, 0x0C, 0x38, 0x70, 0x0C, 0x38,
    0x7F, 0xFC, 0x70, 0x7F, 0xFC, 0x30, 0x70, 0x0C, 0x30, 0x0C, 0x80, 0x3C, 0x0D, 0xE0, 0x1E, 0x0C,
    0xF0, 0x0E, 0x0C, 0x30, 0x00, 0x0C, 0x3C, 0x00, 0x3F, 0xFE, 0x01, 0xFF, 0xFC, 0x61, 0xFE, 0x00,
    0xF8, 0x0E, 0x00, 0x3C, 0x0E, 0x1E, 0x1C, 0x0F, 0xFE, 0x01, 0xFF, 0xFE, 0x01, 0xFF, 0x06, 0x05,
    0x07, 0x0E, 0x0E, 0x07, 0x1C, 0x0C, 0x03, 0x78, 0x1C, 0x03, 0xF0, 0x1C, 0x03, 0xE7, 0x38, 0x0F,
    0xC7, 0x38, 0x3F, 0xC7, 0x71, 0xFC, 0xF6, 0x71, 0xF0, 0x7E, 0x20, 0x80, 0x3C, 0x00, 0x40, 0x0D,
    0x83, 0x80, 0x37, 0x07, 0x00, 0xCE, 0x1C, 0x33, 0x1F, 0xFE, 0xCC, 0x2F, 0xFF, 0x30, 0x3F, 0xEC,
    0xC0, 0x07, 0x33, 0xE1, 0x18, 0xCF, 0xCE, 0x63, 0x33, 0x9D, 0x8C, 0xC4, 0x3E, 0x33, 0x00, 0xF0,
    0xCC, 0x01, 0xC3, 0x31, 0x87, 0x0C, 0xC7, 0x1E, 0x33, 0x18, 0xFC, 0xCC, 0xE3, 0xF3, 0x33, 0x1C,
    0xE0, 0xDC, 0xE3, 0x83, 0x67, 0x80, 0x0F, 0x9C, 0x01, 0xF0, 0x20, 0x07, 0xC0, 0x00, 0x03, 0x00,
    0x60, 0x86, 0x09, 0xF3, 0x8C, 0x38, 0xF7, 0x18, 0x70, 0xE7, 0x31, 0xC0, 0x86, 0x67, 0x00, 0x0C,
    0xCE, 0x00, 0x01, 0x80, 0xE0, 0xFF, 0xFD, 0xF1, 0xFF, 0xF8, 0xF3, 0x80, 0x30, 0xE7, 0x00, 0x60,
    0x0F, 0xFF, 0xC0, 0x1F, 0xFF, 0x81, 0x38, 0x03, 0x07, 0x70, 0x06, 0x0E, 0xE0, 0x0C, 0x39, 0xFF,
    0xF8, 0x73, 0xFF, 0xF1, 0xC7, 0x00, 0x63, 0x8E, 0x00, 0xCE, 0x1C, 0x01, 0x9C, 0x38, 0x3F, 0x10,
    0x70, 0x7E, 0x00, 0x00, 0x00, 0x30, 0x00, 0x00, 0xFB, 0xFF, 0xF8, 0x7F, 0xFF, 0xF0, 0x7C, 0x00,
    0x60, 0x18, 0x8C, 0xC0, 0x33, 0x9D, 0x80, 0x0E, 0x1C, 0x30, 0x3C, 0x3C, 0xF8, 0xF0, 0x38, 0x7B,
    0x86, 0x38, 0x72, 0x0C, 0x20, 0x00, 0x18, 0x00, 0x1F, 0xFF, 0xC0, 0xBF, 0xFF, 0x83, 0x83, 0xF0,
    0x06, 0x0F, 0xE0, 0x1C, 0x1B, 0xE0, 0x30, 0x76, 0xE0, 0xE3, 0xCC, 0xE1, 0x8F, 0x19, 0xE7, 0x3C,
    0x31, 0xEC, 0x30, 0x60, 0x88, 0x00, 0xC0, 0x00, 0x00, 0x00, 0x00, 0x1C, 0x00, 0x00, 0x0F, 0x3F,
    0xFF, 0x83, 0xDF, 0xFF, 0xC0, 0x60, 0x70, 0x00, 0x00, 0x38, 0x00, 0x00, 0x18, 0x00, 0x43, 0xFF,
    0xFE, 0x71, 0xFF, 0xFF, 0x3E, 0x0E, 0x38, 0x07, 0x0E, 0x1C, 0x01, 0x8F, 0x07, 0x00, 0x0F, 0x61,
    0xE0, 0x0F, 0x30, 0x78, 0x0F, 0x18, 0x7C, 0x1B, 0x6D, 0xB8, 0x0E, 0x76, 0xCE, 0x06, 0x33, 0x77,
    0x07, 0x39, 0x99, 0xC3, 0x38, 0xCC, 0xE3, 0x98, 0x66, 0x31, 0xC0, 0x30, 0x01, 0xC0, 0xF8, 0x00,
    0x60, 0x7C, 0x00, 0x00, 0x00, 0x00, 0x00, 0x30, 0x03, 0x00, 0x3C, 0x03, 0x00, 0x3F, 0xFF, 0xFE,
    0x0E, 0xFF, 0xFE, 0x04, 0x03, 0x00, 0x00, 0xFF, 0xFC, 0x00, 0xFF, 0xFC, 0x60, 0x03, 0x00, 0x7B,
    0xFF, 0xFF, 0x3D, 0xFF, 0xFF, 0x1C, 0x00, 0x00, 0x00, 0x7F, 0xFC, 0x00, 0x7F, 0xFC, 0x04, 0x60,
    0x0C, 0x06, 0x7F, 0xFC, 0x0E, 0x7F, 0xFC, 0x0E, 0x60, 0x0C, 0x1C, 0x7F, 0xFC, 0x1C, 0x7F, 0xFC,
    0x38, 0x60, 0x0C, 0x38, 0x60, 0x0C, 0x70, 0x60, 0xFC, 0x30, 0x60, 0xFC, 0x00, 0x00, 0x00, 0x10,
    0x70, 0x00, 0x38, 0x70, 0x1E, 0x3E, 0x70, 0xFE, 0x0F, 0xFE, 0xF0, 0x05, 0xFE, 0xC0, 0x00, 0x60,
    0xC0, 0x00, 0xE0, 0xC0, 0x60, 0xD8, 0xC0, 0x78, 0xD8, 0xFF, 0x3C, 0xD8, 0xFF, 0x1D, 0xD8, 0xCC,
    0x01, 0xFE, 0xCC, 0x01, 0xFE, 0xCC, 0x00, 0x18, 0xCC, 0x0C, 0x18, 0xCC, 0x0E, 0x1F, 0xCC, 0x1D,
    0xFF, 0xCC, 0x1F, 0xFD, 0xCC, 0x19, 0xD9, 0x8C, 0x38, 0x19, 0x8C, 0x30, 0x1B, 0x8C, 0x70, 0x1B,
    0x0C, 0x30, 0x1B, 0x0C, 0x00, 0x00, 0x00, 0x38, 0x00, 0x00, 0x1F, 0x3F, 0xFC, 0x07, 0xDF, 0xFE,
    0x00, 0xEC, 0x03, 0x00, 0x06, 0x01, 0x80, 0x03, 0xFF, 0xC0, 0x01, 0xFF, 0xE0, 0xE0, 0xC0, 0x30,
    0xF8, 0x60, 0x18, 0x1E, 0x3F, 0xFC, 0x03, 0x1F, 0xFE, 0x00, 0x00, 0x00, 0x00, 0x00, 0x00, 0x00,
    0x07, 0xFF, 0xE0, 0x1B, 0xFF, 0xF0, 0x1D, 0x99, 0x98, 0x0E, 0xCC, 0xCC, 0x0E, 0x66, 0x66, 0x07,
    0x33, 0x33, 0x07, 0x19, 0x99, 0x83, 0x8C, 0xCC, 0xC3, 0x9F, 0xFF, 0xF8, 0xCF, 0xFF, 0xFC, 0x10,
    0x00, 0x00, 0x1E, 0x7F, 0xFF, 0x87, 0xBF, 0xFF, 0xC1, 0xDC, 0x18, 0x00, 0x2E, 0x1C, 0x00, 0x07,
    0xFF, 0xF0, 0x03, 0xFF, 0xF8, 0xE1, 0xFF, 0xFC, 0x78, 0xF8, 0x06, 0x1E, 0x7F, 0xFF, 0x03, 0x3F,
    0xFF, 0x80, 0x1B, 0x00, 0xC0, 0x0D, 0x80, 0x60, 0x06, 0xFF, 0xF0, 0x3B, 0x7F, 0xF8, 0x1F, 0x81,
    0x80, 0x0D, 0xCC, 0xDC, 0x0E, 0xEE, 0x67, 0x07, 0x66, 0x33, 0x87, 0x77, 0x18, 0xE3, 0xBF, 0x0C,
    0x33, 0xB9, 0x3E, 0x10, 0xCC, 0x1F, 0x00, 0x00, 0x00, 0x00, 0x10, 0x00, 0x00, 0x3C, 0x3F, 0xF8,
    0x1E, 0x3F, 0xF8, 0x0F, 0x30, 0x18, 0x02, 0x3F, 0x98, 0x00, 0x3F, 0x98, 0x00, 0x31, 0x98, 0x60,
    0x31, 0x98, 0x79, 0xFF, 0xFF, 0x3D, 0xFF, 0xFF, 0x1D, 0x80, 0x07, 0x01, 0xBF, 0xFF, 0x01, 0xBF,
    0xFF, 0x04, 0x30, 0x1C, 0x06, 0x3F, 0xFC, 0x0E, 0x3F, 0xFC, 0x0E, 0x30, 0x1C, 0x1C, 0x3F, 0xFC,
    0x1C, 0x3F, 0xFC, 0x38, 0x30, 0x1C, 0x38, 0x30, 0x1C, 0x30, 0x30, 0xF8, 0x10, 0x30, 0xF8, 0x00,
    0x00, 0x00, 0x20, 0x06, 0x00, 0x70, 0x07, 0xFC, 0x7C, 0x07, 0xFC, 0x1C, 0x07, 0xFC, 0x0C, 0x06,
    0x00, 0x01, 0xFF, 0xFE, 0x01, 0xFF, 0xFE, 0x41, 0x8C, 0x0C, 0xE1, 0x8F, 0xEC, 0x79, 0xFF, 0xE0,
    0x39, 0xBE, 0x0C, 0x01, 0x8F, 0xFC, 0x01, 0x8F, 0xFC, 0x09, 0x83, 0xF0, 0x1D, 0x81, 0x00, 0x1F,
    0x83, 0x80, 0x1B, 0xAD, 0x98, 0x3B, 0xFD, 0xDC, 0x33, 0x6C, 0xCC, 0x73, 0x6C, 0x1E, 0x77, 0xEC,
    0x16, 0xE7, 0xCF, 0xF6, 0x6E, 0x4F, 0xF0, 0x04, 0x00, 0x00, 0x06, 0x00, 0x00, 0x06, 0x00, 0x00,
    0x06, 0x3F, 0xFF, 0x06, 0x3F, 0xFF, 0x06, 0x00, 0x60, 0x36, 0xE0, 0x60, 0x36, 0xC0, 0x60, 0x36,
    0xC0, 0x60, 0x76, 0xC0, 0x60, 0x77, 0x80, 0x60, 0x67, 0x80, 0x60, 0x66, 0x00, 0x60, 0x06, 0x00,
    0x60, 0x0E, 0x00, 0x60, 0x0E, 0x00, 0x60, 0x0F, 0x00, 0x60, 0x0F, 0x80, 0x60, 0x1D, 0xC0, 0x60,
    0x1C, 0xE0, 0x60, 0x38, 0xC0, 0x60, 0x38, 0x00, 0x60, 0x70, 0x0F, 0xE0, 0x60, 0x0F, 0xE0, 0x00,
    0x00, 0x00, 0x00, 0x30, 0x00, 0x00, 0x60, 0x00, 0x00, 0xC0, 0x00, 0x01, 0xFF, 0xE0, 0x03, 0xFF,
    0xC0, 0x06, 0x00, 0x00, 0x0C, 0x00, 0x00, 0x18, 0x00, 0x1F, 0xFF, 0xF0, 0x3F, 0xFF, 0xE0, 0x60,
    0x00, 0xC0, 0xC0, 0x01, 0x81, 0x80, 0x03, 0x03, 0x00, 0x06, 0x07, 0xFF, 0xFC, 0x0F, 0xFF, 0xF8,
    0x00, 0x00, 0x00, 0x30, 0x08, 0x60, 0x67, 0x38, 0xE1, 0xCE, 0x30, 0xE7, 0x0C, 0x71, 0xDE, 0x18,
    0xE1, 0xF8, 0x30, 0xC3, 0x80, 0x00, 0x00, 0x06, 0x03, 0x00, 0x03, 0x01, 0x80, 0x01, 0x80, 0xC0,
    0x00, 0xC0, 0x60, 0x07, 0xFF, 0xFF, 0x83, 0xFF, 0xFF, 0xC0, 0x18, 0x0C, 0x60, 0x0C, 0x06, 0x30,
    0x06, 0x47, 0x18, 0x03, 0xFF, 0x8C, 0x0F, 0xFF, 0xC6, 0x0F, 0xE3, 0xE3, 0x07, 0x60, 0xF9, 0x80,
    0x30, 0x7E, 0xD0, 0x18, 0x73, 0x6C, 0x0C, 0x78, 0xBE, 0x3E, 0x78, 0x1F, 0x1F, 0x18, 0x07, 0x82,
    0x00, 0x06, 0x03, 0x9C, 0x63, 0x81, 0x8E, 0x39, 0xC1, 0xC7, 0x1C, 0x71, 0xC1, 0x86, 0x1C, 0xE0,
    0xC3, 0x0E, 0x00, 0x00, 0x00, 0x00, 0x02, 0x00, 0x00, 0x01, 0x80, 0x34, 0x01, 0xC0, 0x1F, 0x00,
    0xFF, 0x0D, 0xC0, 0xFF, 0xC6, 0x70, 0x71, 0xC3, 0x18, 0x7C, 0xFF, 0xFC, 0x77, 0xFF, 0xFE, 0x39,
    0xF0, 0xE0, 0x3E, 0x38, 0x78, 0x1B, 0xB8, 0x3C, 0x00, 0xFC, 0x3F, 0x00, 0x3C, 0x1F, 0x80, 0x3C,
    0x1C, 0xE0, 0x3C, 0x1C, 0x78, 0x7C, 0x3E, 0x1E, 0x78, 0x3C, 0x07, 0x98, 0x0C, 0x01, 0x83, 0x00,
    0x43, 0x03, 0x9C, 0x73, 0xC1, 0xC6, 0x38, 0xE1, 0xC3, 0x0C, 0x39, 0xC1, 0x87, 0x1E, 0xE0, 0xC3,
    0x86, 0x00, 0x06, 0x00, 0x18, 0x0C, 0x00, 0x30, 0x18, 0x00, 0x60, 0x30, 0x00, 0xC0, 0x60, 0x01,
    0x80, 0xC0, 0x03, 0x01, 0x80, 0x07, 0xFF, 0xFE, 0x0F, 0xFF, 0xFC, 0x18, 0x00, 0x00, 0x30, 0x00,
    0x00, 0x60, 0x00, 0x00, 0xC0, 0x00, 0x01, 0xFF, 0xF8, 0x07, 0xFF, 0xF0, 0x0E, 0x00, 0x60, 0x1C,
    0x00, 0xC0, 0x38, 0x01, 0x80, 0xE0, 0x03, 0x01, 0xC0, 0x06, 0x03, 0x80, 0x0C, 0x0E, 0x00, 0x18,
    0x3C, 0x00, 0x30, 0x30, 0x00, 0x60, 0x00, 0x00, 0x00, 0x01, 0x80, 0x00, 0x31, 0x80, 0x7E, 0x31,
    0x8F, 0xFF, 0x31, 0x8F, 0xF8, 0x31, 0x8C, 0x00, 0x31, 0x8C, 0x00, 0x31, 0x8C, 0x00, 0x3F, 0xEC,
    0x00, 0x3F, 0xEF, 0xFE, 0x3F, 0xEF, 0xFE, 0x30, 0x0F, 0x0E, 0x30, 0x0F, 0x8E, 0x30, 0x0D, 0x8E,
    0x3F, 0xCD, 0x8C, 0x3F, 0xCD, 0xDC, 0x31, 0xDD, 0xDC, 0x31, 0xDC, 0xF8, 0x31, 0xDC, 0xF8, 0x71,
    0xDC, 0x70, 0x71, 0xDC, 0xF0, 0x71, 0xD9, 0xF8, 0x61, 0xFB, 0xDE, 0xE1, 0xFF, 0x8F, 0x61, 0xF7,
    0x06, 0x00, 0x00, 0x00, 0x3F, 0xFF, 0xFC, 0x7F, 0xFF, 0xF8, 0x00, 0x06, 0x00, 0x60, 0x0C, 0x00,
    0xC0, 0x18, 0x01, 0x80, 0x30, 0x07, 0x00, 0x60, 0x0E, 0x00, 0xC0, 0x18, 0x01, 0x80, 0x7F, 0xFF,
    0xFC, 0xFF, 0xFF, 0xF8, 0x00, 0x7C, 0x00, 0x01, 0xD8, 0x00, 0x0F, 0x30, 0x00, 0x3C, 0x60, 0x01,
    0xF0, 0xC0, 0x07, 0xC1, 0x80, 0x3E, 0x03, 0x03, 0xF8, 0x06, 0x07, 0xC0, 0x0C, 0x06, 0x01, 0xF8,
    0x00, 0x03, 0xF0, 0x00, 0x03, 0x01, 0x80, 0x01, 0x80, 0xCC, 0x00, 0xC0, 0x67, 0x0C, 0x60, 0x31,
    0xC7, 0x30, 0x18, 0xE1, 0xD8, 0x0C, 0x30, 0x7C, 0x06, 0x00, 0x3E, 0xFF, 0xFE, 0x0B, 0x7F, 0xFF,
    0x01, 0x81, 0xE0, 0x00, 0xC0, 0xF0, 0x00, 0xE0, 0x78, 0x00, 0xF0, 0x3C, 0x00, 0xF8, 0x1F, 0x00,
    0xFC, 0x1D, 0x80, 0xF6, 0x0E, 0xE0, 0x73, 0x0E, 0x70, 0x31, 0x87, 0x1C, 0x00, 0xC7, 0x07, 0x00,
    0x67, 0x83, 0xC0, 0x37, 0x80, 0xF0, 0x1F, 0x80, 0x3C, 0x0D, 0x80, 0x0C, 0x00, 0x18, 0x60, 0xC4,
    0x30, 0xC1, 0xDC, 0x61, 0x81, 0xF0, 0xC3, 0x03, 0xFF, 0xFF, 0xE3, 0xBF, 0xFF, 0xCF, 0x06, 0x18,
    0x7F, 0x0C, 0x30, 0xEE, 0x18, 0x60, 0x9C, 0x30, 0xC0, 0x39, 0xFF, 0xF0, 0x73, 0xFF, 0xE1, 0xE6,
    0x31, 0xC3, 0xCC, 0x63, 0x8F, 0x98, 0xC7, 0x3B, 0x31, 0x8E, 0xE6, 0x7F, 0xFC, 0x8C, 0xFF, 0xF8,
    0x19, 0x8C, 0x70, 0x33, 0x18, 0xE0, 0xE6, 0x31, 0xC1, 0xCF, 0xFF, 0x9F, 0x9F, 0xFF, 0x3E, 0x30,
    0x0E, 0x00, 0x00, 0x00, 0x00, 0x10, 0x00, 0x00, 0x70, 0x00, 0x00, 0xE0, 0x03, 0xFF, 0xFF, 0xF7,
    0xFF, 0xFF, 0xE0, 0x0E, 0x00, 0x1C, 0x18, 0xC7, 0x3C, 0x77, 0x9C, 0x1F, 0xFE, 0x70, 0x1B, 0xF9,
    0xC0, 0x00, 0xF8, 0x00, 0x73, 0xBF, 0x03, 0xFF, 0xFF, 0x8F, 0x7F, 0xF7, 0x9C, 0x7F, 0x77, 0x80,
    0x1C, 0x02, 0x00, 0x38, 0x01, 0xFF, 0xFF, 0xFF, 0xFF, 0xFF, 0xF8, 0x01, 0xC0, 0x00, 0x03, 0x80,
    0x00, 0x07, 0x00, 0x00, 0x0E, 0x00, 0x00, 0x1C, 0x00, 0x00, 0x3F, 0xF9, 0xFF, 0x7F, 0xF3, 0xFE,
    0xFF, 0xE0, 0x61, 0x80, 0xC0, 0xC3, 0x19, 0x81, 0x86, 0x33, 0x03, 0x0C, 0x66, 0x06, 0x18, 0xCC,
    0x0C, 0x31, 0x98, 0xFF, 0x63, 0x31, 0xFE, 0xC6, 0x60, 0x61, 0x8C, 0xC0, 0xC3, 0x39, 0x81, 0x86,
    0x73, 0x03, 0x0C, 0xF6, 0x06, 0x01, 0xE0, 0x0F, 0xC7, 0xC0, 0x3F, 0x9D, 0x8F, 0xFC, 0x7B, 0x1F,
    0xC1, 0xE6, 0x30, 0x07, 0x8C, 0xE0, 0x1E, 0x1F, 0xC0, 0x38, 0x1F, 0x00, 0x00, 0x00, 0x7F, 0xBF,
    0xFE, 0x7F, 0xBF, 0xFE, 0x0C, 0x31, 0x86, 0x0C, 0x31, 0x86, 0x0C, 0x31, 0x86, 0x0C, 0x3F, 0xFE,
    0x0C, 0x3F, 0xFE, 0x0C, 0x31, 0x86, 0x7F, 0xB1, 0x86, 0x7F, 0xB1, 0x86, 0x0C, 0x3F, 0xFE, 0x0C,
    0x3F, 0xFE, 0x0C, 0x01, 0x80, 0x0C, 0x01, 0x80, 0x0C, 0x7F, 0xFE, 0x0F, 0xFF, 0xFE, 0x3F, 0x81,
    0x80, 0x7F, 0x01, 0x80, 0x78, 0x01, 0x80, 0x01, 0xFF, 0xFF, 0x01, 0xFF, 0xFF, 0x0F, 0xFF, 0xFC,
    0x1F, 0xFF, 0xF8, 0x3F, 0xFF, 0xF0, 0x60, 0x60, 0x60, 0xC0, 0xC0, 0xC1, 0x81, 0x81, 0x83, 0xFF,
    0xFF, 0x07, 0xFF, 0xFE, 0x0C, 0x0C, 0x0C, 0x18, 0x18, 0x18, 0x30, 0x30, 0x30, 0x60, 0x60, 0x61,
    0xFF, 0xFF, 0xC3, 0xFF, 0xFF, 0x87, 0x03, 0x03, 0x0E, 0x06, 0x06, 0x1C, 0x0C, 0x0C, 0x30, 0x18,
    0x18, 0xE0, 0x30, 0x31, 0xC0, 0x60, 0x67, 0x00, 0xCF, 0xCC, 0x01, 0x9F, 0x80, 0x00, 0x00, 0x00,
    0x00, 0xC0, 0x00, 0x03, 0x00, 0x00, 0x0C, 0x00, 0x00, 0x30, 0x00, 0xFF, 0xFF, 0xE3, 0xFF, 0xFF,
    0x8C, 0x0C, 0x06, 0x30, 0x30, 0x18, 0xC0, 0xC0, 0x63, 0xFF, 0xFF, 0x8F, 0xFF, 0xFE, 0x30, 0x30,
    0x18, 0xC0, 0xC0, 0x63, 0x03, 0x01, 0x8F, 0xFF, 0xFE, 0x3F, 0xFF, 0xF8, 0xC0, 0xC0, 0x13, 0x03,
    0x00, 0x70, 0x0C, 0x01, 0xC0, 0x30, 0x06, 0x00, 0xE0, 0x38, 0x03, 0xFF, 0xE0, 0x07, 0xFF, 0x00,
    0xFF, 0xFF, 0xFF, 0xFF, 0xFF, 0xC0, 0x00, 0x00, 0x00, 0x00, 0x00, 0xFF, 0xF0, 0x27, 0xFF, 0x8F,
    0x31, 0x8C, 0xF9, 0x8C, 0x67, 0xCC, 0x63, 0x3E, 0x7F, 0xF9, 0xF3, 0xFF, 0xCF, 0x98, 0xC6, 0x7C,
    0xC6, 0x33, 0xE6, 0x31, 0x9F, 0x3F, 0xFC, 0xF9, 0xFF, 0xE7, 0xC0, 0x00, 0x3E, 0x00, 0x01, 0xFF,
    0xFF, 0xFF, 0xFF, 0xFF, 0xF0, 0x00, 0x03, 0x80, 0x1F, 0xFF, 0xF0, 0x3F, 0xFF, 0xE0, 0x60, 0x60,
    0xC0, 0xC0, 0xC1, 0x81, 0xFF, 0xFF, 0x03, 0xFF, 0xFE, 0x06, 0x06, 0x0C, 0x0C, 0x0C, 0x18, 0x1F,
    0xFF, 0xF0, 0x3F, 0xFF, 0xE0, 0x07, 0x0E, 0x00, 0x1E, 0x1E, 0x00, 0xF0, 0x1F, 0x07, 0xF0, 0x3F,
    0xBE, 0x60, 0x6F, 0xB0, 0xC0, 0xC6, 0x03, 0x81, 0x80, 0x07, 0x03, 0x00, 0x1C, 0x06, 0x00, 0x78,
    0x0C, 0x03, 0xE0, 0x18, 0x07, 0x80, 0x30, 0x00, 0x00, 0x00, 0x00, 0x03, 0x80, 0x00, 0xFF, 0x7F,
    0xE7, 0xE1, 0xFF, 0x98, 0x01, 0xC6, 0x63, 0x07, 0x19, 0x8E, 0x1C, 0x66, 0x38, 0x61, 0x98, 0xF3,
    0x8E, 0xFF, 0xDE, 0x3B, 0xFB, 0xF7, 0xEF, 0x07, 0x8F, 0x00, 0x0C, 0x00, 0x3F, 0xFF, 0xE0, 0xFF,
    0xFF, 0xC3, 0x83, 0x07, 0x0E, 0x0C, 0x1C, 0x3F, 0xFF, 0xF0, 0xFF, 0xFF, 0xC3, 0x83, 0x07, 0x0E,
    0x0C, 0x1C, 0x3F, 0xFF, 0xF0, 0xFF, 0xFF, 0xC3, 0x80, 0x07, 0x00, 0x00, 0x00, 0x00, 0x00, 0x0C,
    0x03, 0xFE, 0x38, 0x07, 0xFC, 0x7F, 0xCD, 0x99, 0xFF, 0x9B, 0x37, 0x07, 0x36, 0x7F, 0x1C, 0x6C,
    0xFF, 0x38, 0xD9, 0xEE, 0xE1, 0xFF, 0x0F, 0x83, 0xFE, 0x0F, 0x06, 0xCC, 0x3F, 0x0D, 0x99, 0xEF,
    0x1B, 0x3F, 0x8F, 0xF6, 0x7F, 0xFF, 0xEC, 0xFF, 0xFE, 0xD9, 0xBF, 0xF9, 0xFF, 0x60, 0x33, 0xFE,
    0xC0, 0x66, 0x01, 0x80, 0xCC, 0x03, 0x01, 0x80, 0x07, 0xFF, 0x00, 0x0F, 0xFE, 0x00, 0x18, 0x0C,
    0x00, 0x00, 0x00, 0x00, 0x0C, 0x30, 0x7F, 0xEE, 0x70, 0x7F, 0xEE, 0xE0, 0x20, 0xE7, 0xC6, 0x79,
    0xC3, 0x9E, 0x3F, 0x83, 0xFC, 0x0F, 0x01, 0xF8, 0x0F, 0xFF, 0xF0, 0x1F, 0xFF, 0xFC, 0x78, 0x00,
    0x3F, 0xFF, 0xFF, 0xEF, 0x4F, 0xFF, 0xE2, 0x0E, 0x00, 0xE0, 0x0E, 0x00, 0xE0, 0x0E, 0x00, 0xE0,
    0x0F, 0xFF, 0xE0, 0x0F, 0xFF, 0xE0, 0x03, 0x01, 0xC0, 0x03, 0x81, 0x80, 0x01, 0x83, 0x80, 0x01,
    0xC3, 0x00, 0x7F, 0xFF, 0xFE, 0x7F, 0xFF, 0xFE, 0xFF, 0xFF, 0xFF, 0xFF, 0xFF, 0xF0, 0x07, 0x00,
    0x00, 0x18, 0x00, 0x00, 0xE0, 0x00, 0x03, 0x80, 0x03, 0xFF, 0xFE, 0x0F, 0xFF, 0xF8, 0x38, 0x00,
    0x60, 0xE0, 0x01, 0x83, 0x80, 0x06, 0x0E, 0x00, 0x18, 0x3F, 0xFF, 0xE0, 0xFF, 0xFF, 0x83, 0x80,
    0x06, 0x0E, 0x00, 0x18, 0x38, 0x00, 0x60, 0xE0, 0x01, 0x83, 0x80, 0x06, 0x0F, 0xFF, 0xF8, 0x3F,
    0xFF, 0xE0, 0xE0, 0x01, 0x80, 0x00, 0x00, 0x00, 0x30, 0x38, 0x01, 0xC0, 0xE0, 0x07, 0x03, 0x00,
    0x18, 0x1C, 0x13, 0xFE, 0x7F, 0xEF, 0xF9, 0xFF, 0xB0, 0x6E, 0x06, 0xC1, 0xB0, 0x1B, 0x07, 0xC0,
    0x6C, 0x1E, 0x01, 0xB0, 0x63, 0x06, 0xFF, 0x8E, 0x1B, 0xFE, 0x1C, 0x6C, 0x18, 0x71, 0xB0, 0x60,
    0xE6, 0xC1, 0x81, 0xBB, 0x06, 0x04, 0xEC, 0x18, 0x03, 0xB0, 0x60, 0x0E, 0xFF, 0x80, 0x3B, 0xFE,
    0x01, 0xCC, 0x00, 0x7F, 0x30, 0x01, 0xF8, 0x00, 0x00, 0x00, 0x00, 0x00, 0x00, 0x00, 0x70, 0x00,
    0x00, 0xC0, 0x00, 0x7F, 0xFF, 0x80, 0xFF, 0xFF, 0x01, 0xCE, 0x06, 0x03, 0x9F, 0x0C, 0x07, 0x0E,
    0x18, 0xFF, 0xFF, 0xFF, 0xFF, 0xFF, 0xFC, 0x71, 0x80, 0xC0, 0xE3, 0xC1, 0x83, 0x83, 0xC3, 0x0F,
    0x01, 0xFE, 0x1C, 0x00, 0x7C, 0x1F, 0xFF, 0xFC, 0x1F, 0xFF, 0xF8, 0x31, 0x8C, 0x70, 0x63, 0x18,
    0xE0, 0xC6, 0x31, 0xC1, 0x8C, 0x63, 0x83, 0x18, 0xC7, 0x3F, 0xFF, 0xFF, 0xFF, 0xFF, 0xFF, 0x7F,
    0xFF, 0xDF, 0xFF, 0xF6, 0x00, 0x0D, 0x80, 0x03, 0x60, 0x00, 0xD8, 0x00, 0x37, 0xFF, 0xFD, 0xFF,
    0xFF, 0x60, 0x00, 0xD8, 0x00, 0x36, 0x00, 0x0D, 0x80, 0x03, 0x7F, 0xFF, 0xDF, 0xFF, 0xF6, 0x00,
    0x0D, 0x80, 0x03, 0x60, 0x00, 0xD8, 0x00, 0x37, 0xFF, 0xFD, 0xFF, 0xFF, 0x60, 0x00, 0xD8, 0x00,
    0x30, 0x00, 0x00, 0x00, 0x00, 0x70, 0x00, 0x00, 0xE0, 0x03, 0xFF, 0xFF, 0xEF, 0xFF, 0xFF, 0xE0,
    0x06, 0x00, 0x00, 0x1C, 0x00, 0x0F, 0xFF, 0xF8, 0x1F, 0xFF, 0xF0, 0x38, 0x00, 0xE0, 0x7F, 0xFF,
    0xC0, 0xFF, 0xFF, 0x81, 0xC0, 0x07, 0x03, 0x80, 0x0E, 0x07, 0xFF, 0xFC, 0x0F, 0xFF, 0xF8, 0x1C,
    0x00, 0x70, 0x3F, 0xFF, 0xE0, 0x7F, 0xFF, 0xC0, 0xE0, 0x03, 0x81, 0xC0, 0x07, 0x1F, 0xFF, 0xFF,
    0xFF, 0xFF, 0xFF, 0x80, 0x00, 0x07, 0xF8, 0x3F, 0xFF, 0xFC, 0x1F, 0xFF, 0x00, 0x00, 0x70, 0x00,
    0x1F, 0xFF, 0xFC, 0x1F, 0xFF, 0xFC, 0x00, 0xE0, 0x00, 0x00, 0xE0, 0x00, 0x7F, 0xFF, 0xFE, 0x7F,
    0xFF, 0xFE, 0x03, 0x80, 0x00, 0x07, 0xFF, 0xF8, 0x07, 0xFF, 0xF8, 0x0F, 0x80, 0x18, 0x3F, 0xFF,
    0xF8, 0x7B, 0xFF, 0xF8, 0xF3, 0x80, 0x18, 0x63, 0xFF, 0xF8, 0x03, 0xFF, 0xF8, 0x03, 0x80, 0x18,
    0x03, 0xFF, 0xF8, 0x03, 0xFF, 0xF8, 0x03, 0x80, 0x18, 0x00, 0x7F, 0xF9, 0xFC, 0xFF, 0xF3, 0xF9,
    0xFF, 0xE6, 0x33, 0x00, 0xCC, 0x66, 0x01, 0x98, 0xCC, 0x03, 0x31, 0x9F, 0xFE, 0x7F, 0x3F, 0xFC,
    0xFE, 0x7F, 0xF9, 0x8C, 0xC3, 0x03, 0x19, 0x86, 0x06, 0x33, 0x0C, 0x0F, 0xE7, 0xFF, 0xFF, 0xCF,
    0xFF, 0xF1, 0x98, 0x70, 0x63, 0x30, 0xE0, 0xC6, 0x61, 0xC1, 0xFC, 0xC1, 0x8B, 0xF9, 0x83, 0x9E,
    0x03, 0x1F, 0x7C, 0x07, 0xF7, 0xF8, 0x3F, 0xEF, 0xC0, 0x3C, 0x0F, 0x00, 0x00, 0x00, 0x03, 0x80,
    0xE0, 0x07, 0x81, 0xC0, 0x07, 0x07, 0x01, 0xFF, 0xFF, 0xE3, 0xFF, 0xFF, 0xC0, 0x07, 0x00, 0x07,
    0xFF, 0xFE, 0x07, 0xFF, 0xFC, 0x00, 0xE0, 0x00, 0xFF, 0xFF, 0xFD, 0xFF, 0xFF, 0xF8, 0x1E, 0x00,
    0x00, 0x3F, 0xFF, 0x80, 0xFF, 0xFF, 0x03, 0xE0, 0x06, 0x0F, 0xFF, 0xFC, 0x7B, 0xFF, 0xF9, 0xE7,
    0x00, 0x31, 0x8F, 0xFF, 0xE0, 0x1C, 0x00, 0xC0, 0x3F, 0xFF, 0x80, 0x7F, 0xFF, 0x00, 0xE0, 0x06,
    0x00, 0x00, 0x00, 0x00, 0x00, 0x00, 0x00, 0x0F, 0xE3, 0xFB, 0xFF, 0xE7, 0xF7, 0xFF, 0x0C, 0x60,
    0x30, 0x18, 0xC0, 0x60, 0x31, 0xBF, 0xFE, 0x63, 0xFF, 0xFE, 0xFF, 0xFF, 0xFD, 0xFC, 0xC6, 0x63,
    0x19, 0x8C, 0xC6, 0x3F, 0xFF, 0xEC, 0x7F, 0xFF, 0xFF, 0xFF, 0xFF, 0xBF, 0x98, 0xCC, 0x63, 0x31,
    0x98, 0xC7, 0xFF, 0xFD, 0x8F, 0xFF, 0xFB, 0xFF, 0xFF, 0xF7, 0xF0, 0x18, 0x0C, 0x00, 0x30, 0x18,
    0x00, 0x60, 0x30, 0x3F, 0xFE, 0x00, 0x7F, 0xFC, 0x00, 0x00, 0x00, 0x18, 0x00, 0x00, 0x38, 0x1F,
    0xFF, 0x38, 0x1F, 0xFF, 0x3F, 0xC0, 0x00, 0x3F, 0xC0, 0x00, 0x76, 0x1F, 0xFE, 0x76, 0x1F, 0xFE,
    0x66, 0x1C, 0x0E, 0x66, 0x1C, 0x0E, 0x06, 0x1C, 0x0E, 0xFF, 0xFC, 0x0E, 0xFF, 0xFC, 0x0E, 0x06,
    0x1F, 0xFE, 0x0E, 0x1F, 0xFE, 0x0F, 0x04, 0x0C, 0x0F, 0x0E, 0x1C, 0x1F, 0x86, 0x1C, 0x1D, 0xC7,
    0x18, 0x38, 0xC7, 0x38, 0x38, 0x43, 0x30, 0x70, 0x3F, 0xFF, 0x60, 0x3F, 0xFF, 0x00, 0x00, 0x00,
    0x7F, 0xDF, 0xFC, 0x7F, 0xDF, 0xFC, 0x0C, 0x00, 0x1C, 0x0C, 0x0C, 0x1C, 0x1C, 0x0C, 0x1C, 0x1C,
    0x0C, 0x1C, 0x18, 0x0C, 0x1C, 0x18, 0x0C, 0x1C, 0x3F, 0xCC, 0x18, 0x3F, 0xCC, 0x18, 0x79, 0xDF,
    0xFF, 0x79, 0xDF, 0xFF, 0x79, 0xC0, 0x07, 0x79, 0xC0, 0x07, 0x19, 0xDF, 0xF7, 0x19, 0xFF, 0xFE,
    0x19, 0xFF, 0xFE, 0x1F, 0xC0, 0x06, 0x1F, 0xC0, 0x06, 0x18, 0x00, 0x0E, 0x18, 0x00, 0xFC, 0x00,
    0x00, 0xFC, 0x00, 0x00, 0x00, 0x00, 0x00, 0x00, 0x00, 0x38, 0x0F, 0xF8, 0xC0, 0x3F, 0xE7, 0xFC,
    0x1C, 0x1F, 0xF0, 0x60, 0xE1, 0x81, 0x87, 0x0E, 0x0E, 0x1F, 0xFF, 0x38, 0xFF, 0xFC, 0xC3, 0xC6,
    0x37, 0xFB, 0x18, 0xDF, 0xEC, 0x63, 0xF3, 0xBF, 0xFF, 0xCE, 0xFF, 0xFF, 0x3B, 0x18, 0xFC, 0xEC,
    0x63, 0x33, 0xBF, 0xFC, 0xCF, 0xFF, 0xF3, 0x3F, 0x18, 0xCF, 0xFC, 0x63, 0x3F, 0xF1, 0x8C, 0xC3,
    0x86, 0x33, 0x0E, 0x1B, 0xC0, 0x30, 0x6F, 0x00, 0x00, 0x00, 0x0F, 0xFF, 0xFC, 0x0F, 0xFF, 0xFC,
    0x00, 0x00, 0x00, 0x00, 0x00, 0x00, 0x00, 0x00, 0x00, 0x00, 0x00, 0x00, 0x7F, 0xFF, 0xFF, 0x7F,
    0xFF, 0xFF, 0x00, 0x1C, 0x00, 0x00, 0x1C, 0x00, 0x03, 0x1C, 0x30, 0x07, 0x1C, 0x70, 0x07, 0x1C,
    0x38, 0x0E, 0x1C, 0x1C, 0x1E, 0x1C, 0x1C, 0x1C, 0x1C, 0x0E, 0x38, 0x1C, 0x0E, 0x70, 0x1C, 0x07,
    0x30, 0x1C, 0x06, 0x01, 0xFC, 0x00, 0x00, 0xFC, 0x00, 0x00, 0x00, 0x00, 0x00, 0x00, 0x40, 0x03,
    0x00, 0x60, 0x03, 0x00, 0x60, 0x3F, 0xFF, 0xFE, 0x7F, 0xFF, 0xFE, 0x07, 0x80, 0xF0, 0x0F, 0xC1,
    0xF8, 0x1F, 0xF3, 0xFC, 0x3B, 0x77, 0x6E, 0x73, 0x1E, 0x67, 0x63, 0x0C, 0x63, 0x03, 0x00, 0x60,
    0x0F, 0xFF, 0xF8, 0x0F, 0xFF, 0xF8, 0x00, 0x00, 0x00, 0x7F, 0xFF, 0xFF, 0x7F, 0xFF, 0xFF, 0x3F,
    0xFF, 0xFE, 0x03, 0x1C, 0x60, 0x07, 0x1C, 0x70, 0x0E, 0x1C, 0x3C, 0x3C, 0x1C, 0x1E, 0x78, 0xFC,
    0x0E, 0x30, 0xF8, 0x06, 0x00, 0x00, 0x00, 0x00, 0xC0, 0xC0, 0x07, 0xE0, 0x60, 0x1F, 0xF0, 0x30,
    0x0F, 0xC0, 0x18, 0x00, 0x60, 0xCD, 0xC0, 0x30, 0x66, 0x60, 0x18, 0x33, 0x38, 0xFF, 0xF9, 0x8C,
    0x7F, 0xFC, 0xC7, 0x07, 0x8C, 0x63, 0x83, 0xCE, 0x30, 0xC3, 0xF7, 0x18, 0x41, 0xFD, 0x0C, 0x61,
    0xF7, 0x06, 0x70, 0xD9, 0x03, 0x38, 0xEC, 0x01, 0xB8, 0xE6, 0x00, 0x38, 0x33, 0x00, 0x3C, 0x01,
    0x80, 0x7C, 0x00, 0xC0, 0x7C, 0x00, 0x61, 0xF8, 0x00, 0x33, 0xF0, 0x00, 0x19, 0xE0, 0x00, 0x01,
    0xC6, 0x00, 0x0F, 0xE3, 0x00, 0x1F, 0xE3, 0x80, 0x06, 0xC1, 0xFF, 0xE0, 0x60, 0xFF, 0xF0, 0x30,
    0xE6, 0x30, 0x18, 0x73, 0x38, 0xFF, 0xF1, 0x9C, 0x7F, 0xF8, 0xC4, 0x07, 0x18, 0x64, 0x03, 0xC3,
    0xB7, 0x01, 0xF1, 0xD9, 0x81, 0xFC, 0xCC, 0xE0, 0xF6, 0xE6, 0x70, 0xDB, 0x73, 0x18, 0xEC, 0x31,
    0x8E, 0x66, 0x38, 0xC7, 0x33, 0x1C, 0x63, 0x91, 0x8C, 0x30, 0xC0, 0xC0, 0x18, 0x00, 0x60, 0x0C,
    0x00, 0x30, 0x3E, 0x00, 0x18, 0x1F, 0x00, 0x00, 0x00, 0x00, 0x00, 0x00, 0x00, 0x00, 0xC0, 0xE0,
    0x07, 0xF0, 0x70, 0x0F, 0xF0, 0x7F, 0xC3, 0xE0, 0xFF, 0xE0, 0x30, 0xF0, 0xF0, 0x18, 0xF8, 0x70,
    0x0C, 0x6F, 0xF0, 0x7F, 0xC3, 0xF0, 0x3F, 0xE1, 0xF0, 0x03, 0x87, 0xFC, 0x01, 0xE7, 0xDC, 0x01,
    0xFB, 0x1F, 0xF0, 0xFE, 0x1F, 0xFC, 0xFB, 0x1E, 0x1C, 0x6D, 0x3E, 0x0E, 0x76, 0x3F, 0x8E, 0x33,
    0x1D, 0xEE, 0x19, 0x80, 0x7E, 0x08, 0xC0, 0x1E, 0x00, 0x60, 0x3E, 0x00, 0x30, 0x7E, 0x00, 0x19,
    0xFC, 0x00, 0x0C, 0xF0, 0x00, 0x00, 0x00, 0x00, 0x00, 0x01, 0xC0, 0x00, 0x0F, 0xDF, 0xFE, 0x7F,
    0x9F, 0xFE, 0x7E, 0x18, 0x06, 0x06, 0x18, 0x06, 0x06, 0x18, 0x06, 0x06, 0x18, 0x06, 0x7F, 0xDF,
    0xFE, 0x7F, 0xDF, 0xFE, 0x0E, 0x00, 0x00, 0x0E, 0x00, 0x00, 0x1F, 0x3F, 0xFF, 0x1F, 0xBF, 0xFF,
    0x3F, 0xC0, 0xC0, 0x36, 0xE0, 0xC0, 0x76, 0x40, 0xC0, 0xE6, 0x1F, 0xFE, 0x66, 0x1F, 0xFE, 0x46,
    0x00, 0xC0, 0x06, 0x00, 0xC0, 0x06, 0x3F, 0xFF, 0x06, 0x7F, 0xFF, 0x06, 0x7F, 0xFF, 0x00, 0x00,
    0x00, 0x01, 0xC0, 0x00, 0x07, 0x00, 0x00, 0x0E, 0x00, 0xFF, 0xFF, 0xFB, 0xFF, 0xFF, 0xEC, 0x00,
    0x01, 0xB0, 0x61, 0x86, 0xC3, 0xC7, 0x9B, 0x3E, 0x0F, 0x63, 0xE0, 0x1F, 0x3F, 0x00, 0x1E, 0xF0,
    0x00, 0x30, 0x7F, 0xFF, 0xC1, 0xFF, 0xFF, 0x00, 0x0C, 0x00, 0x00, 0x30, 0x00, 0x00, 0xC0, 0x00,
    0x03, 0x00, 0x00, 0x0C, 0x00, 0x00, 0x30, 0x03, 0xFF, 0xFF, 0xEF, 0xFF, 0xFF, 0x80, 0x00, 0x30,
    0x00, 0x00, 0x70, 0x00, 0x00, 0xE0, 0x00, 0x00, 0xC0, 0x00, 0x01, 0x80, 0x0F, 0xFF, 0xFF, 0x9F,
    0xFF, 0xFF, 0x00, 0x00, 0x00, 0x07, 0x00, 0xE0, 0x0E, 0x01, 0xC0, 0x1C, 0x03, 0x80, 0x18, 0x0E,
    0x00, 0x38, 0x1C, 0x00, 0x70, 0x38, 0x00, 0xE0, 0xE0, 0x00, 0xC1, 0xC0, 0x01, 0xC3, 0x80, 0x03,
    0x8E, 0x00, 0x07, 0x1C, 0x00, 0x00, 0x30, 0x0F, 0xFF, 0xFF, 0xFF, 0xFF, 0xFF, 0xC0, 0x01, 0x00,
    0x00, 0x03, 0xBF, 0xFC, 0x33, 0xBF, 0xFC, 0x33, 0x98, 0x38, 0x33, 0x9C, 0x38, 0x33, 0x8C, 0x70,
    0x33, 0x8E, 0x70, 0x33, 0x87, 0xE0, 0x33, 0x83, 0xC0, 0x33, 0x87, 0xE0, 0x33, 0x9F, 0xF8, 0x33,
    0xFC, 0x7E, 0x23, 0xB8, 0x1E, 0x00, 0x38, 0x00, 0x3F, 0xFF, 0xFC, 0x3F, 0xFF, 0xFC, 0x07, 0x00,
    0xC0, 0x07, 0x01, 0xC0, 0x03, 0x01, 0xC0, 0x03, 0x81, 0x80, 0x03, 0x83, 0x80, 0xFF, 0xFF, 0xFE,
    0xFF, 0xFF, 0xFE, 0x00, 0x30, 0x00, 0x00, 0x60, 0x00, 0x00, 0xE0, 0x03, 0xFF, 0xFF, 0xC7, 0xFF,
    0xFF, 0x80, 0xE0, 0x30, 0x00, 0xE0, 0xE0, 0x7F, 0xFF, 0xFF, 0xFF, 0xFF, 0xFE, 0x00, 0x00, 0x00,
    0x7F, 0xFF, 0xC0, 0xFF, 0xFF, 0x81, 0x80, 0x07, 0x03, 0xFF, 0xFE, 0x07, 0xFF, 0xFC, 0x0C, 0x00,
    0x38, 0x1F, 0xFF, 0xF0, 0x3F, 0xFF, 0xE0, 0x00, 0xE0, 0x07, 0xFF, 0xFF, 0xFF, 0xFF, 0xFF, 0xE0,
    0x07, 0x00, 0x00, 0x0E, 0x00, 0x00, 0x1C, 0x00, 0x00, 0x01, 0x80, 0x1C, 0x31, 0xC6, 0x0C, 0x31,
    0xC6, 0x0E, 0x31, 0xC6, 0x06, 0x31, 0xC6, 0x7F, 0xF1, 0xC6, 0x7F, 0xFF, 0xFE, 0x01, 0x3F, 0xFE,
    0x31, 0x80, 0x00, 0x33, 0xFF, 0xFF, 0x33, 0xFF, 0xFF, 0x33, 0x01, 0x80, 0x33, 0x01, 0x80, 0x33,
    0x3F, 0xFE, 0x3B, 0x7F, 0xFF, 0x3B, 0x73, 0x67, 0x3F, 0x73, 0x67, 0x07, 0xF3, 0x67, 0x7F, 0xF3,
    0x67, 0x7E, 0x73, 0x67, 0x60, 0x73, 0x67, 0x00, 0x73, 0x7F, 0x00, 0x73, 0x6E, 0x00, 0x00, 0x00,
    0x00, 0x00, 0x00, 0x38, 0x0E, 0x00, 0x60, 0x18, 0x01, 0xFF, 0x7F, 0xF3, 0xFE, 0xFF, 0xEE, 0xE3,
    0xB8, 0x39, 0xCE, 0x38, 0x71, 0xDC, 0x30, 0x47, 0x10, 0x70, 0x0C, 0x00, 0xE0, 0x38, 0x01, 0xC0,
    0xEF, 0xFF, 0xF3, 0xDF, 0xFF, 0xE7, 0x80, 0x0E, 0x1F, 0x18, 0x1C, 0x7E, 0x38, 0x38, 0x7C, 0x70,
    0x70, 0x38, 0x70, 0xE0, 0x70, 0x71, 0xC0, 0xE0, 0xE3, 0x81, 0xC0, 0x07, 0x03, 0x80, 0x0E, 0x07,
    0x01, 0xFC, 0x0E, 0x03, 0xF0, 0x00, 0x00, 0x00, 0x08, 0x02, 0x00, 0x18, 0x06, 0x00, 0x70, 0x1C,
    0x00, 0xFF, 0xBF, 0xF3, 0xFF, 0xFF, 0xEE, 0x71, 0xCE, 0x3C, 0xE7, 0x1C, 0x70, 0xCC, 0x18, 0x3F,
    0xFF, 0xF8, 0x7F, 0xFF, 0xF0, 0x00, 0xE0, 0x60, 0x01, 0xC0, 0xC1, 0xFF, 0xFF, 0x83, 0xFF, 0xFF,
    0x06, 0x0E, 0x00, 0x1C, 0x1C, 0x00, 0x3F, 0xFF, 0xFC, 0x7F, 0xFF, 0xF8, 0x07, 0xE0, 0x70, 0x1F,
    0xC0, 0xE0, 0x7B, 0x81, 0xC3, 0xC7, 0x3F, 0x1F, 0x0E, 0x7E, 0x38, 0x1C, 0x00, 0x00, 0x00, 0x00,
    0x08, 0x02, 0x00, 0x0C, 0x07, 0x00, 0x1C, 0x07, 0x00, 0x1F, 0xFF, 0xFF, 0x3F, 0xFF, 0xFE, 0x33,
    0x1C, 0xE0, 0x73, 0x9C, 0x70, 0xE1, 0xBC, 0x30, 0x00, 0x7E, 0x00, 0x01, 0xE7, 0x80, 0x07, 0xC3,
    0xE0, 0x1F, 0x00, 0xFC, 0x7F, 0xFF, 0xFF, 0x79, 0xFF, 0x8E, 0x00, 0x10, 0x30, 0x0C, 0x38, 0x30,
    0x0E, 0x18, 0x70, 0x07, 0x1C, 0x60, 0x03, 0x0C, 0xE0, 0x03, 0x8D, 0xC0, 0x00, 0x01, 0xC0, 0x7F,
    0xFF, 0xFE, 0x7F, 0xFF, 0xFE, 0x08, 0x00, 0x00, 0x18, 0x06, 0x00, 0x70, 0x1C, 0x00, 0xFF, 0xBF,
    0xF3, 0xFF, 0xFF, 0xEE, 0x73, 0x9C, 0x3C, 0x77, 0x1C, 0x34, 0xC0, 0x10, 0x1C, 0xFF, 0xFC, 0x1D,
    0xFF, 0xF8, 0xDC, 0x00, 0x71, 0xB0, 0x00, 0xE3, 0x1F, 0xF1, 0xC6, 0x3F, 0xF3, 0x8C, 0x60, 0x67,
    0x18, 0xFF, 0xCE, 0x31, 0xFF, 0x9C, 0x63, 0xFF, 0x38, 0xC6, 0x06, 0x71, 0x8F, 0xFC, 0xE3, 0x1F,
    0xF9, 0xC6, 0x00, 0x03, 0x8C, 0x00, 0x3F, 0x18, 0x00, 0x7C, 0x00, 0x00, 0x00, 0x0C, 0x03, 0x80,
    0x1C, 0x07, 0x00, 0x1F, 0xF7, 0xFF, 0x3F, 0xFF, 0xFF, 0x73, 0x9C, 0x70, 0x77, 0xFF, 0xF8, 0x0F,
    0xFF, 0xFC, 0x0E, 0x00, 0x1C, 0x0F, 0xFF, 0xFC, 0x0F, 0xFF, 0xFC, 0x0E, 0x00, 0x1C, 0x0F, 0xFF,
    0xFC, 0x0F, 0xFF, 0xFC, 0x0F, 0xFF, 0xFC, 0x0F, 0xFF, 0xFC, 0x01, 0xC0, 0xE0, 0x01, 0xC0, 0xE0,
    0x7F, 0xFF, 0xFF, 0x7F, 0xFF, 0xFF, 0x03, 0x80, 0xE0, 0x0F, 0x00, 0xE0, 0x3E, 0x00, 0xE0, 0x3C,
    0x00, 0xE0, 0x00, 0x00, 0x00, 0x00, 0x00, 0x00, 0x38, 0x06, 0x00, 0x70, 0x1C, 0x01, 0xFF, 0xBF,
    0xF3, 0xFF, 0xFF, 0xEE, 0x71, 0xCE, 0x18, 0x6F, 0x0E, 0x10, 0x0C, 0x00, 0x3F, 0xFF, 0xFE, 0x7F,
    0xFF, 0xFC, 0xC0, 0x00, 0x19, 0xFF, 0xFF, 0xB1, 0xFF, 0xFF, 0x41, 0xC0, 0x0E, 0x03, 0xFF, 0xFC,
    0x07, 0xFF, 0xF8, 0x0E, 0x00, 0x00, 0x1F, 0xFF, 0xF0, 0x3F, 0xFF, 0xF0, 0x7F, 0xFF, 0xE0, 0xE0,
    0x01, 0xC1, 0xFF, 0xFF, 0x83, 0xFF, 0xFF, 0x07, 0xFF, 0xFE, 0x00, 0x00, 0x00, 0x0C, 0x07, 0x00,
    0x38, 0x0E, 0x00, 0xFF, 0xFF, 0xF9, 0xFF, 0xFF, 0xF7, 0x39, 0xC6, 0x1C, 0x73, 0x1E, 0x11, 0xC0,
    0x70, 0x03, 0x81, 0xC0, 0xFF, 0xFF, 0xFF, 0xFF, 0xFF, 0xFC, 0x00, 0x00, 0x01, 0xFF, 0x18, 0xE3,
    0xFE, 0x31, 0xC6, 0x0C, 0x63, 0x8F, 0xF8, 0xC7, 0x1F, 0xF1, 0x8E, 0x30, 0x63, 0x1C, 0x7F, 0xC6,
    0x38, 0xFF, 0x8C, 0x71, 0x83, 0x00, 0xE3, 0x06, 0x01, 0xC6, 0x7C, 0x3F, 0x8C, 0x78, 0x3E, 0x00,
    0x00, 0x00, 0x04, 0x00, 0x00, 0x0E, 0x03, 0x80, 0x0E, 0x03, 0x80, 0x1F, 0xFF, 0xFF, 0x1F, 0xFF,
    0xFF, 0x39, 0xCE, 0x70, 0x77, 0xCF, 0xB8, 0x37, 0x07, 0x98, 0x3F, 0xFF, 0xFE, 0x7F, 0xFF, 0xFF,
    0x07, 0x03, 0x98, 0x3F, 0xC3, 0x98, 0x3F, 0xDF, 0xFF, 0x07, 0x1F, 0xFF, 0x7F, 0xE0, 0x00, 0x7F,
    0xE7, 0xFC, 0x7F, 0xE7, 0xFE, 0x0F, 0x86, 0x0E, 0x1F, 0xC7, 0xFE, 0x3F, 0xE7, 0xFE, 0x77, 0x66,
    0x0E, 0x77, 0x06, 0x0E, 0x67, 0x07, 0xFE, 0x07, 0x07, 0xFE, 0x06, 0x00, 0x00, 0x03, 0x00, 0x00,
    0x09, 0x9B, 0xFF, 0x0E, 0xCD, 0xFF, 0x83, 0x6E, 0xC0, 0xC1, 0xB6, 0x60, 0x60, 0xDB, 0x30, 0x30,
    0x7D, 0x98, 0x18, 0x06, 0x8F, 0xFC, 0x3F, 0xF7, 0xFE, 0x1F, 0xFB, 0x03, 0x01, 0xC1, 0x81, 0x80,
    0xF0, 0xC0, 0xC0, 0x7C, 0x60, 0x60, 0x7F, 0x30, 0x30, 0x3D, 0x9F, 0xF8, 0x3E, 0xEF, 0xFC, 0x1B,
    0x26, 0x06, 0x1D, 0x83, 0x03, 0x0C, 0xC1, 0x81, 0x86, 0x60, 0xC0, 0xC0, 0x30, 0x60, 0x60, 0x19,
    0xFF, 0xFC, 0x0C, 0xFF, 0xFE, 0x00, 0x01, 0xF0, 0x0F, 0xFF, 0xF0, 0xFF, 0xFF, 0x01, 0xFF, 0x80,
    0x00, 0x1E, 0x08, 0x00, 0x78, 0x38, 0x01, 0xE1, 0xF0, 0x07, 0xFF, 0x80, 0x1F, 0xFE, 0x00, 0x3F,
    0xF1, 0x80, 0x07, 0xC3, 0x80, 0x3E, 0x03, 0x81, 0xFF, 0xFF, 0x87, 0xFF, 0xFF, 0x8F, 0xFE, 0x07,
    0x01, 0x0C, 0x46, 0x07, 0x19, 0xC0, 0x1E, 0x31, 0xE0, 0x78, 0x61, 0xE1, 0xE0, 0xC1, 0xE7, 0x81,
    0x81, 0xE6, 0x3F, 0x01, 0x80, 0x7E, 0x00, 0x00, 0x00, 0x00, 0x00, 0x18, 0x00, 0x00, 0x30, 0x01,
    0xFF, 0xFF, 0xFB, 0xFF, 0xFF, 0xF0, 0x01, 0x80, 0x00, 0x03, 0x00, 0x1F, 0xFF, 0xFF, 0xBF, 0xFF,
    0xFF, 0x60, 0x70, 0x06, 0xC3, 0xC3, 0x0D, 0x9E, 0x7F, 0x18, 0x7F, 0xFA, 0x00, 0xFF, 0xCE, 0x00,
    0x7E, 0x0E, 0x07, 0xFF, 0xFE, 0x1F, 0xFF, 0xFE, 0x3F, 0xDC, 0x0E, 0x06, 0x39, 0x88, 0x1C, 0x77,
    0xC0, 0xF0, 0xE3, 0xC3, 0xC1, 0xC3, 0xCF, 0x3F, 0x81, 0xD8, 0x3E, 0x01, 0x00, 0x00, 0x00, 0x03,
    0x00, 0x00, 0x66, 0xFF, 0xF8, 0xCD, 0xFF, 0xE1, 0x98, 0xE1, 0xC3, 0x30, 0xE7, 0x06, 0x60, 0xFC,
    0x0C, 0xC1, 0xF0, 0x19, 0x87, 0xF0, 0x33, 0x7F, 0xFC, 0x47, 0xF0, 0x7C, 0x0F, 0x8C, 0x30, 0x3C,
    0x7C, 0x00, 0xFF, 0xE0, 0x01, 0xFF, 0x9C, 0x00, 0xFC, 0x3C, 0x0F, 0xFF, 0xFC, 0x3F, 0xFF, 0xFC,
    0x7F, 0xF0, 0x18, 0x1C, 0x67, 0x00, 0x78, 0xCF, 0x03, 0xE1, 0x87, 0x8F, 0x3F, 0x07, 0x9C, 0x3E,
    0x03, 0x00, 0x00, 0x00, 0x0E, 0x07, 0x60, 0x0E, 0x07, 0x78, 0x0C, 0x07, 0x3C, 0x1C, 0x03, 0x08,
    0x18, 0x03, 0x3C, 0x39, 0x9F, 0xFC, 0x33, 0xBF, 0xF8, 0x73, 0xBF, 0x00, 0xFF, 0x03, 0x00, 0xFE,
    0x03, 0xBE, 0xCE, 0x07, 0xFE, 0x1C, 0x7F, 0xF8, 0x38, 0x7F, 0x86, 0x3F, 0x83, 0x8E, 0xFF, 0x81,
    0x9C, 0xFE, 0x01, 0xFC, 0x40, 0x01, 0xF8, 0x01, 0x81, 0xF0, 0x1F, 0x83, 0xE2, 0xFF, 0x8F, 0xE7,
    0xF8, 0x7E, 0x77, 0xC0, 0x78, 0x7E, 0x00, 0x60, 0x3E, 0x02, 0x00, 0x00, 0x03, 0x00, 0x00, 0x07,
    0x1F, 0xFF, 0x07, 0x1F, 0xFF, 0x0E, 0x18, 0xC7, 0x0C, 0x18, 0xC7, 0x1C, 0x58, 0xC7, 0x38, 0xF8,
    0xC7, 0x73, 0xD8, 0xC7, 0x7F, 0xD8, 0xC7, 0x7F, 0x98, 0xC7, 0x07, 0x1F, 0xFF, 0x0E, 0x1F, 0xFF,
    0x1C, 0x18, 0xC7, 0x3F, 0xF8, 0xC7, 0x7F, 0xF8, 0xC7, 0x7E, 0x18, 0xC7, 0x00, 0x18, 0xC7, 0x00,
    0x18, 0xC7, 0x07, 0xF8, 0xC7, 0x7F, 0xFF, 0xFF, 0x7F, 0x1F, 0xFF, 0x60, 0x18, 0x07, 0x00, 0x18,
    0x06, 0x04, 0x03, 0x00, 0x03, 0x03, 0x80, 0x03, 0x81, 0xC0, 0x01, 0xC1, 0xFF, 0x81, 0xC0, 0xFF,
    0xC0, 0xC0, 0xF0, 0xE0, 0xE6, 0xF8, 0xE0, 0x63, 0xEE, 0xF0, 0x77, 0xE3, 0xF0, 0x7F, 0x80, 0xF0,
    0x1F, 0xC0, 0xF8, 0x01, 0xC1, 0xFF, 0x01, 0xC3, 0xF3, 0xE1, 0xC3, 0xE0, 0xF9, 0xFF, 0xCE, 0x1D,
    0xFF, 0x07, 0xC0, 0x7C, 0x00, 0xF0, 0x00, 0x00, 0x18, 0x00, 0x03, 0x00, 0x01, 0xFB, 0xF0, 0x0F,
    0xFC, 0xFE, 0x07, 0xE0, 0x0F, 0xC0, 0x00, 0x00, 0xF0, 0x00, 0x00, 0x10, 0x00, 0x00, 0xC0, 0x06,
    0x00, 0xC0, 0x0E, 0x00, 0xC0, 0x0E, 0x00, 0xC0, 0x1C, 0x3F, 0xFF, 0x1C, 0x3F, 0xFF, 0x39, 0xC0,
    0xC0, 0x31, 0xC0, 0xC0, 0x73, 0xC0, 0xC0, 0xFF, 0x80, 0xC0, 0xFF, 0x3F, 0xFF, 0x4E, 0x1F, 0xFF,
    0x1E, 0x00, 0x00, 0x1C, 0x40, 0x00, 0x3F, 0xDF, 0xFC, 0x7F, 0xDF, 0xFC, 0x7C, 0x18, 0x0C, 0x40,
    0x18, 0x0C, 0x00, 0x18, 0x0C, 0x07, 0xD8, 0x0C, 0xFF, 0xD8, 0x0C, 0xFF, 0x1F, 0xFC, 0xE0, 0x1F,
    0xFC, 0x00, 0x18, 0x0C, 0x00, 0x06, 0x00, 0x0E, 0x06, 0x00, 0x0E, 0x0E, 0x00, 0x0C, 0x0F, 0xFC,
    0x1C, 0x1F, 0xFC, 0x18, 0x3C, 0x1C, 0x39, 0xFC, 0x38, 0x73, 0xFE, 0x78, 0x7F, 0xE7, 0xF0, 0xFF,
    0x03, 0xE0, 0xFE, 0x07, 0xE0, 0x0E, 0x1F, 0xF8, 0x1C, 0x7E, 0x3F, 0x3B, 0xF8, 0x0E, 0x7F, 0xDF,
    0xFC, 0xFF, 0x1F, 0xFC, 0xF0, 0x18, 0x1C, 0x00, 0x18, 0x1C, 0x01, 0x98, 0x1C, 0x0F, 0x98, 0x1C,
    0xFF, 0x98, 0x1C, 0xFC, 0x1F, 0xFC, 0xE0, 0x1F, 0xFC, 0x00, 0x18, 0x1C, 0x00, 0x00, 0x00, 0x02,
    0x00, 0x80, 0x03, 0x80, 0xE0, 0x01, 0xC0, 0x70, 0x01, 0xC0, 0x18, 0x00, 0xE3, 0xFF, 0xF0, 0xE1,
    0xFF, 0xF8, 0x73, 0x0E, 0x00, 0x73, 0x8E, 0x30, 0x73, 0xCF, 0x18, 0x3F, 0xC7, 0x0E, 0x1F, 0xCF,
    0x1F, 0x8D, 0xC7, 0xFF, 0xC0, 0xE3, 0xFF, 0xF0, 0xE1, 0xF3, 0x98, 0xEF, 0x39, 0xC0, 0xFF, 0x9C,
    0xE0, 0x7F, 0x0E, 0x70, 0x38, 0x07, 0x38, 0x00, 0x13, 0x9C, 0x00, 0xFB, 0x8E, 0x73, 0xFD, 0xC7,
    0x3B, 0xF1, 0xC3, 0x99, 0xC3, 0xE1, 0xFC, 0x01, 0xE0, 0x7E, 0x00, 0x40, 0x00, 0x00, 0x0C, 0x00,
    0xC0, 0x18, 0xC1, 0x80, 0x71, 0xB3, 0x30, 0xE3, 0x76, 0x63, 0x86, 0x6D, 0xC7, 0x2C, 0xDB, 0x1C,
    0xF9, 0xB6, 0x31, 0xB0, 0x60, 0xFF, 0x7F, 0xFF, 0xFC, 0xDF, 0xFF, 0x31, 0x87, 0x80, 0xE3, 0x0F,
    0x83, 0x86, 0x3F, 0x8F, 0xFC, 0xFB, 0xBF, 0xDB, 0xB3, 0xFE, 0x37, 0x67, 0x80, 0x6C, 0xC0, 0x00,
    0xC1, 0x80, 0x3F, 0x83, 0x07, 0xFF, 0x00, 0x0F, 0xC7, 0xFF, 0xF8, 0x0F, 0xFF, 0xC0, 0x06, 0x03,
    0x80, 0x06, 0x03, 0x86, 0x0E, 0x03, 0x8E, 0x0C, 0x3F, 0xFE, 0x1C, 0x3F, 0xFC, 0x18, 0x83, 0x98,
    0x39, 0xC3, 0xB8, 0x31, 0x83, 0xF0, 0x7F, 0xFF, 0xFF, 0x7F, 0x7F, 0xFF, 0x67, 0x03, 0x80, 0x0E,
    0x0F, 0x00, 0x1C, 0x1F, 0xFC, 0x3F, 0xFF, 0xFC, 0x7F, 0xFC, 0x0C, 0x7C, 0x0C, 0x0C, 0x40, 0x0F,
    0xFC, 0x00, 0xCF, 0xFC, 0x0F, 0xCC, 0x0C, 0x7F, 0xCC, 0x0C, 0x7E, 0x0F, 0xFC, 0x60, 0x0F, 0xFC,
    0x00, 0x0C, 0x0C, 0x00, 0x00, 0x00, 0x06, 0x03, 0x80, 0x0E, 0x03, 0x80, 0x0E, 0x3F, 0xFC, 0x1C,
    0x3F, 0xFC, 0x1C, 0x03, 0x80, 0x39, 0x03, 0x80, 0x33, 0xFF, 0xFE, 0x73, 0x7F, 0xFE, 0xFF, 0x00,
    0x0E, 0xFE, 0x19, 0xCC, 0x7E, 0x1F, 0xDC, 0x1C, 0x67, 0xC8, 0x38, 0x79, 0xC0, 0x3F, 0xB9, 0xC0,
    0x7F, 0x89, 0x80, 0xFC, 0x7F, 0xFE, 0x60, 0x7F, 0xFE, 0x01, 0x83, 0x80, 0x0F, 0x87, 0xE0, 0x7F,
    0x0E, 0x78, 0xF8, 0x1E, 0x3C, 0x60, 0x78, 0x1E, 0x00, 0xF0, 0x07, 0x00, 0x40, 0x02, 0x00, 0x00,
    0x00, 0x06, 0x06, 0xC0, 0x0E, 0x0E, 0xE0, 0x0E, 0x0E, 0x70, 0x1C, 0x0C, 0x70, 0x1C, 0x1F, 0xFF,
    0x39, 0xBF, 0xFF, 0x31, 0xB8, 0x60, 0x73, 0xF8, 0x60, 0xFF, 0xF8, 0x60, 0x7F, 0x7F, 0xFE, 0x4E,
    0x5F, 0xFE, 0x1C, 0x18, 0x60, 0x18, 0x18, 0x60, 0x3F, 0x98, 0x60, 0x7F, 0x9F, 0xFE, 0x7C, 0x1F,
    0xFE, 0x40, 0x18, 0x60, 0x00, 0x98, 0x60, 0x1F, 0xD8, 0x60, 0xFF, 0x9F, 0xFF, 0x78, 0x1F, 0xFF,
    0x00, 0x18, 0x00, 0x00, 0x18, 0x00, 0x06, 0x00, 0x1E, 0x03, 0xBF, 0xFF, 0x03, 0x9F, 0xFF, 0x01,
    0xC6, 0x31, 0xC0, 0xC3, 0x98, 0xE0, 0xE4, 0xCE, 0xE0, 0xE7, 0x66, 0x60, 0x73, 0xFF, 0xFE, 0x7F,
    0xBF, 0xFF, 0x3F, 0x87, 0x00, 0x1D, 0xDF, 0xFF, 0xC1, 0xCF, 0xFF, 0xE1, 0xC0, 0xE0, 0x01, 0xFE,
    0x7F, 0xE1, 0xFF, 0x7F, 0xF8, 0xFC, 0x3C, 0x38, 0x40, 0x1F, 0x1C, 0x00, 0xFF, 0xDC, 0x03, 0xFE,
    0xFC, 0x0F, 0xEE, 0x3E, 0x07, 0xCE, 0x7F, 0xC3, 0x0F, 0xFD, 0xFC, 0x03, 0x78, 0x3C, 0x00, 0x00,
    0x00, 0x00, 0x01, 0x80, 0x0E, 0x03, 0x80, 0x0E, 0x01, 0xC0, 0x1C, 0x3F, 0xFE, 0x1C, 0x3F, 0xFE,
    0x18, 0x30, 0x06, 0x3B, 0xB0, 0x06, 0x33, 0xB0, 0x06, 0x73, 0x3F, 0xFE, 0xFF, 0x3F, 0xFE, 0xFE,
    0x30, 0x00, 0x0C, 0x3F, 0xFE, 0x1C, 0x3F, 0xFE, 0x38, 0x39, 0xB6, 0x3F, 0x79, 0xB6, 0x7F, 0x79,
    0xB6, 0x7C, 0x79, 0xB6, 0x40, 0x7F, 0xFE, 0x07, 0x7F, 0xFE, 0x1F, 0xF9, 0xB6, 0xFE, 0xF9, 0xB6,
    0xF0, 0xD9, 0xB6, 0x41, 0xD9, 0xBE, 0x00, 0x99, 0x2E, 0x00, 0x00, 0x00, 0x0E, 0x00, 0xC0, 0x0E,
    0xC1, 0xC0, 0x1C, 0xE3, 0xFE, 0x1C, 0x67, 0xFC, 0x18, 0x6F, 0x9C, 0x3B, 0x7F, 0xF8, 0x33, 0xA0,
    0xF0, 0x77, 0x01, 0xF8, 0xFF, 0x0F, 0xFF, 0xFF, 0xFF, 0x6F, 0x6D, 0xF4, 0x62, 0x1C, 0x37, 0xFE,
    0x38, 0x30, 0x60, 0x3B, 0x33, 0xFC, 0x7F, 0xB7, 0xFC, 0x7E, 0x30, 0x60, 0x40, 0x3F, 0xFE, 0x03,
    0xBF, 0xFE, 0x1F, 0xF0, 0x60, 0xFF, 0xF8, 0x60, 0xF9, 0xDE, 0x01, 0x41, 0xCF, 0xFF, 0x01, 0x83,
    0xFF, 0x00, 0x00, 0x00, 0x00, 0x00, 0x00, 0x03, 0x00, 0xC0, 0x01, 0x80, 0x70, 0x01, 0xCF, 0xFF,
    0xE0, 0xC7, 0xFF, 0xF0, 0xE3, 0x00, 0x18, 0x65, 0xA0, 0x0C, 0x73, 0xF8, 0x06, 0x33, 0x9F, 0xFF,
    0x3F, 0x8D, 0xFF, 0x9F, 0xCE, 0x18, 0x0F, 0xC7, 0x0C, 0x00, 0xC7, 0xBF, 0xE0, 0xE7, 0xDF, 0xF0,
    0xFF, 0xEC, 0x18, 0xFF, 0xF6, 0x0C, 0x7C, 0x3B, 0xFE, 0x20, 0x1D, 0xFF, 0x00, 0xEE, 0xC1, 0x81,
    0xF7, 0x60, 0xC7, 0xF3, 0xB0, 0x63, 0xC1, 0xDF, 0xF1, 0x80, 0xEF, 0xF8, 0x00, 0x76, 0x0C, 0x00,
    0x00, 0x00, 0x00, 0xFF, 0xFF, 0xFF, 0xFF, 0xFF, 0xF0, 0x00, 0x07, 0x81, 0x02, 0x3C, 0x1C, 0x19,
    0xEC, 0xE9, 0xCF, 0x67, 0xEE, 0x7B, 0xB7, 0x73, 0xCF, 0x9F, 0x1E, 0x3C, 0x78, 0xF1, 0xE1, 0xC7,
    0x87, 0x0E, 0x3C, 0x7C, 0xF9, 0xE3, 0xE7, 0xCF, 0x3B, 0xF7, 0x79, 0xCB, 0x9B, 0xDC, 0x38, 0x9F,
    0xC3, 0x80, 0xF4, 0x1C, 0x07, 0x80, 0x00, 0x3C, 0x00, 0x3F, 0xE0, 0x00, 0xF8, 0x00, 0x00, 0x00,
    0x7F, 0xFF, 0xF8, 0xFF, 0xFF, 0xF1, 0x8E, 0x38, 0xE3, 0xFF, 0xFF, 0xC7, 0xFF, 0xFF, 0x80, 0x0E,
    0x00, 0x7F, 0xFF, 0xFE, 0xFF, 0xFF, 0xFC, 0x00, 0xE0, 0x00, 0x7F, 0xFF, 0xC0, 0xFF, 0xFF, 0x81,
    0xC0, 0x07, 0x03, 0xFF, 0xFE, 0x07, 0xFF, 0xFC, 0x0F, 0xFF, 0xF8, 0x1F, 0xFF, 0xF0, 0x38, 0x00,
    0xE0, 0x7F, 0xFF, 0xC0, 0xFF, 0xFF, 0x81, 0xC0, 0x07, 0x1F, 0xFF, 0xFF, 0xFF, 0xFF, 0xFF, 0x80,
    0x07, 0xE0, 0x01, 0xFF, 0xFF, 0xFD, 0xF9, 0xFF, 0xFB, 0xB7, 0x0C, 0x33, 0x6C, 0x18, 0x66, 0xD9,
    0x3C, 0xFF, 0xFF, 0x6D, 0xFF, 0xF6, 0xDB, 0x1F, 0x8F, 0xBE, 0x7F, 0xCF, 0x3D, 0xFB, 0xDE, 0x5F,
    0xB1, 0x0C, 0x3E, 0x60, 0x38, 0xFF, 0xFC, 0xF3, 0xDF, 0xFB, 0xEF, 0xB3, 0x3E, 0xFB, 0x7F, 0xF9,
    0xE6, 0xFF, 0xD3, 0x0D, 0x99, 0x86, 0x1B, 0x33, 0x0C, 0x37, 0xFE, 0x18, 0x6F, 0xFD, 0xF7, 0xD8,
    0x19, 0xEF, 0x80, 0x00, 0x30, 0x00, 0x00, 0x30, 0x00, 0x00, 0x30, 0x0E, 0x00, 0x30, 0x1C, 0x1F,
    0xFF, 0xFC, 0x1F, 0xFF, 0xF8, 0x00, 0x30, 0xF0, 0x00, 0x31, 0xE0, 0x00, 0x33, 0xC0, 0x7F, 0xFF,
    0xFF, 0x7F, 0xFF, 0xFF, 0x00, 0x7C, 0x00, 0x00, 0xF0, 0x00, 0x03, 0xFF, 0xF8, 0x1F, 0xFF, 0xF8,
    0x7F, 0x80, 0x18, 0x79, 0x80, 0x18, 0x21, 0xFF, 0xF8, 0x01, 0xFF, 0xF8, 0x01, 0x80, 0x18, 0x01,
    0x80, 0x18, 0x01, 0xFF, 0xF8, 0x01, 0xFF, 0xF8, 0x01, 0x80, 0x18, 0x00, 0x00, 0x00, 0x18, 0x0C,
    0x00, 0x76, 0x18, 0x01, 0xCE, 0x31, 0xC3, 0x9C, 0x6F, 0xCE, 0x1C, 0xFC, 0x3F, 0xFD, 0xC0, 0x3F,
    0xFB, 0x03, 0x00, 0x26, 0x06, 0x7F, 0x8C, 0x1D, 0xFF, 0x9F, 0xFB, 0xFF, 0x3F, 0xE7, 0x0E, 0x60,
    0x0F, 0xFC, 0xC0, 0x1F, 0xF9, 0x86, 0x3F, 0xF3, 0x3E, 0x70, 0xE7, 0xF8, 0xFF, 0xCF, 0x81, 0xFF,
    0x9C, 0x03, 0x87, 0x30, 0x37, 0x0E, 0x60, 0x6E, 0x1C, 0xC0, 0xDD, 0xF9, 0xFF, 0xB9, 0xE3, 0xFE,
    0x00, 0x00, 0x00, 0x00, 0x03, 0x80, 0x3F, 0x81, 0x80, 0x3F, 0x81, 0xC0, 0x31, 0x80, 0xC0, 0x31,
    0xBF, 0xFF, 0x31, 0xBF, 0xFF, 0x31, 0x80, 0x30, 0x3F, 0xB4, 0x36, 0x3F, 0xBE, 0x76, 0x31, 0xBF,
    0x66, 0x31, 0xBB, 0xE6, 0x31, 0xB9, 0xE6, 0x3F, 0xB9, 0xC6, 0x3F, 0xB9, 0xE6, 0x31, 0xB9, 0xE6,
    0x31, 0xBB, 0xF6, 0x31, 0xBF, 0x3E, 0x31, 0xBE, 0x36, 0x31, 0xBE, 0x06, 0x71, 0xB8, 0x06, 0x71,
    0xBF, 0xFE, 0x67, 0xBF, 0xFE, 0x67, 0x80, 0x06, 0x00, 0x00, 0x00, 0x00, 0x0C, 0x00, 0x3F, 0x8C,
    0x7F, 0x3F, 0x8C, 0x7F, 0x31, 0x8C, 0x7F, 0x31, 0xFF, 0xE3, 0x31, 0xFF, 0xE3, 0x31, 0x8C, 0x63,
    0x3F, 0x8C, 0x63, 0x3F, 0x8C, 0x63, 0x31, 0x8C, 0x63, 0x31, 0xFF, 0xE3, 0x31, 0xFF, 0xE3, 0x31,
    0x98, 0x63, 0x3F, 0x98, 0x63, 0x3F, 0xBB, 0x63, 0x31, 0xBB, 0x63, 0x31, 0xB3, 0x63, 0x31, 0xF7,
    0xFF, 0x71, 0xFF, 0xEE, 0x71, 0xFF, 0xE0, 0x61, 0xC1, 0xE0, 0x6F, 0x80, 0x60, 0x6F, 0x80, 0x60,
    0x01, 0x80, 0x00, 0x70, 0x00, 0x18, 0x00, 0x0E, 0x00, 0xFF, 0xFF, 0xFF, 0xFF, 0xFC, 0x00, 0x1F,
    0x00, 0x07, 0xC0, 0x01, 0xF0, 0x00, 0x7F, 0xFF, 0xFF, 0xFF, 0xFF, 0xC0, 0x01, 0xF0, 0x00, 0x7C,
    0x00, 0x1F, 0xFF, 0xFF, 0xFF, 0xFF, 0xF0, 0x00, 0x7C, 0x00, 0x1F, 0x00, 0x07, 0xC0, 0x01, 0xFF,
    0xFF, 0xFF, 0xFF, 0xFF, 0x00, 0x07, 0x7F, 0xFF, 0xFC, 0xFF, 0xFF, 0xF8, 0x07, 0x00, 0x00, 0x1C,
    0x18, 0x00, 0x70, 0x3C, 0x01, 0xC0, 0x3C, 0x07, 0x80, 0xFC, 0x1F, 0xFF, 0xFC, 0x3F, 0xFF, 0xFC,
    0x78, 0x60, 0x38, 0x00, 0xE0, 0x00, 0x01, 0xC0, 0x00, 0x03, 0x80, 0x07, 0xFF, 0xFF, 0x0F, 0xFF,
    0xFE, 0x00, 0x1C, 0x00, 0x00, 0x38, 0x00, 0x00, 0x70, 0x00, 0x00, 0xE0, 0x07, 0xFF, 0xFF, 0xFF,
    0xFF, 0xFF, 0xE0, 0x00, 0x00, 0x00, 0x00, 0xE0, 0x00, 0x01, 0xE0, 0x00, 0x01, 0xFF, 0x80, 0x03,
    0xFF, 0x80, 0x07, 0x03, 0x80, 0x0F, 0x07, 0x00, 0x1E, 0x07, 0x00, 0x7F, 0xFF, 0xF8, 0x7F, 0xFF,
    0xF8, 0x6C, 0x0C, 0x18, 0x0C, 0x0C, 0x18, 0x0C, 0x0C, 0x18, 0x0C, 0x0C, 0x18, 0x0F, 0xFF, 0xF8,
    0x0F, 0xFF, 0xF8, 0x0C, 0x00, 0x18, 0x0C, 0x00, 0x00, 0x0C, 0x00, 0x07, 0x0C, 0x00, 0x07, 0x0C,
    0x00, 0x07, 0x0E, 0x00, 0x0E, 0x0F, 0xFF, 0xFE, 0x07, 0xFF, 0xFC, 0x03, 0x01, 0x80, 0x06, 0x03,
    0x00, 0x0C, 0x06, 0x07, 0xFF, 0xFF, 0xFF, 0xFF, 0xFF, 0xE0, 0x60, 0x30, 0x00, 0xC0, 0x60, 0x01,
    0x80, 0xC0, 0x00, 0x00, 0x20, 0xFF, 0xFF, 0xE1, 0xFF, 0xFF, 0xC0, 0x0E, 0x01, 0x80, 0x1C, 0x03,
    0x00, 0x38, 0x06, 0x00, 0x70, 0x0C, 0x00, 0xE0, 0x18, 0x01, 0xC0, 0x30, 0x03, 0x80, 0x60, 0x07,
    0x0F, 0xC0, 0x0E, 0x1F, 0x80, 0x1C, 0x00, 0x00, 0x38, 0x00, 0x00, 0x70, 0x00, 0x00, 0x03, 0x01,
    0x80, 0x06, 0x03, 0x00, 0x0C, 0x06, 0x07, 0xFF, 0xFF, 0xFF, 0xFF, 0xFF, 0xE0, 0x60, 0x30, 0x00,
    0xD8, 0x60, 0x01, 0xB8, 0xC0, 0x00, 0x60, 0x01, 0xFF, 0xFF, 0xFF, 0xFF, 0xFF, 0xF8, 0x0E, 0x00,
    0x00, 0x38, 0x00, 0x00, 0x70, 0x00, 0x01, 0xFF, 0xFE, 0x07, 0xFF, 0xFC, 0x1F, 0x00, 0x38, 0xFE,
    0x00, 0x73, 0xDC, 0x00, 0xE7, 0x38, 0x01, 0xC0, 0x70, 0x03, 0x80, 0xFF, 0xFF, 0x01, 0xFF, 0xFE,
    0x03, 0x80, 0x1C, 0x00, 0x00, 0x00, 0x01, 0x00, 0xC0, 0x00, 0xC0, 0x60, 0x00, 0x60, 0x30, 0x0F,
    0xFF, 0xFF, 0xE7, 0xFF, 0xFF, 0xF0, 0x0C, 0x06, 0x00, 0x06, 0x63, 0x00, 0x03, 0x31, 0x80, 0x00,
    0x18, 0x00, 0x07, 0xFF, 0xFC, 0x03, 0xFF, 0xFE, 0x01, 0x83, 0x03, 0x00, 0xC1, 0x81, 0x80, 0x60,
    0xC0, 0xC0, 0x30, 0x60, 0x60, 0xFF, 0xFF, 0xFE, 0x7F, 0xFF, 0xFF, 0x00, 0x1F, 0x00, 0x00, 0x1F,
    0xC0, 0x00, 0x1E, 0xF0, 0x00, 0x3E, 0x3E, 0x00, 0xFC, 0x0F, 0xC1, 0xFC, 0x01, 0xFC, 0xF0, 0x00,
    0x3E, 0x00, 0x00, 0x00, 0x00, 0x00, 0x00, 0x00, 0x03, 0x01, 0x80, 0x03, 0x01, 0x80, 0xFF, 0xFF,
    0xFE, 0xFF, 0xFF, 0xFE, 0x03, 0x01, 0x80, 0x03, 0x01, 0x80, 0x13, 0x01, 0x80, 0x3C, 0x7F, 0xF8,
    0x1F, 0x7F, 0xF8, 0x0F, 0x60, 0x18, 0x02, 0x60, 0x18, 0x60, 0x60, 0x18, 0xF8, 0x60, 0x18, 0x3C,
    0x60, 0x18, 0x0C, 0x63, 0xF8, 0x03, 0x61, 0xF8, 0x07, 0x60, 0x00, 0x0F, 0x60, 0x04, 0x0E, 0x60,
    0x06, 0x1C, 0x60, 0x06, 0x38, 0x70, 0x0E, 0x70, 0x7F, 0xFE, 0x60, 0x3F, 0xFC, 0x00, 0x00, 0x00,
    0x01, 0x80, 0xC0, 0x01, 0x80, 0xC0, 0x7F, 0xFF, 0xFF, 0x7F, 0xFF, 0xFF, 0x01, 0x80, 0xC0, 0x01,
    0xE0, 0xC0, 0x00, 0xE0, 0x00, 0x7F, 0xFF, 0xFE, 0x7F, 0xFF, 0xFE, 0x01, 0x80, 0x00, 0x03, 0xBF,
    0xF8, 0x07, 0x3F, 0xFC, 0x0E, 0x00, 0x78, 0x1E, 0x00, 0xF0, 0x3E, 0x01, 0xC0, 0x7E, 0x01, 0x80,
    0x6E, 0xFF, 0xFF, 0x0E, 0xFF, 0xFF, 0x0E, 0x01, 0x80, 0x0E, 0x01, 0x80, 0x0E, 0x01, 0x80, 0x0E,
    0x0F, 0x80, 0x0E, 0x0F, 0x80, 0x00, 0x00, 0x00, 0x01, 0xC1, 0xC0, 0x01, 0xC1, 0xC0, 0x7F, 0xFF,
    0xFF, 0x7F, 0xFF, 0xFF, 0x01, 0xC1, 0xC0, 0x01, 0xC1, 0xC0, 0x38, 0x81, 0x90, 0x3D, 0xC1, 0xB8,
    0x0F, 0x81, 0x9C, 0x0F, 0x01, 0x8E, 0x3F, 0x01, 0x84, 0x7B, 0xFF, 0xFF, 0x23, 0xFF, 0xFF, 0x03,
    0x83, 0xC0, 0x07, 0x83, 0xC0, 0x0F, 0x83, 0xC0, 0x3D, 0x87, 0xE0, 0x79, 0x87, 0x70, 0x21, 0x8E,
    0x70, 0x03, 0x9E, 0x38, 0x03, 0xBC, 0x1E, 0x1F, 0x78, 0x0F, 0x1F, 0x70, 0x06, 0x00, 0x00, 0x00,
    0x01, 0x81, 0x80, 0x01, 0x81, 0x80, 0x7F, 0xFF, 0xFE, 0x7F, 0xFF, 0xFE, 0x01, 0x81, 0x80, 0x01,
    0x87, 0xF8, 0x3F, 0xFF, 0xF8, 0x3F, 0xFF, 0x80, 0x18, 0x30, 0x1C, 0x1C, 0x38, 0x38, 0x0E, 0x38,
    0x38, 0x0E, 0x18, 0x70, 0x06, 0x18, 0x60, 0x00, 0x18, 0x00, 0x7F, 0xFF, 0xFF, 0x7F, 0xFF, 0xFF,
    0x00, 0xFF, 0x00, 0x01, 0xFF, 0x80, 0x07, 0xDB, 0xE0, 0x1F, 0x18, 0xF8, 0x7E, 0x18, 0x7F, 0x78,
    0x18, 0x1E, 0x60, 0x18, 0x04, 0x01, 0x80, 0xC0, 0x00, 0xC0, 0x60, 0x1F, 0xFF, 0xFF, 0xCF, 0xFF,
    0xFF, 0xE0, 0x18, 0x0C, 0x00, 0x0C, 0x76, 0x00, 0x78, 0x3F, 0xF0, 0x3E, 0x3F, 0xFC, 0x07, 0x3C,
    0x1C, 0x00, 0x7F, 0x1C, 0x1C, 0x7B, 0xFC, 0x0F, 0x98, 0xFC, 0x03, 0xE0, 0x7F, 0x00, 0x61, 0xFF,
    0xF0, 0x07, 0xF0, 0xFE, 0x05, 0xFF, 0xFE, 0x07, 0x3F, 0xFC, 0x07, 0x18, 0x06, 0x03, 0x8C, 0x03,
    0x03, 0x86, 0x01, 0x83, 0x83, 0xFF, 0xC3, 0x81, 0xFF, 0xE0, 0xC0, 0xC0, 0x30, 0x03, 0x01, 0x80,
    0x06, 0x03, 0x03, 0xFF, 0xFF, 0xFF, 0xFF, 0xFF, 0xF0, 0x30, 0x18, 0x00, 0x60, 0xE0, 0x04, 0xE1,
    0x80, 0x19, 0xC3, 0xFE, 0x33, 0x8F, 0xFC, 0x67, 0x1F, 0xF8, 0xCE, 0x77, 0x01, 0x9D, 0xC6, 0x03,
    0x3B, 0x8E, 0x06, 0x72, 0x0E, 0x00, 0x60, 0x18, 0x1F, 0xFF, 0xF8, 0x3F, 0xFF, 0xF0, 0x71, 0x8C,
    0x60, 0xE3, 0x18, 0xC1, 0xC6, 0x31, 0x8F, 0xFF, 0xFF, 0xFF, 0xFF, 0xFF, 0xC0, 0x00, 0x00, 0x00,
    0x03, 0x83, 0x80, 0x03, 0x83, 0x80, 0xFF, 0xFF, 0xFE, 0xFF, 0xFF, 0xFE, 0x03, 0x83, 0xB8, 0x01,
    0x01, 0xDC, 0x67, 0xFF, 0xFE, 0x67, 0xFF, 0xFE, 0x66, 0x01, 0xC0, 0x67, 0xFF, 0xDC, 0x7F, 0xFF,
    0xDC, 0x7F, 0x99, 0xD8, 0x67, 0xFF, 0xD8, 0x07, 0xFF, 0xF8, 0xFF, 0x87, 0xF0, 0xFF, 0xFF, 0xF0,
    0x67, 0xFF, 0xF0, 0x6F, 0x98, 0xE0, 0x6F, 0x98, 0xE2, 0x6D, 0xFF, 0xF6, 0x6D, 0xFF, 0xF6, 0xDD,
    0x87, 0x3E, 0xDC, 0x06, 0x1E, 0x00, 0x00, 0x00, 0x00, 0x00, 0x00, 0x03, 0x80, 0x00, 0x07, 0x1F,
    0xFF, 0x0E, 0x1F, 0xFF, 0x1C, 0x00, 0x00, 0x38, 0x00, 0x00, 0x71, 0x80, 0x00, 0x21, 0xC0, 0x00,
    0x03, 0x80, 0x00, 0x07, 0x3F, 0xFF, 0x0E, 0x7F, 0xFF, 0x1E, 0x3F, 0xFF, 0x3E, 0x00, 0x38, 0x7E,
    0x00, 0x38, 0x76, 0x00, 0x38, 0x26, 0x00, 0x38, 0x06, 0x00, 0x38, 0x06, 0x00, 0x38, 0x06, 0x00,
    0x38, 0x06, 0x00, 0x38, 0x06, 0x00, 0x38, 0x06, 0x00, 0x38, 0x06, 0x03, 0xF8, 0x06, 0x03, 0xF0,
    0x00, 0x00, 0x00, 0x00, 0x18, 0x00, 0x00, 0x18, 0x00, 0x3F, 0xFF, 0xFC, 0x3F, 0xFF, 0xFE, 0x00,
    0x18, 0x00, 0x00, 0x18, 0x00, 0x1F, 0xFF, 0xF8, 0x1F, 0xFF, 0xF8, 0x00, 0x18, 0x00, 0x3F, 0xFF,
    0xFE, 0x7F, 0xFF, 0xFE, 0x7F, 0xFF, 0xFE, 0x01, 0xEE, 0x0C, 0x03, 0xCE, 0x1C, 0x0F, 0x87, 0x38,
    0x3F, 0x03, 0xF0, 0xFF, 0x03, 0xE0, 0x73, 0x01, 0xE0, 0x03, 0x0C, 0xF0, 0x03, 0x7E, 0x7C, 0x07,
    0xFC, 0x3F, 0x07, 0xE0, 0x0E, 0x07, 0x00, 0x00, 0x18, 0x00, 0xC0, 0x1C, 0x00, 0xC0, 0x0E, 0x00,
    0xC0, 0x0E, 0x3F, 0xFF, 0xFF, 0xBF, 0xFF, 0xFF, 0xBF, 0xFE, 0x03, 0x38, 0xCE, 0x07, 0x38, 0xCE,
    0x07, 0x38, 0xCC, 0x0E, 0xB8, 0xC0, 0x0D, 0xFF, 0xFE, 0x1F, 0xBF, 0xFC, 0x3F, 0x3E, 0x1C, 0x7F,
    0x36, 0x1C, 0xFD, 0xB7, 0x38, 0x6D, 0xF3, 0x38, 0x0C, 0x73, 0xF0, 0x0C, 0x71, 0xE0, 0x0C, 0x61,
    0xE0, 0x0C, 0xE3, 0xF8, 0x0C, 0xEF, 0xBE, 0x0D, 0xFE, 0x1F, 0x0C, 0x98, 0x06, 0x03, 0x03, 0x00,
    0x03, 0x03, 0x20, 0x03, 0x03, 0x70, 0x7F, 0xFB, 0x38, 0x7F, 0xFB, 0x1C, 0x03, 0x03, 0x1C, 0x03,
    0x03, 0x08, 0x03, 0x03, 0x00, 0xFF, 0xFF, 0xFE, 0xFF, 0xFF, 0xFE, 0x03, 0x03, 0x80, 0x03, 0x83,
    0x9C, 0x7F, 0xFF, 0x9C, 0x7F, 0xFF, 0xB8, 0x07, 0x01, 0xB8, 0x1F, 0x39, 0xF0, 0x3F, 0xF9, 0xF0,
    0xFD, 0xF1, 0xE0, 0xFC, 0xF1, 0xC6, 0x5C, 0x3B, 0xC6, 0x1F, 0x9F, 0xE6, 0x1F, 0x8F, 0x76, 0x1E,
    0x1E, 0x7E, 0x10, 0x1C, 0x3C, 0x00, 0x00, 0x00, 0x03, 0x03, 0x80, 0x63, 0x03, 0x80, 0x73, 0x03,
    0x80, 0x3B, 0xFF, 0xFE, 0x1B, 0xFF, 0xFE, 0x03, 0x03, 0x80, 0x07, 0x03, 0x80, 0x3F, 0x03, 0x80,
    0xFF, 0x03, 0x80, 0xF3, 0x7F, 0xFC, 0x43, 0x7F, 0xFC, 0x03, 0x30, 0x00, 0x00, 0x38, 0x00, 0xFF,
    0xFF, 0xFE, 0xFF, 0xFF, 0xFE, 0x00, 0xFC, 0x18, 0x03, 0xCE, 0x38, 0x1F, 0x8F, 0xF0, 0xFF, 0x07,
    0xE0, 0xF7, 0x0B, 0xE0, 0x07, 0xFC, 0xF8, 0x0F, 0xF8, 0x7E, 0x0F, 0x80, 0x1E, 0x00, 0x00, 0x00,
    0x18, 0x00, 0x00, 0x0E, 0x11, 0xFF, 0x03, 0x9C, 0xFF, 0x80, 0xC7, 0x60, 0xC7, 0xFB, 0xB0, 0x63,
    0xFC, 0xDF, 0xF0, 0x0C, 0x4F, 0xF8, 0x0E, 0x06, 0x0C, 0x07, 0x7B, 0x06, 0x07, 0x7D, 0xFF, 0x03,
    0x7E, 0xFF, 0x83, 0xF3, 0x6C, 0x43, 0xF1, 0xB7, 0x73, 0xF8, 0xD9, 0xF1, 0xB6, 0x6C, 0x70, 0xDB,
    0x36, 0x78, 0x0C, 0x1B, 0xFE, 0x06, 0x0F, 0xE3, 0x83, 0x0E, 0xC0, 0x81, 0x8F, 0x80, 0x00, 0xCE,
    0xF0, 0x00, 0x67, 0x3F, 0xFC, 0x33, 0x07, 0xFC, 0x00, 0x00, 0x00, 0xFF, 0xFF, 0xFF, 0xFF, 0xFF,
    0xFC, 0x07, 0x1C, 0x00, 0x0E, 0x38, 0x03, 0xFF, 0xFF, 0xC7, 0xFF, 0xFF, 0x8C, 0x71, 0xC7, 0x18,
    0xE3, 0x8E, 0x31, 0xC7, 0x1C, 0x7F, 0xFF, 0xF8, 0xFF, 0xFF, 0xF0, 0x07, 0x00, 0x0F, 0xFF, 0xFF,
    0xFF, 0xFF, 0xFF, 0xC0, 0xE0, 0x70, 0x03, 0x81, 0xC0, 0x0F, 0xC7, 0x80, 0x1F, 0xFE, 0x00, 0x03,
    0xFF, 0x00, 0xFF, 0xFF, 0xC7, 0xFC, 0x0F, 0xCF, 0x80, 0x03, 0x00, 0x0F, 0xFF, 0xF0, 0x0F, 0xFF,
    0xF0, 0x0C, 0x00, 0x30, 0x0C, 0x00, 0x30, 0x0C, 0x18, 0x30, 0x0C, 0x18, 0x30, 0x0C, 0x18, 0x30,
    0x0C, 0x18, 0x30, 0x0C, 0x38, 0x30, 0x0C, 0x38, 0x30, 0x0C, 0x38, 0x30, 0x0C, 0x38, 0x30, 0x0C,
    0x3E, 0x30, 0x0C, 0x3E, 0x30, 0x0C, 0x7E, 0x30, 0x00, 0x7E, 0x00, 0x00, 0xEE, 0x06, 0x01, 0xEE,
    0x06, 0x03, 0xCE, 0x06, 0x0F, 0x8E, 0x0E, 0x7F, 0x07, 0xFE, 0x7C, 0x07, 0xFC, 0x20, 0x00, 0x00,
    0x01, 0x83, 0x00, 0x03, 0x06, 0x00, 0xC6, 0x1C, 0x01, 0x8C, 0x3F, 0xF3, 0x18, 0xFF, 0xE6, 0x31,
    0xD8, 0x0C, 0x67, 0x38, 0x18, 0xCE, 0x78, 0x31, 0x98, 0x78, 0x03, 0x00, 0x70, 0x00, 0x00, 0x00,
    0x7F, 0xFF, 0x80, 0xFF, 0xFF, 0x01, 0x80, 0x06, 0x03, 0x06, 0x0C, 0x06, 0x0C, 0x18, 0x0C, 0x18,
    0x30, 0x18, 0x7C, 0x60, 0x30, 0xF8, 0xC0, 0x03, 0xF0, 0x20, 0x1E, 0xE0, 0x60, 0xF9, 0xC0, 0xDF,
    0xE1, 0xFF, 0xBE, 0x03, 0xFE, 0x20, 0x00, 0x00, 0x00, 0x00, 0x00, 0x0C, 0x00, 0x00, 0x1C, 0x0F,
    0xFE, 0x1F, 0xEF, 0xFE, 0x1F, 0xE1, 0x86, 0x39, 0xC1, 0x86, 0x31, 0xC3, 0x86, 0x7F, 0xF3, 0x0E,
    0xFF, 0xF7, 0x7E, 0x73, 0x3E, 0x7C, 0x33, 0x3E, 0x60, 0x33, 0x37, 0x60, 0x3F, 0xF6, 0x60, 0x3F,
    0xF7, 0xFF, 0x33, 0x3F, 0xFE, 0x33, 0x3C, 0x60, 0x3F, 0xFC, 0x60, 0x3F, 0xFF, 0xFF, 0x33, 0x3F,
    0xFF, 0x33, 0x30, 0x60, 0x73, 0x30, 0x60, 0x73, 0x30, 0x60, 0x63, 0xF0, 0x60, 0xE0, 0xF0, 0x60,
    0x00, 0x00, 0x00, 0x00, 0x00, 0x60, 0x0C, 0x00, 0x60, 0x0C, 0x00, 0x60, 0x1F, 0xE0, 0x60, 0x1F,
    0xE0, 0x60, 0x39, 0xCF, 0xFE, 0x39, 0xCF, 0xFE, 0x7F, 0xFF, 0xFE, 0xFF, 0xFC, 0x66, 0x73, 0x3C,
    0x66, 0x33, 0x3C, 0x66, 0x3F, 0xFC, 0x66, 0x3F, 0xFC, 0x66, 0x3F, 0xFF, 0xFE, 0x33, 0x3F, 0xFE,
    0x33, 0x30, 0x60, 0x3F, 0xF0, 0x6C, 0x3F, 0xF0, 0x6C, 0x33, 0x30, 0x6E, 0x33, 0x30, 0x6E, 0x73,
    0x37, 0xFE, 0x73, 0x3F, 0xFF, 0x63, 0xFF, 0xC3, 0x60, 0xF0, 0x03, 0x00, 0x00, 0x00, 0x00, 0x70,
    0x00, 0x00, 0xF0, 0x00, 0x00, 0xE0, 0x00, 0x00, 0xE0, 0x0F, 0xFF, 0xFF, 0xFF, 0xFF, 0xFF, 0xC0,
    0x00, 0x00, 0x07, 0xFF, 0xF0, 0x0F, 0xFF, 0xE0, 0x00, 0x00, 0x00, 0x00, 0x00, 0x00, 0x7F, 0xFF,
    0x00, 0xFF, 0xFE, 0x00, 0x00, 0x00, 0x00, 0x00, 0x00, 0x0F, 0xFF, 0xF8, 0x1F, 0xFF, 0xF0, 0x38,
    0x00, 0xE0, 0x70, 0x01, 0xC0, 0xE0, 0x03, 0x81, 0xFF, 0xFF, 0x03, 0xFF, 0xFE, 0x07, 0x00, 0x1C,
    0x00, 0x00, 0x00, 0x00, 0x01, 0x80, 0x18, 0x01, 0x80, 0x3C, 0x01, 0x80, 0x1E, 0x01, 0x80, 0x0F,
    0x01, 0x80, 0x07, 0x01, 0x80, 0x02, 0x01, 0x80, 0x00, 0x01, 0x80, 0xFC, 0x01, 0x80, 0xFC, 0xFF,
    0xFF, 0xFC, 0xFF, 0xFF, 0x0C, 0x01, 0x80, 0x0C, 0x01, 0x80, 0x0C, 0x01, 0x80, 0x0C, 0x01, 0x80,
    0x0C, 0x01, 0x80, 0x0C, 0x01, 0x80, 0x0C, 0x41, 0x80, 0x0D, 0xC1, 0x80, 0x0F, 0xC1, 0x80, 0x1F,
    0x01, 0x80, 0x1E, 0x01, 0x80, 0x1C, 0x01, 0x80, 0x10, 0x01, 0x80, 0x08, 0x01, 0x80, 0x1C, 0x01,
    0x80, 0x1E, 0x01, 0x80, 0x0F, 0x01, 0x80, 0x07, 0x01, 0x80, 0x02, 0x01, 0x80, 0x00, 0x01, 0x80,
    0x00, 0x01, 0x80, 0xFE, 0x03, 0x80, 0xFE, 0x03, 0x80, 0x06, 0x03, 0xC0, 0x06, 0x03, 0xC0, 0x06,
    0x03, 0xC0, 0x06, 0x03, 0xC0, 0x06, 0x07, 0xE0, 0x06, 0x07, 0x60, 0x06, 0x47, 0x70, 0x07, 0xEE,
    0x70, 0x07, 0xCE, 0x38, 0x0F, 0x9C, 0x3C, 0x0E, 0x38, 0x1E, 0x0C, 0x78, 0x0F, 0x00, 0x70, 0x06,
    0x00, 0x00, 0x00, 0x00, 0x02, 0x00, 0x0C, 0x03, 0x82, 0x07, 0x18, 0xC3, 0x81, 0xCC, 0x71, 0xC0,
    0xE7, 0x18, 0xC0, 0x33, 0x8E, 0xE0, 0x00, 0xC6, 0x70, 0x00, 0x60, 0x38, 0x7E, 0x38, 0x18, 0x3F,
    0x1C, 0x1C, 0x03, 0x87, 0x0E, 0x01, 0xC3, 0x86, 0x00, 0xE0, 0xC7, 0x00, 0x70, 0x73, 0x00, 0x38,
    0x1F, 0x80, 0x1C, 0x0F, 0x80, 0x0E, 0x03, 0xC0, 0x07, 0x63, 0xE0, 0x03, 0xF3, 0xF8, 0x01, 0xF3,
    0xDF, 0x01, 0xF7, 0xC7, 0xC0, 0xE7, 0xC0, 0xF8, 0x23, 0x80, 0x3C, 0x01, 0x00, 0x00, 0x00, 0x00,
    0x00, 0x70, 0x00, 0x00, 0xF1, 0xFF, 0xE0, 0xF3, 0xFF, 0xC0, 0xE0, 0x01, 0x80, 0xC0, 0x03, 0x00,
    0x00, 0x06, 0x00, 0x00, 0x0C, 0xFC, 0x00, 0x19, 0xF8, 0x00, 0x30, 0x30, 0xFF, 0xE0, 0x61, 0xFF,
    0xC0, 0xC3, 0x01, 0x81, 0x86, 0x03, 0x03, 0x0C, 0x00, 0x06, 0x18, 0x00, 0x0C, 0x30, 0x00, 0x1B,
    0x60, 0x0C, 0x3E, 0xC0, 0x18, 0x7D, 0x80, 0x71, 0xE3, 0x80, 0xE3, 0x87, 0xFF, 0xC6, 0x0F, 0xFF,
    0x00, 0x10, 0x00, 0x00, 0x38, 0x1F, 0xF0, 0x1C, 0x1F, 0xF0, 0x0E, 0x1C, 0x30, 0x06, 0x18, 0x30,
    0x02, 0x18, 0x30, 0x00, 0x38, 0x30, 0x00, 0x38, 0x3E, 0xFC, 0xF0, 0x3F, 0xFD, 0xE0, 0x1E, 0x0C,
    0xC0, 0x00, 0x0C, 0xFF, 0xFC, 0x0C, 0xFF, 0xFC, 0x0C, 0x70, 0x1C, 0x0C, 0x38, 0x38, 0x0C, 0x1C,
    0x78, 0x0C, 0x1E, 0x70, 0x0D, 0x8F, 0xE0, 0x0F, 0x87, 0xC0, 0x1F, 0x0F, 0xE0, 0x1E, 0x3F, 0xF8,
    0x18, 0xFC, 0x7F, 0x10, 0xE0, 0x1E, 0x00, 0x00, 0x00, 0x30, 0x00, 0x00, 0x38, 0xFF, 0xFE, 0x1C,
    0xFF, 0xFE, 0x0E, 0x01, 0xC0, 0x04, 0x01, 0xC0, 0x00, 0x01, 0xC0, 0xFC, 0x01, 0xC0, 0xFC, 0x31,
    0xC0, 0xFC, 0x31, 0xC0, 0x0C, 0x31, 0xFC, 0x0C, 0x31, 0xFC, 0x0C, 0x31, 0xC0, 0x0C, 0x31, 0xC0,
    0x0C, 0x31, 0xC0, 0x0C, 0x31, 0xC0, 0x0D, 0xB1, 0xC0, 0x0F, 0xB1, 0xC0, 0x1F, 0xB1, 0xC0, 0x1E,
    0x31, 0xC0, 0x3D, 0xFF, 0xFE, 0x19, 0xFF, 0xFE, 0x00, 0x00, 0x00, 0x00, 0x00, 0x00, 0x61, 0xFF,
    0xF8, 0xF3, 0xFF, 0xF8, 0xE0, 0x00, 0x70, 0xE0, 0x00, 0xE0, 0x8F, 0xFD, 0xC0, 0x1F, 0xFB, 0xFE,
    0x00, 0x07, 0xFC, 0x00, 0x0F, 0xF8, 0x7F, 0x9C, 0x31, 0xFF, 0x38, 0x63, 0x8E, 0x70, 0xC7, 0x1C,
    0xE1, 0x8E, 0x39, 0xC3, 0x1C, 0x73, 0x86, 0x38, 0xE7, 0x0C, 0x7F, 0xCE, 0x1B, 0xFF, 0x9C, 0x3F,
    0xC0, 0x38, 0xF9, 0x80, 0x71, 0xE0, 0x00, 0xC3, 0x00, 0x1F, 0x80, 0x00, 0x3F, 0x00, 0x00, 0x00,
    0x10, 0x00, 0xD8, 0x38, 0x00, 0xD8, 0x1C, 0x00, 0xDC, 0x0E, 0x00, 0xCE, 0x06, 0x00, 0xC4, 0x01,
    0xFF, 0xFE, 0x01, 0xFF, 0xFF, 0x00, 0x00, 0xC0, 0xFC, 0x00, 0xC0, 0xFC, 0x00, 0xE0, 0x0C, 0x00,
    0xE0, 0x0C, 0xFF, 0xE0, 0x0C, 0xFF, 0xE0, 0x0C, 0x18, 0xE0, 0x0C, 0x18, 0xE0, 0x0C, 0x18, 0x60,
    0x0C, 0x18, 0x60, 0x0D, 0x99, 0x76, 0x0F, 0x9F, 0x77, 0x1F, 0xFF, 0x76, 0x1E, 0xF8, 0x3E, 0x1C,
    0x80, 0x3E, 0x10, 0x00, 0x1C, 0x00, 0x00, 0x00, 0x00, 0x0C, 0x00, 0x38, 0x1C, 0x00, 0x3C, 0x1C,
    0x00, 0x1E, 0x38, 0x00, 0x0E, 0x3F, 0xFE, 0x04, 0x7F, 0xFE, 0x00, 0xE0, 0x06, 0x00, 0xE0, 0x06,
    0xFD, 0xFF, 0xC6, 0xFC, 0xBF, 0xC6, 0x1C, 0x30, 0xC6, 0x1C, 0x30, 0xC6, 0x1C, 0x3F, 0xC6, 0x1C,
    0x3F, 0xCE, 0x1C, 0x30, 0xCE, 0x1C, 0x30, 0xCE, 0x1D, 0xBF, 0xCE, 0x1F, 0xBF, 0xCE, 0x1F, 0xB0,
    0x0E, 0x1E, 0x30, 0x0C, 0x1C, 0x00, 0x1C, 0x18, 0x01, 0xFC, 0x00, 0x01, 0xF8, 0x00, 0x00, 0x00,
    0x00, 0x00, 0x08, 0x30, 0x38, 0x1C, 0x38, 0x1C, 0x1C, 0x1C, 0x0C, 0x38, 0x0E, 0x0E, 0x30, 0x0E,
    0x7F, 0xFE, 0x00, 0x7F, 0xFE, 0x00, 0x01, 0x80, 0xFC, 0x01, 0x80, 0xFC, 0x01, 0x80, 0xFC, 0x01,
    0x80, 0x0C, 0x3F, 0xFC, 0x0C, 0x3F, 0xFC, 0x0C, 0x01, 0x80, 0x0C, 0x01, 0x80, 0x0C, 0x01, 0x80,
    0x0C, 0xFF, 0xFE, 0x0C, 0xFF, 0xFE, 0x0D, 0x81, 0x80, 0x0F, 0x81, 0x80, 0x1F, 0x01, 0x80, 0x1E,
    0x01, 0x80, 0x18, 0x01, 0x80, 0x10, 0x01, 0x80, 0x00, 0x00, 0x00, 0x61, 0xFF, 0xFC, 0xE3, 0xFF,
    0xF0, 0xE0, 0x70, 0x00, 0xE0, 0xE0, 0x00, 0x9F, 0xFF, 0x00, 0x3F, 0xFE, 0x7E, 0x0E, 0x1C, 0xFC,
    0x1C, 0x39, 0xF8, 0x38, 0x60, 0x37, 0xFF, 0xF8, 0x6F, 0xFF, 0xF0, 0xC0, 0x00, 0x01, 0x80, 0x00,
    0x03, 0x1F, 0xFF, 0x06, 0x3F, 0xFE, 0x0C, 0x60, 0x1C, 0x1B, 0xC0, 0x38, 0x3F, 0x80, 0x70, 0xFB,
    0x00, 0xE1, 0xE7, 0xFF, 0xC3, 0x0F, 0xFF, 0x80, 0x18, 0x07, 0x00, 0x00, 0x00, 0x00, 0x00, 0x00,
    0x38, 0x7F, 0xFC, 0x3C, 0x7F, 0xFC, 0x1C, 0x70, 0x1C, 0x0E, 0x70, 0x1C, 0x06, 0x70, 0x1C, 0x00,
    0x7F, 0xFC, 0x00, 0x7F, 0xFC, 0xFC, 0x3F, 0xF8, 0xFC, 0x00, 0x00, 0x0C, 0x7F, 0xFC, 0x0C, 0x7F,
    0xFC, 0x0C, 0x03, 0x80, 0x0C, 0x03, 0x80, 0x0C, 0xFF, 0xFE, 0x0C, 0xFF, 0xFE, 0x0C, 0x07, 0x80,
    0x0F, 0x87, 0xC0, 0x0F, 0x8E, 0xE0, 0x1F, 0x1C, 0xF0, 0x1C, 0x7C, 0x7C, 0x19, 0xF0, 0x1E, 0x00,
    0xC0, 0x0E, 0x10, 0x30, 0x38, 0x38, 0x38, 0x30, 0x3C, 0x18, 0x70, 0x1E, 0x1C, 0x70, 0x0E, 0x0C,
    0xE0, 0x06, 0x7F, 0xF8, 0x00, 0x7F, 0xF8, 0x00, 0x60, 0x18, 0xFC, 0x60, 0x18, 0xFC, 0x60, 0x18,
    0x0C, 0x60, 0x18, 0x0C, 0x7F, 0xF8, 0x0C, 0x7F, 0xF8, 0x0C, 0x0C, 0xC0, 0x0C, 0x0C, 0xC0, 0x0C,
    0x1C, 0xC0, 0x0D, 0x9C, 0xC0, 0x0F, 0xD8, 0xC0, 0x0F, 0xB8, 0xC6, 0x1F, 0x38, 0xC6, 0x3C, 0x70,
    0xC6, 0x19, 0xE0, 0xFE, 0x01, 0xC0, 0xFE, 0x00, 0x00, 0x00, 0x00, 0x03, 0x00, 0x70, 0x06, 0x00,
    0xF3, 0xFF, 0xF0, 0xE7, 0xFF, 0xE0, 0xE0, 0x30, 0x00, 0x8F, 0xFF, 0x80, 0x1F, 0xFE, 0x00, 0x01,
    0x80, 0xFD, 0xFF, 0xFF, 0xFB, 0xFF, 0xFC, 0x30, 0x00, 0x00, 0x63, 0xFF, 0xE0, 0xC7, 0xFF, 0xC1,
    0x8E, 0x03, 0x83, 0x1F, 0xFF, 0x06, 0x3F, 0xFE, 0x0C, 0x70, 0x1C, 0x1B, 0xFF, 0xF8, 0x3F, 0xFF,
    0xF0, 0xFB, 0xFF, 0xE1, 0xE7, 0x01, 0xC3, 0x0E, 0x1F, 0x84, 0x1C, 0x3E, 0x00, 0x00, 0x00, 0x00,
    0x03, 0x00, 0x38, 0x03, 0x80, 0x3C, 0x7F, 0xFC, 0x1E, 0x7F, 0xFC, 0x0E, 0x03, 0x80, 0x04, 0x03,
    0x80, 0x00, 0xFF, 0xFE, 0x00, 0xFF, 0xFE, 0xFC, 0x00, 0x0C, 0xFC, 0x39, 0x9C, 0x1C, 0x3D, 0x9C,
    0x1C, 0xCF, 0x88, 0x1C, 0xF5, 0x80, 0x1C, 0x39, 0x80, 0x1C, 0x1B, 0x80, 0x1C, 0xFF, 0xFE, 0x1C,
    0xFF, 0xFE, 0x1D, 0x07, 0x00, 0x1F, 0x8F, 0xE0, 0x1F, 0x1E, 0xF0, 0x1E, 0x3C, 0x3C, 0x1C, 0xF8,
    0x1E, 0x19, 0xE0, 0x0E, 0x00, 0x80, 0x04, 0x10, 0x00, 0x00, 0x70, 0xFF, 0xFC, 0xF1, 0xFF, 0xF8,
    0x73, 0x0C, 0x30, 0xE6, 0x18, 0x60, 0x8D, 0xFC, 0xC0, 0x1B, 0xF9, 0x80, 0x30, 0xC3, 0xFC, 0x61,
    0x87, 0xF8, 0xC3, 0x0C, 0x31, 0xFF, 0xD8, 0x63, 0xFF, 0xB0, 0xC6, 0x00, 0x61, 0x9D, 0xFC, 0xC3,
    0x3B, 0xF9, 0x86, 0x76, 0x33, 0x0C, 0xEC, 0x66, 0x1F, 0xDF, 0xCC, 0x3F, 0x3F, 0x98, 0xFE, 0x60,
    0x31, 0xDC, 0x80, 0x63, 0x70, 0x0F, 0xC0, 0x60, 0x0F, 0x80, 0x00, 0x00, 0x00, 0x03, 0x80, 0x7F,
    0xE3, 0x80, 0x7F, 0xE3, 0x00, 0x60, 0x63, 0x00, 0x66, 0x67, 0xFE, 0x66, 0x67, 0xFE, 0x66, 0x66,
    0x1C, 0x66, 0x6E, 0x18, 0x66, 0x6E, 0x18, 0x66, 0x7E, 0x18, 0x66, 0x7E, 0x38, 0x66, 0x7F, 0x38,
    0x66, 0x63, 0x30, 0x66, 0x63, 0x30, 0x6E, 0x63, 0xF0, 0x6E, 0x61, 0xE0, 0x6E, 0x61, 0xE0, 0x0D,
    0x80, 0xE0, 0x1D, 0xC1, 0xF0, 0x39, 0xC3, 0xF8, 0x78, 0xE7, 0x3C, 0xF0, 0x7E, 0x1F, 0xE0, 0x0C,
    0x06, 0x00, 0x00, 0x00, 0x00, 0x06, 0x00, 0x1F, 0xE3, 0x03, 0x0F, 0xF1, 0x83, 0x86, 0x18, 0xC3,
    0x83, 0x6C, 0x61, 0xC1, 0xB6, 0x31, 0xC0, 0xDB, 0x19, 0xC0, 0x6D, 0x8D, 0xC0, 0x36, 0xC6, 0xC0,
    0x1B, 0x63, 0x00, 0x0D, 0xBF, 0xFF, 0xC6, 0xDF, 0xFF, 0xE3, 0x6C, 0x66, 0x01, 0xB6, 0x33, 0x80,
    0xFB, 0x19, 0xC0, 0x7D, 0x8C, 0x60, 0x3C, 0xC6, 0x38, 0x07, 0x83, 0x0E, 0x07, 0xE1, 0x87, 0x03,
    0x38, 0xFD, 0xC3, 0x8E, 0xFE, 0x73, 0x83, 0x7C, 0x19, 0x80, 0x30, 0x00, 0x03, 0x00, 0x00, 0x01,
    0x83, 0xFF, 0x00, 0xC1, 0xFF, 0x8F, 0xFE, 0x00, 0xC7, 0xFF, 0x00, 0x60, 0x18, 0x00, 0x30, 0x0C,
    0x00, 0x18, 0xFF, 0xF0, 0x0C, 0x7F, 0xFF, 0xFE, 0x3F, 0xFF, 0xFF, 0x00, 0xE1, 0x81, 0x86, 0x70,
    0xC0, 0x03, 0x38, 0x60, 0x01, 0x9F, 0xF0, 0x00, 0xCF, 0xF8, 0x0E, 0x67, 0x0C, 0x07, 0x3B, 0x86,
    0x03, 0x3F, 0xC3, 0xFF, 0x9F, 0xE1, 0xFF, 0xCF, 0xF8, 0x00, 0x06, 0x7F, 0xFF, 0xFF, 0x0F, 0xFF,
    0xF9, 0x80, 0x00, 0x00, 0x03, 0x00, 0x00, 0x01, 0x87, 0xFF, 0x80, 0xC3, 0xFF, 0xC7, 0xFE, 0x38,
    0xE3, 0xFF, 0x1C, 0x70, 0x18, 0x0C, 0x38, 0x0C, 0x0E, 0x18, 0x06, 0x06, 0x1C, 0x7F, 0xFF, 0x7E,
    0x3F, 0xFF, 0x1E, 0x00, 0xE3, 0x00, 0x06, 0x70, 0xFF, 0xC3, 0x38, 0x7F, 0xE1, 0x9F, 0xB0, 0x30,
    0xCF, 0xD8, 0x18, 0x67, 0x0C, 0x0C, 0x3B, 0x86, 0x06, 0x1F, 0xC3, 0xFF, 0x1F, 0xE1, 0xFF, 0x8F,
    0xF8, 0x00, 0x06, 0x7F, 0xFF, 0xFB, 0x0F, 0xFF, 0xF9, 0x80, 0x00, 0x00, 0x1F, 0xFF, 0xF0, 0x3F,
    0xFF, 0xE0, 0x60, 0x00, 0xC0, 0xC0, 0x01, 0x81, 0x80, 0x03, 0x03, 0x00, 0x06, 0x07, 0xFF, 0xFC,
    0x0F, 0xFF, 0xF8, 0x1F, 0xFF, 0xF0, 0x00, 0x60, 0x00, 0x00, 0xC0, 0x00, 0x71, 0x80, 0x00, 0xE3,
    0x00, 0x01, 0x87, 0xFF, 0x07, 0x0F, 0xFE, 0x0F, 0x18, 0x00, 0x1E, 0x30, 0x00, 0x7E, 0x60, 0x00,
    0xEF, 0xC0, 0x03, 0x8F, 0xC0, 0x0F, 0x0F, 0xFF, 0xFC, 0x07, 0xFF, 0x80, 0x00, 0x00, 0x00, 0x00,
    0x00, 0x1C, 0x1F, 0xE0, 0xFF, 0x0F, 0xF7, 0xFF, 0x06, 0x1B, 0xF8, 0x03, 0x0C, 0x0C, 0x01, 0x86,
    0x06, 0x00, 0xC3, 0x03, 0x00, 0x7F, 0x81, 0x80, 0x3F, 0xC0, 0xC0, 0x03, 0x1F, 0xFF, 0x81, 0x8F,
    0xFF, 0xC6, 0xC0, 0x1C, 0x03, 0x7C, 0x1E, 0x01, 0xBE, 0x0F, 0x00, 0xD8, 0x07, 0xC0, 0x6C, 0x03,
    0xE0, 0x36, 0x03, 0xB0, 0x1B, 0x21, 0x9C, 0x0D, 0xF1, 0xC7, 0x0F, 0xF9, 0xC3, 0x87, 0xE1, 0xC0,
    0xF3, 0x01, 0xC0, 0x38, 0x00, 0xC0, 0x0C, 0x00, 0x06, 0x00, 0x1F, 0xE3, 0x00, 0x0F, 0xF3, 0x80,
    0x06, 0x19, 0xFF, 0xC3, 0x0D, 0xFF, 0xE1, 0x86, 0xC0, 0x70, 0xC3, 0xE0, 0x38, 0x7F, 0xFF, 0xDC,
    0x3F, 0xFF, 0xEE, 0x03, 0x0C, 0x37, 0x01, 0x86, 0x1B, 0x06, 0xC3, 0x0D, 0x83, 0x7D, 0x86, 0xC1,
    0xBE, 0xFF, 0x60, 0xD8, 0x7F, 0xB0, 0x6C, 0x30, 0xF8, 0x36, 0x18, 0x7C, 0x1B, 0x2C, 0x00, 0x0D,
    0xFE, 0x00, 0xC7, 0xFF, 0x00, 0x6F, 0xF1, 0xC0, 0x33, 0xC0, 0xFF, 0xF8, 0x00, 0x3F, 0xF8, 0x00,
    0x00, 0x00, 0x1F, 0xE7, 0xFF, 0x8F, 0xF3, 0xFF, 0xC6, 0x19, 0x80, 0x03, 0x0C, 0xC0, 0x01, 0x86,
    0x60, 0x00, 0xC3, 0x30, 0x00, 0x7F, 0x9F, 0xF8, 0x3F, 0xCF, 0xFC, 0x03, 0x06, 0x06, 0x01, 0x83,
    0x03, 0x06, 0xC1, 0x81, 0x83, 0x7E, 0xC0, 0xC1, 0xBF, 0x60, 0x60, 0xDC, 0x3F, 0xF0, 0x6C, 0x1F,
    0xF8, 0x36, 0x0C, 0x00, 0x1B, 0x26, 0x00, 0x0D, 0xFB, 0x00, 0x07, 0xFD, 0x80, 0x0F, 0xE0, 0xFF,
    0xFB, 0x80, 0x7F, 0xFC, 0x3F, 0xDF, 0xFC, 0x3F, 0xDF, 0xFC, 0x30, 0xD8, 0x0C, 0x30, 0xD8, 0x0C,
    0x30, 0xDF, 0xFC, 0x30, 0xDF, 0xFC, 0x3F, 0xDF, 0xFC, 0x3F, 0xD8, 0x0C, 0x06, 0x18, 0x0C, 0x06,
    0x1F, 0xFC, 0x36, 0x1F, 0xFC, 0x37, 0xF9, 0x80, 0x37, 0xF9, 0xC6, 0x36, 0x18, 0xCE, 0x36, 0x18,
    0xFC, 0x36, 0x18, 0x78, 0x36, 0x58, 0x70, 0x37, 0xF8, 0x38, 0x7F, 0xF9, 0xFC, 0xFE, 0x1F, 0xDE,
    0x70, 0x3F, 0x8F, 0x00, 0x18, 0x06, 0x00, 0x06, 0x60, 0x1F, 0xC3, 0x30, 0x0F, 0xE1, 0x98, 0x06,
    0x34, 0xCC, 0xC3, 0x1F, 0x66, 0x71, 0x8D, 0xB3, 0x70, 0xC6, 0xF9, 0xB8, 0x7F, 0x3C, 0xF8, 0x3F,
    0x9E, 0x7C, 0x03, 0x03, 0x34, 0x01, 0x81, 0x98, 0x06, 0xC0, 0xCE, 0x03, 0x7C, 0xE7, 0xC1, 0xBE,
    0xF3, 0xF0, 0xD9, 0xF9, 0xBC, 0x6C, 0xEC, 0xCE, 0x36, 0x6E, 0x62, 0x1B, 0x67, 0x30, 0x0D, 0xF3,
    0x18, 0xCF, 0xFB, 0x8C, 0x6F, 0xE3, 0x86, 0x33, 0x03, 0xC3, 0xF8, 0x01, 0xC1, 0xFC, 0x00, 0x00,
    0x00, 0x06, 0x00, 0xE0, 0x0E, 0x00, 0xE0, 0x0E, 0x00, 0xC0, 0x7F, 0xFF, 0xFE, 0x7F, 0xFF, 0xFE,
    0x1C, 0x01, 0xC0, 0x1F, 0x01, 0x80, 0x1B, 0x03, 0x80, 0x3B, 0x3F, 0xFF, 0x33, 0x3F, 0xFF, 0x3F,
    0xC3, 0x00, 0x7F, 0xE7, 0x00, 0x3F, 0xC7, 0xFE, 0x03, 0x07, 0xFE, 0x03, 0x00, 0x1C, 0x03, 0xF0,
    0x38, 0x7F, 0xF2, 0x38, 0x7F, 0x87, 0xF0, 0x73, 0x03, 0xE0, 0x03, 0x01, 0xE0, 0x03, 0x00, 0x78,
    0x03, 0x00, 0x3C, 0x03, 0x00, 0x18, 0x00, 0x00, 0x00, 0x0E, 0x00, 0x00, 0x0E, 0x1F, 0xFC, 0x0E,
    0x1F, 0xFC, 0x7F, 0xE0, 0x3C, 0x7F, 0xE0, 0x38, 0x1C, 0x00, 0x70, 0x1F, 0x00, 0xF0, 0x1B, 0x03,
    0xF0, 0x3B, 0x0F, 0xFC, 0x3B, 0x3F, 0x1F, 0x3F, 0xFC, 0x06, 0x7F, 0xF0, 0x00, 0x23, 0x0F, 0xFC,
    0x03, 0x1F, 0xFE, 0x03, 0x1F, 0xFE, 0x03, 0xE0, 0xC0, 0x7F, 0xE0, 0xC0, 0x7F, 0x80, 0xC0, 0x73,
    0x00, 0xC0, 0x03, 0x00, 0xC0, 0x03, 0x3F, 0xFF, 0x03, 0x3F, 0xFF, 0x03, 0x00, 0x00, 0x00, 0x00,
    0x00, 0x03, 0x83, 0xA0, 0x03, 0x83, 0xF8, 0x7F, 0xFB, 0xB8, 0x7F, 0xFB, 0x9C, 0x03, 0x83, 0x8C,
    0x03, 0x83, 0x80, 0xFF, 0xFF, 0xFE, 0xFF, 0xFF, 0xFE, 0x0E, 0x03, 0x88, 0x7F, 0xFF, 0x9C, 0x7F,
    0xFD, 0x9C, 0x1C, 0x01, 0x98, 0x19, 0x81, 0xB8, 0x39, 0x81, 0xB0, 0x7F, 0xF9, 0xF0, 0x7F, 0xF9,
    0xE0, 0x01, 0x81, 0xE0, 0x01, 0x9D, 0xC6, 0x7F, 0xFD, 0xE6, 0x7F, 0xFF, 0xE6, 0x7D, 0x87, 0x76,
    0x01, 0x8E, 0x7E, 0x01, 0x8C, 0x3C, 0x00, 0x00, 0x00, 0x08, 0x01, 0x00, 0x38, 0x07, 0x00, 0x70,
    0x06, 0x07, 0xFC, 0x0E, 0x0F, 0xFB, 0xFF, 0xFF, 0xF7, 0xFF, 0xCE, 0x01, 0x04, 0x1B, 0x07, 0x1C,
    0x36, 0x0C, 0x38, 0xEC, 0x38, 0x39, 0x98, 0xE0, 0x3F, 0xFD, 0xE1, 0xFF, 0xFB, 0xE3, 0x68, 0xC1,
    0xCE, 0x01, 0x81, 0x9C, 0x03, 0x03, 0xF0, 0x07, 0xC3, 0xE1, 0xFF, 0x87, 0x83, 0xFC, 0x0F, 0x07,
    0x30, 0x3F, 0x00, 0x60, 0xF7, 0x00, 0xC3, 0xCF, 0x81, 0x9F, 0x07, 0x83, 0x18, 0x06, 0x00, 0x00,
    0x00, 0x00, 0x00, 0x00, 0x06, 0x00, 0xE0, 0x03, 0x00, 0x70, 0x03, 0x80, 0x7C, 0x07, 0xF8, 0xF7,
    0x03, 0xFC, 0xF1, 0xE0, 0x61, 0xF0, 0x7C, 0x35, 0xFF, 0xFE, 0x3E, 0x6F, 0xFA, 0x1B, 0x00, 0x00,
    0x0D, 0x8F, 0xE1, 0x8F, 0xF7, 0xF6, 0xC7, 0xFB, 0x1B, 0x63, 0xFD, 0x8D, 0xB0, 0x18, 0xFE, 0xD8,
    0x0C, 0x7F, 0x6C, 0x07, 0xB1, 0xB6, 0x3F, 0xDF, 0xDB, 0x1F, 0xCF, 0xED, 0x8E, 0xC6, 0x36, 0xC0,
    0x63, 0x18, 0x60, 0x31, 0x8C, 0x30, 0x18, 0xDE, 0xF8, 0x0C, 0x6F, 0x7C, 0x00, 0x00, 0x00, 0x00,
    0x30, 0x07, 0x00, 0x1C, 0x03, 0x00, 0x07, 0x01, 0x80, 0x01, 0xC0, 0xC0, 0x00, 0x6F, 0xFF, 0xE0,
    0x27, 0xFF, 0xF0, 0x00, 0x18, 0x18, 0x00, 0x1C, 0x0C, 0xFC, 0x0E, 0x06, 0x7E, 0x07, 0x03, 0x03,
    0x03, 0x81, 0x81, 0x81, 0x81, 0xC0, 0xC1, 0xC0, 0xE0, 0x60, 0xE0, 0x70, 0x30, 0xE0, 0x38, 0x18,
    0x70, 0x1C, 0x0C, 0x70, 0x1C, 0x06, 0x70, 0xFE, 0x07, 0xB0, 0x7E, 0x07, 0xE0, 0x00, 0x07, 0x3C,
    0x00, 0x3F, 0x0F, 0xFF, 0xF9, 0x81, 0xFF, 0xFC, 0x80, 0x00, 0x00, 0x20, 0x03, 0x00, 0x70, 0x03,
    0x00, 0x38, 0x03, 0x00, 0x38, 0x03, 0x00, 0x1C, 0x03, 0x00, 0x0D, 0xFF, 0xFE, 0x01, 0xFF, 0xFE,
    0x00, 0x07, 0x00, 0x00, 0x07, 0x00, 0xFC, 0x07, 0x80, 0xFC, 0x07, 0xC0, 0x0C, 0x0F, 0xE0, 0x0C,
    0x0E, 0xF0, 0x0C, 0x1C, 0x70, 0x0C, 0x3C, 0x38, 0x0C, 0x78, 0x1C, 0x0C, 0xF0, 0x1E, 0x0D, 0xE0,
    0x0E, 0x3E, 0xC0, 0x04, 0x7F, 0x80, 0x00, 0xF3, 0xFF, 0xFF, 0xE0, 0xFF, 0xFE, 0x40, 0x02, 0x00,
    0x00, 0x00, 0x60, 0x20, 0x00, 0x60, 0x70, 0x00, 0x60, 0x38, 0x00, 0x60, 0x1C, 0x00, 0x60, 0x0F,
    0xFF, 0xFE, 0x0D, 0xFF, 0xFE, 0x00, 0x00, 0x60, 0x00, 0x00, 0x60, 0x00, 0x60, 0x60, 0xFC, 0x70,
    0x60, 0xFC, 0x70, 0x60, 0x0C, 0x38, 0x60, 0x0C, 0x1C, 0x60, 0x0C, 0x1C, 0x60, 0x0C, 0x00, 0x60,
    0x0C, 0x00, 0x60, 0x0C, 0x00, 0x60, 0x0C, 0x0F, 0xE0, 0x3E, 0x07, 0xE0, 0x7F, 0xC0, 0x00, 0xF3,
    0xFF, 0xFE, 0xE0, 0xFF, 0xFE, 0x40, 0x00, 0x00, 0x00, 0x00, 0x00, 0x20, 0x00, 0x7C, 0x70, 0x3F,
    0xFE, 0x38, 0x3F, 0xF0, 0x1C, 0x30, 0x00, 0x0E, 0x30, 0x00, 0x0C, 0x30, 0x00, 0x00, 0x30, 0x00,
    0x00, 0x3F, 0xFF, 0x00, 0x3F, 0xFF, 0xFC, 0x30, 0x60, 0xFC, 0x70, 0x60, 0x0C, 0x70, 0x60, 0x0C,
    0x70, 0x60, 0x0C, 0x70, 0x60, 0x0C, 0x70, 0x60, 0x0C, 0x60, 0x60, 0x0C, 0xE0, 0x60, 0x0D, 0xE0,
    0x60, 0x3F, 0xC0, 0x60, 0x7F, 0xC0, 0x60, 0xF3, 0xFF, 0xFF, 0xE0, 0xFF, 0xFF, 0x40, 0x00, 0x00,
    0x00, 0x00, 0x0C, 0x30, 0x1F, 0xFE, 0x38, 0x7F, 0xFE, 0x1C, 0x7F, 0x80, 0x0E, 0x60, 0x00, 0x0C,
    0x60, 0x00, 0x00, 0x7F, 0xFE, 0x00, 0x7F, 0xFC, 0x00, 0x60, 0x1C, 0x7C, 0x64, 0x1C, 0x7C, 0x6E,
    0x38, 0x0C, 0x6F, 0x78, 0x0C, 0xE3, 0xF0, 0x0C, 0xE1, 0xE0, 0x0C, 0xC1, 0xF0, 0x0D, 0xC7, 0xF8,
    0x0D, 0xDF, 0x3C, 0x0F, 0xBE, 0x1E, 0x1E, 0xB8, 0x0C, 0x7F, 0x80, 0x00, 0xF3, 0xFF, 0xFF, 0x60,
    0xFF, 0xFF, 0x00, 0x00, 0x00, 0x10, 0x00, 0x00, 0x1C, 0x00, 0x00, 0x0F, 0x3F, 0xFF, 0x83, 0xDF,
    0xFF, 0xC0, 0xE0, 0x1C, 0x00, 0x30, 0x1C, 0x00, 0x00, 0x1E, 0x00, 0x00, 0x0F, 0x40, 0xFC, 0x0F,
    0xF0, 0x7E, 0x0F, 0xFC, 0x03, 0x0F, 0xEF, 0x01, 0x9F, 0x73, 0xC0, 0xDF, 0x38, 0xE0, 0x6E, 0x1C,
    0x38, 0x32, 0x0E, 0x08, 0x18, 0x07, 0x00, 0x0C, 0x03, 0x80, 0x06, 0x01, 0xC0, 0x07, 0x80, 0xE0,
    0x07, 0xE0, 0x60, 0x07, 0x3C, 0x00, 0x37, 0x0F, 0xFF, 0xF9, 0x81, 0xFF, 0xFC, 0x80, 0x00, 0x00,
    0x00, 0x00, 0x00, 0x00, 0x06, 0x00, 0x30, 0x07, 0x00, 0x78, 0x07, 0x00, 0x3C, 0x03, 0x80, 0x1D,
    0xFF, 0xFF, 0x0D, 0xFF, 0xFF, 0x00, 0x00, 0x70, 0x00, 0xC0, 0x70, 0x00, 0xF0, 0x60, 0x7C, 0x78,
    0xE0, 0x7C, 0x3F, 0xC0, 0x0C, 0x0F, 0xC0, 0x0C, 0x07, 0x80, 0x0C, 0x07, 0xC0, 0x0C, 0x1F, 0xF0,
    0x0C, 0x3C, 0x78, 0x0D, 0xF8, 0x3C, 0x0D, 0xE0, 0x1C, 0x1F, 0x80, 0x0C, 0x7F, 0xC0, 0x00, 0xFF,
    0xFF, 0xFF, 0x61, 0xFF, 0xFF, 0x00, 0x02, 0x00, 0x30, 0x18, 0x60, 0x78, 0x18, 0x60, 0x3C, 0x18,
    0x60, 0x1C, 0x18, 0x60, 0x0F, 0xFF, 0xFE, 0x05, 0xFF, 0xFE, 0x00, 0x18, 0x60, 0x00, 0x18, 0x60,
    0x00, 0x18, 0x60, 0xFC, 0x18, 0x60, 0xFC, 0x18, 0x60, 0x0D, 0xFF, 0xFE, 0x0D, 0xFF, 0xFE, 0x0C,
    0x38, 0x60, 0x0C, 0x38, 0x60, 0x0C, 0x30, 0x60, 0x0C, 0x70, 0x60, 0x0C, 0xE0, 0x60, 0x3E, 0xE0,
    0x60, 0x7F, 0xC0, 0x60, 0xF3, 0xFF, 0xFE, 0xE0, 0xFF, 0xFE, 0x40, 0x02, 0x00, 0x00, 0x00, 0x00,
    0x70, 0x7F, 0xFC, 0x78, 0x7F, 0xFC, 0x3E, 0x00, 0x00, 0x0E, 0x00, 0x00, 0x06, 0x00, 0x00, 0x00,
    0x00, 0x00, 0x01, 0xFF, 0xFF, 0x01, 0xFF, 0xFF, 0xFC, 0x1C, 0xE0, 0xFC, 0x1C, 0xE0, 0x0C, 0x1C,
    0xE0, 0x0C, 0x18, 0xE0, 0x0C, 0x18, 0xE0, 0x0C, 0x38, 0xE6, 0x0C, 0x78, 0xE7, 0x0C, 0xF0, 0xE6,
    0x0D, 0xE0, 0xFE, 0x1F, 0xC0, 0x7C, 0x3F, 0x00, 0x00, 0x7B, 0xC0, 0x03, 0xF1, 0xFF, 0xFF, 0x60,
    0x7F, 0xFF, 0x00, 0x02, 0x00, 0x00, 0x04, 0x00, 0x18, 0x07, 0x00, 0x0E, 0x03, 0x80, 0x03, 0x9F,
    0xFF, 0xC1, 0xEF, 0xFF, 0xE0, 0x70, 0xE0, 0x00, 0x18, 0xE0, 0x00, 0x00, 0x73, 0x80, 0x00, 0x71,
    0xC0, 0x3E, 0x38, 0xE0, 0x3F, 0x1F, 0xFF, 0x8F, 0x8F, 0xFF, 0xC0, 0xC0, 0x1C, 0x00, 0x60, 0x0E,
    0x00, 0x30, 0x07, 0x00, 0x19, 0xFF, 0xFE, 0x0C, 0xFF, 0xFF, 0x06, 0x00, 0xE0, 0x03, 0x00, 0x70,
    0x03, 0xC0, 0x38, 0x03, 0xF0, 0x1C, 0x03, 0x9E, 0x0E, 0x1B, 0xC7, 0xFF, 0xFC, 0xC0, 0xFF, 0xFE,
    0x00, 0x00, 0x00, 0x00, 0x00, 0x00, 0x00, 0x70, 0x7F, 0xF8, 0x78, 0x7F, 0xF8, 0x3C, 0x60, 0x18,
    0x1E, 0x60, 0x18, 0x0C, 0x7F, 0xF8, 0x00, 0x7F, 0xF8, 0x00, 0x60, 0x18, 0x00, 0x60, 0x18, 0xFC,
    0x7F, 0xF8, 0xFC, 0x7F, 0xFC, 0x0C, 0x62, 0x0E, 0x0C, 0x67, 0xBC, 0x0C, 0x63, 0xF8, 0x0C, 0x60,
    0xE0, 0x0C, 0x67, 0x78, 0x0C, 0x7F, 0x3C, 0x0C, 0xFE, 0x1C, 0x1E, 0xE0, 0x0C, 0x7F, 0x80, 0x00,
    0xF3, 0xFF, 0xFF, 0xE0, 0xFF, 0xFF, 0x40, 0x02, 0x00, 0x00, 0x00, 0x10, 0x30, 0x30, 0x38, 0x38,
    0x38, 0x38, 0x1C, 0x18, 0x70, 0x0E, 0x1C, 0x70, 0x0E, 0xFF, 0xFE, 0x00, 0xFF, 0xFE, 0x00, 0x03,
    0x00, 0x00, 0x03, 0x00, 0x7C, 0x03, 0x00, 0x7C, 0x03, 0x00, 0x7D, 0xFF, 0xFE, 0x0D, 0xFF, 0xFE,
    0x0C, 0x07, 0x80, 0x0C, 0x07, 0xC0, 0x0C, 0x0E, 0xE0, 0x0C, 0x1C, 0x70, 0x0C, 0x3C, 0x38, 0x0C,
    0xF8, 0x1C, 0x1D, 0xE0, 0x0C, 0x3F, 0x80, 0x00, 0x73, 0xC0, 0x03, 0xE1, 0xFF, 0xFF, 0x60, 0xFF,
    0xFF, 0x40, 0x02, 0x00, 0x00, 0x00, 0x3C, 0x38, 0x3F, 0xFE, 0x0E, 0x3F, 0xFC, 0x03, 0x8F, 0x30,
    0x01, 0xE0, 0x18, 0x00, 0x60, 0x0C, 0x00, 0x07, 0xFF, 0xFC, 0x03, 0xFF, 0xFE, 0x00, 0x01, 0x80,
    0x7E, 0x00, 0xC0, 0x3F, 0x00, 0x60, 0x01, 0x8F, 0xFF, 0x80, 0xC7, 0xFF, 0xC0, 0x63, 0x00, 0x60,
    0x31, 0x80, 0x30, 0x18, 0xC0, 0x18, 0x0C, 0x7F, 0xFC, 0x06, 0x3F, 0xFE, 0x07, 0x8F, 0xFF, 0x07,
    0xF8, 0x00, 0x07, 0x3F, 0xFF, 0xF3, 0x07, 0xFF, 0xF8, 0x00, 0x00, 0x00, 0x00, 0x00, 0x00, 0x00,
    0x30, 0x38, 0x70, 0x38, 0x38, 0x78, 0x1C, 0x70, 0x3C, 0x1C, 0x70, 0x1D, 0xFF, 0xFE, 0x0D, 0xFF,
    0xFE, 0x00, 0x03, 0x00, 0x00, 0x63, 0x0C, 0x00, 0x63, 0x0C, 0x7C, 0x63, 0x0C, 0x7C, 0x63, 0x0C,
    0x0C, 0x63, 0x0C, 0x0C, 0x7F, 0xFC, 0x0C, 0x7F, 0xFC, 0x0C, 0x07, 0x00, 0x0C, 0x07, 0x00, 0x0C,
    0x0E, 0x00, 0x0C, 0x1E, 0x00, 0x0E, 0x7C, 0x00, 0x3F, 0x78, 0x00, 0x7B, 0xF0, 0x00, 0x71, 0xFF,
    0xFF, 0x60, 0x7F, 0xFE, 0x00, 0x02, 0x00, 0x00, 0x11, 0x80, 0x70, 0x39, 0x80, 0x38, 0x39, 0x80,
    0x1C, 0x3F, 0xFE, 0x0E, 0x7F, 0xFE, 0x0C, 0xE1, 0x80, 0x00, 0xE1, 0x80, 0x00, 0x41, 0x80, 0x00,
    0xFF, 0xFF, 0x7C, 0xFF, 0xFF, 0x7C, 0x0E, 0xE0, 0x0C, 0x0C, 0x60, 0x0C, 0x0C, 0x60, 0x0C, 0x1C,
    0x60, 0x0C, 0x1C, 0x63, 0x0C, 0x78, 0x63, 0x0C, 0xF0, 0x7F, 0x0D, 0xE0, 0x7F, 0x0E, 0xC0, 0x3E,
    0x1F, 0x00, 0x00, 0x3B, 0xC0, 0x01, 0x71, 0xFF, 0xFF, 0x60, 0x7F, 0xFF, 0x00, 0x01, 0x00, 0x00,
    0x00, 0x1C, 0x38, 0x7F, 0xFF, 0x1E, 0x3F, 0xFE, 0x07, 0x80, 0x70, 0x01, 0xEF, 0xFF, 0xF0, 0x7F,
    0xFF, 0xF8, 0x00, 0x3F, 0x80, 0x00, 0x3F, 0xE0, 0x00, 0x3B, 0xBC, 0x3E, 0x79, 0xCF, 0x9F, 0x78,
    0xE1, 0xC1, 0x8F, 0xFC, 0x00, 0xC3, 0xFE, 0x00, 0x60, 0x63, 0xF0, 0x30, 0x71, 0xF8, 0x18, 0x38,
    0x1C, 0x0C, 0x38, 0x0E, 0x06, 0x78, 0x7F, 0x03, 0xB8, 0x1F, 0x03, 0xF0, 0x00, 0x03, 0xBE, 0x00,
    0x13, 0x8F, 0xFF, 0xF9, 0x81, 0xFF, 0xFC, 0x00, 0x02, 0x00, 0x00, 0x00, 0x08, 0x60, 0xFF, 0xFC,
    0x78, 0xFF, 0xFC, 0x3C, 0x1C, 0x70, 0x1C, 0x3F, 0xE0, 0x0E, 0x07, 0xC0, 0x04, 0xFF, 0xFC, 0x00,
    0xFF, 0xFC, 0x00, 0xC3, 0x0C, 0xFC, 0xC3, 0x0C, 0xFC, 0xFF, 0xFC, 0x7C, 0xFF, 0xFC, 0x0C, 0xC3,
    0x0C, 0x0C, 0xFF, 0xFC, 0x0C, 0xFF, 0xFC, 0x0C, 0xC3, 0x0C, 0x0C, 0xC3, 0x0C, 0x0C, 0xC3, 0x7C,
    0x1E, 0xC3, 0x7C, 0x7F, 0xC1, 0x38, 0xF3, 0xFF, 0xFE, 0xE0, 0xFF, 0xFE, 0x40, 0x00, 0x00, 0x00,
    0x03, 0x00, 0x00, 0x03, 0x00, 0x70, 0x03, 0x00, 0x79, 0xFF, 0xFE, 0x39, 0xFF, 0xFE, 0x1C, 0x03,
    0x00, 0x0C, 0x03, 0x00, 0x08, 0xFF, 0xFC, 0x00, 0xFF, 0xFC, 0x00, 0xC3, 0x0C, 0xFC, 0xC3, 0x0C,
    0xFC, 0xC3, 0x0C, 0x0C, 0xFF, 0xFC, 0x0C, 0xFF, 0xFC, 0x0C, 0x0F, 0xE0, 0x0C, 0x1F, 0xF0, 0x0C,
    0x3B, 0x78, 0x0C, 0xF3, 0x1C, 0x0D, 0xE3, 0x0E, 0x1F, 0x83, 0x04, 0x3F, 0x03, 0x00, 0x73, 0xC0,
    0x07, 0xE1, 0xFF, 0xFE, 0xC0, 0x7F, 0xFE, 0x00, 0x00, 0x00, 0x00, 0x00, 0x00, 0x0E, 0x00, 0x00,
    0x1C, 0x0F, 0xF0, 0x18, 0x1F, 0xFF, 0xFF, 0xB1, 0xCF, 0xFF, 0x63, 0x8E, 0x1C, 0xC6, 0x0C, 0x39,
    0x9C, 0x1C, 0x63, 0x38, 0x39, 0xC6, 0x60, 0x33, 0x0D, 0xC7, 0xFF, 0xDB, 0x8F, 0xFF, 0xB3, 0x80,
    0x00, 0x63, 0x80, 0x00, 0xC7, 0x3F, 0xFD, 0x86, 0x7F, 0xFB, 0x0C, 0xE0, 0x76, 0x19, 0xC0, 0xEC,
    0x73, 0x81, 0xDB, 0xE7, 0x03, 0xB7, 0x8F, 0xFF, 0x60, 0x1F, 0xFE, 0xC0, 0x38, 0x1D, 0x80, 0x03,
    0x00, 0x00, 0x01, 0x87, 0xFF, 0x80, 0xC3, 0x7F, 0xE7, 0xFF, 0xBF, 0xE3, 0xFF, 0x98, 0x70, 0x19,
    0xCC, 0x70, 0x0D, 0xC6, 0x38, 0x07, 0xC3, 0x18, 0x7F, 0xFD, 0x9C, 0x3F, 0xFE, 0xCC, 0x01, 0xE0,
    0x67, 0x01, 0xFF, 0x31, 0xC3, 0xFF, 0x98, 0x67, 0xE0, 0xCC, 0x39, 0xF0, 0x66, 0x0C, 0x3F, 0xF3,
    0x06, 0x1F, 0xF9, 0x83, 0x0E, 0x0C, 0xD7, 0x87, 0x06, 0x6F, 0xC3, 0x83, 0x37, 0xC1, 0xFF, 0x98,
    0x00, 0xFF, 0xCC, 0x00, 0x70, 0x66, 0x00, 0xFF, 0xF7, 0xFE, 0xFF, 0xF7, 0xFE, 0x0D, 0x80, 0x06,
    0x0D, 0x80, 0x06, 0x7F, 0xF0, 0x06, 0x7F, 0xF0, 0x06, 0x7F, 0xF0, 0x06, 0x6D, 0x30, 0x06, 0x6D,
    0x37, 0xFE, 0x6D, 0x37, 0xFE, 0x79, 0x36, 0x06, 0x79, 0xF6, 0x06, 0x70, 0x36, 0x00, 0x60, 0x36,
    0x00, 0x7F, 0xF6, 0x00, 0x7F, 0xF6, 0x00, 0x60, 0x36, 0x03, 0x60, 0x36, 0x03, 0x7F, 0xF6, 0x07,
    0x7F, 0xF6, 0x07, 0x60, 0x37, 0xFF, 0x60, 0x37, 0xFE, 0xFF, 0xEF, 0xFC, 0xFF, 0xEF, 0xFC, 0x1B,
    0x0C, 0x0C, 0x1B, 0x0F, 0xFC, 0x7F, 0xCF, 0xFC, 0xFF, 0xEC, 0x0C, 0xFF, 0xEC, 0x0C, 0xDB, 0x6F,
    0xFC, 0xDB, 0x6F, 0xFC, 0xDB, 0x66, 0xC0, 0xDB, 0x6E, 0xC0, 0xFB, 0xEF, 0xFE, 0xF3, 0xFF, 0xFE,
    0xC0, 0x78, 0xC0, 0xFF, 0xF8, 0xC0, 0xFF, 0xEF, 0xFC, 0xFF, 0xEF, 0xFC, 0xC0, 0x60, 0xC0, 0xFF,
    0xE0, 0xC0, 0xFF, 0xE0, 0xC0, 0xFF, 0xFF, 0xFE, 0xC0, 0x7F, 0xFE, 0x03, 0xC0, 0x00, 0x3F, 0xFF,
    0xFF, 0x1F, 0xE7, 0xFF, 0x80, 0xC9, 0xC1, 0xC6, 0x66, 0x71, 0xC1, 0xB6, 0x1D, 0xC0, 0xDB, 0x0F,
    0xC0, 0x7F, 0x03, 0xC0, 0x06, 0x07, 0xF8, 0x3F, 0xFF, 0x9F, 0x9F, 0xFF, 0x37, 0xC1, 0xE2, 0x18,
    0x60, 0xF8, 0x0C, 0x00, 0xFE, 0xFF, 0xF0, 0xFB, 0xFF, 0xF8, 0x7C, 0x81, 0x80, 0x76, 0x00, 0xC0,
    0x73, 0x1F, 0xFF, 0x99, 0x8F, 0xFF, 0xC0, 0xC0, 0x18, 0x00, 0x60, 0x0C, 0x00, 0x30, 0x06, 0x00,
    0x18, 0x03, 0x00, 0x00, 0x01, 0xF8, 0x1F, 0xFF, 0xF8, 0x1F, 0xFF, 0xC0, 0x00, 0x18, 0x00, 0x7F,
    0xFF, 0xFF, 0x7F, 0xFF, 0xFF, 0x00, 0x18, 0x00, 0x0F, 0xFF, 0xF8, 0x0F, 0xFF, 0xF8, 0x0C, 0x18,
    0x18, 0x0F, 0xFF, 0xF8, 0x0F, 0xFF, 0xF8, 0x0C, 0x18, 0x18, 0x0C, 0x18, 0x18, 0x0F, 0xFF, 0xF8,
    0x0F, 0xFF, 0xF8, 0x00, 0x18, 0x00, 0x3F, 0xFF, 0xFC, 0x1F, 0xFF, 0xFC, 0x00, 0x18, 0x00, 0x00,
    0x18, 0x00, 0x7F, 0xFF, 0xFF, 0x7F, 0xFF, 0xFF, 0x0F, 0xFF, 0xE0, 0x3F, 0xFF, 0xE0, 0x70, 0x01,
    0xC0, 0xFF, 0xFF, 0x81, 0xC0, 0x07, 0x03, 0xFF, 0xFE, 0x07, 0xFF, 0xFC, 0x00, 0x00, 0x00, 0xFF,
    0xFF, 0xFF, 0xFF, 0xFF, 0xFC, 0x7F, 0xFF, 0xC0, 0xFF, 0xFF, 0xC1, 0x83, 0x83, 0x83, 0xFF, 0xFF,
    0x06, 0x0E, 0x0E, 0x0F, 0xFF, 0xFC, 0x1F, 0xFF, 0xF8, 0x00, 0x70, 0x00, 0xFF, 0xFF, 0xE0, 0xFF,
    0xFF, 0xC0, 0x03, 0x80, 0x1F, 0xFF, 0xFF, 0xFF, 0xFF, 0xFF, 0x80, 0x00, 0x00, 0x00, 0x0C, 0x00,
    0xC0, 0x1C, 0x00, 0xC0, 0x1C, 0x00, 0xC0, 0x3F, 0xE0, 0xC0, 0x3F, 0xE0, 0xC0, 0x70, 0x00, 0xC0,
    0x60, 0x00, 0xC0, 0x7F, 0xC0, 0xC0, 0x3F, 0xFF, 0xFF, 0x06, 0x3F, 0xFF, 0x06, 0x00, 0xC0, 0x06,
    0x00, 0xC0, 0x7F, 0xE0, 0xC0, 0x7F, 0xE0, 0xC0, 0x06, 0x00, 0xC0, 0x06, 0x00, 0xC0, 0x06, 0x00,
    0xC0, 0x06, 0x00, 0xC0, 0x06, 0xE0, 0xC0, 0x07, 0xE0, 0xC0, 0x0F, 0x80, 0xC0, 0x0F, 0x00, 0xC0,
    0x0C, 0x00, 0xC0, 0x0C, 0x00, 0xC0, 0x0C, 0x00, 0xC0, 0x1C, 0x00, 0xC0, 0x1F, 0xE0, 0xC0, 0x3F,
    0xE0, 0xC0, 0x70, 0x1F, 0xFF, 0x70, 0x1F, 0xFF, 0x7F, 0xDF, 0xFF, 0x3F, 0xD8, 0xC3, 0x06, 0x18,
    0xC3, 0x06, 0x18, 0xC3, 0x06, 0x18, 0xC3, 0x7F, 0xF8, 0xC3, 0x7F, 0xFF, 0xFF, 0x06, 0x1F, 0xFF,
    0x06, 0x18, 0xC3, 0x06, 0x18, 0xC3, 0x06, 0x00, 0xC0, 0x06, 0xE0, 0xC0, 0x07, 0xE0, 0xC0, 0x0F,
    0xC0, 0xC0, 0x0F, 0x00, 0xC0, 0x0C, 0x00, 0xC0, 0x00, 0x00, 0x00, 0x0C, 0x00, 0x70, 0x06, 0x38,
    0x38, 0x07, 0xEC, 0x18, 0x03, 0xFF, 0xFF, 0xFB, 0xFD, 0xBF, 0xF9, 0xC0, 0xC6, 0xC1, 0xC0, 0x07,
    0x60, 0x7F, 0x03, 0x30, 0x1F, 0x83, 0x98, 0x0F, 0xFD, 0xFF, 0xC1, 0xBE, 0xFF, 0xE0, 0xC3, 0x03,
    0x00, 0x61, 0x81, 0x81, 0xFE, 0xC0, 0xC0, 0xFF, 0x6F, 0xFE, 0x0C, 0x37, 0xFF, 0x06, 0x18, 0x18,
    0x03, 0x0C, 0x0C, 0x01, 0xB6, 0x06, 0x00, 0xFF, 0xC3, 0x00, 0xFF, 0xF8, 0x0C, 0x77, 0x9F, 0xFE,
    0x31, 0x87, 0xFF, 0x00, 0x00, 0x00, 0x00, 0x00, 0x02, 0x10, 0x06, 0x03, 0x8C, 0x07, 0x01, 0xC6,
    0x03, 0xF8, 0xE3, 0x03, 0xFD, 0xFF, 0xF1, 0xFE, 0xFF, 0xF9, 0xC0, 0x1C, 0x60, 0xC0, 0x0E, 0x30,
    0x7F, 0xC7, 0x18, 0x1F, 0xFF, 0xFF, 0xC1, 0x8F, 0xFF, 0xE0, 0xC0, 0x00, 0x00, 0x60, 0xFF, 0xC3,
    0xFF, 0x7F, 0xF1, 0xFF, 0xBF, 0xF8, 0x0C, 0x18, 0x1C, 0x06, 0x0C, 0x0E, 0x03, 0x07, 0xFF, 0x01,
    0x83, 0xFF, 0x80, 0xD9, 0x81, 0xC0, 0x7C, 0xC0, 0xE0, 0x7C, 0x7F, 0xF0, 0x38, 0x3F, 0xF8, 0x18,
    0x18, 0x1C, 0x00, 0x00, 0x00, 0x1C, 0x00, 0x60, 0x18, 0x7C, 0x60, 0x18, 0x7F, 0xFE, 0x3F, 0xFF,
    0xFE, 0x3F, 0x9C, 0x66, 0x70, 0x1B, 0xFF, 0xE0, 0x3B, 0xFF, 0x7F, 0x30, 0x66, 0x3F, 0xF0, 0x66,
    0x3F, 0xFF, 0xFE, 0x0C, 0x7F, 0xFE, 0x0C, 0x0C, 0x60, 0x7F, 0xAF, 0xFE, 0x7F, 0xEF, 0xFE, 0x0C,
    0x7C, 0x60, 0x0C, 0x7B, 0xFF, 0x0C, 0x3F, 0xFF, 0x0C, 0x3B, 0xFE, 0x0F, 0xB8, 0x60, 0x0F, 0xFE,
    0x60, 0x1E, 0xEF, 0x20, 0x1D, 0xE7, 0xFF, 0x19, 0xC1, 0xFF, 0x00, 0x80, 0x00, 0x0E, 0x00, 0x00,
    0x0E, 0x1F, 0xFE, 0x1C, 0x1F, 0xFE, 0x1F, 0xD8, 0x06, 0x3F, 0xD8, 0x06, 0x70, 0x1F, 0xFE, 0x70,
    0x1F, 0xFE, 0x7F, 0xDF, 0xFE, 0x3F, 0xD8, 0x60, 0x06, 0x18, 0x60, 0x06, 0x1F, 0xFF, 0x06, 0x1F,
    0xFF, 0x7F, 0xD8, 0x60, 0x7F, 0xD8, 0x60, 0x3F, 0xD8, 0x60, 0x06, 0x3F, 0xFE, 0x06, 0x3F, 0xFE,
    0x06, 0x7E, 0x06, 0x07, 0xFE, 0x06, 0x07, 0xF6, 0x06, 0x0F, 0xF7, 0xFE, 0x0E, 0x67, 0xFE, 0x0C,
    0x66, 0x06, 0x00, 0x00, 0x00, 0x18, 0x01, 0x80, 0x18, 0x01, 0xC0, 0x38, 0x3F, 0xFE, 0x3F, 0xBF,
    0xFE, 0x7F, 0x8E, 0x38, 0xE0, 0x06, 0x30, 0xE0, 0x7F, 0xFE, 0xFF, 0xFF, 0xFE, 0x7F, 0x80, 0x00,
    0x0C, 0x3F, 0xFC, 0x0C, 0x3F, 0xFC, 0x0C, 0x38, 0x0C, 0xFF, 0xBF, 0xFC, 0xFF, 0xBF, 0xFC, 0x0C,
    0x38, 0x0C, 0x0C, 0x3F, 0xFC, 0x0C, 0x1F, 0xFC, 0x0C, 0x06, 0x60, 0x0D, 0x86, 0x60, 0x0F, 0x8E,
    0x63, 0x1F, 0x1C, 0x67, 0x1C, 0xFC, 0x7F, 0x18, 0xF0, 0x7E, 0x00, 0x40, 0x00, 0x06, 0x00, 0x00,
    0x06, 0x00, 0x70, 0x06, 0x00, 0xF0, 0x06, 0x01, 0xE0, 0x06, 0x07, 0x80, 0x06, 0x1F, 0x00, 0x06,
    0x7E, 0x00, 0x06, 0x78, 0x00, 0x06, 0x20, 0x00, 0x06, 0x00, 0x00, 0xFF, 0xFF, 0xFE, 0xFF, 0xFF,
    0xFE, 0x06, 0x1C, 0x00, 0x06, 0x1C, 0x00, 0x06, 0x0E, 0x00, 0x06, 0x0F, 0x00, 0x06, 0x07, 0x00,
    0x06, 0x03, 0xC0, 0x06, 0x01, 0xE0, 0x06, 0x78, 0xF8, 0x07, 0xF8, 0x7E, 0x0F, 0xE0, 0x1E, 0x0E,
    0x00, 0x04, 0x00, 0x00, 0x00, 0x60, 0x00, 0x03, 0x9F, 0xFF, 0xDE, 0xFF, 0xFE, 0x70, 0x00, 0x31,
    0x80, 0xC1, 0xE0, 0x06, 0x0F, 0x00, 0x30, 0x78, 0x01, 0x83, 0xCF, 0xFF, 0xDE, 0x7F, 0xFE, 0xF0,
    0x0F, 0x07, 0x80, 0xF8, 0x3C, 0x07, 0xC1, 0xE0, 0xF6, 0x0F, 0x0F, 0x30, 0x78, 0xF1, 0x83, 0xDF,
    0x0C, 0x1E, 0xE0, 0x60, 0xF2, 0x03, 0x07, 0x81, 0xF8, 0x3C, 0x0F, 0xC1, 0xE0, 0x00, 0x7F, 0x00,
    0x03, 0xE0, 0x60, 0x00, 0x07, 0x8F, 0xFF, 0xDE, 0x7F, 0xFE, 0x78, 0x00, 0x71, 0xC0, 0x03, 0xE4,
    0x00, 0x1F, 0x00, 0x00, 0xF8, 0x7F, 0xC7, 0xC3, 0xFE, 0x3E, 0x18, 0x31, 0xF0, 0xC1, 0x8F, 0x86,
    0x0C, 0x7C, 0x30, 0x63, 0xE1, 0x83, 0x1F, 0x0C, 0x18, 0xF8, 0x7F, 0xC7, 0xC3, 0xFE, 0x3E, 0x18,
    0x01, 0xF0, 0xC0, 0x0F, 0x80, 0x00, 0x7C, 0x00, 0x03, 0xE0, 0x00, 0xFF, 0x00, 0x07, 0xC0, 0x00,
    0x00, 0x60, 0x00, 0x07, 0x9F, 0xFF, 0xDC, 0xFF, 0xFE, 0x70, 0x00, 0x31, 0x00, 0x01, 0xE0, 0x00,
    0x0F, 0x00, 0x00, 0x78, 0xFF, 0xC3, 0xC7, 0xFE, 0x1E, 0x30, 0x30, 0xF1, 0x81, 0x87, 0x8C, 0x0C,
    0x3C, 0x7F, 0xE1, 0xE3, 0xFF, 0x0F, 0x18, 0x18, 0x78, 0xC0, 0xC3, 0xC6, 0x06, 0x1E, 0x3F, 0xF0,
    0xF1, 0xFF, 0x87, 0x80, 0x00, 0x3C, 0x00, 0x01, 0xE0, 0x00, 0x7F, 0x00, 0x03, 0xE0, 0x00, 0x00,
    0x60, 0x00, 0x03, 0x8F, 0xFF, 0xDE, 0x7F, 0xFE, 0x70, 0x00, 0x31, 0x30, 0x61, 0xE1, 0xC7, 0x0F,
    0x06, 0x38, 0x78, 0x3B, 0x83, 0xC7, 0xFF, 0x1E, 0x3F, 0xF8, 0xF1, 0x80, 0xC7, 0x8C, 0x06, 0x3C,
    0x60, 0x31, 0xE3, 0xFF, 0x8F, 0x1F, 0xFC, 0x78, 0x3B, 0x03, 0xC1, 0x98, 0x1E, 0x1C, 0xC6, 0xF1,
    0xE6, 0x37, 0xBE, 0x3F, 0xBC, 0xE0, 0xF9, 0xE4, 0x00, 0x7F, 0x00, 0x03, 0xE0, 0x00, 0x00, 0xFF,
    0x00, 0x07, 0xFD, 0xFF, 0xFF, 0xCF, 0xFF, 0x8E, 0x60, 0x3C, 0x63, 0x01, 0xE7, 0x18, 0x0F, 0x30,
    0xC0, 0x7B, 0x86, 0x03, 0xDC, 0x30, 0x1E, 0x71, 0x80, 0xF1, 0xCF, 0xFF, 0x8E, 0x7F, 0xFC, 0x33,
    0x01, 0xE1, 0x98, 0x0F, 0x1C, 0xC0, 0x7F, 0xE6, 0x03, 0xDE, 0x30, 0x1E, 0x01, 0x80, 0xF0, 0x0C,
    0x07, 0x80, 0x7F, 0xFC, 0x03, 0xFF, 0xE0, 0x18, 0x0F, 0x00, 0xC0, 0x60, 0x00, 0x38, 0x31, 0xFC,
    0x70, 0x63, 0xF8, 0xC0, 0xC6, 0x73, 0x81, 0x8C, 0xE7, 0x03, 0x19, 0x9C, 0x06, 0x37, 0x3F, 0xFF,
    0x6C, 0xFF, 0xFE, 0xD9, 0xE0, 0x31, 0xBF, 0xC0, 0x63, 0x3D, 0xB0, 0xC6, 0x73, 0x71, 0x8C, 0xE6,
    0x63, 0x18, 0xCC, 0xE6, 0x31, 0x98, 0xCC, 0x67, 0x31, 0xD8, 0xFE, 0x61, 0x31, 0xB8, 0xC0, 0x63,
    0x01, 0x80, 0xC6, 0x03, 0x01, 0x8C, 0x06, 0x03, 0x18, 0x0C, 0x7E, 0x30, 0x18, 0x7C, 0x00, 0x00,
    0x00, 0x00, 0x00, 0x00, 0x00, 0x06, 0x03, 0xF8, 0x1C, 0x07, 0xF0, 0x7C, 0x0C, 0xE1, 0xFC, 0x19,
    0x87, 0x9C, 0x33, 0x1E, 0x1E, 0x6E, 0x78, 0x1E, 0xD9, 0xFF, 0xFD, 0xB1, 0xFF, 0xEB, 0x70, 0xFF,
    0x86, 0x70, 0x18, 0x0C, 0xE0, 0x30, 0x18, 0xFF, 0xFF, 0xB1, 0xFF, 0xFF, 0x63, 0x01, 0x80, 0xFE,
    0x33, 0x61, 0xF8, 0xE6, 0xE3, 0x03, 0x8C, 0xE6, 0x07, 0x18, 0xEC, 0x1C, 0x31, 0xD8, 0x70, 0x61,
    0xF0, 0x6F, 0xC0, 0x60, 0x0F, 0x80, 0x00, 0x00, 0x00, 0x00, 0x01, 0x81, 0xF8, 0x07, 0x03, 0xFC,
    0x0C, 0x06, 0x7D, 0xFF, 0xED, 0xDF, 0xFF, 0xDB, 0x98, 0xC0, 0x36, 0x33, 0xFE, 0x6C, 0x0F, 0xFC,
    0xF8, 0x3E, 0x19, 0xB7, 0xFC, 0x33, 0x7F, 0x5F, 0xE6, 0x66, 0x3F, 0xCC, 0xCC, 0x61, 0x99, 0x98,
    0xFF, 0x33, 0x31, 0xFE, 0x6E, 0x63, 0xFC, 0xFC, 0xC6, 0x19, 0xB1, 0x8C, 0x33, 0x07, 0x99, 0xE6,
    0x1F, 0xB3, 0x8C, 0x73, 0xE0, 0xD8, 0xE3, 0xFF, 0xB0, 0x81, 0xFF, 0x00, 0x00, 0x1C, 0x01, 0xFC,
    0x70, 0x03, 0xF8, 0xFF, 0x86, 0x73, 0xFF, 0x0C, 0xEE, 0x1C, 0x19, 0xB8, 0x70, 0x37, 0x3F, 0xFE,
    0x6C, 0x7F, 0xFC, 0xD8, 0x00, 0x19, 0xB8, 0xFF, 0xF3, 0x3B, 0xFF, 0xE6, 0x70, 0x00, 0xCC, 0x60,
    0x01, 0x98, 0xDF, 0xFF, 0x31, 0xBF, 0xFE, 0x7F, 0x07, 0x00, 0xDF, 0x0F, 0x31, 0x83, 0x67, 0x73,
    0x06, 0xC6, 0x66, 0x1D, 0x83, 0xEC, 0x3B, 0x06, 0xD8, 0xE7, 0xFD, 0xB0, 0x4F, 0xF8, 0x00, 0x7F,
    0xFF, 0xF1, 0xFF, 0xFF, 0xC0, 0x07, 0x00, 0x3F, 0xFF, 0xFF, 0xFF, 0xFF, 0xFF, 0x7D, 0xDF, 0x7F,
    0xFF, 0xFF, 0xF0, 0x1C, 0x07, 0x3F, 0xFF, 0xE0, 0x7D, 0xDF, 0x80, 0x06, 0x00, 0x3F, 0xFF, 0xFF,
    0xFF, 0xFF, 0xFC, 0x01, 0x80, 0x07, 0xFF, 0xFF, 0x1F, 0xFF, 0xFC, 0x71, 0x8E, 0x31, 0xC6, 0x38,
    0xC7, 0x18, 0xE3, 0x1C, 0x63, 0x8C, 0x71, 0x8E, 0xF1, 0xC6, 0x3B, 0xC0, 0x00, 0x00, 0x00, 0xFF,
    0xFF, 0xFF, 0xFF, 0xFF, 0xFC, 0x00, 0xC0, 0x00, 0x03, 0x80, 0x00, 0x07, 0x00, 0x0F, 0xFF, 0xFF,
    0x9F, 0xFF, 0xFF, 0x38, 0xC1, 0x8E, 0x71, 0x83, 0x1C, 0xE3, 0xFE, 0x39, 0xC7, 0xFC, 0x73, 0x8C,
    0x18, 0xE7, 0x18, 0x31, 0xCE, 0x3F, 0xE3, 0x9C, 0x7F, 0xC7, 0x38, 0xC1, 0x8E, 0x71, 0x83, 0x1C,
    0xE3, 0x06, 0x39, 0xFF, 0xFF, 0xF3, 0xFF, 0xFF, 0xE7, 0x00, 0x01, 0xC0, 0x7F, 0xFF, 0xFE, 0xFF,
    0xFF, 0xFC, 0x00, 0xE0, 0x00, 0x03, 0x80, 0x00, 0x07, 0x00, 0x03, 0xFF, 0xFE, 0x07, 0xFF, 0xFE,
    0x0E, 0x00, 0x1C, 0x1C, 0x18, 0x38, 0x38, 0x70, 0x70, 0x70, 0xE0, 0xE0, 0xE1, 0xC1, 0xC1, 0xC3,
    0x83, 0x83, 0x87, 0x07, 0x07, 0x0E, 0x0E, 0x0E, 0x1C, 0x1C, 0x1C, 0x77, 0x30, 0x01, 0xEF, 0x80,
    0x0F, 0x8F, 0xC0, 0xFE, 0x07, 0xCF, 0xF0, 0x03, 0xEF, 0x00, 0x01, 0x80, 0x00, 0x00, 0x00, 0x00,
    0x3F, 0xFE, 0xFF, 0xFF, 0xFE, 0xFF, 0xC1, 0x80, 0x0C, 0x03, 0x80, 0x0C, 0x1F, 0xFC, 0x0C, 0x3F,
    0xFC, 0x0C, 0x38, 0x0C, 0x0C, 0x39, 0xCC, 0x0C, 0x39, 0xCC, 0x0C, 0x39, 0xCC, 0x0C, 0x39, 0xCC,
    0x0C, 0x39, 0xCC, 0x0C, 0x39, 0xCC, 0x0C, 0x39, 0xCC, 0x0C, 0x39, 0xCC, 0x0C, 0x39, 0x8C, 0x0C,
    0x03, 0xE0, 0x0C, 0x07, 0xF0, 0x0C, 0x0F, 0x78, 0xFC, 0x3E, 0x1E, 0x7C, 0x7C, 0x0E, 0x00, 0x70,
    0x06, 0x00, 0x7F, 0xFF, 0x00, 0x3F, 0xFF, 0x9F, 0xE0, 0x70, 0x0F, 0xF0, 0x70, 0x00, 0xC3, 0xFF,
    0xE0, 0x61, 0xFF, 0xF0, 0x30, 0xE0, 0x38, 0x18, 0x73, 0x9C, 0x0C, 0x39, 0xCE, 0x06, 0x1C, 0xE7,
    0x03, 0x0E, 0x73, 0x81, 0x87, 0x39, 0xC0, 0xC3, 0x9C, 0xE0, 0x7F, 0xCE, 0x70, 0xFF, 0xE7, 0x39,
    0xFC, 0x73, 0x1C, 0xF0, 0x03, 0xA0, 0x00, 0x03, 0xBC, 0x00, 0x03, 0xCF, 0x00, 0x0F, 0xC3, 0xC0,
    0x0F, 0x80, 0x70, 0x07, 0x00, 0x18, 0x30, 0x6F, 0xFF, 0x3A, 0x6F, 0xFF, 0x3B, 0x60, 0x60, 0x3B,
    0x60, 0xE0, 0x3B, 0x67, 0xFE, 0x3B, 0x67, 0xFE, 0x3B, 0x67, 0xFE, 0x3B, 0x66, 0x06, 0x3B, 0x66,
    0x66, 0x3B, 0x66, 0x66, 0x33, 0x66, 0x66, 0x33, 0x66, 0x66, 0x33, 0x66, 0x66, 0x33, 0x66, 0x66,
    0x33, 0x66, 0x66, 0x33, 0x66, 0xE6, 0x33, 0x66, 0xF6, 0x33, 0x60, 0xF8, 0x73, 0x61, 0xDC, 0x70,
    0x63, 0x8E, 0x60, 0x6F, 0x07, 0x60, 0x7E, 0x03, 0x00, 0x00, 0x00, 0x7F, 0xFF, 0xFF, 0x3F, 0xFF,
    0xFF, 0x80, 0x70, 0x38, 0x02, 0x70, 0x1C, 0x03, 0xF8, 0xFF, 0xE0, 0xF8, 0x7F, 0xF0, 0x3C, 0x38,
    0x18, 0x0F, 0x1C, 0xCC, 0x7F, 0xFE, 0xE6, 0x3F, 0xFF, 0x73, 0x01, 0x9B, 0xB9, 0x80, 0xCD, 0xDC,
    0xC0, 0x6E, 0xEE, 0x60, 0x36, 0x77, 0x30, 0x18, 0x3B, 0x98, 0x0C, 0x1D, 0xCC, 0x06, 0x04, 0xD2,
    0x03, 0x00, 0xFC, 0x01, 0x80, 0xEF, 0x00, 0xC1, 0xE1, 0xC3, 0xE3, 0xE0, 0x71, 0xF0, 0xC0, 0x18,
    0x00, 0x00, 0x00, 0x02, 0x00, 0x00, 0x07, 0x00, 0x00, 0x07, 0x0F, 0xFE, 0x37, 0x0F, 0xFE, 0x37,
    0xE0, 0xE0, 0x37, 0xE0, 0xE0, 0x37, 0x07, 0xFC, 0x37, 0x0F, 0xFE, 0xFF, 0xFF, 0xFE, 0xFF, 0xFE,
    0xEE, 0xFF, 0xFE, 0xEE, 0x06, 0x0E, 0xEE, 0x36, 0x6E, 0xEE, 0x36, 0x7E, 0xEE, 0x76, 0x6E, 0xEE,
    0x66, 0xEE, 0xCE, 0xE6, 0xCE, 0xCE, 0xC7, 0xCE, 0xCE, 0x07, 0x86, 0xCE, 0x07, 0x81, 0xF0, 0x0F,
    0x03, 0xB8, 0x3E, 0x07, 0x1C, 0xF8, 0x3E, 0x0F, 0x70, 0x3C, 0x06, 0x00, 0x00, 0x00, 0x00, 0x00,
    0x00, 0x0F, 0xFF, 0xFF, 0xC7, 0xFF, 0xFF, 0xC3, 0x06, 0x0E, 0x01, 0xFF, 0x06, 0x00, 0xFF, 0x9F,
    0xF0, 0x60, 0xCF, 0xF8, 0x3F, 0xE6, 0x0C, 0x1F, 0xF3, 0x36, 0x00, 0x01, 0x9B, 0x1F, 0xFE, 0xCD,
    0x8F, 0xFF, 0x6E, 0xC0, 0x30, 0x37, 0x60, 0xD8, 0x1B, 0x30, 0x6C, 0x0D, 0x98, 0x37, 0xF7, 0xFC,
    0x1B, 0xF0, 0xDC, 0x0F, 0x81, 0xE7, 0x0F, 0xC3, 0xE1, 0xC7, 0xE3, 0xE0, 0x63, 0x3F, 0x80, 0x03,
    0x8F, 0xFF, 0xFD, 0x80, 0xFF, 0xFC, 0x00, 0x00, 0x00, 0x1C, 0x01, 0x80, 0x0E, 0x0F, 0xFE, 0x06,
    0x0F, 0xFF, 0x83, 0xF6, 0x31, 0xC1, 0xFF, 0x18, 0xE1, 0xFF, 0xFF, 0xF0, 0xC6, 0x7F, 0xF0, 0x67,
    0x03, 0x00, 0x73, 0xFF, 0xFF, 0x36, 0xBF, 0xFF, 0x9B, 0x00, 0x00, 0x01, 0x87, 0xFF, 0x80, 0xC3,
    0xFF, 0xC0, 0x61, 0x8C, 0x60, 0x30, 0xC6, 0x30, 0x18, 0x63, 0x18, 0x0C, 0x31, 0x8C, 0x06, 0xD8,
    0xC6, 0x03, 0xEC, 0xE3, 0x01, 0xE0, 0xFE, 0x01, 0xE1, 0xF7, 0xC0, 0xE3, 0xE0, 0xF0, 0x61, 0xE0,
    0x18, 0x00, 0x00, 0x00, 0x02, 0x00, 0x80, 0x0E, 0x01, 0xC0, 0x1C, 0x07, 0x00, 0x1C, 0x1C, 0x0F,
    0xFF, 0xFF, 0xFF, 0xFF, 0xFF, 0xC0, 0x0E, 0x00, 0x00, 0x18, 0x00, 0x1F, 0xFF, 0xF0, 0x3F, 0xFF,
    0xE0, 0x60, 0x01, 0xC0, 0xC0, 0x03, 0x81, 0xFF, 0xFF, 0x03, 0xFF, 0xFE, 0x06, 0x00, 0x1C, 0x0C,
    0x00, 0x38, 0x1F, 0xFF, 0xF0, 0x3F, 0xFF, 0xE0, 0x60, 0x01, 0xC0, 0xC0, 0x03, 0x81, 0x80, 0x07,
    0x03, 0xFF, 0xFE, 0x07, 0xFF, 0xFC, 0x0C, 0x00, 0x38, 0x00, 0x00, 0x80, 0x00, 0x01, 0xC0, 0x7F,
    0x81, 0xC0, 0x7F, 0x83, 0xC0, 0x01, 0x83, 0xE0, 0x31, 0x87, 0x70, 0x31, 0x8E, 0x38, 0x31, 0x9C,
    0x1C, 0x31, 0xB8, 0x0E, 0x33, 0xFF, 0xFF, 0x33, 0xAF, 0xF2, 0x33, 0x80, 0x00, 0x3F, 0xF9, 0x86,
    0x7F, 0xF9, 0xCE, 0x30, 0xFC, 0xCE, 0x00, 0xEC, 0xCC, 0x02, 0xCC, 0xDC, 0x3F, 0xCC, 0xD8, 0xFE,
    0xCC, 0x38, 0xE0, 0xC0, 0x30, 0x01, 0xC0, 0x70, 0x01, 0xFF, 0xFE, 0x1F, 0xBF, 0xFE, 0x0F, 0x80,
    0x00, 0x00, 0x00, 0x00, 0x00, 0x30, 0x00, 0x01, 0xC0, 0x00, 0x07, 0x00, 0x07, 0xFF, 0xFC, 0x1F,
    0xFF, 0xF0, 0x70, 0x01, 0x81, 0xD8, 0x06, 0x07, 0x78, 0x18, 0x1C, 0xF8, 0xE0, 0x70, 0xE3, 0x81,
    0xC0, 0xFE, 0x07, 0x00, 0xF0, 0x1C, 0x00, 0x00, 0x7F, 0xFF, 0xF1, 0xFF, 0xFF, 0xC0, 0x00, 0x03,
    0x00, 0x00, 0x1F, 0xFF, 0xFE, 0x7F, 0xFF, 0xF9, 0xC0, 0x00, 0x07, 0x00, 0x00, 0x1C, 0x00, 0x00,
    0x60, 0x00, 0x3F, 0x80, 0x00, 0x7C, 0x00, 0x00, 0x00, 0x00, 0x00, 0x00, 0x00, 0x0E, 0x00, 0x1F,
    0xFF, 0xFF, 0x1F, 0xFF, 0xFF, 0x18, 0x66, 0xE0, 0x18, 0xEF, 0xFE, 0x19, 0xCF, 0xFE, 0x1B, 0xDC,
    0x60, 0x1F, 0xFF, 0xFE, 0x1F, 0xFF, 0xFC, 0x18, 0xCF, 0xFE, 0x18, 0xCF, 0xFF, 0x18, 0xDF, 0xFF,
    0x18, 0xFC, 0x00, 0x19, 0xFF, 0xFC, 0x19, 0xFF, 0xFC, 0x39, 0xDF, 0x7C, 0x39, 0xC7, 0x78, 0x39,
    0xFF, 0xFF, 0x30, 0xFF, 0xFF, 0x33, 0xFF, 0xE7, 0x77, 0xFF, 0xF7, 0x70, 0x00, 0x67, 0x60, 0x00,
    0x7E, 0x00, 0x00, 0x00, 0x3F, 0xF0, 0x60, 0x1F, 0xF8, 0x3C, 0x0C, 0xCC, 0x1F, 0x07, 0xEE, 0x0D,
    0x83, 0xFF, 0x06, 0xE1, 0xFF, 0x83, 0x30, 0xDF, 0xC1, 0x80, 0x6F, 0x7F, 0xFE, 0x3F, 0xFF, 0xFF,
    0x1F, 0xF8, 0x70, 0x00, 0xC0, 0x38, 0x07, 0xFE, 0x1E, 0x03, 0xFF, 0x0F, 0x00, 0x18, 0x07, 0x80,
    0x0D, 0xE3, 0xC0, 0xFF, 0xF3, 0xF0, 0x7F, 0xF9, 0xD8, 0x18, 0x11, 0xCE, 0x0D, 0xEC, 0xE7, 0x06,
    0xF6, 0xE1, 0xC6, 0x6F, 0xF0, 0x73, 0x36, 0x70, 0x3D, 0x98, 0x30, 0x0C, 0x00, 0x00, 0x00, 0x00,
    0x00, 0x00, 0x00, 0x38, 0x00, 0x00, 0x1C, 0x00, 0x7F, 0xFF, 0xFE, 0x7F, 0xFF, 0xFE, 0x07, 0x00,
    0xE0, 0x03, 0x81, 0xC0, 0x01, 0xE3, 0x80, 0x00, 0xFF, 0x00, 0x00, 0x7E, 0x00, 0x00, 0xFF, 0x80,
    0x1F, 0xF7, 0xFC, 0x7F, 0x81, 0xFF, 0x7F, 0x00, 0xDE, 0x03, 0x80, 0xC0, 0x03, 0x80, 0xC0, 0x03,
    0x00, 0xC0, 0x03, 0x00, 0xC0, 0x03, 0x00, 0xC0, 0x07, 0x00, 0xC0, 0x07, 0x00, 0xC0, 0x0E, 0x00,
    0xC0, 0x1E, 0x00, 0xC0, 0x18, 0x00, 0xC0, 0x00, 0x18, 0x00, 0x00, 0x30, 0x00, 0x38, 0x60, 0x00,
    0x70, 0xFF, 0xC0, 0xE1, 0xFF, 0x81, 0xC3, 0x00, 0x03, 0x86, 0x00, 0x07, 0x0C, 0x00, 0xFF, 0xFF,
    0xFF, 0xFF, 0xFF, 0xFD, 0xFF, 0xFF, 0xF1, 0x80, 0xC0, 0xC3, 0x03, 0x81, 0x86, 0x07, 0x03, 0x0C,
    0x1F, 0x06, 0x18, 0x3F, 0x0C, 0x30, 0xE7, 0x18, 0x63, 0x87, 0x30, 0xDE, 0x07, 0x61, 0xB8, 0x06,
    0xC3, 0x00, 0x01, 0x87, 0xFF, 0xFF, 0x0F, 0xFF, 0xFE, 0x00, 0x00, 0x0C, 0x3E, 0x73, 0xE7, 0x78,
    0x07, 0x00, 0xFE, 0x7F, 0xE7, 0x70, 0x77, 0x07, 0x70, 0x77, 0x07, 0x70, 0x77, 0x07, 0x70, 0x77,
    0x07, 0x70, 0x77, 0x07, 0x70, 0x77, 0x07, 0x3E, 0x70, 0xF9, 0xC7, 0x87, 0x1C, 0x1C, 0xFE, 0x73,
    0xF9, 0xC7, 0x07, 0x1C, 0x1C, 0x70, 0x71, 0xC1, 0xC7, 0x07, 0x1C, 0x1C, 0x70, 0x71, 0xC1, 0xC7,
    0x07, 0x1C, 0x1C, 0x70, 0x3D, 0xC0, 0xF0, 0xFF, 0xFF, 0xF7, 0x77, 0x66, 0x66, 0x60, 0x02, 0xFF,
    0xF0, 0x04, 0x1C, 0x71, 0xC3, 0x8E, 0x1C, 0x30, 0xE1, 0xC3, 0x86, 0x0C, 0x18, 0x38, 0x70, 0xE0,
    0xC1, 0xC3, 0x83, 0x87, 0x07, 0x07, 0x04, 0x41, 0xC1, 0xC1, 0xC3, 0x83, 0x87, 0x06, 0x0E, 0x1C,
    0x38, 0x30, 0x60, 0xC3, 0x87, 0x0E, 0x18, 0x70, 0xE3, 0x87, 0x1C, 0x70, 0x40, 0x7B, 0xDE, 0xF1,
    0x9D, 0xDC, 0xC0, 0xFF, 0xF7, 0x00, 0x00, 0x00, 0x00, 0x7F, 0xFF, 0x1F, 0x87, 0xFE, 0xF1, 0xE6,
    0x0E, 0x00, 0x70, 0x0E, 0x00, 0xE0, 0x1C, 0x03, 0x80, 0x70, 0x0F, 0x00, 0xE0, 0x0E, 0x00, 0x00,
    0x00, 0x00, 0x40, 0x0E, 0x00, 0xF0, 0x0E, 0x00, 0x00,
};

static const EpdGlyph geist_12_regularGlyphs[] = {
    { 0, 0, 100, 0, 0, 0, 0 }, // U+0020
    { 3, 18, 85, 1, 18, 7, 0 }, // !
    { 7, 7, 138, 1, 18, 7, 7 }, // "
    { 14, 18, 191, -1, 18, 32, 14 }, // #
    { 14, 24, 252, 1, 21, 42, 46 }, // $
    { 18, 18, 321, 1, 18, 41, 88 }, // %
    { 14, 18, 248, 1, 18, 32, 129 }, // &
    { 3, 7, 71, 1, 18, 3, 161 }, // '
    { 6, 22, 110, 1, 19, 17, 164 }, // (
    { 7, 22, 110, 0, 19, 20, 181 }, // )
    { 9, 10, 172, 1, 19, 12, 201 }, // *
    { 12, 12, 223, 1, 14, 18, 213 }, // +
    { 3, 7, 80, 1, 3, 3, 231 }, // ,
    { 8, 3, 168, 1, 10, 3, 234 }, // -
    { 3, 3, 80, 1, 3, 2, 237 }, // .
    { 10, 22, 192, 1, 19, 28, 239 }, // /
    { 14, 18, 265, 1, 18, 32, 267 }, // 0
    { 7, 18, 154, 0, 18, 16, 299 }, // 1
    { 13, 18, 248, 1, 18, 30, 315 }, // 2
    { 13, 18, 245, 1, 18, 30, 345 }, // 3
    { 13, 18, 246, 1, 18, 30, 375 }, // 4
    { 14, 18, 250, 1, 18, 32, 405 }, // 5
    { 13, 18, 237, 1, 18, 30, 437 }, // 6
    { 13, 18, 210, 1, 18, 30, 467 }, // 7
    { 13, 18, 242, 1, 18, 30, 497 }, // 8
    { 13, 18, 237, 1, 18, 30, 527 }, // 9
    { 3, 13, 119, 2, 13, 5, 557 }, // :
    { 3, 17, 119, 2, 13, 7, 562 }, // ;
    { 12, 15, 218, 1, 15, 23, 569 }, // <
    { 12, 8, 216, 1, 12, 12, 592 }, // =
    { 12, 15, 218, 1, 15, 23, 604 }, // >
    { 12, 18, 224, 0, 18, 27, 627 }, // ?
    { 22, 23, 362, 1, 18, 64, 654 }, // @
    { 17, 18, 267, 0, 18, 39, 718 }, // A
    { 14, 18, 272, 2, 18, 32, 757 }, // B
    { 16, 18, 281, 1, 18, 36, 789 }, // C
    { 14, 18, 278, 2, 18, 32, 825 }, // D
    { 11, 18, 241, 2, 18, 25, 857 }, // E
    { 11, 18, 236, 2, 18, 25, 882 }, // F
    { 16, 18, 280, 1, 18, 36, 907 }, // G
    { 14, 18, 285, 2, 18, 32, 943 }, // H
    { 3, 18, 108, 2, 18, 7, 975 }, // I
    { 12, 18, 239, 2, 18, 27, 982 }, // J
    { 14, 18, 256, 2, 18, 32, 1009 }, // K
    { 11, 18, 232, 2, 18, 25, 1041 }, // L
    { 18, 18, 351, 2, 18, 41, 1066 }, // M
    { 14, 18, 297, 2, 18, 32, 1107 }, // N
    { 17, 18, 296, 1, 18, 39, 1139 }, // O
    { 13, 18, 260, 2, 18, 30, 1178 }, // P
    { 16, 20, 293, 1, 18, 40, 1208 }, // Q
    { 14, 18, 269, 2, 18, 32, 1248 }, // R
    { 14, 18, 256, 1, 18, 32, 1280 }, // S
    { 13, 18, 221, 1, 18, 30, 1312 }, // T
    { 14, 18, 276, 2, 18, 32, 1342 }, // U
    { 17, 18, 267, 0, 18, 39, 1374 }, // V
    { 23, 18, 378, 0, 18, 52, 1413 }, // W
    { 15, 18, 242, 0, 18, 34, 1465 }, // X
    { 16, 18, 230, -1, 18, 36, 1499 }, // Y
    { 12, 18, 218, 1, 18, 27, 1535 }, // Z
    { 6, 23, 139, 2, 20, 18, 1562 }, // [
    { 10, 22, 182, 1, 19, 28, 1580 }, // <backslash>
    { 7, 23, 139, 1, 20, 21, 1608 }, // ]
    { 9, 8, 170, 1, 18, 9, 1629 }, // ^
    { 12, 3, 223, 1, 1, 5, 1638 }, // _
    { 5, 3, 99, 1, 18, 2, 1643 }, // `
    { 12, 14, 220, 1, 14, 21, 1645 }, // a
    { 12, 18, 238, 2, 18, 27, 1666 }, // b
    { 12, 14, 218, 1, 14, 21, 1693 }, // c
    { 12, 18, 238, 1, 18, 27, 1714 }, // d
    { 12, 14, 224, 1, 14, 21, 1741 }, // e
    { 7, 18, 158, 1, 18, 16, 1762 }, // f
    { 12, 18, 238, 1, 14, 27, 1778 }, // g
    { 11, 18, 232, 2, 18, 25, 1805 }, // h
    { 3, 18, 98, 2, 18, 7, 1830 }, // i
    { 6, 22, 104, -1, 18, 17, 1837 }, // j
    { 12, 18, 236, 2, 18, 27, 1854 }, // k
    { 4, 18, 107, 2, 18, 9, 1881 }, // l
    { 18, 14, 351, 2, 14, 32, 1890 }, // m
    { 11, 14, 232, 2, 14, 20, 1922 }, // n
    { 13, 14, 229, 1, 14, 23, 1942 }, // o
    { 12, 18, 238, 2, 14, 27, 1965 }, // p
    { 12, 18, 238, 1, 14, 27, 1992 }, // q
    { 7, 14, 152, 2, 14, 13, 2019 }, // r
    { 12, 14, 208, 1, 14, 21, 2032 }, // s
    { 8, 17, 157, 1, 17, 17, 2053 }, // t
    { 11, 14, 230, 2, 14, 20, 2070 }, // u
    { 13, 14, 214, 0, 14, 23, 2090 }, // v
    { 20, 14, 328, 0, 14, 35, 2113 }, // w
    { 13, 14, 234, 1, 14, 23, 2148 }, // x
    { 14, 18, 215, 0, 14, 32, 2171 }, // y
    { 10, 14, 215, 1, 14, 18, 2203 }, // z
    { 9, 23, 156, 1, 20, 26, 2221 }, // {
    { 3, 22, 106, 2, 19, 9, 2247 }, // |
    { 9, 23, 156, 0, 20, 26, 2256 }, // }
    { 12, 6, 209, 1, 12, 9, 2282 }, // ~
    { 0, 0, 100, 0, 0, 0, 2291 }, // U+00A0
    { 3, 18, 85, 1, 14, 7, 2291 }, // U+00A1
    { 12, 18, 218, 1, 18, 27, 2298 }, // U+00A2
    { 13, 18, 244, 1, 18, 30, 2325 }, // U+00A3
    { 15, 15, 250, 1, 16, 29, 2355 }, // U+00A4
    { 15, 18, 230, -1, 18, 34, 2384 }, // U+00A5
    { 3, 22, 106, 2, 19, 9, 2418 }, // U+00A6
    { 12, 21, 220, 1, 18, 32, 2427 }, // U+00A7
    { 7, 3, 140, 1, 19, 3, 2459 }, // U+00A8
    { 19, 20, 331, 1, 20, 48, 2462 }, // U+00A9
    { 9, 9, 160, 1, 18, 11, 2510 }, // U+00AA
    { 12, 10, 213, 1, 12, 15, 2521 }, // U+00AB
    { 12, 8, 200, 0, 9, 12, 2536 }, // U+00AC
    { 14, 14, 254, 0, 19, 25, 2548 }, // U+00AE
    { 7, 3, 142, 1, 19, 3, 2573 }, // U+00AF
    { 8, 9, 162, 1, 20, 9, 2576 }, // U+00B0
    { 11, 15, 215, 1, 15, 21, 2585 }, // U+00B1
    { 7, 10, 139, 1, 18, 9, 2606 }, // U+00B2
    { 7, 10, 133, 1, 18, 9, 2615 }, // U+00B3
    { 5, 3, 99, 1, 18, 2, 2624 }, // U+00B4
    { 11, 18, 230, 2, 14, 25, 2626 }, // U+00B5
    { 12, 18, 238, 1, 18, 27, 2651 }, // U+00B6
    { 3, 3, 80, 1, 9, 2, 2678 }, // U+00B7
    { 7, 6, 127, 0, 0, 6, 2680 }, // U+00B8
    { 5, 10, 97, 0, 18, 7, 2686 }, // U+00B9
    { 8, 9, 168, 1, 18, 9, 2693 }, // U+00BA
    { 12, 10, 215, 0, 12, 15, 2702 }, // U+00BB
    { 18, 18, 293, 0, 18, 41, 2717 }, // U+00BC
    { 19, 18, 320, 0, 18, 43, 2758 }, // U+00BD
    { 19, 19, 313, 1, 19, 46, 2801 }, // U+00BE
    { 13, 19, 224, 1, 15, 31, 2847 }, // U+00BF
    { 17, 23, 267, 0, 23, 49, 2878 }, // U+00C0
    { 17, 23, 267, 0, 23, 49, 2927 }, // U+00C1
    { 17, 24, 267, 0, 24, 51, 2976 }, // U+00C2
    { 17, 24, 267, 0, 24, 51, 3027 }, // U+00C3
    { 16, 23, 267, 0, 23, 46, 3078 }, // U+00C4
    { 16, 24, 268, 0, 24, 48, 3124 }, // U+00C5
    { 23, 18, 389, 0, 18, 52, 3172 }, // U+00C6
    { 16, 25, 281, 1, 18, 50, 3224 }, // U+00C7
    { 11, 23, 241, 2, 23, 32, 3274 }, // U+00C8
    { 11, 23, 241, 2, 23, 32, 3306 }, // U+00C9
    { 11, 24, 241, 2, 24, 33, 3338 }, // U+00CA
    { 11, 23, 241, 2, 23, 32, 3371 }, // U+00CB
    { 5, 23, 108, 0, 23, 15, 3403 }, // U+00CC
    { 5, 23, 108, 2, 23, 15, 3418 }, // U+00CD
    { 8, 24, 108, -1, 24, 24, 3433 }, // U+00CE
    { 7, 23, 108, 1, 23, 21, 3457 }, // U+00CF
    { 16, 18, 278, 1, 18, 36, 3478 }, // U+00D0
    { 14, 24, 297, 2, 24, 42, 3514 }, // U+00D1
    { 17, 24, 296, 1, 24, 51, 3556 }, // U+00D2
    { 17, 24, 296, 1, 24, 51, 3607 }, // U+00D3
    { 17, 24, 296, 1, 24, 51, 3658 }, // U+00D4
    { 17, 24, 296, 1, 24, 51, 3709 }, // U+00D5
    { 17, 24, 296, 1, 24, 51, 3760 }, // U+00D6
    { 11, 12, 201, 1, 14, 17, 3811 }, // U+00D7
    { 17, 18, 296, 1, 18, 39, 3828 }, // U+00D8
    { 14, 24, 276, 2, 24, 42, 3867 }, // U+00D9
    { 14, 24, 276, 2, 24, 42, 3909 }, // U+00DA
    { 14, 24, 276, 2, 24, 42, 3951 }, // U+00DB
    { 14, 24, 276, 2, 24, 42, 3993 }, // U+00DC
    { 16, 23, 230, -1, 23, 46, 4035 }, // U+00DD
    { 12, 18, 248, 2, 18, 27, 4081 }, // U+00DE
    { 12, 18, 235, 2, 18, 27, 4108 }, // U+00DF
    { 12, 18, 220, 1, 18, 27, 4135 }, // U+00E0
    { 12, 18, 220, 1, 18, 27, 4162 }, // U+00E1
    { 12, 19, 220, 1, 19, 29, 4189 }, // U+00E2
    { 12, 19, 220, 1, 19, 29, 4218 }, // U+00E3
    { 12, 18, 220, 1, 18, 27, 4247 }, // U+00E4
    { 12, 20, 220, 1, 20, 30, 4274 }, // U+00E5
    { 21, 14, 368, 1, 14, 37, 4304 }, // U+00E6
    { 12, 21, 218, 1, 14, 32, 4341 }, // U+00E7
    { 12, 18, 224, 1, 18, 27, 4373 }, // U+00E8
    { 12, 18, 224, 1, 18, 27, 4400 }, // U+00E9
    { 12, 18, 224, 1, 18, 27, 4427 }, // U+00EA
    { 12, 18, 224, 1, 18, 27, 4454 }, // U+00EB
    { 5, 18, 98, 0, 18, 12, 4481 }, // U+00EC
    { 5, 18, 98, 2, 18, 12, 4493 }, // U+00ED
    { 8, 19, 98, -1, 19, 19, 4505 }, // U+00EE
    { 6, 18, 98, 1, 18, 14, 4524 }, // U+00EF
    { 13, 19, 229, 1, 19, 31, 4538 }, // U+00F0
    { 11, 19, 232, 2, 19, 27, 4569 }, // U+00F1
    { 13, 18, 229, 1, 18, 30, 4596 }, // U+00F2
    { 13, 18, 229, 1, 18, 30, 4626 }, // U+00F3
    { 13, 19, 229, 1, 19, 31, 4656 }, // U+00F4
    { 13, 19, 229, 1, 19, 31, 4687 }, // U+00F5
    { 13, 18, 229, 1, 18, 30, 4718 }, // U+00F6
    { 12, 12, 216, 1, 14, 18, 4748 }, // U+00F7
    { 13, 14, 229, 1, 14, 23, 4766 }, // U+00F8
    { 11, 18, 230, 2, 18, 25, 4789 }, // U+00F9
    { 11, 18, 230, 2, 18, 25, 4814 }, // U+00FA
    { 11, 19, 230, 2, 19, 27, 4839 }, // U+00FB
    { 11, 18, 230, 2, 18, 25, 4866 }, // U+00FC
    { 14, 22, 215, 0, 18, 39, 4891 }, // U+00FD
    { 12, 22, 238, 2, 18, 33, 4930 }, // U+00FE
    { 14, 22, 215, 0, 18, 39, 4963 }, // U+00FF
    { 17, 23, 267, 0, 23, 49, 5002 }, // U+0100
    { 12, 18, 220, 1, 18, 27, 5051 }, // U+0101
    { 17, 24, 267, 0, 24, 51, 5078 }, // U+0102
    { 12, 19, 220, 1, 19, 29, 5129 }, // U+0103
    { 18, 25, 267, 0, 18, 57, 5158 }, // U+0104
    { 13, 20, 220, 1, 14, 33, 5215 }, // U+0105
    { 16, 24, 281, 1, 24, 48, 5248 }, // U+0106
    { 12, 18, 218, 1, 18, 27, 5296 }, // U+0107
    { 16, 24, 281, 1, 24, 48, 5323 }, // U+0108
    { 12, 19, 218, 1, 19, 29, 5371 }, // U+0109
    { 16, 24, 281, 1, 24, 48, 5400 }, // U+010A
    { 12, 18, 218, 1, 18, 27, 5448 }, // U+010B
    { 16, 24, 281, 1, 24, 48, 5475 }, // U+010C
    { 12, 19, 218, 1, 19, 29, 5523 }, // U+010D
    { 14, 24, 278, 2, 24, 42, 5552 }, // U+010E
    { 17, 18, 265, 1, 18, 39, 5594 }, // U+010F
    { 16, 18, 278, 1, 18, 36, 5633 }, // U+0110
    { 14, 18, 238, 1, 18, 32, 5669 }, // U+0111
    { 11, 23, 241, 2, 23, 32, 5701 }, // U+0112
    { 12, 18, 224, 1, 18, 27, 5733 }, // U+0113
    { 11, 23, 241, 2, 23, 32, 5760 }, // U+0116
    { 12, 18, 224, 1, 18, 27, 5792 }, // U+0117
    { 13, 25, 241, 2, 18, 41, 5819 }, // U+0118
    { 12, 20, 224, 1, 14, 30, 5860 }, // U+0119
    { 11, 24, 241, 2, 24, 33, 5890 }, // U+011A
    { 12, 18, 224, 1, 18, 27, 5923 }, // U+011B
    { 16, 24, 280, 1, 24, 48, 5950 }, // U+011C
    { 12, 23, 238, 1, 19, 35, 5998 }, // U+011D
    { 16, 24, 280, 1, 24, 48, 6033 }, // U+011E
    { 12, 23, 238, 1, 19, 35, 6081 }, // U+011F
    { 16, 24, 280, 1, 24, 48, 6116 }, // U+0120
    { 12, 22, 238, 1, 18, 33, 6164 }, // U+0121
    { 16, 25, 280, 1, 18, 50, 6197 }, // U+0122
    { 12, 25, 238, 1, 21, 38, 6247 }, // U+0123
    { 14, 24, 285, 2, 24, 42, 6285 }, // U+0124
    { 14, 23, 232, -1, 23, 41, 6327 }, // U+0125
    { 17, 18, 285, 1, 18, 39, 6368 }, // U+0126
    { 13, 18, 232, 0, 18, 30, 6407 }, // U+0127
    { 9, 24, 108, -1, 24, 27, 6437 }, // U+0128
    { 9, 19, 98, -2, 19, 22, 6464 }, // U+0129
    { 7, 23, 108, 1, 23, 21, 6486 }, // U+012A
    { 7, 18, 98, 0, 18, 16, 6507 }, // U+012B
    { 5, 25, 108, 1, 18, 16, 6523 }, // U+012E
    { 5, 25, 98, 1, 18, 16, 6539 }, // U+012F
    { 3, 23, 108, 2, 23, 9, 6555 }, // U+0130
    { 3, 14, 98, 2, 14, 6, 6564 }, // U+0131
    { 17, 18, 339, 2, 18, 39, 6570 }, // U+0132
    { 9, 22, 198, 2, 18, 25, 6609 }, // U+0133
    { 14, 24, 239, 2, 24, 42, 6634 }, // U+0134
    { 8, 23, 104, -1, 19, 23, 6676 }, // U+0135
    { 13, 25, 256, 2, 18, 41, 6699 }, // U+0136
    { 12, 25, 236, 2, 18, 38, 6740 }, // U+0137
    { 11, 23, 232, 2, 23, 32, 6778 }, // U+0139
    { 5, 22, 107, 2, 22, 14, 6810 }, // U+013A
    { 11, 25, 232, 2, 18, 35, 6824 }, // U+013B
    { 4, 25, 107, 2, 18, 13, 6859 }, // U+013C
    { 11, 18, 232, 2, 18, 25, 6872 }, // U+013D
    { 7, 18, 127, 2, 18, 16, 6897 }, // U+013E
    { 13, 18, 232, 1, 18, 30, 6913 }, // U+0141
    { 6, 18, 107, 1, 18, 14, 6943 }, // U+0142
    { 14, 23, 297, 2, 23, 41, 6957 }, // U+0143
    { 11, 18, 232, 2, 18, 25, 6998 }, // U+0144
    { 14, 25, 297, 2, 18, 44, 7023 }, // U+0145
    { 11, 21, 232, 2, 14, 29, 7067 }, // U+0146
    { 14, 24, 297, 2, 24, 42, 7096 }, // U+0147
    { 11, 19, 232, 2, 19, 27, 7138 }, // U+0148
    { 14, 22, 297, 2, 18, 39, 7165 }, // U+014A
    { 11, 18, 232, 2, 14, 25, 7204 }, // U+014B
    { 17, 24, 296, 1, 24, 51, 7229 }, // U+014C
    { 13, 18, 229, 1, 18, 30, 7280 }, // U+014D
    { 17, 24, 296, 1, 24, 51, 7310 }, // U+0150
    { 13, 18, 229, 1, 18, 30, 7361 }, // U+0151
    { 25, 18, 435, 1, 18, 57, 7391 }, // U+0152
    { 22, 14, 383, 1, 14, 39, 7448 }, // U+0153
    { 14, 23, 269, 2, 23, 41, 7487 }, // U+0154
    { 7, 18, 152, 2, 18, 16, 7528 }, // U+0155
    { 14, 25, 269, 2, 18, 44, 7544 }, // U+0156
    { 8, 21, 152, 1, 14, 21, 7588 }, // U+0157
    { 14, 24, 269, 2, 24, 42, 7609 }, // U+0158
    { 8, 19, 152, 1, 19, 19, 7651 }, // U+0159
    { 14, 24, 256, 1, 24, 42, 7670 }, // U+015A
    { 12, 18, 208, 1, 18, 27, 7712 }, // U+015B
    { 14, 24, 256, 1, 24, 42, 7739 }, // U+015C
    { 12, 19, 208, 1, 19, 29, 7781 }, // U+015D
    { 14, 25, 256, 1, 18, 44, 7810 }, // U+015E
    { 12, 21, 208, 1, 14, 32, 7854 }, // U+015F
    { 14, 24, 256, 1, 24, 42, 7886 }, // U+0160
    { 12, 19, 208, 1, 19, 29, 7928 }, // U+0161
    { 13, 24, 221, 1, 18, 39, 7957 }, // U+0162
    { 8, 23, 157, 1, 17, 23, 7996 }, // U+0163
    { 13, 24, 221, 1, 24, 39, 8019 }, // U+0164
    { 10, 19, 160, 1, 19, 24, 8058 }, // U+0165
    { 13, 18, 221, 1, 18, 30, 8082 }, // U+0166
    { 8, 17, 157, 1, 17, 17, 8112 }, // U+0167
    { 14, 24, 276, 2, 24, 42, 8129 }, // U+0168
    { 11, 19, 230, 2, 19, 27, 8171 }, // U+0169
    { 14, 24, 276, 2, 24, 42, 8198 }, // U+016A
    { 11, 18, 230, 2, 18, 25, 8240 }, // U+016B
    { 14, 24, 276, 2, 24, 42, 8265 }, // U+016C
    { 11, 19, 230, 2, 19, 27, 8307 }, // U+016D
    { 14, 25, 276, 2, 25, 44, 8334 }, // U+016E
    { 11, 20, 230, 2, 20, 28, 8378 }, // U+016F
    { 14, 24, 276, 2, 24, 42, 8406 }, // U+0170
    { 11, 18, 230, 2, 18, 25, 8448 }, // U+0171
    { 14, 24, 276, 2, 18, 42, 8473 }, // U+0172
    { 12, 20, 230, 2, 14, 30, 8515 }, // U+0173
    { 23, 24, 378, 0, 24, 69, 8545 }, // U+0174
    { 20, 19, 328, 0, 19, 48, 8614 }, // U+0175
    { 16, 24, 230, -1, 24, 48, 8662 }, // U+0176
    { 14, 23, 215, 0, 19, 41, 8710 }, // U+0177
    { 16, 23, 230, -1, 23, 46, 8751 }, // U+0178
    { 12, 23, 218, 1, 23, 35, 8797 }, // U+0179
    { 10, 18, 215, 1, 18, 23, 8832 }, // U+017A
    { 12, 23, 218, 1, 23, 35, 8855 }, // U+017B
    { 10, 18, 215, 1, 18, 23, 8890 }, // U+017C
    { 12, 24, 218, 1, 24, 36, 8913 }, // U+017D
    { 10, 19, 215, 1, 19, 24, 8949 }, // U+017E
    { 17, 23, 296, 1, 23, 49, 8973 }, // U+01A0
    { 13, 18, 229, 1, 18, 30, 9022 }, // U+01A1
    { 16, 23, 276, 2, 23, 46, 9052 }, // U+01AF
    { 13, 18, 232, 2, 18, 30, 9098 }, // U+01B0
    { 17, 24, 267, 0, 24, 51, 9128 }, // U+01CD
    { 12, 19, 220, 1, 19, 29, 9179 }, // U+01CE
    { 16, 18, 298, 1, 18, 36, 9208 }, // U+01E4
    { 14, 18, 250, 1, 14, 32, 9244 }, // U+01E5
    { 16, 24, 280, 1, 24, 48, 9276 }, // U+01E6
    { 12, 23, 238, 1, 19, 35, 9324 }, // U+01E7
    { 14, 24, 256, 2, 24, 42, 9359 }, // U+01E8
    { 15, 23, 236, -1, 23, 44, 9401 }, // U+01E9
    { 14, 25, 256, 1, 18, 44, 9445 }, // U+0218
    { 12, 21, 208, 1, 14, 32, 9489 }, // U+0219
    { 13, 25, 221, 1, 18, 41, 9521 }, // U+021A
    { 8, 24, 157, 1, 17, 24, 9562 }, // U+021B
    { 5, 3, 0, 1, 18, 2, 9586 }, // U+0300
    { 5, 3, 0, 1, 18, 2, 9588 }, // U+0301
    { 7, 4, 0, 1, 19, 4, 9590 }, // U+0302
    { 9, 4, 0, 0, 19, 5, 9594 }, // U+0303
    { 7, 3, 0, 1, 19, 3, 9599 }, // U+0304
    { 7, 4, 0, 1, 20, 4, 9602 }, // U+0306
    { 3, 3, 0, 1, 19, 2, 9606 }, // U+0307
    { 7, 3, 0, 1, 19, 3, 9608 }, // U+0308
    { 6, 6, 0, 1, 21, 5, 9611 }, // U+0309
    { 5, 6, 0, 0, 20, 4, 9616 }, // U+030A
    { 8, 3, 0, 1, 18, 3, 9620 }, // U+030B
    { 7, 4, 0, 1, 19, 4, 9623 }, // U+030C
    { 3, 5, 0, 1, 21, 2, 9627 }, // U+0312
    { 6, 6, 0, 1, 18, 5, 9629 }, // U+031B
    { 3, 3, 0, 1, -1, 2, 9634 }, // U+0323
    { 4, 6, 0, 1, -1, 3, 9636 }, // U+0326
    { 7, 6, 0, 0, 0, 6, 9639 }, // U+0327
    { 5, 7, 0, 1, 2, 5, 9645 }, // U+0328
    { 8, 3, 0, 3, 11, 3, 9650 }, // U+0335
    { 17, 3, 0, 1, 17, 7, 9653 }, // U+0336
    { 6, 6, 0, 1, 13, 5, 9660 }, // U+0337
    { 12, 15, 0, 1, 15, 23, 9665 }, // U+0338
    { 11, 23, 241, 2, 23, 32, 9688 }, // U+0400
    { 11, 23, 241, 2, 23, 32, 9720 }, // U+0401
    { 19, 18, 322, 1, 18, 43, 9752 }, // U+0402
    { 11, 23, 216, 2, 23, 32, 9795 }, // U+0403
    { 17, 18, 285, 1, 18, 39, 9827 }, // U+0404
    { 14, 18, 256, 1, 18, 32, 9866 }, // U+0405
    { 3, 18, 108, 2, 18, 7, 9898 }, // U+0406
    { 6, 23, 108, 1, 23, 18, 9905 }, // U+0407
    { 12, 18, 239, 2, 18, 27, 9923 }, // U+0408
    { 25, 18, 452, 2, 18, 57, 9950 }, // U+0409
    { 24, 18, 441, 2, 18, 54, 10007 }, // U+040A
    { 19, 18, 326, 1, 18, 43, 10061 }, // U+040B
    { 14, 23, 251, 2, 23, 41, 10104 }, // U+040C
    { 14, 23, 295, 2, 23, 41, 10145 }, // U+040D
    { 16, 24, 251, 0, 24, 48, 10186 }, // U+040E
    { 14, 22, 285, 2, 18, 39, 10234 }, // U+040F
    { 17, 18, 267, 0, 18, 39, 10273 }, // U+0410
    { 13, 18, 264, 2, 18, 30, 10312 }, // U+0411
    { 14, 18, 272, 2, 18, 32, 10342 }, // U+0412
    { 11, 18, 216, 2, 18, 25, 10374 }, // U+0413
    { 18, 22, 312, 1, 18, 50, 10399 }, // U+0414
    { 11, 18, 241, 2, 18, 25, 10449 }, // U+0415
    { 22, 18, 359, 0, 18, 50, 10474 }, // U+0416
    { 15, 18, 246, 0, 18, 34, 10524 }, // U+0417
    { 14, 18, 297, 2, 18, 32, 10558 }, // U+0418
    { 14, 24, 297, 2, 24, 42, 10590 }, // U+0419
    { 14, 18, 251, 2, 18, 32, 10632 }, // U+041A
    { 15, 18, 294, 2, 18, 34, 10664 }, // U+041B
    { 18, 18, 351, 2, 18, 41, 10698 }, // U+041C
    { 14, 18, 285, 2, 18, 32, 10739 }, // U+041D
    { 17, 18, 296, 1, 18, 39, 10771 }, // U+041E
    { 14, 18, 285, 2, 18, 32, 10810 }, // U+041F
    { 13, 18, 260, 2, 18, 30, 10842 }, // U+0420
    { 16, 18, 281, 1, 18, 36, 10872 }, // U+0421
    { 13, 18, 226, 0, 18, 30, 10908 }, // U+0422
    { 16, 18, 251, 0, 18, 36, 10938 }, // U+0423
    { 19, 18, 342, 1, 18, 43, 10974 }, // U+0424
    { 15, 18, 242, 0, 18, 34, 11017 }, // U+0425
    { 16, 22, 303, 2, 18, 44, 11051 }, // U+0426
    { 14, 18, 278, 2, 18, 32, 11095 }, // U+0427
    { 20, 18, 383, 2, 18, 45, 11127 }, // U+0428
    { 22, 22, 401, 2, 18, 61, 11172 }, // U+0429
    { 18, 18, 316, 1, 18, 41, 11233 }, // U+042A
    { 17, 18, 344, 2, 18, 39, 11274 }, // U+042B
    { 13, 18, 264, 2, 18, 30, 11313 }, // U+042C
    { 17, 18, 285, 0, 18, 39, 11343 }, // U+042D
    { 21, 18, 378, 2, 18, 48, 11382 }, // U+042E
    { 14, 18, 266, 1, 18, 32, 11430 }, // U+042F
    { 12, 14, 220, 1, 14, 21, 11462 }, // U+0430
    { 12, 18, 222, 1, 18, 27, 11483 }, // U+0431
    { 11, 14, 236, 2, 14, 20, 11510 }, // U+0432
    { 9, 14, 184, 2, 14, 16, 11530 }, // U+0433
    { 14, 17, 245, 1, 14, 30, 11546 }, // U+0434
    { 12, 14, 224, 1, 14, 21, 11576 }, // U+0435
    { 20, 14, 342, 1, 14, 35, 11597 }, // U+0436
    { 12, 14, 206, 1, 14, 21, 11632 }, // U+0437
    { 11, 14, 232, 2, 14, 20, 11653 }, // U+0438
    { 11, 19, 232, 2, 19, 27, 11673 }, // U+0439
    { 12, 14, 230, 2, 14, 21, 11700 }, // U+043A
    { 13, 14, 248, 1, 14, 23, 11721 }, // U+043B
    { 14, 14, 280, 2, 14, 25, 11744 }, // U+043C
    { 11, 14, 232, 2, 14, 20, 11769 }, // U+043D
    { 13, 14, 229, 1, 14, 23, 11789 }, // U+043E
    { 11, 14, 232, 2, 14, 20, 11812 }, // U+043F
    { 12, 18, 238, 2, 14, 27, 11832 }, // U+0440
    { 12, 14, 218, 1, 14, 21, 11859 }, // U+0441
    { 12, 14, 221, 1, 14, 21, 11880 }, // U+0442
    { 14, 18, 215, 0, 14, 32, 11901 }, // U+0443
    { 17, 22, 298, 1, 18, 47, 11933 }, // U+0444
    { 13, 14, 234, 1, 14, 23, 11980 }, // U+0445
    { 13, 18, 242, 2, 14, 30, 12003 }, // U+0446
    { 11, 14, 234, 2, 14, 20, 12033 }, // U+0447
    { 17, 14, 325, 2, 14, 30, 12053 }, // U+0448
    { 19, 18, 334, 2, 14, 43, 12083 }, // U+0449
    { 13, 14, 244, 1, 14, 23, 12126 }, // U+044A
    { 14, 14, 280, 2, 14, 25, 12149 }, // U+044B
    { 11, 14, 216, 2, 14, 20, 12174 }, // U+044C
    { 12, 14, 222, 1, 14, 21, 12194 }, // U+044D
    { 17, 14, 313, 2, 14, 30, 12215 }, // U+044E
    { 12, 14, 234, 1, 14, 21, 12245 }, // U+044F
    { 12, 18, 224, 1, 18, 27, 12266 }, // U+0450
    { 12, 18, 224, 1, 18, 27, 12293 }, // U+0451
    { 13, 22, 232, 1, 18, 36, 12320 }, // U+0452
    { 9, 18, 184, 2, 18, 21, 12356 }, // U+0453
    { 12, 14, 222, 1, 14, 21, 12377 }, // U+0454
    { 12, 14, 208, 1, 14, 21, 12398 }, // U+0455
    { 3, 18, 98, 2, 18, 7, 12419 }, // U+0456
    { 6, 18, 98, 1, 18, 14, 12426 }, // U+0457
    { 6, 22, 104, -1, 18, 17, 12440 }, // U+0458
    { 21, 14, 366, 1, 14, 37, 12457 }, // U+0459
    { 19, 14, 350, 2, 14, 34, 12494 }, // U+045A
    { 13, 18, 232, 0, 18, 30, 12528 }, // U+045B
    { 12, 18, 230, 2, 18, 27, 12558 }, // U+045C
    { 11, 18, 232, 2, 18, 25, 12585 }, // U+045D
    { 14, 23, 215, 0, 19, 41, 12610 }, // U+045E
    { 11, 17, 232, 2, 14, 24, 12651 }, // U+045F
    { 17, 18, 312, 1, 18, 39, 12675 }, // U+0462
    { 13, 17, 223, 1, 17, 28, 12714 }, // U+0463
    { 18, 18, 290, 0, 18, 41, 12742 }, // U+046A
    { 16, 14, 282, 1, 14, 28, 12783 }, // U+046B
    { 17, 18, 296, 1, 18, 39, 12811 }, // U+0472
    { 13, 14, 229, 1, 14, 23, 12850 }, // U+0473
    { 17, 18, 284, 1, 18, 39, 12873 }, // U+0474
    { 13, 14, 217, 0, 14, 23, 12912 }, // U+0475
    { 11, 23, 216, 2, 23, 32, 12935 }, // U+0490
    { 10, 17, 184, 2, 17, 22, 12967 }, // U+0491
    { 14, 18, 240, 1, 18, 32, 12989 }, // U+0492
    { 12, 14, 220, 1, 14, 21, 13021 }, // U+0493
    { 23, 22, 369, 0, 18, 64, 13042 }, // U+0496
    { 21, 17, 342, 1, 14, 45, 13106 }, // U+0497
    { 14, 22, 262, 2, 18, 39, 13151 }, // U+049A
    { 12, 17, 227, 2, 14, 26, 13190 }, // U+049B
    { 16, 22, 312, 2, 18, 44, 13216 }, // U+04A2
    { 13, 17, 242, 2, 14, 28, 13260 }, // U+04A3
    { 16, 18, 230, -1, 18, 36, 13288 }, // U+04AE
    { 14, 18, 218, 0, 14, 32, 13324 }, // U+04AF
    { 15, 18, 230, 0, 18, 34, 13356 }, // U+04B0
    { 13, 18, 218, 0, 14, 30, 13390 }, // U+04B1
    { 17, 22, 256, -1, 18, 47, 13420 }, // U+04B2
    { 15, 17, 236, 0, 14, 32, 13467 }, // U+04B3
    { 16, 22, 296, 2, 18, 44, 13499 }, // U+04B6
    { 13, 17, 244, 2, 14, 28, 13543 }, // U+04B7
    { 14, 18, 278, 2, 18, 32, 13571 }, // U+04BA
    { 11, 18, 232, 2, 18, 25, 13603 }, // U+04BB
    { 3, 18, 108, 2, 18, 7, 13628 }, // U+04C0
    { 3, 18, 107, 2, 18, 7, 13635 }, // U+04CF
    { 16, 18, 285, 1, 18, 36, 13642 }, // U+04D8
    { 13, 14, 224, 1, 14, 23, 13678 }, // U+04D9
    { 14, 23, 297, 2, 23, 41, 13701 }, // U+04E2
    { 11, 18, 232, 2, 18, 25, 13742 }, // U+04E3
    { 16, 18, 296, 1, 18, 36, 13767 }, // U+04E8
    { 12, 14, 229, 1, 14, 21, 13803 }, // U+04E9
    { 17, 23, 251, 0, 23, 49, 13824 }, // U+04EE
    { 14, 22, 215, 0, 18, 39, 13873 }, // U+04EF
    { 16, 22, 267, 0, 18, 44, 13912 }, // U+1EA0
    { 12, 18, 220, 1, 14, 27, 13956 }, // U+1EA1
    { 18, 24, 267, 0, 24, 54, 13983 }, // U+1EA2
    { 12, 21, 220, 1, 21, 32, 14037 }, // U+1EA3
    { 17, 26, 267, 0, 26, 56, 14069 }, // U+1EA4
    { 12, 21, 220, 1, 21, 32, 14125 }, // U+1EA5
    { 17, 26, 267, 0, 26, 56, 14157 }, // U+1EA6
    { 12, 21, 220, 1, 21, 32, 14213 }, // U+1EA7
    { 17, 26, 267, 0, 26, 56, 14245 }, // U+1EA8
    { 12, 22, 220, 1, 22, 33, 14301 }, // U+1EA9
    { 17, 26, 267, 0, 26, 56, 14334 }, // U+1EAA
    { 12, 22, 220, 1, 22, 33, 14390 }, // U+1EAB
    { 16, 28, 267, 0, 24, 56, 14423 }, // U+1EAC
    { 12, 23, 220, 1, 19, 35, 14479 }, // U+1EAD
    { 17, 26, 267, 0, 26, 56, 14514 }, // U+1EAE
    { 12, 22, 220, 1, 22, 33, 14570 }, // U+1EAF
    { 17, 26, 267, 0, 26, 56, 14603 }, // U+1EB0
    { 12, 22, 220, 1, 22, 33, 14659 }, // U+1EB1
    { 17, 27, 267, 0, 27, 58, 14692 }, // U+1EB2
    { 12, 23, 220, 1, 23, 35, 14750 }, // U+1EB3
    { 17, 27, 267, 0, 27, 58, 14785 }, // U+1EB4
    { 12, 23, 220, 1, 23, 35, 14843 }, // U+1EB5
    { 17, 28, 267, 0, 24, 60, 14878 }, // U+1EB6
    { 12, 23, 220, 1, 19, 35, 14938 }, // U+1EB7
    { 11, 22, 241, 2, 18, 31, 14973 }, // U+1EB8
    { 12, 18, 224, 1, 14, 27, 15004 }, // U+1EB9
    { 11, 24, 241, 2, 24, 33, 15031 }, // U+1EBA
    { 12, 21, 224, 1, 21, 32, 15064 }, // U+1EBB
    { 11, 24, 241, 2, 24, 33, 15096 }, // U+1EBC
    { 12, 19, 224, 1, 19, 29, 15129 }, // U+1EBD
    { 12, 26, 241, 2, 26, 39, 15158 }, // U+1EBE
    { 13, 21, 224, 1, 21, 35, 15197 }, // U+1EBF
    { 11, 26, 241, 2, 26, 36, 15232 }, // U+1EC0
    { 12, 21, 224, 1, 21, 32, 15268 }, // U+1EC1
    { 11, 26, 241, 2, 26, 36, 15300 }, // U+1EC2
    { 12, 22, 224, 1, 22, 33, 15336 }, // U+1EC3
    { 11, 26, 241, 2, 26, 36, 15369 }, // U+1EC4
    { 12, 22, 224, 1, 22, 33, 15405 }, // U+1EC5
    { 11, 28, 241, 2, 24, 39, 15438 }, // U+1EC6
    { 12, 22, 224, 1, 18, 33, 15477 }, // U+1EC7
    { 5, 24, 108, 1, 24, 15, 15510 }, // U+1EC8
    { 5, 20, 98, 1, 20, 13, 15525 }, // U+1EC9
    { 3, 22, 108, 2, 18, 9, 15538 }, // U+1ECA
    { 3, 22, 98, 2, 18, 9, 15547 }, // U+1ECB
    { 17, 22, 296, 1, 18, 47, 15556 }, // U+1ECC
    { 13, 18, 229, 1, 14, 30, 15603 }, // U+1ECD
    { 17, 25, 296, 1, 25, 54, 15633 }, // U+1ECE
    { 13, 21, 229, 1, 21, 35, 15687 }, // U+1ECF
    { 17, 26, 296, 1, 26, 56, 15722 }, // U+1ED0
    { 13, 21, 229, 1, 21, 35, 15778 }, // U+1ED1
    { 17, 26, 296, 1, 26, 56, 15813 }, // U+1ED2
    { 13, 21, 229, 1, 21, 35, 15869 }, // U+1ED3
    { 17, 27, 296, 1, 27, 58, 15904 }, // U+1ED4
    { 13, 22, 229, 1, 22, 36, 15962 }, // U+1ED5
    { 17, 27, 296, 1, 27, 58, 15998 }, // U+1ED6
    { 13, 22, 229, 1, 22, 36, 16056 }, // U+1ED7
    { 17, 28, 296, 1, 24, 60, 16092 }, // U+1ED8
    { 13, 23, 229, 1, 19, 38, 16152 }, // U+1ED9
    { 17, 24, 296, 1, 24, 51, 16190 }, // U+1EDA
    { 13, 18, 229, 1, 18, 30, 16241 }, // U+1EDB
    { 17, 24, 296, 1, 24, 51, 16271 }, // U+1EDC
    { 13, 18, 229, 1, 18, 30, 16322 }, // U+1EDD
    { 17, 25, 296, 1, 25, 54, 16352 }, // U+1EDE
    { 13, 21, 229, 1, 21, 35, 16406 }, // U+1EDF
    { 17, 24, 296, 1, 24, 51, 16441 }, // U+1EE0
    { 13, 19, 229, 1, 19, 31, 16492 }, // U+1EE1
    { 17, 26, 296, 1, 22, 56, 16523 }, // U+1EE2
    { 13, 21, 229, 1, 17, 35, 16579 }, // U+1EE3
    { 14, 22, 276, 2, 18, 39, 16614 }, // U+1EE4
    { 11, 18, 230, 2, 14, 25, 16653 }, // U+1EE5
    { 14, 25, 276, 2, 25, 44, 16678 }, // U+1EE6
    { 11, 21, 230, 2, 21, 29, 16722 }, // U+1EE7
    { 16, 24, 276, 2, 24, 48, 16751 }, // U+1EE8
    { 13, 18, 232, 2, 18, 30, 16799 }, // U+1EE9
    { 16, 24, 276, 2, 24, 48, 16829 }, // U+1EEA
    { 13, 18, 232, 2, 18, 30, 16877 }, // U+1EEB
    { 16, 25, 276, 2, 25, 50, 16907 }, // U+1EEC
    { 13, 21, 232, 2, 21, 35, 16957 }, // U+1EED
    { 16, 24, 276, 2, 24, 48, 16992 }, // U+1EEE
    { 13, 19, 232, 2, 19, 31, 17040 }, // U+1EEF
    { 16, 26, 276, 2, 22, 52, 17071 }, // U+1EF0
    { 13, 21, 232, 2, 17, 35, 17123 }, // U+1EF1
    { 16, 23, 230, -1, 23, 46, 17158 }, // U+1EF2
    { 14, 22, 215, 0, 18, 39, 17204 }, // U+1EF3
    { 16, 22, 230, -1, 18, 44, 17243 }, // U+1EF4
    { 14, 18, 215, 0, 14, 32, 17287 }, // U+1EF5
    { 16, 24, 230, -1, 24, 48, 17319 }, // U+1EF6
    { 14, 25, 215, 0, 21, 44, 17367 }, // U+1EF7
    { 16, 24, 230, -1, 24, 48, 17411 }, // U+1EF8
    { 14, 23, 215, 0, 19, 41, 17459 }, // U+1EF9
    { 13, 3, 236, 1, 10, 5, 17500 }, // U+2013
    { 20, 3, 363, 1, 10, 8, 17505 }, // U+2014
    { 3, 7, 81, 1, 18, 3, 17513 }, // U+2018
    { 3, 7, 81, 1, 18, 3, 17516 }, // U+2019
    { 3, 7, 80, 1, 3, 3, 17519 }, // U+201A
    { 7, 7, 147, 1, 18, 7, 17522 }, // U+201C
    { 7, 7, 147, 1, 18, 7, 17529 }, // U+201D
    { 7, 7, 146, 1, 3, 7, 17536 }, // U+201E
    { 10, 18, 234, 2, 18, 23, 17543 }, // U+2020
    { 10, 18, 234, 2, 18, 23, 17566 }, // U+2021
    { 6, 6, 125, 1, 11, 5, 17589 }, // U+2022
    { 13, 3, 228, 1, 3, 5, 17594 }, // U+2026
    { 0, 0, 240, 0, 0, 0, 17599 }, // U+2028
    { 0, 0, 240, 0, 0, 0, 17599 }, // U+2029
    { 28, 18, 468, 1, 18, 63, 17599 }, // U+2030
    { 4, 6, 84, 1, 18, 3, 17662 }, // U+2032
    { 7, 6, 133, 1, 18, 6, 17665 }, // U+2033
    { 7, 10, 132, 1, 12, 9, 17671 }, // U+2039
    { 7, 10, 132, 0, 12, 9, 17680 }, // U+203A
    { 15, 18, 68, -5, 18, 34, 17689 }, // U+2044
    { 8, 10, 157, 1, 18, 10, 17723 }, // U+2070
    { 8, 10, 132, 1, 18, 10, 17733 }, // U+2074
    { 8, 10, 138, 0, 18, 10, 17743 }, // U+2075
    { 7, 10, 148, 1, 18, 9, 17753 }, // U+2076
    { 7, 10, 120, 1, 18, 9, 17762 }, // U+2077
    { 7, 10, 140, 1, 18, 9, 17771 }, // U+2078
    { 7, 10, 148, 1, 18, 9, 17780 }, // U+2079
    { 8, 9, 157, 1, 7, 9, 17789 }, // U+2080
    { 5, 9, 97, 0, 7, 6, 17798 }, // U+2081
    { 7, 9, 139, 1, 7, 8, 17804 }, // U+2082
    { 7, 9, 133, 1, 7, 8, 17812 }, // U+2083
    { 8, 9, 132, 1, 7, 9, 17820 }, // U+2084
    { 8, 9, 138, 0, 7, 9, 17829 }, // U+2085
    { 7, 9, 148, 1, 7, 8, 17838 }, // U+2086
    { 7, 9, 120, 1, 7, 8, 17846 }, // U+2087
    { 7, 9, 140, 1, 7, 8, 17854 }, // U+2088
    { 7, 9, 148, 1, 7, 8, 17862 }, // U+2089
    { 15, 18, 309, 2, 18, 34, 17870 }, // U+20AA
    { 16, 18, 291, 1, 18, 36, 17904 }, // U+20AC
    { 16, 18, 272, 1, 18, 36, 17940 }, // U+20B1
    { 14, 18, 266, 1, 18, 32, 17976 }, // U+20B4
    { 14, 18, 272, 2, 18, 32, 18008 }, // U+20B9
    { 16, 18, 286, 1, 18, 36, 18040 }, // U+20BD
    { 18, 16, 320, 1, 17, 36, 18076 }, // U+2190
    { 16, 18, 285, 1, 18, 36, 18112 }, // U+2191
    { 18, 16, 320, 1, 17, 36, 18148 }, // U+2192
    { 16, 18, 285, 1, 18, 36, 18184 }, // U+2193
    { 24, 16, 414, 1, 17, 48, 18220 }, // U+2194
    { 16, 24, 285, 1, 21, 48, 18268 }, // U+2195
    { 14, 14, 248, 1, 16, 25, 18316 }, // U+2196
    { 14, 14, 248, 0, 16, 25, 18341 }, // U+2197
    { 15, 14, 249, 0, 16, 27, 18366 }, // U+2198
    { 14, 14, 249, 1, 16, 25, 18393 }, // U+2199
    { 15, 8, 260, 1, 12, 15, 18418 }, // U+219D
    { 15, 15, 262, 0, 17, 29, 18433 }, // U+21A9
    { 15, 15, 262, 1, 17, 29, 18462 }, // U+21AA
    { 16, 17, 265, 0, 16, 34, 18491 }, // U+21B0
    { 15, 17, 265, 1, 16, 32, 18525 }, // U+21B1
    { 15, 17, 265, 1, 19, 32, 18557 }, // U+21B3
    { 15, 18, 267, 1, 18, 34, 18589 }, // U+21B4
    { 16, 17, 265, 0, 19, 34, 18623 }, // U+21B5
    { 15, 10, 268, 1, 14, 19, 18657 }, // U+21E4
    { 15, 10, 268, 1, 14, 19, 18676 }, // U+21E5
    { 20, 19, 318, 0, 19, 48, 18695 }, // U+21E7
    { 11, 19, 210, 1, 19, 27, 18743 }, // U+2202
    { 16, 18, 260, 0, 18, 36, 18770 }, // U+2206
    { 15, 22, 236, 0, 18, 42, 18806 }, // U+220F
    { 12, 18, 213, 1, 18, 27, 18848 }, // U+2211
    { 11, 2, 208, 1, 8, 3, 18875 }, // U+2212
    { 16, 22, 264, 0, 18, 44, 18878 }, // U+221A
    { 19, 9, 331, 1, 11, 22, 18922 }, // U+221E
    { 10, 22, 151, 0, 18, 28, 18944 }, // U+222B
    { 3, 13, 119, 2, 15, 5, 18972 }, // U+2236
    { 11, 11, 209, 1, 14, 16, 18977 }, // U+2248
    { 12, 13, 216, 1, 14, 20, 18993 }, // U+2260
    { 12, 14, 218, 1, 14, 21, 19013 }, // U+2264
    { 12, 14, 218, 1, 14, 21, 19034 }, // U+2265
    { 8, 8, 400, 1, 6, 8, 19055 }, // U+3001
    { 8, 9, 400, 1, 7, 9, 19063 }, // U+3002
    { 23, 3, 400, 1, 11, 9, 19072 }, // U+4E00
    { 23, 22, 400, 1, 21, 64, 19081 }, // U+4E0A
    { 23, 22, 400, 1, 20, 64, 19145 }, // U+4E0B
    { 24, 21, 400, 1, 19, 63, 19209 }, // U+4E0D
    { 22, 24, 400, 1, 21, 66, 19272 }, // U+4E0E
    { 23, 21, 400, 1, 20, 61, 19338 }, // U+4E14
    { 23, 23, 400, 1, 21, 67, 19399 }, // U+4E22
    { 22, 22, 400, 1, 20, 61, 19466 }, // U+4E24
    { 24, 23, 400, 0, 21, 69, 19527 }, // U+4E2A
    { 20, 24, 400, 2, 22, 60, 19596 }, // U+4E2D
    { 21, 23, 400, 3, 21, 61, 19656 }, // U+4E32
    { 22, 24, 400, 1, 21, 66, 19717 }, // U+4E3A
    { 24, 23, 400, 0, 22, 69, 19783 }, // U+4E3B
    { 25, 24, 400, 0, 22, 75, 19852 }, // U+4E49
    { 24, 24, 400, 0, 22, 72, 19927 }, // U+4E4B
    { 21, 22, 400, 2, 19, 58, 19999 }, // U+4E60
    { 23, 24, 400, 1, 22, 69, 20057 }, // U+4E66
    { 23, 18, 400, 1, 18, 52, 20126 }, // U+4E8C
    { 23, 22, 400, 1, 19, 64, 20178 }, // U+4E8E
    { 23, 21, 400, 1, 20, 61, 20242 }, // U+4E92
    { 24, 24, 400, 0, 22, 72, 20303 }, // U+4EA4
    { 22, 25, 400, 1, 22, 69, 20375 }, // U+4EAE
    { 24, 23, 400, 0, 21, 69, 20444 }, // U+4EBA
    { 25, 24, 400, 0, 21, 75, 20513 }, // U+4EC5
    { 25, 24, 400, 0, 22, 75, 20588 }, // U+4ECA
    { 24, 23, 400, 0, 21, 69, 20663 }, // U+4ECE
    { 25, 23, 400, 0, 21, 72, 20732 }, // U+4ED6
    { 23, 24, 400, 2, 21, 69, 20804 }, // U+4EE5
    { 24, 23, 400, 0, 21, 69, 20873 }, // U+4EF6
    { 25, 23, 400, 0, 21, 72, 20942 }, // U+4EFB
    { 25, 24, 400, 0, 22, 75, 21014 }, // U+4F11
    { 24, 24, 400, 0, 21, 72, 21089 }, // U+4F20
    { 25, 25, 400, 0, 22, 79, 21161 }, // U+4F30
    { 24, 24, 400, 0, 22, 72, 21240 }, // U+4F4D
    { 24, 23, 400, 0, 21, 69, 21312 }, // U+4F53
    { 24, 25, 400, 1, 22, 75, 21381 }, // U+4F59
    { 24, 23, 400, 0, 21, 69, 21456 }, // U+4F5C
    { 25, 23, 400, 0, 21, 72, 21525 }, // U+4F60
    { 25, 23, 400, 0, 21, 72, 21597 }, // U+4F7F
    { 24, 25, 400, 0, 22, 75, 21669 }, // U+4F9B
    { 23, 25, 400, 0, 22, 72, 21744 }, // U+4FA7
    { 25, 24, 400, 0, 21, 75, 21816 }, // U+4FBF
    { 25, 23, 400, 0, 21, 72, 21891 }, // U+4FDD
    { 24, 25, 400, 0, 22, 75, 21963 }, // U+4FE1
    { 25, 23, 400, 0, 21, 72, 22038 }, // U+4FEE
    { 23, 23, 400, 0, 21, 67, 22110 }, // U+5012
    { 24, 24, 400, 0, 22, 72, 22177 }, // U+503C
    { 25, 25, 400, 0, 22, 79, 22249 }, // U+503E
    { 24, 25, 400, 0, 22, 75, 22328 }, // U+504F
    { 24, 24, 400, 0, 21, 72, 22403 }, // U+50A8
    { 23, 22, 400, 1, 19, 64, 22475 }, // U+5143
    { 24, 24, 400, 1, 21, 72, 22539 }, // U+5148
    { 25, 24, 400, 0, 21, 75, 22611 }, // U+5149
    { 24, 23, 400, 1, 21, 69, 22686 }, // U+5165
    { 24, 24, 400, 1, 22, 72, 22755 }, // U+5168
    { 24, 24, 400, 1, 21, 72, 22827 }, // U+516D
    { 24, 24, 400, 1, 21, 72, 22899 }, // U+5173
    { 23, 24, 400, 1, 21, 69, 22971 }, // U+5176
    { 24, 23, 400, 1, 20, 69, 23040 }, // U+5177
    { 24, 24, 400, 0, 22, 72, 23109 }, // U+5178
    { 20, 25, 400, 2, 22, 63, 23181 }, // U+5185
    { 24, 22, 400, 1, 19, 66, 23244 }, // U+518C
    { 25, 23, 400, 0, 20, 72, 23310 }, // U+518D
    { 21, 23, 400, 2, 20, 61, 23382 }, // U+5199
    { 23, 23, 400, 1, 21, 67, 23443 }, // U+51C6
    { 24, 23, 400, 1, 21, 69, 23510 }, // U+51D1
    { 21, 23, 400, 2, 21, 61, 23579 }, // U+51FA
    { 24, 24, 400, 1, 21, 72, 23640 }, // U+5206
    { 24, 24, 400, 0, 21, 72, 23712 }, // U+5207
    { 22, 24, 400, 1, 21, 66, 23784 }, // U+5217
    { 23, 24, 400, 0, 21, 69, 23850 }, // U+521B
    { 23, 24, 400, 0, 21, 69, 23919 }, // U+521D
    { 23, 24, 400, 0, 21, 69, 23988 }, // U+5220
    { 22, 23, 400, 1, 21, 64, 24057 }, // U+5230
    { 23, 24, 400, 0, 21, 69, 24121 }, // U+5236
    { 23, 23, 400, 0, 21, 67, 24190 }, // U+5237
    { 23, 25, 400, 1, 22, 72, 24257 }, // U+524D
    { 22, 24, 400, 1, 21, 66, 24329 }, // U+5269
    { 23, 25, 400, 1, 22, 72, 24395 }, // U+526A
    { 24, 24, 400, 0, 21, 72, 24467 }, // U+529F
    { 23, 24, 400, 0, 21, 69, 24539 }, // U+52A0
    { 23, 25, 400, 1, 22, 72, 24608 }, // U+52A1
    { 23, 24, 400, 1, 21, 69, 24680 }, // U+52A8
    { 24, 23, 400, 0, 21, 69, 24749 }, // U+52FF
    { 24, 24, 400, 1, 22, 72, 24818 }, // U+5305
    { 22, 21, 400, 2, 20, 58, 24890 }, // U+5339
    { 22, 21, 400, 2, 20, 58, 24948 }, // U+533A
    { 24, 23, 400, 1, 21, 69, 25006 }, // U+5355
    { 21, 23, 400, 3, 21, 61, 25075 }, // U+5360
    { 23, 24, 400, 1, 22, 69, 25136 }, // U+5361
    { 22, 22, 400, 1, 20, 61, 25205 }, // U+5373
    { 25, 22, 400, 0, 20, 69, 25266 }, // U+538B
    { 24, 23, 400, 0, 20, 69, 25335 }, // U+539F
    { 23, 24, 400, 1, 21, 69, 25404 }, // U+53CD
    { 24, 24, 400, 0, 21, 72, 25473 }, // U+53D1
    { 24, 23, 400, 1, 20, 69, 25545 }, // U+53D6
    { 19, 20, 400, 3, 18, 48, 25614 }, // U+53E3
    { 24, 22, 400, 1, 19, 66, 25662 }, // U+53EF
    { 23, 23, 400, 1, 21, 67, 25728 }, // U+53F3
    { 22, 23, 400, 1, 20, 64, 25795 }, // U+53F7
    { 25, 25, 400, 0, 22, 79, 25859 }, // U+5404
    { 21, 22, 400, 2, 20, 58, 25938 }, // U+540C
    { 22, 24, 400, 0, 22, 66, 25996 }, // U+540D
    { 24, 24, 400, 1, 21, 72, 26062 }, // U+540E
    { 21, 24, 400, 2, 22, 63, 26134 }, // U+5411
    { 24, 23, 400, 1, 20, 69, 26197 }, // U+5426
    { 25, 25, 400, 0, 22, 79, 26266 }, // U+542B
    { 22, 25, 400, 1, 22, 69, 26345 }, // U+542F
    { 23, 25, 400, 1, 22, 72, 26414 }, // U+544A
    { 22, 23, 400, 1, 20, 64, 26486 }, // U+5468
    { 25, 24, 400, 0, 22, 75, 26550 }, // U+547D
    { 23, 24, 400, 0, 22, 69, 26625 }, // U+548C
    { 23, 25, 400, 2, 22, 72, 26694 }, // U+54C8
    { 23, 23, 400, 2, 21, 67, 26766 }, // U+5524
    { 24, 22, 400, 1, 20, 66, 26833 }, // U+5668
    { 21, 21, 400, 2, 20, 56, 26899 }, // U+56DB
    { 21, 22, 400, 2, 20, 58, 26955 }, // U+56DE
    { 21, 22, 400, 2, 20, 58, 27013 }, // U+56E0
    { 21, 22, 400, 2, 20, 58, 27071 }, // U+56F4
    { 21, 22, 400, 2, 20, 58, 27129 }, // U+56FA
    { 21, 22, 400, 2, 20, 58, 27187 }, // U+56FE
    { 21, 22, 400, 2, 20, 58, 27245 }, // U+5706
    { 23, 23, 400, 1, 21, 67, 27303 }, // U+5728
    { 25, 23, 400, 0, 21, 72, 27370 }, // U+5730
    { 24, 22, 400, 0, 21, 66, 27442 }, // U+5740
    { 24, 25, 400, 0, 22, 75, 27508 }, // U+5747
    { 24, 24, 400, 1, 22, 72, 27583 }, // U+5782
    { 25, 23, 400, 0, 21, 72, 27655 }, // U+57FA
    { 22, 24, 400, 1, 22, 66, 27727 }, // U+589E
    { 25, 25, 400, 0, 22, 79, 27793 }, // U+5907
    { 24, 23, 400, 0, 21, 69, 27872 }, // U+590D
    { 23, 25, 400, 1, 22, 72, 27941 }, // U+591A
    { 24, 24, 400, 1, 21, 72, 28013 }, // U+591C
    { 24, 24, 400, 1, 22, 72, 28085 }, // U+5927
    { 24, 22, 400, 1, 19, 66, 28157 }, // U+5929
    { 24, 24, 400, 1, 22, 72, 28223 }, // U+5931
    { 23, 24, 400, 1, 22, 69, 28295 }, // U+5934
    { 23, 24, 400, 1, 21, 69, 28364 }, // U+5939
    { 24, 24, 400, 1, 21, 72, 28433 }, // U+59CB
    { 22, 25, 400, 1, 22, 69, 28505 }, // U+5B57
    { 23, 25, 400, 1, 22, 72, 28574 }, // U+5B58
    { 22, 24, 400, 2, 21, 66, 28646 }, // U+5B89
    { 23, 25, 400, 1, 22, 72, 28712 }, // U+5B8C
    { 24, 24, 400, 0, 21, 72, 28784 }, // U+5B9A
    { 24, 25, 400, 1, 22, 75, 28856 }, // U+5BB6
    { 24, 24, 400, 0, 22, 72, 28931 }, // U+5BB9
    { 23, 25, 400, 1, 22, 72, 29003 }, // U+5BBD
    { 23, 24, 400, 1, 22, 69, 29075 }, // U+5BC6
    { 24, 25, 400, 0, 22, 75, 29144 }, // U+5BF9
    { 25, 24, 400, 0, 22, 75, 29219 }, // U+5C01
    { 24, 24, 400, 1, 21, 72, 29294 }, // U+5C06
    { 24, 24, 400, 1, 21, 72, 29366 }, // U+5C0F
    { 24, 23, 400, 0, 21, 69, 29438 }, // U+5C11
    { 19, 25, 400, 3, 22, 60, 29507 }, // U+5C1A
    { 24, 25, 400, 1, 22, 75, 29567 }, // U+5C31
    { 23, 22, 400, 0, 20, 64, 29642 }, // U+5C40
    { 24, 23, 400, 0, 20, 69, 29706 }, // U+5C45
    { 24, 23, 400, 0, 20, 69, 29775 }, // U+5C4F
    { 24, 19, 400, 0, 18, 57, 29844 }, // U+5DE5
    { 24, 23, 400, 0, 22, 69, 29901 }, // U+5DE6
    { 23, 21, 400, 2, 20, 61, 29970 }, // U+5DF2
    { 23, 23, 400, 1, 21, 67, 30031 }, // U+5E03
    { 24, 24, 400, 0, 22, 72, 30098 }, // U+5E0C
    { 23, 23, 400, 1, 21, 67, 30170 }, // U+5E26
    { 24, 24, 400, 0, 22, 72, 30237 }, // U+5E55
    { 24, 22, 400, 0, 20, 66, 30309 }, // U+5E73
    { 23, 25, 400, 1, 22, 72, 30375 }, // U+5E76
    { 24, 24, 400, 0, 21, 72, 30447 }, // U+5E8F
    { 24, 25, 400, 0, 22, 75, 30519 }, // U+5E94
    { 25, 25, 400, 0, 22, 79, 30594 }, // U+5E95
    { 25, 25, 400, 0, 22, 79, 30673 }, // U+5EA6
    { 24, 25, 400, 0, 22, 75, 30752 }, // U+5EFA
    { 23, 23, 400, 1, 20, 67, 30827 }, // U+5F00
    { 24, 23, 400, 1, 21, 69, 30894 }, // U+5F0F
    { 19, 24, 400, 2, 21, 57, 30963 }, // U+5F15
    { 24, 24, 400, 0, 21, 72, 31020 }, // U+5F39
    { 20, 23, 400, 2, 21, 58, 31092 }, // U+5F53
    { 23, 23, 400, 1, 20, 67, 31150 }, // U+5F55
    { 24, 24, 400, 0, 21, 72, 31217 }, // U+5F97
    { 23, 22, 400, 1, 21, 64, 31289 }, // U+5FD8
    { 25, 24, 400, 0, 21, 75, 31353 }, // U+5FEB
    { 23, 23, 400, 1, 21, 67, 31428 }, // U+5FFD
    { 24, 24, 400, 1, 22, 72, 31495 }, // U+6001
    { 24, 24, 400, 0, 21, 72, 31567 }, // U+6062
    { 23, 24, 400, 1, 22, 69, 31639 }, // U+606F
    { 25, 24, 400, 0, 21, 75, 31708 }, // U+60C5
    { 24, 24, 400, 0, 21, 72, 31783 }, // U+60EF
    { 23, 24, 400, 1, 22, 69, 31855 }, // U+610F
    { 25, 24, 400, 0, 21, 75, 31924 }, // U+6162
    { 25, 25, 400, 0, 22, 79, 31999 }, // U+6210
    { 24, 23, 400, 1, 21, 69, 32078 }, // U+6216
    { 24, 24, 400, 0, 21, 72, 32147 }, // U+622A
    { 21, 24, 400, 0, 21, 63, 32219 }, // U+6237
    { 24, 24, 400, 0, 21, 72, 32282 }, // U+6240
    { 24, 25, 400, 1, 22, 75, 32354 }, // U+624B
    { 24, 25, 400, 1, 22, 75, 32429 }, // U+6253
    { 22, 24, 400, 1, 21, 66, 32504 }, // U+626B
    { 24, 24, 400, 1, 22, 72, 32570 }, // U+627E
    { 24, 25, 400, 1, 22, 75, 32642 }, // U+6297
    { 24, 24, 400, 1, 21, 72, 32717 }, // U+62A5
    { 24, 25, 400, 1, 22, 75, 32789 }, // U+62D4
    { 24, 23, 400, 0, 21, 69, 32864 }, // U+62E9
    { 25, 25, 400, 0, 22, 79, 32933 }, // U+6301
    { 24, 25, 400, 1, 22, 75, 33012 }, // U+6307
    { 24, 25, 400, 0, 22, 75, 33087 }, // U+6309
    { 25, 23, 400, 0, 21, 72, 33162 }, // U+6325
    { 25, 25, 400, 0, 22, 79, 33234 }, // U+6362
    { 24, 23, 400, 0, 21, 69, 33313 }, // U+636E
    { 24, 24, 400, 0, 22, 72, 33382 }, // U+6392
    { 24, 25, 400, 0, 22, 75, 33454 }, // U+63A5
    { 24, 23, 400, 0, 21, 69, 33529 }, // U+63A7
    { 25, 24, 400, 0, 21, 75, 33598 }, // U+63A8
    { 25, 24, 400, 0, 21, 75, 33673 }, // U+63CF
    { 25, 24, 400, 0, 21, 75, 33748 }, // U+63D0
    { 24, 25, 400, 0, 22, 75, 33823 }, // U+63D2
    { 25, 25, 400, 0, 22, 79, 33898 }, // U+641C
    { 24, 25, 400, 0, 22, 75, 33977 }, // U+6458
    { 25, 23, 400, 0, 21, 72, 34052 }, // U+64CD
    { 24, 24, 400, 1, 22, 72, 34124 }, // U+6536
    { 24, 25, 400, 1, 22, 75, 34196 }, // U+6539
    { 25, 24, 400, 0, 21, 75, 34271 }, // U+653E
    { 24, 24, 400, 1, 22, 72, 34346 }, // U+6548
    { 24, 25, 400, 0, 22, 75, 34418 }, // U+6570
    { 25, 23, 400, 0, 21, 72, 34493 }, // U+6574
    { 24, 24, 400, 1, 22, 72, 34565 }, // U+6587
    { 24, 24, 400, 0, 21, 72, 34637 }, // U+659C
    { 23, 24, 400, 2, 21, 69, 34709 }, // U+65AD
    { 24, 24, 400, 1, 22, 72, 34778 }, // U+65B0
    { 23, 25, 400, 1, 22, 72, 34850 }, // U+65B9
    { 24, 22, 400, 0, 20, 66, 34922 }, // U+65E0
    { 18, 21, 400, 4, 19, 48, 34988 }, // U+65E5
    { 24, 22, 400, 1, 20, 66, 35036 }, // U+65E9
    { 23, 24, 400, 2, 21, 69, 35102 }, // U+65F6
    { 23, 24, 400, 1, 21, 69, 35171 }, // U+660E
    { 24, 23, 400, 1, 20, 69, 35240 }, // U+662F
    { 23, 21, 400, 1, 20, 61, 35309 }, // U+663E
    { 23, 23, 400, 2, 21, 67, 35370 }, // U+6670
    { 22, 25, 400, 0, 22, 69, 35437 }, // U+667A
    { 23, 25, 400, 1, 22, 72, 35506 }, // U+6682
    { 24, 23, 400, 1, 20, 69, 35578 }, // U+66F4
    { 25, 23, 400, 0, 21, 72, 35647 }, // U+6700
    { 23, 24, 400, 1, 22, 69, 35719 }, // U+6709
    { 24, 23, 400, 0, 20, 69, 35788 }, // U+670D
    { 23, 24, 400, 0, 21, 69, 35857 }, // U+671F
    { 24, 23, 400, 0, 21, 69, 35926 }, // U+672A
    { 24, 24, 400, 0, 22, 72, 35995 }, // U+672B
    { 24, 24, 400, 0, 22, 72, 36067 }, // U+672C
    { 25, 25, 400, 0, 22, 79, 36139 }, // U+673A
    { 24, 24, 400, 0, 21, 72, 36218 }, // U+6761
    { 24, 24, 400, 0, 22, 72, 36290 }, // U+6765
    { 24, 24, 400, 0, 22, 72, 36362 }, // U+677E
    { 24, 24, 400, 0, 22, 72, 36434 }, // U+6790
    { 24, 22, 400, 1, 20, 66, 36506 }, // U+679C
    { 25, 23, 400, 0, 22, 72, 36572 }, // U+67E5
    { 24, 25, 400, 0, 22, 75, 36644 }, // U+6807
    { 24, 23, 400, 0, 21, 69, 36719 }, // U+680F
    { 24, 23, 400, 0, 21, 69, 36788 }, // U+6837
    { 25, 24, 400, 0, 21, 75, 36857 }, // U+6839
    { 25, 24, 400, 0, 22, 75, 36932 }, // U+683C
    { 25, 24, 400, 0, 22, 75, 37007 }, // U+6846
    { 24, 24, 400, 0, 22, 72, 37082 }, // U+6863
    { 24, 23, 400, 0, 21, 69, 37154 }, // U+68C0
    { 24, 25, 400, 0, 22, 75, 37223 }, // U+6A21
    { 25, 24, 400, 0, 21, 75, 37298 }, // U+6A2A
    { 24, 24, 400, 0, 22, 72, 37373 }, // U+6B21
    { 23, 20, 400, 1, 19, 58, 37445 }, // U+6B63
    { 24, 23, 400, 1, 21, 69, 37503 }, // U+6B64
    { 23, 24, 400, 1, 21, 69, 37572 }, // U+6B65
    { 24, 25, 400, 1, 22, 75, 37641 }, // U+6BB5
    { 24, 25, 400, 0, 22, 75, 37716 }, // U+6BCF
    { 23, 23, 400, 1, 21, 67, 37791 }, // U+6BD4
    { 25, 24, 400, 0, 22, 75, 37858 }, // U+6C34
    { 24, 25, 400, 1, 22, 75, 37933 }, // U+6C89
    { 25, 24, 400, 0, 21, 75, 38008 }, // U+6CA1
    { 23, 25, 400, 1, 22, 72, 38083 }, // U+6CD5
    { 24, 23, 400, 1, 21, 69, 38155 }, // U+6CE8
    { 24, 24, 400, 0, 22, 72, 38224 }, // U+6D3B
    { 24, 23, 400, 1, 21, 69, 38296 }, // U+6D45
    { 22, 23, 400, 1, 21, 64, 38365 }, // U+6D4F
    { 23, 25, 400, 1, 22, 72, 38429 }, // U+6D88
    { 23, 23, 400, 1, 21, 67, 38501 }, // U+6DF1
    { 25, 25, 400, 0, 22, 79, 38568 }, // U+6DFB
    { 24, 24, 400, 0, 21, 72, 38647 }, // U+6E05
    { 24, 24, 400, 0, 21, 72, 38719 }, // U+6E10
    { 25, 23, 400, 0, 21, 72, 38791 }, // U+6E29
    { 25, 24, 400, 0, 21, 75, 38863 }, // U+6E90
    { 24, 24, 400, 0, 21, 72, 38938 }, // U+6ED1
    { 24, 24, 400, 1, 21, 72, 39010 }, // U+6EE4
    { 24, 24, 400, 0, 21, 72, 39082 }, // U+706F
    { 23, 24, 400, 1, 21, 69, 39154 }, // U+70B9
    { 25, 25, 400, 0, 22, 79, 39223 }, // U+70ED
    { 25, 24, 400, 0, 22, 75, 39302 }, // U+7136
    { 23, 25, 400, 0, 22, 72, 39377 }, // U+7247
    { 24, 25, 400, 0, 22, 75, 39449 }, // U+7248
    { 23, 22, 400, 1, 20, 64, 39524 }, // U+7259
    { 25, 23, 400, 0, 21, 72, 39588 }, // U+72B6
    { 23, 25, 400, 1, 22, 72, 39660 }, // U+732B
    { 23, 24, 400, 1, 22, 69, 39732 }, // U+7387
    { 23, 24, 400, 1, 21, 69, 39801 }, // U+73B0
    { 24, 21, 400, 0, 20, 63, 39870 }, // U+7406
    { 23, 23, 400, 0, 20, 67, 39933 }, // U+7528
    { 22, 23, 400, 3, 21, 64, 40000 }, // U+7535
    { 21, 21, 400, 2, 19, 56, 40064 }, // U+753B
    { 23, 23, 400, 1, 20, 67, 40120 }, // U+754C
    { 22, 23, 400, 2, 21, 64, 40187 }, // U+7559
    { 23, 25, 400, 2, 22, 72, 40251 }, // U+7565
    { 24, 23, 400, 1, 21, 69, 40323 }, // U+767B
    { 22, 22, 400, 2, 20, 61, 40392 }, // U+767E
    { 22, 25, 400, 2, 22, 69, 40453 }, // U+7684
    { 23, 24, 400, 1, 22, 69, 40522 }, // U+76D8
    { 18, 22, 400, 3, 20, 50, 40591 }, // U+76EE
    { 23, 23, 400, 1, 22, 67, 40641 }, // U+76F4
    { 24, 23, 400, 0, 21, 69, 40708 }, // U+770B
    { 23, 24, 400, 2, 21, 69, 40777 }, // U+7720
    { 23, 24, 400, 0, 21, 69, 40846 }, // U+7740
    { 23, 24, 400, 2, 22, 69, 40915 }, // U+7761
    { 24, 24, 400, 0, 22, 72, 40984 }, // U+77ED
    { 24, 23, 400, 0, 20, 69, 41056 }, // U+7801
    { 22, 25, 400, 1, 22, 69, 41125 }, // U+786E
    { 24, 22, 400, 0, 19, 66, 41194 }, // U+793A
    { 24, 25, 400, 0, 22, 75, 41260 }, // U+7981
    { 25, 23, 400, 0, 21, 72, 41335 }, // U+79D2
    { 25, 24, 400, 0, 21, 75, 41407 }, // U+79F0
    { 25, 25, 400, 0, 22, 79, 41482 }, // U+79FB
    { 24, 23, 400, 0, 21, 69, 41561 }, // U+7A0B
    { 22, 23, 400, 2, 22, 64, 41630 }, // U+7A7A
    { 23, 22, 400, 1, 21, 64, 41694 }, // U+7ACB
    { 24, 23, 400, 1, 21, 69, 41758 }, // U+7AD6
    { 23, 24, 400, 1, 22, 69, 41827 }, // U+7AE0
    { 24, 24, 400, 0, 21, 72, 41896 }, // U+7AEF
    { 23, 25, 400, 1, 22, 72, 41968 }, // U+7B26
    { 23, 25, 400, 1, 22, 72, 42040 }, // U+7B2C
    { 24, 23, 400, 0, 22, 69, 42112 }, // U+7B7E
    { 23, 25, 400, 1, 22, 72, 42181 }, // U+7B80
    { 24, 24, 400, 0, 21, 72, 42253 }, // U+7B97
    { 23, 25, 400, 0, 22, 72, 42325 }, // U+7BA1
    { 23, 24, 400, 1, 21, 69, 42397 }, // U+7BAD
    { 24, 24, 400, 0, 22, 72, 42466 }, // U+7C4D
    { 25, 24, 400, 0, 22, 75, 42538 }, // U+7C97
    { 23, 24, 400, 1, 21, 69, 42613 }, // U+7CFB
    { 23, 24, 400, 1, 21, 69, 42682 }, // U+7D22
    { 23, 24, 400, 1, 21, 69, 42751 }, // U+7D27
    { 24, 23, 400, 1, 21, 69, 42820 }, // U+7EBF
    { 24, 24, 400, 0, 22, 72, 42889 }, // U+7EC6
    { 25, 24, 400, 0, 22, 75, 42961 }, // U+7EC8
    { 24, 24, 400, 0, 22, 72, 43036 }, // U+7ED3
    { 24, 25, 400, 1, 22, 75, 43108 }, // U+7EDC
    { 25, 25, 400, 0, 22, 79, 43183 }, // U+7EDF
    { 23, 22, 400, 1, 21, 64, 43262 }, // U+7EE7
    { 24, 24, 400, 0, 21, 72, 43326 }, // U+7EEA
    { 24, 24, 400, 1, 21, 72, 43398 }, // U+7EED
    { 24, 24, 400, 0, 22, 72, 43470 }, // U+7EF4
    { 25, 24, 400, 0, 21, 75, 43542 }, // U+7F13
    { 24, 24, 400, 1, 22, 72, 43617 }, // U+7F16
    { 24, 25, 400, 0, 22, 75, 43689 }, // U+7F1D
    { 25, 25, 400, 0, 22, 79, 43764 }, // U+7F29
    { 21, 22, 400, 2, 20, 58, 43843 }, // U+7F51
    { 23, 23, 400, 1, 21, 67, 43901 }, // U+7F6E
    { 23, 23, 400, 1, 21, 67, 43968 }, // U+7FFB
    { 24, 24, 400, 0, 22, 72, 44035 }, // U+8005
    { 23, 25, 400, 1, 22, 72, 44107 }, // U+80FD
    { 24, 24, 400, 0, 21, 72, 44179 }, // U+8111
    { 24, 23, 400, 0, 21, 69, 44251 }, // U+811A
    { 18, 24, 400, 4, 22, 54, 44320 }, // U+81EA
    { 23, 21, 400, 1, 20, 61, 44374 }, // U+81F3
    { 24, 24, 400, 0, 22, 72, 44435 }, // U+8272
    { 23, 23, 400, 1, 21, 67, 44507 }, // U+8282
    { 23, 25, 400, 1, 22, 72, 44574 }, // U+82E5
    { 25, 25, 400, 0, 22, 79, 44646 }, // U+82F1
    { 24, 25, 400, 1, 22, 75, 44725 }, // U+8303
    { 24, 24, 400, 0, 21, 72, 44800 }, // U+8350
    { 24, 24, 400, 0, 21, 72, 44872 }, // U+83B7
    { 24, 23, 400, 0, 21, 69, 44944 }, // U+83DC
    { 25, 23, 400, 0, 21, 72, 45013 }, // U+843D
    { 23, 23, 400, 1, 21, 67, 45085 }, // U+84DD
    { 24, 24, 400, 1, 21, 72, 45152 }, // U+85CF
    { 24, 25, 400, 0, 22, 75, 45224 }, // U+884C
    { 24, 23, 400, 0, 21, 69, 45299 }, // U+8868
    { 24, 23, 400, 0, 21, 69, 45368 }, // U+88AB
    { 24, 25, 400, 1, 22, 75, 45437 }, // U+88C1
    { 24, 24, 400, 1, 21, 72, 45512 }, // U+88C5
    { 25, 24, 400, 0, 21, 75, 45584 }, // U+892A
    { 23, 22, 400, 1, 20, 64, 45659 }, // U+8981
    { 24, 23, 400, 0, 20, 69, 45723 }, // U+89C1
    { 23, 25, 400, 1, 22, 72, 45792 }, // U+89C8
    { 24, 25, 400, 0, 22, 75, 45864 }, // U+89E3
    { 24, 25, 400, 0, 22, 75, 45939 }, // U+89E6
    { 23, 24, 400, 1, 21, 69, 46014 }, // U+8A00
    { 24, 24, 400, 1, 22, 72, 46083 }, // U+8BA1
    { 24, 24, 400, 0, 21, 72, 46155 }, // U+8BA4
    { 25, 24, 400, 0, 21, 75, 46227 }, // U+8BAE
    { 23, 23, 400, 1, 21, 67, 46302 }, // U+8BB0
    { 24, 24, 400, 1, 21, 72, 46369 }, // U+8BBE
    { 24, 22, 400, 1, 20, 66, 46441 }, // U+8BC1
    { 23, 24, 400, 1, 21, 69, 46507 }, // U+8BCD
    { 24, 24, 400, 1, 21, 72, 46576 }, // U+8BD5
    { 24, 24, 400, 1, 21, 72, 46648 }, // U+8BE2
    { 24, 24, 400, 1, 22, 72, 46720 }, // U+8BE6
    { 23, 24, 400, 1, 21, 69, 46792 }, // U+8BED
    { 24, 23, 400, 1, 21, 69, 46861 }, // U+8BEF
    { 24, 24, 400, 1, 21, 72, 46930 }, // U+8BF4
    { 23, 24, 400, 1, 21, 69, 47002 }, // U+8BF7
    { 24, 24, 400, 1, 21, 72, 47071 }, // U+8BFB
    { 23, 24, 400, 1, 21, 69, 47143 }, // U+8C03
    { 24, 24, 400, 1, 21, 72, 47212 }, // U+8D25
    { 25, 23, 400, 0, 21, 72, 47284 }, // U+8D26
    { 25, 23, 400, 0, 21, 72, 47356 }, // U+8D77
    { 25, 23, 400, 0, 21, 72, 47428 }, // U+8D85
    { 23, 23, 400, 1, 20, 67, 47500 }, // U+8DB3
    { 25, 23, 400, 0, 21, 72, 47567 }, // U+8DC3
    { 25, 23, 400, 0, 21, 72, 47639 }, // U+8DD1
    { 25, 22, 400, 0, 21, 69, 47711 }, // U+8DDD
    { 24, 22, 400, 0, 20, 66, 47780 }, // U+8DDF
    { 25, 24, 400, 0, 21, 75, 47846 }, // U+8DF3
    { 24, 24, 400, 0, 21, 72, 47921 }, // U+8F6C
    { 24, 23, 400, 0, 21, 69, 47993 }, // U+8F7B
    { 24, 25, 400, 1, 22, 75, 48062 }, // U+8F7D
    { 23, 25, 400, 1, 22, 72, 48137 }, // U+8F83
    { 25, 25, 400, 0, 22, 79, 48209 }, // U+8F93
    { 25, 24, 400, 0, 21, 75, 48288 }, // U+8FB9
    { 24, 23, 400, 1, 21, 69, 48363 }, // U+8FBE
    { 24, 24, 400, 1, 22, 72, 48432 }, // U+8FC7
    { 24, 24, 400, 1, 22, 72, 48504 }, // U+8FD1
    { 24, 23, 400, 0, 21, 69, 48576 }, // U+8FD4
    { 25, 24, 400, 0, 21, 75, 48645 }, // U+8FD8
    { 24, 24, 400, 0, 22, 72, 48720 }, // U+8FD9
    { 24, 23, 400, 1, 21, 69, 48792 }, // U+8FDB
    { 24, 24, 400, 0, 21, 72, 48861 }, // U+8FDC
    { 25, 25, 400, 0, 22, 79, 48933 }, // U+8FDE
    { 24, 23, 400, 1, 21, 69, 49012 }, // U+9000
    { 24, 25, 400, 0, 22, 75, 49081 }, // U+9001
    { 25, 23, 400, 0, 21, 72, 49156 }, // U+9002
    { 24, 25, 400, 0, 22, 75, 49228 }, // U+9006
    { 24, 24, 400, 0, 21, 72, 49303 }, // U+9009
    { 25, 24, 400, 0, 21, 75, 49375 }, // U+900F
    { 24, 23, 400, 1, 21, 69, 49450 }, // U+901A
    { 24, 25, 400, 1, 22, 75, 49519 }, // U+901F
    { 23, 24, 400, 1, 22, 69, 49594 }, // U+90E8
    { 25, 23, 400, 0, 21, 72, 49663 }, // U+90FD
    { 24, 22, 400, 1, 20, 66, 49735 }, // U+914D
    { 24, 22, 400, 1, 20, 66, 49801 }, // U+9192
    { 25, 23, 400, 0, 21, 72, 49867 }, // U+91CA
    { 24, 23, 400, 0, 21, 69, 49939 }, // U+91CD
    { 23, 23, 400, 1, 21, 67, 50008 }, // U+91CF
    { 24, 24, 400, 0, 22, 72, 50075 }, // U+9488
    { 24, 23, 400, 0, 21, 69, 50147 }, // U+949F
    { 25, 25, 400, 0, 22, 79, 50216 }, // U+94FE
    { 25, 24, 400, 0, 22, 75, 50295 }, // U+9519
    { 24, 25, 400, 0, 22, 75, 50370 }, // U+952E
    { 24, 24, 400, 0, 21, 72, 50445 }, // U+952F
    { 24, 24, 400, 1, 21, 72, 50517 }, // U+955C
    { 24, 24, 400, 1, 21, 72, 50589 }, // U+957F
    { 21, 23, 400, 2, 21, 61, 50661 }, // U+95ED
    { 21, 24, 400, 2, 21, 63, 50722 }, // U+95EE
    { 21, 24, 400, 2, 21, 63, 50785 }, // U+95F4
    { 21, 24, 400, 2, 21, 63, 50848 }, // U+9605
    { 21, 23, 400, 2, 21, 61, 50911 }, // U+9633
    { 23, 24, 400, 2, 21, 69, 50972 }, // U+9644
    { 23, 25, 400, 2, 22, 72, 51041 }, // U+9664
    { 23, 23, 400, 2, 21, 67, 51113 }, // U+968F
    { 23, 23, 400, 2, 21, 67, 51180 }, // U+9690
    { 22, 23, 400, 2, 20, 64, 51247 }, // U+9700
    { 23, 21, 400, 1, 19, 61, 51311 }, // U+9762
    { 23, 23, 400, 1, 20, 67, 51372 }, // U+9875
    { 24, 22, 400, 1, 20, 66, 51439 }, // U+9876
    { 25, 22, 400, 0, 20, 69, 51505 }, // U+9879
    { 24, 23, 400, 0, 20, 69, 51574 }, // U+987A
    { 25, 23, 400, 0, 20, 72, 51643 }, // U+9884
    { 24, 25, 400, 1, 22, 75, 51715 }, // U+9891
    { 25, 24, 400, 0, 21, 75, 51790 }, // U+9898
    { 25, 24, 400, 0, 21, 75, 51865 }, // U+9988
    { 23, 24, 400, 1, 22, 69, 51940 }, // U+9996
    { 24, 25, 400, 0, 22, 75, 52009 }, // U+9A8C
    { 22, 25, 400, 1, 22, 69, 52084 }, // U+9E1F
    { 24, 25, 400, 0, 22, 75, 52153 }, // U+9E70
    { 25, 24, 400, 0, 21, 75, 52228 }, // U+9ED8
    { 24, 24, 400, 0, 22, 72, 52303 }, // U+9F50
    { 23, 24, 400, 1, 22, 69, 52375 }, // U+9F7F
    { 12, 18, 240, 1, 18, 27, 52444 }, // U+FB01
    { 14, 18, 257, 1, 18, 32, 52471 }, // U+FB02
    { 4, 20, 400, 4, 19, 10, 52503 }, // U+FF01
    { 7, 25, 400, 17, 22, 22, 52513 }, // U+FF08
    { 7, 25, 400, 1, 22, 22, 52535 }, // U+FF09
    { 5, 9, 400, 3, 6, 6, 52557 }, // U+FF0C
    { 4, 16, 400, 4, 16, 8, 52563 }, // U+FF1A
    { 12, 20, 400, 0, 19, 30, 52571 }, // U+FF1F
};

static constexpr auto& geist_12_regularIntervals = builtin_font_metadata::data_c6abb21086cc9969;

static constexpr auto& geist_12_regularKernLeftCodepoints = builtin_font_metadata::data_6bbc9af5b25d7523;

static constexpr auto& geist_12_regularKernLeftClassIds = builtin_font_metadata::data_9a04a6a839def105;

static constexpr auto& geist_12_regularKernRightCodepoints = builtin_font_metadata::data_c90bd07dc940980b;

static constexpr auto& geist_12_regularKernRightClassIds = builtin_font_metadata::data_64bf3560042f0581;

static constexpr auto& geist_12_regularKernRowOffsets = builtin_font_metadata::data_bb71cbb33de952a5;

static constexpr auto& geist_12_regularKernSparseCols = builtin_font_metadata::data_63d5ae2bdd7dcf6c;

static const int8_t geist_12_regularKernSparseValues[] = {
     -20,  -12,    4,   -4,  -16,  -27,  -19,   -4,   -2,  -16,   -3,   -6,  -16,  -28,    4,   -8,
      -8,  -16,  -32,  -24,   -8,   -4,  -32,  -14,    4,   -4,  -16,   -8,    4,  -16,   -4,   -4,
     -20,  -12,  -10,  -32,  -42,   -8,   -8,  -16,  -16,  -32,   -4,   -8,   -8,  -12,  -12,   -9,
     -12,   -9,  -32,   -6,   -9,   -4,   -4,   -4,  -18,  -16,  -20,  -16,  -12,  -12,  -16,  -20,
     -16,  -24,  -14,  -20,   -8,  -16,  -20,    4,   -4,   -4,  -16,   -4,   -8,   -4,  -16,   -4,
      -8,   -8,   -8,   -4,   -6,   -2,   -8,   -4,   -8,   -8,   -8,  -12,   -4,   -4,   -8,  -16,
     -12,   -4,   -2,  -12,   -8,   -4,   -8,   -4,   -4,   -8,   -8,  -12,   -8,   -4,   -8,   -8,
      -4,  -20,   -8,   -8,   -4,  -16,    4,  -40,  -16,  -24,    4,   -4,  -24,    8,   -4,   -8,
      -4,   12,   12,   -3,   -8,   -8,   -8,   -8,  -24,   -4,  -12,   -8,  -12,  -12,   -8,  -16,
      -8,  -12,   -4,  -20,  -28,  -12,  -36,   -8,  -20,   -8,  -12,   -8,  -13,   -6,   -8,   -6,
     -42,  -28,   -4,   -7,  -16,   -8,   -8,  -24,   -8,  -24,  -12,   -4,  -24,   -8,   -7,  -16,
      -8,  -12,   -3,   -4,  -11,   -3,  -12,  -16,   -3,   -1,   -8,   -4,   -4,   -4,   -8,   -5,
     -12,  -16,   -8,  -10,   -6,    1,    1,   -4,    1,   -8,   -8,   -8,   -2,   -3,   -8,   -4,
      -3,   -4,   -4,   -4,  -12,   -4,   -4,   -8,   -4,   -8,  -12,   -4,  -16,   -4,   -8,    5,
       5,   -5,   -4,    5,  -12,  -12,  -16,   -4,    4,    6,   -4,   -8,  -10,   -6,   -8,   -4,
     -10,   -4,   -8,   -4,   -4,   -8,    6,   -8,   -3,   -8,  -12,   -4,  -16,   -8,  -12,  -16,
     -32,  -32,  -12,   -8,   -8,   -8,  -24,  -12,   -8,   -8,   -8,   -8,   -8,  -12,  -16,  -12,
      -8,  -12,  -16,  -12,  -16,  -20,  -12,  -16,   -8,  -12,   -4,   -8,    5,    4,   -4,   -4,
      -2,   -4,    2,   -4,   -4,  -16,   -4,   -8,   -6,   -8,   -8,   -8,    6,   -8,   -4,   -8,
      -1,   -4,   -4,  -19,   -4,   -4,    2,  -16,   -8,   -4,  -20,   -4,  -16,   -6,    6,    6,
     -12,    6,   -8,   -8,   -2,   -8,   -2,   -8,   -8,  -12,   -8,   -8,   -4,   -2,   -8,   -8,
      -4,  -16,   -4,  -12,   -8,   -4,   -8,   -4,   -4,   -4,  -18,  -20,   -4,   -8,  -20,  -12,
     -12,  -12,  -20,   -8,  -40,  -48,   -4,   -8,  -56,   -8,  -32,  -20,  -20,  -20,  -24,  -12,
     -20,  -20,  -64,  -64,   -8,  -16,  -24,   -8,  -16,  -32,  -16,  -32,  -20,   -8,  -32,   -4,
     -44,  -12,  -28,   -8,   -8,   -8,   -4,   -8,  -32,   -8,  -16,  -16,  -16,   -8,   -9,  -11,
      -4,  -12,   -8,  -16,  -12,   -4,   -8,   -4,   -8,   -6,   -6,  -20,   -8,   -2,   -5,  -12,
      -2,  -12,   -4,   -8,   -8,  -12,    4,  -12,    4,  -40,  -16,  -36,  -12,    4,  -24,   -8,
     -12,  -16,  -12,  -48,  -16,  -12,   -4,   -1,    3,    8,  -28,  -32,  -16,  -16,   -8,  -20,
     -16,  -28,  -20,  -24,  -20,  -24,  -24,  -16,  -36,  -48,  -48,    2,    2,  -24,   -8,  -28,
       3,   -8,  -16,   -8,  -48,   -8,   -8,    8,   -4,  -24,  -28,  -20,  -16,   -8,  -24,  -24,
     -24,  -16,  -24,  -28,   -8,  -24,   -8,   -8,   -8,   -1,   -8,   -1,  -12,   -1,   -4,   -4,
      -4,   -4,  -13,  -16,   -6,   -2,   -4,  -12,   -8,  -12,  -16,   -8,  -12,    8,   12,   -8,
       8,   -8,   -3,   -3,   -3,   -2,   -6,    2,   -4,   -2,  -20,   -4,  -10,  -10,   -3,  -20,
      -4,   -8,   -4,  -28,  -16,   -4,   -4,   -4,  -20,   -8,  -20,    2,   -4,  -12,   -4,   -2,
      -4,  -12,   -4,  -10,  -20,  -10,  -12,  -14,  -14,    4,  -24,  -12,  -16,  -12,  -16,  -16,
     -16,    4,  -12,  -18,  -22,  -16,   -8,  -12,  -16,  -16,  -16,   -4,  -16,    4,  -24,   -8,
      -6,   -6,   -6,   -8,   -8,   -4,   -9,    1,  -11,   -8,   -6,   -4,  -11,   -8,   -8,   -8,
     -16,   -8,   -2,   -2,   -2,   -8,   -4,  -16,   -4,   -5,  -14,  -12,   -6,   -8,  -16,   -6,
     -14,  -20,   -8,  -16,   -8,   -8,   -8,  -28,   -8,  -16,  -12,  -20,   -4,  -20,  -20,  -18,
     -20,  -24,  -10,  -14,  -17,  -21,   -8,  -28,  -16,  -12,  -21,  -24,  -16,  -12,  -16,  -20,
     -12,  -12,  -12,  -16,  -16,  -24,  -16,  -12,  -16,  -20,   -8,  -10,  -28,  -12,  -16,  -20,
     -80,  -40,   10,  -12,    4,   -6,   -6,   -6,   -4,   12,   -4,   -6,  -14,   -4,    2,  -16,
      -2,   -4,  -12,    1,  -16,  -24,   -4,  -20,  -16,   -8,   -4,   -6,   -4,  -16,   -4,   -9,
     -10,   -4,   -6,   -4,  -10,  -10,   -8,  -19,   -9,  -10,  -56,  -24,   -8,   -4,   -4,   -4,
      -4,  -12,   -4,   -6,  -12,   -8,   -8,  -10,   -8,  -12,   -8,  -10,  -20,   -6,  -12,    4,
     -16,   -4,   -6,   -6,   -8,  -24,  -16,  -24,   -4,  -20,  -16,  -24,  -32,   -8,  -20,   -8,
      -8,  -40,  -12,   -8,  -20,   -4,  -12,  -20,  -16,   -4,  -20,    8,    1,    1,    1,   -4,
      -8,   -5,   -4,   -2,   -4,   -2,   -5,   -4,   12,  -12,  -16,  -12,   20,   -6,   10,    6,
       6,  -12,    6,    1,    4,    5,   14,    4,   20,   -4,   -8,   -2,   -1,   -4,   -6,   -4,
     -12,   -6,   16,   -6,  -48,    3,  -16,   -4,
};

static constexpr auto& geist_12_regularLigaturePairs = builtin_font_metadata::data_caa06bde219df8d5;

static const EpdFontData geist_12_regular = {
    geist_12_regularBitmaps,
    geist_12_regularGlyphs,
    geist_12_regularIntervals,
    525,
    33,
    26,
    -8,
    false,
    nullptr,
    0,
    nullptr,
    nullptr,  // kernLeftClasses: built-in fonts use the split arrays below
    nullptr,  // kernRightClasses
    geist_12_regularKernLeftCodepoints,
    geist_12_regularKernLeftClassIds,
    geist_12_regularKernRightCodepoints,
    geist_12_regularKernRightClassIds,
    nullptr,  // kernMatrix: built-in fonts use the sparse form below
    geist_12_regularKernRowOffsets,
    geist_12_regularKernSparseCols,
    geist_12_regularKernSparseValues,
    510,
    520,
    58,
    58,
    geist_12_regularLigaturePairs,
    2,
};
