// Chinese UI charset SHA256: a91161a02991dbc482f79135bee491c205819b03b4a5978bedaa27500793e275
// Noto Sans SC source SHA256: a3041811a78c361b1de50f953c805e0244951c21c5bd412f7232ef0d899af0da
/**
 * generated by fontconvert.py
 * name: geist_10_regular
 * size: 10
 * mode: 1-bit
 * Command used: lib/EpdFont/scripts/fontconvert.py geist_10_regular 10 lib/EpdFont/builtinFonts/source/Geist/Geist-Regular.ttf <generated>/NotoSansSC-UI-400.ttf --force-autohint --additional-intervals 12289,12289 --additional-intervals 12290,12290 --additional-intervals 19968,19968 --additional-intervals 19978,19978 --additional-intervals 19979,19979 --additional-intervals 19981,19981 --additional-intervals 19982,19982 --additional-intervals 19988,19988 --additional-intervals 20002,20002 --additional-intervals 20004,20004 --additional-intervals 20010,20010 --additional-intervals 20013,20013 --additional-intervals 20018,20018 --additional-intervals 20026,20026 --additional-intervals 20027,20027 --additional-intervals 20041,20041 --additional-intervals 20043,20043 --additional-intervals 20064,20064 --additional-intervals 20070,20070 --additional-intervals 20108,20108 --additional-intervals 20110,20110 --additional-intervals 20114,20114 --additional-intervals 20132,20132 --additional-intervals 20142,20142 --additional-intervals 20154,20154 --additional-intervals 20165,20165 --additional-intervals 20170,20170 --additional-intervals 20174,20174 --additional-intervals 20182,20182 --additional-intervals 20197,20197 --additional-intervals 20214,20214 --additional-intervals 20219,20219 --additional-intervals 20241,20241 --additional-intervals 20256,20256 --additional-intervals 20272,20272 --additional-intervals 20301,20301 --additional-intervals 20307,20307 --additional-intervals 20313,20313 --additional-intervals 20316,20316 --additional-intervals 20320,20320 --additional-intervals 20351,20351 --additional-intervals 20379,20379 --additional-intervals 20391,20391 --additional-intervals 20415,20415 --additional-intervals 20445,20445 --additional-intervals 20449,20449 --additional-intervals 20462,20462 --additional-intervals 20498,20498 --additional-intervals 20540,20540 --additional-intervals 20542,20542 --additional-intervals 20559,20559 --additional-intervals 20648,20648 --additional-intervals 20803,20803 --additional-intervals 20808,20808 --additional-intervals 20809,20809 --additional-intervals 20837,20837 --additional-intervals 20840,20840 --additional-intervals 20845,20845 --additional-intervals 20851,20851 --additional-intervals 20854,20854 --additional-intervals 20855,20855 --additional-intervals 20856,20856 --additional-intervals 20869,20869 --additional-intervals 20876,20876 --additional-intervals 20877,20877 --additional-intervals 20889,20889 --additional-intervals 20934,20934 --additional-intervals 20945,20945 --additional-intervals 20986,20986 --additional-intervals 20998,20998 --additional-intervals 20999,20999 --additional-intervals 21015,21015 --additional-intervals 21019,21019 --additional-intervals 21021,21021 --additional-intervals 21024,21024 --additional-intervals 21040,21040 --additional-intervals 21046,21046 --additional-intervals 21047,21047 --additional-intervals 21069,21069 --additional-intervals 21097,21097 --additional-intervals 21098,21098 --additional-intervals 21151,21151 --additional-intervals 21152,21152 --additional-intervals 21153,21153 --additional-intervals 21160,21160 --additional-intervals 21247,21247 --additional-intervals 21253,21253 --additional-intervals 21305,21305 --additional-intervals 21306,21306 --additional-intervals 21333,21333 --additional-intervals 21344,21344 --additional-intervals 21345,21345 --additional-intervals 21363,21363 --additional-intervals 21387,21387 --additional-intervals 21407,21407 --additional-intervals 21453,21453 --additional-intervals 21457,21457 --additional-intervals 21462,21462 --additional-intervals 21475,21475 --additional-intervals 21487,21487 --additional-intervals 21491,21491 --additional-intervals 21495,21495 --additional-intervals 21508,21508 --additional-intervals 21516,21516 --additional-intervals 21517,21517 --additional-intervals 21518,21518 --additional-intervals 21521,21521 --additional-intervals 21542,21542 --additional-intervals 21547,21547 --additional-intervals 21551,21551 --additional-intervals 21578,21578 --additional-intervals 21608,21608 --additional-intervals 21629,21629 --additional-intervals 21644,21644 --additional-intervals 21704,21704 --additional-intervals 21796,21796 --additional-intervals 22120,22120 --additional-intervals 22235,22235 --additional-intervals 22238,22238 --additional-intervals 22240,22240 --additional-intervals 22260,22260 --additional-intervals 22266,22266 --additional-intervals 22270,22270 --additional-intervals 22278,22278 --additional-intervals 22312,22312 --additional-intervals 22320,22320 --additional-intervals 22336,22336 --additional-intervals 22343,22343 --additional-intervals 22402,22402 --additional-intervals 22522,22522 --additional-intervals 22686,22686 --additional-intervals 22791,22791 --additional-intervals 22797,22797 --additional-intervals 22810,22810 --additional-intervals 22812,22812 --additional-intervals 22823,22823 --additional-intervals 22825,22825 --additional-intervals 22833,22833 --additional-intervals 22836,22836 --additional-intervals 22841,22841 --additional-intervals 22987,22987 --additional-intervals 23383,23383 --additional-intervals 23384,23384 --additional-intervals 23433,23433 --additional-intervals 23436,23436 --additional-intervals 23450,23450 --additional-intervals 23478,23478 --additional-intervals 23481,23481 --additional-intervals 23485,23485 --additional-intervals 23494,23494 --additional-intervals 23545,23545 --additional-intervals 23553,23553 --additional-intervals 23558,23558 --additional-intervals 23567,23567 --additional-intervals 23569,23569 --additional-intervals 23578,23578 --additional-intervals 23601,23601 --additional-intervals 23616,23616 --additional-intervals 23621,23621 --additional-intervals 23631,23631 --additional-intervals 24037,24037 --additional-intervals 24038,24038 --additional-intervals 24050,24050 --additional-intervals 24067,24067 --additional-intervals 24076,24076 --additional-intervals 24102,24102 --additional-intervals 24149,24149 --additional-intervals 24179,24179 --additional-intervals 24182,24182 --additional-intervals 24207,24207 --additional-intervals 24212,24212 --additional-intervals 24213,24213 --additional-intervals 24230,24230 --additional-intervals 24314,24314 --additional-intervals 24320,24320 --additional-intervals 24335,24335 --additional-intervals 24341,24341 --additional-intervals 24377,24377 --additional-intervals 24403,24403 --additional-intervals 24405,24405 --additional-intervals 24471,24471 --additional-intervals 24536,24536 --additional-intervals 24555,24555 --additional-intervals 24573,24573 --additional-intervals 24577,24577 --additional-intervals 24674,24674 --additional-intervals 24687,24687 --additional-intervals 24773,24773 --additional-intervals 24815,24815 --additional-intervals 24847,24847 --additional-intervals 24930,24930 --additional-intervals 25104,25104 --additional-intervals 25110,25110 --additional-intervals 25130,25130 --additional-intervals 25143,25143 --additional-intervals 25152,25152 --additional-intervals 25163,25163 --additional-intervals 25171,25171 --additional-intervals 25195,25195 --additional-intervals 25214,25214 --additional-intervals 25239,25239 --additional-intervals 25253,25253 --additional-intervals 25300,25300 --additional-intervals 25321,25321 --additional-intervals 25345,25345 --additional-intervals 25351,25351 --additional-intervals 25353,25353 --additional-intervals 25381,25381 --additional-intervals 25442,25442 --additional-intervals 25454,25454 --additional-intervals 25490,25490 --additional-intervals 25509,25509 --additional-intervals 25511,25511 --additional-intervals 25512,25512 --additional-intervals 25551,25551 --additional-intervals 25552,25552 --additional-intervals 25554,25554 --additional-intervals 25628,25628 --additional-intervals 25688,25688 --additional-intervals 25805,25805 --additional-intervals 25910,25910 --additional-intervals 25913,25913 --additional-intervals 25918,25918 --additional-intervals 25928,25928 --additional-intervals 25968,25968 --additional-intervals 25972,25972 --additional-intervals 25991,25991 --additional-intervals 26012,26012 --additional-intervals 26029,26029 --additional-intervals 26032,26032 --additional-intervals 26041,26041 --additional-intervals 26080,26080 --additional-intervals 26085,26085 --additional-intervals 26089,26089 --additional-intervals 26102,26102 --additional-intervals 26126,26126 --additional-intervals 26159,26159 --additional-intervals 26174,26174 --additional-intervals 26224,26224 --additional-intervals 26234,26234 --additional-intervals 26242,26242 --additional-intervals 26356,26356 --additional-intervals 26368,26368 --additional-intervals 26377,26377 --additional-intervals 26381,26381 --additional-intervals 26399,26399 --additional-intervals 26410,26410 --additional-intervals 26411,26411 --additional-intervals 26412,26412 --additional-intervals 26426,26426 --additional-intervals 26465,26465 --additional-intervals 26469,26469 --additional-intervals 26494,26494 --additional-intervals 26512,26512 --additional-intervals 26524,26524 --additional-intervals 26597,26597 --additional-intervals 26631,26631 --additional-intervals 26639,26639 --additional-intervals 26679,26679 --additional-intervals 26681,26681 --additional-intervals 26684,26684 --additional-intervals 26694,26694 --additional-intervals 26723,26723 --additional-intervals 26816,26816 --additional-intervals 27169,27169 --additional-intervals 27178,27178 --additional-intervals 27425,27425 --additional-intervals 27491,27491 --additional-intervals 27492,27492 --additional-intervals 27493,27493 --additional-intervals 27573,27573 --additional-intervals 27599,27599 --additional-intervals 27604,27604 --additional-intervals 27700,27700 --additional-intervals 27785,27785 --additional-intervals 27809,27809 --additional-intervals 27861,27861 --additional-intervals 27880,27880 --additional-intervals 27963,27963 --additional-intervals 27973,27973 --additional-intervals 27983,27983 --additional-intervals 28040,28040 --additional-intervals 28145,28145 --additional-intervals 28155,28155 --additional-intervals 28165,28165 --additional-intervals 28176,28176 --additional-intervals 28201,28201 --additional-intervals 28304,28304 --additional-intervals 28369,28369 --additional-intervals 28388,28388 --additional-intervals 28783,28783 --additional-intervals 28857,28857 --additional-intervals 28909,28909 --additional-intervals 28982,28982 --additional-intervals 29255,29255 --additional-intervals 29256,29256 --additional-intervals 29273,29273 --additional-intervals 29366,29366 --additional-intervals 29483,29483 --additional-intervals 29575,29575 --additional-intervals 29616,29616 --additional-intervals 29702,29702 --additional-intervals 29992,29992 --additional-intervals 30005,30005 --additional-intervals 30011,30011 --additional-intervals 30028,30028 --additional-intervals 30041,30041 --additional-intervals 30053,30053 --additional-intervals 30331,30331 --additional-intervals 30334,30334 --additional-intervals 30340,30340 --additional-intervals 30424,30424 --additional-intervals 30446,30446 --additional-intervals 30452,30452 --additional-intervals 30475,30475 --additional-intervals 30496,30496 --additional-intervals 30528,30528 --additional-intervals 30561,30561 --additional-intervals 30701,30701 --additional-intervals 30721,30721 --additional-intervals 30830,30830 --additional-intervals 31034,31034 --additional-intervals 31105,31105 --additional-intervals 31186,31186 --additional-intervals 31216,31216 --additional-intervals 31227,31227 --additional-intervals 31243,31243 --additional-intervals 31354,31354 --additional-intervals 31435,31435 --additional-intervals 31446,31446 --additional-intervals 31456,31456 --additional-intervals 31471,31471 --additional-intervals 31526,31526 --additional-intervals 31532,31532 --additional-intervals 31614,31614 --additional-intervals 31616,31616 --additional-intervals 31639,31639 --additional-intervals 31649,31649 --additional-intervals 31661,31661 --additional-intervals 31821,31821 --additional-intervals 31895,31895 --additional-intervals 31995,31995 --additional-intervals 32034,32034 --additional-intervals 32039,32039 --additional-intervals 32447,32447 --additional-intervals 32454,32454 --additional-intervals 32456,32456 --additional-intervals 32467,32467 --additional-intervals 32476,32476 --additional-intervals 32479,32479 --additional-intervals 32487,32487 --additional-intervals 32490,32490 --additional-intervals 32493,32493 --additional-intervals 32500,32500 --additional-intervals 32531,32531 --additional-intervals 32534,32534 --additional-intervals 32541,32541 --additional-intervals 32553,32553 --additional-intervals 32593,32593 --additional-intervals 32622,32622 --additional-intervals 32763,32763 --additional-intervals 32773,32773 --additional-intervals 33021,33021 --additional-intervals 33041,33041 --additional-intervals 33050,33050 --additional-intervals 33258,33258 --additional-intervals 33267,33267 --additional-intervals 33394,33394 --additional-intervals 33410,33410 --additional-intervals 33509,33509 --additional-intervals 33521,33521 --additional-intervals 33539,33539 --additional-intervals 33616,33616 --additional-intervals 33719,33719 --additional-intervals 33756,33756 --additional-intervals 33853,33853 --additional-intervals 34013,34013 --additional-intervals 34255,34255 --additional-intervals 34892,34892 --additional-intervals 34920,34920 --additional-intervals 34987,34987 --additional-intervals 35009,35009 --additional-intervals 35013,35013 --additional-intervals 35114,35114 --additional-intervals 35201,35201 --additional-intervals 35265,35265 --additional-intervals 35272,35272 --additional-intervals 35299,35299 --additional-intervals 35302,35302 --additional-intervals 35328,35328 --additional-intervals 35745,35745 --additional-intervals 35748,35748 --additional-intervals 35758,35758 --additional-intervals 35760,35760 --additional-intervals 35774,35774 --additional-intervals 35777,35777 --additional-intervals 35789,35789 --additional-intervals 35797,35797 --additional-intervals 35810,35810 --additional-intervals 35814,35814 --additional-intervals 35821,35821 --additional-intervals 35823,35823 --additional-intervals 35828,35828 --additional-intervals 35831,35831 --additional-intervals 35835,35835 --additional-intervals 35843,35843 --additional-intervals 36133,36133 --additional-intervals 36134,36134 --additional-intervals 36215,36215 --additional-intervals 36229,36229 --additional-intervals 36275,36275 --additional-intervals 36291,36291 --additional-intervals 36305,36305 --additional-intervals 36317,36317 --additional-intervals 36319,36319 --additional-intervals 36339,36339 --additional-intervals 36716,36716 --additional-intervals 36731,36731 --additional-intervals 36733,36733 --additional-intervals 36739,36739 --additional-intervals 36755,36755 --additional-intervals 36793,36793 --additional-intervals 36798,36798 --additional-intervals 36807,36807 --additional-intervals 36817,36817 --additional-intervals 36820,36820 --additional-intervals 36824,36824 --additional-intervals 36825,36825 --additional-intervals 36827,36827 --additional-intervals 36828,36828 --additional-intervals 36830,36830 --additional-intervals 36864,36864 --additional-intervals 36865,36865 --additional-intervals 36866,36866 --additional-intervals 36870,36870 --additional-intervals 36873,36873 --additional-intervals 36879,36879 --additional-intervals 36890,36890 --additional-intervals 36895,36895 --additional-intervals 37096,37096 --additional-intervals 37117,37117 --additional-intervals 37197,37197 --additional-intervals 37266,37266 --additional-intervals 37322,37322 --additional-intervals 37325,37325 --additional-intervals 37327,37327 --additional-intervals 38024,38024 --additional-intervals 38047,38047 --additional-intervals 38142,38142 --additional-intervals 38169,38169 --additional-intervals 38190,38190 --additional-intervals 38191,38191 --additional-intervals 38236,38236 --additional-intervals 38271,38271 --additional-intervals 38381,38381 --additional-intervals 38382,38382 --additional-intervals 38388,38388 --additional-intervals 38405,38405 --additional-intervals 38451,38451 --additional-intervals 38468,38468 --additional-intervals 38500,38500 --additional-intervals 38543,38543 --additional-intervals 38544,38544 --additional-intervals 38656,38656 --additional-intervals 38754,38754 --additional-intervals 39029,39029 --additional-intervals 39030,39030 --additional-intervals 39033,39033 --additional-intervals 39034,39034 --additional-intervals 39044,39044 --additional-intervals 39057,39057 --additional-intervals 39064,39064 --additional-intervals 39304,39304 --additional-intervals 39318,39318 --additional-intervals 39564,39564 --additional-intervals 40479,40479 --additional-intervals 40560,40560 --additional-intervals 40664,40664 --additional-intervals 40784,40784 --additional-intervals 40831,40831 --additional-intervals 65281,65281 --additional-intervals 65288,65288 --additional-intervals 65289,65289 --additional-intervals 65292,65292 --additional-intervals 65306,65306 --additional-intervals 65311,65311
 */
#pragma once
#include "builtin_font_metadata.h"
#include "EpdFontData.h"

static const uint8_t geist_10_regularBitmaps[36721] = {
    0xFF, 0xFF, 0xF3, 0xF0, 0xDE, 0xF7, 0xBD, 0x80, 0x0C, 0xC0, 0xCC, 0x1C, 0xC7, 0xFE, 0x7F, 0xE1,
    0x98, 0x19, 0x81, 0x98, 0x7F, 0xCF, 0xFC, 0x33, 0x03, 0x30, 0x33, 0x07, 0x30, 0x06, 0x00, 0x60,
    0x3F, 0x87, 0xFE, 0x76, 0xE6, 0x67, 0x66, 0x77, 0xE0, 0x3F, 0x01, 0xFC, 0x07, 0xF6, 0x67, 0xE6,
    0x37, 0x67, 0x7F, 0xF3, 0xFE, 0x0F, 0x80, 0x60, 0x02, 0x00, 0x7C, 0x19, 0xFC, 0x73, 0x39, 0xC6,
    0x33, 0x0E, 0xEC, 0x1F, 0xB8, 0x0E, 0x60, 0x01, 0xBE, 0x07, 0xFE, 0x0D, 0xCC, 0x33, 0x18, 0xE6,
    0x33, 0x8E, 0xE6, 0x0F, 0x80, 0x3F, 0x07, 0xF8, 0x73, 0x86, 0x18, 0x73, 0x83, 0xF0, 0x3C, 0x07,
    0xE6, 0xEF, 0x6C, 0x7E, 0xC3, 0xEE, 0x1C, 0xFF, 0xE7, 0xFE, 0xFF, 0xC0, 0x19, 0x9C, 0xCE, 0x73,
    0x18, 0xC6, 0x31, 0x8E, 0x71, 0x8E, 0x31, 0xC0, 0xC7, 0x1C, 0xE3, 0x1C, 0xE7, 0x18, 0xC6, 0x73,
    0x9C, 0xCE, 0x67, 0x00, 0x00, 0xD9, 0xF7, 0xFF, 0xE7, 0x1B, 0x36, 0x0C, 0x03, 0x00, 0xC0, 0x30,
    0xFF, 0xFF, 0xF0, 0xC0, 0x30, 0x0C, 0x03, 0x00, 0xFF, 0xE0, 0xFF, 0xFC, 0xFC, 0x01, 0x81, 0xC0,
    0xC0, 0x60, 0x70, 0x30, 0x38, 0x1C, 0x0C, 0x0E, 0x07, 0x03, 0x03, 0x81, 0x80, 0xC0, 0xE0, 0x60,
    0x30, 0x00, 0x1F, 0x83, 0xFC, 0x70, 0xEE, 0x07, 0xE0, 0x7C, 0x07, 0xC0, 0x3C, 0x03, 0xC0, 0x3E,
    0x07, 0xE0, 0x77, 0x0E, 0x7F, 0xC1, 0xF8, 0x19, 0xFF, 0xF1, 0x8C, 0x63, 0x18, 0xC6, 0x31, 0x8C,
    0x3F, 0x9F, 0xFE, 0x1F, 0x83, 0xC0, 0xC0, 0x70, 0x3C, 0x3E, 0x3E, 0x1E, 0x07, 0x03, 0x80, 0xFF,
    0xFF, 0xF0, 0x3F, 0x9F, 0xFE, 0x1F, 0x03, 0x01, 0xC3, 0xE0, 0xF8, 0x0F, 0x01, 0xC0, 0x3C, 0x0F,
    0x87, 0xFF, 0x8F, 0xC0, 0x03, 0x80, 0xF0, 0x1E, 0x07, 0xC1, 0xD8, 0x73, 0x0E, 0x63, 0x8C, 0xE1,
    0x9F, 0xFF, 0xFF, 0x80, 0xC0, 0x18, 0x03, 0x00, 0x7F, 0xCF, 0xF9, 0x80, 0x30, 0x07, 0xF9, 0xFF,
    0xBC, 0x7B, 0x07, 0x00, 0x60, 0x0F, 0x83, 0xF8, 0xF7, 0xFC, 0x7F, 0x00, 0x1F, 0x87, 0xF9, 0xC3,
    0xF0, 0x0D, 0xF9, 0xFF, 0xBC, 0x7F, 0x07, 0xC0, 0x78, 0x0F, 0x83, 0xF8, 0xF7, 0xFC, 0x7F, 0x00,
    0xFF, 0xFF, 0xF0, 0x1C, 0x0E, 0x03, 0x01, 0xC0, 0x60, 0x38, 0x0C, 0x07, 0x01, 0xC0, 0x70, 0x18,
    0x06, 0x00, 0x3F, 0x8F, 0xF9, 0xC7, 0x30, 0x67, 0x1C, 0xFF, 0x9F, 0xE7, 0x9E, 0xE0, 0xF8, 0x0F,
    0x03, 0xF0, 0x77, 0xFC, 0x7F, 0x00, 0x3F, 0x1F, 0xEE, 0x1F, 0x03, 0xC0, 0xF0, 0x3E, 0x1D, 0xFF,
    0x3E, 0xC0, 0x34, 0x1F, 0x8E, 0x7F, 0x8F, 0xC0, 0xFC, 0x00, 0xFC, 0xFC, 0x00, 0xFF, 0xE0, 0x00,
    0x00, 0x70, 0x7C, 0x7C, 0xFC, 0x3C, 0x0E, 0x03, 0xE0, 0x3F, 0x03, 0xF0, 0x1C, 0x00, 0xFF, 0xFF,
    0xF0, 0x00, 0x00, 0xFF, 0xFF, 0xF0, 0x00, 0x30, 0x0F, 0x81, 0xF8, 0x1F, 0x80, 0xF0, 0x3C, 0x3F,
    0x3E, 0x3E, 0x0E, 0x02, 0x00, 0x3F, 0x1F, 0xF7, 0x1F, 0x83, 0xE0, 0xC0, 0x70, 0x38, 0x1C, 0x0E,
    0x03, 0x00, 0x40, 0x30, 0x0C, 0x03, 0x00, 0x07, 0xF8, 0x0F, 0xFF, 0x0F, 0x83, 0xCF, 0x00, 0xE7,
    0x3D, 0xBF, 0x3F, 0xDF, 0xBD, 0xE7, 0x9C, 0x73, 0xCC, 0x19, 0xE6, 0x1C, 0xF3, 0x0E, 0xF9, 0xEF,
    0xEE, 0x7F, 0xF3, 0x8C, 0x61, 0xE0, 0x40, 0x7F, 0xF0, 0x0F, 0xF0, 0x00, 0x07, 0x80, 0x1E, 0x00,
    0xFC, 0x03, 0xF0, 0x0C, 0xC0, 0x73, 0x81, 0x8E, 0x06, 0x18, 0x3F, 0xF0, 0xFF, 0xC7, 0x03, 0x9C,
    0x0E, 0x60, 0x1B, 0x80, 0x70, 0xFF, 0x9F, 0xFB, 0x07, 0x60, 0x6C, 0x0D, 0x87, 0xBF, 0xE7, 0xFE,
    0xC0, 0xF8, 0x0F, 0x01, 0xE0, 0x7F, 0xFF, 0xFF, 0x80, 0x1F, 0xC1, 0xFF, 0x1C, 0x1D, 0xC0, 0x7E,
    0x03, 0xE0, 0x03, 0x00, 0x18, 0x00, 0xC0, 0x07, 0x01, 0xF8, 0x0E, 0xE0, 0xE3, 0xFE, 0x0F, 0xE0,
    0xFF, 0x8F, 0xFC, 0xC1, 0xEC, 0x06, 0xC0, 0x7C, 0x07, 0xC0, 0x3C, 0x03, 0xC0, 0x7C, 0x07, 0xC0,
    0x7C, 0x1E, 0xFF, 0xCF, 0xF8, 0xFF, 0xFF, 0xFC, 0x03, 0x00, 0xC0, 0x30, 0x0F, 0xFB, 0xFE, 0xC0,
    0x30, 0x0C, 0x03, 0x00, 0xFF, 0xFF, 0xF0, 0xFF, 0xFF, 0xFC, 0x03, 0x00, 0xC0, 0x30, 0x0F, 0xFB,
    0xFE, 0xC0, 0x30, 0x0C, 0x03, 0x00, 0xC0, 0x30, 0x00, 0x1F, 0xC1, 0xFF, 0x9C, 0x1D, 0xC0, 0x7E,
    0x01, 0xE0, 0x03, 0x0F, 0xF8, 0x7F, 0xC0, 0x3F, 0x01, 0xF8, 0x0E, 0xE1, 0xF3, 0xFF, 0x8F, 0xCC,
    0xC0, 0x78, 0x0F, 0x01, 0xE0, 0x3C, 0x07, 0x80, 0xFF, 0xFF, 0xFF, 0xC0, 0x78, 0x0F, 0x01, 0xE0,
    0x3C, 0x07, 0x80, 0xC0, 0xFF, 0xFF, 0xFF, 0xF0, 0x00, 0xC0, 0x30, 0x0C, 0x03, 0x00, 0xC0, 0x30,
    0x0C, 0x03, 0x00, 0xF0, 0x3C, 0x1F, 0x87, 0x7F, 0x8F, 0xC0, 0xC0, 0xEC, 0x1C, 0xC3, 0x8C, 0x70,
    0xCE, 0x0D, 0xC0, 0xFC, 0x0F, 0xE0, 0xEE, 0x0C, 0x70, 0xC3, 0x8C, 0x1C, 0xC1, 0xCC, 0x0E, 0xC0,
    0x60, 0x30, 0x18, 0x0C, 0x06, 0x03, 0x01, 0x80, 0xC0, 0x60, 0x30, 0x18, 0x0F, 0xFF, 0xFC, 0xE0,
    0x0F, 0xE0, 0x3F, 0xC0, 0x7F, 0x81, 0xFF, 0x83, 0xFF, 0x06, 0xF7, 0x1D, 0xEE, 0x3B, 0xCC, 0xE7,
    0x9D, 0xCF, 0x3B, 0x1E, 0x3E, 0x3C, 0x7C, 0x78, 0x70, 0xC0, 0xE0, 0x3F, 0x03, 0xF8, 0x3F, 0x83,
    0xDC, 0x3C, 0xC3, 0xCE, 0x3C, 0x73, 0xC7, 0x3C, 0x3B, 0xC1, 0xBC, 0x1F, 0xC0, 0xFC, 0x0F, 0x1F,
    0xE0, 0xFF, 0xC7, 0x87, 0xB8, 0x06, 0xE0, 0x1F, 0x00, 0x7C, 0x00, 0xF0, 0x03, 0xC0, 0x1F, 0x80,
    0x7E, 0x01, 0x9E, 0x1E, 0x3F, 0xF0, 0x7F, 0x80, 0xFF, 0x9F, 0xFB, 0x03, 0xE0, 0x7C, 0x07, 0x81,
    0xF0, 0x7F, 0xFE, 0xFF, 0x18, 0x03, 0x00, 0x60, 0x0C, 0x01, 0x80, 0x00, 0x1F, 0xC1, 0xFF, 0x1C,
    0x1D, 0xC0, 0x7E, 0x03, 0xE0, 0x0F, 0x00, 0x78, 0x03, 0xC0, 0x1F, 0x19, 0xF8, 0xEE, 0xF3, 0xE3,
    0xFE, 0x0F, 0xF0, 0x01, 0xC0, 0xFF, 0x9F, 0xFB, 0x03, 0xE0, 0x3C, 0x07, 0x81, 0xFF, 0xF7, 0xFE,
    0xC1, 0xF8, 0x1F, 0x03, 0xE0, 0x3C, 0x07, 0x80, 0xC0, 0x1F, 0x87, 0xFE, 0x70, 0xE6, 0x07, 0x60,
    0x77, 0xC0, 0x3F, 0x80, 0xFE, 0x00, 0xFE, 0x07, 0x60, 0x37, 0x07, 0x3F, 0xE1, 0xFC, 0xFF, 0xFF,
    0xFC, 0x18, 0x03, 0x00, 0x60, 0x0C, 0x01, 0x80, 0x30, 0x06, 0x00, 0xC0, 0x18, 0x03, 0x00, 0x60,
    0x0C, 0x00, 0xC0, 0x78, 0x0F, 0x01, 0xE0, 0x3C, 0x07, 0x80, 0xF0, 0x1E, 0x03, 0xC0, 0x78, 0x0F,
    0x83, 0xF8, 0xF7, 0xFC, 0x7F, 0x00, 0xE0, 0x1D, 0x80, 0x67, 0x03, 0x9C, 0x0E, 0x30, 0x70, 0xE1,
    0xC1, 0x86, 0x07, 0x38, 0x1C, 0xE0, 0x33, 0x00, 0xFC, 0x03, 0xE0, 0x07, 0x80, 0x1E, 0x00, 0x60,
    0xE0, 0xEE, 0x1E, 0x1D, 0xC3, 0xC3, 0xB8, 0x78, 0x63, 0x1F, 0x1C, 0x73, 0xF3, 0x8E, 0x6E, 0x60,
    0xDC, 0xCC, 0x1B, 0x9B, 0x83, 0xF3, 0xF0, 0x7C, 0x7C, 0x07, 0x87, 0x80, 0xF0, 0xF0, 0x1C, 0x1E,
    0x00, 0xE0, 0x73, 0x83, 0x8E, 0x38, 0x73, 0x81, 0xDC, 0x07, 0xC0, 0x3C, 0x01, 0xE0, 0x0F, 0x80,
    0xEE, 0x0E, 0x70, 0x71, 0xC7, 0x07, 0x70, 0x38, 0x70, 0x39, 0xC0, 0xE3, 0x87, 0x06, 0x38, 0x1C,
    0xE0, 0x3F, 0x00, 0xF8, 0x01, 0xE0, 0x03, 0x00, 0x0C, 0x00, 0x30, 0x00, 0xC0, 0x03, 0x00, 0x0C,
    0x00, 0xFF, 0xFF, 0xF0, 0x1C, 0x0E, 0x07, 0x01, 0xC0, 0xE0, 0x70, 0x38, 0x0C, 0x07, 0x03, 0x80,
    0xFF, 0xFF, 0xF0, 0xFB, 0xFC, 0x30, 0xC3, 0x0C, 0x30, 0xC3, 0x0C, 0x30, 0xC3, 0x0C, 0x30, 0xFB,
    0xF0, 0x60, 0x30, 0x1C, 0x06, 0x03, 0x01, 0xC0, 0x60, 0x30, 0x1C, 0x06, 0x03, 0x01, 0xC0, 0x60,
    0x30, 0x1C, 0x06, 0x03, 0x01, 0xC0, 0xFF, 0xF0, 0xC3, 0x0C, 0x30, 0xC3, 0x0C, 0x30, 0xC3, 0x0C,
    0x30, 0xC3, 0xFF, 0xF0, 0x1C, 0x1F, 0x0F, 0x8E, 0xC7, 0x73, 0x18, 0xFF, 0xFF, 0xF0, 0x63, 0x8C,
    0x3F, 0x1F, 0xEE, 0x3B, 0x06, 0x0F, 0x9F, 0xEF, 0x9B, 0x06, 0xC3, 0xBF, 0xF7, 0xDC, 0xC0, 0x30,
    0x0C, 0x03, 0x7C, 0xFF, 0xB8, 0x7E, 0x1F, 0x07, 0xC0, 0xF0, 0x7E, 0x1F, 0x87, 0xFF, 0xB7, 0xC0,
    0x3F, 0x1F, 0xEE, 0x1F, 0x87, 0xC0, 0x30, 0x0C, 0x03, 0x87, 0xE1, 0xDF, 0xE3, 0xF0, 0x00, 0xC0,
    0x30, 0x0C, 0xFB, 0x7F, 0xF8, 0x7E, 0x1F, 0x03, 0xC0, 0xF0, 0x3E, 0x1F, 0x87, 0x7F, 0xCF, 0xB0,
    0x3F, 0x1F, 0xEE, 0x1F, 0x07, 0xFF, 0xFF, 0xFC, 0x03, 0x03, 0xE1, 0xDF, 0xE3, 0xF0, 0x3D, 0xF6,
    0x3F, 0xFD, 0x86, 0x18, 0x61, 0x86, 0x18, 0x61, 0x80, 0x3E, 0xDF, 0xFE, 0x3F, 0x07, 0xC0, 0xF0,
    0x3C, 0x1F, 0x8F, 0x7F, 0xCF, 0xBC, 0x0F, 0x87, 0x7F, 0x8F, 0xC0, 0xC0, 0x60, 0x30, 0x1B, 0xEF,
    0xF7, 0x1F, 0x0F, 0x83, 0xC1, 0xE0, 0xF0, 0x78, 0x3C, 0x1E, 0x0C, 0xF3, 0xFF, 0xFF, 0xF0, 0x33,
    0x03, 0x33, 0x33, 0x33, 0x33, 0x33, 0x3F, 0xF0, 0xC0, 0x30, 0x0C, 0x03, 0x0F, 0xC7, 0xB3, 0xCC,
    0xE3, 0x70, 0xFC, 0x3F, 0x8E, 0x73, 0x1C, 0xC3, 0xB0, 0x70, 0xCC, 0xCC, 0xCC, 0xCC, 0xCC, 0xCC,
    0xFF, 0xDE, 0xF9, 0xFF, 0xFB, 0x9E, 0x76, 0x1C, 0x6C, 0x30, 0xF8, 0x61, 0xF0, 0xC3, 0xE1, 0x87,
    0xC3, 0x0F, 0x86, 0x1F, 0x0C, 0x38, 0xDF, 0x7F, 0xF8, 0xF8, 0x7C, 0x1E, 0x0F, 0x07, 0x83, 0xC1,
    0xE0, 0xF0, 0x60, 0x3F, 0x1F, 0xEE, 0x1F, 0x87, 0xC0, 0xF0, 0x3C, 0x0F, 0x87, 0xE1, 0xDF, 0xE3,
    0xF0, 0xDF, 0x3F, 0xEE, 0x3F, 0x87, 0xC1, 0xF0, 0x3C, 0x1F, 0x87, 0xE3, 0xFF, 0xEF, 0xF3, 0x00,
    0xC0, 0x30, 0x00, 0x3E, 0xDF, 0xFE, 0x3F, 0x87, 0xC1, 0xF0, 0x3C, 0x1F, 0x87, 0xE3, 0xDF, 0xF3,
    0xEC, 0x03, 0x00, 0xC0, 0x30, 0xFF, 0xFE, 0x30, 0xC3, 0x0C, 0x30, 0xC3, 0x0C, 0x00, 0x3F, 0x1F,
    0xE7, 0x1D, 0x83, 0x78, 0x0F, 0xE0, 0xFF, 0x87, 0xE1, 0xDF, 0xF3, 0xF8, 0x30, 0xC3, 0x3F, 0xFC,
    0xC3, 0x0C, 0x30, 0xC3, 0x0C, 0x3C, 0xF0, 0xC1, 0xE0, 0xF0, 0x78, 0x3C, 0x1E, 0x0F, 0x07, 0x87,
    0xE3, 0xFF, 0xDF, 0x60, 0xE0, 0xEC, 0x1D, 0xC3, 0x38, 0xE3, 0x18, 0x77, 0x0E, 0xE0, 0xD8, 0x1F,
    0x01, 0xE0, 0x38, 0x00, 0xE1, 0xC3, 0xB0, 0xE1, 0xD8, 0xF8, 0xCE, 0x7C, 0xE7, 0x36, 0x71, 0x9B,
    0x30, 0xFD, 0xF8, 0x7C, 0x7C, 0x1E, 0x3C, 0x0F, 0x1E, 0x07, 0x8F, 0x00, 0x70, 0xE3, 0x9C, 0x19,
    0xC1, 0xF8, 0x0F, 0x00, 0xF0, 0x0F, 0x01, 0xF8, 0x39, 0xC3, 0x8E, 0x70, 0xE0, 0xE0, 0xFC, 0x19,
    0x87, 0x38, 0xE3, 0x18, 0x77, 0x0E, 0xE0, 0xD8, 0x1F, 0x03, 0xE0, 0x38, 0x07, 0x03, 0xC0, 0x78,
    0x00, 0xFF, 0xFF, 0xC0, 0xE0, 0xE0, 0xE0, 0xE0, 0xE0, 0xE0, 0xE0, 0x7F, 0xFF, 0xE0, 0x0E, 0x7C,
    0xE1, 0x83, 0x06, 0x0C, 0x38, 0xE1, 0xC1, 0xC3, 0x83, 0x06, 0x0C, 0x1C, 0x3E, 0x3C, 0xFF, 0xFF,
    0xFF, 0xFF, 0xF0, 0xE1, 0xE1, 0xE0, 0xC1, 0x83, 0x06, 0x0E, 0x0E, 0x1C, 0x70, 0xC1, 0x83, 0x06,
    0x1C, 0xF9, 0xE0, 0x71, 0xFC, 0xF3, 0xF8, 0xE0, 0xFC, 0xFF, 0xFF, 0xF0, 0x0E, 0x0F, 0x87, 0xFB,
    0xB7, 0xED, 0xF3, 0x0C, 0xC3, 0x30, 0xED, 0xFF, 0x77, 0xF8, 0xFC, 0x18, 0x06, 0x00, 0x1F, 0x8F,
    0xF9, 0xC3, 0x30, 0x27, 0x00, 0xE0, 0x3F, 0xC7, 0xF8, 0x30, 0x06, 0x01, 0xC0, 0x30, 0x0F, 0xFD,
    0xFF, 0x80, 0x00, 0x03, 0x01, 0x9F, 0xFC, 0x7F, 0xC3, 0x8E, 0x18, 0x30, 0xC1, 0x86, 0x0C, 0x38,
    0xE1, 0xFF, 0x1F, 0xFC, 0xC0, 0x60, 0x00, 0x00, 0xE0, 0x77, 0x06, 0x70, 0xE3, 0x9C, 0x19, 0x81,
    0xF8, 0x3F, 0xE3, 0xFE, 0x06, 0x03, 0xFE, 0x3F, 0xE0, 0x60, 0x06, 0x00, 0x60, 0xFF, 0xFC, 0x0F,
    0xFF, 0xC0, 0x3F, 0x1F, 0xE7, 0x1D, 0x83, 0x7C, 0x0F, 0xE7, 0xFD, 0x87, 0x60, 0xDF, 0xF3, 0xF8,
    0x1F, 0xE1, 0xDC, 0x77, 0xFC, 0xFE, 0xCF, 0x30, 0x0F, 0xF0, 0x1F, 0xF8, 0x3C, 0x3C, 0x77, 0xCE,
    0xEF, 0xE7, 0xFC, 0x77, 0xDC, 0x33, 0xD8, 0x03, 0xDC, 0x33, 0xFC, 0x77, 0xEF, 0xE7, 0x77, 0xCE,
    0x3C, 0x3C, 0x1F, 0xF8, 0x0F, 0xF0, 0x7E, 0x7E, 0x46, 0x7E, 0x76, 0xEF, 0x7F, 0x11, 0x3B, 0x9D,
    0xCE, 0xE3, 0x30, 0xCC, 0x3B, 0x87, 0x70, 0xEE, 0xFF, 0xFF, 0xC0, 0x60, 0x30, 0x18, 0x0C, 0x3F,
    0x8F, 0x7B, 0xFF, 0xED, 0xBD, 0xB7, 0x3E, 0x76, 0xDE, 0xDB, 0xE9, 0xEF, 0x78, 0xFE, 0x00, 0xFF,
    0xF0, 0x39, 0xFB, 0xBE, 0x3C, 0xFF, 0xDF, 0x00, 0x0C, 0x03, 0x00, 0xC3, 0xFF, 0xFF, 0xC3, 0x00,
    0xC0, 0x30, 0x0C, 0x3F, 0xFF, 0xFC, 0x7D, 0xFB, 0x30, 0xE7, 0x9C, 0x3F, 0x7E, 0x7C, 0xF8, 0x30,
    0xE1, 0xC9, 0xBF, 0x3E, 0x33, 0x98, 0xC1, 0xE0, 0xF0, 0x78, 0x3C, 0x1E, 0x0F, 0x07, 0x83, 0xC3,
    0xF1, 0xFF, 0xFF, 0xBC, 0x06, 0x03, 0x00, 0x3F, 0xFF, 0xFF, 0xEF, 0xFB, 0xFE, 0xFF, 0xBF, 0xEC,
    0xFB, 0x06, 0xC1, 0xB0, 0x6C, 0x1B, 0x06, 0xC1, 0xB0, 0xFC, 0x30, 0xE1, 0xF7, 0x7C, 0x11, 0xBC,
    0xE3, 0x18, 0xC6, 0x3E, 0x3F, 0x98, 0xDC, 0x6E, 0x33, 0xB8, 0xF8, 0x10, 0x77, 0x0E, 0xE1, 0xDC,
    0x33, 0x0C, 0xC7, 0x73, 0xB9, 0xDC, 0x70, 0x1F, 0xC0, 0xEF, 0x07, 0x0C, 0x1C, 0x30, 0xE0, 0xC7,
    0x03, 0x39, 0xCC, 0xEF, 0x07, 0x3C, 0x39, 0xF1, 0xCE, 0xC7, 0x3F, 0x38, 0xFD, 0xC0, 0x30, 0x70,
    0x18, 0xF0, 0x38, 0xF0, 0x70, 0x30, 0x60, 0x30, 0xE0, 0x31, 0xC0, 0x33, 0x9F, 0x33, 0x3F, 0x07,
    0x33, 0x0E, 0x07, 0x1C, 0x1E, 0x1C, 0x38, 0x38, 0x3F, 0x70, 0x3F, 0x7C, 0x0F, 0xB8, 0x38, 0x70,
    0xE1, 0xC1, 0x81, 0xC7, 0x19, 0x9C, 0x37, 0x73, 0xFC, 0xCF, 0x03, 0x9E, 0x0E, 0x6C, 0x39, 0xD8,
    0x63, 0xF1, 0x87, 0xE7, 0x00, 0xC0, 0x0C, 0x03, 0x00, 0xC0, 0x00, 0x0C, 0x07, 0x03, 0xC1, 0xE0,
    0xF0, 0x38, 0x0C, 0x1F, 0x07, 0xE3, 0x9F, 0xC3, 0xE0, 0x0E, 0x00, 0x18, 0x00, 0x30, 0x00, 0x00,
    0x00, 0x00, 0x1E, 0x00, 0x78, 0x03, 0xF0, 0x0F, 0xC0, 0x33, 0x01, 0xCE, 0x06, 0x38, 0x18, 0x60,
    0xFF, 0xC3, 0xFF, 0x1C, 0x0E, 0x70, 0x39, 0x80, 0x6E, 0x01, 0xC0, 0x01, 0xC0, 0x06, 0x00, 0x30,
    0x00, 0x00, 0x00, 0x00, 0x1E, 0x00, 0x78, 0x03, 0xF0, 0x0F, 0xC0, 0x33, 0x01, 0xCE, 0x06, 0x38,
    0x18, 0x60, 0xFF, 0xC3, 0xFF, 0x1C, 0x0E, 0x70, 0x39, 0x80, 0x6E, 0x01, 0xC0, 0x03, 0x00, 0x1E,
    0x00, 0xDC, 0x00, 0x00, 0x00, 0x00, 0x1E, 0x00, 0x78, 0x03, 0xF0, 0x0F, 0xC0, 0x33, 0x01, 0xCE,
    0x06, 0x38, 0x18, 0x60, 0xFF, 0xC3, 0xFF, 0x1C, 0x0E, 0x70, 0x39, 0x80, 0x6E, 0x01, 0xC0, 0x0F,
    0x60, 0x3F, 0x00, 0x00, 0x00, 0x00, 0x07, 0x80, 0x1E, 0x00, 0x7C, 0x03, 0xB0, 0x0E, 0xE0, 0x33,
    0x81, 0xC6, 0x06, 0x1C, 0x3F, 0xF0, 0xFF, 0xC3, 0x03, 0x9C, 0x06, 0x70, 0x1D, 0x80, 0x70, 0x0C,
    0xC0, 0x33, 0x00, 0x00, 0x00, 0x00, 0x07, 0x80, 0x1E, 0x00, 0xFC, 0x03, 0x70, 0x1C, 0xC0, 0x73,
    0x81, 0x86, 0x0E, 0x1C, 0x3F, 0xF0, 0xFF, 0xC7, 0x03, 0x98, 0x0E, 0xE0, 0x1B, 0x80, 0x70, 0x07,
    0x80, 0x1E, 0x00, 0x78, 0x01, 0xE0, 0x00, 0x00, 0x1E, 0x00, 0x78, 0x03, 0xF0, 0x0F, 0xC0, 0x33,
    0x01, 0xCE, 0x07, 0x18, 0x18, 0x70, 0xFF, 0xC3, 0xFF, 0x1C, 0x0E, 0x70, 0x39, 0x80, 0x6E, 0x01,
    0xC0, 0x01, 0xFF, 0xE0, 0x3F, 0xFC, 0x0E, 0xC0, 0x01, 0x98, 0x00, 0x73, 0x00, 0x0C, 0x60, 0x03,
    0x8F, 0xF8, 0xE1, 0xFF, 0x1F, 0xF0, 0x07, 0xFE, 0x00, 0xC0, 0xC0, 0x38, 0x18, 0x06, 0x03, 0xFF,
    0xC0, 0x7F, 0xC0, 0x1F, 0xC0, 0xFF, 0xC7, 0x87, 0x38, 0x0E, 0xE0, 0x1B, 0x00, 0x0C, 0x00, 0x30,
    0x00, 0xC0, 0x03, 0x80, 0x6E, 0x03, 0x9E, 0x1C, 0x3F, 0xF0, 0x7F, 0x00, 0x70, 0x01, 0xE0, 0x0D,
    0x80, 0x3E, 0x00, 0x38, 0x06, 0x01, 0xC0, 0x00, 0x00, 0x3F, 0xFF, 0xFF, 0x00, 0xC0, 0x30, 0x0C,
    0x03, 0xFE, 0xFF, 0xB0, 0x0C, 0x03, 0x00, 0xC0, 0x3F, 0xFF, 0xFC, 0x06, 0x03, 0x80, 0xC0, 0x00,
    0x00, 0x3F, 0xFF, 0xFF, 0x00, 0xC0, 0x30, 0x0C, 0x03, 0xFE, 0xFF, 0xB0, 0x0C, 0x03, 0x00, 0xC0,
    0x3F, 0xFF, 0xFC, 0x1C, 0x07, 0x83, 0x70, 0x00, 0x00, 0x3F, 0xFF, 0xFF, 0x00, 0xC0, 0x30, 0x0C,
    0x03, 0xFE, 0xFF, 0xB0, 0x0C, 0x03, 0x00, 0xC0, 0x3F, 0xFF, 0xFC, 0x36, 0x0D, 0x80, 0x00, 0x00,
    0xFF, 0xFF, 0xFC, 0x03, 0x00, 0xC0, 0x30, 0x0F, 0xFB, 0xFE, 0xC0, 0x30, 0x0C, 0x03, 0x00, 0xFF,
    0xFF, 0xF0, 0xE6, 0x70, 0x03, 0x33, 0x33, 0x33, 0x33, 0x33, 0x33, 0x30, 0x7E, 0xC0, 0x0C, 0xCC,
    0xCC, 0xCC, 0xCC, 0xCC, 0xCC, 0xC0, 0x71, 0xED, 0xC0, 0x00, 0xC3, 0x0C, 0x30, 0xC3, 0x0C, 0x30,
    0xC3, 0x0C, 0x30, 0xC3, 0x00, 0xCF, 0x30, 0x00, 0x30, 0xC3, 0x0C, 0x30, 0xC3, 0x0C, 0x30, 0xC3,
    0x0C, 0x30, 0xC0, 0x3F, 0xE0, 0xFF, 0xC3, 0x07, 0x8C, 0x06, 0x30, 0x1C, 0xC0, 0x7F, 0xF8, 0xFF,
    0xC3, 0x30, 0x1C, 0xC0, 0x73, 0x01, 0xCC, 0x1E, 0x3F, 0xF0, 0xFF, 0x80, 0x1E, 0xC1, 0xF8, 0x00,
    0x00, 0x00, 0xE0, 0x3F, 0x03, 0xF8, 0x3F, 0x83, 0xDC, 0x3C, 0xC3, 0xCE, 0x3C, 0x73, 0xC7, 0x3C,
    0x3B, 0xC1, 0xBC, 0x1F, 0xC0, 0xFC, 0x0F, 0x0E, 0x00, 0x18, 0x00, 0x70, 0x00, 0x00, 0x00, 0x00,
    0x7F, 0x83, 0xFF, 0x1E, 0x1E, 0xE0, 0x1B, 0x80, 0x7C, 0x01, 0xF0, 0x03, 0xC0, 0x0F, 0x00, 0x7E,
    0x01, 0xF8, 0x06, 0x78, 0x78, 0xFF, 0xC1, 0xFE, 0x00, 0x01, 0xC0, 0x0E, 0x00, 0x30, 0x00, 0x00,
    0x00, 0x00, 0x7F, 0x83, 0xFF, 0x1E, 0x1E, 0xE0, 0x1B, 0x80, 0x7C, 0x01, 0xF0, 0x03, 0xC0, 0x0F,
    0x00, 0x7E, 0x01, 0xF8, 0x06, 0x78, 0x78, 0xFF, 0xC1, 0xFE, 0x00, 0x07, 0x80, 0x3E, 0x00, 0xCC,
    0x00, 0x00, 0x00, 0x00, 0x7F, 0x83, 0xFF, 0x1E, 0x1E, 0xE0, 0x1B, 0x80, 0x7C, 0x01, 0xF0, 0x03,
    0xC0, 0x0F, 0x00, 0x7E, 0x01, 0xF8, 0x06, 0x78, 0x78, 0xFF, 0xC1, 0xFE, 0x00, 0x0E, 0x60, 0x6F,
    0x01, 0x9C, 0x00, 0x00, 0x00, 0x00, 0x7F, 0x83, 0xFF, 0x1E, 0x1E, 0xE0, 0x1B, 0x80, 0x7C, 0x01,
    0xF0, 0x03, 0xC0, 0x0F, 0x00, 0x7E, 0x01, 0xF8, 0x06, 0x78, 0x78, 0xFF, 0xC1, 0xFE, 0x00, 0x0C,
    0xC0, 0x33, 0x00, 0x00, 0x00, 0x00, 0x1F, 0xE0, 0xFF, 0xC7, 0x87, 0xB8, 0x06, 0xE0, 0x1F, 0x00,
    0x7C, 0x00, 0xF0, 0x03, 0xC0, 0x1F, 0x80, 0x7E, 0x01, 0x9E, 0x1E, 0x3F, 0xF0, 0x7F, 0x80, 0x00,
    0x18, 0x77, 0x38, 0xFC, 0x1E, 0x07, 0x83, 0xF1, 0xCE, 0x61, 0xC0, 0x00, 0x1F, 0xF8, 0xFF, 0xE7,
    0x87, 0xB8, 0x3E, 0xE0, 0xDF, 0x06, 0x7C, 0x38, 0xF1, 0xC3, 0xCE, 0x1F, 0xB0, 0x7F, 0xC1, 0x9E,
    0x1E, 0x7F, 0xF1, 0xFF, 0x80, 0x1C, 0x01, 0x80, 0x30, 0x00, 0x00, 0x01, 0x80, 0xF0, 0x1E, 0x03,
    0xC0, 0x78, 0x0F, 0x01, 0xE0, 0x3C, 0x07, 0x80, 0xF0, 0x1F, 0x07, 0xF1, 0xEF, 0xF8, 0xFE, 0x00,
    0x03, 0x00, 0xE0, 0x18, 0x00, 0x00, 0x01, 0x80, 0xF0, 0x1E, 0x03, 0xC0, 0x78, 0x0F, 0x01, 0xE0,
    0x3C, 0x07, 0x80, 0xF0, 0x1F, 0x07, 0xF1, 0xEF, 0xF8, 0xFE, 0x00, 0x0E, 0x03, 0xE0, 0x6C, 0x00,
    0x00, 0x01, 0x80, 0xF0, 0x1E, 0x03, 0xC0, 0x78, 0x0F, 0x01, 0xE0, 0x3C, 0x07, 0x80, 0xF0, 0x1F,
    0x07, 0xF1, 0xEF, 0xF8, 0xFE, 0x00, 0x1B, 0x03, 0x60, 0x00, 0x00, 0x0C, 0x07, 0x80, 0xF0, 0x1E,
    0x03, 0xC0, 0x78, 0x0F, 0x01, 0xE0, 0x3C, 0x07, 0x80, 0xF8, 0x3F, 0x8F, 0x7F, 0xC7, 0xF0, 0x01,
    0xC0, 0x0E, 0x00, 0x30, 0x00, 0x00, 0x00, 0x01, 0xC0, 0xE7, 0x03, 0x8E, 0x1C, 0x18, 0xE0, 0x73,
    0x80, 0xFC, 0x03, 0xE0, 0x07, 0x80, 0x0C, 0x00, 0x30, 0x00, 0xC0, 0x03, 0x00, 0x0C, 0x00, 0x30,
    0x00, 0xC0, 0x30, 0x0F, 0xE3, 0xFE, 0xC3, 0xF0, 0x7C, 0x0F, 0x07, 0xC1, 0xFF, 0xEF, 0xF3, 0x00,
    0xC0, 0x30, 0x00, 0x3F, 0x3F, 0xEE, 0x3B, 0x06, 0xC3, 0xB7, 0xCD, 0xF3, 0x1E, 0xC1, 0xF0, 0x3C,
    0x1F, 0x07, 0xDF, 0xB7, 0xC0, 0x38, 0x06, 0x01, 0xC0, 0xFC, 0x7F, 0xB8, 0xEC, 0x18, 0x3E, 0x7F,
    0xBE, 0x6C, 0x1B, 0x0E, 0xFF, 0xDF, 0x70, 0x06, 0x03, 0x80, 0xC0, 0xFC, 0x7F, 0xB8, 0xEC, 0x18,
    0x3E, 0x7F, 0xBE, 0x6C, 0x1B, 0x0E, 0xFF, 0xDF, 0x70, 0x1E, 0x0D, 0x80, 0x00, 0xFC, 0x7F, 0xB8,
    0xEC, 0x18, 0x3E, 0x7F, 0xBE, 0x6C, 0x1B, 0x0E, 0xFF, 0xDF, 0x70, 0x7F, 0x00, 0x00, 0x00, 0xFC,
    0x7F, 0xB8, 0xEC, 0x18, 0x3E, 0x7F, 0xBE, 0x6C, 0x1B, 0x0E, 0xFF, 0xDF, 0x70, 0x33, 0x0C, 0xC0,
    0x00, 0xFC, 0x7F, 0xB8, 0xEC, 0x18, 0x3E, 0x7F, 0xBE, 0x6C, 0x1B, 0x0E, 0xFF, 0xDF, 0x70, 0x1E,
    0x07, 0x81, 0xE0, 0x78, 0x00, 0x0F, 0xC7, 0xFB, 0x8E, 0xC1, 0x83, 0xE7, 0xFB, 0xE6, 0xC1, 0xB0,
    0xEF, 0xFD, 0xF7, 0x3E, 0x7E, 0x1F, 0xFF, 0xCE, 0x3C, 0x3B, 0x07, 0x06, 0x1F, 0xFF, 0x9F, 0xFF,
    0xFF, 0x98, 0x03, 0x07, 0x06, 0xC3, 0xC3, 0xBF, 0xFF, 0xC7, 0xE7, 0xE0, 0x3F, 0x8F, 0xFB, 0xC7,
    0x70, 0x7C, 0x01, 0x80, 0x30, 0x07, 0x07, 0xF1, 0xCF, 0xF8, 0xFE, 0x07, 0x00, 0xF0, 0x6E, 0x07,
    0xC0, 0x38, 0x07, 0x00, 0xC0, 0xFC, 0x7F, 0xB8, 0x7C, 0x1F, 0xFF, 0xFF, 0xF0, 0x0C, 0x0F, 0x87,
    0x7F, 0x8F, 0xC0, 0x07, 0x01, 0x80, 0xC0, 0xFC, 0x7F, 0xB8, 0x7C, 0x1F, 0xFF, 0xFF, 0xF0, 0x0C,
    0x0F, 0x87, 0x7F, 0x8F, 0xC0, 0x1E, 0x0F, 0xC0, 0x00, 0xFC, 0x7F, 0xB8, 0x7C, 0x1F, 0xFF, 0xFF,
    0xF0, 0x0C, 0x0F, 0x87, 0x7F, 0x8F, 0xC0, 0x33, 0x0C, 0xC0, 0x00, 0xFC, 0x7F, 0xB8, 0x7C, 0x1F,
    0xFF, 0xFF, 0xF0, 0x0C, 0x0F, 0x87, 0x7F, 0x8F, 0xC0, 0xE6, 0x33, 0x33, 0x33, 0x33, 0x33, 0x33,
    0x7E, 0xCC, 0xCC, 0xCC, 0xCC, 0xCC, 0xCC, 0x7B, 0xF0, 0x0C, 0x30, 0xC3, 0x0C, 0x30, 0xC3, 0x0C,
    0x30, 0xC0, 0xDE, 0xC0, 0xC6, 0x31, 0x8C, 0x63, 0x18, 0xC6, 0x30, 0x00, 0x07, 0x98, 0xFF, 0x8F,
    0xC0, 0xF8, 0x3F, 0x9F, 0xF7, 0x9E, 0xE1, 0xD8, 0x1B, 0x03, 0x60, 0x6E, 0x1D, 0xC3, 0x9F, 0xE1,
    0xF8, 0x7B, 0x37, 0x80, 0x1B, 0xEF, 0xFF, 0x1F, 0x0F, 0x83, 0xC1, 0xE0, 0xF0, 0x78, 0x3C, 0x1E,
    0x0C, 0x38, 0x07, 0x00, 0xC0, 0xFC, 0x7F, 0xB8, 0x7E, 0x1F, 0x03, 0xC0, 0xF0, 0x3E, 0x1F, 0x87,
    0x7F, 0x8F, 0xC0, 0x07, 0x03, 0x80, 0xC0, 0xFC, 0x7F, 0xB8, 0x7E, 0x1F, 0x03, 0xC0, 0xF0, 0x3E,
    0x1F, 0x87, 0x7F, 0x8F, 0xC0, 0x1E, 0x0F, 0xC0, 0x00, 0xFC, 0x7F, 0xB8, 0x7E, 0x1F, 0x03, 0xC0,
    0xF0, 0x3E, 0x1F, 0x87, 0x7F, 0x8F, 0xC0, 0x3F, 0x00, 0x00, 0x00, 0xFC, 0x7F, 0xB8, 0x7E, 0x1F,
    0x03, 0xC0, 0xF0, 0x3E, 0x1F, 0x87, 0x7F, 0x8F, 0xC0, 0x33, 0x0C, 0xC0, 0x00, 0xFC, 0x7F, 0xB8,
    0x7E, 0x1F, 0x03, 0xC0, 0xF0, 0x3E, 0x1F, 0x87, 0x7F, 0x8F, 0xC0, 0x1C, 0x07, 0x01, 0xC0, 0x00,
    0xFF, 0xFF, 0xF0, 0x00, 0x70, 0x1C, 0x07, 0x00, 0x3F, 0xDF, 0xEE, 0x3F, 0x9F, 0xC6, 0xF3, 0x3D,
    0x8F, 0xE7, 0xF1, 0xDF, 0xEF, 0xF0, 0x30, 0x1C, 0x06, 0x18, 0x3C, 0x1E, 0x0F, 0x07, 0x83, 0xC1,
    0xE0, 0xF0, 0xFC, 0x7F, 0xFB, 0xEC, 0x0E, 0x06, 0x07, 0x18, 0x3C, 0x1E, 0x0F, 0x07, 0x83, 0xC1,
    0xE0, 0xF0, 0xFC, 0x7F, 0xFB, 0xEC, 0x3C, 0x3B, 0x00, 0x18, 0x3C, 0x1E, 0x0F, 0x07, 0x83, 0xC1,
    0xE0, 0xF0, 0xFC, 0x7F, 0xFB, 0xEC, 0x66, 0x33, 0x00, 0x18, 0x3C, 0x1E, 0x0F, 0x07, 0x83, 0xC1,
    0xE0, 0xF0, 0xFC, 0x7F, 0xFB, 0xEC, 0x07, 0x00, 0xC0, 0x18, 0x70, 0x7E, 0x0C, 0xC3, 0x9C, 0x71,
    0x8C, 0x3B, 0x87, 0x70, 0x6C, 0x0F, 0x81, 0xF0, 0x1C, 0x03, 0x81, 0xE0, 0x3C, 0x00, 0xC0, 0x30,
    0x0C, 0x03, 0xFC, 0xFF, 0xB8, 0xFE, 0x1F, 0x03, 0xC0, 0xF0, 0x3E, 0x1F, 0x8F, 0xFF, 0xBF, 0xCC,
    0x03, 0x00, 0xC0, 0x00, 0x19, 0x81, 0x98, 0x00, 0x06, 0x06, 0x70, 0xE7, 0x0E, 0x30, 0xC3, 0x9C,
    0x39, 0xC1, 0x98, 0x1F, 0x81, 0xF0, 0x0F, 0x00, 0xF0, 0x06, 0x03, 0xE0, 0x3C, 0x00, 0x0F, 0xC0,
    0x3F, 0x00, 0x00, 0x00, 0x00, 0x07, 0x80, 0x1E, 0x00, 0xFC, 0x03, 0xF0, 0x0C, 0xC0, 0x73, 0x81,
    0x86, 0x0E, 0x1C, 0x3F, 0xF0, 0xFF, 0xC7, 0x03, 0x9C, 0x0E, 0xE0, 0x1F, 0x80, 0x70, 0x3F, 0x0F,
    0xC0, 0x00, 0xFC, 0x7F, 0xB8, 0xEC, 0x18, 0x3E, 0x7F, 0xBE, 0x6C, 0x1B, 0x0E, 0xFF, 0xDF, 0x70,
    0x0C, 0xC0, 0x3F, 0x00, 0x78, 0x00, 0x00, 0x00, 0x00, 0x1E, 0x00, 0x78, 0x03, 0xF0, 0x0F, 0xC0,
    0x33, 0x01, 0xCE, 0x06, 0x18, 0x38, 0x70, 0xFF, 0xC3, 0xFF, 0x1C, 0x0E, 0x70, 0x39, 0x80, 0x6E,
    0x01, 0xC0, 0x3F, 0x07, 0x80, 0x00, 0xFC, 0x7F, 0xB8, 0xEC, 0x18, 0x3E, 0x7F, 0xBE, 0x6C, 0x1B,
    0x0E, 0xFF, 0xDF, 0x70, 0x03, 0x80, 0x0F, 0x80, 0x1F, 0x00, 0x36, 0x00, 0xEE, 0x01, 0x8C, 0x07,
    0x1C, 0x0E, 0x38, 0x1F, 0xF0, 0x7F, 0xF0, 0xE0, 0xE3, 0x80, 0xC7, 0x01, 0xCC, 0x03, 0x80, 0x03,
    0x00, 0x0C, 0x00, 0x18, 0x00, 0x3C, 0x00, 0x78, 0x3F, 0x0F, 0xF3, 0x8E, 0x60, 0xC0, 0xF8, 0xFF,
    0x3E, 0x66, 0x0C, 0xC3, 0x9F, 0xF9, 0xF7, 0x00, 0x60, 0x18, 0x03, 0xC0, 0x78, 0x01, 0x80, 0x1C,
    0x00, 0xC0, 0x00, 0x00, 0x00, 0x0F, 0xE0, 0xFF, 0x8E, 0x0E, 0xE0, 0x3F, 0x01, 0xF0, 0x01, 0x80,
    0x0C, 0x00, 0x60, 0x03, 0x80, 0xFC, 0x07, 0x70, 0x71, 0xFF, 0x07, 0xF0, 0x07, 0x01, 0x80, 0xC0,
    0xFC, 0x7F, 0xB8, 0x7E, 0x1F, 0x00, 0xC0, 0x30, 0x0E, 0x1F, 0x87, 0x7F, 0x8F, 0xC0, 0x07, 0x00,
    0x7C, 0x03, 0x70, 0x00, 0x00, 0x00, 0x0F, 0xE0, 0xFF, 0x8E, 0x0E, 0xE0, 0x3F, 0x01, 0xF0, 0x01,
    0x80, 0x0C, 0x00, 0x60, 0x03, 0x80, 0xFC, 0x07, 0x70, 0x71, 0xFF, 0x07, 0xF0, 0x1E, 0x0F, 0xC0,
    0x00, 0xFC, 0x7F, 0xB8, 0x7E, 0x1F, 0x00, 0xC0, 0x30, 0x0E, 0x1F, 0x87, 0x7F, 0x8F, 0xC0, 0x03,
    0x00, 0x0C, 0x00, 0x00, 0x00, 0x00, 0x1F, 0xE0, 0xFF, 0xC7, 0x87, 0xB8, 0x0E, 0xE0, 0x1B, 0x00,
    0x0C, 0x00, 0x30, 0x00, 0xC0, 0x03, 0x80, 0x6E, 0x03, 0x9E, 0x1E, 0x3F, 0xF0, 0x7F, 0x00, 0x0C,
    0x03, 0x00, 0x00, 0xFC, 0x7F, 0xB8, 0x7E, 0x1F, 0x00, 0xC0, 0x30, 0x0E, 0x1F, 0x87, 0x7F, 0x8F,
    0xC0, 0x0D, 0xC0, 0x7C, 0x01, 0xC0, 0x00, 0x00, 0x00, 0x0F, 0xE0, 0xFF, 0x8E, 0x0E, 0xE0, 0x3F,
    0x01, 0xF0, 0x01, 0x80, 0x0C, 0x00, 0x60, 0x03, 0x80, 0xFC, 0x07, 0x70, 0x71, 0xFF, 0x07, 0xF0,
    0x3F, 0x07, 0x80, 0x00, 0xFC, 0x7F, 0xB8, 0x7E, 0x1F, 0x00, 0xC0, 0x30, 0x0E, 0x1F, 0x87, 0x7F,
    0x8F, 0xC0, 0x33, 0x03, 0xE0, 0x1E, 0x00, 0x00, 0x00, 0x0F, 0xF8, 0xFF, 0xCC, 0x1E, 0xC0, 0x6C,
    0x07, 0xC0, 0x7C, 0x03, 0xC0, 0x3C, 0x07, 0xC0, 0x7C, 0x07, 0xC1, 0xEF, 0xFC, 0xFF, 0x80, 0x00,
    0xDC, 0x03, 0x60, 0x0D, 0x8F, 0xB6, 0x7F, 0xDB, 0xCF, 0x0E, 0x1C, 0x30, 0x70, 0xC0, 0xC3, 0x03,
    0x0E, 0x1C, 0x38, 0x70, 0x7F, 0xC0, 0xFB, 0x00, 0x3F, 0xE0, 0xFF, 0xC3, 0x07, 0x8C, 0x06, 0x30,
    0x1C, 0xC0, 0x7F, 0xF8, 0xFF, 0xC3, 0x30, 0x1C, 0xC0, 0x73, 0x01, 0xCC, 0x1E, 0x3F, 0xF0, 0xFF,
    0x80, 0x00, 0xC0, 0x7F, 0x07, 0xE3, 0xEC, 0x7F, 0xCE, 0x1C, 0xE1, 0xCC, 0x0C, 0xC0, 0xCC, 0x0C,
    0xE1, 0xCE, 0x1C, 0x7F, 0xC3, 0xEC, 0x3F, 0x0F, 0xC0, 0x00, 0x00, 0xFF, 0xFF, 0xFC, 0x03, 0x00,
    0xC0, 0x30, 0x0F, 0xFB, 0xFE, 0xC0, 0x30, 0x0C, 0x03, 0x00, 0xFF, 0xFF, 0xF0, 0x3F, 0x0F, 0xC0,
    0x00, 0xFC, 0x7F, 0xB8, 0x7C, 0x1F, 0xFF, 0xFF, 0xF0, 0x0C, 0x0F, 0x87, 0x7F, 0x8F, 0xC0, 0x0C,
    0x03, 0x00, 0x00, 0x00, 0xFF, 0xFF, 0xFC, 0x03, 0x00, 0xC0, 0x30, 0x0F, 0xFB, 0xFE, 0xC0, 0x30,
    0x0C, 0x03, 0x00, 0xFF, 0xFF, 0xF0, 0x0C, 0x03, 0x00, 0x00, 0xFC, 0x7F, 0xB8, 0x7C, 0x1F, 0xFF,
    0xFF, 0xF0, 0x0C, 0x0F, 0x87, 0x7F, 0x8F, 0xC0, 0xFF, 0xDF, 0xFB, 0x00, 0x60, 0x0C, 0x01, 0x80,
    0x3F, 0xE7, 0xFC, 0xC0, 0x18, 0x03, 0x00, 0x60, 0x0F, 0xFD, 0xFF, 0x80, 0x70, 0x0C, 0x03, 0x80,
    0x7C, 0x07, 0x00, 0x3F, 0x1F, 0xEE, 0x1F, 0x03, 0xFF, 0xFF, 0xFC, 0x03, 0x03, 0xE1, 0xDF, 0xE3,
    0xF8, 0x1C, 0x06, 0x01, 0xE0, 0x78, 0x33, 0x0F, 0x81, 0xC0, 0x00, 0x00, 0x3F, 0xFF, 0xFF, 0x00,
    0xC0, 0x30, 0x0C, 0x03, 0xFE, 0xFF, 0xB0, 0x0C, 0x03, 0x00, 0xC0, 0x3F, 0xFF, 0xFC, 0x3B, 0x07,
    0x80, 0x40, 0xFC, 0x7F, 0xB8, 0x7C, 0x1F, 0xFF, 0xFF, 0xF0, 0x0C, 0x0F, 0x87, 0x7F, 0x8F, 0xC0,
    0x07, 0x00, 0x7C, 0x03, 0x60, 0x00, 0x00, 0x00, 0x0F, 0xE0, 0xFF, 0xCE, 0x0E, 0xE0, 0x3F, 0x00,
    0xF0, 0x01, 0x87, 0xFC, 0x3F, 0xE0, 0x1F, 0x80, 0xFC, 0x07, 0x70, 0xF9, 0xFF, 0xC7, 0xE6, 0x1E,
    0x0F, 0xC0, 0x00, 0xFB, 0x7F, 0xF8, 0xFC, 0x1F, 0x03, 0xC0, 0xF0, 0x7E, 0x3D, 0xFF, 0x3E, 0xF0,
    0x3E, 0x1D, 0xFE, 0x3F, 0x00, 0x0C, 0xC0, 0x7E, 0x01, 0xE0, 0x00, 0x00, 0x00, 0x0F, 0xE0, 0xFF,
    0xCE, 0x0E, 0xE0, 0x3F, 0x00, 0xF0, 0x01, 0x83, 0xFC, 0x1F, 0xE0, 0x1F, 0x80, 0xFC, 0x07, 0x70,
    0xF9, 0xFF, 0xC7, 0xE6, 0x3F, 0x07, 0x80, 0x00, 0xFB, 0x7F, 0xF8, 0xFC, 0x1F, 0x03, 0xC0, 0xF0,
    0x7E, 0x3D, 0xFF, 0x3E, 0xF0, 0x3E, 0x1D, 0xFE, 0x3F, 0x00, 0x03, 0x00, 0x18, 0x00, 0x00, 0x00,
    0x01, 0xFC, 0x1F, 0xF9, 0xC1, 0xDC, 0x07, 0xE0, 0x1E, 0x00, 0x30, 0x7F, 0x83, 0xFC, 0x03, 0xF0,
    0x1F, 0x80, 0xEE, 0x1F, 0x3F, 0xF8, 0xFC, 0xC0, 0x0C, 0x03, 0x00, 0x00, 0xFB, 0x7F, 0xF8, 0xFC,
    0x1F, 0x03, 0xC0, 0xF0, 0x7E, 0x3D, 0xFF, 0x3E, 0xF0, 0x3E, 0x1D, 0xFE, 0x3F, 0x00, 0x1F, 0xC1,
    0xFF, 0x9C, 0x1D, 0xC0, 0x7E, 0x03, 0xE0, 0x03, 0x00, 0x18, 0x3F, 0xC1, 0xFF, 0x01, 0xF8, 0x0E,
    0xE0, 0xF3, 0xFF, 0x8F, 0xEC, 0x00, 0x00, 0x60, 0x03, 0x00, 0x18, 0x01, 0x80, 0x04, 0x03, 0x00,
    0xC0, 0x30, 0x0C, 0x00, 0x03, 0xED, 0xFF, 0xE3, 0xF0, 0x7C, 0x0F, 0x03, 0xC1, 0xF8, 0xF7, 0xFC,
    0xFB, 0xC0, 0xF8, 0x77, 0xF8, 0xFC, 0x0E, 0x03, 0xE0, 0x6C, 0x00, 0x00, 0x01, 0x80, 0xF0, 0x1E,
    0x03, 0xC0, 0x78, 0x0F, 0x01, 0xFF, 0xFF, 0xFF, 0x80, 0xF0, 0x1E, 0x03, 0xC0, 0x78, 0x0F, 0x01,
    0x80, 0x78, 0x1F, 0x03, 0x30, 0x00, 0x03, 0x00, 0x60, 0x0C, 0x01, 0xBE, 0x3F, 0xC7, 0x1C, 0xC3,
    0x98, 0x33, 0x06, 0x60, 0xCC, 0x19, 0x83, 0x30, 0x66, 0x0C, 0x30, 0x19, 0xFF, 0xFF, 0xFF, 0xF9,
    0x80, 0xC3, 0x01, 0x86, 0x03, 0x0F, 0xFE, 0x1F, 0xFC, 0x30, 0x18, 0x60, 0x30, 0xC0, 0x61, 0x80,
    0xC3, 0x01, 0x86, 0x03, 0x00, 0x30, 0x1F, 0xC3, 0xF8, 0x1B, 0xE3, 0xFC, 0x71, 0xCC, 0x39, 0x83,
    0x30, 0x66, 0x0C, 0xC1, 0x98, 0x33, 0x06, 0x60, 0xC0, 0x7F, 0xBC, 0x00, 0x01, 0x83, 0x06, 0x0C,
    0x18, 0x30, 0x60, 0xC1, 0x83, 0x06, 0x0C, 0x18, 0x30, 0x7F, 0xBC, 0x00, 0xC1, 0x83, 0x06, 0x0C,
    0x18, 0x30, 0x60, 0xC1, 0x83, 0x00, 0xFF, 0xF0, 0x00, 0x30, 0xC3, 0x0C, 0x30, 0xC3, 0x0C, 0x30,
    0xC3, 0x0C, 0x30, 0xC0, 0xFF, 0xF0, 0x0C, 0x30, 0xC3, 0x0C, 0x30, 0xC3, 0x0C, 0x30, 0xC0, 0x66,
    0x66, 0x66, 0x66, 0x66, 0x66, 0x66, 0x6C, 0xCF, 0xE0, 0x66, 0x06, 0x66, 0x66, 0x66, 0x66, 0x66,
    0x6C, 0xCF, 0xE0, 0xF0, 0xFF, 0xFF, 0xFF, 0xF0, 0xFF, 0xFF, 0xFC, 0xC0, 0x0F, 0x00, 0x3C, 0x00,
    0xF0, 0x03, 0xC0, 0x0F, 0x00, 0x3C, 0x00, 0xF0, 0x03, 0xC0, 0x0F, 0x18, 0x3C, 0x60, 0xF1, 0xC7,
    0xC3, 0xFB, 0x07, 0xC0, 0xC7, 0x8C, 0x06, 0x3C, 0x78, 0xF1, 0xE3, 0xC7, 0x8F, 0x1E, 0x3C, 0x78,
    0xC1, 0x8F, 0x1E, 0x01, 0xE0, 0x1E, 0x03, 0x30, 0x00, 0x00, 0x00, 0x0C, 0x00, 0xC0, 0x0C, 0x00,
    0xC0, 0x0C, 0x00, 0xC0, 0x0C, 0x00, 0xC0, 0x0C, 0xC0, 0xCC, 0x1C, 0xE1, 0xC7, 0xF8, 0x3F, 0x00,
    0x7B, 0xF0, 0x0C, 0x30, 0xC3, 0x0C, 0x30, 0xC3, 0x0C, 0x30, 0xC3, 0x3C, 0xF0, 0xC1, 0xD8, 0x73,
    0x1E, 0x67, 0x8C, 0xE1, 0xB8, 0x3E, 0x07, 0xE0, 0xEE, 0x18, 0xE3, 0x0E, 0x61, 0xCC, 0x1D, 0x81,
    0xC0, 0x00, 0x60, 0x0C, 0x01, 0x80, 0x30, 0x00, 0xC0, 0x60, 0x30, 0x18, 0x7C, 0x76, 0x73, 0x71,
    0xF0, 0xF8, 0x7E, 0x3B, 0x98, 0xEC, 0x76, 0x1C, 0x00, 0x30, 0x18, 0x0C, 0x04, 0x00, 0x70, 0x70,
    0x30, 0x00, 0x00, 0x06, 0x03, 0x01, 0x80, 0xC0, 0x60, 0x30, 0x18, 0x0C, 0x06, 0x03, 0x01, 0x80,
    0xC0, 0x7F, 0xFF, 0xE0, 0x7E, 0xC0, 0xCC, 0xCC, 0xCC, 0xCC, 0xCC, 0xCC, 0xFF, 0xC0, 0x60, 0x30,
    0x18, 0x0C, 0x06, 0x03, 0x01, 0x80, 0xC0, 0x60, 0x30, 0x18, 0x0F, 0xFF, 0xFC, 0x00, 0x18, 0x0C,
    0x06, 0x06, 0x00, 0xCC, 0xCC, 0xCC, 0xCC, 0xCC, 0xCC, 0xFF, 0x06, 0x66, 0xC0, 0xC3, 0xE1, 0xF0,
    0xD8, 0x6C, 0x36, 0x03, 0x01, 0x80, 0xC0, 0x60, 0x30, 0x18, 0x0F, 0xFF, 0xFC, 0xDF, 0x7D, 0xB6,
    0xDB, 0x0C, 0x30, 0xC3, 0x0C, 0x30, 0xF3, 0xC0, 0x30, 0x06, 0x00, 0xC0, 0x18, 0x03, 0x20, 0x7C,
    0x1F, 0x07, 0x80, 0xF0, 0x06, 0x00, 0xC0, 0x18, 0x03, 0xFE, 0x7F, 0xC0, 0x30, 0xC3, 0x0C, 0x3C,
    0xFF, 0x3C, 0x30, 0xC3, 0x0C, 0x3C, 0xF0, 0x03, 0x80, 0x30, 0x07, 0x00, 0x00, 0x00, 0x0E, 0x03,
    0xF0, 0x3F, 0x83, 0xF8, 0x3D, 0xC3, 0xCC, 0x3C, 0xE3, 0xC7, 0x3C, 0x73, 0xC3, 0xBC, 0x1B, 0xC1,
    0xFC, 0x0F, 0xC0, 0xF0, 0x0E, 0x06, 0x03, 0x1B, 0xEF, 0xFF, 0x1F, 0x0F, 0x83, 0xC1, 0xE0, 0xF0,
    0x78, 0x3C, 0x1E, 0x0C, 0xE0, 0x3F, 0x03, 0xF8, 0x3F, 0x83, 0xDC, 0x3C, 0xC3, 0xCE, 0x3C, 0x73,
    0xC7, 0x3C, 0x3B, 0xC1, 0xBC, 0x1F, 0xC0, 0xFC, 0x0F, 0x00, 0x00, 0x60, 0x06, 0x00, 0x60, 0x0C,
    0x00, 0xDF, 0x7F, 0xF8, 0xF8, 0x7C, 0x1E, 0x0F, 0x07, 0x83, 0xC1, 0xE0, 0xF0, 0x60, 0x01, 0x80,
    0xC0, 0x60, 0x30, 0x19, 0x80, 0xF8, 0x0F, 0x00, 0x00, 0x00, 0x0E, 0x03, 0xF0, 0x3F, 0x83, 0xF8,
    0x3D, 0xC3, 0xCC, 0x3C, 0xE3, 0xC7, 0x3C, 0x73, 0xC3, 0xBC, 0x1B, 0xC1, 0xFC, 0x0F, 0xC0, 0xF0,
    0x36, 0x0E, 0x00, 0x1B, 0xEF, 0xFF, 0x1F, 0x0F, 0x83, 0xC1, 0xE0, 0xF0, 0x78, 0x3C, 0x1E, 0x0C,
    0xE0, 0x3F, 0x03, 0xF8, 0x3F, 0x83, 0xDC, 0x3C, 0xC3, 0xCE, 0x3C, 0x73, 0xC7, 0x3C, 0x3B, 0xC1,
    0xBC, 0x1F, 0xC0, 0xFC, 0x0F, 0x00, 0x30, 0x3F, 0x03, 0xE0, 0xDF, 0x7F, 0xF8, 0xF8, 0x7C, 0x1E,
    0x0F, 0x07, 0x83, 0xC1, 0xE0, 0xF0, 0x60, 0x30, 0xF8, 0x78, 0x0F, 0xC0, 0x3F, 0x00, 0x00, 0x00,
    0x00, 0x1F, 0xE0, 0xFF, 0xC7, 0x87, 0xB8, 0x06, 0xE0, 0x1F, 0x00, 0x7C, 0x00, 0xF0, 0x03, 0xC0,
    0x1F, 0x80, 0x7E, 0x01, 0x9E, 0x1E, 0x3F, 0xF0, 0x7F, 0x80, 0x3F, 0x0F, 0xC0, 0x00, 0xFC, 0x7F,
    0xB8, 0x7E, 0x1F, 0x03, 0xC0, 0xF0, 0x3E, 0x1F, 0x87, 0x7F, 0x8F, 0xC0, 0x03, 0xE0, 0x1F, 0x00,
    0xFC, 0x00, 0x00, 0x00, 0x00, 0x7F, 0x83, 0xFF, 0x1E, 0x1E, 0xE0, 0x1B, 0x80, 0x7C, 0x01, 0xF0,
    0x03, 0xC0, 0x0F, 0x00, 0x7E, 0x01, 0xF8, 0x06, 0x78, 0x78, 0xFF, 0xC1, 0xFE, 0x00, 0x0F, 0x87,
    0xC1, 0xF0, 0xFC, 0x7F, 0xB8, 0x7E, 0x1F, 0x03, 0xC0, 0xF0, 0x3E, 0x1F, 0x87, 0x7F, 0x8F, 0xC0,
    0x1F, 0xEF, 0xF9, 0xFF, 0xFF, 0xDE, 0x1F, 0x01, 0xC0, 0x38, 0x0E, 0x01, 0xC0, 0x60, 0x0F, 0xFB,
    0x00, 0x3F, 0xD8, 0x01, 0x80, 0xC0, 0x1C, 0x07, 0x00, 0xE0, 0x38, 0x07, 0x00, 0xF0, 0xF8, 0x03,
    0xFF, 0xFF, 0x8F, 0xF7, 0xFC, 0x3F, 0x3F, 0x1F, 0xFF, 0xEE, 0x1E, 0x1F, 0x87, 0x83, 0xC0, 0xFF,
    0xF0, 0x3F, 0xFC, 0x0C, 0x03, 0x87, 0x83, 0xE1, 0xE1, 0xDF, 0xFF, 0xE3, 0xF3, 0xF0, 0x07, 0x00,
    0xC0, 0x38, 0x00, 0x00, 0x01, 0xFF, 0x3F, 0xF6, 0x07, 0xC0, 0x78, 0x0F, 0x03, 0xFF, 0xEF, 0xFD,
    0x83, 0xF0, 0x3E, 0x07, 0xC0, 0x78, 0x0F, 0x01, 0x80, 0x18, 0xE3, 0x3F, 0xFF, 0x8C, 0x30, 0xC3,
    0x0C, 0x30, 0xC3, 0x00, 0xFF, 0x9F, 0xFB, 0x07, 0x60, 0x6C, 0x0D, 0x83, 0xBF, 0xE7, 0xFC, 0xC1,
    0xD8, 0x1B, 0x03, 0x60, 0x6C, 0x0F, 0x81, 0xC0, 0x00, 0x60, 0x0C, 0x01, 0x80, 0x30, 0x00, 0x7E,
    0xFD, 0xC3, 0x06, 0x0C, 0x18, 0x30, 0x60, 0xC1, 0x80, 0x06, 0x0C, 0x18, 0x60, 0x33, 0x03, 0xE0,
    0x78, 0x00, 0x00, 0x01, 0xFF, 0x3F, 0xF6, 0x07, 0xC0, 0x78, 0x0F, 0x03, 0xFF, 0xEF, 0xFD, 0x83,
    0xF0, 0x3E, 0x07, 0xC0, 0x78, 0x0F, 0x01, 0x80, 0x6C, 0x78, 0x03, 0xF7, 0xEE, 0x18, 0x30, 0x60,
    0xC1, 0x83, 0x06, 0x0C, 0x00, 0x03, 0x80, 0x30, 0x06, 0x00, 0x00, 0x00, 0x01, 0xF8, 0x7F, 0xE7,
    0x0E, 0x60, 0x76, 0x07, 0x7C, 0x03, 0xF8, 0x0F, 0xE0, 0x0F, 0xE0, 0x76, 0x03, 0x70, 0x73, 0xFE,
    0x1F, 0xC0, 0x07, 0x01, 0x80, 0xE0, 0xFC, 0x7F, 0x9C, 0x76, 0x0D, 0xE0, 0x3F, 0x83, 0xFE, 0x1F,
    0x87, 0x7F, 0xCF, 0xE0, 0x0F, 0x00, 0xF0, 0x19, 0x80, 0x00, 0x00, 0x01, 0xF8, 0x7F, 0xE7, 0x0E,
    0x60, 0x76, 0x07, 0x7C, 0x03, 0xF8, 0x0F, 0xE0, 0x0F, 0xE0, 0x76, 0x03, 0x70, 0x73, 0xFE, 0x1F,
    0xC0, 0x1E, 0x0F, 0xC0, 0x00, 0xFC, 0x7F, 0x9C, 0x76, 0x0D, 0xE0, 0x3F, 0x83, 0xFE, 0x1F, 0x87,
    0x7F, 0xCF, 0xE0, 0x1F, 0x87, 0xFE, 0x70, 0xE6, 0x07, 0x60, 0x37, 0xC0, 0x3F, 0x80, 0xFE, 0x00,
    0xFE, 0x07, 0x60, 0x37, 0x07, 0x3F, 0xE1, 0xFC, 0x07, 0x00, 0x78, 0x1B, 0x80, 0xF8, 0x3F, 0x1F,
    0xE7, 0x1D, 0x83, 0x78, 0x0F, 0xE0, 0xFF, 0x87, 0xE1, 0xDF, 0xF3, 0xF8, 0x38, 0x0F, 0x0D, 0xC1,
    0xF0, 0x19, 0x80, 0xF0, 0x0F, 0x00, 0x00, 0x00, 0x01, 0xF8, 0x7F, 0xE7, 0x0E, 0x60, 0x76, 0x07,
    0x7C, 0x03, 0xF8, 0x0F, 0xE0, 0x0F, 0xE0, 0x76, 0x03, 0x70, 0x73, 0xFE, 0x1F, 0xC0, 0x3B, 0x07,
    0x80, 0x00, 0xFC, 0x7F, 0x9C, 0x76, 0x0D, 0xE0, 0x3F, 0x83, 0xFE, 0x1F, 0x87, 0x7F, 0xCF, 0xE0,
    0xFF, 0xFF, 0xFC, 0x18, 0x03, 0x00, 0x60, 0x0C, 0x01, 0x80, 0x30, 0x06, 0x00, 0xC0, 0x18, 0x03,
    0x00, 0x60, 0x0C, 0x03, 0x80, 0x38, 0x1B, 0x03, 0xE0, 0x30, 0xC3, 0x3F, 0xFC, 0xC3, 0x0C, 0x30,
    0xC3, 0x0C, 0x3C, 0xF1, 0x87, 0x6C, 0xF0, 0x19, 0x83, 0xE0, 0x3C, 0x00, 0x00, 0x01, 0xFF, 0xFF,
    0xF8, 0x30, 0x06, 0x00, 0xC0, 0x18, 0x03, 0x00, 0x60, 0x0C, 0x01, 0x80, 0x30, 0x06, 0x00, 0xC0,
    0x18, 0x00, 0x06, 0x06, 0x36, 0x34, 0xFC, 0xFC, 0x30, 0x30, 0x30, 0x30, 0x30, 0x30, 0x30, 0x3C,
    0x3C, 0xFF, 0xFF, 0xFC, 0x18, 0x03, 0x00, 0x60, 0x0C, 0x0F, 0xF1, 0xFE, 0x06, 0x00, 0xC0, 0x18,
    0x03, 0x00, 0x60, 0x0C, 0x00, 0x18, 0x30, 0x63, 0xF7, 0xE3, 0x06, 0x0C, 0x7E, 0xFC, 0x60, 0xC1,
    0xE3, 0xC0, 0x1D, 0x87, 0xF0, 0xDC, 0x00, 0x00, 0x01, 0x80, 0xF0, 0x1E, 0x03, 0xC0, 0x78, 0x0F,
    0x01, 0xE0, 0x3C, 0x07, 0x80, 0xF0, 0x1F, 0x07, 0xF1, 0xEF, 0xF8, 0xFE, 0x00, 0x7E, 0x00, 0x00,
    0x18, 0x3C, 0x1E, 0x0F, 0x07, 0x83, 0xC1, 0xE0, 0xF0, 0xFC, 0x7F, 0xFB, 0xEC, 0x1F, 0x83, 0xF0,
    0x00, 0x00, 0x0C, 0x07, 0x80, 0xF0, 0x1E, 0x03, 0xC0, 0x78, 0x0F, 0x01, 0xE0, 0x3C, 0x07, 0x80,
    0xF8, 0x3F, 0x8F, 0x7F, 0xC7, 0xF0, 0x7E, 0x3F, 0x00, 0x18, 0x3C, 0x1E, 0x0F, 0x07, 0x83, 0xC1,
    0xE0, 0xF0, 0xFC, 0x7F, 0xFB, 0xEC, 0x19, 0x83, 0xF0, 0x3C, 0x00, 0x00, 0x01, 0x80, 0xF0, 0x1E,
    0x03, 0xC0, 0x78, 0x0F, 0x01, 0xE0, 0x3C, 0x07, 0x80, 0xF0, 0x1F, 0x07, 0xF1, 0xEF, 0xF8, 0xFE,
    0x00, 0x7E, 0x1E, 0x00, 0x18, 0x3C, 0x1E, 0x0F, 0x07, 0x83, 0xC1, 0xE0, 0xF0, 0xFC, 0x7F, 0xFB,
    0xEC, 0x0E, 0x01, 0xC0, 0x38, 0x00, 0x00, 0x01, 0x80, 0xF0, 0x1E, 0x03, 0xC0, 0x78, 0x0F, 0x01,
    0xE0, 0x3C, 0x07, 0x80, 0xF0, 0x1F, 0x07, 0xF1, 0xEF, 0xF8, 0xFE, 0x00, 0x3C, 0x1E, 0x0F, 0x07,
    0x80, 0x06, 0x0F, 0x07, 0x83, 0xC1, 0xE0, 0xF0, 0x78, 0x3C, 0x3F, 0x1F, 0xFE, 0xFB, 0x0F, 0x81,
    0xF0, 0x7C, 0x00, 0x00, 0x01, 0x80, 0xF0, 0x1E, 0x03, 0xC0, 0x78, 0x0F, 0x01, 0xE0, 0x3C, 0x07,
    0x80, 0xF0, 0x1F, 0x07, 0xF1, 0xEF, 0xF8, 0xFE, 0x00, 0x1F, 0x1F, 0x8D, 0x98, 0x3C, 0x1E, 0x0F,
    0x07, 0x83, 0xC1, 0xE0, 0xF0, 0xFC, 0x7F, 0xFB, 0xEC, 0xC0, 0x78, 0x0F, 0x01, 0xE0, 0x3C, 0x07,
    0x80, 0xF0, 0x1E, 0x03, 0xC0, 0x78, 0x0F, 0x83, 0xF8, 0xF7, 0xFC, 0x7F, 0x01, 0xC0, 0x30, 0x07,
    0x80, 0xF0, 0xC1, 0xB0, 0x6C, 0x1B, 0x06, 0xC1, 0xB0, 0x6C, 0x1B, 0x0E, 0xE3, 0xBF, 0xE7, 0xD8,
    0x0E, 0x03, 0x01, 0xF0, 0x3C, 0x00, 0xE0, 0x00, 0x1E, 0x00, 0x06, 0xE0, 0x00, 0x00, 0x00, 0x00,
    0x00, 0xC1, 0xC1, 0xDC, 0x3C, 0x3B, 0x87, 0x87, 0x70, 0xF0, 0xC6, 0x3E, 0x38, 0xE7, 0xE7, 0x1C,
    0xDC, 0xC1, 0xB9, 0x98, 0x37, 0x37, 0x07, 0xE7, 0xE0, 0xF8, 0xF8, 0x0F, 0x0F, 0x01, 0xE1, 0xE0,
    0x38, 0x3C, 0x00, 0x01, 0xC0, 0x01, 0xB0, 0x00, 0x00, 0x1C, 0x38, 0x76, 0x1C, 0x3B, 0x1F, 0x19,
    0xCF, 0x9C, 0xE6, 0xCE, 0x33, 0x66, 0x1F, 0xBF, 0x0F, 0x8F, 0x83, 0xC7, 0x81, 0xE3, 0xC0, 0xF1,
    0xE0, 0x07, 0x00, 0x1E, 0x00, 0xDC, 0x00, 0x00, 0x00, 0x01, 0xC0, 0xE7, 0x03, 0x8E, 0x1C, 0x18,
    0xE0, 0x73, 0x80, 0xFC, 0x03, 0xE0, 0x07, 0x80, 0x0C, 0x00, 0x30, 0x00, 0xC0, 0x03, 0x00, 0x0C,
    0x00, 0x30, 0x00, 0x0E, 0x03, 0x60, 0x00, 0x70, 0x7E, 0x0C, 0xC3, 0x9C, 0x71, 0x8C, 0x3B, 0x87,
    0x70, 0x6C, 0x0F, 0x81, 0xF0, 0x1C, 0x03, 0x81, 0xE0, 0x3C, 0x00, 0x0C, 0xC0, 0x33, 0x00, 0x00,
    0x00, 0x00, 0x60, 0x39, 0xC0, 0xE3, 0x87, 0x0E, 0x38, 0x1C, 0xE0, 0x3F, 0x00, 0xF8, 0x01, 0xE0,
    0x03, 0x00, 0x0C, 0x00, 0x30, 0x00, 0xC0, 0x03, 0x00, 0x0C, 0x00, 0x07, 0x01, 0x80, 0xE0, 0x00,
    0x00, 0x3F, 0xFF, 0xFC, 0x07, 0x03, 0x81, 0xC0, 0x70, 0x38, 0x1C, 0x0E, 0x03, 0x01, 0xC0, 0xE0,
    0x3F, 0xFF, 0xFC, 0x06, 0x07, 0x03, 0x1F, 0xFF, 0xF8, 0x1C, 0x1C, 0x1C, 0x1C, 0x1C, 0x1C, 0x1C,
    0x0F, 0xFF, 0xFC, 0x0C, 0x03, 0x00, 0x00, 0x00, 0xFF, 0xFF, 0xF0, 0x1C, 0x0E, 0x07, 0x01, 0xC0,
    0xE0, 0x70, 0x38, 0x0C, 0x07, 0x03, 0x80, 0xFF, 0xFF, 0xF0, 0x0C, 0x06, 0x00, 0x1F, 0xFF, 0xF8,
    0x1C, 0x1C, 0x1C, 0x1C, 0x1C, 0x1C, 0x1C, 0x0F, 0xFF, 0xFC, 0x33, 0x07, 0xC1, 0xE0, 0x00, 0x00,
    0x3F, 0xFF, 0xFC, 0x07, 0x03, 0x81, 0xC0, 0x70, 0x38, 0x1C, 0x0E, 0x03, 0x01, 0xC0, 0xE0, 0x3F,
    0xFF, 0xFC, 0x37, 0x0F, 0x00, 0x1F, 0xFF, 0xF8, 0x1C, 0x1C, 0x1C, 0x1C, 0x1C, 0x1C, 0x1C, 0x0F,
    0xFF, 0xFC, 0x00, 0x38, 0x00, 0x60, 0x01, 0x80, 0x0E, 0x1F, 0xF0, 0xFF, 0xC7, 0x87, 0xB8, 0x06,
    0xE0, 0x1F, 0x00, 0x7C, 0x00, 0xF0, 0x03, 0xC0, 0x1F, 0x80, 0x7E, 0x01, 0x9E, 0x1E, 0x3F, 0xF0,
    0x7F, 0x80, 0x00, 0xC0, 0x30, 0x0C, 0xFF, 0x7F, 0xB8, 0x7E, 0x1F, 0x03, 0xC0, 0xF0, 0x3E, 0x1F,
    0x87, 0x7F, 0x8F, 0xC0, 0x00, 0x18, 0x00, 0xC0, 0x06, 0x00, 0x3C, 0x07, 0xE0, 0x33, 0x01, 0x98,
    0x0C, 0xC0, 0x66, 0x03, 0x30, 0x19, 0x80, 0xCC, 0x06, 0x60, 0x33, 0x83, 0x9E, 0x3C, 0x7F, 0xC1,
    0xFC, 0x00, 0x00, 0x60, 0x0C, 0x03, 0xE0, 0xFC, 0x19, 0x83, 0x30, 0x66, 0x0C, 0xC1, 0x98, 0x33,
    0x0E, 0x71, 0xCF, 0xF8, 0xFB, 0x00, 0x0C, 0xC0, 0x3F, 0x00, 0x78, 0x00, 0x00, 0x00, 0x00, 0x1E,
    0x00, 0x78, 0x03, 0xF0, 0x0F, 0xC0, 0x33, 0x01, 0xCE, 0x06, 0x38, 0x18, 0x60, 0xFF, 0xC3, 0xFF,
    0x1C, 0x0E, 0x70, 0x39, 0x80, 0x6E, 0x01, 0xC0, 0x37, 0x07, 0x80, 0x00, 0xFC, 0x7F, 0xB8, 0xEC,
    0x18, 0x3E, 0x7F, 0xBE, 0x6C, 0x1B, 0x0E, 0xFF, 0xDF, 0x70, 0x1F, 0xC0, 0xFF, 0xC7, 0x87, 0xB8,
    0x0E, 0xE0, 0x1B, 0x00, 0x0C, 0x1F, 0xB0, 0x7E, 0xC0, 0x1B, 0x87, 0xFE, 0x1F, 0xDC, 0x1C, 0x3F,
    0xE0, 0x7F, 0x00, 0x3E, 0xCF, 0xFB, 0x87, 0x60, 0xEC, 0xFF, 0x9F, 0xF0, 0x77, 0x1E, 0x7F, 0xC7,
    0xDB, 0x03, 0x70, 0xE7, 0xF8, 0x7E, 0x00, 0x0D, 0x80, 0x7C, 0x01, 0xC0, 0x00, 0x00, 0x00, 0x0F,
    0xE0, 0xFF, 0xCE, 0x0E, 0xE0, 0x3F, 0x00, 0xF0, 0x01, 0x87, 0xFC, 0x3F, 0xE0, 0x1F, 0x80, 0xFC,
    0x07, 0x70, 0xF9, 0xFF, 0xC7, 0xE6, 0x3F, 0x07, 0x80, 0x00, 0xFB, 0x7F, 0xF8, 0xFC, 0x1F, 0x03,
    0xC0, 0xF0, 0x7E, 0x3D, 0xFF, 0x3E, 0xF0, 0x3E, 0x1D, 0xFE, 0x3F, 0x00, 0x33, 0x03, 0xF0, 0x1E,
    0x00, 0x00, 0x00, 0x0C, 0x0E, 0xC1, 0xCC, 0x38, 0xC7, 0x0C, 0xE0, 0xDC, 0x0F, 0xC0, 0xFE, 0x0E,
    0xE0, 0xC7, 0x0C, 0x38, 0xC1, 0xCC, 0x1C, 0xC0, 0xE0, 0xCC, 0x0F, 0x80, 0x78, 0x00, 0x00, 0x30,
    0x03, 0x00, 0x30, 0x03, 0x0F, 0x31, 0xE3, 0x3C, 0x33, 0x83, 0x70, 0x3F, 0x03, 0xF8, 0x39, 0xC3,
    0x1C, 0x30, 0xE3, 0x07, 0x1F, 0x87, 0xFE, 0x70, 0xE6, 0x07, 0x60, 0x77, 0xC0, 0x3F, 0x80, 0xFE,
    0x00, 0xFE, 0x07, 0x60, 0x37, 0x07, 0x3F, 0xE1, 0xFC, 0x00, 0x00, 0x60, 0x06, 0x00, 0x60, 0x06,
    0x00, 0x3F, 0x1F, 0xE7, 0x1D, 0x83, 0x78, 0x0F, 0xE0, 0xFF, 0x87, 0xE1, 0xDF, 0xF3, 0xF8, 0x00,
    0x0C, 0x03, 0x00, 0xC0, 0x30, 0xFF, 0xFF, 0xFC, 0x18, 0x03, 0x00, 0x60, 0x0C, 0x01, 0x80, 0x30,
    0x06, 0x00, 0xC0, 0x18, 0x03, 0x00, 0x60, 0x0C, 0x00, 0x00, 0x30, 0x06, 0x00, 0xC0, 0x30, 0x00,
    0x30, 0xCF, 0xFF, 0x30, 0xC3, 0x0C, 0x30, 0xC3, 0x0F, 0x3C, 0x01, 0x86, 0x18, 0x60, 0x63, 0x8C,
    0x33, 0x98, 0x38, 0x79, 0xB8, 0xF7, 0xF8, 0xFF, 0xF0, 0xCF, 0xF7, 0x80, 0xF0, 0xCF, 0x30, 0xF7,
    0x70, 0xFF, 0xFF, 0x3E, 0xFD, 0xF0, 0x66, 0xF8, 0xF0, 0x5B, 0x60, 0x01, 0xC6, 0x77, 0x80, 0xF0,
    0x6D, 0xE0, 0x30, 0xE1, 0xF7, 0x7C, 0x6E, 0xCF, 0xF0, 0xFF, 0xF0, 0xFF, 0xFF, 0xFF, 0xF0, 0x09,
    0xFD, 0x80, 0x00, 0xC0, 0x18, 0x06, 0x01, 0xC0, 0x30, 0x0C, 0x03, 0x80, 0xE0, 0x18, 0x06, 0x01,
    0xC0, 0x30, 0x00, 0x38, 0x06, 0x01, 0xC0, 0x00, 0x00, 0x3F, 0xFF, 0xFF, 0x00, 0xC0, 0x30, 0x0C,
    0x03, 0xFE, 0xFF, 0xB0, 0x0C, 0x03, 0x00, 0xC0, 0x3F, 0xFF, 0xFC, 0x36, 0x0D, 0x80, 0x00, 0x00,
    0xFF, 0xFF, 0xFC, 0x03, 0x00, 0xC0, 0x30, 0x0F, 0xFB, 0xFE, 0xC0, 0x30, 0x0C, 0x03, 0x00, 0xFF,
    0xFF, 0xF0, 0xFF, 0xE1, 0xFF, 0xC0, 0x30, 0x00, 0x60, 0x00, 0xDF, 0x81, 0xFF, 0x83, 0xC3, 0x86,
    0x03, 0x0C, 0x06, 0x18, 0x0C, 0x30, 0x18, 0x60, 0x70, 0xCF, 0xC1, 0x9F, 0x00, 0x0E, 0x06, 0x07,
    0x00, 0x00, 0x07, 0xFF, 0xFF, 0x80, 0xC0, 0x60, 0x30, 0x18, 0x0C, 0x06, 0x03, 0x01, 0x80, 0xC0,
    0x60, 0x30, 0x00, 0x1F, 0xE0, 0xFF, 0xC7, 0x07, 0xB8, 0x0E, 0xE0, 0x1B, 0xFE, 0x0F, 0xF8, 0x30,
    0x00, 0xE0, 0x1B, 0x80, 0x6F, 0x03, 0x9E, 0x1C, 0x3F, 0xE0, 0x7F, 0x00, 0x1F, 0x87, 0xFE, 0x70,
    0xE6, 0x07, 0x60, 0x77, 0xC0, 0x3F, 0x80, 0xFE, 0x00, 0xFE, 0x07, 0x60, 0x37, 0x07, 0x3F, 0xE1,
    0xFC, 0xFF, 0xFF, 0xFF, 0xF0, 0xDE, 0xC0, 0x06, 0x31, 0x8C, 0x63, 0x18, 0xC6, 0x31, 0x8C, 0x63,
    0x00, 0x00, 0xC0, 0x30, 0x0C, 0x03, 0x00, 0xC0, 0x30, 0x0C, 0x03, 0x00, 0xF0, 0x3C, 0x1F, 0x87,
    0x7F, 0x8F, 0xC0, 0x3F, 0xF0, 0x01, 0xFF, 0x80, 0x0E, 0x0C, 0x00, 0x70, 0x60, 0x03, 0x03, 0x00,
    0x18, 0x1F, 0xF0, 0xC0, 0xFF, 0xC6, 0x06, 0x07, 0x30, 0x30, 0x39, 0x81, 0x80, 0xDC, 0x0C, 0x0E,
    0xE0, 0x60, 0x7E, 0x03, 0xFF, 0x70, 0x1F, 0xF0, 0xC0, 0x60, 0x0C, 0x06, 0x00, 0xC0, 0x60, 0x0C,
    0x06, 0x00, 0xC0, 0x60, 0x0C, 0x07, 0xF8, 0xFF, 0xFF, 0xEF, 0xFE, 0x0F, 0xC0, 0x60, 0x7C, 0x06,
    0x03, 0xC0, 0x60, 0x7C, 0x06, 0x07, 0xC0, 0x7F, 0xEC, 0x07, 0xFC, 0xFF, 0xE0, 0xFF, 0xE0, 0x0C,
    0x00, 0x0C, 0x00, 0x0C, 0xF8, 0x0F, 0xFE, 0x0F, 0x8F, 0x0E, 0x07, 0x0C, 0x03, 0x0C, 0x03, 0x0C,
    0x03, 0x0C, 0x03, 0x0C, 0x03, 0x0C, 0x03, 0x07, 0x00, 0xC0, 0x38, 0x00, 0x00, 0x01, 0x83, 0xF0,
    0xF6, 0x1C, 0xC7, 0x19, 0xC3, 0x70, 0x7C, 0x0F, 0x81, 0xB8, 0x33, 0x86, 0x38, 0xC3, 0x98, 0x3B,
    0x03, 0x80, 0x1C, 0x00, 0xC0, 0x0E, 0x00, 0x00, 0x00, 0x0C, 0x07, 0xC0, 0xFC, 0x1F, 0xC1, 0xBC,
    0x3B, 0xC3, 0x3C, 0x73, 0xCE, 0x3C, 0xC3, 0xDC, 0x3F, 0x83, 0xF8, 0x3F, 0x03, 0xE0, 0x30, 0x19,
    0x80, 0xEC, 0x03, 0xE0, 0x00, 0x00, 0x00, 0x70, 0x1D, 0x81, 0xCE, 0x0E, 0x30, 0x61, 0xC7, 0x06,
    0x30, 0x3B, 0x80, 0xD8, 0x07, 0xC0, 0x1C, 0x00, 0xE0, 0x06, 0x01, 0xF0, 0x0F, 0x00, 0xC0, 0x78,
    0x0F, 0x01, 0xE0, 0x3C, 0x07, 0x80, 0xF0, 0x1E, 0x03, 0xC0, 0x78, 0x0F, 0x01, 0xE0, 0x3F, 0xFF,
    0xFF, 0xC1, 0x80, 0x30, 0x06, 0x00, 0x07, 0x80, 0x1E, 0x00, 0xFC, 0x03, 0xF0, 0x0C, 0xC0, 0x73,
    0x81, 0x8E, 0x06, 0x18, 0x3F, 0xF0, 0xFF, 0xC7, 0x03, 0x9C, 0x0E, 0x60, 0x1B, 0x80, 0x70, 0xFF,
    0xDF, 0xFB, 0x00, 0x60, 0x0C, 0x01, 0xFE, 0x3F, 0xF6, 0x0F, 0xC0, 0xF8, 0x0F, 0x03, 0xE0, 0x7F,
    0xFD, 0xFF, 0x00, 0xFF, 0x9F, 0xFB, 0x07, 0x60, 0x6C, 0x0D, 0x87, 0xBF, 0xE7, 0xFE, 0xC0, 0xF8,
    0x0F, 0x01, 0xE0, 0x7F, 0xFF, 0xFF, 0x80, 0xFF, 0xFF, 0xF0, 0x18, 0x0C, 0x06, 0x03, 0x01, 0x80,
    0xC0, 0x60, 0x30, 0x18, 0x0C, 0x06, 0x00, 0x0F, 0xF8, 0x7F, 0xE1, 0xC1, 0x87, 0x06, 0x1C, 0x18,
    0x70, 0x61, 0x81, 0x86, 0x06, 0x18, 0x18, 0x60, 0x63, 0x81, 0x8E, 0x06, 0xFF, 0xFF, 0xFF, 0xFC,
    0x00, 0xF0, 0x03, 0xC0, 0x0C, 0xFF, 0xFF, 0xFC, 0x03, 0x00, 0xC0, 0x30, 0x0F, 0xFB, 0xFE, 0xC0,
    0x30, 0x0C, 0x03, 0x00, 0xFF, 0xFF, 0xF0, 0x70, 0x60, 0xE7, 0x0C, 0x38, 0x71, 0x8E, 0x07, 0x33,
    0x80, 0x76, 0xE0, 0x0E, 0xF8, 0x00, 0xFF, 0x00, 0x1F, 0xE0, 0x07, 0x7C, 0x01, 0xCD, 0xC0, 0x39,
    0x9C, 0x0E, 0x31, 0xC3, 0x86, 0x1C, 0xE0, 0xC1, 0xC0, 0x1F, 0xC7, 0xFE, 0x70, 0x76, 0x03, 0x00,
    0x70, 0xFE, 0x0F, 0xE0, 0x0F, 0x00, 0x76, 0x03, 0x60, 0x77, 0x07, 0x3F, 0xE1, 0xFC, 0xC0, 0x7C,
    0x0F, 0xC1, 0xFC, 0x1B, 0xC3, 0xBC, 0x33, 0xC7, 0x3C, 0xE3, 0xCC, 0x3D, 0xC3, 0xF8, 0x3F, 0x83,
    0xF0, 0x3E, 0x03, 0x31, 0x83, 0xB8, 0x1F, 0x00, 0x00, 0x00, 0x0C, 0x07, 0xC0, 0xFC, 0x1F, 0xC1,
    0xBC, 0x3B, 0xC3, 0x3C, 0x73, 0xCE, 0x3C, 0xC3, 0xDC, 0x3F, 0x83, 0xF8, 0x3F, 0x03, 0xE0, 0x30,
    0xC1, 0xF8, 0x7B, 0x0E, 0x63, 0x8C, 0xE1, 0xB8, 0x3E, 0x07, 0xC0, 0xDC, 0x19, 0xC3, 0x1C, 0x61,
    0xCC, 0x1D, 0x81, 0xC0, 0x3F, 0xF3, 0xFF, 0x38, 0x33, 0x83, 0x30, 0x33, 0x03, 0x30, 0x33, 0x03,
    0x30, 0x33, 0x03, 0x70, 0x37, 0x03, 0xE0, 0x3E, 0x03, 0xE0, 0x0F, 0xE0, 0x3F, 0xC0, 0x7F, 0x81,
    0xFF, 0x83, 0xFF, 0x06, 0xF7, 0x1D, 0xEE, 0x3B, 0xCC, 0xE7, 0x9D, 0xCF, 0x3B, 0x1E, 0x3E, 0x3C,
    0x7C, 0x78, 0x70, 0xC0, 0xC0, 0x78, 0x0F, 0x01, 0xE0, 0x3C, 0x07, 0x80, 0xFF, 0xFF, 0xFF, 0xC0,
    0x78, 0x0F, 0x01, 0xE0, 0x3C, 0x07, 0x80, 0xC0, 0x1F, 0xE0, 0xFF, 0xC7, 0x87, 0xB8, 0x06, 0xE0,
    0x1F, 0x00, 0x7C, 0x00, 0xF0, 0x03, 0xC0, 0x1F, 0x80, 0x7E, 0x01, 0x9E, 0x1E, 0x3F, 0xF0, 0x7F,
    0x80, 0xFF, 0xFF, 0xFF, 0x01, 0xE0, 0x3C, 0x07, 0x80, 0xF0, 0x1E, 0x03, 0xC0, 0x78, 0x0F, 0x01,
    0xE0, 0x3C, 0x07, 0x80, 0xC0, 0xFF, 0x9F, 0xFB, 0x03, 0xE0, 0x7C, 0x07, 0x81, 0xF0, 0x7F, 0xFE,
    0xFF, 0x18, 0x03, 0x00, 0x60, 0x0C, 0x01, 0x80, 0x00, 0x1F, 0xC1, 0xFF, 0x1C, 0x1D, 0xC0, 0x7E,
    0x03, 0xE0, 0x03, 0x00, 0x18, 0x00, 0xC0, 0x07, 0x01, 0xF8, 0x0E, 0xE0, 0xE3, 0xFE, 0x0F, 0xE0,
    0xFF, 0xFF, 0xFC, 0x18, 0x03, 0x00, 0x60, 0x0C, 0x01, 0x80, 0x30, 0x06, 0x00, 0xC0, 0x18, 0x03,
    0x00, 0x60, 0x0C, 0x00, 0xE0, 0x3B, 0x03, 0x9C, 0x1C, 0x60, 0xC3, 0x8E, 0x0C, 0x60, 0x77, 0x01,
    0xB0, 0x0F, 0x80, 0x38, 0x01, 0xC0, 0x0C, 0x03, 0xE0, 0x1E, 0x00, 0x01, 0x80, 0x1F, 0xF8, 0x7F,
    0xFE, 0xF1, 0x8E, 0xE1, 0x87, 0xC1, 0x87, 0xC1, 0x83, 0xC1, 0x87, 0xE1, 0x87, 0xF1, 0x8E, 0x7F,
    0xFE, 0x1F, 0xF8, 0x01, 0x80, 0x01, 0x80, 0xE0, 0x73, 0x83, 0x8E, 0x38, 0x73, 0x81, 0xDC, 0x07,
    0xC0, 0x3C, 0x01, 0xE0, 0x0F, 0x80, 0xEE, 0x0E, 0x70, 0x71, 0xC7, 0x07, 0x70, 0x38, 0xC0, 0x66,
    0x03, 0x30, 0x19, 0x80, 0xCC, 0x06, 0x60, 0x33, 0x01, 0x98, 0x0C, 0xC0, 0x66, 0x03, 0x30, 0x19,
    0x80, 0xCF, 0xFF, 0xFF, 0xFC, 0x00, 0x60, 0x03, 0x00, 0x18, 0xC0, 0x78, 0x0F, 0x01, 0xE0, 0x3C,
    0x07, 0x80, 0xF8, 0x3F, 0xFF, 0x7F, 0xE0, 0x0C, 0x01, 0x80, 0x30, 0x06, 0x00, 0xC0, 0xC1, 0x83,
    0xE0, 0xC1, 0xF0, 0x60, 0xF8, 0x30, 0x7C, 0x18, 0x3E, 0x0C, 0x1F, 0x06, 0x0F, 0x83, 0x07, 0xC1,
    0x83, 0xE0, 0xC1, 0xF0, 0x60, 0xF8, 0x30, 0x7F, 0xFF, 0xFF, 0xFF, 0xFC, 0xC1, 0x83, 0x30, 0x60,
    0xCC, 0x18, 0x33, 0x06, 0x0C, 0xC1, 0x83, 0x30, 0x60, 0xCC, 0x18, 0x33, 0x06, 0x0C, 0xC1, 0x83,
    0x30, 0x60, 0xCC, 0x18, 0x33, 0x06, 0x0C, 0xFF, 0xFF, 0xFF, 0xFF, 0xF0, 0x00, 0x0C, 0x00, 0x03,
    0x00, 0x00, 0xC0, 0xFC, 0x01, 0xF8, 0x00, 0x30, 0x00, 0x60, 0x00, 0xC0, 0x01, 0xFF, 0x03, 0xFF,
    0x06, 0x07, 0x0C, 0x0E, 0x18, 0x0C, 0x30, 0x38, 0x60, 0x70, 0xFF, 0xC1, 0xFF, 0x00, 0xC0, 0x0F,
    0x00, 0x3C, 0x00, 0xF0, 0x03, 0xC0, 0x0F, 0xFE, 0x3F, 0xFC, 0xF0, 0x3B, 0xC0, 0xEF, 0x01, 0xBC,
    0x0E, 0xF0, 0x3B, 0xFF, 0xCF, 0xFE, 0x30, 0xC0, 0x18, 0x03, 0x00, 0x60, 0x0C, 0x01, 0xFF, 0x3F,
    0xF6, 0x07, 0xC0, 0xF8, 0x0F, 0x03, 0xE0, 0x7F, 0xFD, 0xFF, 0x00, 0x0F, 0xE0, 0xFF, 0xC7, 0x83,
    0x9C, 0x07, 0x60, 0x1C, 0x00, 0x30, 0x7F, 0xC1, 0xFF, 0x60, 0x0D, 0x80, 0x77, 0x01, 0xCE, 0x1E,
    0x3F, 0xF0, 0x3F, 0x80, 0xC1, 0xFC, 0x63, 0xFF, 0x31, 0xC1, 0xD9, 0xC0, 0x7C, 0xE0, 0x3F, 0xF0,
    0x1F, 0xF0, 0x07, 0x98, 0x03, 0xCE, 0x03, 0xE7, 0x01, 0xF3, 0x80, 0xF8, 0xE0, 0xEC, 0x3F, 0xE6,
    0x0F, 0xE0, 0x1F, 0xF7, 0xFF, 0x70, 0x36, 0x03, 0x60, 0x37, 0x03, 0x7F, 0xF1, 0xFF, 0x0E, 0x31,
    0xC3, 0x18, 0x33, 0x83, 0x70, 0x37, 0x03, 0x3F, 0x1F, 0xEE, 0x3B, 0x06, 0x0F, 0x9F, 0xEF, 0x9B,
    0x06, 0xC3, 0xBF, 0xF7, 0xDC, 0x03, 0x87, 0xE7, 0xE3, 0x80, 0xFF, 0x3F, 0xEE, 0x1F, 0x87, 0xC0,
    0xF0, 0x3C, 0x1F, 0x87, 0x7F, 0x8F, 0xC0, 0xFF, 0x7F, 0xF0, 0xF8, 0x3C, 0x3F, 0xFB, 0xFF, 0x83,
    0xC1, 0xFF, 0xFF, 0xC0, 0xFF, 0xFF, 0xC0, 0xC0, 0xC0, 0xC0, 0xC0, 0xC0, 0xC0, 0xC0, 0xC0, 0x1F,
    0xC1, 0xFC, 0x18, 0xC1, 0x8C, 0x18, 0xC1, 0x8C, 0x38, 0xC3, 0x8C, 0x30, 0xCF, 0xFF, 0xFF, 0xFC,
    0x03, 0xC0, 0x3C, 0x03, 0x3F, 0x1F, 0xEE, 0x1F, 0x07, 0xFF, 0xFF, 0xFC, 0x03, 0x03, 0xE1, 0xDF,
    0xE3, 0xF0, 0x70, 0xC3, 0x9C, 0x63, 0x87, 0x33, 0x81, 0xDB, 0x80, 0x7F, 0x80, 0x1F, 0x80, 0x1F,
    0xE0, 0x1D, 0xB8, 0x1C, 0xCE, 0x1C, 0x63, 0x9C, 0x30, 0xE0, 0x3F, 0x9F, 0xF6, 0x1C, 0x07, 0x0F,
    0xC3, 0xE0, 0x1D, 0x83, 0x71, 0xDF, 0xF3, 0xF8, 0xC3, 0xE1, 0xF1, 0xF9, 0xFC, 0xDE, 0xEF, 0x67,
    0xE3, 0xF1, 0xF0, 0xF8, 0x60, 0x77, 0x1F, 0x00, 0x18, 0x7C, 0x3E, 0x3F, 0x3F, 0x9B, 0xDD, 0xEC,
    0xFC, 0x7E, 0x3E, 0x1F, 0x0C, 0xC3, 0xB1, 0xCC, 0xE3, 0x70, 0xF8, 0x3C, 0x0F, 0x83, 0x70, 0xCE,
    0x31, 0xCC, 0x38, 0x3F, 0xCF, 0xF3, 0x0C, 0xC3, 0x70, 0xDC, 0x37, 0x0D, 0x83, 0x60, 0xF8, 0x3E,
    0x0C, 0xE0, 0xFC, 0x1F, 0xC7, 0xF8, 0xFF, 0x1F, 0xF7, 0xF6, 0xDE, 0xDB, 0xDF, 0x79, 0xCF, 0x39,
    0x80, 0xC1, 0xE0, 0xF0, 0x78, 0x3F, 0xFF, 0xFF, 0x07, 0x83, 0xC1, 0xE0, 0xF0, 0x60, 0x3F, 0x1F,
    0xEE, 0x1F, 0x87, 0xC0, 0xF0, 0x3C, 0x0F, 0x87, 0xE1, 0xDF, 0xE3, 0xF0, 0xFF, 0xFF, 0xF0, 0x78,
    0x3C, 0x1E, 0x0F, 0x07, 0x83, 0xC1, 0xE0, 0xF0, 0x60, 0xDF, 0x3F, 0xEE, 0x3F, 0x87, 0xC1, 0xF0,
    0x3C, 0x1F, 0x87, 0xE3, 0xFF, 0xEF, 0xF3, 0x00, 0xC0, 0x30, 0x00, 0x3F, 0x1F, 0xEE, 0x1F, 0x87,
    0xC0, 0x30, 0x0C, 0x03, 0x87, 0xE1, 0xDF, 0xE3, 0xF0, 0xFF, 0xFF, 0xF0, 0xC0, 0x30, 0x0C, 0x03,
    0x00, 0xC0, 0x30, 0x0C, 0x03, 0x00, 0xC0, 0xE0, 0xFC, 0x19, 0x87, 0x38, 0xE3, 0x18, 0x77, 0x0E,
    0xE0, 0xD8, 0x1F, 0x03, 0xE0, 0x38, 0x07, 0x03, 0xC0, 0x78, 0x00, 0x03, 0x00, 0x0C, 0x00, 0x30,
    0x0F, 0xF8, 0x7F, 0xFB, 0xCC, 0xEE, 0x31, 0xF0, 0xC3, 0xC3, 0x0F, 0x0C, 0x3E, 0x31, 0xFC, 0xCE,
    0x7F, 0xF8, 0xFF, 0x80, 0x30, 0x00, 0xC0, 0x03, 0x00, 0x70, 0xE3, 0x9C, 0x19, 0xC1, 0xF8, 0x0F,
    0x00, 0xF0, 0x0F, 0x01, 0xF8, 0x39, 0xC3, 0x8E, 0x70, 0xE0, 0xC1, 0xB0, 0x6C, 0x1B, 0x06, 0xC1,
    0xB0, 0x6C, 0x1B, 0x06, 0xC1, 0xBF, 0xFF, 0xFC, 0x03, 0x00, 0xC0, 0x30, 0xC1, 0xE0, 0xF0, 0x78,
    0x3C, 0x1F, 0x1F, 0xFE, 0xFF, 0x01, 0x80, 0xC0, 0x60, 0xC3, 0x0F, 0x0C, 0x3C, 0x30, 0xF0, 0xC3,
    0xC3, 0x0F, 0x0C, 0x3C, 0x30, 0xF0, 0xC3, 0xC3, 0x0F, 0xFF, 0xFF, 0xFF, 0xC0, 0xC3, 0x0D, 0x86,
    0x1B, 0x0C, 0x36, 0x18, 0x6C, 0x30, 0xD8, 0x61, 0xB0, 0xC3, 0x61, 0x86, 0xC3, 0x0D, 0xFF, 0xFF,
    0xFF, 0xF8, 0x00, 0x30, 0x00, 0x60, 0x00, 0xC0, 0xF8, 0x1F, 0x00, 0x60, 0x0C, 0x01, 0xF8, 0x3F,
    0xC6, 0x38, 0xC3, 0x18, 0x63, 0xFC, 0x7F, 0x00, 0xC0, 0x78, 0x0F, 0x01, 0xE0, 0x3F, 0xE7, 0xFE,
    0xF0, 0xFE, 0x0F, 0xC3, 0xFF, 0xFF, 0xFD, 0x80, 0xC0, 0x60, 0x30, 0x18, 0x0F, 0xE7, 0xFB, 0x0F,
    0x83, 0xC3, 0xFF, 0xFF, 0xC0, 0x3F, 0x1F, 0xE7, 0x1D, 0x83, 0x0F, 0xC3, 0xF0, 0x0D, 0x87, 0x71,
    0xDF, 0xE3, 0xF0, 0xC3, 0xF3, 0x3F, 0xEC, 0xE3, 0xF3, 0x07, 0xFC, 0x1F, 0xF0, 0x3D, 0xC1, 0xF3,
    0x07, 0xCE, 0x3F, 0x1F, 0xEC, 0x3F, 0x00, 0x3F, 0xDF, 0xF7, 0x0D, 0x83, 0x70, 0xDF, 0xF3, 0xFC,
    0x63, 0x38, 0xDC, 0x37, 0x0C, 0x38, 0x07, 0x00, 0xC0, 0xFC, 0x7F, 0xB8, 0x7C, 0x1F, 0xFF, 0xFF,
    0xF0, 0x0C, 0x0F, 0x87, 0x7F, 0x8F, 0xC0, 0x33, 0x0C, 0xC0, 0x00, 0xFC, 0x7F, 0xB8, 0x7C, 0x1F,
    0xFF, 0xFF, 0xF0, 0x0C, 0x0F, 0x87, 0x7F, 0x8F, 0xC0, 0xFC, 0x3F, 0x06, 0x01, 0xBE, 0x7F, 0xDC,
    0x77, 0x0D, 0x83, 0x60, 0xD8, 0x36, 0x0D, 0x83, 0x60, 0xD8, 0x30, 0x0C, 0x0F, 0x03, 0xC0, 0x0C,
    0x1C, 0x18, 0xFF, 0xFF, 0xC0, 0xC0, 0xC0, 0xC0, 0xC0, 0xC0, 0xC0, 0xC0, 0xC0, 0x3F, 0x8F, 0xFB,
    0xC7, 0x70, 0x6F, 0xE1, 0xFC, 0x38, 0x07, 0x06, 0xF1, 0xCF, 0xF8, 0xFC, 0x00, 0x3F, 0x1F, 0xE7,
    0x1D, 0x83, 0x78, 0x0F, 0xE0, 0xFF, 0x87, 0xE1, 0xDF, 0xF3, 0xF8, 0xF3, 0xFF, 0xFF, 0xF0, 0xDE,
    0xC0, 0xC6, 0x31, 0x8C, 0x63, 0x18, 0xC6, 0x30, 0x33, 0x03, 0x33, 0x33, 0x33, 0x33, 0x33, 0x3F,
    0xF0, 0x3F, 0xC0, 0x1F, 0xE0, 0x0C, 0x30, 0x06, 0x18, 0x07, 0x0F, 0xF3, 0x87, 0xFD, 0xC3, 0x0E,
    0xC1, 0x83, 0x60, 0xC3, 0xF0, 0x7F, 0xF8, 0x3F, 0xC0, 0xC1, 0x80, 0xC1, 0x80, 0xC1, 0x80, 0xC1,
    0x80, 0xFF, 0xFC, 0xFF, 0xFE, 0xC1, 0x87, 0xC1, 0x83, 0xC1, 0x87, 0xC1, 0xFF, 0xC1, 0xFE, 0x30,
    0x1F, 0xC3, 0xF8, 0x1B, 0xE3, 0xFC, 0x71, 0xCC, 0x39, 0x83, 0x30, 0x66, 0x0C, 0xC1, 0x98, 0x33,
    0x06, 0x60, 0xC0, 0x0E, 0x03, 0x00, 0xC3, 0x0E, 0xC7, 0x33, 0x8D, 0xC3, 0xE0, 0xF0, 0x3E, 0x0D,
    0xC3, 0x38, 0xC7, 0x30, 0xE0, 0x30, 0x1C, 0x06, 0x18, 0x7C, 0x3E, 0x3F, 0x3F, 0x9B, 0xDD, 0xEC,
    0xFC, 0x7E, 0x3E, 0x1F, 0x0C, 0x3B, 0x83, 0xE0, 0x00, 0x70, 0x7E, 0x0C, 0xC3, 0x9C, 0x71, 0x8C,
    0x3B, 0x87, 0x70, 0x6C, 0x0F, 0x81, 0xF0, 0x1C, 0x03, 0x81, 0xE0, 0x3C, 0x00, 0xC3, 0xE1, 0xF0,
    0xF8, 0x7C, 0x3E, 0x1F, 0x0F, 0x87, 0xC3, 0xFF, 0xFF, 0xE3, 0x01, 0x80, 0x18, 0x03, 0xFF, 0x0F,
    0xFC, 0x06, 0x00, 0x18, 0x00, 0x7F, 0xC1, 0xFF, 0x86, 0x07, 0x18, 0x1C, 0x60, 0x31, 0x81, 0xC6,
    0x07, 0x1F, 0xF8, 0x7F, 0xC0, 0x30, 0x0C, 0x0F, 0xE3, 0xF8, 0x30, 0x0C, 0x03, 0xF0, 0xFF, 0x31,
    0xCC, 0x33, 0x0C, 0xFF, 0x3F, 0x80, 0x3F, 0xFC, 0x3F, 0xFC, 0x38, 0x1C, 0x1C, 0x38, 0x0E, 0x70,
    0x07, 0xE0, 0x0F, 0xF0, 0x1F, 0xF8, 0x39, 0x98, 0x39, 0x9C, 0x31, 0x8C, 0x71, 0x8E, 0x61, 0x8E,
    0x61, 0x86, 0x7F, 0xF9, 0xFF, 0xE7, 0x87, 0x87, 0x38, 0x0F, 0xC0, 0x7F, 0x83, 0xFF, 0x0C, 0xCC,
    0x73, 0x39, 0x8C, 0xEE, 0x31, 0xC0, 0x1F, 0xE0, 0xFF, 0xC7, 0x07, 0xB8, 0x06, 0xC0, 0x1F, 0xFC,
    0x3F, 0xFF, 0xF0, 0x7F, 0xC0, 0x1F, 0x80, 0x7E, 0x03, 0x9E, 0x1E, 0x3F, 0xF0, 0x7F, 0x80, 0x3F,
    0x1F, 0xEE, 0x1F, 0x07, 0xFC, 0xFF, 0xFC, 0x7F, 0x87, 0xE1, 0xDF, 0xE3, 0xF0, 0x60, 0x0E, 0xE0,
    0x3D, 0xC0, 0x61, 0x81, 0xC3, 0x83, 0x83, 0x06, 0x07, 0x1C, 0x0E, 0x30, 0x0C, 0xE0, 0x1D, 0xC0,
    0x3B, 0x00, 0x3E, 0x00, 0x7C, 0x00, 0x70, 0x00, 0xE0, 0x6C, 0x1D, 0xC3, 0x18, 0xE3, 0x1C, 0x73,
    0x06, 0xE0, 0xFC, 0x1F, 0x01, 0xE0, 0x38, 0x00, 0x01, 0x80, 0xC0, 0x60, 0x3F, 0xFF, 0xFF, 0x01,
    0x80, 0xC0, 0x60, 0x30, 0x18, 0x0C, 0x06, 0x03, 0x01, 0x80, 0xC0, 0x60, 0x00, 0x03, 0x03, 0xFF,
    0xFF, 0xC0, 0xC0, 0xC0, 0xC0, 0xC0, 0xC0, 0xC0, 0xC0, 0xC0, 0x3F, 0xE7, 0xFC, 0xC0, 0x18, 0x03,
    0x00, 0x60, 0x3F, 0xC7, 0xF8, 0x30, 0x06, 0x00, 0xC0, 0x18, 0x03, 0x00, 0x60, 0x00, 0x3F, 0xCF,
    0xF3, 0x00, 0xC0, 0x30, 0x3F, 0x8F, 0xE0, 0xC0, 0x30, 0x0C, 0x03, 0x00, 0x70, 0x60, 0xE3, 0x86,
    0x1C, 0x1C, 0x63, 0x80, 0xE6, 0x70, 0x07, 0x6E, 0x00, 0x77, 0xC0, 0x03, 0xFC, 0x00, 0x3F, 0xC0,
    0x07, 0x6E, 0x00, 0xE6, 0xF0, 0x0E, 0x67, 0x01, 0xC6, 0x38, 0x38, 0x61, 0xF7, 0x06, 0x0F, 0x00,
    0x00, 0x30, 0x00, 0x03, 0x00, 0x00, 0x30, 0x70, 0xC3, 0x8E, 0x31, 0xC1, 0xCC, 0xE0, 0x3B, 0x70,
    0x07, 0xF8, 0x00, 0xFC, 0x00, 0x7F, 0x80, 0x3B, 0x70, 0x1C, 0xCE, 0x0E, 0x31, 0xF7, 0x0C, 0x3C,
    0x00, 0x03, 0x00, 0x00, 0xC0, 0xC0, 0xEC, 0x1C, 0xC3, 0x8C, 0x70, 0xCE, 0x0D, 0xC0, 0xF8, 0x0F,
    0x80, 0xDC, 0x0C, 0xE0, 0xC7, 0x0C, 0x38, 0xC1, 0xFC, 0x0F, 0x00, 0x30, 0x03, 0x00, 0x30, 0xC3,
    0xB1, 0xCC, 0xE3, 0x70, 0xF8, 0x3C, 0x0F, 0x83, 0x70, 0xCE, 0x31, 0xFC, 0x3C, 0x03, 0x00, 0xC0,
    0xC0, 0x66, 0x03, 0x30, 0x19, 0x80, 0xCC, 0x06, 0x60, 0x33, 0xFF, 0x9F, 0xFC, 0xC0, 0x66, 0x03,
    0x30, 0x19, 0x80, 0xCC, 0x07, 0xE0, 0x3C, 0x00, 0x60, 0x03, 0x00, 0x18, 0xC1, 0xB0, 0x6C, 0x1B,
    0x06, 0xFF, 0xBF, 0xEC, 0x1B, 0x06, 0xC1, 0xB0, 0x7C, 0x1C, 0x03, 0x00, 0xC0, 0x70, 0x39, 0xC0,
    0xE3, 0x87, 0x06, 0x38, 0x1C, 0xE0, 0x3F, 0x00, 0xF8, 0x01, 0xE0, 0x03, 0x00, 0x0C, 0x00, 0x30,
    0x00, 0xC0, 0x03, 0x00, 0x0C, 0x00, 0xE0, 0x66, 0x0E, 0x70, 0xE3, 0x0C, 0x39, 0xC3, 0x98, 0x1B,
    0x81, 0xF8, 0x0F, 0x00, 0xF0, 0x0E, 0x00, 0x60, 0x06, 0x00, 0x60, 0xE0, 0x3B, 0x83, 0x8E, 0x18,
    0x71, 0xC1, 0xCC, 0x07, 0xE0, 0x1E, 0x07, 0xFC, 0x3F, 0xE0, 0x18, 0x00, 0xC0, 0x06, 0x00, 0x30,
    0x01, 0x80, 0xE0, 0xEC, 0x19, 0xC3, 0x38, 0xE3, 0x98, 0x73, 0x06, 0xE0, 0xF8, 0x0F, 0x0F, 0xF9,
    0xFF, 0x03, 0x00, 0x60, 0x0C, 0x00, 0xE0, 0x73, 0x87, 0x1C, 0x38, 0x73, 0x81, 0xF8, 0x07, 0xC0,
    0x3C, 0x01, 0xE0, 0x1F, 0x80, 0xFC, 0x0E, 0x70, 0xE1, 0xC7, 0x07, 0xF0, 0x3C, 0x00, 0x60, 0x03,
    0x00, 0x18, 0x70, 0xE3, 0x1C, 0x39, 0x81, 0xF8, 0x0F, 0x00, 0xE0, 0x1F, 0x01, 0xF8, 0x39, 0xC7,
    0x1F, 0x70, 0xF0, 0x03, 0x00, 0x30, 0xC0, 0x66, 0x03, 0x30, 0x19, 0x80, 0xCC, 0x06, 0x60, 0x33,
    0x83, 0x9F, 0xFC, 0x7F, 0xE0, 0x03, 0x00, 0x18, 0x00, 0xC0, 0x07, 0x80, 0x3C, 0x00, 0x60, 0x03,
    0x00, 0x18, 0xC1, 0x98, 0x33, 0x06, 0x60, 0xCC, 0x19, 0xC7, 0x3F, 0xE3, 0xFC, 0x01, 0x80, 0x3C,
    0x07, 0x80, 0x30, 0x06, 0xC0, 0x18, 0x03, 0x00, 0x60, 0x0D, 0xF9, 0xFF, 0xBE, 0x7E, 0x03, 0xC0,
    0x78, 0x0F, 0x01, 0xE0, 0x3C, 0x07, 0x80, 0xC0, 0xC0, 0x60, 0x30, 0x1B, 0xEF, 0xF7, 0x1F, 0x0F,
    0x83, 0xC1, 0xE0, 0xF0, 0x78, 0x3C, 0x1E, 0x0C, 0xFF, 0xFF, 0xFF, 0xF0, 0xFF, 0xFF, 0xFF, 0xF0,
    0x1F, 0xC1, 0xFF, 0x1C, 0x3D, 0xC0, 0x60, 0x03, 0x80, 0x0F, 0xFF, 0xFF, 0xFF, 0xC0, 0x1F, 0x01,
    0xF8, 0x0C, 0xE1, 0xE3, 0xFE, 0x0F, 0xE0, 0x3F, 0x1F, 0xEE, 0x1F, 0x07, 0x00, 0xFF, 0xFF, 0xFF,
    0x87, 0xE1, 0xDF, 0xE3, 0xF0, 0x3F, 0x03, 0xF0, 0x00, 0x00, 0x00, 0xC0, 0xFC, 0x0F, 0xC1, 0xFC,
    0x1B, 0xC3, 0xBC, 0x73, 0xC6, 0x3C, 0xE3, 0xCC, 0x3D, 0x83, 0xF8, 0x3F, 0x03, 0xE0, 0x3E, 0x03,
    0x7E, 0x3F, 0x00, 0x18, 0x7C, 0x3E, 0x3F, 0x3F, 0x9B, 0xDD, 0xEC, 0xFC, 0x7E, 0x3E, 0x1F, 0x0C,
    0x1F, 0xE0, 0xFF, 0xC7, 0x87, 0xB8, 0x07, 0xE0, 0x1F, 0xFF, 0xFF, 0xFF, 0xF0, 0x03, 0xE0, 0x1F,
    0x80, 0x7F, 0x03, 0xDE, 0x1E, 0x3F, 0xF0, 0x7F, 0x80, 0x3F, 0x1F, 0xEE, 0x1F, 0x83, 0xFF, 0xFF,
    0xFC, 0x0F, 0x87, 0xE1, 0xDF, 0xE3, 0xF0, 0x0F, 0xC0, 0x3F, 0x00, 0x00, 0x00, 0x00, 0x60, 0x1D,
    0xC0, 0xE3, 0x03, 0x8E, 0x1C, 0x18, 0x70, 0x73, 0x80, 0xCE, 0x03, 0xF0, 0x07, 0xC0, 0x1E, 0x00,
    0x38, 0x00, 0xC0, 0x3F, 0x00, 0xF8, 0x00, 0x1F, 0x81, 0xF8, 0x00, 0x06, 0x07, 0x70, 0x67, 0x0E,
    0x30, 0xC3, 0x9C, 0x39, 0xC1, 0x98, 0x1F, 0x80, 0xF8, 0x0F, 0x00, 0xF0, 0x06, 0x03, 0xE0, 0x3C,
    0x00, 0x07, 0x80, 0x1E, 0x00, 0xF8, 0x03, 0x70, 0x0C, 0xC0, 0x73, 0x81, 0x8E, 0x0E, 0x18, 0x3F,
    0xF0, 0xFF, 0xC7, 0x03, 0x9C, 0x0E, 0x60, 0x1B, 0x80, 0x70, 0x00, 0x00, 0xC0, 0x03, 0x00, 0x3F,
    0x1F, 0xEE, 0x3B, 0x06, 0x0F, 0x9F, 0xEF, 0x9B, 0x06, 0xC3, 0xBF, 0xF7, 0xDC, 0x00, 0x0C, 0x03,
    0x00, 0x07, 0x80, 0x0E, 0x00, 0x38, 0x00, 0xC0, 0x00, 0x00, 0x1E, 0x00, 0x78, 0x03, 0xF0, 0x0D,
    0xC0, 0x73, 0x01, 0xCE, 0x06, 0x38, 0x38, 0x70, 0xFF, 0xC7, 0xFF, 0x1C, 0x0E, 0x60, 0x3B, 0x80,
    0x6E, 0x01, 0xC0, 0x1E, 0x03, 0x80, 0xE0, 0x30, 0x00, 0x0F, 0xC7, 0xFB, 0x8E, 0xC1, 0x83, 0xE7,
    0xFB, 0xE6, 0xC1, 0xB0, 0xEF, 0xFD, 0xF7, 0x00, 0x70, 0x01, 0x80, 0x7E, 0x01, 0xE0, 0x0C, 0xC0,
    0x00, 0x00, 0x78, 0x01, 0xE0, 0x0F, 0xC0, 0x3F, 0x00, 0xCC, 0x07, 0x38, 0x18, 0xE0, 0x61, 0x83,
    0xFF, 0x0F, 0xFC, 0x70, 0x39, 0xC0, 0xE6, 0x01, 0xB8, 0x07, 0x01, 0xC0, 0x60, 0x38, 0x78, 0x37,
    0x00, 0x03, 0xF1, 0xFE, 0xE3, 0xB0, 0x60, 0xF9, 0xFE, 0xF9, 0xB0, 0x6C, 0x3B, 0xFF, 0x7D, 0xC0,
    0x00, 0xE0, 0x01, 0x80, 0x76, 0x01, 0xE0, 0x0C, 0xC0, 0x00, 0x00, 0x78, 0x01, 0xE0, 0x0F, 0xC0,
    0x3F, 0x00, 0xCC, 0x07, 0x38, 0x18, 0xE0, 0x61, 0x83, 0xFF, 0x0F, 0xFC, 0x70, 0x39, 0xC0, 0xE6,
    0x01, 0xB8, 0x07, 0x03, 0x00, 0xE0, 0x18, 0x78, 0x37, 0x00, 0x03, 0xF1, 0xFE, 0xE3, 0xB0, 0x60,
    0xF9, 0xFE, 0xF9, 0xB0, 0x6C, 0x3B, 0xFF, 0x7D, 0xC0, 0x00, 0xE0, 0x01, 0x80, 0x3E, 0x00, 0xF0,
    0x07, 0xC0, 0x3B, 0x00, 0x00, 0x00, 0xE0, 0x07, 0xC0, 0x1F, 0x00, 0x6C, 0x03, 0xB8, 0x0C, 0x60,
    0x71, 0x81, 0xC7, 0x07, 0xFC, 0x3F, 0xF8, 0xE0, 0xE7, 0x01, 0x9C, 0x07, 0x60, 0x1C, 0x07, 0x80,
    0x60, 0x18, 0x7C, 0x3F, 0x08, 0x83, 0xF1, 0xFE, 0xE3, 0xB0, 0x60, 0xF9, 0xFE, 0xF9, 0xB0, 0x6C,
    0x3B, 0xFF, 0x7D, 0xC0, 0x0F, 0xC0, 0x3F, 0x00, 0x80, 0x01, 0xE0, 0x07, 0x80, 0x33, 0x00, 0x00,
    0x01, 0xE0, 0x07, 0x80, 0x3E, 0x00, 0xFC, 0x03, 0x30, 0x1C, 0xE0, 0x73, 0x81, 0x86, 0x0F, 0xFC,
    0x3F, 0xF1, 0xC0, 0xC7, 0x03, 0x98, 0x06, 0xE0, 0x1C, 0x3F, 0x09, 0x00, 0x00, 0x78, 0x3E, 0x08,
    0x83, 0xF1, 0xFE, 0xE3, 0xB0, 0x60, 0xF9, 0xFE, 0xF9, 0xB0, 0x6C, 0x3B, 0xFF, 0x7D, 0xC0, 0x07,
    0x00, 0x1E, 0x00, 0xDC, 0x00, 0x00, 0x00, 0x00, 0x1E, 0x00, 0x78, 0x03, 0xE0, 0x0D, 0xC0, 0x33,
    0x01, 0xCE, 0x06, 0x38, 0x38, 0x60, 0xFF, 0xC3, 0xFF, 0x1C, 0x0E, 0x70, 0x39, 0x80, 0x6E, 0x01,
    0xC0, 0x00, 0x03, 0x00, 0x0C, 0x00, 0x1E, 0x0F, 0xC0, 0x00, 0xFC, 0x7F, 0xB8, 0xEC, 0x18, 0x3E,
    0x7F, 0xBE, 0x6C, 0x1B, 0x0E, 0xFF, 0xDF, 0x70, 0x00, 0x30, 0x0C, 0x00, 0x01, 0x80, 0x0E, 0x00,
    0xCC, 0x03, 0x30, 0x0F, 0xC0, 0x1E, 0x00, 0x00, 0x01, 0xE0, 0x07, 0x80, 0x3F, 0x00, 0xFC, 0x03,
    0x30, 0x1C, 0xE0, 0x61, 0x83, 0x87, 0x0F, 0xFC, 0x3F, 0xF1, 0xC0, 0xE7, 0x03, 0x98, 0x06, 0xE0,
    0x1C, 0x0E, 0x03, 0x00, 0x00, 0xFC, 0x3F, 0x00, 0x03, 0xF1, 0xFE, 0xE3, 0xB0, 0x60, 0xF9, 0xFE,
    0xF9, 0xB0, 0x6C, 0x3B, 0xFF, 0x7D, 0xC0, 0x06, 0x00, 0x1C, 0x00, 0xCC, 0x03, 0x30, 0x0F, 0xC0,
    0x1E, 0x00, 0x00, 0x01, 0xE0, 0x07, 0x80, 0x3F, 0x00, 0xFC, 0x03, 0x30, 0x1C, 0xE0, 0x61, 0x83,
    0x87, 0x0F, 0xFC, 0x3F, 0xF1, 0xC0, 0xE7, 0x03, 0x98, 0x06, 0xE0, 0x1C, 0x18, 0x03, 0x00, 0x00,
    0xFC, 0x3F, 0x00, 0x03, 0xF1, 0xFE, 0xE3, 0xB0, 0x60, 0xF9, 0xFE, 0xF9, 0xB0, 0x6C, 0x3B, 0xFF,
    0x7D, 0xC0, 0x07, 0x00, 0x0C, 0x00, 0xFC, 0x03, 0xF0, 0x07, 0x80, 0x00, 0x00, 0x00, 0x01, 0xC0,
    0x07, 0x80, 0x3E, 0x00, 0xDC, 0x03, 0x30, 0x1C, 0xC0, 0x63, 0x83, 0x86, 0x0F, 0xFC, 0x3F, 0xF1,
    0xC0, 0xE7, 0x03, 0x98, 0x06, 0xE0, 0x1C, 0x1C, 0x03, 0x00, 0xC0, 0x30, 0x3F, 0x07, 0x80, 0x00,
    0xFC, 0x7F, 0xB8, 0xEC, 0x18, 0x3E, 0x7F, 0xBE, 0x6C, 0x1B, 0x0E, 0xFF, 0xDF, 0x70, 0x0F, 0xC0,
    0x3F, 0x00, 0x84, 0x03, 0x30, 0x0F, 0xC0, 0x1E, 0x00, 0x00, 0x01, 0xE0, 0x07, 0x80, 0x1F, 0x00,
    0xFC, 0x03, 0x30, 0x1C, 0xE0, 0x73, 0x81, 0x86, 0x0F, 0xFC, 0x3F, 0xF0, 0xC0, 0xE7, 0x03, 0x98,
    0x06, 0xE0, 0x1C, 0x3F, 0x0F, 0xC0, 0x00, 0x00, 0x3F, 0x0F, 0xC0, 0x00, 0xFC, 0x7F, 0xB8, 0xEE,
    0x18, 0x3E, 0x7F, 0xBE, 0x6C, 0x1B, 0x8E, 0xFF, 0xDF, 0x70, 0x0C, 0xC0, 0x3F, 0x00, 0x78, 0x00,
    0x00, 0x00, 0x00, 0x1E, 0x00, 0x78, 0x03, 0xF0, 0x0D, 0xC0, 0x33, 0x01, 0xCE, 0x06, 0x18, 0x38,
    0x70, 0xFF, 0xC3, 0xFF, 0x1C, 0x0E, 0x70, 0x39, 0x80, 0x6E, 0x01, 0xC0, 0x00, 0x03, 0x00, 0x0C,
    0x00, 0x3F, 0x0F, 0xC0, 0x00, 0xFC, 0x7F, 0xB8, 0xEC, 0x18, 0x3E, 0x7F, 0xBE, 0x6C, 0x1B, 0x0E,
    0xFF, 0xDF, 0x70, 0x00, 0x30, 0x0C, 0x00, 0xFF, 0xFF, 0xFC, 0x03, 0x00, 0xC0, 0x30, 0x0F, 0xFB,
    0xFE, 0xC0, 0x30, 0x0C, 0x03, 0x00, 0xFF, 0xFF, 0xF0, 0x00, 0x30, 0x0C, 0x00, 0x3F, 0x1F, 0xEE,
    0x1F, 0x07, 0xFF, 0xFF, 0xFC, 0x03, 0x03, 0xE1, 0xDF, 0xE3, 0xF0, 0x00, 0x0C, 0x03, 0x00, 0x1E,
    0x03, 0x80, 0xE0, 0x30, 0x00, 0x3F, 0xFF, 0xFF, 0x00, 0xC0, 0x30, 0x0C, 0x03, 0xFE, 0xFF, 0xB0,
    0x0C, 0x03, 0x00, 0xC0, 0x3F, 0xFF, 0xFC, 0x1E, 0x01, 0x80, 0x60, 0x30, 0x00, 0x0F, 0xC7, 0xFB,
    0x87, 0xC0, 0xFF, 0xFF, 0xFF, 0x00, 0xC0, 0xF8, 0x77, 0xF8, 0xFC, 0x3F, 0x1B, 0xC0, 0x00, 0x00,
    0xFF, 0xFF, 0xFC, 0x03, 0x00, 0xC0, 0x30, 0x0F, 0xFB, 0xFE, 0xC0, 0x30, 0x0C, 0x03, 0x00, 0xFF,
    0xFF, 0xF0, 0x3F, 0x80, 0x00, 0x00, 0xFC, 0x7F, 0xB8, 0x7C, 0x0F, 0xFF, 0xFF, 0xF0, 0x0C, 0x0F,
    0x87, 0x7F, 0x8F, 0xC0, 0x01, 0xC0, 0x61, 0xF8, 0xF8, 0x37, 0x00, 0x0F, 0xFF, 0xFF, 0xC0, 0x30,
    0x0C, 0x03, 0x00, 0xFF, 0xBF, 0xEC, 0x03, 0x00, 0xC0, 0x30, 0x0F, 0xFF, 0xFF, 0x01, 0xC0, 0x38,
    0x06, 0x0F, 0x03, 0xB0, 0x00, 0x0F, 0xC3, 0xFC, 0xE1, 0xD8, 0x3B, 0xFF, 0x7F, 0xEC, 0x01, 0x81,
    0xB8, 0x73, 0xFC, 0x3F, 0x00, 0x03, 0x00, 0xE1, 0xD8, 0xF8, 0x37, 0x00, 0x0F, 0xFF, 0xFF, 0xC0,
    0x30, 0x0C, 0x03, 0x00, 0xFF, 0xBF, 0xEC, 0x03, 0x00, 0xC0, 0x30, 0x0F, 0xFF, 0xFF, 0x03, 0x80,
    0x60, 0x1C, 0x78, 0x3B, 0x00, 0x03, 0xF1, 0xFE, 0xE1, 0xF0, 0x7F, 0xFF, 0xFF, 0xC0, 0x30, 0x3E,
    0x1D, 0xFE, 0x3F, 0x00, 0x07, 0x00, 0xC1, 0xF0, 0x78, 0x3E, 0x0D, 0x80, 0x03, 0xFF, 0xFF, 0xF0,
    0x0C, 0x03, 0x00, 0xC0, 0x3F, 0xEF, 0xFB, 0x00, 0xC0, 0x30, 0x0C, 0x03, 0xFF, 0xFF, 0xC0, 0x03,
    0x80, 0x60, 0x18, 0x7E, 0x3F, 0x0C, 0x43, 0xF1, 0xFE, 0xE1, 0xF0, 0x3F, 0xFF, 0xFF, 0xC0, 0x30,
    0x3E, 0x1D, 0xFE, 0x3F, 0x00, 0x3F, 0x1B, 0xC0, 0x00, 0x78, 0x3E, 0x0C, 0xC0, 0x03, 0xFF, 0xFF,
    0xF0, 0x0C, 0x03, 0x00, 0xC0, 0x3F, 0xEF, 0xFB, 0x00, 0xC0, 0x30, 0x0C, 0x03, 0xFF, 0xFF, 0xC0,
    0x3F, 0x0F, 0xC2, 0x00, 0x78, 0x3F, 0x0C, 0xC3, 0xF1, 0xFE, 0xE3, 0xF0, 0x7F, 0xFF, 0xFF, 0xC0,
    0x30, 0x3E, 0x1D, 0xFE, 0x3F, 0x00, 0x1C, 0x07, 0x83, 0x70, 0x00, 0x00, 0x3F, 0xFF, 0xFF, 0x00,
    0xC0, 0x30, 0x0C, 0x03, 0xFE, 0xFF, 0xB0, 0x0C, 0x03, 0x00, 0xC0, 0x3F, 0xFF, 0xFC, 0x00, 0x0C,
    0x03, 0x00, 0x1E, 0x0F, 0xC0, 0x00, 0xFC, 0x7F, 0xB8, 0x7C, 0x1F, 0xFF, 0xFF, 0xF0, 0x0C, 0x0F,
    0x87, 0x7F, 0x8F, 0xC0, 0x00, 0x30, 0x0C, 0x00, 0xF7, 0x76, 0x06, 0x66, 0x66, 0x66, 0x66, 0x66,
    0x66, 0x60, 0xF7, 0x70, 0x66, 0x66, 0x66, 0x66, 0x66, 0x60, 0xFF, 0xFF, 0xFF, 0xF3, 0xC0, 0xF3,
    0xFF, 0xFF, 0xF3, 0xC0, 0x1F, 0xE0, 0xFF, 0xC7, 0x87, 0xB8, 0x06, 0xE0, 0x1F, 0x00, 0x7C, 0x00,
    0xF0, 0x03, 0xC0, 0x1F, 0x80, 0x7E, 0x01, 0x9E, 0x1E, 0x3F, 0xF0, 0x7F, 0x80, 0x00, 0x00, 0xC0,
    0x03, 0x00, 0x3F, 0x0F, 0xF3, 0x87, 0x70, 0x6C, 0x0D, 0x81, 0xF0, 0x37, 0x06, 0xE1, 0xCF, 0xF0,
    0xFC, 0x00, 0x00, 0xC0, 0x18, 0x00, 0x07, 0x80, 0x0E, 0x00, 0x38, 0x00, 0xC0, 0x00, 0x00, 0x7F,
    0x83, 0xFF, 0x1E, 0x1E, 0xE0, 0x1B, 0x80, 0x7C, 0x01, 0xF0, 0x03, 0xC0, 0x0F, 0x00, 0x7E, 0x01,
    0xF8, 0x06, 0x78, 0x78, 0xFF, 0xC1, 0xFE, 0x00, 0x1E, 0x01, 0x80, 0x60, 0x30, 0x00, 0x0F, 0xC7,
    0xFB, 0x87, 0xE1, 0xF0, 0x3C, 0x0F, 0x03, 0xE1, 0xF8, 0x77, 0xF8, 0xFC, 0x00, 0x70, 0x01, 0xC0,
    0x36, 0x01, 0xE0, 0x0F, 0x80, 0x33, 0x00, 0x00, 0x07, 0xF8, 0x3F, 0xF1, 0xE1, 0xEE, 0x01, 0xB8,
    0x07, 0xC0, 0x1F, 0x00, 0x3C, 0x00, 0xF0, 0x07, 0xE0, 0x1F, 0x80, 0x67, 0x87, 0x8F, 0xFC, 0x1F,
    0xE0, 0x01, 0xC0, 0x60, 0x18, 0x78, 0x3F, 0x00, 0x03, 0xF1, 0xFE, 0xE1, 0xF8, 0x7C, 0x0F, 0x03,
    0xC0, 0xF8, 0x7E, 0x1D, 0xFE, 0x3F, 0x00, 0x00, 0xE0, 0x03, 0x80, 0x36, 0x01, 0xE0, 0x0F, 0x80,
    0x33, 0x00, 0x00, 0x07, 0xF8, 0x3F, 0xF1, 0xE1, 0xEE, 0x01, 0xB8, 0x07, 0xC0, 0x1F, 0x00, 0x3C,
    0x00, 0xF0, 0x07, 0xE0, 0x1F, 0x80, 0x67, 0x87, 0x8F, 0xFC, 0x1F, 0xE0, 0x03, 0x80, 0x60, 0x18,
    0x78, 0x3F, 0x00, 0x03, 0xF1, 0xFE, 0xE1, 0xF8, 0x7C, 0x0F, 0x03, 0xC0, 0xF8, 0x7E, 0x1D, 0xFE,
    0x3F, 0x00, 0x01, 0xC0, 0x03, 0x00, 0x2C, 0x01, 0xF0, 0x0F, 0x80, 0x36, 0x00, 0x00, 0x07, 0xF8,
    0x3F, 0xF1, 0xE1, 0xEE, 0x01, 0xB8, 0x07, 0xC0, 0x1F, 0x00, 0x3C, 0x00, 0xF0, 0x07, 0xE0, 0x1F,
    0x80, 0x67, 0x87, 0x8F, 0xFC, 0x1F, 0xE0, 0x03, 0x80, 0x60, 0x18, 0x7E, 0x3F, 0x04, 0x43, 0xF1,
    0xFE, 0xE1, 0xF8, 0x7C, 0x0F, 0x03, 0xC0, 0xF8, 0x7E, 0x1D, 0xFE, 0x3F, 0x00, 0x0F, 0xC0, 0x6F,
    0x00, 0x80, 0x01, 0xE0, 0x07, 0x80, 0x33, 0x00, 0x00, 0x07, 0xF8, 0x3F, 0xF1, 0xE1, 0xEE, 0x01,
    0xB8, 0x07, 0xC0, 0x1F, 0x00, 0x3C, 0x00, 0xF0, 0x07, 0xE0, 0x1F, 0x80, 0x67, 0x87, 0x8F, 0xFC,
    0x1F, 0xE0, 0x3F, 0x08, 0x00, 0x00, 0x78, 0x3F, 0x0C, 0xC3, 0xF1, 0xFE, 0xE1, 0xF8, 0x7C, 0x0F,
    0x03, 0xC0, 0xF8, 0x7E, 0x1D, 0xFE, 0x3F, 0x00, 0x07, 0x00, 0x1E, 0x00, 0xDC, 0x00, 0x00, 0x00,
    0x00, 0x7F, 0x83, 0xFF, 0x1E, 0x1E, 0xE0, 0x1B, 0x80, 0x7C, 0x01, 0xF0, 0x03, 0xC0, 0x0F, 0x00,
    0x7E, 0x01, 0xF8, 0x06, 0x78, 0x78, 0xFF, 0xC1, 0xFE, 0x00, 0x00, 0x03, 0x00, 0x0C, 0x00, 0x1E,
    0x07, 0xE0, 0x00, 0x1F, 0x87, 0xF9, 0xC3, 0xB8, 0x36, 0x06, 0xC0, 0xF8, 0x1B, 0x83, 0x70, 0xE7,
    0xF8, 0x7E, 0x00, 0x00, 0x60, 0x0C, 0x00, 0x01, 0x80, 0x0E, 0xE0, 0x31, 0x80, 0x06, 0x00, 0x38,
    0x7F, 0xC3, 0xFF, 0x1E, 0x1E, 0xE0, 0x1B, 0x80, 0x7C, 0x01, 0xF0, 0x03, 0xC0, 0x0F, 0x00, 0x7E,
    0x01, 0xF8, 0x06, 0x78, 0x78, 0xFF, 0xC1, 0xFE, 0x00, 0x06, 0x03, 0xB0, 0xCC, 0xFF, 0x7F, 0xB8,
    0x7E, 0x1F, 0x03, 0xC0, 0xF0, 0x3E, 0x1F, 0x87, 0x7F, 0x8F, 0xC0, 0x0E, 0x00, 0x18, 0xE0, 0x71,
    0x80, 0x06, 0x00, 0x38, 0x7F, 0xC3, 0xFF, 0x1E, 0x1E, 0xE0, 0x1B, 0x80, 0x7C, 0x01, 0xF0, 0x03,
    0xC0, 0x0F, 0x00, 0x7E, 0x01, 0xF8, 0x06, 0x78, 0x78, 0xFF, 0xC1, 0xFE, 0x00, 0x38, 0x06, 0x30,
    0xCC, 0xFF, 0x7F, 0xB8, 0x7E, 0x1F, 0x03, 0xC0, 0xF0, 0x3E, 0x1F, 0x87, 0x7F, 0x8F, 0xC0, 0x07,
    0x80, 0x0E, 0x60, 0x3B, 0x80, 0xC6, 0x00, 0x38, 0x7F, 0xE3, 0xFF, 0x1E, 0x1E, 0xE0, 0x1B, 0x80,
    0x7C, 0x01, 0xF0, 0x03, 0xC0, 0x0F, 0x00, 0x7E, 0x01, 0xF8, 0x06, 0x78, 0x78, 0xFF, 0xC1, 0xFE,
    0x00, 0x1E, 0x03, 0xB0, 0xEC, 0x33, 0x00, 0xCF, 0xF7, 0xFB, 0x87, 0xE1, 0xF0, 0x3C, 0x0F, 0x03,
    0xE1, 0xF8, 0x77, 0xF8, 0xFC, 0x0E, 0xC0, 0x6F, 0x01, 0x9F, 0x80, 0x06, 0x00, 0x38, 0x7F, 0xE3,
    0xFF, 0x1E, 0x1E, 0xE0, 0x1B, 0x80, 0x7C, 0x01, 0xF0, 0x03, 0xC0, 0x0F, 0x00, 0x7E, 0x01, 0xF8,
    0x06, 0x78, 0x78, 0xFF, 0xC1, 0xFE, 0x00, 0x7F, 0xC0, 0x30, 0x0C, 0xFF, 0x7F, 0xB8, 0x7E, 0x1F,
    0x03, 0xC0, 0xF0, 0x3E, 0x1F, 0x87, 0x7F, 0x8F, 0xC0, 0x00, 0x18, 0x00, 0x60, 0x01, 0x80, 0x0E,
    0x1F, 0xF8, 0xFF, 0xC7, 0x87, 0xB8, 0x06, 0xE0, 0x1F, 0x00, 0x7C, 0x00, 0xF0, 0x03, 0xC0, 0x1F,
    0x80, 0x7E, 0x01, 0x9E, 0x1E, 0x3F, 0xF0, 0x7F, 0x80, 0x00, 0x00, 0xC0, 0x03, 0x00, 0x00, 0xC0,
    0x30, 0x0C, 0xFF, 0x7F, 0xB8, 0x7E, 0x1F, 0x03, 0xC0, 0xF0, 0x3E, 0x1F, 0x87, 0x7F, 0x8F, 0xC0,
    0x00, 0x30, 0x0C, 0x00, 0xC0, 0x3C, 0x03, 0xC0, 0x3C, 0x03, 0xC0, 0x3C, 0x03, 0xC0, 0x3C, 0x03,
    0xC0, 0x3C, 0x03, 0xE0, 0x7F, 0x0F, 0x7F, 0xE3, 0xFC, 0x00, 0x00, 0x60, 0x06, 0x00, 0xC1, 0xE0,
    0xF0, 0x78, 0x3C, 0x1E, 0x0F, 0x07, 0x87, 0xE3, 0xFF, 0xDF, 0x60, 0x01, 0x80, 0xC0, 0x0F, 0x00,
    0xE0, 0x1C, 0x03, 0x00, 0x01, 0x80, 0xF0, 0x1E, 0x03, 0xC0, 0x78, 0x0F, 0x01, 0xE0, 0x3C, 0x07,
    0x80, 0xF0, 0x1F, 0x07, 0xF1, 0xEF, 0xF8, 0xFE, 0x00, 0x3C, 0x06, 0x03, 0x03, 0x00, 0x06, 0x0F,
    0x07, 0x83, 0xC1, 0xE0, 0xF0, 0x78, 0x3C, 0x3F, 0x1F, 0xFE, 0xFB, 0x03, 0x00, 0x38, 0xC1, 0x86,
    0x00, 0x30, 0x01, 0xE0, 0x3F, 0x01, 0x98, 0x0C, 0xC0, 0x66, 0x03, 0x30, 0x19, 0x80, 0xCC, 0x06,
    0x60, 0x33, 0x01, 0x9C, 0x1C, 0xF1, 0xE3, 0xFE, 0x0F, 0xE0, 0x0E, 0x01, 0x8C, 0x73, 0xE0, 0xFC,
    0x19, 0x83, 0x30, 0x66, 0x0C, 0xC1, 0x98, 0x33, 0x0E, 0x71, 0xCF, 0xF8, 0xFB, 0x00, 0x1C, 0x00,
    0x60, 0xC3, 0x06, 0x00, 0x30, 0x01, 0xE0, 0x3F, 0x01, 0x98, 0x0C, 0xC0, 0x66, 0x03, 0x30, 0x19,
    0x80, 0xCC, 0x06, 0x60, 0x33, 0x01, 0x9C, 0x1C, 0xF1, 0xE3, 0xFE, 0x0F, 0xE0, 0x30, 0x07, 0x0C,
    0x63, 0xE0, 0xFC, 0x19, 0x83, 0x30, 0x66, 0x0C, 0xC1, 0x98, 0x33, 0x0E, 0x71, 0xCF, 0xF8, 0xFB,
    0x00, 0x0F, 0x00, 0x38, 0xC1, 0xC6, 0x0C, 0x30, 0x01, 0xE0, 0x3F, 0x01, 0x98, 0x0C, 0xC0, 0x66,
    0x03, 0x30, 0x19, 0x80, 0xCC, 0x06, 0x60, 0x33, 0x01, 0x9C, 0x1C, 0xF1, 0xE3, 0xFE, 0x0F, 0xE0,
    0x3C, 0x01, 0x8C, 0x31, 0x8C, 0x30, 0x0F, 0x83, 0xF0, 0x66, 0x0C, 0xC1, 0x98, 0x33, 0x06, 0x60,
    0xCC, 0x39, 0xC7, 0x3F, 0xE3, 0xEC, 0x1D, 0x81, 0xFC, 0x0D, 0xC6, 0x00, 0x30, 0x01, 0xE0, 0x3F,
    0x01, 0x98, 0x0C, 0xC0, 0x66, 0x03, 0x30, 0x19, 0x80, 0xCC, 0x06, 0x60, 0x33, 0x01, 0x9C, 0x1C,
    0xF1, 0xE3, 0xFE, 0x0F, 0xE0, 0x7F, 0x60, 0x0C, 0x03, 0xE0, 0xFC, 0x19, 0x83, 0x30, 0x66, 0x0C,
    0xC1, 0x98, 0x33, 0x0E, 0x71, 0xCF, 0xF8, 0xFB, 0x00, 0x00, 0x18, 0x00, 0xC0, 0x06, 0x00, 0x3C,
    0x07, 0xE0, 0x33, 0x01, 0x98, 0x0C, 0xC0, 0x66, 0x03, 0x30, 0x19, 0x80, 0xCC, 0x06, 0x60, 0x33,
    0x83, 0x9E, 0x3C, 0x7F, 0xC1, 0xFC, 0x00, 0x00, 0x0C, 0x00, 0x60, 0x00, 0x00, 0x60, 0x0C, 0x03,
    0xE0, 0xFC, 0x19, 0x83, 0x30, 0x66, 0x0C, 0xC1, 0x98, 0x33, 0x0E, 0x71, 0xCF, 0xF8, 0xFB, 0x00,
    0x00, 0xC0, 0x18, 0x00, 0x0E, 0x00, 0x18, 0x00, 0x70, 0x00, 0x00, 0x00, 0x01, 0xC0, 0xE7, 0x03,
    0x8E, 0x1C, 0x18, 0xE0, 0x73, 0x80, 0xFC, 0x03, 0xE0, 0x07, 0x80, 0x0C, 0x00, 0x30, 0x00, 0xC0,
    0x03, 0x00, 0x0C, 0x00, 0x30, 0x00, 0x1C, 0x01, 0x80, 0x30, 0x70, 0x7E, 0x0C, 0xC3, 0x9C, 0x71,
    0x8C, 0x3B, 0x87, 0x70, 0x6C, 0x0F, 0x81, 0xF0, 0x1C, 0x03, 0x81, 0xE0, 0x3C, 0x00, 0x70, 0x39,
    0xC0, 0xE3, 0x87, 0x06, 0x38, 0x1C, 0xE0, 0x3F, 0x00, 0xF8, 0x01, 0xE0, 0x03, 0x00, 0x0C, 0x00,
    0x30, 0x00, 0xC0, 0x03, 0x00, 0x0C, 0x00, 0x00, 0x00, 0xC0, 0x03, 0x00, 0xE0, 0xFC, 0x19, 0x87,
    0x38, 0xE3, 0x18, 0x67, 0x0E, 0xC0, 0xD8, 0x1F, 0x03, 0xC0, 0x38, 0x07, 0x03, 0xD8, 0x7B, 0x00,
    0x07, 0x80, 0x0E, 0x00, 0x38, 0x00, 0xC0, 0x00, 0x01, 0xC0, 0xE7, 0x03, 0x8E, 0x1C, 0x18, 0xE0,
    0x73, 0x80, 0xFC, 0x03, 0xE0, 0x07, 0x80, 0x0C, 0x00, 0x30, 0x00, 0xC0, 0x03, 0x00, 0x0C, 0x00,
    0x30, 0x00, 0x0F, 0x00, 0x70, 0x07, 0x00, 0x00, 0xE0, 0x6E, 0x0E, 0x70, 0xE7, 0x0C, 0x31, 0xC3,
    0x9C, 0x3B, 0x81, 0xB8, 0x1F, 0x00, 0xF0, 0x0F, 0x00, 0xE0, 0x3E, 0x03, 0xC0, 0x0F, 0xC0, 0xDE,
    0x00, 0x00, 0x00, 0x06, 0x03, 0xB8, 0x38, 0xE1, 0xC7, 0x1C, 0x1C, 0xE0, 0x7E, 0x03, 0xE0, 0x0F,
    0x00, 0x30, 0x01, 0x80, 0x0C, 0x00, 0x60, 0x03, 0x00, 0x18, 0x00, 0x3F, 0x80, 0x00, 0x00, 0x70,
    0x7E, 0x0C, 0xC3, 0x9C, 0x71, 0x8C, 0x33, 0x87, 0x60, 0x6C, 0x0F, 0x81, 0xE0, 0x1C, 0x03, 0x81,
    0xE0, 0x3C, 0x00, 0xFF, 0xFF, 0xF0, 0xFF, 0xFF, 0xFF, 0xFF, 0xC0, 0xFF, 0xF0, 0xFF, 0xA0, 0xFF,
    0xE0, 0xC7, 0x3C, 0xF3, 0xCF, 0x30, 0xCF, 0x3C, 0xF3, 0x8E, 0x00, 0xCF, 0x3C, 0xF3, 0xCE, 0x30,
    0x18, 0x18, 0x18, 0xFF, 0xFF, 0x18, 0x18, 0x18, 0x18, 0x18, 0x18, 0x18, 0x18, 0x18, 0x18, 0x18,
    0x18, 0xFF, 0xFF, 0x18, 0x18, 0x18, 0x18, 0xFF, 0xFF, 0x18, 0x18, 0x18, 0xFF, 0xFF, 0xF0, 0xCC,
    0x59, 0x9F, 0x33, 0x80, 0x7C, 0x18, 0x01, 0xFC, 0x70, 0x03, 0x39, 0xC0, 0x06, 0x33, 0x00, 0x0E,
    0xEC, 0x00, 0x1F, 0xB8, 0x00, 0x0E, 0x60, 0x00, 0x01, 0xBE, 0x3E, 0x07, 0xFE, 0xFE, 0x0D, 0xCD,
    0x9C, 0x33, 0x1B, 0x18, 0xE6, 0x36, 0x33, 0x8E, 0xEE, 0xE6, 0x0F, 0x8F, 0x80, 0x77, 0x66, 0x7C,
    0xF9, 0xF3, 0xC0, 0x39, 0xCE, 0x30, 0xC3, 0x87, 0x0E, 0x70, 0xE1, 0xC3, 0x0C, 0x73, 0x9C, 0x00,
    0x38, 0x01, 0x80, 0x18, 0x01, 0xC0, 0x1C, 0x00, 0xC0, 0x0C, 0x00, 0xE0, 0x0E, 0x00, 0x60, 0x06,
    0x00, 0x70, 0x07, 0x00, 0x30, 0x00, 0x3C, 0x7E, 0x6E, 0xFE, 0xFE, 0x76, 0x7E, 0x3C, 0x18, 0xE3,
    0x9E, 0xDB, 0xFF, 0xC6, 0x7D, 0xFB, 0xF7, 0xE0, 0xD9, 0xBF, 0x3C, 0x3E, 0x7E, 0x7C, 0xFE, 0xE6,
    0xE6, 0x7E, 0x3C, 0xFF, 0xC6, 0x63, 0x19, 0xCE, 0x7C, 0xFC, 0xEC, 0x7C, 0x7E, 0xE6, 0x7E, 0x7E,
    0x7C, 0x7E, 0xE6, 0x66, 0x7E, 0x56, 0x7E, 0x7C, 0x3C, 0x7E, 0x6E, 0xFE, 0xFE, 0x76, 0x7E, 0x3C,
    0x11, 0xBC, 0xE3, 0x18, 0xC6, 0x7D, 0xFB, 0x30, 0xE7, 0x9C, 0x3F, 0x7E, 0x7C, 0xF8, 0x30, 0xE1,
    0xC9, 0xBF, 0x3E, 0x18, 0xE3, 0x9E, 0xDB, 0xFF, 0xC6, 0x7D, 0xFB, 0xF7, 0xE0, 0xD9, 0xBF, 0x3C,
    0x3E, 0x7E, 0x7C, 0xFE, 0xE6, 0xE6, 0x7E, 0x3C, 0xFF, 0xC6, 0x63, 0x19, 0xCE, 0x7C, 0xFC, 0xEC,
    0x7C, 0x7E, 0xE6, 0x7E, 0x7E, 0x7C, 0x7E, 0xE6, 0x66, 0x7E, 0x56, 0x7E, 0x7C, 0xFF, 0x3F, 0xFB,
    0xC1, 0xBD, 0x9B, 0xD9, 0xBD, 0x9B, 0xD9, 0xBD, 0x9B, 0xD9, 0xBD, 0x9B, 0xD9, 0xBD, 0x83, 0xDF,
    0xFD, 0xFE, 0x07, 0xE0, 0x7F, 0xC1, 0xC3, 0x8E, 0x06, 0xFF, 0x83, 0xFE, 0x03, 0x00, 0x3F, 0xE0,
    0xFF, 0x80, 0xE0, 0x73, 0x81, 0x87, 0x0E, 0x0F, 0xF0, 0x1F, 0x80, 0x3F, 0xC1, 0xFF, 0x3F, 0xFF,
    0xFF, 0xF3, 0x07, 0x7F, 0xFF, 0xFF, 0xE6, 0x3C, 0x3F, 0xC1, 0xFC, 0x0C, 0x00, 0x60, 0x03, 0x00,
    0x18, 0x00, 0x1F, 0xC3, 0xFE, 0x70, 0xE6, 0x06, 0xFF, 0xFF, 0xFF, 0x00, 0x0F, 0xFF, 0xFF, 0xF6,
    0x00, 0x60, 0x67, 0x0E, 0x7F, 0xC3, 0xF8, 0x7F, 0xF7, 0xFF, 0x03, 0xC0, 0x0C, 0x7F, 0xF7, 0xFF,
    0x01, 0xC7, 0xFC, 0x7F, 0x87, 0xC0, 0x38, 0x01, 0xC0, 0x0E, 0x00, 0x78, 0x03, 0xC0, 0x3F, 0xE1,
    0xFF, 0x8C, 0x0E, 0x60, 0x33, 0x01, 0x98, 0x1C, 0xC1, 0xE7, 0xFE, 0x3F, 0xC1, 0x80, 0x3F, 0xC1,
    0xFE, 0x03, 0x00, 0x18, 0x00, 0x01, 0xC0, 0x03, 0x80, 0x07, 0x00, 0x0E, 0x00, 0x1C, 0x00, 0x38,
    0x00, 0x7F, 0xFF, 0x7F, 0xFF, 0x38, 0x00, 0x1C, 0x00, 0x0E, 0x00, 0x07, 0x00, 0x03, 0x80, 0x01,
    0xC0, 0x03, 0x00, 0x1E, 0x00, 0xFC, 0x07, 0xF8, 0x3F, 0x71, 0xEC, 0xEF, 0x31, 0xF8, 0xC3, 0xC3,
    0x04, 0x0C, 0x00, 0x30, 0x00, 0xC0, 0x03, 0x00, 0x0C, 0x00, 0x30, 0x00, 0x01, 0xC0, 0x00, 0xE0,
    0x00, 0x70, 0x00, 0x38, 0x00, 0x1C, 0x00, 0x0E, 0x7F, 0xFF, 0x7F, 0xFF, 0x00, 0x1E, 0x00, 0x3C,
    0x00, 0x78, 0x00, 0xF0, 0x01, 0xE0, 0x01, 0xC0, 0x03, 0x00, 0x0C, 0x00, 0x30, 0x00, 0xC0, 0x03,
    0x00, 0x0C, 0x08, 0x30, 0x70, 0xC3, 0xE3, 0x1D, 0xCC, 0xE3, 0xB7, 0x07, 0xF8, 0x0F, 0xC0, 0x1E,
    0x00, 0x30, 0x00, 0x01, 0xCE, 0x00, 0x1C, 0x78, 0x01, 0xC1, 0xE0, 0x1C, 0x07, 0x81, 0xC0, 0x1E,
    0x1C, 0x00, 0x79, 0xFF, 0xFF, 0xEF, 0xFF, 0xFF, 0x38, 0x00, 0xF0, 0xE0, 0x0F, 0x03, 0x80, 0xF0,
    0x0E, 0x0F, 0x00, 0x38, 0xF0, 0x00, 0xE7, 0x00, 0x00, 0x00, 0x0C, 0x00, 0x78, 0x03, 0xF0, 0x1F,
    0xE0, 0xED, 0xC7, 0x33, 0xB8, 0xC7, 0xC3, 0x0E, 0x0C, 0x10, 0x30, 0x00, 0xC0, 0xC3, 0x0F, 0x8C,
    0x77, 0x33, 0xCE, 0xDE, 0x1F, 0xF0, 0x3F, 0x80, 0x7C, 0x00, 0xE0, 0x01, 0x00, 0x00, 0x0F, 0xFC,
    0xFF, 0xEF, 0x00, 0xF8, 0x0D, 0xC0, 0xCE, 0x0C, 0x70, 0xC3, 0x8C, 0x1C, 0xC0, 0xE4, 0x06, 0x00,
    0x00, 0x00, 0x03, 0xFF, 0x7F, 0xF0, 0x0F, 0x01, 0xF0, 0x3B, 0x07, 0x30, 0xE3, 0x1C, 0x33, 0x83,
    0x70, 0x36, 0x02, 0x00, 0x00, 0x00, 0x03, 0x01, 0x1C, 0x0C, 0x70, 0x61, 0xC3, 0x07, 0x18, 0x1C,
    0xC0, 0x76, 0x01, 0xF0, 0x07, 0x9F, 0xFC, 0x7F, 0xE0, 0x00, 0x04, 0x06, 0xC0, 0xEC, 0x1C, 0xC3,
    0x8C, 0x70, 0xCE, 0x0D, 0xC0, 0xF8, 0x0F, 0x00, 0xFF, 0xEF, 0xFC, 0x1C, 0x11, 0xF3, 0xDF, 0xBE,
    0xCC, 0xF0, 0x7F, 0x83, 0xE4, 0x0E, 0x00, 0x3F, 0xE1, 0xFF, 0x80, 0x0E, 0x00, 0x70, 0xC1, 0x8E,
    0x1C, 0xE0, 0xEF, 0xFE, 0x7F, 0xE1, 0xC0, 0x07, 0x00, 0x1C, 0x00, 0x3F, 0xE7, 0xFE, 0xE0, 0x0C,
    0x00, 0xC3, 0x0C, 0x3C, 0xE1, 0xE7, 0xFF, 0x3F, 0xF0, 0x0E, 0x01, 0xC0, 0x38, 0x08, 0x00, 0xC0,
    0x0E, 0x00, 0xFF, 0xF7, 0xFF, 0x9C, 0x0C, 0x60, 0x60, 0x03, 0x00, 0x18, 0x00, 0xC0, 0x06, 0x00,
    0x30, 0x01, 0x80, 0x0C, 0x00, 0x80, 0x06, 0x00, 0x39, 0xFF, 0xEF, 0xFF, 0x60, 0x73, 0x03, 0x18,
    0x00, 0xC0, 0x06, 0x00, 0x30, 0x01, 0x80, 0x0C, 0x00, 0x60, 0x00, 0xC0, 0x06, 0x00, 0x30, 0x01,
    0x80, 0x0C, 0x00, 0x60, 0x03, 0x00, 0x18, 0x18, 0xC0, 0xE7, 0xFF, 0xBF, 0xFC, 0x01, 0xC0, 0x0C,
    0x00, 0x40, 0xFF, 0xC7, 0xFE, 0x00, 0x30, 0x01, 0x80, 0x0C, 0x00, 0x60, 0x03, 0x00, 0x18, 0x00,
    0xC0, 0x06, 0x00, 0x30, 0x0F, 0xE0, 0x3E, 0x00, 0xF0, 0x03, 0x00, 0x00, 0x00, 0x18, 0x00, 0xC0,
    0x06, 0x00, 0x30, 0x01, 0x80, 0x0C, 0x00, 0x63, 0x03, 0x38, 0x1B, 0xFF, 0xDF, 0xFE, 0x70, 0x01,
    0x80, 0x04, 0x00, 0x80, 0x06, 0x00, 0x31, 0x81, 0x9C, 0x0F, 0xFF, 0x6F, 0xFB, 0x38, 0x18, 0xC0,
    0xC0, 0x00, 0x00, 0x08, 0x00, 0xC0, 0xC6, 0x07, 0x37, 0xFF, 0xBF, 0xEC, 0x0E, 0x60, 0x63, 0x00,
    0x18, 0x00, 0x80, 0x00, 0xE0, 0x00, 0xF8, 0x00, 0xEE, 0x00, 0xE3, 0x80, 0xE0, 0xE0, 0xF8, 0xF8,
    0xFC, 0x7E, 0x06, 0x30, 0x03, 0x18, 0x01, 0x8C, 0x00, 0xC6, 0x00, 0x63, 0x00, 0x3F, 0x80, 0x1F,
    0xC0, 0x70, 0x3E, 0x07, 0x80, 0xE0, 0x38, 0xFD, 0xFF, 0xEF, 0xE1, 0xE0, 0xF0, 0x78, 0x3E, 0x3F,
    0xF9, 0xF8, 0x30, 0x07, 0x00, 0x3C, 0x03, 0xE0, 0x1B, 0x81, 0xDC, 0x0E, 0x60, 0x63, 0x87, 0x0C,
    0x30, 0x63, 0x83, 0x9C, 0x0C, 0xC0, 0x7E, 0x01, 0xFF, 0xFF, 0xFF, 0xE0, 0xFF, 0xFF, 0xFF, 0x38,
    0xC3, 0x8C, 0x38, 0xC3, 0x8C, 0x38, 0xC3, 0x8C, 0x38, 0xC3, 0x8C, 0x38, 0xC3, 0x8C, 0x38, 0xC3,
    0x8C, 0x38, 0xC3, 0x8C, 0x38, 0xC3, 0x8C, 0x30, 0xC0, 0xFF, 0xFF, 0xFE, 0x01, 0x80, 0x70, 0x0E,
    0x01, 0xC0, 0x70, 0x1C, 0x0E, 0x07, 0x01, 0xC0, 0xE0, 0x3F, 0xFF, 0xFC, 0xFF, 0xDF, 0xF0, 0x01,
    0xFC, 0x07, 0xF0, 0x18, 0x00, 0xE0, 0x03, 0x80, 0x0C, 0x00, 0x30, 0x11, 0xC0, 0xE7, 0x01, 0x98,
    0x06, 0x60, 0x19, 0x80, 0x7E, 0x00, 0xF8, 0x03, 0xC0, 0x0F, 0x00, 0x3C, 0x00, 0x70, 0x00, 0x3C,
    0x3C, 0x7E, 0x7E, 0xE7, 0xEF, 0xC3, 0xC7, 0xC3, 0x83, 0xE7, 0xC7, 0xFF, 0xFF, 0x7C, 0x7E, 0x0F,
    0x0F, 0x1C, 0x1C, 0x1C, 0x1C, 0x18, 0x18, 0x18, 0x18, 0x18, 0x38, 0x38, 0x38, 0x38, 0x30, 0xF0,
    0xE0, 0x67, 0x70, 0x00, 0x00, 0x67, 0x70, 0x00, 0x1E, 0x3F, 0xDF, 0x3E, 0xC7, 0x9C, 0x3F, 0x8F,
    0xF7, 0xCF, 0xB1, 0xC0, 0x06, 0x01, 0x80, 0x63, 0xFF, 0xFF, 0xC3, 0x01, 0xC3, 0xFF, 0xFF, 0xC6,
    0x03, 0x00, 0x00, 0x00, 0x00, 0x3C, 0x3F, 0x3F, 0x8F, 0x81, 0xE0, 0x1F, 0x80, 0xFE, 0x03, 0xE0,
    0x0D, 0xFF, 0xFF, 0xF0, 0x80, 0x38, 0x0F, 0xC0, 0xFE, 0x07, 0xC0, 0xF1, 0xFF, 0xF8, 0xF0, 0x30,
    0x0F, 0xFF, 0xFF, 0x41, 0xC1, 0xC1, 0xC1, 0xC1, 0x80, 0x00, 0x00, 0x3C, 0x66, 0x66, 0x42, 0x66,
    0x7E, 0x3C, 0x7F, 0xFF, 0xF7, 0xFF, 0xFF, 0x00, 0xC0, 0x00, 0x0C, 0x00, 0x00, 0xC0, 0x00, 0x0C,
    0x00, 0x00, 0xC0, 0x00, 0x0C, 0x00, 0x00, 0xFF, 0xC0, 0x0F, 0xFC, 0x00, 0xC0, 0x00, 0x0C, 0x00,
    0x00, 0xC0, 0x00, 0x0C, 0x00, 0x00, 0xC0, 0x00, 0x0C, 0x00, 0x00, 0xC0, 0x00, 0x0C, 0x00, 0xFF,
    0xFF, 0xEF, 0xFF, 0xFE, 0x00, 0x00, 0x1F, 0xFF, 0xFF, 0xFF, 0xFF, 0x80, 0x60, 0x00, 0x0C, 0x00,
    0x01, 0x80, 0x00, 0x3C, 0x00, 0x07, 0xE0, 0x00, 0xDE, 0x00, 0x19, 0xF0, 0x03, 0x0F, 0x00, 0x60,
    0xE0, 0x0C, 0x00, 0x01, 0x80, 0x00, 0x30, 0x00, 0x06, 0x00, 0x00, 0xC0, 0x00, 0x18, 0x00, 0x03,
    0x00, 0x00, 0x7F, 0xFF, 0xE7, 0xFF, 0xFE, 0x00, 0x70, 0x00, 0x07, 0x00, 0x00, 0xE0, 0x00, 0x1F,
    0xC0, 0x03, 0xFE, 0x00, 0x76, 0x70, 0x0E, 0x63, 0xC3, 0xC6, 0x1E, 0x78, 0x60, 0xF7, 0x06, 0x06,
    0x00, 0x60, 0x00, 0x06, 0x00, 0x00, 0x60, 0x00, 0x06, 0x00, 0x00, 0x60, 0x00, 0x06, 0x00, 0x0C,
    0x00, 0x03, 0x00, 0x01, 0xFF, 0xF8, 0x7F, 0xFF, 0x18, 0x00, 0x06, 0x00, 0x01, 0x80, 0x00, 0xFF,
    0xFF, 0x3F, 0xFF, 0xC4, 0x00, 0x70, 0x00, 0x1C, 0x00, 0x07, 0xFF, 0xF9, 0xBF, 0xFE, 0x60, 0x00,
    0x18, 0x00, 0x0E, 0x00, 0x03, 0x80, 0x1F, 0xC0, 0x07, 0xF0, 0x00, 0x00, 0x1F, 0xFF, 0x03, 0xFF,
    0xE0, 0x60, 0x0C, 0x0C, 0x01, 0x81, 0x80, 0x30, 0x3F, 0xFE, 0x07, 0xFF, 0xC0, 0xFF, 0xF8, 0x18,
    0x03, 0x03, 0x00, 0x60, 0x60, 0x0C, 0x0F, 0xFF, 0x81, 0xFF, 0xF0, 0x30, 0x06, 0x06, 0x00, 0xC0,
    0xC0, 0x18, 0xFF, 0xFF, 0xFF, 0xFF, 0xFC, 0x00, 0x01, 0x00, 0xFF, 0xF1, 0xFF, 0xFC, 0x3F, 0xE0,
    0x00, 0x0C, 0x00, 0x7F, 0xFF, 0x1F, 0xFF, 0xE1, 0xFF, 0xFC, 0x00, 0xC0, 0x00, 0x18, 0x03, 0xFF,
    0xFF, 0xFF, 0xFF, 0xF0, 0x38, 0x40, 0x0E, 0x1C, 0x03, 0x81, 0x80, 0xE0, 0x38, 0x3F, 0xFF, 0x8F,
    0xFF, 0xF9, 0xFC, 0x07, 0x00, 0x00, 0x60, 0xFF, 0xFF, 0xFF, 0xFF, 0xFC, 0x0C, 0x60, 0x01, 0x8C,
    0x07, 0xFF, 0xFC, 0xFF, 0xFF, 0x98, 0xC6, 0x33, 0x39, 0xC6, 0x67, 0x38, 0xCC, 0xF7, 0x99, 0x9E,
    0xFB, 0x37, 0xFB, 0x66, 0xCE, 0x3C, 0xF9, 0xC7, 0x9E, 0x30, 0x33, 0x00, 0x06, 0x60, 0x0F, 0xCC,
    0x01, 0xF8, 0x00, 0x00, 0x00, 0x07, 0x00, 0x00, 0x70, 0x00, 0x0F, 0x80, 0x01, 0xDC, 0x00, 0x39,
    0xE0, 0x0F, 0x0F, 0x01, 0xE6, 0x3C, 0x7C, 0x61, 0xFF, 0x06, 0x0F, 0x40, 0x60, 0x20, 0x06, 0x00,
    0x00, 0x60, 0x00, 0x06, 0x00, 0x00, 0x60, 0x00, 0x06, 0x00, 0x00, 0x60, 0x00, 0x06, 0x00, 0x00,
    0x60, 0x00, 0x06, 0x00, 0x00, 0xC0, 0x00, 0x60, 0x00, 0x30, 0x00, 0x18, 0x0F, 0xFF, 0xFF, 0xFF,
    0xFF, 0x03, 0x07, 0x81, 0x83, 0xC0, 0xC1, 0xE0, 0x60, 0xF0, 0x30, 0x7F, 0xFF, 0xFF, 0xFF, 0xFE,
    0x06, 0x0F, 0x03, 0x06, 0x01, 0x80, 0x00, 0xC0, 0x00, 0x60, 0x00, 0x30, 0x00, 0x18, 0x00, 0x01,
    0x80, 0x00, 0xC0, 0x00, 0x60, 0x0F, 0xFF, 0xE7, 0xFF, 0xF3, 0x0C, 0x19, 0x86, 0x0C, 0xFF, 0xFE,
    0x7F, 0xFF, 0x00, 0xC0, 0x3F, 0xFF, 0xFF, 0xFF, 0xFC, 0x18, 0x1E, 0x0C, 0x0F, 0xFF, 0xFF, 0xFF,
    0xFF, 0xFF, 0xFF, 0x80, 0xC0, 0x00, 0x60, 0x00, 0x30, 0x00, 0x01, 0x80, 0x0E, 0x70, 0x01, 0x9C,
    0x00, 0x77, 0x00, 0x0D, 0x80, 0x3F, 0xFF, 0xFF, 0xFF, 0xFC, 0x06, 0x03, 0x01, 0x80, 0xC0, 0xE0,
    0x30, 0x3F, 0x0C, 0x0C, 0xC3, 0x07, 0x39, 0xC1, 0xC7, 0x70, 0xE0, 0x9C, 0x70, 0x07, 0x3C, 0x01,
    0xDE, 0x00, 0x6F, 0x01, 0xFB, 0x80, 0x7C, 0x00, 0x00, 0x00, 0x00, 0x80, 0x00, 0x1C, 0x00, 0x00,
    0xF0, 0x00, 0x07, 0x80, 0x3F, 0xFF, 0xC7, 0xFF, 0xFE, 0x7F, 0xFF, 0xE0, 0x06, 0x00, 0x00, 0x60,
    0x00, 0x06, 0x00, 0x00, 0x60, 0x03, 0xFF, 0xFC, 0x3F, 0xFF, 0xC0, 0x06, 0x00, 0x00, 0x60, 0x00,
    0x06, 0x00, 0x00, 0x60, 0x0F, 0xFF, 0xFF, 0xFF, 0xFF, 0xF0, 0x00, 0x40, 0x00, 0x07, 0x00, 0x00,
    0x18, 0x30, 0x30, 0xE1, 0x81, 0xC3, 0x1C, 0x06, 0x18, 0xC0, 0x38, 0x0E, 0x00, 0xC0, 0x60, 0x07,
    0x07, 0x00, 0x18, 0x70, 0x00, 0xE3, 0x80, 0x03, 0xB8, 0x00, 0x0F, 0x80, 0x00, 0x38, 0x00, 0x03,
    0xE0, 0x00, 0x7B, 0xC0, 0x0F, 0x8F, 0x81, 0xF0, 0x1F, 0x1E, 0x00, 0x7C, 0xC0, 0x00, 0x40, 0x00,
    0x60, 0x00, 0x03, 0x00, 0x00, 0x1C, 0x00, 0x00, 0x60, 0x03, 0xFF, 0xFC, 0x1F, 0xFF, 0xE0, 0x00,
    0x07, 0x00, 0x00, 0x70, 0x00, 0x07, 0x00, 0x00, 0x70, 0x00, 0x07, 0x00, 0x00, 0x70, 0x00, 0x0F,
    0x00, 0x00, 0xF0, 0x00, 0x0F, 0x00, 0x03, 0xE0, 0x00, 0x3F, 0x00, 0x03, 0x9F, 0xFF, 0x98, 0x7F,
    0xFC, 0x00, 0x00, 0x00, 0xFF, 0xFF, 0xBF, 0xFF, 0xC0, 0x00, 0x63, 0x00, 0x31, 0xC0, 0x18, 0x78,
    0x0C, 0x1E, 0x06, 0x03, 0x83, 0x00, 0x81, 0x80, 0x0C, 0xC0, 0x1E, 0x60, 0x7E, 0x31, 0xFC, 0x1F,
    0xF0, 0x1F, 0xC0, 0x0E, 0x00, 0x07, 0x00, 0x3F, 0x00, 0x1F, 0x80, 0x00, 0x00, 0x00, 0xC0, 0x00,
    0x0C, 0x18, 0x00, 0xC1, 0xE0, 0x0C, 0x0F, 0x3F, 0xFF, 0xB3, 0xFF, 0xF8, 0x00, 0xC1, 0x80, 0x0C,
    0x18, 0x00, 0xC1, 0x80, 0x0C, 0x18, 0x7F, 0xFF, 0xF7, 0xFF, 0xFF, 0x00, 0xC0, 0x70, 0x0C, 0x07,
    0x00, 0xC0, 0x70, 0x0C, 0x06, 0x00, 0xC7, 0xE0, 0x0C, 0x7C, 0x00, 0xC0, 0x00, 0x0C, 0x00, 0x7F,
    0xFF, 0x8F, 0xFF, 0xF0, 0x00, 0x00, 0x00, 0x00, 0x00, 0x00, 0x00, 0x00, 0x00, 0x00, 0x00, 0x00,
    0x00, 0x00, 0x00, 0x00, 0x00, 0x00, 0x00, 0x00, 0x00, 0x00, 0x00, 0x00, 0x00, 0x01, 0xFF, 0xFF,
    0xFF, 0xFF, 0xF8, 0x7F, 0xFF, 0xCF, 0xFF, 0xF8, 0x01, 0x80, 0x00, 0x30, 0x00, 0x06, 0x00, 0x00,
    0xC0, 0x00, 0x18, 0x07, 0xFF, 0xFF, 0xFF, 0xFF, 0xE0, 0x0C, 0x00, 0x01, 0x80, 0x00, 0x30, 0x00,
    0x06, 0x00, 0x00, 0xC0, 0x00, 0x18, 0x00, 0x03, 0x00, 0x0F, 0xE0, 0x00, 0xFC, 0x00, 0x00, 0x00,
    0x00, 0xFF, 0xFF, 0xDF, 0xFF, 0xF8, 0x18, 0x00, 0x03, 0x00, 0x00, 0xE0, 0x00, 0x1F, 0xFC, 0x03,
    0xFF, 0x80, 0x60, 0x30, 0x0C, 0x06, 0x03, 0x80, 0xC0, 0x70, 0x18, 0x0F, 0xFF, 0x01, 0xFF, 0xE0,
    0x00, 0x18, 0x00, 0x03, 0x00, 0x00, 0x60, 0xFF, 0xFF, 0xFF, 0xFF, 0xFC, 0x00, 0xC0, 0x00, 0x0E,
    0x00, 0x00, 0x60, 0x07, 0xFF, 0xFE, 0x7F, 0xFF, 0xE0, 0x20, 0x40, 0x07, 0x0F, 0x00, 0xE0, 0x78,
    0x1C, 0x01, 0xC7, 0xE0, 0x6E, 0x73, 0x0E, 0x60, 0x38, 0xC0, 0x01, 0x9C, 0x00, 0x1F, 0x80, 0x00,
    0xF0, 0x00, 0x1F, 0x80, 0x07, 0xFE, 0x01, 0xF0, 0xFC, 0x7C, 0x03, 0xF7, 0x00, 0x0E, 0x00, 0x20,
    0x00, 0x06, 0x00, 0x7F, 0xFF, 0xE7, 0xFF, 0xFF, 0x00, 0x00, 0x00, 0xFF, 0xF8, 0x0C, 0x01, 0x80,
    0xFF, 0xF8, 0x0F, 0xFF, 0x80, 0x00, 0x00, 0x7F, 0xFF, 0xE7, 0xFF, 0xFE, 0x60, 0x00, 0x66, 0x3F,
    0xE6, 0x03, 0xFE, 0x00, 0x30, 0xE0, 0x07, 0x0E, 0x20, 0xE0, 0xE7, 0x3E, 0x0F, 0xE7, 0x80, 0x7E,
    0x20, 0x00, 0x00, 0x00, 0x60, 0x00, 0x06, 0x00, 0x00, 0x60, 0x00, 0x06, 0x00, 0x00, 0x60, 0x00,
    0x07, 0x00, 0x00, 0xF0, 0x00, 0x0F, 0x00, 0x00, 0xF0, 0x00, 0x0F, 0x80, 0x01, 0xD8, 0x00, 0x1D,
    0xC0, 0x03, 0x9C, 0x00, 0x38, 0xE0, 0x07, 0x07, 0x00, 0xE0, 0x78, 0x1C, 0x03, 0xC7, 0x80, 0x1E,
    0x70, 0x00, 0xF6, 0x00, 0x02, 0x02, 0x00, 0x00, 0x38, 0x00, 0x01, 0xFF, 0xF0, 0x1F, 0xFF, 0xC0,
    0xDF, 0xFE, 0x0E, 0x60, 0x70, 0x73, 0x83, 0x87, 0x8C, 0x18, 0x7C, 0x61, 0xC7, 0x63, 0x8E, 0x13,
    0x0C, 0x60, 0x18, 0x77, 0x00, 0xC1, 0xF0, 0x06, 0x0F, 0x00, 0x30, 0x38, 0x01, 0x83, 0xE0, 0x0C,
    0x7B, 0x80, 0x67, 0x8F, 0x03, 0xF8, 0x3C, 0x1F, 0x00, 0xE0, 0x00, 0x00, 0x00, 0x00, 0x20, 0x00,
    0x03, 0x80, 0x00, 0x3C, 0x00, 0x03, 0xF8, 0x00, 0x3D, 0xE0, 0x03, 0xC7, 0x80, 0x7B, 0x0F, 0x07,
    0x9C, 0x3E, 0x78, 0x78, 0xF3, 0x01, 0xC1, 0x80, 0x06, 0x00, 0x3F, 0xFF, 0x81, 0xFF, 0xFC, 0x00,
    0x01, 0xC0, 0x00, 0x1C, 0x00, 0x01, 0xC0, 0x00, 0x1E, 0x00, 0x00, 0xE0, 0x00, 0x0E, 0x00, 0x00,
    0xE0, 0x00, 0x00, 0x00, 0x00, 0x60, 0x60, 0x06, 0x06, 0x00, 0x60, 0x60, 0x06, 0x06, 0x00, 0x60,
    0x60, 0x0E, 0x0E, 0x00, 0xE0, 0xE0, 0x0F, 0x0E, 0x00, 0xF0, 0xE0, 0x0F, 0x8E, 0x00, 0xDD, 0xF0,
    0x1C, 0xDF, 0x01, 0xCF, 0xB8, 0x18, 0x79, 0x83, 0x83, 0x9C, 0x38, 0x70, 0xE7, 0x0E, 0x0F, 0x60,
    0xE0, 0x76, 0x04, 0x02, 0x06, 0x06, 0x00, 0x30, 0x30, 0x01, 0xB1, 0x80, 0x19, 0x8C, 0x01, 0xCC,
    0x67, 0x0C, 0x63, 0xF8, 0xE3, 0x3F, 0xCF, 0x1F, 0xCE, 0xFB, 0xFE, 0x73, 0xDE, 0x33, 0x86, 0xB1,
    0x9C, 0x31, 0x8C, 0xE1, 0x8C, 0x7E, 0x0C, 0x63, 0xF0, 0x63, 0x18, 0x03, 0x18, 0x06, 0x18, 0xC0,
    0x30, 0xC6, 0x01, 0x86, 0x3F, 0xFC, 0x30, 0xFF, 0xE0, 0x00, 0x01, 0x83, 0x18, 0x18, 0x31, 0x81,
    0x83, 0x1C, 0x38, 0x30, 0xE3, 0x83, 0x06, 0x38, 0x30, 0x73, 0x03, 0x00, 0x30, 0x30, 0x03, 0x03,
    0x00, 0x70, 0x30, 0x07, 0x03, 0x08, 0x60, 0x37, 0xCE, 0x03, 0xF9, 0xF0, 0x7C, 0x3F, 0x87, 0x07,
    0x9C, 0x40, 0xF0, 0xE0, 0x3C, 0x07, 0x01, 0x80, 0x60, 0x00, 0x00, 0x00, 0x60, 0xC0, 0x0E, 0xEC,
    0x00, 0xCC, 0xC0, 0x1C, 0xCC, 0x01, 0x8F, 0xFE, 0x39, 0xFF, 0xE3, 0x98, 0xC0, 0x7B, 0x8C, 0x07,
    0x90, 0xC0, 0x58, 0x0C, 0x01, 0xBF, 0xFF, 0x1B, 0xFF, 0xF1, 0x80, 0xC0, 0x18, 0x0C, 0x01, 0x80,
    0xC0, 0x18, 0x0C, 0x01, 0x80, 0xC0, 0x18, 0x0C, 0x01, 0x80, 0xC0, 0x02, 0x00, 0x00, 0x70, 0x1E,
    0x06, 0x3F, 0xE0, 0xFF, 0xF8, 0x0D, 0xEC, 0x01, 0xC0, 0xC0, 0x3C, 0x0C, 0x03, 0xC0, 0xC0, 0x7C,
    0x0C, 0x0E, 0xFF, 0xFF, 0x4F, 0xFF, 0xF0, 0xC0, 0xC0, 0x0C, 0x0C, 0x00, 0xC0, 0xC0, 0x0C, 0x0C,
    0x00, 0xC0, 0xC0, 0x0C, 0x0C, 0x00, 0xDF, 0xFF, 0x0D, 0xFF, 0xF0, 0xC0, 0x00, 0x00, 0x00, 0x00,
    0x18, 0x60, 0x01, 0xC3, 0x00, 0x0C, 0x18, 0x00, 0xE0, 0xC0, 0x0E, 0x06, 0x00, 0x7F, 0xFF, 0xC7,
    0xFF, 0xFE, 0x7C, 0x1F, 0x07, 0x61, 0xF8, 0x13, 0x0F, 0xE0, 0x18, 0xFB, 0x00, 0xC6, 0xDC, 0x06,
    0x76, 0x70, 0x37, 0x31, 0xC1, 0xF1, 0x8F, 0x0F, 0x0C, 0x38, 0x60, 0x60, 0x03, 0x03, 0x00, 0x18,
    0x18, 0x00, 0x06, 0x08, 0x00, 0x61, 0xC0, 0x0E, 0x1C, 0x00, 0xDF, 0xFE, 0x1D, 0xFF, 0xE1, 0x83,
    0x80, 0x39, 0xFF, 0xF7, 0xBF, 0xFF, 0xFB, 0xFF, 0xF7, 0x86, 0x00, 0x58, 0x7F, 0xC1, 0x8F, 0xFE,
    0x18, 0x7F, 0xC1, 0x80, 0x1C, 0x18, 0x23, 0x81, 0x83, 0xF0, 0x18, 0x1E, 0x01, 0x80, 0xF0, 0x18,
    0x07, 0x81, 0x80, 0x30, 0x00, 0x00, 0x00, 0x06, 0x0C, 0x00, 0x60, 0xC0, 0x0E, 0x0C, 0x00, 0xC0,
    0xC0, 0x1C, 0x0C, 0x01, 0xBF, 0xFF, 0x3B, 0xFF, 0xF7, 0x80, 0xC0, 0x78, 0x0C, 0x0F, 0x80, 0xC0,
    0x58, 0x0C, 0x01, 0x8F, 0xFE, 0x18, 0xFF, 0xE1, 0x8C, 0x06, 0x18, 0xC0, 0x61, 0x8C, 0x06, 0x18,
    0xC0, 0x61, 0x8F, 0xFE, 0x18, 0xFF, 0xE1, 0x8C, 0x06, 0x00, 0x00, 0x00, 0x00, 0x18, 0x00, 0xE1,
    0x80, 0x0C, 0x1C, 0x00, 0xC1, 0xC0, 0x1D, 0xFF, 0xC3, 0x9F, 0xFE, 0x38, 0x00, 0x07, 0x8C, 0x18,
    0xF8, 0xC1, 0x8D, 0x8E, 0x18, 0xD8, 0xE3, 0x81, 0x86, 0x38, 0x18, 0x63, 0x01, 0x86, 0x30, 0x18,
    0x63, 0x01, 0x87, 0x70, 0x18, 0x66, 0x01, 0xBF, 0xFE, 0x1B, 0xFF, 0xE1, 0x80, 0x00, 0x06, 0x0C,
    0x00, 0x30, 0x60, 0x03, 0x83, 0x00, 0x18, 0x18, 0x01, 0xFF, 0xFF, 0x8D, 0xFF, 0xFC, 0xE0, 0x7C,
    0x0F, 0x03, 0xE0, 0x78, 0x3F, 0x03, 0xC1, 0xEC, 0x16, 0x1B, 0x60, 0x31, 0xD9, 0x81, 0x8C, 0xCE,
    0x0C, 0xE6, 0x30, 0x6F, 0xFF, 0xC3, 0x6F, 0xFF, 0x1A, 0x0C, 0x10, 0xC0, 0x60, 0x06, 0x03, 0x00,
    0x30, 0x18, 0x00, 0x00, 0x00, 0x00, 0x01, 0x80, 0x00, 0x1E, 0x00, 0x01, 0xF8, 0x00, 0x1C, 0xE0,
    0x03, 0xC3, 0x80, 0x3C, 0x0F, 0x07, 0xFF, 0xFE, 0x7F, 0xFF, 0xFB, 0x01, 0x80, 0x80, 0x0C, 0x00,
    0x00, 0x60, 0x03, 0xFF, 0xFF, 0x1F, 0xFF, 0xF8, 0x00, 0xC0, 0x00, 0xE6, 0x60, 0x0E, 0x33, 0xC0,
    0xE1, 0x8F, 0x0E, 0x0C, 0x38, 0xE3, 0xE0, 0xE0, 0x1F, 0x00, 0x00, 0x00, 0x00, 0x06, 0x30, 0x00,
    0xE7, 0x00, 0x0C, 0x60, 0x01, 0xC7, 0xFF, 0x18, 0xFF, 0xF3, 0x8D, 0x80, 0x79, 0xD8, 0x07, 0xB9,
    0x80, 0xFF, 0x1F, 0xED, 0xB1, 0xFE, 0x18, 0x18, 0x01, 0x81, 0x80, 0x18, 0x18, 0x01, 0x81, 0xFE,
    0x18, 0x1F, 0xE1, 0x81, 0x80, 0x18, 0x18, 0x01, 0x81, 0x80, 0x18, 0x18, 0x01, 0x81, 0x80, 0x06,
    0x20, 0x00, 0x33, 0x80, 0x01, 0x98, 0x00, 0x1C, 0xC0, 0x01, 0xCF, 0xFF, 0x0C, 0x7F, 0xF8, 0xE7,
    0x18, 0xCF, 0x38, 0xC6, 0x7B, 0x86, 0x77, 0xCB, 0x37, 0x16, 0x19, 0xB0, 0x30, 0xCD, 0xC1, 0x8E,
    0x66, 0x0C, 0x63, 0x30, 0x67, 0x19, 0xC3, 0x30, 0xC6, 0x19, 0x86, 0x30, 0xC0, 0x30, 0x06, 0x0F,
    0x80, 0x30, 0x7C, 0x00, 0x02, 0x0C, 0x00, 0x38, 0x60, 0x01, 0xFF, 0xFC, 0x1F, 0xFF, 0xE1, 0xDF,
    0xFF, 0x0E, 0x06, 0x00, 0xE7, 0xFF, 0xCF, 0x3F, 0xFE, 0xF9, 0x8C, 0x37, 0xCC, 0x61, 0x86, 0x7F,
    0xFC, 0x33, 0xFF, 0xE1, 0x88, 0xC0, 0x0C, 0x66, 0x00, 0x63, 0xF0, 0x03, 0x0F, 0x00, 0x18, 0x3C,
    0x00, 0xC7, 0xFC, 0x06, 0xF9, 0xFC, 0x37, 0x01, 0xE0, 0x02, 0x21, 0x80, 0x39, 0x8C, 0x01, 0x8C,
    0x60, 0x1C, 0x63, 0x00, 0xC3, 0x18, 0x0E, 0xFF, 0xF8, 0xE7, 0xFF, 0xC7, 0x06, 0x30, 0x78, 0x31,
    0x87, 0xC1, 0x8C, 0x16, 0x0C, 0x60, 0x30, 0x63, 0x01, 0xBF, 0xFF, 0x8C, 0xFF, 0xF8, 0x60, 0x80,
    0x03, 0x0E, 0x38, 0x18, 0x60, 0xC0, 0xC7, 0x07, 0x06, 0x70, 0x1C, 0x33, 0x00, 0x60, 0x00, 0x00,
    0x00, 0x08, 0x00, 0x20, 0xFF, 0x83, 0x1B, 0xF9, 0x31, 0xB0, 0xB3, 0x1B, 0x4B, 0x33, 0xB6, 0xB3,
    0x3B, 0x6B, 0x37, 0xB6, 0xB3, 0x7B, 0x6B, 0x3F, 0xB6, 0xB3, 0x5B, 0x6B, 0x31, 0xB6, 0xB3, 0x1B,
    0x6B, 0x31, 0xB4, 0xB3, 0x1B, 0xCB, 0x31, 0x8F, 0x03, 0x18, 0xF0, 0x31, 0x99, 0x83, 0x1B, 0x9D,
    0xE1, 0xF0, 0xDE, 0x00, 0x00, 0x00, 0x06, 0x00, 0x00, 0x3F, 0xFF, 0x83, 0xFF, 0xFC, 0x18, 0x18,
    0x01, 0xC0, 0xC0, 0x0C, 0xFF, 0xF0, 0xE6, 0x31, 0x8F, 0x31, 0x8C, 0x79, 0xFF, 0xE3, 0xCF, 0xFF,
    0x06, 0x63, 0x18, 0x33, 0xFF, 0xC1, 0x9F, 0xFE, 0x0C, 0x86, 0x00, 0x66, 0x70, 0x03, 0x3F, 0x00,
    0x18, 0xF8, 0x00, 0xC7, 0xF8, 0x06, 0xFB, 0xFC, 0x37, 0x03, 0xE0, 0x00, 0x00, 0x00, 0x00, 0x00,
    0x00, 0x37, 0xFF, 0x01, 0xBF, 0xF8, 0x1D, 0x80, 0xC1, 0xCC, 0x06, 0x0E, 0x60, 0x30, 0xE3, 0xFF,
    0x8F, 0x1F, 0xFC, 0xF8, 0x0C, 0x03, 0xC0, 0x60, 0x06, 0xFF, 0xFC, 0x37, 0xFF, 0xE1, 0x9F, 0xFE,
    0x0C, 0x1F, 0x80, 0x61, 0xFE, 0x03, 0x1D, 0xB8, 0x19, 0xCC, 0xE0, 0xFC, 0x63, 0x86, 0xC3, 0x0C,
    0x30, 0x18, 0x00, 0x06, 0x08, 0x00, 0x61, 0xC0, 0x0E, 0x0C, 0x00, 0xC0, 0xC0, 0x1F, 0xFF, 0xF1,
    0x9F, 0xFF, 0x38, 0x00, 0x07, 0x8F, 0xFC, 0x78, 0xFF, 0xC7, 0x80, 0x00, 0x18, 0xFF, 0xC1, 0x80,
    0x00, 0x18, 0x00, 0x01, 0x9F, 0xFE, 0x19, 0xFF, 0xE1, 0x98, 0x06, 0x19, 0x80, 0x61, 0x9F, 0xFE,
    0x19, 0xFF, 0xE1, 0x98, 0x06, 0x00, 0x00, 0x00, 0x00, 0x10, 0x00, 0x61, 0xC0, 0x03, 0x0F, 0xF0,
    0x30, 0xFF, 0xC1, 0x8F, 0x0E, 0x1C, 0xFC, 0xE0, 0xEE, 0x7E, 0x0F, 0x61, 0xE0, 0xFB, 0x7F, 0xE6,
    0xDF, 0x97, 0x86, 0xE3, 0x80, 0x36, 0x79, 0x01, 0xB7, 0x18, 0x0D, 0x83, 0x80, 0x6C, 0xF9, 0xC3,
    0x6F, 0x1C, 0x18, 0x03, 0xC0, 0xC0, 0xFC, 0x06, 0x3F, 0x80, 0x31, 0xE0, 0x00, 0x0C, 0x00, 0x00,
    0xFF, 0xFF, 0x1F, 0xFB, 0xF1, 0x9D, 0x3F, 0x39, 0x9B, 0xF3, 0xBF, 0xFF, 0x7B, 0xFF, 0xF7, 0xBC,
    0xFF, 0xF8, 0xE3, 0xF5, 0x8E, 0x3F, 0x1F, 0xFF, 0xF1, 0xBF, 0xFF, 0x18, 0xE3, 0xF1, 0x8E, 0x17,
    0x18, 0xFC, 0x71, 0xBF, 0xC7, 0x1F, 0xE0, 0x71, 0xF0, 0x3F, 0x18, 0x03, 0xE0, 0x00, 0x00, 0x06,
    0x0C, 0x00, 0x60, 0xC0, 0x07, 0xFF, 0xF0, 0xDF, 0xFF, 0x0C, 0x1C, 0x01, 0xC1, 0x80, 0x38, 0xFF,
    0xC3, 0x8F, 0xFC, 0x78, 0xC0, 0xC7, 0x8F, 0xFC, 0x18, 0xC0, 0xC1, 0x8C, 0x0C, 0x18, 0xFF, 0xC1,
    0x8C, 0x0C, 0x18, 0xFF, 0xC1, 0x8F, 0xFC, 0x18, 0xC0, 0xC1, 0xBF, 0xFF, 0x1B, 0xFF, 0xF1, 0x80,
    0x00, 0x0C, 0x00, 0x00, 0x60, 0xFF, 0x87, 0x4F, 0xFC, 0x36, 0x3F, 0xE1, 0xB0, 0x30, 0x1D, 0x8F,
    0xF0, 0xEF, 0xFF, 0x8F, 0x7F, 0x6C, 0xFB, 0x1B, 0x66, 0xD8, 0xDB, 0x16, 0xC6, 0xD8, 0x36, 0x36,
    0xC1, 0xB1, 0xB6, 0x0D, 0xFD, 0xB0, 0x6F, 0x6D, 0x83, 0x60, 0xF0, 0x1A, 0x07, 0xC0, 0xC0, 0x77,
    0x06, 0x0F, 0x1C, 0x30, 0x60, 0x60, 0x00, 0x00, 0x00, 0x02, 0x08, 0x00, 0x60, 0xC0, 0x07, 0xFF,
    0xE0, 0xFF, 0xFE, 0x0D, 0x80, 0x61, 0xD8, 0x06, 0x39, 0xFF, 0xE3, 0x9F, 0xFE, 0x79, 0x80, 0x0F,
    0x9F, 0xFF, 0x59, 0xFF, 0xF1, 0x9E, 0x93, 0x19, 0xE9, 0x31, 0x9F, 0xFF, 0x19, 0xFF, 0xF1, 0xBE,
    0x93, 0x1B, 0x69, 0x31, 0xB6, 0x93, 0x1F, 0x69, 0xF1, 0xB6, 0x8E, 0x00, 0x00, 0x00, 0x0C, 0x06,
    0x00, 0xC0, 0x63, 0x1F, 0x1F, 0xF1, 0x9B, 0xFE, 0x19, 0xFF, 0xE3, 0x80, 0x6C, 0x38, 0x3F, 0xF7,
    0xFF, 0xFF, 0x7F, 0xBF, 0xFF, 0x98, 0xE0, 0x59, 0x9F, 0xC1, 0x9F, 0xFE, 0x19, 0xF8, 0x61, 0x99,
    0x86, 0x19, 0x9F, 0xE1, 0x9F, 0x86, 0x19, 0xF8, 0x61, 0xBD, 0xFE, 0x19, 0x1F, 0xE1, 0x81, 0x86,
    0x00, 0x00, 0x00, 0x3F, 0xFF, 0x87, 0xFF, 0xF0, 0x00, 0x00, 0x00, 0x00, 0x00, 0x00, 0x00, 0xFF,
    0xFF, 0xBF, 0xFF, 0xFF, 0xFF, 0xFF, 0x06, 0x18, 0x00, 0xC3, 0x00, 0x18, 0x60, 0x03, 0x0C, 0x00,
    0xE1, 0x84, 0x18, 0x30, 0xC7, 0x06, 0x19, 0xC0, 0xC3, 0xF0, 0x1F, 0xFC, 0x03, 0xF8, 0x00, 0x00,
    0x00, 0x04, 0x60, 0x00, 0xE6, 0x00, 0x0C, 0x60, 0x00, 0xFF, 0xFC, 0x1F, 0xFF, 0xC1, 0x86, 0x00,
    0x38, 0x60, 0x03, 0x06, 0x00, 0x00, 0x60, 0x07, 0xFF, 0xFF, 0x7F, 0xFF, 0xF0, 0x30, 0xC0, 0x03,
    0x0C, 0x00, 0x30, 0xC0, 0x07, 0x0C, 0x00, 0x70, 0xC3, 0x0E, 0x0C, 0x31, 0xC0, 0xC3, 0x7C, 0x0F,
    0xE7, 0x00, 0xFE, 0x60, 0x00, 0x00, 0x00, 0x60, 0x00, 0xC3, 0x06, 0x06, 0x18, 0x70, 0x38, 0xC3,
    0x80, 0xC6, 0x38, 0x07, 0x31, 0xC0, 0x19, 0x8C, 0x00, 0x0C, 0x00, 0x7F, 0xFF, 0xF3, 0xFF, 0xFF,
    0x80, 0xE3, 0x00, 0x06, 0x18, 0x00, 0x30, 0xC0, 0x01, 0x86, 0x00, 0x1C, 0x30, 0x00, 0xC1, 0x86,
    0x0E, 0x0C, 0x31, 0xE0, 0x61, 0x9E, 0x03, 0xFC, 0xE0, 0x1F, 0xE0, 0x00, 0x00, 0x00, 0x00, 0x00,
    0x00, 0x18, 0x00, 0x00, 0xE0, 0x00, 0x03, 0x80, 0x00, 0x0E, 0x00, 0x00, 0x38, 0x00, 0x01, 0xC0,
    0x00, 0x0F, 0x00, 0x00, 0xF8, 0x00, 0x07, 0xE0, 0x00, 0x33, 0x00, 0x03, 0x9C, 0x00, 0x18, 0x60,
    0x01, 0xC3, 0x80, 0x1C, 0x0E, 0x01, 0xC0, 0x38, 0x1E, 0x01, 0xE3, 0xE0, 0x07, 0x9C, 0x00, 0x1C,
    0x40, 0x00, 0x20, 0x00, 0x20, 0x00, 0x03, 0x80, 0x00, 0x3C, 0x00, 0x03, 0xF0, 0x00, 0x39, 0xC0,
    0x03, 0x87, 0x80, 0x78, 0x1E, 0x07, 0x80, 0x3C, 0xFF, 0xFF, 0xF3, 0x7F, 0xFD, 0x80, 0x18, 0x00,
    0x00, 0xC0, 0x00, 0xFF, 0xF0, 0x07, 0xFF, 0xC0, 0x3F, 0xFE, 0x00, 0x0C, 0x00, 0x00, 0x60, 0x00,
    0x03, 0x00, 0x1F, 0xFF, 0xFC, 0xFF, 0xFF, 0xC0, 0x00, 0x40, 0x00, 0x0E, 0x00, 0x00, 0x60, 0x00,
    0x07, 0x00, 0x00, 0x70, 0x00, 0x02, 0x00, 0x7F, 0xFF, 0xF7, 0xFF, 0xFF, 0x00, 0x00, 0x00, 0x00,
    0x00, 0x03, 0x0E, 0x00, 0x70, 0x60, 0x06, 0x07, 0x00, 0xE0, 0x38, 0x1C, 0x01, 0xC1, 0xC0, 0x1C,
    0x38, 0x00, 0xE7, 0x00, 0x06, 0x70, 0x00, 0x72, 0x00, 0x02, 0x06, 0x03, 0x80, 0x60, 0x30, 0x07,
    0x07, 0x00, 0x30, 0x60, 0x3F, 0xFF, 0xE3, 0xFF, 0xFE, 0x00, 0x70, 0x00, 0x07, 0x00, 0x00, 0x70,
    0x00, 0x07, 0x00, 0x7F, 0xFF, 0xE7, 0xFF, 0xFE, 0x00, 0xF8, 0x00, 0x0F, 0x80, 0x01, 0xDC, 0x00,
    0x78, 0xE0, 0x0F, 0x07, 0x87, 0xE0, 0x3F, 0x78, 0x00, 0xF2, 0x00, 0x02, 0x06, 0x03, 0x00, 0x60,
    0x30, 0x06, 0x03, 0x07, 0xFF, 0xFF, 0x3F, 0xFF, 0xE0, 0x60, 0x30, 0x07, 0xFF, 0x00, 0x7F, 0xF0,
    0x06, 0x03, 0x00, 0x60, 0x30, 0x07, 0xFF, 0x00, 0x7F, 0xF0, 0x06, 0x03, 0x00, 0x60, 0x30, 0x7F,
    0xFF, 0xF7, 0xFF, 0xFF, 0x03, 0x8E, 0x00, 0xF8, 0xFC, 0x7E, 0x01, 0xF7, 0x00, 0x07, 0x07, 0xFF,
    0x00, 0x7F, 0xFC, 0x03, 0x00, 0x60, 0x1F, 0xFF, 0x00, 0xFF, 0xF8, 0x06, 0x00, 0xC0, 0x3F, 0xFE,
    0x01, 0xFF, 0xF0, 0x0C, 0x01, 0x80, 0x7F, 0xFC, 0x03, 0xFF, 0xE0, 0x18, 0x03, 0x07, 0xFF, 0xFF,
    0x3F, 0xFF, 0xF8, 0x1C, 0x1C, 0x01, 0xE0, 0xF8, 0x3E, 0x01, 0xF3, 0xC0, 0x03, 0x88, 0x00, 0x08,
    0x03, 0x18, 0x00, 0x39, 0x80, 0x03, 0x98, 0x03, 0xFF, 0xFC, 0x3F, 0xFF, 0xC3, 0x39, 0x8C, 0x33,
    0x98, 0xC3, 0x39, 0x8C, 0x3F, 0xFF, 0xC3, 0xFF, 0xFC, 0x33, 0x98, 0xC3, 0x39, 0x8C, 0x33, 0x98,
    0xCF, 0xFF, 0xFF, 0xFF, 0xFF, 0xF0, 0x70, 0xC0, 0x0F, 0x1F, 0x03, 0xE0, 0x7C, 0xF8, 0x01, 0xE6,
    0x00, 0x06, 0x01, 0x80, 0x00, 0xC0, 0x00, 0x60, 0x00, 0x30, 0x0F, 0xFF, 0xFF, 0xFF, 0xFF, 0x06,
    0x07, 0x83, 0x03, 0xC1, 0x81, 0xE1, 0xE0, 0xF0, 0xF8, 0x78, 0xEE, 0x3C, 0xE3, 0x9E, 0xE0, 0xEF,
    0xE0, 0x3F, 0xA0, 0x0B, 0xC0, 0x01, 0xE0, 0x00, 0xF0, 0x07, 0xF8, 0x03, 0xF0, 0x00, 0x00, 0x0F,
    0x8F, 0x80, 0xFE, 0xFE, 0x07, 0xF7, 0xF0, 0x31, 0xB1, 0x81, 0x8D, 0x8C, 0x0C, 0x6C, 0x60, 0x63,
    0x63, 0x03, 0x1B, 0x18, 0xFF, 0xFF, 0xF3, 0xFF, 0xFF, 0x86, 0x36, 0x30, 0x31, 0xB1, 0x83, 0x8D,
    0x8C, 0x1C, 0x6C, 0x60, 0xC3, 0xE3, 0x06, 0x1E, 0x18, 0x70, 0xF0, 0xC3, 0x3F, 0xBE, 0x19, 0xF9,
    0xF0, 0x00, 0x00, 0x00, 0x7F, 0xFF, 0xE3, 0xFF, 0xFF, 0x80, 0x18, 0x00, 0x00, 0xC0, 0x01, 0xFF,
    0xFC, 0x0F, 0xFF, 0xE0, 0x61, 0x83, 0x03, 0x0C, 0x18, 0x1F, 0xFF, 0xC0, 0xFF, 0xFE, 0x06, 0x18,
    0x30, 0x30, 0xC1, 0x8F, 0xFF, 0xFF, 0xFF, 0xFF, 0xFC, 0x60, 0x03, 0x03, 0x00, 0x18, 0x18, 0x00,
    0xC0, 0xC0, 0x7E, 0x06, 0x03, 0xF0, 0x00, 0x00, 0x00, 0xFF, 0xFF, 0xFF, 0xFF, 0xFC, 0x60, 0x0F,
    0x18, 0x03, 0xCE, 0x00, 0xC3, 0xFF, 0xC0, 0xFF, 0xF0, 0x30, 0x00, 0x1C, 0x00, 0x07, 0xFF, 0xC1,
    0xFF, 0xF0, 0x00, 0x0C, 0x7F, 0xFB, 0x3F, 0xFE, 0xC0, 0x00, 0x30, 0x00, 0x1C, 0x00, 0x06, 0x00,
    0x3F, 0x80, 0x07, 0xE0, 0x00, 0x00, 0x00, 0x44, 0x06, 0x06, 0x60, 0x60, 0xE7, 0x07, 0x0C, 0x30,
    0x39, 0xFF, 0xF3, 0x9F, 0xFF, 0x1B, 0x86, 0x00, 0x78, 0x60, 0x0F, 0xFF, 0xE0, 0xDF, 0xFE, 0x01,
    0x86, 0x01, 0x98, 0x60, 0x19, 0xFF, 0xE1, 0x9F, 0xFE, 0x39, 0x86, 0x03, 0x18, 0x60, 0x71, 0x86,
    0x06, 0x1F, 0xFF, 0x61, 0xFF, 0xF0, 0x18, 0x00, 0x00, 0x00, 0x00, 0x01, 0x80, 0xE3, 0xFF, 0xC7,
    0x7F, 0xFE, 0x70, 0x30, 0x03, 0xBF, 0xFC, 0x11, 0xFF, 0xC0, 0x06, 0x00, 0x07, 0xFF, 0xE0, 0x7F,
    0xFE, 0x13, 0xFF, 0xC1, 0xFF, 0xFF, 0x3F, 0x18, 0x63, 0x03, 0x80, 0x73, 0xFF, 0xC7, 0x1F, 0xF8,
    0x60, 0xEF, 0x0E, 0x3C, 0x7C, 0x47, 0x81, 0xE0, 0x20, 0x04, 0x01, 0x80, 0x00, 0xC0, 0x18, 0x60,
    0xCC, 0x30, 0x66, 0x18, 0x33, 0x0C, 0x19, 0x86, 0x0C, 0xC3, 0x06, 0x7F, 0xFF, 0x3F, 0xFF, 0x80,
    0x60, 0x18, 0x30, 0x3C, 0x18, 0x1E, 0x0C, 0x0F, 0x06, 0x07, 0x83, 0x03, 0xC1, 0x81, 0xFF, 0xFF,
    0xFF, 0xFF, 0xE0, 0x00, 0x30, 0x00, 0x00, 0x00, 0x1C, 0x70, 0x00, 0xC1, 0x80, 0x0E, 0x0E, 0x00,
    0xE0, 0x38, 0x07, 0x01, 0xC0, 0x70, 0x07, 0x07, 0x00, 0x1C, 0x7F, 0xFF, 0xF3, 0xFF, 0xFD, 0x80,
    0x70, 0x60, 0x03, 0x83, 0x00, 0x18, 0x18, 0x00, 0xC0, 0xC0, 0x0E, 0x06, 0x00, 0x60, 0x70, 0x07,
    0x03, 0x80, 0xF0, 0x1C, 0x1F, 0x0F, 0xC0, 0xF0, 0x7E, 0x02, 0x00, 0x00, 0x00, 0x18, 0x00, 0x01,
    0x8F, 0xFF, 0x18, 0xFF, 0xF1, 0x80, 0xC3, 0x19, 0x8C, 0x33, 0xF8, 0xC3, 0xFF, 0x0C, 0x37, 0x80,
    0xC3, 0x18, 0x1C, 0x31, 0x81, 0xC3, 0x18, 0x18, 0x71, 0x89, 0x87, 0x1B, 0x98, 0x71, 0xFB, 0x87,
    0x3E, 0x30, 0x71, 0x87, 0x06, 0x00, 0xE0, 0x60, 0x1C, 0x7E, 0x01, 0x87, 0xC0, 0x00, 0x00, 0x00,
    0x00, 0x7F, 0xFC, 0x0F, 0xFF, 0xB1, 0x8C, 0x06, 0x31, 0x80, 0xC6, 0x7F, 0xD8, 0xCF, 0xFB, 0x19,
    0x86, 0x63, 0x70, 0xCC, 0x7C, 0x19, 0x8F, 0x77, 0x31, 0x8F, 0xC6, 0x30, 0x78, 0xC6, 0x06, 0x18,
    0xC1, 0xC0, 0x18, 0x70, 0x03, 0x1C, 0x00, 0x6F, 0x00, 0x7D, 0xC0, 0x0F, 0x80, 0x00, 0x00, 0x00,
    0x00, 0x00, 0x38, 0x03, 0x03, 0x80, 0x30, 0x7C, 0x33, 0x0E, 0xE3, 0x31, 0xC7, 0x33, 0x38, 0x3B,
    0x37, 0x01, 0xB3, 0x7F, 0xE3, 0x31, 0xFE, 0x33, 0x18, 0x63, 0x31, 0x86, 0x33, 0x18, 0x63, 0x31,
    0x9E, 0x33, 0x1B, 0xC3, 0x31, 0x81, 0x03, 0x18, 0x18, 0x31, 0x81, 0x83, 0x1F, 0xFB, 0xF1, 0xFF,
    0x3F, 0x00, 0x00, 0x00, 0x08, 0x00, 0x03, 0x80, 0x00, 0x33, 0xFF, 0x86, 0x7F, 0xFF, 0xF0, 0xC7,
    0xFE, 0x18, 0xC1, 0xC7, 0x18, 0x70, 0xE3, 0x0F, 0x9C, 0x63, 0xB3, 0x8C, 0xFC, 0x61, 0xBF, 0x8C,
    0x3F, 0xF9, 0x8F, 0xDB, 0x71, 0xC3, 0x4C, 0x38, 0x63, 0x87, 0x0C, 0x70, 0xC1, 0x9C, 0x18, 0x37,
    0x1F, 0x06, 0xC3, 0xC0, 0x00, 0x00, 0x7F, 0xF8, 0x6F, 0xFF, 0x0D, 0x9E, 0x6D, 0xB3, 0xCD, 0xB6,
    0x79, 0xB6, 0xCF, 0x36, 0xD9, 0xE6, 0xDF, 0xFF, 0xDB, 0xFF, 0xFF, 0x7F, 0xFF, 0x6D, 0x9E, 0x6D,
    0xB3, 0xCD, 0xB6, 0x79, 0xB6, 0xCF, 0x34, 0xD9, 0xE6, 0x1B, 0x3C, 0xC3, 0xE7, 0x98, 0x7B, 0xEF,
    0x7F, 0x7D, 0xCF, 0x00, 0x00, 0x00, 0x00, 0x00, 0x00, 0x00, 0x3F, 0xFE, 0xCF, 0xFF, 0xB3, 0x19,
    0x8C, 0xCC, 0x73, 0x37, 0x1C, 0xCD, 0xFF, 0xB3, 0x7E, 0x6C, 0xC1, 0x83, 0x30, 0x60, 0xCD, 0xFF,
    0xB3, 0x7F, 0xEC, 0xC1, 0x83, 0x30, 0x60, 0xCC, 0x1B, 0x83, 0x0F, 0xE0, 0xFF, 0xE0, 0x3F, 0x80,
    0x7F, 0x00, 0x1F, 0x03, 0x00, 0x01, 0xB0, 0x03, 0x3B, 0x03, 0x33, 0xFF, 0x33, 0x3F, 0xF3, 0x36,
    0x30, 0x33, 0x63, 0x03, 0x37, 0xFF, 0xB3, 0x7F, 0xFB, 0x30, 0x30, 0x33, 0x3F, 0xF3, 0x33, 0xFF,
    0x33, 0x3F, 0xF3, 0x33, 0x33, 0x33, 0x33, 0x30, 0x33, 0x33, 0x03, 0x33, 0x70, 0x33, 0x3F, 0x03,
    0x03, 0x03, 0xF0, 0x30, 0x1E, 0x00, 0x00, 0x00, 0x00, 0x00, 0x67, 0xFE, 0x0C, 0xFF, 0xD9, 0x98,
    0x1B, 0x33, 0xFF, 0x66, 0x7F, 0xEC, 0xCF, 0xFD, 0x99, 0x8C, 0x33, 0x3F, 0xF6, 0x67, 0xFE, 0xCC,
    0xF6, 0xD9, 0x9E, 0xDB, 0x33, 0xDB, 0x66, 0x7B, 0x6C, 0xDF, 0x6C, 0x1B, 0x6F, 0x83, 0x69, 0x80,
    0x7C, 0x30, 0x7D, 0x06, 0x07, 0x80, 0x08, 0x02, 0x03, 0x80, 0xE0, 0x38, 0x38, 0x7F, 0xFF, 0xFF,
    0xFF, 0xFF, 0xFF, 0xFF, 0xC0, 0x00, 0x03, 0xFC, 0xCE, 0x7F, 0x99, 0xCC, 0x33, 0x39, 0xFE, 0x67,
    0x3F, 0xCC, 0xE6, 0x19, 0x9C, 0xC3, 0x33, 0x9F, 0xE6, 0x73, 0xFC, 0xCE, 0x61, 0x81, 0xCC, 0x30,
    0x39, 0x9E, 0x3F, 0x33, 0xC3, 0xC0, 0x00, 0x00, 0x00, 0x00, 0x00, 0xFE, 0x0C, 0xFF, 0x81, 0x91,
    0x81, 0xB7, 0xFF, 0xB6, 0xFF, 0xF6, 0xC3, 0xD0, 0xD8, 0x7B, 0x9B, 0x7F, 0x7B, 0x67, 0xEE, 0x6C,
    0x7D, 0xAD, 0xBF, 0xBD, 0xB6, 0xF7, 0xB6, 0x1F, 0x86, 0xC3, 0xF8, 0xD8, 0x7B, 0x83, 0x3B, 0x38,
    0x6F, 0x62, 0x0D, 0xCC, 0x07, 0x81, 0x80, 0xF0, 0x00, 0x00, 0x06, 0x02, 0x00, 0x60, 0x70, 0x7F,
    0xFF, 0xE7, 0xFF, 0xFF, 0x00, 0x00, 0xC3, 0xFC, 0xCC, 0x38, 0xCC, 0xC3, 0xFC, 0xCC, 0x38, 0xCC,
    0xC3, 0xFC, 0xCC, 0x38, 0xCC, 0xC3, 0x9C, 0x3C, 0x11, 0x80, 0x07, 0xFF, 0xFC, 0x7F, 0xFF, 0xC0,
    0x0C, 0x0C, 0x01, 0xC0, 0xC0, 0x38, 0x0C, 0x3F, 0x0F, 0xC7, 0xC0, 0xF8, 0x00, 0x00, 0x00, 0x00,
    0x0C, 0x00, 0x00, 0xC0, 0x7F, 0x8C, 0x07, 0xF8, 0xC0, 0x0C, 0xFF, 0xF0, 0xCF, 0xFF, 0x0C, 0x0C,
    0x30, 0xC1, 0xC3, 0x0C, 0x1C, 0x30, 0xC1, 0xC3, 0x0C, 0x18, 0x30, 0xD9, 0x87, 0x0F, 0xB8, 0x77,
    0xF3, 0x87, 0xF8, 0x70, 0x74, 0x07, 0x06, 0x00, 0xE0, 0x60, 0x3C, 0xFE, 0x03, 0x87, 0xC0, 0x00,
    0x00, 0x08, 0x00, 0x01, 0x80, 0x00, 0x30, 0x00, 0x06, 0x0F, 0xF7, 0xFD, 0xFE, 0xFF, 0xB0, 0xC3,
    0x36, 0x18, 0x66, 0xC3, 0x0C, 0xD8, 0x63, 0x9B, 0x0C, 0x73, 0x61, 0x8E, 0x6C, 0x31, 0x8D, 0x86,
    0x31, 0xB0, 0xC6, 0x36, 0x19, 0xC6, 0xC3, 0x30, 0xDF, 0xEE, 0x3B, 0xFD, 0xBF, 0x61, 0xF3, 0xCC,
    0x30, 0x00, 0x00, 0x00, 0x80, 0x00, 0x0E, 0x00, 0x00, 0xFF, 0xE0, 0x0F, 0xFF, 0x80, 0xE0, 0x3C,
    0x1F, 0xC3, 0xC0, 0xC7, 0xF8, 0x00, 0x1F, 0x80, 0x3F, 0xFF, 0xF3, 0xF8, 0x3F, 0x9C, 0x18, 0x00,
    0x00, 0xC0, 0x03, 0xFF, 0xFE, 0x1F, 0xFF, 0xE0, 0x07, 0x03, 0x00, 0x30, 0x18, 0x03, 0x80, 0xC0,
    0x78, 0x0E, 0x1F, 0x87, 0xE0, 0xF0, 0x3F, 0x00, 0x00, 0x00, 0x00, 0x00, 0x04, 0x00, 0x01, 0x83,
    0xFE, 0x30, 0x3F, 0xC6, 0x00, 0x00, 0xC0, 0x00, 0xFF, 0xC0, 0x1F, 0xFF, 0xFE, 0x63, 0xFF, 0x8C,
    0x67, 0x01, 0x8C, 0xCC, 0x31, 0x99, 0x86, 0x37, 0x39, 0xC6, 0xC3, 0x31, 0xD9, 0xE6, 0x3F, 0xFF,
    0xC7, 0xFC, 0xF8, 0xD8, 0x0E, 0x18, 0x01, 0xFF, 0x00, 0x77, 0xE0, 0x00, 0x00, 0x00, 0x00, 0x00,
    0x60, 0x00, 0x0E, 0x00, 0x00, 0xE0, 0x00, 0x0F, 0xFF, 0xE1, 0xFF, 0xFE, 0x18, 0xCE, 0x63, 0x9C,
    0xE6, 0x71, 0x8C, 0x6E, 0x38, 0xC6, 0xE3, 0x1C, 0x60, 0x71, 0x86, 0x06, 0x18, 0x60, 0xE3, 0x86,
    0x1C, 0x30, 0xE3, 0x87, 0x0E, 0x78, 0xE0, 0xE3, 0x0E, 0x0C, 0x01, 0xCF, 0xC0, 0x18, 0xF8, 0x06,
    0x00, 0x00, 0x60, 0x00, 0x0E, 0x00, 0x00, 0xFF, 0xFC, 0x1F, 0xFF, 0xC3, 0x80, 0x0C, 0x70, 0x00,
    0xCF, 0xFF, 0x0C, 0x5F, 0xF0, 0xC1, 0x83, 0x0C, 0x18, 0x31, 0xC1, 0xFF, 0x1C, 0x1F, 0xF1, 0xC1,
    0xFF, 0xF8, 0x18, 0x0F, 0x81, 0x80, 0x02, 0x18, 0x00, 0x31, 0x80, 0x07, 0x1F, 0xFF, 0xE0, 0xFF,
    0xFE, 0xFF, 0xFF, 0xFF, 0xFF, 0xFC, 0x61, 0x83, 0x18, 0x60, 0xC6, 0x18, 0x31, 0x86, 0x0C, 0x61,
    0x83, 0x18, 0x60, 0xCE, 0x18, 0xF3, 0x06, 0x7D, 0xC1, 0xFB, 0xE0, 0x7E, 0xF8, 0x0F, 0x30, 0x00,
    0x0C, 0x00, 0x03, 0xFF, 0xFF, 0xFF, 0xFF, 0xC0, 0xFF, 0xFF, 0xFF, 0xFF, 0xFC, 0x00, 0x03, 0x00,
    0x38, 0xDC, 0x0E, 0x33, 0x87, 0x0C, 0x73, 0x83, 0x0F, 0xC0, 0xC1, 0xF0, 0x30, 0x3C, 0x0C, 0x1F,
    0x83, 0x1E, 0xF0, 0xCF, 0x1E, 0x37, 0x83, 0x8D, 0x80, 0x63, 0x00, 0x00, 0xFF, 0xFF, 0xFF, 0xFF,
    0xF0, 0x00, 0x00, 0x00, 0x60, 0x38, 0x07, 0x07, 0x00, 0x38, 0x60, 0x1F, 0xFF, 0xC1, 0xFF, 0xFC,
    0x18, 0x60, 0xC1, 0xFF, 0xFC, 0x1F, 0xFF, 0xC1, 0x86, 0x0C, 0x18, 0x60, 0xC1, 0xFF, 0xFC, 0x1F,
    0xFF, 0xC0, 0x06, 0x00, 0x7F, 0xFF, 0xF7, 0xFF, 0xFF, 0x00, 0x60, 0x00, 0x06, 0x00, 0x00, 0x60,
    0x00, 0x06, 0x00, 0x03, 0x00, 0x01, 0x80, 0x00, 0xC0, 0x00, 0x60, 0x00, 0x3F, 0xF8, 0x1F, 0xFC,
    0x0C, 0x00, 0x06, 0x00, 0x03, 0x00, 0x01, 0x80, 0x3F, 0xFF, 0x9F, 0xFF, 0xCC, 0x00, 0x66, 0x00,
    0x33, 0x00, 0x19, 0x80, 0x0C, 0xFF, 0xFE, 0x7F, 0xFF, 0x3F, 0xFF, 0x98, 0x00, 0xC0, 0x00, 0x60,
    0x00, 0x06, 0x00, 0x00, 0x60, 0x00, 0x07, 0xFC, 0x00, 0x7F, 0xC0, 0x06, 0x00, 0x00, 0x60, 0x00,
    0x06, 0x00, 0x7F, 0xFF, 0xF7, 0xFF, 0xFF, 0x00, 0x60, 0x00, 0x06, 0x00, 0x00, 0x7C, 0x00, 0x07,
    0xF0, 0x00, 0x67, 0xC0, 0x06, 0x1E, 0x00, 0x60, 0x40, 0x06, 0x00, 0x00, 0x60, 0x00, 0x06, 0x00,
    0x7F, 0xDF, 0xEF, 0xFB, 0xFD, 0x83, 0x7F, 0xB0, 0x6C, 0x37, 0xFD, 0x86, 0xFF, 0xB0, 0xDF, 0xF6,
    0x1B, 0x06, 0xC3, 0x60, 0xD8, 0x6F, 0xFB, 0x0D, 0xFF, 0x61, 0xB1, 0x8C, 0x36, 0x31, 0x86, 0xC7,
    0x37, 0xD9, 0xE6, 0xF3, 0xFE, 0xC0, 0xFC, 0xD8, 0x0E, 0x1B, 0x00, 0x00, 0x60, 0x00, 0x3F, 0xFF,
    0xF3, 0xFF, 0xFF, 0x30, 0x00, 0x03, 0x01, 0x80, 0x30, 0x18, 0x03, 0x01, 0x80, 0x30, 0x18, 0x03,
    0x7F, 0xFE, 0x37, 0xFF, 0xE3, 0x01, 0x80, 0x30, 0x19, 0x03, 0x01, 0xB8, 0x30, 0x19, 0xC3, 0x01,
    0x8C, 0x70, 0x18, 0x46, 0x01, 0x80, 0x6F, 0xFF, 0xFE, 0xFF, 0xFF, 0x40, 0x00, 0x00, 0x3F, 0xFF,
    0xF3, 0xFF, 0xFF, 0x38, 0x38, 0x03, 0x03, 0x00, 0x33, 0xFF, 0xC3, 0x3F, 0xFC, 0x33, 0x00, 0xC3,
    0x3F, 0xFC, 0x33, 0xFF, 0xC3, 0x30, 0x0C, 0x33, 0xFF, 0xC3, 0x3F, 0xFC, 0x30, 0x18, 0x07, 0x19,
    0xB0, 0x73, 0x9B, 0x86, 0x71, 0x9C, 0x6E, 0x18, 0xEE, 0xCF, 0x87, 0x40, 0xF8, 0x00, 0x00, 0x00,
    0x00, 0x01, 0x80, 0x7F, 0xFC, 0x1F, 0xFF, 0x01, 0xF0, 0x00, 0x18, 0x00, 0x01, 0x80, 0x00, 0x18,
    0x00, 0x01, 0xFF, 0xFC, 0x1F, 0xFF, 0xC1, 0x98, 0x1C, 0x19, 0x83, 0x81, 0x9C, 0x38, 0x18, 0xE7,
    0x01, 0x87, 0xE0, 0x38, 0x7E, 0x03, 0x83, 0xC0, 0x30, 0xFF, 0x07, 0x3E, 0x7C, 0x7F, 0x81, 0xF6,
    0x60, 0x06, 0x00, 0x60, 0x00, 0x63, 0x18, 0x03, 0x18, 0xE0, 0x18, 0xC3, 0x81, 0xCE, 0x0C, 0x1F,
    0xFF, 0xF8, 0xFF, 0xFF, 0xC2, 0x18, 0x00, 0x01, 0xC0, 0x00, 0x0F, 0xFE, 0x00, 0xFF, 0xF0, 0x07,
    0x83, 0x00, 0x7E, 0x38, 0x07, 0x33, 0x80, 0x71, 0xF8, 0x07, 0x87, 0x80, 0x78, 0x7F, 0x03, 0x0F,
    0xBE, 0x01, 0xF0, 0xFC, 0x0E, 0x00, 0xE0, 0x7F, 0xC0, 0x03, 0xFE, 0x00, 0x0C, 0x6F, 0xFC, 0x63,
    0x7F, 0xE3, 0xF9, 0x87, 0x1F, 0xCE, 0x30, 0xFE, 0x71, 0x86, 0x31, 0x9C, 0x31, 0x8C, 0xE1, 0xFC,
    0x76, 0x0F, 0xE1, 0xF0, 0x63, 0x0F, 0x03, 0x1C, 0x78, 0x1F, 0xF1, 0xC1, 0xFF, 0x1E, 0x0F, 0x31,
    0xF8, 0x01, 0x9C, 0xE0, 0x0D, 0xC3, 0xC0, 0x6C, 0x0C, 0x00, 0x00, 0x00, 0xFF, 0xFF, 0xFF, 0xFF,
    0xC0, 0x03, 0xC0, 0x03, 0xC0, 0x03, 0xC0, 0x03, 0xC0, 0x03, 0xC0, 0x03, 0xC0, 0x03, 0xC0, 0x03,
    0xC0, 0x03, 0xC0, 0x03, 0xC0, 0x03, 0xC0, 0x03, 0xFF, 0xFF, 0xFF, 0xFF, 0xC0, 0x03, 0xC0, 0x03,
    0x7F, 0xFF, 0xF7, 0xFF, 0xFF, 0x00, 0x01, 0x80, 0x00, 0x18, 0x00, 0x01, 0x81, 0xFF, 0x18, 0x1F,
    0xF1, 0x81, 0x83, 0x18, 0x18, 0x31, 0x81, 0x83, 0x18, 0x18, 0x31, 0x81, 0x83, 0x18, 0x1F, 0xF1,
    0x81, 0xFF, 0x18, 0x18, 0x01, 0x80, 0x80, 0x18, 0x00, 0x01, 0x80, 0x01, 0xF8, 0x00, 0x1F, 0x80,
    0x00, 0x00, 0x00, 0xC0, 0x00, 0x0C, 0x00, 0x00, 0xC0, 0x00, 0x1C, 0x00, 0x7F, 0xFF, 0xE7, 0xFF,
    0xFF, 0x03, 0x80, 0x00, 0x30, 0x00, 0x07, 0x00, 0x00, 0x60, 0x00, 0x0F, 0xFF, 0xC1, 0xFF, 0xFC,
    0x3F, 0x00, 0xC7, 0x70, 0x0C, 0xE7, 0x00, 0xC4, 0x70, 0x0C, 0x07, 0x00, 0xC0, 0x7F, 0xFC, 0x07,
    0xFF, 0xC0, 0x70, 0x0C, 0x3F, 0xFF, 0x07, 0xFF, 0xE0, 0xC0, 0x0C, 0x18, 0x01, 0x83, 0xFF, 0xF0,
    0x7F, 0xFE, 0x00, 0x00, 0x07, 0xFF, 0xFE, 0xFF, 0xFF, 0xFF, 0xFF, 0xF8, 0x70, 0x00, 0x0F, 0xFF,
    0x81, 0xFF, 0xF0, 0x00, 0x0E, 0x00, 0x01, 0xC0, 0x00, 0x30, 0x00, 0x06, 0x00, 0x1F, 0xC0, 0x03,
    0xF0, 0x00, 0x00, 0x00, 0x01, 0x80, 0x00, 0x0C, 0x00, 0x00, 0xFF, 0xE0, 0x0F, 0xFF, 0x00, 0xF0,
    0x38, 0x1F, 0xC3, 0x81, 0xEF, 0x78, 0x04, 0x1F, 0x80, 0x00, 0xF8, 0x00, 0x3F, 0xF8, 0x0F, 0xE3,
    0xF9, 0xF8, 0x03, 0xE6, 0xFF, 0xFB, 0x07, 0xFF, 0xC0, 0x30, 0x06, 0x01, 0x80, 0x30, 0x0C, 0x01,
    0x80, 0x7F, 0xFC, 0x03, 0xFF, 0xE0, 0x18, 0x03, 0x00, 0x00, 0x00, 0x00, 0xFF, 0xFF, 0xFF, 0xFF,
    0xFC, 0x00, 0x0F, 0x00, 0x03, 0xDF, 0xFC, 0xF7, 0xFF, 0x3C, 0x00, 0x0F, 0x10, 0x03, 0xCF, 0xF8,
    0xF3, 0x06, 0x3C, 0xC1, 0x8F, 0x30, 0x63, 0xCC, 0x18, 0xF3, 0xFE, 0x3C, 0xFF, 0x8F, 0x30, 0x03,
    0xC0, 0x00, 0xF0, 0x03, 0xFC, 0x00, 0xF8, 0x00, 0xC0, 0x00, 0x70, 0x00, 0x3F, 0xF8, 0x1F, 0xFF,
    0x0F, 0x03, 0x8F, 0x00, 0xE7, 0xB0, 0x70, 0x8E, 0x78, 0x01, 0xFC, 0x00, 0x3C, 0x00, 0x3E, 0x00,
    0x7F, 0xFF, 0x7F, 0xFF, 0xDD, 0x80, 0x30, 0x60, 0x0C, 0x18, 0x03, 0x06, 0x00, 0xC1, 0xFF, 0xF0,
    0x7F, 0xFC, 0x18, 0x03, 0x00, 0x00, 0x00, 0x00, 0x7F, 0x07, 0xFF, 0xF8, 0x3F, 0xF8, 0x01, 0x80,
    0x00, 0x0C, 0x00, 0x00, 0x7F, 0xFF, 0xC3, 0xFF, 0xFE, 0x18, 0x00, 0x00, 0xC0, 0x00, 0x06, 0xFF,
    0xF8, 0x37, 0xFF, 0xC1, 0xBF, 0xFE, 0x1D, 0x80, 0x30, 0xEC, 0x01, 0x86, 0x60, 0x0C, 0x73, 0x00,
    0x63, 0x9F, 0xFF, 0x18, 0xFF, 0xF8, 0xC6, 0x00, 0xC0, 0x00, 0x00, 0x00, 0x01, 0x80, 0x01, 0xC0,
    0x00, 0xE0, 0x00, 0x60, 0x0F, 0xFF, 0xFF, 0xFF, 0xFF, 0x00, 0x07, 0x80, 0x03, 0xCF, 0xF9, 0xE7,
    0xFC, 0xF3, 0x06, 0x79, 0x83, 0x3C, 0xC1, 0x9E, 0x7F, 0xCF, 0x3F, 0xE7, 0x9F, 0xF3, 0xCC, 0x01,
    0xE0, 0x00, 0xF0, 0x07, 0xF8, 0x03, 0xF0, 0x7F, 0xFF, 0xE7, 0xFF, 0xFE, 0x7F, 0xFF, 0xE0, 0x0F,
    0x00, 0x01, 0xFE, 0x00, 0x7F, 0xF8, 0x1F, 0x73, 0xC7, 0xC7, 0x0F, 0xF8, 0x70, 0x74, 0x07, 0x00,
    0x0F, 0xFF, 0x81, 0xFF, 0xFC, 0x1F, 0xFF, 0xC1, 0xC0, 0x1C, 0x1C, 0x01, 0xC1, 0xC0, 0x1C, 0x1F,
    0xFF, 0xC1, 0xFF, 0xFC, 0x1C, 0x01, 0xC0, 0x00, 0x00, 0x00, 0x20, 0x00, 0x03, 0x80, 0x00, 0x3C,
    0x00, 0x03, 0xF0, 0x00, 0x79, 0xE0, 0x07, 0xE7, 0xC1, 0xF3, 0xCF, 0x9F, 0x06, 0x1E, 0x7F, 0xFF,
    0x30, 0xFF, 0xFC, 0x00, 0x03, 0xC0, 0x00, 0x3C, 0x01, 0xFF, 0xF8, 0x0F, 0xFF, 0xC0, 0x60, 0x06,
    0x03, 0x00, 0x30, 0x18, 0x01, 0x80, 0xFF, 0xFC, 0x07, 0xFF, 0xE0, 0x30, 0x03, 0x00, 0x00, 0x00,
    0x00, 0x00, 0x60, 0x00, 0x0C, 0x00, 0x01, 0xC0, 0x0F, 0xFF, 0xE1, 0xFF, 0xFC, 0x30, 0x01, 0x86,
    0x00, 0x30, 0xFF, 0xFE, 0x1F, 0xFF, 0xC3, 0xFF, 0xF8, 0x60, 0x00, 0x0F, 0xFF, 0xF1, 0xFF, 0xFE,
    0x3C, 0x01, 0xCF, 0x80, 0x39, 0xF0, 0x07, 0x37, 0xFF, 0xEE, 0xFF, 0xFD, 0xDF, 0xFF, 0xB3, 0x00,
    0x70, 0x00, 0x00, 0x00, 0x60, 0x01, 0x8C, 0x00, 0x71, 0x80, 0x0F, 0xFF, 0xE3, 0xFF, 0xFC, 0x60,
    0xC0, 0x1C, 0x18, 0x03, 0x03, 0x00, 0xFF, 0xFF, 0xFF, 0xFF, 0xFC, 0x00, 0x00, 0x0F, 0xFF, 0xC1,
    0xFF, 0xF8, 0x3F, 0xFF, 0x06, 0x00, 0x60, 0xC0, 0x0C, 0x18, 0x01, 0x83, 0xFF, 0xF0, 0x7F, 0xFE,
    0x0C, 0x00, 0xC0, 0x00, 0x00, 0x1F, 0xFF, 0xE3, 0xFF, 0xFC, 0x61, 0xC1, 0x8C, 0x38, 0x31, 0xBF,
    0xF6, 0x37, 0xFC, 0xC6, 0x1C, 0x18, 0xFF, 0xFB, 0x1F, 0xFF, 0x63, 0x00, 0x0C, 0x67, 0xF1, 0x8D,
    0xFF, 0x33, 0xB0, 0x66, 0x76, 0x0C, 0xCC, 0xFF, 0x99, 0x9F, 0xF3, 0x73, 0x00, 0x6C, 0x20, 0xFD,
    0x80, 0x1F, 0x80, 0x00, 0x00, 0x00, 0x20, 0x00, 0x07, 0x00, 0x00, 0xF8, 0x00, 0x3D, 0xC0, 0x07,
    0x8F, 0x01, 0xF0, 0x7C, 0x7F, 0xFF, 0xF7, 0x3F, 0xEE, 0x00, 0x00, 0x03, 0xF9, 0xFC, 0x3F, 0x9F,
    0xC3, 0x19, 0x8C, 0x31, 0x98, 0xC3, 0x19, 0x8C, 0x31, 0x98, 0xC3, 0xF9, 0xBC, 0x3F, 0x9B, 0xC3,
    0x01, 0x80, 0x00, 0x18, 0x00, 0x01, 0x80, 0x00, 0x80, 0x00, 0xF8, 0x01, 0xFF, 0xFF, 0xBF, 0x1F,
    0xF0, 0x63, 0x06, 0x0C, 0x60, 0xDF, 0xFC, 0x1B, 0xFF, 0x83, 0x7F, 0xF0, 0x61, 0xE6, 0x0C, 0x7E,
    0xC1, 0x8F, 0xF8, 0x33, 0x6F, 0x06, 0xED, 0xE0, 0xD9, 0x8C, 0x1F, 0x31, 0xFF, 0x46, 0x3F, 0xE0,
    0xC6, 0x0C, 0x18, 0xC1, 0x83, 0x00, 0x00, 0x00, 0x08, 0x00, 0x03, 0x83, 0xF0, 0x70, 0x7E, 0x1F,
    0x0C, 0xC3, 0x71, 0x98, 0xE6, 0x33, 0x38, 0xE6, 0x6F, 0xFF, 0xCF, 0xFF, 0xF9, 0xA0, 0x03, 0x30,
    0x00, 0x66, 0x7F, 0xCF, 0xCF, 0xF9, 0xF9, 0x83, 0x3F, 0x30, 0x66, 0x06, 0x0C, 0x40, 0xC1, 0x80,
    0x1F, 0xF0, 0x03, 0xFE, 0x00, 0x60, 0xC0, 0x00, 0x00, 0x00, 0x30, 0x00, 0x07, 0x00, 0x78, 0x7F,
    0x8F, 0xCF, 0xF8, 0xFD, 0xC7, 0x0C, 0xFF, 0xFC, 0xCF, 0xFF, 0xCC, 0xD9, 0xDC, 0xCD, 0x9D, 0xCC,
    0xD9, 0xDC, 0xCD, 0x9D, 0xCC, 0xD9, 0x9C, 0xCF, 0xFF, 0xEF, 0xFF, 0xFE, 0xFC, 0x3C, 0x0C, 0x07,
    0xE0, 0xC0, 0xE7, 0x00, 0x1C, 0x3C, 0x07, 0x81, 0xE0, 0x60, 0x06, 0x3F, 0x9F, 0xC1, 0xFC, 0xFF,
    0x0C, 0x66, 0x38, 0x63, 0x31, 0xC3, 0xF9, 0xFE, 0x1F, 0xCF, 0xF0, 0x03, 0xBC, 0x00, 0x18, 0xF0,
    0x7F, 0xFF, 0xF3, 0xFF, 0xFF, 0x83, 0xC1, 0xC0, 0x7C, 0x07, 0x8F, 0xF9, 0xFF, 0x3F, 0xCF, 0xF8,
    0xC6, 0x63, 0x86, 0x33, 0x1C, 0x3F, 0x9F, 0xE1, 0xFC, 0xFF, 0x0C, 0x66, 0x38, 0xFF, 0xFF, 0xFF,
    0xFF, 0xFC, 0x63, 0x0F, 0x18, 0xC3, 0xC6, 0x30, 0xF1, 0x8C, 0x3C, 0x63, 0x0F, 0x38, 0xC3, 0xCE,
    0x30, 0xF7, 0x0F, 0xFF, 0xC1, 0xEF, 0xE0, 0x03, 0xC0, 0x00, 0xF0, 0x00, 0x3F, 0xFF, 0xFF, 0xFF,
    0xFF, 0xC0, 0x00, 0xC0, 0x00, 0x00, 0xFF, 0xFF, 0xFF, 0xFF, 0xFC, 0x00, 0x0F, 0x00, 0x03, 0xC0,
    0x00, 0xF1, 0xFE, 0x3C, 0x7F, 0x8F, 0x18, 0x63, 0xC6, 0x18, 0xF1, 0x86, 0x3C, 0x61, 0x8F, 0x1F,
    0xE3, 0xC7, 0xF8, 0xF0, 0x00, 0x3C, 0x00, 0x0F, 0x00, 0x03, 0xFF, 0xFF, 0xFF, 0xFF, 0xFC, 0x00,
    0x0C, 0xFF, 0xFF, 0xFF, 0xFF, 0xFC, 0x0C, 0x0F, 0x03, 0x03, 0xC0, 0xC0, 0xF0, 0x30, 0x3D, 0xFF,
    0xEF, 0x7F, 0xFB, 0xC1, 0xC0, 0xF0, 0x78, 0x3C, 0x1F, 0x0F, 0x0E, 0xE3, 0xC7, 0x1C, 0xF3, 0x83,
    0xBD, 0xC0, 0x6F, 0x20, 0x03, 0xFF, 0xFF, 0xFF, 0xFF, 0xFC, 0x00, 0x0C, 0xFF, 0xFF, 0xFF, 0xFF,
    0xFC, 0x0C, 0x0F, 0x03, 0x03, 0xDF, 0xFF, 0xF3, 0xFF, 0xBC, 0x0C, 0x0F, 0x3F, 0xF3, 0xC7, 0xFC,
    0xF0, 0x30, 0x3D, 0xFF, 0xEF, 0x3F, 0xFB, 0xC0, 0xC6, 0xF0, 0x37, 0xBC, 0x0D, 0xCF, 0x03, 0x03,
    0xFF, 0xFF, 0xFF, 0xFF, 0xFC, 0x00, 0x0C, 0xFF, 0xFF, 0xFF, 0xFF, 0xFC, 0x0C, 0x0F, 0x03, 0x03,
    0xC0, 0xC0, 0xF7, 0xFF, 0xBD, 0xFF, 0xCF, 0x03, 0x03, 0xC0, 0xC0, 0xF3, 0xFF, 0x3C, 0xFF, 0xCF,
    0x30, 0x73, 0xCC, 0x1C, 0xF3, 0xFF, 0x3C, 0x7F, 0x8F, 0x00, 0x03, 0xFF, 0xFF, 0xFF, 0xFF, 0xFC,
    0x00, 0x0C, 0xFF, 0xFF, 0xFF, 0xFF, 0xFC, 0x18, 0x0F, 0x0E, 0x03, 0xC7, 0xFE, 0xF3, 0xC7, 0x3D,
    0xFB, 0x8F, 0x67, 0xC3, 0xC3, 0xF8, 0xFF, 0xEF, 0xFF, 0xF8, 0xFF, 0x07, 0xC3, 0xC0, 0x70, 0xF3,
    0xF8, 0x3C, 0x7F, 0xCF, 0x00, 0xF3, 0xFF, 0xFF, 0xFF, 0xFF, 0xFC, 0x00, 0x0C, 0x7F, 0xFF, 0xBF,
    0xFF, 0xFC, 0x00, 0x0F, 0x3F, 0xF3, 0xCC, 0x0C, 0xF3, 0xFF, 0x3C, 0x00, 0x0F, 0x3F, 0xF3, 0xDF,
    0xFE, 0xF7, 0x01, 0xBD, 0xCC, 0x6F, 0x73, 0x1B, 0xDC, 0xE6, 0xF2, 0xFE, 0x3D, 0xFB, 0xEF, 0x78,
    0x3B, 0xFF, 0xFF, 0xFF, 0xFF, 0xFC, 0x00, 0x0C, 0x00, 0xC0, 0x00, 0x1C, 0x00, 0x01, 0xC0, 0x07,
    0xFF, 0xFF, 0x7F, 0xFF, 0xF0, 0x30, 0x00, 0x07, 0x0C, 0x00, 0xE0, 0xC0, 0x0E, 0x0C, 0x01, 0xC0,
    0xC0, 0x3C, 0xFF, 0xE7, 0xDF, 0xFE, 0xFC, 0x0C, 0x05, 0xC0, 0xC0, 0x1C, 0x0C, 0x01, 0xC0, 0xC0,
    0x1C, 0x0C, 0x01, 0xC0, 0xC0, 0x1D, 0xFF, 0xF1, 0xDF, 0xFF, 0x08, 0x06, 0x00, 0xC0, 0x30, 0x06,
    0x19, 0x80, 0x30, 0xCC, 0x01, 0x86, 0x66, 0x3F, 0xB3, 0xFB, 0xFD, 0xBF, 0x83, 0x0F, 0xCC, 0x19,
    0xFE, 0x60, 0xCF, 0x33, 0x06, 0x59, 0x98, 0x30, 0xCC, 0xC1, 0xF6, 0x7E, 0x0F, 0xB3, 0xF1, 0xF1,
    0x98, 0x1F, 0x0C, 0x06, 0x60, 0x60, 0x30, 0x03, 0x01, 0x80, 0x1F, 0xFC, 0x00, 0xFF, 0xC0, 0x08,
    0x06, 0x01, 0xC0, 0x60, 0x1C, 0x06, 0x01, 0xC0, 0x60, 0x1C, 0x06, 0x07, 0xF6, 0x60, 0x7F, 0x66,
    0x01, 0xC6, 0x7F, 0x1C, 0x67, 0xF1, 0xC6, 0x60, 0x1C, 0x66, 0x01, 0xC6, 0x60, 0x1F, 0x66, 0x03,
    0xF6, 0x60, 0x7C, 0x66, 0x07, 0x06, 0x60, 0x00, 0x66, 0x00, 0x3F, 0xFF, 0x03, 0xFF, 0xF0, 0x18,
    0x08, 0x01, 0x81, 0xC0, 0x18, 0x18, 0x01, 0x83, 0xFE, 0x18, 0x3F, 0xF7, 0xF7, 0xFF, 0xFF, 0xE0,
    0x31, 0x9D, 0x03, 0x18, 0xB8, 0x31, 0x81, 0xC3, 0x18, 0x0E, 0x31, 0x80, 0x6B, 0x1B, 0x03, 0xF1,
    0xF8, 0xF7, 0x3E, 0x3E, 0x77, 0x8F, 0x87, 0x60, 0xE0, 0x60, 0x00, 0x06, 0x00, 0x0F, 0xE0, 0x00,
    0x7C, 0x00, 0x00, 0x00, 0x00, 0x00, 0x80, 0x3F, 0xFC, 0x3F, 0xFF, 0x81, 0xFE, 0x00, 0x00, 0x60,
    0x03, 0xFF, 0xFE, 0x3F, 0xFF, 0xE0, 0xC6, 0x30, 0x0C, 0x63, 0x07, 0xFF, 0xFF, 0xFF, 0xFF, 0xF0,
    0xC6, 0x30, 0x0C, 0x63, 0x00, 0xC6, 0x30, 0x7F, 0xFF, 0xE7, 0xFF, 0xFE, 0x00, 0x60, 0x03, 0xFF,
    0xFC, 0x3F, 0xFF, 0xC0, 0x06, 0x03, 0x00, 0x30, 0x18, 0x0F, 0xFF, 0xF8, 0x7F, 0xFF, 0xC0, 0x60,
    0x30, 0x03, 0xFF, 0x80, 0x1F, 0xFC, 0x00, 0xFF, 0xE0, 0x07, 0xFF, 0x00, 0x30, 0x18, 0x1F, 0xFF,
    0xFC, 0xFF, 0xFF, 0xE0, 0xE6, 0x38, 0x0E, 0x30, 0xE1, 0xFF, 0xFF, 0xCE, 0xFF, 0xCE, 0x40, 0x60,
    0x00, 0x03, 0x00, 0x0F, 0xFF, 0xF8, 0x7F, 0xFF, 0x80, 0x10, 0x41, 0x86, 0x1C, 0x30, 0xC1, 0x8E,
    0x18, 0xFF, 0xF3, 0x1F, 0xFF, 0xFB, 0x93, 0xFF, 0x7A, 0xF9, 0x8D, 0xDB, 0x31, 0xAE, 0x66, 0x3F,
    0xFC, 0xC7, 0xFF, 0x98, 0x7F, 0xC3, 0x1F, 0xFC, 0x7F, 0x81, 0x8F, 0xFF, 0xF7, 0xCF, 0xFE, 0xE1,
    0xC0, 0xC0, 0x3F, 0xF8, 0x07, 0xFF, 0x00, 0xE0, 0x60, 0x01, 0x80, 0x00, 0x1C, 0x00, 0x01, 0xFF,
    0xE0, 0x1F, 0xFF, 0x01, 0xF0, 0xF0, 0x3D, 0xEF, 0x00, 0xC7, 0xE0, 0x00, 0x7F, 0x80, 0x1F, 0xDF,
    0xE7, 0xF8, 0x3F, 0x9F, 0xFF, 0xFC, 0x3F, 0xFF, 0x81, 0x86, 0x1C, 0x0C, 0x30, 0xE0, 0x7F, 0xFF,
    0x03, 0xFF, 0xF8, 0x18, 0x61, 0xC0, 0xFF, 0xFE, 0x07, 0xFF, 0xF0, 0x30, 0x03, 0x80, 0x00, 0x00,
    0x00, 0x00, 0x00, 0x00, 0x30, 0x00, 0x03, 0xFF, 0xF8, 0x3F, 0xFF, 0xC3, 0x80, 0x00, 0x3F, 0xFF,
    0xE1, 0xBF, 0xFF, 0x01, 0x80, 0x38, 0x0F, 0xFF, 0xC0, 0x60, 0x0E, 0x03, 0xFF, 0xF0, 0x0F, 0xFF,
    0x00, 0x7F, 0xF0, 0x07, 0xFF, 0xC0, 0x7C, 0x1E, 0x07, 0x71, 0xE0, 0x11, 0xFC, 0x00, 0x3F, 0xFC,
    0x1F, 0xF3, 0xFC, 0xF8, 0x01, 0xE0, 0x00, 0x00, 0x00, 0x38, 0x00, 0x0F, 0xF8, 0x03, 0xFF, 0x81,
    0xE0, 0xE0, 0xFC, 0x38, 0x0D, 0xEE, 0x00, 0x0F, 0x80, 0x07, 0xFC, 0x07, 0xF7, 0xF9, 0xF1, 0xFF,
    0xB0, 0xF0, 0x70, 0x78, 0x1C, 0x3F, 0xC7, 0x03, 0x1F, 0xC0, 0x01, 0xF0, 0x00, 0xF8, 0x03, 0xFC,
    0x03, 0xFE, 0x00, 0x3C, 0x00, 0x00, 0x00, 0x60, 0x00, 0x06, 0x00, 0x7F, 0xFF, 0xE7, 0xFF, 0xFF,
    0x7F, 0xFF, 0xE0, 0x61, 0x80, 0x0E, 0x3F, 0xC0, 0xC7, 0xFE, 0x1C, 0x70, 0xE3, 0xCF, 0xCC, 0x7D,
    0xEE, 0xCF, 0xFE, 0x7C, 0xFF, 0x73, 0x81, 0xC3, 0xB0, 0x1C, 0x1F, 0x01, 0xC1, 0xE0, 0x1C, 0x3F,
    0x01, 0xCF, 0xBC, 0x1F, 0xE1, 0xF1, 0xF8, 0x07, 0x00, 0x00, 0x00, 0x00, 0x60, 0x00, 0x06, 0x00,
    0x00, 0x60, 0x00, 0x06, 0x00, 0x00, 0x60, 0x00, 0x06, 0x00, 0x7F, 0xFF, 0xF7, 0xFF, 0xFF, 0x00,
    0xF0, 0x00, 0x0F, 0x00, 0x00, 0xF8, 0x00, 0x1D, 0x80, 0x01, 0x9C, 0x00, 0x38, 0xE0, 0x07, 0x0E,
    0x00, 0xF0, 0x70, 0x1E, 0x03, 0xC7, 0xC0, 0x1E, 0x70, 0x00, 0xF6, 0x00, 0x02, 0x3F, 0xFF, 0xE3,
    0xFF, 0xFE, 0x00, 0x60, 0x00, 0x06, 0x00, 0x00, 0x60, 0x00, 0x06, 0x00, 0x7F, 0xFF, 0xE7, 0xFF,
    0xFF, 0x00, 0x70, 0x00, 0x0F, 0x80, 0x00, 0xD8, 0x00, 0x1D, 0xC0, 0x03, 0x8E, 0x00, 0x78, 0x70,
    0x0F, 0x07, 0x83, 0xC0, 0x3E, 0x78, 0x00, 0xF6, 0x00, 0x02, 0x04, 0x60, 0x00, 0x73, 0x00, 0x03,
    0x18, 0x00, 0x38, 0xC0, 0x01, 0xFF, 0xFC, 0x0F, 0xFF, 0xE0, 0xE1, 0x80, 0x0E, 0x0C, 0x00, 0x60,
    0x60, 0x00, 0x03, 0x00, 0x1F, 0xFF, 0xFC, 0xFF, 0xFF, 0xE0, 0x0F, 0x80, 0x00, 0xEC, 0x00, 0x07,
    0x70, 0x00, 0x71, 0xC0, 0x0F, 0x07, 0x01, 0xF0, 0x1E, 0x1F, 0x00, 0x7C, 0xE0, 0x00, 0xE0, 0x00,
    0x18, 0x00, 0xC3, 0x80, 0x0F, 0x38, 0x00, 0x7F, 0x80, 0x01, 0xB8, 0x03, 0x03, 0x80, 0x3C, 0x38,
    0x00, 0xF3, 0x80, 0x07, 0x30, 0x00, 0x03, 0x00, 0x7F, 0xFF, 0xF7, 0xFF, 0xFF, 0x00, 0x70, 0x00,
    0x0F, 0x80, 0x00, 0xFE, 0x00, 0x1C, 0xF0, 0x07, 0x83, 0xC3, 0xF0, 0x1E, 0x7C, 0x00, 0x76, 0x00,
    0x00, 0x00, 0x70, 0x00, 0x07, 0x00, 0x00, 0x70, 0x03, 0xFF, 0xFE, 0x7F, 0xFF, 0xE0, 0x87, 0x18,
    0x0C, 0x73, 0x80, 0xE7, 0x30, 0x06, 0x67, 0x00, 0x66, 0x60, 0x7F, 0xFF, 0xF7, 0xFF, 0xFF, 0x00,
    0xF0, 0x00, 0x0D, 0x80, 0x01, 0xDC, 0x00, 0x38, 0xE0, 0x07, 0x07, 0x03, 0xE0, 0x3C, 0x7C, 0x01,
    0xF7, 0x00, 0x06, 0x18, 0x04, 0x00, 0xC0, 0x70, 0x06, 0x03, 0x00, 0x30, 0x39, 0x07, 0xF1, 0x9C,
    0x7F, 0x9C, 0x61, 0xFD, 0xC1, 0x86, 0x7F, 0xFE, 0x33, 0xFF, 0xF3, 0x9A, 0x01, 0x99, 0xC0, 0x00,
    0xEC, 0xFF, 0xC7, 0xE7, 0xFE, 0x0F, 0x30, 0x30, 0x39, 0x81, 0x83, 0xEC, 0x0C, 0x1B, 0xE0, 0x61,
    0xCB, 0xFF, 0x3C, 0x1F, 0xF8, 0xC0, 0xC0, 0xC0, 0x00, 0x00, 0x00, 0x01, 0xC0, 0x00, 0x18, 0x03,
    0xFF, 0xFF, 0x7F, 0xFF, 0xEC, 0x00, 0x0D, 0x80, 0x01, 0xB7, 0xFF, 0xB0, 0xFF, 0xF0, 0x00, 0x3C,
    0x00, 0x0F, 0x00, 0x03, 0x80, 0x7F, 0xFF, 0xEF, 0xFF, 0xFE, 0x01, 0x80, 0x00, 0x30, 0x00, 0x06,
    0x00, 0x00, 0xC0, 0x00, 0x18, 0x00, 0x1F, 0x00, 0x03, 0xE0, 0x00, 0x00, 0x00, 0x01, 0xC0, 0x00,
    0x1C, 0x00, 0x01, 0x80, 0x07, 0xFF, 0xFF, 0x7F, 0xFF, 0xF0, 0x70, 0x00, 0x07, 0x00, 0x00, 0xEF,
    0xFC, 0x0C, 0x7F, 0xC1, 0xC0, 0x38, 0x3C, 0x07, 0x07, 0xC0, 0xE0, 0xFD, 0xFF, 0xF5, 0xDF, 0xFF,
    0x1C, 0x0E, 0x01, 0xC0, 0xE0, 0x1C, 0x0E, 0x01, 0xC0, 0xE0, 0x1C, 0x7E, 0x01, 0xC7, 0xC0, 0x00,
    0x00, 0x00, 0x01, 0x80, 0x00, 0x38, 0x00, 0x07, 0x00, 0x7F, 0xFF, 0xEF, 0xFF, 0xFD, 0x83, 0x03,
    0xB0, 0xE0, 0x72, 0x1C, 0x04, 0xFF, 0xFF, 0xDF, 0xFF, 0xFB, 0xFF, 0xFF, 0x0E, 0x0E, 0x01, 0xC1,
    0x80, 0x7E, 0x70, 0x01, 0xFC, 0x00, 0x0F, 0xC0, 0x07, 0xFE, 0x07, 0xE1, 0xF3, 0xF0, 0x0F, 0x30,
    0x00, 0x40, 0x00, 0x60, 0x00, 0x06, 0x00, 0x00, 0x70, 0x07, 0xFF, 0xFE, 0x7F, 0xFF, 0xE6, 0x00,
    0x06, 0x6F, 0xFF, 0x66, 0xFF, 0xF6, 0x00, 0x00, 0x00, 0x00, 0x00, 0x7F, 0xFF, 0xF7, 0xFF, 0xFF,
    0x03, 0x8C, 0x00, 0x38, 0xC0, 0x03, 0x0C, 0x00, 0x30, 0xC2, 0x07, 0x0C, 0x30, 0xE0, 0xC3, 0x3C,
    0x0F, 0xF7, 0x80, 0xFF, 0x40, 0x00, 0x00, 0x00, 0x60, 0x00, 0x06, 0x00, 0x3F, 0xFF, 0xE7, 0xFF,
    0xFE, 0x7F, 0xFF, 0xE6, 0x00, 0x06, 0x60, 0x00, 0x66, 0xFF, 0xFE, 0x0F, 0xFF, 0x80, 0x06, 0x00,
    0x0C, 0x60, 0x00, 0xC7, 0xF8, 0x0C, 0x7F, 0xC1, 0xC7, 0xF8, 0x1E, 0x60, 0x01, 0xE6, 0x00, 0x3F,
    0x60, 0x03, 0x3E, 0x00, 0x71, 0xFF, 0xFE, 0x07, 0xFF, 0x40, 0x00, 0x00, 0x00, 0x40, 0x00, 0x0E,
    0x00, 0x7F, 0xFF, 0xE7, 0xFF, 0xFE, 0x60, 0x00, 0x66, 0xFF, 0xF6, 0x7F, 0xFF, 0x60, 0xFF, 0xF0,
    0x07, 0xC1, 0x83, 0xFE, 0x38, 0x7C, 0xEF, 0x06, 0x3F, 0xE0, 0x0F, 0x3E, 0x07, 0xE7, 0x60, 0x79,
    0xF7, 0x00, 0x7F, 0x38, 0x1F, 0x31, 0xCF, 0xC3, 0x1E, 0x73, 0xF0, 0x60, 0x3E, 0x00, 0x00, 0x00,
    0x00, 0x00, 0x60, 0x00, 0x06, 0x00, 0x7F, 0xFF, 0xE7, 0xFF, 0xFE, 0x60, 0x00, 0x66, 0x30, 0xC6,
    0x67, 0x0F, 0x61, 0xE6, 0x38, 0x3C, 0xF1, 0xE3, 0x1F, 0x8E, 0x03, 0x9E, 0x00, 0xF0, 0xF0, 0x1F,
    0xFF, 0xCF, 0xFF, 0xFF, 0x7C, 0x03, 0x60, 0xC0, 0x30, 0x0C, 0x03, 0x00, 0xFF, 0xF0, 0x0F, 0xFF,
    0x00, 0xC0, 0x30, 0x00, 0x20, 0x00, 0x03, 0x80, 0x1F, 0xFF, 0xFC, 0xFF, 0xFF, 0xE6, 0x18, 0xC3,
    0x37, 0xFF, 0xD9, 0xFF, 0xFF, 0xC0, 0x31, 0x80, 0x01, 0x8C, 0x00, 0x7F, 0xFC, 0x03, 0xFF, 0xE0,
    0x18, 0xC3, 0x00, 0xC6, 0x18, 0x06, 0x3C, 0xC0, 0x31, 0xE6, 0x01, 0x9F, 0x37, 0x01, 0xD8, 0x38,
    0x3C, 0xC1, 0x8F, 0xC7, 0xFC, 0xF8, 0x3F, 0xE6, 0x00, 0x00, 0x00, 0x00, 0x60, 0x00, 0x06, 0x00,
    0x7F, 0xFF, 0xE7, 0xFF, 0xFF, 0x61, 0x80, 0x76, 0x1E, 0x77, 0x63, 0x7E, 0x71, 0xB3, 0xDC, 0x3B,
    0x78, 0xE7, 0x3E, 0x37, 0x6F, 0xC3, 0x37, 0xFF, 0xF0, 0x78, 0x60, 0x00, 0x06, 0x0C, 0x18, 0x60,
    0xC1, 0x86, 0x0C, 0x18, 0x60, 0xC1, 0xFF, 0xFC, 0x1F, 0xFF, 0xC0, 0x00, 0x0C, 0x00, 0x00, 0xC0,
    0x00, 0x06, 0x00, 0x00, 0x30, 0xFF, 0x81, 0x87, 0xFC, 0x0C, 0x00, 0xFF, 0xF8, 0x07, 0xFF, 0xC0,
    0x30, 0x18, 0x39, 0x80, 0xC1, 0xFC, 0x86, 0x07, 0xE6, 0x30, 0x1E, 0x39, 0x80, 0x70, 0xCC, 0x03,
    0xC6, 0x60, 0x3F, 0x33, 0x01, 0x98, 0x18, 0x1C, 0xC0, 0xC1, 0xC0, 0x06, 0x1C, 0x03, 0xF0, 0xC0,
    0x0F, 0x00, 0x00, 0x00, 0x00, 0x06, 0x00, 0xC0, 0x30, 0x06, 0x01, 0x80, 0x30, 0xFF, 0x81, 0x87,
    0xFC, 0x0C, 0x03, 0x1F, 0xF8, 0x18, 0xFF, 0xCF, 0xFC, 0x18, 0x7F, 0xE8, 0xC0, 0x30, 0xE6, 0x01,
    0x83, 0x30, 0x7F, 0x9D, 0x87, 0xFC, 0x6C, 0x3F, 0xE3, 0x60, 0x18, 0x03, 0x00, 0xC4, 0x18, 0x0F,
    0xE0, 0xC7, 0xFF, 0x06, 0x3F, 0x01, 0xF0, 0x00, 0x0F, 0x80, 0x08, 0x08, 0x00, 0xC1, 0xC0, 0x0C,
    0x3F, 0xEC, 0xCF, 0xFE, 0xED, 0xF1, 0xC7, 0xDB, 0xB8, 0x3C, 0x1F, 0x03, 0xC3, 0xE0, 0x0D, 0xF9,
    0x80, 0xDE, 0x18, 0x1F, 0xFF, 0xE3, 0xFF, 0xFE, 0x7D, 0xFF, 0xEE, 0xCC, 0x18, 0xCC, 0xE1, 0x80,
    0xC7, 0x18, 0x0C, 0x31, 0x80, 0xC2, 0x18, 0x0C, 0x0F, 0x80, 0xC0, 0xF8, 0x00, 0x00, 0x00, 0x00,
    0x60, 0x00, 0x06, 0x00, 0x00, 0x60, 0x00, 0x06, 0x00, 0x00, 0x60, 0x01, 0xC6, 0x30, 0x18, 0x63,
    0x81, 0x86, 0x1C, 0x38, 0x61, 0xC3, 0x06, 0x0E, 0x70, 0x60, 0xE7, 0x06, 0x06, 0xE0, 0x60, 0x7E,
    0x06, 0x07, 0x40, 0x60, 0x30, 0x06, 0x00, 0x00, 0x60, 0x00, 0x7E, 0x00, 0x07, 0xE0, 0x00, 0x00,
    0x00, 0x00, 0x60, 0x00, 0x06, 0x00, 0x00, 0x60, 0x00, 0xC6, 0x18, 0x0C, 0x61, 0x80, 0xC6, 0x1C,
    0x1C, 0x60, 0xC3, 0x86, 0x06, 0x30, 0x60, 0x77, 0x06, 0x03, 0x60, 0x60, 0x30, 0x06, 0x1C, 0x00,
    0x63, 0x80, 0x00, 0x70, 0x00, 0x1E, 0x00, 0x07, 0xC0, 0x03, 0xF8, 0x07, 0xFC, 0x00, 0x7E, 0x00,
    0x06, 0x00, 0x00, 0x01, 0x80, 0x70, 0xC1, 0xDC, 0x61, 0xC6, 0x30, 0xC3, 0x98, 0xE0, 0x8C, 0x63,
    0xFF, 0xFF, 0xFF, 0xFF, 0xC0, 0x01, 0xE0, 0x00, 0xF3, 0xFE, 0x79, 0xFF, 0x3C, 0xC3, 0x9E, 0x61,
    0xCF, 0x3F, 0xE7, 0x9F, 0xF3, 0xCC, 0x01, 0xE6, 0x00, 0xF0, 0x07, 0xF8, 0x01, 0xF0, 0x00, 0x00,
    0x04, 0x06, 0x00, 0x70, 0x34, 0x01, 0x81, 0xB0, 0xFF, 0xCC, 0xC7, 0xFE, 0x66, 0x00, 0x0F, 0xF8,
    0xFF, 0xFF, 0xC7, 0xF8, 0xC0, 0x30, 0xC7, 0x01, 0xFE, 0x3C, 0x0F, 0xF1, 0xE0, 0x0C, 0x0F, 0x03,
    0x78, 0xF8, 0x1B, 0x66, 0xC0, 0xDB, 0x36, 0x06, 0xDB, 0xB2, 0x66, 0x59, 0x93, 0x31, 0xCD, 0x83,
    0x9C, 0x7C, 0x3C, 0xC3, 0xE0, 0x00, 0x00, 0x00, 0x1F, 0xFF, 0xC1, 0xFF, 0xFC, 0x18, 0x00, 0xC1,
    0x80, 0x0C, 0x1F, 0xFF, 0xC1, 0xFF, 0xFC, 0x18, 0x00, 0x01, 0xFF, 0xFE, 0x1F, 0xFF, 0xE1, 0xFF,
    0xFE, 0x39, 0xFC, 0x63, 0xBF, 0xE6, 0x3B, 0x06, 0x63, 0x30, 0x66, 0x33, 0x06, 0x67, 0x3F, 0xE6,
    0x63, 0xFC, 0xEE, 0x30, 0x7E, 0x00, 0x07, 0xC0, 0x1F, 0xFF, 0xC1, 0xFF, 0xFE, 0x18, 0x00, 0xE1,
    0x80, 0x0E, 0x1F, 0xFF, 0xE1, 0xFF, 0xFE, 0x18, 0x18, 0x01, 0x81, 0x80, 0x1F, 0xFF, 0xF1, 0xFF,
    0xFF, 0x38, 0x18, 0x03, 0x81, 0x80, 0x3B, 0xFF, 0xC3, 0xBF, 0xFC, 0x33, 0x00, 0xC7, 0x30, 0x0C,
    0x73, 0xFF, 0xCE, 0x3F, 0xFC, 0x63, 0x00, 0xC0, 0x00, 0x00, 0x1F, 0xFF, 0xE1, 0xFF, 0xFE, 0x18,
    0x00, 0x61, 0x80, 0x06, 0x1F, 0xFF, 0xE1, 0xFF, 0xFE, 0x18, 0xC1, 0x81, 0x8E, 0x38, 0x1B, 0xFF,
    0xF1, 0xFF, 0xFF, 0x38, 0x63, 0x03, 0x86, 0x30, 0x3F, 0xFF, 0xF3, 0xFF, 0xFF, 0x30, 0xE3, 0x03,
    0x0C, 0x30, 0x71, 0xC3, 0x06, 0x78, 0x30, 0x67, 0x03, 0x00, 0x00, 0x00, 0x7F, 0xFF, 0xE7, 0xFF,
    0xFE, 0x00, 0x60, 0x00, 0x06, 0x00, 0x00, 0x60, 0x00, 0x06, 0x00, 0x00, 0x60, 0x00, 0x06, 0x00,
    0x00, 0x60, 0x00, 0x06, 0x00, 0x00, 0x60, 0x00, 0x06, 0x00, 0x00, 0x60, 0x0F, 0xFF, 0xFF, 0xFF,
    0xFF, 0xF0, 0x00, 0x80, 0x00, 0x1C, 0x00, 0x01, 0x80, 0x00, 0x18, 0x00, 0x7F, 0xFF, 0xE7, 0xFF,
    0xFE, 0x03, 0x00, 0x00, 0x30, 0x00, 0x07, 0x00, 0x00, 0x7F, 0xFE, 0x0F, 0xFF, 0xE0, 0xE1, 0xC0,
    0x1C, 0x1C, 0x01, 0x81, 0xC0, 0x38, 0x1C, 0x07, 0x01, 0xC0, 0xE0, 0x1C, 0x0C, 0xFF, 0xFF, 0x07,
    0xFF, 0xF0, 0xFF, 0xFF, 0x1F, 0xFF, 0xE0, 0x00, 0x0C, 0x30, 0x01, 0x86, 0x00, 0x30, 0xC0, 0x06,
    0x18, 0x00, 0xC3, 0xFF, 0xF8, 0x7F, 0xFF, 0x0C, 0x00, 0x61, 0x80, 0x00, 0x30, 0x00, 0x06, 0x00,
    0x0E, 0xC0, 0x01, 0xD8, 0x00, 0x33, 0xFF, 0xFE, 0x3F, 0xFF, 0x80, 0x00, 0xC0, 0x00, 0x1C, 0x00,
    0x01, 0xC0, 0x07, 0xFF, 0xFF, 0x7F, 0xFF, 0xF0, 0x30, 0x00, 0x07, 0x30, 0x00, 0xE3, 0x00, 0x0E,
    0x30, 0x01, 0xFF, 0xFE, 0x3F, 0xFF, 0xE7, 0xC3, 0x0E, 0xEC, 0x30, 0xE4, 0xC3, 0x0E, 0x0C, 0x30,
    0xE0, 0xC3, 0x0E, 0x0C, 0x37, 0xE0, 0xC3, 0x3C, 0x00, 0x30, 0x00, 0x03, 0x00, 0x00, 0x00, 0x01,
    0xE0, 0x38, 0x0F, 0xCF, 0x80, 0x1F, 0xE0, 0x07, 0xFF, 0x03, 0xFC, 0x7C, 0x3D, 0xC1, 0xC7, 0xFF,
    0xFF, 0x7F, 0xFF, 0xF0, 0x33, 0x00, 0x07, 0x30, 0x00, 0xFF, 0xFC, 0x1F, 0xFF, 0xC7, 0xE3, 0x0C,
    0xFE, 0x30, 0xC4, 0xE3, 0x0C, 0x0E, 0x30, 0xC0, 0xE3, 0x7C, 0x0C, 0x33, 0x00, 0x03, 0x00, 0x18,
    0xC3, 0x03, 0x18, 0x60, 0x63, 0x0C, 0x7F, 0xFF, 0xFF, 0xFF, 0xFE, 0x31, 0x86, 0x06, 0x30, 0xC7,
    0xFF, 0xFE, 0xFF, 0xFF, 0xD8, 0x18, 0x1B, 0x03, 0x03, 0x7F, 0xFF, 0xE3, 0xFF, 0xF8, 0x71, 0x87,
    0x0E, 0x30, 0xE1, 0xC6, 0x1C, 0x38, 0xCF, 0x07, 0x19, 0xE0, 0x03, 0x00, 0x00, 0x60, 0x00, 0x03,
    0x06, 0x00, 0x18, 0x30, 0x1F, 0xFF, 0xFC, 0x06, 0x0C, 0x00, 0x20, 0x00, 0x0F, 0xFF, 0xE0, 0x60,
    0x03, 0x03, 0xFF, 0xF8, 0x18, 0x00, 0xC0, 0xFF, 0xFE, 0x00, 0xE0, 0x00, 0xFF, 0xFF, 0xE7, 0xFF,
    0xFF, 0x0F, 0x31, 0xC1, 0xFF, 0xFF, 0xDF, 0xFF, 0xFE, 0x4C, 0x61, 0x80, 0x63, 0x2C, 0x03, 0x19,
    0xE0, 0x00, 0xC0, 0x00, 0x3F, 0xFF, 0xE3, 0xFF, 0xFE, 0x00, 0x60, 0x01, 0x86, 0x18, 0x1C, 0x61,
    0x80, 0xC6, 0x38, 0x0E, 0x63, 0x00, 0x66, 0x70, 0x06, 0x66, 0x00, 0x06, 0x00, 0x7F, 0xFF, 0xF7,
    0xFF, 0xFF, 0x00, 0x60, 0x00, 0x06, 0x00, 0x00, 0x60, 0x00, 0x06, 0x00, 0x00, 0x60, 0x00, 0x06,
    0x00, 0x00, 0x60, 0x00, 0x0C, 0x07, 0x01, 0x80, 0xC0, 0x38, 0x38, 0x03, 0x06, 0x07, 0xFF, 0xFC,
    0xFF, 0xFF, 0xC1, 0x83, 0x00, 0x30, 0x60, 0x06, 0x0C, 0x00, 0xC1, 0x80, 0x18, 0x30, 0x7F, 0xFF,
    0xFF, 0xFF, 0xFE, 0x1C, 0x18, 0x03, 0x03, 0x00, 0xE0, 0x60, 0x1C, 0x0C, 0x07, 0x01, 0x83, 0xC0,
    0x30, 0x70, 0x06, 0x00, 0x00, 0x00, 0x00, 0x30, 0x00, 0x03, 0x00, 0x1F, 0xFF, 0xF3, 0xFF, 0xFF,
    0x3F, 0xFF, 0xF3, 0x3F, 0xF8, 0x33, 0xFF, 0xC3, 0x00, 0x38, 0x30, 0xEF, 0x03, 0x07, 0xC0, 0x37,
    0xFF, 0xE3, 0x7F, 0xFF, 0x30, 0x18, 0x63, 0x01, 0x8E, 0x30, 0x19, 0xC3, 0x01, 0x88, 0x70, 0x18,
    0x06, 0x01, 0x80, 0x61, 0xF8, 0x06, 0x1F, 0x80, 0x00, 0x00, 0x00, 0x00, 0x30, 0x00, 0x03, 0x00,
    0x00, 0x38, 0x03, 0xFF, 0xFF, 0x3F, 0xFF, 0xF3, 0x00, 0x00, 0x30, 0x30, 0x63, 0x63, 0x0E, 0x37,
    0x38, 0xC3, 0x33, 0x8C, 0x33, 0x19, 0xC3, 0x39, 0x98, 0x31, 0x99, 0x83, 0x19, 0xB0, 0x31, 0x83,
    0x07, 0x00, 0x60, 0x70, 0x06, 0x06, 0xFF, 0xFF, 0xEF, 0xFF, 0xF4, 0x00, 0x00, 0x00, 0x30, 0x00,
    0x03, 0x80, 0x3F, 0xFF, 0xF3, 0xFF, 0xFF, 0x38, 0x00, 0x03, 0x03, 0xFC, 0x33, 0xFF, 0xC3, 0x3F,
    0xC0, 0x33, 0x0C, 0x03, 0x30, 0xE0, 0x33, 0xFF, 0xE3, 0x3F, 0xFF, 0x33, 0x06, 0x03, 0x30, 0x60,
    0x33, 0x17, 0x03, 0x31, 0xB3, 0x73, 0x3B, 0x36, 0x3E, 0xFB, 0x67, 0xED, 0xFE, 0x70, 0xCF, 0x00,
    0x00, 0x00, 0x00, 0x30, 0x00, 0x03, 0x00, 0x3F, 0xFF, 0xF3, 0xFF, 0xFF, 0x38, 0x00, 0x03, 0x0C,
    0x30, 0x3F, 0xFF, 0xE3, 0xFF, 0xFF, 0x30, 0xC3, 0x03, 0x0C, 0x30, 0x30, 0xFF, 0x03, 0x00, 0x00,
    0x37, 0xFF, 0x83, 0x7F, 0xFC, 0x31, 0x81, 0xC7, 0x1E, 0x78, 0x70, 0x7F, 0x06, 0x0F, 0xF0, 0x6F,
    0xFF, 0xF6, 0xF0, 0x1F, 0x00, 0x0C, 0x07, 0xE0, 0xC0, 0x7E, 0xFF, 0xE0, 0xEF, 0xFE, 0x0C, 0x0C,
    0xE1, 0xFF, 0xFF, 0x19, 0xFF, 0xE3, 0xC0, 0xCE, 0x7E, 0xFF, 0xE2, 0x6F, 0xFC, 0x06, 0xFF, 0xC6,
    0xFF, 0xFE, 0x3C, 0x0C, 0x03, 0xDF, 0xFE, 0x3D, 0xFF, 0xF1, 0xC0, 0xC0, 0x3F, 0x0C, 0x07, 0x7F,
    0xFF, 0x71, 0xFF, 0xF6, 0x00, 0x7E, 0x7F, 0xFF, 0xE7, 0xFF, 0xFE, 0x03, 0x06, 0x00, 0x30, 0x60,
    0x03, 0x06, 0x00, 0x30, 0x60, 0x03, 0x06, 0x07, 0xFF, 0xFF, 0x7F, 0xFF, 0xF0, 0x70, 0x60, 0x07,
    0x06, 0x00, 0x60, 0x60, 0x06, 0x06, 0x00, 0xE0, 0x60, 0x1C, 0x06, 0x03, 0xC0, 0x60, 0x78, 0x06,
    0x07, 0x00, 0x60, 0x00, 0x00, 0x00, 0x00, 0x18, 0x00, 0x00, 0xEC, 0x00, 0x07, 0x78, 0x00, 0x39,
    0xC7, 0xFF, 0xFF, 0x3F, 0xFF, 0xF8, 0x00, 0x70, 0x00, 0x01, 0x80, 0x00, 0x0C, 0x03, 0xFF, 0x60,
    0x1F, 0xFB, 0x00, 0x0C, 0x18, 0x00, 0x60, 0xE0, 0x03, 0x07, 0x00, 0x18, 0x18, 0x80, 0xC6, 0xE6,
    0x07, 0xF7, 0x33, 0xFF, 0x1D, 0x9F, 0x80, 0xFC, 0x80, 0x03, 0xC0, 0x7F, 0xC1, 0xBF, 0xF0, 0xC0,
    0x38, 0x60, 0x1C, 0x30, 0x0E, 0x19, 0xFF, 0x0D, 0xFF, 0x06, 0xC0, 0x03, 0x60, 0x01, 0xBF, 0xE0,
    0xDF, 0xF8, 0x6F, 0xFC, 0x30, 0x0C, 0x18, 0x06, 0x0C, 0x03, 0x06, 0x01, 0x83, 0x01, 0xC1, 0x8F,
    0xE0, 0xC7, 0xE0, 0x60, 0x00, 0x00, 0x00, 0x00, 0x0F, 0xCE, 0x18, 0xFC, 0x63, 0x80, 0xC3, 0x30,
    0x0D, 0xFF, 0xC7, 0xDF, 0xFC, 0xFD, 0x8C, 0xCF, 0xD8, 0xCC, 0xC1, 0xFF, 0xCC, 0x1F, 0xFC, 0xC1,
    0x8C, 0xCF, 0xDF, 0xFC, 0xFD, 0xFF, 0xC0, 0xC0, 0xC0, 0x0F, 0xFF, 0xE0, 0xFF, 0xFE, 0x0C, 0x0C,
    0x00, 0xC0, 0xC0, 0xFC, 0x0C, 0x07, 0x80, 0xC0, 0x00, 0x00, 0x00, 0x01, 0x80, 0x20, 0xC1, 0xB8,
    0x60, 0xCC, 0x30, 0xE7, 0x18, 0x61, 0x8C, 0x60, 0xC6, 0x30, 0x03, 0x00, 0xFF, 0xFF, 0x7F, 0xFF,
    0x80, 0x00, 0xC0, 0x00, 0x67, 0xFF, 0xF3, 0xFF, 0xF8, 0x00, 0x0C, 0x00, 0x06, 0x00, 0x03, 0x7F,
    0xFF, 0xBF, 0xFF, 0xC0, 0x00, 0x60, 0x7F, 0xFF, 0x0F, 0xFF, 0xE0, 0x00, 0x0C, 0x00, 0x01, 0x83,
    0xFF, 0xF0, 0x7F, 0xFE, 0x00, 0x00, 0xC7, 0xFF, 0xFF, 0xFF, 0xFF, 0xE4, 0x18, 0x21, 0xE3, 0x8E,
    0x1E, 0x7B, 0x80, 0xEF, 0xE0, 0x0F, 0xF8, 0x03, 0xF7, 0x83, 0xF6, 0x78, 0xF8, 0xC7, 0xD8, 0xF8,
    0x3C, 0x1F, 0x00, 0x00, 0x00, 0x00, 0x04, 0x00, 0x00, 0xEF, 0xFE, 0x1C, 0xFF, 0xE3, 0x8C, 0x0E,
    0xF0, 0xFF, 0xE6, 0x6F, 0xFE, 0x0E, 0xFF, 0xE1, 0xCF, 0xFE, 0x38, 0x00, 0x07, 0x9F, 0xFF, 0xF9,
    0xFF, 0xFF, 0x80, 0x18, 0x1B, 0xFF, 0xF1, 0xBF, 0xFF, 0x18, 0x41, 0x81, 0x8E, 0x18, 0x18, 0x71,
    0x81, 0x83, 0x18, 0x18, 0x0F, 0x81, 0x80, 0xF8, 0x00, 0x00, 0x00, 0x00, 0x60, 0x00, 0x07, 0x00,
    0x7F, 0xFF, 0xE7, 0xFF, 0xFF, 0x0C, 0x00, 0x00, 0xC0, 0x00, 0x0C, 0x00, 0x00, 0xC0, 0x00, 0x0F,
    0xFF, 0xC0, 0xFF, 0xFE, 0x00, 0x40, 0x00, 0x0E, 0x00, 0x02, 0x70, 0xC3, 0xF3, 0x8C, 0x37, 0x18,
    0xE3, 0x70, 0x36, 0x77, 0x03, 0xF6, 0x7F, 0xF3, 0x03, 0xFF, 0x00, 0x00, 0x00, 0x08, 0x08, 0x01,
    0x80, 0xC0, 0x18, 0x0C, 0x01, 0x8F, 0xFC, 0x7E, 0xFF, 0xC7, 0xEF, 0xFC, 0x7F, 0x0C, 0xC7, 0xB0,
    0xCC, 0x78, 0x0C, 0xCD, 0x80, 0xCC, 0x5B, 0xFF, 0xF1, 0xBF, 0xFF, 0x18, 0x1E, 0x01, 0x81, 0xE0,
    0x18, 0x3F, 0x01, 0x83, 0x38, 0x18, 0x73, 0x81, 0x8E, 0x1E, 0x1B, 0xC0, 0xF1, 0xB8, 0x07, 0x00,
    0x00, 0x00, 0x02, 0x00, 0x00, 0x70, 0x00, 0x0F, 0xFF, 0xC0, 0xFF, 0xFC, 0x1F, 0xFF, 0xC3, 0x9C,
    0xCC, 0x73, 0x9C, 0xC6, 0x71, 0x8C, 0x0E, 0x30, 0xC1, 0xC7, 0x1C, 0x18, 0xEF, 0xC0, 0x1C, 0xF8,
    0x00, 0x67, 0x03, 0x67, 0x1C, 0x36, 0x30, 0xC7, 0x63, 0x8E, 0x66, 0x13, 0x66, 0x60, 0x37, 0xE7,
    0xFF, 0x30, 0x3F, 0xE0, 0x00, 0x60, 0x00, 0x06, 0x00, 0x00, 0x60, 0x07, 0xFF, 0xFF, 0x7F, 0xFF,
    0xF0, 0x0F, 0x80, 0x00, 0xD8, 0x00, 0x1D, 0xC0, 0x03, 0x8E, 0x00, 0x7E, 0x70, 0x1E, 0xF3, 0xC7,
    0xC3, 0x9F, 0x70, 0x70, 0x61, 0x6E, 0x18, 0x3E, 0x70, 0xC3, 0x63, 0x8C, 0x36, 0x1B, 0xE7, 0x60,
    0x36, 0x67, 0xFF, 0x76, 0x3F, 0xF2, 0x00, 0x00, 0x01, 0x83, 0x00, 0x18, 0x30, 0x01, 0x9F, 0xFF,
    0x3F, 0xFF, 0xF7, 0xE7, 0x30, 0x7E, 0x63, 0x07, 0xB6, 0x30, 0x7A, 0x6B, 0x67, 0x87, 0xB6, 0x58,
    0xDB, 0x61, 0x8D, 0xBE, 0x19, 0xFF, 0xC1, 0x99, 0x74, 0x1B, 0x87, 0x01, 0xF0, 0xF8, 0x1B, 0x1D,
    0xC1, 0x83, 0x8E, 0x18, 0x78, 0xF1, 0x86, 0x03, 0x00, 0x00, 0x00, 0x00, 0x60, 0x00, 0x07, 0x00,
    0x0F, 0xFF, 0x00, 0xFF, 0xF8, 0x0C, 0x01, 0x80, 0xFF, 0xF8, 0x0F, 0xFF, 0x80, 0xC0, 0x18, 0x0F,
    0xFF, 0x80, 0xFF, 0xF8, 0x0C, 0x01, 0x80, 0xFF, 0xF8, 0x0F, 0xFF, 0x00, 0x26, 0x0C, 0x3E, 0x70,
    0xC3, 0x63, 0x8E, 0x36, 0x13, 0x67, 0x60, 0x37, 0x67, 0xFF, 0x72, 0x3F, 0xE0, 0x10, 0x08, 0x01,
    0x80, 0xC0, 0x1B, 0xFF, 0xE1, 0xDF, 0xFE, 0x5C, 0xFF, 0xC7, 0xFF, 0xFE, 0x7E, 0x0C, 0x07, 0xBF,
    0xFF, 0xDB, 0xFF, 0xFD, 0x8F, 0xFC, 0x59, 0xFF, 0xC1, 0x98, 0x0C, 0x19, 0xFF, 0xC1, 0x9F, 0xFC,
    0x19, 0x80, 0xC1, 0x9F, 0xFC, 0x19, 0xFF, 0xC1, 0x98, 0x0C, 0x19, 0x83, 0xC1, 0x98, 0x3C, 0x00,
    0x00, 0x00, 0x08, 0x00, 0x01, 0x87, 0xFE, 0x18, 0x7F, 0xE1, 0x86, 0x66, 0x7F, 0xFF, 0xF7, 0xFE,
    0xEF, 0x7E, 0xCC, 0xE7, 0xBF, 0xFC, 0x7A, 0xFF, 0xC5, 0x8F, 0xFE, 0x18, 0xFF, 0xE1, 0x8C, 0xCE,
    0x18, 0xCC, 0xE1, 0x8C, 0xCE, 0x18, 0xCC, 0xE1, 0x8C, 0xC6, 0x18, 0x1F, 0x81, 0x87, 0xBE, 0x1B,
    0xF0, 0xF1, 0xBC, 0x03, 0x00, 0x00, 0x00, 0x00, 0x60, 0x00, 0x0C, 0x00, 0xFF, 0xFF, 0x1F, 0xFF,
    0xE0, 0x70, 0xE0, 0xFF, 0xFF, 0xDF, 0xFF, 0xF8, 0x00, 0x00, 0x1F, 0xFF, 0x83, 0x00, 0x30, 0x7F,
    0xFE, 0x0C, 0x00, 0xC1, 0x80, 0x18, 0x3F, 0xFF, 0x00, 0x38, 0x00, 0xFF, 0x8C, 0x3F, 0x35, 0xC6,
    0xE0, 0xDD, 0xDF, 0xF9, 0xB1, 0xFE, 0x20, 0x08, 0x00, 0x00, 0xC7, 0xFF, 0x06, 0x3F, 0xF8, 0x3D,
    0xFF, 0xC7, 0xEC, 0x06, 0x3F, 0x60, 0x31, 0xFB, 0xFF, 0x8F, 0x60, 0x00, 0x79, 0xFF, 0xF3, 0xCC,
    0x99, 0x96, 0x6E, 0xCC, 0x33, 0xFF, 0xE1, 0x9F, 0xFC, 0x0D, 0xFF, 0xF0, 0x63, 0x83, 0x83, 0x0E,
    0x38, 0x18, 0x3F, 0x80, 0xC1, 0xFC, 0x06, 0xFF, 0xFC, 0x37, 0xC1, 0xE0, 0x00, 0x00, 0x00, 0x00,
    0x1A, 0x00, 0x03, 0xF8, 0x00, 0x39, 0xC0, 0x01, 0x8C, 0x3F, 0xFF, 0xF3, 0xFF, 0xFF, 0x30, 0x18,
    0x03, 0x01, 0x8C, 0x3F, 0xD8, 0xC3, 0xFD, 0x9C, 0x30, 0xDD, 0x83, 0x0D, 0xD8, 0x30, 0xCF, 0x83,
    0x0C, 0xF0, 0x31, 0xCE, 0x37, 0xFC, 0xE3, 0x77, 0x9E, 0x36, 0x03, 0xF7, 0xE0, 0xF3, 0xEE, 0x06,
    0x1E, 0x00, 0x00, 0x00, 0x00, 0x18, 0x00, 0x01, 0xB8, 0x00, 0x19, 0xE0, 0x01, 0x8E, 0x7F, 0xFF,
    0xF7, 0xFF, 0xFE, 0x00, 0x18, 0x43, 0xFD, 0xCE, 0x3F, 0xDC, 0xC3, 0x0D, 0xCC, 0x30, 0xDD, 0xC3,
    0x0C, 0xD8, 0x3F, 0xCF, 0x83, 0xFC, 0xF0, 0x00, 0x0E, 0x30, 0x7E, 0xE3, 0x7F, 0xFF, 0x37, 0xE7,
    0xF3, 0x60, 0xF3, 0xF0, 0x06, 0x1E, 0x00, 0x00, 0x00, 0x60, 0xD8, 0x3F, 0xED, 0xC7, 0xFF, 0xCE,
    0x06, 0x0C, 0x60, 0x60, 0xC0, 0xFF, 0xFF, 0xF7, 0xFF, 0xFF, 0x1B, 0x8E, 0x63, 0xFF, 0xE6, 0x7F,
    0xFE, 0xCF, 0x38, 0x6C, 0xFF, 0xF7, 0xC3, 0x38, 0x78, 0x3F, 0xF7, 0xB3, 0x38, 0x73, 0x33, 0x87,
    0x33, 0xFF, 0xFB, 0x3F, 0xFD, 0xF3, 0x03, 0x8E, 0x00, 0x00, 0x00, 0x00, 0x60, 0x00, 0x1C, 0x00,
    0x07, 0x00, 0x7F, 0xFF, 0x1F, 0xFF, 0xC7, 0xFF, 0xF1, 0x80, 0x0C, 0x60, 0x03, 0x18, 0x00, 0xC7,
    0xFF, 0xF1, 0xFF, 0xFC, 0x60, 0x03, 0x18, 0x00, 0xCE, 0x00, 0x03, 0x80, 0x00, 0xC0, 0x00, 0x30,
    0x00, 0x1C, 0x00, 0x0E, 0x00, 0x01, 0x80, 0x00, 0x00, 0x00, 0x00, 0x3C, 0x1F, 0x3F, 0xDF, 0xF3,
    0xE1, 0xF0, 0x30, 0x18, 0x03, 0xFD, 0x80, 0x3F, 0xD8, 0x03, 0xFD, 0xFF, 0x30, 0xDF, 0xF3, 0x0D,
    0x8C, 0x3F, 0xD8, 0xC3, 0xFD, 0x8C, 0x30, 0x18, 0xC3, 0x01, 0x8C, 0x30, 0x18, 0xC7, 0x03, 0x8C,
    0x70, 0x30, 0xC6, 0x07, 0x0C, 0x60, 0x70, 0xC6, 0x06, 0x0C, 0x00, 0x00, 0x00, 0x00, 0x03, 0x80,
    0x7F, 0xFC, 0x3F, 0xFE, 0x03, 0xE6, 0x00, 0x00, 0x60, 0x00, 0x06, 0x00, 0x3F, 0xFF, 0xE3, 0xFF,
    0xFE, 0x00, 0x60, 0x00, 0x06, 0x00, 0x00, 0x60, 0x07, 0xFF, 0xFF, 0xFF, 0xFF, 0xF0, 0x06, 0x00,
    0x00, 0x60, 0x00, 0x06, 0x00, 0x00, 0x60, 0x00, 0x06, 0x00, 0x07, 0xE0, 0x00, 0x7E, 0x00, 0x00,
    0x00, 0x00, 0x0C, 0x00, 0x00, 0xC0, 0x00, 0x0C, 0xFF, 0xF0, 0xCF, 0xFF, 0x7F, 0x83, 0x0F, 0xF8,
    0x30, 0x0C, 0x03, 0x00, 0xC0, 0x30, 0x0C, 0x03, 0x00, 0xD8, 0x30, 0x1F, 0x83, 0x07, 0xF0, 0x30,
    0x7C, 0x03, 0x04, 0xC0, 0x30, 0x0C, 0x03, 0x00, 0xC0, 0x30, 0x0C, 0x03, 0x00, 0xC0, 0x30, 0x7C,
    0x3F, 0x07, 0xC3, 0xF0, 0x00, 0x00, 0x00, 0x0C, 0x00, 0x01, 0x80, 0x00, 0x33, 0xFF, 0x86, 0x7F,
    0xF7, 0xF0, 0x06, 0xFF, 0x00, 0xC3, 0x00, 0x18, 0x60, 0x03, 0x0C, 0x00, 0x61, 0xAF, 0xFC, 0x7F,
    0xFF, 0xFF, 0x80, 0x37, 0xC0, 0x06, 0x18, 0x00, 0xC3, 0x00, 0x18, 0x60, 0x03, 0x0C, 0xFF, 0xE1,
    0x9F, 0xFD, 0xF0, 0x01, 0xBE, 0x00, 0x30, 0x00, 0x00, 0x0C, 0x18, 0x00, 0x60, 0xD8, 0x03, 0x06,
    0xE0, 0x18, 0x33, 0x87, 0xF1, 0x8C, 0x3F, 0x8F, 0xF9, 0xFF, 0xFF, 0xC1, 0x9F, 0xE0, 0x0C, 0x1C,
    0x40, 0x68, 0xE7, 0x03, 0xE3, 0x30, 0xFE, 0x1B, 0x87, 0xC0, 0xF8, 0x26, 0x07, 0x80, 0x30, 0x3C,
    0x01, 0x83, 0xC6, 0x0C, 0x3F, 0x30, 0x67, 0xDD, 0x9F, 0x38, 0xFC, 0xF9, 0x81, 0xC0, 0x0C, 0x0C,
    0x00, 0x60, 0x60, 0x03, 0x03, 0x80, 0x18, 0x0C, 0x07, 0xFF, 0xFF, 0x3F, 0xFF, 0xF9, 0xFC, 0x00,
    0x01, 0x87, 0xF0, 0x0C, 0x3F, 0x80, 0x69, 0xFC, 0x03, 0xCC, 0x60, 0xFE, 0x63, 0x07, 0xC3, 0x18,
    0x26, 0x18, 0xC0, 0x31, 0xC6, 0x01, 0x8C, 0x32, 0x0C, 0x61, 0x90, 0x67, 0x0D, 0x9F, 0x70, 0x7C,
    0xFB, 0x03, 0xE0, 0x00, 0x00, 0x00, 0x0C, 0x00, 0x00, 0x63, 0xFF, 0x03, 0x1F, 0xF8, 0x18, 0xC0,
    0xC7, 0xF6, 0x0E, 0x3F, 0xB2, 0x71, 0xFD, 0x9F, 0x01, 0x8C, 0x00, 0x0C, 0x7F, 0xE0, 0x63, 0xFF,
    0x83, 0xDE, 0x18, 0xFE, 0xF8, 0xC7, 0xC6, 0xCE, 0x26, 0x37, 0x60, 0x31, 0x9F, 0x01, 0x8C, 0x70,
    0x0C, 0x67, 0xC0, 0x63, 0x7F, 0x1F, 0x1F, 0xBC, 0xF8, 0xF0, 0x60, 0x00, 0x00, 0x00, 0x0C, 0x31,
    0x00, 0x61, 0x9C, 0x03, 0x0C, 0x78, 0x18, 0x60, 0xC7, 0xFF, 0xFF, 0x3F, 0xFF, 0xF8, 0x30, 0xC0,
    0x01, 0x86, 0x00, 0x0C, 0x3F, 0xE0, 0x61, 0xFF, 0x03, 0xCC, 0x38, 0xFE, 0xF1, 0x87, 0xC7, 0x8C,
    0x26, 0x3E, 0xE0, 0x31, 0xBE, 0x01, 0x9C, 0xE0, 0x0C, 0xC7, 0x80, 0x6E, 0xFE, 0x1F, 0xEF, 0x3C,
    0xFE, 0x60, 0xE0, 0x00, 0x00, 0x00, 0x18, 0x00, 0x01, 0x8F, 0xFC, 0x18, 0xFF, 0xE1, 0x86, 0x1C,
    0x7F, 0x31, 0x8F, 0xF1, 0xF0, 0x7E, 0x1E, 0x01, 0x87, 0xF8, 0x19, 0xF3, 0xF1, 0xFC, 0xC7, 0x3E,
    0x0C, 0x0F, 0xCF, 0xFC, 0x78, 0xFF, 0xC1, 0x80, 0xC0, 0x19, 0xFF, 0xE1, 0x9F, 0xFF, 0x19, 0xFF,
    0xE1, 0x80, 0xC0, 0x78, 0x0C, 0x07, 0x80, 0xC0, 0x18, 0x06, 0x00, 0xC0, 0x30, 0x06, 0x01, 0x80,
    0x31, 0xFF, 0xC7, 0xEF, 0xFE, 0x7F, 0x83, 0x01, 0xF8, 0x18, 0x03, 0x3F, 0xFF, 0x19, 0xFF, 0xF8,
    0xD0, 0x06, 0x07, 0xC0, 0x31, 0xFD, 0xFF, 0xEF, 0x8F, 0xFF, 0x0C, 0x30, 0x60, 0x61, 0xC3, 0x03,
    0x07, 0x18, 0x18, 0x18, 0xC0, 0xC0, 0xC6, 0x1E, 0x01, 0xF0, 0xF0, 0x0F, 0x80, 0x00, 0x00, 0x00,
    0x0C, 0x60, 0x00, 0xC6, 0x00, 0x0C, 0x63, 0xE0, 0xC7, 0xFC, 0x7F, 0x7E, 0x07, 0xF6, 0x03, 0x7F,
    0x60, 0x30, 0xC7, 0xFF, 0x0C, 0x3F, 0xE0, 0xD0, 0x00, 0x0F, 0xFF, 0xE7, 0xF7, 0xFE, 0x7C, 0x60,
    0x60, 0xC6, 0x06, 0x0C, 0x7F, 0xE0, 0xC7, 0xFE, 0x0C, 0x60, 0x60, 0xC7, 0xFE, 0x7C, 0x7F, 0xE7,
    0xC6, 0x06, 0x00, 0x00, 0x00, 0x18, 0x0C, 0x01, 0x80, 0xC0, 0x18, 0x0E, 0x01, 0x9F, 0xFF, 0x7F,
    0xFF, 0xFF, 0xFC, 0xC7, 0x7F, 0xDC, 0x71, 0x89, 0x82, 0x19, 0xFF, 0xF1, 0x9F, 0xFF, 0x1F, 0x31,
    0xC3, 0xF7, 0x18, 0xFC, 0x61, 0x8F, 0x8E, 0x38, 0x18, 0x7B, 0x01, 0x81, 0xF0, 0x18, 0x1F, 0x81,
    0x83, 0xFC, 0x79, 0xF0, 0xF7, 0x9E, 0x06, 0x00, 0x00, 0x00, 0x18, 0x00, 0x01, 0x9F, 0xFE, 0x19,
    0xFF, 0xE1, 0x99, 0x06, 0x7F, 0x98, 0x6F, 0xFB, 0x86, 0x18, 0xFF, 0xC1, 0x8F, 0xFC, 0x18, 0x76,
    0x01, 0x86, 0x60, 0x1E, 0xFF, 0xCF, 0xEF, 0xFE, 0xF8, 0xFF, 0xC1, 0x80, 0x60, 0x1B, 0xFF, 0xF1,
    0xBF, 0xFF, 0x18, 0x06, 0x01, 0x80, 0x60, 0x78, 0x06, 0x07, 0x80, 0x60, 0x18, 0x18, 0x00, 0xC0,
    0xC0, 0x06, 0x0F, 0xE0, 0x30, 0xFF, 0x87, 0xEE, 0x18, 0x3F, 0xFF, 0xF0, 0x67, 0xFF, 0x83, 0x18,
    0xCC, 0x18, 0xC6, 0x60, 0xD6, 0x33, 0x07, 0xF1, 0x98, 0xFD, 0x9C, 0xC7, 0x9F, 0xFF, 0x2C, 0xFF,
    0xF8, 0x60, 0x7C, 0x03, 0x07, 0x60, 0x18, 0x73, 0x80, 0xC7, 0x0F, 0x1E, 0xF0, 0x3C, 0xF7, 0x00,
    0x60, 0x00, 0x00, 0x00, 0x18, 0x00, 0x00, 0xC7, 0xFF, 0x86, 0x3F, 0xFC, 0x31, 0x80, 0x67, 0xFC,
    0x03, 0x3F, 0xFF, 0xF8, 0x63, 0xFF, 0xC3, 0x18, 0xE0, 0x18, 0xC7, 0x00, 0xD7, 0xFF, 0x87, 0xFF,
    0xFD, 0xFD, 0x8E, 0x07, 0x8C, 0x70, 0x0C, 0x7F, 0xF8, 0x67, 0xFF, 0xC3, 0x36, 0x06, 0x19, 0xB0,
    0x30, 0xDD, 0xFF, 0x9E, 0xCF, 0xFC, 0xF6, 0x60, 0x60, 0x18, 0x1B, 0x01, 0x81, 0xB0, 0x18, 0x1B,
    0x01, 0x81, 0xB0, 0xFE, 0xFB, 0xFF, 0xEF, 0xBE, 0xFE, 0x1B, 0x01, 0x81, 0xB0, 0x18, 0xFB, 0xE1,
    0x8F, 0xBE, 0x1E, 0x1B, 0x0F, 0xE1, 0xB0, 0xF9, 0xFB, 0xE1, 0x9F, 0xBF, 0x19, 0xFB, 0xE1, 0x81,
    0xB0, 0x18, 0x1B, 0x01, 0x81, 0xB0, 0x78, 0x1B, 0x07, 0x81, 0xB0, 0x18, 0x0C, 0x00, 0xC0, 0x60,
    0x06, 0x3F, 0xF8, 0x31, 0xFF, 0xE7, 0xE6, 0x1C, 0x3F, 0x18, 0xC1, 0xF8, 0xC6, 0x03, 0x3F, 0xFE,
    0x19, 0xFF, 0xF0, 0xD0, 0xE0, 0x07, 0x86, 0x00, 0xFF, 0xFF, 0xE7, 0x9F, 0xFF, 0x0C, 0x38, 0xE0,
    0x63, 0xC6, 0x03, 0x1F, 0xF0, 0x18, 0x1F, 0x00, 0xC0, 0xFE, 0x1E, 0x7E, 0x7C, 0xF3, 0xC0, 0xC0,
    0x00, 0x00, 0x00, 0x18, 0x04, 0x00, 0xC0, 0x70, 0x06, 0x01, 0x80, 0x33, 0xFF, 0xE7, 0xFF, 0xFF,
    0x3F, 0xE0, 0x98, 0x67, 0x66, 0xC3, 0x07, 0x38, 0x18, 0x70, 0xE0, 0xC7, 0x03, 0x87, 0xF0, 0x08,
    0xFD, 0xFF, 0xC7, 0x87, 0xFE, 0x3C, 0x03, 0x00, 0x60, 0x18, 0x03, 0x00, 0xC0, 0x18, 0x06, 0x00,
    0xCF, 0xFF, 0xDE, 0x7F, 0xFE, 0xF0, 0x00, 0x00, 0x18, 0x22, 0x01, 0x83, 0x70, 0x18, 0x73, 0x01,
    0x86, 0x30, 0x7E, 0xFF, 0xFF, 0xFF, 0xFF, 0x19, 0xC3, 0x01, 0x9C, 0x30, 0x1B, 0xFF, 0xE1, 0xBF,
    0xFE, 0x1F, 0xC3, 0x0F, 0xEC, 0x30, 0xF8, 0xFF, 0xE1, 0x8F, 0xFE, 0x18, 0xC3, 0x01, 0x8C, 0x30,
    0x18, 0xC3, 0x01, 0x8F, 0xFF, 0x78, 0xFF, 0xF7, 0x8C, 0x00, 0x00, 0x00, 0x00, 0x18, 0x31, 0x81,
    0x83, 0x18, 0x18, 0x31, 0x81, 0x9F, 0xFF, 0x7F, 0xFF, 0xF7, 0xF3, 0x18, 0x7E, 0x31, 0x81, 0x83,
    0x18, 0x18, 0xFF, 0xE1, 0xAF, 0xFE, 0x1F, 0xC6, 0x67, 0xEC, 0x66, 0x78, 0xFF, 0xE1, 0x8F, 0xFE,
    0x18, 0xFF, 0xE1, 0x8C, 0x66, 0x18, 0xC6, 0x61, 0x8F, 0xFE, 0x78, 0xFF, 0xE7, 0x8C, 0x06, 0x00,
    0x00, 0x00, 0x18, 0x00, 0x00, 0xC7, 0xFF, 0x06, 0x3F, 0xF8, 0x31, 0x80, 0xC7, 0xEF, 0xFE, 0x3F,
    0xFF, 0xF1, 0xFB, 0xFF, 0x83, 0x1F, 0xFC, 0x18, 0x00, 0x00, 0xD7, 0xFF, 0x87, 0xFF, 0xFC, 0xFC,
    0x8C, 0x07, 0x86, 0x60, 0x0C, 0x73, 0xF0, 0x63, 0x9F, 0x83, 0x1C, 0xC0, 0x18, 0xF6, 0x00, 0xCD,
    0xF0, 0x1E, 0xE7, 0xFE, 0xF6, 0x1F, 0xF0, 0x00, 0x00, 0x00, 0x18, 0x00, 0x41, 0x81, 0xFE, 0x18,
    0xFF, 0xC1, 0x84, 0x60, 0x7E, 0x06, 0x07, 0xFF, 0xFF, 0x7F, 0xFF, 0xF1, 0x80, 0x60, 0x18, 0x36,
    0x01, 0x8F, 0x7E, 0x1F, 0xE7, 0xE7, 0xEC, 0x66, 0x78, 0xC6, 0x61, 0x8F, 0xFE, 0x18, 0xF7, 0xE1,
    0x8C, 0x66, 0x18, 0xC6, 0x61, 0x8F, 0xFE, 0x38, 0xFF, 0xE3, 0x8C, 0x06, 0x00, 0x00, 0x00, 0x18,
    0x06, 0x00, 0xC1, 0xF0, 0x06, 0x3F, 0xF8, 0x31, 0x9F, 0xC7, 0xEC, 0xE6, 0x3F, 0xFF, 0xF1, 0xFB,
    0xFF, 0x83, 0x19, 0xCC, 0x18, 0xFF, 0xE0, 0xD7, 0xFF, 0x07, 0xC3, 0x80, 0xF8, 0x1C, 0x07, 0x8F,
    0xFE, 0x0C, 0x7F, 0xF0, 0x61, 0xC7, 0x03, 0x07, 0x78, 0x18, 0x1F, 0x80, 0xC1, 0xFC, 0x1E, 0xFF,
    0xFC, 0xF7, 0xC1, 0xE0, 0x00, 0x00, 0x00, 0x18, 0x0C, 0x01, 0x80, 0xE0, 0x19, 0xFF, 0xF1, 0x8F,
    0xFF, 0x7E, 0x31, 0x87, 0xE3, 0x18, 0x19, 0xFF, 0xE1, 0x9F, 0xFF, 0x19, 0xCC, 0x71, 0xBF, 0xFF,
    0x1F, 0xFF, 0xF7, 0xFC, 0xC7, 0x79, 0xFF, 0xF1, 0x9F, 0xFF, 0x19, 0xF1, 0xF1, 0x9F, 0x1F, 0x19,
    0xFF, 0xF1, 0x9F, 0x07, 0x79, 0xC1, 0xE7, 0x9C, 0x1E, 0x00, 0x00, 0x00, 0x18, 0x00, 0x00, 0xC1,
    0xFE, 0x06, 0x0F, 0xF0, 0x30, 0x61, 0x87, 0xE3, 0xFC, 0x3F, 0x1F, 0xE0, 0x63, 0xE7, 0x83, 0x3F,
    0x7E, 0x19, 0x9B, 0x30, 0xFC, 0xD9, 0x87, 0xFE, 0xFC, 0xF9, 0xFF, 0xE7, 0x80, 0xE0, 0x0C, 0xFF,
    0xF8, 0x67, 0xFF, 0xC3, 0x07, 0xF0, 0x18, 0x7F, 0xC0, 0xCF, 0x77, 0x8E, 0xF3, 0x9C, 0x76, 0x1C,
    0x60, 0x00, 0x00, 0x00, 0x31, 0x80, 0x03, 0x38, 0x06, 0x33, 0x80, 0x63, 0x3F, 0xE6, 0x33, 0xFE,
    0x63, 0x71, 0xC6, 0x37, 0x1C, 0x63, 0xF1, 0x86, 0x3F, 0x98, 0x63, 0xDB, 0x86, 0x31, 0xB0, 0x67,
    0x0F, 0x07, 0xF0, 0xF0, 0xFF, 0x0E, 0x0E, 0x30, 0xF0, 0x03, 0x1F, 0x80, 0x37, 0x9C, 0x03, 0xF0,
    0xE0, 0x3E, 0x06, 0x00, 0x0C, 0x00, 0x00, 0x60, 0x1F, 0xE3, 0x00, 0xFF, 0x38, 0x00, 0x19, 0xFF,
    0x00, 0xDF, 0xF8, 0x06, 0xE3, 0x80, 0x37, 0x1C, 0x7F, 0xF8, 0xC3, 0xFF, 0x66, 0x1C, 0x1B, 0x70,
    0xE0, 0x1F, 0x87, 0x00, 0x78, 0x38, 0x03, 0xC1, 0xC6, 0x1C, 0x0F, 0xF1, 0xF0, 0x7F, 0x1F, 0xC3,
    0xC3, 0xE7, 0x98, 0x3C, 0x1C, 0x00, 0xC0, 0x60, 0x04, 0x0C, 0x00, 0x60, 0x70, 0x01, 0x83, 0x00,
    0x0C, 0x18, 0x0F, 0xFF, 0xFF, 0x3F, 0xEF, 0xF8, 0x60, 0x63, 0x83, 0x07, 0x9C, 0x1F, 0xFC, 0xC0,
    0xFF, 0xE6, 0x06, 0x7B, 0x30, 0x33, 0x1F, 0x81, 0x98, 0x78, 0x0C, 0xC3, 0xC0, 0xE6, 0x1C, 0x07,
    0x30, 0xF0, 0x31, 0x8F, 0xC3, 0x8C, 0xEF, 0x1B, 0xFE, 0x3D, 0xDE, 0xE0, 0xE0, 0x00, 0x00, 0x00,
    0x00, 0x04, 0x00, 0x60, 0x30, 0x03, 0x81, 0x80, 0xFF, 0x9C, 0x07, 0xFE, 0xFF, 0x3F, 0xE7, 0xF8,
    0x66, 0x31, 0x86, 0x3B, 0x8C, 0x70, 0xDC, 0xE3, 0x1F, 0xE6, 0x3E, 0xCF, 0x30, 0x3E, 0x1F, 0x80,
    0xF0, 0x78, 0x03, 0x83, 0xC0, 0x3C, 0x0C, 0x03, 0xF0, 0xF0, 0x39, 0xCF, 0xC3, 0x84, 0xE7, 0x38,
    0x1E, 0x1C, 0x80, 0xE0, 0x60, 0x0C, 0x0C, 0x06, 0xCC, 0xC0, 0x6D, 0xCC, 0x03, 0xD9, 0xC0, 0xFF,
    0xFF, 0xEF, 0xFF, 0xFE, 0x1F, 0x18, 0xC3, 0xFF, 0x9C, 0xFC, 0xFD, 0x8C, 0xC7, 0xD8, 0x1C, 0x6D,
    0x8F, 0xFC, 0xF8, 0x7F, 0x87, 0x03, 0x18, 0x70, 0x7F, 0x07, 0x01, 0xF0, 0xF8, 0x1F, 0x9D, 0xCF,
    0x9F, 0x8F, 0xE0, 0x60, 0x60, 0x00, 0x00, 0x06, 0x06, 0x03, 0xFE, 0x30, 0x1F, 0xFB, 0xFC, 0x0C,
    0x1F, 0xE7, 0xFD, 0xCE, 0x33, 0x7E, 0x61, 0x9B, 0xDB, 0x0F, 0xF8, 0xF0, 0x0F, 0x83, 0x80, 0xFE,
    0x7E, 0x1D, 0x9F, 0x3C, 0xFF, 0xFF, 0xE3, 0xFF, 0xFE, 0x00, 0x38, 0x00, 0x31, 0xFE, 0x01, 0x8F,
    0xF8, 0x0C, 0x70, 0x00, 0x63, 0x80, 0x1F, 0xFF, 0xFC, 0xFF, 0xFF, 0xE0, 0x00, 0x60, 0x00, 0x03,
    0x80, 0x00, 0x1C, 0x00, 0x00, 0x60, 0x07, 0xFF, 0xFF, 0x3F, 0xFF, 0xF8, 0x38, 0x0E, 0x00, 0xC0,
    0x60, 0x07, 0x07, 0x00, 0x18, 0x70, 0x00, 0xE3, 0x80, 0x03, 0xB8, 0x00, 0x0F, 0x80, 0x00, 0x38,
    0x00, 0x03, 0xE0, 0x00, 0x7B, 0xC0, 0x0F, 0x8F, 0x83, 0xF0, 0x1F, 0x9E, 0x00, 0x3C, 0xC0, 0x00,
    0x40, 0x00, 0x00, 0x40, 0x18, 0x06, 0x01, 0xC3, 0x30, 0x1F, 0x9D, 0x81, 0xCE, 0x7C, 0x1C, 0x39,
    0xE3, 0xFF, 0x83, 0x0F, 0xF9, 0x18, 0x06, 0x1C, 0xC3, 0xFF, 0x76, 0x1F, 0xF9, 0xB0, 0xFF, 0xC1,
    0x81, 0x6C, 0x1F, 0x1F, 0x6F, 0xF8, 0xDB, 0xFF, 0x06, 0xCE, 0x18, 0x76, 0x60, 0xC3, 0x33, 0x06,
    0x07, 0x80, 0x30, 0x3C, 0x01, 0x80, 0x00, 0x00, 0x00, 0x06, 0x00, 0xD8, 0xC0, 0xFF, 0x7B, 0xFE,
    0x6F, 0x7E, 0x0D, 0xFB, 0x01, 0xBF, 0x60, 0x37, 0xFC, 0x07, 0xFF, 0xFF, 0xC7, 0x3F, 0xF9, 0xE6,
    0x33, 0x3E, 0xC6, 0x6F, 0x78, 0xCF, 0xEF, 0x19, 0xEC, 0x63, 0x31, 0x8C, 0x66, 0x31, 0x8C, 0xFF,
    0xF1, 0x9F, 0xFE, 0x30, 0x01, 0x86, 0x00, 0x30, 0xC0, 0x00, 0x00, 0x0C, 0x00, 0x00, 0xE0, 0x1E,
    0x7F, 0xDF, 0xE7, 0xFF, 0xE0, 0x31, 0x98, 0x03, 0x99, 0x80, 0x1B, 0x98, 0x07, 0xFF, 0xFF, 0x7F,
    0xFF, 0xF0, 0x61, 0x8C, 0x06, 0x18, 0xC7, 0xFF, 0x8C, 0x7F, 0xF8, 0xC3, 0x79, 0x8C, 0x37, 0x98,
    0xC7, 0x6F, 0x8C, 0x66, 0xF8, 0xC6, 0x6F, 0x0C, 0x1E, 0x70, 0xC1, 0xC6, 0x0C, 0x00, 0x60, 0x00,
    0x07, 0x00, 0x00, 0x70, 0x00, 0x03, 0x00, 0x7F, 0xFF, 0xF7, 0xFF, 0xFF, 0x01, 0x80, 0x00, 0x18,
    0x00, 0x03, 0x80, 0x00, 0x3F, 0xFC, 0x03, 0xFF, 0x80, 0x38, 0x18, 0x03, 0x01, 0x80, 0x70, 0x18,
    0x07, 0x01, 0x80, 0xE0, 0x38, 0x0E, 0x03, 0x81, 0xC0, 0x38, 0x78, 0x3F, 0x07, 0x03, 0xF0, 0x00,
    0x00, 0x00, 0x3F, 0xFF, 0xE3, 0xFF, 0xFE, 0x00, 0x60, 0x00, 0x06, 0x00, 0x00, 0x60, 0x00, 0x06,
    0x00, 0x00, 0xE0, 0x07, 0xFF, 0xFF, 0x7F, 0xFF, 0xF0, 0x0F, 0x00, 0x00, 0xF0, 0x00, 0x1F, 0x00,
    0x01, 0xB0, 0x00, 0x3B, 0x00, 0x07, 0x30, 0x30, 0xF3, 0x03, 0x1E, 0x30, 0x77, 0xC3, 0xFE, 0x70,
    0x1F, 0xE6, 0x00, 0x00, 0x7F, 0xFE, 0xFF, 0xFD, 0x80, 0x1B, 0x00, 0x36, 0x00, 0x6C, 0x00, 0xD8,
    0x01, 0xBF, 0xFF, 0x7F, 0xFE, 0xC0, 0x0D, 0x80, 0x1B, 0x00, 0x36, 0x00, 0x6C, 0x00, 0xDF, 0xFF,
    0xBF, 0xFF, 0x60, 0x06, 0xC0, 0x0C, 0x1F, 0xFF, 0xC1, 0xFF, 0xFC, 0x18, 0x00, 0xC1, 0x80, 0x0C,
    0x1F, 0xFF, 0xC1, 0xFF, 0xFC, 0x18, 0x00, 0xC1, 0xFF, 0xFC, 0x1F, 0xFF, 0xC1, 0xFF, 0xFC, 0x00,
    0x60, 0x00, 0x06, 0x00, 0xFF, 0xFF, 0xF7, 0xFF, 0xFF, 0x00, 0x60, 0x00, 0x06, 0x00, 0x00, 0x60,
    0x00, 0x06, 0x00, 0x00, 0x60, 0x00, 0x00, 0x01, 0x80, 0x00, 0x18, 0xFE, 0x01, 0x8F, 0xE0, 0x18,
    0xC6, 0xFF, 0xEC, 0x6F, 0xFF, 0xC6, 0x01, 0x8C, 0x60, 0x18, 0xFE, 0x61, 0x8F, 0xE7, 0x18, 0xC6,
    0x31, 0x8C, 0x63, 0x98, 0xC6, 0x1D, 0x8C, 0x60, 0x98, 0xFE, 0x01, 0x8F, 0xE0, 0x18, 0xC0, 0x01,
    0x8C, 0x00, 0x18, 0x00, 0x1F, 0x80, 0x01, 0xF0, 0x00, 0x00, 0x00, 0xFE, 0x7F, 0xFF, 0xDF, 0xFF,
    0xF6, 0x0F, 0x0D, 0x83, 0xC3, 0x60, 0xF0, 0xDF, 0xFF, 0xF7, 0xFF, 0xFD, 0x83, 0xC3, 0x60, 0xF0,
    0xD8, 0x3C, 0x37, 0xFF, 0xFD, 0xFF, 0xFF, 0xE0, 0xFF, 0xB8, 0x3C, 0x0C, 0x0D, 0x07, 0x03, 0x01,
    0x80, 0xC0, 0xE1, 0xF0, 0x70, 0x7C, 0x00, 0x00, 0x3F, 0xFF, 0x83, 0xFF, 0xF8, 0x30, 0x01, 0x83,
    0xFF, 0xF8, 0x3F, 0xFF, 0x83, 0x00, 0x18, 0x3F, 0xFF, 0x81, 0xFF, 0xF0, 0x7F, 0xFF, 0xEF, 0xFF,
    0xFF, 0x08, 0x60, 0x00, 0xC6, 0x00, 0x1C, 0x7F, 0xC1, 0xC7, 0xFC, 0x1C, 0x60, 0x03, 0xE6, 0x00,
    0x77, 0xE0, 0x0F, 0x3F, 0xFF, 0xE1, 0xFF, 0xF4, 0x00, 0x00, 0x0F, 0xFF, 0x80, 0xFF, 0xFC, 0x06,
    0x00, 0x60, 0x30, 0x03, 0x01, 0xFF, 0xF8, 0x0C, 0x00, 0xC0, 0x60, 0x06, 0x03, 0xFF, 0xF0, 0x0F,
    0xFF, 0x80, 0x0C, 0x60, 0x0C, 0x63, 0x30, 0x33, 0x19, 0x81, 0xD8, 0xD8, 0x06, 0xC7, 0xC0, 0x36,
    0x3C, 0x00, 0x31, 0x80, 0xFF, 0xFF, 0xF7, 0xFF, 0xFF, 0x80, 0x00, 0xC0, 0x00, 0x18, 0x3F, 0xF3,
    0x3F, 0x7E, 0x67, 0x8C, 0xCC, 0xC1, 0x9F, 0xF8, 0x33, 0x7F, 0x06, 0x66, 0x7F, 0xFC, 0xEF, 0xFF,
    0xBF, 0xBB, 0x37, 0xF7, 0x67, 0xEE, 0xEC, 0xFC, 0xDD, 0x9F, 0x9B, 0xBF, 0xB3, 0x77, 0xE6, 0x6E,
    0xC0, 0xDD, 0xC0, 0x1B, 0x38, 0x03, 0x67, 0x00, 0x6C, 0xE0, 0x18, 0x00, 0x03, 0x00, 0x00, 0xFF,
    0x7F, 0xBF, 0xEF, 0xF7, 0x61, 0x86, 0xFF, 0xB0, 0xDF, 0xFE, 0x18, 0x78, 0xC3, 0x1F, 0xDF, 0xE7,
    0x3B, 0xFD, 0xC1, 0x00, 0x27, 0xFF, 0xC0, 0xFF, 0xF8, 0x18, 0x03, 0x03, 0xFF, 0xE0, 0x7F, 0xFC,
    0x0C, 0x01, 0x81, 0xFF, 0xF0, 0x3F, 0xFE, 0x06, 0x00, 0xC0, 0x00, 0x00, 0x18, 0x00, 0x03, 0x83,
    0xFB, 0xFF, 0xFF, 0x18, 0x18, 0x07, 0x63, 0x01, 0xFF, 0x7F, 0xFF, 0xFF, 0xF8, 0x31, 0x9C, 0x1F,
    0xF3, 0x9F, 0xFE, 0x73, 0xD9, 0x8E, 0x03, 0x31, 0xC3, 0xFF, 0xF0, 0x70, 0x06, 0x0F, 0xFF, 0xC1,
    0xFF, 0xF8, 0x38, 0x03, 0x07, 0xFF, 0xE0, 0xFF, 0xFC, 0x1C, 0x01, 0x80, 0x00, 0x00, 0x7F, 0xFF,
    0xE7, 0xFF, 0xFF, 0x00, 0x60, 0x01, 0xFF, 0xFC, 0x1F, 0xFF, 0xC1, 0x86, 0x0C, 0x18, 0x60, 0xC1,
    0xFF, 0xFC, 0x1F, 0xFF, 0xC1, 0x86, 0x0C, 0x1F, 0xFF, 0xC1, 0xFF, 0xFC, 0x0C, 0x60, 0x00, 0xCE,
    0x00, 0x0F, 0xC0, 0x00, 0x7C, 0x00, 0x0F, 0xF0, 0x07, 0xEF, 0xFF, 0x78, 0x1F, 0xF0, 0x00, 0x00,
    0x1F, 0xFF, 0x81, 0x80, 0x18, 0x18, 0x01, 0x81, 0xFF, 0xF8, 0x18, 0x01, 0x81, 0xFF, 0xF8, 0x00,
    0x00, 0x07, 0xFF, 0xFF, 0xFF, 0xFF, 0xF3, 0x8C, 0x00, 0x3F, 0xFF, 0xE3, 0xFD, 0xFE, 0x38, 0xDC,
    0xE3, 0xFC, 0xDC, 0x38, 0xC7, 0x83, 0xFE, 0x78, 0xFF, 0xEF, 0xC7, 0x8F, 0xDF, 0x00, 0xF8, 0x70,
    0x00, 0xC0, 0x00, 0x1C, 0x00, 0x01, 0x80, 0x07, 0xFF, 0xFF, 0x7F, 0xFF, 0xE0, 0x30, 0x00, 0x07,
    0x00, 0x00, 0xFF, 0xFC, 0x1F, 0xFF, 0xC1, 0xE0, 0x1C, 0x7F, 0xFF, 0xCF, 0x7F, 0xFC, 0x66, 0x01,
    0xC0, 0x60, 0x1C, 0x07, 0xFF, 0xC0, 0x7F, 0xFC, 0x06, 0x01, 0xC0, 0x60, 0x1C, 0x06, 0x0F, 0x80,
    0x60, 0xF8, 0x3F, 0xBF, 0xE1, 0xFD, 0xFF, 0x0C, 0x6C, 0x18, 0x63, 0x60, 0xC3, 0x1B, 0x1E, 0x1F,
    0xD9, 0xF0, 0xFE, 0xC0, 0x06, 0x37, 0xFE, 0x31, 0xBF, 0xF1, 0x8D, 0xE3, 0x8F, 0xEF, 0x98, 0x7F,
    0x6C, 0xC3, 0x1B, 0x7E, 0x18, 0xD9, 0xE0, 0xC6, 0xCF, 0x0E, 0x36, 0x78, 0x61, 0xB7, 0xE3, 0x7D,
    0xF3, 0x9B, 0xEF, 0x0C, 0x00, 0x00, 0x00, 0x30, 0xC0, 0x06, 0x1B, 0xFC, 0xC3, 0x7F, 0xFF, 0xFC,
    0x37, 0xFF, 0x86, 0x61, 0xB0, 0xCF, 0xF7, 0xF9, 0xFE, 0xFF, 0x30, 0xD8, 0x67, 0xFB, 0x0C, 0xFF,
    0x61, 0x98, 0x6F, 0xF3, 0x0D, 0xFF, 0xFF, 0xF0, 0xFF, 0xFE, 0x18, 0xCC, 0xC3, 0x39, 0x98, 0x66,
    0x3F, 0x0D, 0xC3, 0xCF, 0xF0, 0x19, 0xF0, 0x00, 0x00, 0x00, 0x60, 0x00, 0x06, 0x00, 0x00, 0x60,
    0x00, 0x06, 0x00, 0x3F, 0xFF, 0xC3, 0xFF, 0xFC, 0x00, 0x60, 0x00, 0x06, 0x00, 0x00, 0x60, 0x07,
    0xFF, 0xFF, 0x7F, 0xFF, 0xF0, 0x1F, 0x80, 0x03, 0xFC, 0x00, 0x7E, 0xE0, 0x0F, 0x67, 0x01, 0xE6,
    0x38, 0x7C, 0x61, 0xEF, 0x06, 0x0F, 0x60, 0x60, 0x20, 0x06, 0x00, 0x00, 0x60, 0x00, 0x06, 0x00,
    0x00, 0x60, 0x00, 0x06, 0x00, 0x7F, 0xFF, 0xF7, 0xFF, 0xFF, 0x00, 0x60, 0x00, 0x06, 0x00, 0x00,
    0x60, 0x03, 0xFF, 0xFE, 0x3F, 0xFF, 0xE0, 0x1F, 0x80, 0x03, 0xFC, 0x00, 0x76, 0xE0, 0x0F, 0x67,
    0x01, 0xE6, 0x3C, 0x7C, 0x61, 0xEF, 0x06, 0x0F, 0x60, 0x60, 0x20, 0x06, 0x00, 0x00, 0x60, 0x00,
    0x06, 0x00, 0x00, 0x60, 0x00, 0x06, 0x00, 0x00, 0x60, 0x07, 0xFF, 0xFF, 0x7F, 0xFF, 0xF0, 0x1F,
    0xC0, 0x03, 0xEC, 0x00, 0x76, 0xE0, 0x06, 0x67, 0x00, 0xE6, 0x30, 0x1C, 0x63, 0x83, 0x86, 0x1E,
    0x7F, 0xFF, 0xF6, 0xFF, 0xF7, 0x00, 0x60, 0x00, 0x06, 0x00, 0x00, 0x60, 0x00, 0x06, 0x00, 0x0C,
    0x00, 0x00, 0x61, 0xFE, 0x03, 0x0F, 0xF0, 0x18, 0x7F, 0x80, 0xC3, 0x0C, 0x3F, 0xD8, 0x61, 0xFE,
    0xC3, 0x01, 0x86, 0x18, 0x1E, 0x30, 0xC0, 0xF1, 0x86, 0x07, 0xCC, 0x30, 0x7F, 0x61, 0x83, 0xDB,
    0x0C, 0x36, 0x78, 0x63, 0xB1, 0xC3, 0x49, 0x8C, 0x1B, 0x0C, 0x60, 0xD8, 0x67, 0x06, 0xC3, 0x70,
    0x3C, 0x1B, 0x01, 0xE0, 0x00, 0x00, 0x00, 0x00, 0x80, 0x00, 0x1C, 0x00, 0x03, 0xFF, 0x00, 0x7F,
    0xF0, 0x0F, 0x07, 0x03, 0xF9, 0xE0, 0x71, 0xFC, 0x00, 0x0F, 0x80, 0x07, 0xFF, 0x0F, 0xFA, 0xFF,
    0x7C, 0x61, 0xF0, 0x06, 0x00, 0x3F, 0xFF, 0xC1, 0xFF, 0xFC, 0x06, 0x66, 0x00, 0x66, 0x70, 0x0C,
    0x63, 0x83, 0xC6, 0x1C, 0x39, 0xE0, 0xC2, 0x1E, 0x0C, 0x00, 0x00, 0x00, 0x00, 0x60, 0x00, 0x06,
    0x00, 0x00, 0x60, 0x03, 0xFF, 0xFE, 0x3F, 0xFF, 0xE0, 0xC6, 0x18, 0x0C, 0x63, 0x80, 0xE6, 0x30,
    0x06, 0x67, 0x07, 0xFF, 0xFF, 0x7F, 0xFF, 0xF0, 0x0F, 0x80, 0x01, 0xFC, 0x00, 0x3E, 0xE0, 0x07,
    0x67, 0x01, 0xE6, 0x38, 0x3C, 0x61, 0xCF, 0x86, 0x0F, 0x60, 0x60, 0x70, 0x06, 0x00, 0x0C, 0x00,
    0x00, 0xC1, 0x98, 0x0C, 0x39, 0x80, 0xC3, 0x98, 0x0C, 0x31, 0xCF, 0xFF, 0x0C, 0x7F, 0x70, 0xE1,
    0xCE, 0xC6, 0x1E, 0xEE, 0x71, 0xFC, 0xC2, 0x3F, 0x1C, 0x03, 0xF9, 0xC0, 0x7D, 0x18, 0x86, 0xC3,
    0x98, 0xEC, 0x30, 0xC4, 0xC7, 0x0C, 0x0C, 0x63, 0xE0, 0xCF, 0xFE, 0x0C, 0xFF, 0x70, 0xC4, 0x02,
    0x0C, 0x00, 0x40, 0x60, 0x1F, 0x03, 0x0F, 0xF0, 0x18, 0x7C, 0x00, 0xC3, 0x00, 0x3F, 0xD8, 0x01,
    0xFE, 0xC0, 0x01, 0xC7, 0xFE, 0x1E, 0x3F, 0xF0, 0xF9, 0x8C, 0x07, 0xEC, 0x60, 0x7B, 0x63, 0x03,
    0xD3, 0x18, 0x36, 0x18, 0xC1, 0xB1, 0xC6, 0x09, 0x8E, 0x30, 0x0C, 0x61, 0x80, 0x63, 0x0C, 0x03,
    0x38, 0x60, 0x19, 0x83, 0x00, 0x3F, 0xFF, 0x83, 0xFF, 0xF8, 0x30, 0x61, 0x83, 0x06, 0x18, 0x3F,
    0xFF, 0x83, 0xFF, 0xF8, 0x30, 0x61, 0x83, 0xFF, 0xF8, 0x3F, 0xFF, 0x80, 0x06, 0x00, 0xFF, 0xFF,
    0xEF, 0xFF, 0xFE, 0x01, 0xF8, 0x00, 0x3F, 0xC0, 0x0F, 0x6F, 0x01, 0xE6, 0x78, 0xF8, 0x61, 0xFF,
    0x06, 0x0E, 0x00, 0x60, 0x00, 0x00, 0x60, 0x00, 0x03, 0x00, 0x00, 0x18, 0x00, 0xFF, 0xFF, 0xE7,
    0xFF, 0xFF, 0x01, 0xFE, 0x00, 0x1D, 0xBC, 0x03, 0xCC, 0xF8, 0x7C, 0x63, 0xF3, 0xFF, 0xFF, 0x9B,
    0xFF, 0xC8, 0x18, 0x06, 0x00, 0xFF, 0xF0, 0x06, 0x01, 0x80, 0x30, 0x0C, 0x01, 0xFF, 0xE0, 0x07,
    0xFE, 0x03, 0xFF, 0xFF, 0x1F, 0xFF, 0xF8, 0x0C, 0x00, 0x00, 0xC0, 0x00, 0x0C, 0x3F, 0xE0, 0xC3,
    0xFE, 0x0C, 0x00, 0x0F, 0xF8, 0x00, 0x7F, 0x00, 0x01, 0xCF, 0xFF, 0x1E, 0xFF, 0xF3, 0xF0, 0x60,
    0x3F, 0x86, 0x07, 0xD3, 0x6C, 0x6C, 0x36, 0xEE, 0xC7, 0x66, 0xCC, 0x66, 0x60, 0xCE, 0x63, 0x0D,
    0xC6, 0x30, 0xDC, 0x63, 0x0C, 0x1E, 0x00, 0xC1, 0xE0, 0x00, 0x00, 0x00, 0x0C, 0x00, 0x40, 0xC3,
    0x0E, 0x0C, 0x38, 0xC0, 0xC1, 0x98, 0x7F, 0x1B, 0x87, 0xFF, 0xFF, 0x1C, 0xFF, 0xE1, 0xE0, 0x00,
    0x1E, 0x00, 0x03, 0xF0, 0x00, 0x3F, 0x00, 0x03, 0xD7, 0xFE, 0x6C, 0x7F, 0xEE, 0xC0, 0x00, 0x4C,
    0x00, 0x00, 0xC0, 0x00, 0x0C, 0x00, 0x00, 0xCF, 0xFF, 0x0C, 0xFF, 0xF0, 0xC0, 0x00, 0x0C, 0x20,
    0x40, 0xC7, 0x0E, 0x0C, 0x30, 0xC0, 0xC3, 0x9C, 0x7F, 0xFF, 0xF7, 0xFF, 0xFF, 0x1C, 0x06, 0x01,
    0xC0, 0x60, 0x1E, 0x7F, 0xC1, 0xF7, 0xFE, 0x3F, 0x7F, 0xE3, 0xF0, 0x60, 0x6C, 0x06, 0x06, 0xDF,
    0xFF, 0x6D, 0xFF, 0xF0, 0xC0, 0x60, 0x0C, 0x06, 0x00, 0xC0, 0x60, 0x0C, 0x06, 0x00, 0xC0, 0x60,
    0x0C, 0x00, 0x00, 0xCF, 0xFC, 0x0C, 0xFF, 0xC0, 0xCC, 0x0C, 0x7F, 0xC0, 0xC7, 0xFF, 0xFC, 0x1C,
    0xFF, 0xC1, 0xCC, 0x0C, 0x1E, 0xC0, 0xC3, 0xFF, 0xFC, 0x3F, 0xFF, 0xC7, 0xFC, 0xC6, 0x6C, 0xCE,
    0xEE, 0xCC, 0x7C, 0xCC, 0xC7, 0x84, 0xCC, 0x30, 0x0C, 0xC3, 0x80, 0xCF, 0xDE, 0x0C, 0xFC, 0xF0,
    0xCE, 0x06, 0x00, 0x00, 0x00, 0x0C, 0x08, 0x00, 0x60, 0xE0, 0x03, 0x07, 0xF0, 0x18, 0x7F, 0xC0,
    0xC7, 0x0C, 0x7F, 0xFC, 0xE1, 0xFF, 0xE6, 0x03, 0x9B, 0xF0, 0x1E, 0x0F, 0x00, 0xF8, 0xFC, 0x0F,
    0xDF, 0x78, 0x7B, 0xE1, 0xF6, 0xDF, 0xFF, 0x36, 0x3F, 0xF3, 0x31, 0x81, 0x89, 0x8C, 0x0C, 0x0C,
    0x60, 0x60, 0x63, 0xFF, 0x03, 0x1F, 0xF8, 0x18, 0xC0, 0xC0, 0x0C, 0x00, 0x00, 0xCF, 0xFE, 0x0C,
    0xFF, 0xF0, 0xCF, 0xFE, 0x7F, 0xFF, 0xE7, 0xFF, 0xFF, 0x1C, 0xC3, 0x01, 0xEC, 0x30, 0x1E, 0xC3,
    0x03, 0xFD, 0xFE, 0x3F, 0xDF, 0xC3, 0xCC, 0x30, 0x6C, 0xC3, 0x0E, 0xCC, 0x30, 0x4C, 0xFF, 0xF0,
    0xCF, 0xFF, 0x0C, 0xC0, 0x00, 0xCF, 0xFF, 0x0C, 0xFF, 0xF0, 0xC0, 0x00, 0x0C, 0x06, 0x00, 0xC0,
    0x60, 0x0C, 0xC6, 0x60, 0xCE, 0x66, 0x0C, 0x66, 0xE7, 0xF7, 0x6C, 0x7F, 0x37, 0xC1, 0xC0, 0x60,
    0x1E, 0xFF, 0xE3, 0xFF, 0xFE, 0x3F, 0x00, 0x63, 0xF0, 0x06, 0x6C, 0xFF, 0xE6, 0xCF, 0xFE, 0xCC,
    0x00, 0x64, 0xC0, 0x06, 0x0D, 0xFF, 0xE0, 0xDF, 0xFE, 0x0C, 0x00, 0x60, 0xC0, 0x06, 0x08, 0x0C,
    0x01, 0xC0, 0xC0, 0x1C, 0x1E, 0x01, 0xC3, 0xF0, 0x7F, 0x33, 0x87, 0xF7, 0x1C, 0x1D, 0xE0, 0xF1,
    0xFF, 0xFF, 0x1F, 0x3F, 0xB3, 0xE0, 0x00, 0x3F, 0xCC, 0x67, 0xEC, 0xCE, 0x7C, 0x6C, 0xCF, 0xC6,
    0x6C, 0x5C, 0x67, 0x81, 0xC6, 0x18, 0x1C, 0x03, 0x01, 0xDF, 0xFF, 0x1D, 0xFF, 0xF1, 0xC0, 0x00,
    0x18, 0x31, 0x80, 0xC1, 0x8C, 0x06, 0x7F, 0xFC, 0x31, 0xFF, 0xC7, 0xF3, 0x18, 0x3F, 0xBF, 0xE1,
    0xFB, 0xFF, 0x83, 0x98, 0x0C, 0x1E, 0xFF, 0xE1, 0xF7, 0xFF, 0x0F, 0xFF, 0xF8, 0xF5, 0xFF, 0xC7,
    0x80, 0xC0, 0x7C, 0xFF, 0xFB, 0x67, 0xFF, 0xC3, 0x03, 0xE0, 0x18, 0x3B, 0x80, 0xC3, 0x9E, 0x06,
    0xF8, 0x7C, 0x33, 0x80, 0xE0, 0x00, 0x00, 0x00, 0x00, 0x00, 0x00, 0x61, 0xCC, 0x03, 0x1F, 0xF8,
    0x19, 0xFF, 0xE0, 0xC3, 0x98, 0x3F, 0xFF, 0xF9, 0xFF, 0xFF, 0xC3, 0x80, 0xC0, 0x1C, 0x7F, 0xE0,
    0xF7, 0xFF, 0x8F, 0xF1, 0x9C, 0x7F, 0x8C, 0xE6, 0xFF, 0xFF, 0x36, 0x63, 0x3B, 0x33, 0xFF, 0xC9,
    0x9F, 0xFC, 0x0C, 0x39, 0xC0, 0x63, 0xCF, 0x03, 0x78, 0x1C, 0x1B, 0x80, 0x60, 0x00, 0x00, 0x00,
    0x00, 0xC0, 0x00, 0x0C, 0x00, 0xE0, 0xC0, 0x0F, 0x9C, 0x00, 0x3D, 0xFF, 0xE1, 0x9F, 0xFE, 0x03,
    0x98, 0xE0, 0x31, 0x8C, 0x07, 0x19, 0xC0, 0x61, 0x98, 0x08, 0x38, 0x01, 0xC3, 0xC0, 0x38, 0x3C,
    0x03, 0x87, 0xE0, 0x70, 0x76, 0x0E, 0x0E, 0x70, 0xE1, 0xC3, 0x84, 0x78, 0x1E, 0x0F, 0x00, 0xF0,
    0x40, 0x02, 0x7F, 0xFF, 0xCF, 0xFF, 0xFC, 0x01, 0x80, 0x00, 0x30, 0x00, 0x06, 0x00, 0x30, 0xC0,
    0x06, 0x18, 0x00, 0xC3, 0xFE, 0x18, 0x7F, 0xC3, 0x0C, 0x00, 0x61, 0x80, 0x0C, 0x30, 0x01, 0x86,
    0x00, 0x30, 0xC0, 0x06, 0x18, 0x07, 0xFF, 0xFF, 0xFF, 0xFF, 0xE0, 0x03, 0x0C, 0x00, 0x18, 0x60,
    0x00, 0xC3, 0x00, 0x06, 0x18, 0x01, 0x30, 0xC0, 0x19, 0x86, 0x30, 0xCC, 0x33, 0x86, 0x7D, 0xF8,
    0x33, 0xEF, 0x81, 0x98, 0x70, 0x0C, 0xC3, 0x00, 0x66, 0x18, 0x03, 0x30, 0xC0, 0x19, 0x86, 0x00,
    0xCC, 0x30, 0xC6, 0x61, 0x86, 0x33, 0xEC, 0x33, 0xFF, 0x7F, 0x9F, 0xC3, 0xFC, 0xC0, 0x00, 0x00,
    0x00, 0x60, 0x00, 0x1C, 0x00, 0x63, 0xFE, 0x0C, 0x7F, 0xC1, 0x8F, 0xF0, 0x31, 0xC0, 0x1F, 0xFF,
    0xF7, 0xFF, 0xFF, 0xFF, 0xFF, 0xE0, 0x8C, 0x00, 0x39, 0x86, 0x0E, 0x31, 0xC3, 0x86, 0x70, 0xE0,
    0xDC, 0x18, 0x1F, 0x00, 0x03, 0xC0, 0x01, 0xF0, 0x03, 0xF8, 0x03, 0xFC, 0x00, 0x7C, 0x00, 0x00,
    0x03, 0x80, 0x01, 0xF9, 0xF8, 0x3E, 0x1F, 0x83, 0x01, 0x98, 0x30, 0x19, 0x83, 0xFB, 0x98, 0x3F,
    0xB9, 0x83, 0x07, 0x1F, 0x30, 0x70, 0x63, 0xFA, 0x00, 0x3F, 0xFF, 0xE3, 0xFB, 0xFC, 0x30, 0x38,
    0xC3, 0x09, 0x9C, 0x3F, 0x9D, 0x8F, 0xF8, 0xF8, 0x70, 0x07, 0x03, 0x01, 0xFC, 0x30, 0xFD, 0xF3,
    0x0F, 0x0F, 0x00, 0x40, 0x00, 0x06, 0x00, 0x00, 0x60, 0x00, 0x0F, 0xFF, 0xE0, 0xFF, 0xFF, 0x1C,
    0x00, 0x03, 0x80, 0x00, 0x7F, 0xFF, 0xC6, 0xFF, 0xFC, 0x0C, 0xF1, 0xC0, 0xC7, 0x98, 0x7F, 0xFF,
    0xF7, 0xFF, 0xFF, 0x7F, 0xFF, 0xF1, 0xCE, 0x18, 0x18, 0x79, 0x81, 0xFF, 0xFE, 0x1F, 0xFF, 0xF0,
    0x00, 0x18, 0x00, 0x0F, 0x80, 0x01, 0xF0, 0x00, 0x00, 0x00, 0x60, 0x60, 0x0C, 0x0C, 0x01, 0x81,
    0x80, 0x30, 0x30, 0x06, 0x06, 0x08, 0xC0, 0xC3, 0x98, 0x19, 0xE3, 0xFB, 0x78, 0x7F, 0x7E, 0x0C,
    0x0F, 0x01, 0x81, 0x80, 0x30, 0x30, 0x06, 0x06, 0x00, 0xC0, 0xC1, 0x98, 0x18, 0x33, 0x1B, 0x06,
    0x7F, 0x60, 0xDF, 0xCF, 0xFB, 0xC0, 0xFE, 0x00, 0x00, 0x00, 0x00, 0x30, 0x00, 0x01, 0x80, 0x00,
    0x0C, 0x00, 0x00, 0x60, 0x00, 0x03, 0x04, 0x00, 0x18, 0x71, 0xFE, 0xC3, 0x8F, 0xF7, 0x38, 0x03,
    0xBF, 0x80, 0x19, 0xF8, 0x01, 0xCF, 0x80, 0x0E, 0x6E, 0x00, 0xE3, 0x30, 0x07, 0x19, 0xC0, 0x70,
    0xC7, 0x87, 0x06, 0x1E, 0x70, 0x30, 0x79, 0x01, 0x80, 0x80, 0x7C, 0x00, 0x03, 0xE0, 0x00, 0x30,
    0x00, 0x01, 0xEF, 0xFF, 0x87, 0xFF, 0xFC, 0x0B, 0x00, 0x60, 0x18, 0x03, 0x20, 0x90, 0x93, 0xE1,
    0xFE, 0x07, 0x8F, 0xF0, 0x18, 0x61, 0x80, 0x03, 0x0C, 0x00, 0x18, 0x60, 0x1C, 0xC3, 0x00, 0xC6,
    0x18, 0x0E, 0x30, 0xC0, 0x63, 0x86, 0x67, 0x18, 0x37, 0x31, 0xC1, 0xBB, 0x9C, 0x0F, 0x98, 0xC0,
    0x7C, 0x04, 0x00, 0x00, 0x20, 0x00, 0x01, 0xC3, 0xFC, 0x0F, 0x9F, 0xE0, 0x18, 0xC3, 0x00, 0x06,
    0x18, 0x00, 0x30, 0xC1, 0x83, 0x87, 0xCF, 0x78, 0x3E, 0x3F, 0x80, 0x00, 0x4F, 0xFE, 0x00, 0x7F,
    0xF8, 0x03, 0xFF, 0xC0, 0xCE, 0x1C, 0x06, 0x39, 0xC0, 0x70, 0xFE, 0x03, 0x03, 0xE0, 0x38, 0x3F,
    0x03, 0x8F, 0xFF, 0x1D, 0xF8, 0x7C, 0x46, 0x00, 0xE0, 0x00, 0x0C, 0x03, 0x80, 0xC0, 0x1E, 0x0C,
    0x00, 0xE0, 0xC0, 0x00, 0xFF, 0xE0, 0x0F, 0xFE, 0x60, 0x0C, 0x07, 0x80, 0xC0, 0x3C, 0x0C, 0x00,
    0x9F, 0xFF, 0x01, 0xFF, 0xF0, 0x41, 0x80, 0x06, 0x38, 0x00, 0xC3, 0x18, 0x1C, 0x71, 0xC1, 0x86,
    0x0C, 0x38, 0xFF, 0xE7, 0x1F, 0xFE, 0x30, 0xE0, 0x70, 0x00, 0x02, 0x00, 0x18, 0x03, 0x81, 0xC0,
    0x3E, 0x0C, 0x00, 0xE0, 0xE0, 0x01, 0xFF, 0xF0, 0x1F, 0xFF, 0x60, 0x0C, 0x07, 0x80, 0xC0, 0x3C,
    0x0C, 0x00, 0x80, 0xC0, 0x01, 0xFF, 0xE0, 0x5F, 0xFE, 0x0E, 0x0C, 0x00, 0xC0, 0xC0, 0x1C, 0x0C,
    0x01, 0x80, 0xC0, 0x38, 0x0C, 0x07, 0x3F, 0xFF, 0x73, 0xFF, 0xF0, 0x00, 0x00, 0x00, 0x00, 0x43,
    0x81, 0xFE, 0x1F, 0xFF, 0xC0, 0xEF, 0xE0, 0x00, 0x0E, 0x00, 0x00, 0xE0, 0x63, 0xFF, 0xF7, 0xBF,
    0xFF, 0x3C, 0x0E, 0x00, 0x80, 0xE0, 0x00, 0x0E, 0x00, 0x4F, 0xFE, 0x0E, 0xFF, 0xE0, 0xCC, 0x06,
    0x1C, 0xC0, 0x61, 0x8C, 0x06, 0x38, 0xC0, 0x63, 0x0F, 0xFE, 0x70, 0xFF, 0xE2, 0x0C, 0x06, 0x00,
    0x10, 0x03, 0x03, 0x60, 0x3C, 0x37, 0x81, 0xC3, 0x18, 0x04, 0x30, 0xE0, 0x1F, 0xFE, 0x43, 0xFF,
    0xC7, 0x1B, 0x80, 0x78, 0x18, 0x31, 0x83, 0xFF, 0x03, 0xFF, 0xF0, 0x3F, 0x87, 0x0C, 0x1C, 0xE0,
    0xC0, 0xDC, 0x1C, 0x0F, 0x81, 0x80, 0xF3, 0x38, 0x3E, 0x33, 0x1F, 0xF3, 0x73, 0xE3, 0xF2, 0x10,
    0x1E, 0x00, 0x80, 0x6C, 0x30, 0x1D, 0xC7, 0x1B, 0x9C, 0x63, 0x71, 0x7F, 0xEE, 0x0F, 0xFD, 0xC0,
    0x19, 0xBF, 0x33, 0x37, 0x77, 0x66, 0xE6, 0x7C, 0xDC, 0x07, 0x9B, 0x80, 0xE3, 0x71, 0x8E, 0x6E,
    0x73, 0xCD, 0xCC, 0x7D, 0xBB, 0x9D, 0x87, 0x63, 0x30, 0xEC, 0xE2, 0x1F, 0xB8, 0x0F, 0xA2, 0x01,
    0xE0, 0x30, 0x06, 0x03, 0x9C, 0x67, 0x1E, 0xC6, 0x60, 0xCE, 0x6E, 0x00, 0x66, 0xC0, 0x00, 0x60,
    0x70, 0xFF, 0xE7, 0x8F, 0xFE, 0x1C, 0xC0, 0x60, 0x8C, 0x06, 0x00, 0xFF, 0xE0, 0x4F, 0xFE, 0x0C,
    0xC0, 0x60, 0xCF, 0xFE, 0x1C, 0xFF, 0xE1, 0x8C, 0x06, 0x38, 0xC0, 0x63, 0x0C, 0x06, 0x70, 0xC3,
    0xE2, 0x0C, 0x3E, 0x00, 0x00, 0x00, 0x00, 0x00, 0x03, 0x9F, 0xFE, 0x3F, 0xFF, 0xE0, 0xF8, 0x06,
    0x03, 0xB3, 0x60, 0x17, 0x3E, 0x40, 0xE1, 0xC7, 0x1C, 0x0C, 0x3B, 0x8C, 0xE1, 0x90, 0xC4, 0x03,
    0xFF, 0xE0, 0x3F, 0xFE, 0x0C, 0x3E, 0x01, 0xC3, 0xF0, 0x18, 0x7F, 0x83, 0x8E, 0xDC, 0x31, 0xCC,
    0xE7, 0x78, 0xCF, 0x63, 0x0C, 0x62, 0x00, 0xC0, 0x00, 0x00, 0x01, 0xCF, 0xFF, 0x0F, 0x7F, 0xFC,
    0x1B, 0xFF, 0xC0, 0x01, 0x80, 0x00, 0x1C, 0x01, 0x8F, 0xFF, 0xCF, 0x7F, 0xFE, 0x38, 0x63, 0x80,
    0xC7, 0x0E, 0x00, 0x76, 0x38, 0x0F, 0x30, 0xE0, 0xBD, 0xAF, 0x0E, 0x6F, 0x70, 0x67, 0x6D, 0x83,
    0x33, 0x66, 0x3B, 0x9B, 0x31, 0x98, 0xC8, 0x9C, 0x1E, 0x00, 0x40, 0xF0, 0x00, 0x00, 0x00, 0x00,
    0x00, 0x0C, 0x03, 0x80, 0xC0, 0x3F, 0xFF, 0xE0, 0xDF, 0xFE, 0x00, 0xFF, 0xC0, 0x1F, 0xFE, 0x60,
    0x0C, 0x07, 0x3F, 0xFF, 0x3B, 0xFF, 0xF1, 0x8F, 0xFC, 0x01, 0xFF, 0xC0, 0x18, 0x0C, 0x0D, 0xFF,
    0xC0, 0xDF, 0xFC, 0x1D, 0x80, 0xC1, 0x9F, 0xFC, 0x39, 0xFF, 0xC3, 0x18, 0x0C, 0x71, 0x83, 0xC2,
    0x18, 0x3C, 0x00, 0x00, 0x00, 0x00, 0x00, 0x01, 0x86, 0x03, 0x0F, 0x71, 0xFC, 0x1F, 0xFF, 0x00,
    0x3F, 0xE0, 0x00, 0xC3, 0x01, 0x87, 0x98, 0x0E, 0x7C, 0xFE, 0x3B, 0x67, 0xF0, 0xDF, 0xF3, 0x00,
    0xFF, 0x98, 0x04, 0xCC, 0xC0, 0x86, 0x66, 0x0E, 0x3F, 0x30, 0x6F, 0xF9, 0x87, 0xFC, 0xCC, 0x32,
    0x6E, 0x61, 0x83, 0x63, 0x1C, 0x1B, 0x18, 0xC0, 0xD8, 0xC0, 0x00, 0x00, 0x00, 0x38, 0xFF, 0xC1,
    0xEF, 0xFE, 0x03, 0xF0, 0x30, 0x03, 0xFF, 0x80, 0x1F, 0xFC, 0x30, 0xE0, 0x61, 0xE7, 0x03, 0x07,
    0xBF, 0xF8, 0x08, 0xFF, 0xC0, 0x00, 0x00, 0x01, 0x7F, 0xF8, 0x1B, 0xFF, 0xC0, 0xDB, 0x66, 0x0E,
    0xDB, 0x30, 0x66, 0xD9, 0x87, 0x36, 0xCC, 0x71, 0xB6, 0x63, 0xBF, 0xFF, 0x89, 0xFF, 0xFC, 0x00,
    0x00, 0x07, 0x3F, 0xFE, 0x3F, 0xFF, 0xF1, 0xF0, 0x60, 0x03, 0x0E, 0x00, 0x37, 0xFE, 0xE3, 0x7F,
    0xEF, 0xB6, 0x06, 0x3B, 0x7F, 0xE0, 0x37, 0xFE, 0x03, 0x60, 0x60, 0x37, 0xFE, 0x1B, 0x7F, 0xE1,
    0xB0, 0x60, 0x3F, 0x76, 0xC3, 0x76, 0x6E, 0x76, 0xE6, 0x67, 0xFC, 0x67, 0xEC, 0x9E, 0x26, 0xC3,
    0xE0, 0x00, 0x00, 0x00, 0x20, 0x00, 0x03, 0x8F, 0xFC, 0x3C, 0xFF, 0xC0, 0xEC, 0x0C, 0x04, 0xFC,
    0xC0, 0x0C, 0xCC, 0x40, 0xCC, 0xC7, 0x3F, 0xFF, 0x7B, 0xFF, 0xF1, 0xB7, 0xFB, 0x03, 0xFF, 0xF0,
    0x0C, 0x0C, 0x0C, 0xFF, 0xC0, 0xCF, 0xFC, 0x1C, 0xC0, 0xC1, 0x8F, 0xFC, 0x38, 0xFF, 0xC3, 0x0C,
    0x0C, 0x70, 0xC3, 0xC2, 0x0C, 0x3C, 0x00, 0x00, 0x00, 0x00, 0x08, 0x01, 0x80, 0xE0, 0x0E, 0x07,
    0xF8, 0x38, 0x38, 0x00, 0xBF, 0xFF, 0x01, 0xFF, 0xF8, 0x0C, 0x60, 0xCC, 0x63, 0x7C, 0x7B, 0xFF,
    0x80, 0xD8, 0xC3, 0x00, 0xC7, 0xF8, 0x16, 0x0F, 0x01, 0xF0, 0x40, 0x0D, 0x8B, 0x20, 0x6D, 0xDD,
    0x87, 0x7E, 0x6C, 0x37, 0xF1, 0x73, 0xB7, 0x87, 0x99, 0xE7, 0xF4, 0xDD, 0x3F, 0x80, 0x40, 0x00,
    0x00, 0x04, 0x00, 0x00, 0xC0, 0x00, 0x0C, 0xFF, 0xF0, 0xCF, 0xFF, 0x0C, 0x03, 0x03, 0xD8, 0x30,
    0x6D, 0x83, 0x06, 0xF0, 0x30, 0x6F, 0x03, 0x06, 0xE0, 0x30, 0x6C, 0x03, 0x00, 0xC0, 0x30, 0x0C,
    0x03, 0x00, 0xE0, 0x30, 0x1F, 0x03, 0x01, 0xB0, 0x30, 0x39, 0x83, 0x03, 0x10, 0x30, 0x70, 0x3F,
    0x06, 0x03, 0xF0, 0x00, 0x00, 0x00, 0x00, 0x60, 0x00, 0x06, 0x00, 0x00, 0x7F, 0xE0, 0x07, 0xFF,
    0x00, 0x7F, 0xE0, 0x06, 0x00, 0x00, 0x60, 0x01, 0xFF, 0xFC, 0x1F, 0xFF, 0xC1, 0x80, 0x0C, 0x18,
    0x00, 0xC1, 0x80, 0x0C, 0x1F, 0xFF, 0xC1, 0xFF, 0xFC, 0x00, 0x00, 0xC1, 0x99, 0xCC, 0x39, 0x8C,
    0xE3, 0x18, 0xC7, 0x71, 0x8E, 0x36, 0x18, 0x42, 0x0C, 0x0C, 0x00, 0x60, 0xE0, 0x03, 0x07, 0x00,
    0xFF, 0xFF, 0x87, 0xFF, 0xFC, 0x06, 0x0E, 0x60, 0x30, 0x63, 0x01, 0xFB, 0x18, 0x7F, 0xF8, 0xC3,
    0xE1, 0xE6, 0x13, 0x0F, 0xB0, 0x18, 0xEF, 0xA3, 0xCE, 0x0F, 0x1E, 0x60, 0x78, 0x60, 0x01, 0x83,
    0x33, 0x98, 0x39, 0x8C, 0xE1, 0x8C, 0x63, 0x9C, 0x63, 0x8C, 0x43, 0x00, 0x40, 0x06, 0x02, 0x00,
    0xE0, 0x7C, 0x0F, 0xC7, 0xE0, 0xFE, 0x76, 0x18, 0xE7, 0x23, 0xEF, 0xFF, 0x77, 0xFF, 0xFF, 0x1C,
    0x70, 0x7D, 0x87, 0x00, 0xF0, 0xF8, 0x07, 0x0D, 0x81, 0xE1, 0xDC, 0x3C, 0x78, 0xE7, 0x0F, 0x07,
    0x20, 0x40, 0x21, 0x99, 0x8C, 0x39, 0x9C, 0xE3, 0x18, 0xC6, 0x71, 0x8C, 0x76, 0x18, 0xC3, 0x00,
    0x18, 0x03, 0x03, 0x00, 0x60, 0x60, 0x0C, 0x0C, 0x01, 0x81, 0x80, 0x30, 0x30, 0x07, 0xFF, 0xF8,
    0xFF, 0xFF, 0x18, 0x00, 0x03, 0x00, 0x00, 0x60, 0x00, 0x0F, 0xFF, 0x01, 0xFF, 0xE0, 0x30, 0x0C,
    0x0E, 0x01, 0x81, 0xC0, 0x30, 0x30, 0x06, 0x0E, 0x00, 0xC3, 0x80, 0x18, 0x30, 0x03, 0x00, 0x00,
    0x00, 0x03, 0x00, 0x21, 0x98, 0xFF, 0x8C, 0xCF, 0xFC, 0x66, 0x60, 0x03, 0x33, 0x00, 0x19, 0x98,
    0x00, 0xFF, 0xFF, 0xC7, 0xFF, 0xFE, 0x30, 0x3C, 0x71, 0x81, 0xE3, 0x8F, 0xCF, 0x98, 0x7E, 0x6C,
    0xC3, 0x33, 0x6E, 0x19, 0x9B, 0xE0, 0xCC, 0xCF, 0x06, 0x6E, 0x70, 0x73, 0x73, 0xC3, 0x1B, 0x7F,
    0x18, 0xFF, 0x9C, 0xC7, 0xB8, 0x60, 0x00, 0x00, 0x00, 0x7F, 0xFF, 0xCF, 0xFF, 0xF8, 0x00, 0x30,
    0x0C, 0x06, 0x01, 0x80, 0xC0, 0x30, 0x18, 0x0E, 0x03, 0x01, 0x80, 0x60, 0x3F, 0xFF, 0xE7, 0xFF,
    0xFC, 0x01, 0xF0, 0x00, 0x76, 0x00, 0x1C, 0xC0, 0x0F, 0x18, 0x03, 0xC3, 0x01, 0xE0, 0x60, 0xF8,
    0x0C, 0x1C, 0x0F, 0x80, 0x01, 0xF0, 0x00, 0x04, 0x00, 0x00, 0x60, 0xC8, 0x06, 0x0D, 0xC6, 0x60,
    0xCC, 0x76, 0x0C, 0x63, 0x60, 0xC4, 0x3F, 0xFF, 0xF1, 0x7F, 0xFF, 0x06, 0x1C, 0x00, 0x61, 0xE0,
    0x0E, 0x1E, 0x01, 0xE1, 0xE0, 0x3E, 0x1F, 0x07, 0x63, 0xB0, 0xE6, 0x33, 0x84, 0x67, 0x18, 0x06,
    0x61, 0xC0, 0x6E, 0x0E, 0x07, 0xC0, 0x70, 0x78, 0x03, 0x00, 0x31, 0x86, 0x63, 0x18, 0x76, 0x31,
    0x83, 0xFF, 0xFF, 0x1D, 0xFF, 0xF3, 0xC3, 0x18, 0x7C, 0x31, 0x86, 0xE3, 0x18, 0x0E, 0xFF, 0xE0,
    0xEF, 0xFE, 0x1E, 0xCC, 0x63, 0xEC, 0xC6, 0x76, 0xFF, 0xE6, 0x6F, 0xFE, 0x46, 0xFF, 0xE0, 0x6C,
    0xC6, 0x0E, 0xCC, 0x60, 0xEF, 0xFE, 0x3C, 0xFF, 0xE3, 0xCC, 0x06, 0x00, 0x00, 0x00, 0x00, 0x40,
    0x00, 0x1C, 0x01, 0xFF, 0xFF, 0xBF, 0xFF, 0xF2, 0x0C, 0x88, 0xE3, 0xBB, 0x8F, 0xFE, 0xE0, 0x5F,
    0x98, 0x04, 0xFA, 0x03, 0xBB, 0xF1, 0xFF, 0xF7, 0x31, 0xFF, 0x70, 0x06, 0x45, 0xFF, 0xFF, 0xFF,
    0xFF, 0xFF, 0xFF, 0xFF, 0x00, 0x60, 0x00, 0x0C, 0x00, 0x01, 0x80, 0x00, 0x30, 0x00, 0x7F, 0x7F,
    0xE3, 0xFB, 0xFF, 0x03, 0x18, 0x18, 0x18, 0xCC, 0xC0, 0xC6, 0x66, 0x06, 0x33, 0x30, 0x31, 0x99,
    0x8F, 0xEC, 0xCC, 0x7F, 0x6E, 0x60, 0x63, 0x73, 0x03, 0x1B, 0x18, 0x18, 0xDE, 0xC0, 0xC0, 0xF0,
    0x07, 0xCF, 0x89, 0xFE, 0xFC, 0xCF, 0x8E, 0xE6, 0x40, 0xF7, 0x30, 0x0E, 0x1F, 0x80, 0x60, 0x00,
    0x7F, 0xFF, 0xE3, 0xFF, 0xFF, 0x06, 0x31, 0x98, 0x31, 0x8C, 0xC1, 0x8F, 0xFE, 0x0C, 0x7F, 0xF0,
    0x63, 0x19, 0x8F, 0xD8, 0xCC, 0x7E, 0xFF, 0xE0, 0xC7, 0xFF, 0x06, 0x01, 0x80, 0x30, 0x0C, 0x01,
    0xBF, 0xFF, 0x0F, 0xFF, 0xF9, 0xF8, 0x18, 0x0E, 0x00, 0xC0, 0x03, 0xFF, 0xF0, 0x1F, 0xFF, 0x80,
    0x1F, 0xFF, 0xE3, 0xFF, 0xFC, 0x60, 0xC1, 0x8C, 0x18, 0x31, 0x83, 0x06, 0x3F, 0xFF, 0xC7, 0xFF,
    0xF8, 0xFF, 0xFF, 0x18, 0x30, 0x63, 0x06, 0x0C, 0x7F, 0xFF, 0x8F, 0xFF, 0xF1, 0xFF, 0xFE, 0x70,
    0x60, 0xCE, 0x0C, 0x19, 0x81, 0x83, 0x70, 0x30, 0x6C, 0x06, 0xFD, 0x80, 0xDF, 0x80, 0x00, 0x00,
    0x01, 0x80, 0x00, 0x60, 0x00, 0x18, 0x03, 0xFF, 0xFC, 0xFF, 0xFF, 0x30, 0x60, 0xCC, 0x18, 0x33,
    0x06, 0x0C, 0xFF, 0xFF, 0x3F, 0xFF, 0xCC, 0x18, 0x33, 0x06, 0x0C, 0xFF, 0xFF, 0x3F, 0xFF, 0xCC,
    0x18, 0x0B, 0x06, 0x03, 0x01, 0x80, 0xC0, 0x60, 0x70, 0x1F, 0xFC, 0x07, 0xFE, 0xFF, 0xFF, 0xBF,
    0xFF, 0xFF, 0xFF, 0xFC, 0x00, 0x00, 0x0F, 0xFC, 0x07, 0xFF, 0x3D, 0x9C, 0xCF, 0x67, 0x33, 0xDF,
    0xFC, 0xF7, 0xFF, 0x3D, 0x9C, 0xCF, 0x67, 0x33, 0xD9, 0xCC, 0xF7, 0xFF, 0x3C, 0xFF, 0xCF, 0x00,
    0x03, 0xFF, 0xFF, 0xFF, 0xFF, 0xF0, 0x00, 0x0C, 0x3F, 0xFF, 0x83, 0xFF, 0xF8, 0x30, 0x61, 0x83,
    0xFF, 0xF8, 0x3F, 0xFF, 0x83, 0x06, 0x18, 0x30, 0x61, 0x83, 0xFF, 0xF8, 0x3F, 0xFF, 0x80, 0x71,
    0xC0, 0x0E, 0x0F, 0x03, 0xE0, 0xF8, 0xFE, 0x0D, 0xEE, 0x60, 0xCE, 0x06, 0x0C, 0x00, 0xE0, 0xC0,
    0x1E, 0x0C, 0x03, 0xC0, 0xC0, 0x38, 0x0C, 0x00, 0x00, 0x00, 0x03, 0x00, 0x03, 0xFF, 0xF9, 0xF9,
    0xFF, 0x30, 0x06, 0x66, 0x61, 0xCC, 0xCE, 0x31, 0x98, 0xC6, 0x33, 0x7D, 0xC6, 0x7F, 0xF7, 0xCE,
    0x3C, 0xF8, 0xFF, 0xFE, 0x1F, 0xFF, 0xC3, 0x8E, 0x18, 0x71, 0xC3, 0x0F, 0xFF, 0xE1, 0xFF, 0xFC,
    0x38, 0xE1, 0x87, 0xFF, 0xF0, 0xFF, 0xFE, 0x1C, 0x00, 0xC0, 0x00, 0x18, 0x0F, 0xF1, 0x80, 0xFF,
    0x3F, 0x8D, 0xB3, 0xFC, 0xD3, 0x71, 0xCD, 0x3F, 0x18, 0xD3, 0xDB, 0x8F, 0xF9, 0xF0, 0xFF, 0x0E,
    0x0D, 0x31, 0xF0, 0xD3, 0x7B, 0xCD, 0x3F, 0x1E, 0xD3, 0xFF, 0xED, 0x37, 0xFC, 0xFF, 0x60, 0xCF,
    0xF6, 0x0C, 0xC0, 0x60, 0xCC, 0x07, 0xFC, 0x00, 0x7F, 0xC0, 0x06, 0x0C, 0x00, 0x00, 0x00, 0x00,
    0x31, 0x81, 0xFF, 0xDC, 0x0F, 0xF7, 0xC0, 0x63, 0x3C, 0xC3, 0xF8, 0xEE, 0x07, 0x83, 0xE0, 0x3F,
    0xFE, 0x03, 0xFF, 0xF8, 0x38, 0x01, 0xE7, 0xBF, 0xFF, 0x9B, 0xFF, 0xC8, 0x18, 0x06, 0x00, 0xC0,
    0x30, 0x07, 0xFF, 0x80, 0x1F, 0xFC, 0x00, 0x60, 0xC0, 0x03, 0x0E, 0x00, 0x1C, 0x60, 0x1F, 0xFF,
    0xFC, 0xFF, 0xFF, 0xE0, 0xFF, 0xFF, 0xDF, 0xFF, 0xFC, 0x03, 0x00, 0x00, 0x60, 0x00, 0x0C, 0x00,
    0x7F, 0xFF, 0x0F, 0xFF, 0xE1, 0xC0, 0x1C, 0x38, 0x03, 0x87, 0x00, 0x70, 0xFF, 0xFE, 0x1F, 0xFF,
    0xC3, 0x80, 0x38, 0x70, 0x07, 0x0E, 0x00, 0xE1, 0xFF, 0xFC, 0x3F, 0xFF, 0x87, 0xFF, 0xF0, 0xE0,
    0x0E, 0x00, 0x18, 0x18, 0x06, 0x0E, 0x01, 0x83, 0x01, 0xF8, 0xFF, 0xFF, 0x7F, 0xFF, 0xDF, 0xFC,
    0x3E, 0x0F, 0x0F, 0x03, 0xC3, 0xD0, 0xFF, 0xCC, 0x3F, 0xF1, 0x8F, 0x0C, 0x73, 0xC3, 0x0E, 0xF0,
    0xC1, 0xBC, 0x30, 0x0F, 0x0C, 0x07, 0xFF, 0x01, 0xFF, 0xC0, 0x6C, 0x01, 0xF8, 0x00, 0x7E, 0x00,
    0x00, 0x00, 0x00, 0xE0, 0x00, 0x1C, 0x00, 0x7F, 0xFE, 0x0F, 0xFF, 0xC1, 0xDE, 0x18, 0x38, 0xE3,
    0x3F, 0xFF, 0xFF, 0xFF, 0xFF, 0x18, 0x81, 0x87, 0x3C, 0x30, 0xE1, 0xCE, 0x38, 0x17, 0xC7, 0xFF,
    0xF8, 0x7F, 0xFF, 0x0C, 0xE6, 0x61, 0x9C, 0xCC, 0x33, 0x99, 0x86, 0x73, 0x33, 0xFF, 0xFF, 0xFF,
    0xFF, 0xF0, 0xFF, 0xFF, 0xFF, 0xFF, 0x00, 0x1E, 0x00, 0x3F, 0xFF, 0xFF, 0xFF, 0xFF, 0xFF, 0xE0,
    0x03, 0xC0, 0x07, 0xFF, 0xFF, 0xFF, 0xFE, 0x00, 0x3C, 0x00, 0x78, 0x00, 0xFF, 0xFF, 0xFF, 0xFF,
    0xC0, 0x07, 0x80, 0x0C, 0x00, 0x20, 0x00, 0x07, 0x00, 0x7F, 0xFF, 0xE7, 0xFF, 0xFE, 0x00, 0x60,
    0x00, 0xFF, 0xF8, 0x0F, 0xFF, 0x80, 0xC0, 0x18, 0x0F, 0xFF, 0x80, 0xFF, 0xF8, 0x0C, 0x01, 0x80,
    0xFF, 0xF8, 0x0F, 0xFF, 0x80, 0xC0, 0x18, 0x0F, 0xFF, 0x80, 0xFF, 0xF8, 0x0C, 0x01, 0x87, 0xFF,
    0xFF, 0x7F, 0xFF, 0xF0, 0x00, 0xFF, 0xC3, 0xFF, 0xFC, 0x1C, 0xC0, 0x03, 0xFF, 0xFE, 0x1F, 0xFF,
    0xC0, 0x18, 0x00, 0x7F, 0xFF, 0xF7, 0xFF, 0xFE, 0x07, 0xFF, 0xC0, 0xFF, 0xFC, 0x1E, 0x00, 0xC3,
    0xFF, 0xFC, 0xF6, 0x00, 0xC6, 0x60, 0x0C, 0x07, 0xFF, 0xC0, 0x60, 0x0C, 0x07, 0xFF, 0xC0, 0x7F,
    0xFC, 0x06, 0x00, 0xC0, 0x7D, 0xFF, 0xDF, 0xFF, 0xFB, 0xFE, 0x03, 0x63, 0xC0, 0x6C, 0x7F, 0xFD,
    0xFF, 0xFF, 0xBF, 0xFF, 0xF6, 0x3C, 0x60, 0xC7, 0x8C, 0x1F, 0xFF, 0xFF, 0xFF, 0xFF, 0xE3, 0xC7,
    0x0C, 0x78, 0x61, 0xFF, 0x0C, 0x3F, 0xE1, 0x8F, 0xEC, 0x79, 0xC1, 0xFB, 0x60, 0x3F, 0x7C, 0x07,
    0x07, 0x00, 0x00, 0x00, 0x06, 0x02, 0x00, 0x70, 0x70, 0x03, 0x06, 0x03, 0xFF, 0xFE, 0x1F, 0xFF,
    0xC1, 0xFF, 0xF8, 0x1F, 0xFF, 0xC0, 0x18, 0x00, 0x7F, 0xFF, 0xE7, 0xFF, 0xFE, 0x07, 0xFF, 0x80,
    0xFF, 0xFC, 0x1F, 0x00, 0xC7, 0xFF, 0xFC, 0xF7, 0x00, 0xC6, 0x7F, 0xFC, 0x07, 0x00, 0xC0, 0x7F,
    0xFC, 0x07, 0xFF, 0xC0, 0x70, 0x0C, 0x00, 0x00, 0x00, 0x00, 0x00, 0x87, 0xCF, 0xFC, 0xFD, 0xFF,
    0x8F, 0xC0, 0xC0, 0xCC, 0x0C, 0x0C, 0xDF, 0xFE, 0xFD, 0xFF, 0xEF, 0xCC, 0xD8, 0xCC, 0xCD, 0x8C,
    0xDF, 0xFE, 0xFF, 0xFF, 0xEF, 0xDF, 0xFE, 0xCC, 0xCD, 0x8C, 0xDF, 0xFE, 0xFD, 0xFF, 0xEF, 0xC0,
    0xC0, 0xFC, 0x0C, 0x0C, 0x00, 0xC0, 0x01, 0xFF, 0xC0, 0x1F, 0xFC, 0x10, 0x00, 0x03, 0x87, 0xFF,
    0x30, 0x7F, 0xF3, 0xF8, 0x00, 0x3F, 0x80, 0x07, 0xC3, 0xFE, 0x6C, 0x3F, 0xE6, 0xC3, 0x06, 0x7F,
    0xB0, 0x67, 0xFB, 0x06, 0x0C, 0x3F, 0xE0, 0xC3, 0xFE, 0x0E, 0x30, 0xE1, 0xF1, 0x8C, 0x1B, 0x18,
    0xC1, 0xB9, 0x9C, 0x39, 0x9D, 0x87, 0x0F, 0xFF, 0x60, 0xFF, 0xF0, 0x00, 0x00, 0x7F, 0x7F, 0xC7,
    0xFF, 0xFC, 0x18, 0x7F, 0xC1, 0x83, 0x0C, 0x18, 0x31, 0xC3, 0x83, 0x1C, 0x30, 0x71, 0xC3, 0xF7,
    0x18, 0x7F, 0x7F, 0xF7, 0x37, 0xFF, 0xF3, 0x00, 0x77, 0x30, 0x07, 0x33, 0xFF, 0x73, 0x3F, 0xFF,
    0x3F, 0x7F, 0x63, 0xF0, 0x06, 0x30, 0x00, 0x63, 0x00, 0x7E, 0x00, 0x07, 0xC0, 0x00, 0x00, 0x00,
    0x18, 0x07, 0xF3, 0x80, 0x7F, 0x3F, 0xC1, 0x87, 0xF8, 0x18, 0x63, 0x81, 0x8F, 0xFF, 0x39, 0xFF,
    0xF3, 0x1E, 0x63, 0x3F, 0x66, 0x37, 0xF7, 0xFF, 0x73, 0x7F, 0xFF, 0x36, 0x63, 0x73, 0x66, 0x33,
    0x3F, 0xFF, 0x33, 0xFF, 0xF3, 0xFE, 0x63, 0x3F, 0xC6, 0x33, 0x1C, 0x63, 0x31, 0xC7, 0xF0, 0x18,
    0x1F, 0x00, 0x00, 0x00, 0x1F, 0xFF, 0xC1, 0xFF, 0xFC, 0x00, 0x00, 0x00, 0x00, 0x00, 0x00, 0x00,
    0x07, 0xFF, 0xFF, 0x7F, 0xFF, 0xF0, 0x07, 0x00, 0x00, 0x70, 0x00, 0xE7, 0x30, 0x0C, 0x73, 0x81,
    0xC7, 0x1C, 0x18, 0x70, 0xC3, 0x87, 0x0E, 0x70, 0x70, 0x66, 0x07, 0x07, 0x03, 0xF0, 0x00, 0x3E,
    0x00, 0x00, 0x00, 0x00, 0x06, 0x03, 0x00, 0x60, 0x30, 0x3F, 0x9F, 0xE7, 0xFF, 0xFF, 0x0F, 0x07,
    0x81, 0xF8, 0xFC, 0x3F, 0xDF, 0xE7, 0x6F, 0xB7, 0x66, 0x33, 0x30, 0x60, 0x30, 0x0F, 0xFF, 0xC0,
    0xFF, 0xFC, 0x7F, 0xFF, 0xF7, 0xFF, 0xFF, 0x00, 0x70, 0x00, 0xE7, 0x30, 0x1C, 0x73, 0xC3, 0xC7,
    0x0E, 0x79, 0xF0, 0x62, 0x1E, 0x02, 0x00, 0x00, 0x00, 0x00, 0x06, 0x00, 0x7C, 0x30, 0x1F, 0xC1,
    0x80, 0xF8, 0x0C, 0x80, 0xC3, 0x6E, 0x06, 0x1B, 0x31, 0xFE, 0xD9, 0xCF, 0xFE, 0xC6, 0x0E, 0x66,
    0x30, 0xFB, 0x31, 0x87, 0xF9, 0x98, 0x7B, 0x0C, 0xC3, 0xD0, 0x6E, 0x36, 0x00, 0x63, 0xB0, 0x07,
    0x09, 0x80, 0x70, 0x0C, 0x0F, 0x00, 0x61, 0xF0, 0x03, 0x7E, 0x00, 0x19, 0xC0, 0x00, 0x00, 0x18,
    0x00, 0x7C, 0xC0, 0x1F, 0xC6, 0x00, 0x78, 0x7F, 0xE0, 0xC3, 0xFF, 0x06, 0x19, 0xB1, 0xFF, 0xCD,
    0x8F, 0xFC, 0x68, 0x0C, 0xF3, 0xC0, 0xF1, 0xDE, 0x07, 0xCC, 0xF8, 0x3F, 0x66, 0xC3, 0xDB, 0x36,
    0x3E, 0x39, 0xB9, 0xB1, 0x8C, 0xCD, 0x9C, 0x66, 0x0C, 0x43, 0x20, 0x60, 0x18, 0x03, 0x07, 0xC0,
    0x18, 0x3E, 0x00, 0x00, 0x00, 0x00, 0x00, 0x06, 0x01, 0xF0, 0xE0, 0x7F, 0x1F, 0xC7, 0xC3, 0xFE,
    0x0C, 0xF0, 0xC0, 0xCF, 0x9C, 0x7F, 0x1F, 0x8F, 0xF1, 0xF0, 0x1C, 0xFF, 0x01, 0xEF, 0x70, 0x3F,
    0x0F, 0xF3, 0xF1, 0xFF, 0x7F, 0x78, 0x66, 0xCF, 0xCE, 0xEC, 0xDF, 0xC4, 0xC0, 0x78, 0x0C, 0x07,
    0x00, 0xC3, 0xE0, 0x0D, 0xF8, 0x00, 0xCE, 0x00, 0x00, 0x00, 0x00, 0x00, 0x00, 0x00, 0x7D, 0xFF,
    0x1F, 0xFF, 0xF8, 0xF8, 0xE0, 0xC0, 0xC7, 0x06, 0x06, 0x38, 0x31, 0xFF, 0xFF, 0x8F, 0xFF, 0xFC,
    0x0C, 0x00, 0x00, 0xF3, 0xFF, 0x87, 0xDF, 0xFC, 0x7F, 0x0C, 0x03, 0xD8, 0x60, 0x36, 0x3F, 0xF3,
    0xB1, 0xFF, 0xC9, 0x80, 0xC0, 0x0C, 0x06, 0x00, 0x60, 0x30, 0x03, 0x3F, 0xFC, 0x19, 0xFF, 0xE0,
    0x00, 0xC0, 0x00, 0x18, 0x00, 0x03, 0x80, 0x7F, 0xFF, 0xEF, 0xFF, 0xFD, 0x80, 0x01, 0xB1, 0xCF,
    0x36, 0x70, 0xF2, 0x3C, 0x07, 0x9F, 0x00, 0x79, 0x80, 0x02, 0x1F, 0xFF, 0x83, 0xFF, 0xF0, 0x01,
    0x80, 0x00, 0x30, 0x00, 0x06, 0x00, 0x00, 0xC0, 0x1F, 0xFF, 0xFB, 0xFF, 0xFF, 0x00, 0x00, 0xC0,
    0x00, 0x18, 0x00, 0x03, 0x00, 0x00, 0x70, 0x07, 0xFF, 0xFC, 0xFF, 0xFF, 0x80, 0x00, 0x00, 0x60,
    0x30, 0x0C, 0x06, 0x01, 0x81, 0xC0, 0x38, 0x30, 0x07, 0x06, 0x00, 0x61, 0xC0, 0x0C, 0x38, 0x01,
    0xC6, 0x00, 0x39, 0xC0, 0x00, 0x30, 0x1F, 0xFF, 0xFF, 0xFF, 0xFF, 0x80, 0x00, 0x00, 0x00, 0xDF,
    0xF1, 0x9B, 0xFF, 0x33, 0x30, 0xC6, 0x66, 0x38, 0xCC, 0x6E, 0x19, 0x8F, 0x83, 0x30, 0xF0, 0x66,
    0x3F, 0x0C, 0xFE, 0xFD, 0x9B, 0x87, 0x80, 0x60, 0x27, 0xFF, 0xFC, 0xFF, 0xFF, 0x83, 0x01, 0x80,
    0x70, 0x70, 0x0E, 0x0C, 0x00, 0xC1, 0x83, 0xFF, 0xFF, 0xFF, 0xFF, 0xF0, 0x00, 0xC0, 0x00, 0x1C,
    0x01, 0xFF, 0xFF, 0x1F, 0xFF, 0xC0, 0x60, 0xC1, 0xFF, 0xFF, 0xFF, 0xFF, 0xF8, 0x00, 0x00, 0x3F,
    0xFF, 0x87, 0xFF, 0xF0, 0xC0, 0x0E, 0x1F, 0xFF, 0xC3, 0x00, 0x38, 0x7F, 0xFF, 0x0F, 0xFF, 0xE0,
    0x07, 0x00, 0xFF, 0xFF, 0xE0, 0x1C, 0x00, 0x03, 0x80, 0x00, 0x70, 0x00, 0x00, 0x06, 0x01, 0x8C,
    0x66, 0x1C, 0xE6, 0x60, 0xCE, 0x66, 0x7F, 0xE6, 0x67, 0xFF, 0xFE, 0x02, 0xFF, 0xE6, 0x30, 0x00,
    0x37, 0xFF, 0xF3, 0x6F, 0xFF, 0x36, 0x0E, 0x03, 0x6F, 0xFF, 0x36, 0xFF, 0xF3, 0x6D, 0x97, 0x37,
    0xD9, 0x71, 0xFD, 0x97, 0x7F, 0xD9, 0x77, 0x0D, 0x97, 0x00, 0xD9, 0xF0, 0x0D, 0x9E, 0x00, 0x00,
    0x00, 0x08, 0x0C, 0x01, 0xC0, 0xC0, 0x1F, 0xDF, 0xF3, 0xFD, 0xFF, 0x36, 0x3B, 0x87, 0x77, 0x18,
    0x67, 0x61, 0x80, 0x60, 0x1C, 0x0E, 0x01, 0xC1, 0xDF, 0xFF, 0x1D, 0xFF, 0xF3, 0xC4, 0x1C, 0x7C,
    0xE1, 0xC6, 0xC6, 0x1C, 0x0C, 0x71, 0xC0, 0xC3, 0x9C, 0x0C, 0x11, 0xC0, 0xC0, 0x1C, 0x0C, 0x0F,
    0xC0, 0xC0, 0xF8, 0x00, 0x00, 0x00, 0x0C, 0x0C, 0x01, 0xC0, 0xC0, 0x1F, 0xFF, 0xF3, 0xFF, 0xFE,
    0x33, 0x39, 0x87, 0x33, 0x18, 0x3F, 0xFF, 0xC3, 0xFF, 0xFC, 0x00, 0x60, 0xC1, 0xFF, 0xFC, 0x1F,
    0xFF, 0xC1, 0x86, 0x00, 0x18, 0x60, 0x01, 0xFF, 0xFE, 0x1F, 0xFF, 0xE0, 0x3E, 0x06, 0x07, 0x60,
    0xE1, 0xE6, 0x7E, 0x7C, 0x67, 0xC3, 0x06, 0x00, 0x00, 0x00, 0x00, 0x18, 0x18, 0x01, 0x81, 0x80,
    0x3F, 0xFF, 0xF3, 0xFF, 0xFE, 0x76, 0x63, 0x0E, 0x77, 0x38, 0x41, 0xF8, 0x00, 0x39, 0xC0, 0x0F,
    0x0F, 0x03, 0xFF, 0xFE, 0xFF, 0xFE, 0xF6, 0x00, 0x02, 0x18, 0xE1, 0x81, 0xC6, 0x38, 0x0E, 0x73,
    0x00, 0x63, 0x70, 0x06, 0x26, 0x07, 0xFF, 0xFE, 0x7F, 0xFF, 0xF0, 0x00, 0x00, 0x00, 0x00, 0x03,
    0x81, 0x80, 0x7F, 0x7F, 0x9F, 0xEF, 0xF3, 0x73, 0xB8, 0xC6, 0xE3, 0x1E, 0x7F, 0xF8, 0xEF, 0xFF,
    0x0F, 0xFF, 0xE6, 0x80, 0x0C, 0xCF, 0xF9, 0x99, 0xFF, 0x33, 0x30, 0xE6, 0x67, 0xFC, 0xCC, 0xC3,
    0x99, 0x98, 0x73, 0x33, 0xFE, 0x66, 0x3F, 0x8C, 0xC0, 0x0F, 0x98, 0x01, 0xF0, 0x00, 0x00, 0x18,
    0x18, 0x01, 0x81, 0x80, 0x3F, 0xFF, 0xF7, 0xFF, 0xFE, 0x67, 0x63, 0x01, 0xFF, 0xF8, 0x18, 0x01,
    0x81, 0xFF, 0xF8, 0x18, 0x01, 0x81, 0x80, 0x18, 0x1F, 0xFF, 0x81, 0xFF, 0xF8, 0x1F, 0xFF, 0x80,
    0x30, 0x60, 0x03, 0x0E, 0x07, 0xFF, 0xFF, 0x07, 0x0E, 0x00, 0xE0, 0x60, 0x7C, 0x06, 0x03, 0x80,
    0x60, 0x00, 0x00, 0x00, 0x18, 0x0C, 0x03, 0x81, 0xC0, 0x3F, 0xDF, 0xF7, 0xFF, 0xFE, 0x63, 0x71,
    0x86, 0x26, 0x10, 0x3F, 0xFF, 0xE3, 0xFF, 0xFE, 0x34, 0x00, 0x63, 0xFF, 0xFE, 0x0C, 0x03, 0x80,
    0xC0, 0x38, 0x0F, 0xFF, 0x80, 0xC0, 0x00, 0x0F, 0xFF, 0x80, 0xFF, 0xFC, 0x0C, 0x00, 0xC0, 0xFF,
    0xFC, 0x0F, 0xFF, 0xC0, 0xC0, 0x0C, 0x00, 0x00, 0x00, 0x0C, 0x0C, 0x01, 0xC1, 0xC0, 0x1F, 0xFF,
    0xF3, 0xFF, 0xFF, 0x73, 0x71, 0x86, 0x62, 0x70, 0x07, 0x06, 0x07, 0xFF, 0xFF, 0x7F, 0xFF, 0xF0,
    0x00, 0x00, 0x3F, 0xCC, 0xE3, 0x0C, 0xCE, 0x3F, 0xCC, 0xE3, 0xFC, 0xCE, 0x30, 0xCC, 0xE3, 0xFC,
    0xCE, 0x3F, 0xCC, 0xE3, 0x0C, 0x0E, 0x31, 0xC3, 0xE3, 0x3C, 0x3C, 0x00, 0x00, 0x00, 0x0C, 0x0C,
    0x01, 0xC1, 0xC0, 0x1F, 0xFF, 0xF3, 0xFF, 0xFE, 0x73, 0x33, 0x86, 0xF3, 0xDC, 0x3F, 0xBF, 0xE7,
    0xFF, 0xFF, 0x0C, 0x1C, 0xC3, 0xF9, 0xCC, 0x3F, 0xFF, 0xF0, 0xC7, 0xFF, 0x7F, 0x9F, 0xC7, 0xFB,
    0xFE, 0x1F, 0x30, 0x63, 0xFB, 0xFE, 0x7D, 0xB0, 0x66, 0xC3, 0x06, 0x4C, 0x3F, 0xE0, 0xC3, 0x06,
    0x0C, 0x00, 0x00, 0x61, 0xFF, 0x1B, 0x7F, 0xF8, 0xDB, 0x60, 0xC3, 0xDB, 0x06, 0x1E, 0xD8, 0x30,
    0xFC, 0xFF, 0x8F, 0xF7, 0xFC, 0x7F, 0xFF, 0xE0, 0x71, 0x83, 0x07, 0x8C, 0x18, 0x3E, 0x60, 0xC3,
    0xFB, 0xFE, 0x1E, 0xDF, 0xF1, 0xF2, 0xC1, 0x8D, 0x86, 0x0C, 0x6C, 0x30, 0x60, 0x61, 0x83, 0x03,
    0x3F, 0xFE, 0x19, 0xFF, 0xF0, 0x00, 0x07, 0x01, 0xFF, 0xF1, 0xFF, 0xF8, 0x1E, 0xE0, 0x00, 0x38,
    0x60, 0x0E, 0x3C, 0x07, 0xFF, 0x01, 0xFF, 0xC0, 0x1F, 0xE6, 0x00, 0x78, 0xE0, 0x3C, 0x0E, 0x1F,
    0xFF, 0xE7, 0xFF, 0xFC, 0x60, 0xC1, 0xC3, 0x9B, 0x80, 0xE3, 0x38, 0x38, 0x63, 0x8E, 0x0C, 0x3D,
    0x8F, 0x83, 0x81, 0xF0, 0x00, 0x00, 0x00, 0x00, 0x60, 0x00, 0x0C, 0x01, 0xFF, 0xFF, 0xBF, 0xFF,
    0xF0, 0x06, 0x01, 0xFF, 0xFF, 0xFF, 0xFF, 0xFE, 0x0E, 0x23, 0xC7, 0x9C, 0x69, 0xCF, 0x88, 0x7F,
    0xC8, 0x0F, 0xE3, 0x81, 0xFF, 0xF8, 0xFF, 0xFF, 0x9F, 0x98, 0x38, 0x73, 0x72, 0x1E, 0x67, 0x07,
    0x0C, 0x7B, 0xCF, 0x87, 0xB1, 0xF0, 0x20, 0x00, 0x00, 0x06, 0xFF, 0xCC, 0xDF, 0xF9, 0x99, 0xC6,
    0x33, 0x19, 0xC6, 0x61, 0xF0, 0xCC, 0x7C, 0x19, 0xFF, 0xF8, 0x3F, 0x1F, 0x07, 0x98, 0x43, 0xFF,
    0x80, 0x7F, 0xD8, 0x0B, 0xE3, 0x83, 0xFF, 0xFC, 0xFF, 0xFF, 0xDF, 0x18, 0x10, 0x73, 0x70, 0x1C,
    0x67, 0x8F, 0x7C, 0x39, 0x8F, 0x83, 0x80, 0x00, 0x00, 0x00, 0x08, 0x01, 0xC1, 0xB0, 0x18, 0x1B,
    0xC1, 0x81, 0x8C, 0x38, 0x19, 0xC3, 0x2F, 0xFE, 0x67, 0xFF, 0x0F, 0xED, 0xC0, 0xFC, 0x1C, 0xEF,
    0xC3, 0xFE, 0x39, 0xFF, 0x83, 0x2E, 0xC6, 0x7E, 0x0C, 0xEF, 0xE0, 0xDC, 0xC0, 0x0F, 0x80, 0x60,
    0xF0, 0x3F, 0x1E, 0x2F, 0xCF, 0xF3, 0xE1, 0xF3, 0xE0, 0x1C, 0x1E, 0x06, 0x00, 0x01, 0xCF, 0xFC,
    0x31, 0xFF, 0x8E, 0x33, 0x33, 0x86, 0x66, 0x63, 0xCC, 0xDC, 0xF9, 0x9F, 0xFB, 0x33, 0x7E, 0x66,
    0x61, 0x8F, 0xFC, 0x61, 0xFF, 0x9F, 0xF3, 0x37, 0xFE, 0x66, 0xF0, 0xCC, 0xC0, 0x19, 0x98, 0x1F,
    0x33, 0x7F, 0xFF, 0xFF, 0xCF, 0xFD, 0x81, 0x81, 0x80, 0x30, 0x30, 0x0C, 0x0C, 0x00, 0x60, 0xE0,
    0x07, 0x07, 0xF0, 0x30, 0x7F, 0xC3, 0x87, 0x0E, 0x19, 0xFC, 0xE1, 0xDF, 0x7E, 0x1F, 0xD1, 0xE0,
    0xFE, 0x0F, 0x00, 0xE1, 0xFE, 0x06, 0x3E, 0x7C, 0x67, 0xD8, 0xE7, 0xF8, 0xF1, 0x3F, 0x03, 0xC0,
    0x00, 0x06, 0x00, 0x66, 0x00, 0x7F, 0xFE, 0x07, 0xF0, 0x7E, 0x10, 0x00, 0xF8, 0x00, 0x00, 0x80,
    0x00, 0x06, 0x00, 0xC0, 0x60, 0x1C, 0x06, 0x01, 0xCF, 0xFF, 0x38, 0xFF, 0xF3, 0x30, 0x60, 0x77,
    0x06, 0x0F, 0xF0, 0x60, 0xFE, 0xFF, 0xE1, 0xCF, 0xFE, 0x18, 0x00, 0x03, 0xF7, 0xFE, 0x7F, 0x7F,
    0xEF, 0xC6, 0x06, 0x00, 0x60, 0x60, 0x36, 0x06, 0x3F, 0x60, 0x6F, 0xF7, 0xFE, 0xF0, 0x7F, 0xE0,
    0x06, 0x06, 0x00, 0x18, 0x00, 0xC1, 0x80, 0x1C, 0x3F, 0xE1, 0x83, 0xFE, 0x38, 0x70, 0xE3, 0x3F,
    0x8C, 0x77, 0xDB, 0x8F, 0xE9, 0xF8, 0xFE, 0x0F, 0x01, 0xC3, 0xFC, 0x19, 0xF9, 0xF3, 0xFF, 0xFF,
    0x7F, 0x7F, 0xE7, 0x87, 0xFE, 0x00, 0x60, 0x60, 0x76, 0x06, 0x7F, 0x60, 0x6F, 0x87, 0xFE, 0x40,
    0x7F, 0xE0, 0x06, 0x06, 0x00, 0x00, 0x00, 0x0C, 0x0C, 0x00, 0xC0, 0xE0, 0x1C, 0x06, 0x01, 0x8F,
    0xFF, 0x38, 0xFF, 0xF3, 0x31, 0xC0, 0x77, 0x19, 0x8F, 0xE3, 0x9C, 0xFE, 0x70, 0xC7, 0xCF, 0xFE,
    0x38, 0xFF, 0xE3, 0x0F, 0x32, 0xFF, 0x33, 0x0F, 0xE3, 0x30, 0x70, 0x33, 0x00, 0x03, 0x30, 0x1F,
    0x73, 0x3F, 0xEE, 0x33, 0xF1, 0xE3, 0xF0, 0x3C, 0x3E, 0x01, 0x00, 0x00, 0x0C, 0x02, 0x00, 0xCC,
    0x30, 0x1C, 0xF3, 0x61, 0x8D, 0xBE, 0x38, 0xDB, 0xC3, 0x3D, 0xBC, 0x77, 0xC3, 0x0F, 0xEF, 0xFE,
    0x7C, 0xFF, 0xE1, 0xCC, 0x78, 0x38, 0xCF, 0xC3, 0xFD, 0xFC, 0x7F, 0xDB, 0x67, 0x8F, 0x36, 0x00,
    0xF3, 0x00, 0xFC, 0x30, 0xFF, 0xC2, 0x0F, 0x8F, 0xFF, 0x00, 0xFF, 0xF0, 0x08, 0x0C, 0x00, 0xC0,
    0xC2, 0x0C, 0x0C, 0x71, 0x87, 0xFE, 0x18, 0x7F, 0xE3, 0x30, 0xDC, 0x73, 0x0F, 0x87, 0xFF, 0xFF,
    0x7E, 0xFF, 0xF4, 0xC1, 0xC0, 0x18, 0x3F, 0xC3, 0xAF, 0xFE, 0x7F, 0xF0, 0x67, 0xCB, 0x06, 0x00,
    0x3F, 0xE0, 0x73, 0xFE, 0x7F, 0x30, 0x67, 0xE3, 0xFE, 0x60, 0x3F, 0xE0, 0x03, 0x06, 0x00, 0x00,
    0x00, 0x00, 0x04, 0x00, 0xC0, 0xE0, 0x0C, 0x7F, 0xC1, 0x87, 0xFC, 0x18, 0x0E, 0x03, 0x6F, 0xFE,
    0x76, 0xFF, 0xE7, 0xC0, 0x46, 0xFC, 0x36, 0xC1, 0x81, 0xEC, 0x38, 0xEE, 0x07, 0xE7, 0x60, 0xFF,
    0xFF, 0xE7, 0x1F, 0xFE, 0x02, 0xFF, 0xE1, 0xE1, 0xF0, 0x7C, 0x3B, 0xCF, 0x0F, 0x0E, 0x01, 0xE0,
    0x70, 0x0C, 0x02, 0x00, 0x00, 0x00, 0xC1, 0xB0, 0x1C, 0x3B, 0x01, 0x83, 0x38, 0x18, 0x7F, 0xF3,
    0x37, 0xFF, 0x77, 0xE3, 0x07, 0xFE, 0x30, 0xFF, 0xFF, 0xE5, 0xCF, 0xFF, 0x18, 0x63, 0x03, 0xB6,
    0x30, 0x7F, 0x7F, 0xE7, 0xC7, 0xFF, 0x40, 0x63, 0x00, 0x36, 0x30, 0x3F, 0x63, 0x0F, 0xE7, 0xFF,
    0x60, 0x7F, 0xF0, 0x06, 0x00, 0x00, 0x00, 0x00, 0x71, 0xFF, 0x03, 0x3F, 0xF8, 0x38, 0x98, 0xC1,
    0x86, 0xEE, 0x1D, 0xB3, 0x60, 0xCF, 0xFF, 0xCF, 0xFF, 0xFE, 0x7E, 0x30, 0x00, 0x6F, 0xFF, 0x86,
    0x3F, 0xFC, 0x7E, 0x7F, 0x87, 0xF3, 0xFE, 0x3C, 0x38, 0x70, 0x01, 0xE3, 0x01, 0xFF, 0xF0, 0x7F,
    0xCF, 0x83, 0xCE, 0xFE, 0x10, 0xFF, 0x7E, 0x02, 0xE0, 0xE0, 0x08, 0x04, 0x01, 0xC0, 0xE0, 0x1C,
    0xFF, 0xE1, 0x8F, 0xFE, 0x38, 0xC0, 0x63, 0x6C, 0x06, 0x7E, 0xFF, 0xEF, 0xEF, 0xFE, 0xFC, 0xC0,
    0x01, 0x8F, 0xFF, 0x38, 0xFF, 0xF7, 0x6F, 0x53, 0x7E, 0xF5, 0x37, 0x8F, 0xFF, 0x03, 0xFF, 0xF0,
    0xFB, 0x53, 0x7F, 0xB5, 0x3F, 0x9B, 0x53, 0x43, 0x35, 0xF0, 0x13, 0x0E, 0x08, 0x06, 0x01, 0xD8,
    0xE0, 0x19, 0x8F, 0xE1, 0x8D, 0xFC, 0x38, 0xFD, 0xC3, 0x6F, 0x78, 0x76, 0x07, 0x8F, 0xE1, 0xFE,
    0x7F, 0xFF, 0xF7, 0xFF, 0x36, 0x18, 0xFF, 0xE3, 0x2C, 0x30, 0x7E, 0xDF, 0xC7, 0xCC, 0x30, 0x00,
    0xFF, 0xE0, 0x7F, 0xFE, 0x3F, 0xE3, 0x0F, 0xDF, 0x30, 0x63, 0xBF, 0xF0, 0x31, 0xFF, 0x00, 0x00,
    0x00, 0x00, 0x00, 0x00, 0xC0, 0xC0, 0x0C, 0xFF, 0xE1, 0xDF, 0xFF, 0x19, 0xC0, 0x33, 0xBE, 0x03,
    0x37, 0x7F, 0xE7, 0xE7, 0xFE, 0x7C, 0xC3, 0x05, 0xCC, 0xFE, 0x19, 0xDF, 0xF3, 0xBD, 0x87, 0x7F,
    0xD8, 0x77, 0xCD, 0xFF, 0x60, 0xDF, 0xF0, 0x7D, 0x87, 0x3F, 0xD8, 0x77, 0xCD, 0xFF, 0x60, 0xDF,
    0xF0, 0x0D, 0x87, 0x00, 0x00, 0x00, 0xFF, 0xFF, 0xFF, 0xFF, 0xFC, 0x00, 0x0F, 0x0C, 0x33, 0xC3,
    0x0C, 0xFC, 0xF3, 0x3F, 0xB6, 0xCF, 0x7D, 0xF3, 0xCE, 0x3C, 0xF1, 0x86, 0x3C, 0x71, 0xCF, 0x3C,
    0xF3, 0xCD, 0xB6, 0xF6, 0x7D, 0xBF, 0x8E, 0x2F, 0xC3, 0x03, 0xC0, 0xC0, 0xF0, 0x03, 0xFC, 0x00,
    0xF8, 0x7F, 0xFF, 0xCF, 0xFF, 0xF9, 0x8C, 0x63, 0x3F, 0xFF, 0xE7, 0xFF, 0xFC, 0xFF, 0xFF, 0xBF,
    0xFF, 0xF0, 0x06, 0x00, 0x1F, 0xFF, 0x03, 0xFF, 0xE0, 0x7F, 0xFC, 0x0C, 0x01, 0x81, 0xFF, 0xF0,
    0x30, 0x06, 0x06, 0x00, 0xC0, 0xFF, 0xF8, 0x18, 0x03, 0x1F, 0xFF, 0xFF, 0xFF, 0xFF, 0x80, 0x3F,
    0xDC, 0xE7, 0xFB, 0xFF, 0x36, 0xC6, 0x33, 0x78, 0x63, 0x7F, 0xB7, 0xBF, 0xFF, 0x7B, 0x0F, 0x1E,
    0xF1, 0xF9, 0xEF, 0x36, 0xDE, 0xFE, 0x64, 0x63, 0x7F, 0xCE, 0x77, 0xFD, 0xEF, 0x64, 0xF7, 0xB7,
    0xFE, 0x73, 0x7F, 0xC6, 0x36, 0x4C, 0x63, 0x7F, 0xC6, 0x37, 0xFD, 0xEF, 0x60, 0xDE, 0xF0, 0x00,
    0xC0, 0x00, 0x0C, 0x0E, 0x00, 0xC0, 0xC3, 0xFF, 0xFC, 0x3F, 0xFF, 0x80, 0x0C, 0xF0, 0x00, 0xDE,
    0x0F, 0xFF, 0xFF, 0x7F, 0xFF, 0xF0, 0x1E, 0x00, 0x07, 0xC0, 0x03, 0xFF, 0xF8, 0xFE, 0x01, 0x86,
    0x60, 0x18, 0x07, 0xFF, 0x80, 0x7F, 0xF8, 0x06, 0x01, 0x80, 0x7F, 0xF8, 0x07, 0xFF, 0x80, 0x60,
    0x18, 0x10, 0x30, 0x01, 0x83, 0x00, 0x3F, 0x30, 0xC7, 0x33, 0x7C, 0x63, 0xBF, 0x0F, 0xFB, 0x80,
    0xF8, 0xF0, 0x67, 0xFB, 0x06, 0x7F, 0xBF, 0xE6, 0x19, 0xFC, 0x61, 0xB0, 0x07, 0xFB, 0x0C, 0x7F,
    0xB3, 0xC6, 0x1B, 0xF8, 0x7F, 0xBC, 0x07, 0xFB, 0x06, 0x61, 0xB0, 0x76, 0x1B, 0x06, 0x6F, 0xBF,
    0xE6, 0xF9, 0xFE, 0x00, 0x00, 0x00, 0x00, 0x0C, 0x07, 0xF0, 0xC0, 0x7F, 0x0E, 0x06, 0x3F, 0xFF,
    0x63, 0xFF, 0xF6, 0x30, 0x18, 0x7F, 0x51, 0xE7, 0xFF, 0xB6, 0x63, 0xDB, 0x66, 0x3C, 0xF6, 0x63,
    0xCE, 0x67, 0xFC, 0x66, 0x7F, 0xCF, 0x66, 0x3D, 0xFE, 0x63, 0xF9, 0xE6, 0x3F, 0x16, 0x63, 0xC0,
    0x66, 0x3F, 0xFE, 0xEF, 0xFF, 0xEC, 0xE0, 0x06, 0x00, 0x00, 0x00, 0x00, 0x20, 0x07, 0xE2, 0x1E,
    0x7E, 0x23, 0xF6, 0x67, 0x3F, 0x67, 0xFF, 0x36, 0x6F, 0xB3, 0x7E, 0x23, 0x37, 0xE2, 0x33, 0x66,
    0x23, 0x36, 0x7F, 0xF3, 0x67, 0xFF, 0x37, 0xE6, 0x33, 0x7E, 0x7B, 0x36, 0x6D, 0xB3, 0x66, 0xDB,
    0xF6, 0x6F, 0xFF, 0x67, 0xFF, 0x46, 0x7C, 0xF0, 0xDE, 0x03, 0x0D, 0xE0, 0x30, 0x03, 0x00, 0x06,
    0x00, 0x0C, 0x07, 0xFF, 0xFF, 0xFF, 0xF8, 0x00, 0xF0, 0x01, 0xE0, 0x03, 0xFF, 0xFF, 0xFF, 0xFF,
    0x00, 0x1E, 0x00, 0x3F, 0xFF, 0xFF, 0xFF, 0xF0, 0x01, 0xE0, 0x03, 0xC0, 0x07, 0xFF, 0xFF, 0xFF,
    0xFE, 0x00, 0x30, 0xFF, 0xFF, 0xDF, 0xFF, 0xF9, 0xFF, 0xFF, 0x03, 0x8E, 0x00, 0xE0, 0xE0, 0x38,
    0x1E, 0x1F, 0xFF, 0xE3, 0xFF, 0xFE, 0x00, 0xE0, 0xC0, 0x1C, 0x00, 0x03, 0x80, 0x1F, 0xFF, 0xC3,
    0xFF, 0xF8, 0x01, 0xC0, 0x00, 0x38, 0x00, 0x07, 0x00, 0xFF, 0xFF, 0xFF, 0xFF, 0xFC, 0x01, 0x00,
    0x00, 0x38, 0x00, 0x07, 0xFC, 0x00, 0x7F, 0xE0, 0x0E, 0x1C, 0x01, 0xC3, 0x80, 0x7F, 0xFF, 0xCF,
    0xFF, 0xFC, 0x78, 0x60, 0xC1, 0x86, 0x0C, 0x18, 0x60, 0xC1, 0xFF, 0xFC, 0x1F, 0xFF, 0xC1, 0x80,
    0x0C, 0x18, 0x00, 0x21, 0x80, 0x03, 0x18, 0x00, 0x31, 0x80, 0x07, 0x1F, 0xFF, 0xF0, 0xFF, 0xFE,
    0x06, 0x0C, 0x00, 0xC1, 0x80, 0x18, 0x30, 0x7F, 0xFF, 0xFF, 0xFF, 0xFE, 0x0C, 0x18, 0x01, 0x83,
    0x00, 0x00, 0x00, 0x7F, 0xFF, 0x8F, 0xFF, 0xF0, 0x0C, 0x06, 0x01, 0x80, 0xC0, 0x30, 0x18, 0x06,
    0x03, 0x00, 0xC0, 0x60, 0x18, 0xFC, 0x03, 0x1F, 0x80, 0x60, 0x00, 0x0C, 0x00, 0x01, 0x80, 0x00,
    0x03, 0x06, 0x00, 0x30, 0x60, 0x7F, 0xFF, 0xF7, 0xFF, 0xFF, 0x03, 0x06, 0x00, 0x3E, 0x60, 0x00,
    0xC0, 0x07, 0xFF, 0xFF, 0x7F, 0xFF, 0xF0, 0x38, 0x00, 0x03, 0x80, 0x00, 0x7F, 0xF8, 0x0F, 0xFF,
    0xC1, 0xFF, 0xFC, 0x7E, 0x00, 0xCF, 0x60, 0x0C, 0x46, 0x00, 0xC0, 0x7F, 0xFC, 0x07, 0xFF, 0xC0,
    0x60, 0x0C, 0x00, 0x00, 0x00, 0x03, 0x06, 0x00, 0x18, 0x30, 0x1F, 0xFF, 0xFC, 0xFF, 0xFF, 0xE0,
    0x30, 0x60, 0x01, 0x9B, 0x00, 0x0C, 0xC8, 0x03, 0xFF, 0xF8, 0x1F, 0xFF, 0xC0, 0xC1, 0x86, 0x06,
    0x0C, 0x30, 0x30, 0x61, 0x87, 0xFF, 0xFF, 0x3F, 0xFF, 0xF8, 0x01, 0xE0, 0x00, 0x1F, 0x80, 0x03,
    0xCF, 0x00, 0xFC, 0x3E, 0x1F, 0x80, 0x7E, 0xE0, 0x00, 0xE0, 0x06, 0x0C, 0x00, 0x60, 0xC0, 0xFF,
    0xFF, 0xEF, 0xFF, 0xFE, 0x06, 0x0C, 0x00, 0x60, 0xC0, 0x31, 0xFF, 0xC3, 0xDF, 0xFC, 0x1D, 0xFF,
    0xC0, 0x58, 0x0C, 0xE1, 0x80, 0xCF, 0x98, 0x0C, 0x39, 0x8F, 0xC0, 0x58, 0xFC, 0x0F, 0x80, 0x01,
    0xD8, 0x02, 0x39, 0x80, 0x63, 0x98, 0x06, 0x71, 0xFF, 0xE6, 0x0F, 0xFC, 0x00, 0x00, 0x00, 0x03,
    0x06, 0x00, 0x70, 0x60, 0x7F, 0xFF, 0xF7, 0xFF, 0xFF, 0x07, 0xC6, 0x00, 0x38, 0x00, 0x7F, 0xFF,
    0xF7, 0xFF, 0xFE, 0x07, 0x00, 0x00, 0xE7, 0xF8, 0x1C, 0xFF, 0xC3, 0xC0, 0x38, 0x7C, 0x0F, 0x0E,
    0xDF, 0xFF, 0x4D, 0xFF, 0xF0, 0xC0, 0xE0, 0x0C, 0x0E, 0x00, 0xC0, 0xE0, 0x0C, 0x3E, 0x00, 0xC3,
    0xC0, 0x00, 0x00, 0x00, 0x03, 0x06, 0x00, 0x30, 0x60, 0x7F, 0xFF, 0xF7, 0xFF, 0xFF, 0x03, 0x06,
    0x03, 0x20, 0x40, 0x3B, 0x0F, 0x81, 0xF0, 0xFC, 0x1E, 0x0E, 0x67, 0xEF, 0xFF, 0x67, 0xFF, 0xF0,
    0x60, 0xE0, 0x0F, 0x0E, 0x01, 0xF0, 0xF0, 0x7F, 0x1F, 0x07, 0x71, 0xB8, 0x06, 0x39, 0x80, 0x67,
    0x1C, 0x3F, 0xE0, 0xF3, 0xDC, 0x07, 0x00, 0x00, 0x00, 0x03, 0x06, 0x00, 0x30, 0x60, 0x7F, 0xFF,
    0xF7, 0xFF, 0xFF, 0x03, 0x07, 0x80, 0xFF, 0xFC, 0x3F, 0xFF, 0x03, 0xEC, 0x0C, 0x18, 0xE0, 0xC1,
    0xC6, 0x1C, 0x0C, 0x63, 0x80, 0xC6, 0x30, 0x7F, 0xFF, 0xF7, 0xFF, 0xFF, 0x01, 0xF8, 0x00, 0x7F,
    0xE0, 0x0F, 0x67, 0x87, 0xC6, 0x3E, 0xF8, 0x60, 0xF6, 0x06, 0x02, 0x03, 0x06, 0x00, 0x18, 0x30,
    0x1F, 0xFF, 0xFC, 0xFF, 0xFF, 0xE0, 0x33, 0x60, 0x1D, 0x1A, 0x00, 0x79, 0xFF, 0x81, 0xDF, 0xF8,
    0x01, 0xF1, 0xC3, 0x9D, 0xFC, 0x1E, 0x47, 0xC0, 0x38, 0x7F, 0x00, 0x9F, 0x3F, 0x03, 0xFF, 0xF8,
    0x3F, 0xFF, 0x01, 0x98, 0x18, 0x1C, 0xC0, 0xC1, 0xC7, 0xFE, 0x1C, 0x3F, 0xF0, 0x41, 0x81, 0x80,
    0x03, 0x06, 0x00, 0x30, 0x60, 0x7F, 0xFF, 0xF7, 0xFF, 0xFF, 0x03, 0x06, 0x00, 0x31, 0xC0, 0x3B,
    0x1F, 0xE3, 0xB1, 0xFE, 0x3B, 0x3E, 0x03, 0xB3, 0x70, 0x3B, 0x73, 0x83, 0xB2, 0x18, 0x03, 0x01,
    0x81, 0xFF, 0xFC, 0x1F, 0xFF, 0xC1, 0x98, 0xCC, 0x19, 0x8C, 0xC7, 0xFF, 0xFF, 0x7F, 0xFF, 0xF0,
    0x03, 0x06, 0x00, 0x18, 0x30, 0x1F, 0xFF, 0xFC, 0xFF, 0xFF, 0xC0, 0x30, 0x7E, 0x17, 0xFF, 0xF9,
    0xBF, 0xFF, 0xCD, 0x80, 0xE0, 0x6D, 0xFF, 0x63, 0xEF, 0xFB, 0x1F, 0x6C, 0xF8, 0x5B, 0xFF, 0x87,
    0xDF, 0xFC, 0x3E, 0xFF, 0xE0, 0xF7, 0xEE, 0x05, 0xB6, 0x70, 0x6D, 0xFF, 0x93, 0xEF, 0xFC, 0x9E,
    0x47, 0xBC, 0xB0, 0x39, 0xE0, 0x00, 0x00, 0x00, 0x06, 0x00, 0x00, 0xE7, 0xFF, 0x1C, 0x7F, 0xF3,
    0x80, 0x00, 0x70, 0x00, 0x06, 0x30, 0x00, 0x07, 0x00, 0x00, 0xEF, 0xFF, 0x1C, 0xFF, 0xF3, 0xC0,
    0x18, 0x7C, 0x01, 0x8F, 0xC0, 0x18, 0x4C, 0x01, 0x80, 0xC0, 0x18, 0x0C, 0x01, 0x80, 0xC0, 0x18,
    0x0C, 0x01, 0x80, 0xC0, 0x18, 0x0C, 0x1F, 0x80, 0xC1, 0xF8, 0x00, 0x00, 0x00, 0x00, 0x60, 0x00,
    0x06, 0x00, 0x3F, 0xFF, 0xE3, 0xFF, 0xFE, 0x00, 0x60, 0x01, 0xFF, 0xF8, 0x1F, 0xFF, 0xC0, 0x06,
    0x00, 0x00, 0x60, 0x07, 0xFF, 0xFF, 0x7F, 0xFF, 0xE0, 0x3B, 0x86, 0x0F, 0x19, 0xE3, 0xE1, 0xF8,
    0x7E, 0x0F, 0x06, 0x60, 0x70, 0x06, 0x73, 0xC0, 0x7F, 0x9F, 0x0F, 0xC0, 0xF0, 0x60, 0x00, 0x10,
    0x06, 0x00, 0xC0, 0x30, 0x07, 0x01, 0x80, 0x19, 0xFF, 0xEF, 0xFF, 0xFF, 0x3F, 0x63, 0x18, 0x1B,
    0x19, 0xC1, 0xD8, 0xCC, 0x0D, 0xC6, 0x00, 0xFF, 0xFF, 0x0F, 0xFF, 0xF8, 0xFD, 0xF1, 0xCF, 0xFD,
    0x8C, 0x3F, 0xEE, 0xE0, 0x73, 0x3E, 0x03, 0xB8, 0xE0, 0x1D, 0xCF, 0x80, 0xEC, 0xFE, 0x07, 0xFE,
    0x3C, 0x3A, 0xE0, 0xE0, 0x03, 0x0C, 0x00, 0x18, 0x7C, 0x0F, 0xFB, 0xF0, 0x7F, 0xFD, 0xC0, 0x30,
    0xE6, 0x01, 0x87, 0x01, 0xFF, 0xFF, 0xCF, 0xFF, 0xFE, 0x03, 0x06, 0x41, 0xFF, 0xB3, 0x1F, 0xFD,
    0xB8, 0x7F, 0xED, 0x80, 0xF7, 0x7C, 0x1F, 0xF3, 0xC1, 0xF7, 0x1E, 0x0F, 0x9C, 0xE6, 0x0D, 0xFF,
    0x30, 0xFD, 0xFD, 0x87, 0xCE, 0x7C, 0x30, 0x61, 0xC0, 0x00, 0x00, 0x00, 0x06, 0x06, 0x02, 0x70,
    0x60, 0x77, 0x06, 0x03, 0xFF, 0xFF, 0x1F, 0xFF, 0xF0, 0x70, 0x60, 0x1F, 0x06, 0x07, 0xF0, 0x60,
    0x77, 0xFF, 0xE0, 0x7F, 0xFE, 0x00, 0x60, 0x07, 0xFF, 0xFE, 0x7F, 0xFF, 0xF0, 0x1F, 0x04, 0x07,
    0x99, 0xE7, 0xE1, 0xF8, 0x7E, 0x0F, 0x00, 0x7F, 0x3C, 0x0F, 0xF1, 0xF0, 0xF0, 0x07, 0x30, 0x0F,
    0xC0, 0xCC, 0xFF, 0x06, 0x77, 0x19, 0xFD, 0xBF, 0xCF, 0xE7, 0xFE, 0x06, 0x0E, 0x30, 0x37, 0x71,
    0x83, 0xFB, 0xFC, 0x3E, 0xDF, 0xE1, 0xE6, 0xFB, 0x9F, 0x37, 0xF9, 0xFD, 0xBB, 0x8D, 0xED, 0xFC,
    0x0C, 0x6F, 0xB0, 0x63, 0x79, 0x83, 0x1E, 0x00, 0x19, 0xF0, 0x00, 0xDD, 0xFF, 0x86, 0xC7, 0xFC,
    0x00, 0x00, 0x00, 0xFF, 0xFF, 0xFF, 0xFF, 0xFC, 0x0C, 0x60, 0x1F, 0xFF, 0xC7, 0xFF, 0xFC, 0xC6,
    0x31, 0x98, 0xC6, 0x33, 0xFF, 0xFE, 0x7F, 0xFF, 0xC0, 0x70, 0x03, 0xFF, 0xFF, 0x7F, 0xFF, 0xFF,
    0xFF, 0xFC, 0x18, 0x38, 0x07, 0xEF, 0x00, 0x7F, 0xC0, 0x0F, 0xFF, 0x9F, 0xF1, 0xFB, 0xE0, 0x07,
    0x00, 0x1F, 0xFF, 0x81, 0xFF, 0xF8, 0x18, 0x01, 0x81, 0x80, 0x18, 0x18, 0xC1, 0x81, 0x8C, 0x18,
    0x18, 0xC1, 0x81, 0x8C, 0x18, 0x18, 0xC1, 0x81, 0x8C, 0x18, 0x18, 0xF1, 0x81, 0x9F, 0x18, 0x19,
    0xF1, 0x80, 0x1F, 0x02, 0x03, 0xF0, 0x30, 0x77, 0x03, 0x0E, 0x70, 0x77, 0xC7, 0xFE, 0xF8, 0x3F,
    0xE4, 0x00, 0x00, 0x00, 0x00, 0x00, 0x63, 0x01, 0x8C, 0xE0, 0x31, 0x9F, 0xF6, 0x37, 0xFE, 0xC6,
    0xDC, 0x18, 0xF9, 0xC3, 0x1E, 0x1C, 0x0F, 0xFF, 0x03, 0xFF, 0xE0, 0x7F, 0xFC, 0x0C, 0x61, 0x81,
    0x8C, 0x30, 0x31, 0x86, 0x06, 0x3C, 0xC0, 0xCF, 0x98, 0x03, 0xF0, 0x60, 0xEE, 0x0C, 0xF8, 0xFF,
    0xFC, 0x1F, 0xE4, 0x00, 0x00, 0x0C, 0x00, 0x00, 0x60, 0xFF, 0x87, 0xE7, 0xFC, 0x3F, 0x0C, 0x63,
    0x98, 0x63, 0x1F, 0xE7, 0x39, 0xFF, 0x77, 0xCE, 0xDF, 0x3C, 0x36, 0xD9, 0x81, 0xFE, 0x6C, 0x0F,
    0xF7, 0xFC, 0x6D, 0xBF, 0xE3, 0x6F, 0x98, 0x1F, 0xE8, 0xC0, 0xFF, 0xFF, 0xE6, 0xDB, 0xFE, 0x36,
    0xC1, 0x83, 0xB6, 0x0C, 0x18, 0xF0, 0x60, 0xC3, 0x83, 0x00, 0x00, 0x00, 0x00, 0x00, 0x00, 0x00,
    0x60, 0x18, 0x07, 0xC0, 0xC0, 0x3F, 0x06, 0x03, 0x99, 0xFE, 0x1F, 0xFF, 0xF9, 0xFF, 0xCD, 0xCE,
    0xDE, 0x6E, 0x36, 0xF3, 0x71, 0xFF, 0x9B, 0x8F, 0xFC, 0xDC, 0x6D, 0xFF, 0xE3, 0x6D, 0xFE, 0x1F,
    0xE1, 0xB0, 0xFF, 0x0D, 0x86, 0xD8, 0x6E, 0x76, 0xC7, 0xF3, 0xB7, 0xFF, 0x98, 0xBF, 0x8E, 0xC3,
    0x80, 0x60, 0x00, 0x00, 0x00, 0x00, 0xC0, 0x00, 0x18, 0x00, 0x03, 0x80, 0x7F, 0xFF, 0xFF, 0xFF,
    0xFE, 0x00, 0x00, 0x07, 0xFF, 0x80, 0xFF, 0xF8, 0x00, 0x00, 0x00, 0x00, 0x00, 0x7F, 0xFC, 0x00,
    0x00, 0x00, 0x00, 0x00, 0x3F, 0xFE, 0x07, 0xFF, 0xC0, 0xC0, 0x18, 0x18, 0x03, 0x03, 0xFF, 0xE0,
    0x7F, 0xFC, 0x0C, 0x01, 0x80, 0x00, 0x00, 0x00, 0x06, 0x00, 0xC0, 0x30, 0x07, 0x01, 0x80, 0x1C,
    0x0C, 0x00, 0x60, 0x60, 0x00, 0x03, 0x00, 0x00, 0x18, 0x1F, 0xBF, 0xFE, 0xFD, 0xFF, 0xF8, 0x60,
    0x30, 0x03, 0x01, 0x80, 0x18, 0x0C, 0x00, 0xC0, 0x60, 0x06, 0x03, 0x00, 0x32, 0x18, 0x01, 0xF0,
    0xC0, 0x0F, 0x86, 0x00, 0xF0, 0x30, 0x07, 0x01, 0x80, 0x20, 0x0C, 0x00, 0x00, 0x0C, 0x03, 0x80,
    0xC0, 0x1C, 0x0C, 0x00, 0xE0, 0xC0, 0x06, 0x0C, 0x00, 0x00, 0xC0, 0x00, 0x0C, 0x0F, 0xC0, 0xC0,
    0xFC, 0x0E, 0x00, 0xC0, 0xE0, 0x0C, 0x0E, 0x00, 0xC1, 0xE0, 0x0C, 0x1F, 0x00, 0xC1, 0xB0, 0x0F,
    0xBB, 0x80, 0xFB, 0x18, 0x1E, 0x71, 0xC1, 0xCE, 0x0E, 0x19, 0xC0, 0x70, 0x08, 0x02, 0x00, 0x00,
    0x06, 0x03, 0x08, 0x73, 0xB8, 0xC3, 0x99, 0x8C, 0x19, 0x9D, 0xC0, 0x18, 0xD8, 0x01, 0xC1, 0x8F,
    0x8C, 0x18, 0xF8, 0xC3, 0x81, 0x8E, 0x30, 0x18, 0x67, 0x01, 0x87, 0x60, 0x18, 0x3E, 0x01, 0x83,
    0xC0, 0x1A, 0x1C, 0x01, 0xF3, 0xE0, 0x3E, 0xFF, 0x03, 0x9E, 0x3C, 0x37, 0x81, 0xE0, 0x30, 0x06,
    0x30, 0x00, 0x01, 0xC7, 0xFF, 0x07, 0x3F, 0xF8, 0x1C, 0x00, 0xC0, 0x40, 0x06, 0x00, 0x00, 0x33,
    0xF0, 0x01, 0x9F, 0x80, 0x0C, 0x0C, 0xFF, 0xE0, 0x67, 0xFF, 0x03, 0x30, 0x18, 0x19, 0x80, 0x00,
    0xCC, 0x00, 0x06, 0x60, 0x00, 0x3F, 0x00, 0xC1, 0xF8, 0x06, 0x1E, 0xC0, 0x30, 0xE7, 0xFF, 0x86,
    0x1F, 0xF8, 0x20, 0x00, 0x03, 0x07, 0xF0, 0x38, 0x7F, 0x01, 0xC6, 0x30, 0x0C, 0x63, 0x00, 0x06,
    0x30, 0x00, 0xE3, 0xEF, 0xBC, 0x3E, 0xFB, 0x81, 0xE1, 0x9F, 0xFC, 0x19, 0xFF, 0xC1, 0x9F, 0xFC,
    0x18, 0xE1, 0x81, 0x86, 0x38, 0x1A, 0x77, 0x01, 0xF3, 0xE0, 0x1E, 0x3E, 0x03, 0x8F, 0xFC, 0x33,
    0xE3, 0xE0, 0x18, 0x0E, 0x20, 0x00, 0x0E, 0x3F, 0xFC, 0xE7, 0xFF, 0x8E, 0x06, 0x00, 0x80, 0xC0,
    0x20, 0x18, 0x3E, 0x33, 0x07, 0xC6, 0x60, 0x18, 0xCF, 0xE3, 0x19, 0xF8, 0x63, 0x30, 0x0C, 0x66,
    0x01, 0x8C, 0xC0, 0x3D, 0x98, 0x07, 0xB3, 0x01, 0xE6, 0x60, 0x3B, 0xFF, 0xE6, 0x7F, 0xFC, 0x30,
    0xFF, 0xF3, 0x8F, 0xFF, 0x1C, 0x00, 0x30, 0xE0, 0x03, 0x00, 0xFF, 0x30, 0x0F, 0xF3, 0x7C, 0x00,
    0x37, 0xC7, 0xE3, 0x0C, 0x7E, 0x30, 0xC6, 0x63, 0x0C, 0x66, 0x30, 0xC6, 0x63, 0x0C, 0x7E, 0x30,
    0xD7, 0xE3, 0x0F, 0x7E, 0x30, 0xF6, 0x03, 0x1C, 0x00, 0x31, 0x80, 0x3F, 0x10, 0x03, 0xF0, 0x00,
    0x00, 0x00, 0x06, 0x0E, 0x01, 0xF0, 0xE0, 0x3B, 0x0E, 0x03, 0x70, 0xBF, 0xFE, 0x07, 0xFF, 0xC0,
    0xFF, 0xFF, 0xC0, 0x30, 0xF8, 0x06, 0x03, 0x7F, 0xC0, 0x6F, 0xF8, 0x0C, 0x33, 0x01, 0x86, 0x60,
    0x30, 0xCE, 0x06, 0x19, 0xC0, 0xF3, 0xDB, 0x1F, 0xFB, 0x67, 0xFE, 0x7C, 0xEC, 0x07, 0x90, 0x00,
    0xE0, 0x00, 0x00, 0x00, 0x60, 0x0E, 0x0E, 0x00, 0xE1, 0x80, 0x0E, 0x7F, 0xF0, 0x9F, 0xFE, 0x03,
    0x80, 0xC0, 0xE0, 0x1F, 0xDF, 0xF3, 0xFA, 0xFE, 0x63, 0x18, 0xCC, 0x63, 0xF9, 0x8C, 0x7F, 0x31,
    0x8C, 0x6E, 0x31, 0x8D, 0xC7, 0xBF, 0xB8, 0xF7, 0xE7, 0x3C, 0xC0, 0xE7, 0x00, 0x18, 0xC0, 0x3F,
    0x00, 0x07, 0xC0, 0x00, 0x00, 0x00, 0x20, 0x43, 0x07, 0x0E, 0x38, 0x30, 0xC1, 0xC3, 0x9C, 0x0C,
    0xFF, 0xF0, 0x0F, 0xFF, 0x00, 0x06, 0x0F, 0xC0, 0x60, 0xFC, 0x7F, 0xC0, 0xCF, 0xFE, 0x0C, 0x7F,
    0xE0, 0xC0, 0x60, 0x0C, 0x06, 0x00, 0xDF, 0xFF, 0x0D, 0xFF, 0xF0, 0xF0, 0x60, 0x0F, 0x06, 0x01,
    0xC0, 0x60, 0x18, 0x06, 0x01, 0x00, 0x60, 0x00, 0x00, 0x06, 0x3F, 0xFE, 0x7B, 0xFF, 0xE3, 0x83,
    0x00, 0x1C, 0x30, 0x00, 0x1F, 0xF8, 0x01, 0xFF, 0x8F, 0x86, 0x18, 0xF8, 0x61, 0x81, 0xFF, 0xFE,
    0x1B, 0xFF, 0xE1, 0x80, 0x00, 0x19, 0xFF, 0xC1, 0x9F, 0xFC, 0x19, 0x80, 0xC1, 0xF8, 0x0C, 0x1F,
    0x80, 0xC3, 0xDF, 0xFC, 0x31, 0xFF, 0xC0, 0x18, 0x0C, 0x00, 0x00, 0x00, 0x60, 0xFF, 0xC7, 0x0F,
    0xFC, 0x38, 0xC0, 0xC1, 0xCC, 0x0C, 0x00, 0xFF, 0xC0, 0x0F, 0xFC, 0xF8, 0x00, 0x0F, 0x80, 0x00,
    0x19, 0xFF, 0xE1, 0x9F, 0xFE, 0x18, 0x1C, 0x01, 0x9F, 0xFE, 0x1B, 0xFF, 0xF1, 0xA1, 0xC0, 0x1E,
    0x3E, 0x01, 0xE7, 0x70, 0x3C, 0xF3, 0xC3, 0x3C, 0x1E, 0x01, 0x80, 0x60, 0x00, 0x40, 0x83, 0x86,
    0x1C, 0x3C, 0x71, 0x80, 0xE3, 0x38, 0x0E, 0xFF, 0xC0, 0x0F, 0xFC, 0x00, 0xC0, 0xC7, 0xCC, 0x0C,
    0x7C, 0xC0, 0xC0, 0xCC, 0x0C, 0x0C, 0xFF, 0xC0, 0xCF, 0xFC, 0x0C, 0x33, 0x00, 0xC3, 0x30, 0x0D,
    0x33, 0x00, 0xFF, 0x30, 0x0F, 0x63, 0x31, 0xEE, 0x33, 0x19, 0xC3, 0xF1, 0x38, 0x3F, 0x00, 0x00,
    0x00, 0x00, 0x06, 0x01, 0xC0, 0x30, 0x0F, 0x3F, 0xFC, 0x39, 0xFF, 0xC0, 0xE7, 0xFE, 0x00, 0x7F,
    0xF0, 0x00, 0x18, 0x1F, 0xBF, 0xFF, 0x7D, 0xFF, 0xF0, 0x63, 0xFE, 0x03, 0x1F, 0xF8, 0x18, 0xC0,
    0xC0, 0xC6, 0x06, 0x06, 0x3F, 0xF0, 0x37, 0x81, 0x81, 0xFF, 0xFC, 0x0F, 0x7F, 0xE0, 0xF3, 0x03,
    0x07, 0x18, 0x78, 0x20, 0xC7, 0xC0, 0x00, 0x00, 0x00, 0x00, 0x04, 0x01, 0x80, 0x70, 0x0E, 0x3F,
    0xF8, 0x39, 0xFF, 0xC0, 0xE0, 0xE0, 0x00, 0x7F, 0xF8, 0x07, 0xFF, 0xCF, 0x80, 0xCE, 0x7C, 0x76,
    0x60, 0x65, 0xF3, 0x03, 0x3B, 0x80, 0x18, 0xEC, 0x00, 0xCF, 0xFF, 0x06, 0xFF, 0xF8, 0x37, 0xFF,
    0xC1, 0xE3, 0xF0, 0x0E, 0x39, 0xC0, 0xE3, 0x87, 0x06, 0x78, 0x1C, 0x03, 0x00, 0x60, 0x61, 0xFF,
    0xEF, 0x3F, 0xFC, 0x76, 0x31, 0x86, 0xC6, 0x30, 0x1F, 0xF7, 0xF3, 0x7C, 0xFE, 0x63, 0x1F, 0xCF,
    0xFB, 0x19, 0xFF, 0x63, 0x30, 0x0C, 0x66, 0xF9, 0x8C, 0xFF, 0xB1, 0x9E, 0x36, 0x37, 0xC6, 0xC7,
    0xFF, 0xD8, 0xFB, 0xF3, 0x3B, 0x00, 0x66, 0xE0, 0x7C, 0x98, 0x0F, 0x80, 0x00, 0x00, 0x00, 0x00,
    0x01, 0xFC, 0x70, 0x0F, 0xF3, 0x00, 0x41, 0x98, 0x02, 0x4C, 0xFF, 0x17, 0x6F, 0xF8, 0xBB, 0x63,
    0x85, 0xDF, 0x18, 0x2E, 0xF8, 0xC1, 0x77, 0xC6, 0x0B, 0xBF, 0x30, 0x5D, 0x9B, 0x82, 0xCC, 0xF8,
    0x16, 0x63, 0xC0, 0xB2, 0x1C, 0x03, 0xE0, 0xF0, 0x1B, 0x8F, 0xC1, 0xCE, 0xE7, 0x1C, 0x3E, 0x1C,
    0xC0, 0x60, 0x60, 0x00, 0x00, 0x01, 0xF9, 0xC0, 0x1F, 0xEE, 0x18, 0xC3, 0x71, 0xC6, 0x5B, 0x9C,
    0x36, 0xDD, 0xC1, 0xB6, 0xFC, 0x0D, 0xB7, 0xC0, 0x6D, 0xFF, 0xF3, 0x6F, 0xFF, 0x9B, 0x6E, 0xC0,
    0xDB, 0x76, 0x06, 0xDB, 0xB0, 0x36, 0xDC, 0xC0, 0xB4, 0xE6, 0x01, 0xC7, 0x38, 0x1B, 0x3B, 0xE1,
    0xDD, 0xFB, 0x9C, 0x6F, 0x8C, 0xC0, 0x60, 0x00, 0x06, 0x00, 0x00, 0x30, 0xFF, 0x0F, 0xF7, 0xF8,
    0xFF, 0x80, 0xC7, 0xFC, 0x06, 0x03, 0x00, 0x31, 0xFF, 0x81, 0x8F, 0xFF, 0xFC, 0x06, 0x1F, 0xE0,
    0x30, 0xC0, 0x0D, 0x86, 0x00, 0x6F, 0xB0, 0x03, 0x7F, 0x83, 0x3B, 0x0C, 0x19, 0xD8, 0x7F, 0xCF,
    0xC3, 0xFE, 0x7E, 0x07, 0xE3, 0x7F, 0xFF, 0xB8, 0xFF, 0xFC, 0x80, 0x00, 0x00, 0x06, 0x00, 0x00,
    0x31, 0xFF, 0x81, 0x8F, 0xFC, 0xFF, 0x8C, 0x67, 0xFC, 0xE7, 0x03, 0x06, 0x38, 0x18, 0x71, 0x8F,
    0xFF, 0x3C, 0x7F, 0xF9, 0xC0, 0x30, 0xFF, 0x0D, 0x87, 0xF8, 0x6F, 0xB0, 0xC3, 0x7D, 0x86, 0x1B,
    0x0C, 0x30, 0xD8, 0x7F, 0x8F, 0xC3, 0xFC, 0x7E, 0x00, 0x03, 0x7F, 0xFF, 0xB8, 0xFF, 0xFC, 0x80,
    0x00, 0x00, 0x1F, 0xFF, 0xC1, 0xFF, 0xFC, 0x18, 0x00, 0xC1, 0x80, 0x0C, 0x18, 0x00, 0xC1, 0x80,
    0x0C, 0x1F, 0xFF, 0xC1, 0xFF, 0xFC, 0x00, 0x60, 0x00, 0xC6, 0x00, 0x0C, 0x7F, 0xC0, 0xC7, 0xFC,
    0x0C, 0x7F, 0xC1, 0xE6, 0x00, 0x1E, 0x60, 0x01, 0xB6, 0x00, 0x3B, 0xE0, 0x07, 0x1F, 0xFF, 0x60,
    0x7F, 0xF0, 0x00, 0x00, 0x00, 0x00, 0x01, 0xF8, 0x0F, 0x1F, 0xCF, 0xF8, 0xE6, 0xFC, 0x07, 0x30,
    0x60, 0x39, 0x83, 0x01, 0xFC, 0x18, 0x0F, 0xE0, 0xC0, 0x0C, 0x7F, 0xF0, 0x63, 0xFF, 0x9B, 0xC1,
    0xC0, 0xDF, 0x0E, 0x06, 0xF0, 0x70, 0x36, 0x07, 0xC1, 0xB0, 0x36, 0x0D, 0xF3, 0xB8, 0x7F, 0xB8,
    0xC7, 0xF3, 0x87, 0x1C, 0x38, 0x1C, 0x01, 0x80, 0x60, 0x00, 0x10, 0x01, 0xF9, 0xC0, 0x1F, 0xEF,
    0xF0, 0xE7, 0x7F, 0xC7, 0x3F, 0xFE, 0x39, 0xF0, 0x31, 0xFF, 0xF9, 0x8F, 0xFF, 0xEC, 0x0C, 0x63,
    0x60, 0x63, 0x1B, 0x1B, 0x18, 0xD8, 0xDF, 0xFE, 0xC6, 0xF7, 0xF6, 0x36, 0x31, 0xF1, 0xB1, 0x8F,
    0x0D, 0xBC, 0x00, 0x7F, 0xE0, 0x33, 0xF3, 0x01, 0x9E, 0x1F, 0xFC, 0x80, 0x7F, 0xE0, 0x7F, 0xBF,
    0xF3, 0xFD, 0xFF, 0x9C, 0x6C, 0x00, 0xE3, 0x60, 0x07, 0x1B, 0x00, 0x3F, 0xDF, 0xF1, 0xFE, 0xFF,
    0x81, 0x86, 0x0C, 0x0C, 0x30, 0x63, 0xFD, 0x83, 0x1F, 0xEC, 0x18, 0xF8, 0x7F, 0xC7, 0xC3, 0xFE,
    0x3E, 0x18, 0x01, 0xFE, 0xC0, 0x0F, 0xF6, 0x00, 0xFE, 0x3F, 0xFB, 0x81, 0xFF, 0xC0, 0x3F, 0xFF,
    0xE3, 0xFF, 0xFF, 0x1C, 0x78, 0x18, 0xE3, 0xC0, 0xC7, 0x1F, 0xFE, 0x3F, 0xFF, 0xF1, 0xFF, 0x81,
    0x81, 0x8C, 0x0C, 0x0C, 0x7F, 0xE3, 0x63, 0xFF, 0x1B, 0xF9, 0x88, 0xDF, 0xCC, 0xE6, 0xC6, 0x7E,
    0x36, 0x31, 0xE1, 0xBF, 0x8E, 0x0F, 0xFC, 0x78, 0xFE, 0x7E, 0xE3, 0x83, 0xF3, 0x80, 0x18, 0x0C,
    0x3F, 0x1B, 0x03, 0xF8, 0xD8, 0x18, 0xF6, 0xCC, 0xC7, 0xF6, 0xE6, 0x37, 0xB6, 0x3F, 0xBD, 0xF1,
    0xFC, 0xEF, 0x01, 0x83, 0x78, 0x2C, 0x1B, 0x81, 0x78, 0xDE, 0x0B, 0xDE, 0xF8, 0x59, 0xF6, 0xE2,
    0xDD, 0xB3, 0x16, 0x4D, 0x80, 0xBE, 0xEC, 0x47, 0xF6, 0x62, 0x7E, 0x73, 0x33, 0x87, 0x1F, 0x80,
    0x70, 0x7C, 0x01, 0x00, 0x00, 0x0C, 0x03, 0x00, 0x60, 0x38, 0x07, 0x01, 0xC0, 0xFF, 0xFF, 0xE7,
    0xFF, 0xFE, 0x0C, 0x07, 0x00, 0xF9, 0xFF, 0xC6, 0xCF, 0xFE, 0x36, 0x7F, 0xF3, 0xFC, 0xE0, 0x1F,
    0xE7, 0xF8, 0x0C, 0x3F, 0xC0, 0x61, 0xFE, 0x03, 0xE0, 0xE1, 0xFF, 0x26, 0x0F, 0xC3, 0xF0, 0x46,
    0x0F, 0x00, 0x30, 0x3C, 0x01, 0x80, 0x70, 0x0C, 0x01, 0x80, 0x00, 0x00, 0x00, 0x0C, 0x00, 0x00,
    0xC3, 0xFC, 0x1C, 0x7F, 0xE7, 0xF8, 0x0C, 0x7F, 0x81, 0xC1, 0x80, 0x38, 0x3E, 0x07, 0x03, 0x61,
    0xFC, 0x36, 0x7D, 0xE7, 0xFF, 0x07, 0x7F, 0xE0, 0x20, 0x67, 0xFE, 0x06, 0x7F, 0xE0, 0x78, 0x60,
    0x7F, 0x86, 0x07, 0xE0, 0x60, 0x06, 0x06, 0x00, 0x6F, 0xFF, 0x06, 0xFF, 0xF0, 0x60, 0x00, 0x06,
    0x18, 0x00, 0x61, 0xF8, 0x7F, 0xFD, 0xC7, 0xFD, 0xCC, 0x06, 0x1C, 0x0F, 0xFF, 0xFE, 0xFF, 0xFF,
    0xE1, 0xC1, 0xC0, 0x7F, 0xFC, 0xCF, 0xFE, 0xCC, 0x33, 0x0D, 0x83, 0x30, 0xD8, 0x7F, 0xEF, 0x87,
    0xFE, 0xF0, 0x03, 0x0F, 0x00, 0x7E, 0xE6, 0xFF, 0xEE, 0x6F, 0xF1, 0xF6, 0x03, 0x3B, 0xE0, 0x33,
    0x1C, 0x00, 0x00, 0x00, 0x08, 0x04, 0x00, 0xC0, 0xE0, 0x1C, 0x06, 0x07, 0xFF, 0xFF, 0x7F, 0xFF,
    0xF1, 0x80, 0x08, 0x3E, 0x19, 0xC3, 0x63, 0x8E, 0x36, 0x30, 0x67, 0xFF, 0x0F, 0x7F, 0xF9, 0xF0,
    0x61, 0x98, 0x06, 0x1D, 0x80, 0x78, 0xF0, 0x7F, 0x8F, 0x07, 0xF0, 0x70, 0x66, 0x1F, 0x80, 0x63,
    0xDC, 0x06, 0x78, 0xF0, 0x6E, 0x06, 0x00, 0x00, 0x00, 0x18, 0x06, 0x00, 0xC0, 0x70, 0x06, 0x07,
    0xC0, 0xFE, 0x77, 0x07, 0xF7, 0x1E, 0x18, 0xFF, 0xF8, 0xF7, 0xFF, 0xC7, 0x80, 0x00, 0x6C, 0xFF,
    0x23, 0xFF, 0xFD, 0x9F, 0xF1, 0xEC, 0x19, 0xFF, 0x60, 0xCF, 0xFB, 0x0F, 0xFF, 0xD9, 0xFF, 0xFE,
    0xCF, 0x98, 0xF6, 0x0C, 0xC6, 0x30, 0x66, 0x31, 0x83, 0x33, 0xBC, 0x19, 0xBF, 0xC0, 0x00, 0x00,
    0x00, 0x20, 0x18, 0x03, 0x80, 0xC0, 0x0E, 0x06, 0x00, 0x38, 0x30, 0x00, 0xFF, 0xFE, 0x00, 0xFF,
    0xF0, 0x00, 0x61, 0x9F, 0x07, 0x0C, 0xF8, 0x38, 0x60, 0xC1, 0x83, 0x06, 0x0C, 0x18, 0x30, 0xE1,
    0xC1, 0x8E, 0x0E, 0x0C, 0xF0, 0x70, 0x6F, 0x3F, 0x07, 0xA0, 0xF8, 0x3E, 0x00, 0x03, 0x38, 0x00,
    0xB8, 0xFF, 0xFD, 0x83, 0xFF, 0xE0, 0x00, 0x00, 0x00, 0x00, 0x0C, 0x01, 0x80, 0x60, 0x0E, 0x03,
    0x00, 0x30, 0x18, 0x01, 0xDF, 0xFF, 0x05, 0xFF, 0xF8, 0x00, 0x70, 0x00, 0x03, 0x80, 0x7C, 0x1E,
    0x03, 0xE0, 0xF8, 0x03, 0x0E, 0xE0, 0x18, 0x73, 0x80, 0xC7, 0x1C, 0x06, 0x70, 0x70, 0x37, 0x01,
    0xC3, 0xB0, 0x04, 0x3F, 0x00, 0x03, 0x9F, 0xFF, 0x98, 0x7F, 0xFC, 0x00, 0x00, 0x00, 0x00, 0x01,
    0x81, 0x80, 0x0C, 0x0E, 0x00, 0x60, 0x38, 0x03, 0x00, 0xDF, 0xFF, 0x00, 0xFF, 0xF8, 0x00, 0x06,
    0x00, 0x18, 0x30, 0x7C, 0xC1, 0x83, 0xE3, 0x0C, 0x03, 0x1C, 0x60, 0x18, 0x63, 0x00, 0xC0, 0x18,
    0x06, 0x00, 0xC0, 0x30, 0x7E, 0x03, 0x83, 0xF0, 0x3F, 0x00, 0x03, 0x9F, 0xFF, 0x98, 0x7F, 0xFC,
    0x00, 0x00, 0x00, 0x00, 0x00, 0x41, 0x87, 0xFF, 0x0E, 0x3F, 0xF0, 0x39, 0x80, 0x00, 0xCC, 0x00,
    0x00, 0x60, 0x00, 0x03, 0xFF, 0xC0, 0x1F, 0xFE, 0x7C, 0xC3, 0x03, 0xE6, 0x18, 0x03, 0x30, 0xC0,
    0x19, 0x86, 0x00, 0xDC, 0x30, 0x06, 0xE1, 0x80, 0x36, 0x0C, 0x03, 0xF0, 0x60, 0x3F, 0x03, 0x03,
    0xBF, 0xFF, 0x98, 0x7F, 0xFC, 0x00, 0x00, 0x00, 0x00, 0x00, 0x01, 0x01, 0xFF, 0x1C, 0x3F, 0xF8,
    0x71, 0x80, 0x01, 0xCC, 0x00, 0x04, 0x7F, 0xE0, 0x03, 0xFF, 0x80, 0x1F, 0xFC, 0x78, 0xF0, 0xC7,
    0xC7, 0xCE, 0x06, 0x77, 0xE0, 0x33, 0x9F, 0x01, 0x98, 0xF8, 0x0D, 0xCF, 0xE0, 0x6D, 0xF3, 0x83,
    0xEE, 0x0C, 0x7E, 0x00, 0x07, 0x3F, 0xFF, 0xB8, 0x7F, 0xFC, 0x00, 0x00, 0x00, 0x00, 0x00, 0x07,
    0x00, 0x00, 0x3B, 0xFF, 0xE1, 0xFF, 0xFE, 0x0C, 0x0C, 0x00, 0x01, 0xC0, 0x00, 0x3C, 0x0F, 0x83,
    0xF0, 0xF8, 0x7F, 0x81, 0x9F, 0xDC, 0x1B, 0xDC, 0xE1, 0xB9, 0xC7, 0x1A, 0x1C, 0x21, 0x81, 0xC0,
    0x18, 0x1C, 0x03, 0xC1, 0xC0, 0x3E, 0x1C, 0x06, 0x70, 0x01, 0xE3, 0xFF, 0xFC, 0x1F, 0xFF, 0x00,
    0x00, 0x00, 0x00, 0x18, 0x06, 0x01, 0x80, 0x70, 0x1C, 0x03, 0xBF, 0xFF, 0x1B, 0xFF, 0xF0, 0xBF,
    0xFF, 0x01, 0x03, 0x80, 0x1C, 0x30, 0x78, 0xE7, 0x0F, 0x87, 0xE0, 0x18, 0x3E, 0x01, 0x81, 0xE0,
    0x18, 0x3F, 0x01, 0x8F, 0x3C, 0x1B, 0xE1, 0xE1, 0xB8, 0x0E, 0x3E, 0x00, 0x0F, 0xFF, 0xFF, 0x63,
    0xFF, 0xF0, 0x00, 0x00, 0x30, 0x31, 0x81, 0xC1, 0x8C, 0x07, 0x0C, 0x60, 0x1B, 0xFF, 0xE0, 0x5F,
    0xFF, 0x00, 0x18, 0xC0, 0x00, 0xC6, 0x0F, 0x86, 0x30, 0x7D, 0xFF, 0xF0, 0x6F, 0xFF, 0x83, 0x1C,
    0x60, 0x18, 0xC3, 0x00, 0xCE, 0x18, 0x06, 0xF0, 0xC0, 0x77, 0x06, 0x07, 0xF0, 0x30, 0x73, 0xFF,
    0xF3, 0x0F, 0xFF, 0x80, 0x00, 0x00, 0x20, 0xFF, 0xC7, 0x1F, 0xFC, 0x3D, 0xFF, 0xC1, 0xC0, 0x00,
    0x08, 0x00, 0x00, 0x3F, 0xFF, 0x7B, 0xFF, 0xFF, 0x87, 0x70, 0x78, 0x67, 0x01, 0x86, 0x70, 0x18,
    0x67, 0x01, 0x8E, 0x72, 0x18, 0xE7, 0x31, 0x9C, 0x7F, 0x1B, 0x87, 0xE3, 0xF0, 0x3C, 0x7E, 0x00,
    0x06, 0x7F, 0xFF, 0x61, 0xFF, 0xF0, 0x00, 0x00, 0x00, 0x10, 0x03, 0x81, 0xC0, 0x0E, 0xFF, 0xF8,
    0x3F, 0xFF, 0xC0, 0xC7, 0x00, 0x00, 0x33, 0x00, 0x03, 0x98, 0x0F, 0x3F, 0xFC, 0xF9, 0xFF, 0xE0,
    0xC7, 0xFE, 0x06, 0x01, 0x80, 0x30, 0x0C, 0x01, 0xBF, 0xFF, 0x0D, 0xFF, 0xF8, 0x60, 0x18, 0x03,
    0x80, 0xC0, 0x3E, 0x06, 0x03, 0xB8, 0x30, 0xB8, 0xFF, 0xFC, 0x83, 0xFF, 0xE0, 0x00, 0x00, 0x00,
    0x00, 0xFF, 0xC1, 0x87, 0xFE, 0x0E, 0x30, 0x30, 0x39, 0xFF, 0x80, 0xCF, 0xFC, 0x00, 0x60, 0x60,
    0x03, 0x03, 0x0F, 0x9F, 0xF8, 0x7C, 0xFF, 0xE0, 0x66, 0x67, 0x03, 0x33, 0xF0, 0x19, 0x87, 0x00,
    0xCF, 0xDC, 0x06, 0xFE, 0x70, 0x77, 0x81, 0x87, 0xE0, 0x00, 0x73, 0xFF, 0xF3, 0x0F, 0xFF, 0x80,
    0x00, 0x00, 0x00, 0x40, 0x83, 0x87, 0x0E, 0x0E, 0x18, 0x60, 0x38, 0xE7, 0x00, 0xDF, 0xFE, 0x00,
    0xFF, 0xF0, 0x00, 0x30, 0x0F, 0x01, 0x80, 0xF9, 0xFF, 0xE0, 0xDF, 0xFF, 0x86, 0xFF, 0xFC, 0x30,
    0x3C, 0x01, 0x83, 0xF0, 0x0C, 0x39, 0xE0, 0x67, 0x87, 0x87, 0x78, 0x1C, 0x3C, 0x00, 0x03, 0x38,
    0x00, 0xB8, 0xFF, 0xFD, 0x83, 0xFF, 0xE0, 0x00, 0x00, 0x00, 0x00, 0x00, 0x43, 0x00, 0xFE, 0x1C,
    0x7F, 0xF0, 0x73, 0xF8, 0x01, 0xC0, 0xC0, 0x05, 0xFF, 0xF8, 0x0F, 0xFF, 0xC0, 0x01, 0x80, 0xF8,
    0x0C, 0x07, 0xC0, 0x60, 0x06, 0x3F, 0xF0, 0x31, 0xFF, 0x81, 0x8C, 0x0C, 0x0C, 0x60, 0x60, 0x63,
    0xFF, 0x03, 0x9F, 0xF8, 0x3E, 0x00, 0x03, 0xBF, 0xFF, 0x98, 0x7F, 0xFC, 0x00, 0x00, 0x00, 0x00,
    0x00, 0x04, 0x1C, 0x18, 0xE0, 0xE3, 0x87, 0x06, 0x30, 0x3F, 0xFF, 0xE1, 0xFF, 0xFE, 0x01, 0x18,
    0xC0, 0x39, 0x8C, 0xFB, 0x98, 0xCF, 0xB9, 0x8C, 0x1B, 0x98, 0xC1, 0xBF, 0xFC, 0x19, 0xFF, 0xC1,
    0x83, 0x80, 0x18, 0x38, 0x01, 0x87, 0x00, 0x3D, 0xE0, 0x07, 0xFC, 0x00, 0xE7, 0xFF, 0xFC, 0x3F,
    0xFE, 0x00, 0x00, 0x00, 0x00, 0x04, 0x01, 0x03, 0x60, 0x1C, 0x3B, 0x00, 0x71, 0xFF, 0xC1, 0xDF,
    0xFE, 0x04, 0xC6, 0x00, 0x06, 0x30, 0x00, 0x3F, 0xFC, 0x7B, 0xFF, 0xF3, 0xCF, 0xFF, 0x86, 0x0C,
    0xC0, 0x30, 0xE6, 0x01, 0x86, 0x33, 0x0C, 0x71, 0x98, 0x6F, 0x0F, 0xC3, 0x70, 0x7E, 0x1F, 0x01,
    0xE1, 0xF8, 0x00, 0x1C, 0xFF, 0xFC, 0xC3, 0xFF, 0xE0, 0x00, 0x00, 0x00, 0x00, 0x00, 0x03, 0x03,
    0xFF, 0x1C, 0x7F, 0xF0, 0x70, 0x18, 0x01, 0xFF, 0xFF, 0x00, 0xFF, 0xF8, 0x01, 0xFE, 0x00, 0x3D,
    0xBC, 0x7B, 0xCC, 0xF3, 0xDF, 0xFB, 0x86, 0x3F, 0xC0, 0x30, 0x67, 0xC1, 0x83, 0x7E, 0x0C, 0x30,
    0x30, 0x63, 0x81, 0x83, 0x78, 0xFC, 0x1F, 0x83, 0xC1, 0xF8, 0x00, 0x1C, 0xFF, 0xFC, 0xC3, 0xFF,
    0xE0, 0x00, 0x00, 0x00, 0x00, 0x00, 0x01, 0x8F, 0xFF, 0x0E, 0x3F, 0xF8, 0x38, 0xF7, 0x80, 0xC3,
    0xF0, 0x06, 0xFF, 0xF0, 0x07, 0xFF, 0x80, 0x31, 0xCC, 0x7D, 0xFF, 0xE3, 0xEF, 0xFF, 0x03, 0x63,
    0x98, 0x1B, 0xFF, 0xC0, 0xDF, 0xFE, 0x06, 0xC7, 0x30, 0x36, 0x39, 0x83, 0xB1, 0xFC, 0x3F, 0x84,
    0xC3, 0x9F, 0xFF, 0x98, 0x7F, 0xFC, 0x00, 0x3E, 0x00, 0x00, 0x0C, 0x02, 0x00, 0xC0, 0x73, 0xFF,
    0xF3, 0xBF, 0xFF, 0x1C, 0x0C, 0x00, 0xCF, 0xFC, 0x01, 0xFF, 0xE0, 0x18, 0xC6, 0x7D, 0x8C, 0x67,
    0xDF, 0xFE, 0x0D, 0xFF, 0xE0, 0xC1, 0xE0, 0x0C, 0x3F, 0x80, 0xC7, 0xFC, 0x0D, 0xEC, 0xE0, 0xFC,
    0xC6, 0x1D, 0x0C, 0x03, 0xF0, 0x00, 0x73, 0xFF, 0xF6, 0x1F, 0xFF, 0x00, 0x00, 0x00, 0x0C, 0x00,
    0x01, 0x81, 0xF8, 0x38, 0x3F, 0xFF, 0xF6, 0x77, 0xFE, 0xCC, 0x63, 0x9B, 0x8E, 0x63, 0x60, 0xCC,
    0x6C, 0xFF, 0xEF, 0x9F, 0xFD, 0xB0, 0x00, 0x33, 0x00, 0x06, 0x77, 0xFC, 0xC6, 0xFF, 0x98, 0xD8,
    0x33, 0x3B, 0x06, 0x7E, 0x60, 0xCF, 0xCF, 0xF9, 0x81, 0xFF, 0x30, 0x30, 0x66, 0x00, 0x06, 0x00,
    0x00, 0x31, 0xFF, 0x81, 0x8F, 0xFC, 0xFF, 0xDF, 0xE3, 0xFE, 0xC7, 0x03, 0x66, 0x30, 0x1F, 0x33,
    0x8F, 0xFF, 0x98, 0x7F, 0xFD, 0xC0, 0x70, 0x66, 0x07, 0xFB, 0x18, 0xFF, 0xD8, 0xEF, 0x86, 0xC3,
    0x2F, 0xF6, 0x18, 0x7F, 0xB0, 0xC3, 0x0D, 0xBE, 0x18, 0x6D, 0xE0, 0xFF, 0x60, 0x07, 0xFB, 0x00,
    0x30, 0xD8, 0x00, 0xFF, 0xFF, 0xEF, 0xFF, 0xFE, 0x1E, 0x00, 0x61, 0xE0, 0x06, 0xFF, 0xC0, 0x6F,
    0xFC, 0x06, 0xD4, 0xC0, 0x6D, 0x4F, 0xFE, 0xD4, 0xFF, 0xEF, 0x4F, 0x06, 0xF7, 0xF0, 0x0E, 0x0F,
    0x00, 0xFF, 0xF0, 0x0F, 0xFF, 0x00, 0xC0, 0xF0, 0x7C, 0x0F, 0x07, 0xFF, 0xF0, 0x7C, 0x0F, 0xFE,
    0xC0, 0xDF, 0xE0, 0xFF, 0xBF, 0xCF, 0xFB, 0xFE, 0x36, 0x30, 0xE3, 0x63, 0xFE, 0xFF, 0xBF, 0xEF,
    0xFB, 0x0E, 0xD5, 0xBF, 0xED, 0x5B, 0xFC, 0xF5, 0xB6, 0x0F, 0x7B, 0x60, 0xE7, 0xFF, 0xEC, 0x1E,
    0x60, 0xFF, 0xC6, 0x0F, 0xFB, 0xFE, 0xC1, 0x9F, 0xCF, 0xF8, 0x60, 0xFF, 0x86, 0x0F, 0xFF, 0xFF,
    0xC1, 0xFF, 0xF0, 0x00, 0x80, 0x03, 0xFF, 0xFF, 0x9F, 0xFF, 0xFC, 0x19, 0x30, 0xE6, 0xDD, 0xCE,
    0x1E, 0xC7, 0xE0, 0xFC, 0x1E, 0x01, 0x83, 0xF8, 0x7F, 0xFD, 0xFB, 0xFF, 0x9B, 0xC7, 0x90, 0xC4,
    0x3E, 0x7F, 0xC3, 0xFB, 0xFF, 0x1E, 0xC1, 0x81, 0xB0, 0x0C, 0x0D, 0x8F, 0xFF, 0x4C, 0x7F, 0xF0,
    0x60, 0x18, 0x03, 0x00, 0xC0, 0x18, 0x06, 0x00, 0x00, 0x03, 0x83, 0xFF, 0xF8, 0x3F, 0xFE, 0x00,
    0x06, 0x00, 0xFF, 0xFF, 0xE7, 0xFF, 0xFE, 0x1F, 0xFF, 0x83, 0xFF, 0xF8, 0x30, 0x61, 0x83, 0xFF,
    0xF8, 0x30, 0x61, 0x83, 0x06, 0x18, 0x3F, 0xFF, 0x81, 0xFF, 0xF8, 0x3F, 0xFF, 0xC3, 0xFF, 0xFC,
    0x00, 0x60, 0x00, 0x06, 0x00, 0xFF, 0xFF, 0xFF, 0xFF, 0xFE, 0x1F, 0xFF, 0x81, 0xC0, 0x1C, 0x1F,
    0xFF, 0xC1, 0xC0, 0x1C, 0x1F, 0xFF, 0xC7, 0xFF, 0xFE, 0x7F, 0xFF, 0xF0, 0x00, 0x00, 0x1F, 0xFF,
    0xC1, 0x87, 0x0C, 0x1F, 0xFF, 0xC1, 0x87, 0x0C, 0x1F, 0xFF, 0xC0, 0x07, 0x00, 0x00, 0x70, 0x03,
    0xFF, 0xFE, 0x00, 0x70, 0x07, 0xFF, 0xFF, 0x7F, 0xFF, 0xF0, 0x08, 0x03, 0x00, 0xE0, 0x18, 0x06,
    0x00, 0xC0, 0x7F, 0x06, 0x07, 0xF8, 0x30, 0x30, 0x01, 0x81, 0xFE, 0x0C, 0x07, 0xFF, 0xFE, 0x0C,
    0x7F, 0xF0, 0x60, 0x18, 0x0F, 0xE0, 0xC0, 0xFF, 0x06, 0x07, 0xF8, 0x30, 0x06, 0x01, 0x80, 0x30,
    0x0C, 0x01, 0x90, 0x60, 0x0F, 0xC3, 0x00, 0x7C, 0x18, 0x07, 0x80, 0xC0, 0x18, 0x06, 0x00, 0x08,
    0x03, 0x01, 0xC0, 0x30, 0x18, 0x03, 0x03, 0xF8, 0x30, 0x7F, 0x83, 0x07, 0x07, 0xFF, 0x7F, 0xFF,
    0xF3, 0xFE, 0x33, 0x0C, 0x63, 0x30, 0xC6, 0x33, 0x0C, 0x63, 0x37, 0xFF, 0xFF, 0x7F, 0xFF, 0xF0,
    0xC6, 0x33, 0x0C, 0x63, 0x20, 0xC8, 0x30, 0x0F, 0x83, 0x00, 0xF8, 0x30, 0x1E, 0x03, 0x00, 0x80,
    0x30, 0x10, 0x03, 0x01, 0xCC, 0x38, 0x0F, 0xF1, 0x80, 0x7F, 0xFF, 0xE7, 0xEF, 0xFF, 0x30, 0x26,
    0xC1, 0xF8, 0x36, 0x07, 0xC3, 0xFC, 0x3F, 0xFF, 0xF0, 0xCF, 0xFF, 0x06, 0x18, 0x60, 0xFE, 0xC3,
    0x07, 0xF7, 0xFF, 0x0C, 0x3F, 0xF8, 0x61, 0x86, 0x03, 0x4C, 0x30, 0x1F, 0xE1, 0x80, 0xFF, 0x80,
    0x07, 0xE7, 0xFE, 0x76, 0x1F, 0xE0, 0x00, 0x00, 0x00, 0x18, 0x19, 0x81, 0x83, 0x98, 0x3F, 0x39,
    0x83, 0xFF, 0xFF, 0x7F, 0x7F, 0xFE, 0x03, 0x98, 0x7F, 0x39, 0x83, 0xFF, 0xFF, 0x0C, 0xFF, 0xF0,
    0xC0, 0x00, 0x7F, 0x7F, 0xE7, 0xFF, 0xFE, 0x7F, 0x60, 0x60, 0xC6, 0x06, 0x0C, 0x7F, 0xE0, 0xD7,
    0xFE, 0x0F, 0x60, 0x61, 0xF7, 0xFE, 0x1C, 0x7F, 0xE1, 0x86, 0x06, 0x18, 0x01, 0x00, 0xC7, 0x88,
    0x0F, 0xFF, 0xFC, 0x7E, 0x6F, 0xE7, 0xE6, 0x13, 0x30, 0x37, 0xFD, 0xFB, 0xBF, 0xC7, 0xFC, 0x66,
    0x19, 0xFF, 0xF0, 0xC1, 0x88, 0x1F, 0x8F, 0xFC, 0xFF, 0x7F, 0xE3, 0xEE, 0x10, 0x0C, 0x77, 0xF8,
    0x63, 0xFF, 0xC3, 0x4C, 0x20, 0x1F, 0xF1, 0x00, 0xF7, 0xC8, 0x07, 0x67, 0xFC, 0x36, 0x0F, 0xE0,
    0x00, 0x00, 0x00, 0x18, 0x00, 0x01, 0x87, 0xFF, 0x3E, 0x7F, 0xF3, 0xF6, 0x03, 0x7F, 0x60, 0x3E,
    0x07, 0xFF, 0x7F, 0x7F, 0xF3, 0xF6, 0x30, 0x0C, 0x63, 0x00, 0xC7, 0xFF, 0x7F, 0x7F, 0xF7, 0xF6,
    0x30, 0x7F, 0x63, 0x00, 0xCF, 0xFF, 0x0C, 0xFF, 0xF0, 0xDF, 0x03, 0x0F, 0xF0, 0x31, 0xFF, 0xFF,
    0x1D, 0xBF, 0xF1, 0x9B, 0x03, 0x00, 0x00, 0x00, 0x18, 0x06, 0x00, 0xC0, 0x38, 0x0F, 0x9F, 0xFC,
    0x7E, 0xFF, 0xE7, 0xF1, 0x8C, 0x30, 0x3F, 0xF9, 0xFD, 0xFF, 0xC7, 0xE0, 0x00, 0x0C, 0x7F, 0xF0,
    0x63, 0x83, 0x9F, 0xDF, 0xFC, 0xFF, 0xFF, 0xE7, 0xF7, 0x07, 0x06, 0x3F, 0xF8, 0x30, 0xFF, 0x81,
    0xA3, 0xB0, 0x0F, 0x99, 0x90, 0xF9, 0xCC, 0xC7, 0xBC, 0x7E, 0x33, 0xC3, 0xE0, 0x08, 0x00, 0x00,
    0x0C, 0x00, 0x01, 0x80, 0x70, 0x30, 0x1C, 0x06, 0x0F, 0x00, 0xC3, 0xC0, 0x19, 0xE0, 0x03, 0x78,
    0x00, 0x64, 0x00, 0xFF, 0xFF, 0xFF, 0xFF, 0xFC, 0x31, 0x80, 0x06, 0x38, 0x00, 0xC3, 0x00, 0x18,
    0x70, 0x03, 0x07, 0x00, 0x60, 0x78, 0x0F, 0xE7, 0xC3, 0xFC, 0x7C, 0x7C, 0x03, 0x80, 0x00, 0x00,
    0x00, 0x00, 0x38, 0xFF, 0xF7, 0x3F, 0xFC, 0xE0, 0x03, 0x30, 0x30, 0xF0, 0x0C, 0x3C, 0x03, 0x0F,
    0x7F, 0xFB, 0xDF, 0xFE, 0xF0, 0x3C, 0x3C, 0x0F, 0x0F, 0x07, 0xC3, 0xC7, 0xB0, 0xF3, 0xCC, 0x3F,
    0xC3, 0x0F, 0xE0, 0xC3, 0xC1, 0xF0, 0xF0, 0x7C, 0x3C, 0x00, 0x7F, 0x00, 0x1F, 0x00, 0x00, 0x63,
    0xFF, 0xD9, 0xFF, 0xEE, 0xFF, 0xF3, 0x00, 0x1E, 0x00, 0x0F, 0x1F, 0xC7, 0x9F, 0xE3, 0xCF, 0xF1,
    0xE6, 0x18, 0xF3, 0x0C, 0x79, 0x86, 0x3C, 0xC3, 0x1E, 0x7F, 0x8F, 0x3F, 0xC7, 0x98, 0x03, 0xC0,
    0x01, 0xE0, 0x00, 0xF0, 0x03, 0xF8, 0x01, 0xF0, 0x00, 0x00, 0x00, 0x00, 0x73, 0xFF, 0xDD, 0xFF,
    0xE6, 0xFF, 0xF3, 0x00, 0x1E, 0x00, 0x0F, 0x1F, 0xC7, 0x9F, 0xF3, 0xCC, 0x19, 0xE6, 0x0C, 0xF3,
    0xFE, 0x79, 0xFF, 0x3C, 0xC1, 0x9E, 0x60, 0xCF, 0x3F, 0xE7, 0x9F, 0xF3, 0xC0, 0x01, 0xE0, 0x00,
    0xF0, 0x01, 0xF8, 0x00, 0xF0, 0x00, 0x00, 0x00, 0x00, 0x73, 0xFF, 0xDD, 0xFF, 0xE6, 0x00, 0x32,
    0x43, 0x9E, 0x31, 0x8F, 0x1D, 0xC7, 0x9F, 0xF3, 0xCF, 0xF9, 0xE6, 0x0C, 0xF3, 0x06, 0x79, 0xFF,
    0x3C, 0xFF, 0x9E, 0x1B, 0x0F, 0x1D, 0x87, 0x8C, 0xCB, 0xCE, 0x7D, 0xEE, 0x3E, 0xF6, 0x01, 0xF8,
    0x00, 0xF0, 0x00, 0x00, 0x7E, 0xFF, 0xFF, 0xFF, 0xFE, 0x6F, 0xFF, 0xBB, 0x03, 0xEC, 0xC0, 0xFF,
    0x30, 0x3F, 0xCC, 0x0F, 0xB3, 0xFF, 0xE6, 0xFF, 0xF9, 0xBF, 0xFE, 0x7C, 0x0F, 0x9F, 0x03, 0xFE,
    0xC0, 0xFF, 0xB0, 0x3E, 0x0C, 0x0F, 0x83, 0xFF, 0xE0, 0xFF, 0xF8, 0x30, 0x3E, 0x0C, 0x0C, 0x00,
    0x00, 0x0F, 0x8C, 0x33, 0xF9, 0x86, 0x76, 0x70, 0xCE, 0xCC, 0x19, 0xDB, 0xFF, 0xFE, 0x7F, 0xFF,
    0xDE, 0x0C, 0xFF, 0xC1, 0x9D, 0xDB, 0x33, 0xB3, 0x66, 0x77, 0x6E, 0xCE, 0xEC, 0xD9, 0xFD, 0x9B,
    0x3F, 0x30, 0x67, 0x86, 0x0C, 0xE0, 0xC1, 0x9C, 0x18, 0x33, 0x83, 0x3E, 0x70, 0x63, 0xC0, 0x00,
    0x00, 0x00, 0x08, 0x0F, 0xC0, 0xC0, 0xFE, 0x1C, 0x0C, 0xC3, 0xF0, 0xCC, 0x73, 0x8D, 0x9E, 0x1E,
    0xDB, 0xFF, 0xED, 0x9F, 0xF8, 0xDC, 0x0C, 0x0C, 0xC0, 0xC0, 0xCF, 0xFF, 0xEC, 0x7F, 0xFE, 0xC7,
    0xFF, 0xEF, 0xC0, 0xD0, 0xFC, 0xCD, 0x8C, 0x1C, 0xDC, 0xC1, 0x8C, 0xEC, 0x30, 0xC6, 0xC3, 0x7C,
    0x6C, 0x07, 0xC0, 0x00, 0x00, 0x00, 0x00, 0x04, 0x1F, 0x81, 0xC3, 0xFC, 0xFF, 0x67, 0xBF, 0xFC,
    0xDB, 0xFF, 0xBB, 0x30, 0x36, 0x0F, 0xF6, 0xC3, 0xFE, 0xDF, 0xF8, 0xD9, 0xF3, 0xFB, 0x36, 0x63,
    0x66, 0xCC, 0x6C, 0xD9, 0xFD, 0xBB, 0x31, 0xBF, 0x66, 0x36, 0xCC, 0xCE, 0xC1, 0xD9, 0xD8, 0x7C,
    0x03, 0x1D, 0xFF, 0xE3, 0x0F, 0xF0, 0x00, 0x00, 0x00, 0x30, 0x1F, 0xCE, 0x03, 0xF9, 0xFC, 0x66,
    0x7F, 0x8C, 0xDC, 0x61, 0x9F, 0xFF, 0x36, 0x7F, 0xF6, 0xC0, 0x06, 0xDC, 0xFF, 0xD9, 0x9F, 0xFB,
    0x38, 0x03, 0x63, 0x7F, 0xEC, 0x7F, 0xFD, 0xFC, 0x60, 0x37, 0x4F, 0x26, 0x1F, 0x6E, 0xC3, 0x64,
    0xD8, 0x6C, 0x7F, 0x1D, 0xFD, 0xE1, 0x3F, 0xA0, 0x3F, 0xFF, 0x8F, 0xFF, 0xF1, 0xFF, 0xFF, 0x7F,
    0xFF, 0xEC, 0x0C, 0x0D, 0xBF, 0xBF, 0xB7, 0xB7, 0xF1, 0xFE, 0xFC, 0x00, 0xC0, 0x1F, 0xFF, 0xFB,
    0xFF, 0xFF, 0x80, 0x60, 0x03, 0xFF, 0xFC, 0x7F, 0xFF, 0x8C, 0xC6, 0x71, 0x98, 0xCE, 0x33, 0x19,
    0xC6, 0x63, 0x78, 0xCC, 0x6E, 0x00, 0x00, 0x00, 0xFF, 0xFF, 0xFF, 0xFF, 0xFC, 0x03, 0x00, 0x00,
    0xE0, 0x07, 0xFF, 0xFC, 0xFF, 0xFF, 0x99, 0x86, 0x33, 0x3F, 0xC6, 0x67, 0xF8, 0xCC, 0xC3, 0x19,
    0x98, 0x63, 0x33, 0xFC, 0x66, 0x7F, 0x8C, 0xCC, 0x31, 0x99, 0x86, 0x33, 0xFF, 0xFE, 0x7F, 0xFF,
    0xCC, 0x00, 0x18, 0x7F, 0xFF, 0xEF, 0xFF, 0xFC, 0x03, 0x80, 0x00, 0x60, 0x01, 0xFF, 0xF8, 0x3F,
    0xFF, 0x06, 0x00, 0x60, 0xC3, 0x0C, 0x18, 0x61, 0x83, 0x0C, 0x30, 0x61, 0x86, 0x0C, 0x30, 0xC1,
    0x86, 0x18, 0x31, 0xE3, 0x06, 0x77, 0x60, 0x1C, 0x78, 0x1F, 0x03, 0xDF, 0x80, 0x3D, 0xC0, 0x01,
    0x80, 0x00, 0xFF, 0xEF, 0xFF, 0xFE, 0xFF, 0x0C, 0x01, 0x80, 0xC0, 0x18, 0x7F, 0xE1, 0x87, 0xFE,
    0x18, 0x64, 0xE1, 0x86, 0xEE, 0x18, 0x6E, 0xE1, 0x86, 0xEE, 0x18, 0x6E, 0xE1, 0x86, 0xEE, 0x18,
    0x6E, 0xE1, 0x86, 0xCE, 0x18, 0x1F, 0x01, 0x81, 0xB8, 0xF8, 0x79, 0xCF, 0x9E, 0x0E, 0x00, 0xC0,
    0x60, 0x00, 0xFF, 0xF0, 0x07, 0xFF, 0xBF, 0xC3, 0x80, 0xFE, 0x18, 0x01, 0x8F, 0xFE, 0x0C, 0x7F,
    0xF0, 0x63, 0x99, 0x83, 0x1C, 0xCC, 0x18, 0xE6, 0x60, 0xC7, 0x33, 0x06, 0x39, 0x98, 0x3F, 0xCC,
    0xC3, 0xFE, 0xE6, 0x7E, 0x76, 0x33, 0x80, 0x76, 0x00, 0x07, 0x78, 0x00, 0xF0, 0xE0, 0x1F, 0x03,
    0x80, 0x60, 0x0C, 0x31, 0xBF, 0xF3, 0x5B, 0xFF, 0x3D, 0x83, 0x03, 0xD9, 0xFE, 0x3D, 0xBF, 0xF3,
    0xDB, 0xFF, 0x3D, 0xBB, 0x73, 0xDB, 0xB7, 0x3D, 0xBB, 0x73, 0xDB, 0xB7, 0x3D, 0xBB, 0x77, 0xDB,
    0xB7, 0x6D, 0xBB, 0x76, 0xDB, 0xF7, 0x6D, 0x87, 0x86, 0x58, 0xFC, 0x61, 0x9C, 0xEE, 0x1F, 0x87,
    0x40, 0x30, 0x20, 0x7F, 0xFF, 0xF3, 0xFF, 0xFF, 0x80, 0xE0, 0xC0, 0x4E, 0x0E, 0x07, 0xE3, 0xFF,
    0x1E, 0x1F, 0xF8, 0x38, 0xC9, 0xDF, 0xFE, 0x6E, 0xFF, 0xF3, 0x70, 0x6D, 0x9B, 0x83, 0x6C, 0xDC,
    0x1E, 0x66, 0xE0, 0xC3, 0x77, 0x06, 0x1B, 0xB8, 0x30, 0x1E, 0x01, 0x81, 0xF8, 0x0C, 0x1C, 0xE3,
    0xE3, 0xC3, 0x9F, 0x18, 0x0C, 0x00, 0x00, 0x00, 0x0E, 0x00, 0x00, 0xE3, 0xFE, 0x6E, 0x3F, 0xE6,
    0xFB, 0xFE, 0x6F, 0x86, 0x06, 0xE3, 0xFE, 0xFF, 0xFF, 0xEF, 0xFF, 0x26, 0xFF, 0xF6, 0x60, 0xC3,
    0x66, 0x3C, 0xB6, 0x66, 0xDB, 0x66, 0x6D, 0xB6, 0x6E, 0xFB, 0x66, 0xCF, 0x36, 0x60, 0x60, 0xF8,
    0x1E, 0x1D, 0xC7, 0x83, 0x8E, 0xF0, 0xF0, 0x74, 0x04, 0x00, 0x3F, 0xBF, 0xE3, 0xFF, 0xFF, 0x31,
    0xC6, 0x03, 0xFD, 0xFE, 0x31, 0xFF, 0xE3, 0xFF, 0x06, 0x3F, 0xF0, 0x60, 0x03, 0x36, 0xFF, 0xF3,
    0x6F, 0xFF, 0x76, 0x0C, 0x36, 0x63, 0xC3, 0x66, 0x3F, 0xF7, 0x63, 0xC0, 0xFC, 0x3C, 0x0C, 0xE7,
    0xC3, 0x87, 0x6C, 0x70, 0x2E, 0x7F, 0xFE, 0xC3, 0xFF, 0xF4, 0x00, 0x00, 0x18, 0x06, 0x00, 0xC0,
    0x30, 0x0E, 0x1F, 0xF8, 0x7E, 0xCC, 0xC3, 0xF6, 0x66, 0x1F, 0xBF, 0xF1, 0xDC, 0x18, 0x0C, 0xFF,
    0xFE, 0xFF, 0xFF, 0xF2, 0xC3, 0xFE, 0x06, 0x3F, 0xF8, 0x31, 0xC0, 0xC1, 0x8E, 0x66, 0x0C, 0x73,
    0x30, 0x63, 0xB9, 0x83, 0xFD, 0xCC, 0x1E, 0x5F, 0x40, 0xE1, 0xDE, 0x0E, 0x7C, 0x3C, 0x21, 0x80,
    0x40, 0x0C, 0x06, 0x01, 0x80, 0xC0, 0x38, 0x38, 0x7F, 0xFF, 0xFF, 0xFF, 0xFE, 0x01, 0xC0, 0x07,
    0xFF, 0xC1, 0xFF, 0xFC, 0x3F, 0xFF, 0x86, 0x00, 0x70, 0xFF, 0xFE, 0x1F, 0xFF, 0xC3, 0x00, 0x38,
    0x7F, 0xFF, 0x0F, 0xFF, 0xE1, 0x80, 0x1C, 0x30, 0x03, 0x87, 0xFF, 0xF0, 0xFF, 0xFE, 0x18, 0x01,
    0xC0, 0x00, 0x02, 0x03, 0xF8, 0x30, 0x1F, 0xC3, 0xC0, 0x06, 0x1E, 0x03, 0x31, 0x98, 0x19, 0x9C,
    0xF0, 0xCD, 0xC3, 0xC6, 0xFF, 0xFE, 0x37, 0xDF, 0x93, 0xB8, 0x30, 0x1F, 0xF9, 0x8C, 0xFF, 0x6C,
    0xC0, 0x1B, 0x36, 0x02, 0xD9, 0xF1, 0xFE, 0xEF, 0x1E, 0x32, 0x18, 0x03, 0x01, 0x80, 0x1B, 0xFF,
    0x87, 0xDF, 0xFC, 0x3E, 0x00, 0x00, 0x00, 0x00, 0x00, 0x00, 0xC0, 0x00, 0x70, 0x01, 0xFF, 0xF0,
    0xFF, 0xFC, 0x38, 0x03, 0x0E, 0xE0, 0xC3, 0xBE, 0x30, 0xE3, 0xFC, 0x38, 0x1E, 0x0E, 0x00, 0x03,
    0xFF, 0xFC, 0x7F, 0xFF, 0x00, 0x00, 0xC0, 0x00, 0x3F, 0xFF, 0xCF, 0xFF, 0xF7, 0x00, 0x01, 0xC0,
    0x00, 0x70, 0x00, 0xF8, 0x00, 0x3E, 0x00, 0x00, 0x00, 0x00, 0x70, 0x00, 0x07, 0x00, 0x3F, 0xFF,
    0xF3, 0x1B, 0x60, 0x33, 0x7F, 0xE3, 0x7F, 0xFE, 0x3F, 0xFF, 0xC3, 0xFF, 0xFC, 0x33, 0x7F, 0xC3,
    0x37, 0xFF, 0x33, 0xFF, 0xF3, 0x2E, 0x00, 0x37, 0xFF, 0xC3, 0x6F, 0x0C, 0x36, 0x3B, 0x87, 0x7F,
    0xFF, 0x70, 0x00, 0x36, 0xFF, 0xF7, 0x60, 0x00, 0x76, 0x00, 0x3E, 0x00, 0x00, 0x00, 0x00, 0x03,
    0x01, 0xFE, 0x18, 0x0F, 0xF0, 0xF0, 0x7F, 0x87, 0x83, 0xFC, 0x36, 0x17, 0xE1, 0xB0, 0xBD, 0xFF,
    0xC7, 0xFF, 0xFE, 0x3F, 0xC3, 0x00, 0x30, 0x38, 0x1F, 0xF1, 0xC0, 0x7F, 0x8F, 0x00, 0x6C, 0x78,
    0x3F, 0xF3, 0xC1, 0xFF, 0x37, 0x07, 0x79, 0x98, 0x6F, 0xDC, 0xE3, 0x7B, 0xC3, 0x9B, 0x4C, 0x0C,
    0x90, 0x60, 0x60, 0x00, 0x60, 0x00, 0x06, 0x00, 0x7F, 0xFF, 0xE7, 0xFF, 0xFF, 0x06, 0x07, 0x00,
    0x70, 0xE0, 0x03, 0x9C, 0x00, 0x1F, 0x80, 0x01, 0xFC, 0x01, 0xFF, 0xFC, 0xFF, 0x07, 0xF7, 0x60,
    0x6E, 0x06, 0x06, 0x00, 0x60, 0x60, 0x06, 0x06, 0x00, 0x60, 0x60, 0x0E, 0x06, 0x00, 0xC0, 0x60,
    0x3C, 0x06, 0x03, 0x80, 0x60, 0x00, 0xC0, 0x03, 0x18, 0x00, 0x63, 0xFC, 0x0C, 0x7F, 0xC1, 0x8C,
    0x00, 0x31, 0x80, 0x3F, 0xFF, 0xFF, 0xFF, 0xFF, 0x60, 0xC0, 0xCC, 0x18, 0x19, 0x83, 0x03, 0x30,
    0xF0, 0x66, 0x1F, 0x0C, 0xC6, 0x79, 0x9B, 0xC7, 0xB3, 0xF0, 0x36, 0x68, 0x00, 0xCF, 0xFF, 0xF9,
    0xFF, 0xFF, 0x00, 0x00, 0x60, 0x3C, 0xDF, 0x36, 0x03, 0xF3, 0xFC, 0xD8, 0x36, 0x0D, 0x83, 0x60,
    0xD8, 0x36, 0x0D, 0x83, 0x60, 0xD8, 0x30, 0x3C, 0xC7, 0xCC, 0x60, 0xCF, 0xCC, 0xFC, 0xC6, 0x0C,
    0x60, 0xC6, 0x0C, 0x60, 0xC6, 0x0C, 0x60, 0xC6, 0x0C, 0x60, 0xF6, 0x0F, 0x67, 0x77, 0x66, 0x66,
    0x66, 0x60, 0x06, 0xF7, 0x0C, 0x73, 0x8C, 0x71, 0x86, 0x38, 0xC3, 0x0C, 0x30, 0xE1, 0x86, 0x1C,
    0x30, 0xE1, 0xC3, 0xC3, 0x87, 0x0C, 0x38, 0x61, 0x87, 0x0C, 0x30, 0xC3, 0x1C, 0x61, 0x8E, 0x31,
    0xCE, 0x30, 0x3B, 0xCE, 0x31, 0xB9, 0x80, 0x07, 0xF7, 0x00, 0x00, 0x00, 0x07, 0xF7, 0x00, 0x3F,
    0x7F, 0xF8, 0xE0, 0x30, 0x18, 0x1C, 0x1C, 0x1C, 0x0C, 0x0E, 0x07, 0x00, 0x00, 0x00, 0xE0, 0x70,
    0x38,
};

static const EpdGlyph geist_10_regularGlyphs[] = {
    { 0, 0, 83, 0, 0, 0, 0 }, // U+0020
    { 2, 14, 71, 1, 14, 4, 0 }, // !
    { 5, 5, 115, 1, 14, 4, 4 }, // "
    { 12, 14, 159, -1, 14, 21, 8 }, // #
    { 12, 19, 210, 0, 16, 29, 29 }, // $
    { 15, 14, 267, 1, 14, 27, 58 }, // %
    { 12, 14, 207, 1, 14, 21, 85 }, // &
    { 2, 5, 59, 1, 14, 2, 106 }, // '
    { 5, 18, 91, 1, 16, 12, 108 }, // (
    { 5, 18, 91, 0, 16, 12, 120 }, // )
    { 7, 8, 143, 1, 16, 7, 132 }, // *
    { 10, 10, 186, 1, 11, 13, 139 }, // +
    { 2, 6, 67, 1, 3, 2, 152 }, // ,
    { 7, 2, 140, 1, 7, 2, 154 }, // -
    { 2, 3, 67, 1, 3, 1, 156 }, // .
    { 9, 18, 160, 0, 16, 21, 157 }, // /
    { 12, 14, 221, 1, 14, 21, 178 }, // 0
    { 5, 14, 128, 1, 14, 9, 199 }, // 1
    { 10, 14, 206, 1, 14, 18, 208 }, // 2
    { 10, 14, 204, 1, 14, 18, 226 }, // 3
    { 11, 14, 205, 1, 14, 20, 244 }, // 4
    { 11, 14, 209, 1, 14, 20, 264 }, // 5
    { 11, 14, 198, 1, 14, 20, 284 }, // 6
    { 10, 14, 175, 1, 14, 18, 304 }, // 7
    { 11, 14, 201, 1, 14, 20, 322 }, // 8
    { 10, 14, 198, 1, 14, 18, 342 }, // 9
    { 2, 11, 99, 2, 11, 3, 360 }, // :
    { 2, 14, 99, 2, 11, 4, 363 }, // ;
    { 10, 12, 181, 1, 12, 15, 367 }, // <
    { 10, 6, 180, 1, 9, 8, 382 }, // =
    { 10, 12, 181, 1, 12, 15, 390 }, // >
    { 10, 14, 186, 1, 14, 18, 405 }, // ?
    { 17, 17, 302, 1, 14, 37, 423 }, // @
    { 14, 14, 223, 0, 14, 25, 460 }, // A
    { 11, 14, 227, 2, 14, 20, 485 }, // B
    { 13, 14, 234, 1, 14, 23, 505 }, // C
    { 12, 14, 231, 2, 14, 21, 528 }, // D
    { 10, 14, 201, 2, 14, 18, 549 }, // E
    { 10, 14, 197, 2, 14, 18, 567 }, // F
    { 13, 14, 233, 1, 14, 23, 585 }, // G
    { 11, 14, 238, 2, 14, 20, 608 }, // H
    { 2, 14, 90, 2, 14, 4, 628 }, // I
    { 10, 14, 199, 1, 14, 18, 632 }, // J
    { 12, 14, 213, 2, 14, 21, 650 }, // K
    { 9, 14, 193, 2, 14, 16, 671 }, // L
    { 15, 14, 292, 2, 14, 27, 687 }, // M
    { 12, 14, 248, 2, 14, 21, 714 }, // N
    { 14, 14, 246, 1, 14, 25, 735 }, // O
    { 11, 14, 217, 2, 14, 20, 760 }, // P
    { 13, 15, 244, 1, 14, 25, 780 }, // Q
    { 11, 14, 224, 2, 14, 20, 805 }, // R
    { 12, 14, 213, 0, 14, 21, 825 }, // S
    { 11, 14, 184, 1, 14, 20, 846 }, // T
    { 11, 14, 230, 2, 14, 20, 866 }, // U
    { 14, 14, 222, 0, 14, 25, 886 }, // V
    { 19, 14, 315, 0, 14, 34, 911 }, // W
    { 13, 14, 202, 0, 14, 23, 945 }, // X
    { 14, 14, 192, -1, 14, 25, 968 }, // Y
    { 10, 14, 181, 1, 14, 18, 993 }, // Z
    { 6, 18, 116, 2, 16, 14, 1011 }, // [
    { 9, 18, 152, 0, 16, 21, 1025 }, // <backslash>
    { 6, 18, 116, 0, 16, 14, 1046 }, // ]
    { 9, 6, 142, 0, 14, 7, 1060 }, // ^
    { 10, 2, 186, 1, 0, 3, 1067 }, // _
    { 5, 3, 83, 0, 15, 2, 1070 }, // `
    { 10, 11, 184, 1, 11, 14, 1072 }, // a
    { 10, 14, 198, 2, 14, 18, 1086 }, // b
    { 10, 11, 182, 1, 11, 14, 1104 }, // c
    { 10, 14, 198, 1, 14, 18, 1118 }, // d
    { 10, 11, 187, 1, 11, 14, 1136 }, // e
    { 6, 14, 132, 1, 14, 11, 1150 }, // f
    { 10, 14, 198, 1, 11, 18, 1161 }, // g
    { 9, 14, 194, 2, 14, 16, 1179 }, // h
    { 2, 14, 81, 2, 14, 4, 1195 }, // i
    { 4, 17, 87, 0, 14, 9, 1199 }, // j
    { 10, 14, 197, 2, 14, 18, 1208 }, // k
    { 4, 14, 89, 2, 14, 7, 1226 }, // l
    { 15, 11, 292, 2, 11, 21, 1233 }, // m
    { 9, 11, 194, 2, 11, 13, 1254 }, // n
    { 10, 11, 191, 1, 11, 14, 1267 }, // o
    { 10, 14, 198, 2, 11, 18, 1281 }, // p
    { 10, 14, 198, 1, 11, 18, 1299 }, // q
    { 6, 11, 126, 2, 11, 9, 1317 }, // r
    { 10, 11, 173, 0, 11, 14, 1326 }, // s
    { 6, 14, 131, 1, 14, 11, 1340 }, // t
    { 9, 11, 192, 2, 11, 13, 1351 }, // u
    { 11, 11, 179, 0, 11, 16, 1364 }, // v
    { 17, 11, 273, 0, 11, 24, 1380 }, // w
    { 12, 11, 195, 0, 11, 17, 1404 }, // x
    { 11, 14, 179, 0, 11, 20, 1421 }, // y
    { 9, 11, 179, 1, 11, 13, 1441 }, // z
    { 7, 18, 130, 1, 16, 16, 1454 }, // {
    { 2, 18, 88, 2, 16, 5, 1470 }, // |
    { 7, 18, 130, 1, 16, 16, 1475 }, // }
    { 9, 4, 174, 1, 9, 5, 1491 }, // ~
    { 0, 0, 83, 0, 0, 0, 1496 }, // U+00A0
    { 2, 14, 71, 1, 11, 4, 1496 }, // U+00A1
    { 10, 14, 182, 1, 14, 18, 1500 }, // U+00A2
    { 11, 14, 204, 1, 14, 20, 1518 }, // U+00A3
    { 13, 13, 208, 0, 13, 22, 1538 }, // U+00A4
    { 12, 14, 192, 0, 14, 21, 1560 }, // U+00A5
    { 2, 17, 88, 2, 15, 5, 1581 }, // U+00A6
    { 10, 16, 183, 0, 14, 20, 1586 }, // U+00A7
    { 6, 2, 117, 1, 14, 2, 1606 }, // U+00A8
    { 16, 15, 276, 1, 15, 30, 1608 }, // U+00A9
    { 8, 8, 134, 0, 15, 8, 1638 }, // U+00AA
    { 10, 8, 178, 1, 10, 10, 1646 }, // U+00AB
    { 9, 6, 167, 1, 7, 7, 1656 }, // U+00AC
    { 11, 11, 212, 1, 15, 16, 1663 }, // U+00AE
    { 6, 2, 119, 1, 15, 2, 1679 }, // U+00AF
    { 7, 7, 135, 1, 15, 7, 1681 }, // U+00B0
    { 10, 11, 179, 1, 11, 14, 1688 }, // U+00B1
    { 7, 8, 116, 1, 15, 7, 1702 }, // U+00B2
    { 7, 8, 111, 0, 15, 7, 1709 }, // U+00B3
    { 5, 3, 83, 0, 15, 2, 1716 }, // U+00B4
    { 9, 15, 192, 2, 12, 17, 1718 }, // U+00B5
    { 10, 14, 199, 1, 14, 18, 1735 }, // U+00B6
    { 2, 3, 67, 1, 8, 1, 1753 }, // U+00B7
    { 6, 5, 106, 0, 1, 4, 1754 }, // U+00B8
    { 5, 8, 81, 0, 15, 5, 1758 }, // U+00B9
    { 9, 8, 140, 0, 15, 9, 1763 }, // U+00BA
    { 10, 8, 179, 0, 10, 10, 1772 }, // U+00BB
    { 14, 14, 244, 0, 14, 25, 1782 }, // U+00BC
    { 16, 14, 267, 0, 14, 28, 1807 }, // U+00BD
    { 15, 14, 261, 1, 14, 27, 1835 }, // U+00BE
    { 10, 15, 186, 1, 12, 19, 1862 }, // U+00BF
    { 14, 19, 223, 0, 19, 34, 1881 }, // U+00C0
    { 14, 19, 223, 0, 19, 34, 1915 }, // U+00C1
    { 14, 19, 223, 0, 19, 34, 1949 }, // U+00C2
    { 14, 18, 223, 0, 18, 32, 1983 }, // U+00C3
    { 14, 18, 223, 0, 18, 32, 2015 }, // U+00C4
    { 14, 19, 223, 0, 19, 34, 2047 }, // U+00C5
    { 19, 14, 324, 0, 14, 34, 2081 }, // U+00C6
    { 14, 18, 234, 1, 14, 32, 2115 }, // U+00C7
    { 10, 19, 201, 2, 19, 24, 2147 }, // U+00C8
    { 10, 19, 201, 2, 19, 24, 2171 }, // U+00C9
    { 10, 19, 201, 2, 19, 24, 2195 }, // U+00CA
    { 10, 18, 201, 2, 18, 23, 2219 }, // U+00CB
    { 4, 19, 90, 0, 19, 10, 2242 }, // U+00CC
    { 4, 19, 90, 2, 19, 10, 2252 }, // U+00CD
    { 6, 19, 90, 0, 19, 15, 2262 }, // U+00CE
    { 6, 18, 90, 1, 18, 14, 2277 }, // U+00CF
    { 14, 14, 231, 0, 14, 25, 2291 }, // U+00D0
    { 12, 18, 248, 2, 18, 27, 2316 }, // U+00D1
    { 14, 19, 246, 1, 19, 34, 2343 }, // U+00D2
    { 14, 19, 246, 1, 19, 34, 2377 }, // U+00D3
    { 14, 19, 246, 1, 19, 34, 2411 }, // U+00D4
    { 14, 19, 246, 1, 19, 34, 2445 }, // U+00D5
    { 14, 18, 246, 1, 18, 32, 2479 }, // U+00D6
    { 10, 10, 167, 0, 11, 13, 2511 }, // U+00D7
    { 14, 14, 246, 1, 14, 25, 2524 }, // U+00D8
    { 11, 19, 230, 2, 19, 27, 2549 }, // U+00D9
    { 11, 19, 230, 2, 19, 27, 2576 }, // U+00DA
    { 11, 19, 230, 2, 19, 27, 2603 }, // U+00DB
    { 11, 18, 230, 2, 18, 25, 2630 }, // U+00DC
    { 14, 19, 192, -1, 19, 34, 2655 }, // U+00DD
    { 10, 14, 207, 2, 14, 18, 2689 }, // U+00DE
    { 10, 14, 196, 2, 14, 18, 2707 }, // U+00DF
    { 10, 14, 184, 1, 14, 18, 2725 }, // U+00E0
    { 10, 14, 184, 1, 14, 18, 2743 }, // U+00E1
    { 10, 14, 184, 1, 14, 18, 2761 }, // U+00E2
    { 10, 14, 184, 1, 14, 18, 2779 }, // U+00E3
    { 10, 14, 184, 1, 14, 18, 2797 }, // U+00E4
    { 10, 16, 184, 1, 16, 20, 2815 }, // U+00E5
    { 18, 11, 306, 1, 11, 25, 2835 }, // U+00E6
    { 11, 15, 182, 1, 11, 21, 2860 }, // U+00E7
    { 10, 14, 187, 1, 14, 18, 2881 }, // U+00E8
    { 10, 14, 187, 1, 14, 18, 2899 }, // U+00E9
    { 10, 14, 187, 1, 14, 18, 2917 }, // U+00EA
    { 10, 14, 187, 1, 14, 18, 2935 }, // U+00EB
    { 4, 14, 81, 0, 14, 7, 2953 }, // U+00EC
    { 4, 14, 81, 2, 14, 7, 2960 }, // U+00ED
    { 6, 14, 81, 0, 14, 11, 2967 }, // U+00EE
    { 5, 14, 81, 1, 14, 9, 2978 }, // U+00EF
    { 11, 16, 191, 1, 16, 22, 2987 }, // U+00F0
    { 9, 14, 194, 2, 14, 16, 3009 }, // U+00F1
    { 10, 14, 191, 1, 14, 18, 3025 }, // U+00F2
    { 10, 14, 191, 1, 14, 18, 3043 }, // U+00F3
    { 10, 14, 191, 1, 14, 18, 3061 }, // U+00F4
    { 10, 14, 191, 1, 14, 18, 3079 }, // U+00F5
    { 10, 14, 191, 1, 14, 18, 3097 }, // U+00F6
    { 10, 10, 180, 1, 11, 13, 3115 }, // U+00F7
    { 10, 11, 191, 1, 11, 14, 3128 }, // U+00F8
    { 9, 14, 192, 2, 14, 16, 3142 }, // U+00F9
    { 9, 14, 192, 2, 14, 16, 3158 }, // U+00FA
    { 9, 14, 192, 2, 14, 16, 3174 }, // U+00FB
    { 9, 14, 192, 2, 14, 16, 3190 }, // U+00FC
    { 11, 17, 179, 0, 14, 24, 3206 }, // U+00FD
    { 10, 17, 198, 2, 14, 22, 3230 }, // U+00FE
    { 12, 17, 179, 0, 14, 26, 3252 }, // U+00FF
    { 14, 18, 223, 0, 18, 32, 3278 }, // U+0100
    { 10, 14, 184, 1, 14, 18, 3310 }, // U+0101
    { 14, 19, 223, 0, 19, 34, 3328 }, // U+0102
    { 10, 14, 184, 1, 14, 18, 3362 }, // U+0103
    { 15, 19, 223, 0, 14, 36, 3380 }, // U+0104
    { 11, 15, 184, 1, 11, 21, 3416 }, // U+0105
    { 13, 19, 234, 1, 19, 31, 3437 }, // U+0106
    { 10, 14, 182, 1, 14, 18, 3468 }, // U+0107
    { 13, 19, 234, 1, 19, 31, 3486 }, // U+0108
    { 10, 14, 182, 1, 14, 18, 3517 }, // U+0109
    { 14, 18, 234, 1, 18, 32, 3535 }, // U+010A
    { 10, 14, 182, 1, 14, 18, 3567 }, // U+010B
    { 13, 19, 234, 1, 19, 31, 3585 }, // U+010C
    { 10, 14, 182, 1, 14, 18, 3616 }, // U+010D
    { 12, 19, 231, 2, 19, 29, 3634 }, // U+010E
    { 14, 14, 221, 1, 14, 25, 3663 }, // U+010F
    { 14, 14, 231, 0, 14, 25, 3688 }, // U+0110
    { 12, 14, 198, 1, 14, 21, 3713 }, // U+0111
    { 10, 18, 201, 2, 18, 23, 3734 }, // U+0112
    { 10, 14, 187, 1, 14, 18, 3757 }, // U+0113
    { 10, 18, 201, 2, 18, 23, 3775 }, // U+0116
    { 10, 14, 187, 1, 14, 18, 3798 }, // U+0117
    { 11, 19, 201, 2, 14, 27, 3816 }, // U+0118
    { 10, 15, 187, 1, 11, 19, 3843 }, // U+0119
    { 10, 19, 201, 2, 19, 24, 3862 }, // U+011A
    { 10, 14, 187, 1, 14, 18, 3886 }, // U+011B
    { 13, 19, 233, 1, 19, 31, 3904 }, // U+011C
    { 10, 17, 198, 1, 14, 22, 3935 }, // U+011D
    { 13, 19, 233, 1, 19, 31, 3957 }, // U+011E
    { 10, 17, 198, 1, 14, 22, 3988 }, // U+011F
    { 13, 18, 233, 1, 18, 30, 4010 }, // U+0120
    { 10, 17, 198, 1, 14, 22, 4040 }, // U+0121
    { 13, 19, 233, 1, 14, 31, 4062 }, // U+0122
    { 10, 20, 198, 1, 17, 25, 4093 }, // U+0123
    { 11, 19, 238, 2, 19, 27, 4118 }, // U+0124
    { 11, 18, 194, 0, 18, 25, 4145 }, // U+0125
    { 15, 14, 238, 0, 14, 27, 4170 }, // U+0126
    { 11, 14, 194, 0, 14, 20, 4197 }, // U+0127
    { 7, 18, 90, -1, 18, 16, 4217 }, // U+0128
    { 7, 14, 81, -1, 14, 13, 4233 }, // U+0129
    { 6, 18, 90, 1, 18, 14, 4246 }, // U+012A
    { 6, 14, 81, 0, 14, 11, 4260 }, // U+012B
    { 4, 19, 90, 1, 14, 10, 4271 }, // U+012E
    { 4, 19, 81, 1, 14, 10, 4281 }, // U+012F
    { 2, 18, 90, 2, 18, 5, 4291 }, // U+0130
    { 2, 11, 81, 2, 11, 3, 4296 }, // U+0131
    { 14, 14, 282, 2, 14, 25, 4299 }, // U+0132
    { 7, 17, 165, 2, 14, 15, 4324 }, // U+0133
    { 12, 19, 199, 1, 19, 29, 4339 }, // U+0134
    { 6, 17, 87, 0, 14, 13, 4368 }, // U+0135
    { 11, 19, 213, 2, 14, 27, 4381 }, // U+0136
    { 9, 19, 197, 2, 14, 22, 4408 }, // U+0137
    { 9, 19, 193, 2, 19, 22, 4430 }, // U+0139
    { 4, 18, 89, 2, 18, 9, 4452 }, // U+013A
    { 9, 19, 193, 2, 14, 22, 4461 }, // U+013B
    { 4, 19, 89, 2, 14, 10, 4483 }, // U+013C
    { 9, 14, 193, 2, 14, 16, 4493 }, // U+013D
    { 6, 14, 106, 2, 14, 11, 4509 }, // U+013E
    { 11, 14, 193, 0, 14, 20, 4520 }, // U+0141
    { 6, 14, 89, 0, 14, 11, 4540 }, // U+0142
    { 12, 19, 248, 2, 19, 29, 4551 }, // U+0143
    { 9, 14, 194, 2, 14, 16, 4580 }, // U+0144
    { 12, 19, 248, 2, 14, 29, 4596 }, // U+0145
    { 9, 16, 194, 2, 11, 18, 4625 }, // U+0146
    { 12, 19, 248, 2, 19, 29, 4643 }, // U+0147
    { 9, 14, 194, 2, 14, 16, 4672 }, // U+0148
    { 12, 17, 248, 2, 14, 26, 4688 }, // U+014A
    { 9, 14, 194, 2, 11, 16, 4714 }, // U+014B
    { 14, 18, 246, 1, 18, 32, 4730 }, // U+014C
    { 10, 14, 191, 1, 14, 18, 4762 }, // U+014D
    { 14, 19, 246, 1, 19, 34, 4780 }, // U+0150
    { 10, 14, 191, 1, 14, 18, 4814 }, // U+0151
    { 21, 14, 363, 1, 14, 37, 4832 }, // U+0152
    { 18, 11, 319, 1, 11, 25, 4869 }, // U+0153
    { 11, 19, 224, 2, 19, 27, 4894 }, // U+0154
    { 6, 14, 126, 2, 14, 11, 4921 }, // U+0155
    { 11, 19, 224, 2, 14, 27, 4932 }, // U+0156
    { 7, 16, 126, 1, 11, 14, 4959 }, // U+0157
    { 11, 19, 224, 2, 19, 27, 4973 }, // U+0158
    { 7, 14, 126, 1, 14, 13, 5000 }, // U+0159
    { 12, 19, 213, 0, 19, 29, 5013 }, // U+015A
    { 10, 14, 173, 0, 14, 18, 5042 }, // U+015B
    { 12, 19, 213, 0, 19, 29, 5060 }, // U+015C
    { 10, 14, 173, 0, 14, 18, 5089 }, // U+015D
    { 12, 18, 213, 0, 14, 27, 5107 }, // U+015E
    { 10, 15, 173, 0, 11, 19, 5134 }, // U+015F
    { 12, 19, 213, 0, 19, 29, 5153 }, // U+0160
    { 10, 14, 173, 0, 14, 18, 5182 }, // U+0161
    { 11, 18, 184, 1, 14, 25, 5200 }, // U+0162
    { 6, 18, 131, 1, 14, 14, 5225 }, // U+0163
    { 11, 19, 184, 1, 19, 27, 5239 }, // U+0164
    { 8, 15, 133, 1, 15, 15, 5266 }, // U+0165
    { 11, 14, 184, 1, 14, 20, 5281 }, // U+0166
    { 7, 14, 131, 0, 14, 13, 5301 }, // U+0167
    { 11, 19, 230, 2, 19, 27, 5314 }, // U+0168
    { 9, 14, 192, 2, 14, 16, 5341 }, // U+0169
    { 11, 18, 230, 2, 18, 25, 5357 }, // U+016A
    { 9, 14, 192, 2, 14, 16, 5382 }, // U+016B
    { 11, 19, 230, 2, 19, 27, 5398 }, // U+016C
    { 9, 14, 192, 2, 14, 16, 5425 }, // U+016D
    { 11, 19, 230, 2, 19, 27, 5441 }, // U+016E
    { 9, 16, 192, 2, 16, 18, 5468 }, // U+016F
    { 11, 19, 230, 2, 19, 27, 5486 }, // U+0170
    { 9, 14, 192, 2, 14, 16, 5513 }, // U+0171
    { 11, 18, 230, 2, 14, 25, 5529 }, // U+0172
    { 10, 15, 192, 2, 11, 19, 5554 }, // U+0173
    { 19, 19, 315, 0, 19, 46, 5573 }, // U+0174
    { 17, 14, 273, 0, 14, 30, 5619 }, // U+0175
    { 14, 19, 192, -1, 19, 34, 5649 }, // U+0176
    { 11, 17, 179, 0, 14, 24, 5683 }, // U+0177
    { 14, 18, 192, -1, 18, 32, 5707 }, // U+0178
    { 10, 19, 181, 1, 19, 24, 5739 }, // U+0179
    { 9, 14, 179, 1, 14, 16, 5763 }, // U+017A
    { 10, 18, 181, 1, 18, 23, 5779 }, // U+017B
    { 9, 14, 179, 1, 14, 16, 5802 }, // U+017C
    { 10, 19, 181, 1, 19, 24, 5818 }, // U+017D
    { 9, 14, 179, 1, 14, 16, 5842 }, // U+017E
    { 14, 18, 246, 1, 18, 32, 5858 }, // U+01A0
    { 10, 14, 191, 1, 14, 18, 5890 }, // U+01A1
    { 13, 18, 230, 2, 18, 30, 5908 }, // U+01AF
    { 11, 14, 193, 2, 14, 20, 5938 }, // U+01B0
    { 14, 19, 223, 0, 19, 34, 5958 }, // U+01CD
    { 10, 14, 184, 1, 14, 18, 5992 }, // U+01CE
    { 14, 14, 248, 1, 14, 25, 6010 }, // U+01E4
    { 11, 14, 208, 1, 11, 20, 6035 }, // U+01E5
    { 13, 19, 233, 1, 19, 31, 6055 }, // U+01E6
    { 10, 17, 198, 1, 14, 22, 6086 }, // U+01E7
    { 12, 19, 213, 2, 19, 29, 6108 }, // U+01E8
    { 12, 18, 197, 0, 18, 27, 6137 }, // U+01E9
    { 12, 19, 213, 0, 14, 29, 6164 }, // U+0218
    { 10, 16, 173, 0, 11, 20, 6193 }, // U+0219
    { 11, 19, 184, 1, 14, 27, 6213 }, // U+021A
    { 6, 18, 131, 1, 13, 14, 6240 }, // U+021B
    { 5, 3, 0, 0, 15, 2, 6254 }, // U+0300
    { 5, 3, 0, 0, 15, 2, 6256 }, // U+0301
    { 7, 3, 0, 0, 15, 3, 6258 }, // U+0302
    { 7, 2, 0, 1, 14, 2, 6261 }, // U+0303
    { 6, 2, 0, 1, 15, 2, 6263 }, // U+0304
    { 6, 3, 0, 1, 15, 3, 6265 }, // U+0306
    { 2, 2, 0, 1, 14, 1, 6268 }, // U+0307
    { 6, 2, 0, 1, 14, 2, 6269 }, // U+0308
    { 4, 3, 0, 1, 15, 2, 6271 }, // U+0309
    { 4, 4, 0, 1, 16, 2, 6273 }, // U+030A
    { 7, 3, 0, 0, 15, 3, 6275 }, // U+030B
    { 7, 3, 0, 0, 15, 3, 6278 }, // U+030C
    { 3, 4, 0, 1, 16, 2, 6281 }, // U+0312
    { 5, 5, 0, 0, 15, 4, 6283 }, // U+031B
    { 2, 2, 0, 1, -1, 1, 6287 }, // U+0323
    { 3, 4, 0, 0, -1, 2, 6288 }, // U+0326
    { 6, 5, 0, 0, 1, 4, 6290 }, // U+0327
    { 4, 5, 0, 1, 1, 3, 6294 }, // U+0328
    { 6, 2, 0, 3, 8, 2, 6297 }, // U+0335
    { 14, 2, 0, 1, 13, 4, 6299 }, // U+0336
    { 5, 4, 0, 1, 10, 3, 6303 }, // U+0337
    { 11, 12, 0, 0, 12, 17, 6306 }, // U+0338
    { 10, 19, 201, 2, 19, 24, 6323 }, // U+0400
    { 10, 18, 201, 2, 18, 23, 6347 }, // U+0401
    { 15, 14, 269, 1, 14, 27, 6370 }, // U+0402
    { 9, 19, 180, 2, 19, 22, 6397 }, // U+0403
    { 14, 14, 237, 1, 14, 25, 6419 }, // U+0404
    { 12, 14, 213, 0, 14, 21, 6444 }, // U+0405
    { 2, 14, 90, 2, 14, 4, 6465 }, // U+0406
    { 5, 18, 90, 1, 18, 12, 6469 }, // U+0407
    { 10, 14, 199, 1, 14, 18, 6481 }, // U+0408
    { 21, 14, 377, 1, 14, 37, 6499 }, // U+0409
    { 20, 14, 368, 2, 14, 35, 6536 }, // U+040A
    { 16, 14, 272, 1, 14, 28, 6571 }, // U+040B
    { 11, 19, 209, 2, 19, 27, 6599 }, // U+040C
    { 12, 19, 246, 2, 19, 29, 6626 }, // U+040D
    { 13, 19, 209, 0, 19, 31, 6655 }, // U+040E
    { 11, 17, 238, 2, 14, 24, 6686 }, // U+040F
    { 14, 14, 223, 0, 14, 25, 6710 }, // U+0410
    { 11, 14, 220, 2, 14, 20, 6735 }, // U+0411
    { 11, 14, 227, 2, 14, 20, 6755 }, // U+0412
    { 9, 14, 180, 2, 14, 16, 6775 }, // U+0413
    { 14, 17, 260, 1, 14, 30, 6791 }, // U+0414
    { 10, 14, 201, 2, 14, 18, 6821 }, // U+0415
    { 19, 14, 299, -1, 14, 34, 6839 }, // U+0416
    { 12, 14, 205, 0, 14, 21, 6873 }, // U+0417
    { 12, 14, 248, 2, 14, 21, 6894 }, // U+0418
    { 12, 19, 248, 2, 19, 29, 6915 }, // U+0419
    { 11, 14, 209, 2, 14, 20, 6944 }, // U+041A
    { 12, 14, 245, 1, 14, 21, 6964 }, // U+041B
    { 15, 14, 292, 2, 14, 27, 6985 }, // U+041C
    { 11, 14, 238, 2, 14, 20, 7012 }, // U+041D
    { 14, 14, 246, 1, 14, 25, 7032 }, // U+041E
    { 11, 14, 238, 2, 14, 20, 7057 }, // U+041F
    { 11, 14, 217, 2, 14, 20, 7077 }, // U+0420
    { 13, 14, 234, 1, 14, 23, 7097 }, // U+0421
    { 11, 14, 189, 0, 14, 20, 7120 }, // U+0422
    { 13, 14, 209, 0, 14, 23, 7140 }, // U+0423
    { 16, 14, 285, 1, 14, 28, 7163 }, // U+0424
    { 13, 14, 202, 0, 14, 23, 7191 }, // U+0425
    { 13, 17, 253, 2, 14, 28, 7214 }, // U+0426
    { 11, 14, 231, 1, 14, 20, 7242 }, // U+0427
    { 17, 14, 319, 2, 14, 30, 7262 }, // U+0428
    { 18, 17, 334, 2, 14, 39, 7292 }, // U+0429
    { 15, 14, 263, 1, 14, 27, 7331 }, // U+042A
    { 14, 14, 287, 2, 14, 25, 7358 }, // U+042B
    { 11, 14, 220, 2, 14, 20, 7383 }, // U+042C
    { 14, 14, 237, 0, 14, 25, 7403 }, // U+042D
    { 17, 14, 315, 2, 14, 30, 7428 }, // U+042E
    { 12, 14, 221, 0, 14, 21, 7458 }, // U+042F
    { 10, 11, 184, 1, 11, 14, 7479 }, // U+0430
    { 10, 14, 185, 1, 14, 18, 7493 }, // U+0431
    { 9, 11, 197, 2, 11, 13, 7511 }, // U+0432
    { 8, 11, 153, 2, 11, 11, 7524 }, // U+0433
    { 12, 14, 204, 1, 11, 21, 7535 }, // U+0434
    { 10, 11, 187, 1, 11, 14, 7556 }, // U+0435
    { 17, 11, 285, 0, 11, 24, 7570 }, // U+0436
    { 10, 11, 172, 0, 11, 14, 7594 }, // U+0437
    { 9, 11, 193, 2, 11, 13, 7608 }, // U+0438
    { 9, 14, 193, 2, 14, 16, 7621 }, // U+0439
    { 10, 11, 191, 2, 11, 14, 7637 }, // U+043A
    { 10, 11, 207, 1, 11, 14, 7651 }, // U+043B
    { 11, 11, 233, 2, 11, 16, 7665 }, // U+043C
    { 9, 11, 193, 2, 11, 13, 7681 }, // U+043D
    { 10, 11, 191, 1, 11, 14, 7694 }, // U+043E
    { 9, 11, 193, 2, 11, 13, 7708 }, // U+043F
    { 10, 14, 198, 2, 11, 18, 7721 }, // U+0440
    { 10, 11, 182, 1, 11, 14, 7739 }, // U+0441
    { 10, 11, 184, 1, 11, 14, 7753 }, // U+0442
    { 11, 14, 179, 0, 11, 20, 7767 }, // U+0443
    { 14, 17, 248, 1, 14, 30, 7787 }, // U+0444
    { 12, 11, 195, 0, 11, 17, 7817 }, // U+0445
    { 10, 14, 201, 2, 11, 18, 7834 }, // U+0446
    { 9, 11, 195, 2, 11, 13, 7852 }, // U+0447
    { 14, 11, 271, 2, 11, 20, 7865 }, // U+0448
    { 15, 14, 279, 2, 11, 27, 7885 }, // U+0449
    { 11, 11, 203, 1, 11, 16, 7912 }, // U+044A
    { 11, 11, 233, 2, 11, 16, 7928 }, // U+044B
    { 9, 11, 180, 2, 11, 13, 7944 }, // U+044C
    { 10, 11, 185, 0, 11, 14, 7957 }, // U+044D
    { 14, 11, 261, 2, 11, 20, 7971 }, // U+044E
    { 10, 11, 195, 1, 11, 14, 7991 }, // U+044F
    { 10, 14, 187, 1, 14, 18, 8005 }, // U+0450
    { 10, 14, 187, 1, 14, 18, 8023 }, // U+0451
    { 10, 17, 194, 1, 14, 22, 8041 }, // U+0452
    { 8, 14, 153, 2, 14, 14, 8063 }, // U+0453
    { 11, 11, 185, 1, 11, 16, 8077 }, // U+0454
    { 10, 11, 173, 0, 11, 14, 8093 }, // U+0455
    { 2, 14, 81, 2, 14, 4, 8107 }, // U+0456
    { 5, 14, 81, 1, 14, 9, 8111 }, // U+0457
    { 4, 17, 87, 0, 14, 9, 8120 }, // U+0458
    { 17, 11, 305, 1, 11, 24, 8129 }, // U+0459
    { 16, 11, 292, 2, 11, 22, 8153 }, // U+045A
    { 11, 14, 194, 0, 14, 20, 8175 }, // U+045B
    { 10, 14, 191, 2, 14, 18, 8195 }, // U+045C
    { 9, 14, 193, 2, 14, 16, 8213 }, // U+045D
    { 11, 17, 179, 0, 14, 24, 8229 }, // U+045E
    { 9, 13, 193, 2, 11, 15, 8253 }, // U+045F
    { 14, 14, 260, 1, 14, 25, 8268 }, // U+0462
    { 10, 13, 186, 1, 13, 17, 8293 }, // U+0463
    { 16, 14, 241, 0, 14, 28, 8310 }, // U+046A
    { 14, 11, 235, 1, 11, 20, 8338 }, // U+046B
    { 14, 14, 246, 1, 14, 25, 8358 }, // U+0472
    { 10, 11, 191, 1, 11, 14, 8383 }, // U+0473
    { 15, 14, 237, 0, 14, 27, 8397 }, // U+0474
    { 11, 11, 181, 0, 11, 16, 8424 }, // U+0475
    { 9, 18, 180, 2, 18, 21, 8440 }, // U+0490
    { 8, 13, 153, 2, 13, 13, 8461 }, // U+0491
    { 11, 14, 200, 1, 14, 20, 8474 }, // U+0492
    { 10, 11, 183, 1, 11, 14, 8494 }, // U+0493
    { 20, 17, 308, -1, 14, 43, 8508 }, // U+0496
    { 18, 13, 285, 0, 11, 30, 8551 }, // U+0497
    { 12, 17, 219, 2, 14, 26, 8581 }, // U+049A
    { 10, 13, 189, 2, 11, 17, 8607 }, // U+049B
    { 13, 17, 260, 2, 14, 28, 8624 }, // U+04A2
    { 10, 13, 201, 2, 11, 17, 8652 }, // U+04A3
    { 14, 14, 192, -1, 14, 25, 8669 }, // U+04AE
    { 12, 14, 181, 0, 11, 21, 8694 }, // U+04AF
    { 13, 14, 192, -1, 14, 23, 8715 }, // U+04B0
    { 11, 14, 181, 0, 11, 20, 8738 }, // U+04B1
    { 13, 17, 213, 0, 14, 28, 8758 }, // U+04B2
    { 12, 13, 196, 0, 11, 20, 8786 }, // U+04B3
    { 13, 17, 246, 1, 14, 28, 8806 }, // U+04B6
    { 11, 13, 203, 2, 11, 18, 8834 }, // U+04B7
    { 11, 14, 231, 2, 14, 20, 8852 }, // U+04BA
    { 9, 14, 194, 2, 14, 16, 8872 }, // U+04BB
    { 2, 14, 90, 2, 14, 4, 8888 }, // U+04C0
    { 2, 14, 89, 2, 14, 4, 8892 }, // U+04CF
    { 13, 14, 238, 1, 14, 23, 8896 }, // U+04D8
    { 10, 11, 187, 1, 11, 14, 8919 }, // U+04D9
    { 12, 18, 248, 2, 18, 27, 8933 }, // U+04E2
    { 9, 14, 193, 2, 14, 16, 8960 }, // U+04E3
    { 14, 14, 246, 1, 14, 25, 8976 }, // U+04E8
    { 10, 11, 191, 1, 11, 14, 9001 }, // U+04E9
    { 14, 18, 209, 0, 18, 32, 9015 }, // U+04EE
    { 12, 17, 179, 0, 14, 26, 9047 }, // U+04EF
    { 14, 17, 223, 0, 14, 30, 9073 }, // U+1EA0
    { 10, 14, 184, 1, 11, 18, 9103 }, // U+1EA1
    { 14, 19, 223, 0, 19, 34, 9121 }, // U+1EA2
    { 10, 16, 184, 1, 16, 20, 9155 }, // U+1EA3
    { 14, 20, 223, 0, 20, 35, 9175 }, // U+1EA4
    { 10, 17, 184, 1, 17, 22, 9210 }, // U+1EA5
    { 14, 20, 223, 0, 20, 35, 9232 }, // U+1EA6
    { 10, 17, 184, 1, 17, 22, 9267 }, // U+1EA7
    { 14, 21, 223, 0, 21, 37, 9289 }, // U+1EA8
    { 10, 17, 184, 1, 17, 22, 9326 }, // U+1EA9
    { 14, 21, 223, 0, 21, 37, 9348 }, // U+1EAA
    { 10, 17, 184, 1, 17, 22, 9385 }, // U+1EAB
    { 14, 22, 223, 0, 19, 39, 9407 }, // U+1EAC
    { 10, 17, 184, 1, 14, 22, 9446 }, // U+1EAD
    { 14, 21, 223, 0, 21, 37, 9468 }, // U+1EAE
    { 10, 17, 184, 1, 17, 22, 9505 }, // U+1EAF
    { 14, 21, 223, 0, 21, 37, 9527 }, // U+1EB0
    { 10, 17, 184, 1, 17, 22, 9564 }, // U+1EB1
    { 14, 21, 223, 0, 21, 37, 9586 }, // U+1EB2
    { 10, 18, 184, 1, 18, 23, 9623 }, // U+1EB3
    { 14, 21, 223, 0, 21, 37, 9646 }, // U+1EB4
    { 10, 18, 184, 1, 18, 23, 9683 }, // U+1EB5
    { 14, 22, 223, 0, 19, 39, 9706 }, // U+1EB6
    { 10, 17, 184, 1, 14, 22, 9745 }, // U+1EB7
    { 10, 17, 201, 2, 14, 22, 9767 }, // U+1EB8
    { 10, 14, 187, 1, 11, 18, 9789 }, // U+1EB9
    { 10, 19, 201, 2, 19, 24, 9807 }, // U+1EBA
    { 10, 16, 187, 1, 16, 20, 9831 }, // U+1EBB
    { 10, 18, 201, 2, 18, 23, 9851 }, // U+1EBC
    { 10, 14, 187, 1, 14, 18, 9874 }, // U+1EBD
    { 10, 20, 201, 2, 20, 25, 9892 }, // U+1EBE
    { 11, 17, 187, 1, 17, 24, 9917 }, // U+1EBF
    { 10, 20, 201, 2, 20, 25, 9941 }, // U+1EC0
    { 10, 17, 187, 1, 17, 22, 9966 }, // U+1EC1
    { 10, 21, 201, 2, 21, 27, 9988 }, // U+1EC2
    { 10, 17, 187, 1, 17, 22, 10015 }, // U+1EC3
    { 10, 21, 201, 2, 21, 27, 10037 }, // U+1EC4
    { 10, 17, 187, 1, 17, 22, 10064 }, // U+1EC5
    { 10, 22, 201, 2, 19, 28, 10086 }, // U+1EC6
    { 10, 17, 187, 1, 14, 22, 10114 }, // U+1EC7
    { 4, 19, 90, 1, 19, 10, 10136 }, // U+1EC8
    { 4, 15, 81, 1, 15, 8, 10146 }, // U+1EC9
    { 2, 17, 90, 2, 14, 5, 10154 }, // U+1ECA
    { 2, 17, 81, 2, 14, 5, 10159 }, // U+1ECB
    { 14, 17, 246, 1, 14, 30, 10164 }, // U+1ECC
    { 11, 14, 191, 1, 11, 20, 10194 }, // U+1ECD
    { 14, 19, 246, 1, 19, 34, 10214 }, // U+1ECE
    { 10, 16, 191, 1, 16, 20, 10248 }, // U+1ECF
    { 14, 21, 246, 1, 21, 37, 10268 }, // U+1ED0
    { 10, 17, 191, 1, 17, 22, 10305 }, // U+1ED1
    { 14, 21, 246, 1, 21, 37, 10327 }, // U+1ED2
    { 10, 17, 191, 1, 17, 22, 10364 }, // U+1ED3
    { 14, 21, 246, 1, 21, 37, 10386 }, // U+1ED4
    { 10, 17, 191, 1, 17, 22, 10423 }, // U+1ED5
    { 14, 21, 246, 1, 21, 37, 10445 }, // U+1ED6
    { 10, 17, 191, 1, 17, 22, 10482 }, // U+1ED7
    { 14, 22, 246, 1, 19, 39, 10504 }, // U+1ED8
    { 11, 17, 191, 1, 14, 24, 10543 }, // U+1ED9
    { 14, 19, 246, 1, 19, 34, 10567 }, // U+1EDA
    { 10, 14, 191, 1, 14, 18, 10601 }, // U+1EDB
    { 14, 19, 246, 1, 19, 34, 10619 }, // U+1EDC
    { 10, 14, 191, 1, 14, 18, 10653 }, // U+1EDD
    { 14, 19, 246, 1, 19, 34, 10671 }, // U+1EDE
    { 10, 16, 191, 1, 16, 20, 10705 }, // U+1EDF
    { 14, 19, 246, 1, 19, 34, 10725 }, // U+1EE0
    { 10, 14, 191, 1, 14, 18, 10759 }, // U+1EE1
    { 14, 21, 246, 1, 18, 37, 10777 }, // U+1EE2
    { 10, 17, 191, 1, 14, 22, 10814 }, // U+1EE3
    { 12, 17, 230, 2, 14, 26, 10836 }, // U+1EE4
    { 9, 14, 192, 2, 11, 16, 10862 }, // U+1EE5
    { 11, 19, 230, 2, 19, 27, 10878 }, // U+1EE6
    { 9, 16, 192, 2, 16, 18, 10905 }, // U+1EE7
    { 13, 19, 230, 2, 19, 31, 10923 }, // U+1EE8
    { 11, 14, 193, 2, 14, 20, 10954 }, // U+1EE9
    { 13, 19, 230, 2, 19, 31, 10974 }, // U+1EEA
    { 11, 14, 193, 2, 14, 20, 11005 }, // U+1EEB
    { 13, 19, 230, 2, 19, 31, 11025 }, // U+1EEC
    { 11, 16, 193, 2, 16, 22, 11056 }, // U+1EED
    { 13, 19, 230, 2, 19, 31, 11078 }, // U+1EEE
    { 11, 14, 193, 2, 14, 20, 11109 }, // U+1EEF
    { 13, 21, 230, 2, 18, 35, 11129 }, // U+1EF0
    { 11, 17, 193, 2, 14, 24, 11164 }, // U+1EF1
    { 14, 19, 192, -1, 19, 34, 11188 }, // U+1EF2
    { 11, 17, 179, 0, 14, 24, 11222 }, // U+1EF3
    { 14, 17, 192, -1, 14, 30, 11246 }, // U+1EF4
    { 11, 14, 179, 0, 11, 20, 11276 }, // U+1EF5
    { 14, 19, 192, -1, 19, 34, 11296 }, // U+1EF6
    { 12, 18, 179, 0, 15, 27, 11330 }, // U+1EF7
    { 13, 18, 192, -1, 18, 30, 11357 }, // U+1EF8
    { 11, 17, 179, 0, 14, 24, 11387 }, // U+1EF9
    { 10, 2, 197, 1, 7, 3, 11411 }, // U+2013
    { 17, 2, 302, 1, 7, 5, 11414 }, // U+2014
    { 2, 6, 68, 1, 14, 2, 11419 }, // U+2018
    { 2, 6, 68, 1, 14, 2, 11421 }, // U+2019
    { 2, 6, 67, 1, 3, 2, 11423 }, // U+201A
    { 6, 6, 123, 1, 14, 5, 11425 }, // U+201C
    { 6, 6, 123, 1, 14, 5, 11430 }, // U+201D
    { 6, 6, 122, 1, 3, 5, 11435 }, // U+201E
    { 8, 14, 195, 2, 14, 14, 11440 }, // U+2020
    { 8, 14, 195, 2, 14, 14, 11454 }, // U+2021
    { 5, 4, 104, 1, 8, 3, 11468 }, // U+2022
    { 11, 3, 190, 1, 3, 5, 11471 }, // U+2026
    { 0, 0, 200, 0, 0, 0, 11476 }, // U+2028
    { 0, 0, 200, 0, 0, 0, 11476 }, // U+2029
    { 23, 14, 390, 1, 14, 41, 11476 }, // U+2030
    { 4, 4, 70, 0, 14, 2, 11517 }, // U+2032
    { 7, 4, 111, 0, 14, 4, 11519 }, // U+2033
    { 6, 8, 110, 1, 10, 6, 11523 }, // U+2039
    { 6, 8, 110, 0, 10, 6, 11529 }, // U+203A
    { 13, 14, 57, -5, 14, 23, 11535 }, // U+2044
    { 8, 8, 131, 0, 15, 8, 11558 }, // U+2070
    { 6, 8, 110, 1, 15, 6, 11566 }, // U+2074
    { 7, 8, 115, 1, 15, 7, 11572 }, // U+2075
    { 8, 8, 123, 0, 15, 8, 11579 }, // U+2076
    { 5, 8, 100, 1, 15, 5, 11587 }, // U+2077
    { 8, 8, 117, 0, 15, 8, 11592 }, // U+2078
    { 8, 8, 123, 0, 15, 8, 11600 }, // U+2079
    { 8, 8, 131, 0, 6, 8, 11608 }, // U+2080
    { 5, 8, 81, 0, 6, 5, 11616 }, // U+2081
    { 7, 8, 116, 1, 6, 7, 11621 }, // U+2082
    { 7, 8, 111, 0, 6, 7, 11628 }, // U+2083
    { 6, 8, 110, 1, 6, 6, 11635 }, // U+2084
    { 7, 8, 115, 1, 6, 7, 11641 }, // U+2085
    { 8, 8, 123, 0, 6, 8, 11648 }, // U+2086
    { 5, 8, 100, 1, 6, 5, 11656 }, // U+2087
    { 8, 8, 117, 0, 6, 8, 11661 }, // U+2088
    { 8, 8, 123, 0, 6, 8, 11669 }, // U+2089
    { 12, 14, 258, 2, 14, 21, 11677 }, // U+20AA
    { 14, 14, 242, 1, 14, 25, 11698 }, // U+20AC
    { 13, 14, 227, 1, 14, 23, 11723 }, // U+20B1
    { 12, 14, 222, 1, 14, 21, 11746 }, // U+20B4
    { 12, 15, 227, 1, 15, 23, 11767 }, // U+20B9
    { 13, 14, 238, 1, 14, 23, 11790 }, // U+20BD
    { 16, 14, 267, 0, 14, 28, 11813 }, // U+2190
    { 14, 15, 237, 0, 15, 27, 11841 }, // U+2191
    { 16, 14, 267, 0, 14, 28, 11868 }, // U+2192
    { 14, 15, 237, 0, 15, 27, 11896 }, // U+2193
    { 21, 14, 345, 0, 14, 37, 11923 }, // U+2194
    { 14, 21, 237, 0, 18, 37, 11960 }, // U+2195
    { 12, 13, 207, 1, 14, 20, 11997 }, // U+2196
    { 12, 13, 207, 0, 14, 20, 12017 }, // U+2197
    { 13, 12, 207, 0, 14, 20, 12037 }, // U+2198
    { 12, 12, 207, 1, 14, 18, 12057 }, // U+2199
    { 13, 7, 217, 0, 10, 12, 12075 }, // U+219D
    { 13, 12, 218, 0, 14, 20, 12087 }, // U+21A9
    { 12, 12, 218, 1, 14, 18, 12107 }, // U+21AA
    { 13, 14, 221, 0, 13, 23, 12125 }, // U+21B0
    { 13, 14, 221, 1, 13, 23, 12148 }, // U+21B1
    { 13, 14, 221, 1, 16, 23, 12171 }, // U+21B3
    { 13, 16, 222, 1, 15, 26, 12194 }, // U+21B4
    { 13, 14, 221, 0, 16, 23, 12220 }, // U+21B5
    { 13, 9, 224, 1, 12, 15, 12243 }, // U+21E4
    { 13, 9, 224, 0, 12, 15, 12258 }, // U+21E5
    { 17, 15, 265, 0, 15, 32, 12273 }, // U+21E7
    { 9, 16, 175, 1, 15, 18, 12305 }, // U+2202
    { 13, 15, 216, 0, 15, 25, 12323 }, // U+2206
    { 12, 19, 197, 0, 15, 29, 12348 }, // U+220F
    { 10, 15, 177, 1, 15, 19, 12377 }, // U+2211
    { 10, 2, 173, 0, 7, 3, 12396 }, // U+2212
    { 14, 18, 220, 0, 15, 32, 12399 }, // U+221A
    { 16, 8, 276, 1, 10, 16, 12431 }, // U+221E
    { 8, 18, 126, 0, 15, 18, 12447 }, // U+222B
    { 4, 11, 99, 1, 13, 6, 12465 }, // U+2236
    { 10, 10, 174, 1, 12, 13, 12471 }, // U+2248
    { 10, 12, 180, 1, 12, 15, 12484 }, // U+2260
    { 11, 12, 181, 0, 12, 17, 12499 }, // U+2264
    { 10, 12, 181, 1, 12, 15, 12516 }, // U+2265
    { 7, 7, 333, 1, 5, 7, 12531 }, // U+3001
    { 8, 8, 333, 0, 6, 8, 12538 }, // U+3002
    { 20, 2, 333, 0, 9, 5, 12546 }, // U+4E00
    { 20, 18, 333, 1, 17, 45, 12551 }, // U+4E0A
    { 19, 19, 333, 1, 17, 46, 12596 }, // U+4E0B
    { 20, 18, 333, 0, 16, 45, 12642 }, // U+4E0D
    { 18, 20, 333, 1, 17, 45, 12687 }, // U+4E0E
    { 19, 18, 333, 1, 17, 43, 12732 }, // U+4E14
    { 19, 20, 333, 1, 18, 48, 12775 }, // U+4E22
    { 19, 18, 333, 1, 16, 43, 12823 }, // U+4E24
    { 20, 20, 333, 0, 18, 50, 12866 }, // U+4E2A
    { 17, 20, 333, 2, 18, 43, 12916 }, // U+4E2D
    { 17, 20, 333, 2, 18, 43, 12959 }, // U+4E32
    { 18, 21, 333, 1, 18, 48, 13002 }, // U+4E3A
    { 20, 19, 333, 0, 18, 48, 13050 }, // U+4E3B
    { 21, 20, 333, 0, 18, 53, 13098 }, // U+4E49
    { 21, 20, 333, 0, 18, 53, 13151 }, // U+4E4B
    { 17, 19, 333, 2, 16, 41, 13204 }, // U+4E60
    { 20, 20, 333, 0, 18, 50, 13245 }, // U+4E66
    { 19, 15, 333, 1, 15, 36, 13295 }, // U+4E8C
    { 19, 19, 333, 1, 16, 46, 13331 }, // U+4E8E
    { 19, 18, 333, 1, 17, 43, 13377 }, // U+4E92
    { 20, 20, 333, 0, 18, 50, 13420 }, // U+4EA4
    { 20, 21, 333, 0, 18, 53, 13470 }, // U+4EAE
    { 20, 20, 333, 0, 18, 50, 13523 }, // U+4EBA
    { 21, 21, 333, 0, 18, 56, 13573 }, // U+4EC5
    { 21, 20, 333, 0, 18, 53, 13629 }, // U+4ECA
    { 20, 20, 333, 0, 18, 50, 13682 }, // U+4ECE
    { 21, 20, 333, 0, 18, 53, 13732 }, // U+4ED6
    { 20, 19, 333, 1, 17, 48, 13785 }, // U+4EE5
    { 20, 20, 333, 0, 18, 50, 13833 }, // U+4EF6
    { 20, 20, 333, 0, 18, 50, 13883 }, // U+4EFB
    { 21, 20, 333, 0, 18, 53, 13933 }, // U+4F11
    { 20, 21, 333, 0, 18, 53, 13986 }, // U+4F20
    { 20, 21, 333, 0, 18, 53, 14039 }, // U+4F30
    { 20, 20, 333, 1, 18, 50, 14092 }, // U+4F4D
    { 21, 20, 333, 0, 18, 53, 14142 }, // U+4F53
    { 21, 22, 333, 0, 19, 58, 14195 }, // U+4F59
    { 20, 20, 333, 1, 18, 50, 14253 }, // U+4F5C
    { 21, 20, 333, 0, 18, 53, 14303 }, // U+4F60
    { 21, 20, 333, 0, 18, 53, 14356 }, // U+4F7F
    { 21, 21, 333, 0, 18, 56, 14409 }, // U+4F9B
    { 20, 21, 333, 0, 18, 53, 14465 }, // U+4FA7
    { 21, 21, 333, 0, 18, 56, 14518 }, // U+4FBF
    { 21, 20, 333, 0, 18, 53, 14574 }, // U+4FDD
    { 20, 21, 333, 0, 18, 53, 14627 }, // U+4FE1
    { 21, 20, 333, 0, 18, 53, 14680 }, // U+4FEE
    { 20, 20, 333, 0, 17, 50, 14733 }, // U+5012
    { 20, 20, 333, 0, 18, 50, 14783 }, // U+503C
    { 21, 21, 333, 0, 18, 56, 14833 }, // U+503E
    { 20, 21, 333, 0, 18, 53, 14889 }, // U+504F
    { 20, 21, 333, 0, 18, 53, 14942 }, // U+50A8
    { 19, 19, 333, 1, 16, 46, 14995 }, // U+5143
    { 20, 21, 333, 0, 18, 53, 15041 }, // U+5148
    { 21, 21, 333, 0, 18, 56, 15094 }, // U+5149
    { 21, 20, 333, 0, 18, 53, 15150 }, // U+5165
    { 21, 20, 333, 0, 18, 53, 15203 }, // U+5168
    { 20, 20, 333, 0, 18, 50, 15256 }, // U+516D
    { 20, 20, 333, 0, 18, 50, 15306 }, // U+5173
    { 20, 20, 333, 0, 18, 50, 15356 }, // U+5176
    { 21, 19, 333, 0, 17, 50, 15406 }, // U+5177
    { 20, 20, 333, 1, 18, 50, 15456 }, // U+5178
    { 17, 21, 333, 2, 18, 45, 15506 }, // U+5185
    { 21, 20, 333, 0, 17, 53, 15551 }, // U+518C
    { 21, 20, 333, 0, 17, 53, 15604 }, // U+518D
    { 18, 20, 333, 1, 17, 45, 15657 }, // U+5199
    { 20, 20, 333, 0, 18, 50, 15702 }, // U+51C6
    { 20, 20, 333, 1, 18, 50, 15752 }, // U+51D1
    { 17, 20, 333, 2, 18, 43, 15802 }, // U+51FA
    { 21, 21, 333, 0, 18, 56, 15845 }, // U+5206
    { 20, 20, 333, 0, 17, 50, 15901 }, // U+5207
    { 19, 20, 333, 1, 17, 48, 15951 }, // U+5217
    { 20, 21, 333, 0, 18, 53, 15999 }, // U+521B
    { 19, 21, 333, 0, 18, 50, 16052 }, // U+521D
    { 19, 20, 333, 1, 17, 48, 16102 }, // U+5220
    { 18, 20, 333, 1, 18, 45, 16150 }, // U+5230
    { 20, 21, 333, 0, 18, 53, 16195 }, // U+5236
    { 19, 19, 333, 0, 17, 46, 16248 }, // U+5237
    { 19, 21, 333, 1, 18, 50, 16294 }, // U+524D
    { 19, 21, 333, 0, 18, 50, 16344 }, // U+5269
    { 20, 21, 333, 0, 18, 53, 16394 }, // U+526A
    { 20, 20, 333, 0, 17, 50, 16447 }, // U+529F
    { 19, 21, 333, 0, 18, 50, 16497 }, // U+52A0
    { 21, 21, 333, 0, 18, 56, 16547 }, // U+52A1
    { 19, 21, 333, 1, 18, 50, 16603 }, // U+52A8
    { 20, 20, 333, 0, 18, 50, 16653 }, // U+52FF
    { 20, 20, 333, 1, 18, 50, 16703 }, // U+5305
    { 18, 17, 333, 2, 16, 39, 16753 }, // U+5339
    { 18, 18, 333, 2, 17, 41, 16792 }, // U+533A
    { 20, 20, 333, 0, 18, 50, 16833 }, // U+5355
    { 17, 20, 333, 3, 18, 43, 16883 }, // U+5360
    { 20, 20, 333, 0, 18, 50, 16926 }, // U+5361
    { 19, 19, 333, 1, 17, 46, 16976 }, // U+5373
    { 20, 19, 333, 0, 17, 48, 17022 }, // U+538B
    { 20, 20, 333, 0, 17, 50, 17070 }, // U+539F
    { 20, 20, 333, 0, 18, 50, 17120 }, // U+53CD
    { 21, 20, 333, 0, 18, 53, 17170 }, // U+53D1
    { 21, 20, 333, 0, 17, 53, 17223 }, // U+53D6
    { 16, 18, 333, 2, 16, 36, 17276 }, // U+53E3
    { 20, 20, 333, 0, 17, 50, 17312 }, // U+53EF
    { 20, 20, 333, 0, 18, 50, 17362 }, // U+53F3
    { 19, 20, 333, 1, 17, 48, 17412 }, // U+53F7
    { 21, 21, 333, 0, 18, 56, 17460 }, // U+5404
    { 18, 19, 333, 2, 17, 43, 17516 }, // U+540C
    { 18, 20, 333, 0, 18, 45, 17559 }, // U+540D
    { 21, 21, 333, 0, 18, 56, 17604 }, // U+540E
    { 17, 20, 333, 2, 18, 43, 17660 }, // U+5411
    { 20, 20, 333, 0, 17, 50, 17703 }, // U+5426
    { 21, 21, 333, 0, 18, 56, 17753 }, // U+542B
    { 19, 21, 333, 0, 18, 50, 17809 }, // U+542F
    { 19, 21, 333, 1, 18, 50, 17859 }, // U+544A
    { 19, 20, 333, 0, 17, 48, 17909 }, // U+5468
    { 20, 20, 333, 0, 18, 50, 17957 }, // U+547D
    { 19, 20, 333, 0, 18, 48, 18007 }, // U+548C
    { 19, 21, 333, 1, 18, 50, 18055 }, // U+54C8
    { 20, 20, 333, 1, 18, 50, 18105 }, // U+5524
    { 21, 19, 333, 0, 17, 50, 18155 }, // U+5668
    { 18, 18, 333, 2, 16, 41, 18205 }, // U+56DB
    { 18, 19, 333, 1, 17, 43, 18246 }, // U+56DE
    { 18, 19, 333, 1, 17, 43, 18289 }, // U+56E0
    { 18, 19, 333, 1, 17, 43, 18332 }, // U+56F4
    { 18, 19, 333, 2, 17, 43, 18375 }, // U+56FA
    { 18, 19, 333, 1, 17, 43, 18418 }, // U+56FE
    { 18, 19, 333, 1, 17, 43, 18461 }, // U+5706
    { 20, 20, 333, 0, 18, 50, 18504 }, // U+5728
    { 21, 20, 333, 0, 18, 53, 18554 }, // U+5730
    { 20, 19, 333, 0, 18, 48, 18607 }, // U+5740
    { 20, 21, 333, 0, 18, 53, 18655 }, // U+5747
    { 20, 19, 333, 0, 18, 48, 18708 }, // U+5782
    { 21, 20, 333, 0, 18, 53, 18756 }, // U+57FA
    { 19, 20, 333, 1, 18, 48, 18809 }, // U+589E
    { 21, 21, 333, 0, 18, 56, 18857 }, // U+5907
    { 21, 20, 333, 0, 18, 53, 18913 }, // U+590D
    { 19, 20, 333, 1, 18, 48, 18966 }, // U+591A
    { 20, 21, 333, 0, 18, 53, 19014 }, // U+591C
    { 20, 20, 333, 0, 18, 50, 19067 }, // U+5927
    { 20, 18, 333, 0, 16, 45, 19117 }, // U+5929
    { 21, 20, 333, 0, 18, 53, 19162 }, // U+5931
    { 20, 20, 333, 0, 18, 50, 19215 }, // U+5934
    { 20, 20, 333, 0, 18, 50, 19265 }, // U+5939
    { 21, 21, 333, 0, 18, 56, 19315 }, // U+59CB
    { 19, 21, 333, 1, 18, 50, 19371 }, // U+5B57
    { 20, 21, 333, 0, 18, 53, 19421 }, // U+5B58
    { 19, 20, 333, 1, 18, 48, 19474 }, // U+5B89
    { 20, 21, 333, 0, 18, 53, 19522 }, // U+5B8C
    { 20, 21, 333, 0, 18, 53, 19575 }, // U+5B9A
    { 20, 21, 333, 1, 18, 53, 19628 }, // U+5BB6
    { 20, 20, 333, 0, 18, 50, 19681 }, // U+5BB9
    { 21, 21, 333, 0, 18, 56, 19731 }, // U+5BBD
    { 20, 20, 333, 0, 18, 50, 19787 }, // U+5BC6
    { 21, 21, 333, 0, 18, 56, 19837 }, // U+5BF9
    { 21, 20, 333, 0, 18, 53, 19893 }, // U+5C01
    { 20, 21, 333, 1, 18, 53, 19946 }, // U+5C06
    { 20, 20, 333, 1, 17, 50, 19999 }, // U+5C0F
    { 20, 20, 333, 0, 18, 50, 20049 }, // U+5C11
    { 17, 21, 333, 2, 18, 45, 20099 }, // U+5C1A
    { 21, 21, 333, 0, 18, 56, 20144 }, // U+5C31
    { 20, 19, 333, 0, 17, 48, 20200 }, // U+5C40
    { 20, 20, 333, 0, 17, 50, 20248 }, // U+5C45
    { 20, 20, 333, 0, 17, 50, 20298 }, // U+5C4F
    { 20, 15, 333, 0, 15, 38, 20348 }, // U+5DE5
    { 20, 19, 333, 0, 18, 48, 20386 }, // U+5DE6
    { 19, 17, 333, 2, 16, 41, 20434 }, // U+5DF2
    { 20, 20, 333, 0, 18, 50, 20475 }, // U+5E03
    { 20, 20, 333, 0, 18, 50, 20525 }, // U+5E0C
    { 19, 20, 333, 1, 18, 48, 20575 }, // U+5E26
    { 21, 20, 333, 0, 18, 53, 20623 }, // U+5E55
    { 20, 19, 333, 0, 17, 48, 20676 }, // U+5E73
    { 19, 21, 333, 1, 18, 50, 20724 }, // U+5E76
    { 20, 21, 333, 0, 18, 53, 20774 }, // U+5E8F
    { 20, 20, 333, 0, 18, 50, 20827 }, // U+5E94
    { 20, 21, 333, 0, 18, 53, 20877 }, // U+5E95
    { 20, 20, 333, 0, 18, 50, 20930 }, // U+5EA6
    { 20, 20, 333, 0, 18, 50, 20980 }, // U+5EFA
    { 20, 19, 333, 0, 16, 48, 21030 }, // U+5F00
    { 21, 20, 333, 0, 18, 53, 21078 }, // U+5F0F
    { 17, 20, 333, 1, 17, 43, 21131 }, // U+5F15
    { 20, 21, 333, 1, 18, 53, 21174 }, // U+5F39
    { 17, 20, 333, 2, 18, 43, 21227 }, // U+5F53
    { 19, 20, 333, 1, 17, 48, 21270 }, // U+5F55
    { 20, 21, 333, 0, 18, 53, 21318 }, // U+5F97
    { 20, 20, 333, 0, 18, 50, 21371 }, // U+5FD8
    { 20, 21, 333, 0, 18, 53, 21421 }, // U+5FEB
    { 20, 20, 333, 0, 18, 50, 21474 }, // U+5FFD
    { 20, 20, 333, 0, 18, 50, 21524 }, // U+6001
    { 20, 21, 333, 0, 18, 53, 21574 }, // U+6062
    { 20, 20, 333, 0, 18, 50, 21627 }, // U+606F
    { 20, 21, 333, 0, 18, 53, 21677 }, // U+60C5
    { 20, 21, 333, 0, 18, 53, 21730 }, // U+60EF
    { 19, 20, 333, 0, 18, 48, 21783 }, // U+610F
    { 21, 21, 333, 0, 18, 56, 21831 }, // U+6162
    { 20, 21, 333, 0, 18, 53, 21887 }, // U+6210
    { 20, 20, 333, 0, 18, 50, 21940 }, // U+6216
    { 20, 21, 333, 0, 18, 53, 21990 }, // U+622A
    { 18, 20, 333, 0, 18, 45, 22043 }, // U+6237
    { 20, 21, 333, 0, 18, 53, 22088 }, // U+6240
    { 20, 21, 333, 0, 18, 53, 22141 }, // U+624B
    { 20, 21, 333, 0, 18, 53, 22194 }, // U+6253
    { 19, 21, 333, 0, 18, 50, 22247 }, // U+626B
    { 21, 20, 333, 0, 18, 53, 22297 }, // U+627E
    { 21, 21, 333, 0, 18, 56, 22350 }, // U+6297
    { 21, 21, 333, 0, 18, 56, 22406 }, // U+62A5
    { 21, 21, 333, 0, 18, 56, 22462 }, // U+62D4
    { 20, 20, 333, 0, 18, 50, 22518 }, // U+62E9
    { 21, 21, 333, 0, 18, 56, 22568 }, // U+6301
    { 20, 21, 333, 0, 18, 53, 22624 }, // U+6307
    { 20, 21, 333, 0, 18, 53, 22677 }, // U+6309
    { 20, 20, 333, 0, 18, 50, 22730 }, // U+6325
    { 21, 21, 333, 0, 18, 56, 22780 }, // U+6362
    { 21, 20, 333, 0, 18, 53, 22836 }, // U+636E
    { 20, 20, 333, 1, 18, 50, 22889 }, // U+6392
    { 21, 21, 333, 0, 18, 56, 22939 }, // U+63A5
    { 21, 20, 333, 0, 18, 53, 22995 }, // U+63A7
    { 20, 21, 333, 0, 18, 53, 23048 }, // U+63A8
    { 20, 21, 333, 0, 18, 53, 23101 }, // U+63CF
    { 21, 21, 333, 0, 18, 56, 23154 }, // U+63D0
    { 20, 21, 333, 0, 18, 53, 23210 }, // U+63D2
    { 21, 21, 333, 0, 18, 56, 23263 }, // U+641C
    { 20, 21, 333, 0, 18, 53, 23319 }, // U+6458
    { 21, 20, 333, 0, 18, 53, 23372 }, // U+64CD
    { 20, 20, 333, 1, 18, 50, 23425 }, // U+6536
    { 21, 20, 333, 0, 18, 53, 23475 }, // U+6539
    { 21, 21, 333, 0, 18, 56, 23528 }, // U+653E
    { 21, 20, 333, 0, 18, 53, 23584 }, // U+6548
    { 20, 20, 333, 1, 18, 50, 23637 }, // U+6570
    { 21, 20, 333, 0, 18, 53, 23687 }, // U+6574
    { 21, 20, 333, 0, 18, 53, 23740 }, // U+6587
    { 21, 21, 333, 0, 18, 56, 23793 }, // U+659C
    { 19, 21, 333, 1, 18, 50, 23849 }, // U+65AD
    { 20, 20, 333, 0, 18, 50, 23899 }, // U+65B0
    { 20, 21, 333, 0, 18, 53, 23949 }, // U+65B9
    { 20, 20, 333, 0, 17, 50, 24002 }, // U+65E0
    { 15, 18, 333, 3, 16, 34, 24052 }, // U+65E5
    { 20, 19, 333, 0, 17, 48, 24086 }, // U+65E9
    { 20, 21, 333, 1, 18, 53, 24134 }, // U+65F6
    { 18, 20, 333, 1, 17, 45, 24187 }, // U+660E
    { 20, 20, 333, 1, 17, 50, 24232 }, // U+662F
    { 21, 18, 333, 0, 17, 48, 24282 }, // U+663E
    { 19, 20, 333, 1, 18, 48, 24330 }, // U+6670
    { 19, 21, 333, 0, 18, 50, 24378 }, // U+667A
    { 19, 21, 333, 1, 18, 50, 24428 }, // U+6682
    { 20, 20, 333, 0, 17, 50, 24478 }, // U+66F4
    { 20, 19, 333, 0, 17, 48, 24528 }, // U+6700
    { 20, 20, 333, 0, 18, 50, 24576 }, // U+6709
    { 21, 20, 333, 0, 17, 53, 24626 }, // U+670D
    { 19, 21, 333, 0, 18, 50, 24679 }, // U+671F
    { 20, 20, 333, 0, 18, 50, 24729 }, // U+672A
    { 20, 20, 333, 0, 18, 50, 24779 }, // U+672B
    { 20, 20, 333, 0, 18, 50, 24829 }, // U+672C
    { 21, 21, 333, 0, 18, 56, 24879 }, // U+673A
    { 20, 21, 333, 0, 18, 53, 24935 }, // U+6761
    { 20, 20, 333, 0, 18, 50, 24988 }, // U+6765
    { 20, 20, 333, 0, 18, 50, 25038 }, // U+677E
    { 21, 20, 333, 0, 18, 53, 25088 }, // U+6790
    { 20, 19, 333, 1, 17, 48, 25141 }, // U+679C
    { 21, 19, 333, 0, 18, 50, 25189 }, // U+67E5
    { 20, 21, 333, 0, 18, 53, 25239 }, // U+6807
    { 20, 20, 333, 0, 18, 50, 25292 }, // U+680F
    { 20, 20, 333, 0, 18, 50, 25342 }, // U+6837
    { 20, 21, 333, 0, 18, 53, 25392 }, // U+6839
    { 21, 20, 333, 0, 18, 53, 25445 }, // U+683C
    { 20, 20, 333, 0, 18, 50, 25498 }, // U+6846
    { 20, 20, 333, 0, 18, 50, 25548 }, // U+6863
    { 20, 20, 333, 0, 18, 50, 25598 }, // U+68C0
    { 21, 21, 333, 0, 18, 56, 25648 }, // U+6A21
    { 21, 21, 333, 0, 18, 56, 25704 }, // U+6A2A
    { 20, 20, 333, 1, 18, 50, 25760 }, // U+6B21
    { 19, 17, 333, 1, 16, 41, 25810 }, // U+6B63
    { 21, 20, 333, 0, 18, 53, 25851 }, // U+6B64
    { 19, 20, 333, 1, 18, 48, 25904 }, // U+6B65
    { 20, 21, 333, 0, 18, 53, 25952 }, // U+6BB5
    { 20, 21, 333, 0, 18, 53, 26005 }, // U+6BCF
    { 19, 20, 333, 2, 18, 48, 26058 }, // U+6BD4
    { 21, 20, 333, 0, 18, 53, 26106 }, // U+6C34
    { 21, 20, 333, 0, 17, 53, 26159 }, // U+6C89
    { 21, 20, 333, 0, 18, 53, 26212 }, // U+6CA1
    { 20, 20, 333, 0, 18, 50, 26265 }, // U+6CD5
    { 20, 20, 333, 0, 18, 50, 26315 }, // U+6CE8
    { 20, 20, 333, 0, 18, 50, 26365 }, // U+6D3B
    { 20, 20, 333, 0, 18, 50, 26415 }, // U+6D45
    { 19, 20, 333, 1, 18, 48, 26465 }, // U+6D4F
    { 20, 21, 333, 0, 18, 53, 26513 }, // U+6D88
    { 20, 20, 333, 0, 18, 50, 26566 }, // U+6DF1
    { 21, 21, 333, 0, 18, 56, 26616 }, // U+6DFB
    { 20, 21, 333, 0, 18, 53, 26672 }, // U+6E05
    { 21, 21, 333, 0, 18, 56, 26725 }, // U+6E10
    { 21, 19, 333, 0, 17, 50, 26781 }, // U+6E29
    { 20, 21, 333, 1, 18, 53, 26831 }, // U+6E90
    { 20, 21, 333, 0, 18, 53, 26884 }, // U+6ED1
    { 21, 21, 333, 0, 18, 56, 26937 }, // U+6EE4
    { 20, 21, 333, 0, 18, 53, 26993 }, // U+706F
    { 20, 20, 333, 0, 18, 50, 27046 }, // U+70B9
    { 21, 20, 333, 0, 18, 53, 27096 }, // U+70ED
    { 20, 20, 333, 0, 18, 50, 27149 }, // U+7136
    { 19, 21, 333, 0, 18, 50, 27199 }, // U+7247
    { 21, 21, 333, 0, 18, 56, 27249 }, // U+7248
    { 19, 19, 333, 1, 17, 46, 27305 }, // U+7259
    { 20, 20, 333, 0, 18, 50, 27351 }, // U+72B6
    { 20, 21, 333, 0, 18, 53, 27401 }, // U+732B
    { 19, 20, 333, 1, 18, 48, 27454 }, // U+7387
    { 21, 19, 333, 0, 17, 50, 27502 }, // U+73B0
    { 21, 18, 333, 0, 17, 48, 27552 }, // U+7406
    { 19, 20, 333, 0, 17, 48, 27600 }, // U+7528
    { 18, 20, 333, 2, 18, 45, 27648 }, // U+7535
    { 18, 19, 333, 2, 17, 43, 27693 }, // U+753B
    { 20, 20, 333, 1, 17, 50, 27736 }, // U+754C
    { 19, 20, 333, 1, 18, 48, 27786 }, // U+7559
    { 20, 21, 333, 1, 18, 53, 27834 }, // U+7565
    { 21, 20, 333, 0, 18, 53, 27887 }, // U+767B
    { 19, 19, 333, 1, 17, 46, 27940 }, // U+767E
    { 18, 21, 333, 1, 18, 48, 27986 }, // U+7684
    { 19, 20, 333, 1, 18, 48, 28034 }, // U+76D8
    { 15, 18, 333, 3, 16, 34, 28082 }, // U+76EE
    { 20, 19, 333, 0, 18, 48, 28116 }, // U+76F4
    { 20, 19, 333, 0, 17, 48, 28164 }, // U+770B
    { 19, 20, 333, 1, 17, 48, 28212 }, // U+7720
    { 20, 21, 333, 0, 18, 53, 28260 }, // U+7740
    { 20, 20, 333, 1, 18, 50, 28313 }, // U+7761
    { 20, 20, 333, 0, 18, 50, 28363 }, // U+77ED
    { 20, 20, 333, 0, 17, 50, 28413 }, // U+7801
    { 20, 21, 333, 0, 18, 53, 28463 }, // U+786E
    { 20, 19, 333, 0, 16, 48, 28516 }, // U+793A
    { 20, 21, 333, 0, 18, 53, 28564 }, // U+7981
    { 21, 20, 333, 0, 18, 53, 28617 }, // U+79D2
    { 21, 21, 333, 0, 18, 56, 28670 }, // U+79F0
    { 20, 21, 333, 0, 18, 53, 28726 }, // U+79FB
    { 21, 20, 333, 0, 18, 53, 28779 }, // U+7A0B
    { 19, 19, 333, 1, 18, 46, 28832 }, // U+7A7A
    { 19, 19, 333, 1, 18, 46, 28878 }, // U+7ACB
    { 19, 20, 333, 1, 18, 48, 28924 }, // U+7AD6
    { 19, 20, 333, 1, 18, 48, 28972 }, // U+7AE0
    { 20, 21, 333, 0, 18, 53, 29020 }, // U+7AEF
    { 20, 21, 333, 0, 18, 53, 29073 }, // U+7B26
    { 20, 21, 333, 0, 18, 53, 29126 }, // U+7B2C
    { 20, 20, 333, 0, 18, 50, 29179 }, // U+7B7E
    { 19, 21, 333, 0, 18, 50, 29229 }, // U+7B80
    { 20, 21, 333, 0, 18, 53, 29279 }, // U+7B97
    { 20, 21, 333, 0, 18, 53, 29332 }, // U+7BA1
    { 20, 21, 333, 0, 18, 53, 29385 }, // U+7BAD
    { 20, 20, 333, 0, 18, 50, 29438 }, // U+7C4D
    { 21, 20, 333, 0, 18, 53, 29488 }, // U+7C97
    { 19, 21, 333, 1, 18, 50, 29541 }, // U+7CFB
    { 19, 21, 333, 1, 18, 50, 29591 }, // U+7D22
    { 19, 20, 333, 1, 17, 48, 29641 }, // U+7D27
    { 20, 20, 333, 1, 18, 50, 29689 }, // U+7EBF
    { 19, 20, 333, 0, 18, 48, 29739 }, // U+7EC6
    { 21, 20, 333, 0, 18, 53, 29787 }, // U+7EC8
    { 20, 20, 333, 0, 18, 50, 29840 }, // U+7ED3
    { 20, 21, 333, 0, 18, 53, 29890 }, // U+7EDC
    { 20, 21, 333, 0, 18, 53, 29943 }, // U+7EDF
    { 20, 19, 333, 0, 18, 48, 29996 }, // U+7EE7
    { 20, 21, 333, 0, 18, 53, 30044 }, // U+7EEA
    { 20, 20, 333, 0, 18, 50, 30097 }, // U+7EED
    { 20, 20, 333, 0, 18, 50, 30147 }, // U+7EF4
    { 21, 20, 333, 0, 18, 53, 30197 }, // U+7F13
    { 20, 20, 333, 0, 18, 50, 30250 }, // U+7F16
    { 20, 21, 333, 0, 18, 53, 30300 }, // U+7F1D
    { 20, 21, 333, 0, 18, 53, 30353 }, // U+7F29
    { 18, 19, 333, 2, 17, 43, 30406 }, // U+7F51
    { 19, 19, 333, 1, 17, 46, 30449 }, // U+7F6E
    { 20, 19, 333, 0, 17, 48, 30495 }, // U+7FFB
    { 20, 20, 333, 0, 18, 50, 30543 }, // U+8005
    { 20, 21, 333, 1, 18, 53, 30593 }, // U+80FD
    { 20, 21, 333, 0, 18, 53, 30646 }, // U+8111
    { 20, 20, 333, 0, 18, 50, 30699 }, // U+811A
    { 15, 20, 333, 3, 18, 38, 30749 }, // U+81EA
    { 19, 18, 333, 1, 17, 43, 30787 }, // U+81F3
    { 20, 20, 333, 0, 18, 50, 30830 }, // U+8272
    { 19, 20, 333, 1, 18, 48, 30880 }, // U+8282
    { 20, 21, 333, 0, 18, 53, 30928 }, // U+82E5
    { 21, 20, 333, 0, 18, 53, 30981 }, // U+82F1
    { 20, 21, 333, 1, 18, 53, 31034 }, // U+8303
    { 20, 21, 333, 0, 18, 53, 31087 }, // U+8350
    { 20, 21, 333, 0, 18, 53, 31140 }, // U+83B7
    { 20, 20, 333, 0, 18, 50, 31193 }, // U+83DC
    { 21, 20, 333, 0, 18, 53, 31243 }, // U+843D
    { 20, 19, 333, 0, 18, 48, 31296 }, // U+84DD
    { 21, 21, 333, 0, 18, 56, 31344 }, // U+85CF
    { 20, 21, 333, 0, 18, 53, 31400 }, // U+884C
    { 20, 20, 333, 0, 18, 50, 31453 }, // U+8868
    { 21, 20, 333, 0, 18, 53, 31503 }, // U+88AB
    { 21, 21, 333, 0, 18, 56, 31556 }, // U+88C1
    { 20, 20, 333, 0, 18, 50, 31612 }, // U+88C5
    { 21, 20, 333, 0, 17, 53, 31662 }, // U+892A
    { 19, 19, 333, 1, 17, 46, 31715 }, // U+8981
    { 20, 20, 333, 1, 17, 50, 31761 }, // U+89C1
    { 19, 21, 333, 1, 18, 50, 31811 }, // U+89C8
    { 21, 21, 333, 0, 18, 56, 31861 }, // U+89E3
    { 21, 21, 333, 0, 18, 56, 31917 }, // U+89E6
    { 19, 21, 333, 1, 18, 50, 31973 }, // U+8A00
    { 21, 20, 333, 0, 18, 53, 32023 }, // U+8BA1
    { 20, 20, 333, 0, 18, 50, 32076 }, // U+8BA4
    { 20, 20, 333, 1, 18, 50, 32126 }, // U+8BAE
    { 21, 19, 333, 0, 17, 50, 32176 }, // U+8BB0
    { 20, 20, 333, 1, 18, 50, 32226 }, // U+8BBE
    { 19, 18, 333, 1, 17, 43, 32276 }, // U+8BC1
    { 20, 20, 333, 0, 17, 50, 32319 }, // U+8BCD
    { 19, 21, 333, 1, 18, 50, 32369 }, // U+8BD5
    { 19, 21, 333, 1, 18, 50, 32419 }, // U+8BE2
    { 20, 20, 333, 0, 18, 50, 32469 }, // U+8BE6
    { 20, 21, 333, 1, 18, 53, 32519 }, // U+8BED
    { 20, 19, 333, 1, 17, 48, 32572 }, // U+8BEF
    { 20, 21, 333, 0, 18, 53, 32620 }, // U+8BF4
    { 21, 21, 333, 0, 18, 56, 32673 }, // U+8BF7
    { 21, 20, 333, 0, 18, 53, 32729 }, // U+8BFB
    { 19, 20, 333, 1, 17, 48, 32782 }, // U+8C03
    { 21, 20, 333, 0, 18, 53, 32830 }, // U+8D25
    { 21, 20, 333, 0, 18, 53, 32883 }, // U+8D26
    { 21, 20, 333, 0, 18, 53, 32936 }, // U+8D77
    { 21, 20, 333, 0, 18, 53, 32989 }, // U+8D85
    { 20, 20, 333, 0, 17, 50, 33042 }, // U+8DB3
    { 21, 20, 333, 0, 18, 53, 33092 }, // U+8DC3
    { 21, 20, 333, 0, 18, 53, 33145 }, // U+8DD1
    { 21, 18, 333, 0, 17, 48, 33198 }, // U+8DDD
    { 21, 19, 333, 0, 17, 50, 33246 }, // U+8DDF
    { 21, 20, 333, 0, 17, 53, 33296 }, // U+8DF3
    { 21, 21, 333, 0, 18, 56, 33349 }, // U+8F6C
    { 20, 20, 333, 0, 18, 50, 33405 }, // U+8F7B
    { 20, 21, 333, 1, 18, 53, 33455 }, // U+8F7D
    { 20, 21, 333, 0, 18, 53, 33508 }, // U+8F83
    { 21, 21, 333, 0, 18, 56, 33561 }, // U+8F93
    { 21, 21, 333, 0, 18, 56, 33617 }, // U+8FB9
    { 21, 20, 333, 0, 18, 53, 33673 }, // U+8FBE
    { 21, 20, 333, 0, 18, 53, 33726 }, // U+8FC7
    { 21, 20, 333, 0, 18, 53, 33779 }, // U+8FD1
    { 21, 20, 333, 0, 18, 53, 33832 }, // U+8FD4
    { 20, 21, 333, 0, 18, 53, 33885 }, // U+8FD8
    { 20, 20, 333, 0, 18, 50, 33938 }, // U+8FD9
    { 21, 19, 333, 0, 17, 50, 33988 }, // U+8FDB
    { 20, 20, 333, 0, 17, 50, 34038 }, // U+8FDC
    { 21, 21, 333, 0, 18, 56, 34088 }, // U+8FDE
    { 21, 19, 333, 0, 17, 50, 34144 }, // U+9000
    { 21, 21, 333, 0, 18, 56, 34194 }, // U+9001
    { 21, 20, 333, 0, 18, 53, 34250 }, // U+9002
    { 20, 21, 333, 1, 18, 53, 34303 }, // U+9006
    { 21, 21, 333, 0, 18, 56, 34356 }, // U+9009
    { 21, 21, 333, 0, 18, 56, 34412 }, // U+900F
    { 21, 20, 333, 0, 18, 53, 34468 }, // U+901A
    { 20, 21, 333, 0, 18, 53, 34521 }, // U+901F
    { 19, 20, 333, 1, 18, 48, 34574 }, // U+90E8
    { 21, 20, 333, 0, 18, 53, 34622 }, // U+90FD
    { 20, 19, 333, 1, 17, 48, 34675 }, // U+914D
    { 20, 19, 333, 1, 17, 48, 34723 }, // U+9192
    { 21, 20, 333, 0, 18, 53, 34771 }, // U+91CA
    { 20, 20, 333, 1, 18, 50, 34824 }, // U+91CD
    { 20, 19, 333, 0, 17, 48, 34874 }, // U+91CF
    { 21, 20, 333, 0, 18, 53, 34922 }, // U+9488
    { 20, 20, 333, 0, 18, 50, 34975 }, // U+949F
    { 21, 21, 333, 0, 18, 56, 35025 }, // U+94FE
    { 20, 20, 333, 0, 18, 50, 35081 }, // U+9519
    { 21, 21, 333, 0, 18, 56, 35131 }, // U+952E
    { 20, 21, 333, 0, 18, 53, 35187 }, // U+952F
    { 21, 21, 333, 0, 18, 56, 35240 }, // U+955C
    { 19, 20, 333, 1, 18, 48, 35296 }, // U+957F
    { 18, 20, 333, 2, 18, 45, 35344 }, // U+95ED
    { 17, 21, 333, 2, 18, 45, 35389 }, // U+95EE
    { 17, 21, 333, 2, 18, 45, 35434 }, // U+95F4
    { 17, 21, 333, 2, 18, 45, 35479 }, // U+9605
    { 18, 19, 333, 1, 17, 43, 35524 }, // U+9633
    { 19, 21, 333, 1, 18, 50, 35567 }, // U+9644
    { 20, 21, 333, 1, 18, 53, 35617 }, // U+9664
    { 19, 21, 333, 1, 18, 50, 35670 }, // U+968F
    { 19, 20, 333, 1, 18, 48, 35720 }, // U+9690
    { 19, 20, 333, 1, 17, 48, 35768 }, // U+9700
    { 19, 18, 333, 1, 16, 43, 35816 }, // U+9762
    { 19, 19, 333, 1, 17, 46, 35859 }, // U+9875
    { 20, 19, 333, 1, 17, 48, 35905 }, // U+9876
    { 21, 19, 333, 0, 17, 50, 35953 }, // U+9879
    { 20, 19, 333, 0, 17, 48, 36003 }, // U+987A
    { 21, 20, 333, 0, 17, 53, 36051 }, // U+9884
    { 20, 20, 333, 1, 18, 50, 36104 }, // U+9891
    { 20, 20, 333, 0, 17, 50, 36154 }, // U+9898
    { 21, 20, 333, 0, 18, 53, 36204 }, // U+9988
    { 19, 20, 333, 1, 18, 48, 36257 }, // U+9996
    { 21, 21, 333, 0, 18, 56, 36305 }, // U+9A8C
    { 18, 21, 333, 1, 18, 48, 36361 }, // U+9E1F
    { 20, 21, 333, 0, 18, 53, 36409 }, // U+9E70
    { 21, 20, 333, 0, 18, 53, 36462 }, // U+9ED8
    { 20, 20, 333, 0, 18, 50, 36515 }, // U+9F50
    { 19, 20, 333, 1, 18, 48, 36565 }, // U+9F7F
    { 10, 14, 200, 1, 14, 18, 36613 }, // U+FB01
    { 12, 14, 214, 1, 14, 21, 36631 }, // U+FB02
    { 4, 16, 333, 3, 16, 8, 36652 }, // U+FF01
    { 6, 20, 333, 14, 18, 15, 36660 }, // U+FF08
    { 6, 20, 333, 1, 18, 15, 36675 }, // U+FF09
    { 5, 8, 333, 2, 5, 5, 36690 }, // U+FF0C
    { 4, 15, 333, 3, 14, 8, 36695 }, // U+FF1A
    { 9, 16, 333, 0, 16, 18, 36703 }, // U+FF1F
};

static constexpr auto& geist_10_regularIntervals = builtin_font_metadata::data_c6abb21086cc9969;

static constexpr auto& geist_10_regularKernLeftCodepoints = builtin_font_metadata::data_6bbc9af5b25d7523;

static constexpr auto& geist_10_regularKernLeftClassIds = builtin_font_metadata::data_9a04a6a839def105;

static constexpr auto& geist_10_regularKernRightCodepoints = builtin_font_metadata::data_c90bd07dc940980b;

static constexpr auto& geist_10_regularKernRightClassIds = builtin_font_metadata::data_64bf3560042f0581;

static constexpr auto& geist_10_regularKernRowOffsets = builtin_font_metadata::data_bb71cbb33de952a5;

static constexpr auto& geist_10_regularKernSparseCols = builtin_font_metadata::data_63d5ae2bdd7dcf6c;

static const int8_t geist_10_regularKernSparseValues[] = {
     -17,  -10,    3,   -3,  -13,  -23,  -16,   -3,   -2,  -13,   -3,   -5,  -13,  -23,    3,   -7,
      -7,  -13,  -27,  -20,   -7,   -3,  -27,  -12,    3,   -3,  -13,   -7,    3,  -13,   -3,   -3,
     -17,  -10,   -8,  -27,  -35,   -7,   -7,  -13,  -13,  -27,   -3,   -7,   -7,  -10,  -10,   -7,
     -10,   -7,  -27,   -5,   -7,   -3,   -3,   -3,  -15,  -13,  -17,  -13,  -10,  -10,  -13,  -17,
     -13,  -20,  -11,  -17,   -7,  -13,  -17,    3,   -3,   -3,  -13,   -3,   -7,   -3,  -13,   -3,
      -7,   -7,   -7,   -3,   -5,   -2,   -7,   -3,   -7,   -7,   -7,  -10,   -3,   -3,   -7,  -13,
     -10,   -3,   -2,  -10,   -7,   -3,   -7,   -3,   -3,   -7,   -7,  -10,   -7,   -3,   -7,   -7,
      -3,  -17,   -7,   -7,   -3,  -13,    3,  -33,  -13,  -20,    3,   -3,  -20,    7,   -3,   -7,
      -3,   10,   10,   -3,   -7,   -7,   -7,   -7,  -20,   -3,  -10,   -7,  -10,  -10,   -7,  -13,
      -7,  -10,   -3,  -17,  -23,  -10,  -30,   -7,  -17,   -7,  -10,   -7,  -11,   -5,   -7,   -5,
     -35,  -23,   -3,   -6,  -13,   -7,   -7,  -20,   -7,  -20,  -10,   -3,  -20,   -6,   -6,  -13,
      -7,  -10,   -3,   -3,   -9,   -3,  -10,  -13,   -3,   -1,   -7,   -3,   -3,   -3,   -7,   -4,
     -10,  -13,   -7,   -8,   -5,    1,    1,   -3,    1,   -7,   -7,   -7,   -1,   -3,   -7,   -3,
      -3,   -3,   -3,   -3,  -10,   -3,   -3,   -7,   -3,   -7,  -10,   -3,  -13,   -3,   -7,    4,
       4,   -4,   -3,    4,  -10,  -10,  -13,   -3,    3,    5,   -3,   -7,   -8,   -5,   -7,   -3,
      -8,   -3,   -7,   -3,   -3,   -7,    5,   -7,   -3,   -7,  -10,   -3,  -13,   -7,  -10,  -13,
     -27,  -27,  -10,   -7,   -7,   -7,  -20,  -10,   -7,   -7,   -7,   -7,   -7,  -10,  -13,  -10,
      -7,  -10,  -13,  -10,  -13,  -17,  -10,  -13,   -7,  -10,   -3,   -7,    4,    3,   -3,   -3,
      -1,   -3,    2,   -3,   -3,  -13,   -3,   -7,   -5,   -7,   -7,   -7,    5,   -7,   -3,   -7,
      -1,   -3,   -3,  -16,   -3,   -3,    2,  -13,   -7,   -3,  -17,   -3,  -13,   -5,    5,    5,
     -10,    5,   -7,   -7,   -2,   -7,   -2,   -7,   -7,  -10,   -7,   -7,   -3,   -1,   -7,   -7,
      -3,  -13,   -3,  -10,   -7,   -3,   -7,   -3,   -3,   -3,  -15,  -17,   -3,   -7,  -17,  -10,
     -10,  -10,  -17,   -7,  -33,  -40,   -3,   -7,  -47,   -7,  -27,  -17,  -17,  -17,  -20,  -10,
     -17,  -17,  -53,  -53,   -7,  -13,  -20,   -7,  -13,  -27,  -13,  -27,  -17,   -7,  -27,   -3,
     -37,  -10,  -23,   -7,   -7,   -7,   -3,   -7,  -27,   -7,  -13,  -13,  -13,   -7,   -7,   -9,
      -3,  -10,   -7,  -13,  -10,   -3,   -7,   -3,   -7,   -5,   -5,  -17,   -7,   -1,   -4,  -10,
      -2,  -10,   -3,   -7,   -7,  -10,    3,  -10,    3,  -33,  -13,  -30,  -10,    3,  -20,   -7,
     -10,  -13,  -10,  -40,  -13,  -10,   -3,   -1,    3,    7,  -23,  -27,  -13,  -13,   -7,  -17,
     -13,  -23,  -17,  -20,  -17,  -20,  -20,  -13,  -30,  -40,  -40,    2,    2,  -20,   -7,  -23,
       3,   -7,  -13,   -7,  -40,   -7,   -7,    7,   -3,  -20,  -23,  -17,  -13,   -7,  -20,  -20,
     -20,  -13,  -20,  -23,   -7,  -20,   -7,   -7,   -7,   -1,   -7,   -1,  -10,   -1,   -3,   -3,
      -3,   -3,  -11,  -13,   -5,   -2,   -3,  -10,   -7,  -10,  -13,   -7,  -10,    7,   10,   -7,
       7,   -7,   -3,   -3,   -3,   -2,   -5,    1,   -3,   -1,  -17,   -3,   -8,   -9,   -3,  -17,
      -3,   -7,   -3,  -23,  -13,   -3,   -3,   -3,  -17,   -7,  -17,    1,   -3,  -10,   -3,   -2,
      -3,  -10,   -3,   -8,  -17,   -8,  -10,  -12,  -12,    3,  -20,  -10,  -13,  -10,  -13,  -13,
     -13,    3,  -10,  -15,  -19,  -13,   -7,  -10,  -13,  -13,  -13,   -3,  -13,    3,  -20,   -7,
      -5,   -5,   -5,   -7,   -7,   -3,   -8,    1,   -9,   -7,   -5,   -3,   -9,   -7,   -7,   -7,
     -13,   -7,   -2,   -2,   -2,   -7,   -3,  -13,   -3,   -4,  -11,  -10,   -5,   -7,  -13,   -5,
     -11,  -17,   -7,  -13,   -7,   -7,   -7,  -23,   -7,  -13,  -10,  -17,   -3,  -17,  -17,  -15,
     -17,  -20,   -9,  -12,  -14,  -18,   -7,  -23,  -13,  -10,  -18,  -20,  -13,  -10,  -13,  -17,
     -10,  -10,  -10,  -13,  -13,  -20,  -13,  -10,  -13,  -17,   -7,   -8,  -23,  -10,  -13,  -17,
     -67,  -33,    8,  -10,    3,   -5,   -5,   -5,   -3,   10,   -3,   -5,  -11,   -3,    2,  -13,
      -2,   -3,  -10,    1,  -13,  -20,   -3,  -17,  -13,   -7,   -3,   -5,   -3,  -13,   -3,   -7,
      -9,   -3,   -5,   -3,   -8,   -8,   -7,  -16,   -7,   -8,  -47,  -20,   -7,   -3,   -3,   -3,
      -3,  -10,   -3,   -5,  -10,   -7,   -7,   -8,   -7,  -10,   -7,   -9,  -17,   -5,  -10,    3,
     -13,   -3,   -5,   -5,   -7,  -20,  -13,  -20,   -3,  -17,  -13,  -20,  -27,   -7,  -17,   -7,
      -7,  -33,  -10,   -7,  -17,   -3,  -10,  -17,  -13,   -3,  -17,    7,    1,    1,    1,   -3,
      -7,   -4,   -3,   -1,   -3,   -2,   -4,   -3,   10,  -10,  -13,  -10,   17,   -5,    9,    5,
       5,  -10,    5,    1,    3,    4,   11,    3,   17,   -3,   -7,   -1,   -1,   -3,   -5,   -3,
     -10,   -5,   13,   -5,  -40,    3,  -13,   -3,
};

static constexpr auto& geist_10_regularLigaturePairs = builtin_font_metadata::data_caa06bde219df8d5;

static const EpdFontData geist_10_regular = {
    geist_10_regularBitmaps,
    geist_10_regularGlyphs,
    geist_10_regularIntervals,
    525,
    27,
    21,
    -7,
    false,
    nullptr,
    0,
    nullptr,
    nullptr,  // kernLeftClasses: built-in fonts use the split arrays below
    nullptr,  // kernRightClasses
    geist_10_regularKernLeftCodepoints,
    geist_10_regularKernLeftClassIds,
    geist_10_regularKernRightCodepoints,
    geist_10_regularKernRightClassIds,
    nullptr,  // kernMatrix: built-in fonts use the sparse form below
    geist_10_regularKernRowOffsets,
    geist_10_regularKernSparseCols,
    geist_10_regularKernSparseValues,
    510,
    520,
    58,
    58,
    geist_10_regularLigaturePairs,
    2,
};
