/**
 * generated by fontconvert.py
 * name: ubuntu_12_bold
 * size: 12
 * mode: 1-bit
 * Command used: fontconvert.py ubuntu_12_bold 12 ../builtinFonts/source/Ubuntu/Ubuntu-Bold.ttf ../builtinFonts/source/NotoSansHebrew/NotoSansHebrew-Bold.ttf ../builtinFonts/source/NotoSansArabic/NotoSansArabic-Bold.ttf ../builtinFonts/source/Ubuntu/Ubuntu-Vietnamese-Bold.ttf --additional-intervals 0x05D0,0x05EA --additional-intervals 0x060C,0x060C --additional-intervals 0x061B,0x061B --additional-intervals 0x061F,0x061F --additional-intervals 0x0621,0x0621 --additional-intervals 0x0640,0x0640 --additional-intervals 0x0654,0x0654 --additional-intervals 0x0660,0x0669 --additional-intervals 0x06BA,0x06BA --additional-intervals 0x06D4,0x06D4 --additional-intervals 0x06D5,0x06D5 --additional-intervals 0x06F0,0x06F9 --additional-intervals 0xFB56,0xFB59 --additional-intervals 0xFB66,0xFB69 --additional-intervals 0xFB7A,0xFB7D --additional-intervals 0xFB88,0xFB95 --additional-intervals 0xFB9E,0xFB9F --additional-intervals 0xFBA6,0xFBB1 --additional-intervals 0xFBFC,0xFBFF --additional-intervals 0xFE80,0xFEFC
 */
#pragma once
#include "builtin_font_metadata.h"
#include "EpdFontData.h"

static const uint8_t ubuntu_12_boldBitmaps[36589] = {
    0xFF, 0xFF, 0xFF, 0xFF, 0xFF, 0xFB, 0xDC, 0x07, 0x7F, 0xFF, 0x70, 0xF7, 0xFD, 0xFF, 0x7F, 0xDF,
    0xF3, 0xFC, 0xEF, 0x38, 0x0F, 0x3C, 0x0F, 0x3C, 0x0F, 0x3C, 0x0F, 0x3C, 0xFF, 0xFE, 0xFF, 0xFE,
    0xFF, 0xFE, 0x1E, 0x78, 0x1E, 0x78, 0x3C, 0x78, 0xFF, 0xFE, 0xFF, 0xFE, 0xFF, 0xFE, 0x3C, 0xF0,
    0x78, 0xF0, 0x79, 0xE0, 0x79, 0xE0, 0x07, 0x80, 0x1E, 0x00, 0x78, 0x07, 0xFC, 0x3F, 0xF8, 0xFF,
    0xC7, 0xE7, 0x1F, 0x00, 0x7C, 0x01, 0xFE, 0x03, 0xFE, 0x0F, 0xFC, 0x0F, 0xF8, 0x07, 0xE0, 0x07,
    0x80, 0x1E, 0x78, 0xF9, 0xFF, 0xE7, 0xFF, 0x0F, 0xF8, 0x07, 0x80, 0x1E, 0x00, 0x78, 0x00, 0x3F,
    0x03, 0xC0, 0xFF, 0x0F, 0x81, 0xEF, 0x1E, 0x03, 0x9E, 0x78, 0x07, 0x1C, 0xF0, 0x0E, 0x7B, 0xC0,
    0x1E, 0xFF, 0x80, 0x3F, 0xDE, 0x00, 0x3F, 0x7D, 0xF8, 0x00, 0xF7, 0xF8, 0x03, 0xDE, 0xF0, 0x07,
    0xBC, 0xE0, 0x1E, 0x71, 0xC0, 0x7C, 0xF3, 0x80, 0xF1, 0xEF, 0x03, 0xE1, 0xFE, 0x07, 0x81, 0xF8,
    0x0F, 0xE0, 0x07, 0xFC, 0x01, 0xFF, 0x80, 0xFB, 0xE0, 0x3C, 0x78, 0x07, 0xBC, 0x01, 0xFF, 0x00,
    0x7F, 0x80, 0x3F, 0xCF, 0x1F, 0xFB, 0xC7, 0x9F, 0xF1, 0xE3, 0xFC, 0x78, 0x7E, 0x1F, 0x1F, 0x87,
    0xFF, 0xF0, 0xFF, 0xFE, 0x1F, 0xE7, 0x80, 0xFF, 0xFF, 0xFF, 0xF0, 0x0E, 0x0F, 0x1F, 0x1E, 0x3E,
    0x3C, 0x7C, 0x7C, 0x78, 0x78, 0xF8, 0xF8, 0xF8, 0xF8, 0xF8, 0x78, 0x78, 0x7C, 0x7C, 0x3C, 0x3E,
    0x1E, 0x1F, 0x0F, 0x0E, 0x60, 0xF0, 0xF8, 0x78, 0x7C, 0x3C, 0x3E, 0x3E, 0x1E, 0x1E, 0x1E, 0x1E,
    0x1F, 0x1E, 0x1E, 0x1E, 0x1E, 0x3E, 0x3E, 0x3C, 0x7C, 0x78, 0xF8, 0xF0, 0x60, 0x1E, 0x03, 0xC3,
    0xBB, 0x7F, 0xEF, 0xFF, 0xFF, 0x8F, 0xE3, 0xFE, 0x7B, 0xC6, 0x60, 0x0F, 0x00, 0xF0, 0x0F, 0x00,
    0xF0, 0xFF, 0xFF, 0xFF, 0xFF, 0xF0, 0xF0, 0x0F, 0x00, 0xF0, 0x0F, 0x00, 0x7D, 0xF7, 0xDE, 0x79,
    0xEF, 0x3C, 0xFF, 0xFF, 0xFF, 0x79, 0xFF, 0xDF, 0x78, 0x00, 0xF8, 0x07, 0x80, 0x3C, 0x03, 0xE0,
    0x1E, 0x00, 0xF0, 0x0F, 0x80, 0x78, 0x03, 0xC0, 0x3E, 0x01, 0xE0, 0x0F, 0x00, 0xF8, 0x07, 0x80,
    0x3C, 0x03, 0xE0, 0x1E, 0x00, 0xF0, 0x0F, 0x80, 0x78, 0x03, 0xC0, 0x3E, 0x01, 0xE0, 0x0F, 0x00,
    0xF8, 0x00, 0x0F, 0xC0, 0x7F, 0x83, 0xFF, 0x1F, 0xBE, 0x7C, 0x79, 0xE1, 0xE7, 0x87, 0xDE, 0x1F,
    0xF8, 0x7D, 0xE1, 0xF7, 0x87, 0xDE, 0x1E, 0x7C, 0x79, 0xFB, 0xE3, 0xFF, 0x07, 0xFC, 0x0F, 0xC0,
    0x07, 0x87, 0xE7, 0xF9, 0xFE, 0x7F, 0x9D, 0xE0, 0x78, 0x1E, 0x07, 0x81, 0xE0, 0x78, 0x1E, 0x07,
    0x81, 0xE0, 0x78, 0x1E, 0x07, 0x80, 0x1F, 0xC3, 0xFF, 0x9F, 0xFC, 0xFB, 0xF3, 0x0F, 0x80, 0x7C,
    0x03, 0xC0, 0x3E, 0x03, 0xE0, 0x7E, 0x07, 0xE0, 0x3E, 0x03, 0xE0, 0x3E, 0x01, 0xFF, 0xEF, 0xFF,
    0x7F, 0xF8, 0x3F, 0xC3, 0xFF, 0x1F, 0xFC, 0x73, 0xE0, 0x0F, 0x00, 0xF8, 0x7F, 0xC3, 0xFC, 0x1F,
    0xF0, 0x1F, 0x80, 0x3E, 0x01, 0xF0, 0x0F, 0xB8, 0xFD, 0xFF, 0xDF, 0xFC, 0x7F, 0xC0, 0x01, 0xF0,
    0x0F, 0xC0, 0x7F, 0x01, 0xFC, 0x0F, 0xF0, 0x7F, 0xC3, 0xEF, 0x0F, 0x3C, 0x78, 0xF1, 0xE3, 0xCF,
    0xFF, 0xFF, 0xFF, 0xFF, 0xFC, 0x03, 0xC0, 0x0F, 0x00, 0x3C, 0x00, 0xF0, 0x3F, 0xF1, 0xFF, 0x8F,
    0xFC, 0x78, 0x03, 0xC0, 0x1E, 0x00, 0xFF, 0x07, 0xFC, 0x3F, 0xF0, 0x3F, 0xC0, 0x3E, 0x00, 0xF0,
    0x0F, 0xB8, 0xFD, 0xFF, 0xCF, 0xFC, 0x7F, 0xC0, 0x01, 0xF0, 0x1F, 0xC0, 0xFF, 0x87, 0xF8, 0x3E,
    0x01, 0xF0, 0x07, 0xFE, 0x1F, 0xFC, 0x7F, 0xF9, 0xF3, 0xE7, 0x87, 0xDE, 0x1F, 0x78, 0x7D, 0xFB,
    0xE3, 0xFF, 0x8F, 0xFC, 0x0F, 0xE0, 0xFF, 0xFF, 0xFF, 0xFF, 0xFE, 0x03, 0xE0, 0x3E, 0x01, 0xF0,
    0x1F, 0x00, 0xF0, 0x0F, 0x80, 0x7C, 0x03, 0xC0, 0x3E, 0x01, 0xF0, 0x0F, 0x00, 0x78, 0x07, 0xC0,
    0x3E, 0x00, 0x0F, 0xE0, 0xFF, 0xC3, 0xFF, 0x9F, 0x3E, 0x78, 0x79, 0xF1, 0xE7, 0xCF, 0x8F, 0xFC,
    0x1F, 0xE0, 0xFF, 0xC7, 0xFF, 0x9E, 0x1F, 0x78, 0x7D, 0xF3, 0xE7, 0xFF, 0x8F, 0xFC, 0x1F, 0xE0,
    0x1F, 0xC0, 0xFF, 0xC7, 0xFF, 0x1F, 0x7E, 0xF8, 0x7B, 0xE1, 0xEF, 0x87, 0x9F, 0x3E, 0x7F, 0xF8,
    0xFF, 0xE1, 0xFF, 0x80, 0x3E, 0x01, 0xF0, 0x3F, 0xC3, 0xFE, 0x0F, 0xF0, 0x3F, 0x00, 0x79, 0xFF,
    0xDF, 0x78, 0x00, 0x00, 0x01, 0xE7, 0xFF, 0x7D, 0xE0, 0x79, 0xFF, 0xDF, 0x78, 0x00, 0x00, 0x00,
    0x07, 0xDF, 0x7D, 0xE7, 0x9E, 0xF3, 0xC0, 0x00, 0xF0, 0x7F, 0x3F, 0xFF, 0xFF, 0xFF, 0xEF, 0xF0,
    0xF8, 0x0F, 0xF0, 0xFF, 0xEF, 0xFF, 0x3F, 0xF0, 0x7F, 0x00, 0xF0, 0xFF, 0xFF, 0xFF, 0xFF, 0xF0,
    0x00, 0x00, 0x0F, 0xFF, 0xFF, 0xFF, 0xFF, 0x70, 0x0F, 0xE0, 0xFF, 0xCF, 0xFF, 0x7F, 0xF0, 0xFF,
    0x01, 0xF0, 0xFF, 0x7F, 0xFF, 0xFF, 0xFF, 0xCF, 0xE0, 0x70, 0x00, 0x7F, 0x9F, 0xF9, 0xFF, 0xB9,
    0xF0, 0x3E, 0x07, 0xC0, 0xF8, 0x3E, 0x0F, 0x83, 0xF0, 0x7C, 0x0F, 0x01, 0xE0, 0x00, 0x07, 0x80,
    0xF8, 0x3F, 0x03, 0xE0, 0x78, 0x00, 0x01, 0xFF, 0x00, 0x0F, 0xFF, 0x80, 0x3F, 0xFF, 0xC0, 0xFE,
    0x3F, 0x83, 0xE0, 0x0F, 0x8F, 0x80, 0x0F, 0x9E, 0x3F, 0xCF, 0x78, 0xFF, 0xCE, 0xF3, 0xFF, 0x9D,
    0xEF, 0xDF, 0x3B, 0xDE, 0x1E, 0x77, 0xBC, 0x3C, 0xEF, 0x78, 0x7B, 0xDE, 0xFD, 0xF7, 0xBC, 0xFF,
    0xFE, 0x3D, 0xFF, 0xFC, 0x7C, 0xFF, 0xF0, 0x7C, 0x00, 0x00, 0xFF, 0x0C, 0x00, 0xFF, 0xFC, 0x00,
    0x7F, 0xF8, 0x00, 0x3F, 0xF0, 0x00, 0x01, 0xE0, 0x00, 0xFC, 0x00, 0x3F, 0x00, 0x1F, 0xE0, 0x07,
    0xF8, 0x03, 0xFF, 0x00, 0xF3, 0xC0, 0x7C, 0xF8, 0x1E, 0x3E, 0x07, 0x87, 0x83, 0xFF, 0xF0, 0xFF,
    0xFC, 0x3F, 0xFF, 0x9F, 0x03, 0xE7, 0xC0, 0xFB, 0xE0, 0x1F, 0xF8, 0x07, 0xC0, 0xFF, 0xC3, 0xFF,
    0xCF, 0xFF, 0xBC, 0x7E, 0xF0, 0x7B, 0xC1, 0xEF, 0x1F, 0xBF, 0xFC, 0xFF, 0xF3, 0xFF, 0xEF, 0x0F,
    0xFC, 0x1F, 0xF0, 0x7F, 0xC7, 0xFF, 0xFF, 0xBF, 0xFE, 0xFF, 0xE0, 0x07, 0xFC, 0x3F, 0xFC, 0xFF,
    0xF3, 0xF8, 0xE7, 0xC0, 0x1F, 0x00, 0x3E, 0x00, 0x7C, 0x00, 0xF8, 0x01, 0xF0, 0x03, 0xE0, 0x07,
    0xC0, 0x07, 0xC0, 0x0F, 0xE3, 0x8F, 0xFF, 0x8F, 0xFF, 0x0F, 0xFC, 0xFF, 0xC0, 0xFF, 0xF0, 0xFF,
    0xF8, 0xF1, 0xFC, 0xF0, 0x7E, 0xF0, 0x3E, 0xF0, 0x1E, 0xF0, 0x1E, 0xF0, 0x1F, 0xF0, 0x1E, 0xF0,
    0x3E, 0xF0, 0x3E, 0xF0, 0x7E, 0xF1, 0xFC, 0xFF, 0xF8, 0xFF, 0xF0, 0xFF, 0xC0, 0xFF, 0xF7, 0xFF,
    0xBF, 0xFD, 0xE0, 0x0F, 0x00, 0x78, 0x03, 0xC0, 0x1F, 0xFC, 0xFF, 0xE7, 0xFF, 0x3C, 0x01, 0xE0,
    0x0F, 0x00, 0x78, 0x03, 0xFF, 0xFF, 0xFF, 0xFF, 0xF8, 0xFF, 0xFF, 0xFF, 0xFF, 0xFF, 0x00, 0xF0,
    0x0F, 0x00, 0xF0, 0x0F, 0xFE, 0xFF, 0xEF, 0xFE, 0xF0, 0x0F, 0x00, 0xF0, 0x0F, 0x00, 0xF0, 0x0F,
    0x00, 0xF0, 0x00, 0x07, 0xFC, 0x3F, 0xFC, 0xFF, 0xFB, 0xF8, 0xE7, 0xC0, 0x1F, 0x00, 0x3E, 0x00,
    0x7C, 0x00, 0xF8, 0x1F, 0xF0, 0x3F, 0xE0, 0x7F, 0xC0, 0xF7, 0xC1, 0xEF, 0xE3, 0xCF, 0xFF, 0x8F,
    0xFF, 0x07, 0xFE, 0xF0, 0x3F, 0xE0, 0x7F, 0xC0, 0xFF, 0x81, 0xFF, 0x03, 0xFE, 0x07, 0xFC, 0x0F,
    0xFF, 0xFF, 0xFF, 0xFF, 0xFF, 0xFF, 0xC0, 0xFF, 0x81, 0xFF, 0x03, 0xFE, 0x07, 0xFC, 0x0F, 0xF8,
    0x1F, 0xF0, 0x3E, 0xFF, 0xFF, 0xFF, 0xFF, 0xFF, 0xFF, 0xFF, 0xFF, 0xF0, 0x01, 0xF0, 0x1F, 0x01,
    0xF0, 0x1F, 0x01, 0xF0, 0x1F, 0x01, 0xF0, 0x1F, 0x01, 0xF0, 0x1F, 0x01, 0xF0, 0x1F, 0x01, 0xF7,
    0x3E, 0xFF, 0xEF, 0xFC, 0x7F, 0x80, 0xF0, 0x7D, 0xE1, 0xF3, 0xC7, 0xE7, 0x9F, 0x8F, 0x7E, 0x1F,
    0xF8, 0x3F, 0xE0, 0x7F, 0x80, 0xFF, 0x01, 0xFF, 0x03, 0xFF, 0x07, 0xBF, 0x0F, 0x3F, 0x1E, 0x3F,
    0x3C, 0x3E, 0x78, 0x3E, 0xF0, 0x7E, 0xF0, 0x0F, 0x00, 0xF0, 0x0F, 0x00, 0xF0, 0x0F, 0x00, 0xF0,
    0x0F, 0x00, 0xF0, 0x0F, 0x00, 0xF0, 0x0F, 0x00, 0xF0, 0x0F, 0x00, 0xFF, 0xFF, 0xFF, 0xFF, 0xF0,
    0x7C, 0x03, 0xE7, 0xE0, 0x3E, 0x7E, 0x07, 0xE7, 0xF0, 0x7E, 0x7F, 0x0F, 0xE7, 0xF8, 0xFF, 0x7F,
    0x9F, 0xF7, 0xFD, 0xFF, 0x7B, 0xDF, 0xF7, 0xBF, 0xDF, 0x79, 0xFD, 0xFF, 0x9F, 0x8F, 0xF9, 0xF8,
    0xFF, 0x8F, 0x8F, 0xF8, 0xF0, 0xFF, 0x80, 0x0F, 0xF8, 0x00, 0xF0, 0xF0, 0x1F, 0xF0, 0x3F, 0xF0,
    0x7F, 0xF0, 0xFF, 0xF1, 0xFF, 0xE3, 0xFF, 0xE7, 0xFB, 0xEF, 0xF7, 0xDF, 0xE7, 0xFF, 0xC7, 0xFF,
    0x87, 0xFF, 0x0F, 0xFE, 0x0F, 0xFC, 0x0F, 0xF8, 0x1F, 0xF0, 0x1E, 0x07, 0xF8, 0x07, 0xFF, 0x83,
    0xFF, 0xF1, 0xFC, 0xFC, 0x7C, 0x0F, 0xBE, 0x03, 0xEF, 0x80, 0x7F, 0xE0, 0x1F, 0xF8, 0x07, 0xFE,
    0x01, 0xFF, 0x80, 0x7F, 0xE0, 0x3E, 0x7C, 0x0F, 0x9F, 0xCF, 0xE3, 0xFF, 0xF0, 0x7F, 0xF8, 0x07,
    0xF8, 0x00, 0xFF, 0xC3, 0xFF, 0xCF, 0xFF, 0xBC, 0x7E, 0xF0, 0x7B, 0xC1, 0xFF, 0x07, 0xBC, 0x7E,
    0xFF, 0xFB, 0xFF, 0xCF, 0xFC, 0x3C, 0x00, 0xF0, 0x03, 0xC0, 0x0F, 0x00, 0x3C, 0x00, 0xF0, 0x00,
    0x07, 0xF8, 0x07, 0xFF, 0x83, 0xFF, 0xF1, 0xFC, 0xFC, 0x7C, 0x0F, 0xBE, 0x03, 0xEF, 0x80, 0x7F,
    0xE0, 0x1F, 0xF8, 0x07, 0xFE, 0x01, 0xFF, 0x80, 0x7F, 0xE0, 0x3E, 0x7C, 0x0F, 0x9F, 0xCF, 0xE3,
    0xFF, 0xF0, 0x7F, 0xF8, 0x0F, 0xF8, 0x00, 0x7C, 0x00, 0x0F, 0xE0, 0x03, 0xFE, 0x00, 0x7F, 0x00,
    0x07, 0xC0, 0xFF, 0xC1, 0xFF, 0xE3, 0xFF, 0xE7, 0x8F, 0xCF, 0x0F, 0x9E, 0x0F, 0x3C, 0x3E, 0x78,
    0xFC, 0xFF, 0xF9, 0xFF, 0xE3, 0xFF, 0x87, 0x9F, 0x0F, 0x1F, 0x1E, 0x3F, 0x3C, 0x3E, 0x78, 0x7E,
    0xF0, 0x7C, 0x0F, 0xF0, 0xFF, 0xE7, 0xFF, 0x9F, 0x9C, 0x7C, 0x01, 0xF0, 0x07, 0xF8, 0x0F, 0xF8,
    0x1F, 0xF0, 0x3F, 0xE0, 0x1F, 0xC0, 0x1F, 0x00, 0x7D, 0xE3, 0xF7, 0xFF, 0x9F, 0xFE, 0x3F, 0xE0,
    0xFF, 0xFF, 0xFF, 0xFF, 0xFF, 0xF8, 0x3E, 0x00, 0x7C, 0x00, 0xF8, 0x01, 0xF0, 0x03, 0xE0, 0x07,
    0xC0, 0x0F, 0x80, 0x1F, 0x00, 0x3E, 0x00, 0x7C, 0x00, 0xF8, 0x01, 0xF0, 0x03, 0xE0, 0x07, 0xC0,
    0xF8, 0x1F, 0xF0, 0x3F, 0xE0, 0x7F, 0xC0, 0xFF, 0x81, 0xFF, 0x03, 0xFE, 0x07, 0xFC, 0x0F, 0xF8,
    0x1F, 0xF0, 0x3F, 0xE0, 0x7F, 0xC0, 0xF7, 0xC3, 0xEF, 0xCF, 0xDF, 0xFF, 0x1F, 0xFC, 0x0F, 0xF0,
    0xF8, 0x07, 0xFF, 0x01, 0xF7, 0xC0, 0xF9, 0xF0, 0x3E, 0x3E, 0x0F, 0x0F, 0x87, 0xC3, 0xE1, 0xF0,
    0x7C, 0x78, 0x1F, 0x3E, 0x03, 0xCF, 0x00, 0xFF, 0xC0, 0x3F, 0xF0, 0x07, 0xF8, 0x01, 0xFE, 0x00,
    0x3F, 0x00, 0x0F, 0xC0, 0x01, 0xF0, 0x00, 0xF8, 0x00, 0x1E, 0xF8, 0x00, 0x1E, 0x7C, 0x3C, 0x3E,
    0x7C, 0x7C, 0x3E, 0x7C, 0x7E, 0x3E, 0x7C, 0x7E, 0x3C, 0x3C, 0x7E, 0x3C, 0x3E, 0xFF, 0x7C, 0x3E,
    0xFF, 0x7C, 0x3E, 0xEF, 0x78, 0x1F, 0xE7, 0xF8, 0x1F, 0xE7, 0xF8, 0x1F, 0xC7, 0xF0, 0x1F, 0xC3,
    0xF0, 0x0F, 0xC3, 0xF0, 0x0F, 0x83, 0xF0, 0x0F, 0x81, 0xE0, 0xFC, 0x1F, 0x3F, 0x1F, 0x8F, 0x8F,
    0x87, 0xEF, 0x81, 0xFF, 0xC0, 0x7F, 0xC0, 0x3F, 0xC0, 0x0F, 0xE0, 0x03, 0xE0, 0x03, 0xF8, 0x03,
    0xFE, 0x03, 0xFF, 0x81, 0xF7, 0xC1, 0xF3, 0xF1, 0xF8, 0xFC, 0xF8, 0x3E, 0xF8, 0x1F, 0x80, 0xF8,
    0x1F, 0xBE, 0x0F, 0x9F, 0x0F, 0x87, 0xC7, 0xC3, 0xE7, 0xC0, 0xFB, 0xE0, 0x7F, 0xE0, 0x1F, 0xF0,
    0x07, 0xF0, 0x03, 0xF0, 0x00, 0xF8, 0x00, 0x7C, 0x00, 0x3E, 0x00, 0x1F, 0x00, 0x0F, 0x80, 0x07,
    0xC0, 0x03, 0xE0, 0x00, 0x7F, 0xFE, 0xFF, 0xFD, 0xFF, 0xF0, 0x07, 0xE0, 0x1F, 0x80, 0x3E, 0x00,
    0xF8, 0x03, 0xF0, 0x07, 0xC0, 0x1F, 0x00, 0x7C, 0x00, 0xF8, 0x03, 0xE0, 0x0F, 0x80, 0x1F, 0xFF,
    0xFF, 0xFF, 0xFF, 0xFE, 0xFE, 0xFE, 0xFE, 0xF0, 0xF0, 0xF0, 0xF0, 0xF0, 0xF0, 0xF0, 0xF0, 0xF0,
    0xF0, 0xF0, 0xF0, 0xF0, 0xF0, 0xF0, 0xF0, 0xF0, 0xF0, 0xF0, 0xFE, 0xFE, 0xFE, 0xF8, 0x07, 0xC0,
    0x1E, 0x00, 0xF8, 0x07, 0xC0, 0x1E, 0x00, 0xF8, 0x07, 0xC0, 0x1E, 0x00, 0xF8, 0x03, 0xC0, 0x1E,
    0x00, 0xF8, 0x03, 0xC0, 0x1E, 0x00, 0xF8, 0x03, 0xC0, 0x1E, 0x00, 0xF8, 0x03, 0xC0, 0x1E, 0x00,
    0xF8, 0x03, 0xC0, 0x1E, 0x00, 0xF8, 0xFE, 0xFE, 0xFE, 0x1E, 0x1E, 0x1E, 0x1E, 0x1E, 0x1E, 0x1E,
    0x1E, 0x1E, 0x1E, 0x1E, 0x1E, 0x1E, 0x1E, 0x1E, 0x1E, 0x1E, 0x1E, 0x1E, 0xFE, 0xFE, 0xFE, 0x07,
    0x80, 0x3F, 0x00, 0xFE, 0x07, 0xF8, 0x3F, 0xF0, 0xFB, 0xC7, 0xCF, 0x9E, 0x1F, 0xF8, 0x7C, 0xC0,
    0xC0, 0xFF, 0xFF, 0xFF, 0xFF, 0xFE, 0x30, 0xF1, 0xE1, 0xE1, 0xC1, 0x80, 0x3F, 0xC1, 0xFF, 0x8F,
    0xFC, 0x63, 0xE0, 0x0F, 0x8F, 0xFD, 0xFF, 0xEF, 0xFF, 0x7C, 0xFB, 0xE7, 0xDF, 0xFE, 0xFF, 0xF3,
    0xFF, 0x00, 0x78, 0x07, 0xC0, 0x3E, 0x01, 0xF0, 0x0F, 0x80, 0x7C, 0x03, 0xFF, 0x1F, 0xFE, 0xFF,
    0xF7, 0xEF, 0xFE, 0x3F, 0xF0, 0xFF, 0x87, 0xFC, 0x3F, 0xE3, 0xFF, 0x3F, 0xFF, 0xF7, 0xFF, 0x1F,
    0xF0, 0x1F, 0xE7, 0xFD, 0xFF, 0x7E, 0x6F, 0x81, 0xE0, 0x3C, 0x07, 0x80, 0xF8, 0x1F, 0x8D, 0xFF,
    0x9F, 0xF1, 0xFE, 0x00, 0xF8, 0x07, 0xC0, 0x3E, 0x01, 0xF0, 0x0F, 0x80, 0x7C, 0x7F, 0xEF, 0xFF,
    0x7F, 0xFF, 0xEF, 0xFE, 0x3F, 0xE1, 0xFF, 0x0F, 0xF8, 0x7F, 0xE3, 0xFF, 0x9F, 0x7F, 0xF9, 0xFF,
    0xC7, 0xFC, 0x1F, 0xC1, 0xFF, 0x1F, 0xFD, 0xFB, 0xEF, 0x8F, 0xFF, 0xFF, 0xFF, 0xFF, 0xFF, 0xF8,
    0x07, 0xE3, 0x9F, 0xFC, 0x7F, 0xE1, 0xFF, 0x00, 0x1F, 0xCF, 0xF7, 0xFD, 0xF2, 0xF8, 0x3E, 0x0F,
    0xFB, 0xFE, 0xFF, 0xBE, 0x0F, 0x83, 0xE0, 0xF8, 0x3E, 0x0F, 0x83, 0xE0, 0xF8, 0x3E, 0x0F, 0x80,
    0x1F, 0xF1, 0xFF, 0x9F, 0xFD, 0xF9, 0xEF, 0x8F, 0x78, 0x7B, 0xC3, 0xDE, 0x1E, 0xF8, 0xF7, 0xEF,
    0x9F, 0xFC, 0xFF, 0xE3, 0xFF, 0x00, 0x79, 0xC7, 0xCF, 0xFE, 0x7F, 0xE3, 0xFE, 0x00, 0x78, 0x07,
    0xC0, 0x3E, 0x01, 0xF0, 0x0F, 0x80, 0x7C, 0x03, 0xFF, 0x1F, 0xFC, 0xFF, 0xF7, 0xCF, 0xBE, 0x3D,
    0xF1, 0xEF, 0x8F, 0x7C, 0x7B, 0xE3, 0xDF, 0x1E, 0xF8, 0xF7, 0xC7, 0xBE, 0x3C, 0x7F, 0xFE, 0xF0,
    0x03, 0xFF, 0xFF, 0xFF, 0xFF, 0xFF, 0xFF, 0xFF, 0xFE, 0x0F, 0x1F, 0x1F, 0x0F, 0x00, 0x00, 0x1F,
    0x1F, 0x1F, 0x1F, 0x1F, 0x1F, 0x1F, 0x1F, 0x1F, 0x1F, 0x1F, 0x1F, 0x1F, 0x1F, 0x1F, 0xFE, 0xFE,
    0xFC, 0x78, 0x03, 0xE0, 0x0F, 0x80, 0x3E, 0x00, 0xF8, 0x03, 0xE0, 0x0F, 0x8F, 0xBE, 0x7C, 0xFB,
    0xE3, 0xFF, 0x0F, 0xF8, 0x3F, 0xC0, 0xFF, 0x83, 0xFF, 0x0F, 0xFE, 0x3E, 0xF8, 0xF9, 0xF3, 0xE3,
    0xEF, 0x8F, 0x80, 0x79, 0xF3, 0xE7, 0xCF, 0x9F, 0x3E, 0x7C, 0xF9, 0xF3, 0xE7, 0xCF, 0x9F, 0x3E,
    0x7E, 0x7E, 0xFC, 0xF0, 0x7F, 0x9F, 0x9F, 0xFF, 0xFB, 0xFF, 0xFF, 0xFC, 0xFD, 0xFF, 0x9F, 0x1F,
    0xF1, 0xE3, 0xFE, 0x3C, 0x7F, 0xC7, 0x8F, 0xF8, 0xF1, 0xFF, 0x1E, 0x3F, 0xE3, 0xC7, 0xFC, 0x78,
    0xFF, 0x8F, 0x1E, 0x7F, 0xC7, 0xFF, 0x3F, 0xFD, 0xF3, 0xEF, 0x8F, 0x7C, 0x7B, 0xE3, 0xDF, 0x1E,
    0xF8, 0xF7, 0xC7, 0xBE, 0x3D, 0xF1, 0xEF, 0x8F, 0x00, 0x1F, 0xC0, 0xFF, 0x87, 0xFF, 0x3F, 0x7E,
    0xF8, 0xFB, 0xC1, 0xEF, 0x07, 0xBC, 0x1E, 0xF8, 0xFB, 0xF7, 0xE7, 0xFF, 0x0F, 0xF8, 0x1F, 0xC0,
    0x7F, 0xC7, 0xFF, 0x3F, 0xFD, 0xF3, 0xFF, 0x8F, 0xFC, 0x3F, 0xE1, 0xFF, 0x0F, 0xF8, 0xFF, 0xEF,
    0xFF, 0xFD, 0xFF, 0xEF, 0xFC, 0x7C, 0x03, 0xE0, 0x1F, 0x00, 0xF8, 0x07, 0xC0, 0x00, 0x1F, 0xF1,
    0xFF, 0xDF, 0xFF, 0xF9, 0xFF, 0x8F, 0xF8, 0x7F, 0xC3, 0xFE, 0x1F, 0xF8, 0xFF, 0xE7, 0xDF, 0xFE,
    0xFF, 0xF1, 0xFF, 0x80, 0x7C, 0x03, 0xE0, 0x1F, 0x00, 0xF8, 0x07, 0xC0, 0x7F, 0xFF, 0xEF, 0xFB,
    0xE6, 0xF8, 0x3E, 0x0F, 0x83, 0xE0, 0xF8, 0x3E, 0x0F, 0x83, 0xE0, 0xF8, 0x00, 0x1F, 0xE3, 0xFE,
    0x7F, 0xC7, 0xCC, 0x7F, 0x07, 0xFE, 0x7F, 0xE3, 0xFE, 0x03, 0xE7, 0x1E, 0x7F, 0xE7, 0xFC, 0x7F,
    0x80, 0xF8, 0x3E, 0x0F, 0x83, 0xE0, 0xFF, 0xBF, 0xEF, 0xFB, 0xE0, 0xF8, 0x3E, 0x0F, 0x83, 0xE0,
    0xF8, 0x3F, 0x27, 0xF9, 0xFF, 0x3F, 0x80, 0xF8, 0xFF, 0x8F, 0xF8, 0xFF, 0x8F, 0xF8, 0xFF, 0x8F,
    0xF8, 0xFF, 0x8F, 0xF8, 0xF7, 0xCF, 0x7F, 0xF3, 0xFF, 0x1F, 0xF0, 0xF8, 0x7F, 0xE1, 0xE7, 0x87,
    0x9F, 0x3E, 0x7C, 0xF0, 0xF3, 0xC3, 0xDF, 0x0F, 0xF8, 0x1F, 0xE0, 0x7F, 0x00, 0xFC, 0x03, 0xF0,
    0x07, 0x80, 0xF8, 0xF1, 0xFF, 0x8F, 0x1E, 0x78, 0xF1, 0xE7, 0x9F, 0x3E, 0x7D, 0xFB, 0xC3, 0xDF,
    0xBC, 0x3F, 0xFB, 0xC3, 0xFF, 0xF8, 0x1F, 0xBF, 0x81, 0xF9, 0xF8, 0x1F, 0x9F, 0x00, 0xF1, 0xF0,
    0x0F, 0x0F, 0x00, 0xF8, 0x79, 0xF3, 0xE3, 0xFF, 0x0F, 0xF8, 0x1F, 0xE0, 0x3F, 0x00, 0xF8, 0x03,
    0xF0, 0x1F, 0xE0, 0xFF, 0xC7, 0xCF, 0x1E, 0x3E, 0xF8, 0x7C, 0xF8, 0x7F, 0xE1, 0xE7, 0x87, 0x9F,
    0x3E, 0x7C, 0xF0, 0xF3, 0xC3, 0xFF, 0x0F, 0xF8, 0x1F, 0xE0, 0x7F, 0x80, 0xFC, 0x03, 0xF0, 0x07,
    0x80, 0x3E, 0x05, 0xF0, 0x3F, 0xC0, 0xFE, 0x03, 0xF0, 0x00, 0x7F, 0xF7, 0xFF, 0x7F, 0xF0, 0x3E,
    0x07, 0xC0, 0xF8, 0x0F, 0x81, 0xF0, 0x3E, 0x07, 0xC0, 0x7F, 0xFF, 0xFF, 0xFF, 0xF0, 0x07, 0x87,
    0xE1, 0xF8, 0x7C, 0x1E, 0x07, 0x81, 0xE0, 0x78, 0x1E, 0x0F, 0x83, 0xE3, 0xF0, 0xF8, 0x3F, 0x03,
    0xE0, 0xF8, 0x1E, 0x07, 0x81, 0xE0, 0x78, 0x1E, 0x07, 0xC1, 0xF8, 0x7E, 0x07, 0x80, 0xFF, 0xFF,
    0xFF, 0xFF, 0xFF, 0xFF, 0xFF, 0xFF, 0xFF, 0xFF, 0xFF, 0xFF, 0xF0, 0xF8, 0x7E, 0x3F, 0x07, 0xC3,
    0xE1, 0xF0, 0xF8, 0x7C, 0x3E, 0x1F, 0x07, 0xC3, 0xF0, 0xF8, 0xFC, 0x7C, 0x7C, 0x3E, 0x1F, 0x0F,
    0x87, 0xC3, 0xE1, 0xF3, 0xF1, 0xF8, 0xF8, 0x00, 0x3E, 0x1D, 0xFE, 0xF7, 0xFF, 0xBD, 0xFE, 0xF1,
    0xF0, 0x77, 0xFF, 0xF7, 0x01, 0xCF, 0xFF, 0xFF, 0xFF, 0xFF, 0xFF, 0xFF, 0xC0, 0x0F, 0x81, 0xF0,
    0x3E, 0x0F, 0xF3, 0xFE, 0xFF, 0xBF, 0x37, 0xC0, 0xF0, 0x1E, 0x03, 0xE0, 0x7E, 0x37, 0xFE, 0xFF,
    0xC7, 0xF8, 0x7C, 0x0F, 0x81, 0xF0, 0x07, 0xF0, 0x7F, 0x87, 0xFC, 0x3E, 0x63, 0xE0, 0x1F, 0x00,
    0xF8, 0x1F, 0xFC, 0xFF, 0xE7, 0xFF, 0x0F, 0x80, 0x7C, 0x03, 0xE0, 0x1E, 0x00, 0xFF, 0xE7, 0xFF,
    0x3F, 0xF8, 0x00, 0x00, 0xC0, 0xC7, 0xFF, 0x9F, 0xFF, 0x3F, 0xF8, 0xF3, 0xC3, 0xC7, 0x8F, 0x1E,
    0x3C, 0xF0, 0xFF, 0xE7, 0xFF, 0xDF, 0xFE, 0x30, 0x30, 0x7C, 0x3E, 0x7C, 0x3E, 0x3E, 0x3C, 0x3E,
    0x7C, 0x1F, 0x78, 0x1F, 0xF8, 0x0F, 0xF0, 0x0F, 0xF0, 0x3F, 0xFC, 0x3F, 0xFC, 0x03, 0xC0, 0x03,
    0xC0, 0x3F, 0xFC, 0x3F, 0xFC, 0x03, 0xC0, 0x03, 0xC0, 0x03, 0xC0, 0xFF, 0xFF, 0xFF, 0xFF, 0xFF,
    0x00, 0x00, 0x0F, 0xFF, 0xFF, 0xFF, 0xFF, 0xF0, 0x1F, 0xF1, 0xFF, 0x8F, 0xFC, 0xF8, 0xC7, 0xC0,
    0x3F, 0x80, 0xFF, 0x07, 0xFC, 0x7F, 0xF3, 0xDF, 0x9E, 0x3C, 0xF1, 0xE7, 0xEF, 0x3F, 0xF8, 0xFF,
    0x83, 0xFC, 0x07, 0xF0, 0x0F, 0x9C, 0x7C, 0xFF, 0xEF, 0xFE, 0x3F, 0xE0, 0x79, 0xCF, 0x7D, 0xEF,
    0xBC, 0xE0, 0x07, 0xF8, 0x07, 0xFF, 0x03, 0xF3, 0xF1, 0xF0, 0x3C, 0x7B, 0xF7, 0xBD, 0xFC, 0xEF,
    0x7F, 0x3F, 0x9E, 0xC7, 0xEF, 0x01, 0xFB, 0xC0, 0x7E, 0x7B, 0x1F, 0xDF, 0xCF, 0xF7, 0xFB, 0x9E,
    0xFD, 0xE7, 0xC0, 0xF0, 0xFC, 0xFC, 0x1F, 0xFC, 0x01, 0xFE, 0x00, 0x7F, 0x1F, 0xE2, 0x78, 0x7E,
    0x7F, 0xBF, 0xEF, 0x3B, 0xCE, 0x7F, 0x9F, 0xE0, 0x00, 0x10, 0x1C, 0x78, 0x7C, 0xF1, 0xF3, 0xE7,
    0xCF, 0x8F, 0x9F, 0x3E, 0x7C, 0x3E, 0x7C, 0x7C, 0xF8, 0x7C, 0xF8, 0x7C, 0xF0, 0x71, 0xE0, 0x81,
    0x00, 0xFF, 0xFF, 0xFF, 0xFF, 0xF0, 0x0F, 0x00, 0xF0, 0x0F, 0x00, 0xF0, 0x0F, 0x00, 0xF0, 0xFF,
    0xFF, 0xFF, 0x07, 0xF8, 0x07, 0xFF, 0x03, 0xF3, 0xF1, 0xF0, 0x3C, 0x7F, 0xF7, 0xBD, 0xFC, 0xEF,
    0x77, 0xBF, 0x9D, 0xE7, 0xE7, 0xF9, 0xF9, 0xFC, 0x7E, 0x77, 0x1F, 0xDD, 0xCF, 0xF7, 0x3B, 0x9F,
    0xCF, 0xE7, 0xC0, 0xF0, 0xFC, 0xFC, 0x1F, 0xFC, 0x01, 0xFE, 0x00, 0xFF, 0xFF, 0xFF, 0xE0, 0x3E,
    0x3F, 0xBD, 0xFE, 0xFF, 0x7B, 0xF8, 0xF8, 0x0F, 0x00, 0xF0, 0x0F, 0x00, 0xF0, 0xFF, 0xFF, 0xFF,
    0xFF, 0xF0, 0xF0, 0x0F, 0x00, 0xF0, 0x0F, 0x00, 0x00, 0xFF, 0xFF, 0xFF, 0xFF, 0xF0, 0x7E, 0x7F,
    0x9B, 0xC1, 0xE1, 0xF1, 0xF1, 0xF0, 0xF0, 0x7F, 0x7F, 0x80, 0x7E, 0xFF, 0x6F, 0x0F, 0x3E, 0x3F,
    0x0F, 0x47, 0xFF, 0xFE, 0x18, 0x78, 0xF3, 0xC7, 0x0C, 0x00, 0xF8, 0xF7, 0xC7, 0xBE, 0x3D, 0xF1,
    0xEF, 0x8F, 0x7C, 0x7B, 0xE3, 0xDF, 0x1E, 0xF8, 0xF7, 0xE7, 0xBF, 0xFD, 0xFF, 0xEF, 0xFF, 0x7C,
    0x03, 0xE0, 0x1F, 0x00, 0xF8, 0x07, 0xC0, 0x00, 0x07, 0xF8, 0x7F, 0xFD, 0xFF, 0xFF, 0xFF, 0xFF,
    0xF9, 0xFF, 0xF3, 0xFF, 0xE7, 0xFF, 0xCF, 0xFF, 0x9E, 0xFF, 0x3C, 0xFE, 0x78, 0x7C, 0xF0, 0x79,
    0xE0, 0xF3, 0xC1, 0xE7, 0x83, 0xCF, 0x07, 0x9E, 0x0F, 0x3C, 0x1E, 0x78, 0x3C, 0xF0, 0x79, 0xE0,
    0xF3, 0xC1, 0xE7, 0x80, 0x79, 0xFF, 0xDF, 0x78, 0x38, 0xE7, 0xC7, 0xFF, 0xFF, 0x00, 0x1E, 0xFD,
    0xFB, 0xF0, 0xE1, 0xC3, 0x87, 0x0E, 0x1C, 0x1F, 0x87, 0xF9, 0xEF, 0x38, 0xFF, 0x1F, 0xE3, 0xDC,
    0x7B, 0xDE, 0x3F, 0xC3, 0xF0, 0x10, 0x00, 0xF1, 0xC1, 0xE7, 0xC3, 0xE7, 0xC3, 0xEF, 0x87, 0xCF,
    0x87, 0xCF, 0x9F, 0x3E, 0x3E, 0xF8, 0xF9, 0xF1, 0xE7, 0xC3, 0xC7, 0x01, 0x00, 0x00, 0x1E, 0x07,
    0x81, 0xF8, 0x1E, 0x0F, 0xE0, 0xF0, 0x1F, 0x83, 0xC0, 0x1E, 0x1E, 0x00, 0x78, 0x78, 0x01, 0xE3,
    0xC0, 0x07, 0x8F, 0x1E, 0x1E, 0x78, 0xF8, 0x79, 0xE7, 0xE0, 0x0F, 0x1F, 0x80, 0x3C, 0xEE, 0x01,
    0xE7, 0xB8, 0x07, 0x9F, 0xF0, 0x3C, 0x7F, 0xC0, 0xF0, 0x0E, 0x07, 0x80, 0x38, 0x3E, 0x00, 0x00,
    0x1E, 0x07, 0x03, 0xF0, 0x78, 0x3F, 0x83, 0xC0, 0xFC, 0x3C, 0x01, 0xE3, 0xE0, 0x0F, 0x1E, 0x00,
    0x79, 0xF0, 0x03, 0xCF, 0x7E, 0x1E, 0xFF, 0xF8, 0xF7, 0x9B, 0xC0, 0x7C, 0x1E, 0x03, 0xC1, 0xF0,
    0x3E, 0x1F, 0x01, 0xE1, 0xF0, 0x1F, 0x0F, 0x00, 0xF0, 0xFF, 0x0F, 0x87, 0xF8, 0x78, 0x00, 0x00,
    0x7E, 0x03, 0xC1, 0xFC, 0x1E, 0x06, 0xF0, 0x78, 0x03, 0xC3, 0xC0, 0x3E, 0x0F, 0x00, 0xFC, 0x78,
    0x00, 0x71, 0xE0, 0x19, 0xCF, 0x1E, 0xFF, 0x3C, 0xFB, 0xF9, 0xE7, 0xE0, 0x07, 0x9F, 0x80, 0x3C,
    0xEE, 0x00, 0xF7, 0xB8, 0x07, 0x9F, 0xF0, 0x1E, 0x7F, 0xC0, 0xF0, 0x0E, 0x03, 0xC0, 0x38, 0x1E,
    0x00, 0x00, 0x0F, 0x01, 0xF0, 0x3E, 0x07, 0xC0, 0xF0, 0x00, 0x03, 0xC0, 0x78, 0x1F, 0x03, 0xE0,
    0xF8, 0x3E, 0x0F, 0x81, 0xF0, 0x3F, 0x73, 0xFF, 0x7F, 0xE7, 0xF8, 0x01, 0x80, 0x00, 0xF0, 0x00,
    0x3E, 0x00, 0x07, 0xC0, 0x00, 0xF0, 0x00, 0x18, 0x00, 0x00, 0x00, 0x07, 0x80, 0x03, 0xF0, 0x00,
    0xFC, 0x00, 0x7F, 0x80, 0x1F, 0xE0, 0x0F, 0xFC, 0x03, 0xCF, 0x01, 0xF3, 0xE0, 0x78, 0xF8, 0x1E,
    0x1E, 0x0F, 0xFF, 0xC3, 0xFF, 0xF0, 0xFF, 0xFE, 0x7C, 0x0F, 0x9F, 0x03, 0xEF, 0x80, 0x7F, 0xE0,
    0x1F, 0x00, 0x60, 0x00, 0x3C, 0x00, 0x1F, 0x00, 0x0F, 0x80, 0x03, 0xC0, 0x00, 0x60, 0x00, 0x00,
    0x00, 0x07, 0x80, 0x03, 0xF0, 0x00, 0xFC, 0x00, 0x7F, 0x80, 0x1F, 0xE0, 0x0F, 0xFC, 0x03, 0xCF,
    0x01, 0xF3, 0xE0, 0x78, 0xF8, 0x1E, 0x1E, 0x0F, 0xFF, 0xC3, 0xFF, 0xF0, 0xFF, 0xFE, 0x7C, 0x0F,
    0x9F, 0x03, 0xEF, 0x80, 0x7F, 0xE0, 0x1F, 0x00, 0xC0, 0x00, 0x78, 0x00, 0x3F, 0x00, 0x1F, 0xE0,
    0x03, 0x30, 0x00, 0x00, 0x00, 0x1E, 0x00, 0x0F, 0xC0, 0x03, 0xF0, 0x01, 0xFE, 0x00, 0x7F, 0x80,
    0x3F, 0xF0, 0x0F, 0x3C, 0x07, 0xCF, 0x81, 0xE3, 0xE0, 0x78, 0x78, 0x3F, 0xFF, 0x0F, 0xFF, 0xC3,
    0xFF, 0xF9, 0xF0, 0x3E, 0x7C, 0x0F, 0xBE, 0x01, 0xFF, 0x80, 0x7C, 0x03, 0xD8, 0x01, 0xFF, 0x00,
    0xFF, 0x80, 0x1B, 0xE0, 0x00, 0x00, 0x00, 0x00, 0x00, 0x1E, 0x00, 0x0F, 0xC0, 0x03, 0xF0, 0x01,
    0xFE, 0x00, 0x7F, 0x80, 0x3F, 0xF0, 0x0F, 0x3C, 0x07, 0xCF, 0x81, 0xE3, 0xE0, 0x78, 0x78, 0x3F,
    0xFF, 0x0F, 0xFF, 0xC3, 0xFF, 0xF9, 0xF0, 0x3E, 0x7C, 0x0F, 0xBE, 0x01, 0xFF, 0x80, 0x7C, 0x0F,
    0x38, 0x03, 0xDF, 0x00, 0xF7, 0xC0, 0x3C, 0xE0, 0x00, 0x00, 0x00, 0x00, 0x00, 0x1E, 0x00, 0x0F,
    0xC0, 0x03, 0xF0, 0x01, 0xFE, 0x00, 0x7F, 0x80, 0x3F, 0xF0, 0x0F, 0x3C, 0x07, 0xCF, 0x81, 0xE3,
    0xE0, 0x78, 0x78, 0x3F, 0xFF, 0x0F, 0xFF, 0xC3, 0xFF, 0xF9, 0xF0, 0x3E, 0x7C, 0x0F, 0xBE, 0x01,
    0xFF, 0x80, 0x7C, 0x01, 0xE0, 0x00, 0xFC, 0x00, 0x3F, 0x00, 0x0F, 0xC0, 0x03, 0xF0, 0x00, 0xFC,
    0x00, 0x3F, 0x00, 0x1F, 0xE0, 0x07, 0xF8, 0x01, 0xFE, 0x00, 0xFF, 0xC0, 0x3C, 0xF0, 0x1F, 0x3E,
    0x07, 0x8F, 0x81, 0xE1, 0xE0, 0xFF, 0xFC, 0x3F, 0xFF, 0x1F, 0xFF, 0xE7, 0xC0, 0xF9, 0xE0, 0x3E,
    0xF8, 0x07, 0xFE, 0x01, 0xF0, 0x00, 0x3F, 0xFF, 0x00, 0x7F, 0xFF, 0x00, 0x7F, 0xFF, 0x00, 0xFF,
    0x00, 0x01, 0xFF, 0x00, 0x01, 0xEF, 0x00, 0x03, 0xEF, 0x00, 0x07, 0xCF, 0xFE, 0x07, 0xCF, 0xFE,
    0x0F, 0x8F, 0xFE, 0x0F, 0xFF, 0x00, 0x1F, 0xFF, 0x00, 0x3F, 0xFF, 0x00, 0x3E, 0x0F, 0x00, 0x7C,
    0x0F, 0xFF, 0x7C, 0x0F, 0xFF, 0xF8, 0x0F, 0xFF, 0x07, 0xFC, 0x3F, 0xFC, 0xFF, 0xF3, 0xF8, 0xE7,
    0xC0, 0x1F, 0x00, 0x3E, 0x00, 0x7C, 0x00, 0xF8, 0x01, 0xF0, 0x03, 0xE0, 0x07, 0xC0, 0x07, 0xC0,
    0x0F, 0xE3, 0x8F, 0xFF, 0x8F, 0xFF, 0x07, 0xFC, 0x03, 0x80, 0x07, 0x80, 0x07, 0x00, 0x7E, 0x00,
    0xF8, 0x00, 0x0C, 0x00, 0xF0, 0x07, 0xC0, 0x1F, 0x00, 0x78, 0x01, 0x80, 0x00, 0x1F, 0xFE, 0xFF,
    0xF7, 0xFF, 0xBC, 0x01, 0xE0, 0x0F, 0x00, 0x78, 0x03, 0xFF, 0x9F, 0xFC, 0xFF, 0xE7, 0x80, 0x3C,
    0x01, 0xE0, 0x0F, 0x00, 0x7F, 0xFF, 0xFF, 0xFF, 0xFF, 0x03, 0x00, 0x3C, 0x03, 0xE0, 0x3E, 0x01,
    0xE0, 0x06, 0x00, 0x00, 0x1F, 0xFE, 0xFF, 0xF7, 0xFF, 0xBC, 0x01, 0xE0, 0x0F, 0x00, 0x78, 0x03,
    0xFF, 0x9F, 0xFC, 0xFF, 0xE7, 0x80, 0x3C, 0x01, 0xE0, 0x0F, 0x00, 0x7F, 0xFF, 0xFF, 0xFF, 0xFF,
    0x06, 0x00, 0x78, 0x0F, 0xE0, 0x7F, 0x83, 0x98, 0x00, 0x03, 0xFF, 0xDF, 0xFE, 0xFF, 0xF7, 0x80,
    0x3C, 0x01, 0xE0, 0x0F, 0x00, 0x7F, 0xF3, 0xFF, 0x9F, 0xFC, 0xF0, 0x07, 0x80, 0x3C, 0x01, 0xE0,
    0x0F, 0xFF, 0xFF, 0xFF, 0xFF, 0xE0, 0x79, 0xC3, 0xDF, 0x1E, 0xF8, 0xF3, 0x80, 0x00, 0x00, 0x03,
    0xFF, 0xDF, 0xFE, 0xFF, 0xF7, 0x80, 0x3C, 0x01, 0xE0, 0x0F, 0x00, 0x7F, 0xF3, 0xFF, 0x9F, 0xFC,
    0xF0, 0x07, 0x80, 0x3C, 0x01, 0xE0, 0x0F, 0xFF, 0xFF, 0xFF, 0xFF, 0xE0, 0x30, 0xF1, 0xF1, 0xF1,
    0xE1, 0x80, 0x1E, 0x3C, 0x78, 0xF1, 0xE3, 0xC7, 0x8F, 0x1E, 0x3C, 0x78, 0xF1, 0xE3, 0xC7, 0x8F,
    0x1E, 0x18, 0x79, 0xF7, 0xCF, 0x0C, 0x00, 0x3C, 0x78, 0xF1, 0xE3, 0xC7, 0x8F, 0x1E, 0x3C, 0x78,
    0xF1, 0xE3, 0xC7, 0x8F, 0x1E, 0x3C, 0x18, 0x3C, 0x7E, 0xFF, 0x66, 0x00, 0x3C, 0x3C, 0x3C, 0x3C,
    0x3C, 0x3C, 0x3C, 0x3C, 0x3C, 0x3C, 0x3C, 0x3C, 0x3C, 0x3C, 0x3C, 0x3C, 0x3C, 0xF3, 0xFC, 0xFF,
    0x3F, 0xCF, 0x00, 0x00, 0x01, 0xE0, 0x78, 0x1E, 0x07, 0x81, 0xE0, 0x78, 0x1E, 0x07, 0x81, 0xE0,
    0x78, 0x1E, 0x07, 0x81, 0xE0, 0x78, 0x1E, 0x07, 0x81, 0xE0, 0x3F, 0xF8, 0x0F, 0xFF, 0x83, 0xFF,
    0xF0, 0xF9, 0xFE, 0x3E, 0x0F, 0x8F, 0x83, 0xE3, 0xE0, 0x7F, 0xFF, 0x1F, 0xFF, 0xC7, 0xFF, 0xF1,
    0xF3, 0xE0, 0x7C, 0xF8, 0x3E, 0x3E, 0x1F, 0x8F, 0x9F, 0xC3, 0xFF, 0xF0, 0xFF, 0xF0, 0x3F, 0xF8,
    0x00, 0x0F, 0x70, 0x3F, 0xE0, 0x7F, 0xC0, 0xEF, 0x00, 0x00, 0x00, 0x00, 0x3C, 0x07, 0xFC, 0x0F,
    0xFC, 0x1F, 0xFC, 0x3F, 0xFC, 0x7F, 0xF8, 0xFF, 0xF9, 0xFE, 0xFB, 0xFD, 0xF7, 0xF9, 0xFF, 0xF1,
    0xFF, 0xE1, 0xFF, 0xC3, 0xFF, 0x83, 0xFF, 0x03, 0xFE, 0x07, 0xFC, 0x07, 0x80, 0x01, 0x80, 0x00,
    0xF0, 0x00, 0x3E, 0x00, 0x07, 0xC0, 0x00, 0xF0, 0x00, 0x18, 0x00, 0x00, 0x00, 0x1F, 0xE0, 0x1F,
    0xFE, 0x0F, 0xFF, 0xC7, 0xF3, 0xF1, 0xF0, 0x3E, 0xF8, 0x0F, 0xBE, 0x01, 0xFF, 0x80, 0x7F, 0xE0,
    0x1F, 0xF8, 0x07, 0xFE, 0x01, 0xFF, 0x80, 0xF9, 0xF0, 0x3E, 0x7F, 0x3F, 0x8F, 0xFF, 0xC1, 0xFF,
    0xE0, 0x1F, 0xE0, 0x00, 0x60, 0x00, 0x3C, 0x00, 0x1F, 0x00, 0x0F, 0x80, 0x03, 0xC0, 0x00, 0x60,
    0x00, 0x00, 0x00, 0x1F, 0xE0, 0x1F, 0xFE, 0x0F, 0xFF, 0xC7, 0xF3, 0xF1, 0xF0, 0x3E, 0xF8, 0x0F,
    0xBE, 0x01, 0xFF, 0x80, 0x7F, 0xE0, 0x1F, 0xF8, 0x07, 0xFE, 0x01, 0xFF, 0x80, 0xF9, 0xF0, 0x3E,
    0x7F, 0x3F, 0x8F, 0xFF, 0xC1, 0xFF, 0xE0, 0x1F, 0xE0, 0x00, 0xC0, 0x00, 0x78, 0x00, 0x7F, 0x00,
    0x1F, 0xE0, 0x07, 0x30, 0x00, 0x00, 0x00, 0x7F, 0x80, 0x7F, 0xF8, 0x3F, 0xFF, 0x1F, 0xCF, 0xC7,
    0xC0, 0xFB, 0xE0, 0x3E, 0xF8, 0x07, 0xFE, 0x01, 0xFF, 0x80, 0x7F, 0xE0, 0x1F, 0xF8, 0x07, 0xFE,
    0x03, 0xE7, 0xC0, 0xF9, 0xFC, 0xFE, 0x3F, 0xFF, 0x07, 0xFF, 0x80, 0x7F, 0x80, 0x07, 0xD8, 0x01,
    0xFF, 0x00, 0xFF, 0x80, 0x1B, 0xC0, 0x00, 0x00, 0x00, 0x00, 0x00, 0x7F, 0x80, 0x7F, 0xF8, 0x3F,
    0xFF, 0x1F, 0xCF, 0xC7, 0xC0, 0xFB, 0xE0, 0x3E, 0xF8, 0x07, 0xFE, 0x01, 0xFF, 0x80, 0x7F, 0xE0,
    0x1F, 0xF8, 0x07, 0xFE, 0x03, 0xE7, 0xC0, 0xF9, 0xFC, 0xFE, 0x3F, 0xFF, 0x07, 0xFF, 0x80, 0x7F,
    0x80, 0x0F, 0x38, 0x03, 0xDF, 0x00, 0xF7, 0xC0, 0x3C, 0xE0, 0x00, 0x00, 0x00, 0x00, 0x00, 0x7F,
    0x80, 0x7F, 0xF8, 0x3F, 0xFF, 0x1F, 0xCF, 0xC7, 0xC0, 0xFB, 0xE0, 0x3E, 0xF8, 0x07, 0xFE, 0x01,
    0xFF, 0x80, 0x7F, 0xE0, 0x1F, 0xF8, 0x07, 0xFE, 0x03, 0xE7, 0xC0, 0xF9, 0xFC, 0xFE, 0x3F, 0xFF,
    0x07, 0xFF, 0x80, 0x7F, 0x80, 0x30, 0xC7, 0x9E, 0xFF, 0xF7, 0xFE, 0x3F, 0xC1, 0xF8, 0x3F, 0xC7,
    0xFE, 0xFF, 0xF7, 0x9E, 0x30, 0xC0, 0x00, 0x03, 0x01, 0xFF, 0xE1, 0xFF, 0xF8, 0xFF, 0xFC, 0x7F,
    0x3F, 0x1F, 0x0F, 0xEF, 0x87, 0xFB, 0xE3, 0xFF, 0xF8, 0xF7, 0xFE, 0x79, 0xFF, 0xBC, 0x7F, 0xFE,
    0x1F, 0xFF, 0x8F, 0x9F, 0xC3, 0xE7, 0xF3, 0xF8, 0xFF, 0xFC, 0x7F, 0xFE, 0x1F, 0xFE, 0x03, 0x00,
    0x00, 0x06, 0x00, 0x1E, 0x00, 0x3E, 0x00, 0x3E, 0x00, 0x3C, 0x00, 0x30, 0x00, 0x00, 0x7C, 0x0F,
    0xF8, 0x1F, 0xF0, 0x3F, 0xE0, 0x7F, 0xC0, 0xFF, 0x81, 0xFF, 0x03, 0xFE, 0x07, 0xFC, 0x0F, 0xF8,
    0x1F, 0xF0, 0x3F, 0xE0, 0x7B, 0xE1, 0xF7, 0xE7, 0xEF, 0xFF, 0x8F, 0xFE, 0x07, 0xF8, 0x00, 0xC0,
    0x03, 0xC0, 0x0F, 0x80, 0x3E, 0x00, 0x78, 0x00, 0x60, 0x00, 0x00, 0x7C, 0x0F, 0xF8, 0x1F, 0xF0,
    0x3F, 0xE0, 0x7F, 0xC0, 0xFF, 0x81, 0xFF, 0x03, 0xFE, 0x07, 0xFC, 0x0F, 0xF8, 0x1F, 0xF0, 0x3F,
    0xE0, 0x7B, 0xE1, 0xF7, 0xE7, 0xEF, 0xFF, 0x8F, 0xFE, 0x07, 0xF8, 0x01, 0x80, 0x07, 0x80, 0x3F,
    0x80, 0x7F, 0x80, 0xE6, 0x00, 0x00, 0x3E, 0x07, 0xFC, 0x0F, 0xF8, 0x1F, 0xF0, 0x3F, 0xE0, 0x7F,
    0xC0, 0xFF, 0x81, 0xFF, 0x03, 0xFE, 0x07, 0xFC, 0x0F, 0xF8, 0x1F, 0xF0, 0x3D, 0xF0, 0xFB, 0xF3,
    0xF7, 0xFF, 0xC7, 0xFF, 0x03, 0xFC, 0x00, 0x1E, 0x70, 0x3D, 0xF0, 0x7B, 0xE0, 0xF3, 0x80, 0x00,
    0x00, 0x00, 0x3E, 0x07, 0xFC, 0x0F, 0xF8, 0x1F, 0xF0, 0x3F, 0xE0, 0x7F, 0xC0, 0xFF, 0x81, 0xFF,
    0x03, 0xFE, 0x07, 0xFC, 0x0F, 0xF8, 0x1F, 0xF0, 0x3D, 0xF0, 0xFB, 0xF3, 0xF7, 0xFF, 0xC7, 0xFF,
    0x03, 0xFC, 0x00, 0x00, 0x60, 0x00, 0x78, 0x00, 0x7C, 0x00, 0x7C, 0x00, 0x3C, 0x00, 0x0C, 0x00,
    0x00, 0x01, 0xF0, 0x3F, 0x7C, 0x1F, 0x3E, 0x1F, 0x0F, 0x8F, 0x87, 0xCF, 0x81, 0xF7, 0xC0, 0xFF,
    0xC0, 0x3F, 0xE0, 0x0F, 0xE0, 0x07, 0xE0, 0x01, 0xF0, 0x00, 0xF8, 0x00, 0x7C, 0x00, 0x3E, 0x00,
    0x1F, 0x00, 0x0F, 0x80, 0x07, 0xC0, 0xF0, 0x03, 0xC0, 0x0F, 0xFC, 0x3F, 0xFC, 0xFF, 0xFB, 0xC7,
    0xEF, 0x0F, 0xBC, 0x1F, 0xF0, 0x7F, 0xC3, 0xEF, 0x1F, 0xBF, 0xFE, 0xFF, 0xF3, 0xFF, 0x0F, 0x00,
    0x3C, 0x00, 0xF0, 0x00, 0x1F, 0xC0, 0x7F, 0xE1, 0xFF, 0xC3, 0xE7, 0xC7, 0x8F, 0x9F, 0x1E, 0x3E,
    0x7C, 0x7C, 0xF0, 0xFB, 0xC1, 0xF7, 0x83, 0xEF, 0xC7, 0xDF, 0xCF, 0x9F, 0xDF, 0x0F, 0xFE, 0x0F,
    0xFD, 0x9F, 0xFB, 0xFF, 0xF7, 0xFB, 0xEF, 0xE0, 0x06, 0x00, 0x78, 0x03, 0xE0, 0x0F, 0x00, 0x38,
    0x00, 0xC0, 0x00, 0x07, 0xF8, 0x3F, 0xF1, 0xFF, 0x8C, 0x7C, 0x01, 0xF1, 0xFF, 0xBF, 0xFD, 0xFF,
    0xEF, 0x9F, 0x7C, 0xFB, 0xFF, 0xDF, 0xFE, 0x7F, 0xE0, 0x01, 0x80, 0x1E, 0x01, 0xF0, 0x1F, 0x00,
    0xF0, 0x03, 0x00, 0x00, 0x07, 0xF8, 0x3F, 0xF1, 0xFF, 0x8C, 0x7C, 0x01, 0xF1, 0xFF, 0xBF, 0xFD,
    0xFF, 0xEF, 0x9F, 0x7C, 0xFB, 0xFF, 0xDF, 0xFE, 0x7F, 0xE0, 0x07, 0x00, 0x7C, 0x07, 0xF0, 0x7F,
    0xC1, 0x8C, 0x00, 0x00, 0xFF, 0x07, 0xFE, 0x3F, 0xF1, 0x8F, 0x80, 0x3E, 0x3F, 0xF7, 0xFF, 0xBF,
    0xFD, 0xF3, 0xEF, 0x9F, 0x7F, 0xFB, 0xFF, 0xCF, 0xFC, 0x1F, 0x61, 0xFF, 0x8F, 0xF8, 0x37, 0x80,
    0x00, 0x00, 0x00, 0xFF, 0x07, 0xFE, 0x3F, 0xF1, 0x8F, 0x80, 0x3E, 0x3F, 0xF7, 0xFF, 0xBF, 0xFD,
    0xF3, 0xEF, 0x9F, 0x7F, 0xFB, 0xFF, 0xCF, 0xFC, 0x3C, 0xE1, 0xEF, 0x8F, 0x7C, 0x79, 0xC0, 0x00,
    0x00, 0x00, 0xFF, 0x07, 0xFE, 0x3F, 0xF1, 0x8F, 0x80, 0x3E, 0x3F, 0xF7, 0xFF, 0xBF, 0xFD, 0xF3,
    0xEF, 0x9F, 0x7F, 0xFB, 0xFF, 0xCF, 0xFC, 0x07, 0x80, 0x7E, 0x03, 0x70, 0x1F, 0x80, 0xFC, 0x03,
    0xC0, 0x00, 0x07, 0xF8, 0x3F, 0xF1, 0xFF, 0x8C, 0x7C, 0x01, 0xF1, 0xFF, 0xBF, 0xFD, 0xFF, 0xEF,
    0x9F, 0x7C, 0xFB, 0xFF, 0xDF, 0xFE, 0x7F, 0xE0, 0x3F, 0xCF, 0xC1, 0xFF, 0xFF, 0x0F, 0xFF, 0xFC,
    0x63, 0xFB, 0xF0, 0x0F, 0x87, 0x8F, 0xFF, 0xFD, 0xFF, 0xFF, 0xEF, 0xFF, 0xFF, 0x7C, 0xF8, 0x03,
    0xE3, 0xF3, 0x9F, 0xFF, 0xFC, 0xFF, 0xFF, 0xE3, 0xFF, 0xFF, 0x00, 0x1F, 0xE7, 0xFD, 0xFF, 0x7E,
    0x6F, 0x81, 0xE0, 0x3C, 0x07, 0x80, 0xF8, 0x1F, 0x8D, 0xFF, 0x9F, 0xF0, 0xFE, 0x1E, 0x01, 0xE0,
    0x3C, 0x1F, 0x83, 0xE0, 0x0C, 0x00, 0xF0, 0x07, 0xC0, 0x1F, 0x00, 0x78, 0x01, 0x80, 0x00, 0x03,
    0xF8, 0x3F, 0xE3, 0xFF, 0xBF, 0x7D, 0xF1, 0xFF, 0xFF, 0xFF, 0xFF, 0xFF, 0xFF, 0x00, 0xFC, 0x73,
    0xFF, 0x8F, 0xFC, 0x3F, 0xE0, 0x03, 0x00, 0x3C, 0x03, 0xE0, 0x1E, 0x00, 0xE0, 0x06, 0x00, 0x00,
    0x03, 0xF8, 0x3F, 0xE3, 0xFF, 0xBF, 0x7D, 0xF1, 0xFF, 0xFF, 0xFF, 0xFF, 0xFF, 0xFF, 0x00, 0xFC,
    0x73, 0xFF, 0x8F, 0xFC, 0x3F, 0xE0, 0x06, 0x00, 0x7C, 0x07, 0xF0, 0x7F, 0x81, 0x8C, 0x00, 0x00,
    0x7F, 0x07, 0xFC, 0x7F, 0xF7, 0xEF, 0xBE, 0x3F, 0xFF, 0xFF, 0xFF, 0xFF, 0xFF, 0xE0, 0x1F, 0x8E,
    0x7F, 0xF1, 0xFF, 0x87, 0xFC, 0x39, 0xE3, 0xEF, 0x1F, 0x78, 0x73, 0xC0, 0x00, 0x00, 0x00, 0x7F,
    0x07, 0xFC, 0x7F, 0xF7, 0xEF, 0xBE, 0x3F, 0xFF, 0xFF, 0xFF, 0xFF, 0xFF, 0xE0, 0x1F, 0x8E, 0x7F,
    0xF1, 0xFF, 0x87, 0xFC, 0x30, 0xF1, 0xF1, 0xE1, 0xC1, 0x80, 0x3E, 0x7C, 0xF9, 0xF3, 0xE7, 0xCF,
    0x9F, 0x3E, 0x7C, 0xF9, 0xF3, 0xE0, 0x18, 0xF7, 0xFE, 0xF1, 0x80, 0x3E, 0xFB, 0xEF, 0xBE, 0xFB,
    0xEF, 0xBE, 0xFB, 0xEF, 0xBE, 0x0C, 0x1F, 0x1F, 0xCF, 0xF6, 0x30, 0x00, 0xF8, 0x7C, 0x3E, 0x1F,
    0x0F, 0x87, 0xC3, 0xE1, 0xF0, 0xF8, 0x7C, 0x3E, 0x1F, 0x0F, 0x80, 0x71, 0xCF, 0x7D, 0xEF, 0xB8,
    0xE0, 0x00, 0x00, 0x07, 0xC0, 0xF8, 0x1F, 0x03, 0xE0, 0x7C, 0x0F, 0x81, 0xF0, 0x3E, 0x07, 0xC0,
    0xF8, 0x1F, 0x03, 0xE0, 0x7C, 0x00, 0x07, 0x00, 0x3F, 0xE0, 0x7F, 0x83, 0xFE, 0x0F, 0xF0, 0x1F,
    0xC0, 0x0F, 0x87, 0xFE, 0x7F, 0xF9, 0xFF, 0xEF, 0xCF, 0xBE, 0x1E, 0xF0, 0x7B, 0xC1, 0xEF, 0x8F,
    0xBF, 0x7C, 0x7F, 0xF1, 0xFF, 0x81, 0xFC, 0x00, 0x1E, 0xE1, 0xFF, 0x0F, 0xF8, 0x77, 0x80, 0x00,
    0x00, 0x01, 0xFF, 0x1F, 0xFC, 0xFF, 0xF7, 0xCF, 0xBE, 0x3D, 0xF1, 0xEF, 0x8F, 0x7C, 0x7B, 0xE3,
    0xDF, 0x1E, 0xF8, 0xF7, 0xC7, 0xBE, 0x3C, 0x06, 0x00, 0x3C, 0x00, 0xF0, 0x01, 0xE0, 0x03, 0x80,
    0x06, 0x00, 0x00, 0x07, 0xF0, 0x3F, 0xE1, 0xFF, 0xCF, 0xDF, 0xBE, 0x3E, 0xF0, 0x7B, 0xC1, 0xEF,
    0x07, 0xBE, 0x3E, 0xFD, 0xF9, 0xFF, 0xC3, 0xFE, 0x07, 0xF0, 0x03, 0x80, 0x0F, 0x00, 0x7C, 0x03,
    0xE0, 0x0F, 0x00, 0x18, 0x00, 0x00, 0x07, 0xF0, 0x3F, 0xE1, 0xFF, 0xCF, 0xDF, 0xBE, 0x3E, 0xF0,
    0x7B, 0xC1, 0xEF, 0x07, 0xBE, 0x3E, 0xFD, 0xF9, 0xFF, 0xC3, 0xFE, 0x07, 0xF0, 0x07, 0x00, 0x3E,
    0x01, 0xFC, 0x0F, 0xF8, 0x18, 0xC0, 0x00, 0x01, 0xFC, 0x0F, 0xF8, 0x7F, 0xF3, 0xF7, 0xEF, 0x8F,
    0xBC, 0x1E, 0xF0, 0x7B, 0xC1, 0xEF, 0x8F, 0xBF, 0x7E, 0x7F, 0xF0, 0xFF, 0x81, 0xFC, 0x00, 0x1E,
    0xE0, 0xFF, 0x83, 0xFE, 0x0E, 0xF0, 0x00, 0x00, 0x00, 0x01, 0xFC, 0x0F, 0xF8, 0x7F, 0xF3, 0xF7,
    0xEF, 0x8F, 0xBC, 0x1E, 0xF0, 0x7B, 0xC1, 0xEF, 0x8F, 0xBF, 0x7E, 0x7F, 0xF0, 0xFF, 0x81, 0xFC,
    0x00, 0x3C, 0xE0, 0xF7, 0xC3, 0xDF, 0x0F, 0x38, 0x00, 0x00, 0x00, 0x01, 0xFC, 0x0F, 0xF8, 0x7F,
    0xF3, 0xF7, 0xEF, 0x8F, 0xBC, 0x1E, 0xF0, 0x7B, 0xC1, 0xEF, 0x8F, 0xBF, 0x7E, 0x7F, 0xF0, 0xFF,
    0x81, 0xFC, 0x00, 0x0F, 0x00, 0xF8, 0x0F, 0x80, 0xF0, 0x00, 0x0F, 0xFF, 0xFF, 0xFF, 0xFF, 0x00,
    0x00, 0xF0, 0x0F, 0x80, 0xF8, 0x0F, 0x00, 0x00, 0x30, 0x7F, 0xE3, 0xFF, 0x9F, 0xFC, 0xFD, 0xFB,
    0xEF, 0xEF, 0x3F, 0xBD, 0xDE, 0xFF, 0x7B, 0xF9, 0xEF, 0xDF, 0x9F, 0xFC, 0x7F, 0xE3, 0xFF, 0x06,
    0x00, 0x00, 0x0C, 0x01, 0xE0, 0x1F, 0x00, 0xF8, 0x07, 0x80, 0x30, 0x00, 0x0F, 0x8F, 0xF8, 0xFF,
    0x8F, 0xF8, 0xFF, 0x8F, 0xF8, 0xFF, 0x8F, 0xF8, 0xFF, 0x8F, 0x7C, 0xF7, 0xFF, 0x3F, 0xF1, 0xFF,
    0x03, 0x00, 0x78, 0x07, 0x80, 0xF0, 0x0E, 0x00, 0xC0, 0x00, 0x0F, 0x8F, 0xF8, 0xFF, 0x8F, 0xF8,
    0xFF, 0x8F, 0xF8, 0xFF, 0x8F, 0xF8, 0xFF, 0x8F, 0x7C, 0xF7, 0xFF, 0x3F, 0xF1, 0xFF, 0x06, 0x00,
    0xF8, 0x1F, 0xC3, 0xFC, 0x18, 0xC0, 0x00, 0xF8, 0xFF, 0x8F, 0xF8, 0xFF, 0x8F, 0xF8, 0xFF, 0x8F,
    0xF8, 0xFF, 0x8F, 0xF8, 0xF7, 0xCF, 0x7F, 0xF3, 0xFF, 0x1F, 0xF0, 0x39, 0xE7, 0xDE, 0x7D, 0xE3,
    0x9E, 0x00, 0x00, 0x00, 0xF8, 0xFF, 0x8F, 0xF8, 0xFF, 0x8F, 0xF8, 0xFF, 0x8F, 0xF8, 0xFF, 0x8F,
    0xF8, 0xF7, 0xCF, 0x7F, 0xF3, 0xFF, 0x1F, 0xF0, 0x00, 0xC0, 0x07, 0x80, 0x3E, 0x01, 0xF0, 0x07,
    0x80, 0x0C, 0x00, 0x00, 0x3E, 0x1F, 0xF8, 0x79, 0xE1, 0xE7, 0xCF, 0x9F, 0x3C, 0x3C, 0xF0, 0xFF,
    0xC3, 0xFE, 0x07, 0xF8, 0x1F, 0xE0, 0x3F, 0x00, 0xFC, 0x01, 0xE0, 0x0F, 0x81, 0x7C, 0x0F, 0xF0,
    0x3F, 0x80, 0xFC, 0x00, 0x78, 0x07, 0xC0, 0x3E, 0x01, 0xF0, 0x0F, 0x80, 0x7C, 0x03, 0xFF, 0x1F,
    0xFC, 0xFF, 0xF7, 0xCF, 0xFE, 0x3F, 0xF0, 0xFF, 0x87, 0xFC, 0x3F, 0xE3, 0xFF, 0xBF, 0xFF, 0xF7,
    0xFF, 0xBF, 0xF1, 0xF0, 0x0F, 0x80, 0x7C, 0x03, 0xE0, 0x1F, 0x00, 0x3C, 0xE0, 0xF7, 0xC3, 0xDF,
    0x0F, 0x38, 0x00, 0x00, 0x00, 0x0F, 0x87, 0xFE, 0x1E, 0x78, 0x79, 0xF3, 0xE7, 0xCF, 0x0F, 0x3C,
    0x3F, 0xF0, 0xFF, 0x81, 0xFE, 0x07, 0xF8, 0x0F, 0xC0, 0x3F, 0x00, 0x78, 0x03, 0xE0, 0x5F, 0x03,
    0xFC, 0x0F, 0xE0, 0x3F, 0x00, 0x07, 0xF8, 0x01, 0xFE, 0x00, 0x7F, 0x80, 0x00, 0x00, 0x00, 0x00,
    0x00, 0x00, 0x00, 0x1E, 0x00, 0x0F, 0xC0, 0x03, 0xF0, 0x01, 0xFE, 0x00, 0x7F, 0x80, 0x3F, 0xF0,
    0x0F, 0x3C, 0x07, 0xCF, 0x81, 0xE3, 0xE0, 0x78, 0x78, 0x3F, 0xFF, 0x0F, 0xFF, 0xC3, 0xFF, 0xF9,
    0xF0, 0x3E, 0x7C, 0x0F, 0xBE, 0x01, 0xFF, 0x80, 0x7C, 0x3F, 0xE1, 0xFF, 0x0F, 0xF8, 0x00, 0x00,
    0x00, 0x00, 0x00, 0xFF, 0x07, 0xFE, 0x3F, 0xF1, 0x8F, 0x80, 0x3E, 0x3F, 0xF7, 0xFF, 0xBF, 0xFD,
    0xF3, 0xEF, 0x9F, 0x7F, 0xFB, 0xFF, 0xCF, 0xFC, 0x07, 0x3C, 0x01, 0xEE, 0x00, 0x3F, 0x80, 0x07,
    0xC0, 0x00, 0x00, 0x00, 0x00, 0x00, 0x1E, 0x00, 0x0F, 0xC0, 0x03, 0xF0, 0x01, 0xFE, 0x00, 0x7F,
    0x80, 0x3F, 0xF0, 0x0F, 0x3C, 0x07, 0xCF, 0x81, 0xE3, 0xE0, 0x78, 0x78, 0x3F, 0xFF, 0x0F, 0xFF,
    0xC3, 0xFF, 0xF9, 0xF0, 0x3E, 0x7C, 0x0F, 0xBE, 0x01, 0xFF, 0x80, 0x7C, 0x1C, 0xE0, 0xEF, 0x07,
    0xF8, 0x1F, 0x80, 0x00, 0x00, 0x00, 0xFF, 0x07, 0xFE, 0x3F, 0xF1, 0x8F, 0x80, 0x3E, 0x3F, 0xF7,
    0xFF, 0xBF, 0xFD, 0xF3, 0xEF, 0x9F, 0x7F, 0xFB, 0xFF, 0xCF, 0xFC, 0x01, 0xE0, 0x00, 0x7E, 0x00,
    0x0F, 0xC0, 0x03, 0xFC, 0x00, 0x7F, 0x80, 0x1F, 0xF8, 0x03, 0xCF, 0x00, 0xF9, 0xF0, 0x1E, 0x3E,
    0x03, 0xC3, 0xC0, 0xFF, 0xFC, 0x1F, 0xFF, 0x83, 0xFF, 0xF8, 0xF8, 0x1F, 0x1F, 0x03, 0xE7, 0xC0,
    0x3E, 0xF8, 0x07, 0xC0, 0x00, 0x78, 0x00, 0x1E, 0x00, 0x03, 0x80, 0x00, 0xFC, 0x00, 0x0F, 0xC0,
    0x01, 0xF8, 0x3F, 0xC1, 0xFF, 0x8F, 0xFC, 0x63, 0xE0, 0x0F, 0x8F, 0xFD, 0xFF, 0xEF, 0xFF, 0x7C,
    0xFB, 0xE7, 0xDF, 0xFE, 0xFF, 0xF3, 0xFF, 0x00, 0x78, 0x07, 0x80, 0x78, 0x03, 0xF0, 0x0F, 0xC0,
    0x7E, 0x00, 0x60, 0x01, 0xE0, 0x07, 0xC0, 0x1F, 0x00, 0x3C, 0x00, 0x30, 0x00, 0x00, 0x03, 0xFE,
    0x1F, 0xFE, 0x7F, 0xF9, 0xFC, 0x73, 0xE0, 0x0F, 0x80, 0x1F, 0x00, 0x3E, 0x00, 0x7C, 0x00, 0xF8,
    0x01, 0xF0, 0x03, 0xE0, 0x03, 0xE0, 0x07, 0xF1, 0xC7, 0xFF, 0xC7, 0xFF, 0x87, 0xFE, 0x01, 0x80,
    0x78, 0x1F, 0x07, 0xC0, 0xF0, 0x0C, 0x00, 0x00, 0xFF, 0x3F, 0xEF, 0xFB, 0xF3, 0x7C, 0x0F, 0x01,
    0xE0, 0x3C, 0x07, 0xC0, 0xFC, 0x6F, 0xFC, 0xFF, 0x8F, 0xF0, 0x00, 0xC0, 0x03, 0xC0, 0x1F, 0xC0,
    0x3F, 0xC0, 0x73, 0x00, 0x00, 0x01, 0xFF, 0x0F, 0xFF, 0x3F, 0xFC, 0xFE, 0x39, 0xF0, 0x07, 0xC0,
    0x0F, 0x80, 0x1F, 0x00, 0x3E, 0x00, 0x7C, 0x00, 0xF8, 0x01, 0xF0, 0x01, 0xF0, 0x03, 0xF8, 0xE3,
    0xFF, 0xE3, 0xFF, 0xC3, 0xFF, 0x00, 0x07, 0x01, 0xF0, 0x7F, 0x1F, 0xE1, 0x8C, 0x00, 0x07, 0xF9,
    0xFF, 0x7F, 0xDF, 0x9B, 0xE0, 0x78, 0x0F, 0x01, 0xE0, 0x3E, 0x07, 0xE3, 0x7F, 0xE7, 0xFC, 0x7F,
    0x80, 0x01, 0xE0, 0x03, 0xC0, 0x07, 0x80, 0x0F, 0x00, 0x00, 0x00, 0x00, 0x01, 0xFF, 0x0F, 0xFF,
    0x3F, 0xFC, 0xFE, 0x39, 0xF0, 0x07, 0xC0, 0x0F, 0x80, 0x1F, 0x00, 0x3E, 0x00, 0x7C, 0x00, 0xF8,
    0x01, 0xF0, 0x01, 0xF0, 0x03, 0xF8, 0xE3, 0xFF, 0xE3, 0xFF, 0xC3, 0xFF, 0x00, 0x07, 0x01, 0xF0,
    0x3E, 0x03, 0x80, 0x00, 0x00, 0x07, 0xF9, 0xFF, 0x7F, 0xDF, 0x9B, 0xE0, 0x78, 0x0F, 0x01, 0xE0,
    0x3E, 0x07, 0xE3, 0x7F, 0xE7, 0xFC, 0x7F, 0x80, 0x06, 0x30, 0x0F, 0xF0, 0x1F, 0xC0, 0x0F, 0x00,
    0x0C, 0x00, 0x00, 0x00, 0x00, 0x03, 0xFE, 0x1F, 0xFE, 0x7F, 0xF9, 0xFC, 0x73, 0xE0, 0x0F, 0x80,
    0x1F, 0x00, 0x3E, 0x00, 0x7C, 0x00, 0xF8, 0x01, 0xF0, 0x03, 0xE0, 0x03, 0xE0, 0x07, 0xF1, 0xC7,
    0xFF, 0xC7, 0xFF, 0x87, 0xFE, 0x18, 0xC7, 0xFC, 0x7F, 0x07, 0xC0, 0x70, 0x00, 0x00, 0x00, 0xFF,
    0x3F, 0xEF, 0xFB, 0xF3, 0x7C, 0x0F, 0x01, 0xE0, 0x3C, 0x07, 0xC0, 0xFC, 0x6F, 0xFC, 0xFF, 0x8F,
    0xF0, 0x1C, 0xC0, 0x1F, 0xE0, 0x1F, 0xC0, 0x07, 0x80, 0x03, 0x00, 0x00, 0x00, 0x00, 0x00, 0xFF,
    0xC0, 0xFF, 0xF0, 0xFF, 0xF8, 0xF1, 0xFC, 0xF0, 0x7E, 0xF0, 0x3E, 0xF0, 0x1E, 0xF0, 0x1E, 0xF0,
    0x1F, 0xF0, 0x1E, 0xF0, 0x3E, 0xF0, 0x3E, 0xF0, 0x7E, 0xF1, 0xFC, 0xFF, 0xF8, 0xFF, 0xF0, 0xFF,
    0xC0, 0x00, 0xFB, 0x80, 0x3E, 0xE0, 0x0F, 0xB8, 0x03, 0xEE, 0x00, 0xFB, 0x80, 0x3E, 0xE1, 0xFF,
    0x81, 0xFF, 0xE0, 0x7F, 0xF8, 0x3F, 0x7E, 0x0F, 0x8F, 0x83, 0xC3, 0xE0, 0xF0, 0xF8, 0x3C, 0x3E,
    0x0F, 0x8F, 0x83, 0xF3, 0xE0, 0x7F, 0xF8, 0x0F, 0xFE, 0x01, 0xFF, 0x00, 0x3F, 0xF8, 0x0F, 0xFF,
    0x83, 0xFF, 0xF0, 0xF9, 0xFE, 0x3E, 0x0F, 0x8F, 0x83, 0xE3, 0xE0, 0x7F, 0xFF, 0x1F, 0xFF, 0xC7,
    0xFF, 0xF1, 0xF3, 0xE0, 0x7C, 0xF8, 0x3E, 0x3E, 0x1F, 0x8F, 0x9F, 0xC3, 0xFF, 0xF0, 0xFF, 0xF0,
    0x3F, 0xF8, 0x00, 0x00, 0xF8, 0x03, 0xE0, 0x7F, 0xC1, 0xFF, 0x00, 0xF8, 0x03, 0xE1, 0xFF, 0x8F,
    0xFE, 0x7F, 0xFB, 0xF7, 0xEF, 0x8F, 0xBC, 0x3E, 0xF0, 0xFB, 0xC3, 0xEF, 0x8F, 0xBF, 0x3E, 0x7F,
    0xF8, 0xFF, 0xE1, 0xFF, 0x00, 0x7F, 0xC3, 0xFE, 0x1F, 0xF0, 0x00, 0x00, 0x00, 0x00, 0x03, 0xFF,
    0xDF, 0xFE, 0xFF, 0xF7, 0x80, 0x3C, 0x01, 0xE0, 0x0F, 0x00, 0x7F, 0xF3, 0xFF, 0x9F, 0xFC, 0xF0,
    0x07, 0x80, 0x3C, 0x01, 0xE0, 0x0F, 0xFF, 0xFF, 0xFF, 0xFF, 0xE0, 0x3F, 0xE1, 0xFF, 0x0F, 0xF8,
    0x00, 0x00, 0x00, 0x00, 0x00, 0x7F, 0x07, 0xFC, 0x7F, 0xF7, 0xEF, 0xBE, 0x3F, 0xFF, 0xFF, 0xFF,
    0xFF, 0xFF, 0xE0, 0x1F, 0x8E, 0x7F, 0xF1, 0xFF, 0x87, 0xFC, 0x39, 0xC1, 0xFE, 0x0F, 0xF0, 0x3F,
    0x00, 0x00, 0x00, 0x03, 0xFF, 0xDF, 0xFE, 0xFF, 0xF7, 0x80, 0x3C, 0x01, 0xE0, 0x0F, 0x00, 0x7F,
    0xF3, 0xFF, 0x9F, 0xFC, 0xF0, 0x07, 0x80, 0x3C, 0x01, 0xE0, 0x0F, 0xFF, 0xFF, 0xFF, 0xFF, 0xE0,
    0x39, 0xE1, 0xEE, 0x07, 0xF0, 0x1F, 0x00, 0x00, 0x00, 0x00, 0x7F, 0x07, 0xFC, 0x7F, 0xF7, 0xEF,
    0xBE, 0x3F, 0xFF, 0xFF, 0xFF, 0xFF, 0xFF, 0xE0, 0x1F, 0x8E, 0x7F, 0xF1, 0xFF, 0x87, 0xFC, 0x0F,
    0x00, 0x78, 0x03, 0xC0, 0x1E, 0x00, 0x00, 0x00, 0x03, 0xFF, 0xDF, 0xFE, 0xFF, 0xF7, 0x80, 0x3C,
    0x01, 0xE0, 0x0F, 0x00, 0x7F, 0xF3, 0xFF, 0x9F, 0xFC, 0xF0, 0x07, 0x80, 0x3C, 0x01, 0xE0, 0x0F,
    0xFF, 0xFF, 0xFF, 0xFF, 0xE0, 0x0F, 0x00, 0x7C, 0x03, 0xE0, 0x1E, 0x00, 0x00, 0x00, 0x00, 0x7F,
    0x07, 0xFC, 0x7F, 0xF7, 0xEF, 0xBE, 0x3F, 0xFF, 0xFF, 0xFF, 0xFF, 0xFF, 0xE0, 0x1F, 0x8E, 0x7F,
    0xF1, 0xFF, 0x87, 0xFC, 0xFF, 0xF7, 0xFF, 0xBF, 0xFD, 0xE0, 0x0F, 0x00, 0x78, 0x03, 0xC0, 0x1F,
    0xFC, 0xFF, 0xE7, 0xFF, 0x3C, 0x01, 0xE0, 0x0F, 0x00, 0x78, 0x03, 0xFF, 0xFF, 0xFF, 0xFF, 0xF8,
    0x07, 0x80, 0x38, 0x03, 0xC0, 0x1F, 0x80, 0xFC, 0x03, 0xE0, 0x1F, 0xC1, 0xFF, 0x1F, 0xFD, 0xFB,
    0xEF, 0x8F, 0xFF, 0xFF, 0xFF, 0xFF, 0xFF, 0xF8, 0x07, 0xE3, 0x9F, 0xFC, 0x7F, 0xE1, 0xFF, 0x00,
    0xE0, 0x0F, 0x00, 0x7E, 0x03, 0xF0, 0x1F, 0x80, 0x19, 0x81, 0xFE, 0x07, 0xE0, 0x1E, 0x00, 0x60,
    0x00, 0x00, 0x00, 0x1F, 0xFE, 0xFF, 0xF7, 0xFF, 0xBC, 0x01, 0xE0, 0x0F, 0x00, 0x78, 0x03, 0xFF,
    0x9F, 0xFC, 0xFF, 0xE7, 0x80, 0x3C, 0x01, 0xE0, 0x0F, 0x00, 0x7F, 0xFF, 0xFF, 0xFF, 0xFF, 0x18,
    0xC1, 0xFF, 0x07, 0xF0, 0x1F, 0x00, 0x70, 0x00, 0x00, 0x00, 0x03, 0xF8, 0x3F, 0xE3, 0xFF, 0xBF,
    0x7D, 0xF1, 0xFF, 0xFF, 0xFF, 0xFF, 0xFF, 0xFF, 0x00, 0xFC, 0x73, 0xFF, 0x8F, 0xFC, 0x3F, 0xE0,
    0x00, 0xC0, 0x03, 0xC0, 0x1F, 0xC0, 0x3F, 0xC0, 0x73, 0x00, 0x00, 0x01, 0xFF, 0x0F, 0xFF, 0x3F,
    0xFE, 0xFE, 0x39, 0xF0, 0x07, 0xC0, 0x0F, 0x80, 0x1F, 0x00, 0x3E, 0x07, 0xFC, 0x0F, 0xF8, 0x1F,
    0xF0, 0x3D, 0xF0, 0x7B, 0xF8, 0xF3, 0xFF, 0xE3, 0xFF, 0xC1, 0xFF, 0x80, 0x03, 0x00, 0x3C, 0x07,
    0xF0, 0x3F, 0xC0, 0xCC, 0x00, 0x00, 0x7F, 0xC7, 0xFE, 0x7F, 0xF7, 0xE7, 0xBE, 0x3D, 0xE1, 0xEF,
    0x0F, 0x78, 0x7B, 0xE3, 0xDF, 0xBE, 0x7F, 0xF3, 0xFF, 0x8F, 0xFC, 0x01, 0xE7, 0x1F, 0x3F, 0xF9,
    0xFF, 0x8F, 0xF8, 0x0F, 0x38, 0x0E, 0xF0, 0x1F, 0xC0, 0x1F, 0x00, 0x00, 0x00, 0x00, 0x01, 0xFF,
    0x0F, 0xFF, 0x3F, 0xFE, 0xFE, 0x39, 0xF0, 0x07, 0xC0, 0x0F, 0x80, 0x1F, 0x00, 0x3E, 0x07, 0xFC,
    0x0F, 0xF8, 0x1F, 0xF0, 0x3D, 0xF0, 0x7B, 0xF8, 0xF3, 0xFF, 0xE3, 0xFF, 0xC1, 0xFF, 0x80, 0x1C,
    0xE0, 0xEF, 0x07, 0xF8, 0x1F, 0x80, 0x00, 0x00, 0x00, 0x7F, 0xC7, 0xFE, 0x7F, 0xF7, 0xE7, 0xBE,
    0x3D, 0xE1, 0xEF, 0x0F, 0x78, 0x7B, 0xE3, 0xDF, 0xBE, 0x7F, 0xF3, 0xFF, 0x8F, 0xFC, 0x01, 0xE7,
    0x1F, 0x3F, 0xF9, 0xFF, 0x8F, 0xF8, 0x01, 0xE0, 0x03, 0xC0, 0x07, 0x80, 0x0F, 0x00, 0x00, 0x00,
    0x00, 0x01, 0xFF, 0x0F, 0xFF, 0x3F, 0xFE, 0xFE, 0x39, 0xF0, 0x07, 0xC0, 0x0F, 0x80, 0x1F, 0x00,
    0x3E, 0x07, 0xFC, 0x0F, 0xF8, 0x1F, 0xF0, 0x3D, 0xF0, 0x7B, 0xF8, 0xF3, 0xFF, 0xE3, 0xFF, 0xC1,
    0xFF, 0x80, 0x07, 0x00, 0x7C, 0x03, 0xE0, 0x0E, 0x00, 0x00, 0x00, 0x00, 0x7F, 0xC7, 0xFE, 0x7F,
    0xF7, 0xE7, 0xBE, 0x3D, 0xE1, 0xEF, 0x0F, 0x78, 0x7B, 0xE3, 0xDF, 0xBE, 0x7F, 0xF3, 0xFF, 0x8F,
    0xFC, 0x01, 0xE7, 0x1F, 0x3F, 0xF9, 0xFF, 0x8F, 0xF8, 0x07, 0xFC, 0x3F, 0xFC, 0xFF, 0xFB, 0xF8,
    0xE7, 0xC0, 0x1F, 0x00, 0x3E, 0x00, 0x7C, 0x00, 0xF8, 0x1F, 0xF0, 0x3F, 0xE0, 0x7F, 0xC0, 0xF7,
    0xC1, 0xEF, 0xE3, 0xCF, 0xFF, 0x8F, 0xFF, 0x07, 0xFE, 0x00, 0x00, 0x07, 0x80, 0x0F, 0x00, 0x7E,
    0x00, 0x78, 0x00, 0x01, 0x80, 0x1E, 0x01, 0xE0, 0x0F, 0x00, 0x78, 0x00, 0x00, 0x00, 0x03, 0xFE,
    0x3F, 0xF3, 0xFF, 0xBF, 0x3D, 0xF1, 0xEF, 0x0F, 0x78, 0x7B, 0xC3, 0xDF, 0x1E, 0xFD, 0xF3, 0xFF,
    0x9F, 0xFC, 0x7F, 0xE0, 0x0F, 0x38, 0xF9, 0xFF, 0xCF, 0xFC, 0x7F, 0xC0, 0x03, 0x00, 0x0F, 0x00,
    0x3F, 0x80, 0xFF, 0x00, 0xCE, 0x00, 0x00, 0x3C, 0x0F, 0xF8, 0x1F, 0xF0, 0x3F, 0xE0, 0x7F, 0xC0,
    0xFF, 0x81, 0xFF, 0x03, 0xFF, 0xFF, 0xFF, 0xFF, 0xFF, 0xFF, 0xF0, 0x3F, 0xE0, 0x7F, 0xC0, 0xFF,
    0x81, 0xFF, 0x03, 0xFE, 0x07, 0xFC, 0x0F, 0x80, 0x1C, 0x01, 0xF0, 0x1F, 0xC0, 0xFE, 0x06, 0x30,
    0x00, 0x01, 0xE0, 0x1F, 0x00, 0xF8, 0x07, 0xC0, 0x3E, 0x01, 0xF0, 0x0F, 0xFC, 0x7F, 0xF3, 0xFF,
    0xDF, 0x3E, 0xF8, 0xF7, 0xC7, 0xBE, 0x3D, 0xF1, 0xEF, 0x8F, 0x7C, 0x7B, 0xE3, 0xDF, 0x1E, 0xF8,
    0xF0, 0x3E, 0x0F, 0x87, 0xC1, 0xF3, 0xFF, 0xFF, 0xFF, 0xFF, 0xFF, 0xFF, 0xFE, 0x7C, 0x1F, 0x0F,
    0x83, 0xE1, 0xFF, 0xFC, 0x3F, 0xFF, 0x87, 0xFF, 0xF0, 0xF8, 0x3E, 0x1F, 0x07, 0xC3, 0xE0, 0xF8,
    0x7C, 0x1F, 0x0F, 0x83, 0xE1, 0xF0, 0x7C, 0x3E, 0x0F, 0x80, 0x3C, 0x00, 0xF0, 0x0F, 0xFC, 0x3F,
    0xF0, 0x3C, 0x00, 0xF0, 0x03, 0xFE, 0x0F, 0xFC, 0x3F, 0xF8, 0xF3, 0xE3, 0xC7, 0xCF, 0x1F, 0x3C,
    0x7C, 0xF1, 0xF3, 0xC7, 0xCF, 0x1F, 0x3C, 0x7C, 0xF1, 0xF3, 0xC7, 0xC0, 0x7D, 0x9F, 0xFF, 0xF9,
    0xBE, 0x00, 0x00, 0x01, 0xE0, 0x78, 0x1E, 0x07, 0x81, 0xE0, 0x78, 0x1E, 0x07, 0x81, 0xE0, 0x78,
    0x1E, 0x07, 0x81, 0xE0, 0x78, 0x1E, 0x07, 0x81, 0xE0, 0x7D, 0xBF, 0xEF, 0xFB, 0xBC, 0x00, 0x00,
    0x03, 0xE0, 0xF8, 0x3E, 0x0F, 0x83, 0xE0, 0xF8, 0x3E, 0x0F, 0x83, 0xE0, 0xF8, 0x3E, 0x0F, 0x83,
    0xE0, 0x7F, 0x9F, 0xE7, 0xF8, 0x00, 0x00, 0x00, 0x01, 0xE0, 0x78, 0x1E, 0x07, 0x81, 0xE0, 0x78,
    0x1E, 0x07, 0x81, 0xE0, 0x78, 0x1E, 0x07, 0x81, 0xE0, 0x78, 0x1E, 0x07, 0x81, 0xE0, 0xFF, 0xFF,
    0xFF, 0xE0, 0x00, 0x00, 0x00, 0xF8, 0x7C, 0x3E, 0x1F, 0x0F, 0x87, 0xC3, 0xE1, 0xF0, 0xF8, 0x7C,
    0x3E, 0x1F, 0x0F, 0x80, 0xE7, 0xFB, 0x9F, 0xC7, 0xC0, 0x00, 0x00, 0xF0, 0x78, 0x3C, 0x1E, 0x0F,
    0x07, 0x83, 0xC1, 0xE0, 0xF0, 0x78, 0x3C, 0x1E, 0x0F, 0x07, 0x83, 0xC1, 0xE0, 0xF0, 0xF3, 0xFB,
    0xDF, 0xC7, 0xC0, 0x00, 0x00, 0xF8, 0x7C, 0x3E, 0x1F, 0x0F, 0x87, 0xC3, 0xE1, 0xF0, 0xF8, 0x7C,
    0x3E, 0x1F, 0x0F, 0x80, 0x3C, 0x78, 0xF1, 0xE3, 0xC7, 0x8F, 0x1E, 0x3C, 0x78, 0xF1, 0xE3, 0xC7,
    0x8F, 0x1E, 0x3C, 0x79, 0xE3, 0xCF, 0xEF, 0xDF, 0x80, 0x3D, 0xF7, 0xCF, 0x00, 0x07, 0xDF, 0x7D,
    0xF7, 0xDF, 0x7D, 0xF7, 0xDF, 0x7D, 0xF7, 0xDE, 0x73, 0xCF, 0xFF, 0x7C, 0x7B, 0xDE, 0xF0, 0x01,
    0xEF, 0x7B, 0xDE, 0xF7, 0xBD, 0xEF, 0x7B, 0xDE, 0xF7, 0xBD, 0xE0, 0xFF, 0xFF, 0xFF, 0xFF, 0xFF,
    0xFF, 0xFF, 0xFF, 0x80, 0xF0, 0x07, 0xFC, 0x01, 0xFF, 0x00, 0x7F, 0xC0, 0x1F, 0xF0, 0x07, 0xFC,
    0x01, 0xFF, 0x00, 0x7F, 0xC0, 0x1F, 0xF0, 0x07, 0xFC, 0x01, 0xFF, 0x00, 0x7F, 0xC0, 0x1F, 0xF0,
    0x07, 0xFC, 0x73, 0xEF, 0x3F, 0xFB, 0xCF, 0xFC, 0xF1, 0xFE, 0x00, 0x78, 0xFF, 0x9F, 0xF9, 0xF7,
    0x8F, 0x00, 0x00, 0x00, 0xF8, 0xFF, 0x8F, 0xF8, 0xFF, 0x8F, 0xF8, 0xFF, 0x8F, 0xF8, 0xFF, 0x8F,
    0xF8, 0xFF, 0x8F, 0xF8, 0xFF, 0x8F, 0xF8, 0xF0, 0x1F, 0x01, 0xF0, 0xFF, 0x0F, 0xE0, 0xFC, 0x00,
    0xE0, 0x07, 0xC0, 0x3F, 0x81, 0xFE, 0x03, 0x18, 0x00, 0x00, 0x1F, 0x00, 0x7C, 0x01, 0xF0, 0x07,
    0xC0, 0x1F, 0x00, 0x7C, 0x01, 0xF0, 0x07, 0xC0, 0x1F, 0x00, 0x7C, 0x01, 0xF0, 0x07, 0xC0, 0x1F,
    0x1C, 0xF8, 0xFF, 0xE3, 0xFF, 0x07, 0xF8, 0x00, 0x06, 0x07, 0xC3, 0xF8, 0xFF, 0x31, 0x80, 0x01,
    0xF0, 0x7C, 0x1F, 0x07, 0xC1, 0xF0, 0x7C, 0x1F, 0x07, 0xC1, 0xF0, 0x7C, 0x1F, 0x07, 0xC1, 0xF0,
    0x7C, 0x1F, 0x3F, 0x8F, 0xE3, 0xF0, 0xF0, 0x7D, 0xE1, 0xF3, 0xC7, 0xE7, 0x9F, 0x8F, 0x7E, 0x1F,
    0xF8, 0x3F, 0xE0, 0x7F, 0x80, 0xFF, 0x01, 0xFF, 0x03, 0xFF, 0x07, 0xBF, 0x0F, 0x3F, 0x1E, 0x3F,
    0x3C, 0x3E, 0x78, 0x3E, 0xF0, 0x7E, 0x00, 0x00, 0x1E, 0x00, 0x3C, 0x00, 0xF8, 0x01, 0xE0, 0x00,
    0x78, 0x03, 0xE0, 0x0F, 0x80, 0x3E, 0x00, 0xF8, 0x03, 0xE0, 0x0F, 0x8F, 0xBE, 0x7C, 0xFB, 0xE3,
    0xFF, 0x0F, 0xF8, 0x3F, 0xC0, 0xFF, 0x83, 0xFF, 0x0F, 0xFE, 0x3E, 0xF8, 0xF9, 0xF3, 0xE3, 0xEF,
    0x8F, 0x80, 0x00, 0x07, 0x80, 0x3E, 0x01, 0xF0, 0x07, 0x80, 0xF8, 0xFB, 0xE7, 0xCF, 0xBE, 0x3F,
    0xF0, 0xFF, 0x83, 0xFC, 0x0F, 0xF8, 0x3F, 0xF0, 0xFF, 0xE3, 0xEF, 0x8F, 0x9F, 0x3E, 0x7E, 0xF8,
    0xF8, 0x1C, 0x00, 0xF0, 0x0F, 0x80, 0xF8, 0x07, 0x80, 0x18, 0x00, 0x00, 0x0F, 0x00, 0x78, 0x03,
    0xC0, 0x1E, 0x00, 0xF0, 0x07, 0x80, 0x3C, 0x01, 0xE0, 0x0F, 0x00, 0x78, 0x03, 0xC0, 0x1E, 0x00,
    0xF0, 0x07, 0x80, 0x3F, 0xFD, 0xFF, 0xEF, 0xFF, 0x0C, 0xFB, 0xFF, 0x80, 0x0F, 0x3E, 0x7C, 0xF9,
    0xF3, 0xE7, 0xCF, 0x9F, 0x3E, 0x7C, 0xF9, 0xF3, 0xE7, 0xCF, 0xCF, 0xDF, 0x9E, 0xF0, 0x0F, 0x00,
    0xF0, 0x0F, 0x00, 0xF0, 0x0F, 0x00, 0xF0, 0x0F, 0x00, 0xF0, 0x0F, 0x00, 0xF0, 0x0F, 0x00, 0xF0,
    0x0F, 0x00, 0xFF, 0xFF, 0xFF, 0xFF, 0xF0, 0x00, 0x0F, 0x00, 0xF0, 0x1F, 0x01, 0xE0, 0x79, 0xF3,
    0xE7, 0xCF, 0x9F, 0x3E, 0x7C, 0xF9, 0xF3, 0xE7, 0xCF, 0x9F, 0x3E, 0x7E, 0x7E, 0xFC, 0xF0, 0x03,
    0x8F, 0x3E, 0x78, 0xF3, 0xCF, 0x3C, 0xF3, 0x8F, 0x38, 0xF3, 0x8F, 0x38, 0xF0, 0x0F, 0x00, 0xF0,
    0x0F, 0x00, 0xF0, 0x0F, 0x00, 0xF0, 0x0F, 0x00, 0xFF, 0xFF, 0xFF, 0xFF, 0xF0, 0x7B, 0xFE, 0xEF,
    0xBB, 0xEE, 0xFB, 0xBE, 0xEF, 0x83, 0xE0, 0xF8, 0x3E, 0x0F, 0x83, 0xE0, 0xF8, 0x3E, 0x0F, 0x83,
    0xF0, 0x7E, 0x1F, 0x83, 0xC0, 0xF0, 0x0F, 0x00, 0xF0, 0x0F, 0x00, 0xF1, 0xEF, 0x3E, 0xF3, 0xFF,
    0x3E, 0xF1, 0xEF, 0x00, 0xF0, 0x0F, 0x00, 0xF0, 0x0F, 0x00, 0xFF, 0xFF, 0xFF, 0xFF, 0xF0, 0x78,
    0x0F, 0x80, 0xF8, 0x0F, 0x80, 0xF8, 0x0F, 0x80, 0xF9, 0xEF, 0xBF, 0xFB, 0xFF, 0xBF, 0xF9, 0xEF,
    0x80, 0xF8, 0x0F, 0x80, 0xF8, 0x0F, 0xC0, 0x7E, 0x07, 0xE0, 0x3C, 0x00, 0x3E, 0x00, 0x7C, 0x00,
    0xF8, 0x01, 0xF0, 0x03, 0xE4, 0x07, 0xFC, 0x0F, 0xF8, 0x1F, 0xE0, 0x7F, 0x81, 0xFC, 0x03, 0xF8,
    0x03, 0xF0, 0x03, 0xE0, 0x07, 0xC0, 0x0F, 0xFF, 0x9F, 0xFF, 0x3F, 0xFE, 0x1F, 0x03, 0xE0, 0x7C,
    0x0F, 0x81, 0xF0, 0x3F, 0x07, 0xF0, 0xFE, 0x7F, 0x8F, 0xE1, 0xFC, 0x1F, 0x81, 0xF0, 0x3E, 0x07,
    0xC0, 0xF8, 0x1F, 0x81, 0xF0, 0x1E, 0x00, 0x01, 0x80, 0x03, 0xC0, 0x0F, 0x80, 0x3E, 0x00, 0x78,
    0x00, 0x40, 0x00, 0x00, 0x78, 0x0F, 0xF8, 0x1F, 0xF8, 0x3F, 0xF8, 0x7F, 0xF8, 0xFF, 0xF1, 0xFF,
    0xF3, 0xFD, 0xF7, 0xFB, 0xEF, 0xF3, 0xFF, 0xE3, 0xFF, 0xC3, 0xFF, 0x87, 0xFF, 0x07, 0xFE, 0x07,
    0xFC, 0x0F, 0xF8, 0x0F, 0x03, 0x00, 0x3C, 0x03, 0xE0, 0x3E, 0x01, 0xE0, 0x06, 0x00, 0x00, 0x0F,
    0xF8, 0xFF, 0xE7, 0xFF, 0xBE, 0x7D, 0xF1, 0xEF, 0x8F, 0x7C, 0x7B, 0xE3, 0xDF, 0x1E, 0xF8, 0xF7,
    0xC7, 0xBE, 0x3D, 0xF1, 0xE0, 0xF0, 0x1F, 0xF0, 0x3F, 0xF0, 0x7F, 0xF0, 0xFF, 0xF1, 0xFF, 0xE3,
    0xFF, 0xE7, 0xFB, 0xEF, 0xF7, 0xDF, 0xE7, 0xFF, 0xC7, 0xFF, 0x87, 0xFF, 0x0F, 0xFE, 0x0F, 0xFC,
    0x0F, 0xF8, 0x1F, 0xF0, 0x1E, 0x00, 0x00, 0x0F, 0x00, 0x3E, 0x00, 0xF8, 0x01, 0xF0, 0x00, 0x7F,
    0xC7, 0xFF, 0x3F, 0xFD, 0xF3, 0xEF, 0x8F, 0x7C, 0x7B, 0xE3, 0xDF, 0x1E, 0xF8, 0xF7, 0xC7, 0xBE,
    0x3D, 0xF1, 0xEF, 0x8F, 0x00, 0x00, 0x1C, 0x01, 0xE0, 0x1F, 0x00, 0xF0, 0x00, 0x0C, 0xE0, 0x3F,
    0xC0, 0x3F, 0x80, 0x3C, 0x00, 0x30, 0x00, 0x00, 0x00, 0x00, 0x78, 0x0F, 0xF8, 0x1F, 0xF8, 0x3F,
    0xF8, 0x7F, 0xF8, 0xFF, 0xF1, 0xFF, 0xF3, 0xFD, 0xF7, 0xFB, 0xEF, 0xF3, 0xFF, 0xE3, 0xFF, 0xC3,
    0xFF, 0x87, 0xFF, 0x07, 0xFE, 0x07, 0xFC, 0x0F, 0xF8, 0x0F, 0x18, 0xC1, 0xFE, 0x07, 0xF0, 0x1F,
    0x00, 0x60, 0x00, 0x00, 0x00, 0x0F, 0xF8, 0xFF, 0xE7, 0xFF, 0xBE, 0x7D, 0xF1, 0xEF, 0x8F, 0x7C,
    0x7B, 0xE3, 0xDF, 0x1E, 0xF8, 0xF7, 0xC7, 0xBE, 0x3D, 0xF1, 0xE0, 0x78, 0x00, 0xF0, 0x01, 0xE0,
    0x03, 0xC0, 0x0F, 0x00, 0x1E, 0x00, 0x07, 0xFE, 0x0F, 0xFE, 0x1F, 0xFE, 0x3E, 0x7C, 0x7C, 0x78,
    0xF8, 0xF1, 0xF1, 0xE3, 0xE3, 0xC7, 0xC7, 0x8F, 0x8F, 0x1F, 0x1E, 0x3E, 0x3C, 0x7C, 0x78, 0xF0,
    0x1F, 0xF0, 0x3F, 0xF0, 0x7F, 0xF0, 0xFF, 0xF1, 0xFF, 0xE3, 0xFF, 0xE7, 0xFB, 0xEF, 0xF7, 0xDF,
    0xE7, 0xFF, 0xC7, 0xFF, 0x87, 0xFF, 0x0F, 0xFE, 0x0F, 0xFC, 0x1F, 0xF8, 0x1F, 0xF0, 0x1E, 0x00,
    0x3C, 0x00, 0xF8, 0x07, 0xF0, 0x0F, 0xC0, 0x1F, 0x00, 0x7F, 0xC7, 0xFF, 0x3F, 0xFD, 0xF3, 0xEF,
    0x8F, 0x7C, 0x7B, 0xE3, 0xDF, 0x1E, 0xF8, 0xF7, 0xC7, 0xBE, 0x3D, 0xF1, 0xEF, 0x8F, 0x00, 0x78,
    0x07, 0xC0, 0xFE, 0x07, 0xF0, 0x3F, 0x00, 0x0F, 0xF8, 0x03, 0xFE, 0x00, 0xFF, 0x80, 0x00, 0x00,
    0x00, 0x00, 0x00, 0x00, 0x00, 0x7F, 0x80, 0x7F, 0xF8, 0x3F, 0xFF, 0x1F, 0xCF, 0xC7, 0xC0, 0xFB,
    0xE0, 0x3E, 0xF8, 0x07, 0xFE, 0x01, 0xFF, 0x80, 0x7F, 0xE0, 0x1F, 0xF8, 0x07, 0xFE, 0x03, 0xE7,
    0xC0, 0xF9, 0xFC, 0xFE, 0x3F, 0xFF, 0x07, 0xFF, 0x80, 0x7F, 0x80, 0x3F, 0xE0, 0xFF, 0x83, 0xFE,
    0x00, 0x00, 0x00, 0x00, 0x00, 0x01, 0xFC, 0x0F, 0xF8, 0x7F, 0xF3, 0xF7, 0xEF, 0x8F, 0xBC, 0x1E,
    0xF0, 0x7B, 0xC1, 0xEF, 0x8F, 0xBF, 0x7E, 0x7F, 0xF0, 0xFF, 0x81, 0xFC, 0x00, 0x0F, 0x38, 0x01,
    0xDE, 0x00, 0x7F, 0x80, 0x0F, 0xC0, 0x00, 0x00, 0x00, 0x00, 0x00, 0x7F, 0x80, 0x7F, 0xF8, 0x3F,
    0xFF, 0x1F, 0xCF, 0xC7, 0xC0, 0xFB, 0xE0, 0x3E, 0xF8, 0x07, 0xFE, 0x01, 0xFF, 0x80, 0x7F, 0xE0,
    0x1F, 0xF8, 0x07, 0xFE, 0x03, 0xE7, 0xC0, 0xF9, 0xFC, 0xFE, 0x3F, 0xFF, 0x07, 0xFF, 0x80, 0x7F,
    0x80, 0x3C, 0xE0, 0xF7, 0x81, 0xFC, 0x03, 0xE0, 0x00, 0x00, 0x00, 0x01, 0xFC, 0x0F, 0xF8, 0x7F,
    0xF3, 0xF7, 0xEF, 0x8F, 0xBC, 0x1E, 0xF0, 0x7B, 0xC1, 0xEF, 0x8F, 0xBF, 0x7E, 0x7F, 0xF0, 0xFF,
    0x81, 0xFC, 0x00, 0x01, 0x8C, 0x00, 0xF3, 0x80, 0x3D, 0xE0, 0x1E, 0xF0, 0x07, 0x38, 0x01, 0x8C,
    0x00, 0x00, 0x00, 0x1F, 0xE0, 0x1F, 0xFE, 0x0F, 0xFF, 0xC7, 0xF3, 0xF1, 0xF0, 0x3E, 0xF8, 0x0F,
    0xBE, 0x01, 0xFF, 0x80, 0x7F, 0xE0, 0x1F, 0xF8, 0x07, 0xFE, 0x01, 0xFF, 0x80, 0xF9, 0xF0, 0x3E,
    0x7F, 0x3F, 0x8F, 0xFF, 0xC1, 0xFF, 0xE0, 0x1F, 0xE0, 0x04, 0x20, 0x39, 0xE1, 0xFF, 0x87, 0xBC,
    0x3D, 0xE0, 0xE3, 0x00, 0x00, 0x07, 0xF0, 0x3F, 0xE1, 0xFF, 0xCF, 0xDF, 0xBE, 0x3E, 0xF0, 0x7B,
    0xC1, 0xEF, 0x07, 0xBE, 0x3E, 0xFD, 0xF9, 0xFF, 0xC3, 0xFE, 0x07, 0xF0, 0x07, 0xFF, 0xFE, 0x1F,
    0xFF, 0xFE, 0x3F, 0xFF, 0xFE, 0x7F, 0x9E, 0x00, 0x7C, 0x1E, 0x00, 0xF8, 0x1E, 0x00, 0xF8, 0x1E,
    0x00, 0xF8, 0x1F, 0xFC, 0xF8, 0x1F, 0xFC, 0xF8, 0x1F, 0xFC, 0xF8, 0x1E, 0x00, 0xF8, 0x1E, 0x00,
    0x7C, 0x1E, 0x00, 0x7F, 0x9E, 0x00, 0x3F, 0xFF, 0xFE, 0x1F, 0xFF, 0xFE, 0x07, 0xFF, 0xFE, 0x1F,
    0xCF, 0xE0, 0xFF, 0xFF, 0xC7, 0xFF, 0xFF, 0xBF, 0x7F, 0x3E, 0xF8, 0xF8, 0x7B, 0xC1, 0xFF, 0xFF,
    0x07, 0xFF, 0xFC, 0x1F, 0xFF, 0xF8, 0xF8, 0x03, 0xF7, 0xF8, 0xC7, 0xFF, 0xFF, 0x8F, 0xFF, 0xFE,
    0x1F, 0xCF, 0xF8, 0x03, 0x00, 0x0F, 0x00, 0x3E, 0x00, 0xF8, 0x01, 0xE0, 0x01, 0x80, 0x00, 0x00,
    0x7F, 0xE0, 0xFF, 0xF1, 0xFF, 0xF3, 0xC7, 0xE7, 0x87, 0xCF, 0x07, 0x9E, 0x1F, 0x3C, 0x7E, 0x7F,
    0xFC, 0xFF, 0xF1, 0xFF, 0xC3, 0xCF, 0x87, 0x8F, 0x8F, 0x1F, 0x9E, 0x1F, 0x3C, 0x3F, 0x78, 0x3E,
    0x06, 0x03, 0xC1, 0xF0, 0xF8, 0x3C, 0x06, 0x00, 0x01, 0xFF, 0xFF, 0xBF, 0xEF, 0x9B, 0xE0, 0xF8,
    0x3E, 0x0F, 0x83, 0xE0, 0xF8, 0x3E, 0x0F, 0x83, 0xE0, 0xFF, 0xC1, 0xFF, 0xE3, 0xFF, 0xE7, 0x8F,
    0xCF, 0x0F, 0x9E, 0x0F, 0x3C, 0x3E, 0x78, 0xFC, 0xFF, 0xF9, 0xFF, 0xE3, 0xFF, 0x87, 0x9F, 0x0F,
    0x1F, 0x1E, 0x3F, 0x3C, 0x3E, 0x78, 0x7E, 0xF0, 0x7C, 0x00, 0x00, 0x1E, 0x00, 0x3C, 0x01, 0xF0,
    0x03, 0xE0, 0x00, 0x3F, 0xEF, 0xF9, 0xFF, 0x3E, 0x67, 0xC0, 0xF8, 0x1F, 0x03, 0xE0, 0x7C, 0x0F,
    0x81, 0xF0, 0x3E, 0x07, 0xC0, 0x00, 0x0F, 0x03, 0xC0, 0xF8, 0x1E, 0x00, 0x19, 0x80, 0x7F, 0x80,
    0x7E, 0x00, 0x78, 0x00, 0x60, 0x00, 0x00, 0x00, 0x00, 0x7F, 0xE0, 0xFF, 0xF1, 0xFF, 0xF3, 0xC7,
    0xE7, 0x87, 0xCF, 0x07, 0x9E, 0x1F, 0x3C, 0x7E, 0x7F, 0xFC, 0xFF, 0xF1, 0xFF, 0xC3, 0xCF, 0x87,
    0x8F, 0x8F, 0x1F, 0x9E, 0x1F, 0x3C, 0x3F, 0x78, 0x3E, 0x33, 0x9F, 0xE3, 0xF8, 0x78, 0x0C, 0x00,
    0x00, 0x01, 0xFF, 0xFF, 0xBF, 0xEF, 0x9B, 0xE0, 0xF8, 0x3E, 0x0F, 0x83, 0xE0, 0xF8, 0x3E, 0x0F,
    0x83, 0xE0, 0x00, 0xC0, 0x07, 0x80, 0x3E, 0x01, 0xF0, 0x07, 0x80, 0x0C, 0x00, 0x00, 0x03, 0xFC,
    0x3F, 0xF9, 0xFF, 0xE7, 0xE7, 0x1F, 0x00, 0x7C, 0x01, 0xFE, 0x03, 0xFE, 0x07, 0xFC, 0x0F, 0xF8,
    0x07, 0xF0, 0x07, 0xC0, 0x1F, 0x78, 0xFD, 0xFF, 0xE7, 0xFF, 0x8F, 0xF8, 0x03, 0x00, 0x3C, 0x07,
    0xC0, 0xF8, 0x0F, 0x00, 0x40, 0x00, 0x01, 0xFE, 0x3F, 0xE7, 0xFC, 0x7C, 0xC7, 0xF0, 0x7F, 0xE7,
    0xFE, 0x3F, 0xE0, 0x3E, 0x71, 0xE7, 0xFE, 0x7F, 0xC7, 0xF8, 0x03, 0x80, 0x1F, 0x00, 0xFE, 0x03,
    0xFC, 0x0C, 0x60, 0x00, 0x00, 0xFF, 0x0F, 0xFE, 0x7F, 0xF9, 0xF9, 0xC7, 0xC0, 0x1F, 0x00, 0x7F,
    0x80, 0xFF, 0x81, 0xFF, 0x03, 0xFE, 0x01, 0xFC, 0x01, 0xF0, 0x07, 0xDE, 0x3F, 0x7F, 0xF9, 0xFF,
    0xE3, 0xFE, 0x00, 0x07, 0x00, 0xF8, 0x1F, 0xC3, 0xFC, 0x18, 0xC0, 0x00, 0x1F, 0xE3, 0xFE, 0x7F,
    0xC7, 0xCC, 0x7F, 0x07, 0xFE, 0x7F, 0xE3, 0xFE, 0x03, 0xE7, 0x1E, 0x7F, 0xE7, 0xFC, 0x7F, 0x80,
    0x0F, 0xF0, 0xFF, 0xE7, 0xFF, 0x9F, 0x9C, 0x7C, 0x01, 0xF0, 0x07, 0xF8, 0x0F, 0xF8, 0x1F, 0xF0,
    0x3F, 0xE0, 0x1F, 0xC0, 0x1F, 0x00, 0x7D, 0xE3, 0xF7, 0xFF, 0x9F, 0xFE, 0x3F, 0xE0, 0x1E, 0x00,
    0x7C, 0x02, 0xF0, 0x0F, 0xC0, 0x3E, 0x00, 0x1F, 0xE3, 0xFE, 0x7F, 0xC7, 0xCC, 0x7F, 0x07, 0xFE,
    0x7F, 0xE3, 0xFE, 0x03, 0xE7, 0x1E, 0x7F, 0xE7, 0xFE, 0x7F, 0x80, 0xE0, 0x0F, 0x01, 0x78, 0x3F,
    0x03, 0xF0, 0x0C, 0x60, 0x3F, 0xC0, 0xFE, 0x01, 0xF0, 0x01, 0x80, 0x00, 0x00, 0x00, 0x03, 0xFC,
    0x3F, 0xF9, 0xFF, 0xE7, 0xE7, 0x1F, 0x00, 0x7C, 0x01, 0xFE, 0x03, 0xFE, 0x07, 0xFC, 0x0F, 0xF8,
    0x07, 0xF0, 0x07, 0xC0, 0x1F, 0x78, 0xFD, 0xFF, 0xE7, 0xFF, 0x8F, 0xF8, 0x18, 0xC3, 0xFE, 0x1F,
    0xC0, 0xF8, 0x07, 0x00, 0x00, 0x00, 0x01, 0xFE, 0x3F, 0xE7, 0xFC, 0x7C, 0xC7, 0xF0, 0x7F, 0xE7,
    0xFE, 0x3F, 0xE0, 0x3E, 0x71, 0xE7, 0xFE, 0x7F, 0xC7, 0xF8, 0xFF, 0xFF, 0xFF, 0xFF, 0xFF, 0xF8,
    0x3E, 0x00, 0x7C, 0x00, 0xF8, 0x01, 0xF0, 0x03, 0xE0, 0x07, 0xC0, 0x0F, 0x80, 0x1F, 0x00, 0x3E,
    0x00, 0x7C, 0x00, 0xF8, 0x01, 0xF0, 0x03, 0xE0, 0x07, 0xC0, 0x07, 0x00, 0x1E, 0x00, 0x1E, 0x00,
    0x3C, 0x01, 0xF8, 0x03, 0xE0, 0x00, 0xF8, 0x3E, 0x0F, 0x83, 0xE0, 0xFF, 0xBF, 0xEF, 0xFB, 0xE0,
    0xF8, 0x3E, 0x0F, 0x83, 0xE0, 0xF8, 0x3F, 0x27, 0xF9, 0xFF, 0x3F, 0xC3, 0x80, 0xF0, 0x1C, 0x3F,
    0x0F, 0x80, 0x0C, 0x60, 0x1F, 0xE0, 0x3F, 0x80, 0x3E, 0x00, 0x18, 0x00, 0x00, 0x00, 0x00, 0x7F,
    0xFF, 0xFF, 0xFF, 0xFF, 0xFC, 0x1F, 0x00, 0x3E, 0x00, 0x7C, 0x00, 0xF8, 0x01, 0xF0, 0x03, 0xE0,
    0x07, 0xC0, 0x0F, 0x80, 0x1F, 0x00, 0x3E, 0x00, 0x7C, 0x00, 0xF8, 0x01, 0xF0, 0x03, 0xE0, 0x07,
    0x81, 0xEF, 0xFB, 0xFE, 0xFF, 0x3E, 0x0F, 0xFB, 0xFE, 0xFF, 0xBE, 0x0F, 0x83, 0xE0, 0xF8, 0x3E,
    0x0F, 0x83, 0xF2, 0x7F, 0x9F, 0xF3, 0xF8, 0xFF, 0xFF, 0xFF, 0xFF, 0xFF, 0xF8, 0x3E, 0x00, 0x7C,
    0x00, 0xF8, 0x01, 0xF0, 0x1F, 0xFE, 0x3F, 0xFC, 0x7F, 0xF8, 0x1F, 0x00, 0x3E, 0x00, 0x7C, 0x00,
    0xF8, 0x01, 0xF0, 0x03, 0xE0, 0x07, 0xC0, 0xF8, 0x3E, 0x0F, 0x83, 0xE0, 0xFF, 0xBF, 0xEF, 0xFB,
    0xE0, 0xF8, 0x3F, 0xEF, 0xFB, 0xE0, 0xF8, 0x3F, 0x27, 0xF9, 0xFF, 0x3F, 0x80, 0x0F, 0xB0, 0x1F,
    0xF0, 0x7F, 0xC0, 0x6F, 0x00, 0x00, 0x00, 0x00, 0x3E, 0x07, 0xFC, 0x0F, 0xF8, 0x1F, 0xF0, 0x3F,
    0xE0, 0x7F, 0xC0, 0xFF, 0x81, 0xFF, 0x03, 0xFE, 0x07, 0xFC, 0x0F, 0xF8, 0x1F, 0xF0, 0x3D, 0xF0,
    0xFB, 0xF3, 0xF7, 0xFF, 0xC7, 0xFF, 0x03, 0xFC, 0x00, 0x1E, 0xE3, 0xFE, 0x7F, 0xE3, 0x7C, 0x00,
    0x00, 0x00, 0xF8, 0xFF, 0x8F, 0xF8, 0xFF, 0x8F, 0xF8, 0xFF, 0x8F, 0xF8, 0xFF, 0x8F, 0xF8, 0xF7,
    0xCF, 0x7F, 0xF3, 0xFF, 0x1F, 0xF0, 0x1F, 0xF0, 0x3F, 0xE0, 0x7F, 0xC0, 0x00, 0x00, 0x00, 0x00,
    0x00, 0x3E, 0x07, 0xFC, 0x0F, 0xF8, 0x1F, 0xF0, 0x3F, 0xE0, 0x7F, 0xC0, 0xFF, 0x81, 0xFF, 0x03,
    0xFE, 0x07, 0xFC, 0x0F, 0xF8, 0x1F, 0xF0, 0x3D, 0xF0, 0xFB, 0xF3, 0xF7, 0xFF, 0xC7, 0xFF, 0x03,
    0xFC, 0x00, 0x3F, 0xE3, 0xFE, 0x3F, 0xE0, 0x00, 0x00, 0x00, 0x00, 0xF8, 0xFF, 0x8F, 0xF8, 0xFF,
    0x8F, 0xF8, 0xFF, 0x8F, 0xF8, 0xFF, 0x8F, 0xF8, 0xF7, 0xCF, 0x7F, 0xF3, 0xFF, 0x1F, 0xF0, 0x1E,
    0x70, 0x1D, 0xE0, 0x3F, 0x80, 0x3F, 0x00, 0x00, 0x00, 0x00, 0x3E, 0x07, 0xFC, 0x0F, 0xF8, 0x1F,
    0xF0, 0x3F, 0xE0, 0x7F, 0xC0, 0xFF, 0x81, 0xFF, 0x03, 0xFE, 0x07, 0xFC, 0x0F, 0xF8, 0x1F, 0xF0,
    0x3D, 0xF0, 0xFB, 0xF3, 0xF7, 0xFF, 0xC7, 0xFF, 0x03, 0xFC, 0x00, 0x39, 0xE3, 0xDE, 0x1F, 0xC0,
    0xF8, 0x00, 0x00, 0x00, 0xF8, 0xFF, 0x8F, 0xF8, 0xFF, 0x8F, 0xF8, 0xFF, 0x8F, 0xF8, 0xFF, 0x8F,
    0xF8, 0xF7, 0xCF, 0x7F, 0xF3, 0xFF, 0x1F, 0xF0, 0x03, 0xC0, 0x0F, 0xC0, 0x1B, 0x80, 0x37, 0x00,
    0x7E, 0x00, 0x78, 0x3E, 0x07, 0xFC, 0x0F, 0xF8, 0x1F, 0xF0, 0x3F, 0xE0, 0x7F, 0xC0, 0xFF, 0x81,
    0xFF, 0x03, 0xFE, 0x07, 0xFC, 0x0F, 0xF8, 0x1F, 0xF0, 0x3D, 0xF0, 0xFB, 0xF3, 0xF7, 0xFF, 0xC7,
    0xFF, 0x03, 0xFC, 0x00, 0x0F, 0x81, 0xF8, 0x1D, 0xC1, 0xDC, 0x1F, 0x80, 0xF8, 0x00, 0x0F, 0x8F,
    0xF8, 0xFF, 0x8F, 0xF8, 0xFF, 0x8F, 0xF8, 0xFF, 0x8F, 0xF8, 0xFF, 0x8F, 0x7C, 0xF7, 0xFF, 0x3F,
    0xF1, 0xFF, 0x03, 0x18, 0x0F, 0x78, 0x1E, 0xF0, 0x7B, 0xC0, 0xE7, 0x01, 0x8C, 0x00, 0x00, 0x7C,
    0x0F, 0xF8, 0x1F, 0xF0, 0x3F, 0xE0, 0x7F, 0xC0, 0xFF, 0x81, 0xFF, 0x03, 0xFE, 0x07, 0xFC, 0x0F,
    0xF8, 0x1F, 0xF0, 0x3F, 0xE0, 0x7B, 0xE1, 0xF7, 0xE7, 0xEF, 0xFF, 0x8F, 0xFE, 0x07, 0xF8, 0x0C,
    0x60, 0x73, 0x87, 0xBC, 0x39, 0xC3, 0xDE, 0x1C, 0xE0, 0x00, 0x1F, 0x1E, 0xF8, 0xF7, 0xC7, 0xBE,
    0x3D, 0xF1, 0xEF, 0x8F, 0x7C, 0x7B, 0xE3, 0xDF, 0x1E, 0x7C, 0xF3, 0xFF, 0x8F, 0xFC, 0x3F, 0xE0,
    0xF8, 0x1F, 0xF0, 0x3F, 0xE0, 0x7F, 0xC0, 0xFF, 0x81, 0xFF, 0x03, 0xFE, 0x07, 0xFC, 0x0F, 0xF8,
    0x1F, 0xF0, 0x3F, 0xE0, 0x7F, 0xC0, 0xF7, 0xC3, 0xEF, 0xCF, 0xDF, 0xFF, 0x1F, 0xFC, 0x0F, 0xF0,
    0x03, 0x80, 0x0F, 0x00, 0x1F, 0x80, 0x3F, 0x00, 0x7E, 0x00, 0xF8, 0xF7, 0xC7, 0xBE, 0x3D, 0xF1,
    0xEF, 0x8F, 0x7C, 0x7B, 0xE3, 0xDF, 0x1E, 0xF8, 0xF3, 0xE7, 0x9F, 0xFC, 0x7F, 0xE1, 0xFF, 0x00,
    0xF0, 0x0F, 0x00, 0x7E, 0x03, 0xF0, 0x0F, 0x80, 0x00, 0x18, 0x00, 0x00, 0x3C, 0x00, 0x00, 0xFE,
    0x00, 0x00, 0xFF, 0x00, 0x00, 0xE6, 0x00, 0x00, 0x00, 0x00, 0xF8, 0x00, 0x1E, 0xF8, 0x00, 0x1E,
    0x7C, 0x3C, 0x3E, 0x7C, 0x7C, 0x3E, 0x7C, 0x7E, 0x3E, 0x7C, 0x7E, 0x3C, 0x3C, 0x7E, 0x3C, 0x3E,
    0xFF, 0x7C, 0x3E, 0xFF, 0x7C, 0x3E, 0xEF, 0x78, 0x1F, 0xE7, 0xF8, 0x1F, 0xE7, 0xF8, 0x1F, 0xC7,
    0xF0, 0x1F, 0xC3, 0xF0, 0x0F, 0xC3, 0xF0, 0x0F, 0x83, 0xF0, 0x0F, 0x81, 0xE0, 0x00, 0x60, 0x00,
    0x0F, 0x00, 0x03, 0xF8, 0x00, 0x3F, 0xC0, 0x03, 0x18, 0x00, 0x00, 0x00, 0xF8, 0xF1, 0xFF, 0x8F,
    0x1E, 0x78, 0xF1, 0xE7, 0x9F, 0x3E, 0x7D, 0xFB, 0xC3, 0xDF, 0xBC, 0x3F, 0xFB, 0xC3, 0xFF, 0xF8,
    0x1F, 0xBF, 0x81, 0xF9, 0xF8, 0x1F, 0x9F, 0x00, 0xF1, 0xF0, 0x0F, 0x0F, 0x00, 0x01, 0x80, 0x01,
    0xF0, 0x01, 0xFC, 0x01, 0xFE, 0x00, 0x63, 0x00, 0x00, 0x03, 0xE0, 0x7E, 0xF8, 0x3E, 0x7C, 0x3E,
    0x1F, 0x1F, 0x0F, 0x9F, 0x03, 0xEF, 0x81, 0xFF, 0x80, 0x7F, 0xC0, 0x1F, 0xC0, 0x0F, 0xC0, 0x03,
    0xE0, 0x01, 0xF0, 0x00, 0xF8, 0x00, 0x7C, 0x00, 0x3E, 0x00, 0x1F, 0x00, 0x0F, 0x80, 0x03, 0x00,
    0x1E, 0x01, 0xFC, 0x07, 0xF8, 0x1C, 0xC0, 0x00, 0x0F, 0x87, 0xFE, 0x1E, 0x78, 0x79, 0xF3, 0xE7,
    0xCF, 0x0F, 0x3C, 0x3F, 0xF0, 0xFF, 0x81, 0xFE, 0x07, 0xF8, 0x0F, 0xC0, 0x3F, 0x00, 0x78, 0x03,
    0xE0, 0x5F, 0x03, 0xFC, 0x0F, 0xE0, 0x3F, 0x00, 0x0E, 0x78, 0x0F, 0xBC, 0x07, 0xDE, 0x01, 0xCF,
    0x00, 0x00, 0x00, 0x00, 0x03, 0xE0, 0x7E, 0xF8, 0x3E, 0x7C, 0x3E, 0x1F, 0x1F, 0x0F, 0x9F, 0x03,
    0xEF, 0x81, 0xFF, 0x80, 0x7F, 0xC0, 0x1F, 0xC0, 0x0F, 0xC0, 0x03, 0xE0, 0x01, 0xF0, 0x00, 0xF8,
    0x00, 0x7C, 0x00, 0x3E, 0x00, 0x1F, 0x00, 0x0F, 0x80, 0x00, 0xC0, 0x03, 0xC0, 0x0F, 0x80, 0x3E,
    0x00, 0x78, 0x00, 0x60, 0x00, 0x00, 0x3F, 0xFF, 0x7F, 0xFE, 0xFF, 0xF8, 0x03, 0xF0, 0x0F, 0xC0,
    0x1F, 0x00, 0x7C, 0x01, 0xF8, 0x03, 0xE0, 0x0F, 0x80, 0x3E, 0x00, 0x7C, 0x01, 0xF0, 0x07, 0xC0,
    0x0F, 0xFF, 0xFF, 0xFF, 0xFF, 0xFF, 0x03, 0x80, 0x3C, 0x07, 0xC0, 0xF8, 0x0F, 0x00, 0x60, 0x00,
    0x07, 0xFF, 0x7F, 0xF7, 0xFF, 0x03, 0xE0, 0x7C, 0x0F, 0x80, 0xF8, 0x1F, 0x03, 0xE0, 0x7C, 0x07,
    0xFF, 0xFF, 0xFF, 0xFF, 0x03, 0x80, 0x0F, 0x80, 0x1F, 0x00, 0x1C, 0x00, 0x00, 0x00, 0x00, 0x1F,
    0xFF, 0xBF, 0xFF, 0x7F, 0xFC, 0x01, 0xF8, 0x07, 0xE0, 0x0F, 0x80, 0x3E, 0x00, 0xFC, 0x01, 0xF0,
    0x07, 0xC0, 0x1F, 0x00, 0x3E, 0x00, 0xF8, 0x03, 0xE0, 0x07, 0xFF, 0xFF, 0xFF, 0xFF, 0xFF, 0x80,
    0x0F, 0x00, 0xF0, 0x0F, 0x00, 0xF0, 0x00, 0x00, 0x00, 0x7F, 0xF7, 0xFF, 0x7F, 0xF0, 0x3E, 0x07,
    0xC0, 0xF8, 0x0F, 0x81, 0xF0, 0x3E, 0x07, 0xC0, 0x7F, 0xFF, 0xFF, 0xFF, 0xF0, 0x0C, 0x60, 0x1F,
    0xE0, 0x3F, 0x80, 0x1E, 0x00, 0x18, 0x00, 0x00, 0x00, 0x00, 0x3F, 0xFF, 0x7F, 0xFE, 0xFF, 0xF8,
    0x03, 0xF0, 0x0F, 0xC0, 0x1F, 0x00, 0x7C, 0x01, 0xF8, 0x03, 0xE0, 0x0F, 0x80, 0x3E, 0x00, 0x7C,
    0x01, 0xF0, 0x07, 0xC0, 0x0F, 0xFF, 0xFF, 0xFF, 0xFF, 0xFF, 0x18, 0xC3, 0xFC, 0x1F, 0xC0, 0xF8,
    0x07, 0x00, 0x00, 0x00, 0x07, 0xFF, 0x7F, 0xF7, 0xFF, 0x03, 0xE0, 0x7C, 0x0F, 0x80, 0xF8, 0x1F,
    0x03, 0xE0, 0x7C, 0x07, 0xFF, 0xFF, 0xFF, 0xFF, 0x1F, 0xCF, 0xF7, 0xFD, 0xF2, 0xF8, 0x3E, 0x0F,
    0x83, 0xE0, 0xF8, 0x3E, 0x0F, 0x83, 0xE0, 0xF8, 0x3E, 0x0F, 0x83, 0xE0, 0xF8, 0x3E, 0x0F, 0x80,
    0x00, 0x03, 0xC0, 0x00, 0xF0, 0x7F, 0xFC, 0x7F, 0xFE, 0x3F, 0xFF, 0x9F, 0xCF, 0xE7, 0xC0, 0xFB,
    0xE0, 0x3E, 0xF8, 0x07, 0xFE, 0x01, 0xFF, 0x80, 0x7F, 0xE0, 0x1F, 0xF8, 0x07, 0xFE, 0x03, 0xE7,
    0xC0, 0xF9, 0xFC, 0xFE, 0x3F, 0xFF, 0x07, 0xFF, 0x80, 0x7F, 0x80, 0x00, 0x3C, 0x00, 0x78, 0x7F,
    0xF1, 0xFF, 0xE7, 0xFF, 0x9F, 0xBF, 0x3E, 0x3E, 0x78, 0x3C, 0xF0, 0x79, 0xE0, 0xF3, 0xE3, 0xE7,
    0xEF, 0xC7, 0xFF, 0x07, 0xFC, 0x07, 0xF0, 0x00, 0x00, 0x03, 0xC0, 0x00, 0xF0, 0x00, 0x7F, 0xE0,
    0x7F, 0xF8, 0x1F, 0xBE, 0x07, 0x8F, 0x81, 0xE3, 0xE0, 0x78, 0xF8, 0x1E, 0x3E, 0x07, 0x8F, 0x81,
    0xE3, 0xE0, 0x78, 0xF8, 0x1E, 0x3E, 0x07, 0x8F, 0x81, 0xE1, 0xF0, 0xF8, 0x7E, 0x7E, 0x1F, 0xFF,
    0x03, 0xFF, 0x80, 0x3F, 0xC0, 0x00, 0x1E, 0x00, 0x3C, 0x00, 0x7F, 0xC7, 0xFF, 0x8F, 0xDF, 0x1E,
    0x3E, 0x3C, 0x7C, 0x78, 0xF8, 0xF1, 0xF1, 0xE3, 0xE3, 0xC7, 0xC7, 0x87, 0xCF, 0x0F, 0xFE, 0x0F,
    0xFC, 0x0F, 0xF8, 0x00, 0x00, 0x0C, 0xC0, 0x00, 0x00, 0x7F, 0x80, 0x00, 0x00, 0xFC, 0x00, 0x00,
    0x01, 0xE0, 0x00, 0x00, 0x03, 0x00, 0x00, 0x00, 0x00, 0x00, 0x00, 0x00, 0x00, 0x3F, 0xF0, 0x3F,
    0xFF, 0xFF, 0xF0, 0xFF, 0xFF, 0xFF, 0xE3, 0xFF, 0xFF, 0x1F, 0xC0, 0x1F, 0xBC, 0x1F, 0x80, 0x7C,
    0xF0, 0x3E, 0x03, 0xE3, 0xC0, 0x78, 0x1F, 0x8F, 0x01, 0xE0, 0xFC, 0x3C, 0x07, 0xC3, 0xE0, 0xF0,
    0x1E, 0x1F, 0x03, 0xC0, 0xF8, 0xFC, 0x0F, 0x03, 0xE3, 0xE0, 0x3C, 0x1F, 0x9F, 0x00, 0xF1, 0xFC,
    0x7C, 0x03, 0xFF, 0xE3, 0xFF, 0xFF, 0xFF, 0x0F, 0xFF, 0xFF, 0xF0, 0x3F, 0xFF, 0x00, 0x00, 0x18,
    0xC0, 0x00, 0x03, 0xFC, 0x00, 0x00, 0x1F, 0xCF, 0xFC, 0x00, 0xF8, 0xFF, 0xF0, 0x06, 0x0F, 0xFF,
    0x80, 0x00, 0xF1, 0xFC, 0x00, 0x0F, 0x07, 0xE7, 0xFF, 0xF0, 0x3E, 0x7F, 0xFF, 0x01, 0xE7, 0xFF,
    0xF0, 0x1E, 0x03, 0xEF, 0x01, 0xF0, 0x7C, 0xF0, 0x1E, 0x0F, 0x8F, 0x03, 0xE1, 0xF0, 0xF0, 0x3E,
    0x1F, 0x0F, 0x07, 0xE3, 0xE0, 0xF1, 0xFC, 0x7C, 0x0F, 0xFF, 0x87, 0xFF, 0xFF, 0xF0, 0xFF, 0xFF,
    0xFC, 0x0F, 0xFF, 0x00, 0x00, 0x66, 0x00, 0x3E, 0x3F, 0xC0, 0x0F, 0x87, 0xF0, 0x03, 0xE0, 0xF0,
    0x00, 0xF8, 0x18, 0x00, 0x3E, 0x00, 0x00, 0x0F, 0x80, 0x00, 0x7F, 0xE7, 0xFF, 0x7F, 0xF9, 0xFF,
    0xDF, 0xFE, 0x7F, 0xFF, 0xDF, 0x80, 0xFB, 0xE3, 0xE0, 0x7C, 0xF0, 0xF8, 0x3E, 0x3C, 0x3E, 0x1F,
    0x0F, 0x0F, 0x87, 0xC3, 0xE3, 0xE3, 0xE0, 0xFC, 0xF9, 0xF0, 0x1F, 0xFE, 0x7F, 0xF3, 0xFF, 0xBF,
    0xFC, 0x7F, 0xCF, 0xFF, 0xF0, 0x00, 0x1F, 0xF0, 0x00, 0x1F, 0xF0, 0x00, 0x1F, 0xF0, 0x00, 0x1F,
    0xF0, 0x00, 0x1F, 0xF0, 0x00, 0x1F, 0xF0, 0x00, 0x1F, 0xF0, 0x00, 0x1F, 0xF0, 0x00, 0x1F, 0xF0,
    0x00, 0x1F, 0xF0, 0x00, 0x1F, 0xF0, 0x00, 0x1F, 0xF0, 0x00, 0x1F, 0xF0, 0x07, 0x3F, 0xFF, 0xFF,
    0xFE, 0xFF, 0xFF, 0xFC, 0xFF, 0xF7, 0xF8, 0x00, 0x03, 0xC0, 0x01, 0xFF, 0x00, 0x7F, 0xC0, 0x0F,
    0xF0, 0x00, 0x3C, 0x00, 0x0F, 0x00, 0x7F, 0xC0, 0x1F, 0xF0, 0x07, 0xFC, 0x01, 0xFF, 0x00, 0x7F,
    0xC0, 0x1F, 0xF0, 0x07, 0xFC, 0x01, 0xFF, 0x00, 0x7F, 0xC0, 0x1F, 0xFF, 0xF7, 0xFF, 0xFD, 0xFF,
    0xFF, 0x7C, 0x00, 0x1F, 0x00, 0x07, 0xC0, 0x0F, 0xE0, 0x03, 0xF8, 0x00, 0xFC, 0x78, 0xF7, 0xC7,
    0xFE, 0x3F, 0xF1, 0xEF, 0x80, 0x7C, 0x03, 0xE3, 0xFF, 0x1F, 0xF8, 0xFF, 0xC7, 0xFE, 0x3F, 0xF1,
    0xFF, 0x8F, 0xFC, 0x7F, 0xE3, 0xFF, 0x9F, 0x7E, 0xFB, 0xF7, 0xCF, 0x3E, 0x01, 0xF0, 0x0F, 0x03,
    0xF8, 0x1F, 0xC0, 0xFC, 0xF0, 0x1E, 0x00, 0xFF, 0xC0, 0xF0, 0x07, 0xFF, 0x07, 0x80, 0x3F, 0xFC,
    0x3C, 0x01, 0xFF, 0xF1, 0xE0, 0x0F, 0xFF, 0x8F, 0x00, 0x7F, 0xFE, 0x78, 0x03, 0xFE, 0xFB, 0xC0,
    0x1F, 0xF7, 0xDE, 0x00, 0xFF, 0x9F, 0xF0, 0x07, 0xFC, 0x7F, 0x80, 0x3F, 0xE1, 0xFC, 0x01, 0xFF,
    0x0F, 0xE0, 0x0F, 0xF8, 0x3F, 0x1C, 0xFB, 0xC0, 0xF9, 0xFF, 0xDE, 0x07, 0xCF, 0xFC, 0xF0, 0x1E,
    0x3F, 0xC0, 0x00, 0x00, 0x3C, 0x00, 0x00, 0x7F, 0xC0, 0x78, 0xFF, 0xC0, 0xF1, 0xEF, 0xC1, 0xE0,
    0x1F, 0xC3, 0xC0, 0x3F, 0xC7, 0x8F, 0xFF, 0x8F, 0x1F, 0xFF, 0x9E, 0x3F, 0xEF, 0xBC, 0x7F, 0xDF,
    0x78, 0xFF, 0x9F, 0xF1, 0xFF, 0x1F, 0xE3, 0xFE, 0x1F, 0xC7, 0xFC, 0x3F, 0x8F, 0xF8, 0x3F, 0x1F,
    0xF0, 0x3E, 0x3F, 0xE0, 0x7C, 0x7F, 0xC0, 0x78, 0xF8, 0x00, 0x01, 0xF0, 0x00, 0x03, 0xC0, 0x00,
    0x3F, 0x80, 0x00, 0x7F, 0x00, 0x00, 0xFC, 0x00, 0x01, 0xE0, 0x00, 0x1F, 0x00, 0x01, 0xF0, 0x00,
    0x1E, 0x00, 0x00, 0x00, 0x00, 0x00, 0x7F, 0xC1, 0xFF, 0xFE, 0x1F, 0xFF, 0xF1, 0xFF, 0x9F, 0x1F,
    0xF8, 0xF1, 0xFF, 0x8F, 0x1F, 0xF8, 0xF1, 0xFF, 0x8F, 0x1F, 0xF8, 0xF1, 0xFF, 0x8F, 0x1F, 0xF8,
    0xF1, 0xFF, 0x8F, 0x1F, 0xF8, 0xF1, 0xF0, 0x00, 0x1F, 0x00, 0x03, 0xE0, 0x00, 0xFE, 0x00, 0x0F,
    0xE0, 0x00, 0xF8, 0x03, 0x30, 0x01, 0xFE, 0x00, 0x7F, 0x00, 0x07, 0x80, 0x00, 0xC0, 0x00, 0x00,
    0x00, 0x00, 0x00, 0x07, 0x80, 0x03, 0xF0, 0x00, 0xFC, 0x00, 0x7F, 0x80, 0x1F, 0xE0, 0x0F, 0xFC,
    0x03, 0xCF, 0x01, 0xF3, 0xE0, 0x78, 0xF8, 0x1E, 0x1E, 0x0F, 0xFF, 0xC3, 0xFF, 0xF0, 0xFF, 0xFE,
    0x7C, 0x0F, 0x9F, 0x03, 0xEF, 0x80, 0x7F, 0xE0, 0x1F, 0x0C, 0xC0, 0xFF, 0x03, 0xF0, 0x0F, 0x00,
    0x30, 0x00, 0x00, 0x00, 0x07, 0xF8, 0x3F, 0xF1, 0xFF, 0x8C, 0x7C, 0x01, 0xF1, 0xFF, 0xBF, 0xFD,
    0xFF, 0xEF, 0x9F, 0x7C, 0xFB, 0xFF, 0xDF, 0xFE, 0x7F, 0xE0, 0x66, 0xFF, 0x7E, 0x3C, 0x18, 0x00,
    0x00, 0x3C, 0x3C, 0x3C, 0x3C, 0x3C, 0x3C, 0x3C, 0x3C, 0x3C, 0x3C, 0x3C, 0x3C, 0x3C, 0x3C, 0x3C,
    0x3C, 0x3C, 0x63, 0x3F, 0xDF, 0xC7, 0xC0, 0xC0, 0x00, 0x00, 0x7C, 0x3E, 0x1F, 0x0F, 0x87, 0xC3,
    0xE1, 0xF0, 0xF8, 0x7C, 0x3E, 0x1F, 0x0F, 0x87, 0xC0, 0x07, 0x30, 0x01, 0xFE, 0x00, 0x7F, 0x00,
    0x07, 0x80, 0x00, 0xC0, 0x00, 0x00, 0x00, 0x00, 0x00, 0x1F, 0xE0, 0x1F, 0xFE, 0x0F, 0xFF, 0xC7,
    0xF3, 0xF1, 0xF0, 0x3E, 0xF8, 0x0F, 0xBE, 0x01, 0xFF, 0x80, 0x7F, 0xE0, 0x1F, 0xF8, 0x07, 0xFE,
    0x01, 0xFF, 0x80, 0xF9, 0xF0, 0x3E, 0x7F, 0x3F, 0x8F, 0xFF, 0xC1, 0xFF, 0xE0, 0x1F, 0xE0, 0x18,
    0xC0, 0x7F, 0x81, 0xFC, 0x03, 0xE0, 0x07, 0x00, 0x00, 0x00, 0x00, 0x07, 0xF0, 0x3F, 0xE1, 0xFF,
    0xCF, 0xDF, 0xBE, 0x3E, 0xF0, 0x7B, 0xC1, 0xEF, 0x07, 0xBE, 0x3E, 0xFD, 0xF9, 0xFF, 0xC3, 0xFE,
    0x07, 0xF0, 0x0E, 0x60, 0x1F, 0xE0, 0x3F, 0x80, 0x1E, 0x00, 0x18, 0x00, 0x00, 0x00, 0x00, 0x7C,
    0x0F, 0xF8, 0x1F, 0xF0, 0x3F, 0xE0, 0x7F, 0xC0, 0xFF, 0x81, 0xFF, 0x03, 0xFE, 0x07, 0xFC, 0x0F,
    0xF8, 0x1F, 0xF0, 0x3F, 0xE0, 0x7B, 0xE1, 0xF7, 0xE7, 0xEF, 0xFF, 0x8F, 0xFE, 0x07, 0xF8, 0x18,
    0xC3, 0xFC, 0x1F, 0xC0, 0xF8, 0x06, 0x00, 0x00, 0x00, 0x0F, 0x8F, 0xF8, 0xFF, 0x8F, 0xF8, 0xFF,
    0x8F, 0xF8, 0xFF, 0x8F, 0xF8, 0xFF, 0x8F, 0x7C, 0xF7, 0xFF, 0x3F, 0xF1, 0xFF, 0x0F, 0xE0, 0x1F,
    0xC0, 0x00, 0x00, 0x73, 0x80, 0xEF, 0x01, 0xCE, 0x00, 0x00, 0x00, 0x00, 0xF8, 0x1F, 0xF0, 0x3F,
    0xE0, 0x7F, 0xC0, 0xFF, 0x81, 0xFF, 0x03, 0xFE, 0x07, 0xFC, 0x0F, 0xF8, 0x1F, 0xF0, 0x3F, 0xE0,
    0x7F, 0xC0, 0xF7, 0xC3, 0xEF, 0xCF, 0xDF, 0xFF, 0x1F, 0xFC, 0x0F, 0xF0, 0x1F, 0xC1, 0xFC, 0x00,
    0x03, 0xDC, 0x3D, 0xE3, 0xDC, 0x00, 0x00, 0x00, 0xF8, 0xFF, 0x8F, 0xF8, 0xFF, 0x8F, 0xF8, 0xFF,
    0x8F, 0xF8, 0xFF, 0x8F, 0xF8, 0xF7, 0xCF, 0x7F, 0xF3, 0xFF, 0x1F, 0xF0, 0x00, 0xC0, 0x03, 0xC0,
    0x0F, 0x00, 0xFF, 0xC3, 0xC7, 0x83, 0x8F, 0x00, 0x00, 0x7C, 0x0F, 0xF8, 0x1F, 0xF0, 0x3F, 0xE0,
    0x7F, 0xC0, 0xFF, 0x81, 0xFF, 0x03, 0xFE, 0x07, 0xFC, 0x0F, 0xF8, 0x1F, 0xF0, 0x3F, 0xE0, 0x7B,
    0xE1, 0xF7, 0xE7, 0xEF, 0xFF, 0x8F, 0xFE, 0x07, 0xF8, 0x01, 0x80, 0x3C, 0x07, 0x80, 0x70, 0x7E,
    0xE7, 0x8F, 0x78, 0xE0, 0x00, 0x00, 0x0F, 0x8F, 0xF8, 0xFF, 0x8F, 0xF8, 0xFF, 0x8F, 0xF8, 0xFF,
    0x8F, 0xF8, 0xFF, 0x8F, 0x7C, 0xF7, 0xFF, 0x3F, 0xF1, 0xFF, 0x06, 0x60, 0x0F, 0xC0, 0x0F, 0x00,
    0xEF, 0xC1, 0xC7, 0x83, 0x8F, 0x00, 0x00, 0x7C, 0x0F, 0xF8, 0x1F, 0xF0, 0x3F, 0xE0, 0x7F, 0xC0,
    0xFF, 0x81, 0xFF, 0x03, 0xFE, 0x07, 0xFC, 0x0F, 0xF8, 0x1F, 0xF0, 0x3F, 0xE0, 0x7B, 0xE1, 0xF7,
    0xE7, 0xEF, 0xFF, 0x8F, 0xFE, 0x07, 0xF8, 0x10, 0x81, 0xFC, 0x1F, 0xC0, 0xF8, 0x7E, 0xE7, 0x8F,
    0x78, 0xE0, 0x00, 0x00, 0x0F, 0x8F, 0xF8, 0xFF, 0x8F, 0xF8, 0xFF, 0x8F, 0xF8, 0xFF, 0x8F, 0xF8,
    0xFF, 0x8F, 0x7C, 0xF7, 0xFF, 0x3F, 0xF1, 0xFF, 0x02, 0x00, 0x0E, 0x00, 0x1E, 0x00, 0xEF, 0xC1,
    0xC7, 0x83, 0x8F, 0x00, 0x00, 0x7C, 0x0F, 0xF8, 0x1F, 0xF0, 0x3F, 0xE0, 0x7F, 0xC0, 0xFF, 0x81,
    0xFF, 0x03, 0xFE, 0x07, 0xFC, 0x0F, 0xF8, 0x1F, 0xF0, 0x3F, 0xE0, 0x7B, 0xE1, 0xF7, 0xE7, 0xEF,
    0xFF, 0x8F, 0xFE, 0x07, 0xF8, 0x0C, 0x01, 0xC0, 0x1E, 0x00, 0xF0, 0x7E, 0xE7, 0x8F, 0x78, 0xE0,
    0x00, 0x00, 0x0F, 0x8F, 0xF8, 0xFF, 0x8F, 0xF8, 0xFF, 0x8F, 0xF8, 0xFF, 0x8F, 0xF8, 0xFF, 0x8F,
    0x7C, 0xF7, 0xFF, 0x3F, 0xF1, 0xFF, 0x7F, 0x83, 0xFF, 0x1F, 0xFC, 0xE7, 0xE0, 0x0F, 0xFF, 0xFF,
    0xFF, 0xFF, 0xFF, 0xF0, 0xFF, 0xCF, 0x9F, 0xFC, 0xFF, 0xC1, 0xF8, 0x00, 0x07, 0xF8, 0x01, 0xFE,
    0x00, 0x00, 0x00, 0x1C, 0xE0, 0x07, 0xF8, 0x01, 0xCE, 0x00, 0x00, 0x00, 0x00, 0x00, 0x01, 0xE0,
    0x00, 0xFC, 0x00, 0x3F, 0x00, 0x1F, 0xE0, 0x07, 0xF8, 0x03, 0xFF, 0x00, 0xF3, 0xC0, 0x7C, 0xF8,
    0x1E, 0x3E, 0x07, 0x87, 0x83, 0xFF, 0xF0, 0xFF, 0xFC, 0x3F, 0xFF, 0x9F, 0x03, 0xE7, 0xC0, 0xFB,
    0xE0, 0x1F, 0xF8, 0x07, 0xC0, 0x1F, 0xC0, 0xFE, 0x00, 0x00, 0x3B, 0xC3, 0xDE, 0x0E, 0xF0, 0x00,
    0x00, 0x00, 0x3F, 0xC1, 0xFF, 0x8F, 0xFC, 0x63, 0xE0, 0x0F, 0x8F, 0xFD, 0xFF, 0xEF, 0xFF, 0x7C,
    0xFB, 0xE7, 0xDF, 0xFE, 0xFF, 0xF3, 0xFF, 0x00, 0x07, 0xF8, 0x01, 0xFE, 0x00, 0x00, 0x00, 0x07,
    0x80, 0x01, 0xE0, 0x00, 0x78, 0x00, 0x00, 0x00, 0x00, 0x00, 0x01, 0xE0, 0x00, 0xFC, 0x00, 0x3F,
    0x00, 0x1F, 0xE0, 0x07, 0xF8, 0x03, 0xFF, 0x00, 0xF3, 0xC0, 0x7C, 0xF8, 0x1E, 0x3E, 0x07, 0x87,
    0x83, 0xFF, 0xF0, 0xFF, 0xFC, 0x3F, 0xFF, 0x9F, 0x03, 0xE7, 0xC0, 0xFB, 0xE0, 0x1F, 0xF8, 0x07,
    0xC0, 0x1F, 0xC0, 0xFE, 0x00, 0x00, 0x0E, 0x00, 0x78, 0x03, 0x80, 0x00, 0x00, 0x00, 0x3F, 0xC1,
    0xFF, 0x8F, 0xFC, 0x63, 0xE0, 0x0F, 0x8F, 0xFD, 0xFF, 0xEF, 0xFF, 0x7C, 0xFB, 0xE7, 0xDF, 0xFE,
    0xFF, 0xF3, 0xFF, 0x00, 0x00, 0x1F, 0xE0, 0x00, 0x1F, 0xE0, 0x00, 0x1F, 0xE0, 0x00, 0x00, 0x00,
    0x00, 0x00, 0x00, 0x00, 0x00, 0x00, 0x00, 0x3F, 0xFF, 0x00, 0x7F, 0xFF, 0x00, 0x7F, 0xFF, 0x00,
    0xFF, 0x00, 0x01, 0xFF, 0x00, 0x01, 0xEF, 0x00, 0x03, 0xEF, 0x00, 0x07, 0xCF, 0xFE, 0x07, 0xCF,
    0xFE, 0x0F, 0x8F, 0xFE, 0x0F, 0xFF, 0x00, 0x1F, 0xFF, 0x00, 0x3F, 0xFF, 0x00, 0x3E, 0x0F, 0x00,
    0x7C, 0x0F, 0xFF, 0x7C, 0x0F, 0xFF, 0xF8, 0x0F, 0xFF, 0x03, 0xFE, 0x00, 0x1F, 0xF0, 0x00, 0xFF,
    0x80, 0x00, 0x00, 0x00, 0x00, 0x00, 0x00, 0x00, 0x00, 0xFF, 0x3F, 0x07, 0xFF, 0xFC, 0x3F, 0xFF,
    0xF1, 0x8F, 0xEF, 0xC0, 0x3E, 0x1E, 0x3F, 0xFF, 0xF7, 0xFF, 0xFF, 0xBF, 0xFF, 0xFD, 0xF3, 0xE0,
    0x0F, 0x8F, 0xCE, 0x7F, 0xFF, 0xF3, 0xFF, 0xFF, 0x8F, 0xFF, 0xFC, 0x07, 0xFC, 0x0F, 0xFF, 0x0F,
    0xFF, 0x8F, 0xE3, 0x87, 0xC0, 0x07, 0xC0, 0x03, 0xE0, 0x01, 0xF0, 0x3C, 0xF8, 0x1E, 0x7C, 0x7F,
    0xFE, 0x3F, 0xFF, 0x1F, 0xF7, 0xC1, 0xE3, 0xF8, 0xF0, 0xFF, 0xF8, 0x3F, 0xFC, 0x07, 0xFE, 0x00,
    0x1F, 0xF0, 0xFF, 0xC7, 0xFF, 0x3F, 0x3C, 0xF8, 0xF3, 0xCF, 0xFF, 0x3F, 0xFC, 0x3C, 0xF8, 0xF3,
    0xF7, 0xC7, 0xFF, 0x1F, 0xFC, 0x3F, 0xF0, 0x03, 0xC7, 0x1F, 0x1F, 0xFC, 0x7F, 0xE1, 0xFF, 0x00,
    0x03, 0x30, 0x0F, 0xF0, 0x0F, 0xC0, 0x0F, 0x00, 0x0C, 0x00, 0x00, 0x00, 0x00, 0x03, 0xFE, 0x1F,
    0xFE, 0x7F, 0xFD, 0xFC, 0x73, 0xE0, 0x0F, 0x80, 0x1F, 0x00, 0x3E, 0x00, 0x7C, 0x0F, 0xF8, 0x1F,
    0xF0, 0x3F, 0xE0, 0x7B, 0xE0, 0xF7, 0xF1, 0xE7, 0xFF, 0xC7, 0xFF, 0x83, 0xFF, 0x0C, 0xC0, 0xFF,
    0x03, 0xF0, 0x0F, 0x00, 0x30, 0x00, 0x00, 0x00, 0x03, 0xFE, 0x3F, 0xF3, 0xFF, 0xBF, 0x3D, 0xF1,
    0xEF, 0x0F, 0x78, 0x7B, 0xC3, 0xDF, 0x1E, 0xFD, 0xF3, 0xFF, 0x9F, 0xFC, 0x7F, 0xE0, 0x0F, 0x38,
    0xF9, 0xFF, 0xCF, 0xFC, 0x7F, 0xC0, 0x18, 0xC0, 0x3F, 0xC0, 0x7F, 0x00, 0x7C, 0x00, 0x30, 0x00,
    0x00, 0x00, 0x00, 0x78, 0x3E, 0xF0, 0xF9, 0xE3, 0xF3, 0xCF, 0xC7, 0xBF, 0x0F, 0xFC, 0x1F, 0xF0,
    0x3F, 0xC0, 0x7F, 0x80, 0xFF, 0x81, 0xFF, 0x83, 0xDF, 0x87, 0x9F, 0x8F, 0x1F, 0x9E, 0x1F, 0x3C,
    0x1F, 0x78, 0x3F, 0x63, 0x01, 0xFE, 0x07, 0xF0, 0x0F, 0x80, 0x0C, 0x00, 0x00, 0x07, 0x80, 0x3E,
    0x00, 0xF8, 0x03, 0xE0, 0x0F, 0x80, 0x3E, 0x00, 0xF8, 0xFB, 0xE7, 0xCF, 0xBE, 0x3F, 0xF0, 0xFF,
    0x83, 0xFC, 0x0F, 0xF8, 0x3F, 0xF0, 0xFF, 0xE3, 0xEF, 0x8F, 0x9F, 0x3E, 0x3E, 0xF8, 0xF8, 0x07,
    0xF8, 0x07, 0xFF, 0x83, 0xFF, 0xF1, 0xFC, 0xFE, 0x7C, 0x0F, 0xBE, 0x03, 0xEF, 0x80, 0x7F, 0xE0,
    0x1F, 0xF8, 0x07, 0xFE, 0x01, 0xFF, 0x80, 0x7F, 0xE0, 0x3E, 0x7C, 0x0F, 0x9F, 0xCF, 0xC3, 0xFF,
    0xF0, 0x7F, 0xF8, 0x07, 0xF8, 0x00, 0x3C, 0x00, 0x1E, 0x00, 0x07, 0xE0, 0x01, 0xF8, 0x00, 0x7E,
    0x00, 0x1F, 0xC0, 0xFF, 0x87, 0xFF, 0x3F, 0x7E, 0xF8, 0xFB, 0xC1, 0xEF, 0x07, 0xBC, 0x1E, 0xF8,
    0xFB, 0xF7, 0xE7, 0xFF, 0x0F, 0xF8, 0x1F, 0xC0, 0x1E, 0x00, 0xF0, 0x03, 0xF0, 0x0F, 0xC0, 0x1F,
    0x00, 0x0F, 0xF8, 0x03, 0xFE, 0x00, 0xFF, 0x80, 0x00, 0x00, 0x00, 0x00, 0x00, 0x00, 0x00, 0x7F,
    0x80, 0x7F, 0xF8, 0x3F, 0xFF, 0x1F, 0xCF, 0xE7, 0xC0, 0xFB, 0xE0, 0x3E, 0xF8, 0x07, 0xFE, 0x01,
    0xFF, 0x80, 0x7F, 0xE0, 0x1F, 0xF8, 0x07, 0xFE, 0x03, 0xE7, 0xC0, 0xF9, 0xFC, 0xFC, 0x3F, 0xFF,
    0x07, 0xFF, 0x80, 0x7F, 0x80, 0x03, 0xC0, 0x01, 0xE0, 0x00, 0x7E, 0x00, 0x1F, 0x80, 0x07, 0xE0,
    0x3F, 0xE0, 0xFF, 0x83, 0xFE, 0x00, 0x00, 0x00, 0x00, 0x00, 0x01, 0xFC, 0x0F, 0xF8, 0x7F, 0xF3,
    0xF7, 0xEF, 0x8F, 0xBC, 0x1E, 0xF0, 0x7B, 0xC1, 0xEF, 0x8F, 0xBF, 0x7E, 0x7F, 0xF0, 0xFF, 0x81,
    0xFC, 0x01, 0xE0, 0x0F, 0x00, 0x3F, 0x00, 0xFC, 0x01, 0xF0, 0x0C, 0x60, 0x7F, 0x80, 0xFE, 0x01,
    0xF0, 0x03, 0x80, 0x00, 0x00, 0x00, 0x1F, 0xFF, 0x7F, 0xFD, 0xFF, 0xF0, 0x1F, 0x80, 0xFC, 0x07,
    0xE0, 0x3F, 0x00, 0xFF, 0x03, 0xFE, 0x01, 0xFC, 0x01, 0xF0, 0x03, 0xC0, 0x1F, 0x78, 0xFD, 0xFF,
    0xEF, 0xFF, 0x8F, 0xF8, 0x19, 0xC3, 0xFC, 0x1F, 0xC0, 0xF0, 0x06, 0x00, 0x00, 0x00, 0x00, 0x00,
    0xFF, 0xFF, 0xFF, 0xFF, 0xF0, 0x3E, 0x07, 0xC0, 0x7C, 0x0F, 0x81, 0xF0, 0x1F, 0xC1, 0xFE, 0x03,
    0xF0, 0x1F, 0x00, 0xF0, 0x0F, 0x63, 0xFF, 0xFF, 0xFF, 0xEF, 0xF8, 0x31, 0x8F, 0xF3, 0xF8, 0x7C,
    0x06, 0x00, 0x00, 0x00, 0x7C, 0x1F, 0x07, 0xC1, 0xF0, 0x7C, 0x1F, 0x07, 0xC1, 0xF0, 0x7C, 0x1F,
    0x07, 0xC1, 0xF0, 0x7C, 0x1F, 0x07, 0xCF, 0xE3, 0xF8, 0xFC, 0x00, 0xFF, 0xC0, 0xFF, 0xFF, 0xFF,
    0xC3, 0xFF, 0xFF, 0xFF, 0x8F, 0xFF, 0xFC, 0x7F, 0x00, 0x7E, 0xF0, 0x7E, 0x01, 0xF3, 0xC0, 0xF8,
    0x0F, 0x8F, 0x01, 0xE0, 0x7E, 0x3C, 0x07, 0x83, 0xF0, 0xF0, 0x1F, 0x0F, 0x83, 0xC0, 0x78, 0x7C,
    0x0F, 0x03, 0xE3, 0xF0, 0x3C, 0x0F, 0x8F, 0x80, 0xF0, 0x7E, 0x7C, 0x03, 0xC7, 0xF1, 0xF0, 0x0F,
    0xFF, 0x8F, 0xFF, 0xFF, 0xFC, 0x3F, 0xFF, 0xFF, 0xC0, 0xFF, 0xFC, 0xFF, 0xC0, 0x00, 0x0F, 0xFF,
    0x00, 0x00, 0xFF, 0xF8, 0x00, 0x0F, 0x1F, 0xC0, 0x00, 0xF0, 0x7E, 0x7F, 0xFF, 0x03, 0xE7, 0xFF,
    0xF0, 0x1E, 0x7F, 0xFF, 0x01, 0xE0, 0x3E, 0xF0, 0x1F, 0x07, 0xCF, 0x01, 0xE0, 0xF8, 0xF0, 0x3E,
    0x1F, 0x0F, 0x03, 0xE1, 0xF0, 0xF0, 0x7E, 0x3E, 0x0F, 0x1F, 0xC7, 0xC0, 0xFF, 0xF8, 0x7F, 0xFF,
    0xFF, 0x0F, 0xFF, 0xFF, 0xC0, 0xFF, 0xF0, 0x00, 0xF8, 0x00, 0x00, 0x3E, 0x00, 0x00, 0x0F, 0x80,
    0x00, 0x03, 0xE0, 0x00, 0x00, 0xF8, 0x00, 0x00, 0x3E, 0x00, 0x01, 0xFF, 0x9F, 0xFD, 0xFF, 0xE7,
    0xFF, 0x7F, 0xF9, 0xFF, 0xFF, 0x7E, 0x03, 0xEF, 0x8F, 0x81, 0xF3, 0xC3, 0xE0, 0xF8, 0xF0, 0xF8,
    0x7C, 0x3C, 0x3E, 0x1F, 0x0F, 0x8F, 0x8F, 0x83, 0xF3, 0xE7, 0xC0, 0x7F, 0xF9, 0xFF, 0xCF, 0xFE,
    0xFF, 0xF1, 0xFF, 0x3F, 0xFC, 0x00, 0x60, 0x01, 0xE0, 0x07, 0xC0, 0x0F, 0x00, 0x1C, 0x00, 0x30,
    0x00, 0x00, 0x03, 0xFE, 0x1F, 0xFE, 0x7F, 0xFD, 0xFC, 0x73, 0xE0, 0x0F, 0x80, 0x1F, 0x00, 0x3E,
    0x00, 0x7C, 0x0F, 0xF8, 0x1F, 0xF0, 0x3F, 0xE0, 0x7B, 0xE0, 0xF7, 0xF1, 0xE7, 0xFF, 0xC7, 0xFF,
    0x83, 0xFF, 0x00, 0xC0, 0x0F, 0x00, 0xF8, 0x0F, 0x80, 0x78, 0x01, 0x80, 0x00, 0x03, 0xFE, 0x3F,
    0xF3, 0xFF, 0xBF, 0x3D, 0xF1, 0xEF, 0x0F, 0x78, 0x7B, 0xC3, 0xDF, 0x1E, 0xFD, 0xF3, 0xFF, 0x9F,
    0xFC, 0x7F, 0xE0, 0x0F, 0x38, 0xF9, 0xFF, 0xCF, 0xFC, 0x7F, 0xC0, 0xF0, 0x3E, 0x00, 0xF0, 0x3E,
    0x00, 0xF0, 0x3E, 0x00, 0xF0, 0x3E, 0x00, 0xF0, 0x3E, 0x1E, 0xF0, 0x3E, 0x1E, 0xF0, 0x3E, 0x1E,
    0xFF, 0xFE, 0x1E, 0xFF, 0xFE, 0x1E, 0xFF, 0xFE, 0x1E, 0xF0, 0x3E, 0x1E, 0xF0, 0x3E, 0x1E, 0xF0,
    0x3E, 0x3E, 0xF0, 0x3F, 0x7E, 0xF0, 0x1F, 0xFE, 0xF0, 0x1F, 0xFC, 0xF0, 0x07, 0xF8, 0x7F, 0xE3,
    0xFF, 0xCF, 0xFF, 0xBE, 0x7F, 0xF0, 0x7F, 0xC1, 0xFF, 0x07, 0xFC, 0x1F, 0xF0, 0x7F, 0xC1, 0xFF,
    0x0F, 0xBC, 0x7E, 0xF3, 0xF3, 0xFF, 0x8F, 0xFC, 0x3F, 0xC0, 0xFC, 0x03, 0xC0, 0x0F, 0x00, 0x3C,
    0x00, 0xF0, 0x03, 0xC0, 0x00, 0x06, 0x00, 0x1E, 0x00, 0x7C, 0x00, 0x3C, 0x00, 0x38, 0x00, 0x20,
    0x00, 0x00, 0x78, 0x0F, 0xF8, 0x1F, 0xF8, 0x3F, 0xF8, 0x7F, 0xF8, 0xFF, 0xF1, 0xFF, 0xF3, 0xFD,
    0xF7, 0xFB, 0xEF, 0xF3, 0xFF, 0xE3, 0xFF, 0xC3, 0xFF, 0x87, 0xFF, 0x07, 0xFE, 0x07, 0xFC, 0x0F,
    0xF8, 0x0F, 0x0C, 0x00, 0xF0, 0x07, 0xC0, 0x1F, 0x00, 0x78, 0x01, 0x80, 0x00, 0x0F, 0xF8, 0xFF,
    0xE7, 0xFF, 0xBE, 0x7D, 0xF1, 0xEF, 0x8F, 0x7C, 0x7B, 0xE3, 0xDF, 0x1E, 0xF8, 0xF7, 0xC7, 0xBE,
    0x3D, 0xF1, 0xE0, 0x00, 0x60, 0x00, 0x78, 0x00, 0x3E, 0x00, 0x06, 0x00, 0x00, 0x00, 0x00, 0x78,
    0x00, 0x3F, 0x00, 0x0F, 0xC0, 0x03, 0xF0, 0x00, 0xFC, 0x00, 0x3F, 0x00, 0x1F, 0xE0, 0x07, 0xF8,
    0x03, 0xFF, 0x00, 0xFF, 0xC0, 0x3C, 0xF0, 0x1F, 0x3E, 0x07, 0x8F, 0x83, 0xE1, 0xE0, 0xFF, 0xFC,
    0x3F, 0xFF, 0x1F, 0xFF, 0xE7, 0xC0, 0xF9, 0xE0, 0x3E, 0xF8, 0x07, 0xFE, 0x01, 0xF0, 0x03, 0x80,
    0x7C, 0x03, 0xE0, 0x1C, 0x00, 0x00, 0x03, 0xC0, 0x3F, 0x01, 0xF8, 0x07, 0x80, 0x00, 0x00, 0x00,
    0x7F, 0x83, 0xFF, 0x1F, 0xF8, 0xC7, 0xC0, 0x1F, 0x1F, 0xFB, 0xFF, 0xDF, 0xFE, 0xF9, 0xF7, 0xCF,
    0xBF, 0xFD, 0xFF, 0xE7, 0xFE, 0x00, 0x01, 0x80, 0x00, 0x01, 0xE0, 0x00, 0x03, 0xE0, 0x00, 0x07,
    0xC0, 0x00, 0x07, 0x80, 0x00, 0x02, 0x00, 0x00, 0x00, 0x00, 0x00, 0x3F, 0xFF, 0x00, 0x7F, 0xFF,
    0x00, 0x7F, 0xFF, 0x00, 0xFF, 0x00, 0x01, 0xFF, 0x00, 0x01, 0xEF, 0x00, 0x03, 0xEF, 0x00, 0x07,
    0xCF, 0xFE, 0x07, 0xCF, 0xFE, 0x0F, 0x8F, 0xFE, 0x0F, 0xFF, 0x00, 0x1F, 0xFF, 0x00, 0x3F, 0xFF,
    0x00, 0x3E, 0x0F, 0x00, 0x7C, 0x0F, 0xFF, 0x7C, 0x0F, 0xFF, 0xF8, 0x0F, 0xFF, 0x00, 0x0C, 0x00,
    0x00, 0xF0, 0x00, 0x0F, 0x80, 0x00, 0xF8, 0x00, 0x07, 0x80, 0x00, 0x18, 0x00, 0x00, 0x00, 0x07,
    0xF9, 0xF8, 0x3F, 0xFF, 0xE1, 0xFF, 0xFF, 0x8C, 0x7F, 0x7E, 0x01, 0xF0, 0xF1, 0xFF, 0xFF, 0xBF,
    0xFF, 0xFD, 0xFF, 0xFF, 0xEF, 0x9F, 0x00, 0x7C, 0x7E, 0x73, 0xFF, 0xFF, 0x9F, 0xFF, 0xFC, 0x7F,
    0xFF, 0xE0, 0x00, 0x60, 0x00, 0x3C, 0x00, 0x1F, 0x00, 0x0F, 0x80, 0x03, 0xC0, 0x00, 0x60, 0x00,
    0x00, 0x30, 0x1F, 0xFE, 0x1F, 0xFF, 0x8F, 0xFF, 0xC7, 0xF3, 0xF1, 0xF0, 0xFE, 0xF8, 0x7F, 0xBE,
    0x3F, 0xFF, 0x8F, 0x7F, 0xE7, 0x9F, 0xFB, 0xC7, 0xFF, 0xE1, 0xFF, 0xF8, 0xF9, 0xFC, 0x3E, 0x7F,
    0x3F, 0x8F, 0xFF, 0xC7, 0xFF, 0xE1, 0xFF, 0xE0, 0x30, 0x00, 0x00, 0x03, 0x80, 0x0F, 0x00, 0x7C,
    0x03, 0xE0, 0x0F, 0x00, 0x18, 0x00, 0x03, 0x07, 0xFE, 0x3F, 0xF9, 0xFF, 0xCF, 0xDF, 0xBE, 0xFE,
    0xF3, 0xFB, 0xDD, 0xEF, 0xF7, 0xBF, 0x9E, 0xFD, 0xF9, 0xFF, 0xC7, 0xFE, 0x3F, 0xF0, 0x60, 0x00,
    0x04, 0x20, 0x07, 0xBC, 0x01, 0xFF, 0x80, 0x3D, 0xE0, 0x07, 0xBC, 0x00, 0xC6, 0x00, 0x00, 0x00,
    0x07, 0x80, 0x03, 0xF0, 0x00, 0xFC, 0x00, 0x7F, 0x80, 0x1F, 0xE0, 0x0F, 0xFC, 0x03, 0xCF, 0x01,
    0xF3, 0xE0, 0x78, 0xF8, 0x1E, 0x1E, 0x0F, 0xFF, 0xC3, 0xFF, 0xF0, 0xFF, 0xFE, 0x7C, 0x0F, 0x9F,
    0x03, 0xEF, 0x80, 0x7F, 0xE0, 0x1F, 0x31, 0x83, 0x9C, 0x1E, 0xF0, 0x7B, 0xC1, 0xCE, 0x06, 0x30,
    0x00, 0x07, 0xF8, 0x3F, 0xF1, 0xFF, 0x8C, 0x7C, 0x01, 0xF1, 0xFF, 0xBF, 0xFD, 0xFF, 0xEF, 0x9F,
    0x7C, 0xFB, 0xFF, 0xDF, 0xFE, 0x7F, 0xE0, 0x03, 0xF0, 0x01, 0xFE, 0x00, 0x77, 0x80, 0x1C, 0xE0,
    0x00, 0x00, 0x00, 0x00, 0x00, 0x1E, 0x00, 0x0F, 0xC0, 0x03, 0xF0, 0x01, 0xFE, 0x00, 0x7F, 0x80,
    0x3F, 0xF0, 0x0F, 0x3C, 0x07, 0xCF, 0x81, 0xE3, 0xE0, 0x78, 0x78, 0x3F, 0xFF, 0x0F, 0xFF, 0xC3,
    0xFF, 0xF9, 0xF0, 0x3E, 0x7C, 0x0F, 0xBE, 0x01, 0xFF, 0x80, 0x7C, 0x0F, 0xC0, 0xFE, 0x07, 0x78,
    0x79, 0xC0, 0x00, 0x00, 0x00, 0xFF, 0x07, 0xFE, 0x3F, 0xF1, 0x8F, 0x80, 0x3E, 0x3F, 0xF7, 0xFF,
    0xBF, 0xFD, 0xF3, 0xEF, 0x9F, 0x7F, 0xFB, 0xFF, 0xCF, 0xFC, 0x63, 0x07, 0xBC, 0x3D, 0xE0, 0xF7,
    0x83, 0xDE, 0x0C, 0x60, 0x00, 0x1F, 0xFE, 0xFF, 0xF7, 0xFF, 0xBC, 0x01, 0xE0, 0x0F, 0x00, 0x78,
    0x03, 0xFF, 0x9F, 0xFC, 0xFF, 0xE7, 0x80, 0x3C, 0x01, 0xE0, 0x0F, 0x00, 0x7F, 0xFF, 0xFF, 0xFF,
    0xFF, 0x31, 0x83, 0x9C, 0x1E, 0xF0, 0x7B, 0xC1, 0xCE, 0x06, 0x30, 0x00, 0x03, 0xF8, 0x3F, 0xE3,
    0xFF, 0xBF, 0x7D, 0xF1, 0xFF, 0xFF, 0xFF, 0xFF, 0xFF, 0xFF, 0x00, 0xFC, 0x73, 0xFF, 0x8F, 0xFC,
    0x3F, 0xE0, 0x1F, 0x81, 0xFE, 0x0E, 0xF0, 0x73, 0x80, 0x00, 0x00, 0x03, 0xFF, 0xDF, 0xFE, 0xFF,
    0xF7, 0x80, 0x3C, 0x01, 0xE0, 0x0F, 0x00, 0x7F, 0xF3, 0xFF, 0x9F, 0xFC, 0xF0, 0x07, 0x80, 0x3C,
    0x01, 0xE0, 0x0F, 0xFF, 0xFF, 0xFF, 0xFF, 0xE0, 0x0F, 0x80, 0xFE, 0x0F, 0x78, 0x71, 0xC0, 0x00,
    0x00, 0x00, 0x7F, 0x07, 0xFC, 0x7F, 0xF7, 0xEF, 0xBE, 0x3F, 0xFF, 0xFF, 0xFF, 0xFF, 0xFF, 0xE0,
    0x1F, 0x8E, 0x7F, 0xF1, 0xFF, 0x87, 0xFC, 0x63, 0x1E, 0xF3, 0xDE, 0x3D, 0xE3, 0xDE, 0x31, 0x80,
    0x00, 0x78, 0x0F, 0x01, 0xE0, 0x3C, 0x07, 0x80, 0xF0, 0x1E, 0x03, 0xC0, 0x78, 0x0F, 0x01, 0xE0,
    0x3C, 0x07, 0x80, 0xF0, 0x1E, 0x03, 0xC0, 0x78, 0x31, 0x87, 0x38, 0x7B, 0xC3, 0xDE, 0x1C, 0xE0,
    0xC6, 0x00, 0x00, 0xF8, 0x0F, 0x80, 0xF8, 0x0F, 0x80, 0xF8, 0x0F, 0x80, 0xF8, 0x0F, 0x80, 0xF8,
    0x0F, 0x80, 0xF8, 0x0F, 0x80, 0xF8, 0x3F, 0x1F, 0xE7, 0xF9, 0xCE, 0x00, 0x00, 0x01, 0xE0, 0x78,
    0x1E, 0x07, 0x81, 0xE0, 0x78, 0x1E, 0x07, 0x81, 0xE0, 0x78, 0x1E, 0x07, 0x81, 0xE0, 0x78, 0x1E,
    0x07, 0x81, 0xE0, 0x3E, 0x3F, 0xBD, 0xFE, 0x70, 0x00, 0x00, 0xF8, 0x7C, 0x3E, 0x1F, 0x0F, 0x87,
    0xC3, 0xE1, 0xF0, 0xF8, 0x7C, 0x3E, 0x1F, 0x0F, 0x80, 0x0C, 0x60, 0x07, 0x38, 0x01, 0xEF, 0x00,
    0x3D, 0xE0, 0x07, 0x38, 0x00, 0xC6, 0x00, 0x00, 0x00, 0x1F, 0xE0, 0x1F, 0xFE, 0x0F, 0xFF, 0xC7,
    0xF3, 0xF1, 0xF0, 0x3E, 0xF8, 0x0F, 0xBE, 0x01, 0xFF, 0x80, 0x7F, 0xE0, 0x1F, 0xF8, 0x07, 0xFE,
    0x01, 0xFF, 0x80, 0xF9, 0xF0, 0x3E, 0x7F, 0x3F, 0x8F, 0xFF, 0xC1, 0xFF, 0xE0, 0x1F, 0xE0, 0x31,
    0x81, 0xCE, 0x07, 0xBC, 0x0F, 0x78, 0x1C, 0xE0, 0x31, 0x80, 0x00, 0x07, 0xF0, 0x3F, 0xE1, 0xFF,
    0xCF, 0xDF, 0xBE, 0x3E, 0xF0, 0x7B, 0xC1, 0xEF, 0x07, 0xBE, 0x3E, 0xFD, 0xF9, 0xFF, 0xC3, 0xFE,
    0x07, 0xF0, 0x03, 0xF0, 0x01, 0xFE, 0x00, 0x77, 0x80, 0x3C, 0xE0, 0x00, 0x00, 0x00, 0x00, 0x00,
    0x7F, 0x80, 0x7F, 0xF8, 0x3F, 0xFF, 0x1F, 0xCF, 0xC7, 0xC0, 0xFB, 0xE0, 0x3E, 0xF8, 0x07, 0xFE,
    0x01, 0xFF, 0x80, 0x7F, 0xE0, 0x1F, 0xF8, 0x07, 0xFE, 0x03, 0xE7, 0xC0, 0xF9, 0xFC, 0xFE, 0x3F,
    0xFF, 0x07, 0xFF, 0x80, 0x7F, 0x80, 0x0F, 0x80, 0x7F, 0x03, 0xDE, 0x0F, 0x38, 0x00, 0x00, 0x00,
    0x01, 0xFC, 0x0F, 0xF8, 0x7F, 0xF3, 0xF7, 0xEF, 0x8F, 0xBC, 0x1E, 0xF0, 0x7B, 0xC1, 0xEF, 0x8F,
    0xBF, 0x7E, 0x7F, 0xF0, 0xFF, 0x81, 0xFC, 0x00, 0x63, 0x01, 0xCF, 0x03, 0xDE, 0x03, 0xDE, 0x03,
    0x9C, 0x03, 0x18, 0x00, 0x00, 0x7F, 0xE0, 0xFF, 0xF1, 0xFF, 0xF3, 0xC7, 0xE7, 0x87, 0xCF, 0x07,
    0x9E, 0x1F, 0x3C, 0x7E, 0x7F, 0xFC, 0xFF, 0xF1, 0xFF, 0xC3, 0xCF, 0x87, 0x8F, 0x8F, 0x1F, 0x9E,
    0x1F, 0x3C, 0x3F, 0x78, 0x3E, 0x63, 0x1E, 0xF3, 0xDE, 0x3D, 0xE3, 0x9C, 0x31, 0x80, 0x01, 0xFF,
    0x7F, 0xCF, 0xF9, 0xF3, 0x3E, 0x07, 0xC0, 0xF8, 0x1F, 0x03, 0xE0, 0x7C, 0x0F, 0x81, 0xF0, 0x3E,
    0x00, 0x1F, 0x80, 0x7F, 0x80, 0xF7, 0x01, 0xCE, 0x00, 0x00, 0x00, 0x00, 0x3F, 0xF0, 0x7F, 0xF8,
    0xFF, 0xF9, 0xE3, 0xF3, 0xC3, 0xE7, 0x83, 0xCF, 0x0F, 0x9E, 0x3F, 0x3F, 0xFE, 0x7F, 0xF8, 0xFF,
    0xE1, 0xE7, 0xC3, 0xC7, 0xC7, 0x8F, 0xCF, 0x0F, 0x9E, 0x1F, 0xBC, 0x1F, 0x00, 0x3F, 0x1F, 0xE7,
    0xB9, 0xCF, 0x00, 0x00, 0x07, 0xFF, 0xFE, 0xFF, 0xBE, 0x6F, 0x83, 0xE0, 0xF8, 0x3E, 0x0F, 0x83,
    0xE0, 0xF8, 0x3E, 0x0F, 0x80, 0x18, 0xC0, 0x73, 0x80, 0xF7, 0x80, 0xF7, 0x80, 0xE7, 0x00, 0xC6,
    0x00, 0x00, 0x7C, 0x0F, 0xF8, 0x1F, 0xF0, 0x3F, 0xE0, 0x7F, 0xC0, 0xFF, 0x81, 0xFF, 0x03, 0xFE,
    0x07, 0xFC, 0x0F, 0xF8, 0x1F, 0xF0, 0x3F, 0xE0, 0x7B, 0xE1, 0xF7, 0xE7, 0xEF, 0xFF, 0x8F, 0xFE,
    0x07, 0xF8, 0x63, 0x0F, 0x78, 0xF7, 0x87, 0xBC, 0x3D, 0xE1, 0x8C, 0x00, 0x0F, 0x8F, 0xF8, 0xFF,
    0x8F, 0xF8, 0xFF, 0x8F, 0xF8, 0xFF, 0x8F, 0xF8, 0xFF, 0x8F, 0x7C, 0xF7, 0xFF, 0x3F, 0xF1, 0xFF,
    0x07, 0xE0, 0x1F, 0xC0, 0x3B, 0xC0, 0xF3, 0x80, 0x00, 0x00, 0x00, 0x3E, 0x07, 0xFC, 0x0F, 0xF8,
    0x1F, 0xF0, 0x3F, 0xE0, 0x7F, 0xC0, 0xFF, 0x81, 0xFF, 0x03, 0xFE, 0x07, 0xFC, 0x0F, 0xF8, 0x1F,
    0xF0, 0x3D, 0xF0, 0xFB, 0xF3, 0xF7, 0xFF, 0xC7, 0xFF, 0x03, 0xFC, 0x00, 0x0F, 0x81, 0xFC, 0x3D,
    0xC3, 0x9E, 0x00, 0x00, 0x00, 0xF8, 0xFF, 0x8F, 0xF8, 0xFF, 0x8F, 0xF8, 0xFF, 0x8F, 0xF8, 0xFF,
    0x8F, 0xF8, 0xF7, 0xCF, 0x7F, 0xF3, 0xFF, 0x1F, 0xF0, 0x0F, 0xF0, 0xFF, 0xE7, 0xFF, 0x9F, 0x9C,
    0x7C, 0x01, 0xF0, 0x07, 0xF8, 0x0F, 0xF8, 0x1F, 0xF0, 0x3F, 0xE0, 0x1F, 0xC0, 0x1F, 0x00, 0x7D,
    0xE3, 0xF7, 0xFF, 0x9F, 0xFE, 0x3F, 0xE0, 0x00, 0x00, 0x38, 0x01, 0xE0, 0x0F, 0x80, 0x3C, 0x00,
    0x1F, 0xE3, 0xFE, 0x7F, 0xC7, 0xCC, 0x7F, 0x07, 0xFE, 0x7F, 0xE3, 0xFE, 0x03, 0xE7, 0x1E, 0x7F,
    0xE7, 0xFC, 0x7F, 0x80, 0x00, 0x0F, 0x00, 0xF0, 0x3F, 0x01, 0xE0, 0xFF, 0xFF, 0xFF, 0xFF, 0xFF,
    0xF8, 0x3E, 0x00, 0x7C, 0x00, 0xF8, 0x01, 0xF0, 0x03, 0xE0, 0x07, 0xC0, 0x0F, 0x80, 0x1F, 0x00,
    0x3E, 0x00, 0x7C, 0x00, 0xF8, 0x01, 0xF0, 0x03, 0xE0, 0x07, 0xC0, 0x00, 0x00, 0x0F, 0x00, 0x3C,
    0x00, 0xF8, 0x01, 0xE0, 0x00, 0xF8, 0x3E, 0x0F, 0x83, 0xE0, 0xFF, 0xBF, 0xEF, 0xFB, 0xE0, 0xF8,
    0x3E, 0x0F, 0x83, 0xE0, 0xF8, 0x3F, 0x27, 0xF9, 0xFF, 0x3F, 0x80, 0x01, 0xE0, 0x78, 0x3E, 0x0F,
    0x00, 0x7F, 0xC7, 0xFF, 0x1F, 0xFC, 0xE7, 0xE0, 0x0F, 0x00, 0x7C, 0x03, 0xE0, 0x3E, 0x07, 0xF1,
    0xFF, 0x0F, 0xF8, 0x7F, 0xE0, 0x3F, 0x80, 0x7C, 0x03, 0xE0, 0x1F, 0x00, 0xF8, 0x07, 0xC1, 0xFD,
    0xFF, 0xEF, 0xFC, 0x7F, 0x80, 0xFF, 0x1F, 0xF9, 0xFF, 0x33, 0xF0, 0x3E, 0x07, 0xC3, 0xF0, 0xFC,
    0x1F, 0x83, 0xF8, 0x1F, 0x81, 0xF0, 0x3E, 0x07, 0xCF, 0xFF, 0xFE, 0xFF, 0x9F, 0xC0, 0x0C, 0xE0,
    0x3F, 0xC0, 0x3F, 0x80, 0x3C, 0x00, 0x30, 0x00, 0x00, 0x00, 0x00, 0x78, 0x1F, 0xF0, 0x3F, 0xE0,
    0x7F, 0xC0, 0xFF, 0x81, 0xFF, 0x03, 0xFE, 0x07, 0xFF, 0xFF, 0xFF, 0xFF, 0xFF, 0xFF, 0xE0, 0x7F,
    0xC0, 0xFF, 0x81, 0xFF, 0x03, 0xFE, 0x07, 0xFC, 0x0F, 0xF8, 0x1F, 0x63, 0x03, 0xFC, 0x1F, 0xC0,
    0x7C, 0x00, 0xC0, 0x00, 0x01, 0xE0, 0x1F, 0x00, 0xF8, 0x07, 0xC0, 0x3E, 0x01, 0xF0, 0x0F, 0xFC,
    0x7F, 0xF3, 0xFF, 0xDF, 0x3E, 0xF8, 0xF7, 0xC7, 0xBE, 0x3D, 0xF1, 0xEF, 0x8F, 0x7C, 0x7B, 0xE3,
    0xDF, 0x1E, 0xF8, 0xF0, 0x7C, 0x1F, 0x07, 0x81, 0xE0, 0x1F, 0x3E, 0x7C, 0xF0, 0x1F, 0x87, 0xF0,
    0xFF, 0x3C, 0xF0, 0x78, 0xDF, 0xFB, 0xFF, 0x73, 0xC0, 0xFF, 0xBF, 0xEF, 0xF8, 0xE3, 0xFF, 0xF7,
    0xF8, 0xFC, 0x79, 0xE7, 0x9E, 0x73, 0xBC, 0xFF, 0x3C, 0x7C, 0xFF, 0xBF, 0x77, 0xEF, 0x80, 0x3D,
    0xF7, 0xFE, 0xF3, 0xCE, 0x70, 0x79, 0xE7, 0xF8, 0xFE, 0x0F, 0xC0, 0x3F, 0x3F, 0xDD, 0xFE, 0x70,
    0x3C, 0xE7, 0x9E, 0x7B, 0xE7, 0x00, 0xF7, 0xBD, 0xC0, 0x71, 0xE3, 0xEF, 0xFF, 0xE0, 0x00, 0xE7,
    0x1C, 0xF3, 0xFF, 0xDF, 0x0C, 0x00, 0xF0, 0x07, 0xC0, 0x1F, 0x00, 0x78, 0x01, 0x80, 0x00, 0x1F,
    0xFE, 0xFF, 0xF7, 0xFF, 0xBC, 0x01, 0xE0, 0x0F, 0x00, 0x78, 0x03, 0xFF, 0x9F, 0xFC, 0xFF, 0xE7,
    0x80, 0x3C, 0x01, 0xE0, 0x0F, 0x00, 0x7F, 0xFF, 0xFF, 0xFF, 0xFF, 0x79, 0xC3, 0xDF, 0x1E, 0xF8,
    0xF3, 0x80, 0x00, 0x00, 0x03, 0xFF, 0xDF, 0xFE, 0xFF, 0xF7, 0x80, 0x3C, 0x01, 0xE0, 0x0F, 0x00,
    0x7F, 0xF3, 0xFF, 0x9F, 0xFC, 0xF0, 0x07, 0x80, 0x3C, 0x01, 0xE0, 0x0F, 0xFF, 0xFF, 0xFF, 0xFF,
    0xE0, 0xFF, 0xFE, 0x0F, 0xFF, 0xE0, 0xFF, 0xFE, 0x00, 0x7C, 0x00, 0x07, 0xC0, 0x00, 0x7C, 0x00,
    0x07, 0xFF, 0x80, 0x7F, 0xFC, 0x07, 0xFF, 0xE0, 0x7C, 0x7E, 0x07, 0xC1, 0xE0, 0x7C, 0x1F, 0x07,
    0xC1, 0xF0, 0x7C, 0x3E, 0x07, 0xDF, 0xE0, 0x7D, 0xFC, 0x07, 0xDF, 0x80, 0x03, 0x00, 0x78, 0x0F,
    0x81, 0xF0, 0x1E, 0x00, 0xC0, 0x00, 0x0F, 0xFF, 0xFF, 0xFF, 0xFF, 0xF0, 0x0F, 0x00, 0xF0, 0x0F,
    0x00, 0xF0, 0x0F, 0x00, 0xF0, 0x0F, 0x00, 0xF0, 0x0F, 0x00, 0xF0, 0x0F, 0x00, 0xF0, 0x0F, 0x00,
    0x07, 0xFC, 0x1F, 0xFE, 0x3F, 0xFE, 0x7F, 0x1C, 0x7C, 0x00, 0xF8, 0x00, 0xF8, 0x00, 0xFF, 0xF0,
    0xFF, 0xF0, 0xFF, 0xF0, 0xF8, 0x00, 0xF8, 0x00, 0x7C, 0x00, 0x7F, 0x3C, 0x3F, 0xFE, 0x1F, 0xFE,
    0x07, 0xFC, 0x0F, 0xF0, 0xFF, 0xE7, 0xFF, 0x9F, 0x9C, 0x7C, 0x01, 0xF0, 0x07, 0xF8, 0x0F, 0xF8,
    0x1F, 0xF0, 0x3F, 0xE0, 0x1F, 0xC0, 0x1F, 0x00, 0x7D, 0xE3, 0xF7, 0xFF, 0x9F, 0xFE, 0x3F, 0xE0,
    0xFF, 0xFF, 0xFF, 0xFF, 0xFF, 0xFF, 0xFF, 0xFF, 0xF0, 0xF3, 0xFC, 0xFF, 0x3F, 0xCF, 0x00, 0x00,
    0x01, 0xE0, 0x78, 0x1E, 0x07, 0x81, 0xE0, 0x78, 0x1E, 0x07, 0x81, 0xE0, 0x78, 0x1E, 0x07, 0x81,
    0xE0, 0x78, 0x1E, 0x07, 0x81, 0xE0, 0x01, 0xF0, 0x1F, 0x01, 0xF0, 0x1F, 0x01, 0xF0, 0x1F, 0x01,
    0xF0, 0x1F, 0x01, 0xF0, 0x1F, 0x01, 0xF0, 0x1F, 0x01, 0xF7, 0x3E, 0xFF, 0xEF, 0xFC, 0x7F, 0x80,
    0x03, 0xFF, 0xC0, 0x00, 0x7F, 0xFC, 0x00, 0x07, 0xFF, 0xC0, 0x00, 0x7C, 0x7C, 0x00, 0x07, 0xC7,
    0xC0, 0x00, 0x7C, 0x7C, 0x00, 0x07, 0xC7, 0xFF, 0x00, 0x7C, 0x7F, 0xFC, 0x07, 0x87, 0xFF, 0xE0,
    0x78, 0x7C, 0x7E, 0x07, 0x87, 0xC1, 0xE0, 0xF8, 0x7C, 0x1E, 0x1F, 0x07, 0xC1, 0xE7, 0xF0, 0x7C,
    0x7E, 0xFE, 0x07, 0xFF, 0xEF, 0xC0, 0x7F, 0xFC, 0xF8, 0x03, 0xFF, 0x00, 0xF0, 0x3E, 0x00, 0xF0,
    0x3E, 0x00, 0xF0, 0x3E, 0x00, 0xF0, 0x3E, 0x00, 0xF0, 0x3E, 0x00, 0xF0, 0x3E, 0x00, 0xFF, 0xFF,
    0xF8, 0xFF, 0xFF, 0xFC, 0xFF, 0xFF, 0xFE, 0xF0, 0x3E, 0x7F, 0xF0, 0x3E, 0x1F, 0xF0, 0x3E, 0x1F,
    0xF0, 0x3E, 0x1F, 0xF0, 0x3E, 0x7F, 0xF0, 0x3F, 0xFE, 0xF0, 0x3F, 0xFC, 0xF0, 0x3F, 0xF8, 0xFF,
    0xFE, 0x1F, 0xFF, 0xC3, 0xFF, 0xF8, 0x03, 0xE0, 0x00, 0x7C, 0x00, 0x0F, 0x80, 0x01, 0xFF, 0xC0,
    0x3F, 0xFC, 0x07, 0xFF, 0xC0, 0xF9, 0xF8, 0x1F, 0x0F, 0x83, 0xE1, 0xF0, 0x7C, 0x3E, 0x0F, 0x87,
    0xC1, 0xF0, 0xF8, 0x3E, 0x1F, 0x07, 0xC3, 0xE0, 0x00, 0xC0, 0x03, 0xC0, 0x0F, 0x80, 0x3E, 0x00,
    0x78, 0x00, 0x60, 0x00, 0x00, 0x78, 0x3E, 0xF0, 0xF9, 0xE3, 0xF3, 0xCF, 0xC7, 0xBF, 0x0F, 0xFC,
    0x1F, 0xF0, 0x3F, 0xC0, 0x7F, 0x80, 0xFF, 0x81, 0xFF, 0x83, 0xDF, 0x87, 0x9F, 0x8F, 0x1F, 0x9E,
    0x1F, 0x3C, 0x1F, 0x78, 0x3F, 0x03, 0x00, 0x1E, 0x00, 0x3E, 0x00, 0x3E, 0x00, 0x3C, 0x00, 0x30,
    0x00, 0x00, 0x78, 0x0F, 0xF0, 0x3F, 0xE0, 0xFF, 0xC3, 0xFF, 0x8F, 0xFF, 0x1F, 0xFE, 0x7F, 0xFD,
    0xF7, 0xFF, 0xCF, 0xFF, 0x9F, 0xFE, 0x3F, 0xF8, 0x7F, 0xF0, 0xFF, 0xC1, 0xFF, 0x03, 0xFE, 0x07,
    0xF8, 0x0F, 0x06, 0x38, 0x07, 0xBC, 0x03, 0xFE, 0x00, 0xFE, 0x00, 0x3E, 0x00, 0x00, 0x00, 0x00,
    0x01, 0xF0, 0x3E, 0x7C, 0x1F, 0x3E, 0x0F, 0x8F, 0x8F, 0x87, 0xC7, 0xC1, 0xF3, 0xC0, 0xFB, 0xE0,
    0x3F, 0xE0, 0x1F, 0xF0, 0x07, 0xF8, 0x01, 0xF8, 0x00, 0xFC, 0x00, 0x7C, 0x02, 0x7E, 0x03, 0xFE,
    0x01, 0xFE, 0x00, 0xFE, 0x00, 0xF0, 0x3F, 0xE0, 0x7F, 0xC0, 0xFF, 0x81, 0xFF, 0x03, 0xFE, 0x07,
    0xFC, 0x0F, 0xF8, 0x1F, 0xF0, 0x3F, 0xE0, 0x7F, 0xC0, 0xFF, 0x81, 0xFF, 0x03, 0xFE, 0x07, 0xFF,
    0xFF, 0xFF, 0xFF, 0xFF, 0xFE, 0x0F, 0x00, 0x1E, 0x00, 0x3C, 0x00, 0x78, 0x00, 0xF0, 0x00, 0x01,
    0xE0, 0x00, 0xFC, 0x00, 0x3F, 0x00, 0x1F, 0xE0, 0x07, 0xF8, 0x03, 0xFF, 0x00, 0xF3, 0xC0, 0x7C,
    0xF8, 0x1E, 0x3E, 0x07, 0x87, 0x83, 0xFF, 0xF0, 0xFF, 0xFC, 0x3F, 0xFF, 0x9F, 0x03, 0xE7, 0xC0,
    0xFB, 0xE0, 0x1F, 0xF8, 0x07, 0xC0, 0xFF, 0xF3, 0xFF, 0xCF, 0xFF, 0x3C, 0x00, 0xF0, 0x03, 0xC0,
    0x0F, 0xFC, 0x3F, 0xFC, 0xFF, 0xFB, 0xC7, 0xEF, 0x07, 0xBC, 0x1E, 0xF0, 0x7B, 0xC7, 0xEF, 0xFF,
    0xBF, 0xFC, 0xFF, 0xC0, 0xFF, 0xC3, 0xFF, 0xCF, 0xFF, 0xBC, 0x7E, 0xF0, 0x7B, 0xC1, 0xEF, 0x1F,
    0xBF, 0xFC, 0xFF, 0xF3, 0xFF, 0xEF, 0x0F, 0xFC, 0x1F, 0xF0, 0x7F, 0xC7, 0xFF, 0xFF, 0xBF, 0xFE,
    0xFF, 0xE0, 0xFF, 0xFF, 0xFF, 0xFF, 0xFF, 0x00, 0xF0, 0x0F, 0x00, 0xF0, 0x0F, 0x00, 0xF0, 0x0F,
    0x00, 0xF0, 0x0F, 0x00, 0xF0, 0x0F, 0x00, 0xF0, 0x0F, 0x00, 0xF0, 0x00, 0x07, 0xFF, 0x80, 0x3F,
    0xFC, 0x01, 0xFF, 0xE0, 0x0F, 0x8F, 0x00, 0x7C, 0x78, 0x03, 0xE3, 0xC0, 0x1E, 0x1E, 0x00, 0xF0,
    0xF0, 0x07, 0x87, 0x80, 0x7C, 0x3C, 0x03, 0xE1, 0xE0, 0x1E, 0x0F, 0x01, 0xF0, 0x78, 0x0F, 0x83,
    0xC3, 0xFF, 0xFF, 0xDF, 0xFF, 0xFE, 0xFF, 0xFF, 0xF7, 0xC0, 0x07, 0xBE, 0x00, 0x3D, 0xF0, 0x01,
    0xEF, 0x80, 0x0F, 0x7C, 0x00, 0x78, 0xFF, 0xF7, 0xFF, 0xBF, 0xFD, 0xE0, 0x0F, 0x00, 0x78, 0x03,
    0xC0, 0x1F, 0xFC, 0xFF, 0xE7, 0xFF, 0x3C, 0x01, 0xE0, 0x0F, 0x00, 0x78, 0x03, 0xFF, 0xFF, 0xFF,
    0xFF, 0xF8, 0xFC, 0x3E, 0x1F, 0x3F, 0x1F, 0x1F, 0x8F, 0x8F, 0x9F, 0x87, 0xE7, 0xDF, 0x81, 0xFB,
    0xEF, 0x80, 0x7F, 0xFF, 0x80, 0x1F, 0xFF, 0xC0, 0x07, 0xFF, 0xC0, 0x03, 0xFF, 0xC0, 0x01, 0xFF,
    0xF0, 0x01, 0xFF, 0xFC, 0x01, 0xF7, 0xFF, 0x01, 0xF3, 0xEF, 0xC1, 0xF9, 0xF3, 0xE1, 0xF8, 0xF8,
    0xF8, 0xF8, 0x7C, 0x7E, 0xF8, 0x3E, 0x1F, 0x00, 0x3F, 0xE0, 0xFF, 0xE1, 0xFF, 0xE1, 0xC7, 0xE0,
    0x07, 0xC0, 0x0F, 0x80, 0x7E, 0x0F, 0xFC, 0x1F, 0xF0, 0x3F, 0xF8, 0x03, 0xF0, 0x01, 0xE0, 0x03,
    0xCF, 0x1F, 0x9F, 0xFF, 0x7F, 0xFC, 0x3F, 0xF0, 0xF0, 0x1F, 0xE0, 0x7F, 0xC1, 0xFF, 0x87, 0xFF,
    0x1F, 0xFE, 0x3F, 0xFC, 0xFF, 0xFB, 0xEF, 0xFF, 0x9F, 0xFF, 0x3F, 0xFC, 0x7F, 0xF0, 0xFF, 0xE1,
    0xFF, 0x83, 0xFE, 0x07, 0xFC, 0x0F, 0xF0, 0x1E, 0x0C, 0x70, 0x3D, 0xE0, 0x7F, 0xC0, 0x7F, 0x00,
    0x7C, 0x00, 0x00, 0x00, 0x00, 0x78, 0x0F, 0xF0, 0x3F, 0xE0, 0xFF, 0xC3, 0xFF, 0x8F, 0xFF, 0x1F,
    0xFE, 0x7F, 0xFD, 0xF7, 0xFF, 0xCF, 0xFF, 0x9F, 0xFE, 0x3F, 0xF8, 0x7F, 0xF0, 0xFF, 0xC1, 0xFF,
    0x03, 0xFE, 0x07, 0xF8, 0x0F, 0xF0, 0x7D, 0xE1, 0xF3, 0xC7, 0xE7, 0x9F, 0x8F, 0x7E, 0x1F, 0xF8,
    0x3F, 0xE0, 0x7F, 0x80, 0xFF, 0x01, 0xFF, 0x03, 0xFF, 0x07, 0xBF, 0x0F, 0x3F, 0x1E, 0x3F, 0x3C,
    0x3E, 0x78, 0x3E, 0xF0, 0x7E, 0x03, 0xFF, 0xC1, 0xFF, 0xF0, 0x7F, 0xFC, 0x1F, 0x1F, 0x07, 0xC7,
    0xC1, 0xF1, 0xF0, 0x7C, 0x7C, 0x1F, 0x1F, 0x07, 0x87, 0xC1, 0xE1, 0xF0, 0x78, 0x7C, 0x3E, 0x1F,
    0x1F, 0x07, 0xDF, 0xC1, 0xFF, 0xE0, 0x7F, 0xF0, 0x1F, 0xF8, 0x07, 0xC0, 0x7C, 0x03, 0xE7, 0xE0,
    0x3E, 0x7E, 0x07, 0xE7, 0xF0, 0x7E, 0x7F, 0x0F, 0xE7, 0xF8, 0xFF, 0x7F, 0x9F, 0xF7, 0xFD, 0xFF,
    0x7B, 0xDF, 0xF7, 0xBF, 0xDF, 0x79, 0xFD, 0xFF, 0x9F, 0x8F, 0xF9, 0xF8, 0xFF, 0x8F, 0x8F, 0xF8,
    0xF0, 0xFF, 0x80, 0x0F, 0xF8, 0x00, 0xF0, 0xF0, 0x3F, 0xE0, 0x7F, 0xC0, 0xFF, 0x81, 0xFF, 0x03,
    0xFE, 0x07, 0xFC, 0x0F, 0xFF, 0xFF, 0xFF, 0xFF, 0xFF, 0xFF, 0xC0, 0xFF, 0x81, 0xFF, 0x03, 0xFE,
    0x07, 0xFC, 0x0F, 0xF8, 0x1F, 0xF0, 0x3E, 0x07, 0xF8, 0x07, 0xFF, 0x83, 0xFF, 0xF1, 0xFC, 0xFC,
    0x7C, 0x0F, 0xBE, 0x03, 0xEF, 0x80, 0x7F, 0xE0, 0x1F, 0xF8, 0x07, 0xFE, 0x01, 0xFF, 0x80, 0x7F,
    0xE0, 0x3E, 0x7C, 0x0F, 0x9F, 0xCF, 0xE3, 0xFF, 0xF0, 0x7F, 0xF8, 0x07, 0xF8, 0x00, 0xFF, 0xFF,
    0xFF, 0xFF, 0xFF, 0xFF, 0x81, 0xFF, 0x03, 0xFE, 0x07, 0xFC, 0x0F, 0xF8, 0x1F, 0xF0, 0x3F, 0xE0,
    0x7F, 0xC0, 0xFF, 0x81, 0xFF, 0x03, 0xFE, 0x07, 0xFC, 0x0F, 0xF8, 0x1F, 0xF0, 0x3E, 0xFF, 0xC3,
    0xFF, 0xCF, 0xFF, 0xBC, 0x7E, 0xF0, 0x7B, 0xC1, 0xFF, 0x07, 0xBC, 0x7E, 0xFF, 0xFB, 0xFF, 0xCF,
    0xFC, 0x3C, 0x00, 0xF0, 0x03, 0xC0, 0x0F, 0x00, 0x3C, 0x00, 0xF0, 0x00, 0x07, 0xFC, 0x3F, 0xFC,
    0xFF, 0xF3, 0xF8, 0xE7, 0xC0, 0x1F, 0x00, 0x3E, 0x00, 0x7C, 0x00, 0xF8, 0x01, 0xF0, 0x03, 0xE0,
    0x07, 0xC0, 0x07, 0xC0, 0x0F, 0xE3, 0x8F, 0xFF, 0x8F, 0xFF, 0x0F, 0xFC, 0xFF, 0xFF, 0xFF, 0xFF,
    0xFF, 0xF8, 0x3E, 0x00, 0x7C, 0x00, 0xF8, 0x01, 0xF0, 0x03, 0xE0, 0x07, 0xC0, 0x0F, 0x80, 0x1F,
    0x00, 0x3E, 0x00, 0x7C, 0x00, 0xF8, 0x01, 0xF0, 0x03, 0xE0, 0x07, 0xC0, 0xF8, 0x1F, 0x3E, 0x0F,
    0x9F, 0x07, 0xC7, 0xC7, 0xC3, 0xE3, 0xE0, 0xF9, 0xE0, 0x7D, 0xF0, 0x1F, 0xF0, 0x0F, 0xF8, 0x03,
    0xFC, 0x00, 0xFC, 0x00, 0x7E, 0x00, 0x3E, 0x01, 0x3F, 0x01, 0xFF, 0x00, 0xFF, 0x00, 0x7F, 0x00,
    0x00, 0x00, 0xF0, 0x00, 0x0F, 0x00, 0x0F, 0xFE, 0x01, 0xFF, 0xF8, 0x3F, 0xFF, 0xC7, 0xEF, 0xFE,
    0xF8, 0xF3, 0xEF, 0x8F, 0x1F, 0xF0, 0xF1, 0xFF, 0x0F, 0x1F, 0xF8, 0xF1, 0xFF, 0x8F, 0x3E, 0x7E,
    0xF7, 0xE7, 0xFF, 0xFC, 0x3F, 0xFF, 0x80, 0xFF, 0xF0, 0x00, 0xF0, 0x00, 0x0F, 0x00, 0xFC, 0x1F,
    0x3F, 0x1F, 0x8F, 0x8F, 0x87, 0xEF, 0x81, 0xFF, 0xC0, 0x7F, 0xC0, 0x3F, 0xC0, 0x0F, 0xE0, 0x03,
    0xE0, 0x03, 0xF8, 0x03, 0xFE, 0x03, 0xFF, 0x81, 0xF7, 0xC1, 0xF3, 0xF1, 0xF8, 0xFC, 0xF8, 0x3E,
    0xF8, 0x1F, 0x80, 0xF0, 0x3E, 0x3C, 0x0F, 0x8F, 0x03, 0xE3, 0xC0, 0xF8, 0xF0, 0x3E, 0x3C, 0x0F,
    0x8F, 0x03, 0xE3, 0xC0, 0xF8, 0xF0, 0x3E, 0x3C, 0x0F, 0x8F, 0x03, 0xE3, 0xC0, 0xF8, 0xF0, 0x3E,
    0x3C, 0x0F, 0x8F, 0xFF, 0xFF, 0xFF, 0xFF, 0xFF, 0xFF, 0xC0, 0x01, 0xF0, 0x00, 0x7C, 0x00, 0x1F,
    0x00, 0x07, 0xC0, 0x01, 0xF0, 0xF0, 0x3F, 0xC0, 0xFF, 0x03, 0xFC, 0x0F, 0xF0, 0x3F, 0xC0, 0xFF,
    0x83, 0xFF, 0x1F, 0xFF, 0xFD, 0xFF, 0xF3, 0xFF, 0xC0, 0x0F, 0x00, 0x3C, 0x00, 0xF0, 0x03, 0xC0,
    0x0F, 0x00, 0x3C, 0xF0, 0xF8, 0x7F, 0xC3, 0xE1, 0xFF, 0x0F, 0x87, 0xFC, 0x3E, 0x1F, 0xF0, 0xF8,
    0x7F, 0xC3, 0xE1, 0xFF, 0x0F, 0x87, 0xFC, 0x3E, 0x1F, 0xF0, 0xF8, 0x7F, 0xC3, 0xE1, 0xFF, 0x0F,
    0x87, 0xFC, 0x3E, 0x1F, 0xF0, 0xF8, 0x7F, 0xC3, 0xE1, 0xFF, 0xFF, 0xFF, 0xFF, 0xFF, 0xFF, 0xFF,
    0xFF, 0xFC, 0xF0, 0xF8, 0x7C, 0x78, 0x7C, 0x3E, 0x3C, 0x3E, 0x1F, 0x1E, 0x1F, 0x0F, 0x8F, 0x0F,
    0x87, 0xC7, 0x87, 0xC3, 0xE3, 0xC3, 0xE1, 0xF1, 0xE1, 0xF0, 0xF8, 0xF0, 0xF8, 0x7C, 0x78, 0x7C,
    0x3E, 0x3C, 0x3E, 0x1F, 0x1E, 0x1F, 0x0F, 0x8F, 0x0F, 0x87, 0xC7, 0x87, 0xC3, 0xE3, 0xFF, 0xFF,
    0xFF, 0xFF, 0xFF, 0xFF, 0xFF, 0xFF, 0xFF, 0x80, 0x00, 0x07, 0xC0, 0x00, 0x03, 0xE0, 0x00, 0x01,
    0xF0, 0x00, 0x00, 0xF8, 0x00, 0x00, 0x7C, 0xFF, 0x80, 0x1F, 0xF0, 0x03, 0xFE, 0x00, 0x07, 0xC0,
    0x00, 0xF8, 0x00, 0x1F, 0x00, 0x03, 0xFF, 0x80, 0x7F, 0xFC, 0x0F, 0xFF, 0xC1, 0xF3, 0xF8, 0x3E,
    0x0F, 0x07, 0xC1, 0xF0, 0xF8, 0x3C, 0x1F, 0x1F, 0x83, 0xFF, 0xF0, 0x7F, 0xFC, 0x07, 0xFE, 0x00,
    0xF0, 0x01, 0xFF, 0x00, 0x1F, 0xF0, 0x01, 0xFF, 0x00, 0x1F, 0xF0, 0x01, 0xFF, 0x00, 0x1F, 0xFF,
    0xC1, 0xFF, 0xFF, 0x1F, 0xFF, 0xF9, 0xFF, 0x3F, 0x9F, 0xF0, 0xF9, 0xFF, 0x07, 0x9F, 0xF0, 0xF9,
    0xFF, 0x1F, 0x9F, 0xFF, 0xF9, 0xFF, 0xFF, 0x1F, 0xFF, 0xC1, 0xF0, 0xF0, 0x03, 0xC0, 0x0F, 0x00,
    0x3C, 0x00, 0xF0, 0x03, 0xC0, 0x0F, 0xFC, 0x3F, 0xFC, 0xFF, 0xFB, 0xCF, 0xEF, 0x07, 0xFC, 0x1F,
    0xF0, 0x7F, 0xC7, 0xEF, 0xFF, 0xBF, 0xFC, 0xFF, 0xC0, 0x7F, 0xC1, 0xFF, 0xE3, 0xFF, 0xE3, 0x8F,
    0xE0, 0x07, 0xC0, 0x07, 0xC0, 0x0F, 0x8F, 0xFF, 0x1F, 0xFE, 0x3F, 0xFC, 0x00, 0xF8, 0x01, 0xF0,
    0x07, 0xCF, 0x3F, 0xBF, 0xFE, 0x7F, 0xF8, 0x7F, 0xC0, 0xF0, 0x0F, 0xE0, 0xF0, 0x3F, 0xF8, 0xF0,
    0x7F, 0xFC, 0xF0, 0xFC, 0xFE, 0xF0, 0xF8, 0x3E, 0xF1, 0xF0, 0x1F, 0xF1, 0xF0, 0x1F, 0xFF, 0xE0,
    0x1F, 0xFF, 0xE0, 0x1F, 0xFF, 0xE0, 0x1F, 0xF1, 0xF0, 0x1F, 0xF1, 0xF0, 0x1F, 0xF1, 0xF8, 0x3E,
    0xF0, 0xFC, 0xFE, 0xF0, 0x7F, 0xFC, 0xF0, 0x3F, 0xF8, 0xF0, 0x1F, 0xE0, 0x0F, 0xFC, 0x7F, 0xFC,
    0xFF, 0xFB, 0xF9, 0xF7, 0xC3, 0xEF, 0x07, 0xDF, 0x0F, 0xBF, 0x1F, 0x7F, 0xFE, 0x7F, 0xFC, 0x7F,
    0xF8, 0xF9, 0xF3, 0xE3, 0xEF, 0x87, 0xDF, 0x0F, 0xFC, 0x1F, 0xF8, 0x3E, 0x3F, 0xC1, 0xFF, 0x8F,
    0xFC, 0x63, 0xE0, 0x0F, 0x8F, 0xFD, 0xFF, 0xEF, 0xFF, 0x7C, 0xFB, 0xE7, 0xDF, 0xFE, 0xFF, 0xF3,
    0xFF, 0x00, 0x01, 0xF0, 0x7F, 0x87, 0xFE, 0x7F, 0xC7, 0xC0, 0x3C, 0x03, 0xFF, 0x1F, 0xFE, 0xFF,
    0xF7, 0xEF, 0xFC, 0x3F, 0xE0, 0xFF, 0x07, 0xFC, 0x3F, 0xE3, 0xFF, 0xBF, 0x7F, 0xF1, 0xFF, 0x07,
    0xF0, 0xFF, 0xE7, 0xFF, 0xBF, 0xFD, 0xF1, 0xFF, 0x8F, 0x7F, 0xFB, 0xFF, 0xDF, 0xFF, 0xF8, 0xFF,
    0xC7, 0xFF, 0xFF, 0xFF, 0xE7, 0xFE, 0x00, 0xFF, 0xDF, 0xFB, 0xFF, 0x7C, 0x0F, 0x81, 0xF0, 0x3E,
    0x07, 0xC0, 0xF8, 0x1F, 0x03, 0xE0, 0x7C, 0x0F, 0x80, 0x0F, 0xFE, 0x07, 0xFF, 0x03, 0xFF, 0x83,
    0xE7, 0xC1, 0xF3, 0xE0, 0xF9, 0xF0, 0x78, 0xF8, 0x3C, 0x7C, 0x1E, 0x3E, 0x1F, 0x1F, 0x3F, 0xFF,
    0xFF, 0xFF, 0xFF, 0xFF, 0xFF, 0x80, 0x3F, 0xC0, 0x1F, 0xE0, 0x0F, 0xF0, 0x07, 0x80, 0x1F, 0xC1,
    0xFF, 0x1F, 0xFD, 0xFB, 0xEF, 0x8F, 0xFF, 0xFF, 0xFF, 0xFF, 0xFF, 0xF8, 0x07, 0xE3, 0x9F, 0xFC,
    0x7F, 0xE1, 0xFF, 0x00, 0xFC, 0xF8, 0xFB, 0xE7, 0xCF, 0x8F, 0xBE, 0xF8, 0x3F, 0xFF, 0xC1, 0xFF,
    0xFC, 0x07, 0xFF, 0xC0, 0x1F, 0xFC, 0x01, 0xFF, 0xF0, 0x1F, 0xFF, 0xC1, 0xFF, 0xDF, 0x0F, 0xBE,
    0xFC, 0xF9, 0xF3, 0xEF, 0x8F, 0x8F, 0x80, 0x7F, 0xC7, 0xFE, 0x7F, 0xE7, 0x3E, 0x01, 0xE3, 0xFE,
    0x3F, 0xE3, 0xFE, 0x01, 0xF7, 0x1F, 0x7F, 0xF7, 0xFE, 0x7F, 0xC0, 0xF8, 0x7F, 0xC7, 0xFE, 0x7F,
    0xF7, 0xFF, 0xBF, 0xFF, 0xFF, 0xFF, 0xFF, 0xEF, 0xFE, 0x7F, 0xF3, 0xFF, 0x1F, 0xF0, 0xFF, 0x87,
    0x80, 0x18, 0xE1, 0xEF, 0x0F, 0xF8, 0x3F, 0x80, 0xF8, 0x00, 0x00, 0x00, 0x1F, 0x0F, 0xF8, 0xFF,
    0xCF, 0xFE, 0xFF, 0xF7, 0xFF, 0xFF, 0xFF, 0xFF, 0xFD, 0xFF, 0xCF, 0xFE, 0x7F, 0xE3, 0xFE, 0x1F,
    0xF0, 0xF0, 0xF8, 0xFB, 0xE7, 0xCF, 0xBE, 0x3F, 0xF0, 0xFF, 0x83, 0xFC, 0x0F, 0xF8, 0x3F, 0xF0,
    0xFF, 0xC3, 0xEF, 0x8F, 0x9F, 0x3E, 0x7E, 0xF8, 0xF8, 0x0F, 0xFC, 0x3F, 0xF0, 0xFF, 0xC3, 0xCF,
    0x0F, 0x3C, 0x7C, 0xF1, 0xF3, 0xC7, 0xCF, 0x1E, 0x3D, 0xF8, 0xFF, 0xC3, 0xFE, 0x0F, 0xF0, 0x3C,
    0x78, 0x0F, 0x3E, 0x0F, 0x9F, 0x07, 0xCF, 0xC7, 0xE7, 0xE3, 0xF3, 0xFB, 0xF9, 0xFF, 0xFF, 0xFF,
    0xFF, 0xFB, 0xEF, 0xFD, 0xF7, 0xFE, 0x73, 0xFF, 0x01, 0xFF, 0x80, 0xF8, 0xF8, 0xF7, 0xC7, 0xBE,
    0x3D, 0xF1, 0xEF, 0x8F, 0x7F, 0xFB, 0xFF, 0xDF, 0xFE, 0xF8, 0xF7, 0xC7, 0xBE, 0x3D, 0xF1, 0xEF,
    0x8F, 0x00, 0x1F, 0xC0, 0xFF, 0x87, 0xFF, 0x3F, 0x7E, 0xF8, 0xFB, 0xC1, 0xEF, 0x07, 0xBC, 0x1E,
    0xF8, 0xFB, 0xF7, 0xE7, 0xFF, 0x0F, 0xF8, 0x1F, 0xC0, 0xFF, 0xF7, 0xFF, 0xBF, 0xFD, 0xF1, 0xEF,
    0x8F, 0x7C, 0x7B, 0xE3, 0xDF, 0x1E, 0xF8, 0xF7, 0xC7, 0xBE, 0x3D, 0xF1, 0xEF, 0x8F, 0x00, 0x7F,
    0xC7, 0xFF, 0x3F, 0xFD, 0xF3, 0xFF, 0x8F, 0xFC, 0x3F, 0xE1, 0xFF, 0x0F, 0xF8, 0xFF, 0xEF, 0xFF,
    0xFD, 0xFF, 0xEF, 0xFC, 0x7C, 0x03, 0xE0, 0x1F, 0x00, 0xF8, 0x07, 0xC0, 0x00, 0x1F, 0xE7, 0xFD,
    0xFF, 0x7E, 0x6F, 0x81, 0xE0, 0x3C, 0x07, 0x80, 0xF8, 0x1F, 0x8D, 0xFF, 0x9F, 0xF1, 0xFE, 0xFF,
    0xFF, 0xFF, 0xFF, 0xFE, 0x1F, 0x00, 0xF8, 0x07, 0xC0, 0x3E, 0x01, 0xF0, 0x0F, 0x80, 0x7C, 0x03,
    0xE0, 0x1F, 0x00, 0xF8, 0x00, 0xF8, 0x7F, 0xE1, 0xE7, 0x87, 0x9F, 0x3E, 0x7C, 0xF0, 0xF3, 0xC3,
    0xFF, 0x0F, 0xF8, 0x1F, 0xE0, 0x7F, 0x80, 0xFC, 0x03, 0xF0, 0x07, 0x80, 0x3E, 0x05, 0xF0, 0x3F,
    0xC0, 0xFE, 0x03, 0xF0, 0x00, 0x01, 0xE0, 0x00, 0x78, 0x00, 0x1E, 0x00, 0x07, 0x80, 0x01, 0xE0,
    0x00, 0x78, 0x00, 0xFF, 0xC0, 0xFF, 0xFC, 0x7F, 0xFF, 0xBF, 0xFF, 0xEF, 0x9E, 0x7F, 0xC7, 0x9F,
    0xF1, 0xE3, 0xFC, 0x79, 0xFF, 0x9E, 0x7F, 0xFF, 0xBE, 0x7F, 0xFF, 0x8F, 0xFF, 0xC0, 0xFF, 0xC0,
    0x07, 0x80, 0x01, 0xE0, 0x00, 0x78, 0x00, 0x1E, 0x00, 0x07, 0x80, 0xF8, 0x79, 0xF3, 0xE3, 0xFF,
    0x0F, 0xF8, 0x1F, 0xE0, 0x3F, 0x00, 0xF8, 0x03, 0xF0, 0x1F, 0xE0, 0xFF, 0xC7, 0xCF, 0x1E, 0x3E,
    0xF8, 0x7C, 0xF8, 0xF1, 0xF1, 0xE3, 0xE3, 0xC7, 0xC7, 0x8F, 0x8F, 0x1F, 0x1E, 0x3E, 0x3C, 0x7C,
    0x78, 0xF8, 0xF1, 0xF1, 0xE3, 0xFF, 0xFF, 0xFF, 0xFF, 0xFF, 0xE0, 0x03, 0xC0, 0x07, 0x80, 0x0F,
    0x00, 0x1E, 0xF1, 0xFF, 0x1F, 0xF1, 0xFF, 0x1F, 0xF1, 0xFF, 0x9F, 0xFF, 0xF7, 0xFF, 0x3F, 0xF0,
    0x1F, 0x01, 0xF0, 0x1F, 0x01, 0xF0, 0xF8, 0xF1, 0xFF, 0x1E, 0x3F, 0xE3, 0xC7, 0xFC, 0x78, 0xFF,
    0x8F, 0x1F, 0xF1, 0xE3, 0xFE, 0x3C, 0x7F, 0xC7, 0x8F, 0xF8, 0xF1, 0xFF, 0x1E, 0x3F, 0xFF, 0xFF,
    0xFF, 0xFF, 0xFF, 0xFF, 0xFE, 0xF8, 0xF1, 0xE7, 0xC7, 0x8F, 0x3E, 0x3C, 0x79, 0xF1, 0xE3, 0xCF,
    0x8F, 0x1E, 0x7C, 0x78, 0xF3, 0xE3, 0xC7, 0x9F, 0x1E, 0x3C, 0xF8, 0xF1, 0xE7, 0xC7, 0x8F, 0x3F,
    0xFF, 0xFF, 0xFF, 0xFF, 0xFF, 0xFF, 0xFF, 0x80, 0x00, 0x3C, 0x00, 0x01, 0xE0, 0x00, 0x0F, 0x00,
    0x00, 0x78, 0xFF, 0x00, 0xFF, 0x00, 0xFF, 0x00, 0x1F, 0x00, 0x1F, 0xF8, 0x1F, 0xFC, 0x1F, 0xFE,
    0x1F, 0x3E, 0x1F, 0x1E, 0x1F, 0x3E, 0x1F, 0xFE, 0x1F, 0xFC, 0x1F, 0xF8, 0xF8, 0x03, 0xFE, 0x00,
    0xFF, 0x80, 0x3F, 0xE0, 0x0F, 0xFF, 0xC3, 0xFF, 0xF8, 0xFF, 0xFF, 0x3F, 0xE7, 0xCF, 0xF8, 0xFB,
    0xFE, 0x7C, 0xFF, 0xFF, 0x3F, 0xFF, 0xCF, 0x7F, 0xC3, 0xC0, 0xF8, 0x07, 0xC0, 0x3E, 0x01, 0xF0,
    0x0F, 0xFC, 0x7F, 0xFB, 0xFF, 0xDF, 0x3E, 0xF8, 0xFF, 0xCF, 0xBF, 0xFD, 0xFF, 0xE7, 0xFC, 0x00,
    0x7F, 0x83, 0xFF, 0x1F, 0xF8, 0xE7, 0xE0, 0x0F, 0x0F, 0xF8, 0x7F, 0xE3, 0xFE, 0x00, 0xF3, 0x9F,
    0x9F, 0xF8, 0xFF, 0xC7, 0xF8, 0x00, 0xF8, 0x3F, 0x8F, 0x87, 0xFC, 0xF8, 0xFF, 0xEF, 0x9F, 0xBE,
    0xF9, 0xF1, 0xFF, 0xFE, 0x1F, 0xFF, 0xE1, 0xFF, 0xFE, 0x1F, 0xF9, 0xF1, 0xFF, 0x9F, 0xBE, 0xF8,
    0xFF, 0xEF, 0x87, 0xFC, 0xF8, 0x3F, 0x80, 0x1F, 0xF9, 0xFF, 0xDF, 0xFE, 0xF8, 0xF7, 0xC7, 0xBF,
    0xFC, 0xFF, 0xE3, 0xFF, 0x1E, 0x79, 0xF3, 0xCF, 0x1E, 0xF8, 0xF7, 0x87, 0x80, 0x0C, 0x00, 0xF0,
    0x07, 0xC0, 0x1F, 0x00, 0x78, 0x01, 0x80, 0x00, 0x03, 0xF8, 0x3F, 0xE3, 0xFF, 0xBF, 0x7D, 0xF1,
    0xFF, 0xFF, 0xFF, 0xFF, 0xFF, 0xFF, 0x00, 0xFC, 0x73, 0xFF, 0x8F, 0xFC, 0x3F, 0xE0, 0x39, 0xE3,
    0xEF, 0x1F, 0x78, 0x73, 0xC0, 0x00, 0x00, 0x00, 0x7F, 0x07, 0xFC, 0x7F, 0xF7, 0xEF, 0xBE, 0x3F,
    0xFF, 0xFF, 0xFF, 0xFF, 0xFF, 0xE0, 0x1F, 0x8E, 0x7F, 0xF1, 0xFF, 0x87, 0xFC, 0x3C, 0x00, 0xF0,
    0x0F, 0xFC, 0x3F, 0xF0, 0x3C, 0x00, 0xF0, 0x03, 0xFE, 0x0F, 0xFC, 0x3F, 0xF8, 0xF3, 0xE3, 0xC7,
    0xCF, 0x1F, 0x3C, 0x7C, 0xF1, 0xF3, 0xC7, 0xCF, 0x1F, 0x3C, 0x7C, 0xF1, 0xF3, 0xC7, 0xC0, 0x1F,
    0x00, 0x7C, 0x0F, 0xE0, 0x3F, 0x80, 0xFC, 0x06, 0x01, 0xE0, 0x3E, 0x0F, 0x01, 0xC0, 0x10, 0x00,
    0x07, 0xFE, 0xFF, 0xDF, 0xFB, 0xE0, 0x7C, 0x0F, 0x81, 0xF0, 0x3E, 0x07, 0xC0, 0xF8, 0x1F, 0x03,
    0xE0, 0x7C, 0x00, 0x0F, 0xF0, 0xFF, 0x8F, 0xFC, 0xFC, 0xE7, 0x80, 0x3F, 0xE1, 0xFF, 0x0F, 0xF8,
    0x78, 0x03, 0xF3, 0x8F, 0xFC, 0x7F, 0xF0, 0xFF, 0x00, 0x1F, 0xE3, 0xFE, 0x7F, 0xC7, 0xCC, 0x7F,
    0x07, 0xFE, 0x7F, 0xE3, 0xFE, 0x03, 0xE7, 0x1E, 0x7F, 0xE7, 0xFC, 0x7F, 0x80, 0x7F, 0xFE, 0xF0,
    0x03, 0xFF, 0xFF, 0xFF, 0xFF, 0xFF, 0xFF, 0xFF, 0xFE, 0x71, 0xCF, 0x7D, 0xEF, 0xB8, 0xE0, 0x00,
    0x00, 0x07, 0xC0, 0xF8, 0x1F, 0x03, 0xE0, 0x7C, 0x0F, 0x81, 0xF0, 0x3E, 0x07, 0xC0, 0xF8, 0x1F,
    0x03, 0xE0, 0x7C, 0x00, 0x0F, 0x1F, 0x1F, 0x0F, 0x00, 0x00, 0x1F, 0x1F, 0x1F, 0x1F, 0x1F, 0x1F,
    0x1F, 0x1F, 0x1F, 0x1F, 0x1F, 0x1F, 0x1F, 0x1F, 0x1F, 0xFE, 0xFE, 0xFC, 0x0F, 0xFC, 0x00, 0x3F,
    0xF0, 0x00, 0xFF, 0xC0, 0x03, 0xCF, 0x00, 0x0F, 0x3C, 0x00, 0x7C, 0xFF, 0xC1, 0xF3, 0xFF, 0x87,
    0xCF, 0xFF, 0x1E, 0x3C, 0x7D, 0xF8, 0xF1, 0xFF, 0xC3, 0xFF, 0xFE, 0x0F, 0xFE, 0xF0, 0x3F, 0xF0,
    0xF8, 0xF0, 0x0F, 0x8F, 0x00, 0xF8, 0xF0, 0x0F, 0x8F, 0x00, 0xF8, 0xF0, 0x0F, 0xFF, 0xFC, 0xFF,
    0xFF, 0xEF, 0xFF, 0xFF, 0xF8, 0xF9, 0xFF, 0x8F, 0x1F, 0xF8, 0xFF, 0xFF, 0x8F, 0xFE, 0xF8, 0xFF,
    0xC0, 0x3C, 0x00, 0xF0, 0x0F, 0xFC, 0x3F, 0xF0, 0x3C, 0x00, 0xF0, 0x03, 0xFE, 0x0F, 0xFC, 0x3F,
    0xF8, 0xF3, 0xE3, 0xC7, 0xCF, 0x1F, 0x3C, 0x7C, 0xF1, 0xF3, 0xC7, 0xCF, 0x1F, 0x3C, 0x7C, 0xF1,
    0xF3, 0xC7, 0xC0, 0x01, 0x80, 0x0F, 0x00, 0x7C, 0x03, 0xE0, 0x0F, 0x00, 0x18, 0x00, 0x00, 0x3E,
    0x3E, 0xF9, 0xF3, 0xEF, 0x8F, 0xFC, 0x3F, 0xE0, 0xFF, 0x03, 0xFE, 0x0F, 0xFC, 0x3F, 0xF0, 0xFB,
    0xE3, 0xE7, 0xCF, 0x9F, 0xBE, 0x3E, 0x0C, 0x00, 0xF0, 0x07, 0xC0, 0x1F, 0x00, 0x78, 0x01, 0x80,
    0x00, 0x1F, 0x0F, 0xF8, 0xFF, 0xCF, 0xFE, 0xFF, 0xF7, 0xFF, 0xFF, 0xFF, 0xFF, 0xFD, 0xFF, 0xCF,
    0xFE, 0x7F, 0xE3, 0xFE, 0x1F, 0xF0, 0xF0, 0x18, 0xE0, 0xF7, 0x83, 0xFE, 0x07, 0xF0, 0x0F, 0x80,
    0x00, 0x00, 0x00, 0x3E, 0x1F, 0xF8, 0x79, 0xE1, 0xE7, 0xCF, 0x9F, 0x3C, 0x3C, 0xF0, 0xFF, 0xC3,
    0xFE, 0x07, 0xF8, 0x1F, 0xE0, 0x3F, 0x00, 0xFC, 0x01, 0xE0, 0x0F, 0x81, 0x7C, 0x0F, 0xF0, 0x3F,
    0x80, 0xFC, 0x00, 0xF8, 0xF7, 0xC7, 0xBE, 0x3D, 0xF1, 0xEF, 0x8F, 0x7C, 0x7B, 0xE3, 0xDF, 0x1E,
    0xF8, 0xF7, 0xC7, 0xBF, 0xFD, 0xFF, 0xEF, 0xFF, 0x07, 0x80, 0x3C, 0x01, 0xE0, 0x0F, 0x00, 0x0F,
    0x80, 0x03, 0xE0, 0x0F, 0xFF, 0x83, 0xFF, 0xE0, 0xFF, 0xF8, 0x03, 0xE0, 0x00, 0xF8, 0x00, 0x3F,
    0xF0, 0x0F, 0xFF, 0x03, 0xFF, 0xE0, 0xF9, 0xF8, 0x3E, 0x1F, 0x0F, 0x87, 0xC3, 0xE1, 0xF0, 0xF8,
    0x7C, 0x3E, 0x7E, 0x0F, 0xFF, 0x83, 0xFF, 0xC0, 0xFF, 0xC0, 0x1E, 0x00, 0x3C, 0x00, 0x78, 0x00,
    0xF0, 0x01, 0xE0, 0x03, 0xC0, 0x3F, 0xFC, 0x7F, 0xF8, 0xFF, 0xF0, 0x3C, 0x00, 0x78, 0x00, 0xFF,
    0xC1, 0xFF, 0xC3, 0xFF, 0xC7, 0x8F, 0x8F, 0x1F, 0x1F, 0xFE, 0x3F, 0xF8, 0x7F, 0xE0, 0x07, 0xF8,
    0x07, 0xFF, 0x83, 0xFF, 0xF1, 0xFC, 0xFC, 0x7C, 0x0F, 0xBE, 0x03, 0xEF, 0x80, 0x7F, 0xFF, 0xBF,
    0xFF, 0xFF, 0xFF, 0xFF, 0xFF, 0xDF, 0xFF, 0xE0, 0x1E, 0x7C, 0x0F, 0x9F, 0xCF, 0xE3, 0xFF, 0xF0,
    0x7F, 0xF8, 0x07, 0xF8, 0x00, 0x1F, 0xC0, 0xFF, 0x87, 0xFF, 0x3F, 0x7E, 0xF8, 0x7B, 0xFD, 0xEF,
    0xFF, 0xBD, 0xFE, 0xF8, 0x7B, 0xF7, 0xE7, 0xFF, 0x0F, 0xF8, 0x1F, 0xC0, 0xF8, 0x03, 0xF7, 0xC0,
    0x3F, 0x9F, 0x03, 0xFC, 0xF8, 0x1F, 0x47, 0xC1, 0xF0, 0x1F, 0x0F, 0x80, 0xF8, 0x78, 0x03, 0xC7,
    0xC0, 0x1F, 0x3E, 0x00, 0xF9, 0xE0, 0x03, 0xFF, 0x00, 0x1F, 0xF0, 0x00, 0x7F, 0x80, 0x03, 0xFC,
    0x00, 0x0F, 0xC0, 0x00, 0x7E, 0x00, 0x03, 0xE0, 0x00, 0xF8, 0x3E, 0xF8, 0x7E, 0x78, 0x7E, 0x7C,
    0xF8, 0x7C, 0xF0, 0x3C, 0xF0, 0x3F, 0xE0, 0x1F, 0xE0, 0x1F, 0xE0, 0x1F, 0xC0, 0x0F, 0xC0, 0x0F,
    0x80, 0x07, 0x80, 0x1E, 0x70, 0x07, 0xBC, 0x00, 0xFF, 0x00, 0x3F, 0x80, 0x07, 0xC0, 0x00, 0x00,
    0x00, 0x00, 0x03, 0xC0, 0x78, 0xF0, 0x3E, 0x3C, 0x1F, 0x8F, 0x0F, 0xE3, 0xC7, 0xF8, 0xF1, 0xFE,
    0x3C, 0xFF, 0x8F, 0x7D, 0xE3, 0xFE, 0x78, 0xFF, 0x9E, 0x3F, 0xC7, 0x8F, 0xE1, 0xE3, 0xF8, 0x78,
    0xFC, 0x1E, 0x3E, 0x07, 0xFF, 0x81, 0xFF, 0xC0, 0x7F, 0x00, 0x07, 0x80, 0x01, 0xE0, 0x00, 0xF8,
    0x00, 0x3C, 0x00, 0x06, 0x00, 0x38, 0xE0, 0x7B, 0xC0, 0xFF, 0x80, 0xFE, 0x00, 0xF8, 0x00, 0x00,
    0x00, 0x00, 0x78, 0x7C, 0xF1, 0xF9, 0xE3, 0xF3, 0xCF, 0xE7, 0xBF, 0xCF, 0xFF, 0x9F, 0xFF, 0x3F,
    0xFE, 0x7F, 0x7C, 0xFC, 0xF9, 0xF9, 0xFF, 0xE3, 0xFF, 0x87, 0xE0, 0x03, 0xC0, 0x0F, 0x80, 0x1E,
    0x00, 0x18, 0x3C, 0x00, 0xFF, 0x80, 0xFF, 0x80, 0xFF, 0x80, 0x3C, 0x00, 0x3C, 0x00, 0x3F, 0xF8,
    0x3F, 0xFC, 0x3F, 0xFE, 0x3C, 0x7E, 0x3C, 0x1F, 0x3C, 0x1F, 0x3C, 0x1F, 0x3C, 0x7E, 0x3F, 0xFE,
    0x3F, 0xFC, 0x3F, 0xF0, 0x7C, 0x01, 0xF0, 0x0F, 0xF8, 0x3F, 0xE0, 0x7C, 0x01, 0xFF, 0x87, 0xFF,
    0x9F, 0xFE, 0x7C, 0xFD, 0xF1, 0xF7, 0xCF, 0xDF, 0xFE, 0x7F, 0xF8, 0xFF, 0x80, 0xFF, 0xE3, 0xFF,
    0xCF, 0xFF, 0xBC, 0x7F, 0xF0, 0x7F, 0xDD, 0xFF, 0x7F, 0xFD, 0xFE, 0xFF, 0xFB, 0xFF, 0xCF, 0xFE,
    0x3C, 0x3C, 0xF0, 0xF3, 0xC1, 0x8F, 0x00, 0x3C, 0x00, 0xF0, 0x00, 0x7F, 0xC3, 0xFF, 0xCF, 0xFF,
    0x3E, 0x7E, 0xF8, 0xFB, 0xE1, 0xFF, 0x87, 0xFE, 0xDF, 0xFF, 0xFB, 0xFF, 0xEF, 0xFF, 0xBF, 0xFC,
    0xFF, 0xF3, 0xE3, 0xCF, 0x87, 0x3E, 0x1C, 0xF8, 0x03, 0xE0, 0x00, 0x00, 0xF0, 0x0F, 0x00, 0xFF,
    0xFF, 0xFF, 0xFF, 0xFF, 0xF0, 0x0F, 0x00, 0xF0, 0x0F, 0x00, 0xF0, 0x0F, 0x00, 0xF0, 0x0F, 0x00,
    0xF0, 0x0F, 0x00, 0xF0, 0x0F, 0x00, 0xF0, 0x0F, 0x00, 0x01, 0xC0, 0x38, 0x07, 0x7F, 0xEF, 0xFD,
    0xFF, 0xBE, 0x07, 0xC0, 0xF8, 0x1F, 0x03, 0xE0, 0x7C, 0x0F, 0x81, 0xF0, 0x3E, 0x07, 0xC0, 0x3F,
    0xFE, 0x7F, 0xFC, 0xFF, 0xF9, 0xF0, 0x03, 0xE0, 0x07, 0xC0, 0x0F, 0x80, 0x7F, 0xF0, 0xFF, 0xE1,
    0xFF, 0xC0, 0xF8, 0x01, 0xF0, 0x03, 0xE0, 0x07, 0xC0, 0x0F, 0x80, 0x1F, 0x00, 0x3E, 0x00, 0x3F,
    0xF3, 0xFF, 0x3F, 0xF3, 0xC0, 0x3C, 0x03, 0xC0, 0xFF, 0xCF, 0xFC, 0x3C, 0x03, 0xC0, 0x3C, 0x03,
    0xC0, 0x3C, 0x00, 0xFF, 0xF3, 0xFF, 0xCF, 0xFF, 0x3C, 0x00, 0xF0, 0x03, 0xC0, 0x0F, 0xFC, 0x3F,
    0xFC, 0xFF, 0xFB, 0xC7, 0xEF, 0x07, 0xFC, 0x1F, 0xF0, 0x3F, 0xC0, 0xFF, 0x03, 0xFC, 0x1F, 0xF0,
    0x7C, 0x01, 0xF0, 0x1F, 0x81, 0xFC, 0x07, 0xF0, 0x1F, 0x00, 0xFF, 0xE7, 0xFF, 0x3F, 0xF9, 0xF0,
    0x0F, 0x80, 0x7F, 0xE3, 0xFF, 0x9F, 0xFE, 0xF9, 0xF7, 0xC7, 0xBE, 0x3F, 0xF0, 0xFF, 0x8F, 0x80,
    0x7C, 0x07, 0xC0, 0xFE, 0x07, 0xE0, 0x3E, 0x00, 0xFC, 0x3E, 0x1F, 0x1F, 0x8F, 0x8F, 0xC3, 0xE3,
    0xE7, 0xE0, 0xFC, 0xFB, 0xF0, 0x1F, 0xBE, 0xF8, 0x03, 0xFF, 0xFC, 0x00, 0x7F, 0xFF, 0x00, 0x0F,
    0xFF, 0x80, 0x03, 0xFF, 0xC0, 0x00, 0xFF, 0xF8, 0x00, 0x7F, 0xFF, 0x00, 0x3E, 0xFF, 0xE0, 0x1F,
    0x3E, 0xF8, 0x0F, 0xCF, 0x9F, 0x07, 0xE3, 0xE3, 0xF9, 0xF0, 0xF8, 0xFE, 0xF8, 0x3E, 0x1F, 0x80,
    0x00, 0x01, 0xE0, 0x00, 0x00, 0x78, 0x00, 0x00, 0x1E, 0x00, 0x00, 0x07, 0x80, 0xFC, 0xF8, 0xF9,
    0xF3, 0xE7, 0xC3, 0xEF, 0xBE, 0x07, 0xFF, 0xF8, 0x1F, 0xFF, 0xC0, 0x3F, 0xFE, 0x00, 0x7F, 0xF0,
    0x03, 0xFF, 0xE0, 0x1F, 0xFF, 0xC0, 0xFF, 0xFF, 0x83, 0xEF, 0xBF, 0xDF, 0x3E, 0x7F, 0xF8, 0xF8,
    0xFC, 0x00, 0x00, 0xF0, 0x00, 0x03, 0xC0, 0x00, 0x0F, 0x00, 0x00, 0x3C, 0x3F, 0xE0, 0xFF, 0xE1,
    0xFF, 0xE1, 0xC7, 0xE0, 0x07, 0xC0, 0x0F, 0x80, 0x7E, 0x0F, 0xFC, 0x1F, 0xF0, 0x3F, 0xF8, 0x03,
    0xF0, 0x01, 0xE0, 0x03, 0xCF, 0x1F, 0x9F, 0xFF, 0x7F, 0xFC, 0x3F, 0xF0, 0x0F, 0x00, 0x1F, 0x00,
    0x1E, 0x00, 0xFC, 0x01, 0xF0, 0x00, 0x7F, 0xC7, 0xFE, 0x7F, 0xE7, 0x3E, 0x01, 0xE3, 0xFE, 0x3F,
    0xE3, 0xFE, 0x01, 0xF7, 0x1F, 0x7F, 0xF7, 0xFE, 0x7F, 0xC0, 0xF0, 0x0F, 0x01, 0x78, 0x1F, 0x81,
    0xF0, 0xF0, 0x7C, 0xF0, 0xFC, 0xF1, 0xF8, 0xF3, 0xF0, 0xF7, 0xE0, 0xFF, 0xC0, 0xFF, 0x80, 0xFF,
    0x00, 0xFF, 0x80, 0xFF, 0xC0, 0xFF, 0xC0, 0xF7, 0xE0, 0xF3, 0xF0, 0xF1, 0xF8, 0xF0, 0xFF, 0xF0,
    0x7F, 0xF0, 0x7F, 0x00, 0x0F, 0x00, 0x0F, 0x00, 0x0F, 0x00, 0x0F, 0x00, 0x0F, 0xF8, 0xFB, 0xE7,
    0xCF, 0xBE, 0x3F, 0xF0, 0xFF, 0x83, 0xFC, 0x0F, 0xF8, 0x3F, 0xF0, 0xFF, 0xC3, 0xEF, 0x8F, 0x9F,
    0xFE, 0x3F, 0xF8, 0xFC, 0x00, 0xF0, 0x03, 0xC0, 0x0F, 0x00, 0x3C, 0xF0, 0x0F, 0xBC, 0x07, 0xEF,
    0x01, 0xF3, 0xDC, 0xF8, 0xF7, 0x7C, 0x3D, 0xFE, 0x0F, 0x7F, 0x83, 0xFF, 0xC0, 0xFF, 0xF0, 0x3F,
    0xFE, 0x0F, 0x7F, 0xC3, 0xDF, 0xF0, 0xF7, 0x7E, 0x3D, 0xCF, 0xCF, 0x01, 0xF3, 0xC0, 0x7E, 0xF0,
    0x0F, 0x80, 0xF8, 0x3F, 0xF8, 0x3E, 0xFF, 0x7C, 0xFF, 0xF8, 0xFF, 0xF0, 0xFF, 0xE0, 0xFF, 0xF0,
    0xFF, 0xF0, 0xFF, 0xF8, 0xFF, 0x7C, 0xF8, 0x3E, 0xF8, 0x3E, 0xF8, 0x1F, 0x3E, 0x00, 0x0F, 0x83,
    0xEF, 0xF9, 0xFB, 0xFE, 0xFC, 0xFF, 0xFE, 0x0F, 0xBF, 0x03, 0xFF, 0x80, 0xFF, 0xC0, 0x3F, 0xE0,
    0x0F, 0xF0, 0x03, 0xFE, 0x00, 0xFF, 0xC0, 0x3F, 0xF8, 0x0F, 0xBF, 0x03, 0xE7, 0xE0, 0xF8, 0xFC,
    0x3E, 0x1F, 0x0F, 0x83, 0xE0, 0x7C, 0x01, 0xFE, 0x7F, 0xFD, 0xF7, 0xFF, 0xC7, 0xDF, 0x0F, 0xFC,
    0x1F, 0xF0, 0x3F, 0xC0, 0x7F, 0xC0, 0xFF, 0xC1, 0xFF, 0xC3, 0xEF, 0xC7, 0xC7, 0xCF, 0x8F, 0xC0,
    0xFF, 0x83, 0xEF, 0xF8, 0x7C, 0xFF, 0x8F, 0x80, 0xF9, 0xF0, 0x0F, 0xBF, 0x00, 0xFF, 0xC0, 0x0F,
    0xF8, 0x00, 0xFF, 0x80, 0x0F, 0xFC, 0x00, 0xFF, 0xE0, 0x0F, 0xFE, 0x00, 0xFB, 0xF0, 0x0F, 0x9F,
    0x80, 0xF8, 0xFC, 0x0F, 0x87, 0xC0, 0xF8, 0x3E, 0x0F, 0x83, 0xF0, 0xFF, 0x1F, 0x7F, 0x9F, 0x3F,
    0xDF, 0x03, 0xFF, 0x01, 0xFF, 0x00, 0xFF, 0x00, 0x7F, 0xC0, 0x3F, 0xF0, 0x1F, 0xFC, 0x0F, 0xBE,
    0x07, 0xCF, 0x83, 0xE7, 0xE1, 0xF1, 0xF0, 0xF0, 0x3E, 0x3C, 0x0F, 0x8F, 0x03, 0xE3, 0xC0, 0xF8,
    0xF0, 0x3E, 0x3C, 0x0F, 0x8F, 0x03, 0xE3, 0xFF, 0xF8, 0xFF, 0xFE, 0x3F, 0xFF, 0x8F, 0x03, 0xE3,
    0xC0, 0xF8, 0xF0, 0x3E, 0x3C, 0x0F, 0x8F, 0x03, 0xFF, 0xC0, 0xFF, 0xF0, 0x3F, 0xC0, 0x00, 0xF0,
    0x00, 0x3C, 0x00, 0x0F, 0x00, 0x03, 0xC0, 0x00, 0xF0, 0xF8, 0xF1, 0xF1, 0xE3, 0xE3, 0xC7, 0xC7,
    0x8F, 0x8F, 0x1F, 0xFE, 0x3F, 0xFC, 0x7F, 0xF8, 0xF8, 0xF1, 0xF1, 0xE3, 0xE3, 0xFF, 0xC7, 0xFF,
    0x8F, 0xE0, 0x03, 0xC0, 0x07, 0x80, 0x0F, 0x00, 0x1E, 0xF0, 0x3F, 0xFE, 0x07, 0xFF, 0xC0, 0xFF,
    0xF8, 0x1F, 0x0F, 0x03, 0xE1, 0xE0, 0x7C, 0x3C, 0x0F, 0x87, 0xFF, 0xF0, 0xFF, 0xFE, 0x1F, 0xFF,
    0xC3, 0xC0, 0xF8, 0x78, 0x1F, 0x0F, 0x03, 0xE1, 0xE0, 0x7C, 0x3C, 0x0F, 0x87, 0x81, 0xF0, 0xF0,
    0x3E, 0x00, 0xF8, 0xFE, 0xF8, 0xFE, 0xF8, 0xFE, 0xF8, 0xF0, 0xF8, 0xF0, 0xFF, 0xF0, 0xFF, 0xF0,
    0xFF, 0xF0, 0xF8, 0xF0, 0xF8, 0xF0, 0xF8, 0xF0, 0xF8, 0xF0, 0xF8, 0xF0, 0xFF, 0xFE, 0x00, 0x7F,
    0xFF, 0x00, 0x3F, 0xFF, 0x80, 0x1E, 0x07, 0xC0, 0x0F, 0x03, 0xE0, 0x07, 0x81, 0xF0, 0x03, 0xC0,
    0xFF, 0xE1, 0xE0, 0x7F, 0xF8, 0xF0, 0x3F, 0xFE, 0x78, 0x1F, 0x3F, 0xBC, 0x0F, 0x83, 0xDE, 0x07,
    0xC1, 0xFF, 0x03, 0xE0, 0xFF, 0x81, 0xF0, 0x3F, 0xC0, 0xF8, 0x3F, 0xE0, 0x7C, 0x1F, 0xF0, 0x3E,
    0x0F, 0x80, 0x00, 0x07, 0x80, 0x00, 0x0F, 0xC0, 0x00, 0x1F, 0xC0, 0x00, 0x0F, 0xC0, 0x00, 0x0F,
    0xC0, 0xFF, 0xF0, 0x0F, 0xFF, 0x00, 0xFF, 0xF0, 0x0F, 0x8F, 0x00, 0xF8, 0xF0, 0x0F, 0x8F, 0xF8,
    0xF8, 0xFF, 0xEF, 0x8F, 0xFE, 0xF8, 0xFB, 0xFF, 0x8F, 0x0F, 0xF8, 0xF0, 0xFF, 0x8F, 0x0F, 0xF8,
    0xF0, 0xF0, 0x00, 0x0F, 0x00, 0x01, 0xF0, 0x00, 0xFE, 0x00, 0x0F, 0xE0, 0x00, 0xFC, 0x07, 0xFC,
    0x03, 0xFF, 0x80, 0xFF, 0xE0, 0x3F, 0x8C, 0x07, 0xC0, 0x01, 0xF0, 0xFE, 0x3E, 0x3F, 0xE7, 0xCF,
    0xFE, 0xF9, 0xF7, 0xDF, 0x3C, 0x7B, 0xEF, 0x8F, 0x7D, 0xF1, 0xE7, 0xFE, 0x7C, 0xFF, 0xFF, 0x8F,
    0xFF, 0xE0, 0xFF, 0xF8, 0x07, 0xFC, 0x00, 0x1F, 0xE0, 0x01, 0xFF, 0x00, 0x0F, 0xE0, 0x00, 0x7C,
    0x1F, 0xC0, 0x7F, 0x81, 0xFF, 0x07, 0xE6, 0x0F, 0x1F, 0x9E, 0x7F, 0xBD, 0xFF, 0x7B, 0xDE, 0xF7,
    0x9D, 0xFF, 0x79, 0xFF, 0xF1, 0xFF, 0xC1, 0xFF, 0x00, 0x7F, 0x00, 0x7F, 0x00, 0x7E, 0x00, 0x3C,
    0x07, 0xFC, 0x3F, 0xFC, 0xFF, 0xF3, 0xF8, 0xE7, 0xC0, 0x1F, 0x00, 0x3E, 0x00, 0x7C, 0x00, 0xF8,
    0x01, 0xF0, 0x03, 0xE0, 0x07, 0xC0, 0x07, 0xC0, 0x0F, 0xE3, 0x8F, 0xFF, 0x8F, 0xFF, 0x07, 0xFC,
    0x03, 0x80, 0x07, 0x80, 0x07, 0x00, 0x7E, 0x00, 0xF8, 0x00, 0x1F, 0xE7, 0xFD, 0xFF, 0x7E, 0x6F,
    0x81, 0xE0, 0x3C, 0x07, 0x80, 0xF8, 0x1F, 0x8D, 0xFF, 0x9F, 0xF0, 0xFE, 0x1E, 0x01, 0xE0, 0x3C,
    0x1F, 0x83, 0xE0, 0xFF, 0xFF, 0xFF, 0xFF, 0xFF, 0xF8, 0x3E, 0x00, 0x7C, 0x00, 0xF8, 0x01, 0xF0,
    0x03, 0xE0, 0x07, 0xC0, 0x0F, 0x80, 0x1F, 0x00, 0x3E, 0x00, 0x7C, 0x00, 0xF8, 0x01, 0xFE, 0x03,
    0xFC, 0x07, 0xF8, 0x00, 0xF0, 0x01, 0xE0, 0x03, 0xC0, 0x07, 0x80, 0x0F, 0x00, 0xFF, 0xFF, 0xFF,
    0xFF, 0xFE, 0x1F, 0x00, 0xF8, 0x07, 0xC0, 0x3E, 0x01, 0xF0, 0x0F, 0x80, 0x7C, 0x03, 0xF8, 0x1F,
    0xC0, 0xFE, 0x00, 0xF0, 0x07, 0x80, 0x3C, 0x01, 0xE0, 0xF8, 0x1F, 0xBE, 0x0F, 0x9F, 0x0F, 0x87,
    0xC7, 0xC3, 0xE7, 0xC0, 0xFB, 0xE0, 0x7F, 0xE0, 0x1F, 0xF0, 0x07, 0xF0, 0x03, 0xF0, 0x00, 0xF8,
    0x00, 0x7C, 0x00, 0x3E, 0x00, 0x1F, 0x00, 0x0F, 0x80, 0x07, 0xC0, 0x03, 0xE0, 0x00, 0xF8, 0x7F,
    0xE1, 0xE7, 0x8F, 0x9F, 0x3E, 0x7C, 0xF0, 0xF7, 0xC3, 0xFF, 0x07, 0xF8, 0x1F, 0xE0, 0x7F, 0x00,
    0xFC, 0x03, 0xE0, 0x07, 0x80, 0x1E, 0x00, 0x78, 0x01, 0xE0, 0x07, 0x80, 0x1E, 0x00, 0xF8, 0x1F,
    0xBE, 0x0F, 0x9F, 0x0F, 0x87, 0xC7, 0xC3, 0xE7, 0xC0, 0xFB, 0xE0, 0x7F, 0xE0, 0x1F, 0xF0, 0x07,
    0xF0, 0x03, 0xF0, 0x07, 0xFF, 0x03, 0xFF, 0x81, 0xFF, 0xC0, 0x1F, 0x00, 0x0F, 0x80, 0x07, 0xC0,
    0x03, 0xE0, 0x00, 0xF8, 0x7F, 0xE1, 0xE7, 0x8F, 0x9F, 0x3E, 0x7C, 0xF0, 0xF7, 0xC3, 0xFF, 0x07,
    0xF8, 0x1F, 0xE0, 0x7F, 0x00, 0xFC, 0x0F, 0xFC, 0x3F, 0xF0, 0x1E, 0x00, 0x78, 0x01, 0xE0, 0x07,
    0x80, 0x1E, 0x00, 0xFC, 0x1F, 0x1F, 0x8F, 0xC3, 0xE3, 0xE0, 0xFD, 0xF0, 0x1F, 0xFC, 0x03, 0xFE,
    0x00, 0xFF, 0x00, 0x1F, 0xC0, 0x03, 0xE0, 0x01, 0xFC, 0x00, 0xFF, 0x80, 0x7F, 0xF0, 0x1F, 0x7C,
    0x0F, 0x9F, 0x87, 0xE3, 0xFD, 0xF0, 0x7F, 0xF8, 0x1F, 0xC0, 0x01, 0xF0, 0x00, 0x7C, 0x00, 0x1F,
    0x00, 0x07, 0xC0, 0x01, 0xF0, 0xF8, 0x78, 0xF9, 0xF0, 0xFF, 0xC1, 0xFF, 0x01, 0xFE, 0x01, 0xF8,
    0x03, 0xF0, 0x07, 0xE0, 0x1F, 0xE0, 0x7F, 0xE1, 0xF3, 0xFB, 0xC7, 0xFF, 0x87, 0xE0, 0x03, 0xC0,
    0x07, 0x80, 0x0F, 0x00, 0x1E, 0xFF, 0xFD, 0xF1, 0xFF, 0xFB, 0xE3, 0xFF, 0xF7, 0xC0, 0x3C, 0x0F,
    0x80, 0x78, 0x1F, 0x00, 0xF0, 0x3E, 0x01, 0xE0, 0x7C, 0x03, 0xC0, 0xF8, 0x07, 0x81, 0xF0, 0x0F,
    0x03, 0xE0, 0x1E, 0x07, 0xC0, 0x3C, 0x0F, 0x80, 0x78, 0x1F, 0x00, 0xF0, 0x3E, 0x01, 0xFF, 0xFF,
    0x83, 0xFF, 0xFF, 0x07, 0xFF, 0xFE, 0x00, 0x00, 0x3C, 0x00, 0x00, 0x78, 0x00, 0x00, 0xF0, 0x00,
    0x01, 0xE0, 0x00, 0x03, 0xC0, 0xFF, 0xDE, 0x7F, 0xEF, 0x3F, 0xF7, 0x87, 0xC3, 0xC3, 0xE1, 0xE1,
    0xF0, 0xF0, 0xF8, 0x78, 0x7C, 0x3C, 0x3E, 0x1E, 0x1F, 0x0F, 0x0F, 0xFF, 0xE7, 0xFF, 0xF3, 0xFF,
    0xF8, 0x00, 0x3C, 0x00, 0x1E, 0x00, 0x0F, 0x00, 0x07, 0x80, 0xF8, 0x3E, 0x7C, 0x1F, 0x3E, 0x0F,
    0x9F, 0x07, 0xCF, 0x83, 0xE7, 0xC1, 0xF3, 0xE0, 0xF9, 0xF8, 0x7C, 0x7F, 0xFE, 0x3F, 0xFF, 0x07,
    0xFF, 0x80, 0x07, 0xC0, 0x03, 0xE0, 0x01, 0xF0, 0x00, 0xFE, 0x00, 0x7F, 0x00, 0x3F, 0x80, 0x07,
    0xC0, 0x03, 0xE0, 0x01, 0xF0, 0x00, 0xF8, 0x00, 0x7C, 0xF8, 0xF1, 0xF1, 0xE3, 0xE3, 0xC7, 0xC7,
    0x8F, 0x8F, 0x1F, 0x9E, 0x1F, 0xFC, 0x3F, 0xF8, 0x3F, 0xF0, 0x01, 0xE0, 0x03, 0xF8, 0x07, 0xF0,
    0x0F, 0xE0, 0x03, 0xC0, 0x07, 0x80, 0x0F, 0x00, 0x1E, 0xF8, 0x3F, 0xE0, 0xFF, 0x83, 0xFE, 0x0F,
    0xF8, 0x3F, 0xEE, 0xFF, 0xBB, 0xFF, 0xEF, 0x7F, 0xFD, 0xFF, 0xF1, 0xFF, 0xC0, 0xEF, 0x03, 0xBC,
    0x0E, 0xF0, 0x03, 0xC0, 0x0F, 0x00, 0x3C, 0xF8, 0x7F, 0xC3, 0xFE, 0x1F, 0xF0, 0xFF, 0xB7, 0xFF,
    0xBD, 0xFF, 0xEF, 0xFF, 0x3F, 0xF8, 0x1B, 0xC0, 0xDE, 0x00, 0xF0, 0x07, 0x80, 0xF0, 0x03, 0xC0,
    0x0F, 0x00, 0x3C, 0x00, 0xF0, 0x03, 0xFF, 0x8F, 0xFF, 0xBF, 0xFF, 0xF8, 0xFF, 0xC1, 0xFF, 0x03,
    0xFC, 0x0F, 0xF0, 0x3F, 0xC0, 0xFF, 0x03, 0xFC, 0x0F, 0xF0, 0x3C, 0x78, 0x07, 0xC0, 0x3E, 0x01,
    0xF0, 0x0F, 0x80, 0x7C, 0x03, 0xFF, 0x1F, 0xFC, 0xFF, 0xF7, 0xCF, 0xBE, 0x3D, 0xF1, 0xEF, 0x8F,
    0x7C, 0x7B, 0xE3, 0xDF, 0x1E, 0xF8, 0xF7, 0xC7, 0xBE, 0x3C, 0x00, 0x7F, 0x80, 0x07, 0xFE, 0x00,
    0x7F, 0xF8, 0x07, 0xE7, 0xEF, 0x7E, 0x1F, 0x7B, 0xE0, 0x7F, 0xFF, 0x03, 0xFF, 0xFF, 0xFF, 0x7F,
    0xFF, 0xF8, 0xFF, 0xFF, 0xC1, 0xF0, 0x00, 0x0F, 0x80, 0x00, 0x7C, 0x00, 0x01, 0xFC, 0xF0, 0x07,
    0xFF, 0xC0, 0x1F, 0xFE, 0x00, 0x7F, 0xC0, 0x01, 0xFC, 0x71, 0xFF, 0x3D, 0xFF, 0xDF, 0xFB, 0xEF,
    0xF8, 0xFF, 0xFF, 0xFD, 0xFF, 0xFE, 0x7F, 0xFF, 0x0F, 0x80, 0x07, 0xE3, 0x81, 0xFF, 0xC0, 0x7F,
    0xE0, 0x1F, 0xF0, 0x00, 0x7F, 0x80, 0x07, 0xFE, 0x00, 0x7F, 0xF8, 0x07, 0xE7, 0xEF, 0x7E, 0x1F,
    0x7B, 0xE0, 0x7F, 0xFF, 0x03, 0xFF, 0xFF, 0xFF, 0x7F, 0xFF, 0xF8, 0xFF, 0xFF, 0xC1, 0xF0, 0x00,
    0x0F, 0x80, 0x00, 0x7C, 0x00, 0x01, 0xFC, 0xF0, 0x0F, 0xFF, 0xC0, 0x1F, 0xFE, 0x00, 0x7F, 0xE0,
    0x00, 0xF0, 0x00, 0x07, 0x80, 0x00, 0x3C, 0x00, 0x01, 0xE0, 0x00, 0x01, 0xFC, 0x71, 0xFF, 0x3D,
    0xFF, 0xDF, 0xFB, 0xEF, 0xF8, 0xFF, 0xFF, 0xFD, 0xFF, 0xFE, 0x7F, 0xFF, 0x0F, 0x80, 0x07, 0xE3,
    0x81, 0xFF, 0xC0, 0x7F, 0xE0, 0x1F, 0xF0, 0x03, 0xC0, 0x01, 0xE0, 0x00, 0xF0, 0xFF, 0xFF, 0xFF,
    0xFF, 0xFF, 0xFF, 0xFF, 0xFF, 0xF0, 0x00, 0xE3, 0x00, 0x00, 0x7B, 0xC0, 0x00, 0x3F, 0xE0, 0x00,
    0x0F, 0xE0, 0x00, 0x03, 0xE0, 0x00, 0x00, 0x00, 0x00, 0x00, 0x00, 0x01, 0xF8, 0x7C, 0x3E, 0x7E,
    0x3E, 0x3F, 0x1F, 0x1F, 0x3F, 0x0F, 0xCF, 0xBF, 0x03, 0xF7, 0xDF, 0x00, 0xFF, 0xFF, 0x00, 0x3F,
    0xFF, 0x80, 0x0F, 0xFF, 0x80, 0x07, 0xFF, 0x80, 0x03, 0xFF, 0xE0, 0x03, 0xFF, 0xF8, 0x03, 0xEF,
    0xFE, 0x03, 0xE7, 0xDF, 0x83, 0xF3, 0xE7, 0xC3, 0xF1, 0xF1, 0xF1, 0xF0, 0xF8, 0xFD, 0xF0, 0x7C,
    0x3E, 0x01, 0x8C, 0x00, 0x1E, 0xF0, 0x00, 0xFF, 0x80, 0x03, 0xF8, 0x00, 0x0F, 0x80, 0x00, 0x00,
    0x00, 0x00, 0x00, 0x1F, 0x9F, 0x1F, 0x7C, 0xF9, 0xF1, 0xF7, 0xDF, 0x07, 0xFF, 0xF8, 0x3F, 0xFF,
    0x80, 0xFF, 0xF8, 0x03, 0xFF, 0x80, 0x3F, 0xFE, 0x03, 0xFF, 0xF8, 0x3F, 0xFB, 0xE1, 0xF7, 0xDF,
    0x9F, 0x3E, 0x7D, 0xF1, 0xF1, 0xF0, 0xF0, 0x7D, 0xE1, 0xF3, 0xC7, 0xE7, 0x9F, 0x8F, 0x7E, 0x1E,
    0xF8, 0x3F, 0xE0, 0x7F, 0xE0, 0xFF, 0xF1, 0xFF, 0xF3, 0xCF, 0xF7, 0x83, 0xEF, 0x03, 0xDE, 0x07,
    0xBC, 0x0F, 0x78, 0x1E, 0xF0, 0x3C, 0x00, 0xF8, 0x07, 0xF0, 0x3F, 0xC0, 0x7F, 0x00, 0xFC, 0x00,
    0xF8, 0xFF, 0xCF, 0xBE, 0xF9, 0xFF, 0x8F, 0xF8, 0x7F, 0xE3, 0xFF, 0x9F, 0xFE, 0xF9, 0xF7, 0xC7,
    0xFE, 0x1F, 0xF0, 0xFF, 0x87, 0x80, 0x7C, 0x07, 0xC0, 0xFE, 0x07, 0xE0, 0x3E, 0x00, 0x07, 0xFF,
    0xC0, 0x3F, 0xFE, 0x01, 0xFF, 0xF0, 0x0F, 0x8F, 0x80, 0x7C, 0x7C, 0x03, 0xE3, 0xE0, 0x1E, 0x1F,
    0x00, 0xF0, 0xF8, 0x07, 0x87, 0xC0, 0x3C, 0x3E, 0x03, 0xE1, 0xF0, 0x1F, 0x0F, 0x81, 0xF0, 0x7C,
    0x3F, 0x83, 0xE3, 0xF8, 0x1F, 0xFF, 0x80, 0xFE, 0xF0, 0x07, 0xF0, 0x00, 0x07, 0x80, 0x00, 0x7C,
    0x00, 0x03, 0xC0, 0x00, 0x3E, 0x00, 0x00, 0xE0, 0x0F, 0xFC, 0x07, 0xFE, 0x03, 0xFF, 0x01, 0xE7,
    0x80, 0xF3, 0xC0, 0xF9, 0xE0, 0x7C, 0xF0, 0x3E, 0x78, 0x1E, 0x3C, 0x3F, 0x1E, 0x3F, 0x0F, 0xFF,
    0x07, 0xFF, 0x03, 0xF0, 0x00, 0x78, 0x00, 0x7C, 0x00, 0x3C, 0x00, 0x0C, 0x00, 0xF0, 0x3F, 0xE0,
    0x7F, 0xC0, 0xFF, 0x81, 0xFF, 0x03, 0xFE, 0x07, 0xFC, 0x0F, 0xFF, 0xFF, 0xFF, 0xFF, 0xFF, 0xFF,
    0xC0, 0xFF, 0x81, 0xFF, 0x03, 0xFE, 0x07, 0xFC, 0x0F, 0xF8, 0x1F, 0xF0, 0x3E, 0x00, 0x7C, 0x00,
    0xF8, 0x0F, 0xE0, 0x1F, 0xC0, 0x3F, 0x00, 0xF8, 0xFF, 0xC7, 0xFE, 0x3F, 0xF1, 0xFF, 0x8F, 0xFF,
    0xFF, 0xFF, 0xFF, 0xFF, 0xF8, 0xFF, 0xC7, 0xFE, 0x3F, 0xF1, 0xFF, 0x8F, 0x80, 0x7C, 0x03, 0xC0,
    0xFE, 0x07, 0xF0, 0x3F, 0x00, 0xF0, 0x3E, 0x3C, 0x0F, 0x8F, 0x03, 0xE3, 0xC0, 0xF8, 0xF0, 0x3E,
    0x3C, 0x0F, 0x8F, 0x03, 0xE3, 0xFF, 0xF8, 0xFF, 0xFE, 0x3F, 0xFF, 0x8F, 0x03, 0xE3, 0xC0, 0xF8,
    0xF0, 0x3E, 0x3C, 0x0F, 0x8F, 0x03, 0xFB, 0xC0, 0xFE, 0xF0, 0x3F, 0x80, 0x03, 0xE0, 0x00, 0xF8,
    0x00, 0x7C, 0x00, 0x1E, 0x00, 0x03, 0x80, 0xF8, 0xF1, 0xF1, 0xE3, 0xE3, 0xC7, 0xC7, 0x8F, 0x8F,
    0x1F, 0xFE, 0x3F, 0xFC, 0x7F, 0xF8, 0xF8, 0xF1, 0xF1, 0xE3, 0xE3, 0xF7, 0xC7, 0xEF, 0x8F, 0xC0,
    0x07, 0x80, 0x1E, 0x00, 0x3C, 0x00, 0x30, 0xF0, 0x3F, 0xC0, 0xFF, 0x03, 0xFC, 0x0F, 0xF0, 0x3F,
    0xC0, 0xFF, 0x83, 0xFF, 0x1F, 0xFF, 0xFD, 0xFF, 0xF3, 0xFF, 0xC0, 0x0F, 0x00, 0x3C, 0x00, 0xF0,
    0x1F, 0xC0, 0x7F, 0x01, 0xFC, 0x07, 0x80, 0x1E, 0x00, 0x78, 0x01, 0xE0, 0x07, 0x80, 0xF1, 0xFF,
    0x1F, 0xF1, 0xFF, 0x1F, 0xF9, 0xFF, 0xFF, 0x7F, 0xF3, 0xFF, 0x01, 0xF0, 0x1F, 0x07, 0xF0, 0x7F,
    0x07, 0xF0, 0x78, 0x07, 0x80, 0x78, 0x07, 0x80, 0x7C, 0x03, 0xE0, 0xFC, 0x07, 0xC1, 0xF8, 0x1F,
    0x83, 0xF8, 0x3F, 0x07, 0xF0, 0xFE, 0x0F, 0xF1, 0xFE, 0x1F, 0xE7, 0xFC, 0x3F, 0xEF, 0xF8, 0x7B,
    0xDF, 0xF0, 0xF7, 0xFB, 0xE1, 0xE7, 0xF7, 0xC7, 0xCF, 0xC7, 0x8F, 0x9F, 0x8F, 0x1F, 0x1F, 0x1E,
    0x3E, 0x3C, 0x3F, 0xFC, 0x00, 0x7F, 0xF8, 0x00, 0xFE, 0x00, 0x00, 0x78, 0x00, 0x01, 0xF0, 0x00,
    0x03, 0xC0, 0x00, 0x07, 0x80, 0x00, 0x06, 0x00, 0x78, 0x1F, 0x0F, 0x83, 0xE1, 0xF0, 0xFC, 0x3F,
    0x1F, 0x8F, 0xE7, 0xF1, 0xFE, 0xFE, 0x3F, 0xFF, 0xC7, 0xBF, 0xF8, 0xF7, 0xEF, 0x1E, 0x7D, 0xE3,
    0xCF, 0x3F, 0xF8, 0x07, 0xFF, 0x00, 0xFE, 0x00, 0x07, 0x80, 0x00, 0xF0, 0x00, 0x3C, 0x00, 0x03,
    0x00, 0xFF, 0xFF, 0xFF, 0xFF, 0xFF, 0xFF, 0xFF, 0xFF, 0xFF, 0xFF, 0xF8, 0x07, 0x38, 0x03, 0xDE,
    0x00, 0x7F, 0x80, 0x1F, 0xE0, 0x03, 0xF0, 0x00, 0x00, 0x00, 0x00, 0x00, 0x07, 0x80, 0x03, 0xF0,
    0x00, 0xFC, 0x00, 0x7F, 0x80, 0x1F, 0xE0, 0x0F, 0xFC, 0x03, 0xCF, 0x01, 0xF3, 0xE0, 0x78, 0xF8,
    0x1E, 0x1E, 0x0F, 0xFF, 0xC3, 0xFF, 0xF0, 0xFF, 0xFE, 0x7C, 0x0F, 0x9F, 0x03, 0xEF, 0x80, 0x7F,
    0xE0, 0x1F, 0x1C, 0xE1, 0xE7, 0x87, 0xF8, 0x3F, 0xC0, 0xFC, 0x00, 0x00, 0x00, 0x07, 0xF8, 0x3F,
    0xF1, 0xFF, 0x8C, 0x7C, 0x01, 0xF1, 0xFF, 0xBF, 0xFD, 0xFF, 0xEF, 0x9F, 0x7C, 0xFB, 0xFF, 0xDF,
    0xFE, 0x7F, 0xE0, 0x0F, 0x38, 0x03, 0xDF, 0x00, 0xF7, 0xC0, 0x3C, 0xE0, 0x00, 0x00, 0x00, 0x00,
    0x00, 0x1E, 0x00, 0x0F, 0xC0, 0x03, 0xF0, 0x01, 0xFE, 0x00, 0x7F, 0x80, 0x3F, 0xF0, 0x0F, 0x3C,
    0x07, 0xCF, 0x81, 0xE3, 0xE0, 0x78, 0x78, 0x3F, 0xFF, 0x0F, 0xFF, 0xC3, 0xFF, 0xF9, 0xF0, 0x3E,
    0x7C, 0x0F, 0xBE, 0x01, 0xFF, 0x80, 0x7C, 0x3C, 0xE1, 0xEF, 0x8F, 0x7C, 0x79, 0xC0, 0x00, 0x00,
    0x00, 0xFF, 0x07, 0xFE, 0x3F, 0xF1, 0x8F, 0x80, 0x3E, 0x3F, 0xF7, 0xFF, 0xBF, 0xFD, 0xF3, 0xEF,
    0x9F, 0x7F, 0xFB, 0xFF, 0xCF, 0xFC, 0x00, 0x3F, 0xFF, 0x00, 0x7F, 0xFF, 0x00, 0x7F, 0xFF, 0x00,
    0xFF, 0x00, 0x01, 0xFF, 0x00, 0x01, 0xEF, 0x00, 0x03, 0xEF, 0x00, 0x07, 0xCF, 0xFE, 0x07, 0xCF,
    0xFE, 0x0F, 0x8F, 0xFE, 0x0F, 0xFF, 0x00, 0x1F, 0xFF, 0x00, 0x3F, 0xFF, 0x00, 0x3E, 0x0F, 0x00,
    0x7C, 0x0F, 0xFF, 0x7C, 0x0F, 0xFF, 0xF8, 0x0F, 0xFF, 0x3F, 0xCF, 0xC1, 0xFF, 0xFF, 0x0F, 0xFF,
    0xFC, 0x63, 0xFB, 0xF0, 0x0F, 0x87, 0x8F, 0xFF, 0xFD, 0xFF, 0xFF, 0xEF, 0xFF, 0xFF, 0x7C, 0xF8,
    0x03, 0xE3, 0xF3, 0x9F, 0xFF, 0xFC, 0xFF, 0xFF, 0xE3, 0xFF, 0xFF, 0x00, 0x39, 0xC3, 0xCF, 0x0F,
    0xF0, 0x7F, 0x81, 0xF8, 0x00, 0x00, 0x00, 0x1F, 0xFE, 0xFF, 0xF7, 0xFF, 0xBC, 0x01, 0xE0, 0x0F,
    0x00, 0x78, 0x03, 0xFF, 0x9F, 0xFC, 0xFF, 0xE7, 0x80, 0x3C, 0x01, 0xE0, 0x0F, 0x00, 0x7F, 0xFF,
    0xFF, 0xFF, 0xFF, 0x18, 0xC1, 0xEF, 0x0F, 0xF8, 0x3F, 0x80, 0xF8, 0x00, 0x00, 0x00, 0x03, 0xF8,
    0x3F, 0xE3, 0xFF, 0xBF, 0x7D, 0xF1, 0xFF, 0xFF, 0xFF, 0xFF, 0xFF, 0xFF, 0x00, 0xFC, 0x73, 0xFF,
    0x8F, 0xFC, 0x3F, 0xE0, 0x1F, 0xF0, 0x7F, 0xF8, 0x7F, 0xFC, 0x38, 0xFE, 0x00, 0x1F, 0x00, 0x1F,
    0x00, 0x1F, 0xFF, 0xFF, 0xFF, 0xFF, 0xFF, 0xFF, 0xF8, 0x1F, 0xF8, 0x1F, 0x7C, 0x3F, 0x7E, 0x7E,
    0x3F, 0xFC, 0x1F, 0xF8, 0x0F, 0xF0, 0x7F, 0x83, 0xFF, 0x1F, 0xFC, 0xE7, 0xE0, 0x0F, 0xFF, 0xFF,
    0xFF, 0xFF, 0xFF, 0xF0, 0xFF, 0xCF, 0x9F, 0xFC, 0xFF, 0xC1, 0xF8, 0x00, 0x1E, 0x70, 0x1E, 0xF8,
    0x1E, 0xF8, 0x1E, 0x70, 0x00, 0x00, 0x00, 0x00, 0x1F, 0xF0, 0x7F, 0xF8, 0x7F, 0xFC, 0x38, 0xFE,
    0x00, 0x1F, 0x00, 0x1F, 0x00, 0x1F, 0xFF, 0xFF, 0xFF, 0xFF, 0xFF, 0xFF, 0xF8, 0x1F, 0xF8, 0x1F,
    0x7C, 0x3F, 0x7E, 0x7E, 0x3F, 0xFC, 0x1F, 0xF8, 0x0F, 0xF0, 0x39, 0xE3, 0xEF, 0x1F, 0x78, 0x73,
    0xC0, 0x00, 0x00, 0x01, 0xFE, 0x0F, 0xFC, 0x7F, 0xF3, 0x9F, 0x80, 0x3F, 0xFF, 0xFF, 0xFF, 0xFF,
    0xFF, 0xC3, 0xFF, 0x3E, 0x7F, 0xF3, 0xFF, 0x07, 0xE0, 0x00, 0xE7, 0x80, 0x00, 0xFB, 0xC0, 0x00,
    0x7D, 0xE0, 0x00, 0x1C, 0xF0, 0x00, 0x00, 0x00, 0x00, 0x00, 0x00, 0x03, 0xF0, 0xF8, 0x7C, 0xFC,
    0x7C, 0x7E, 0x3E, 0x3E, 0x7E, 0x1F, 0x9F, 0x7E, 0x07, 0xEF, 0xBE, 0x01, 0xFF, 0xFE, 0x00, 0x7F,
    0xFF, 0x00, 0x1F, 0xFF, 0x00, 0x0F, 0xFF, 0x00, 0x07, 0xFF, 0xC0, 0x07, 0xFF, 0xF0, 0x07, 0xDF,
    0xFC, 0x07, 0xCF, 0xBF, 0x07, 0xE7, 0xCF, 0x87, 0xE3, 0xE3, 0xE3, 0xE1, 0xF1, 0xFB, 0xE0, 0xF8,
    0x7C, 0x03, 0xCE, 0x00, 0x1E, 0xF8, 0x00, 0xF7, 0xC0, 0x07, 0x9C, 0x00, 0x00, 0x00, 0x00, 0x00,
    0x03, 0xF3, 0xE3, 0xEF, 0x9F, 0x3E, 0x3E, 0xFB, 0xE0, 0xFF, 0xFF, 0x07, 0xFF, 0xF0, 0x1F, 0xFF,
    0x00, 0x7F, 0xF0, 0x07, 0xFF, 0xC0, 0x7F, 0xFF, 0x07, 0xFF, 0x7C, 0x3E, 0xFB, 0xF3, 0xE7, 0xCF,
    0xBE, 0x3E, 0x3E, 0x3C, 0xF0, 0x79, 0xE0, 0xF3, 0xC1, 0xE7, 0x80, 0x00, 0x00, 0x00, 0x0F, 0xF8,
    0x3F, 0xF8, 0x7F, 0xF8, 0x71, 0xF8, 0x01, 0xF0, 0x03, 0xE0, 0x1F, 0x83, 0xFF, 0x07, 0xFC, 0x0F,
    0xFE, 0x00, 0xFC, 0x00, 0x78, 0x00, 0xF3, 0xC7, 0xE7, 0xFF, 0xDF, 0xFF, 0x0F, 0xFC, 0x00, 0x79,
    0xC7, 0xBE, 0x7B, 0xE7, 0x9C, 0x00, 0x00, 0x00, 0x7F, 0xC7, 0xFE, 0x7F, 0xE7, 0x3E, 0x01, 0xE3,
    0xFE, 0x3F, 0xE3, 0xFE, 0x01, 0xF7, 0x1F, 0x7F, 0xF7, 0xFE, 0x7F, 0xC0, 0x7F, 0xFD, 0xFF, 0xF7,
    0xFF, 0xC0, 0x7E, 0x03, 0xF0, 0x1F, 0x80, 0xFC, 0x03, 0xFC, 0x0F, 0xF8, 0x07, 0xF0, 0x07, 0xC0,
    0x0F, 0x00, 0x7D, 0xE3, 0xF7, 0xFF, 0xBF, 0xFE, 0x3F, 0xE0, 0xFF, 0xFF, 0xFF, 0xFF, 0xF0, 0x3E,
    0x07, 0xC0, 0x7C, 0x0F, 0x81, 0xF0, 0x1F, 0xC1, 0xFE, 0x03, 0xF0, 0x1F, 0x00, 0xF0, 0x0F, 0x63,
    0xFF, 0xFF, 0xFF, 0xEF, 0xF8, 0x1F, 0xF0, 0x3F, 0xE0, 0x7F, 0xC0, 0x00, 0x00, 0x00, 0x00, 0x00,
    0x3C, 0x07, 0xF8, 0x1F, 0xF0, 0x7F, 0xE1, 0xFF, 0xC7, 0xFF, 0x8F, 0xFF, 0x3F, 0xFE, 0xFB, 0xFF,
    0xE7, 0xFF, 0xCF, 0xFF, 0x1F, 0xFC, 0x3F, 0xF8, 0x7F, 0xE0, 0xFF, 0x81, 0xFF, 0x03, 0xFC, 0x07,
    0x80, 0x3F, 0xE1, 0xFF, 0x0F, 0xF8, 0x00, 0x00, 0x00, 0x00, 0x03, 0xE1, 0xFF, 0x1F, 0xF9, 0xFF,
    0xDF, 0xFE, 0xFF, 0xFF, 0xFF, 0xFF, 0xFF, 0xBF, 0xF9, 0xFF, 0xCF, 0xFC, 0x7F, 0xC3, 0xFE, 0x1E,
    0x1E, 0x70, 0x3D, 0xF0, 0x7B, 0xE0, 0xF3, 0x80, 0x00, 0x00, 0x00, 0x3C, 0x07, 0xF8, 0x1F, 0xF0,
    0x7F, 0xE1, 0xFF, 0xC7, 0xFF, 0x8F, 0xFF, 0x3F, 0xFE, 0xFB, 0xFF, 0xE7, 0xFF, 0xCF, 0xFF, 0x1F,
    0xFC, 0x3F, 0xF8, 0x7F, 0xE0, 0xFF, 0x81, 0xFF, 0x03, 0xFC, 0x07, 0x80, 0x3C, 0xE1, 0xE7, 0x8F,
    0x3C, 0x79, 0xC0, 0x00, 0x00, 0x03, 0xE1, 0xFF, 0x1F, 0xF9, 0xFF, 0xDF, 0xFE, 0xFF, 0xFF, 0xFF,
    0xFF, 0xFF, 0xBF, 0xF9, 0xFF, 0xCF, 0xFC, 0x7F, 0xC3, 0xFE, 0x1E, 0x0F, 0x38, 0x03, 0xCF, 0x00,
    0xF3, 0xC0, 0x3C, 0xF0, 0x00, 0x00, 0x00, 0x00, 0x00, 0x7F, 0x80, 0x7F, 0xF8, 0x3F, 0xFF, 0x1F,
    0xCF, 0xC7, 0xC0, 0xFB, 0xE0, 0x3E, 0xF8, 0x07, 0xFE, 0x01, 0xFF, 0x80, 0x7F, 0xE0, 0x1F, 0xF8,
    0x07, 0xFE, 0x03, 0xE7, 0xC0, 0xF9, 0xFC, 0xFE, 0x3F, 0xFF, 0x07, 0xFF, 0x80, 0x7F, 0x80, 0x3C,
    0xE0, 0xF7, 0xC3, 0xDF, 0x0F, 0x38, 0x00, 0x00, 0x00, 0x01, 0xFC, 0x0F, 0xF8, 0x7F, 0xF3, 0xF7,
    0xEF, 0x8F, 0xBC, 0x1E, 0xF0, 0x7B, 0xC1, 0xEF, 0x8F, 0xBF, 0x7E, 0x7F, 0xF0, 0xFF, 0x81, 0xFC,
    0x00, 0x07, 0xF8, 0x07, 0xFF, 0x83, 0xFF, 0xF1, 0xFC, 0xFC, 0x7C, 0x0F, 0xBE, 0x03, 0xEF, 0x80,
    0x7F, 0xFF, 0xFF, 0xFF, 0xFF, 0xFF, 0xFF, 0xFF, 0x80, 0x7F, 0xE0, 0x3E, 0x7C, 0x0F, 0x9F, 0xCF,
    0xE3, 0xFF, 0xF0, 0x7F, 0xF8, 0x07, 0xF8, 0x00, 0x1F, 0xC0, 0xFF, 0x87, 0xFF, 0x3F, 0x7E, 0xF0,
    0x7B, 0xFF, 0xEF, 0xFF, 0xBC, 0x1E, 0xF8, 0xFB, 0xF7, 0xE7, 0xFF, 0x0F, 0xF8, 0x1F, 0xC0, 0x0F,
    0x38, 0x03, 0xCF, 0x00, 0xF3, 0xC0, 0x3C, 0xF0, 0x00, 0x00, 0x00, 0x00, 0x00, 0x7F, 0x80, 0x7F,
    0xF8, 0x3F, 0xFF, 0x1F, 0xCF, 0xC7, 0xC0, 0xFB, 0xE0, 0x3E, 0xF8, 0x07, 0xFF, 0xFF, 0xFF, 0xFF,
    0xFF, 0xFF, 0xFF, 0xF8, 0x07, 0xFE, 0x03, 0xE7, 0xC0, 0xF9, 0xFC, 0xFE, 0x3F, 0xFF, 0x07, 0xFF,
    0x80, 0x7F, 0x80, 0x39, 0xE1, 0xF7, 0x87, 0xDE, 0x0E, 0x78, 0x00, 0x00, 0x00, 0x01, 0xFC, 0x0F,
    0xF8, 0x7F, 0xF3, 0xF7, 0xEF, 0x07, 0xBF, 0xFE, 0xFF, 0xFB, 0xC1, 0xEF, 0x8F, 0xBF, 0x7E, 0x7F,
    0xF0, 0xFF, 0x81, 0xFC, 0x00, 0x3C, 0xE0, 0x7B, 0xE0, 0xF7, 0xC1, 0xE7, 0x00, 0x00, 0x00, 0x00,
    0x1F, 0xF0, 0x7F, 0xF8, 0xFF, 0xF8, 0xE3, 0xF8, 0x01, 0xF0, 0x01, 0xF0, 0x03, 0xE3, 0xFF, 0xC7,
    0xFF, 0x8F, 0xFF, 0x00, 0x3E, 0x00, 0x7C, 0x01, 0xF3, 0xCF, 0xEF, 0xFF, 0x9F, 0xFE, 0x1F, 0xF0,
    0x00, 0x39, 0xE3, 0xEF, 0x1F, 0x78, 0x73, 0xC0, 0x00, 0x00, 0x01, 0xFE, 0x0F, 0xFC, 0x7F, 0xE3,
    0x9F, 0x80, 0x3C, 0x3F, 0xE1, 0xFF, 0x8F, 0xF8, 0x03, 0xCE, 0x7E, 0x7F, 0xE3, 0xFF, 0x1F, 0xE0,
    0x0F, 0xF8, 0x07, 0xFC, 0x03, 0xFE, 0x00, 0x00, 0x00, 0x00, 0x00, 0x00, 0x03, 0xE0, 0x7C, 0xF8,
    0x3E, 0x7C, 0x1F, 0x1F, 0x1F, 0x0F, 0x8F, 0x83, 0xE7, 0x81, 0xF7, 0xC0, 0x7F, 0xC0, 0x3F, 0xE0,
    0x0F, 0xF0, 0x03, 0xF0, 0x01, 0xF8, 0x00, 0xF8, 0x04, 0xFC, 0x07, 0xFC, 0x03, 0xFC, 0x01, 0xFC,
    0x00, 0x1F, 0xE0, 0x7F, 0x81, 0xFE, 0x00, 0x00, 0x00, 0x00, 0x00, 0x0F, 0x87, 0xFE, 0x1E, 0x78,
    0x79, 0xF3, 0xE7, 0xCF, 0x0F, 0x3C, 0x3F, 0xF0, 0xFF, 0x81, 0xFE, 0x07, 0xF8, 0x0F, 0xC0, 0x3F,
    0x00, 0x78, 0x03, 0xE0, 0x5F, 0x03, 0xFC, 0x0F, 0xE0, 0x3F, 0x00, 0x0E, 0x38, 0x07, 0xBE, 0x03,
    0xDF, 0x01, 0xC7, 0x00, 0x00, 0x00, 0x00, 0x03, 0xE0, 0x7C, 0xF8, 0x3E, 0x7C, 0x1F, 0x1F, 0x1F,
    0x0F, 0x8F, 0x83, 0xE7, 0x81, 0xF7, 0xC0, 0x7F, 0xC0, 0x3F, 0xE0, 0x0F, 0xF0, 0x03, 0xF0, 0x01,
    0xF8, 0x00, 0xF8, 0x04, 0xFC, 0x07, 0xFC, 0x03, 0xFC, 0x01, 0xFC, 0x00, 0x3C, 0xE0, 0xF7, 0xC3,
    0xDF, 0x0F, 0x38, 0x00, 0x00, 0x00, 0x0F, 0x87, 0xFE, 0x1E, 0x78, 0x79, 0xF3, 0xE7, 0xCF, 0x0F,
    0x3C, 0x3F, 0xF0, 0xFF, 0x81, 0xFE, 0x07, 0xF8, 0x0F, 0xC0, 0x3F, 0x00, 0x78, 0x03, 0xE0, 0x5F,
    0x03, 0xFC, 0x0F, 0xE0, 0x3F, 0x00, 0x03, 0x18, 0x01, 0xCE, 0x01, 0xEF, 0x00, 0xE7, 0x80, 0xF7,
    0x80, 0x73, 0x80, 0x00, 0x01, 0xF0, 0x3E, 0x7C, 0x1F, 0x3E, 0x0F, 0x8F, 0x8F, 0x87, 0xC7, 0xC1,
    0xF3, 0xC0, 0xFB, 0xE0, 0x3F, 0xE0, 0x1F, 0xF0, 0x07, 0xF8, 0x01, 0xF8, 0x00, 0xFC, 0x00, 0x7C,
    0x02, 0x7E, 0x03, 0xFE, 0x01, 0xFE, 0x00, 0xFE, 0x00, 0x06, 0x30, 0x3D, 0xE0, 0xF7, 0x87, 0xBC,
    0x3D, 0xE0, 0x63, 0x00, 0x00, 0x3E, 0x1F, 0xF8, 0x79, 0xE1, 0xE7, 0xCF, 0x9F, 0x3C, 0x3C, 0xF0,
    0xFF, 0xC3, 0xFE, 0x07, 0xF8, 0x1F, 0xE0, 0x3F, 0x00, 0xFC, 0x01, 0xE0, 0x0F, 0x81, 0x7C, 0x0F,
    0xF0, 0x3F, 0x80, 0xFC, 0x00, 0x1C, 0xF0, 0xF3, 0xC3, 0xCF, 0x0F, 0x3C, 0x00, 0x00, 0x00, 0x0F,
    0x03, 0xFC, 0x0F, 0xF0, 0x3F, 0xC0, 0xFF, 0x03, 0xFC, 0x0F, 0xF8, 0x3F, 0xF1, 0xFF, 0xFF, 0xDF,
    0xFF, 0x3F, 0xFC, 0x00, 0xF0, 0x03, 0xC0, 0x0F, 0x00, 0x3C, 0x00, 0xF0, 0x03, 0xC0, 0x79, 0xC7,
    0xBE, 0x7B, 0xE7, 0x9C, 0x00, 0x00, 0x00, 0xF1, 0xFF, 0x1F, 0xF1, 0xFF, 0x1F, 0xF1, 0xFF, 0x9F,
    0xFF, 0xF7, 0xFF, 0x3F, 0xF0, 0x1F, 0x01, 0xF0, 0x1F, 0x01, 0xF0, 0xFF, 0xFF, 0xFF, 0xFF, 0xFF,
    0x00, 0xF0, 0x0F, 0x00, 0xF0, 0x0F, 0x00, 0xF0, 0x0F, 0x00, 0xF0, 0x0F, 0x00, 0xF0, 0x0F, 0x00,
    0xFE, 0x0F, 0xE0, 0xFE, 0x01, 0xE0, 0x1E, 0x01, 0xE0, 0x1E, 0x01, 0xE0, 0xFF, 0xDF, 0xFB, 0xFF,
    0x7C, 0x0F, 0x81, 0xF0, 0x3E, 0x07, 0xC0, 0xF8, 0x1F, 0x03, 0xF8, 0x7F, 0x0F, 0xE0, 0x3C, 0x07,
    0x80, 0xF0, 0x1E, 0x00, 0x07, 0x9C, 0x00, 0x7B, 0xE0, 0x07, 0xBE, 0x00, 0x79, 0xC0, 0x00, 0x00,
    0x00, 0x00, 0x00, 0xF0, 0x01, 0xFF, 0x00, 0x1F, 0xF0, 0x01, 0xFF, 0x00, 0x1F, 0xF0, 0x01, 0xFF,
    0x00, 0x1F, 0xFF, 0xC1, 0xFF, 0xFF, 0x1F, 0xFF, 0xF9, 0xFF, 0x3F, 0x9F, 0xF0, 0xF9, 0xFF, 0x07,
    0x9F, 0xF0, 0xF9, 0xFF, 0x1F, 0x9F, 0xFF, 0xF9, 0xFF, 0xFF, 0x1F, 0xFF, 0xC1, 0xF0, 0x07, 0x3C,
    0x03, 0xEF, 0x00, 0xFB, 0xC0, 0x1C, 0xF0, 0x00, 0x00, 0x00, 0x00, 0x0F, 0x80, 0x3F, 0xE0, 0x0F,
    0xF8, 0x03, 0xFE, 0x00, 0xFF, 0xFC, 0x3F, 0xFF, 0x8F, 0xFF, 0xF3, 0xFE, 0x7C, 0xFF, 0x8F, 0xBF,
    0xE7, 0xCF, 0xFF, 0xF3, 0xFF, 0xFC, 0xF7, 0xFC, 0x3C, 0x7E, 0x0F, 0x1F, 0x07, 0x87, 0xC3, 0xC3,
    0xF3, 0xE0, 0xF9, 0xF0, 0x7E, 0xF0, 0x7F, 0xF8, 0x7F, 0xF8, 0x3D, 0xF8, 0x3E, 0x7C, 0x1F, 0x1F,
    0x0F, 0x0F, 0x87, 0x83, 0xE3, 0xC0, 0xFB, 0xE0, 0x7C, 0x3F, 0xC0, 0xFF, 0xE1, 0xFF, 0xC1, 0xFF,
    0xC0, 0x0F, 0x80, 0x1F, 0x00, 0x3E, 0x00, 0x7C, 0x00, 0xF8, 0x01, 0xF0, 0x03, 0xE3, 0xFF, 0xEF,
    0xFF, 0xFF, 0xFF, 0xBF, 0xFF, 0x00, 0x3E, 0x0F, 0xC7, 0xF8, 0xFE, 0x07, 0x81, 0xE0, 0x78, 0x1E,
    0x07, 0x81, 0xE0, 0xF9, 0xFE, 0xFF, 0xFE, 0xFF, 0x3C, 0x00, 0x7F, 0xFD, 0xFF, 0xF7, 0xFF, 0xDF,
    0xFE, 0x01, 0xF0, 0x07, 0xC0, 0x1F, 0x00, 0x7C, 0x01, 0xF0, 0x07, 0xC0, 0x1F, 0x00, 0x7C, 0x01,
    0xF0, 0x07, 0xC0, 0x1F, 0x00, 0xFF, 0xF3, 0xFF, 0xEF, 0xFF, 0xDF, 0xFF, 0x00, 0x3C, 0x00, 0xF0,
    0x03, 0xFE, 0x0F, 0xF8, 0x3F, 0xE0, 0xFF, 0x83, 0xFE, 0x0F, 0xF8, 0x3F, 0xE0, 0xFF, 0x83, 0xC0,
    0x7E, 0xFD, 0xFB, 0xF1, 0xE3, 0xC7, 0x8F, 0x1E, 0x3C, 0x78, 0xF1, 0xE3, 0xC7, 0x80, 0x7F, 0xBF,
    0xDF, 0xEF, 0xE3, 0xE1, 0xE0, 0xF0, 0x78, 0x7C, 0x1E, 0x0F, 0x07, 0x83, 0xE1, 0xF0, 0xF8, 0x7F,
    0xFC, 0x7F, 0xFE, 0x7F, 0xFE, 0x7F, 0xFF, 0x3C, 0x1F, 0x3C, 0x1F, 0x3C, 0x1F, 0x3C, 0x1F, 0x3C,
    0x1F, 0x3C, 0x1F, 0x3C, 0x1F, 0x3C, 0x1F, 0x3C, 0x1F, 0x3C, 0x1F, 0x3C, 0x1F, 0xF3, 0xF1, 0xE7,
    0xF3, 0xCF, 0xF7, 0x9F, 0xEF, 0x03, 0xFE, 0x07, 0xFC, 0x0F, 0xF8, 0x1F, 0xF0, 0x3F, 0xF0, 0x7F,
    0xE1, 0xF3, 0xFF, 0xE7, 0xFF, 0x87, 0xFE, 0x03, 0xF8, 0x00, 0x7E, 0xFD, 0xFB, 0xF1, 0xE3, 0xC7,
    0x8F, 0x1E, 0x7F, 0xE3, 0xFF, 0x9F, 0xFE, 0xFF, 0xF0, 0x0F, 0x80, 0x3C, 0x01, 0xE0, 0x0F, 0x00,
    0x78, 0x03, 0xC0, 0x1E, 0x00, 0xF0, 0x07, 0x80, 0x3C, 0x01, 0xE0, 0x0F, 0x00, 0x78, 0x03, 0xC0,
    0x1E, 0x00, 0xF0, 0x7F, 0x83, 0xFF, 0x1F, 0xF8, 0xFF, 0xE0, 0x1F, 0x00, 0x7C, 0x03, 0xE0, 0x1F,
    0x00, 0xF8, 0x07, 0xC0, 0x7C, 0xFF, 0xEF, 0xFE, 0x7F, 0xF3, 0xFE, 0x00, 0xF8, 0x03, 0xE0, 0x0F,
    0x80, 0x3E, 0x00, 0xFF, 0xFB, 0xFF, 0xEF, 0xFF, 0x9F, 0xFE, 0x00, 0xF0, 0x07, 0xC0, 0x1F, 0x00,
    0x78, 0x03, 0xE0, 0x0F, 0x80, 0x3C, 0x01, 0xF0, 0x07, 0xC0, 0x1E, 0x00, 0xF8, 0x00, 0xFF, 0xF9,
    0xFF, 0xFB, 0xFF, 0xFB, 0xFF, 0xF7, 0xC1, 0xEF, 0x83, 0xDF, 0x07, 0xBE, 0x0F, 0x7C, 0x1E, 0xF8,
    0x3D, 0xF0, 0x7B, 0xFF, 0xF7, 0xFF, 0xEF, 0xFF, 0xDF, 0xFF, 0x80, 0x78, 0xFC, 0x3C, 0xFF, 0x1F,
    0xFF, 0xC7, 0xFF, 0xF3, 0xF0, 0xF9, 0xF0, 0x7C, 0x78, 0x1E, 0x7C, 0x0F, 0x3E, 0x07, 0x9F, 0x07,
    0xCF, 0x03, 0xE7, 0x9F, 0xE7, 0xCF, 0xF3, 0xEF, 0xF1, 0xF7, 0xF0, 0x7E, 0xFD, 0xFB, 0xF1, 0xE3,
    0xC7, 0x8F, 0x1E, 0x3C, 0x78, 0xF1, 0xE3, 0xC7, 0x8F, 0x1E, 0x3C, 0x78, 0xF0, 0x7C, 0xFE, 0xFF,
    0x7F, 0x1F, 0x1F, 0x1F, 0x1F, 0x1F, 0x1F, 0x1F, 0xFF, 0xFF, 0xFF, 0xFF, 0x7F, 0xF8, 0x7F, 0xFE,
    0x7F, 0xFE, 0x7F, 0xFF, 0x3C, 0x1F, 0x3C, 0x0F, 0x7C, 0x0F, 0x7C, 0x0F, 0x7C, 0x0F, 0x7C, 0x1F,
    0x3C, 0x1F, 0x3F, 0xFE, 0x3F, 0xFE, 0x1F, 0xFC, 0x07, 0xF8, 0x00, 0x00, 0xF8, 0x3D, 0xF0, 0x79,
    0xE0, 0xF3, 0xC3, 0xE7, 0xC7, 0xCF, 0x8F, 0x9F, 0x1F, 0x1E, 0x3E, 0x3C, 0x78, 0x79, 0xF0, 0xF3,
    0xE1, 0xFF, 0x8F, 0xFE, 0x3F, 0xF8, 0x7F, 0xC0, 0xF8, 0x00, 0x00, 0x00, 0x3F, 0xC1, 0xFF, 0xCF,
    0xFF, 0xBF, 0xFE, 0xF0, 0x7F, 0xC1, 0xFF, 0x07, 0xFF, 0x0F, 0x7C, 0x3C, 0xF0, 0xF0, 0x83, 0xC0,
    0x0F, 0x00, 0x3C, 0x00, 0xF0, 0x03, 0xC0, 0x0F, 0x00, 0x3C, 0x00, 0xF0, 0x03, 0xC0, 0x0F, 0x1F,
    0xE0, 0x7F, 0xF1, 0xFF, 0xF3, 0xFF, 0xE7, 0x83, 0xEF, 0x07, 0xDF, 0x0F, 0xBF, 0x0F, 0x3E, 0x3E,
    0x3C, 0x7C, 0x01, 0xF9, 0xFF, 0xE7, 0xFF, 0x8F, 0xFE, 0x1F, 0xF8, 0x00, 0xF8, 0x3D, 0xF0, 0xF7,
    0xC7, 0xCF, 0x1F, 0x3E, 0x7C, 0xF9, 0xE1, 0xEF, 0x87, 0xFC, 0x1F, 0xF0, 0x3F, 0x80, 0xF8, 0x03,
    0xE0, 0x07, 0x80, 0x1F, 0x00, 0x7C, 0x00, 0xF0, 0x03, 0xC0, 0x0F, 0x80, 0x3E, 0x00, 0x78, 0x7C,
    0x3D, 0xF0, 0xF3, 0xE7, 0xCF, 0xDF, 0x1F, 0x7C, 0x3F, 0xE0, 0xFF, 0x81, 0xFC, 0x03, 0xE0, 0x0F,
    0x80, 0x1F, 0x0F, 0xFE, 0x7F, 0xF9, 0xFF, 0xE7, 0xFF, 0x80, 0xFF, 0xFF, 0xFF, 0xFF, 0xFF, 0xFB,
    0xFF, 0xE0, 0x03, 0xC0, 0x0F, 0x80, 0x1F, 0x7C, 0x3C, 0xF8, 0xF9, 0xF1, 0xF3, 0xE3, 0xC7, 0xC7,
    0x8F, 0x9F, 0x1F, 0x3E, 0x3E, 0x78, 0x7C, 0x00, 0xF8, 0x01, 0xF0, 0x03, 0xE0, 0x07, 0xC0, 0x00,
    0x7F, 0xC7, 0xFE, 0x7F, 0xF7, 0xFF, 0x00, 0xF0, 0x0F, 0x00, 0xF0, 0x0F, 0x00, 0xF0, 0x0F, 0x00,
    0xF0, 0x0F, 0x00, 0xF0, 0x0F, 0x00, 0xF0, 0xF9, 0xE7, 0xFE, 0x79, 0xFF, 0x9E, 0x7F, 0xEF, 0x9F,
    0xFB, 0xE7, 0xFE, 0xF1, 0xFF, 0xFC, 0x7F, 0xFE, 0x1E, 0xFF, 0x07, 0x9E, 0x03, 0xE7, 0xC0, 0xF9,
    0xFF, 0xFC, 0x3F, 0xFF, 0x07, 0xFF, 0x80, 0x7F, 0x80, 0x7F, 0xFC, 0x3F, 0xFF, 0x9F, 0xFF, 0xC7,
    0xFF, 0xF1, 0xF0, 0xF8, 0xF8, 0x7C, 0x7C, 0x3E, 0x3E, 0x1F, 0x1F, 0x0F, 0x8F, 0x87, 0xC7, 0xC3,
    0xE7, 0xE1, 0xF7, 0xE0, 0xFB, 0xF0, 0x7D, 0xF0, 0x3E, 0x23, 0xDF, 0xEF, 0xFD, 0xE0, 0x00, 0x7C,
    0xF1, 0xE7, 0xCF, 0x9F, 0x7E, 0x00, 0x00, 0x00, 0x00, 0x06, 0x1F, 0x7E, 0xFC, 0xF8, 0xE0, 0x00,
    0x01, 0xFF, 0x1F, 0xFF, 0xFF, 0xFF, 0xFF, 0x7C, 0x3B, 0xE0, 0x1F, 0xC0, 0x7F, 0x01, 0xFC, 0x07,
    0xE0, 0x0F, 0x00, 0x78, 0x00, 0x00, 0x0C, 0x01, 0xF8, 0x0F, 0xC0, 0x7E, 0x03, 0xE0, 0x06, 0x00,
    0x1F, 0x87, 0xF0, 0xFE, 0x3F, 0xC7, 0x80, 0xF0, 0x1F, 0x71, 0xFF, 0x7F, 0xFF, 0xFF, 0xFE, 0x3E,
    0x04, 0x00, 0xFF, 0xBF, 0xEF, 0xFF, 0xFE, 0xFE, 0x00, 0x38, 0xF3, 0x83, 0xA7, 0xDF, 0x98, 0x00,
    0x00, 0xC7, 0xBF, 0x7C, 0xE0, 0x00, 0x03, 0xCF, 0xBE, 0x79, 0xE7, 0x9F, 0x7D, 0xF7, 0xCF, 0x3C,
    0xF3, 0xCF, 0x3C, 0xF0, 0x00, 0x00, 0x07, 0x83, 0xBC, 0x3D, 0xF1, 0xEF, 0xFF, 0x3F, 0xF1, 0xFF,
    0x8F, 0xF0, 0x7C, 0x03, 0xE0, 0x1F, 0x00, 0x78, 0x03, 0xC0, 0x1E, 0x00, 0xF0, 0x07, 0x80, 0x3C,
    0x01, 0xE0, 0x00, 0x00, 0x00, 0x03, 0xC0, 0xFF, 0xBF, 0xFE, 0xFF, 0x7F, 0xFD, 0xFF, 0xF7, 0xFF,
    0xDF, 0xFE, 0x7C, 0x01, 0xF0, 0x03, 0xC0, 0x0F, 0x00, 0x3C, 0x00, 0xF0, 0x03, 0xC0, 0x0F, 0x00,
    0x3C, 0x00, 0xF0, 0x00, 0x00, 0x00, 0x00, 0x00, 0xF0, 0x1F, 0x03, 0xF0, 0x7E, 0x07, 0xC0, 0x78,
    0x07, 0xF0, 0x7F, 0x03, 0xF0, 0x3F, 0x07, 0xE0, 0x78, 0x0F, 0x80, 0xFF, 0xE7, 0xFE, 0x7F, 0xF3,
    0xFE, 0x03, 0x00, 0x07, 0x01, 0xFC, 0x3F, 0xE7, 0xFE, 0x7F, 0xF7, 0x9F, 0xF8, 0xFF, 0x0F, 0xF0,
    0xFF, 0x8F, 0x7F, 0xF7, 0xFE, 0x3F, 0xE1, 0xFC, 0x00, 0x07, 0xFF, 0x3F, 0xF9, 0xFF, 0xCF, 0xFE,
    0x00, 0xF0, 0x07, 0x80, 0x3C, 0x01, 0xE0, 0x0F, 0x00, 0x7C, 0x03, 0xE0, 0x0F, 0x00, 0x78, 0x03,
    0xC0, 0x1E, 0x00, 0xF0, 0x07, 0xC0, 0x10, 0x10, 0x11, 0xE0, 0x7B, 0xE0, 0xF7, 0xC3, 0xE7, 0x87,
    0xCF, 0x8F, 0x0F, 0x3E, 0x1E, 0x78, 0x3E, 0xF0, 0x7F, 0xE0, 0x7F, 0x80, 0xFF, 0x01, 0xFE, 0x01,
    0xF8, 0x03, 0xF0, 0x07, 0xE0, 0x07, 0x80, 0x0F, 0x00, 0x18, 0x00, 0x00, 0x00, 0x0F, 0x00, 0x1F,
    0x00, 0x3E, 0x00, 0xFC, 0x01, 0xFC, 0x03, 0xF8, 0x0F, 0xF0, 0x1F, 0xE0, 0x3F, 0xE0, 0xFB, 0xC1,
    0xE7, 0x83, 0xCF, 0x8F, 0x8F, 0x1E, 0x1E, 0x7C, 0x3E, 0xF8, 0x3D, 0xE0, 0x78, 0xC0, 0xC0, 0x00,
    0x01, 0xF8, 0x3F, 0xC7, 0xFC, 0xFF, 0xEF, 0x3E, 0xF1, 0xEF, 0xFE, 0xFF, 0xE7, 0xFE, 0x3F, 0xE0,
    0xFF, 0x01, 0xF0, 0x0F, 0x00, 0xF0, 0x0F, 0x00, 0xF0, 0x0F, 0x00, 0x00, 0x00, 0x01, 0xC0, 0x00,
    0xF8, 0x00, 0x3E, 0x78, 0x07, 0x9E, 0x01, 0xE7, 0x80, 0x7F, 0xE0, 0x1F, 0xF8, 0x07, 0xFE, 0x01,
    0xEF, 0x80, 0x79, 0xF0, 0x7E, 0x7F, 0xFF, 0x0F, 0xFF, 0x81, 0xFF, 0xC0, 0x1F, 0xC0, 0xFF, 0xFF,
    0xF8, 0x0C, 0x01, 0xC0, 0x7C, 0x1F, 0xC1, 0xFC, 0x7F, 0x9F, 0xFB, 0xCF, 0xF9, 0xFF, 0x3F, 0xFF,
    0xBF, 0xF7, 0xFC, 0x7F, 0x00, 0x00, 0x00, 0xC7, 0xBF, 0x7C, 0xE0, 0x00, 0x03, 0xCF, 0xBE, 0x79,
    0xE7, 0x9F, 0x7D, 0xF7, 0xCF, 0x3C, 0xF3, 0xCF, 0x3C, 0xF0, 0x00, 0x00, 0x07, 0x83, 0xBC, 0x3D,
    0xF1, 0xEF, 0xFF, 0x3F, 0xF1, 0xFF, 0x8F, 0xF0, 0x7C, 0x03, 0xE0, 0x1F, 0x00, 0x78, 0x03, 0xC0,
    0x1E, 0x00, 0xF0, 0x07, 0x80, 0x3C, 0x01, 0xE0, 0x00, 0x00, 0x00, 0x03, 0xC0, 0xFF, 0xBF, 0xFE,
    0xFF, 0x7F, 0xFD, 0xFF, 0xF7, 0xFF, 0xDF, 0xFE, 0x7C, 0x01, 0xF0, 0x03, 0xC0, 0x0F, 0x00, 0x3C,
    0x00, 0xF0, 0x03, 0xC0, 0x0F, 0x00, 0x3C, 0x00, 0xF0, 0x00, 0x00, 0x00, 0x00, 0x07, 0x9F, 0x3D,
    0xF9, 0xEF, 0xCF, 0xF8, 0x7F, 0xF9, 0xFF, 0xCF, 0xFF, 0x7F, 0xF3, 0xFC, 0x1F, 0x00, 0xF8, 0x07,
    0xC0, 0x1E, 0x00, 0xF0, 0x07, 0x80, 0x3C, 0x01, 0xE0, 0x00, 0x00, 0x03, 0x00, 0x1E, 0x00, 0xF8,
    0x01, 0xF0, 0x0F, 0xE0, 0x7F, 0xC1, 0xFF, 0x0F, 0xBE, 0x7C, 0x79, 0xE1, 0xF7, 0x87, 0xDE, 0xCF,
    0xFB, 0xBF, 0xFF, 0xF7, 0xFF, 0x9F, 0xFE, 0x3F, 0xF0, 0x1F, 0xC3, 0xFC, 0x3F, 0x87, 0xF8, 0x78,
    0x07, 0x80, 0x7C, 0x63, 0xFE, 0x3F, 0xF0, 0xFF, 0x0F, 0xC1, 0xF8, 0x3F, 0x03, 0xE0, 0x7C, 0x07,
    0xC0, 0x78, 0x01, 0x80, 0x10, 0x11, 0xE0, 0x7B, 0xE0, 0xF7, 0xC3, 0xE7, 0x87, 0xCF, 0x8F, 0x0F,
    0x3E, 0x1E, 0x78, 0x3E, 0xF0, 0x7F, 0xE0, 0x7F, 0x80, 0xFF, 0x01, 0xFE, 0x01, 0xF8, 0x03, 0xF0,
    0x07, 0xE0, 0x07, 0x80, 0x0F, 0x00, 0x18, 0x00, 0x00, 0x00, 0x0F, 0x00, 0x1F, 0x00, 0x3E, 0x00,
    0xFC, 0x01, 0xFC, 0x03, 0xF8, 0x0F, 0xF0, 0x1F, 0xE0, 0x3F, 0xE0, 0xFB, 0xC1, 0xE7, 0x83, 0xCF,
    0x8F, 0x8F, 0x1E, 0x1E, 0x7C, 0x3E, 0xF8, 0x3D, 0xE0, 0x78, 0xC0, 0xC0, 0x00, 0x01, 0xF8, 0x3F,
    0xC7, 0xFC, 0xFF, 0xEF, 0x3E, 0xF1, 0xEF, 0xFE, 0xFF, 0xE7, 0xFE, 0x3F, 0xE0, 0xFF, 0x01, 0xF0,
    0x0F, 0x00, 0xF0, 0x0F, 0x00, 0xF0, 0x0F, 0x01, 0xE0, 0x00, 0xFC, 0x00, 0x3F, 0x00, 0x1F, 0xE0,
    0x07, 0xF8, 0x01, 0xFE, 0x00, 0xFF, 0xC0, 0x3C, 0xF0, 0x1F, 0x3E, 0x07, 0x8F, 0x81, 0xE1, 0xE0,
    0xFF, 0xFC, 0x3F, 0xFF, 0x1F, 0xFF, 0xE7, 0xFF, 0xF9, 0xF0, 0x3E, 0xF8, 0x07, 0xFE, 0x01, 0xF0,
    0x00, 0x00, 0x03, 0x80, 0x01, 0xE0, 0x00, 0x78, 0x00, 0x1E, 0x00, 0x00, 0x00, 0x1F, 0x81, 0xFF,
    0x0F, 0xFC, 0x7F, 0xE0, 0x0F, 0x01, 0x7C, 0xFF, 0xEF, 0xFF, 0x7F, 0xFB, 0xC7, 0xDE, 0x3E, 0xFF,
    0xF7, 0xFF, 0x9F, 0xFC, 0x1E, 0x00, 0xE0, 0x07, 0x80, 0x3C, 0x01, 0xE0, 0x00, 0x00, 0x03, 0xE0,
    0x00, 0xFC, 0x00, 0x3F, 0x00, 0x03, 0xC0, 0x01, 0xE0, 0x00, 0x70, 0x00, 0x1E, 0x00, 0x0F, 0xC0,
    0x03, 0xF0, 0x01, 0xFE, 0x00, 0x7F, 0x80, 0x1F, 0xE0, 0x0F, 0xFC, 0x03, 0xCF, 0x01, 0xF3, 0xE0,
    0x78, 0xF8, 0x1E, 0x1E, 0x0F, 0xFF, 0xC3, 0xFF, 0xF1, 0xFF, 0xFE, 0x7F, 0xFF, 0x9F, 0x03, 0xEF,
    0x80, 0x7F, 0xE0, 0x1F, 0x0F, 0x80, 0x7E, 0x03, 0xF0, 0x07, 0x80, 0x78, 0x03, 0x80, 0x7E, 0x07,
    0xFC, 0x3F, 0xF1, 0xFF, 0x80, 0x3C, 0x05, 0xF3, 0xFF, 0xBF, 0xFD, 0xFF, 0xEF, 0x1F, 0x78, 0xFB,
    0xFF, 0xDF, 0xFE, 0x7F, 0xF0, 0x78, 0x00, 0x00, 0x03, 0x00, 0x01, 0xE0, 0x00, 0xF8, 0x03, 0x7C,
    0x01, 0xFE, 0x00, 0xFF, 0x00, 0x7F, 0x80, 0x1C, 0xE0, 0x02, 0x10, 0x00, 0x78, 0x00, 0x3F, 0x00,
    0x0F, 0xC0, 0x07, 0xF8, 0x01, 0xFE, 0x00, 0x7F, 0x80, 0x3F, 0xF0, 0x0F, 0x3C, 0x07, 0xCF, 0x81,
    0xE3, 0xE0, 0x78, 0x78, 0x3F, 0xFF, 0x0F, 0xFF, 0xC7, 0xFF, 0xF9, 0xFF, 0xFE, 0x7C, 0x0F, 0xBE,
    0x01, 0xFF, 0x80, 0x7C, 0x00, 0x08, 0x00, 0x3C, 0x00, 0xF8, 0x13, 0xE0, 0x77, 0x81, 0xF4, 0x07,
    0xF0, 0x0E, 0xE0, 0x08, 0xC0, 0x3F, 0x00, 0xFF, 0x81, 0xFF, 0x83, 0xFF, 0x00, 0x1E, 0x00, 0xBE,
    0x1F, 0xFC, 0x7F, 0xF8, 0xFF, 0xF1, 0xE3, 0xE3, 0xC7, 0xC7, 0xFF, 0x8F, 0xFF, 0x0F, 0xFE, 0x03,
    0xC0, 0x00, 0x00, 0x00, 0x0C, 0x00, 0x07, 0x80, 0x01, 0xF0, 0x00, 0xFE, 0x00, 0x7F, 0x00, 0x3F,
    0x00, 0x1F, 0xE0, 0x07, 0x38, 0x00, 0x84, 0x00, 0x1E, 0x00, 0x0F, 0xC0, 0x03, 0xF0, 0x01, 0xFE,
    0x00, 0x7F, 0x80, 0x1F, 0xE0, 0x0F, 0xFC, 0x03, 0xCF, 0x01, 0xF3, 0xE0, 0x78, 0xF8, 0x1E, 0x1E,
    0x0F, 0xFF, 0xC3, 0xFF, 0xF1, 0xFF, 0xFE, 0x7F, 0xFF, 0x9F, 0x03, 0xEF, 0x80, 0x7F, 0xE0, 0x1F,
    0x00, 0x00, 0x06, 0x00, 0x78, 0x03, 0xE0, 0x2F, 0x83, 0xBC, 0x3E, 0x43, 0xF8, 0x1D, 0xC0, 0x46,
    0x07, 0xE0, 0x7F, 0xC3, 0xFF, 0x1F, 0xF8, 0x03, 0xC0, 0x5F, 0x3F, 0xFB, 0xFF, 0xDF, 0xFE, 0xF1,
    0xF7, 0x8F, 0xBF, 0xFD, 0xFF, 0xE7, 0xFF, 0x07, 0x80, 0x00, 0x3E, 0x00, 0x0F, 0xC0, 0x03, 0xF0,
    0x00, 0x3C, 0x00, 0xDE, 0x00, 0x7F, 0x00, 0x3F, 0x00, 0x1F, 0xE0, 0x07, 0x38, 0x00, 0x84, 0x00,
    0x1E, 0x00, 0x0F, 0xC0, 0x03, 0xF0, 0x01, 0xFE, 0x00, 0x7F, 0x80, 0x1F, 0xE0, 0x0F, 0xFC, 0x03,
    0xCF, 0x01, 0xF3, 0xE0, 0x78, 0xF8, 0x1E, 0x1E, 0x0F, 0xFF, 0xC3, 0xFF, 0xF1, 0xFF, 0xFE, 0x7F,
    0xFF, 0x9F, 0x03, 0xEF, 0x80, 0x7F, 0xE0, 0x1F, 0x00, 0x60, 0x03, 0xF0, 0x0F, 0xC0, 0x07, 0x02,
    0x3C, 0x1D, 0xE0, 0xFF, 0x07, 0xF0, 0x1D, 0xC0, 0x23, 0x01, 0xF8, 0x0F, 0xF8, 0x3F, 0xF0, 0xFF,
    0xC0, 0x0F, 0x00, 0xBE, 0x3F, 0xF9, 0xFF, 0xE7, 0xFF, 0x9E, 0x3E, 0x78, 0xF9, 0xFF, 0xE7, 0xFF,
    0x8F, 0xFE, 0x07, 0x80, 0x00, 0x00, 0x01, 0xF6, 0x00, 0x7F, 0xC0, 0x3F, 0xE0, 0x06, 0x70, 0x00,
    0x30, 0x00, 0x1E, 0x00, 0x0F, 0xC0, 0x07, 0xF8, 0x01, 0xCE, 0x00, 0x21, 0x00, 0x07, 0x80, 0x03,
    0xF0, 0x00, 0xFC, 0x00, 0x7F, 0x80, 0x1F, 0xE0, 0x07, 0xF8, 0x03, 0xFF, 0x00, 0xF3, 0xC0, 0x7C,
    0xF8, 0x1E, 0x3E, 0x07, 0x87, 0x83, 0xFF, 0xF0, 0xFF, 0xFC, 0x7F, 0xFF, 0x9F, 0xFF, 0xE7, 0xC0,
    0xFB, 0xE0, 0x1F, 0xF8, 0x07, 0xC0, 0x1E, 0x61, 0xFF, 0x0F, 0xF8, 0x77, 0x80, 0x20, 0x03, 0x80,
    0x3E, 0x03, 0xF8, 0x1D, 0xC0, 0x46, 0x07, 0xE0, 0x7F, 0xC3, 0xFF, 0x1F, 0xF8, 0x03, 0xC0, 0x5F,
    0x3F, 0xFB, 0xFF, 0xDF, 0xFE, 0xF1, 0xF7, 0x8F, 0xBF, 0xFD, 0xFF, 0xE7, 0xFF, 0x07, 0x80, 0x00,
    0xC0, 0x00, 0x78, 0x00, 0x3F, 0x00, 0x1F, 0xE0, 0x07, 0x38, 0x00, 0x84, 0x00, 0x1E, 0x00, 0x0F,
    0xC0, 0x03, 0xF0, 0x01, 0xFE, 0x00, 0x7F, 0x80, 0x1F, 0xE0, 0x0F, 0xFC, 0x03, 0xCF, 0x01, 0xF3,
    0xE0, 0x78, 0xF8, 0x1E, 0x1E, 0x0F, 0xFF, 0xC3, 0xFF, 0xF1, 0xFF, 0xFE, 0x7F, 0xFF, 0x9F, 0x03,
    0xEF, 0x80, 0x7F, 0xE0, 0x1F, 0x00, 0x00, 0x00, 0x38, 0x00, 0x1E, 0x00, 0x07, 0x80, 0x01, 0xE0,
    0x00, 0x00, 0x00, 0x02, 0x00, 0x38, 0x03, 0xE0, 0x3F, 0x81, 0xDC, 0x04, 0x60, 0x7E, 0x07, 0xFC,
    0x3F, 0xF1, 0xFF, 0x80, 0x3C, 0x05, 0xF3, 0xFF, 0xBF, 0xFD, 0xFF, 0xEF, 0x1F, 0x78, 0xFB, 0xFF,
    0xDF, 0xFE, 0x7F, 0xF0, 0x78, 0x03, 0x80, 0x1E, 0x00, 0xF0, 0x07, 0x80, 0x00, 0x00, 0x00, 0x00,
    0x00, 0x0C, 0x00, 0x07, 0x80, 0x03, 0xE0, 0x01, 0xF0, 0x00, 0x38, 0x00, 0x77, 0xC0, 0x1F, 0xE0,
    0x07, 0xF8, 0x00, 0xFC, 0x00, 0x0C, 0x00, 0x07, 0x80, 0x03, 0xF0, 0x00, 0xFC, 0x00, 0x7F, 0x80,
    0x1F, 0xE0, 0x07, 0xF8, 0x03, 0xFF, 0x00, 0xF3, 0xC0, 0x7C, 0xF8, 0x1E, 0x3E, 0x07, 0x87, 0x83,
    0xFF, 0xF0, 0xFF, 0xFC, 0x7F, 0xFF, 0x9F, 0xFF, 0xE7, 0xC0, 0xFB, 0xE0, 0x1F, 0xF8, 0x07, 0xC0,
    0x00, 0xC0, 0x0F, 0x00, 0x78, 0x07, 0x80, 0x78, 0x01, 0x80, 0x73, 0x83, 0xFC, 0x1F, 0xE0, 0x7E,
    0x00, 0x00, 0x3F, 0x03, 0xFE, 0x1F, 0xF8, 0xFF, 0xC0, 0x1E, 0x02, 0xF9, 0xFF, 0xDF, 0xFE, 0xFF,
    0xF7, 0x8F, 0xBC, 0x7D, 0xFF, 0xEF, 0xFF, 0x3F, 0xF8, 0x3C, 0x00, 0x00, 0x00, 0x00, 0xC0, 0x00,
    0x78, 0x00, 0x1F, 0x00, 0x03, 0xE0, 0x00, 0x38, 0x00, 0x77, 0xC0, 0x1F, 0xE0, 0x07, 0xF8, 0x00,
    0xFC, 0x00, 0x0C, 0x00, 0x07, 0x80, 0x03, 0xF0, 0x00, 0xFC, 0x00, 0x7F, 0x80, 0x1F, 0xE0, 0x07,
    0xF8, 0x03, 0xFF, 0x00, 0xF3, 0xC0, 0x7C, 0xF8, 0x1E, 0x3E, 0x07, 0x87, 0x83, 0xFF, 0xF0, 0xFF,
    0xFC, 0x7F, 0xFF, 0x9F, 0xFF, 0xE7, 0xC0, 0xFB, 0xE0, 0x1F, 0xF8, 0x07, 0xC0, 0x00, 0x00, 0x60,
    0x07, 0x80, 0x3E, 0x00, 0xF8, 0x03, 0xC0, 0x73, 0x83, 0xFC, 0x1F, 0xE0, 0x7E, 0x00, 0x00, 0x3F,
    0x03, 0xFE, 0x1F, 0xF8, 0xFF, 0xC0, 0x1E, 0x02, 0xF9, 0xFF, 0xDF, 0xFE, 0xFF, 0xF7, 0x8F, 0xBC,
    0x7D, 0xFF, 0xEF, 0xFF, 0x3F, 0xF8, 0x3C, 0x00, 0x01, 0xC0, 0x00, 0xFC, 0x00, 0x3F, 0x00, 0x01,
    0xC0, 0x00, 0xF0, 0x00, 0x38, 0x00, 0x0C, 0x00, 0x1C, 0xF0, 0x07, 0xF8, 0x01, 0xFE, 0x00, 0x3F,
    0x00, 0x03, 0x00, 0x01, 0xE0, 0x00, 0xFC, 0x00, 0x3F, 0x00, 0x1F, 0xE0, 0x07, 0xF8, 0x01, 0xFE,
    0x00, 0xFF, 0xC0, 0x3C, 0xF0, 0x1F, 0x3E, 0x07, 0x8F, 0x81, 0xE1, 0xE0, 0xFF, 0xFC, 0x3F, 0xFF,
    0x1F, 0xFF, 0xE7, 0xFF, 0xF9, 0xF0, 0x3E, 0xF8, 0x07, 0xFE, 0x01, 0xF0, 0x00, 0x00, 0x7C, 0x03,
    0xF0, 0x1F, 0x80, 0x3C, 0x03, 0xC0, 0x1C, 0x03, 0x9C, 0x1F, 0xE0, 0xFF, 0x03, 0xF0, 0x00, 0x01,
    0xF8, 0x1F, 0xF0, 0xFF, 0xC7, 0xFE, 0x00, 0xF0, 0x17, 0xCF, 0xFE, 0xFF, 0xF7, 0xFF, 0xBC, 0x7D,
    0xE3, 0xEF, 0xFF, 0x7F, 0xF9, 0xFF, 0xC1, 0xE0, 0x03, 0x98, 0x01, 0xFF, 0x00, 0xFF, 0xC0, 0x1F,
    0xE0, 0x00, 0x00, 0x01, 0xCF, 0x00, 0x7F, 0x80, 0x1F, 0xE0, 0x03, 0xF0, 0x00, 0x30, 0x00, 0x1E,
    0x00, 0x0F, 0xC0, 0x03, 0xF0, 0x01, 0xFE, 0x00, 0x7F, 0x80, 0x1F, 0xE0, 0x0F, 0xFC, 0x03, 0xCF,
    0x01, 0xF3, 0xE0, 0x78, 0xF8, 0x1E, 0x1E, 0x0F, 0xFF, 0xC3, 0xFF, 0xF1, 0xFF, 0xFE, 0x7F, 0xFF,
    0x9F, 0x03, 0xEF, 0x80, 0x7F, 0xE0, 0x1F, 0x0E, 0x60, 0xFF, 0x8F, 0xF8, 0x37, 0x80, 0x00, 0x0E,
    0x70, 0x7F, 0x83, 0xFC, 0x0F, 0xC0, 0x00, 0x07, 0xE0, 0x7F, 0xC3, 0xFF, 0x1F, 0xF8, 0x03, 0xC0,
    0x5F, 0x3F, 0xFB, 0xFF, 0xDF, 0xFE, 0xF1, 0xF7, 0x8F, 0xBF, 0xFD, 0xFF, 0xE7, 0xFF, 0x07, 0x80,
    0x07, 0x3C, 0x01, 0xFE, 0x00, 0x7F, 0x80, 0x0F, 0xC0, 0x00, 0xC0, 0x00, 0x78, 0x00, 0x3F, 0x00,
    0x0F, 0xC0, 0x07, 0xF8, 0x01, 0xFE, 0x00, 0x7F, 0x80, 0x3F, 0xF0, 0x0F, 0x3C, 0x07, 0xCF, 0x81,
    0xE3, 0xE0, 0x78, 0x78, 0x3F, 0xFF, 0x0F, 0xFF, 0xC7, 0xFF, 0xF9, 0xFF, 0xFE, 0x7C, 0x0F, 0xBE,
    0x01, 0xFF, 0x80, 0x7C, 0x00, 0x00, 0x00, 0xE0, 0x00, 0x78, 0x00, 0x1E, 0x00, 0x07, 0x80, 0x00,
    0x00, 0x00, 0x00, 0x00, 0xE7, 0x07, 0xF8, 0x3F, 0xC0, 0xFC, 0x00, 0x00, 0x7E, 0x07, 0xFC, 0x3F,
    0xF1, 0xFF, 0x80, 0x3C, 0x05, 0xF3, 0xFF, 0xBF, 0xFD, 0xFF, 0xEF, 0x1F, 0x78, 0xFB, 0xFF, 0xDF,
    0xFE, 0x7F, 0xF0, 0x78, 0x03, 0x80, 0x1E, 0x00, 0xF0, 0x07, 0x80, 0x00, 0x00, 0xFF, 0xF7, 0xFF,
    0xBF, 0xFD, 0xFF, 0xEF, 0x00, 0x78, 0x03, 0xC0, 0x1F, 0xFC, 0xFF, 0xE7, 0xFF, 0x3F, 0xF9, 0xE0,
    0x0F, 0x00, 0x78, 0x03, 0xFF, 0xDF, 0xFF, 0xFF, 0xFF, 0xFF, 0xC0, 0x00, 0x1C, 0x01, 0xF0, 0x0F,
    0x80, 0x3C, 0x00, 0x80, 0x0F, 0x81, 0xFF, 0x1F, 0xF8, 0xFF, 0xEF, 0x8F, 0x78, 0x7F, 0xFF, 0xFF,
    0xFF, 0xFF, 0xFF, 0xC0, 0x3F, 0x08, 0xFF, 0xE7, 0xFF, 0x0F, 0xF8, 0x1F, 0x00, 0xE0, 0x0F, 0x00,
    0x7C, 0x03, 0xC0, 0x04, 0x00, 0x1F, 0x00, 0xF8, 0x07, 0xE0, 0x0F, 0x00, 0xF0, 0x07, 0x03, 0xFF,
    0xDF, 0xFE, 0xFF, 0xF7, 0xFF, 0xBC, 0x01, 0xE0, 0x0F, 0x00, 0x7F, 0xF3, 0xFF, 0x9F, 0xFC, 0xFF,
    0xE7, 0x80, 0x3C, 0x01, 0xE0, 0x0F, 0xFF, 0x7F, 0xFF, 0xFF, 0xFF, 0xFF, 0x1F, 0x00, 0xFC, 0x07,
    0xE0, 0x07, 0x00, 0x78, 0x03, 0x80, 0x3E, 0x07, 0xFC, 0x7F, 0xE3, 0xFF, 0xBE, 0x3D, 0xE1, 0xFF,
    0xFF, 0xFF, 0xFF, 0xFF, 0xFF, 0x00, 0xFC, 0x23, 0xFF, 0x9F, 0xFC, 0x3F, 0xE0, 0x7C, 0x00, 0x00,
    0x01, 0xEE, 0x1F, 0xF0, 0xFF, 0x82, 0x78, 0x00, 0x03, 0xFF, 0xDF, 0xFE, 0xFF, 0xF7, 0xFF, 0xBC,
    0x01, 0xE0, 0x0F, 0x00, 0x7F, 0xF3, 0xFF, 0x9F, 0xFC, 0xFF, 0xE7, 0x80, 0x3C, 0x01, 0xE0, 0x0F,
    0xFF, 0x7F, 0xFF, 0xFF, 0xFF, 0xFF, 0x1E, 0xC1, 0xFF, 0x1F, 0xF8, 0x67, 0x80, 0x00, 0x07, 0xC0,
    0xFF, 0x8F, 0xFC, 0x7F, 0xF7, 0xC7, 0xBC, 0x3F, 0xFF, 0xFF, 0xFF, 0xFF, 0xFF, 0xE0, 0x1F, 0x84,
    0x7F, 0xF3, 0xFF, 0x87, 0xFC, 0x0F, 0x80, 0x00, 0x00, 0x00, 0x60, 0x03, 0xC0, 0x1F, 0x06, 0xF8,
    0x3F, 0xC1, 0xFC, 0x0F, 0xF0, 0x39, 0xC0, 0x42, 0x0F, 0xFF, 0x3F, 0xFC, 0xFF, 0xF3, 0xFF, 0xCF,
    0x00, 0x3C, 0x00, 0xF0, 0x03, 0xFF, 0x8F, 0xFE, 0x3F, 0xF8, 0xFF, 0xE3, 0xC0, 0x0F, 0x00, 0x3C,
    0x00, 0xFF, 0xF3, 0xFF, 0xEF, 0xFF, 0xBF, 0xFE, 0x00, 0x18, 0x00, 0x38, 0x00, 0xF0, 0x13, 0xE0,
    0x7F, 0x03, 0xFC, 0x0F, 0xF0, 0x1E, 0xE0, 0x10, 0x80, 0x1F, 0x00, 0xFF, 0x83, 0xFF, 0x07, 0xFF,
    0x1F, 0x1E, 0x3C, 0x3E, 0x7F, 0xFC, 0xFF, 0xF9, 0xFF, 0xF3, 0xE0, 0x07, 0xE1, 0x07, 0xFF, 0x0F,
    0xFE, 0x07, 0xFC, 0x03, 0xE0, 0x00, 0x00, 0x0C, 0x00, 0xF0, 0x07, 0xC0, 0x7F, 0x07, 0xF0, 0x7F,
    0x07, 0xF8, 0x39, 0xC0, 0x84, 0x3F, 0xFD, 0xFF, 0xEF, 0xFF, 0x7F, 0xFB, 0xC0, 0x1E, 0x00, 0xF0,
    0x07, 0xFF, 0x3F, 0xF9, 0xFF, 0xCF, 0xFE, 0x78, 0x03, 0xC0, 0x1E, 0x00, 0xFF, 0xF7, 0xFF, 0xFF,
    0xFF, 0xFF, 0xF0, 0x00, 0xC0, 0x0F, 0x00, 0x7C, 0x05, 0xF0, 0x77, 0x8F, 0xD8, 0xFF, 0x07, 0xB8,
    0x10, 0x80, 0x7C, 0x0F, 0xF8, 0xFF, 0xC7, 0xFF, 0x7C, 0x7B, 0xC3, 0xFF, 0xFF, 0xFF, 0xFF, 0xFF,
    0xFE, 0x01, 0xF8, 0x47, 0xFF, 0x3F, 0xF8, 0x7F, 0xC0, 0xF8, 0x00, 0xF0, 0x07, 0xE0, 0x0F, 0xC0,
    0x0F, 0x06, 0x78, 0x3D, 0xC1, 0xF8, 0x0F, 0xF0, 0x39, 0xC0, 0x42, 0x0F, 0xFF, 0x3F, 0xFC, 0xFF,
    0xF3, 0xFF, 0xCF, 0x00, 0x3C, 0x00, 0xF0, 0x03, 0xFF, 0x8F, 0xFE, 0x3F, 0xF8, 0xFF, 0xE3, 0xC0,
    0x0F, 0x00, 0x3C, 0x00, 0xFF, 0xF3, 0xFF, 0xEF, 0xFF, 0xBF, 0xFE, 0x00, 0xF8, 0x03, 0xF0, 0x0F,
    0xC0, 0x8F, 0x07, 0x78, 0x7F, 0xC3, 0xFC, 0x0F, 0x70, 0x10, 0x80, 0x3E, 0x03, 0xFE, 0x1F, 0xF8,
    0x7F, 0xF3, 0xE3, 0xCF, 0x0F, 0xBF, 0xFE, 0xFF, 0xFB, 0xFF, 0xEF, 0x80, 0x3F, 0x08, 0x7F, 0xF1,
    0xFF, 0xC1, 0xFF, 0x01, 0xF0, 0x00, 0x01, 0xFF, 0x0F, 0xF8, 0xFF, 0x83, 0x38, 0x03, 0x00, 0x3C,
    0x03, 0xF0, 0x3F, 0xC1, 0xCE, 0x04, 0x21, 0xFF, 0xEF, 0xFF, 0x7F, 0xFB, 0xFF, 0xDE, 0x00, 0xF0,
    0x07, 0x80, 0x3F, 0xF9, 0xFF, 0xCF, 0xFE, 0x7F, 0xF3, 0xC0, 0x1E, 0x00, 0xF0, 0x07, 0xFF, 0xBF,
    0xFF, 0xFF, 0xFF, 0xFF, 0x80, 0x1E, 0xC1, 0xFF, 0x0F, 0xF8, 0x6F, 0x80, 0x20, 0x03, 0x80, 0x7E,
    0x07, 0xF8, 0x3D, 0xC0, 0x84, 0x03, 0xE0, 0x7F, 0xC7, 0xFE, 0x3F, 0xFB, 0xE3, 0xDE, 0x1F, 0xFF,
    0xFF, 0xFF, 0xFF, 0xFF, 0xF0, 0x0F, 0xC2, 0x3F, 0xF9, 0xFF, 0xC3, 0xFE, 0x07, 0xC0, 0x06, 0x00,
    0x78, 0x07, 0xE0, 0x7F, 0x83, 0x9C, 0x08, 0x43, 0xFF, 0xDF, 0xFE, 0xFF, 0xF7, 0xFF, 0xBC, 0x01,
    0xE0, 0x0F, 0x00, 0x7F, 0xF3, 0xFF, 0x9F, 0xFC, 0xFF, 0xE7, 0x80, 0x3C, 0x01, 0xE0, 0x0F, 0xFF,
    0x7F, 0xFF, 0xFF, 0xFF, 0xFF, 0x00, 0x00, 0x70, 0x07, 0xC0, 0x3E, 0x00, 0xF0, 0x02, 0x00, 0x02,
    0x00, 0x38, 0x07, 0xE0, 0x7F, 0x83, 0xDC, 0x08, 0x40, 0x3E, 0x07, 0xFC, 0x7F, 0xE3, 0xFF, 0xBE,
    0x3D, 0xE1, 0xFF, 0xFF, 0xFF, 0xFF, 0xFF, 0xFF, 0x00, 0xFC, 0x23, 0xFF, 0x9F, 0xFC, 0x3F, 0xE0,
    0x7C, 0x03, 0x80, 0x3C, 0x01, 0xF0, 0x0F, 0x00, 0x10, 0x00, 0xFB, 0xFF, 0xCF, 0x79, 0xC7, 0x9E,
    0x79, 0xE7, 0x9E, 0x79, 0xE7, 0x9E, 0x79, 0xE7, 0x9E, 0x79, 0xE7, 0x9E, 0x78, 0xF9, 0xF8, 0xF3,
    0xC7, 0x0E, 0x3E, 0x7C, 0xF9, 0xF3, 0xE7, 0xCF, 0x9F, 0x3E, 0x7C, 0xF9, 0xF3, 0xE0, 0x7B, 0xDE,
    0xF7, 0xBD, 0xEF, 0x7B, 0xDE, 0xF7, 0xBD, 0xEF, 0x7B, 0xC0, 0xE7, 0xBD, 0xE0, 0x03, 0xFF, 0xFF,
    0x91, 0xDF, 0xFF, 0xFF, 0xFF, 0xFF, 0xFF, 0xFF, 0xFF, 0xF0, 0x3B, 0xFF, 0x79, 0x00, 0x03, 0xF0,
    0x03, 0xFF, 0x03, 0xFF, 0xE0, 0xFF, 0xFC, 0x7E, 0x1F, 0x9F, 0x03, 0xEF, 0x80, 0x7F, 0xE0, 0x1F,
    0xF8, 0x07, 0xFE, 0x01, 0xFF, 0x80, 0x7F, 0xE0, 0x1F, 0xF8, 0x0F, 0x9F, 0x03, 0xE7, 0xF7, 0xF8,
    0xFF, 0xFC, 0x1F, 0xFE, 0x03, 0xFF, 0x00, 0x1E, 0x00, 0x07, 0x00, 0x01, 0xE0, 0x00, 0x78, 0x00,
    0x1E, 0x00, 0x02, 0x00, 0x0F, 0x80, 0xFF, 0x87, 0xFF, 0x1F, 0xFC, 0xF8, 0xFB, 0xE1, 0xEF, 0x07,
    0xBC, 0x1E, 0xF0, 0x7B, 0xE3, 0xEF, 0xCF, 0x9F, 0xFC, 0x3F, 0xF0, 0x7F, 0x80, 0x70, 0x01, 0xC0,
    0x0F, 0x80, 0x3E, 0x00, 0x78, 0x00, 0x80, 0x03, 0xE0, 0x00, 0xFC, 0x00, 0x3F, 0x00, 0x03, 0xC0,
    0x01, 0xE0, 0x00, 0x70, 0x00, 0x3F, 0x00, 0x3F, 0xF0, 0x3F, 0xFE, 0x0F, 0xFF, 0xC7, 0xE1, 0xF9,
    0xF0, 0x3E, 0xF8, 0x07, 0xFE, 0x01, 0xFF, 0x80, 0x7F, 0xE0, 0x1F, 0xF8, 0x07, 0xFE, 0x01, 0xFF,
    0x80, 0xF9, 0xF0, 0x3E, 0x7F, 0x7F, 0x8F, 0xFF, 0xC1, 0xFF, 0xE0, 0x3F, 0xF0, 0x01, 0xE0, 0x00,
    0x0F, 0x00, 0x3E, 0x00, 0xFC, 0x00, 0xF0, 0x07, 0x80, 0x1C, 0x00, 0xF8, 0x0F, 0xF8, 0x7F, 0xF1,
    0xFF, 0xCF, 0x8F, 0xBE, 0x1E, 0xF0, 0x7B, 0xC1, 0xEF, 0x07, 0xBE, 0x3E, 0xFC, 0xF9, 0xFF, 0xC3,
    0xFF, 0x07, 0xF8, 0x07, 0x00, 0x00, 0x00, 0x00, 0x00, 0xC0, 0x00, 0x78, 0x00, 0x3E, 0x00, 0xDF,
    0x00, 0x7F, 0x00, 0x3F, 0x00, 0x1F, 0xE0, 0x07, 0x38, 0x00, 0x84, 0x00, 0x3F, 0x00, 0x3F, 0xF0,
    0x3F, 0xFE, 0x0F, 0xFF, 0xC7, 0xE1, 0xF9, 0xF0, 0x3E, 0xF8, 0x07, 0xFE, 0x01, 0xFF, 0x80, 0x7F,
    0xE0, 0x1F, 0xF8, 0x07, 0xFE, 0x01, 0xFF, 0x80, 0xF9, 0xF0, 0x3E, 0x7F, 0x7F, 0x8F, 0xFF, 0xC1,
    0xFF, 0xE0, 0x3F, 0xF0, 0x01, 0xE0, 0x00, 0x00, 0x18, 0x00, 0x38, 0x00, 0xF8, 0x13, 0xE0, 0x77,
    0x01, 0xF4, 0x07, 0xF8, 0x0E, 0xE0, 0x08, 0xC0, 0x1F, 0x00, 0xFF, 0x83, 0xFF, 0x87, 0xFF, 0x1F,
    0x1F, 0x3E, 0x1E, 0x78, 0x3C, 0xF0, 0x79, 0xE0, 0xF3, 0xE3, 0xE7, 0xE7, 0xC7, 0xFF, 0x07, 0xFE,
    0x07, 0xF8, 0x03, 0x80, 0x00, 0x00, 0x00, 0x1C, 0x00, 0x07, 0x80, 0x01, 0xF0, 0x00, 0xFE, 0x00,
    0x7B, 0x00, 0x3F, 0x00, 0x1F, 0xE0, 0x07, 0x38, 0x00, 0x84, 0x00, 0x3F, 0x00, 0x3F, 0xF0, 0x3F,
    0xFE, 0x0F, 0xFF, 0xC7, 0xE1, 0xF9, 0xF0, 0x3E, 0xF8, 0x07, 0xFE, 0x01, 0xFF, 0x80, 0x7F, 0xE0,
    0x1F, 0xF8, 0x07, 0xFE, 0x01, 0xFF, 0x80, 0xF9, 0xF0, 0x3E, 0x7F, 0x7F, 0x8F, 0xFF, 0xC1, 0xFF,
    0xE0, 0x3F, 0xF0, 0x01, 0xE0, 0x00, 0x00, 0x80, 0x07, 0x00, 0x3E, 0x00, 0x7C, 0x02, 0xF0, 0x1D,
    0xC0, 0xF8, 0x07, 0xF8, 0x1D, 0xC0, 0x23, 0x00, 0xF8, 0x0F, 0xF8, 0x7F, 0xF1, 0xFF, 0xCF, 0x8F,
    0xBE, 0x1E, 0xF0, 0x7B, 0xC1, 0xEF, 0x07, 0xBE, 0x3E, 0xFC, 0xF9, 0xFF, 0xC3, 0xFF, 0x07, 0xF8,
    0x07, 0x00, 0x00, 0x3E, 0x00, 0x0F, 0xC0, 0x03, 0xF0, 0x00, 0x3C, 0x00, 0xDE, 0x00, 0x7B, 0x80,
    0x3F, 0x00, 0x1F, 0xE0, 0x07, 0x38, 0x00, 0x84, 0x00, 0x3F, 0x00, 0x3F, 0xF0, 0x3F, 0xFE, 0x0F,
    0xFF, 0xC7, 0xE1, 0xF9, 0xF0, 0x3E, 0xF8, 0x07, 0xFE, 0x01, 0xFF, 0x80, 0x7F, 0xE0, 0x1F, 0xF8,
    0x07, 0xFE, 0x01, 0xFF, 0x80, 0xF9, 0xF0, 0x3E, 0x7F, 0x7F, 0x8F, 0xFF, 0xC1, 0xFF, 0xE0, 0x3F,
    0xF0, 0x01, 0xE0, 0x00, 0x00, 0x60, 0x03, 0xE0, 0x0F, 0xC0, 0x07, 0x02, 0x3C, 0x1D, 0xE0, 0xFF,
    0x07, 0xF8, 0x1D, 0xC0, 0x23, 0x00, 0xF8, 0x0F, 0xF8, 0x7F, 0xF1, 0xFF, 0xCF, 0x8F, 0xBE, 0x1E,
    0xF0, 0x7B, 0xC1, 0xEF, 0x07, 0xBE, 0x3E, 0xFC, 0xF9, 0xFF, 0xC3, 0xFF, 0x07, 0xF8, 0x07, 0x00,
    0x00, 0x00, 0x01, 0xFF, 0x00, 0xFF, 0xC0, 0x3F, 0xE0, 0x06, 0x70, 0x00, 0x30, 0x00, 0x1E, 0x00,
    0x0F, 0xC0, 0x07, 0xF8, 0x01, 0xCE, 0x00, 0x21, 0x00, 0x0F, 0xC0, 0x0F, 0xFC, 0x0F, 0xFF, 0x83,
    0xFF, 0xF1, 0xF8, 0x7E, 0x7C, 0x0F, 0xBE, 0x01, 0xFF, 0x80, 0x7F, 0xE0, 0x1F, 0xF8, 0x07, 0xFE,
    0x01, 0xFF, 0x80, 0x7F, 0xE0, 0x3E, 0x7C, 0x0F, 0x9F, 0xDF, 0xE3, 0xFF, 0xF0, 0x7F, 0xF8, 0x0F,
    0xFC, 0x00, 0x78, 0x00, 0x1E, 0x60, 0xFF, 0x83, 0xFE, 0x0E, 0xF0, 0x02, 0x00, 0x1C, 0x00, 0xF8,
    0x07, 0xF8, 0x1D, 0xC0, 0x23, 0x00, 0xF8, 0x0F, 0xF8, 0x7F, 0xF1, 0xFF, 0xCF, 0x8F, 0xBE, 0x1E,
    0xF0, 0x7B, 0xC1, 0xEF, 0x07, 0xBE, 0x3E, 0xFC, 0xF9, 0xFF, 0xC3, 0xFF, 0x07, 0xF8, 0x07, 0x00,
    0x00, 0xC0, 0x00, 0x78, 0x00, 0x3F, 0x00, 0x1F, 0xE0, 0x07, 0x38, 0x00, 0x84, 0x00, 0x3F, 0x00,
    0x3F, 0xF0, 0x3F, 0xFE, 0x0F, 0xFF, 0xC7, 0xE1, 0xF9, 0xF0, 0x3E, 0xF8, 0x07, 0xFE, 0x01, 0xFF,
    0x80, 0x7F, 0xE0, 0x1F, 0xF8, 0x07, 0xFE, 0x01, 0xFF, 0x80, 0xF9, 0xF0, 0x3E, 0x7F, 0x7F, 0x8F,
    0xFF, 0xC1, 0xFF, 0xE0, 0x3F, 0xF0, 0x01, 0xE0, 0x00, 0x70, 0x00, 0x1E, 0x00, 0x07, 0x80, 0x01,
    0xE0, 0x00, 0x20, 0x00, 0x02, 0x00, 0x1C, 0x00, 0xF8, 0x07, 0xF8, 0x1D, 0xC0, 0x23, 0x00, 0xF8,
    0x0F, 0xF8, 0x7F, 0xF1, 0xFF, 0xCF, 0x8F, 0xBE, 0x1E, 0xF0, 0x7B, 0xC1, 0xEF, 0x07, 0xBE, 0x3E,
    0xFC, 0xF9, 0xFF, 0xC3, 0xFF, 0x07, 0xF8, 0x07, 0x00, 0x1C, 0x00, 0xF8, 0x03, 0xE0, 0x07, 0x80,
    0x08, 0x00, 0x00, 0x60, 0x00, 0x3C, 0x00, 0x1F, 0x00, 0x0F, 0x80, 0x03, 0xC3, 0xC0, 0x40, 0xF0,
    0x3F, 0x7C, 0x3F, 0xFE, 0x3F, 0xFF, 0x8F, 0xFF, 0xC7, 0xE1, 0xF9, 0xF0, 0x3E, 0xF8, 0x07, 0xFE,
    0x01, 0xFF, 0x80, 0x7F, 0xE0, 0x1F, 0xF8, 0x07, 0xFE, 0x01, 0xFF, 0x80, 0xF9, 0xF0, 0x3E, 0x7F,
    0x7F, 0x8F, 0xFF, 0xC1, 0xFF, 0xE0, 0x3F, 0xF0, 0x01, 0xE0, 0x00, 0x01, 0x00, 0x07, 0x80, 0x1F,
    0x00, 0x7C, 0x00, 0xE3, 0xC0, 0x87, 0x83, 0xEF, 0x1F, 0xFE, 0x7F, 0xFC, 0xFF, 0xF3, 0xE3, 0xE7,
    0xC3, 0xCF, 0x07, 0x9E, 0x0F, 0x3C, 0x1E, 0x7C, 0x7C, 0xFC, 0xF8, 0xFF, 0xE0, 0xFF, 0xC0, 0xFF,
    0x00, 0x70, 0x00, 0x01, 0x80, 0x00, 0xF0, 0x00, 0x3E, 0x00, 0x07, 0xC0, 0x00, 0xF3, 0xC0, 0x18,
    0xF0, 0x3F, 0x7C, 0x3F, 0xFE, 0x3F, 0xFF, 0x8F, 0xFF, 0xC7, 0xE1, 0xF9, 0xF0, 0x3E, 0xF8, 0x07,
    0xFE, 0x01, 0xFF, 0x80, 0x7F, 0xE0, 0x1F, 0xF8, 0x07, 0xFE, 0x01, 0xFF, 0x80, 0xF9, 0xF0, 0x3E,
    0x7F, 0x7F, 0x8F, 0xFF, 0xC1, 0xFF, 0xE0, 0x3F, 0xF0, 0x01, 0xE0, 0x00, 0x06, 0x00, 0x1E, 0x00,
    0x7C, 0x00, 0x3C, 0x00, 0x3B, 0xC0, 0x27, 0x83, 0xEF, 0x1F, 0xFE, 0x7F, 0xFC, 0xFF, 0xF3, 0xE3,
    0xE7, 0xC3, 0xCF, 0x07, 0x9E, 0x0F, 0x3C, 0x1E, 0x7C, 0x7C, 0xFC, 0xF8, 0xFF, 0xE0, 0xFF, 0xC0,
    0xFF, 0x00, 0x70, 0x00, 0x03, 0xE0, 0x00, 0xFC, 0x00, 0x3F, 0x00, 0x03, 0xC0, 0x01, 0xE3, 0xC0,
    0x70, 0xF0, 0x3F, 0x7C, 0x3F, 0xFE, 0x3F, 0xFF, 0x8F, 0xFF, 0xC7, 0xE1, 0xF9, 0xF0, 0x3E, 0xF8,
    0x07, 0xFE, 0x01, 0xFF, 0x80, 0x7F, 0xE0, 0x1F, 0xF8, 0x07, 0xFE, 0x01, 0xFF, 0x80, 0xF9, 0xF0,
    0x3E, 0x7F, 0x7F, 0x8F, 0xFF, 0xC1, 0xFF, 0xE0, 0x3F, 0xF0, 0x01, 0xE0, 0x00, 0x0F, 0x00, 0x1F,
    0x00, 0x3F, 0x00, 0x1E, 0x00, 0x7B, 0xC0, 0xE7, 0x83, 0xEF, 0x1F, 0xFE, 0x7F, 0xFC, 0xFF, 0xF3,
    0xE3, 0xE7, 0xC3, 0xCF, 0x07, 0x9E, 0x0F, 0x3C, 0x1E, 0x7C, 0x7C, 0xFC, 0xF8, 0xFF, 0xE0, 0xFF,
    0xC0, 0xFF, 0x00, 0x70, 0x00, 0x03, 0x98, 0x01, 0xFF, 0x00, 0xFF, 0x80, 0x1B, 0xCF, 0x00, 0x03,
    0xC0, 0xFD, 0xF0, 0xFF, 0xF8, 0xFF, 0xFE, 0x3F, 0xFF, 0x1F, 0x87, 0xE7, 0xC0, 0xFB, 0xE0, 0x1F,
    0xF8, 0x07, 0xFE, 0x01, 0xFF, 0x80, 0x7F, 0xE0, 0x1F, 0xF8, 0x07, 0xFE, 0x03, 0xE7, 0xC0, 0xF9,
    0xFD, 0xFE, 0x3F, 0xFF, 0x07, 0xFF, 0x80, 0xFF, 0xC0, 0x07, 0x80, 0x1E, 0x60, 0x7F, 0xC0, 0xFF,
    0x81, 0xDF, 0xE0, 0x03, 0xC1, 0xF7, 0x8F, 0xFF, 0x3F, 0xFE, 0x7F, 0xF9, 0xF1, 0xF3, 0xE1, 0xE7,
    0x83, 0xCF, 0x07, 0x9E, 0x0F, 0x3E, 0x3E, 0x7E, 0x7C, 0x7F, 0xF0, 0x7F, 0xE0, 0x7F, 0x80, 0x38,
    0x00, 0x00, 0x00, 0x00, 0x00, 0xF0, 0x00, 0x3C, 0x0F, 0xDF, 0x0F, 0xFF, 0x8F, 0xFF, 0xE3, 0xFF,
    0xF1, 0xF8, 0x7E, 0x7C, 0x0F, 0xBE, 0x01, 0xFF, 0x80, 0x7F, 0xE0, 0x1F, 0xF8, 0x07, 0xFE, 0x01,
    0xFF, 0x80, 0x7F, 0xE0, 0x3E, 0x7C, 0x0F, 0x9F, 0xDF, 0xE3, 0xFF, 0xF0, 0x7F, 0xF8, 0x0F, 0xFC,
    0x00, 0x78, 0x00, 0x1C, 0x00, 0x07, 0x80, 0x01, 0xE0, 0x00, 0x78, 0x00, 0x08, 0x00, 0x00, 0x3C,
    0x00, 0x78, 0x3E, 0xF1, 0xFF, 0xE7, 0xFF, 0xCF, 0xFF, 0x3E, 0x3E, 0x7C, 0x3C, 0xF0, 0x79, 0xE0,
    0xF3, 0xC1, 0xE7, 0xC7, 0xCF, 0xCF, 0x8F, 0xFE, 0x0F, 0xFC, 0x0F, 0xF0, 0x07, 0x00, 0x0E, 0x00,
    0x3E, 0x00, 0x7C, 0x00, 0x78, 0x00, 0x40, 0x00, 0x78, 0x1F, 0xF0, 0x3F, 0xE0, 0x7F, 0xC0, 0xFF,
    0x81, 0xFF, 0x03, 0xFE, 0x07, 0xFC, 0x0F, 0xF8, 0x1F, 0xF0, 0x3F, 0xE0, 0x7F, 0xC0, 0xFF, 0x81,
    0xEF, 0x87, 0xDF, 0xBF, 0xBF, 0xFE, 0x3F, 0xFC, 0x3F, 0xE0, 0x0F, 0x00, 0x1C, 0x00, 0x3C, 0x00,
    0x78, 0x00, 0xF0, 0x00, 0x80, 0x70, 0x7F, 0x8F, 0xF8, 0xFF, 0x8F, 0xF8, 0xFF, 0x8F, 0xF8, 0xFF,
    0x8F, 0xF8, 0xFF, 0x8F, 0xFC, 0xF7, 0xFF, 0x7F, 0xF3, 0xFF, 0x07, 0x80, 0x70, 0x0F, 0x80, 0xF8,
    0x0F, 0x00, 0x20, 0x07, 0xC0, 0x0F, 0xC0, 0x1F, 0x80, 0x0F, 0x00, 0x3C, 0x00, 0x70, 0x1E, 0x07,
    0xFC, 0x0F, 0xF8, 0x1F, 0xF0, 0x3F, 0xE0, 0x7F, 0xC0, 0xFF, 0x81, 0xFF, 0x03, 0xFE, 0x07, 0xFC,
    0x0F, 0xF8, 0x1F, 0xF0, 0x3F, 0xE0, 0x7B, 0xE1, 0xF7, 0xEF, 0xEF, 0xFF, 0x8F, 0xFF, 0x0F, 0xF8,
    0x03, 0xC0, 0x1F, 0x01, 0xF8, 0x0F, 0xC0, 0x38, 0x07, 0x80, 0x70, 0x70, 0x7F, 0x8F, 0xF8, 0xFF,
    0x8F, 0xF8, 0xFF, 0x8F, 0xF8, 0xFF, 0x8F, 0xF8, 0xFF, 0x8F, 0xFC, 0xF7, 0xFF, 0x7F, 0xF3, 0xFF,
    0x07, 0x80, 0x00, 0xC0, 0x00, 0x78, 0x00, 0x3E, 0x00, 0x1F, 0x00, 0x07, 0x83, 0xC0, 0xC0, 0xF7,
    0x81, 0xFF, 0xE0, 0x7F, 0xF8, 0x1F, 0xBE, 0x07, 0x8F, 0x81, 0xE3, 0xE0, 0x78, 0xF8, 0x1E, 0x3E,
    0x07, 0x8F, 0x81, 0xE3, 0xE0, 0x78, 0xF8, 0x1E, 0x3E, 0x07, 0x8F, 0x81, 0xE1, 0xF0, 0xF8, 0x7E,
    0xFE, 0x1F, 0xFF, 0x03, 0xFF, 0xC0, 0x7F, 0xC0, 0x03, 0xC0, 0x00, 0x03, 0x00, 0x0F, 0x00, 0x1F,
    0x00, 0x78, 0x00, 0xE1, 0xE0, 0x83, 0xDC, 0x1F, 0xFC, 0x7F, 0xF8, 0xFD, 0xF1, 0xE3, 0xE3, 0xC7,
    0xC7, 0x8F, 0x8F, 0x1F, 0x1E, 0x3E, 0x3C, 0x7C, 0x78, 0xFC, 0xF0, 0xFF, 0xE1, 0xFF, 0xC1, 0xFF,
    0x80, 0x78, 0x00, 0x06, 0x00, 0x03, 0xC0, 0x00, 0xF8, 0x00, 0x1F, 0x00, 0x01, 0xC3, 0xC0, 0x20,
    0xF7, 0x81, 0xFF, 0xE0, 0x7F, 0xF8, 0x1F, 0xBE, 0x07, 0x8F, 0x81, 0xE3, 0xE0, 0x78, 0xF8, 0x1E,
    0x3E, 0x07, 0x8F, 0x81, 0xE3, 0xE0, 0x78, 0xF8, 0x1E, 0x3E, 0x07, 0x8F, 0x81, 0xE1, 0xF0, 0xF8,
    0x7E, 0xFE, 0x1F, 0xFF, 0x03, 0xFF, 0xC0, 0x7F, 0xC0, 0x03, 0xC0, 0x00, 0x0C, 0x00, 0x3C, 0x00,
    0x7C, 0x00, 0x78, 0x00, 0x79, 0xE0, 0x43, 0xDC, 0x1F, 0xFC, 0x7F, 0xF8, 0xFD, 0xF1, 0xE3, 0xE3,
    0xC7, 0xC7, 0x8F, 0x8F, 0x1F, 0x1E, 0x3E, 0x3C, 0x7C, 0x78, 0xFC, 0xF0, 0xFF, 0xE1, 0xFF, 0xC1,
    0xFF, 0x80, 0x78, 0x00, 0x07, 0xC0, 0x01, 0xF8, 0x00, 0x7E, 0x00, 0x07, 0x80, 0x03, 0xC3, 0xC0,
    0xE0, 0xF7, 0x81, 0xFF, 0xE0, 0x7F, 0xF8, 0x1F, 0xBE, 0x07, 0x8F, 0x81, 0xE3, 0xE0, 0x78, 0xF8,
    0x1E, 0x3E, 0x07, 0x8F, 0x81, 0xE3, 0xE0, 0x78, 0xF8, 0x1E, 0x3E, 0x07, 0x8F, 0x81, 0xE1, 0xF0,
    0xF8, 0x7E, 0xFE, 0x1F, 0xFF, 0x03, 0xFF, 0xC0, 0x7F, 0xC0, 0x03, 0xC0, 0x00, 0x1F, 0x00, 0x3F,
    0x00, 0x3F, 0x00, 0x1C, 0x00, 0x79, 0xE0, 0xE3, 0xDC, 0x1F, 0xFC, 0x7F, 0xF8, 0xFD, 0xF1, 0xE3,
    0xE3, 0xC7, 0xC7, 0x8F, 0x8F, 0x1F, 0x1E, 0x3E, 0x3C, 0x7C, 0x78, 0xFC, 0xF0, 0xFF, 0xE1, 0xFF,
    0xC1, 0xFF, 0x80, 0x78, 0x00, 0x07, 0x30, 0x03, 0xFE, 0x01, 0xFF, 0x00, 0x37, 0x8F, 0x00, 0x03,
    0xDE, 0x07, 0xFF, 0x81, 0xFF, 0xE0, 0x7E, 0xF8, 0x1E, 0x3E, 0x07, 0x8F, 0x81, 0xE3, 0xE0, 0x78,
    0xF8, 0x1E, 0x3E, 0x07, 0x8F, 0x81, 0xE3, 0xE0, 0x78, 0xF8, 0x1E, 0x3E, 0x07, 0x87, 0xC3, 0xE1,
    0xFB, 0xF8, 0x7F, 0xFC, 0x0F, 0xFF, 0x01, 0xFF, 0x00, 0x0F, 0x00, 0x1E, 0xC0, 0x7F, 0xC0, 0xFF,
    0x81, 0x9E, 0xF0, 0x01, 0xEE, 0x0F, 0xFE, 0x3F, 0xFC, 0x7E, 0xF8, 0xF1, 0xF1, 0xE3, 0xE3, 0xC7,
    0xC7, 0x8F, 0x8F, 0x1F, 0x1E, 0x3E, 0x3C, 0x7E, 0x78, 0x7F, 0xF0, 0xFF, 0xE0, 0xFF, 0xC0, 0x3C,
    0x00, 0x00, 0x00, 0x00, 0x00, 0xF0, 0x00, 0x3D, 0xE0, 0x7F, 0xF8, 0x1F, 0xFE, 0x07, 0xEF, 0x81,
    0xE3, 0xE0, 0x78, 0xF8, 0x1E, 0x3E, 0x07, 0x8F, 0x81, 0xE3, 0xE0, 0x78, 0xF8, 0x1E, 0x3E, 0x07,
    0x8F, 0x81, 0xE3, 0xE0, 0x78, 0x7C, 0x3E, 0x1F, 0xBF, 0x87, 0xFF, 0xC0, 0xFF, 0xF0, 0x1F, 0xF0,
    0x00, 0xF0, 0x00, 0x38, 0x00, 0x0F, 0x00, 0x03, 0xC0, 0x00, 0xF0, 0x00, 0x10, 0x00, 0x00, 0x1E,
    0x00, 0x3D, 0xC1, 0xFF, 0xC7, 0xFF, 0x8F, 0xDF, 0x1E, 0x3E, 0x3C, 0x7C, 0x78, 0xF8, 0xF1, 0xF1,
    0xE3, 0xE3, 0xC7, 0xC7, 0x8F, 0xCF, 0x0F, 0xFE, 0x1F, 0xFC, 0x1F, 0xF8, 0x07, 0x80, 0x0E, 0x00,
    0x3E, 0x00, 0x7C, 0x00, 0xF0, 0x00, 0x40, 0x00, 0x03, 0x00, 0x03, 0xC0, 0x01, 0xF0, 0x00, 0x7C,
    0x00, 0x1E, 0x00, 0x06, 0x00, 0x00, 0x01, 0xF0, 0x3F, 0x7C, 0x1F, 0x3E, 0x1F, 0x0F, 0x8F, 0x87,
    0xCF, 0x81, 0xF7, 0xC0, 0xFF, 0xC0, 0x3F, 0xE0, 0x0F, 0xE0, 0x07, 0xE0, 0x01, 0xF0, 0x00, 0xF8,
    0x00, 0x7C, 0x00, 0x3E, 0x00, 0x1F, 0x00, 0x0F, 0x80, 0x07, 0xC0, 0x0C, 0x00, 0x78, 0x01, 0xF0,
    0x03, 0xE0, 0x07, 0x80, 0x0C, 0x00, 0x00, 0x3E, 0x1F, 0xF8, 0x79, 0xE1, 0xE7, 0xCF, 0x9F, 0x3C,
    0x3C, 0xF0, 0xFF, 0xC3, 0xFE, 0x07, 0xF8, 0x1F, 0xE0, 0x3F, 0x00, 0xFC, 0x01, 0xE0, 0x0F, 0x81,
    0x7C, 0x0F, 0xF0, 0x3F, 0x80, 0xFC, 0x00, 0xF8, 0x0F, 0x7C, 0x0F, 0x9F, 0x07, 0xCF, 0x87, 0xC3,
    0xE3, 0xE1, 0xF3, 0xE0, 0x7D, 0xF0, 0x1F, 0xF0, 0x0F, 0xF0, 0x03, 0xF8, 0x01, 0xF8, 0x00, 0x7C,
    0x00, 0x3E, 0x00, 0x1F, 0x00, 0x0F, 0x80, 0x07, 0xC0, 0x03, 0xE0, 0x01, 0xF0, 0x00, 0x00, 0x00,
    0x38, 0x00, 0x3C, 0x00, 0x1F, 0x00, 0x0F, 0x00, 0x01, 0x00, 0x70, 0x39, 0xF0, 0xFB, 0xE1, 0xE3,
    0xC7, 0xC7, 0xCF, 0x8F, 0x9E, 0x0F, 0x3C, 0x1F, 0xF8, 0x1F, 0xE0, 0x3F, 0xC0, 0x7F, 0x00, 0x7E,
    0x00, 0xFC, 0x00, 0xF0, 0x03, 0xE6, 0x7F, 0x9E, 0xFF, 0x3D, 0xFC, 0x7B, 0xE0, 0x60, 0x07, 0xC0,
    0x03, 0xF0, 0x00, 0xF8, 0x00, 0x1C, 0x00, 0x1C, 0x00, 0x0E, 0x03, 0xE0, 0x3D, 0xF0, 0x3E, 0x7C,
    0x1F, 0x3E, 0x1F, 0x0F, 0x8F, 0x87, 0xCF, 0x81, 0xF7, 0xC0, 0x7F, 0xC0, 0x3F, 0xC0, 0x0F, 0xE0,
    0x07, 0xE0, 0x01, 0xF0, 0x00, 0xF8, 0x00, 0x7C, 0x00, 0x3E, 0x00, 0x1F, 0x00, 0x0F, 0x80, 0x07,
    0xC0, 0x0F, 0x80, 0x3F, 0x00, 0xFC, 0x00, 0xF0, 0x07, 0x80, 0x1C, 0x07, 0x03, 0xBE, 0x1F, 0xF8,
    0x79, 0xE3, 0xE7, 0xCF, 0x9F, 0x3C, 0x3C, 0xF0, 0xFF, 0xC1, 0xFE, 0x07, 0xF8, 0x1F, 0xC0, 0x3F,
    0x00, 0xFC, 0x01, 0xE0, 0x0F, 0x83, 0xFC, 0x0F, 0xF0, 0x3F, 0x80, 0xF8, 0x00, 0x00, 0x00, 0x03,
    0xDC, 0x03, 0xFE, 0x03, 0xFE, 0x00, 0xCE, 0x00, 0x00, 0x03, 0xE0, 0x3D, 0xF0, 0x3E, 0x7C, 0x1F,
    0x3E, 0x1F, 0x0F, 0x8F, 0x87, 0xCF, 0x81, 0xF7, 0xC0, 0x7F, 0xC0, 0x3F, 0xC0, 0x0F, 0xE0, 0x07,
    0xE0, 0x01, 0xF0, 0x00, 0xF8, 0x00, 0x7C, 0x00, 0x3E, 0x00, 0x1F, 0x00, 0x0F, 0x80, 0x07, 0xC0,
    0x0E, 0x60, 0x7F, 0xC3, 0xFE, 0x06, 0xF0, 0x00, 0x01, 0xC0, 0xEF, 0x87, 0xFE, 0x1E, 0x78, 0xF9,
    0xF3, 0xE7, 0xCF, 0x0F, 0x3C, 0x3F, 0xF0, 0x7F, 0x81, 0xFE, 0x07, 0xF0, 0x0F, 0xC0, 0x3F, 0x00,
    0x78, 0x03, 0xE0, 0xFF, 0x03, 0xFC, 0x0F, 0xE0, 0x3E, 0x00, 0xFF, 0xFF, 0xFF, 0xFF, 0xF0, 0x03,
    0x37, 0x8C, 0x7B, 0xF3, 0x0C, 0x30, 0xC3, 0x0C, 0x30, 0xC3, 0x0C, 0x30, 0xC3, 0x00, 0x00, 0x30,
    0x37, 0xEC, 0xDB, 0x30, 0x60, 0xC1, 0x83, 0x06, 0x0C, 0x18, 0x30, 0x60, 0xC1, 0x83, 0x00, 0x00,
    0x61, 0x83, 0xF6, 0x66, 0xC1, 0x83, 0x06, 0x0C, 0x18, 0x30, 0x60, 0xC1, 0x83, 0x06, 0x0C, 0x18,
    0xFF, 0xFF, 0xFF, 0x7E, 0xFF, 0xFF, 0xFF, 0xFF, 0xFF, 0xFF, 0xFF, 0xFE, 0xFF, 0xFF, 0xFF, 0xFF,
    0xFF, 0xFF, 0xFF, 0xFF, 0xFF, 0xE0, 0xFF, 0xFF, 0xFF, 0xFF, 0xFF, 0xFF, 0xFF, 0xFF, 0xFF, 0xE0,
    0x7B, 0xFD, 0xEF, 0x7B, 0xC0, 0x79, 0xE7, 0x9E, 0x7B, 0xCF, 0x00, 0x79, 0xE7, 0x9E, 0x7B, 0xCF,
    0x00, 0x79, 0xDE, 0xFF, 0x3F, 0xDE, 0xF7, 0xBD, 0xEF, 0x78, 0x7B, 0xEF, 0x7D, 0xEF, 0xBD, 0xE7,
    0xBD, 0xE7, 0xBC, 0xE0, 0x7B, 0xEF, 0x7D, 0xEF, 0xBD, 0xE7, 0xBD, 0xE7, 0xBC, 0xE0, 0x0F, 0x00,
    0xF0, 0x0F, 0x00, 0xF0, 0x0F, 0x0F, 0xFF, 0xFF, 0xFF, 0xFF, 0x0F, 0x00, 0xF0, 0x0F, 0x00, 0xF0,
    0x0F, 0x00, 0xF0, 0x0F, 0x00, 0xF0, 0x0F, 0x00, 0xF0, 0x0F, 0x00, 0x70, 0x07, 0x00, 0x0F, 0x00,
    0xF0, 0x0F, 0x00, 0xF0, 0x0F, 0x0F, 0xFF, 0xFF, 0xFF, 0xFF, 0x0F, 0x00, 0xF0, 0x0F, 0x00, 0xF0,
    0xFF, 0xFF, 0xFF, 0xFF, 0xF0, 0xF0, 0x0F, 0x00, 0xF0, 0x0F, 0x00, 0x70, 0x07, 0x00, 0x3E, 0x3F,
    0x9F, 0xCF, 0xE7, 0xF3, 0xF8, 0xF8, 0x78, 0x38, 0x3D, 0xF0, 0xF8, 0x7F, 0xE1, 0xF0, 0xFF, 0xC3,
    0xE1, 0xF7, 0x83, 0x83, 0xC0, 0x3F, 0x03, 0xC0, 0x00, 0x3F, 0xC3, 0xE0, 0x00, 0x1E, 0xF1, 0xE0,
    0x00, 0x0E, 0x79, 0xE0, 0x00, 0x07, 0x1C, 0xF0, 0x00, 0x03, 0x9E, 0xF0, 0x00, 0x01, 0xEF, 0xF8,
    0x00, 0x00, 0xFF, 0x78, 0x00, 0x00, 0x3F, 0x7D, 0xF8, 0x7E, 0x00, 0x3D, 0xFE, 0x7F, 0x80, 0x3D,
    0xEF, 0x7B, 0xC0, 0x1E, 0xF3, 0xBC, 0xE0, 0x1E, 0x71, 0xDC, 0x70, 0x1F, 0x3C, 0xEF, 0x38, 0x0F,
    0x1E, 0xF7, 0xBC, 0x0F, 0x87, 0xF9, 0xFE, 0x07, 0x81, 0xF8, 0x7E, 0x00, 0x00, 0x0E, 0x1F, 0x3E,
    0x7C, 0x7C, 0xF8, 0x7C, 0x7C, 0x3E, 0x1F, 0x0E, 0x08, 0x10, 0x78, 0x78, 0x7C, 0x3E, 0x3E, 0x1F,
    0x3E, 0x3E, 0x7C, 0x78, 0x78, 0x10, 0x00, 0x78, 0x01, 0xE0, 0x0F, 0x80, 0x3C, 0x01, 0xF0, 0x07,
    0x80, 0x3C, 0x00, 0xF0, 0x07, 0x80, 0x1E, 0x00, 0xF0, 0x03, 0xC0, 0x1E, 0x00, 0x78, 0x03, 0xC0,
    0x0F, 0x00, 0x78, 0x01, 0xE0, 0x00, 0x10, 0xFB, 0xF7, 0xE7, 0xC7, 0x00, 0x00, 0x00, 0x00, 0x07,
    0xC7, 0xCF, 0x9F, 0x3E, 0x3C, 0x78, 0x70, 0x3E, 0x3F, 0xBD, 0xFE, 0x7E, 0x3F, 0x1F, 0xCF, 0xEF,
    0x7F, 0x1F, 0x00, 0x0F, 0x0F, 0x87, 0xC7, 0xE7, 0x73, 0xBB, 0xFF, 0xFF, 0x07, 0x03, 0x80, 0x7F,
    0x3F, 0x9C, 0x0E, 0x07, 0xE3, 0xF8, 0x3C, 0x8E, 0x7F, 0x7F, 0x00, 0x0F, 0x1F, 0x9F, 0x8F, 0x07,
    0xF7, 0xFB, 0xDE, 0xEF, 0x7F, 0x1F, 0x00, 0xFF, 0xFF, 0xC3, 0xC1, 0xE1, 0xE0, 0xF0, 0x70, 0x78,
    0x3C, 0x1E, 0x00, 0x3F, 0x3F, 0xBD, 0xEE, 0xE7, 0xF3, 0xFB, 0xDF, 0xEF, 0xFF, 0xBF, 0x80, 0x3E,
    0x3F, 0xBD, 0xDE, 0xF7, 0xFB, 0xFC, 0x1C, 0x3E, 0x7E, 0x3E, 0x00, 0x3E, 0x3F, 0xBD, 0xFE, 0x7E,
    0x3F, 0x1F, 0xCF, 0xEF, 0x7F, 0x1F, 0x00, 0x1E, 0xFD, 0xFB, 0xF0, 0xE1, 0xC3, 0x87, 0x0E, 0x1C,
    0x7E, 0x7F, 0x9B, 0xC1, 0xE1, 0xF1, 0xF1, 0xF0, 0xF0, 0x7F, 0x7F, 0x80, 0x7E, 0xFF, 0x6F, 0x0F,
    0x3E, 0x3F, 0x0F, 0x47, 0xFF, 0xFE, 0x0F, 0x0F, 0x87, 0xC7, 0xE7, 0x73, 0xBB, 0xFF, 0xFF, 0x07,
    0x03, 0x80, 0x7F, 0x3F, 0x9C, 0x0E, 0x07, 0xE3, 0xF8, 0x3C, 0x8E, 0x7F, 0x7F, 0x00, 0x0F, 0x1F,
    0x9F, 0x8F, 0x07, 0xF7, 0xFB, 0xDE, 0xEF, 0x7F, 0x1F, 0x00, 0xFF, 0xFF, 0xC3, 0xC1, 0xE1, 0xE0,
    0xF0, 0x70, 0x78, 0x3C, 0x1E, 0x00, 0x3F, 0x3F, 0xBD, 0xEE, 0xE7, 0xF3, 0xFB, 0xDF, 0xEF, 0xFF,
    0xBF, 0x80, 0x3E, 0x3F, 0xBD, 0xDE, 0xF7, 0xFB, 0xFC, 0x1C, 0x3E, 0x7E, 0x3E, 0x00, 0x7F, 0xF1,
    0xEF, 0xFF, 0x3D, 0xFF, 0xE7, 0xBC, 0x1C, 0xF7, 0x93, 0xDE, 0xF7, 0x7B, 0xDE, 0xEF, 0x7B, 0xDD,
    0xEF, 0x7B, 0xBD, 0xEF, 0x77, 0xBD, 0xEE, 0x6F, 0xBD, 0xC3, 0xF7, 0xBF, 0xFC, 0xF7, 0xFF, 0x9E,
    0xFF, 0xC0, 0x07, 0xF8, 0x3F, 0xE1, 0xFF, 0x87, 0xC4, 0x3E, 0x00, 0xF0, 0x0F, 0xFE, 0x3F, 0xF8,
    0x7C, 0x01, 0xF0, 0x0F, 0xFE, 0x3F, 0xF0, 0x3C, 0x00, 0xFC, 0xE1, 0xFF, 0x87, 0xFE, 0x07, 0xF8,
    0xFF, 0xFF, 0xFF, 0xFF, 0xFF, 0xC1, 0xE0, 0x07, 0xB0, 0x1F, 0xC0, 0x7F, 0x07, 0xF8, 0x3F, 0x80,
    0xFF, 0xC1, 0x7F, 0x01, 0xFC, 0x3F, 0xC0, 0xFE, 0x01, 0xF8, 0x01, 0xE0, 0x07, 0x80, 0x1F, 0xE0,
    0xFF, 0xC3, 0xFF, 0x06, 0x3E, 0xFF, 0xFF, 0xFF, 0xFF, 0xFF, 0xC3, 0xF8, 0x1F, 0x83, 0xFF, 0xFF,
    0xFF, 0xFF, 0xFF, 0x7C, 0x01, 0xF9, 0xC3, 0xFF, 0x8F, 0xFE, 0x0F, 0xF0, 0xFF, 0xFF, 0xFF, 0xFF,
    0xFF, 0xC1, 0xF8, 0x01, 0xE3, 0xFF, 0xEF, 0xFF, 0x80, 0xF8, 0x0F, 0xE3, 0xFF, 0x0F, 0xF8, 0x3F,
    0xC0, 0xFC, 0x01, 0xF8, 0x01, 0xF0, 0x03, 0xE0, 0x07, 0xC0, 0x1F, 0xC0, 0x7F, 0xE0, 0x7F, 0xE0,
    0xCF, 0xC0, 0x07, 0xC0, 0x07, 0x83, 0xFF, 0x0F, 0xFE, 0x3F, 0xFC, 0xFC, 0xF9, 0xE0, 0xF3, 0xC1,
    0xE7, 0x83, 0xCF, 0x0F, 0x9F, 0x3E, 0x3F, 0xFC, 0x3F, 0xF0, 0x3F, 0x80, 0x03, 0xE0, 0x00, 0xF8,
    0x00, 0x7F, 0x00, 0x1F, 0xC0, 0x07, 0xF8, 0x03, 0xFE, 0x00, 0xF7, 0xC0, 0x7D, 0xF0, 0x1E, 0x3C,
    0x07, 0x8F, 0x83, 0xE3, 0xE0, 0xF0, 0x7C, 0x7C, 0x1F, 0x1F, 0x03, 0xC7, 0xFF, 0xFB, 0xFF, 0xFE,
    0xFF, 0xFF, 0x80, 0xFF, 0xFF, 0xFF, 0xFF, 0xFF, 0xFF, 0x81, 0xFF, 0x03, 0xFE, 0x07, 0xFC, 0x0F,
    0xF8, 0x1F, 0xF0, 0x3F, 0xE0, 0x7F, 0xC0, 0xFF, 0x81, 0xFF, 0x03, 0xFE, 0x07, 0xFC, 0x0F, 0xF8,
    0x1F, 0xF0, 0x3F, 0xE0, 0x7F, 0xC0, 0xFF, 0x81, 0xFF, 0x03, 0xE0, 0xFF, 0xFB, 0xFF, 0xEF, 0xFF,
    0x9F, 0x00, 0x3E, 0x00, 0xF8, 0x01, 0xF0, 0x03, 0xE0, 0x0F, 0x80, 0x1F, 0x00, 0xFC, 0x03, 0xE0,
    0x1F, 0x00, 0xFC, 0x03, 0xE0, 0x1F, 0x00, 0x7C, 0x03, 0xFF, 0xEF, 0xFF, 0xBF, 0xFE, 0xFF, 0xFF,
    0xFF, 0xFF, 0xF0, 0x00, 0x78, 0x01, 0xE0, 0x0F, 0x80, 0x3C, 0x01, 0xF0, 0x07, 0x80, 0x3C, 0x00,
    0xF0, 0x07, 0x80, 0x1E, 0x00, 0xF0, 0x03, 0xC0, 0x1E, 0x00, 0x78, 0x03, 0xC0, 0x0F, 0x00, 0x78,
    0x01, 0xE0, 0x00, 0x79, 0xFF, 0xDF, 0x78, 0x00, 0x0F, 0x00, 0x0F, 0x00, 0x1E, 0x00, 0x1E, 0x00,
    0x1E, 0x00, 0x3C, 0x00, 0x3C, 0x00, 0x3C, 0x1C, 0x78, 0x7E, 0x78, 0x7E, 0x78, 0x7F, 0xF0, 0x7F,
    0xF0, 0x0F, 0xF0, 0x07, 0xE0, 0x07, 0xE0, 0x03, 0xE0, 0x03, 0xC0, 0x3E, 0x7C, 0x7F, 0xFE, 0x7F,
    0xFE, 0xF7, 0xEE, 0xF7, 0xEE, 0x7F, 0xFE, 0x7F, 0xFE, 0x3E, 0x7C, 0x00, 0x01, 0xF0, 0xFC, 0x7F,
    0x1F, 0x07, 0x81, 0xE0, 0x78, 0x1E, 0x07, 0x81, 0xE0, 0x78, 0x1E, 0x07, 0x81, 0xE0, 0x78, 0x1E,
    0x07, 0x81, 0xE0, 0x78, 0x3E, 0x3F, 0x8F, 0xC3, 0xE0, 0x00, 0x00, 0x3E, 0x1D, 0xFE, 0xF7, 0xFF,
    0xBD, 0xFE, 0x71, 0xF0, 0x00, 0x03, 0xE1, 0xDF, 0xEF, 0x7F, 0xFB, 0xDF, 0xE7, 0x1F, 0x00, 0x00,
    0xC0, 0x1E, 0x01, 0xCF, 0xFF, 0xFF, 0xFF, 0xFF, 0x07, 0x00, 0xF0, 0xFF, 0xFF, 0xFF, 0xFF, 0xF3,
    0x80, 0x78, 0x03, 0x00, 0x01, 0xF3, 0xFF, 0xFF, 0xFF, 0xFF, 0xFF, 0xEF, 0xC0, 0xFF, 0xEF, 0xFF,
    0xFF, 0xF3, 0xFF, 0x01, 0xF0, 0x00, 0xFF, 0xFF, 0xFF, 0xFF, 0xF0, 0x78, 0x0F, 0xFC, 0xFF, 0xFF,
    0xFF, 0x3F, 0xF0, 0x3F, 0x7F, 0xFF, 0xFF, 0xFF, 0xFF, 0xFC, 0x78, 0x00, 0x00, 0xFF, 0xFF, 0xFF,
    0xFF, 0xF0, 0x1F, 0xC7, 0xF1, 0xFE, 0x7F, 0x9F, 0xF3, 0xFC, 0xF9, 0x3F, 0x6F, 0x81, 0xE0, 0x7C,
    0x0F, 0x03, 0xFE, 0x7F, 0xDF, 0xF3, 0xFE, 0xFF, 0x9F, 0xF7, 0xC0, 0xF0, 0x3E, 0x07, 0x81, 0xF0,
    0x3C, 0x0F, 0x81, 0xE0, 0x7C, 0x0F, 0x03, 0xE0, 0x78, 0x1F, 0x03, 0xC0, 0xF8, 0x1E, 0x07, 0xC0,
    0xF0, 0x3E, 0x07, 0x80, 0x1F, 0xDE, 0x3F, 0xDF, 0x7F, 0x9F, 0x7C, 0x9E, 0xF8, 0x00, 0xF8, 0x00,
    0xFF, 0x9E, 0xFF, 0x9E, 0xFF, 0x9E, 0xF8, 0x1E, 0xF8, 0x1E, 0xF8, 0x1E, 0xF8, 0x1E, 0xF8, 0x1E,
    0xF8, 0x1E, 0xF8, 0x1E, 0xF8, 0x1E, 0xF8, 0x1E, 0xF8, 0x1E, 0x1F, 0xDE, 0x0F, 0xF7, 0x87, 0xF9,
    0xE1, 0xF2, 0x78, 0xF8, 0x1E, 0x3E, 0x07, 0x8F, 0xF9, 0xE3, 0xFE, 0x78, 0xFF, 0x9E, 0x3E, 0x07,
    0x8F, 0x81, 0xE3, 0xE0, 0x78, 0xF8, 0x1E, 0x3E, 0x07, 0x8F, 0x81, 0xE3, 0xE0, 0x7C, 0xF8, 0x1F,
    0xBE, 0x03, 0xEF, 0x80, 0x78, 0x1F, 0xC7, 0xF3, 0xCF, 0xF3, 0xFD, 0xF7, 0xFC, 0xFF, 0x7D, 0xF2,
    0x7E, 0x8F, 0xF8, 0x1E, 0x00, 0x3E, 0x07, 0x80, 0x0F, 0xF9, 0xFF, 0x7F, 0xFE, 0x7F, 0xDF, 0xFF,
    0x9F, 0xF7, 0xFE, 0x07, 0x81, 0xFF, 0x81, 0xE0, 0x7F, 0xE0, 0x78, 0x1F, 0xF8, 0x1E, 0x07, 0xFE,
    0x07, 0x81, 0xFF, 0x81, 0xE0, 0x7F, 0xE0, 0x78, 0x1F, 0xF8, 0x1E, 0x07, 0xFE, 0x07, 0x81, 0xFF,
    0x81, 0xE0, 0x7C, 0x1F, 0xC7, 0xF3, 0xC3, 0xFC, 0xFF, 0x7C, 0x7F, 0xCF, 0xF7, 0xC7, 0xC9, 0xFA,
    0x7C, 0xF8, 0x1E, 0x07, 0xCF, 0x81, 0xE0, 0x7C, 0xFF, 0x9F, 0xF7, 0xCF, 0xF9, 0xFF, 0x7C, 0xFF,
    0x9F, 0xF7, 0xCF, 0x81, 0xE0, 0x7C, 0xF8, 0x1E, 0x07, 0xCF, 0x81, 0xE0, 0x7C, 0xF8, 0x1E, 0x07,
    0xCF, 0x81, 0xE0, 0x7C, 0xF8, 0x1E, 0x07, 0xCF, 0x81, 0xE0, 0x7E, 0xF8, 0x1E, 0x03, 0xFF, 0x81,
    0xE0, 0x3F, 0xF8, 0x1E, 0x01, 0xE0, 0x00, 0x00, 0x00, 0x00, 0x00, 0x07, 0x9C, 0x00, 0x03, 0xCF,
    0x00, 0x01, 0xE7, 0x80, 0x00, 0xF3, 0xC0, 0x00, 0x7F, 0xE0, 0x00, 0x3F, 0xF0, 0x00, 0x1F, 0x7F,
    0x00, 0xFF, 0x3F, 0xFF, 0xFF, 0x8F, 0xFF, 0xFF, 0x83, 0xFF, 0xFF, 0x00, 0x3F, 0xFC, 0x00, 0x00,
    0x00, 0x00, 0x01, 0xDC, 0x00, 0x00, 0xEE, 0x00, 0x00, 0x77, 0x00, 0x00, 0x1F, 0x00, 0x00, 0x07,
    0x00, 0x00, 0x03, 0x80, 0x00, 0x01, 0x80, 0x00, 0x70, 0x00, 0x00, 0x00, 0xF0, 0x00, 0x00, 0x01,
    0xE0, 0x00, 0x0E, 0x03, 0xC0, 0x00, 0x3E, 0x0F, 0x80, 0x00, 0xFC, 0x1F, 0x00, 0x03, 0xF8, 0x1F,
    0xC0, 0xFF, 0xFF, 0x3F, 0xFF, 0xFF, 0xFF, 0x3F, 0xFF, 0xFD, 0xFE, 0x3F, 0xFF, 0xE1, 0xFC, 0x0F,
    0xFC, 0x00, 0x00, 0x00, 0x00, 0x00, 0x00, 0x07, 0x60, 0x00, 0x00, 0x0F, 0xE0, 0x00, 0x00, 0x1D,
    0xC0, 0x00, 0x00, 0x1F, 0x00, 0x00, 0x00, 0x1C, 0x00, 0x00, 0x00, 0x38, 0x00, 0x00, 0x00, 0x60,
    0x00, 0x00, 0x0E, 0x3E, 0x1E, 0x1E, 0x1F, 0x1F, 0x0F, 0x1F, 0xFF, 0xFE, 0xFE, 0xF8, 0x00, 0x00,
    0x6E, 0xFE, 0xFE, 0x7C, 0x38, 0x38, 0x18, 0x0E, 0x00, 0x78, 0x07, 0xC0, 0x3E, 0x01, 0xF0, 0x7F,
    0xFB, 0xFF, 0xDF, 0xFF, 0xF3, 0xF0, 0x00, 0x00, 0x00, 0xEE, 0x07, 0xF0, 0x3B, 0x80, 0xF8, 0x03,
    0x80, 0x1C, 0x00, 0x60, 0x00, 0x00, 0x30, 0x00, 0x00, 0x18, 0x00, 0x00, 0x0F, 0xC0, 0x00, 0x07,
    0xE0, 0x00, 0x03, 0xB0, 0x00, 0x03, 0xF8, 0x00, 0x01, 0xF8, 0x00, 0x00, 0x00, 0x1E, 0x70, 0x00,
    0x0F, 0x3C, 0x00, 0x07, 0x9E, 0x00, 0x03, 0xCF, 0x00, 0x01, 0xFF, 0x80, 0x00, 0xFF, 0xC0, 0x00,
    0x7D, 0xFC, 0x03, 0xFC, 0xFF, 0xFF, 0xFE, 0x3F, 0xFF, 0xFE, 0x0F, 0xFF, 0xFC, 0x00, 0xFF, 0xF0,
    0x00, 0x00, 0x38, 0x00, 0x00, 0x00, 0x70, 0x00, 0x00, 0x00, 0xFC, 0x00, 0x00, 0x00, 0xFC, 0x00,
    0x00, 0x03, 0xB8, 0x00, 0x00, 0x0F, 0xF0, 0x00, 0x00, 0x1F, 0xC0, 0x00, 0x00, 0x00, 0x00, 0x00,
    0x70, 0x00, 0x00, 0x00, 0xF0, 0x00, 0x00, 0x01, 0xE0, 0x00, 0x0E, 0x03, 0xC0, 0x00, 0x3E, 0x0F,
    0x80, 0x00, 0xFC, 0x1F, 0x00, 0x03, 0xF8, 0x1F, 0xC0, 0xFF, 0xFF, 0x3F, 0xFF, 0xFF, 0xFF, 0x3F,
    0xFF, 0xFD, 0xFE, 0x3F, 0xFF, 0xE1, 0xFC, 0x0F, 0xFC, 0x00, 0x00, 0x60, 0x60, 0x7E, 0x7E, 0x77,
    0xFE, 0xFC, 0x00, 0x00, 0x1C, 0x3C, 0x3C, 0x3E, 0x3E, 0x1E, 0x1E, 0x1E, 0xFE, 0xFE, 0xFC, 0xF8,
    0x00, 0x1C, 0x00, 0xE0, 0x07, 0xE0, 0x3F, 0x81, 0xDC, 0x1F, 0xC0, 0xFE, 0x00, 0x00, 0x00, 0x00,
    0x70, 0x03, 0xC0, 0x3E, 0x01, 0xF0, 0x0F, 0x83, 0xFF, 0xDF, 0xFE, 0xFF, 0xFF, 0x9F, 0x80, 0x00,
    0x7F, 0x00, 0x7F, 0xF0, 0x1F, 0xFF, 0x8F, 0xFF, 0xE6, 0x3F, 0xF0, 0x07, 0xFC, 0x0F, 0xFC, 0x1F,
    0xF0, 0x1F, 0xC0, 0x1F, 0x80, 0x1F, 0x80, 0x0F, 0x92, 0x07, 0x9F, 0x87, 0x87, 0xC3, 0xC1, 0x81,
    0xE0, 0xE0, 0xF8, 0x20, 0x7C, 0x00, 0x1F, 0x80, 0xCF, 0xFF, 0xF3, 0xFF, 0xF8, 0xFF, 0xFC, 0x0F,
    0xF8, 0x7F, 0x00, 0x07, 0xFF, 0x00, 0x1F, 0xFF, 0x80, 0xFF, 0xFE, 0x06, 0x3F, 0xF0, 0x00, 0x7F,
    0xC0, 0x0F, 0xFC, 0x01, 0xFF, 0xC0, 0x1F, 0xCF, 0x01, 0xF8, 0x7F, 0x9F, 0x83, 0xFE, 0xF9, 0x2F,
    0xF7, 0x9F, 0xBF, 0xF8, 0x7C, 0x03, 0xC1, 0x80, 0x1E, 0x0E, 0x00, 0xF8, 0x20, 0x07, 0xC0, 0x00,
    0x1F, 0x80, 0xC0, 0xFF, 0xFF, 0x03, 0xFF, 0xF8, 0x0F, 0xFF, 0xC0, 0x0F, 0xF8, 0x00, 0x7F, 0x00,
    0x7F, 0xC0, 0x7F, 0xF0, 0x7F, 0xFE, 0x00, 0xFE, 0x00, 0x7E, 0x03, 0xFE, 0xFF, 0xF8, 0xFF, 0xE0,
    0xFF, 0x80, 0xFE, 0x00, 0x00, 0x00, 0x00, 0x00, 0x0E, 0xE0, 0x0E, 0xE0, 0x0E, 0xE0, 0x07, 0xC0,
    0x03, 0x80, 0x03, 0x80, 0x03, 0x00, 0x7F, 0x00, 0x0F, 0xF8, 0x01, 0xFF, 0xC0, 0x3F, 0xFF, 0x00,
    0x0F, 0xE0, 0x00, 0xFC, 0x00, 0xFF, 0x87, 0xFF, 0xFE, 0xFF, 0xFF, 0xFF, 0xF3, 0xFF, 0xF8, 0x3F,
    0x00, 0x00, 0x00, 0x00, 0x00, 0x19, 0x80, 0x07, 0xF8, 0x00, 0xFF, 0x00, 0x07, 0x80, 0x00, 0xF0,
    0x00, 0x1E, 0x00, 0x01, 0x80, 0x00, 0x18, 0x01, 0x80, 0x1F, 0x81, 0xF8, 0x1D, 0xC3, 0xF8, 0x3F,
    0x00, 0x00, 0x00, 0x00, 0x18, 0x07, 0x80, 0x7C, 0x03, 0xE0, 0x3E, 0x01, 0xF0, 0x1F, 0x00, 0xF0,
    0x0F, 0x7F, 0xF7, 0xFF, 0x7F, 0xE7, 0xFC, 0x06, 0x00, 0x18, 0x00, 0x0C, 0x00, 0x07, 0xE0, 0x03,
    0xF0, 0x01, 0xDC, 0x01, 0xFC, 0x00, 0xFC, 0x00, 0x00, 0x00, 0x00, 0x00, 0x00, 0xC0, 0x01, 0xE0,
    0x00, 0xF8, 0x00, 0x3E, 0x00, 0x1F, 0x00, 0x07, 0xC0, 0x03, 0xE0, 0x00, 0xF0, 0x00, 0x7C, 0x1F,
    0xFF, 0xCF, 0xFF, 0xE7, 0xFF, 0xFB, 0xFE, 0xF8, 0x18, 0x00, 0x00, 0x00, 0xF0, 0x1E, 0x03, 0xC0,
    0xDC, 0x3F, 0xC7, 0xF8, 0x66, 0x00, 0x00, 0x00, 0x04, 0x03, 0xC0, 0xF8, 0x0F, 0x81, 0xF0, 0x1E,
    0x03, 0xC0, 0x78, 0x1F, 0x03, 0xE0, 0xF8, 0x7F, 0x3F, 0xC7, 0xF0, 0x78, 0x0C, 0x00, 0x00, 0x00,
    0x0E, 0x00, 0x1E, 0x00, 0x38, 0x01, 0xDC, 0x03, 0xF8, 0x07, 0x70, 0x06, 0x40, 0x00, 0x00, 0x00,
    0x00, 0x04, 0x00, 0x3C, 0x00, 0xF8, 0x00, 0xF8, 0x01, 0xF0, 0x01, 0xE0, 0x03, 0xFC, 0x07, 0xF8,
    0x1F, 0xF8, 0x3F, 0xE0, 0xF8, 0x07, 0xF0, 0x3F, 0xC0, 0x7F, 0x00, 0xF8, 0x00, 0xC0, 0x00, 0x0E,
    0x01, 0xC0, 0x3F, 0x07, 0xF0, 0xEE, 0x3F, 0x87, 0xF0, 0x00, 0x00, 0x00, 0x00, 0x04, 0x03, 0xC0,
    0xF8, 0x0F, 0x81, 0xF0, 0x1E, 0x03, 0xC0, 0x78, 0x1F, 0x03, 0xE0, 0xF8, 0x7F, 0x3F, 0xC7, 0xF0,
    0x78, 0x0C, 0x00, 0x0C, 0x00, 0x18, 0x00, 0x3F, 0x00, 0x7E, 0x00, 0xEC, 0x03, 0xF8, 0x07, 0xE0,
    0x00, 0x00, 0x00, 0x00, 0x00, 0x00, 0x04, 0x00, 0x3C, 0x00, 0xF8, 0x00, 0xF8, 0x01, 0xF0, 0x01,
    0xE0, 0x03, 0xFC, 0x07, 0xF8, 0x1F, 0xF8, 0x3F, 0xE0, 0xF8, 0x07, 0xF0, 0x3F, 0xC0, 0x7F, 0x00,
    0xF8, 0x00, 0xC0, 0x00, 0x00, 0x00, 0x0C, 0x00, 0x00, 0x7C, 0x00, 0x03, 0xF8, 0x00, 0x1F, 0xF0,
    0x00, 0x7F, 0x80, 0x01, 0xFC, 0x00, 0x03, 0xE0, 0x00, 0x07, 0xE0, 0x70, 0x0F, 0xE0, 0xF0, 0x07,
    0xE1, 0xE0, 0x07, 0xC3, 0xC0, 0x07, 0xCF, 0x80, 0x07, 0x9F, 0x00, 0x0F, 0x1F, 0xC0, 0x7E, 0x3F,
    0xFF, 0xFC, 0x3F, 0xFF, 0xF8, 0x3F, 0xFF, 0xC0, 0x0F, 0xFC, 0x00, 0x00, 0x00, 0x0C, 0x00, 0x00,
    0x0F, 0x00, 0x00, 0x0F, 0xE0, 0x00, 0x0F, 0xF8, 0x00, 0x0F, 0xF8, 0x00, 0x03, 0xF8, 0x00, 0x01,
    0xF8, 0x00, 0x00, 0x7E, 0x00, 0x70, 0x0F, 0xC0, 0x1E, 0x01, 0xF8, 0x07, 0x80, 0x3F, 0x01, 0xE0,
    0x07, 0xC0, 0xF8, 0x00, 0xF8, 0x3E, 0x00, 0x1F, 0x07, 0xF0, 0x1F, 0xF9, 0xFF, 0xFF, 0xFF, 0x3F,
    0xFF, 0xFF, 0xC7, 0xFF, 0xFB, 0xF0, 0x3F, 0xF8, 0x00, 0x00, 0xE0, 0x3E, 0x0F, 0xF1, 0xFF, 0x7F,
    0xCF, 0xE0, 0xF8, 0x0F, 0xC0, 0x7E, 0x03, 0xF0, 0x1F, 0x80, 0xF8, 0x07, 0xC0, 0x7C, 0xFF, 0xCF,
    0xFC, 0xFF, 0x8F, 0xF0, 0xE0, 0x00, 0x00, 0x60, 0x07, 0xC0, 0x3F, 0xC0, 0xFF, 0x87, 0xFC, 0x1F,
    0xC0, 0x3E, 0x00, 0x7E, 0x00, 0x7E, 0x00, 0x7E, 0x00, 0x7E, 0x00, 0x7C, 0x00, 0x7C, 0x00, 0xFC,
    0x3F, 0xFF, 0x7F, 0xFF, 0xFF, 0xFF, 0xFE, 0xFF, 0x80, 0x00, 0x00, 0x00, 0x30, 0x00, 0x00, 0xF0,
    0x00, 0x07, 0xE0, 0x00, 0x3F, 0x80, 0x01, 0xFC, 0xC0, 0x03, 0xE7, 0xC0, 0x03, 0x3F, 0x80, 0x01,
    0xFF, 0x00, 0x07, 0xF8, 0x00, 0x1F, 0xC0, 0x00, 0x3E, 0x00, 0x00, 0x7E, 0x07, 0x00, 0xFE, 0x0F,
    0x00, 0x7E, 0x1E, 0x00, 0x7C, 0x3C, 0x00, 0x7C, 0xF8, 0x00, 0x79, 0xF0, 0x00, 0xF1, 0xFC, 0x07,
    0xE3, 0xFF, 0xFF, 0xC3, 0xFF, 0xFF, 0x83, 0xFF, 0xFC, 0x00, 0xFF, 0xC0, 0x00, 0x00, 0x00, 0x30,
    0x00, 0x00, 0x3C, 0x00, 0x00, 0x3F, 0x80, 0x00, 0x1F, 0x80, 0x00, 0x1F, 0x8C, 0x00, 0x07, 0x8F,
    0x00, 0x01, 0xCF, 0xE0, 0x00, 0x0F, 0xF8, 0x00, 0x0F, 0xF8, 0x00, 0x03, 0xF8, 0x00, 0x01, 0xF8,
    0x00, 0x00, 0x7E, 0x00, 0x70, 0x0F, 0xC0, 0x1E, 0x01, 0xF8, 0x07, 0x80, 0x3F, 0x01, 0xE0, 0x07,
    0xC0, 0xF8, 0x00, 0xF8, 0x3E, 0x00, 0x1F, 0x07, 0xF0, 0x1F, 0xF9, 0xFF, 0xFF, 0xFF, 0x3F, 0xFF,
    0xFF, 0xC7, 0xFF, 0xFB, 0xF0, 0x3F, 0xF8, 0x00, 0x00, 0xC0, 0x1E, 0x03, 0xF8, 0x7F, 0x07, 0xE7,
    0x3C, 0xF9, 0x9F, 0xE1, 0xFF, 0x3F, 0xE3, 0xF8, 0x1F, 0x00, 0xFC, 0x03, 0xF0, 0x0F, 0xC0, 0x3F,
    0x00, 0xF8, 0x03, 0xE0, 0x1F, 0x1F, 0xF8, 0xFF, 0xC7, 0xFC, 0x3F, 0xC1, 0xC0, 0x00, 0x00, 0xC0,
    0x03, 0xC0, 0x0F, 0xE0, 0x3F, 0x80, 0x7E, 0x30, 0x79, 0xF0, 0x67, 0xF8, 0x0F, 0xF8, 0x3F, 0xE0,
    0x7F, 0x00, 0x7C, 0x00, 0x7E, 0x00, 0x3F, 0x00, 0x1F, 0x80, 0x0F, 0xC0, 0x07, 0xC0, 0x03, 0xE0,
    0x03, 0xF0, 0x7F, 0xFE, 0x7F, 0xFF, 0x7F, 0xFF, 0x7F, 0xBF, 0x70, 0x00, 0x00, 0x00, 0x00, 0x01,
    0xC0, 0x00, 0xF8, 0x00, 0x3E, 0x78, 0x07, 0x9E, 0x01, 0xE7, 0x80, 0x7F, 0xE0, 0x1F, 0xF8, 0x07,
    0xFE, 0x01, 0xEF, 0x80, 0x79, 0xF0, 0x7E, 0x7F, 0xFF, 0x0F, 0xFF, 0x81, 0xFF, 0xC0, 0x1F, 0xC0,
    0x00, 0x03, 0x00, 0x00, 0x1F, 0x00, 0x00, 0x1E, 0x03, 0xC0, 0x3C, 0x07, 0x80, 0x7C, 0x0F, 0x00,
    0xFF, 0x3E, 0x01, 0xFF, 0x7C, 0x03, 0xFE, 0xF8, 0x07, 0xFD, 0xF0, 0x0F, 0x01, 0xF0, 0x7E, 0x03,
    0xFF, 0xF8, 0x03, 0xFF, 0xF0, 0x03, 0xFF, 0xC0, 0x01, 0xFE, 0x00, 0x00, 0x0C, 0x01, 0xC0, 0x7C,
    0x1F, 0xC1, 0xFC, 0x7F, 0x9F, 0xFB, 0xCF, 0xF9, 0xFF, 0x3F, 0xFF, 0xBF, 0xF7, 0xFC, 0x7F, 0x00,
    0x00, 0x0F, 0xC0, 0x1F, 0xF0, 0x1F, 0xF8, 0x0F, 0xFE, 0x0F, 0x8F, 0x07, 0x87, 0xC3, 0xC3, 0xFD,
    0xE0, 0xFF, 0xF8, 0x3F, 0xB8, 0x0F, 0xC0, 0x00, 0x00, 0x1C, 0x78, 0xF1, 0xF3, 0xE3, 0xC7, 0x8F,
    0xFF, 0xFF, 0xF7, 0xC1, 0x07, 0x0E, 0x3C, 0x38, 0x18, 0x00, 0x78, 0x03, 0xF0, 0x77, 0xE3, 0xFF,
    0xCF, 0xFF, 0xBF, 0xC7, 0xFE, 0x0F, 0xF0, 0x1F, 0xC0, 0x1F, 0x80, 0x3F, 0x00, 0x3E, 0x00, 0x30,
    0x00, 0x00, 0xC0, 0x00, 0x3C, 0x00, 0x0F, 0xC0, 0x01, 0xFC, 0x00, 0x3F, 0xE0, 0x0F, 0xFE, 0x01,
    0xEF, 0xE0, 0x3D, 0xFE, 0x07, 0xBF, 0xC0, 0xFF, 0x7D, 0xFF, 0xEF, 0xFF, 0xFF, 0xFF, 0xFF, 0xFD,
    0xFF, 0xFF, 0x06, 0x03, 0x80, 0x00, 0x78, 0x00, 0x1F, 0xC0, 0x01, 0xFE, 0x00, 0x3F, 0xE0, 0x07,
    0xDE, 0x00, 0x79, 0xE0, 0x07, 0x9E, 0x00, 0x7B, 0xC0, 0x7F, 0xFF, 0xCF, 0xFF, 0xFE, 0xFF, 0xFF,
    0xEF, 0xFF, 0xFE, 0x0F, 0x8F, 0x00, 0x7C, 0xF0, 0x07, 0xFF, 0x00, 0x3F, 0xF0, 0x01, 0xFE, 0x00,
    0x07, 0xC0, 0x0C, 0x00, 0x0F, 0x00, 0x1F, 0x80, 0x1F, 0xC0, 0x3F, 0xE0, 0x3F, 0xF8, 0x79, 0xFC,
    0x79, 0xFC, 0x7F, 0xFE, 0x3F, 0xDE, 0xFF, 0xDE, 0xFF, 0xFE, 0xFF, 0xFE, 0xFF, 0xFC, 0x00, 0x60,
    0x03, 0xE0, 0x07, 0xF0, 0x03, 0xFC, 0x03, 0xFE, 0x01, 0xEF, 0x01, 0xF7, 0x80, 0xF3, 0xC0, 0x7B,
    0xE0, 0xFF, 0xFF, 0x7F, 0xFF, 0xBF, 0xFF, 0xFF, 0xFF, 0xE3, 0xC7, 0xC1, 0xF3, 0xE0, 0xFF, 0xE0,
    0x3F, 0xF0, 0x0F, 0xF0, 0x01, 0xF0, 0x00, 0x01, 0xE0, 0x00, 0x07, 0xE0, 0x00, 0x1F, 0xE0, 0x00,
    0x7F, 0xC0, 0x01, 0xF7, 0xC0, 0x07, 0xC7, 0x80, 0x1F, 0x8E, 0x00, 0x3C, 0x00, 0x00, 0xF8, 0x00,
    0x01, 0xFE, 0x00, 0xFD, 0xFF, 0xFF, 0xFB, 0xFF, 0xFF, 0xF1, 0xFF, 0xFF, 0xE0, 0x7F, 0xFC, 0x00,
    0x00, 0x7E, 0x03, 0xFF, 0x8F, 0xFF, 0xCF, 0xFF, 0xEF, 0xFF, 0xC7, 0xC0, 0x03, 0xC0, 0x01, 0xFC,
    0x1C, 0xFF, 0xFE, 0x3F, 0xFF, 0x0F, 0xFF, 0x80, 0xFF, 0x80, 0x1E, 0x00, 0x00, 0x7C, 0x00, 0x00,
    0xE0, 0x00, 0x01, 0xC0, 0x00, 0x01, 0xF0, 0x00, 0x07, 0xE0, 0x00, 0x0E, 0x00, 0x00, 0x00, 0xF0,
    0x00, 0x03, 0xF0, 0x00, 0x0F, 0xF0, 0x00, 0x3F, 0xE0, 0x00, 0xFB, 0xE0, 0x03, 0xE3, 0xC0, 0x0F,
    0xC7, 0x00, 0x1E, 0x00, 0x00, 0x7C, 0x00, 0x00, 0xFF, 0x00, 0x7E, 0xFF, 0xFF, 0xFD, 0xFF, 0xFF,
    0xF8, 0xFF, 0xFF, 0xF0, 0x3F, 0xFE, 0x00, 0x1C, 0x00, 0x1E, 0x00, 0x0C, 0x00, 0x07, 0x40, 0x03,
    0xE0, 0x03, 0xF0, 0x00, 0xE0, 0x00, 0x00, 0xFC, 0x07, 0xFF, 0x1F, 0xFF, 0x9F, 0xFF, 0xDF, 0xFF,
    0x8F, 0x80, 0x07, 0x80, 0x03, 0xF8, 0x39, 0xFF, 0xFC, 0x7F, 0xFE, 0x1F, 0xFF, 0x01, 0xFF, 0x00,
    0x00, 0x07, 0xF0, 0x00, 0x7F, 0x80, 0x07, 0xFC, 0x00, 0x7F, 0xC0, 0x03, 0xC0, 0x00, 0x3E, 0x01,
    0xE1, 0xE0, 0x0F, 0x0F, 0xC0, 0x78, 0x3F, 0x87, 0xC0, 0xFF, 0x3E, 0x03, 0xF9, 0xF0, 0x03, 0xCF,
    0x80, 0x3E, 0x3F, 0x07, 0xF1, 0xFF, 0xFF, 0x07, 0xFF, 0xF0, 0x1F, 0xFF, 0x00, 0x3F, 0xC0, 0x00,
    0x00, 0x00, 0x01, 0xE0, 0x00, 0x07, 0x80, 0x70, 0x1E, 0x01, 0xFE, 0xF8, 0x0F, 0xFF, 0xE0, 0x3F,
    0xFF, 0x80, 0x3F, 0xFE, 0x00, 0x7C, 0x7E, 0x03, 0xE1, 0xFF, 0xFF, 0x83, 0xFF, 0xFC, 0x07, 0xFF,
    0xE0, 0x07, 0xFC, 0x00, 0x0E, 0x3E, 0x1E, 0x1E, 0x1F, 0x1F, 0x0F, 0x1F, 0xFF, 0xFE, 0xFE, 0xF8,
    0x00, 0x00, 0xE7, 0xFF, 0xFF, 0xE7, 0x0E, 0x00, 0x78, 0x07, 0xC0, 0x3E, 0x01, 0xF0, 0x7F, 0xFB,
    0xFF, 0xDF, 0xFF, 0xF3, 0xF0, 0x00, 0x00, 0x00, 0xE6, 0x07, 0xF8, 0x3F, 0xC1, 0xDC, 0x00, 0x1F,
    0x87, 0xF0, 0xFE, 0x3F, 0xC7, 0x80, 0xF0, 0x1F, 0x71, 0xFF, 0x7F, 0xFF, 0xFF, 0xFE, 0x3E, 0x04,
    0x00, 0x00, 0x1F, 0xE7, 0xF9, 0xBE, 0x00, 0x00, 0x01, 0xE0, 0x78, 0x1E, 0x07, 0x81, 0xE0, 0x78,
    0x1F, 0x07, 0xC1, 0xF0, 0x7C, 0x1F, 0x07, 0xC1, 0xF0, 0x7C, 0x0F, 0x03, 0xC0, 0xF0, 0x00, 0x07,
    0xF8, 0x7F, 0xC6, 0x78, 0x00, 0x01, 0xE0, 0x1E, 0x01, 0xE0, 0x1E, 0x01, 0xF0, 0x1F, 0x01, 0xF0,
    0x1F, 0x01, 0xF0, 0x1F, 0x01, 0xF0, 0x0F, 0x00, 0xF0, 0x0F, 0x00, 0xF0, 0x0F, 0xE0, 0xFF, 0x0F,
    0xF0, 0x7F, 0x00, 0x00, 0x7B, 0xEE, 0x3A, 0xFF, 0xFE, 0x00, 0x79, 0xE7, 0x9E, 0x79, 0xE7, 0xDF,
    0x7D, 0xF7, 0xDF, 0x7D, 0xF3, 0xCF, 0x3C, 0x78, 0x3E, 0x0E, 0x03, 0x80, 0x7C, 0x3F, 0x0E, 0x01,
    0xE0, 0x78, 0x1E, 0x07, 0x81, 0xF0, 0x7C, 0x1F, 0x07, 0xC1, 0xF0, 0x7C, 0x1F, 0x03, 0xC0, 0xF0,
    0x3C, 0x0F, 0x03, 0xF8, 0xFF, 0x3F, 0xC7, 0xF0, 0x00, 0x0F, 0x01, 0xF0, 0x1C, 0x01, 0xD0, 0x0F,
    0x81, 0xF8, 0x1C, 0x00, 0x00, 0x0F, 0x81, 0xFC, 0x3F, 0xE7, 0xFE, 0x79, 0xE7, 0x9F, 0x7F, 0xF7,
    0xFF, 0x7F, 0xF3, 0xFE, 0x03, 0xE1, 0xFE, 0xFF, 0xC7, 0xF8, 0x7E, 0x07, 0x80, 0x0F, 0x00, 0x1F,
    0x00, 0x1C, 0x00, 0x1D, 0x00, 0x0F, 0x80, 0x1F, 0x80, 0x1C, 0x00, 0x00, 0x00, 0x0F, 0x80, 0x1F,
    0xC0, 0x3F, 0xE0, 0x7F, 0xE0, 0x79, 0xE0, 0x79, 0xF0, 0x7F, 0xFC, 0x7F, 0xFE, 0x7F, 0xFE, 0x3F,
    0xFE, 0x03, 0xF8, 0x1F, 0xE0, 0xFF, 0xC0, 0x7F, 0x80, 0x7E, 0x00, 0x78, 0x00, 0xF3, 0xCF, 0x3C,
    0xF3, 0xCF, 0xBE, 0xFB, 0xEF, 0xBE, 0xFB, 0xEF, 0x9E, 0x79, 0xE7, 0x80, 0x7B, 0xEE, 0x38, 0x7F,
    0xFE, 0x00, 0xF0, 0x78, 0x3C, 0x1E, 0x0F, 0x87, 0xC3, 0xE1, 0xF0, 0xF8, 0x7C, 0x3E, 0x0F, 0x07,
    0x83, 0xC1, 0xE0, 0xFE, 0x7F, 0xBF, 0xCF, 0xE0, 0x03, 0x83, 0xC1, 0xC0, 0xE8, 0x7C, 0x3E, 0x1C,
    0x00, 0x0E, 0x00, 0x00, 0xF0, 0x3F, 0x8E, 0x03, 0xFC, 0x3A, 0x3F, 0xE1, 0xF3, 0xFE, 0x1F, 0x9E,
    0x00, 0x61, 0xF0, 0x0F, 0x0F, 0x00, 0x78, 0x7E, 0x03, 0xC1, 0xFC, 0x3E, 0x07, 0xF9, 0xF0, 0x1F,
    0xCF, 0x80, 0x1E, 0x7C, 0x01, 0xF1, 0xF8, 0x3F, 0x8F, 0xFF, 0xF8, 0x3F, 0xFF, 0x80, 0xFF, 0xF8,
    0x01, 0xFE, 0x00, 0x0E, 0x00, 0x00, 0x78, 0x00, 0x03, 0x80, 0x00, 0x07, 0x40, 0x00, 0x1F, 0x00,
    0x00, 0xFC, 0x00, 0x01, 0x80, 0x00, 0x1E, 0x00, 0x00, 0x78, 0x07, 0x01, 0xE0, 0x1F, 0xEF, 0x80,
    0xFF, 0xFE, 0x03, 0xFF, 0xF8, 0x03, 0xFF, 0xE0, 0x07, 0xC7, 0xE0, 0x3E, 0x1F, 0xFF, 0xF8, 0x3F,
    0xFF, 0xC0, 0x7F, 0xFE, 0x00, 0x7F, 0xC0, 0x00, 0x78, 0xF3, 0x83, 0xA7, 0xDF, 0x98, 0x00, 0x1C,
    0x78, 0xF1, 0xF3, 0xE3, 0xC7, 0x8F, 0xFF, 0xFF, 0xF7, 0xC0, 0x00, 0x1E, 0x03, 0xE0, 0x38, 0x03,
    0xA0, 0x3F, 0x03, 0xF0, 0x38, 0x00, 0x00, 0x1E, 0x01, 0xE0, 0x1E, 0x01, 0xE0, 0x3E, 0x0F, 0xFE,
    0xFF, 0xFF, 0xFF, 0xF7, 0xF0, 0x00, 0xF7, 0xBD, 0xEF, 0x7B, 0xFF, 0xFF, 0xFF, 0xFF, 0xFF, 0xEF,
    0x7B, 0xDE, 0xF0, 0x78, 0x3C, 0x1E, 0x0F, 0x87, 0xC3, 0xE1, 0xF0, 0xF8, 0x7C, 0x3E, 0x0F, 0x07,
    0x83, 0xC1, 0xE0, 0xFE, 0x7F, 0xBF, 0xCF, 0xE0, 0x00, 0x00, 0x00, 0x00, 0x00, 0x00, 0x07, 0x9C,
    0x00, 0x03, 0xCF, 0x00, 0x01, 0xE7, 0x80, 0x00, 0xF3, 0xC0, 0x00, 0x7F, 0xE0, 0x00, 0x3F, 0xF0,
    0x00, 0x1F, 0x7F, 0x00, 0xFF, 0x3F, 0xFF, 0xFF, 0x8F, 0xFF, 0xFF, 0x83, 0xFF, 0xFF, 0x00, 0x3F,
    0xFC, 0x00, 0x00, 0x00, 0x00, 0x00, 0x00, 0x00, 0x00, 0x38, 0x00, 0x00, 0x1E, 0x00, 0x00, 0x1F,
    0x00, 0x00, 0x07, 0x00, 0x00, 0x70, 0x00, 0x00, 0x00, 0xF0, 0x00, 0x00, 0x01, 0xE0, 0x00, 0x0E,
    0x03, 0xC0, 0x00, 0x3E, 0x0F, 0x80, 0x00, 0xFC, 0x1F, 0x00, 0x03, 0xF8, 0x1F, 0xC0, 0xFF, 0xFF,
    0x3F, 0xFF, 0xFF, 0xFF, 0x3F, 0xFF, 0xFD, 0xFE, 0x3F, 0xFF, 0xE1, 0xFC, 0x0F, 0xFC, 0x00, 0x00,
    0x00, 0x00, 0x00, 0x00, 0x00, 0x00, 0x00, 0x00, 0x03, 0x80, 0x00, 0x00, 0x0F, 0x00, 0x00, 0x00,
    0x1E, 0x00, 0x00, 0x00, 0x1C, 0x00, 0x00, 0x1C, 0x78, 0xF1, 0xF3, 0xE3, 0xC7, 0x8F, 0xFF, 0xFF,
    0xF7, 0xC0, 0x00, 0x0C, 0x3C, 0x78, 0x70, 0x1E, 0x01, 0xE0, 0x1E, 0x01, 0xE0, 0x3E, 0x0F, 0xFE,
    0xFF, 0xFF, 0xFF, 0xF7, 0xF0, 0x00, 0x00, 0x01, 0xC0, 0x3C, 0x03, 0xE0, 0x1C, 0x00, 0x00, 0x07,
    0x79, 0xFF, 0x1D, 0xE1, 0x98, 0x00, 0x03, 0x00, 0x70, 0x1F, 0x07, 0xF0, 0x7F, 0x1F, 0xE7, 0xFE,
    0xF3, 0xFE, 0x7F, 0xCF, 0xFF, 0xEF, 0xFD, 0xFF, 0x1F, 0xC0, 0x00, 0x00, 0x00, 0x1E, 0xE0, 0x1F,
    0xE0, 0x1F, 0xE0, 0x0C, 0xC0, 0x00, 0x00, 0x00, 0x00, 0x01, 0xE0, 0x01, 0xF0, 0x07, 0xF0, 0x1F,
    0xF0, 0x3F, 0xF0, 0x7F, 0xF0, 0x7D, 0xF0, 0xF8, 0xF0, 0xF8, 0xF0, 0xFF, 0xF0, 0x7F, 0xF0, 0x7F,
    0xFE, 0x3F, 0xFF, 0x02, 0x7F, 0x00, 0x3F, 0x00, 0x00, 0x00, 0x00, 0x00, 0x00, 0x3B, 0x80, 0x00,
    0x3D, 0xE0, 0x00, 0x1E, 0xF0, 0x00, 0x06, 0x30, 0xF3, 0x80, 0x00, 0x79, 0xE0, 0x00, 0x3C, 0xF0,
    0x00, 0x1E, 0x78, 0x00, 0x0F, 0xFC, 0x00, 0x07, 0xFE, 0x00, 0x03, 0xEF, 0xE0, 0x1F, 0xE7, 0xFF,
    0xFF, 0xF1, 0xFF, 0xFF, 0xF0, 0x7F, 0xFF, 0xE0, 0x07, 0xFF, 0x80, 0x00, 0x00, 0x00, 0x00, 0x00,
    0xF7, 0x00, 0x00, 0x01, 0xFE, 0x00, 0x00, 0x03, 0xFC, 0x00, 0x00, 0x03, 0x30, 0x00, 0x0E, 0x00,
    0x00, 0x00, 0x1E, 0x00, 0x00, 0x00, 0x3C, 0x00, 0x01, 0xC0, 0x78, 0x00, 0x07, 0xC1, 0xF0, 0x00,
    0x1F, 0x83, 0xE0, 0x00, 0x7F, 0x03, 0xF8, 0x1F, 0xFF, 0xE7, 0xFF, 0xFF, 0xFF, 0xE7, 0xFF, 0xFF,
    0xBF, 0xC7, 0xFF, 0xFC, 0x3F, 0x81, 0xFF, 0x80, 0x00, 0x00, 0x3B, 0xBD, 0xEE, 0xF6, 0x30, 0x00,
    0x38, 0x3C, 0x1E, 0x0F, 0x87, 0xC1, 0xE0, 0xF0, 0x79, 0xFC, 0xFE, 0x7E, 0x3E, 0x00, 0x00, 0x00,
    0x01, 0xDE, 0x0F, 0xF0, 0x7F, 0x81, 0x98, 0x00, 0x00, 0x38, 0x01, 0xE0, 0x1F, 0x00, 0xF8, 0x07,
    0xC1, 0xFF, 0xEF, 0xFF, 0x7F, 0xFF, 0xCF, 0xC0, 0x00, 0x00, 0x00, 0x00, 0x00, 0x0E, 0x00, 0x00,
    0x07, 0x80, 0x00, 0x03, 0x80, 0x00, 0x07, 0x70, 0x00, 0x03, 0xF8, 0x00, 0x01, 0xDC, 0x00, 0x00,
    0x66, 0x1E, 0x70, 0x00, 0x0F, 0x3C, 0x00, 0x07, 0x9E, 0x00, 0x03, 0xCF, 0x00, 0x01, 0xFF, 0x80,
    0x00, 0xFF, 0xC0, 0x00, 0x7D, 0xFC, 0x03, 0xFC, 0xFF, 0xFF, 0xFE, 0x3F, 0xFF, 0xFE, 0x0F, 0xFF,
    0xFC, 0x00, 0xFF, 0xF0, 0x00, 0x00, 0x00, 0x00, 0x00, 0x00, 0x1C, 0x00, 0x00, 0x00, 0x78, 0x00,
    0x00, 0x00, 0x70, 0x00, 0x00, 0x03, 0xB0, 0x00, 0x00, 0x0F, 0xF0, 0x00, 0x00, 0x1F, 0xE0, 0x00,
    0x00, 0x19, 0x80, 0x00, 0x70, 0x00, 0x00, 0x00, 0xF0, 0x00, 0x00, 0x01, 0xE0, 0x00, 0x0E, 0x03,
    0xC0, 0x00, 0x3E, 0x0F, 0x80, 0x00, 0xFC, 0x1F, 0x00, 0x03, 0xF8, 0x1F, 0xC0, 0xFF, 0xFF, 0x3F,
    0xFF, 0xFF, 0xFF, 0x3F, 0xFF, 0xFD, 0xFE, 0x3F, 0xFF, 0xE1, 0xFC, 0x0F, 0xFC, 0x00, 0x00, 0x00,
    0x38, 0x3C, 0x38, 0xEE, 0xFF, 0xFE, 0x66, 0x00, 0x1C, 0x3C, 0x3C, 0x3E, 0x3E, 0x1E, 0x1E, 0x1E,
    0xFE, 0xFE, 0xFC, 0xF8, 0x00, 0x00, 0x00, 0x78, 0x03, 0xC0, 0x1E, 0x01, 0xB8, 0x1F, 0xE0, 0xFF,
    0x03, 0x30, 0x00, 0x00, 0x70, 0x03, 0xC0, 0x3E, 0x01, 0xF0, 0x0F, 0x83, 0xFF, 0xDF, 0xFE, 0xFF,
    0xFF, 0x9F, 0x80, 0x00, 0x7E, 0x00, 0x7F, 0xE0, 0x1F, 0xFF, 0x8F, 0xFF, 0xE6, 0x3F, 0xF0, 0x07,
    0xF8, 0x0F, 0xFC, 0x1F, 0xF0, 0x1F, 0xC0, 0x1F, 0x80, 0x1F, 0x80, 0x0F, 0x80, 0x0F, 0x87, 0x07,
    0x87, 0x83, 0xC3, 0xC1, 0xE0, 0xE0, 0xF8, 0x00, 0x7C, 0x00, 0x1F, 0x81, 0xCF, 0xFF, 0xE3, 0xFF,
    0xF8, 0xFF, 0xFC, 0x1F, 0xF0, 0x7E, 0x00, 0x07, 0xFE, 0x00, 0x1F, 0xFF, 0x80, 0xFF, 0xFE, 0x06,
    0x3F, 0xF0, 0x00, 0x7F, 0x80, 0x0F, 0xFC, 0x01, 0xFF, 0xC0, 0x1F, 0xDE, 0x01, 0xF8, 0xFF, 0x9F,
    0x83, 0xFE, 0xF8, 0x0F, 0xFF, 0x87, 0x3F, 0x78, 0x78, 0x03, 0xC3, 0xC0, 0x1E, 0x0E, 0x00, 0xF8,
    0x00, 0x07, 0xC0, 0x00, 0x1F, 0x81, 0xC0, 0xFF, 0xFE, 0x03, 0xFF, 0xF8, 0x0F, 0xFF, 0xC0, 0x1F,
    0xF0, 0x00, 0x7F, 0x00, 0x7F, 0xC0, 0x7F, 0xF0, 0x7F, 0xFE, 0x00, 0xFE, 0x00, 0x7E, 0x03, 0xFE,
    0xFF, 0xF8, 0xFF, 0xE0, 0xFF, 0x80, 0xFE, 0x00, 0x00, 0x00, 0x00, 0x00, 0x03, 0x80, 0x07, 0xC0,
    0x07, 0xC0, 0x03, 0x80, 0x7F, 0x00, 0x0F, 0xF8, 0x01, 0xFF, 0xC0, 0x3F, 0xFF, 0x00, 0x0F, 0xE0,
    0x00, 0xFC, 0x00, 0xFF, 0x87, 0xFF, 0xFE, 0xFF, 0xFF, 0xFF, 0xF3, 0xFF, 0xF8, 0x3F, 0x00, 0x00,
    0x00, 0x00, 0x00, 0x06, 0x00, 0x01, 0xE0, 0x00, 0x3C, 0x00, 0x03, 0x80, 0x00, 0x7E, 0x00, 0x7F,
    0xE0, 0x1F, 0xFF, 0x8F, 0xFF, 0xE6, 0x3F, 0xF0, 0x07, 0xF8, 0x0F, 0xFC, 0x1F, 0xF0, 0x1F, 0xC0,
    0x1F, 0x80, 0x1F, 0x80, 0x0F, 0x80, 0x0F, 0x80, 0x07, 0x80, 0x03, 0xC0, 0x01, 0xE0, 0x00, 0xF8,
    0x00, 0x7C, 0x00, 0x1F, 0x81, 0xCF, 0xFF, 0xE3, 0xFF, 0xF8, 0xFF, 0xFC, 0x1F, 0xF0, 0x7E, 0x00,
    0x07, 0xFE, 0x00, 0x1F, 0xFF, 0x80, 0xFF, 0xFE, 0x06, 0x3F, 0xF0, 0x00, 0x7F, 0x80, 0x0F, 0xFC,
    0x01, 0xFF, 0xC0, 0x1F, 0xDE, 0x01, 0xF8, 0xFF, 0x9F, 0x83, 0xFE, 0xF8, 0x0F, 0xFF, 0x80, 0x3F,
    0x78, 0x00, 0x03, 0xC0, 0x00, 0x1E, 0x00, 0x00, 0xF8, 0x00, 0x07, 0xC0, 0x00, 0x1F, 0x81, 0xC0,
    0xFF, 0xFE, 0x03, 0xFF, 0xF8, 0x0F, 0xFF, 0xC0, 0x1F, 0xF0, 0x00, 0x7F, 0x00, 0x7F, 0xC0, 0x7F,
    0xF0, 0x7F, 0xFE, 0x00, 0xFE, 0x00, 0x7E, 0x03, 0xFE, 0xFF, 0xF8, 0xFF, 0xE0, 0xFF, 0x80, 0xFE,
    0x00, 0x00, 0x00, 0x7F, 0x00, 0x0F, 0xF8, 0x01, 0xFF, 0xC0, 0x3F, 0xFF, 0x00, 0x0F, 0xE0, 0x00,
    0xFC, 0x00, 0xFF, 0x87, 0xFF, 0xFE, 0xFF, 0xFF, 0xFF, 0xF3, 0xFF, 0xF8, 0x3F, 0x00, 0x00, 0x00,
    0x01, 0x80, 0x01, 0xE0, 0x00, 0xF0, 0x00, 0x78, 0x00, 0x18, 0x00, 0x00, 0x01, 0xF8, 0x01, 0xFF,
    0x80, 0x7F, 0xFE, 0x3F, 0xFF, 0x98, 0xFF, 0xC0, 0x1F, 0xE0, 0x3F, 0xF0, 0x7F, 0xC0, 0x7F, 0x00,
    0x7E, 0x00, 0x7E, 0x00, 0x3E, 0x00, 0x3E, 0x00, 0x1E, 0x00, 0x0F, 0x00, 0x07, 0x80, 0x03, 0xE0,
    0x01, 0xF0, 0x00, 0x7E, 0x07, 0x3F, 0xFF, 0x8F, 0xFF, 0xE3, 0xFF, 0xF0, 0x7F, 0xC0, 0x01, 0x80,
    0x00, 0x1E, 0x00, 0x00, 0xF0, 0x00, 0x07, 0x80, 0x00, 0x18, 0x00, 0x00, 0x00, 0x01, 0xF8, 0x00,
    0x1F, 0xF8, 0x00, 0x7F, 0xFE, 0x03, 0xFF, 0xF8, 0x18, 0xFF, 0xC0, 0x01, 0xFE, 0x00, 0x3F, 0xF0,
    0x07, 0xFF, 0x00, 0x7F, 0x78, 0x07, 0xE3, 0xFE, 0x7E, 0x0F, 0xFB, 0xE0, 0x3F, 0xFE, 0x00, 0xFD,
    0xE0, 0x00, 0x0F, 0x00, 0x00, 0x78, 0x00, 0x03, 0xE0, 0x00, 0x1F, 0x00, 0x00, 0x7E, 0x07, 0x03,
    0xFF, 0xF8, 0x0F, 0xFF, 0xE0, 0x3F, 0xFF, 0x00, 0x7F, 0xC0, 0x00, 0x08, 0x00, 0x3C, 0x00, 0x3E,
    0x00, 0x3C, 0x00, 0x18, 0x00, 0x00, 0x00, 0x00, 0x00, 0x7F, 0x00, 0x7F, 0xC0, 0x7F, 0xF0, 0x7F,
    0xFE, 0x00, 0xFE, 0x00, 0x7E, 0x03, 0xFE, 0xFF, 0xF8, 0xFF, 0xE0, 0xFF, 0x80, 0xFE, 0x00, 0x00,
    0x00, 0x08, 0x00, 0x07, 0x80, 0x00, 0xF0, 0x00, 0x1E, 0x00, 0x01, 0x80, 0x00, 0x00, 0x00, 0x00,
    0x00, 0x03, 0xF8, 0x00, 0x7F, 0xC0, 0x0F, 0xFE, 0x01, 0xFF, 0xF8, 0x00, 0x7F, 0x00, 0x07, 0xE0,
    0x07, 0xFC, 0x3F, 0xFF, 0xF7, 0xFF, 0xFF, 0xFF, 0x9F, 0xFF, 0xC1, 0xF8, 0x00, 0x00, 0x00, 0x01,
    0x80, 0x78, 0x07, 0xC0, 0x3E, 0x03, 0xE0, 0x1F, 0x01, 0xF0, 0x0F, 0x00, 0xF7, 0xFF, 0x7F, 0xF7,
    0xFE, 0x7F, 0xC0, 0x60, 0x01, 0x80, 0x03, 0xC0, 0x01, 0xF0, 0x00, 0x7C, 0x00, 0x3E, 0x00, 0x0F,
    0x80, 0x07, 0xC0, 0x01, 0xE0, 0x00, 0xF8, 0x3F, 0xFF, 0x9F, 0xFF, 0xCF, 0xFF, 0xF7, 0xFD, 0xF0,
    0x30, 0x00, 0x04, 0x00, 0xE0, 0x1F, 0x00, 0xF0, 0x06, 0x00, 0x00, 0x01, 0x80, 0x78, 0x07, 0xC0,
    0x3E, 0x03, 0xE0, 0x1F, 0x01, 0xF0, 0x0F, 0x00, 0xF7, 0xFF, 0x7F, 0xF7, 0xFE, 0x7F, 0xC0, 0x60,
    0x04, 0x00, 0x07, 0x00, 0x07, 0xC0, 0x01, 0xE0, 0x00, 0x60, 0x00, 0x00, 0x00, 0x06, 0x00, 0x0F,
    0x00, 0x07, 0xC0, 0x01, 0xF0, 0x00, 0xF8, 0x00, 0x3E, 0x00, 0x1F, 0x00, 0x07, 0x80, 0x03, 0xE0,
    0xFF, 0xFE, 0x7F, 0xFF, 0x3F, 0xFF, 0xDF, 0xF7, 0xC0, 0xC0, 0x00, 0x01, 0x01, 0xE0, 0xF8, 0x1F,
    0x07, 0xC0, 0xF0, 0x3C, 0x0F, 0x07, 0xC1, 0xF0, 0xF8, 0xFE, 0xFF, 0x3F, 0x87, 0x81, 0x80, 0x01,
    0x00, 0x0F, 0x00, 0x3E, 0x00, 0x3E, 0x00, 0x7C, 0x00, 0x78, 0x00, 0xFF, 0x01, 0xFE, 0x07, 0xFE,
    0x0F, 0xF8, 0x3E, 0x01, 0xFC, 0x0F, 0xF0, 0x1F, 0xC0, 0x3E, 0x00, 0x30, 0x00, 0x03, 0x01, 0xE0,
    0x78, 0x1E, 0x03, 0x00, 0x00, 0x00, 0x04, 0x07, 0x83, 0xE0, 0x7C, 0x1F, 0x03, 0xC0, 0xF0, 0x3C,
    0x1F, 0x07, 0xC3, 0xE3, 0xFB, 0xFC, 0xFE, 0x1E, 0x06, 0x00, 0x02, 0x00, 0x0E, 0x00, 0x3E, 0x00,
    0x38, 0x00, 0x70, 0x00, 0x00, 0x00, 0x00, 0x00, 0x80, 0x07, 0x80, 0x1F, 0x00, 0x1F, 0x00, 0x3E,
    0x00, 0x3C, 0x00, 0x7F, 0x80, 0xFF, 0x03, 0xFF, 0x07, 0xFC, 0x1F, 0x00, 0xFE, 0x07, 0xF8, 0x0F,
    0xE0, 0x1F, 0x00, 0x18, 0x00, 0x00, 0x00, 0x00, 0x00, 0x07, 0x00, 0x00, 0x00, 0x07, 0x80, 0x00,
    0x00, 0x03, 0xE0, 0x00, 0x60, 0x61, 0xF0, 0x00, 0xF8, 0x3C, 0x78, 0x00, 0x3C, 0x3E, 0x3D, 0xE0,
    0x1E, 0x1E, 0x1E, 0xF0, 0x0F, 0x8F, 0x0F, 0x78, 0x07, 0xFF, 0xFF, 0xFC, 0x03, 0xFF, 0xFF, 0xFE,
    0x01, 0xFF, 0xFF, 0xDF, 0x00, 0xFF, 0xDF, 0xCF, 0x80, 0x78, 0x00, 0x03, 0xE0, 0xFC, 0x00, 0x01,
    0xFF, 0xFC, 0x00, 0x00, 0x7F, 0xFE, 0x00, 0x00, 0x1F, 0xFE, 0x00, 0x00, 0x03, 0xFC, 0x00, 0x00,
    0x00, 0x00, 0x00, 0x00, 0x01, 0x00, 0x00, 0x00, 0x00, 0x1E, 0x00, 0x00, 0x30, 0x30, 0x78, 0x00,
    0x03, 0xE0, 0xF1, 0xE0, 0x00, 0x07, 0x87, 0xC7, 0x81, 0xE0, 0x1E, 0x1E, 0x1E, 0x07, 0x80, 0x7C,
    0x78, 0x7C, 0x1E, 0x01, 0xFF, 0xFF, 0xFE, 0xF8, 0x07, 0xFF, 0xFF, 0xFF, 0xE0, 0x1F, 0xFF, 0xFF,
    0xFF, 0x80, 0x7F, 0xEF, 0xEF, 0xFE, 0x01, 0xE0, 0x00, 0x00, 0x7C, 0x1F, 0x80, 0x00, 0x01, 0xFF,
    0xFC, 0x00, 0x00, 0x03, 0xFF, 0xF0, 0x00, 0x00, 0x07, 0xFF, 0x80, 0x00, 0x00, 0x07, 0xF8, 0x00,
    0x00, 0x00, 0x00, 0x00, 0x1C, 0x00, 0x00, 0xF8, 0x00, 0x00, 0xF0, 0x40, 0xE1, 0xE1, 0xE1, 0xE3,
    0xE3, 0xC3, 0xC7, 0xC7, 0x87, 0x87, 0x9F, 0x1F, 0x0F, 0xFF, 0xFF, 0xFF, 0xFF, 0xFF, 0xFB, 0xFF,
    0xFF, 0xF7, 0xBF, 0xBF, 0xC0, 0x00, 0x00, 0x00, 0x00, 0x00, 0x0C, 0x00, 0x00, 0x03, 0xC0, 0x08,
    0x1C, 0x3C, 0x01, 0xE1, 0xE1, 0xE0, 0x1E, 0x1E, 0x1E, 0x01, 0xE1, 0xE1, 0xE0, 0x3E, 0x3E, 0x3E,
    0x0F, 0xFF, 0xFF, 0xFE, 0xFF, 0xFF, 0xFF, 0xFF, 0xFF, 0xFF, 0xFF, 0xF7, 0xF7, 0xF3, 0xE0, 0x00,
    0x00, 0x00, 0x00, 0x00, 0x00, 0x00, 0x00, 0x00, 0x03, 0x80, 0x00, 0x00, 0x03, 0xC0, 0x00, 0x00,
    0x00, 0xE0, 0x00, 0x00, 0x01, 0xD8, 0x00, 0x00, 0x01, 0xFE, 0x00, 0x00, 0x00, 0xFF, 0x00, 0x00,
    0x00, 0x33, 0x0E, 0x00, 0x00, 0x00, 0x0F, 0x00, 0x00, 0x00, 0x07, 0xC0, 0x00, 0xC0, 0xC3, 0xE0,
    0x01, 0xF0, 0x78, 0xF0, 0x00, 0x78, 0x7C, 0x7B, 0xC0, 0x3C, 0x3C, 0x3D, 0xE0, 0x1F, 0x1E, 0x1E,
    0xF0, 0x0F, 0xFF, 0xFF, 0xF8, 0x07, 0xFF, 0xFF, 0xFC, 0x03, 0xFF, 0xFF, 0xBE, 0x01, 0xFF, 0xBF,
    0x9F, 0x00, 0xF0, 0x00, 0x07, 0xC1, 0xF8, 0x00, 0x03, 0xFF, 0xF8, 0x00, 0x00, 0xFF, 0xFC, 0x00,
    0x00, 0x3F, 0xFC, 0x00, 0x00, 0x07, 0xF8, 0x00, 0x00, 0x00, 0x00, 0x00, 0x00, 0x00, 0x00, 0x00,
    0x00, 0x1C, 0x00, 0x00, 0x00, 0x00, 0xF0, 0x00, 0x00, 0x00, 0x01, 0xC0, 0x00, 0x00, 0x00, 0x1D,
    0x80, 0x00, 0x00, 0x00, 0xFF, 0x00, 0x00, 0x00, 0x03, 0xFC, 0x00, 0x00, 0x00, 0x06, 0x60, 0x00,
    0x00, 0x00, 0x00, 0x01, 0x00, 0x00, 0x00, 0x00, 0x1E, 0x00, 0x00, 0x30, 0x30, 0x78, 0x00, 0x03,
    0xE0, 0xF1, 0xE0, 0x00, 0x07, 0x87, 0xC7, 0x81, 0xE0, 0x1E, 0x1E, 0x1E, 0x07, 0x80, 0x7C, 0x78,
    0x7C, 0x1E, 0x01, 0xFF, 0xFF, 0xFE, 0xF8, 0x07, 0xFF, 0xFF, 0xFF, 0xE0, 0x1F, 0xFF, 0xFF, 0xFF,
    0x80, 0x7F, 0xEF, 0xEF, 0xFE, 0x01, 0xE0, 0x00, 0x00, 0x7C, 0x1F, 0x80, 0x00, 0x01, 0xFF, 0xFC,
    0x00, 0x00, 0x03, 0xFF, 0xF0, 0x00, 0x00, 0x07, 0xFF, 0x80, 0x00, 0x00, 0x07, 0xF8, 0x00, 0x00,
    0x00, 0x00, 0x00, 0x00, 0x00, 0x3C, 0x00, 0x00, 0x78, 0x00, 0x00, 0xF0, 0x00, 0x03, 0xF0, 0x00,
    0x0F, 0xF0, 0x00, 0x1F, 0xE0, 0x00, 0x19, 0x8E, 0x00, 0x00, 0x7C, 0x00, 0x00, 0x78, 0x20, 0x70,
    0xF0, 0xF0, 0xF1, 0xF1, 0xE1, 0xE3, 0xE3, 0xC3, 0xC3, 0xCF, 0x8F, 0x87, 0xFF, 0xFF, 0xFF, 0xFF,
    0xFF, 0xFD, 0xFF, 0xFF, 0xFB, 0xDF, 0xDF, 0xE0, 0x00, 0x00, 0x00, 0x00, 0x00, 0x00, 0x00, 0x01,
    0xC0, 0x00, 0x00, 0x1E, 0x00, 0x00, 0x01, 0xC0, 0x00, 0x00, 0x77, 0x00, 0x00, 0x07, 0xF8, 0x00,
    0x00, 0x7F, 0x00, 0x00, 0x03, 0x30, 0x00, 0x00, 0x00, 0x0C, 0x00, 0x00, 0x03, 0xC0, 0x08, 0x1C,
    0x3C, 0x01, 0xE1, 0xE1, 0xE0, 0x1E, 0x1E, 0x1E, 0x01, 0xE1, 0xE1, 0xE0, 0x3E, 0x3E, 0x3E, 0x0F,
    0xFF, 0xFF, 0xFE, 0xFF, 0xFF, 0xFF, 0xFF, 0xFF, 0xFF, 0xFF, 0xF7, 0xF7, 0xF3, 0xE0, 0x00, 0x00,
    0x00, 0x00, 0x00, 0x00, 0x3F, 0x80, 0x00, 0x00, 0x1F, 0xF8, 0x00, 0x0C, 0x07, 0xFF, 0x00, 0x07,
    0xC1, 0xFF, 0xF0, 0x00, 0xF8, 0x7E, 0x3E, 0xF0, 0x0F, 0x1F, 0x03, 0xDE, 0x01, 0xF7, 0xC0, 0xFB,
    0xC0, 0x3F, 0xFF, 0xFE, 0xF8, 0x07, 0xFF, 0xFF, 0xDF, 0x00, 0xFF, 0xFF, 0xF3, 0xE0, 0x1F, 0xFF,
    0xF8, 0x7C, 0x03, 0xC3, 0xF8, 0x07, 0xC1, 0xF8, 0x00, 0x00, 0xFF, 0xFE, 0x00, 0x00, 0x0F, 0xFF,
    0xC0, 0x00, 0x00, 0xFF, 0xF0, 0x00, 0x00, 0x07, 0xF8, 0x00, 0x00, 0x00, 0x00, 0x00, 0x00, 0x3F,
    0x80, 0x00, 0x00, 0x01, 0xFF, 0x80, 0x00, 0x0C, 0x07, 0xFF, 0x00, 0x00, 0x7C, 0x1F, 0xFF, 0x00,
    0x00, 0xF8, 0x7E, 0x3E, 0x0F, 0x00, 0xF1, 0xF0, 0x3C, 0x1E, 0x01, 0xF7, 0xC0, 0xF8, 0x3C, 0x03,
    0xFF, 0xFF, 0xFC, 0xF8, 0x07, 0xFF, 0xFF, 0xFD, 0xF0, 0x0F, 0xFF, 0xFF, 0xFB, 0xE0, 0x1F, 0xFF,
    0xFF, 0xF7, 0xC0, 0x3C, 0x3F, 0x80, 0x07, 0xC1, 0xF8, 0x00, 0x00, 0x0F, 0xFF, 0xE0, 0x00, 0x00,
    0x0F, 0xFF, 0xC0, 0x00, 0x00, 0x0F, 0xFF, 0x00, 0x00, 0x00, 0x07, 0xF8, 0x00, 0x00, 0x00, 0x00,
    0x01, 0xF8, 0x00, 0x07, 0xFC, 0x10, 0x0F, 0xFE, 0x1E, 0x1F, 0xFF, 0x1E, 0x3F, 0x1F, 0x3C, 0x7C,
    0x1F, 0x3C, 0xF8, 0x1F, 0xFF, 0xF1, 0xFE, 0xFF, 0xFF, 0xFE, 0xFF, 0xFF, 0xFC, 0xF7, 0xFF, 0xF0,
    0x00, 0xFF, 0x80, 0x00, 0x01, 0xF8, 0x00, 0x00, 0x7F, 0xC0, 0x10, 0x0F, 0xFE, 0x01, 0xE1, 0xFF,
    0xF0, 0x1E, 0x3F, 0x1F, 0x03, 0xC7, 0xC1, 0xF0, 0x3C, 0xF8, 0x1F, 0x0F, 0xFF, 0x1F, 0xFC, 0xFF,
    0xFF, 0xFF, 0xEF, 0xFF, 0xFF, 0xFE, 0xF7, 0xFF, 0xFF, 0xE0, 0x0F, 0xF8, 0x00, 0x00, 0x00, 0x00,
    0x08, 0x00, 0x00, 0x00, 0x07, 0x80, 0x00, 0x00, 0x00, 0xF8, 0x00, 0x00, 0x00, 0x1E, 0x00, 0x00,
    0x00, 0x01, 0x80, 0x00, 0x00, 0x00, 0x00, 0x00, 0x00, 0x00, 0x00, 0x00, 0x00, 0x00, 0x01, 0xFC,
    0x00, 0x00, 0x00, 0xFF, 0xC0, 0x00, 0x60, 0x3F, 0xF8, 0x00, 0x3E, 0x0F, 0xFF, 0x80, 0x07, 0xC3,
    0xF1, 0xF7, 0x80, 0x78, 0xF8, 0x1E, 0xF0, 0x0F, 0xBE, 0x07, 0xDE, 0x01, 0xFF, 0xFF, 0xF7, 0xC0,
    0x3F, 0xFF, 0xFE, 0xF8, 0x07, 0xFF, 0xFF, 0x9F, 0x00, 0xFF, 0xFF, 0xC3, 0xE0, 0x1E, 0x1F, 0xC0,
    0x3E, 0x0F, 0xC0, 0x00, 0x07, 0xFF, 0xF0, 0x00, 0x00, 0x7F, 0xFE, 0x00, 0x00, 0x07, 0xFF, 0x80,
    0x00, 0x00, 0x3F, 0xC0, 0x00, 0x00, 0x00, 0x00, 0x00, 0x08, 0x00, 0x00, 0x00, 0x00, 0x78, 0x00,
    0x00, 0x00, 0x00, 0xF8, 0x00, 0x00, 0x00, 0x01, 0xE0, 0x00, 0x00, 0x00, 0x01, 0x80, 0x00, 0x00,
    0x00, 0x00, 0x00, 0x00, 0x00, 0x00, 0x00, 0x00, 0x00, 0x00, 0x00, 0x1F, 0xC0, 0x00, 0x00, 0x00,
    0xFF, 0xC0, 0x00, 0x06, 0x03, 0xFF, 0x80, 0x00, 0x3E, 0x0F, 0xFF, 0x80, 0x00, 0x7C, 0x3F, 0x1F,
    0x07, 0x80, 0x78, 0xF8, 0x1E, 0x0F, 0x00, 0xFB, 0xE0, 0x7C, 0x1E, 0x01, 0xFF, 0xFF, 0xFE, 0x7C,
    0x03, 0xFF, 0xFF, 0xFE, 0xF8, 0x07, 0xFF, 0xFF, 0xFD, 0xF0, 0x0F, 0xFF, 0xFF, 0xFB, 0xE0, 0x1E,
    0x1F, 0xC0, 0x03, 0xE0, 0xFC, 0x00, 0x00, 0x07, 0xFF, 0xF0, 0x00, 0x00, 0x07, 0xFF, 0xE0, 0x00,
    0x00, 0x07, 0xFF, 0x80, 0x00, 0x00, 0x03, 0xFC, 0x00, 0x00, 0x00, 0x00, 0x00, 0x40, 0x00, 0x01,
    0xE0, 0x00, 0x01, 0xF0, 0x00, 0x01, 0xE0, 0x00, 0x00, 0xC0, 0x00, 0x00, 0x00, 0x00, 0x00, 0x00,
    0x00, 0x01, 0xF8, 0x00, 0x07, 0xFC, 0x10, 0x0F, 0xFE, 0x1E, 0x1F, 0xFF, 0x1E, 0x3F, 0x1F, 0x3C,
    0x7C, 0x1F, 0x3C, 0xF8, 0x1F, 0xFF, 0xF1, 0xFE, 0xFF, 0xFF, 0xFE, 0xFF, 0xFF, 0xFC, 0xF7, 0xFF,
    0xF0, 0x00, 0xFF, 0x80, 0x00, 0x00, 0x40, 0x00, 0x00, 0x1E, 0x00, 0x00, 0x01, 0xF0, 0x00, 0x00,
    0x1E, 0x00, 0x00, 0x00, 0xC0, 0x00, 0x00, 0x00, 0x00, 0x00, 0x00, 0x00, 0x00, 0x00, 0x1F, 0x80,
    0x00, 0x07, 0xFC, 0x01, 0x00, 0xFF, 0xE0, 0x1E, 0x1F, 0xFF, 0x01, 0xE3, 0xF1, 0xF0, 0x3C, 0x7C,
    0x1F, 0x03, 0xCF, 0x81, 0xF0, 0xFF, 0xF1, 0xFF, 0xCF, 0xFF, 0xFF, 0xFE, 0xFF, 0xFF, 0xFF, 0xEF,
    0x7F, 0xFF, 0xFE, 0x00, 0xFF, 0x80, 0x00, 0x07, 0x00, 0x00, 0x7C, 0x00, 0x03, 0xE0, 0x00, 0x0F,
    0x00, 0x00, 0x78, 0x00, 0x03, 0xC0, 0x00, 0x1E, 0x00, 0x00, 0xF0, 0x00, 0x07, 0x9F, 0xC0, 0x3D,
    0xFF, 0x01, 0xFF, 0xFC, 0x0F, 0xFF, 0xE0, 0x7F, 0x0F, 0x03, 0xF0, 0x78, 0x1F, 0x03, 0xCF, 0xFF,
    0xFE, 0xFF, 0xFF, 0xE7, 0xFF, 0xFE, 0x3F, 0xFF, 0xE0, 0x3F, 0xF0, 0x00, 0x07, 0x00, 0x00, 0x0F,
    0x80, 0x00, 0x0F, 0x80, 0x00, 0x07, 0x80, 0x00, 0x07, 0x80, 0x00, 0x07, 0x80, 0x00, 0x07, 0x80,
    0x00, 0x07, 0x80, 0x00, 0x07, 0x9F, 0xC0, 0x07, 0xBF, 0xE0, 0x07, 0xFF, 0xF0, 0x07, 0xFF, 0xF0,
    0x07, 0xF0, 0xF0, 0x07, 0xE0, 0xF0, 0x07, 0xC0, 0xF0, 0x7F, 0xFF, 0xFE, 0xFF, 0xFF, 0xFF, 0xFF,
    0xFF, 0xFF, 0xFF, 0xFF, 0xFF, 0x1F, 0xF8, 0x00, 0x3C, 0x00, 0x0F, 0x00, 0x03, 0xC0, 0x00, 0xF0,
    0x00, 0x3C, 0x00, 0x0F, 0x00, 0x03, 0xC0, 0x00, 0xF0, 0x60, 0x3C, 0xFF, 0x0F, 0x7F, 0xE3, 0xFF,
    0xF8, 0xFF, 0xFF, 0x3F, 0x87, 0xCF, 0xC1, 0xF3, 0xE0, 0xFF, 0xFF, 0xFE, 0xFF, 0xFF, 0xBF, 0xFF,
    0x8F, 0xFF, 0x83, 0xF0, 0x00, 0x3C, 0x00, 0x00, 0xF0, 0x00, 0x03, 0xC0, 0x00, 0x0F, 0x00, 0x00,
    0x3C, 0x00, 0x00, 0xF0, 0x00, 0x03, 0xC0, 0x00, 0x0F, 0x06, 0x00, 0x3C, 0xFF, 0x00, 0xF7, 0xFE,
    0x03, 0xFF, 0xF8, 0x0F, 0xFF, 0xF0, 0x3F, 0x87, 0xC0, 0xFC, 0x1F, 0x03, 0xE0, 0xFC, 0x3F, 0xFF,
    0xFC, 0xFF, 0xFF, 0xFB, 0xFF, 0xFF, 0xEF, 0xFF, 0xBF, 0xBF, 0x00, 0x00, 0x07, 0x00, 0x00, 0x7C,
    0x18, 0x03, 0xE1, 0xE0, 0x0F, 0x0F, 0x00, 0x78, 0x78, 0x03, 0xC1, 0x80, 0x1E, 0x00, 0x00, 0xF0,
    0x00, 0x07, 0x9F, 0xC0, 0x3D, 0xFF, 0x01, 0xFF, 0xFC, 0x0F, 0xFF, 0xE0, 0x7F, 0x0F, 0x03, 0xF0,
    0x78, 0x1F, 0x03, 0xCF, 0xFF, 0xFE, 0xFF, 0xFF, 0xE7, 0xFF, 0xFE, 0x3F, 0xFF, 0xE0, 0x3F, 0xF0,
    0x00, 0x07, 0x00, 0x00, 0x0F, 0x82, 0x00, 0x0F, 0x8F, 0x00, 0x07, 0x8F, 0x80, 0x07, 0x8F, 0x00,
    0x07, 0x86, 0x00, 0x07, 0x80, 0x00, 0x07, 0x80, 0x00, 0x07, 0x9F, 0xC0, 0x07, 0xBF, 0xE0, 0x07,
    0xFF, 0xF0, 0x07, 0xFF, 0xF0, 0x07, 0xF0, 0xF0, 0x07, 0xE0, 0xF0, 0x07, 0xC0, 0xF0, 0x7F, 0xFF,
    0xFE, 0xFF, 0xFF, 0xFF, 0xFF, 0xFF, 0xFF, 0xFF, 0xFF, 0xFF, 0x1F, 0xF8, 0x00, 0x3C, 0x00, 0x0F,
    0x04, 0x03, 0xC3, 0x80, 0xF1, 0xF0, 0x3C, 0x78, 0x0F, 0x0C, 0x03, 0xC0, 0x00, 0xF0, 0x60, 0x3C,
    0xFF, 0x0F, 0x7F, 0xE3, 0xFF, 0xF8, 0xFF, 0xFF, 0x3F, 0x87, 0xCF, 0xC1, 0xF3, 0xE0, 0xFF, 0xFF,
    0xFE, 0xFF, 0xFF, 0xBF, 0xFF, 0x8F, 0xFF, 0x83, 0xF0, 0x00, 0x3C, 0x00, 0x00, 0xF0, 0x40, 0x03,
    0xC3, 0x80, 0x0F, 0x1F, 0x00, 0x3C, 0x78, 0x00, 0xF0, 0xC0, 0x03, 0xC0, 0x00, 0x0F, 0x06, 0x00,
    0x3C, 0xFF, 0x00, 0xF7, 0xFE, 0x03, 0xFF, 0xF8, 0x0F, 0xFF, 0xF0, 0x3F, 0x87, 0xC0, 0xFC, 0x1F,
    0x03, 0xE0, 0xFC, 0x3F, 0xFF, 0xFC, 0xFF, 0xFF, 0xFB, 0xFF, 0xFF, 0xEF, 0xFF, 0xBF, 0xBF, 0x00,
    0x00, 0x0F, 0xC0, 0x1F, 0xE0, 0x1F, 0xF0, 0x0F, 0xF8, 0x07, 0x80, 0x03, 0xC0, 0x01, 0xE0, 0xC0,
    0xFF, 0xE0, 0x3F, 0xF8, 0x0F, 0xFC, 0x0F, 0xF8, 0x07, 0xE0, 0x07, 0xC0, 0x03, 0xC0, 0x03, 0xE0,
    0x01, 0xE0, 0x00, 0xF0, 0x00, 0x78, 0x00, 0x3E, 0x00, 0x0F, 0xC0, 0xE7, 0xFF, 0xF1, 0xFF, 0xF8,
    0x7F, 0xFC, 0x0F, 0xF8, 0x07, 0xE0, 0x0F, 0xF8, 0x0F, 0xFE, 0x07, 0xFF, 0x03, 0xC7, 0x81, 0xF3,
    0xC0, 0x7F, 0xE0, 0x1F, 0xE0, 0x07, 0xFF, 0x07, 0xFF, 0x8F, 0xFF, 0xEF, 0xFF, 0xE7, 0xC0, 0x07,
    0xC0, 0x03, 0xC0, 0x01, 0xE0, 0x00, 0xF0, 0x00, 0x7E, 0x0E, 0x3F, 0xFF, 0x0F, 0xFF, 0xC3, 0xFF,
    0xE0, 0x7F, 0x80, 0x03, 0xC0, 0x7F, 0x07, 0xF8, 0x7F, 0xC3, 0xE4, 0x1E, 0x00, 0xF0, 0x07, 0x86,
    0x3F, 0xFF, 0xFF, 0xFF, 0xFF, 0xFF, 0xEF, 0xF8, 0x00, 0x00, 0x03, 0xF0, 0x07, 0xFC, 0x07, 0xFF,
    0x07, 0xFF, 0x83, 0xE3, 0xC1, 0xFB, 0xE0, 0x7F, 0xE0, 0x1F, 0xF0, 0x7F, 0xFF, 0x3F, 0xFF, 0xDF,
    0xFF, 0xEF, 0xCF, 0xF0, 0x00, 0x00, 0x03, 0x00, 0x03, 0xC0, 0x01, 0xE0, 0x00, 0xF0, 0x00, 0x30,
    0x00, 0x00, 0x00, 0x00, 0x00, 0x1F, 0x80, 0x3F, 0xC0, 0x3F, 0xE0, 0x1F, 0xF0, 0x0F, 0x00, 0x07,
    0x80, 0x03, 0xC1, 0x81, 0xFF, 0xC0, 0x7F, 0xF0, 0x1F, 0xF8, 0x1F, 0xF0, 0x0F, 0xC0, 0x0F, 0x80,
    0x07, 0x80, 0x07, 0xC0, 0x03, 0xC0, 0x01, 0xE0, 0x00, 0xF0, 0x00, 0x7C, 0x00, 0x1F, 0x81, 0xCF,
    0xFF, 0xE3, 0xFF, 0xF0, 0xFF, 0xF8, 0x1F, 0xF0, 0x01, 0x80, 0x01, 0xE0, 0x00, 0xF0, 0x00, 0x78,
    0x00, 0x18, 0x00, 0x00, 0x00, 0x1F, 0x80, 0x3F, 0xE0, 0x3F, 0xF8, 0x1F, 0xFC, 0x0F, 0x1E, 0x07,
    0xCF, 0x01, 0xFF, 0x80, 0x7F, 0x80, 0x1F, 0xFC, 0x1F, 0xFE, 0x3F, 0xFF, 0xBF, 0xFF, 0x9F, 0x00,
    0x1F, 0x00, 0x0F, 0x00, 0x07, 0x80, 0x03, 0xC0, 0x01, 0xF8, 0x38, 0xFF, 0xFC, 0x3F, 0xFF, 0x0F,
    0xFF, 0x81, 0xFE, 0x00, 0x03, 0x00, 0x3C, 0x01, 0xE0, 0x0F, 0x00, 0x30, 0x00, 0x00, 0x0F, 0x01,
    0xFC, 0x1F, 0xE1, 0xFF, 0x0F, 0x90, 0x78, 0x03, 0xC0, 0x1E, 0x18, 0xFF, 0xFF, 0xFF, 0xFF, 0xFF,
    0xFF, 0xBF, 0xE0, 0x00, 0x00, 0x00, 0x80, 0x00, 0xE0, 0x00, 0xF8, 0x00, 0x78, 0x00, 0x18, 0x00,
    0x00, 0x00, 0x0F, 0xC0, 0x1F, 0xF0, 0x1F, 0xFC, 0x1F, 0xFE, 0x0F, 0x8F, 0x07, 0xEF, 0x81, 0xFF,
    0x80, 0x7F, 0xC1, 0xFF, 0xFC, 0xFF, 0xFF, 0x7F, 0xFF, 0xBF, 0x3F, 0xC0, 0x00, 0x00, 0x00, 0x00,
    0x10, 0x00, 0x00, 0x1C, 0x00, 0x00, 0x1F, 0x00, 0x00, 0x07, 0x80, 0x00, 0x01, 0x80, 0x00, 0x00,
    0x00, 0x00, 0x00, 0xE0, 0x00, 0x01, 0xFC, 0x00, 0x01, 0xFF, 0x00, 0x00, 0xFF, 0x80, 0x00, 0xFB,
    0xEE, 0x00, 0x78, 0xF7, 0x80, 0x3E, 0x7B, 0xC0, 0x1F, 0xFD, 0xE0, 0x0F, 0xFF, 0xF0, 0x03, 0xFF,
    0xF8, 0x00, 0x7F, 0xBF, 0x80, 0x3F, 0x9F, 0xFF, 0xFF, 0xC7, 0xFF, 0xFF, 0xC1, 0xFF, 0xFF, 0xC0,
    0x1F, 0xFF, 0x00, 0x00, 0x00, 0x04, 0x00, 0x00, 0x00, 0x38, 0x00, 0x00, 0x01, 0xF0, 0x00, 0x00,
    0x07, 0x80, 0x00, 0x00, 0x0C, 0x00, 0x00, 0x00, 0x00, 0x00, 0x00, 0x00, 0x00, 0x00, 0x00, 0x07,
    0xC0, 0x00, 0x00, 0x3F, 0x81, 0xC0, 0x01, 0xFF, 0x07, 0x80, 0x0F, 0xFC, 0x1E, 0x00, 0x3C, 0xF8,
    0x78, 0x00, 0xF1, 0xE3, 0xE0, 0x03, 0xCF, 0x8F, 0x80, 0x0F, 0xFC, 0x1F, 0xC0, 0x7F, 0xFE, 0x7F,
    0xFF, 0xFF, 0xFC, 0xFF, 0xFF, 0xFF, 0xF1, 0xFF, 0xFF, 0xFF, 0xC0, 0xFF, 0xE0, 0x00, 0x02, 0x00,
    0x70, 0x0F, 0x80, 0x78, 0x03, 0x00, 0x00, 0x07, 0x81, 0xFC, 0x3F, 0xE3, 0xFE, 0x7D, 0xF7, 0x8F,
    0x7C, 0xF7, 0xFF, 0x7F, 0xF3, 0xFF, 0x0F, 0xFF, 0xFE, 0xFF, 0xEF, 0xFC, 0xFF, 0x08, 0x00, 0x03,
    0x00, 0x07, 0x80, 0x07, 0x80, 0x07, 0x80, 0x03, 0x00, 0x00, 0x00, 0x00, 0x00, 0x0F, 0xC0, 0x1F,
    0xE0, 0x3F, 0xE0, 0x3F, 0xF0, 0x7C, 0xF0, 0x78, 0xF0, 0x7D, 0xF0, 0x3F, 0xF0, 0xFF, 0xFE, 0xFF,
    0xFE, 0xFF, 0xFF, 0xFF, 0xFE, 0x00, 0x00, 0x00, 0x00, 0x00, 0x01, 0xDE, 0x00, 0x1F, 0xE0, 0x01,
    0xFE, 0x00, 0x0C, 0xC0, 0x00, 0x00, 0x00, 0x03, 0x00, 0x00, 0xFC, 0x00, 0x1F, 0xE0, 0x03, 0xFE,
    0x00, 0x3F, 0xF7, 0x87, 0xCF, 0x78, 0x7C, 0xF7, 0x87, 0xFF, 0xF8, 0x3F, 0xFF, 0x83, 0xFF, 0xF8,
    0x1F, 0xFF, 0x80, 0x1F, 0x7E, 0x07, 0xE7, 0xFF, 0xFC, 0x3F, 0xFF, 0xC1, 0xFF, 0xF0, 0x07, 0xFC,
    0x00, 0x00, 0x00, 0x00, 0x00, 0x1D, 0xE0, 0x00, 0x3F, 0xE0, 0x00, 0x1D, 0xE0, 0x00, 0x0C, 0xC0,
    0x00, 0x00, 0x00, 0x00, 0x07, 0x80, 0x00, 0x1F, 0xC0, 0x00, 0x3F, 0xE0, 0x00, 0x3F, 0xF0, 0x00,
    0x3D, 0xF0, 0x70, 0x78, 0xF0, 0x78, 0x7F, 0xFE, 0x78, 0x3F, 0xFF, 0xF8, 0x3F, 0xFF, 0xF8, 0x1F,
    0xFE, 0xF8, 0x01, 0xF8, 0xF8, 0x03, 0xE0, 0x7E, 0x0F, 0xE0, 0x7F, 0xFF, 0xC0, 0x3F, 0xFF, 0x80,
    0x1F, 0xFF, 0x00, 0x07, 0xFC, 0x00, 0x00, 0x01, 0xDC, 0x3D, 0xE1, 0xDE, 0x18, 0xC0, 0x00, 0x07,
    0x81, 0xFC, 0x3F, 0xE3, 0xFE, 0x7D, 0xF7, 0x8F, 0x7C, 0xF7, 0xFF, 0x7F, 0xF3, 0xFF, 0x0F, 0xFF,
    0xFE, 0xFF, 0xEF, 0xFC, 0xFF, 0x08, 0x00, 0x00, 0x00, 0x1D, 0xE0, 0x1F, 0xE0, 0x1F, 0xE0, 0x0C,
    0xC0, 0x00, 0x00, 0x00, 0x00, 0x0F, 0xC0, 0x1F, 0xE0, 0x3F, 0xE0, 0x3F, 0xF0, 0x7C, 0xF0, 0x78,
    0xF0, 0x7D, 0xF0, 0x3F, 0xF0, 0xFF, 0xFE, 0xFF, 0xFE, 0xFF, 0xFF, 0xFF, 0xFE, 0x00, 0x00, 0x00,
    0x00, 0x3C, 0x00, 0x00, 0x78, 0x00, 0x00, 0xF0, 0x00, 0x01, 0xE0, 0x00, 0xC3, 0xC0, 0x07, 0xC7,
    0x80, 0x0F, 0x8F, 0x00, 0x3C, 0x1E, 0x00, 0x3C, 0x3C, 0xE0, 0x38, 0x79, 0xE0, 0xF8, 0xF3, 0xC7,
    0xE1, 0xE7, 0x87, 0x83, 0xDF, 0x0C, 0x07, 0xBE, 0x00, 0x0F, 0x3F, 0x80, 0xFE, 0x7F, 0xFF, 0xFC,
    0x7F, 0xFF, 0xF0, 0x7F, 0xFF, 0xC0, 0x1F, 0xFC, 0x00, 0x00, 0x00, 0x3C, 0x00, 0x00, 0x07, 0x80,
    0x00, 0x00, 0xF0, 0x00, 0x00, 0x1E, 0x00, 0x00, 0xC3, 0xC0, 0x00, 0x7C, 0x78, 0x00, 0x0F, 0x8F,
    0x00, 0x03, 0xC1, 0xE0, 0x00, 0x3C, 0x3C, 0x0E, 0x03, 0x87, 0x81, 0xE0, 0xF8, 0xF0, 0x3C, 0x7E,
    0x1E, 0x07, 0x87, 0x83, 0xC1, 0xF0, 0xC0, 0x7C, 0x3E, 0x00, 0x0F, 0x83, 0xF8, 0x0F, 0xFE, 0x7F,
    0xFF, 0xFF, 0xE7, 0xFF, 0xFF, 0xFC, 0x7F, 0xFF, 0xDF, 0x01, 0xFF, 0xC0, 0x00, 0x00, 0xE0, 0x3E,
    0x0F, 0xF1, 0xFF, 0x7F, 0xCF, 0xE0, 0xF8, 0x0F, 0xC0, 0x7E, 0x03, 0xF0, 0x1F, 0x80, 0xF8, 0x07,
    0xC0, 0x7C, 0xFF, 0xCF, 0xFC, 0xFF, 0x8F, 0xF0, 0xE0, 0x00, 0x00, 0x60, 0x07, 0xC0, 0x3F, 0xC0,
    0xFF, 0x87, 0xFC, 0x1F, 0xC0, 0x3E, 0x00, 0x7E, 0x00, 0x7E, 0x00, 0x7E, 0x00, 0x7E, 0x00, 0x7C,
    0x00, 0x7C, 0x00, 0xFC, 0x3F, 0xFF, 0x7F, 0xFF, 0xFF, 0xFF, 0xFE, 0xFF, 0x80, 0x00, 0x00, 0x07,
    0x80, 0x01, 0xE0, 0x00, 0x78, 0x00, 0x1E, 0x00, 0x07, 0x80, 0x01, 0xE0, 0x00, 0x78, 0x00, 0x1E,
    0x00, 0x07, 0x80, 0x01, 0xE0, 0x00, 0x78, 0x00, 0x1E, 0x00, 0x07, 0xDE, 0x01, 0xF7, 0x80, 0x7D,
    0xE0, 0x1F, 0xF8, 0x07, 0xBE, 0x01, 0xEF, 0x80, 0x7B, 0xE0, 0x3E, 0x7C, 0x1F, 0x1F, 0xFF, 0xC3,
    0xFF, 0xE0, 0x7F, 0xF0, 0x07, 0xF0, 0x00, 0x00, 0x07, 0x80, 0x00, 0x1E, 0x00, 0x00, 0x78, 0x00,
    0x01, 0xE0, 0x00, 0x07, 0x80, 0x00, 0x1E, 0x00, 0x00, 0x78, 0x00, 0x01, 0xE0, 0x00, 0x07, 0x80,
    0x00, 0x1E, 0x00, 0x00, 0x78, 0x00, 0x01, 0xE0, 0x00, 0x07, 0x81, 0xE0, 0x1F, 0x07, 0x80, 0x7C,
    0x1E, 0x01, 0xFE, 0xF8, 0x07, 0xFF, 0xE0, 0x1F, 0xFF, 0x80, 0x7F, 0xFE, 0x01, 0xE0, 0x7C, 0x1F,
    0x81, 0xFF, 0xFC, 0x03, 0xFF, 0xF0, 0x07, 0xFF, 0x80, 0x07, 0xF8, 0x00, 0x3C, 0x78, 0xF1, 0xE3,
    0xC7, 0x8F, 0x1E, 0x3C, 0x78, 0xF1, 0xE3, 0xC7, 0xCF, 0x7E, 0xFD, 0xFB, 0xE0, 0x00, 0x3C, 0x07,
    0x80, 0xF0, 0x1E, 0x03, 0xC0, 0x78, 0x0F, 0x01, 0xE0, 0x3C, 0x07, 0x80, 0xF0, 0x1E, 0x03, 0xE0,
    0x7C, 0x0F, 0x87, 0xFE, 0xFF, 0xFF, 0xFF, 0xDF, 0x80, 0x00, 0x00, 0x00, 0x7E, 0x07, 0xF8, 0x7F,
    0xE7, 0xFF, 0x9C, 0x7C, 0x21, 0xE0, 0xFF, 0x1F, 0xFB, 0xFF, 0xDF, 0xFF, 0xF8, 0x6F, 0x80, 0x78,
    0x03, 0xC0, 0x1E, 0x00, 0xF0, 0x07, 0xC0, 0x1E, 0x00, 0xF0, 0x07, 0x80, 0x3C, 0x00, 0x00, 0xF0,
    0x00, 0x7F, 0x00, 0x3F, 0xE0, 0x0F, 0xFE, 0x03, 0xFB, 0xC0, 0x7C, 0x78, 0x1F, 0xC7, 0x83, 0xFF,
    0xFE, 0xFF, 0xFF, 0xFE, 0xFF, 0xFF, 0xCF, 0xFF, 0xF8, 0x78, 0x0F, 0x00, 0x01, 0xE0, 0x00, 0x3E,
    0x00, 0x07, 0xC0, 0x00, 0x78, 0x00, 0x0F, 0x00, 0x01, 0xE0, 0x00, 0x3E, 0x00, 0x03, 0x80, 0x00,
    0x01, 0xC0, 0x1F, 0x80, 0xFF, 0x07, 0xFE, 0x1F, 0xF8, 0xF9, 0xF3, 0xC7, 0xFF, 0xFF, 0xFF, 0xFB,
    0xFF, 0xEF, 0x7F, 0x00, 0x00, 0x01, 0xC0, 0x01, 0xF8, 0x00, 0xFF, 0x00, 0x7F, 0xE0, 0x1E, 0xF8,
    0x0F, 0x1F, 0x07, 0xE7, 0xC3, 0xFD, 0xFE, 0xFF, 0xFF, 0xFF, 0xFF, 0xFE, 0x7F, 0xFC, 0x07, 0x80,
    0x00, 0xC0, 0x00, 0x78, 0x00, 0x1E, 0x00, 0x07, 0x80, 0x00, 0xC0, 0x00, 0x00, 0x00, 0x00, 0x70,
    0x00, 0x3E, 0x00, 0x0F, 0x9E, 0x01, 0xE7, 0x80, 0x79, 0xE0, 0x1F, 0xF8, 0x07, 0xFE, 0x01, 0xFF,
    0x80, 0x7B, 0xE0, 0x1E, 0x7C, 0x1F, 0x9F, 0xFF, 0xC3, 0xFF, 0xE0, 0x7F, 0xF0, 0x07, 0xF0, 0x00,
    0x00, 0xC0, 0x00, 0x03, 0xC0, 0x00, 0x07, 0x80, 0x00, 0x0F, 0x00, 0x00, 0x0C, 0x00, 0x00, 0x00,
    0x00, 0x00, 0x00, 0xC0, 0x00, 0x07, 0xC0, 0x00, 0x07, 0x80, 0xF0, 0x0F, 0x01, 0xE0, 0x1F, 0x03,
    0xC0, 0x3F, 0xCF, 0x80, 0x7F, 0xDF, 0x00, 0xFF, 0xBE, 0x01, 0xFF, 0x7C, 0x03, 0xC0, 0x7C, 0x1F,
    0x80, 0xFF, 0xFE, 0x00, 0xFF, 0xFC, 0x00, 0xFF, 0xF0, 0x00, 0x7F, 0x80, 0x00, 0x10, 0x71, 0xF1,
    0xE1, 0x80, 0x07, 0x1E, 0x3C, 0x7C, 0xF8, 0xF1, 0xE3, 0xFF, 0xFF, 0xFD, 0xF0, 0x00, 0x0C, 0x01,
    0xE0, 0x1E, 0x01, 0xE0, 0x0C, 0x00, 0x00, 0x00, 0x01, 0xE0, 0x1E, 0x01, 0xE0, 0x1E, 0x03, 0xE0,
    0xFF, 0xEF, 0xFF, 0xFF, 0xFF, 0x7F, 0x00, 0x00, 0x0C, 0x01, 0xC0, 0x7C, 0x1F, 0xC1, 0xFC, 0x7F,
    0x9F, 0xFB, 0xCF, 0xF9, 0xFF, 0x3F, 0xFF, 0xBF, 0xF7, 0xFC, 0x7F, 0x00, 0x00, 0x01, 0xE0, 0x01,
    0xF0, 0x07, 0xF0, 0x1F, 0xF0, 0x3F, 0xF0, 0x7F, 0xF0, 0x7D, 0xF0, 0xF8, 0xF0, 0xF8, 0xF0, 0xFF,
    0xF0, 0x7F, 0xF0, 0x7F, 0xFE, 0x3F, 0xFF, 0x02, 0x7F, 0x00, 0x3F, 0x00, 0x00, 0x0C, 0x00, 0x0F,
    0x00, 0x1F, 0x80, 0x1F, 0xC0, 0x3F, 0xE0, 0x3F, 0xF8, 0x79, 0xFC, 0x79, 0xFC, 0x7F, 0xFE, 0x3F,
    0xDE, 0xFF, 0xDE, 0xFF, 0xFE, 0xFF, 0xFE, 0xFF, 0xFC, 0x00, 0x60, 0x03, 0xE0, 0x07, 0xF0, 0x03,
    0xFC, 0x03, 0xFE, 0x01, 0xEF, 0x01, 0xF7, 0x80, 0xF3, 0xC0, 0x7B, 0xE0, 0xFF, 0xFF, 0x7F, 0xFF,
    0xBF, 0xFF, 0xFF, 0xFF, 0xE3, 0xC7, 0xC1, 0xF3, 0xE0, 0xFF, 0xE0, 0x3F, 0xF0, 0x0F, 0xF0, 0x01,
    0xF0, 0x00, 0x00, 0x00, 0xF8, 0x1F, 0xC3, 0xFE, 0x7F, 0xE7, 0x9E, 0x79, 0xF7, 0xFF, 0x7F, 0xF7,
    0xFF, 0x3F, 0xE0, 0x3E, 0x1F, 0xEF, 0xFC, 0x7F, 0x87, 0xE0, 0x78, 0x00, 0x00, 0x00, 0x0F, 0x80,
    0x1F, 0xC0, 0x3F, 0xE0, 0x7F, 0xE0, 0x79, 0xE0, 0x79, 0xF0, 0x7F, 0xFC, 0x7F, 0xFE, 0x7F, 0xFE,
    0x3F, 0xFE, 0x03, 0xF8, 0x1F, 0xE0, 0xFF, 0xC0, 0x7F, 0x80, 0x7E, 0x00, 0x78, 0x00, 0x00, 0x07,
    0xF0, 0x00, 0x7F, 0x80, 0x07, 0xFC, 0x00, 0x7F, 0xC0, 0x03, 0xC0, 0x00, 0x3E, 0x01, 0xE1, 0xE0,
    0x0F, 0x0F, 0xC0, 0x78, 0x3F, 0x87, 0xC0, 0xFF, 0x3E, 0x03, 0xF9, 0xF0, 0x03, 0xCF, 0x80, 0x3E,
    0x3F, 0x07, 0xF1, 0xFF, 0xFF, 0x07, 0xFF, 0xF0, 0x1F, 0xFF, 0x00, 0x3F, 0xC0, 0x00, 0x00, 0x00,
    0x01, 0xE0, 0x00, 0x07, 0x80, 0x70, 0x1E, 0x01, 0xFE, 0xF8, 0x0F, 0xFF, 0xE0, 0x3F, 0xFF, 0x80,
    0x3F, 0xFE, 0x00, 0x7C, 0x7E, 0x03, 0xE1, 0xFF, 0xFF, 0x83, 0xFF, 0xFC, 0x07, 0xFF, 0xE0, 0x07,
    0xFC, 0x00, 0x00, 0x07, 0xF0, 0x00, 0x7F, 0x80, 0x07, 0xFC, 0x00, 0x7F, 0xC0, 0x03, 0xC0, 0x00,
    0x3E, 0x01, 0xE1, 0xE0, 0x0F, 0x0F, 0xC0, 0x78, 0x3F, 0x87, 0xC0, 0xFF, 0x3E, 0x03, 0xF9, 0xF0,
    0x03, 0xCF, 0x80, 0x3E, 0x3F, 0x07, 0xF1, 0xFF, 0xFF, 0x07, 0xFF, 0xF0, 0x1F, 0xFF, 0x00, 0x3F,
    0xC0, 0x00, 0x00, 0x00, 0x00, 0x00, 0x00, 0x73, 0x80, 0x03, 0xFC, 0x00, 0x1F, 0xE0, 0x00, 0xE7,
    0x00, 0x00, 0x00, 0x01, 0xE0, 0x00, 0x07, 0x80, 0x70, 0x1E, 0x01, 0xFE, 0xF8, 0x0F, 0xFF, 0xE0,
    0x3F, 0xFF, 0x80, 0x3F, 0xFE, 0x00, 0x7C, 0x7E, 0x03, 0xE1, 0xFF, 0xFF, 0x83, 0xFF, 0xFC, 0x07,
    0xFF, 0xE0, 0x07, 0xFC, 0x00, 0x00, 0x00, 0x00, 0x00, 0x00, 0x00, 0xEE, 0x00, 0x07, 0xBC, 0x00,
    0x1E, 0xF0, 0x00, 0x3B, 0x80, 0x00, 0x0E, 0x3E, 0x1E, 0x1E, 0x1F, 0x1F, 0x0F, 0x1F, 0xFF, 0xFE,
    0xFE, 0xF8, 0x00, 0x00, 0xE7, 0xFF, 0xFF, 0xE7, 0x0E, 0x00, 0x78, 0x07, 0xC0, 0x3E, 0x01, 0xF0,
    0x7F, 0xFB, 0xFF, 0xDF, 0xFF, 0xF3, 0xF0, 0x00, 0x00, 0x00, 0xE6, 0x07, 0xF8, 0x3F, 0xC1, 0xDC,
    0x00, 0x00, 0x00, 0x3F, 0xC0, 0x3F, 0xE1, 0x8D, 0xF3, 0xC0, 0x01, 0xE0, 0x00, 0xF8, 0x38, 0x7C,
    0x3E, 0x3E, 0x1F, 0xDF, 0x07, 0xFF, 0x00, 0xFF, 0x80, 0x3F, 0xC0, 0x0F, 0xE0, 0x03, 0xF0, 0x03,
    0xFC, 0x03, 0xFE, 0x03, 0xE7, 0x83, 0xFF, 0xC1, 0xFF, 0xE0, 0xFF, 0xE0, 0x7F, 0xE0, 0x00, 0x00,
    0x07, 0xF8, 0x00, 0x7F, 0xFC, 0x06, 0xFB, 0xC0, 0x00, 0x3E, 0x00, 0x03, 0xE0, 0x30, 0x3E, 0x07,
    0x83, 0xE0, 0x7C, 0x3E, 0x03, 0xE3, 0xE0, 0x1F, 0x3E, 0x00, 0xFB, 0xE0, 0x07, 0xFE, 0x00, 0x7F,
    0xE0, 0x03, 0xFE, 0x00, 0x1F, 0xE0, 0x01, 0xFE, 0x07, 0xFF, 0xFC, 0x7F, 0xFF, 0xE7, 0xFD, 0xFE,
    0x7F, 0x8F, 0xE0, 0x00, 0x00, 0x78, 0x01, 0xF0, 0x03, 0x80, 0x07, 0x40, 0x0F, 0xC1, 0x9F, 0x8F,
    0x38, 0x1E, 0x00, 0x3E, 0x38, 0x7C, 0xF8, 0xF9, 0xFD, 0xF1, 0xFF, 0xC0, 0xFF, 0x80, 0xFF, 0x00,
    0xFE, 0x00, 0xFC, 0x03, 0xFC, 0x0F, 0xF8, 0x3E, 0x78, 0xFF, 0xF1, 0xFF, 0xE3, 0xFF, 0x87, 0xFE,
    0x00, 0x3C, 0x00, 0x0F, 0x80, 0x01, 0xC0, 0x00, 0x3A, 0x00, 0x03, 0xE7, 0x80, 0xFC, 0xF0, 0x1C,
    0x1F, 0x00, 0x03, 0xE0, 0x60, 0x7C, 0x1E, 0x0F, 0x83, 0xE1, 0xF0, 0x3E, 0x3E, 0x03, 0xE7, 0xC0,
    0x3E, 0xF8, 0x03, 0xFF, 0x00, 0x7F, 0xE0, 0x07, 0xFC, 0x00, 0x7F, 0x80, 0x0F, 0xF0, 0x7F, 0xFF,
    0xCF, 0xFF, 0xFD, 0xFF, 0x7F, 0xBF, 0xC7, 0xF0, 0x00, 0x00, 0x00, 0x30, 0x03, 0xC0, 0x0F, 0x00,
    0x3E, 0x70, 0xFB, 0xE3, 0xEF, 0xEF, 0x9F, 0xFC, 0x1F, 0xF0, 0x3F, 0xC0, 0x7F, 0x00, 0xFC, 0x07,
    0xF8, 0x3F, 0xE1, 0xF3, 0xCF, 0xFF, 0x3F, 0xFC, 0xFF, 0xE3, 0xFF, 0x00, 0x00, 0x1C, 0x00, 0xF0,
    0x03, 0x80, 0x0E, 0x80, 0x3E, 0x00, 0xF8, 0x03, 0x80, 0x00, 0x00, 0x78, 0x00, 0x0F, 0x00, 0x01,
    0xF0, 0x00, 0x3E, 0x06, 0x07, 0xC1, 0xE0, 0xF8, 0x3E, 0x1F, 0x03, 0xE3, 0xE0, 0x3E, 0x7C, 0x03,
    0xEF, 0x80, 0x3F, 0xF0, 0x07, 0xFE, 0x00, 0x7F, 0xC0, 0x07, 0xF8, 0x00, 0xFF, 0x07, 0xFF, 0xFC,
    0xFF, 0xFF, 0xDF, 0xF7, 0xFB, 0xFC, 0x7F, 0x00, 0x00, 0x01, 0xC0, 0x00, 0x78, 0x00, 0x0E, 0x00,
    0x01, 0xD0, 0x00, 0x3E, 0x00, 0x07, 0xC0, 0x00, 0xE0, 0x00, 0x00, 0x00, 0x30, 0x03, 0xC0, 0x0F,
    0x00, 0x3E, 0x70, 0xFB, 0xE3, 0xEF, 0xEF, 0x9F, 0xFC, 0x1F, 0xF0, 0x3F, 0xC0, 0x7F, 0x00, 0xFC,
    0x07, 0xF8, 0x3F, 0xE1, 0xF3, 0xCF, 0xFF, 0x3F, 0xFC, 0xFF, 0xE3, 0xFF, 0x00, 0x00, 0x78, 0x00,
    0x0F, 0x00, 0x01, 0xF0, 0x00, 0x3E, 0x06, 0x07, 0xC1, 0xE0, 0xF8, 0x3E, 0x1F, 0x03, 0xE3, 0xE0,
    0x3E, 0x7C, 0x03, 0xEF, 0x80, 0x3F, 0xF0, 0x07, 0xFE, 0x00, 0x7F, 0xC0, 0x07, 0xF8, 0x00, 0xFF,
    0x07, 0xFF, 0xFC, 0xFF, 0xFF, 0xDF, 0xF7, 0xFB, 0xFC, 0x7F, 0x00, 0x00, 0x00,
};

static const EpdGlyph ubuntu_12_boldGlyphs[] = {
    { 0, 0, 0, 0, 0, 0, 0 }, // U+0000
    { 0, 0, 0, 0, 0, 0, 0 }, // U+0008
    { 0, 0, 96, 0, 0, 0, 0 }, // U+0009
    { 0, 0, 96, 0, 0, 0, 0 }, // U+000D
    { 0, 0, 0, 0, 0, 0, 0 }, // U+001D
    { 0, 0, 96, 0, 0, 0, 0 }, // U+0020
    { 5, 17, 114, 1, 17, 11, 0 }, // !
    { 10, 7, 186, 1, 19, 9, 11 }, // "
    { 16, 17, 280, 1, 17, 34, 20 }, // #
    { 14, 23, 227, 0, 20, 41, 54 }, // $
    { 23, 17, 367, 0, 17, 49, 95 }, // %
    { 18, 17, 282, 0, 17, 39, 144 }, // &
    { 4, 7, 99, 1, 19, 4, 183 }, // '
    { 8, 25, 142, 1, 20, 25, 187 }, // (
    { 8, 25, 142, 0, 20, 25, 212 }, // )
    { 11, 10, 201, 1, 17, 14, 237 }, // *
    { 12, 11, 227, 1, 13, 17, 251 }, // +
    { 6, 8, 98, 0, 4, 6, 268 }, // ,
    { 8, 3, 136, 0, 9, 3, 274 }, // -
    { 6, 5, 98, 0, 5, 4, 277 }, // .
    { 13, 25, 175, -1, 20, 41, 281 }, // /
    { 14, 17, 227, 0, 17, 30, 322 }, // 0
    { 10, 17, 227, 1, 17, 22, 352 }, // 1
    { 13, 17, 227, 0, 17, 28, 374 }, // 2
    { 13, 17, 227, 0, 17, 28, 402 }, // 3
    { 14, 17, 227, 0, 17, 30, 430 }, // 4
    { 13, 17, 227, 0, 17, 28, 460 }, // 5
    { 14, 17, 227, 0, 17, 30, 488 }, // 6
    { 13, 17, 227, 1, 17, 28, 518 }, // 7
    { 14, 17, 227, 0, 17, 30, 546 }, // 8
    { 14, 17, 227, 0, 17, 30, 576 }, // 9
    { 6, 14, 98, 0, 14, 11, 606 }, // :
    { 6, 18, 98, 0, 14, 14, 617 }, // ;
    { 12, 13, 227, 1, 14, 20, 631 }, // <
    { 12, 8, 227, 1, 12, 12, 651 }, // =
    { 12, 13, 227, 1, 14, 20, 663 }, // >
    { 11, 19, 182, 0, 19, 27, 683 }, // ?
    { 23, 22, 390, 1, 18, 64, 710 }, // @
    { 18, 17, 288, 0, 17, 39, 774 }, // A
    { 14, 17, 269, 2, 17, 30, 813 }, // B
    { 15, 17, 259, 1, 17, 32, 843 }, // C
    { 16, 17, 295, 2, 17, 34, 875 }, // D
    { 13, 17, 242, 2, 17, 28, 909 }, // E
    { 12, 17, 230, 2, 17, 26, 937 }, // F
    { 15, 17, 281, 1, 17, 32, 963 }, // G
    { 15, 17, 294, 2, 17, 32, 995 }, // H
    { 4, 17, 126, 2, 17, 9, 1027 }, // I
    { 12, 17, 212, 0, 17, 26, 1036 }, // J
    { 15, 17, 274, 2, 17, 32, 1062 }, // K
    { 12, 17, 225, 2, 17, 26, 1094 }, // L
    { 20, 17, 359, 1, 17, 43, 1120 }, // M
    { 15, 17, 302, 2, 17, 32, 1163 }, // N
    { 18, 17, 316, 1, 17, 39, 1195 }, // O
    { 14, 17, 258, 2, 17, 30, 1234 }, // P
    { 18, 22, 316, 1, 17, 50, 1264 }, // Q
    { 15, 17, 267, 2, 17, 32, 1314 }, // R
    { 14, 17, 233, 0, 17, 30, 1346 }, // S
    { 15, 17, 246, 0, 17, 32, 1376 }, // T
    { 15, 17, 283, 1, 17, 32, 1408 }, // U
    { 18, 17, 289, 0, 17, 39, 1440 }, // V
    { 24, 17, 379, 0, 17, 51, 1479 }, // W
    { 17, 17, 270, 0, 17, 37, 1530 }, // X
    { 17, 17, 264, 0, 17, 37, 1567 }, // Y
    { 15, 17, 244, 0, 17, 32, 1604 }, // Z
    { 8, 25, 148, 2, 20, 25, 1636 }, // [
    { 13, 25, 175, -1, 20, 41, 1661 }, // <backslash>
    { 8, 25, 148, 0, 20, 25, 1702 }, // ]
    { 14, 10, 227, 0, 17, 18, 1727 }, // ^
    { 13, 3, 200, 0, -2, 5, 1745 }, // _
    { 7, 6, 114, 0, 20, 6, 1750 }, // `
    { 13, 13, 221, 0, 13, 22, 1756 }, // a
    { 13, 19, 242, 1, 19, 31, 1778 }, // b
    { 11, 13, 200, 1, 13, 18, 1809 }, // c
    { 13, 19, 242, 1, 19, 31, 1827 }, // d
    { 13, 13, 234, 1, 13, 22, 1858 }, // e
    { 10, 19, 169, 1, 19, 24, 1880 }, // f
    { 13, 18, 238, 1, 13, 30, 1904 }, // g
    { 13, 19, 236, 1, 19, 31, 1934 }, // h
    { 5, 19, 116, 1, 19, 12, 1965 }, // i
    { 8, 24, 116, -2, 19, 24, 1977 }, // j
    { 14, 19, 232, 1, 19, 34, 2001 }, // k
    { 7, 19, 126, 1, 19, 17, 2035 }, // l
    { 19, 13, 345, 1, 13, 31, 2052 }, // m
    { 13, 13, 236, 1, 13, 22, 2083 }, // n
    { 14, 13, 243, 1, 13, 23, 2105 }, // o
    { 13, 18, 242, 1, 13, 30, 2128 }, // p
    { 13, 18, 242, 1, 13, 30, 2158 }, // q
    { 10, 13, 169, 1, 13, 17, 2188 }, // r
    { 12, 13, 194, 0, 13, 20, 2205 }, // s
    { 10, 17, 178, 1, 17, 22, 2225 }, // t
    { 12, 13, 236, 1, 13, 20, 2247 }, // u
    { 14, 13, 220, 0, 13, 23, 2267 }, // v
    { 20, 13, 314, 0, 13, 33, 2290 }, // w
    { 14, 13, 222, 0, 13, 23, 2323 }, // x
    { 14, 18, 219, 0, 13, 32, 2346 }, // y
    { 12, 13, 200, 0, 13, 20, 2378 }, // z
    { 10, 25, 148, 0, 20, 32, 2398 }, // {
    { 4, 25, 129, 2, 20, 13, 2430 }, // |
    { 9, 25, 148, 0, 20, 29, 2443 }, // }
    { 14, 5, 227, 0, 10, 9, 2472 }, // ~
    { 0, 0, 96, 0, 0, 0, 2481 }, // U+00A0
    { 5, 18, 114, 1, 13, 12, 2481 }, // U+00A1
    { 11, 18, 227, 1, 16, 25, 2493 }, // U+00A2
    { 13, 17, 227, 0, 17, 28, 2518 }, // U+00A3
    { 14, 13, 227, 0, 16, 23, 2546 }, // U+00A4
    { 16, 17, 227, -1, 17, 34, 2569 }, // U+00A5
    { 4, 25, 121, 2, 20, 13, 2603 }, // U+00A6
    { 13, 22, 206, 0, 17, 36, 2616 }, // U+00A7
    { 11, 4, 214, 1, 19, 6, 2652 }, // U+00A8
    { 18, 18, 318, 1, 18, 41, 2658 }, // U+00A9
    { 10, 10, 160, 0, 18, 13, 2699 }, // U+00AA
    { 15, 13, 239, 0, 14, 25, 2712 }, // U+00AB
    { 12, 9, 227, 1, 10, 14, 2737 }, // U+00AC
    { 8, 3, 136, 0, 9, 3, 2751 }, // U+00AD
    { 18, 18, 318, 1, 18, 41, 2754 }, // U+00AE
    { 9, 3, 150, 0, 19, 4, 2795 }, // U+00AF
    { 9, 7, 145, 0, 19, 8, 2799 }, // U+00B0
    { 12, 15, 227, 1, 15, 23, 2807 }, // U+00B1
    { 9, 10, 145, 0, 18, 12, 2830 }, // U+00B2
    { 8, 10, 145, 0, 18, 10, 2842 }, // U+00B3
    { 7, 6, 114, 0, 20, 6, 2852 }, // U+00B4
    { 13, 18, 238, 1, 13, 30, 2858 }, // U+00B5
    { 15, 23, 284, 1, 18, 44, 2888 }, // U+00B6
    { 6, 5, 98, 0, 10, 4, 2932 }, // U+00B7
    { 6, 7, 130, 1, 1, 6, 2936 }, // U+00B8
    { 7, 10, 145, 0, 18, 9, 2942 }, // U+00B9
    { 11, 10, 183, 0, 18, 14, 2951 }, // U+00BA
    { 15, 13, 239, 0, 14, 25, 2965 }, // U+00BB
    { 22, 18, 351, 0, 18, 50, 2990 }, // U+00BC
    { 21, 18, 351, 0, 18, 48, 3040 }, // U+00BD
    { 22, 18, 351, 0, 18, 50, 3088 }, // U+00BE
    { 11, 18, 182, 0, 13, 25, 3138 }, // U+00BF
    { 18, 24, 288, 0, 24, 54, 3163 }, // U+00C0
    { 18, 24, 288, 0, 24, 54, 3217 }, // U+00C1
    { 18, 23, 288, 0, 23, 52, 3271 }, // U+00C2
    { 18, 23, 288, 0, 23, 52, 3323 }, // U+00C3
    { 18, 23, 288, 0, 23, 52, 3375 }, // U+00C4
    { 18, 22, 288, 0, 22, 50, 3427 }, // U+00C5
    { 24, 17, 398, 0, 17, 51, 3477 }, // U+00C6
    { 15, 22, 259, 1, 17, 42, 3528 }, // U+00C7
    { 13, 24, 242, 2, 24, 39, 3570 }, // U+00C8
    { 13, 24, 242, 2, 24, 39, 3609 }, // U+00C9
    { 13, 23, 242, 2, 23, 38, 3648 }, // U+00CA
    { 13, 23, 242, 2, 23, 38, 3686 }, // U+00CB
    { 7, 24, 126, 0, 24, 21, 3724 }, // U+00CC
    { 7, 24, 126, 1, 24, 21, 3745 }, // U+00CD
    { 8, 23, 126, 0, 23, 23, 3766 }, // U+00CE
    { 10, 23, 126, -1, 23, 29, 3789 }, // U+00CF
    { 18, 17, 299, 0, 17, 39, 3818 }, // U+00D0
    { 15, 23, 302, 2, 23, 44, 3857 }, // U+00D1
    { 18, 24, 316, 1, 24, 54, 3901 }, // U+00D2
    { 18, 24, 316, 1, 24, 54, 3955 }, // U+00D3
    { 18, 23, 316, 1, 23, 52, 4009 }, // U+00D4
    { 18, 23, 316, 1, 23, 52, 4061 }, // U+00D5
    { 18, 23, 316, 1, 23, 52, 4113 }, // U+00D6
    { 12, 11, 227, 1, 13, 17, 4165 }, // U+00D7
    { 18, 19, 316, 1, 18, 43, 4182 }, // U+00D8
    { 15, 24, 283, 1, 24, 45, 4225 }, // U+00D9
    { 15, 24, 283, 1, 24, 45, 4270 }, // U+00DA
    { 15, 23, 283, 1, 23, 44, 4315 }, // U+00DB
    { 15, 23, 283, 1, 23, 44, 4359 }, // U+00DC
    { 17, 24, 264, 0, 24, 51, 4403 }, // U+00DD
    { 14, 17, 258, 2, 17, 30, 4454 }, // U+00DE
    { 15, 19, 264, 1, 19, 36, 4484 }, // U+00DF
    { 13, 20, 221, 0, 20, 33, 4520 }, // U+00E0
    { 13, 20, 221, 0, 20, 33, 4553 }, // U+00E1
    { 13, 19, 221, 0, 19, 31, 4586 }, // U+00E2
    { 13, 19, 221, 0, 19, 31, 4617 }, // U+00E3
    { 13, 19, 221, 0, 19, 31, 4648 }, // U+00E4
    { 13, 20, 221, 0, 20, 33, 4679 }, // U+00E5
    { 21, 13, 350, 0, 13, 35, 4712 }, // U+00E6
    { 11, 18, 200, 1, 13, 25, 4747 }, // U+00E7
    { 13, 20, 234, 1, 20, 33, 4772 }, // U+00E8
    { 13, 20, 234, 1, 20, 33, 4805 }, // U+00E9
    { 13, 19, 234, 1, 19, 31, 4838 }, // U+00EA
    { 13, 19, 234, 1, 19, 31, 4869 }, // U+00EB
    { 7, 20, 116, 0, 20, 18, 4900 }, // U+00EC
    { 6, 20, 116, 1, 20, 15, 4918 }, // U+00ED
    { 9, 19, 116, -1, 19, 22, 4933 }, // U+00EE
    { 11, 19, 116, -2, 19, 27, 4955 }, // U+00EF
    { 14, 19, 240, 1, 19, 34, 4982 }, // U+00F0
    { 13, 19, 236, 1, 19, 31, 5016 }, // U+00F1
    { 14, 20, 243, 1, 20, 35, 5047 }, // U+00F2
    { 14, 20, 243, 1, 20, 35, 5082 }, // U+00F3
    { 14, 19, 243, 1, 19, 34, 5117 }, // U+00F4
    { 14, 19, 243, 1, 19, 34, 5151 }, // U+00F5
    { 14, 19, 243, 1, 19, 34, 5185 }, // U+00F6
    { 12, 13, 227, 1, 13, 20, 5219 }, // U+00F7
    { 14, 15, 243, 1, 14, 27, 5239 }, // U+00F8
    { 12, 20, 236, 1, 20, 30, 5266 }, // U+00F9
    { 12, 20, 236, 1, 20, 30, 5296 }, // U+00FA
    { 12, 19, 236, 1, 19, 29, 5326 }, // U+00FB
    { 12, 19, 236, 1, 19, 29, 5355 }, // U+00FC
    { 14, 25, 219, 0, 20, 44, 5384 }, // U+00FD
    { 13, 24, 242, 1, 19, 39, 5428 }, // U+00FE
    { 14, 24, 219, 0, 19, 42, 5467 }, // U+00FF
    { 18, 23, 288, 0, 23, 52, 5509 }, // U+0100
    { 13, 19, 221, 0, 19, 31, 5561 }, // U+0101
    { 18, 23, 288, 0, 23, 52, 5592 }, // U+0102
    { 13, 19, 221, 0, 19, 31, 5644 }, // U+0103
    { 19, 23, 288, 0, 17, 55, 5675 }, // U+0104
    { 13, 19, 221, 0, 13, 31, 5730 }, // U+0105
    { 15, 24, 259, 1, 24, 45, 5761 }, // U+0106
    { 11, 20, 200, 1, 20, 28, 5806 }, // U+0107
    { 15, 23, 259, 1, 23, 44, 5834 }, // U+0108
    { 11, 19, 200, 1, 19, 27, 5878 }, // U+0109
    { 15, 23, 259, 1, 23, 44, 5905 }, // U+010A
    { 11, 19, 200, 1, 19, 27, 5949 }, // U+010B
    { 15, 24, 259, 1, 24, 45, 5976 }, // U+010C
    { 11, 20, 200, 1, 20, 28, 6021 }, // U+010D
    { 16, 24, 295, 2, 24, 48, 6049 }, // U+010E
    { 18, 19, 274, 1, 19, 43, 6097 }, // U+010F
    { 18, 17, 299, 0, 17, 39, 6140 }, // U+0110
    { 14, 19, 242, 1, 19, 34, 6179 }, // U+0111
    { 13, 23, 242, 2, 23, 38, 6213 }, // U+0112
    { 13, 19, 234, 1, 19, 31, 6251 }, // U+0113
    { 13, 23, 242, 2, 23, 38, 6282 }, // U+0114
    { 13, 19, 234, 1, 19, 31, 6320 }, // U+0115
    { 13, 23, 242, 2, 23, 38, 6351 }, // U+0116
    { 13, 19, 234, 1, 19, 31, 6389 }, // U+0117
    { 13, 23, 242, 2, 17, 38, 6420 }, // U+0118
    { 13, 18, 234, 1, 13, 30, 6458 }, // U+0119
    { 13, 24, 242, 2, 24, 39, 6488 }, // U+011A
    { 13, 20, 234, 1, 20, 33, 6527 }, // U+011B
    { 15, 23, 281, 1, 23, 44, 6560 }, // U+011C
    { 13, 24, 238, 1, 19, 39, 6604 }, // U+011D
    { 15, 23, 281, 1, 23, 44, 6643 }, // U+011E
    { 13, 24, 238, 1, 19, 39, 6687 }, // U+011F
    { 15, 23, 281, 1, 23, 44, 6726 }, // U+0120
    { 13, 24, 238, 1, 19, 39, 6770 }, // U+0121
    { 15, 22, 281, 1, 17, 42, 6809 }, // U+0122
    { 13, 25, 238, 1, 20, 41, 6851 }, // U+0123
    { 15, 23, 294, 2, 23, 44, 6892 }, // U+0124
    { 13, 25, 236, 1, 25, 41, 6936 }, // U+0125
    { 19, 17, 302, 0, 17, 41, 6977 }, // U+0126
    { 14, 19, 240, 0, 19, 34, 7018 }, // U+0127
    { 10, 23, 126, -1, 23, 29, 7052 }, // U+0128
    { 10, 19, 116, -1, 19, 24, 7081 }, // U+0129
    { 10, 23, 126, -1, 23, 29, 7105 }, // U+012A
    { 9, 19, 116, -1, 19, 22, 7134 }, // U+012B
    { 9, 23, 126, 0, 23, 26, 7156 }, // U+012C
    { 9, 19, 116, -1, 19, 22, 7182 }, // U+012D
    { 7, 23, 126, 0, 17, 21, 7204 }, // U+012E
    { 6, 25, 116, 0, 19, 19, 7225 }, // U+012F
    { 5, 23, 126, 1, 23, 15, 7244 }, // U+0130
    { 5, 13, 116, 1, 13, 9, 7259 }, // U+0131
    { 18, 17, 336, 2, 17, 39, 7268 }, // U+0132
    { 12, 24, 230, 1, 19, 36, 7307 }, // U+0133
    { 14, 23, 212, 0, 23, 41, 7343 }, // U+0134
    { 10, 24, 116, -2, 19, 30, 7384 }, // U+0135
    { 15, 22, 274, 2, 17, 42, 7414 }, // U+0136
    { 14, 24, 232, 1, 19, 42, 7456 }, // U+0137
    { 14, 13, 233, 1, 13, 23, 7498 }, // U+0138
    { 13, 24, 225, 1, 24, 39, 7521 }, // U+0139
    { 7, 24, 126, 1, 24, 21, 7560 }, // U+013A
    { 12, 22, 225, 2, 17, 33, 7581 }, // U+013B
    { 7, 24, 126, 1, 19, 21, 7614 }, // U+013C
    { 12, 17, 225, 2, 17, 26, 7635 }, // U+013D
    { 10, 19, 148, 1, 19, 24, 7661 }, // U+013E
    { 12, 17, 225, 2, 17, 26, 7685 }, // U+013F
    { 12, 19, 207, 1, 19, 29, 7711 }, // U+0140
    { 15, 17, 238, 0, 17, 32, 7740 }, // U+0141
    { 11, 19, 146, -1, 19, 27, 7772 }, // U+0142
    { 15, 24, 302, 2, 24, 45, 7799 }, // U+0143
    { 13, 20, 236, 1, 20, 33, 7844 }, // U+0144
    { 15, 22, 302, 2, 17, 42, 7877 }, // U+0145
    { 13, 18, 236, 1, 13, 30, 7919 }, // U+0146
    { 15, 24, 302, 2, 24, 45, 7949 }, // U+0147
    { 13, 20, 236, 1, 20, 33, 7994 }, // U+0148
    { 15, 19, 248, -1, 19, 36, 8027 }, // U+0149
    { 15, 22, 302, 2, 17, 42, 8063 }, // U+014A
    { 13, 18, 236, 1, 13, 30, 8105 }, // U+014B
    { 18, 23, 316, 1, 23, 52, 8135 }, // U+014C
    { 14, 19, 243, 1, 19, 34, 8187 }, // U+014D
    { 18, 23, 316, 1, 23, 52, 8221 }, // U+014E
    { 14, 19, 243, 1, 19, 34, 8273 }, // U+014F
    { 18, 24, 316, 1, 24, 54, 8307 }, // U+0150
    { 14, 20, 243, 1, 20, 35, 8361 }, // U+0151
    { 24, 17, 399, 1, 17, 51, 8396 }, // U+0152
    { 22, 13, 375, 1, 13, 36, 8447 }, // U+0153
    { 15, 24, 267, 2, 24, 45, 8483 }, // U+0154
    { 10, 20, 169, 1, 20, 25, 8528 }, // U+0155
    { 15, 22, 267, 2, 17, 42, 8553 }, // U+0156
    { 11, 18, 169, 0, 13, 25, 8595 }, // U+0157
    { 15, 24, 267, 2, 24, 45, 8620 }, // U+0158
    { 10, 20, 169, 1, 20, 25, 8665 }, // U+0159
    { 14, 24, 233, 0, 24, 42, 8690 }, // U+015A
    { 12, 20, 194, 0, 20, 30, 8732 }, // U+015B
    { 14, 23, 233, 0, 23, 41, 8762 }, // U+015C
    { 12, 19, 194, 0, 19, 29, 8803 }, // U+015D
    { 14, 22, 233, 0, 17, 39, 8832 }, // U+015E
    { 12, 18, 194, 0, 13, 27, 8871 }, // U+015F
    { 14, 24, 233, 0, 24, 42, 8898 }, // U+0160
    { 12, 20, 194, 0, 20, 30, 8940 }, // U+0161
    { 15, 23, 246, 0, 17, 44, 8970 }, // U+0162
    { 10, 22, 178, 1, 17, 28, 9014 }, // U+0163
    { 15, 24, 246, 0, 24, 45, 9042 }, // U+0164
    { 10, 19, 178, 1, 19, 24, 9087 }, // U+0165
    { 15, 17, 246, 0, 17, 32, 9111 }, // U+0166
    { 10, 17, 178, 1, 17, 22, 9143 }, // U+0167
    { 15, 23, 283, 1, 23, 44, 9165 }, // U+0168
    { 12, 19, 236, 1, 19, 29, 9209 }, // U+0169
    { 15, 23, 283, 1, 23, 44, 9238 }, // U+016A
    { 12, 19, 236, 1, 19, 29, 9282 }, // U+016B
    { 15, 23, 283, 1, 23, 44, 9311 }, // U+016C
    { 12, 19, 236, 1, 19, 29, 9355 }, // U+016D
    { 15, 23, 283, 1, 23, 44, 9384 }, // U+016E
    { 12, 20, 236, 1, 20, 30, 9428 }, // U+016F
    { 15, 24, 283, 1, 24, 45, 9458 }, // U+0170
    { 13, 20, 236, 1, 20, 33, 9503 }, // U+0171
    { 15, 22, 283, 1, 17, 42, 9536 }, // U+0172
    { 13, 18, 236, 1, 13, 30, 9578 }, // U+0173
    { 24, 23, 379, 0, 23, 69, 9608 }, // U+0174
    { 20, 19, 314, 0, 19, 48, 9677 }, // U+0175
    { 17, 23, 264, 0, 23, 49, 9725 }, // U+0176
    { 14, 24, 219, 0, 19, 42, 9774 }, // U+0177
    { 17, 23, 264, 0, 23, 49, 9816 }, // U+0178
    { 15, 24, 244, 0, 24, 45, 9865 }, // U+0179
    { 12, 20, 200, 0, 20, 30, 9910 }, // U+017A
    { 15, 23, 244, 0, 23, 44, 9940 }, // U+017B
    { 12, 19, 200, 0, 19, 29, 9984 }, // U+017C
    { 15, 24, 244, 0, 24, 45, 10013 }, // U+017D
    { 12, 20, 200, 0, 20, 30, 10058 }, // U+017E
    { 10, 19, 132, 1, 19, 24, 10088 }, // U+017F
    { 18, 19, 316, 1, 19, 43, 10112 }, // U+01A0
    { 15, 15, 243, 1, 15, 29, 10155 }, // U+01A1
    { 18, 20, 299, 1, 20, 45, 10184 }, // U+01AF
    { 15, 16, 250, 1, 16, 30, 10229 }, // U+01B0
    { 30, 24, 520, 2, 24, 90, 10259 }, // U+01C4
    { 28, 20, 486, 2, 20, 70, 10349 }, // U+01C5
    { 26, 20, 438, 1, 20, 65, 10419 }, // U+01C6
    { 24, 17, 436, 2, 17, 51, 10484 }, // U+01C7
    { 18, 24, 339, 2, 19, 54, 10535 }, // U+01C8
    { 13, 24, 241, 1, 19, 39, 10589 }, // U+01C9
    { 29, 17, 512, 2, 17, 62, 10628 }, // U+01CA
    { 23, 24, 417, 2, 19, 69, 10690 }, // U+01CB
    { 20, 24, 351, 1, 19, 60, 10759 }, // U+01CC
    { 18, 24, 288, 0, 24, 54, 10819 }, // U+01CD
    { 13, 20, 221, 0, 20, 33, 10873 }, // U+01CE
    { 8, 24, 126, 0, 24, 24, 10906 }, // U+01CF
    { 9, 20, 116, -1, 20, 23, 10930 }, // U+01D0
    { 18, 24, 316, 1, 24, 54, 10953 }, // U+01D1
    { 14, 20, 243, 1, 20, 35, 11007 }, // U+01D2
    { 15, 24, 283, 1, 24, 45, 11042 }, // U+01D3
    { 12, 20, 236, 1, 20, 30, 11087 }, // U+01D4
    { 15, 25, 283, 1, 25, 47, 11117 }, // U+01D5
    { 12, 21, 236, 1, 21, 32, 11164 }, // U+01D6
    { 15, 24, 283, 1, 24, 45, 11196 }, // U+01D7
    { 12, 22, 236, 1, 22, 33, 11241 }, // U+01D8
    { 15, 24, 283, 1, 24, 45, 11274 }, // U+01D9
    { 12, 22, 236, 1, 22, 33, 11319 }, // U+01DA
    { 15, 24, 283, 1, 24, 45, 11352 }, // U+01DB
    { 12, 22, 236, 1, 22, 33, 11397 }, // U+01DC
    { 13, 13, 234, 1, 13, 22, 11430 }, // U+01DD
    { 18, 25, 288, 0, 25, 57, 11452 }, // U+01DE
    { 13, 21, 221, 0, 21, 35, 11509 }, // U+01DF
    { 18, 25, 288, 0, 25, 57, 11544 }, // U+01E0
    { 13, 21, 221, 0, 21, 35, 11601 }, // U+01E1
    { 24, 23, 398, 0, 23, 69, 11636 }, // U+01E2
    { 21, 19, 350, 0, 19, 50, 11705 }, // U+01E3
    { 17, 17, 291, 1, 17, 37, 11755 }, // U+01E4
    { 14, 18, 241, 1, 13, 32, 11792 }, // U+01E5
    { 15, 24, 281, 1, 24, 45, 11824 }, // U+01E6
    { 13, 25, 238, 1, 20, 41, 11869 }, // U+01E7
    { 15, 24, 274, 2, 24, 45, 11910 }, // U+01E8
    { 14, 25, 232, 1, 25, 44, 11955 }, // U+01E9
    { 18, 22, 316, 1, 17, 50, 11999 }, // U+01EA
    { 14, 18, 243, 1, 13, 32, 12049 }, // U+01EB
    { 18, 28, 316, 1, 23, 63, 12081 }, // U+01EC
    { 14, 24, 243, 1, 19, 42, 12144 }, // U+01ED
    { 14, 24, 246, 0, 24, 42, 12186 }, // U+01EE
    { 12, 26, 206, 0, 21, 39, 12228 }, // U+01EF
    { 10, 25, 116, -2, 20, 32, 12267 }, // U+01F0
    { 30, 17, 520, 2, 17, 64, 12299 }, // U+01F1
    { 28, 17, 486, 2, 17, 60, 12363 }, // U+01F2
    { 26, 19, 438, 1, 19, 62, 12423 }, // U+01F3
    { 15, 24, 281, 1, 24, 45, 12485 }, // U+01F4
    { 13, 25, 238, 1, 20, 41, 12530 }, // U+01F5
    { 24, 17, 424, 2, 17, 51, 12571 }, // U+01F6
    { 14, 22, 268, 2, 17, 39, 12622 }, // U+01F7
    { 15, 24, 302, 2, 24, 45, 12661 }, // U+01F8
    { 13, 20, 236, 1, 20, 33, 12706 }, // U+01F9
    { 18, 26, 288, 0, 26, 59, 12739 }, // U+01FA
    { 13, 24, 221, 0, 24, 39, 12798 }, // U+01FB
    { 24, 24, 398, 0, 24, 72, 12837 }, // U+01FC
    { 21, 20, 350, 0, 20, 53, 12909 }, // U+01FD
    { 18, 25, 316, 1, 24, 57, 12962 }, // U+01FE
    { 14, 21, 243, 1, 20, 37, 13019 }, // U+01FF
    { 18, 24, 288, 0, 24, 54, 13056 }, // U+0200
    { 13, 20, 221, 0, 20, 33, 13110 }, // U+0201
    { 18, 23, 288, 0, 23, 52, 13143 }, // U+0202
    { 13, 19, 221, 0, 19, 31, 13195 }, // U+0203
    { 13, 24, 242, 2, 24, 39, 13226 }, // U+0204
    { 13, 20, 234, 1, 20, 33, 13265 }, // U+0205
    { 13, 23, 242, 2, 23, 38, 13298 }, // U+0206
    { 13, 19, 234, 1, 19, 31, 13336 }, // U+0207
    { 11, 24, 126, -2, 24, 33, 13367 }, // U+0208
    { 12, 20, 116, -3, 20, 30, 13400 }, // U+0209
    { 10, 23, 126, -1, 23, 29, 13430 }, // U+020A
    { 9, 19, 116, -1, 19, 22, 13459 }, // U+020B
    { 18, 24, 316, 1, 24, 54, 13481 }, // U+020C
    { 14, 20, 243, 1, 20, 35, 13535 }, // U+020D
    { 18, 23, 316, 1, 23, 52, 13570 }, // U+020E
    { 14, 19, 243, 1, 19, 34, 13622 }, // U+020F
    { 15, 24, 267, 2, 24, 45, 13656 }, // U+0210
    { 11, 20, 169, 0, 20, 28, 13701 }, // U+0211
    { 15, 23, 267, 2, 23, 44, 13729 }, // U+0212
    { 10, 19, 169, 1, 19, 24, 13773 }, // U+0213
    { 15, 24, 283, 1, 24, 45, 13797 }, // U+0214
    { 12, 20, 236, 1, 20, 30, 13842 }, // U+0215
    { 15, 23, 283, 1, 23, 44, 13872 }, // U+0216
    { 12, 19, 236, 1, 19, 29, 13916 }, // U+0217
    { 14, 22, 233, 0, 17, 39, 13945 }, // U+0218
    { 12, 18, 194, 0, 13, 27, 13984 }, // U+0219
    { 15, 22, 246, 0, 17, 42, 14011 }, // U+021A
    { 10, 22, 178, 1, 17, 28, 14053 }, // U+021B
    { 13, 22, 227, 0, 17, 36, 14081 }, // U+021C
    { 11, 18, 191, 0, 13, 25, 14117 }, // U+021D
    { 15, 24, 294, 2, 24, 45, 14142 }, // U+021E
    { 13, 25, 236, 1, 25, 41, 14187 }, // U+021F
    { 9, 4, 0, -14, 19, 5, 14228 }, // U+0300
    { 8, 4, 0, -9, 19, 4, 14233 }, // U+0301
    { 11, 4, 0, -6, 19, 6, 14237 }, // U+0302
    { 11, 4, 0, -14, 19, 6, 14243 }, // U+0303
    { 10, 3, 0, -5, 18, 4, 14249 }, // U+0304
    { 10, 4, 0, -5, 19, 5, 14253 }, // U+0306
    { 6, 4, 0, -3, 20, 3, 14258 }, // U+0307
    { 10, 3, 0, -5, 19, 4, 14261 }, // U+0308
    { 7, 6, 0, -4, 21, 6, 14265 }, // U+030A
    { 12, 4, 0, -4, 19, 6, 14271 }, // U+030B
    { 11, 4, 0, -6, 19, 6, 14277 }, // U+030C
    { 9, 4, 156, 0, 19, 5, 14283 }, // U+0311
    { 6, 7, 0, -3, 18, 6, 14288 }, // U+0312
    { 5, 4, 0, -2, -2, 3, 14294 }, // U+0326
    { 6, 6, 0, -3, 0, 5, 14297 }, // U+0327
    { 6, 8, 0, -3, 2, 6, 14302 }, // U+0328
    { 0, 0, 0, 0, 0, 0, 14308 }, // U+034F
    { 13, 24, 242, 2, 24, 39, 14308 }, // U+0400
    { 13, 23, 242, 2, 23, 38, 14347 }, // U+0401
    { 20, 17, 326, 0, 17, 43, 14385 }, // U+0402
    { 12, 24, 237, 2, 24, 36, 14428 }, // U+0403
    { 16, 17, 274, 1, 17, 34, 14464 }, // U+0404
    { 14, 17, 233, 0, 17, 30, 14498 }, // U+0405
    { 4, 17, 126, 2, 17, 9, 14528 }, // U+0406
    { 10, 23, 126, -1, 23, 29, 14537 }, // U+0407
    { 12, 17, 212, 0, 17, 26, 14566 }, // U+0408
    { 28, 17, 452, 0, 17, 60, 14592 }, // U+0409
    { 24, 17, 430, 2, 17, 51, 14652 }, // U+040A
    { 19, 17, 308, 0, 17, 41, 14703 }, // U+040B
    { 15, 24, 274, 2, 24, 45, 14744 }, // U+040C
    { 15, 24, 302, 2, 24, 45, 14789 }, // U+040D
    { 17, 24, 261, 0, 24, 51, 14834 }, // U+040E
    { 15, 22, 292, 2, 17, 42, 14885 }, // U+040F
    { 18, 17, 288, 0, 17, 39, 14927 }, // U+0410
    { 14, 17, 260, 2, 17, 30, 14966 }, // U+0411
    { 14, 17, 269, 2, 17, 30, 14996 }, // U+0412
    { 12, 17, 237, 2, 17, 26, 15026 }, // U+0413
    { 21, 22, 329, 0, 17, 58, 15052 }, // U+0414
    { 13, 17, 242, 2, 17, 28, 15110 }, // U+0415
    { 25, 17, 393, 0, 17, 54, 15138 }, // U+0416
    { 15, 17, 244, 0, 17, 32, 15192 }, // U+0417
    { 15, 17, 302, 2, 17, 32, 15224 }, // U+0418
    { 15, 24, 302, 2, 24, 45, 15256 }, // U+0419
    { 15, 17, 274, 2, 17, 32, 15301 }, // U+041A
    { 18, 17, 316, 0, 17, 39, 15333 }, // U+041B
    { 20, 17, 359, 1, 17, 43, 15372 }, // U+041C
    { 15, 17, 294, 2, 17, 32, 15415 }, // U+041D
    { 18, 17, 316, 1, 17, 39, 15447 }, // U+041E
    { 15, 17, 292, 2, 17, 32, 15486 }, // U+041F
    { 14, 17, 258, 2, 17, 30, 15518 }, // U+0420
    { 15, 17, 259, 1, 17, 32, 15548 }, // U+0421
    { 15, 17, 246, 0, 17, 32, 15580 }, // U+0422
    { 17, 17, 261, 0, 17, 37, 15612 }, // U+0423
    { 20, 18, 348, 1, 18, 45, 15649 }, // U+0424
    { 17, 17, 270, 0, 17, 37, 15694 }, // U+0425
    { 18, 22, 316, 2, 17, 50, 15731 }, // U+0426
    { 14, 17, 272, 1, 17, 30, 15781 }, // U+0427
    { 22, 17, 408, 2, 17, 47, 15811 }, // U+0428
    { 25, 22, 432, 2, 17, 69, 15858 }, // U+0429
    { 19, 17, 309, 0, 17, 41, 15927 }, // U+042A
    { 20, 17, 371, 2, 17, 43, 15968 }, // U+042B
    { 14, 17, 264, 2, 17, 30, 16011 }, // U+042C
    { 15, 17, 272, 1, 17, 32, 16041 }, // U+042D
    { 24, 17, 432, 2, 17, 51, 16073 }, // U+042E
    { 15, 17, 276, 1, 17, 32, 16124 }, // U+042F
    { 13, 13, 221, 0, 13, 22, 16156 }, // U+0430
    { 13, 19, 240, 1, 19, 31, 16178 }, // U+0431
    { 13, 13, 239, 1, 13, 22, 16209 }, // U+0432
    { 11, 13, 181, 1, 13, 18, 16231 }, // U+0433
    { 17, 17, 271, 0, 13, 37, 16249 }, // U+0434
    { 13, 13, 234, 1, 13, 22, 16286 }, // U+0435
    { 21, 13, 340, 0, 13, 35, 16308 }, // U+0436
    { 12, 13, 198, 0, 13, 20, 16343 }, // U+0437
    { 13, 13, 248, 1, 13, 22, 16363 }, // U+0438
    { 13, 20, 248, 1, 20, 33, 16385 }, // U+0439
    { 14, 13, 234, 1, 13, 23, 16418 }, // U+043A
    { 14, 13, 251, 0, 13, 23, 16441 }, // U+043B
    { 17, 13, 304, 1, 13, 28, 16464 }, // U+043C
    { 13, 13, 237, 1, 13, 22, 16492 }, // U+043D
    { 14, 13, 243, 1, 13, 23, 16514 }, // U+043E
    { 13, 13, 237, 1, 13, 22, 16537 }, // U+043F
    { 13, 18, 242, 1, 13, 30, 16559 }, // U+0440
    { 11, 13, 200, 1, 13, 18, 16589 }, // U+0441
    { 13, 13, 210, 0, 13, 22, 16607 }, // U+0442
    { 14, 18, 219, 0, 13, 32, 16629 }, // U+0443
    { 18, 24, 318, 1, 19, 54, 16661 }, // U+0444
    { 14, 13, 222, 0, 13, 23, 16715 }, // U+0445
    { 15, 17, 253, 1, 13, 32, 16738 }, // U+0446
    { 12, 13, 227, 1, 13, 20, 16770 }, // U+0447
    { 19, 13, 344, 1, 13, 31, 16790 }, // U+0448
    { 21, 17, 360, 1, 13, 45, 16821 }, // U+0449
    { 16, 13, 256, 0, 13, 26, 16866 }, // U+044A
    { 18, 13, 330, 1, 13, 30, 16892 }, // U+044B
    { 13, 13, 226, 1, 13, 22, 16922 }, // U+044C
    { 13, 13, 208, 0, 13, 22, 16944 }, // U+044D
    { 20, 13, 349, 1, 13, 33, 16966 }, // U+044E
    { 13, 13, 234, 0, 13, 22, 16999 }, // U+044F
    { 13, 20, 234, 1, 20, 33, 17021 }, // U+0450
    { 13, 19, 234, 1, 19, 31, 17054 }, // U+0451
    { 14, 24, 240, 0, 19, 42, 17085 }, // U+0452
    { 11, 20, 181, 1, 20, 28, 17127 }, // U+0453
    { 13, 13, 208, 0, 13, 22, 17155 }, // U+0454
    { 12, 13, 194, 0, 13, 20, 17177 }, // U+0455
    { 5, 19, 116, 1, 19, 12, 17197 }, // U+0456
    { 11, 19, 116, -2, 19, 27, 17209 }, // U+0457
    { 8, 24, 116, -2, 19, 24, 17236 }, // U+0458
    { 22, 13, 361, 0, 13, 36, 17260 }, // U+0459
    { 20, 13, 347, 1, 13, 33, 17296 }, // U+045A
    { 14, 19, 240, 0, 19, 34, 17329 }, // U+045B
    { 14, 20, 234, 1, 20, 35, 17363 }, // U+045C
    { 13, 20, 248, 1, 20, 33, 17398 }, // U+045D
    { 14, 25, 219, 0, 20, 44, 17431 }, // U+045E
    { 13, 17, 237, 1, 13, 28, 17475 }, // U+045F
    { 18, 19, 299, 0, 19, 43, 17503 }, // U+0462
    { 15, 19, 254, 0, 19, 36, 17546 }, // U+0463
    { 18, 17, 316, 1, 17, 39, 17582 }, // U+0472
    { 14, 13, 243, 1, 13, 23, 17621 }, // U+0473
    { 21, 17, 316, 0, 17, 45, 17644 }, // U+0474
    { 16, 13, 239, 0, 13, 26, 17689 }, // U+0475
    { 18, 29, 331, 2, 24, 66, 17715 }, // U+048A
    { 15, 24, 252, 1, 20, 45, 17781 }, // U+048B
    { 16, 17, 264, 0, 17, 34, 17826 }, // U+048C
    { 14, 14, 226, 0, 14, 25, 17860 }, // U+048D
    { 14, 17, 262, 2, 17, 30, 17885 }, // U+048E
    { 14, 18, 246, 1, 13, 32, 17915 }, // U+048F
    { 12, 20, 229, 2, 20, 30, 17947 }, // U+0490
    { 11, 16, 185, 1, 16, 22, 17977 }, // U+0491
    { 15, 17, 254, 1, 17, 32, 17999 }, // U+0492
    { 12, 13, 210, 1, 13, 20, 18031 }, // U+0493
    { 14, 22, 270, 2, 17, 39, 18051 }, // U+0494
    { 13, 18, 228, 1, 13, 30, 18090 }, // U+0495
    { 26, 21, 409, 0, 17, 69, 18120 }, // U+0496
    { 22, 17, 349, 0, 13, 47, 18189 }, // U+0497
    { 15, 22, 244, 0, 17, 42, 18236 }, // U+0498
    { 12, 18, 198, 0, 13, 27, 18278 }, // U+0499
    { 16, 22, 295, 2, 17, 44, 18305 }, // U+049A
    { 14, 17, 242, 1, 13, 30, 18349 }, // U+049B
    { 18, 17, 314, 2, 17, 39, 18379 }, // U+049C
    { 16, 13, 273, 1, 13, 26, 18418 }, // U+049D
    { 18, 18, 283, 0, 18, 41, 18444 }, // U+049E
    { 15, 14, 242, 0, 14, 27, 18485 }, // U+049F
    { 20, 17, 319, 0, 17, 43, 18512 }, // U+04A0
    { 17, 13, 263, 0, 13, 28, 18555 }, // U+04A1
    { 18, 22, 323, 2, 17, 50, 18583 }, // U+04A2
    { 15, 17, 254, 1, 13, 32, 18633 }, // U+04A3
    { 19, 17, 335, 2, 17, 41, 18665 }, // U+04A4
    { 16, 13, 261, 1, 13, 26, 18706 }, // U+04A5
    { 25, 22, 444, 2, 17, 69, 18732 }, // U+04A6
    { 20, 18, 349, 1, 13, 45, 18801 }, // U+04A7
    { 19, 21, 320, 1, 17, 50, 18846 }, // U+04A8
    { 15, 17, 253, 1, 13, 32, 18896 }, // U+04A9
    { 15, 22, 259, 1, 17, 42, 18928 }, // U+04AA
    { 11, 18, 200, 1, 13, 25, 18970 }, // U+04AB
    { 15, 22, 246, 0, 17, 42, 18995 }, // U+04AC
    { 13, 17, 202, 0, 13, 28, 19037 }, // U+04AD
    { 17, 17, 264, 0, 17, 37, 19065 }, // U+04AE
    { 14, 18, 220, 0, 13, 32, 19102 }, // U+04AF
    { 17, 17, 264, 0, 17, 37, 19134 }, // U+04B0
    { 14, 18, 220, 0, 13, 32, 19171 }, // U+04B1
    { 18, 22, 286, 0, 17, 50, 19203 }, // U+04B2
    { 15, 17, 235, 0, 13, 32, 19253 }, // U+04B3
    { 23, 22, 376, 0, 17, 64, 19285 }, // U+04B4
    { 17, 17, 279, 0, 13, 37, 19349 }, // U+04B5
    { 17, 22, 290, 1, 17, 47, 19386 }, // U+04B6
    { 15, 17, 236, 0, 13, 32, 19433 }, // U+04B7
    { 14, 17, 272, 1, 17, 30, 19465 }, // U+04B8
    { 13, 13, 225, 0, 13, 22, 19495 }, // U+04B9
    { 14, 17, 280, 2, 17, 30, 19517 }, // U+04BA
    { 13, 19, 236, 1, 19, 31, 19547 }, // U+04BB
    { 21, 17, 352, 0, 17, 45, 19578 }, // U+04BC
    { 17, 13, 283, 0, 13, 28, 19623 }, // U+04BD
    { 21, 21, 352, 0, 17, 56, 19651 }, // U+04BE
    { 17, 16, 283, 0, 13, 34, 19707 }, // U+04BF
    { 4, 17, 126, 2, 17, 9, 19741 }, // U+04C0
    { 25, 24, 393, 0, 24, 75, 19750 }, // U+04C1
    { 21, 20, 340, 0, 20, 53, 19825 }, // U+04C2
    { 15, 22, 281, 2, 17, 42, 19878 }, // U+04C3
    { 13, 18, 230, 1, 13, 30, 19920 }, // U+04C4
    { 21, 22, 332, 0, 17, 58, 19950 }, // U+04C5
    { 17, 17, 270, 0, 13, 37, 20008 }, // U+04C6
    { 15, 22, 294, 2, 17, 42, 20045 }, // U+04C7
    { 13, 18, 240, 1, 13, 30, 20087 }, // U+04C8
    { 18, 22, 314, 2, 17, 50, 20117 }, // U+04C9
    { 15, 17, 251, 1, 13, 32, 20167 }, // U+04CA
    { 14, 22, 272, 1, 17, 39, 20199 }, // U+04CB
    { 12, 17, 227, 1, 13, 26, 20238 }, // U+04CC
    { 23, 22, 381, 1, 17, 64, 20264 }, // U+04CD
    { 19, 17, 318, 1, 13, 41, 20328 }, // U+04CE
    { 5, 17, 116, 1, 17, 11, 20369 }, // U+04CF
    { 18, 24, 288, 0, 24, 54, 20380 }, // U+04D0
    { 13, 20, 221, 0, 20, 33, 20434 }, // U+04D1
    { 18, 23, 288, 0, 23, 52, 20467 }, // U+04D2
    { 13, 19, 221, 0, 19, 31, 20519 }, // U+04D3
    { 24, 17, 398, 0, 17, 51, 20550 }, // U+04D4
    { 21, 13, 350, 0, 13, 35, 20601 }, // U+04D5
    { 13, 24, 242, 2, 24, 39, 20636 }, // U+04D6
    { 13, 20, 234, 1, 20, 33, 20675 }, // U+04D7
    { 16, 17, 292, 1, 17, 34, 20708 }, // U+04D8
    { 13, 13, 234, 1, 13, 22, 20742 }, // U+04D9
    { 16, 23, 292, 1, 23, 46, 20764 }, // U+04DA
    { 13, 19, 234, 1, 19, 31, 20810 }, // U+04DB
    { 25, 23, 393, 0, 23, 72, 20841 }, // U+04DC
    { 21, 19, 340, 0, 19, 50, 20913 }, // U+04DD
    { 15, 23, 244, 0, 23, 44, 20963 }, // U+04DE
    { 12, 19, 198, 0, 19, 29, 21007 }, // U+04DF
    { 14, 17, 246, 0, 17, 30, 21036 }, // U+04E0
    { 12, 18, 206, 0, 13, 27, 21066 }, // U+04E1
    { 15, 23, 302, 2, 23, 44, 21093 }, // U+04E2
    { 13, 19, 248, 1, 19, 31, 21137 }, // U+04E3
    { 15, 23, 302, 2, 23, 44, 21168 }, // U+04E4
    { 13, 19, 248, 1, 19, 31, 21212 }, // U+04E5
    { 18, 23, 316, 1, 23, 52, 21243 }, // U+04E6
    { 14, 19, 243, 1, 19, 34, 21295 }, // U+04E7
    { 18, 17, 316, 1, 17, 39, 21329 }, // U+04E8
    { 14, 13, 243, 1, 13, 23, 21368 }, // U+04E9
    { 18, 23, 316, 1, 23, 52, 21391 }, // U+04EA
    { 14, 19, 243, 1, 19, 34, 21443 }, // U+04EB
    { 15, 23, 272, 1, 23, 44, 21477 }, // U+04EC
    { 13, 19, 208, 0, 19, 31, 21521 }, // U+04ED
    { 17, 23, 261, 0, 23, 49, 21552 }, // U+04EE
    { 14, 24, 219, 0, 19, 42, 21601 }, // U+04EF
    { 17, 23, 261, 0, 23, 49, 21643 }, // U+04F0
    { 14, 24, 219, 0, 19, 42, 21692 }, // U+04F1
    { 17, 24, 261, 0, 24, 51, 21734 }, // U+04F2
    { 14, 25, 219, 0, 20, 44, 21785 }, // U+04F3
    { 14, 23, 272, 1, 23, 41, 21829 }, // U+04F4
    { 12, 19, 227, 1, 19, 29, 21870 }, // U+04F5
    { 12, 22, 237, 2, 17, 33, 21899 }, // U+04F6
    { 11, 17, 181, 1, 13, 24, 21932 }, // U+04F7
    { 20, 23, 371, 2, 23, 58, 21956 }, // U+04F8
    { 18, 19, 330, 1, 19, 43, 22014 }, // U+04F9
    { 17, 15, 270, 0, 15, 32, 22057 }, // U+05D0
    { 15, 15, 238, 0, 15, 29, 22089 }, // U+05D1
    { 10, 16, 165, 0, 15, 20, 22118 }, // U+05D2
    { 14, 15, 228, 0, 15, 27, 22138 }, // U+05D3
    { 14, 15, 263, 1, 15, 27, 22165 }, // U+05D4
    { 7, 15, 135, 0, 15, 14, 22192 }, // U+05D5
    { 9, 15, 148, 0, 15, 17, 22206 }, // U+05D6
    { 16, 15, 275, 0, 15, 30, 22223 }, // U+05D7
    { 15, 15, 264, 1, 15, 29, 22253 }, // U+05D8
    { 7, 9, 133, 0, 15, 8, 22282 }, // U+05D9
    { 13, 20, 228, 0, 15, 33, 22290 }, // U+05DA
    { 13, 15, 211, 0, 15, 25, 22323 }, // U+05DB
    { 14, 19, 222, 0, 19, 34, 22348 }, // U+05DC
    { 15, 15, 281, 1, 15, 29, 22382 }, // U+05DD
    { 17, 15, 281, 0, 15, 32, 22411 }, // U+05DE
    { 7, 20, 142, 0, 15, 18, 22443 }, // U+05DF
    { 8, 15, 162, 1, 15, 15, 22461 }, // U+05E0
    { 16, 15, 272, 0, 15, 30, 22476 }, // U+05E1
    { 15, 18, 252, 0, 16, 34, 22506 }, // U+05E2
    { 14, 20, 262, 1, 15, 35, 22540 }, // U+05E3
    { 15, 15, 251, 0, 15, 29, 22575 }, // U+05E4
    { 14, 20, 235, 0, 15, 35, 22604 }, // U+05E5
    { 14, 15, 237, 0, 15, 27, 22639 }, // U+05E6
    { 15, 20, 262, 1, 15, 38, 22666 }, // U+05E7
    { 12, 15, 217, 0, 15, 23, 22704 }, // U+05E8
    { 18, 15, 315, 1, 15, 34, 22727 }, // U+05E9
    { 17, 15, 289, 0, 15, 32, 22761 }, // U+05EA
    { 5, 8, 129, 1, 7, 5, 22793 }, // U+060C
    { 7, 19, 136, 0, 18, 17, 22798 }, // U+061B
    { 13, 20, 205, 0, 19, 33, 22815 }, // U+061F
    { 11, 13, 188, 0, 11, 18, 22848 }, // U+0621
    { 10, 5, 116, 0, 4, 7, 22866 }, // U+0640
    { 7, 7, 0, 0, 21, 7, 22873 }, // U+0654
    { 6, 7, 229, 4, 11, 6, 22880 }, // U+0660
    { 6, 19, 229, 4, 18, 15, 22886 }, // U+0661
    { 13, 19, 229, 1, 18, 31, 22901 }, // U+0662
    { 14, 19, 229, 0, 18, 34, 22932 }, // U+0663
    { 12, 19, 229, 1, 18, 29, 22966 }, // U+0664
    { 12, 14, 229, 1, 14, 21, 22995 }, // U+0665
    { 13, 19, 229, 1, 18, 31, 23016 }, // U+0666
    { 15, 19, 229, 0, 18, 36, 23047 }, // U+0667
    { 15, 19, 229, 0, 18, 36, 23083 }, // U+0668
    { 12, 18, 229, 1, 18, 27, 23119 }, // U+0669
    { 18, 16, 296, 0, 10, 36, 23146 }, // U+06BA
    { 7, 3, 130, 1, 3, 3, 23182 }, // U+06D4
    { 11, 15, 188, 0, 14, 21, 23185 }, // U+06D5
    { 6, 7, 229, 4, 11, 6, 23206 }, // U+06F0
    { 6, 19, 229, 4, 18, 15, 23212 }, // U+06F1
    { 13, 19, 229, 1, 18, 31, 23227 }, // U+06F2
    { 14, 19, 229, 0, 18, 34, 23258 }, // U+06F3
    { 13, 19, 229, 1, 18, 31, 23292 }, // U+06F4
    { 14, 17, 229, 0, 17, 30, 23323 }, // U+06F5
    { 12, 18, 229, 1, 17, 27, 23353 }, // U+06F6
    { 15, 19, 229, 0, 18, 36, 23380 }, // U+06F7
    { 15, 19, 229, 0, 18, 36, 23416 }, // U+06F8
    { 12, 18, 229, 1, 18, 27, 23452 }, // U+06F9
    { 18, 24, 288, 0, 18, 54, 23479 }, // U+1EA0
    { 13, 20, 221, 0, 14, 33, 23533 }, // U+1EA1
    { 18, 24, 288, 0, 24, 54, 23566 }, // U+1EA2
    { 13, 21, 221, 0, 20, 35, 23620 }, // U+1EA3
    { 18, 27, 288, 0, 27, 61, 23655 }, // U+1EA4
    { 15, 24, 221, 0, 23, 45, 23716 }, // U+1EA5
    { 18, 28, 288, 0, 28, 63, 23761 }, // U+1EA6
    { 13, 25, 221, 0, 24, 41, 23824 }, // U+1EA7
    { 18, 28, 288, 0, 28, 63, 23865 }, // U+1EA8
    { 14, 25, 221, 0, 24, 44, 23928 }, // U+1EA9
    { 18, 29, 288, 0, 29, 66, 23972 }, // U+1EAA
    { 13, 25, 221, 0, 24, 41, 24038 }, // U+1EAB
    { 18, 30, 288, 0, 24, 68, 24079 }, // U+1EAC
    { 13, 26, 221, 0, 20, 43, 24147 }, // U+1EAD
    { 18, 29, 288, 0, 29, 66, 24190 }, // U+1EAE
    { 13, 26, 221, 0, 25, 43, 24256 }, // U+1EAF
    { 18, 29, 288, 0, 29, 66, 24299 }, // U+1EB0
    { 13, 26, 221, 0, 25, 43, 24365 }, // U+1EB1
    { 18, 30, 288, 0, 30, 68, 24408 }, // U+1EB2
    { 13, 27, 221, 0, 26, 44, 24476 }, // U+1EB3
    { 18, 28, 288, 0, 28, 63, 24520 }, // U+1EB4
    { 13, 25, 221, 0, 24, 41, 24583 }, // U+1EB5
    { 18, 29, 288, 0, 23, 66, 24624 }, // U+1EB6
    { 13, 26, 221, 0, 20, 43, 24690 }, // U+1EB7
    { 13, 24, 242, 2, 18, 39, 24733 }, // U+1EB8
    { 13, 20, 234, 1, 14, 33, 24772 }, // U+1EB9
    { 13, 24, 242, 2, 24, 39, 24805 }, // U+1EBA
    { 13, 21, 234, 1, 20, 35, 24844 }, // U+1EBB
    { 13, 24, 242, 2, 24, 39, 24879 }, // U+1EBC
    { 13, 20, 234, 1, 19, 33, 24918 }, // U+1EBD
    { 14, 28, 242, 2, 28, 49, 24951 }, // U+1EBE
    { 15, 24, 234, 1, 23, 45, 25000 }, // U+1EBF
    { 13, 28, 242, 2, 28, 46, 25045 }, // U+1EC0
    { 13, 24, 234, 1, 23, 39, 25091 }, // U+1EC1
    { 14, 28, 242, 2, 28, 49, 25130 }, // U+1EC2
    { 14, 24, 234, 1, 23, 42, 25179 }, // U+1EC3
    { 13, 29, 242, 2, 29, 48, 25221 }, // U+1EC4
    { 13, 25, 234, 1, 24, 41, 25269 }, // U+1EC5
    { 13, 30, 242, 2, 24, 49, 25310 }, // U+1EC6
    { 13, 26, 234, 1, 20, 43, 25359 }, // U+1EC7
    { 6, 24, 126, 1, 24, 18, 25402 }, // U+1EC8
    { 7, 20, 116, 0, 20, 18, 25420 }, // U+1EC9
    { 5, 24, 126, 1, 18, 15, 25438 }, // U+1ECA
    { 5, 26, 116, 1, 20, 17, 25453 }, // U+1ECB
    { 18, 24, 316, 1, 18, 54, 25470 }, // U+1ECC
    { 14, 20, 243, 1, 14, 35, 25524 }, // U+1ECD
    { 18, 25, 316, 1, 24, 57, 25559 }, // U+1ECE
    { 14, 21, 243, 1, 20, 37, 25616 }, // U+1ECF
    { 18, 29, 316, 1, 28, 66, 25653 }, // U+1ED0
    { 15, 24, 243, 1, 23, 45, 25719 }, // U+1ED1
    { 18, 29, 316, 1, 28, 66, 25764 }, // U+1ED2
    { 14, 25, 243, 1, 24, 44, 25830 }, // U+1ED3
    { 18, 29, 316, 1, 28, 66, 25874 }, // U+1ED4
    { 14, 25, 243, 1, 24, 44, 25940 }, // U+1ED5
    { 18, 30, 316, 1, 29, 68, 25984 }, // U+1ED6
    { 14, 25, 243, 1, 24, 44, 26052 }, // U+1ED7
    { 18, 30, 316, 1, 24, 68, 26096 }, // U+1ED8
    { 14, 26, 243, 1, 20, 46, 26164 }, // U+1ED9
    { 18, 25, 316, 1, 24, 57, 26210 }, // U+1EDA
    { 15, 21, 243, 1, 20, 40, 26267 }, // U+1EDB
    { 18, 25, 316, 1, 24, 57, 26307 }, // U+1EDC
    { 15, 21, 243, 1, 20, 40, 26364 }, // U+1EDD
    { 18, 25, 316, 1, 24, 57, 26404 }, // U+1EDE
    { 15, 21, 243, 1, 20, 40, 26461 }, // U+1EDF
    { 18, 24, 316, 1, 23, 54, 26501 }, // U+1EE0
    { 15, 20, 243, 1, 19, 38, 26555 }, // U+1EE1
    { 18, 27, 316, 1, 21, 61, 26593 }, // U+1EE2
    { 15, 22, 243, 1, 16, 42, 26654 }, // U+1EE3
    { 15, 24, 283, 1, 18, 45, 26696 }, // U+1EE4
    { 12, 20, 236, 1, 14, 30, 26741 }, // U+1EE5
    { 15, 25, 283, 1, 24, 47, 26771 }, // U+1EE6
    { 12, 21, 236, 1, 20, 32, 26818 }, // U+1EE7
    { 18, 25, 299, 1, 24, 57, 26850 }, // U+1EE8
    { 15, 21, 250, 1, 20, 40, 26907 }, // U+1EE9
    { 18, 25, 299, 1, 24, 57, 26947 }, // U+1EEA
    { 15, 21, 250, 1, 20, 40, 27004 }, // U+1EEB
    { 18, 25, 299, 1, 24, 57, 27044 }, // U+1EEC
    { 15, 21, 250, 1, 20, 40, 27101 }, // U+1EED
    { 18, 24, 299, 1, 23, 54, 27141 }, // U+1EEE
    { 15, 20, 250, 1, 19, 38, 27195 }, // U+1EEF
    { 18, 27, 299, 1, 21, 61, 27233 }, // U+1EF0
    { 15, 22, 250, 1, 16, 42, 27294 }, // U+1EF1
    { 17, 24, 264, 0, 24, 51, 27336 }, // U+1EF2
    { 14, 25, 219, 0, 20, 44, 27387 }, // U+1EF3
    { 17, 24, 264, 0, 18, 51, 27431 }, // U+1EF4
    { 15, 19, 219, 0, 14, 36, 27482 }, // U+1EF5
    { 17, 24, 264, 0, 24, 51, 27518 }, // U+1EF6
    { 14, 25, 219, 0, 20, 44, 27569 }, // U+1EF7
    { 17, 24, 264, 0, 24, 51, 27613 }, // U+1EF8
    { 14, 24, 219, 0, 19, 42, 27664 }, // U+1EF9
    { 0, 0, 52, 0, 0, 0, 27706 }, // U+2009
    { 0, 0, 0, 0, 0, 0, 27706 }, // U+200B
    { 2, 18, 0, -1, 17, 5, 27706 }, // U+200C
    { 6, 19, 0, -3, 18, 15, 27711 }, // U+200D
    { 7, 19, 0, -1, 18, 17, 27726 }, // U+200E
    { 7, 19, 0, -6, 18, 17, 27743 }, // U+200F
    { 8, 3, 128, 0, 8, 3, 27760 }, // U+2010
    { 8, 4, 129, 0, 9, 4, 27763 }, // U+2011
    { 13, 3, 200, 0, 9, 5, 27767 }, // U+2013
    { 25, 3, 400, 0, 9, 10, 27772 }, // U+2014
    { 25, 3, 400, 0, 9, 10, 27782 }, // U+2015
    { 5, 7, 97, 1, 19, 5, 27792 }, // U+2018
    { 6, 7, 97, 0, 19, 6, 27797 }, // U+2019
    { 6, 7, 97, 0, 4, 6, 27803 }, // U+201A
    { 10, 7, 182, 1, 19, 9, 27809 }, // U+201C
    { 11, 7, 182, 0, 19, 10, 27818 }, // U+201D
    { 11, 7, 182, 0, 4, 10, 27828 }, // U+201E
    { 12, 21, 198, 0, 17, 32, 27838 }, // U+2020
    { 12, 21, 198, 0, 17, 32, 27870 }, // U+2021
    { 9, 7, 146, 0, 12, 8, 27902 }, // U+2022
    { 23, 5, 400, 1, 5, 15, 27910 }, // U+2026
    { 0, 0, 52, 0, 0, 0, 27925 }, // U+202F
    { 33, 17, 528, 0, 17, 71, 27925 }, // U+2030
    { 8, 13, 131, 0, 14, 13, 27996 }, // U+2039
    { 8, 13, 131, 0, 14, 13, 28009 }, // U+203A
    { 14, 18, 61, -5, 18, 32, 28022 }, // U+2044
    { 7, 19, 136, 0, 18, 17, 28054 }, // U+204F
    { 9, 10, 145, 0, 18, 12, 28071 }, // U+2070
    { 9, 10, 145, 0, 18, 12, 28083 }, // U+2074
    { 9, 10, 145, 0, 18, 12, 28095 }, // U+2075
    { 9, 10, 145, 0, 18, 12, 28107 }, // U+2076
    { 9, 10, 145, 0, 18, 12, 28119 }, // U+2077
    { 9, 10, 145, 0, 18, 12, 28131 }, // U+2078
    { 9, 10, 145, 0, 18, 12, 28143 }, // U+2079
    { 9, 10, 145, 0, 11, 12, 28155 }, // U+2080
    { 7, 10, 145, 0, 11, 9, 28167 }, // U+2081
    { 9, 10, 145, 0, 11, 12, 28176 }, // U+2082
    { 8, 10, 145, 0, 11, 10, 28188 }, // U+2083
    { 9, 10, 145, 0, 11, 12, 28198 }, // U+2084
    { 9, 10, 145, 0, 11, 12, 28210 }, // U+2085
    { 9, 10, 145, 0, 11, 12, 28222 }, // U+2086
    { 9, 10, 145, 0, 11, 12, 28234 }, // U+2087
    { 9, 10, 145, 0, 11, 12, 28246 }, // U+2088
    { 9, 10, 145, 0, 11, 12, 28258 }, // U+2089
    { 19, 15, 346, 1, 15, 36, 28270 }, // U+20AA
    { 14, 17, 227, 1, 17, 30, 28306 }, // U+20AC
    { 14, 17, 227, 0, 17, 30, 28336 }, // U+20AE
    { 14, 17, 227, 0, 17, 30, 28366 }, // U+20B4
    { 14, 17, 227, 1, 17, 30, 28396 }, // U+20B9
    { 15, 18, 245, 0, 18, 34, 28426 }, // U+2202
    { 18, 17, 277, 0, 17, 39, 28460 }, // U+2206
    { 15, 21, 292, 2, 18, 40, 28499 }, // U+220F
    { 14, 20, 217, 0, 17, 35, 28539 }, // U+2211
    { 12, 3, 227, 1, 9, 5, 28574 }, // U+2212
    { 14, 18, 61, -5, 18, 32, 28579 }, // U+2215
    { 6, 5, 98, 0, 10, 4, 28611 }, // U+2219
    { 16, 18, 241, 0, 18, 36, 28615 }, // U+221A
    { 16, 8, 254, 0, 11, 16, 28651 }, // U+221E
    { 10, 25, 160, 0, 19, 32, 28667 }, // U+222B
    { 14, 11, 227, 0, 13, 20, 28699 }, // U+2248
    { 12, 14, 227, 1, 14, 21, 28719 }, // U+2260
    { 12, 15, 227, 1, 15, 23, 28740 }, // U+2264
    { 12, 15, 227, 1, 15, 23, 28763 }, // U+2265
    { 21, 19, 336, 1, 19, 50, 28786 }, // U+FB00
    { 16, 19, 283, 1, 19, 38, 28836 }, // U+FB01
    { 18, 19, 294, 1, 19, 43, 28874 }, // U+FB02
    { 26, 19, 451, 1, 19, 62, 28917 }, // U+FB03
    { 28, 19, 462, 1, 19, 67, 28979 }, // U+FB04
    { 25, 21, 410, 0, 12, 66, 29046 }, // U+FB56
    { 31, 19, 457, 0, 10, 74, 29112 }, // U+FB57
    { 8, 21, 144, 0, 12, 21, 29186 }, // U+FB58
    { 13, 18, 164, 0, 9, 30, 29207 }, // U+FB59
    { 25, 19, 410, 0, 18, 60, 29237 }, // U+FB66
    { 31, 19, 457, 0, 18, 74, 29297 }, // U+FB67
    { 8, 22, 127, 0, 21, 22, 29371 }, // U+FB68
    { 13, 19, 164, 0, 18, 31, 29393 }, // U+FB69
    { 17, 23, 275, 0, 13, 49, 29424 }, // U+FB7A
    { 21, 23, 304, 0, 13, 61, 29473 }, // U+FB7B
    { 16, 20, 252, 0, 11, 40, 29534 }, // U+FB7C
    { 19, 20, 262, 0, 11, 48, 29574 }, // U+FB7D
    { 12, 23, 207, 0, 22, 35, 29622 }, // U+FB88
    { 17, 23, 228, 0, 22, 49, 29657 }, // U+FB89
    { 11, 26, 164, -1, 20, 36, 29706 }, // U+FB8A
    { 15, 26, 180, -1, 20, 49, 29742 }, // U+FB8B
    { 11, 26, 164, -1, 20, 36, 29791 }, // U+FB8C
    { 15, 26, 180, -1, 20, 49, 29827 }, // U+FB8D
    { 23, 19, 364, 0, 18, 55, 29876 }, // U+FB8E
    { 26, 19, 381, 0, 18, 62, 29931 }, // U+FB8F
    { 12, 19, 182, 0, 18, 29, 29993 }, // U+FB90
    { 15, 19, 203, 0, 18, 36, 30022 }, // U+FB91
    { 23, 23, 364, 0, 22, 67, 30058 }, // U+FB92
    { 26, 23, 381, 0, 22, 75, 30125 }, // U+FB93
    { 13, 23, 182, -1, 22, 38, 30200 }, // U+FB94
    { 16, 23, 203, -1, 22, 46, 30238 }, // U+FB95
    { 18, 16, 296, 0, 10, 36, 30284 }, // U+FB9E
    { 23, 15, 322, 0, 9, 44, 30320 }, // U+FB9F
    { 11, 15, 188, 0, 14, 21, 30364 }, // U+FBA6
    { 17, 11, 234, 0, 10, 24, 30385 }, // U+FBA7
    { 7, 17, 127, 0, 12, 15, 30409 }, // U+FBA8
    { 15, 13, 206, 0, 6, 25, 30424 }, // U+FBA9
    { 19, 15, 308, 0, 14, 36, 30449 }, // U+FBAA
    { 20, 18, 274, 0, 12, 45, 30485 }, // U+FBAB
    { 16, 15, 256, 0, 14, 30, 30530 }, // U+FBAC
    { 17, 18, 228, 0, 12, 39, 30560 }, // U+FBAD
    { 23, 14, 377, 0, 13, 41, 30599 }, // U+FBAE
    { 17, 12, 224, 0, 4, 26, 30640 }, // U+FBAF
    { 23, 21, 377, 0, 20, 61, 30666 }, // U+FBB0
    { 17, 19, 224, 0, 11, 41, 30727 }, // U+FBB1
    { 21, 18, 328, 0, 12, 48, 30768 }, // U+FBFC
    { 22, 13, 320, 0, 7, 36, 30816 }, // U+FBFD
    { 8, 18, 144, 0, 12, 18, 30852 }, // U+FBFE
    { 13, 15, 164, 0, 9, 25, 30870 }, // U+FBFF
    { 11, 13, 188, 0, 11, 18, 30895 }, // U+FE80
    { 10, 23, 108, -2, 23, 29, 30913 }, // U+FE81
    { 12, 25, 127, -2, 24, 38, 30942 }, // U+FE82
    { 6, 25, 108, 0, 25, 19, 30980 }, // U+FE83
    { 10, 27, 127, 0, 26, 34, 30999 }, // U+FE84
    { 12, 24, 199, 0, 18, 36, 31033 }, // U+FE85
    { 16, 24, 210, 0, 18, 48, 31069 }, // U+FE86
    { 6, 27, 109, 1, 19, 21, 31117 }, // U+FE87
    { 9, 27, 127, 1, 19, 31, 31138 }, // U+FE88
    { 21, 19, 328, 0, 13, 50, 31169 }, // U+FE89
    { 22, 19, 320, 0, 13, 53, 31219 }, // U+FE8A
    { 7, 21, 127, 0, 20, 19, 31272 }, // U+FE8B
    { 12, 18, 154, 0, 17, 27, 31291 }, // U+FE8C
    { 5, 19, 109, 1, 19, 12, 31318 }, // U+FE8D
    { 9, 20, 127, 1, 19, 23, 31330 }, // U+FE8E
    { 25, 19, 410, 0, 12, 60, 31353 }, // U+FE8F
    { 31, 17, 457, 0, 10, 66, 31413 }, // U+FE90
    { 7, 18, 127, 0, 12, 16, 31479 }, // U+FE91
    { 12, 15, 154, 0, 9, 23, 31495 }, // U+FE92
    { 11, 21, 188, 0, 20, 29, 31518 }, // U+FE93
    { 16, 23, 222, 0, 22, 46, 31547 }, // U+FE94
    { 25, 16, 410, 0, 15, 50, 31593 }, // U+FE95
    { 31, 16, 457, 0, 15, 62, 31643 }, // U+FE96
    { 9, 19, 127, -1, 18, 22, 31705 }, // U+FE97
    { 13, 16, 164, 0, 15, 26, 31727 }, // U+FE98
    { 25, 19, 410, 0, 18, 60, 31753 }, // U+FE99
    { 31, 19, 457, 0, 18, 74, 31813 }, // U+FE9A
    { 8, 22, 127, 0, 21, 22, 31887 }, // U+FE9B
    { 13, 19, 164, 0, 18, 31, 31909 }, // U+FE9C
    { 17, 23, 275, 0, 13, 49, 31940 }, // U+FE9D
    { 21, 23, 296, 0, 13, 61, 31989 }, // U+FE9E
    { 16, 17, 252, 0, 11, 34, 32050 }, // U+FE9F
    { 19, 17, 262, 0, 11, 41, 32084 }, // U+FEA0
    { 17, 23, 275, 0, 13, 49, 32125 }, // U+FEA1
    { 21, 23, 296, 0, 13, 61, 32174 }, // U+FEA2
    { 16, 12, 252, 0, 11, 24, 32235 }, // U+FEA3
    { 19, 12, 262, 0, 11, 29, 32259 }, // U+FEA4
    { 17, 29, 275, 0, 19, 62, 32288 }, // U+FEA5
    { 21, 29, 296, 0, 19, 77, 32350 }, // U+FEA6
    { 16, 19, 252, 0, 18, 38, 32427 }, // U+FEA7
    { 19, 19, 262, 0, 18, 46, 32465 }, // U+FEA8
    { 12, 14, 207, 0, 13, 21, 32511 }, // U+FEA9
    { 17, 14, 228, 0, 13, 30, 32532 }, // U+FEAA
    { 12, 20, 207, 0, 19, 30, 32562 }, // U+FEAB
    { 17, 20, 228, 0, 19, 43, 32592 }, // U+FEAC
    { 10, 16, 164, -1, 10, 20, 32635 }, // U+FEAD
    { 15, 16, 180, -1, 10, 30, 32655 }, // U+FEAE
    { 10, 23, 164, -1, 17, 29, 32685 }, // U+FEAF
    { 15, 23, 180, -1, 17, 44, 32714 }, // U+FEB0
    { 33, 18, 548, 0, 12, 75, 32758 }, // U+FEB1
    { 38, 17, 576, 0, 11, 81, 32833 }, // U+FEB2
    { 23, 13, 380, 0, 12, 38, 32914 }, // U+FEB3
    { 28, 12, 408, 0, 11, 42, 32952 }, // U+FEB4
    { 33, 25, 548, 0, 19, 104, 32994 }, // U+FEB5
    { 38, 25, 576, 0, 19, 119, 33098 }, // U+FEB6
    { 23, 20, 380, 0, 19, 58, 33217 }, // U+FEB7
    { 28, 20, 408, 0, 19, 70, 33275 }, // U+FEB8
    { 35, 17, 569, 0, 11, 75, 33345 }, // U+FEB9
    { 39, 17, 577, 0, 11, 83, 33420 }, // U+FEBA
    { 24, 12, 390, 0, 11, 36, 33503 }, // U+FEBB
    { 28, 12, 402, 0, 11, 42, 33539 }, // U+FEBC
    { 35, 24, 569, 0, 18, 105, 33581 }, // U+FEBD
    { 39, 24, 577, 0, 18, 117, 33686 }, // U+FEBE
    { 24, 19, 390, 0, 18, 57, 33803 }, // U+FEBF
    { 28, 19, 402, 0, 18, 67, 33860 }, // U+FEC0
    { 21, 20, 338, 0, 19, 53, 33927 }, // U+FEC1
    { 24, 20, 344, 0, 19, 60, 33980 }, // U+FEC2
    { 18, 20, 295, 0, 19, 45, 34040 }, // U+FEC3
    { 22, 20, 305, 0, 19, 55, 34085 }, // U+FEC4
    { 21, 20, 338, 0, 19, 53, 34140 }, // U+FEC5
    { 24, 20, 344, 0, 19, 60, 34193 }, // U+FEC6
    { 18, 20, 295, 0, 19, 45, 34253 }, // U+FEC7
    { 22, 20, 305, 0, 19, 55, 34298 }, // U+FEC8
    { 17, 24, 228, 0, 14, 51, 34353 }, // U+FEC9
    { 17, 22, 228, 0, 12, 47, 34404 }, // U+FECA
    { 13, 14, 223, 0, 13, 23, 34451 }, // U+FECB
    { 17, 13, 221, -1, 12, 28, 34474 }, // U+FECC
    { 17, 31, 228, 0, 21, 66, 34502 }, // U+FECD
    { 17, 28, 228, 0, 18, 60, 34568 }, // U+FECE
    { 13, 20, 223, 0, 19, 33, 34628 }, // U+FECF
    { 17, 19, 221, -1, 18, 41, 34661 }, // U+FED0
    { 25, 22, 410, 0, 21, 69, 34702 }, // U+FED1
    { 30, 20, 446, 0, 19, 75, 34771 }, // U+FED2
    { 12, 22, 202, 0, 21, 33, 34846 }, // U+FED3
    { 16, 20, 212, 0, 19, 40, 34879 }, // U+FED4
    { 20, 23, 333, 0, 18, 58, 34919 }, // U+FED5
    { 24, 23, 342, 0, 16, 69, 34977 }, // U+FED6
    { 12, 22, 202, 0, 21, 33, 35046 }, // U+FED7
    { 16, 20, 212, 0, 19, 40, 35079 }, // U+FED8
    { 23, 20, 372, 0, 19, 58, 35119 }, // U+FED9
    { 27, 20, 390, 0, 19, 68, 35177 }, // U+FEDA
    { 12, 19, 182, 0, 18, 29, 35245 }, // U+FEDB
    { 15, 19, 203, 0, 18, 36, 35274 }, // U+FEDC
    { 18, 25, 296, 0, 19, 57, 35310 }, // U+FEDD
    { 22, 25, 316, 0, 19, 69, 35367 }, // U+FEDE
    { 7, 20, 119, 0, 19, 18, 35436 }, // U+FEDF
    { 11, 20, 138, 0, 19, 28, 35454 }, // U+FEE0
    { 13, 22, 219, 0, 12, 36, 35482 }, // U+FEE1
    { 19, 21, 264, 0, 11, 50, 35518 }, // U+FEE2
    { 14, 12, 233, 0, 11, 21, 35568 }, // U+FEE3
    { 18, 12, 250, 0, 11, 27, 35589 }, // U+FEE4
    { 18, 21, 296, 0, 15, 48, 35616 }, // U+FEE5
    { 23, 21, 322, 0, 15, 61, 35664 }, // U+FEE6
    { 7, 19, 127, 0, 18, 17, 35725 }, // U+FEE7
    { 12, 17, 154, 0, 16, 26, 35742 }, // U+FEE8
    { 11, 15, 188, 0, 14, 21, 35768 }, // U+FEE9
    { 16, 16, 222, 0, 15, 32, 35789 }, // U+FEEA
    { 16, 15, 256, 0, 14, 30, 35821 }, // U+FEEB
    { 17, 18, 228, 0, 12, 39, 35851 }, // U+FEEC
    { 12, 17, 199, 0, 11, 26, 35890 }, // U+FEED
    { 16, 17, 210, 0, 11, 34, 35916 }, // U+FEEE
    { 21, 18, 328, 0, 12, 48, 35950 }, // U+FEEF
    { 22, 13, 320, 0, 7, 36, 35998 }, // U+FEF0
    { 21, 24, 328, 0, 12, 63, 36034 }, // U+FEF1
    { 22, 19, 320, 0, 7, 53, 36097 }, // U+FEF2
    { 8, 18, 144, 0, 12, 18, 36150 }, // U+FEF3
    { 13, 15, 164, 0, 9, 25, 36168 }, // U+FEF4
    { 17, 21, 253, -2, 21, 45, 36193 }, // U+FEF5
    { 20, 22, 272, 0, 21, 55, 36238 }, // U+FEF6
    { 15, 23, 253, 0, 23, 44, 36293 }, // U+FEF7
    { 19, 24, 272, 1, 23, 57, 36337 }, // U+FEF8
    { 14, 27, 253, 1, 19, 48, 36394 }, // U+FEF9
    { 19, 27, 272, 1, 19, 65, 36442 }, // U+FEFA
    { 14, 19, 253, 1, 19, 34, 36507 }, // U+FEFB
    { 19, 20, 272, 1, 19, 48, 36541 }, // U+FEFC
};

static constexpr auto& ubuntu_12_boldIntervals = builtin_font_metadata::data_626222f7bfd6f7f7;

static constexpr auto& ubuntu_12_boldKernLeftCodepoints = builtin_font_metadata::data_51f12bb6ff1c4bd5;

static constexpr auto& ubuntu_12_boldKernLeftClassIds = builtin_font_metadata::data_53bc31c21fb9716f;

static constexpr auto& ubuntu_12_boldKernRightCodepoints = builtin_font_metadata::data_cbc2daf1dd6de8bc;

static constexpr auto& ubuntu_12_boldKernRightClassIds = builtin_font_metadata::data_4cc4d0d7bdd03f86;

static constexpr auto& ubuntu_12_boldKernRowOffsets = builtin_font_metadata::data_fd83c0c249f10eb8;

static constexpr auto& ubuntu_12_boldKernSparseCols = builtin_font_metadata::data_ee7b7b20ec83f8cf;

static const int8_t ubuntu_12_boldKernSparseValues[] = {
     -20,  -35,    7,    8,  -43,    7,  -38,  -25,  -23,  -23,   -6,    5,   -6,  -17,  -12,  -18,
      -6,  -12,  -13,  -19,   -8,    4,  -10,   -6,    4,  -12,  -40,   -6,   -5,   12,   -8,   -8,
       8,   -8,  -32,  -28,  -16,    4,  -40,   -8,   -8,   -8,  -15,  -12,    4,  -15,   -8,  -12,
      32,   -8,   -4,  -12,   -8,   -8,   -8,   10,   12,   10,   10,   13,    4,  -10,  -12,  -12,
      -5,    5,   34,   -8,   -7,  -10,   -4,   -4,   12,   -6,  -10,    5,    5,    5,  -12,    5,
       5,    5,   10,   -8,   -5,    7,    8,    8,   -8,  -12,   10,  -10,   -5,   -6,   -6,    8,
      -9,   -4,  -12,   -9,   12,  -14,   -8,   -6,   -6,    7,   -7,   -7,    5,    5,   34,    7,
     -13,  -12,   10,   -6,    5,   -7,   -5,   -8,    5,   -9,   -8,    9,   -5,   -8,   -5,   -8,
     -13,   -5,   -8,  -16,   -4,   -6,   -8,   -9,   -8,   -6,   -5,   -8,   -8,   -6,   -6,   -8,
      -8,   -9,   -6,   -7,  -13,   -7,   -7,   -8,  -32,  -42,   -4,   -9,   -4,   -7,  -12,  -12,
      -4,   -4,    6,    6,    5,    6,  -56,   -7,  -19,   -5,  -42,  -30,   -5,  -32,  -29,   -7,
      -6,   -4,   -9,   -6,   -7,  -18,   -6,  -18,   -6,  -12,   -6,   -7,    5,   -5,   -4,   -4,
      -4,   -6,  -29,   -4,   -5,   -4,   12,  -16,  -16,   16,  -16,    5,  -32,  -12,  -33,  -17,
      10,  -38,    9,  -12,  -12,  -12,  -23,  -22,    8,  -23,    7,   10,  -12,   -8,  -32,   -6,
       5,   16,    9,   12,   11,    5,    6,  -16,  -16,   10,  -30,   11,    6,   11,  -12,  -15,
     -12,    8,  -18,   -8,    6,   -6,   -7,  -26,  -13,  -33,  -19,   12,   -4,    5,  -16,    8,
       8,   -6,    8,  -22,  -12,  -13,  -27,   -4,    6,    5,    5,    8,    3,   -8,  -18,    6,
       5,    7,  -22,    9,   -4,   -6,  -10,  -12,    8,    8,  -13,   -6,    6,   10,    5,    5,
      10,   -9,    5,    5,   10,   10,   -8,    8,    5,    5,    4,   12,    5,    5,    5,    6,
       8,   10,  -18,    5,   11,    9,   10,   -6,  -14,  -26,  -10,  -10,  -28,  -10,   17,   19,
      17,   13,   20,    7,  -16,    7,  -23,  -23,    7,    6,    6,  -13,  -12,   -8,   -4,  -48,
     -16,    6,    6,    6,  -19,    6,    6,    6,   17,   -7,  -28,  -21,    9,  -26,  -21,   11,
     -10,   -7,   13,    5,   -7,  -16,   -5,   -6,   -6,  -18,  -13,  -18,  -11,  -23,   -6,  -13,
     -14,   -6,   -5,  -11,   10,  -11,  -12,    6,    6,    6,   10,   -7,  -13,   12,  -22,   -8,
      -7,   -4,    7,   10,  -25,   -5,    6,  -15,    5,    6,    6,    5,    6,    4,    6,  -25,
      10,    7,    6,    6,    5,    6,    6,   -9,    6,    6,    8,   -8,   -7,  -14,  -12,   -4,
     -10,  -17,   -5,   -4,  -22,   -6,  -14,   -4,   -7,  -10,   -8,  -13,   -7,  -10,  -10,   -7,
      -4,   -6,  -14,   -7,   -8,  -20,   -7,  -32,   12,   10,    8,  -13,   15,  -10,  -10,   13,
     -10,    8,  -33,   -8,  -26,  -16,   15,  -40,   10,  -32,  -10,   -4,   -4,   -4,    4,  -14,
     -10,   10,  -14,    6,   -4,   -6,    5,    8,   -4,   -6,  -18,  -30,  -26,   17,   -5,   -5,
       4,  -12,    4,   -8,   -4,   -7,  -12,   -4,   -9,  -14,   -8,   -9,   -4,   -3,   -4,   -4,
      -4,    4,    4,  -10,   -6,    4,    3,   -5,    6,   -4,    9,   -4,    5,    8,    6,   11,
     -10,  -10,   12,  -10,    7,    8,    8,    8,   10,   10,    7,    8,   10,    4,   -5,   -5,
       2,   -5,   10,    6,  -10,    6,   10,    4,   -4,    8,   14,   16,   -8,  -16,    8,  -21,
      -8,  -10,   -9,   -9,  -10,   -4,  -15,  -18,   -4,   -8,   -6,    4,  -24,   -6,   -8,    4,
      -5,   10,   -7,    4,    8,    4,    4,   -5,   -5,   -5,    8,    5,    7,   -5,   -4,    4,
       5,    7,   16,   -8,   -6,    8,  -25,    6,  -31,    8,   -4,  -19,   -3,   -3,  -30,   -4,
      -3,    8,   10,    8,    5,   11,   12,   10,  -10,   -4,   -4,   -8,   -5,   -8,   -4,   -8,
      -4,  -47,  -10,   -4,   16,   15,  -25,  -10,    8,    7,    4,   -4,   -8,   -8,   -8,   -4,
      -4,   -4,    9,   -4,  -12,   -8,   -5,    4,    4,  -16,    6,    6,   -8,   -8,   10,  -16,
      12,  -20,    9,    4,   -6,   10,  -22,  -22,    8,  -22,    9,    7,    5,   14,    7,   10,
       8,   11,   -4,  -16,  -16,    4,   -4,  -14,  -18,  -18,   14,  -18,    8,   -5,  -20,   10,
      -4,   17,  -14,   14,   12,    4,   -7,   12,    4,  -39,    4,  -41,   16,   -8,    7,   10,
     -14,   12,   -8,   -8,   12,    4,   -8,    7,  -31,   -4,  -34,  -20,   12,  -40,    7,  -32,
     -13,    5,    3,  -19,  -12,   12,  -19,    6,   -6,   -5,   -8,    8,   12,    5,  -20,  -26,
     -22,   19,   -4,   -4,   -6,   -4,   -4,   -6,   -8,   -8,   -6,   -8,  -16,    8,  -21,   -8,
     -10,   -9,   -9,  -10,   -4,  -15,  -18,   -4,   -8,   -5,    4,  -24,   -4,   -9,    4,   -5,
      -8,   -3,  -42,  -32,    5,  -27,  -36,    5,   -9,   -4,   -6,   -5,   -8,   -6,   -6,    8,
       8,    5,    8,   -4,   -4,    5,  -50,   -8,   -9,   12,   12,  -37,   -8,  -16,    8,  -21,
      -8,  -10,   -9,   -9,  -10,   -4,  -15,  -18,   -4,   -8,    6,    4,  -24,   -4,    4,   -5,
      -4,   10,   -8,    7,    5,   -6,   -4,   12,   -7,   -7,   10,   -7,   -4,   -3,   -6,    8,
     -13,    7,   -4,   -9,  -10,  -10,  -10,   -4,   -4,    7,    4,   -9,    8,  -10,  -11,    5,
       4,   13,   -3,  -14,    4,   11,   -6,   -4,   -8,   -4,   -4,   -4,    5,   -6,   -5,   -4,
      -6,    6,   -8,    5,   -8,    7,   -8,   -7,   10,  -32,  -22,  -39,  -24,   10,  -14,  -33,
      -9,   -9,  -33,   -4,   -9,   10,   12,   10,   10,   14,    4,   16,   12,  -30,  -30,  -30,
     -28,  -29,  -28,  -30,  -30,  -30,  -30,  -28,   -7,  -30,  -26,  -46,  -30,   -4,   11,   18,
     -37,   18,   13,   12,  -22,  -24,   11,    8,  -21,  -12,  -22,    4,   -8,   -8,    4,  -22,
       2,    9,    7,  -12,  -12,   13,  -32,  -12,  -38,   -5,   11,  -12,  -26,  -10,  -10,  -35,
      -4,  -10,   13,   15,   13,   13,   16,    6,   16,   15,  -16,  -22,  -22,   -9,  -15,   -8,
      -5,   -7,  -16,  -59,  -16,    8,   20,  -24,   18,   14,   13,   -7,   -8,   11,   15,  -25,
       8,   -8,   -4,   11,  -18,  -25,   10,   -4,  -16,   -4,   -4,  -19,   -4,   11,   13,   11,
      11,   14,    4,   16,   13,  -11,  -13,  -13,   -6,   -6,   -6,    5,    5,    4,    5,   -4,
      -6,  -21,  -11,   18,  -14,   16,   11,   16,  -10,   -8,   -8,   10,  -10,   10,  -13,    9,
       7,    8,   -6,   14,  -15,  -15,   10,  -15,    7,   10,   12,   10,   14,   13,   10,   12,
      12,  -12,  -12,  -12,    4,  -10,  -10,  -10,   10,  -10,    6,   -5,  -15,   14,  -12,   16,
      -8,   16,    8,    4,   -6,    4,    6,   14,    4,  -20,  -16,   14,   -4,  -38,  -27,  -40,
     -15,   12,  -24,  -40,  -18,  -18,  -34,   -6,  -18,   -4,   14,   16,   14,   14,   16,    7,
      16,   16,  -29,  -35,  -35,  -15,  -28,  -14,   -4,   -8,   -4,  -14,   -6,  -32,  -10,  -58,
     -50,   21,  -36,   18,   16,    7,  -12,  -13,   10,   12,  -26,   -4,    6,   11,   -8,    6,
       6,   -4,   10,   -5,   -5,   10,   -5,    5,    6,    8,    6,   10,    9,    5,    8,    8,
       4,   -4,   -4,   10,    4,  -12,    6,   10,    4,    4,   14,   13,    4,    8,   12,   17,
     -11,   -8,   -8,  -11,   -8,   12,   14,   12,   12,   15,    6,   36,  -14,  -14,  -14,    4,
      38,  -14,  -13,  -14,  -12,  -12,  -12,   12,  -12,  -11,  -14,    4,    4,    4,  -16,    4,
       4,    4,   12,  -12,   -6,  -11,  -11,    8,  -11,    8,   10,   -8,  -15,   12,  -13,  -14,
      -8,  -10,   -9,    8,  -13,   -9,  -10,   -9,  -11,  -14,  -13,  -10,   12,  -15,  -12,  -14,
      -4,  -10,  -10,   -9,  -11,    8,  -11,  -13,    4,    4,   38,    8,   -7,   -6,  -15,  -14,
      11,   -9,   -9,  -11,  -11,    5,    8,  -12,  -16,  -16,    4,  -12,  -16,  -36,  -16,  -44,
     -28,    8,  -44,    4,  -10,  -10,  -10,   56,   -4,   -8,  -12,   -8,   24,    8,  -10,   -8,
      13,   -4,   -4,   -4,   -6,   -5,   -5,   -6,   13,   -7,   -6,   -4,   -4,   -6,   -8,  -12,
     -13,  -16,  -14,   -5,   -4,   -5,   -7,   -9,   -9,    5,   -8,  -10,  -12,  -12,    5,  -11,
     -11,  -20,  -14,   -6,   -5,   -7,   -6,   -4,   -8,    4,  -10,  -10,    7,   -4,    4,   -5,
      -4,  -14,  -10,  -10,  -10,    3,    4,    5,    3,   -6,  -10,  -12,    4,   10,   10,   -8,
     -10,    9,  -15,  -24,  -14,   -6,   -4,   -6,    5,    6,    4,   21,    9,  -24,  -25,    7,
      11,   32,   21,   -3,   -3,   -3,    5,    4,   11,   11,    8,   11,   12,   -4,    7,   -3,
      13,    5,   26,   -8,   23,   21,   22,   15,   22,  -23,   -5,  -10,   -9,  -12,  -14,   10,
      -6,   -4,   -6,  -10,   -6,    4,   -8,   -8,  -10,  -15,  -24,  -14,   -6,   -4,   -6,   -7,
     -10,   -6,    5,    4,  -10,  -15,  -24,  -14,   -6,   -4,   -6,  -10,   -6,    4,    5,  -10,
     -15,  -24,    4,   12,   -6,   -4,   -6,  -10,   -6,    4,   -8,   -5,    5,    5,  -18,    8,
       4,   -9,  -10,   -4,  -14,  -14,   -3,   -4,    8,    8,    8,    8,    6,   -6,  -14,   -4,
     -13,    5,   10,    9,   -8,  -10,   10,    8,   -6,  -24,  -14,    6,   -4,   -4,    8,   -4,
       6,   -6,    8,    6,  -10,  -10,   12,   -7,   -8,  -10,  -15,  -24,  -14,   -6,   -4,   -6,
      -7,  -10,   -6,    5,   -7,  -10,  -12,  -12,    5,  -11,  -11,  -20,  -14,   -6,   -5,   -7,
      -6,   -4,   -9,    4,  -10,  -10,   -8,  -10,    8,   -9,  -12,  -14,   17,   -6,   -4,   -6,
     -10,   -6,    4,   -8,    7,  -24,  -22,    7,    4,    4,   -4,   -4,   -4,   -4,   12,   12,
       8,   12,    4,   -6,    8,   -4,   -6,   11,   19,  -22,   -5,   -4,   -4,  -14,  -12,  -14,
      -3,   -7,    6,    7,   -4,    4,   -6,   -8,  -13,   -8,   -8,   -8,    4,    4,    7,    4,
      -8,   -8,   -4,    6,    9,   -8,  -10,   -9,  -24,  -12,   -6,   -4,   -6,  -10,   -6,    4,
      -4,    6,  -22,  -16,    6,  -12,   -4,   -6,   -6,    8,    8,   10,    8,    5,    7,   -4,
      -8,    8,   16,  -16,   -4,    7,  -21,    3,  -14,    6,  -11,   -4,   -5,   -5,    8,    8,
       8,    8,    6,    8,   -4,   -6,   10,   16,  -11,   -8,   -5,    5,    8,   -8,    8,    6,
      -4,  -12,  -10,  -10,  -10,   10,    8,   13,   10,    8,   -5,  -11,  -10,   -9,    6,   11,
       8,   -4,    6,  -22,  -16,    6,  -12,   -4,   -6,   -6,    8,    8,   10,    8,    5,    7,
      -4,   -8,    8,   13,  -16,   10,    4,    4,   -4,  -11,   -6,   -6,   -6,    8,    8,    9,
       8,   -5,   -6,    4,   -6,    6,   10,   11,   -5,   -6,   -6,   36,    8,   -9,   -6,   -6,
       8,    8,   10,   -9,  -11,    8,   -8,   -7,   -6,   -6,   -6,    8,   -8,   -6,   -7,   -8,
      -8,   -6,   11,  -11,  -10,   -4,   -6,   -7,   -6,   -7,    8,   -7,   -6,   26,    8,  -12,
     -11,   11,   -7,   -7,    5,   -5,   -7,   -7,   -5,   -6,   -5,   -7,   -6,   -5,   -7,   -8,
      -4,   -6,   -5,   -7,   -5,   -8,   -6,   -4,   -5,   -5,   -6,    5,   -9,   -6,  -25,  -13,
      -4,  -20,    4,    7,  -27,   -4,  -11,    5,    7,    7,    7,    3,  -27,    7,    4,    6,
       6,    6,   -8,    4,    6,    4,   -6,    4,    4,  -12,    4,   -8,  -30,  -16,   -8,  -15,
     -32,  -10,    4,    4,    4,  -11,   -7,  -18,    4,    4,  -30,   -8,  -12,   -7,  -13,   -6,
      -6,  -18,  -10,    4,  -15,  -12,  -10,   -7,  -11,   -6,    4,  -11,   -5,  -26,   -9,  -12,
     -10,  -17,  -12,  -16,  -16,  -22,   -8,  -16,  -14,  -42,  -13,  -25,  -17,  -25,  -31,  -20,
     -16,  -13,  -16,  -16,  -13,  -13,  -13,   28,  -13,  -15,  -14,  -15,   -9,   -9,  -12,    6,
     -13,  -29,  -13,  -16,  -13,  -13,  -13,  -17,  -13,  -13,  -13,  -12,  -10,  -22,    6,  -24,
       5,  -11,  -11,  -16,   -8,   -9,   -4,  -14,  -15,   -9,   -8,  -14,   -3,   -8,    6,  -21,
      -3,   -8,   -8,  -15,  -10,  -30,    3,  -18,   -4,  -20,   -9,  -14,  -12,   -4,  -14,   -9,
     -10,  -25,  -23,    6,  -12,    5,  -10,    8,    8,    9,    4,    5,    5,    8,  -10,   -8,
      -6,   -8,  -10,  -12,   -4,   -5,   -4,   -8,   -8,   -6,   10,   24,  -10,   -8,   14,   36,
      28,   -8,    7,  -16,  -16,   11,    7,    7,   -8,  -12,    3,   -6,   13,   13,   12,   16,
      10,   28,   -4,   26,   36,   54,   48,   42,   45,    8,   10,    7,  -10,   -6,   -7,   -8,
      -8,   -8,   -7,  -14,   -8,   -7,   -7,   -8,   -9,   13,  -13,  -18,  -10,   -5,   -6,  -23,
      -6,   -7,   -9,   -4,   10,    5,   -7,   -7,    8,   -5,    8,   -5,   11,  -10,   -6,   -4,
     -11,    9,   -7,   -6,   -4,   -6,   -6,   -4,   -6,   -6,   -5,   -9,   -7,   -6,   -6,   -6,
      -6,   -6,   -6,   -5,  -14,   -7,   10,  -32,  -22,  -39,  -24,   10,  -14,   -5,   12,  -11,
     -30,  -26,   10,   -7,  -33,  -31,  -33,  -29,   -4,   -9,  -10,   10,   -6,  -30,   -4,  -20,
     -20,  -25,  -24,   -4,  -26,  -26,  -30,  -20,  -25,  -28,  -30,  -20,  -20,  -26,  -20,  -21,
     -22,  -29,   15,   -7,  -25,    5,  -34,  -43,  -30,   -6,  -24,  -19,   11,    8,   -5,    6,
      -4,    9,   -4,    5,    8,    6,   10,   -6,    6,  -10,    6,    8,   -7,    7,   12,    4,
      11,    6,    6,    5,  -10,  -11,   10,    4,    6,    5,    6,   -5,   10,    4,    2,    4,
      -7,    4,   -8,   11,   -4,   -6,    8,   14,   -5,   -4,   -3,  -14,    4,   11,   -6,   -4,
      -6,    6,   -8,   -4,   -4,   -9,    5,  -11,   -9,   -4,  -10,   -7,   -9,   -7,  -17,   -8,
     -12,    4,   -5,   -8,    6,    6,  -24,  -13,  -10,    9,   -7,  -14,   -6,  -15,  -11,  -26,
      -6,   -4,   -7,   -6,   -4,   -5,  -10,   -8,   -4,   -5,   -6,   -4,   -6,  -29,   -5,  -12,
     -24,  -20,  -16,  -10,    8,    9,   -7,  -12,   -9,  -18,   -5,   -6,   -6,  -14,   -5,   -5,
      10,  -12,  -13,  -13,   -8,   10,  -16,   12,  -20,    9,    4,   -6,   11,   -6,    7,  -20,
       9,  -14,    8,    5,    5,   10,    8,   10,  -22,  -21,   14,   -4,   -8,    8,   -8,   10,
       7,  -16,   -8,  -16,  -14,  -11,   14,  -20,  -10,    6,    6,    5,   -7,    4,    5,   -7,
     -16,   -8,    8,  -16,  -10,  -21,   15,   -7,   -6,  -23,    4,  -12,   13,  -32,  -12,  -38,
      -5,   11,  -12,   15,   -7,   10,  -16,   13,   -8,  -35,  -26,    8,  -26,  -24,   10,   -4,
     -10,   -9,   13,   -8,  -16,   -6,   -7,   -7,  -22,  -15,  -23,  -12,  -22,   -7,  -15,  -16,
      -7,   -6,  -12,    8,  -13,  -15,   21,    8,   -8,  -15,   11,  -32,   -9,   -8,   11,   15,
     -23,   -7,  -32,   12,   10,    8,  -13,  -10,   -4,   -6,    5,  -33,   -8,    8,   13,    5,
      15,    8,   10,    5,  -10,  -11,   15,  -17,    8,   10,    7,   -4,  -11,   -8,   10,  -10,
      -8,    6,    6,    4,   -7,   -8,  -28,   -9,  -14,   -7,   15,   -7,  -17,  -30,  -26,   -5,
      -5,    4,  -12,    4,   -8,   -9,   -7,    4,    4,   -7,   -4,   -4,   -5,   -9,   -4,   -7,
      -3,   -8,   -7,    9,  -14,   11,   14,   -5,    8,   -6,    8,   -6,  -11,    8,    6,    8,
       6,    8,    5,  -12,    8,  -12,    6,    8,    8,    9,    8,   -8,   24,   -8,   -9,   14,
      -5,   -5,   -8,   10,  -16,   12,  -20,    9,    4,    4,   -6,   11,   -5,    9,  -20,    9,
     -14,    8,    5,    7,   10,    8,   10,  -22,  -18,   14,   -4,   -8,    8,   -7,   10,    7,
     -16,   -7,  -11,   -9,  -10,   14,  -15,  -10,    7,   -6,    4,    7,   -7,  -14,   -7,   10,
     -10,   -5,  -17,   15,   -4,   -6,  -18,   -5,   -5,    4,  -12,    4,   -8,   -9,   -7,    4,
       4,   -7,   -4,   -4,   -4,   -9,   -6,   -3,   -7,   -4,   -6,   -4,   -6,   -4,   -5,   -5,
      -4,   -5,   -5,   -5,   -8,   -6,   -8,  -16,    8,  -21,   -8,   -4,   -8,  -10,    4,   -9,
      -9,  -10,  -10,  -14,   -8,  -15,  -11,   -6,  -12,   -9,  -10,    4,   -3,  -42,  -32,    5,
      -6,   -5,   -4,   -4,    5,    5,  -36,  -24,  -27,  -22,   -6,   -5,   -9,   -4,   -8,  -17,
     -17,   -4,   -6,    4,    5,    5,    4,    5,  -24,   12,   12,    7,   -7,   10,  -32,  -22,
     -39,  -24,   10,  -14,   12,   -7,    8,  -30,  -26,   10,  -33,  -26,    6,  -33,  -25,    8,
      -4,   -9,   -4,   10,  -30,  -18,  -19,  -19,   -8,  -30,  -20,  -22,  -30,  -14,    6,  -17,
     -29,   19,    6,  -19,    9,    7,  -20,   -5,   -6,   11,    8,   -5,  -13,  -16,    7,  -16,
     -10,   -6,  -15,  -10,   -4,  -14,  -13,  -13,  -11,  -12,  -17,  -11,  -16,  -14,   -5,  -10,
     -11,   -4,   -4,   -4,  -14,  -14,  -13,   -8,   10,  -10,   10,  -13,    9,    7,    8,   -6,
      12,   -6,    8,  -15,   10,  -11,    7,   10,    5,    6,   14,    8,   10,    4,  -15,  -16,
      14,   -7,    8,   -7,   10,    7,  -12,   -7,   -8,   -7,   -9,   10,  -13,   -8,    6,   -6,
       4,    6,   -5,  -12,   -7,    8,   -8,  -14,   15,   -5,   -5,  -16,    4,    6,   -8,  -16,
       8,  -21,   -8,   -4,   -8,   -9,    4,   -9,   -9,  -10,  -10,  -14,   -8,  -15,  -10,   -6,
     -12,   -8,   -9,    4,  -10,   -8,  -12,    6,  -13,  -14,   -7,   -6,   -9,   -9,   -7,   10,
      -8,   -4,   -6,   -4,   -6,   -8,   -7,   -6,   -7,  -11,   -7,   -5,   -6,   -5,  -23,  -15,
       6,   -8,    6,  -12,    8,  -13,    8,   10,    9,    8,   10,   10,   10,   10,    7,    9,
      -8,    9,   -9,   11,   13,   -5,    8,    8,   -4,    6,    8,    8,   -5,    9,    8,   -5,
      -4,    4,   24,   -7,   -4,   -9,   -9,  -12,   -8,    5,   -5,  -10,  -13,   -7,    4,   -6,
      -4,   -4,   -7,   -5,    5,    5,  -18,    8,    4,   -9,  -10,   -5,  -14,   -4,    8,   -6,
      10,    5,    7,  -14,   -6,    6,    8,   -7,    8,    6,    6,    6,    8,    4,   -6,    7,
       5,   10,   -5,   -4,    4,    6,   -4,  -10,   -5,    5,   -5,    5,    5,  -18,    8,    4,
      -9,  -10,   -5,  -14,   -4,    8,   -7,   10,    5,    7,  -14,   -7,    8,   10,   -8,    8,
       8,    6,    6,   -5,   10,    5,   -7,    8,    5,   10,   -6,    5,   -6,   -9,   -5,   -6,
      -5,   -5,   -6,   -6,  -11,   -7,   -8,   -6,    5,   -6,   -9,   -6,   -6,  -12,  -10,  -12,
     -12,    5,  -11,  -11,  -14,   -8,    4,   -6,   -7,   -6,  -10,  -10,  -12,  -12,   -6,   10,
      -8,   -8,   -6,  -14,  -11,   -6,   -4,   -5,   -9,  -10,    7,   -4,    4,   -5,   -4,  -14,
      -7,   -6,    6,  -10,    5,    4,    4,    4,   10,  -15,  -17,  -10,   -6,  -12,    6,  -11,
       6,    8,   -4,    7,    6,    8,    8,    8,    8,    5,    7,  -12,  -13,   -8,  -10,    8,
      -8,    8,   10,   -4,    9,    8,   10,    8,   10,    5,    4,    8,  -18,  -14,   -7,   10,
      -9,  -12,   -6,  -15,  -11,   -8,   -4,   -4,   -4,   -6,   -2,   -3,   -4,   -4,   -7,  -18,
     -14,   -5,    5,    8,   -8,    8,    6,   -4,  -12,   -4,  -11,    8,   -4,   10,    5,    7,
     -10,   -4,    6,    8,   -6,   13,    6,    6,    6,    8,    5,   -4,    7,    6,   11,  -29,
      -9,  -21,    4,   -9,   -4,  -13,   -8,    4,  -14,   -9,  -11,  -10,   -9,  -16,  -25,  -28,
     -10,  -10,  -12,  -12,    5,  -11,  -11,  -14,   -7,    4,   -7,  -10,  -10,  -12,  -10,  -12,
     -12,    5,  -11,  -11,  -14,   -8,    4,   -6,   -7,   -5,  -10,  -10,   -6,    5,   -6,  -10,
      -7,   -6,  -14,   -6,   -9,    6,   -8,   -6,   11,   -4,  -14,  -10,    6,   -4,  -10,   -7,
      -5,    6,   -4,    6,   -5,   -4,   -4,  -14,  -14,   -7,   -4,    4,    5,   -6,   -4,    5,
       5,    4,   12,   -6,  -14,   -4,   -6,   -9,    6,   -8,  -14,  -11,   -4,   -7,  -14,  -10,
      -6,    5,   -6,   -4,   -4,   -6,  -20,  -11,  -18,  -11,   -6,  -15,  -10,  -13,   -9,   -4,
      -9,   -4,   -4,   -4,  -13,  -10,  -18,  -18,  -14,    5,    9,   -4,   11,  -39,  -20,  -25,
      14,  -11,   15,   15,  -24,   14,   -5,  -33,  -21,   12,  -25,  -19,   12,    8,   -5,   -6,
      11,   10,    8,   -7,   -4,   -4,  -20,  -20,  -21,  -10,  -20,   -6,  -21,  -24,   -4,  -16,
      14,  -18,  -13,   14,   -5,  -21,   14,    5,   -4,  -37,   -7,   -7,    5,   12,   12,    6,
       7,  -21,  -17,    7,   -4,    8,   -8,   11,    7,   -9,   12,   14,   12,    7,   12,    7,
      14,   13,   14,   10,    9,   13,   -7,   -4,   -7,    8,   -7,    4,    5,    4,   -6,   14,
      -6,  -37,   -4,  -29,    8,   -8,   -4,    4,    5,  -17,    4,   -8,  -13,   14,  -12,  -14,
      -8,  -33,  -36,  -13,   -4,   12,   -8,   -4,  -18,   -7,   -6,   -9,   -8,   -6,   -7,   -5,
      14,  -22,  -13,   -9,  -20,  -13,   10,    6,   -9,   -9,   -6,   17,   -6,   -5,  -18,  -18,
     -13,   10,  -26,  -18,  -30,   -9,    7,  -18,   11,   -6,   11,  -26,   -8,    8,  -13,   -4,
     -29,  -25,    8,  -28,  -24,   10,   -5,  -13,  -14,    8,    5,  -11,  -14,   -9,  -11,  -11,
     -27,  -23,   -7,  -28,  -16,  -23,  -12,  -24,  -25,   -7,  -11,   -7,  -10,  -20,    9,  -21,
     -17,    9,  -13,  -23,   12,   -8,  -24,  -14,  -13,    4,  -13,  -11,   -9,    4,  -10,    7,
      -9,    8,   10,    8,    8,   10,    9,   10,    5,    9,  -24,   -6,   -5,  -11,    4,    6,
     -12,   -6,  -17,  -12,  -25,   -7,  -28,   -4,    6,  -24,  -20,  -13,   -4,   -6,   -8,    6,
      -8,  -14,  -11,   -4,   -7,  -11,   -8,   -8,    5,   -7,   -6,   -4,  -11,   -8,   -7,   -6,
      -6,  -10,   -7,  -14,   -7,   -6,   -7,   -9,  -15,   -8,  -12,    6,  -10,   -7,  -15,  -13,
      -6,   -6,   -4,    7,   -4,    4,    5,    4,    6,    5,    4,   14,    6,    5,    5,    5,
      -6,   10,   -6,    9,    5,    5,    5,   -7,    5,   11,   -9,   -7,   -5,   10,   -7,  -11,
      -7,   -4,   -7,   -7,   -8,   -6,    8,  -13,   -6,  -11,   -8,   -7,   -8,   -8,  -12,   -7,
     -11,  -10,   -6,  -12,   -8,   -9,   -6,    8,   -6,   -5,   -7,   -6,   -8,   -6,   -4,   -7,
      -4,   -7,  -15,   -4,    7,   -6,   -5,   -6,    5,   -4,    5,   15,   -8,   -4,   -1,   -8,
      -4,   -8,   -2,   -3,  -10,  -10,   -4,    3,   -3,  -10,   -2,   -5,   -6,   -4,  -16,   -8,
      -3,  -20,  -13,   -4,   -2,  -10,  -20,  -13,  -13,   -4,   -5,   -4,   -6,   -8,   -9,   -3,
      -2,   -8,  -15,   -1,   -9,   -6,   -3,   -3,   -2,  -24,   -8,   -6,   -6,   -6,  -12,   -6,
      -6,   -8,   -8,   -8,   -3,   -2,   -5,   -5,   -9,   -9,  -16,   -3,   -3,  -12,   -9,   -3,
     -18,   -5,    3,   -1,   -8,   -2,   -8,  -10,  -10,   -5,   -7,   -4,   -3,  -12,   -3,   -3,
      -5,   -2,   -9,   -6,   -4,   -6,   -8,   -6,   -6,  -14,   -3,   -6,   -2,   -4,   -3,   -8,
      -4,  -10,   -9,  -16,   -8,  -12,   -3,   -6,   -9,  -12,   -9,   -8,  -10,  -11,   -3,  -11,
      -6,   -9,   -6,   -6,  -19,  -20,   -7,   -3,   -3,  -15,  -16,  -16,   -4,   -8,  -33,  -12,
     -12,  -38,   -8,  -12,    6,    8,    7,   11,   13,    6,   10,    9,  -11,  -13,  -17,   -8,
       5,    5,    5,  -78,  -11,  -28,    8,    6,  -38,  -24,  -33,  -22,    5,   -8,  -12,   -5,
       6,    6,  -11,  -17,  -13,  -18,   -6,  -17,  -12,  -21,   -8,    6,   -9,   -8,    6,  -11,
       6,  -40,   -6,   -4,  -39,  -15,  -15,  -42,  -15,   -8,    7,    5,   11,   12,    6,    9,
       7,  -25,   -4,  -29,  -29,   -8,   -4,   -4,  -17,  -31,  -13,   -4,   -4,   -4,  -13,  -52,
      -8,  -25,   -4,   -4,   -4,  -29,   -4,   -4,   -4,    7,   -7,   -8,  -42,  -26,  -39,  -25,
     -15,  -10,    6,   -5,  -25,   -8,   -8,  -23,  -20,   -6,  -25,  -12,  -29,  -10,  -20,  -28,
      -8,   -6,   -7,  -15,  -18,  -31,   -7,  -20,    5,   -5,  -43,  -12,   -5,  -11,   -7,    8,
     -13,  -13,    9,  -13,    4,  -30,   -8,  -50,  -30,    9,  -43,    8,    4,    4,    4,    4,
       4,   12,    4,    4,    4,  -16,  -12,    8,  -16,   10,    9,    4,    4,    4,    4,    4,
       4,    4,  -16,  -10,  -12,   20,
};

static constexpr auto& ubuntu_12_boldLigaturePairs = builtin_font_metadata::data_eec36962daa84f91;

static const EpdFontData ubuntu_12_bold = {
    ubuntu_12_boldBitmaps,
    ubuntu_12_boldGlyphs,
    ubuntu_12_boldIntervals,
    70,
    29,
    24,
    -5,
    false,
    nullptr,
    0,
    nullptr,
    nullptr,  // kernLeftClasses: built-in fonts use the split arrays below
    nullptr,  // kernRightClasses
    ubuntu_12_boldKernLeftCodepoints,
    ubuntu_12_boldKernLeftClassIds,
    ubuntu_12_boldKernRightCodepoints,
    ubuntu_12_boldKernRightClassIds,
    nullptr,  // kernMatrix: built-in fonts use the sparse form below
    ubuntu_12_boldKernRowOffsets,
    ubuntu_12_boldKernSparseCols,
    ubuntu_12_boldKernSparseValues,
    576,
    577,
    173,
    159,
    ubuntu_12_boldLigaturePairs,
    5,
};
