/**
 * generated by fontconvert.py
 * name: ubuntu_10_regular
 * size: 10
 * mode: 1-bit
 * Command used: fontconvert.py ubuntu_10_regular 10 ../builtinFonts/source/Ubuntu/Ubuntu-Regular.ttf ../builtinFonts/source/NotoSansHebrew/NotoSansHebrew-Regular.ttf ../builtinFonts/source/NotoSansArabic/NotoSansArabic-Regular.ttf ../builtinFonts/source/Ubuntu/Ubuntu-Vietnamese-Regular.ttf --additional-intervals 0x05D0,0x05EA --additional-intervals 0x060C,0x060C --additional-intervals 0x061B,0x061B --additional-intervals 0x061F,0x061F --additional-intervals 0x0621,0x0621 --additional-intervals 0x0640,0x0640 --additional-intervals 0x0654,0x0654 --additional-intervals 0x0660,0x0669 --additional-intervals 0x06BA,0x06BA --additional-intervals 0x06D4,0x06D4 --additional-intervals 0x06D5,0x06D5 --additional-intervals 0x06F0,0x06F9 --additional-intervals 0xFB56,0xFB59 --additional-intervals 0xFB66,0xFB69 --additional-intervals 0xFB7A,0xFB7D --additional-intervals 0xFB88,0xFB95 --additional-intervals 0xFB9E,0xFB9F --additional-intervals 0xFBA6,0xFBB1 --additional-intervals 0xFBFC,0xFBFF --additional-intervals 0xFE80,0xFEFC
 */
#pragma once
#include "builtin_font_metadata.h"
#include "EpdFontData.h"

static const uint8_t ubuntu_10_regularBitmaps[23536] = {
    0xEE, 0xEE, 0xE6, 0x66, 0x66, 0x00, 0xEF, 0xE0, 0xEF, 0xDF, 0xBF, 0x6E, 0xC0, 0x1C, 0x61, 0xCE,
    0x1C, 0xE1, 0x8E, 0xFF, 0xFF, 0xFF, 0x38, 0xC3, 0x9C, 0x31, 0xCF, 0xFF, 0xFF, 0xF7, 0x18, 0x73,
    0x87, 0x38, 0x63, 0x80, 0x0C, 0x03, 0x03, 0xF9, 0xFE, 0xF1, 0xB8, 0x0E, 0x01, 0xE0, 0x7E, 0x07,
    0xE0, 0x78, 0x07, 0x01, 0xF8, 0xFF, 0xFB, 0xFC, 0x0C, 0x03, 0x00, 0xC0, 0x7C, 0x38, 0xEE, 0x38,
    0xC6, 0x70, 0xC6, 0x70, 0xC6, 0xE0, 0xEE, 0xC0, 0x7D, 0xC0, 0x01, 0x80, 0x03, 0xBE, 0x03, 0x77,
    0x07, 0x63, 0x0E, 0x63, 0x0E, 0x63, 0x1C, 0x77, 0x1C, 0x3E, 0x0F, 0x80, 0x7F, 0x03, 0xDC, 0x0E,
    0x30, 0x39, 0xC0, 0x6E, 0x01, 0xF8, 0x07, 0x80, 0x3F, 0x19, 0xCE, 0xE6, 0x1F, 0x18, 0x3C, 0x78,
    0xF1, 0xFF, 0xE3, 0xF9, 0xC0, 0xFF, 0xFE, 0x1C, 0x73, 0x8C, 0x71, 0xC6, 0x38, 0xE3, 0x8E, 0x38,
    0xE1, 0x87, 0x1C, 0x30, 0xE1, 0xC7, 0xC3, 0x87, 0x1C, 0x38, 0xE3, 0x86, 0x18, 0x71, 0xC6, 0x18,
    0xE3, 0x8E, 0x71, 0xCE, 0x30, 0x0C, 0x03, 0x06, 0xD9, 0xFE, 0x1E, 0x07, 0x83, 0xF0, 0xCC, 0x0C,
    0x03, 0x00, 0xC0, 0x30, 0xFF, 0xFF, 0xF0, 0xC0, 0x30, 0x0C, 0x03, 0x00, 0x77, 0x76, 0x60, 0xFF,
    0xF0, 0xFF, 0x80, 0x01, 0xC0, 0x60, 0x38, 0x0E, 0x03, 0x01, 0xC0, 0x70, 0x18, 0x0E, 0x03, 0x81,
    0xC0, 0x70, 0x1C, 0x0E, 0x03, 0x80, 0xC0, 0x70, 0x1C, 0x06, 0x03, 0x80, 0x3F, 0x1F, 0xE7, 0x3B,
    0x87, 0xE1, 0xF8, 0x7E, 0x1F, 0x07, 0xE1, 0xF8, 0x7E, 0x1F, 0x87, 0x73, 0x9F, 0xE3, 0xF0, 0x0E,
    0x3D, 0xFB, 0xF7, 0xE1, 0xC3, 0x87, 0x0E, 0x1C, 0x38, 0x70, 0xE1, 0xC3, 0x80, 0x7E, 0x3F, 0xCE,
    0x78, 0x0E, 0x03, 0x80, 0xE0, 0x70, 0x3C, 0x1E, 0x0F, 0x03, 0x81, 0xC0, 0xE0, 0x3F, 0xFF, 0xFC,
    0x7E, 0x3F, 0xC6, 0x78, 0x0E, 0x03, 0x81, 0xE3, 0xF0, 0xFC, 0x07, 0x80, 0x60, 0x1C, 0x07, 0xC7,
    0xBF, 0xEF, 0xE0, 0x03, 0xC0, 0x78, 0x1F, 0x07, 0xE1, 0xDC, 0x3B, 0x8E, 0x73, 0x8E, 0x61, 0xDF,
    0xFF, 0xFF, 0x80, 0xE0, 0x1C, 0x03, 0x80, 0x70, 0x7F, 0x9F, 0xE7, 0x01, 0xC0, 0x70, 0x1F, 0x87,
    0xF0, 0x7E, 0x03, 0x80, 0x70, 0x1C, 0x07, 0xE7, 0xBF, 0xEF, 0xE0, 0x07, 0x87, 0xE3, 0xF1, 0xC0,
    0x60, 0x3F, 0xCF, 0xFB, 0xCF, 0xE1, 0xF8, 0x7E, 0x1F, 0x87, 0x73, 0xDF, 0xE3, 0xF0, 0xFF, 0xFF,
    0xF0, 0x1C, 0x0E, 0x07, 0x01, 0xC0, 0xE0, 0x38, 0x0C, 0x07, 0x01, 0xC0, 0x60, 0x38, 0x0E, 0x03,
    0x80, 0x3F, 0x1F, 0xEF, 0x3B, 0x87, 0xE1, 0xFC, 0xE7, 0xF8, 0xFC, 0x7F, 0xB8, 0xFE, 0x1F, 0x87,
    0xF3, 0xDF, 0xE3, 0xF0, 0x3F, 0x1F, 0xEF, 0x7B, 0x87, 0xE1, 0xF8, 0x7F, 0x3D, 0xFF, 0x3F, 0xC0,
    0x60, 0x38, 0x1E, 0x1F, 0x1F, 0x87, 0x80, 0xFF, 0x80, 0x00, 0xFF, 0x80, 0x77, 0x70, 0x00, 0x00,
    0x07, 0x77, 0x66, 0x01, 0xC3, 0xF7, 0xFB, 0xF0, 0xF0, 0x3F, 0x07, 0xF8, 0x3F, 0x01, 0xC0, 0xFF,
    0xFF, 0xF0, 0x00, 0x00, 0x00, 0x3F, 0xFF, 0xFC, 0xE0, 0x3F, 0x07, 0xF8, 0x3F, 0x03, 0xC3, 0xF7,
    0xFB, 0xF0, 0xE0, 0x00, 0xFE, 0xFF, 0x6F, 0x07, 0x07, 0x06, 0x0E, 0x1C, 0x38, 0x38, 0x00, 0x00,
    0x38, 0x38, 0x38, 0x07, 0xF8, 0x03, 0xFF, 0x81, 0xF3, 0xF0, 0xE0, 0x1C, 0x70, 0x03, 0x9C, 0x7E,
    0x6E, 0x7F, 0x9F, 0x9E, 0xE7, 0xE6, 0x19, 0xFB, 0x86, 0x7E, 0xE1, 0x9F, 0xB8, 0x67, 0xE7, 0xBB,
    0xB9, 0xFF, 0xE7, 0x3F, 0xF1, 0xC0, 0x00, 0x38, 0x00, 0x07, 0xC6, 0x00, 0xFF, 0x80, 0x1F, 0xE0,
    0x07, 0x00, 0x1E, 0x00, 0x78, 0x03, 0xF0, 0x0D, 0xC0, 0x73, 0x01, 0xCE, 0x06, 0x18, 0x38, 0x70,
    0xFF, 0xC7, 0xFF, 0x1C, 0x0E, 0x60, 0x3B, 0x80, 0x7E, 0x01, 0xC0, 0x7F, 0x8F, 0xFC, 0xE3, 0xEE,
    0x0E, 0xE0, 0xEE, 0x3E, 0xFF, 0xCF, 0xFE, 0xE1, 0xEE, 0x07, 0xE0, 0x7E, 0x07, 0xE1, 0xEF, 0xFE,
    0x7F, 0x80, 0x0F, 0xE3, 0xFF, 0x7C, 0x67, 0x00, 0xE0, 0x0E, 0x00, 0xE0, 0x0E, 0x00, 0xE0, 0x0E,
    0x00, 0xE0, 0x07, 0x00, 0x7C, 0x63, 0xFF, 0x0F, 0xE0, 0x7F, 0x87, 0xFF, 0x38, 0xFD, 0xC0, 0xEE,
    0x07, 0xF0, 0x1F, 0x80, 0xFC, 0x07, 0xE0, 0x3F, 0x01, 0xF8, 0x0F, 0xC0, 0xEE, 0x3F, 0x7F, 0xF1,
    0xFE, 0x00, 0xFF, 0xDF, 0xFB, 0x80, 0x70, 0x0E, 0x01, 0xC0, 0x3F, 0xE7, 0xFC, 0xE0, 0x1C, 0x03,
    0x80, 0x70, 0x0E, 0x01, 0xFF, 0xFF, 0xF8, 0xFF, 0xFF, 0xFE, 0x03, 0x80, 0xE0, 0x38, 0x0F, 0xFB,
    0xFE, 0xE0, 0x38, 0x0E, 0x03, 0x80, 0xE0, 0x38, 0x0E, 0x00, 0x0F, 0xE3, 0xFF, 0x7C, 0x77, 0x00,
    0xE0, 0x0E, 0x00, 0xE0, 0x0E, 0x00, 0xE0, 0x7E, 0x07, 0xE0, 0x77, 0x07, 0x7C, 0x73, 0xFF, 0x0F,
    0xF0, 0xE0, 0x3E, 0x03, 0xE0, 0x3E, 0x03, 0xE0, 0x3E, 0x03, 0xFF, 0xFF, 0xFF, 0xE0, 0x3E, 0x03,
    0xE0, 0x3E, 0x03, 0xE0, 0x3E, 0x03, 0xE0, 0x30, 0xFF, 0xFF, 0xFF, 0xFF, 0xFF, 0xF8, 0x03, 0x81,
    0xC0, 0xE0, 0x70, 0x38, 0x1C, 0x0E, 0x07, 0x03, 0x81, 0xC0, 0xE0, 0x7E, 0x7F, 0xF9, 0xF8, 0xE0,
    0xF7, 0x07, 0x38, 0x71, 0xC7, 0x0E, 0x70, 0x77, 0x03, 0xF0, 0x1F, 0x80, 0xFE, 0x07, 0x78, 0x39,
    0xE1, 0xC7, 0x8E, 0x1E, 0x70, 0x7B, 0x81, 0xC0, 0xE0, 0x38, 0x0E, 0x03, 0x80, 0xE0, 0x38, 0x0E,
    0x03, 0x80, 0xE0, 0x38, 0x0E, 0x03, 0x80, 0xE0, 0x3F, 0xFF, 0xFC, 0x70, 0x0E, 0x70, 0x0E, 0x78,
    0x1E, 0x78, 0x1F, 0x6C, 0x3F, 0x6C, 0x37, 0x66, 0x37, 0xE6, 0x67, 0xE7, 0x67, 0xE3, 0xE7, 0xE3,
    0xC7, 0xE3, 0xC7, 0xE1, 0xC7, 0xE0, 0x07, 0xE0, 0x03, 0xE0, 0x3F, 0x81, 0xFE, 0x0F, 0xF8, 0x7F,
    0xC3, 0xF7, 0x1F, 0x9C, 0xFC, 0x77, 0xE3, 0xBF, 0x0F, 0xF8, 0x3F, 0xC1, 0xFE, 0x07, 0xF0, 0x3F,
    0x80, 0xE0, 0x0F, 0xE0, 0x7F, 0xE1, 0xF3, 0xE3, 0x81, 0xEE, 0x01, 0xDC, 0x03, 0xB8, 0x07, 0x70,
    0x06, 0xE0, 0x1D, 0xC0, 0x3B, 0x80, 0x73, 0x81, 0xE7, 0xCF, 0x87, 0xFE, 0x03, 0xF8, 0x00, 0x7F,
    0x8F, 0xFC, 0xE3, 0xEE, 0x0E, 0xE0, 0xEE, 0x0E, 0xE3, 0xEF, 0xFC, 0xFF, 0x8E, 0x00, 0xE0, 0x0E,
    0x00, 0xE0, 0x0E, 0x00, 0xE0, 0x00, 0x0F, 0xE0, 0x7F, 0xE1, 0xF3, 0xE3, 0x81, 0xEE, 0x01, 0xDC,
    0x03, 0xB8, 0x07, 0x70, 0x06, 0xE0, 0x1D, 0xC0, 0x3B, 0x80, 0x73, 0x81, 0xE7, 0xCF, 0x87, 0xFE,
    0x03, 0xF8, 0x01, 0xC0, 0x01, 0xF0, 0x01, 0xF0, 0x01, 0xE0, 0x7F, 0x8F, 0xFC, 0xE3, 0xEE, 0x0E,
    0xE0, 0xEE, 0x0E, 0xE3, 0xEF, 0xFC, 0xFF, 0x8E, 0x38, 0xE3, 0xCE, 0x1C, 0xE0, 0xEE, 0x0E, 0xE0,
    0x70, 0x1F, 0xCF, 0xF9, 0xE7, 0x38, 0x07, 0x00, 0xE0, 0x1F, 0x80, 0xFC, 0x07, 0xC0, 0x3C, 0x03,
    0x80, 0x77, 0x3F, 0xFF, 0x9F, 0xE0, 0xFF, 0xFF, 0xFF, 0x06, 0x00, 0x60, 0x06, 0x00, 0x60, 0x06,
    0x00, 0x60, 0x06, 0x00, 0x60, 0x06, 0x00, 0x60, 0x06, 0x00, 0x60, 0x06, 0x00, 0xE0, 0x7E, 0x07,
    0xE0, 0x7E, 0x07, 0xE0, 0x7E, 0x07, 0xE0, 0x7E, 0x07, 0xE0, 0x7E, 0x07, 0xE0, 0x77, 0x07, 0x79,
    0xE3, 0xFE, 0x1F, 0xC0, 0xE0, 0x1F, 0x80, 0xE7, 0x03, 0x9C, 0x0E, 0x70, 0x70, 0xE1, 0xC3, 0x87,
    0x0E, 0x38, 0x1C, 0xE0, 0x73, 0x80, 0xFC, 0x03, 0xF0, 0x0F, 0x80, 0x1E, 0x00, 0x70, 0x00, 0xE0,
    0x00, 0xFC, 0x00, 0x1D, 0xC3, 0x83, 0xB8, 0x78, 0x77, 0x0F, 0x0C, 0xE3, 0xE3, 0x9C, 0x7E, 0x71,
    0xCD, 0xCE, 0x3B, 0x99, 0xC7, 0x73, 0xB0, 0xEC, 0x7E, 0x0F, 0x87, 0xC1, 0xF0, 0xF8, 0x3C, 0x1E,
    0x03, 0x81, 0xC0, 0x70, 0x7B, 0x83, 0x8E, 0x38, 0x3B, 0xC1, 0xDC, 0x07, 0xC0, 0x1E, 0x00, 0xE0,
    0x0F, 0x80, 0x7E, 0x07, 0x70, 0x71, 0xC3, 0x87, 0x38, 0x3B, 0x80, 0xE0, 0xE0, 0x3B, 0x83, 0x9C,
    0x38, 0x71, 0xC3, 0x9C, 0x0E, 0xE0, 0x7E, 0x01, 0xF0, 0x07, 0x00, 0x38, 0x01, 0xC0, 0x0E, 0x00,
    0x70, 0x03, 0x80, 0x1C, 0x00, 0x7F, 0xE7, 0xFE, 0x00, 0xE0, 0x1C, 0x03, 0x80, 0x78, 0x07, 0x00,
    0xE0, 0x1C, 0x01, 0xC0, 0x38, 0x07, 0x00, 0x70, 0x0F, 0xFF, 0xFF, 0xF0, 0xFF, 0xF1, 0x8C, 0x63,
    0x18, 0xC6, 0x31, 0x8C, 0x63, 0x18, 0xC6, 0x3F, 0xF0, 0xE0, 0x18, 0x07, 0x01, 0xC0, 0x30, 0x0E,
    0x03, 0x80, 0x60, 0x1C, 0x07, 0x00, 0xE0, 0x38, 0x06, 0x01, 0xC0, 0x70, 0x0C, 0x03, 0x80, 0xE0,
    0x18, 0x07, 0xFF, 0xC6, 0x31, 0x8C, 0x63, 0x18, 0xC6, 0x31, 0x8C, 0x63, 0x18, 0xFF, 0xF0, 0x0E,
    0x01, 0xE0, 0x7E, 0x0D, 0xC3, 0x9C, 0x63, 0x9C, 0x3B, 0x03, 0x7F, 0xF7, 0xFF, 0xC7, 0x1C, 0x60,
    0x3F, 0x0F, 0xE3, 0x3C, 0x07, 0x3F, 0xDF, 0xF7, 0x9D, 0x87, 0x71, 0xDF, 0xF3, 0xFC, 0xE0, 0x1C,
    0x03, 0x80, 0x70, 0x0E, 0x01, 0xFE, 0x3F, 0xE7, 0x9E, 0xE1, 0xDC, 0x1F, 0x83, 0xF0, 0x7E, 0x1D,
    0xC7, 0xBF, 0xE7, 0xF8, 0x3F, 0x3F, 0xBE, 0x5C, 0x0E, 0x07, 0x03, 0x81, 0xC0, 0xF9, 0x3F, 0xCF,
    0xE0, 0x01, 0xC0, 0x70, 0x1C, 0x07, 0x01, 0xCF, 0xF7, 0xFF, 0xCF, 0xE1, 0xF8, 0x7E, 0x1F, 0x87,
    0xE1, 0xFE, 0x77, 0xFC, 0xFF, 0x3F, 0x1F, 0xEF, 0x3F, 0x87, 0xFF, 0xFF, 0xFE, 0x03, 0x80, 0xF9,
    0x9F, 0xE3, 0xF8, 0x3F, 0x7E, 0x72, 0xE0, 0xE0, 0xFE, 0xFE, 0xE0, 0xE0, 0xE0, 0xE0, 0xE0, 0xE0,
    0xE0, 0xE0, 0xE0, 0x3F, 0xDF, 0xFF, 0x9F, 0x87, 0xE1, 0xF8, 0x7E, 0x1F, 0x87, 0xF3, 0xDF, 0xF3,
    0xFC, 0x07, 0x63, 0xBF, 0xEF, 0xF0, 0xE0, 0x38, 0x0E, 0x03, 0x80, 0xE0, 0x3F, 0xCF, 0xFB, 0xCF,
    0xE1, 0xF8, 0x7E, 0x1F, 0x87, 0xE1, 0xF8, 0x7E, 0x1F, 0x87, 0xFC, 0x01, 0xFF, 0xFF, 0xFF, 0xFF,
    0x1C, 0x70, 0x00, 0x00, 0x71, 0xC7, 0x1C, 0x71, 0xC7, 0x1C, 0x71, 0xC7, 0x1C, 0xFF, 0xBE, 0xE0,
    0x38, 0x0E, 0x03, 0x80, 0xE0, 0x38, 0xEE, 0x73, 0xBC, 0xEE, 0x3F, 0x0F, 0x83, 0xF0, 0xEE, 0x39,
    0xCE, 0x3B, 0x87, 0xE7, 0x39, 0xCE, 0x73, 0x9C, 0xE7, 0x39, 0xCE, 0x79, 0xEE, 0xFF, 0xFC, 0xFF,
    0xFE, 0xE7, 0xCF, 0xE3, 0x87, 0xE1, 0x87, 0xE1, 0x87, 0xE1, 0x87, 0xE1, 0x87, 0xE1, 0x87, 0xE1,
    0x87, 0xE1, 0x87, 0xFF, 0x3F, 0xEE, 0x3F, 0x87, 0xE1, 0xF8, 0x7E, 0x1F, 0x87, 0xE1, 0xF8, 0x7E,
    0x1C, 0x3F, 0x0F, 0xF3, 0xEF, 0x70, 0xEE, 0x0F, 0xC1, 0xF8, 0x3F, 0x0E, 0xF3, 0xCF, 0xF0, 0xFC,
    0x00, 0xFF, 0x1F, 0xF3, 0x8F, 0x70, 0xEE, 0x0F, 0xC1, 0xF8, 0x3F, 0x0E, 0xF3, 0xDF, 0xF3, 0xFC,
    0x70, 0x0E, 0x01, 0xC0, 0x38, 0x00, 0x3F, 0xDF, 0xFF, 0x9F, 0x87, 0xE1, 0xF8, 0x7E, 0x1F, 0x87,
    0xF3, 0xDF, 0xF3, 0xFC, 0x07, 0x01, 0xC0, 0x70, 0x1C, 0x7F, 0xFF, 0x8F, 0x0E, 0x1C, 0x38, 0x70,
    0xE1, 0xC3, 0x80, 0x3F, 0x3F, 0x9C, 0xCE, 0x07, 0xC1, 0xF8, 0x3E, 0x07, 0x47, 0xBF, 0xDF, 0xC0,
    0xE0, 0xE0, 0xE0, 0xFE, 0xFE, 0xE0, 0xE0, 0xE0, 0xE0, 0xE0, 0xE0, 0xF2, 0x7E, 0x7E, 0xE1, 0xF8,
    0x7E, 0x1F, 0x87, 0xE1, 0xF8, 0x7E, 0x1F, 0x87, 0x71, 0xDF, 0xF3, 0xFC, 0xE0, 0xDC, 0x39, 0x87,
    0x38, 0xE7, 0x38, 0x67, 0x0E, 0xC0, 0xF8, 0x1F, 0x03, 0xC0, 0x38, 0x00, 0xE1, 0xC7, 0xE1, 0xC7,
    0x63, 0xC7, 0x73, 0xC6, 0x73, 0xEE, 0x33, 0xEE, 0x3F, 0x6C, 0x3E, 0x7C, 0x1E, 0x7C, 0x1E, 0x38,
    0x1C, 0x38, 0xE1, 0xCE, 0x70, 0xEE, 0x0F, 0x81, 0xE0, 0x1C, 0x07, 0xC1, 0xF8, 0x73, 0x8E, 0x3B,
    0x83, 0x00, 0xE0, 0xDC, 0x39, 0xC7, 0x38, 0xC7, 0x18, 0x77, 0x0E, 0xE0, 0xD8, 0x1F, 0x01, 0xC0,
    0x38, 0x07, 0x01, 0xC1, 0xF8, 0x3E, 0x00, 0x7F, 0x9F, 0xE0, 0x38, 0x1C, 0x0E, 0x07, 0x03, 0x81,
    0xE0, 0x70, 0x3F, 0xEF, 0xF8, 0x0E, 0x3C, 0x71, 0xC3, 0x87, 0x0E, 0x1C, 0x79, 0xE3, 0xE3, 0xC3,
    0x87, 0x0E, 0x1C, 0x38, 0x38, 0x78, 0x70, 0xFF, 0xFF, 0xFF, 0xFF, 0xFF, 0xE1, 0xE1, 0xC1, 0xC3,
    0x87, 0x0E, 0x1C, 0x3C, 0x3C, 0xF9, 0xE3, 0x87, 0x0E, 0x1C, 0x38, 0xE3, 0xC7, 0x00, 0x3C, 0x6F,
    0xFD, 0xBF, 0xB1, 0xE0, 0xEF, 0xE0, 0x06, 0x66, 0x66, 0xEE, 0xEE, 0xE0, 0x0E, 0x03, 0x80, 0xE0,
    0x7E, 0x3F, 0x9E, 0x67, 0x01, 0x80, 0xE0, 0x18, 0x07, 0x01, 0xE2, 0x3F, 0x87, 0xE0, 0xE0, 0x38,
    0x0E, 0x00, 0x0F, 0xC7, 0xF3, 0xC8, 0xE0, 0x38, 0x0E, 0x03, 0x83, 0xFE, 0xFF, 0x8E, 0x03, 0x00,
    0xC0, 0x30, 0x1F, 0xF7, 0xFC, 0x60, 0x6F, 0xFC, 0xFF, 0x1C, 0xE3, 0x0C, 0x61, 0x8E, 0x71, 0xFE,
    0x7F, 0xEC, 0x0C, 0xE0, 0x77, 0x0E, 0x70, 0xE3, 0x9C, 0x1B, 0x81, 0xF8, 0x0F, 0x07, 0xFE, 0x7F,
    0xE0, 0x60, 0x06, 0x07, 0xFE, 0x7F, 0xE0, 0x60, 0x06, 0x00, 0xFF, 0xFF, 0x00, 0xFF, 0xFF, 0x1F,
    0x8F, 0xE7, 0x99, 0xC0, 0x38, 0x0F, 0x87, 0xF9, 0x8F, 0x61, 0xD8, 0x77, 0x98, 0xFE, 0x1F, 0x00,
    0xE0, 0x19, 0x8E, 0x7F, 0x9F, 0xC0, 0x66, 0x66, 0x0F, 0xE0, 0x3F, 0xF0, 0xF1, 0xE3, 0x80, 0xE6,
    0x7E, 0xFD, 0xC9, 0xF3, 0x01, 0xEE, 0x03, 0xCC, 0x07, 0xDC, 0x9D, 0x9F, 0xBB, 0x80, 0xE3, 0xC7,
    0x83, 0xFF, 0x03, 0xF8, 0x00, 0x7C, 0x2E, 0x06, 0x7E, 0x66, 0xE6, 0x66, 0x7E, 0x19, 0xCE, 0x73,
    0xB9, 0xDC, 0xE7, 0x1D, 0xC3, 0xB8, 0xE7, 0x19, 0xC0, 0xFF, 0xFF, 0xF0, 0x0C, 0x03, 0x00, 0xC0,
    0x30, 0x0C, 0x03, 0xFF, 0xF0, 0x0F, 0xE0, 0x3F, 0xF0, 0xF1, 0xE3, 0x80, 0xE6, 0xFC, 0xFD, 0x9D,
    0xF3, 0x39, 0xE7, 0xE3, 0xCD, 0xC7, 0xD9, 0xDD, 0xB1, 0xBB, 0x80, 0xE3, 0xC7, 0x83, 0xFF, 0x03,
    0xF8, 0x00, 0x7E, 0xFC, 0x7C, 0xFB, 0xBF, 0x77, 0xCF, 0x80, 0x0C, 0x03, 0x00, 0xC0, 0x30, 0xFF,
    0xFF, 0xF0, 0xC0, 0x30, 0x0C, 0x03, 0x00, 0x03, 0xFF, 0xFF, 0xC0, 0x7C, 0xD8, 0x38, 0xE3, 0xCF,
    0x18, 0x3F, 0x7C, 0xD8, 0x31, 0xE0, 0xE0, 0xD3, 0xFE, 0x39, 0xDC, 0xC0, 0xE1, 0xF8, 0x7E, 0x1F,
    0x87, 0xE1, 0xF8, 0x7E, 0x1F, 0x87, 0xF9, 0xFF, 0xFF, 0xFF, 0x80, 0xE0, 0x38, 0x0E, 0x00, 0x1F,
    0xF3, 0xF7, 0x7F, 0x77, 0xF7, 0x7F, 0x77, 0xF7, 0x7F, 0x77, 0xF7, 0x3F, 0x70, 0xF7, 0x07, 0x70,
    0x77, 0x07, 0x70, 0x77, 0x07, 0x70, 0x77, 0x07, 0x70, 0x77, 0x07, 0x70, 0xFF, 0x80, 0x33, 0x8F,
    0xE0, 0x3F, 0xF3, 0x33, 0x33, 0x3E, 0x3B, 0x98, 0xEC, 0x76, 0x3B, 0x1D, 0xDC, 0x7C, 0x66, 0x1D,
    0xC3, 0x38, 0xE7, 0x1D, 0xCE, 0x73, 0x39, 0xDC, 0x66, 0x00, 0x30, 0x18, 0x78, 0x1C, 0x3C, 0x0C,
    0x06, 0x0E, 0x03, 0x0E, 0x01, 0x87, 0x00, 0xC7, 0x00, 0x63, 0x0E, 0x03, 0x87, 0x01, 0x87, 0x81,
    0xC6, 0xC0, 0xC7, 0x60, 0xE3, 0xF8, 0x60, 0x18, 0x70, 0x0C, 0x30, 0x38, 0x78, 0x18, 0x3C, 0x1C,
    0x06, 0x0C, 0x03, 0x0E, 0x01, 0x8E, 0x00, 0xC7, 0x00, 0x67, 0x3E, 0x03, 0x3B, 0x03, 0x81, 0x81,
    0x81, 0xC1, 0xC1, 0xC0, 0xC1, 0xC0, 0xE0, 0xC0, 0x60, 0xFE, 0x7C, 0x0E, 0x1B, 0x07, 0x00, 0xC1,
    0xC0, 0xF0, 0xE0, 0x0E, 0x30, 0x01, 0x9C, 0x04, 0xE6, 0x03, 0xF3, 0x8E, 0x00, 0xC3, 0x80, 0x71,
    0xE0, 0x38, 0xD8, 0x0E, 0x76, 0x07, 0x1F, 0xC1, 0x80, 0x60, 0xE0, 0x18, 0x1C, 0x0F, 0x07, 0x00,
    0x00, 0x00, 0x60, 0x30, 0x38, 0x38, 0x38, 0x18, 0x1C, 0x0F, 0x33, 0xF8, 0xFC, 0x06, 0x00, 0x3C,
    0x00, 0x70, 0x00, 0xC0, 0x00, 0x00, 0x1C, 0x00, 0x78, 0x01, 0xE0, 0x0F, 0xC0, 0x37, 0x01, 0xCC,
    0x07, 0x38, 0x18, 0x60, 0xE1, 0xC3, 0xFF, 0x1F, 0xFC, 0x70, 0x39, 0x80, 0xEE, 0x01, 0xF8, 0x07,
    0x01, 0xC0, 0x07, 0x00, 0x38, 0x00, 0xC0, 0x00, 0x00, 0x1C, 0x00, 0x78, 0x01, 0xE0, 0x0F, 0xC0,
    0x37, 0x01, 0xCC, 0x07, 0x38, 0x18, 0x60, 0xE1, 0xC3, 0xFF, 0x1F, 0xFC, 0x70, 0x39, 0x80, 0xEE,
    0x01, 0xF8, 0x07, 0x03, 0x00, 0x1E, 0x00, 0xFC, 0x03, 0x30, 0x00, 0x00, 0x1C, 0x00, 0x78, 0x01,
    0xE0, 0x0F, 0xC0, 0x37, 0x01, 0xCC, 0x07, 0x38, 0x18, 0x60, 0xE1, 0xC3, 0xFF, 0x1F, 0xFC, 0x70,
    0x39, 0x80, 0xEE, 0x01, 0xF8, 0x07, 0x0F, 0x60, 0x3F, 0x01, 0xBC, 0x00, 0x00, 0x07, 0x00, 0x1E,
    0x00, 0x78, 0x03, 0xF0, 0x0D, 0xC0, 0x73, 0x01, 0xCE, 0x06, 0x18, 0x38, 0x70, 0xFF, 0xC7, 0xFF,
    0x1C, 0x0E, 0x60, 0x3B, 0x80, 0x7E, 0x01, 0xC0, 0x0C, 0xC0, 0x33, 0x00, 0x00, 0x01, 0xC0, 0x07,
    0x80, 0x1E, 0x00, 0xFC, 0x03, 0x70, 0x1C, 0xC0, 0x73, 0x81, 0x86, 0x0E, 0x1C, 0x3F, 0xF1, 0xFF,
    0xC7, 0x03, 0x98, 0x0E, 0xE0, 0x1F, 0x80, 0x70, 0x07, 0x80, 0x1E, 0x00, 0xD8, 0x01, 0xE0, 0x07,
    0x80, 0x1E, 0x00, 0xFC, 0x03, 0xF0, 0x1C, 0xC0, 0x73, 0x81, 0x8E, 0x0E, 0x1C, 0x3F, 0xF1, 0xFF,
    0xC7, 0x03, 0x98, 0x0E, 0xE0, 0x1F, 0x80, 0x70, 0x00, 0xFF, 0xE0, 0x1F, 0xFC, 0x07, 0xC0, 0x01,
    0xD8, 0x00, 0x3B, 0x00, 0x0E, 0x60, 0x01, 0x8F, 0xF0, 0x71, 0xFE, 0x1C, 0x30, 0x03, 0xFE, 0x00,
    0xFF, 0xC0, 0x18, 0x18, 0x07, 0x03, 0x00, 0xC0, 0x7F, 0xF8, 0x0F, 0xF8, 0x0F, 0xE3, 0xFF, 0x7C,
    0x67, 0x00, 0xE0, 0x0E, 0x00, 0xE0, 0x0E, 0x00, 0xE0, 0x0E, 0x00, 0xE0, 0x07, 0x00, 0x7C, 0x63,
    0xFF, 0x1F, 0xE0, 0x70, 0x03, 0x80, 0xF0, 0x18, 0x03, 0x80, 0x38, 0x03, 0x00, 0x01, 0xFF, 0xBF,
    0xF7, 0x00, 0xE0, 0x1C, 0x03, 0x80, 0x7F, 0xCF, 0xF9, 0xC0, 0x38, 0x07, 0x00, 0xE0, 0x1C, 0x03,
    0xFF, 0xFF, 0xF0, 0x03, 0x00, 0xE0, 0x38, 0x06, 0x00, 0x01, 0xFF, 0xBF, 0xF7, 0x00, 0xE0, 0x1C,
    0x03, 0x80, 0x7F, 0xCF, 0xF9, 0xC0, 0x38, 0x07, 0x00, 0xE0, 0x1C, 0x03, 0xFF, 0xFF, 0xF0, 0x0C,
    0x03, 0xC0, 0xFC, 0x19, 0x80, 0x01, 0xFF, 0xBF, 0xF7, 0x00, 0xE0, 0x1C, 0x03, 0x80, 0x7F, 0xCF,
    0xF9, 0xC0, 0x38, 0x07, 0x00, 0xE0, 0x1C, 0x03, 0xFF, 0xFF, 0xF0, 0x3B, 0x87, 0x70, 0x00, 0x7F,
    0xEF, 0xFD, 0xC0, 0x38, 0x07, 0x00, 0xE0, 0x1F, 0xF3, 0xFE, 0x70, 0x0E, 0x01, 0xC0, 0x38, 0x07,
    0x00, 0xFF, 0xFF, 0xFC, 0xC7, 0x1C, 0x60, 0x39, 0xCE, 0x73, 0x9C, 0xE7, 0x39, 0xCE, 0x73, 0x9C,
    0xE0, 0x33, 0xB9, 0x80, 0x73, 0x9C, 0xE7, 0x39, 0xCE, 0x73, 0x9C, 0xE7, 0x39, 0xC0, 0x18, 0x79,
    0xFB, 0x30, 0x07, 0x0E, 0x1C, 0x38, 0x70, 0xE1, 0xC3, 0x87, 0x0E, 0x1C, 0x38, 0x70, 0xE1, 0xC0,
    0xEE, 0xEE, 0x00, 0x38, 0x38, 0x38, 0x38, 0x38, 0x38, 0x38, 0x38, 0x38, 0x38, 0x38, 0x38, 0x38,
    0x38, 0x38, 0x3F, 0xC0, 0x7F, 0xE0, 0xE3, 0xE1, 0x81, 0xC3, 0x01, 0xC6, 0x03, 0xBF, 0x87, 0x7F,
    0x0E, 0x30, 0x1C, 0x60, 0x38, 0xC0, 0x71, 0x81, 0xC3, 0x8F, 0x87, 0xFE, 0x0F, 0xF0, 0x00, 0x0F,
    0xC0, 0xFE, 0x06, 0xE0, 0x00, 0x0E, 0x03, 0xF8, 0x1F, 0xE0, 0xFF, 0x87, 0xFC, 0x3F, 0x71, 0xF9,
    0xCF, 0xC7, 0x7E, 0x3B, 0xF0, 0xFF, 0x83, 0xFC, 0x1F, 0xE0, 0x7F, 0x03, 0xF8, 0x0E, 0x06, 0x00,
    0x0E, 0x00, 0x0E, 0x00, 0x0C, 0x00, 0x00, 0x01, 0xFC, 0x0F, 0xFC, 0x3E, 0x7C, 0x70, 0x3D, 0xC0,
    0x3B, 0x80, 0x77, 0x00, 0xEE, 0x00, 0xDC, 0x03, 0xB8, 0x07, 0x70, 0x0E, 0x70, 0x3C, 0xF9, 0xF0,
    0xFF, 0xC0, 0x7F, 0x00, 0x00, 0xC0, 0x03, 0x80, 0x0E, 0x00, 0x18, 0x00, 0x00, 0x01, 0xFC, 0x0F,
    0xFC, 0x3E, 0x7C, 0x70, 0x3D, 0xC0, 0x3B, 0x80, 0x77, 0x00, 0xEE, 0x00, 0xDC, 0x03, 0xB8, 0x07,
    0x70, 0x0E, 0x70, 0x3C, 0xF9, 0xF0, 0xFF, 0xC0, 0x7F, 0x00, 0x03, 0x00, 0x0F, 0x00, 0x3F, 0x00,
    0x66, 0x00, 0x00, 0x01, 0xFC, 0x0F, 0xFC, 0x3E, 0x7C, 0x70, 0x3D, 0xC0, 0x3B, 0x80, 0x77, 0x00,
    0xEE, 0x00, 0xDC, 0x03, 0xB8, 0x07, 0x70, 0x0E, 0x70, 0x3C, 0xF9, 0xF0, 0xFF, 0xC0, 0x7F, 0x00,
    0x0F, 0x60, 0x1F, 0xC0, 0x3F, 0x00, 0x00, 0x00, 0xFE, 0x07, 0xFE, 0x1F, 0x3E, 0x38, 0x1E, 0xE0,
    0x1D, 0xC0, 0x3B, 0x80, 0x77, 0x00, 0x6E, 0x01, 0xDC, 0x03, 0xB8, 0x07, 0x38, 0x1E, 0x7C, 0xF8,
    0x7F, 0xE0, 0x3F, 0x80, 0x0E, 0xE0, 0x1D, 0xC0, 0x00, 0x00, 0x7F, 0x03, 0xFF, 0x0F, 0x9F, 0x1C,
    0x0F, 0x70, 0x0E, 0xE0, 0x1D, 0xC0, 0x3B, 0x80, 0x37, 0x00, 0xEE, 0x01, 0xDC, 0x03, 0x9C, 0x0F,
    0x3E, 0x7C, 0x3F, 0xF0, 0x1F, 0xC0, 0x41, 0x18, 0xE7, 0xF8, 0xFC, 0x1E, 0x0F, 0xC7, 0xF9, 0x8E,
    0x41, 0x00, 0x0F, 0xFC, 0x7F, 0xF9, 0xF3, 0xE3, 0x83, 0xEE, 0x0F, 0xDC, 0x3B, 0xB8, 0x77, 0x71,
    0xC6, 0xE7, 0x0D, 0xDC, 0x3B, 0xF0, 0x73, 0xC1, 0xE7, 0xCF, 0x8F, 0xFE, 0x1B, 0xF8, 0x00, 0x0C,
    0x00, 0xE0, 0x07, 0x00, 0x30, 0x00, 0x0E, 0x07, 0xE0, 0x7E, 0x07, 0xE0, 0x7E, 0x07, 0xE0, 0x7E,
    0x07, 0xE0, 0x7E, 0x07, 0xE0, 0x7E, 0x07, 0x70, 0x77, 0x9E, 0x3F, 0xE1, 0xFC, 0x01, 0x80, 0x38,
    0x07, 0x00, 0x60, 0x00, 0x0E, 0x07, 0xE0, 0x7E, 0x07, 0xE0, 0x7E, 0x07, 0xE0, 0x7E, 0x07, 0xE0,
    0x7E, 0x07, 0xE0, 0x7E, 0x07, 0x70, 0x77, 0x9E, 0x3F, 0xE1, 0xFC, 0x06, 0x00, 0xF0, 0x1F, 0x81,
    0x98, 0x00, 0x0E, 0x07, 0xE0, 0x7E, 0x07, 0xE0, 0x7E, 0x07, 0xE0, 0x7E, 0x07, 0xE0, 0x7E, 0x07,
    0xE0, 0x7E, 0x07, 0x70, 0x77, 0x9E, 0x3F, 0xE1, 0xFC, 0x1D, 0xC1, 0xDC, 0x00, 0x0E, 0x07, 0xE0,
    0x7E, 0x07, 0xE0, 0x7E, 0x07, 0xE0, 0x7E, 0x07, 0xE0, 0x7E, 0x07, 0xE0, 0x7E, 0x07, 0x70, 0x77,
    0x9E, 0x3F, 0xE1, 0xFC, 0x01, 0x80, 0x1C, 0x01, 0xC0, 0x0C, 0x00, 0x00, 0x70, 0x1D, 0xC1, 0xCE,
    0x1C, 0x38, 0xE1, 0xCE, 0x07, 0x70, 0x3F, 0x00, 0xF8, 0x03, 0x80, 0x1C, 0x00, 0xE0, 0x07, 0x00,
    0x38, 0x01, 0xC0, 0x0E, 0x00, 0xE0, 0x0E, 0x00, 0xFF, 0x8F, 0xFC, 0xE3, 0xEE, 0x0E, 0xE0, 0xEE,
    0x0E, 0xE0, 0xEE, 0x3E, 0xFF, 0xCF, 0xF8, 0xE0, 0x0E, 0x00, 0xE0, 0x00, 0x3F, 0x07, 0xF8, 0x7B,
    0xCE, 0x1C, 0xE1, 0x8E, 0x38, 0xE7, 0x0E, 0x60, 0xEF, 0x0E, 0x7C, 0xE3, 0xEE, 0x1E, 0xE0, 0x7E,
    0xCF, 0xEF, 0xEE, 0xFC, 0x18, 0x07, 0x00, 0xE0, 0x18, 0x00, 0x0F, 0xC3, 0xF8, 0xCF, 0x01, 0xCF,
    0xF7, 0xFD, 0xE7, 0x61, 0xDC, 0x77, 0xFC, 0xFF, 0x03, 0x01, 0xC0, 0xE0, 0x30, 0x00, 0x0F, 0xC3,
    0xF8, 0xCF, 0x01, 0xCF, 0xF7, 0xFD, 0xE7, 0x61, 0xDC, 0x77, 0xFC, 0xFF, 0x04, 0x03, 0x81, 0xF0,
    0x64, 0x00, 0x0F, 0xC3, 0xF8, 0xCF, 0x01, 0xCF, 0xF7, 0xFD, 0xE7, 0x61, 0xDC, 0x77, 0xFC, 0xFF,
    0x1D, 0x8F, 0xE3, 0x70, 0x00, 0x00, 0x0F, 0xC3, 0xF8, 0xCF, 0x01, 0xCF, 0xF7, 0xFD, 0xE7, 0x61,
    0xDC, 0x77, 0xFC, 0xFF, 0x3B, 0x8E, 0xE0, 0x00, 0x00, 0x3F, 0x0F, 0xE3, 0x3C, 0x07, 0x3F, 0xDF,
    0xF7, 0x9D, 0x87, 0x71, 0xDF, 0xF3, 0xFC, 0x0E, 0x06, 0xC1, 0xB0, 0x38, 0x00, 0x0F, 0xC3, 0xF8,
    0xCF, 0x01, 0xCF, 0xF7, 0xFD, 0xE7, 0x61, 0xDC, 0x77, 0xFC, 0xFF, 0x3F, 0x3E, 0x1F, 0xFF, 0x8C,
    0xFD, 0xE0, 0x38, 0x73, 0xFF, 0xFB, 0xFF, 0xFD, 0xE7, 0x00, 0xC3, 0x80, 0x71, 0xF1, 0x3F, 0xFF,
    0x8F, 0xFF, 0xC0, 0x3F, 0x3F, 0xBE, 0x5C, 0x0E, 0x07, 0x03, 0x81, 0xC0, 0xF9, 0x3F, 0xCF, 0xE1,
    0x80, 0xE0, 0x70, 0xF8, 0x18, 0x0F, 0x01, 0xC0, 0x30, 0x00, 0x0F, 0xC7, 0xFB, 0xCF, 0xE1, 0xFF,
    0xFF, 0xFF, 0x80, 0xE0, 0x3E, 0x67, 0xF8, 0xFE, 0x06, 0x03, 0xC0, 0xE0, 0x30, 0x00, 0x0F, 0xC7,
    0xFB, 0xCF, 0xE1, 0xFF, 0xFF, 0xFF, 0x80, 0xE0, 0x3E, 0x67, 0xF8, 0xFE, 0x0C, 0x07, 0x83, 0xF0,
    0xCC, 0x00, 0x0F, 0xC7, 0xFB, 0xCF, 0xE1, 0xFF, 0xFF, 0xFF, 0x80, 0xE0, 0x3E, 0x67, 0xF8, 0xFE,
    0x33, 0x0C, 0xC0, 0x00, 0x00, 0x3F, 0x1F, 0xEF, 0x3F, 0x87, 0xFF, 0xFF, 0xFE, 0x03, 0x80, 0xF9,
    0x9F, 0xE3, 0xF8, 0xC7, 0x1C, 0x60, 0x39, 0xCE, 0x73, 0x9C, 0xE7, 0x39, 0xCE, 0x33, 0xB9, 0x80,
    0x73, 0x9C, 0xE7, 0x39, 0xCE, 0x73, 0x9C, 0x18, 0x79, 0xF3, 0x30, 0x07, 0x0E, 0x1C, 0x38, 0x70,
    0xE1, 0xC3, 0x87, 0x0E, 0x1C, 0xEF, 0xDC, 0x00, 0x03, 0x87, 0x0E, 0x1C, 0x38, 0x70, 0xE1, 0xC3,
    0x87, 0x0E, 0x00, 0x07, 0xE1, 0xFC, 0x3E, 0x07, 0xE0, 0x1C, 0x7F, 0x9F, 0xF7, 0x9E, 0xE0, 0xFC,
    0x1B, 0x03, 0x70, 0xEE, 0x1D, 0xE7, 0x9F, 0xE1, 0xF8, 0x3D, 0x8F, 0xE7, 0xF0, 0x00, 0x00, 0x3F,
    0xCF, 0xFB, 0x8F, 0xE1, 0xF8, 0x7E, 0x1F, 0x87, 0xE1, 0xF8, 0x7E, 0x1F, 0x87, 0x18, 0x03, 0x80,
    0x38, 0x03, 0x00, 0x00, 0x7E, 0x1F, 0xE7, 0xDE, 0xE1, 0xDC, 0x1F, 0x83, 0xF0, 0x7E, 0x1D, 0xE7,
    0x9F, 0xE1, 0xF8, 0x03, 0x00, 0xE0, 0x38, 0x06, 0x00, 0x00, 0x7E, 0x1F, 0xE7, 0xDE, 0xE1, 0xDC,
    0x1F, 0x83, 0xF0, 0x7E, 0x1D, 0xE7, 0x9F, 0xE1, 0xF8, 0x0C, 0x03, 0xC0, 0xFC, 0x19, 0x80, 0x00,
    0x7E, 0x1F, 0xE7, 0xDE, 0xE1, 0xDC, 0x1F, 0x83, 0xF0, 0x7E, 0x1D, 0xE7, 0x9F, 0xE1, 0xF8, 0x3D,
    0x87, 0xF0, 0xFC, 0x00, 0x00, 0x00, 0x7E, 0x1F, 0xE7, 0xDE, 0xE1, 0xDC, 0x1F, 0x83, 0xF0, 0x7E,
    0x1D, 0xE7, 0x9F, 0xE1, 0xF8, 0x3B, 0x87, 0x70, 0x00, 0x00, 0x03, 0xF0, 0xFF, 0x3E, 0xF7, 0x0E,
    0xE0, 0xFC, 0x1F, 0x83, 0xF0, 0xEF, 0x3C, 0xFF, 0x0F, 0xC0, 0x0C, 0x07, 0x80, 0xC0, 0x00, 0x00,
    0x3F, 0xFF, 0xFC, 0x00, 0x00, 0x03, 0x01, 0xE0, 0x30, 0x3F, 0xCF, 0xFB, 0xCF, 0x71, 0xEE, 0x7F,
    0x9D, 0xFF, 0x3F, 0xCE, 0x73, 0xDF, 0xF3, 0xFC, 0x00, 0x18, 0x0F, 0x01, 0xC0, 0x30, 0x00, 0x38,
    0x7E, 0x1F, 0x87, 0xE1, 0xF8, 0x7E, 0x1F, 0x87, 0xE1, 0xDC, 0x77, 0xFC, 0xFF, 0x06, 0x03, 0xC0,
    0xE0, 0x30, 0x00, 0x38, 0x7E, 0x1F, 0x87, 0xE1, 0xF8, 0x7E, 0x1F, 0x87, 0xE1, 0xDC, 0x77, 0xFC,
    0xFF, 0x0C, 0x07, 0x83, 0xF0, 0xCC, 0x00, 0x38, 0x7E, 0x1F, 0x87, 0xE1, 0xF8, 0x7E, 0x1F, 0x87,
    0xE1, 0xDC, 0x77, 0xFC, 0xFF, 0x33, 0x0C, 0xC0, 0x00, 0x00, 0xE1, 0xF8, 0x7E, 0x1F, 0x87, 0xE1,
    0xF8, 0x7E, 0x1F, 0x87, 0x71, 0xDF, 0xF3, 0xFC, 0x03, 0x00, 0xE0, 0x38, 0x06, 0x00, 0x01, 0xC1,
    0xB8, 0x73, 0x8E, 0x71, 0x8E, 0x30, 0xEE, 0x1D, 0xC1, 0xB0, 0x3E, 0x03, 0x80, 0x70, 0x0E, 0x03,
    0x83, 0xF0, 0x7C, 0x00, 0xE0, 0x1C, 0x03, 0x80, 0x70, 0x0E, 0x01, 0xFE, 0x3F, 0xE7, 0x9E, 0xE1,
    0xDC, 0x1F, 0x83, 0xF0, 0x7E, 0x1D, 0xE7, 0xBF, 0xE7, 0xF8, 0xE0, 0x1C, 0x03, 0x80, 0x70, 0x00,
    0x3B, 0x87, 0x70, 0x00, 0x00, 0x0E, 0x0D, 0xC3, 0x9C, 0x73, 0x8C, 0x71, 0x87, 0x70, 0xEE, 0x0D,
    0x81, 0xF0, 0x1C, 0x03, 0x80, 0x70, 0x1C, 0x1F, 0x83, 0xE0, 0x00, 0x0F, 0xC0, 0x3F, 0x00, 0x00,
    0x01, 0xC0, 0x07, 0x80, 0x1E, 0x00, 0xFC, 0x03, 0x70, 0x1C, 0xC0, 0x73, 0x81, 0x86, 0x0E, 0x1C,
    0x3F, 0xF1, 0xFF, 0xC7, 0x03, 0x98, 0x0E, 0xE0, 0x1F, 0x80, 0x70, 0x3F, 0x8F, 0xE0, 0x00, 0x00,
    0x3F, 0x0F, 0xE3, 0x3C, 0x07, 0x3F, 0xDF, 0xF7, 0x9D, 0x87, 0x71, 0xDF, 0xF3, 0xFC, 0x0C, 0xC0,
    0x3F, 0x00, 0x78, 0x00, 0x00, 0x07, 0x00, 0x1E, 0x00, 0x78, 0x03, 0xF0, 0x0D, 0xC0, 0x73, 0x01,
    0xCE, 0x06, 0x18, 0x38, 0x70, 0xFF, 0xC7, 0xFF, 0x1C, 0x0E, 0x60, 0x3B, 0x80, 0x7E, 0x01, 0xC0,
    0x3B, 0x87, 0xC1, 0xF0, 0x00, 0x00, 0x0F, 0xC3, 0xF8, 0xCF, 0x01, 0xCF, 0xF7, 0xFD, 0xE7, 0x61,
    0xDC, 0x77, 0xFC, 0xFF, 0x07, 0x00, 0x1E, 0x00, 0x78, 0x03, 0xF0, 0x0D, 0xC0, 0x73, 0x01, 0xCE,
    0x06, 0x18, 0x38, 0x70, 0xFF, 0xC7, 0xFF, 0x1C, 0x0E, 0x60, 0x3B, 0x80, 0x7E, 0x01, 0xC0, 0x07,
    0x00, 0x38, 0x00, 0xE0, 0x03, 0xC0, 0x3F, 0x0F, 0xE3, 0x3C, 0x07, 0x3F, 0xDF, 0xF7, 0x9D, 0x87,
    0x71, 0xDF, 0xF3, 0xFC, 0x0E, 0x07, 0x00, 0xF0, 0x01, 0x80, 0x38, 0x07, 0x00, 0x60, 0x00, 0x00,
    0xFE, 0x3F, 0xF7, 0xC6, 0x70, 0x0E, 0x00, 0xE0, 0x0E, 0x00, 0xE0, 0x0E, 0x00, 0xE0, 0x0E, 0x00,
    0x70, 0x07, 0xC6, 0x3F, 0xF0, 0xFE, 0x07, 0x07, 0x83, 0x81, 0x80, 0x01, 0xF9, 0xFD, 0xF2, 0xE0,
    0x70, 0x38, 0x1C, 0x0E, 0x07, 0xC9, 0xFE, 0x7F, 0x03, 0x00, 0x78, 0x0F, 0xC0, 0xCC, 0x00, 0x00,
    0xFE, 0x3F, 0xF7, 0xC6, 0x70, 0x0E, 0x00, 0xE0, 0x0E, 0x00, 0xE0, 0x0E, 0x00, 0xE0, 0x0E, 0x00,
    0x70, 0x07, 0xC6, 0x3F, 0xF0, 0xFE, 0x0C, 0x0F, 0x0F, 0xC6, 0x60, 0x01, 0xF9, 0xFD, 0xF2, 0xE0,
    0x70, 0x38, 0x1C, 0x0E, 0x07, 0xC9, 0xFE, 0x7F, 0x07, 0x00, 0x70, 0x07, 0x00, 0x00, 0x0F, 0xE3,
    0xFF, 0x7C, 0x67, 0x00, 0xE0, 0x0E, 0x00, 0xE0, 0x0E, 0x00, 0xE0, 0x0E, 0x00, 0xE0, 0x07, 0x00,
    0x7C, 0x63, 0xFF, 0x0F, 0xE0, 0x0C, 0x0F, 0x03, 0x00, 0x00, 0x01, 0xF9, 0xFD, 0xF2, 0xE0, 0x70,
    0x38, 0x1C, 0x0E, 0x07, 0xC9, 0xFE, 0x7F, 0x0C, 0xC0, 0xFC, 0x07, 0x80, 0x30, 0x00, 0x00, 0xFE,
    0x3F, 0xF7, 0xC6, 0x70, 0x0E, 0x00, 0xE0, 0x0E, 0x00, 0xE0, 0x0E, 0x00, 0xE0, 0x0E, 0x00, 0x70,
    0x07, 0xC6, 0x3F, 0xF0, 0xFE, 0x33, 0x1F, 0x87, 0x81, 0x80, 0x01, 0xF9, 0xFD, 0xF2, 0xE0, 0x70,
    0x38, 0x1C, 0x0E, 0x07, 0xC9, 0xFE, 0x7F, 0x19, 0x80, 0xFC, 0x03, 0xC0, 0x0C, 0x00, 0x00, 0x3F,
    0xC3, 0xFF, 0x9C, 0x7E, 0xE0, 0x77, 0x03, 0xF8, 0x0F, 0xC0, 0x7E, 0x03, 0xF0, 0x1F, 0x80, 0xFC,
    0x07, 0xE0, 0x77, 0x1F, 0xBF, 0xF8, 0xFF, 0x00, 0x01, 0xD8, 0x07, 0x60, 0x1D, 0x80, 0x76, 0x01,
    0xD8, 0xFF, 0x07, 0xFC, 0x3C, 0xF0, 0xE1, 0xC3, 0x87, 0x0E, 0x1C, 0x38, 0x70, 0xE1, 0xC3, 0xE7,
    0x07, 0xFC, 0x0F, 0xF0, 0x3F, 0xC0, 0x7F, 0xE0, 0xE3, 0xE1, 0x81, 0xC3, 0x01, 0xC6, 0x03, 0xBF,
    0x87, 0x7F, 0x0E, 0x30, 0x1C, 0x60, 0x38, 0xC0, 0x71, 0x81, 0xC3, 0x8F, 0x87, 0xFE, 0x0F, 0xF0,
    0x00, 0x01, 0xC0, 0xFF, 0x0F, 0xF0, 0x1C, 0x01, 0xC3, 0xFC, 0x7F, 0xCF, 0x3C, 0xE1, 0xCE, 0x1C,
    0xE1, 0xCE, 0x1C, 0xE1, 0xCF, 0x9C, 0x7F, 0xC3, 0xFC, 0x3F, 0x87, 0xF0, 0x00, 0x7F, 0xEF, 0xFD,
    0xC0, 0x38, 0x07, 0x00, 0xE0, 0x1F, 0xF3, 0xFE, 0x70, 0x0E, 0x01, 0xC0, 0x38, 0x07, 0x00, 0xFF,
    0xFF, 0xFC, 0x7F, 0x1F, 0xC0, 0x00, 0x00, 0x3F, 0x1F, 0xEF, 0x3F, 0x87, 0xFF, 0xFF, 0xFE, 0x03,
    0x80, 0xF9, 0x9F, 0xE3, 0xF8, 0x33, 0x07, 0xE0, 0x78, 0x00, 0x0F, 0xFD, 0xFF, 0xB8, 0x07, 0x00,
    0xE0, 0x1C, 0x03, 0xFE, 0x7F, 0xCE, 0x01, 0xC0, 0x38, 0x07, 0x00, 0xE0, 0x1F, 0xFF, 0xFF, 0x80,
    0x33, 0x0F, 0xC1, 0xE0, 0x00, 0x00, 0x0F, 0xC7, 0xFB, 0xCF, 0xE1, 0xFF, 0xFF, 0xFF, 0x80, 0xE0,
    0x3E, 0x67, 0xF8, 0xFE, 0x0E, 0x01, 0xC0, 0x38, 0x00, 0x0F, 0xFD, 0xFF, 0xB8, 0x07, 0x00, 0xE0,
    0x1C, 0x03, 0xFE, 0x7F, 0xCE, 0x01, 0xC0, 0x38, 0x07, 0x00, 0xE0, 0x1F, 0xFF, 0xFF, 0x80, 0x0C,
    0x07, 0x80, 0xC0, 0x00, 0x00, 0x0F, 0xC7, 0xFB, 0xCF, 0xE1, 0xFF, 0xFF, 0xFF, 0x80, 0xE0, 0x3E,
    0x67, 0xF8, 0xFE, 0xFF, 0xDF, 0xFB, 0x80, 0x70, 0x0E, 0x01, 0xC0, 0x3F, 0xE7, 0xFC, 0xE0, 0x1C,
    0x03, 0x80, 0x70, 0x0E, 0x01, 0xFF, 0xFF, 0xF8, 0x0E, 0x03, 0x80, 0x70, 0x07, 0x80, 0x3F, 0x1F,
    0xEF, 0x3F, 0x87, 0xFF, 0xFF, 0xFE, 0x03, 0x80, 0xF9, 0x9F, 0xE3, 0xF8, 0x1C, 0x06, 0x01, 0xE0,
    0x33, 0x07, 0xE0, 0x78, 0x06, 0x00, 0x01, 0xFF, 0xBF, 0xF7, 0x00, 0xE0, 0x1C, 0x03, 0x80, 0x7F,
    0xCF, 0xF9, 0xC0, 0x38, 0x07, 0x00, 0xE0, 0x1C, 0x03, 0xFF, 0xFF, 0xF0, 0x33, 0x0F, 0xC1, 0xE0,
    0x30, 0x00, 0x00, 0x03, 0xF1, 0xFE, 0xF3, 0xF8, 0x7F, 0xFF, 0xFF, 0xE0, 0x38, 0x0F, 0x99, 0xFE,
    0x3F, 0x80, 0x03, 0x00, 0x78, 0x0F, 0xC0, 0xCC, 0x00, 0x00, 0xFE, 0x3F, 0xF7, 0xC7, 0x70, 0x0E,
    0x00, 0xE0, 0x0E, 0x00, 0xE0, 0x0E, 0x07, 0xE0, 0x7E, 0x07, 0x70, 0x77, 0xC7, 0x3F, 0xF0, 0xFF,
    0x0C, 0x07, 0x81, 0xF0, 0xCC, 0x00, 0x0F, 0xF7, 0xFF, 0xE7, 0xE1, 0xF8, 0x7E, 0x1F, 0x87, 0xE1,
    0xFC, 0xF7, 0xFC, 0xFF, 0x01, 0xD8, 0xEF, 0xFB, 0xFC, 0x0C, 0xC0, 0xFC, 0x07, 0x80, 0x00, 0x0F,
    0xE3, 0xFF, 0x7C, 0x77, 0x00, 0xE0, 0x0E, 0x00, 0xE0, 0x0E, 0x00, 0xE0, 0x7E, 0x07, 0xE0, 0x77,
    0x07, 0x7C, 0x73, 0xFF, 0x0F, 0xF0, 0x3B, 0x07, 0xC1, 0xF0, 0x00, 0x00, 0x0F, 0xF7, 0xFF, 0xE7,
    0xE1, 0xF8, 0x7E, 0x1F, 0x87, 0xE1, 0xFC, 0xF7, 0xFC, 0xFF, 0x01, 0xD8, 0xEF, 0xFB, 0xFC, 0x03,
    0x00, 0x70, 0x03, 0x00, 0x00, 0x0F, 0xE3, 0xFF, 0x7C, 0x77, 0x00, 0xE0, 0x0E, 0x00, 0xE0, 0x0E,
    0x00, 0xE0, 0x7E, 0x07, 0xE0, 0x77, 0x07, 0x7C, 0x73, 0xFF, 0x0F, 0xF0, 0x0E, 0x03, 0x80, 0xE0,
    0x00, 0x00, 0x0F, 0xF7, 0xFF, 0xE7, 0xE1, 0xF8, 0x7E, 0x1F, 0x87, 0xE1, 0xFC, 0xF7, 0xFC, 0xFF,
    0x01, 0xD8, 0xEF, 0xFB, 0xFC, 0x0F, 0xE3, 0xFF, 0x7C, 0x77, 0x00, 0xE0, 0x0E, 0x00, 0xE0, 0x0E,
    0x00, 0xE0, 0x7E, 0x07, 0xE0, 0x77, 0x07, 0x7C, 0x73, 0xFF, 0x0F, 0xF0, 0x00, 0x07, 0x00, 0xF0,
    0x0F, 0x00, 0x07, 0x03, 0x80, 0xE0, 0x38, 0x00, 0x00, 0x03, 0xFD, 0xFF, 0xF9, 0xF8, 0x7E, 0x1F,
    0x87, 0xE1, 0xF8, 0x7F, 0x3D, 0xFF, 0x3F, 0xC0, 0x76, 0x3B, 0xFE, 0xFF, 0x00, 0x06, 0x00, 0x70,
    0x0F, 0x81, 0x98, 0x00, 0x0E, 0x03, 0xE0, 0x3E, 0x03, 0xE0, 0x3E, 0x03, 0xE0, 0x3F, 0xFF, 0xFF,
    0xFE, 0x03, 0xE0, 0x3E, 0x03, 0xE0, 0x3E, 0x03, 0xE0, 0x3E, 0x03, 0x30, 0x3E, 0x0D, 0x80, 0x00,
    0xE0, 0x38, 0x0E, 0x03, 0x80, 0xE0, 0x3F, 0xCF, 0xFB, 0xCF, 0xE1, 0xF8, 0x7E, 0x1F, 0x87, 0xE1,
    0xF8, 0x7E, 0x1F, 0x87, 0x30, 0x1D, 0xFF, 0xFF, 0xFF, 0xF9, 0x80, 0xE3, 0x01, 0xC6, 0x03, 0x8F,
    0xFF, 0x1F, 0xFE, 0x30, 0x1C, 0x60, 0x38, 0xC0, 0x71, 0x80, 0xE3, 0x01, 0xC6, 0x03, 0x8C, 0x07,
    0x00, 0x70, 0x1F, 0xE3, 0xFC, 0x38, 0x07, 0x00, 0xFF, 0x1F, 0xF3, 0xCF, 0x70, 0xEE, 0x1D, 0xC3,
    0xB8, 0x77, 0x0E, 0xE1, 0xDC, 0x3B, 0x87, 0x7E, 0xFE, 0xDE, 0x00, 0x38, 0x38, 0x38, 0x38, 0x38,
    0x38, 0x38, 0x38, 0x38, 0x38, 0x38, 0x38, 0x38, 0x38, 0x38, 0x7E, 0xFE, 0xDC, 0x00, 0x00, 0x38,
    0x38, 0x38, 0x38, 0x38, 0x38, 0x38, 0x38, 0x38, 0x38, 0x38, 0xFF, 0xFC, 0x01, 0xC3, 0x87, 0x0E,
    0x1C, 0x38, 0x70, 0xE1, 0xC3, 0x87, 0x0E, 0x1C, 0x38, 0x70, 0xFF, 0xFC, 0x00, 0x03, 0x87, 0x0E,
    0x1C, 0x38, 0x70, 0xE1, 0xC3, 0x87, 0x0E, 0x00, 0xCF, 0xF7, 0x80, 0x71, 0xC7, 0x1C, 0x71, 0xC7,
    0x1C, 0x71, 0xC7, 0x1C, 0x71, 0xC7, 0x00, 0x6E, 0xFD, 0xF0, 0x00, 0x07, 0x0E, 0x1C, 0x38, 0x70,
    0xE1, 0xC3, 0x87, 0x0E, 0x1C, 0x73, 0x9C, 0xE7, 0x39, 0xCE, 0x73, 0x9C, 0xE7, 0x39, 0xCE, 0xE7,
    0x3C, 0x77, 0x00, 0x07, 0x77, 0x77, 0x77, 0x77, 0x77, 0x7E, 0xEF, 0xEE, 0xE0, 0xEE, 0xEE, 0xEE,
    0xEE, 0xEE, 0xEE, 0xEE, 0xE0, 0xFF, 0xFF, 0xFF, 0xFF, 0x80, 0xE0, 0x1F, 0x80, 0x7E, 0x01, 0xF8,
    0x07, 0xE0, 0x1F, 0x80, 0x7E, 0x01, 0xF8, 0x07, 0xE0, 0x1F, 0x80, 0x7E, 0x01, 0xF8, 0x07, 0xE7,
    0x7B, 0x9F, 0xEE, 0x7F, 0x00, 0xE3, 0x71, 0xC0, 0x00, 0x00, 0x07, 0x1B, 0x8D, 0xC6, 0xE3, 0x71,
    0xB8, 0xDC, 0x6E, 0x37, 0x1B, 0x8D, 0xC6, 0x03, 0x03, 0x87, 0xC3, 0xC0, 0x01, 0x80, 0x78, 0x1F,
    0x83, 0x30, 0x00, 0x07, 0x00, 0xE0, 0x1C, 0x03, 0x80, 0x70, 0x0E, 0x01, 0xC0, 0x38, 0x07, 0x00,
    0xE0, 0x1C, 0x03, 0x9C, 0xF3, 0xFC, 0x3F, 0x00, 0x0C, 0x1E, 0x3E, 0x33, 0x00, 0x1C, 0x1C, 0x1C,
    0x1C, 0x1C, 0x1C, 0x1C, 0x1C, 0x1C, 0x1C, 0x1C, 0x1C, 0x3C, 0xF8, 0xF8, 0xE0, 0xF7, 0x07, 0x38,
    0x71, 0xC7, 0x0E, 0x70, 0x77, 0x03, 0xF0, 0x1F, 0x80, 0xFE, 0x07, 0x78, 0x39, 0xE1, 0xC7, 0x8E,
    0x1E, 0x70, 0x7B, 0x81, 0xC0, 0x00, 0x06, 0x00, 0xF0, 0x07, 0x80, 0xE0, 0x38, 0x0E, 0x03, 0x80,
    0xE0, 0x38, 0xEE, 0x73, 0xBC, 0xEE, 0x3F, 0x0F, 0x83, 0xF0, 0xEE, 0x39, 0xCE, 0x3B, 0x87, 0x00,
    0x07, 0x03, 0xC0, 0xE0, 0xE3, 0xF9, 0xEE, 0x73, 0xB8, 0xFC, 0x3E, 0x0F, 0xE3, 0xBC, 0xE7, 0xB8,
    0xEE, 0x1C, 0x18, 0x0E, 0x07, 0x01, 0x80, 0x00, 0x38, 0x0E, 0x03, 0x80, 0xE0, 0x38, 0x0E, 0x03,
    0x80, 0xE0, 0x38, 0x0E, 0x03, 0x80, 0xE0, 0x38, 0x0F, 0xFF, 0xFF, 0x37, 0xBC, 0x0E, 0x73, 0x9C,
    0xE7, 0x39, 0xCE, 0x73, 0x9C, 0xE7, 0x9E, 0xE0, 0xE0, 0x38, 0x0E, 0x03, 0x80, 0xE0, 0x38, 0x0E,
    0x03, 0x80, 0xE0, 0x38, 0x0E, 0x03, 0x80, 0xE0, 0x3F, 0xFF, 0xFC, 0x00, 0x0E, 0x07, 0x01, 0xC0,
    0x71, 0xC7, 0x1C, 0x71, 0xC7, 0x1C, 0x71, 0xC7, 0x1C, 0x71, 0xE3, 0xCE, 0x00, 0xCF, 0x3C, 0xEE,
    0x3B, 0x8E, 0xE3, 0xB8, 0xEC, 0x38, 0x0E, 0x03, 0x80, 0xE0, 0x38, 0x0E, 0x03, 0x80, 0xE0, 0x3F,
    0xFF, 0xFC, 0xEF, 0xBE, 0xFB, 0xEF, 0x8E, 0x38, 0xE3, 0x8E, 0x38, 0xE3, 0xC7, 0x9C, 0xE0, 0x38,
    0x0E, 0x03, 0x80, 0xE0, 0x38, 0x0E, 0x3B, 0x8E, 0xE3, 0xB8, 0x0E, 0x03, 0x80, 0xE0, 0x3F, 0xFF,
    0xFC, 0xE1, 0xC3, 0x87, 0x0E, 0x1C, 0x38, 0x77, 0xEF, 0xDF, 0x87, 0x0E, 0x1E, 0x1E, 0x38, 0x1C,
    0x01, 0xC0, 0x1C, 0x01, 0xC0, 0x1D, 0x01, 0xF0, 0x1F, 0x03, 0xC0, 0x7C, 0x07, 0xC0, 0x1C, 0x01,
    0xC0, 0x1C, 0x01, 0xFF, 0x1F, 0xF0, 0x30, 0x60, 0xC1, 0x83, 0x06, 0x8F, 0x3C, 0xF1, 0xE0, 0xC1,
    0x83, 0x07, 0x0F, 0x1E, 0x01, 0x80, 0x1C, 0x01, 0xC0, 0x0C, 0x00, 0x00, 0x70, 0x1F, 0xC0, 0xFF,
    0x07, 0xFC, 0x3F, 0xE1, 0xFB, 0x8F, 0xCE, 0x7E, 0x3B, 0xF1, 0xDF, 0x87, 0xFC, 0x1F, 0xE0, 0xFF,
    0x03, 0xF8, 0x1F, 0xC0, 0x70, 0x07, 0x01, 0xC0, 0xE0, 0x30, 0x00, 0x3F, 0xCF, 0xFB, 0x8F, 0xE1,
    0xF8, 0x7E, 0x1F, 0x87, 0xE1, 0xF8, 0x7E, 0x1F, 0x87, 0xE0, 0x3F, 0x81, 0xFE, 0x0F, 0xF8, 0x7F,
    0xC3, 0xF7, 0x1F, 0x9C, 0xFC, 0x77, 0xE3, 0xBF, 0x0F, 0xF8, 0x3F, 0xC1, 0xFE, 0x07, 0xF0, 0x3F,
    0x80, 0xE0, 0x00, 0x07, 0x00, 0x78, 0x03, 0x80, 0xFF, 0x3F, 0xEE, 0x3F, 0x87, 0xE1, 0xF8, 0x7E,
    0x1F, 0x87, 0xE1, 0xF8, 0x7E, 0x1C, 0x00, 0x0C, 0x0F, 0x01, 0xC0, 0x0C, 0xC0, 0x7C, 0x01, 0xE0,
    0x06, 0x00, 0x00, 0x70, 0x1F, 0xC0, 0xFF, 0x07, 0xFC, 0x3F, 0xE1, 0xFB, 0x8F, 0xCE, 0x7E, 0x3B,
    0xF1, 0xDF, 0x87, 0xFC, 0x1F, 0xE0, 0xFF, 0x03, 0xF8, 0x1F, 0xC0, 0x70, 0x33, 0x0F, 0xC1, 0xE0,
    0x30, 0x00, 0x3F, 0xCF, 0xFB, 0x8F, 0xE1, 0xF8, 0x7E, 0x1F, 0x87, 0xE1, 0xF8, 0x7E, 0x1F, 0x87,
    0x60, 0x1C, 0x03, 0x80, 0x60, 0x00, 0x00, 0xFF, 0x1F, 0xF3, 0x8F, 0x70, 0xEE, 0x1D, 0xC3, 0xB8,
    0x77, 0x0E, 0xE1, 0xDC, 0x3B, 0x87, 0xE0, 0x3F, 0x81, 0xFE, 0x0F, 0xF8, 0x7F, 0xC3, 0xF7, 0x1F,
    0x9C, 0xFC, 0x77, 0xE3, 0xBF, 0x0F, 0xF8, 0x3F, 0xC1, 0xFE, 0x07, 0xF0, 0x1F, 0x80, 0xE0, 0x07,
    0x00, 0x38, 0x07, 0x80, 0x3C, 0xFF, 0x3F, 0xEE, 0x3F, 0x87, 0xE1, 0xF8, 0x7E, 0x1F, 0x87, 0xE1,
    0xF8, 0x7E, 0x1C, 0x07, 0x01, 0xC1, 0xE0, 0x78, 0x0F, 0xE0, 0x1F, 0xC0, 0x00, 0x00, 0x7F, 0x03,
    0xFF, 0x0F, 0x9F, 0x1C, 0x0F, 0x70, 0x0E, 0xE0, 0x1D, 0xC0, 0x3B, 0x80, 0x37, 0x00, 0xEE, 0x01,
    0xDC, 0x03, 0x9C, 0x0F, 0x3E, 0x7C, 0x3F, 0xF0, 0x1F, 0xC0, 0x3F, 0x87, 0xF0, 0x00, 0x00, 0x03,
    0xF0, 0xFF, 0x3E, 0xF7, 0x0E, 0xE0, 0xFC, 0x1F, 0x83, 0xF0, 0xEF, 0x3C, 0xFF, 0x0F, 0xC0, 0x0C,
    0xC0, 0x1F, 0x80, 0x1E, 0x00, 0x00, 0x00, 0xFE, 0x07, 0xFE, 0x1F, 0x3E, 0x38, 0x1E, 0xE0, 0x1D,
    0xC0, 0x3B, 0x80, 0x77, 0x00, 0x6E, 0x01, 0xDC, 0x03, 0xB8, 0x07, 0x38, 0x1E, 0x7C, 0xF8, 0x7F,
    0xE0, 0x3F, 0x80, 0x3B, 0x07, 0xE0, 0x78, 0x00, 0x00, 0x00, 0x7E, 0x1F, 0xE7, 0xDE, 0xE1, 0xDC,
    0x1F, 0x83, 0xF0, 0x7E, 0x1D, 0xE7, 0x9F, 0xE1, 0xF8, 0x03, 0x30, 0x0E, 0xE0, 0x3B, 0x80, 0x26,
    0x00, 0x00, 0x01, 0xFC, 0x0F, 0xFC, 0x3E, 0x7C, 0x70, 0x3D, 0xC0, 0x3B, 0x80, 0x77, 0x00, 0xEE,
    0x00, 0xDC, 0x03, 0xB8, 0x07, 0x70, 0x0E, 0x70, 0x3C, 0xF9, 0xF0, 0xFF, 0xC0, 0x7F, 0x00, 0x0C,
    0xC3, 0xB8, 0xEE, 0x09, 0x80, 0x00, 0x7E, 0x1F, 0xE7, 0xDE, 0xE1, 0xDC, 0x1F, 0x83, 0xF0, 0x7E,
    0x1D, 0xE7, 0x9F, 0xE1, 0xF8, 0x0F, 0xFF, 0xE3, 0xFF, 0xFE, 0x7E, 0x30, 0x07, 0x03, 0x00, 0xF0,
    0x30, 0x0E, 0x03, 0x00, 0xE0, 0x3F, 0xCE, 0x03, 0xFC, 0xE0, 0x30, 0x0E, 0x03, 0x00, 0xF0, 0x30,
    0x07, 0x03, 0x00, 0x7E, 0x30, 0x03, 0xFF, 0xFE, 0x0F, 0xFF, 0xE0, 0x3F, 0x3F, 0x1F, 0xFF, 0xEF,
    0xBF, 0x3F, 0x87, 0x87, 0xE0, 0xFF, 0xF8, 0x3F, 0xFE, 0x0E, 0x03, 0x87, 0x80, 0xF3, 0xF9, 0x9F,
    0xFF, 0xE3, 0xF1, 0xF8, 0x03, 0x00, 0x70, 0x0E, 0x00, 0xC0, 0x00, 0x07, 0xF8, 0xFF, 0xCE, 0x3E,
    0xE0, 0xEE, 0x0E, 0xE0, 0xEE, 0x3E, 0xFF, 0xCF, 0xF8, 0xE3, 0x8E, 0x3C, 0xE1, 0xCE, 0x0E, 0xE0,
    0xEE, 0x07, 0x0C, 0x38, 0xE1, 0x80, 0x0F, 0xFF, 0xF1, 0xE1, 0xC3, 0x87, 0x0E, 0x1C, 0x38, 0x70,
    0x7F, 0x8F, 0xFC, 0xE3, 0xEE, 0x0E, 0xE0, 0xEE, 0x0E, 0xE3, 0xEF, 0xFC, 0xFF, 0x8E, 0x38, 0xE3,
    0xCE, 0x1C, 0xE0, 0xEE, 0x0E, 0xE0, 0x70, 0x00, 0x0E, 0x01, 0xE0, 0x1E, 0x00, 0x3F, 0x7F, 0x71,
    0x70, 0x70, 0x70, 0x70, 0x70, 0x70, 0x70, 0x70, 0x00, 0x70, 0xF0, 0xE0, 0x33, 0x03, 0xF0, 0x1E,
    0x00, 0xC0, 0x00, 0x07, 0xF8, 0xFF, 0xCE, 0x3E, 0xE0, 0xEE, 0x0E, 0xE0, 0xEE, 0x3E, 0xFF, 0xCF,
    0xF8, 0xE3, 0x8E, 0x3C, 0xE1, 0xCE, 0x0E, 0xE0, 0xEE, 0x07, 0x66, 0xFC, 0xF0, 0xC0, 0x0F, 0xFF,
    0xF1, 0xE1, 0xC3, 0x87, 0x0E, 0x1C, 0x38, 0x70, 0x03, 0x00, 0xE0, 0x38, 0x06, 0x00, 0x00, 0x3F,
    0x9F, 0xF3, 0xCE, 0x70, 0x0E, 0x01, 0xC0, 0x3F, 0x01, 0xF8, 0x0F, 0x80, 0x78, 0x07, 0x00, 0xEE,
    0x7F, 0xFF, 0x3F, 0xC0, 0x06, 0x07, 0x07, 0x03, 0x00, 0x01, 0xF9, 0xFC, 0xE6, 0x70, 0x3E, 0x0F,
    0xC1, 0xF0, 0x3A, 0x3D, 0xFE, 0xFE, 0x06, 0x01, 0xE0, 0x7E, 0x0C, 0xC0, 0x00, 0x3F, 0x9F, 0xF3,
    0xCE, 0x70, 0x0E, 0x01, 0xC0, 0x3F, 0x01, 0xF8, 0x0F, 0x80, 0x78, 0x07, 0x00, 0xEE, 0x7F, 0xFF,
    0x3F, 0xC0, 0x0C, 0x0F, 0x0F, 0xC6, 0x60, 0x01, 0xF9, 0xFC, 0xE6, 0x70, 0x3E, 0x0F, 0xC1, 0xF0,
    0x3A, 0x3D, 0xFE, 0xFE, 0x1F, 0xCF, 0xF9, 0xE7, 0x38, 0x07, 0x00, 0xE0, 0x1F, 0x80, 0xFC, 0x07,
    0xC0, 0x3C, 0x03, 0x80, 0x77, 0x3F, 0xFF, 0x9F, 0xE0, 0x70, 0x06, 0x03, 0xC0, 0x3F, 0x3F, 0x9C,
    0xCE, 0x07, 0xC1, 0xF8, 0x3E, 0x07, 0x47, 0xBF, 0x9F, 0xC3, 0x80, 0xC1, 0xE0, 0x19, 0x83, 0xF0,
    0x3C, 0x03, 0x00, 0x00, 0x3F, 0x9F, 0xF3, 0xCE, 0x70, 0x0E, 0x01, 0xC0, 0x3F, 0x01, 0xF8, 0x0F,
    0x80, 0x78, 0x07, 0x00, 0xEE, 0x7F, 0xFF, 0x3F, 0xC0, 0x33, 0x1F, 0x07, 0x81, 0x80, 0x01, 0xF9,
    0xFC, 0xE6, 0x70, 0x3E, 0x0F, 0xC1, 0xF0, 0x3A, 0x3D, 0xFE, 0xFE, 0xFF, 0xFF, 0xFF, 0x06, 0x00,
    0x60, 0x06, 0x00, 0x60, 0x06, 0x00, 0x60, 0x06, 0x00, 0x60, 0x06, 0x00, 0x60, 0x06, 0x00, 0x60,
    0x06, 0x00, 0xE0, 0x07, 0x01, 0xE0, 0xE0, 0xE0, 0xE0, 0xFE, 0xFE, 0xE0, 0xE0, 0xE0, 0xE0, 0xE0,
    0xE0, 0xF2, 0x7E, 0x7E, 0x18, 0x1C, 0x3C, 0x19, 0x81, 0xF8, 0x0F, 0x00, 0x60, 0x00, 0x0F, 0xFF,
    0xFF, 0xF0, 0x60, 0x06, 0x00, 0x60, 0x06, 0x00, 0x60, 0x06, 0x00, 0x60, 0x06, 0x00, 0x60, 0x06,
    0x00, 0x60, 0x06, 0x00, 0x60, 0x0C, 0x0C, 0xEC, 0xEC, 0xE0, 0xFE, 0xFE, 0xE0, 0xE0, 0xE0, 0xE0,
    0xE0, 0xE0, 0xF2, 0x7E, 0x7E, 0xFF, 0xFF, 0xFF, 0x06, 0x00, 0x60, 0x06, 0x00, 0x60, 0x06, 0x03,
    0xFC, 0x3F, 0xC0, 0x60, 0x06, 0x00, 0x60, 0x06, 0x00, 0x60, 0x06, 0x00, 0xE0, 0xE0, 0xE0, 0xFE,
    0xFE, 0xE0, 0xE0, 0xE0, 0xFE, 0xFE, 0xE0, 0xF2, 0x7E, 0x7E, 0x1E, 0xC1, 0xFC, 0x1F, 0x80, 0x00,
    0xE0, 0x7E, 0x07, 0xE0, 0x7E, 0x07, 0xE0, 0x7E, 0x07, 0xE0, 0x7E, 0x07, 0xE0, 0x7E, 0x07, 0xE0,
    0x77, 0x07, 0x79, 0xE3, 0xFE, 0x1F, 0xC0, 0x3D, 0x8F, 0xC6, 0xF0, 0x00, 0x00, 0x38, 0x7E, 0x1F,
    0x87, 0xE1, 0xF8, 0x7E, 0x1F, 0x87, 0xE1, 0xDC, 0x77, 0xFC, 0xFF, 0x1F, 0xC1, 0xFC, 0x00, 0x0E,
    0x07, 0xE0, 0x7E, 0x07, 0xE0, 0x7E, 0x07, 0xE0, 0x7E, 0x07, 0xE0, 0x7E, 0x07, 0xE0, 0x7E, 0x07,
    0x70, 0x77, 0x9E, 0x3F, 0xE1, 0xFC, 0x3F, 0x0F, 0xC0, 0x00, 0x00, 0xE1, 0xF8, 0x7E, 0x1F, 0x87,
    0xE1, 0xF8, 0x7E, 0x1F, 0x87, 0x71, 0xDF, 0xF3, 0xFC, 0x1D, 0x81, 0xF8, 0x0F, 0x00, 0x00, 0xE0,
    0x7E, 0x07, 0xE0, 0x7E, 0x07, 0xE0, 0x7E, 0x07, 0xE0, 0x7E, 0x07, 0xE0, 0x7E, 0x07, 0xE0, 0x77,
    0x07, 0x79, 0xE3, 0xFE, 0x1F, 0xC0, 0x33, 0x0F, 0xC1, 0xE0, 0x00, 0x00, 0x38, 0x7E, 0x1F, 0x87,
    0xE1, 0xF8, 0x7E, 0x1F, 0x87, 0xE1, 0xDC, 0x77, 0xFC, 0xFF, 0x0F, 0x00, 0xD8, 0x0D, 0x80, 0xF0,
    0xE0, 0x7E, 0x07, 0xE0, 0x7E, 0x07, 0xE0, 0x7E, 0x07, 0xE0, 0x7E, 0x07, 0xE0, 0x7E, 0x07, 0xE0,
    0x77, 0x07, 0x79, 0xE3, 0xFE, 0x1F, 0xC0, 0x1E, 0x07, 0x81, 0xE0, 0x78, 0x00, 0x38, 0x7E, 0x1F,
    0x87, 0xE1, 0xF8, 0x7E, 0x1F, 0x87, 0xE1, 0xDC, 0x77, 0xFC, 0xFF, 0x06, 0x60, 0xEE, 0x0D, 0xC0,
    0x98, 0x00, 0x0E, 0x07, 0xE0, 0x7E, 0x07, 0xE0, 0x7E, 0x07, 0xE0, 0x7E, 0x07, 0xE0, 0x7E, 0x07,
    0xE0, 0x7E, 0x07, 0x70, 0x77, 0x9E, 0x3F, 0xE1, 0xFC, 0x0D, 0x87, 0x63, 0xB8, 0xCC, 0x00, 0x38,
    0x7E, 0x1F, 0x87, 0xE1, 0xF8, 0x7E, 0x1F, 0x87, 0xE1, 0xDC, 0x77, 0xFC, 0xFF, 0xE0, 0x7E, 0x07,
    0xE0, 0x7E, 0x07, 0xE0, 0x7E, 0x07, 0xE0, 0x7E, 0x07, 0xE0, 0x7E, 0x07, 0xE0, 0x77, 0x07, 0x79,
    0xE3, 0xFE, 0x1F, 0x80, 0x70, 0x07, 0x00, 0x78, 0xE1, 0xF8, 0x7E, 0x1F, 0x87, 0xE1, 0xF8, 0x7E,
    0x1F, 0x87, 0x71, 0xDF, 0xF3, 0xFC, 0x0E, 0x07, 0x00, 0xF0, 0x00, 0x60, 0x00, 0x1E, 0x00, 0x07,
    0xE0, 0x00, 0xCC, 0x00, 0x00, 0x01, 0xC0, 0x01, 0xF8, 0x00, 0x3B, 0x87, 0x07, 0x70, 0xF0, 0xEE,
    0x1E, 0x19, 0xC7, 0xC7, 0x38, 0xFC, 0xE3, 0x9B, 0x9C, 0x77, 0x33, 0x8E, 0xE7, 0x61, 0xD8, 0xFC,
    0x1F, 0x0F, 0x83, 0xE1, 0xF0, 0x78, 0x3C, 0x07, 0x03, 0x80, 0x01, 0x80, 0x03, 0xC0, 0x07, 0xE0,
    0x06, 0x60, 0x00, 0x00, 0xE1, 0xC7, 0xE1, 0xC7, 0x63, 0xC7, 0x73, 0xC6, 0x73, 0xEE, 0x33, 0xEE,
    0x3F, 0x6C, 0x3E, 0x7C, 0x1E, 0x7C, 0x1E, 0x38, 0x1C, 0x38, 0x06, 0x00, 0x78, 0x07, 0xE0, 0x33,
    0x00, 0x00, 0x70, 0x1D, 0xC1, 0xCE, 0x1C, 0x38, 0xE1, 0xCE, 0x07, 0x70, 0x3F, 0x00, 0xF8, 0x03,
    0x80, 0x1C, 0x00, 0xE0, 0x07, 0x00, 0x38, 0x01, 0xC0, 0x0E, 0x00, 0x04, 0x01, 0xC0, 0x7C, 0x08,
    0x80, 0x01, 0xC1, 0xB8, 0x73, 0x8E, 0x71, 0x8E, 0x30, 0xEE, 0x1D, 0xC1, 0xB0, 0x3E, 0x03, 0x80,
    0x70, 0x0E, 0x03, 0x83, 0xF0, 0x7C, 0x00, 0x1D, 0xC0, 0xEE, 0x00, 0x01, 0xC0, 0x77, 0x07, 0x38,
    0x70, 0xE3, 0x87, 0x38, 0x1D, 0xC0, 0xFC, 0x03, 0xE0, 0x0E, 0x00, 0x70, 0x03, 0x80, 0x1C, 0x00,
    0xE0, 0x07, 0x00, 0x38, 0x00, 0x03, 0x80, 0x38, 0x07, 0x00, 0x60, 0x00, 0x07, 0xFE, 0x7F, 0xE0,
    0x0E, 0x01, 0xC0, 0x38, 0x07, 0x80, 0x70, 0x0E, 0x01, 0xC0, 0x1C, 0x03, 0x80, 0x70, 0x07, 0x00,
    0xFF, 0xFF, 0xFF, 0x06, 0x03, 0x81, 0xC0, 0x60, 0x00, 0x1F, 0xE7, 0xF8, 0x0E, 0x07, 0x03, 0x81,
    0xC0, 0xE0, 0x78, 0x1C, 0x0F, 0xFB, 0xFE, 0x06, 0x00, 0x70, 0x06, 0x00, 0x00, 0x7F, 0xE7, 0xFE,
    0x00, 0xE0, 0x1C, 0x03, 0x80, 0x78, 0x07, 0x00, 0xE0, 0x1C, 0x01, 0xC0, 0x38, 0x07, 0x00, 0x70,
    0x0F, 0xFF, 0xFF, 0xF0, 0x1C, 0x07, 0x01, 0xC0, 0x00, 0x00, 0x1F, 0xE7, 0xF8, 0x0E, 0x07, 0x03,
    0x81, 0xC0, 0xE0, 0x78, 0x1C, 0x0F, 0xFB, 0xFE, 0x19, 0x81, 0xF8, 0x0F, 0x00, 0x60, 0x00, 0x07,
    0xFE, 0x7F, 0xE0, 0x0E, 0x01, 0xC0, 0x38, 0x07, 0x80, 0x70, 0x0E, 0x01, 0xC0, 0x1C, 0x03, 0x80,
    0x70, 0x07, 0x00, 0xFF, 0xFF, 0xFF, 0x33, 0x0F, 0xC1, 0xE0, 0x30, 0x00, 0x1F, 0xE7, 0xF8, 0x0E,
    0x07, 0x03, 0x81, 0xC0, 0xE0, 0x78, 0x1C, 0x0F, 0xFB, 0xFE, 0x3F, 0x7E, 0x70, 0xE0, 0xE0, 0xE0,
    0xE0, 0xE0, 0xE0, 0xE0, 0xE0, 0xE0, 0xE0, 0xE0, 0xE0, 0xE0, 0x00, 0x0E, 0x00, 0x18, 0x3F, 0xF1,
    0xFF, 0xE7, 0xCF, 0x8E, 0x07, 0xB8, 0x07, 0x70, 0x0E, 0xE0, 0x1D, 0xC0, 0x1B, 0x80, 0x77, 0x00,
    0xEE, 0x01, 0xCE, 0x07, 0x9F, 0x3E, 0x1F, 0xF8, 0x0F, 0xE0, 0x00, 0x70, 0x06, 0x3F, 0x67, 0xFE,
    0xFB, 0xCE, 0x1C, 0xE0, 0xEE, 0x0E, 0xE0, 0xEE, 0x1C, 0xF3, 0xC7, 0xF8, 0x3F, 0x00, 0x00, 0x0E,
    0x00, 0x1F, 0x81, 0xF7, 0x03, 0x8E, 0x07, 0x1C, 0x0E, 0x38, 0x1C, 0x70, 0x38, 0xE0, 0x71, 0xC0,
    0xE3, 0x81, 0xC7, 0x03, 0x8E, 0x07, 0x0E, 0x0E, 0x1E, 0x78, 0x1F, 0xF0, 0x1F, 0x80, 0x00, 0x30,
    0x07, 0xE1, 0xFE, 0x1E, 0xE1, 0xCE, 0x1C, 0xE1, 0xCE, 0x1C, 0xE1, 0xCE, 0x1C, 0x71, 0xC7, 0xFC,
    0x3F, 0xC0, 0x00, 0x00, 0x66, 0x00, 0x00, 0x1F, 0x80, 0x00, 0x03, 0xC0, 0x00, 0x00, 0x60, 0x7F,
    0x81, 0xFF, 0xBF, 0xF8, 0x7F, 0xEE, 0x3F, 0x00, 0x3B, 0x81, 0xC0, 0x1C, 0xE0, 0x78, 0x0F, 0x38,
    0x0E, 0x03, 0x8E, 0x03, 0x81, 0xC3, 0x80, 0xE0, 0xE0, 0xE0, 0x38, 0x70, 0x38, 0x0E, 0x1C, 0x0E,
    0x03, 0x8E, 0x03, 0x81, 0xC7, 0x00, 0xE3, 0xF1, 0xC0, 0x3F, 0xF8, 0xFF, 0xF7, 0xF8, 0x3F, 0xFC,
    0x00, 0x00, 0xCC, 0x7F, 0x80, 0xFC, 0xFF, 0xE0, 0x78, 0xE3, 0xF0, 0x30, 0xE0, 0x70, 0x00, 0xE0,
    0x79, 0xFE, 0xE0, 0x39, 0xFE, 0xE0, 0x38, 0x0E, 0xE0, 0x38, 0x1C, 0xE0, 0x38, 0x38, 0xE0, 0x38,
    0x70, 0xE0, 0x38, 0xE0, 0xE0, 0x71, 0xE0, 0xE3, 0xF1, 0xC0, 0xFF, 0xE3, 0xFF, 0x7F, 0x83, 0xFF,
    0x01, 0xC6, 0x60, 0x0E, 0x3F, 0x00, 0x70, 0xF0, 0x03, 0x83, 0x00, 0x1C, 0x00, 0x1F, 0xE7, 0xFD,
    0xFF, 0x3F, 0xFE, 0x78, 0x0E, 0xE1, 0xC0, 0xE7, 0x0E, 0x0F, 0x38, 0x70, 0xF1, 0xC3, 0x87, 0x0E,
    0x1C, 0x70, 0x7C, 0xE7, 0x01, 0xFF, 0x3F, 0xE7, 0xF9, 0xFF, 0xE0, 0x00, 0xFC, 0x00, 0x1F, 0x80,
    0x03, 0xF0, 0x00, 0x7E, 0x00, 0x0F, 0xC0, 0x01, 0xF8, 0x00, 0x3F, 0x00, 0x07, 0xE0, 0x00, 0xFC,
    0x00, 0x1F, 0x80, 0x03, 0xF0, 0x00, 0x7E, 0x03, 0x9F, 0xFF, 0xFF, 0xBF, 0xF7, 0xE0, 0x00, 0x1F,
    0x80, 0x7E, 0x00, 0x38, 0x00, 0xE0, 0x03, 0x80, 0x7E, 0x01, 0xF8, 0x07, 0xE0, 0x1F, 0x80, 0x7E,
    0x01, 0xF8, 0x07, 0xE0, 0x1F, 0x80, 0x7F, 0xFD, 0xFF, 0xF7, 0x00, 0x1C, 0x00, 0xF0, 0x0F, 0x80,
    0x3E, 0xE3, 0xF1, 0xF8, 0x1C, 0x0E, 0x07, 0x1F, 0x8F, 0xC7, 0xE3, 0xF1, 0xF8, 0xFC, 0x7E, 0x3F,
    0x9D, 0xEE, 0xE7, 0x03, 0x83, 0xC7, 0xC3, 0xC0, 0xE0, 0x38, 0x07, 0xF0, 0x38, 0x07, 0xF8, 0x38,
    0x07, 0xFC, 0x38, 0x07, 0xFC, 0x38, 0x07, 0xEE, 0x38, 0x07, 0xE7, 0x38, 0x07, 0xE3, 0xB8, 0x07,
    0xE3, 0xB8, 0x07, 0xE1, 0xF8, 0x07, 0xE0, 0xF8, 0x06, 0xE0, 0xF8, 0x0E, 0xE0, 0x79, 0x9E, 0xE0,
    0x7B, 0xFE, 0xE0, 0x39, 0xFC, 0x00, 0x00, 0xDC, 0x07, 0x1B, 0xC0, 0xE0, 0x7C, 0x1C, 0x0F, 0xC3,
    0x81, 0xF8, 0x71, 0xBB, 0x8E, 0x37, 0x39, 0xC6, 0xE3, 0xB8, 0xDC, 0x77, 0x1B, 0x87, 0xE3, 0x70,
    0x7C, 0x6E, 0x0F, 0x8D, 0xC0, 0xF1, 0xB8, 0x1E, 0x37, 0x01, 0xC6, 0x00, 0x00, 0xC0, 0x00, 0x38,
    0x00, 0x1F, 0x00, 0x03, 0xC0, 0x00, 0x0E, 0x00, 0x0E, 0x00, 0x00, 0x00, 0x00, 0x00, 0x00, 0xFF,
    0x0E, 0xFF, 0x8E, 0xE3, 0xCE, 0xE1, 0xCE, 0xE1, 0xCE, 0xE1, 0xCE, 0xE1, 0xCE, 0xE1, 0xCE, 0xE1,
    0xCE, 0xE1, 0xCE, 0xE1, 0xCE, 0x00, 0x0E, 0x00, 0x0E, 0x00, 0x3E, 0x00, 0x7C, 0x0C, 0xC0, 0x3F,
    0x00, 0x78, 0x00, 0xC0, 0x00, 0x00, 0x1C, 0x00, 0x78, 0x01, 0xE0, 0x0F, 0xC0, 0x37, 0x01, 0xCC,
    0x07, 0x38, 0x18, 0x60, 0xE1, 0xC3, 0xFF, 0x1F, 0xFC, 0x70, 0x39, 0x80, 0xEE, 0x01, 0xF8, 0x07,
    0x11, 0x07, 0xC0, 0xE0, 0x10, 0x00, 0x0F, 0xC3, 0xF8, 0xCF, 0x01, 0xCF, 0xF7, 0xFD, 0xE7, 0x61,
    0xDC, 0x77, 0xFC, 0xFF, 0xCF, 0xF7, 0x8C, 0x01, 0xC7, 0x1C, 0x71, 0xC7, 0x1C, 0x71, 0xC7, 0x1C,
    0x71, 0xC7, 0x1C, 0x66, 0xFC, 0xF0, 0xC0, 0x07, 0x0E, 0x1C, 0x38, 0x70, 0xE1, 0xC3, 0x87, 0x0E,
    0x1C, 0x0C, 0xC0, 0x1F, 0x80, 0x1E, 0x00, 0x18, 0x00, 0x00, 0x01, 0xFC, 0x0F, 0xFC, 0x3E, 0x7C,
    0x70, 0x3D, 0xC0, 0x3B, 0x80, 0x77, 0x00, 0xEE, 0x00, 0xDC, 0x03, 0xB8, 0x07, 0x70, 0x0E, 0x70,
    0x3C, 0xF9, 0xF0, 0xFF, 0xC0, 0x7F, 0x00, 0x33, 0x07, 0xE0, 0x78, 0x06, 0x00, 0x00, 0x7E, 0x1F,
    0xE7, 0xDE, 0xE1, 0xDC, 0x1F, 0x83, 0xF0, 0x7E, 0x1D, 0xE7, 0x9F, 0xE1, 0xF8, 0x19, 0x81, 0xF8,
    0x0F, 0x00, 0x60, 0x00, 0x0E, 0x07, 0xE0, 0x7E, 0x07, 0xE0, 0x7E, 0x07, 0xE0, 0x7E, 0x07, 0xE0,
    0x7E, 0x07, 0xE0, 0x7E, 0x07, 0x70, 0x77, 0x9E, 0x3F, 0xE1, 0xFC, 0x33, 0x0F, 0xC1, 0xE0, 0x30,
    0x00, 0x38, 0x7E, 0x1F, 0x87, 0xE1, 0xF8, 0x7E, 0x1F, 0x87, 0xE1, 0xDC, 0x77, 0xFC, 0xFF, 0x1F,
    0x81, 0xF8, 0x00, 0x01, 0x9C, 0x19, 0xC0, 0x00, 0xE0, 0x7E, 0x07, 0xE0, 0x7E, 0x07, 0xE0, 0x7E,
    0x07, 0xE0, 0x7E, 0x07, 0xE0, 0x7E, 0x07, 0xE0, 0x77, 0x07, 0x79, 0xE3, 0xFE, 0x1F, 0xC0, 0x3F,
    0x0F, 0xC0, 0x01, 0xCC, 0x73, 0x00, 0x0E, 0x1F, 0x87, 0xE1, 0xF8, 0x7E, 0x1F, 0x87, 0xE1, 0xF8,
    0x77, 0x1D, 0xFF, 0x3F, 0xC0, 0x03, 0x00, 0x30, 0x07, 0x03, 0xEC, 0x38, 0xC0, 0x00, 0xE0, 0x7E,
    0x07, 0xE0, 0x7E, 0x07, 0xE0, 0x7E, 0x07, 0xE0, 0x7E, 0x07, 0xE0, 0x7E, 0x07, 0xE0, 0x77, 0x07,
    0x79, 0xE3, 0xFE, 0x1F, 0xC0, 0x06, 0x01, 0x80, 0xE0, 0x30, 0x73, 0x9C, 0xE0, 0x03, 0x87, 0xE1,
    0xF8, 0x7E, 0x1F, 0x87, 0xE1, 0xF8, 0x7E, 0x1D, 0xC7, 0x7F, 0xCF, 0xF0, 0x0F, 0x80, 0xF8, 0x3E,
    0xC3, 0x8C, 0x00, 0x0E, 0x07, 0xE0, 0x7E, 0x07, 0xE0, 0x7E, 0x07, 0xE0, 0x7E, 0x07, 0xE0, 0x7E,
    0x07, 0xE0, 0x7E, 0x07, 0x70, 0x77, 0x9E, 0x3F, 0xE1, 0xFC, 0x3F, 0x0F, 0x80, 0xC1, 0xCE, 0x73,
    0x80, 0x0E, 0x1F, 0x87, 0xE1, 0xF8, 0x7E, 0x1F, 0x87, 0xE1, 0xF8, 0x77, 0x1D, 0xFF, 0x3F, 0xC0,
    0x0C, 0x00, 0xE0, 0x06, 0x03, 0xAC, 0x38, 0xC0, 0x00, 0xE0, 0x7E, 0x07, 0xE0, 0x7E, 0x07, 0xE0,
    0x7E, 0x07, 0xE0, 0x7E, 0x07, 0xE0, 0x7E, 0x07, 0xE0, 0x77, 0x07, 0x79, 0xE3, 0xFE, 0x1F, 0xC0,
    0x18, 0x0E, 0x01, 0xC0, 0x30, 0x73, 0x9C, 0xE0, 0x03, 0x87, 0xE1, 0xF8, 0x7E, 0x1F, 0x87, 0xE1,
    0xF8, 0x7E, 0x1D, 0xC7, 0x7F, 0xCF, 0xF0, 0x7E, 0x1F, 0xE4, 0x78, 0x07, 0xFF, 0xFF, 0xFE, 0x1F,
    0x87, 0xF7, 0x9F, 0xE3, 0xF0, 0x0F, 0xC0, 0x3F, 0x00, 0x00, 0x07, 0x30, 0x1C, 0xC0, 0x00, 0x00,
    0x70, 0x01, 0xE0, 0x07, 0x80, 0x3F, 0x00, 0xDC, 0x07, 0x30, 0x1C, 0xE0, 0x61, 0x83, 0x87, 0x0F,
    0xFC, 0x7F, 0xF1, 0xC0, 0xE6, 0x03, 0xB8, 0x07, 0xE0, 0x1C, 0x3F, 0x8F, 0xE0, 0x00, 0xEE, 0x3B,
    0x80, 0x03, 0xF0, 0xFE, 0x33, 0xC0, 0x73, 0xFD, 0xFF, 0x79, 0xD8, 0x77, 0x1D, 0xFF, 0x3F, 0xC0,
    0x0F, 0xC0, 0x3F, 0x00, 0x00, 0x00, 0xC0, 0x03, 0x00, 0x00, 0x00, 0x70, 0x01, 0xE0, 0x07, 0x80,
    0x3F, 0x00, 0xDC, 0x07, 0x30, 0x1C, 0xE0, 0x61, 0x83, 0x87, 0x0F, 0xFC, 0x7F, 0xF1, 0xC0, 0xE6,
    0x03, 0xB8, 0x07, 0xE0, 0x1C, 0x3F, 0x8F, 0xE0, 0x00, 0x38, 0x0E, 0x00, 0x03, 0xF0, 0xFE, 0x33,
    0xC0, 0x73, 0xFD, 0xFF, 0x79, 0xD8, 0x77, 0x1D, 0xFF, 0x3F, 0xC0, 0x00, 0x7F, 0x00, 0x0F, 0xE0,
    0x00, 0x00, 0x00, 0x7F, 0xF0, 0x0F, 0xFE, 0x03, 0xE0, 0x00, 0xEC, 0x00, 0x1D, 0x80, 0x07, 0x30,
    0x00, 0xC7, 0xF8, 0x38, 0xFF, 0x0E, 0x18, 0x01, 0xFF, 0x00, 0x7F, 0xE0, 0x0C, 0x0C, 0x03, 0x81,
    0x80, 0x60, 0x3F, 0xFC, 0x07, 0xFC, 0x03, 0xF0, 0x01, 0xF8, 0x00, 0x00, 0x00, 0x00, 0x03, 0xF3,
    0xE1, 0xFF, 0xF8, 0xCF, 0xDE, 0x03, 0x87, 0x3F, 0xFF, 0xBF, 0xFF, 0xDE, 0x70, 0x0C, 0x38, 0x07,
    0x1F, 0x13, 0xFF, 0xF8, 0xFF, 0xFC, 0x0F, 0xE0, 0xFF, 0xC7, 0xCF, 0x1C, 0x00, 0xE0, 0x03, 0x80,
    0x0E, 0x00, 0x38, 0x1C, 0xE1, 0xFF, 0x87, 0xFE, 0x07, 0x1C, 0x1C, 0x7C, 0x70, 0xFF, 0xC0, 0xFF,
    0x00, 0x3F, 0xC7, 0xFC, 0xF9, 0xCE, 0x1C, 0xE7, 0xEE, 0x7E, 0xE1, 0xCE, 0x1C, 0xF3, 0xC7, 0xFC,
    0x3F, 0xC0, 0x1C, 0x67, 0x8F, 0xF8, 0xFF, 0x00, 0x0C, 0xC0, 0xFC, 0x07, 0x80, 0x30, 0x00, 0x00,
    0xFE, 0x3F, 0xF7, 0xC7, 0x70, 0x0E, 0x00, 0xE0, 0x0E, 0x00, 0xE0, 0x0E, 0x07, 0xE0, 0x7E, 0x07,
    0x70, 0x77, 0xC7, 0x3F, 0xF0, 0xFF, 0x33, 0x0F, 0xC1, 0xE0, 0x30, 0x00, 0x0F, 0xF7, 0xFF, 0xE7,
    0xE1, 0xF8, 0x7E, 0x1F, 0x87, 0xE1, 0xFC, 0xF7, 0xFC, 0xFF, 0x01, 0xD8, 0xEF, 0xFB, 0xFC, 0x19,
    0x80, 0xFC, 0x03, 0xC0, 0x0C, 0x00, 0x00, 0x70, 0x7B, 0x83, 0x9C, 0x38, 0xE3, 0x87, 0x38, 0x3B,
    0x81, 0xF8, 0x0F, 0xC0, 0x7F, 0x03, 0xBC, 0x1C, 0xF0, 0xE3, 0xC7, 0x0F, 0x38, 0x3D, 0xC0, 0xE0,
    0xD8, 0x3E, 0x07, 0x00, 0x00, 0xE0, 0x38, 0x0E, 0x03, 0x80, 0xE0, 0x38, 0xEE, 0x73, 0xBC, 0xEE,
    0x3F, 0x0F, 0x83, 0xF0, 0xEE, 0x39, 0xCE, 0x3B, 0x87, 0x0F, 0xE0, 0x7F, 0xE1, 0xF3, 0xE3, 0x81,
    0xEE, 0x01, 0xDC, 0x03, 0xB8, 0x07, 0x70, 0x06, 0xE0, 0x1D, 0xC0, 0x3B, 0x80, 0x73, 0x81, 0xE7,
    0xCF, 0x87, 0xFE, 0x03, 0xF8, 0x01, 0xC0, 0x03, 0x80, 0x07, 0x80, 0x3F, 0x0F, 0xF3, 0xEF, 0x70,
    0xEE, 0x0F, 0xC1, 0xF8, 0x3F, 0x0E, 0xF3, 0xCF, 0xF0, 0xFC, 0x07, 0x01, 0xC0, 0x1E, 0x00, 0x0F,
    0xE0, 0x1F, 0xC0, 0x00, 0x00, 0x7F, 0x03, 0xFF, 0x0F, 0x9F, 0x1C, 0x0F, 0x70, 0x0E, 0xE0, 0x1D,
    0xC0, 0x3B, 0x80, 0x37, 0x00, 0xEE, 0x01, 0xDC, 0x03, 0x9C, 0x0F, 0x3E, 0x7C, 0x3F, 0xF0, 0x1F,
    0xC0, 0x0E, 0x00, 0x1C, 0x00, 0x3C, 0x00, 0x3F, 0x87, 0xF0, 0x00, 0x00, 0x03, 0xF0, 0xFF, 0x3E,
    0xF7, 0x0E, 0xE0, 0xFC, 0x1F, 0x83, 0xF0, 0xEF, 0x3C, 0xFF, 0x0F, 0xC0, 0x70, 0x1C, 0x01, 0xE0,
    0x19, 0x83, 0xF0, 0x3C, 0x03, 0x00, 0x00, 0xFF, 0xDF, 0xF8, 0x0E, 0x03, 0xC0, 0x70, 0x1C, 0x07,
    0x01, 0xF8, 0x07, 0x80, 0x38, 0x07, 0x00, 0xEE, 0x7F, 0xFF, 0x3F, 0xC0, 0x33, 0x07, 0xE0, 0x78,
    0x06, 0x00, 0x00, 0xFF, 0x9F, 0xF0, 0x1C, 0x03, 0x80, 0xE0, 0x38, 0x07, 0x01, 0xF0, 0x0F, 0x80,
    0x70, 0x06, 0x01, 0xCC, 0x79, 0xFE, 0x3F, 0x80, 0x33, 0x3F, 0x1E, 0x0C, 0x00, 0x1C, 0x1C, 0x1C,
    0x1C, 0x1C, 0x1C, 0x1C, 0x1C, 0x1C, 0x1C, 0x1C, 0x1C, 0x3C, 0xF8, 0xF8, 0x7F, 0x81, 0xFF, 0xBF,
    0xF8, 0x7F, 0xEE, 0x3F, 0x00, 0x3B, 0x81, 0xC0, 0x1C, 0xE0, 0x78, 0x0F, 0x38, 0x0E, 0x03, 0x8E,
    0x03, 0x81, 0xC3, 0x80, 0xE0, 0xE0, 0xE0, 0x38, 0x70, 0x38, 0x0E, 0x1C, 0x0E, 0x03, 0x8E, 0x03,
    0x81, 0xC7, 0x00, 0xE3, 0xF1, 0xC0, 0x3F, 0xF8, 0xFF, 0xF7, 0xF8, 0x3F, 0xFC, 0x7F, 0x80, 0x00,
    0xFF, 0xE0, 0x00, 0xE3, 0xF0, 0x00, 0xE0, 0x70, 0x00, 0xE0, 0x79, 0xFE, 0xE0, 0x39, 0xFE, 0xE0,
    0x38, 0x0E, 0xE0, 0x38, 0x1C, 0xE0, 0x38, 0x38, 0xE0, 0x38, 0x70, 0xE0, 0x38, 0xE0, 0xE0, 0x71,
    0xE0, 0xE3, 0xF1, 0xC0, 0xFF, 0xE3, 0xFF, 0x7F, 0x83, 0xFF, 0x01, 0xC0, 0x00, 0x0E, 0x00, 0x00,
    0x70, 0x00, 0x03, 0x80, 0x00, 0x1C, 0x00, 0x1F, 0xE7, 0xFD, 0xFF, 0x3F, 0xFE, 0x78, 0x0E, 0xE1,
    0xC0, 0xE7, 0x0E, 0x0F, 0x38, 0x70, 0xF1, 0xC3, 0x87, 0x0E, 0x1C, 0x70, 0x7C, 0xE7, 0x01, 0xFF,
    0x3F, 0xE7, 0xF9, 0xFF, 0x01, 0x80, 0x3C, 0x03, 0x80, 0x30, 0x00, 0x00, 0xFE, 0x3F, 0xF7, 0xC7,
    0x70, 0x0E, 0x00, 0xE0, 0x0E, 0x00, 0xE0, 0x0E, 0x07, 0xE0, 0x7E, 0x07, 0x70, 0x77, 0xC7, 0x3F,
    0xF0, 0xFF, 0x03, 0x01, 0xC0, 0xE0, 0x30, 0x00, 0x0F, 0xF7, 0xFF, 0xE7, 0xE1, 0xF8, 0x7E, 0x1F,
    0x87, 0xE1, 0xFC, 0xF7, 0xFC, 0xFF, 0x01, 0xD8, 0xEF, 0xFB, 0xFC, 0xE0, 0x30, 0x0E, 0x03, 0x00,
    0xE0, 0x30, 0x0E, 0x03, 0x00, 0xE0, 0x30, 0x7E, 0x03, 0x07, 0xFF, 0xF0, 0x7F, 0xFF, 0x07, 0xE0,
    0x30, 0x7E, 0x03, 0x07, 0xE0, 0x30, 0x7E, 0x03, 0x87, 0xE0, 0x3C, 0xFE, 0x01, 0xFE, 0xE0, 0x0F,
    0xC0, 0x7F, 0x8F, 0xFC, 0xF3, 0xEE, 0x0F, 0xE0, 0x7E, 0x07, 0xE0, 0x7E, 0x07, 0xE0, 0xEE, 0x0E,
    0xE1, 0xCE, 0x78, 0xFF, 0x0F, 0xE0, 0xF8, 0x0E, 0x00, 0xE0, 0x0E, 0x00, 0xE0, 0x00, 0x0C, 0x00,
    0x70, 0x01, 0xC0, 0x06, 0x00, 0x00, 0x70, 0x1F, 0xC0, 0xFF, 0x07, 0xFC, 0x3F, 0xE1, 0xFB, 0x8F,
    0xCE, 0x7E, 0x3B, 0xF1, 0xDF, 0x87, 0xFC, 0x1F, 0xE0, 0xFF, 0x03, 0xF8, 0x1F, 0xC0, 0x70, 0x18,
    0x07, 0x00, 0xE0, 0x18, 0x00, 0x3F, 0xCF, 0xFB, 0x8F, 0xE1, 0xF8, 0x7E, 0x1F, 0x87, 0xE1, 0xF8,
    0x7E, 0x1F, 0x87, 0x01, 0x80, 0x1E, 0x00, 0x70, 0x01, 0xE0, 0x07, 0x80, 0x1E, 0x00, 0x78, 0x01,
    0xE0, 0x07, 0x80, 0x3F, 0x00, 0xDC, 0x07, 0x38, 0x1C, 0xE0, 0x61, 0x83, 0x87, 0x0F, 0xFC, 0x7F,
    0xF1, 0xC0, 0xE6, 0x03, 0xB8, 0x07, 0xE0, 0x1C, 0x06, 0x03, 0xC0, 0xC0, 0x38, 0x1B, 0x06, 0xC0,
    0xE0, 0x00, 0x3F, 0x0F, 0xE3, 0x3C, 0x07, 0x3F, 0xDF, 0xF7, 0x9D, 0x87, 0x71, 0xDF, 0xF3, 0xFC,
    0x00, 0x0C, 0x00, 0x03, 0x80, 0x00, 0x70, 0x00, 0x0C, 0x00, 0x00, 0x00, 0x01, 0xFF, 0xC0, 0x3F,
    0xF8, 0x0F, 0x80, 0x03, 0xB0, 0x00, 0x76, 0x00, 0x1C, 0xC0, 0x03, 0x1F, 0xE0, 0xE3, 0xFC, 0x38,
    0x60, 0x07, 0xFC, 0x01, 0xFF, 0x80, 0x30, 0x30, 0x0E, 0x06, 0x01, 0x80, 0xFF, 0xF0, 0x1F, 0xF0,
    0x00, 0x60, 0x00, 0x70, 0x00, 0x70, 0x00, 0x30, 0x00, 0x00, 0x01, 0xF9, 0xF0, 0xFF, 0xFC, 0x67,
    0xEF, 0x01, 0xC3, 0x9F, 0xFF, 0xDF, 0xFF, 0xEF, 0x38, 0x06, 0x1C, 0x03, 0x8F, 0x89, 0xFF, 0xFC,
    0x7F, 0xFE, 0x00, 0xC0, 0x03, 0x80, 0x0E, 0x00, 0x18, 0x00, 0x00, 0x01, 0xFF, 0x8F, 0xFF, 0x3E,
    0x7C, 0x70, 0x7D, 0xC1, 0xFB, 0x87, 0x77, 0x0E, 0xEE, 0x38, 0xDC, 0xE1, 0xBB, 0x87, 0x7E, 0x0E,
    0x78, 0x3C, 0xF9, 0xF1, 0xFF, 0xC3, 0x7F, 0x00, 0x03, 0x00, 0xE0, 0x38, 0x06, 0x00, 0x00, 0x7F,
    0x9F, 0xF7, 0x9E, 0xE3, 0xDC, 0xFF, 0x3B, 0xFE, 0x7F, 0x9C, 0xE7, 0xBF, 0xE7, 0xF8, 0x1B, 0x00,
    0x6E, 0x01, 0xDC, 0x03, 0x30, 0x00, 0x00, 0x1C, 0x00, 0x78, 0x01, 0xE0, 0x0F, 0xC0, 0x37, 0x01,
    0xCC, 0x07, 0x38, 0x18, 0x60, 0xE1, 0xC3, 0xFF, 0x1F, 0xFC, 0x70, 0x39, 0x80, 0xEE, 0x01, 0xF8,
    0x07, 0x66, 0x1D, 0x83, 0xF0, 0x6C, 0x00, 0x0F, 0xC3, 0xF8, 0xCF, 0x01, 0xCF, 0xF7, 0xFD, 0xE7,
    0x61, 0xDC, 0x77, 0xFC, 0xFF, 0x07, 0x80, 0x3F, 0x00, 0xCC, 0x00, 0x00, 0x07, 0x00, 0x1E, 0x00,
    0x78, 0x03, 0xF0, 0x0D, 0xC0, 0x73, 0x01, 0xCE, 0x06, 0x18, 0x38, 0x70, 0xFF, 0xC7, 0xFF, 0x1C,
    0x0E, 0x60, 0x3B, 0x80, 0x7E, 0x01, 0xC0, 0x1F, 0x07, 0xC3, 0xB8, 0x00, 0x00, 0x0F, 0xC3, 0xF8,
    0xCF, 0x01, 0xCF, 0xF7, 0xFD, 0xE7, 0x61, 0xDC, 0x77, 0xFC, 0xFF, 0x66, 0x0E, 0xE0, 0xEC, 0x0D,
    0x80, 0x01, 0xFF, 0xBF, 0xF7, 0x00, 0xE0, 0x1C, 0x03, 0x80, 0x7F, 0xCF, 0xF9, 0xC0, 0x38, 0x07,
    0x00, 0xE0, 0x1C, 0x03, 0xFF, 0xFF, 0xF0, 0x6C, 0x1B, 0x87, 0x70, 0xCC, 0x00, 0x0F, 0xC7, 0xFB,
    0xCF, 0xE1, 0xFF, 0xFF, 0xFF, 0x80, 0xE0, 0x3E, 0x67, 0xF8, 0xFE, 0x1E, 0x07, 0xE0, 0xEC, 0x00,
    0x0F, 0xFD, 0xFF, 0xB8, 0x07, 0x00, 0xE0, 0x1C, 0x03, 0xFE, 0x7F, 0xCE, 0x01, 0xC0, 0x38, 0x07,
    0x00, 0xE0, 0x1F, 0xFF, 0xFF, 0x80, 0x1E, 0x0F, 0xC3, 0x30, 0x00, 0x00, 0x0F, 0xC7, 0xFB, 0xCF,
    0xE1, 0xFF, 0xFF, 0xFF, 0x80, 0xE0, 0x3E, 0x67, 0xF8, 0xFE, 0xCC, 0xEE, 0x77, 0x32, 0x00, 0x1C,
    0x1C, 0x1C, 0x1C, 0x1C, 0x1C, 0x1C, 0x1C, 0x1C, 0x1C, 0x1C, 0x1C, 0x1C, 0x1C, 0x1C, 0xCC, 0xEE,
    0x76, 0x36, 0x00, 0x1C, 0x1C, 0x1C, 0x1C, 0x1C, 0x1C, 0x1C, 0x1C, 0x1C, 0x1C, 0x1C, 0x7B, 0xFC,
    0xC0, 0x71, 0xC7, 0x1C, 0x71, 0xC7, 0x1C, 0x71, 0xC7, 0x1C, 0x71, 0xC7, 0x00, 0x3C, 0xFD, 0xB8,
    0x00, 0x07, 0x0E, 0x1C, 0x38, 0x70, 0xE1, 0xC3, 0x87, 0x0E, 0x1C, 0x1B, 0x00, 0x3F, 0x00, 0x37,
    0x00, 0x66, 0x00, 0x00, 0x01, 0xFC, 0x0F, 0xFC, 0x3E, 0x7C, 0x70, 0x3D, 0xC0, 0x3B, 0x80, 0x77,
    0x00, 0xEE, 0x00, 0xDC, 0x03, 0xB8, 0x07, 0x70, 0x0E, 0x70, 0x3C, 0xF9, 0xF0, 0xFF, 0xC0, 0x7F,
    0x00, 0x6C, 0x0F, 0xC0, 0xDC, 0x19, 0x80, 0x00, 0x7E, 0x1F, 0xE7, 0xDE, 0xE1, 0xDC, 0x1F, 0x83,
    0xF0, 0x7E, 0x1D, 0xE7, 0x9F, 0xE1, 0xF8, 0x07, 0x80, 0x1F, 0x80, 0x3B, 0x00, 0x00, 0x00, 0xFE,
    0x07, 0xFE, 0x1F, 0x3E, 0x38, 0x1E, 0xE0, 0x1D, 0xC0, 0x3B, 0x80, 0x77, 0x00, 0x6E, 0x01, 0xDC,
    0x03, 0xB8, 0x07, 0x38, 0x1E, 0x7C, 0xF8, 0x7F, 0xE0, 0x3F, 0x80, 0x1E, 0x07, 0xE0, 0xEC, 0x00,
    0x00, 0x00, 0x7E, 0x1F, 0xE7, 0xDE, 0xE1, 0xDC, 0x1F, 0x83, 0xF0, 0x7E, 0x1D, 0xE7, 0x9F, 0xE1,
    0xF8, 0x6C, 0x07, 0xE0, 0x37, 0x03, 0x30, 0x00, 0x07, 0xF8, 0xFF, 0xCE, 0x3E, 0xE0, 0xEE, 0x0E,
    0xE0, 0xEE, 0x3E, 0xFF, 0xCF, 0xF8, 0xE3, 0x8E, 0x3C, 0xE1, 0xCE, 0x0E, 0xE0, 0xEE, 0x07, 0xCC,
    0xEE, 0x77, 0x32, 0x00, 0x3F, 0x7F, 0x71, 0x70, 0x70, 0x70, 0x70, 0x70, 0x70, 0x70, 0x70, 0x1E,
    0x03, 0xF0, 0x3B, 0x00, 0x00, 0x7F, 0x8F, 0xFC, 0xE3, 0xEE, 0x0E, 0xE0, 0xEE, 0x0E, 0xE3, 0xEF,
    0xFC, 0xFF, 0x8E, 0x38, 0xE3, 0xCE, 0x1C, 0xE0, 0xEE, 0x0E, 0xE0, 0x70, 0x3C, 0xFD, 0xB8, 0x00,
    0x0F, 0xFF, 0xF1, 0xE1, 0xC3, 0x87, 0x0E, 0x1C, 0x38, 0x70, 0x36, 0x03, 0xF0, 0x1B, 0x81, 0x98,
    0x00, 0x0E, 0x07, 0xE0, 0x7E, 0x07, 0xE0, 0x7E, 0x07, 0xE0, 0x7E, 0x07, 0xE0, 0x7E, 0x07, 0xE0,
    0x7E, 0x07, 0x70, 0x77, 0x9E, 0x3F, 0xE1, 0xFC, 0x6C, 0x1B, 0x87, 0x70, 0xCC, 0x00, 0x38, 0x7E,
    0x1F, 0x87, 0xE1, 0xF8, 0x7E, 0x1F, 0x87, 0xE1, 0xDC, 0x77, 0xFC, 0xFF, 0x0F, 0x01, 0xF8, 0x1D,
    0x80, 0x00, 0xE0, 0x7E, 0x07, 0xE0, 0x7E, 0x07, 0xE0, 0x7E, 0x07, 0xE0, 0x7E, 0x07, 0xE0, 0x7E,
    0x07, 0xE0, 0x77, 0x07, 0x79, 0xE3, 0xFE, 0x1F, 0xC0, 0x1E, 0x0F, 0xC3, 0x30, 0x00, 0x00, 0x38,
    0x7E, 0x1F, 0x87, 0xE1, 0xF8, 0x7E, 0x1F, 0x87, 0xE1, 0xDC, 0x77, 0xFC, 0xFF, 0x1F, 0xCF, 0xF9,
    0xE7, 0x38, 0x07, 0x00, 0xE0, 0x1F, 0x80, 0xFC, 0x07, 0xC0, 0x3C, 0x03, 0x80, 0x77, 0x3F, 0xFF,
    0x9F, 0xE0, 0x00, 0x0E, 0x03, 0xC0, 0x70, 0x00, 0x3F, 0x3F, 0x9C, 0xCE, 0x07, 0xC1, 0xF8, 0x3E,
    0x07, 0x47, 0xBF, 0xDF, 0xC0, 0x01, 0xC1, 0xE0, 0xE0, 0xFF, 0xFF, 0xFF, 0x06, 0x00, 0x60, 0x06,
    0x00, 0x60, 0x06, 0x00, 0x60, 0x06, 0x00, 0x60, 0x06, 0x00, 0x60, 0x06, 0x00, 0x60, 0x06, 0x00,
    0x00, 0x06, 0x01, 0xE0, 0x1E, 0x00, 0xE0, 0xE0, 0xE0, 0xFE, 0xFE, 0xE0, 0xE0, 0xE0, 0xE0, 0xE0,
    0xE0, 0xF2, 0x7E, 0x7E, 0x00, 0x38, 0x78, 0x70, 0xFF, 0x1F, 0xF1, 0x9E, 0x00, 0xE0, 0x1C, 0x03,
    0x80, 0xE0, 0x7C, 0x3F, 0x07, 0xF0, 0x3F, 0x00, 0xE0, 0x1C, 0x01, 0x80, 0x70, 0x0E, 0x0F, 0x9F,
    0xE3, 0xF8, 0x00, 0xFE, 0x7F, 0x33, 0xC0, 0xE0, 0x70, 0x70, 0xF0, 0x7E, 0x0F, 0x01, 0xC0, 0xE0,
    0xE3, 0xF7, 0xF3, 0xE0, 0x19, 0x80, 0xF8, 0x07, 0x00, 0x60, 0x00, 0x0E, 0x03, 0xE0, 0x3E, 0x03,
    0xE0, 0x3E, 0x03, 0xE0, 0x3F, 0xFF, 0xFF, 0xFE, 0x03, 0xE0, 0x3E, 0x03, 0xE0, 0x3E, 0x03, 0xE0,
    0x3E, 0x03, 0xD8, 0x3E, 0x07, 0x00, 0x00, 0xE0, 0x38, 0x0E, 0x03, 0x80, 0xE0, 0x3F, 0xCF, 0xFB,
    0xCF, 0xE1, 0xF8, 0x7E, 0x1F, 0x87, 0xE1, 0xF8, 0x7E, 0x1F, 0x87, 0x61, 0xC3, 0x87, 0x18, 0xE7,
    0x38, 0x38, 0x3C, 0x7E, 0xE6, 0x01, 0x7F, 0xDF, 0xC6, 0x7E, 0x7E, 0x7E, 0x42, 0x7E, 0x7E, 0x18,
    0x06, 0x60, 0x00, 0x66, 0x66, 0x01, 0xEF, 0xB3, 0xF9, 0xE3, 0x00, 0x3B, 0x3B, 0x99, 0x99, 0x80,
    0xC3, 0x66, 0x3C, 0x3C, 0x7B, 0xFC, 0xC0, 0x37, 0x6E, 0xEC, 0x76, 0x6C, 0x01, 0x8E, 0x37, 0xFD,
    0x80, 0x06, 0xCC, 0xFF, 0x70, 0x18, 0x03, 0x80, 0x38, 0x03, 0x00, 0x01, 0xFF, 0xBF, 0xF7, 0x00,
    0xE0, 0x1C, 0x03, 0x80, 0x7F, 0xCF, 0xF9, 0xC0, 0x38, 0x07, 0x00, 0xE0, 0x1C, 0x03, 0xFF, 0xFF,
    0xF0, 0x3B, 0x87, 0x70, 0x00, 0x7F, 0xEF, 0xFD, 0xC0, 0x38, 0x07, 0x00, 0xE0, 0x1F, 0xF3, 0xFE,
    0x70, 0x0E, 0x01, 0xC0, 0x38, 0x07, 0x00, 0xFF, 0xFF, 0xFC, 0xFF, 0xF1, 0xFF, 0xE0, 0x38, 0x00,
    0x70, 0x00, 0xE0, 0x01, 0xFF, 0x03, 0xFF, 0x07, 0x9F, 0x0E, 0x0E, 0x1C, 0x1C, 0x38, 0x38, 0x70,
    0x70, 0xE1, 0xE1, 0xCF, 0x83, 0x9E, 0x00, 0x07, 0x01, 0xC0, 0xE0, 0x30, 0x00, 0x3F, 0xFF, 0xFF,
    0x80, 0xE0, 0x38, 0x0E, 0x03, 0x80, 0xE0, 0x38, 0x0E, 0x03, 0x80, 0xE0, 0x38, 0x0E, 0x03, 0x80,
    0x0F, 0xE3, 0xFF, 0x7C, 0x67, 0x00, 0xE0, 0x0E, 0x00, 0xFF, 0x8F, 0xF8, 0xE0, 0x0E, 0x00, 0xE0,
    0x07, 0x00, 0x7C, 0x63, 0xFF, 0x1F, 0xE0, 0x1F, 0xCF, 0xF9, 0xE7, 0x38, 0x07, 0x00, 0xE0, 0x1F,
    0x80, 0xFC, 0x07, 0xC0, 0x3C, 0x03, 0x80, 0x77, 0x3F, 0xFF, 0x9F, 0xE0, 0xFF, 0xFF, 0xFF, 0xFF,
    0xFF, 0xF8, 0xEE, 0xEE, 0x00, 0x38, 0x38, 0x38, 0x38, 0x38, 0x38, 0x38, 0x38, 0x38, 0x38, 0x38,
    0x38, 0x38, 0x38, 0x38, 0x03, 0x81, 0xC0, 0xE0, 0x70, 0x38, 0x1C, 0x0E, 0x07, 0x03, 0x81, 0xC0,
    0xE0, 0x7E, 0x7F, 0xF9, 0xF8, 0x0F, 0xF8, 0x00, 0x3F, 0xE0, 0x00, 0xE1, 0x80, 0x03, 0x86, 0x00,
    0x0E, 0x18, 0x00, 0x38, 0x7F, 0x80, 0xE1, 0xFF, 0x03, 0x86, 0x3E, 0x0E, 0x18, 0x38, 0x30, 0x60,
    0x61, 0xC1, 0x81, 0x87, 0x06, 0x0E, 0x78, 0x18, 0xFB, 0xE0, 0x7F, 0xCE, 0x01, 0xFE, 0x00, 0x00,
    0x00, 0xE0, 0x70, 0x0E, 0x07, 0x00, 0xE0, 0x70, 0x0E, 0x07, 0x00, 0xE0, 0x70, 0x0F, 0xFF, 0xFC,
    0xFF, 0xFF, 0xEE, 0x07, 0x1F, 0xE0, 0x70, 0x7E, 0x07, 0x07, 0xE0, 0x70, 0x7E, 0x07, 0x07, 0xE0,
    0x71, 0xFE, 0x07, 0xFE, 0xE0, 0x7F, 0x80, 0xFF, 0xF1, 0xFF, 0xE0, 0x38, 0x00, 0x70, 0x00, 0xE0,
    0x01, 0xFF, 0x03, 0xFF, 0x07, 0x9E, 0x0E, 0x0E, 0x1C, 0x1C, 0x38, 0x38, 0x70, 0x70, 0xE0, 0xE1,
    0xC1, 0xC3, 0x83, 0x80, 0x03, 0x00, 0x38, 0x03, 0x80, 0x18, 0x00, 0x00, 0x70, 0x7B, 0x83, 0x9C,
    0x38, 0xE3, 0x87, 0x38, 0x3B, 0x81, 0xF8, 0x0F, 0xC0, 0x7F, 0x03, 0xBC, 0x1C, 0xF0, 0xE3, 0xC7,
    0x0F, 0x38, 0x3D, 0xC0, 0xE0, 0x0C, 0x00, 0x70, 0x01, 0xC0, 0x06, 0x00, 0x00, 0x70, 0x1F, 0x81,
    0xFC, 0x0F, 0xE0, 0xFF, 0x0F, 0xF8, 0xEF, 0xC7, 0x7E, 0x73, 0xF7, 0x1F, 0xF8, 0xFF, 0x87, 0xF8,
    0x3F, 0xC1, 0xFC, 0x0F, 0xC0, 0x70, 0x1D, 0xC0, 0xFC, 0x03, 0xE0, 0x00, 0x0E, 0x07, 0x38, 0x39,
    0xC1, 0xCE, 0x0C, 0x38, 0xE1, 0xC7, 0x07, 0x30, 0x3F, 0x80, 0xFC, 0x03, 0xC0, 0x1E, 0x00, 0xE0,
    0x4F, 0x03, 0xF0, 0x1F, 0x00, 0xE0, 0x7E, 0x07, 0xE0, 0x7E, 0x07, 0xE0, 0x7E, 0x07, 0xE0, 0x7E,
    0x07, 0xE0, 0x7E, 0x07, 0xE0, 0x7E, 0x07, 0xE0, 0x7F, 0xFF, 0xFF, 0xF0, 0x70, 0x07, 0x00, 0x70,
    0x07, 0x00, 0x07, 0x00, 0x1E, 0x00, 0x78, 0x03, 0xF0, 0x0D, 0xC0, 0x73, 0x01, 0xCE, 0x06, 0x18,
    0x38, 0x70, 0xFF, 0xC7, 0xFF, 0x1C, 0x0E, 0x60, 0x3B, 0x80, 0x7E, 0x01, 0xC0, 0xFF, 0xCF, 0xFC,
    0xE0, 0x0E, 0x00, 0xE0, 0x0F, 0xF8, 0xFF, 0xCE, 0x3E, 0xE0, 0xEE, 0x06, 0xE0, 0x6E, 0x0E, 0xE3,
    0xEF, 0xFC, 0xFF, 0x80, 0x7F, 0x8F, 0xFC, 0xE3, 0xEE, 0x0E, 0xE0, 0xEE, 0x3E, 0xFF, 0xCF, 0xFE,
    0xE1, 0xEE, 0x07, 0xE0, 0x7E, 0x07, 0xE1, 0xEF, 0xFE, 0x7F, 0x80, 0xFF, 0xFF, 0xFE, 0x03, 0x80,
    0xE0, 0x38, 0x0E, 0x03, 0x80, 0xE0, 0x38, 0x0E, 0x03, 0x80, 0xE0, 0x38, 0x0E, 0x00, 0x0F, 0xF8,
    0x1F, 0xF0, 0x38, 0x60, 0x70, 0xC0, 0xE1, 0x81, 0xC3, 0x03, 0x86, 0x07, 0x0C, 0x0C, 0x18, 0x38,
    0x30, 0x70, 0x60, 0xE0, 0xC3, 0x81, 0x9F, 0xFF, 0xFF, 0xFF, 0xF0, 0x07, 0xE0, 0x0F, 0xC0, 0x1F,
    0x80, 0x38, 0xFF, 0xDF, 0xFB, 0x80, 0x70, 0x0E, 0x01, 0xC0, 0x3F, 0xE7, 0xFC, 0xE0, 0x1C, 0x03,
    0x80, 0x70, 0x0E, 0x01, 0xFF, 0xFF, 0xF8, 0x70, 0xE1, 0xCF, 0x1C, 0x78, 0xE3, 0x8E, 0x0E, 0x73,
    0x80, 0xEE, 0xE0, 0x1F, 0xF8, 0x01, 0xFF, 0x00, 0x1F, 0xC0, 0x07, 0xFC, 0x01, 0xDD, 0xC0, 0x73,
    0xBC, 0x1E, 0x73, 0xC3, 0x8E, 0x38, 0xE1, 0xC3, 0xBC, 0x38, 0x78, 0x7F, 0x8F, 0xF9, 0xCF, 0x00,
    0x70, 0x0C, 0x07, 0x87, 0xE0, 0xFE, 0x03, 0xE0, 0x1C, 0x03, 0x80, 0x77, 0x3F, 0xFF, 0x9F, 0xE0,
    0xE0, 0x3F, 0x03, 0xF8, 0x1F, 0xC1, 0xFE, 0x1F, 0xF1, 0xDF, 0x8E, 0xFC, 0xE7, 0xEE, 0x3F, 0xF1,
    0xFF, 0x0F, 0xF0, 0x7F, 0x83, 0xF8, 0x1F, 0x80, 0xE0, 0x1D, 0xC0, 0x7E, 0x03, 0xE0, 0x00, 0x0E,
    0x03, 0xF0, 0x3F, 0x81, 0xFC, 0x1F, 0xE1, 0xFF, 0x1D, 0xF8, 0xEF, 0xCE, 0x7E, 0xE3, 0xFF, 0x1F,
    0xF0, 0xFF, 0x07, 0xF8, 0x3F, 0x81, 0xF8, 0x0E, 0xE0, 0xF7, 0x07, 0x38, 0x71, 0xC7, 0x0E, 0x70,
    0x77, 0x03, 0xF0, 0x1F, 0x80, 0xFE, 0x07, 0x78, 0x39, 0xE1, 0xC7, 0x8E, 0x1E, 0x70, 0x7B, 0x81,
    0xC0, 0x0F, 0xF8, 0x3F, 0xE0, 0xE1, 0x83, 0x86, 0x0E, 0x18, 0x38, 0x60, 0xE1, 0x83, 0x86, 0x0E,
    0x18, 0x30, 0x61, 0xC1, 0x87, 0x06, 0x78, 0x1B, 0xE0, 0x6E, 0x01, 0x80, 0x70, 0x0E, 0x70, 0x0E,
    0x78, 0x1E, 0x78, 0x1F, 0x6C, 0x3F, 0x6C, 0x37, 0x66, 0x37, 0xE6, 0x67, 0xE7, 0x67, 0xE3, 0xE7,
    0xE3, 0xC7, 0xE3, 0xC7, 0xE1, 0xC7, 0xE0, 0x07, 0xE0, 0x03, 0xE0, 0x3E, 0x03, 0xE0, 0x3E, 0x03,
    0xE0, 0x3E, 0x03, 0xFF, 0xFF, 0xFF, 0xE0, 0x3E, 0x03, 0xE0, 0x3E, 0x03, 0xE0, 0x3E, 0x03, 0xE0,
    0x30, 0x0F, 0xE0, 0x7F, 0xE1, 0xF3, 0xE3, 0x81, 0xEE, 0x01, 0xDC, 0x03, 0xB8, 0x07, 0x70, 0x06,
    0xE0, 0x1D, 0xC0, 0x3B, 0x80, 0x73, 0x81, 0xE7, 0xCF, 0x87, 0xFE, 0x03, 0xF8, 0x00, 0xFF, 0xFF,
    0xFF, 0xE0, 0x7E, 0x07, 0xE0, 0x7E, 0x07, 0xE0, 0x7E, 0x07, 0xE0, 0x7E, 0x07, 0xE0, 0x7E, 0x07,
    0xE0, 0x7E, 0x07, 0xE0, 0x70, 0x7F, 0x8F, 0xFC, 0xE3, 0xEE, 0x0E, 0xE0, 0xEE, 0x0E, 0xE3, 0xEF,
    0xFC, 0xFF, 0x8E, 0x00, 0xE0, 0x0E, 0x00, 0xE0, 0x0E, 0x00, 0xE0, 0x00, 0x0F, 0xE3, 0xFF, 0x7C,
    0x67, 0x00, 0xE0, 0x0E, 0x00, 0xE0, 0x0E, 0x00, 0xE0, 0x0E, 0x00, 0xE0, 0x07, 0x00, 0x7C, 0x63,
    0xFF, 0x0F, 0xE0, 0xFF, 0xFF, 0xFF, 0x06, 0x00, 0x60, 0x06, 0x00, 0x60, 0x06, 0x00, 0x60, 0x06,
    0x00, 0x60, 0x06, 0x00, 0x60, 0x06, 0x00, 0x60, 0x06, 0x00, 0xE0, 0x73, 0x83, 0x9C, 0x1C, 0xE0,
    0xC3, 0x8E, 0x1C, 0x70, 0x73, 0x03, 0xF8, 0x0F, 0xC0, 0x3C, 0x01, 0xE0, 0x0E, 0x04, 0xF0, 0x3F,
    0x01, 0xF0, 0x00, 0x01, 0x80, 0x01, 0x80, 0x1F, 0xF8, 0x3F, 0xFC, 0x7D, 0xBE, 0xF1, 0x8F, 0xE1,
    0x87, 0xE1, 0x87, 0xE1, 0x87, 0xE1, 0x87, 0xF1, 0x8F, 0x7D, 0xBE, 0x3F, 0xFC, 0x1F, 0xF8, 0x01,
    0x80, 0x01, 0x80, 0x70, 0x7B, 0x83, 0x8E, 0x38, 0x3B, 0xC1, 0xDC, 0x07, 0xC0, 0x1E, 0x00, 0xE0,
    0x0F, 0x80, 0x7E, 0x07, 0x70, 0x71, 0xC3, 0x87, 0x38, 0x3B, 0x80, 0xE0, 0xE0, 0x73, 0x81, 0xCE,
    0x07, 0x38, 0x1C, 0xE0, 0x73, 0x81, 0xCE, 0x07, 0x38, 0x1C, 0xE0, 0x73, 0x81, 0xCE, 0x07, 0x38,
    0x1C, 0xE0, 0x73, 0xFF, 0xFF, 0xFF, 0xC0, 0x07, 0x00, 0x1C, 0x00, 0x70, 0x01, 0xC0, 0xE0, 0xFC,
    0x1F, 0x83, 0xF0, 0x7E, 0x0F, 0xC1, 0xF8, 0x3F, 0x8F, 0x7F, 0xE7, 0xFC, 0x03, 0x80, 0x70, 0x0E,
    0x01, 0xC0, 0x38, 0xE0, 0xE1, 0xF8, 0x38, 0x7E, 0x0E, 0x1F, 0x83, 0x87, 0xE0, 0xE1, 0xF8, 0x38,
    0x7E, 0x0E, 0x1F, 0x83, 0x87, 0xE0, 0xE1, 0xF8, 0x38, 0x7E, 0x0E, 0x1F, 0x83, 0x87, 0xE0, 0xE1,
    0xFF, 0xFF, 0xFF, 0xFF, 0xFC, 0xE0, 0xE1, 0xCE, 0x0E, 0x1C, 0xE0, 0xE1, 0xCE, 0x0E, 0x1C, 0xE0,
    0xE1, 0xCE, 0x0E, 0x1C, 0xE0, 0xE1, 0xCE, 0x0E, 0x1C, 0xE0, 0xE1, 0xCE, 0x0E, 0x1C, 0xE0, 0xE1,
    0xCE, 0x0E, 0x1C, 0xE0, 0xE1, 0xCF, 0xFF, 0xFF, 0xFF, 0xFF, 0xF0, 0x00, 0x07, 0x00, 0x00, 0x70,
    0x00, 0x07, 0x00, 0x00, 0x70, 0xFE, 0x01, 0xFC, 0x00, 0x38, 0x00, 0x70, 0x00, 0xE0, 0x01, 0xFE,
    0x03, 0xFF, 0x07, 0x3E, 0x0E, 0x1E, 0x1C, 0x1C, 0x38, 0x38, 0x70, 0xF0, 0xE3, 0xC1, 0xFF, 0x83,
    0xFC, 0x00, 0xE0, 0x07, 0xE0, 0x07, 0xE0, 0x07, 0xE0, 0x07, 0xE0, 0x07, 0xFF, 0x87, 0xFF, 0xC7,
    0xE3, 0xE7, 0xE0, 0xE7, 0xE0, 0xE7, 0xE0, 0xE7, 0xE0, 0xE7, 0xE3, 0xE7, 0xFF, 0xC7, 0x7F, 0x87,
    0xE0, 0x0E, 0x00, 0xE0, 0x0E, 0x00, 0xE0, 0x0F, 0xF8, 0xFF, 0xCE, 0x3E, 0xE0, 0xEE, 0x06, 0xE0,
    0x6E, 0x0E, 0xE3, 0xEF, 0xFC, 0x7F, 0x80, 0x7F, 0x0F, 0xFC, 0x63, 0xE0, 0x0E, 0x00, 0x70, 0x07,
    0x1F, 0xF1, 0xFF, 0x00, 0x70, 0x07, 0x00, 0x70, 0x0E, 0x63, 0xEF, 0xFC, 0x7F, 0x00, 0xE0, 0x7F,
    0x0E, 0x0F, 0xF8, 0xE1, 0xF3, 0xCE, 0x3C, 0x0E, 0xE3, 0x80, 0xEE, 0x38, 0x07, 0xFF, 0x80, 0x7F,
    0xF8, 0x07, 0xE3, 0x80, 0x7E, 0x38, 0x07, 0xE3, 0x80, 0xEE, 0x1C, 0x0E, 0xE1, 0xF3, 0xCE, 0x0F,
    0xFC, 0xE0, 0x7F, 0x00, 0x1F, 0xF3, 0xFF, 0x7C, 0x77, 0x07, 0x70, 0x77, 0x07, 0x7C, 0x73, 0xFF,
    0x1F, 0xF1, 0xC7, 0x1C, 0x73, 0x87, 0x38, 0x77, 0x07, 0x70, 0x70, 0x3F, 0x0F, 0xE3, 0x3C, 0x07,
    0x3F, 0xDF, 0xF7, 0x9D, 0x87, 0x71, 0xDF, 0xF3, 0xFC, 0x07, 0xC3, 0xF8, 0xFE, 0x38, 0x06, 0x01,
    0xFF, 0x3F, 0xF7, 0x9E, 0xE0, 0xFC, 0x1F, 0x83, 0xF0, 0x7E, 0x1C, 0xF7, 0x9F, 0xE1, 0xF8, 0xFF,
    0x3F, 0xEE, 0x3B, 0x8E, 0xFF, 0xBF, 0xEE, 0x3F, 0x87, 0xE3, 0xFF, 0xEF, 0xF0, 0xFF, 0xFF, 0xE0,
    0xE0, 0xE0, 0xE0, 0xE0, 0xE0, 0xE0, 0xE0, 0xE0, 0x1F, 0xE0, 0xFF, 0x07, 0x38, 0x39, 0xC1, 0xCE,
    0x0C, 0x70, 0xE3, 0x87, 0x1C, 0x70, 0xE7, 0xFF, 0xFF, 0xFF, 0xC0, 0x7E, 0x03, 0xF0, 0x1C, 0x3F,
    0x1F, 0xEF, 0x3F, 0x87, 0xFF, 0xFF, 0xFE, 0x03, 0x80, 0xF9, 0x9F, 0xE3, 0xF8, 0x71, 0x8E, 0x39,
    0x9C, 0x39, 0x9C, 0x1D, 0xB8, 0x0F, 0xF0, 0x07, 0xE0, 0x0F, 0xF0, 0x1D, 0xB8, 0x39, 0x9C, 0x71,
    0x8E, 0xE1, 0x87, 0x7F, 0x1F, 0xE6, 0x38, 0x0E, 0x3F, 0x0F, 0xE0, 0x38, 0x07, 0x63, 0xDF, 0xE7,
    0xF0, 0xE1, 0xF8, 0xFE, 0x3F, 0x9F, 0xEE, 0xFB, 0x3F, 0xCF, 0xE3, 0xF0, 0xFC, 0x3E, 0x0C, 0x3B,
    0x8F, 0xC1, 0xF0, 0x00, 0x00, 0x38, 0x7E, 0x3F, 0x8F, 0xE7, 0xFB, 0xBE, 0xCF, 0xF3, 0xF8, 0xFC,
    0x3F, 0x0F, 0x83, 0xE3, 0xF9, 0xEE, 0x73, 0xB8, 0xFC, 0x3E, 0x0F, 0xE3, 0xBC, 0xE7, 0xB8, 0xEE,
    0x1C, 0x1F, 0xE3, 0xFC, 0x71, 0x8E, 0x31, 0xC6, 0x38, 0xC6, 0x19, 0xC3, 0x78, 0x7E, 0x0F, 0x81,
    0x80, 0x70, 0x3B, 0x83, 0xDE, 0x1E, 0xF1, 0xFF, 0xCF, 0xF6, 0xFF, 0xB6, 0xFC, 0xF3, 0xE7, 0x1F,
    0x38, 0xF8, 0x06, 0xE1, 0xF8, 0x7E, 0x1F, 0x87, 0xFF, 0xFF, 0xFE, 0x1F, 0x87, 0xE1, 0xF8, 0x7E,
    0x1C, 0x3F, 0x0F, 0xF3, 0xEF, 0x70, 0xEE, 0x0F, 0xC1, 0xF8, 0x3F, 0x0E, 0xF3, 0xCF, 0xF0, 0xFC,
    0x00, 0xFF, 0xFF, 0xFE, 0x1F, 0x87, 0xE1, 0xF8, 0x7E, 0x1F, 0x87, 0xE1, 0xF8, 0x7E, 0x1C, 0xFF,
    0x1F, 0xF3, 0x8F, 0x70, 0xEE, 0x0F, 0xC1, 0xF8, 0x3F, 0x0E, 0xF3, 0xDF, 0xF3, 0xFC, 0x70, 0x0E,
    0x01, 0xC0, 0x38, 0x00, 0x3F, 0x3F, 0xBE, 0x5C, 0x0E, 0x07, 0x03, 0x81, 0xC0, 0xF9, 0x3F, 0xCF,
    0xE0, 0xFF, 0xFF, 0xF0, 0xC0, 0x30, 0x0C, 0x03, 0x00, 0xC0, 0x30, 0x0C, 0x03, 0x00, 0xC0, 0xE0,
    0xDC, 0x39, 0xC7, 0x38, 0xC7, 0x18, 0x77, 0x0E, 0xE0, 0xD8, 0x1F, 0x01, 0xC0, 0x38, 0x07, 0x01,
    0xC1, 0xF8, 0x3E, 0x00, 0x03, 0x00, 0x06, 0x00, 0x0C, 0x00, 0x18, 0x00, 0x30, 0x03, 0xFC, 0x1F,
    0xFE, 0x3D, 0xBE, 0xE3, 0x1D, 0xC6, 0x1B, 0x0C, 0x37, 0x18, 0x6E, 0x31, 0xCF, 0x6F, 0x9F, 0xFE,
    0x0F, 0xF0, 0x03, 0x00, 0x06, 0x00, 0x0C, 0x00, 0x18, 0x00, 0xE1, 0xCE, 0x70, 0xEE, 0x0F, 0x81,
    0xE0, 0x1C, 0x07, 0xC1, 0xF8, 0x73, 0x8E, 0x3B, 0x83, 0x00, 0xE1, 0xDC, 0x3B, 0x87, 0x70, 0xEE,
    0x1D, 0xC3, 0xB8, 0x77, 0x0E, 0xE1, 0xDF, 0xFF, 0xFF, 0x80, 0x30, 0x06, 0x00, 0xC0, 0x61, 0xD8,
    0x76, 0x1D, 0x87, 0x71, 0xDF, 0xF3, 0xFC, 0x07, 0x01, 0xC0, 0x70, 0x1C, 0xE3, 0x8F, 0xC7, 0x1F,
    0x8E, 0x3F, 0x1C, 0x7E, 0x38, 0xFC, 0x71, 0xF8, 0xE3, 0xF1, 0xC7, 0xE3, 0x8F, 0xFF, 0xFF, 0xFF,
    0xF8, 0xE3, 0x8E, 0x71, 0xC7, 0x38, 0xE3, 0x9C, 0x71, 0xCE, 0x38, 0xE7, 0x1C, 0x73, 0x8E, 0x39,
    0xC7, 0x1C, 0xE3, 0x8E, 0x7F, 0xFF, 0xBF, 0xFF, 0xC0, 0x00, 0x60, 0x00, 0x30, 0x00, 0x18, 0xF8,
    0x0F, 0x80, 0x18, 0x01, 0xFE, 0x1F, 0xF1, 0xCF, 0x18, 0x71, 0x87, 0x1C, 0xF1, 0xFF, 0x1F, 0xE0,
    0xE0, 0x1F, 0x80, 0x7E, 0x01, 0xF8, 0x07, 0xFF, 0x1F, 0xFE, 0x7E, 0x39, 0xF8, 0x77, 0xE3, 0x9F,
    0xFE, 0x7F, 0xF1, 0xC0, 0xE0, 0x38, 0x0E, 0x03, 0xFC, 0xFF, 0xB8, 0xFE, 0x1F, 0x87, 0xE3, 0xFF,
    0xEF, 0xF0, 0x7E, 0x1F, 0xC6, 0x78, 0x06, 0x1F, 0xC7, 0xF0, 0x1C, 0x0E, 0x47, 0xBF, 0xCF, 0xE0,
    0xE1, 0xF9, 0xC7, 0xFB, 0x9E, 0x7F, 0x38, 0x7F, 0xE0, 0xFF, 0xC0, 0xF9, 0x83, 0xF3, 0x87, 0xE7,
    0x9F, 0xC7, 0xFB, 0x87, 0xE0, 0x1F, 0xCF, 0xF7, 0x9D, 0xC3, 0x78, 0xDF, 0xF3, 0xFC, 0xE3, 0x30,
    0xDC, 0x36, 0x0C, 0x18, 0x0F, 0x01, 0xC0, 0x30, 0x00, 0x0F, 0xC7, 0xFB, 0xCF, 0xE1, 0xFF, 0xFF,
    0xFF, 0x80, 0xE0, 0x3E, 0x67, 0xF8, 0xFE, 0x33, 0x0C, 0xC0, 0x00, 0x00, 0x3F, 0x1F, 0xEF, 0x3F,
    0x87, 0xFF, 0xFF, 0xFE, 0x03, 0x80, 0xF9, 0x9F, 0xE3, 0xF8, 0x70, 0x1F, 0xE3, 0xFC, 0x38, 0x07,
    0x00, 0xFF, 0x1F, 0xF3, 0xCE, 0x70, 0xEE, 0x1D, 0xC3, 0xB8, 0x77, 0x0E, 0xE1, 0xDC, 0x3B, 0x87,
    0x00, 0xE0, 0x1C, 0x0F, 0x01, 0xE0, 0x06, 0x0E, 0x1C, 0x18, 0x00, 0xFF, 0xFF, 0xE0, 0xE0, 0xE0,
    0xE0, 0xE0, 0xE0, 0xE0, 0xE0, 0xE0, 0x3F, 0xBF, 0xFC, 0x5C, 0x0F, 0xE7, 0xF3, 0x81, 0xC0, 0xF9,
    0xBF, 0xCF, 0xE0, 0x3F, 0x3F, 0x9C, 0xCE, 0x07, 0xC1, 0xF8, 0x3E, 0x07, 0x47, 0xBF, 0xDF, 0xC0,
    0xFC, 0x01, 0xFF, 0xFF, 0xFF, 0xFF, 0xEF, 0xDC, 0x00, 0x03, 0x87, 0x0E, 0x1C, 0x38, 0x70, 0xE1,
    0xC3, 0x87, 0x0E, 0x00, 0x1C, 0x70, 0x00, 0x00, 0x71, 0xC7, 0x1C, 0x71, 0xC7, 0x1C, 0x71, 0xC7,
    0x1C, 0xFF, 0xBE, 0x1F, 0xE0, 0x07, 0xF8, 0x01, 0xC6, 0x00, 0x71, 0x80, 0x1C, 0x7F, 0x07, 0x1F,
    0xE1, 0x86, 0x3C, 0xE1, 0x87, 0xF8, 0x63, 0xFC, 0x1F, 0xEE, 0x07, 0xF0, 0xE1, 0xC0, 0x70, 0xE0,
    0x38, 0x70, 0x1C, 0x38, 0x0F, 0xFF, 0xE7, 0xFF, 0xFB, 0x87, 0x1D, 0xC3, 0x87, 0xE1, 0xC7, 0x70,
    0xFF, 0xB8, 0x7F, 0x80, 0x70, 0x1F, 0xE3, 0xFC, 0x38, 0x07, 0x00, 0xFF, 0x1F, 0xF3, 0xCF, 0x70,
    0xEE, 0x1D, 0xC3, 0xB8, 0x77, 0x0E, 0xE1, 0xDC, 0x3B, 0x87, 0x06, 0x03, 0xC0, 0xE0, 0x30, 0x00,
    0x38, 0xFE, 0x7B, 0x9C, 0xEE, 0x3F, 0x0F, 0x83, 0xF8, 0xEF, 0x39, 0xEE, 0x3B, 0x87, 0x18, 0x07,
    0x00, 0xE0, 0x18, 0x00, 0x38, 0x7E, 0x3F, 0x8F, 0xE7, 0xFB, 0xBE, 0xCF, 0xF3, 0xF8, 0xFC, 0x3F,
    0x0F, 0x83, 0x3B, 0x87, 0xF0, 0x7C, 0x00, 0x00, 0x01, 0xC1, 0xB8, 0x73, 0x8E, 0x71, 0x8E, 0x30,
    0xEE, 0x1D, 0xC1, 0xB0, 0x3E, 0x03, 0x80, 0x70, 0x0E, 0x03, 0x83, 0xF0, 0x7C, 0x00, 0xE1, 0xF8,
    0x7E, 0x1F, 0x87, 0xE1, 0xF8, 0x7E, 0x1F, 0x87, 0xE1, 0xFF, 0xFF, 0xFC, 0x30, 0x0C, 0x03, 0x00,
    0x0E, 0x00, 0x1C, 0x03, 0xFF, 0x87, 0xFF, 0x00, 0xE0, 0x01, 0xC0, 0x03, 0xFC, 0x07, 0xFE, 0x0E,
    0x7C, 0x1C, 0x1C, 0x38, 0x38, 0x70, 0x70, 0xE1, 0xE1, 0xC7, 0x83, 0xFF, 0x07, 0xF8, 0x18, 0x01,
    0x80, 0x18, 0x01, 0x80, 0x18, 0x0F, 0xF8, 0xFF, 0x81, 0x80, 0x1F, 0xE1, 0xFF, 0x1C, 0xF1, 0x87,
    0x18, 0x71, 0xCF, 0x1F, 0xF1, 0xFE, 0x0F, 0xE0, 0x7F, 0xE1, 0xF3, 0xE3, 0x81, 0xEE, 0x01, 0xDF,
    0xC3, 0xBF, 0xE7, 0x79, 0xFE, 0xE1, 0xFD, 0xC0, 0x3B, 0x80, 0x73, 0x81, 0xE7, 0xCF, 0x87, 0xFE,
    0x03, 0xF8, 0x00, 0x3F, 0x0F, 0xF3, 0xCF, 0x7C, 0xEF, 0xFF, 0xDF, 0xF9, 0xFF, 0x06, 0xFB, 0xCF,
    0xF0, 0xFC, 0x00, 0xE0, 0x0F, 0x70, 0x0F, 0x9C, 0x0F, 0xCE, 0x07, 0x07, 0x03, 0x01, 0xC3, 0x80,
    0xE1, 0xC0, 0x71, 0xC0, 0x1C, 0xE0, 0x0E, 0x60, 0x03, 0xF0, 0x01, 0xF8, 0x00, 0xF8, 0x00, 0x3C,
    0x00, 0x1C, 0x00, 0xE0, 0xFE, 0x0F, 0x71, 0xC7, 0x18, 0x73, 0x83, 0xB8, 0x3B, 0x01, 0xF0, 0x1F,
    0x01, 0xE0, 0x0E, 0x00, 0x1D, 0xC0, 0x1F, 0x80, 0x3E, 0x00, 0x00, 0x0E, 0x03, 0x9C, 0x0F, 0x38,
    0x1E, 0x70, 0x7C, 0xE1, 0xF9, 0xC7, 0x73, 0x8E, 0xE7, 0x39, 0xCE, 0xE3, 0x9F, 0xC7, 0x3F, 0x0E,
    0x7C, 0x1C, 0xF8, 0x39, 0xE0, 0x7F, 0x80, 0xF8, 0x00, 0x60, 0x01, 0xC0, 0x03, 0x00, 0x0E, 0x00,
    0x3B, 0x83, 0xF0, 0x1F, 0x00, 0x00, 0x00, 0x0E, 0x1C, 0xE3, 0xCE, 0x3C, 0xE7, 0xCE, 0xEC, 0xEC,
    0xCF, 0xCC, 0xF8, 0xCF, 0x0C, 0xF0, 0xCE, 0x0F, 0x00, 0x70, 0x07, 0x00, 0xE0, 0x0C, 0x30, 0x01,
    0x80, 0x3F, 0x81, 0xFC, 0x03, 0x00, 0x18, 0x00, 0xFF, 0x07, 0xFE, 0x39, 0xF1, 0x83, 0xCC, 0x0E,
    0x60, 0x73, 0x07, 0x9C, 0xF8, 0xFF, 0xC7, 0xF8, 0xFE, 0x1F, 0xC1, 0xC0, 0x38, 0x07, 0xF8, 0xFF,
    0x9C, 0x7B, 0x87, 0x71, 0xEF, 0xF8, 0xFE, 0x00, 0x7F, 0x8F, 0xFC, 0xE3, 0xEE, 0x0E, 0xE0, 0xEE,
    0x6E, 0xE7, 0xEF, 0xFC, 0xFF, 0x8E, 0x18, 0xE1, 0xCE, 0x0C, 0xE0, 0x0E, 0x00, 0xE0, 0x00, 0xFF,
    0x1F, 0xF3, 0x8F, 0x70, 0xEE, 0x0F, 0xC1, 0xF9, 0xBF, 0x3E, 0xF7, 0xDF, 0xF3, 0xFE, 0x70, 0xCE,
    0x19, 0xC0, 0x38, 0x00, 0x01, 0xC0, 0x70, 0x1F, 0xFF, 0xFF, 0xF8, 0x0E, 0x03, 0x80, 0xE0, 0x38,
    0x0E, 0x03, 0x80, 0xE0, 0x38, 0x0E, 0x03, 0x80, 0xE0, 0x38, 0x00, 0x03, 0x03, 0x03, 0xFF, 0xFF,
    0xE0, 0xE0, 0xE0, 0xE0, 0xE0, 0xE0, 0xE0, 0xE0, 0xE0, 0x3F, 0xE7, 0xFC, 0xC0, 0x18, 0x03, 0x00,
    0x60, 0x3F, 0xC7, 0xF8, 0x30, 0x06, 0x00, 0xC0, 0x18, 0x03, 0x00, 0x60, 0x0C, 0x00, 0x7F, 0xBF,
    0xDC, 0x0E, 0x07, 0x07, 0xF3, 0xF8, 0xE0, 0x70, 0x38, 0x1C, 0x00, 0xFF, 0xCF, 0xFC, 0xE0, 0x0E,
    0x00, 0xE0, 0x0E, 0x00, 0xFF, 0x8F, 0xFC, 0xF3, 0xEE, 0x0E, 0xE0, 0x6E, 0x07, 0xE0, 0x7E, 0x07,
    0xE0, 0xE0, 0x0E, 0x03, 0xE0, 0xFC, 0x0F, 0x80, 0xFF, 0x3F, 0xCE, 0x03, 0x80, 0xFF, 0x3F, 0xEE,
    0x3F, 0x87, 0xE1, 0xF8, 0x7E, 0x1C, 0x07, 0x03, 0x83, 0xE0, 0xF0, 0x70, 0xE1, 0xC7, 0x8E, 0x3C,
    0x38, 0xE7, 0x81, 0xCE, 0x70, 0x0E, 0xEE, 0x00, 0x7F, 0xC0, 0x07, 0xFC, 0x00, 0x3F, 0x80, 0x07,
    0xFC, 0x00, 0xEE, 0xE0, 0x1C, 0xEF, 0x03, 0xCE, 0x78, 0x38, 0xE3, 0xC7, 0x0E, 0x1F, 0xF0, 0xE1,
    0xF0, 0x00, 0x07, 0x00, 0x00, 0x70, 0x00, 0x07, 0x00, 0x00, 0x70, 0x71, 0x8E, 0x1C, 0xCE, 0x0E,
    0x67, 0x03, 0xB7, 0x00, 0xFF, 0x00, 0x3F, 0x80, 0x3F, 0xE0, 0x3B, 0xF8, 0x39, 0x9E, 0x38, 0xC7,
    0xF8, 0x61, 0xE0, 0x00, 0x70, 0x00, 0x38, 0x00, 0x1C, 0x7F, 0x8F, 0xF9, 0xCF, 0x00, 0x70, 0x0C,
    0x07, 0x87, 0xE0, 0xFE, 0x03, 0xE0, 0x1C, 0x03, 0x80, 0x77, 0x3F, 0xFF, 0x9F, 0xE0, 0x70, 0x07,
    0x03, 0xC0, 0x7F, 0x1F, 0xE6, 0x38, 0x0E, 0x3F, 0x0F, 0xE0, 0x38, 0x07, 0x63, 0x9F, 0xE7, 0xF0,
    0x30, 0x0E, 0x0F, 0x80, 0xE0, 0xF7, 0x0F, 0x38, 0x71, 0xC7, 0x0E, 0x70, 0x77, 0x03, 0xF0, 0x1F,
    0x80, 0xFE, 0x07, 0x78, 0x39, 0xE1, 0xC7, 0x8E, 0x1E, 0x70, 0x7F, 0x81, 0xE0, 0x07, 0x00, 0x38,
    0x01, 0xC0, 0x0E, 0xE3, 0xDC, 0xF3, 0x9C, 0x77, 0x0F, 0xC1, 0xF0, 0x3F, 0x87, 0x78, 0xE7, 0x9C,
    0x7F, 0x87, 0x80, 0x70, 0x0E, 0x01, 0xC0, 0x00, 0xE0, 0x3B, 0x81, 0xCE, 0x0F, 0x38, 0x38, 0xED,
    0xC3, 0xBE, 0x0E, 0xF8, 0x3F, 0xC0, 0xFF, 0x83, 0xBF, 0x0E, 0xDE, 0x3B, 0x38, 0xE0, 0x73, 0x80,
    0xEE, 0x03, 0x80, 0xE0, 0xEE, 0x1C, 0xE1, 0xCE, 0xF8, 0xEF, 0x0F, 0xE0, 0xEF, 0x0E, 0xF8, 0xE1,
    0xCE, 0x0E, 0xE0, 0x70, 0x30, 0x38, 0xC1, 0xCF, 0xEE, 0x3F, 0xF0, 0x33, 0x80, 0xDC, 0x03, 0xF0,
    0x0F, 0x80, 0x3F, 0x00, 0xCE, 0x03, 0x1C, 0x0C, 0x38, 0x30, 0x70, 0xC1, 0xE3, 0x03, 0x80, 0x70,
    0xEF, 0xDC, 0x73, 0x87, 0x70, 0x7E, 0x07, 0xE0, 0x77, 0x07, 0x38, 0x73, 0xC7, 0x1E, 0x70, 0xE0,
    0xFE, 0x0E, 0xFE, 0x1C, 0x0E, 0x38, 0x0E, 0x70, 0x0E, 0xE0, 0x0F, 0xC0, 0x0F, 0xC0, 0x0F, 0x80,
    0x0F, 0xC0, 0x0E, 0xE0, 0x0E, 0x70, 0x0E, 0x38, 0x0E, 0x1C, 0x0E, 0x1E, 0x0E, 0x0E, 0xF8, 0x77,
    0xC7, 0x06, 0x70, 0x37, 0x01, 0xF0, 0x0F, 0x80, 0x7E, 0x03, 0x38, 0x18, 0xE0, 0xC3, 0x86, 0x1E,
    0xE0, 0x33, 0x80, 0xCE, 0x03, 0x38, 0x0C, 0xE0, 0x33, 0x80, 0xCF, 0xFF, 0x3F, 0xFC, 0xE0, 0x33,
    0x80, 0xCE, 0x03, 0x38, 0x0C, 0xE0, 0x33, 0x80, 0xFE, 0x03, 0xC0, 0x03, 0x00, 0x0C, 0x00, 0x30,
    0x00, 0xC0, 0xE1, 0xCE, 0x1C, 0xE1, 0xCE, 0x1C, 0xFF, 0xCF, 0xFC, 0xE1, 0xCE, 0x1C, 0xE1, 0xCE,
    0x1E, 0xE1, 0xE0, 0x06, 0x00, 0x60, 0x06, 0xE0, 0x3F, 0xE0, 0x3F, 0xE0, 0x30, 0xE0, 0x30, 0xE0,
    0x30, 0xE0, 0x30, 0xFF, 0xF0, 0xFF, 0xF0, 0xE0, 0x30, 0xE0, 0x30, 0xE0, 0x30, 0xE0, 0x30, 0xE0,
    0x30, 0xE0, 0x30, 0xE0, 0x30, 0xE1, 0xFF, 0x0F, 0xF8, 0x71, 0xC3, 0x8F, 0xFC, 0x7F, 0xE3, 0x87,
    0x1C, 0x38, 0xE1, 0xC7, 0x0E, 0x38, 0x70, 0xFF, 0xF0, 0x0F, 0xFF, 0x00, 0xE0, 0x70, 0x0E, 0x07,
    0x00, 0xE0, 0x70, 0x0E, 0x07, 0x00, 0xE0, 0x7F, 0x8E, 0x07, 0xFE, 0xE0, 0x79, 0xEE, 0x07, 0x07,
    0xE0, 0x70, 0x7E, 0x07, 0x07, 0xE0, 0x70, 0x7E, 0x07, 0x07, 0xE0, 0x70, 0x70, 0x00, 0x0F, 0x00,
    0x01, 0xE0, 0x00, 0x7E, 0x00, 0x07, 0x80, 0xFF, 0xC0, 0x7F, 0xE0, 0x38, 0x70, 0x1C, 0x38, 0x0E,
    0x1F, 0xE7, 0x0F, 0xFB, 0x87, 0x3D, 0xC3, 0x87, 0xE1, 0xC3, 0xF0, 0xE1, 0xF8, 0x70, 0xE0, 0x00,
    0x70, 0x00, 0xF0, 0x00, 0xF8, 0x00, 0x78, 0x0F, 0xE0, 0x7F, 0xC1, 0xF1, 0x83, 0x80, 0x0E, 0x1F,
    0x9C, 0x7F, 0xB8, 0xF7, 0x71, 0x86, 0xE7, 0x0F, 0xCE, 0x1F, 0x9C, 0x33, 0x98, 0xE7, 0xFF, 0xC7,
    0xFF, 0x03, 0xF8, 0x00, 0xE0, 0x00, 0xF8, 0x00, 0xF8, 0x00, 0xF0, 0x3E, 0x0F, 0xC3, 0xE0, 0x73,
    0xEC, 0xFF, 0x9D, 0xF3, 0x1F, 0x67, 0xFF, 0xEF, 0xF8, 0xFE, 0x03, 0xC0, 0x3E, 0x03, 0xC0, 0x0F,
    0xE3, 0xFF, 0x7C, 0x67, 0x00, 0xE0, 0x0E, 0x00, 0xE0, 0x0E, 0x00, 0xE0, 0x0E, 0x00, 0xE0, 0x07,
    0x00, 0x7C, 0x63, 0xFF, 0x1F, 0xE0, 0x70, 0x03, 0x80, 0xF0, 0x3F, 0x3F, 0xBE, 0x5C, 0x0E, 0x07,
    0x03, 0x81, 0xC0, 0xF9, 0x3F, 0xCF, 0xE1, 0x80, 0xE0, 0x70, 0xF8, 0xFF, 0xFF, 0xFF, 0x06, 0x00,
    0x60, 0x06, 0x00, 0x60, 0x06, 0x00, 0x60, 0x06, 0x00, 0x60, 0x06, 0x00, 0x60, 0x06, 0x00, 0x78,
    0x07, 0x80, 0x18, 0x01, 0x80, 0x18, 0x01, 0x80, 0xFF, 0xFF, 0xF0, 0xC0, 0x30, 0x0C, 0x03, 0x00,
    0xC0, 0x30, 0x0C, 0x03, 0xC0, 0xF0, 0x1C, 0x07, 0x01, 0xC0, 0xE0, 0x3B, 0x83, 0x9C, 0x38, 0x71,
    0xC3, 0x9C, 0x0E, 0xE0, 0x7E, 0x01, 0xF0, 0x07, 0x00, 0x38, 0x01, 0xC0, 0x0E, 0x00, 0x70, 0x03,
    0x80, 0x1C, 0x00, 0xE0, 0xDC, 0x39, 0xC7, 0x38, 0xE7, 0x38, 0x77, 0x0E, 0xC1, 0xF8, 0x1F, 0x03,
    0xC0, 0x38, 0x07, 0x00, 0xE0, 0x1C, 0x03, 0x80, 0xE0, 0x3B, 0x83, 0x9C, 0x18, 0x71, 0xC3, 0x9C,
    0x0E, 0xE0, 0x7E, 0x01, 0xF0, 0x0F, 0x01, 0xFF, 0x0F, 0xF8, 0x0E, 0x00, 0x70, 0x03, 0x80, 0x1C,
    0x00, 0xE0, 0xDC, 0x39, 0xC7, 0x38, 0xC7, 0x38, 0x77, 0x0E, 0xC0, 0xF8, 0x1E, 0x0F, 0xF1, 0xFE,
    0x07, 0x00, 0xE0, 0x1C, 0x03, 0x80, 0x70, 0x79, 0xC1, 0xC3, 0x8E, 0x07, 0x78, 0x1F, 0xC0, 0x3E,
    0x00, 0x78, 0x01, 0xE0, 0x0F, 0x80, 0x3F, 0x01, 0xDE, 0x0E, 0x38, 0x38, 0x71, 0xC1, 0xFE, 0x03,
    0xC0, 0x07, 0x00, 0x1C, 0x00, 0x70, 0x01, 0xC0, 0xF1, 0xCE, 0x70, 0xEE, 0x0F, 0x81, 0xE0, 0x1C,
    0x07, 0xC1, 0xFC, 0x73, 0x8E, 0x3F, 0x83, 0x80, 0x30, 0x06, 0x00, 0xC0, 0xFF, 0xE7, 0x3F, 0xF9,
    0xC0, 0xE0, 0x70, 0x38, 0x1C, 0x0E, 0x07, 0x03, 0x81, 0xC0, 0xE0, 0x70, 0x38, 0x1C, 0x0E, 0x07,
    0x03, 0x81, 0xC0, 0xE0, 0x70, 0x38, 0x1C, 0x0E, 0x07, 0x03, 0xFF, 0xF0, 0xFF, 0xFC, 0x00, 0x07,
    0x00, 0x01, 0xC0, 0x00, 0x70, 0x00, 0x1C, 0xFF, 0x33, 0xFC, 0xC1, 0xC3, 0x07, 0x0C, 0x1C, 0x30,
    0x70, 0xC1, 0xC3, 0x07, 0x0C, 0x1C, 0x30, 0x7F, 0xF1, 0xFF, 0xC0, 0x07, 0x00, 0x1C, 0x00, 0x70,
    0xE0, 0xE7, 0x07, 0x38, 0x39, 0xC1, 0xCE, 0x0E, 0x70, 0x73, 0x83, 0x9E, 0x3C, 0x7F, 0xE1, 0xFF,
    0x00, 0x38, 0x01, 0xC0, 0x0E, 0x00, 0x7C, 0x03, 0xE0, 0x07, 0x00, 0x38, 0x01, 0xC0, 0x0E, 0x61,
    0xCC, 0x39, 0x87, 0x30, 0xE7, 0x1C, 0xFF, 0x8F, 0xF0, 0x0E, 0x01, 0xC0, 0x3C, 0x07, 0x80, 0x30,
    0x06, 0x00, 0xC0, 0xE0, 0xFC, 0x1F, 0x83, 0xF0, 0x7E, 0x0F, 0xDD, 0xFB, 0xBF, 0xFF, 0x7F, 0xE7,
    0xFC, 0x3B, 0x87, 0x70, 0xEE, 0x01, 0xC0, 0x38, 0xE1, 0xF8, 0x7E, 0x1F, 0xB7, 0x7D, 0xDF, 0xF3,
    0xFC, 0x37, 0x0D, 0xC0, 0x70, 0x1C, 0xE0, 0x0E, 0x00, 0xE0, 0x0E, 0x00, 0xE0, 0x0F, 0xFC, 0xFF,
    0xEF, 0x1E, 0xE0, 0xEE, 0x07, 0xE0, 0x7E, 0x07, 0xE0, 0x7E, 0x07, 0xE0, 0x70, 0xE0, 0x38, 0x0E,
    0x03, 0x80, 0xE0, 0x3F, 0xCF, 0xFB, 0xCF, 0xE1, 0xF8, 0x7E, 0x1F, 0x87, 0xE1, 0xF8, 0x7E, 0x1F,
    0x87, 0x01, 0xFC, 0x01, 0xFF, 0x01, 0xE7, 0xC1, 0xE0, 0xEC, 0xE0, 0x37, 0x70, 0x1F, 0xFF, 0xFE,
    0xFF, 0xFF, 0x0E, 0x00, 0x07, 0x00, 0x03, 0x80, 0x01, 0xE0, 0x00, 0x7C, 0x60, 0x1F, 0xF8, 0x07,
    0xF8, 0x07, 0xE0, 0x7F, 0xB3, 0xDF, 0xF8, 0x7F, 0xFF, 0xBF, 0xFC, 0x70, 0x03, 0x80, 0x0F, 0x10,
    0x7F, 0x81, 0xFC, 0x01, 0xFC, 0x01, 0xFF, 0x01, 0xE7, 0xC1, 0xE0, 0xEC, 0xE0, 0x37, 0x70, 0x1F,
    0xFF, 0xFE, 0xFF, 0xFF, 0x0E, 0x00, 0x07, 0x00, 0x03, 0x80, 0x01, 0xE0, 0x00, 0x7C, 0x60, 0x1F,
    0xF8, 0x07, 0xF8, 0x00, 0xE0, 0x00, 0x70, 0x00, 0x38, 0x00, 0x1C, 0x00, 0x07, 0xE0, 0x7F, 0xB3,
    0xDF, 0xF8, 0x7F, 0xFF, 0xBF, 0xFC, 0x70, 0x03, 0x80, 0x0F, 0x10, 0x7F, 0x80, 0xFC, 0x03, 0x80,
    0x1C, 0x00, 0xE0, 0xFF, 0xFF, 0xFF, 0xFF, 0xFF, 0xF8, 0x03, 0xB8, 0x00, 0x7F, 0x00, 0x07, 0xC0,
    0x00, 0x00, 0x07, 0x0E, 0x1C, 0xF1, 0xC7, 0x8E, 0x38, 0xE0, 0xE7, 0x38, 0x0E, 0xEE, 0x01, 0xFF,
    0x80, 0x1F, 0xF0, 0x01, 0xFC, 0x00, 0x7F, 0xC0, 0x1D, 0xDC, 0x07, 0x3B, 0xC1, 0xE7, 0x3C, 0x38,
    0xE3, 0x8E, 0x1C, 0x3B, 0xC3, 0x87, 0x80, 0x06, 0x60, 0x07, 0xE0, 0x03, 0xC0, 0x00, 0x00, 0x00,
    0x00, 0x71, 0x8E, 0x39, 0x9C, 0x39, 0x9C, 0x1D, 0xB8, 0x0F, 0xF0, 0x07, 0xE0, 0x0F, 0xF0, 0x1D,
    0xB8, 0x39, 0x9C, 0x71, 0x8E, 0xE1, 0x87, 0xE0, 0xEE, 0x1E, 0xE1, 0xCE, 0x38, 0xE7, 0x0E, 0xE0,
    0xFC, 0x0F, 0xF8, 0xFF, 0xCE, 0x3E, 0xE0, 0xEE, 0x07, 0xE0, 0x7E, 0x07, 0xE0, 0x70, 0x0E, 0x01,
    0xE0, 0xFC, 0x0F, 0x80, 0xE3, 0xF8, 0xEE, 0x73, 0xB8, 0xFC, 0x3F, 0xCF, 0xFB, 0x9F, 0xE1, 0xF8,
    0x7E, 0x1C, 0x07, 0x03, 0xC3, 0xE0, 0xF0, 0x0F, 0xF8, 0x1F, 0xF0, 0x38, 0x60, 0x70, 0xC0, 0xE1,
    0x81, 0xC3, 0x03, 0x86, 0x07, 0x0C, 0x0E, 0x18, 0x18, 0x30, 0x70, 0x60, 0xE0, 0xC7, 0x81, 0x9F,
    0x03, 0xF8, 0x07, 0x80, 0x07, 0x00, 0x0E, 0x00, 0x38, 0x00, 0x60, 0x1F, 0xE0, 0xFF, 0x07, 0x18,
    0x38, 0xC1, 0xC6, 0x0E, 0x30, 0x61, 0x87, 0x0C, 0x78, 0x67, 0x83, 0x38, 0x1E, 0x00, 0x70, 0x03,
    0x80, 0x38, 0x01, 0x80, 0xE0, 0x3E, 0x03, 0xE0, 0x3E, 0x03, 0xE0, 0x3E, 0x03, 0xFF, 0xFF, 0xFF,
    0xE0, 0x3E, 0x03, 0xE0, 0x3E, 0x03, 0xE0, 0x3E, 0x03, 0xE0, 0x30, 0x03, 0x00, 0x70, 0x1F, 0x01,
    0xE0, 0xE1, 0xF8, 0x7E, 0x1F, 0x87, 0xFF, 0xFF, 0xFE, 0x1F, 0x87, 0xE1, 0xF8, 0x7E, 0x1C, 0x07,
    0x01, 0xC1, 0xF0, 0x78, 0xE0, 0x33, 0x80, 0xCE, 0x03, 0x38, 0x0C, 0xE0, 0x33, 0x80, 0xCF, 0xFF,
    0x3F, 0xFC, 0xE0, 0x33, 0x80, 0xCE, 0x03, 0x38, 0x0C, 0xE0, 0x33, 0x80, 0xFE, 0x03, 0xC0, 0x07,
    0x00, 0x18, 0x00, 0xE0, 0x03, 0x00, 0xE1, 0xCE, 0x1C, 0xE1, 0xCE, 0x1C, 0xFF, 0xCF, 0xFC, 0xE1,
    0xCE, 0x1C, 0xE1, 0xCE, 0x1C, 0xE1, 0xF0, 0x07, 0x00, 0x60, 0x0E, 0x00, 0xC0, 0xE0, 0xFC, 0x1F,
    0x83, 0xF0, 0x7E, 0x0F, 0xC1, 0xF8, 0x3F, 0xCF, 0x7F, 0xE7, 0xFC, 0x03, 0x80, 0x70, 0x0E, 0x07,
    0xC0, 0xF8, 0x1C, 0x03, 0x80, 0x70, 0x0E, 0x00, 0x61, 0xD8, 0x76, 0x1D, 0x87, 0x71, 0xDF, 0xF3,
    0xFC, 0x07, 0x01, 0xC0, 0xF0, 0x3C, 0x0C, 0x03, 0x00, 0xC0, 0x70, 0x0E, 0x1C, 0x03, 0x87, 0x81,
    0xE1, 0xE0, 0x7C, 0x6C, 0x3F, 0x1B, 0x0D, 0xC6, 0x63, 0x73, 0x99, 0x9C, 0xE7, 0x67, 0x38, 0xF9,
    0xCE, 0x3C, 0x73, 0x8F, 0x1C, 0xE1, 0xC7, 0x38, 0x01, 0xFE, 0x00, 0x3C, 0x00, 0x07, 0x00, 0x01,
    0x80, 0x00, 0xE0, 0x00, 0x30, 0x70, 0x38, 0xE0, 0xF1, 0xE1, 0xE3, 0xC7, 0xCF, 0xCF, 0x9D, 0xBF,
    0x3B, 0x6E, 0x73, 0xCC, 0xE7, 0x19, 0xCE, 0x33, 0x80, 0x78, 0x00, 0x70, 0x00, 0xE0, 0x03, 0x80,
    0x06, 0x00, 0xFF, 0xFF, 0xFF, 0xFF, 0xFF, 0xF8, 0x0C, 0xC0, 0x3F, 0x00, 0x78, 0x00, 0x00, 0x07,
    0x00, 0x1E, 0x00, 0x78, 0x03, 0xF0, 0x0D, 0xC0, 0x73, 0x01, 0xCE, 0x06, 0x18, 0x38, 0x70, 0xFF,
    0xC7, 0xFF, 0x1C, 0x0E, 0x60, 0x3B, 0x80, 0x7E, 0x01, 0xC0, 0x3B, 0x8F, 0xE1, 0xF0, 0x00, 0x00,
    0x0F, 0xC3, 0xF8, 0xCF, 0x01, 0xCF, 0xF7, 0xFD, 0xE7, 0x61, 0xDC, 0x77, 0xFC, 0xFF, 0x0C, 0xC0,
    0x33, 0x00, 0x00, 0x01, 0xC0, 0x07, 0x80, 0x1E, 0x00, 0xFC, 0x03, 0x70, 0x1C, 0xC0, 0x73, 0x81,
    0x86, 0x0E, 0x1C, 0x3F, 0xF1, 0xFF, 0xC7, 0x03, 0x98, 0x0E, 0xE0, 0x1F, 0x80, 0x70, 0x3B, 0x8E,
    0xE0, 0x00, 0x00, 0x3F, 0x0F, 0xE3, 0x3C, 0x07, 0x3F, 0xDF, 0xF7, 0x9D, 0x87, 0x71, 0xDF, 0xF3,
    0xFC, 0x00, 0xFF, 0xE0, 0x1F, 0xFC, 0x07, 0xC0, 0x01, 0xD8, 0x00, 0x3B, 0x00, 0x0E, 0x60, 0x01,
    0x8F, 0xF0, 0x71, 0xFE, 0x1C, 0x30, 0x03, 0xFE, 0x00, 0xFF, 0xC0, 0x18, 0x18, 0x07, 0x03, 0x00,
    0xC0, 0x7F, 0xF8, 0x0F, 0xF8, 0x3F, 0x3E, 0x1F, 0xFF, 0x8C, 0xFD, 0xE0, 0x38, 0x73, 0xFF, 0xFB,
    0xFF, 0xFD, 0xE7, 0x00, 0xC3, 0x80, 0x71, 0xF1, 0x3F, 0xFF, 0x8F, 0xFF, 0xC0, 0x33, 0x07, 0xE0,
    0x78, 0x00, 0x0F, 0xFD, 0xFF, 0xB8, 0x07, 0x00, 0xE0, 0x1C, 0x03, 0xFE, 0x7F, 0xCE, 0x01, 0xC0,
    0x38, 0x07, 0x00, 0xE0, 0x1F, 0xFF, 0xFF, 0x80, 0x33, 0x0F, 0xC1, 0xE0, 0x00, 0x00, 0x0F, 0xC7,
    0xFB, 0xCF, 0xE1, 0xFF, 0xFF, 0xFF, 0x80, 0xE0, 0x3E, 0x67, 0xF8, 0xFE, 0x7F, 0x83, 0xFF, 0x1C,
    0x7C, 0x00, 0xE0, 0x07, 0x80, 0x1C, 0x00, 0xFF, 0xFF, 0xFF, 0xFF, 0x01, 0xF8, 0x0F, 0xC0, 0xE7,
    0x9F, 0x1F, 0xF0, 0x7E, 0x00, 0x7F, 0x1F, 0xE6, 0x78, 0x07, 0x01, 0xFF, 0xFF, 0xFF, 0x87, 0xF3,
    0x9F, 0xE3, 0xF0, 0x1D, 0xC0, 0xEE, 0x00, 0x00, 0xFF, 0x07, 0xFE, 0x38, 0xF8, 0x01, 0xC0, 0x0F,
    0x00, 0x38, 0x01, 0xFF, 0xFF, 0xFF, 0xFE, 0x03, 0xF0, 0x1F, 0x81, 0xCF, 0x3E, 0x3F, 0xE0, 0xFC,
    0x00, 0x77, 0x1D, 0xC0, 0x00, 0x00, 0x7F, 0x1F, 0xE6, 0x78, 0x07, 0x01, 0xFF, 0xFF, 0xFF, 0x87,
    0xF3, 0x9F, 0xE3, 0xF0, 0x03, 0xB8, 0x00, 0x77, 0x00, 0x00, 0x00, 0x38, 0x70, 0xE7, 0x8E, 0x3C,
    0x71, 0xC7, 0x07, 0x39, 0xC0, 0x77, 0x70, 0x0F, 0xFC, 0x00, 0xFF, 0x80, 0x0F, 0xE0, 0x03, 0xFE,
    0x00, 0xEE, 0xE0, 0x39, 0xDE, 0x0F, 0x39, 0xE1, 0xC7, 0x1C, 0x70, 0xE1, 0xDE, 0x1C, 0x3C, 0x06,
    0x60, 0x06, 0x60, 0x00, 0x00, 0x00, 0x00, 0x71, 0x8E, 0x39, 0x9C, 0x39, 0x9C, 0x1D, 0xB8, 0x0F,
    0xF0, 0x07, 0xE0, 0x0F, 0xF0, 0x1D, 0xB8, 0x39, 0x9C, 0x71, 0x8E, 0xE1, 0x87, 0x3B, 0x87, 0x70,
    0x00, 0x3F, 0xC7, 0xFC, 0xE7, 0x80, 0x38, 0x06, 0x03, 0xC3, 0xF0, 0x7F, 0x01, 0xF0, 0x0E, 0x01,
    0xC0, 0x3B, 0x9F, 0xFF, 0xCF, 0xF0, 0x77, 0x1D, 0xC0, 0x00, 0x00, 0x7F, 0x1F, 0xE6, 0x38, 0x0E,
    0x3F, 0x0F, 0xE0, 0x38, 0x07, 0x63, 0xDF, 0xE7, 0xF0, 0x7F, 0xEF, 0xFC, 0x07, 0x01, 0xE0, 0x38,
    0x0E, 0x03, 0x80, 0xFC, 0x03, 0xC0, 0x1C, 0x03, 0x80, 0x77, 0x3F, 0xFF, 0x9F, 0xE0, 0x7F, 0xCF,
    0xF8, 0x0E, 0x01, 0xC0, 0x70, 0x1C, 0x03, 0x80, 0xF8, 0x07, 0xC0, 0x38, 0x03, 0x00, 0xE6, 0x3C,
    0xFF, 0x1F, 0xC0, 0x1F, 0xC0, 0xFE, 0x00, 0x01, 0xC0, 0x7E, 0x07, 0xF0, 0x3F, 0x83, 0xFC, 0x3F,
    0xE3, 0xBF, 0x1D, 0xF9, 0xCF, 0xDC, 0x7F, 0xE3, 0xFE, 0x1F, 0xE0, 0xFF, 0x07, 0xF0, 0x3F, 0x01,
    0xC0, 0x3F, 0x8F, 0xE0, 0x00, 0x00, 0xE1, 0xF8, 0xFE, 0x3F, 0x9F, 0xEE, 0xFB, 0x3F, 0xCF, 0xE3,
    0xF0, 0xFC, 0x3E, 0x0C, 0x1D, 0xC0, 0xEE, 0x00, 0x01, 0xC0, 0x7E, 0x07, 0xF0, 0x3F, 0x83, 0xFC,
    0x3F, 0xE3, 0xBF, 0x1D, 0xF9, 0xCF, 0xDC, 0x7F, 0xE3, 0xFE, 0x1F, 0xE0, 0xFF, 0x07, 0xF0, 0x3F,
    0x01, 0xC0, 0x3B, 0x8E, 0xE0, 0x00, 0x00, 0xE1, 0xF8, 0xFE, 0x3F, 0x9F, 0xEE, 0xFB, 0x3F, 0xCF,
    0xE3, 0xF0, 0xFC, 0x3E, 0x0C, 0x0E, 0xE0, 0x1D, 0xC0, 0x00, 0x00, 0x7F, 0x03, 0xFF, 0x0F, 0x9F,
    0x1C, 0x0F, 0x70, 0x0E, 0xE0, 0x1D, 0xC0, 0x3B, 0x80, 0x37, 0x00, 0xEE, 0x01, 0xDC, 0x03, 0x9C,
    0x0F, 0x3E, 0x7C, 0x3F, 0xF0, 0x1F, 0xC0, 0x3B, 0x87, 0x70, 0x00, 0x00, 0x03, 0xF0, 0xFF, 0x3E,
    0xF7, 0x0E, 0xE0, 0xFC, 0x1F, 0x83, 0xF0, 0xEF, 0x3C, 0xFF, 0x0F, 0xC0, 0x0F, 0xE0, 0x7F, 0xE1,
    0xF3, 0xE3, 0x81, 0xEE, 0x01, 0xDC, 0x03, 0xBF, 0xFF, 0x7F, 0xFE, 0xE0, 0x1D, 0xC0, 0x3B, 0x80,
    0x73, 0x81, 0xE7, 0xCF, 0x87, 0xFE, 0x03, 0xF8, 0x00, 0x3F, 0x0F, 0xF3, 0xCF, 0x70, 0x6F, 0xFF,
    0xFF, 0xF8, 0x3F, 0x0E, 0xF3, 0xCF, 0xF0, 0xFC, 0x00, 0x0E, 0xE0, 0x1D, 0xC0, 0x00, 0x00, 0x7F,
    0x03, 0xFF, 0x0F, 0x9F, 0x1C, 0x0F, 0x70, 0x0E, 0xE0, 0x1D, 0xFF, 0xFB, 0xFF, 0xF7, 0x00, 0xEE,
    0x01, 0xDC, 0x03, 0x9C, 0x0F, 0x3E, 0x7C, 0x3F, 0xF0, 0x1F, 0xC0, 0x3B, 0x87, 0x70, 0x00, 0x00,
    0x03, 0xF0, 0xFF, 0x3C, 0xF7, 0x06, 0xFF, 0xFF, 0xFF, 0x83, 0xF0, 0xEF, 0x3C, 0xFF, 0x0F, 0xC0,
    0x3B, 0x83, 0xB8, 0x00, 0x07, 0xF0, 0xFF, 0xC6, 0x3E, 0x00, 0xE0, 0x07, 0x00, 0x71, 0xFF, 0x1F,
    0xF0, 0x07, 0x00, 0x70, 0x07, 0x00, 0xE6, 0x3E, 0xFF, 0xC7, 0xF0, 0x77, 0x1D, 0xC0, 0x00, 0x00,
    0x7E, 0x1F, 0xC6, 0x78, 0x06, 0x1F, 0xC7, 0xF0, 0x1C, 0x0E, 0x47, 0xBF, 0xCF, 0xE0, 0x1F, 0xC0,
    0xFE, 0x00, 0x01, 0xC0, 0xE7, 0x07, 0x38, 0x39, 0xC1, 0x87, 0x1C, 0x38, 0xE0, 0xE6, 0x07, 0xF0,
    0x1F, 0x80, 0x78, 0x03, 0xC0, 0x1C, 0x09, 0xE0, 0x7E, 0x03, 0xE0, 0x00, 0x3F, 0x87, 0xF0, 0x00,
    0x00, 0x0E, 0x0D, 0xC3, 0x9C, 0x73, 0x8C, 0x71, 0x87, 0x70, 0xEE, 0x0D, 0x81, 0xF0, 0x1C, 0x03,
    0x80, 0x70, 0x1C, 0x1F, 0x83, 0xE0, 0x00, 0x1D, 0xC0, 0xEE, 0x00, 0x01, 0xC0, 0xE7, 0x07, 0x38,
    0x39, 0xC1, 0x87, 0x1C, 0x38, 0xE0, 0xE6, 0x07, 0xF0, 0x1F, 0x80, 0x78, 0x03, 0xC0, 0x1C, 0x09,
    0xE0, 0x7E, 0x03, 0xE0, 0x00, 0x3B, 0x87, 0x70, 0x00, 0x00, 0x0E, 0x0D, 0xC3, 0x9C, 0x73, 0x8C,
    0x71, 0x87, 0x70, 0xEE, 0x0D, 0x81, 0xF0, 0x1C, 0x03, 0x80, 0x70, 0x1C, 0x1F, 0x83, 0xE0, 0x00,
    0x06, 0x60, 0x37, 0x03, 0xF0, 0x1B, 0x0E, 0x07, 0x38, 0x39, 0xC1, 0xCE, 0x0C, 0x38, 0xE1, 0xC7,
    0x07, 0x30, 0x3F, 0x80, 0xFC, 0x03, 0xC0, 0x1E, 0x00, 0xE0, 0x4F, 0x03, 0xF0, 0x1F, 0x00, 0x0C,
    0xC1, 0xB8, 0x7E, 0x0D, 0x80, 0x01, 0xC1, 0xB8, 0x73, 0x8E, 0x71, 0x8E, 0x30, 0xEE, 0x1D, 0xC1,
    0xB0, 0x3E, 0x03, 0x80, 0x70, 0x0E, 0x03, 0x83, 0xF0, 0x7C, 0x00, 0x3B, 0x87, 0x70, 0x00, 0x70,
    0x7E, 0x0F, 0xC1, 0xF8, 0x3F, 0x07, 0xE0, 0xFC, 0x1F, 0xC7, 0xBF, 0xF3, 0xFE, 0x01, 0xC0, 0x38,
    0x07, 0x00, 0xE0, 0x1C, 0x3B, 0x8E, 0xE0, 0x00, 0x00, 0x61, 0xD8, 0x76, 0x1D, 0x87, 0x71, 0xDF,
    0xF3, 0xFC, 0x07, 0x01, 0xC0, 0x70, 0x1C, 0xFF, 0xFF, 0xFE, 0x03, 0x80, 0xE0, 0x38, 0x0E, 0x03,
    0x80, 0xE0, 0x38, 0x0E, 0x03, 0x80, 0xE0, 0x3E, 0x0F, 0x80, 0xE0, 0x38, 0x0E, 0x03, 0x80, 0xFF,
    0xFF, 0xE0, 0xE0, 0xE0, 0xE0, 0xE0, 0xE0, 0xE0, 0xF0, 0xF0, 0x30, 0x30, 0x30, 0x06, 0x60, 0x06,
    0x60, 0x00, 0x00, 0xE0, 0x07, 0xE0, 0x07, 0xE0, 0x07, 0xE0, 0x07, 0xE0, 0x07, 0xFF, 0x87, 0xFF,
    0xC7, 0xE3, 0xE7, 0xE0, 0xE7, 0xE0, 0xE7, 0xE0, 0xE7, 0xE0, 0xE7, 0xE3, 0xE7, 0xFF, 0xC7, 0x7F,
    0x87, 0x0C, 0xC0, 0x33, 0x00, 0x00, 0x00, 0x00, 0xE0, 0x1F, 0x80, 0x7E, 0x01, 0xF8, 0x07, 0xFF,
    0x1F, 0xFE, 0x7E, 0x39, 0xF8, 0x77, 0xE3, 0x9F, 0xFE, 0x7F, 0xF1, 0xC0, 0x70, 0x39, 0xC1, 0xC7,
    0x0C, 0x1C, 0xE1, 0xF7, 0x1F, 0xF1, 0xCF, 0x0E, 0x38, 0x70, 0xC3, 0x07, 0x18, 0x1D, 0xC0, 0xE0,
    0x7F, 0x87, 0xF8, 0x01, 0xC0, 0x1C, 0x01, 0xC0, 0x1C, 0x01, 0xC0, 0x1C, 0x01, 0xC0, 0x1C, 0x7F,
    0xEF, 0xFE, 0x7C, 0x7E, 0x0E, 0x0E, 0x0E, 0x0E, 0x0E, 0x0E, 0x0E, 0x1E, 0xF6, 0xE7, 0x00, 0xFF,
    0xEF, 0xFC, 0x0E, 0x01, 0xC0, 0x38, 0x07, 0x00, 0xE0, 0x1C, 0x03, 0x80, 0x70, 0x0E, 0x01, 0xC0,
    0xFF, 0xDF, 0xF8, 0x03, 0x80, 0x70, 0x0F, 0xC1, 0xF8, 0x3F, 0x07, 0xE0, 0xFC, 0x1F, 0x83, 0xF0,
    0x70, 0x7B, 0xCE, 0x73, 0x9C, 0xE7, 0x39, 0xCE, 0x70, 0xFE, 0xF8, 0xE1, 0x87, 0x0E, 0x1C, 0x18,
    0x30, 0x70, 0xE1, 0xC0, 0x7F, 0xE3, 0xFF, 0x8C, 0x0C, 0x60, 0x73, 0x03, 0x98, 0x1C, 0xC0, 0xE6,
    0x07, 0x30, 0x39, 0x81, 0xCC, 0x0E, 0x60, 0x70, 0xC7, 0xCC, 0x7E, 0xC0, 0xEC, 0x06, 0xC0, 0x6C,
    0x06, 0xE0, 0x6E, 0x06, 0xE0, 0xE7, 0x1E, 0x7F, 0xC3, 0xF8, 0x7B, 0xCE, 0x73, 0x9C, 0xE0, 0x7F,
    0x9F, 0xF0, 0x1C, 0x03, 0x00, 0xC0, 0x30, 0x0C, 0x03, 0x00, 0xC0, 0x30, 0x0C, 0x03, 0x00, 0xC0,
    0x30, 0x0C, 0x03, 0x7F, 0x1F, 0xE0, 0x38, 0x07, 0x01, 0xC0, 0x70, 0x1C, 0x07, 0x01, 0xC0, 0xE7,
    0xF9, 0xFC, 0x60, 0x1C, 0x03, 0x80, 0x70, 0x0F, 0xFD, 0xFF, 0x80, 0x70, 0x0E, 0x03, 0x80, 0x70,
    0x0C, 0x03, 0x80, 0x70, 0x0C, 0x03, 0x80, 0x70, 0xFF, 0xEF, 0xFF, 0x70, 0x77, 0x07, 0x70, 0x77,
    0x07, 0x70, 0x77, 0x07, 0x70, 0x77, 0x07, 0x7F, 0xF7, 0xFF, 0x67, 0xE3, 0xBF, 0x9F, 0x1E, 0x70,
    0x73, 0x81, 0x9C, 0x0C, 0xE0, 0x66, 0x07, 0x30, 0x3B, 0x83, 0xDD, 0xFC, 0xEF, 0xC0, 0x7B, 0xCE,
    0x73, 0x9C, 0xE7, 0x39, 0xCE, 0x73, 0x9C, 0xE7, 0xFB, 0xE1, 0xC7, 0x1C, 0x71, 0xC7, 0x1C, 0x7F,
    0xFF, 0x7F, 0xE3, 0xFF, 0x8E, 0x1C, 0x60, 0x77, 0x03, 0xB8, 0x1D, 0xC0, 0xEE, 0x07, 0x30, 0x71,
    0xC3, 0x8F, 0xF8, 0x1F, 0x80, 0x00, 0x07, 0x07, 0x70, 0x73, 0x07, 0x30, 0x73, 0x86, 0x38, 0x61,
    0x8E, 0x18, 0xE1, 0xCC, 0x1D, 0xC1, 0xF8, 0x7F, 0x0F, 0x80, 0x00, 0x00, 0x3F, 0x0F, 0xF3, 0x87,
    0x60, 0x6C, 0x0F, 0xC1, 0xFC, 0x3B, 0xC7, 0x00, 0xE0, 0x1C, 0x03, 0x80, 0x70, 0x0E, 0x01, 0xC0,
    0x38, 0x07, 0x3F, 0x0F, 0xF3, 0x87, 0x60, 0x6C, 0x0F, 0xC1, 0xFE, 0x39, 0xC7, 0x00, 0xC0, 0x7B,
    0xFE, 0x7F, 0x80, 0xE0, 0xCE, 0x19, 0xC7, 0x1C, 0xE3, 0x9C, 0x37, 0x07, 0xE0, 0xF0, 0x0C, 0x01,
    0xC0, 0x38, 0x03, 0x00, 0x70, 0x0E, 0x01, 0xC0, 0x18, 0x70, 0xEF, 0x1C, 0xE3, 0x8E, 0x61, 0xDC,
    0x1F, 0x81, 0xE0, 0x38, 0x03, 0x80, 0x39, 0xFF, 0x3F, 0xE0, 0xFF, 0xFF, 0xFE, 0x00, 0xE0, 0x0E,
    0x60, 0xE6, 0x0C, 0x61, 0xC6, 0x1C, 0x61, 0x86, 0x38, 0x63, 0x86, 0x30, 0x60, 0x06, 0x00, 0x60,
    0x06, 0x00, 0x7F, 0x1F, 0xE0, 0x1C, 0x07, 0x01, 0xC0, 0x70, 0x1C, 0x07, 0x01, 0xC0, 0x70, 0x1C,
    0x07, 0xE7, 0x1F, 0x38, 0xF9, 0xC7, 0xCE, 0x3E, 0xE1, 0xFF, 0x0F, 0xF0, 0xFC, 0x07, 0x60, 0x3B,
    0x83, 0x8F, 0xF8, 0x3F, 0x80, 0x7F, 0xF3, 0xFF, 0xC6, 0x0E, 0x30, 0x71, 0x83, 0x8C, 0x1C, 0x60,
    0xE3, 0x07, 0x18, 0x38, 0xC1, 0xDE, 0x0F, 0xE0, 0x70, 0x27, 0x67, 0x70, 0x33, 0x77, 0x6E, 0x00,
    0x6E, 0xE4, 0x00, 0x3F, 0xBF, 0xFC, 0x2C, 0x07, 0x03, 0x80, 0xE0, 0x38, 0x0E, 0x03, 0x01, 0x80,
    0x00, 0x60, 0x78, 0x3C, 0x0C, 0x00, 0x1C, 0x3E, 0x7C, 0x60, 0x60, 0x73, 0x3F, 0xFE, 0xF8, 0x00,
    0xFF, 0xFC, 0x00, 0x77, 0x30, 0xFF, 0x00, 0x6F, 0xF2, 0x0C, 0xEE, 0x66, 0x67, 0x77, 0x77, 0x73,
    0x30, 0x00, 0x18, 0x76, 0x19, 0xFE, 0x7F, 0x1F, 0x07, 0x00, 0xC0, 0x30, 0x0C, 0x03, 0x00, 0xC0,
    0x38, 0x0E, 0x03, 0x80, 0x00, 0x00, 0x06, 0x36, 0x67, 0x67, 0x77, 0x7F, 0xE7, 0xFE, 0x70, 0x03,
    0x00, 0x30, 0x03, 0x00, 0x30, 0x03, 0x00, 0x38, 0x03, 0x80, 0x38, 0x00, 0x00, 0x00, 0x07, 0x03,
    0xE1, 0xE0, 0x60, 0x38, 0x0F, 0xC1, 0xF0, 0x3C, 0x1C, 0x06, 0x03, 0x80, 0xE0, 0x1F, 0xE3, 0xF8,
    0x00, 0x1E, 0x0F, 0xC7, 0x39, 0x86, 0x61, 0xB8, 0x7E, 0x1D, 0x86, 0x61, 0x9F, 0xE3, 0xF0, 0x00,
    0x00, 0x3F, 0xCF, 0xF0, 0x2C, 0x03, 0x00, 0xE0, 0x38, 0x0E, 0x03, 0x80, 0xE0, 0x18, 0x06, 0x01,
    0x80, 0x70, 0x1C, 0x00, 0x40, 0x0E, 0x07, 0xE0, 0x67, 0x0E, 0x70, 0xE3, 0x0C, 0x39, 0xC3, 0x98,
    0x19, 0x81, 0xF8, 0x1F, 0x00, 0xF0, 0x0F, 0x00, 0xE0, 0x06, 0x00, 0x00, 0x02, 0x00, 0x60, 0x07,
    0x00, 0xF0, 0x0F, 0x00, 0xF8, 0x1F, 0x81, 0x98, 0x39, 0xC3, 0x9C, 0x30, 0xC7, 0x0E, 0x70, 0xEE,
    0x06, 0xE0, 0x70, 0x00, 0x08, 0x0F, 0x87, 0xF1, 0x9C, 0xE3, 0x38, 0xC7, 0xF1, 0xFC, 0x1F, 0x80,
    0xE0, 0x38, 0x06, 0x01, 0x80, 0x60, 0x18, 0x00, 0x00, 0x10, 0x00, 0xE0, 0x03, 0x98, 0x06, 0x60,
    0x1B, 0x80, 0x7E, 0x01, 0xF8, 0x06, 0xE0, 0x39, 0xE3, 0xC3, 0xFF, 0x07, 0xF0, 0x7D, 0xF0, 0x18,
    0x1C, 0x3E, 0x7E, 0x67, 0xE3, 0xE3, 0xE3, 0x7F, 0x7E, 0x6F, 0xF2, 0x0C, 0xEE, 0x66, 0x67, 0x77,
    0x77, 0x73, 0x30, 0x00, 0x18, 0x76, 0x19, 0xFE, 0x7F, 0x1F, 0x07, 0x00, 0xC0, 0x30, 0x0C, 0x03,
    0x00, 0xC0, 0x38, 0x0E, 0x03, 0x80, 0x00, 0x00, 0x06, 0x36, 0x67, 0x67, 0x77, 0x7F, 0xE7, 0xFE,
    0x70, 0x03, 0x00, 0x30, 0x03, 0x00, 0x30, 0x03, 0x00, 0x38, 0x03, 0x80, 0x38, 0x00, 0x00, 0x00,
    0x39, 0xE6, 0xF1, 0xB0, 0x7F, 0x9F, 0xE7, 0xE1, 0xC0, 0x30, 0x0C, 0x03, 0x00, 0xC0, 0x30, 0x0C,
    0x03, 0x00, 0x00, 0x07, 0x01, 0xE0, 0x78, 0x1F, 0x0E, 0xC3, 0x39, 0xC6, 0x61, 0xB8, 0x6E, 0x1F,
    0x87, 0xED, 0xDF, 0xE7, 0xF8, 0x00, 0x3E, 0x7E, 0x60, 0x60, 0x60, 0x73, 0x3F, 0x1E, 0x1C, 0x38,
    0x70, 0x60, 0xE0, 0xC0, 0x00, 0x40, 0x0E, 0x07, 0xE0, 0x67, 0x0E, 0x70, 0xE3, 0x0C, 0x39, 0xC3,
    0x98, 0x19, 0x81, 0xF8, 0x1F, 0x00, 0xF0, 0x0F, 0x00, 0xE0, 0x06, 0x00, 0x00, 0x02, 0x00, 0x60,
    0x07, 0x00, 0xF0, 0x0F, 0x00, 0xF8, 0x1F, 0x81, 0x98, 0x39, 0xC3, 0x9C, 0x30, 0xC7, 0x0E, 0x70,
    0xEE, 0x06, 0xE0, 0x70, 0x00, 0x08, 0x0F, 0x87, 0xF1, 0x9C, 0xE3, 0x38, 0xC7, 0xF1, 0xFC, 0x1F,
    0x80, 0xE0, 0x38, 0x06, 0x01, 0x80, 0x60, 0x18, 0x00, 0x03, 0x00, 0x1E, 0x00, 0x78, 0x03, 0xF0,
    0x0F, 0xC0, 0x73, 0x01, 0xCE, 0x06, 0x38, 0x38, 0x70, 0xFF, 0xC7, 0xFF, 0x1F, 0xFE, 0x70, 0x3B,
    0x80, 0x6E, 0x01, 0xC0, 0x00, 0x03, 0x00, 0x1C, 0x00, 0x30, 0x00, 0x00, 0x0F, 0xC3, 0xF8, 0x06,
    0x01, 0xC7, 0xF7, 0xFD, 0xC7, 0x61, 0xD8, 0x77, 0xFC, 0xFF, 0x0E, 0x03, 0x80, 0xE0, 0x38, 0x02,
    0x00, 0x1E, 0x00, 0x78, 0x00, 0xE0, 0x03, 0x00, 0x0C, 0x00, 0x78, 0x01, 0xE0, 0x0F, 0xC0, 0x3F,
    0x01, 0xCC, 0x07, 0x38, 0x18, 0xE0, 0xE1, 0xC3, 0xFF, 0x1F, 0xFC, 0x7F, 0xF9, 0xC0, 0xEE, 0x01,
    0xB8, 0x07, 0x1E, 0x07, 0xC0, 0x70, 0x38, 0x04, 0x0F, 0xC3, 0xF8, 0x06, 0x01, 0xC7, 0xF7, 0xFD,
    0xC7, 0x61, 0xD8, 0x77, 0xFC, 0xFF, 0x0E, 0x00, 0x00, 0x10, 0x00, 0xE0, 0x07, 0x80, 0xDC, 0x07,
    0xC0, 0x3F, 0x00, 0xCC, 0x00, 0xC0, 0x07, 0x80, 0x1E, 0x00, 0xFC, 0x03, 0xF0, 0x1C, 0xC0, 0x73,
    0x81, 0x8E, 0x0E, 0x1C, 0x3F, 0xF1, 0xFF, 0xC7, 0xFF, 0x9C, 0x0E, 0xE0, 0x1B, 0x80, 0x70, 0x00,
    0x20, 0x07, 0x00, 0xE0, 0x5C, 0x0E, 0x81, 0xF0, 0x11, 0x00, 0x00, 0x3F, 0x03, 0xF8, 0x01, 0x80,
    0x1C, 0x1F, 0xC7, 0xFC, 0x71, 0xC6, 0x1C, 0x61, 0xC7, 0xFC, 0x3F, 0xC0, 0xE0, 0x00, 0x80, 0x07,
    0x00, 0x1E, 0x00, 0xF8, 0x07, 0xE0, 0x3F, 0x00, 0xCC, 0x00, 0xC0, 0x07, 0x80, 0x1E, 0x00, 0xFC,
    0x03, 0xF0, 0x1C, 0xC0, 0x73, 0x81, 0x8E, 0x0E, 0x1C, 0x3F, 0xF1, 0xFF, 0xC7, 0xFF, 0x9C, 0x0E,
    0xE0, 0x1B, 0x80, 0x70, 0x02, 0x01, 0xC0, 0x38, 0x17, 0x0E, 0x87, 0xC1, 0x10, 0x00, 0x3F, 0x0F,
    0xE0, 0x18, 0x07, 0x1F, 0xDF, 0xF7, 0x1D, 0x87, 0x61, 0xDF, 0xF3, 0xFC, 0x38, 0x00, 0x00, 0x03,
    0xC0, 0x0F, 0x00, 0x1C, 0x03, 0x60, 0x1E, 0x00, 0xFC, 0x03, 0x30, 0x03, 0x00, 0x1E, 0x00, 0x78,
    0x03, 0xF0, 0x0F, 0xC0, 0x73, 0x01, 0xCE, 0x06, 0x38, 0x38, 0x70, 0xFF, 0xC7, 0xFF, 0x1F, 0xFE,
    0x70, 0x3B, 0x80, 0x6E, 0x01, 0xC0, 0x03, 0xC0, 0x7C, 0x03, 0x82, 0xE0, 0xE8, 0x3E, 0x04, 0x40,
    0x00, 0x3F, 0x07, 0xF0, 0x06, 0x00, 0xE1, 0xFC, 0xFF, 0x9C, 0x73, 0x0E, 0x61, 0xCF, 0xF8, 0xFF,
    0x07, 0x00, 0x04, 0x40, 0x3F, 0x81, 0xFC, 0x00, 0x00, 0x03, 0x00, 0x1E, 0x00, 0xFC, 0x03, 0x30,
    0x03, 0x00, 0x1E, 0x00, 0x78, 0x03, 0xF0, 0x0F, 0xC0, 0x73, 0x01, 0xCE, 0x06, 0x38, 0x38, 0x70,
    0xFF, 0xC7, 0xFF, 0x1F, 0xFE, 0x70, 0x3B, 0x80, 0x6E, 0x01, 0xC0, 0x1D, 0x8F, 0xE3, 0x30, 0x10,
    0x0E, 0x07, 0xC1, 0x10, 0x00, 0x3F, 0x0F, 0xE0, 0x18, 0x07, 0x1F, 0xDF, 0xF7, 0x1D, 0x87, 0x61,
    0xDF, 0xF3, 0xFC, 0x38, 0x00, 0x00, 0x0C, 0x00, 0x78, 0x03, 0xF0, 0x0C, 0xC0, 0x0C, 0x00, 0x78,
    0x01, 0xE0, 0x0F, 0xC0, 0x3F, 0x01, 0xCC, 0x07, 0x38, 0x18, 0xE0, 0xE1, 0xC3, 0xFF, 0x1F, 0xFC,
    0x7F, 0xF9, 0xC0, 0xEE, 0x01, 0xB8, 0x07, 0x00, 0x00, 0x0C, 0x00, 0x70, 0x00, 0xC0, 0x00, 0x01,
    0x00, 0xE0, 0x7C, 0x11, 0x00, 0x03, 0xF0, 0xFE, 0x01, 0x80, 0x71, 0xFD, 0xFF, 0x71, 0xD8, 0x76,
    0x1D, 0xFF, 0x3F, 0xC3, 0x80, 0xE0, 0x38, 0x0E, 0x00, 0x00, 0x80, 0x07, 0x00, 0x1C, 0x00, 0xE0,
    0x0D, 0xC0, 0x3F, 0x00, 0x78, 0x00, 0x00, 0x03, 0x00, 0x1E, 0x00, 0x78, 0x03, 0xF0, 0x0F, 0xC0,
    0x73, 0x01, 0xCE, 0x06, 0x38, 0x38, 0x70, 0xFF, 0xC7, 0xFF, 0x1F, 0xFE, 0x70, 0x3B, 0x80, 0x6E,
    0x01, 0xC0, 0x01, 0x00, 0xE0, 0x70, 0x38, 0x35, 0x07, 0xC1, 0xF0, 0x10, 0x00, 0x0F, 0xC3, 0xF8,
    0x06, 0x01, 0xC7, 0xF7, 0xFD, 0xC7, 0x61, 0xD8, 0x77, 0xFC, 0xFF, 0x0E, 0x00, 0x04, 0x00, 0x38,
    0x00, 0xF0, 0x00, 0xC0, 0x0C, 0xC0, 0x3F, 0x00, 0x78, 0x00, 0x00, 0x03, 0x00, 0x1E, 0x00, 0x78,
    0x03, 0xF0, 0x0F, 0xC0, 0x73, 0x01, 0xCE, 0x06, 0x38, 0x38, 0x70, 0xFF, 0xC7, 0xFF, 0x1F, 0xFE,
    0x70, 0x3B, 0x80, 0x6E, 0x01, 0xC0, 0x10, 0x0E, 0x01, 0xC0, 0x38, 0x35, 0x07, 0xC1, 0xF0, 0x10,
    0x00, 0x0F, 0xC3, 0xF8, 0x06, 0x01, 0xC7, 0xF7, 0xFD, 0xC7, 0x61, 0xD8, 0x77, 0xFC, 0xFF, 0x0E,
    0x00, 0x07, 0x00, 0x1E, 0x00, 0x38, 0x00, 0xE0, 0x0F, 0xC0, 0x3F, 0x00, 0x78, 0x00, 0x00, 0x03,
    0x00, 0x1E, 0x00, 0x78, 0x03, 0xF0, 0x0F, 0xC0, 0x73, 0x01, 0xCE, 0x06, 0x38, 0x38, 0x70, 0xFF,
    0xC7, 0xFF, 0x1F, 0xFE, 0x70, 0x3B, 0x80, 0x6E, 0x01, 0xC0, 0x0C, 0x07, 0xC0, 0x70, 0x38, 0x3D,
    0x07, 0xC1, 0xF0, 0x10, 0x00, 0x0F, 0xC3, 0xF8, 0x06, 0x01, 0xC7, 0xF7, 0xFD, 0xC7, 0x61, 0xD8,
    0x77, 0xFC, 0xFF, 0x0E, 0x00, 0x0F, 0x60, 0x7F, 0x00, 0x98, 0x03, 0x30, 0x0F, 0xC0, 0x1E, 0x00,
    0x00, 0x00, 0xC0, 0x07, 0x80, 0x1E, 0x00, 0xFC, 0x03, 0xF0, 0x1C, 0xC0, 0x73, 0x81, 0x8E, 0x0E,
    0x1C, 0x3F, 0xF1, 0xFF, 0xC7, 0xFF, 0x9C, 0x0E, 0xE0, 0x1B, 0x80, 0x70, 0x1D, 0x8F, 0xE3, 0x70,
    0xC4, 0x1F, 0x07, 0xC0, 0x40, 0x00, 0x3F, 0x0F, 0xE0, 0x18, 0x07, 0x1F, 0xDF, 0xF7, 0x1D, 0x87,
    0x61, 0xDF, 0xF3, 0xFC, 0x38, 0x0C, 0xC0, 0x3F, 0x00, 0x78, 0x00, 0x00, 0x03, 0x00, 0x1E, 0x00,
    0x78, 0x03, 0xF0, 0x0F, 0xC0, 0x73, 0x01, 0xCE, 0x06, 0x38, 0x38, 0x70, 0xFF, 0xC7, 0xFF, 0x1F,
    0xFE, 0x70, 0x3B, 0x80, 0x6E, 0x01, 0xC0, 0x00, 0x03, 0x00, 0x1C, 0x00, 0x30, 0x00, 0x31, 0x0F,
    0xC1, 0xF0, 0x10, 0x00, 0x0F, 0xC3, 0xF8, 0x06, 0x01, 0xC7, 0xF7, 0xFD, 0xC7, 0x61, 0xD8, 0x77,
    0xFC, 0xFF, 0x0E, 0x03, 0x80, 0xE0, 0x38, 0x7F, 0xDF, 0xFB, 0xFF, 0x70, 0x0E, 0x01, 0xC0, 0x3F,
    0xE7, 0xFC, 0xFF, 0x9C, 0x03, 0x80, 0x70, 0x0E, 0x01, 0xFF, 0xBF, 0xF8, 0x00, 0x0C, 0x03, 0xC0,
    0x30, 0x00, 0x00, 0x0F, 0xC7, 0xFB, 0x8E, 0xE1, 0xFF, 0xFF, 0xFF, 0x80, 0xE0, 0x38, 0x07, 0xF8,
    0xFE, 0x0E, 0x03, 0x01, 0xC0, 0x30, 0x0C, 0x03, 0xE0, 0x1C, 0x07, 0x00, 0xC0, 0xFF, 0xBF, 0xF7,
    0xFE, 0xE0, 0x1C, 0x03, 0x80, 0x7F, 0xCF, 0xF9, 0xFF, 0x38, 0x07, 0x00, 0xE0, 0x1C, 0x03, 0xFF,
    0x7F, 0xF0, 0x1C, 0x07, 0x80, 0xE0, 0x30, 0x08, 0x0F, 0xC7, 0xFB, 0x8E, 0xE1, 0xFF, 0xFF, 0xFF,
    0x80, 0xE0, 0x38, 0x07, 0xF8, 0xFE, 0x0E, 0x00, 0x1D, 0x87, 0xF0, 0xCC, 0x00, 0x07, 0xFD, 0xFF,
    0xBF, 0xF7, 0x00, 0xE0, 0x1C, 0x03, 0xFE, 0x7F, 0xCF, 0xF9, 0xC0, 0x38, 0x07, 0x00, 0xE0, 0x1F,
    0xFB, 0xFF, 0x80, 0x11, 0x0F, 0xC7, 0xF0, 0x00, 0x00, 0x0F, 0xC7, 0xFB, 0x8E, 0xE1, 0xFF, 0xFF,
    0xFF, 0x80, 0xE0, 0x38, 0x07, 0xF8, 0xFE, 0x0E, 0x00, 0x00, 0x40, 0x06, 0x00, 0xE0, 0xDC, 0x1F,
    0x83, 0xF0, 0x11, 0x07, 0xFC, 0xFF, 0xCF, 0xFC, 0xE0, 0x0E, 0x00, 0xE0, 0x0F, 0xF8, 0xFF, 0x8F,
    0xF8, 0xE0, 0x0E, 0x00, 0xE0, 0x0E, 0x00, 0xFF, 0xCF, 0xFE, 0x00, 0x40, 0x1C, 0x07, 0x86, 0xE1,
    0xF8, 0x7E, 0x0C, 0xC0, 0x00, 0x3F, 0x0F, 0xF3, 0x8E, 0x70, 0xEF, 0xFD, 0xFF, 0xB8, 0x07, 0x00,
    0xE0, 0x0F, 0xF0, 0xFE, 0x07, 0x00, 0x02, 0x00, 0xE0, 0x1E, 0x07, 0xC1, 0xF8, 0x7E, 0x04, 0x43,
    0xFE, 0xFF, 0xDF, 0xFB, 0x80, 0x70, 0x0E, 0x01, 0xFF, 0x3F, 0xE7, 0xFC, 0xE0, 0x1C, 0x03, 0x80,
    0x70, 0x0F, 0xFD, 0xFF, 0xC0, 0x02, 0x01, 0x80, 0x70, 0x3E, 0x1F, 0x0F, 0xC3, 0x30, 0x00, 0x3F,
    0x1F, 0xEE, 0x3B, 0x87, 0xFF, 0xFF, 0xFE, 0x03, 0x80, 0xE0, 0x1F, 0xE3, 0xF8, 0x38, 0x03, 0xC0,
    0x78, 0x07, 0x06, 0xE1, 0xE8, 0x7E, 0x04, 0x43, 0xFE, 0xFF, 0xDF, 0xFB, 0x80, 0x70, 0x0E, 0x01,
    0xFF, 0x3F, 0xE7, 0xFC, 0xE0, 0x1C, 0x03, 0x80, 0x70, 0x0F, 0xFD, 0xFF, 0xC0, 0x03, 0xC0, 0x78,
    0x07, 0x06, 0xE1, 0xE8, 0x7E, 0x0C, 0xC0, 0x00, 0x3F, 0x0F, 0xF3, 0x8E, 0x70, 0xEF, 0xFD, 0xFF,
    0xB8, 0x07, 0x00, 0xE0, 0x0F, 0xF0, 0xFE, 0x07, 0x00, 0x19, 0x07, 0xF0, 0xFC, 0x00, 0x00, 0xC0,
    0x3C, 0x0F, 0xC0, 0x88, 0x7F, 0xDF, 0xFB, 0xFF, 0x70, 0x0E, 0x01, 0xC0, 0x3F, 0xE7, 0xFC, 0xFF,
    0x9C, 0x03, 0x80, 0x70, 0x0E, 0x01, 0xFF, 0xBF, 0xF8, 0x00, 0x0F, 0xE7, 0xF0, 0x00, 0x0C, 0x07,
    0x83, 0xF0, 0xCC, 0x00, 0x0F, 0xC7, 0xFB, 0x8E, 0xE1, 0xFF, 0xFF, 0xFF, 0x80, 0xE0, 0x38, 0x07,
    0xF8, 0xFE, 0x0E, 0x00, 0x00, 0x01, 0x80, 0x78, 0x1F, 0x81, 0x10, 0xFF, 0xBF, 0xF7, 0xFE, 0xE0,
    0x1C, 0x03, 0x80, 0x7F, 0xCF, 0xF9, 0xFF, 0x38, 0x07, 0x00, 0xE0, 0x1C, 0x03, 0xFF, 0x7F, 0xF0,
    0x00, 0x18, 0x07, 0x80, 0x60, 0x00, 0x03, 0x01, 0xE0, 0xFC, 0x33, 0x00, 0x03, 0xF1, 0xFE, 0xE3,
    0xB8, 0x7F, 0xFF, 0xFF, 0xE0, 0x38, 0x0E, 0x01, 0xFE, 0x3F, 0x83, 0x80, 0xC0, 0x70, 0x0C, 0x00,
    0x23, 0xDE, 0x73, 0x19, 0xCE, 0x73, 0x9C, 0xE7, 0x39, 0xCE, 0x73, 0x9C, 0xE0, 0x73, 0xCE, 0x62,
    0x39, 0xCE, 0x73, 0x9C, 0xE7, 0x39, 0xCE, 0x6E, 0xEE, 0xEE, 0xEE, 0xEE, 0xEE, 0xEE, 0xE0, 0x6E,
    0xE0, 0x5F, 0xA1, 0xFF, 0xFF, 0xFF, 0xFF, 0x1F, 0xF0, 0x0F, 0xC0, 0xFF, 0xC3, 0xCF, 0x9C, 0x0E,
    0xE0, 0x1F, 0x80, 0x7E, 0x01, 0xF8, 0x07, 0xE0, 0x1F, 0x80, 0x7E, 0x01, 0xDC, 0x0F, 0x78, 0x78,
    0xFF, 0xC1, 0xFE, 0x00, 0xE0, 0x03, 0x00, 0x0E, 0x00, 0x30, 0x00, 0x00, 0x07, 0xE1, 0xFE, 0x78,
    0xEE, 0x1D, 0xC1, 0xB0, 0x3F, 0x07, 0xE1, 0xDC, 0x39, 0xFE, 0x1F, 0x80, 0xC0, 0x18, 0x03, 0x80,
    0x60, 0x02, 0x00, 0x1E, 0x00, 0x18, 0x00, 0xE0, 0x03, 0x00, 0x3F, 0x03, 0xFF, 0x0F, 0x3E, 0x70,
    0x3B, 0x80, 0x7E, 0x01, 0xF8, 0x07, 0xE0, 0x1F, 0x80, 0x7E, 0x01, 0xF8, 0x07, 0x70, 0x3D, 0xE1,
    0xE3, 0xFF, 0x07, 0xF8, 0x03, 0x80, 0x1E, 0x03, 0xC0, 0x38, 0x07, 0x00, 0xC0, 0x7E, 0x1F, 0xE7,
    0x8E, 0xE1, 0xDC, 0x1B, 0x03, 0xF0, 0x7E, 0x1D, 0xC3, 0x9F, 0xE1, 0xF8, 0x0C, 0x00, 0x00, 0x10,
    0x00, 0xE0, 0x07, 0x00, 0xD8, 0x07, 0xC0, 0x3F, 0x00, 0xCC, 0x03, 0xF0, 0x3F, 0xF0, 0xF3, 0xE7,
    0x03, 0xB8, 0x07, 0xE0, 0x1F, 0x80, 0x7E, 0x01, 0xF8, 0x07, 0xE0, 0x1F, 0x80, 0x77, 0x03, 0xDE,
    0x1E, 0x3F, 0xF0, 0x7F, 0x80, 0x38, 0x00, 0x00, 0x40, 0x1C, 0x03, 0x86, 0xE1, 0xF8, 0x7E, 0x0C,
    0xC0, 0x00, 0x3F, 0x0F, 0xF3, 0xC7, 0x70, 0xEE, 0x0D, 0x81, 0xF8, 0x3F, 0x0E, 0xE1, 0xCF, 0xF0,
    0xFC, 0x06, 0x00, 0x01, 0x80, 0x07, 0x00, 0x0E, 0x00, 0xD8, 0x07, 0x80, 0x3F, 0x00, 0xCC, 0x03,
    0xF0, 0x3F, 0xF0, 0xF3, 0xE7, 0x03, 0xB8, 0x07, 0xE0, 0x1F, 0x80, 0x7E, 0x01, 0xF8, 0x07, 0xE0,
    0x1F, 0x80, 0x77, 0x03, 0xDE, 0x1E, 0x3F, 0xF0, 0x7F, 0x80, 0x38, 0x00, 0x02, 0x00, 0xE0, 0x0E,
    0x06, 0xC1, 0xE0, 0x7E, 0x0C, 0xC0, 0x00, 0x3F, 0x0F, 0xF3, 0xC7, 0x70, 0xEE, 0x0D, 0x81, 0xF8,
    0x3F, 0x0E, 0xE1, 0xCF, 0xF0, 0xFC, 0x06, 0x00, 0x00, 0xF0, 0x03, 0xC0, 0x07, 0x00, 0xD8, 0x07,
    0x80, 0x3F, 0x00, 0xCC, 0x03, 0xF0, 0x3F, 0xF0, 0xF3, 0xE7, 0x03, 0xB8, 0x07, 0xE0, 0x1F, 0x80,
    0x7E, 0x01, 0xF8, 0x07, 0xE0, 0x1F, 0x80, 0x77, 0x03, 0xDE, 0x1E, 0x3F, 0xF0, 0x7F, 0x80, 0x38,
    0x00, 0x01, 0x80, 0x78, 0x03, 0x86, 0xE1, 0xF8, 0x7E, 0x0C, 0xC0, 0x00, 0x3F, 0x0F, 0xF3, 0xC7,
    0x70, 0xEE, 0x0D, 0x81, 0xF8, 0x3F, 0x0E, 0xE1, 0xCF, 0xF0, 0xFC, 0x06, 0x00, 0x0F, 0xE0, 0x3F,
    0x00, 0x98, 0x00, 0xC0, 0x07, 0x80, 0x3F, 0x00, 0xCC, 0x03, 0xF0, 0x3F, 0xF0, 0xF3, 0xE7, 0x03,
    0xB8, 0x07, 0xE0, 0x1F, 0x80, 0x7E, 0x01, 0xF8, 0x07, 0xE0, 0x1F, 0x80, 0x77, 0x03, 0xDE, 0x1E,
    0x3F, 0xF0, 0x7F, 0x80, 0x38, 0x00, 0x3D, 0x87, 0xE0, 0x98, 0x06, 0x01, 0xE0, 0x7E, 0x0C, 0xC0,
    0x00, 0x3F, 0x0F, 0xF3, 0xC7, 0x70, 0xEE, 0x0D, 0x81, 0xF8, 0x3F, 0x0E, 0xE1, 0xCF, 0xF0, 0xFC,
    0x06, 0x00, 0x01, 0x00, 0x0E, 0x00, 0x7C, 0x03, 0x30, 0x00, 0x00, 0x3F, 0x03, 0xFF, 0x0F, 0x3E,
    0x70, 0x3B, 0x80, 0x7E, 0x01, 0xF8, 0x07, 0xE0, 0x1F, 0x80, 0x7E, 0x01, 0xF8, 0x07, 0x70, 0x3D,
    0xE1, 0xE3, 0xFF, 0x07, 0xF8, 0x03, 0x80, 0x0C, 0x00, 0x38, 0x00, 0xC0, 0x00, 0x01, 0x80, 0x78,
    0x1F, 0x83, 0x30, 0x00, 0x0F, 0xC3, 0xFC, 0xF1, 0xDC, 0x3B, 0x83, 0x60, 0x7E, 0x0F, 0xC3, 0xB8,
    0x73, 0xFC, 0x3F, 0x01, 0x80, 0x30, 0x07, 0x00, 0xC0, 0x00, 0x80, 0x03, 0x80, 0x0E, 0x00, 0x18,
    0x60, 0x20, 0xC1, 0xFB, 0x8F, 0xFF, 0x1E, 0x7C, 0x70, 0x39, 0xC0, 0x3B, 0x80, 0x77, 0x00, 0xEE,
    0x01, 0xDC, 0x03, 0xB8, 0x07, 0x70, 0x0E, 0x70, 0x3C, 0xF0, 0xF0, 0xFF, 0xC0, 0xFF, 0x00, 0x38,
    0x00, 0x00, 0x00, 0x70, 0x07, 0x00, 0xE0, 0x0C, 0x60, 0x06, 0x3F, 0xE7, 0xFE, 0xF1, 0xCE, 0x1C,
    0xE0, 0xCC, 0x0E, 0xE0, 0xEE, 0x1C, 0xE1, 0xC7, 0xF8, 0x3F, 0x00, 0xC0, 0x04, 0x00, 0x1C, 0x00,
    0x1C, 0x00, 0x1C, 0x60, 0x10, 0xC1, 0xFB, 0x8F, 0xFF, 0x1E, 0x7C, 0x70, 0x39, 0xC0, 0x3B, 0x80,
    0x77, 0x00, 0xEE, 0x01, 0xDC, 0x03, 0xB8, 0x07, 0x70, 0x0E, 0x70, 0x3C, 0xF0, 0xF0, 0xFF, 0xC0,
    0xFF, 0x00, 0x38, 0x00, 0x00, 0x01, 0x80, 0x1C, 0x00, 0xE0, 0x06, 0x60, 0x06, 0x3F, 0xE7, 0xFE,
    0xF1, 0xCE, 0x1C, 0xE0, 0xCC, 0x0E, 0xE0, 0xEE, 0x1C, 0xE1, 0xC7, 0xF8, 0x3F, 0x00, 0xC0, 0x02,
    0x00, 0x0F, 0x00, 0x06, 0x00, 0x1C, 0x60, 0x30, 0xC1, 0xFB, 0x8F, 0xFF, 0x1E, 0x7C, 0x70, 0x39,
    0xC0, 0x3B, 0x80, 0x77, 0x00, 0xEE, 0x01, 0xDC, 0x03, 0xB8, 0x07, 0x70, 0x0E, 0x70, 0x3C, 0xF0,
    0xF0, 0xFF, 0xC0, 0xFF, 0x00, 0x38, 0x00, 0x1E, 0x01, 0xE0, 0x0E, 0x00, 0xE6, 0x0C, 0x63, 0xFE,
    0x7F, 0xEF, 0x1C, 0xE1, 0xCE, 0x0C, 0xC0, 0xEE, 0x0E, 0xE1, 0xCE, 0x1C, 0x7F, 0x83, 0xF0, 0x0C,
    0x00, 0x06, 0x40, 0x1F, 0xC0, 0x3F, 0x30, 0x00, 0x60, 0xFD, 0xC7, 0xFF, 0x8F, 0x3E, 0x38, 0x1C,
    0xE0, 0x1D, 0xC0, 0x3B, 0x80, 0x77, 0x00, 0xEE, 0x01, 0xDC, 0x03, 0xB8, 0x07, 0x38, 0x1E, 0x78,
    0x78, 0x7F, 0xE0, 0x7F, 0x80, 0x1C, 0x00, 0x00, 0x03, 0xF8, 0x3F, 0x00, 0x06, 0x00, 0x63, 0xFE,
    0x7F, 0xEF, 0x1C, 0xE1, 0xCE, 0x0C, 0xC0, 0xEE, 0x0E, 0xE1, 0xCE, 0x1C, 0x7F, 0x83, 0xF0, 0x0C,
    0x00, 0x00, 0x0C, 0x00, 0x18, 0x3F, 0x71, 0xFF, 0xE3, 0xCF, 0x8E, 0x07, 0x38, 0x07, 0x70, 0x0E,
    0xE0, 0x1D, 0xC0, 0x3B, 0x80, 0x77, 0x00, 0xEE, 0x01, 0xCE, 0x07, 0x9E, 0x1E, 0x1F, 0xF8, 0x1F,
    0xE0, 0x07, 0x00, 0x0C, 0x00, 0x1C, 0x00, 0x30, 0x00, 0x00, 0x00, 0x06, 0x00, 0x63, 0xFE, 0x7F,
    0xEF, 0x1C, 0xE1, 0xCE, 0x0C, 0xC0, 0xEE, 0x0E, 0xE1, 0xCE, 0x1C, 0x7F, 0x83, 0xF0, 0x0C, 0x00,
    0xC0, 0x0E, 0x00, 0xC0, 0xE0, 0x7E, 0x07, 0xE0, 0x7E, 0x07, 0xE0, 0x7E, 0x07, 0xE0, 0x7E, 0x07,
    0xE0, 0x7E, 0x07, 0xE0, 0x76, 0x07, 0x70, 0xE7, 0xFE, 0x3F, 0xC0, 0x70, 0x06, 0x00, 0x70, 0x06,
    0x00, 0xE1, 0xF8, 0x7E, 0x1F, 0x87, 0xE1, 0xF8, 0x7E, 0x1F, 0x87, 0xE1, 0xDF, 0xF3, 0xFC, 0x38,
    0x0C, 0x07, 0x80, 0xC0, 0x04, 0x00, 0xF0, 0x03, 0x00, 0x70, 0x06, 0x0E, 0x07, 0xE0, 0x7E, 0x07,
    0xE0, 0x7E, 0x07, 0xE0, 0x7E, 0x07, 0xE0, 0x7E, 0x07, 0xE0, 0x7E, 0x07, 0x60, 0x77, 0x0E, 0x7F,
    0xE3, 0xFC, 0x07, 0x00, 0x1C, 0x07, 0x80, 0xE0, 0x30, 0x0C, 0x38, 0x7E, 0x1F, 0x87, 0xE1, 0xF8,
    0x7E, 0x1F, 0x87, 0xE1, 0xF8, 0x77, 0xFC, 0xFF, 0x0E, 0x00, 0x01, 0x00, 0x07, 0x00, 0x1C, 0x00,
    0x30, 0x70, 0x40, 0xFC, 0x0F, 0xB8, 0x1F, 0x70, 0x38, 0xE0, 0x71, 0xC0, 0xE3, 0x81, 0xC7, 0x03,
    0x8E, 0x07, 0x1C, 0x0E, 0x38, 0x1C, 0x70, 0x38, 0x60, 0x70, 0xE1, 0xC1, 0xFF, 0x81, 0xFE, 0x00,
    0x70, 0x00, 0x00, 0x00, 0x60, 0x0E, 0x00, 0xC0, 0x18, 0x30, 0x07, 0xE1, 0xFE, 0x1E, 0xE1, 0xCE,
    0x1C, 0xE1, 0xCE, 0x1C, 0xE1, 0xCE, 0x1C, 0xE1, 0xC7, 0xFC, 0x3F, 0xC0, 0xE0, 0x00, 0x00, 0x18,
    0x00, 0x38, 0x00, 0x38, 0x70, 0x20, 0xFC, 0x0F, 0xB8, 0x1F, 0x70, 0x38, 0xE0, 0x71, 0xC0, 0xE3,
    0x81, 0xC7, 0x03, 0x8E, 0x07, 0x1C, 0x0E, 0x38, 0x1C, 0x70, 0x38, 0x60, 0x70, 0xE1, 0xC1, 0xFF,
    0x81, 0xFE, 0x00, 0x70, 0x00, 0x00, 0x03, 0x80, 0x3C, 0x01, 0xC0, 0x0C, 0x30, 0x07, 0xE1, 0xFE,
    0x1E, 0xE1, 0xCE, 0x1C, 0xE1, 0xCE, 0x1C, 0xE1, 0xCE, 0x1C, 0xE1, 0xC7, 0xFC, 0x3F, 0xC0, 0xE0,
    0x04, 0x00, 0x1E, 0x00, 0x0C, 0x00, 0x38, 0x70, 0x60, 0xFC, 0x0F, 0xB8, 0x1F, 0x70, 0x38, 0xE0,
    0x71, 0xC0, 0xE3, 0x81, 0xC7, 0x03, 0x8E, 0x07, 0x1C, 0x0E, 0x38, 0x1C, 0x70, 0x38, 0x60, 0x70,
    0xE1, 0xC1, 0xFF, 0x81, 0xFE, 0x00, 0x70, 0x00, 0x1C, 0x01, 0xE0, 0x0E, 0x00, 0xC3, 0x0C, 0x7E,
    0x1F, 0xE1, 0xEE, 0x1C, 0xE1, 0xCE, 0x1C, 0xE1, 0xCE, 0x1C, 0xE1, 0xCE, 0x1C, 0x7F, 0xC3, 0xFC,
    0x0E, 0x00, 0x0C, 0xC0, 0x3F, 0x80, 0x7E, 0x38, 0x00, 0x7E, 0x07, 0xDC, 0x0F, 0xB8, 0x1C, 0x70,
    0x38, 0xE0, 0x71, 0xC0, 0xE3, 0x81, 0xC7, 0x03, 0x8E, 0x07, 0x1C, 0x0E, 0x38, 0x1C, 0x30, 0x38,
    0x70, 0xE0, 0xFF, 0xC0, 0xFF, 0x00, 0x38, 0x00, 0x01, 0x03, 0xF8, 0x7F, 0x00, 0x03, 0x00, 0x7E,
    0x1F, 0xE1, 0xEE, 0x1C, 0xE1, 0xCE, 0x1C, 0xE1, 0xCE, 0x1C, 0xE1, 0xCE, 0x1C, 0x7F, 0xC3, 0xFC,
    0x0E, 0x00, 0x00, 0x0E, 0x00, 0x1F, 0x81, 0xF7, 0x03, 0xEE, 0x07, 0x1C, 0x0E, 0x38, 0x1C, 0x70,
    0x38, 0xE0, 0x71, 0xC0, 0xE3, 0x81, 0xC7, 0x03, 0x8E, 0x07, 0x0C, 0x0E, 0x1C, 0x38, 0x3F, 0xF0,
    0x3F, 0xC0, 0x0E, 0x00, 0x18, 0x00, 0x38, 0x00, 0x60, 0x00, 0x00, 0x00, 0x03, 0x00, 0x7E, 0x1F,
    0xE1, 0xEE, 0x1C, 0xE1, 0xCE, 0x1C, 0xE1, 0xCE, 0x1C, 0xE1, 0xCE, 0x1C, 0x7F, 0xC3, 0xFC, 0x0E,
    0x00, 0xC0, 0x1E, 0x00, 0xC0, 0x0C, 0x00, 0x70, 0x01, 0xC0, 0x06, 0x00, 0x00, 0x70, 0x1D, 0xC1,
    0xCE, 0x1C, 0x38, 0xE1, 0xCE, 0x07, 0x70, 0x3F, 0x00, 0xF8, 0x03, 0x80, 0x1C, 0x00, 0xE0, 0x07,
    0x00, 0x38, 0x01, 0xC0, 0x0E, 0x00, 0x18, 0x03, 0x80, 0x38, 0x03, 0x00, 0x00, 0x00, 0x38, 0x37,
    0x0E, 0x71, 0xCE, 0x31, 0xC6, 0x1D, 0xC3, 0xB8, 0x36, 0x07, 0xC0, 0x70, 0x0E, 0x01, 0xC0, 0x70,
    0x7E, 0x0F, 0x80, 0xE0, 0x37, 0x03, 0x9C, 0x1C, 0xE1, 0xC3, 0x8E, 0x0E, 0xE0, 0x7E, 0x01, 0xF0,
    0x0F, 0x00, 0x38, 0x01, 0xC0, 0x0E, 0x00, 0x70, 0x03, 0x80, 0x1C, 0x00, 0x00, 0x06, 0x00, 0x38,
    0x01, 0xC0, 0xE0, 0xF8, 0x76, 0x1D, 0xC6, 0x71, 0x8C, 0xE3, 0xB8, 0x6C, 0x1F, 0x07, 0x80, 0xE0,
    0x38, 0x1C, 0xFE, 0x7F, 0x1C, 0x06, 0x00, 0x78, 0x00, 0xE0, 0x0E, 0x00, 0x60, 0x70, 0x1B, 0x81,
    0xCE, 0x0E, 0x70, 0xE1, 0xC7, 0x07, 0x70, 0x3F, 0x00, 0xF8, 0x07, 0x80, 0x1C, 0x00, 0xE0, 0x07,
    0x00, 0x38, 0x01, 0xC0, 0x0E, 0x00, 0x1E, 0x07, 0x80, 0xE0, 0x38, 0x0C, 0x38, 0x3E, 0x1D, 0x87,
    0x71, 0x9C, 0x63, 0x38, 0xEE, 0x1B, 0x07, 0xC1, 0xE0, 0x38, 0x0E, 0x07, 0x0F, 0x83, 0xC0, 0x1E,
    0xC0, 0xFE, 0x04, 0xE0, 0x00, 0x0E, 0x03, 0x70, 0x39, 0xC1, 0xCE, 0x1C, 0x38, 0xE0, 0xEE, 0x07,
    0xE0, 0x1F, 0x00, 0xF0, 0x03, 0x80, 0x1C, 0x00, 0xE0, 0x07, 0x00, 0x38, 0x01, 0xC0, 0x00, 0x0F,
    0xE3, 0xF0, 0x00, 0x00, 0x38, 0x3E, 0x1D, 0x87, 0x71, 0x9C, 0x63, 0x38, 0xEE, 0x1B, 0x07, 0xC1,
    0xE0, 0x38, 0x0E, 0x07, 0x0F, 0x83, 0xC0, 0xFF, 0xFF, 0xFF, 0xFF, 0x49, 0xE3, 0x1E, 0x78, 0xC3,
    0x0C, 0x30, 0xC3, 0x0C, 0x30, 0xC3, 0x0C, 0x00, 0x47, 0xBF, 0xFB, 0x4C, 0x30, 0xC3, 0x0C, 0x30,
    0xC3, 0x0C, 0x30, 0xC0, 0x00, 0x00, 0x87, 0xBF, 0x7C, 0xB0, 0xC3, 0x0C, 0x30, 0xC3, 0x0C, 0x30,
    0xC3, 0x0C, 0x00, 0x7F, 0xF7, 0xC0, 0x7F, 0xF7, 0xC0, 0x7F, 0xF7, 0xFF, 0x7F, 0xFF, 0xFD, 0xFF,
    0xFF, 0xF0, 0x7F, 0xFF, 0xFD, 0xFF, 0xFF, 0xF0, 0x66, 0xEE, 0xE0, 0x77, 0x76, 0xE0, 0x77, 0x76,
    0xE0, 0x66, 0x6E, 0xEE, 0xEE, 0xEE, 0x77, 0x77, 0x77, 0x66, 0xEE, 0x77, 0x77, 0x77, 0x66, 0xEE,
    0x0C, 0x03, 0x00, 0xC0, 0x30, 0x0C, 0x3F, 0xFF, 0xFC, 0x30, 0x0C, 0x03, 0x00, 0xC0, 0x30, 0x0C,
    0x03, 0x00, 0xC0, 0x30, 0x0C, 0x03, 0x00, 0x0C, 0x03, 0x00, 0xC0, 0x30, 0x0C, 0x3F, 0xFF, 0xFC,
    0x30, 0x0C, 0x03, 0x0F, 0xFF, 0xFF, 0x0C, 0x03, 0x00, 0xC0, 0x30, 0x0C, 0x03, 0x00, 0x7B, 0xFF,
    0xFF, 0x78, 0xE1, 0xC3, 0xF0, 0xE1, 0xF8, 0x70, 0xE0, 0x7C, 0x38, 0x00, 0xEE, 0x38, 0x00, 0xC6,
    0x70, 0x00, 0xC6, 0x70, 0x00, 0xC6, 0xE0, 0x00, 0xEE, 0xC0, 0x00, 0x7D, 0xC0, 0x00, 0x01, 0x80,
    0x00, 0x03, 0xBE, 0x3E, 0x03, 0x77, 0x77, 0x07, 0x63, 0x63, 0x0E, 0x63, 0x63, 0x0E, 0x63, 0x63,
    0x1C, 0x77, 0x77, 0x1C, 0x3E, 0x3E, 0x18, 0xE3, 0x9C, 0xE1, 0xC3, 0x8E, 0x18, 0x61, 0xC3, 0x0E,
    0x1C, 0xE3, 0x1C, 0x60, 0x00, 0xE0, 0x38, 0x07, 0x01, 0xC0, 0x30, 0x0E, 0x01, 0x80, 0x70, 0x0C,
    0x03, 0x80, 0x60, 0x1C, 0x07, 0x00, 0xE0, 0x38, 0x00, 0x6E, 0xE4, 0x00, 0xE6, 0x77, 0x31, 0x7C,
    0xDF, 0x9F, 0x3E, 0x7C, 0xDB, 0xBE, 0x0C, 0x1C, 0x3C, 0x7C, 0x6C, 0xFE, 0x0C, 0x0C, 0x7E, 0xC1,
    0x83, 0xE1, 0xE0, 0xD3, 0xBE, 0x1E, 0x71, 0x83, 0xEE, 0xEC, 0xDB, 0x9E, 0xFE, 0x1C, 0x70, 0xC1,
    0x87, 0x0C, 0x18, 0x7C, 0xDD, 0x9B, 0xE7, 0xFC, 0xFB, 0xBE, 0x7C, 0xDF, 0x9F, 0x37, 0xE1, 0xCF,
    0x3C, 0x7C, 0xDF, 0x9F, 0x3E, 0x7C, 0xDB, 0xBE, 0x3F, 0xF3, 0x33, 0x33, 0x7C, 0xD8, 0x38, 0xE3,
    0xCF, 0x18, 0x3F, 0x7C, 0xD8, 0x31, 0xE0, 0xE0, 0xD3, 0xFE, 0x0C, 0x1C, 0x3C, 0x7C, 0x6C, 0xFE,
    0x0C, 0x0C, 0x7E, 0xC1, 0x83, 0xE1, 0xE0, 0xD3, 0xBE, 0x1E, 0x71, 0x83, 0xEE, 0xEC, 0xDB, 0x9E,
    0xFE, 0x1C, 0x70, 0xC1, 0x87, 0x0C, 0x18, 0x7C, 0xDD, 0x9B, 0xE7, 0xFC, 0xFB, 0xBE, 0x7C, 0xDF,
    0x9F, 0x37, 0xE1, 0xCF, 0x3C, 0xFF, 0x8F, 0xFF, 0x3E, 0x0C, 0xF9, 0x33, 0xEE, 0xCF, 0xBB, 0x3E,
    0xEC, 0xFB, 0xB3, 0xEE, 0xCF, 0xB8, 0x7E, 0xE1, 0xFB, 0xFE, 0xEF, 0xF8, 0x07, 0xE0, 0xFE, 0x1E,
    0x21, 0xC0, 0x7F, 0xC7, 0xFC, 0x38, 0x07, 0xF8, 0x7F, 0x81, 0x80, 0x1C, 0x01, 0xF2, 0x0F, 0xF0,
    0x7F, 0xFF, 0xEF, 0xFE, 0x06, 0x00, 0x60, 0x07, 0xC0, 0x7C, 0x1F, 0x83, 0xE0, 0x37, 0xC0, 0x7C,
    0x1F, 0x83, 0xE0, 0x36, 0x00, 0x60, 0x06, 0x00, 0x3F, 0x83, 0xFC, 0x33, 0xC0, 0x0C, 0x00, 0xCF,
    0xFE, 0x07, 0x81, 0xE0, 0xFF, 0xE7, 0x00, 0x70, 0x07, 0x00, 0x3C, 0xC3, 0xFE, 0x1F, 0xC0, 0xFF,
    0xFF, 0xFC, 0x1C, 0x01, 0xCF, 0xFD, 0xFF, 0x80, 0xE0, 0x78, 0xFF, 0x1F, 0x83, 0xC0, 0x1C, 0x01,
    0xC0, 0x1C, 0x01, 0xC0, 0x3F, 0x03, 0xFC, 0x33, 0xC0, 0x0E, 0x00, 0xE1, 0xFE, 0x3F, 0xE7, 0x9F,
    0x70, 0x76, 0x06, 0x60, 0x66, 0x0E, 0x60, 0xE7, 0xBC, 0x3F, 0x81, 0xF0, 0x07, 0x00, 0x1E, 0x00,
    0xF8, 0x03, 0xF0, 0x0D, 0xC0, 0x73, 0x81, 0x8E, 0x0E, 0x18, 0x38, 0x70, 0xC1, 0xC7, 0x03, 0x1C,
    0x0E, 0x60, 0x3B, 0xFF, 0xEF, 0xFF, 0xC0, 0xFF, 0xFF, 0xFF, 0xE0, 0x7E, 0x07, 0xE0, 0x7E, 0x07,
    0xE0, 0x7E, 0x07, 0xE0, 0x7E, 0x07, 0xE0, 0x7E, 0x07, 0xE0, 0x7E, 0x07, 0xE0, 0x7E, 0x07, 0xE0,
    0x70, 0xFF, 0xFF, 0xFD, 0xC0, 0x38, 0x03, 0x80, 0x38, 0x07, 0x00, 0x70, 0x07, 0x01, 0xC0, 0x70,
    0x1E, 0x03, 0x80, 0xE0, 0x38, 0x07, 0xFF, 0xFF, 0xE0, 0xFF, 0xFF, 0xF0, 0x00, 0xE0, 0x38, 0x07,
    0x01, 0xC0, 0x30, 0x0E, 0x01, 0x80, 0x70, 0x0C, 0x03, 0x80, 0x60, 0x1C, 0x07, 0x00, 0xE0, 0x38,
    0x00, 0xFF, 0x80, 0x00, 0x30, 0x01, 0x80, 0x1C, 0x00, 0xC0, 0x06, 0x00, 0x70, 0x03, 0x80, 0x18,
    0x70, 0xC7, 0xCE, 0x3E, 0x60, 0x3B, 0x01, 0xF8, 0x07, 0x80, 0x3C, 0x00, 0xE0, 0x06, 0x00, 0x7D,
    0xE7, 0xFF, 0xE7, 0x3E, 0x73, 0x7F, 0xF7, 0xDE, 0x0F, 0x1F, 0x1E, 0x18, 0x18, 0x18, 0x18, 0x18,
    0x18, 0x18, 0x18, 0x18, 0x18, 0x18, 0x18, 0x38, 0x38, 0x78, 0xF8, 0xF0, 0x3C, 0x6F, 0xFD, 0xBF,
    0xB1, 0xE3, 0xC6, 0xFF, 0xDB, 0xFB, 0x1E, 0x03, 0x00, 0xC0, 0x73, 0xFF, 0xFF, 0xC3, 0x80, 0xC0,
    0x70, 0xFF, 0xFF, 0xF3, 0x01, 0xC0, 0x60, 0x00, 0x01, 0xC3, 0xF7, 0xFB, 0xF0, 0xF0, 0x3F, 0x07,
    0xF8, 0x3F, 0x01, 0xC0, 0x0F, 0xFF, 0xFF, 0xE0, 0x3F, 0x07, 0xF8, 0x3F, 0x03, 0xC3, 0xF7, 0xFB,
    0xF0, 0xE0, 0x00, 0x0F, 0xFF, 0xFF, 0x3F, 0x3F, 0x7E, 0x7F, 0x72, 0x72, 0xE0, 0x60, 0xE0, 0x60,
    0xFE, 0xFE, 0xFE, 0xFE, 0xE0, 0xE0, 0xE0, 0xE0, 0xE0, 0xE0, 0xE0, 0xE0, 0xE0, 0xE0, 0xE0, 0xE0,
    0xE0, 0xE0, 0xE0, 0xE0, 0xE0, 0xE0, 0x3E, 0xE7, 0xEE, 0x70, 0x0E, 0x00, 0xE0, 0x0F, 0xEE, 0xFE,
    0xEE, 0x0E, 0xE0, 0xEE, 0x0E, 0xE0, 0xEE, 0x0E, 0xE0, 0xEE, 0x0E, 0xE0, 0xEE, 0x0E, 0x3E, 0x63,
    0xF7, 0x1C, 0x39, 0xC1, 0xCE, 0x0E, 0x7F, 0x73, 0xFB, 0x9C, 0x1C, 0xE0, 0xE7, 0x07, 0x38, 0x39,
    0xC1, 0xCE, 0x0E, 0x70, 0x3B, 0x81, 0xFC, 0x0F, 0x3F, 0x3E, 0x67, 0xE7, 0xE6, 0x72, 0x72, 0x0E,
    0x06, 0x00, 0xE0, 0x60, 0x0F, 0xEF, 0xE6, 0xFE, 0xFE, 0x6E, 0x0E, 0x06, 0xE0, 0xE0, 0x6E, 0x0E,
    0x06, 0xE0, 0xE0, 0x6E, 0x0E, 0x06, 0xE0, 0xE0, 0x6E, 0x0E, 0x06, 0xE0, 0xE0, 0x6E, 0x0E, 0x06,
    0x3F, 0x3E, 0x63, 0xF3, 0xF3, 0x1C, 0x9C, 0x99, 0xC0, 0xC0, 0xCE, 0x06, 0x06, 0x7F, 0x7F, 0x33,
    0xFB, 0xF9, 0x9C, 0x1C, 0x0C, 0xE0, 0xE0, 0x67, 0x07, 0x03, 0x38, 0x38, 0x19, 0xC1, 0xC0, 0xCE,
    0x0E, 0x06, 0x70, 0x70, 0x3B, 0x83, 0x81, 0xFC, 0x1C, 0x07, 0x00, 0x00, 0x20, 0x00, 0x06, 0x60,
    0x00, 0x7E, 0x00, 0x07, 0xE0, 0x00, 0x3E, 0x00, 0x03, 0xE0, 0x00, 0x77, 0xFF, 0xFE, 0x3F, 0xFF,
    0xC0, 0xFF, 0xC0, 0x00, 0x00, 0x00, 0x01, 0x00, 0x01, 0xF8, 0x00, 0x0F, 0x80, 0x00, 0x60, 0x00,
    0x06, 0x00, 0x00, 0x00, 0x00, 0x00, 0x00, 0x00, 0x60, 0x00, 0x00, 0xE0, 0x00, 0x00, 0xE0, 0x00,
    0x30, 0xE0, 0x00, 0x78, 0xE0, 0x01, 0xF8, 0x7F, 0xFF, 0xFF, 0x3F, 0xFF, 0x1F, 0x0F, 0xF0, 0x00,
    0x00, 0x00, 0x00, 0x00, 0x00, 0x00, 0x01, 0xF0, 0x00, 0x01, 0xB0, 0x00, 0x00, 0xE0, 0x00, 0x00,
    0xE0, 0x00, 0x00, 0x40, 0x00, 0x08, 0x71, 0xC3, 0x0C, 0x30, 0xDF, 0x78, 0x00, 0x1F, 0x6C, 0xE3,
    0x84, 0x1C, 0x0C, 0x06, 0x07, 0x0F, 0xFF, 0xFC, 0x00, 0x00, 0x7C, 0x3E, 0x06, 0x07, 0x00, 0x00,
    0x00, 0x00, 0x00, 0x0C, 0x00, 0x00, 0xF8, 0x00, 0x0F, 0x80, 0x00, 0xF8, 0x00, 0x1F, 0x80, 0x00,
    0xF0, 0x20, 0x00, 0x06, 0x60, 0x00, 0x7E, 0x00, 0x07, 0xE0, 0x00, 0x3E, 0x00, 0x03, 0xE0, 0x00,
    0x77, 0xFF, 0xFE, 0x3F, 0xFF, 0xC0, 0xFF, 0xC0, 0x00, 0x00, 0x00, 0x00, 0xC0, 0x00, 0x00, 0xF8,
    0x00, 0x00, 0xF8, 0x00, 0x00, 0xFC, 0x00, 0x01, 0xF8, 0x00, 0x00, 0xF0, 0x00, 0x00, 0x00, 0x00,
    0x60, 0x00, 0x00, 0xE0, 0x00, 0x00, 0xE0, 0x00, 0x30, 0xE0, 0x00, 0x78, 0xE0, 0x01, 0xF8, 0x7F,
    0xFF, 0xFF, 0x3F, 0xFF, 0x1F, 0x0F, 0xF0, 0x00, 0x01, 0x87, 0x9F, 0x6F, 0xFF, 0x00, 0x10, 0xC3,
    0x0E, 0x38, 0x63, 0xBC, 0xF0, 0x00, 0x00, 0x18, 0x0F, 0x07, 0xC3, 0xE3, 0xF0, 0xF0, 0x00, 0x00,
    0x0E, 0x06, 0x03, 0x03, 0x87, 0xFF, 0xFE, 0x00, 0x7E, 0x07, 0xFE, 0x13, 0xFE, 0x07, 0xF0, 0xFC,
    0x0F, 0x00, 0xE0, 0x0E, 0x00, 0x67, 0xC7, 0x36, 0x30, 0xC1, 0x87, 0x0C, 0x00, 0x70, 0x01, 0xE0,
    0x07, 0xFF, 0x1F, 0xF8, 0x0C, 0x00, 0x7E, 0x00, 0x7F, 0xE0, 0x13, 0xFE, 0x00, 0x7F, 0x00, 0xFF,
    0x00, 0xF3, 0x80, 0xE0, 0xE0, 0xE0, 0x7E, 0x67, 0xDF, 0x73, 0x60, 0x30, 0xC0, 0x18, 0x70, 0x0C,
    0x00, 0x07, 0x00, 0x01, 0xE0, 0x00, 0x7F, 0xF0, 0x1F, 0xF8, 0x00, 0xC0, 0x00, 0x38, 0x07, 0xF0,
    0x7F, 0x80, 0x1F, 0x03, 0xF0, 0xF8, 0xFE, 0x0F, 0x80, 0x00, 0x00, 0x80, 0x1F, 0x81, 0xF0, 0x06,
    0x00, 0xE0, 0x00, 0x00, 0x38, 0x00, 0xFE, 0x01, 0xFE, 0x00, 0x0F, 0x80, 0x3F, 0x01, 0xFC, 0x3F,
    0x9F, 0x7C, 0x1F, 0x00, 0x00, 0x00, 0x00, 0x6C, 0x00, 0xD8, 0x00, 0xE0, 0x01, 0xC0, 0x01, 0x00,
    0x00, 0x00, 0x0C, 0x07, 0x83, 0xE1, 0xB1, 0xF0, 0xF0, 0x00, 0x00, 0x03, 0x03, 0x80, 0xE0, 0x30,
    0x1C, 0x06, 0x03, 0x41, 0xBF, 0xDF, 0xC0, 0x00, 0x00, 0x00, 0xC0, 0x07, 0x80, 0x3E, 0x01, 0xB0,
    0x1F, 0x80, 0xF0, 0x00, 0x00, 0x00, 0x00, 0x30, 0x03, 0x80, 0x0E, 0x00, 0x30, 0x01, 0xC0, 0x06,
    0x00, 0x38, 0x41, 0xC3, 0xFF, 0x9F, 0xDC, 0x00, 0x00, 0x00, 0x1C, 0x1C, 0x36, 0x3E, 0x12, 0x00,
    0x00, 0x0C, 0x0E, 0x06, 0x07, 0x07, 0x07, 0x06, 0x0E, 0x1C, 0x7C, 0xF0, 0x60, 0x00, 0x03, 0x80,
    0x70, 0x1B, 0x03, 0xE0, 0x08, 0x00, 0x00, 0x00, 0x0C, 0x01, 0xC0, 0x18, 0x03, 0x80, 0x70, 0x0F,
    0x81, 0xF8, 0x70, 0x1C, 0x0F, 0x83, 0xE0, 0x30, 0x00, 0x00, 0x18, 0x1E, 0x1F, 0x1B, 0x3F, 0x3C,
    0x00, 0x00, 0x0C, 0x0E, 0x06, 0x07, 0x07, 0x07, 0x06, 0x0E, 0x1C, 0x7C, 0xF0, 0x60, 0x00, 0x06,
    0x00, 0x78, 0x0F, 0x83, 0xB0, 0x7C, 0x0F, 0x00, 0x00, 0x00, 0x01, 0x80, 0x38, 0x03, 0x00, 0x70,
    0x0E, 0x01, 0xF0, 0x3F, 0x0E, 0x03, 0x81, 0xF0, 0x7C, 0x06, 0x00, 0x00, 0x00, 0x40, 0x00, 0x3C,
    0x00, 0x1F, 0x00, 0x0F, 0x80, 0x03, 0xC0, 0x00, 0x70, 0x00, 0x0F, 0x00, 0x00, 0xF0, 0x60, 0x07,
    0x1C, 0x00, 0x73, 0x80, 0x06, 0x70, 0x00, 0xCE, 0x00, 0x18, 0xFF, 0xFF, 0x0F, 0xFF, 0xC0, 0x7F,
    0xC0, 0x00, 0x00, 0x40, 0x00, 0x07, 0x80, 0x00, 0x7C, 0x00, 0x07, 0xC0, 0x00, 0x3C, 0x00, 0x00,
    0xE0, 0x00, 0x03, 0xC0, 0x00, 0x07, 0x80, 0x60, 0x0F, 0x03, 0x80, 0x1E, 0x0E, 0x00, 0x38, 0x38,
    0x00, 0x70, 0xE0, 0x01, 0xE1, 0xFF, 0xFF, 0xE3, 0xFF, 0xF7, 0xC3, 0xFE, 0x00, 0x01, 0x83, 0xC7,
    0xCF, 0x87, 0x07, 0x01, 0xC0, 0x70, 0x1C, 0x07, 0x01, 0x80, 0xE0, 0x77, 0xF3, 0xF0, 0x00, 0x01,
    0x80, 0x78, 0x1F, 0x07, 0xC0, 0x70, 0x0E, 0x00, 0x70, 0x03, 0x80, 0x1C, 0x00, 0xE0, 0x06, 0x00,
    0x70, 0x07, 0x8F, 0xFF, 0xFC, 0xF0, 0x00, 0x00, 0x00, 0x00, 0x00, 0x30, 0x00, 0x1E, 0x00, 0x0F,
    0xA0, 0x03, 0xDE, 0x00, 0x6F, 0x80, 0x07, 0xC0, 0x01, 0xE0, 0x00, 0x38, 0x00, 0x07, 0x80, 0x00,
    0x78, 0x30, 0x03, 0x8E, 0x00, 0x39, 0xC0, 0x03, 0x38, 0x00, 0x67, 0x00, 0x0C, 0x7F, 0xFF, 0x87,
    0xFF, 0xE0, 0x3F, 0xE0, 0x00, 0x00, 0x00, 0x00, 0x00, 0x06, 0x00, 0x00, 0x78, 0x00, 0x07, 0xD0,
    0x00, 0x3D, 0xE0, 0x00, 0xDF, 0x00, 0x01, 0xF0, 0x00, 0x0F, 0x00, 0x00, 0x38, 0x00, 0x00, 0xF0,
    0x00, 0x01, 0xE0, 0x18, 0x03, 0xC0, 0xE0, 0x07, 0x83, 0x80, 0x0E, 0x0E, 0x00, 0x1C, 0x38, 0x00,
    0x78, 0x7F, 0xFF, 0xF8, 0xFF, 0xFD, 0xF0, 0xFF, 0x80, 0x00, 0x00, 0x03, 0x87, 0xC7, 0xBF, 0x7E,
    0xF9, 0xF0, 0xE0, 0xE0, 0x38, 0x0E, 0x03, 0x80, 0xE0, 0x30, 0x1C, 0x0E, 0xFE, 0x7E, 0x00, 0x00,
    0x00, 0x00, 0x70, 0x1F, 0x03, 0xD8, 0xF7, 0x8D, 0xF0, 0x7C, 0x07, 0x00, 0xE0, 0x07, 0x00, 0x38,
    0x01, 0xC0, 0x0E, 0x00, 0x60, 0x07, 0x00, 0x78, 0xFF, 0xFF, 0xCF, 0x00, 0x00, 0x00, 0x10, 0x00,
    0xE0, 0x03, 0x98, 0x06, 0x60, 0x1B, 0x80, 0x7E, 0x01, 0xF8, 0x06, 0xE0, 0x39, 0xE3, 0xC3, 0xFF,
    0x07, 0xF0, 0x00, 0x38, 0x00, 0x1C, 0x18, 0x06, 0x0C, 0x03, 0x8E, 0x01, 0xF7, 0x00, 0xFF, 0x80,
    0x61, 0xC0, 0x70, 0x78, 0x78, 0x1F, 0xF8, 0x07, 0xF0, 0x00, 0x18, 0x1C, 0x3E, 0x7E, 0x67, 0xE3,
    0xE3, 0xE3, 0x7F, 0x7E, 0x3E, 0x07, 0xE0, 0xE6, 0x0E, 0x70, 0xE3, 0x0E, 0x3E, 0x61, 0xE0, 0x00,
    0x11, 0x8C, 0x73, 0x8C, 0xFE, 0xF1, 0x08, 0xE7, 0x00, 0x00, 0x06, 0x03, 0xC7, 0x79, 0xE3, 0x78,
    0x7C, 0x07, 0x80, 0xF0, 0x0E, 0x00, 0x80, 0x00, 0x00, 0x1C, 0x00, 0x78, 0x03, 0xF0, 0x0D, 0xE0,
    0x73, 0xC1, 0xCF, 0x83, 0x76, 0x0F, 0x9B, 0xFF, 0xEF, 0xFF, 0x8C, 0x18, 0x01, 0xC0, 0x0F, 0x80,
    0x7E, 0x03, 0x98, 0x0E, 0x60, 0x33, 0x80, 0xDC, 0x3F, 0xFF, 0xFF, 0xFC, 0x30, 0xC0, 0xE3, 0x03,
    0xFC, 0x07, 0xF0, 0x07, 0x00, 0x00, 0x01, 0xC0, 0x1E, 0x03, 0xF0, 0x37, 0x87, 0x3C, 0x73, 0xE3,
    0x76, 0x3E, 0x6F, 0xFE, 0xFF, 0xE0, 0x18, 0x07, 0x01, 0xF0, 0x1F, 0x83, 0xB8, 0x33, 0x83, 0x38,
    0x77, 0x0F, 0xFF, 0xFF, 0xF7, 0x1C, 0x30, 0xC3, 0xFC, 0x1F, 0x80, 0xF0, 0x06, 0x00, 0x01, 0xE0,
    0x00, 0x7E, 0x00, 0x0F, 0xC0, 0x03, 0x98, 0x00, 0xE0, 0x00, 0x38, 0x00, 0x07, 0x00, 0x00, 0x7F,
    0xFF, 0xE7, 0xFF, 0xFC, 0x1F, 0xFC, 0x00, 0x07, 0xF9, 0xFF, 0xFF, 0xF9, 0xC0, 0x0C, 0x00, 0x7C,
    0x01, 0xFF, 0xE1, 0xFF, 0x38, 0x00, 0x07, 0x00, 0x00, 0xC0, 0x00, 0x1E, 0x00, 0x03, 0x80, 0x00,
    0x0C, 0x00, 0x03, 0xC0, 0x00, 0xFC, 0x00, 0x1F, 0x80, 0x07, 0x30, 0x01, 0xC0, 0x00, 0x70, 0x00,
    0x0E, 0x00, 0x00, 0xFF, 0xFF, 0xCF, 0xFF, 0xF8, 0x3F, 0xF8, 0x38, 0x01, 0xC0, 0x0C, 0x00, 0x78,
    0x03, 0x80, 0x03, 0xFC, 0xFF, 0xFF, 0xFC, 0xE0, 0x06, 0x00, 0x3E, 0x00, 0xFF, 0xF0, 0xFF, 0x80,
    0x00, 0x1E, 0x00, 0x7F, 0x00, 0x72, 0x00, 0xE0, 0x00, 0xC0, 0x60, 0xE0, 0x60, 0xF8, 0xE0, 0x7E,
    0xE0, 0x0E, 0xE0, 0x0E, 0xE0, 0x1E, 0x78, 0x7C, 0x3F, 0xF8, 0x1F, 0xE0, 0x60, 0x00, 0x30, 0x1C,
    0x38, 0x0F, 0xDC, 0x03, 0xFE, 0x00, 0x67, 0x00, 0x71, 0xE0, 0xF0, 0x7F, 0xF0, 0x1F, 0xE0, 0x00,
    0x08, 0x71, 0xC3, 0x0C, 0x30, 0xDF, 0x78, 0x00, 0x1B, 0x6C, 0x1C, 0x0C, 0x06, 0x07, 0x0F, 0xFF,
    0xFC, 0x00, 0x00, 0x7E, 0x3E, 0x00, 0x1C, 0x3E, 0x7C, 0x60, 0x60, 0x73, 0x3F, 0xFE, 0xF8, 0x00,
    0x78, 0x7F, 0x0E, 0x00, 0x18, 0x1C, 0x1C, 0x1C, 0x1C, 0x1C, 0x1C, 0x1C, 0x1C, 0x1C, 0x1C, 0x1C,
    0x1C, 0x1C, 0x78, 0x1F, 0xC0, 0xE0, 0x00, 0x1C, 0x07, 0x01, 0xC0, 0x70, 0x1C, 0x07, 0x01, 0xC0,
    0x70, 0x1C, 0x07, 0x00, 0xC0, 0x30, 0x0C, 0x03, 0xE0, 0x78, 0x00, 0xF7, 0x31, 0xFE, 0x01, 0x8E,
    0x73, 0x9C, 0xE7, 0x39, 0xCE, 0x73, 0x9C, 0xE0, 0xF0, 0xE0, 0xC0, 0xF8, 0xE0, 0x00, 0x70, 0x70,
    0x70, 0x70, 0x70, 0x70, 0x70, 0x70, 0x70, 0x70, 0x30, 0x30, 0x30, 0x3E, 0x1E, 0x00, 0x1C, 0x1E,
    0x0E, 0x03, 0xC3, 0xC0, 0x00, 0x78, 0x7E, 0x77, 0x31, 0x98, 0xEF, 0xF3, 0xF0, 0x78, 0x1C, 0x7C,
    0x7C, 0x38, 0x00, 0x1C, 0x07, 0x80, 0xE0, 0x0F, 0x03, 0xC0, 0x00, 0x07, 0x81, 0xF8, 0x77, 0x0C,
    0x61, 0x8E, 0x3F, 0xF3, 0xFE, 0x0E, 0x01, 0xC1, 0xF0, 0x7C, 0x0E, 0x00, 0xE7, 0x39, 0xCE, 0x73,
    0x9C, 0xE7, 0x39, 0xCE, 0x31, 0x80, 0xF7, 0x31, 0xEE, 0x00, 0xE1, 0xC3, 0x87, 0x0E, 0x1C, 0x38,
    0x70, 0xE1, 0xC1, 0x83, 0x06, 0x0F, 0x8F, 0x00, 0xF1, 0xC3, 0x07, 0x8E, 0x00, 0x1C, 0x1E, 0x38,
    0x7F, 0x30, 0x72, 0x3E, 0xE0, 0x3C, 0xC0, 0x60, 0xE0, 0x60, 0xF8, 0xE0, 0x7E, 0xE0, 0x0E, 0xE0,
    0x0E, 0xE0, 0x1E, 0x78, 0x7C, 0x3F, 0xF8, 0x1F, 0xE0, 0x1C, 0x00, 0x1C, 0x00, 0x0C, 0x00, 0x07,
    0xC0, 0x03, 0xC0, 0x03, 0x00, 0x01, 0x80, 0xE1, 0xC0, 0x7E, 0xE0, 0x1F, 0xF0, 0x03, 0x38, 0x03,
    0x8F, 0x07, 0x83, 0xFF, 0x80, 0xFF, 0x00, 0x77, 0x30, 0xFF, 0x00, 0x46, 0x31, 0xCE, 0x33, 0xFB,
    0xC0, 0x78, 0x38, 0x18, 0x0F, 0x07, 0x00, 0x00, 0x60, 0x30, 0x38, 0x1C, 0x3F, 0xDD, 0xE0, 0x00,
    0xFF, 0xFF, 0xFF, 0xFF, 0xFE, 0xD8, 0xE1, 0xC3, 0x87, 0x0E, 0x1C, 0x38, 0x70, 0xE1, 0xC1, 0x83,
    0x06, 0x0F, 0x8F, 0x00, 0x00, 0x00, 0x20, 0x00, 0x06, 0x60, 0x00, 0x7E, 0x00, 0x07, 0xE0, 0x00,
    0x3E, 0x00, 0x03, 0xE0, 0x00, 0x77, 0xFF, 0xFE, 0x3F, 0xFF, 0xC0, 0xFF, 0xC0, 0x00, 0x00, 0x00,
    0x06, 0x00, 0x00, 0x60, 0x00, 0x00, 0x00, 0x00, 0x60, 0x00, 0x00, 0xE0, 0x00, 0x00, 0xE0, 0x00,
    0x30, 0xE0, 0x00, 0x78, 0xE0, 0x01, 0xF8, 0x7F, 0xFF, 0xFF, 0x3F, 0xFF, 0x1F, 0x0F, 0xF0, 0x00,
    0x00, 0x00, 0x00, 0x00, 0xE0, 0x00, 0x00, 0xE0, 0x00, 0x11, 0x8C, 0x73, 0x8C, 0xFE, 0xF0, 0x00,
    0xE6, 0x00, 0x18, 0x0C, 0x0E, 0x07, 0x0F, 0xF7, 0x78, 0x00, 0x00, 0x38, 0x1C, 0x00, 0x36, 0x3E,
    0x04, 0x00, 0x18, 0x1C, 0x3E, 0x7E, 0x67, 0xE3, 0xE3, 0xE3, 0x7F, 0x7E, 0x1F, 0x03, 0xF0, 0x12,
    0x00, 0x00, 0x03, 0x00, 0x70, 0x1F, 0x03, 0xF0, 0x73, 0x0E, 0x30, 0xE3, 0x07, 0xF0, 0x7F, 0x80,
    0xFE, 0x01, 0xE0, 0x00, 0x00, 0xF8, 0x00, 0x1F, 0x80, 0x00, 0x90, 0x20, 0x00, 0x06, 0x60, 0x00,
    0x7E, 0x00, 0x07, 0xE0, 0x00, 0x3E, 0x00, 0x03, 0xE0, 0x00, 0x77, 0xFF, 0xFE, 0x3F, 0xFF, 0xC0,
    0xFF, 0xC0, 0x00, 0xF8, 0x00, 0x01, 0xF8, 0x00, 0x00, 0x90, 0x00, 0x00, 0x00, 0x00, 0x60, 0x00,
    0x00, 0xE0, 0x00, 0x00, 0xE0, 0x00, 0x30, 0xE0, 0x00, 0x78, 0xE0, 0x01, 0xF8, 0x7F, 0xFF, 0xFF,
    0x3F, 0xFF, 0x1F, 0x0F, 0xF0, 0x00, 0xDB, 0xE4, 0x00, 0x10, 0xC3, 0x0E, 0x38, 0x63, 0xBC, 0xF0,
    0x00, 0x3E, 0x3F, 0x09, 0x00, 0x01, 0xC0, 0xC0, 0x60, 0x70, 0xFF, 0xFF, 0xC0, 0x00, 0x00, 0x00,
    0x00, 0x06, 0x00, 0x00, 0x60, 0x00, 0x0F, 0x80, 0x01, 0xF8, 0x00, 0x09, 0x02, 0x00, 0x00, 0x66,
    0x00, 0x07, 0xE0, 0x00, 0x7E, 0x00, 0x03, 0xE0, 0x00, 0x3E, 0x00, 0x07, 0x7F, 0xFF, 0xE3, 0xFF,
    0xFC, 0x0F, 0xFC, 0x00, 0x00, 0x00, 0x00, 0x00, 0x70, 0x00, 0x00, 0x60, 0x00, 0x00, 0xF8, 0x00,
    0x01, 0xF8, 0x00, 0x00, 0x90, 0x00, 0x00, 0x00, 0x00, 0x60, 0x00, 0x00, 0xE0, 0x00, 0x00, 0xE0,
    0x00, 0x30, 0xE0, 0x00, 0x78, 0xE0, 0x01, 0xF8, 0x7F, 0xFF, 0xFF, 0x3F, 0xFF, 0x1F, 0x0F, 0xF0,
    0x00, 0x01, 0xC7, 0x36, 0xF9, 0x00, 0x04, 0x30, 0xC3, 0x8E, 0x18, 0xEF, 0x3C, 0x00, 0x00, 0x0C,
    0x06, 0x07, 0xC7, 0xE1, 0x20, 0x00, 0x38, 0x18, 0x0C, 0x0E, 0x1F, 0xFF, 0xF8, 0x00, 0x7C, 0x07,
    0xFC, 0x13, 0xFC, 0x07, 0xE0, 0xF8, 0x0F, 0x00, 0xE0, 0x0E, 0x00, 0xE0, 0x07, 0x1C, 0x30, 0xE1,
    0x80, 0x0C, 0x00, 0x70, 0x01, 0xC0, 0x4F, 0xFF, 0x1F, 0xF0, 0x1C, 0x00, 0x7C, 0x01, 0xFF, 0x01,
    0x3F, 0xC0, 0x1F, 0x80, 0xFC, 0x03, 0xD8, 0x0E, 0x38, 0x38, 0x3F, 0xE0, 0x3F, 0xC7, 0x03, 0x0E,
    0x06, 0x00, 0x0C, 0x00, 0x1C, 0x00, 0x1C, 0x04, 0x3F, 0xFC, 0x1F, 0xF0, 0x07, 0x00, 0x38, 0x07,
    0xF0, 0x7F, 0x80, 0x1F, 0x03, 0xF0, 0xF8, 0xFE, 0x0F, 0x80, 0x00, 0x00, 0x00, 0x06, 0x00, 0x60,
    0x38, 0x00, 0xFE, 0x01, 0xFE, 0x00, 0x0F, 0x80, 0x3F, 0x01, 0xFC, 0x3F, 0x9F, 0x7C, 0x1F, 0x00,
    0x00, 0x00, 0x00, 0x38, 0x00, 0x70, 0x00, 0x7C, 0x07, 0xFC, 0x13, 0xFC, 0x07, 0xE0, 0xF8, 0x0F,
    0x00, 0xE0, 0x0E, 0x00, 0xE0, 0x07, 0x00, 0x30, 0x01, 0x80, 0x0C, 0x00, 0x70, 0x01, 0xC0, 0x4F,
    0xFF, 0x1F, 0xF0, 0x1C, 0x00, 0x7C, 0x01, 0xFF, 0x01, 0x3F, 0xC0, 0x1F, 0x80, 0xFC, 0x03, 0xD8,
    0x0E, 0x38, 0x38, 0x3F, 0xE0, 0x3F, 0xC0, 0x03, 0x00, 0x06, 0x00, 0x0C, 0x00, 0x1C, 0x00, 0x1C,
    0x04, 0x3F, 0xFC, 0x1F, 0xF0, 0x07, 0x00, 0x38, 0x07, 0xF0, 0x7F, 0x80, 0x1F, 0x03, 0xF0, 0xF8,
    0xFE, 0x0F, 0x80, 0x00, 0x00, 0x38, 0x00, 0xFE, 0x01, 0xFE, 0x00, 0x0F, 0x80, 0x3F, 0x01, 0xFC,
    0x3F, 0x9F, 0x7C, 0x1F, 0x00, 0x00, 0x07, 0x00, 0x38, 0x00, 0x80, 0x00, 0x07, 0xC0, 0x7F, 0xC1,
    0x3F, 0xC0, 0x7E, 0x0F, 0x80, 0xF0, 0x0E, 0x00, 0xE0, 0x0E, 0x00, 0x70, 0x03, 0x00, 0x18, 0x00,
    0xC0, 0x07, 0x00, 0x1C, 0x04, 0xFF, 0xF1, 0xFF, 0x01, 0xC0, 0x07, 0x00, 0x0E, 0x00, 0x08, 0x00,
    0x00, 0x07, 0xC0, 0x1F, 0xF0, 0x13, 0xFC, 0x01, 0xF8, 0x0F, 0xC0, 0x3D, 0x80, 0xE3, 0x83, 0x83,
    0xFE, 0x03, 0xFC, 0x00, 0x30, 0x00, 0x60, 0x00, 0xC0, 0x01, 0xC0, 0x01, 0xC0, 0x43, 0xFF, 0xC1,
    0xFF, 0x00, 0x70, 0x00, 0x38, 0x03, 0x80, 0x10, 0x00, 0x00, 0x38, 0x07, 0xF0, 0x7F, 0x80, 0x1F,
    0x03, 0xF0, 0xF8, 0xFE, 0x0F, 0x80, 0x00, 0x00, 0x30, 0x00, 0x70, 0x00, 0x40, 0x00, 0x00, 0x03,
    0x80, 0x0F, 0xE0, 0x1F, 0xE0, 0x00, 0xF8, 0x03, 0xF0, 0x1F, 0xC3, 0xF9, 0xF7, 0xC1, 0xF0, 0x00,
    0x00, 0x06, 0x07, 0x01, 0xC0, 0x60, 0x38, 0x0C, 0x06, 0x83, 0x7F, 0xBF, 0x80, 0x00, 0x06, 0x00,
    0x70, 0x01, 0xC0, 0x06, 0x00, 0x38, 0x00, 0xC0, 0x07, 0x08, 0x38, 0x7F, 0xF3, 0xFB, 0x80, 0x00,
    0x1C, 0x0E, 0x02, 0x00, 0x00, 0x60, 0x70, 0x1C, 0x06, 0x03, 0x80, 0xC0, 0x68, 0x37, 0xFB, 0xF8,
    0x00, 0x1C, 0x00, 0xE0, 0x02, 0x00, 0x00, 0x00, 0x60, 0x07, 0x00, 0x1C, 0x00, 0x60, 0x03, 0x80,
    0x0C, 0x00, 0x70, 0x83, 0x87, 0xFF, 0x3F, 0xB8, 0x00, 0x00, 0x00, 0x0C, 0x0E, 0x06, 0x07, 0x07,
    0x07, 0x06, 0x0E, 0x1C, 0x7C, 0xF0, 0x60, 0x00, 0x01, 0x80, 0x38, 0x03, 0x00, 0x70, 0x0E, 0x01,
    0xF0, 0x3F, 0x0E, 0x03, 0x81, 0xF0, 0x7C, 0x06, 0x00, 0x0C, 0x1C, 0x08, 0x00, 0x00, 0x0C, 0x0E,
    0x06, 0x07, 0x07, 0x07, 0x06, 0x0E, 0x1C, 0x7C, 0xF0, 0x60, 0x1C, 0x03, 0x80, 0x20, 0x00, 0x00,
    0x00, 0x18, 0x03, 0x80, 0x30, 0x07, 0x00, 0xE0, 0x1F, 0x03, 0xF0, 0xE0, 0x38, 0x1F, 0x07, 0xC0,
    0x60, 0x00, 0x00, 0x00, 0x02, 0x00, 0x00, 0x03, 0x80, 0x00, 0x01, 0xC0, 0x07, 0x0C, 0x60, 0x03,
    0x86, 0x33, 0x00, 0xC3, 0x1D, 0x80, 0x73, 0x8D, 0xC0, 0x3F, 0xFE, 0xE0, 0x1F, 0xFE, 0x70, 0x0C,
    0x00, 0x38, 0x0E, 0x00, 0x0F, 0x0F, 0x00, 0x03, 0xFF, 0x00, 0x00, 0xFE, 0x00, 0x00, 0x00, 0x00,
    0x00, 0x00, 0x00, 0x00, 0x30, 0x00, 0x38, 0x63, 0x00, 0x03, 0x86, 0x30, 0x60, 0x18, 0x63, 0x86,
    0x01, 0xCE, 0x38, 0xE0, 0x1F, 0xFF, 0xFE, 0x01, 0xFF, 0xEF, 0xE0, 0x18, 0x00, 0x0E, 0x03, 0x80,
    0x00, 0x78, 0x78, 0x00, 0x03, 0xFF, 0x00, 0x00, 0x1F, 0xC0, 0x00, 0x00, 0x00, 0x04, 0x00, 0x0E,
    0x00, 0x06, 0x18, 0xC6, 0x38, 0xC7, 0x38, 0xC7, 0x39, 0xC7, 0xFF, 0xFE, 0xFF, 0xFC, 0x00, 0x00,
    0x00, 0x02, 0x00, 0x00, 0xC0, 0x63, 0x18, 0x1C, 0x63, 0x83, 0x8C, 0x70, 0x73, 0x8E, 0x3F, 0xFF,
    0xFF, 0xFF, 0xEF, 0x00, 0x00, 0x00, 0x00, 0x00, 0x00, 0x00, 0x00, 0x60, 0x00, 0x00, 0x30, 0x00,
    0x00, 0x3E, 0x00, 0x00, 0x3F, 0x00, 0x00, 0x09, 0x10, 0x00, 0x00, 0x1C, 0x00, 0x00, 0x0E, 0x00,
    0x38, 0x63, 0x00, 0x1C, 0x31, 0x98, 0x06, 0x18, 0xEC, 0x03, 0x9C, 0x6E, 0x01, 0xFF, 0xF7, 0x00,
    0xFF, 0xF3, 0x80, 0x60, 0x01, 0xC0, 0x70, 0x00, 0x78, 0x78, 0x00, 0x1F, 0xF8, 0x00, 0x07, 0xF0,
    0x00, 0x00, 0x00, 0x00, 0x00, 0x00, 0x00, 0x0C, 0x00, 0x00, 0x00, 0xC0, 0x00, 0x00, 0x1F, 0x00,
    0x00, 0x03, 0xF0, 0x00, 0x00, 0x12, 0x00, 0x00, 0x00, 0x00, 0x00, 0x00, 0x00, 0x30, 0x00, 0x38,
    0x63, 0x00, 0x03, 0x86, 0x30, 0x60, 0x18, 0x63, 0x86, 0x01, 0xCE, 0x38, 0xE0, 0x1F, 0xFF, 0xFE,
    0x01, 0xFF, 0xEF, 0xE0, 0x18, 0x00, 0x0E, 0x03, 0x80, 0x00, 0x78, 0x78, 0x00, 0x03, 0xFF, 0x00,
    0x00, 0x1F, 0xC0, 0x00, 0x00, 0x00, 0x00, 0x00, 0xC0, 0x00, 0xC0, 0x03, 0xF0, 0x03, 0xF0, 0x01,
    0x24, 0x00, 0x0E, 0x00, 0x06, 0x18, 0xC6, 0x38, 0xC7, 0x38, 0xC7, 0x39, 0xC7, 0xFF, 0xFE, 0xFF,
    0xFC, 0x00, 0x00, 0x00, 0x00, 0x00, 0x18, 0x00, 0x03, 0x00, 0x01, 0xF8, 0x00, 0x3F, 0x00, 0x02,
    0x40, 0x00, 0x00, 0x80, 0x00, 0x30, 0x18, 0xC6, 0x07, 0x18, 0xE0, 0xE3, 0x1C, 0x1C, 0xE3, 0x8F,
    0xFF, 0xFF, 0xFF, 0xFB, 0xC0, 0x00, 0x00, 0x00, 0x00, 0x0F, 0x80, 0x00, 0x07, 0xF8, 0x00, 0xE1,
    0xE7, 0x00, 0x1C, 0x70, 0x76, 0x01, 0x9C, 0x0E, 0xC0, 0x3F, 0x03, 0xB8, 0x07, 0xFF, 0xF7, 0x00,
    0xFF, 0xF8, 0xE0, 0x18, 0xF8, 0x1C, 0x07, 0x00, 0x01, 0xE1, 0xE0, 0x00, 0x1F, 0xF8, 0x00, 0x01,
    0xFC, 0x00, 0x00, 0x00, 0x00, 0x0F, 0x80, 0x00, 0x00, 0xFF, 0x00, 0x03, 0x87, 0x9C, 0x00, 0x0E,
    0x38, 0x38, 0x60, 0x19, 0xC0, 0xE1, 0x80, 0x7E, 0x07, 0x0E, 0x01, 0xFF, 0xFF, 0xB8, 0x07, 0xFF,
    0xFE, 0xE0, 0x18, 0xF8, 0x03, 0x80, 0xE0, 0x00, 0x07, 0x87, 0x80, 0x00, 0x0F, 0xFC, 0x00, 0x00,
    0x1F, 0xC0, 0x00, 0x00, 0x00, 0x0F, 0x00, 0x0F, 0xE1, 0x87, 0x9C, 0x63, 0x83, 0x39, 0xC0, 0xCE,
    0xE0, 0x7F, 0xFF, 0xFB, 0xBF, 0xFC, 0x03, 0xF8, 0x00, 0x00, 0x0F, 0x00, 0x01, 0xFC, 0x06, 0x1E,
    0x70, 0x31, 0xC1, 0x83, 0x9C, 0x0C, 0x1D, 0xC0, 0xE3, 0xFF, 0xFF, 0xFD, 0xFF, 0xFF, 0x03, 0xF8,
    0x00, 0x00, 0x00, 0x06, 0x00, 0x00, 0x00, 0xC0, 0x00, 0x00, 0x00, 0x00, 0x00, 0x00, 0x00, 0x00,
    0x00, 0xF8, 0x00, 0x00, 0x7F, 0x80, 0x0E, 0x1E, 0x70, 0x01, 0xC7, 0x07, 0x60, 0x19, 0xC0, 0xEC,
    0x03, 0xF0, 0x3B, 0x80, 0x7F, 0xFF, 0x70, 0x0F, 0xFF, 0x8E, 0x01, 0x8F, 0x81, 0xC0, 0x70, 0x00,
    0x1E, 0x1E, 0x00, 0x01, 0xFF, 0x80, 0x00, 0x1F, 0xC0, 0x00, 0x00, 0x00, 0x00, 0x06, 0x00, 0x00,
    0x00, 0x18, 0x00, 0x00, 0x00, 0x00, 0x00, 0x00, 0x00, 0x00, 0x00, 0x00, 0x0F, 0x80, 0x00, 0x00,
    0xFF, 0x00, 0x03, 0x87, 0x9C, 0x00, 0x0E, 0x38, 0x38, 0x60, 0x19, 0xC0, 0xE1, 0x80, 0x7E, 0x07,
    0x0E, 0x01, 0xFF, 0xFF, 0xB8, 0x07, 0xFF, 0xFE, 0xE0, 0x18, 0xF8, 0x03, 0x80, 0xE0, 0x00, 0x07,
    0x87, 0x80, 0x00, 0x0F, 0xFC, 0x00, 0x00, 0x1F, 0xC0, 0x00, 0x00, 0x00, 0x0E, 0x00, 0x03, 0x80,
    0x00, 0x40, 0x00, 0x00, 0x00, 0x0F, 0x00, 0x0F, 0xE1, 0x87, 0x9C, 0x63, 0x83, 0x39, 0xC0, 0xCE,
    0xE0, 0x7F, 0xFF, 0xFB, 0xBF, 0xFC, 0x03, 0xF8, 0x00, 0x00, 0x0E, 0x00, 0x00, 0x70, 0x00, 0x01,
    0x00, 0x00, 0x00, 0x00, 0x00, 0xF0, 0x00, 0x1F, 0xC0, 0x61, 0xE7, 0x03, 0x1C, 0x18, 0x39, 0xC0,
    0xC1, 0xDC, 0x0E, 0x3F, 0xFF, 0xFF, 0xDF, 0xFF, 0xF0, 0x3F, 0x80, 0x00, 0x0C, 0x00, 0x0C, 0x00,
    0x0C, 0x00, 0x0C, 0x00, 0x0C, 0x00, 0x0C, 0x00, 0x0C, 0x00, 0x0C, 0x7C, 0x0D, 0xFE, 0x0F, 0xC7,
    0x0F, 0x87, 0x0F, 0x07, 0x0E, 0x0E, 0xFF, 0xFE, 0xFF, 0xF8, 0x1F, 0xC0, 0x0C, 0x00, 0x01, 0x80,
    0x00, 0x30, 0x00, 0x06, 0x00, 0x00, 0xC0, 0x00, 0x18, 0x00, 0x03, 0x00, 0x00, 0x63, 0xE0, 0x0D,
    0xFE, 0x01, 0xF8, 0xE0, 0x3E, 0x1C, 0x07, 0x83, 0x80, 0xE0, 0xE1, 0xFF, 0xFF, 0xBF, 0xFF, 0xF8,
    0xFE, 0x00, 0x70, 0x01, 0xC0, 0x07, 0x00, 0x1C, 0x00, 0x70, 0x01, 0xC0, 0x07, 0x00, 0x1C, 0x7C,
    0x77, 0xF9, 0xFE, 0xE3, 0xE1, 0xCE, 0x06, 0x70, 0x3B, 0xFF, 0xCF, 0xFE, 0x00, 0x00, 0x70, 0x00,
    0x70, 0x00, 0x70, 0x00, 0x70, 0x00, 0x70, 0x00, 0x70, 0x00, 0x70, 0x00, 0x71, 0xF0, 0x77, 0xF8,
    0x7F, 0xB8, 0x3E, 0x1C, 0x38, 0x18, 0x70, 0x38, 0xFF, 0xFF, 0xFF, 0xFF, 0x00, 0x00, 0x0C, 0x00,
    0x0C, 0x00, 0x0C, 0x00, 0x0C, 0x18, 0x0C, 0x38, 0x0C, 0x10, 0x0C, 0x00, 0x0C, 0x7C, 0x0D, 0xFE,
    0x0F, 0xC7, 0x0F, 0x87, 0x0F, 0x07, 0x0E, 0x0E, 0xFF, 0xFE, 0xFF, 0xF8, 0x1F, 0xC0, 0x0C, 0x00,
    0x01, 0x80, 0x00, 0x30, 0x00, 0x06, 0x18, 0x00, 0xC7, 0x00, 0x18, 0x40, 0x03, 0x00, 0x00, 0x63,
    0xE0, 0x0D, 0xFE, 0x01, 0xF8, 0xE0, 0x3E, 0x1C, 0x07, 0x83, 0x80, 0xE0, 0xE1, 0xFF, 0xFF, 0xBF,
    0xFF, 0xF8, 0xFE, 0x00, 0x70, 0x01, 0xC0, 0x07, 0x00, 0x1C, 0x70, 0x71, 0xC1, 0xC2, 0x07, 0x00,
    0x1C, 0x7C, 0x77, 0xF9, 0xFE, 0xE3, 0xE1, 0xCE, 0x06, 0x70, 0x3B, 0xFF, 0xCF, 0xFE, 0x00, 0x00,
    0x70, 0x00, 0x70, 0x00, 0x70, 0x00, 0x71, 0xC0, 0x71, 0xC0, 0x70, 0x80, 0x70, 0x00, 0x71, 0xF0,
    0x77, 0xF8, 0x7F, 0xB8, 0x3E, 0x1C, 0x38, 0x18, 0x70, 0x38, 0xFF, 0xFF, 0xFF, 0xFF, 0x00, 0x00,
    0x1E, 0x01, 0xF0, 0x1F, 0x80, 0xC0, 0x0E, 0x00, 0x30, 0xC1, 0xFE, 0x07, 0xF0, 0x3C, 0x03, 0x80,
    0x18, 0x01, 0xC0, 0x0C, 0x00, 0x60, 0x03, 0x00, 0x1C, 0x00, 0x70, 0x03, 0xFF, 0x87, 0xFC, 0x06,
    0x00, 0x0F, 0x01, 0xFC, 0x1F, 0xF0, 0xE3, 0x83, 0x98, 0x0F, 0xC0, 0x3C, 0x03, 0xFE, 0x3B, 0xF3,
    0x80, 0x38, 0x01, 0x80, 0x0C, 0x00, 0x70, 0x03, 0x80, 0x8F, 0xFE, 0x3F, 0xE0, 0x30, 0x00, 0x00,
    0x07, 0xC3, 0xF1, 0xC0, 0x70, 0x1C, 0x03, 0x80, 0xFF, 0xFF, 0xFF, 0x80, 0x00, 0x0F, 0x03, 0xF8,
    0x7F, 0xC7, 0x1C, 0x79, 0x81, 0xF8, 0x1F, 0x0F, 0xFF, 0xFB, 0xF0, 0x00, 0x0C, 0x00, 0x60, 0x00,
    0x00, 0x00, 0x01, 0xE0, 0x1F, 0x01, 0xF8, 0x0C, 0x00, 0xE0, 0x03, 0x0C, 0x1F, 0xE0, 0x7F, 0x03,
    0xC0, 0x38, 0x01, 0x80, 0x1C, 0x00, 0xC0, 0x06, 0x00, 0x30, 0x01, 0xC0, 0x07, 0x00, 0x3F, 0xF8,
    0x7F, 0xC0, 0x60, 0x06, 0x00, 0x30, 0x00, 0x80, 0x00, 0x00, 0xF0, 0x1F, 0xC1, 0xFF, 0x0E, 0x38,
    0x39, 0x80, 0xFC, 0x03, 0xC0, 0x3F, 0xE3, 0xBF, 0x38, 0x03, 0x80, 0x18, 0x00, 0xC0, 0x07, 0x00,
    0x38, 0x08, 0xFF, 0xE3, 0xFE, 0x03, 0x00, 0x0E, 0x03, 0x80, 0x40, 0x00, 0x00, 0x07, 0xC3, 0xF1,
    0xC0, 0x70, 0x1C, 0x03, 0x80, 0xFF, 0xFF, 0xFF, 0x80, 0x00, 0x06, 0x00, 0xE0, 0x04, 0x00, 0x00,
    0x0F, 0x03, 0xF8, 0x7F, 0xC7, 0x1C, 0x79, 0x81, 0xF8, 0x1F, 0x0F, 0xFF, 0xFB, 0xF0, 0x00, 0x00,
    0x01, 0x80, 0x00, 0x38, 0x00, 0x01, 0x00, 0x00, 0x00, 0x00, 0x01, 0xC0, 0x00, 0x3E, 0x00, 0x07,
    0xE0, 0x00, 0x67, 0x60, 0x0E, 0x7E, 0x00, 0xE7, 0xE0, 0x07, 0xFE, 0x00, 0x3F, 0xE0, 0x00, 0x77,
    0xFF, 0xFE, 0x3F, 0xFF, 0xE0, 0xFF, 0xF0, 0x00, 0x00, 0x60, 0x00, 0x00, 0xE0, 0x00, 0x00, 0x40,
    0x00, 0x00, 0x00, 0x00, 0x00, 0xF0, 0x00, 0x01, 0xF8, 0x60, 0x03, 0xF8, 0xE0, 0x03, 0x9C, 0xE0,
    0x03, 0x1C, 0xE0, 0x03, 0x98, 0xE0, 0x01, 0xF8, 0x7F, 0xFF, 0xFF, 0x3F, 0xFF, 0xFF, 0x0F, 0xFC,
    0x00, 0x1C, 0x0E, 0x02, 0x00, 0x00, 0xC1, 0xF8, 0xFC, 0xE6, 0x73, 0xB9, 0xCF, 0xE3, 0xF0, 0x77,
    0xF3, 0xF0, 0x00, 0x0C, 0x00, 0xC0, 0x04, 0x00, 0x00, 0x0E, 0x03, 0xF0, 0x3B, 0x87, 0x38, 0x71,
    0x83, 0x38, 0x3F, 0x0F, 0xFE, 0xFF, 0xF0, 0x00, 0x00, 0x6C, 0x00, 0x6C, 0x00, 0x00, 0x00, 0x00,
    0x00, 0x3C, 0x00, 0x7E, 0x00, 0x6E, 0x00, 0xE6, 0x60, 0xC7, 0x60, 0xFF, 0xE0, 0xFF, 0xE0, 0x3E,
    0xE0, 0x06, 0xE0, 0x0E, 0x78, 0x3C, 0x3F, 0xF8, 0x1F, 0xE0, 0x00, 0x7C, 0x00, 0x1F, 0x80, 0x02,
    0x40, 0x00, 0x00, 0x00, 0x3C, 0x00, 0x1F, 0x80, 0x0E, 0xE0, 0x03, 0x18, 0x70, 0xC7, 0x18, 0x3F,
    0xFE, 0x07, 0xFF, 0x80, 0x18, 0xE0, 0x0E, 0x1C, 0x07, 0x87, 0xCF, 0xC0, 0xFF, 0xE0, 0x0F, 0xE0,
    0x00, 0x36, 0x1F, 0x04, 0x00, 0x00, 0xC1, 0xF8, 0xFC, 0xE6, 0x73, 0xB9, 0xCF, 0xE3, 0xF0, 0x77,
    0xF3, 0xF0, 0x00, 0x1F, 0x03, 0xF0, 0x12, 0x00, 0x00, 0x0E, 0x03, 0xF0, 0x3B, 0x87, 0x38, 0x71,
    0x83, 0x38, 0x3F, 0x0F, 0xFE, 0xFF, 0xF0, 0x00, 0x00, 0x01, 0x80, 0x00, 0x60, 0x00, 0x18, 0x00,
    0x06, 0x00, 0x61, 0x80, 0x38, 0x60, 0x0C, 0x18, 0x03, 0x86, 0x60, 0x61, 0xB8, 0x78, 0x6E, 0x18,
    0x1B, 0x80, 0x06, 0xE0, 0x03, 0x9F, 0xFF, 0xE3, 0xFF, 0xF0, 0x3F, 0xE0, 0x00, 0x01, 0x80, 0x00,
    0x0C, 0x00, 0x00, 0x60, 0x00, 0x03, 0x00, 0x06, 0x18, 0x00, 0x70, 0xC0, 0x03, 0x06, 0x00, 0x1C,
    0x30, 0x60, 0x61, 0x87, 0x0F, 0x0C, 0x38, 0x60, 0x61, 0xC0, 0x03, 0x8E, 0x00, 0x3C, 0x3F, 0xFF,
    0xF8, 0xFF, 0xFD, 0xE1, 0xFF, 0x00, 0x01, 0x83, 0xC7, 0xCF, 0x87, 0x07, 0x01, 0xC0, 0x70, 0x1C,
    0x07, 0x01, 0x80, 0xE0, 0x77, 0xF3, 0xF0, 0x00, 0x01, 0x80, 0x78, 0x1F, 0x07, 0xC0, 0x70, 0x0E,
    0x00, 0x70, 0x03, 0x80, 0x1C, 0x00, 0xE0, 0x06, 0x00, 0x70, 0x07, 0x8F, 0xFF, 0xFC, 0xF0, 0x00,
    0x00, 0x18, 0x00, 0x60, 0x01, 0x80, 0x06, 0x00, 0x18, 0x00, 0x60, 0x01, 0x80, 0x06, 0x00, 0x18,
    0x00, 0x60, 0x01, 0x98, 0x07, 0x60, 0x1B, 0x80, 0x6E, 0x01, 0xB8, 0x06, 0xE0, 0x39, 0xE3, 0xC3,
    0xFE, 0x07, 0xF0, 0x00, 0x18, 0x00, 0x0C, 0x00, 0x06, 0x00, 0x03, 0x00, 0x01, 0x80, 0x00, 0xC0,
    0x00, 0x60, 0x00, 0x30, 0x00, 0x18, 0x00, 0x0C, 0x00, 0x06, 0x0C, 0x03, 0x86, 0x01, 0xC7, 0x00,
    0xFB, 0x80, 0x7F, 0xC0, 0x30, 0xE0, 0x38, 0x3C, 0x78, 0x0F, 0xF8, 0x03, 0xF8, 0x00, 0x31, 0x8C,
    0x63, 0x18, 0xC6, 0x31, 0x8E, 0x73, 0x7B, 0x80, 0x30, 0x30, 0x30, 0x30, 0x30, 0x30, 0x30, 0x30,
    0x30, 0x30, 0x38, 0x38, 0x38, 0xFE, 0xEF, 0x00, 0x1F, 0x0F, 0xE7, 0x39, 0x86, 0x01, 0xCF, 0xF7,
    0xFB, 0x86, 0xE0, 0x38, 0x0E, 0x03, 0x80, 0xE0, 0x18, 0x06, 0x01, 0x80, 0x00, 0x00, 0x07, 0x00,
    0x7C, 0x0F, 0xE0, 0x73, 0x87, 0x8C, 0x7E, 0x73, 0xFF, 0xF9, 0xFF, 0xC3, 0x06, 0x00, 0x30, 0x01,
    0xC0, 0x0E, 0x00, 0x30, 0x01, 0x80, 0x0E, 0x00, 0x00, 0x00, 0x07, 0x03, 0xE1, 0xFC, 0xE7, 0x30,
    0xDE, 0x3F, 0xFF, 0xBE, 0x00, 0x00, 0x07, 0x00, 0x3E, 0x01, 0xF8, 0x0E, 0x70, 0x38, 0xC1, 0xE3,
    0x8F, 0xFF, 0xBB, 0xFE, 0x03, 0x00, 0x03, 0x00, 0x0C, 0x00, 0x00, 0x00, 0x00, 0x00, 0x10, 0x00,
    0xE0, 0x03, 0x98, 0x06, 0x60, 0x1B, 0x80, 0x7E, 0x01, 0xF8, 0x06, 0xE0, 0x39, 0xE3, 0xC3, 0xFF,
    0x07, 0xF0, 0x03, 0x00, 0x01, 0x80, 0x00, 0x00, 0x00, 0x00, 0x00, 0x00, 0x00, 0x01, 0xC0, 0x00,
    0xE0, 0xC0, 0x30, 0x60, 0x1C, 0x70, 0x0F, 0xB8, 0x07, 0xFC, 0x03, 0x0E, 0x03, 0x83, 0xC3, 0xC0,
    0xFF, 0xC0, 0x3F, 0x80, 0x73, 0x88, 0x01, 0x18, 0xC7, 0x38, 0xCF, 0xEF, 0x00, 0x30, 0x1C, 0x04,
    0x00, 0x01, 0x80, 0xC0, 0xE0, 0x70, 0xFF, 0x77, 0x80, 0x00, 0x18, 0x1C, 0x3E, 0x7E, 0x67, 0xE3,
    0xE3, 0xE3, 0x7F, 0x7E, 0x03, 0x00, 0x70, 0x1F, 0x03, 0xF0, 0x73, 0x0E, 0x30, 0xE3, 0x07, 0xF0,
    0x7F, 0x80, 0xFE, 0x01, 0xE0, 0x00, 0x00, 0x01, 0xC0, 0x1E, 0x03, 0xF0, 0x37, 0x87, 0x3C, 0x73,
    0xE3, 0x76, 0x3E, 0x6F, 0xFE, 0xFF, 0xE0, 0x18, 0x07, 0x01, 0xF0, 0x1F, 0x83, 0xB8, 0x33, 0x83,
    0x38, 0x77, 0x0F, 0xFF, 0xFF, 0xF7, 0x1C, 0x30, 0xC3, 0xFC, 0x1F, 0x80, 0xF0, 0x00, 0x0F, 0x0F,
    0xCE, 0xE6, 0x33, 0x1D, 0xFE, 0x7E, 0x0F, 0x03, 0x8F, 0x8F, 0x87, 0x00, 0x00, 0x03, 0xC0, 0xFC,
    0x3B, 0x86, 0x30, 0xC7, 0x1F, 0xF9, 0xFF, 0x07, 0x00, 0xE0, 0xF8, 0x3E, 0x07, 0x00, 0x00, 0x1E,
    0x00, 0x7F, 0x00, 0x72, 0x00, 0xE0, 0x00, 0xC0, 0x60, 0xE0, 0x60, 0xF8, 0xE0, 0x7E, 0xE0, 0x0E,
    0xE0, 0x0E, 0xE0, 0x1E, 0x78, 0x7C, 0x3F, 0xF8, 0x1F, 0xE0, 0x60, 0x00, 0x30, 0x1C, 0x38, 0x0F,
    0xDC, 0x03, 0xFE, 0x00, 0x67, 0x00, 0x71, 0xE0, 0xF0, 0x7F, 0xF0, 0x1F, 0xE0, 0x00, 0x00, 0x1E,
    0x00, 0x7F, 0x00, 0x72, 0x00, 0xE0, 0x00, 0xC0, 0x60, 0xE0, 0x60, 0xF8, 0xE0, 0x7E, 0xE0, 0x0E,
    0xE0, 0x0E, 0xE0, 0x1E, 0x78, 0x7C, 0x3F, 0xF8, 0x1F, 0xE0, 0x00, 0x00, 0x00, 0x00, 0x06, 0xC0,
    0x06, 0xC0, 0x60, 0x00, 0x30, 0x1C, 0x38, 0x0F, 0xDC, 0x03, 0xFE, 0x00, 0x67, 0x00, 0x71, 0xE0,
    0xF0, 0x7F, 0xF0, 0x1F, 0xE0, 0x00, 0x00, 0x00, 0x00, 0x01, 0xF8, 0x00, 0xFC, 0x00, 0x08, 0x71,
    0xC3, 0x0C, 0x30, 0xDF, 0x78, 0x00, 0x1B, 0x6C, 0x1C, 0x0C, 0x06, 0x07, 0x0F, 0xFF, 0xFC, 0x00,
    0x00, 0x7E, 0x3E, 0x00, 0x72, 0x07, 0xF9, 0x83, 0x8C, 0x00, 0x61, 0x83, 0x0F, 0x18, 0x3C, 0xC0,
    0xFE, 0x01, 0xF0, 0x07, 0x00, 0x3C, 0x03, 0xF0, 0x39, 0x83, 0x8C, 0x3F, 0xE1, 0xFE, 0x38, 0x00,
    0x7F, 0x30, 0x06, 0x30, 0x00, 0x30, 0x18, 0x30, 0x1C, 0x30, 0x1E, 0x30, 0x0F, 0x30, 0x07, 0x30,
    0x03, 0xB0, 0x01, 0xF0, 0x00, 0xF0, 0x00, 0x70, 0x00, 0xF8, 0x1F, 0xFF, 0x1F, 0x9F, 0x00, 0x00,
    0x70, 0x07, 0x00, 0x60, 0x07, 0x86, 0x70, 0x60, 0x06, 0x30, 0x63, 0xC6, 0x1E, 0x60, 0xFE, 0x03,
    0xE0, 0x1C, 0x01, 0xE0, 0x3F, 0x07, 0x30, 0xE3, 0x1F, 0xF1, 0xFE, 0x70, 0x03, 0x80, 0x0C, 0x00,
    0x3E, 0x30, 0xF0, 0xC0, 0x03, 0x06, 0x0C, 0x1C, 0x30, 0x78, 0xC0, 0xF3, 0x01, 0xCC, 0x03, 0xB0,
    0x07, 0xC0, 0x0F, 0x00, 0x1C, 0x00, 0xF8, 0x7F, 0xFD, 0xF9, 0xF0, 0x00, 0x00, 0x00, 0xC0, 0x18,
    0x03, 0x30, 0x67, 0x8C, 0x79, 0x87, 0xF0, 0x3E, 0x03, 0x80, 0x78, 0x1F, 0x87, 0x31, 0xC6, 0x7F,
    0xCF, 0xF0, 0x00, 0x38, 0x0F, 0x01, 0x80, 0x1E, 0x07, 0x80, 0x00, 0xC0, 0x03, 0x00, 0x0C, 0x18,
    0x30, 0x70, 0xC1, 0xE3, 0x03, 0xCC, 0x07, 0x30, 0x0E, 0xC0, 0x1F, 0x00, 0x3C, 0x00, 0x70, 0x03,
    0xE1, 0xFF, 0xF7, 0xE7, 0xC0, 0x00, 0x1C, 0x00, 0x70, 0x01, 0x80, 0x07, 0x80, 0x1C, 0x00, 0x00,
    0xC0, 0x18, 0x03, 0x30, 0x67, 0x8C, 0x79, 0x87, 0xF0, 0x3E, 0x03, 0x80, 0x78, 0x1F, 0x87, 0x31,
    0xC6, 0x7F, 0xCF, 0xF0, 0x00, 0xC0, 0x03, 0x00, 0x0C, 0x18, 0x30, 0x70, 0xC1, 0xE3, 0x03, 0xCC,
    0x07, 0x30, 0x0E, 0xC0, 0x1F, 0x00, 0x3C, 0x00, 0x70, 0x03, 0xE1, 0xFF, 0xF7, 0xE7, 0xC0, 0x00,
};

static const EpdGlyph ubuntu_10_regularGlyphs[] = {
    { 0, 0, 0, 0, 0, 0, 0 }, // U+0000
    { 0, 0, 0, 0, 0, 0, 0 }, // U+0008
    { 0, 0, 77, 0, 0, 0, 0 }, // U+0009
    { 0, 0, 77, 0, 0, 0, 0 }, // U+000D
    { 0, 0, 0, 0, 0, 0, 0 }, // U+001D
    { 0, 0, 77, 0, 0, 0, 0 }, // U+0020
    { 4, 15, 92, 1, 15, 8, 0 }, // !
    { 7, 5, 139, 1, 16, 5, 8 }, // "
    { 12, 15, 222, 1, 15, 23, 13 }, // #
    { 10, 19, 188, 1, 16, 24, 36 }, // $
    { 16, 15, 286, 1, 15, 30, 60 }, // %
    { 14, 15, 222, 0, 15, 27, 90 }, // &
    { 3, 5, 80, 1, 16, 2, 117 }, // '
    { 6, 20, 108, 1, 16, 15, 119 }, // (
    { 6, 20, 108, 0, 16, 15, 134 }, // )
    { 10, 8, 160, 0, 15, 10, 149 }, // *
    { 10, 10, 188, 1, 11, 13, 159 }, // +
    { 4, 5, 82, 0, 2, 3, 172 }, // ,
    { 6, 2, 100, 0, 7, 2, 175 }, // -
    { 3, 3, 82, 1, 3, 2, 177 }, // .
    { 10, 20, 128, -1, 16, 25, 179 }, // /
    { 10, 15, 188, 1, 15, 19, 204 }, // 0
    { 7, 15, 188, 1, 15, 14, 223 }, // 1
    { 10, 15, 188, 1, 15, 19, 237 }, // 2
    { 10, 15, 188, 1, 15, 19, 256 }, // 3
    { 11, 15, 188, 0, 15, 21, 275 }, // 4
    { 10, 15, 188, 1, 15, 19, 296 }, // 5
    { 10, 15, 188, 1, 15, 19, 315 }, // 6
    { 10, 15, 188, 1, 15, 19, 334 }, // 7
    { 10, 15, 188, 1, 15, 19, 353 }, // 8
    { 10, 15, 188, 1, 15, 19, 372 }, // 9
    { 3, 11, 82, 1, 11, 5, 391 }, // :
    { 4, 14, 82, 0, 11, 7, 396 }, // ;
    { 10, 9, 188, 1, 11, 12, 403 }, // <
    { 10, 7, 188, 1, 10, 9, 415 }, // =
    { 10, 9, 188, 1, 11, 12, 424 }, // >
    { 8, 15, 135, 0, 15, 15, 436 }, // ?
    { 18, 20, 317, 1, 16, 45, 451 }, // @
    { 14, 15, 221, 0, 15, 27, 496 }, // A
    { 12, 15, 214, 1, 15, 23, 523 }, // B
    { 12, 15, 207, 1, 15, 23, 546 }, // C
    { 13, 15, 238, 1, 15, 25, 569 }, // D
    { 11, 15, 190, 1, 15, 21, 594 }, // E
    { 10, 15, 179, 1, 15, 19, 615 }, // F
    { 12, 15, 224, 1, 15, 23, 634 }, // G
    { 12, 15, 235, 1, 15, 23, 657 }, // H
    { 3, 15, 90, 1, 15, 6, 680 }, // I
    { 9, 15, 167, 0, 15, 17, 686 }, // J
    { 13, 15, 210, 1, 15, 25, 703 }, // K
    { 10, 15, 173, 1, 15, 19, 728 }, // L
    { 16, 15, 290, 1, 15, 30, 747 }, // M
    { 13, 15, 243, 1, 15, 25, 777 }, // N
    { 15, 15, 259, 1, 15, 29, 802 }, // O
    { 12, 15, 203, 1, 15, 23, 831 }, // P
    { 15, 19, 259, 1, 15, 36, 854 }, // Q
    { 12, 15, 210, 1, 15, 23, 890 }, // R
    { 11, 15, 177, 0, 15, 21, 913 }, // S
    { 12, 15, 188, 0, 15, 23, 934 }, // T
    { 12, 15, 229, 1, 15, 23, 957 }, // U
    { 14, 15, 219, 0, 15, 27, 980 }, // V
    { 19, 15, 310, 0, 15, 36, 1007 }, // W
    { 13, 15, 210, 0, 15, 25, 1043 }, // X
    { 13, 15, 199, 0, 15, 25, 1068 }, // Y
    { 12, 15, 191, 0, 15, 23, 1093 }, // Z
    { 5, 20, 110, 2, 16, 13, 1116 }, // [
    { 10, 20, 128, -1, 16, 25, 1129 }, // <backslash>
    { 5, 20, 110, 0, 16, 13, 1154 }, // ]
    { 11, 8, 188, 0, 15, 11, 1167 }, // ^
    { 12, 2, 164, -1, -2, 3, 1178 }, // _
    { 5, 4, 125, 1, 16, 3, 1181 }, // `
    { 10, 11, 174, 0, 11, 14, 1184 }, // a
    { 11, 16, 196, 1, 16, 22, 1198 }, // b
    { 9, 11, 155, 1, 11, 13, 1220 }, // c
    { 10, 16, 196, 1, 16, 20, 1233 }, // d
    { 10, 11, 186, 1, 11, 14, 1253 }, // e
    { 8, 16, 129, 1, 16, 16, 1267 }, // f
    { 10, 15, 193, 1, 11, 19, 1283 }, // g
    { 10, 16, 190, 1, 16, 20, 1302 }, // h
    { 3, 16, 84, 1, 16, 6, 1322 }, // i
    { 6, 20, 84, -2, 16, 15, 1328 }, // j
    { 10, 16, 174, 1, 16, 20, 1343 }, // k
    { 5, 16, 91, 1, 16, 10, 1363 }, // l
    { 16, 11, 287, 1, 11, 22, 1373 }, // m
    { 10, 11, 191, 1, 11, 14, 1395 }, // n
    { 11, 11, 197, 1, 11, 16, 1409 }, // o
    { 11, 15, 196, 1, 11, 21, 1425 }, // p
    { 10, 15, 196, 1, 11, 19, 1446 }, // q
    { 7, 11, 129, 1, 11, 10, 1465 }, // r
    { 9, 11, 149, 0, 11, 13, 1475 }, // s
    { 8, 14, 134, 1, 14, 14, 1488 }, // t
    { 10, 11, 191, 1, 11, 14, 1502 }, // u
    { 11, 11, 167, 0, 11, 16, 1516 }, // v
    { 16, 11, 259, 0, 11, 22, 1532 }, // w
    { 11, 11, 170, 0, 11, 16, 1554 }, // x
    { 11, 15, 166, 0, 11, 21, 1570 }, // y
    { 10, 11, 157, 0, 11, 14, 1591 }, // z
    { 7, 20, 111, 0, 16, 18, 1605 }, // {
    { 2, 20, 93, 2, 16, 5, 1623 }, // |
    { 7, 20, 111, 0, 16, 18, 1628 }, // }
    { 11, 4, 188, 0, 8, 6, 1646 }, // ~
    { 0, 0, 77, 0, 0, 0, 1652 }, // U+00A0
    { 4, 15, 92, 1, 11, 8, 1652 }, // U+00A1
    { 10, 17, 188, 1, 14, 22, 1660 }, // U+00A2
    { 10, 15, 188, 1, 15, 19, 1682 }, // U+00A3
    { 11, 10, 188, 0, 12, 14, 1701 }, // U+00A4
    { 12, 15, 188, 0, 15, 23, 1715 }, // U+00A5
    { 2, 20, 93, 2, 16, 5, 1738 }, // U+00A6
    { 10, 18, 164, 0, 16, 23, 1743 }, // U+00A7
    { 8, 2, 125, 0, 15, 2, 1766 }, // U+00A8
    { 15, 15, 271, 1, 15, 29, 1768 }, // U+00A9
    { 8, 8, 130, 0, 15, 8, 1797 }, // U+00AA
    { 10, 9, 166, 0, 10, 12, 1805 }, // U+00AB
    { 10, 8, 188, 1, 9, 10, 1817 }, // U+00AC
    { 6, 2, 100, 0, 7, 2, 1827 }, // U+00AD
    { 15, 15, 271, 1, 15, 29, 1829 }, // U+00AE
    { 7, 2, 125, 0, 15, 2, 1858 }, // U+00AF
    { 7, 6, 111, 0, 16, 6, 1860 }, // U+00B0
    { 10, 13, 188, 1, 13, 17, 1866 }, // U+00B1
    { 7, 8, 120, 0, 15, 7, 1883 }, // U+00B2
    { 7, 8, 120, 0, 15, 7, 1890 }, // U+00B3
    { 5, 4, 125, 2, 16, 3, 1897 }, // U+00B4
    { 10, 15, 193, 1, 11, 19, 1900 }, // U+00B5
    { 12, 19, 215, 0, 15, 29, 1919 }, // U+00B6
    { 3, 3, 82, 1, 8, 2, 1948 }, // U+00B7
    { 5, 4, 125, 1, 0, 3, 1950 }, // U+00B8
    { 4, 8, 120, 1, 15, 4, 1953 }, // U+00B9
    { 9, 8, 149, 0, 15, 9, 1957 }, // U+00BA
    { 10, 9, 166, 0, 10, 12, 1966 }, // U+00BB
    { 17, 15, 291, 1, 15, 32, 1978 }, // U+00BC
    { 17, 15, 291, 1, 15, 32, 2010 }, // U+00BD
    { 18, 15, 291, 0, 15, 34, 2042 }, // U+00BE
    { 9, 15, 135, 0, 11, 17, 2076 }, // U+00BF
    { 14, 20, 221, 0, 20, 35, 2093 }, // U+00C0
    { 14, 20, 221, 0, 20, 35, 2128 }, // U+00C1
    { 14, 20, 221, 0, 20, 35, 2163 }, // U+00C2
    { 14, 19, 221, 0, 19, 34, 2198 }, // U+00C3
    { 14, 18, 221, 0, 18, 32, 2232 }, // U+00C4
    { 14, 18, 221, 0, 18, 32, 2264 }, // U+00C5
    { 19, 15, 312, 0, 15, 36, 2296 }, // U+00C6
    { 12, 18, 207, 1, 15, 27, 2332 }, // U+00C7
    { 11, 20, 190, 1, 20, 28, 2359 }, // U+00C8
    { 11, 20, 190, 1, 20, 28, 2387 }, // U+00C9
    { 11, 20, 190, 1, 20, 28, 2415 }, // U+00CA
    { 11, 18, 190, 1, 18, 25, 2443 }, // U+00CB
    { 5, 20, 90, 0, 20, 13, 2468 }, // U+00CC
    { 5, 20, 90, 1, 20, 13, 2481 }, // U+00CD
    { 7, 20, 90, -1, 20, 18, 2494 }, // U+00CE
    { 8, 18, 90, -1, 18, 18, 2512 }, // U+00CF
    { 15, 15, 242, 0, 15, 29, 2530 }, // U+00D0
    { 13, 19, 243, 1, 19, 31, 2559 }, // U+00D1
    { 15, 20, 259, 1, 20, 38, 2590 }, // U+00D2
    { 15, 20, 259, 1, 20, 38, 2628 }, // U+00D3
    { 15, 20, 259, 1, 20, 38, 2666 }, // U+00D4
    { 15, 19, 259, 1, 19, 36, 2704 }, // U+00D5
    { 15, 18, 259, 1, 18, 34, 2740 }, // U+00D6
    { 10, 9, 188, 1, 11, 12, 2774 }, // U+00D7
    { 15, 15, 259, 1, 15, 29, 2786 }, // U+00D8
    { 12, 20, 229, 1, 20, 30, 2815 }, // U+00D9
    { 12, 20, 229, 1, 20, 30, 2845 }, // U+00DA
    { 12, 20, 229, 1, 20, 30, 2875 }, // U+00DB
    { 12, 18, 229, 1, 18, 27, 2905 }, // U+00DC
    { 13, 20, 199, 0, 20, 33, 2932 }, // U+00DD
    { 12, 15, 203, 1, 15, 23, 2965 }, // U+00DE
    { 12, 16, 208, 1, 16, 24, 2988 }, // U+00DF
    { 10, 16, 174, 0, 16, 20, 3012 }, // U+00E0
    { 10, 16, 174, 0, 16, 20, 3032 }, // U+00E1
    { 10, 16, 174, 0, 16, 20, 3052 }, // U+00E2
    { 10, 16, 174, 0, 16, 20, 3072 }, // U+00E3
    { 10, 15, 174, 0, 15, 19, 3092 }, // U+00E4
    { 10, 16, 174, 0, 16, 20, 3111 }, // U+00E5
    { 17, 11, 286, 0, 11, 24, 3131 }, // U+00E6
    { 9, 15, 155, 1, 11, 17, 3155 }, // U+00E7
    { 10, 16, 186, 1, 16, 20, 3172 }, // U+00E8
    { 10, 16, 186, 1, 16, 20, 3192 }, // U+00E9
    { 10, 16, 186, 1, 16, 20, 3212 }, // U+00EA
    { 10, 15, 186, 1, 15, 19, 3232 }, // U+00EB
    { 5, 16, 84, 0, 16, 10, 3251 }, // U+00EC
    { 5, 16, 84, 1, 16, 10, 3261 }, // U+00ED
    { 7, 16, 84, -1, 16, 14, 3271 }, // U+00EE
    { 7, 15, 84, -1, 15, 14, 3285 }, // U+00EF
    { 11, 16, 196, 1, 16, 22, 3299 }, // U+00F0
    { 10, 16, 191, 1, 16, 20, 3321 }, // U+00F1
    { 11, 16, 197, 1, 16, 22, 3341 }, // U+00F2
    { 11, 16, 197, 1, 16, 22, 3363 }, // U+00F3
    { 11, 16, 197, 1, 16, 22, 3385 }, // U+00F4
    { 11, 16, 197, 1, 16, 22, 3407 }, // U+00F5
    { 11, 15, 197, 1, 15, 21, 3429 }, // U+00F6
    { 10, 12, 188, 1, 12, 15, 3450 }, // U+00F7
    { 11, 11, 197, 1, 11, 16, 3465 }, // U+00F8
    { 10, 16, 191, 1, 16, 20, 3481 }, // U+00F9
    { 10, 16, 191, 1, 16, 20, 3501 }, // U+00FA
    { 10, 16, 191, 1, 16, 20, 3521 }, // U+00FB
    { 10, 15, 191, 1, 15, 19, 3541 }, // U+00FC
    { 11, 20, 166, 0, 16, 28, 3560 }, // U+00FD
    { 11, 20, 196, 1, 16, 28, 3588 }, // U+00FE
    { 11, 19, 166, 0, 15, 27, 3616 }, // U+00FF
    { 14, 18, 221, 0, 18, 32, 3643 }, // U+0100
    { 10, 15, 174, 0, 15, 19, 3675 }, // U+0101
    { 14, 19, 221, 0, 19, 34, 3694 }, // U+0102
    { 10, 16, 174, 0, 16, 20, 3728 }, // U+0103
    { 14, 19, 221, 0, 15, 34, 3748 }, // U+0104
    { 10, 14, 174, 0, 11, 18, 3782 }, // U+0105
    { 12, 20, 207, 1, 20, 30, 3800 }, // U+0106
    { 9, 16, 155, 1, 16, 18, 3830 }, // U+0107
    { 12, 20, 207, 1, 20, 30, 3848 }, // U+0108
    { 9, 16, 155, 1, 16, 18, 3878 }, // U+0109
    { 12, 19, 207, 1, 19, 29, 3896 }, // U+010A
    { 9, 16, 155, 1, 16, 18, 3925 }, // U+010B
    { 12, 20, 207, 1, 20, 30, 3943 }, // U+010C
    { 9, 16, 155, 1, 16, 18, 3973 }, // U+010D
    { 13, 20, 238, 1, 20, 33, 3991 }, // U+010E
    { 14, 16, 207, 1, 16, 28, 4024 }, // U+010F
    { 15, 15, 242, 0, 15, 29, 4052 }, // U+0110
    { 12, 16, 196, 1, 16, 24, 4081 }, // U+0111
    { 11, 18, 190, 1, 18, 25, 4105 }, // U+0112
    { 10, 15, 186, 1, 15, 19, 4130 }, // U+0113
    { 11, 19, 190, 1, 19, 27, 4149 }, // U+0114
    { 10, 16, 186, 1, 16, 20, 4176 }, // U+0115
    { 11, 19, 190, 1, 19, 27, 4196 }, // U+0116
    { 10, 16, 186, 1, 16, 20, 4223 }, // U+0117
    { 11, 19, 190, 1, 15, 27, 4243 }, // U+0118
    { 10, 14, 186, 1, 11, 18, 4270 }, // U+0119
    { 11, 20, 190, 1, 20, 28, 4288 }, // U+011A
    { 10, 17, 186, 1, 17, 22, 4316 }, // U+011B
    { 12, 20, 224, 1, 20, 30, 4338 }, // U+011C
    { 10, 20, 193, 1, 16, 25, 4368 }, // U+011D
    { 12, 19, 224, 1, 19, 29, 4393 }, // U+011E
    { 10, 20, 193, 1, 16, 25, 4422 }, // U+011F
    { 12, 19, 224, 1, 19, 29, 4447 }, // U+0120
    { 10, 20, 193, 1, 16, 25, 4476 }, // U+0121
    { 12, 19, 224, 1, 15, 29, 4501 }, // U+0122
    { 10, 21, 193, 1, 17, 27, 4530 }, // U+0123
    { 12, 20, 235, 1, 20, 30, 4557 }, // U+0124
    { 10, 20, 190, 1, 20, 25, 4587 }, // U+0125
    { 15, 15, 244, 0, 15, 29, 4612 }, // U+0126
    { 11, 16, 190, 0, 16, 22, 4641 }, // U+0127
    { 8, 19, 90, -1, 19, 19, 4663 }, // U+0128
    { 8, 16, 84, -1, 16, 16, 4682 }, // U+0129
    { 7, 18, 90, -1, 18, 16, 4698 }, // U+012A
    { 7, 15, 84, -1, 15, 14, 4714 }, // U+012B
    { 6, 19, 90, 0, 19, 15, 4728 }, // U+012C
    { 7, 16, 84, -1, 16, 14, 4743 }, // U+012D
    { 5, 19, 90, 0, 15, 12, 4757 }, // U+012E
    { 4, 20, 84, 0, 16, 10, 4769 }, // U+012F
    { 4, 19, 90, 1, 19, 10, 4779 }, // U+0130
    { 3, 11, 84, 1, 11, 5, 4789 }, // U+0131
    { 14, 15, 256, 1, 15, 27, 4794 }, // U+0132
    { 9, 20, 170, 1, 16, 23, 4821 }, // U+0133
    { 11, 20, 167, 0, 20, 28, 4844 }, // U+0134
    { 8, 20, 84, -2, 16, 20, 4872 }, // U+0135
    { 13, 19, 210, 1, 15, 31, 4892 }, // U+0136
    { 10, 20, 174, 1, 16, 25, 4923 }, // U+0137
    { 10, 11, 179, 1, 11, 14, 4948 }, // U+0138
    { 10, 20, 173, 1, 20, 25, 4962 }, // U+0139
    { 5, 20, 91, 1, 20, 13, 4987 }, // U+013A
    { 10, 19, 173, 1, 15, 24, 5000 }, // U+013B
    { 6, 20, 91, 0, 16, 15, 5024 }, // U+013C
    { 10, 15, 173, 1, 15, 19, 5039 }, // U+013D
    { 6, 16, 95, 1, 16, 12, 5058 }, // U+013E
    { 10, 15, 173, 1, 15, 19, 5070 }, // U+013F
    { 7, 16, 123, 1, 16, 14, 5089 }, // U+0140
    { 12, 15, 179, -1, 15, 23, 5103 }, // U+0141
    { 7, 16, 96, 0, 16, 14, 5126 }, // U+0142
    { 13, 20, 243, 1, 20, 33, 5140 }, // U+0143
    { 10, 16, 191, 1, 16, 20, 5173 }, // U+0144
    { 13, 19, 243, 1, 15, 31, 5193 }, // U+0145
    { 10, 15, 191, 1, 11, 19, 5224 }, // U+0146
    { 13, 20, 243, 1, 20, 33, 5243 }, // U+0147
    { 10, 16, 191, 1, 16, 20, 5276 }, // U+0148
    { 11, 16, 191, 0, 16, 22, 5296 }, // U+0149
    { 13, 19, 243, 1, 15, 31, 5318 }, // U+014A
    { 10, 15, 191, 1, 11, 19, 5349 }, // U+014B
    { 15, 18, 259, 1, 18, 34, 5368 }, // U+014C
    { 11, 15, 197, 1, 15, 21, 5402 }, // U+014D
    { 15, 19, 259, 1, 19, 36, 5423 }, // U+014E
    { 11, 16, 197, 1, 16, 22, 5459 }, // U+014F
    { 15, 20, 259, 1, 20, 38, 5481 }, // U+0150
    { 11, 16, 197, 1, 16, 22, 5519 }, // U+0151
    { 20, 15, 331, 1, 15, 38, 5541 }, // U+0152
    { 18, 11, 316, 1, 11, 25, 5579 }, // U+0153
    { 12, 20, 210, 1, 20, 30, 5604 }, // U+0154
    { 7, 16, 129, 1, 16, 14, 5634 }, // U+0155
    { 12, 19, 210, 1, 15, 29, 5648 }, // U+0156
    { 8, 15, 129, 0, 11, 15, 5677 }, // U+0157
    { 12, 20, 210, 1, 20, 30, 5692 }, // U+0158
    { 7, 16, 129, 1, 16, 14, 5722 }, // U+0159
    { 11, 20, 177, 0, 20, 28, 5736 }, // U+015A
    { 9, 16, 149, 0, 16, 18, 5764 }, // U+015B
    { 11, 20, 177, 0, 20, 28, 5782 }, // U+015C
    { 9, 16, 149, 0, 16, 18, 5810 }, // U+015D
    { 11, 18, 177, 0, 15, 25, 5828 }, // U+015E
    { 9, 14, 149, 0, 11, 16, 5853 }, // U+015F
    { 11, 20, 177, 0, 20, 28, 5869 }, // U+0160
    { 9, 16, 149, 0, 16, 18, 5897 }, // U+0161
    { 12, 18, 188, 0, 15, 27, 5915 }, // U+0162
    { 8, 17, 134, 1, 14, 17, 5942 }, // U+0163
    { 12, 20, 188, 0, 20, 30, 5959 }, // U+0164
    { 8, 16, 134, 1, 16, 16, 5989 }, // U+0165
    { 12, 15, 188, 0, 15, 23, 6005 }, // U+0166
    { 8, 14, 134, 1, 14, 14, 6028 }, // U+0167
    { 12, 19, 229, 1, 19, 29, 6042 }, // U+0168
    { 10, 16, 191, 1, 16, 20, 6071 }, // U+0169
    { 12, 18, 229, 1, 18, 27, 6091 }, // U+016A
    { 10, 15, 191, 1, 15, 19, 6118 }, // U+016B
    { 12, 19, 229, 1, 19, 29, 6137 }, // U+016C
    { 10, 16, 191, 1, 16, 20, 6166 }, // U+016D
    { 12, 19, 229, 1, 19, 29, 6186 }, // U+016E
    { 10, 16, 191, 1, 16, 20, 6215 }, // U+016F
    { 12, 20, 229, 1, 20, 30, 6235 }, // U+0170
    { 10, 16, 191, 1, 16, 20, 6265 }, // U+0171
    { 12, 18, 229, 1, 15, 27, 6285 }, // U+0172
    { 10, 14, 191, 1, 11, 18, 6312 }, // U+0173
    { 19, 20, 310, 0, 20, 48, 6330 }, // U+0174
    { 16, 16, 259, 0, 16, 32, 6378 }, // U+0175
    { 13, 20, 199, 0, 20, 33, 6410 }, // U+0176
    { 11, 20, 166, 0, 16, 28, 6443 }, // U+0177
    { 13, 18, 199, 0, 18, 30, 6471 }, // U+0178
    { 12, 20, 191, 0, 20, 30, 6501 }, // U+0179
    { 10, 16, 157, 0, 16, 20, 6531 }, // U+017A
    { 12, 19, 191, 0, 19, 29, 6551 }, // U+017B
    { 10, 16, 157, 0, 16, 20, 6580 }, // U+017C
    { 12, 20, 191, 0, 20, 30, 6600 }, // U+017D
    { 10, 16, 157, 0, 16, 20, 6630 }, // U+017E
    { 8, 16, 91, 1, 16, 16, 6650 }, // U+017F
    { 15, 17, 259, 1, 17, 32, 6666 }, // U+01A0
    { 12, 13, 197, 1, 13, 20, 6698 }, // U+01A1
    { 15, 17, 237, 1, 17, 32, 6718 }, // U+01AF
    { 12, 13, 199, 1, 13, 20, 6750 }, // U+01B0
    { 26, 19, 430, 1, 19, 62, 6770 }, // U+01C4
    { 24, 16, 396, 1, 16, 48, 6832 }, // U+01C5
    { 21, 16, 355, 1, 16, 42, 6880 }, // U+01C6
    { 19, 15, 339, 1, 15, 36, 6922 }, // U+01C7
    { 14, 20, 259, 1, 16, 35, 6958 }, // U+01C8
    { 9, 20, 177, 1, 16, 23, 6993 }, // U+01C9
    { 24, 15, 409, 1, 15, 45, 7016 }, // U+01CA
    { 19, 20, 328, 1, 16, 48, 7061 }, // U+01CB
    { 16, 20, 277, 1, 16, 40, 7109 }, // U+01CC
    { 14, 20, 221, 0, 20, 35, 7149 }, // U+01CD
    { 10, 16, 174, 0, 16, 20, 7184 }, // U+01CE
    { 6, 20, 90, 0, 20, 15, 7204 }, // U+01CF
    { 7, 16, 84, -1, 16, 14, 7219 }, // U+01D0
    { 15, 20, 259, 1, 20, 38, 7233 }, // U+01D1
    { 11, 16, 197, 1, 16, 22, 7271 }, // U+01D2
    { 12, 20, 229, 1, 20, 30, 7293 }, // U+01D3
    { 10, 16, 191, 1, 16, 20, 7323 }, // U+01D4
    { 12, 21, 229, 1, 21, 32, 7343 }, // U+01D5
    { 10, 17, 191, 1, 17, 22, 7375 }, // U+01D6
    { 12, 21, 229, 1, 21, 32, 7397 }, // U+01D7
    { 10, 18, 191, 1, 18, 23, 7429 }, // U+01D8
    { 12, 20, 229, 1, 20, 30, 7452 }, // U+01D9
    { 10, 17, 191, 1, 17, 22, 7482 }, // U+01DA
    { 12, 21, 229, 1, 21, 32, 7504 }, // U+01DB
    { 10, 18, 191, 1, 18, 23, 7536 }, // U+01DC
    { 10, 11, 186, 1, 11, 14, 7559 }, // U+01DD
    { 14, 21, 221, 0, 21, 37, 7573 }, // U+01DE
    { 10, 17, 174, 0, 17, 22, 7610 }, // U+01DF
    { 14, 21, 221, 0, 21, 37, 7632 }, // U+01E0
    { 10, 17, 174, 0, 17, 22, 7669 }, // U+01E1
    { 19, 18, 312, 0, 18, 43, 7691 }, // U+01E2
    { 17, 15, 286, 0, 15, 32, 7734 }, // U+01E3
    { 14, 15, 234, 1, 15, 27, 7766 }, // U+01E4
    { 12, 15, 197, 1, 11, 23, 7793 }, // U+01E5
    { 12, 20, 224, 1, 20, 30, 7816 }, // U+01E6
    { 10, 20, 193, 1, 16, 25, 7846 }, // U+01E7
    { 13, 20, 210, 1, 20, 33, 7871 }, // U+01E8
    { 10, 20, 174, 1, 20, 25, 7904 }, // U+01E9
    { 15, 18, 259, 1, 15, 34, 7929 }, // U+01EA
    { 11, 14, 197, 1, 11, 20, 7963 }, // U+01EB
    { 15, 21, 259, 1, 18, 40, 7983 }, // U+01EC
    { 11, 18, 197, 1, 15, 25, 8023 }, // U+01ED
    { 11, 20, 189, 0, 20, 28, 8048 }, // U+01EE
    { 11, 20, 157, -1, 16, 28, 8076 }, // U+01EF
    { 8, 20, 84, -2, 16, 20, 8104 }, // U+01F0
    { 26, 15, 430, 1, 15, 49, 8124 }, // U+01F1
    { 24, 15, 396, 1, 15, 45, 8173 }, // U+01F2
    { 21, 16, 355, 1, 16, 42, 8218 }, // U+01F3
    { 12, 20, 224, 1, 20, 30, 8260 }, // U+01F4
    { 10, 20, 193, 1, 16, 25, 8290 }, // U+01F5
    { 20, 15, 352, 1, 15, 38, 8315 }, // U+01F6
    { 12, 19, 214, 1, 15, 29, 8353 }, // U+01F7
    { 13, 20, 243, 1, 20, 33, 8382 }, // U+01F8
    { 10, 16, 191, 1, 16, 20, 8415 }, // U+01F9
    { 14, 21, 221, 0, 21, 37, 8435 }, // U+01FA
    { 10, 19, 174, 0, 19, 24, 8472 }, // U+01FB
    { 19, 20, 312, 0, 20, 48, 8496 }, // U+01FC
    { 17, 16, 286, 0, 16, 34, 8544 }, // U+01FD
    { 15, 20, 259, 1, 20, 38, 8578 }, // U+01FE
    { 11, 16, 197, 1, 16, 22, 8616 }, // U+01FF
    { 14, 20, 221, 0, 20, 35, 8638 }, // U+0200
    { 10, 16, 174, 0, 16, 20, 8673 }, // U+0201
    { 14, 19, 221, 0, 19, 34, 8693 }, // U+0202
    { 10, 16, 174, 0, 16, 20, 8727 }, // U+0203
    { 11, 20, 190, 1, 20, 28, 8747 }, // U+0204
    { 10, 16, 186, 1, 16, 20, 8775 }, // U+0205
    { 11, 19, 190, 1, 19, 27, 8795 }, // U+0206
    { 10, 16, 186, 1, 16, 20, 8822 }, // U+0207
    { 8, 20, 90, -2, 20, 20, 8842 }, // U+0208
    { 8, 16, 84, -2, 16, 16, 8862 }, // U+0209
    { 6, 19, 90, 0, 19, 15, 8878 }, // U+020A
    { 7, 16, 84, -1, 16, 14, 8893 }, // U+020B
    { 15, 20, 259, 1, 20, 38, 8907 }, // U+020C
    { 11, 16, 197, 1, 16, 22, 8945 }, // U+020D
    { 15, 19, 259, 1, 19, 36, 8967 }, // U+020E
    { 11, 16, 197, 1, 16, 22, 9003 }, // U+020F
    { 12, 20, 210, 1, 20, 30, 9025 }, // U+0210
    { 8, 16, 129, 0, 16, 16, 9055 }, // U+0211
    { 12, 19, 210, 1, 19, 29, 9071 }, // U+0212
    { 7, 16, 129, 1, 16, 14, 9100 }, // U+0213
    { 12, 20, 229, 1, 20, 30, 9114 }, // U+0214
    { 10, 16, 191, 1, 16, 20, 9144 }, // U+0215
    { 12, 19, 229, 1, 19, 29, 9164 }, // U+0216
    { 10, 16, 191, 1, 16, 20, 9193 }, // U+0217
    { 11, 19, 177, 0, 15, 27, 9213 }, // U+0218
    { 9, 15, 149, 0, 11, 17, 9240 }, // U+0219
    { 12, 19, 188, 0, 15, 29, 9257 }, // U+021A
    { 8, 18, 134, 1, 14, 18, 9286 }, // U+021B
    { 11, 19, 178, 0, 15, 27, 9304 }, // U+021C
    { 9, 15, 145, 0, 11, 17, 9331 }, // U+021D
    { 12, 20, 235, 1, 20, 30, 9348 }, // U+021E
    { 10, 20, 190, 1, 20, 25, 9378 }, // U+021F
    { 6, 4, 0, -11, 17, 3, 9403 }, // U+0300
    { 6, 4, 0, -6, 17, 3, 9406 }, // U+0301
    { 8, 4, 0, -4, 17, 4, 9409 }, // U+0302
    { 8, 4, 0, -11, 17, 4, 9413 }, // U+0303
    { 8, 3, 0, -4, 16, 3, 9417 }, // U+0304
    { 8, 4, 0, -4, 17, 4, 9420 }, // U+0306
    { 4, 3, 0, -2, 17, 2, 9424 }, // U+0307
    { 8, 3, 0, -4, 17, 3, 9426 }, // U+0308
    { 6, 7, 0, -3, 19, 6, 9429 }, // U+030A
    { 9, 4, 0, -3, 17, 5, 9435 }, // U+030B
    { 8, 4, 0, -4, 17, 4, 9440 }, // U+030C
    { 6, 3, 125, 1, 16, 3, 9444 }, // U+0311
    { 4, 6, 0, -2, 15, 3, 9447 }, // U+0312
    { 4, 4, 0, -2, -1, 2, 9450 }, // U+0326
    { 5, 7, 0, -3, 1, 5, 9452 }, // U+0327
    { 4, 7, 0, -2, 1, 4, 9457 }, // U+0328
    { 0, 0, 0, 0, 0, 0, 9461 }, // U+034F
    { 11, 20, 190, 1, 20, 28, 9461 }, // U+0400
    { 11, 18, 190, 1, 18, 25, 9489 }, // U+0401
    { 15, 15, 250, 0, 15, 29, 9514 }, // U+0402
    { 10, 20, 170, 1, 20, 25, 9543 }, // U+0403
    { 12, 15, 207, 1, 15, 23, 9568 }, // U+0404
    { 11, 15, 177, 0, 15, 21, 9591 }, // U+0405
    { 3, 15, 90, 1, 15, 6, 9612 }, // U+0406
    { 8, 18, 90, -1, 18, 18, 9618 }, // U+0407
    { 9, 15, 167, 0, 15, 17, 9636 }, // U+0408
    { 22, 16, 348, 0, 15, 44, 9653 }, // U+0409
    { 20, 15, 342, 1, 15, 38, 9697 }, // U+040A
    { 15, 15, 250, 0, 15, 29, 9735 }, // U+040B
    { 13, 20, 210, 1, 20, 33, 9764 }, // U+040C
    { 13, 20, 243, 1, 20, 33, 9797 }, // U+040D
    { 13, 19, 196, 0, 19, 31, 9830 }, // U+040E
    { 12, 19, 233, 1, 15, 29, 9861 }, // U+040F
    { 14, 15, 221, 0, 15, 27, 9890 }, // U+0410
    { 12, 15, 206, 1, 15, 23, 9917 }, // U+0411
    { 12, 15, 214, 1, 15, 23, 9940 }, // U+0412
    { 10, 15, 170, 1, 15, 19, 9963 }, // U+0413
    { 15, 19, 241, 0, 15, 36, 9982 }, // U+0414
    { 11, 15, 190, 1, 15, 21, 10018 }, // U+0415
    { 19, 15, 302, 0, 15, 36, 10039 }, // U+0416
    { 11, 15, 191, 0, 15, 21, 10075 }, // U+0417
    { 13, 15, 243, 1, 15, 25, 10096 }, // U+0418
    { 13, 19, 243, 1, 19, 31, 10121 }, // U+0419
    { 13, 15, 210, 1, 15, 25, 10152 }, // U+041A
    { 14, 15, 236, 0, 15, 27, 10177 }, // U+041B
    { 16, 15, 290, 1, 15, 30, 10204 }, // U+041C
    { 12, 15, 235, 1, 15, 23, 10234 }, // U+041D
    { 15, 15, 259, 1, 15, 29, 10257 }, // U+041E
    { 12, 15, 233, 1, 15, 23, 10286 }, // U+041F
    { 12, 15, 203, 1, 15, 23, 10309 }, // U+0420
    { 12, 15, 207, 1, 15, 23, 10332 }, // U+0421
    { 12, 15, 188, 0, 15, 23, 10355 }, // U+0422
    { 13, 15, 196, 0, 15, 25, 10378 }, // U+0423
    { 16, 16, 288, 1, 16, 32, 10403 }, // U+0424
    { 13, 15, 210, 0, 15, 25, 10435 }, // U+0425
    { 14, 19, 239, 1, 15, 34, 10460 }, // U+0426
    { 11, 15, 210, 1, 15, 21, 10494 }, // U+0427
    { 18, 15, 328, 1, 15, 34, 10515 }, // U+0428
    { 20, 19, 334, 1, 15, 48, 10549 }, // U+0429
    { 15, 15, 242, 0, 15, 29, 10597 }, // U+042A
    { 16, 15, 285, 1, 15, 30, 10626 }, // U+042B
    { 12, 15, 205, 1, 15, 23, 10656 }, // U+042C
    { 12, 15, 207, 0, 15, 23, 10679 }, // U+042D
    { 20, 15, 343, 1, 15, 38, 10702 }, // U+042E
    { 12, 15, 212, 0, 15, 23, 10740 }, // U+042F
    { 10, 11, 174, 0, 11, 14, 10763 }, // U+0430
    { 11, 16, 198, 1, 16, 22, 10777 }, // U+0431
    { 10, 11, 183, 1, 11, 14, 10799 }, // U+0432
    { 8, 11, 139, 1, 11, 11, 10813 }, // U+0433
    { 13, 14, 201, 0, 11, 23, 10824 }, // U+0434
    { 10, 11, 186, 1, 11, 14, 10847 }, // U+0435
    { 16, 11, 254, 0, 11, 22, 10861 }, // U+0436
    { 10, 11, 163, 0, 11, 14, 10883 }, // U+0437
    { 10, 11, 199, 1, 11, 14, 10897 }, // U+0438
    { 10, 16, 199, 1, 16, 20, 10911 }, // U+0439
    { 10, 11, 179, 1, 11, 14, 10931 }, // U+043A
    { 11, 11, 199, 0, 11, 16, 10945 }, // U+043B
    { 13, 11, 244, 1, 11, 18, 10961 }, // U+043C
    { 10, 11, 195, 1, 11, 14, 10979 }, // U+043D
    { 11, 11, 197, 1, 11, 16, 10993 }, // U+043E
    { 10, 11, 193, 1, 11, 14, 11009 }, // U+043F
    { 11, 15, 196, 1, 11, 21, 11023 }, // U+0440
    { 9, 11, 155, 1, 11, 13, 11044 }, // U+0441
    { 10, 11, 154, 0, 11, 14, 11057 }, // U+0442
    { 11, 15, 166, 0, 11, 21, 11071 }, // U+0443
    { 15, 20, 255, 1, 16, 38, 11092 }, // U+0444
    { 11, 11, 170, 0, 11, 16, 11130 }, // U+0445
    { 11, 14, 195, 1, 11, 20, 11146 }, // U+0446
    { 10, 11, 178, 0, 11, 14, 11166 }, // U+0447
    { 15, 11, 274, 1, 11, 21, 11180 }, // U+0448
    { 17, 14, 278, 1, 11, 30, 11201 }, // U+0449
    { 12, 11, 199, 0, 11, 17, 11231 }, // U+044A
    { 14, 11, 253, 1, 11, 20, 11248 }, // U+044B
    { 10, 11, 176, 1, 11, 14, 11268 }, // U+044C
    { 10, 11, 166, 0, 11, 14, 11282 }, // U+044D
    { 15, 11, 270, 1, 11, 21, 11296 }, // U+044E
    { 10, 11, 183, 0, 11, 14, 11317 }, // U+044F
    { 10, 16, 186, 1, 16, 20, 11331 }, // U+0450
    { 10, 15, 186, 1, 15, 19, 11351 }, // U+0451
    { 11, 20, 190, 0, 16, 28, 11370 }, // U+0452
    { 8, 16, 139, 1, 16, 16, 11398 }, // U+0453
    { 9, 11, 166, 1, 11, 13, 11414 }, // U+0454
    { 9, 11, 149, 0, 11, 13, 11427 }, // U+0455
    { 3, 16, 84, 1, 16, 6, 11440 }, // U+0456
    { 7, 15, 84, -1, 15, 14, 11446 }, // U+0457
    { 6, 20, 84, -2, 16, 15, 11460 }, // U+0458
    { 18, 11, 288, 0, 11, 25, 11475 }, // U+0459
    { 17, 11, 284, 1, 11, 24, 11500 }, // U+045A
    { 11, 16, 190, 0, 16, 22, 11524 }, // U+045B
    { 10, 16, 179, 1, 16, 20, 11546 }, // U+045C
    { 10, 16, 199, 1, 16, 20, 11566 }, // U+045D
    { 11, 20, 166, 0, 16, 28, 11586 }, // U+045E
    { 10, 14, 192, 1, 11, 18, 11614 }, // U+045F
    { 15, 16, 242, 0, 16, 30, 11632 }, // U+0462
    { 12, 16, 199, 0, 16, 24, 11662 }, // U+0463
    { 15, 15, 259, 1, 15, 29, 11686 }, // U+0472
    { 11, 11, 197, 1, 11, 16, 11715 }, // U+0473
    { 17, 15, 251, 0, 15, 32, 11731 }, // U+0474
    { 12, 11, 188, 0, 11, 17, 11763 }, // U+0475
    { 15, 23, 248, 1, 19, 44, 11780 }, // U+048A
    { 12, 20, 203, 1, 16, 30, 11824 }, // U+048B
    { 13, 16, 210, 0, 16, 26, 11854 }, // U+048C
    { 11, 11, 175, 0, 11, 16, 11880 }, // U+048D
    { 12, 15, 203, 1, 15, 23, 11896 }, // U+048E
    { 11, 15, 196, 1, 11, 21, 11919 }, // U+048F
    { 10, 18, 170, 1, 18, 23, 11940 }, // U+0490
    { 8, 14, 143, 1, 14, 14, 11963 }, // U+0491
    { 11, 15, 174, 0, 15, 21, 11977 }, // U+0492
    { 9, 11, 142, 0, 11, 13, 11998 }, // U+0493
    { 12, 19, 208, 1, 15, 29, 12011 }, // U+0494
    { 10, 15, 181, 1, 11, 19, 12040 }, // U+0495
    { 20, 19, 307, 0, 15, 48, 12059 }, // U+0496
    { 17, 14, 258, 0, 11, 30, 12107 }, // U+0497
    { 11, 18, 191, 0, 15, 25, 12137 }, // U+0498
    { 10, 14, 163, 0, 11, 18, 12162 }, // U+0499
    { 13, 19, 219, 1, 15, 31, 12180 }, // U+049A
    { 11, 15, 182, 1, 11, 21, 12211 }, // U+049B
    { 14, 15, 236, 1, 15, 27, 12232 }, // U+049C
    { 12, 11, 206, 1, 11, 17, 12259 }, // U+049D
    { 14, 15, 214, 0, 15, 27, 12276 }, // U+049E
    { 12, 11, 185, 0, 11, 17, 12303 }, // U+049F
    { 16, 15, 246, 0, 15, 30, 12320 }, // U+04A0
    { 13, 11, 202, 0, 11, 18, 12350 }, // U+04A1
    { 14, 19, 241, 1, 15, 34, 12368 }, // U+04A2
    { 12, 14, 199, 1, 11, 21, 12402 }, // U+04A3
    { 16, 15, 272, 1, 15, 30, 12423 }, // U+04A4
    { 13, 11, 219, 1, 11, 18, 12453 }, // U+04A5
    { 20, 19, 344, 1, 15, 48, 12471 }, // U+04A6
    { 17, 15, 287, 1, 11, 32, 12519 }, // U+04A7
    { 15, 19, 262, 1, 15, 36, 12551 }, // U+04A8
    { 11, 14, 203, 1, 11, 20, 12587 }, // U+04A9
    { 12, 18, 207, 1, 15, 27, 12607 }, // U+04AA
    { 9, 15, 155, 1, 11, 17, 12634 }, // U+04AB
    { 12, 19, 188, 0, 15, 29, 12651 }, // U+04AC
    { 10, 14, 154, 0, 11, 18, 12680 }, // U+04AD
    { 13, 15, 199, 0, 15, 25, 12698 }, // U+04AE
    { 11, 15, 167, 0, 11, 21, 12723 }, // U+04AF
    { 13, 15, 199, 0, 15, 25, 12744 }, // U+04B0
    { 11, 15, 167, 0, 11, 21, 12769 }, // U+04B1
    { 14, 19, 218, 0, 15, 34, 12790 }, // U+04B2
    { 11, 14, 175, 0, 11, 20, 12824 }, // U+04B3
    { 18, 19, 282, 0, 15, 43, 12844 }, // U+04B4
    { 14, 14, 220, 0, 11, 25, 12887 }, // U+04B5
    { 13, 19, 217, 1, 15, 31, 12912 }, // U+04B6
    { 11, 14, 181, 0, 11, 20, 12943 }, // U+04B7
    { 11, 15, 213, 1, 15, 21, 12963 }, // U+04B8
    { 10, 11, 178, 0, 11, 14, 12984 }, // U+04B9
    { 12, 15, 213, 1, 15, 23, 12998 }, // U+04BA
    { 10, 16, 190, 1, 16, 20, 13021 }, // U+04BB
    { 17, 15, 278, 0, 15, 32, 13041 }, // U+04BC
    { 13, 11, 223, 0, 11, 18, 13073 }, // U+04BD
    { 17, 19, 278, 0, 15, 41, 13091 }, // U+04BE
    { 13, 14, 223, 0, 11, 23, 13132 }, // U+04BF
    { 3, 15, 90, 1, 15, 6, 13155 }, // U+04C0
    { 19, 19, 302, 0, 19, 46, 13161 }, // U+04C1
    { 16, 16, 254, 0, 16, 32, 13207 }, // U+04C2
    { 12, 19, 210, 1, 15, 29, 13239 }, // U+04C3
    { 10, 15, 181, 1, 11, 19, 13268 }, // U+04C4
    { 15, 19, 241, 0, 15, 36, 13287 }, // U+04C5
    { 13, 15, 203, 0, 11, 25, 13323 }, // U+04C6
    { 12, 19, 235, 1, 15, 29, 13348 }, // U+04C7
    { 10, 15, 195, 1, 11, 19, 13377 }, // U+04C8
    { 14, 19, 241, 1, 15, 34, 13396 }, // U+04C9
    { 12, 15, 199, 1, 11, 23, 13430 }, // U+04CA
    { 11, 19, 213, 1, 15, 27, 13453 }, // U+04CB
    { 10, 14, 178, 0, 11, 18, 13480 }, // U+04CC
    { 18, 19, 300, 1, 15, 43, 13498 }, // U+04CD
    { 15, 15, 250, 1, 11, 29, 13541 }, // U+04CE
    { 3, 15, 90, 1, 15, 6, 13570 }, // U+04CF
    { 14, 19, 221, 0, 19, 34, 13576 }, // U+04D0
    { 10, 16, 174, 0, 16, 20, 13610 }, // U+04D1
    { 14, 18, 221, 0, 18, 32, 13630 }, // U+04D2
    { 10, 15, 174, 0, 15, 19, 13662 }, // U+04D3
    { 19, 15, 312, 0, 15, 36, 13681 }, // U+04D4
    { 17, 11, 286, 0, 11, 24, 13717 }, // U+04D5
    { 11, 19, 190, 1, 19, 27, 13741 }, // U+04D6
    { 10, 16, 186, 1, 16, 20, 13768 }, // U+04D7
    { 13, 15, 235, 1, 15, 25, 13788 }, // U+04D8
    { 10, 11, 186, 1, 11, 14, 13813 }, // U+04D9
    { 13, 18, 235, 1, 18, 30, 13827 }, // U+04DA
    { 10, 15, 186, 1, 15, 19, 13857 }, // U+04DB
    { 19, 18, 302, 0, 18, 43, 13876 }, // U+04DC
    { 16, 15, 254, 0, 15, 30, 13919 }, // U+04DD
    { 11, 18, 191, 0, 18, 25, 13949 }, // U+04DE
    { 10, 15, 163, 0, 15, 19, 13974 }, // U+04DF
    { 11, 15, 189, 0, 15, 21, 13993 }, // U+04E0
    { 11, 15, 157, -1, 11, 21, 14014 }, // U+04E1
    { 13, 18, 243, 1, 18, 30, 14035 }, // U+04E2
    { 10, 15, 199, 1, 15, 19, 14065 }, // U+04E3
    { 13, 18, 243, 1, 18, 30, 14084 }, // U+04E4
    { 10, 15, 199, 1, 15, 19, 14114 }, // U+04E5
    { 15, 18, 259, 1, 18, 34, 14133 }, // U+04E6
    { 11, 15, 197, 1, 15, 21, 14167 }, // U+04E7
    { 15, 15, 259, 1, 15, 29, 14188 }, // U+04E8
    { 11, 11, 197, 1, 11, 16, 14217 }, // U+04E9
    { 15, 18, 259, 1, 18, 34, 14233 }, // U+04EA
    { 11, 15, 197, 1, 15, 21, 14267 }, // U+04EB
    { 12, 18, 207, 0, 18, 27, 14288 }, // U+04EC
    { 10, 15, 166, 0, 15, 19, 14315 }, // U+04ED
    { 13, 18, 196, 0, 18, 30, 14334 }, // U+04EE
    { 11, 19, 166, 0, 15, 27, 14364 }, // U+04EF
    { 13, 18, 196, 0, 18, 30, 14391 }, // U+04F0
    { 11, 19, 166, 0, 15, 27, 14421 }, // U+04F1
    { 13, 19, 196, 0, 19, 31, 14448 }, // U+04F2
    { 11, 20, 166, 0, 16, 28, 14479 }, // U+04F3
    { 11, 18, 210, 1, 18, 25, 14507 }, // U+04F4
    { 10, 15, 178, 0, 15, 19, 14532 }, // U+04F5
    { 10, 19, 170, 1, 15, 24, 14551 }, // U+04F6
    { 8, 14, 139, 1, 11, 14, 14575 }, // U+04F7
    { 16, 18, 285, 1, 18, 36, 14589 }, // U+04F8
    { 14, 15, 253, 1, 15, 27, 14625 }, // U+04F9
    { 13, 12, 211, 0, 12, 20, 14652 }, // U+05D0
    { 12, 12, 191, 0, 12, 18, 14672 }, // U+05D1
    { 8, 13, 125, 0, 12, 13, 14690 }, // U+05D2
    { 11, 12, 181, 0, 12, 17, 14703 }, // U+05D3
    { 11, 12, 209, 1, 12, 17, 14720 }, // U+05D4
    { 5, 12, 100, 0, 12, 8, 14737 }, // U+05D5
    { 7, 12, 110, 0, 12, 11, 14745 }, // U+05D6
    { 13, 12, 221, 0, 12, 20, 14756 }, // U+05D7
    { 12, 12, 211, 1, 12, 18, 14776 }, // U+05D8
    { 5, 8, 98, 0, 12, 5, 14794 }, // U+05D9
    { 10, 16, 182, 0, 12, 20, 14799 }, // U+05DA
    { 10, 12, 172, 0, 12, 15, 14819 }, // U+05DB
    { 11, 16, 174, 0, 16, 22, 14834 }, // U+05DC
    { 12, 12, 228, 1, 12, 18, 14856 }, // U+05DD
    { 13, 12, 220, 0, 12, 20, 14874 }, // U+05DE
    { 5, 16, 110, 0, 12, 10, 14894 }, // U+05DF
    { 6, 12, 126, 1, 12, 9, 14904 }, // U+05E0
    { 13, 12, 214, 0, 12, 20, 14913 }, // U+05E1
    { 12, 15, 198, 0, 13, 23, 14933 }, // U+05E2
    { 11, 16, 207, 1, 12, 22, 14956 }, // U+05E3
    { 11, 12, 200, 1, 12, 17, 14978 }, // U+05E4
    { 11, 16, 176, 0, 12, 22, 14995 }, // U+05E5
    { 11, 12, 185, 0, 12, 17, 15017 }, // U+05E6
    { 12, 16, 209, 1, 12, 24, 15034 }, // U+05E7
    { 10, 12, 174, 0, 12, 15, 15058 }, // U+05E8
    { 13, 12, 243, 1, 12, 20, 15073 }, // U+05E9
    { 13, 12, 228, 0, 12, 20, 15093 }, // U+05EA
    { 4, 6, 109, 1, 5, 3, 15113 }, // U+060C
    { 4, 12, 115, 1, 11, 6, 15116 }, // U+061B
    { 9, 17, 145, 0, 16, 20, 15122 }, // U+061F
    { 8, 10, 137, 0, 8, 10, 15142 }, // U+0621
    { 7, 3, 90, 0, 2, 3, 15152 }, // U+0640
    { 5, 5, 0, 0, 17, 4, 15155 }, // U+0654
    { 4, 4, 191, 4, 8, 2, 15159 }, // U+0660
    { 4, 16, 191, 4, 15, 8, 15161 }, // U+0661
    { 10, 16, 191, 1, 15, 20, 15169 }, // U+0662
    { 12, 16, 191, 0, 15, 24, 15189 }, // U+0663
    { 10, 16, 191, 1, 15, 20, 15213 }, // U+0664
    { 10, 12, 191, 1, 11, 15, 15233 }, // U+0665
    { 10, 16, 191, 1, 15, 20, 15248 }, // U+0666
    { 12, 16, 191, 0, 15, 24, 15268 }, // U+0667
    { 12, 16, 191, 0, 15, 24, 15292 }, // U+0668
    { 10, 16, 191, 1, 15, 20, 15316 }, // U+0669
    { 14, 12, 228, 0, 7, 21, 15336 }, // U+06BA
    { 6, 2, 100, 0, 2, 2, 15357 }, // U+06D4
    { 8, 10, 135, 0, 10, 10, 15359 }, // U+06D5
    { 4, 4, 191, 4, 8, 2, 15369 }, // U+06F0
    { 4, 16, 191, 4, 15, 8, 15371 }, // U+06F1
    { 10, 16, 191, 1, 15, 20, 15379 }, // U+06F2
    { 12, 16, 191, 0, 15, 24, 15399 }, // U+06F3
    { 10, 15, 191, 1, 15, 19, 15423 }, // U+06F4
    { 10, 15, 191, 1, 15, 19, 15442 }, // U+06F5
    { 8, 16, 191, 2, 15, 16, 15461 }, // U+06F6
    { 12, 16, 191, 0, 15, 24, 15477 }, // U+06F7
    { 12, 16, 191, 0, 15, 24, 15501 }, // U+06F8
    { 10, 16, 191, 1, 15, 20, 15525 }, // U+06F9
    { 14, 19, 221, 0, 15, 34, 15545 }, // U+1EA0
    { 10, 16, 174, 0, 12, 20, 15579 }, // U+1EA1
    { 14, 20, 221, 0, 20, 35, 15599 }, // U+1EA2
    { 10, 17, 174, 0, 16, 22, 15634 }, // U+1EA3
    { 14, 22, 221, 0, 22, 39, 15656 }, // U+1EA4
    { 12, 20, 174, 0, 19, 30, 15695 }, // U+1EA5
    { 14, 22, 221, 0, 22, 39, 15725 }, // U+1EA6
    { 10, 20, 174, 0, 19, 25, 15764 }, // U+1EA7
    { 14, 23, 221, 0, 23, 41, 15789 }, // U+1EA8
    { 11, 20, 174, 0, 19, 28, 15830 }, // U+1EA9
    { 14, 23, 221, 0, 23, 41, 15858 }, // U+1EAA
    { 10, 20, 174, 0, 19, 25, 15899 }, // U+1EAB
    { 14, 24, 221, 0, 20, 42, 15924 }, // U+1EAC
    { 10, 21, 174, 0, 17, 27, 15966 }, // U+1EAD
    { 14, 23, 221, 0, 23, 41, 15993 }, // U+1EAE
    { 10, 21, 174, 0, 20, 27, 16034 }, // U+1EAF
    { 14, 23, 221, 0, 23, 41, 16061 }, // U+1EB0
    { 10, 21, 174, 0, 20, 27, 16102 }, // U+1EB1
    { 14, 23, 221, 0, 23, 41, 16129 }, // U+1EB2
    { 10, 21, 174, 0, 20, 27, 16170 }, // U+1EB3
    { 14, 22, 221, 0, 22, 39, 16197 }, // U+1EB4
    { 10, 20, 174, 0, 19, 25, 16236 }, // U+1EB5
    { 14, 23, 221, 0, 19, 41, 16261 }, // U+1EB6
    { 10, 20, 174, 0, 16, 25, 16302 }, // U+1EB7
    { 11, 19, 190, 1, 15, 27, 16327 }, // U+1EB8
    { 10, 16, 186, 1, 12, 20, 16354 }, // U+1EB9
    { 11, 20, 190, 1, 20, 28, 16374 }, // U+1EBA
    { 10, 17, 186, 1, 16, 22, 16402 }, // U+1EBB
    { 11, 19, 190, 1, 19, 27, 16424 }, // U+1EBC
    { 10, 17, 186, 1, 16, 22, 16451 }, // U+1EBD
    { 12, 22, 190, 1, 22, 33, 16473 }, // U+1EBE
    { 11, 20, 186, 1, 19, 28, 16506 }, // U+1EBF
    { 11, 22, 190, 1, 22, 31, 16534 }, // U+1EC0
    { 10, 20, 186, 1, 19, 25, 16565 }, // U+1EC1
    { 11, 22, 190, 1, 22, 31, 16590 }, // U+1EC2
    { 11, 20, 186, 1, 19, 28, 16621 }, // U+1EC3
    { 11, 23, 190, 1, 23, 32, 16649 }, // U+1EC4
    { 10, 21, 186, 1, 20, 27, 16681 }, // U+1EC5
    { 11, 24, 190, 1, 20, 33, 16708 }, // U+1EC6
    { 10, 21, 186, 1, 17, 27, 16741 }, // U+1EC7
    { 5, 20, 90, 0, 20, 13, 16768 }, // U+1EC8
    { 5, 16, 84, 0, 16, 10, 16781 }, // U+1EC9
    { 4, 19, 90, 1, 15, 10, 16791 }, // U+1ECA
    { 3, 20, 84, 1, 16, 8, 16801 }, // U+1ECB
    { 14, 19, 259, 1, 15, 34, 16809 }, // U+1ECC
    { 11, 16, 197, 1, 12, 22, 16843 }, // U+1ECD
    { 14, 21, 259, 1, 20, 37, 16865 }, // U+1ECE
    { 11, 17, 197, 1, 16, 24, 16902 }, // U+1ECF
    { 14, 23, 259, 1, 22, 41, 16926 }, // U+1ED0
    { 11, 20, 197, 1, 19, 28, 16967 }, // U+1ED1
    { 14, 23, 259, 1, 22, 41, 16995 }, // U+1ED2
    { 11, 20, 197, 1, 19, 28, 17036 }, // U+1ED3
    { 14, 23, 259, 1, 22, 41, 17064 }, // U+1ED4
    { 11, 20, 197, 1, 19, 28, 17105 }, // U+1ED5
    { 14, 23, 259, 1, 22, 41, 17133 }, // U+1ED6
    { 11, 20, 197, 1, 19, 28, 17174 }, // U+1ED7
    { 14, 24, 259, 1, 20, 42, 17202 }, // U+1ED8
    { 11, 21, 197, 1, 17, 29, 17244 }, // U+1ED9
    { 15, 21, 259, 1, 20, 40, 17273 }, // U+1EDA
    { 12, 18, 197, 1, 17, 27, 17313 }, // U+1EDB
    { 15, 21, 259, 1, 20, 40, 17340 }, // U+1EDC
    { 12, 18, 197, 1, 17, 27, 17380 }, // U+1EDD
    { 15, 21, 259, 1, 20, 40, 17407 }, // U+1EDE
    { 12, 17, 197, 1, 16, 26, 17447 }, // U+1EDF
    { 15, 20, 259, 1, 19, 38, 17473 }, // U+1EE0
    { 12, 17, 197, 1, 16, 26, 17511 }, // U+1EE1
    { 15, 21, 259, 1, 17, 40, 17537 }, // U+1EE2
    { 12, 18, 197, 1, 14, 27, 17577 }, // U+1EE3
    { 12, 19, 229, 1, 15, 29, 17604 }, // U+1EE4
    { 10, 15, 191, 1, 11, 19, 17633 }, // U+1EE5
    { 12, 21, 229, 1, 20, 32, 17652 }, // U+1EE6
    { 10, 17, 191, 1, 16, 22, 17684 }, // U+1EE7
    { 15, 21, 237, 1, 20, 40, 17706 }, // U+1EE8
    { 12, 18, 199, 1, 17, 27, 17746 }, // U+1EE9
    { 15, 21, 237, 1, 20, 40, 17773 }, // U+1EEA
    { 12, 18, 199, 1, 17, 27, 17813 }, // U+1EEB
    { 15, 21, 237, 1, 20, 40, 17840 }, // U+1EEC
    { 12, 17, 199, 1, 16, 26, 17880 }, // U+1EED
    { 15, 20, 237, 1, 19, 38, 17906 }, // U+1EEE
    { 12, 17, 199, 1, 16, 26, 17944 }, // U+1EEF
    { 15, 21, 237, 1, 17, 40, 17970 }, // U+1EF0
    { 12, 18, 199, 1, 14, 27, 18010 }, // U+1EF1
    { 13, 20, 199, 0, 20, 33, 18037 }, // U+1EF2
    { 11, 21, 166, 0, 17, 29, 18070 }, // U+1EF3
    { 13, 19, 199, 0, 15, 31, 18099 }, // U+1EF4
    { 10, 15, 166, 0, 11, 19, 18130 }, // U+1EF5
    { 13, 20, 199, 0, 20, 33, 18149 }, // U+1EF6
    { 10, 20, 166, 0, 16, 25, 18182 }, // U+1EF7
    { 13, 19, 199, 0, 19, 31, 18207 }, // U+1EF8
    { 10, 20, 166, 0, 16, 25, 18238 }, // U+1EF9
    { 0, 0, 43, 0, 0, 0, 18263 }, // U+2009
    { 0, 0, 0, 0, 0, 0, 18263 }, // U+200B
    { 2, 16, 0, -1, 15, 4, 18263 }, // U+200C
    { 6, 16, 0, -3, 15, 12, 18267 }, // U+200D
    { 6, 18, 0, -1, 16, 14, 18279 }, // U+200E
    { 6, 18, 0, -5, 16, 14, 18293 }, // U+200F
    { 6, 3, 107, 0, 8, 3, 18307 }, // U+2010
    { 6, 3, 107, 0, 7, 3, 18310 }, // U+2011
    { 12, 2, 165, -1, 7, 3, 18313 }, // U+2013
    { 22, 2, 332, -1, 7, 6, 18316 }, // U+2014
    { 22, 2, 332, -1, 7, 6, 18322 }, // U+2015
    { 4, 5, 78, 1, 16, 3, 18328 }, // U+2018
    { 4, 5, 78, 0, 16, 3, 18331 }, // U+2019
    { 4, 5, 78, 0, 2, 3, 18334 }, // U+201A
    { 8, 5, 139, 1, 16, 5, 18337 }, // U+201C
    { 8, 5, 139, 0, 16, 5, 18342 }, // U+201D
    { 8, 5, 139, 0, 2, 5, 18347 }, // U+201E
    { 10, 18, 159, 0, 15, 23, 18352 }, // U+2020
    { 10, 18, 159, 0, 15, 23, 18375 }, // U+2021
    { 6, 5, 120, 1, 10, 4, 18398 }, // U+2022
    { 17, 3, 332, 2, 3, 7, 18402 }, // U+2026
    { 0, 0, 43, 0, 0, 0, 18409 }, // U+202F
    { 24, 15, 409, 1, 15, 45, 18409 }, // U+2030
    { 6, 9, 97, 0, 10, 7, 18454 }, // U+2039
    { 6, 9, 97, 0, 10, 7, 18461 }, // U+203A
    { 11, 15, 49, -4, 15, 21, 18468 }, // U+2044
    { 4, 12, 115, 1, 11, 6, 18489 }, // U+204F
    { 7, 8, 120, 0, 15, 7, 18495 }, // U+2070
    { 8, 8, 120, 0, 15, 8, 18502 }, // U+2074
    { 7, 8, 120, 0, 15, 7, 18510 }, // U+2075
    { 7, 8, 120, 0, 15, 7, 18517 }, // U+2076
    { 7, 8, 120, 0, 15, 7, 18524 }, // U+2077
    { 7, 8, 120, 0, 15, 7, 18531 }, // U+2078
    { 7, 8, 120, 0, 15, 7, 18538 }, // U+2079
    { 7, 8, 120, 0, 8, 7, 18545 }, // U+2080
    { 4, 8, 120, 1, 8, 4, 18552 }, // U+2081
    { 7, 8, 120, 0, 8, 7, 18556 }, // U+2082
    { 7, 8, 120, 0, 8, 7, 18563 }, // U+2083
    { 8, 8, 120, 0, 8, 8, 18570 }, // U+2084
    { 7, 8, 120, 0, 8, 7, 18578 }, // U+2085
    { 7, 8, 120, 0, 8, 7, 18585 }, // U+2086
    { 7, 8, 120, 0, 8, 7, 18592 }, // U+2087
    { 7, 8, 120, 0, 8, 7, 18599 }, // U+2088
    { 7, 8, 120, 0, 8, 7, 18606 }, // U+2089
    { 14, 13, 264, 1, 13, 23, 18613 }, // U+20AA
    { 12, 14, 188, 0, 14, 21, 18636 }, // U+20AC
    { 12, 15, 188, 0, 15, 23, 18657 }, // U+20AE
    { 12, 15, 188, 0, 15, 23, 18680 }, // U+20B4
    { 11, 15, 188, 1, 15, 21, 18703 }, // U+20B9
    { 12, 16, 195, 0, 16, 24, 18724 }, // U+2202
    { 14, 15, 217, 0, 15, 27, 18748 }, // U+2206
    { 12, 17, 232, 1, 15, 26, 18775 }, // U+220F
    { 11, 17, 172, 0, 15, 24, 18801 }, // U+2211
    { 10, 2, 188, 1, 7, 3, 18825 }, // U+2212
    { 11, 15, 49, -4, 15, 21, 18828 }, // U+2215
    { 3, 3, 82, 1, 8, 2, 18849 }, // U+2219
    { 13, 17, 188, 0, 16, 28, 18851 }, // U+221A
    { 12, 6, 196, 0, 9, 9, 18879 }, // U+221E
    { 8, 20, 123, 0, 16, 20, 18888 }, // U+222B
    { 11, 8, 188, 0, 10, 11, 18908 }, // U+2248
    { 10, 13, 188, 1, 13, 17, 18919 }, // U+2260
    { 10, 12, 188, 1, 12, 15, 18936 }, // U+2264
    { 10, 12, 188, 1, 12, 15, 18951 }, // U+2265
    { 16, 16, 259, 1, 16, 32, 18966 }, // U+FB00
    { 12, 16, 214, 1, 16, 24, 18998 }, // U+FB01
    { 13, 16, 221, 1, 16, 26, 19022 }, // U+FB02
    { 20, 16, 344, 1, 16, 40, 19048 }, // U+FB03
    { 21, 16, 351, 1, 16, 42, 19088 }, // U+FB04
    { 20, 17, 331, 0, 9, 43, 19130 }, // U+FB56
    { 24, 16, 364, 0, 8, 48, 19173 }, // U+FB57
    { 6, 16, 100, -1, 9, 12, 19221 }, // U+FB58
    { 9, 13, 124, 0, 6, 15, 19233 }, // U+FB59
    { 20, 16, 331, 0, 15, 40, 19248 }, // U+FB66
    { 24, 16, 364, 0, 15, 48, 19288 }, // U+FB67
    { 6, 18, 90, 0, 17, 14, 19336 }, // U+FB68
    { 9, 16, 124, 0, 15, 18, 19350 }, // U+FB69
    { 13, 18, 220, 0, 9, 30, 19368 }, // U+FB7A
    { 17, 18, 240, 0, 9, 39, 19398 }, // U+FB7B
    { 12, 15, 196, 0, 8, 23, 19437 }, // U+FB7C
    { 15, 15, 212, 0, 8, 29, 19460 }, // U+FB7D
    { 9, 20, 159, 0, 19, 23, 19489 }, // U+FB88
    { 13, 20, 177, 0, 19, 33, 19512 }, // U+FB89
    { 8, 20, 122, -1, 15, 20, 19545 }, // U+FB8A
    { 11, 20, 132, -1, 15, 28, 19565 }, // U+FB8B
    { 8, 21, 122, -1, 16, 21, 19593 }, // U+FB8C
    { 11, 21, 132, -1, 16, 29, 19614 }, // U+FB8D
    { 19, 16, 292, 0, 15, 38, 19643 }, // U+FB8E
    { 22, 16, 325, 0, 15, 44, 19681 }, // U+FB8F
    { 9, 16, 137, 0, 15, 18, 19725 }, // U+FB90
    { 12, 16, 169, 0, 15, 24, 19743 }, // U+FB91
    { 19, 19, 292, 0, 18, 46, 19767 }, // U+FB92
    { 22, 19, 325, 0, 18, 53, 19813 }, // U+FB93
    { 9, 19, 137, 0, 18, 22, 19866 }, // U+FB94
    { 12, 19, 169, 0, 18, 29, 19888 }, // U+FB95
    { 14, 12, 228, 0, 7, 21, 19917 }, // U+FB9E
    { 17, 11, 243, 0, 6, 24, 19938 }, // U+FB9F
    { 8, 10, 135, 0, 10, 10, 19962 }, // U+FBA6
    { 12, 8, 160, 0, 7, 12, 19972 }, // U+FBA7
    { 5, 13, 90, 0, 9, 9, 19984 }, // U+FBA8
    { 11, 10, 146, 0, 4, 14, 19993 }, // U+FBA9
    { 14, 12, 224, 0, 11, 21, 20007 }, // U+FBAA
    { 14, 14, 205, 0, 9, 25, 20028 }, // U+FBAB
    { 12, 12, 191, 0, 11, 18, 20053 }, // U+FBAC
    { 12, 14, 169, 0, 9, 21, 20071 }, // U+FBAD
    { 19, 11, 314, 0, 10, 27, 20092 }, // U+FBAE
    { 13, 8, 183, 0, 2, 13, 20119 }, // U+FBAF
    { 19, 16, 314, 0, 15, 38, 20132 }, // U+FBB0
    { 13, 13, 183, 0, 7, 22, 20170 }, // U+FBB1
    { 16, 14, 253, 0, 9, 28, 20192 }, // U+FBFC
    { 17, 9, 245, 0, 4, 20, 20220 }, // U+FBFD
    { 6, 13, 100, -1, 9, 10, 20240 }, // U+FBFE
    { 9, 10, 124, 0, 6, 12, 20250 }, // U+FBFF
    { 8, 10, 137, 0, 8, 10, 20262 }, // U+FE80
    { 8, 18, 78, -2, 18, 18, 20272 }, // U+FE81
    { 10, 20, 97, -2, 19, 25, 20290 }, // U+FE82
    { 5, 20, 78, 0, 20, 13, 20315 }, // U+FE83
    { 8, 22, 97, 0, 21, 22, 20328 }, // U+FE84
    { 9, 18, 149, 0, 13, 21, 20350 }, // U+FE85
    { 11, 18, 157, 0, 13, 25, 20371 }, // U+FE86
    { 5, 21, 79, 1, 15, 14, 20396 }, // U+FE87
    { 7, 21, 97, 1, 15, 19, 20410 }, // U+FE88
    { 16, 14, 253, 0, 9, 28, 20429 }, // U+FE89
    { 17, 14, 245, 0, 9, 30, 20457 }, // U+FE8A
    { 5, 16, 90, 0, 15, 10, 20487 }, // U+FE8B
    { 9, 13, 114, 0, 12, 15, 20497 }, // U+FE8C
    { 3, 15, 79, 1, 15, 6, 20512 }, // U+FE8D
    { 7, 16, 97, 1, 15, 14, 20518 }, // U+FE8E
    { 20, 13, 331, 0, 9, 33, 20532 }, // U+FE8F
    { 24, 12, 364, 0, 8, 36, 20565 }, // U+FE90
    { 5, 13, 90, 0, 9, 9, 20601 }, // U+FE91
    { 9, 10, 114, 0, 6, 12, 20610 }, // U+FE92
    { 8, 14, 135, 0, 14, 14, 20622 }, // U+FE93
    { 12, 16, 162, 0, 15, 24, 20636 }, // U+FE94
    { 20, 12, 331, 0, 11, 30, 20660 }, // U+FE95
    { 24, 12, 364, 0, 11, 36, 20690 }, // U+FE96
    { 6, 14, 90, 0, 13, 11, 20726 }, // U+FE97
    { 9, 11, 124, 0, 10, 13, 20737 }, // U+FE98
    { 20, 15, 331, 0, 14, 38, 20750 }, // U+FE99
    { 24, 15, 364, 0, 14, 45, 20788 }, // U+FE9A
    { 6, 17, 90, 0, 16, 13, 20833 }, // U+FE9B
    { 9, 14, 124, 0, 13, 16, 20846 }, // U+FE9C
    { 13, 18, 213, 0, 9, 30, 20862 }, // U+FE9D
    { 15, 18, 216, 0, 9, 34, 20892 }, // U+FE9E
    { 12, 12, 196, 0, 8, 18, 20926 }, // U+FE9F
    { 15, 12, 212, 0, 8, 23, 20944 }, // U+FEA0
    { 13, 18, 213, 0, 9, 30, 20967 }, // U+FEA1
    { 15, 18, 216, 0, 9, 34, 20997 }, // U+FEA2
    { 12, 9, 196, 0, 8, 14, 21031 }, // U+FEA3
    { 15, 9, 212, 0, 8, 17, 21045 }, // U+FEA4
    { 13, 22, 213, 0, 13, 36, 21062 }, // U+FEA5
    { 15, 22, 216, 0, 13, 42, 21098 }, // U+FEA6
    { 12, 13, 196, 0, 12, 20, 21140 }, // U+FEA7
    { 15, 13, 212, 0, 12, 25, 21160 }, // U+FEA8
    { 9, 11, 159, 0, 10, 13, 21185 }, // U+FEA9
    { 13, 11, 177, 0, 10, 18, 21198 }, // U+FEAA
    { 9, 15, 159, 0, 14, 17, 21216 }, // U+FEAB
    { 13, 15, 177, 0, 14, 25, 21233 }, // U+FEAC
    { 8, 13, 122, -1, 8, 13, 21258 }, // U+FEAD
    { 11, 13, 132, -1, 8, 18, 21271 }, // U+FEAE
    { 8, 17, 122, -1, 12, 17, 21289 }, // U+FEAF
    { 11, 17, 132, -1, 12, 24, 21306 }, // U+FEB0
    { 25, 14, 403, 0, 9, 44, 21330 }, // U+FEB1
    { 28, 13, 423, 0, 8, 46, 21374 }, // U+FEB2
    { 16, 10, 261, 0, 9, 20, 21420 }, // U+FEB3
    { 19, 9, 283, 0, 8, 22, 21440 }, // U+FEB4
    { 25, 19, 403, 0, 14, 60, 21462 }, // U+FEB5
    { 28, 19, 423, 0, 14, 67, 21522 }, // U+FEB6
    { 16, 15, 261, 0, 14, 30, 21589 }, // U+FEB7
    { 19, 15, 283, 0, 14, 36, 21619 }, // U+FEB8
    { 27, 13, 435, 0, 8, 44, 21655 }, // U+FEB9
    { 30, 13, 451, 0, 8, 49, 21699 }, // U+FEBA
    { 18, 9, 301, 0, 8, 21, 21748 }, // U+FEBB
    { 21, 9, 316, 0, 8, 24, 21769 }, // U+FEBC
    { 27, 17, 435, 0, 12, 58, 21793 }, // U+FEBD
    { 30, 17, 451, 0, 12, 64, 21851 }, // U+FEBE
    { 18, 13, 301, 0, 12, 30, 21915 }, // U+FEBF
    { 21, 13, 316, 0, 12, 35, 21945 }, // U+FEC0
    { 16, 16, 263, 0, 15, 32, 21980 }, // U+FEC1
    { 19, 16, 277, 0, 15, 38, 22012 }, // U+FEC2
    { 14, 16, 226, 0, 15, 28, 22050 }, // U+FEC3
    { 16, 16, 237, 0, 15, 32, 22078 }, // U+FEC4
    { 16, 16, 263, 0, 15, 32, 22110 }, // U+FEC5
    { 19, 16, 277, 0, 15, 38, 22142 }, // U+FEC6
    { 14, 16, 226, 0, 15, 28, 22180 }, // U+FEC7
    { 16, 16, 237, 0, 15, 32, 22208 }, // U+FEC8
    { 13, 20, 169, 0, 11, 33, 22240 }, // U+FEC9
    { 13, 18, 177, 0, 9, 30, 22273 }, // U+FECA
    { 10, 11, 168, 0, 10, 14, 22303 }, // U+FECB
    { 12, 10, 174, 0, 9, 15, 22317 }, // U+FECC
    { 13, 24, 169, 0, 15, 39, 22332 }, // U+FECD
    { 13, 22, 177, 0, 13, 36, 22371 }, // U+FECE
    { 10, 15, 168, 0, 14, 19, 22407 }, // U+FECF
    { 12, 14, 174, 0, 13, 21, 22426 }, // U+FED0
    { 20, 16, 328, 0, 15, 40, 22447 }, // U+FED1
    { 24, 14, 366, 0, 13, 42, 22487 }, // U+FED2
    { 9, 16, 149, 0, 15, 18, 22529 }, // U+FED3
    { 12, 14, 165, 0, 13, 21, 22547 }, // U+FED4
    { 16, 17, 258, 0, 13, 34, 22568 }, // U+FED5
    { 18, 17, 269, 0, 11, 39, 22602 }, // U+FED6
    { 9, 16, 149, 0, 15, 18, 22641 }, // U+FED7
    { 12, 14, 165, 0, 13, 21, 22659 }, // U+FED8
    { 18, 16, 294, 0, 15, 36, 22680 }, // U+FED9
    { 21, 16, 307, 0, 15, 42, 22716 }, // U+FEDA
    { 9, 16, 137, 0, 15, 18, 22758 }, // U+FEDB
    { 12, 16, 169, 0, 15, 24, 22776 }, // U+FEDC
    { 14, 20, 232, 0, 15, 35, 22800 }, // U+FEDD
    { 17, 20, 243, 0, 15, 43, 22835 }, // U+FEDE
    { 5, 16, 87, 0, 15, 10, 22878 }, // U+FEDF
    { 8, 16, 100, 0, 15, 16, 22888 }, // U+FEE0
    { 10, 17, 161, 0, 8, 22, 22904 }, // U+FEE1
    { 13, 17, 187, 0, 8, 28, 22926 }, // U+FEE2
    { 10, 9, 175, 0, 8, 12, 22954 }, // U+FEE3
    { 14, 9, 193, 0, 8, 16, 22966 }, // U+FEE4
    { 14, 16, 228, 0, 11, 28, 22982 }, // U+FEE5
    { 17, 16, 243, 0, 11, 34, 23010 }, // U+FEE6
    { 5, 14, 90, 0, 13, 9, 23044 }, // U+FEE7
    { 9, 11, 114, 0, 10, 13, 23053 }, // U+FEE8
    { 8, 10, 135, 0, 10, 10, 23066 }, // U+FEE9
    { 12, 12, 162, 0, 11, 18, 23076 }, // U+FEEA
    { 12, 12, 191, 0, 11, 18, 23094 }, // U+FEEB
    { 12, 14, 169, 0, 9, 21, 23112 }, // U+FEEC
    { 9, 13, 149, 0, 8, 15, 23133 }, // U+FEED
    { 11, 13, 157, 0, 8, 18, 23148 }, // U+FEEE
    { 16, 14, 253, 0, 9, 28, 23166 }, // U+FEEF
    { 17, 9, 245, 0, 4, 20, 23194 }, // U+FEF0
    { 16, 18, 253, 0, 9, 36, 23214 }, // U+FEF1
    { 17, 13, 245, 0, 4, 28, 23250 }, // U+FEF2
    { 6, 13, 100, -1, 9, 10, 23278 }, // U+FEF3
    { 9, 10, 124, 0, 6, 12, 23288 }, // U+FEF4
    { 13, 16, 194, -2, 16, 26, 23300 }, // U+FEF5
    { 16, 17, 200, -2, 16, 34, 23326 }, // U+FEF6
    { 12, 18, 194, -1, 18, 27, 23360 }, // U+FEF7
    { 14, 19, 200, 0, 18, 34, 23387 }, // U+FEF8
    { 11, 21, 194, 0, 15, 29, 23421 }, // U+FEF9
    { 14, 21, 200, 0, 15, 37, 23450 }, // U+FEFA
    { 11, 15, 194, 0, 15, 21, 23487 }, // U+FEFB
    { 14, 16, 200, 0, 15, 28, 23508 }, // U+FEFC
};

static constexpr auto& ubuntu_10_regularIntervals = builtin_font_metadata::data_626222f7bfd6f7f7;

static constexpr auto& ubuntu_10_regularKernLeftCodepoints = builtin_font_metadata::data_5872dd0a7d420642;

static constexpr auto& ubuntu_10_regularKernLeftClassIds = builtin_font_metadata::data_29620cb0f257a460;

static constexpr auto& ubuntu_10_regularKernRightCodepoints = builtin_font_metadata::data_af7131256bdd242f;

static constexpr auto& ubuntu_10_regularKernRightClassIds = builtin_font_metadata::data_1e3ea80c9cf19936;

static constexpr auto& ubuntu_10_regularKernRowOffsets = builtin_font_metadata::data_624328b315288139;

static constexpr auto& ubuntu_10_regularKernSparseCols = builtin_font_metadata::data_cc8138b38b50d8d8;

static const int8_t ubuntu_10_regularKernSparseValues[] = {
     -26,   -8,   -8,  -41,   -8,   -8,    4,    3,   -4,  -45,   -8,  -38,  -24,  -26,  -23,   -8,
      -8,   -9,  -11,   -4,   27,  -10,  -10,  -10,  -10,   -6,    4,   -3,    5,    6,    4,  -10,
      -4,    9,  -10,  -10,  -15,    6,   -4,   -7,   -7,   -4,   -4,   -4,   -4,   -4,   -4,   -9,
     -11,   -6,   -9,  -14,   -7,   -7,   -9,   -4,   -5,   -9,   -7,   -7,   -6,   -4,   -4,   -9,
      -6,   -6,   -6,   -5,  -14,   -4,   -6,  -21,   -3,   -3,  -41,   -8,  -32,   -3,  -37,  -25,
     -21,  -24,  -10,   -5,   -8,   -6,   -6,    8,  -10,  -10,    9,  -11,  -11,    5,  -23,   -8,
     -26,  -13,    3,  -27,    6,    6,  -23,  -10,    8,    6,  -11,  -11,    3,  -39,  -14,  -27,
     -34,  -10,   -9,  -17,   -4,  -10,  -17,   -5,   -5,  -17,    5,   -4,   -7,  -11,  -14,   -7,
     -13,   -5,    5,  -10,   -6,    5,  -17,    5,   -8,  -17,   -9,   -9,  -24,   -9,   -9,   10,
      11,    7,    7,   11,    3,  -26,   10,   -9,  -21,  -20,    9,  -17,  -20,    6,   -9,   -9,
       7,    6,   -7,   11,   -4,   -4,   -4,   -4,  -28,   -4,   -7,   -4,  -13,  -28,   -4,   -4,
      -4,  -13,   -7,   -9,   -3,   -3,   -9,   -3,   -3,   -6,  -15,   -4,  -12,   -8,  -13,  -18,
     -11,  -13,  -15,   -3,   -5,   -7,   -8,  -13,   -9,   -7,  -15,  -10,   -3,   -3,  -13,   -4,
      -9,   -5,  -18,   -9,  -26,   -6,  -21,    9,    6,   -5,   11,   -6,   -6,   10,   -6,   -6,
       5,  -21,   -3,  -21,   -6,    8,  -26,    6,   -9,   -4,   -4,   -4,   -5,   -4,   -4,    4,
      -5,   -7,   -6,    9,   -5,    5,   -7,   -3,   -6,   11,   -4,  -17,  -24,  -23,    8,   -4,
      -4,   -8,   -4,   -3,   -7,   -4,   -7,   -6,   -4,   -7,   -8,  -11,   -4,   -7,   -4,   -5,
      -8,    7,  -10,    5,   -6,    7,   -7,   -7,    8,   -7,   -7,    3,    6,    6,    4,    6,
       3,   -3,   -5,   -5,   -5,   -5,   -5,   -5,   -7,   -5,   -6,    5,   -5,   -9,  -15,    7,
      -5,    4,    6,   -5,   -9,   -4,  -11,  -11,  -14,  -13,   -4,   -6,   -8,   -4,   -9,   -6,
      -6,   -8,  -14,   -5,   -4,  -14,   -5,  -10,  -14,  -10,  -10,   -7,   -4,  -11,   -5,   -7,
      -4,    4,   -5,    6,   -9,   -9,    6,   -9,   -9,   -7,   -6,  -14,   -5,   -6,   -5,   -8,
      -6,   -5,   -5,   -6,   -8,   -8,    3,   -8,   -6,   -7,   -8,    6,   -5,   -4,   -3,   -8,
     -22,  -20,   -6,    4,   -6,  -15,   -4,   -4,  -27,   -4,   -4,    5,    6,    7,   -5,  -14,
     -17,   -5,   -5,   -5,   -5,   -9,   -5,   -5,   -8,  -12,   -9,   -7,  -25,   -5,   -8,   -6,
     -34,   -3,   -8,   -3,   -6,   -6,   -3,   -3,   -3,  -12,   -3,   -5,   -6,  -11,   -6,   -6,
      -8,   -5,   -4,   -6,  -11,    5,  -16,    6,    4,   -6,   11,  -12,  -12,    9,  -12,  -12,
       6,    7,    3,    9,    7,    7,   -9,   -7,   -7,   -7,   -7,   -7,   -7,    5,   -4,   -5,
     -16,    9,   -3,    5,   -6,  -20,   12,    7,   -8,    4,    4,   -4,    5,  -42,   -3,  -46,
       8,  -23,    4,    9,  -15,  -15,    9,  -15,  -15,    5,  -38,   -6,  -33,  -15,    7,  -38,
       5,  -11,   -4,   -4,   -4,   -4,   -4,   -4,  -13,  -12,    7,   -7,    3,   -8,   -5,  -13,
       4,   10,  -28,  -40,  -39,    5,   -2,   -3,   -5,   -8,   -4,   -9,  -11,  -14,  -11,   -4,
      -6,   -8,   -3,   -9,   -6,   -5,   -8,  -14,   -5,   -3,  -14,   -4,  -10,  -13,   -9,   -9,
      -5,   -3,  -10,   -4,   -4,   -8,  -30,  -21,  -17,  -32,   -6,   -5,  -14,   -6,   -7,   -7,
     -11,   -7,   -7,   -4,    3,    3,    3,   -8,   -6,  -28,   -5,    3,  -38,   -5,   -8,   -4,
     -11,  -11,   -4,   -6,   -8,   -3,   -9,   -6,   -5,   -8,  -14,   -5,   -3,   -5,    5,  -13,
      -9,   -5,   -3,   -7,   -4,    5,    4,   -4,   -5,    9,   -4,   -4,    7,   -4,   -4,   -3,
       6,   -6,    5,  -11,    7,    3,   -6,   -5,   -7,   10,   -5,    5,   -9,    4,  -25,  -16,
     -29,  -28,    7,  -17,  -21,   -9,   -9,  -30,   -9,   -9,    8,    9,    6,    5,   10,  -11,
     -15,  -18,  -18,  -18,  -18,  -13,  -18,  -18,  -15,  -11,   -7,  -27,   -6,   -7,  -10,   -8,
     -28,  -25,  -24,    7,   10,  -26,   17,    7,    4,  -24,  -22,  -22,   -3,   -3,  -14,   -3,
      -3,   -5,   -5,  -12,   -5,   -6,   -3,   -7,  -11,   -5,   -7,    5,  -11,    5,  -25,   -3,
     -22,   -7,    8,  -13,  -21,   -6,   -6,  -32,   -2,   -6,   -6,    9,   10,    7,    6,   11,
      -9,   -8,  -15,  -15,  -15,  -15,  -10,  -15,  -15,   -5,   -8,   -1,   -8,  -14,   -4,  -27,
       4,   11,  -17,   14,   10,    4,   -9,   -8,    6,    8,  -25,    4,   -5,  -12,  -16,   -4,
       5,   -6,   -6,   -5,   -5,  -20,   -5,   -5,    6,    7,    4,    3,    8,  -12,  -10,   -7,
      -7,   -7,   -9,   -7,   -7,   -7,   -6,   -6,   -6,   -7,  -16,    6,   -9,    4,   -5,    6,
       8,  -13,   -8,   -9,    4,   -9,    3,   -9,    9,   -8,   -8,    7,   -8,   -8,    4,    6,
       6,    6,    4,  -11,   -6,   -6,   -6,   -6,   -6,   -6,   -3,   -4,  -12,    6,   -2,   -9,
     -16,    9,  -10,   -6,    3,  -14,    6,  -22,  -16,  -27,  -13,    8,  -19,  -26,  -14,  -14,
     -38,   -3,  -14,  -14,   10,   11,    8,    7,   12,    4,   -9,  -14,  -16,  -16,  -16,  -16,
     -13,  -16,  -16,   -7,  -11,   -5,   -9,   -7,  -25,  -11,  -27,   14,  -26,   13,   11,  -14,
     -13,    4,    6,  -26,   -7,    4,  -20,   -5,    6,  -12,  -12,    6,  -12,  -12,   -5,    3,
       4,   -6,  -14,   -5,   -6,   -5,   -8,   -6,   -5,   -4,   -6,   -8,   -8,    3,   -8,  -12,
      -5,  -17,    6,    3,   -5,    4,   -9,  -14,  -14,   -9,  -14,  -14,   -9,  -11,  -13,  -10,
     -12,  -12,   -9,  -14,   27,   -9,  -11,  -14,   -6,   -7,   -8,  -10,   -9,    9,  -10,  -14,
     -14,  -12,  -16,  -12,  -16,   -9,   -9,   -5,  -10,   -3,   -3,   -3,   -3,   -3,   -3,   -5,
      -3,   -3,   -3,   -3,   -3,   -7,   -4,   -7,   -6,   -9,   -8,   -7,   -9,  -10,   -5,   -4,
      -5,   -7,   -8,  -12,   -9,   -7,   -9,  -10,   -4,   -4,   -6,   -4,   -7,   -7,  -11,  -11,
       3,  -11,   -9,   -4,   -5,   -4,    4,    3,    5,    4,   -7,  -10,   13,    4,  -17,  -12,
     -14,    8,   13,    6,    6,    5,    6,   13,   -6,    3,   10,   13,   -6,   13,   10,   13,
       7,  -18,  -12,   -8,   -7,   -9,  -10,   -5,   -4,   -6,   -7,  -10,  -10,    3,   -9,    4,
      -7,   -8,   -9,   -9,   -9,  -10,  -10,   -9,    6,   -6,  -11,   -9,  -10,   -8,   -7,   -9,
     -10,   -5,   -5,   -6,   -7,   -7,   -9,  -11,   -9,   -7,   -8,  -10,  -10,   -5,   -4,   -6,
      -5,   -7,   -7,   -7,   -9,  -11,   -9,   -7,   -7,   -9,  -10,   -5,   -4,   -6,   -5,   -6,
      -7,   -7,   -9,   10,    4,  -18,  -11,  -15,  -14,   -8,   -4,    7,    6,    5,    7,   -7,
      -6,    5,  -17,    4,  -13,   -9,   -4,   -5,   -3,   -3,   -5,   -4,    6,   -7,   -9,   -4,
       3,  -12,  -11,  -13,   -9,   -5,   -5,   -5,   -4,   -5,   -5,    6,    6,    5,    6,   -6,
       4,  -12,    3,  -11,   -9,  -12,   -9,   -4,   -4,    6,    6,    5,    6,   -5,    4,  -10,
      -9,   -7,   -7,   -7,   -7,   -7,   -7,    6,   -7,  -10,   -8,  -11,   -6,   -7,   -6,   -4,
      -7,   -7,   -6,   -4,   -4,   -9,   -7,  -11,   -6,   -4,   -9,  -10,   -4,  -10,  -10,   -7,
      -8,   -6,   27,   -4,   -9,   -6,   -4,    9,  -10,  -10,   -4,   -7,  -11,   -3,   -5,   -3,
      -7,   -7,   -6,   -8,   -4,   -8,   -6,  -10,   -8,  -11,   -7,   -8,   -6,   -5,   -6,   -8,
      -7,   -6,   -8,   -9,  -10,   -8,   -5,   -8,   -8,  -28,   -4,  -10,   -7,  -16,   -4,  -26,
      -4,  -11,  -26,  -11,   -7,  -14,   -7,  -29,  -15,   -7,  -17,  -26,  -14,  -15,  -29,   -8,
     -12,  -12,  -18,   -7,  -11,  -19,  -13,  -17,   -5,  -14,   -8,  -26,   -3,  -13,  -15,  -12,
     -12,  -21,  -12,  -12,  -10,  -37,  -15,  -16,  -13,  -23,  -22,  -23,  -24,   -5,  -11,  -13,
     -20,  -14,  -11,   -9,  -19,  -15,   -7,  -14,  -14,  -16,   -5,  -14,   -5,   -9,  -16,  -14,
      -8,   -8,   -5,  -19,  -13,   -9,  -11,   -7,   -7,   -9,   -8,   -9,   -7,  -11,   -7,  -10,
     -10,   -7,    5,    4,    4,  -13,   -9,   -7,   -7,   -9,  -10,   -5,   -4,   -6,   -5,   -6,
      -7,  -12,  -12,    6,   20,   -4,   -4,   -4,   15,   30,   23,   -4,    5,   -4,   -4,   -4,
      -4,    3,    3,    5,   -4,   -4,   -4,   -4,    3,   -4,   23,   23,   31,   37,   37,   37,
      29,    7,    6,   -4,  -14,   -7,   -8,   -5,   -4,  -11,  -11,   -5,   -8,   -7,   -5,   -8,
     -11,   -8,  -12,  -21,  -10,   -5,   -5,   -7,   -4,   -4,   -4,   -4,   -4,  -19,   -4,   -4,
      -4,   -4,   -4,   -4,   -4,   -4,   -6,   -5,   -7,   -4,   -5,   -5,   -7,   -4,    4,   -5,
      -6,  -14,   -6,   -7,   -8,   -9,    5,    6,   -9,   -9,   -5,   -5,   -6,   -5,   -5,   -8,
      -6,    3,   -6,   -5,   -5,   -8,   -4,   -8,   -6,   -6,   -4,   -4,  -12,   -6,  -10,   -4,
       5,   -5,   -4,   -4,   -6,  -14,   -9,   -4,   -6,   -6,   -7,   -6,   -6,   -3,  -11,   -5,
      -5,  -11,  -11,   -3,   -5,   -6,   -3,  -10,   -3,   -9,    4,  -25,  -16,  -29,  -28,    7,
     -17,  -11,   -8,  -28,  -25,    8,   -9,  -37,  -22,    7,  -21,  -21,   -9,   -9,    5,    6,
     -32,  -30,  -31,  -38,  -38,  -25,  -27,  -38,  -35,  -38,  -31,  -38,  -21,  -21,  -26,  -22,
     -25,  -31,  -21,  -26,  -37,    9,  -38,  -35,   14,    9,  -25,   -7,  -40,  -21,  -31,  -32,
     -32,  -44,  -21,  -37,  -22,   -8,    7,  -10,    5,   -6,   -3,   -9,  -15,    6,   -7,    7,
       6,    7,    6,   -7,   -7,    4,   -5,    6,   -5,    5,    6,   -5,   -5,  -11,   -5,   -5,
       5,  -16,  -11,    7,    7,  -10,   -3,    6,   -5,  -17,   -4,  -12,    4,    6,   -4,   -6,
     -15,   -5,  -11,   -8,   -5,   -7,   -5,  -25,   -6,   -7,  -12,  -10,   -4,   -6,  -17,  -12,
     -17,   -4,   -4,   -5,  -10,   -4,  -12,   -8,  -12,   -5,   -6,   -6,   -6,   -5,  -12,   -4,
      -4,   -7,   -4,   -7,   -3,  -13,   -6,  -11,    5,  -16,    6,    4,   -6,   -9,   -6,  -20,
       6,  -12,    8,    8,   11,    9,    8,    5,  -12,  -12,    9,    7,    6,   -8,    9,   -6,
       9,    8,   -6,   -6,  -13,  -16,   -9,    9,  -20,   -8,    6,    6,    7,   -6,    5,    7,
      -8,  -14,   -7,  -16,  -13,  -20,   -6,   -5,    6,  -17,    5,    5,  -11,    5,  -25,   -3,
     -22,   -7,    8,  -13,   -9,   -8,  -14,   -4,    9,   -6,  -27,  -21,    8,  -21,  -20,    5,
      -2,   -6,   -6,    6,    6,   -9,   -6,   -6,   -6,  -21,  -13,  -21,  -10,  -13,   -6,  -13,
     -13,   -6,  -10,   11,  -13,   -6,   14,   11,   -7,  -13,   -9,   -8,    6,    8,  -25,  -26,
      -6,  -21,    9,    6,   -5,   -9,   -7,   -3,   -6,  -21,   -6,    5,    9,    8,   11,    9,
       7,    5,   -6,   -6,    8,  -17,    7,    5,   -5,    9,   -4,    9,    8,   -4,   -4,  -13,
      -5,   -4,    9,   -9,   -8,    6,    6,    5,   -8,   -8,  -26,   -7,  -12,   -6,   -5,    6,
     -12,  -24,  -23,    8,   -4,   -4,   -8,   -4,   -3,   -7,   -4,   -7,   -4,  -11,   -7,   -4,
      -6,   -3,   -7,   -6,   -5,   -4,   -3,   -8,   -4,   -4,   -4,    9,   -6,    6,   14,    8,
      -5,    8,   -5,   -6,    8,    7,    8,    7,    6,    5,   -6,   -9,    6,   -9,    6,    7,
       7,    7,   10,    7,   -6,    5,   22,   -8,   -3,    6,   10,   -4,   -4,   -9,   -5,   -4,
      -4,   -4,  -13,   -9,   -3,   -5,   -4,   -5,   -5,   -5,   -3,   -5,   -5,   -7,   -5,   -4,
      -4,   -4,  -11,   -8,   -2,   -3,   -4,   -3,   -5,   -8,   -4,   -9,  -11,    5,  -14,  -11,
      -4,   -3,  -14,  -10,   -9,   -8,   -8,  -12,   -6,   -7,  -16,  -10,   -8,  -10,   -4,   -8,
      -3,   -4,   -9,   -4,   -4,   -4,   -5,  -14,   -4,   -9,   -4,   -5,   -3,  -10,   -4,   -4,
      -8,  -30,  -21,   -5,  -14,   -8,   -6,  -31,  -24,  -17,  -23,   -9,   -5,   -6,   -6,  -15,
     -16,   -4,    3,    5,    3,    5,   -4,    3,  -38,   -9,    4,  -25,  -16,  -29,  -28,    7,
     -17,  -11,   -8,  -28,  -25,    8,   -9,  -22,  -22,    7,  -21,  -21,   -9,   -9,    5,    6,
     -15,  -25,  -25,  -23,  -18,  -23,  -27,  -23,  -25,  -18,  -13,  -18,  -21,   -7,  -18,   -6,
     -25,  -25,  -21,  -26,  -25,    9,  -26,  -26,   14,    9,  -23,   -7,  -26,   10,   -7,  -22,
     -27,  -27,  -45,  -21,  -38,  -22,   -5,   -8,   -4,   -9,  -11,  -14,  -11,   -4,   -3,  -14,
     -10,   -9,  -18,  -19,  -12,   -6,  -18,  -20,  -15,   -8,  -13,   -6,   -5,   -4,  -13,   -4,
      -3,  -14,   -6,   -5,   -4,   -5,   -5,   -5,   -5,   -5,   -5,   -6,   -3,  -19,   -3,   -5,
      -3,  -10,   -8,   -9,    4,   -9,    3,   -9,  -11,   -9,  -16,    4,   -8,    9,   -8,   -8,
       6,   -9,    7,   -6,    7,    6,   -6,   -6,  -10,   -2,   -6,    6,  -15,  -10,    6,   -7,
       6,   -9,   -8,    6,   -4,  -16,   -6,  -11,    3,   -4,    9,   -6,    6,   14,    8,   -5,
       8,   -5,   -6,    8,    7,    8,    7,    6,    5,   -6,   -9,    6,   -9,    6,    7,    7,
       7,   10,    7,   -6,    5,   23,   -8,   -3,    6,   10,   -5,   -8,   -4,   -9,  -11,    5,
     -14,  -11,   -4,   -3,  -14,  -10,   -9,   -7,   -7,  -11,   -6,   -6,  -15,  -10,   -8,   -9,
      -8,   -4,   -9,   -4,   -4,   -5,   -4,   -9,   -4,   -5,   -3,  -10,   -9,   -8,   -7,   -9,
     -10,   -7,   -5,   -5,   -8,   -4,   -8,   -4,   -6,   -6,    6,   -7,   -6,   -6,   -7,   -5,
      -4,   -5,   -5,  -12,   -8,   -5,   -7,   -9,   -6,   -5,  -26,  -19,  -15,  -17,   -9,   -6,
      -4,   -7,  -15,  -12,    7,    7,    6,    7,    8,    7,    7,    7,  -10,    8,   11,    8,
       8,    7,    7,    7,    8,   -4,    7,   -4,   10,   -9,   -9,   -6,   -4,    5,   -4,   -4,
     -10,   -4,  -10,   -7,   -4,   -4,   -4,   -4,   -4,   -8,   -4,   -6,   -9,    4,   -7,   -8,
      -6,  -11,    8,   -9,    8,    7,  -10,   -9,  -10,    6,    5,   -7,   -8,   -4,  -12,   -8,
      -6,   -8,  -11,   -7,   -5,   -9,    4,   -7,   -8,   -6,  -11,    8,   -9,    8,    7,  -10,
      -9,  -10,    6,    5,   -8,   -8,  -11,   -9,   -7,   -7,    6,   -8,   -6,  -10,  -10,   -7,
      -8,   -6,   -5,   -6,   -4,   -5,   -6,   -6,   -7,   -9,  -11,   -4,   -9,   -7,   -6,    6,
      -7,   -6,   -9,   -6,  -10,   -7,   -7,   -5,   -5,   -6,   -4,   -5,   -5,   -5,   -7,   -9,
       3,  -11,   -9,   -7,   -4,  -10,    7,    7,    6,   -4,    5,    4,   -4,    5,    5,    4,
      -4,  -17,  -10,  -15,  -16,   -8,   -6,   -4,   -6,  -12,  -12,    7,    7,    6,    7,    8,
       7,    7,    7,   -5,   -7,  -10,  -11,   -9,   -4,   -8,   -4,   -9,   -4,   -4,    7,    6,
      -4,    4,    7,    6,    6,    6,    4,  -10,   -7,  -11,   -9,   -7,   -8,    6,   -8,   -7,
     -10,   -6,  -10,   -7,   -9,   -7,   -4,   -5,   -6,   -5,   -4,   -7,   -4,   -7,   -7,   -9,
      -5,   -5,   -4,   -4,   -9,   -7,   -4,  -10,    7,   -7,    7,    6,   -7,   -7,   -7,    6,
      -5,   -5,  -10,    8,   11,    8,    8,    7,    7,    7,    8,   -4,    7,   -4,   28,   10,
     -27,   -8,  -17,   -6,  -11,   -6,  -16,   -6,  -11,   -6,   -7,  -11,   -9,   -7,   -6,    6,
      -8,   -5,  -10,  -10,   -7,   -7,   -5,   -5,   -6,   -4,   -5,   -5,   -7,   -9,  -11,   -9,
      -7,   -7,    6,   -8,   -6,  -10,  -10,   -7,   -8,   -6,   -5,   -6,   -4,   -6,   -6,   -7,
      -9,  -19,   -6,   -8,  -10,   -4,   -4,   -4,   -6,   -4,   -6,   -5,   -5,   -4,   -4,  -11,
      -8,   -6,  -10,   -4,   -4,   -4,   -5,   -4,   -4,   -8,   -9,   -6,  -12,   -4,   -7,  -19,
      -6,   -8,   -8,  -10,   -4,   -4,  -14,  -11,   -4,   -4,  -25,   -8,  -17,   -6,  -11,   -6,
     -13,   -6,  -10,   -6,   -7,   -6,    7,  -22,  -23,  -16,   12,  -13,    8,    8,  -30,  -15,
      13,   -6,  -17,   11,  -23,  -17,    7,    6,   -6,  -10,    8,    6,   11,  -18,  -15,  -17,
     -35,  -29,  -11,  -13,  -32,  -21,  -29,  -17,  -30,   -6,   -6,  -26,   -8,  -12,  -17,   -6,
     -12,  -25,   15,  -29,  -21,   15,  -11,   -7,  -30,   -6,  -17,  -18,  -19,  -13,    6,   -7,
     -13,    7,  -26,   -7,  -15,  -12,   -5,   -5,    6,   -9,    7,   -9,   11,   11,   10,    6,
      11,    6,   10,   11,    8,   10,  -14,   -4,   -6,   -5,   -6,  -32,  -22,   -4,    5,  -17,
      -5,  -11,   -9,   -5,   -6,  -19,   -4,   -6,  -11,    6,   -5,  -11,   -7,  -21,   -6,   -5,
      -6,  -11,   -5,  -13,   -7,  -12,   -4,   -7,   -6,  -10,   -7,   -7,   -3,   -6,   -5,   -6,
      -5,   -5,   -5,    9,   -5,   -5,   -7,   -7,   -7,  -22,  -10,   -4,   -4,  -10,   -5,   -5,
     -11,   -5,  -11,   -5,  -14,    6,  -22,  -16,  -27,  -13,    8,  -19,   -9,   -7,  -25,  -11,
      10,  -14,  -26,   -3,  -14,    7,  -14,   -9,  -11,  -12,  -25,  -16,   -6,   -8,  -25,  -16,
     -16,  -13,  -16,  -23,   -5,   -7,  -12,   -7,  -18,   11,  -22,  -14,   11,   -4,  -22,   12,
      -9,  -14,  -14,   -8,   -8,    4,    6,  -26,   -4,    3,  -12,  -11,  -13,   -9,   -4,   -9,
      -5,  -12,   -5,   -5,    7,    6,    5,    7,    6,    6,    7,    4,  -12,   -4,  -29,   -5,
      -6,   -9,   -9,   -6,  -16,  -11,  -27,   -7,   -4,  -19,   -6,   -8,   -8,  -10,   -4,   -5,
     -15,  -12,   -4,   -4,   -6,   -4,  -11,   -6,   -7,   -6,   -6,  -15,  -10,   -7,   -4,   -4,
      -4,   -3,   -6,   -4,   -5,   -5,   -5,   -6,   -5,   -3,  -15,  -10,   -6,   -4,    5,   -4,
      -4,  -11,   -4,  -13,   -9,   -4,   -4,   -4,   -4,   -4,   -6,   -5,   -8,   -4,   -8,   -4,
      -4,  -14,  -10,   -6,   -5,    5,   -4,   -4,  -10,   -4,  -13,   -9,   -4,   -4,   -4,   -5,
      -8,   -4,   -9,  -11,    5,  -14,  -11,   -4,   -3,  -14,  -10,   -9,   -6,   -8,   -4,   -7,
      -4,   -8,   -4,   -4,   -4,  -14,   -4,   -4,   -5,   -3,  -10,  -11,   -9,   -7,   -6,    6,
      -8,   -5,  -10,  -10,   -7,   -7,   -6,   -5,   -6,   -4,   -5,   -6,   -6,   -7,   -9,   -4,
      -6,   -4,   -5,   -4,   -5,  -14,   -5,   -4,   -6,   -5,  -11,   -7,   -4,  -11,   -4,   -4,
      -4,   -4,   -9,   -4,   -7,   -8,  -10,   -7,   -6,   -5,   -4,   -7,   -8,   -4,   -4,   -4,
      -7,   -2,   -2,   -7,   -3,   -7,   -4,   -6,  -11,  -11,   -8,    1,   -6,  -11,   -4,   -5,
      -7,   -8,  -13,   -7,   -6,  -17,  -12,   -8,   -4,  -11,  -17,  -12,  -12,   -2,   -5,   -3,
      -2,   -7,   -4,   -6,   -4,   -7,   -6,   -2,   -4,   -7,   -6,   -6,   -4,  -21,   -7,   -2,
      -2,   -2,  -10,   -2,   -2,   -8,   -7,   -7,   -6,   -4,   -5,   -5,   -9,   -9,  -13,   -1,
      -6,  -10,   -9,   -6,  -12,   -5,    6,   -2,   -7,   -4,   -7,   -7,   -9,   -5,   -5,   -8,
      -1,  -10,   -1,   -1,  -10,   -4,   -4,   -2,   -8,   -2,   -7,   -2,   -2,   -9,   -1,   -2,
      -4,   -8,   -6,   -7,   -8,  -11,   -9,  -13,   -7,   -5,   -6,   -2,   -4,  -10,   -4,   -7,
      -7,   -8,   -1,   -8,   -2,   -4,   -2,   -2,  -15,  -17,   -5,   -6,   -1,  -11,  -13,  -13,
      -8,   -7,  -25,   -7,   -7,  -38,   -7,   -7,    6,    6,    4,  -44,   -7,  -25,   -7,   -7,
       4,    9,   -8,   -8,    9,   -9,  -10,    5,  -22,   -6,  -25,  -11,    4,  -26,    7,    7,
     -22,   -8,    9,   -9,   -9,    4,  -26,  -13,   -8,  -10,
};

static constexpr auto& ubuntu_10_regularLigaturePairs = builtin_font_metadata::data_eec36962daa84f91;

static const EpdFontData ubuntu_10_regular = {
    ubuntu_10_regularBitmaps,
    ubuntu_10_regularGlyphs,
    ubuntu_10_regularIntervals,
    70,
    24,
    20,
    -4,
    false,
    nullptr,
    0,
    nullptr,
    nullptr,  // kernLeftClasses: built-in fonts use the split arrays below
    nullptr,  // kernRightClasses
    ubuntu_10_regularKernLeftCodepoints,
    ubuntu_10_regularKernLeftClassIds,
    ubuntu_10_regularKernRightCodepoints,
    ubuntu_10_regularKernRightClassIds,
    nullptr,  // kernMatrix: built-in fonts use the sparse form below
    ubuntu_10_regularKernRowOffsets,
    ubuntu_10_regularKernSparseCols,
    ubuntu_10_regularKernSparseValues,
    440,
    513,
    152,
    161,
    ubuntu_10_regularLigaturePairs,
    5,
};
